Chunk_Index,Chunk_Start_Time,Sim_RMSE_Omega,Sim_RMSE_Theta,Sim_RMSE_Total,Eq_Theta,Eq_Omega,Coeff_Const,Coeff_Theta,Coeff_Omega,Coeff_Theta2,Coeff_ThetaOmega,Coeff_Omega2,Coeff_Theta3,Coeff_Theta2Omega,Coeff_ThetaOmega2,Coeff_Omega3
104000,2025-08-21 09:00:00,nan,nan,nan,0.005 1 + 1.132 omega + 0.012 theta omega + 0.749 omega^2 + 0.074 theta omega^2 + -0.011 omega^3,0.006 1 + 0.129 omega + 0.023 theta omega + -0.353 omega^2 + -0.001 theta^2 omega + 0.235 theta omega^2 + -12.022 omega^3,5.8944816608e-03,3.2774450215e-04,1.2935802411e-01,-8.0680396560e-05,2.3450620042e-02,-3.5349725695e-01,0.0000000000e+00,-9.2560317594e-04,2.3531695501e-01,-1.2021896351e+01
104001,2025-08-21 09:05:00,nan,nan,nan,-0.001 1 + 0.941 omega + -0.005 theta omega + -1.098 omega^2 + 0.005 theta^2 omega + -0.446 theta omega^2 + 2.638 omega^3,-0.002 1 + -0.001 theta + -0.106 omega + -0.005 theta omega + -2.138 omega^2 + 0.010 theta^2 omega + -0.877 theta omega^2 + 5.071 omega^3,-1.8536287965e-03,-6.5356084835e-04,-1.0587284369e-01,-2.0352657728e-04,-4.8105380700e-03,-2.1382680598e+00,-4.9451355754e-05,1.0056331922e-02,-8.7708055505e-01,5.0710559194e+00
104002,2025-08-21 09:10:00,nan,nan,nan,0.005 1 + 0.002 theta + 1.090 omega + 0.020 theta omega + 0.818 omega^2 + 0.001 theta^2 omega + -0.006 theta omega^2 + 6.547 omega^3,0.012 1 + 0.004 theta + 0.245 omega + 0.039 theta omega + 2.290 omega^2 + 0.001 theta^2 omega + 0.016 theta omega^2 + 12.876 omega^3,1.1735409402e-02,3.7101303366e-03,2.4463402710e-01,1.7143389782e-04,3.9121949922e-02,2.2898671656e+00,1.5188163899e-06,1.3377017537e-03,1.6165448410e-02,1.2876214983e+01
104003,2025-08-21 09:15:00,0.020678,2.787739,1.971283,-0.003 1 + 0.001 theta + 0.789 omega + 0.018 theta omega + -3.948 omega^2 + 0.061 theta omega^2 + -19.590 omega^3,-0.006 1 + 0.002 theta + -0.449 omega + 0.047 theta omega + -9.045 omega^2 + 0.317 theta omega^2 + -52.482 omega^3,-5.7362536765e-03,1.6597094282e-03,-4.4860920151e-01,-1.9373947361e-05,4.7024721157e-02,-9.0453634791e+00,0.0000000000e+00,-2.2846519986e-04,3.1680615904e-01,-5.2481581733e+01
104004,2025-08-21 09:20:00,0.012870,0.437595,0.309560,-0.005 1 + 0.678 omega + -0.032 theta omega + -4.483 omega^2 + -0.336 theta omega^2 + -17.321 omega^3,-0.020 1 + -0.004 theta + -0.705 omega + -0.090 theta omega + -7.389 omega^2 + -0.002 theta^2 omega + -0.590 theta omega^2 + -22.258 omega^3,-1.9850415326e-02,-3.5301623383e-03,-7.0460100165e-01,-1.4819602097e-04,-9.0114898056e-02,-7.3892408636e+00,0.0000000000e+00,-1.8058398574e-03,-5.9045909864e-01,-2.2258120509e+01
104005,2025-08-21 09:25:00,nan,nan,nan,-0.004 1 + -0.001 theta + 0.929 omega + -0.024 theta omega + 0.643 omega^2 + -0.161 theta omega^2 + 9.206 omega^3,-0.007 1 + -0.001 theta + -0.205 omega + -0.038 theta omega + -0.195 omega^2 + 0.001 theta^2 omega + -0.282 theta omega^2 + 10.089 omega^3,-7.1544656386e-03,-8.2267045798e-04,-2.0466033823e-01,5.9095320438e-05,-3.8149762847e-02,-1.9509476989e-01,0.0000000000e+00,6.0438058039e-04,-2.8214201358e-01,1.0088980903e+01
104006,2025-08-21 09:30:00,0.016164,1.188079,0.840177,0.052 1 + 0.001 theta + 1.398 omega + 0.015 theta omega + -0.726 omega^2 + 0.025 theta omega^2 + -6.902 omega^3,0.109 1 + 0.002 theta + 0.877 omega + 0.032 theta omega + -1.027 omega^2 + 0.057 theta omega^2 + -13.042 omega^3,1.0912643516e-01,2.4759114617e-03,8.7672653617e-01,-1.2155419707e-04,3.2424954471e-02,-1.0274924504e+00,-2.6778718133e-06,-1.0127283070e-04,5.7080312462e-02,-1.3041563975e+01
104007,2025-08-21 09:35:00,nan,nan,nan,0.011 1 + 0.003 theta + 1.157 omega + 0.046 theta omega + 0.664 omega^2 + 0.001 theta^2 omega + 0.098 theta omega^2 + 5.075 omega^3,0.021 1 + 0.006 theta + 0.314 omega + 0.093 theta omega + 1.322 omega^2 + 0.002 theta^2 omega + 0.199 theta omega^2 + 9.921 omega^3,2.1280228143e-02,6.3962095279e-03,3.1417004774e-01,1.5969699116e-04,9.2559227656e-02,1.3223888959e+00,1.0545698872e-06,1.6554879926e-03,1.9928894610e-01,9.9212700251e+00
104008,2025-08-21 09:40:00,nan,nan,nan,0.041 1 + 0.002 theta + 1.690 omega + 0.037 theta omega + 2.892 omega^2 + 0.178 theta omega^2 + -0.578 omega^3,0.150 1 + -0.002 theta + 3.936 omega + -0.046 theta omega + 35.326 omega^2 + -0.246 theta omega^2 + 107.604 omega^3,1.4951617818e-01,-1.8725387954e-03,3.9358824190e+00,4.1002311463e-05,-4.5819031390e-02,3.5325860065e+01,0.0000000000e+00,3.2220674244e-04,-2.4590687295e-01,1.0760432682e+02
104009,2025-08-21 09:45:00,0.012103,0.433754,0.306830,-0.001 1 + -0.001 theta + 1.012 omega + -0.001 theta omega + 0.256 omega^2 + 0.014 theta omega^2 + 0.596 omega^3,-0.001 1 + -0.001 theta + 0.031 omega + -0.002 theta omega + 0.510 omega^2 + 0.029 theta omega^2 + 1.177 omega^3,-8.8893965840e-04,-1.2182580171e-03,3.1064560998e-02,-1.7258141841e-04,-1.9225905823e-03,5.1012209014e-01,-6.3650391019e-06,-2.8793223812e-04,2.9408769049e-02,1.1768524094e+00
104010,2025-08-21 09:50:00,nan,nan,nan,0.001 1 + 0.001 theta + 0.936 omega + -0.001 theta^2 + 0.029 theta omega + 0.068 omega^2 + -0.003 theta^2 omega + -0.038 theta omega^2 + 2.463 omega^3,0.003 1 + 0.002 theta + -0.126 omega + -0.001 theta^2 + 0.056 theta omega + 0.157 omega^2 + -0.006 theta^2 omega + -0.083 theta omega^2 + 5.004 omega^3,2.8303748276e-03,1.9901845808e-03,-1.2600550083e-01,-1.3527031804e-03,5.6295082756e-02,1.5684446042e-01,1.3862756948e-04,-5.6707907903e-03,-8.3132831330e-02,5.0035472210e+00
104011,2025-08-21 09:55:00,0.058776,2.589134,1.831266,0.001 1 + 0.984 omega + 0.016 theta omega + -0.329 omega^2 + -0.003 theta^2 omega + 0.147 theta omega^2 + 0.579 omega^3,0.002 1 + -0.030 omega + -0.001 theta^2 + 0.031 theta omega + -0.626 omega^2 + -0.007 theta^2 omega + 0.289 theta omega^2 + 0.810 omega^3,1.6487071964e-03,2.3535885592e-04,-2.9829042095e-02,-5.8438567912e-04,3.1364607130e-02,-6.2560079837e-01,6.3350324972e-05,-6.9486776583e-03,2.8882341558e-01,8.0957355258e-01
104012,2025-08-21 10:00:00,nan,nan,nan,0.001 theta + 1.028 omega + 0.011 theta omega + 0.545 omega^2 + 0.001 theta^2 omega + 0.042 theta omega^2 + 2.310 omega^3,0.001 1 + 0.003 theta + 0.066 omega + 0.001 theta^2 + 0.024 theta omega + 1.144 omega^2 + 0.002 theta^2 omega + 0.090 theta omega^2 + 4.769 omega^3,1.2997258610e-03,3.1739850066e-03,6.6355080651e-02,5.3776321554e-04,2.4036209706e-02,1.1439016169e+00,2.1138714929e-05,1.5951397787e-03,8.9937596377e-02,4.7693869522e+00
104013,2025-08-21 10:05:00,0.016858,0.666136,0.471180,0.001 1 + -0.001 theta + 1.030 omega + -0.012 theta omega + -0.173 omega^2 + -0.001 theta^2 omega + 0.048 theta omega^2 + -5.459 omega^3,0.001 1 + -0.003 theta + 0.061 omega + -0.023 theta omega + -0.306 omega^2 + -0.002 theta^2 omega + 0.091 theta omega^2 + -10.508 omega^3,1.0481367093e-03,-2.7352183482e-03,6.0914415604e-02,-2.1712598451e-04,-2.3232180968e-02,-3.0552051257e-01,-1.9706149558e-06,-1.9407993197e-03,9.1241585781e-02,-1.0508280993e+01
104014,2025-08-21 10:10:00,nan,nan,nan,0.005 1 + 1.086 omega + 0.001 theta omega + 0.508 omega^2 + -0.002 theta omega^2 + 1.685 omega^3,0.009 1 + -0.001 theta + 0.161 omega + 0.001 theta omega + 0.920 omega^2 + -0.001 theta^2 omega + -0.009 theta omega^2 + 3.095 omega^3,8.9696907354e-03,-1.0238099109e-03,1.6107719071e-01,-3.8268688402e-04,8.6541130798e-04,9.2025763620e-01,-1.8406255459e-05,-7.2795250486e-04,-9.4777853064e-03,3.0948046457e+00
104015,2025-08-21 10:15:00,0.087664,3.637247,2.572669,0.024 1 + -0.012 theta + 0.693 omega + 0.002 theta^2 + 0.101 theta omega + 0.889 omega^2 + -0.007 theta^2 omega + -0.157 theta omega^2 + -4.457 omega^3,0.047 1 + -0.023 theta + -0.611 omega + 0.004 theta^2 + 0.202 theta omega + 1.740 omega^2 + -0.014 theta^2 omega + -0.314 theta omega^2 + -8.486 omega^3,4.6888447312e-02,-2.2942075616e-02,-6.1089521455e-01,3.5442605754e-03,2.0187105048e-01,1.7395547017e+00,-1.7346730194e-04,-1.4219227636e-02,-3.1423230162e-01,-8.4857128101e+00
104016,2025-08-21 10:20:00,0.009544,0.534479,0.377994,-0.001 1 + 1.028 omega + 0.006 theta omega + 0.384 omega^2 + 0.036 theta omega^2 + 0.400 omega^3,-0.002 1 + 0.056 omega + 0.013 theta omega + 0.760 omega^2 + 0.001 theta^2 omega + 0.073 theta omega^2 + 0.792 omega^3,-1.7575641433e-03,3.3190667976e-04,5.5809809095e-02,7.1812034919e-05,1.2964780854e-02,7.5994792490e-01,2.0598136133e-06,6.8015420003e-04,7.2606653421e-02,7.9220012467e-01
104017,2025-08-21 10:25:00,0.039314,3.706366,2.620944,0.003 1 + -0.002 theta + 0.889 omega + 0.059 theta omega + 0.704 omega^2 + -0.003 theta^2 omega + -0.301 theta omega^2 + 0.358 omega^3,0.007 1 + -0.004 theta + -0.218 omega + 0.118 theta omega + 1.358 omega^2 + -0.006 theta^2 omega + -0.607 theta omega^2 + 1.115 omega^3,6.6016222027e-03,-3.8537817491e-03,-2.1808454612e-01,1.4872087985e-04,1.1819786000e-01,1.3576932964e+00,1.1046090907e-05,-5.9515184024e-03,-6.0713256942e-01,1.1148195217e+00
104018,2025-08-21 10:30:00,1.393864,31.909050,22.584622,-0.024 1 + 1.435 omega + -0.016 theta omega + -1.483 omega^2 + 0.097 theta omega^2 + -2.978 omega^3,-0.050 1 + 0.001 theta + 0.907 omega + -0.032 theta omega + -3.227 omega^2 + 0.197 theta omega^2 + -5.145 omega^3,-5.0483979564e-02,7.3923698953e-04,9.0675423788e-01,5.8106469145e-05,-3.2313130277e-02,-3.2269318442e+00,0.0000000000e+00,-4.2866962933e-04,1.9710619657e-01,-5.1447485408e+00
104019,2025-08-21 10:35:00,nan,nan,nan,0.001 1 + -0.002 theta + 0.986 omega + 0.001 theta^2 + 0.011 theta omega + -0.417 omega^2 + -0.001 theta^2 omega + -0.014 theta omega^2 + 4.852 omega^3,-0.003 theta + -0.012 omega + 0.001 theta^2 + 0.016 theta omega + -0.902 omega^2 + -0.002 theta^2 omega + -0.021 theta omega^2 + 10.065 omega^3,-4.0600354530e-04,-3.3946862192e-03,-1.2065354359e-02,1.1344139634e-03,1.6333074739e-02,-9.0217962390e-01,-8.5180987271e-05,-2.0498694588e-03,-2.0956177721e-02,1.0065121078e+01
104020,2025-08-21 10:40:00,0.031563,1.115321,0.788967,-0.001 1 + -0.001 theta + 0.996 omega + -0.019 theta omega + 0.701 omega^2 + 0.099 theta omega^2 + -5.238 omega^3,-0.001 1 + -0.001 theta + -0.006 omega + 0.001 theta^2 + -0.039 theta omega + 1.376 omega^2 + 0.001 theta^2 omega + 0.207 theta omega^2 + -10.443 omega^3,-1.2725830097e-03,-1.0833043345e-03,-5.5911352025e-03,9.6482837855e-04,-3.9112501676e-02,1.3763677025e+00,-9.6914670316e-05,5.0346617405e-04,2.0701558774e-01,-1.0443420700e+01
104021,2025-08-21 10:45:00,nan,nan,nan,0.002 theta + 0.919 omega + -0.002 theta^2 + 0.100 theta omega + 1.543 omega^2 + 0.001 theta^3 + -0.031 theta^2 omega + -0.450 theta omega^2 + 2.524 omega^3,-0.001 1 + 0.005 theta + -0.154 omega + -0.005 theta^2 + 0.196 theta omega + 2.977 omega^2 + 0.001 theta^3 + -0.062 theta^2 omega + -0.835 theta omega^2 + 4.702 omega^3,-5.7296527178e-04,4.6889494726e-03,-1.5399456887e-01,-5.0238041653e-03,1.9604993008e-01,2.9765487756e+00,1.1462016482e-03,-6.1564896289e-02,-8.3498345124e-01,4.7020339551e+00
104022,2025-08-21 10:50:00,nan,nan,nan,0.001 1 + -0.001 theta + 1.006 omega + 0.002 theta omega + -0.246 omega^2 + -0.001 theta^2 omega + 0.016 theta omega^2 + 1.850 omega^3,0.001 1 + -0.002 theta + 0.014 omega + 0.001 theta^2 + 0.003 theta omega + -0.498 omega^2 + -0.001 theta^2 omega + 0.049 theta omega^2 + 3.717 omega^3,1.0646138116e-03,-1.8301012572e-03,1.4204172190e-02,5.7183601589e-04,2.5013290050e-03,-4.9828377188e-01,-4.4356487643e-05,-1.2713710778e-03,4.8704372810e-02,3.7169112475e+00
104023,2025-08-21 10:55:00,nan,nan,nan,0.001 1 + -0.002 theta + 1.008 omega + -0.030 theta omega + -0.173 omega^2 + 0.001 theta^3 + 0.024 theta^2 omega + 0.513 theta omega^2 + -2.227 omega^3,0.002 1 + -0.005 theta + 0.019 omega + -0.001 theta^2 + -0.057 theta omega + -0.348 omega^2 + 0.001 theta^3 + 0.046 theta^2 omega + 1.005 theta omega^2 + -4.889 omega^3,1.9621996922e-03,-4.9544685268e-03,1.8975794784e-02,-7.9612969241e-04,-5.7277524061e-02,-3.4810314949e-01,1.1693296152e-03,4.6017124835e-02,1.0054798233e+00,-4.8890371347e+00
104024,2025-08-21 11:00:00,nan,nan,nan,0.001 1 + 0.992 omega + -0.003 theta omega + 0.168 omega^2 + 0.001 theta^2 omega + -0.328 theta omega^2 + 11.828 omega^3,0.001 1 + -0.001 theta + -0.018 omega + -0.004 theta omega + 0.311 omega^2 + 0.002 theta^2 omega + -0.654 theta omega^2 + 23.727 omega^3,1.2307991297e-03,-6.4411136377e-04,-1.7579194715e-02,-4.6725942399e-04,-4.4726227666e-03,3.1089410582e-01,-7.6940063033e-06,2.2207709714e-03,-6.5369496490e-01,2.3727447045e+01
104025,2025-08-21 11:05:00,0.028408,0.757434,0.535963,-0.007 1 + -0.003 theta + 0.838 omega + -0.001 theta^2 + -0.072 theta omega + -0.028 omega^2 + -0.008 theta^2 omega + -0.066 theta omega^2 + 1.339 omega^3,-0.013 1 + -0.007 theta + -0.305 omega + -0.001 theta^2 + -0.137 theta omega + 0.073 omega^2 + -0.015 theta^2 omega + -0.119 theta omega^2 + 3.031 omega^3,-1.3390820326e-02,-6.5746410821e-03,-3.0474241268e-01,-1.3290183392e-03,-1.3704233563e-01,7.2967600998e-02,-1.0634655522e-04,-1.5110640996e-02,-1.1926687771e-01,3.0312554780e+00
104026,2025-08-21 11:10:00,0.040178,1.999721,1.414301,-0.001 1 + -0.001 theta + 1.031 omega + 0.002 theta omega + 0.386 omega^2 + 0.055 theta omega^2 + -0.071 omega^3,-0.001 1 + -0.001 theta + 0.060 omega + 0.005 theta omega + 0.694 omega^2 + 0.106 theta omega^2 + -0.476 omega^3,-1.2343741464e-03,-1.3856694159e-03,6.0185396558e-02,-2.1658021478e-04,4.5535467323e-03,6.9394221483e-01,-1.0683247696e-05,-1.5995125230e-04,1.0619050403e-01,-4.7628006871e-01
104027,2025-08-21 11:15:00,nan,nan,nan,-0.001 theta + 1.009 omega + 0.016 theta omega + -0.665 omega^2 + -0.002 theta^2 omega + -0.030 theta omega^2 + 6.360 omega^3,0.001 1 + -0.001 theta + 0.017 omega + 0.030 theta omega + -1.274 omega^2 + -0.004 theta^2 omega + -0.071 theta omega^2 + 13.025 omega^3,8.6444543258e-04,-9.9571074299e-04,1.6967366960e-02,9.2617336367e-05,3.0351478197e-02,-1.2738020252e+00,3.5499210839e-06,-4.3934151542e-03,-7.1345844347e-02,1.3024698246e+01
104028,2025-08-21 11:20:00,0.027958,1.275891,0.902407,0.995 omega + -0.001 theta^2 + -0.040 theta omega + 1.256 omega^2 + 0.032 theta^2 omega + -2.025 theta omega^2 + 34.186 omega^3,-0.005 omega + -0.001 theta^2 + -0.084 theta omega + 2.634 omega^2 + -0.001 theta^3 + 0.064 theta^2 omega + -4.085 theta omega^2 + 69.614 omega^3,2.4464950025e-04,-4.4620085973e-04,-5.1451134187e-03,-9.7416290630e-04,-8.4102278885e-02,2.6335089062e+00,-6.3376688010e-04,6.3937053227e-02,-4.0847019816e+00,6.9613722008e+01
104029,2025-08-21 11:25:00,0.034485,4.463030,3.155933,0.001 1 + -0.002 theta + 0.980 omega + 0.001 theta^2 + 0.038 theta omega + 0.787 omega^2 + -0.014 theta^2 omega + 0.073 theta omega^2 + -5.955 omega^3,0.002 1 + -0.005 theta + -0.036 omega + 0.001 theta^2 + 0.073 theta omega + 1.575 omega^2 + -0.027 theta^2 omega + 0.107 theta omega^2 + -10.638 omega^3,1.5490862418e-03,-4.5986594983e-03,-3.6008090583e-02,1.2216363286e-03,7.2733645077e-02,1.5752166583e+00,1.0817084582e-05,-2.7150180026e-02,1.0671728432e-01,-1.0638051816e+01
104030,2025-08-21 11:30:00,0.045812,1.355605,0.959105,0.002 1 + -0.004 theta + 0.943 omega + 0.002 theta^2 + 0.101 theta omega + 0.766 omega^2 + -0.028 theta^2 omega + -0.307 theta omega^2 + -12.388 omega^3,0.005 1 + -0.009 theta + -0.112 omega + 0.003 theta^2 + 0.200 theta omega + 1.532 omega^2 + -0.055 theta^2 omega + -0.599 theta omega^2 + -24.725 omega^3,4.6450641879e-03,-8.6194200448e-03,-1.1167378386e-01,3.4534592605e-03,2.0034104116e-01,1.5316006685e+00,-4.1434874551e-04,-5.5179446889e-02,-5.9899800817e-01,-2.4724906703e+01
104031,2025-08-21 11:35:00,0.023313,1.153997,0.816165,-0.001 1 + -0.001 theta + 1.124 omega + -0.028 theta omega + -2.255 omega^2 + 0.001 theta^2 omega + 0.271 theta omega^2 + 11.368 omega^3,-0.001 1 + -0.002 theta + 0.251 omega + 0.001 theta^2 + -0.056 theta omega + -4.509 omega^2 + 0.002 theta^2 omega + 0.545 theta omega^2 + 22.832 omega^3,-1.2283201715e-03,-1.6365766038e-03,2.5132804479e-01,7.0879295752e-04,-5.5592443950e-02,-4.5085698384e+00,-6.3485903512e-05,2.0944936207e-03,5.4491995079e-01,2.2831948823e+01
104032,2025-08-21 11:40:00,0.021732,0.555184,0.392875,0.993 omega + 0.007 theta omega + -0.713 omega^2 + -0.037 theta omega^2 + 8.755 omega^3,0.001 1 + -0.099 omega + 0.023 theta omega + -0.001 theta^2 omega + -0.130 theta omega^2 + 9.292 omega^3,1.3592316678e-03,-9.1474138997e-05,-9.8949524178e-02,-1.4717325812e-05,2.3053266788e-02,0.0000000000e+00,4.2305448009e-07,-7.7473353122e-04,-1.2952096878e-01,9.2916617044e+00
104033,2025-08-21 11:45:00,nan,nan,nan,-0.009 1 + 0.004 theta + 1.220 omega + -0.111 theta omega + -1.358 omega^2 + -0.003 theta^2 omega + 0.739 theta omega^2 + 0.747 omega^3,-0.015 1 + 0.007 theta + 0.362 omega + -0.167 theta omega + -3.107 omega^2 + -0.002 theta^2 omega + 0.820 theta omega^2 + 17.528 omega^3,-1.5127823350e-02,7.2036641652e-03,3.6220623649e-01,2.5422573974e-04,-1.6729104100e-01,-3.1065033918e+00,0.0000000000e+00,-1.9770499431e-03,8.2048517847e-01,1.7527842335e+01
104034,2025-08-21 11:50:00,0.023489,1.559528,1.102878,0.014 1 + -0.001 theta + 0.665 omega + 0.013 theta omega + 2.582 omega^2 + -0.064 theta omega^2 + -6.181 omega^3,-0.024 1 + 0.002 theta + 0.384 omega + -0.021 theta omega + -1.700 omega^2 + 0.030 theta omega^2 + 2.059 omega^3,-2.4011106295e-02,1.8414995639e-03,3.8422727954e-01,-4.3028528785e-05,-2.0838112235e-02,-1.7000992733e+00,0.0000000000e+00,4.1708700713e-04,2.9849255135e-02,2.0593063241e+00
104035,2025-08-21 11:55:00,nan,nan,nan,0.011 1 + -0.004 theta + 0.786 omega + 0.048 theta omega + 0.272 omega^2 + -0.002 theta^2 omega + -0.176 theta omega^2 + 8.631 omega^3,0.021 1 + -0.007 theta + -0.416 omega + 0.001 theta^2 + 0.094 theta omega + 0.424 omega^2 + -0.004 theta^2 omega + -0.341 theta omega^2 + 17.636 omega^3,2.1159457064e-02,-7.1424811463e-03,-4.1577662566e-01,7.6903019436e-04,9.4253427559e-02,4.2435841962e-01,-2.8651166010e-05,-3.6463988105e-03,-3.4100448453e-01,1.7636002989e+01
104036,2025-08-21 12:00:00,nan,nan,nan,-0.043 1 + -0.002 theta + 2.466 omega + 0.038 theta omega + -16.066 omega^2 + -0.177 theta omega^2 + 57.389 omega^3,-0.091 1 + -0.004 theta + 3.086 omega + 0.079 theta omega + -33.672 omega^2 + -0.368 theta omega^2 + 119.798 omega^3,-9.1362058117e-02,-4.1743986656e-03,3.0858236527e+00,2.1700511441e-06,7.8707455957e-02,-3.3672374836e+01,0.0000000000e+00,-3.1508645540e-05,-3.6846184253e-01,1.1979768797e+02
104037,2025-08-21 12:05:00,nan,nan,nan,-0.002 1 + 0.002 theta + 1.072 omega + -0.025 theta omega + -0.990 omega^2 + 0.001 theta^2 omega + 0.031 theta omega^2 + 6.129 omega^3,-0.003 1 + 0.004 theta + 0.145 omega + -0.050 theta omega + -1.948 omega^2 + 0.002 theta^2 omega + 0.062 theta omega^2 + 11.993 omega^3,-3.4753838845e-03,3.5751556602e-03,1.4512594612e-01,-1.5643837037e-04,-4.9904300051e-02,-1.9483174498e+00,-8.0609687053e-07,2.0483361336e-03,6.2113782531e-02,1.1992962341e+01
104038,2025-08-21 12:10:00,0.070987,2.129333,1.506502,-0.001 1 + -0.002 theta + 0.988 omega + -0.001 theta^2 + -0.015 theta omega + -0.133 omega^2 + -0.002 theta^2 omega + -0.098 theta omega^2 + -2.414 omega^3,-0.003 1 + -0.004 theta + -0.023 omega + -0.002 theta^2 + -0.032 theta omega + -0.269 omega^2 + -0.004 theta^2 omega + -0.192 theta omega^2 + -5.310 omega^3,-2.5711356480e-03,-3.9584085192e-03,-2.2815462336e-02,-1.7734318220e-03,-3.2346700886e-02,-2.6926936494e-01,-1.7380998973e-04,-3.7771320283e-03,-1.9213176652e-01,-5.3102473782e+00
104039,2025-08-21 12:15:00,0.020218,0.660833,0.467498,1.039 omega + -0.016 theta omega + -1.013 omega^2 + 0.001 theta^2 omega + 0.106 theta omega^2 + 10.638 omega^3,0.001 1 + -0.001 theta + 0.001 theta^2 + -0.005 theta omega + 0.652 omega^2 + 0.001 theta^2 omega + -0.238 theta omega^2,8.5518122870e-04,-1.4962371114e-03,2.2115727259e-04,6.7540662210e-04,-4.8125749615e-03,6.5210250824e-01,-8.4336655300e-05,8.9921169971e-04,-2.3801199708e-01,0.0000000000e+00
104040,2025-08-21 12:20:00,0.014628,0.543802,0.384665,-0.001 theta + 1.020 omega + 0.011 theta omega + 0.542 omega^2 + -0.001 theta^2 omega + -0.075 theta omega^2 + -6.280 omega^3,-0.001 1 + -0.003 theta + 0.040 omega + 0.001 theta^2 + 0.020 theta omega + 1.062 omega^2 + -0.002 theta^2 omega + -0.142 theta omega^2 + -12.364 omega^3,-7.4239250834e-04,-2.7827243513e-03,3.9805211367e-02,5.7230127834e-04,2.0054702300e-02,1.0615983323e+00,-3.0861616394e-05,-1.9935538120e-03,-1.4238808652e-01,-1.2363672719e+01
104041,2025-08-21 12:25:00,nan,nan,nan,0.016 1 + 0.001 theta + 1.205 omega + 0.011 theta omega + 0.558 omega^2 + 0.017 theta omega^2 + 0.234 omega^3,0.027 1 + 0.002 theta + 0.328 omega + 0.018 theta omega + 0.732 omega^2 + 0.036 theta omega^2 + -0.769 omega^3,2.7206690115e-02,1.7650884304e-03,3.2765517040e-01,2.4535382865e-05,1.7909025277e-02,7.3158483217e-01,0.0000000000e+00,1.6552470751e-04,3.5992151231e-02,-7.6936242002e-01
104042,2025-08-21 12:30:00,0.034183,0.969416,0.685907,0.001 1 + 1.000 omega + -0.004 theta omega + 0.148 omega^2 + -0.007 theta omega^2 + 0.487 omega^3,0.001 1 + 0.016 omega + -0.013 theta omega + -0.106 omega^2 + 0.001 theta^2 omega + 0.013 theta omega^2 + 1.584 omega^3,1.4512802726e-03,3.5029237722e-04,1.5658698565e-02,-2.8019338624e-05,-1.2845729166e-02,-1.0617417701e-01,0.0000000000e+00,6.2450917496e-04,1.3175417380e-02,1.5844201039e+00
104043,2025-08-21 12:35:00,0.018213,1.573127,1.112443,0.001 1 + 0.935 omega + -0.003 theta omega + 1.377 omega^2 + 0.031 theta omega^2 + -8.070 omega^3,0.002 1 + -0.126 omega + -0.007 theta omega + 2.747 omega^2 + 0.065 theta omega^2 + -16.325 omega^3,2.4551822475e-03,-7.4149827282e-05,-1.2643375706e-01,2.4596613133e-05,-6.5809864709e-03,2.7468462838e+00,0.0000000000e+00,-2.3553819915e-04,6.5189071189e-02,-1.6324534797e+01
104044,2025-08-21 12:40:00,0.027373,0.740336,0.523854,-0.007 1 + 0.001 theta + 1.127 omega + -0.012 theta omega + -0.791 omega^2 + 0.013 theta omega^2 + 2.663 omega^3,-0.013 1 + 0.002 theta + 0.241 omega + -0.023 theta omega + -1.489 omega^2 + 0.001 theta^2 omega + 0.021 theta omega^2 + 5.124 omega^3,-1.3270451164e-02,1.6119119100e-03,2.4116964893e-01,-5.0012135695e-05,-2.2746798859e-02,-1.4892175733e+00,0.0000000000e+00,7.0569478935e-04,2.1291427614e-02,5.1239480212e+00
104045,2025-08-21 12:45:00,0.082199,4.771979,3.374799,-0.002 theta + 1.024 omega + -0.003 theta omega + 0.588 omega^2 + -0.006 theta omega^2 + -3.499 omega^3,-0.003 theta + 0.052 omega + 0.001 theta^2 + -0.006 theta omega + 1.088 omega^2 + -0.012 theta omega^2 + -6.443 omega^3,3.0121567629e-04,-3.3177452252e-03,5.1792726826e-02,5.6589116336e-04,-5.7010602689e-03,1.0883100642e+00,-2.2264889404e-05,-4.3551309314e-04,-1.1579855701e-02,-6.4432635736e+00
104046,2025-08-21 12:50:00,0.087518,9.982702,7.059108,0.006 1 + -0.001 theta + 0.886 omega + 0.024 theta omega + 0.536 omega^2 + -0.001 theta^2 omega + -0.042 theta omega^2 + -0.700 omega^3,0.012 1 + -0.003 theta + -0.224 omega + 0.048 theta omega + 1.049 omega^2 + -0.002 theta^2 omega + -0.082 theta omega^2 + -1.500 omega^3,1.1633254839e-02,-2.6247920308e-03,-2.2377392819e-01,2.1872548507e-05,4.8151599676e-02,1.0486666611e+00,7.2111000099e-06,-2.1990462828e-03,-8.2334419063e-02,-1.5002525356e+00
104047,2025-08-21 12:55:00,0.066287,3.647068,2.579293,-0.002 1 + 1.006 omega + 0.001 theta^2 + 0.001 theta omega + 0.741 omega^2 + -0.001 theta^2 omega + -0.184 theta omega^2 + -6.457 omega^3,-0.005 1 + 0.001 theta + 0.012 omega + 0.001 theta^2 + 0.002 theta omega + 1.475 omega^2 + -0.001 theta^2 omega + -0.374 theta omega^2 + -12.469 omega^3,-4.6617209439e-03,8.8615297049e-04,1.2042198671e-02,1.3827894603e-03,1.6285487007e-03,1.4745410329e+00,-3.9619224065e-04,-1.2607063735e-03,-3.7361264843e-01,-1.2468566038e+01
104048,2025-08-21 13:00:00,0.072940,2.848537,2.014880,1.018 omega + -0.010 theta omega + 0.026 omega^2 + -0.003 theta^2 omega + 0.015 theta omega^2 + -2.515 omega^3,0.036 omega + -0.001 theta^2 + -0.019 theta omega + 0.035 omega^2 + -0.006 theta^2 omega + 0.018 theta omega^2 + -4.791 omega^3,1.7419229245e-04,-2.8204336036e-04,3.6337552494e-02,-6.2607899802e-04,-1.8584458567e-02,3.5155994449e-02,-1.4321058929e-04,-6.0470779801e-03,1.8361804923e-02,-4.7908391791e+00
104049,2025-08-21 13:05:00,0.114964,15.837429,11.199048,0.001 1 + -0.002 theta + 0.991 omega + 0.003 theta omega + 0.431 omega^2 + -0.059 theta omega^2 + -0.254 omega^3,0.002 1 + -0.003 theta + -0.015 omega + 0.007 theta omega + 0.831 omega^2 + -0.120 theta omega^2 + -0.340 omega^3,2.2920461895e-03,-3.3517752824e-03,-1.5313820090e-02,4.2478243426e-04,6.9614554532e-03,8.3053975382e-01,-8.7480640466e-06,-2.8374006575e-04,-1.1997281707e-01,-3.4023935457e-01
104050,2025-08-21 13:10:00,nan,nan,nan,0.098 1 + -0.029 theta + -0.149 omega + 0.003 theta^2 + 0.233 theta omega + 2.946 omega^2 + -0.012 theta^2 omega + -0.356 theta omega^2 + 2.502 omega^3,0.196 1 + -0.059 theta + -2.309 omega + 0.006 theta^2 + 0.470 theta omega + 5.995 omega^2 + -0.023 theta^2 omega + -0.724 theta omega^2 + 4.868 omega^3,1.9647280139e-01,-5.8870357690e-02,-2.3093019325e+00,5.8428948755e-03,4.6973364049e-01,5.9954978882e+00,-1.9222737784e-04,-2.3352086089e-02,-7.2434305326e-01,4.8684618084e+00
104051,2025-08-21 13:15:00,0.060638,4.471151,3.161872,0.002 1 + -0.001 theta + 0.917 omega + 0.048 theta omega + 1.117 omega^2 + 0.006 theta^2 omega + -0.720 theta omega^2 + 1.819 omega^3,0.003 1 + -0.002 theta + -0.158 omega + 0.093 theta omega + 2.182 omega^2 + 0.011 theta^2 omega + -1.420 theta omega^2 + 3.691 omega^3,3.1110442331e-03,-1.8323793025e-03,-1.5828042410e-01,-3.5035112318e-04,9.3133824044e-02,2.1822609853e+00,-2.6215936944e-05,1.1304667522e-02,-1.4198152843e+00,3.6907688859e+00
104052,2025-08-21 13:20:00,0.035292,1.695051,1.198842,-0.002 theta + 1.023 omega + 0.001 theta^2 + 0.005 theta omega + 0.378 omega^2 + -0.007 theta^2 omega + 0.190 theta omega^2 + -5.504 omega^3,-0.001 1 + -0.005 theta + 0.047 omega + 0.001 theta^2 + 0.009 theta omega + 0.758 omega^2 + -0.013 theta^2 omega + 0.375 theta omega^2 + -11.092 omega^3,-8.6866197875e-04,-4.7846272299e-03,4.6725777553e-02,1.3929389180e-03,9.1134283769e-03,7.5836007518e-01,-1.8359565993e-05,-1.3192347778e-02,3.7530006616e-01,-1.1092130571e+01
104053,2025-08-21 13:25:00,nan,nan,nan,-0.004 1 + 1.023 omega + -0.007 theta omega + 0.310 omega^2 + -0.045 theta omega^2 + 0.726 omega^3,-0.008 1 + -0.001 theta + 0.053 omega + -0.016 theta omega + 0.585 omega^2 + 0.001 theta^2 omega + -0.088 theta omega^2 + 1.721 omega^3,-8.3952236805e-03,-5.9596604145e-04,5.3425986678e-02,3.8163744424e-04,-1.5598350272e-02,5.8479666841e-01,-2.1632135499e-05,8.9512496060e-04,-8.7716927165e-02,1.7213387370e+00
104054,2025-08-21 13:30:00,0.063167,1.645581,1.164459,-0.003 theta + 1.063 omega + -0.002 theta^2 + 0.025 theta omega + -0.444 omega^2 + 0.002 theta^2 omega + -0.258 theta omega^2 + -2.852 omega^3,0.001 1 + -0.005 theta + 0.122 omega + -0.004 theta^2 + 0.051 theta omega + -0.900 omega^2 + -0.001 theta^3 + 0.004 theta^2 omega + -0.532 theta omega^2 + -5.185 omega^3,1.0017866305e-03,-4.8231687301e-03,1.2235688385e-01,-3.5459884416e-03,5.0617755707e-02,-9.0005030943e-01,-5.9607410845e-04,4.3031631474e-03,-5.3191421756e-01,-5.1853178202e+00
104055,2025-08-21 13:35:00,nan,nan,nan,-0.013 1 + 0.003 theta + 1.152 omega + -0.030 theta omega + -0.555 omega^2 + 0.001 theta^2 omega + 0.033 theta omega^2 + 2.909 omega^3,-0.026 1 + 0.006 theta + 0.311 omega + -0.061 theta omega + -1.173 omega^2 + 0.002 theta^2 omega + 0.068 theta omega^2 + 5.986 omega^3,-2.5860971230e-02,6.3512732079e-03,3.1123154799e-01,-3.7216879585e-04,-6.0686440028e-02,-1.1730447709e+00,5.5118504149e-06,2.2446011198e-03,6.7642985768e-02,5.9857906297e+00
104056,2025-08-21 13:40:00,nan,nan,nan,-0.002 1 + -0.001 theta + 1.012 omega + 0.001 theta^2 + -0.010 theta omega + 0.585 omega^2 + 0.001 theta^2 omega + -0.190 theta omega^2 + 2.579 omega^3,-0.003 1 + -0.001 theta + 0.024 omega + 0.001 theta^2 + -0.019 theta omega + 1.175 omega^2 + 0.002 theta^2 omega + -0.375 theta omega^2 + 5.287 omega^3,-3.1762829551e-03,-9.4108600525e-04,2.3641063949e-02,9.7235189246e-04,-1.9097603475e-02,1.1745738323e+00,-1.0600808473e-04,1.7366411393e-03,-3.7503266546e-01,5.2869010358e+00
104057,2025-08-21 13:45:00,nan,nan,nan,0.001 1 + 1.001 omega + -0.009 theta omega + -0.305 omega^2 + 0.006 theta^2 omega + 0.132 theta omega^2 + 1.458 omega^3,0.002 1 + -0.001 theta + 0.005 omega + -0.017 theta omega + -0.583 omega^2 + 0.010 theta^2 omega + 0.272 theta omega^2 + 2.491 omega^3,1.5998732360e-03,-8.2320985873e-04,5.3319100855e-03,-3.2902944489e-04,-1.6748254576e-02,-5.8349567966e-01,4.4019115798e-06,1.0132794824e-02,2.7190385483e-01,2.4906368802e+00
104058,2025-08-21 13:50:00,0.008778,0.398160,0.281610,0.001 1 + -0.002 theta + 1.012 omega + 0.001 theta^2 + -0.001 theta omega + -0.902 omega^2 + -0.002 theta^2 omega + -0.010 theta omega^2 + 13.318 omega^3,0.002 1 + -0.004 theta + 0.027 omega + 0.001 theta^2 + -0.002 theta omega + -1.840 omega^2 + -0.004 theta^2 omega + -0.021 theta omega^2 + 26.880 omega^3,2.1351191775e-03,-3.7382575898e-03,2.6575035514e-02,1.4274809299e-03,-1.7203608018e-03,-1.8403423512e+00,-9.6616150149e-05,-4.2540698243e-03,-2.1151856603e-02,2.6880479194e+01
104059,2025-08-21 13:55:00,0.058864,1.465304,1.036962,0.001 1 + -0.002 theta + 1.000 omega + 0.001 theta^2 + 0.001 theta omega + -0.276 omega^2 + 0.001 theta^2 omega + 0.094 theta omega^2 + -0.861 omega^3,0.003 1 + -0.005 theta + 0.001 omega + 0.003 theta^2 + 0.002 theta omega + -0.536 omega^2 + -0.001 theta^3 + 0.001 theta^2 omega + 0.191 theta omega^2 + -1.713 omega^3,2.8660048163e-03,-4.5543934485e-03,6.5950630277e-04,2.7986172020e-03,2.4756185359e-03,-5.3619365541e-01,-6.2683135515e-04,9.2832055830e-04,1.9146321133e-01,-1.7128390002e+00
104060,2025-08-21 14:00:00,0.026243,1.020088,0.721550,-0.015 1 + -0.003 theta + 0.777 omega + -0.032 theta omega + -1.165 omega^2 + -0.001 theta^2 omega + -0.073 theta omega^2 + -2.571 omega^3,-0.030 1 + -0.006 theta + -0.448 omega + -0.064 theta omega + -2.323 omega^2 + -0.002 theta^2 omega + -0.145 theta omega^2 + -4.982 omega^3,-2.9988182737e-02,-6.1451897253e-03,-4.4809853774e-01,-4.0437916568e-04,-6.3547016610e-02,-2.3234138117e+00,-8.7333588068e-06,-2.0389272451e-03,-1.4539468945e-01,-4.9819941185e+00
104061,2025-08-21 14:05:00,0.018609,0.661546,0.467969,0.239 1 + -0.051 theta + -3.013 omega + 0.004 theta^2 + 0.574 theta omega + 21.070 omega^2 + -0.020 theta^2 omega + -1.536 theta omega^2 + -32.989 omega^3,0.480 1 + -0.103 theta + -8.041 omega + 0.007 theta^2 + 1.150 theta omega + 42.115 omega^2 + -0.041 theta^2 omega + -3.070 theta omega^2 + -65.589 omega^3,4.8038001668e-01,-1.0266070527e-01,-8.0407904717e+00,7.3174430765e-03,1.1497768054e+00,4.2114539341e+01,-1.7424559753e-04,-4.0953667774e-02,-3.0700063481e+00,-6.5588623715e+01
104062,2025-08-21 14:10:00,0.044556,1.574151,1.113539,-0.001 1 + 1.053 omega + -0.009 theta omega + 0.137 omega^2 + -0.005 theta^2 omega + 0.073 theta omega^2 + -8.265 omega^3,-0.001 1 + 0.106 omega + -0.017 theta omega + 0.266 omega^2 + -0.010 theta^2 omega + 0.125 theta omega^2 + -16.434 omega^3,-1.2374313614e-03,-2.8320460682e-04,1.0600036763e-01,-1.9391074539e-05,-1.7004449433e-02,2.6647563373e-01,-2.8405286622e-05,-9.9080223580e-03,1.2495895594e-01,-1.6433896466e+01
104063,2025-08-21 14:15:00,nan,nan,nan,0.001 1 + 0.001 theta + 1.018 omega + -0.018 theta omega + -1.131 omega^2 + 0.001 theta^2 omega + -0.005 theta omega^2 + 11.627 omega^3,0.002 1 + 0.001 theta + 0.038 omega + -0.037 theta omega + -2.246 omega^2 + 0.003 theta^2 omega + -0.014 theta omega^2 + 23.579 omega^3,2.0410128257e-03,1.2770094104e-03,3.7877297592e-02,1.1021892443e-04,-3.6513324285e-02,-2.2457037896e+00,-1.8978967537e-05,2.7500317511e-03,-1.4063570640e-02,2.3579064413e+01
104064,2025-08-21 14:20:00,nan,nan,nan,1.000 omega + -0.008 theta omega + -0.119 omega^2 + 0.002 theta^2 omega + -0.067 theta omega^2 + 3.104 omega^3,0.001 1 + -0.001 theta + 0.001 omega + -0.016 theta omega + -0.293 omega^2 + 0.005 theta^2 omega + -0.128 theta omega^2 + 6.675 omega^3,6.3825372490e-04,-7.5029952301e-04,8.9536520990e-04,4.4337913220e-04,-1.6266459542e-02,-2.9265013471e-01,-8.0030240610e-05,4.6262460575e-03,-1.2753617203e-01,6.6751220223e+00
104065,2025-08-21 14:25:00,0.093404,4.052631,2.866404,-0.001 theta + 1.036 omega + -0.021 theta omega + 0.176 omega^2 + -0.001 theta^2 omega + 0.057 theta omega^2 + -4.106 omega^3,-0.003 theta + 0.072 omega + -0.040 theta omega + 0.350 omega^2 + -0.002 theta^2 omega + 0.109 theta omega^2 + -7.731 omega^3,1.7616859179e-05,-2.7388358021e-03,7.1802581235e-02,1.1038321143e-04,-3.9938890196e-02,3.5017224972e-01,1.1759548845e-05,-2.2703575154e-03,1.0912100050e-01,-7.7309832718e+00
104066,2025-08-21 14:30:00,0.019911,0.685119,0.484657,-0.001 1 + 1.025 omega + -0.006 theta omega + 0.160 omega^2 + -0.003 theta^2 omega + 0.068 theta omega^2 + -6.188 omega^3,-0.002 1 + -0.001 theta + 0.049 omega + -0.011 theta omega + 0.289 omega^2 + -0.005 theta^2 omega + 0.130 theta omega^2 + -12.065 omega^3,-1.7408586695e-03,-8.6330806840e-04,4.9276967560e-02,4.2432267928e-04,-1.0917790947e-02,2.8916682443e-01,7.8874752749e-05,-5.0838290144e-03,1.2955843604e-01,-1.2065253567e+01
104067,2025-08-21 14:35:00,0.013904,0.378338,0.267706,0.992 omega + 0.003 theta omega + 0.139 omega^2 + 0.001 theta^2 omega + 0.007 theta omega^2 + 2.165 omega^3,-0.001 1 + -0.004 omega + 0.006 theta omega + 0.110 omega^2 + 0.001 theta^2 omega + 0.033 theta omega^2,-5.0762632478e-04,-1.8091454710e-04,-3.8444547702e-03,-1.3963746424e-04,5.5089482838e-03,1.1012192271e-01,-4.5906706666e-05,1.0803389223e-03,3.2856988733e-02,0.0000000000e+00
104068,2025-08-21 14:40:00,nan,nan,nan,0.007 1 + -0.001 theta + 1.139 omega + 0.022 theta omega + -0.001 omega^2 + 0.001 theta^2 omega + -0.009 theta omega^2 + 0.683 omega^3,0.014 1 + -0.002 theta + 0.277 omega + -0.001 theta^2 + 0.044 theta omega + -0.004 omega^2 + 0.002 theta^2 omega + -0.018 theta omega^2 + 1.464 omega^3,1.4243089352e-02,-2.1467671818e-03,2.7689594783e-01,-6.0666261277e-04,4.4160437672e-02,-4.1562015374e-03,-2.6197970371e-05,1.6609296024e-03,-1.8165459758e-02,1.4642403577e+00
104069,2025-08-21 14:45:00,nan,nan,nan,0.001 1 + -0.001 theta + 1.017 omega + -0.008 theta omega + 0.063 omega^2 + -0.001 theta^2 omega + -0.025 theta omega^2 + 1.067 omega^3,0.002 1 + -0.001 theta + 0.033 omega + -0.015 theta omega + 0.130 omega^2 + -0.003 theta^2 omega + -0.056 theta omega^2 + 2.424 omega^3,1.7813498826e-03,-1.3350679493e-03,3.3028970098e-02,-7.8594852976e-05,-1.4609076321e-02,1.2991694518e-01,1.9170812246e-05,-2.5886771735e-03,-5.6291604133e-02,2.4238087724e+00
104070,2025-08-21 14:50:00,0.039982,0.947355,0.670478,-0.001 theta + 1.011 omega + -0.096 omega^2 + -0.004 theta^2 omega + 0.054 theta omega^2 + -1.130 omega^3,-0.002 theta + 0.021 omega + -0.001 theta omega + -0.203 omega^2 + -0.007 theta^2 omega + 0.086 theta omega^2 + -2.095 omega^3,-1.3432337808e-04,-1.5203922219e-03,2.1084492757e-02,4.5157122157e-04,-5.0592734844e-04,-2.0324670779e-01,3.6813286156e-05,-7.3734870928e-03,8.6097759178e-02,-2.0951314083e+00
104071,2025-08-21 14:55:00,nan,nan,nan,-0.001 1 + -0.001 theta + 0.998 omega + 0.001 theta omega + 0.253 omega^2 + -0.001 theta^2 omega + -0.037 theta omega^2 + 1.432 omega^3,-0.002 1 + -0.003 theta + -0.002 omega + 0.001 theta^2 + 0.002 theta omega + 0.503 omega^2 + -0.003 theta^2 omega + -0.065 theta omega^2 + 2.618 omega^3,-2.2253220005e-03,-2.7209683052e-03,-1.7919402081e-03,7.4859980978e-04,2.2081185920e-03,5.0275587680e-01,-1.1838138670e-05,-2.9475675943e-03,-6.5209502268e-02,2.6175425655e+00
104072,2025-08-21 15:00:00,0.110148,7.377066,5.216955,0.983 omega + 0.003 theta omega + -0.014 omega^2 + 0.012 theta omega^2 + 0.685 omega^3,-0.001 1 + -0.045 omega + 0.006 theta omega + 0.024 omega^2 + 0.016 theta omega^2 + 1.864 omega^3,-1.0980608282e-03,7.2185920682e-06,-4.4981639471e-02,-3.4138046478e-05,6.0788317806e-03,2.3777645818e-02,0.0000000000e+00,-9.7962714598e-05,1.5880424083e-02,1.8643698031e+00
104073,2025-08-21 15:05:00,0.044820,5.756447,4.070546,0.023 1 + 0.004 theta + 1.113 omega + 0.012 theta omega + 0.417 omega^2 + -0.009 theta omega^2 + 1.979 omega^3,-0.007 1 + -0.001 theta + -0.188 omega + -0.020 theta omega + -0.343 omega^2 + -0.062 theta omega^2 + 1.872 omega^3,-7.4760590825e-03,-6.6417509120e-04,-1.8819485335e-01,-7.5885541494e-06,-1.9599702558e-02,-3.4315376306e-01,0.0000000000e+00,-2.4557846206e-04,-6.2182993747e-02,1.8715243817e+00
104074,2025-08-21 15:10:00,nan,nan,nan,0.001 1 + -0.001 theta + 0.991 omega + -0.001 theta^2 + 0.007 theta omega + 0.063 omega^2 + -0.001 theta^2 omega + 0.112 theta omega^2 + 1.843 omega^3,0.002 1 + -0.002 theta + -0.016 omega + -0.001 theta^2 + 0.014 theta omega + 0.115 omega^2 + -0.002 theta^2 omega + 0.232 theta omega^2 + 3.534 omega^3,1.6955112953e-03,-1.9572891197e-03,-1.6094621593e-02,-1.2864098418e-03,1.4289497147e-02,1.1493222450e-01,3.9932530090e-04,-2.1238755960e-03,2.3178128787e-01,3.5341296615e+00
104075,2025-08-21 15:15:00,0.042633,3.329813,2.354727,0.001 1 + -0.001 theta + 0.956 omega + 0.010 theta omega + 0.549 omega^2 + -0.068 theta omega^2 + -2.120 omega^3,0.002 1 + -0.001 theta + -0.076 omega + 0.021 theta omega + 0.914 omega^2 + -0.001 theta^2 omega + -0.123 theta omega^2 + -3.274 omega^3,1.6988249760e-03,-9.8193613905e-04,-7.5706866085e-02,1.4506551116e-04,2.1083265419e-02,9.1351247701e-01,-3.3273347981e-06,-6.8655578958e-04,-1.2269717653e-01,-3.2738115784e+00
104076,2025-08-21 15:20:00,0.021987,1.253373,0.886405,0.004 1 + 0.001 theta + 0.916 omega + 0.003 theta omega + 0.413 omega^2 + -0.009 theta omega^2 + -1.093 omega^3,0.008 1 + 0.001 theta + -0.168 omega + 0.005 theta omega + 0.816 omega^2 + -0.016 theta omega^2 + -1.948 omega^3,8.4093688747e-03,1.4544178884e-03,-1.6793211944e-01,-2.6623249759e-04,5.4465564885e-03,8.1596504677e-01,8.3912329860e-06,2.2636877112e-04,-1.6248299547e-02,-1.9479258265e+00
104077,2025-08-21 15:25:00,nan,nan,nan,1.003 omega + 0.001 theta^2 + 0.008 theta omega + 0.014 omega^2 + 0.135 theta omega^2 + 2.845 omega^3,-0.001 1 + 0.001 theta + 0.005 omega + 0.002 theta^2 + 0.015 theta omega + 0.039 omega^2 + -0.001 theta^2 omega + 0.265 theta omega^2 + 5.799 omega^3,-7.5113824202e-04,6.4089256334e-04,4.7777870869e-03,1.9876790263e-03,1.5318572065e-02,3.9412732849e-02,4.0064764867e-04,-5.2815909294e-04,2.6462065177e-01,5.7990017182e+00
104078,2025-08-21 15:30:00,0.072388,5.586963,3.950911,-0.001 1 + -0.001 theta + 1.025 omega + 0.002 theta omega + 0.140 omega^2 + 0.004 theta omega^2 + 0.197 omega^3,-0.002 1 + -0.003 theta + 0.050 omega + -0.001 theta^2 + 0.005 theta omega + 0.293 omega^2 + -0.001 theta^2 omega + 0.005 theta omega^2 + 0.613 omega^3,-1.8010301615e-03,-2.8872286716e-03,5.0435616038e-02,-6.5293315593e-04,4.6457021355e-03,2.9341036338e-01,-2.4281415676e-05,-8.0903300253e-04,5.4076597191e-03,6.1336245222e-01
104079,2025-08-21 15:35:00,nan,nan,nan,-0.001 theta + 0.984 omega + -0.002 theta omega + -0.142 omega^2 + -0.011 theta omega^2 + 0.281 omega^3,-0.001 1 + -0.001 theta + -0.030 omega + -0.003 theta omega + -0.260 omega^2 + -0.020 theta omega^2 + 0.608 omega^3,-5.3945146281e-04,-1.3968954884e-03,-2.9706276509e-02,-2.0205949719e-04,-3.2996131134e-03,-2.6000345175e-01,-7.8519699864e-06,-1.5722556027e-04,-1.9837216900e-02,6.0784656849e-01
104080,2025-08-21 15:40:00,0.017344,0.539150,0.381434,0.001 1 + 0.929 omega + 0.008 theta omega + 0.437 omega^2 + -0.090 theta omega^2 + 1.112 omega^3,0.003 1 + -0.163 omega + 0.020 theta omega + 1.017 omega^2 + 0.001 theta^2 omega + -0.206 theta omega^2 + 2.397 omega^3,3.2550796024e-03,-3.9164759410e-04,-1.6336498560e-01,1.3101622758e-05,1.9789757478e-02,1.0173637262e+00,-2.8667760607e-06,6.1339217044e-04,-2.0556590330e-01,2.3966550934e+00
104081,2025-08-21 15:45:00,0.064104,8.247754,5.832219,1.074 omega + -0.030 theta omega + -0.879 omega^2 + 0.001 theta^2 omega + 0.025 theta omega^2 + 7.636 omega^3,-0.001 1 + 0.149 omega + -0.060 theta omega + -1.712 omega^2 + 0.003 theta^2 omega + 0.048 theta omega^2 + 15.232 omega^3,-5.8591312823e-04,-3.2021516147e-04,1.4929247772e-01,2.1112031691e-04,-6.0407612560e-02,-1.7123153099e+00,-9.9252539319e-06,2.6731473581e-03,4.8405378166e-02,1.5231913900e+01
104082,2025-08-21 15:50:00,0.105592,10.606083,7.500005,0.001 1 + -0.001 theta + 1.000 omega + 0.007 theta omega + -0.248 omega^2 + 0.024 theta omega^2 + -0.208 omega^3,0.001 1 + -0.001 theta + 0.014 theta omega + -0.514 omega^2 + 0.050 theta omega^2 + -0.472 omega^3,1.1075698473e-03,-1.4533657373e-03,-4.4274624394e-04,-2.7092825563e-04,1.4028429005e-02,-5.1407516711e-01,-5.6225226631e-06,-4.4358851676e-04,5.0295339147e-02,-4.7186605078e-01
104083,2025-08-21 15:55:00,0.012631,1.348429,0.953525,0.010 1 + 0.001 theta + 1.338 omega + 0.025 theta omega + 3.586 omega^2 + 0.125 theta omega^2 + 12.694 omega^3,0.022 1 + 0.002 theta + 0.750 omega + 0.050 theta omega + 8.035 omega^2 + 0.001 theta^2 omega + 0.264 theta omega^2 + 28.330 omega^3,2.2176452550e-02,2.1299916132e-03,7.4985863730e-01,5.1118726246e-05,5.0391447658e-02,8.0349301802e+00,0.0000000000e+00,7.7524746616e-04,2.6367249040e-01,2.8330329536e+01
104084,2025-08-21 16:00:00,0.084731,4.242834,3.000735,-0.002 theta + 1.012 omega + -0.001 theta^2 + -0.016 theta omega + -0.364 omega^2 + -0.002 theta^2 omega + -0.003 theta omega^2 + -5.832 omega^3,-0.001 1 + -0.004 theta + 0.030 omega + -0.001 theta^2 + -0.031 theta omega + -0.739 omega^2 + -0.005 theta^2 omega + -0.010 theta omega^2 + -11.626 omega^3,-6.9675077549e-04,-4.0353094735e-03,3.0062036699e-02,-1.2389991181e-03,-3.0665075978e-02,-7.3885895590e-01,-9.5898383421e-05,-4.6115620332e-03,-9.9530322996e-03,-1.1626410776e+01
104085,2025-08-21 16:05:00,0.064091,2.699501,1.909374,0.001 1 + -0.002 theta + 1.012 omega + -0.004 theta omega + -0.554 omega^2 + -0.027 theta omega^2 + -2.515 omega^3,0.002 1 + -0.004 theta + 0.025 omega + -0.001 theta^2 + -0.007 theta omega + -1.088 omega^2 + -0.001 theta^2 omega + -0.053 theta omega^2 + -4.911 omega^3,1.9188920612e-03,-3.9049163281e-03,2.5429081179e-02,-6.9181884552e-04,-7.1555824780e-03,-1.0879357164e+00,-3.0128663534e-05,-7.1353019639e-04,-5.3003098744e-02,-4.9106520041e+00
104086,2025-08-21 16:10:00,0.040486,3.496431,2.472516,0.005 1 + 0.001 theta + 0.630 omega + 0.019 theta omega + 3.255 omega^2 + -0.192 theta omega^2 + -3.166 omega^3,0.010 1 + 0.003 theta + -0.738 omega + 0.038 theta omega + 6.534 omega^2 + 0.001 theta^2 omega + -0.384 theta omega^2 + -6.309 omega^3,1.0376735394e-02,3.1296093931e-03,-7.3812380527e-01,-4.3400066066e-04,3.7539549550e-02,6.5342561375e+00,1.2067460759e-05,5.7115450992e-04,-3.8413309767e-01,-6.3092022825e+00
104087,2025-08-21 16:15:00,0.254953,4.685317,3.317921,0.001 1 + 0.997 omega + 0.004 theta omega + -0.289 omega^2 + 0.032 theta omega^2 + -1.274 omega^3,0.002 1 + -0.001 theta + -0.007 omega + 0.008 theta omega + -0.514 omega^2 + 0.063 theta omega^2 + -2.100 omega^3,2.3284776073e-03,-8.7351740243e-04,-6.9249297406e-03,-2.4728533410e-05,8.2189167136e-03,-5.1442522501e-01,1.1212704856e-05,-1.3405645209e-04,6.3061984385e-02,-2.0995841124e+00
104088,2025-08-21 16:20:00,0.043624,4.271830,3.020797,0.002 1 + 1.054 omega + 0.009 theta omega + -0.195 omega^2 + 0.080 theta omega^2 + -5.164 omega^3,0.004 1 + 0.110 omega + 0.018 theta omega + -0.457 omega^2 + 0.165 theta omega^2 + -10.965 omega^3,4.2222241627e-03,-2.0336039706e-04,1.1037195037e-01,-9.0039566984e-05,1.8112450845e-02,-4.5685666347e-01,-1.9044840608e-06,-3.6478995828e-04,1.6470261580e-01,-1.0964755792e+01
104089,2025-08-21 16:25:00,0.031512,1.112351,0.786866,0.002 1 + 1.096 omega + 0.014 theta omega + 1.152 omega^2 + 0.102 theta omega^2 + 3.661 omega^3,0.005 1 + 0.001 theta + 0.205 omega + 0.031 theta omega + 2.248 omega^2 + 0.001 theta^2 omega + 0.210 theta omega^2 + 6.447 omega^3,4.8578470365e-03,6.2867501357e-04,2.0469923441e-01,-6.4259902742e-05,3.0823328004e-02,2.2477623194e+00,-8.1315138681e-06,7.4866708771e-04,2.0967782451e-01,6.4466615128e+00
104090,2025-08-21 16:30:00,nan,nan,nan,-0.002 1 + -0.003 theta + 0.973 omega + -0.001 theta^2 + -0.025 theta omega + 0.086 omega^2 + -0.003 theta^2 omega + -0.041 theta omega^2 + 4.523 omega^3,-0.005 1 + -0.006 theta + -0.051 omega + -0.001 theta^2 + -0.048 theta omega + 0.205 omega^2 + -0.006 theta^2 omega + -0.072 theta omega^2 + 8.982 omega^3,-4.5606656617e-03,-5.9521495133e-03,-5.1033103893e-02,-1.2894052861e-03,-4.8491617718e-02,2.0486770011e-01,-6.7514004271e-05,-5.8918969828e-03,-7.1526768280e-02,8.9820908257e+00
104091,2025-08-21 16:35:00,0.040331,1.186104,0.839187,0.001 1 + -0.001 theta + 1.003 omega + -0.028 theta omega + 0.109 omega^2 + 0.011 theta^2 omega + -0.140 theta omega^2 + 4.349 omega^3,0.001 1 + -0.003 theta + 0.007 omega + 0.001 theta^2 + -0.056 theta omega + 0.227 omega^2 + 0.021 theta^2 omega + -0.285 theta omega^2 + 8.475 omega^3,1.4075026770e-03,-2.9117366481e-03,7.3139676088e-03,9.1715053123e-04,-5.5981286981e-02,2.2741110841e-01,-5.6540160159e-05,2.1164955400e-02,-2.8478672868e-01,8.4748474712e+00
104092,2025-08-21 16:40:00,0.059488,8.029537,5.677896,0.002 1 + 0.004 theta + 0.666 omega + 0.001 theta^2 + -0.026 theta omega + -4.009 omega^2 + 0.002 theta^2 omega + -0.471 theta omega^2 + -1.787 omega^3,0.004 1 + 0.008 theta + -0.660 omega + 0.001 theta^2 + -0.051 theta omega + -7.975 omega^2 + 0.003 theta^2 omega + -0.939 theta omega^2 + -3.493 omega^3,4.0941703805e-03,8.1920767964e-03,-6.5985794227e-01,1.3752928465e-03,-5.0626065198e-02,-7.9745418920e+00,5.5772788285e-05,3.1079225215e-03,-9.3885374362e-01,-3.4925953451e+00
104093,2025-08-21 16:45:00,0.018669,0.365517,0.258796,-0.001 1 + -0.001 theta + 0.983 omega + -0.009 theta omega + -0.135 omega^2 + 0.001 theta^2 omega + -0.311 theta omega^2 + -0.818 omega^3,-0.003 1 + -0.002 theta + -0.035 omega + -0.001 theta^2 + -0.021 theta omega + -0.274 omega^2 + 0.002 theta^2 omega + -0.631 theta omega^2 + -1.728 omega^3,-2.7541732266e-03,-1.6233341330e-03,-3.4628012641e-02,-6.0542518613e-04,-2.0896204308e-02,-2.7400138219e-01,-4.2273210725e-04,2.0011928600e-03,-6.3054609046e-01,-1.7276599883e+00
104094,2025-08-21 16:50:00,0.185085,5.680931,4.019156,0.001 1 + -0.001 theta + 1.066 omega + -0.001 theta^2 + 0.017 theta omega + -0.384 omega^2 + 0.001 theta^2 omega + -0.039 theta omega^2 + -1.450 omega^3,0.003 1 + -0.003 theta + 0.134 omega + -0.001 theta^2 + 0.035 theta omega + -0.848 omega^2 + 0.003 theta^2 omega + -0.087 theta omega^2 + -2.427 omega^3,2.6935212539e-03,-3.0228291522e-03,1.3374650244e-01,-1.0989841964e-03,3.5250760784e-02,-8.4794944686e-01,-9.0203238746e-05,2.5973833330e-03,-8.7320092832e-02,-2.4266319822e+00
104095,2025-08-21 16:55:00,0.036966,1.260633,0.891785,0.024 1 + -0.010 theta + 0.732 omega + 0.001 theta^2 + 0.103 theta omega + 0.714 omega^2 + -0.009 theta^2 omega + -0.135 theta omega^2 + -5.149 omega^3,0.047 1 + -0.020 theta + -0.523 omega + 0.003 theta^2 + 0.201 theta omega + 1.366 omega^2 + -0.019 theta^2 omega + -0.262 theta omega^2 + -10.142 omega^3,4.6884188677e-02,-1.9916682808e-02,-5.2348569196e-01,2.5183028623e-03,2.0123829494e-01,1.3656541666e+00,-8.8317656924e-05,-1.8517238082e-02,-2.6248064473e-01,-1.0142283425e+01
104096,2025-08-21 17:00:00,0.126478,8.782759,6.210992,0.989 omega + -0.004 theta omega + 0.713 omega^2 + 0.042 theta omega^2 + -7.115 omega^3,0.001 1 + -0.001 theta + -0.021 omega + -0.007 theta omega + 1.436 omega^2 + 0.105 theta omega^2 + -15.155 omega^3,5.3096714431e-04,-7.6063180756e-04,-2.0777432545e-02,2.0865793448e-04,-7.2505225392e-03,1.4355746787e+00,-8.9509224797e-06,1.2440400975e-04,1.0514474405e-01,-1.5155044181e+01
104097,2025-08-21 17:05:00,0.011445,0.489641,0.346323,0.001 1 + -0.001 theta + 1.040 omega + -0.004 theta omega + 0.006 omega^2 + 0.014 theta omega^2 + -2.130 omega^3,0.003 1 + -0.001 theta + 0.080 omega + -0.009 theta omega + 0.015 omega^2 + 0.027 theta omega^2 + -4.210 omega^3,2.6299921102e-03,-1.1226390650e-03,8.0069350229e-02,2.9749267455e-05,-8.5838924030e-03,1.5033614377e-02,-1.4079830500e-06,1.5030504176e-04,2.7352960846e-02,-4.2096791923e+00
104098,2025-08-21 17:10:00,nan,nan,nan,-0.005 1 + -0.005 theta + 0.813 omega + -0.001 theta^2 + -0.043 theta omega + -0.585 omega^2 + -0.003 theta^2 omega + -0.119 theta omega^2 + 2.396 omega^3,-0.013 1 + -0.010 theta + -0.389 omega + -0.002 theta^2 + -0.092 theta omega + -1.200 omega^2 + -0.005 theta^2 omega + -0.242 theta omega^2 + 4.765 omega^3,-1.2520819100e-02,-1.0142466572e-02,-3.8864783446e-01,-2.3501591236e-03,-9.1592478207e-02,-1.2002582358e+00,-1.6031960678e-04,-5.4764054331e-03,-2.4151134326e-01,4.7651245434e+00
104099,2025-08-21 17:15:00,0.028268,0.913829,0.646484,-0.003 1 + -0.001 theta + 1.013 omega + -0.002 theta omega + 0.714 omega^2 + -0.021 theta omega^2 + -4.969 omega^3,-0.005 1 + -0.002 theta + 0.025 omega + 0.001 theta^2 + -0.002 theta omega + 1.446 omega^2 + -0.001 theta^2 omega + -0.050 theta omega^2 + -9.922 omega^3,-5.3734526779e-03,-2.3111623805e-03,2.5381915668e-02,9.8125901923e-04,-2.4849902058e-03,1.4464318018e+00,-7.4580536471e-05,-7.8772411372e-04,-4.9947467869e-02,-9.9218530256e+00
104100,2025-08-21 17:20:00,0.016229,1.323756,0.936107,-0.001 1 + -0.001 theta + 1.015 omega + -0.002 theta omega + 0.035 omega^2 + 0.009 theta omega^2 + -0.778 omega^3,-0.002 1 + -0.001 theta + 0.030 omega + -0.005 theta omega + 0.068 omega^2 + 0.018 theta omega^2 + -1.552 omega^3,-1.7388928954e-03,-1.1931401874e-03,2.9700477204e-02,-6.3902554887e-05,-4.7575567705e-03,6.7691722913e-02,-4.3945537281e-07,-2.6787588235e-04,1.8054017237e-02,-1.5518634947e+00
104101,2025-08-21 17:25:00,0.343490,28.116449,19.882815,0.018 1 + 0.985 omega + -0.003 theta omega + -1.198 omega^2 + -0.031 theta omega^2 + -3.202 omega^3,0.067 1 + 0.004 theta + 0.340 omega + 0.020 theta omega + -0.858 omega^2 + -0.015 theta omega^2 + -4.259 omega^3,6.6709751627e-02,4.4398601002e-03,3.4039447161e-01,7.6797494024e-05,2.0091607662e-02,-8.5776019291e-01,0.0000000000e+00,3.0849651555e-04,-1.4571096014e-02,-4.2585639606e+00
104102,2025-08-21 17:30:00,0.413927,8.084093,5.723805,-0.012 1 + 0.004 theta + 1.233 omega + 0.001 theta^2 + -0.107 theta omega + 0.661 omega^2 + 0.012 theta^2 omega + -0.272 theta omega^2 + -3.266 omega^3,-0.023 1 + 0.008 theta + 0.467 omega + 0.001 theta^2 + -0.214 theta omega + 1.218 omega^2 + 0.025 theta^2 omega + -0.525 theta omega^2 + -6.429 omega^3,-2.3216236652e-02,7.7969477018e-03,4.6732779155e-01,1.2023630302e-03,-2.1365675199e-01,1.2184038024e+00,-3.8905692986e-04,2.4886627257e-02,-5.2486035050e-01,-6.4290739836e+00
104103,2025-08-21 17:35:00,0.007471,0.136456,0.096633,0.001 1 + 0.009 theta + 1.043 omega + -0.002 theta^2 + -0.010 theta omega + -1.734 omega^2 + 0.208 theta omega^2 + 1.954 omega^3,0.002 1 + 0.001 theta + 0.087 omega + -0.020 theta omega + -1.148 omega^2 + 0.001 theta^2 omega + 0.082 theta omega^2 + 4.531 omega^3,1.6743755936e-03,5.1075232274e-04,8.7167700918e-02,-9.2806817875e-05,-2.0255181113e-02,-1.1482812143e+00,0.0000000000e+00,7.3551983299e-04,8.2069131809e-02,4.5310651259e+00
104104,2025-08-21 17:40:00,0.028186,0.641327,0.453924,0.007 1 + 0.001 theta + 1.066 omega + 0.012 theta omega + 0.086 omega^2 + -0.004 theta omega^2 + 0.381 omega^3,0.014 1 + 0.003 theta + 0.136 omega + 0.024 theta omega + 0.220 omega^2 + 0.001 theta^2 omega + -0.003 theta omega^2 + 0.717 omega^3,1.4181160595e-02,2.7913639615e-03,1.3649435464e-01,1.0147010529e-04,2.4178693233e-02,2.2029040305e-01,-1.4760944841e-06,9.7808875301e-04,-2.8402068942e-03,7.1694484135e-01
104105,2025-08-21 17:45:00,0.961979,38.095477,26.946157,-0.006 1 + -0.001 theta + 0.934 omega + -0.031 theta omega + -0.088 omega^2 + -0.003 theta^2 omega + 0.025 theta omega^2 + -3.501 omega^3,-0.013 1 + -0.003 theta + -0.130 omega + 0.001 theta^2 + -0.060 theta omega + -0.133 omega^2 + -0.006 theta^2 omega + 0.055 theta omega^2 + -6.614 omega^3,-1.2792623324e-02,-2.6608037956e-03,-1.2966054652e-01,9.4566910770e-04,-6.0197437243e-02,-1.3289981037e-01,1.8012527019e-04,-5.6872972389e-03,5.5469526798e-02,-6.6142163086e+00
104106,2025-08-21 17:50:00,0.067737,3.506776,2.480128,0.001 1 + 0.988 omega + -0.022 theta omega + 0.205 omega^2 + 0.003 theta^2 omega + -0.035 theta omega^2 + 4.578 omega^3,0.002 1 + -0.001 theta + -0.023 omega + 0.001 theta^2 + -0.044 theta omega + 0.413 omega^2 + 0.007 theta^2 omega + -0.068 theta omega^2 + 9.039 omega^3,1.5826822844e-03,-8.9505176823e-04,-2.2897550868e-02,5.5372364979e-04,-4.4213969900e-02,4.1324555983e-01,-7.4323931641e-05,6.8381883705e-03,-6.8300624863e-02,9.0390824594e+00
104107,2025-08-21 17:55:00,0.063071,2.369235,1.675895,-0.005 1 + -0.003 theta + 0.848 omega + -0.001 theta^2 + -0.058 theta omega + -1.393 omega^2 + -0.005 theta^2 omega + -0.234 theta omega^2 + -4.883 omega^3,-0.009 1 + -0.006 theta + -0.284 omega + -0.001 theta^2 + -0.109 theta omega + -2.709 omega^2 + -0.009 theta^2 omega + -0.458 theta omega^2 + -9.084 omega^3,-9.4214716393e-03,-6.2956992543e-03,-2.8364153154e-01,-1.3296826554e-03,-1.0908148133e-01,-2.7085110957e+00,-9.3537909183e-05,-9.3493122984e-03,-4.5807008418e-01,-9.0837561448e+00
104108,2025-08-21 18:00:00,0.041995,3.348606,2.368008,-0.001 theta + 1.024 omega + -0.019 theta omega + 0.078 omega^2 + -0.006 theta^2 omega + 0.097 theta omega^2 + -7.472 omega^3,-0.001 theta + 0.049 omega + -0.038 theta omega + 0.177 omega^2 + -0.011 theta^2 omega + 0.154 theta omega^2 + -14.144 omega^3,4.5055641071e-04,-1.4270847431e-03,4.9144593297e-02,3.2374375024e-05,-3.8352950040e-02,1.7723225652e-01,1.2093137169e-04,-1.1388653401e-02,1.5392762698e-01,-1.4143840326e+01
104109,2025-08-21 18:05:00,0.020339,1.731283,1.224287,0.003 1 + 0.002 theta + 0.970 omega + 0.006 theta omega + -0.023 omega^2 + -0.007 theta omega^2 + 2.341 omega^3,0.012 1 + 0.415 omega + 0.008 theta omega + 5.091 omega^2 + 0.065 theta omega^2 + 19.075 omega^3,1.1504372162e-02,3.6956783435e-04,4.1452597705e-01,0.0000000000e+00,7.7443664469e-03,5.0907078893e+00,0.0000000000e+00,-8.8417380677e-05,6.5459000601e-02,1.9074558500e+01
104110,2025-08-21 18:10:00,0.021676,0.520220,0.368170,-0.001 theta + 1.018 omega + 0.002 theta omega + 0.086 omega^2 + -0.001 theta^2 omega + 0.009 theta omega^2 + -3.512 omega^3,-0.002 theta + 0.037 omega + 0.001 theta^2 + 0.003 theta omega + 0.173 omega^2 + -0.001 theta^2 omega + 0.012 theta omega^2 + -6.884 omega^3,4.2971138804e-04,-2.4549407302e-03,3.6653070771e-02,7.1283726342e-04,2.5049015064e-03,1.7298007162e-01,-5.1086221596e-05,-1.1097241244e-03,1.1818978754e-02,-6.8837897821e+00
104111,2025-08-21 18:15:00,0.107462,3.484015,2.464742,-0.001 1 + 1.020 omega + -0.013 theta omega + 0.541 omega^2 + 0.001 theta^2 omega + -0.012 theta omega^2 + -4.633 omega^3,-0.002 1 + 0.052 omega + -0.027 theta omega + 0.988 omega^2 + 0.002 theta^2 omega + -0.018 theta omega^2 + -9.075 omega^3,-1.8565189945e-03,5.7614775841e-05,5.2477399868e-02,1.2170423457e-04,-2.6962538867e-02,9.8750647738e-01,-1.1493964758e-05,2.2258450044e-03,-1.7726677904e-02,-9.0748070644e+00
104112,2025-08-21 18:20:00,0.160812,11.059808,7.821292,0.001 1 + 0.002 theta + 0.869 omega + -0.004 theta omega + 1.181 omega^2 + 0.001 theta^2 omega + -0.060 theta omega^2 + -1.763 omega^3,0.002 1 + 0.003 theta + -0.278 omega + -0.006 theta omega + 2.472 omega^2 + 0.001 theta^2 omega + -0.126 theta omega^2 + -3.687 omega^3,2.2182354756e-03,3.2216299664e-03,-2.7797625486e-01,-2.5348160185e-04,-6.4826208280e-03,2.4720127723e+00,2.8884155814e-06,1.4212423025e-03,-1.2593638073e-01,-3.6872280260e+00
104113,2025-08-21 18:25:00,nan,nan,nan,-0.001 theta + 0.996 omega + -0.002 theta omega + -0.027 omega^2 + -0.001 theta^2 omega + -0.017 theta omega^2 + 1.763 omega^3,-0.001 1 + -0.002 theta + -0.007 omega + -0.001 theta^2 + -0.002 theta omega + -0.068 omega^2 + -0.001 theta^2 omega + -0.041 theta omega^2 + 3.781 omega^3,-6.9226805670e-04,-2.0663725204e-03,-6.9418687786e-03,-7.0992385508e-04,-2.0388884602e-03,-6.7853500530e-02,-5.6896948288e-05,-8.5519259084e-04,-4.0580963179e-02,3.7810655886e+00
104114,2025-08-21 18:30:00,0.017072,0.730684,0.516812,-0.001 1 + 1.018 omega + -0.002 theta omega + 0.085 omega^2 + -0.002 theta^2 omega + 0.012 theta omega^2 + -3.248 omega^3,-0.001 1 + 0.034 omega + -0.003 theta omega + 0.183 omega^2 + -0.004 theta^2 omega + 0.024 theta omega^2 + -6.264 omega^3,-1.2267281470e-03,2.5043961717e-04,3.4237288523e-02,3.1738841543e-04,-3.1626543813e-03,1.8258858559e-01,-6.0652483659e-05,-3.8716623621e-03,2.4318681989e-02,-6.2635313018e+00
104115,2025-08-21 18:35:00,0.045192,2.331052,1.648612,-0.001 theta + 0.988 omega + -0.001 theta^2 + 0.016 theta omega + -0.290 omega^2 + 0.004 theta^2 omega + -0.128 theta omega^2 + 3.253 omega^3,0.001 1 + -0.001 theta + -0.022 omega + -0.002 theta^2 + 0.033 theta omega + -0.568 omega^2 + 0.009 theta^2 omega + -0.256 theta omega^2 + 6.607 omega^3,7.6069117633e-04,-1.2431470687e-03,-2.2378382920e-02,-1.5446920027e-03,3.3312041106e-02,-5.6783567940e-01,-3.0388528777e-04,8.5388926123e-03,-2.5601726469e-01,6.6065540674e+00
104116,2025-08-21 18:40:00,0.037939,4.030819,2.850346,0.003 1 + -0.001 theta + 0.865 omega + 0.006 theta omega + 2.239 omega^2 + 0.001 theta^2 omega + -0.152 theta omega^2 + -7.434 omega^3,0.006 1 + -0.002 theta + -0.260 omega + 0.012 theta omega + 4.355 omega^2 + 0.001 theta^2 omega + -0.308 theta omega^2 + -14.084 omega^3,5.8697022996e-03,-1.6819999643e-03,-2.5962179556e-01,2.1952725297e-04,1.2086874345e-02,4.3550311404e+00,-1.1751664225e-05,1.4975183678e-03,-3.0789030323e-01,-1.4083537743e+01
104117,2025-08-21 18:45:00,0.018127,1.804983,1.276380,0.014 1 + 0.001 theta + 0.827 omega + -0.009 theta omega + 0.119 omega^2 + 0.001 theta^2 omega + 0.010 theta omega^2 + 2.971 omega^3,0.046 1 + -0.002 theta + -0.885 omega + 0.033 theta omega + 5.174 omega^2 + -0.136 theta omega^2 + -7.854 omega^3,4.6160015418e-02,-2.1687322522e-03,-8.8524197192e-01,1.6457100100e-05,3.2758823279e-02,5.1739082933e+00,0.0000000000e+00,-9.1350521101e-05,-1.3599740804e-01,-7.8536241468e+00
104118,2025-08-21 18:50:00,nan,nan,nan,-0.005 1 + 1.051 omega + 0.016 theta omega + 0.972 omega^2 + 0.001 theta^2 omega + 0.132 theta omega^2 + 1.632 omega^3,-0.009 1 + 0.112 omega + 0.034 theta omega + 2.009 omega^2 + 0.002 theta^2 omega + 0.271 theta omega^2 + 3.491 omega^3,-8.6998799351e-03,1.2916414654e-04,1.1237520354e-01,4.1324293658e-04,3.4106706751e-02,2.0085844985e+00,3.0163667237e-05,2.2236139394e-03,2.7090058263e-01,3.4907969458e+00
104119,2025-08-21 18:55:00,0.066401,2.571928,1.819234,0.001 1 + 0.001 theta + 1.033 omega + -0.001 theta^2 + -0.016 theta omega + 0.094 omega^2 + -0.004 theta^2 omega + -0.118 theta omega^2 + -4.711 omega^3,0.003 1 + 0.002 theta + 0.069 omega + -0.001 theta^2 + -0.031 theta omega + 0.174 omega^2 + -0.007 theta^2 omega + -0.240 theta omega^2 + -9.568 omega^3,2.8716507197e-03,1.8450643812e-03,6.8598417659e-02,-1.2236712168e-03,-3.0964788074e-02,1.7405146601e-01,-2.7503113879e-04,-7.4792373056e-03,-2.4010319078e-01,-9.5681090909e+00
104120,2025-08-21 19:00:00,0.234249,9.327479,6.597604,-0.001 theta + 1.014 omega + -0.001 theta^2 + 0.027 theta omega + 0.128 omega^2 + -0.011 theta^2 omega + 0.167 theta omega^2 + -3.823 omega^3,-0.003 theta + 0.031 omega + -0.001 theta^2 + 0.055 theta omega + 0.267 omega^2 + -0.023 theta^2 omega + 0.333 theta omega^2 + -7.880 omega^3,3.6835537322e-04,-2.7450370684e-03,3.0725530019e-02,-1.0070963217e-03,5.5027357989e-02,2.6739027128e-01,4.8135174281e-04,-2.2526371431e-02,3.3293775180e-01,-7.8796363261e+00
104121,2025-08-21 19:05:00,0.010573,0.435610,0.308114,-0.006 1 + 0.002 theta + 1.066 omega + -0.020 theta omega + -0.611 omega^2 + -0.009 theta omega^2 + 4.523 omega^3,-0.013 1 + 0.001 theta + 0.219 omega + -0.007 theta omega + -1.133 omega^2 + 0.022 theta omega^2 + 1.583 omega^3,-1.2634781220e-02,7.0163603595e-04,2.1881472286e-01,-1.0774905709e-05,-7.3136548433e-03,-1.1329167555e+00,0.0000000000e+00,4.2130762065e-05,2.2256455484e-02,1.5830248492e+00
104122,2025-08-21 19:10:00,0.093691,5.731694,4.053461,0.002 1 + 0.002 theta + 1.009 omega + -0.002 theta omega + -0.042 omega^2 + -0.054 theta omega^2 + -0.768 omega^3,0.004 1 + 0.004 theta + 0.020 omega + 0.001 theta^2 + -0.002 theta omega + -0.118 omega^2 + -0.001 theta^2 omega + -0.116 theta omega^2 + -1.354 omega^3,4.0547723727e-03,4.0559195629e-03,2.0080255933e-02,7.7600067077e-04,-1.6284011310e-03,-1.1835536299e-01,3.8683674375e-05,-5.6193608114e-04,-1.1595248673e-01,-1.3540413440e+00
104123,2025-08-21 19:15:00,nan,nan,nan,-0.075 1 + 0.004 theta + 1.585 omega + -0.036 theta omega + -0.754 omega^2 + 0.001 theta^2 omega + 0.027 theta omega^2 + 0.099 omega^3,-0.086 1 + 0.007 theta + 0.787 omega + -0.057 theta omega + -2.092 omega^2 + 0.001 theta^2 omega + 0.063 theta omega^2 + 3.112 omega^3,-8.6462370448e-02,7.3788182027e-03,7.8721035203e-01,-1.4650927532e-04,-5.6810494063e-02,-2.0921349934e+00,0.0000000000e+00,9.5012759000e-04,6.3451878452e-02,3.1122238079e+00
104124,2025-08-21 19:20:00,nan,nan,nan,0.009 1 + 0.002 theta + 1.208 omega + 0.032 theta omega + 2.027 omega^2 + 0.001 theta^2 omega + 0.052 theta omega^2 + 10.585 omega^3,0.023 1 + 0.005 theta + 0.582 omega + 0.079 theta omega + 5.504 omega^2 + 0.003 theta^2 omega + 0.158 theta omega^2 + 23.534 omega^3,2.2516439960e-02,4.9265549117e-03,5.8197446402e-01,1.1445050177e-04,7.8643722762e-02,5.5041558389e+00,-5.9797274409e-06,2.6896861841e-03,1.5848568707e-01,2.3533699115e+01
104125,2025-08-21 19:25:00,nan,nan,nan,-0.024 1 + 0.001 theta + 1.418 omega + -0.027 theta omega + -1.704 omega^2 + 0.062 theta omega^2 + 1.788 omega^3,-0.021 1 + 0.002 theta + 0.324 omega + -0.029 theta omega + -0.913 omega^2 + 0.067 theta omega^2 + -0.681 omega^3,-2.1201259335e-02,2.2080920306e-03,3.2402080921e-01,-5.1050105412e-05,-2.9407222126e-02,-9.1275300750e-01,0.0000000000e+00,4.9179528848e-04,6.7200323606e-02,-6.8071766414e-01
104126,2025-08-21 19:30:00,0.014157,0.344740,0.243973,-0.001 1 + 1.081 omega + -0.020 theta omega + -0.646 omega^2 + 0.001 theta^2 omega + 0.068 theta omega^2 + 1.995 omega^3,-0.002 1 + 0.165 omega + -0.040 theta omega + -1.285 omega^2 + 0.002 theta^2 omega + 0.136 theta omega^2 + 3.872 omega^3,-1.6604777829e-03,-4.1755155185e-04,1.6450728785e-01,1.9515984610e-04,-4.0036205219e-02,-1.2845037713e+00,-1.2029011447e-05,1.9135786749e-03,1.3604297935e-01,3.8721798992e+00
104127,2025-08-21 19:35:00,0.024208,1.265090,0.894718,-0.013 1 + -0.003 theta + 0.525 omega + -0.071 theta omega + -4.433 omega^2 + -0.002 theta^2 omega + -0.440 theta omega^2 + -4.559 omega^3,-0.026 1 + -0.005 theta + -0.927 omega + -0.137 theta omega + -8.670 omega^2 + -0.005 theta^2 omega + -0.864 theta omega^2 + -8.047 omega^3,-2.5727031838e-02,-4.9229791791e-03,-9.2703297678e-01,-3.0755816404e-04,-1.3653197042e-01,-8.6698824312e+00,-7.2650141602e-06,-4.5161538528e-03,-8.6415175103e-01,-8.0467840282e+00
104128,2025-08-21 19:40:00,0.012429,1.031019,0.729093,-0.002 theta + 1.025 omega + 0.017 theta omega + 0.020 omega^2 + -0.058 theta omega^2 + -0.736 omega^3,-0.001 1 + -0.003 theta + 0.050 omega + 0.032 theta omega + 0.015 omega^2 + -0.112 theta omega^2 + -1.300 omega^3,-6.1785805432e-04,-3.2293117396e-03,5.0445520035e-02,1.1482238094e-04,3.2298372634e-02,1.4915033235e-02,-1.3919609116e-06,-3.3952585570e-04,-1.1231135895e-01,-1.3001904609e+00
104129,2025-08-21 19:45:00,0.008848,0.676753,0.478577,0.002 1 + -0.001 theta + 1.052 omega + -0.012 theta omega + -0.057 omega^2 + -0.001 theta^2 omega + -0.004 theta omega^2 + -2.899 omega^3,0.003 1 + -0.001 theta + 0.089 omega + -0.020 theta omega + -0.134 omega^2 + -0.002 theta^2 omega + -0.019 theta omega^2 + -4.821 omega^3,3.4714293668e-03,-8.8631780362e-04,8.8953425714e-02,-1.1384492994e-04,-2.0026257359e-02,-1.3355695342e-01,0.0000000000e+00,-1.9796304412e-03,-1.8559989626e-02,-4.8212643083e+00
104130,2025-08-21 19:50:00,0.081296,9.522110,6.733394,-0.001 1 + 0.001 theta + 1.029 omega + -0.005 theta omega + -0.139 omega^2 + 0.017 theta omega^2 + 0.012 omega^3,-0.002 1 + 0.002 theta + 0.061 omega + -0.013 theta omega + -0.284 omega^2 + 0.024 theta omega^2 + 0.526 omega^3,-2.4676085243e-03,1.5966160795e-03,6.0939433423e-02,1.9886412611e-06,-1.2765523307e-02,-2.8395353752e-01,0.0000000000e+00,-3.0225059640e-05,2.4264570660e-02,5.2574168160e-01
104131,2025-08-21 19:55:00,0.084433,8.090648,5.721264,0.002 1 + 0.976 omega + 0.003 theta omega + -0.255 omega^2 + -0.038 theta omega^2 + 2.048 omega^3,0.006 1 + -0.001 theta + 0.026 omega + -0.006 theta omega + -0.367 omega^2 + -0.001 theta^2 omega + -0.074 theta omega^2,6.0863047774e-03,-5.4462325609e-04,2.6214393037e-02,-1.6758291186e-04,-5.5665847708e-03,-3.6693872679e-01,0.0000000000e+00,-6.6604806584e-04,-7.4494533771e-02,0.0000000000e+00
104132,2025-08-21 20:00:00,nan,nan,nan,-0.001 1 + 1.023 omega + 0.006 theta omega + 0.238 omega^2 + 0.016 theta omega^2 + 0.398 omega^3,-0.001 1 + 0.001 theta + 0.045 omega + 0.011 theta omega + 0.462 omega^2 + 0.032 theta omega^2 + 0.815 omega^3,-7.0402650553e-04,5.9749821400e-04,4.5273363725e-02,4.4390765277e-05,1.1204033287e-02,4.6222678836e-01,1.0107095676e-07,4.9613113770e-04,3.1612550050e-02,8.1539443103e-01
104133,2025-08-21 20:05:00,1.693310,133.900629,94.689613,-0.015 1 + 0.003 theta + 1.072 omega + -0.010 theta omega + 0.187 omega^2 + -0.036 theta omega^2 + 0.034 omega^3,-0.031 1 + 0.007 theta + 0.142 omega + -0.021 theta omega + 0.407 omega^2 + 0.001 theta^2 omega + -0.073 theta omega^2 + 0.035 omega^3,-3.0826765608e-02,6.6285295142e-03,1.4229625541e-01,-3.0931064715e-04,-2.0649944170e-02,4.0724915349e-01,3.4704655595e-07,6.8990492109e-04,-7.2905318530e-02,3.5348153222e-02
104134,2025-08-21 20:10:00,0.007119,0.087516,0.062088,0.001 1 + 1.010 omega + 0.004 theta omega + -0.059 omega^2 + -0.017 theta omega^2 + 0.036 omega^3,0.001 1 + 0.020 omega + 0.007 theta omega + -0.140 omega^2 + -0.035 theta omega^2 + 0.213 omega^3,1.2029813038e-03,-3.5632614929e-04,1.9736140855e-02,-5.5511445811e-05,7.4397193398e-03,-1.4024000914e-01,0.0000000000e+00,3.3281857223e-04,-3.5382586571e-02,2.1287127959e-01
104135,2025-08-21 20:15:00,0.044198,4.432930,3.134711,-0.005 1 + 0.001 theta + 0.981 omega + 0.173 omega^2 + -0.030 theta omega^2 + 0.413 omega^3,-0.011 1 + 0.002 theta + -0.041 omega + 0.001 theta omega + 0.354 omega^2 + -0.060 theta omega^2 + 0.933 omega^3,-1.0911457093e-02,2.0331296073e-03,-4.0604552674e-02,4.9745001430e-06,9.4256219613e-04,3.5427939511e-01,-1.1529721349e-05,3.3771322926e-04,-6.0494889470e-02,9.3320258892e-01
104136,2025-08-21 20:20:00,nan,nan,nan,0.010 1 + 0.002 theta + 1.105 omega + 0.019 theta omega + 0.157 omega^2 + 0.001 theta^2 omega + 0.013 theta omega^2 + 0.171 omega^3,0.021 1 + 0.004 theta + 0.210 omega + 0.038 theta omega + 0.287 omega^2 + 0.002 theta^2 omega + 0.024 theta omega^2 + 0.383 omega^3,2.0742776355e-02,4.3590984325e-03,2.0984576432e-01,2.6376349799e-04,3.8211437100e-02,2.8660247216e-01,3.8516519362e-06,1.6405717082e-03,2.4295350684e-02,3.8319612782e-01
104137,2025-08-21 20:25:00,0.022964,2.227580,1.575221,-0.087 1 + 0.002 theta + 2.535 omega + -0.033 theta omega + -8.331 omega^2 + 0.113 theta omega^2 + 14.319 omega^3,-0.040 1 + 0.001 theta + 0.626 omega + -0.019 theta omega + -2.616 omega^2 + 0.066 theta omega^2 + 2.044 omega^3,-3.9827677810e-02,1.2138910235e-03,6.2563256392e-01,0.0000000000e+00,-1.8954687823e-02,-2.6159535909e+00,0.0000000000e+00,8.9032971570e-06,6.6420414117e-02,2.0442317180e+00
104138,2025-08-21 20:30:00,0.178716,8.278733,5.855312,0.991 omega + 0.003 theta omega + 0.307 omega^2 + 0.045 theta omega^2 + -4.786 omega^3,-0.013 omega + 0.006 theta omega + 0.568 omega^2 + 0.121 theta omega^2 + -9.977 omega^3,-8.8387640430e-05,3.5005638990e-04,-1.3403814287e-02,-1.8162090537e-04,6.2135016924e-03,5.6811678307e-01,-3.3846010416e-06,3.6868440238e-04,1.2075369836e-01,-9.9766743142e+00
104139,2025-08-21 20:35:00,0.014974,0.911469,0.644593,0.107 1 + -0.001 theta + -0.564 omega + 0.019 theta omega + 7.011 omega^2 + -0.061 theta omega^2 + -9.624 omega^3,0.474 1 + -0.012 theta + -6.468 omega + 0.122 theta omega + 28.477 omega^2 + -0.296 theta omega^2 + -40.278 omega^3,4.7391042029e-01,-1.2020671577e-02,-6.4679867805e+00,6.7980340019e-05,1.2154046706e-01,2.8477284462e+01,0.0000000000e+00,-4.1615279587e-04,-2.9595785759e-01,-4.0277767769e+01
104140,2025-08-21 20:40:00,0.007073,0.325937,0.230526,0.012 1 + 0.001 theta + 0.407 omega + -0.024 theta omega + 8.625 omega^2 + 0.001 theta^2 omega + -0.009 theta omega^2 + -32.450 omega^3,0.014 1 + 0.001 theta + -0.718 omega + -0.021 theta omega + 12.193 omega^2 + 0.158 theta omega^2 + -65.794 omega^3,1.3674605699e-02,6.8283333697e-04,-7.1793962054e-01,-2.7725563542e-06,-2.0723138180e-02,1.2192505913e+01,0.0000000000e+00,-3.1894171016e-05,1.5844478451e-01,-6.5793729872e+01
104141,2025-08-21 20:45:00,0.021962,0.941367,0.665828,1.007 omega + 0.002 theta omega + -0.039 omega^2 + -0.001 theta^2 omega + -0.076 theta omega^2 + -1.774 omega^3,-0.001 1 + 0.014 omega + 0.001 theta^2 + 0.004 theta omega + -0.067 omega^2 + -0.001 theta^2 omega + -0.165 theta omega^2 + -3.213 omega^3,-6.3127479181e-04,8.0639969641e-05,1.3720601797e-02,8.2896620331e-04,3.6901412665e-03,-6.6867699972e-02,-1.8601620824e-04,-8.6787572567e-04,-1.6466388746e-01,-3.2131222141e+00
104142,2025-08-21 20:50:00,nan,nan,nan,0.127 1 + 0.014 theta + 3.163 omega + 0.205 theta omega + 10.248 omega^2 + 0.003 theta^2 omega + 0.689 theta omega^2 + 9.121 omega^3,0.254 1 + 0.029 theta + 4.330 omega + 0.001 theta^2 + 0.410 theta omega + 20.480 omega^2 + 0.006 theta^2 omega + 1.375 theta omega^2 + 18.205 omega^3,2.5367409905e-01,2.8964135360e-02,4.3295677005e+00,7.4168129404e-04,4.1018281564e-01,2.0479708932e+01,4.6901478300e-06,5.9100745556e-03,1.3749522421e+00,1.8205418778e+01
104143,2025-08-21 20:55:00,nan,nan,nan,0.050 1 + 0.002 theta + 1.863 omega + 0.058 theta omega + 3.411 omega^2 + -0.002 theta^2 omega + 0.339 theta omega^2 + -2.313 omega^3,0.094 1 + 0.006 theta + 1.398 omega + 0.111 theta omega + 4.157 omega^2 + -0.001 theta^2 omega + 0.429 theta omega^2 + -3.394 omega^3,9.3884600826e-02,5.6881003176e-03,1.3977061573e+00,-2.1245976450e-04,1.1077976114e-01,4.1571900688e+00,0.0000000000e+00,-1.1313837663e-03,4.2940841940e-01,-3.3936512759e+00
104144,2025-08-21 21:00:00,nan,nan,nan,0.162 1 + 0.001 theta + 3.224 omega + 0.007 theta omega + 10.061 omega^2 + 0.022 theta omega^2 + 14.932 omega^3,0.334 1 + 0.001 theta + 4.612 omega + 0.014 theta omega + 20.970 omega^2 + 0.043 theta omega^2 + 31.352 omega^3,3.3433573127e-01,1.1818455622e-03,4.6115978530e+00,-1.3273680655e-05,1.4335902988e-02,2.0969994359e+01,0.0000000000e+00,-7.2740461939e-05,4.3155940180e-02,3.1352473441e+01
104145,2025-08-21 21:05:00,nan,nan,nan,0.060 1 + -0.001 theta + 1.785 omega + 0.013 theta omega + 1.852 omega^2 + -0.001 theta^2 omega + 0.064 theta omega^2 + -3.555 omega^3,0.118 1 + 0.007 theta + 1.874 omega + 0.092 theta omega + 8.561 omega^2 + 0.001 theta^2 omega + 0.285 theta omega^2 + 9.403 omega^3,1.1753510343e-01,6.9135350396e-03,1.8738055286e+00,8.6077434830e-05,9.2486307287e-02,8.5611667827e+00,0.0000000000e+00,7.2684696126e-04,2.8530994774e-01,9.4029532347e+00
104146,2025-08-21 21:10:00,0.037471,2.262248,1.599870,0.002 1 + 1.005 omega + 0.003 theta omega + -0.321 omega^2 + -0.001 theta^2 omega + 0.009 theta omega^2 + -1.689 omega^3,0.004 1 + 0.012 omega + 0.006 theta omega + -0.639 omega^2 + -0.002 theta^2 omega + 0.025 theta omega^2 + -3.534 omega^3,3.6377590959e-03,-2.1160116121e-04,1.2284300305e-02,-2.5768827083e-04,5.7672356819e-03,-6.3882266003e-01,-7.5206501818e-06,-1.7000458119e-03,2.5372003327e-02,-3.5344607175e+00
104147,2025-08-21 21:15:00,0.003591,0.078714,0.055717,0.001 theta + 1.003 omega + -0.004 theta omega + 0.034 omega^2 + -0.001 theta^2 omega + -0.005 theta omega^2 + -0.438 omega^3,0.001 1 + 0.001 theta + 0.005 omega + -0.009 theta omega + 0.065 omega^2 + -0.001 theta^2 omega + -0.011 theta omega^2 + -0.774 omega^3,9.4473259050e-04,1.4204945830e-03,5.4013046196e-03,2.0469545277e-04,-8.7249595115e-03,6.4769014430e-02,2.5531629722e-06,-1.2962174809e-03,-1.1440523835e-02,-7.7407523266e-01
104148,2025-08-21 21:20:00,nan,nan,nan,-0.003 1 + -0.002 theta + 0.910 omega + 0.004 theta omega + -0.019 omega^2 + -0.002 theta omega^2 + 2.823 omega^3,-0.005 1 + -0.003 theta + -0.184 omega + 0.001 theta^2 + 0.008 theta omega + -0.072 omega^2 + -0.001 theta omega^2 + 5.888 omega^3,-5.0022713267e-03,-3.4796607048e-03,-1.8359780609e-01,7.5269372365e-04,8.0157667565e-03,-7.2491006166e-02,-3.5538326863e-05,4.4981176631e-04,-1.0069937611e-03,5.8879529483e+00
104149,2025-08-21 21:25:00,0.010043,0.812987,0.574912,-0.001 theta + 1.001 omega + 0.006 theta omega + 0.064 omega^2 + -0.056 theta omega^2 + 0.505 omega^3,-0.001 1 + -0.002 theta + 0.025 omega + 0.019 theta omega + 0.176 omega^2 + -0.091 theta omega^2 + -1.109 omega^3,-1.1404774032e-03,-1.5549954287e-03,2.5331968018e-02,2.4156592325e-05,1.9045478811e-02,1.7601666281e-01,0.0000000000e+00,3.6048113585e-05,-9.1495900762e-02,-1.1085419355e+00
104150,2025-08-21 21:30:00,0.041433,4.034956,2.853295,0.008 1 + -0.001 theta + 0.888 omega + 0.015 theta omega + 0.350 omega^2 + -0.044 theta omega^2 + 0.515 omega^3,0.025 1 + -0.005 theta + -0.367 omega + 0.050 theta omega + 1.237 omega^2 + -0.002 theta^2 omega + -0.133 theta omega^2 + 0.894 omega^3,2.5497473712e-02,-4.5380641449e-03,-3.6727279293e-01,2.3873641555e-04,5.0137115880e-02,1.2367570756e+00,-3.2293124832e-06,-1.5302649333e-03,-1.3315423756e-01,8.9398054399e-01
104151,2025-08-21 21:35:00,nan,nan,nan,-0.039 1 + 1.919 omega + -0.023 theta omega + -5.303 omega^2 + -0.001 theta^2 omega + 0.245 theta omega^2 + 1.621 omega^3,-0.080 1 + -0.001 theta + 1.886 omega + -0.047 theta omega + -10.947 omega^2 + -0.002 theta^2 omega + 0.498 theta omega^2 + 4.067 omega^3,-8.0109619368e-02,-9.0843670482e-04,1.8858032668e+00,2.2679363655e-04,-4.7029810022e-02,-1.0946706610e+01,0.0000000000e+00,-2.0409589368e-03,4.9770923690e-01,4.0674320519e+00
104152,2025-08-21 21:40:00,0.044096,2.285097,1.616108,-0.001 1 + 0.001 theta + 0.947 omega + -0.001 theta omega + 1.439 omega^2 + -0.061 theta omega^2 + -7.632 omega^3,-0.003 1 + 0.003 theta + -0.107 omega + -0.001 theta omega + 2.915 omega^2 + 0.001 theta^2 omega + -0.124 theta omega^2 + -15.363 omega^3,-2.7962549608e-03,2.5853176612e-03,-1.0711420775e-01,-4.0789118638e-04,-1.4081196628e-03,2.9149415617e+00,1.7180153372e-05,7.0685503255e-04,-1.2406808230e-01,-1.5363464830e+01
104153,2025-08-21 21:45:00,0.043401,0.916849,0.649036,-0.001 theta + 1.009 omega + 0.001 theta^2 + -0.001 theta omega + 0.139 omega^2 + -0.053 theta omega^2 + -0.322 omega^3,-0.001 1 + -0.002 theta + 0.017 omega + 0.001 theta^2 + -0.003 theta omega + 0.324 omega^2 + -0.114 theta omega^2 + -0.610 omega^3,-7.3525027196e-04,-2.4399366784e-03,1.7023731355e-02,1.3329310902e-03,-2.7689859537e-03,3.2381706602e-01,-1.2282598331e-04,-3.9138575396e-06,-1.1365988468e-01,-6.1023702070e-01
104154,2025-08-21 21:50:00,0.014948,0.778736,0.550751,0.017 1 + 0.001 theta + 1.361 omega + 0.037 theta omega + 1.864 omega^2 + 0.001 theta^2 omega + 0.099 theta omega^2 + 2.472 omega^3,0.034 1 + 0.003 theta + 0.713 omega + 0.073 theta omega + 3.663 omega^2 + 0.002 theta^2 omega + 0.195 theta omega^2 + 4.928 omega^3,3.3504191384e-02,2.7700126994e-03,7.1298471563e-01,-1.1512805889e-04,7.2802810234e-02,3.6629397541e+00,-9.7140904036e-06,1.7238764570e-03,1.9455963966e-01,4.9280491013e+00
104155,2025-08-21 21:55:00,nan,nan,nan,-0.001 theta + 1.073 omega + -0.029 theta omega + -0.446 omega^2 + 0.002 theta^2 omega + 0.032 theta omega^2 + 4.609 omega^3,-0.003 theta + 0.146 omega + 0.001 theta^2 + -0.055 theta omega + -0.844 omega^2 + 0.004 theta^2 omega + 0.060 theta omega^2 + 8.768 omega^3,-4.3329528892e-04,-2.9445375203e-03,1.4559224918e-01,7.3517511157e-04,-5.5459445180e-02,-8.4354082932e-01,-4.4308170931e-05,4.2006395441e-03,5.9530507561e-02,8.7677694763e+00
104156,2025-08-21 22:00:00,nan,nan,nan,0.001 1 + 0.987 omega + -0.003 theta omega + -0.077 omega^2 + -0.009 theta omega^2 + 1.161 omega^3,0.002 1 + 0.001 theta + -0.026 omega + -0.005 theta omega + -0.143 omega^2 + -0.001 theta^2 omega + -0.016 theta omega^2 + 2.458 omega^3,2.2666814104e-03,5.7640192477e-04,-2.5825049570e-02,7.0844473930e-06,-5.4681154730e-03,-1.4342961409e-01,-5.0785699432e-06,-5.7632953341e-04,-1.6329370704e-02,2.4577111858e+00
104157,2025-08-21 22:05:00,nan,nan,nan,-0.024 1 + 0.003 theta + 1.372 omega + -0.043 theta omega + -1.695 omega^2 + 0.001 theta^2 omega + 0.081 theta omega^2 + 3.459 omega^3,-0.048 1 + 0.005 theta + 0.730 omega + -0.085 theta omega + -3.318 omega^2 + 0.002 theta^2 omega + 0.156 theta omega^2 + 6.877 omega^3,-4.7622463912e-02,5.4676426404e-03,7.2966940858e-01,4.0886682774e-06,-8.4608353594e-02,-3.3178347868e+00,-1.0000857086e-05,2.3918103243e-03,1.5642509379e-01,6.8769849496e+00
104158,2025-08-21 22:10:00,nan,nan,nan,0.004 1 + 0.001 theta + 1.012 omega + -0.001 theta^2 + 0.013 theta omega + -0.526 omega^2 + 0.001 theta^2 omega + -0.175 theta omega^2 + 0.896 omega^3,0.008 1 + 0.001 theta + 0.024 omega + -0.001 theta^2 + 0.025 theta omega + -1.074 omega^2 + 0.003 theta^2 omega + -0.349 theta omega^2 + 1.831 omega^3,8.1036220837e-03,1.2105997112e-03,2.3636429959e-02,-1.0121422209e-03,2.5150844385e-02,-1.0743990469e+00,-1.4891807245e-04,2.9429436972e-03,-3.4907367970e-01,1.8309172939e+00
104159,2025-08-21 22:15:00,0.082040,6.012935,4.252183,0.993 omega + -0.006 theta omega + -0.007 omega^2 + -0.001 theta^2 omega + 0.016 theta omega^2 + 0.663 omega^3,-0.001 1 + -0.012 omega + -0.012 theta omega + -0.030 omega^2 + -0.002 theta^2 omega + 0.031 theta omega^2 + 1.393 omega^3,-8.6273317815e-04,4.3341087988e-04,-1.2384826523e-02,3.8701835112e-04,-1.1828683034e-02,-3.0378539461e-02,-3.7375498455e-06,-2.0092457122e-03,3.0871768976e-02,1.3931108230e+00
104160,2025-08-21 22:20:00,0.024976,1.722231,1.217929,0.009 1 + 0.669 omega + 0.020 theta omega + 2.853 omega^2 + -0.106 theta omega^2 + -6.190 omega^3,0.026 1 + -0.002 theta + -0.807 omega + 0.053 theta omega + 6.640 omega^2 + -0.001 theta^2 omega + -0.250 theta omega^2 + -14.443 omega^3,2.5729165742e-02,-1.8397772049e-03,-8.0747420746e-01,2.8811566874e-05,5.3282106438e-02,6.6395127941e+00,0.0000000000e+00,-8.1115461050e-04,-2.4982968698e-01,-1.4443114896e+01
104161,2025-08-21 22:25:00,0.121469,10.567169,7.472611,-0.001 theta + 1.014 omega + 0.030 theta omega + -0.079 omega^2 + 0.002 theta^2 omega + -0.348 theta omega^2 + 2.657 omega^3,-0.002 theta + 0.028 omega + 0.060 theta omega + -0.177 omega^2 + 0.006 theta^2 omega + -0.753 theta omega^2 + 6.254 omega^3,-3.1741424348e-04,-1.6320235695e-03,2.7851979305e-02,-3.5378689919e-04,5.9543220272e-02,-1.7678671957e-01,2.3609341760e-05,5.8094359728e-03,-7.5301242225e-01,6.2539970633e+00
104162,2025-08-21 22:30:00,0.015005,0.590920,0.417979,1.006 omega + 0.001 theta omega + -0.016 omega^2 + 0.013 theta omega^2 + -0.840 omega^3,0.001 1 + 0.011 omega + 0.003 theta omega + -0.045 omega^2 + 0.028 theta omega^2 + -1.635 omega^3,7.2425940025e-04,-4.8756579387e-05,1.0874632755e-02,-8.2444687515e-05,2.7507829654e-03,-4.4721089975e-02,-5.9087450000e-06,-3.7508334811e-04,2.7643402824e-02,-1.6353732905e+00
104163,2025-08-21 22:35:00,0.013259,0.228482,0.161833,-0.001 1 + -0.001 theta + 1.115 omega + -0.007 theta omega + -1.294 omega^2 + 0.037 theta omega^2 + 4.834 omega^3,-0.001 1 + -0.002 theta + 0.233 omega + -0.015 theta omega + -2.592 omega^2 + 0.073 theta omega^2 + 9.783 omega^3,-1.4910398148e-03,-1.8954389598e-03,2.3262204408e-01,3.1786947746e-04,-1.5319578073e-02,-2.5922699928e+00,-1.1285952281e-05,8.0737474006e-05,7.3175690221e-02,9.7832746753e+00
104164,2025-08-21 22:40:00,0.015282,0.853506,0.603617,-0.002 1 + 1.014 omega + 0.006 theta omega + -0.866 omega^2 + -0.032 theta omega^2 + 7.910 omega^3,0.001 1 + -0.021 omega + 0.020 theta omega + -1.368 omega^2 + -0.001 theta^2 omega + -0.074 theta omega^2 + 13.472 omega^3,8.6138277493e-04,-4.4000055754e-04,-2.0928193189e-02,2.5986772801e-05,2.0173460446e-02,-1.3680127144e+00,0.0000000000e+00,-8.2694463602e-04,-7.3703371060e-02,1.3471907497e+01
104165,2025-08-21 22:45:00,0.034881,2.621853,1.854094,0.004 1 + -0.004 theta + 0.954 omega + 0.001 theta^2 + 0.041 theta omega + -0.060 omega^2 + -0.008 theta^2 omega + 0.007 theta omega^2 + -0.909 omega^3,0.008 1 + -0.009 theta + -0.091 omega + 0.002 theta^2 + 0.082 theta omega + -0.165 omega^2 + -0.015 theta^2 omega + 0.031 theta omega^2 + -1.128 omega^3,8.2572079444e-03,-8.5258293787e-03,-9.0983723972e-02,2.4322265708e-03,8.1993462029e-02,-1.6526643720e-01,-2.0107415551e-04,-1.5331096925e-02,3.0904834634e-02,-1.1275844239e+00
104166,2025-08-21 22:50:00,nan,nan,nan,-0.009 1 + 0.004 theta + 1.057 omega + -0.032 theta omega + 1.019 omega^2 + 0.002 theta^2 omega + -0.024 theta omega^2 + -4.491 omega^3,-0.018 1 + 0.008 theta + 0.105 omega + -0.001 theta^2 + -0.064 theta omega + 2.147 omega^2 + 0.004 theta^2 omega + -0.053 theta omega^2 + -9.335 omega^3,-1.7880363265e-02,8.3350379463e-03,1.0477815028e-01,-9.5770572191e-04,-6.3902178157e-02,2.1473211232e+00,3.1484548896e-05,4.2995444803e-03,-5.3245321180e-02,-9.3346673853e+00
104167,2025-08-21 22:55:00,0.015597,1.484202,1.049547,-0.001 1 + -0.001 theta + 1.017 omega + 0.002 theta omega + 0.231 omega^2 + 0.005 theta omega^2 + -1.508 omega^3,-0.003 1 + -0.002 theta + 0.034 omega + 0.005 theta omega + 0.436 omega^2 + -0.001 theta^2 omega + 0.006 theta omega^2 + -2.870 omega^3,-2.7969146148e-03,-1.8169289389e-03,3.4223752798e-02,1.8188807277e-04,5.1618073532e-03,4.3613844802e-01,-3.0563871291e-06,-5.8154460074e-04,6.4253190601e-03,-2.8696059549e+00
104168,2025-08-21 23:00:00,nan,nan,nan,-0.008 1 + 0.003 theta + 0.858 omega + -0.004 theta omega + 1.946 omega^2 + 0.005 theta^2 omega + -0.379 theta omega^2 + 1.282 omega^3,-0.017 1 + 0.007 theta + -0.277 omega + -0.001 theta^2 + -0.011 theta omega + 3.895 omega^2 + 0.010 theta^2 omega + -0.758 theta omega^2 + 2.506 omega^3,-1.7294437284e-02,7.2593509158e-03,-2.7684926449e-01,-6.1257507626e-04,-1.0533166271e-02,3.8947790962e+00,-2.1324253013e-05,1.0166606033e-02,-7.5759716017e-01,2.5057585500e+00
104169,2025-08-21 23:05:00,0.036719,0.892601,0.631698,0.013 1 + -0.007 theta + 0.898 omega + 0.001 theta^2 + 0.051 theta omega + -0.793 omega^2 + -0.006 theta^2 omega + 0.143 theta omega^2 + 0.549 omega^3,0.027 1 + -0.014 theta + -0.195 omega + 0.003 theta^2 + 0.099 theta omega + -1.724 omega^2 + -0.012 theta^2 omega + 0.321 theta omega^2 + 1.063 omega^3,2.6605716092e-02,-1.3857628178e-02,-1.9497293345e-01,2.7565455418e-03,9.9254317679e-02,-1.7236013896e+00,-2.1356192631e-04,-1.2370239023e-02,3.2089988116e-01,1.0632409083e+00
104170,2025-08-21 23:10:00,nan,nan,nan,-0.002 theta + 0.999 omega + 0.001 theta^2 + -0.026 theta omega + 0.130 omega^2 + 0.011 theta^2 omega + -0.104 theta omega^2 + 2.522 omega^3,0.001 1 + -0.003 theta + 0.007 omega + 0.001 theta^2 + -0.050 theta omega + 0.058 omega^2 + 0.021 theta^2 omega + -0.065 theta omega^2 + 3.465 omega^3,1.2168106946e-03,-3.4915419736e-03,6.6581859150e-03,1.0513012728e-03,-4.9595038646e-02,5.7519207053e-02,0.0000000000e+00,2.0744180505e-02,-6.4719949287e-02,3.4654785963e+00
104171,2025-08-21 23:15:00,nan,nan,nan,0.998 omega + -0.001 theta^2 + 0.014 theta omega + 0.172 omega^2 + 0.006 theta^2 omega + 0.031 theta omega^2 + -0.006 omega^3,-0.004 omega + -0.002 theta^2 + 0.030 theta omega + 0.335 omega^2 + -0.001 theta^3 + 0.013 theta^2 omega + 0.042 theta omega^2 + 0.928 omega^3,2.7517646082e-04,1.9379784192e-04,-4.4258599413e-03,-1.8048875726e-03,2.9689952134e-02,3.3539716670e-01,-6.8436266635e-04,1.2849865331e-02,4.2361296433e-02,9.2786039916e-01
104172,2025-08-21 23:20:00,nan,nan,nan,-0.001 1 + -0.001 theta + 1.008 omega + 0.006 theta omega + 0.201 omega^2 + 0.002 theta^2 omega + 0.252 theta omega^2 + -1.031 omega^3,-0.002 1 + -0.003 theta + 0.016 omega + 0.012 theta omega + 0.393 omega^2 + 0.005 theta^2 omega + 0.492 theta omega^2 + -2.109 omega^3,-1.7020958078e-03,-2.8321904257e-03,1.6067742009e-02,6.0426890991e-05,1.2341867348e-02,3.9274976936e-01,2.3171362667e-04,4.8281063644e-03,4.9166972674e-01,-2.1089086448e+00
104173,2025-08-21 23:25:00,0.038129,0.704907,0.499173,-0.002 1 + -0.001 theta + 0.938 omega + -0.023 theta omega + -0.248 omega^2 + -0.002 theta^2 omega + -0.002 theta omega^2 + -0.280 omega^3,-0.005 1 + -0.002 theta + -0.144 omega + -0.001 theta^2 + -0.056 theta omega + -0.534 omega^2 + -0.004 theta^2 omega + -0.017 theta omega^2 + -0.468 omega^3,-5.0388572463e-03,-2.3037460433e-03,-1.4359109656e-01,-6.4415254185e-04,-5.6236120873e-02,-5.3386772278e-01,-1.3274366002e-04,-4.4522790964e-03,-1.6675626776e-02,-4.6841975166e-01
104174,2025-08-21 23:30:00,0.036055,3.350322,2.369173,-0.004 1 + -0.001 theta + 0.892 omega + -0.019 theta omega + -0.822 omega^2 + -0.131 theta omega^2 + -0.861 omega^3,-0.008 1 + -0.001 theta + -0.211 omega + -0.037 theta omega + -1.599 omega^2 + -0.261 theta omega^2 + -1.486 omega^3,-7.9285523958e-03,-1.4596148015e-03,-2.1093453097e-01,1.2725546517e-06,-3.7104983284e-02,-1.5989099124e+00,3.7711494794e-06,-4.1051326569e-04,-2.6121589012e-01,-1.4860568967e+00
104175,2025-08-21 23:35:00,0.045412,1.425372,1.008402,-0.001 1 + -0.002 theta + 1.001 omega + -0.001 theta^2 + -0.008 theta omega + -0.191 omega^2 + -0.001 theta^2 omega + -0.017 theta omega^2 + -2.940 omega^3,-0.002 1 + -0.004 theta + 0.004 omega + -0.001 theta^2 + -0.017 theta omega + -0.430 omega^2 + -0.002 theta^2 omega + -0.041 theta omega^2 + -6.369 omega^3,-1.7972086071e-03,-3.6190649242e-03,3.6010254537e-03,-1.2676063373e-03,-1.6987025892e-02,-4.3035518559e-01,-1.4691628823e-04,-1.9009896270e-03,-4.0674351147e-02,-6.3688032249e+00
104176,2025-08-21 23:40:00,0.047793,2.039312,1.442408,-0.001 theta + 0.994 omega + 0.001 theta^2 + -0.015 theta omega + 0.751 omega^2 + 0.021 theta^2 omega + -0.403 theta omega^2 + -6.981 omega^3,-0.001 theta + -0.010 omega + 0.001 theta^2 + -0.028 theta omega + 1.488 omega^2 + -0.001 theta^3 + 0.041 theta^2 omega + -0.818 theta omega^2 + -13.702 omega^3,4.9699568039e-04,-1.3397128758e-03,-9.8353417893e-03,1.0395453878e-03,-2.8175950465e-02,1.4879530795e+00,-5.1024875512e-04,4.1375850172e-02,-8.1770165892e-01,-1.3702383445e+01
104177,2025-08-21 23:45:00,0.039050,1.533902,1.084984,0.001 theta + 1.015 omega + -0.007 theta omega + 0.172 omega^2 + -0.001 theta^2 omega + -0.038 theta omega^2 + -2.166 omega^3,0.001 theta + 0.031 omega + -0.001 theta^2 + -0.014 theta omega + 0.341 omega^2 + -0.002 theta^2 omega + -0.077 theta omega^2 + -4.400 omega^3,-1.6721225980e-04,1.1408878111e-03,3.1481420467e-02,-5.3126062649e-04,-1.3713554211e-02,3.4111885493e-01,-9.8151769809e-05,-2.1179605555e-03,-7.6834831248e-02,-4.3998765005e+00
104178,2025-08-21 23:50:00,0.032287,2.681082,1.895948,-0.001 1 + 0.965 omega + 0.002 theta omega + -0.602 omega^2 + 0.018 theta omega^2 + -2.641 omega^3,-0.002 1 + 0.001 theta + -0.047 omega + 0.010 theta omega + -0.425 omega^2 + 0.009 theta omega^2,-1.9009905792e-03,8.6372075478e-04,-4.6926153000e-02,2.4157357717e-05,1.0101440013e-02,-4.2453956716e-01,0.0000000000e+00,2.2069810757e-04,9.1385954579e-03,0.0000000000e+00
104179,2025-08-21 23:55:00,0.101680,6.106183,4.318322,0.001 1 + -0.001 theta + 1.034 omega + 0.007 theta omega + 0.167 omega^2 + -0.001 theta^2 omega + 0.052 theta omega^2 + -4.584 omega^3,0.001 1 + -0.002 theta + 0.066 omega + 0.010 theta omega + 0.344 omega^2 + -0.001 theta^2 omega + 0.090 theta omega^2 + -8.324 omega^3,1.1464276616e-03,-2.4772296680e-03,6.6424809445e-02,1.3126453820e-04,9.7849218781e-03,3.4363482025e-01,0.0000000000e+00,-1.0738162736e-03,9.0339924923e-02,-8.3236753181e+00
104180,2025-08-22 00:00:00,0.007908,0.271592,0.192126,1.007 omega + 0.002 theta omega + -0.087 omega^2 + 0.028 theta omega^2 + -0.602 omega^3,0.001 1 + -0.001 theta + 0.011 omega + 0.004 theta omega + -0.154 omega^2 + -0.001 theta^2 omega + 0.051 theta omega^2 + -0.949 omega^3,6.6139399429e-04,-5.1702574281e-04,1.1096219412e-02,-5.1460694190e-05,3.9903048830e-03,-1.5421303812e-01,3.5245482436e-06,-8.1355993197e-04,5.0737216493e-02,-9.4886581702e-01
104181,2025-08-22 00:05:00,nan,nan,nan,0.004 1 + 0.001 theta + 1.010 omega + 0.006 theta omega + -0.176 omega^2 + -0.015 theta omega^2 + 0.351 omega^3,0.009 1 + 0.002 theta + 0.019 omega + 0.012 theta omega + -0.319 omega^2 + 0.001 theta^2 omega + -0.027 theta omega^2 + 1.087 omega^3,8.9736345880e-03,1.9478738265e-03,1.9162976152e-02,7.9355740961e-05,1.2221893289e-02,-3.1936006644e-01,0.0000000000e+00,5.9450671460e-04,-2.7356920011e-02,1.0865748919e+00
104182,2025-08-22 00:10:00,nan,nan,nan,0.989 omega + 0.005 theta omega + -0.098 omega^2 + -0.089 theta omega^2 + 4.004 omega^3,-0.015 omega + 0.010 theta omega + -0.270 omega^2 + 0.001 theta^2 omega + -0.181 theta omega^2 + 8.393 omega^3,3.4803406865e-04,-1.9015402289e-04,-1.4894965382e-02,-1.9061410481e-05,1.0287697871e-02,-2.7025683030e-01,-1.0408407115e-06,7.8045058108e-04,-1.8092181108e-01,8.3929325490e+00
104183,2025-08-22 00:15:00,0.052739,7.893075,5.581372,-0.030 1 + 0.005 theta + 1.057 omega + -0.013 theta omega + 0.435 omega^2 + -0.033 theta omega^2 + 0.569 omega^3,0.017 1 + -0.001 theta + -0.437 omega + 0.030 theta omega + 2.227 omega^2 + -0.097 theta omega^2 + -2.191 omega^3,1.7340112528e-02,-1.3527808607e-03,-4.3715351159e-01,2.4520855717e-05,2.9520402859e-02,2.2273985335e+00,0.0000000000e+00,-3.9773502087e-04,-9.6774691577e-02,-2.1913358211e+00
104184,2025-08-22 00:20:00,0.021088,2.574285,1.820356,-0.004 1 + 0.947 omega + -0.021 theta omega + 1.960 omega^2 + -0.001 theta^2 omega + 0.135 theta omega^2 + -10.365 omega^3,-0.002 1 + -0.124 omega + -0.021 theta omega + 2.609 omega^2 + -0.001 theta^2 omega + 0.124 theta omega^2 + -11.295 omega^3,-2.4953151121e-03,4.4165132107e-04,-1.2383954926e-01,7.9557314411e-05,-2.1343545893e-02,2.6088231720e+00,0.0000000000e+00,-5.0654303938e-04,1.2393317316e-01,-1.1294950651e+01
104185,2025-08-22 00:25:00,0.048969,7.741281,5.474022,-0.132 1 + 0.003 theta + 2.562 omega + -0.031 theta omega + -5.905 omega^2 + 0.063 theta omega^2 + 7.379 omega^3,0.003 1 + 0.005 theta + -0.453 omega + -0.041 theta omega + 3.941 omega^2 + 0.073 theta omega^2 + -8.267 omega^3,2.8049656342e-03,5.0203752953e-03,-4.5349193213e-01,-4.7839819816e-05,-4.1405014754e-02,3.9412533892e+00,0.0000000000e+00,2.7195582768e-04,7.2783825155e-02,-8.2673848962e+00
104186,2025-08-22 00:30:00,nan,nan,nan,-0.113 1 + 0.001 theta + 2.625 omega + -0.009 theta omega + -7.594 omega^2 + 0.028 theta omega^2 + 11.407 omega^3,-0.226 1 + 0.002 theta + 3.231 omega + -0.019 theta omega + -15.035 omega^2 + 0.058 theta omega^2 + 22.505 omega^3,-2.2637110605e-01,1.6869612561e-03,3.2308230557e+00,9.6262546237e-06,-1.8878245685e-02,-1.5034865820e+01,0.0000000000e+00,-7.1575783411e-05,5.7520634329e-02,2.2504861003e+01
104187,2025-08-22 00:35:00,nan,nan,nan,-0.132 1 + 0.005 theta + 2.521 omega + -0.059 theta omega + -4.590 omega^2 + 0.163 theta omega^2 + 1.489 omega^3,-0.374 1 + 0.011 theta + 4.959 omega + -0.131 theta omega + -20.095 omega^2 + 0.387 theta omega^2 + 23.129 omega^3,-3.7435852776e-01,1.0761136919e-02,4.9587951860e+00,7.8095210198e-05,-1.3081952260e-01,-2.0095193750e+01,0.0000000000e+00,-3.9422932630e-04,3.8680213679e-01,2.3129271812e+01
104188,2025-08-22 00:40:00,0.011730,1.566330,1.107593,0.008 1 + -0.002 theta + 1.181 omega + 0.018 theta omega + -3.290 omega^2 + -0.033 theta omega^2 + 11.222 omega^3,0.009 1 + -0.003 theta + 0.294 omega + 0.024 theta omega + -4.801 omega^2 + -0.040 theta omega^2 + 15.830 omega^3,9.2359811702e-03,-2.6502459717e-03,2.9438887234e-01,4.6251463623e-05,2.4045510334e-02,-4.8005750425e+00,0.0000000000e+00,-3.0599927159e-04,-4.0251976206e-02,1.5830221580e+01
104189,2025-08-22 00:45:00,nan,nan,nan,-0.145 1 + 0.002 theta + 3.006 omega + -0.024 theta omega + -9.049 omega^2 + 0.066 theta omega^2 + 13.307 omega^3,-0.288 1 + 0.004 theta + 3.981 omega + -0.047 theta omega + -17.972 omega^2 + 0.130 theta omega^2 + 26.501 omega^3,-2.8750397555e-01,4.1388962954e-03,3.9805133369e+00,1.9323979241e-05,-4.7168660877e-02,-1.7972422374e+01,0.0000000000e+00,-8.8797965910e-05,1.2960960366e-01,2.6501202249e+01
104190,2025-08-22 00:50:00,nan,nan,nan,0.032 1 + -0.001 theta + 0.599 omega + 0.016 theta omega + 0.804 omega^2 + -0.060 theta omega^2 + 2.765 omega^3,0.061 1 + -0.002 theta + -0.740 omega + 0.033 theta omega + 1.231 omega^2 + -0.121 theta omega^2 + 6.316 omega^3,6.1183625225e-02,-2.1020564599e-03,-7.4007988236e-01,-1.2449433804e-05,3.2649298920e-02,1.2314743436e+00,0.0000000000e+00,7.4340393974e-05,-1.2092608617e-01,6.3164690051e+00
104191,2025-08-22 00:55:00,0.022096,3.228701,2.283090,0.187 1 + 0.003 theta + -2.685 omega + -0.041 theta omega + 23.927 omega^2 + 0.127 theta omega^2 + -51.012 omega^3,0.374 1 + 0.008 theta + -7.557 omega + -0.102 theta omega + 50.045 omega^2 + 0.323 theta omega^2 + -108.766 omega^3,3.7421945080e-01,7.7544321502e-03,-7.5567462803e+00,6.3104791229e-05,-1.0188354346e-01,5.0044734714e+01,0.0000000000e+00,-3.3482426913e-04,3.2327658866e-01,-1.0876582797e+02
104192,2025-08-22 01:00:00,0.071026,34.823329,24.623863,-0.264 1 + 0.013 theta + 3.669 omega + -0.119 theta omega + -6.386 omega^2 + 0.001 theta^2 omega + 0.241 theta omega^2 + -1.474 omega^3,0.189 1 + -0.003 theta + -4.756 omega + 0.067 theta omega + 34.045 omega^2 + -0.282 theta omega^2 + -74.713 omega^3,1.8892906138e-01,-2.7740738361e-03,-4.7561794975e+00,0.0000000000e+00,6.7306976431e-02,3.4045106691e+01,0.0000000000e+00,-1.5602954617e-04,-2.8195368885e-01,-7.4712728693e+01
104193,2025-08-22 01:05:00,nan,nan,nan,-0.017 1 + 0.001 theta + 1.364 omega + -0.037 theta omega + -1.787 omega^2 + -0.001 theta^2 omega + 0.188 theta omega^2 + 0.864 omega^3,-0.035 1 + 0.003 theta + 0.728 omega + -0.076 theta omega + -3.466 omega^2 + -0.001 theta^2 omega + 0.390 theta omega^2 + 0.686 omega^3,-3.5192630237e-02,2.8057638392e-03,7.2754215830e-01,1.7651497249e-04,-7.5513510314e-02,-3.4655657872e+00,0.0000000000e+00,-1.2275472799e-03,3.9001683613e-01,6.8640677892e-01
104194,2025-08-22 01:10:00,0.032296,3.345969,2.366067,0.014 1 + -0.001 theta + 0.860 omega + 0.008 theta omega + 0.120 omega^2 + -0.015 theta omega^2 + 1.355 omega^3,0.026 1 + -0.002 theta + -0.246 omega + 0.017 theta omega + -0.026 omega^2 + -0.031 theta omega^2 + 3.390 omega^3,2.5890765989e-02,-1.8725465017e-03,-2.4599068161e-01,3.4182269523e-05,1.7144526392e-02,-2.6234216524e-02,0.0000000000e+00,-2.2150748069e-04,-3.1489368215e-02,3.3903735551e+00
104195,2025-08-22 01:15:00,nan,nan,nan,0.015 1 + -0.002 theta + 0.880 omega + 0.022 theta omega + -0.777 omega^2 + -0.066 theta omega^2 + 6.038 omega^3,0.029 1 + -0.003 theta + -0.221 omega + 0.045 theta omega + -1.735 omega^2 + -0.135 theta omega^2 + 12.707 omega^3,2.8904057625e-02,-3.3743269024e-03,-2.2068815160e-01,4.4261330421e-05,4.4837925791e-02,-1.7348264560e+00,0.0000000000e+00,-3.8570082607e-04,-1.3476887856e-01,1.2706594111e+01
104196,2025-08-22 01:20:00,0.011598,1.224079,0.865594,-0.013 1 + -0.001 theta + 1.379 omega + 0.013 theta omega + -3.714 omega^2 + -0.109 theta omega^2 + 13.833 omega^3,-0.023 1 + 0.613 omega + -0.005 theta omega + -4.548 omega^2 + 0.046 theta omega^2 + 10.428 omega^3,-2.3448785590e-02,-4.9323670105e-04,6.1343615390e-01,4.6804791539e-05,-4.9124429520e-03,-4.5478054441e+00,0.0000000000e+00,-2.8164227882e-04,4.6372457252e-02,1.0428126351e+01
104197,2025-08-22 01:25:00,0.044753,3.695479,2.613290,0.007 1 + 0.736 omega + 0.007 theta omega + 2.689 omega^2 + -0.099 theta omega^2 + -6.463 omega^3,0.025 1 + 0.001 theta + -0.863 omega + 0.007 theta omega + 8.766 omega^2 + 0.001 theta^2 omega + -0.189 theta omega^2 + -23.131 omega^3,2.4741678021e-02,6.5392705788e-04,-8.6318992764e-01,-7.3712761680e-05,7.3253497016e-03,8.7656932616e+00,0.0000000000e+00,9.1031986878e-04,-1.8886216685e-01,-2.3130561661e+01
104198,2025-08-22 01:30:00,0.068821,6.311979,4.463509,0.080 1 + -0.010 theta + -0.480 omega + 0.171 theta omega + 6.719 omega^2 + -0.004 theta^2 omega + -0.536 theta omega^2 + -3.656 omega^3,0.161 1 + -0.021 theta + -2.990 omega + 0.347 theta omega + 13.498 omega^2 + -0.008 theta^2 omega + -1.080 theta omega^2 + -7.001 omega^3,1.6143169489e-01,-2.0614819541e-02,-2.9898183169e+00,4.3487997079e-04,3.4669930988e-01,1.3498425717e+01,1.2791864255e-05,-8.0284909052e-03,-1.0799879408e+00,-7.0008563142e+00
104199,2025-08-22 01:35:00,0.015426,0.965008,0.682451,-0.014 1 + 1.219 omega + -0.874 omega^2 + 0.012 theta omega^2 + 0.327 omega^3,-0.040 1 + 0.611 omega + -0.004 theta omega + -2.529 omega^2 + 0.034 theta omega^2 + 1.719 omega^3,-4.0205524360e-02,-1.9118699742e-04,6.1104926552e-01,2.4239862702e-05,-3.9679068581e-03,-2.5294307759e+00,0.0000000000e+00,-1.6500101309e-04,3.4478767397e-02,1.7187692971e+00
104200,2025-08-22 01:40:00,0.055282,2.159627,1.527587,-0.072 1 + 0.009 theta + 1.409 omega + -0.051 theta omega + 0.882 omega^2 + 0.002 theta^2 omega + -0.040 theta omega^2 + -3.539 omega^3,-0.132 1 + 0.017 theta + 0.655 omega + -0.001 theta^2 + -0.085 theta omega + 2.375 omega^2 + 0.003 theta^2 omega + -0.114 theta omega^2 + -7.613 omega^3,-1.3150042956e-01,1.6940806053e-02,6.5498646795e-01,-5.4037728453e-04,-8.4560390645e-02,2.3749636652e+00,0.0000000000e+00,2.6831484410e-03,-1.1375627342e-01,-7.6131509865e+00
104201,2025-08-22 01:45:00,nan,nan,nan,-0.001 theta + 1.088 omega + 0.029 theta omega + -1.910 omega^2 + 0.001 theta^2 omega + -0.190 theta omega^2 + 11.206 omega^3,0.001 1 + -0.002 theta + 0.135 omega + 0.031 theta omega + -2.278 omega^2 + -0.106 theta omega^2 + 9.382 omega^3,9.4848822049e-04,-2.2136558959e-03,1.3498134601e-01,2.2539672028e-05,3.0638664620e-02,-2.2777983382e+00,0.0000000000e+00,-1.6066031832e-04,-1.0649213170e-01,9.3816968597e+00
104202,2025-08-22 01:50:00,nan,nan,nan,-0.051 1 + 0.001 theta + 1.877 omega + -0.035 theta omega + -3.439 omega^2 + 0.176 theta omega^2 + -0.259 omega^3,-0.103 1 + 0.002 theta + 1.780 omega + -0.072 theta omega + -7.014 omega^2 + -0.001 theta^2 omega + 0.395 theta omega^2 + -1.810 omega^3,-1.0314012728e-01,1.9797960196e-03,1.7801936798e+00,1.7816890732e-04,-7.2317131136e-02,-7.0143473388e+00,0.0000000000e+00,-1.1848352874e-03,3.9466654190e-01,-1.8095514662e+00
104203,2025-08-22 01:55:00,0.019891,2.023607,1.430976,-0.020 1 + 0.003 theta + 0.884 omega + -0.027 theta omega + 4.206 omega^2 + 0.050 theta omega^2 + -16.880 omega^3,-0.040 1 + 0.005 theta + -0.217 omega + -0.054 theta omega + 8.286 omega^2 + 0.001 theta^2 omega + 0.104 theta omega^2 + -33.619 omega^3,-3.9620629526e-02,5.3802988766e-03,-2.1681559567e-01,-8.2437654022e-05,-5.3809751112e-02,8.2861262422e+00,0.0000000000e+00,6.1625763781e-04,1.0364053101e-01,-3.3619463546e+01
104204,2025-08-22 02:00:00,0.015008,1.672479,1.182669,-0.217 1 + 0.008 theta + 3.328 omega + -0.065 theta omega + -7.408 omega^2 + 0.122 theta omega^2 + 6.262 omega^3,0.044 1 + -0.001 theta + -0.788 omega + 0.009 theta omega + 4.435 omega^2 + -0.030 theta omega^2 + -7.903 omega^3,4.4150018242e-02,-6.5265705294e-04,-7.8756070082e-01,0.0000000000e+00,8.9689456492e-03,4.4349429594e+00,0.0000000000e+00,0.0000000000e+00,-3.0237845424e-02,-7.9032117547e+00
104205,2025-08-22 02:05:00,0.035475,2.015986,1.425738,0.001 1 + 0.983 omega + 0.007 theta omega + -0.145 omega^2 + -0.008 theta omega^2 + 2.066 omega^3,0.002 1 + -0.001 theta + -0.031 omega + 0.012 theta omega + -0.188 omega^2 + -0.001 theta^2 omega + 0.009 theta omega^2 + 2.601 omega^3,1.6219970638e-03,-8.2654590234e-04,-3.1075426666e-02,8.4231013103e-05,1.2149619988e-02,-1.8793645251e-01,0.0000000000e+00,-1.1068069923e-03,9.2561817700e-03,2.6007123979e+00
104206,2025-08-22 02:10:00,0.015396,0.557390,0.394284,-0.014 1 + 1.325 omega + -0.003 theta omega + -2.117 omega^2 + 0.014 theta omega^2 + 4.336 omega^3,-0.027 1 + 0.625 omega + -0.010 theta omega + -4.102 omega^2 + 0.036 theta omega^2 + 8.491 omega^3,-2.7492224238e-02,4.5961117960e-04,6.2452411842e-01,3.5019273148e-08,-1.0315779463e-02,-4.1018472280e+00,0.0000000000e+00,3.8537972115e-05,3.6278100324e-02,8.4907466660e+00
104207,2025-08-22 02:15:00,0.033120,3.902110,2.759308,-0.004 1 + 1.113 omega + -0.006 theta omega + -0.954 omega^2 + 0.036 theta omega^2 + 1.961 omega^3,-0.006 1 + 0.180 omega + -0.009 theta omega + -1.418 omega^2 + 0.049 theta omega^2 + 3.143 omega^3,-6.1371615607e-03,3.3005290406e-04,1.8049690012e-01,1.6539939425e-06,-9.2088355593e-03,-1.4177842493e+00,0.0000000000e+00,3.5613842505e-06,4.8804245214e-02,3.1431122743e+00
104208,2025-08-22 02:20:00,0.026274,3.134135,2.216246,0.001 1 + -0.001 theta + 1.015 omega + 0.011 theta omega + -0.492 omega^2 + -0.103 theta omega^2 + 4.746 omega^3,0.002 1 + -0.001 theta + 0.030 omega + 0.018 theta omega + -0.550 omega^2 + -0.086 theta omega^2 + 3.299 omega^3,1.5000734337e-03,-1.3159947349e-03,2.9611853643e-02,1.1577157406e-05,1.8269925149e-02,-5.4991863712e-01,0.0000000000e+00,5.4611011990e-06,-8.5943828939e-02,3.2985565364e+00
104209,2025-08-22 02:25:00,0.036170,2.905383,2.054575,-0.084 1 + 0.005 theta + 2.060 omega + -0.047 theta omega + -4.110 omega^2 + 0.092 theta omega^2 + 5.167 omega^3,-0.165 1 + 0.009 theta + 2.068 omega + -0.091 theta omega + -8.006 omega^2 + 0.001 theta^2 omega + 0.179 theta omega^2 + 10.047 omega^3,-1.6478092749e-01,9.3406262933e-03,2.0675860444e+00,-9.6184587975e-05,-9.1335309066e-02,-8.0061021716e+00,-1.0690543796e-06,9.1472918781e-04,1.7879774734e-01,1.0047170180e+01
104210,2025-08-22 02:30:00,0.026921,0.547636,0.387705,0.010 1 + -0.006 theta + 0.859 omega + 0.001 theta^2 + 0.064 theta omega + -0.300 omega^2 + -0.006 theta^2 omega + 0.087 theta omega^2 + -2.323 omega^3,0.020 1 + -0.011 theta + -0.282 omega + 0.002 theta^2 + 0.126 theta omega + -0.599 omega^2 + -0.013 theta^2 omega + 0.176 theta omega^2 + -4.368 omega^3,2.0099426819e-02,-1.1008919788e-02,-2.8182348932e-01,2.0570801131e-03,1.2625968421e-01,-5.9945025148e-01,-1.5188554602e-04,-1.2639874929e-02,1.7562064246e-01,-4.3684956898e+00
104211,2025-08-22 02:35:00,0.019019,1.860039,1.315315,0.001 1 + -0.002 theta + 1.117 omega + 0.024 theta omega + -1.933 omega^2 + -0.097 theta omega^2 + 8.008 omega^3,0.001 1 + -0.003 theta + 0.224 omega + 0.043 theta omega + -3.524 omega^2 + -0.161 theta omega^2 + 13.958 omega^3,1.0886613358e-03,-3.1012107170e-03,2.2435655222e-01,3.6351566810e-05,4.2980468969e-02,-3.5241657679e+00,0.0000000000e+00,-1.6962286614e-04,-1.6087849494e-01,1.3957733158e+01
104212,2025-08-22 02:40:00,0.041809,4.013556,2.838167,0.105 1 + -0.003 theta + -0.614 omega + 0.034 theta omega + 7.717 omega^2 + -0.099 theta omega^2 + -10.799 omega^3,0.205 1 + -0.006 theta + -3.148 omega + 0.067 theta omega + 15.038 omega^2 + -0.195 theta omega^2 + -20.961 omega^3,2.0488480626e-01,-5.7168699751e-03,-3.1483161605e+00,3.3826226709e-05,6.7021735212e-02,1.5038138667e+01,0.0000000000e+00,-2.2154491355e-04,-1.9540063624e-01,-2.0961058898e+01
104213,2025-08-22 02:45:00,0.009648,0.715219,0.505782,0.018 1 + 0.208 omega + -0.002 theta omega + 11.518 omega^2 + 0.051 theta omega^2 + -55.198 omega^3,0.035 1 + -1.568 omega + -0.003 theta omega + 22.699 omega^2 + -0.001 theta^2 omega + 0.090 theta omega^2 + -108.098 omega^3,3.4931419010e-02,3.2776283474e-04,-1.5676032668e+00,-5.6716087158e-05,-2.8181708592e-03,2.2698649096e+01,3.5831455623e-06,-5.2741737597e-04,9.0011617160e-02,-1.0809797700e+02
104214,2025-08-22 02:50:00,0.017787,2.498819,1.766977,-0.024 1 + -0.001 theta + 1.537 omega + 0.011 theta omega + -3.634 omega^2 + -0.028 theta omega^2 + 7.580 omega^3,-0.049 1 + -0.002 theta + 1.087 omega + 0.023 theta omega + -7.337 omega^2 + -0.057 theta omega^2 + 15.217 omega^3,-4.8928254379e-02,-1.9742498597e-03,1.0865952907e+00,-2.4159483257e-06,2.2519011506e-02,-7.3369955650e+00,0.0000000000e+00,-1.8889109353e-06,-5.7350135164e-02,1.5216639526e+01
104215,2025-08-22 02:55:00,nan,nan,nan,-0.170 1 + 0.003 theta + 2.653 omega + -0.022 theta omega + -4.842 omega^2 + 0.045 theta omega^2 + 3.794 omega^3,-0.190 1 + 0.004 theta + 1.584 omega + -0.033 theta omega + -3.295 omega^2 + 0.066 theta omega^2,-1.9046814607e-01,4.0970889124e-03,1.5841824367e+00,-7.7829573436e-06,-3.2570131087e-02,-3.2951549291e+00,0.0000000000e+00,2.4079129080e-05,6.6197475136e-02,0.0000000000e+00
104216,2025-08-22 03:00:00,0.023660,0.519201,0.367512,0.008 1 + -0.004 theta + 0.814 omega + 0.001 theta^2 + 0.049 theta omega + 1.031 omega^2 + -0.003 theta^2 omega + -0.126 theta omega^2 + -0.877 omega^3,0.016 1 + -0.007 theta + -0.367 omega + 0.001 theta^2 + 0.096 theta omega + 2.078 omega^2 + -0.006 theta^2 omega + -0.254 theta omega^2 + -1.574 omega^3,1.5883279434e-02,-7.2630961245e-03,-3.6737600787e-01,1.1530368238e-03,9.6013996953e-02,2.0784283682e+00,-6.3948381461e-05,-6.0736986893e-03,-2.5442215859e-01,-1.5739888361e+00
104217,2025-08-22 03:05:00,0.017561,1.335274,0.944263,-0.003 1 + 0.001 theta + 1.018 omega + -0.011 theta omega + 0.138 omega^2 + 0.005 theta omega^2 + 0.439 omega^3,-0.008 1 + 0.002 theta + 0.078 omega + -0.027 theta omega + -0.318 omega^2 + 0.001 theta^2 omega + 0.029 theta omega^2 + 3.076 omega^3,-7.5225578375e-03,2.2679977139e-03,7.8198326136e-02,-8.0169965021e-05,-2.7147042361e-02,-3.1786549344e-01,0.0000000000e+00,8.7532463280e-04,2.9195967782e-02,3.0760978584e+00
104218,2025-08-22 03:10:00,nan,nan,nan,0.002 1 + 1.005 omega + -0.005 theta omega + -0.290 omega^2 + 0.023 theta omega^2 + 1.731 omega^3,0.004 1 + -0.001 theta + 0.010 omega + -0.010 theta omega + -0.552 omega^2 + 0.001 theta^2 omega + 0.046 theta omega^2 + 3.394 omega^3,3.7143136225e-03,-7.7293372687e-04,9.8828861309e-03,-1.8881967767e-05,-1.0383645808e-02,-5.5215872661e-01,5.3481823091e-06,5.6681422005e-04,4.6270020981e-02,3.3937544273e+00
104219,2025-08-22 03:15:00,0.032403,4.333356,3.064231,0.007 1 + 0.735 omega + -0.006 theta omega + 2.790 omega^2 + 0.003 theta omega^2 + -7.866 omega^3,0.001 1 + 0.001 theta + -0.234 omega + -0.013 theta omega + 3.547 omega^2 + 0.039 theta omega^2 + -12.353 omega^3,9.3177307799e-04,7.3736941126e-04,-2.3372768976e-01,5.3832322600e-06,-1.3049739116e-02,3.5472064424e+00,0.0000000000e+00,7.4245235815e-06,3.9434182033e-02,-1.2352647544e+01
104220,2025-08-22 03:20:00,nan,nan,nan,-0.041 1 + 0.006 theta + 1.237 omega + -0.033 theta omega + 0.379 omega^2 + 0.001 theta^2 omega + -0.038 theta omega^2 + -0.593 omega^3,-0.069 1 + 0.010 theta + 0.344 omega + -0.048 theta omega + 1.122 omega^2 + 0.002 theta^2 omega + -0.100 theta omega^2 + -1.793 omega^3,-6.9437937703e-02,1.0070445649e-02,3.4401427063e-01,-3.1695582052e-04,-4.7600123251e-02,1.1223028879e+00,-2.6933722397e-06,1.6522600492e-03,-9.9610023840e-02,-1.7930989907e+00
104221,2025-08-22 03:25:00,nan,nan,nan,-0.011 1 + 0.003 theta + 1.194 omega + -0.039 theta omega + -1.282 omega^2 + 0.001 theta^2 omega + 0.068 theta omega^2 + 5.462 omega^3,-0.022 1 + 0.006 theta + 0.392 omega + -0.079 theta omega + -2.594 omega^2 + 0.001 theta^2 omega + 0.136 theta omega^2 + 10.986 omega^3,-2.1824991257e-02,6.4449458607e-03,3.9237935850e-01,-1.3316520967e-04,-7.8505888368e-02,-2.5935469480e+00,-2.5406905220e-07,1.3850289580e-03,1.3636541730e-01,1.0985695658e+01
104222,2025-08-22 03:30:00,nan,nan,nan,-0.002 1 + 1.154 omega + 0.006 theta omega + -2.978 omega^2 + -0.094 theta omega^2 + 16.215 omega^3,-0.005 1 + 0.001 theta + 0.318 omega + 0.011 theta omega + -5.933 omega^2 + 0.001 theta^2 omega + -0.182 theta omega^2 + 32.089 omega^3,-5.4923450641e-03,9.1827542417e-04,3.1785118613e-01,-8.4251172246e-05,1.1204577474e-02,-5.9330080674e+00,0.0000000000e+00,7.7778931348e-04,-1.8191149710e-01,3.2089431076e+01
104223,2025-08-22 03:35:00,nan,nan,nan,-0.055 1 + 0.003 theta + 1.855 omega + -0.049 theta omega + -3.512 omega^2 + 0.162 theta omega^2 + 1.722 omega^3,-0.120 1 + 0.007 theta + 1.918 omega + -0.103 theta omega + -8.503 omega^2 + 0.001 theta^2 omega + 0.345 theta omega^2 + 6.991 omega^3,-1.1973943289e-01,7.3243670474e-03,1.9177267166e+00,-7.1200815299e-05,-1.0278988927e-01,-8.5032779363e+00,0.0000000000e+00,6.1091452029e-04,3.4452181516e-01,6.9905865773e+00
104224,2025-08-22 03:40:00,0.030929,3.736109,2.641919,0.041 1 + 0.040 omega + 0.020 theta omega + 6.560 omega^2 + -0.099 theta omega^2 + -12.554 omega^3,0.073 1 + -0.003 theta + -1.546 omega + 0.050 theta omega + 10.122 omega^2 + -0.175 theta omega^2 + -19.896 omega^3,7.3054411382e-02,-3.1639187551e-03,-1.5462840257e+00,3.6236665185e-05,4.9679297317e-02,1.0122468817e+01,0.0000000000e+00,-3.9372498253e-04,-1.7510574899e-01,-1.9896027803e+01
104225,2025-08-22 03:45:00,nan,nan,nan,-0.001 1 + -0.001 theta + 1.096 omega + 0.014 theta omega + -1.040 omega^2 + -0.001 theta^2 omega + -0.010 theta omega^2 + 2.206 omega^3,-0.047 1 + 0.002 theta + 1.233 omega + -0.036 theta omega + -10.242 omega^2 + 0.217 theta omega^2 + 26.122 omega^3,-4.6923230757e-02,1.5994465892e-03,1.2329622538e+00,1.8602926266e-05,-3.6490659136e-02,-1.0242315348e+01,0.0000000000e+00,-3.0400444296e-04,2.1699941722e-01,2.6122449185e+01
104226,2025-08-22 03:50:00,0.017983,0.332751,0.235634,0.001 1 + 1.022 omega + -0.009 theta omega + -0.021 omega^2 + -0.003 theta^2 omega + -0.012 theta omega^2 + -3.151 omega^3,0.001 1 + 0.043 omega + -0.018 theta omega + -0.030 omega^2 + -0.006 theta^2 omega + -0.023 theta omega^2 + -5.510 omega^3,1.1672612754e-03,-4.0167589232e-04,4.3393097987e-02,-2.4163490718e-04,-1.7640228044e-02,-2.9543110691e-02,-3.5922226755e-05,-5.5247737384e-03,-2.3355255444e-02,-5.5101747913e+00
104227,2025-08-22 03:55:00,nan,nan,nan,0.013 1 + 0.006 theta + 1.019 omega + 0.001 theta^2 + 0.032 theta omega + -1.096 omega^2 + 0.003 theta^2 omega + -0.056 theta omega^2 + -2.760 omega^3,0.026 1 + 0.013 theta + 0.032 omega + 0.002 theta^2 + 0.065 theta omega + -2.341 omega^2 + 0.006 theta^2 omega + -0.119 theta omega^2 + -6.255 omega^3,2.5585207386e-02,1.2611212659e-02,3.2461166814e-02,1.6268961532e-03,6.4629354105e-02,-2.3407750321e+00,6.1192311421e-05,5.8084795272e-03,-1.1913799920e-01,-6.2548228019e+00
104228,2025-08-22 04:00:00,nan,nan,nan,0.001 1 + -0.001 theta + 1.050 omega + 0.010 theta omega + -0.188 omega^2 + 0.001 theta^2 omega + -0.055 theta omega^2 + 1.571 omega^3,0.002 1 + -0.002 theta + 0.098 omega + 0.020 theta omega + -0.353 omega^2 + 0.001 theta^2 omega + -0.111 theta omega^2 + 3.203 omega^3,1.9066332478e-03,-2.3466125563e-03,9.8083897291e-02,-4.4476884417e-04,2.0219222681e-02,-3.5266337039e-01,-1.5574719382e-05,1.0713291548e-03,-1.1078793431e-01,3.2026879596e+00
104229,2025-08-22 04:05:00,nan,nan,nan,-0.001 1 + 1.000 omega + 0.013 theta omega + -0.031 omega^2 + 0.001 theta^2 omega + 0.002 theta omega^2 + 2.409 omega^3,-0.002 1 + 0.026 theta omega + -0.102 omega^2 + 0.001 theta^2 omega + 0.002 theta omega^2 + 4.776 omega^3,-1.6830724291e-03,-2.8261549371e-04,4.3791520636e-04,-1.0627203435e-04,2.6141812143e-02,-1.0197627368e-01,-5.8242774744e-06,1.4428306990e-03,1.5027063180e-03,4.7760242137e+00
104230,2025-08-22 04:10:00,0.030314,1.825686,1.291133,0.223 1 + -0.023 theta + -1.847 omega + 0.001 theta^2 + 0.214 theta omega + 9.800 omega^2 + -0.004 theta^2 omega + -0.460 theta omega^2 + -4.583 omega^3,0.002 1 + -0.059 omega + 0.004 theta omega + 0.258 omega^2 + -0.016 theta omega^2 + 0.090 omega^3,1.7663320663e-03,-8.5059997989e-05,-5.9347078999e-02,0.0000000000e+00,3.6986557199e-03,2.5767177408e-01,0.0000000000e+00,-3.8909892912e-05,-1.5980689682e-02,9.0487503659e-02
104231,2025-08-22 04:15:00,0.041093,1.293225,0.914910,1.003 omega + 0.004 theta omega + -0.306 omega^2 + -0.115 theta omega^2 + 2.953 omega^3,0.007 omega + 0.010 theta omega + -0.669 omega^2 + 0.001 theta^2 omega + -0.240 theta omega^2 + 6.321 omega^3,3.0668123326e-04,3.5159428181e-04,7.0514152892e-03,-5.1791115413e-05,1.0001773647e-02,-6.6882166032e-01,-2.4655201634e-05,1.0500128703e-03,-2.4019496739e-01,6.3213090673e+00
104232,2025-08-22 04:20:00,nan,nan,nan,-0.034 1 + 0.003 theta + 1.492 omega + -0.031 theta omega + -2.940 omega^2 + 0.099 theta omega^2 + 7.386 omega^3,-0.070 1 + 0.006 theta + 0.966 omega + -0.080 theta omega + -3.980 omega^2 + 0.263 theta omega^2 + 4.210 omega^3,-7.0303361651e-02,6.2288118068e-03,9.6561059293e-01,-4.4640860134e-05,-8.0158584386e-02,-3.9799814205e+00,0.0000000000e+00,3.0214589255e-04,2.6268542087e-01,4.2098957543e+00
104233,2025-08-22 04:25:00,0.083069,4.367688,3.088980,-0.003 1 + -0.002 theta + 0.996 omega + 0.001 theta^2 + 0.009 theta omega + 1.051 omega^2 + -0.001 theta^2 omega + -0.155 theta omega^2 + -1.928 omega^3,-0.007 1 + -0.005 theta + -0.011 omega + 0.002 theta^2 + 0.019 theta omega + 2.137 omega^2 + -0.002 theta^2 omega + -0.315 theta omega^2 + -3.555 omega^3,-6.7807047688e-03,-4.5514699975e-03,-1.1038352535e-02,1.5104492846e-03,1.8674613951e-02,2.1366554447e+00,-1.0073484411e-04,-1.7818457278e-03,-3.1490366164e-01,-3.5553718006e+00
104234,2025-08-22 04:30:00,0.065052,2.828183,2.000356,-0.014 1 + -0.004 theta + 0.798 omega + -0.058 theta omega + -0.558 omega^2 + -0.003 theta^2 omega + -0.035 theta omega^2 + -4.026 omega^3,-0.029 1 + -0.008 theta + -0.406 omega + -0.116 theta omega + -1.111 omega^2 + -0.006 theta^2 omega + -0.071 theta omega^2 + -7.823 omega^3,-2.8959167029e-02,-7.5817339767e-03,-4.0630594346e-01,-3.5776363995e-04,-1.1563136608e-01,-1.1107663894e+00,1.4584545126e-06,-6.0064924152e-03,-7.0501535735e-02,-7.8226779071e+00
104235,2025-08-22 04:35:00,0.014487,0.434950,0.307727,0.013 1 + -0.004 theta + 0.811 omega + 0.046 theta omega + -0.501 omega^2 + -0.002 theta^2 omega + -0.048 theta omega^2 + 9.834 omega^3,0.025 1 + -0.008 theta + -0.382 omega + 0.001 theta^2 + 0.091 theta omega + -0.726 omega^2 + -0.005 theta^2 omega + -0.115 theta omega^2 + 18.387 omega^3,2.5184403950e-02,-7.7709938647e-03,-3.8205820925e-01,7.6219238957e-04,9.1370564876e-02,-7.2571080046e-01,-2.4252363573e-05,-4.6157644935e-03,-1.1536707519e-01,1.8387165970e+01
104236,2025-08-22 04:40:00,0.018777,0.946160,0.669168,-0.002 1 + 1.133 omega + -0.025 theta omega + -1.533 omega^2 + -0.001 theta^2 omega + 0.270 theta omega^2 + 2.312 omega^3,-0.004 1 + 0.274 omega + -0.050 theta omega + -3.110 omega^2 + -0.001 theta^2 omega + 0.555 theta omega^2 + 4.192 omega^3,-4.4290655735e-03,1.8100038488e-04,2.7393309765e-01,1.8996807831e-04,-5.0471466522e-02,-3.1096775209e+00,-4.5435445170e-06,-1.2761125228e-03,5.5486588383e-01,4.1918051229e+00
104237,2025-08-22 04:45:00,0.023564,1.053757,0.745305,-0.004 1 + 1.195 omega + -0.013 theta omega + -1.888 omega^2 + 0.093 theta omega^2 + 4.554 omega^3,-0.008 1 + 0.379 omega + -0.026 theta omega + -3.593 omega^2 + 0.183 theta omega^2 + 8.506 omega^3,-7.7998312770e-03,-4.9179828675e-04,3.7941880982e-01,1.4325431684e-04,-2.6386058293e-02,-3.5925421019e+00,-4.9090323945e-06,1.0946748961e-04,1.8261304511e-01,8.5057169553e+00
104238,2025-08-22 04:50:00,0.060369,1.277112,0.904063,-0.002 theta + 1.005 omega + 0.001 theta^2 + -0.017 theta omega + 0.969 omega^2 + 0.008 theta^2 omega + -0.264 theta omega^2 + -2.317 omega^3,-0.004 theta + 0.009 omega + 0.001 theta^2 + -0.033 theta omega + 1.921 omega^2 + 0.016 theta^2 omega + -0.537 theta omega^2 + -4.509 omega^3,-1.8796625919e-04,-3.6200418187e-03,9.0733896406e-03,1.2377665199e-03,-3.2983892314e-02,1.9208528457e+00,-1.9218078552e-04,1.5686351936e-02,-5.3657751476e-01,-4.5085044272e+00
104239,2025-08-22 04:55:00,0.040531,2.008374,1.420424,0.008 1 + -0.004 theta + 0.843 omega + 0.001 theta^2 + 0.044 theta omega + 1.223 omega^2 + -0.003 theta^2 omega + -0.179 theta omega^2 + -3.920 omega^3,0.013 1 + -0.008 theta + -0.278 omega + 0.001 theta^2 + 0.080 theta omega + 2.311 omega^2 + -0.005 theta^2 omega + -0.344 theta omega^2 + -7.779 omega^3,1.3330341029e-02,-7.6733004055e-03,-2.7815200318e-01,1.3874448700e-03,8.0409653600e-02,2.3105894684e+00,-7.6328889299e-05,-5.1287348103e-03,-3.4365449270e-01,-7.7788979439e+00
104240,2025-08-22 05:00:00,nan,nan,nan,-0.004 theta + 1.035 omega + 0.001 theta^2 + -0.003 theta omega + 0.483 omega^2 + -0.058 theta omega^2 + 0.888 omega^3,0.001 1 + -0.009 theta + 0.072 omega + 0.001 theta^2 + -0.006 theta omega + 0.970 omega^2 + -0.118 theta omega^2 + 1.789 omega^3,8.1635353765e-04,-8.5427744302e-03,7.2399885185e-02,1.4239455959e-03,-5.5555800554e-03,9.7010654850e-01,-5.7258227875e-05,-2.0213646046e-05,-1.1764814898e-01,1.7888705676e+00
104241,2025-08-22 05:05:00,0.091545,5.710251,4.038276,0.001 1 + -0.003 theta + 1.002 omega + 0.001 theta^2 + -0.016 theta omega + 1.245 omega^2 + 0.001 theta^2 omega + -0.113 theta omega^2 + -2.648 omega^3,0.002 1 + -0.006 theta + 0.005 omega + 0.001 theta^2 + -0.031 theta omega + 2.474 omega^2 + 0.002 theta^2 omega + -0.230 theta omega^2 + -5.180 omega^3,2.1007589683e-03,-5.6233322637e-03,4.7281417964e-03,1.4102445516e-03,-3.1448034200e-02,2.4742623313e+00,-7.8415409586e-05,2.3914333132e-03,-2.2970930326e-01,-5.1800030376e+00
104242,2025-08-22 05:10:00,0.012880,0.335040,0.237084,0.005 1 + -0.001 theta + 0.854 omega + 0.005 theta omega + 1.475 omega^2 + -0.022 theta omega^2 + -4.213 omega^3,0.010 1 + -0.276 omega + 0.004 theta omega + 2.616 omega^2 + -0.028 theta omega^2 + -7.127 omega^3,1.0271693813e-02,-3.7327972478e-04,-2.7561134340e-01,5.7010760748e-06,3.8470725155e-03,2.6164688747e+00,0.0000000000e+00,1.7511087021e-05,-2.8417292143e-02,-7.1270341320e+00
104243,2025-08-22 05:15:00,nan,nan,nan,-0.030 1 + -0.001 theta + 1.668 omega + -0.012 theta omega + -3.387 omega^2 + -0.001 theta^2 omega + 0.196 theta omega^2 + -1.489 omega^3,-0.033 1 + 0.572 omega + -0.029 theta omega + -0.721 omega^2 + -0.001 theta^2 omega + 0.225 theta omega^2 + -11.823 omega^3,-3.3483369844e-02,-4.9087196540e-04,5.7160312500e-01,1.2851130341e-04,-2.8769233749e-02,-7.2062470141e-01,0.0000000000e+00,-8.6957273751e-04,2.2486153249e-01,-1.1822705828e+01
104244,2025-08-22 05:20:00,0.174343,14.314002,10.122278,0.010 1 + -0.001 theta + 0.865 omega + 0.010 theta omega + 0.492 omega^2 + -0.037 theta omega^2 + -0.207 omega^3,0.014 1 + -0.001 theta + -0.256 omega + 0.019 theta omega + 0.981 omega^2 + -0.069 theta omega^2,1.4140122210e-02,-1.0175358192e-03,-2.5561461445e-01,-8.3989409180e-06,1.8603112162e-02,9.8077913588e-01,0.0000000000e+00,4.2645383269e-05,-6.9216114965e-02,0.0000000000e+00
104245,2025-08-22 05:25:00,0.004658,0.207852,0.147011,0.064 1 + -0.001 theta + -0.326 omega + 0.026 theta omega + 8.137 omega^2 + -0.101 theta omega^2 + -15.399 omega^3,0.161 1 + -3.703 omega + 0.024 theta omega + 26.309 omega^2 + -0.148 theta omega^2 + -59.505 omega^3,1.6149196634e-01,4.3190229953e-05,-3.7031054732e+00,-7.7986687458e-05,2.3605941587e-02,2.6309235012e+01,0.0000000000e+00,4.8606160323e-04,-1.4759903072e-01,-5.9505321868e+01
104246,2025-08-22 05:30:00,0.006728,0.596842,0.422058,0.020 1 + -0.001 theta + 0.596 omega + 0.009 theta omega + 2.439 omega^2 + -0.026 theta omega^2 + -4.413 omega^3,0.038 1 + -0.001 theta + -0.818 omega + 0.019 theta omega + 4.971 omega^2 + -0.057 theta omega^2 + -8.687 omega^3,3.8402712004e-02,-1.0513089688e-03,-8.1822216549e-01,1.0966257313e-05,1.9408528543e-02,4.9708261900e+00,0.0000000000e+00,-1.9929485353e-04,-5.7333024927e-02,-8.6866267169e+00
104247,2025-08-22 05:35:00,nan,nan,nan,0.001 1 + 0.976 omega + 0.013 theta omega + -0.639 omega^2 + -0.101 theta omega^2 + 7.863 omega^3,0.002 1 + -0.059 omega + 0.013 theta omega + -0.087 omega^2 + -0.097 theta omega^2 + 4.757 omega^3,1.9462372110e-03,-4.1038391638e-04,-5.8759412668e-02,0.0000000000e+00,1.3324431136e-02,-8.6538575142e-02,0.0000000000e+00,8.7358147967e-05,-9.6707098754e-02,4.7571785528e+00
104248,2025-08-22 05:40:00,0.055366,7.477391,5.287459,0.002 1 + 0.001 theta + 0.701 omega + 0.018 theta omega + 2.817 omega^2 + 0.001 theta^2 omega + -0.219 theta omega^2 + -3.740 omega^3,0.002 1 + 0.003 theta + -0.569 omega + 0.034 theta omega + 5.488 omega^2 + 0.002 theta^2 omega + -0.428 theta omega^2 + -7.245 omega^3,1.5654982400e-03,2.8351839130e-03,-5.6902183562e-01,-3.2400507609e-04,3.3873361574e-02,5.4880773845e+00,3.8188246295e-06,1.7185222353e-03,-4.2815696293e-01,-7.2446173813e+00
104249,2025-08-22 05:45:00,nan,nan,nan,-0.004 1 + 0.001 theta + 1.001 omega + -0.009 theta omega + -0.173 omega^2 + 0.021 theta omega^2 + 3.312 omega^3,-0.007 1 + 0.003 theta + 0.008 omega + -0.017 theta omega + -0.439 omega^2 + 0.040 theta omega^2 + 7.198 omega^3,-7.3220665842e-03,2.6089146428e-03,7.9295685733e-03,-1.2954403413e-04,-1.7212230893e-02,-4.3913935813e-01,1.6962756213e-06,3.5026776431e-04,3.9536145223e-02,7.1978942018e+00
104250,2025-08-22 05:50:00,0.017344,0.621921,0.439936,0.008 1 + 0.855 omega + 0.004 theta omega + 0.862 omega^2 + -0.014 theta omega^2 + -1.609 omega^3,-0.003 1 + 0.040 omega + -0.004 theta omega + -0.131 omega^2 + 0.013 theta omega^2,-2.9219588014e-03,2.3664305242e-04,3.9764323426e-02,0.0000000000e+00,-3.5320976583e-03,-1.3145556322e-01,0.0000000000e+00,-2.6158187422e-06,1.3357934086e-02,0.0000000000e+00
104251,2025-08-22 05:55:00,nan,nan,nan,-0.012 1 + 0.002 theta + 1.299 omega + -0.019 theta omega + -2.954 omega^2 + 0.016 theta omega^2 + 12.459 omega^3,-0.018 1 + 0.003 theta + 0.368 omega + -0.045 theta omega + -2.371 omega^2 + 0.156 theta omega^2 + 5.372 omega^3,-1.7730603265e-02,3.0135236042e-03,3.6802825009e-01,-2.1032764299e-05,-4.4797561375e-02,-2.3714457118e+00,0.0000000000e+00,1.8962750075e-04,1.5572761115e-01,5.3716876288e+00
104252,2025-08-22 06:00:00,0.011527,0.596420,0.421812,-0.070 1 + 0.001 theta + 2.081 omega + -0.014 theta omega + -5.306 omega^2 + 0.043 theta omega^2 + 8.263 omega^3,-0.135 1 + 0.002 theta + 2.067 omega + -0.027 theta omega + -10.081 omega^2 + 0.085 theta omega^2 + 15.566 omega^3,-1.3455367169e-01,2.0448211255e-03,2.0669989282e+00,7.5364227148e-06,-2.7311109989e-02,-1.0080836120e+01,0.0000000000e+00,-3.0547536080e-05,8.4501370000e-02,1.5566205918e+01
104253,2025-08-22 06:05:00,0.013462,0.588178,0.416013,0.003 1 + 0.857 omega + 0.005 theta omega + 1.193 omega^2 + -0.029 theta omega^2 + -2.606 omega^3,0.006 1 + -0.146 omega + 0.009 theta omega + 0.983 omega^2 + -0.045 theta omega^2 + -1.877 omega^3,5.8161301104e-03,-4.0972270427e-04,-1.4603755726e-01,0.0000000000e+00,9.1718605124e-03,9.8347694842e-01,0.0000000000e+00,-2.5362324144e-06,-4.5493252232e-02,-1.8770667441e+00
104254,2025-08-22 06:10:00,0.064705,8.775178,6.205156,0.007 1 + 0.786 omega + 0.005 theta omega + 1.274 omega^2 + -0.034 theta omega^2 + -1.260 omega^3,0.010 1 + -0.388 omega + 0.008 theta omega + 2.498 omega^2 + -0.066 theta omega^2 + -2.690 omega^3,1.0061804258e-02,4.2742744504e-04,-3.8804295526e-01,-3.0787120626e-05,7.6070354983e-03,2.4976800087e+00,0.0000000000e+00,1.9823102408e-04,-6.6204613371e-02,-2.6895745590e+00
104255,2025-08-22 06:15:00,0.057569,4.341919,3.070470,0.004 1 + 0.001 theta + 0.910 omega + -0.012 theta omega + -0.009 omega^2 + 0.004 theta^2 omega + -0.128 theta omega^2 + 7.646 omega^3,0.007 1 + 0.002 theta + -0.181 omega + -0.025 theta omega + 0.030 omega^2 + 0.008 theta^2 omega + -0.259 theta omega^2 + 15.623 omega^3,7.0483829591e-03,2.2503669888e-03,-1.8096335385e-01,-1.2753182528e-04,-2.4841532242e-02,2.9884901416e-02,-6.2288068438e-05,7.6820730276e-03,-2.5920778853e-01,1.5623355774e+01
104256,2025-08-22 06:20:00,nan,nan,nan,0.002 1 + 1.095 omega + 0.035 theta omega + 0.229 omega^2 + 0.003 theta^2 omega + 0.025 theta omega^2 + 0.377 omega^3,0.004 1 + 0.188 omega + 0.071 theta omega + 0.417 omega^2 + 0.005 theta^2 omega + 0.045 theta omega^2 + 0.751 omega^3,3.6180729584e-03,-2.3615211617e-04,1.8835506905e-01,-4.6853858554e-04,7.0775261607e-02,4.1716913407e-01,-4.1346853608e-05,5.2839883214e-03,4.4782807948e-02,7.5088491787e-01
104257,2025-08-22 06:25:00,nan,nan,nan,-0.063 1 + -0.007 theta + -0.006 omega + -0.090 theta omega + -3.796 omega^2 + -0.001 theta^2 omega + -0.267 theta omega^2 + 0.967 omega^3,-0.126 1 + -0.013 theta + -2.009 omega + -0.179 theta omega + -7.609 omega^2 + -0.003 theta^2 omega + -0.536 theta omega^2 + 2.068 omega^3,-1.2593872684e-01,-1.3387215815e-02,-2.0086289746e+00,-3.5801778713e-04,-1.7890618590e-01,-7.6087876748e+00,-2.0252524631e-06,-2.8641029878e-03,-5.3607299763e-01,2.0681008723e+00
104258,2025-08-22 06:30:00,0.027757,1.885885,1.333667,0.001 1 + 1.098 omega + 0.003 theta omega + 1.215 omega^2 + 0.033 theta omega^2 + 3.882 omega^3,0.001 1 + -0.001 theta + 0.195 omega + 0.006 theta omega + 2.366 omega^2 + 0.064 theta omega^2 + 7.535 omega^3,1.3044619695e-03,-8.7586769485e-04,1.9456986116e-01,-1.0020420158e-04,5.7085392061e-03,2.3663195870e+00,-2.6399610399e-06,-1.6341601569e-04,6.3516042552e-02,7.5349074770e+00
104259,2025-08-22 06:35:00,0.019812,0.622409,0.440333,0.001 1 + 0.002 theta + 1.006 omega + 0.008 theta omega + -0.573 omega^2 + -0.002 theta^2 omega + -0.215 theta omega^2 + -8.214 omega^3,0.002 1 + 0.003 theta + 0.012 omega + 0.014 theta omega + -1.108 omega^2 + -0.003 theta^2 omega + -0.427 theta omega^2 + -15.871 omega^3,2.2615912143e-03,2.9659062044e-03,1.1698243443e-02,4.4012292698e-05,1.3804693382e-02,-1.1078575203e+00,-4.0346790456e-04,-2.9657432357e-03,-4.2705563657e-01,-1.5871181590e+01
104260,2025-08-22 06:40:00,0.065201,2.494151,1.764234,0.002 1 + 0.001 theta + 1.011 omega + -0.001 theta^2 + -0.008 theta omega + -0.584 omega^2 + 0.001 theta^2 omega + 0.156 theta omega^2 + -0.076 omega^3,0.005 1 + 0.002 theta + 0.023 omega + -0.001 theta^2 + -0.014 theta omega + -1.130 omega^2 + 0.002 theta^2 omega + 0.305 theta omega^2 + -0.409 omega^3,4.7350791535e-03,1.6277690882e-03,2.3259700637e-02,-1.1437483157e-03,-1.4430558134e-02,-1.1299152863e+00,1.0266355266e-04,1.9356570432e-03,3.0494671470e-01,-4.0906775351e-01
104261,2025-08-22 06:45:00,0.096469,13.790630,9.751687,-0.011 1 + 0.001 theta + 0.575 omega + 0.020 theta omega + -4.712 omega^2 + 0.085 theta omega^2 + -15.529 omega^3,-0.006 1 + 0.001 theta + -0.473 omega + 0.032 theta omega + -6.785 omega^2 + 0.169 theta omega^2 + -26.588 omega^3,-5.8154533616e-03,1.2584279230e-03,-4.7297333781e-01,-4.7979665996e-05,3.1613763479e-02,-6.7850681345e+00,0.0000000000e+00,-3.6435924736e-04,1.6860755599e-01,-2.6588033683e+01
104262,2025-08-22 06:50:00,nan,nan,nan,-0.005 1 + 0.655 omega + -0.005 theta omega + -3.401 omega^2 + -0.070 theta omega^2 + -7.955 omega^3,0.152 1 + 0.019 theta + 2.201 omega + 0.001 theta^2 + 0.203 theta omega + 10.356 omega^2 + 0.004 theta^2 omega + 0.484 theta omega^2 + 18.037 omega^3,1.5186216768e-01,1.8812494535e-02,2.2007893417e+00,7.1239610407e-04,2.0290882715e-01,1.0356372667e+01,8.1658982198e-06,4.3741307018e-03,4.8386121346e-01,1.8037197028e+01
104263,2025-08-22 06:55:00,0.055009,8.805356,6.226448,-0.001 theta + 1.004 omega + 0.005 theta omega + -0.504 omega^2 + -0.003 theta^2 omega + 0.264 theta omega^2 + -8.924 omega^3,-0.001 1 + -0.001 theta + 0.012 omega + 0.010 theta omega + -0.984 omega^2 + -0.006 theta^2 omega + 0.532 theta omega^2 + -17.863 omega^3,-8.7829224017e-04,-1.4813940925e-03,1.2241759820e-02,-2.9516564253e-04,1.0399380512e-02,-9.8445118522e-01,1.3696805421e-05,-6.4231963653e-03,5.3168510026e-01,-1.7862775236e+01
104264,2025-08-22 07:00:00,0.045098,3.244334,2.294312,1.009 omega + -0.004 theta omega + 0.156 omega^2 + 0.001 theta omega^2 + -0.324 omega^3,0.001 1 + -0.001 theta + 0.017 omega + -0.009 theta omega + 0.317 omega^2 + 0.002 theta omega^2 + -0.644 omega^3,5.1696457105e-04,-6.9849655630e-04,1.6923377326e-02,5.6509767562e-05,-8.9692949827e-03,3.1714466454e-01,-1.5497792693e-06,3.9445939802e-04,1.5782784199e-03,-6.4439992174e-01
104265,2025-08-22 07:05:00,nan,nan,nan,0.011 1 + 0.002 theta + 1.154 omega + 0.026 theta omega + 0.752 omega^2 + 0.036 theta omega^2 + 2.896 omega^3,0.024 1 + 0.005 theta + 0.329 omega + 0.059 theta omega + 1.457 omega^2 + 0.001 theta^2 omega + 0.130 theta omega^2 + 4.263 omega^3,2.3676769244e-02,5.1348171058e-03,3.2857405338e-01,7.4774950056e-05,5.8662560379e-02,1.4570516083e+00,0.0000000000e+00,6.0425388739e-04,1.3021866597e-01,4.2625707400e+00
104266,2025-08-22 07:10:00,0.112431,6.413069,4.535421,0.023 1 + 0.002 theta + 1.206 omega + 0.028 theta omega + -0.538 omega^2 + 0.001 theta^2 omega + -0.035 theta omega^2 + -3.195 omega^3,0.046 1 + 0.003 theta + 0.410 omega + 0.057 theta omega + -1.019 omega^2 + 0.002 theta^2 omega + -0.065 theta omega^2 + -5.953 omega^3,4.5895762745e-02,3.4123433304e-03,4.0954095910e-01,-4.2968021474e-04,5.7330380817e-02,-1.0185089887e+00,-3.3112531039e-05,2.0482549312e-03,-6.5095880153e-02,-5.9526051813e+00
104267,2025-08-22 07:15:00,0.004310,0.106058,0.075056,-0.001 1 + 1.003 omega + -0.007 theta omega + 0.204 omega^2 + -0.001 theta^2 omega + 0.078 theta omega^2 + -1.458 omega^3,-0.001 1 + -0.001 theta + 0.007 omega + -0.014 theta omega + 0.411 omega^2 + -0.002 theta^2 omega + 0.159 theta omega^2 + -3.014 omega^3,-1.0390044381e-03,-6.5119576216e-04,6.5688663689e-03,2.7587135643e-04,-1.4186609163e-02,4.1132814856e-01,-7.6021863242e-06,-1.6789965528e-03,1.5943187934e-01,-3.0137157753e+00
104268,2025-08-22 07:20:00,nan,nan,nan,0.003 1 + -0.001 theta + 0.902 omega + 0.025 theta omega + 0.384 omega^2 + -0.220 theta omega^2 + 6.668 omega^3,0.006 1 + -0.001 theta + -0.204 omega + 0.051 theta omega + 0.803 omega^2 + 0.001 theta^2 omega + -0.491 theta omega^2 + 15.326 omega^3,6.1258257748e-03,-1.3912367377e-03,-2.0356990345e-01,-9.5382565948e-06,5.1257999157e-02,8.0308055715e-01,-1.5513921694e-06,6.4774204177e-04,-4.9136921228e-01,1.5325830672e+01
104269,2025-08-22 07:25:00,nan,nan,nan,0.004 1 + -0.004 theta + 0.993 omega + 0.001 theta^2 + 0.002 theta omega + -0.919 omega^2 + 0.296 theta omega^2 + 4.689 omega^3,0.007 1 + -0.007 theta + -0.011 omega + 0.002 theta^2 + 0.002 theta omega + -1.860 omega^2 + 0.592 theta omega^2 + 10.030 omega^3,7.0102144750e-03,-6.9284040458e-03,-1.0830561685e-02,2.2170853741e-03,1.6196928885e-03,-1.8604412635e+00,-2.3981626381e-04,-3.5534567321e-04,5.9158878279e-01,1.0029576227e+01
104270,2025-08-22 07:30:00,0.052528,2.297202,1.624792,-0.001 theta + 1.020 omega + -0.001 theta^2 + 0.015 theta omega + -0.236 omega^2 + 0.002 theta^2 omega + -0.121 theta omega^2 + 0.990 omega^3,-0.001 1 + -0.002 theta + 0.041 omega + -0.001 theta^2 + 0.032 theta omega + -0.516 omega^2 + 0.004 theta^2 omega + -0.252 theta omega^2 + 2.528 omega^3,-5.9862085442e-04,-1.9282400344e-03,4.0669994313e-02,-1.1859932399e-03,3.1813035863e-02,-5.1630944888e-01,-1.4732381076e-04,4.0498854951e-03,-2.5203346473e-01,2.5283076376e+00
104271,2025-08-22 07:35:00,nan,nan,nan,-0.010 1 + -0.001 theta + 0.911 omega + -0.015 theta omega + 2.889 omega^2 + 0.001 theta^2 omega + -0.088 theta omega^2 + -4.242 omega^3,-0.010 1 + 0.003 theta + 0.054 omega + -0.053 theta omega + 0.412 omega^2 + 0.002 theta^2 omega + 0.042 theta omega^2 + 4.690 omega^3,-1.0243543152e-02,3.1407755547e-03,5.4013913641e-02,-1.3029207763e-04,-5.2667075940e-02,4.1187856409e-01,0.0000000000e+00,2.2317331358e-03,4.1978676288e-02,4.6896483226e+00
104272,2025-08-22 07:40:00,0.075168,8.831429,6.244989,-0.001 1 + 0.001 theta + 0.962 omega + 0.007 theta omega + 1.135 omega^2 + 0.001 theta^2 omega + -0.199 theta omega^2 + -3.988 omega^3,-0.001 1 + 0.001 theta + -0.074 omega + 0.015 theta omega + 2.291 omega^2 + 0.003 theta^2 omega + -0.411 theta omega^2 + -7.889 omega^3,-1.0795240448e-03,1.3198351573e-03,-7.4224779279e-02,-3.6749731804e-04,1.5125449982e-02,2.2905531891e+00,1.2693124973e-05,2.6905357263e-03,-4.1097074902e-01,-7.8892110676e+00
104273,2025-08-22 07:45:00,0.081342,12.001933,8.486843,-0.001 1 + 0.968 omega + 0.007 theta omega + 0.757 omega^2 + -0.046 theta omega^2 + -2.864 omega^3,-0.002 1 + -0.001 theta + -0.069 omega + 0.014 theta omega + 1.576 omega^2 + -0.001 theta^2 omega + -0.095 theta omega^2 + -5.744 omega^3,-2.0031516455e-03,-5.8947655092e-04,-6.8866235886e-02,1.1856268731e-04,1.4418811521e-02,1.5757280173e+00,-4.9138572467e-06,-5.5750521920e-04,-9.4683322286e-02,-5.7444094086e+00
104274,2025-08-22 07:50:00,1.314955,1.361784,1.338575,0.992 omega + -0.012 theta omega + 0.145 omega^2 + -0.003 theta^2 omega + 0.144 theta omega^2 + -0.439 omega^3,0.001 theta + -0.016 omega + -0.025 theta omega + 0.296 omega^2 + -0.005 theta^2 omega + 0.291 theta omega^2 + -0.566 omega^3,-2.0177000331e-04,5.7732549982e-04,-1.5988701733e-02,4.3312983708e-04,-2.5003414705e-02,2.9611613883e-01,-3.0517285348e-05,-5.0145356071e-03,2.9062881253e-01,-5.6561281381e-01
104275,2025-08-22 07:55:00,0.038957,5.628168,3.979811,-0.001 1 + 0.919 omega + -0.002 theta omega + 1.674 omega^2 + -0.078 theta omega^2 + -5.887 omega^3,-0.001 1 + 0.001 theta + -0.170 omega + -0.002 theta omega + 3.386 omega^2 + 0.001 theta^2 omega + -0.165 theta omega^2 + -11.810 omega^3,-1.1421525271e-03,8.2081050251e-04,-1.6960938895e-01,-5.4072302503e-05,-1.7848101318e-03,3.3861543522e+00,0.0000000000e+00,9.2236071292e-04,-1.6524261451e-01,-1.1809739527e+01
104276,2025-08-22 08:00:00,0.038273,1.590468,1.124956,0.018 1 + -0.001 theta + 0.610 omega + 0.025 theta omega + 2.733 omega^2 + -0.107 theta omega^2 + -5.866 omega^3,0.035 1 + -0.003 theta + -0.771 omega + 0.049 theta omega + 5.419 omega^2 + -0.215 theta omega^2 + -11.506 omega^3,3.4942543543e-02,-2.5056656646e-03,-7.7123806267e-01,-2.3254579549e-05,4.8719864192e-02,5.4192643666e+00,2.9481904147e-06,-4.3052301870e-04,-2.1450445734e-01,-1.1505535470e+01
104277,2025-08-22 08:05:00,nan,nan,nan,-0.010 1 + 0.007 theta + 1.031 omega + -0.001 theta^2 + -0.032 theta omega + 0.994 omega^2 + 0.004 theta^2 omega + -0.218 theta omega^2 + 0.993 omega^3,-0.021 1 + 0.014 theta + 0.062 omega + -0.002 theta^2 + -0.065 theta omega + 2.060 omega^2 + 0.008 theta^2 omega + -0.447 theta omega^2 + 1.755 omega^3,-2.1018658616e-02,1.4191708255e-02,6.2170013488e-02,-2.4384941260e-03,-6.4717619469e-02,2.0603116396e+00,1.2212213884e-04,8.1877650872e-03,-4.4664462852e-01,1.7548743775e+00
104278,2025-08-22 08:10:00,0.035886,1.668430,1.180031,0.001 1 + -0.001 theta + 1.008 omega + 0.003 theta omega + 0.087 omega^2 + -0.002 theta^2 omega + 0.134 theta omega^2 + -4.797 omega^3,0.001 1 + -0.002 theta + 0.020 omega + 0.005 theta omega + 0.166 omega^2 + -0.003 theta^2 omega + 0.249 theta omega^2 + -8.886 omega^3,1.1321051902e-03,-1.8299676705e-03,1.9878258398e-02,3.0883434860e-04,4.6620967858e-03,1.6622078555e-01,-4.8049336833e-06,-3.1867966816e-03,2.4921819805e-01,-8.8862015806e+00
104279,2025-08-22 08:15:00,0.022109,0.542726,0.384083,0.009 1 + -0.001 theta + 0.757 omega + 0.021 theta omega + 1.866 omega^2 + -0.099 theta omega^2 + -3.623 omega^3,0.018 1 + -0.002 theta + -0.493 omega + 0.044 theta omega + 3.920 omega^2 + -0.001 theta^2 omega + -0.209 theta omega^2 + -8.231 omega^3,1.7850543045e-02,-2.3412019538e-03,-4.9281687276e-01,1.0781711156e-04,4.3900042893e-02,3.9200459388e+00,-2.9279724667e-06,-6.3063737915e-04,-2.0907557490e-01,-8.2308113045e+00
104280,2025-08-22 08:20:00,0.059566,2.711249,1.917605,-0.004 1 + 1.008 omega + -0.008 theta omega + 0.465 omega^2 + -0.002 theta^2 omega + 0.027 theta omega^2 + -0.723 omega^3,-0.008 1 + -0.001 theta + 0.018 omega + 0.001 theta^2 + -0.015 theta omega + 0.966 omega^2 + -0.005 theta^2 omega + 0.070 theta omega^2 + -1.644 omega^3,-7.6404568155e-03,-7.1527803432e-04,1.8137519835e-02,6.1102900078e-04,-1.5012599055e-02,9.6628212242e-01,7.5501107859e-05,-4.9417007428e-03,6.9791494508e-02,-1.6435332527e+00
104281,2025-08-22 08:25:00,0.015688,1.066334,0.754094,-0.001 theta + 1.065 omega + -0.007 theta omega + -0.838 omega^2 + 0.039 theta omega^2 + 3.677 omega^3,0.001 1 + -0.002 theta + 0.129 omega + -0.013 theta omega + -1.639 omega^2 + 0.073 theta omega^2 + 7.174 omega^3,7.2261819498e-04,-1.7661817053e-03,1.2874536614e-01,3.2961901907e-04,-1.3064340795e-02,-1.6386767599e+00,-1.3730941173e-05,-4.0920012757e-05,7.2669833251e-02,7.1740928876e+00
104282,2025-08-22 08:30:00,0.024440,2.182248,1.543179,-0.001 theta + 1.043 omega + 0.008 theta omega + -1.312 omega^2 + -0.001 theta^2 omega + -0.035 theta omega^2 + 10.375 omega^3,0.001 1 + -0.002 theta + 0.083 omega + 0.003 theta omega + -1.605 omega^2 + -0.004 theta^2 omega + 0.263 theta omega^2,5.2581673424e-04,-1.8639751841e-03,8.3416409934e-02,4.5656112003e-04,2.7780750694e-03,-1.6050847249e+00,-1.2293364878e-05,-3.7787693639e-03,2.6314181868e-01,0.0000000000e+00
104283,2025-08-22 08:35:00,0.070236,2.605250,1.842859,-0.001 1 + 1.043 omega + -0.025 theta omega + 0.556 omega^2 + 0.002 theta^2 omega + -0.069 theta omega^2 + -2.922 omega^3,-0.002 1 + -0.001 theta + 0.089 omega + 0.001 theta^2 + -0.051 theta omega + 1.152 omega^2 + 0.005 theta^2 omega + -0.147 theta omega^2 + -5.828 omega^3,-1.9956578764e-03,-8.3389498653e-04,8.8941792811e-02,7.1029793480e-04,-5.1265961517e-02,1.1518950685e+00,-6.9119362317e-05,5.0720718981e-03,-1.4660143611e-01,-5.8279611686e+00
104284,2025-08-22 08:40:00,0.042774,1.463049,1.034974,1.003 omega + 0.006 theta omega + -0.186 omega^2 + -0.007 theta^2 omega + -0.226 theta omega^2 + 3.900 omega^3,-0.001 theta + 0.008 omega + 0.001 theta^2 + 0.013 theta omega + -0.333 omega^2 + -0.013 theta^2 omega + -0.469 theta omega^2 + 7.741 omega^3,-3.9094098192e-04,-5.8341562940e-04,7.8004909172e-03,6.8606707822e-04,1.2869470788e-02,-3.3269876176e-01,2.1804470127e-04,-1.3327011380e-02,-4.6949297258e-01,7.7413891474e+00
104285,2025-08-22 08:45:00,0.102812,10.499999,7.424976,0.001 theta + 0.957 omega + -0.021 theta omega + 2.250 omega^2 + 0.003 theta^2 omega + -0.184 theta omega^2 + -6.649 omega^3,-0.001 1 + 0.001 theta + -0.081 omega + -0.043 theta omega + 4.443 omega^2 + 0.005 theta^2 omega + -0.377 theta omega^2 + -12.730 omega^3,-6.3570246501e-04,1.0392780861e-03,-8.0637501899e-02,8.5953423499e-06,-4.2512192055e-02,4.4433916742e+00,-1.2489892569e-05,5.4368890640e-03,-3.7679167226e-01,-1.2730407578e+01
104286,2025-08-22 08:50:00,nan,nan,nan,-0.004 1 + -0.001 theta + 1.123 omega + 0.001 theta^2 + -0.026 theta omega + -0.404 omega^2 + 0.001 theta^2 omega + -0.008 theta omega^2 + 1.502 omega^3,-0.008 1 + -0.001 theta + 0.233 omega + 0.001 theta^2 + -0.053 theta omega + -0.747 omega^2 + 0.003 theta^2 omega + -0.025 theta omega^2 + 3.503 omega^3,-8.3969466839e-03,-1.4697588614e-03,2.3322662631e-01,1.2419111358e-03,-5.2795984263e-02,-7.4674029713e-01,-1.1844372005e-04,2.7090847908e-03,-2.4611505374e-02,3.5034943972e+00
104287,2025-08-22 08:55:00,0.013347,1.043723,0.738084,-0.001 1 + -0.003 theta + 1.020 omega + 0.023 theta omega + 1.056 omega^2 + -0.002 theta^2 omega + 0.023 theta omega^2 + -11.132 omega^3,-0.001 1 + -0.005 theta + 0.041 omega + 0.046 theta omega + 2.056 omega^2 + -0.003 theta^2 omega + 0.042 theta omega^2 + -21.629 omega^3,-1.3492375661e-03,-5.4497007129e-03,4.0505009543e-02,3.4503966790e-04,4.5876415689e-02,2.0558891300e+00,-1.8289301269e-06,-2.9710400591e-03,4.2074441113e-02,-2.1628715875e+01
104288,2025-08-22 09:00:00,0.004623,0.071592,0.050729,0.010 1 + -0.003 theta + 1.472 omega + -0.004 theta omega + -5.979 omega^2 + 0.096 theta omega^2 + 16.954 omega^3,-0.012 1 + 0.002 theta + 0.099 omega + -0.018 theta omega + 0.041 theta omega^2 + -0.927 omega^3,-1.2388135973e-02,1.7379551669e-03,9.9043930762e-02,-3.9153605522e-05,-1.8329352628e-02,0.0000000000e+00,0.0000000000e+00,3.1782001292e-04,4.0886807742e-02,-9.2707860878e-01
104289,2025-08-22 09:05:00,nan,nan,nan,0.028 1 + -0.004 theta + 0.272 omega + 0.113 theta omega + 3.990 omega^2 + -0.002 theta^2 omega + -0.648 theta omega^2 + 8.928 omega^3,0.056 1 + -0.009 theta + -1.466 omega + 0.226 theta omega + 8.070 omega^2 + -0.003 theta^2 omega + -1.313 theta omega^2 + 18.318 omega^3,5.6236246221e-02,-8.9488285445e-03,-1.4657501934e+00,1.5342553703e-04,2.2647692883e-01,8.0702050213e+00,4.3685600899e-06,-3.4860586759e-03,-1.3131586506e+00,1.8318291538e+01
104290,2025-08-22 09:10:00,0.040809,5.962752,4.216401,-0.004 1 + -0.002 theta + 0.789 omega + -0.027 theta omega + -2.842 omega^2 + -0.001 theta^2 omega + -0.190 theta omega^2 + -10.171 omega^3,-0.008 1 + -0.003 theta + -0.408 omega + -0.053 theta omega + -5.526 omega^2 + -0.002 theta^2 omega + -0.372 theta omega^2 + -19.602 omega^3,-7.9251178799e-03,-3.2713785136e-03,-4.0781644485e-01,-4.8826025205e-04,-5.3415303747e-02,-5.5259809085e+00,-2.0781876064e-05,-1.8311801690e-03,-3.7179655522e-01,-1.9601819145e+01
104291,2025-08-22 09:15:00,nan,nan,nan,0.001 1 + -0.001 theta + 1.003 omega + -0.034 theta omega + 0.277 omega^2 + 0.004 theta^2 omega + -0.086 theta omega^2 + 9.396 omega^3,0.001 1 + -0.001 theta + 0.011 omega + 0.001 theta^2 + -0.068 theta omega + 0.546 omega^2 + 0.009 theta^2 omega + -0.170 theta omega^2 + 18.590 omega^3,9.8607277233e-04,-1.2527502917e-03,1.1190654121e-02,7.6045174763e-04,-6.8131189288e-02,5.4633221183e-01,-8.4242383159e-05,9.0165289605e-03,-1.6974445910e-01,1.8589936900e+01
104292,2025-08-22 09:20:00,nan,nan,nan,-0.010 1 + 0.005 theta + 1.199 omega + -0.001 theta^2 + -0.068 theta omega + -0.674 omega^2 + 0.005 theta^2 omega + 0.091 theta omega^2 + 1.520 omega^3,-0.020 1 + 0.009 theta + 0.381 omega + -0.001 theta^2 + -0.132 theta omega + -1.110 omega^2 + 0.010 theta^2 omega + 0.157 theta omega^2 + 2.119 omega^3,-2.0374504830e-02,9.3625094014e-03,3.8052262511e-01,-1.1010100554e-03,-1.3243750135e-01,-1.1097859588e+00,3.0799823078e-05,1.0250560943e-02,1.5709550589e-01,2.1186261781e+00
104293,2025-08-22 09:25:00,0.021540,0.439731,0.311310,1.014 omega + -0.010 theta omega + 0.032 omega^2 + 0.002 theta^2 omega + -0.157 theta omega^2 + -1.845 omega^3,0.001 1 + -0.001 theta + 0.027 omega + -0.023 theta omega + 0.113 omega^2 + 0.006 theta^2 omega + -0.331 theta omega^2 + -3.000 omega^3,7.7948950231e-04,-7.8556297341e-04,2.6594311341e-02,4.9443231923e-04,-2.3057591969e-02,1.1314905911e-01,-9.0602969132e-05,5.5628889243e-03,-3.3098243450e-01,-3.0004533531e+00
104294,2025-08-22 09:30:00,nan,nan,nan,0.998 omega + -0.001 theta^2 + 0.034 theta omega + -0.398 omega^2 + 0.010 theta^2 omega + -0.148 theta omega^2 + 5.042 omega^3,-0.004 omega + -0.001 theta^2 + 0.067 theta omega + -0.814 omega^2 + 0.019 theta^2 omega + -0.296 theta omega^2 + 10.276 omega^3,-1.9122058256e-04,-3.1113806559e-04,-4.2322279915e-03,-1.0871327010e-03,6.6780792742e-02,-8.1407204987e-01,-3.3879493872e-04,1.8941864138e-02,-2.9584773486e-01,1.0276061399e+01
104295,2025-08-22 09:35:00,0.058912,7.144273,5.051935,0.001 1 + -0.001 theta + 0.979 omega + 0.003 theta omega + 0.679 omega^2 + -0.043 theta omega^2 + -4.763 omega^3,0.002 1 + -0.001 theta + -0.041 omega + 0.007 theta omega + 1.344 omega^2 + -0.085 theta omega^2 + -9.334 omega^3,1.8180665931e-03,-1.1203877080e-03,-4.1346652332e-02,1.3686792823e-04,6.6951095055e-03,1.3444104847e+00,-2.7159849549e-06,-9.3932831893e-05,-8.4676639937e-02,-9.3339894596e+00
104296,2025-08-22 09:40:00,0.026414,0.594875,0.421055,-0.001 theta + 0.988 omega + 0.002 theta^2 + 0.044 theta omega + -0.138 omega^2 + -0.001 theta^3 + -0.029 theta^2 omega + 0.009 theta omega^2 + -0.274 omega^3,-0.002 theta + -0.022 omega + 0.005 theta^2 + 0.086 theta omega + -0.267 omega^2 + -0.003 theta^3 + -0.055 theta^2 omega + 0.113 theta omega^2,2.4553107673e-04,-2.2293318433e-03,-2.2292820445e-02,4.8507833301e-03,8.5939026382e-02,-2.6691441838e-01,-3.0016645273e-03,-5.5295670086e-02,1.1313083806e-01,0.0000000000e+00
104297,2025-08-22 09:45:00,0.056355,5.147665,3.640167,-0.001 theta + 0.994 omega + -0.017 theta omega + 1.409 omega^2 + 0.001 theta^2 omega + 0.093 theta omega^2 + -15.037 omega^3,-0.001 theta + -0.009 omega + -0.032 theta omega + 2.752 omega^2 + 0.002 theta^2 omega + 0.196 theta omega^2 + -30.233 omega^3,4.9681707796e-04,-1.3718889901e-03,-9.4528433968e-03,4.4467533600e-04,-3.2454458419e-02,2.7523664889e+00,-3.2306615610e-05,2.0016285276e-03,1.9581705427e-01,-3.0233006502e+01
104298,2025-08-22 09:50:00,0.027805,1.012671,0.716337,-0.003 theta + 1.010 omega + 0.003 theta^2 + -0.025 theta omega + 0.629 omega^2 + -0.001 theta^3 + 0.006 theta^2 omega + -0.372 theta omega^2 + 3.664 omega^3,-0.005 theta + 0.019 omega + 0.005 theta^2 + -0.042 theta omega + 1.454 omega^2 + -0.001 theta^3 + 0.010 theta^2 omega + -0.679 theta omega^2,3.5052727439e-04,-5.1580041166e-03,1.8665042956e-02,5.3828363392e-03,-4.1690052961e-02,1.4541339697e+00,-1.1485726491e-03,9.7418615017e-03,-6.7884273505e-01,0.0000000000e+00
104299,2025-08-22 09:55:00,nan,nan,nan,0.005 1 + 0.705 omega + 0.072 theta omega + 2.922 omega^2 + -0.001 theta^2 omega + -0.769 theta omega^2 + 4.048 omega^3,0.009 1 + 0.001 theta + -0.573 omega + -0.001 theta^2 + 0.136 theta omega + 5.852 omega^2 + -0.001 theta^2 omega + -1.543 theta omega^2 + 8.190 omega^3,8.6933579330e-03,5.9818093042e-04,-5.7323232550e-01,-9.0289145257e-04,1.3620992336e-01,5.8516414250e+00,7.6051227944e-05,-7.9813108706e-04,-1.5426045768e+00,8.1904743323e+00
104300,2025-08-22 10:00:00,0.083900,2.909675,2.058306,0.003 1 + -0.002 theta + 0.961 omega + 0.001 theta^2 + 0.024 theta omega + -0.055 omega^2 + -0.003 theta^2 omega + -0.002 theta omega^2 + 0.074 omega^3,0.006 1 + -0.005 theta + -0.075 omega + 0.001 theta^2 + 0.046 theta omega + -0.059 omega^2 + -0.006 theta^2 omega + -0.014 theta omega^2 + 0.208 omega^3,5.9577028708e-03,-4.7655289053e-03,-7.5377796861e-02,1.2312487698e-03,4.6341416994e-02,-5.9368896581e-02,-1.0172701513e-04,-5.6786270480e-03,-1.4397895940e-02,2.0817616128e-01
104301,2025-08-22 10:05:00,0.018031,1.394716,0.986296,-0.034 1 + -0.002 theta + 0.449 omega + -0.018 theta omega + -2.859 omega^2 + -0.054 theta omega^2 + -4.391 omega^3,-0.057 1 + -0.002 theta + -0.909 omega + -0.025 theta omega + -4.566 omega^2 + -0.078 theta omega^2 + -6.820 omega^3,-5.7316977369e-02,-2.1474454656e-03,-9.0850383976e-01,-1.4220808683e-05,-2.4950983249e-02,-4.5659660735e+00,0.0000000000e+00,-6.4604637616e-05,-7.8114523825e-02,-6.8195881887e+00
104302,2025-08-22 10:10:00,0.007309,0.537581,0.380163,1.014 omega + 0.003 theta omega + -0.266 omega^2 + -0.001 theta^2 omega + 0.049 theta omega^2 + -0.804 omega^3,0.027 omega + 0.005 theta omega + -0.513 omega^2 + -0.002 theta^2 omega + 0.102 theta omega^2 + -1.631 omega^3,3.3351842487e-04,-4.3811689653e-04,2.6803004967e-02,1.9649484647e-04,4.6555701522e-03,-5.1272918044e-01,-3.0549100851e-06,-2.2319476423e-03,1.0183816995e-01,-1.6312753366e+00
104303,2025-08-22 10:15:00,0.030257,0.780372,0.552221,0.006 1 + -0.003 theta + 0.842 omega + 0.001 theta^2 + 0.040 theta omega + 1.177 omega^2 + -0.003 theta^2 omega + -0.131 theta omega^2 + -1.643 omega^3,0.012 1 + -0.006 theta + -0.316 omega + 0.001 theta^2 + 0.080 theta omega + 2.407 omega^2 + -0.005 theta^2 omega + -0.267 theta omega^2 + -3.365 omega^3,1.1508350215e-02,-6.0703237729e-03,-3.1612590469e-01,1.1985941597e-03,7.9514103835e-02,2.4065335852e+00,-8.1121896711e-05,-5.2263258994e-03,-2.6714292754e-01,-3.3647062838e+00
104304,2025-08-22 10:20:00,nan,nan,nan,-0.003 1 + -0.001 theta + 0.978 omega + -0.008 theta omega + 0.217 omega^2 + -0.001 theta^2 omega + 0.019 theta omega^2 + 1.031 omega^3,-0.005 1 + -0.002 theta + -0.041 omega + -0.016 theta omega + 0.388 omega^2 + -0.001 theta^2 omega + 0.035 theta omega^2 + 1.807 omega^3,-5.1357397311e-03,-1.6517082663e-03,-4.1223621596e-02,-1.0267469758e-04,-1.5795321786e-02,3.8770428531e-01,2.7072128041e-06,-1.3198007244e-03,3.5058134160e-02,1.8074478406e+00
104305,2025-08-22 10:25:00,0.050909,2.258040,1.597081,0.001 1 + 0.996 omega + 0.111 omega^2 + -0.019 theta omega^2 + -0.690 omega^3,0.001 1 + -0.001 theta + -0.005 omega + 0.274 omega^2 + 0.001 theta^2 omega + -0.061 theta omega^2 + -1.080 omega^3,1.1488536008e-03,-5.9583352709e-04,-4.5324401585e-03,1.3820929615e-04,-3.7210099678e-04,2.7386883000e-01,-2.4326100435e-05,5.0278932327e-04,-6.0773191592e-02,-1.0799017963e+00
104306,2025-08-22 10:30:00,nan,nan,nan,1.124 omega + 0.009 theta omega + -3.182 omega^2 + -0.036 theta omega^2 + 20.461 omega^3,0.255 omega + 0.017 theta omega + -6.432 omega^2 + -0.001 theta^2 omega + -0.073 theta omega^2 + 41.448 omega^3,-3.9510477325e-04,-3.7518832409e-04,2.5541209965e-01,-7.9522179415e-05,1.7494161742e-02,-6.4318026090e+00,6.4916992709e-06,-8.2258080638e-04,-7.3332027828e-02,4.1447530873e+01
104307,2025-08-22 10:35:00,0.078244,2.758475,1.951321,-0.005 1 + 0.002 theta + 1.013 omega + -0.031 theta omega + 1.323 omega^2 + 0.005 theta^2 omega + -0.110 theta omega^2 + -6.910 omega^3,-0.009 1 + 0.004 theta + 0.021 omega + -0.058 theta omega + 2.639 omega^2 + 0.009 theta^2 omega + -0.227 theta omega^2 + -13.387 omega^3,-9.1940298239e-03,3.5064327131e-03,2.1472446127e-02,-5.1094652278e-05,-5.7976020237e-02,2.6390780607e+00,-4.7300298467e-05,9.1027187428e-03,-2.2669610756e-01,-1.3386943996e+01
104308,2025-08-22 10:40:00,0.160239,4.739881,3.353517,0.034 1 + -0.007 theta + 0.385 omega + 0.075 theta omega + 2.958 omega^2 + -0.002 theta^2 omega + -0.180 theta omega^2 + -1.100 omega^3,0.070 1 + -0.014 theta + -1.280 omega + 0.001 theta^2 + 0.156 theta omega + 6.228 omega^2 + -0.005 theta^2 omega + -0.378 theta omega^2 + -2.535 omega^3,6.9597813267e-02,-1.3956652594e-02,-1.2803013651e+00,1.0146963767e-03,1.5628824692e-01,6.2284002129e+00,-2.7196126518e-05,-4.8336889219e-03,-3.7791243907e-01,-2.5354657781e+00
104309,2025-08-22 10:45:00,nan,nan,nan,0.016 1 + 0.002 theta + 0.527 omega + 0.001 theta omega + 2.841 omega^2 + 0.002 theta^2 omega + -0.231 theta omega^2 + 7.581 omega^3,0.019 1 + 0.002 theta + -0.678 omega + -0.011 theta omega + 5.525 omega^2 + 0.004 theta^2 omega + -0.447 theta omega^2 + 10.212 omega^3,1.9182185673e-02,2.1397606330e-03,-6.7788428422e-01,-2.3383298138e-04,-1.0553961069e-02,5.5247796938e+00,0.0000000000e+00,3.9252683662e-03,-4.4657181012e-01,1.0211694180e+01
104310,2025-08-22 10:50:00,0.136354,11.549196,8.167084,-0.001 theta + 1.053 omega + 0.003 theta omega + -0.096 omega^2 + -0.002 theta^2 omega + 0.207 theta omega^2 + -9.753 omega^3,-0.002 theta + 0.118 omega + 0.005 theta omega + -0.258 omega^2 + -0.004 theta^2 omega + 0.422 theta omega^2 + -19.762 omega^3,9.8212150234e-05,-2.0706123163e-03,1.1773747509e-01,1.3198661069e-04,5.1204330293e-03,-2.5835605891e-01,6.4942557643e-06,-3.5395534143e-03,4.2228267873e-01,-1.9762322286e+01
104311,2025-08-22 10:55:00,0.022675,2.275129,1.608839,0.012 1 + 0.002 theta + 0.576 omega + -0.014 theta omega + 3.411 omega^2 + 0.011 theta omega^2 + -7.710 omega^3,0.079 1 + -0.001 theta + -1.644 omega + 0.021 theta omega + 10.918 omega^2 + -0.081 theta omega^2 + -23.294 omega^3,7.8618335647e-02,-1.1408418769e-03,-1.6441741939e+00,-2.8456216706e-06,2.1011283361e-02,1.0917940928e+01,0.0000000000e+00,-2.0667583776e-05,-8.1393551438e-02,-2.3293778709e+01
104312,2025-08-22 11:00:00,0.021260,0.820186,0.580154,-0.025 1 + 0.003 theta + 1.459 omega + -0.034 theta omega + -2.839 omega^2 + 0.001 theta^2 omega + 0.102 theta omega^2 + 5.638 omega^3,-0.052 1 + 0.006 theta + 0.967 omega + -0.071 theta omega + -5.975 omega^2 + 0.001 theta^2 omega + 0.213 theta omega^2 + 11.747 omega^3,-5.1680743336e-02,6.3238292340e-03,9.6696417760e-01,-2.7499542462e-04,-7.0518901975e-02,-5.9750493122e+00,4.2548245480e-06,1.2786879015e-03,2.1270175266e-01,1.1746988585e+01
104313,2025-08-22 11:05:00,0.021962,0.431008,0.305164,0.035 1 + -0.011 theta + 0.185 omega + 0.001 theta^2 + 0.185 theta omega + 4.500 omega^2 + -0.011 theta^2 omega + -0.657 theta omega^2 + 2.284 omega^3,0.068 1 + -0.022 theta + -1.616 omega + 0.002 theta^2 + 0.367 theta omega + 9.107 omega^2 + -0.021 theta^2 omega + -1.324 theta omega^2 + 4.197 omega^3,6.8275549506e-02,-2.1560206079e-02,-1.6159459716e+00,2.3769475206e-03,3.6747143831e-01,9.1067086287e+00,-9.3222981944e-05,-2.0804196229e-02,-1.3237611754e+00,4.1973822880e+00
104314,2025-08-22 11:10:00,0.026546,2.518316,1.780817,-0.002 theta + 1.049 omega + 0.006 theta omega + -0.195 omega^2 + -0.001 theta^2 omega + 0.058 theta omega^2 + -2.163 omega^3,0.001 1 + -0.004 theta + 0.104 omega + 0.001 theta^2 + 0.010 theta omega + -0.509 omega^2 + -0.003 theta^2 omega + 0.117 theta omega^2 + -3.357 omega^3,6.3019453693e-04,-3.8368216975e-03,1.0444620573e-01,5.7963638488e-04,1.0472919663e-02,-5.0862251478e-01,-1.8105677606e-05,-2.7666101900e-03,1.1699605255e-01,-3.3568597312e+00
104315,2025-08-22 11:15:00,0.114650,5.507088,3.894943,-0.001 1 + -0.001 theta + 0.903 omega + 0.001 theta omega + 1.894 omega^2 + -0.108 theta omega^2 + -4.169 omega^3,-0.001 1 + -0.002 theta + -0.199 omega + 0.003 theta omega + 3.787 omega^2 + 0.001 theta^2 omega + -0.223 theta omega^2 + -8.019 omega^3,-1.2730398475e-03,-1.7878899991e-03,-1.9890176564e-01,2.9379447121e-04,2.7750569848e-03,3.7869325454e+00,-1.1574463180e-05,9.9462042691e-04,-2.2272774970e-01,-8.0185676538e+00
104316,2025-08-22 11:20:00,0.076850,7.097134,5.018726,0.014 1 + -0.002 theta + 0.576 omega + 0.050 theta omega + 3.842 omega^2 + -0.001 theta^2 omega + -0.347 theta omega^2 + -9.334 omega^3,0.029 1 + -0.003 theta + -0.855 omega + 0.103 theta omega + 7.790 omega^2 + -0.001 theta^2 omega + -0.704 theta omega^2 + -18.828 omega^3,2.8669785027e-02,-3.2628225901e-03,-8.5451163613e-01,-1.3217582415e-04,1.0274667276e-01,7.7901937259e+00,1.6066099707e-05,-1.2048130233e-03,-7.0360699674e-01,-1.8828007753e+01
104317,2025-08-22 11:25:00,0.023165,0.591218,0.418375,0.001 1 + 0.941 omega + 0.007 theta omega + 0.426 omega^2 + -0.080 theta omega^2 + 2.336 omega^3,0.001 1 + 0.001 theta + -0.104 omega + 0.011 theta omega + 0.828 omega^2 + -0.147 theta omega^2 + 3.947 omega^3,9.1413247671e-04,6.9550234472e-04,-1.0374331565e-01,-1.4687502054e-04,1.0757635998e-02,8.2753584628e-01,6.1567628192e-06,2.7672692620e-04,-1.4679356548e-01,3.9468392966e+00
104318,2025-08-22 11:30:00,0.030932,1.806501,1.277576,0.989 omega + 0.002 theta omega + -0.146 omega^2 + -0.003 theta omega^2 + 1.661 omega^3,-0.001 theta + -0.028 omega + 0.005 theta omega + -0.290 omega^2 + -0.011 theta omega^2 + 3.467 omega^3,-5.5328926827e-05,-8.8239609930e-04,-2.7562869996e-02,2.0294731173e-04,4.9109736614e-03,-2.8995834885e-01,-9.4475738002e-06,-2.9661224153e-04,-1.1273148297e-02,3.4666626670e+00
104319,2025-08-22 11:35:00,0.012965,0.797920,0.564289,-0.001 theta + 1.030 omega + 0.027 theta omega + -0.465 omega^2 + 0.005 theta^2 omega + -0.214 theta omega^2 + 1.298 omega^3,0.046 omega + 0.019 theta omega + -0.444 omega^2 + 0.002 theta^2 omega + -0.280 theta omega^2 + -0.320 omega^3,-3.7144901906e-04,2.3340262062e-04,4.6003652307e-02,1.1808517303e-04,1.9089195891e-02,-4.4418924463e-01,0.0000000000e+00,1.7614955601e-03,-2.7991550033e-01,-3.1961252889e-01
104320,2025-08-22 11:40:00,0.040966,3.706541,2.621080,0.984 omega + 0.001 theta omega + 0.315 omega^2 + -0.011 theta omega^2 + -1.272 omega^3,-0.003 1 + 0.005 omega + 0.400 omega^2 + -0.010 theta omega^2 + -2.032 omega^3,-2.7485456976e-03,-2.5902112849e-05,4.6564134785e-03,1.1733887717e-05,3.0134948244e-04,3.9982143841e-01,0.0000000000e+00,-5.3900284902e-05,-1.0297515664e-02,-2.0320845105e+00
104321,2025-08-22 11:45:00,nan,nan,nan,-0.002 1 + -0.001 theta + 1.095 omega + 0.007 theta omega + -0.958 omega^2 + 0.001 theta^2 omega + -0.116 theta omega^2 + 6.929 omega^3,-0.014 1 + -0.002 theta + 0.633 omega + 0.026 theta omega + -7.684 omega^2 + -0.001 theta^2 omega + -0.070 theta omega^2 + 29.265 omega^3,-1.4322327012e-02,-2.1742721652e-03,6.3308613124e-01,8.8840226954e-05,2.5874087902e-02,-7.6844807233e+00,0.0000000000e+00,-7.2690978888e-04,-7.0093998115e-02,2.9265164404e+01
104322,2025-08-22 11:50:00,nan,nan,nan,-0.011 1 + 0.002 theta + 1.429 omega + -0.048 theta omega + -4.680 omega^2 + 0.002 theta^2 omega + 0.183 theta omega^2 + 18.513 omega^3,-0.022 1 + 0.003 theta + 0.836 omega + -0.091 theta omega + -9.113 omega^2 + 0.003 theta^2 omega + 0.340 theta omega^2 + 36.262 omega^3,-2.1902525266e-02,2.9542528994e-03,8.3584908013e-01,-6.9622530459e-05,-9.0934390944e-02,-9.1129662005e+00,-2.9099756512e-06,3.0807216193e-03,3.3981873013e-01,3.6261683214e+01
104323,2025-08-22 11:55:00,0.031320,4.315696,3.051738,0.998 omega + -0.010 omega^2 + 0.002 theta^2 omega + -0.248 theta omega^2 + 8.265 omega^3,0.170 omega^2 + -0.025 theta omega^2,0.0000000000e+00,2.7155719729e-05,-3.4750496042e-04,0.0000000000e+00,-4.0849430661e-04,1.6972368612e-01,0.0000000000e+00,1.4477165870e-04,-2.4859683898e-02,0.0000000000e+00
104324,2025-08-22 12:00:00,nan,nan,nan,-0.002 1 + -0.001 theta + 1.098 omega + 0.003 theta omega + -1.132 omega^2 + 0.004 theta omega^2 + 3.835 omega^3,-0.006 1 + -0.001 theta + 0.209 omega + 0.004 theta omega + -2.234 omega^2 + -0.001 theta^2 omega + 0.009 theta omega^2 + 7.486 omega^3,-6.1851190280e-03,-9.2277367284e-04,2.0911738887e-01,8.2807037632e-05,4.1857403588e-03,-2.2343460489e+00,0.0000000000e+00,-5.1926636515e-04,9.3356286739e-03,7.4855716710e+00
104325,2025-08-22 12:05:00,0.038665,2.488601,1.759919,0.040 1 + -0.001 theta + 0.281 omega + 0.019 theta omega + 4.009 omega^2 + -0.068 theta omega^2 + -6.572 omega^3,0.079 1 + -0.002 theta + -1.430 omega + 0.037 theta omega + 8.016 omega^2 + -0.136 theta omega^2 + -13.231 omega^3,7.8517945716e-02,-2.4177085922e-03,-1.4299587482e+00,7.6197363824e-06,3.7324483653e-02,8.0160564611e+00,0.0000000000e+00,-9.1000156659e-05,-1.3597931792e-01,-1.3231197484e+01
104326,2025-08-22 12:10:00,0.043480,5.924264,4.189200,-0.002 theta + 1.002 omega + 0.001 theta^2 + -0.026 theta omega + 0.997 omega^2 + 0.003 theta^2 omega + -0.096 theta omega^2 + 1.771 omega^3,0.001 1 + -0.004 theta + 0.006 omega + 0.001 theta^2 + -0.050 theta omega + 1.975 omega^2 + 0.006 theta^2 omega + -0.189 theta omega^2 + 3.075 omega^3,8.6514956273e-04,-3.5312269542e-03,5.8251829085e-03,1.1485977507e-03,-5.0126728852e-02,1.9754918940e+00,-8.7548532533e-05,5.6304860988e-03,-1.8868074404e-01,3.0748690862e+00
104327,2025-08-22 12:15:00,0.029344,4.184181,2.958736,-0.002 1 + 1.095 omega + -0.005 theta omega + -0.743 omega^2 + 0.030 theta omega^2 + 2.531 omega^3,-0.003 1 + -0.001 theta + 0.158 omega + -0.005 theta omega + -0.252 omega^2 + -0.001 theta^2 omega + 0.190 theta omega^2 + -9.807 omega^3,-3.4274731396e-03,-1.3603263313e-03,1.5766586398e-01,1.2050477028e-04,-5.1544158647e-03,-2.5237626656e-01,0.0000000000e+00,-1.2046835091e-03,1.8965393719e-01,-9.8070166878e+00
104328,2025-08-22 12:20:00,nan,nan,nan,-0.006 1 + 0.003 theta + 1.123 omega + -0.033 theta omega + -1.062 omega^2 + 0.002 theta^2 omega + 0.045 theta omega^2 + 3.957 omega^3,-0.012 1 + 0.007 theta + 0.254 omega + -0.001 theta^2 + -0.068 theta omega + -2.152 omega^2 + 0.004 theta^2 omega + 0.089 theta omega^2 + 8.265 omega^3,-1.2297216680e-02,6.9439109394e-03,2.5359213491e-01,-5.4998907403e-04,-6.8044607877e-02,-2.1522837236e+00,3.1905600266e-06,3.9528631341e-03,8.9318554854e-02,8.2649980761e+00
104329,2025-08-22 12:25:00,0.102064,7.900735,5.587129,0.001 1 + -0.001 theta + 0.999 omega + 0.002 theta omega + -0.286 omega^2 + -0.001 theta^2 omega + 0.018 theta omega^2 + -0.106 omega^3,0.002 1 + -0.002 theta + -0.001 omega + 0.004 theta omega + -0.568 omega^2 + -0.001 theta^2 omega + 0.036 theta omega^2 + -0.355 omega^3,1.6735652412e-03,-2.1650972528e-03,-6.6552766570e-04,-3.7057242381e-04,4.1769881607e-03,-5.6839309245e-01,-4.6067798312e-06,-1.4450809269e-03,3.5744974398e-02,-3.5454638284e-01
104330,2025-08-22 12:30:00,nan,nan,nan,0.012 1 + 0.994 omega + -0.505 omega^2 + -0.042 theta omega^2 + 0.066 omega^3,0.024 1 + 0.001 theta + -0.009 omega + 0.001 theta omega + -0.980 omega^2 + -0.083 theta omega^2 + 0.146 omega^3,2.3643153620e-02,9.0122922329e-04,-9.0592032881e-03,-2.4344250412e-04,1.0513359885e-03,-9.8007585986e-01,-1.2751519020e-05,9.8239291704e-05,-8.2580816055e-02,1.4589406916e-01
104331,2025-08-22 12:35:00,0.031202,4.508312,3.187934,0.017 1 + 0.401 omega + 0.025 theta omega + 5.258 omega^2 + -0.165 theta omega^2 + -11.774 omega^3,0.033 1 + -1.166 omega + 0.051 theta omega + 10.240 omega^2 + -0.327 theta omega^2 + -22.844 omega^3,3.2542518552e-02,-2.1199678114e-04,-1.1662802450e+00,-1.3482396351e-04,5.0594378547e-02,1.0239834562e+01,3.5275995125e-06,-6.8395426584e-05,-3.2723911036e-01,-2.2843742601e+01
104332,2025-08-22 12:40:00,0.017461,0.952049,0.673313,0.960 omega + -0.006 theta omega + -0.060 omega^2 + 0.007 theta^2 omega + -0.012 theta omega^2 + 4.606 omega^3,-0.082 omega + -0.012 theta omega + -0.108 omega^2 + 0.014 theta^2 omega + -0.013 theta omega^2 + 9.375 omega^3,-1.5039391492e-04,-1.1973671173e-05,-8.1895748517e-02,-1.1064213097e-04,-1.1711518729e-02,-1.0800527223e-01,-1.6987648446e-04,1.4354530728e-02,-1.2648617672e-02,9.3748257341e+00
104333,2025-08-22 12:45:00,0.029835,2.636630,1.864498,0.001 1 + 0.974 omega + 0.002 theta omega + 0.426 omega^2 + -0.001 theta^2 omega + 0.089 theta omega^2 + -4.955 omega^3,0.002 1 + -0.001 theta + -0.049 omega + 0.007 theta omega + 0.593 omega^2 + -0.002 theta^2 omega + 0.084 theta omega^2 + -3.877 omega^3,1.7366496726e-03,-7.4289794836e-04,-4.9493102881e-02,9.9199464624e-05,6.8565122681e-03,5.9313996800e-01,0.0000000000e+00,-1.5115265213e-03,8.3928851978e-02,-3.8772006145e+00
104334,2025-08-22 12:50:00,0.061543,8.822200,6.238389,0.003 1 + 0.919 omega + 0.005 theta omega + 0.610 omega^2 + -0.031 theta omega^2 + -0.724 omega^3,0.015 1 + 0.001 theta + -0.500 omega + -0.015 theta omega + 5.006 omega^2 + 0.066 theta omega^2 + -15.045 omega^3,1.4859187081e-02,7.0989160036e-04,-5.0026121799e-01,2.3434520760e-05,-1.4845254560e-02,5.0058958935e+00,0.0000000000e+00,-1.4713887543e-04,6.5738029797e-02,-1.5044531076e+01
104335,2025-08-22 12:55:00,nan,nan,nan,-0.131 1 + 0.012 theta + 1.836 omega + -0.064 theta omega + -0.953 omega^2 + 0.001 theta^2 omega + 0.030 theta omega^2 + 0.812 omega^3,-0.268 1 + 0.025 theta + 1.745 omega + -0.001 theta^2 + -0.131 theta omega + -2.156 omega^2 + 0.002 theta^2 omega + 0.066 theta omega^2 + 1.900 omega^3,-2.6848065548e-01,2.5228554453e-02,1.7449167137e+00,-6.8158342069e-04,-1.3144417762e-01,-2.1559721390e+00,4.6017517616e-06,2.3985642805e-03,6.5643065153e-02,1.9003230132e+00
104336,2025-08-22 13:00:00,0.051107,3.581469,2.532739,-0.001 theta + 1.083 omega + 0.007 theta omega + 0.707 omega^2 + 0.022 theta omega^2 + 2.399 omega^3,-0.002 theta + 0.166 omega + 0.014 theta omega + 1.358 omega^2 + 0.044 theta omega^2 + 4.566 omega^3,-2.1758966729e-05,-2.0723094742e-03,1.6625289555e-01,-2.2704027738e-04,1.3717160052e-02,1.3580416630e+00,-5.9882000637e-06,2.4304951515e-04,4.3529664943e-02,4.5658744916e+00
104337,2025-08-22 13:05:00,nan,nan,nan,-0.008 1 + 1.359 omega + 0.001 theta omega + -4.647 omega^2 + -0.001 theta^2 omega + 0.179 theta omega^2 + 13.127 omega^3,-0.016 1 + -0.001 theta + 0.731 omega + 0.002 theta omega + -9.396 omega^2 + -0.003 theta^2 omega + 0.363 theta omega^2 + 26.521 omega^3,-1.6184395677e-02,-6.2282464473e-04,7.3124905087e-01,6.4932555793e-06,1.9801292350e-03,-9.3960893781e+00,7.4191668156e-06,-2.8513056273e-03,3.6319972361e-01,2.6521320754e+01
104338,2025-08-22 13:10:00,nan,nan,nan,-0.004 1 + 1.098 omega + 0.005 theta omega + -1.403 omega^2 + -0.067 theta omega^2 + 7.152 omega^3,-0.007 1 + 0.001 theta + 0.109 omega + 0.014 theta omega + -2.097 omega^2 + 0.001 theta^2 omega + -0.153 theta omega^2 + 13.003 omega^3,-6.5212854795e-03,5.2197296979e-04,1.0870387027e-01,-6.5825587713e-05,1.4341693107e-02,-2.0972415209e+00,0.0000000000e+00,5.5209398623e-04,-1.5349224215e-01,1.3002624315e+01
104339,2025-08-22 13:15:00,nan,nan,nan,-0.001 1 + 0.993 omega + -0.007 theta omega + 0.228 omega^2 + -0.006 theta^2 omega + 0.095 theta omega^2 + 3.216 omega^3,-0.002 1 + -0.015 omega + 0.001 theta^2 + -0.016 theta omega + 0.468 omega^2 + -0.012 theta^2 omega + 0.171 theta omega^2 + 6.756 omega^3,-1.6596011856e-03,-4.9872705847e-04,-1.4612146252e-02,7.4833622522e-04,-1.5828824174e-02,4.6750533563e-01,3.6540861594e-05,-1.2100574098e-02,1.7100320720e-01,6.7558845185e+00
104340,2025-08-22 13:20:00,0.020815,1.471535,1.040636,0.016 1 + -0.001 theta + 0.552 omega + 0.014 theta omega + 4.197 omega^2 + -0.048 theta omega^2 + -13.340 omega^3,0.031 1 + -0.002 theta + -0.906 omega + 0.025 theta omega + 8.825 omega^2 + -0.105 theta omega^2 + -27.674 omega^3,3.0988151347e-02,-1.6323725610e-03,-9.0558798913e-01,3.0064185554e-05,2.4915811372e-02,8.8246850638e+00,0.0000000000e+00,-2.3432475945e-04,-1.0499782662e-01,-2.7673706464e+01
104341,2025-08-22 13:25:00,0.035160,0.973023,0.688480,-0.001 theta + 1.053 omega + 0.007 theta omega + 0.235 omega^2 + 0.029 theta omega^2 + -0.917 omega^3,-0.002 theta + 0.105 omega + 0.014 theta omega + 0.440 omega^2 + 0.001 theta^2 omega + 0.056 theta omega^2 + -1.929 omega^3,4.2230781156e-05,-1.8478502579e-03,1.0515132281e-01,-3.5842841259e-04,1.4315595366e-02,4.3987762518e-01,-1.7923404985e-05,5.7370221058e-04,5.5565882722e-02,-1.9286209690e+00
104342,2025-08-22 13:30:00,0.003823,0.082116,0.058128,-0.001 1 + 1.008 omega + -0.002 theta omega + 0.045 omega^2 + 0.015 theta omega^2 + -0.363 omega^3,-0.001 1 + 0.013 omega + -0.003 theta omega + 0.084 omega^2 + -0.001 theta^2 omega + 0.029 theta omega^2 + -0.509 omega^3,-1.4631597483e-03,-4.1643927949e-04,1.2710813752e-02,1.1026832636e-04,-3.3763578583e-03,8.4278792195e-02,0.0000000000e+00,-7.3132292580e-04,2.9381749949e-02,-5.0937252162e-01
104343,2025-08-22 13:35:00,0.018191,1.159344,0.819881,-0.020 1 + -0.001 theta + 1.404 omega + 0.001 theta omega + -1.916 omega^2 + -0.001 theta^2 omega + 0.061 theta omega^2 + -0.784 omega^3,-0.039 1 + -0.002 theta + 0.789 omega + 0.003 theta omega + -3.787 omega^2 + -0.001 theta^2 omega + 0.118 theta omega^2 + -1.190 omega^3,-3.9309620124e-02,-1.6467548419e-03,7.8940398660e-01,1.0909430000e-04,2.5242724070e-03,-3.7872466571e+00,0.0000000000e+00,-1.0413152750e-03,1.1835527282e-01,-1.1895766553e+00
104344,2025-08-22 13:40:00,nan,nan,nan,-0.005 1 + 0.001 theta + 1.037 omega + -0.018 theta omega + 0.016 omega^2 + 0.001 theta^2 omega + -0.024 theta omega^2 + 2.840 omega^3,-0.010 1 + 0.003 theta + 0.071 omega + -0.036 theta omega + 0.084 omega^2 + 0.002 theta^2 omega + -0.050 theta omega^2 + 5.680 omega^3,-9.6165187509e-03,2.9706358479e-03,7.1455355267e-02,-2.6323973444e-05,-3.5835044497e-02,8.3792774988e-02,-6.1312503102e-06,1.7025332319e-03,-5.0274369985e-02,5.6800904618e+00
104345,2025-08-22 13:45:00,0.013658,0.690067,0.488047,-0.001 theta + 1.013 omega + 0.305 omega^2 + -0.001 theta^2 omega + 0.111 theta omega^2 + -5.748 omega^3,0.001 1 + -0.001 theta + 0.019 omega + -0.007 theta omega + 0.321 omega^2 + -0.001 theta^2 omega + 0.121 theta omega^2 + -5.493 omega^3,9.2697035938e-04,-6.5066352020e-04,1.8962781562e-02,8.5282016532e-05,-6.6314562493e-03,3.2122982884e-01,0.0000000000e+00,-8.2184060254e-04,1.2089358428e-01,-5.4933584192e+00
104346,2025-08-22 13:50:00,0.212247,23.323925,16.493189,-0.024 1 + 0.004 theta + 1.073 omega + -0.026 theta omega + 2.707 omega^2 + 0.001 theta^2 omega + -0.030 theta omega^2 + -14.004 omega^3,-0.049 1 + 0.008 theta + 0.213 omega + -0.054 theta omega + 4.479 omega^2 + 0.002 theta^2 omega + -0.032 theta omega^2 + -24.593 omega^3,-4.9467578766e-02,7.9008608214e-03,2.1275809834e-01,-3.6236247362e-04,-5.4179516157e-02,4.4786627042e+00,4.8564355137e-06,1.6957113725e-03,-3.1980408646e-02,-2.4592570449e+01
104347,2025-08-22 13:55:00,0.029142,3.359810,2.375834,0.014 1 + -0.007 theta + 0.818 omega + 0.001 theta^2 + 0.064 theta omega + -0.550 omega^2 + -0.006 theta^2 omega + 0.085 theta omega^2 + 7.483 omega^3,0.029 1 + -0.013 theta + -0.358 omega + 0.002 theta^2 + 0.128 theta omega + -1.410 omega^2 + -0.012 theta^2 omega + 0.172 theta omega^2 + 18.100 omega^3,2.8680019526e-02,-1.3394321930e-02,-3.5831403554e-01,1.8795262247e-03,1.2827086834e-01,-1.4099189540e+00,-7.3583851283e-05,-1.2153043401e-02,1.7192506179e-01,1.8099741476e+01
104348,2025-08-22 14:00:00,0.183225,20.093134,14.208582,-0.002 1 + 0.001 theta + 0.863 omega + -0.003 theta omega + -1.560 omega^2 + 0.003 theta^2 omega + -0.240 theta omega^2 + -1.741 omega^3,-0.003 1 + 0.002 theta + -0.266 omega + -0.005 theta omega + -3.067 omega^2 + 0.007 theta^2 omega + -0.473 theta omega^2 + -3.445 omega^3,-3.3016373250e-03,1.5203807349e-03,-2.6581832605e-01,2.2839331442e-04,-5.3911701419e-03,-3.0674082875e+00,-2.3484423407e-05,6.9779654319e-03,-4.7328744753e-01,-3.4445906588e+00
104349,2025-08-22 14:05:00,nan,nan,nan,-0.002 theta + 0.936 omega + -0.001 theta^2 + -0.009 theta omega + -0.077 omega^2 + -0.019 theta omega^2 + 2.270 omega^3,-0.004 theta + -0.127 omega + -0.001 theta^2 + -0.017 theta omega + -0.131 omega^2 + -0.033 theta omega^2 + 4.603 omega^3,-2.7174932834e-04,-3.9992079211e-03,-1.2684783403e-01,-1.3554548450e-03,-1.6759269399e-02,-1.3086749604e-01,-1.1548348818e-04,7.4899520125e-05,-3.3122815546e-02,4.6028347496e+00
104350,2025-08-22 14:10:00,nan,nan,nan,-0.182 1 + 0.016 theta + 3.705 omega + -0.184 theta omega + -11.978 omega^2 + 0.003 theta^2 omega + 0.499 theta omega^2 + 14.676 omega^3,-0.214 1 + 0.017 theta + 3.085 omega + -0.210 theta omega + -13.150 omega^2 + 0.003 theta^2 omega + 0.569 theta omega^2 + 15.784 omega^3,-2.1383856045e-01,1.6977641005e-02,3.0847143174e+00,-3.1566001254e-04,-2.0993705300e-01,-1.3150418047e+01,0.0000000000e+00,2.9093261502e-03,5.6913293560e-01,1.5783691314e+01
104351,2025-08-22 14:15:00,0.066508,2.029647,1.435947,0.006 1 + -0.005 theta + 0.909 omega + 0.001 theta^2 + 0.037 theta omega + 0.518 omega^2 + -0.003 theta^2 omega + -0.097 theta omega^2 + -2.402 omega^3,0.013 1 + -0.010 theta + -0.178 omega + 0.002 theta^2 + 0.074 theta omega + 1.012 omega^2 + -0.006 theta^2 omega + -0.194 theta omega^2 + -4.808 omega^3,1.2832182054e-02,-9.5345744929e-03,-1.7760601465e-01,2.1438501078e-03,7.3818470407e-02,1.0124936960e+00,-1.3421112533e-04,-5.7746392641e-03,-1.9366419586e-01,-4.8082190459e+00
104352,2025-08-22 14:20:00,0.006798,0.254313,0.179891,0.001 1 + 1.012 omega + -0.008 theta omega + -0.002 omega^2 + -0.001 theta^2 omega + -0.006 theta omega^2 + -1.784 omega^3,0.001 1 + 0.020 omega + -0.018 theta omega + 0.061 omega^2 + -0.002 theta^2 omega + 0.016 theta omega^2 + -3.413 omega^3,1.2715484729e-03,4.3872224099e-04,1.9922914244e-02,6.0835310562e-05,-1.8404385637e-02,6.1334985033e-02,0.0000000000e+00,-2.3772485293e-03,1.6487546380e-02,-3.4130522768e+00
104353,2025-08-22 14:25:00,0.003654,0.087483,0.061913,-0.001 1 + 1.012 omega + 0.122 omega^2 + -0.001 theta^2 omega + -0.038 theta omega^2 + -2.113 omega^3,-0.001 1 + -0.001 theta + 0.021 omega + 0.001 theta omega + 0.108 omega^2 + -0.001 theta^2 omega + 0.020 theta omega^2 + -3.143 omega^3,-7.6827606575e-04,-7.8723591467e-04,2.0602989244e-02,1.3158452254e-04,1.1564980919e-03,1.0795421084e-01,0.0000000000e+00,-1.0528229093e-03,2.0475202505e-02,-3.1431129235e+00
104354,2025-08-22 14:30:00,0.042992,3.076612,2.175705,-0.001 1 + 0.999 omega + 0.001 theta omega + 0.185 omega^2 + -0.121 theta omega^2 + 0.029 omega^3,-0.003 1 + 0.001 theta^2 + 0.002 theta omega + 0.383 omega^2 + -0.243 theta omega^2,-2.5481516332e-03,3.4719571473e-04,8.6705214488e-05,5.5619322235e-04,2.3682336975e-03,3.8313502635e-01,-1.0700172795e-04,4.5918711299e-04,-2.4317756142e-01,0.0000000000e+00
104355,2025-08-22 14:35:00,0.036793,1.254348,0.887340,-0.001 1 + -0.001 theta + 1.004 omega + 0.001 theta^2 + 0.001 theta omega + 0.186 omega^2 + 0.002 theta^2 omega + -0.105 theta omega^2 + -1.198 omega^3,-0.001 1 + -0.001 theta + 0.009 omega + 0.002 theta^2 + 0.002 theta omega + 0.365 omega^2 + 0.004 theta^2 omega + -0.204 theta omega^2 + -2.382 omega^3,-1.2543854419e-03,-1.3237863818e-03,9.1419083593e-03,1.5374881991e-03,1.7981519237e-03,3.6539475781e-01,-3.8383288482e-04,3.6478210165e-03,-2.0368262142e-01,-2.3816422210e+00
104356,2025-08-22 14:40:00,0.104292,5.687607,4.022421,0.002 1 + -0.001 theta + 1.001 omega + 0.004 theta omega + -0.068 omega^2 + -0.001 theta^2 omega + 0.056 theta omega^2 + -0.829 omega^3,0.003 1 + -0.002 theta + 0.004 omega + 0.008 theta omega + -0.158 omega^2 + -0.002 theta^2 omega + 0.108 theta omega^2 + -1.382 omega^3,3.2415352998e-03,-1.9816577650e-03,4.3020012249e-03,1.7120694160e-04,8.3034006671e-03,-1.5754637539e-01,3.8118145176e-08,-1.8516786603e-03,1.0783744650e-01,-1.3823264330e+00
104357,2025-08-22 14:45:00,nan,nan,nan,1.010 omega + 0.002 theta omega + 0.179 omega^2 + 0.001 theta^2 omega + -0.010 theta omega^2 + 0.003 omega^3,-0.001 theta + 0.020 omega + 0.004 theta omega + 0.353 omega^2 + 0.001 theta^2 omega + -0.015 theta omega^2 + 0.085 omega^3,-2.5934726834e-04,-8.7468401340e-04,1.9685940842e-02,-3.2664763130e-04,3.9340566765e-03,3.5345914448e-01,-3.3753156711e-05,1.4049109990e-03,-1.4596391229e-02,8.5003769384e-02
104358,2025-08-22 14:50:00,0.039979,1.571903,1.111862,0.001 1 + 0.970 omega + 0.007 theta omega + 1.327 omega^2 + -0.303 theta omega^2 + -7.375 omega^3,0.001 1 + -0.056 omega + 0.012 theta omega + 2.565 omega^2 + 0.001 theta^2 omega + -0.574 theta omega^2 + -14.190 omega^3,1.0614850275e-03,1.0123594427e-04,-5.6236382713e-02,-2.2086369796e-04,1.1683063495e-02,2.5648296810e+00,2.1514552813e-05,1.2899434975e-03,-5.7441713801e-01,-1.4189739824e+01
104359,2025-08-22 14:55:00,0.079705,3.440611,2.433532,0.001 1 + 0.997 omega + 0.008 theta omega + -0.276 omega^2 + -0.001 theta^2 omega + 0.130 theta omega^2 + -2.110 omega^3,0.002 1 + -0.001 theta + -0.005 omega + 0.016 theta omega + -0.592 omega^2 + -0.003 theta^2 omega + 0.264 theta omega^2 + -3.929 omega^3,2.1781977378e-03,-6.0638355945e-04,-5.2080134310e-03,-1.7135476617e-04,1.6019768266e-02,-5.9246878251e-01,1.9643849491e-05,-2.7003220037e-03,2.6427747522e-01,-3.9289131578e+00
104360,2025-08-22 15:00:00,0.008638,0.110196,0.078159,-0.001 1 + -0.001 theta + 0.998 omega + -0.006 theta omega + -0.129 omega^2 + -0.017 theta omega^2 + -1.034 omega^3,-0.002 1 + -0.001 theta + -0.003 omega + -0.011 theta omega + -0.231 omega^2 + -0.001 theta^2 omega + -0.033 theta omega^2 + -1.948 omega^3,-2.4998492063e-03,-1.1430871348e-03,-2.7678822601e-03,-2.6316842059e-04,-1.0924798269e-02,-2.3078190292e-01,-1.7483562202e-05,-9.6409963107e-04,-3.3099989488e-02,-1.9477808130e+00
104361,2025-08-22 15:05:00,nan,nan,nan,1.006 omega + -0.001 theta omega + -0.078 omega^2 + 0.001 theta omega^2 + 0.664 omega^3,-0.001 theta + 0.014 omega + -0.003 theta omega + -0.151 omega^2 + -0.001 theta^2 omega + 0.003 theta omega^2 + 1.206 omega^3,-3.5005367796e-04,-8.8738249538e-04,1.4262977454e-02,1.9652804002e-04,-2.7922256603e-03,-1.5080584267e-01,0.0000000000e+00,-8.2719241997e-04,3.4099846322e-03,1.2057988227e+00
104362,2025-08-22 15:10:00,0.019225,1.732115,1.224866,-0.002 1 + 0.002 theta + 1.063 omega + -0.033 theta omega + -1.119 omega^2 + 0.001 theta^2 omega + 0.126 theta omega^2 + 11.172 omega^3,-0.005 1 + 0.003 theta + 0.124 omega + -0.065 theta omega + -2.166 omega^2 + 0.002 theta^2 omega + 0.247 theta omega^2 + 21.778 omega^3,-4.5167243456e-03,3.1835859350e-03,1.2356470585e-01,-1.6573383309e-04,-6.5147157669e-02,-2.1659852878e+00,1.4523018477e-06,2.2380325502e-03,2.4676510474e-01,2.1777836579e+01
104363,2025-08-22 15:15:00,nan,nan,nan,0.002 1 + -0.001 theta + 1.073 omega + 0.005 theta omega + 0.283 omega^2 + -0.022 theta omega^2 + 1.917 omega^3,0.004 1 + -0.002 theta + 0.146 omega + 0.010 theta omega + 0.524 omega^2 + -0.048 theta omega^2 + 3.810 omega^3,4.1558689145e-03,-1.9425771759e-03,1.4597266348e-01,-4.9045810609e-04,1.0499191499e-02,5.2391548992e-01,-2.2288030252e-05,1.3241744502e-04,-4.7958547315e-02,3.8098350643e+00
104364,2025-08-22 15:20:00,nan,nan,nan,0.002 1 + -0.001 theta + 0.967 omega + 0.012 theta omega + 0.121 omega^2 + -0.001 theta^2 omega + 0.068 theta omega^2 + -3.255 omega^3,0.003 1 + -0.001 theta + -0.031 omega + 0.018 theta omega + -0.544 omega^2 + -0.001 theta^2 omega + 0.021 theta omega^2 + 5.379 omega^3,3.0448336083e-03,-1.2285916619e-03,-3.1200186116e-02,7.8321076049e-05,1.7600147150e-02,-5.4419193096e-01,0.0000000000e+00,-1.3496001485e-03,2.1367370789e-02,5.3790250060e+00
104365,2025-08-22 15:25:00,0.030291,0.823313,0.582564,-0.003 1 + 1.192 omega + -0.040 theta omega + -2.132 omega^2 + 0.002 theta^2 omega + 0.207 theta omega^2 + 7.606 omega^3,-0.006 1 + 0.386 omega + -0.079 theta omega + -4.298 omega^2 + 0.004 theta^2 omega + 0.414 theta omega^2 + 15.637 omega^3,-6.2850743239e-03,3.4570110006e-04,3.8616371252e-01,2.4602617938e-04,-7.9383198968e-02,-4.2976828316e+00,-2.2981616276e-05,3.9064874441e-03,4.1440857399e-01,1.5636920766e+01
104366,2025-08-22 15:30:00,0.045577,3.152978,2.229725,-0.017 1 + 0.001 theta + 0.807 omega + -0.002 theta omega + -0.229 omega^2 + -0.011 theta omega^2 + 1.630 omega^3,-0.028 1 + -0.001 theta + -0.397 omega + -0.014 theta omega + -1.355 omega^2 + -0.053 theta omega^2 + 0.803 omega^3,-2.7991058598e-02,-1.1123280306e-03,-3.9724665339e-01,-1.4206009120e-06,-1.3664160523e-02,-1.3546872613e+00,0.0000000000e+00,2.9091456112e-05,-5.2943610085e-02,8.0321006101e-01
104367,2025-08-22 15:35:00,0.050595,5.023846,3.552576,0.002 1 + 0.865 omega + -0.013 theta omega + 2.307 omega^2 + 0.040 theta omega^2 + -8.995 omega^3,0.001 theta + -0.102 omega + -0.027 theta omega + 2.670 omega^2 + 0.115 theta omega^2 + -12.996 omega^3,-3.4497192492e-04,1.2365559669e-03,-1.0177505057e-01,-3.1918910856e-06,-2.6681193795e-02,2.6700608504e+00,0.0000000000e+00,7.2957104735e-05,1.1469353941e-01,-1.2995926305e+01
104368,2025-08-22 15:40:00,0.050869,6.609623,4.673848,0.993 omega + 0.016 theta omega + 0.073 omega^2 + 0.005 theta^2 omega + -0.465 theta omega^2 + 8.015 omega^3,0.001 1 + -0.001 theta + 0.006 omega + -0.008 theta omega + 0.643 omega^2 + -0.002 theta^2 omega + 0.139 theta omega^2 + -5.583 omega^3,5.2804429094e-04,-8.8342864175e-04,5.5545165202e-03,1.8147966816e-04,-8.4920882515e-03,6.4317264853e-01,0.0000000000e+00,-1.5869403154e-03,1.3886243276e-01,-5.5829569064e+00
104369,2025-08-22 15:45:00,0.031657,0.680254,0.481533,-0.001 theta + 1.024 omega + -0.002 theta omega + -0.657 omega^2 + 0.039 theta omega^2 + 5.507 omega^3,0.001 1 + -0.001 theta + 0.050 omega + -0.004 theta omega + -1.334 omega^2 + 0.075 theta omega^2 + 11.415 omega^3,5.3806234474e-04,-1.2311547228e-03,5.0107695409e-02,3.3992311914e-04,-3.9351680861e-03,-1.3336643341e+00,-2.3604044443e-05,-3.3224230553e-04,7.4619328284e-02,1.1414897209e+01
104370,2025-08-22 15:50:00,nan,nan,nan,-0.001 1 + 0.001 theta + 1.010 omega + 0.032 theta omega + 0.424 omega^2 + 0.006 theta^2 omega + 0.054 theta omega^2 + 3.681 omega^3,-0.001 1 + 0.003 theta + 0.021 omega + 0.001 theta^2 + 0.064 theta omega + 0.852 omega^2 + 0.012 theta^2 omega + 0.113 theta omega^2 + 7.281 omega^3,-1.3373901931e-03,2.8729995545e-03,2.0631042879e-02,8.0499608855e-04,6.4057726514e-02,8.5215957263e-01,1.6931929129e-05,1.2207908597e-02,1.1268033245e-01,7.2812451785e+00
104371,2025-08-22 15:55:00,0.031159,2.585260,1.828187,0.003 1 + 0.001 theta + 0.988 omega + 0.024 theta omega + -1.322 omega^2 + 0.102 theta omega^2 + -7.514 omega^3,0.004 1 + 0.003 theta + -0.122 omega + 0.053 theta omega + -3.771 omega^2 + 0.215 theta omega^2 + -18.298 omega^3,3.6420870555e-03,2.7877881134e-03,-1.2212974552e-01,2.7112829283e-06,5.2862977033e-02,-3.7712765344e+00,0.0000000000e+00,1.0708537876e-04,2.1490141857e-01,-1.8298122426e+01
104372,2025-08-22 16:00:00,0.054048,3.131468,2.214612,0.007 1 + 1.010 omega + -0.001 theta omega + -0.584 omega^2 + -0.050 theta omega^2 + -1.635 omega^3,0.015 1 + 0.021 omega + -0.002 theta omega + -1.183 omega^2 + -0.102 theta omega^2 + -3.229 omega^3,1.4641698414e-02,-1.8016456785e-04,2.1053250316e-02,-4.1723190404e-04,-2.1009192356e-03,-1.1827202711e+00,-2.4535983715e-05,-1.4619441732e-04,-1.0188478507e-01,-3.2287842017e+00
104373,2025-08-22 16:05:00,0.069944,8.059553,5.699179,-0.001 theta + 1.015 omega + 0.001 theta^2 + -0.010 theta omega + 0.222 omega^2 + -0.012 theta^2 omega + 0.329 theta omega^2 + -5.555 omega^3,-0.001 1 + -0.001 theta + 0.032 omega + 0.002 theta^2 + -0.020 theta omega + 0.463 omega^2 + -0.024 theta^2 omega + 0.669 theta omega^2 + -11.362 omega^3,-5.6645422907e-04,-1.1479892564e-03,3.2446110153e-02,1.8139864481e-03,-2.0335943462e-02,4.6254174559e-01,3.4603400092e-05,-2.3788286719e-02,6.6864437074e-01,-1.1362427862e+01
104374,2025-08-22 16:10:00,0.018246,0.500132,0.353882,0.003 1 + -0.001 theta + 0.942 omega + 0.006 theta omega + 0.450 omega^2 + -0.005 theta omega^2 + -1.781 omega^3,0.006 1 + -0.001 theta + -0.113 omega + 0.011 theta omega + 0.909 omega^2 + -0.010 theta omega^2 + -3.597 omega^3,5.7668602247e-03,-1.4908851245e-03,-1.1287500419e-01,1.2753217324e-04,1.1260470015e-02,9.0880112897e-01,-2.8766605945e-06,-4.3282208948e-04,-1.0029570265e-02,-3.5967389471e+00
104375,2025-08-22 16:15:00,0.014081,0.318297,0.225290,0.001 1 + 0.992 omega + -0.004 theta omega + 0.055 omega^2 + -0.008 theta omega^2 + 1.311 omega^3,0.002 1 + -0.015 omega + -0.007 theta omega + 0.134 omega^2 + -0.017 theta omega^2 + 2.690 omega^3,1.5255475387e-03,-3.4915325041e-04,-1.5105028217e-02,1.1068934304e-04,-7.4811913556e-03,1.3397380029e-01,-6.1752910371e-06,4.5024883142e-04,-1.7464235966e-02,2.6902251040e+00
104376,2025-08-22 16:20:00,1.967302,45.748807,32.379188,0.001 1 + 0.002 theta + 0.979 omega + 0.050 theta omega + -1.284 omega^2 + 0.001 theta^2 omega + 0.179 theta omega^2 + -5.980 omega^3,0.003 1 + 0.005 theta + -0.034 omega + 0.101 theta omega + -2.489 omega^2 + 0.002 theta^2 omega + 0.357 theta omega^2 + -11.677 omega^3,3.1629455394e-03,4.7991516963e-03,-3.3805909160e-02,6.8235577691e-05,1.0064933235e-01,-2.4893859981e+00,-1.5190750906e-06,1.7054849639e-03,3.5695461755e-01,-1.1676975630e+01
104377,2025-08-22 16:25:00,nan,nan,nan,0.012 1 + 0.006 theta + 1.129 omega + 0.001 theta^2 + 0.045 theta omega + 0.432 omega^2 + 0.003 theta^2 omega + 0.052 theta omega^2 + 2.278 omega^3,0.023 1 + 0.012 theta + 0.260 omega + 0.002 theta^2 + 0.091 theta omega + 0.867 omega^2 + 0.007 theta^2 omega + 0.104 theta omega^2 + 4.479 omega^3,2.3469066465e-02,1.2408803572e-02,2.5970819399e-01,1.7481878851e-03,9.0697274323e-02,8.6721303217e-01,6.5940112760e-05,6.9623645027e-03,1.0360434880e-01,4.4794600816e+00
104378,2025-08-22 16:30:00,nan,nan,nan,-0.001 1 + 0.996 omega + 0.001 theta^2 + -0.003 theta omega + 0.284 omega^2 + 0.003 theta^2 omega + -0.328 theta omega^2 + 1.337 omega^3,-0.002 1 + 0.001 theta + -0.010 omega + 0.001 theta^2 + -0.005 theta omega + 0.599 omega^2 + -0.001 theta^3 + 0.007 theta^2 omega + -0.658 theta omega^2 + 3.676 omega^3,-2.0245779749e-03,8.8503381381e-04,-9.8998793848e-03,1.1115601198e-03,-5.4943540563e-03,5.9906676187e-01,-5.0651897081e-04,6.8872916114e-03,-6.5762519515e-01,3.6762240615e+00
104379,2025-08-22 16:35:00,0.037641,0.910073,0.644069,0.001 theta + 0.993 omega + -0.001 theta^2 + -0.004 theta omega + -0.129 omega^2 + -0.001 theta^3 + 0.003 theta^2 omega + -0.400 theta omega^2 + 1.793 omega^3,0.002 theta + -0.014 omega + -0.001 theta^2 + -0.008 theta omega + -0.260 omega^2 + -0.002 theta^3 + 0.007 theta^2 omega + -0.790 theta omega^2 + 3.758 omega^3,6.3578370477e-05,1.5119626802e-03,-1.3754952540e-02,-1.2043446103e-03,-7.6504818298e-03,-2.5959678771e-01,-2.2844180560e-03,7.0760950321e-03,-7.9016433932e-01,3.7582083725e+00
104380,2025-08-22 16:40:00,nan,nan,nan,0.002 theta + 0.998 omega + 0.001 theta^2 + -0.001 theta omega + 0.163 omega^2 + 0.001 theta^2 omega + -0.378 theta omega^2 + 0.346 omega^3,0.003 theta + -0.005 omega + 0.001 theta^2 + -0.001 theta omega + 0.321 omega^2 + -0.001 theta^3 + 0.003 theta^2 omega + -0.768 theta omega^2 + 0.979 omega^3,9.1576531369e-05,3.1502982056e-03,-4.9705070470e-03,1.0723944471e-03,-1.4010483910e-03,3.2098716096e-01,-6.2820025691e-04,2.6996526833e-03,-7.6817266504e-01,9.7904076701e-01
104381,2025-08-22 16:45:00,0.060228,2.399156,1.696994,0.002 1 + 0.976 omega + 0.018 theta omega + 0.318 omega^2 + -0.002 theta^2 omega + -0.054 theta omega^2 + -3.048 omega^3,0.003 1 + -0.047 omega + -0.001 theta^2 + 0.036 theta omega + 0.645 omega^2 + -0.003 theta^2 omega + -0.112 theta omega^2 + -6.087 omega^3,3.4646839695e-03,-1.4734543727e-04,-4.7434261716e-02,-5.6269877482e-04,3.5803926840e-02,6.4529801529e-01,6.6371546863e-05,-3.3545189754e-03,-1.1213022326e-01,-6.0873571275e+00
104382,2025-08-22 16:50:00,nan,nan,nan,-0.005 1 + 0.001 theta + 0.987 omega + -0.002 theta omega + 0.537 omega^2 + -0.104 theta omega^2 + 3.392 omega^3,-0.009 1 + 0.002 theta + -0.026 omega + -0.005 theta omega + 1.068 omega^2 + 0.001 theta^2 omega + -0.208 theta omega^2 + 6.870 omega^3,-9.0843738980e-03,2.1294310580e-03,-2.6048758792e-02,2.3729676105e-04,-4.5347217545e-03,1.0679331867e+00,-6.0685144089e-05,1.0285392385e-03,-2.0776255161e-01,6.8704518950e+00
104383,2025-08-22 16:55:00,0.036173,2.129392,1.505925,-0.002 1 + -0.001 theta + 0.962 omega + -0.010 theta omega + -0.521 omega^2 + -0.001 theta^2 omega + 0.053 theta omega^2 + -6.615 omega^3,-0.001 theta + -0.016 omega + -0.009 theta omega + -0.185 omega^2 + -0.001 theta^2 omega + -0.019 theta omega^2,-2.4578369982e-04,-5.1268808801e-04,-1.6312001200e-02,-1.0574952844e-04,-8.9882132279e-03,-1.8488899293e-01,-4.0757521163e-06,-8.4089709938e-04,-1.9253316534e-02,0.0000000000e+00
104384,2025-08-22 17:00:00,0.074361,3.745882,2.649260,-0.003 1 + -0.003 theta + 0.955 omega + -0.001 theta^2 + -0.049 theta omega + -0.465 omega^2 + -0.006 theta^2 omega + -0.084 theta omega^2 + -10.824 omega^3,-0.005 1 + -0.006 theta + -0.091 omega + -0.001 theta^2 + -0.100 theta omega + -0.926 omega^2 + -0.012 theta^2 omega + -0.163 theta omega^2 + -21.926 omega^3,-5.3198162579e-03,-5.6680649099e-03,-9.0858428943e-02,-1.3322591767e-03,-1.0021228493e-01,-9.2640629213e-01,-9.9837457046e-05,-1.1739340518e-02,-1.6263845880e-01,-2.1925648253e+01
104385,2025-08-22 17:05:00,0.089475,4.046339,2.861893,-0.008 1 + 0.001 theta + 1.109 omega + -0.012 theta omega + -0.033 omega^2 + -0.001 theta omega^2 + -1.320 omega^3,-0.017 1 + 0.001 theta + 0.220 omega + -0.025 theta omega + -0.017 omega^2 + 0.001 theta^2 omega + -0.006 theta omega^2 + -2.688 omega^3,-1.7071803334e-02,1.3793953995e-03,2.1952234076e-01,1.7156745754e-04,-2.4962074884e-02,-1.7377587165e-02,-1.3202089183e-05,6.9970801395e-04,-6.1801821122e-03,-2.6878340286e+00
104386,2025-08-22 17:10:00,0.041614,1.370274,0.969377,1.002 omega + 0.001 theta^2 + 0.004 theta omega + 0.635 omega^2 + -0.001 theta^2 omega + -0.157 theta omega^2 + -6.887 omega^3,-0.001 theta + 0.007 omega + 0.001 theta^2 + 0.008 theta omega + 1.271 omega^2 + -0.003 theta^2 omega + -0.322 theta omega^2 + -13.688 omega^3,2.4163808429e-04,-8.4961556026e-04,6.9606219987e-03,1.2099670906e-03,8.2925216129e-03,1.2711042944e+00,-2.5049927626e-04,-3.0014897151e-03,-3.2239656707e-01,-1.3688145474e+01
104387,2025-08-22 17:15:00,nan,nan,nan,-0.001 1 + 0.002 theta + 1.093 omega + -0.001 theta^2 + -0.086 theta omega + -0.710 omega^2 + 0.016 theta^2 omega + 0.236 theta omega^2 + 5.408 omega^3,-0.002 1 + 0.004 theta + 0.179 omega + -0.001 theta^2 + -0.168 theta omega + -1.390 omega^2 + 0.032 theta^2 omega + 0.472 theta omega^2 + 11.047 omega^3,-2.3902459070e-03,4.0120434687e-03,1.7927277422e-01,-1.2284153112e-03,-1.6770989766e-01,-1.3896211013e+00,5.8219092424e-05,3.1734092596e-02,4.7216780578e-01,1.1046613974e+01
104388,2025-08-22 17:20:00,0.044107,1.124084,0.795459,-0.001 1 + 0.001 theta + 1.025 omega + -0.010 theta omega + -0.021 omega^2 + 0.007 theta omega^2 + -0.390 omega^3,-0.002 1 + 0.002 theta + 0.045 omega + -0.020 theta omega + -0.068 omega^2 + 0.001 theta^2 omega + 0.016 theta omega^2 + -0.649 omega^3,-1.6748242987e-03,1.6770723474e-03,4.4527110119e-02,-1.0377368115e-04,-2.0083262540e-02,-6.8032151365e-02,0.0000000000e+00,1.0475361360e-03,1.6194761473e-02,-6.4926611721e-01
104389,2025-08-22 17:25:00,nan,nan,nan,0.987 omega + -0.006 theta omega + 0.304 omega^2 + 0.002 theta^2 omega + -0.170 theta omega^2 + 4.389 omega^3,-0.001 1 + -0.028 omega + 0.001 theta^2 + -0.014 theta omega + 0.633 omega^2 + 0.004 theta^2 omega + -0.344 theta omega^2 + 9.707 omega^3,-5.0327647292e-04,6.8150917304e-05,-2.7724958024e-02,8.2413296585e-04,-1.3656224772e-02,6.3307225483e-01,-2.0119875006e-04,4.0428774503e-03,-3.4395278741e-01,9.7074204567e+00
104390,2025-08-22 17:30:00,0.052141,1.469601,1.039819,-0.003 1 + 0.001 theta + 0.904 omega + -0.010 theta omega + -0.600 omega^2 + -0.073 theta omega^2 + -0.441 omega^3,-0.005 1 + 0.001 theta + -0.188 omega + -0.019 theta omega + -1.218 omega^2 + 0.001 theta^2 omega + -0.148 theta omega^2 + -0.803 omega^3,-5.2943478524e-03,1.3511901149e-03,-1.8810194038e-01,4.4479420897e-04,-1.8530335391e-02,-1.2177089702e+00,2.3190749455e-05,5.6499648330e-04,-1.4775535317e-01,-8.0263030592e-01
104391,2025-08-22 17:35:00,0.053831,2.406056,1.701764,0.001 theta + 0.988 omega + -0.003 theta omega + 0.360 omega^2 + -0.047 theta omega^2 + 0.130 omega^3,-0.001 1 + 0.001 theta + -0.008 omega + -0.011 theta omega + 0.595 omega^2 + 0.001 theta^2 omega + -0.079 theta omega^2 + 0.814 omega^3,-1.4077497102e-03,1.3855921566e-03,-7.6796961267e-03,-1.9287973063e-04,-1.0687528243e-02,5.9484491253e-01,6.3118490539e-06,1.0966898203e-03,-7.8977084406e-02,8.1438014590e-01
104392,2025-08-22 17:40:00,nan,nan,nan,0.006 1 + 0.002 theta + 1.072 omega + 0.035 theta omega + 0.131 omega^2 + 0.003 theta^2 omega + 0.006 theta omega^2 + 3.245 omega^3,0.012 1 + 0.004 theta + 0.140 omega + 0.070 theta omega + 0.266 omega^2 + 0.005 theta^2 omega + 0.014 theta omega^2 + 6.466 omega^3,1.2270515658e-02,4.2689164309e-03,1.4033143469e-01,2.9224512029e-04,6.9902730868e-02,2.6575750448e-01,1.0723622652e-06,4.9494939578e-03,1.4346234120e-02,6.4663289984e+00
104393,2025-08-22 17:45:00,nan,nan,nan,-0.001 1 + 0.997 omega + -0.001 theta omega + 0.215 omega^2 + 0.001 theta^2 omega + -0.083 theta omega^2 + 0.560 omega^3,-0.002 1 + -0.001 theta + -0.006 omega + 0.001 theta^2 + -0.002 theta omega + 0.415 omega^2 + 0.002 theta^2 omega + -0.168 theta omega^2 + 1.336 omega^3,-1.5793504240e-03,-9.6733115063e-04,-6.0560504124e-03,5.5256094744e-04,-1.7762343274e-03,4.1462958617e-01,-6.0651442214e-05,1.9455263960e-03,-1.6830490936e-01,1.3362330979e+00
104394,2025-08-22 17:50:00,0.040297,2.406342,1.701779,-0.036 1 + 0.004 theta + 1.411 omega + -0.037 theta omega + -0.693 omega^2 + 0.001 theta^2 omega + 0.039 theta omega^2 + -1.563 omega^3,-0.060 1 + 0.006 theta + 0.604 omega + -0.060 theta omega + -0.090 omega^2 + 0.001 theta^2 omega + 0.034 theta omega^2 + -5.576 omega^3,-6.0172241788e-02,6.4253761131e-03,6.0440316194e-01,-1.6041415139e-04,-5.9798732693e-02,-9.0180459171e-02,0.0000000000e+00,1.3619005831e-03,3.4084560284e-02,-5.5758421069e+00
104395,2025-08-22 17:55:00,0.052005,1.943692,1.374889,-0.002 theta + 1.007 omega + 0.001 theta^2 + 0.017 theta omega + 0.310 omega^2 + -0.005 theta^2 omega + -0.102 theta omega^2 + -2.288 omega^3,-0.003 theta + 0.016 omega + 0.002 theta^2 + 0.034 theta omega + 0.668 omega^2 + -0.011 theta^2 omega + -0.229 theta omega^2 + -4.628 omega^3,2.8712590905e-04,-3.4113861537e-03,1.5690673385e-02,1.5233592622e-03,3.3651564978e-02,6.6751441268e-01,-1.7766446171e-04,-1.0814227127e-02,-2.2863397053e-01,-4.6277241240e+00
104396,2025-08-22 18:00:00,nan,nan,nan,-0.006 1 + -0.003 theta + 0.861 omega + 0.001 theta^2 + 0.032 theta omega + 1.393 omega^2 + -0.002 theta^2 omega + -0.164 theta omega^2 + -0.180 omega^3,-0.012 1 + -0.007 theta + -0.283 omega + 0.002 theta^2 + 0.063 theta omega + 2.784 omega^2 + -0.003 theta^2 omega + -0.327 theta omega^2 + -0.052 omega^3,-1.1860379790e-02,-6.8112730315e-03,-2.8258795261e-01,1.7183916287e-03,6.2919547418e-02,2.7840542734e+00,-9.1437656154e-05,-3.3783924851e-03,-3.2733757224e-01,-5.2004558505e-02
104397,2025-08-22 18:05:00,0.043518,2.633248,1.862242,0.003 1 + 0.967 omega + 0.003 theta omega + -0.216 omega^2 + 0.001 theta^2 omega + -0.051 theta omega^2 + 2.093 omega^3,0.004 1 + 0.001 theta + -0.028 omega + -0.002 theta omega + -0.234 omega^2 + -0.067 theta omega^2 + 1.402 omega^3,3.7780415329e-03,1.4050625555e-03,-2.7815885016e-02,1.2558496439e-04,-2.0055332256e-03,-2.3403218865e-01,0.0000000000e+00,-3.7765847935e-05,-6.7229027562e-02,1.4018898977e+00
104398,2025-08-22 18:10:00,nan,nan,nan,0.021 1 + -0.007 theta + 0.887 omega + 0.001 theta^2 + 0.029 theta omega + -0.797 omega^2 + -0.002 theta^2 omega + 0.036 theta omega^2 + 4.389 omega^3,0.042 1 + -0.014 theta + -0.221 omega + 0.001 theta^2 + 0.057 theta omega + -1.610 omega^2 + -0.003 theta^2 omega + 0.072 theta omega^2 + 8.777 omega^3,4.1818033054e-02,-1.3668993186e-02,-2.2063277591e-01,1.4006955772e-03,5.6869879584e-02,-1.6100050981e+00,-4.5957047717e-05,-3.0503647218e-03,7.2248715844e-02,8.7772180994e+00
104399,2025-08-22 18:15:00,0.030189,0.436479,0.309375,0.001 1 + 0.005 theta + 1.007 omega + -0.002 theta^2 + -0.002 theta omega + -0.683 omega^2 + 0.204 theta omega^2 + -1.837 omega^3,0.003 1 + 0.010 theta + 0.006 omega + -0.005 theta^2 + 0.003 theta omega + -1.321 omega^2 + 0.001 theta^3 + -0.001 theta^2 omega + 0.396 theta omega^2 + -3.961 omega^3,2.7009651449e-03,1.0395013710e-02,5.7719347161e-03,-4.9472359911e-03,2.7369700342e-03,-1.3211857685e+00,5.2193943898e-04,-6.9456262846e-04,3.9591082573e-01,-3.9610081017e+00
104400,2025-08-22 18:20:00,0.020885,0.544658,0.385414,0.002 1 + 1.001 omega + -0.001 theta^2 + 0.003 theta omega + -0.640 omega^2 + 0.001 theta^2 omega + -0.379 theta omega^2 + -2.392 omega^3,0.003 1 + 0.003 omega + -0.003 theta^2 + 0.007 theta omega + -1.286 omega^2 + -0.001 theta^3 + 0.003 theta^2 omega + -0.781 theta omega^2 + -4.835 omega^3,3.2335978493e-03,2.1245912690e-04,2.7787386704e-03,-2.5492495307e-03,6.5452156310e-03,-1.2861754962e+00,-7.4106806060e-04,2.7412246907e-03,-7.8082071376e-01,-4.8347316729e+00
104401,2025-08-22 18:25:00,nan,nan,nan,-0.037 1 + 0.001 theta + 1.211 omega + -0.023 theta omega + 0.683 omega^2 + 0.001 theta^2 omega + -0.067 theta omega^2 + -0.854 omega^3,-0.088 1 + 0.014 theta + 0.933 omega + -0.001 theta^2 + -0.145 theta omega + -2.981 omega^2 + 0.005 theta^2 omega + 0.177 theta omega^2 + 7.019 omega^3,-8.7937405398e-02,1.4484381351e-02,9.3294773536e-01,-5.7547505740e-04,-1.4460656777e-01,-2.9805047652e+00,0.0000000000e+00,5.4189104673e-03,1.7676814374e-01,7.0186235668e+00
104402,2025-08-22 18:30:00,0.037333,3.491065,2.468697,0.001 1 + 0.990 omega + -0.002 theta omega + 0.440 omega^2 + -0.052 theta omega^2 + -0.162 omega^3,0.001 1 + -0.001 theta + -0.026 omega + -0.003 theta omega + 1.153 omega^2 + -0.003 theta omega^2 + -4.814 omega^3,1.4679607185e-03,-8.9105057352e-04,-2.6013178487e-02,9.7427982744e-05,-2.7611331357e-03,1.1529163136e+00,0.0000000000e+00,-4.4073941093e-04,-3.4204891283e-03,-4.8139970267e+00
104403,2025-08-22 18:35:00,0.018437,1.126473,0.796644,0.005 1 + -0.001 theta + 0.879 omega + 0.036 theta omega + -0.717 omega^2 + -0.002 theta^2 omega + -0.077 theta omega^2 + 13.393 omega^3,0.010 1 + -0.003 theta + -0.242 omega + 0.072 theta omega + -1.395 omega^2 + -0.004 theta^2 omega + -0.154 theta omega^2 + 26.751 omega^3,1.0427346426e-02,-2.8482058354e-03,-2.4232416421e-01,1.8003087685e-04,7.2137433166e-02,-1.3950842853e+00,-5.2258032082e-07,-3.8076775772e-03,-1.5378759132e-01,2.6751266328e+01
104404,2025-08-22 18:40:00,0.027905,1.204783,0.852138,0.003 1 + 0.001 theta + 1.058 omega + 0.004 theta omega + 0.898 omega^2 + -0.041 theta omega^2 + 6.388 omega^3,0.005 1 + 0.001 theta + 0.093 omega + 0.008 theta omega + 1.316 omega^2 + -0.043 theta omega^2 + 9.131 omega^3,5.2092363390e-03,1.3984784077e-03,9.3429752840e-02,3.9015706913e-05,8.4001528479e-03,1.3160651456e+00,0.0000000000e+00,3.5145676752e-04,-4.2608020623e-02,9.1305717248e+00
104405,2025-08-22 18:45:00,0.035102,2.365956,1.673168,-0.004 1 + 1.005 omega + -0.008 theta omega + 0.450 omega^2 + -0.001 theta^2 omega + 0.050 theta omega^2 + -1.866 omega^3,-0.008 1 + 0.009 omega + -0.015 theta omega + 0.909 omega^2 + -0.002 theta^2 omega + 0.099 theta omega^2 + -3.720 omega^3,-8.0939562614e-03,-1.2017390599e-04,8.7036081663e-03,2.5880888933e-04,-1.5345754855e-02,9.0894052545e-01,6.8901515230e-06,-2.1521196340e-03,9.9349745696e-02,-3.7197189491e+00
104406,2025-08-22 18:50:00,nan,nan,nan,-0.209 1 + 0.011 theta + 4.054 omega + -0.114 theta omega + -14.700 omega^2 + 0.001 theta^2 omega + 0.295 theta omega^2 + 23.207 omega^3,-0.409 1 + 0.021 theta + 5.970 omega + -0.223 theta omega + -28.770 omega^2 + 0.001 theta^2 omega + 0.576 theta omega^2 + 45.584 omega^3,-4.0917797824e-01,2.1430505227e-02,5.9704081445e+00,-2.1229201598e-04,-2.2325640646e-01,-2.8769629423e+01,-1.8590873133e-06,1.4217645330e-03,5.7570183985e-01,4.5584407628e+01
104407,2025-08-22 18:55:00,0.056205,3.722452,2.632471,0.001 1 + -0.002 theta + 1.007 omega + 0.001 theta^2 + -0.010 theta omega + 0.603 omega^2 + 0.001 theta^2 omega + -0.094 theta omega^2 + -3.843 omega^3,0.001 1 + -0.004 theta + 0.016 omega + 0.002 theta^2 + -0.020 theta omega + 1.247 omega^2 + 0.002 theta^2 omega + -0.187 theta omega^2 + -8.192 omega^3,9.8663815771e-04,-4.4872870796e-03,1.5892215834e-02,1.8799349781e-03,-1.9549101567e-02,1.2466747135e+00,-1.5374975525e-04,1.9213250287e-03,-1.8731391461e-01,-8.1924947664e+00
104408,2025-08-22 19:00:00,0.015139,1.770055,1.251664,0.001 1 + -0.003 theta + 1.051 omega + 0.020 theta omega + -0.116 omega^2 + -0.001 theta^2 omega + 0.007 theta omega^2 + -2.149 omega^3,0.001 1 + -0.003 theta + 0.159 omega + 0.021 theta omega + -1.701 omega^2 + -0.001 theta^2 omega + 0.016 theta omega^2 + 3.106 omega^3,8.3886491062e-04,-2.7177641422e-03,1.5917380443e-01,1.1101320391e-04,2.0615595308e-02,-1.7012896307e+00,0.0000000000e+00,-9.7293629187e-04,1.6354312820e-02,3.1059986928e+00
104409,2025-08-22 19:05:00,0.040224,4.958515,3.506315,0.018 1 + -0.002 theta + 0.531 omega + 0.027 theta omega + 3.343 omega^2 + -0.127 theta omega^2 + -6.055 omega^3,0.030 1 + -0.002 theta + -0.908 omega + 0.047 theta omega + 7.092 omega^2 + -0.257 theta omega^2 + -14.310 omega^3,2.9765490057e-02,-1.9645249070e-03,-9.0809812377e-01,2.2742970590e-05,4.7215797502e-02,7.0920223201e+00,0.0000000000e+00,-1.7716152309e-04,-2.5713190929e-01,-1.4310320878e+01
104410,2025-08-22 19:10:00,0.045485,4.367238,3.088271,-0.010 1 + 0.003 theta + 0.960 omega + -0.006 theta omega + 0.624 omega^2 + -0.041 theta omega^2 + 0.519 omega^3,0.035 1 + -0.002 theta + -0.803 omega + 0.050 theta omega + 4.763 omega^2 + -0.001 theta^2 omega + -0.185 theta omega^2 + -6.352 omega^3,3.4734250893e-02,-2.4589012856e-03,-8.0264899329e-01,4.0146180321e-05,4.9532078297e-02,4.7628216691e+00,0.0000000000e+00,-6.2783586495e-04,-1.8536641691e-01,-6.3517004893e+00
104411,2025-08-22 19:15:00,nan,nan,nan,-0.001 theta + 0.959 omega + -0.009 theta omega + 1.930 omega^2 + 0.055 theta omega^2 + -9.983 omega^3,-0.005 1 + 0.203 omega + -0.005 theta omega + -1.947 omega^2 + 0.049 theta omega^2 + 4.745 omega^3,-5.0085255251e-03,2.2304189806e-05,2.0292299728e-01,1.0061409135e-05,-4.9564093305e-03,-1.9468162442e+00,0.0000000000e+00,-1.2935966455e-04,4.8669095026e-02,4.7446527163e+00
104412,2025-08-22 19:20:00,0.033226,3.122012,2.207721,0.002 1 + 0.941 omega + 0.010 theta omega + 0.691 omega^2 + -0.045 theta omega^2 + -2.934 omega^3,0.003 1 + -0.001 theta + -0.100 omega + 0.022 theta omega + 0.813 omega^2 + -0.134 theta omega^2,2.9417184520e-03,-5.9795335560e-04,-9.9671637127e-02,-2.3038272058e-05,2.1921597753e-02,8.1264519572e-01,2.6576635921e-06,-4.6242952308e-04,-1.3416787884e-01,0.0000000000e+00
104413,2025-08-22 19:25:00,0.062177,2.735707,1.934937,-0.001 theta + 1.014 omega + 0.006 theta omega + 0.027 omega^2 + -0.001 theta^2 omega + -0.009 theta omega^2 + -1.910 omega^3,-0.002 theta + 0.027 omega + 0.001 theta^2 + 0.011 theta omega + 0.089 omega^2 + -0.002 theta^2 omega + -0.026 theta omega^2 + -3.550 omega^3,-4.8191075986e-04,-2.4062896476e-03,2.6586191280e-02,7.5095393427e-04,1.1318249141e-02,8.9148515629e-02,-5.6275162987e-05,-1.6582854133e-03,-2.5736591661e-02,-3.5499988675e+00
104414,2025-08-22 19:30:00,0.007869,0.543296,0.384208,0.196 1 + 0.004 theta + 4.179 omega + 0.045 theta omega + 17.239 omega^2 + 0.122 theta omega^2 + 31.266 omega^3,0.406 1 + 0.009 theta + 6.568 omega + 0.095 theta omega + 35.421 omega^2 + 0.257 theta omega^2 + 63.896 omega^3,4.0616403621e-01,8.6681277447e-03,6.5682201125e+00,4.4859602662e-05,9.5281477437e-02,3.5420909773e+01,0.0000000000e+00,2.7625867351e-04,2.5656388280e-01,6.3895584772e+01
104415,2025-08-22 19:35:00,0.113722,20.014397,14.152544,-0.001 1 + -0.002 theta + 0.980 omega + -0.014 theta omega + -0.536 omega^2 + -0.037 theta omega^2 + -2.335 omega^3,-0.002 1 + -0.003 theta + -0.041 omega + -0.029 theta omega + -1.094 omega^2 + -0.083 theta omega^2 + -4.768 omega^3,-1.6173271890e-03,-3.3719393321e-03,-4.1272645075e-02,-1.0206582574e-04,-2.9334482337e-02,-1.0936205069e+00,0.0000000000e+00,-4.3327612069e-04,-8.2664222855e-02,-4.7679913730e+00
104416,2025-08-22 19:40:00,0.032203,1.446984,1.023426,0.002 1 + 0.978 omega + -0.002 theta omega + -0.074 omega^2 + 0.013 theta omega^2 + 1.124 omega^3,0.003 1 + -0.043 omega + -0.004 theta omega + -0.138 omega^2 + 0.028 theta omega^2 + 2.232 omega^3,2.8879070984e-03,2.2163043162e-05,-4.3364531569e-02,3.0517099296e-05,-3.5386701129e-03,-1.3827058492e-01,-5.3519183994e-06,3.0402060314e-04,2.8484483829e-02,2.2315048214e+00
104417,2025-08-22 19:45:00,0.019528,1.494092,1.056572,-0.001 1 + -0.001 theta + 1.067 omega + 0.001 theta omega + -0.423 omega^2 + 0.050 theta omega^2 + -1.778 omega^3,-0.002 1 + -0.001 theta + 0.135 omega + 0.002 theta omega + -0.790 omega^2 + -0.001 theta^2 omega + 0.100 theta omega^2 + -4.009 omega^3,-2.0617100772e-03,-1.1233172722e-03,1.3490628024e-01,6.5110952212e-05,2.0363703411e-03,-7.9031992038e-01,-3.2352030218e-07,-6.3445358263e-04,1.0021362491e-01,-4.0092140019e+00
104418,2025-08-22 19:50:00,0.023782,1.663896,1.176672,-0.009 1 + 0.002 theta + 0.992 omega + -0.003 theta omega + 0.063 omega^2 + -0.043 theta omega^2 + 2.849 omega^3,0.005 1 + -0.091 omega + 0.009 theta omega + -0.044 theta omega^2 + 2.913 omega^3,4.5815580381e-03,-3.1849627800e-04,-9.1494805941e-02,0.0000000000e+00,9.0648359102e-03,0.0000000000e+00,0.0000000000e+00,-3.3932600227e-05,-4.3609214334e-02,2.9130126767e+00
104419,2025-08-22 19:55:00,nan,nan,nan,0.004 1 + -0.001 theta + 0.925 omega + 0.015 theta omega + -0.300 omega^2 + -0.067 theta omega^2 + 4.507 omega^3,0.007 1 + -0.001 theta + -0.130 omega + 0.029 theta omega + -0.681 omega^2 + -0.131 theta omega^2 + 9.093 omega^3,7.2563204333e-03,-1.3753589486e-03,-1.2967182833e-01,4.1319860601e-05,2.9064855713e-02,-6.8148823215e-01,-2.5227444752e-08,-3.6720277017e-04,-1.3116185829e-01,9.0925148266e+00
104420,2025-08-22 20:00:00,nan,nan,nan,-0.002 1 + 0.974 omega + 0.011 theta omega + 0.274 omega^2 + 0.001 theta^2 omega + 0.021 theta omega^2 + 4.425 omega^3,-0.003 1 + -0.053 omega + 0.022 theta omega + 0.540 omega^2 + 0.003 theta^2 omega + 0.040 theta omega^2 + 9.099 omega^3,-3.2596096621e-03,3.4295167068e-04,-5.2770118033e-02,-1.8326763935e-04,2.2410166509e-02,5.4042495333e-01,-3.3085214433e-05,2.8948604037e-03,4.0024555896e-02,9.0990867646e+00
104421,2025-08-22 20:05:00,0.013749,0.293615,0.207845,0.001 1 + -0.001 theta + 1.016 omega + -0.171 omega^2 + 0.003 theta omega^2 + 0.752 omega^3,0.003 1 + -0.002 theta + 0.034 omega + -0.334 omega^2 + 0.007 theta omega^2 + 1.383 omega^3,2.9321676767e-03,-1.9396415601e-03,3.4332793998e-02,2.1350387727e-04,2.1176021731e-05,-3.3351800006e-01,-5.0029799845e-06,-3.1141284041e-04,7.3728736609e-03,1.3831410028e+00
104422,2025-08-22 20:10:00,nan,nan,nan,-0.003 1 + -0.002 theta + 1.274 omega + 0.041 theta omega + -4.804 omega^2 + -0.223 theta omega^2 + 24.253 omega^3,-0.007 1 + -0.003 theta + 0.582 omega + 0.082 theta omega + -10.664 omega^2 + 0.001 theta^2 omega + -0.520 theta omega^2 + 58.107 omega^3,-6.8826560248e-03,-3.4598981412e-03,5.8177786852e-01,-3.6361114471e-05,8.2243131667e-02,-1.0663782090e+01,0.0000000000e+00,5.1083008872e-04,-5.1978041236e-01,5.8106557451e+01
104423,2025-08-22 20:15:00,nan,nan,nan,-0.005 1 + 1.069 omega + 0.009 theta omega + -0.957 omega^2 + -0.067 theta omega^2 + 4.507 omega^3,-0.006 1 + -0.001 theta + 0.221 omega + 0.022 theta omega + -2.957 omega^2 + -0.109 theta omega^2 + 11.351 omega^3,-5.8255321422e-03,-7.2969720586e-04,2.2142352536e-01,-3.4822275453e-05,2.1571413819e-02,-2.9573986299e+00,0.0000000000e+00,2.2482408254e-04,-1.0859451239e-01,1.1351349000e+01
104424,2025-08-22 20:20:00,0.022272,1.285705,0.909267,0.024 1 + -0.003 theta + 0.507 omega + 0.041 theta omega + 2.845 omega^2 + -0.001 theta^2 omega + -0.131 theta omega^2 + -2.831 omega^3,0.046 1 + -0.006 theta + -0.955 omega + 0.081 theta omega + 5.423 omega^2 + -0.002 theta^2 omega + -0.253 theta omega^2 + -4.946 omega^3,4.6079482149e-02,-6.2054267293e-03,-9.5514053913e-01,3.2465444785e-04,8.1238940245e-02,5.4227666325e+00,-6.4902395527e-06,-1.8084562219e-03,-2.5336174391e-01,-4.9464662614e+00
104425,2025-08-22 20:25:00,nan,nan,nan,-0.002 1 + -0.001 theta + 1.125 omega + 0.025 theta omega + -2.246 omega^2 + -0.151 theta omega^2 + 11.716 omega^3,-0.003 1 + -0.002 theta + 0.232 omega + 0.047 theta omega + -4.199 omega^2 + 0.001 theta^2 omega + -0.290 theta omega^2 + 22.274 omega^3,-2.8721603566e-03,-1.7093670735e-03,2.3245418426e-01,-7.1543353663e-05,4.7321244230e-02,-4.1992268967e+00,2.2611953920e-07,5.8760615895e-04,-2.9015613193e-01,2.2273964712e+01
104426,2025-08-22 20:30:00,0.079043,11.687688,8.264633,0.011 1 + -0.006 theta + 0.931 omega + 0.001 theta^2 + 0.038 theta omega + -0.114 omega^2 + -0.005 theta^2 omega + 0.077 theta omega^2 + -0.737 omega^3,0.022 1 + -0.013 theta + -0.140 omega + 0.002 theta^2 + 0.078 theta omega + -0.215 omega^2 + -0.009 theta^2 omega + 0.138 theta omega^2 + -1.341 omega^3,2.2138209333e-02,-1.2500205258e-02,-1.3996602274e-01,1.5412073232e-03,7.7847161398e-02,-2.1453786207e-01,-3.4968112172e-05,-9.0036058615e-03,1.3766688407e-01,-1.3413428164e+00
104427,2025-08-22 20:35:00,nan,nan,nan,-0.013 1 + -0.002 theta + 1.576 omega + 0.060 theta omega + -9.270 omega^2 + 0.001 theta^2 omega + -0.455 theta omega^2 + 48.038 omega^3,-0.025 1 + -0.003 theta + 1.129 omega + 0.118 theta omega + -18.139 omega^2 + 0.003 theta^2 omega + -0.889 theta omega^2 + 94.020 omega^3,-2.5000070155e-02,-3.1749133581e-03,1.1289701824e+00,-2.1237712174e-04,1.1802624225e-01,-1.8138891259e+01,-1.5808689201e-06,2.5513116868e-03,-8.8912620202e-01,9.4019552593e+01
104428,2025-08-22 20:40:00,0.013872,1.381464,0.976892,-0.037 1 + 1.707 omega + -0.004 theta omega + -4.364 omega^2 + 0.018 theta omega^2 + 8.787 omega^3,-0.081 1 + 1.548 omega + -0.007 theta omega + -9.643 omega^2 + 0.035 theta omega^2 + 19.663 omega^3,-8.1476100440e-02,3.2322473625e-04,1.5483252468e+00,1.3896758736e-05,-7.2796498827e-03,-9.6433869886e+00,0.0000000000e+00,-9.8019381574e-05,3.4516376079e-02,1.9663080075e+01
104429,2025-08-22 20:45:00,nan,nan,nan,-0.013 1 + 0.002 theta + 1.040 omega + -0.012 theta omega + 0.132 omega^2 + 0.001 theta^2 omega + -0.005 theta omega^2 + 2.049 omega^3,-0.026 1 + 0.004 theta + 0.081 omega + -0.024 theta omega + 0.254 omega^2 + 0.001 theta^2 omega + -0.010 theta omega^2 + 3.908 omega^3,-2.5723283736e-02,3.7968542715e-03,8.0867699401e-02,-5.2144165644e-05,-2.3973821861e-02,2.5361754668e-01,-6.2958139791e-06,1.1558477626e-03,-9.8157502524e-03,3.9080912999e+00
104430,2025-08-22 20:50:00,nan,nan,nan,0.081 1 + 0.013 theta + 2.055 omega + 0.001 theta^2 + 0.114 theta omega + 4.310 omega^2 + 0.003 theta^2 omega + 0.224 theta omega^2 + 6.356 omega^3,0.162 1 + 0.025 theta + 2.104 omega + 0.001 theta^2 + 0.228 theta omega + 8.522 omega^2 + 0.006 theta^2 omega + 0.445 theta omega^2 + 12.501 omega^3,1.6204247114e-01,2.5222222855e-02,2.1039936919e+00,1.2614912445e-03,2.2756030072e-01,8.5220109583e+00,2.0068215294e-05,6.0505642905e-03,4.4487652724e-01,1.2501427265e+01
104431,2025-08-22 20:55:00,0.008235,0.178651,0.126460,1.001 omega + -0.003 theta omega + -0.050 omega^2 + -0.001 theta omega^2 + 1.051 omega^3,0.001 1 + 0.004 omega + -0.006 theta omega + -0.069 omega^2 + -0.002 theta omega^2 + 2.103 omega^3,7.9463268534e-04,-6.1308239564e-05,3.5475664500e-03,4.9889960215e-05,-5.6706990996e-03,-6.9440230826e-02,-4.1559326881e-06,3.3239511529e-04,-2.3948843967e-03,2.1034966766e+00
104432,2025-08-22 21:00:00,nan,nan,nan,0.058 1 + 0.004 theta + 1.902 omega + 0.045 theta omega + 4.308 omega^2 + 0.001 theta^2 omega + 0.112 theta omega^2 + 6.805 omega^3,0.115 1 + 0.007 theta + 1.776 omega + 0.089 theta omega + 8.381 omega^2 + 0.001 theta^2 omega + 0.220 theta omega^2 + 13.102 omega^3,1.1468932726e-01,7.1269319384e-03,1.7764096918e+00,1.0939483812e-04,8.8737836124e-02,8.3812199387e+00,0.0000000000e+00,1.0265216861e-03,2.1994741561e-01,1.3101758486e+01
104433,2025-08-22 21:05:00,0.928891,37.687618,26.657263,0.003 1 + 0.002 theta + 1.060 omega + 0.026 theta omega + -0.495 omega^2 + 0.002 theta^2 omega + -0.031 theta omega^2 + -3.372 omega^3,0.006 1 + 0.003 theta + 0.132 omega + 0.056 theta omega + -0.912 omega^2 + 0.005 theta^2 omega + -0.051 theta omega^2 + -6.278 omega^3,5.9999238916e-03,3.3408901014e-03,1.3209763649e-01,4.4062438545e-04,5.5812653815e-02,-9.1199876254e-01,1.2913494894e-05,4.7799961280e-03,-5.1112773217e-02,-6.2781979992e+00
104434,2025-08-22 21:10:00,nan,nan,nan,0.001 1 + -0.002 theta + 1.009 omega + 0.001 theta omega + -0.244 omega^2 + -0.018 theta omega^2 + -0.036 omega^3,0.002 1 + -0.003 theta + 0.018 omega + -0.001 theta^2 + 0.003 theta omega + -0.454 omega^2 + -0.036 theta omega^2 + 0.185 omega^3,2.1644482391e-03,-3.3784795102e-03,1.7846141363e-02,-7.3802250863e-04,2.9633426030e-03,-4.5422974273e-01,-3.6740613068e-05,3.5006191575e-05,-3.5516910343e-02,1.8499453039e-01
104435,2025-08-22 21:15:00,0.172136,20.059055,14.184416,0.006 1 + 0.001 theta + 0.963 omega + 0.004 theta omega + -1.079 omega^2 + 0.001 theta^2 omega + -0.120 theta omega^2 + -1.344 omega^3,0.013 1 + 0.003 theta + -0.048 omega + 0.010 theta omega + -1.944 omega^2 + 0.002 theta^2 omega + -0.239 theta omega^2 + -1.924 omega^3,1.2977327434e-02,2.9517072467e-03,-4.7957594665e-02,1.7034936252e-04,1.0261081551e-02,-1.9441303218e+00,-3.1464714516e-07,1.9951052990e-03,-2.3851195355e-01,-1.9242631359e+00
104436,2025-08-22 21:20:00,nan,nan,nan,-0.003 1 + -0.001 theta + 0.992 omega + 0.003 theta omega + 0.345 omega^2 + 0.001 theta^2 omega + 0.116 theta omega^2 + 1.726 omega^3,-0.006 1 + -0.002 theta + -0.016 omega + 0.001 theta^2 + 0.005 theta omega + 0.676 omega^2 + 0.003 theta^2 omega + 0.225 theta omega^2 + 3.373 omega^3,-6.4857076068e-03,-1.7331273335e-03,-1.5540601296e-02,7.8773942819e-04,4.9466645812e-03,6.7645205240e-01,3.4686982004e-06,2.7600291532e-03,2.2545195267e-01,3.3731546041e+00
104437,2025-08-22 21:25:00,0.058910,1.664953,1.178037,0.007 1 + 0.002 theta + 1.082 omega + 0.020 theta omega + 0.393 omega^2 + 0.001 theta^2 omega + 0.039 theta omega^2 + 1.159 omega^3,0.015 1 + 0.004 theta + 0.161 omega + 0.039 theta omega + 0.735 omega^2 + 0.002 theta^2 omega + 0.074 theta omega^2 + 2.174 omega^3,1.4902999352e-02,4.1915056673e-03,1.6063419429e-01,2.7259921878e-04,3.9248094791e-02,7.3537919415e-01,1.3138491144e-06,2.0463067436e-03,7.3508214232e-02,2.1743045646e+00
104438,2025-08-22 21:30:00,0.071555,2.101800,1.487058,0.002 1 + -0.002 theta + 1.015 omega + -0.006 theta omega + -0.213 omega^2 + -0.002 theta^2 omega + 0.141 theta omega^2 + -0.458 omega^3,0.004 1 + -0.003 theta + 0.030 omega + -0.010 theta omega + -0.433 omega^2 + -0.004 theta^2 omega + 0.284 theta omega^2 + -0.866 omega^3,3.8633166318e-03,-3.0584961835e-03,3.0283067333e-02,1.5971213673e-04,-9.8958801383e-03,-4.3343037193e-01,1.9415750642e-05,-3.8478522657e-03,2.8420265335e-01,-8.6555083980e-01
104439,2025-08-22 21:35:00,0.064418,1.734396,1.227249,-0.002 1 + 0.001 theta + 0.962 omega + 0.001 theta^2 + -0.010 theta omega + 0.229 omega^2 + -0.001 theta^2 omega + 0.075 theta omega^2 + -0.021 omega^3,-0.005 1 + 0.002 theta + -0.080 omega + 0.001 theta^2 + -0.022 theta omega + 0.456 omega^2 + -0.001 theta^2 omega + 0.148 theta omega^2 + -0.210 omega^3,-5.0649314243e-03,2.4701294594e-03,-7.9592477033e-02,1.4457308205e-03,-2.2288007853e-02,4.5627733039e-01,1.2874874566e-04,-1.2733241992e-03,1.4764196979e-01,-2.1008897401e-01
104440,2025-08-22 21:40:00,0.119373,5.378225,3.803916,-0.014 1 + -0.006 theta + 0.917 omega + -0.001 theta^2 + -0.031 theta omega + 0.164 omega^2 + -0.002 theta^2 omega + 0.038 theta omega^2 + -1.068 omega^3,-0.028 1 + -0.013 theta + -0.163 omega + -0.002 theta^2 + -0.061 theta omega + 0.358 omega^2 + -0.004 theta^2 omega + 0.081 theta omega^2 + -2.032 omega^3,-2.7573716867e-02,-1.2631684310e-02,-1.6269664332e-01,-1.6718666650e-03,-6.1269102178e-02,3.5814428192e-01,-7.1260973763e-05,-4.2022092194e-03,8.0670433249e-02,-2.0317636411e+00
104441,2025-08-22 21:45:00,nan,nan,nan,-0.002 theta + 1.022 omega + -0.013 theta omega + -0.050 omega^2 + -0.006 theta^2 omega + 0.260 theta omega^2 + -7.027 omega^3,-0.003 theta + 0.030 omega + -0.001 theta^2 + -0.028 theta omega + -0.032 omega^2 + -0.005 theta^2 omega + -0.075 theta omega^2 + 2.553 omega^3,1.3925671393e-04,-3.1095300279e-03,2.9961055550e-02,-5.8131352169e-04,-2.7707094463e-02,-3.1855281677e-02,0.0000000000e+00,-4.6983799424e-03,-7.4871085701e-02,2.5532456079e+00
104442,2025-08-22 21:50:00,0.007461,0.127913,0.090602,0.013 1 + 0.002 theta + 1.183 omega + 0.023 theta omega + 0.763 omega^2 + 0.001 theta^2 omega + 0.043 theta omega^2 + 0.751 omega^3,0.026 1 + 0.004 theta + 0.362 omega + 0.045 theta omega + 1.483 omega^2 + 0.001 theta^2 omega + 0.084 theta omega^2 + 1.402 omega^3,2.5967534315e-02,4.2612258123e-03,3.6169841693e-01,1.1686670333e-04,4.4826012325e-02,1.4831096470e+00,-2.8350020715e-06,1.3154155578e-03,8.3901966422e-02,1.4018296003e+00
104443,2025-08-22 21:55:00,nan,nan,nan,-0.002 1 + 1.012 omega + 0.005 theta omega + 0.237 omega^2 + 0.003 theta omega^2 + 0.910 omega^3,-0.004 1 + 0.025 omega + 0.009 theta omega + 0.475 omega^2 + 0.001 theta^2 omega + 0.007 theta omega^2 + 1.781 omega^3,-4.0731432149e-03,6.8020909237e-05,2.4678821703e-02,8.2286513893e-05,9.3042336037e-03,4.7484707433e-01,1.7925172382e-06,9.7605039397e-04,6.5141385738e-03,1.7814916368e+00
104444,2025-08-22 22:00:00,0.066680,4.417120,3.123731,0.001 1 + 0.001 theta + 1.019 omega + 0.021 theta omega + -0.073 omega^2 + 0.001 theta^2 omega + -0.001 theta omega^2 + 1.695 omega^3,0.002 1 + 0.002 theta + 0.044 omega + 0.044 theta omega + -0.027 omega^2 + 0.003 theta^2 omega + 0.008 theta omega^2 + 4.231 omega^3,1.8918045470e-03,2.1616819634e-03,4.3987140247e-02,7.1090237805e-05,4.3908657255e-02,-2.6665893153e-02,-4.7735572543e-06,2.6092083043e-03,8.3944060288e-03,4.2307288632e+00
104445,2025-08-22 22:05:00,nan,nan,nan,0.005 1 + 0.002 theta + 1.047 omega + 0.010 theta omega + 0.278 omega^2 + 0.025 theta omega^2 + 1.353 omega^3,0.011 1 + 0.005 theta + 0.094 omega + 0.001 theta^2 + 0.020 theta omega + 0.544 omega^2 + 0.001 theta^2 omega + 0.048 theta omega^2 + 2.737 omega^3,1.0881715293e-02,4.6311850769e-03,9.4205651061e-02,5.4485533758e-04,2.0257711102e-02,5.4442857715e-01,1.8223582952e-05,8.6548873889e-04,4.7888320565e-02,2.7371507477e+00
104446,2025-08-22 22:10:00,0.048312,1.463814,1.035636,-0.001 theta + 1.002 omega + -0.007 theta omega + 0.354 omega^2 + 0.005 theta^2 omega + 0.061 theta omega^2 + -1.080 omega^3,0.001 1 + -0.002 theta + 0.008 omega + -0.016 theta omega + 0.690 omega^2 + 0.011 theta^2 omega + 0.122 theta omega^2 + -2.388 omega^3,5.9098242133e-04,-1.9834886307e-03,8.3843294926e-03,1.9689094350e-04,-1.6039854041e-02,6.8979471592e-01,-1.8775534978e-04,1.0866670988e-02,1.2207448141e-01,-2.3879436200e+00
104447,2025-08-22 22:15:00,nan,nan,nan,0.004 theta + 1.029 omega + 0.001 theta^2 + 0.011 theta omega + 1.106 omega^2 + 0.001 theta^2 omega + 0.059 theta omega^2 + 3.760 omega^3,0.008 theta + 0.064 omega + 0.001 theta^2 + 0.025 theta omega + 2.266 omega^2 + 0.002 theta^2 omega + 0.121 theta omega^2 + 7.974 omega^3,-1.5832859784e-04,7.6380060866e-03,6.3940953560e-02,1.2665086279e-03,2.5077907179e-02,2.2664402026e+00,5.1753952959e-05,1.6881166934e-03,1.2134994579e-01,7.9735185335e+00
104448,2025-08-22 22:20:00,nan,nan,nan,-0.006 1 + 0.002 theta + 1.084 omega + -0.023 theta omega + -0.193 omega^2 + 0.001 theta^2 omega + 0.014 theta omega^2 + 0.736 omega^3,-0.012 1 + 0.005 theta + 0.171 omega + -0.045 theta omega + -0.397 omega^2 + 0.001 theta^2 omega + 0.028 theta omega^2 + 1.515 omega^3,-1.1881326935e-02,4.9324887810e-03,1.7145934549e-01,-1.9457426416e-04,-4.5166179671e-02,-3.9657271904e-01,1.0296363063e-06,1.3613196034e-03,2.7822144579e-02,1.5152603216e+00
104449,2025-08-22 22:25:00,0.083176,3.520365,2.489968,0.999 omega + -0.007 theta omega + 0.297 omega^2 + 0.001 theta^2 omega + -0.048 theta omega^2 + -1.324 omega^3,0.001 theta + 0.006 omega + 0.001 theta^2 + -0.011 theta omega + 0.530 omega^2 + 0.001 theta^2 omega + -0.111 theta omega^2 + -2.868 omega^3,2.6927172324e-04,1.1372599426e-03,6.3687036099e-03,5.9860729576e-04,-1.1297519758e-02,5.2987004007e-01,-1.1472934854e-04,6.0163904629e-04,-1.1072535286e-01,-2.8678100338e+00
104450,2025-08-22 22:30:00,0.035380,1.076460,0.761583,0.001 1 + -0.002 theta + 1.033 omega + -0.016 theta omega + -0.160 omega^2 + -0.001 theta^2 omega + 0.005 theta omega^2 + -3.574 omega^3,0.002 1 + -0.003 theta + 0.067 omega + -0.033 theta omega + -0.290 omega^2 + -0.002 theta^2 omega + 0.008 theta omega^2 + -6.893 omega^3,1.6754860906e-03,-3.2686507454e-03,6.6585169467e-02,-1.5616792774e-04,-3.3199137851e-02,-2.9011290562e-01,2.2861394610e-07,-1.7326867617e-03,7.7104321502e-03,-6.8934212408e+00
104451,2025-08-22 22:35:00,0.022737,1.479688,1.046421,0.001 1 + 0.977 omega + -0.001 theta omega + -0.030 omega^2 + -0.028 theta omega^2 + 1.810 omega^3,0.003 1 + -0.045 omega + -0.002 theta omega + -0.053 omega^2 + -0.053 theta omega^2 + 3.627 omega^3,2.6681161608e-03,3.8240694374e-05,-4.4774991645e-02,3.5195327180e-05,-1.6073811039e-03,-5.2903603302e-02,-2.8211117837e-06,4.2121162820e-04,-5.3054989590e-02,3.6271585802e+00
104452,2025-08-22 22:40:00,0.076087,5.673792,4.012337,-0.017 1 + 0.002 theta + 1.224 omega + -0.024 theta omega + -0.544 omega^2 + 0.001 theta^2 omega + 0.034 theta omega^2 + 0.411 omega^3,-0.006 1 + 0.002 theta + -0.101 omega + -0.017 theta omega + 2.297 omega^2 + 0.001 theta^2 omega + -0.019 theta omega^2 + -6.062 omega^3,-5.9564754174e-03,1.9145547096e-03,-1.0108714457e-01,-6.1380061899e-05,-1.7271874637e-02,2.2968023028e+00,0.0000000000e+00,5.8776693864e-04,-1.9168100743e-02,-6.0617347146e+00
104453,2025-08-22 22:45:00,2.270985,55.197347,39.063439,0.001 1 + -0.001 theta + 0.996 omega + -0.007 theta omega + 0.554 omega^2 + 0.003 theta^2 omega + -0.257 theta omega^2 + 2.278 omega^3,0.001 1 + -0.002 theta + -0.008 omega + -0.001 theta^2 + -0.013 theta omega + 1.094 omega^2 + 0.005 theta^2 omega + -0.507 theta omega^2 + 4.634 omega^3,1.4947062852e-03,-1.7491448142e-03,-7.5560099654e-03,-5.7937589749e-04,-1.3410034862e-02,1.0941440669e+00,3.1646606606e-04,5.0000416023e-03,-5.0709905391e-01,4.6341528102e+00
104454,2025-08-22 22:50:00,0.057032,8.381145,5.926501,-0.004 1 + 0.001 theta + 0.901 omega + 0.012 theta omega + 0.968 omega^2 + -0.109 theta omega^2 + -0.500 omega^3,-0.007 1 + 0.001 theta + -0.187 omega + 0.021 theta omega + 1.812 omega^2 + -0.207 theta omega^2 + -0.936 omega^3,-6.8451994944e-03,1.2477854825e-03,-1.8720848209e-01,7.0557462159e-05,2.1068280311e-02,1.8115037123e+00,-1.0413590948e-05,-4.3226210154e-04,-2.0654767768e-01,-9.3587217035e-01
104455,2025-08-22 22:55:00,0.136856,3.640962,2.576367,-0.079 1 + 0.006 theta + 2.189 omega + -0.071 theta omega + -4.319 omega^2 + 0.001 theta^2 omega + 0.201 theta omega^2 + -1.027 omega^3,-0.172 1 + 0.012 theta + 2.618 omega + -0.153 theta omega + -9.918 omega^2 + 0.002 theta^2 omega + 0.437 theta omega^2,-1.7212687273e-01,1.2337141329e-02,2.6180006423e+00,-2.4174193893e-04,-1.5299562259e-01,-9.9180421181e+00,9.9048111016e-07,1.7538846291e-03,4.3688396933e-01,0.0000000000e+00
104456,2025-08-22 23:00:00,nan,nan,nan,0.001 1 + -0.001 theta + 1.004 omega + -0.005 theta omega + -0.084 omega^2 + 0.063 theta omega^2 + 1.033 omega^3,0.002 1 + -0.002 theta + 0.009 omega + -0.010 theta omega + -0.182 omega^2 + 0.001 theta^2 omega + 0.119 theta omega^2 + 2.097 omega^3,2.0446741450e-03,-1.9738991881e-03,9.4230560904e-03,-2.4037994891e-04,-1.0144495231e-02,-1.8205420731e-01,2.4499336056e-05,9.6155594232e-04,1.1856008364e-01,2.0973664476e+00
104457,2025-08-22 23:05:00,0.007787,0.251792,0.178129,0.001 1 + 0.001 theta + 0.945 omega + 0.034 theta omega + 0.363 omega^2 + -0.004 theta^2 omega + -0.029 theta omega^2 + -4.769 omega^3,0.001 1 + 0.002 theta + -0.106 omega + -0.001 theta^2 + 0.066 theta omega + 0.704 omega^2 + -0.008 theta^2 omega + -0.055 theta omega^2 + -9.231 omega^3,1.0492175411e-03,2.3847062653e-03,-1.0602284171e-01,-9.5477635257e-04,6.5580057103e-02,7.0385732515e-01,7.2203245915e-05,-8.3992757161e-03,-5.5223072656e-02,-9.2308836135e+00
104458,2025-08-22 23:10:00,0.093116,14.377350,10.166535,-0.003 1 + -0.003 theta + 0.978 omega + -0.019 theta omega + -0.181 omega^2 + -0.002 theta^2 omega + 0.016 theta omega^2 + -0.712 omega^3,-0.005 1 + -0.005 theta + -0.041 omega + -0.038 theta omega + -0.315 omega^2 + -0.004 theta^2 omega + 0.041 theta omega^2 + -1.554 omega^3,-5.3096764508e-03,-5.3767654049e-03,-4.0712656250e-02,-4.9316667567e-04,-3.8399113075e-02,-3.1503873581e-01,3.0867322056e-06,-4.4051997766e-03,4.0797401424e-02,-1.5537202794e+00
104459,2025-08-22 23:15:00,0.041489,4.082174,2.886682,-0.005 1 + -0.002 theta + 1.134 omega + 0.012 theta omega + -0.189 omega^2 + -0.001 theta^2 omega + 0.020 theta omega^2 + -3.000 omega^3,-0.014 1 + -0.003 theta + 0.417 omega + 0.013 theta omega + -2.141 omega^2 + -0.001 theta^2 omega + 0.056 theta omega^2 + 0.060 omega^3,-1.4265481154e-02,-3.1513247838e-03,4.1748799062e-01,1.1514223503e-04,1.3241409276e-02,-2.1410306558e+00,0.0000000000e+00,-8.0864090065e-04,5.5864139638e-02,6.0027409316e-02
104460,2025-08-22 23:20:00,0.092259,4.824937,3.412370,-0.003 theta + 1.041 omega + -0.005 theta omega + -0.354 omega^2 + -0.016 theta omega^2 + -1.689 omega^3,-0.001 1 + -0.006 theta + 0.082 omega + -0.001 theta^2 + -0.010 theta omega + -0.714 omega^2 + -0.001 theta^2 omega + -0.033 theta omega^2 + -3.436 omega^3,-5.8461651579e-04,-6.1720760598e-03,8.2102991482e-02,-6.3902724345e-04,-1.0006427724e-02,-7.1375985664e-01,-1.7153956553e-05,-6.4877377004e-04,-3.2703699704e-02,-3.4358910864e+00
104461,2025-08-22 23:25:00,nan,nan,nan,-0.145 1 + 0.003 theta + 2.779 omega + -0.022 theta omega + -7.129 omega^2 + 0.039 theta omega^2 + 9.722 omega^3,-0.281 1 + 0.005 theta + 3.425 omega + -0.043 theta omega + -13.649 omega^2 + 0.076 theta omega^2 + 18.533 omega^3,-2.8141930812e-01,5.0844067352e-03,3.4253964344e+00,-2.7065584666e-05,-4.2635633521e-02,-1.3649079675e+01,0.0000000000e+00,1.6089965533e-04,7.6324046229e-02,1.8533185868e+01
104462,2025-08-22 23:30:00,0.092598,9.643104,6.819019,0.249 1 + -0.024 theta + -1.739 omega + 0.001 theta^2 + 0.204 theta omega + 8.096 omega^2 + -0.003 theta^2 omega + -0.382 theta omega^2 + -3.462 omega^3,0.501 1 + -0.049 theta + -5.532 omega + 0.001 theta^2 + 0.412 theta omega + 16.392 omega^2 + -0.007 theta^2 omega + -0.774 theta omega^2 + -7.010 omega^3,5.0141750381e-01,-4.8572821419e-02,-5.5319511548e+00,1.3663710549e-03,4.1175229706e-01,1.6392094537e+01,-9.5816217026e-06,-6.8085923435e-03,-7.7404617020e-01,-7.0102344577e+00
104463,2025-08-22 23:35:00,nan,nan,nan,-0.022 1 + -0.001 theta + 1.443 omega + -0.003 theta omega + -2.464 omega^2 + 0.013 theta omega^2 + 4.539 omega^3,-0.045 1 + -0.002 theta + 0.893 omega + -0.005 theta omega + -4.949 omega^2 + 0.026 theta omega^2 + 9.114 omega^3,-4.4597597095e-02,-1.7832588578e-03,8.9252473109e-01,1.6952661786e-04,-5.4812224419e-03,-4.9485567220e+00,-2.5658829540e-06,-2.5245482113e-04,2.5563434472e-02,9.1136050513e+00
104464,2025-08-22 23:40:00,0.045603,7.340384,5.190535,-0.001 1 + 0.001 theta + 0.908 omega + 0.028 theta omega + -1.739 omega^2 + 0.128 theta omega^2 + -7.101 omega^3,-0.002 1 + 0.002 theta + -0.207 omega + 0.060 theta omega + -4.023 omega^2 + -0.001 theta^2 omega + 0.296 theta omega^2 + -17.745 omega^3,-2.4165930611e-03,1.8778651579e-03,-2.0729777086e-01,-1.8931724042e-04,5.9568057253e-02,-4.0233484505e+00,0.0000000000e+00,-1.1410469936e-03,2.9609479537e-01,-1.7745469266e+01
104465,2025-08-22 23:45:00,nan,nan,nan,0.013 1 + 0.003 theta + 1.229 omega + 0.029 theta omega + 1.426 omega^2 + 0.001 theta^2 omega + 0.065 theta omega^2 + 3.253 omega^3,0.021 1 + 0.003 theta + 0.206 omega + 0.027 theta omega + 0.928 omega^2 + 0.001 theta^2 omega + 0.037 theta omega^2 + 3.350 omega^3,2.0730982949e-02,2.8721445935e-03,2.0572358596e-01,9.2665318964e-05,2.7461319419e-02,9.2830400224e-01,0.0000000000e+00,8.2519006077e-04,3.7161449357e-02,3.3501355935e+00
104466,2025-08-22 23:50:00,nan,nan,nan,-0.001 1 + -0.003 theta + 1.013 omega + -0.001 theta^2 + -0.004 theta omega + 0.111 omega^2 + -0.003 theta^2 omega + 0.024 theta omega^2 + 1.178 omega^3,-0.002 1 + -0.006 theta + 0.029 omega + -0.001 theta^2 + -0.007 theta omega + 0.235 omega^2 + -0.006 theta^2 omega + 0.051 theta omega^2 + 2.363 omega^3,-1.6934042435e-03,-5.6958789054e-03,2.8593345080e-02,-1.4547101539e-03,-6.9786278224e-03,2.3534153717e-01,-2.1273031291e-05,-6.2954984694e-03,5.1441266243e-02,2.3630339224e+00
104467,2025-08-22 23:55:00,0.062230,1.735341,1.227860,-0.010 1 + 0.003 theta + 1.014 omega + 0.001 theta^2 + 0.001 theta omega + 0.916 omega^2 + 0.150 theta omega^2 + -0.981 omega^3,-0.019 1 + 0.006 theta + 0.031 omega + 0.002 theta^2 + 0.002 theta omega + 1.856 omega^2 + 0.302 theta omega^2 + -1.941 omega^3,-1.9262359361e-02,6.2037340594e-03,3.0510867388e-02,2.4867635301e-03,2.2752866265e-03,1.8564190652e+00,1.6480592540e-04,-2.7381063028e-04,3.0216471627e-01,-1.9405287091e+00
104468,2025-08-23 00:00:00,nan,nan,nan,0.024 1 + 0.003 theta + 1.346 omega + 0.033 theta omega + 1.805 omega^2 + 0.039 theta omega^2 + 5.965 omega^3,0.037 1 + 0.002 theta + 0.563 omega + 0.024 theta omega + 2.460 omega^2 + 0.064 theta omega^2 + 2.930 omega^3,3.6524568885e-02,2.1141758671e-03,5.6321626152e-01,1.6315627637e-05,2.4096784328e-02,2.4598529358e+00,0.0000000000e+00,1.0569678289e-04,6.3641417041e-02,2.9298355239e+00
104469,2025-08-23 00:05:00,0.052793,3.887195,2.748915,1.013 omega + -0.003 theta omega + -0.004 omega^2 + -0.001 theta^2 omega + -0.039 theta omega^2 + -1.249 omega^3,-0.001 1 + 0.001 theta + 0.028 omega + -0.006 theta omega + 0.013 omega^2 + -0.002 theta^2 omega + -0.078 theta omega^2 + -2.581 omega^3,-7.7032807444e-04,5.0331643478e-04,2.7511966796e-02,9.7920344311e-06,-5.8007264195e-03,1.3424196866e-02,-2.1000135758e-05,-2.0568447544e-03,-7.7516779895e-02,-2.5807939036e+00
104470,2025-08-23 00:10:00,0.011625,0.567023,0.401030,-0.071 1 + -0.001 theta + 1.902 omega + -0.014 theta omega + -3.071 omega^2 + 0.043 theta omega^2 + 3.240 omega^3,-0.025 1 + 0.001 theta + 0.269 omega + -0.010 theta omega + -0.481 omega^2 + 0.026 theta omega^2 + -0.609 omega^3,-2.5182988474e-02,6.2171374391e-04,2.6930361251e-01,3.9523562204e-06,-9.8789959730e-03,-4.8077815118e-01,0.0000000000e+00,0.0000000000e+00,2.5969281260e-02,-6.0869252969e-01
104471,2025-08-23 00:15:00,0.024959,0.650171,0.460079,-0.002 1 + 0.964 omega + -0.225 omega^2 + -0.010 theta omega^2 + 0.035 omega^3,-0.005 1 + -0.075 omega + -0.503 omega^2 + -0.021 theta omega^2 + -0.041 omega^3,-4.8374039864e-03,-2.5428494074e-04,-7.4822252425e-02,-2.2374573104e-05,-3.1734578154e-04,-5.0275820339e-01,-7.7113526635e-07,8.0167041032e-05,-2.1067061795e-02,-4.1429621657e-02
104472,2025-08-23 00:20:00,0.018482,1.875248,1.326065,-0.001 1 + 1.065 omega + 0.004 theta omega + 0.551 omega^2 + 0.042 theta omega^2 + 0.590 omega^3,-0.001 1 + -0.002 theta + 0.143 omega + -0.006 theta omega + 1.246 omega^2 + 0.036 theta omega^2 + 1.289 omega^3,-1.2110777037e-03,-1.6170901062e-03,1.4296899513e-01,-5.7463291496e-05,-6.4587341900e-03,1.2457798510e+00,0.0000000000e+00,-4.1904740483e-04,3.6078056922e-02,1.2885949611e+00
104473,2025-08-23 00:25:00,nan,nan,nan,-0.001 1 + 0.945 omega + -0.005 theta omega + 0.301 omega^2 + -0.053 theta omega^2 + 4.264 omega^3,0.001 theta + -0.075 omega + -0.011 theta omega + 0.833 omega^2 + -0.107 theta omega^2 + 8.988 omega^3,-4.9662250838e-05,8.4857934138e-04,-7.4534835572e-02,5.0664492809e-05,-1.0604335815e-02,8.3265499393e-01,0.0000000000e+00,3.2959977247e-04,-1.0657610872e-01,8.9879285961e+00
104474,2025-08-23 00:30:00,nan,nan,nan,0.137 1 + 0.001 theta + 2.996 omega + 0.016 theta omega + 8.780 omega^2 + 0.071 theta omega^2 + 10.515 omega^3,0.340 1 + 0.001 theta + 5.051 omega + 0.029 theta omega + 22.841 omega^2 + 0.151 theta omega^2 + 28.860 omega^3,3.3994598053e-01,5.0764849500e-04,5.0510107106e+00,-6.6087715141e-05,2.8750491009e-02,2.2841165874e+01,0.0000000000e+00,-3.9211511441e-04,1.5116232601e-01,2.8860304988e+01
104475,2025-08-23 00:35:00,0.011762,1.139586,0.805852,-0.021 1 + 0.688 omega + -0.002 theta omega + -1.440 omega^2 + -0.010 theta omega^2 + -2.009 omega^3,-0.050 1 + -0.728 omega + -0.007 theta omega + -3.294 omega^2 + -0.026 theta omega^2 + -4.491 omega^3,-5.0376166585e-02,-4.5758023704e-04,-7.2837104728e-01,8.4604848497e-06,-7.3602150307e-03,-3.2944362658e+00,0.0000000000e+00,4.3874511827e-05,-2.6392705483e-02,-4.4912544795e+00
104476,2025-08-23 00:40:00,0.035171,2.432484,1.720205,0.020 1 + 0.001 theta + 1.192 omega + 0.027 theta omega + -0.603 omega^2 + 0.078 theta omega^2 + -4.443 omega^3,0.025 1 + 0.462 omega + 0.010 theta omega + 2.435 omega^2 + 0.040 theta omega^2 + 3.537 omega^3,2.5019974866e-02,4.8374337890e-04,4.6150556655e-01,-6.5741166702e-06,9.5631481867e-03,2.4353981392e+00,0.0000000000e+00,-4.8238368500e-05,4.0181064854e-02,3.5369422165e+00
104477,2025-08-23 00:45:00,0.040307,2.201640,1.557055,1.004 omega + 0.005 theta omega + -0.106 omega^2 + -0.001 theta^2 omega + 0.020 theta omega^2 + -0.128 omega^3,0.001 1 + -0.001 theta + 0.008 theta omega + -0.209 omega^2 + -0.001 theta^2 omega + 0.018 theta omega^2 + 0.964 omega^3,8.3405006372e-04,-6.4139620757e-04,-1.4849963960e-04,4.2574809684e-05,8.2647715194e-03,-2.0890965869e-01,0.0000000000e+00,-7.5819048510e-04,1.7696326500e-02,9.6428850636e-01
104478,2025-08-23 00:50:00,0.015689,1.266730,0.895782,0.003 1 + -0.001 theta + 1.086 omega + -0.005 theta omega + 0.633 omega^2 + -0.001 theta omega^2 + 0.950 omega^3,-0.001 1 + -0.001 theta + 0.008 omega + -0.004 theta omega + 0.059 omega^2 + 0.150 omega^3,-5.8240500747e-04,-5.4848470248e-04,8.3035323652e-03,-1.7553174635e-05,-3.8318656230e-03,5.9059379793e-02,0.0000000000e+00,-1.2663605445e-04,-4.8174244349e-04,1.4962131467e-01
104479,2025-08-23 00:55:00,0.072688,1.971463,1.394982,0.994 omega + 0.001 theta omega + -0.017 omega^2 + 0.001 theta^2 omega + -0.007 theta omega^2 + 0.186 omega^3,-0.011 omega + 0.003 theta omega + -0.029 omega^2 + 0.002 theta^2 omega + -0.013 theta omega^2 + 0.345 omega^3,-9.1424079697e-05,1.3555445891e-04,-1.0529505030e-02,-1.1424543205e-04,2.5966969627e-03,-2.8822831856e-02,-8.4472060746e-05,2.2207664069e-03,-1.3103251088e-02,3.4484981758e-01
104480,2025-08-23 01:00:00,0.032614,3.686026,2.606516,0.984 omega + -0.053 omega^2 + -0.020 theta omega^2 + 0.908 omega^3,-0.001 1 + -0.074 omega + 0.011 theta omega + -1.191 omega^2 + 0.059 theta omega^2 + -4.904 omega^3,-9.1789433228e-04,4.3692377739e-04,-7.4380397345e-02,-2.3361383481e-05,1.1398561015e-02,-1.1907741833e+00,0.0000000000e+00,-1.6639638236e-04,5.8787921387e-02,-4.9043653922e+00
104481,2025-08-23 01:05:00,0.032925,1.163262,0.822880,-0.001 1 + 0.983 omega + -0.006 theta omega + -0.030 omega^2 + -0.001 theta^2 omega + 0.014 theta omega^2 + 0.191 omega^3,-0.003 1 + -0.001 theta + -0.034 omega + -0.014 theta omega + -0.088 omega^2 + -0.001 theta^2 omega + 0.019 theta omega^2 + 0.076 omega^3,-2.7084965576e-03,-1.0336105659e-03,-3.3524645479e-02,2.2237840951e-04,-1.4370065596e-02,-8.7738908749e-02,3.0698051141e-05,-1.4028844826e-03,1.9471452164e-02,7.6068102659e-02
104482,2025-08-23 01:10:00,0.059025,2.969337,2.100053,-0.002 theta + 0.998 omega + -0.001 theta^2 + 0.015 theta omega + -0.249 omega^2 + 0.003 theta^2 omega + -0.083 theta omega^2 + 2.313 omega^3,-0.004 theta + -0.003 omega + -0.002 theta^2 + 0.030 theta omega + -0.487 omega^2 + 0.005 theta^2 omega + -0.167 theta omega^2 + 4.527 omega^3,1.6598984885e-04,-4.1745374384e-03,-2.5057647814e-03,-2.0900874782e-03,3.0328209523e-02,-4.8662164371e-01,-2.5883926812e-04,5.4554806162e-03,-1.6728066434e-01,4.5265465790e+00
104483,2025-08-23 01:15:00,0.037133,0.785160,0.555812,0.003 1 + 0.001 theta + 1.004 omega + -0.001 theta^2 + -0.011 theta omega + -0.305 omega^2 + 0.002 theta^2 omega + 0.073 theta omega^2 + 1.047 omega^3,0.006 1 + 0.001 theta + 0.010 omega + -0.003 theta^2 + -0.022 theta omega + -0.628 omega^2 + 0.004 theta^2 omega + 0.152 theta omega^2 + 2.078 omega^3,5.7124537275e-03,1.2731779630e-03,9.8431990998e-03,-2.5731560835e-03,-2.1576589417e-02,-6.2828547151e-01,4.5049730271e-04,4.0278557667e-03,1.5153281024e-01,2.0779029779e+00
104484,2025-08-23 01:20:00,0.031814,1.151951,0.814863,-0.002 theta + 1.002 omega + 0.001 theta^2 + 0.001 theta omega + 0.245 omega^2 + -0.076 theta omega^2 + 0.777 omega^3,0.001 1 + -0.003 theta + 0.008 omega + 0.002 theta^2 + -0.001 theta omega + 0.520 omega^2 + -0.157 theta omega^2 + 2.015 omega^3,9.0384561871e-04,-2.9407042497e-03,7.8194129923e-03,1.7205843351e-03,-1.0570822013e-03,5.2005209420e-01,-2.4258967588e-04,-4.8466235468e-04,-1.5662575465e-01,2.0146000923e+00
104485,2025-08-23 01:25:00,0.076620,2.124959,1.503550,0.005 1 + 1.062 omega + 0.003 theta omega + -0.168 omega^2 + 0.010 theta omega^2 + -1.953 omega^3,0.010 1 + 0.144 omega + 0.005 theta omega + -0.034 omega^2 + 0.028 theta omega^2 + -3.273 omega^3,9.7706056638e-03,9.8293605364e-06,1.4448946514e-01,-3.1672785313e-06,5.3082680650e-03,-3.3750069085e-02,0.0000000000e+00,-1.5349970463e-07,2.8402403161e-02,-3.2734616395e+00
104486,2025-08-23 01:30:00,0.051661,2.143675,1.516247,0.001 1 + 0.001 theta + 0.944 omega + -0.001 theta^2 + 0.048 theta omega + -0.558 omega^2 + -0.010 theta^2 omega + 0.258 theta omega^2 + 1.104 omega^3,0.002 1 + 0.002 theta + -0.111 omega + -0.002 theta^2 + 0.095 theta omega + -1.109 omega^2 + -0.019 theta^2 omega + 0.513 theta omega^2 + 2.121 omega^3,2.0630492249e-03,1.9694023661e-03,-1.1140118319e-01,-1.7078166160e-03,9.4688344183e-02,-1.1093026006e+00,1.8387249067e-04,-1.9296787051e-02,5.1250848733e-01,2.1214622549e+00
104487,2025-08-23 01:35:00,nan,nan,nan,0.021 1 + 0.002 theta + 1.598 omega + 0.033 theta omega + 5.171 omega^2 + 0.201 theta omega^2 + 12.739 omega^3,0.031 1 + 0.002 theta + 0.893 omega + 0.046 theta omega + 7.360 omega^2 + -0.001 theta^2 omega + 0.300 theta omega^2 + 16.929 omega^3,3.1414881507e-02,1.7753781609e-03,8.9285472430e-01,0.0000000000e+00,4.5558615855e-02,7.3601283968e+00,2.1590376412e-06,-6.7574684487e-04,3.0048805179e-01,1.6929261626e+01
104488,2025-08-23 01:40:00,0.131982,6.971635,4.930574,-0.008 1 + -0.002 theta + 0.917 omega + -0.022 theta omega + 0.028 omega^2 + -0.001 theta^2 omega + 0.010 theta omega^2 + -0.201 omega^3,-0.017 1 + -0.004 theta + -0.164 omega + -0.044 theta omega + 0.060 omega^2 + -0.002 theta^2 omega + 0.020 theta omega^2 + -0.382 omega^3,-1.6743212989e-02,-3.7522965642e-03,-1.6428108315e-01,-6.1709640398e-05,-4.4362299035e-02,6.0380096572e-02,7.2564780591e-06,-2.3456304216e-03,1.9583246003e-02,-3.8243696448e-01
104489,2025-08-23 01:45:00,nan,nan,nan,-0.001 1 + -0.001 theta + 1.002 omega + -0.001 theta omega + 0.156 omega^2 + -0.002 theta^2 omega + 0.095 theta omega^2 + 0.219 omega^3,-0.002 1 + -0.002 theta + 0.004 omega + -0.002 theta omega + 0.324 omega^2 + -0.003 theta^2 omega + 0.190 theta omega^2 + 0.535 omega^3,-1.9889170502e-03,-1.7035796441e-03,3.7636978177e-03,-7.7753808321e-05,-2.3187379179e-03,3.2443554342e-01,2.9969741807e-05,-3.4751429655e-03,1.9027179626e-01,5.3489034661e-01
104490,2025-08-23 01:50:00,0.142226,10.248726,7.247642,-0.004 1 + 0.783 omega + -0.010 theta omega + -1.802 omega^2 + 0.001 theta^2 omega + -0.183 theta omega^2 + 0.357 omega^3,-0.003 1 + 0.001 theta + -0.381 omega + -0.010 theta omega + -3.637 omega^2 + 0.003 theta^2 omega + -0.361 theta omega^2,-3.1448746169e-03,1.3234856004e-03,-3.8111233550e-01,9.5068571359e-05,-1.0311544838e-02,-3.6366404079e+00,-6.6083845837e-06,2.8181443060e-03,-3.6067038581e-01,0.0000000000e+00
104491,2025-08-23 01:55:00,0.047809,1.233307,0.872735,-0.010 1 + -0.006 theta + 0.957 omega + -0.001 theta^2 + -0.020 theta omega + -0.076 omega^2 + -0.002 theta^2 omega + -0.024 theta omega^2 + -2.054 omega^3,-0.020 1 + -0.012 theta + -0.086 omega + -0.002 theta^2 + -0.040 theta omega + -0.134 omega^2 + -0.003 theta^2 omega + -0.047 theta omega^2 + -4.064 omega^3,-1.9895145419e-02,-1.1821514232e-02,-8.5622496899e-02,-2.2531932086e-03,-3.9920641793e-02,-1.3363717974e-01,-1.3038729362e-04,-3.0263766763e-03,-4.6515295422e-02,-4.0643401951e+00
104492,2025-08-23 02:00:00,nan,nan,nan,-0.004 1 + 0.908 omega + -0.026 theta omega + 0.002 omega^2 + -0.002 theta^2 omega + -0.012 theta omega^2 + 1.205 omega^3,-0.009 1 + -0.001 theta + -0.183 omega + -0.053 theta omega + -0.009 omega^2 + -0.004 theta^2 omega + -0.028 theta omega^2 + 2.414 omega^3,-8.8461790449e-03,-7.7844011892e-04,-1.8328811049e-01,2.7783624580e-04,-5.3072607686e-02,-8.7752777984e-03,2.5583198479e-05,-3.7659292437e-03,-2.8082257046e-02,2.4141260304e+00
104493,2025-08-23 02:05:00,0.032845,0.788984,0.558379,0.001 1 + -0.001 theta + 1.005 omega + -0.002 theta omega + -0.001 omega^2 + 0.084 theta omega^2 + -0.318 omega^3,0.003 1 + -0.002 theta + 0.012 omega + -0.001 theta^2 + -0.004 theta omega + -0.002 omega^2 + 0.167 theta omega^2 + -0.669 omega^3,2.7033337106e-03,-2.3488001617e-03,1.1824217533e-02,-7.0635317664e-04,-3.9920298054e-03,-1.7851718609e-03,1.9130028389e-04,-1.1658282751e-04,1.6744135379e-01,-6.6866745288e-01
104494,2025-08-23 02:10:00,0.045083,3.496632,2.472698,-0.002 1 + -0.001 theta + 1.027 omega + -0.001 theta omega + 0.314 omega^2 + 0.027 theta omega^2 + 0.296 omega^3,-0.004 1 + -0.002 theta + 0.056 omega + -0.001 theta omega + 0.638 omega^2 + -0.001 theta^2 omega + 0.053 theta omega^2 + 0.586 omega^3,-3.5421771952e-03,-1.6343958652e-03,5.5731465495e-02,-1.5441730276e-04,-9.0498761444e-04,6.3800591709e-01,-2.5424190961e-06,-6.2679214409e-04,5.3440546220e-02,5.8588526161e-01
104495,2025-08-23 02:15:00,0.064237,1.968475,1.392663,0.001 1 + -0.001 theta + 0.991 omega + 0.004 theta omega + 0.361 omega^2 + -0.081 theta omega^2 + -0.873 omega^3,0.001 1 + -0.003 theta + -0.014 omega + 0.001 theta^2 + 0.008 theta omega + 0.731 omega^2 + -0.001 theta^2 omega + -0.166 theta omega^2 + -1.730 omega^3,1.4936306525e-03,-2.5134899538e-03,-1.4221319302e-02,9.5580042832e-04,8.3359489486e-03,7.3065026193e-01,-8.0746658103e-05,-7.4327695088e-04,-1.6578605667e-01,-1.7298625970e+00
104496,2025-08-23 02:20:00,nan,nan,nan,-0.012 1 + 1.334 omega + -0.023 theta omega + -2.485 omega^2 + 0.073 theta omega^2 + 7.009 omega^3,-0.024 1 + 0.001 theta + 0.679 omega + -0.047 theta omega + -5.081 omega^2 + 0.001 theta^2 omega + 0.146 theta omega^2 + 14.404 omega^3,-2.4456881164e-02,9.5034699691e-04,6.7880840848e-01,1.2710713118e-04,-4.6705124748e-02,-5.0814444090e+00,-4.4284877488e-06,5.7326673653e-04,1.4564860665e-01,1.4404136677e+01
104497,2025-08-23 02:25:00,nan,nan,nan,-0.007 1 + -0.001 theta + 0.989 omega + -0.004 theta omega + 0.433 omega^2 + -0.038 theta omega^2 + 1.007 omega^3,-0.013 1 + -0.001 theta + -0.023 omega + -0.009 theta omega + 0.865 omega^2 + 0.001 theta^2 omega + -0.076 theta omega^2 + 2.056 omega^3,-1.3315203788e-02,-1.0828485856e-03,-2.2502072347e-02,4.6369898598e-04,-8.7672709842e-03,8.6513217431e-01,-2.3483353565e-05,8.2025648712e-04,-7.5544701148e-02,2.0560819223e+00
104498,2025-08-23 02:30:00,nan,nan,nan,0.003 1 + -0.001 theta + 1.080 omega + -0.004 theta omega + 0.415 omega^2 + 0.002 theta omega^2 + 0.378 omega^3,0.010 1 + -0.001 theta + 0.190 omega + -0.007 theta omega + 0.925 omega^2 + 0.004 theta omega^2 + 0.858 omega^3,9.6907274292e-03,-1.3827396315e-03,1.8980680978e-01,-2.8548608756e-05,-7.4989606353e-03,9.2457710902e-01,0.0000000000e+00,-1.7596682473e-04,3.9087842330e-03,8.5791217925e-01
104499,2025-08-23 02:35:00,nan,nan,nan,-0.009 1 + -0.003 theta + 0.985 omega + 0.001 theta^2 + -0.009 theta omega + 0.712 omega^2 + 0.001 theta^2 omega + -0.054 theta omega^2 + 0.583 omega^3,-0.018 1 + -0.007 theta + -0.033 omega + 0.002 theta^2 + -0.019 theta omega + 1.479 omega^2 + 0.002 theta^2 omega + -0.111 theta omega^2 + 1.350 omega^3,-1.8291343348e-02,-7.0662711789e-03,-3.3308955585e-02,1.5183702236e-03,-1.8807708312e-02,1.4792718633e+00,-6.7509114941e-05,1.7633978532e-03,-1.1108759361e-01,1.3501754072e+00
