Chunk_Index,Chunk_Start_Time,Sim_RMSE_Omega,Sim_RMSE_Theta,Sim_RMSE_Total,Eq_Theta,Eq_Omega,Coeff_Const,Coeff_Theta,Coeff_Omega,Coeff_Theta2,Coeff_ThetaOmega,Coeff_Omega2,Coeff_Theta3,Coeff_Theta2Omega,Coeff_ThetaOmega2,Coeff_Omega3
87000,2025-06-23 03:45:00,0.036136,2.991639,2.115563,1.028 omega + -0.018 theta omega + 0.319 omega^2 + 0.089 theta omega^2 + -3.278 omega^3,0.060 omega + -0.035 theta omega + 0.582 omega^2 + 0.170 theta omega^2 + -6.223 omega^3,-1.2719850351e-04,3.6811375798e-04,6.0264776482e-02,8.7302168268e-05,-3.4970781080e-02,5.8247981724e-01,-2.3063610051e-06,1.7474598425e-04,1.6976068388e-01,-6.2227973841e+00
87001,2025-06-23 03:50:00,0.033814,2.195656,1.552748,0.003 1 + -0.001 theta + 1.043 omega + -0.002 theta omega + -0.089 omega^2 + -0.001 theta^2 omega + 0.047 theta omega^2 + -1.950 omega^3,0.005 1 + -0.001 theta + 0.088 omega + -0.005 theta omega + -0.189 omega^2 + -0.002 theta^2 omega + 0.097 theta omega^2 + -3.999 omega^3,5.2895585348e-03,-1.3460245316e-03,8.7854138986e-02,-1.1753137770e-04,-4.6118479900e-03,-1.8864455512e-01,7.7741686404e-06,-2.4549983073e-03,9.7236159430e-02,-3.9991158764e+00
87002,2025-06-23 03:55:00,0.076801,2.122964,1.502145,0.001 theta + 0.963 omega + 0.001 theta^2 + -0.066 theta omega + -0.281 omega^2 + -0.012 theta^2 omega + 0.027 theta omega^2 + -6.777 omega^3,-0.001 1 + 0.002 theta + -0.075 omega + 0.002 theta^2 + -0.134 theta omega + -0.581 omega^2 + -0.024 theta^2 omega + 0.055 theta omega^2 + -13.768 omega^3,-8.2254577666e-04,1.8880364199e-03,-7.4584547915e-02,2.4265835796e-03,-1.3447502245e-01,-5.8059275720e-01,3.7229325600e-04,-2.3895027037e-02,5.5425974427e-02,-1.3768373836e+01
87003,2025-06-23 04:00:00,nan,nan,nan,-0.001 1 + 0.001 theta + 0.987 omega + 0.016 theta omega + -0.077 omega^2 + -0.003 theta omega^2 + 1.451 omega^3,-0.002 1 + 0.001 theta + -0.032 omega + 0.033 theta omega + -0.027 omega^2 + -0.046 theta omega^2 + 4.616 omega^3,-1.8154660661e-03,1.3331429990e-03,-3.2476439473e-02,-4.0282269049e-04,3.3482951472e-02,-2.6591205787e-02,-9.5047585194e-06,4.5517795777e-04,-4.5602763794e-02,4.6157400562e+00
87004,2025-06-23 04:05:00,0.121013,10.063398,7.116411,0.002 theta + 0.830 omega + -0.006 theta omega + -1.351 omega^2 + -0.075 theta omega^2 + -2.196 omega^3,0.001 1 + 0.004 theta + -0.336 omega + -0.012 theta omega + -2.741 omega^2 + 0.001 theta^2 omega + -0.149 theta omega^2 + -4.608 omega^3,1.2942231090e-03,4.4240299297e-03,-3.3572854983e-01,4.4684470565e-04,-1.1726143953e-02,-2.7409658468e+00,9.6891351612e-06,8.0121591393e-04,-1.4872070582e-01,-4.6081206435e+00
87005,2025-06-23 04:10:00,0.035152,2.091400,1.479052,0.989 omega + -0.001 theta omega + -0.010 omega^2 + -0.007 theta omega^2 + 0.381 omega^3,-0.024 omega + -0.002 theta omega + -0.018 omega^2 + -0.014 theta omega^2 + 0.800 omega^3,-4.0047931778e-04,3.5031652837e-04,-2.4289015649e-02,5.9411020752e-05,-1.7875976449e-03,-1.8278285249e-02,8.9517237859e-08,-9.9089335962e-05,-1.4233619053e-02,8.0018875812e-01
87006,2025-06-23 04:15:00,0.008599,0.260285,0.184150,-0.130 1 + 0.006 theta + 2.040 omega + -0.034 theta omega + -2.682 omega^2 + 0.046 theta omega^2 + 2.210 omega^3,0.330 1 + -0.007 theta + -3.519 omega + 0.051 theta omega + 12.312 omega^2 + -0.094 theta omega^2 + -14.174 omega^3,3.3035341870e-01,-6.7342831654e-03,-3.5194199109e+00,3.3485759474e-05,5.0719360272e-02,1.2311943036e+01,0.0000000000e+00,-1.4309235427e-04,-9.4030098997e-02,-1.4173832805e+01
87007,2025-06-23 04:20:00,0.141194,6.488163,4.588910,-0.001 1 + 0.001 theta + 1.003 omega + 0.001 theta omega + 0.141 omega^2 + -0.053 theta omega^2 + -0.659 omega^3,-0.003 1 + 0.003 theta + 0.008 omega + 0.002 theta omega + 0.269 omega^2 + -0.107 theta omega^2 + -1.318 omega^3,-2.8300543323e-03,2.6261937876e-03,8.1087922275e-03,-2.9659933178e-04,1.7506935040e-03,2.6943300748e-01,-5.7313458662e-05,1.8842438317e-04,-1.0704369961e-01,-1.3184851756e+00
87008,2025-06-23 04:25:00,nan,nan,nan,-0.006 1 + 0.003 theta + 0.963 omega + 0.004 theta omega + 0.252 omega^2 + 0.001 theta^2 omega + -0.156 theta omega^2 + 2.159 omega^3,-0.011 1 + 0.006 theta + -0.078 omega + -0.001 theta^2 + 0.011 theta omega + 0.509 omega^2 + 0.002 theta^2 omega + -0.307 theta omega^2 + 4.617 omega^3,-1.1456748297e-02,6.2529193170e-03,-7.8234875128e-02,-5.1093684648e-04,1.1149571651e-02,5.0859640210e-01,-7.7308244741e-05,2.0713918122e-03,-3.0739456595e-01,4.6171748192e+00
87009,2025-06-23 04:30:00,nan,nan,nan,0.001 1 + 0.003 theta + 0.896 omega + 0.017 theta omega + -0.605 omega^2 + 0.001 theta^2 omega + -0.027 theta omega^2 + 1.617 omega^3,0.003 1 + 0.006 theta + -0.183 omega + 0.034 theta omega + -1.072 omega^2 + 0.001 theta^2 omega + -0.051 theta omega^2 + 3.512 omega^3,3.0819438371e-03,6.1443962104e-03,-1.8338941198e-01,2.6188160995e-04,3.4124392598e-02,-1.0718791440e+00,1.7582016539e-06,1.4258676509e-03,-5.0694410863e-02,3.5118603638e+00
87010,2025-06-23 04:35:00,nan,nan,nan,-0.002 1 + 0.007 theta + 1.159 omega + -0.002 theta^2 + -0.067 theta omega + -1.773 omega^2 + 0.007 theta^2 omega + 0.385 theta omega^2 + -0.095 omega^3,-0.004 1 + 0.014 theta + 0.326 omega + -0.004 theta^2 + -0.135 theta omega + -3.550 omega^2 + 0.014 theta^2 omega + 0.768 theta omega^2 + -0.462 omega^3,-4.4019934835e-03,1.4001524977e-02,3.2594982777e-01,-4.4323417483e-03,-1.3481572427e-01,-3.5503324663e+00,3.4739150307e-04,1.3775506975e-02,7.6762812379e-01,-4.6241479885e-01
87011,2025-06-23 04:40:00,0.074748,4.130912,2.921474,0.001 1 + 1.012 omega + -0.002 theta omega + -0.108 omega^2 + 0.042 theta omega^2 + -0.720 omega^3,0.002 1 + -0.001 theta + 0.026 omega + -0.004 theta omega + -0.223 omega^2 + 0.084 theta omega^2 + -1.609 omega^3,1.5210553537e-03,-6.8580761030e-04,2.5713731261e-02,3.1983134574e-06,-3.8125909755e-03,-2.2296590478e-01,5.8772134170e-06,-2.9362350755e-04,8.3790169752e-02,-1.6089434222e+00
87012,2025-06-23 04:45:00,nan,nan,nan,-0.005 theta + 1.017 omega + -0.001 theta^2 + 0.025 theta omega + -0.190 omega^2 + 0.003 theta^2 omega + 0.082 theta omega^2 + 0.927 omega^3,-0.001 1 + -0.009 theta + 0.038 omega + -0.002 theta^2 + 0.049 theta omega + -0.378 omega^2 + 0.006 theta^2 omega + 0.165 theta omega^2 + 1.585 omega^3,-8.1021144228e-04,-9.0799265397e-03,3.7984426304e-02,-1.6277827400e-03,4.9205088923e-02,-3.7836982684e-01,7.4037887066e-06,5.7324725910e-03,1.6485714872e-01,1.5853810280e+00
87013,2025-06-23 04:50:00,0.011489,0.795499,0.562562,-0.046 1 + 0.001 theta + 1.779 omega + -0.008 theta omega + -4.692 omega^2 + 0.020 theta omega^2 + 9.374 omega^3,-0.094 1 + 0.001 theta + 1.729 omega + -0.010 theta omega + -10.607 omega^2 + 0.036 theta omega^2 + 21.059 omega^3,-9.3822050764e-02,9.5432071751e-04,1.7289768649e+00,1.4568561009e-06,-1.0310080942e-02,-1.0606874834e+01,0.0000000000e+00,-3.3657429351e-05,3.5870159619e-02,2.1058801941e+01
87014,2025-06-23 04:55:00,nan,nan,nan,0.047 1 + 0.003 theta + -0.386 omega + -0.046 theta omega + 11.590 omega^2 + 0.174 theta omega^2 + -29.809 omega^3,0.173 1 + -0.002 theta + -2.026 omega + 0.036 theta omega + 5.738 omega^2 + -0.142 theta omega^2 + 0.930 omega^3,1.7328234986e-01,-1.8809518306e-03,-2.0256721196e+00,-5.1594335278e-05,3.6225231557e-02,5.7383782780e+00,0.0000000000e+00,2.8032394995e-04,-1.4212436572e-01,9.2968983098e-01
87015,2025-06-23 05:00:00,0.056620,5.435334,3.843570,-0.292 1 + 0.016 theta + 3.134 omega + -0.084 theta omega + -4.914 omega^2 + 0.001 theta^2 omega + 0.101 theta omega^2 + 3.769 omega^3,0.013 1 + -0.539 omega + 0.010 theta omega + 2.651 omega^2 + -0.037 theta omega^2 + -3.049 omega^3,1.2713507410e-02,6.8980804821e-05,-5.3856637030e-01,-5.3620108676e-06,1.0361593442e-02,2.6509140829e+00,0.0000000000e+00,-2.0915534233e-05,-3.7325369475e-02,-3.0487261684e+00
87016,2025-06-23 05:05:00,nan,nan,nan,-0.014 1 + -0.001 theta + 1.572 omega + 0.029 theta omega + -8.222 omega^2 + -0.184 theta omega^2 + 36.999 omega^3,-0.027 1 + 1.047 omega + 0.032 theta omega + -14.439 omega^2 + 0.001 theta^2 omega + -0.289 theta omega^2 + 64.580 omega^3,-2.7156934017e-02,5.6261433624e-05,1.0469970886e+00,-9.4738908475e-05,3.2149377153e-02,-1.4439300475e+01,0.0000000000e+00,8.4255998513e-04,-2.8873961117e-01,6.4579829849e+01
87017,2025-06-23 05:10:00,0.025572,3.063494,2.166293,0.031 1 + -0.002 theta + 0.554 omega + 0.017 theta omega + 1.942 omega^2 + -0.035 theta omega^2 + -2.364 omega^3,0.065 1 + -0.002 theta + -1.250 omega + 0.020 theta omega + 7.538 omega^2 + -0.044 theta omega^2 + -14.436 omega^3,6.4775463396e-02,-1.6475012081e-03,-1.2500395211e+00,2.8278850969e-05,2.0004372174e-02,7.5377474616e+00,0.0000000000e+00,-2.5145198084e-04,-4.3741361830e-02,-1.4435865047e+01
87018,2025-06-23 05:15:00,0.062507,3.225760,2.281385,0.038 1 + -0.002 theta + 0.354 omega + 0.033 theta omega + 3.097 omega^2 + -0.139 theta omega^2 + -2.354 omega^3,0.041 1 + -0.001 theta + -0.809 omega + 0.028 theta omega + 4.290 omega^2 + 0.001 theta^2 omega + -0.193 theta omega^2 + -3.244 omega^3,4.1244666361e-02,-8.5260287453e-04,-8.0875413930e-01,-5.6940743974e-05,2.7694989197e-02,4.2904341298e+00,0.0000000000e+00,5.8103708899e-04,-1.9328919326e-01,-3.2443418151e+00
87019,2025-06-23 05:20:00,0.091755,6.654472,4.705870,-0.004 1 + -0.003 theta + 0.983 omega + -0.017 theta omega + -0.086 omega^2 + -0.002 theta^2 omega + 0.042 theta omega^2 + -2.316 omega^3,-0.007 1 + -0.005 theta + -0.034 omega + -0.001 theta^2 + -0.034 theta omega + -0.170 omega^2 + -0.003 theta^2 omega + 0.082 theta omega^2 + -4.637 omega^3,-7.4693144211e-03,-5.2683827554e-03,-3.4029038326e-02,-5.3140286170e-04,-3.3901064392e-02,-1.6992794745e-01,-1.0333756454e-05,-3.2803828335e-03,8.2310341469e-02,-4.6369831277e+00
87020,2025-06-23 05:25:00,0.035390,4.581779,3.239903,0.001 1 + 1.008 omega + 0.002 theta omega + -0.492 omega^2 + -0.012 theta omega^2 + -2.175 omega^3,0.004 1 + 0.080 omega + -0.002 theta omega + -0.283 omega^2 + -0.004 theta omega^2 + -3.409 omega^3,4.4645178086e-03,-4.7720269705e-04,7.9588099085e-02,-1.6349628094e-06,-1.7360701306e-03,-2.8272463589e-01,0.0000000000e+00,4.9868216356e-05,-3.9475399099e-03,-3.4089355187e+00
87021,2025-06-23 05:30:00,0.043888,3.094623,2.188449,-0.003 1 + 1.089 omega + -0.005 theta omega + -0.110 omega^2 + -0.005 theta^2 omega + -0.025 theta omega^2 + -5.447 omega^3,-0.007 1 + 0.176 omega + -0.009 theta omega + -0.183 omega^2 + -0.011 theta^2 omega + -0.048 theta omega^2 + -10.645 omega^3,-7.1627804881e-03,3.5449057414e-04,1.7575385309e-01,4.7937346672e-04,-9.4645265605e-03,-1.8283508885e-01,-9.1403126614e-06,-1.0751242324e-02,-4.8460049331e-02,-1.0645216405e+01
87022,2025-06-23 05:35:00,0.154237,5.109891,3.614884,0.001 1 + -0.001 theta + 1.009 omega + -0.002 theta omega + -0.196 omega^2 + -1.087 omega^3,0.002 1 + -0.001 theta + 0.014 omega + -0.003 theta omega + -0.364 omega^2 + 0.001 theta^2 omega + -1.858 omega^3,2.1079971901e-03,-1.2317405687e-03,1.4263429736e-02,1.1582900358e-04,-2.9346915941e-03,-3.6436276388e-01,-5.4585537476e-07,1.0847300009e-03,-3.0222746344e-04,-1.8579259323e+00
87023,2025-06-23 05:40:00,nan,nan,nan,0.003 1 + 0.001 theta + 0.975 omega + 0.001 theta omega + -0.138 omega^2 + -0.026 theta omega^2 + 0.802 omega^3,0.007 1 + 0.001 theta + -0.053 omega + 0.002 theta omega + -0.284 omega^2 + 0.001 theta^2 omega + -0.053 theta omega^2 + 1.717 omega^3,7.1130950775e-03,1.3679973035e-03,-5.3031647424e-02,-1.7476098834e-05,2.1756062282e-03,-2.8409314105e-01,-8.5573098495e-06,6.9396267668e-04,-5.2803384648e-02,1.7171290510e+00
87024,2025-06-23 05:45:00,nan,nan,nan,-0.053 1 + 0.006 theta + 1.470 omega + -0.050 theta omega + -0.558 omega^2 + 0.001 theta^2 omega + 0.024 theta omega^2 + -0.262 omega^3,-0.102 1 + 0.012 theta + 0.897 omega + -0.096 theta omega + -1.007 omega^2 + 0.003 theta^2 omega + 0.044 theta omega^2 + -0.599 omega^3,-1.0216620365e-01,1.2250803934e-02,8.9743613062e-01,-3.7465201309e-04,-9.5717070091e-02,-1.0069908629e+00,8.6371436341e-07,2.5538978881e-03,4.3717043110e-02,-5.9906528729e-01
87025,2025-06-23 05:50:00,0.035640,3.131355,2.214346,-0.001 1 + 1.014 omega + -0.007 theta omega + 0.461 omega^2 + -0.002 theta^2 omega + 0.142 theta omega^2 + -4.418 omega^3,-0.002 1 + -0.001 theta + 0.026 omega + -0.014 theta omega + 0.872 omega^2 + -0.004 theta^2 omega + 0.279 theta omega^2 + -8.249 omega^3,-2.3610867842e-03,-7.9944380411e-04,2.5534527113e-02,2.4069684013e-04,-1.4129971316e-02,8.7229382607e-01,1.1974799747e-05,-4.4762224444e-03,2.7887017276e-01,-8.2493554011e+00
87026,2025-06-23 05:55:00,0.012495,0.656904,0.464586,0.049 1 + 0.001 theta + 0.239 omega + -0.007 theta omega + 3.919 omega^2 + 0.019 theta omega^2 + -6.716 omega^3,0.060 1 + 0.001 theta + -0.962 omega + -0.011 theta omega + 5.150 omega^2 + 0.031 theta omega^2 + -9.127 omega^3,5.9643686768e-02,9.6721301902e-04,-9.6242914919e-01,9.3086464603e-06,-1.1062659295e-02,5.1499816859e+00,0.0000000000e+00,-4.2760413820e-05,3.0541696496e-02,-9.1266789632e+00
87027,2025-06-23 06:00:00,nan,nan,nan,0.088 1 + -0.003 theta + 0.696 omega + 0.018 theta omega + -0.784 omega^2 + -0.023 theta omega^2 + 2.727 omega^3,0.189 1 + -0.007 theta + -0.731 omega + 0.036 theta omega + -1.180 omega^2 + -0.047 theta omega^2 + 5.069 omega^3,1.8862458450e-01,-6.5875872071e-03,-7.3122437068e-01,2.9631469297e-05,3.6070961725e-02,-1.1804068575e+00,0.0000000000e+00,-9.7558948603e-05,-4.7008476003e-02,5.0688318856e+00
87028,2025-06-23 06:05:00,nan,nan,nan,-0.043 1 + -0.001 theta + 1.698 omega + 0.011 theta omega + -3.563 omega^2 + -0.021 theta omega^2 + 5.692 omega^3,-0.085 1 + -0.003 theta + 1.392 omega + 0.022 theta omega + -7.088 omega^2 + -0.041 theta omega^2 + 11.320 omega^3,-8.5353346096e-02,-2.7140083174e-03,1.3918313014e+00,1.0850116037e-06,2.1795513713e-02,-7.0879319869e+00,0.0000000000e+00,-1.1450583518e-05,-4.0857331069e-02,1.1319741036e+01
87029,2025-06-23 06:10:00,0.031251,2.548838,1.802436,-0.075 1 + 0.003 theta + 1.509 omega + -0.015 theta omega + -0.804 omega^2 + 0.016 theta omega^2 + -0.176 omega^3,-0.060 1 + 0.002 theta + 0.314 omega + -0.007 theta omega + 0.048 omega^2 + 0.002 theta omega^2 + -1.434 omega^3,-5.9739164001e-02,1.7589660049e-03,3.1400350306e-01,-1.0183083701e-05,-7.2550642914e-03,4.8204349437e-02,0.0000000000e+00,1.5085470074e-05,2.3445053822e-03,-1.4338163482e+00
87030,2025-06-23 06:15:00,0.138371,9.663323,6.833702,0.004 1 + 0.984 omega + 0.009 theta omega + -0.398 omega^2 + -0.001 theta^2 omega + 0.054 theta omega^2 + -0.077 omega^3,0.003 1 + -0.037 omega + 0.009 theta omega + -0.191 omega^2 + -0.001 theta^2 omega + 0.012 theta omega^2 + 2.554 omega^3,2.9098629601e-03,-7.1277094282e-05,-3.7182699572e-02,-1.8117687088e-04,8.6147311834e-03,-1.9100143073e-01,0.0000000000e+00,-7.8172456671e-04,1.1724603891e-02,2.5540056346e+00
87031,2025-06-23 06:20:00,0.061681,7.044665,4.981521,0.115 1 + 0.006 theta + 2.288 omega + 0.061 theta omega + 3.499 omega^2 + 0.155 theta omega^2 + -0.049 omega^3,0.228 1 + 0.010 theta + 2.368 omega + 0.117 theta omega + 5.091 omega^2 + 0.271 theta omega^2 + -3.144 omega^3,2.2795685897e-01,1.0176575521e-02,2.3677107416e+00,-2.8748015844e-05,1.1711635886e-01,5.0908786931e+00,-1.2612227249e-06,3.5321388647e-04,2.7092476653e-01,-3.1438108840e+00
87032,2025-06-23 06:25:00,0.071944,11.932870,8.437967,-0.001 1 + 0.742 omega + -0.021 theta omega + -2.242 omega^2 + -0.096 theta omega^2 + -4.256 omega^3,-0.001 1 + 0.001 theta + -0.510 omega + -0.042 theta omega + -4.481 omega^2 + -0.001 theta^2 omega + -0.194 theta omega^2 + -8.512 omega^3,-9.6501894622e-04,8.9652781188e-04,-5.1014295894e-01,9.3842624483e-05,-4.2157422332e-02,-4.4810690498e+00,2.3255320431e-06,-8.5109450513e-04,-1.9395664941e-01,-8.5124630839e+00
87033,2025-06-23 06:30:00,0.096171,5.901124,4.173279,0.972 omega + 0.011 theta omega + 0.769 omega^2 + -0.094 theta omega^2 + -3.266 omega^3,-0.002 1 + 0.001 theta + 0.012 omega + -0.016 theta omega + 1.459 omega^2 + 0.001 theta^2 omega + 0.002 theta omega^2 + -7.972 omega^3,-2.1609682767e-03,1.0447184934e-03,1.2112271060e-02,-5.8448059497e-05,-1.5642798225e-02,1.4589441463e+00,0.0000000000e+00,6.8357410437e-04,1.6913117387e-03,-7.9719033979e+00
87034,2025-06-23 06:35:00,0.020413,1.481735,1.047845,-0.001 theta + 1.025 omega + -0.026 theta omega + 0.425 omega^2 + 0.001 theta^2 omega + -0.268 theta omega^2 + 3.593 omega^3,0.001 1 + -0.001 theta + 0.048 omega + -0.050 theta omega + 0.843 omega^2 + 0.001 theta^2 omega + -0.528 theta omega^2 + 7.560 omega^3,5.0128258912e-04,-1.4720015582e-03,4.7895987230e-02,6.3064896183e-05,-5.0101987854e-02,8.4346955609e-01,8.9041613731e-07,1.4667321738e-03,-5.2812442234e-01,7.5599960427e+00
87035,2025-06-23 06:40:00,0.021733,1.305499,0.923255,-0.041 1 + -0.002 theta + 0.135 omega + -0.031 theta omega + -6.053 omega^2 + -0.085 theta omega^2 + -14.205 omega^3,-0.080 1 + -0.005 theta + -1.699 omega + -0.062 theta omega + -11.943 omega^2 + -0.001 theta^2 omega + -0.168 theta omega^2 + -28.061 omega^3,-8.0310032703e-02,-4.9122858241e-03,-1.6991431026e+00,-8.5397470136e-05,-6.2143111780e-02,-1.1942731381e+01,0.0000000000e+00,-7.5845071891e-04,-1.6796353753e-01,-2.8061215109e+01
87036,2025-06-23 06:45:00,nan,nan,nan,0.008 1 + 0.001 theta + 1.058 omega + 0.010 theta omega + 0.207 omega^2 + -0.014 theta omega^2 + 2.332 omega^3,0.017 1 + 0.003 theta + 0.122 omega + 0.021 theta omega + 0.448 omega^2 + 0.001 theta^2 omega + -0.027 theta omega^2 + 4.805 omega^3,1.7088891473e-02,2.6225838693e-03,1.2202088539e-01,-2.2303963304e-05,2.0769252660e-02,4.4839243579e-01,-6.0235985878e-06,7.1586455585e-04,-2.6818484886e-02,4.8047743815e+00
87037,2025-06-23 06:50:00,0.137748,5.293658,3.744448,0.002 1 + -0.001 theta + 0.998 omega + 0.011 theta omega + 0.025 omega^2 + -0.036 theta omega^2 + -1.619 omega^3,0.004 1 + -0.003 theta + -0.002 omega + 0.022 theta omega + 0.043 omega^2 + -0.068 theta omega^2 + -3.238 omega^3,3.5581244378e-03,-2.6854095559e-03,-2.1966246780e-03,2.3172862803e-04,2.1574699160e-02,4.3262273261e-02,-8.3692752754e-06,-2.5576416068e-04,-6.7774209008e-02,-3.2375329346e+00
87038,2025-06-23 06:55:00,0.020976,2.284011,1.615107,0.003 1 + -0.001 theta + 1.137 omega + 0.008 theta omega + 1.116 omega^2 + 0.021 theta omega^2 + 3.514 omega^3,0.005 1 + 0.001 theta + 0.236 omega + 0.027 theta omega + 2.005 omega^2 + 0.001 theta^2 omega + 0.065 theta omega^2 + 6.473 omega^3,4.8620446110e-03,9.1077067533e-04,2.3621324176e-01,2.8398620430e-05,2.7456944887e-02,2.0054960143e+00,0.0000000000e+00,7.2104913351e-04,6.5398587218e-02,6.4731518630e+00
87039,2025-06-23 07:00:00,0.128013,4.146403,2.933346,0.994 omega + -0.008 theta omega + 0.254 omega^2 + 0.003 theta omega^2 + -0.293 omega^3,0.001 1 + -0.026 omega + -0.006 theta omega + 0.786 omega^2 + 0.017 theta omega^2 + -2.797 omega^3,1.2572383291e-03,7.8046519403e-05,-2.5925979479e-02,0.0000000000e+00,-6.0828689362e-03,7.8578189589e-01,0.0000000000e+00,4.5458332710e-05,1.7295711987e-02,-2.7965346009e+00
87040,2025-06-23 07:05:00,nan,nan,nan,0.001 1 + 0.989 omega + 0.009 theta omega + -0.208 omega^2 + -0.001 theta^2 omega + 0.046 theta omega^2 + 0.230 omega^3,0.002 1 + -0.024 omega + 0.020 theta omega + -0.476 omega^2 + -0.002 theta^2 omega + 0.104 theta omega^2 + 0.164 omega^3,1.9268176768e-03,-7.5003507714e-05,-2.4087478242e-02,-3.5430704837e-04,1.9546196930e-02,-4.7553106952e-01,2.7868588763e-06,-2.4495596982e-03,1.0417154814e-01,1.6390450385e-01
87041,2025-06-23 07:10:00,0.021395,1.656483,1.171408,0.002 1 + 0.001 theta + 0.987 omega + -0.142 omega^2 + -0.070 theta omega^2 + 0.769 omega^3,0.004 1 + 0.002 theta + -0.031 omega + -0.001 theta omega + -0.302 omega^2 + 0.001 theta^2 omega + -0.143 theta omega^2 + 1.933 omega^3,4.2466002608e-03,1.6035849101e-03,-3.0863462765e-02,1.0912848670e-04,-8.1273764759e-04,-3.0183996019e-01,-9.3544089118e-06,1.0519944210e-03,-1.4295157010e-01,1.9326078915e+00
87042,2025-06-23 07:15:00,nan,nan,nan,-0.001 theta + 0.993 omega + -0.017 theta omega + 0.101 omega^2 + 0.003 theta^2 omega + -0.016 theta omega^2 + 1.120 omega^3,-0.002 theta + -0.014 omega + 0.001 theta^2 + -0.033 theta omega + 0.196 omega^2 + 0.007 theta^2 omega + -0.029 theta omega^2 + 2.194 omega^3,-9.5839088493e-05,-1.6792779872e-03,-1.3704469349e-02,8.4273434904e-04,-3.3302059452e-02,1.9573163813e-01,-1.0044704694e-04,6.8232902274e-03,-2.9499180272e-02,2.1944421989e+00
87043,2025-06-23 07:20:00,0.017996,1.210654,0.856156,0.002 1 + 1.002 omega + 0.001 theta omega + -0.228 omega^2 + 0.006 theta omega^2 + 0.706 omega^3,0.004 1 + 0.006 omega + 0.002 theta omega + -0.460 omega^2 + 0.013 theta omega^2 + 1.348 omega^3,3.5429633798e-03,-4.9111438436e-04,6.2509941342e-03,2.3766585951e-05,2.4793981060e-03,-4.5975612669e-01,-3.7156112678e-07,-1.4158006658e-04,1.3132402703e-02,1.3482637953e+00
87044,2025-06-23 07:25:00,0.054411,3.727934,2.636328,-0.003 1 + 1.023 omega + -0.003 theta omega + 0.024 omega^2 + -0.003 theta omega^2 + 0.233 omega^3,-0.001 1 + -0.018 omega + 0.274 omega^2 + -0.018 theta omega^2 + -0.057 omega^3,-1.1691731800e-03,2.3005137501e-04,-1.8045116495e-02,-1.1146680150e-05,3.1672444783e-04,2.7352503662e-01,0.0000000000e+00,8.0178275539e-05,-1.7810188195e-02,-5.7073916664e-02
87045,2025-06-23 07:30:00,nan,nan,nan,-0.036 1 + 0.004 theta + 1.313 omega + -0.037 theta omega + -0.282 omega^2 + 0.074 theta omega^2 + -1.769 omega^3,-0.015 1 + 0.002 theta + 0.055 omega + -0.014 theta omega + 0.335 omega^2 + 0.018 theta omega^2 + -0.618 omega^3,-1.5047402434e-02,1.8661127379e-03,5.5243332610e-02,-3.0588442423e-05,-1.3501008636e-02,3.3542952040e-01,0.0000000000e+00,1.4061695309e-04,1.8399002151e-02,-6.1844725351e-01
87046,2025-06-23 07:35:00,0.009914,0.442577,0.313028,0.064 1 + -0.003 theta + 0.037 omega + 0.031 theta omega + 4.788 omega^2 + -0.085 theta omega^2 + -7.693 omega^3,0.125 1 + -0.005 theta + -1.923 omega + 0.060 theta omega + 9.702 omega^2 + -0.169 theta omega^2 + -15.860 omega^3,1.2519053553e-01,-5.4527298857e-03,-1.9230600209e+00,5.6765259867e-05,6.0319937472e-02,9.7024260571e+00,0.0000000000e+00,-3.5211696398e-04,-1.6919760423e-01,-1.5860184926e+01
87047,2025-06-23 07:40:00,0.056467,6.267580,4.432028,-0.001 1 + 0.999 omega + -0.007 theta omega + 0.017 omega^2 + -0.046 theta omega^2 + 0.699 omega^3,-0.001 1 + -0.001 theta + 0.012 omega + -0.011 theta omega + -0.002 omega^2 + -0.031 theta omega^2 + -0.207 omega^3,-8.7253225431e-04,-1.1723873484e-03,1.2445742807e-02,0.0000000000e+00,-1.1487527791e-02,-1.6919858912e-03,0.0000000000e+00,7.3920638362e-06,-3.1032885943e-02,-2.0721456515e-01
87048,2025-06-23 07:45:00,0.015259,0.359388,0.254355,0.032 1 + 0.002 theta + 1.363 omega + 0.018 theta omega + 0.983 omega^2 + 0.030 theta omega^2 + 0.227 omega^3,0.077 1 + 0.005 theta + 0.960 omega + 0.048 theta omega + 3.348 omega^2 + 0.001 theta^2 omega + 0.092 theta omega^2 + 3.100 omega^3,7.7390522901e-02,4.7506102700e-03,9.6019540071e-01,7.3843473031e-05,4.7624900290e-02,3.3478083287e+00,0.0000000000e+00,5.5904313176e-04,9.2142553072e-02,3.1001960514e+00
87049,2025-06-23 07:50:00,nan,nan,nan,-0.001 1 + -0.001 theta + 1.030 omega + -0.003 theta omega + -0.319 omega^2 + -0.033 theta omega^2 + 2.810 omega^3,-0.002 1 + -0.001 theta + 0.079 omega + 0.001 theta^2 + -0.010 theta omega + -0.809 omega^2 + -0.052 theta omega^2 + 6.258 omega^3,-1.8253025789e-03,-1.1325763211e-03,7.8726470971e-02,8.7292581494e-04,-1.0459604576e-02,-8.0883637863e-01,-8.8481127022e-05,-1.0509369233e-04,-5.2237547110e-02,6.2583417076e+00
87050,2025-06-23 07:55:00,nan,nan,nan,-0.002 1 + 0.001 theta + 0.999 omega + -0.019 theta omega + 0.613 omega^2 + 0.061 theta omega^2 + -2.267 omega^3,-0.003 1 + 0.002 theta + -0.018 omega + -0.041 theta omega + 1.463 omega^2 + 0.137 theta omega^2 + -5.467 omega^3,-2.8614351557e-03,1.8398585471e-03,-1.8311118819e-02,1.1050814720e-04,-4.0560336207e-02,1.4632922973e+00,0.0000000000e+00,-4.6199260912e-04,1.3662191785e-01,-5.4668941328e+00
87051,2025-06-23 08:00:00,0.012039,0.857473,0.606385,-0.097 1 + 0.004 theta + 2.144 omega + -0.028 theta omega + -4.530 omega^2 + 0.050 theta omega^2 + 6.162 omega^3,-0.086 1 + 0.001 theta + 1.070 omega + -0.014 theta omega + -4.265 omega^2 + 0.036 theta omega^2 + 5.312 omega^3,-8.5976962885e-02,1.3750671689e-03,1.0703087405e+00,0.0000000000e+00,-1.3795701017e-02,-4.2645776485e+00,0.0000000000e+00,-9.0149932962e-06,3.5671699534e-02,5.3124883580e+00
87052,2025-06-23 08:05:00,0.025216,1.709427,1.208879,-0.001 1 + 0.001 theta + 1.018 omega + 0.002 theta omega + -0.064 omega^2 + 0.006 theta omega^2 + -2.224 omega^3,-0.003 1 + 0.001 theta + 0.038 omega + 0.003 theta omega + -0.096 omega^2 + -0.001 theta^2 omega + 0.004 theta omega^2 + -4.380 omega^3,-2.5535155110e-03,1.2342618532e-03,3.7622947039e-02,-1.4762509175e-04,2.9980786332e-03,-9.5603540226e-02,-9.6493420621e-06,-7.0662615043e-04,4.2447184853e-03,-4.3804690589e+00
87053,2025-06-23 08:10:00,0.026146,1.442907,1.020457,-0.009 1 + 0.715 omega + 0.003 theta omega + -2.631 omega^2 + -0.006 theta omega^2 + -7.089 omega^3,-0.051 1 + 0.001 theta + -1.382 omega + 0.015 theta omega + -12.165 omega^2 + 0.056 theta omega^2 + -34.537 omega^3,-5.0588985960e-02,9.7443329285e-04,-1.3823941275e+00,0.0000000000e+00,1.5383049613e-02,-1.2164707443e+01,0.0000000000e+00,2.1287940012e-05,5.5567170920e-02,-3.4536628892e+01
87054,2025-06-23 08:15:00,nan,nan,nan,0.105 1 + -0.003 theta + 2.962 omega + -0.023 theta omega + 11.711 omega^2 + -0.048 theta omega^2 + 22.557 omega^3,0.220 1 + -0.005 theta + 4.041 omega + -0.045 theta omega + 23.861 omega^2 + -0.093 theta omega^2 + 45.621 omega^3,2.1955486953e-01,-5.1616060768e-03,4.0408523323e+00,-3.6185763464e-05,-4.4858286218e-02,2.3860561646e+01,0.0000000000e+00,-1.9135143920e-04,-9.2844124513e-02,4.5620828599e+01
87055,2025-06-23 08:20:00,0.065366,5.574821,3.942265,0.002 1 + 0.001 theta + 0.979 omega + -0.002 theta omega + -0.005 omega^2 + -0.041 theta omega^2 + 0.823 omega^3,0.004 1 + 0.002 theta + -0.046 omega + -0.004 theta omega + 0.002 omega^2 + -0.079 theta omega^2 + 1.836 omega^3,3.7595528061e-03,1.5767584918e-03,-4.6324402120e-02,-2.0808947914e-04,-3.5860634474e-03,1.5395829935e-03,-4.8595661461e-05,-5.4014370888e-07,-7.8682000509e-02,1.8364103340e+00
87056,2025-06-23 08:25:00,0.051184,2.686362,1.899890,-0.002 theta + 0.996 omega + 0.001 theta^2 + 0.005 theta omega + 0.237 omega^2 + -0.001 theta^2 omega + -0.066 theta omega^2 + 0.357 omega^3,-0.001 1 + -0.003 theta + -0.007 omega + 0.002 theta^2 + 0.009 theta omega + 0.470 omega^2 + -0.002 theta^2 omega + -0.135 theta omega^2 + 0.798 omega^3,-7.4789345592e-04,-3.1473735300e-03,-6.9015113131e-03,1.9495004762e-03,8.8107284875e-03,4.6974461348e-01,-2.6055087931e-04,-1.7428721452e-03,-1.3515997179e-01,7.9761747311e-01
87057,2025-06-23 08:30:00,0.016410,1.471252,1.040397,0.002 1 + -0.001 theta + 1.006 omega + 0.006 theta omega + -0.733 omega^2 + -0.001 theta^2 omega + 0.102 theta omega^2 + -5.143 omega^3,0.002 1 + -0.001 theta + 0.004 omega + 0.008 theta omega + -0.663 omega^2 + -0.001 theta^2 omega + 0.079 theta omega^2 + -3.658 omega^3,1.7848791777e-03,-6.6702837229e-04,3.5040357713e-03,-1.2490936708e-04,8.4362461240e-03,-6.6280464428e-01,0.0000000000e+00,-8.0320975041e-04,7.8503637391e-02,-3.6579615339e+00
87058,2025-06-23 08:35:00,0.037761,3.073926,2.173758,-0.042 1 + -0.001 theta + 0.066 omega + -0.028 theta omega + -5.433 omega^2 + -0.134 theta omega^2 + -7.657 omega^3,-0.083 1 + -0.004 theta + -1.444 omega + -0.047 theta omega + -8.130 omega^2 + -0.138 theta omega^2 + -14.603 omega^3,-8.2722817788e-02,-3.9328788652e-03,-1.4443866430e+00,-4.8703811153e-05,-4.7240888707e-02,-8.1300190659e+00,0.0000000000e+00,-3.3884886531e-04,-1.3801161970e-01,-1.4602817716e+01
87059,2025-06-23 08:40:00,nan,nan,nan,0.008 1 + 0.001 theta + 1.169 omega + 0.008 theta omega + 1.033 omega^2 + 0.009 theta omega^2 + 2.478 omega^3,0.026 1 + 0.534 omega + 0.004 theta omega + 2.771 omega^2 + 0.042 theta omega^2 + 3.025 omega^3,2.5895976458e-02,-3.4932683233e-04,5.3382270836e-01,-1.8947599684e-05,4.3659332913e-03,2.7710386269e+00,0.0000000000e+00,-1.3457733560e-04,4.1806763168e-02,3.0246553148e+00
87060,2025-06-23 08:45:00,0.071591,3.349898,2.369277,-0.001 1 + 0.001 theta + 1.046 omega + -0.016 theta omega + -0.470 omega^2 + 0.001 theta^2 omega + 0.014 theta omega^2 + 2.585 omega^3,-0.002 1 + 0.002 theta + 0.095 omega + -0.032 theta omega + -0.958 omega^2 + 0.001 theta^2 omega + 0.029 theta omega^2 + 5.259 omega^3,-1.9313830019e-03,2.0129647825e-03,9.4869849066e-02,-6.5389931435e-05,-3.2124833100e-02,-9.5823948057e-01,-2.6992878495e-06,1.4859377784e-03,2.9433185844e-02,5.2585398966e+00
87061,2025-06-23 08:50:00,0.175820,4.350088,3.078488,0.002 1 + 1.041 omega + -0.001 theta^2 + 0.011 theta omega + -0.322 omega^2 + 0.001 theta^2 omega + -0.109 theta omega^2 + -0.604 omega^3,0.005 1 + -0.001 theta + 0.083 omega + -0.001 theta^2 + 0.022 theta omega + -0.665 omega^2 + 0.002 theta^2 omega + -0.220 theta omega^2 + -1.127 omega^3,4.6058552853e-03,-7.6057665331e-04,8.3498347234e-02,-1.1486873162e-03,2.1643312609e-02,-6.6479741173e-01,-1.3575099405e-04,1.5025140560e-03,-2.2039263855e-01,-1.1269487715e+00
87062,2025-06-23 08:55:00,0.027607,1.823848,1.289803,0.003 1 + 0.004 theta + 0.763 omega + -0.050 theta omega + 2.945 omega^2 + 0.139 theta omega^2 + -9.304 omega^3,0.022 1 + 0.006 theta + -0.853 omega + -0.079 theta omega + 8.941 omega^2 + 0.001 theta^2 omega + 0.218 theta omega^2 + -26.580 omega^3,2.1788907643e-02,6.2729751058e-03,-8.5271598350e-01,-8.4134339902e-05,-7.9472308101e-02,8.9411315730e+00,0.0000000000e+00,7.1063978888e-04,2.1803813216e-01,-2.6580222166e+01
87063,2025-06-23 09:00:00,0.044043,2.180597,1.542230,0.001 1 + 0.944 omega + 0.012 theta omega + 0.017 omega^2 + -0.001 theta^2 omega + -0.026 theta omega^2 + 2.607 omega^3,0.001 1 + -0.104 omega + 0.024 theta omega + 0.013 omega^2 + -0.001 theta^2 omega + -0.049 theta omega^2 + 5.226 omega^3,1.4493426515e-03,-2.8523575111e-04,-1.0407656314e-01,4.5998110942e-05,2.3694615638e-02,1.3117185274e-02,-3.3232864971e-06,-1.4834572654e-03,-4.8928553225e-02,5.2260169604e+00
87064,2025-06-23 09:05:00,0.026041,2.734185,1.933448,0.999 omega + 0.002 theta omega + -0.320 omega^2 + -0.020 theta omega^2 + -1.846 omega^3,0.006 theta omega + -0.730 omega^2 + 0.001 theta^2 omega + -0.008 theta omega^2 + -5.489 omega^3,-3.5606164353e-04,-2.5749564668e-04,4.0583940041e-04,-4.0256256347e-05,5.6870038757e-03,-7.2998429371e-01,-3.4253128846e-06,6.6168724044e-04,-8.2885871421e-03,-5.4894861671e+00
87065,2025-06-23 09:10:00,nan,nan,nan,-0.002 1 + 0.946 omega + -0.009 theta omega + -0.056 omega^2 + -0.064 theta omega^2 + 1.822 omega^3,-0.005 1 + -0.001 theta + -0.107 omega + -0.019 theta omega + -0.029 omega^2 + -0.110 theta omega^2 + 3.532 omega^3,-4.9715416933e-03,-6.0975311409e-04,-1.0742740101e-01,3.2089709466e-05,-1.9402431359e-02,-2.8734009975e-02,0.0000000000e+00,2.6461254503e-04,-1.0979305795e-01,3.5323727285e+00
87066,2025-06-23 09:15:00,0.060782,9.519657,6.731551,0.035 1 + 0.003 theta + 1.359 omega + 0.022 theta omega + 1.077 omega^2 + 0.040 theta omega^2 + 1.082 omega^3,0.029 1 + 0.002 theta + 0.176 omega + 0.012 theta omega + -0.151 omega^2 + 0.010 theta omega^2 + -1.108 omega^3,2.8972560369e-02,1.5912908894e-03,1.7584889220e-01,1.4400311399e-05,1.1636260872e-02,-1.5140683181e-01,0.0000000000e+00,8.8010970044e-05,1.0402228296e-02,-1.1083040980e+00
87067,2025-06-23 09:20:00,0.019507,1.385112,0.979520,-0.002 1 + 0.911 omega + 0.008 theta omega + -1.389 omega^2 + 0.070 theta omega^2 + -6.891 omega^3,0.007 1 + 0.237 omega + -0.006 theta omega + 2.169 omega^2 + -0.024 theta omega^2 + 6.614 omega^3,7.4922704479e-03,-4.1521565940e-04,2.3658105704e-01,0.0000000000e+00,-5.5967007487e-03,2.1687661703e+00,0.0000000000e+00,1.6645189818e-05,-2.4284333521e-02,6.6143631182e+00
87068,2025-06-23 09:25:00,0.009333,0.732729,0.518160,-0.157 1 + -0.007 theta + -1.168 omega + -0.069 theta omega + -9.764 omega^2 + -0.001 theta^2 omega + -0.159 theta omega^2 + -14.159 omega^3,0.028 1 + 0.002 theta + -0.045 omega + 0.014 theta omega + -3.026 omega^2 + 0.005 theta omega^2 + -10.623 omega^3,2.7597123546e-02,2.2086210839e-03,-4.5468125858e-02,3.4240981970e-05,1.4035897000e-02,-3.0256867064e+00,0.0000000000e+00,1.9395241558e-04,4.5137874805e-03,-1.0623478076e+01
87069,2025-06-23 09:30:00,nan,nan,nan,0.011 1 + -0.001 theta + 1.362 omega + 0.005 theta omega + 2.896 omega^2 + 0.055 theta omega^2 + 6.295 omega^3,0.023 1 + 0.765 omega + 0.009 theta omega + 7.066 omega^2 + 0.081 theta omega^2 + 19.233 omega^3,2.2649291123e-02,-1.2970338282e-04,7.6493506918e-01,-2.5935446463e-05,9.0495218864e-03,7.0659734149e+00,0.0000000000e+00,-2.1846899410e-04,8.1323680005e-02,1.9233389850e+01
87070,2025-06-23 09:35:00,0.078230,5.859483,4.143650,-0.011 1 + -0.006 theta + 0.927 omega + -0.001 theta^2 + -0.034 theta omega + -0.176 omega^2 + -0.002 theta^2 omega + -0.038 theta omega^2 + -2.724 omega^3,-0.022 1 + -0.012 theta + -0.145 omega + -0.002 theta^2 + -0.068 theta omega + -0.323 omega^2 + -0.005 theta^2 omega + -0.071 theta omega^2 + -5.439 omega^3,-2.2007157632e-02,-1.1861993306e-02,-1.4460860619e-01,-1.6816892691e-03,-6.7742895581e-02,-3.2274100778e-01,-7.0693536622e-05,-4.6302035445e-03,-7.0730772175e-02,-5.4394982722e+00
87071,2025-06-23 09:40:00,0.035997,1.287253,0.910581,1.005 omega + 0.002 theta omega + -0.045 omega^2 + -0.047 omega^3,0.014 omega + 0.006 theta omega + -0.112 omega^2 + -0.001 theta omega^2 + 0.165 omega^3,-4.6916480778e-05,-2.2422700762e-04,1.3971289210e-02,-8.2335837017e-05,6.2731337381e-03,-1.1182953677e-01,-5.1688495239e-06,3.3183691204e-04,-1.2650808096e-03,1.6509616348e-01
87072,2025-06-23 09:45:00,nan,nan,nan,-0.001 1 + -0.002 theta + 1.003 omega + 0.001 theta^2 + -0.014 theta omega + 0.324 omega^2 + 0.003 theta^2 omega + -0.083 theta omega^2 + 1.250 omega^3,-0.002 1 + -0.004 theta + 0.006 omega + 0.002 theta^2 + -0.028 theta omega + 0.652 omega^2 + 0.005 theta^2 omega + -0.165 theta omega^2 + 2.473 omega^3,-1.8165225284e-03,-4.0534599094e-03,6.3078910273e-03,2.0044732930e-03,-2.8103096641e-02,6.5152352689e-01,-2.1940126407e-04,5.0639761934e-03,-1.6492709501e-01,2.4727566178e+00
87073,2025-06-23 09:50:00,0.113504,1.855162,1.314251,0.002 1 + -0.001 theta + 1.013 omega + -0.143 omega^2 + 0.027 theta omega^2 + -0.901 omega^3,0.004 1 + -0.001 theta + 0.028 omega + -0.271 omega^2 + 0.055 theta omega^2 + -1.774 omega^3,3.7582753127e-03,-1.3444345346e-03,2.7520839903e-02,2.1164165370e-05,-1.6094196951e-04,-2.7092875929e-01,5.0146779836e-06,-1.3779608283e-04,5.4920592949e-02,-1.7742985717e+00
87074,2025-06-23 09:55:00,nan,nan,nan,0.046 1 + 0.002 theta + 1.844 omega + 0.031 theta omega + 4.617 omega^2 + 0.094 theta omega^2 + 8.243 omega^3,0.079 1 + 0.004 theta + 1.536 omega + 0.054 theta omega + 9.492 omega^2 + 0.001 theta^2 omega + 0.148 theta omega^2 + 19.936 omega^3,7.8883215809e-02,3.8906096939e-03,1.5364635757e+00,5.4488780707e-05,5.3510813173e-02,9.4915491685e+00,0.0000000000e+00,5.3657134200e-04,1.4827400049e-01,1.9935518143e+01
87075,2025-06-23 10:00:00,nan,nan,nan,1.016 omega + 0.005 theta omega + 0.195 omega^2 + -0.026 theta omega^2 + 2.635 omega^3,-0.001 1 + -0.001 theta + 0.032 omega + 0.009 theta omega + 0.368 omega^2 + 0.001 theta^2 omega + -0.057 theta omega^2 + 5.246 omega^3,-8.0597564834e-04,-6.7367885445e-04,3.1993576155e-02,-1.7227498953e-04,8.8661858699e-03,3.6780357424e-01,-1.2720483629e-05,9.3235031839e-04,-5.7384186972e-02,5.2460385956e+00
87076,2025-06-23 10:05:00,0.022360,1.026980,0.726357,-0.007 1 + 0.003 theta + 1.093 omega + -0.037 theta omega + -0.225 omega^2 + 0.002 theta^2 omega + 0.094 theta omega^2 + -0.724 omega^3,-0.013 1 + 0.006 theta + 0.180 omega + -0.001 theta^2 + -0.072 theta omega + -0.393 omega^2 + 0.003 theta^2 omega + 0.185 theta omega^2 + -1.537 omega^3,-1.2998467709e-02,6.2061849756e-03,1.8022326888e-01,-5.6771924312e-04,-7.2068464624e-02,-3.9307512333e-01,1.4058292668e-05,3.4623639455e-03,1.8473498952e-01,-1.5366193913e+00
87077,2025-06-23 10:10:00,0.050091,3.428055,2.424260,1.001 omega + -0.001 theta omega + 0.053 omega^2 + 0.018 theta omega^2 + 0.107 omega^3,-0.001 theta + 0.004 omega + -0.002 theta omega + 0.097 omega^2 + -0.001 theta^2 omega + 0.041 theta omega^2 + -0.056 omega^3,-2.7225960416e-04,-6.0945109698e-04,3.8926012352e-03,-1.7233791713e-04,-2.0513796336e-03,9.6773161421e-02,-1.1199594668e-05,-8.8793051252e-04,4.0557003198e-02,-5.6110509008e-02
87078,2025-06-23 10:15:00,0.050957,3.169864,2.241722,-0.001 1 + -0.001 theta + 1.003 omega + -0.009 theta omega + 0.278 omega^2 + -0.001 theta^2 omega + 0.071 theta omega^2 + -1.269 omega^3,-0.001 1 + -0.001 theta + 0.006 omega + 0.001 theta^2 + -0.017 theta omega + 0.499 omega^2 + -0.003 theta^2 omega + 0.134 theta omega^2 + -2.041 omega^3,-1.3981408392e-03,-1.2293060998e-03,6.3331475819e-03,5.1222849976e-04,-1.6986278418e-02,4.9874521683e-01,-5.2302564714e-06,-2.8137932901e-03,1.3386595508e-01,-2.0412528814e+00
87079,2025-06-23 10:20:00,0.021695,2.612792,1.847586,-0.003 1 + 0.002 theta + 0.874 omega + -0.017 theta omega + 2.442 omega^2 + 0.042 theta omega^2 + -9.785 omega^3,0.012 1 + -0.359 omega + 0.008 theta omega + 3.326 omega^2 + -0.037 theta omega^2 + -9.716 omega^3,1.1741328289e-02,-3.2266010393e-04,-3.5946672417e-01,4.2765263563e-06,8.1659791746e-03,3.3259686007e+00,0.0000000000e+00,-8.3841595713e-05,-3.7332651641e-02,-9.7156946503e+00
87080,2025-06-23 10:25:00,0.025071,1.291953,0.913721,-0.002 1 + 0.001 theta + 0.996 omega + -0.001 theta omega + 0.192 omega^2 + -0.047 theta omega^2 + 1.044 omega^3,-0.003 1 + 0.001 theta + -0.010 omega + -0.002 theta omega + 0.376 omega^2 + -0.093 theta omega^2 + 2.253 omega^3,-3.0857931790e-03,1.0956264477e-03,-1.0088889033e-02,-1.8562448487e-05,-1.9202191719e-03,3.7614300207e-01,-2.5696433281e-05,-5.1298334711e-05,-9.2835991482e-02,2.2534181706e+00
87081,2025-06-23 10:35:00,nan,nan,nan,-0.001 1 + 1.014 omega + -0.008 theta omega + 0.609 omega^2 + 0.001 theta^2 omega + -0.175 theta omega^2 + 0.881 omega^3,-0.001 1 + -0.001 theta + 0.027 omega + -0.017 theta omega + 1.207 omega^2 + 0.002 theta^2 omega + -0.347 theta omega^2 + 2.364 omega^3,-1.4333691809e-03,-6.7402924499e-04,2.7257933443e-02,4.0622733928e-04,-1.6881681899e-02,1.2072069532e+00,-4.2854563422e-05,1.9384024506e-03,-3.4721246690e-01,2.3639853522e+00
87082,2025-06-23 10:40:00,0.132072,12.086196,8.546741,0.001 1 + -0.003 theta + 1.011 omega + -0.009 theta omega + -0.869 omega^2 + -0.001 theta^2 omega + 0.049 theta omega^2 + -5.344 omega^3,0.003 1 + -0.006 theta + 0.024 omega + -0.020 theta omega + -1.689 omega^2 + -0.002 theta^2 omega + 0.095 theta omega^2 + -10.459 omega^3,2.6649878647e-03,-5.6835677651e-03,2.3978910272e-02,-2.5542806151e-04,-1.9614225551e-02,-1.6892984324e+00,0.0000000000e+00,-1.5830435505e-03,9.4650371673e-02,-1.0459372037e+01
87083,2025-06-23 10:45:00,0.006276,0.181366,0.128322,0.022 1 + 0.002 theta + 1.400 omega + 0.019 theta omega + 2.400 omega^2 + 0.053 theta omega^2 + 4.770 omega^3,0.040 1 + 0.003 theta + 0.716 omega + 0.032 theta omega + 4.265 omega^2 + 0.091 theta omega^2 + 8.527 omega^3,3.9581672548e-02,2.5565640060e-03,7.1649903256e-01,4.2406324643e-05,3.1626226047e-02,4.2651183581e+00,0.0000000000e+00,3.1781648375e-04,9.0755151208e-02,8.5268042010e+00
87084,2025-06-23 10:50:00,nan,nan,nan,0.001 1 + -0.005 theta + 1.028 omega + 0.001 theta^2 + 0.291 omega^2 + -0.041 theta omega^2 + 1.605 omega^3,0.002 1 + 0.061 omega + -0.031 theta omega + -0.868 omega^2 + 0.002 theta^2 omega + 0.044 theta omega^2 + 6.692 omega^3,2.0548435166e-03,1.4229932075e-04,6.1453818966e-02,-1.8873889373e-05,-3.1227966523e-02,-8.6770907440e-01,0.0000000000e+00,1.8102372736e-03,4.3771386582e-02,6.6920075720e+00
87085,2025-06-23 10:55:00,0.011220,0.698633,0.494072,1.007 omega + -0.001 theta omega + 0.068 omega^2 + -0.001 theta^2 omega + 0.030 theta omega^2 + -0.175 omega^3,-0.001 theta + 0.011 omega + -0.001 theta omega + 0.117 omega^2 + -0.001 theta^2 omega + 0.062 theta omega^2 + -0.127 omega^3,-1.7973955353e-04,-5.5204479425e-04,1.1272042219e-02,-7.8400327248e-05,-1.2123800718e-03,1.1707090029e-01,1.0192696856e-06,-1.1180685350e-03,6.2072652725e-02,-1.2737191216e-01
87086,2025-06-23 11:00:00,0.023873,2.487962,1.759335,1.030 omega + 0.001 theta omega + -0.143 omega^2 + 0.034 theta omega^2 + -1.390 omega^3,-0.001 1 + -0.001 theta + 0.156 omega + 0.019 theta omega + -2.029 omega^2 + -0.068 theta omega^2 + 6.802 omega^3,-1.1620142185e-03,-1.1773733895e-03,1.5583679070e-01,-8.1400112910e-06,1.8792642971e-02,-2.0289945578e+00,0.0000000000e+00,5.1330506340e-05,-6.8139883558e-02,6.8016148552e+00
87087,2025-06-23 11:05:00,nan,nan,nan,-0.421 1 + 0.013 theta + 6.404 omega + -0.114 theta omega + -22.813 omega^2 + 0.001 theta^2 omega + 0.253 theta omega^2 + 31.613 omega^3,-0.566 1 + 0.014 theta + 7.976 omega + -0.147 theta omega + -36.593 omega^2 + 0.366 theta omega^2 + 54.799 omega^3,-5.6586654961e-01,1.4259880749e-02,7.9755490775e+00,-7.7760851210e-05,-1.4748006025e-01,-3.6592619246e+01,0.0000000000e+00,4.8892873408e-04,3.6602973428e-01,5.4799113394e+01
87088,2025-06-23 11:10:00,0.008569,0.265019,0.187494,-0.011 1 + 0.002 theta + 1.107 omega + -0.012 theta omega + -0.423 omega^2 + 0.013 theta omega^2 + 0.962 omega^3,-0.025 1 + 0.004 theta + 0.239 omega + -0.026 theta omega + -0.934 omega^2 + 0.001 theta^2 omega + 0.029 theta omega^2 + 2.045 omega^3,-2.4920993089e-02,4.1790512290e-03,2.3892031982e-01,-1.6808125006e-04,-2.5678072854e-02,-9.3383531693e-01,1.8449822665e-06,5.8207802346e-04,2.9210047445e-02,2.0454932490e+00
87089,2025-06-23 11:15:00,0.027759,1.036697,0.733318,0.001 1 + -0.002 theta + 1.027 omega + -0.002 theta omega + -0.301 omega^2 + -0.043 theta omega^2 + 2.757 omega^3,0.002 1 + -0.004 theta + 0.056 omega + 0.001 theta^2 + -0.004 theta omega + -0.587 omega^2 + -0.084 theta omega^2 + 5.372 omega^3,2.2348991376e-03,-3.6054727120e-03,5.5519327232e-02,8.5799779025e-04,-3.7738854817e-03,-5.8715260660e-01,-3.8923553318e-05,-2.3831752481e-04,-8.3876553333e-02,5.3720819500e+00
87090,2025-06-23 11:20:00,0.081164,5.262338,3.721478,0.001 1 + 0.001 theta + 0.984 omega + -0.003 theta omega + -0.137 omega^2 + -0.018 theta omega^2 + 1.349 omega^3,0.001 1 + 0.001 theta + -0.033 omega + -0.005 theta omega + -0.287 omega^2 + -0.036 theta omega^2 + 2.821 omega^3,1.1622703308e-03,1.0992932998e-03,-3.2593750551e-02,1.8168622383e-04,-5.4203618590e-03,-2.8697291209e-01,-5.7981811066e-06,-3.3232429709e-04,-3.5902697296e-02,2.8210780351e+00
87091,2025-06-23 11:25:00,0.045052,3.634944,2.570491,-0.104 1 + 0.002 theta + 2.248 omega + -0.030 theta omega + -3.337 omega^2 + 0.117 theta omega^2 + -2.506 omega^3,-0.213 1 + 0.004 theta + 2.550 omega + -0.061 theta omega + -6.856 omega^2 + 0.238 theta omega^2 + -4.823 omega^3,-2.1273247343e-01,3.6871474697e-03,2.5501884673e+00,6.7464439219e-05,-6.0925320718e-02,-6.8560776336e+00,0.0000000000e+00,-4.3414054925e-04,2.3813265528e-01,-4.8225615459e+00
87092,2025-06-23 11:30:00,nan,nan,nan,-0.003 1 + 1.035 omega + -0.004 theta omega + 0.020 omega^2 + 0.032 theta omega^2 + -1.425 omega^3,0.003 1 + -0.001 theta + 0.015 omega + 0.007 theta omega + -0.652 omega^2 + 0.016 theta omega^2 + 2.909 omega^3,3.0579967037e-03,-1.4805534840e-03,1.5488147788e-02,1.0354261547e-04,7.2632897057e-03,-6.5190572920e-01,-1.5789227989e-06,-4.3018129940e-04,1.6458018726e-02,2.9090826489e+00
87093,2025-06-23 11:35:00,0.061416,8.431271,5.961967,0.862 omega + -0.016 theta omega + 2.776 omega^2 + 0.061 theta omega^2 + -11.149 omega^3,-0.180 omega + -0.021 theta omega + 3.876 omega^2 + -0.001 theta^2 omega + 0.144 theta omega^2 + -17.323 omega^3,-1.9559894164e-04,-1.9490686529e-04,-1.7983821340e-01,8.9524688884e-05,-2.1330912819e-02,3.8759648525e+00,0.0000000000e+00,-5.5396030501e-04,1.4368251678e-01,-1.7323041677e+01
87094,2025-06-23 11:40:00,0.038772,4.244350,3.001334,0.090 1 + -1.051 omega + 0.014 theta omega + 14.892 omega^2 + -0.074 theta omega^2 + -34.972 omega^3,0.193 1 + -0.007 theta + -3.954 omega + 0.099 theta omega + 26.387 omega^2 + -0.345 theta omega^2 + -57.640 omega^3,1.9330211187e-01,-6.9218028417e-03,-3.9537575611e+00,5.5898713203e-05,9.9486734907e-02,2.6386835866e+01,0.0000000000e+00,-4.7483265682e-04,-3.4451083190e-01,-5.7639564618e+01
87095,2025-06-23 11:45:00,nan,nan,nan,0.008 1 + 0.775 omega + 0.021 theta omega + 0.841 omega^2 + -0.086 theta omega^2 + 1.352 omega^3,0.010 1 + -0.002 theta + -0.126 omega + 0.039 theta omega + -1.053 omega^2 + -0.152 theta omega^2 + 9.115 omega^3,9.5767857006e-03,-1.7355159595e-03,-1.2563760846e-01,5.3598374789e-06,3.8535554744e-02,-1.0527164339e+00,0.0000000000e+00,-1.8901689672e-04,-1.5218988514e-01,9.1147499158e+00
87096,2025-06-23 11:50:00,nan,nan,nan,-0.061 1 + 0.010 theta + 1.923 omega + -0.090 theta omega + -4.937 omega^2 + 0.002 theta^2 omega + 0.196 theta omega^2 + 9.944 omega^3,-0.050 1 + 0.008 theta + 0.897 omega + -0.084 theta omega + -5.838 omega^2 + 0.002 theta^2 omega + 0.212 theta omega^2 + 13.798 omega^3,-5.0028332003e-02,7.6317709273e-03,8.9700224539e-01,-2.5617018730e-04,-8.3560801924e-02,-5.8378574687e+00,0.0000000000e+00,1.8566525001e-03,2.1158629700e-01,1.3798109944e+01
87097,2025-06-23 11:55:00,nan,nan,nan,0.055 1 + 0.001 theta + 1.794 omega + 0.045 theta omega + 2.378 omega^2 + 0.001 theta^2 omega + 0.072 theta omega^2 + 2.656 omega^3,0.004 1 + 0.001 theta + -0.056 omega + 0.013 theta omega + -1.275 omega^2 + -0.013 theta omega^2 + -2.409 omega^3,4.3534955138e-03,1.2816483019e-03,-5.5909200623e-02,3.9525245614e-05,1.3340902140e-02,-1.2745329090e+00,0.0000000000e+00,4.4308323749e-04,-1.3074047221e-02,-2.4086462312e+00
87098,2025-06-23 12:00:00,0.024553,1.561229,1.104092,1.028 omega + 0.007 theta omega + -0.690 omega^2 + -0.062 theta omega^2 + 4.199 omega^3,0.001 1 + -0.023 omega + 0.001 theta omega + -0.044 omega^2 + -0.018 theta omega^2 + 1.545 omega^3,1.4040017430e-03,3.5000418095e-05,-2.2847113872e-02,0.0000000000e+00,1.1767505905e-03,-4.4094486761e-02,0.0000000000e+00,4.2617665684e-05,-1.8391637452e-02,1.5452211516e+00
87099,2025-06-23 12:05:00,0.007670,0.446011,0.315424,1.585 1 + -0.045 theta + -13.885 omega + 0.283 theta omega + 46.478 omega^2 + -0.001 theta^2 omega + -0.443 theta omega^2 + -48.231 omega^3,0.057 1 + -0.001 theta + -0.834 omega + 0.008 theta omega + 3.616 omega^2 + -0.020 theta omega^2 + -4.899 omega^3,5.6869442434e-02,-5.3133361451e-04,-8.3395698972e-01,-1.5061164185e-06,7.6521733936e-03,3.6161907232e+00,0.0000000000e+00,-4.1131906230e-06,-2.0129840873e-02,-4.8993827002e+00
87100,2025-06-23 12:10:00,0.029538,2.030002,1.435580,0.001 theta + 1.023 omega + 0.004 theta omega + -0.152 omega^2 + -0.001 theta^2 omega + 0.029 theta omega^2 + -3.302 omega^3,0.001 1 + 0.001 theta + 0.045 omega + 0.008 theta omega + -0.325 omega^2 + -0.003 theta^2 omega + 0.058 theta omega^2 + -6.504 omega^3,6.3276333087e-04,1.0200626674e-03,4.4533460310e-02,-2.2688270769e-04,7.9299447792e-03,-3.2486751050e-01,-2.4073982727e-07,-2.6582190978e-03,5.8085108570e-02,-6.5041806282e+00
87101,2025-06-23 12:15:00,0.059508,5.324089,3.764935,0.005 1 + 0.001 theta + 0.986 omega + -0.002 theta omega + -0.326 omega^2 + -0.081 theta omega^2 + 0.367 omega^3,0.010 1 + 0.002 theta + -0.026 omega + -0.004 theta omega + -0.637 omega^2 + -0.162 theta omega^2 + 0.687 omega^3,1.0339984409e-02,1.7912395084e-03,-2.6453835813e-02,-3.6373481380e-04,-3.7794449487e-03,-6.3718664784e-01,-4.9524020939e-05,-1.3177086904e-04,-1.6185460919e-01,6.8707835099e-01
87102,2025-06-23 12:20:00,nan,nan,nan,-0.004 1 + -0.001 theta + 1.148 omega + 0.012 theta omega + -0.958 omega^2 + 0.002 theta omega^2 + 0.692 omega^3,-0.012 1 + -0.003 theta + 0.474 omega + 0.038 theta omega + -4.664 omega^2 + -0.142 theta omega^2 + 14.037 omega^3,-1.2251108259e-02,-2.5490843682e-03,4.7403384637e-01,-4.9210757930e-05,3.8314431253e-02,-4.6637800062e+00,0.0000000000e+00,2.9188482975e-04,-1.4218044279e-01,1.4036957248e+01
87103,2025-06-23 12:25:00,0.036403,1.281611,0.906601,-0.021 1 + 0.001 theta + 0.993 omega + 0.006 theta omega + 0.655 omega^2 + -0.037 theta omega^2 + -1.120 omega^3,-0.003 1 + 0.001 theta + -0.034 omega + 0.004 theta omega + 0.158 omega^2 + -0.017 theta omega^2 + 0.065 omega^3,-3.2544560421e-03,6.3180963853e-04,-3.4072134301e-02,-2.4282079170e-05,3.6341469625e-03,1.5794632507e-01,0.0000000000e+00,-9.4497731073e-05,-1.7176977023e-02,6.4720256047e-02
87104,2025-06-23 12:30:00,0.030029,1.640657,1.160314,0.107 1 + 0.005 theta + 1.979 omega + 0.045 theta omega + 1.665 omega^2 + 0.087 theta omega^2 + -2.332 omega^3,0.008 1 + 0.001 theta + 0.038 omega + 0.008 theta omega + -0.376 omega^2 + 0.024 theta omega^2 + -1.977 omega^3,7.5993524984e-03,6.0269834667e-04,3.7901812869e-02,0.0000000000e+00,7.5492092031e-03,-3.7568659868e-01,0.0000000000e+00,-6.2958242493e-06,2.4435791443e-02,-1.9769757665e+00
87105,2025-06-23 12:35:00,nan,nan,nan,-0.017 1 + -0.004 theta + 0.596 omega + -0.056 theta omega + -2.556 omega^2 + -0.002 theta^2 omega + -0.207 theta omega^2 + -0.498 omega^3,-0.030 1 + -0.007 theta + -0.738 omega + -0.001 theta^2 + -0.103 theta omega + -4.668 omega^2 + -0.004 theta^2 omega + -0.386 theta omega^2 + -0.172 omega^3,-2.9848566244e-02,-7.2918429384e-03,-7.3831093399e-01,-6.3551623207e-04,-1.0268959177e-01,-4.6675252384e+00,-1.9294213925e-05,-3.6424229994e-03,-3.8624073090e-01,-1.7173736606e-01
87106,2025-06-23 12:40:00,nan,nan,nan,0.003 1 + 0.001 theta + 1.060 omega + 0.005 theta omega + 0.286 omega^2 + 0.010 theta omega^2 + 0.233 omega^3,0.006 1 + 0.002 theta + 0.123 omega + 0.011 theta omega + 0.573 omega^2 + 0.019 theta omega^2 + 0.556 omega^3,6.1084683349e-03,1.8894660591e-03,1.2280735710e-01,8.0163895781e-05,1.1148255854e-02,5.7333017693e-01,7.1389442806e-07,2.1940691975e-04,1.8805745503e-02,5.5645200957e-01
87107,2025-06-23 12:45:00,0.008245,0.234273,0.165759,0.002 1 + 0.912 omega + -0.010 theta omega + 1.149 omega^2 + 0.016 theta omega^2 + -2.331 omega^3,-0.006 1 + -0.002 theta + 0.168 omega + 0.014 theta omega + -0.972 omega^2 + -0.037 theta omega^2 + 2.136 omega^3,-6.1588197106e-03,-1.5931972265e-03,1.6845889907e-01,6.0216666842e-06,1.3524022752e-02,-9.7194950621e-01,0.0000000000e+00,0.0000000000e+00,-3.7056523864e-02,2.1362987043e+00
87108,2025-06-23 12:50:00,0.035090,1.022246,0.723263,-0.008 1 + -0.001 theta + 0.981 omega + 0.006 theta omega + 0.492 omega^2 + -0.025 theta omega^2 + -0.915 omega^3,0.019 1 + -0.001 theta + -0.130 omega + 0.004 theta omega + -0.181 omega^2 + -0.004 theta omega^2 + 1.758 omega^3,1.8791846450e-02,-5.4012117871e-04,-1.3011069420e-01,-7.9197143756e-06,3.5747698515e-03,-1.8133864813e-01,0.0000000000e+00,4.5651832920e-05,-4.0160179117e-03,1.7580210187e+00
87109,2025-06-23 12:55:00,0.098687,15.106966,10.682466,-0.041 1 + -0.003 theta + 0.476 omega + -0.031 theta omega + -1.822 omega^2 + -0.071 theta omega^2 + -1.075 omega^3,-0.006 1 + -0.235 omega + -0.011 theta omega + -1.266 omega^2 + -0.047 theta omega^2 + -1.013 omega^3,-6.1517674124e-03,-2.6817997120e-04,-2.3482031458e-01,0.0000000000e+00,-1.0819862855e-02,-1.2664251912e+00,0.0000000000e+00,-3.2355343518e-05,-4.7257846696e-02,-1.0129532924e+00
87110,2025-06-23 13:00:00,0.025986,1.204730,0.852071,0.029 1 + 0.002 theta + 1.283 omega + 0.015 theta omega + 0.768 omega^2 + 0.019 theta omega^2 + 0.714 omega^3,0.043 1 + 0.003 theta + 0.434 omega + 0.024 theta omega + 1.314 omega^2 + 0.033 theta omega^2 + 1.408 omega^3,4.3288187866e-02,3.3501033123e-03,4.3352345967e-01,6.1184139137e-05,2.3610559703e-02,1.3136111996e+00,0.0000000000e+00,2.9665973229e-04,3.2841630685e-02,1.4084648033e+00
87111,2025-06-23 13:05:00,0.008848,0.314527,0.222492,-0.025 1 + -0.002 theta + 1.474 omega + 0.013 theta omega + -2.607 omega^2 + -0.017 theta omega^2 + 4.085 omega^3,-0.018 1 + 0.366 omega + 0.001 theta omega + -2.213 omega^2 + -0.002 theta omega^2 + 4.197 omega^3,-1.7840145142e-02,-4.9513304347e-05,3.6626656471e-01,0.0000000000e+00,7.0149494360e-04,-2.2127316541e+00,0.0000000000e+00,-6.4252728183e-06,-1.5617738413e-03,4.1967485141e+00
87112,2025-06-23 13:10:00,0.018721,0.936833,0.662573,0.990 omega + -0.031 omega^2 + -0.036 theta omega^2 + 0.802 omega^3,0.003 1 + -0.001 theta + 0.030 omega + -0.006 theta omega + -0.161 omega^2 + -0.022 theta omega^2 + -0.705 omega^3,3.0918734667e-03,-6.0513979917e-04,2.9679344223e-02,-4.4708905411e-05,-6.0406959236e-03,-1.6076819931e-01,0.0000000000e+00,-2.6871034973e-04,-2.2256917835e-02,-7.0534328385e-01
87113,2025-06-23 13:15:00,nan,nan,nan,0.045 1 + 0.005 theta + 1.589 omega + 0.042 theta omega + 2.422 omega^2 + 0.001 theta^2 omega + 0.091 theta omega^2 + 3.013 omega^3,0.094 1 + 0.009 theta + 1.215 omega + 0.087 theta omega + 4.963 omega^2 + 0.001 theta^2 omega + 0.185 theta omega^2 + 6.136 omega^3,9.3746298696e-02,9.3846757079e-03,1.2148750714e+00,2.7261169316e-04,8.6600127697e-02,4.9627918663e+00,1.8570792535e-06,1.4515768430e-03,1.8513073327e-01,6.1355976867e+00
87114,2025-06-23 13:20:00,0.039087,3.246682,2.295918,0.995 omega + 0.009 theta omega + 0.053 omega^2 + 0.002 theta^2 omega + -0.197 theta omega^2 + 3.698 omega^3,0.001 1 + -0.009 omega + 0.018 theta omega + 0.102 omega^2 + 0.004 theta^2 omega + -0.406 theta omega^2 + 7.705 omega^3,7.0452073336e-04,-2.9668327841e-04,-9.4017103792e-03,-8.4785124939e-05,1.7628682938e-02,1.0245688995e-01,-8.8911074783e-06,3.5559254711e-03,-4.0558653699e-01,7.7048978376e+00
87115,2025-06-23 13:25:00,nan,nan,nan,0.993 omega + -0.066 omega^2 + 0.024 theta omega^2 + 0.653 omega^3,-0.012 omega + -0.001 theta omega + -0.139 omega^2 + 0.045 theta omega^2 + 1.379 omega^3,1.2369437012e-04,-2.1152821768e-04,-1.2135212724e-02,1.1612645505e-04,-1.0525880485e-03,-1.3879025990e-01,-2.4471158023e-05,3.0327999469e-04,4.4745660781e-02,1.3789144837e+00
87116,2025-06-23 13:30:00,0.067447,6.861263,4.851880,0.992 omega + -0.013 theta omega + 0.746 omega^2 + -0.005 theta omega^2 + -1.919 omega^3,0.001 1 + -0.012 omega + -0.026 theta omega + 1.469 omega^2 + 0.001 theta^2 omega + -0.009 theta omega^2 + -3.724 omega^3,5.7774226099e-04,-4.1541675132e-04,-1.2432016440e-02,1.8147476744e-04,-2.6335393619e-02,1.4692897654e+00,-7.3556666981e-06,9.4421413772e-04,-8.8460364154e-03,-3.7242270899e+00
87117,2025-06-23 13:35:00,0.046531,1.265893,0.895726,-0.002 1 + 0.977 omega + 0.002 theta^2 + -0.037 theta omega + -0.689 omega^2 + -0.007 theta^2 omega + -0.084 theta omega^2 + -8.676 omega^3,-0.003 1 + -0.043 omega + 0.003 theta^2 + -0.074 theta omega + -1.366 omega^2 + 0.001 theta^3 + -0.015 theta^2 omega + -0.167 theta omega^2 + -17.388 omega^3,-3.2070515422e-03,2.2160379836e-04,-4.2825817197e-02,3.2757958343e-03,-7.4056547536e-02,-1.3661213815e+00,7.8255057282e-04,-1.4857659743e-02,-1.6742400441e-01,-1.7387946309e+01
87118,2025-06-23 13:40:00,0.093938,10.332384,7.306401,-0.001 1 + -0.001 theta + 1.019 omega + 0.003 theta omega + 0.655 omega^2 + -0.004 theta^2 omega + 0.214 theta omega^2 + -10.113 omega^3,-0.003 1 + -0.002 theta + 0.038 omega + 0.001 theta^2 + 0.007 theta omega + 1.302 omega^2 + -0.008 theta^2 omega + 0.419 theta omega^2 + -19.866 omega^3,-2.5975821019e-03,-1.8838987516e-03,3.7692303035e-02,8.6082904917e-04,6.5492779782e-03,1.3020137022e+00,-2.5760902783e-05,-7.8464267738e-03,4.1916311663e-01,-1.9866174618e+01
87119,2025-06-23 13:45:00,0.105191,3.928208,2.778659,0.003 1 + -0.002 theta + 0.969 omega + 0.013 theta omega + 0.295 omega^2 + -0.001 theta^2 omega + -0.030 theta omega^2 + -2.650 omega^3,0.005 1 + -0.003 theta + -0.056 omega + 0.001 theta^2 + 0.023 theta omega + 0.557 omega^2 + -0.001 theta^2 omega + -0.057 theta omega^2 + -5.068 omega^3,4.8398806166e-03,-3.4495053820e-03,-5.6296759544e-02,6.9812467102e-04,2.3139218870e-02,5.5677619818e-01,-3.8367766336e-05,-1.4138850947e-03,-5.7474134447e-02,-5.0682733160e+00
87120,2025-06-23 13:50:00,nan,nan,nan,0.001 1 + 0.001 theta + 0.987 omega + -0.001 theta^2 + -0.010 theta omega + 0.356 omega^2 + 0.004 theta^2 omega + -0.244 theta omega^2 + 4.867 omega^3,0.001 1 + 0.002 theta + -0.026 omega + -0.001 theta^2 + -0.022 theta omega + 0.701 omega^2 + 0.008 theta^2 omega + -0.497 theta omega^2 + 10.053 omega^3,1.2350761600e-03,2.1167269076e-03,-2.5952643188e-02,-1.2679681953e-03,-2.1743562156e-02,7.0105648511e-01,1.4058998263e-04,7.8390360873e-03,-4.9712421921e-01,1.0053101847e+01
87121,2025-06-23 13:55:00,0.011716,0.505966,0.357868,-0.035 1 + 0.007 theta + 1.366 omega + -0.051 theta omega + -1.061 omega^2 + 0.002 theta^2 omega + 0.062 theta omega^2 + 1.277 omega^3,-0.068 1 + 0.013 theta + 0.693 omega + -0.001 theta^2 + -0.098 theta omega + -2.003 omega^2 + 0.003 theta^2 omega + 0.117 theta omega^2 + 2.572 omega^3,-6.7958728581e-02,1.2500933706e-02,6.9306810032e-01,-6.9081420766e-04,-9.7723953231e-02,-2.0029911573e+00,1.1195922192e-05,3.3119922409e-03,1.1651511550e-01,2.5723078318e+00
87122,2025-06-23 14:00:00,nan,nan,nan,0.007 1 + -0.002 theta + 1.219 omega + -0.004 theta omega + 1.363 omega^2 + 0.011 theta omega^2 + 2.566 omega^3,0.014 1 + -0.004 theta + 0.446 omega + -0.008 theta omega + 2.759 omega^2 + 0.023 theta omega^2 + 5.151 omega^3,1.3967173842e-02,-3.8823927186e-03,4.4611776627e-01,-2.1367505441e-04,-7.9117416274e-03,2.7588879146e+00,-2.6678456195e-06,-4.7913410456e-04,2.3020026390e-02,5.1510357864e+00
87123,2025-06-23 14:05:00,nan,nan,nan,0.008 1 + 0.002 theta + 0.953 omega + -0.001 theta omega + -0.417 omega^2 + 0.001 theta^2 omega + -0.105 theta omega^2 + 2.608 omega^3,0.015 1 + 0.004 theta + -0.097 omega + -0.002 theta omega + -0.831 omega^2 + 0.001 theta^2 omega + -0.210 theta omega^2 + 5.418 omega^3,1.5220445830e-02,3.7578706426e-03,-9.7222226429e-02,-1.3359341098e-04,-2.0426164159e-03,-8.3058138996e-01,-5.3253472805e-05,1.4958618641e-03,-2.0976766110e-01,5.4176745218e+00
87124,2025-06-23 14:10:00,0.012076,0.451670,0.319493,-0.025 1 + 1.477 omega + -0.002 theta omega + -2.600 omega^2 + 0.018 theta omega^2 + 4.163 omega^3,-0.032 1 + 0.002 theta + 0.599 omega + -0.030 theta omega + -3.087 omega^2 + 0.088 theta omega^2 + 4.618 omega^3,-3.2327599336e-02,2.1577439705e-03,5.9872207137e-01,-2.0961455803e-05,-3.0239124264e-02,-3.0870718780e+00,0.0000000000e+00,1.9982306615e-04,8.8444917024e-02,4.6183671676e+00
87125,2025-06-23 14:15:00,nan,nan,nan,-0.007 1 + 0.008 theta + 1.116 omega + -0.003 theta^2 + -0.097 theta omega + -0.827 omega^2 + 0.018 theta^2 omega + 0.180 theta omega^2 + 2.773 omega^3,-0.014 1 + 0.016 theta + 0.226 omega + -0.005 theta^2 + -0.191 theta omega + -1.649 omega^2 + 0.035 theta^2 omega + 0.354 theta omega^2 + 5.666 omega^3,-1.3801532664e-02,1.6146260300e-02,2.2637269800e-01,-5.1408049225e-03,-1.9060475231e-01,-1.6488860056e+00,4.5750080810e-04,3.5379103823e-02,3.5391626812e-01,5.6656193920e+00
87126,2025-06-23 14:20:00,0.068462,1.229982,0.871075,0.002 1 + -0.001 theta + 0.998 omega + -0.001 theta^2 + -0.002 theta omega + -0.296 omega^2 + 0.004 theta^2 omega + 0.063 theta omega^2 + -0.301 omega^3,0.003 1 + -0.002 theta + -0.002 omega + -0.002 theta^2 + -0.003 theta omega + -0.601 omega^2 + 0.007 theta^2 omega + 0.137 theta omega^2 + -0.751 omega^3,3.4299701478e-03,-1.5349561805e-03,-1.8689668210e-03,-2.2820232730e-03,-2.7740222501e-03,-6.0102599429e-01,-1.8629974892e-05,7.0354801865e-03,1.3691982011e-01,-7.5071992618e-01
87127,2025-06-23 14:25:00,0.099816,3.261351,2.307203,-0.001 1 + 1.002 omega + 0.004 theta omega + -0.111 omega^2 + 0.001 theta^2 omega + -0.148 theta omega^2 + 0.116 omega^3,-0.001 1 + 0.001 theta + 0.005 omega + 0.008 theta omega + -0.224 omega^2 + 0.002 theta^2 omega + -0.304 theta omega^2 + 0.114 omega^3,-1.0485223847e-03,8.1119675778e-04,5.3199520049e-03,-2.0770679257e-04,7.6688337909e-03,-2.2419987502e-01,-1.7198188441e-04,2.4038198364e-03,-3.0350486752e-01,1.1360911846e-01
87128,2025-06-23 14:30:00,0.015983,0.492203,0.348223,-0.001 theta + 1.024 omega + 0.015 theta omega + 0.070 omega^2 + -0.001 theta^2 omega + -0.006 theta omega^2 + -2.914 omega^3,-0.001 1 + -0.003 theta + 0.050 omega + 0.030 theta omega + 0.099 omega^2 + -0.002 theta^2 omega + -0.012 theta omega^2 + -5.475 omega^3,-7.1409215595e-04,-2.8902340807e-03,4.9821994573e-02,2.5864586056e-04,3.0476391237e-02,9.9010972580e-02,-5.0110205594e-06,-2.0812868706e-03,-1.1731339298e-02,-5.4749907971e+00
87129,2025-06-23 14:35:00,nan,nan,nan,0.009 1 + 0.005 theta + 1.131 omega + 0.055 theta omega + 0.397 omega^2 + 0.004 theta^2 omega + 0.023 theta omega^2 + 2.608 omega^3,0.018 1 + 0.010 theta + 0.271 omega + 0.001 theta^2 + 0.112 theta omega + 0.858 omega^2 + 0.008 theta^2 omega + 0.049 theta omega^2 + 5.798 omega^3,1.7823991948e-02,9.8414767145e-03,2.7064975603e-01,9.4714796341e-04,1.1239129034e-01,8.5799618822e-01,1.9641531163e-05,7.6640756076e-03,4.9357940556e-02,5.7978767316e+00
87130,2025-06-23 14:40:00,0.017817,1.432538,1.013036,0.002 1 + -0.001 theta + 1.028 omega + 0.015 theta omega + -0.747 omega^2 + -0.019 theta omega^2 + 2.260 omega^3,0.004 1 + -0.002 theta + 0.058 omega + 0.038 theta omega + -1.895 omega^2 + -0.151 theta omega^2 + 9.638 omega^3,3.6147460096e-03,-2.3609752841e-03,5.8418135967e-02,3.2260095605e-05,3.8452218864e-02,-1.8948705663e+00,0.0000000000e+00,-2.8814485476e-04,-1.5093823646e-01,9.6375842656e+00
87131,2025-06-23 14:45:00,0.009528,0.180199,0.127598,0.006 1 + -0.002 theta + 0.947 omega + 0.017 theta omega + 0.237 omega^2 + -0.001 theta^2 omega + -0.029 theta omega^2 + -1.313 omega^3,0.010 1 + -0.004 theta + -0.093 omega + 0.029 theta omega + 0.420 omega^2 + -0.002 theta^2 omega + -0.056 theta omega^2 + -2.307 omega^3,9.9503635232e-03,-3.5011924814e-03,-9.2846062039e-02,3.8693974521e-04,2.8660969604e-02,4.1952722986e-01,-1.4660126674e-05,-1.7590945074e-03,-5.6153757939e-02,-2.3069735361e+00
87132,2025-06-23 14:50:00,0.025530,1.022735,0.723408,0.001 1 + 0.987 omega + -0.003 theta omega + 0.545 omega^2 + -0.025 theta omega^2 + -1.841 omega^3,0.001 1 + -0.001 theta + -0.023 omega + -0.005 theta omega + 1.104 omega^2 + -0.050 theta omega^2 + -3.908 omega^3,1.2446570684e-03,-9.1070970432e-04,-2.3245057461e-02,1.6855025213e-04,-5.4244187162e-03,1.1043288747e+00,-7.9275844331e-06,4.1764076631e-04,-5.0498760960e-02,-3.9078782036e+00
87133,2025-06-23 14:55:00,0.199448,19.171377,13.556945,0.999 omega + 0.003 theta omega + -0.266 omega^2 + -0.022 theta omega^2 + -0.997 omega^3,-0.011 omega + 0.004 theta omega + -0.585 omega^2 + 0.001 theta^2 omega + -0.048 theta omega^2 + -2.136 omega^3,-3.8047465305e-04,-1.3451861147e-04,-1.0665036246e-02,-1.7882263263e-05,3.9922004943e-03,-5.8452252137e-01,-1.2675206911e-06,6.7690949347e-04,-4.7752574945e-02,-2.1363109910e+00
87134,2025-06-23 15:00:00,nan,nan,nan,0.042 1 + 0.002 theta + 1.420 omega + 0.020 theta omega + 0.924 omega^2 + 0.026 theta omega^2 + 0.419 omega^3,0.029 1 + 0.003 theta + 0.110 omega + 0.022 theta omega + -0.951 omega^2 + 0.008 theta omega^2 + -2.442 omega^3,2.8638881336e-02,3.0130183869e-03,1.1008009616e-01,5.3556730617e-05,2.2165393327e-02,-9.5069223913e-01,0.0000000000e+00,3.7273603541e-04,8.3541403160e-03,-2.4418207584e+00
87135,2025-06-23 15:05:00,0.031116,2.774657,1.962102,0.001 1 + -0.001 theta + 1.012 omega + 0.005 theta omega + -0.182 omega^2 + 0.003 theta omega^2 + 0.399 omega^3,0.001 1 + -0.001 theta + 0.024 omega + 0.010 theta omega + -0.317 omega^2 + -0.001 theta^2 omega + 0.010 theta omega^2 + 0.519 omega^3,1.2369676959e-03,-1.1348950434e-03,2.4244004515e-02,3.9828094273e-05,9.8637077844e-03,-3.1736172479e-01,2.3417749877e-06,-7.5358291663e-04,1.0497252950e-02,5.1946635195e-01
87136,2025-06-23 15:10:00,0.026194,1.031995,0.729966,-0.004 1 + 0.001 theta + 1.032 omega + -0.008 theta omega + -0.088 omega^2 + 0.019 theta omega^2 + 0.444 omega^3,-0.007 1 + 0.001 theta + 0.035 omega + -0.009 theta omega + -0.060 omega^2 + -0.002 theta omega^2 + 1.075 omega^3,-7.2911679733e-03,1.4752296639e-03,3.5406638239e-02,-4.0953304417e-05,-9.2376992270e-03,-6.0232616164e-02,0.0000000000e+00,2.5945855301e-04,-2.1016828482e-03,1.0754771736e+00
87137,2025-06-23 15:15:00,0.034635,3.941140,2.786915,0.012 1 + 0.716 omega + 0.002 theta omega + 1.890 omega^2 + -0.020 theta omega^2 + -3.381 omega^3,0.028 1 + -0.603 omega + 0.005 theta omega + 4.015 omega^2 + -0.032 theta omega^2 + -7.766 omega^3,2.7517682772e-02,-1.4366595847e-04,-6.0323960650e-01,-7.1237797172e-06,4.7641573131e-03,4.0153749006e+00,0.0000000000e+00,7.3163774407e-05,-3.2147141973e-02,-7.7659148950e+00
87138,2025-06-23 15:20:00,nan,nan,nan,0.038 1 + -0.004 theta + 1.212 omega + -0.030 theta omega + -2.880 omega^2 + 0.001 theta^2 omega + 0.302 theta omega^2 + 0.995 omega^3,0.079 1 + -0.010 theta + 0.399 omega + -0.054 theta omega + -5.629 omega^2 + 0.001 theta^2 omega + 0.590 theta omega^2 + 1.612 omega^3,7.8721213960e-02,-9.7691933936e-03,3.9886514590e-01,-3.6800259557e-04,-5.3853706193e-02,-5.6287683971e+00,5.3279380429e-05,9.6278199839e-04,5.8962736231e-01,1.6115357671e+00
87139,2025-06-23 15:25:00,0.010002,0.228416,0.161670,-0.031 1 + -0.009 theta + 0.511 omega + -0.001 theta^2 + -0.102 theta omega + -1.123 omega^2 + -0.005 theta^2 omega + -0.219 theta omega^2 + 6.842 omega^3,-0.058 1 + -0.017 theta + -0.893 omega + -0.001 theta^2 + -0.194 theta omega + -1.591 omega^2 + -0.009 theta^2 omega + -0.401 theta omega^2 + 15.377 omega^3,-5.8156343212e-02,-1.6616221345e-02,-8.9282536764e-01,-1.4781679624e-03,-1.9428450479e-01,-1.5914711236e+00,-4.1981915809e-05,-9.1668877184e-03,-4.0086928462e-01,1.5377218026e+01
87140,2025-06-23 15:30:00,0.010049,0.485389,0.343296,-0.001 1 + 1.025 omega + 0.008 theta omega + 0.181 omega^2 + 0.001 theta omega^2 + 0.942 omega^3,-0.001 1 + 0.058 omega + 0.016 theta omega + 0.392 omega^2 + 0.001 theta^2 omega + 0.003 theta omega^2 + 2.059 omega^3,-1.0127446381e-03,-3.6989719381e-04,5.7572885991e-02,-1.8785165398e-04,1.6318158714e-02,3.9239048991e-01,-1.3485421293e-05,8.7840983021e-04,3.3568030735e-03,2.0592048330e+00
87141,2025-06-23 15:35:00,nan,nan,nan,-0.005 1 + -0.001 theta + 0.796 omega + -0.014 theta omega + -2.345 omega^2 + 0.004 theta^2 omega + -0.436 theta omega^2 + 0.519 omega^3,-0.011 1 + -0.001 theta + -0.406 omega + -0.027 theta omega + -4.628 omega^2 + 0.007 theta^2 omega + -0.864 theta omega^2 + 1.196 omega^3,-1.0531570153e-02,-1.2998992764e-03,-4.0578211969e-01,-8.6914693373e-05,-2.7472072043e-02,-4.6278181828e+00,-2.8268951386e-05,7.4591500064e-03,-8.6371882053e-01,1.1958779641e+00
87142,2025-06-23 15:40:00,0.020964,0.352018,0.249355,-0.001 theta + 1.011 omega + -0.015 theta omega + -0.209 omega^2 + -0.009 theta^2 omega + 0.116 theta omega^2 + -3.405 omega^3,0.001 1 + -0.003 theta + 0.025 omega + -0.031 theta omega + -0.434 omega^2 + -0.019 theta^2 omega + 0.216 theta omega^2 + -7.130 omega^3,8.1861041061e-04,-2.8917796595e-03,2.5258987651e-02,-3.6964370001e-05,-3.0717822040e-02,-4.3423923217e-01,2.3564502895e-04,-1.9117126841e-02,2.1615679403e-01,-7.1296384086e+00
87143,2025-06-23 15:45:00,nan,nan,nan,-0.002 1 + 0.974 omega + -0.004 theta omega + 0.050 omega^2 + -0.051 theta omega^2 + 3.449 omega^3,-0.004 1 + -0.051 omega + -0.007 theta omega + 0.111 omega^2 + 0.001 theta^2 omega + -0.106 theta omega^2 + 7.207 omega^3,-3.7291952773e-03,6.3796928224e-06,-5.0773882799e-02,4.7174854740e-04,-6.5587713535e-03,1.1084287448e-01,4.4981840426e-05,8.3901013222e-04,-1.0631389088e-01,7.2069355712e+00
87144,2025-06-23 15:50:00,0.024017,2.702300,1.910890,-0.006 1 + 0.746 omega + 0.005 theta omega + -3.574 omega^2 + -0.044 theta omega^2 + -12.210 omega^3,-0.003 1 + -0.181 omega + 0.009 theta omega + -3.345 omega^2 + 0.060 theta omega^2 + -16.628 omega^3,-3.3181780571e-03,8.6779947099e-05,-1.8110053764e-01,-2.2001670895e-05,9.1751744191e-03,-3.3451624721e+00,0.0000000000e+00,-1.5056375537e-04,6.0286640708e-02,-1.6627969373e+01
87145,2025-06-23 15:55:00,nan,nan,nan,1.005 omega + 0.003 theta omega + -0.095 omega^2 + -0.074 theta omega^2 + 1.262 omega^3,0.012 omega + 0.001 theta^2 + 0.006 theta omega + -0.193 omega^2 + -0.001 theta^2 omega + -0.150 theta omega^2 + 2.573 omega^3,-2.9283744132e-04,3.8705714882e-04,1.1668957890e-02,5.7620244105e-04,6.2669513737e-03,-1.9330286019e-01,-7.4751504229e-05,-6.5476580675e-04,-1.4960594487e-01,2.5726068791e+00
87146,2025-06-23 16:00:00,0.080854,3.090577,2.186116,-0.002 1 + -0.001 theta + 1.000 omega + -0.001 theta omega + 0.190 omega^2 + -0.003 theta omega^2 + -0.106 omega^3,-0.004 1 + -0.001 theta + 0.003 omega + 0.001 theta^2 + -0.002 theta omega + 0.389 omega^2 + -0.008 theta omega^2 + -0.317 omega^3,-4.1504996559e-03,-1.4080504314e-03,2.5819693432e-03,6.4909121684e-04,-2.0385628815e-03,3.8883971380e-01,-4.7881108857e-05,-3.6379920476e-04,-7.5954869093e-03,-3.1651167563e-01
87147,2025-06-23 16:05:00,0.070471,4.035640,2.854064,0.002 1 + 1.010 omega + 0.003 theta omega + -0.258 omega^2 + -0.001 theta^2 omega + 0.016 theta omega^2 + -1.514 omega^3,0.004 1 + 0.016 omega + 0.008 theta omega + -0.538 omega^2 + -0.001 theta^2 omega + 0.034 theta omega^2 + -2.927 omega^3,3.8252515686e-03,-1.7929399350e-04,1.6058088485e-02,-1.6509483392e-04,7.5240150188e-03,-5.3849547636e-01,-3.6876919651e-06,-1.1688547759e-03,3.3974373973e-02,-2.9265888331e+00
87148,2025-06-23 16:10:00,0.041224,1.607887,1.137322,0.001 1 + 1.000 omega + -0.015 theta omega + -0.147 omega^2 + 0.001 theta^2 omega + 0.010 theta omega^2 + 2.538 omega^3,0.002 1 + -0.001 omega + -0.030 theta omega + -0.287 omega^2 + 0.002 theta^2 omega + 0.016 theta omega^2 + 5.158 omega^3,1.8802033395e-03,4.8745606582e-04,-1.1020655796e-03,4.4627283794e-05,-3.0053460229e-02,-2.8721387760e-01,-9.3842453985e-06,2.4933944432e-03,1.6267590954e-02,5.1583791422e+00
87149,2025-06-23 16:15:00,nan,nan,nan,0.001 1 + -0.002 theta + 0.998 omega + -0.001 theta^2 + 0.024 theta omega + -0.297 omega^2 + 0.003 theta^2 omega + -0.025 theta omega^2 + 3.628 omega^3,0.001 1 + -0.005 theta + -0.004 omega + -0.001 theta^2 + 0.049 theta omega + -0.568 omega^2 + 0.005 theta^2 omega + -0.045 theta omega^2 + 7.295 omega^3,1.4875384963e-03,-4.5284808396e-03,-3.7003633223e-03,-1.3541498220e-03,4.9451276348e-02,-5.6765623855e-01,-9.3214579701e-05,5.2781999673e-03,-4.5096443206e-02,7.2951187351e+00
87150,2025-06-23 16:20:00,0.037595,1.905063,1.347345,-0.004 1 + 0.001 theta + 1.082 omega + -0.016 theta omega + -0.403 omega^2 + 0.001 theta^2 omega + 0.041 theta omega^2 + 0.389 omega^3,-0.007 1 + 0.002 theta + 0.144 omega + -0.029 theta omega + -0.544 omega^2 + 0.001 theta^2 omega + 0.068 theta omega^2 + 0.166 omega^3,-6.7114615259e-03,1.7704358078e-03,1.4400627649e-01,-8.3476439599e-05,-2.9416492300e-02,-5.4406582532e-01,0.0000000000e+00,1.0473499713e-03,6.8393624435e-02,1.6600090030e-01
87151,2025-06-23 16:25:00,0.017801,1.536844,1.086785,0.001 1 + 1.000 omega + -0.001 theta omega + -0.173 omega^2 + 0.035 theta omega^2 + 0.948 omega^3,0.002 1 + -0.001 theta + -0.003 theta omega + -0.332 omega^2 + -0.001 theta^2 omega + 0.076 theta omega^2 + 1.896 omega^3,1.9435642511e-03,-7.5508707833e-04,-1.8764915203e-05,1.2181648524e-04,-3.2378568274e-03,-3.3171821653e-01,-1.8397916608e-06,-7.4541672490e-04,7.6429287953e-02,1.8959383009e+00
87152,2025-06-23 16:30:00,0.089801,2.971159,2.101886,-0.003 theta + 1.011 omega + 0.005 theta omega + 0.327 omega^2 + -0.001 theta^2 omega + 0.014 theta omega^2 + -1.400 omega^3,0.001 1 + -0.005 theta + 0.024 omega + 0.001 theta^2 + 0.010 theta omega + 0.640 omega^2 + -0.002 theta^2 omega + 0.027 theta omega^2 + -2.785 omega^3,6.8286895879e-04,-5.4840405709e-03,2.4353337820e-02,6.1730758726e-04,9.7961071956e-03,6.4029588050e-01,-7.9221260385e-06,-2.0631554585e-03,2.7150940709e-02,-2.7847349682e+00
87153,2025-06-23 16:35:00,0.019466,1.536069,1.086252,0.008 1 + 0.792 omega + 0.004 theta omega + 1.425 omega^2 + -0.024 theta omega^2 + -2.153 omega^3,0.016 1 + -0.425 omega + 0.008 theta omega + 2.910 omega^2 + -0.051 theta omega^2 + -4.185 omega^3,1.6111488104e-02,-2.4449070976e-05,-4.2499316171e-01,-1.9982446917e-05,8.2391490615e-03,2.9101192499e+00,0.0000000000e+00,8.3263752445e-05,-5.1186627942e-02,-4.1854538705e+00
87154,2025-06-23 16:40:00,0.027481,1.876150,1.326781,0.001 1 + -0.001 theta + 1.002 omega + 0.001 theta^2 + 0.003 theta omega + 0.279 omega^2 + -0.001 theta^2 omega + -0.156 theta omega^2 + 0.732 omega^3,0.001 1 + -0.003 theta + 0.004 omega + 0.002 theta^2 + 0.007 theta omega + 0.579 omega^2 + -0.003 theta^2 omega + -0.333 theta omega^2 + 1.595 omega^3,1.4718329540e-03,-3.1325141878e-03,3.7485975771e-03,1.8363400631e-03,6.8295138358e-03,5.7881896554e-01,-2.8874345249e-04,-2.7861423658e-03,-3.3261666909e-01,1.5949272999e+00
87155,2025-06-23 16:45:00,nan,nan,nan,-0.001 1 + 0.001 theta + 0.869 omega + 0.017 theta omega + 1.251 omega^2 + 0.002 theta^2 omega + -0.289 theta omega^2 + 1.385 omega^3,-0.001 1 + 0.002 theta + -0.260 omega + 0.035 theta omega + 2.477 omega^2 + 0.004 theta^2 omega + -0.572 theta omega^2 + 2.646 omega^3,-8.8462914376e-04,1.8660862587e-03,-2.6035284985e-01,-3.1596993011e-04,3.4911057421e-02,2.4773469985e+00,-5.1133709851e-06,3.9128961253e-03,-5.7246812978e-01,2.6464489586e+00
87156,2025-06-23 16:50:00,0.013050,0.397950,0.281544,0.004 1 + -0.001 theta + 0.906 omega + 0.019 theta omega + 0.227 omega^2 + -0.097 theta omega^2 + 3.207 omega^3,0.007 1 + -0.002 theta + -0.185 omega + 0.037 theta omega + 0.476 omega^2 + -0.198 theta omega^2 + 6.471 omega^3,7.1451784927e-03,-1.6420753707e-03,-1.8498381609e-01,7.9862464480e-05,3.6843036636e-02,4.7621017458e-01,-1.6965335153e-06,-4.8189175520e-04,-1.9805948823e-01,6.4710771322e+00
87157,2025-06-23 16:55:00,nan,nan,nan,0.001 1 + 0.980 omega + 0.008 theta omega + 0.215 omega^2 + 0.027 theta omega^2 + -3.052 omega^3,0.002 1 + -0.001 theta + -0.017 omega + 0.020 theta omega + -0.591 omega^2 + -0.127 theta omega^2 + 6.276 omega^3,1.9651350164e-03,-6.5417345527e-04,-1.7118071205e-02,-3.8813132381e-05,1.9725308629e-02,-5.9118986510e-01,0.0000000000e+00,3.2816475394e-04,-1.2707991889e-01,6.2760993778e+00
87158,2025-06-23 17:00:00,0.051658,1.206644,0.854008,0.010 1 + -0.008 theta + 0.942 omega + 0.002 theta^2 + 0.023 theta omega + 0.013 omega^2 + -0.002 theta^2 omega + 0.011 theta omega^2 + -0.626 omega^3,0.020 1 + -0.016 theta + -0.113 omega + 0.004 theta^2 + 0.045 theta omega + 0.067 omega^2 + -0.004 theta^2 omega + 0.018 theta omega^2 + -1.738 omega^3,1.9675186629e-02,-1.6102547833e-02,-1.1268361854e-01,4.4933909205e-03,4.4845399220e-02,6.6644930163e-02,-4.3499620677e-04,-3.8972131173e-03,1.7734253349e-02,-1.7376455062e+00
87159,2025-06-23 17:05:00,0.021985,1.402984,0.992181,0.997 omega + -0.009 theta omega + 0.863 omega^2 + 0.001 theta^2 omega + -0.037 theta omega^2 + -5.201 omega^3,0.001 1 + -0.004 omega + -0.017 theta omega + 1.689 omega^2 + 0.002 theta^2 omega + -0.076 theta omega^2 + -10.041 omega^3,5.2030175783e-04,-4.3676404285e-04,-4.1403440536e-03,1.0106867708e-04,-1.7077760409e-02,1.6892822090e+00,-7.0528817348e-06,1.7080924959e-03,-7.5809900393e-02,-1.0040639861e+01
87160,2025-06-23 17:10:00,0.060868,7.567805,5.351419,-0.029 1 + 0.005 theta + 1.294 omega + -0.037 theta omega + -0.763 omega^2 + 0.001 theta^2 omega + 0.030 theta omega^2 + 2.273 omega^3,0.009 1 + -0.356 omega + 0.023 theta omega + 2.676 omega^2 + -0.131 theta omega^2 + -3.066 omega^3,8.6362969507e-03,-3.2397039401e-04,-3.5608262337e-01,-6.3276351687e-06,2.2717950704e-02,2.6763583737e+00,0.0000000000e+00,-2.6025249758e-04,-1.3050489569e-01,-3.0656755992e+00
87161,2025-06-23 17:15:00,0.012353,0.461406,0.326380,-0.001 theta + 1.057 omega + 0.009 theta omega + -0.420 omega^2 + 0.015 theta omega^2 + -1.213 omega^3,-0.001 theta + 0.128 omega + 0.012 theta omega + -1.255 omega^2 + 0.014 theta omega^2 + 1.275 omega^3,-2.7062838596e-04,-1.4688228374e-03,1.2756891404e-01,4.1245045742e-05,1.1878772312e-02,-1.2548352398e+00,0.0000000000e+00,-3.9144001880e-04,1.3750443624e-02,1.2749773116e+00
87162,2025-06-23 17:20:00,0.008230,0.221114,0.156460,0.119 1 + 0.004 theta + -1.488 omega + -0.044 theta omega + 16.551 omega^2 + 0.107 theta omega^2 + -34.748 omega^3,-0.064 1 + 1.092 omega + -6.151 omega^2 + -0.001 theta omega^2 + 11.589 omega^3,-6.4032555376e-02,0.0000000000e+00,1.0916944507e+00,0.0000000000e+00,1.7111182353e-05,-6.1514450113e+00,0.0000000000e+00,0.0000000000e+00,-7.6123933417e-04,1.1588710975e+01
87163,2025-06-23 17:25:00,0.026446,2.336024,1.651925,0.039 1 + -0.004 theta + 0.470 omega + 0.040 theta omega + 1.755 omega^2 + -0.001 theta^2 omega + -0.069 theta omega^2 + 0.227 omega^3,0.077 1 + -0.009 theta + -1.057 omega + 0.079 theta omega + 3.585 omega^2 + -0.002 theta^2 omega + -0.135 theta omega^2 + 0.156 omega^3,7.6540072056e-02,-8.5638189450e-03,-1.0568578003e+00,3.2666587421e-04,7.8695747455e-02,3.5853505615e+00,-4.0546315667e-06,-1.5641894024e-03,-1.3544132577e-01,1.5580559608e-01
87164,2025-06-23 17:30:00,0.009658,0.604205,0.427292,1.011 omega + -0.003 theta omega + 0.010 omega^2 + 0.003 theta omega^2 + -0.068 omega^3,0.001 theta + 0.024 omega + -0.007 theta omega + 0.021 omega^2 + 0.007 theta omega^2 + -0.099 omega^3,-2.4105177716e-04,6.4606344209e-04,2.3637354814e-02,-7.0269683807e-05,-6.7903155853e-03,2.1315789443e-02,1.5561157334e-06,2.7701031972e-04,6.5970851217e-03,-9.8994090629e-02
87165,2025-06-23 17:35:00,0.015665,0.506771,0.358513,-0.001 theta + 1.016 omega + -0.002 theta omega + -0.109 omega^2 + -0.001 theta^2 omega + -0.013 theta omega^2 + -1.762 omega^3,0.001 1 + -0.001 theta + 0.033 omega + -0.001 theta^2 + -0.005 theta omega + -0.226 omega^2 + -0.002 theta^2 omega + -0.027 theta omega^2 + -3.513 omega^3,8.9121929698e-04,-1.2173192196e-03,3.2781569806e-02,-6.0055761846e-04,-4.5550302620e-03,-2.2648472564e-01,-6.7905675203e-05,-1.7868532503e-03,-2.7126875694e-02,-3.5129290207e+00
87166,2025-06-23 17:40:00,nan,nan,nan,-0.002 1 + 0.908 omega + -0.021 theta omega + -0.075 omega^2 + -0.143 theta omega^2 + 4.849 omega^3,-0.004 1 + -0.184 omega + -0.043 theta omega + -0.166 omega^2 + -0.288 theta omega^2 + 9.752 omega^3,-4.0062831986e-03,-3.7068595197e-04,-1.8432888022e-01,1.0991455333e-04,-4.2622613858e-02,-1.6632727208e-01,9.7126585525e-07,4.6937658362e-04,-2.8775587433e-01,9.7516732444e+00
87167,2025-06-23 17:45:00,0.096023,3.906494,2.763143,-0.003 1 + 1.027 omega + 0.214 omega^2 + -0.007 theta omega^2 + -1.829 omega^3,-0.006 1 + 0.051 omega + -0.001 theta omega + 0.434 omega^2 + -0.001 theta^2 omega + -0.014 theta omega^2 + -3.485 omega^3,-6.1056507869e-03,3.8131086876e-04,5.1476047206e-02,8.4791979904e-05,-9.8892839696e-04,4.3363728255e-01,-3.6095825933e-06,-6.1844038770e-04,-1.4165671267e-02,-3.4851308055e+00
87168,2025-06-23 17:50:00,0.140762,20.726197,14.655973,-0.003 1 + 0.001 theta + 1.011 omega + 0.001 theta omega + 0.152 omega^2 + -0.006 theta omega^2 + 0.230 omega^3,-0.006 1 + 0.001 theta + 0.022 omega + 0.003 theta omega + 0.296 omega^2 + -0.001 theta^2 omega + -0.009 theta omega^2 + 0.450 omega^3,-6.1803374930e-03,1.4151806859e-03,2.1865711505e-02,-1.3181615843e-04,3.0206369627e-03,2.9625989154e-01,0.0000000000e+00,-8.9052608719e-04,-8.9234791323e-03,4.4955322567e-01
87169,2025-06-23 17:55:00,nan,nan,nan,0.007 1 + 0.002 theta + 0.955 omega + 0.007 theta omega + -0.097 omega^2 + 0.001 theta^2 omega + 0.016 theta omega^2 + 1.550 omega^3,0.013 1 + 0.003 theta + -0.089 omega + 0.001 theta^2 + 0.013 theta omega + -0.206 omega^2 + 0.001 theta^2 omega + 0.027 theta omega^2 + 2.919 omega^3,1.2554190072e-02,2.9491161176e-03,-8.8720975390e-02,5.7202522189e-04,1.2895240486e-02,-2.0559928555e-01,2.4455823022e-05,9.5337298129e-04,2.6731966763e-02,2.9189902649e+00
87170,2025-06-23 18:00:00,nan,nan,nan,0.004 1 + 0.979 omega + 0.002 theta omega + -0.327 omega^2 + -0.018 theta omega^2 + 1.053 omega^3,0.008 1 + 0.001 theta + -0.045 omega + 0.005 theta omega + -0.663 omega^2 + -0.035 theta omega^2 + 2.309 omega^3,8.3549693191e-03,8.2712790372e-04,-4.4706458875e-02,-1.7099263783e-04,4.8960343601e-03,-6.6323555026e-01,-1.8275382331e-05,1.6880587614e-04,-3.4514658137e-02,2.3089829504e+00
87171,2025-06-23 18:05:00,0.149314,4.797200,3.393776,-0.001 theta + 1.023 omega + 0.007 theta omega + 0.128 omega^2 + -0.033 theta omega^2 + -1.623 omega^3,-0.002 theta + 0.048 omega + 0.013 theta omega + 0.244 omega^2 + -0.067 theta omega^2 + -3.130 omega^3,-3.8356152408e-04,-2.0191530103e-03,4.7568055499e-02,1.0807107500e-04,1.3061114913e-02,2.4410912546e-01,-3.1410217492e-06,2.1526079091e-04,-6.6722402817e-02,-3.1300542991e+00
87172,2025-06-23 18:10:00,0.058527,6.387340,4.516721,-0.019 1 + 1.382 omega + -0.023 theta omega + -1.341 omega^2 + -0.001 theta^2 omega + 0.172 theta omega^2 + -4.323 omega^3,-0.044 1 + 0.001 theta + 0.854 omega + -0.054 theta omega + -3.152 omega^2 + -0.001 theta^2 omega + 0.371 theta omega^2 + -8.046 omega^3,-4.4376632545e-02,1.2417088439e-03,8.5421501037e-01,1.6732579040e-04,-5.3527013798e-02,-3.1520239616e+00,0.0000000000e+00,-1.3816709416e-03,3.7095244813e-01,-8.0464393388e+00
87173,2025-06-23 18:15:00,nan,nan,nan,0.159 1 + -0.003 theta + -1.902 omega + 0.025 theta omega + 16.891 omega^2 + -0.084 theta omega^2 + -30.809 omega^3,-0.117 1 + 0.003 theta + 1.778 omega + -0.032 theta omega + -9.148 omega^2 + 0.069 theta omega^2 + 16.328 omega^3,-1.1670083637e-01,3.1834165624e-03,1.7779064708e+00,-2.7588111185e-05,-3.1533280345e-02,-9.1477601262e+00,0.0000000000e+00,1.8291822292e-04,6.9298334401e-02,1.6328355791e+01
87174,2025-06-23 18:20:00,nan,nan,nan,0.005 1 + -0.001 theta + 0.929 omega + 0.011 theta omega + -0.171 omega^2 + 0.002 theta^2 omega + -0.028 theta omega^2 + 4.014 omega^3,0.009 1 + -0.001 theta + -0.143 omega + 0.022 theta omega + -0.342 omega^2 + 0.003 theta^2 omega + -0.055 theta omega^2 + 8.151 omega^3,9.2875379614e-03,-1.1569460533e-03,-1.4286726045e-01,-3.6059881840e-04,2.2052431256e-02,-3.4196693864e-01,-1.6636534245e-05,3.1867559334e-03,-5.4873321655e-02,8.1509742362e+00
87175,2025-06-23 18:25:00,0.055988,3.960157,2.800534,1.009 omega + -0.002 theta omega + 0.045 omega^2 + -0.051 theta omega^2 + -0.057 omega^3,-0.001 1 + 0.001 theta + 0.019 omega + -0.004 theta omega + 0.075 omega^2 + -0.001 theta^2 omega + -0.101 theta omega^2 + -0.174 omega^3,-6.6962924448e-04,7.9657680674e-04,1.8824643522e-02,-2.3379813333e-04,-4.0302198532e-03,7.4734521885e-02,-1.5570085445e-05,-8.6072480260e-04,-1.0055736112e-01,-1.7446226833e-01
87176,2025-06-23 18:30:00,0.073909,6.428775,4.546131,-0.002 1 + 0.913 omega + -0.003 theta omega + -0.992 omega^2 + 0.001 theta^2 omega + -0.096 theta omega^2 + -1.385 omega^3,-0.003 1 + -0.111 omega + -0.014 theta omega + -0.973 omega^2 + -0.088 theta omega^2 + -1.189 omega^3,-2.5685356143e-03,-2.4535644443e-04,-1.1085909579e-01,1.2422056199e-05,-1.3770576370e-02,-9.7262965790e-01,0.0000000000e+00,1.3901311704e-05,-8.7512013575e-02,-1.1893256219e+00
87177,2025-06-23 18:35:00,0.028923,3.679472,2.601860,0.027 1 + 1.461 omega + 0.015 theta omega + 2.044 omega^2 + 0.072 theta omega^2 + 1.602 omega^3,0.031 1 + 0.002 theta + 0.257 omega + 0.058 theta omega + -2.326 omega^2 + -0.001 theta^2 omega + 0.283 theta omega^2 + -17.358 omega^3,3.0731142533e-02,2.0083996638e-03,2.5743133102e-01,-1.3858354376e-04,5.7653591289e-02,-2.3262320822e+00,0.0000000000e+00,-8.4856661857e-04,2.8298146663e-01,-1.7357806784e+01
87178,2025-06-23 18:40:00,0.029045,1.501928,1.062222,0.001 1 + 0.001 theta + 1.033 omega + 0.008 theta omega + 0.377 omega^2 + 0.025 theta omega^2 + 1.225 omega^3,0.004 1 + 0.003 theta + 0.074 omega + 0.017 theta omega + 0.781 omega^2 + 0.001 theta^2 omega + 0.051 theta omega^2 + 2.550 omega^3,3.5063451899e-03,2.5810247508e-03,7.4275253788e-02,2.9244148331e-04,1.6774158359e-02,7.8125588352e-01,8.3600026360e-06,6.7529436148e-04,5.0554499307e-02,2.5503499514e+00
87179,2025-06-23 18:45:00,0.069655,6.653350,4.704887,0.001 1 + 1.012 omega + 0.002 theta omega + 0.134 omega^2 + -0.005 theta^2 omega + 0.296 theta omega^2 + -5.450 omega^3,0.001 1 + -0.001 theta + 0.023 omega + 0.003 theta omega + 0.296 omega^2 + -0.009 theta^2 omega + 0.558 theta omega^2 + -10.540 omega^3,1.1420785055e-03,-8.2467174012e-04,2.2904171490e-02,-2.1609610439e-04,2.5309379149e-03,2.9598400892e-01,3.6772691885e-05,-8.7774404531e-03,5.5835955265e-01,-1.0539596022e+01
87180,2025-06-23 18:50:00,0.015126,0.893380,0.631805,-0.023 1 + 0.003 theta + 1.364 omega + -0.025 theta omega + -2.411 omega^2 + 0.046 theta omega^2 + 6.356 omega^3,-0.021 1 + 0.003 theta + 0.368 omega + -0.025 theta omega + -2.826 omega^2 + 0.039 theta omega^2 + 8.372 omega^3,-2.0960957089e-02,2.9169728259e-03,3.6801670086e-01,-6.1359584407e-05,-2.4532726916e-02,-2.8263862278e+00,0.0000000000e+00,3.9039606285e-04,3.8844401289e-02,8.3720571650e+00
87181,2025-06-23 18:55:00,0.038396,2.290129,1.619593,-0.001 theta + 1.010 omega + 0.007 theta omega + 0.012 omega^2 + 0.001 theta^2 omega + 0.009 theta omega^2 + -1.149 omega^3,-0.001 theta + 0.020 omega + -0.001 theta^2 + 0.014 theta omega + 0.027 omega^2 + 0.002 theta^2 omega + 0.021 theta omega^2 + -2.096 omega^3,3.2386614915e-04,-1.0725741649e-03,2.0328267311e-02,-6.8325363643e-04,1.3873821370e-02,2.7311571502e-02,-8.4047817307e-05,1.9024880114e-03,2.1140122525e-02,-2.0959910764e+00
87182,2025-06-23 19:00:00,nan,nan,nan,-0.009 1 + 0.003 theta + 1.156 omega + -0.042 theta omega + -0.690 omega^2 + 0.002 theta^2 omega + 0.007 theta omega^2 + 4.889 omega^3,-0.018 1 + 0.006 theta + 0.319 omega + -0.085 theta omega + -1.423 omega^2 + 0.004 theta^2 omega + 0.013 theta omega^2 + 10.063 omega^3,-1.8159125129e-02,5.9014974659e-03,3.1921420615e-01,-1.1286075574e-04,-8.5335821841e-02,-1.4231820371e+00,-8.1696099054e-06,3.6180733535e-03,1.3296207357e-02,1.0062719047e+01
87183,2025-06-23 19:05:00,0.009119,0.212477,0.150382,0.001 theta + 1.053 omega + 0.012 theta omega + 0.466 omega^2 + 0.027 theta omega^2 + 1.162 omega^3,0.001 theta + 0.089 omega + 0.017 theta omega + 0.544 omega^2 + 0.040 theta omega^2 + 0.746 omega^3,4.0204586951e-04,9.7573609820e-04,8.8958687765e-02,3.9561819488e-05,1.7251763440e-02,5.4410000607e-01,0.0000000000e+00,4.6618700707e-04,4.0125785439e-02,7.4572756685e-01
87184,2025-06-23 19:10:00,0.094081,2.257403,1.597610,1.013 omega + 0.003 theta omega + -0.006 omega^2 + -0.003 theta^2 omega + -0.001 theta omega^2 + -0.905 omega^3,-0.001 theta + 0.026 omega + 0.006 theta omega + -0.006 omega^2 + -0.006 theta^2 omega + -0.008 theta omega^2 + -1.734 omega^3,-3.1829307528e-04,-5.3981890743e-04,2.6089620178e-02,-7.4066350539e-05,5.9320141460e-03,-5.7256685508e-03,-1.6557372527e-04,-5.7400764003e-03,-7.9351338074e-03,-1.7343879300e+00
87185,2025-06-23 19:15:00,0.024592,1.600195,1.131642,-0.001 1 + -0.002 theta + 1.022 omega + 0.007 theta omega + 0.251 omega^2 + 0.009 theta omega^2 + -1.434 omega^3,-0.002 1 + -0.004 theta + 0.046 omega + 0.013 theta omega + 0.492 omega^2 + -0.001 theta^2 omega + 0.019 theta omega^2 + -2.831 omega^3,-1.8881995920e-03,-4.1895880854e-03,4.5601138412e-02,1.5641533410e-04,1.2919579093e-02,4.9234495256e-01,-7.1403421315e-07,-5.6144295773e-04,1.8792909395e-02,-2.8307578434e+00
87186,2025-06-23 19:20:00,0.073178,10.714311,7.576339,0.054 1 + -0.021 theta + 0.574 omega + 0.002 theta^2 + 0.137 theta omega + 0.972 omega^2 + -0.011 theta^2 omega + -0.174 theta omega^2 + -1.720 omega^3,0.105 1 + -0.041 theta + -0.844 omega + 0.005 theta^2 + 0.269 theta omega + 1.961 omega^2 + -0.021 theta^2 omega + -0.356 theta omega^2 + -3.210 omega^3,1.0490102166e-01,-4.1419531451e-02,-8.4350929032e-01,4.5763990029e-03,2.6867599969e-01,1.9607108942e+00,-9.9768808106e-05,-2.0870576103e-02,-3.5601060809e-01,-3.2100954943e+00
87187,2025-06-23 19:25:00,0.019122,1.294501,0.915450,-0.005 1 + 0.001 theta + 1.052 omega + -0.011 theta omega + -0.076 omega^2 + 0.017 theta omega^2 + 0.020 omega^3,-0.009 1 + 0.004 theta + 0.116 omega + -0.028 theta omega + -0.369 omega^2 + 0.040 theta omega^2 + 0.433 omega^3,-8.9608386050e-03,4.3400785783e-03,1.1629240710e-01,-3.1903256622e-05,-2.7551044205e-02,-3.6902338653e-01,0.0000000000e+00,1.2652136541e-04,3.9610778293e-02,4.3250479800e-01
87188,2025-06-23 19:30:00,0.025387,2.310813,1.634090,0.030 1 + -0.001 theta + 0.501 omega + 0.016 theta omega + 2.107 omega^2 + -0.057 theta omega^2 + -1.246 omega^3,0.127 1 + -0.008 theta + -1.897 omega + 0.088 theta omega + 8.134 omega^2 + -0.001 theta^2 omega + -0.232 theta omega^2 + -8.244 omega^3,1.2748857610e-01,-7.5300545834e-03,-1.8965737596e+00,1.0706974857e-04,8.7719650515e-02,8.1344309013e+00,0.0000000000e+00,-8.3296839848e-04,-2.3218719391e-01,-8.2435464486e+00
87189,2025-06-23 19:35:00,nan,nan,nan,0.989 omega + -0.005 theta omega + 0.065 omega^2 + -0.002 theta omega^2 + 0.185 omega^3,-0.022 omega + -0.010 theta omega + 0.111 omega^2 + -0.004 theta omega^2 + 0.450 omega^3,-3.8639983317e-04,4.9991663949e-04,-2.1623798995e-02,1.9813406803e-04,-9.8303694520e-03,1.1131470673e-01,-3.5415780950e-06,-8.6923195305e-05,-4.4561012911e-03,4.4970967355e-01
87190,2025-06-23 19:40:00,0.029572,3.496257,2.472316,0.239 1 + -0.011 theta + -1.913 omega + 0.095 theta omega + 11.123 omega^2 + -0.001 theta^2 omega + -0.200 theta omega^2 + -12.940 omega^3,0.399 1 + -0.016 theta + -5.040 omega + 0.156 theta omega + 19.670 omega^2 + -0.001 theta^2 omega + -0.344 theta omega^2 + -23.083 omega^3,3.9926257457e-01,-1.6362705533e-02,-5.0399049926e+00,1.6380034354e-04,1.5590701053e-01,1.9670136196e+01,0.0000000000e+00,-1.0030491810e-03,-3.4399197172e-01,-2.3083450417e+01
87191,2025-06-23 19:45:00,0.004297,0.176300,0.124700,-0.002 1 + 0.002 theta + 0.955 omega + -0.025 theta omega + 1.320 omega^2 + 0.096 theta omega^2 + -5.964 omega^3,-0.003 1 + 0.003 theta + -0.088 omega + -0.048 theta omega + 2.599 omega^2 + 0.188 theta omega^2 + -11.840 omega^3,-3.2279941760e-03,2.9999925630e-03,-8.7761250544e-02,3.5691841535e-05,-4.8421567039e-02,2.5994963068e+00,0.0000000000e+00,-2.5337436628e-04,1.8848999255e-01,-1.1840175646e+01
87192,2025-06-23 19:50:00,0.028413,2.908787,2.056921,0.047 1 + -0.005 theta + 0.317 omega + 0.050 theta omega + 2.348 omega^2 + -0.001 theta^2 omega + -0.118 theta omega^2 + 0.523 omega^3,0.085 1 + -0.009 theta + -1.224 omega + 0.093 theta omega + 3.937 omega^2 + -0.002 theta^2 omega + -0.215 theta omega^2 + 2.347 omega^3,8.4786697476e-02,-8.8475261934e-03,-1.2243681818e+00,3.2554810773e-04,9.2508170244e-02,3.9369365737e+00,-4.2811272394e-06,-1.6300203557e-03,-2.1501689294e-01,2.3470476000e+00
87193,2025-06-23 19:55:00,nan,nan,nan,-0.044 1 + 1.456 omega + -0.035 theta omega + 0.709 omega^2 + 0.001 theta^2 omega + -0.026 theta omega^2 + -0.940 omega^3,0.015 1 + -0.299 omega + 0.009 theta omega + 1.527 omega^2 + -0.076 theta omega^2 + 0.080 omega^3,1.5000447115e-02,-7.9300989140e-05,-2.9854974253e-01,-2.9924385462e-05,8.5073433894e-03,1.5270858288e+00,0.0000000000e+00,2.7587901102e-04,-7.5755661347e-02,7.9580859388e-02
87194,2025-06-23 20:00:00,nan,nan,nan,-0.002 theta + 1.022 omega + 0.001 theta^2 + -0.020 theta omega + 0.453 omega^2 + 0.002 theta^2 omega + -0.068 theta omega^2 + 2.440 omega^3,-0.003 theta + 0.043 omega + 0.001 theta^2 + -0.040 theta omega + 0.902 omega^2 + 0.004 theta^2 omega + -0.134 theta omega^2 + 4.899 omega^3,1.7812372982e-04,-3.4123740811e-03,4.3390941418e-02,9.9176725357e-04,-3.9639432367e-02,9.0231491185e-01,-6.8251970627e-05,3.6843696830e-03,-1.3386727719e-01,4.8994367934e+00
87195,2025-06-23 20:05:00,nan,nan,nan,0.042 1 + 0.006 theta + 1.516 omega + 0.046 theta omega + 1.884 omega^2 + 0.001 theta^2 omega + 0.089 theta omega^2 + 1.817 omega^3,0.029 1 + 0.003 theta + 0.145 omega + 0.013 theta omega + -1.477 omega^2 + -0.010 theta omega^2 + -8.146 omega^3,2.8933392760e-02,3.0679717662e-03,1.4483140749e-01,7.6827820509e-05,1.3087446517e-02,-1.4769676004e+00,0.0000000000e+00,1.0606539544e-04,-9.5240148620e-03,-8.1463854582e+00
87196,2025-06-23 20:10:00,nan,nan,nan,-0.010 1 + 0.003 theta + 1.145 omega + -0.048 theta omega + -0.212 omega^2 + 0.002 theta^2 omega + -0.007 theta omega^2 + 5.068 omega^3,-0.017 1 + 0.006 theta + 0.257 omega + -0.079 theta omega + -0.406 omega^2 + 0.003 theta^2 omega + -0.002 theta omega^2 + 7.913 omega^3,-1.7055023325e-02,5.5469139626e-03,2.5704596176e-01,-2.3670030220e-04,-7.8980321131e-02,-4.0581477729e-01,0.0000000000e+00,3.2428755951e-03,-1.7250800775e-03,7.9127937479e+00
87197,2025-06-23 20:15:00,nan,nan,nan,0.180 1 + 0.014 theta + 4.188 omega + 0.168 theta omega + 18.319 omega^2 + 0.002 theta^2 omega + 0.505 theta omega^2 + 34.220 omega^3,0.356 1 + 0.027 theta + 6.285 omega + 0.001 theta^2 + 0.330 theta omega + 36.076 omega^2 + 0.004 theta^2 omega + 0.994 theta omega^2 + 67.398 omega^3,3.5632680323e-01,2.6685614166e-02,6.2854282845e+00,5.9060048289e-04,3.3004683872e-01,3.6076299002e+01,3.5100551071e-06,3.8725197338e-03,9.9370888272e-01,6.7397941576e+01
87198,2025-06-23 20:20:00,0.004930,0.106150,0.075141,-0.001 theta + 1.013 omega + -0.233 omega^2 + -0.006 theta omega^2 + -1.375 omega^3,0.001 1 + -0.002 theta + 0.026 omega + 0.001 theta omega + -0.464 omega^2 + -0.012 theta omega^2 + -2.654 omega^3,5.4717818803e-04,-1.7914067717e-03,2.5925927866e-02,-3.0870013415e-04,1.0430987920e-03,-4.6445934008e-01,-1.3179698874e-05,-4.7083763364e-05,-1.2020310346e-02,-2.6536976786e+00
87199,2025-06-23 20:25:00,0.021230,0.787810,0.557268,-0.001 1 + 1.004 omega + -0.003 theta omega + 0.073 omega^2 + -0.001 theta^2 omega + 0.040 theta omega^2 + -0.952 omega^3,-0.001 1 + 0.009 omega + -0.006 theta omega + 0.174 omega^2 + -0.001 theta^2 omega + 0.084 theta omega^2 + -2.024 omega^3,-1.3974348216e-03,2.3734840885e-04,9.0810782538e-03,1.8680851601e-04,-6.2614296604e-03,1.7431730411e-01,-2.2482712243e-05,-1.0786349505e-03,8.3749437382e-02,-2.0243567901e+00
87200,2025-06-23 20:30:00,0.012348,0.386261,0.273267,0.002 1 + -0.001 theta + 1.128 omega + -0.004 theta omega + 1.118 omega^2 + 0.004 theta omega^2 + 2.366 omega^3,0.003 1 + -0.001 theta + 0.203 omega + -0.001 theta omega + 1.363 omega^2 + 0.057 theta omega^2 + 0.603 omega^3,3.3217791307e-03,-1.2099135336e-03,2.0270407483e-01,-5.8360820949e-05,-5.9479132044e-04,1.3632378090e+00,0.0000000000e+00,-4.1004028881e-04,5.6721805444e-02,6.0256624667e-01
87201,2025-06-23 20:35:00,0.049405,2.452578,1.734587,-0.001 1 + 1.051 omega + 0.010 theta omega + 0.441 omega^2 + 0.050 theta omega^2 + 0.424 omega^3,-0.001 1 + 0.001 theta + 0.102 omega + 0.019 theta omega + 0.880 omega^2 + 0.001 theta^2 omega + 0.097 theta omega^2 + 0.859 omega^3,-1.4966088423e-03,6.7823479971e-04,1.0232894665e-01,1.9818125727e-04,1.9299068391e-02,8.8028683392e-01,1.0885981335e-05,6.7535324836e-04,9.7194760960e-02,8.5860494211e-01
87202,2025-06-23 20:40:00,nan,nan,nan,0.005 1 + 0.003 theta + 1.053 omega + 0.001 theta^2 + 0.020 theta omega + 0.487 omega^2 + 0.001 theta^2 omega + 0.017 theta omega^2 + 6.538 omega^3,0.011 1 + 0.007 theta + 0.108 omega + 0.001 theta^2 + 0.040 theta omega + 0.959 omega^2 + 0.002 theta^2 omega + 0.035 theta omega^2 + 13.096 omega^3,1.0919858229e-02,6.9002187098e-03,1.0776979928e-01,1.0966783955e-03,4.0114583310e-02,9.5929452380e-01,4.9861289313e-05,2.1502633426e-03,3.4763680114e-02,1.3095663710e+01
87203,2025-06-23 20:45:00,nan,nan,nan,0.008 1 + 0.001 theta + 1.059 omega + 0.014 theta omega + -0.230 omega^2 + 0.001 theta^2 omega + -0.017 theta omega^2 + 0.536 omega^3,0.016 1 + 0.002 theta + 0.102 omega + 0.025 theta omega + -0.556 omega^2 + 0.001 theta^2 omega + -0.042 theta omega^2 + 1.112 omega^3,1.5921147033e-02,1.8727827192e-03,1.0226717999e-01,-6.6398729472e-05,2.4941479059e-02,-5.5636130839e-01,-9.4908067472e-06,1.3673241893e-03,-4.1717294285e-02,1.1116067699e+00
87204,2025-06-23 20:50:00,3.710786,50.929863,36.108315,-0.021 1 + 0.002 theta + 1.378 omega + -0.041 theta omega + -1.373 omega^2 + 0.163 theta omega^2 + -2.255 omega^3,-0.040 1 + 0.004 theta + 0.731 omega + -0.078 theta omega + -2.718 omega^2 + 0.001 theta^2 omega + 0.318 theta omega^2 + -4.268 omega^3,-3.9990558736e-02,4.3444742529e-03,7.3089582121e-01,-5.6658229538e-05,-7.7998336565e-02,-2.7178191064e+00,0.0000000000e+00,6.5609292463e-04,3.1848844998e-01,-4.2680423609e+00
87205,2025-06-23 20:55:00,0.023463,1.357883,0.960312,0.005 1 + -0.001 theta + 0.877 omega + 0.018 theta omega + 0.604 omega^2 + -0.071 theta omega^2 + 0.891 omega^3,0.009 1 + -0.002 theta + -0.244 omega + 0.037 theta omega + 1.210 omega^2 + -0.001 theta^2 omega + -0.142 theta omega^2 + 1.771 omega^3,9.0704324950e-03,-1.8253517719e-03,-2.4372784137e-01,1.1003621598e-04,3.6679447335e-02,1.2095837205e+00,-2.1540809179e-06,-9.8592152977e-04,-1.4245749076e-01,1.7714282271e+00
87206,2025-06-23 21:00:00,0.020472,0.882224,0.623994,0.003 1 + 1.105 omega + 0.007 theta omega + 0.668 omega^2 + 0.028 theta omega^2 + 0.349 omega^3,0.005 1 + 0.211 omega + 0.014 theta omega + 1.301 omega^2 + 0.054 theta omega^2 + 0.620 omega^3,5.1240323857e-03,3.1779820406e-04,2.1113093397e-01,-1.0587120796e-04,1.3653297416e-02,1.3007148827e+00,-5.4710414915e-06,1.2340488273e-04,5.4230046694e-02,6.1970126084e-01
87207,2025-06-23 21:05:00,0.045462,5.644918,3.991689,0.004 1 + 0.001 theta + 1.047 omega + 0.012 theta omega + 0.433 omega^2 + 0.007 theta omega^2 + 2.284 omega^3,0.006 1 + 0.002 theta + 0.073 omega + 0.021 theta omega + 0.398 omega^2 + 0.057 theta omega^2 + 0.826 omega^3,6.3537850747e-03,2.0786864946e-03,7.3317675751e-02,-2.9715701418e-05,2.0595791124e-02,3.9784212087e-01,0.0000000000e+00,-1.8174353351e-04,5.6632962884e-02,8.2637087780e-01
87208,2025-06-23 21:10:00,0.072425,3.722114,2.632430,-0.001 1 + -0.001 theta + 1.003 omega + 0.002 theta omega + 0.023 omega^2 + 0.002 theta omega^2 + -0.083 omega^3,-0.002 1 + -0.001 theta + 0.007 omega + 0.004 theta omega + 0.072 omega^2 + 0.008 theta omega^2 + -0.099 omega^3,-1.8794661813e-03,-1.0278340615e-03,7.1996853579e-03,-1.9321685309e-04,3.7274158975e-03,7.2240414766e-02,-1.1853764307e-05,3.1668277920e-04,7.6882444188e-03,-9.9229123693e-02
87209,2025-06-23 21:15:00,0.020732,1.172148,0.828963,1.004 omega + 0.007 theta omega + -0.092 omega^2 + -0.001 theta^2 omega + 0.095 theta omega^2 + -1.790 omega^3,-0.001 1 + 0.010 theta omega + -0.060 omega^2 + -0.001 theta^2 omega + 0.083 theta omega^2 + -0.499 omega^3,-6.6763769994e-04,-7.0918244770e-05,-5.7484039279e-05,-1.1849879140e-04,1.0090680653e-02,-6.0207346560e-02,0.0000000000e+00,-9.3710282815e-04,8.3077757075e-02,-4.9887117289e-01
87210,2025-06-23 21:20:00,0.081120,11.065468,7.824678,0.003 1 + 0.001 theta + 0.981 omega + -0.003 theta omega + -0.103 omega^2 + -0.004 theta omega^2 + 0.637 omega^3,0.006 1 + 0.001 theta + -0.038 omega + -0.006 theta omega + -0.205 omega^2 + -0.007 theta omega^2 + 1.314 omega^3,5.7078696225e-03,1.1369060876e-03,-3.8347462462e-02,5.6820171785e-05,-5.9141360241e-03,-2.0500991626e-01,-3.0386307988e-06,-2.3481950251e-04,-7.1879747122e-03,1.3144039582e+00
87211,2025-06-23 21:25:00,0.028661,0.685023,0.484808,0.017 1 + -0.002 theta + 0.759 omega + 0.021 theta omega + 0.792 omega^2 + -0.058 theta omega^2 + 0.629 omega^3,0.031 1 + -0.004 theta + -0.449 omega + 0.039 theta omega + 1.487 omega^2 + -0.001 theta^2 omega + -0.112 theta omega^2 + 1.383 omega^3,3.1444615458e-02,-4.2767326149e-03,-4.4933613413e-01,2.9464380414e-04,3.9337996844e-02,1.4872219646e+00,-8.5006741966e-06,-8.3034518012e-04,-1.1182281514e-01,1.3832645430e+00
87212,2025-06-23 21:30:00,0.106973,6.784499,4.797962,-0.003 1 + 1.025 omega + -0.003 theta omega + 0.348 omega^2 + -0.001 theta^2 omega + 0.051 theta omega^2 + -3.059 omega^3,-0.006 1 + 0.050 omega + -0.005 theta omega + 0.701 omega^2 + -0.003 theta^2 omega + 0.101 theta omega^2 + -6.139 omega^3,-5.7028690091e-03,-6.3893499472e-05,5.0065230741e-02,2.7989082809e-04,-5.3429346374e-03,7.0136895925e-01,-2.5951753101e-05,-2.5462012069e-03,1.0079284247e-01,-6.1394700354e+00
87213,2025-06-23 21:35:00,0.050193,3.667473,2.593538,0.001 1 + 1.009 omega + -0.005 theta omega + 0.144 omega^2 + -0.001 theta^2 omega + 0.027 theta omega^2 + -0.954 omega^3,0.001 1 + 0.001 theta + 0.019 omega + -0.010 theta omega + 0.274 omega^2 + -0.001 theta^2 omega + 0.054 theta omega^2 + -1.851 omega^3,1.2907531772e-03,6.6914174756e-04,1.8848192556e-02,1.7028195250e-04,-1.0191615141e-02,2.7402342885e-01,2.4214830602e-06,-1.2261131338e-03,5.3770348790e-02,-1.8506558405e+00
87214,2025-06-23 21:40:00,0.015054,1.802046,1.274283,0.338 1 + -0.001 theta + -3.076 omega + 0.019 theta omega + 15.973 omega^2 + -0.054 theta omega^2 + -20.173 omega^3,0.248 1 + -3.168 omega + 0.010 theta omega + 13.002 omega^2 + -0.042 theta omega^2 + -16.739 omega^3,2.4752002537e-01,-4.1706846490e-04,-3.1677527034e+00,-2.5388740763e-05,1.0308806138e-02,1.3002369153e+01,0.0000000000e+00,1.2907369670e-04,-4.2145077606e-02,-1.6739002432e+01
87215,2025-06-23 21:45:00,nan,nan,nan,-0.072 1 + 0.006 theta + 2.105 omega + -0.077 theta omega + -5.038 omega^2 + 0.001 theta^2 omega + 0.166 theta omega^2 + 8.349 omega^3,-0.158 1 + 0.014 theta + 2.490 omega + -0.174 theta omega + -11.893 omega^2 + 0.003 theta^2 omega + 0.395 theta omega^2 + 20.193 omega^3,-1.5822693832e-01,1.4101216775e-02,2.4898890084e+00,-3.1122078669e-04,-1.7413621358e-01,-1.1892881181e+01,0.0000000000e+00,2.9769783495e-03,3.9462336500e-01,2.0192836220e+01
87216,2025-06-23 21:50:00,0.036467,5.828628,4.121543,1.014 omega + 0.012 theta omega + -0.458 omega^2 + -0.001 theta^2 omega + 0.178 theta omega^2 + -7.129 omega^3,-0.001 theta + 0.038 omega + 0.002 theta omega + -0.037 omega^2 + 0.075 theta omega^2 + -4.272 omega^3,-2.8004007848e-04,-5.1880928062e-04,3.7547990623e-02,-5.0419910164e-05,2.4063223945e-03,-3.7052366213e-02,0.0000000000e+00,-4.6411814122e-04,7.4859370056e-02,-4.2724968753e+00
87217,2025-06-23 21:55:00,nan,nan,nan,0.081 1 + 0.005 theta + 1.429 omega + 0.053 theta omega + -2.814 omega^2 + 0.126 theta omega^2 + -14.871 omega^3,0.148 1 + 0.011 theta + 0.625 omega + 0.104 theta omega + -6.883 omega^2 + 0.243 theta omega^2 + -31.931 omega^3,1.4784801900e-01,1.0594134364e-02,6.2490761897e-01,6.6875462268e-05,1.0411090776e-01,-6.8831776026e+00,0.0000000000e+00,4.0136390449e-04,2.4342742112e-01,-3.1930889282e+01
87218,2025-06-23 22:00:00,0.047748,4.419178,3.125013,0.074 1 + 0.005 theta + 1.838 omega + 0.056 theta omega + 1.902 omega^2 + 0.161 theta omega^2 + -2.552 omega^3,0.145 1 + 0.010 theta + 1.614 omega + 0.109 theta omega + 3.550 omega^2 + 0.302 theta omega^2 + -4.890 omega^3,1.4469921975e-01,9.5055032071e-03,1.6139303816e+00,4.1176763328e-05,1.0882455263e-01,3.5502281062e+00,0.0000000000e+00,2.7108251756e-04,3.0171858984e-01,-4.8896295866e+00
87219,2025-06-23 22:05:00,0.044429,4.095476,2.896110,-0.046 1 + -0.002 theta + 0.223 omega + -0.023 theta omega + -3.945 omega^2 + -0.067 theta omega^2 + -5.443 omega^3,-0.093 1 + -0.003 theta + -1.581 omega + -0.051 theta omega + -7.475 omega^2 + -0.204 theta omega^2 + -6.223 omega^3,-9.3207141454e-02,-3.3197556695e-03,-1.5811982434e+00,-4.0286482281e-06,-5.0755604678e-02,-7.4746149916e+00,0.0000000000e+00,1.2936825808e-05,-2.0411724618e-01,-6.2233967949e+00
87220,2025-06-23 22:10:00,0.083269,5.372731,3.799551,0.009 1 + 0.001 theta + 1.052 omega + 0.004 theta omega + -0.330 omega^2 + -0.028 theta omega^2 + -0.655 omega^3,0.018 1 + 0.001 theta + 0.104 omega + 0.009 theta omega + -0.666 omega^2 + -0.056 theta omega^2 + -1.298 omega^3,1.8082702409e-02,1.2439576397e-03,1.0399434608e-01,-5.3580135174e-05,8.8065557060e-03,-6.6625610416e-01,-4.0406081696e-06,1.9167599974e-04,-5.6330330231e-02,-1.2978299408e+00
87221,2025-06-23 22:15:00,0.020559,1.699999,1.202168,0.102 1 + 0.001 theta + -0.368 omega + -0.006 theta omega + 6.047 omega^2 + 0.012 theta omega^2 + -8.778 omega^3,0.205 1 + 0.002 theta + -2.760 omega + -0.013 theta omega + 12.211 omega^2 + 0.024 theta omega^2 + -17.743 omega^3,2.0475089038e-01,1.6892507429e-03,-2.7599180014e+00,-4.5612068769e-06,-1.2770403666e-02,1.2211207216e+01,0.0000000000e+00,1.6150011029e-05,2.4115243283e-02,-1.7743367489e+01
87222,2025-06-23 22:20:00,0.024761,1.484628,1.049936,-0.014 1 + 0.002 theta + 1.052 omega + -0.013 theta omega + 0.631 omega^2 + 0.013 theta omega^2 + -2.529 omega^3,-0.030 1 + 0.004 theta + 0.094 omega + -0.032 theta omega + 1.833 omega^2 + 0.001 theta^2 omega + 0.041 theta omega^2 + -7.866 omega^3,-2.9982278495e-02,3.9750076945e-03,9.4267079546e-02,-8.4133348483e-05,-3.1519914082e-02,1.8326426910e+00,0.0000000000e+00,5.3435431660e-04,4.0500439885e-02,-7.8655526384e+00
87223,2025-06-23 22:25:00,0.018027,1.353535,0.957178,-0.062 1 + 0.001 theta + 1.535 omega + -0.011 theta omega + 0.257 omega^2 + 0.018 theta omega^2 + -7.532 omega^3,-0.256 1 + 0.012 theta + 2.903 omega + -0.110 theta omega + -7.802 omega^2 + 0.239 theta omega^2 + -2.728 omega^3,-2.5558680634e-01,1.2019327169e-02,2.9034013946e+00,-1.1482428207e-04,-1.0954247351e-01,-7.8016606931e+00,0.0000000000e+00,4.8661166348e-04,2.3894800974e-01,-2.7279607608e+00
87224,2025-06-23 22:30:00,nan,nan,nan,0.001 1 + -0.001 theta + 1.007 omega + 0.007 theta omega + -0.120 omega^2 + -0.038 theta omega^2 + 1.441 omega^3,0.001 1 + -0.002 theta + 0.015 omega + -0.001 theta^2 + 0.015 theta omega + -0.217 omega^2 + 0.001 theta^2 omega + -0.074 theta omega^2 + 2.919 omega^3,9.7845825891e-04,-2.2356438332e-03,1.5463529525e-02,-5.9650754144e-04,1.4740975211e-02,-2.1710030387e-01,-2.8041484123e-05,8.1706457551e-04,-7.3539755585e-02,2.9192195842e+00
87225,2025-06-23 22:35:00,0.169351,4.296971,3.040776,0.002 1 + -0.001 theta + 0.928 omega + -0.002 theta omega + 0.955 omega^2 + -0.038 theta omega^2 + -2.156 omega^3,0.004 1 + -0.001 theta + -0.136 omega + -0.005 theta omega + 1.880 omega^2 + 0.001 theta^2 omega + -0.078 theta omega^2 + -4.216 omega^3,3.7650399222e-03,-1.0328443232e-03,-1.3584434330e-01,1.3551063956e-04,-4.6299792976e-03,1.8797430724e+00,-5.4899413126e-06,8.4721313740e-04,-7.7885590559e-02,-4.2162708107e+00
87226,2025-06-23 22:40:00,0.005596,0.161712,0.114416,0.326 1 + -3.766 omega + 0.004 theta omega + 22.849 omega^2 + -0.024 theta omega^2 + -35.745 omega^3,0.638 1 + -9.335 omega + 0.009 theta omega + 44.760 omega^2 + -0.049 theta omega^2 + -70.002 omega^3,6.3833195665e-01,5.8794400114e-06,-9.3347198425e+00,-2.7172157028e-05,9.2373704195e-03,4.4759995517e+01,0.0000000000e+00,1.4323852540e-04,-4.9103327154e-02,-7.0001932518e+01
87227,2025-06-23 22:45:00,0.028350,1.751519,1.238673,0.046 1 + -0.002 theta + 0.443 omega + 0.022 theta omega + 2.079 omega^2 + -0.050 theta omega^2 + -2.263 omega^3,0.089 1 + -0.005 theta + -1.091 omega + 0.044 theta omega + 4.105 omega^2 + -0.098 theta omega^2 + -4.493 omega^3,8.9428881910e-02,-4.7913599904e-03,-1.0908533609e+00,6.3343516159e-05,4.3543477690e-02,4.1051685501e+00,0.0000000000e+00,-3.5024824042e-04,-9.7801166597e-02,-4.4926511349e+00
87228,2025-06-23 22:50:00,nan,nan,nan,0.002 1 + 0.942 omega + 0.001 theta omega + 0.191 omega^2 + -0.062 theta omega^2 + 3.200 omega^3,0.006 1 + -0.129 omega + 0.008 theta omega + 0.062 omega^2 + -0.122 theta omega^2 + 6.797 omega^3,5.9371945783e-03,4.3797881752e-04,-1.2905216010e-01,-5.1967408273e-05,8.4611913604e-03,6.2272453660e-02,0.0000000000e+00,4.8725361394e-04,-1.2224007509e-01,6.7968649735e+00
87229,2025-06-23 22:55:00,nan,nan,nan,-0.003 1 + 0.993 omega + -0.003 theta omega + 0.510 omega^2 + -0.070 theta omega^2 + 3.585 omega^3,-0.005 1 + 0.001 theta + -0.015 omega + -0.005 theta omega + 0.978 omega^2 + 0.001 theta^2 omega + -0.136 theta omega^2 + 7.021 omega^3,-4.8092912475e-03,6.6915699509e-04,-1.4899649704e-02,-7.0483350838e-05,-4.6011934972e-03,9.7800955977e-01,-2.3901227161e-06,7.1756958819e-04,-1.3633763099e-01,7.0210383770e+00
87230,2025-06-23 23:00:00,nan,nan,nan,0.082 1 + -0.001 theta + 1.884 omega + -0.001 theta omega + 2.777 omega^2 + 0.014 theta omega^2 + 2.091 omega^3,0.168 1 + -0.002 theta + 1.793 omega + -0.001 theta omega + 5.595 omega^2 + 0.029 theta omega^2 + 4.225 omega^3,1.6757152079e-01,-1.6545997938e-03,1.7925794960e+00,-4.2327216710e-05,-5.6444324581e-04,5.5949374572e+00,0.0000000000e+00,-1.8597714902e-04,2.8545712030e-02,4.2248665142e+00
87231,2025-06-23 23:05:00,nan,nan,nan,0.025 1 + 0.003 theta + 1.251 omega + 0.016 theta omega + 1.056 omega^2 + 0.019 theta omega^2 + 2.021 omega^3,0.042 1 + 0.005 theta + 0.387 omega + 0.030 theta omega + 1.347 omega^2 + 0.042 theta omega^2 + 2.103 omega^3,4.1937384875e-02,4.6845920335e-03,3.8683343963e-01,4.2121004238e-05,3.0218421600e-02,1.3471295927e+00,0.0000000000e+00,1.8117564872e-04,4.2418035822e-02,2.1031054055e+00
87232,2025-06-23 23:10:00,nan,nan,nan,-0.017 1 + 0.001 theta + 0.570 omega + 0.014 theta omega + -3.627 omega^2 + 0.049 theta omega^2 + -9.540 omega^3,0.120 1 + -0.001 theta + 2.408 omega + -0.004 theta omega + 15.266 omega^2 + 0.028 theta omega^2 + 30.388 omega^3,1.2021326274e-01,-1.1905332540e-03,2.4077121491e+00,-3.6737496429e-05,-3.9750864852e-03,1.5265757892e+01,0.0000000000e+00,-2.5455131151e-04,2.8261968655e-02,3.0388072225e+01
87233,2025-06-23 23:15:00,0.024615,0.945296,0.668652,0.007 1 + 0.001 theta + 1.191 omega + 0.013 theta omega + 1.961 omega^2 + 0.050 theta omega^2 + 6.621 omega^3,0.012 1 + 0.001 theta + 0.355 omega + 0.018 theta omega + 3.749 omega^2 + 0.091 theta omega^2 + 12.366 omega^3,1.1625451644e-02,1.1159157327e-03,3.5487017297e-01,2.6010913184e-05,1.8168869230e-02,3.7487740769e+00,0.0000000000e+00,1.6883339066e-04,9.1334472758e-02,1.2366494570e+01
87234,2025-06-23 23:20:00,nan,nan,nan,0.018 1 + -0.001 theta + 1.650 omega + -0.022 theta omega + 6.809 omega^2 + -0.113 theta omega^2 + 23.260 omega^3,0.024 1 + -0.001 theta + 0.815 omega + -0.011 theta omega + 7.445 omega^2 + -0.027 theta omega^2 + 21.202 omega^3,2.4210175258e-02,-1.2985896578e-03,8.1479601309e-01,-2.6320788541e-05,-1.1228281158e-02,7.4446653639e+00,0.0000000000e+00,-1.4250107699e-04,-2.7067614678e-02,2.1202430676e+01
87235,2025-06-23 23:25:00,nan,nan,nan,0.018 1 + 0.004 theta + 1.197 omega + 0.032 theta omega + 0.779 omega^2 + 0.001 theta^2 omega + 0.030 theta omega^2 + 2.943 omega^3,0.033 1 + 0.004 theta + 0.332 omega + 0.042 theta omega + 0.659 omega^2 + 0.001 theta^2 omega + 0.023 theta omega^2 + 2.235 omega^3,3.2917823244e-02,4.3773818333e-03,3.3238808959e-01,1.2122612726e-04,4.1823173101e-02,6.5856250015e-01,0.0000000000e+00,1.0971952049e-03,2.2983390622e-02,2.2348601922e+00
87236,2025-06-23 23:30:00,0.019681,2.802142,1.981462,0.014 1 + 0.001 theta + 0.634 omega + 0.003 theta omega + 2.391 omega^2 + -0.043 theta omega^2 + -4.062 omega^3,0.027 1 + 0.001 theta + -0.710 omega + 0.005 theta omega + 4.661 omega^2 + -0.085 theta omega^2 + -7.869 omega^3,2.7389128014e-02,1.0307369653e-03,-7.0998755656e-01,-6.5437496083e-05,5.4726874838e-03,4.6608860644e+00,0.0000000000e+00,4.5460645296e-04,-8.4720831671e-02,-7.8686652824e+00
87237,2025-06-23 23:35:00,0.173615,28.431981,20.104821,-0.029 1 + 0.001 theta + 0.868 omega + 0.012 theta omega + 1.426 omega^2 + -0.066 theta omega^2 + -1.189 omega^3,-0.060 1 + 0.002 theta + -0.271 omega + 0.024 theta omega + 2.880 omega^2 + -0.001 theta^2 omega + -0.134 theta omega^2 + -2.217 omega^3,-5.9863801421e-02,2.2519719526e-03,-2.7093511763e-01,1.6796551288e-04,2.4209992187e-02,2.8799299948e+00,-6.7833196724e-06,-5.1064233592e-04,-1.3406273029e-01,-2.2165852346e+00
87238,2025-06-23 23:40:00,0.022426,2.275094,1.608812,0.001 1 + -0.001 theta + 1.145 omega + -0.040 theta omega + 3.884 omega^2 + 0.001 theta^2 omega + -0.369 theta omega^2 + 28.261 omega^3,0.003 1 + -0.002 theta + 0.302 omega + -0.081 theta omega + 7.879 omega^2 + 0.003 theta^2 omega + -0.742 theta omega^2 + 56.950 omega^3,3.1686823932e-03,-1.7408183197e-03,3.0157767455e-01,1.7998689241e-04,-8.0773221062e-02,7.8794462055e+00,-2.4789410961e-06,2.6851183773e-03,-7.4234242764e-01,5.6950138487e+01
87239,2025-06-23 23:45:00,0.130090,8.937183,6.320212,0.008 1 + 1.010 omega + -0.270 omega^2 + -0.020 theta omega^2 + -0.195 omega^3,0.018 1 + 0.029 omega + -0.585 omega^2 + -0.041 theta omega^2 + -0.610 omega^3,1.8244474936e-02,1.7718725316e-04,2.9031424291e-02,-2.0128203651e-04,-2.1418796763e-06,-5.8504156613e-01,-8.9008498449e-06,-6.0385367852e-05,-4.1318929450e-02,-6.0974310390e-01
87240,2025-06-23 23:50:00,0.122539,7.055015,4.989402,0.001 1 + 0.991 omega + -0.026 omega^2 + -0.013 theta omega^2 + 0.291 omega^3,0.004 1 + -0.014 omega + 0.001 theta omega + -0.125 omega^2 + -0.005 theta omega^2 + 0.429 omega^3,4.4069390308e-03,-2.4798046398e-05,-1.3948226439e-02,-3.7169179245e-05,9.3978140791e-04,-1.2494663245e-01,0.0000000000e+00,-2.2283115774e-05,-5.4604164902e-03,4.2941855956e-01
87241,2025-06-23 23:55:00,0.015843,0.955375,0.675645,0.010 1 + 0.001 theta + 1.031 omega + 0.002 theta omega + -0.297 omega^2 + -0.028 theta omega^2 + -0.768 omega^3,0.019 1 + 0.002 theta + 0.055 omega + 0.004 theta omega + -0.577 omega^2 + -0.053 theta omega^2 + -1.312 omega^3,1.8979137190e-02,1.9646616484e-03,5.5106116595e-02,-4.8487158278e-06,3.7913981461e-03,-5.7730522689e-01,-3.6870822233e-06,3.5179101572e-05,-5.3456529962e-02,-1.3116833544e+00
87242,2025-06-24 00:00:00,0.027069,1.477795,1.045134,-0.004 1 + 0.987 omega + 0.006 theta omega + 0.229 omega^2 + 0.010 theta omega^2 + 1.497 omega^3,-0.007 1 + -0.024 omega + 0.012 theta omega + 0.447 omega^2 + 0.021 theta omega^2 + 2.951 omega^3,-6.9659647703e-03,2.6485203717e-04,-2.4381577229e-02,-1.1896677762e-05,1.1978623139e-02,4.4709251824e-01,-1.3882828769e-06,4.2701198948e-04,2.0576288311e-02,2.9512661150e+00
87243,2025-06-24 00:05:00,0.033650,3.385809,2.394247,-0.004 1 + 1.156 omega + -0.006 theta omega + -1.353 omega^2 + 0.022 theta omega^2 + 3.909 omega^3,-0.007 1 + 0.293 omega + -0.012 theta omega + -2.396 omega^2 + 0.075 theta omega^2 + 4.960 omega^3,-7.4845614451e-03,1.0438236248e-04,2.9300346148e-01,1.6242245211e-05,-1.2084645073e-02,-2.3961282756e+00,0.0000000000e+00,-6.8129787393e-05,7.4711464440e-02,4.9604733740e+00
87244,2025-06-24 00:10:00,0.088747,2.987021,2.113075,-0.005 1 + 1.045 omega + 0.189 omega^2 + -0.028 theta omega^2 + -1.569 omega^3,-0.010 1 + 0.001 theta + 0.090 omega + 0.382 omega^2 + -0.057 theta omega^2 + -3.098 omega^3,-1.0318357566e-02,7.9098798265e-04,8.9914463877e-02,1.7757687104e-04,-6.0930302322e-05,3.8198641809e-01,-1.0612781803e-05,-2.3926073080e-04,-5.7273728307e-02,-3.0979089846e+00
87245,2025-06-24 00:15:00,nan,nan,nan,0.006 1 + 0.001 theta + 0.994 omega + -0.300 omega^2 + -0.015 theta omega^2 + 0.861 omega^3,0.012 1 + 0.001 theta + -0.012 omega + 0.001 theta omega + -0.589 omega^2 + -0.031 theta omega^2 + 1.706 omega^3,1.1852272568e-02,1.4446195625e-03,-1.1995945303e-02,-5.0879925715e-05,1.0571728708e-03,-5.8877856420e-01,-1.0225870441e-05,2.8014161273e-04,-3.0843298806e-02,1.7063423261e+00
87246,2025-06-24 00:20:00,nan,nan,nan,-0.004 1 + 0.001 theta + 1.070 omega + -0.006 theta omega + -0.536 omega^2 + 0.003 theta omega^2 + 1.721 omega^3,-0.013 1 + 0.002 theta + 0.195 omega + -0.012 theta omega + -1.285 omega^2 + 0.006 theta omega^2 + 3.756 omega^3,-1.3291959081e-02,1.7290281364e-03,1.9503345750e-01,-2.5329399059e-05,-1.1988789992e-02,-1.2848539580e+00,0.0000000000e+00,1.6004233636e-04,6.1406180529e-03,3.7557468320e+00
87247,2025-06-24 00:25:00,nan,nan,nan,0.014 1 + -0.004 theta + 0.952 omega + 0.024 theta omega + -0.819 omega^2 + -0.001 theta^2 omega + 0.020 theta omega^2 + 3.013 omega^3,0.027 1 + -0.008 theta + -0.072 omega + 0.001 theta^2 + 0.047 theta omega + -1.756 omega^2 + -0.003 theta^2 omega + 0.047 theta omega^2 + 6.208 omega^3,2.6621508146e-02,-7.9621576127e-03,-7.1959531440e-02,5.1686260893e-04,4.7414792574e-02,-1.7557406505e+00,-5.6390590149e-06,-2.7972830374e-03,4.7185690948e-02,6.2077889037e+00
87248,2025-06-24 00:30:00,0.017947,1.661324,1.174802,0.016 1 + 0.001 theta + 0.564 omega + -0.011 theta omega + 3.863 omega^2 + 0.057 theta omega^2 + -11.577 omega^3,0.015 1 + -0.323 omega + -0.001 theta omega + 2.105 omega^2 + -0.004 theta omega^2 + -3.793 omega^3,1.4947050407e-02,2.0182031502e-04,-3.2325929673e-01,1.1207807314e-06,-1.0335244217e-03,2.1052489274e+00,0.0000000000e+00,-6.3558378955e-06,-3.9240838136e-03,-3.7925241485e+00
87249,2025-06-24 00:35:00,nan,nan,nan,-0.043 1 + 0.005 theta + 1.356 omega + -0.029 theta omega + -1.028 omega^2 + 0.024 theta omega^2 + 2.214 omega^3,-0.031 1 + 0.004 theta + 0.221 omega + -0.024 theta omega + -0.570 omega^2 + 0.014 theta omega^2 + 1.819 omega^3,-3.0693172640e-02,3.7233725547e-03,2.2081222345e-01,-7.3417695318e-05,-2.3581258708e-02,-5.6969068859e-01,0.0000000000e+00,4.1028870595e-04,1.3839691546e-02,1.8190239133e+00
87250,2025-06-24 00:40:00,0.053619,5.791928,4.095687,0.005 1 + -0.001 theta + 0.836 omega + 0.027 theta omega + 1.045 omega^2 + 0.001 theta^2 omega + -0.228 theta omega^2 + 2.478 omega^3,0.011 1 + -0.001 theta + -0.323 omega + 0.056 theta omega + 1.946 omega^2 + 0.001 theta^2 omega + -0.423 theta omega^2 + 4.748 omega^3,1.0874108751e-02,-1.4899555772e-03,-3.2320383180e-01,-9.8846888542e-05,5.5541416995e-02,1.9459497432e+00,0.0000000000e+00,1.0347501814e-03,-4.2271520479e-01,4.7479771420e+00
87251,2025-06-24 00:45:00,0.091806,1.934332,1.369319,0.069 1 + -0.009 theta + 0.019 omega + 0.091 theta omega + 3.490 omega^2 + -0.002 theta^2 omega + -0.213 theta omega^2 + 0.055 omega^3,0.134 1 + -0.017 theta + -1.921 omega + 0.001 theta^2 + 0.177 theta omega + 6.888 omega^2 + -0.004 theta^2 omega + -0.421 theta omega^2 + 0.172 omega^3,1.3410178069e-01,-1.7250227438e-02,-1.9213559589e+00,7.7083436598e-04,1.7678843673e-01,6.8882808523e+00,-1.2619867775e-05,-3.8074884572e-03,-4.2143356671e-01,1.7197045448e-01
87252,2025-06-24 00:50:00,nan,nan,nan,-0.007 1 + -0.001 theta + 1.260 omega + 0.013 theta omega + -3.236 omega^2 + -0.066 theta omega^2 + 12.983 omega^3,-0.014 1 + -0.001 theta + 0.562 omega + 0.029 theta omega + -6.890 omega^2 + -0.137 theta omega^2 + 27.226 omega^3,-1.4434153021e-02,-1.4246083453e-03,5.6210938527e-01,9.6368188953e-06,2.8765894570e-02,-6.8904257275e+00,0.0000000000e+00,-1.3364675630e-04,-1.3653550159e-01,2.7225527730e+01
87253,2025-06-24 00:55:00,0.037500,5.265787,3.723568,-0.035 1 + 0.002 theta + 1.481 omega + -0.007 theta omega + -3.200 omega^2 + -0.006 theta omega^2 + 8.857 omega^3,0.005 1 + -0.144 omega + 0.012 theta omega + 0.388 omega^2 + -0.049 theta omega^2 + 1.302 omega^3,5.4244110777e-03,-4.0212104218e-04,-1.4421872036e-01,0.0000000000e+00,1.2236896590e-02,3.8752178215e-01,0.0000000000e+00,-5.5587618592e-05,-4.8826823157e-02,1.3023716402e+00
87254,2025-06-24 01:00:00,0.050885,3.737240,2.642873,0.105 1 + -0.010 theta + -0.488 omega + 0.112 theta omega + 5.322 omega^2 + -0.002 theta^2 omega + -0.294 theta omega^2 + -1.073 omega^3,0.204 1 + -0.018 theta + -2.937 omega + 0.220 theta omega + 10.763 omega^2 + -0.003 theta^2 omega + -0.591 theta omega^2 + -2.763 omega^3,2.0407862461e-01,-1.8238806266e-02,-2.9371429140e+00,3.8172791302e-04,2.1959031213e-01,1.0762863506e+01,0.0000000000e+00,-3.0879830194e-03,-5.9137714310e-01,-2.7626867765e+00
87255,2025-06-24 01:05:00,0.006361,0.719026,0.508448,-0.152 1 + -0.003 theta + 3.842 omega + 0.031 theta omega + -17.563 omega^2 + -0.092 theta omega^2 + 35.918 omega^3,-0.310 1 + -0.005 theta + 5.790 omega + 0.063 theta omega + -35.796 omega^2 + -0.191 theta omega^2 + 73.307 omega^3,-3.1003241331e-01,-5.3687940866e-03,5.7904760721e+00,-3.3291007848e-06,6.3338543923e-02,-3.5796364183e+01,0.0000000000e+00,5.7472288648e-05,-1.9057922561e-01,7.3306632346e+01
87256,2025-06-24 01:10:00,0.021044,3.001150,2.122186,0.024 1 + 0.001 theta + 0.298 omega + 0.004 theta omega + 4.550 omega^2 + -0.032 theta omega^2 + -8.477 omega^3,0.304 1 + -0.008 theta + -4.999 omega + 0.095 theta omega + 25.872 omega^2 + -0.264 theta omega^2 + -42.943 omega^3,3.0351573436e-01,-7.7082524847e-03,-4.9994581717e+00,4.7919081117e-05,9.5049641825e-02,2.5871549577e+01,0.0000000000e+00,-3.8614597019e-04,-2.6430566723e-01,-4.2943004999e+01
87257,2025-06-24 01:15:00,nan,nan,nan,0.010 1 + 0.803 omega + 0.003 theta omega + 0.959 omega^2 + -0.031 theta omega^2 + -0.226 omega^3,-0.024 1 + 0.004 theta + 0.263 omega + -0.032 theta omega + -0.764 omega^2 + 0.001 theta^2 omega + 0.030 theta omega^2 + 1.500 omega^3,-2.4483840963e-02,3.5323364236e-03,2.6348969139e-01,-9.3277327532e-05,-3.1821339508e-02,-7.6410963166e-01,0.0000000000e+00,7.4313086266e-04,2.9666242248e-02,1.5002836377e+00
87258,2025-06-24 01:20:00,0.048093,2.457177,1.737819,1.035 omega + -0.003 theta omega + -0.502 omega^2 + 0.026 theta omega^2 + 1.513 omega^3,-0.001 theta + 0.068 omega + -0.006 theta omega + -0.920 omega^2 + 0.049 theta omega^2 + 2.937 omega^3,2.7906708186e-04,-6.6146899750e-04,6.7537140189e-02,1.4526485180e-04,-6.4170317859e-03,-9.2020790511e-01,-6.0375095828e-06,-4.8161287394e-05,4.9390652470e-02,2.9367402327e+00
87259,2025-06-24 01:25:00,0.024438,3.299789,2.333367,0.001 1 + 1.017 omega + 0.014 theta omega + -1.368 omega^2 + 0.151 theta omega^2 + -15.171 omega^3,0.005 1 + -0.002 theta + 0.317 omega + -0.013 theta omega + 2.705 omega^2 + -0.001 theta^2 omega + 0.051 theta omega^2,5.4587297596e-03,-1.7599558841e-03,3.1705755641e-01,-6.7057076472e-05,-1.2954697626e-02,2.7049364529e+00,0.0000000000e+00,-6.6892288913e-04,5.0847790553e-02,0.0000000000e+00
87260,2025-06-24 01:30:00,nan,nan,nan,-0.002 1 + -0.001 theta + 0.947 omega + -0.025 theta omega + -0.281 omega^2 + -0.141 theta omega^2 + 0.176 omega^3,-0.003 1 + -0.001 theta + -0.105 omega + -0.051 theta omega + -0.545 omega^2 + -0.001 theta^2 omega + -0.282 theta omega^2 + 0.404 omega^3,-3.0698018503e-03,-1.4390171484e-03,-1.0491068672e-01,1.1684882439e-05,-5.1173342741e-02,-5.4513464338e-01,6.0229157725e-07,-5.6519921766e-04,-2.8170365582e-01,4.0417974636e-01
87261,2025-06-24 01:35:00,0.053264,1.626272,1.150564,0.001 1 + -0.002 theta + 0.972 omega + 0.001 theta^2 + 0.017 theta omega + 0.153 omega^2 + -0.002 theta^2 omega + -0.034 theta omega^2 + -0.006 omega^3,0.002 1 + -0.003 theta + -0.050 omega + 0.001 theta^2 + 0.028 theta omega + 0.296 omega^2 + -0.004 theta^2 omega + -0.058 theta omega^2 + 0.686 omega^3,1.8955094631e-03,-2.7362446864e-03,-4.9782374712e-02,1.4499838487e-03,2.7938697996e-02,2.9583795816e-01,-2.2534979006e-04,-3.6848364424e-03,-5.7846010918e-02,6.8584068600e-01
87262,2025-06-24 01:40:00,0.058082,1.476559,1.044892,0.001 1 + 0.001 theta + 1.003 omega + 0.008 theta omega + -0.059 omega^2 + 0.001 theta^2 omega + -0.006 theta omega^2 + -0.413 omega^3,0.003 theta + -0.004 omega + 0.012 theta omega + -0.082 omega^2 + 0.002 theta^2 omega + -0.005 theta omega^2 + -0.821 omega^3,4.1973988829e-04,2.5696235500e-03,-3.8548508710e-03,4.5115690367e-04,1.2491495824e-02,-8.1697325126e-02,1.3191083795e-05,1.7658308246e-03,-5.3843107585e-03,-8.2067246319e-01
87263,2025-06-24 01:45:00,0.142013,10.618548,7.509119,-0.003 theta + 1.024 omega + -0.014 theta omega + -0.179 omega^2 + -0.001 theta^2 omega + -0.017 theta omega^2 + -1.373 omega^3,-0.005 theta + 0.051 omega + -0.026 theta omega + -0.311 omega^2 + -0.001 theta^2 omega + -0.033 theta omega^2 + -2.477 omega^3,4.3828615685e-04,-5.2491392063e-03,5.1074579733e-02,-3.9797471800e-04,-2.6385280266e-02,-3.1113388352e-01,-7.5362006797e-06,-1.1443090743e-03,-3.3087938025e-02,-2.4774280636e+00
87264,2025-06-24 01:50:00,nan,nan,nan,0.001 1 + 1.075 omega + -0.033 theta omega + 3.033 omega^2 + 0.001 theta^2 omega + -0.323 theta omega^2 + 25.849 omega^3,0.002 1 + -0.001 theta + 0.156 omega + -0.065 theta omega + 6.091 omega^2 + 0.002 theta^2 omega + -0.645 theta omega^2 + 51.704 omega^3,1.9279545857e-03,-6.3563175663e-04,1.5584360475e-01,1.7488148310e-04,-6.5164532234e-02,6.0910716029e+00,-1.6988996578e-08,1.9757300845e-03,-6.4496949557e-01,5.1703921601e+01
87265,2025-06-24 01:55:00,nan,nan,nan,0.061 1 + 0.006 theta + 1.810 omega + 0.060 theta omega + 2.772 omega^2 + 0.001 theta^2 omega + 0.132 theta omega^2 + 0.601 omega^3,0.074 1 + 0.006 theta + 1.078 omega + 0.078 theta omega + 3.892 omega^2 + 0.001 theta^2 omega + 0.192 theta omega^2 + 0.670 omega^3,7.4119324458e-02,6.2826529322e-03,1.0779233363e+00,1.3100603380e-04,7.7570366935e-02,3.8917281263e+00,0.0000000000e+00,1.2113892801e-03,1.9201904898e-01,6.6958109509e-01
87266,2025-06-24 02:00:00,0.051045,3.084764,2.181556,1.002 omega + -0.002 theta omega + 0.132 omega^2 + -0.033 theta omega^2 + 0.723 omega^3,0.005 omega + -0.006 theta omega + 0.288 omega^2 + -0.069 theta omega^2 + 1.615 omega^3,3.3872995460e-05,2.2476969471e-04,5.2019624023e-03,6.3135750897e-05,-5.5108060278e-03,2.8769315370e-01,-1.1981602607e-05,3.7026023731e-04,-6.8685911431e-02,1.6146159198e+00
87267,2025-06-24 02:05:00,0.065393,3.931574,2.780427,0.001 1 + 0.001 theta + 0.980 omega + -0.003 theta omega + -0.110 omega^2 + -0.035 theta omega^2 + 2.039 omega^3,0.002 1 + 0.001 theta + -0.043 omega + -0.008 theta omega + -0.161 omega^2 + -0.050 theta omega^2 + 4.228 omega^3,1.9662541626e-03,9.7135416710e-04,-4.3062602863e-02,1.4378436487e-04,-8.1880073069e-03,-1.6058897179e-01,0.0000000000e+00,-4.1341214594e-04,-4.9563402835e-02,4.2280275449e+00
87268,2025-06-24 02:10:00,0.048780,2.374686,1.679511,0.971 omega + -0.004 theta omega + -0.123 omega^2 + 0.002 theta^2 omega + 0.026 theta omega^2 + 2.496 omega^3,-0.001 theta + -0.060 omega + -0.008 theta omega + -0.250 omega^2 + 0.004 theta^2 omega + 0.054 theta omega^2 + 5.155 omega^3,4.4574672744e-04,-7.1457262204e-04,-5.9918084089e-02,8.8998025364e-05,-7.8054439117e-03,-2.5002676660e-01,-5.2713962936e-06,3.7180094102e-03,5.3538653413e-02,5.1549094642e+00
87269,2025-06-24 02:15:00,0.020665,1.655957,1.171030,0.001 1 + -0.001 theta + 1.017 omega + 0.007 theta omega + -0.176 omega^2 + -0.001 theta^2 omega + 0.026 theta omega^2 + -0.995 omega^3,0.003 1 + -0.001 theta + 0.023 omega + 0.010 theta omega + -0.513 omega^2 + -0.001 theta^2 omega + 0.016 theta omega^2 + 1.098 omega^3,2.8264282756e-03,-1.3819160953e-03,2.3454414873e-02,8.7132309209e-05,1.0270421781e-02,-5.1251924155e-01,0.0000000000e+00,-7.7009450285e-04,1.6277707897e-02,1.0983823811e+00
87270,2025-06-24 02:20:00,0.071523,5.637464,3.986610,-0.001 1 + -0.001 theta + 1.016 omega + 0.017 theta omega + 0.172 omega^2 + 0.001 theta^2 omega + -0.186 theta omega^2 + 1.338 omega^3,-0.002 1 + -0.002 theta + 0.037 omega + 0.036 theta omega + 0.291 omega^2 + 0.001 theta^2 omega + -0.303 theta omega^2 + 1.190 omega^3,-1.9190235856e-03,-2.0100230409e-03,3.6727733124e-02,-3.4667374153e-05,3.5582926305e-02,2.9087153940e-01,6.4456797504e-06,5.9266603544e-04,-3.0289511648e-01,1.1902592846e+00
87271,2025-06-24 02:25:00,0.047753,3.090979,2.185913,0.072 1 + -0.007 theta + -0.466 omega + 0.114 theta omega + 8.322 omega^2 + -0.002 theta^2 omega + -0.351 theta omega^2 + -11.615 omega^3,0.139 1 + -0.014 theta + -2.845 omega + 0.222 theta omega + 16.188 omega^2 + -0.004 theta^2 omega + -0.685 theta omega^2 + -22.369 omega^3,1.3873462311e-01,-1.3891512968e-02,-2.8454180371e+00,3.5568089191e-04,2.2177972568e-01,1.6187918540e+01,-3.5096552061e-07,-4.1529197211e-03,-6.8518354073e-01,-2.2369024932e+01
87272,2025-06-24 02:30:00,0.026785,1.696354,1.199653,0.020 1 + 0.259 omega + 0.038 theta omega + 6.828 omega^2 + -0.322 theta omega^2 + -9.084 omega^3,0.040 1 + -0.001 theta + -1.476 omega + 0.076 theta omega + 13.534 omega^2 + -0.651 theta omega^2 + -17.168 omega^3,4.0297341598e-02,-7.9727367121e-04,-1.4758880523e+00,-1.9159731047e-04,7.5997291377e-02,1.3533825695e+01,6.1878387094e-06,2.5073862944e-04,-6.5059435890e-01,-1.7168444809e+01
87273,2025-06-24 02:35:00,0.008720,0.922382,0.652252,-0.038 1 + -0.002 theta + 2.363 omega + 0.025 theta omega + -13.328 omega^2 + -0.045 theta omega^2 + 39.029 omega^3,-0.044 1 + -0.001 theta + 1.204 omega + 0.007 theta omega + -10.066 omega^2 + 0.004 theta omega^2 + 26.489 omega^3,-4.4417830516e-02,-1.0705833887e-03,1.2041308475e+00,3.3824339897e-05,7.0667222486e-03,-1.0066187074e+01,0.0000000000e+00,-2.3477297532e-04,4.3720280138e-03,2.6488511550e+01
87274,2025-06-24 02:40:00,0.032477,3.062649,2.165742,-0.030 1 + 0.003 theta + 1.040 omega + -0.021 theta omega + 2.194 omega^2 + 0.010 theta omega^2 + -7.395 omega^3,0.003 theta + -0.879 omega + -0.015 theta omega + 9.374 omega^2 + -0.052 theta omega^2 + -23.266 omega^3,0.0000000000e+00,3.3546047670e-03,-8.7938570690e-01,-7.4513210262e-05,-1.4843091262e-02,9.3739265717e+00,0.0000000000e+00,4.8951111267e-04,-5.1952765696e-02,-2.3265858163e+01
87275,2025-06-24 02:45:00,0.048606,4.725287,3.341459,0.007 1 + 0.001 theta + 0.777 omega + 0.003 theta omega + 1.315 omega^2 + -0.052 theta omega^2 + 0.171 omega^3,0.016 1 + 0.002 theta + -0.482 omega + 0.006 theta omega + 2.861 omega^2 + 0.001 theta^2 omega + -0.112 theta omega^2 + 0.136 omega^3,1.5922646153e-02,1.5406433243e-03,-4.8161320830e-01,-1.5006722324e-04,6.4857008938e-03,2.8613151547e+00,2.4045212699e-06,5.1337454530e-04,-1.1181218749e-01,1.3554347092e-01
87276,2025-06-24 02:50:00,0.199038,5.555716,3.931005,0.001 theta + 0.939 omega + 0.001 theta omega + 0.883 omega^2 + 0.002 theta^2 omega + -0.120 theta omega^2 + -1.387 omega^3,0.001 theta + -0.116 omega + 0.002 theta omega + 1.727 omega^2 + 0.003 theta^2 omega + -0.234 theta omega^2 + -2.826 omega^3,4.8224281488e-04,1.0489869869e-03,-1.1625150598e-01,-1.5879733148e-04,1.6166321294e-03,1.7271761276e+00,-8.6183581326e-06,3.3252251084e-03,-2.3397595937e-01,-2.8261238480e+00
87277,2025-06-24 02:55:00,0.043110,2.462426,1.741465,-0.090 1 + 0.004 theta + 2.190 omega + -0.040 theta omega + -4.296 omega^2 + 0.119 theta omega^2 + 2.237 omega^3,-0.120 1 + 0.002 theta + 1.549 omega + -0.037 theta omega + -4.563 omega^2 + 0.148 theta omega^2 + -2.914 omega^3,-1.2011037780e-01,2.3549207270e-03,1.5488117870e+00,3.0450083324e-05,-3.6936880912e-02,-4.5632422542e+00,0.0000000000e+00,-2.4186189933e-04,1.4845377644e-01,-2.9140775179e+00
87278,2025-06-24 03:00:00,nan,nan,nan,0.001 1 + 0.001 theta + 1.061 omega + 0.020 theta omega + 0.661 omega^2 + 0.001 theta^2 omega + 0.080 theta omega^2 + 2.087 omega^3,0.002 1 + 0.002 theta + 0.131 omega + 0.042 theta omega + 1.365 omega^2 + 0.003 theta^2 omega + 0.164 theta omega^2 + 4.318 omega^3,2.1848131200e-03,2.1870403725e-03,1.3134530628e-01,3.3506483018e-04,4.1502771849e-02,1.3648831762e+00,1.1911822198e-05,2.5215674930e-03,1.6405956136e-01,4.3183532834e+00
87279,2025-06-24 03:05:00,0.074611,5.593510,3.955561,0.001 1 + 0.001 theta + 0.996 omega + -0.006 theta omega + -0.021 omega^2 + -0.001 theta^2 omega + -0.005 theta omega^2 + 0.418 omega^3,0.001 1 + 0.001 theta + -0.007 omega + -0.013 theta omega + -0.017 omega^2 + -0.003 theta^2 omega + 0.007 theta omega^2 + 0.740 omega^3,9.1287373869e-04,1.4833588978e-03,-7.3529426260e-03,3.5602224911e-04,-1.3095677125e-02,-1.6528327802e-02,-3.5372820282e-05,-3.0104329641e-03,6.8309639076e-03,7.4047545744e-01
87280,2025-06-24 03:10:00,0.023522,1.021746,0.722675,-0.008 1 + 1.212 omega + -0.010 theta omega + -1.712 omega^2 + 0.022 theta omega^2 + 5.405 omega^3,-0.009 1 + 0.261 omega + -0.007 theta omega + -2.107 omega^2 + 0.035 theta omega^2 + 5.002 omega^3,-8.7145419086e-03,2.9185585009e-04,2.6137325020e-01,0.0000000000e+00,-7.0388172907e-03,-2.1071106830e+00,0.0000000000e+00,0.0000000000e+00,3.4541957924e-02,5.0016174133e+00
87281,2025-06-24 03:15:00,0.046242,5.443130,3.849013,0.006 1 + 0.001 theta + 0.692 omega + 0.011 theta omega + 3.132 omega^2 + -0.147 theta omega^2 + -4.815 omega^3,0.013 1 + 0.001 theta + -0.616 omega + 0.022 theta omega + 6.279 omega^2 + 0.001 theta^2 omega + -0.291 theta omega^2 + -9.780 omega^3,1.2509979001e-02,1.0859308043e-03,-6.1637651102e-01,-1.7494305915e-04,2.1503621992e-02,6.2791362385e+00,3.7687298451e-06,7.4662631709e-04,-2.9137290680e-01,-9.7800228359e+00
87282,2025-06-24 03:20:00,0.027978,3.486070,2.465103,0.025 1 + -0.001 theta + 0.264 omega + 0.030 theta omega + 5.797 omega^2 + -0.162 theta omega^2 + -11.619 omega^3,0.049 1 + -0.001 theta + -1.473 omega + 0.059 theta omega + 11.744 omega^2 + -0.320 theta omega^2 + -24.181 omega^3,4.9072709982e-02,-1.1003582774e-03,-1.4727933022e+00,-1.0814391078e-04,5.8788335389e-02,1.1743917923e+01,3.1143996968e-06,-2.2285862786e-04,-3.2033065092e-01,-2.4180958679e+01
87283,2025-06-24 03:25:00,0.006198,0.712935,0.504140,-0.093 1 + 2.566 omega + -0.009 theta omega + -7.779 omega^2 + 0.061 theta omega^2 + 9.890 omega^3,-0.171 1 + 2.682 omega + -0.029 theta omega + -11.176 omega^2 + 0.176 theta omega^2 + 6.039 omega^3,-1.7122653517e-01,4.4053911397e-04,2.6822892732e+00,6.3901617976e-05,-2.9196256734e-02,-1.1175803136e+01,0.0000000000e+00,-4.3028395699e-04,1.7587118575e-01,6.0390761940e+00
87284,2025-06-24 03:30:00,nan,nan,nan,0.011 1 + -0.002 theta + 0.991 omega + -0.003 theta omega + -0.316 omega^2 + 0.028 theta omega^2 + -0.149 omega^3,0.019 1 + -0.003 theta + -0.011 omega + -0.007 theta omega + -0.543 omega^2 + 0.001 theta^2 omega + 0.049 theta omega^2 + -0.390 omega^3,1.8918579797e-02,-2.5721078488e-03,-1.0730024152e-02,1.8604616882e-04,-7.4343769914e-03,-5.4318830833e-01,-7.1851933033e-06,5.6137724107e-04,4.9477236379e-02,-3.9041083738e-01
87285,2025-06-24 03:35:00,nan,nan,nan,-0.002 1 + -0.002 theta + 1.093 omega + 0.026 theta omega + -1.309 omega^2 + -0.094 theta omega^2 + 4.975 omega^3,0.007 1 + -0.004 theta + 0.001 omega + 0.054 theta omega + -1.554 omega^2 + -0.192 theta omega^2 + 7.938 omega^3,6.6434073443e-03,-3.6692498015e-03,1.2310542932e-03,2.2313241844e-06,5.3914665310e-02,-1.5538098860e+00,0.0000000000e+00,-2.9205655743e-05,-1.9177735564e-01,7.9378907966e+00
87286,2025-06-24 03:40:00,nan,nan,nan,0.067 1 + -0.008 theta + 0.228 omega + 0.064 theta omega + 1.903 omega^2 + -0.001 theta^2 omega + -0.117 theta omega^2 + 1.880 omega^3,0.136 1 + -0.016 theta + -1.569 omega + 0.001 theta^2 + 0.130 theta omega + 3.946 omega^2 + -0.003 theta^2 omega + -0.242 theta omega^2 + 3.599 omega^3,1.3610575483e-01,-1.5615681052e-02,-1.5694120325e+00,6.2916703353e-04,1.3035471524e-01,3.9464253824e+00,-9.4078284431e-06,-2.5495985487e-03,-2.4167218100e-01,3.5988558718e+00
87287,2025-06-24 03:45:00,0.115890,2.144544,1.518634,0.007 1 + 0.001 theta + 0.785 omega + -0.011 theta omega + 1.450 omega^2 + 0.001 theta^2 omega + -0.054 theta omega^2 + 2.091 omega^3,-0.006 omega + -0.005 theta omega + 0.113 omega^2 + 0.016 theta omega^2 + -1.037 omega^3,4.2615849281e-05,4.9207876920e-04,-6.0542333671e-03,-2.2480752643e-05,-4.6552522772e-03,1.1272011887e-01,0.0000000000e+00,1.3557882599e-04,1.6188952188e-02,-1.0368332511e+00
87288,2025-06-24 03:50:00,0.011061,1.074972,0.760160,0.001 1 + 1.034 omega + 0.010 theta omega + 0.224 omega^2 + 0.002 theta omega^2 + 3.108 omega^3,0.001 1 + -0.001 theta + 0.065 omega + 0.001 theta omega + 0.068 omega^2 + 0.048 theta omega^2 + -2.999 omega^3,1.3603984671e-03,-5.1635117376e-04,6.5423777640e-02,-2.9616992780e-05,1.3317143928e-03,6.7716279163e-02,0.0000000000e+00,-2.6221497970e-04,4.8230977397e-02,-2.9992363846e+00
87289,2025-06-24 03:55:00,0.013068,0.607553,0.429704,0.974 omega + 0.002 theta omega + -0.278 omega^2 + 0.011 theta omega^2 + -0.741 omega^3,-0.001 1 + -0.055 omega + 0.006 theta omega + -0.643 omega^2 + 0.023 theta omega^2 + -1.742 omega^3,-7.5684779985e-04,4.5199128630e-04,-5.4983200425e-02,-4.7012054149e-06,5.6023679554e-03,-6.4287662201e-01,0.0000000000e+00,-8.8702167322e-05,2.3390820023e-02,-1.7415972393e+00
87290,2025-06-24 04:00:00,0.014121,0.387400,0.274115,-0.001 theta + 1.006 omega + -0.003 theta omega + -0.202 omega^2 + -0.010 theta^2 omega + 0.645 theta omega^2 + -2.368 omega^3,-0.001 theta + 0.012 omega + -0.007 theta omega + -0.395 omega^2 + -0.001 theta^3 + -0.018 theta^2 omega + 1.271 theta omega^2 + -4.897 omega^3,4.0043642058e-04,-1.1078206777e-03,1.2296726120e-02,4.0824226208e-04,-6.7903060585e-03,-3.9494695167e-01,-6.2228126702e-04,-1.7578608884e-02,1.2713136766e+00,-4.8967469532e+00
87291,2025-06-24 04:05:00,0.021474,1.488142,1.052385,-0.001 1 + -0.002 theta + 1.010 omega + 0.003 theta omega + 1.231 omega^2 + -0.001 theta^2 omega + 0.092 theta omega^2 + -10.055 omega^3,-0.002 1 + -0.003 theta + 0.020 omega + 0.006 theta omega + 2.473 omega^2 + -0.002 theta^2 omega + 0.182 theta omega^2 + -19.975 omega^3,-1.5853522966e-03,-3.3209058042e-03,1.9868850920e-02,2.3081676571e-04,5.7423639912e-03,2.4728193964e+00,5.9438098450e-07,-2.0939871956e-03,1.8196546528e-01,-1.9975454529e+01
87292,2025-06-24 04:10:00,2.254510,13.294118,9.534579,-0.010 1 + 0.005 theta + 1.148 omega + -0.078 theta omega + -0.289 omega^2 + 0.002 theta^2 omega + 0.231 theta omega^2 + -0.506 omega^3,-0.020 1 + 0.011 theta + 0.301 omega + -0.156 theta omega + -0.658 omega^2 + 0.004 theta^2 omega + 0.461 theta omega^2 + -0.668 omega^3,-2.0126260639e-02,1.0553355554e-02,3.0063524815e-01,-4.3812207015e-04,-1.5585608493e-01,-6.5750124697e-01,2.1793928814e-06,4.2357505415e-03,4.6061632747e-01,-6.6813180764e-01
87293,2025-06-24 04:15:00,nan,nan,nan,-0.040 1 + -0.003 theta + 2.152 omega + 0.043 theta omega + -9.667 omega^2 + -0.001 theta^2 omega + -0.024 theta omega^2 + 20.137 omega^3,-0.032 1 + -0.005 theta + 1.357 omega + 0.112 theta omega + -17.085 omega^2 + 0.001 theta^2 omega + -0.548 theta omega^2 + 66.714 omega^3,-3.2328506716e-02,-5.3500610290e-03,1.3567451790e+00,-1.1983406592e-04,1.1173548704e-01,-1.7084761326e+01,0.0000000000e+00,9.1449861527e-04,-5.4807564680e-01,6.6714254347e+01
87294,2025-06-24 04:20:00,0.625335,56.109007,39.677523,-0.029 1 + 0.005 theta + 1.079 omega + -0.020 theta omega + 1.496 omega^2 + 0.001 theta^2 omega + -0.037 theta omega^2 + -5.166 omega^3,-0.061 1 + 0.009 theta + 0.199 omega + -0.044 theta omega + 2.820 omega^2 + 0.002 theta^2 omega + -0.068 theta omega^2 + -10.066 omega^3,-6.1366691951e-02,9.3817700005e-03,1.9925616843e-01,-4.2302581347e-04,-4.3861515091e-02,2.8198378499e+00,5.3107260361e-06,1.5671502817e-03,-6.7545834469e-02,-1.0065774561e+01
87295,2025-06-24 04:25:00,nan,nan,nan,-0.001 theta + 1.017 omega + 0.001 theta^2 + -0.038 theta omega + 0.300 omega^2 + 0.015 theta^2 omega + -0.126 theta omega^2 + -1.765 omega^3,0.001 1 + -0.002 theta + 0.035 omega + 0.001 theta^2 + -0.076 theta omega + 0.614 omega^2 + 0.030 theta^2 omega + -0.278 theta omega^2 + -3.285 omega^3,5.8729334258e-04,-2.4872085237e-03,3.5055968198e-02,1.2375143127e-03,-7.6224413786e-02,6.1439236475e-01,-2.6797688669e-04,3.0272100883e-02,-2.7782837873e-01,-3.2848328942e+00
87296,2025-06-24 04:30:00,0.028332,2.037909,1.441158,-0.001 1 + -0.001 theta + 1.018 omega + -0.005 theta omega + 0.170 omega^2 + -0.017 theta omega^2 + -0.535 omega^3,-0.001 1 + -0.002 theta + 0.036 omega + -0.011 theta omega + 0.367 omega^2 + -0.057 theta omega^2 + -0.166 omega^3,-9.8352541125e-04,-1.5715060014e-03,3.6107311466e-02,-1.7417641205e-04,-1.0860176151e-02,3.6679554845e-01,-6.1081777635e-06,1.9233995885e-05,-5.6940954624e-02,-1.6597189349e-01
87297,2025-06-24 04:35:00,nan,nan,nan,0.018 1 + 0.008 theta + 1.021 omega + 0.001 theta^2 + 0.024 theta omega + -0.550 omega^2 + 0.002 theta^2 omega + -0.075 theta omega^2 + 0.504 omega^3,0.036 1 + 0.017 theta + 0.060 omega + 0.002 theta^2 + 0.052 theta omega + -1.032 omega^2 + 0.005 theta^2 omega + -0.142 theta omega^2 + 1.066 omega^3,3.6103346241e-02,1.7336988102e-02,5.9693087296e-02,2.2063242341e-03,5.1529721153e-02,-1.0323941675e+00,8.1961705904e-05,4.8275499456e-03,-1.4236851722e-01,1.0663858220e+00
87298,2025-06-24 04:40:00,0.042160,3.457012,2.444658,-0.002 theta + 1.004 omega + -0.001 theta^2 + 0.052 theta omega + 0.017 omega^2 + 0.008 theta^2 omega + -0.009 theta omega^2 + 6.773 omega^3,-0.001 1 + -0.003 theta + 0.009 omega + -0.002 theta^2 + 0.106 theta omega + 0.042 omega^2 + 0.017 theta^2 omega + -0.014 theta omega^2 + 13.659 omega^3,-8.6272027737e-04,-3.4281352032e-03,8.5813925090e-03,-1.5262173752e-03,1.0560701461e-01,4.1690520908e-02,-1.6313783707e-04,1.6602866872e-02,-1.3819229117e-02,1.3658684486e+01
87299,2025-06-24 04:45:00,0.159232,4.831084,3.417947,0.001 1 + -0.001 theta + 1.004 omega + -0.003 theta omega + -0.192 omega^2 + -0.031 theta omega^2 + 0.087 omega^3,0.001 1 + -0.001 theta + 0.009 omega + -0.001 theta^2 + -0.005 theta omega + -0.379 omega^2 + -0.001 theta^2 omega + -0.061 theta omega^2 + 0.190 omega^3,1.0161247209e-03,-1.4635100064e-03,8.7441140908e-03,-6.4890765520e-04,-4.9101292880e-03,-3.7900393886e-01,-6.0335560069e-05,-7.7144016825e-04,-6.0809583207e-02,1.8957297608e-01
87300,2025-06-24 04:50:00,0.019070,2.763071,1.953833,0.014 1 + 0.001 theta + 0.559 omega + -0.016 theta omega + 3.752 omega^2 + 0.045 theta omega^2 + -9.492 omega^3,0.032 1 + 0.003 theta + -0.948 omega + -0.030 theta omega + 7.884 omega^2 + 0.089 theta omega^2 + -19.989 omega^3,3.2005953476e-02,2.5168608067e-03,-9.4822630810e-01,0.0000000000e+00,-2.9648709462e-02,7.8838670359e+00,0.0000000000e+00,-1.0985316712e-05,8.8868143622e-02,-1.9988955671e+01
87301,2025-06-24 04:55:00,nan,nan,nan,-0.086 1 + 0.002 theta + 2.502 omega + -0.023 theta omega + -8.957 omega^2 + 0.068 theta omega^2 + 17.973 omega^3,-0.198 1 + 0.005 theta + 3.461 omega + -0.057 theta omega + -20.407 omega^2 + 0.169 theta omega^2 + 40.217 omega^3,-1.9780650971e-01,4.8666417533e-03,3.4606080578e+00,0.0000000000e+00,-5.6716615195e-02,-2.0407489203e+01,0.0000000000e+00,-1.1652013887e-05,1.6942794244e-01,4.0216943792e+01
87302,2025-06-24 05:00:00,0.019475,2.297015,1.624293,0.130 1 + -0.005 theta + -0.654 omega + 0.049 theta omega + 5.903 omega^2 + -0.110 theta omega^2 + -4.699 omega^3,0.269 1 + -0.010 theta + -3.466 omega + 0.101 theta omega + 12.611 omega^2 + -0.001 theta^2 omega + -0.228 theta omega^2 + -10.506 omega^3,2.6903734041e-01,-9.7710473544e-03,-3.4658227949e+00,8.3495253085e-05,1.0057485171e-01,1.2611232525e+01,0.0000000000e+00,-5.7263033218e-04,-2.2849611127e-01,-1.0506308837e+01
87303,2025-06-24 05:05:00,0.002574,0.040912,0.028987,0.006 1 + -0.002 theta + 1.081 omega + 0.008 theta omega + -1.333 omega^2 + 0.010 theta omega^2 + 3.925 omega^3,0.009 1 + -0.004 theta + 0.173 omega + 0.016 theta omega + -2.720 omega^2 + -0.001 theta^2 omega + 0.020 theta omega^2 + 8.085 omega^3,9.4901793448e-03,-4.2921232754e-03,1.7307943602e-01,3.0331715780e-04,1.5668129260e-02,-2.7195059933e+00,-5.8320395106e-06,-7.6976561507e-04,2.0317142520e-02,8.0852109059e+00
87304,2025-06-24 05:10:00,nan,nan,nan,-0.007 1 + 1.220 omega + -0.001 theta omega + -1.955 omega^2 + 0.004 theta omega^2 + 5.810 omega^3,-0.015 1 + 0.450 omega + -0.002 theta omega + -3.942 omega^2 + 0.013 theta omega^2 + 11.509 omega^3,-1.5213301867e-02,-3.7134946978e-04,4.4989241448e-01,6.4824541356e-05,-2.0428529127e-03,-3.9420234734e+00,0.0000000000e+00,-3.2861945324e-04,1.3081919009e-02,1.1509090276e+01
87305,2025-06-24 05:15:00,0.013139,1.323902,0.936186,0.255 1 + 0.002 theta + -3.169 omega + 0.005 theta omega + 20.819 omega^2 + -0.089 theta omega^2 + -29.845 omega^3,0.444 1 + -0.005 theta + -6.920 omega + 0.057 theta omega + 35.137 omega^2 + -0.171 theta omega^2 + -57.562 omega^3,4.4364118500e-01,-4.7821337723e-03,-6.9195681191e+00,-6.3122012066e-07,5.7380446069e-02,3.5137253892e+01,0.0000000000e+00,0.0000000000e+00,-1.7147519454e-01,-5.7562270503e+01
87306,2025-06-24 05:20:00,0.023852,3.297659,2.331858,-0.026 1 + 1.483 omega + -0.022 theta omega + -2.066 omega^2 + -0.001 theta^2 omega + 0.161 theta omega^2 + -1.174 omega^3,-0.020 1 + 0.002 theta + -0.092 omega + -0.050 theta omega + 5.564 omega^2 + 0.236 theta omega^2 + -28.057 omega^3,-2.0092541814e-02,2.4753350380e-03,-9.2257033099e-02,5.3490756135e-05,-5.0154975000e-02,5.5638495969e+00,0.0000000000e+00,-3.8536918446e-04,2.3631391100e-01,-2.8056949934e+01
87307,2025-06-24 05:25:00,0.117939,8.334343,5.893861,0.055 1 + -0.001 theta + -0.021 omega + 0.024 theta omega + 5.477 omega^2 + -0.093 theta omega^2 + -8.075 omega^3,0.151 1 + -0.009 theta + -2.232 omega + 0.114 theta omega + 9.081 omega^2 + -0.001 theta^2 omega + -0.340 theta omega^2 + -6.963 omega^3,1.5072650494e-01,-8.9627299282e-03,-2.2317842682e+00,7.8706618404e-05,1.1399170998e-01,9.0806889556e+00,0.0000000000e+00,-6.2241222293e-04,-3.4019083093e-01,-6.9633424661e+00
87308,2025-06-24 05:30:00,0.016037,1.513882,1.070536,-0.136 1 + 0.006 theta + 2.665 omega + -0.080 theta omega + -2.858 omega^2 + 0.273 theta omega^2 + -14.822 omega^3,-0.290 1 + 0.012 theta + 3.667 omega + -0.167 theta omega + -7.869 omega^2 + 0.567 theta omega^2 + -24.949 omega^3,-2.9042828963e-01,1.2199051786e-02,3.6671370846e+00,-3.6350158842e-05,-1.6662002649e-01,-7.8687439492e+00,0.0000000000e+00,2.6013068359e-04,5.6682863376e-01,-2.4948988715e+01
87309,2025-06-24 05:35:00,0.017863,1.234598,0.873084,-0.014 1 + 1.294 omega + 0.007 theta omega + -2.248 omega^2 + -0.050 theta omega^2 + 6.221 omega^3,0.003 1 + 0.003 theta + -0.301 omega + -0.033 theta omega + 3.723 omega^2 + 0.113 theta omega^2 + -12.550 omega^3,3.2426737841e-03,2.5345755363e-03,-3.0073764044e-01,1.1665286361e-05,-3.2668644447e-02,3.7230344789e+00,0.0000000000e+00,-9.5323469212e-05,1.1255264510e-01,-1.2549521645e+01
87310,2025-06-24 05:40:00,0.013002,0.600396,0.424644,0.063 1 + -0.004 theta + -0.015 omega + 0.042 theta omega + 5.472 omega^2 + -0.095 theta omega^2 + -10.052 omega^3,-0.027 1 + 0.103 omega + 0.002 theta omega + 1.141 omega^2 + -0.008 theta omega^2 + -5.119 omega^3,-2.6529708465e-02,2.5160729304e-04,1.0334295960e-01,1.5860554448e-05,1.9086012609e-03,1.1407156450e+00,0.0000000000e+00,-1.8547434545e-04,-7.7201540351e-03,-5.1191556012e+00
87311,2025-06-24 05:45:00,nan,nan,nan,-0.020 1 + 0.002 theta + 1.314 omega + -0.021 theta omega + -1.437 omega^2 + 0.040 theta omega^2 + 3.151 omega^3,-0.037 1 + 0.002 theta + 0.575 omega + -0.030 theta omega + -2.221 omega^2 + 0.099 theta omega^2 + 0.695 omega^3,-3.6572672821e-02,2.1398925363e-03,5.7528198454e-01,-5.4880937760e-06,-2.9575093061e-02,-2.2207512738e+00,0.0000000000e+00,3.5594308147e-05,9.8807015880e-02,6.9511382250e-01
87312,2025-06-24 05:50:00,0.023883,2.722311,1.925039,0.050 1 + -0.001 theta + -0.080 omega + 0.021 theta omega + 7.388 omega^2 + -0.085 theta omega^2 + -15.819 omega^3,0.100 1 + -0.003 theta + -2.151 omega + 0.043 theta omega + 14.672 omega^2 + -0.174 theta omega^2 + -31.265 omega^3,9.9517532472e-02,-2.7804932406e-03,-2.1514253497e+00,1.0157841109e-05,4.3430699992e-02,1.4672265869e+01,0.0000000000e+00,-4.7396502217e-05,-1.7351676842e-01,-3.1264823958e+01
87313,2025-06-24 05:55:00,nan,nan,nan,-0.050 1 + -0.001 theta + 2.250 omega + 0.019 theta omega + -10.495 omega^2 + -0.086 theta omega^2 + 29.445 omega^3,-0.102 1 + -0.002 theta + 2.525 omega + 0.039 theta omega + -21.242 omega^2 + -0.178 theta omega^2 + 59.774 omega^3,-1.0174560210e-01,-1.9660598669e-03,2.5246123532e+00,-2.2649063653e-05,3.9226429848e-02,-2.1241838002e+01,0.0000000000e+00,1.7244377559e-04,-1.7773909601e-01,5.9774299655e+01
87314,2025-06-24 06:00:00,0.011752,1.567179,1.108194,0.128 1 + -0.810 omega + 0.002 theta omega + 7.969 omega^2 + -0.026 theta omega^2 + -10.548 omega^3,0.346 1 + -0.004 theta + -4.490 omega + 0.039 theta omega + 18.976 omega^2 + -0.098 theta omega^2 + -25.802 omega^3,3.4577517063e-01,-3.8725920800e-03,-4.4903887668e+00,4.0672920151e-08,3.8848636919e-02,1.8976036654e+01,0.0000000000e+00,0.0000000000e+00,-9.7986795337e-02,-2.5802278802e+01
87315,2025-06-24 06:05:00,0.014003,1.198834,0.847762,0.010 1 + -0.001 theta + 0.777 omega + 0.011 theta omega + 1.922 omega^2 + -0.017 theta omega^2 + -6.323 omega^3,0.021 1 + -0.002 theta + -0.446 omega + 0.023 theta omega + 3.718 omega^2 + -0.039 theta omega^2 + -11.952 omega^3,2.1139531378e-02,-2.1914157124e-03,-4.4641596423e-01,4.9212081163e-05,2.2756902108e-02,3.7181476737e+00,0.0000000000e+00,-4.1357136055e-04,-3.9075626103e-02,-1.1951556392e+01
87316,2025-06-24 06:10:00,0.035978,2.415037,1.707878,-0.052 1 + 0.004 theta + 1.625 omega + -0.038 theta omega + -1.704 omega^2 + 0.078 theta omega^2 + -0.573 omega^3,-0.084 1 + 0.006 theta + 0.997 omega + -0.061 theta omega + -2.555 omega^2 + 0.001 theta^2 omega + 0.132 theta omega^2 + -1.993 omega^3,-8.3707418209e-02,5.8876228842e-03,9.9731038991e-01,-9.6989362299e-05,-6.0887649123e-02,-2.5547794832e+00,0.0000000000e+00,7.0055442940e-04,1.3217214974e-01,-1.9931373583e+00
87317,2025-06-24 06:15:00,0.019115,0.552625,0.390999,0.003 1 + 0.916 omega + 0.006 theta omega + 0.863 omega^2 + -0.041 theta omega^2 + -1.966 omega^3,0.007 1 + -0.001 theta + -0.214 omega + 0.012 theta omega + 2.225 omega^2 + -0.093 theta omega^2 + -5.315 omega^3,6.6678657623e-03,-5.5009270098e-04,-2.1387971850e-01,1.1083149830e-05,1.1915974248e-02,2.2249820659e+00,0.0000000000e+00,-7.0549312617e-05,-9.2750266650e-02,-5.3149695126e+00
87318,2025-06-24 06:20:00,nan,nan,nan,-0.007 1 + 0.004 theta + 1.147 omega + -0.091 theta omega + -1.828 omega^2 + 0.013 theta^2 omega + 0.391 theta omega^2 + 11.011 omega^3,-0.014 1 + 0.009 theta + 0.285 omega + -0.001 theta^2 + -0.178 theta omega + -3.552 omega^2 + 0.025 theta^2 omega + 0.762 theta omega^2 + 22.383 omega^3,-1.3912128224e-02,8.8335492765e-03,2.8479356321e-01,-9.6462915962e-04,-1.7818594487e-01,-3.5522787079e+00,-8.0733695764e-05,2.4729912489e-02,7.6176517645e-01,2.2382675078e+01
87319,2025-06-24 06:25:00,0.045940,1.240711,0.877916,0.995 omega + -0.002 theta omega + -0.028 omega^2 + -0.001 theta omega^2 + 0.561 omega^3,0.001 theta + -0.009 omega + -0.005 theta omega + -0.049 omega^2 + -0.004 theta omega^2 + 1.299 omega^3,0.0000000000e+00,7.0176567477e-04,-9.3246114565e-03,-5.0701509446e-05,-5.1166677336e-03,-4.8668177015e-02,0.0000000000e+00,3.5359307428e-04,-3.5074166584e-03,1.2987151420e+00
87320,2025-06-24 06:30:00,nan,nan,nan,0.020 1 + 0.003 theta + 1.073 omega + 0.016 theta omega + 0.362 omega^2 + -0.004 theta omega^2 + 2.573 omega^3,-0.045 1 + -0.004 theta + -0.562 omega + -0.030 theta omega + -1.322 omega^2 + -0.073 theta omega^2 + 2.223 omega^3,-4.4508845063e-02,-3.9143333196e-03,-5.6201650246e-01,-1.9974468474e-04,-2.9706906308e-02,-1.3218494845e+00,-4.1659959783e-06,-3.5056363837e-04,-7.3063582226e-02,2.2232271808e+00
87321,2025-06-24 06:35:00,nan,nan,nan,1.003 omega + 0.006 theta omega + -0.271 omega^2 + -0.139 theta omega^2 + 7.262 omega^3,0.013 omega + 0.011 theta omega + -0.634 omega^2 + -0.279 theta omega^2 + 15.196 omega^3,-6.7530686935e-05,5.8753797936e-06,1.3373256185e-02,2.4563977585e-05,1.0926425419e-02,-6.3417051004e-01,-3.3136145148e-06,1.9201653652e-04,-2.7897842835e-01,1.5196258656e+01
87322,2025-06-24 06:40:00,nan,nan,nan,0.007 1 + 0.002 theta + 1.156 omega + 0.026 theta omega + 1.124 omega^2 + 0.001 theta^2 omega + 0.034 theta omega^2 + 4.242 omega^3,0.014 1 + 0.003 theta + 0.315 omega + 0.053 theta omega + 2.206 omega^2 + 0.002 theta^2 omega + 0.067 theta omega^2 + 8.247 omega^3,1.4060941522e-02,3.2703252295e-03,3.1500632021e-01,6.7730717017e-05,5.2763058274e-02,2.2063846208e+00,-3.8148168169e-06,1.9773753359e-03,6.7080569648e-02,8.2467470076e+00
87323,2025-06-24 06:45:00,0.004995,0.069477,0.049255,-0.001 1 + 1.006 omega + 0.030 omega^2 + 0.002 theta omega^2 + -0.168 omega^3,-0.001 1 + 0.008 omega + 0.048 omega^2 + 0.004 theta omega^2 + -0.245 omega^3,-1.4246884424e-03,-2.8091623796e-04,8.3888382621e-03,0.0000000000e+00,3.5705807917e-04,4.8122321162e-02,0.0000000000e+00,2.1842239894e-05,3.5049387324e-03,-2.4474895790e-01
87324,2025-06-24 06:50:00,0.007324,0.941396,0.665688,-0.127 1 + 0.004 theta + 1.898 omega + -0.026 theta omega + -1.097 omega^2 + 0.048 theta omega^2 + -1.824 omega^3,-0.341 1 + 0.008 theta + 2.815 omega + -0.059 theta omega + -6.229 omega^2 + 0.108 theta omega^2 + 1.690 omega^3,-3.4059908338e-01,8.0144636350e-03,2.8150341553e+00,-2.6330323867e-05,-5.9271244636e-02,-6.2294517354e+00,0.0000000000e+00,1.0676925316e-04,1.0842218836e-01,1.6895858740e+00
87325,2025-06-24 06:55:00,nan,nan,nan,0.070 1 + -0.004 theta + 0.434 omega + 0.041 theta omega + -0.275 omega^2 + -0.094 theta omega^2 + 6.908 omega^3,0.094 1 + -0.009 theta + -0.096 omega + 0.081 theta omega + -7.834 omega^2 + -0.176 theta omega^2 + 30.050 omega^3,9.3891697368e-02,-8.6126569501e-03,-9.6236594959e-02,7.8045716219e-05,8.1203194659e-02,-7.8335556958e+00,0.0000000000e+00,-4.7043792119e-04,-1.7577830948e-01,3.0049766029e+01
87326,2025-06-24 07:00:00,0.016773,1.941342,1.372788,-0.045 1 + 0.001 theta + 1.453 omega + -0.003 theta omega + -1.523 omega^2 + 0.004 theta omega^2 + 1.757 omega^3,-0.090 1 + 0.001 theta + 0.907 omega + -0.007 theta omega + -3.028 omega^2 + 0.009 theta omega^2 + 3.486 omega^3,-9.0042728272e-02,1.0956445505e-03,9.0747449013e-01,-2.4443503043e-06,-6.6670242840e-03,-3.0280803558e+00,0.0000000000e+00,1.5376912152e-06,8.9524304586e-03,3.4858809891e+00
87327,2025-06-24 07:05:00,nan,nan,nan,0.018 1 + -0.002 theta + 0.661 omega + 0.043 theta omega + 1.151 omega^2 + -0.001 theta^2 omega + -0.172 theta omega^2 + 3.689 omega^3,0.036 1 + -0.005 theta + -0.679 omega + 0.086 theta omega + 2.341 omega^2 + -0.001 theta^2 omega + -0.350 theta omega^2 + 7.383 omega^3,3.6166233479e-02,-4.6186948914e-03,-6.7941361977e-01,6.0063524383e-05,8.6495321065e-02,2.3414018044e+00,2.1780287038e-06,-1.2531600261e-03,-3.4991502566e-01,7.3832965179e+00
87328,2025-06-24 07:10:00,0.027246,2.334629,1.650945,0.002 1 + 0.931 omega + -0.004 theta omega + 1.002 omega^2 + 0.022 theta omega^2 + -3.963 omega^3,-0.002 1 + 0.068 omega + 0.002 theta omega + -0.452 omega^2 + 0.020 theta omega^2 + -0.136 omega^3,-2.1899250878e-03,-2.8014218090e-04,6.8162467029e-02,1.7518413845e-05,2.2893741859e-03,-4.5179284770e-01,0.0000000000e+00,-2.5332433150e-04,1.9989708386e-02,-1.3638406589e-01
87329,2025-06-24 07:15:00,0.015691,1.037421,0.733652,-0.001 theta + 1.036 omega + -0.003 theta omega + 0.073 omega^2 + 0.002 theta omega^2 + -0.490 omega^3,-0.001 1 + -0.001 theta + 0.034 omega + 0.004 theta omega + -0.374 omega^2 + 0.044 theta omega^2 + -3.588 omega^3,-6.3463452376e-04,-5.2260724865e-04,3.4402603807e-02,-2.8151074208e-05,3.9990760054e-03,-3.7364377856e-01,0.0000000000e+00,-1.7910432320e-04,4.4286979100e-02,-3.5883905425e+00
87330,2025-06-24 07:20:00,0.436874,30.300700,21.428057,0.032 1 + 0.002 theta + 1.035 omega + 0.008 theta omega + -1.060 omega^2 + -0.073 theta omega^2 + 0.010 omega^3,0.034 1 + 0.004 theta + 0.084 omega + 0.015 theta omega + -0.833 omega^2 + 0.001 theta^2 omega + -0.055 theta omega^2 + -0.138 omega^3,3.4462728725e-02,3.9025133009e-03,8.4098456154e-02,1.1419097901e-04,1.5372631274e-02,-8.3327501920e-01,0.0000000000e+00,6.3424726957e-04,-5.4668594951e-02,-1.3800256478e-01
87331,2025-06-24 07:25:00,0.040076,1.929492,1.364651,0.044 1 + -0.006 theta + 0.390 omega + 0.065 theta omega + 2.363 omega^2 + -0.002 theta^2 omega + -0.158 theta omega^2 + -1.902 omega^3,0.066 1 + -0.009 theta + -0.999 omega + 0.103 theta omega + 4.248 omega^2 + -0.002 theta^2 omega + -0.281 theta omega^2 + -3.177 omega^3,6.6181784147e-02,-9.1825618393e-03,-9.9924450163e-01,3.1637147432e-04,1.0261890383e-01,4.2484800427e+00,0.0000000000e+00,-2.2417074613e-03,-2.8139133493e-01,-3.1772536296e+00
87332,2025-06-24 07:30:00,nan,nan,nan,-0.014 1 + 0.002 theta + 1.119 omega + -0.023 theta omega + 0.258 omega^2 + 0.001 theta^2 omega + -0.030 theta omega^2 + 1.399 omega^3,-0.008 1 + 0.002 theta + -0.049 omega + -0.017 theta omega + 1.169 omega^2 + 0.001 theta^2 omega + -0.098 theta omega^2 + 2.548 omega^3,-7.6353832777e-03,1.7053856666e-03,-4.8679271764e-02,-8.0126722538e-05,-1.7018534989e-02,1.1688299715e+00,0.0000000000e+00,1.2888727810e-03,-9.7597196487e-02,2.5475665468e+00
87333,2025-06-24 07:35:00,0.025482,1.041029,0.736339,1.009 omega + 0.005 theta omega + -0.241 omega^2 + 0.032 theta omega^2 + -2.195 omega^3,0.001 1 + 0.012 omega + 0.008 theta omega + -0.612 omega^2 + 0.076 theta omega^2 + -5.729 omega^3,5.6199226137e-04,1.0782599954e-04,1.2345979866e-02,-1.8831301906e-05,8.4981029948e-03,-6.1165921108e-01,0.0000000000e+00,-2.3623047283e-04,7.6204745353e-02,-5.7291331928e+00
87334,2025-06-24 07:40:00,0.050012,6.843077,4.838915,0.001 1 + 1.037 omega + 0.001 theta omega + 0.374 omega^2 + -0.006 theta omega^2 + 1.829 omega^3,0.002 1 + 0.072 omega + 0.002 theta omega + 0.720 omega^2 + -0.013 theta omega^2 + 3.577 omega^3,2.1002176680e-03,1.4253004807e-04,7.2445543451e-02,-3.2613009277e-05,2.1748932243e-03,7.2042903447e-01,0.0000000000e+00,-1.0002275770e-04,-1.3480549537e-02,3.5771612102e+00
87335,2025-06-24 07:45:00,0.011580,1.222839,0.864716,0.308 1 + 0.009 theta + 4.894 omega + 0.080 theta omega + 16.127 omega^2 + 0.173 theta omega^2 + 21.891 omega^3,0.411 1 + 0.011 theta + 5.017 omega + 0.100 theta omega + 19.824 omega^2 + 0.211 theta omega^2 + 25.295 omega^3,4.1119530864e-01,1.1273584735e-02,5.0169987493e+00,7.4570267586e-05,9.9519032772e-02,1.9824432029e+01,0.0000000000e+00,3.9048948599e-04,2.1138048498e-01,2.5294673282e+01
87336,2025-06-24 07:50:00,0.004781,0.224827,0.159013,0.001 1 + 0.997 omega + -0.002 theta omega + -0.146 omega^2 + -0.021 theta omega^2 + 0.411 omega^3,0.002 1 + 0.001 theta + -0.007 omega + -0.004 theta omega + -0.298 omega^2 + -0.001 theta^2 omega + -0.044 theta omega^2 + 1.039 omega^3,1.7342996167e-03,6.8951529907e-04,-6.6235796139e-03,1.6540323358e-04,-4.1774061874e-03,-2.9795931761e-01,1.0643734342e-05,-6.5498125943e-04,-4.3933796407e-02,1.0394652680e+00
87337,2025-06-24 07:55:00,0.485168,13.132948,9.292731,-0.020 1 + 0.002 theta + 1.037 omega + -0.006 theta omega + 0.922 omega^2 + -0.102 theta omega^2 + -0.343 omega^3,-0.041 1 + 0.003 theta + 0.070 omega + -0.012 theta omega + 1.861 omega^2 + 0.001 theta^2 omega + -0.205 theta omega^2 + -0.678 omega^3,-4.0509071191e-02,3.1779492687e-03,6.9961799715e-02,3.9477723693e-04,-1.2151552858e-02,1.8605601745e+00,-2.9171518541e-05,5.9585616789e-04,-2.0474353783e-01,-6.7753763846e-01
87338,2025-06-24 08:00:00,nan,nan,nan,0.017 1 + 0.001 theta + 1.238 omega + 0.016 theta omega + 0.888 omega^2 + 0.040 theta omega^2 + 0.387 omega^3,0.034 1 + 0.003 theta + 0.479 omega + 0.032 theta omega + 1.752 omega^2 + 0.079 theta omega^2 + 0.675 omega^3,3.4181652422e-02,2.6423875665e-03,4.7913961750e-01,3.6439328225e-05,3.1876162891e-02,1.7522261158e+00,-5.2624652763e-07,4.2984748374e-04,7.9100858232e-02,6.7496983106e-01
87339,2025-06-24 08:05:00,0.064518,2.218998,1.569732,0.004 1 + -0.001 theta + 1.033 omega + 0.007 theta omega + -0.459 omega^2 + -0.028 theta omega^2 + -1.126 omega^3,0.008 1 + -0.002 theta + 0.069 omega + 0.013 theta omega + -0.927 omega^2 + 0.001 theta^2 omega + -0.058 theta omega^2 + -2.262 omega^3,7.6520835420e-03,-2.2245358488e-03,6.9034863611e-02,-4.4949306739e-04,1.3155293006e-02,-9.2725250790e-01,-1.5910934963e-05,5.0377807490e-04,-5.7512215893e-02,-2.2622175397e+00
87340,2025-06-24 08:10:00,0.073577,2.743735,1.940811,-0.001 1 + -0.002 theta + 0.990 omega + -0.001 theta^2 + -0.006 theta omega + -0.382 omega^2 + -0.079 theta omega^2 + -0.364 omega^3,-0.002 1 + -0.004 theta + -0.019 omega + -0.001 theta^2 + -0.011 theta omega + -0.779 omega^2 + -0.001 theta^2 omega + -0.160 theta omega^2 + -0.545 omega^3,-1.5148300845e-03,-4.2626249497e-03,-1.9166236814e-02,-1.1544934194e-03,-1.1316800347e-02,-7.7886676436e-01,-7.1910268504e-05,-8.0180984607e-04,-1.5978865832e-01,-5.4496486831e-01
87341,2025-06-24 08:15:00,0.030682,3.381125,2.390915,-0.002 1 + 0.002 theta + 0.927 omega + -0.010 theta omega + 0.950 omega^2 + 0.001 theta^2 omega + -0.040 theta omega^2 + 0.197 omega^3,-0.004 1 + 0.004 theta + -0.137 omega + -0.021 theta omega + 1.845 omega^2 + 0.001 theta^2 omega + -0.080 theta omega^2 + 0.609 omega^3,-3.6039862878e-03,3.7402050248e-03,-1.3685298735e-01,-3.1683792203e-04,-2.1146114677e-02,1.8450497896e+00,6.7148876672e-06,1.4468891438e-03,-7.9678181858e-02,6.0885850846e-01
87342,2025-06-24 08:20:00,nan,nan,nan,0.009 1 + 0.001 theta + 1.124 omega + 0.010 theta omega + 0.371 omega^2 + 0.006 theta omega^2 + 1.214 omega^3,0.021 1 + 0.001 theta + 0.391 omega + 0.008 theta omega + 2.489 omega^2 + -0.017 theta omega^2 + 7.415 omega^3,2.1442906265e-02,1.0594378440e-03,3.9073821289e-01,2.9779016621e-05,8.3575102156e-03,2.4887580059e+00,0.0000000000e+00,2.7457559588e-04,-1.6769090530e-02,7.4152846778e+00
87343,2025-06-24 08:25:00,0.187999,12.774377,9.033827,0.010 1 + 0.001 theta + 1.050 omega + 0.013 theta omega + -0.779 omega^2 + 0.001 theta^2 omega + -0.040 theta omega^2 + -2.671 omega^3,0.020 1 + 0.001 theta + 0.100 omega + 0.026 theta omega + -1.582 omega^2 + 0.001 theta^2 omega + -0.082 theta omega^2 + -5.370 omega^3,2.0039578433e-02,1.1368703486e-03,1.0014548740e-01,-2.7730383287e-04,2.5927983531e-02,-1.5818824104e+00,-1.6129659798e-05,1.2453789130e-03,-8.1551696102e-02,-5.3703630484e+00
87344,2025-06-24 08:30:00,0.040248,2.719654,1.923296,-0.001 theta + 1.016 omega + -0.006 theta omega + 0.188 omega^2 + -0.001 theta^2 omega + 0.052 theta omega^2 + -1.754 omega^3,-0.002 theta + 0.033 omega + -0.012 theta omega + 0.341 omega^2 + -0.001 theta^2 omega + 0.102 theta omega^2 + -3.219 omega^3,-4.6487006969e-04,-1.7547942926e-03,3.3385586183e-02,4.1479724589e-04,-1.1667103256e-02,3.4120456124e-01,-1.2570083109e-05,-1.1499375731e-03,1.0238041137e-01,-3.2194744268e+00
87345,2025-06-24 08:35:00,0.002243,0.099875,0.070640,-0.002 theta + 1.040 omega + 0.013 theta omega + -0.028 omega^2 + -0.008 theta omega^2 + -1.315 omega^3,-0.003 theta + 0.090 omega + 0.023 theta omega + -0.440 omega^2 + -0.018 theta omega^2 + -0.896 omega^3,2.9669270860e-04,-3.0345746831e-03,9.0160910300e-02,6.4853409584e-05,2.2828165934e-02,-4.4003844491e-01,0.0000000000e+00,-4.4028356987e-04,-1.8052481782e-02,-8.9583257325e-01
87346,2025-06-24 08:40:00,0.118381,4.479427,3.168539,0.001 1 + -0.002 theta + 1.011 omega + -0.001 theta^2 + -0.004 theta omega + -0.204 omega^2 + -0.001 theta^2 omega + -0.039 theta omega^2 + -0.596 omega^3,0.002 1 + -0.004 theta + 0.022 omega + -0.001 theta^2 + -0.008 theta omega + -0.420 omega^2 + -0.001 theta^2 omega + -0.080 theta omega^2 + -1.101 omega^3,2.0126892162e-03,-4.1534247243e-03,2.2301708481e-02,-1.2151858990e-03,-8.2618348222e-03,-4.1997618410e-01,-8.4564280147e-05,-1.3099523280e-03,-7.9647498439e-02,-1.1011036087e+00
87347,2025-06-24 08:45:00,0.026139,2.551884,1.804549,0.024 1 + 0.391 omega + -0.009 theta omega + 4.914 omega^2 + 0.039 theta omega^2 + -12.990 omega^3,0.051 1 + 0.001 theta + -1.279 omega + -0.018 theta omega + 10.266 omega^2 + 0.078 theta omega^2 + -26.929 omega^3,5.1204801746e-02,1.0217757359e-03,-1.2793700913e+00,1.5587058107e-05,-1.7749728098e-02,1.0266447636e+01,0.0000000000e+00,-1.2812919882e-04,7.8269135484e-02,-2.6929429975e+01
87348,2025-06-24 08:50:00,0.010529,0.223698,0.158354,-0.087 1 + 2.563 omega + -9.370 omega^2 + -0.006 theta omega^2 + 19.022 omega^3,-0.129 1 + 0.001 theta + 2.124 omega + -0.017 theta omega + -11.516 omega^2 + 0.053 theta omega^2 + 20.620 omega^3,-1.2850395532e-01,1.3332294735e-03,2.1235501201e+00,6.4276158930e-06,-1.7336272212e-02,-1.1515580306e+01,0.0000000000e+00,-2.7714997043e-05,5.2616212089e-02,2.0619610085e+01
87349,2025-06-24 08:55:00,0.011051,0.518879,0.366986,-0.031 1 + -0.002 theta + 1.698 omega + 0.018 theta omega + -4.462 omega^2 + -0.041 theta omega^2 + 8.770 omega^3,-0.410 1 + -0.001 theta + 6.042 omega + 0.013 theta omega + -29.582 omega^2 + -0.029 theta omega^2 + 48.094 omega^3,-4.0996244440e-01,-1.3519238594e-03,6.0423809265e+00,0.0000000000e+00,1.2602483780e-02,-2.9582296070e+01,0.0000000000e+00,0.0000000000e+00,-2.9209900006e-02,4.8093546897e+01
87350,2025-06-24 09:00:00,0.011037,1.407461,0.995256,0.261 1 + -0.003 theta + -2.067 omega + 0.028 theta omega + 11.430 omega^2 + -0.066 theta omega^2 + -13.228 omega^3,0.502 1 + -0.006 theta + -5.854 omega + 0.055 theta omega + 21.586 omega^2 + -0.133 theta omega^2 + -24.517 omega^3,5.0170177931e-01,-5.5657370546e-03,-5.8543105743e+00,-7.2938598767e-07,5.5406169947e-02,2.1585835816e+01,0.0000000000e+00,-1.1598727465e-05,-1.3264290677e-01,-2.4517032271e+01
87351,2025-06-24 09:05:00,0.017621,2.296013,1.623574,0.118 1 + 0.002 theta + -1.294 omega + -0.028 theta omega + 14.714 omega^2 + 0.086 theta omega^2 + -31.185 omega^3,0.326 1 + 0.006 theta + -6.335 omega + -0.073 theta omega + 40.911 omega^2 + 0.235 theta omega^2 + -87.764 omega^3,3.2608089187e-01,5.5793827688e-03,-6.3347597550e+00,3.6083305118e-05,-7.2901828827e-02,4.0910564903e+01,0.0000000000e+00,-2.0953579927e-04,2.3513993132e-01,-8.7763695361e+01
87352,2025-06-24 09:10:00,nan,nan,nan,-0.082 1 + 0.007 theta + 1.540 omega + -0.049 theta omega + 0.305 omega^2 + 0.001 theta^2 omega + -0.015 theta omega^2 + 0.138 omega^3,-0.162 1 + 0.014 theta + 1.075 omega + -0.099 theta omega + 0.561 omega^2 + 0.002 theta^2 omega + -0.028 theta omega^2 + 0.528 omega^3,-1.6248531366e-01,1.3813154894e-02,1.0748669494e+00,-2.4092684307e-04,-9.8929957682e-02,5.6118127778e-01,-2.2275499480e-06,2.2488325682e-03,-2.7717796596e-02,5.2797241937e-01
87353,2025-06-24 09:15:00,nan,nan,nan,0.003 1 + 1.080 omega + 0.032 theta omega + 0.038 omega^2 + 0.002 theta^2 omega + 0.014 theta omega^2 + 1.567 omega^3,0.007 1 + 0.001 theta + 0.160 omega + 0.062 theta omega + 0.069 omega^2 + 0.005 theta^2 omega + 0.029 theta omega^2 + 2.697 omega^3,6.7024739178e-03,1.0211081638e-03,1.6034142817e-01,-1.5844437581e-04,6.1964683961e-02,6.8823978425e-02,-1.9982424054e-05,4.6275707863e-03,2.8756325470e-02,2.6972840256e+00
87354,2025-06-24 09:20:00,nan,nan,nan,-0.004 1 + 0.001 theta + 1.177 omega + -0.013 theta omega + -2.358 omega^2 + 0.096 theta omega^2 + 8.781 omega^3,-0.009 1 + 0.002 theta + 0.359 omega + -0.028 theta omega + -4.739 omega^2 + 0.190 theta omega^2 + 18.223 omega^3,-8.5458257794e-03,1.9638110578e-03,3.5858307119e-01,-1.7954485381e-04,-2.8009628562e-02,-4.7388733464e+00,6.0827757034e-06,2.8894647133e-04,1.9015561117e-01,1.8222993158e+01
87355,2025-06-24 09:25:00,nan,nan,nan,-0.008 1 + 0.003 theta + 1.189 omega + -0.044 theta omega + -1.186 omega^2 + 0.002 theta^2 omega + 0.137 theta omega^2 + 1.850 omega^3,-0.017 1 + 0.007 theta + 0.401 omega + -0.001 theta^2 + -0.094 theta omega + -2.539 omega^2 + 0.005 theta^2 omega + 0.291 theta omega^2 + 4.462 omega^3,-1.6675584177e-02,6.6747445583e-03,4.0106026579e-01,-8.2636451907e-04,-9.3560037653e-02,-2.5386336973e+00,3.1540432293e-05,5.1037932190e-03,2.9142021326e-01,4.4624267074e+00
87356,2025-06-24 09:30:00,nan,nan,nan,0.001 1 + 1.007 omega + 0.009 theta omega + -0.494 omega^2 + 0.001 theta^2 omega + -0.117 theta omega^2 + 4.712 omega^3,0.001 1 + -0.001 theta + 0.013 omega + 0.018 theta omega + -0.974 omega^2 + 0.001 theta^2 omega + -0.243 theta omega^2 + 9.880 omega^3,1.2683482620e-03,-5.2022600697e-04,1.3211189917e-02,4.4481009659e-05,1.7981526178e-02,-9.7436420412e-01,-3.8575266110e-06,1.2709623900e-03,-2.4334937788e-01,9.8796594489e+00
87357,2025-06-24 09:35:00,nan,nan,nan,-0.060 1 + 0.009 theta + 1.321 omega + -0.040 theta omega + -0.112 omega^2 + 0.001 theta^2 omega + 0.001 theta omega^2 + 0.548 omega^3,-0.123 1 + 0.020 theta + 0.654 omega + -0.001 theta^2 + -0.084 theta omega + -0.216 omega^2 + 0.003 theta^2 omega + 0.003 theta omega^2 + 1.181 omega^3,-1.2270396380e-01,1.9513593563e-02,6.5357755467e-01,-9.8785070288e-04,-8.3517814447e-02,-2.1564412855e-01,1.5738978375e-05,2.5580912454e-03,2.8124073023e-03,1.1806741532e+00
87358,2025-06-24 09:40:00,0.024979,1.436821,1.016139,0.001 1 + -0.001 theta + 1.014 omega + 0.015 theta omega + -0.260 omega^2 + -0.001 theta^2 omega + -0.005 theta omega^2 + -2.657 omega^3,0.003 1 + -0.003 theta + 0.031 omega + 0.031 theta omega + -0.497 omega^2 + -0.002 theta^2 omega + -0.007 theta omega^2 + -5.588 omega^3,2.6534765776e-03,-2.8115589188e-03,3.1125708067e-02,3.2703367269e-04,3.0923699771e-02,-4.9748534163e-01,-1.0167271538e-05,-1.7607471286e-03,-7.1365483351e-03,-5.5876842154e+00
87359,2025-06-24 09:45:00,nan,nan,nan,-0.001 theta + 1.008 omega + 0.008 theta omega + -0.074 omega^2 + -0.004 theta^2 omega + 0.155 theta omega^2 + -1.342 omega^3,0.001 1 + -0.002 theta + 0.018 omega + 0.016 theta omega + -0.140 omega^2 + -0.008 theta^2 omega + 0.318 theta omega^2 + -2.813 omega^3,5.6113142703e-04,-1.9894668214e-03,1.7992590451e-02,3.8690050985e-04,1.6183754740e-02,-1.4009967297e-01,-8.8404547810e-06,-8.0965879312e-03,3.1828767768e-01,-2.8129532239e+00
87360,2025-06-24 09:50:00,0.024043,1.369633,0.968626,0.001 1 + -0.001 theta + 1.013 omega + 0.011 theta omega + -0.367 omega^2 + -0.001 theta^2 omega + -0.011 theta omega^2 + 0.870 omega^3,0.003 1 + -0.002 theta + 0.010 omega + 0.026 theta omega + -0.636 omega^2 + -0.001 theta^2 omega + -0.032 theta omega^2 + 1.625 omega^3,2.8562838537e-03,-1.8840580179e-03,9.9675497925e-03,1.0795443044e-04,2.5585879633e-02,-6.3608819765e-01,-9.9050353580e-07,-1.1996372126e-03,-3.1957758280e-02,1.6245131359e+00
87361,2025-06-24 09:55:00,0.025358,1.080149,0.763991,0.004 1 + 0.944 omega + 0.001 theta omega + 0.286 omega^2 + -0.448 omega^3,0.006 1 + -0.080 omega + 0.001 theta omega + 0.397 omega^2 + 0.005 theta omega^2 + -0.660 omega^3,5.8921202253e-03,-3.5089355709e-04,-7.9939580558e-02,1.5354182214e-05,1.3514665053e-03,3.9680874787e-01,0.0000000000e+00,-9.8047849459e-05,4.5652337307e-03,-6.5979871257e-01
87362,2025-06-24 10:00:00,nan,nan,nan,-0.182 1 + 0.009 theta + 3.192 omega + -0.092 theta omega + -6.164 omega^2 + 0.001 theta^2 omega + 0.199 theta omega^2 + -2.537 omega^3,-0.365 1 + 0.019 theta + 4.396 omega + -0.183 theta omega + -12.327 omega^2 + 0.001 theta^2 omega + 0.398 theta omega^2 + -5.208 omega^3,-3.6464054426e-01,1.8668773977e-02,4.3962304245e+00,-2.2132221229e-04,-1.8335840927e-01,-1.2326883218e+01,0.0000000000e+00,1.3391288590e-03,3.9808296976e-01,-5.2080050520e+00
87363,2025-06-24 10:05:00,0.049270,3.397437,2.402603,0.012 1 + -0.002 theta + 0.564 omega + 0.115 theta omega + 2.969 omega^2 + -0.006 theta^2 omega + -0.630 theta omega^2 + 4.938 omega^3,0.023 1 + -0.004 theta + -0.869 omega + -0.001 theta^2 + 0.227 theta omega + 6.023 omega^2 + -0.012 theta^2 omega + -1.275 theta omega^2 + 9.550 omega^3,2.2771180465e-02,-4.0616476462e-03,-8.6893992447e-01,-7.0229282971e-04,2.2712909987e-01,6.0230957839e+00,1.2364178595e-04,-1.1733422388e-02,-1.2747738368e+00,9.5502471881e+00
87364,2025-06-24 10:10:00,0.012553,0.432856,0.306204,-0.210 1 + -0.002 theta + 4.718 omega + 0.026 theta omega + -21.779 omega^2 + -0.068 theta omega^2 + 42.140 omega^3,-0.297 1 + -0.003 theta + 5.107 omega + 0.027 theta omega + -28.990 omega^2 + -0.072 theta omega^2 + 54.538 omega^3,-2.9735423287e-01,-2.5698789779e-03,5.1072747397e+00,0.0000000000e+00,2.6833883039e-02,-2.8989903851e+01,0.0000000000e+00,5.6971626257e-06,-7.1513757308e-02,5.4537703056e+01
87365,2025-06-24 10:15:00,0.020898,1.852113,1.309725,-0.039 1 + 0.002 theta + 1.263 omega + -0.015 theta omega + 0.453 omega^2 + 0.031 theta omega^2 + -3.946 omega^3,-0.078 1 + 0.003 theta + 0.495 omega + -0.029 theta omega + 1.104 omega^2 + 0.060 theta omega^2 + -8.236 omega^3,-7.7710921059e-02,3.4124910909e-03,4.9530357131e-01,-2.5543035439e-05,-2.9387023374e-02,1.1041480435e+00,0.0000000000e+00,1.3456234597e-04,5.9911773542e-02,-8.2361946938e+00
87366,2025-06-24 10:20:00,0.029340,3.225039,2.280541,0.995 omega + 0.002 theta omega + -0.105 omega^2 + -0.019 theta omega^2 + 1.036 omega^3,0.003 1 + -0.002 theta + 0.040 omega + -0.009 theta omega + -0.605 omega^2 + -0.001 theta^2 omega + 0.042 theta omega^2 + -5.483 omega^3,3.3192309182e-03,-1.5990384623e-03,4.0058382684e-02,-1.0460194167e-04,-8.8030221053e-03,-6.0464206462e-01,0.0000000000e+00,-9.4938212610e-04,4.1518427572e-02,-5.4828210901e+00
87367,2025-06-24 10:25:00,nan,nan,nan,1.006 omega + -0.031 theta omega + 0.452 omega^2 + 0.003 theta^2 omega + -0.094 theta omega^2 + 4.577 omega^3,0.001 1 + 0.012 omega + 0.001 theta^2 + -0.063 theta omega + 0.892 omega^2 + 0.007 theta^2 omega + -0.189 theta omega^2 + 9.763 omega^3,5.7378194015e-04,-4.7964414854e-04,1.2390456529e-02,5.4893069763e-04,-6.3297800674e-02,8.9227118448e-01,-5.3553545599e-05,6.5052796756e-03,-1.8913840051e-01,9.7625652435e+00
87368,2025-06-24 10:30:00,0.060032,3.473894,2.456781,-0.001 theta + 0.995 omega + 0.014 theta omega + -0.101 omega^2 + -0.102 theta omega^2 + 0.522 omega^3,0.001 1 + -0.002 theta + -0.008 omega + 0.027 theta omega + -0.168 omega^2 + -0.197 theta omega^2 + 0.744 omega^3,6.4689107181e-04,-1.7305860964e-03,-7.5196727642e-03,4.1015576213e-04,2.6980399449e-02,-1.6827947602e-01,-1.3920082866e-05,-3.3612923293e-04,-1.9738313747e-01,7.4374863394e-01
87369,2025-06-24 10:35:00,nan,nan,nan,-0.012 1 + -0.001 theta + 1.397 omega + 0.015 theta omega + -3.307 omega^2 + -0.042 theta omega^2 + 8.106 omega^3,-0.030 1 + -0.003 theta + 0.901 omega + 0.032 theta omega + -7.274 omega^2 + -0.088 theta omega^2 + 17.582 omega^3,-2.9670661336e-02,-2.8904219410e-03,9.0074739706e-01,-3.7062786094e-06,3.2083584928e-02,-7.2736627630e+00,0.0000000000e+00,2.1158832812e-05,-8.8321860836e-02,1.7581807299e+01
87370,2025-06-24 10:40:00,0.049491,4.020486,2.843128,-0.200 1 + 0.005 theta + 3.032 omega + -0.038 theta omega + -6.848 omega^2 + 0.066 theta omega^2 + 7.720 omega^3,0.088 1 + -0.001 theta + -1.306 omega + 0.014 theta omega + 5.912 omega^2 + -0.038 theta omega^2 + -8.262 omega^3,8.7578663463e-02,-1.1093540219e-03,-1.3057059291e+00,0.0000000000e+00,1.3572763480e-02,5.9123361841e+00,0.0000000000e+00,-2.6674759922e-06,-3.7743990046e-02,-8.2617618685e+00
87371,2025-06-24 10:45:00,nan,nan,nan,-0.023 1 + 0.003 theta + 1.340 omega + -0.030 theta omega + -1.274 omega^2 + 0.064 theta omega^2 + 1.495 omega^3,-0.049 1 + 0.004 theta + 0.736 omega + -0.052 theta omega + -2.930 omega^2 + 0.001 theta^2 omega + 0.111 theta omega^2 + 3.852 omega^3,-4.8628298748e-02,4.1219290718e-03,7.3622647241e-01,-7.3619053313e-05,-5.1879161827e-02,-2.9296155832e+00,0.0000000000e+00,7.2270938997e-04,1.1090969713e-01,3.8519227350e+00
87372,2025-06-24 10:50:00,0.010949,0.494233,0.349561,1.012 omega + -0.014 theta omega + 0.339 omega^2 + -0.001 theta^2 omega + 0.169 theta omega^2 + -6.497 omega^3,0.025 omega + -0.030 theta omega + 0.705 omega^2 + -0.003 theta^2 omega + 0.380 theta omega^2 + -13.187 omega^3,4.5884155372e-04,-3.9505710104e-04,2.4666745488e-02,2.9545829748e-04,-3.0277882100e-02,7.0501835369e-01,2.3768878734e-06,-3.0500928567e-03,3.7967321937e-01,-1.3186850361e+01
87373,2025-06-24 10:55:00,0.010962,1.168054,0.825975,-0.059 1 + -0.002 theta + 2.174 omega + 0.023 theta omega + -7.286 omega^2 + -0.056 theta omega^2 + 14.453 omega^3,-0.011 1 + -0.004 theta + 0.866 omega + 0.044 theta omega + -7.816 omega^2 + -0.112 theta omega^2 + 18.812 omega^3,-1.0763552689e-02,-4.3601616193e-03,8.6577700841e-01,-3.5753428373e-06,4.4157223014e-02,-7.8164264963e+00,0.0000000000e+00,1.8204518997e-05,-1.1202880830e-01,1.8811850516e+01
87374,2025-06-24 11:00:00,0.008492,0.332121,0.234922,-0.162 1 + 0.001 theta + 2.990 omega + -0.011 theta omega + -8.060 omega^2 + 0.024 theta omega^2 + 10.851 omega^3,-0.195 1 + 0.003 theta + 2.369 omega + -0.027 theta omega + -9.479 omega^2 + 0.055 theta omega^2 + 12.535 omega^3,-1.9471528657e-01,3.2186146102e-03,2.3693152920e+00,-7.8388550760e-06,-2.7025444731e-02,-9.4785100220e+00,0.0000000000e+00,3.7394766641e-05,5.5310142195e-02,1.2534836375e+01
87375,2025-06-24 11:05:00,0.050267,5.677377,4.014669,0.119 1 + -0.001 theta + -0.164 omega + 0.007 theta omega + 3.771 omega^2 + -0.007 theta omega^2 + -4.084 omega^3,0.221 1 + -0.002 theta + -2.167 omega + 0.012 theta omega + 7.067 omega^2 + -0.012 theta omega^2 + -7.724 omega^3,2.2124094066e-01,-2.2010016233e-03,-2.1672380241e+00,1.6720787422e-05,1.1857391684e-02,7.0668848186e+00,0.0000000000e+00,-6.8145518593e-05,-1.2389890588e-02,-7.7244564067e+00
87376,2025-06-24 11:10:00,0.005477,0.442961,0.313245,-0.184 1 + 0.004 theta + 2.697 omega + -0.030 theta omega + -4.985 omega^2 + 0.053 theta omega^2 + 4.578 omega^3,-0.447 1 + 0.009 theta + 4.254 omega + -0.065 theta omega + -13.140 omega^2 + 0.115 theta omega^2 + 13.082 omega^3,-4.4680159483e-01,8.9829789765e-03,4.2538808761e+00,-2.9621795784e-05,-6.4956118402e-02,-1.3139582832e+01,0.0000000000e+00,1.2440042709e-04,1.1513606619e-01,1.3082256852e+01
87377,2025-06-24 11:15:00,0.022397,1.708979,1.208534,-0.008 1 + 0.852 omega + 0.003 theta omega + 1.257 omega^2 + -0.011 theta omega^2 + -2.172 omega^3,-0.024 1 + 0.001 theta + -0.212 omega + 0.004 theta omega + 2.237 omega^2 + -0.020 theta omega^2 + -4.027 omega^3,-2.4202377156e-02,5.7463420216e-04,-2.1151197126e-01,-1.4803329361e-06,3.6084114520e-03,2.2371776961e+00,0.0000000000e+00,-2.8652954613e-05,-2.0127391418e-02,-4.0271189597e+00
87378,2025-06-24 11:20:00,0.024464,2.298665,1.625494,0.002 1 + -0.001 theta + 1.047 omega + 0.013 theta omega + -1.544 omega^2 + -0.064 theta omega^2 + 9.134 omega^3,0.006 1 + -0.001 theta + -0.118 omega + 0.008 theta omega + 0.555 omega^2 + -0.011 theta omega^2,6.0663004359e-03,-6.6362553501e-04,-1.1762931863e-01,2.9697106607e-05,7.6339187046e-03,5.5487775053e-01,0.0000000000e+00,-2.8060887296e-04,-1.0868627173e-02,0.0000000000e+00
87379,2025-06-24 11:25:00,0.008672,0.458182,0.324041,0.447 1 + 0.007 theta + -7.635 omega + -0.089 theta omega + 55.102 omega^2 + 0.265 theta omega^2 + -115.957 omega^3,0.875 1 + 0.014 theta + -16.911 omega + -0.176 theta omega + 107.973 omega^2 + 0.524 theta omega^2 + -227.300 omega^3,8.7454965036e-01,1.4496328203e-02,-1.6911369609e+01,4.7700909223e-05,-1.7573628576e-01,1.0797349933e+02,0.0000000000e+00,-2.5536652931e-04,5.2412683783e-01,-2.2730007889e+02
87380,2025-06-24 11:30:00,0.002452,0.107729,0.076195,0.075 1 + -0.002 theta + -0.220 omega + 0.027 theta omega + 6.333 omega^2 + -0.082 theta omega^2 + -10.071 omega^3,0.140 1 + -0.004 theta + -2.306 omega + 0.051 theta omega + 12.022 omega^2 + -0.157 theta omega^2 + -19.126 omega^3,1.3998956484e-01,-4.0329121667e-03,-2.3056237922e+00,2.4640984278e-05,5.0646881407e-02,1.2022038089e+01,0.0000000000e+00,-1.8254932120e-04,-1.5686985468e-01,-1.9125864962e+01
87381,2025-06-24 11:35:00,0.039053,4.056129,2.868250,0.001 1 + 0.933 omega + 0.007 theta omega + 1.416 omega^2 + -0.001 theta omega^2 + -11.149 omega^3,0.003 1 + -0.132 omega + 0.014 theta omega + 2.841 omega^2 + -0.001 theta^2 omega + 0.005 theta omega^2 + -22.769 omega^3,2.6705962976e-03,-4.5614663333e-04,-1.3172638400e-01,-3.8401598476e-05,1.3939201771e-02,2.8406302485e+00,6.0339721584e-06,-1.0165138248e-03,5.0846421186e-03,-2.2769351528e+01
87382,2025-06-24 11:40:00,0.013814,0.697278,0.493147,-0.001 theta + 1.008 omega + -0.001 theta omega + 0.481 omega^2 + 0.032 theta omega^2 + -3.614 omega^3,-0.001 1 + 0.001 theta + 0.033 omega + -0.016 theta omega + 0.273 omega^2 + 0.071 theta omega^2 + -2.987 omega^3,-5.1514180299e-04,6.5835481667e-04,3.3433950903e-02,2.4024104887e-06,-1.5586112597e-02,2.7298667876e-01,0.0000000000e+00,0.0000000000e+00,7.1209705919e-02,-2.9872830443e+00
87383,2025-06-24 11:45:00,0.147498,6.813075,4.818700,0.001 1 + 0.995 omega + 0.010 theta omega + -0.480 omega^2 + 0.001 theta omega^2 + -0.847 omega^3,0.001 1 + -0.001 theta + -0.010 omega + 0.020 theta omega + -0.923 omega^2 + -0.002 theta omega^2 + -1.163 omega^3,1.2081872247e-03,-8.8784040553e-04,-1.0217755145e-02,-4.5205638822e-04,2.0114301340e-02,-9.2323665524e-01,-2.4632136464e-05,3.4978529794e-04,-1.9592753649e-03,-1.1627544891e+00
87384,2025-06-24 11:50:00,nan,nan,nan,-0.001 1 + 0.002 theta + 0.880 omega + -0.001 theta^2 + 0.036 theta omega + 1.781 omega^2 + 0.003 theta^2 omega + -0.664 theta omega^2 + 3.871 omega^3,-0.002 1 + 0.004 theta + -0.236 omega + -0.002 theta^2 + 0.072 theta omega + 3.525 omega^2 + 0.006 theta^2 omega + -1.322 theta omega^2 + 9.623 omega^3,-1.7254690574e-03,4.3525335873e-03,-2.3592520842e-01,-1.6759659377e-03,7.1579559395e-02,3.5247596320e+00,1.1469309773e-04,6.2082809816e-03,-1.3223209071e+00,9.6228436186e+00
87385,2025-06-24 11:55:00,0.046797,3.971237,2.808284,-0.001 theta + 1.016 omega + 0.007 theta omega + -0.171 omega^2 + -0.001 theta^2 omega + 0.007 theta omega^2 + 0.500 omega^3,-0.001 theta + 0.033 omega + 0.013 theta omega + -0.325 omega^2 + -0.002 theta^2 omega + 0.018 theta omega^2 + 0.960 omega^3,1.7786878627e-05,-1.0765771458e-03,3.2635689977e-02,1.8412157987e-05,1.2753580732e-02,-3.2526482231e-01,1.2654142601e-05,-1.9428136535e-03,1.7632692036e-02,9.5975766443e-01
87386,2025-06-24 12:00:00,0.004839,0.271666,0.192127,-0.110 1 + 2.455 omega + -0.007 theta omega + -6.127 omega^2 + 0.025 theta omega^2 + 8.067 omega^3,-0.240 1 + 3.317 omega + -0.007 theta omega + -14.835 omega^2 + 0.031 theta omega^2 + 21.308 omega^3,-2.4001541393e-01,2.6206733030e-04,3.3166058891e+00,1.7004110108e-05,-7.2724648489e-03,-1.4835235151e+01,0.0000000000e+00,-8.9649748094e-05,3.0522084341e-02,2.1307849192e+01
87387,2025-06-24 12:05:00,0.245503,259.109139,183.217911,0.118 1 + -0.003 theta + -0.700 omega + 0.029 theta omega + 8.001 omega^2 + -0.059 theta omega^2 + -12.231 omega^3,-0.103 1 + 0.005 theta + 1.238 omega + -0.051 theta omega + -4.056 omega^2 + 0.138 theta omega^2 + 1.967 omega^3,-1.0302037885e-01,4.6937785984e-03,1.2379852834e+00,-2.2448377715e-05,-5.0789583622e-02,-4.0560579739e+00,0.0000000000e+00,1.2261587150e-04,1.3791884862e-01,1.9670261982e+00
87388,2025-06-24 12:10:00,nan,nan,nan,-0.002 1 + 0.001 theta + 0.995 omega + 0.255 omega^2 + -0.108 theta omega^2 + 1.276 omega^3,-0.003 1 + 0.002 theta + -0.013 omega + -0.001 theta omega + 0.540 omega^2 + 0.001 theta^2 omega + -0.226 theta omega^2 + 2.977 omega^3,-3.2129533666e-03,1.6255236823e-03,-1.2804931992e-02,-1.8898324748e-04,-5.8827095263e-04,5.4013843161e-01,-7.5406469695e-06,6.7140188839e-04,-2.2595707550e-01,2.9769721017e+00
87389,2025-06-24 12:15:00,nan,nan,nan,0.223 1 + 0.005 theta + 4.706 omega + 0.056 theta omega + 20.425 omega^2 + 0.153 theta omega^2 + 37.443 omega^3,0.432 1 + 0.010 theta + 7.183 omega + 0.109 theta omega + 39.490 omega^2 + 0.299 theta omega^2 + 72.213 omega^3,4.3246887264e-01,9.6960807964e-03,7.1825673527e+00,5.7227126648e-05,1.0948598441e-01,3.9490320105e+01,0.0000000000e+00,3.8185289080e-04,2.9855114712e-01,7.2213099884e+01
87390,2025-06-24 12:20:00,0.041480,5.726552,4.049390,-0.001 1 + 0.908 omega + -0.002 theta omega + -1.203 omega^2 + -0.017 theta omega^2 + -4.229 omega^3,-0.114 omega + -0.001 theta omega + -1.669 omega^2 + -0.048 theta omega^2 + -4.919 omega^3,1.1670856439e-05,3.4369006931e-04,-1.1438884029e-01,1.9775532854e-05,-9.0385818410e-04,-1.6689942873e+00,0.0000000000e+00,2.2271925626e-04,-4.7662804312e-02,-4.9188414328e+00
87391,2025-06-24 12:25:00,nan,nan,nan,0.056 1 + -0.003 theta + 1.930 omega + -0.022 theta omega + 4.712 omega^2 + -0.036 theta omega^2 + 7.431 omega^3,0.104 1 + -0.006 theta + 1.720 omega + -0.041 theta omega + 8.725 omega^2 + -0.068 theta omega^2 + 13.890 omega^3,1.0413082809e-01,-5.7069442576e-03,1.7204075561e+00,-4.3227357959e-05,-4.1457083873e-02,8.7252099086e+00,0.0000000000e+00,-2.0655588289e-04,-6.8447502570e-02,1.3889507223e+01
87392,2025-06-24 12:30:00,0.042221,4.170044,2.948818,-0.030 1 + -0.004 theta + 0.610 omega + -0.030 theta omega + -1.532 omega^2 + -0.001 theta^2 omega + -0.047 theta omega^2 + -2.073 omega^3,-0.059 1 + -0.008 theta + -0.765 omega + -0.059 theta omega + -3.032 omega^2 + -0.001 theta^2 omega + -0.092 theta omega^2 + -4.134 omega^3,-5.9319404893e-02,-7.6860461478e-03,-7.6482390029e-01,-3.4524035380e-04,-5.8611203332e-02,-3.0321338969e+00,-5.5981894805e-06,-1.1385402061e-03,-9.2139125168e-02,-4.1338147212e+00
87393,2025-06-24 12:35:00,0.046143,1.293070,0.914921,0.010 1 + -0.006 theta + 0.911 omega + 0.001 theta^2 + 0.044 theta omega + -0.228 omega^2 + -0.005 theta^2 omega + 0.041 theta omega^2 + -0.754 omega^3,0.020 1 + -0.011 theta + -0.177 omega + 0.002 theta^2 + 0.087 theta omega + -0.461 omega^2 + -0.010 theta^2 omega + 0.081 theta omega^2 + -1.051 omega^3,2.0445629928e-02,-1.1283644456e-02,-1.7689887801e-01,2.0677522902e-03,8.7207129603e-02,-4.6088539166e-01,-1.3026306976e-04,-1.0012677315e-02,8.0717766017e-02,-1.0508593106e+00
87394,2025-06-24 12:40:00,nan,nan,nan,-0.001 1 + 1.024 omega + 0.013 theta omega + -1.380 omega^2 + -0.088 theta omega^2 + 11.378 omega^3,-0.002 1 + 0.001 theta + 0.050 omega + 0.026 theta omega + -2.781 omega^2 + -0.180 theta omega^2 + 23.025 omega^3,-2.0395880063e-03,6.7156761826e-04,4.9848438918e-02,-1.5698188384e-04,2.5717079357e-02,-2.7806941222e+00,4.8119240169e-06,-7.6366846459e-05,-1.7960254330e-01,2.3024802165e+01
87395,2025-06-24 12:45:00,0.113010,18.579406,13.137867,-0.001 1 + 0.001 theta + 0.935 omega + -0.012 theta omega + 0.808 omega^2 + -0.014 theta omega^2 + -0.167 omega^3,-0.005 1 + 0.002 theta + -0.078 omega + -0.021 theta omega + 1.323 omega^2 + 0.001 theta^2 omega + -0.012 theta omega^2 + -0.885 omega^3,-4.7971643855e-03,2.4249333698e-03,-7.7588756987e-02,-6.8962485662e-05,-2.1342527137e-02,1.3226166178e+00,0.0000000000e+00,6.2461305066e-04,-1.2348567378e-02,-8.8472931626e-01
87396,2025-06-24 12:50:00,0.031197,2.860004,2.022449,0.002 1 + 0.002 theta + 0.960 omega + 0.010 theta omega + -0.580 omega^2 + 0.001 theta^2 omega + -0.027 theta omega^2 + 0.722 omega^3,0.004 1 + 0.003 theta + -0.077 omega + 0.020 theta omega + -1.186 omega^2 + 0.001 theta^2 omega + -0.052 theta omega^2 + 1.411 omega^3,4.2173553611e-03,3.2071492996e-03,-7.7280167352e-02,2.4904259145e-04,1.9792524724e-02,-1.1863645632e+00,4.7210667118e-06,1.1661600766e-03,-5.2329906940e-02,1.4112206525e+00
87397,2025-06-24 12:55:00,0.738425,37.630331,26.613785,0.003 1 + 0.002 theta + 0.967 omega + 0.019 theta omega + -1.043 omega^2 + 0.001 theta^2 omega + -0.068 theta omega^2 + 0.487 omega^3,0.007 1 + 0.004 theta + -0.047 omega + 0.042 theta omega + -2.064 omega^2 + 0.003 theta^2 omega + -0.136 theta omega^2 + 1.402 omega^3,6.8706326332e-03,3.8161712415e-03,-4.7259531956e-02,2.2119688601e-04,4.2255805639e-02,-2.0643656284e+00,8.2935641443e-07,2.7115502498e-03,-1.3636520833e-01,1.4020795534e+00
87398,2025-06-24 13:00:00,nan,nan,nan,0.023 1 + -0.003 theta + 1.464 omega + -0.026 theta omega + 2.529 omega^2 + -0.050 theta omega^2 + 4.314 omega^3,0.042 1 + -0.006 theta + 0.840 omega + -0.047 theta omega + 4.693 omega^2 + -0.096 theta omega^2 + 8.299 omega^3,4.1669340165e-02,-5.8743872646e-03,8.4003107139e-01,0.0000000000e+00,-4.6704655949e-02,4.6934017490e+00,0.0000000000e+00,7.4793900957e-06,-9.5791971000e-02,8.2985761857e+00
87399,2025-06-24 13:05:00,0.031255,1.781001,1.259552,0.019 1 + -0.001 theta + 1.265 omega + -0.004 theta omega + 1.310 omega^2 + -0.020 theta omega^2 + 2.787 omega^3,-0.023 1 + -0.001 theta + -0.290 omega + -0.003 theta omega + -1.249 omega^2 + -1.906 omega^3,-2.3334400277e-02,-6.1572265400e-04,-2.9036379973e-01,-1.1546645393e-05,-3.1833776296e-03,-1.2492080638e+00,0.0000000000e+00,-5.4632224622e-05,-2.3968532001e-04,-1.9059124833e+00
87400,2025-06-24 13:10:00,0.069413,6.396929,4.523578,0.041 1 + 0.004 theta + 0.829 omega + 0.011 theta omega + -2.658 omega^2 + -0.011 theta omega^2 + -5.455 omega^3,-0.035 1 + -0.001 theta + -0.702 omega + -0.009 theta omega + -3.749 omega^2 + -0.027 theta omega^2 + -6.012 omega^3,-3.5263479222e-02,-5.8784960865e-04,-7.0178840799e-01,-2.2329012611e-06,-8.5819777591e-03,-3.7493055762e+00,0.0000000000e+00,3.6732893168e-06,-2.7339470535e-02,-6.0121998888e+00
87401,2025-06-24 13:15:00,0.011283,0.865804,0.612268,0.508 1 + 0.007 theta + 6.453 omega + 0.055 theta omega + 19.446 omega^2 + 0.101 theta omega^2 + 23.030 omega^3,1.025 1 + 0.015 theta + 11.021 omega + 0.111 theta omega + 39.390 omega^2 + 0.204 theta omega^2 + 46.765 omega^3,1.0246650027e+00,1.4929599159e-02,1.1021174650e+01,5.4291614350e-05,1.1075267833e-01,3.9389520160e+01,0.0000000000e+00,2.2302920783e-04,2.0364041755e-01,4.6765061796e+01
87402,2025-06-24 13:20:00,0.017790,2.095551,1.481832,-0.189 1 + 0.004 theta + -3.061 omega + 0.052 theta omega + -28.875 omega^2 + 0.179 theta omega^2 + -68.091 omega^3,-0.435 1 + 0.007 theta + -8.975 omega + 0.087 theta omega + -61.003 omega^2 + 0.263 theta omega^2 + -136.590 omega^3,-4.3543073938e-01,6.9896537698e-03,-8.9747180817e+00,-2.2317042960e-06,8.6632812363e-02,-6.1002541723e+01,0.0000000000e+00,0.0000000000e+00,2.6346761302e-01,-1.3658995403e+02
87403,2025-06-24 13:25:00,nan,nan,nan,0.106 1 + 2.174 omega + 0.001 theta omega + 4.260 omega^2 + 0.004 theta omega^2 + 5.087 omega^3,0.222 1 + 2.442 omega + 0.002 theta omega + 8.863 omega^2 + 0.008 theta omega^2 + 10.605 omega^3,2.2180191713e-01,-3.2781650587e-05,2.4416051851e+00,-1.3126236685e-05,1.8536761976e-03,8.8631683398e+00,0.0000000000e+00,-5.5516128518e-05,8.0744045314e-03,1.0605398351e+01
87404,2025-06-24 13:30:00,0.013936,0.885372,0.626130,-0.015 1 + 0.775 omega + -0.003 theta omega + -0.725 omega^2 + -0.012 theta omega^2 + 0.089 omega^3,-0.048 1 + -0.001 theta + -0.697 omega + -0.019 theta omega + -2.734 omega^2 + -0.050 theta omega^2 + -2.363 omega^3,-4.7782264646e-02,-1.3734971751e-03,-6.9651696394e-01,-9.5015114146e-07,-1.9003447572e-02,-2.7340807211e+00,0.0000000000e+00,-6.4817637370e-05,-5.0209890096e-02,-2.3634482246e+00
87405,2025-06-24 13:35:00,0.097634,13.598438,9.615796,-0.001 1 + -0.002 theta + 0.992 omega + -0.014 theta omega + -0.559 omega^2 + -0.001 theta^2 omega + -0.047 theta omega^2 + -1.586 omega^3,-0.002 1 + -0.004 theta + -0.014 omega + -0.028 theta omega + -1.110 omega^2 + -0.002 theta^2 omega + -0.094 theta omega^2 + -3.086 omega^3,-1.5517124731e-03,-4.3434301881e-03,-1.4264067160e-02,-3.1741140005e-04,-2.8318113859e-02,-1.1102715471e+00,-7.0889483534e-07,-1.7456484868e-03,-9.4423767650e-02,-3.0856844730e+00
87406,2025-06-24 13:40:00,0.024153,0.452839,0.320661,0.991 omega + 0.001 theta omega + 0.134 omega^2 + 0.017 theta omega^2 + 1.297 omega^3,-0.014 omega + 0.003 theta omega + 0.258 omega^2 + 0.034 theta omega^2 + 2.590 omega^3,-4.8511691487e-04,3.5413148779e-04,-1.3947100156e-02,3.4025274200e-05,2.9957208500e-03,2.5775899163e-01,-1.3113392569e-06,3.0640505872e-04,3.4477823723e-02,2.5895589421e+00
87407,2025-06-24 13:45:00,0.046728,1.030282,0.729269,0.986 omega + 0.013 theta omega + -0.078 omega^2 + -0.001 theta^2 omega + -0.002 theta omega^2 + -0.518 omega^3,-0.031 omega + 0.028 theta omega + -0.142 omega^2 + -0.003 theta^2 omega + -0.009 theta omega^2 + -1.119 omega^3,4.0973421647e-04,4.1391608343e-04,-3.1449668691e-02,6.1491507449e-05,2.8324388221e-02,-1.4230248164e-01,-1.3516213010e-05,-2.9161948453e-03,-9.4355825556e-03,-1.1193454075e+00
87408,2025-06-24 13:50:00,0.091438,4.018560,2.842286,-0.004 1 + 1.021 omega + 0.001 theta omega + 0.324 omega^2 + -0.013 theta omega^2 + -2.079 omega^3,-0.008 1 + 0.044 omega + 0.001 theta omega + 0.677 omega^2 + -0.027 theta omega^2 + -4.266 omega^3,-7.9643574949e-03,-2.2889538742e-04,4.3844353588e-02,2.7301306038e-04,1.0653103905e-03,6.7718546693e-01,-2.4709998023e-05,-4.5892257248e-04,-2.7183279949e-02,-4.2664875947e+00
87409,2025-06-24 13:55:00,nan,nan,nan,0.035 1 + 0.007 theta + 1.369 omega + 0.064 theta omega + 0.623 omega^2 + 0.003 theta^2 omega + 0.046 theta omega^2 + 0.532 omega^3,0.069 1 + 0.013 theta + 0.735 omega + 0.001 theta^2 + 0.127 theta omega + 1.228 omega^2 + 0.005 theta^2 omega + 0.091 theta omega^2 + 1.083 omega^3,6.9423564253e-02,1.3309442611e-02,7.3463419229e-01,6.0068546620e-04,1.2728370823e-01,1.2280294284e+00,-1.2903445992e-06,5.3898039406e-03,9.1300666496e-02,1.0825561705e+00
87410,2025-06-24 14:00:00,0.016831,0.386319,0.273428,-0.039 1 + -0.002 theta + 0.631 omega + -0.017 theta omega + -1.035 omega^2 + -0.029 theta omega^2 + -0.807 omega^3,-0.071 1 + -0.004 theta + -0.655 omega + -0.031 theta omega + -1.768 omega^2 + -0.054 theta omega^2 + -1.243 omega^3,-7.0917769616e-02,-3.8448056813e-03,-6.5491248835e-01,-4.7731096157e-05,-3.1137345473e-02,-1.7680194299e+00,0.0000000000e+00,-2.9874550526e-04,-5.3998794973e-02,-1.2432361851e+00
87411,2025-06-24 14:05:00,0.082897,4.863792,3.439719,0.002 1 + -0.001 theta + 1.005 omega + -0.009 theta omega + -0.076 omega^2 + 0.002 theta^2 omega + -0.142 theta omega^2 + 1.308 omega^3,0.003 1 + -0.001 theta + 0.011 omega + -0.019 theta omega + -0.128 omega^2 + 0.005 theta^2 omega + -0.291 theta omega^2 + 2.707 omega^3,3.0790082635e-03,-1.1341648299e-03,1.0747053333e-02,-8.4853201336e-05,-1.8506050146e-02,-1.2789421367e-01,-3.5946598160e-05,4.5891999605e-03,-2.9078487123e-01,2.7074117186e+00
87412,2025-06-24 14:10:00,0.178368,7.906333,5.592044,0.015 1 + 0.906 omega + -0.010 theta omega + -1.060 omega^2 + -0.072 theta omega^2 + -0.623 omega^3,0.029 1 + 0.001 theta + -0.183 omega + -0.018 theta omega + -2.013 omega^2 + -0.138 theta omega^2 + -0.933 omega^3,2.9312229773e-02,6.3147065967e-04,-1.8250890224e-01,-3.2849121570e-04,-1.8237624787e-02,-2.0129614465e+00,-1.6180374442e-05,-3.8253680791e-04,-1.3753502885e-01,-9.3295114537e-01
87413,2025-06-24 14:15:00,nan,nan,nan,-0.001 1 + -0.002 theta + 1.041 omega + -0.016 theta omega + 0.101 omega^2 + -0.001 theta^2 omega + 0.021 theta omega^2 + -3.126 omega^3,-0.001 1 + -0.003 theta + 0.133 omega + -0.040 theta omega + 2.373 omega^2 + -0.160 theta omega^2 + 10.346 omega^3,-1.4668239791e-03,-2.5242978400e-03,1.3331473910e-01,2.3678783012e-05,-3.9821463741e-02,2.3726319488e+00,0.0000000000e+00,1.7181726561e-04,-1.6023089341e-01,1.0346431954e+01
87414,2025-06-24 14:20:00,0.016035,1.651941,1.168153,-0.039 1 + 0.002 theta + 0.291 omega + 0.007 theta omega + -3.615 omega^2 + -0.005 theta omega^2 + -4.929 omega^3,-0.345 1 + -0.005 theta + -5.911 omega + -0.069 theta omega + -33.120 omega^2 + -0.211 theta omega^2 + -60.717 omega^3,-3.4498951143e-01,-5.4112369907e-03,-5.9106327000e+00,-1.0899527573e-05,-6.8506862826e-02,-3.3120111980e+01,0.0000000000e+00,-8.7122351922e-05,-2.1132050443e-01,-6.0716536188e+01
87415,2025-06-24 14:25:00,0.024600,0.899002,0.635929,0.001 1 + 0.970 omega + 0.007 theta omega + 0.092 omega^2 + 0.004 theta^2 omega + 0.044 theta omega^2 + 4.990 omega^3,0.001 1 + -0.001 theta + -0.060 omega + 0.014 theta omega + 0.222 omega^2 + 0.008 theta^2 omega + 0.082 theta omega^2 + 10.410 omega^3,1.0155740400e-03,-5.1878335801e-04,-6.0172801361e-02,-4.3464782611e-04,1.4470195245e-02,2.2221990777e-01,-8.5082413012e-05,8.0430073737e-03,8.1592526417e-02,1.0410003874e+01
87416,2025-06-24 14:30:00,0.039131,0.722514,0.511643,-0.013 1 + -0.008 theta + 0.727 omega + -0.002 theta^2 + -0.145 theta omega + -1.962 omega^2 + -0.018 theta^2 omega + -0.388 theta omega^2 + -8.033 omega^3,-0.028 1 + -0.016 theta + -0.558 omega + -0.003 theta^2 + -0.295 theta omega + -3.966 omega^2 + -0.036 theta^2 omega + -0.782 theta omega^2 + -16.197 omega^3,-2.7709962365e-02,-1.6146411348e-02,-5.5836822579e-01,-3.0996251143e-03,-2.9548836782e-01,-3.9663083108e+00,-2.2837030814e-04,-3.6251249695e-02,-7.8181092027e-01,-1.6196838040e+01
87417,2025-06-24 14:35:00,nan,nan,nan,-0.001 1 + -0.002 theta + 1.016 omega + 0.025 theta omega + 0.211 omega^2 + 0.006 theta^2 omega + 0.212 theta omega^2 + 0.484 omega^3,-0.002 1 + -0.003 theta + 0.034 omega + -0.001 theta^2 + 0.050 theta omega + 0.384 omega^2 + 0.011 theta^2 omega + 0.402 theta omega^2 + 0.629 omega^3,-2.4500210569e-03,-3.4678501550e-03,3.4182839421e-02,-6.0242870659e-04,4.9723368405e-02,3.8385368045e-01,3.3431085859e-05,1.0793194908e-02,4.0200594024e-01,6.2946546531e-01
87418,2025-06-24 14:40:00,0.072267,6.170088,4.363210,0.001 1 + 0.996 omega + 0.002 theta omega + 0.021 omega^2 + -0.020 theta omega^2 + 0.447 omega^3,0.002 1 + -0.009 omega + 0.004 theta omega + 0.047 omega^2 + 0.001 theta^2 omega + -0.041 theta omega^2 + 0.981 omega^3,2.0046428909e-03,-1.1806505238e-04,-8.5321063830e-03,-3.0417844035e-04,3.9685521707e-03,4.7055947783e-02,-2.9837176807e-05,5.0448526358e-04,-4.0676585355e-02,9.8098838610e-01
87419,2025-06-24 14:45:00,nan,nan,nan,-0.001 theta + 0.994 omega + 0.162 omega^2 + 0.009 theta^2 omega + -0.344 theta omega^2 + 2.697 omega^3,0.001 1 + -0.001 theta + -0.011 omega + -0.001 theta omega + 0.315 omega^2 + 0.018 theta^2 omega + -0.699 theta omega^2 + 5.733 omega^3,5.7529959383e-04,-1.0964448805e-03,-1.1339969456e-02,3.7230112246e-04,-5.9123566631e-04,3.1501822609e-01,-1.6087571521e-04,1.7594721747e-02,-6.9902471277e-01,5.7328922473e+00
87420,2025-06-24 14:50:00,0.045223,3.226549,2.281739,-0.024 1 + 0.002 theta + 1.160 omega + -0.018 theta omega + 0.773 omega^2 + -0.014 theta omega^2 + -4.436 omega^3,-0.046 1 + 0.005 theta + 0.293 omega + -0.033 theta omega + 1.677 omega^2 + 0.001 theta^2 omega + -0.039 theta omega^2 + -8.951 omega^3,-4.6473984468e-02,4.5693228950e-03,2.9274563044e-01,-4.2449099193e-05,-3.2805808433e-02,1.6769517120e+00,-2.8782953870e-06,6.9473068661e-04,-3.8812421946e-02,-8.9513522200e+00
87421,2025-06-24 14:55:00,0.072259,8.810131,6.229913,0.001 1 + -0.001 theta + 0.965 omega + -0.001 theta omega + 0.352 omega^2 + -0.004 theta omega^2 + -0.127 omega^3,0.003 1 + -0.001 theta + -0.072 omega + -0.002 theta omega + 0.707 omega^2 + -0.011 theta omega^2 + -0.161 omega^3,2.5902699443e-03,-1.0738094791e-03,-7.1603868240e-02,1.5459226468e-04,-1.5893261918e-03,7.0695836226e-01,-2.4508404696e-06,-2.4634929079e-04,-1.0984525387e-02,-1.6104827482e-01
87422,2025-06-24 15:00:00,nan,nan,nan,-0.002 1 + 1.007 omega + 0.002 theta omega + 0.223 omega^2 + 0.007 theta omega^2 + 0.657 omega^3,-0.005 1 + 0.014 omega + 0.004 theta omega + 0.423 omega^2 + 0.015 theta omega^2 + 1.241 omega^3,-4.7327460787e-03,2.1719634584e-04,1.3570422731e-02,-2.2988569224e-05,4.1590992138e-03,4.2334158904e-01,0.0000000000e+00,-1.0591624291e-04,1.4535893496e-02,1.2412732708e+00
87423,2025-06-24 15:05:00,0.125751,12.321908,8.713359,0.006 1 + 0.837 omega + -0.008 theta omega + -0.889 omega^2 + -0.025 theta omega^2 + -0.712 omega^3,0.011 1 + 0.002 theta + -0.061 omega + 0.006 theta omega + 0.007 omega^2 + -0.007 theta omega^2 + 1.417 omega^3,1.0852201491e-02,2.2331541767e-03,-6.1006945057e-02,4.9975233561e-05,6.3336579807e-03,6.8493918412e-03,0.0000000000e+00,1.9500268726e-04,-7.3619486246e-03,1.4169586255e+00
87424,2025-06-24 15:10:00,0.017603,0.247254,0.175277,-0.006 1 + 0.002 theta + 1.112 omega + -0.017 theta omega + -0.769 omega^2 + 0.020 theta omega^2 + 2.202 omega^3,-0.013 1 + 0.004 theta + 0.238 omega + -0.034 theta omega + -1.571 omega^2 + 0.001 theta^2 omega + 0.042 theta omega^2 + 4.400 omega^3,-1.3324345818e-02,4.4542159361e-03,2.3831650646e-01,-1.7749903266e-04,-3.4176451573e-02,-1.5706046291e+00,1.5892446474e-06,8.1569282102e-04,4.2194617287e-02,4.3999397955e+00
87425,2025-06-24 15:15:00,0.078275,8.140965,5.756797,-0.010 1 + -0.002 theta + 0.843 omega + -0.016 theta omega + -0.870 omega^2 + -0.034 theta omega^2 + -1.732 omega^3,-0.022 1 + -0.004 theta + -0.340 omega + -0.035 theta omega + -1.823 omega^2 + -0.001 theta^2 omega + -0.072 theta omega^2 + -3.434 omega^3,-2.2230507408e-02,-4.2420742572e-03,-3.3958576803e-01,-2.3344484279e-04,-3.4891969817e-02,-1.8231796215e+00,-4.2260885910e-06,-8.2383284125e-04,-7.1923119054e-02,-3.4335055107e+00
87426,2025-06-24 15:20:00,0.017134,0.517629,0.366219,-0.023 1 + 1.188 omega + -0.006 theta omega + -0.279 omega^2 + 0.006 theta omega^2 + -0.030 omega^3,-0.006 1 + 0.001 theta + -0.048 omega + -0.005 theta omega + 0.708 omega^2 + -0.002 theta omega^2 + -1.210 omega^3,-6.0742181727e-03,8.4028003090e-04,-4.8083011396e-02,-1.3867484171e-05,-5.2003330960e-03,7.0834619260e-01,0.0000000000e+00,9.1014770880e-05,-1.8484482867e-03,-1.2103719751e+00
87427,2025-06-24 15:25:00,0.056988,3.263109,2.307718,0.001 1 + 0.966 omega + -0.004 theta omega + 0.908 omega^2 + 0.006 theta omega^2 + -5.383 omega^3,0.002 1 + -0.063 omega + -0.007 theta omega + 1.758 omega^2 + 0.001 theta^2 omega + 0.013 theta omega^2 + -10.560 omega^3,1.6270536746e-03,-3.4354597262e-04,-6.2860147731e-02,2.4567869965e-05,-7.3885354487e-03,1.7579800925e+00,1.3815850452e-09,5.5450134351e-04,1.2722817057e-02,-1.0559828796e+01
87428,2025-06-24 15:30:00,0.037481,6.178497,4.368937,0.025 1 + 0.002 theta + 0.529 omega + -0.012 theta omega + 2.363 omega^2 + 0.020 theta omega^2 + -3.417 omega^3,0.045 1 + 0.004 theta + -0.883 omega + -0.025 theta omega + 4.483 omega^2 + 0.041 theta omega^2 + -6.507 omega^3,4.4673010621e-02,3.6597594604e-03,-8.8286967861e-01,-1.3375738723e-05,-2.4835881761e-02,4.4826670596e+00,0.0000000000e+00,4.5899300329e-05,4.1017328403e-02,-6.5066732864e+00
87429,2025-06-24 15:35:00,0.033161,3.356134,2.373261,0.052 1 + -0.002 theta + -0.094 omega + 0.050 theta omega + 6.119 omega^2 + -0.164 theta omega^2 + -10.232 omega^3,0.154 1 + -0.010 theta + -2.617 omega + 0.128 theta omega + 13.345 omega^2 + -0.001 theta^2 omega + -0.353 theta omega^2 + -21.244 omega^3,1.5411318879e-01,-9.7910371484e-03,-2.6167963754e+00,1.5478193252e-04,1.2765500920e-01,1.3344934201e+01,0.0000000000e+00,-1.4005951414e-03,-3.5272350539e-01,-2.1243658322e+01
87430,2025-06-24 15:40:00,0.016592,1.488575,1.052647,-0.001 1 + 0.001 theta + 1.001 omega + 0.001 theta omega + 0.076 omega^2 + -0.001 theta^2 omega + -0.021 theta omega^2 + 0.004 omega^3,-0.002 1 + 0.001 theta + 0.003 theta omega + 0.129 omega^2 + -0.001 theta^2 omega + -0.040 theta omega^2 + 0.146 omega^3,-2.3673034746e-03,1.1362855904e-03,-3.8282315237e-04,-1.8863671155e-04,2.9721424269e-03,1.2869783174e-01,3.6680611748e-06,-1.0378855992e-03,-4.0172169689e-02,1.4556228435e-01
87431,2025-06-24 15:45:00,0.143125,11.992874,8.480846,-0.001 1 + 1.005 omega + 0.001 theta omega + 0.074 omega^2 + -0.013 theta omega^2 + -0.198 omega^3,-0.003 1 + 0.021 omega + 0.003 theta omega + 0.189 omega^2 + -0.017 theta omega^2 + -0.817 omega^3,-3.1473056810e-03,-2.5099663257e-04,2.1057104000e-02,1.1101315887e-04,3.3581026276e-03,1.8874097281e-01,0.0000000000e+00,-4.8276716206e-04,-1.6912860913e-02,-8.1725446191e-01
87432,2025-06-24 15:50:00,nan,nan,nan,0.266 1 + -0.015 theta + -1.761 omega + 0.103 theta omega + 8.779 omega^2 + -0.001 theta^2 omega + -0.166 theta omega^2 + -7.844 omega^3,-0.148 1 + 0.007 theta + 1.598 omega + -0.056 theta omega + -5.108 omega^2 + 0.109 theta omega^2 + 4.117 omega^3,-1.4796432531e-01,6.7199281072e-03,1.5978392649e+00,-7.4990787078e-05,-5.6336950653e-02,-5.1079067702e+00,0.0000000000e+00,4.1283178518e-04,1.0871942340e-01,4.1166230501e+00
87433,2025-06-24 15:55:00,0.070135,8.293140,5.864345,0.002 1 + -0.001 theta + 0.987 omega + 0.004 theta omega + 0.237 omega^2 + 0.006 theta omega^2 + -1.765 omega^3,0.003 1 + -0.001 theta + -0.025 omega + 0.007 theta omega + 0.500 omega^2 + 0.023 theta omega^2 + -3.949 omega^3,3.0011237389e-03,-9.6443233273e-04,-2.5244352240e-02,4.9712220052e-05,6.5265429473e-03,5.0049359216e-01,0.0000000000e+00,-4.2488442550e-04,2.2684928386e-02,-3.9485152262e+00
87434,2025-06-24 16:00:00,nan,nan,nan,-0.045 1 + 0.003 theta + 1.592 omega + -0.040 theta omega + -2.069 omega^2 + 0.129 theta omega^2 + 0.640 omega^3,-0.090 1 + 0.006 theta + 1.194 omega + -0.080 theta omega + -4.251 omega^2 + 0.253 theta omega^2 + 1.775 omega^3,-8.9521932336e-02,6.3616570273e-03,1.1938018330e+00,1.8337375552e-05,-7.9970363863e-02,-4.2511618463e+00,0.0000000000e+00,-1.1802951125e-04,2.5298368536e-01,1.7751073348e+00
87435,2025-06-24 16:05:00,0.062226,3.782809,2.675212,0.001 theta + 0.982 omega + 0.004 theta omega + 0.048 omega^2 + -0.012 theta omega^2 + 1.245 omega^3,-0.001 1 + 0.001 theta + -0.034 omega + 0.009 theta omega + 0.103 omega^2 + -0.022 theta omega^2 + 2.337 omega^3,-1.0546694044e-03,1.0939443293e-03,-3.3997171456e-02,-1.8609897038e-04,8.8855243715e-03,1.0275556589e-01,-7.9079054457e-06,-2.1505639767e-04,-2.2377718052e-02,2.3365227867e+00
87436,2025-06-24 16:10:00,0.018058,2.417410,1.709414,0.004 1 + 0.003 theta + 0.847 omega + 0.034 theta omega + -2.387 omega^2 + 0.099 theta omega^2 + -8.094 omega^3,0.017 1 + 0.006 theta + -0.096 omega + 0.067 theta omega + -2.936 omega^2 + 0.178 theta omega^2 + -10.481 omega^3,1.6910756189e-02,6.3114990483e-03,-9.5775915287e-02,2.6332415676e-05,6.6606951985e-02,-2.9356884544e+00,0.0000000000e+00,1.3098591221e-04,1.7762976184e-01,-1.0481452702e+01
87437,2025-06-24 16:15:00,0.074624,11.552260,8.168852,-0.030 1 + -0.002 theta + 0.558 omega + -0.022 theta omega + -1.820 omega^2 + -0.055 theta omega^2 + -1.711 omega^3,-0.003 1 + 0.001 theta + -0.361 omega + -0.009 theta omega + -2.593 omega^2 + -0.059 theta omega^2 + -4.119 omega^3,-3.3116032975e-03,5.3722618038e-04,-3.6095935052e-01,2.0194603141e-05,-8.9136301477e-03,-2.5925740997e+00,0.0000000000e+00,4.4835258159e-05,-5.9408041517e-02,-4.1194212532e+00
87438,2025-06-24 16:20:00,0.065294,9.637310,6.814764,-0.004 1 + -0.002 theta + 1.160 omega + 0.012 theta omega + -1.000 omega^2 + -0.016 theta omega^2 + 1.484 omega^3,-0.007 1 + -0.003 theta + 0.305 omega + 0.022 theta omega + -2.019 omega^2 + -0.041 theta omega^2 + 3.676 omega^3,-7.2501384246e-03,-2.7372450495e-03,3.0473964259e-01,-7.5153100722e-06,2.1628373188e-02,-2.0186702642e+00,0.0000000000e+00,2.2424298924e-05,-4.1324505880e-02,3.6764883648e+00
87439,2025-06-24 16:25:00,4.578327,33.041993,23.587437,-0.369 1 + 0.022 theta + 3.674 omega + -0.126 theta omega + -4.469 omega^2 + 0.001 theta^2 omega + 0.167 theta omega^2 + -1.410 omega^3,-0.736 1 + 0.043 theta + 5.336 omega + -0.001 theta^2 + -0.251 theta omega + -8.923 omega^2 + 0.002 theta^2 omega + 0.333 theta omega^2 + -2.782 omega^3,-7.3594328804e-01,4.3121688829e-02,5.3362843086e+00,-7.1307691009e-04,-2.5098312223e-01,-8.9227159891e+00,3.5457583372e-06,2.2517075363e-03,3.3280441841e-01,-2.7820127282e+00
87440,2025-06-24 16:30:00,0.086499,12.137501,8.582727,0.041 1 + -0.011 theta + 0.646 omega + 0.001 theta^2 + 0.105 theta omega + 0.754 omega^2 + -0.007 theta^2 omega + -0.039 theta omega^2 + -4.218 omega^3,0.082 1 + -0.022 theta + -0.705 omega + 0.001 theta^2 + 0.209 theta omega + 1.516 omega^2 + -0.014 theta^2 omega + -0.080 theta omega^2 + -8.495 omega^3,8.1843631890e-02,-2.2487980382e-02,-7.0539885441e-01,1.3199888232e-03,2.0930437939e-01,1.5159164826e+00,9.4289861207e-06,-1.4018388147e-02,-7.9948306021e-02,-8.4948953579e+00
87441,2025-06-24 16:35:00,0.004896,0.282780,0.199985,-0.001 1 + 1.014 omega + 0.002 theta omega + -0.047 omega^2 + 0.005 theta omega^2 + -0.272 omega^3,-0.001 1 + -0.001 theta + 0.027 omega + 0.003 theta omega + -0.111 omega^2 + 0.010 theta omega^2 + -0.591 omega^3,-1.4030123850e-03,-9.8640196595e-04,2.6843423390e-02,-7.7764031782e-05,3.0536350329e-03,-1.1130220541e-01,-1.0813753119e-06,-5.1815606634e-05,9.7737760155e-03,-5.9056087906e-01
87442,2025-06-24 16:40:00,0.091939,7.463415,5.277832,-0.001 1 + 0.991 omega + -0.001 theta omega + 0.091 omega^2 + -0.001 theta omega^2 + 0.935 omega^3,-0.001 1 + -0.001 theta + -0.019 omega + -0.003 theta omega + 0.179 omega^2 + -0.001 theta omega^2 + 1.955 omega^3,-1.1646672620e-03,-9.6609904678e-04,-1.8954053137e-02,2.2812005505e-04,-3.1784396541e-03,1.7895044644e-01,-1.4438800312e-05,2.9366125013e-04,-1.0766238317e-03,1.9549440803e+00
87443,2025-06-24 16:45:00,0.014275,0.748558,0.529407,1.023 omega + 0.002 theta omega + 0.041 omega^2 + 0.010 theta omega^2 + -1.189 omega^3,0.001 1 + -0.001 theta + 0.045 omega + 0.004 theta omega + 0.060 omega^2 + 0.019 theta omega^2 + -2.272 omega^3,6.2165438547e-04,-5.4325338143e-04,4.5418111266e-02,-8.6898351546e-05,4.0866695320e-03,5.9690559049e-02,-6.0396773799e-06,3.6866108757e-04,1.8504045069e-02,-2.2722891835e+00
87444,2025-06-24 16:50:00,nan,nan,nan,-0.023 1 + 0.003 theta + 1.191 omega + -0.019 theta omega + -0.731 omega^2 + 0.026 theta omega^2 + 2.092 omega^3,-0.046 1 + 0.006 theta + 0.390 omega + -0.040 theta omega + -1.510 omega^2 + 0.001 theta^2 omega + 0.053 theta omega^2 + 4.418 omega^3,-4.6083478500e-02,6.2826760308e-03,3.8982692966e-01,-2.3033836895e-04,-3.9798291004e-02,-1.5097144398e+00,2.1247263480e-06,9.0540957474e-04,5.3008380265e-02,4.4177606285e+00
87445,2025-06-24 16:55:00,0.097652,4.917403,3.477815,0.001 1 + -0.001 theta + 1.023 omega + -0.004 theta omega + -0.018 omega^2 + -0.001 theta^2 omega + 0.028 theta omega^2 + -1.781 omega^3,0.002 1 + -0.001 theta + 0.048 omega + -0.001 theta^2 + -0.009 theta omega + -0.039 omega^2 + -0.003 theta^2 omega + 0.057 theta omega^2 + -3.614 omega^3,1.7344525906e-03,-1.3147089769e-03,4.7861312419e-02,-5.4276691208e-04,-8.6775689110e-03,-3.8654021024e-02,-3.4183015489e-05,-2.7123389563e-03,5.7490314752e-02,-3.6143079506e+00
87446,2025-06-24 17:00:00,0.067971,9.414800,6.657443,-0.002 1 + -0.001 theta + 0.954 omega + -0.006 theta omega + -0.284 omega^2 + -0.029 theta omega^2 + 0.869 omega^3,-0.004 1 + -0.001 theta + -0.094 omega + -0.013 theta omega + -0.614 omega^2 + -0.061 theta omega^2 + 1.743 omega^3,-4.3543573008e-03,-1.3837576388e-03,-9.4197933918e-02,-1.0978693518e-04,-1.2687412537e-02,-6.1395133305e-01,-2.5375152022e-06,-3.8667921140e-04,-6.1264006976e-02,1.7427649928e+00
87447,2025-06-24 17:05:00,0.009422,0.450058,0.318309,-0.001 theta + 1.071 omega + 0.009 theta omega + -0.701 omega^2 + -0.005 theta omega^2 + 1.476 omega^3,-0.003 theta + 0.143 omega + 0.019 theta omega + -1.370 omega^2 + -0.001 theta^2 omega + -0.012 theta omega^2 + 2.775 omega^3,-6.3937534485e-05,-2.8494605225e-03,1.4255723790e-01,1.9136658089e-04,1.8719059432e-02,-1.3698460374e+00,-3.2353917461e-06,-8.2846932654e-04,-1.1692924622e-02,2.7745541038e+00
87448,2025-06-24 17:10:00,0.011945,0.258464,0.182957,1.008 omega + 0.003 theta omega + -0.026 omega^2 + -0.008 theta omega^2 + -0.092 omega^3,-0.001 1 + 0.017 omega + 0.007 theta omega + -0.074 omega^2 + 0.001 theta^2 omega + -0.019 theta omega^2 + -0.063 omega^3,-7.5838667164e-04,-3.8796130493e-04,1.6545066961e-02,-9.3337149367e-05,6.7921679935e-03,-7.4145266296e-02,-8.2165607110e-06,7.0315988825e-04,-1.8605645843e-02,-6.2581593088e-02
87449,2025-06-24 17:15:00,nan,nan,nan,-0.085 1 + 1.639 omega + -0.005 theta omega + -1.054 omega^2 + 0.009 theta omega^2 + -0.380 omega^3,-0.261 1 + 0.007 theta + 2.411 omega + -0.055 theta omega + -6.797 omega^2 + 0.093 theta omega^2 + 5.594 omega^3,-2.6083983849e-01,7.3856803051e-03,2.4107513608e+00,-4.7830870806e-05,-5.4654438835e-02,-6.7965167474e+00,0.0000000000e+00,2.3834581067e-04,9.2578966751e-02,5.5942663208e+00
87450,2025-06-24 17:20:00,0.059289,3.229124,2.283720,0.001 1 + 0.992 omega + 0.002 theta omega + -0.017 omega^2 + 0.021 theta omega^2 + -0.424 omega^3,0.001 1 + -0.001 theta + -0.014 omega + 0.004 theta omega + -0.016 omega^2 + 0.041 theta omega^2 + -0.839 omega^3,8.8675250580e-04,-6.1933053976e-04,-1.4434982326e-02,1.1012716298e-04,3.6941409287e-03,-1.6472700385e-02,-6.5872409451e-06,-3.2319366120e-04,4.1092714153e-02,-8.3899795273e-01
87451,2025-06-24 17:25:00,7.209542,148.332668,105.010852,-0.009 1 + 0.005 theta + 1.094 omega + -0.071 theta omega + 0.833 omega^2 + 0.002 theta^2 omega + 0.164 theta omega^2 + -4.049 omega^3,-0.017 1 + 0.009 theta + 0.188 omega + -0.141 theta omega + 1.658 omega^2 + 0.004 theta^2 omega + 0.322 theta omega^2 + -7.960 omega^3,-1.7477431529e-02,9.1616347778e-03,1.8760518458e-01,-4.3386088178e-04,-1.4067067570e-01,1.6576737565e+00,4.0268124178e-06,4.3930109963e-03,3.2177831148e-01,-7.9597430019e+00
87452,2025-06-24 17:30:00,nan,nan,nan,-0.001 theta + 1.010 omega + -0.004 theta omega + -0.039 omega^2 + 0.026 theta omega^2 + 0.260 omega^3,-0.001 theta + 0.021 omega + -0.008 theta omega + -0.079 omega^2 + -0.001 theta^2 omega + 0.050 theta omega^2 + 0.572 omega^3,-4.6815702141e-04,-1.4287860775e-03,2.0712167994e-02,3.2873791245e-04,-8.4059620683e-03,-7.9352053460e-02,-9.4584115795e-06,-6.2559736638e-04,4.9543359152e-02,5.7164023548e-01
87453,2025-06-24 17:35:00,0.047844,3.645413,2.577918,0.024 1 + -0.001 theta + 0.508 omega + 0.014 theta omega + 3.044 omega^2 + -0.053 theta omega^2 + -5.448 omega^3,0.049 1 + -0.002 theta + -0.996 omega + 0.028 theta omega + 6.209 omega^2 + -0.107 theta omega^2 + -11.224 omega^3,4.8902568944e-02,-1.7368021372e-03,-9.9570013958e-01,1.0094991591e-05,2.7534866080e-02,6.2091082528e+00,0.0000000000e+00,-9.4024254211e-05,-1.0745846669e-01,-1.1223536084e+01
87454,2025-06-24 17:40:00,0.025923,0.930828,0.658450,-0.008 1 + -0.001 theta + 1.142 omega + -0.017 theta omega + -0.163 omega^2 + 0.004 theta omega^2 + -0.338 omega^3,-0.017 1 + -0.001 theta + 0.282 omega + 0.001 theta^2 + -0.035 theta omega + -0.294 omega^2 + 0.001 theta^2 omega + 0.003 theta omega^2 + -0.615 omega^3,-1.6963232106e-02,-1.2422226241e-03,2.8206360371e-01,5.8312592896e-04,-3.5049191163e-02,-2.9434498812e-01,-2.8891665696e-05,1.0189370469e-03,3.1996775178e-03,-6.1503409927e-01
87455,2025-06-24 17:45:00,0.078295,5.890530,4.165602,0.004 1 + 0.001 theta + 0.948 omega + 0.004 theta omega + -0.259 omega^2 + 0.001 theta^2 omega + -0.011 theta omega^2 + 1.184 omega^3,0.009 1 + 0.002 theta + -0.102 omega + 0.009 theta omega + -0.508 omega^2 + 0.002 theta^2 omega + -0.021 theta omega^2 + 2.337 omega^3,8.6305433820e-03,2.1918162705e-03,-1.0235256701e-01,-3.8484994708e-04,8.8614731918e-03,-5.0782606612e-01,-6.0400737508e-05,1.5204236427e-03,-2.1154770231e-02,2.3365999927e+00
87456,2025-06-24 17:50:00,nan,nan,nan,0.012 1 + 0.003 theta + 1.058 omega + 0.016 theta omega + 0.264 omega^2 + 0.001 theta^2 omega + 0.004 theta omega^2 + 2.275 omega^3,0.025 1 + 0.007 theta + 0.124 omega + 0.034 theta omega + 0.553 omega^2 + 0.001 theta^2 omega + 0.010 theta omega^2 + 4.654 omega^3,2.5127795182e-02,6.5481985028e-03,1.2395274865e-01,3.2932742911e-04,3.3936458452e-02,5.5300520431e-01,4.2816633048e-06,1.1289878264e-03,1.0447275931e-02,4.6539936440e+00
87457,2025-06-24 17:55:00,0.022940,1.401836,0.991380,-0.002 1 + 0.002 theta + 0.954 omega + -0.024 theta omega + 1.342 omega^2 + 0.001 theta^2 omega + 0.037 theta omega^2 + -4.929 omega^3,-0.005 1 + 0.004 theta + -0.099 omega + -0.049 theta omega + 2.768 omega^2 + 0.002 theta^2 omega + 0.074 theta omega^2 + -10.077 omega^3,-4.8793435807e-03,4.1229147110e-03,-9.8777752226e-02,-2.0081379264e-04,-4.8781371977e-02,2.7680932949e+00,2.0976527678e-06,1.5514453588e-03,7.3510842380e-02,-1.0077419030e+01
87458,2025-06-24 18:00:00,0.049820,5.341586,3.777236,-0.002 1 + 0.988 omega + -0.013 theta omega + 0.244 omega^2 + -0.002 theta^2 omega + 0.069 theta omega^2 + -0.267 omega^3,-0.003 1 + -0.023 omega + 0.001 theta^2 + -0.026 theta omega + 0.462 omega^2 + -0.004 theta^2 omega + 0.133 theta omega^2 + -0.433 omega^3,-3.0377112287e-03,-1.6016436158e-04,-2.3205415793e-02,6.6345829997e-04,-2.6070761073e-02,4.6176000416e-01,9.2300037528e-06,-4.0521835413e-03,1.3262036399e-01,-4.3345463599e-01
87459,2025-06-24 18:05:00,nan,nan,nan,0.009 1 + -0.004 theta + 0.791 omega + 0.019 theta omega + 0.632 omega^2 + -0.032 theta omega^2 + 0.338 omega^3,-0.013 1 + 0.002 theta + 0.068 omega + -0.013 theta omega + -0.411 omega^2 + 0.012 theta omega^2 + 1.401 omega^3,-1.2836896208e-02,2.0224205936e-03,6.7952393670e-02,-6.6255893890e-05,-1.3095009275e-02,-4.1098648464e-01,0.0000000000e+00,4.3546798185e-04,1.1730373114e-02,1.4013329330e+00
87460,2025-06-24 18:10:00,0.066017,4.864485,3.440027,-0.013 1 + 0.597 omega + -0.023 theta omega + -2.701 omega^2 + 0.001 theta^2 omega + -0.203 theta omega^2 + -1.976 omega^3,-0.026 1 + -0.807 omega + -0.046 theta omega + -5.457 omega^2 + 0.002 theta^2 omega + -0.410 theta omega^2 + -4.069 omega^3,-2.6438701350e-02,-4.1766166444e-04,-8.0711596519e-01,1.3189263770e-04,-4.6465513047e-02,-5.4574382991e+00,-1.7005028153e-06,1.7396574685e-03,-4.1021125440e-01,-4.0692253883e+00
87461,2025-06-24 18:15:00,nan,nan,nan,0.125 1 + 0.009 theta + 2.334 omega + 0.079 theta omega + 4.251 omega^2 + 0.001 theta^2 omega + 0.139 theta omega^2 + 4.530 omega^3,0.107 1 + 0.008 theta + 0.693 omega + 0.061 theta omega + -0.459 omega^2 + 0.001 theta^2 omega + 0.053 theta omega^2 + -4.402 omega^3,1.0732195737e-01,8.1280163399e-03,6.9298759947e-01,1.4736964057e-04,6.0545458342e-02,-4.5899820401e-01,0.0000000000e+00,1.0367805683e-03,5.2664213962e-02,-4.4018584704e+00
87462,2025-06-24 18:20:00,0.036997,4.125231,2.917096,-0.020 1 + 1.474 omega + -0.011 theta omega + -2.849 omega^2 + 0.064 theta omega^2 + 5.042 omega^3,-0.031 1 + -0.001 theta + 0.732 omega + -0.008 theta omega + -4.366 omega^2 + -0.001 theta^2 omega + 0.109 theta omega^2 + 5.859 omega^3,-3.0568568987e-02,-1.1088699147e-03,7.3235964436e-01,1.0335788554e-04,-8.2862626494e-03,-4.3664975573e+00,0.0000000000e+00,-7.7822531614e-04,1.0945827004e-01,5.8586979761e+00
87463,2025-06-24 18:25:00,0.034523,0.837806,0.592921,0.049 1 + -0.008 theta + 0.516 omega + 0.046 theta omega + 0.809 omega^2 + -0.001 theta^2 omega + -0.061 theta omega^2 + 1.076 omega^3,0.097 1 + -0.015 theta + -0.994 omega + 0.001 theta^2 + 0.093 theta omega + 1.875 omega^2 + -0.002 theta^2 omega + -0.134 theta omega^2 + 1.740 omega^3,9.7104061809e-02,-1.4821389338e-02,-9.9444324212e-01,9.1708258256e-04,9.3202235076e-02,1.8754598638e+00,-2.1901569827e-05,-2.1222682708e-03,-1.3356132142e-01,1.7396282237e+00
87464,2025-06-24 18:30:00,nan,nan,nan,-0.001 1 + -0.002 theta + 0.986 omega + 0.001 theta^2 + -0.013 theta omega + 0.120 omega^2 + 0.002 theta^2 omega + -0.006 theta omega^2 + 2.301 omega^3,-0.002 1 + -0.003 theta + -0.027 omega + 0.001 theta^2 + -0.027 theta omega + 0.231 omega^2 + 0.004 theta^2 omega + -0.009 theta omega^2 + 4.692 omega^3,-2.0167076772e-03,-3.0780868620e-03,-2.6867202220e-02,1.0219380661e-03,-2.6845996164e-02,2.3054635423e-01,-7.8204685746e-05,3.9777126276e-03,-9.4812062989e-03,4.6923704871e+00
87465,2025-06-24 18:35:00,0.040244,5.688472,4.022458,0.001 theta + 0.795 omega + 0.011 theta omega + -2.650 omega^2 + -0.005 theta omega^2 + -7.813 omega^3,-0.011 1 + 0.001 theta + -0.491 omega + 0.015 theta omega + -5.417 omega^2 + 0.044 theta omega^2 + -17.052 omega^3,-1.0676391714e-02,9.2492748923e-04,-4.9081572085e-01,-1.0692234556e-05,1.4849124374e-02,-5.4171986989e+00,0.0000000000e+00,8.3006984633e-07,4.4024092565e-02,-1.7052000321e+01
87466,2025-06-24 18:40:00,0.026094,0.722702,0.511361,-0.121 1 + -0.004 theta + -0.532 omega + -0.029 theta omega + -6.374 omega^2 + -0.063 theta omega^2 + -8.679 omega^3,-0.091 1 + -0.001 theta + -1.380 omega + -0.016 theta omega + -6.503 omega^2 + -0.048 theta omega^2 + -9.667 omega^3,-9.0659022420e-02,-1.1439421637e-03,-1.3795680126e+00,6.0728064799e-06,-1.5940746528e-02,-6.5030628777e+00,0.0000000000e+00,2.2452269482e-05,-4.8120639824e-02,-9.6672228468e+00
87467,2025-06-24 18:45:00,nan,nan,nan,0.005 1 + 1.152 omega + 0.001 theta omega + 1.248 omega^2 + 0.005 theta omega^2 + 3.242 omega^3,0.016 1 + -0.001 theta + 0.457 omega + -0.004 theta omega + 3.680 omega^2 + 0.003 theta omega^2 + 8.969 omega^3,1.6159860073e-02,-6.3921013284e-04,4.5668188374e-01,-1.6287790511e-05,-4.3048140997e-03,3.6800196936e+00,0.0000000000e+00,-1.3307324137e-04,3.2639333225e-03,8.9692494412e+00
87468,2025-06-24 18:50:00,0.006591,0.120610,0.085411,-0.012 1 + -0.006 theta + 0.900 omega + -0.001 theta^2 + -0.038 theta omega + -0.134 omega^2 + -0.003 theta^2 omega + 0.010 theta omega^2 + -1.460 omega^3,-0.025 1 + -0.012 theta + -0.198 omega + -0.002 theta^2 + -0.075 theta omega + -0.253 omega^2 + -0.006 theta^2 omega + 0.023 theta omega^2 + -3.083 omega^3,-2.5110175147e-02,-1.1971671136e-02,-1.9770869514e-01,-1.6884981348e-03,-7.4950239648e-02,-2.5278479232e-01,-8.2553600055e-05,-6.1737996166e-03,2.3450362037e-02,-3.0827356494e+00
87469,2025-06-24 18:55:00,0.004754,0.243342,0.172102,-0.003 1 + 1.054 omega + -0.012 theta omega + 0.059 omega^2 + 0.001 theta omega^2 + -0.042 omega^3,-0.001 1 + 0.001 theta + -0.003 omega + -0.019 theta omega + 0.264 omega^2 + 0.001 theta^2 omega + 1.258 omega^3,-6.0865922180e-04,1.3486769519e-03,-2.7575675407e-03,-8.1432948292e-05,-1.9203526638e-02,2.6411188517e-01,0.0000000000e+00,1.0510883991e-03,-6.0943128681e-05,1.2581148791e+00
87470,2025-06-24 19:00:00,0.044975,3.870669,2.737161,0.001 1 + 1.008 omega + -0.002 theta omega + -0.071 omega^2 + 0.008 theta omega^2 + 0.298 omega^3,0.002 1 + 0.015 omega + -0.004 theta omega + -0.123 omega^2 + 0.016 theta omega^2 + 0.592 omega^3,1.7914760749e-03,-4.9737059570e-04,1.5048663547e-02,2.4282707500e-05,-3.7461747543e-03,-1.2303530194e-01,-4.7645321012e-07,6.9498453490e-05,1.5931109822e-02,5.9155886322e-01
87471,2025-06-24 19:05:00,0.008271,0.200032,0.141565,-0.003 1 + 0.001 theta + 0.973 omega + 0.005 theta omega + 0.224 omega^2 + 0.001 theta^2 omega + 0.026 theta omega^2 + 1.614 omega^3,-0.005 1 + 0.002 theta + -0.046 omega + 0.011 theta omega + 0.469 omega^2 + 0.002 theta^2 omega + 0.053 theta omega^2 + 3.295 omega^3,-5.3937733916e-03,1.7172203773e-03,-4.6393801336e-02,4.9020959760e-04,1.1457069595e-02,4.6906501929e-01,2.5181229130e-05,1.5655278084e-03,5.2596296278e-02,3.2951503242e+00
87472,2025-06-24 19:10:00,0.030016,1.184786,0.838039,-0.002 1 + 0.001 theta + 1.076 omega + -0.026 theta omega + -0.971 omega^2 + 0.002 theta^2 omega + 0.043 theta omega^2 + 7.787 omega^3,-0.005 1 + 0.002 theta + 0.153 omega + -0.054 theta omega + -1.912 omega^2 + 0.003 theta^2 omega + 0.080 theta omega^2 + 15.939 omega^3,-4.6716789890e-03,2.2127062927e-03,1.5326319739e-01,-3.8477776312e-05,-5.3725484494e-02,-1.9122884861e+00,-1.0790650128e-05,3.2555358424e-03,8.0038743722e-02,1.5938664192e+01
87473,2025-06-24 19:15:00,nan,nan,nan,-0.026 1 + 0.592 omega + -0.014 theta omega + -1.091 omega^2 + -0.069 theta omega^2 + 3.912 omega^3,-0.051 1 + -0.815 omega + -0.027 theta omega + -2.135 omega^2 + 0.001 theta^2 omega + -0.138 theta omega^2 + 8.312 omega^3,-5.1056295092e-02,-1.5646651920e-04,-8.1536288338e-01,2.4848196712e-04,-2.7084317024e-02,-2.1351512305e+00,6.3231959671e-06,7.2912982127e-04,-1.3815232635e-01,8.3123050079e+00
87474,2025-06-24 19:20:00,0.004461,0.081626,0.057805,0.001 1 + -0.001 theta + 0.995 omega + 0.004 theta omega + 0.058 omega^2 + -0.002 theta omega^2 + -0.360 omega^3,0.002 1 + -0.001 theta + -0.008 omega + 0.007 theta omega + 0.126 omega^2 + -0.001 theta^2 omega + -0.006 theta omega^2 + -0.601 omega^3,2.0607213098e-03,-1.4212323801e-03,-8.3875963738e-03,2.1227260046e-04,7.0589207289e-03,1.2627837462e-01,-1.0311051941e-05,-5.2199963179e-04,-5.9669681509e-03,-6.0099868413e-01
87475,2025-06-24 19:25:00,nan,nan,nan,-0.001 1 + -0.001 theta + 0.996 omega + -0.001 theta omega + 0.048 omega^2 + -0.001 theta omega^2 + 0.654 omega^3,-0.001 1 + -0.001 theta + -0.005 omega + -0.002 theta omega + 0.087 omega^2 + 1.169 omega^3,-1.2013309673e-03,-1.2167311194e-03,-5.3733699194e-03,-1.8067416352e-04,-1.7708334760e-03,8.6573574965e-02,-1.3381001800e-05,1.9414686036e-04,4.4205341388e-04,1.1693468734e+00
87476,2025-06-24 19:30:00,nan,nan,nan,0.043 1 + 0.011 theta + 1.513 omega + 0.001 theta^2 + 0.109 theta omega + 2.209 omega^2 + 0.006 theta^2 omega + 0.159 theta omega^2 + 6.439 omega^3,0.084 1 + 0.023 theta + 1.005 omega + 0.002 theta^2 + 0.214 theta omega + 4.327 omega^2 + 0.011 theta^2 omega + 0.311 theta omega^2 + 12.645 omega^3,8.4292959196e-02,2.2537502579e-02,1.0047472409e+00,1.8324717855e-03,2.1353791895e-01,4.3272970298e+00,4.3700267545e-05,1.0822345296e-02,3.1125004985e-01,1.2644589089e+01
87477,2025-06-24 19:35:00,0.016410,1.374051,0.971670,0.001 1 + 0.001 theta + 1.058 omega + 0.009 theta omega + 0.672 omega^2 + 0.005 theta omega^2 + 2.892 omega^3,0.010 1 + 0.002 theta + 0.304 omega + 0.018 theta omega + 2.756 omega^2 + 0.023 theta omega^2 + 7.848 omega^3,9.5037689581e-03,2.3804505867e-03,3.0358193884e-01,4.1776801667e-05,1.8052932882e-02,2.7564262191e+00,0.0000000000e+00,2.4293840759e-04,2.2715999069e-02,7.8482378772e+00
87478,2025-06-24 19:40:00,nan,nan,nan,0.010 1 + 0.001 theta + 1.037 omega + 0.015 theta omega + -0.463 omega^2 + 0.001 theta^2 omega + -0.056 theta omega^2 + 1.986 omega^3,0.023 1 + 0.002 theta + 0.101 omega + 0.034 theta omega + -0.799 omega^2 + 0.002 theta^2 omega + -0.104 theta omega^2 + 4.240 omega^3,2.2632568004e-02,1.8020425234e-03,1.0053232355e-01,-1.8315542844e-04,3.4327271655e-02,-7.9918939562e-01,-1.4136673695e-05,2.1084580211e-03,-1.0376658657e-01,4.2402161685e+00
87479,2025-06-24 19:45:00,0.024043,1.081790,0.765130,-0.001 1 + -0.001 theta + 1.020 omega + -0.003 theta omega + 0.241 omega^2 + -0.025 theta omega^2 + -1.612 omega^3,-0.001 1 + -0.002 theta + 0.037 omega + -0.007 theta omega + 0.472 omega^2 + 0.001 theta^2 omega + -0.045 theta omega^2 + -2.801 omega^3,-1.0584074929e-03,-1.7388321435e-03,3.7439942189e-02,4.9137028468e-04,-7.1988248662e-03,4.7227619276e-01,-3.2964489746e-05,5.1420319541e-04,-4.4937613704e-02,-2.8005794595e+00
87480,2025-06-24 19:50:00,0.017831,1.271944,0.899488,0.002 1 + 1.014 omega + -0.001 theta omega + -0.033 omega^2 + 0.013 theta omega^2 + -0.421 omega^3,-0.004 1 + -0.002 theta + 0.045 omega + 0.004 theta omega + 0.462 omega^2 + -0.001 theta^2 omega + 0.026 theta omega^2 + -2.897 omega^3,-3.6856799802e-03,-2.4940543606e-03,4.4979762556e-02,1.7770611511e-04,4.4264214628e-03,4.6195835221e-01,-2.3363000792e-06,-5.2053688083e-04,2.5978466671e-02,-2.8972496430e+00
87481,2025-06-24 19:55:00,0.093890,6.419994,4.540106,0.002 1 + -0.002 theta + 1.001 omega + -0.001 theta^2 + 0.002 theta omega + -0.535 omega^2 + -0.062 theta omega^2 + -0.364 omega^3,0.004 1 + -0.005 theta + 0.003 omega + -0.001 theta^2 + 0.004 theta omega + -1.057 omega^2 + -0.120 theta omega^2 + -0.644 omega^3,3.6084791676e-03,-4.5171955516e-03,3.3976022063e-03,-1.1203948878e-03,4.2948107650e-03,-1.0570181169e+00,-6.1189527018e-05,3.5883600992e-04,-1.2035551929e-01,-6.4393043499e-01
87482,2025-06-24 20:00:00,0.060391,3.001137,2.122554,-0.001 1 + 0.001 theta + 1.022 omega + -0.016 theta omega + 0.334 omega^2 + 0.001 theta^2 omega + -0.005 theta omega^2 + -1.363 omega^3,-0.003 1 + 0.002 theta + 0.045 omega + -0.032 theta omega + 0.670 omega^2 + 0.002 theta^2 omega + -0.011 theta omega^2 + -2.629 omega^3,-2.5385877676e-03,1.9472507570e-03,4.4981493762e-02,-1.6854164998e-04,-3.1828014364e-02,6.7013615011e-01,2.6507123582e-06,1.9879169450e-03,-1.1409655064e-02,-2.6287365455e+00
87483,2025-06-24 20:05:00,0.010098,0.507472,0.358908,-0.001 1 + -0.001 theta + 0.998 omega + -0.003 theta omega + -0.043 omega^2 + 0.002 theta omega^2 + 0.007 omega^3,-0.001 1 + -0.001 theta + -0.002 omega + -0.005 theta omega + -0.094 omega^2 + 0.004 theta omega^2 + -0.048 omega^3,-1.0478540821e-03,-1.1103168352e-03,-1.5096485890e-03,-1.3403309140e-04,-4.7307656688e-03,-9.4116527975e-02,-5.3247702748e-06,-4.0384234285e-04,4.4196058936e-03,-4.8105538685e-02
87484,2025-06-24 20:10:00,0.005315,0.128206,0.090733,-0.003 1 + 1.001 omega + -0.001 theta omega + 0.135 omega^2 + -0.006 theta omega^2 + 0.402 omega^3,-0.001 1 + -0.001 theta + 0.011 omega + -0.003 theta omega + 0.036 omega^2 + -0.007 theta omega^2 + 0.013 omega^3,-1.4646051703e-03,-5.1051456901e-04,1.1321133640e-02,-9.9672706787e-08,-3.4216598717e-03,3.5614774511e-02,0.0000000000e+00,0.0000000000e+00,-6.5468031744e-03,1.2749254218e-02
87485,2025-06-24 20:15:00,0.022240,2.490510,1.761127,-0.050 1 + -0.002 theta + -0.101 omega + -0.021 theta omega + -5.944 omega^2 + -0.052 theta omega^2 + -9.361 omega^3,-0.151 1 + -0.002 theta + -2.595 omega + -0.029 theta omega + -12.725 omega^2 + -0.084 theta omega^2 + -19.106 omega^3,-1.5127955346e-01,-1.9591824840e-03,-2.5945805748e+00,0.0000000000e+00,-2.9091156518e-02,-1.2724630417e+01,0.0000000000e+00,-2.2062809267e-05,-8.3948380150e-02,-1.9105557542e+01
87486,2025-06-24 20:20:00,0.037377,1.532356,1.083862,0.001 1 + 1.022 omega + 0.001 theta omega + -0.204 omega^2 + -0.001 theta^2 omega + -0.011 theta omega^2 + -2.094 omega^3,0.003 1 + 0.045 omega + 0.003 theta omega + -0.408 omega^2 + -0.001 theta^2 omega + -0.028 theta omega^2 + -4.264 omega^3,2.6909293196e-03,1.7825559261e-04,4.4647875336e-02,-9.4134221368e-05,2.6273941757e-03,-4.0769891786e-01,-1.4404049042e-05,-1.4028689447e-03,-2.7846135483e-02,-4.2639107790e+00
87487,2025-06-24 20:25:00,0.025714,1.042617,0.737465,0.002 theta + 0.997 omega + 0.004 theta omega + 0.198 omega^2 + -0.001 theta^3 + -0.003 theta^2 omega + -0.695 theta omega^2 + 3.089 omega^3,0.003 theta + 0.006 omega + 0.001 theta^2 + 0.012 theta omega + 0.387 omega^2 + -0.003 theta^3 + -0.009 theta^2 omega + -1.279 theta omega^2,1.2451858830e-04,3.0465804741e-03,5.8494990386e-03,9.1717681982e-04,1.2264732474e-02,3.8693338411e-01,-2.5696353229e-03,-8.8288421695e-03,-1.2792017626e+00,0.0000000000e+00
87488,2025-06-24 20:30:00,nan,nan,nan,0.028 1 + -0.001 theta + 1.970 omega + -0.003 theta omega + 10.234 omega^2 + -0.001 theta^2 omega + 0.042 theta omega^2 + 33.873 omega^3,0.023 1 + 0.847 omega + 0.008 theta omega + 8.959 omega^2 + 0.098 theta omega^2 + 28.881 omega^3,2.3262505938e-02,-2.3388136179e-04,8.4703989023e-01,-3.3648286897e-05,7.9241851968e-03,8.9590355629e+00,0.0000000000e+00,-3.5728983531e-04,9.8193978857e-02,2.8881048557e+01
87489,2025-06-24 20:35:00,0.033805,4.726314,3.342094,-0.012 1 + -0.001 theta + 0.588 omega + -0.016 theta omega + -4.263 omega^2 + -0.141 theta omega^2 + -10.448 omega^3,-0.024 1 + -0.002 theta + -0.810 omega + -0.032 theta omega + -8.431 omega^2 + -0.279 theta omega^2 + -20.757 omega^3,-2.3832994956e-02,-2.0567202733e-03,-8.0986217901e-01,-1.2040534253e-04,-3.2222989789e-02,-8.4310674006e+00,-4.0294827882e-06,1.7023556305e-04,-2.7895010286e-01,-2.0756746239e+01
87490,2025-06-24 20:40:00,0.073509,3.536018,2.500883,0.001 1 + -0.002 theta + 0.986 omega + 0.001 theta^2 + 0.011 theta omega + 0.153 omega^2 + -0.001 theta^2 omega + -0.075 theta omega^2 + -1.199 omega^3,0.001 1 + -0.003 theta + -0.021 omega + 0.001 theta^2 + 0.019 theta omega + 0.358 omega^2 + -0.002 theta^2 omega + -0.163 theta omega^2 + -2.356 omega^3,1.1663397615e-03,-2.5788222610e-03,-2.1155504416e-02,1.0000399592e-03,1.8846866453e-02,3.5751468111e-01,-9.8492770772e-05,-2.0808882344e-03,-1.6310642920e-01,-2.3558994765e+00
87491,2025-06-24 20:45:00,0.031427,2.644247,1.869897,0.003 1 + 1.117 omega + -0.002 theta omega + 1.327 omega^2 + 0.013 theta omega^2 + 4.140 omega^3,-0.027 omega + -0.003 theta omega + -0.274 omega^2 + -0.031 theta omega^2 + -0.028 omega^3,-4.2679014333e-04,-8.3734559637e-05,-2.7266082385e-02,0.0000000000e+00,-3.3557393740e-03,-2.7447446893e-01,0.0000000000e+00,2.4649520143e-05,-3.0827883847e-02,-2.7739273213e-02
87492,2025-06-24 20:50:00,0.007444,0.465084,0.328906,-0.004 1 + 0.001 theta + 0.828 omega + 0.033 theta omega + -2.801 omega^2 + -0.001 theta^2 omega + 0.190 theta omega^2 + -12.268 omega^3,-0.002 1 + -0.095 omega + 0.010 theta omega + -1.961 omega^2 + 0.071 theta omega^2 + -8.794 omega^3,-2.3717161875e-03,-2.8379960886e-04,-9.5098420235e-02,-4.2772856975e-05,1.0399605057e-02,-1.9607895754e+00,0.0000000000e+00,-2.4022612861e-04,7.0647386109e-02,-8.7943666573e+00
87493,2025-06-24 20:55:00,nan,nan,nan,0.058 1 + -0.002 theta + 2.134 omega + -0.011 theta omega + 6.501 omega^2 + -0.015 theta omega^2 + 11.499 omega^3,0.208 1 + 3.065 omega + 0.003 theta omega + 15.057 omega^2 + 0.009 theta omega^2 + 24.366 omega^3,2.0805183535e-01,4.3023564676e-04,3.0649958112e+00,0.0000000000e+00,3.3070536719e-03,1.5057386045e+01,0.0000000000e+00,-9.1824270894e-06,9.0540247358e-03,2.4365603651e+01
87494,2025-06-24 21:00:00,0.008517,0.303768,0.214881,-0.075 1 + -0.001 theta + 0.142 omega + -0.015 theta omega + -2.987 omega^2 + -0.043 theta omega^2 + -2.812 omega^3,-0.022 1 + -0.005 theta + 0.011 omega + -0.048 theta omega + 1.625 omega^2 + -0.114 theta omega^2 + 5.181 omega^3,-2.1869976818e-02,-5.1752009955e-03,1.1482968714e-02,0.0000000000e+00,-4.8316013959e-02,1.6246273729e+00,0.0000000000e+00,2.3769526585e-06,-1.1361882530e-01,5.1806048900e+00
87495,2025-06-24 21:05:00,nan,nan,nan,0.180 1 + -0.004 theta + 4.596 omega + -0.035 theta omega + 23.018 omega^2 + -0.084 theta omega^2 + 47.700 omega^3,0.383 1 + -0.007 theta + 7.592 omega + -0.072 theta omega + 48.293 omega^2 + -0.171 theta omega^2 + 99.626 omega^3,3.8264364326e-01,-7.4706487854e-03,7.5916355164e+00,-3.7145194173e-05,-7.2182477451e-02,4.8292894647e+01,0.0000000000e+00,-2.0555373054e-04,-1.7088029757e-01,9.9626164355e+01
87496,2025-06-24 21:10:00,0.037233,3.559050,2.516766,0.980 omega + -0.002 theta omega + -0.202 omega^2 + -0.005 theta omega^2 + -0.615 omega^3,-0.019 1 + -0.001 theta + -0.378 omega + -0.011 theta omega + -2.373 omega^2 + -0.042 theta omega^2 + -4.461 omega^3,-1.8985379153e-02,-8.2667413245e-04,-3.7848792144e-01,-8.1925505267e-06,-1.1415740897e-02,-2.3734214907e+00,0.0000000000e+00,-4.7456279055e-05,-4.1588860827e-02,-4.4614204436e+00
87497,2025-06-24 21:15:00,0.057451,2.244331,1.587502,-0.002 1 + 0.001 theta + 0.793 omega + -0.022 theta omega + -1.895 omega^2 + -0.224 theta omega^2 + 0.717 omega^3,-0.004 1 + 0.002 theta + -0.424 omega + 0.001 theta^2 + -0.047 theta omega + -3.835 omega^2 + -0.454 theta omega^2 + 1.448 omega^3,-4.3128140586e-03,2.3756382563e-03,-4.2414267698e-01,5.1015699349e-04,-4.6512268379e-02,-3.8353947843e+00,2.1677951880e-05,3.5458830097e-05,-4.5379934517e-01,1.4479701028e+00
87498,2025-06-24 21:20:00,0.007782,0.214250,0.151598,0.001 1 + 1.017 omega + 0.013 theta omega + -0.064 omega^2 + -0.004 theta^2 omega + 0.014 theta omega^2 + -1.630 omega^3,0.001 1 + 0.001 theta + 0.032 omega + -0.001 theta^2 + 0.024 theta omega + -0.106 omega^2 + -0.007 theta^2 omega + 0.018 theta omega^2 + -2.891 omega^3,1.1902646420e-03,6.2497595055e-04,3.2049188911e-02,-5.9353954730e-04,2.3789104640e-02,-1.0570357651e-01,7.6002110457e-05,-7.3466444337e-03,1.8161374065e-02,-2.8906132425e+00
87499,2025-06-24 21:25:00,nan,nan,nan,-0.002 1 + 0.001 theta + 0.986 omega + -0.003 theta omega + 0.175 omega^2 + 0.001 theta^2 omega + -0.093 theta omega^2 + 1.019 omega^3,-0.003 1 + 0.001 theta + -0.029 omega + 0.001 theta^2 + -0.007 theta omega + 0.352 omega^2 + 0.002 theta^2 omega + -0.182 theta omega^2 + 2.241 omega^3,-3.0377206216e-03,1.0783434992e-03,-2.8651567782e-02,7.5105554397e-04,-6.8150037961e-03,3.5172336132e-01,-1.5713708375e-04,2.0878148841e-03,-1.8187011656e-01,2.2412922778e+00
