Chunk_Index,Chunk_Start_Time,Sim_RMSE_Omega,Sim_RMSE_Theta,Sim_RMSE_Total,Eq_Theta,Eq_Omega,Coeff_Const,Coeff_Theta,Coeff_Omega,Coeff_Theta2,Coeff_ThetaOmega,Coeff_Omega2,Coeff_Theta3,Coeff_Theta2Omega,Coeff_ThetaOmega2,Coeff_Omega3
75000,2025-05-12 10:45:00,0.084029,5.608892,3.966530,0.996 omega + 0.008 theta omega + 0.124 omega^2 + -0.001 theta^2 omega + -0.103 theta omega^2 + 2.191 omega^3,-0.003 omega + 0.016 theta omega + 0.224 omega^2 + -0.001 theta^2 omega + -0.209 theta omega^2 + 4.755 omega^3,2.6800128553e-04,-8.4243552411e-05,-2.8588166138e-03,-2.2701828895e-04,1.6444446546e-02,2.2377190323e-01,4.0794704375e-05,-1.4673644779e-03,-2.0851210881e-01,4.7546078492e+00
75001,2025-05-12 10:50:00,0.092130,9.695021,6.855725,0.001 1 + 0.977 omega + 0.022 theta omega + -0.350 omega^2 + -0.001 theta^2 omega + -0.048 theta omega^2 + 2.399 omega^3,0.002 1 + -0.045 omega + 0.044 theta omega + -0.684 omega^2 + -0.002 theta^2 omega + -0.109 theta omega^2 + 5.305 omega^3,1.6087118183e-03,-1.8308019994e-04,-4.4915922554e-02,-2.5196732205e-04,4.3955966740e-02,-6.8441887714e-01,1.9015428641e-05,-2.1125362106e-03,-1.0924892664e-01,5.3051104005e+00
75002,2025-05-12 10:55:00,nan,nan,nan,0.001 1 + -0.001 theta + 1.059 omega + 0.002 theta omega + -0.480 omega^2 + 0.020 theta omega^2 + -0.037 omega^3,0.002 1 + -0.002 theta + 0.116 omega + 0.006 theta omega + -0.885 omega^2 + 0.040 theta omega^2 + -0.409 omega^3,2.1368610607e-03,-1.8083907695e-03,1.1580712191e-01,8.0564126352e-05,5.5288468346e-03,-8.8518863750e-01,-8.5355057471e-07,-3.5270129588e-04,4.0109006531e-02,-4.0884125997e-01
75003,2025-05-12 11:00:00,0.016259,0.425392,0.301018,-0.005 1 + -0.001 theta + 1.265 omega + 0.015 theta omega + -3.274 omega^2 + -0.049 theta omega^2 + 11.800 omega^3,-0.011 1 + -0.002 theta + 0.564 omega + 0.033 theta omega + -7.150 omega^2 + -0.132 theta omega^2 + 27.317 omega^3,-1.1260034885e-02,-2.0571997665e-03,5.6351255934e-01,1.5927628274e-05,3.2572623511e-02,-7.1504664096e+00,0.0000000000e+00,-1.2318931362e-04,-1.3205197485e-01,2.7317369940e+01
75004,2025-05-12 11:05:00,0.023709,0.969210,0.685540,-0.001 1 + -0.001 theta + 1.043 omega + 0.003 theta omega + 0.356 omega^2 + 0.008 theta omega^2 + -3.297 omega^3,-0.005 1 + 0.175 omega + -0.009 theta omega + -0.571 omega^2 + 0.040 theta omega^2 + -1.720 omega^3,-5.3562012422e-03,1.4213725864e-04,1.7514849626e-01,-3.1284506422e-06,-9.3127151484e-03,-5.7063277769e-01,0.0000000000e+00,9.5319696230e-05,3.9790634624e-02,-1.7198003106e+00
75005,2025-05-12 11:10:00,0.111426,1.935614,1.370952,-0.001 1 + -0.001 theta + 1.011 omega + 0.018 theta omega + 0.169 omega^2 + 0.009 theta^2 omega + 0.098 theta omega^2 + -2.559 omega^3,-0.002 1 + -0.003 theta + 0.024 omega + 0.037 theta omega + 0.301 omega^2 + 0.019 theta^2 omega + 0.181 theta omega^2 + -5.207 omega^3,-1.6206877647e-03,-2.6447780364e-03,2.4007614889e-02,1.0053414525e-05,3.6645133452e-02,3.0095318858e-01,3.3003068002e-04,1.8876416143e-02,1.8146907381e-01,-5.2069151763e+00
75006,2025-05-12 11:15:00,0.060302,8.822508,6.238601,-0.001 theta + 1.007 omega + 0.015 theta omega + 0.217 omega^2 + -0.001 theta^2 omega + -0.044 theta omega^2 + -1.813 omega^3,-0.001 1 + -0.002 theta + 0.015 omega + 0.029 theta omega + 0.451 omega^2 + -0.003 theta^2 omega + -0.103 theta omega^2 + -3.232 omega^3,-6.8130197855e-04,-2.4058067268e-03,1.4795553352e-02,2.9094550418e-04,2.9110658238e-02,4.5149501084e-01,-1.8460936484e-06,-2.7022433196e-03,-1.0337266668e-01,-3.2318567191e+00
75007,2025-05-12 11:20:00,0.023200,0.556800,0.394058,-0.001 1 + 1.098 omega + -0.003 theta omega + -1.125 omega^2 + 0.022 theta omega^2 + 3.877 omega^3,-0.003 1 + 0.192 omega + -0.008 theta omega + -2.227 omega^2 + 0.045 theta omega^2 + 8.008 omega^3,-2.6424183979e-03,-8.9342981704e-05,1.9151939034e-01,1.3738073872e-05,-7.8658792828e-03,-2.2267901302e+00,0.0000000000e+00,-2.7705797822e-05,4.4941407661e-02,8.0079828127e+00
75008,2025-05-12 11:25:00,nan,nan,nan,-0.002 1 + 1.026 omega + -0.006 theta omega + 0.029 omega^2 + -0.001 theta omega^2 + 0.183 omega^3,-0.003 1 + 0.059 omega + -0.012 theta omega + 0.009 omega^2 + 0.001 theta omega^2 + 0.395 omega^3,-3.3893179614e-03,2.9689267484e-04,5.9111660979e-02,5.0186994387e-05,-1.2479000167e-02,9.4256391423e-03,-2.9366888250e-06,4.4040143436e-04,7.1012437632e-04,3.9524594703e-01
75009,2025-05-12 11:30:00,0.037156,3.647315,2.579175,0.002 1 + -0.002 theta + 0.949 omega + 0.001 theta^2 + 0.028 theta omega + 0.778 omega^2 + -0.003 theta^2 omega + -0.130 theta omega^2 + -5.016 omega^3,0.003 1 + -0.004 theta + -0.092 omega + 0.001 theta^2 + 0.053 theta omega + 1.541 omega^2 + -0.006 theta^2 omega + -0.270 theta omega^2 + -9.453 omega^3,3.1852001504e-03,-4.3516608231e-03,-9.2345650079e-02,1.4571717675e-03,5.3091152745e-02,1.5410551704e+00,-1.2465161952e-04,-5.7733462979e-03,-2.6986143514e-01,-9.4531459802e+00
75010,2025-05-12 11:35:00,0.125899,7.292831,5.157578,0.993 omega + -0.003 theta omega + 0.011 omega^2 + 0.001 theta^2 omega + -0.043 theta omega^2 + 0.490 omega^3,0.001 1 + -0.015 omega + -0.005 theta omega + 0.048 omega^2 + 0.002 theta^2 omega + -0.086 theta omega^2 + 1.126 omega^3,5.5146551981e-04,1.4075514032e-04,-1.5104001693e-02,-1.8093758490e-05,-5.0654782710e-03,4.7519102042e-02,-1.2809906568e-05,1.6129258197e-03,-8.6213934008e-02,1.1258892098e+00
75011,2025-05-12 11:40:00,nan,nan,nan,-0.023 1 + -0.002 theta + 0.745 omega + -0.012 theta omega + -0.379 omega^2 + -0.018 theta omega^2 + 1.352 omega^3,-0.042 1 + -0.003 theta + -0.464 omega + -0.022 theta omega + -0.592 omega^2 + -0.031 theta omega^2 + 2.945 omega^3,-4.1780299276e-02,-3.0086267475e-03,-4.6358708984e-01,-1.3393847812e-04,-2.1501455371e-02,-5.9167037975e-01,-2.9946126112e-06,-2.3760432066e-04,-3.0627381993e-02,2.9454429687e+00
75012,2025-05-12 11:45:00,0.054246,1.907187,1.349130,0.001 theta + 1.009 omega + -0.001 theta omega + -0.129 omega^2 + 0.001 theta^2 omega + -0.056 theta omega^2 + -2.321 omega^3,-0.001 1 + 0.001 theta + 0.019 omega + 0.001 theta^2 + -0.001 theta omega + -0.258 omega^2 + 0.001 theta^2 omega + -0.111 theta omega^2 + -4.543 omega^3,-9.5369460625e-04,9.8080759460e-04,1.8934630150e-02,5.0410544435e-04,-1.4258158387e-03,-2.5758312525e-01,-3.0661643392e-04,1.4156726485e-03,-1.1056404448e-01,-4.5434929362e+00
75013,2025-05-12 11:50:00,0.079417,4.626853,3.272161,-0.001 theta + 1.009 omega + 0.006 theta omega + 0.066 omega^2 + -0.001 theta^2 omega + 0.055 theta omega^2 + -3.286 omega^3,-0.002 theta + 0.020 omega + 0.001 theta^2 + 0.013 theta omega + 0.135 omega^2 + -0.002 theta^2 omega + 0.111 theta omega^2 + -6.889 omega^3,4.7522370508e-04,-2.0939824659e-03,2.0216243064e-02,6.9149732719e-04,1.2685682938e-02,1.3487473159e-01,-4.4124055201e-05,-2.4919764163e-03,1.1139283657e-01,-6.8893439855e+00
75014,2025-05-12 11:55:00,0.053637,1.049649,0.743183,0.985 omega + 0.012 theta omega + -0.227 omega^2 + 0.004 theta^2 omega + 0.001 theta omega^2 + -0.767 omega^3,0.001 1 + -0.001 theta + -0.029 omega + 0.025 theta omega + -0.438 omega^2 + 0.009 theta^2 omega + -1.392 omega^3,7.3244406455e-04,-6.0199060393e-04,-2.8941659439e-02,2.3485852794e-04,2.4512297839e-02,-4.3818890612e-01,-1.8662399042e-04,8.5951445886e-03,-4.6712649692e-04,-1.3922786576e+00
75015,2025-05-12 12:00:00,0.033480,1.410945,0.997970,-0.001 1 + -0.001 theta + 1.009 omega + 0.001 theta^2 + -0.005 theta omega + 0.123 omega^2 + 0.001 theta^2 omega + -0.058 theta omega^2 + -1.107 omega^3,-0.001 1 + -0.001 theta + 0.018 omega + 0.002 theta^2 + -0.012 theta omega + 0.228 omega^2 + 0.002 theta^2 omega + -0.114 theta omega^2 + -2.023 omega^3,-1.3197659823e-03,-1.4316172935e-03,1.8285748496e-02,1.8218192515e-03,-1.1825442081e-02,2.2780104176e-01,-3.2977910802e-04,2.4072560696e-03,-1.1391741800e-01,-2.0234980873e+00
75016,2025-05-12 12:05:00,0.055260,2.609040,1.845284,-0.001 1 + 1.003 omega + 0.001 theta omega + 0.024 omega^2 + 0.009 theta omega^2 + 0.158 omega^3,-0.002 1 + -0.001 theta + 0.008 omega + 0.001 theta omega + 0.057 omega^2 + 0.021 theta omega^2 + 0.096 omega^3,-1.8862468581e-03,-1.0139620528e-03,7.7659912041e-03,-1.3355832177e-04,1.0126784625e-03,5.7070376001e-02,-4.2937920736e-06,-1.7360381823e-04,2.0570668143e-02,9.5728354349e-02
75017,2025-05-12 12:10:00,0.032616,0.838960,0.593682,-0.002 1 + -0.004 theta + 0.999 omega + -0.002 theta^2 + 0.009 theta omega + -0.365 omega^2 + 0.002 theta^2 omega + -0.163 theta omega^2 + 0.622 omega^3,-0.004 1 + -0.009 theta + -0.001 omega + -0.005 theta^2 + 0.015 theta omega + -0.741 omega^2 + -0.001 theta^3 + 0.004 theta^2 omega + -0.325 theta omega^2 + 0.962 omega^3,-4.4712369827e-03,-8.7751332442e-03,-1.0050917387e-03,-4.6399055772e-03,1.5385400206e-02,-7.4088933741e-01,-6.8264502149e-04,3.8603190578e-03,-3.2543092983e-01,9.6223498979e-01
75018,2025-05-12 12:15:00,0.052750,2.418842,1.710786,0.952 omega + 0.938 omega^2 + -5.182 omega^3,-0.091 omega + 1.806 omega^2 + -0.006 theta omega^2 + -9.640 omega^3,4.1451252976e-04,3.6576493512e-04,-9.0813625508e-02,-7.6899930190e-05,4.2584157327e-04,1.8055421481e+00,4.3794643162e-06,2.6090033708e-05,-5.9363105925e-03,-9.6395409808e+00
75019,2025-05-12 12:20:00,0.049888,2.211685,1.564295,-0.027 1 + 0.007 theta + 1.339 omega + -0.055 theta omega + -1.372 omega^2 + 0.002 theta^2 omega + 0.090 theta omega^2 + 2.785 omega^3,-0.012 1 + 0.002 theta + 0.149 omega + -0.017 theta omega + -0.280 omega^2 + 0.001 theta^2 omega + 0.025 theta omega^2 + -1.608 omega^3,-1.1722555364e-02,1.8524991632e-03,1.4861119811e-01,-7.7356059476e-05,-1.7212858293e-02,-2.7993992169e-01,0.0000000000e+00,5.3408426450e-04,2.5009464907e-02,-1.6080829848e+00
75020,2025-05-12 12:25:00,0.086476,6.527948,4.616361,1.002 omega + -0.006 theta omega + 0.077 omega^2 + -0.005 theta^2 omega + 0.094 theta omega^2 + -0.809 omega^3,-0.001 1 + 0.010 omega + 0.001 theta^2 + -0.013 theta omega + 0.216 omega^2 + -0.012 theta^2 omega + 0.236 theta omega^2 + -2.604 omega^3,-9.0280851626e-04,-2.8845536537e-04,1.0246079035e-02,6.8223892976e-04,-1.3193404734e-02,2.1587759141e-01,8.8721570167e-05,-1.1635790678e-02,2.3631215858e-01,-2.6036689895e+00
75021,2025-05-12 12:30:00,0.027796,1.998576,1.413344,-0.002 1 + 0.001 theta + 1.013 omega + -0.006 theta omega + -0.276 omega^2 + -0.003 theta omega^2 + 2.571 omega^3,-0.005 1 + 0.002 theta + 0.034 omega + -0.013 theta omega + -0.565 omega^2 + -0.006 theta omega^2 + 5.097 omega^3,-4.7384329155e-03,2.1572734816e-03,3.3541681910e-02,-1.2415817602e-04,-1.2761035962e-02,-5.6478025081e-01,1.8430339987e-06,4.8188121004e-04,-6.2471211377e-03,5.0973859286e+00
75022,2025-05-12 12:35:00,nan,nan,nan,0.003 1 + -0.001 theta + 0.940 omega + 0.028 theta omega + -0.649 omega^2 + -0.002 theta^2 omega + -0.080 theta omega^2 + 8.669 omega^3,0.005 1 + -0.002 theta + -0.114 omega + 0.054 theta omega + -1.330 omega^2 + -0.003 theta^2 omega + -0.167 theta omega^2 + 17.521 omega^3,5.2054208517e-03,-1.6586135741e-03,-1.1377452655e-01,-1.6242743483e-05,5.4429883492e-02,-1.3303967839e+00,1.1834626706e-05,-2.8382893499e-03,-1.6738994410e-01,1.7521038802e+01
75023,2025-05-12 12:40:00,0.065142,4.682161,3.311108,0.027 1 + -0.010 theta + 0.819 omega + 0.001 theta^2 + 0.050 theta omega + 0.184 omega^2 + -0.003 theta^2 omega + -0.027 theta omega^2 + -0.987 omega^3,0.054 1 + -0.019 theta + -0.355 omega + 0.002 theta^2 + 0.097 theta omega + 0.327 omega^2 + -0.006 theta^2 omega + -0.051 theta omega^2 + -1.803 omega^3,5.3598620639e-02,-1.9142402608e-02,-3.5494438414e-01,2.0986418921e-03,9.7163798304e-02,3.2667928711e-01,-7.1989221217e-05,-5.9197226871e-03,-5.0520869206e-02,-1.8028128632e+00
75024,2025-05-12 12:45:00,0.056062,8.783145,6.210748,-0.044 1 + 0.007 theta + 1.265 omega + -0.025 theta omega + -0.491 omega^2 + 0.001 theta^2 omega + 0.005 theta omega^2 + 1.671 omega^3,0.026 1 + -0.003 theta + -0.628 omega + 0.054 theta omega + 2.946 omega^2 + -0.001 theta^2 omega + -0.145 theta omega^2 + -2.051 omega^3,2.6097835941e-02,-2.5615952986e-03,-6.2841275715e-01,6.0959004977e-05,5.4226468184e-02,2.9464674491e+00,0.0000000000e+00,-1.1030409685e-03,-1.4525062628e-01,-2.0507954213e+00
75025,2025-05-12 12:50:00,0.077976,7.078119,5.005290,0.001 1 + -0.001 theta + 1.010 omega + -0.001 theta omega + -0.121 omega^2 + -0.003 theta^2 omega + 0.054 theta omega^2 + -1.616 omega^3,0.001 1 + -0.002 theta + 0.022 omega + -0.001 theta^2 + -0.002 theta omega + -0.267 omega^2 + -0.005 theta^2 omega + 0.105 theta omega^2 + -3.354 omega^3,1.3471818345e-03,-1.5971526255e-03,2.2240887415e-02,-8.2630643149e-04,-1.5710788643e-03,-2.6725035789e-01,-5.2900470815e-05,-5.1089919224e-03,1.0488243215e-01,-3.3537436955e+00
75026,2025-05-12 12:55:00,0.085765,3.540256,2.504073,-0.004 1 + 0.876 omega + 0.004 theta omega + -1.058 omega^2 + -0.038 theta omega^2 + -1.376 omega^3,-0.008 1 + -0.243 omega + 0.008 theta omega + -2.123 omega^2 + 0.001 theta^2 omega + -0.076 theta omega^2 + -2.757 omega^3,-7.5701985089e-03,-8.2996592734e-05,-2.4252723930e-01,-1.8357415926e-04,7.7645236785e-03,-2.1233002551e+00,-7.3377155801e-06,6.7545622716e-04,-7.6356328814e-02,-2.7570757252e+00
75027,2025-05-12 13:00:00,0.054264,3.769479,2.665701,0.020 1 + 0.001 theta + 1.106 omega + 0.007 theta omega + 0.028 omega^2 + 0.004 theta omega^2 + -0.249 omega^3,0.041 1 + 0.003 theta + 0.197 omega + 0.013 theta omega + -0.008 omega^2 + 0.007 theta omega^2 + -0.530 omega^3,4.0780999350e-02,2.6541248346e-03,1.9680457026e-01,4.2958061215e-05,1.2791176871e-02,-7.7001312839e-03,0.0000000000e+00,1.8516075911e-04,6.5768967001e-03,-5.2990483001e-01
75028,2025-05-12 13:05:00,nan,nan,nan,0.001 1 + 0.990 omega + -0.002 theta omega + 0.025 omega^2 + 0.001 theta^2 omega + -0.008 theta omega^2 + 0.631 omega^3,0.002 1 + -0.019 omega + -0.005 theta omega + 0.058 omega^2 + 0.001 theta^2 omega + -0.016 theta omega^2 + 1.297 omega^3,1.8727971598e-03,3.8515127594e-04,-1.8969055043e-02,-3.0900728304e-05,-5.1378784509e-03,5.8396048346e-02,-2.6434263055e-05,1.0658867869e-03,-1.5518182530e-02,1.2971227191e+00
75029,2025-05-12 13:10:00,0.121805,10.409998,7.361484,-0.026 1 + -0.003 theta + 0.724 omega + -0.025 theta omega + -0.797 omega^2 + -0.043 theta omega^2 + -0.344 omega^3,-0.026 1 + -0.003 theta + -0.349 omega + -0.027 theta omega + -1.432 omega^2 + -0.069 theta omega^2 + -1.639 omega^3,-2.5686477149e-02,-2.8488948316e-03,-3.4858195515e-01,-7.7406300679e-05,-2.6529872392e-02,-1.4316213514e+00,0.0000000000e+00,-3.2972434787e-04,-6.9120257643e-02,-1.6390980183e+00
75030,2025-05-12 13:15:00,nan,nan,nan,0.071 1 + 0.010 theta + 1.523 omega + 0.055 theta omega + 0.997 omega^2 + 0.001 theta^2 omega + 0.067 theta omega^2 + 0.762 omega^3,0.142 1 + 0.019 theta + 1.036 omega + 0.001 theta^2 + 0.109 theta omega + 1.945 omega^2 + 0.002 theta^2 omega + 0.130 theta omega^2 + 1.516 omega^3,1.4226778511e-01,1.9468793601e-02,1.0359063177e+00,6.9589433752e-04,1.0853155855e-01,1.9450270606e+00,7.6925939656e-06,1.9796087819e-03,1.3014732114e-01,1.5161420654e+00
75031,2025-05-12 13:20:00,0.066960,2.068770,1.463607,0.002 1 + 0.001 theta + 0.978 omega + -0.002 theta omega + -0.333 omega^2 + -0.084 theta omega^2 + 0.130 omega^3,0.005 1 + 0.002 theta + -0.035 omega + -0.001 theta omega + -0.636 omega^2 + -0.164 theta omega^2 + 0.242 omega^3,4.9935838565e-03,2.4838121439e-03,-3.5401507078e-02,-8.6876069017e-05,-1.1517329624e-03,-6.3582982290e-01,-3.7396315549e-05,4.0618782030e-04,-1.6447290608e-01,2.4167900672e-01
75032,2025-05-12 13:25:00,nan,nan,nan,0.016 1 + 0.002 theta + 1.264 omega + 0.051 theta omega + 0.642 omega^2 + 0.002 theta^2 omega + 0.039 theta omega^2 + 1.768 omega^3,0.032 1 + 0.003 theta + 0.527 omega + 0.103 theta omega + 1.252 omega^2 + 0.005 theta^2 omega + 0.076 theta omega^2 + 3.527 omega^3,3.2200735610e-02,3.0235523130e-03,5.2652047784e-01,-4.3318403408e-04,1.0258872250e-01,1.2523342050e+00,-3.5088252541e-05,4.5382886204e-03,7.6328195602e-02,3.5267794097e+00
75033,2025-05-12 13:30:00,nan,nan,nan,0.009 1 + -0.008 theta + 0.995 omega + 0.002 theta^2 + 0.014 theta omega + -0.745 omega^2 + -0.004 theta^2 omega + 0.371 theta omega^2 + -2.274 omega^3,0.018 1 + -0.015 theta + -0.003 omega + 0.003 theta^2 + 0.025 theta omega + -1.502 omega^2 + -0.008 theta^2 omega + 0.742 theta omega^2 + -4.778 omega^3,1.7681478194e-02,-1.4978003979e-02,-3.4942258443e-03,3.2610773733e-03,2.4695513534e-02,-1.5020057019e+00,-1.2362073749e-04,-7.9791707284e-03,7.4154082856e-01,-4.7779978866e+00
75034,2025-05-12 13:35:00,0.032357,1.211056,0.856652,1.010 omega + -0.001 theta omega + -0.203 omega^2 + -0.048 theta omega^2 + -2.150 omega^3,0.021 omega + -0.001 theta^2 + -0.002 theta omega + -0.453 omega^2 + -0.001 theta^2 omega + -0.119 theta omega^2 + -4.504 omega^3,1.7903144434e-04,-4.4207274298e-04,2.1076767538e-02,-6.2660354609e-04,-2.3296764021e-03,-4.5268953454e-01,-1.5011973063e-04,-7.2041152065e-04,-1.1853944087e-01,-4.5041855415e+00
75035,2025-05-12 13:40:00,0.042611,1.037259,0.734071,0.001 1 + -0.001 theta + 0.995 omega + 0.008 theta omega + 0.151 omega^2 + -0.002 theta^2 omega + -0.070 theta omega^2 + 0.393 omega^3,0.003 1 + -0.003 theta + -0.009 omega + 0.001 theta^2 + 0.016 theta omega + 0.325 omega^2 + -0.005 theta^2 omega + -0.146 theta omega^2 + 0.754 omega^3,2.5764100399e-03,-2.8621677110e-03,-8.7614492306e-03,8.4458666267e-04,1.6036518949e-02,3.2481475185e-01,-1.0288512826e-04,-4.6734077109e-03,-1.4587636658e-01,7.5445387212e-01
75036,2025-05-12 13:45:00,nan,nan,nan,0.002 theta + 1.028 omega + -0.023 theta omega + -0.224 omega^2 + 0.003 theta^2 omega + 0.029 theta omega^2 + 0.672 omega^3,0.001 1 + 0.004 theta + 0.055 omega + -0.001 theta^2 + -0.045 theta omega + -0.404 omega^2 + 0.006 theta^2 omega + 0.050 theta omega^2 + 1.357 omega^3,6.0333400969e-04,3.7034624238e-03,5.4618466068e-02,-9.7358651647e-04,-4.5152332497e-02,-4.0402105113e-01,4.9412784977e-05,6.0627816119e-03,5.0172584363e-02,1.3569781565e+00
75037,2025-05-12 13:50:00,0.039841,0.809413,0.573035,0.002 1 + -0.005 theta + 0.982 omega + 0.003 theta^2 + 0.019 theta omega + 0.302 omega^2 + -0.004 theta^2 omega + -0.147 theta omega^2 + -0.209 omega^3,0.004 1 + -0.009 theta + -0.034 omega + 0.006 theta^2 + 0.036 theta omega + 0.639 omega^2 + -0.001 theta^3 + -0.007 theta^2 omega + -0.304 theta omega^2 + -0.173 omega^3,3.8711779762e-03,-9.3084853474e-03,-3.3707336019e-02,5.6694711092e-03,3.6088486109e-02,6.3895346318e-01,-1.0136975908e-03,-7.3086887257e-03,-3.0407083869e-01,-1.7266222973e-01
75038,2025-05-12 13:55:00,0.170422,4.676302,3.308840,1.009 omega + 0.003 theta omega + -0.077 omega^2 + -0.007 theta omega^2 + -0.528 omega^3,-0.001 1 + -0.001 theta + 0.021 omega + 0.001 theta^2 + 0.006 theta omega + -0.177 omega^2 + -0.001 theta^2 omega + -0.010 theta omega^2 + -1.164 omega^3,-6.4591346763e-04,-5.9366094491e-04,2.1239373772e-02,5.7835838296e-04,6.1261990511e-03,-1.7663425718e-01,-8.2602843246e-05,-6.4683178043e-04,-9.7204444469e-03,-1.1635081042e+00
75039,2025-05-12 14:00:00,0.062481,3.061187,2.165037,-0.033 1 + 0.005 theta + 0.628 omega + 0.005 theta omega + -0.248 omega^2 + -0.007 theta omega^2 + 1.599 omega^3,-0.457 1 + -0.016 theta + -3.341 omega + -0.100 theta omega + -6.328 omega^2 + -0.001 theta^2 omega + -0.129 theta omega^2 + -1.419 omega^3,-4.5688457510e-01,-1.6498020627e-02,-3.3406750189e+00,-1.4427343506e-04,-1.0010931841e-01,-6.3279960439e+00,0.0000000000e+00,-6.2555749495e-04,-1.2931011666e-01,-1.4186210476e+00
75040,2025-05-12 14:05:00,nan,nan,nan,0.002 1 + 0.003 theta + 1.006 omega + 0.001 theta^2 + 0.022 theta omega + -0.782 omega^2 + 0.006 theta^2 omega + -0.267 theta omega^2 + -2.686 omega^3,0.004 1 + 0.007 theta + 0.015 omega + 0.002 theta^2 + 0.044 theta omega + -1.576 omega^2 + 0.012 theta^2 omega + -0.540 theta omega^2 + -5.758 omega^3,3.9022859589e-03,6.6750545392e-03,1.4810814048e-02,2.2894149939e-03,4.3734152490e-02,-1.5762064934e+00,2.0754256307e-04,1.1948476680e-02,-5.3984331759e-01,-5.7579702443e+00
75041,2025-05-12 14:10:00,nan,nan,nan,0.002 1 + 1.039 omega + -0.030 theta omega + -0.507 omega^2 + 0.004 theta^2 omega + 0.102 theta omega^2 + 1.721 omega^3,0.003 1 + 0.079 omega + -0.060 theta omega + -0.971 omega^2 + 0.008 theta^2 omega + 0.196 theta omega^2 + 3.282 omega^3,2.9274650233e-03,3.7478857541e-05,7.9185834331e-02,-5.1519527555e-05,-6.0403051335e-02,-9.7140838801e-01,-1.5927825385e-05,8.2025072444e-03,1.9574735824e-01,3.2816005189e+00
75042,2025-05-12 14:15:00,0.126053,4.879704,3.451623,0.001 1 + 1.051 omega + 0.008 theta omega + 0.114 omega^2 + 0.011 theta omega^2 + -0.280 omega^3,0.002 1 + -0.001 theta + 0.105 omega + 0.016 theta omega + 0.206 omega^2 + 0.001 theta^2 omega + 0.020 theta omega^2 + -0.574 omega^3,2.0929820967e-03,-9.3677014761e-04,1.0490226522e-01,-2.3985416309e-04,1.6494971827e-02,2.0568951089e-01,-1.1169123768e-05,6.1800540481e-04,1.9957235199e-02,-5.7409702381e-01
75043,2025-05-12 14:20:00,0.046052,3.465565,2.450741,-0.005 1 + 1.173 omega + -0.010 theta omega + -1.017 omega^2 + 0.007 theta omega^2 + 2.232 omega^3,-0.008 1 + 0.268 omega + -0.010 theta omega + -1.494 omega^2 + -0.029 theta omega^2 + 3.328 omega^3,-8.1537909070e-03,2.0072637736e-04,2.6773947409e-01,-1.0267171361e-06,-1.0387884334e-02,-1.4944349036e+00,0.0000000000e+00,3.6965272505e-04,-2.8727655996e-02,3.3276832834e+00
75044,2025-05-12 14:25:00,nan,nan,nan,-0.001 1 + -0.001 theta + 1.067 omega + -0.002 theta omega + -0.616 omega^2 + -0.013 theta omega^2 + 4.448 omega^3,-0.002 1 + -0.002 theta + 0.144 omega + -0.003 theta omega + -1.344 omega^2 + -0.023 theta omega^2 + 9.124 omega^3,-1.6854602064e-03,-2.2338193570e-03,1.4380189622e-01,2.4298058418e-04,-3.0903463210e-03,-1.3443752527e+00,-5.0345501617e-06,-1.7995372369e-04,-2.3287959720e-02,9.1240290378e+00
75045,2025-05-12 14:30:00,0.033305,0.746672,0.528502,0.005 1 + -0.005 theta + 0.983 omega + 0.001 theta^2 + 0.008 theta omega + -0.042 omega^2 + -0.001 theta^2 omega + 0.011 theta omega^2 + -0.374 omega^3,0.010 1 + -0.010 theta + -0.030 omega + 0.003 theta^2 + 0.016 theta omega + -0.090 omega^2 + -0.001 theta^2 omega + 0.027 theta omega^2 + -0.879 omega^3,1.0455792918e-02,-1.0108909860e-02,-3.0317031422e-02,2.8531183533e-03,1.5852277375e-02,-9.0212703016e-02,-2.5318566243e-04,-1.4812543441e-03,2.7002356835e-02,-8.7906596042e-01
75046,2025-05-12 14:35:00,0.100197,3.263416,2.308671,-0.002 1 + 1.028 omega + 0.004 theta omega + 0.059 omega^2 + -0.001 theta^2 omega + -0.046 theta omega^2 + -1.905 omega^3,-0.003 1 + 0.001 theta + 0.058 omega + 0.007 theta omega + 0.119 omega^2 + -0.001 theta^2 omega + -0.090 theta omega^2 + -3.784 omega^3,-3.4515821883e-03,8.5123841185e-04,5.7759072528e-02,4.8737251915e-04,7.1903159125e-03,1.1894104284e-01,-5.3361269360e-05,-1.0872106228e-03,-8.9770426733e-02,-3.7841306504e+00
75047,2025-05-12 14:40:00,0.040909,1.400087,0.990434,-0.002 theta + 1.011 omega + -0.003 theta omega + -0.014 omega^2 + -0.001 theta^2 omega + 0.067 theta omega^2 + -0.537 omega^3,-0.004 theta + 0.024 omega + -0.005 theta omega + -0.031 omega^2 + -0.002 theta^2 omega + 0.130 theta omega^2 + -1.115 omega^3,1.8398759609e-04,-3.5132408229e-03,2.3570100734e-02,1.6863121270e-04,-4.9868783183e-03,-3.1213594820e-02,1.2246360321e-04,-1.6146824953e-03,1.2986694934e-01,-1.1148476327e+00
75048,2025-05-12 14:45:00,nan,nan,nan,0.002 1 + 0.990 omega + 0.006 theta omega + -0.109 omega^2 + -0.001 theta^2 omega + 0.041 theta omega^2 + 0.458 omega^3,0.004 1 + -0.018 omega + -0.001 theta^2 + 0.012 theta omega + -0.223 omega^2 + -0.002 theta^2 omega + 0.088 theta omega^2 + 0.778 omega^3,3.8952164825e-03,-2.6732206392e-04,-1.7842671669e-02,-6.5523844736e-04,1.2454583357e-02,-2.2319254195e-01,8.3719704050e-05,-2.0660217144e-03,8.8474984893e-02,7.7771300012e-01
75049,2025-05-12 14:50:00,0.155540,3.210704,2.272973,-0.002 theta + 1.018 omega + -0.002 theta omega + -0.002 omega^2 + -0.001 theta^2 omega + 0.055 theta omega^2 + -0.791 omega^3,-0.004 theta + 0.037 omega + -0.004 theta omega + -0.006 omega^2 + -0.003 theta^2 omega + 0.108 theta omega^2 + -1.605 omega^3,-3.6873295007e-04,-3.5666160386e-03,3.6963578940e-02,6.8262705712e-05,-3.7758579198e-03,-6.3280217856e-03,1.1250130294e-04,-2.5288389816e-03,1.0756778368e-01,-1.6048028819e+00
75050,2025-05-12 14:55:00,nan,nan,nan,-0.001 1 + 0.981 omega + -0.002 theta omega + 0.076 omega^2 + -0.066 theta omega^2 + 1.703 omega^3,-0.003 1 + 0.001 theta + -0.036 omega + -0.004 theta omega + 0.163 omega^2 + 0.001 theta^2 omega + -0.141 theta omega^2 + 3.277 omega^3,-3.0286132539e-03,9.6435279807e-04,-3.5647457786e-02,2.4131693688e-05,-4.1331141095e-03,1.6329544587e-01,-1.1671771291e-04,8.8353515444e-04,-1.4143125480e-01,3.2770183856e+00
75051,2025-05-12 15:00:00,nan,nan,nan,-0.034 1 + -0.005 theta + 0.878 omega + -0.022 theta omega + 0.413 omega^2 + -0.001 theta^2 omega + 0.043 theta omega^2 + 0.075 omega^3,-0.066 1 + -0.010 theta + -0.240 omega + -0.044 theta omega + 0.794 omega^2 + -0.002 theta^2 omega + 0.082 theta omega^2 + 0.039 omega^3,-6.6035863982e-02,-1.0237892391e-02,-2.4039676615e-01,-2.9193766577e-04,-4.3811207598e-02,7.9371739403e-01,5.6245548393e-06,-1.9762219891e-03,8.2367687718e-02,3.9335248935e-02
75052,2025-05-12 15:05:00,0.023136,0.669375,0.473602,0.001 1 + 0.972 omega + -0.005 theta omega + -0.078 omega^2 + 0.001 theta^2 omega + 0.005 theta omega^2 + 2.297 omega^3,0.001 1 + -0.053 omega + -0.011 theta omega + -0.152 omega^2 + 0.002 theta^2 omega + 0.006 theta omega^2 + 4.330 omega^3,1.4633321797e-03,-3.9262428628e-04,-5.2640846886e-02,4.4544959903e-04,-1.1114941136e-02,-1.5185267678e-01,-5.0119314064e-05,1.5590072685e-03,6.1802542901e-03,4.3303222857e+00
75053,2025-05-12 15:10:00,0.044275,2.200114,1.556030,0.001 1 + 0.998 omega + -0.001 theta^2 + -0.003 theta omega + -0.309 omega^2 + -0.408 theta omega^2 + -1.491 omega^3,0.001 1 + 0.001 theta + -0.005 omega + -0.002 theta^2 + -0.005 theta omega + -0.655 omega^2 + -0.001 theta^3 + -0.810 theta omega^2 + -2.246 omega^3,1.1928940820e-03,9.5701659443e-04,-5.3608525435e-03,-1.5240656953e-03,-5.0152509913e-03,-6.5544489820e-01,-5.6202312357e-04,-2.1358292541e-04,-8.0970024206e-01,-2.2457477715e+00
75054,2025-05-12 15:15:00,0.029785,1.528143,1.080766,-0.003 1 + 0.001 theta + 1.005 omega + 0.001 theta^2 + 0.005 theta omega + 0.436 omega^2 + 0.001 theta^2 omega + 0.125 theta omega^2 + -0.143 omega^3,-0.005 1 + 0.001 theta + 0.010 omega + 0.001 theta^2 + 0.012 theta omega + 0.842 omega^2 + 0.002 theta^2 omega + 0.243 theta omega^2 + -0.040 omega^3,-4.8903982512e-03,1.0934888658e-03,1.0458143390e-02,9.9174040357e-04,1.1679625207e-02,8.4228960396e-01,9.4582602919e-05,1.5835252395e-03,2.4292444102e-01,-3.9987425463e-02
75055,2025-05-12 15:20:00,nan,nan,nan,-0.002 theta + 1.066 omega + 0.011 theta omega + -0.988 omega^2 + -0.115 theta omega^2 + 9.138 omega^3,-0.003 theta + 0.131 omega + 0.022 theta omega + -1.917 omega^2 + -0.225 theta omega^2 + 17.886 omega^3,-1.3629571741e-05,-3.4512691201e-03,1.3108309746e-01,2.2085990690e-04,2.1564832634e-02,-1.9170824623e+00,-5.1222671781e-06,3.6658292994e-04,-2.2544150686e-01,1.7886105456e+01
75056,2025-05-12 15:25:00,0.013133,0.382690,0.270762,-0.001 theta + 1.036 omega + 0.018 theta omega + -0.153 omega^2 + 0.002 theta^2 omega + -0.029 theta omega^2 + -1.079 omega^3,-0.001 theta + 0.077 omega + 0.039 theta omega + -0.242 omega^2 + 0.004 theta^2 omega + -0.049 theta omega^2 + -1.676 omega^3,9.3253845426e-05,-9.8639455870e-04,7.7461234318e-02,-3.9183299096e-04,3.9096274443e-02,-2.4240295696e-01,-3.5479610327e-05,4.0554803684e-03,-4.9131769088e-02,-1.6756951466e+00
75057,2025-05-12 15:30:00,0.081494,1.806866,1.278946,0.001 1 + -0.002 theta + 1.013 omega + 0.001 theta^2 + 0.002 theta omega + -0.099 omega^2 + -0.001 theta^2 omega + 0.020 theta omega^2 + -1.026 omega^3,0.001 1 + -0.003 theta + 0.028 omega + 0.002 theta^2 + 0.004 theta omega + -0.198 omega^2 + -0.002 theta^2 omega + 0.032 theta omega^2 + -2.175 omega^3,1.0875016954e-03,-3.4793299110e-03,2.8220584395e-02,1.6057332906e-03,3.7474445292e-03,-1.9836759141e-01,-1.9670361971e-04,-1.8620403966e-03,3.1964458937e-02,-2.1751890999e+00
75058,2025-05-12 15:35:00,0.108890,12.059742,8.527873,0.006 1 + 0.002 theta + 0.984 omega + -0.005 theta omega + -0.326 omega^2 + -0.085 theta omega^2 + 1.065 omega^3,0.011 1 + 0.003 theta + -0.033 omega + -0.009 theta omega + -0.660 omega^2 + -0.001 theta^2 omega + -0.172 theta omega^2 + 2.271 omega^3,1.1277522610e-02,3.4047954612e-03,-3.2672960292e-02,-1.3867493312e-04,-8.6632418809e-03,-6.5956243714e-01,-4.6935099114e-05,-6.2324956124e-04,-1.7244662178e-01,2.2709346409e+00
75059,2025-05-12 15:40:00,nan,nan,nan,0.003 theta + 1.021 omega + -0.001 theta^2 + -0.012 theta omega + -0.370 omega^2 + 0.001 theta^2 omega + 0.061 theta omega^2 + 0.718 omega^3,0.005 theta + 0.041 omega + -0.002 theta^2 + -0.023 theta omega + -0.732 omega^2 + 0.002 theta^2 omega + 0.120 theta omega^2 + 1.325 omega^3,-2.1132297174e-04,5.2971132966e-03,4.0547141325e-02,-1.5163490216e-03,-2.3480054425e-02,-7.3208192676e-01,9.9817851316e-05,2.3486855261e-03,1.1967428996e-01,1.3245398420e+00
75060,2025-05-12 15:45:00,0.028847,2.431268,1.719287,-0.001 theta + 1.042 omega + 0.017 theta omega + -0.844 omega^2 + -0.001 theta^2 omega + 0.016 theta omega^2 + 0.447 omega^3,-0.001 1 + -0.001 theta + 0.097 omega + 0.032 theta omega + -1.787 omega^2 + -0.001 theta^2 omega + 0.026 theta omega^2 + 1.566 omega^3,-7.1361193401e-04,-9.9854592296e-04,9.7077520950e-02,-6.8003123100e-05,3.1947531510e-02,-1.7867407122e+00,4.9920482544e-06,-1.3925617309e-03,2.6415900909e-02,1.5663746982e+00
75061,2025-05-12 15:50:00,0.071651,2.736137,1.935405,-0.001 1 + -0.001 theta + 0.984 omega + -0.006 theta omega + -0.362 omega^2 + -0.044 theta omega^2 + -0.965 omega^3,-0.001 1 + -0.001 theta + -0.028 omega + -0.010 theta omega + -0.727 omega^2 + -0.086 theta omega^2 + -1.816 omega^3,-1.3927348656e-03,-9.8025571587e-04,-2.8127791305e-02,-1.9406019857e-04,-9.5537243312e-03,-7.2696277311e-01,-1.1451955372e-05,-4.6802420448e-04,-8.6104355854e-02,-1.8163377803e+00
75062,2025-05-12 15:55:00,0.036877,1.789621,1.265722,-0.001 1 + -0.001 theta + 1.019 omega + 0.004 theta omega + 0.131 omega^2 + 0.009 theta omega^2 + -1.232 omega^3,-0.001 1 + -0.002 theta + 0.039 omega + 0.007 theta omega + 0.240 omega^2 + 0.017 theta omega^2 + -2.351 omega^3,-1.1701044760e-03,-2.3493947842e-03,3.9274103364e-02,1.6021881312e-04,7.4647456955e-03,2.3977417697e-01,-2.5466292934e-06,-4.3783329086e-04,1.6675958201e-02,-2.3507672899e+00
75063,2025-05-12 16:00:00,0.100413,11.943117,8.445358,-0.010 1 + -0.002 theta + 0.837 omega + -0.015 theta omega + -0.897 omega^2 + -0.044 theta omega^2 + -0.716 omega^3,-0.019 1 + -0.005 theta + -0.328 omega + -0.031 theta omega + -1.788 omega^2 + -0.001 theta^2 omega + -0.087 theta omega^2 + -1.342 omega^3,-1.9332214073e-02,-4.6131645198e-03,-3.2755530707e-01,-3.0136328932e-04,-3.0504547610e-02,-1.7876808144e+00,-6.1141877585e-06,-6.8380002957e-04,-8.7233884566e-02,-1.3421659729e+00
75064,2025-05-12 16:05:00,nan,nan,nan,-0.001 1 + 0.974 omega + -0.002 theta omega + 0.320 omega^2 + 0.001 theta^2 omega + -0.101 theta omega^2 + 3.465 omega^3,-0.003 1 + -0.049 omega + -0.003 theta omega + 0.593 omega^2 + 0.001 theta^2 omega + -0.208 theta omega^2 + 7.394 omega^3,-3.1880134035e-03,2.4483517763e-04,-4.9105978812e-02,9.7663597841e-05,-3.1088451216e-03,5.9296337759e-01,-7.1526735245e-06,1.4199885509e-03,-2.0814413475e-01,7.3943139124e+00
75065,2025-05-12 16:10:00,0.092538,3.451743,2.441628,-0.001 1 + -0.001 theta + 1.001 omega + -0.047 omega^2 + -0.002 theta omega^2 + -0.401 omega^3,-0.002 1 + -0.001 theta + 0.009 omega + 0.002 theta omega + -0.078 omega^2 + -0.003 theta omega^2 + -0.750 omega^3,-2.1306455866e-03,-1.4290755578e-03,9.4843981244e-03,-2.3937447791e-04,2.0282599441e-03,-7.8094984412e-02,-1.0118347185e-05,1.1593920164e-04,-3.2017411434e-03,-7.4962964997e-01
75066,2025-05-12 16:15:00,nan,nan,nan,0.003 1 + -0.002 theta + 1.128 omega + 0.023 theta omega + 0.586 omega^2 + 0.001 theta^2 omega + 0.017 theta omega^2 + 2.356 omega^3,0.005 1 + -0.004 theta + 0.258 omega + -0.001 theta^2 + 0.046 theta omega + 1.171 omega^2 + 0.002 theta^2 omega + 0.034 theta omega^2 + 4.670 omega^3,5.2775513007e-03,-3.5643688502e-03,2.5800836099e-01,-7.4643306616e-04,4.6376757360e-02,1.1713459974e+00,-3.2063647934e-05,1.8137439698e-03,3.3715521300e-02,4.6701252452e+00
75067,2025-05-12 16:20:00,0.050878,2.546651,1.801114,0.002 1 + -0.001 theta + 0.934 omega + 0.012 theta omega + 0.270 omega^2 + -0.045 theta omega^2 + 1.104 omega^3,0.004 1 + -0.001 theta + -0.128 omega + 0.023 theta omega + 0.553 omega^2 + -0.001 theta^2 omega + -0.092 theta omega^2 + 2.154 omega^3,4.2913560682e-03,-1.0319944851e-03,-1.2779292360e-01,5.8159710340e-05,2.3464857297e-02,5.5318762511e-01,0.0000000000e+00,-7.7803582170e-04,-9.1927276951e-02,2.1542901931e+00
75068,2025-05-12 16:25:00,0.129786,3.009992,2.130364,0.003 1 + -0.002 theta + 0.990 omega + 0.006 theta omega + -0.252 omega^2 + 0.001 theta^2 omega + 0.117 theta omega^2 + -0.282 omega^3,0.007 1 + -0.004 theta + -0.016 omega + 0.011 theta omega + -0.511 omega^2 + 0.002 theta^2 omega + 0.236 theta omega^2 + -0.711 omega^3,6.8359935140e-03,-4.4281141102e-03,-1.6131841900e-02,1.0333844431e-04,1.0577563452e-02,-5.1124694873e-01,4.3740665472e-05,1.5775298800e-03,2.3621650187e-01,-7.1053721101e-01
75069,2025-05-12 16:30:00,nan,nan,nan,0.002 1 + 0.001 theta + 0.939 omega + -0.006 theta omega + -0.157 omega^2 + 0.003 theta^2 omega + -0.036 theta omega^2 + 2.872 omega^3,0.004 1 + 0.002 theta + -0.120 omega + -0.012 theta omega + -0.324 omega^2 + 0.006 theta^2 omega + -0.070 theta omega^2 + 5.686 omega^3,4.2114651760e-03,1.5488028828e-03,-1.2047948785e-01,-2.7124965144e-05,-1.1927289864e-02,-3.2351277471e-01,-6.6173509979e-05,5.9362090294e-03,-7.0429260680e-02,5.6862954155e+00
75070,2025-05-12 16:35:00,nan,nan,nan,-0.008 1 + 0.002 theta + 1.103 omega + -0.030 theta omega + 0.119 omega^2 + 0.002 theta^2 omega + -0.022 theta omega^2 + 0.842 omega^3,-0.015 1 + 0.005 theta + 0.202 omega + -0.059 theta omega + 0.244 omega^2 + 0.004 theta^2 omega + -0.044 theta omega^2 + 1.642 omega^3,-1.4960902479e-02,4.7234892835e-03,2.0199547064e-01,-3.0887012623e-04,-5.9091286010e-02,2.4379436333e-01,-2.1963771649e-07,3.6585626142e-03,-4.4372432744e-02,1.6418050682e+00
75071,2025-05-12 16:40:00,nan,nan,nan,0.027 1 + 0.002 theta + 1.216 omega + 0.013 theta omega + 0.510 omega^2 + 0.013 theta omega^2 + 0.574 omega^3,0.028 1 + 0.003 theta + 0.223 omega + 0.017 theta omega + 0.550 omega^2 + 0.016 theta omega^2 + 0.795 omega^3,2.7813273957e-02,2.5556475346e-03,2.2272137669e-01,4.6831789409e-05,1.6615285391e-02,5.5016123364e-01,0.0000000000e+00,2.4937099481e-04,1.6198887876e-02,7.9511086736e-01
75072,2025-05-12 16:45:00,0.072187,3.715281,2.627596,-0.002 1 + 0.001 theta + 1.038 omega + 0.002 theta omega + -0.143 omega^2 + 0.010 theta omega^2 + -2.482 omega^3,-0.004 1 + 0.002 theta + 0.081 omega + 0.002 theta omega + -0.301 omega^2 + -0.001 theta^2 omega + 0.021 theta omega^2 + -4.791 omega^3,-3.6400314746e-03,2.3492151627e-03,8.0967643569e-02,-2.5051114084e-04,1.5445283366e-03,-3.0127657480e-01,4.4616164081e-06,-8.1582605507e-04,2.0590079666e-02,-4.7914602020e+00
75073,2025-05-12 16:50:00,nan,nan,nan,0.010 1 + 0.003 theta + 1.148 omega + 0.026 theta omega + 0.602 omega^2 + 0.063 theta omega^2 + 0.201 omega^3,0.027 1 + 0.007 theta + 0.499 omega + 0.063 theta omega + 3.216 omega^2 + 0.124 theta omega^2 + 7.874 omega^3,2.6854579654e-02,6.8750608930e-03,4.9884409258e-01,7.6153286469e-05,6.3168228029e-02,3.2157950739e+00,0.0000000000e+00,4.7263016176e-04,1.2448525383e-01,7.8740895580e+00
75074,2025-05-12 16:55:00,0.019523,0.706386,0.499681,-0.009 1 + -0.002 theta + 0.875 omega + -0.012 theta omega + -0.529 omega^2 + -0.020 theta omega^2 + -0.556 omega^3,-0.015 1 + -0.003 theta + -0.223 omega + -0.021 theta omega + -0.989 omega^2 + -0.039 theta omega^2 + -0.949 omega^3,-1.4526334940e-02,-2.6611480060e-03,-2.2288159166e-01,-1.5080816260e-04,-2.0535219694e-02,-9.8891344493e-01,-3.0039145054e-06,-4.7900660543e-04,-3.8608869076e-02,-9.4944217442e-01
75075,2025-05-12 17:00:00,nan,nan,nan,0.026 1 + 0.004 theta + 1.278 omega + 0.042 theta omega + 0.535 omega^2 + 0.002 theta^2 omega + 0.029 theta omega^2 + 1.039 omega^3,0.053 1 + 0.008 theta + 0.573 omega + 0.087 theta omega + 1.114 omega^2 + 0.003 theta^2 omega + 0.062 theta omega^2 + 2.129 omega^3,5.2598654448e-02,7.8832870963e-03,5.7281265246e-01,1.5153477021e-04,8.7127050999e-02,1.1142989344e+00,-9.5070908826e-06,3.2118148102e-03,6.1719496936e-02,2.1290519697e+00
75076,2025-05-12 17:05:00,0.036324,0.683771,0.484181,0.002 1 + 0.981 omega + -0.014 theta omega + -0.210 omega^2 + 0.003 theta^2 omega + -0.040 theta omega^2 + 2.773 omega^3,0.005 1 + -0.036 omega + -0.028 theta omega + -0.445 omega^2 + 0.006 theta^2 omega + -0.076 theta omega^2 + 5.508 omega^3,5.0519107720e-03,2.3227193736e-04,-3.6178164390e-02,3.9223268031e-05,-2.7621982736e-02,-4.4469183979e-01,-7.1694119825e-05,5.8649815022e-03,-7.5818078239e-02,5.5079133092e+00
75077,2025-05-12 17:10:00,nan,nan,nan,-0.001 1 + -0.001 theta + 0.995 omega + 0.001 theta^2 + -0.001 theta omega + 0.183 omega^2 + -0.040 theta omega^2 + 0.822 omega^3,-0.002 1 + -0.002 theta + -0.008 omega + 0.001 theta^2 + -0.002 theta omega + 0.365 omega^2 + 0.001 theta^2 omega + -0.081 theta omega^2 + 1.671 omega^3,-1.7538047956e-03,-2.3626274359e-03,-8.3949788637e-03,1.1010423237e-03,-1.8375506104e-03,3.6548915487e-01,-1.1350174826e-04,7.1070064231e-04,-8.1358281487e-02,1.6706312398e+00
75078,2025-05-12 17:15:00,0.130220,3.192845,2.259559,-0.002 1 + -0.001 theta + 1.012 omega + 0.002 theta omega + 0.084 omega^2 + 0.014 theta omega^2 + -0.195 omega^3,-0.003 1 + -0.001 theta + 0.025 omega + 0.003 theta omega + 0.170 omega^2 + 0.028 theta omega^2 + -0.501 omega^3,-3.4974258233e-03,-1.3156416641e-03,2.5096816148e-02,-1.1432690992e-04,3.0744435351e-03,1.6999488295e-01,-7.5923574513e-06,-4.4933564257e-04,2.8310399344e-02,-5.0133454646e-01
75079,2025-05-12 17:20:00,0.049548,4.236244,2.995682,0.001 1 + 0.999 omega + 0.004 theta omega + -0.316 omega^2 + 0.024 theta omega^2 + -1.168 omega^3,0.002 1 + -0.001 theta + 0.009 omega + 0.006 theta omega + -0.595 omega^2 + -0.001 theta^2 omega + 0.062 theta omega^2 + -2.891 omega^3,2.1584026714e-03,-5.4691293365e-04,9.4953700455e-03,-1.2732607914e-04,6.2086054718e-03,-5.9501459537e-01,0.0000000000e+00,-8.0975072529e-04,6.1570251599e-02,-2.8914267660e+00
75080,2025-05-12 17:25:00,0.228791,8.536506,6.038389,0.012 1 + 0.001 theta + 0.997 omega + 0.003 theta omega + -0.505 omega^2 + -0.034 theta omega^2 + -0.286 omega^3,0.025 1 + 0.002 theta + -0.010 omega + 0.007 theta omega + -1.024 omega^2 + 0.001 theta^2 omega + -0.068 theta omega^2 + -0.474 omega^3,2.5368751817e-02,1.8203960377e-03,-9.7677150440e-03,-3.7671247201e-05,6.6818763597e-03,-1.0241148209e+00,-3.9167275327e-06,5.9086409905e-04,-6.8118594879e-02,-4.7415001451e-01
75081,2025-05-12 17:30:00,0.082440,5.951121,4.208481,-0.008 1 + 1.002 omega + 0.001 theta^2 + 0.002 theta omega + 0.439 omega^2 + -0.081 theta omega^2 + -0.406 omega^3,-0.016 1 + -0.001 theta + 0.004 omega + 0.001 theta^2 + 0.004 theta omega + 0.877 omega^2 + -0.001 theta^2 omega + -0.163 theta omega^2 + -0.844 omega^3,-1.5668180960e-02,-7.4128363317e-04,3.8364784794e-03,1.4456175637e-03,4.1975016009e-03,8.7744725640e-01,-1.3762116536e-04,-5.1842467797e-04,-1.6328168650e-01,-8.4394566779e-01
75082,2025-05-12 17:35:00,0.077976,3.733324,2.640434,0.003 1 + -0.001 theta + 0.997 omega + 0.003 theta omega + -0.284 omega^2 + -0.016 theta omega^2 + 0.100 omega^3,0.006 1 + -0.002 theta + -0.004 omega + -0.001 theta^2 + 0.007 theta omega + -0.570 omega^2 + -0.001 theta^2 omega + -0.028 theta omega^2 + 0.044 omega^3,5.5404278832e-03,-2.3032768065e-03,-4.0474475069e-03,-7.6325784991e-04,6.5032642456e-03,-5.6977823461e-01,-4.0501546543e-05,-7.9246714788e-04,-2.7619648131e-02,4.4262879737e-02
75083,2025-05-12 17:40:00,nan,nan,nan,1.028 omega + 0.014 theta omega + -0.144 omega^2 + 0.001 theta^2 omega + -0.014 theta omega^2 + 0.811 omega^3,0.059 omega + 0.029 theta omega + -0.305 omega^2 + 0.001 theta^2 omega + -0.029 theta omega^2 + 1.662 omega^3,3.9364339143e-04,-4.6719066067e-04,5.9392743263e-02,-2.7884463899e-04,2.9178744025e-02,-3.0491391588e-01,-1.2163423870e-05,1.2020288682e-03,-2.8878464891e-02,1.6620963187e+00
75084,2025-05-12 17:45:00,0.023396,0.611014,0.432369,0.017 1 + -0.009 theta + 0.835 omega + 0.002 theta^2 + 0.053 theta omega + 0.451 omega^2 + -0.004 theta^2 omega + -0.051 theta omega^2 + -2.697 omega^3,0.036 1 + -0.019 theta + -0.332 omega + 0.003 theta^2 + 0.108 theta omega + 0.888 omega^2 + -0.007 theta^2 omega + -0.101 theta omega^2 + -5.407 omega^3,3.5618296211e-02,-1.8938511482e-02,-3.3226195659e-01,3.2182439202e-03,1.0754541862e-01,8.8810264277e-01,-1.7027030836e-04,-7.0930282675e-03,-1.0087230069e-01,-5.4065374803e+00
75085,2025-05-12 17:50:00,nan,nan,nan,0.022 1 + 0.003 theta + 1.247 omega + 0.043 theta omega + 0.048 omega^2 + 0.002 theta^2 omega + 0.001 theta omega^2 + -0.309 omega^3,0.046 1 + 0.005 theta + 0.507 omega + 0.088 theta omega + 0.110 omega^2 + 0.004 theta^2 omega + 0.003 theta omega^2 + -0.673 omega^3,4.5809422678e-02,5.2829471575e-03,5.0701009105e-01,-1.5179580131e-04,8.7910967139e-02,1.0956500697e-01,-2.1182825249e-05,3.7872930350e-03,2.7005740372e-03,-6.7331806780e-01
75086,2025-05-12 17:55:00,0.045484,1.270975,0.899290,-0.004 1 + -0.001 theta + 0.990 omega + -0.003 theta omega + 0.071 omega^2 + 0.008 theta omega^2 + 0.170 omega^3,-0.008 1 + -0.002 theta + -0.017 omega + -0.006 theta omega + 0.160 omega^2 + -0.001 theta^2 omega + 0.016 theta omega^2 + 0.393 omega^3,-7.6500221985e-03,-1.7445661403e-03,-1.7027029830e-02,-1.6166348266e-04,-5.5031700610e-03,1.5981733549e-01,-8.5489479927e-06,-5.2872974821e-04,1.6447018104e-02,3.9324807814e-01
75087,2025-05-12 18:00:00,nan,nan,nan,0.004 1 + 0.001 theta + 1.095 omega + 0.037 theta omega + 0.229 omega^2 + 0.003 theta^2 omega + 0.004 theta omega^2 + 1.241 omega^3,0.008 1 + 0.002 theta + 0.180 omega + 0.071 theta omega + 0.398 omega^2 + 0.005 theta^2 omega + 0.002 theta omega^2 + 2.495 omega^3,7.7357216924e-03,2.3215232661e-03,1.7950325290e-01,-5.9843417774e-05,7.1251494163e-02,3.9830493587e-01,-2.0957240154e-05,5.2734436839e-03,1.8305283475e-03,2.4947167883e+00
75088,2025-05-12 18:05:00,0.146332,7.733738,5.469557,0.010 1 + -0.003 theta + 0.924 omega + 0.024 theta omega + 0.273 omega^2 + -0.001 theta^2 omega + -0.015 theta omega^2 + -1.989 omega^3,0.019 1 + -0.006 theta + -0.148 omega + 0.047 theta omega + 0.532 omega^2 + -0.002 theta^2 omega + -0.028 theta omega^2 + -4.012 omega^3,1.8830486515e-02,-6.3098553461e-03,-1.4781809940e-01,4.4225389193e-04,4.6516760381e-02,5.3226992873e-01,-8.8714346887e-06,-2.0358131853e-03,-2.8242991558e-02,-4.0118563691e+00
75089,2025-05-12 18:10:00,0.047878,1.059368,0.749851,0.006 1 + 0.001 theta + 1.023 omega + 0.004 theta omega + -0.200 omega^2 + -0.013 theta omega^2 + -0.057 omega^3,-0.001 1 + -0.078 omega + -0.005 theta omega + -0.540 omega^2 + -0.036 theta omega^2 + 0.016 omega^3,-1.1050322772e-03,-8.4216412045e-05,-7.8183894015e-02,0.0000000000e+00,-5.2955277402e-03,-5.4002714212e-01,0.0000000000e+00,7.0490707646e-06,-3.5851737133e-02,1.6398050194e-02
75090,2025-05-12 18:15:00,0.059125,1.356969,0.960433,-0.001 1 + -0.001 theta + 0.945 omega + -0.006 theta omega + -0.264 omega^2 + -0.037 theta omega^2 + 0.305 omega^3,-0.001 1 + -0.003 theta + -0.106 omega + -0.001 theta^2 + -0.011 theta omega + -0.533 omega^2 + -0.074 theta omega^2 + 0.610 omega^3,-1.0270480876e-03,-2.5225405567e-03,-1.0624243327e-01,-8.9912571015e-04,-1.1252714287e-02,-5.3312917276e-01,-7.5523709694e-05,1.9567755117e-04,-7.3736602527e-02,6.1022541158e-01
75091,2025-05-12 18:20:00,nan,nan,nan,0.002 1 + 0.001 theta + 1.035 omega + -0.012 theta omega + -0.134 omega^2 + 0.001 theta^2 omega + 0.003 theta omega^2 + 0.215 omega^3,0.003 1 + 0.002 theta + 0.070 omega + -0.024 theta omega + -0.254 omega^2 + 0.002 theta^2 omega + 0.005 theta omega^2 + 0.372 omega^3,3.0476843406e-03,1.7367949533e-03,7.0000868437e-02,-3.1587508302e-04,-2.4224826007e-02,-2.5350301754e-01,1.0877723940e-05,1.6855955409e-03,4.6244617555e-03,3.7212374534e-01
75092,2025-05-12 18:25:00,nan,nan,nan,0.001 1 + -0.002 theta + 1.023 omega + 0.001 theta^2 + -0.031 theta omega + 0.572 omega^2 + 0.003 theta^2 omega + -0.096 theta omega^2 + 3.290 omega^3,0.002 1 + -0.004 theta + 0.047 omega + 0.001 theta^2 + -0.063 theta omega + 1.110 omega^2 + 0.006 theta^2 omega + -0.189 theta omega^2 + 6.667 omega^3,1.5017505034e-03,-3.6585141379e-03,4.7354522382e-02,1.1983556443e-03,-6.2655100373e-02,1.1101831016e+00,-8.9808200147e-05,6.4104217708e-03,-1.8877161545e-01,6.6673268717e+00
75093,2025-05-12 18:30:00,0.273673,32.193243,22.764883,-0.013 1 + 0.005 theta + 0.702 omega + -0.005 theta omega + 2.848 omega^2 + 0.001 theta^2 omega + -0.153 theta omega^2 + 0.023 omega^3,-0.027 1 + 0.010 theta + -0.567 omega + -0.001 theta^2 + -0.013 theta omega + 5.546 omega^2 + 0.002 theta^2 omega + -0.298 theta omega^2 + 0.134 omega^3,-2.7168081147e-02,1.0477681642e-02,-5.6731545787e-01,-6.3656748955e-04,-1.2763398059e-02,5.5464955295e+00,8.7279483548e-06,2.1947262726e-03,-2.9797217833e-01,1.3427641404e-01
75094,2025-05-12 18:35:00,0.146790,11.341152,8.020077,-0.003 1 + 1.026 omega + -0.002 theta omega + 0.220 omega^2 + -0.001 theta^2 omega + 0.079 theta omega^2 + -1.733 omega^3,-0.006 1 + -0.001 theta + 0.052 omega + -0.004 theta omega + 0.461 omega^2 + -0.003 theta^2 omega + 0.160 theta omega^2 + -3.414 omega^3,-5.6214461768e-03,-9.0387696713e-04,5.1664218269e-02,2.3440991335e-04,-3.8661817261e-03,4.6131128708e-01,1.6077098289e-06,-2.7621044593e-03,1.5982501718e-01,-3.4135443073e+00
75095,2025-05-12 18:40:00,0.034219,2.026719,1.433311,1.054 omega + -0.005 theta omega + 0.832 omega^2 + -0.035 theta omega^2 + 3.932 omega^3,-0.001 theta + 0.087 omega + -0.002 theta omega + 0.992 omega^2 + 0.005 theta omega^2 + 3.085 omega^3,-9.6079182225e-05,-5.4275947328e-04,8.7061355180e-02,-3.0603690831e-05,-1.8770413283e-03,9.9165888306e-01,0.0000000000e+00,-1.7425144805e-04,5.2323461191e-03,3.0853043877e+00
75096,2025-05-12 18:45:00,0.938079,77.316862,54.675301,-0.002 1 + 0.002 theta + 0.817 omega + 0.003 theta omega + -1.390 omega^2 + 0.001 theta^2 omega + -0.060 theta omega^2 + -0.907 omega^3,-0.004 1 + 0.004 theta + -0.358 omega + 0.007 theta omega + -2.741 omega^2 + 0.001 theta^2 omega + -0.119 theta omega^2 + -1.786 omega^3,-3.8154076914e-03,3.5895972590e-03,-3.5779217614e-01,2.5334372951e-04,6.8811071803e-03,-2.7407866318e+00,3.4158141843e-06,1.1574679122e-03,-1.1874979453e-01,-1.7855707939e+00
75097,2025-05-12 18:50:00,0.103968,4.045781,2.861743,-0.002 theta + 1.007 omega + -0.001 theta^2 + -0.012 theta omega + -0.260 omega^2 + -0.002 theta^2 omega + -0.058 theta omega^2 + -2.701 omega^3,-0.005 theta + 0.015 omega + -0.002 theta^2 + -0.025 theta omega + -0.529 omega^2 + -0.004 theta^2 omega + -0.120 theta omega^2 + -5.443 omega^3,-1.5749240532e-05,-5.0057222588e-03,1.5347359239e-02,-2.3983267807e-03,-2.4778571984e-02,-5.2912514970e-01,-2.6550842455e-04,-4.0792788328e-03,-1.2012735451e-01,-5.4425812065e+00
75098,2025-05-12 18:55:00,nan,nan,nan,0.002 1 + 0.001 theta + 0.940 omega + 0.025 theta omega + 0.031 omega^2 + -0.002 theta^2 omega + 0.014 theta omega^2 + 0.302 omega^3,0.004 1 + 0.001 theta + -0.121 omega + -0.001 theta^2 + 0.052 theta omega + 0.056 omega^2 + -0.005 theta^2 omega + 0.027 theta omega^2 + 0.593 omega^3,3.8357060121e-03,1.0948237575e-03,-1.2120640121e-01,-9.1032986799e-04,5.2298014691e-02,5.5761467245e-02,7.7467689771e-05,-4.8847386142e-03,2.7369136418e-02,5.9296827231e-01
75099,2025-05-12 19:00:00,0.071313,2.268338,1.604750,0.002 1 + -0.003 theta + 0.984 omega + 0.001 theta^2 + 0.012 theta omega + 0.538 omega^2 + -0.001 theta^2 omega + -0.104 theta omega^2 + -1.220 omega^3,0.003 1 + -0.006 theta + -0.029 omega + 0.002 theta^2 + 0.022 theta omega + 1.103 omega^2 + -0.002 theta^2 omega + -0.211 theta omega^2 + -2.181 omega^3,3.1626253542e-03,-6.1850172315e-03,-2.8609109316e-02,1.7883306771e-03,2.1799900934e-02,1.1029819773e+00,-1.2823157212e-04,-2.0465099153e-03,-2.1105988099e-01,-2.1814868446e+00
75100,2025-05-12 19:05:00,0.160251,6.415945,4.538173,-0.013 1 + -0.002 theta + 0.881 omega + -0.014 theta omega + -0.038 omega^2 + 0.003 theta omega^2 + 0.050 omega^3,-0.026 1 + -0.004 theta + -0.229 omega + -0.026 theta omega + -0.061 omega^2 + -0.001 theta^2 omega + 0.006 theta omega^2 + 0.086 omega^3,-2.5742777706e-02,-3.6256033371e-03,-2.2871278748e-01,-1.7068250244e-04,-2.6353524874e-02,-6.1344636846e-02,-3.1724867824e-06,-7.6958668581e-04,6.2073652511e-03,8.5713247097e-02
75101,2025-05-12 19:10:00,0.085648,2.424565,1.715496,-0.001 1 + 0.991 omega + 0.001 theta omega + -0.010 omega^2 + 0.001 theta^2 omega + -0.024 theta omega^2 + 0.625 omega^3,-0.001 1 + -0.016 omega + 0.002 theta omega + -0.035 omega^2 + 0.002 theta^2 omega + -0.055 theta omega^2 + 1.218 omega^3,-1.2384238478e-03,-3.7680768187e-05,-1.5696278823e-02,-3.5362564573e-04,2.2769940032e-03,-3.5005479718e-02,-1.3699765726e-04,1.9284391538e-03,-5.4872476441e-02,1.2184267187e+00
75102,2025-05-12 19:15:00,0.056842,1.382396,0.978328,0.002 1 + 0.997 omega + 0.002 theta omega + -0.072 omega^2 + -0.045 theta omega^2 + -0.060 omega^3,0.004 1 + -0.003 omega + -0.001 theta^2 + 0.004 theta omega + -0.161 omega^2 + 0.001 theta^2 omega + -0.094 theta omega^2 + -0.268 omega^3,3.6211032865e-03,4.5765779520e-04,-3.0997342340e-03,-7.6580892063e-04,4.2168060534e-03,-1.6120329179e-01,-1.1958537531e-04,6.6045819741e-04,-9.4179843258e-02,-2.6782828380e-01
75103,2025-05-12 19:20:00,0.112672,3.536763,2.502138,-0.001 1 + -0.001 theta + 1.007 omega + 0.004 theta omega + 0.040 omega^2 + 0.001 theta^2 omega + 0.023 theta omega^2 + -0.125 omega^3,-0.001 1 + -0.001 theta + 0.017 omega + 0.008 theta omega + 0.082 omega^2 + 0.001 theta^2 omega + 0.047 theta omega^2 + -0.311 omega^3,-1.3434473781e-03,-1.1655989196e-03,1.6721145640e-02,-2.0851572989e-04,7.7321374164e-03,8.2260410992e-02,-4.3972196594e-05,1.3337704887e-03,4.7455354143e-02,-3.1107050341e-01
75104,2025-05-12 19:25:00,0.114282,5.730675,4.053004,-0.005 1 + -0.004 theta + 0.948 omega + -0.001 theta^2 + -0.024 theta omega + -0.271 omega^2 + -0.002 theta^2 omega + -0.053 theta omega^2 + -0.979 omega^3,-0.010 1 + -0.008 theta + -0.101 omega + -0.001 theta^2 + -0.047 theta omega + -0.532 omega^2 + -0.003 theta^2 omega + -0.104 theta omega^2 + -1.912 omega^3,-1.0004837893e-02,-7.5218740703e-03,-1.0089366562e-01,-1.4009824959e-03,-4.6625631064e-02,-5.3158652030e-01,-7.2287878588e-05,-3.3656136211e-03,-1.0377400393e-01,-1.9116752910e+00
75105,2025-05-12 19:30:00,0.078353,3.109404,2.199379,0.001 1 + 1.035 omega + 0.014 theta omega + -0.331 omega^2 + 0.001 theta^2 omega + -0.007 theta omega^2 + -3.314 omega^3,0.001 1 + -0.001 theta + 0.072 omega + 0.029 theta omega + -0.687 omega^2 + 0.003 theta^2 omega + -0.018 theta omega^2 + -6.667 omega^3,1.1780173295e-03,-7.1620788144e-04,7.1827699875e-02,-2.8603463129e-04,2.9014847645e-02,-6.8733547227e-01,-2.2227891550e-05,2.5241555245e-03,-1.7681928339e-02,-6.6670197146e+00
75106,2025-05-12 19:35:00,nan,nan,nan,-0.001 1 + 0.982 omega + -0.011 theta omega + 0.061 omega^2 + -0.066 theta omega^2 + 1.458 omega^3,-0.002 1 + -0.001 theta + -0.033 omega + -0.023 theta omega + 0.123 omega^2 + -0.123 theta omega^2 + 2.426 omega^3,-1.8820909719e-03,-7.3096213474e-04,-3.2637241649e-02,4.4110590071e-05,-2.3385938343e-02,1.2253718688e-01,0.0000000000e+00,2.5756215007e-04,-1.2282110452e-01,2.4262231482e+00
75107,2025-05-12 19:40:00,nan,nan,nan,0.010 1 + -0.003 theta + 0.890 omega + 0.019 theta omega + 0.288 omega^2 + -0.064 theta omega^2 + 0.805 omega^3,0.019 1 + -0.005 theta + -0.221 omega + 0.038 theta omega + 0.586 omega^2 + -0.001 theta^2 omega + -0.129 theta omega^2 + 1.611 omega^3,1.9253059090e-02,-5.0253925780e-03,-2.2096391980e-01,3.5832964321e-04,3.7973005957e-02,5.8645610030e-01,-8.9786545747e-06,-5.3051074719e-04,-1.2860662785e-01,1.6114419528e+00
75108,2025-05-12 19:45:00,0.123758,18.897483,13.362825,0.015 1 + -0.005 theta + 0.827 omega + 0.050 theta omega + 0.414 omega^2 + -0.003 theta^2 omega + -0.048 theta omega^2 + -0.870 omega^3,0.030 1 + -0.009 theta + -0.349 omega + 0.001 theta^2 + 0.101 theta omega + 0.842 omega^2 + -0.006 theta^2 omega + -0.099 theta omega^2 + -1.725 omega^3,3.0173471150e-02,-9.4325476057e-03,-3.4859477968e-01,6.2030699278e-04,1.0130097643e-01,8.4228462466e-01,4.9681639831e-06,-6.1241359468e-03,-9.8917816059e-02,-1.7246636937e+00
75109,2025-05-12 19:50:00,nan,nan,nan,0.002 1 + 0.001 theta + 1.006 omega + -0.003 theta omega + -0.510 omega^2 + 0.043 theta omega^2 + 0.151 omega^3,0.006 1 + 0.001 theta + -0.013 omega + 0.001 theta omega + -0.746 omega^2 + 0.052 theta omega^2 + 0.091 omega^3,5.9314286492e-03,6.0217163420e-04,-1.3468891676e-02,-7.6239558577e-05,6.3490604234e-04,-7.4586822353e-01,0.0000000000e+00,3.8199958518e-05,5.2273796658e-02,9.1145221379e-02
75110,2025-05-12 19:55:00,nan,nan,nan,1.003 omega + -0.002 theta omega + -0.048 omega^2 + 0.012 theta omega^2 + 0.071 omega^3,0.003 1 + -0.008 theta + -0.008 omega + 0.002 theta^2 + -0.001 theta omega + 0.539 omega^2 + -0.084 theta omega^2 + 1.114 omega^3,3.1438547297e-03,-8.2377290152e-03,-8.0142094708e-03,1.9094630526e-03,-7.2492356344e-04,5.3907497473e-01,-1.0990928843e-04,5.1057788441e-05,-8.3992094365e-02,1.1136219094e+00
75111,2025-05-12 20:00:00,nan,nan,nan,-0.001 theta + 1.049 omega + -0.005 theta omega + 0.563 omega^2 + 0.013 theta omega^2 + 1.331 omega^3,-0.003 1 + -0.002 theta + 0.006 omega + -0.010 theta omega + 0.527 omega^2 + -0.021 theta omega^2 + 2.937 omega^3,-3.1763396924e-03,-1.5246648290e-03,6.3944746578e-03,-7.5598212145e-05,-1.0090112045e-02,5.2702606873e-01,0.0000000000e+00,-3.4322681512e-04,-2.1117024816e-02,2.9368703934e+00
75112,2025-05-12 20:05:00,0.168828,5.252278,3.715839,-0.059 1 + -0.007 theta + 0.459 omega + -0.052 theta omega + -1.355 omega^2 + -0.001 theta^2 omega + -0.092 theta omega^2 + -0.475 omega^3,-0.117 1 + -0.014 theta + -1.085 omega + -0.104 theta omega + -2.705 omega^2 + -0.002 theta^2 omega + -0.185 theta omega^2 + -0.918 omega^3,-1.1749020029e-01,-1.3577743123e-02,-1.0845540425e+00,-4.2241318463e-04,-1.0368250202e-01,-2.7054451606e+00,-2.9318253607e-06,-2.0090752537e-03,-1.8526183647e-01,-9.1803048889e-01
75113,2025-05-12 20:10:00,nan,nan,nan,0.002 1 + 0.002 theta + 0.966 omega + -0.002 theta omega + -0.408 omega^2 + -0.066 theta omega^2 + 2.192 omega^3,0.004 1 + 0.003 theta + -0.063 omega + 0.001 theta^2 + -0.005 theta omega + -0.756 omega^2 + -0.131 theta omega^2 + 4.535 omega^3,4.4573050497e-03,3.3786121246e-03,-6.3084884729e-02,5.7571739570e-04,-4.7519441344e-03,-7.5610144691e-01,2.6955926710e-05,1.9365111834e-04,-1.3070018891e-01,4.5346986623e+00
75114,2025-05-12 20:15:00,nan,nan,nan,0.003 1 + 0.002 theta + 1.043 omega + 0.017 theta omega + 0.557 omega^2 + 0.010 theta omega^2 + 2.936 omega^3,-0.001 1 + 0.003 theta + -0.046 omega + 0.025 theta omega + 0.329 omega^2 + 0.001 theta^2 omega + -0.003 theta omega^2 + 4.754 omega^3,-1.3219349108e-03,3.4369014055e-03,-4.5919761154e-02,8.7999519352e-05,2.5140691747e-02,3.2874942093e-01,0.0000000000e+00,6.4536061881e-04,-2.8554774346e-03,4.7542302376e+00
75115,2025-05-12 20:20:00,0.049022,3.146281,2.225027,-0.001 1 + 0.997 omega + 0.008 theta omega + -0.011 omega^2 + 0.014 theta omega^2 + 1.254 omega^3,-0.002 1 + -0.001 theta + -0.031 omega + 0.007 theta omega + -1.265 omega^2 + 0.088 theta omega^2 + -7.524 omega^3,-1.6458299311e-03,-8.9725990788e-04,-3.1134816875e-02,-5.9922105777e-05,6.7578795926e-03,-1.2649623935e+00,0.0000000000e+00,-4.2272434007e-04,8.7947558903e-02,-7.5241190133e+00
75116,2025-05-12 20:25:00,0.165123,13.886904,9.820218,-0.010 1 + -0.002 theta + 0.885 omega + -0.029 theta omega + -0.307 omega^2 + -0.049 theta omega^2 + -1.093 omega^3,-0.020 1 + -0.005 theta + -0.167 omega + -0.051 theta omega + -0.313 omega^2 + -0.002 theta^2 omega + 0.027 theta omega^2 + -4.828 omega^3,-2.0199610795e-02,-4.9882726820e-03,-1.6741832174e-01,0.0000000000e+00,-5.1415766377e-02,-3.1299449764e-01,4.6196136850e-06,-1.5285905971e-03,2.6508675191e-02,-4.8278228252e+00
75117,2025-05-12 20:30:00,0.055827,1.323567,0.936735,-0.100 1 + -0.006 theta + 0.257 omega + -0.033 theta omega + -1.129 omega^2 + -0.041 theta omega^2 + 0.961 omega^3,-0.200 1 + -0.011 theta + -1.478 omega + -0.065 theta omega + -2.198 omega^2 + -0.001 theta^2 omega + -0.081 theta omega^2 + 2.067 omega^3,-1.9958479053e-01,-1.1181742755e-02,-1.4775806667e+00,-1.7149391636e-04,-6.4976012491e-02,-2.1981110574e+00,-6.4841197172e-07,-5.4874942383e-04,-8.1043177292e-02,2.0669006452e+00
75118,2025-05-12 20:35:00,0.007610,0.469108,0.331753,0.002 1 + -0.001 theta + 1.039 omega + -0.008 theta omega + -0.155 omega^2 + -0.001 theta^2 omega + 0.024 theta omega^2 + -2.393 omega^3,0.005 1 + -0.003 theta + 0.081 omega + -0.017 theta omega + -0.383 omega^2 + -0.001 theta^2 omega + 0.039 theta omega^2 + -4.756 omega^3,5.2111155754e-03,-3.1649550841e-03,8.0666391954e-02,-1.4745282919e-04,-1.6790157503e-02,-3.8262877234e-01,0.0000000000e+00,-1.0691682526e-03,3.8808117750e-02,-4.7557102783e+00
75119,2025-05-12 20:40:00,0.060262,2.860900,2.023410,-0.003 1 + -0.003 theta + 1.087 omega + 0.010 theta omega + -0.044 omega^2 + -0.004 theta omega^2 + -0.835 omega^3,-0.005 1 + 0.150 omega + -0.005 theta omega + -0.380 omega^2 + 0.021 theta omega^2 + -0.476 omega^3,-5.0532833666e-03,-2.9704649986e-04,1.4973051346e-01,1.1855045663e-05,-5.3704186579e-03,-3.8028653275e-01,0.0000000000e+00,-3.6920422110e-06,2.0782367165e-02,-4.7603887448e-01
75120,2025-05-12 20:45:00,0.108471,15.131101,10.699579,-0.004 1 + -0.001 theta + 0.917 omega + -0.027 theta omega + -0.197 omega^2 + -0.092 theta omega^2 + 1.009 omega^3,-0.009 1 + -0.002 theta + -0.164 omega + -0.053 theta omega + -0.365 omega^2 + -0.001 theta^2 omega + -0.174 theta omega^2 + 1.916 omega^3,-9.0480946918e-03,-2.2912852389e-03,-1.6363431787e-01,7.4312988478e-05,-5.2900608641e-02,-3.6504691226e-01,6.2304256735e-06,-9.5137740095e-04,-1.7401851110e-01,1.9163806317e+00
75121,2025-05-12 20:50:00,0.126950,5.632534,3.983815,-0.003 1 + 0.998 omega + 0.001 theta omega + 0.085 omega^2 + -0.010 theta omega^2 + -0.119 omega^3,-0.006 1 + 0.001 theta + -0.002 omega + 0.001 theta omega + 0.172 omega^2 + 0.001 theta^2 omega + -0.019 theta omega^2 + -0.258 omega^3,-5.7374475397e-03,9.4374494971e-04,-2.1173494345e-03,1.5693467657e-04,1.4012413532e-03,1.7235332382e-01,-4.1714880929e-05,5.6059544358e-04,-1.9253479620e-02,-2.5770027397e-01
75122,2025-05-12 20:55:00,0.108821,9.709859,6.866338,-0.023 1 + -0.002 theta + 0.690 omega + -0.025 theta omega + -0.886 omega^2 + -0.061 theta omega^2 + 0.370 omega^3,-0.046 1 + -0.004 theta + -0.610 omega + -0.049 theta omega + -1.768 omega^2 + -0.001 theta^2 omega + -0.121 theta omega^2 + 0.722 omega^3,-4.5574321771e-02,-3.5584740972e-03,-6.0953443598e-01,-2.1853714604e-08,-4.9087665811e-02,-1.7682490964e+00,2.7325910999e-06,-6.6142316776e-04,-1.2121699497e-01,7.2242992097e-01
75123,2025-05-12 21:00:00,1.336167,9.733847,6.947414,0.226 1 + 0.020 theta + 2.157 omega + 0.086 theta omega + 0.403 omega^2 + 0.002 theta^2 omega + 0.003 theta omega^2 + -0.900 omega^3,0.537 1 + 0.051 theta + 3.062 omega + 0.001 theta^2 + 0.235 theta omega + 2.781 omega^2 + 0.004 theta^2 omega + 0.082 theta omega^2 + -0.461 omega^3,5.3700907369e-01,5.0810114634e-02,3.0622618181e+00,1.3124064065e-03,2.3460694566e-01,2.7811515966e+00,6.1164737302e-06,4.4932917687e-03,8.1916751839e-02,-4.6135611525e-01
75124,2025-05-12 21:05:00,0.010810,0.270483,0.191413,0.002 1 + 0.999 omega + -0.003 theta omega + -0.205 omega^2 + 0.036 theta omega^2 + 0.691 omega^3,-0.002 1 + -0.001 theta + 0.014 omega + -0.004 theta omega + 0.157 omega^2 + 0.006 theta omega^2 + -1.315 omega^3,-2.1923407812e-03,-5.6144421317e-04,1.3548531665e-02,3.5981709889e-04,-4.1219404205e-03,1.5669259574e-01,-3.2293348370e-05,1.2874513410e-04,6.3690949315e-03,-1.3148512402e+00
75125,2025-05-12 21:10:00,0.066310,5.414127,3.828653,-0.001 1 + -0.001 theta + 1.002 omega + 0.005 theta omega + -0.248 omega^2 + -0.036 theta omega^2 + 0.575 omega^3,-0.002 1 + -0.002 theta + 0.007 omega + -0.001 theta^2 + 0.013 theta omega + -0.452 omega^2 + 0.001 theta^2 omega + -0.065 theta omega^2 + 1.460 omega^3,-1.9220994010e-03,-2.4333979868e-03,7.1712473867e-03,-5.0929948253e-04,1.2688606992e-02,-4.5230145259e-01,-2.8031765740e-05,1.0672686812e-03,-6.5366838286e-02,1.4596167404e+00
75126,2025-05-12 21:15:00,0.042418,1.135252,0.803305,-0.004 1 + 0.001 theta + 0.982 omega + 0.001 theta^2 + -0.007 theta omega + 0.846 omega^2 + -0.001 theta^2 omega + 0.179 theta omega^2 + 1.963 omega^3,-0.007 1 + 0.001 theta + -0.034 omega + 0.001 theta^2 + -0.014 theta omega + 1.644 omega^2 + -0.003 theta^2 omega + 0.348 theta omega^2 + 3.959 omega^3,-6.9019918524e-03,1.1210300796e-03,-3.4384016566e-02,1.1208670849e-03,-1.3751531901e-02,1.6440821465e+00,1.0944440410e-04,-2.5700445966e-03,3.4847053481e-01,3.9591186744e+00
75127,2025-05-12 21:20:00,0.365344,33.103250,23.408958,0.021 1 + -0.002 theta + 0.629 omega + -0.001 theta^2 + 0.113 theta omega + 0.449 omega^2 + -0.008 theta^2 omega + -0.032 theta omega^2 + -2.923 omega^3,0.041 1 + -0.003 theta + -0.726 omega + -0.002 theta^2 + 0.223 theta omega + 0.794 omega^2 + -0.017 theta^2 omega + -0.051 theta omega^2 + -5.769 omega^3,4.1304349994e-02,-3.2134491647e-03,-7.2584518410e-01,-1.6405578899e-03,2.2302959289e-01,7.9392233443e-01,1.7234503731e-04,-1.6645699255e-02,-5.1358168382e-02,-5.7690481714e+00
75128,2025-05-12 21:25:00,0.083058,3.545485,2.507724,-0.001 theta + 0.957 omega + -0.008 theta omega + -0.471 omega^2 + -0.059 theta omega^2 + -0.604 omega^3,-0.001 1 + -0.001 theta + -0.100 omega + -0.020 theta omega + -1.002 omega^2 + -0.001 theta^2 omega + -0.125 theta omega^2 + -1.290 omega^3,-1.1656973369e-03,-1.3673340539e-03,-9.9588103682e-02,-3.3214710360e-04,-2.0059001244e-02,-1.0023269833e+00,-2.1645619662e-05,-8.6047356317e-04,-1.2452425208e-01,-1.2900233651e+00
75129,2025-05-12 21:30:00,nan,nan,nan,-0.001 1 + -0.001 theta + 1.014 omega + 0.005 theta omega + 0.035 omega^2 + 0.001 theta^2 omega + 0.029 theta omega^2 + -0.498 omega^3,-0.002 1 + -0.001 theta + 0.030 omega + 0.010 theta omega + 0.067 omega^2 + 0.001 theta^2 omega + 0.060 theta omega^2 + -1.067 omega^3,-1.9272619021e-03,-1.1716408008e-03,2.9731449761e-02,1.2808223077e-04,9.5980147381e-03,6.7094071871e-02,-4.9742009734e-06,1.2102826330e-03,5.9924573805e-02,-1.0671991212e+00
75130,2025-05-12 21:35:00,0.058490,2.411497,1.705687,-0.001 theta + 1.007 omega + -0.005 theta omega + 0.373 omega^2 + 0.001 theta omega^2 + -1.443 omega^3,-0.003 theta + 0.016 omega + 0.001 theta^2 + -0.010 theta omega + 0.753 omega^2 + 0.003 theta omega^2 + -3.025 omega^3,-6.6320732159e-06,-2.6594838455e-03,1.5786746834e-02,5.7446733866e-04,-1.0382394585e-02,7.5336441411e-01,-2.6957418741e-05,-3.6168749911e-05,3.3506193440e-03,-3.0254117926e+00
75131,2025-05-12 21:40:00,nan,nan,nan,0.001 1 + -0.001 theta + 0.996 omega + 0.001 theta omega + -0.199 omega^2 + 0.869 omega^3,-0.004 1 + -0.001 theta + 0.032 omega + -0.002 theta omega + -0.499 omega^2 + 0.004 theta omega^2 + 1.831 omega^3,-4.1011938003e-03,-1.3143615580e-03,3.1540768309e-02,1.8870324897e-04,-1.6873458618e-03,-4.9883655107e-01,-5.4916904806e-06,2.1763411253e-05,4.3770030172e-03,1.8306258153e+00
75132,2025-05-12 21:45:00,nan,nan,nan,0.982 omega + 0.001 theta omega + -0.030 omega^2 + 0.001 theta^2 omega + -0.001 theta omega^2 + 1.044 omega^3,0.001 theta + -0.035 omega + 0.002 theta omega + -0.036 omega^2 + 0.002 theta^2 omega + -0.011 theta omega^2 + 2.038 omega^3,-3.7109518511e-04,5.3963110281e-04,-3.4773584553e-02,4.2837669172e-04,1.6754408180e-03,-3.5878597694e-02,-1.6450986380e-04,1.6635985515e-03,-1.0634177713e-02,2.0379334275e+00
75133,2025-05-12 21:50:00,nan,nan,nan,-0.002 theta + 1.008 omega + 0.001 theta^2 + -0.005 theta omega + -0.011 omega^2 + -0.036 theta omega^2 + 0.945 omega^3,-0.004 theta + 0.018 omega + 0.002 theta^2 + -0.010 theta omega + -0.025 omega^2 + -0.074 theta omega^2 + 1.823 omega^3,-1.1357370547e-04,-4.2168447671e-03,1.8015320833e-02,2.2386281203e-03,-9.9778006698e-03,-2.5389828666e-02,-3.0357757133e-04,-2.2756564118e-04,-7.3616981711e-02,1.8233496206e+00
75134,2025-05-12 21:55:00,nan,nan,nan,0.003 1 + 0.998 omega + 0.001 theta omega + -0.168 omega^2 + -0.022 theta omega^2 + 0.173 omega^3,0.005 1 + -0.002 omega + 0.002 theta omega + -0.329 omega^2 + -0.044 theta omega^2 + 0.320 omega^3,5.1353253756e-03,-4.3963302955e-04,-2.3633229438e-03,-3.9912124925e-04,1.8618871998e-03,-3.2878473450e-01,-2.9857286276e-05,1.5077505340e-04,-4.3805461982e-02,3.2037021735e-01
75135,2025-05-12 22:00:00,0.086067,9.666703,6.835662,0.024 1 + -0.002 theta + 1.559 omega + -0.012 theta omega + 3.145 omega^2 + -0.001 theta^2 omega + 0.080 theta omega^2 + 0.599 omega^3,-0.005 1 + -0.001 theta + -0.123 omega + -0.008 theta omega + -1.067 omega^2 + -0.018 theta omega^2 + -1.928 omega^3,-4.5699913123e-03,-1.1429555993e-03,-1.2321704915e-01,-2.8994810301e-05,-7.7354403146e-03,-1.0674394242e+00,0.0000000000e+00,-1.3347922918e-04,-1.7897901424e-02,-1.9277051419e+00
75136,2025-05-12 22:05:00,0.084519,3.599491,2.545926,0.006 1 + 0.003 theta + 1.036 omega + 0.010 theta omega + 0.156 omega^2 + 0.027 theta omega^2 + 0.595 omega^3,0.013 1 + 0.006 theta + 0.075 omega + 0.001 theta^2 + 0.019 theta omega + 0.300 omega^2 + 0.001 theta^2 omega + 0.053 theta omega^2 + 1.101 omega^3,1.2828114898e-02,5.6354319042e-03,7.5236798567e-02,7.0601387547e-04,1.9394143741e-02,3.0002443675e-01,2.4743960862e-05,8.9792693309e-04,5.3043720552e-02,1.1012879840e+00
75137,2025-05-12 22:10:00,nan,nan,nan,-0.002 1 + 0.002 theta + 1.038 omega + 0.008 theta omega + 0.357 omega^2 + 0.025 theta omega^2 + 0.368 omega^3,-0.003 1 + 0.004 theta + 0.078 omega + 0.001 theta^2 + 0.017 theta omega + 0.731 omega^2 + 0.001 theta^2 omega + 0.050 theta omega^2 + 0.755 omega^3,-3.1958149761e-03,4.2047834614e-03,7.7598328926e-02,7.0949944685e-04,1.6637210184e-02,7.3077390020e-01,2.7409355861e-05,7.7592869468e-04,4.9727911348e-02,7.5540174156e-01
75138,2025-05-12 22:15:00,3.036640,25.495600,18.155534,0.002 theta + 1.070 omega + -0.008 theta omega + -0.834 omega^2 + 0.083 theta omega^2 + -0.747 omega^3,-0.001 1 + 0.003 theta + 0.148 omega + -0.019 theta omega + -1.675 omega^2 + 0.166 theta omega^2 + -1.440 omega^3,-1.0574508524e-03,3.3457443598e-03,1.4806515493e-01,-3.3648659730e-04,-1.8847597970e-02,-1.6752749618e+00,5.2119306689e-07,4.8720293856e-04,1.6554853851e-01,-1.4396848174e+00
75139,2025-05-12 22:20:00,0.070903,1.880209,1.330453,0.001 1 + -0.001 theta + 1.012 omega + 0.001 theta omega + -0.129 omega^2 + -0.037 theta omega^2 + -0.828 omega^3,0.001 1 + -0.002 theta + 0.024 omega + -0.001 theta^2 + 0.002 theta omega + -0.251 omega^2 + 0.001 theta^2 omega + -0.071 theta omega^2 + -1.624 omega^3,1.2171923696e-03,-2.3323431228e-03,2.3856921331e-02,-8.6621947329e-04,1.7986574352e-03,-2.5081021339e-01,-8.8142363639e-05,6.8433165618e-04,-7.1048277597e-02,-1.6237851568e+00
75140,2025-05-12 22:25:00,0.046451,1.784436,1.262214,0.002 1 + 0.002 theta + 0.991 omega + -0.004 theta omega + -0.083 omega^2 + -0.001 theta^2 omega + -0.049 theta omega^2 + 0.453 omega^3,0.005 1 + 0.003 theta + -0.015 omega + 0.001 theta^2 + -0.008 theta omega + -0.149 omega^2 + -0.001 theta^2 omega + -0.093 theta omega^2 + 0.786 omega^3,4.6053966143e-03,3.1652954931e-03,-1.5198656309e-02,5.6177068773e-04,-7.9559947411e-03,-1.4865375568e-01,2.5199247680e-05,-1.4087973931e-03,-9.2784348580e-02,7.8600529660e-01
75141,2025-05-12 22:30:00,nan,nan,nan,0.002 1 + -0.001 theta + 1.002 omega + -0.002 theta omega + 0.007 omega^2 + 0.223 omega^3,0.004 1 + -0.003 theta + 0.006 omega + 0.001 theta^2 + -0.004 theta omega + 0.018 omega^2 + -0.001 theta omega^2 + 0.406 omega^3,3.6957183291e-03,-2.8830039323e-03,6.0706576598e-03,7.8597459194e-04,-3.9294462723e-03,1.7689507489e-02,-9.7743675806e-05,2.9172506215e-04,-1.4392367406e-03,4.0592439711e-01
75142,2025-05-12 22:35:00,nan,nan,nan,0.051 1 + 0.010 theta + 1.366 omega + 0.001 theta^2 + 0.050 theta omega + 0.827 omega^2 + 0.002 theta^2 omega + 0.040 theta omega^2 + 1.258 omega^3,0.105 1 + 0.021 theta + 0.757 omega + 0.001 theta^2 + 0.103 theta omega + 1.723 omega^2 + 0.003 theta^2 omega + 0.086 theta omega^2 + 2.630 omega^3,1.0512520090e-01,2.0949381899e-02,7.5668824679e-01,1.2615785705e-03,1.0308596582e-01,1.7233870127e+00,2.2969867551e-05,3.4053600356e-03,8.5717693826e-02,2.6296769464e+00
75143,2025-05-12 22:40:00,0.073132,5.630575,3.981754,0.014 1 + -0.004 theta + 0.875 omega + 0.038 theta omega + 0.053 omega^2 + -0.003 theta^2 omega + -0.001 theta omega^2 + -0.649 omega^3,0.028 1 + -0.008 theta + -0.246 omega + 0.076 theta omega + 0.098 omega^2 + -0.005 theta^2 omega + -0.001 theta omega^2 + -1.273 omega^3,2.8478131261e-02,-7.5131410535e-03,-2.4557632941e-01,4.3411003309e-04,7.5647532400e-02,9.8451250717e-02,2.6977736595e-07,-5.0876144743e-03,-7.4951417798e-04,-1.2727286519e+00
75144,2025-05-12 22:45:00,0.283656,19.752652,13.968674,-0.001 theta + 1.018 omega + -0.001 theta omega + -0.011 omega^2 + 0.005 theta omega^2 + -0.034 omega^3,0.001 1 + -0.002 theta + 0.036 omega + -0.002 theta omega + -0.007 omega^2 + 0.009 theta omega^2 + -0.139 omega^3,7.3534672387e-04,-1.6895639963e-03,3.6011408397e-02,1.2404588100e-04,-1.5244588394e-03,-6.6302883992e-03,-2.3511678679e-06,-3.0019401369e-05,8.9727067808e-03,-1.3862123189e-01
75145,2025-05-12 22:50:00,0.072551,3.362019,2.377860,0.001 1 + -0.001 theta + 1.013 omega + -0.008 theta omega + -0.099 omega^2 + 0.001 theta^2 omega + 0.024 theta omega^2 + 0.519 omega^3,0.002 1 + -0.002 theta + 0.027 omega + 0.001 theta^2 + -0.015 theta omega + -0.159 omega^2 + 0.002 theta^2 omega + 0.044 theta omega^2 + 0.919 omega^3,1.6559201953e-03,-1.9272361355e-03,2.6973035478e-02,6.2709169476e-04,-1.5394557962e-02,-1.5903271825e-01,-6.0183552143e-05,1.5863462532e-03,4.3936868100e-02,9.1886184991e-01
75146,2025-05-12 22:55:00,0.017207,0.784480,0.554845,-0.001 1 + 1.010 omega + 0.002 theta omega + 0.102 omega^2 + 0.001 theta omega^2 + -0.706 omega^3,-0.002 1 + 0.020 omega + 0.004 theta omega + 0.205 omega^2 + 0.001 theta^2 omega + 0.007 theta omega^2 + -1.455 omega^3,-2.3710147014e-03,-2.0610996301e-04,2.0491576193e-02,-1.5306377135e-05,4.0111701834e-03,2.0516026346e-01,-5.5729143271e-06,5.6718634301e-04,6.7943892712e-03,-1.4546159500e+00
75147,2025-05-12 23:00:00,0.025821,1.712045,1.210737,0.001 1 + 1.006 omega + 0.002 theta omega + -0.120 omega^2 + 0.030 theta omega^2 + -0.824 omega^3,0.001 1 + -0.001 theta + 0.011 omega + 0.005 theta omega + -0.243 omega^2 + -0.001 theta^2 omega + 0.061 theta omega^2 + -1.569 omega^3,1.2218650589e-03,-6.8866666129e-04,1.0929998948e-02,-1.0794123022e-04,5.0878351719e-03,-2.4274380959e-01,0.0000000000e+00,-6.9314246143e-04,6.1336028520e-02,-1.5693301413e+00
75148,2025-05-12 23:05:00,nan,nan,nan,0.080 1 + 0.003 theta + 2.255 omega + 0.051 theta omega + 4.823 omega^2 + 0.227 theta omega^2 + -0.061 omega^3,0.162 1 + 0.005 theta + 2.510 omega + 0.104 theta omega + 9.382 omega^2 + -0.001 theta^2 omega + 0.454 theta omega^2 + -1.132 omega^3,1.6218524203e-01,5.4490232201e-03,2.5103941938e+00,-1.0478193395e-04,1.0431871309e-01,9.3816705767e+00,0.0000000000e+00,-6.9709049540e-04,4.5407649056e-01,-1.1323725660e+00
75149,2025-05-12 23:10:00,nan,nan,nan,0.008 1 + -0.002 theta + 0.971 omega + -0.004 theta omega + -0.610 omega^2 + -0.040 theta omega^2 + 0.436 omega^3,0.017 1 + -0.004 theta + -0.052 omega + -0.001 theta^2 + -0.007 theta omega + -1.232 omega^2 + -0.082 theta omega^2 + 0.891 omega^3,1.6881103476e-02,-3.8932214771e-03,-5.1782477798e-02,-6.9078937124e-04,-6.5113365335e-03,-1.2317456512e+00,-2.3786090582e-05,-2.1028621666e-04,-8.2219769607e-02,8.9093741862e-01
75150,2025-05-12 23:15:00,0.104681,12.917229,9.134160,0.018 1 + -0.004 theta + 0.816 omega + 0.039 theta omega + 0.345 omega^2 + -0.002 theta^2 omega + -0.025 theta omega^2 + -0.620 omega^3,0.038 1 + -0.010 theta + -0.379 omega + 0.001 theta^2 + 0.083 theta omega + 0.657 omega^2 + -0.004 theta^2 omega + -0.041 theta omega^2 + -1.493 omega^3,3.8088244596e-02,-9.5373170739e-03,-3.7865752457e-01,6.1129492150e-04,8.2604766346e-02,6.5663962858e-01,-6.1654338691e-06,-4.1507180056e-03,-4.0997120718e-02,-1.4925481422e+00
75151,2025-05-12 23:20:00,nan,nan,nan,0.016 1 + -0.007 theta + 0.793 omega + 0.001 theta^2 + 0.045 theta omega + 0.294 omega^2 + -0.003 theta^2 omega + -0.058 theta omega^2 + 2.753 omega^3,0.030 1 + -0.014 theta + -0.403 omega + 0.002 theta^2 + 0.088 theta omega + 0.580 omega^2 + -0.005 theta^2 omega + -0.118 theta omega^2 + 5.745 omega^3,2.9692382354e-02,-1.3988781213e-02,-4.0346035822e-01,2.2769615901e-03,8.7807662442e-02,5.8019777113e-01,-1.1946014715e-04,-5.0067658491e-03,-1.1801291218e-01,5.7451793949e+00
75152,2025-05-12 23:25:00,nan,nan,nan,-0.003 1 + -0.001 theta + 1.000 omega + 0.001 theta^2 + 0.141 omega^2 + 0.069 theta omega^2 + 0.073 omega^3,-0.007 1 + -0.001 theta + 0.001 omega + 0.001 theta^2 + 0.285 omega^2 + 0.139 theta omega^2 + 0.069 omega^3,-6.5658126669e-03,-1.3564492198e-03,1.0220605560e-03,1.1674014715e-03,-4.4729421784e-04,2.8465950317e-01,1.6911579758e-04,-2.9916110200e-04,1.3877092849e-01,6.9491285752e-02
75153,2025-05-12 23:30:00,nan,nan,nan,-0.003 1 + -0.001 theta + 0.965 omega + -0.011 theta omega + 0.069 omega^2 + -0.034 theta omega^2 + 1.148 omega^3,-0.005 1 + -0.001 theta + -0.067 omega + -0.022 theta omega + 0.107 omega^2 + -0.076 theta omega^2 + 2.006 omega^3,-5.1224861253e-03,-1.3617047247e-03,-6.6928288609e-02,-1.4061336429e-05,-2.1639051257e-02,1.0701970048e-01,0.0000000000e+00,-1.2143410237e-04,-7.5590946832e-02,2.0063669941e+00
75154,2025-05-12 23:35:00,0.095711,4.527157,3.201898,-0.001 1 + 1.006 omega + -0.001 theta omega + 0.154 omega^2 + 0.018 theta omega^2 + 0.361 omega^3,-0.002 1 + -0.001 theta + 0.012 omega + -0.002 theta omega + 0.314 omega^2 + 0.036 theta omega^2 + 0.724 omega^3,-2.3321657961e-03,-9.3333494212e-04,1.2238424000e-02,-8.3329071437e-05,-1.5952629784e-03,3.1399099862e-01,-1.9547470879e-06,-3.9657980190e-04,3.6017820837e-02,7.2428493440e-01
75155,2025-05-12 23:40:00,0.035570,1.556826,1.101129,0.003 1 + 0.979 omega + -0.002 theta omega + -0.165 omega^2 + -0.018 theta omega^2 + 0.443 omega^3,0.007 1 + 0.001 theta + -0.044 omega + -0.004 theta omega + -0.317 omega^2 + -0.034 theta omega^2 + 1.033 omega^3,6.9338379838e-03,9.8106194963e-04,-4.3807536991e-02,-7.2378496598e-05,-3.5327885360e-03,-3.1744472816e-01,-1.3064310014e-05,-5.0214986293e-05,-3.4444368251e-02,1.0325118860e+00
75156,2025-05-12 23:45:00,0.049153,1.935366,1.368952,0.001 1 + -0.001 theta + 1.041 omega + -0.001 theta omega + -0.346 omega^2 + 0.025 theta omega^2 + -0.664 omega^3,0.002 1 + -0.002 theta + 0.081 omega + -0.003 theta omega + -0.661 omega^2 + 0.048 theta omega^2 + -1.315 omega^3,1.5452194063e-03,-2.2717866425e-03,8.0942848225e-02,4.3214297560e-04,-2.6785808219e-03,-6.6138802546e-01,-1.9736362263e-05,-1.6455294508e-04,4.8439153646e-02,-1.3149258111e+00
75157,2025-05-12 23:50:00,0.025783,1.663413,1.176352,-0.001 theta + 1.016 omega + 0.010 theta omega + 0.105 omega^2 + 0.009 theta omega^2 + -2.442 omega^3,0.001 1 + -0.002 theta + 0.028 omega + 0.020 theta omega + 0.292 omega^2 + -0.001 theta^2 omega + 0.016 theta omega^2 + -5.115 omega^3,5.3050348247e-04,-1.8662502624e-03,2.8133955589e-02,4.3449872353e-05,1.9743081386e-02,2.9210241747e-01,9.8550774635e-07,-8.3345635111e-04,1.6376793187e-02,-5.1148930214e+00
75158,2025-05-12 23:55:00,0.076700,6.011923,4.251417,0.002 1 + 0.001 theta + 0.843 omega + -0.003 theta omega + 1.318 omega^2 + -0.053 theta omega^2 + -0.827 omega^3,0.003 1 + 0.002 theta + -0.313 omega + -0.006 theta omega + 2.656 omega^2 + 0.001 theta^2 omega + -0.107 theta omega^2 + -1.693 omega^3,3.1655070998e-03,1.6566176244e-03,-3.1281575689e-01,-4.8934240897e-05,-5.5354283203e-03,2.6559814995e+00,-1.6693825439e-06,9.2040159649e-04,-1.0745696124e-01,-1.6926291429e+00
75159,2025-05-13 00:00:00,0.014918,0.445243,0.315011,-0.016 1 + 0.003 theta + 1.184 omega + -0.025 theta omega + -0.959 omega^2 + 0.045 theta omega^2 + 2.480 omega^3,-0.029 1 + 0.006 theta + 0.285 omega + -0.056 theta omega + -1.054 omega^2 + 0.115 theta omega^2 + 2.246 omega^3,-2.9026357551e-02,6.3293543821e-03,2.8499216108e-01,-5.9661823600e-05,-5.6417979572e-02,-1.0535876229e+00,0.0000000000e+00,3.3691146522e-04,1.1545195524e-01,2.2464877629e+00
75160,2025-05-13 00:05:00,nan,nan,nan,-0.003 1 + 0.001 theta + 0.971 omega + 0.253 omega^2 + -0.025 theta omega^2 + -0.036 omega^3,-0.006 1 + 0.001 theta + -0.053 omega + 0.494 omega^2 + 0.001 theta^2 omega + -0.051 theta omega^2 + -0.013 omega^3,-5.9287643793e-03,1.3550115426e-03,-5.2802603799e-02,-5.7242597568e-05,-2.4661743186e-04,4.9371063953e-01,-1.2858118727e-06,5.5694000411e-04,-5.1051715764e-02,-1.2815792243e-02
75161,2025-05-13 00:10:00,nan,nan,nan,-0.013 1 + 0.002 theta + 1.143 omega + -0.017 theta omega + -0.488 omega^2 + 0.021 theta omega^2 + 0.737 omega^3,-0.023 1 + 0.003 theta + 0.214 omega + -0.025 theta omega + -0.526 omega^2 + 0.001 theta^2 omega + 0.020 theta omega^2 + 1.007 omega^3,-2.3242217673e-02,3.1177144335e-03,2.1376223936e-01,-9.3417102084e-05,-2.4889942480e-02,-5.2617857631e-01,0.0000000000e+00,6.6399024870e-04,1.9971746122e-02,1.0066414591e+00
75162,2025-05-13 00:15:00,0.175548,3.093984,2.191295,1.011 omega + 0.007 theta omega + -0.045 omega^2 + 0.001 theta^2 omega + -0.009 theta omega^2 + -0.214 omega^3,0.024 omega + 0.013 theta omega + -0.081 omega^2 + 0.001 theta^2 omega + -0.020 theta omega^2 + -0.520 omega^3,1.5331490148e-04,-4.9915123224e-04,2.4468720115e-02,-3.2902800078e-04,1.3202381788e-02,-8.0933128558e-02,-3.4258002654e-05,1.4296947542e-03,-1.9733064622e-02,-5.1989225172e-01
75163,2025-05-13 00:20:00,0.011754,0.224612,0.159042,0.001 1 + -0.001 theta + 1.023 omega + 0.001 theta omega + -0.106 omega^2 + 0.013 theta omega^2 + -0.650 omega^3,0.003 1 + -0.001 theta + 0.046 omega + 0.001 theta omega + -0.179 omega^2 + 0.028 theta omega^2 + -1.477 omega^3,2.6917791545e-03,-1.1011765818e-03,4.6077947192e-02,5.6166000961e-05,1.0903501818e-03,-1.7945986608e-01,-4.2056979176e-07,-2.2572241199e-04,2.8056406850e-02,-1.4770177080e+00
75164,2025-05-13 00:25:00,nan,nan,nan,0.003 1 + -0.001 theta + 0.955 omega + 0.008 theta omega + -0.209 omega^2 + -0.022 theta omega^2 + 2.884 omega^3,0.006 1 + -0.001 theta + -0.076 omega + 0.016 theta omega + -0.544 omega^2 + -0.043 theta omega^2 + 6.102 omega^3,5.9565058689e-03,-1.2382593942e-03,-7.5563822046e-02,6.3855622786e-05,1.5832322623e-02,-5.4416938871e-01,-1.0027638602e-06,-3.5557710976e-04,-4.3268342058e-02,6.1018469291e+00
75165,2025-05-13 00:30:00,0.156639,9.324509,6.594354,-0.002 1 + -0.001 theta + 0.992 omega + -0.001 theta omega + -0.234 omega^2 + -0.745 omega^3,-0.003 1 + -0.002 theta + -0.010 omega + -0.001 theta omega + -0.451 omega^2 + -1.488 omega^3,-2.7906620704e-03,-2.0841479553e-03,-9.9749430507e-03,-2.0539017722e-04,-6.8067844135e-04,-4.5075968297e-01,-5.9614804669e-06,-3.7593767687e-05,4.1087636639e-04,-1.4881878859e+00
75166,2025-05-13 00:35:00,0.048948,3.545992,2.507634,0.046 1 + -0.005 theta + 0.274 omega + 0.067 theta omega + 2.830 omega^2 + -0.001 theta^2 omega + -0.233 theta omega^2 + 0.133 omega^3,0.070 1 + -0.007 theta + -1.156 omega + 0.106 theta omega + 4.701 omega^2 + -0.001 theta^2 omega + -0.383 theta omega^2 + -0.263 omega^3,7.0387603822e-02,-6.9969107877e-03,-1.1562143418e+00,1.0189243404e-04,1.0616516400e-01,4.7010114569e+00,0.0000000000e+00,-9.4616824146e-04,-3.8327685276e-01,-2.6334785450e-01
75167,2025-05-13 00:40:00,0.108660,16.261565,11.498920,0.014 1 + -0.006 theta + 0.926 omega + 0.035 theta omega + -0.129 omega^2 + -0.004 theta^2 omega + 0.099 theta omega^2 + -3.183 omega^3,0.028 1 + -0.011 theta + -0.150 omega + 0.001 theta^2 + 0.070 theta omega + -0.236 omega^2 + -0.007 theta^2 omega + 0.184 theta omega^2 + -6.090 omega^3,2.7920048457e-02,-1.1045417000e-02,-1.4955395718e-01,9.1059058882e-04,6.9541440627e-02,-2.3645348513e-01,9.4047022364e-06,-7.2793983743e-03,1.8402517657e-01,-6.0898563208e+00
75168,2025-05-13 00:45:00,0.103374,5.939166,4.200260,-0.012 1 + 1.098 omega + -0.012 theta omega + 0.389 omega^2 + 0.004 theta omega^2 + -1.517 omega^3,-0.024 1 + -0.001 theta + 0.196 omega + -0.023 theta omega + 0.790 omega^2 + 0.008 theta omega^2 + -3.078 omega^3,-2.4253552097e-02,-6.0354958098e-04,1.9643679593e-01,2.2426591825e-04,-2.3290095324e-02,7.9003117627e-01,-6.4085464371e-06,4.8526856426e-04,7.9639278459e-03,-3.0779620261e+00
75169,2025-05-13 00:50:00,nan,nan,nan,-0.019 1 + 1.325 omega + -0.018 theta omega + -1.480 omega^2 + 0.033 theta omega^2 + 2.708 omega^3,-0.039 1 + 0.001 theta + 0.644 omega + -0.036 theta omega + -2.895 omega^2 + 0.065 theta omega^2 + 5.259 omega^3,-3.8751145257e-02,7.2926802444e-04,6.4393465393e-01,1.2769096551e-04,-3.5508414695e-02,-2.8952943364e+00,-3.5795651799e-06,4.5089498368e-04,6.4698302237e-02,5.2589693306e+00
75170,2025-05-13 00:55:00,0.238387,37.972998,26.851494,-0.005 1 + 1.036 omega + 0.001 theta omega + 0.229 omega^2 + -0.001 theta^2 omega + -0.003 theta omega^2 + -1.413 omega^3,-0.010 1 + -0.001 theta + 0.073 omega + 0.002 theta omega + 0.464 omega^2 + -0.002 theta^2 omega + -0.009 theta omega^2 + -2.840 omega^3,-9.6408450512e-03,-8.9722256857e-04,7.3247162786e-02,2.7812666677e-04,2.3420478022e-03,4.6368214673e-01,5.2270496168e-06,-1.5463239603e-03,-8.9439039606e-03,-2.8403623609e+00
75171,2025-05-13 01:00:00,0.039756,2.664721,1.884452,-0.001 theta + 1.101 omega + 0.006 theta omega + -1.152 omega^2 + -0.019 theta omega^2 + 3.503 omega^3,-0.001 1 + -0.001 theta + 0.203 omega + 0.008 theta omega + -2.333 omega^2 + -0.031 theta omega^2 + 7.231 omega^3,-5.2772568769e-04,-6.8444541904e-04,2.0347864334e-01,0.0000000000e+00,7.8789429717e-03,-2.3332149164e+00,0.0000000000e+00,2.4597717599e-05,-3.0988633881e-02,7.2312434695e+00
75172,2025-05-13 01:05:00,0.009671,0.369328,0.261244,-0.006 1 + 0.001 theta + 0.993 omega + -0.002 theta omega + 0.199 omega^2 + -0.026 theta omega^2 + 0.518 omega^3,-0.003 1 + 0.001 theta + 0.012 omega + 0.057 omega^2 + -0.017 theta omega^2 + -0.188 omega^3,-2.7341329810e-03,6.9171607882e-04,1.2370395192e-02,-4.2847983766e-05,-4.9138801401e-04,5.7200244699e-02,0.0000000000e+00,-1.8129422428e-05,-1.6587237073e-02,-1.8806244119e-01
75173,2025-05-13 01:10:00,nan,nan,nan,-0.011 1 + 0.006 theta + 1.286 omega + 0.001 theta^2 + 0.029 theta omega + 0.868 omega^2 + 0.001 theta^2 omega + 0.044 theta omega^2 + -1.033 omega^3,-0.018 1 + 0.013 theta + 0.594 omega + 0.001 theta^2 + 0.060 theta omega + 1.752 omega^2 + 0.002 theta^2 omega + 0.088 theta omega^2 + -2.136 omega^3,-1.7727754926e-02,1.3240397253e-02,5.9392739504e-01,1.1537664083e-03,5.9985467507e-02,1.7521945495e+00,2.3284111411e-05,1.5350780545e-03,8.7734776108e-02,-2.1357580588e+00
75174,2025-05-13 01:15:00,nan,nan,nan,-0.055 1 + -0.007 theta + 0.573 omega + -0.056 theta omega + -0.186 omega^2 + -0.002 theta^2 omega + -0.017 theta omega^2 + 0.056 omega^3,-0.109 1 + -0.015 theta + -0.860 omega + -0.113 theta omega + -0.401 omega^2 + -0.003 theta^2 omega + -0.038 theta omega^2 + 0.129 omega^3,-1.0949856896e-01,-1.4572283960e-02,-8.5987499978e-01,-4.4799357783e-04,-1.1323557253e-01,-4.0084920674e-01,-2.7164401431e-07,-3.3629753896e-03,-3.7616130653e-02,1.2913279887e-01
75175,2025-05-13 01:20:00,nan,nan,nan,0.001 1 + -0.001 theta + 0.994 omega + -0.004 theta omega + 0.068 omega^2 + -0.027 theta omega^2 + 0.389 omega^3,0.002 1 + -0.002 theta + -0.011 omega + 0.001 theta^2 + -0.009 theta omega + 0.129 omega^2 + 0.001 theta^2 omega + -0.052 theta omega^2 + 0.941 omega^3,1.7413642017e-03,-2.4801079337e-03,-1.1465245363e-02,7.3076826646e-04,-8.6621398119e-03,1.2900422072e-01,-4.5550446175e-05,8.9154677967e-04,-5.2479541355e-02,9.4080913175e-01
75176,2025-05-13 01:25:00,0.162504,6.903418,4.882806,-0.002 1 + 0.002 theta + 1.006 omega + -0.004 theta omega + 0.039 omega^2 + -0.001 theta^2 omega + -0.033 theta omega^2 + -0.359 omega^3,-0.005 1 + 0.003 theta + 0.016 omega + 0.001 theta^2 + -0.009 theta omega + 0.082 omega^2 + -0.002 theta^2 omega + -0.064 theta omega^2 + -0.791 omega^3,-4.6438816832e-03,2.9677264488e-03,1.5539561492e-02,6.0434427535e-04,-8.7494088612e-03,8.1985278450e-02,-2.1148141869e-05,-1.8613579992e-03,-6.4372448022e-02,-7.9089869619e-01
75177,2025-05-13 01:30:00,nan,nan,nan,-0.011 1 + 0.003 theta + 1.165 omega + -0.036 theta omega + -0.699 omega^2 + 0.001 theta^2 omega + 0.016 theta omega^2 + 3.815 omega^3,-0.011 1 + 0.003 theta + 0.112 omega + -0.030 theta omega + 0.154 omega^2 + 0.058 theta omega^2 + -1.903 omega^3,-1.0617596998e-02,2.9295313263e-03,1.1232385790e-01,-5.8404529257e-05,-2.9663118594e-02,1.5431738698e-01,0.0000000000e+00,4.0496951299e-04,5.8316308064e-02,-1.9025114723e+00
75178,2025-05-13 01:35:00,0.118013,2.356981,1.668725,0.023 1 + 0.605 omega + 0.012 theta omega + 1.589 omega^2 + -0.074 theta omega^2 + 0.518 omega^3,0.048 1 + -0.002 theta + -0.810 omega + 0.029 theta omega + 3.606 omega^2 + -0.166 theta omega^2 + -0.568 omega^3,4.7529341129e-02,-1.8970924744e-03,-8.0999624869e-01,4.4331542745e-05,2.8701476113e-02,3.6057691043e+00,-2.3913423234e-06,3.6540907584e-04,-1.6593957140e-01,-5.6753748886e-01
75179,2025-05-13 01:40:00,nan,nan,nan,0.003 1 + 0.001 theta + 0.999 omega + -0.021 theta omega + -0.181 omega^2 + 0.002 theta^2 omega + -0.015 theta omega^2 + 1.181 omega^3,0.006 1 + 0.003 theta + -0.002 omega + -0.043 theta omega + -0.367 omega^2 + 0.005 theta^2 omega + -0.026 theta omega^2 + 2.386 omega^3,5.5065103614e-03,2.8367847437e-03,-1.7994146377e-03,-2.5495824159e-04,-4.2822309590e-02,-3.6679743950e-01,-1.1869923852e-05,4.6518374264e-03,-2.5898520885e-02,2.3863013260e+00
75180,2025-05-13 01:45:00,0.134920,12.497435,8.837536,0.004 1 + -0.002 theta + 0.961 omega + 0.025 theta omega + 0.189 omega^2 + -0.001 theta^2 omega + -0.028 theta omega^2 + -1.614 omega^3,0.010 1 + -0.006 theta + -0.072 omega + 0.046 theta omega + 0.359 omega^2 + -0.001 theta^2 omega + -0.042 theta omega^2 + -2.744 omega^3,9.7937510099e-03,-5.9526975590e-03,-7.1992975087e-02,2.8560027198e-04,4.6226232516e-02,3.5903673308e-01,-3.1984224768e-06,-1.4292274283e-03,-4.1615287272e-02,-2.7438480049e+00
75181,2025-05-13 01:50:00,0.112342,3.969211,2.807780,0.019 1 + -0.005 theta + 0.785 omega + 0.045 theta omega + 0.293 omega^2 + -0.002 theta^2 omega + -0.017 theta omega^2 + -0.731 omega^3,0.038 1 + -0.010 theta + -0.431 omega + 0.001 theta^2 + 0.091 theta omega + 0.598 omega^2 + -0.004 theta^2 omega + -0.035 theta omega^2 + -1.496 omega^3,3.7906703683e-02,-1.0398318273e-02,-4.3070716349e-01,8.9488297238e-04,9.0513032349e-02,5.9804523217e-01,-2.7708767389e-05,-4.3290730188e-03,-3.4576438444e-02,-1.4962490816e+00
75182,2025-05-13 01:55:00,nan,nan,nan,0.001 1 + -0.002 theta + 1.007 omega + -0.006 theta omega + 0.238 omega^2 + -0.025 theta omega^2 + 0.194 omega^3,0.003 1 + -0.003 theta + 0.017 omega + -0.014 theta omega + 0.466 omega^2 + 0.001 theta^2 omega + -0.051 theta omega^2 + 0.470 omega^3,2.8902920918e-03,-3.2110519598e-03,1.6976693172e-02,4.9941802573e-04,-1.3579515279e-02,4.6596846129e-01,-2.0390885881e-05,8.6606638907e-04,-5.1180479978e-02,4.7013385557e-01
75183,2025-05-13 02:00:00,0.230868,14.882532,10.524805,0.001 1 + -0.003 theta + 1.004 omega + 0.004 theta omega + 0.328 omega^2 + -0.007 theta omega^2 + -0.625 omega^3,0.002 1 + -0.006 theta + 0.010 omega + 0.008 theta omega + 0.642 omega^2 + -0.014 theta omega^2 + -1.227 omega^3,1.5789553077e-03,-5.6164643403e-03,9.7868450631e-03,3.3907460666e-04,8.1517095535e-03,6.4186583870e-01,-5.4106399282e-06,-2.5099122642e-04,-1.4293566829e-02,-1.2271386669e+00
75184,2025-05-13 02:05:00,0.003970,0.169284,0.119735,1.014 omega + 0.002 theta omega + -0.060 omega^2 + 0.007 theta omega^2 + -0.104 omega^3,0.001 1 + -0.001 theta + 0.027 omega + 0.004 theta omega + -0.130 omega^2 + 0.014 theta omega^2 + -0.136 omega^3,1.0224984769e-03,-6.3418970628e-04,2.6512857398e-02,-2.4069227644e-05,4.3751502845e-03,-1.2966233825e-01,2.9805619555e-06,-4.3300077832e-04,1.3913046246e-02,-1.3552966567e-01
75185,2025-05-13 02:10:00,1.480934,43.169500,30.543403,-0.003 1 + 0.003 theta + 0.997 omega + -0.001 theta^2 + -0.009 theta omega + 0.342 omega^2 + 0.001 theta^2 omega + -0.025 theta omega^2 + -1.253 omega^3,-0.007 1 + 0.006 theta + 0.002 omega + -0.001 theta^2 + -0.021 theta omega + 0.637 omega^2 + 0.002 theta^2 omega + -0.045 theta omega^2 + -2.489 omega^3,-6.7438406217e-03,6.4327764698e-03,2.1783025378e-03,-1.1154854181e-03,-2.0565141753e-02,6.3682467896e-01,5.0296687853e-05,2.3798523626e-03,-4.5405622556e-02,-2.4888730633e+00
75186,2025-05-13 02:15:00,nan,nan,nan,-0.001 1 + -0.002 theta + 1.020 omega + 0.013 theta omega + -0.188 omega^2 + 0.001 theta^2 omega + -0.034 theta omega^2 + 0.540 omega^3,-0.002 1 + -0.003 theta + 0.042 omega + -0.001 theta^2 + 0.025 theta omega + -0.384 omega^2 + 0.002 theta^2 omega + -0.069 theta omega^2 + 1.049 omega^3,-1.6232966127e-03,-3.1888462905e-03,4.2247740876e-02,-7.4001691279e-04,2.5293231220e-02,-3.8381320449e-01,-3.8733188662e-05,1.7010214029e-03,-6.8631960069e-02,1.0486040363e+00
75187,2025-05-13 02:20:00,0.026825,0.514440,0.364258,0.010 1 + -0.003 theta + 0.938 omega + 0.011 theta omega + 0.144 omega^2 + -0.012 theta omega^2 + -0.333 omega^3,0.019 1 + -0.005 theta + -0.112 omega + 0.020 theta omega + 0.258 omega^2 + -0.001 theta^2 omega + -0.022 theta omega^2 + -0.633 omega^3,1.8656241438e-02,-4.7920314257e-03,-1.1244913536e-01,4.3295382903e-04,1.9864020755e-02,2.5768211341e-01,-1.3185220659e-05,-7.7333983904e-04,-2.2277856902e-02,-6.3300590266e-01
75188,2025-05-13 02:25:00,0.050279,6.139787,4.341631,0.005 1 + 0.888 omega + 0.001 theta omega + 0.495 omega^2 + -0.010 theta omega^2 + 0.149 omega^3,0.003 1 + 0.001 theta + -0.210 omega + -0.003 theta omega + 1.129 omega^2 + -0.020 theta omega^2 + 0.283 omega^3,3.4493952485e-03,1.2292196536e-03,-2.1006602411e-01,-4.2296660157e-05,-3.0321075808e-03,1.1292763729e+00,0.0000000000e+00,2.2309091670e-04,-2.0419536114e-02,2.8252114888e-01
75189,2025-05-13 02:30:00,0.039394,2.798523,1.979050,0.001 1 + -0.002 theta + 1.021 omega + 0.013 theta omega + -0.015 omega^2 + 0.011 theta omega^2 + -1.611 omega^3,0.002 1 + -0.003 theta + 0.043 omega + 0.025 theta omega + -0.035 omega^2 + -0.001 theta^2 omega + 0.021 theta omega^2 + -3.175 omega^3,2.1893365648e-03,-3.2466848680e-03,4.2945422644e-02,4.9414679894e-05,2.5395194102e-02,-3.4777731140e-02,1.7263216033e-06,-8.8717830125e-04,2.0834977290e-02,-3.1747588973e+00
75190,2025-05-13 02:35:00,0.028817,0.958203,0.677858,0.004 1 + -0.001 theta + 0.968 omega + 0.007 theta omega + -0.252 omega^2 + -0.014 theta omega^2 + 1.725 omega^3,0.006 1 + -0.001 theta + -0.061 omega + 0.013 theta omega + -0.491 omega^2 + -0.029 theta omega^2 + 3.408 omega^3,6.1752399424e-03,-1.3353554632e-03,-6.1138355281e-02,7.2948886046e-05,1.3325890033e-02,-4.9101309509e-01,-1.3326700696e-06,-2.3886194142e-04,-2.9021012193e-02,3.4078347394e+00
75191,2025-05-13 02:45:00,0.036978,3.340063,2.361926,0.092 1 + -0.002 theta + -0.248 omega + 0.022 theta omega + 5.005 omega^2 + -0.069 theta omega^2 + -5.014 omega^3,0.172 1 + -0.003 theta + -2.366 omega + 0.042 theta omega + 9.585 omega^2 + -0.133 theta omega^2 + -9.695 omega^3,1.7221301981e-01,-3.2444731841e-03,-2.3659700496e+00,-5.0931367671e-06,4.2112768849e-02,9.5854274408e+00,0.0000000000e+00,1.4740375699e-05,-1.3269966688e-01,-9.6945817280e+00
75192,2025-05-13 02:50:00,0.104379,7.498320,5.302627,-0.001 1 + -0.001 theta + 0.993 omega + -0.009 theta omega + -0.067 omega^2 + -0.016 theta omega^2 + -0.726 omega^3,-0.002 1 + -0.002 theta + -0.013 omega + -0.017 theta omega + -0.135 omega^2 + -0.001 theta^2 omega + -0.033 theta omega^2 + -1.384 omega^3,-2.3632847087e-03,-2.0253696766e-03,-1.3236021297e-02,-4.4532676515e-04,-1.6846408382e-02,-1.3532370380e-01,-1.9482472260e-05,-9.2010422127e-04,-3.3139427274e-02,-1.3842606300e+00
75193,2025-05-13 02:55:00,0.087217,7.368169,5.210447,0.007 1 + 0.002 theta + 1.044 omega + -0.261 omega^2 + -0.001 theta^2 omega + -0.048 theta omega^2 + -1.707 omega^3,0.014 1 + 0.004 theta + 0.085 omega + -0.001 theta omega + -0.509 omega^2 + -0.001 theta^2 omega + -0.097 theta omega^2 + -3.350 omega^3,1.4347439476e-02,3.6163280174e-03,8.5366832597e-02,-6.9171232616e-05,-6.9502435308e-04,-5.0894691530e-01,-3.6023224112e-05,-1.1360542967e-03,-9.7248387202e-02,-3.3500709191e+00
75194,2025-05-13 03:00:00,0.300669,13.697590,9.687992,-0.014 1 + 0.001 theta + 1.121 omega + -0.011 theta omega + -0.126 omega^2 + 0.008 theta omega^2 + -0.193 omega^3,-0.033 1 + 0.001 theta + 0.241 omega + -0.021 theta omega + 0.225 omega^2 + -0.005 theta omega^2 + -0.552 omega^3,-3.2790484408e-02,7.6620455430e-04,2.4122345529e-01,1.1149725822e-04,-2.1310649563e-02,2.2496518486e-01,-3.6899536470e-06,4.7374043148e-04,-4.8323587255e-03,-5.5243093560e-01
75195,2025-05-13 03:05:00,nan,nan,nan,0.022 1 + 0.004 theta + 1.056 omega + 0.013 theta omega + -0.002 omega^2 + 0.001 theta^2 omega + -0.014 theta omega^2 + 0.893 omega^3,0.047 1 + 0.009 theta + 0.126 omega + 0.029 theta omega + 0.009 omega^2 + 0.001 theta^2 omega + -0.028 theta omega^2 + 1.825 omega^3,4.6529779138e-02,8.9797131465e-03,1.2580934711e-01,3.7573215653e-04,2.8589297934e-02,9.4165227155e-03,6.5243547160e-07,1.2293397618e-03,-2.7642995489e-02,1.8251889236e+00
75196,2025-05-13 03:10:00,0.073918,3.064756,2.167740,0.001 1 + -0.002 theta + 0.976 omega + 0.013 theta omega + 0.249 omega^2 + -0.001 theta^2 omega + -0.038 theta omega^2 + -0.901 omega^3,0.002 1 + -0.004 theta + -0.048 omega + 0.001 theta^2 + 0.026 theta omega + 0.503 omega^2 + -0.002 theta^2 omega + -0.078 theta omega^2 + -1.779 omega^3,2.3086186097e-03,-3.7221552284e-03,-4.7509168193e-02,8.4520804416e-04,2.6030986474e-02,5.0322080373e-01,-4.1751999934e-05,-1.5514684168e-03,-7.7716693643e-02,-1.7786657817e+00
75197,2025-05-13 03:15:00,0.051526,1.822009,1.288870,-0.002 1 + -0.001 theta + 1.030 omega + 0.003 theta omega + 0.198 omega^2 + 0.013 theta omega^2 + 0.204 omega^3,-0.005 1 + -0.002 theta + 0.061 omega + 0.006 theta omega + 0.362 omega^2 + 0.025 theta omega^2 + 0.285 omega^3,-4.5409823832e-03,-1.5205978487e-03,6.0899048658e-02,-1.3169145575e-04,6.3588614924e-03,3.6204565810e-01,-3.1068437459e-06,7.4346190246e-05,2.4916944299e-02,2.8517769778e-01
75198,2025-05-13 03:20:00,0.171796,16.918756,11.963984,-0.009 1 + 0.842 omega + -0.022 theta omega + -0.688 omega^2 + -0.001 theta^2 omega + -0.064 theta omega^2 + -0.909 omega^3,-0.017 1 + -0.312 omega + -0.043 theta omega + -1.348 omega^2 + -0.001 theta^2 omega + -0.125 theta omega^2 + -1.800 omega^3,-1.6869591136e-02,-1.2098897267e-04,-3.1168483921e-01,3.4115614032e-04,-4.3354390735e-02,-1.3475495981e+00,1.8014954056e-05,-1.1304991236e-03,-1.2508189616e-01,-1.7998565080e+00
75199,2025-05-13 03:25:00,0.121023,8.005767,5.661579,-0.010 1 + -0.005 theta + 0.961 omega + -0.016 theta omega + 0.016 omega^2 + -0.001 theta^2 omega + -0.003 theta omega^2 + -0.257 omega^3,-0.020 1 + -0.009 theta + -0.078 omega + -0.001 theta^2 + -0.032 theta omega + 0.037 omega^2 + -0.002 theta^2 omega + -0.005 theta omega^2 + -0.582 omega^3,-1.9713568776e-02,-9.1316135473e-03,-7.7574177420e-02,-9.9558796824e-04,-3.1744428024e-02,3.7402170975e-02,-3.1080523297e-05,-1.7975949835e-03,-5.2764490065e-03,-5.8152033821e-01
75200,2025-05-13 03:30:00,0.063003,2.008964,1.421250,0.002 1 + 1.007 omega + -0.001 theta omega + -0.064 omega^2 + 0.003 theta omega^2 + -0.129 omega^3,0.004 1 + -0.001 theta + 0.015 omega + -0.002 theta omega + -0.122 omega^2 + 0.005 theta omega^2 + -0.237 omega^3,3.7097042564e-03,-7.8967748454e-04,1.4928848561e-02,-5.6736512472e-05,-1.6349192537e-03,-1.2189453285e-01,0.0000000000e+00,-2.4509851912e-04,4.5971765540e-03,-2.3659008077e-01
75201,2025-05-13 03:35:00,0.038038,5.266346,3.723966,-0.019 1 + 0.001 theta + 0.541 omega + 0.008 theta omega + -3.414 omega^2 + 0.021 theta omega^2 + -7.899 omega^3,-0.036 1 + 0.001 theta + -0.888 omega + 0.017 theta omega + -6.683 omega^2 + 0.047 theta omega^2 + -15.617 omega^3,-3.6102701439e-02,1.4957911211e-03,-8.8837023087e-01,2.8050489285e-07,1.7207154206e-02,-6.6831882645e+00,0.0000000000e+00,6.2897108620e-06,4.7212990464e-02,-1.5616859979e+01
75202,2025-05-13 03:40:00,nan,nan,nan,0.078 1 + 0.007 theta + 1.538 omega + 0.031 theta omega + 1.713 omega^2 + 0.025 theta omega^2 + 2.985 omega^3,-0.051 1 + -0.005 theta + -0.545 omega + -0.061 theta omega + -0.196 omega^2 + -0.001 theta^2 omega + -0.129 theta omega^2 + 4.262 omega^3,-5.0814733025e-02,-5.0236536550e-03,-5.4464655585e-01,-6.5270853205e-05,-6.0649363559e-02,-1.9598376387e-01,0.0000000000e+00,-6.0352930047e-04,-1.2900115027e-01,4.2615291365e+00
75203,2025-05-13 03:45:00,0.107807,4.430844,3.134007,0.001 1 + 1.012 omega + 0.002 theta omega + -0.028 omega^2 + 0.001 theta omega^2 + -0.554 omega^3,0.003 1 + 0.022 omega + 0.003 theta omega + -0.118 omega^2 + -0.003 theta omega^2 + -1.287 omega^3,3.1898287116e-03,2.6261994493e-04,2.2247362953e-02,-4.6504913259e-05,3.1660598555e-03,-1.1808005113e-01,-4.0041578585e-06,2.0875330221e-04,-3.4563953376e-03,-1.2866855375e+00
75204,2025-05-13 03:50:00,0.078067,3.314006,2.344006,0.001 1 + -0.001 theta + 0.981 omega + 0.003 theta omega + 0.192 omega^2 + -0.036 theta omega^2 + -0.425 omega^3,0.001 1 + -0.002 theta + -0.028 omega + 0.001 theta^2 + 0.001 theta omega + 0.338 omega^2 + 0.001 theta^2 omega + -0.061 theta omega^2 + -0.522 omega^3,1.4503897721e-03,-1.6505790556e-03,-2.8383345292e-02,5.2440431253e-04,1.3349838190e-03,3.3821021531e-01,-5.3635508734e-05,1.0315960286e-03,-6.1429740927e-02,-5.2168878407e-01
75205,2025-05-13 03:55:00,0.041687,2.003649,1.417101,-0.008 1 + -0.001 theta + 0.808 omega + -0.014 theta omega + -1.227 omega^2 + -0.060 theta omega^2 + -1.200 omega^3,-0.017 1 + -0.002 theta + -0.403 omega + -0.028 theta omega + -2.558 omega^2 + -0.127 theta omega^2 + -2.134 omega^3,-1.7046768473e-02,-1.7911991759e-03,-4.0258409810e-01,-8.3958082801e-05,-2.8234166419e-02,-2.5575931389e+00,-2.2079507076e-06,-3.5103155814e-04,-1.2692149825e-01,-2.1336195239e+00
75206,2025-05-13 04:00:00,0.045494,1.699670,1.202278,0.996 omega + 0.001 theta omega + -0.012 omega^2 + -0.003 theta omega^2 + 0.117 omega^3,-0.008 omega + 0.002 theta omega + -0.021 omega^2 + -0.005 theta omega^2 + 0.238 omega^3,1.9613462415e-04,-4.8721971111e-04,-7.8989380065e-03,-1.4282081175e-04,2.1300863251e-03,-2.1326025615e-02,-9.0498498418e-06,1.3801648576e-04,-5.0992938719e-03,2.3751311906e-01
75207,2025-05-13 04:05:00,0.078889,2.226862,1.575617,-0.001 theta + 1.028 omega + -0.001 theta omega + -0.008 omega^2 + 0.007 theta omega^2 + -0.646 omega^3,-0.001 1 + -0.002 theta + 0.057 omega + -0.002 theta omega + -0.020 omega^2 + -0.001 theta^2 omega + 0.013 theta omega^2 + -1.272 omega^3,-7.3991819985e-04,-1.7853727237e-03,5.6574971329e-02,9.6260259340e-05,-2.0200272917e-03,-2.0299509700e-02,1.7798733069e-05,-7.0675121407e-04,1.2842633757e-02,-1.2717721134e+00
75208,2025-05-13 04:10:00,nan,nan,nan,-0.074 1 + 0.007 theta + 1.672 omega + -0.062 theta omega + -1.268 omega^2 + 0.108 theta omega^2 + 0.794 omega^3,-0.143 1 + 0.013 theta + 1.338 omega + -0.123 theta omega + -2.317 omega^2 + 0.001 theta^2 omega + 0.243 theta omega^2 + -1.067 omega^3,-1.4285276714e-01,1.2726931443e-02,1.3377868029e+00,-9.2864795112e-05,-1.2300834009e-01,-2.3173549932e+00,-5.0817590708e-07,7.7832364800e-04,2.4316878623e-01,-1.0673138623e+00
75209,2025-05-13 04:15:00,nan,nan,nan,0.002 1 + -0.001 theta + 0.997 omega + -0.025 omega^2 + 0.013 theta omega^2 + 0.045 omega^3,0.004 1 + -0.002 theta + -0.006 omega + -0.057 omega^2 + 0.025 theta omega^2 + 0.100 omega^3,3.5588194183e-03,-1.5189005556e-03,-5.9661602386e-03,1.6214812621e-04,4.6354372495e-05,-5.6984228514e-02,-1.2764286885e-05,1.9362764616e-04,2.5183397962e-02,9.9771153150e-02
75210,2025-05-13 04:20:00,nan,nan,nan,0.992 omega + 0.004 theta omega + -0.094 omega^2 + -0.003 theta omega^2 + 0.386 omega^3,-0.001 theta + -0.015 omega + 0.007 theta omega + -0.199 omega^2 + -0.007 theta omega^2 + 0.756 omega^3,-2.9547925347e-04,-7.8621660451e-04,-1.4502448360e-02,-1.6266538084e-04,7.2821749565e-03,-1.9872203696e-01,-7.5628758090e-06,4.5333009195e-04,-7.1221980039e-03,7.5603379303e-01
75211,2025-05-13 04:25:00,nan,nan,nan,-0.095 1 + 0.011 theta + 1.581 omega + -0.061 theta omega + -0.571 omega^2 + 0.002 theta^2 omega + 0.017 theta omega^2 + 1.360 omega^3,-0.198 1 + 0.024 theta + 1.209 omega + -0.001 theta^2 + -0.126 theta omega + -1.177 omega^2 + 0.003 theta^2 omega + 0.034 theta omega^2 + 2.785 omega^3,-1.9761505809e-01,2.3667945062e-02,1.2090594605e+00,-7.4127912498e-04,-1.2597398588e-01,-1.1770955085e+00,3.4710689161e-06,3.1649524947e-03,3.4474108257e-02,2.7849072195e+00
75212,2025-05-13 04:30:00,nan,nan,nan,-0.011 1 + 0.002 theta + 1.048 omega + -0.013 theta omega + 0.035 omega^2 + 0.001 theta^2 omega + -0.005 theta omega^2 + 0.335 omega^3,-0.023 1 + 0.005 theta + 0.102 omega + -0.027 theta omega + 0.061 omega^2 + 0.001 theta^2 omega + -0.010 theta omega^2 + 0.697 omega^3,-2.2692070538e-02,5.0502078484e-03,1.0244398983e-01,-2.4193357440e-04,-2.7294166971e-02,6.0555581174e-02,0.0000000000e+00,1.3921212581e-03,-9.5605283579e-03,6.9709028938e-01
75213,2025-05-13 04:35:00,0.011035,0.218988,0.155045,0.029 1 + -0.003 theta + 0.904 omega + 0.041 theta omega + -2.347 omega^2 + -0.129 theta omega^2 + 11.283 omega^3,0.054 1 + -0.006 theta + -0.150 omega + 0.080 theta omega + -4.816 omega^2 + -0.253 theta omega^2 + 22.568 omega^3,5.3779834083e-02,-6.1546357751e-03,-1.4994958422e-01,-2.7819404200e-06,7.9628121594e-02,-4.8161217777e+00,0.0000000000e+00,4.8351137825e-06,-2.5283555215e-01,2.2567645946e+01
75214,2025-05-13 04:40:00,0.083865,4.514279,3.192628,-0.004 1 + 1.018 omega + -0.003 theta omega + 0.205 omega^2 + -0.019 theta omega^2 + -0.160 omega^3,-0.008 1 + 0.038 omega + -0.007 theta omega + 0.411 omega^2 + -0.037 theta omega^2 + -0.247 omega^3,-8.1537673843e-03,7.3511879279e-05,3.7574452189e-02,1.5149365474e-04,-6.9708206029e-03,4.1068456862e-01,-6.7643475346e-06,2.7902910614e-04,-3.7177591705e-02,-2.4732318262e-01
75215,2025-05-13 04:45:00,0.077116,3.928894,2.778683,-0.002 1 + -0.002 theta + 0.950 omega + -0.001 theta^2 + -0.020 theta omega + -0.700 omega^2 + -0.002 theta^2 omega + -0.117 theta omega^2 + -1.381 omega^3,-0.004 1 + -0.004 theta + -0.098 omega + -0.001 theta^2 + -0.041 theta omega + -1.397 omega^2 + -0.003 theta^2 omega + -0.229 theta omega^2 + -3.032 omega^3,-4.3519874912e-03,-4.4743658583e-03,-9.8363733250e-02,-1.0827280865e-03,-4.1041276699e-02,-1.3970190382e+00,-7.2332177855e-05,-3.2861144841e-03,-2.2856618028e-01,-3.0318293420e+00
75216,2025-05-13 04:50:00,0.067782,6.793092,4.803680,-0.002 1 + 0.002 theta + 1.033 omega + -0.024 theta omega + 0.295 omega^2 + 0.080 theta omega^2 + -2.132 omega^3,-0.003 1 + 0.003 theta + 0.066 omega + -0.047 theta omega + 0.589 omega^2 + 0.158 theta omega^2 + -4.132 omega^3,-3.2379765999e-03,3.0374035558e-03,6.6283620569e-02,4.0892012562e-05,-4.7224193768e-02,5.8901831939e-01,0.0000000000e+00,-1.9265200858e-04,1.5760448966e-01,-4.1319818090e+00
75217,2025-05-13 04:55:00,0.757417,49.205441,34.797623,-0.062 1 + 0.001 theta + 1.603 omega + -0.013 theta omega + -0.427 omega^2 + 0.036 theta omega^2 + -5.189 omega^3,-0.073 1 + 0.003 theta + 0.673 omega + -0.038 theta omega + -0.080 omega^2 + 0.091 theta omega^2 + -7.356 omega^3,-7.3303572096e-02,3.4408905908e-03,6.7275994166e-01,-2.5914274367e-05,-3.7584618769e-02,-7.9553985288e-02,0.0000000000e+00,1.9751066965e-04,9.1146265939e-02,-7.3564575969e+00
75218,2025-05-13 05:00:00,0.030075,3.725870,2.634674,0.004 1 + 0.815 omega + -0.006 theta omega + 1.377 omega^2 + -1.862 omega^3,0.002 1 + 0.068 omega + 0.004 theta omega + -1.088 omega^2 + -0.033 theta omega^2 + 3.929 omega^3,1.6410534324e-03,1.6598193314e-04,6.8479899824e-02,-2.0750432269e-05,4.2927524681e-03,-1.0882924135e+00,0.0000000000e+00,1.2446500742e-04,-3.2577042271e-02,3.9288943805e+00
75219,2025-05-13 05:05:00,nan,nan,nan,-0.040 1 + 0.002 theta + 1.319 omega + -0.012 theta omega + -0.548 omega^2 + 0.012 theta omega^2 + 0.044 omega^3,-0.061 1 + 0.004 theta + 0.545 omega + -0.027 theta omega + -1.452 omega^2 + 0.030 theta omega^2 + 1.593 omega^3,-6.1318843360e-02,3.9907957602e-03,5.4467549960e-01,-5.9202951393e-05,-2.7251518254e-02,-1.4518758768e+00,0.0000000000e+00,3.2551779778e-04,2.9514484703e-02,1.5932215982e+00
75220,2025-05-13 05:10:00,0.047378,3.546643,2.508079,0.990 omega + 0.007 theta omega + 0.015 omega^2 + -0.001 theta^2 omega + 0.002 theta omega^2 + 0.938 omega^3,-0.001 theta + -0.016 omega + 0.014 theta omega + 0.036 omega^2 + -0.002 theta^2 omega + 0.005 theta omega^2 + 1.748 omega^3,2.1772295535e-04,-6.7277930693e-04,-1.6464981912e-02,2.1016864470e-04,1.3698150922e-02,3.6160931508e-02,-1.5596285055e-05,-2.1726157209e-03,4.6163524818e-03,1.7480071612e+00
75221,2025-05-13 05:15:00,nan,nan,nan,0.005 1 + 0.001 theta + 1.000 omega + -0.654 omega^2 + 0.083 theta omega^2 + 0.826 omega^3,0.009 1 + 0.002 theta + 0.001 omega + -0.001 theta^2 + -1.301 omega^2 + 0.164 theta omega^2 + 1.609 omega^3,9.4911994503e-03,2.4544991862e-03,1.2331032461e-03,-7.4211966967e-04,-2.2423504909e-04,-1.3006371332e+00,2.5060489805e-05,-1.0389356699e-04,1.6408920364e-01,1.6091081848e+00
75222,2025-05-13 05:20:00,0.048091,3.407299,2.409564,1.015 omega + -0.004 theta omega + 0.050 omega^2 + 0.020 theta omega^2 + -0.839 omega^3,-0.001 theta + 0.032 omega + -0.008 theta omega + 0.062 omega^2 + 0.039 theta omega^2 + -1.478 omega^3,3.9154715782e-04,-6.7405611933e-04,3.1930300204e-02,1.4405164709e-04,-8.1371222065e-03,6.1543827900e-02,-4.3312479899e-06,-8.3210318343e-05,3.9281277016e-02,-1.4777512809e+00
75223,2025-05-13 05:25:00,nan,nan,nan,0.001 1 + 1.005 omega + 0.003 theta omega + -0.206 omega^2 + 0.008 theta omega^2 + 0.740 omega^3,0.003 1 + -0.001 theta + 0.007 omega + 0.006 theta omega + -0.414 omega^2 + -0.001 theta^2 omega + 0.012 theta omega^2 + 1.798 omega^3,2.6064743444e-03,-9.4135443907e-04,7.0548264612e-03,6.6820953800e-05,6.0804704884e-03,-4.1440131850e-01,0.0000000000e+00,-5.7865670271e-04,1.2236672884e-02,1.7978409347e+00
75224,2025-05-13 05:30:00,nan,nan,nan,-0.024 1 + 0.003 theta + 1.290 omega + -0.023 theta omega + -1.482 omega^2 + 0.027 theta omega^2 + 3.963 omega^3,-0.046 1 + 0.006 theta + 0.550 omega + -0.045 theta omega + -2.786 omega^2 + 0.001 theta^2 omega + 0.053 theta omega^2 + 7.575 omega^3,-4.5553884785e-02,5.7793314358e-03,5.5035912304e-01,-1.0489171665e-04,-4.5439905298e-02,-2.7860683572e+00,0.0000000000e+00,6.6824222856e-04,5.2900403663e-02,7.5754326400e+00
75225,2025-05-13 05:35:00,0.104167,8.227145,5.817936,0.004 1 + -0.002 theta + 0.968 omega + 0.014 theta omega + -0.042 omega^2 + -0.001 theta^2 omega + 0.003 theta omega^2 + -1.232 omega^3,0.008 1 + -0.004 theta + -0.061 omega + 0.028 theta omega + -0.085 omega^2 + -0.001 theta^2 omega + 0.005 theta omega^2 + -2.371 omega^3,8.4828134641e-03,-3.7749729234e-03,-6.1402238666e-02,3.6763487839e-04,2.7698016509e-02,-8.5310869202e-02,-8.7595104589e-06,-1.2412798478e-03,5.1793431978e-03,-2.3708300709e+00
75226,2025-05-13 05:40:00,nan,nan,nan,-0.002 1 + -0.001 theta + 1.072 omega + -0.006 theta omega + -0.180 omega^2 + 0.006 theta omega^2 + 0.390 omega^3,-0.005 1 + -0.001 theta + 0.151 omega + -0.014 theta omega + -0.419 omega^2 + 0.013 theta omega^2 + 0.972 omega^3,-5.3144327476e-03,-1.1872668844e-03,1.5122913304e-01,1.7321963325e-04,-1.3961985969e-02,-4.1892278922e-01,-5.0730433844e-06,3.0162940961e-04,1.2875422467e-02,9.7172241741e-01
75227,2025-05-13 05:45:00,0.045642,3.058614,2.163008,-0.001 1 + -0.001 theta + 1.019 omega + 0.003 theta omega + 0.278 omega^2 + 0.003 theta omega^2 + -1.941 omega^3,-0.001 1 + -0.002 theta + 0.032 omega + 0.004 theta omega + 0.487 omega^2 + -0.018 theta omega^2 + -3.070 omega^3,-9.5782685567e-04,-1.7678708423e-03,3.2347563748e-02,1.0277038217e-04,4.1733098309e-03,4.8724512881e-01,-4.0197110890e-06,2.9454384566e-04,-1.8487970210e-02,-3.0702593883e+00
75228,2025-05-13 05:50:00,0.027518,3.301355,2.334491,-0.011 1 + 0.003 theta + 0.859 omega + -0.018 theta omega + 1.713 omega^2 + 0.013 theta omega^2 + -3.183 omega^3,0.093 1 + 0.003 theta + -1.616 omega + -0.013 theta omega + 8.312 omega^2 + -0.018 theta omega^2 + -12.193 omega^3,9.3390026909e-02,2.9793033864e-03,-1.6161579970e+00,-6.9455422124e-05,-1.3448457562e-02,8.3122287036e+00,0.0000000000e+00,3.8700058009e-04,-1.8210691530e-02,-1.2193421643e+01
75229,2025-05-13 05:55:00,0.039276,1.979495,1.399990,-0.010 1 + 1.130 omega + -0.006 theta omega + -0.311 omega^2 + 0.010 theta omega^2 + 0.200 omega^3,-0.015 1 + 0.002 theta + 0.216 omega + -0.016 theta omega + -0.672 omega^2 + 0.031 theta omega^2 + 0.474 omega^3,-1.5328130198e-02,1.7719436064e-03,2.1561427581e-01,-1.4821094170e-05,-1.6270695192e-02,-6.7229955953e-01,0.0000000000e+00,8.6185118192e-05,3.0901145355e-02,4.7350286532e-01
75230,2025-05-13 06:00:00,0.055246,4.838717,3.421712,-0.016 1 + -0.001 theta + 1.140 omega + 0.001 theta omega + -0.213 omega^2 + 0.003 theta omega^2 + -0.149 omega^3,-0.031 1 + -0.001 theta + 0.276 omega + 0.002 theta omega + -0.404 omega^2 + 0.007 theta omega^2 + -0.325 omega^3,-3.0873225724e-02,-1.3259758982e-03,2.7570522370e-01,1.7584889131e-05,1.5831249541e-03,-4.0423666451e-01,0.0000000000e+00,-5.3372936740e-05,6.5427718283e-03,-3.2451197983e-01
75231,2025-05-13 06:05:00,0.036522,3.527545,2.494484,0.021 1 + 0.001 theta + 0.462 omega + -0.001 theta omega + 3.077 omega^2 + -0.009 theta omega^2 + -5.033 omega^3,0.038 1 + 0.001 theta + -1.012 omega + -0.002 theta omega + 5.859 omega^2 + -0.015 theta omega^2 + -9.619 omega^3,3.8323278040e-02,1.2618401221e-03,-1.0120182450e+00,-2.1107944031e-05,-1.6944411910e-03,5.8590196700e+00,0.0000000000e+00,8.8611048016e-05,-1.5451637305e-02,-9.6187884885e+00
75232,2025-05-13 06:10:00,0.024070,1.089357,0.770480,0.006 1 + -0.001 theta + 1.037 omega + 0.001 theta omega + -0.198 omega^2 + -0.002 theta^2 omega + 0.011 theta omega^2 + -1.155 omega^3,0.012 1 + -0.001 theta + 0.073 omega + 0.002 theta omega + -0.389 omega^2 + -0.003 theta^2 omega + 0.022 theta omega^2 + -2.283 omega^3,1.1590170877e-02,-1.1217204187e-03,7.3323858374e-02,-4.8731718603e-04,1.5047881759e-03,-3.8884872458e-01,3.7479997008e-06,-3.1964226755e-03,2.2035926650e-02,-2.2827329893e+00
75233,2025-05-13 06:15:00,nan,nan,nan,-0.001 1 + -0.002 theta + 1.016 omega + 0.005 theta omega + -0.223 omega^2 + -0.003 theta omega^2 + -0.039 omega^3,-0.001 1 + -0.004 theta + 0.036 omega + 0.009 theta omega + -0.418 omega^2 + -0.008 theta omega^2 + -0.008 omega^3,-1.0115594043e-03,-3.5201305173e-03,3.5720984013e-02,-3.0725111893e-04,9.1075178471e-03,-4.1780159961e-01,-4.7632986737e-06,2.9994821396e-05,-7.5817628655e-03,-7.6612334808e-03
75234,2025-05-13 06:20:00,0.127898,5.665710,4.007283,-0.003 1 + -0.001 theta + 1.023 omega + 0.002 theta omega + 0.229 omega^2 + 0.020 theta omega^2 + -1.590 omega^3,-0.003 1 + -0.001 theta + 0.025 omega + 0.001 theta omega + 0.274 omega^2 + 0.023 theta omega^2 + -1.659 omega^3,-2.7979341277e-03,-1.1268161386e-03,2.4709669003e-02,5.7417233470e-05,1.3185713051e-03,2.7437123385e-01,0.0000000000e+00,-2.8987633437e-04,2.3149545820e-02,-1.6593604883e+00
75235,2025-05-13 06:25:00,0.020959,1.125276,0.795828,0.038 1 + 0.368 omega + 0.012 theta omega + 2.904 omega^2 + -0.046 theta omega^2 + -3.522 omega^3,0.069 1 + -0.003 theta + -0.974 omega + 0.037 theta omega + 4.065 omega^2 + -0.088 theta omega^2 + -4.698 omega^3,6.8946493151e-02,-3.2728818362e-03,-9.7439335830e-01,3.8526382050e-05,3.6933034911e-02,4.0648252988e+00,0.0000000000e+00,-3.2487798251e-04,-8.8362045910e-02,-4.6978580804e+00
75236,2025-05-13 06:30:00,0.038102,3.456557,2.444303,-0.001 1 + 0.987 omega + -0.008 theta omega + 0.624 omega^2 + 0.041 theta omega^2 + -3.119 omega^3,-0.003 1 + 0.001 theta + -0.012 omega + -0.015 theta omega + 1.054 omega^2 + 0.073 theta omega^2 + -5.409 omega^3,-3.2586910370e-03,5.5835005330e-04,-1.1890028968e-02,3.0252431680e-05,-1.4824144007e-02,1.0536367069e+00,0.0000000000e+00,-1.9813408249e-04,7.3269338947e-02,-5.4093588014e+00
75237,2025-05-13 06:35:00,0.007704,0.999178,0.706546,-0.024 1 + 0.002 theta + 1.321 omega + -0.021 theta omega + -1.326 omega^2 + 0.040 theta omega^2 + 1.952 omega^3,-0.046 1 + 0.005 theta + 0.613 omega + -0.043 theta omega + -2.410 omega^2 + 0.082 theta omega^2 + 3.376 omega^3,-4.6272020173e-02,4.7324406877e-03,6.1265677567e-01,-5.1762099417e-05,-4.3344561844e-02,-2.4102045604e+00,0.0000000000e+00,3.2482351436e-04,8.2088825236e-02,3.3759745785e+00
75238,2025-05-13 06:40:00,nan,nan,nan,-0.013 1 + 1.358 omega + -0.015 theta omega + -2.089 omega^2 + -0.001 theta^2 omega + 0.118 theta omega^2 + 2.022 omega^3,-0.024 1 + 0.645 omega + -0.027 theta omega + -3.797 omega^2 + -0.001 theta^2 omega + 0.176 theta omega^2 + 5.022 omega^3,-2.4400984244e-02,-4.4648623146e-04,6.4467729886e-01,1.7150196506e-04,-2.7382583477e-02,-3.7972808688e+00,0.0000000000e+00,-1.0098346189e-03,1.7647152486e-01,5.0219609049e+00
75239,2025-05-13 06:45:00,0.085632,3.019695,2.136105,-0.019 1 + 0.003 theta + 1.082 omega + -0.014 theta omega + 0.539 omega^2 + -0.013 theta omega^2 + -2.359 omega^3,0.005 1 + -0.261 omega + 0.011 theta omega + 2.198 omega^2 + -0.078 theta omega^2 + -5.076 omega^3,4.8376851106e-03,2.8938188346e-04,-2.6087456229e-01,-2.8035470160e-05,1.0613490681e-02,2.1976544147e+00,0.0000000000e+00,1.1061067033e-04,-7.8083027702e-02,-5.0755402058e+00
75240,2025-05-13 06:50:00,0.016887,0.786872,0.556531,-0.001 1 + 1.014 omega + 0.002 theta omega + 0.134 omega^2 + -0.020 theta omega^2 + -1.038 omega^3,-0.002 1 + -0.001 theta + 0.028 omega + 0.005 theta omega + 0.225 omega^2 + -0.045 theta omega^2 + -1.749 omega^3,-1.9296488138e-03,-6.2896638508e-04,2.7619415355e-02,2.4346665497e-05,5.2040375409e-03,2.2497667137e-01,0.0000000000e+00,1.8577997233e-04,-4.5383270385e-02,-1.7493491370e+00
75241,2025-05-13 06:55:00,nan,nan,nan,-0.004 1 + 0.002 theta + 0.998 omega + -0.001 theta omega + 0.270 omega^2 + -0.106 theta omega^2 + 0.816 omega^3,-0.009 1 + 0.004 theta + -0.006 omega + -0.002 theta omega + 0.570 omega^2 + 0.001 theta^2 omega + -0.219 theta omega^2 + 1.877 omega^3,-9.0218651135e-03,4.4480475053e-03,-5.7739523472e-03,-1.9090482058e-04,-1.7009470050e-03,5.6988902099e-01,-4.9400953591e-05,5.6607789531e-04,-2.1940191098e-01,1.8768274608e+00
75242,2025-05-13 07:00:00,0.052037,1.983964,1.403357,-0.002 1 + 0.001 theta + 1.035 omega + 0.002 theta omega + 0.049 omega^2 + -0.001 theta^2 omega + -0.049 theta omega^2 + -2.209 omega^3,-0.004 1 + 0.001 theta + 0.070 omega + 0.004 theta omega + 0.104 omega^2 + -0.002 theta^2 omega + -0.098 theta omega^2 + -4.413 omega^3,-3.7772709013e-03,1.1459873242e-03,7.0274919690e-02,2.4416373138e-04,4.3874354770e-03,1.0423265276e-01,-5.4157528951e-05,-1.6333236358e-03,-9.8412570766e-02,-4.4131265518e+00
75243,2025-05-13 07:05:00,0.058134,7.231277,5.113450,0.002 1 + 1.025 omega + 0.002 theta omega + 0.046 omega^2 + 0.009 theta omega^2 + -0.299 omega^3,0.004 1 + 0.052 omega + 0.005 theta omega + 0.065 omega^2 + 0.015 theta omega^2 + -0.652 omega^3,3.6431281509e-03,3.5158903733e-04,5.1528603652e-02,1.4463604330e-06,4.6503488538e-03,6.5138476877e-02,0.0000000000e+00,7.9209645938e-06,1.5353375476e-02,-6.5215043934e-01
75244,2025-05-13 07:10:00,0.241979,14.722082,10.411490,0.002 1 + 0.001 theta + 0.975 omega + 0.005 theta omega + 0.256 omega^2 + -0.063 theta omega^2 + -0.548 omega^3,0.004 1 + 0.002 theta + -0.048 omega + -0.001 theta^2 + 0.010 theta omega + 0.490 omega^2 + -0.123 theta omega^2 + -1.125 omega^3,3.5343040243e-03,1.8113881696e-03,-4.7562612350e-02,-5.3342291766e-04,9.7405327742e-03,4.9041931202e-01,2.9224076172e-05,2.5077794353e-04,-1.2292834927e-01,-1.1249712665e+00
75245,2025-05-13 07:15:00,0.005249,0.218671,0.154669,-0.004 1 + 0.968 omega + -0.004 theta omega + 0.050 omega^2 + 0.009 theta omega^2 + 0.090 omega^3,-0.016 1 + -0.003 theta + -0.126 omega + -0.020 theta omega + -0.011 omega^2 + -0.001 theta^2 omega + 0.010 theta omega^2 + -0.497 omega^3,-1.6476728166e-02,-2.6841060455e-03,-1.2611070856e-01,-1.2629143753e-04,-1.9504886616e-02,-1.1010673991e-02,-2.9626981904e-06,-6.6366639248e-04,1.0345957276e-02,-4.9664162396e-01
75246,2025-05-13 07:20:00,0.099847,7.327137,5.181549,-0.001 1 + -0.002 theta + 1.010 omega + 0.002 theta omega + 0.090 omega^2 + 0.003 theta omega^2 + -0.180 omega^3,-0.001 1 + -0.003 theta + 0.022 omega + 0.004 theta omega + 0.205 omega^2 + -0.001 theta^2 omega + 0.007 theta omega^2 + -0.507 omega^3,-1.4154145512e-03,-3.0537770868e-03,2.2140695390e-02,3.0884060455e-04,4.4918920592e-03,2.0497408605e-01,-6.4522547328e-06,-5.1121444156e-04,6.5729009157e-03,-5.0707341185e-01
75247,2025-05-13 07:25:00,nan,nan,nan,0.001 1 + 0.001 theta + 0.986 omega + -0.001 theta^2 + 0.006 theta omega + -0.055 omega^2 + 0.001 theta^2 omega + -0.098 theta omega^2 + 1.038 omega^3,0.002 1 + 0.001 theta + -0.026 omega + -0.001 theta^2 + 0.011 theta omega + -0.104 omega^2 + 0.002 theta^2 omega + -0.194 theta omega^2 + 2.055 omega^3,1.7901893439e-03,1.1053331404e-03,-2.6074945702e-02,-1.2846774266e-03,1.1020262825e-02,-1.0371908924e-01,-1.9885554378e-04,2.1662290331e-03,-1.9381098100e-01,2.0546151770e+00
75248,2025-05-13 07:30:00,nan,nan,nan,-0.005 1 + 1.093 omega + -0.019 theta omega + -0.047 omega^2 + 0.001 theta^2 omega + 0.007 theta omega^2 + 0.070 omega^3,-0.010 1 + 0.184 omega + -0.037 theta omega + -0.071 omega^2 + 0.002 theta^2 omega + 0.012 theta omega^2 + 0.144 omega^3,-1.0347575403e-02,-3.7904247650e-04,1.8448966723e-01,2.7514876385e-04,-3.7310042211e-02,-7.1382702905e-02,-1.4240347087e-05,1.7020411972e-03,1.2424315859e-02,1.4414969143e-01
75249,2025-05-13 07:35:00,0.086267,8.802566,6.224653,0.002 1 + 0.001 theta + 0.998 omega + 0.013 theta omega + -0.371 omega^2 + -0.003 theta^2 omega + 0.032 theta omega^2 + -1.473 omega^3,0.003 1 + 0.002 theta + -0.003 omega + -0.001 theta^2 + 0.027 theta omega + -0.752 omega^2 + -0.006 theta^2 omega + 0.068 theta omega^2 + -2.997 omega^3,2.9963308279e-03,1.7870231317e-03,-2.6577677678e-03,-8.8798681427e-04,2.7212036408e-02,-7.5188186158e-01,7.4653525808e-06,-5.9813245226e-03,6.7585572601e-02,-2.9971015211e+00
75250,2025-05-13 07:40:00,nan,nan,nan,0.060 1 + 0.011 theta + 1.487 omega + 0.001 theta^2 + 0.072 theta omega + 0.966 omega^2 + 0.003 theta^2 omega + 0.069 theta omega^2 + 0.359 omega^3,0.125 1 + 0.023 theta + 1.002 omega + 0.001 theta^2 + 0.149 theta omega + 1.967 omega^2 + 0.005 theta^2 omega + 0.139 theta omega^2 + 0.875 omega^3,1.2465960965e-01,2.3269248491e-02,1.0017451463e+00,1.1470890918e-03,1.4877213699e-01,1.9673862263e+00,7.8070706653e-06,5.4592621766e-03,1.3928481774e-01,8.7509876472e-01
75251,2025-05-13 07:45:00,nan,nan,nan,-0.025 1 + -0.004 theta + 0.744 omega + -0.045 theta omega + -0.087 omega^2 + -0.002 theta^2 omega + 0.006 theta omega^2 + 0.463 omega^3,-0.050 1 + -0.007 theta + -0.509 omega + -0.090 theta omega + -0.118 omega^2 + -0.004 theta^2 omega + 0.018 theta omega^2 + 1.026 omega^3,-4.9747868478e-02,-7.2271921768e-03,-5.0931266571e-01,2.4591662360e-05,-8.9706340820e-02,-1.1847156046e-01,2.0157561270e-05,-4.0484357515e-03,1.7790794621e-02,1.0258578527e+00
75252,2025-05-13 07:50:00,nan,nan,nan,0.002 1 + 0.990 omega + 0.004 theta omega + -0.212 omega^2 + 0.053 theta omega^2 + 1.589 omega^3,0.003 1 + 0.001 theta + -0.020 omega + -0.001 theta^2 + 0.007 theta omega + -0.422 omega^2 + -0.001 theta^2 omega + 0.098 theta omega^2 + 3.312 omega^3,3.4070464564e-03,5.7453329381e-04,-2.0425710511e-02,-7.3802271486e-04,7.4569425113e-03,-4.2204075606e-01,4.7155035216e-05,-6.1438234817e-04,9.7606665366e-02,3.3124410300e+00
75253,2025-05-13 07:55:00,nan,nan,nan,-0.025 1 + 0.004 theta + 1.236 omega + -0.018 theta omega + -1.572 omega^2 + 6.759 omega^3,0.028 1 + -0.004 theta + -0.343 omega + 0.070 theta omega + -1.511 omega^2 + -0.001 theta^2 omega + -0.240 theta omega^2 + 16.189 omega^3,2.7725161788e-02,-4.0193981490e-03,-3.4345503676e-01,6.4602189281e-05,7.0413477018e-02,-1.5107560458e+00,0.0000000000e+00,-8.1853642050e-04,-2.3960391973e-01,1.6189005648e+01
75254,2025-05-13 08:00:00,0.007422,0.503115,0.355795,-0.020 1 + 1.251 omega + -0.986 omega^2 + 0.003 theta omega^2 + 1.261 omega^3,-0.050 1 + 0.582 omega + -0.001 theta omega + -2.195 omega^2 + 0.007 theta omega^2 + 2.741 omega^3,-5.0446229576e-02,-1.7808446781e-04,5.8231012674e-01,1.2476406973e-05,-1.4604790560e-03,-2.1950575546e+00,0.0000000000e+00,-4.7728328967e-05,7.2131837725e-03,2.7407635605e+00
75255,2025-05-13 08:05:00,0.020742,1.614892,1.141995,-0.042 1 + 0.005 theta + 1.805 omega + -0.052 theta omega + -6.303 omega^2 + 0.001 theta^2 omega + 0.171 theta omega^2 + 17.336 omega^3,0.018 1 + -0.002 theta + -0.165 omega + 0.029 theta omega + -1.785 omega^2 + -0.001 theta^2 omega + -0.033 theta omega^2 + 11.863 omega^3,1.7511951167e-02,-1.7718121397e-03,-1.6488438122e-01,4.0217798490e-05,2.9273729132e-02,-1.7848145148e+00,0.0000000000e+00,-7.3397710925e-04,-3.2759167214e-02,1.1862650427e+01
75256,2025-05-13 08:10:00,0.066877,2.499041,1.767722,-0.001 1 + 1.011 omega + 0.002 theta omega + 0.310 omega^2 + -0.028 theta omega^2 + -2.521 omega^3,-0.002 1 + 0.021 omega + 0.001 theta^2 + 0.004 theta omega + 0.624 omega^2 + -0.001 theta^2 omega + -0.059 theta omega^2 + -4.753 omega^3,-2.0190256205e-03,-4.8368763394e-04,2.0745966421e-02,5.5629883717e-04,3.6395805224e-03,6.2444980668e-01,-5.4449692525e-05,-6.7665937084e-04,-5.8786778481e-02,-4.7532011174e+00
75257,2025-05-13 08:15:00,nan,nan,nan,-0.005 1 + 0.003 theta + 1.031 omega + 0.001 theta^2 + 0.009 theta omega + 0.599 omega^2 + 0.001 theta^2 omega + 0.058 theta omega^2 + -0.017 omega^3,-0.011 1 + 0.006 theta + 0.063 omega + 0.001 theta^2 + 0.017 theta omega + 1.185 omega^2 + 0.001 theta^2 omega + 0.114 theta omega^2 + -0.153 omega^3,-1.0859153278e-02,5.8504995420e-03,6.3233111939e-02,1.3428089497e-03,1.6867686508e-02,1.1848917248e+00,6.3238618066e-05,1.0771119805e-03,1.1426562449e-01,-1.5318623129e-01
75258,2025-05-13 08:20:00,0.055666,6.621938,4.682582,0.031 1 + -0.008 theta + 0.643 omega + 0.095 theta omega + 0.229 omega^2 + -0.006 theta^2 omega + 0.016 theta omega^2 + -2.230 omega^3,0.062 1 + -0.015 theta + -0.719 omega + 0.001 theta^2 + 0.191 theta omega + 0.500 omega^2 + -0.012 theta^2 omega + 0.024 theta omega^2 + -4.288 omega^3,6.2382313282e-02,-1.5399455497e-02,-7.1864564451e-01,7.6005852001e-04,1.9110628141e-01,5.0041129010e-01,1.2073613866e-05,-1.2200115891e-02,2.4344125647e-02,-4.2878226479e+00
75259,2025-05-13 08:25:00,0.017091,0.848542,0.600131,0.002 1 + 1.022 omega + -0.008 theta omega + -0.318 omega^2 + 0.005 theta omega^2 + 1.637 omega^3,0.003 1 + 0.045 omega + -0.016 theta omega + -0.627 omega^2 + 0.001 theta^2 omega + 0.008 theta omega^2 + 3.196 omega^3,3.3853705294e-03,-9.8588488256e-05,4.4535853197e-02,1.0739744528e-04,-1.6382150203e-02,-6.2670777816e-01,-8.1224582094e-06,8.6563607169e-04,8.2283717037e-03,3.1964273608e+00
75260,2025-05-13 08:30:00,0.084761,4.250284,3.006002,0.997 omega + -0.004 theta omega + 0.010 omega^2 + 0.002 theta^2 omega + -0.125 theta omega^2 + 0.053 omega^3,0.001 1 + -0.003 omega + -0.009 theta omega + 0.010 omega^2 + 0.004 theta^2 omega + -0.248 theta omega^2 + -0.064 omega^3,8.5208503482e-04,4.0275969473e-04,-2.7162668143e-03,-3.2407252620e-04,-8.5687033437e-03,1.0228255426e-02,-4.6984516381e-05,4.0138944578e-03,-2.4793661917e-01,-6.3747062504e-02
75261,2025-05-13 08:35:00,nan,nan,nan,0.003 1 + 0.989 omega + 0.001 theta omega + -0.059 omega^2 + -0.001 theta omega^2 + 0.551 omega^3,0.004 1 + -0.021 omega + 0.001 theta omega + -0.071 omega^2 + -0.001 theta omega^2 + 1.008 omega^3,3.5401101604e-03,2.7895980690e-04,-2.0665186187e-02,1.2723716022e-05,9.8725179085e-04,-7.0761985369e-02,0.0000000000e+00,4.9680743094e-05,-7.5265862404e-04,1.0077947318e+00
75262,2025-05-13 08:40:00,0.019490,0.428261,0.303139,-0.001 1 + 1.000 omega + -0.001 theta omega + 0.034 omega^2 + -0.008 theta omega^2 + 0.110 omega^3,-0.003 1 + -0.001 theta omega + 0.071 omega^2 + -0.017 theta omega^2 + 0.259 omega^3,-2.9572261942e-03,-1.1807962137e-04,2.5370693699e-06,1.5299353123e-05,-1.2487097850e-03,7.1370023339e-02,0.0000000000e+00,1.5760702228e-04,-1.6884271049e-02,2.5866342554e-01
75263,2025-05-13 08:45:00,0.018002,0.901379,0.637498,-0.001 1 + 1.024 omega + 0.004 theta omega + 0.681 omega^2 + 0.033 theta omega^2 + 2.820 omega^3,-0.003 1 + 0.048 omega + 0.009 theta omega + 1.361 omega^2 + 0.065 theta omega^2 + 5.868 omega^3,-2.5121683564e-03,1.7646337046e-04,4.8369249416e-02,-2.7874990575e-05,9.3201545544e-03,1.3608378748e+00,-2.6504696222e-06,1.4560908892e-04,6.4567014227e-02,5.8678168662e+00
75264,2025-05-13 08:50:00,0.020086,1.477918,1.045142,-0.041 1 + 1.739 omega + -0.020 theta omega + -3.585 omega^2 + 0.075 theta omega^2 + 5.321 omega^3,-0.027 1 + 0.001 theta + 0.440 omega + -0.016 theta omega + -1.658 omega^2 + 0.058 theta omega^2 + 0.361 omega^3,-2.7001364362e-02,8.7867996920e-04,4.4039687186e-01,3.8318295357e-06,-1.6151579596e-02,-1.6584514965e+00,0.0000000000e+00,0.0000000000e+00,5.7883413448e-02,3.6125426062e-01
75265,2025-05-13 08:55:00,0.030612,0.972792,0.688208,-0.017 1 + 1.369 omega + -0.009 theta omega + -2.347 omega^2 + 0.027 theta omega^2 + 4.881 omega^3,-0.031 1 + 0.001 theta + 0.656 omega + -0.019 theta omega + -4.041 omega^2 + 0.061 theta omega^2 + 7.867 omega^3,-3.0652293107e-02,1.1117225504e-03,6.5589013472e-01,-8.7293114452e-06,-1.9192805507e-02,-4.0412686321e+00,0.0000000000e+00,1.2094402523e-04,6.0885996563e-02,7.8665103347e+00
75266,2025-05-13 09:00:00,0.048630,1.784691,1.262436,0.002 1 + 0.889 omega + 0.003 theta omega + 1.669 omega^2 + 0.002 theta^2 omega + -0.224 theta omega^2 + -1.309 omega^3,0.003 1 + -0.217 omega + 0.005 theta omega + 3.388 omega^2 + 0.004 theta^2 omega + -0.452 theta omega^2 + -2.828 omega^3,3.2140473623e-03,3.4235797440e-04,-2.1717131800e-01,-4.0661811799e-05,4.5209367829e-03,3.3883133348e+00,-8.1962642857e-06,3.5604319934e-03,-4.5186242779e-01,-2.8282639744e+00
75267,2025-05-13 09:05:00,0.039053,2.765931,1.956003,-0.001 1 + -0.001 theta + 1.007 omega + -0.009 theta omega + 0.120 omega^2 + -0.001 theta^2 omega + 0.015 theta omega^2 + -0.687 omega^3,-0.002 1 + -0.001 theta + 0.017 omega + -0.018 theta omega + 0.236 omega^2 + -0.001 theta^2 omega + 0.033 theta omega^2 + -1.498 omega^3,-1.9077184683e-03,-1.3097978074e-03,1.6733002967e-02,-2.1369167372e-05,-1.7720839028e-02,2.3590330776e-01,3.7040632087e-06,-1.3721146965e-03,3.2597400700e-02,-1.4981201333e+00
75268,2025-05-13 09:10:00,nan,nan,nan,-0.003 1 + -0.001 theta + 0.998 omega + 0.271 omega^2 + 0.057 theta omega^2 + 0.298 omega^3,-0.004 1 + -0.002 theta + 0.004 omega + -0.001 theta^2 + 0.004 theta omega + 0.524 omega^2 + 0.107 theta omega^2 + 0.706 omega^3,-4.2307363321e-03,-2.2938214391e-03,3.5201162382e-03,-6.2263681323e-04,3.5641800024e-03,5.2412917467e-01,-6.1156596293e-05,3.6918141436e-04,1.0745463125e-01,7.0595151715e-01
75269,2025-05-13 09:15:00,0.068837,2.015181,1.425779,-0.013 1 + 0.001 theta + 1.132 omega + 0.001 theta^2 + 0.036 theta omega + 1.457 omega^2 + 0.003 theta^2 omega + 0.248 theta omega^2 + -1.556 omega^3,-0.027 1 + 0.001 theta + 0.265 omega + 0.002 theta^2 + 0.072 theta omega + 2.915 omega^2 + 0.005 theta^2 omega + 0.497 theta omega^2 + -3.220 omega^3,-2.6654322025e-02,1.2701914601e-03,2.6549557487e-01,1.9581967105e-03,7.2076365077e-02,2.9147156114e+00,1.6295456557e-04,5.0064112330e-03,4.9709225267e-01,-3.2202702892e+00
75270,2025-05-13 09:20:00,nan,nan,nan,0.001 1 + -0.001 theta + 0.999 omega + 0.002 theta omega + -0.101 omega^2 + 0.053 theta omega^2 + 0.045 omega^3,0.002 1 + -0.002 theta + -0.002 omega + 0.003 theta omega + -0.171 omega^2 + 0.001 theta^2 omega + 0.091 theta omega^2 + 0.325 omega^3,2.0526919498e-03,-2.2216656842e-03,-1.7280869122e-03,1.5431167503e-04,2.5923776690e-03,-1.7146340355e-01,8.6624001204e-06,1.2197831539e-03,9.0547055640e-02,3.2498843503e-01
75271,2025-05-13 09:25:00,0.059170,1.837602,1.300054,-0.003 1 + -0.002 theta + 0.982 omega + 0.002 theta omega + 0.070 omega^2 + 0.002 theta^2 omega + 0.008 theta omega^2 + -0.022 omega^3,-0.007 1 + -0.004 theta + -0.035 omega + -0.001 theta^2 + 0.003 theta omega + 0.169 omega^2 + 0.003 theta^2 omega + 0.027 theta omega^2 + -0.278 omega^3,-6.8395264766e-03,-3.5142897564e-03,-3.4544187496e-02,-6.6186499651e-04,3.0315301488e-03,1.6897892178e-01,-6.2106799380e-05,3.1467343276e-03,2.6795755645e-02,-2.7797622531e-01
75272,2025-05-13 09:30:00,nan,nan,nan,-0.011 1 + 0.001 theta + 1.157 omega + -0.017 theta omega + -0.475 omega^2 + 0.038 theta omega^2 + 0.643 omega^3,-0.004 1 + 0.088 omega + -0.008 theta omega + -0.303 omega^2 + 0.070 theta omega^2 + -1.802 omega^3,-4.0315843810e-03,1.6347455029e-04,8.7750015567e-02,2.3716217681e-05,-7.7149971839e-03,-3.0344574042e-01,0.0000000000e+00,-2.7781232983e-04,6.9932919619e-02,-1.8019214827e+00
75273,2025-05-13 09:35:00,0.077688,1.713409,1.212808,-0.001 1 + -0.001 theta + 1.027 omega + 0.009 theta omega + 0.222 omega^2 + 0.001 theta^2 omega + -0.016 theta omega^2 + -2.760 omega^3,-0.002 1 + -0.001 theta + 0.052 omega + 0.019 theta omega + 0.407 omega^2 + 0.003 theta^2 omega + -0.049 theta omega^2 + -5.201 omega^3,-2.0339783200e-03,-1.2746558137e-03,5.2262107592e-02,-2.7775350059e-04,1.8584772689e-02,4.0652668399e-01,-3.1532339365e-05,3.1250569804e-03,-4.8692836610e-02,-5.2006701535e+00
75274,2025-05-13 09:40:00,0.042583,0.840957,0.595408,0.032 1 + -0.006 theta + 0.625 omega + 0.001 theta^2 + 0.060 theta omega + 1.090 omega^2 + -0.002 theta^2 omega + -0.114 theta omega^2 + -0.611 omega^3,0.067 1 + -0.014 theta + -0.790 omega + 0.001 theta^2 + 0.128 theta omega + 2.304 omega^2 + -0.005 theta^2 omega + -0.238 theta omega^2 + -1.431 omega^3,6.6755618089e-02,-1.3546218474e-02,-7.9029029295e-01,1.1730746424e-03,1.2774580730e-01,2.3040231278e+00,-4.1921625936e-05,-5.1142174981e-03,-2.3756550036e-01,-1.4309327186e+00
75275,2025-05-13 09:45:00,nan,nan,nan,0.002 1 + 1.005 omega + -0.004 theta omega + -0.192 omega^2 + 0.001 theta^2 omega + 0.056 theta omega^2 + -0.093 omega^3,0.004 1 + -0.001 theta + 0.010 omega + -0.008 theta omega + -0.361 omega^2 + 0.001 theta^2 omega + 0.106 theta omega^2 + -0.174 omega^3,4.4158833637e-03,-8.8498095426e-04,9.5784866411e-03,-5.3578403171e-05,-7.8070568218e-03,-3.6106594592e-01,-6.1408379180e-06,1.3555769814e-03,1.0597303930e-01,-1.7381046504e-01
75276,2025-05-13 09:50:00,nan,nan,nan,0.032 1 + -0.003 theta + 0.342 omega + 0.064 theta omega + 3.073 omega^2 + -0.001 theta^2 omega + -0.267 theta omega^2 + 1.153 omega^3,0.062 1 + -0.006 theta + -1.291 omega + 0.124 theta omega + 6.057 omega^2 + -0.001 theta^2 omega + -0.529 theta omega^2 + 2.349 omega^3,6.1520992935e-02,-5.7833635899e-03,-1.2906715055e+00,1.5935311421e-05,1.2435880002e-01,6.0569334557e+00,3.5965020412e-06,-1.4462494002e-03,-5.2882297033e-01,2.3494952200e+00
75277,2025-05-13 09:55:00,0.023474,1.029372,0.728065,0.005 1 + 0.797 omega + 0.013 theta omega + 2.325 omega^2 + -0.052 theta omega^2 + -8.921 omega^3,0.008 1 + -0.387 omega + 0.026 theta omega + 4.462 omega^2 + -0.001 theta^2 omega + -0.101 theta omega^2 + -17.238 omega^3,8.4893156399e-03,-2.3455453875e-04,-3.8692666130e-01,-8.3212327524e-05,2.5842180548e-02,4.4619487244e+00,3.9343225973e-06,-5.6454905730e-04,-1.0138920994e-01,-1.7237801678e+01
75278,2025-05-13 10:00:00,0.014215,0.465987,0.329656,0.006 1 + 0.803 omega + 0.025 theta omega + 0.862 omega^2 + -0.147 theta omega^2 + 2.251 omega^3,0.006 1 + -0.002 theta + -0.079 omega + 0.051 theta omega + -1.937 omega^2 + -0.284 theta omega^2 + 17.236 omega^3,6.2185293950e-03,-1.6457989464e-03,-7.8645860628e-02,-1.8236180714e-05,5.1335287259e-02,-1.9373509409e+00,0.0000000000e+00,-1.0518769758e-06,-2.8418684304e-01,1.7236225009e+01
75279,2025-05-13 10:05:00,0.035396,2.237293,1.582203,-0.001 1 + 1.010 omega + -0.004 theta omega + 0.198 omega^2 + 0.017 theta omega^2 + -1.339 omega^3,-0.001 1 + -0.004 omega + -0.005 theta omega + 0.435 omega^2 + 0.016 theta omega^2 + -2.135 omega^3,-9.1854371404e-04,2.0031562473e-04,-4.2479752520e-03,-5.6607788162e-07,-5.1445193788e-03,4.3516071280e-01,0.0000000000e+00,5.0025382031e-05,1.6493635667e-02,-2.1354654850e+00
75280,2025-05-13 10:10:00,0.054318,5.168162,3.654644,0.003 1 + 0.854 omega + -0.011 theta omega + 1.867 omega^2 + -0.011 theta omega^2 + -4.059 omega^3,0.004 1 + -0.161 omega + -0.004 theta omega + 2.134 omega^2 + 0.020 theta omega^2 + -7.532 omega^3,4.1791748984e-03,8.8380375260e-05,-1.6140168064e-01,0.0000000000e+00,-3.7857644325e-03,2.1340822739e+00,0.0000000000e+00,-2.8315147047e-05,1.9541463353e-02,-7.5320758963e+00
75281,2025-05-13 10:15:00,0.027164,1.196223,0.846075,0.009 1 + 0.759 omega + 0.011 theta omega + 1.906 omega^2 + -0.048 theta omega^2 + -4.583 omega^3,0.025 1 + -0.002 theta + -0.576 omega + 0.028 theta omega + 4.201 omega^2 + -0.103 theta omega^2 + -9.917 omega^3,2.5217427028e-02,-1.8152098036e-03,-5.7561404088e-01,3.4042203128e-05,2.8147008790e-02,4.2013459582e+00,0.0000000000e+00,-3.1258786291e-04,-1.0296684095e-01,-9.9169228493e+00
75282,2025-05-13 10:20:00,1.504317,15.629724,11.102956,-0.001 theta + 1.009 omega + -0.001 theta^2 + 0.002 theta omega + 0.170 omega^2 + 0.008 theta^2 omega + 0.257 theta omega^2 + -3.913 omega^3,-0.002 theta + 0.018 omega + -0.001 theta^2 + 0.005 theta omega + 0.316 omega^2 + 0.017 theta^2 omega + 0.518 theta omega^2 + -7.584 omega^3,7.9761420532e-05,-2.4417523702e-03,1.8380295263e-02,-1.0321310893e-03,5.1937769069e-03,3.1551314752e-01,-8.5208139742e-05,1.6585877154e-02,5.1789242963e-01,-7.5843194618e+00
75283,2025-05-13 10:25:00,0.020188,0.626137,0.442975,0.064 1 + -0.001 theta + -0.008 omega + 0.012 theta omega + 5.272 omega^2 + -0.030 theta omega^2 + -9.125 omega^3,0.121 1 + -0.002 theta + -1.937 omega + 0.023 theta omega + 10.186 omega^2 + -0.057 theta omega^2 + -17.718 omega^3,1.2140210779e-01,-2.1429033382e-03,-1.9370169316e+00,1.4246426870e-05,2.2577210694e-02,1.0185564686e+01,0.0000000000e+00,-9.0404940918e-05,-5.6763113526e-02,-1.7717596244e+01
75284,2025-05-13 10:30:00,0.025797,1.403460,0.992564,0.035 1 + -0.001 theta + 0.411 omega + 0.016 theta omega + 3.144 omega^2 + -0.046 theta omega^2 + -5.374 omega^3,0.007 1 + -0.197 omega + 0.002 theta omega + 1.678 omega^2 + -0.014 theta omega^2 + -4.391 omega^3,6.8117173048e-03,-1.3589989834e-04,-1.9682535098e-01,0.0000000000e+00,2.3642604371e-03,1.6782026998e+00,0.0000000000e+00,2.0429858176e-05,-1.4025245505e-02,-4.3907444499e+00
75285,2025-05-13 10:35:00,0.046057,6.507112,4.601338,0.022 1 + 0.346 omega + 0.019 theta omega + 5.295 omega^2 + -0.111 theta omega^2 + -12.267 omega^3,0.036 1 + -0.001 theta + -0.934 omega + 0.034 theta omega + 6.625 omega^2 + -0.180 theta omega^2 + -12.084 omega^3,3.6242371356e-02,-1.3693878538e-03,-9.3409771269e-01,0.0000000000e+00,3.3918933134e-02,6.6254214495e+00,0.0000000000e+00,-4.2943465800e-05,-1.8002531054e-01,-1.2084313538e+01
75286,2025-05-13 10:40:00,0.031438,2.605890,1.842776,0.005 1 + 0.772 omega + 0.015 theta omega + 2.717 omega^2 + -0.139 theta omega^2 + -8.352 omega^3,0.009 1 + -0.445 omega + 0.030 theta omega + 5.341 omega^2 + -0.273 theta omega^2 + -16.379 omega^3,9.2442661276e-03,-1.0496799831e-04,-4.4467998623e-01,-1.3367072459e-04,2.9885237493e-02,5.3411161324e+00,6.4812581496e-06,2.1372683890e-04,-2.7281824351e-01,-1.6378523588e+01
75287,2025-05-13 10:45:00,nan,nan,nan,-0.015 1 + 0.004 theta + 1.202 omega + -0.042 theta omega + -1.379 omega^2 + 0.001 theta^2 omega + 0.030 theta omega^2 + 6.631 omega^3,-0.014 1 + 0.004 theta + 0.184 omega + -0.029 theta omega + -1.127 omega^2 + 0.040 theta omega^2 + 3.394 omega^3,-1.4425329151e-02,3.7910018980e-03,1.8444913286e-01,-5.9650687502e-05,-2.8630777478e-02,-1.1270171421e+00,0.0000000000e+00,3.2879978112e-04,3.9727616121e-02,3.3938697131e+00
75288,2025-05-13 10:50:00,0.014882,1.786923,1.263589,-0.002 1 + 0.952 omega + 0.007 theta omega + 0.880 omega^2 + -0.051 theta omega^2 + -2.752 omega^3,0.199 1 + 0.006 theta + -4.494 omega + -0.092 theta omega + 33.789 omega^2 + 0.336 theta omega^2 + -83.937 omega^3,1.9922186958e-01,6.0290028389e-03,-4.4942482229e+00,6.9115113231e-05,-9.2369469609e-02,3.3789025744e+01,0.0000000000e+00,-4.0643005204e-04,3.3590735571e-01,-8.3936850937e+01
75289,2025-05-13 10:55:00,0.008143,0.190788,0.135030,0.156 1 + -0.002 theta + -1.899 omega + 0.019 theta omega + 17.938 omega^2 + -0.056 theta omega^2 + -37.000 omega^3,0.290 1 + -0.003 theta + -5.355 omega + 0.038 theta omega + 32.956 omega^2 + -0.113 theta omega^2 + -67.577 omega^3,2.8966825913e-01,-3.1650135854e-03,-5.3554158617e+00,1.3855048102e-05,3.7974232860e-02,3.2956316428e+01,0.0000000000e+00,-8.8292084660e-05,-1.1284069441e-01,-6.7576928656e+01
75290,2025-05-13 11:00:00,nan,nan,nan,-0.248 1 + -0.003 theta + 4.819 omega + 0.020 theta omega + -19.081 omega^2 + -0.029 theta omega^2 + 30.893 omega^3,-0.647 1 + -0.009 theta + 10.273 omega + 0.077 theta omega + -53.438 omega^2 + -0.172 theta omega^2 + 91.503 omega^3,-6.4745204393e-01,-8.6772422677e-03,1.0272838393e+01,2.0143842148e-05,7.7269424834e-02,-5.3437999375e+01,0.0000000000e+00,-9.3841008281e-05,-1.7190101620e-01,9.1502706260e+01
75291,2025-05-13 11:05:00,0.009187,0.878864,0.621485,-0.198 1 + 4.215 omega + -0.003 theta omega + -17.451 omega^2 + 0.007 theta omega^2 + 31.646 omega^3,-0.029 1 + 0.287 omega + 0.003 theta omega + -0.693 omega^2 + -0.013 theta omega^2,-2.9214807091e-02,-9.0381165122e-05,2.8715284601e-01,-1.6061739779e-06,2.8264438829e-03,-6.9257976321e-01,0.0000000000e+00,1.0613840090e-05,-1.3275818118e-02,0.0000000000e+00
75292,2025-05-13 11:10:00,0.025535,2.211592,1.563936,-0.027 1 + 0.001 theta + 1.386 omega + -0.009 theta omega + -1.594 omega^2 + 0.027 theta omega^2 + 1.440 omega^3,0.059 1 + -0.003 theta + -1.144 omega + 0.031 theta omega + 7.552 omega^2 + -0.083 theta omega^2 + -16.991 omega^3,5.8543161454e-02,-2.7159053762e-03,-1.1438202374e+00,3.8621287526e-05,3.1205879101e-02,7.5517494849e+00,0.0000000000e+00,-2.8375169229e-04,-8.2634691583e-02,-1.6990932757e+01
75293,2025-05-13 11:15:00,nan,nan,nan,-0.022 1 + 0.003 theta + 1.246 omega + -0.025 theta omega + -1.086 omega^2 + 0.047 theta omega^2 + 2.264 omega^3,-0.041 1 + 0.006 theta + 0.375 omega + -0.058 theta omega + -0.814 omega^2 + 0.138 theta omega^2 + -0.141 omega^3,-4.0708405083e-02,6.1146383784e-03,3.7531287001e-01,-5.7737733348e-06,-5.8267774425e-02,-8.1351221420e-01,0.0000000000e+00,2.7669054781e-05,1.3809446366e-01,-1.4147100356e-01
75294,2025-05-13 11:20:00,0.032069,4.528295,3.202069,-0.029 1 + 0.001 theta + 1.262 omega + -0.008 theta omega + -0.614 omega^2 + 0.014 theta omega^2 + 0.193 omega^3,-0.065 1 + 0.001 theta + 0.676 omega + -0.010 theta omega + -2.085 omega^2 + 0.023 theta omega^2 + 1.683 omega^3,-6.5046722846e-02,1.1514430774e-03,6.7639206273e-01,0.0000000000e+00,-1.0107478799e-02,-2.0851479210e+00,0.0000000000e+00,-7.7014636667e-06,2.3251903009e-02,1.6825836328e+00
75295,2025-05-13 11:25:00,0.036990,5.284506,3.736802,0.118 1 + 0.001 theta + -1.108 omega + -0.003 theta omega + 12.148 omega^2 + -22.769 omega^3,0.213 1 + 0.001 theta + -3.755 omega + -0.001 theta omega + 21.085 omega^2 + -0.011 theta omega^2 + -38.322 omega^3,2.1309480940e-01,8.6919364361e-04,-3.7551529568e+00,-2.2733575107e-05,-1.3501267842e-03,2.1085418237e+01,0.0000000000e+00,1.0181185426e-04,-1.1302957682e-02,-3.8322265906e+01
75296,2025-05-13 11:30:00,nan,nan,nan,-0.382 1 + 0.007 theta + 7.209 omega + -0.073 theta omega + -33.462 omega^2 + 0.205 theta omega^2 + 59.720 omega^3,-0.717 1 + 0.011 theta + 11.967 omega + -0.135 theta omega + -65.865 omega^2 + 0.394 theta omega^2 + 119.539 omega^3,-7.1684988591e-01,1.1379495897e-02,1.1966894205e+01,-3.5941986353e-05,-1.3510366123e-01,-6.5864750520e+01,0.0000000000e+00,2.4285079239e-04,3.9439848481e-01,1.1953878468e+02
75297,2025-05-13 11:35:00,0.013947,1.617749,1.143964,0.021 1 + 0.001 theta + 0.328 omega + -0.006 theta omega + 6.058 omega^2 + 0.005 theta omega^2 + -16.528 omega^3,0.175 1 + -0.002 theta + -3.869 omega + 0.032 theta omega + 27.967 omega^2 + -0.126 theta omega^2 + -66.257 omega^3,1.7518046475e-01,-1.9664303959e-03,-3.8690091682e+00,0.0000000000e+00,3.1942508003e-02,2.7967316903e+01,0.0000000000e+00,-8.2990845643e-06,-1.2632973849e-01,-6.6257426039e+01
75298,2025-05-13 11:40:00,0.009842,0.865334,0.611923,-0.003 theta + 1.068 omega + 0.015 theta omega + 0.004 omega^2 + -0.001 theta^2 omega + 0.013 theta omega^2 + -2.868 omega^3,0.068 omega + -0.010 theta omega + 0.332 omega^2 + 0.101 theta omega^2 + -5.820 omega^3,-9.0009754953e-05,-4.6668169200e-04,6.8200872198e-02,4.8427620095e-05,-1.0054379384e-02,3.3225418745e-01,0.0000000000e+00,-3.8566452160e-04,1.0057375562e-01,-5.8196272391e+00
75299,2025-05-13 11:45:00,0.014336,0.855312,0.604882,-0.063 1 + 0.002 theta + 2.056 omega + -0.032 theta omega + -5.365 omega^2 + 0.100 theta omega^2 + 8.019 omega^3,-0.134 1 + 0.005 theta + 2.243 omega + -0.068 theta omega + -11.521 omega^2 + 0.211 theta omega^2 + 17.630 omega^3,-1.3383049235e-01,5.0016498794e-03,2.2434278555e+00,-3.3473996212e-05,-6.7623192014e-02,-1.1521011758e+01,0.0000000000e+00,3.0100082528e-04,2.1060758007e-01,1.7629867624e+01
75300,2025-05-13 11:50:00,nan,nan,nan,-0.001 1 + 0.999 omega + -0.001 theta omega + -0.009 omega^2 + -0.036 theta omega^2 + 1.557 omega^3,-0.014 1 + 0.001 theta + 0.274 omega + -0.004 theta omega + -1.817 omega^2 + -0.017 theta omega^2 + 4.912 omega^3,-1.3912146362e-02,7.0158864862e-04,2.7438686590e-01,-3.2423166430e-05,-4.3837609681e-03,-1.8174468555e+00,0.0000000000e+00,2.7356136998e-04,-1.7484525198e-02,4.9124241294e+00
75301,2025-05-13 11:55:00,0.011494,0.548658,0.388045,0.015 1 + -0.001 theta + 0.785 omega + 0.009 theta omega + 0.786 omega^2 + -0.029 theta omega^2 + -0.126 omega^3,0.028 1 + -0.001 theta + -0.386 omega + 0.018 theta omega + 1.317 omega^2 + -0.057 theta omega^2 + 0.332 omega^3,2.7687272904e-02,-1.3717645994e-03,-3.8609582637e-01,1.2516155541e-05,1.7661168211e-02,1.3167434863e+00,0.0000000000e+00,-9.8835918862e-05,-5.6639750988e-02,3.3195543820e-01
75302,2025-05-13 12:00:00,0.022131,1.079130,0.763220,-0.015 1 + 0.001 theta + 1.248 omega + -0.014 theta omega + -1.194 omega^2 + 0.034 theta omega^2 + 1.962 omega^3,-0.029 1 + 0.002 theta + 0.482 omega + -0.028 theta omega + -2.277 omega^2 + 0.065 theta omega^2 + 3.623 omega^3,-2.9189401712e-02,2.0807901970e-03,4.8225450462e-01,-3.4037334088e-05,-2.7818197846e-02,-2.2766381471e+00,0.0000000000e+00,3.5641824064e-04,6.5345335377e-02,3.6233600339e+00
75303,2025-05-13 12:05:00,0.028186,3.274644,2.315608,-0.036 1 + 0.002 theta + 1.644 omega + -0.050 theta omega + -2.329 omega^2 + 0.232 theta omega^2 + -4.246 omega^3,-0.071 1 + 0.005 theta + 1.169 omega + -0.092 theta omega + -4.012 omega^2 + 0.390 theta omega^2 + -6.854 omega^3,-7.0748967789e-02,5.3483048004e-03,1.1688111711e+00,3.9527121198e-06,-9.2227004879e-02,-4.0120601542e+00,0.0000000000e+00,-3.1136052327e-06,3.9049122100e-01,-6.8538695187e+00
75304,2025-05-13 12:10:00,nan,nan,nan,-0.013 1 + 0.004 theta + 1.194 omega + -0.047 theta omega + -0.516 omega^2 + 0.003 theta^2 omega + 0.038 theta omega^2 + 0.951 omega^3,-0.024 1 + 0.007 theta + 0.367 omega + -0.088 theta omega + -0.899 omega^2 + 0.005 theta^2 omega + 0.062 theta omega^2 + 1.561 omega^3,-2.4332608908e-02,7.2720244513e-03,3.6714194017e-01,-4.7982129752e-04,-8.7824569439e-02,-8.9931035400e-01,1.1357573135e-06,4.9393977050e-03,6.1669650931e-02,1.5609207874e+00
75305,2025-05-13 12:15:00,nan,nan,nan,-0.001 1 + 0.989 omega + 0.008 theta omega + -0.136 omega^2 + 0.003 theta^2 omega + -0.151 theta omega^2 + 1.899 omega^3,-0.001 1 + 0.001 theta + -0.024 omega + 0.015 theta omega + -0.267 omega^2 + 0.006 theta^2 omega + -0.298 theta omega^2 + 3.962 omega^3,-1.4575568776e-03,6.9966783756e-04,-2.4086906459e-02,4.2021997853e-05,1.5425399403e-02,-2.6720752391e-01,-6.8176678210e-05,6.1586011412e-03,-2.9814570394e-01,3.9616815507e+00
75306,2025-05-13 12:20:00,0.058946,1.731798,1.225275,1.011 omega + -0.004 theta omega + 0.031 omega^2 + -0.006 theta^2 omega + 0.160 theta omega^2 + -0.780 omega^3,-0.001 theta + 0.021 omega + -0.005 theta omega + 0.027 omega^2 + -0.011 theta^2 omega + 0.278 theta omega^2 + -0.969 omega^3,-3.4158737537e-04,-7.6301304152e-04,2.1460775428e-02,3.5533107456e-04,-5.1725797743e-03,2.6859999947e-02,-5.2572444866e-05,-1.1128376935e-02,2.7816200795e-01,-9.6913095538e-01
75307,2025-05-13 12:25:00,0.036812,2.247218,1.589236,0.001 1 + -0.001 theta + 1.046 omega + -0.001 theta^2 + -0.022 theta omega + -0.321 omega^2 + -0.010 theta^2 omega + 0.212 theta omega^2 + -11.056 omega^3,0.003 1 + -0.002 theta + 0.092 omega + -0.001 theta^2 + -0.042 theta omega + -0.632 omega^2 + -0.020 theta^2 omega + 0.432 theta omega^2 + -21.982 omega^3,2.9167414005e-03,-1.6544356364e-03,9.1991285397e-02,-1.1182264022e-03,-4.1532767153e-02,-6.3156657209e-01,-9.1406950296e-06,-2.0032578980e-02,4.3213632794e-01,-2.1981749641e+01
75308,2025-05-13 12:30:00,nan,nan,nan,0.001 1 + 0.992 omega + 0.001 theta omega + 0.085 omega^2 + 0.001 theta^2 omega + -0.070 theta omega^2 + 1.863 omega^3,0.001 1 + 0.001 theta + -0.015 omega + -0.001 theta^2 + 0.002 theta omega + 0.236 omega^2 + 0.001 theta^2 omega + -0.148 theta omega^2 + 3.322 omega^3,1.3579953416e-03,8.0396214404e-04,-1.4607232794e-02,-6.9359584261e-04,2.3484084596e-03,2.3607486754e-01,7.0931303208e-05,1.4931215722e-03,-1.4806577116e-01,3.3224664231e+00
75309,2025-05-13 12:35:00,0.022297,0.535432,0.378936,1.012 omega + -0.010 theta omega + 0.117 omega^2 + -0.001 theta^2 omega + 0.024 theta omega^2 + -1.762 omega^3,-0.001 theta + 0.026 omega + -0.019 theta omega + 0.219 omega^2 + -0.002 theta^2 omega + 0.046 theta omega^2 + -3.550 omega^3,1.7581672255e-04,-9.8309373896e-04,2.6101673381e-02,-1.0028759740e-04,-1.9362066046e-02,2.1895174606e-01,-4.5953423446e-06,-1.9881443299e-03,4.6331479912e-02,-3.5499615602e+00
75310,2025-05-13 12:40:00,0.011215,0.502230,0.355218,0.001 1 + 1.005 omega + 0.019 theta omega + -1.040 omega^2 + -0.145 theta omega^2 + 9.062 omega^3,-0.001 1 + -0.001 theta + 0.085 omega + 0.029 theta omega + -2.501 omega^2 + -0.213 theta omega^2 + 17.315 omega^3,-1.0823010202e-03,-5.8037376249e-04,8.4983422389e-02,-3.3053011744e-05,2.9208700037e-02,-2.5008647187e+00,0.0000000000e+00,2.5433275107e-04,-2.1287392744e-01,1.7314502839e+01
75311,2025-05-13 12:45:00,0.050398,3.415138,2.415131,-0.001 theta + 1.008 omega + 0.171 omega^2 + -0.001 theta^2 omega + 0.017 theta omega^2 + 2.029 omega^3,-0.002 theta + 0.019 omega + -0.001 theta^2 + 0.385 omega^2 + -0.002 theta^2 omega + 0.034 theta omega^2 + 4.253 omega^3,3.1870024171e-04,-1.7791649414e-03,1.8964047085e-02,-5.6288803210e-04,-3.7832681174e-04,3.8532878543e-01,-2.0911563550e-05,-2.2177222921e-03,3.3753991389e-02,4.2533992983e+00
75312,2025-05-13 12:50:00,0.068145,2.183782,1.544919,-0.010 1 + -0.002 theta + 0.893 omega + -0.035 theta omega + 0.305 omega^2 + -0.003 theta^2 omega + 0.049 theta omega^2 + 0.261 omega^3,-0.019 1 + -0.005 theta + -0.202 omega + -0.065 theta omega + 0.723 omega^2 + -0.005 theta^2 omega + 0.117 theta omega^2 + 0.907 omega^3,-1.9297013190e-02,-4.5912682331e-03,-2.0176424094e-01,-4.9737603370e-05,-6.5327328328e-02,7.2281373791e-01,2.5467185878e-05,-5.3444305963e-03,1.1672671141e-01,9.0700176028e-01
75313,2025-05-13 12:55:00,0.043664,1.064655,0.753458,1.007 omega + -0.002 theta omega + -0.044 omega^2 + -0.021 theta omega^2 + -0.162 omega^3,0.013 omega + -0.005 theta omega + -0.075 omega^2 + -0.039 theta omega^2 + -0.304 omega^3,4.5778570765e-04,-9.1861687966e-05,1.2883281687e-02,3.3711785455e-04,-4.6806675953e-03,-7.5346398081e-02,-5.2187883321e-05,4.2065762885e-04,-3.8585353539e-02,-3.0359723448e-01
75314,2025-05-13 13:00:00,nan,nan,nan,0.087 1 + 0.002 theta + 2.344 omega + 0.017 theta omega + 6.821 omega^2 + 0.042 theta omega^2 + 11.499 omega^3,0.191 1 + 0.002 theta + 3.002 omega + 0.026 theta omega + 15.320 omega^2 + 0.075 theta omega^2 + 25.580 omega^3,1.9131845272e-01,2.2570385174e-03,3.0018971083e+00,0.0000000000e+00,2.6476185800e-02,1.5319609551e+01,0.0000000000e+00,-1.8189238224e-07,7.4768313111e-02,2.5579501853e+01
75315,2025-05-13 13:05:00,0.060472,6.516022,4.607721,-0.002 1 + 0.988 omega + -0.001 theta omega + 0.226 omega^2 + -0.045 theta omega^2 + 1.267 omega^3,-0.004 1 + -0.033 omega + -0.003 theta omega + 0.420 omega^2 + -0.085 theta omega^2 + 3.203 omega^3,-4.0953567651e-03,-1.8790247507e-05,-3.2838156431e-02,2.8623799615e-04,-3.2006426043e-03,4.2035495947e-01,-2.8739009454e-05,4.5248443883e-04,-8.5396182122e-02,3.2026961768e+00
75316,2025-05-13 13:10:00,nan,nan,nan,0.001 1 + -0.001 theta + 1.027 omega + 0.015 theta omega + -0.473 omega^2 + 0.001 theta^2 omega + -0.104 theta omega^2 + 1.367 omega^3,0.003 1 + -0.001 theta + 0.053 omega + -0.001 theta^2 + 0.029 theta omega + -0.943 omega^2 + 0.003 theta^2 omega + -0.208 theta omega^2 + 2.935 omega^3,2.5801637704e-03,-1.2178543815e-03,5.3164252252e-02,-7.7726292544e-04,2.9368083307e-02,-9.4340011038e-01,-7.4065281354e-05,2.7624023814e-03,-2.0835181605e-01,2.9351043674e+00
75317,2025-05-13 13:15:00,0.092215,1.750916,1.239800,-0.001 1 + 0.986 omega + 0.007 theta omega + -0.363 omega^2 + -0.011 theta omega^2 + -0.509 omega^3,-0.002 1 + -0.030 omega + 0.014 theta omega + -0.754 omega^2 + 0.001 theta^2 omega + -0.024 theta omega^2 + -1.046 omega^3,-2.1428005116e-03,-2.3327614981e-04,-2.9560630978e-02,-9.0435517111e-05,1.3701604431e-02,-7.5386470473e-01,-3.4596222070e-06,6.0338997636e-04,-2.3537931334e-02,-1.0460005417e+00
75318,2025-05-13 13:20:00,0.098398,6.763686,4.783155,1.000 omega + -0.002 theta omega + 0.079 omega^2 + 0.010 theta omega^2 + -0.802 omega^3,0.001 1 + 0.001 theta + 0.002 omega + -0.003 theta omega + 0.135 omega^2 + 0.020 theta omega^2 + -1.501 omega^3,8.2214761975e-04,5.0531749978e-04,2.1473928386e-03,3.4797803214e-05,-3.0330894353e-03,1.3488210686e-01,-9.6699697844e-06,4.5759073336e-05,2.0168603996e-02,-1.5007169476e+00
75319,2025-05-13 13:25:00,0.033727,2.591061,1.832312,-0.008 1 + 0.003 theta + 1.117 omega + -0.028 theta omega + -0.718 omega^2 + 0.023 theta omega^2 + 3.282 omega^3,-0.012 1 + 0.004 theta + 0.176 omega + -0.033 theta omega + -0.856 omega^2 + 0.063 theta omega^2 + 1.220 omega^3,-1.2121090820e-02,3.8463933991e-03,1.7636353137e-01,-6.6027241184e-05,-3.2614085059e-02,-8.5648303185e-01,0.0000000000e+00,3.6268337519e-04,6.3116019692e-02,1.2200471380e+00
75320,2025-05-13 13:30:00,nan,nan,nan,0.009 1 + 0.006 theta + 0.843 omega + -0.001 theta^2 + 0.003 theta omega + 0.496 omega^2 + -0.034 theta omega^2 + -1.985 omega^3,0.018 1 + 0.012 theta + -0.330 omega + -0.002 theta^2 + 0.008 theta omega + 1.105 omega^2 + 0.001 theta^2 omega + -0.074 theta omega^2 + -4.245 omega^3,1.8093902165e-02,1.2256183065e-02,-3.2974603735e-01,-1.5481330715e-03,8.2583714552e-03,1.1054684731e+00,4.4758128004e-05,7.6838387583e-04,-7.3950583895e-02,-4.2452836051e+00
75321,2025-05-13 13:35:00,0.063196,2.625825,1.857276,0.003 1 + -0.002 theta + 0.951 omega + 0.016 theta omega + 0.226 omega^2 + -0.001 theta^2 omega + -0.025 theta omega^2 + -0.968 omega^3,0.006 1 + -0.004 theta + -0.097 omega + 0.001 theta^2 + 0.032 theta omega + 0.477 omega^2 + -0.002 theta^2 omega + -0.050 theta omega^2 + -1.903 omega^3,6.3114715952e-03,-4.1807635425e-03,-9.6804339136e-02,7.4976636095e-04,3.2114673692e-02,4.7731069358e-01,-3.9298422310e-05,-2.2228120134e-03,-5.0250695250e-02,-1.9027431980e+00
75322,2025-05-13 13:40:00,0.057060,2.218568,1.569284,1.004 omega + -0.001 theta^2 + -0.005 theta omega + -0.042 omega^2 + -0.001 theta^2 omega + -0.060 theta omega^2 + -0.543 omega^3,0.001 1 + -0.001 theta + 0.009 omega + -0.002 theta^2 + -0.008 theta omega + -0.095 omega^2 + -0.002 theta^2 omega + -0.120 theta omega^2 + -1.012 omega^3,8.3879471267e-04,-6.0088989218e-04,9.0799353237e-03,-1.6554494579e-03,-8.3356039714e-03,-9.4987381048e-02,-3.7801637058e-04,-2.4913565282e-03,-1.2014455215e-01,-1.0117803988e+00
75323,2025-05-13 13:45:00,0.043454,1.123446,0.794990,0.001 1 + -0.001 theta + 1.038 omega + 0.002 theta omega + -0.120 omega^2 + -0.241 omega^3,0.001 1 + -0.002 theta + 0.078 omega + 0.004 theta omega + -0.219 omega^2 + -0.001 theta omega^2 + -0.647 omega^3,1.2147528459e-03,-2.2742846997e-03,7.8376876076e-02,1.8136505632e-04,3.8567293827e-03,-2.1883560306e-01,-3.7608737724e-06,-2.4449775105e-04,-1.2665985081e-03,-6.4653350154e-01
75324,2025-05-13 13:50:00,0.040801,1.795137,1.269681,-0.061 1 + -0.011 theta + 0.470 omega + -0.001 theta^2 + -0.070 theta omega + -0.842 omega^2 + -0.002 theta^2 omega + -0.090 theta omega^2 + 1.493 omega^3,-0.121 1 + -0.022 theta + -1.054 omega + -0.001 theta^2 + -0.139 theta omega + -1.676 omega^2 + -0.004 theta^2 omega + -0.181 theta omega^2 + 3.026 omega^3,-1.2125332827e-01,-2.2298300516e-02,-1.0537953899e+00,-1.3188459116e-03,-1.3873387866e-01,-1.6757087101e+00,-2.5487693024e-05,-4.1174501629e-03,-1.8134141175e-01,3.0264030918e+00
75325,2025-05-13 13:55:00,0.313387,9.997851,7.073021,-0.010 1 + 1.066 omega + -0.007 theta omega + 0.479 omega^2 + -0.055 theta omega^2 + -0.568 omega^3,-0.021 1 + 0.001 theta + 0.133 omega + -0.015 theta omega + 0.977 omega^2 + -0.110 theta omega^2 + -1.135 omega^3,-2.0842581931e-02,8.1206653323e-04,1.3346380832e-01,3.8949607658e-04,-1.4907361545e-02,9.7657903370e-01,-2.6349609348e-05,3.9089923114e-04,-1.0965968202e-01,-1.1351028323e+00
75326,2025-05-13 14:00:00,nan,nan,nan,0.141 1 + 0.002 theta + 2.502 omega + 0.014 theta omega + 5.193 omega^2 + 0.029 theta omega^2 + 5.788 omega^3,0.284 1 + 0.004 theta + 3.030 omega + 0.029 theta omega + 10.503 omega^2 + 0.058 theta omega^2 + 11.763 omega^3,2.8439754112e-01,3.6013766831e-03,3.0303810225e+00,2.1845440769e-06,2.8712966167e-02,1.0502779093e+01,0.0000000000e+00,-2.6719743494e-06,5.8283816809e-02,1.1763389124e+01
75327,2025-05-13 14:05:00,0.085304,3.162762,2.237224,0.006 1 + 1.038 omega + 0.019 omega^2 + -0.013 theta omega^2 + -0.151 omega^3,0.014 1 + 0.091 omega + 0.002 theta omega + 0.070 omega^2 + -0.024 theta omega^2 + -0.214 omega^3,1.4061559552e-02,3.4465767650e-04,9.1062048466e-02,-2.2532547262e-04,2.4838867243e-03,7.0347990108e-02,-9.3360508092e-06,-8.8876146294e-05,-2.3627803089e-02,-2.1422742114e-01
75328,2025-05-13 14:10:00,nan,nan,nan,-0.022 1 + 0.012 theta + 1.160 omega + -0.001 theta^2 + -0.084 theta omega + -0.060 omega^2 + 0.009 theta^2 omega + -0.068 theta omega^2 + 3.549 omega^3,-0.045 1 + 0.024 theta + 0.333 omega + -0.003 theta^2 + -0.173 theta omega + -0.145 omega^2 + 0.018 theta^2 omega + -0.134 theta omega^2 + 7.223 omega^3,-4.5071662291e-02,2.4497568676e-02,3.3276648189e-01,-2.7777992935e-03,-1.7301396996e-01,-1.4509864463e-01,2.5225064527e-05,1.7521219539e-02,-1.3449939778e-01,7.2228583131e+00
75329,2025-05-13 14:15:00,0.012823,0.383946,0.271642,-0.001 1 + 1.000 omega + 0.002 theta omega + 0.064 omega^2 + 0.006 theta omega^2 + 0.193 omega^3,-0.003 1 + -0.001 theta + 0.001 omega + 0.004 theta omega + 0.131 omega^2 + 0.013 theta omega^2 + 0.394 omega^3,-3.0551603994e-03,-5.3070418994e-04,7.7117905458e-04,-8.3493822019e-05,4.3313610928e-03,1.3115012046e-01,-3.8332663356e-06,1.8822164865e-04,1.2929700009e-02,3.9447155841e-01
75330,2025-05-13 14:20:00,nan,nan,nan,0.001 1 + -0.001 theta + 1.005 omega + 0.005 theta omega + -0.103 omega^2 + -0.001 theta^2 omega + 0.081 theta omega^2 + -0.574 omega^3,0.002 1 + -0.003 theta + 0.012 omega + 0.011 theta omega + -0.204 omega^2 + -0.001 theta^2 omega + 0.163 theta omega^2 + -1.231 omega^3,2.2320900320e-03,-2.7949389418e-03,1.2419321698e-02,-1.5020733327e-04,1.0919547705e-02,-2.0443714281e-01,9.3788460144e-05,-1.0891624894e-03,1.6302043161e-01,-1.2311150760e+00
75331,2025-05-13 14:25:00,0.131857,4.580865,3.240502,-0.002 1 + -0.002 theta + 0.991 omega + -0.007 theta omega + -0.096 omega^2 + -0.004 theta omega^2 + -0.156 omega^3,-0.005 1 + -0.003 theta + -0.018 omega + -0.015 theta omega + -0.182 omega^2 + -0.001 theta^2 omega + -0.009 theta omega^2 + -0.302 omega^3,-4.7656928200e-03,-3.1107430385e-03,-1.7534026778e-02,-1.2283970540e-04,-1.4534797910e-02,-1.8227042951e-01,6.3999908776e-07,-6.6203494166e-04,-9.1731026553e-03,-3.0228721277e-01
75332,2025-05-13 14:30:00,nan,nan,nan,0.002 1 + 0.002 theta + 1.001 omega + -0.001 theta^2 + -0.007 theta omega + -0.317 omega^2 + 0.002 theta^2 omega + 0.079 theta omega^2 + 0.847 omega^3,0.003 1 + 0.004 theta + 0.002 omega + -0.002 theta^2 + -0.015 theta omega + -0.637 omega^2 + 0.004 theta^2 omega + 0.156 theta omega^2 + 1.736 omega^3,3.1558112803e-03,3.6571374423e-03,2.1731520695e-03,-1.7104749677e-03,-1.5072121465e-02,-6.3692904749e-01,8.7958164388e-05,4.0494344417e-03,1.5579607863e-01,1.7358508122e+00
75333,2025-05-13 14:35:00,0.008236,0.205935,0.145734,-0.001 theta + 1.007 omega + 0.001 theta omega + -0.031 omega^2 + -0.009 theta omega^2 + -0.028 omega^3,-0.002 theta + 0.016 omega + 0.002 theta omega + -0.075 omega^2 + -0.019 theta omega^2 + -0.128 omega^3,2.1355312625e-04,-2.1139012608e-03,1.6195575481e-02,-4.0436964392e-04,1.6222420161e-03,-7.5195722870e-02,-1.7292890676e-05,4.6953953597e-05,-1.9490430830e-02,-1.2803275448e-01
75334,2025-05-13 14:40:00,nan,nan,nan,-0.026 1 + 0.014 theta + 1.288 omega + -0.002 theta^2 + -0.083 theta omega + -0.866 omega^2 + 0.006 theta^2 omega + 0.112 theta omega^2 + 0.099 omega^3,-0.052 1 + 0.028 theta + 0.561 omega + -0.004 theta^2 + -0.162 theta omega + -1.640 omega^2 + 0.011 theta^2 omega + 0.212 theta omega^2 + 0.002 omega^3,-5.1827686223e-02,2.7832357843e-02,5.6087305454e-01,-4.2105204087e-03,-1.6186773638e-01,-1.6401231048e+00,1.8823289712e-04,1.1458956664e-02,2.1177257102e-01,2.4799561564e-03
75335,2025-05-13 14:45:00,0.099374,2.901325,2.052749,-0.001 1 + 1.004 omega + 0.001 theta^2 + -0.001 theta omega + 0.056 omega^2 + 0.001 theta^2 omega + -0.056 theta omega^2 + -0.297 omega^3,-0.001 1 + 0.010 omega + 0.001 theta^2 + -0.003 theta omega + 0.114 omega^2 + 0.001 theta^2 omega + -0.112 theta omega^2 + -0.608 omega^3,-1.1331868379e-03,-3.7535918555e-04,1.0075689135e-02,1.0421759854e-03,-2.8678777722e-03,1.1444227401e-01,-3.0613939490e-04,1.4119255258e-03,-1.1207966104e-01,-6.0823697684e-01
75336,2025-05-13 14:50:00,0.198013,6.500036,4.598352,0.007 1 + -0.003 theta + 0.971 omega + 0.007 theta omega + 0.056 omega^2 + -0.009 theta omega^2 + -0.267 omega^3,0.013 1 + -0.006 theta + -0.055 omega + 0.001 theta^2 + 0.014 theta omega + 0.105 omega^2 + -0.001 theta^2 omega + -0.017 theta omega^2 + -0.561 omega^3,1.3254004954e-02,-5.5098198366e-03,-5.5179871551e-02,7.2910812586e-04,1.3525854425e-02,1.0523241665e-01,-2.7331751410e-05,-6.0855086655e-04,-1.7439797183e-02,-5.6123663634e-01
75337,2025-05-13 14:55:00,0.033026,1.134049,0.802234,-0.002 1 + -0.001 theta + 1.025 omega + -0.002 theta omega + 0.256 omega^2 + -0.001 theta^2 omega + 0.067 theta omega^2 + -2.523 omega^3,-0.004 1 + -0.001 theta + 0.049 omega + -0.003 theta omega + 0.476 omega^2 + -0.002 theta^2 omega + 0.103 theta omega^2 + -4.790 omega^3,-4.3624311146e-03,-1.2993065766e-03,4.8991827890e-02,3.2257700332e-04,-2.9936158002e-03,4.7590937199e-01,0.0000000000e+00,-2.2758052048e-03,1.0320910303e-01,-4.7900269117e+00
75338,2025-05-13 15:00:00,nan,nan,nan,-0.022 1 + 0.001 theta + 1.121 omega + -0.010 theta omega + 0.127 omega^2 + -0.009 theta omega^2 + 0.053 omega^3,-0.042 1 + 0.002 theta + 0.226 omega + -0.019 theta omega + 0.285 omega^2 + -0.018 theta omega^2 + 0.128 omega^3,-4.1866258264e-02,1.9920030477e-03,2.2566284106e-01,6.4820689778e-05,-1.8793347311e-02,2.8523991445e-01,-2.7012213995e-06,3.6796374526e-04,-1.8135422938e-02,1.2750673248e-01
75339,2025-05-13 15:05:00,0.035608,2.282740,1.614337,-0.008 1 + 0.819 omega + -0.012 theta omega + -0.904 omega^2 + -0.047 theta omega^2 + -0.729 omega^3,-0.014 1 + -0.001 theta + -0.348 omega + -0.024 theta omega + -1.718 omega^2 + -0.092 theta omega^2 + -1.206 omega^3,-1.4098603423e-02,-7.2327709662e-04,-3.4806857374e-01,4.0491386999e-05,-2.4064682687e-02,-1.7178837779e+00,1.9393857409e-06,-1.8342920216e-04,-9.2249152237e-02,-1.2060895583e+00
75340,2025-05-13 15:10:00,nan,nan,nan,0.089 1 + 0.008 theta + 1.571 omega + 0.046 theta omega + 0.533 omega^2 + 0.001 theta^2 omega + 0.021 theta omega^2 + -0.549 omega^3,0.179 1 + 0.017 theta + 1.134 omega + 0.091 theta omega + 1.005 omega^2 + 0.002 theta^2 omega + 0.039 theta omega^2 + -1.123 omega^3,1.7859573402e-01,1.6817629832e-02,1.1338085694e+00,3.8927921722e-04,9.1174792555e-02,1.0045930338e+00,0.0000000000e+00,1.8454389158e-03,3.9159326887e-02,-1.1234051511e+00
75341,2025-05-13 15:15:00,0.094135,9.980340,7.057480,-0.001 1 + -0.002 theta + 1.000 omega + 0.005 theta omega + -0.304 omega^2 + -0.029 theta omega^2 + 0.766 omega^3,-0.002 1 + -0.003 theta + 0.002 omega + -0.001 theta^2 + 0.011 theta omega + -0.598 omega^2 + 0.001 theta^2 omega + -0.056 theta omega^2 + 1.662 omega^3,-2.1020956875e-03,-3.1363794799e-03,1.6645350508e-03,-5.2442390351e-04,1.1425919879e-02,-5.9799134531e-01,-2.1611222852e-05,7.1061563213e-04,-5.6060846696e-02,1.6619083241e+00
75342,2025-05-13 15:20:00,nan,nan,nan,0.001 1 + 0.987 omega + 0.009 theta omega + -0.282 omega^2 + -0.019 theta omega^2 + 1.790 omega^3,0.003 1 + -0.025 omega + 0.018 theta omega + -0.563 omega^2 + -0.039 theta omega^2 + 3.601 omega^3,2.7911738563e-03,-3.2730942575e-04,-2.4609073849e-02,-6.9844817626e-05,1.7822266639e-02,-5.6279234457e-01,3.4103686161e-06,-4.7373233068e-04,-3.8863126672e-02,3.6014342178e+00
75343,2025-05-13 15:25:00,nan,nan,nan,0.003 1 + -0.001 theta + 0.975 omega + 0.009 theta omega + -0.121 omega^2 + -0.027 theta omega^2 + 1.262 omega^3,0.005 1 + -0.002 theta + -0.042 omega + 0.015 theta omega + -0.221 omega^2 + -0.036 theta omega^2 + 1.887 omega^3,5.2996672416e-03,-1.5902681058e-03,-4.1866672680e-02,3.9763595640e-05,1.5487968916e-02,-2.2085262742e-01,0.0000000000e+00,-2.3151465740e-04,-3.6046798478e-02,1.8872635711e+00
75344,2025-05-13 15:30:00,0.375851,26.771634,18.932269,-0.016 1 + 0.001 theta + 1.075 omega + -0.005 theta omega + 0.106 omega^2 + -0.006 theta omega^2 + -0.053 omega^3,-0.032 1 + 0.001 theta + 0.144 omega + -0.009 theta omega + 0.233 omega^2 + -0.012 theta omega^2 + -0.163 omega^3,-3.1807027288e-02,1.4992003315e-03,1.4362540686e-01,5.3844102927e-05,-9.4005757438e-03,2.3277542597e-01,-2.3903118255e-06,1.5549664248e-04,-1.1782929788e-02,-1.6308294978e-01
75345,2025-05-13 15:35:00,0.029556,3.699604,2.616098,-0.115 1 + -0.609 omega + -0.008 theta omega + -6.985 omega^2 + -0.039 theta omega^2 + -8.760 omega^3,-0.259 1 + -3.612 omega + -0.015 theta omega + -15.558 omega^2 + -0.081 theta omega^2 + -19.476 omega^3,-2.5936513011e-01,-4.0274300825e-05,-3.6124064832e+00,4.5132912252e-05,-1.5165094921e-02,-1.5558079211e+01,0.0000000000e+00,2.4174056883e-04,-8.0685232565e-02,-1.9475515478e+01
75346,2025-05-13 15:40:00,nan,nan,nan,0.065 1 + 0.005 theta + 1.709 omega + 0.045 theta omega + 2.289 omega^2 + 0.001 theta^2 omega + 0.072 theta omega^2 + 2.813 omega^3,0.129 1 + 0.010 theta + 1.411 omega + 0.089 theta omega + 4.619 omega^2 + 0.001 theta^2 omega + 0.145 theta omega^2 + 5.765 omega^3,1.2937551845e-01,1.0181532077e-02,1.4108639291e+00,1.8273983998e-04,8.9230538113e-02,4.6191148597e+00,0.0000000000e+00,1.2289228151e-03,1.4521450895e-01,5.7653576371e+00
75347,2025-05-13 15:45:00,nan,nan,nan,0.004 1 + 1.012 omega + 0.003 theta omega + -0.185 omega^2 + -0.020 theta omega^2 + -0.129 omega^3,0.008 1 + 0.001 theta + 0.023 omega + 0.006 theta omega + -0.381 omega^2 + -0.039 theta omega^2 + -0.128 omega^3,8.0624904424e-03,7.1257658884e-04,2.2703102071e-02,-9.0255440481e-05,6.1124391139e-03,-3.8126458453e-01,-8.0400242703e-06,4.0183268909e-04,-3.9335303125e-02,-1.2806112053e-01
75348,2025-05-13 15:50:00,nan,nan,nan,1.004 omega + -0.005 theta omega + 0.215 omega^2 + 0.001 theta^2 omega + -0.109 theta omega^2 + 1.608 omega^3,0.006 omega + -0.010 theta omega + 0.447 omega^2 + 0.002 theta^2 omega + -0.218 theta omega^2 + 3.453 omega^3,4.1930820267e-04,-3.7587274937e-04,6.2420291672e-03,-9.6174862746e-05,-1.0276676402e-02,4.4660949632e-01,-1.2472079787e-05,1.6763398946e-03,-2.1828174765e-01,3.4529856986e+00
75349,2025-05-13 15:55:00,0.043615,1.708652,1.208593,-0.002 1 + 0.001 theta + 1.004 omega + 0.006 theta omega + 0.351 omega^2 + 0.009 theta omega^2 + 1.515 omega^3,0.001 1 + 0.002 theta + 0.053 omega + 0.014 theta omega + 0.720 omega^2 + 0.017 theta omega^2 + 2.931 omega^3,7.4106854038e-04,1.5641527883e-03,5.2731465355e-02,5.3764808192e-05,1.3766912327e-02,7.1958782307e-01,0.0000000000e+00,3.6883706128e-04,1.7472173230e-02,2.9311908377e+00
75350,2025-05-13 16:00:00,1.241155,71.873993,50.830165,0.009 1 + 0.003 theta + 1.043 omega + 0.006 theta omega + -0.196 omega^2 + -0.016 theta omega^2 + -1.121 omega^3,0.018 1 + 0.006 theta + 0.099 omega + 0.015 theta omega + -0.343 omega^2 + 0.001 theta^2 omega + -0.030 theta omega^2 + -2.148 omega^3,1.8394324570e-02,5.7032594926e-03,9.9094670818e-02,4.4769430744e-04,1.4553596392e-02,-3.4259938414e-01,9.5284596491e-06,5.6354032829e-04,-3.0077250028e-02,-2.1483505205e+00
75351,2025-05-13 16:05:00,nan,nan,nan,0.001 1 + 1.000 omega + -0.001 theta omega + -0.054 omega^2 + -0.011 theta omega^2 + -0.085 omega^3,-0.001 1 + -0.003 theta + 0.004 omega + 0.001 theta^2 + -0.006 theta omega + 0.391 omega^2 + 0.001 theta^2 omega + -0.127 theta omega^2 + 0.613 omega^3,-1.0988434057e-03,-2.6733368368e-03,4.1302076156e-03,1.1638175661e-03,-5.6545519957e-03,3.9071028399e-01,-1.1342021806e-04,1.0625652890e-03,-1.2716903724e-01,6.1297452757e-01
75352,2025-05-13 16:10:00,0.103391,3.829718,2.709007,-0.002 1 + -0.001 theta + 0.954 omega + -0.013 theta omega + -0.352 omega^2 + -0.001 theta^2 omega + -0.033 theta omega^2 + -1.262 omega^3,-0.004 1 + -0.002 theta + -0.089 omega + -0.001 theta^2 + -0.027 theta omega + -0.710 omega^2 + -0.002 theta^2 omega + -0.068 theta omega^2 + -2.640 omega^3,-3.5910570265e-03,-2.4744081293e-03,-8.9315900879e-02,-5.2017583694e-04,-2.6599759867e-02,-7.1006376935e-01,-3.4746980194e-05,-1.5772753168e-03,-6.7909588279e-02,-2.6403725347e+00
75353,2025-05-13 16:15:00,0.104880,2.674719,1.892765,-0.001 1 + 1.016 omega + -0.006 theta omega + 0.189 omega^2 + 0.001 theta^2 omega + -0.027 theta omega^2 + -0.322 omega^3,-0.001 1 + 0.031 omega + -0.011 theta omega + 0.365 omega^2 + 0.001 theta^2 omega + -0.054 theta omega^2 + -0.693 omega^3,-1.3416091904e-03,-8.6916807938e-06,3.1210998860e-02,1.4857389926e-04,-1.1004098478e-02,3.6491444228e-01,-1.8603510423e-05,1.0005348454e-03,-5.4139680163e-02,-6.9338600892e-01
75354,2025-05-13 16:20:00,0.058766,4.528793,3.202610,0.001 1 + 0.971 omega + -0.001 theta^2 + 0.044 theta omega + -0.371 omega^2 + 0.008 theta^2 omega + -0.139 theta omega^2 + 5.448 omega^3,0.001 1 + -0.001 theta + -0.055 omega + -0.002 theta^2 + 0.088 theta omega + -0.708 omega^2 + 0.015 theta^2 omega + -0.275 theta omega^2 + 10.927 omega^3,1.0767316518e-03,-5.9456510049e-04,-5.4963970752e-02,-1.5241511508e-03,8.8175879814e-02,-7.0754024384e-01,-2.1570296523e-04,1.5157042425e-02,-2.7540887277e-01,1.0927380988e+01
75355,2025-05-13 16:25:00,0.095336,4.818020,3.407521,0.002 1 + -0.001 theta + 0.998 omega + -0.001 theta omega + 0.031 omega^2 + -0.018 theta omega^2 + 0.945 omega^3,0.003 1 + -0.002 theta + -0.002 omega + -0.002 theta omega + 0.067 omega^2 + -0.035 theta omega^2 + 1.897 omega^3,3.2725828617e-03,-2.1694462688e-03,-1.5347364603e-03,3.3174251131e-04,-2.2371341538e-03,6.6867736704e-02,-1.1438345844e-05,6.9921006230e-05,-3.4844133730e-02,1.8967847807e+00
75356,2025-05-13 16:30:00,nan,nan,nan,0.001 1 + 0.989 omega + -0.009 theta omega + -0.260 omega^2 + 0.004 theta^2 omega + -0.061 theta omega^2 + 3.051 omega^3,0.003 1 + -0.001 theta + -0.020 omega + -0.018 theta omega + -0.505 omega^2 + 0.007 theta^2 omega + -0.126 theta omega^2 + 5.944 omega^3,2.8508540020e-03,-6.8747813280e-04,-2.0039925099e-02,2.5359277545e-04,-1.8322377013e-02,-5.0486270232e-01,-6.0201396324e-05,7.4094547085e-03,-1.2578317163e-01,5.9437961967e+00
75357,2025-05-13 16:35:00,0.880121,87.128767,61.612485,0.005 1 + 0.001 theta + 0.814 omega + -0.004 theta omega + 1.435 omega^2 + 0.001 theta^2 omega + -0.059 theta omega^2 + -0.616 omega^3,0.011 1 + 0.001 theta + -0.381 omega + -0.008 theta omega + 2.939 omega^2 + 0.001 theta^2 omega + -0.120 theta omega^2 + -1.290 omega^3,1.1230488669e-02,1.4822037539e-03,-3.8086917959e-01,-8.3644699109e-05,-7.8541801294e-03,2.9391037843e+00,-5.0215980540e-07,1.1555895921e-03,-1.2030021107e-01,-1.2904640580e+00
75358,2025-05-13 16:40:00,0.007463,0.310713,0.219770,-0.003 1 + 1.016 omega + 0.001 theta omega + 0.177 omega^2 + -0.001 theta^2 omega + -1.166 omega^3,-0.005 1 + -0.001 theta + 0.033 omega + 0.001 theta omega + 0.350 omega^2 + -0.001 theta^2 omega + -0.002 theta omega^2 + -2.315 omega^3,-5.2325520752e-03,-5.6699294634e-04,3.2649981203e-02,3.8913135643e-04,1.1579141863e-03,3.5021080775e-01,-2.4332124424e-05,-1.1966199055e-03,-1.9816425764e-03,-2.3150182108e+00
75359,2025-05-13 16:45:00,nan,nan,nan,-0.051 1 + 0.005 theta + 1.405 omega + -0.053 theta omega + -0.201 omega^2 + 0.002 theta^2 omega + 0.005 theta omega^2 + 0.826 omega^3,-0.104 1 + 0.010 theta + 0.815 omega + -0.106 theta omega + -0.320 omega^2 + 0.003 theta^2 omega + 0.004 theta omega^2 + 1.558 omega^3,-1.0388560255e-01,1.0195069617e-02,8.1482315500e-01,2.1168605980e-04,-1.0614346649e-01,-3.2013896419e-01,-2.8342837041e-05,3.3971750358e-03,3.5213831037e-03,1.5580936871e+00
75360,2025-05-13 16:50:00,nan,nan,nan,-0.001 1 + -0.002 theta + 1.003 omega + 0.001 theta^2 + -0.012 theta omega + 0.122 omega^2 + 0.001 theta^2 omega + -0.025 theta omega^2 + 1.514 omega^3,-0.001 1 + -0.004 theta + 0.008 omega + 0.001 theta^2 + -0.024 theta omega + 0.228 omega^2 + 0.002 theta^2 omega + -0.051 theta omega^2 + 3.061 omega^3,-1.2804584155e-03,-3.8100275600e-03,7.9706774053e-03,9.9724646692e-04,-2.3740604782e-02,2.2791546661e-01,-5.5607689363e-05,1.9493904791e-03,-5.0651088898e-02,3.0605277500e+00
75361,2025-05-13 16:55:00,nan,nan,nan,0.002 1 + -0.001 theta + 0.948 omega + 0.015 theta omega + -0.233 omega^2 + 0.013 theta^2 omega + -0.092 theta omega^2 + 4.420 omega^3,0.004 1 + -0.001 theta + -0.103 omega + 0.030 theta omega + -0.464 omega^2 + 0.025 theta^2 omega + -0.184 theta omega^2 + 8.790 omega^3,3.6430026871e-03,-1.4834065156e-03,-1.0277271718e-01,-4.1611788805e-04,3.0030640002e-02,-4.6438661842e-01,-7.2656003311e-05,2.5023425060e-02,-1.8445776921e-01,8.7901617843e+00
75362,2025-05-13 17:00:00,nan,nan,nan,-0.003 1 + 0.001 theta + 1.073 omega + -0.021 theta omega + -0.442 omega^2 + 0.001 theta^2 omega + 0.038 theta omega^2 + 0.876 omega^3,-0.006 1 + 0.003 theta + 0.150 omega + -0.042 theta omega + -0.877 omega^2 + 0.002 theta^2 omega + 0.074 theta omega^2 + 1.857 omega^3,-5.5738686822e-03,2.7815344736e-03,1.4985984443e-01,-1.6381607731e-04,-4.2426914653e-02,-8.7656877862e-01,-3.5080979362e-06,2.4542974128e-03,7.4163632546e-02,1.8573368657e+00
75363,2025-05-13 17:05:00,nan,nan,nan,0.003 1 + -0.002 theta + 0.997 omega + 0.203 omega^2 + -0.012 theta omega^2 + 0.067 omega^3,0.005 1 + -0.005 theta + -0.004 omega + 0.001 theta^2 + 0.403 omega^2 + -0.025 theta omega^2 + 0.088 omega^3,4.9048469560e-03,-4.9385768922e-03,-4.2773457514e-03,6.3560562952e-04,-7.9200666531e-05,4.0306886002e-01,-2.3072517900e-05,2.5913865873e-05,-2.5141822105e-02,8.8026556342e-02
75364,2025-05-13 17:10:00,0.005554,0.206489,0.146063,-0.035 1 + 0.552 omega + 0.002 theta omega + -1.936 omega^2 + 0.004 theta omega^2 + -2.784 omega^3,-0.075 1 + -0.950 omega + 0.003 theta omega + -4.054 omega^2 + 0.007 theta omega^2 + -5.725 omega^3,-7.4625893644e-02,2.0743977588e-04,-9.4979845267e-01,-4.0338019249e-06,2.7883513184e-03,-4.0540232270e+00,0.0000000000e+00,-1.9827223346e-05,7.4920539567e-03,-5.7245422573e+00
75365,2025-05-13 17:15:00,nan,nan,nan,-0.072 1 + -0.003 theta + 0.111 omega + -0.033 theta omega + -2.648 omega^2 + -0.109 theta omega^2 + 0.696 omega^3,-0.178 1 + -0.008 theta + -1.912 omega + -0.081 theta omega + -4.787 omega^2 + -0.200 theta omega^2 + 1.658 omega^3,-1.7788375059e-01,-7.8861014991e-03,-1.9123949029e+00,-3.6755475737e-05,-8.0630401138e-02,-4.7868038541e+00,0.0000000000e+00,-2.1416070468e-04,-2.0035125278e-01,1.6582152932e+00
75366,2025-05-13 17:20:00,nan,nan,nan,0.051 1 + 0.002 theta + 1.347 omega + 0.019 theta omega + 0.195 omega^2 + 0.007 theta omega^2 + -0.039 omega^3,0.045 1 + 0.004 theta + 0.342 omega + 0.028 theta omega + 0.672 omega^2 + 0.020 theta omega^2 + 1.420 omega^3,4.4614044451e-02,3.8345378403e-03,3.4201378390e-01,7.2263205317e-05,2.7525787593e-02,6.7159196311e-01,0.0000000000e+00,4.6927788080e-04,2.0251395927e-02,1.4199637831e+00
75367,2025-05-13 17:25:00,0.362154,8.748563,6.191467,-0.005 1 + 0.875 omega + -0.005 theta omega + -1.066 omega^2 + 0.002 theta^2 omega + -0.136 theta omega^2 + -0.940 omega^3,-0.009 1 + -0.244 omega + -0.010 theta omega + -2.121 omega^2 + 0.003 theta^2 omega + -0.270 theta omega^2 + -1.949 omega^3,-9.1344181235e-03,-5.2373514639e-05,-2.4429844231e-01,8.3353579355e-05,-9.8916168012e-03,-2.1207199988e+00,-1.1112481437e-05,3.3539468741e-03,-2.7021102501e-01,-1.9492926038e+00
75368,2025-05-13 17:30:00,nan,nan,nan,0.023 1 + 0.005 theta + 1.243 omega + 0.031 theta omega + 1.145 omega^2 + 0.001 theta^2 omega + 0.022 theta omega^2 + 3.510 omega^3,0.038 1 + 0.008 theta + 0.381 omega + 0.059 theta omega + 1.900 omega^2 + 0.001 theta^2 omega + 0.026 theta omega^2 + 7.327 omega^3,3.8270563335e-02,8.4511043504e-03,3.8124021559e-01,2.1789941510e-04,5.9216426947e-02,1.8998865234e+00,0.0000000000e+00,1.4020847518e-03,2.5956007308e-02,7.3274762802e+00
75369,2025-05-13 17:35:00,0.036029,2.113017,1.494346,0.001 1 + 1.014 omega + -0.005 theta omega + -0.008 omega^2 + -0.008 theta omega^2 + -0.448 omega^3,0.001 1 + -0.001 theta + 0.030 omega + -0.009 theta omega + -0.026 omega^2 + -0.001 theta^2 omega + -0.016 theta omega^2 + -0.915 omega^3,1.1829431068e-03,-6.5988454305e-04,2.9729889160e-02,-1.6975584035e-04,-9.1417966169e-03,-2.5811924786e-02,-4.3445295459e-06,-6.7078590359e-04,-1.5636029734e-02,-9.1457461362e-01
75370,2025-05-13 17:40:00,nan,nan,nan,-0.002 1 + -0.001 theta + 1.001 omega + 0.072 omega^2 + 0.058 theta omega^2 + 0.034 omega^3,-0.004 1 + -0.002 theta + 0.004 omega + 0.001 theta^2 + 0.140 omega^2 + 0.115 theta omega^2 + -0.018 omega^3,-4.4803653342e-03,-2.3706547317e-03,3.8823841995e-03,7.1352232282e-04,3.1742777418e-04,1.4043627741e-01,1.0958738318e-04,-4.0312472375e-06,1.1510509904e-01,-1.8273612445e-02
75371,2025-05-13 17:45:00,nan,nan,nan,0.001 1 + -0.001 theta + 0.997 omega + -0.001 theta^2 + 0.006 theta omega + -0.011 omega^2 + 0.001 theta^2 omega + -0.022 theta omega^2 + 1.360 omega^3,0.002 1 + -0.002 theta + -0.005 omega + -0.001 theta^2 + 0.013 theta omega + -0.010 omega^2 + 0.002 theta^2 omega + -0.042 theta omega^2 + 2.813 omega^3,1.6688113128e-03,-1.9576280013e-03,-4.6608976934e-03,-1.2592691355e-03,1.2786590602e-02,-1.0021253842e-02,-1.3169091453e-04,1.7656956456e-03,-4.1890514947e-02,2.8131206650e+00
75372,2025-05-13 17:50:00,0.119962,5.533386,3.913614,0.002 1 + -0.001 theta + 1.023 omega + -0.006 theta omega + -0.092 omega^2 + -0.002 theta^2 omega + -0.029 theta omega^2 + -1.350 omega^3,0.004 1 + -0.001 theta + 0.047 omega + -0.001 theta^2 + -0.012 theta omega + -0.187 omega^2 + -0.004 theta^2 omega + -0.059 theta omega^2 + -2.665 omega^3,4.3660521248e-03,-1.1983904395e-03,4.6779822722e-02,-7.9167802921e-04,-1.1737154450e-02,-1.8662558319e-01,-8.2092524069e-05,-3.6622511763e-03,-5.8766458667e-02,-2.6648678413e+00
75373,2025-05-13 17:55:00,0.098060,4.604939,3.256922,-0.001 1 + -0.001 theta + 1.008 omega + -0.005 theta omega + -0.139 omega^2 + -0.014 theta omega^2 + -0.903 omega^3,-0.001 1 + -0.001 theta + 0.018 omega + -0.009 theta omega + -0.295 omega^2 + -0.001 theta^2 omega + -0.030 theta omega^2 + -1.815 omega^3,-9.3794010593e-04,-1.4535101919e-03,1.7576548391e-02,-3.1043626196e-04,-9.0936789602e-03,-2.9529480722e-01,-1.4442161998e-05,-6.0310542385e-04,-3.0353886898e-02,-1.8149583034e+00
75374,2025-05-13 18:00:00,0.050388,1.802685,1.275189,-0.004 1 + 1.005 omega + 0.002 theta omega + 0.175 omega^2 + 0.007 theta omega^2 + 0.238 omega^3,-0.008 1 + 0.011 omega + 0.004 theta omega + 0.344 omega^2 + 0.013 theta omega^2 + 0.445 omega^3,-7.6589574051e-03,-6.8669057444e-05,1.1045167782e-02,6.5855491646e-05,3.7608263725e-03,3.4378263651e-01,2.3524231130e-06,2.0960963592e-04,1.2885401961e-02,4.4532893198e-01
75375,2025-05-13 18:05:00,0.292306,14.596679,10.323480,0.002 1 + 0.001 theta + 0.984 omega + -0.003 theta omega + -0.125 omega^2 + -0.020 theta omega^2 + 0.266 omega^3,0.003 1 + 0.002 theta + -0.027 omega + -0.005 theta omega + -0.259 omega^2 + -0.041 theta omega^2 + 0.470 omega^3,3.4197244298e-03,2.3716496439e-03,-2.7045418519e-02,3.6124387135e-04,-5.0907871370e-03,-2.5920509310e-01,1.5185892973e-05,-2.0094329890e-04,-4.1306545749e-02,4.6981595475e-01
75376,2025-05-13 18:10:00,0.026999,1.215374,0.859611,-0.002 1 + 1.011 omega + 0.001 theta omega + 0.074 omega^2 + 0.011 theta omega^2 + -0.338 omega^3,-0.004 1 + 0.024 omega + 0.001 theta omega + 0.148 omega^2 + 0.019 theta omega^2 + -0.708 omega^3,-3.9247896893e-03,-1.7651193550e-04,2.4125320558e-02,-5.4804135606e-06,9.6704977781e-04,1.4823739394e-01,-7.3566891719e-06,-1.2907786954e-04,1.9357951384e-02,-7.0764375289e-01
75377,2025-05-13 18:15:00,nan,nan,nan,0.016 1 + 0.003 theta + 1.176 omega + 0.027 theta omega + 0.437 omega^2 + 0.001 theta^2 omega + 0.025 theta omega^2 + 0.821 omega^3,0.061 1 + 0.012 theta + 0.696 omega + 0.001 theta^2 + 0.103 theta omega + 2.023 omega^2 + 0.004 theta^2 omega + 0.125 theta omega^2 + 2.964 omega^3,6.0949393857e-02,1.2295511360e-02,6.9633876530e-01,6.9718190026e-04,1.0267387197e-01,2.0231874721e+00,1.0660127094e-05,3.5217916469e-03,1.2477702396e-01,2.9635072210e+00
75378,2025-05-13 18:20:00,0.083149,3.163931,2.238009,0.001 1 + -0.001 theta + 1.006 omega + -0.001 theta omega + -0.019 omega^2 + -0.002 theta^2 omega + 0.018 theta omega^2 + -0.046 omega^3,0.002 1 + -0.002 theta + 0.015 omega + -0.001 theta^2 + -0.001 theta omega + -0.033 omega^2 + -0.003 theta^2 omega + 0.034 theta omega^2 + -0.117 omega^3,2.1464326104e-03,-1.6912228712e-03,1.4937755557e-02,-6.7278384755e-04,-1.4706765758e-03,-3.2881316512e-02,-2.4076688874e-05,-3.1786337944e-03,3.3569188285e-02,-1.1657173745e-01
75379,2025-05-13 18:25:00,0.021282,1.129427,0.798768,0.001 1 + 1.008 omega + 0.002 theta omega + -0.018 omega^2 + 0.011 theta omega^2 + -0.794 omega^3,0.002 1 + 0.019 omega + 0.004 theta omega + -0.077 omega^2 + -0.001 theta^2 omega + 0.024 theta omega^2 + -1.641 omega^3,1.9946845848e-03,3.1790981152e-04,1.8571236141e-02,-1.2213727506e-04,4.1327319650e-03,-7.7474312216e-02,-1.0915458284e-05,-7.8031468680e-04,2.3520337211e-02,-1.6414759756e+00
75380,2025-05-13 18:30:00,0.031801,0.650771,0.460714,0.001 theta + 1.006 omega + -0.042 omega^2 + -0.072 theta omega^2 + -0.503 omega^3,0.001 1 + 0.002 theta + 0.011 omega + -0.001 theta^2 + -0.069 omega^2 + -0.142 theta omega^2 + -0.915 omega^3,5.1932764649e-04,1.6759380257e-03,1.1441481334e-02,-7.6992229076e-04,4.3841181967e-04,-6.9336073789e-02,-1.9216644370e-04,1.5273230894e-05,-1.4175506945e-01,-9.1531675448e-01
75381,2025-05-13 18:35:00,0.098283,3.252223,2.300719,-0.001 1 + 1.030 omega + 0.004 theta omega + 0.149 omega^2 + -0.004 theta^2 omega + -0.070 theta omega^2 + -1.979 omega^3,-0.002 1 + 0.064 omega + 0.008 theta omega + 0.294 omega^2 + -0.008 theta^2 omega + -0.130 theta omega^2 + -4.137 omega^3,-1.9563578455e-03,3.5907977015e-04,6.3507198850e-02,1.0050354350e-04,8.3383928192e-03,2.9381163535e-01,-1.7062662013e-04,-7.5038605584e-03,-1.2955564606e-01,-4.1371604008e+00
75382,2025-05-13 18:40:00,0.043042,1.257458,0.889677,-0.007 1 + -0.002 theta + 0.927 omega + -0.018 theta omega + -0.020 omega^2 + -0.001 theta^2 omega + -0.006 theta omega^2 + 0.715 omega^3,-0.014 1 + -0.004 theta + -0.144 omega + -0.001 theta^2 + -0.035 theta omega + 0.005 omega^2 + -0.002 theta^2 omega + -0.009 theta omega^2 + 1.606 omega^3,-1.3672075474e-02,-4.2631985987e-03,-1.4424619523e-01,-5.5449190068e-04,-3.5275267530e-02,4.8712541810e-03,-3.3594654981e-05,-2.4354323055e-03,-8.9465975692e-03,1.6064933633e+00
75383,2025-05-13 18:45:00,0.807938,24.613834,17.413983,0.021 1 + 0.003 theta + 1.155 omega + 0.031 theta omega + -0.526 omega^2 + 0.058 theta omega^2 + -3.549 omega^3,0.021 1 + 0.003 theta + 0.163 omega + 0.033 theta omega + -0.483 omega^2 + 0.062 theta omega^2 + -3.176 omega^3,2.0584696211e-02,3.2067859907e-03,1.6287394002e-01,6.2283390228e-05,3.2877566017e-02,-4.8349902633e-01,0.0000000000e+00,4.5355077693e-04,6.2328709502e-02,-3.1763009929e+00
75384,2025-05-13 18:50:00,0.015577,0.334482,0.236771,0.003 1 + 0.001 theta + 0.977 omega + -0.001 theta^2 + -0.001 theta omega + -0.346 omega^2 + 0.001 theta^2 omega + 0.089 theta omega^2 + 0.901 omega^3,0.006 1 + 0.002 theta + -0.041 omega + -0.001 theta^2 + -0.005 theta omega + -0.735 omega^2 + 0.003 theta^2 omega + 0.186 theta omega^2 + 1.877 omega^3,6.1814436608e-03,1.5797420241e-03,-4.1117989385e-02,-1.2603005168e-03,-5.2764790950e-03,-7.3472069403e-01,1.0922452804e-04,3.0364453862e-03,1.8600634662e-01,1.8773968334e+00
75385,2025-05-13 18:55:00,0.059400,2.791859,1.974589,-0.001 theta + 1.020 omega + -0.006 theta omega + -0.141 omega^2 + -0.001 theta^2 omega + 0.002 theta omega^2 + -2.821 omega^3,-0.002 theta + 0.040 omega + -0.011 theta omega + -0.218 omega^2 + -0.002 theta^2 omega + 0.040 theta omega^2 + -5.262 omega^3,4.4389053316e-04,-1.8330030081e-03,3.9640420895e-02,-1.9202534917e-04,-1.0789944663e-02,-2.1785853166e-01,0.0000000000e+00,-1.7506257343e-03,4.0212143361e-02,-5.2623304880e+00
75386,2025-05-13 19:00:00,0.006740,0.133939,0.094829,-0.002 1 + -0.002 theta + 1.025 omega + 0.001 theta omega + 0.046 omega^2 + -0.003 theta omega^2 + 0.069 omega^3,-0.004 1 + -0.004 theta + 0.051 omega + 0.003 theta omega + 0.078 omega^2 + -0.006 theta omega^2 + 0.108 omega^3,-3.7503719604e-03,-3.7559122267e-03,5.0524112925e-02,-4.5418387881e-04,2.7976373448e-03,7.7829596003e-02,-1.3946520437e-05,2.8729215835e-07,-6.3629471393e-03,1.0807825215e-01
75387,2025-05-13 19:05:00,0.044804,1.952120,1.380721,-0.001 1 + 1.014 omega + 0.002 theta omega + 0.049 omega^2 + -0.061 theta omega^2 + -0.645 omega^3,-0.002 1 + 0.027 omega + 0.005 theta omega + 0.079 omega^2 + -0.122 theta omega^2 + -1.061 omega^3,-1.7346902046e-03,-3.6295101451e-04,2.6649476638e-02,2.2992858474e-05,5.0901138579e-03,7.9462635887e-02,-6.6551793166e-06,-3.5763772659e-04,-1.2232961591e-01,-1.0606638798e+00
75388,2025-05-13 19:10:00,0.037475,0.911795,0.645281,-0.001 theta + 1.005 omega + -0.002 theta omega + 0.034 omega^2 + -0.001 theta^2 omega + -0.057 theta omega^2 + -0.454 omega^3,-0.001 1 + -0.001 theta + 0.010 omega + -0.001 theta^2 + -0.003 theta omega + 0.069 omega^2 + -0.001 theta^2 omega + -0.121 theta omega^2 + -0.879 omega^3,-5.6376108048e-04,-1.0919193263e-03,9.6560926380e-03,-6.8817456447e-04,-2.7139082956e-03,6.9136221399e-02,-1.7164161095e-04,-1.3556940444e-03,-1.2125277296e-01,-8.7869967694e-01
75389,2025-05-13 19:15:00,0.085768,7.214782,5.101982,-0.001 1 + -0.001 theta + 1.004 omega + 0.074 omega^2 + 0.010 theta omega^2 + 0.031 omega^3,-0.002 1 + -0.001 theta + 0.010 omega + 0.138 omega^2 + 0.020 theta omega^2 + -0.033 omega^3,-2.3557446664e-03,-1.1483051013e-03,1.0206092508e-02,-1.1952289518e-04,-3.2666648742e-05,1.3770625042e-01,-3.0146628619e-06,-1.8414289546e-04,2.0105533957e-02,-3.2867739609e-02
75390,2025-05-13 19:20:00,0.093555,4.513676,3.192336,-0.002 1 + -0.005 theta + 0.994 omega + -0.001 theta^2 + 0.002 theta omega + -0.943 omega^2 + -0.082 theta omega^2 + -2.286 omega^3,-0.003 1 + -0.010 theta + -0.008 omega + -0.002 theta^2 + 0.005 theta omega + -1.873 omega^2 + -0.164 theta omega^2 + -4.452 omega^3,-3.3437506848e-03,-1.0040344856e-02,-8.3282937224e-03,-2.1942221298e-03,4.8181920104e-03,-1.8727765280e+00,-1.1704666080e-04,3.6784815301e-04,-1.6388022288e-01,-4.4515692282e+00
75391,2025-05-13 19:25:00,nan,nan,nan,-0.001 1 + 1.005 omega + -0.003 theta omega + 0.241 omega^2 + 0.001 theta^2 omega + -0.036 theta omega^2 + 0.992 omega^3,-0.002 1 + -0.001 theta + 0.010 omega + -0.006 theta omega + 0.464 omega^2 + 0.001 theta^2 omega + -0.068 theta omega^2 + 1.906 omega^3,-1.9316939531e-03,-8.1628444893e-04,1.0347407602e-02,-5.7354643464e-05,-5.9160221341e-03,4.6410894984e-01,-6.5396765981e-06,1.0176564223e-03,-6.7828894846e-02,1.9060187752e+00
75392,2025-05-13 19:30:00,0.093568,2.864712,2.026737,0.002 1 + -0.001 theta + 1.000 omega + 0.002 theta omega + -0.127 omega^2 + 0.025 theta omega^2 + -0.371 omega^3,0.004 1 + -0.001 theta + 0.003 omega + 0.005 theta omega + -0.251 omega^2 + 0.053 theta omega^2 + -0.827 omega^3,3.5683871543e-03,-1.2052329531e-03,3.0598648089e-03,-1.3329455473e-05,4.7078421568e-03,-2.5133739766e-01,1.2812437120e-06,-4.4201925131e-04,5.3184828940e-02,-8.2660764413e-01
75393,2025-05-13 19:35:00,0.080442,7.252180,5.128381,-0.002 1 + 0.984 omega + 0.309 omega^2 + -0.039 theta omega^2 + 2.097 omega^3,-0.003 1 + -0.031 omega + 0.603 omega^2 + -0.075 theta omega^2 + 4.040 omega^3,-3.2085634373e-03,5.3214649186e-05,-3.1258552598e-02,3.0296438797e-04,2.7358188705e-04,6.0342155530e-01,-3.7640984308e-05,3.1105494950e-04,-7.5246378866e-02,4.0397611720e+00
75394,2025-05-13 19:40:00,nan,nan,nan,0.006 1 + 0.002 theta + 1.061 omega + 0.033 theta omega + 0.067 omega^2 + 0.002 theta^2 omega + -0.005 theta omega^2 + 3.091 omega^3,0.011 1 + 0.005 theta + 0.125 omega + 0.068 theta omega + 0.161 omega^2 + 0.005 theta^2 omega + -0.005 theta omega^2 + 6.373 omega^3,1.1455839243e-02,4.8669576677e-03,1.2538662583e-01,3.2809468980e-04,6.8375752918e-02,1.6107712295e-01,-3.8573742971e-06,5.1288634783e-03,-4.6440840157e-03,6.3727678776e+00
75395,2025-05-13 19:45:00,0.119330,4.482312,3.170596,-0.001 1 + -0.001 theta + 1.001 omega + 0.002 theta omega + 0.047 omega^2 + 0.008 theta omega^2 + 0.223 omega^3,-0.003 1 + -0.001 theta + 0.005 omega + 0.003 theta omega + 0.100 omega^2 + 0.017 theta omega^2 + 0.347 omega^3,-3.0348407051e-03,-1.3981310868e-03,5.1938379435e-03,-1.7398937907e-04,3.2439740385e-03,1.0031090155e-01,-6.4456884755e-06,1.2072132949e-04,1.6724708296e-02,3.4705864063e-01
75396,2025-05-13 19:50:00,0.110633,11.527668,8.151667,-0.001 theta + 1.015 omega + 0.008 theta omega + -0.029 omega^2 + -0.001 theta^2 omega + 0.019 theta omega^2 + -0.699 omega^3,-0.002 theta + 0.032 omega + 0.016 theta omega + -0.054 omega^2 + -0.002 theta^2 omega + 0.038 theta omega^2 + -1.437 omega^3,-2.3785321381e-04,-2.1529492019e-03,3.2338204286e-02,1.2453745079e-04,1.5937101845e-02,-5.4378018010e-02,3.6428236660e-06,-1.7881043721e-03,3.7809072775e-02,-1.4371620164e+00
75397,2025-05-13 19:55:00,nan,nan,nan,0.994 omega + -0.001 theta^2 + 0.006 theta omega + -0.092 omega^2 + 0.004 theta^2 omega + -0.193 theta omega^2 + 1.154 omega^3,-0.007 omega + -0.002 theta^2 + 0.011 theta omega + -0.187 omega^2 + -0.001 theta^3 + 0.008 theta^2 omega + -0.377 theta omega^2 + 1.619 omega^3,4.8523144809e-04,-2.9878359396e-04,-7.1770217230e-03,-1.7088165286e-03,1.0748074108e-02,-1.8713810214e-01,-6.2624989673e-04,8.1236550597e-03,-3.7673934718e-01,1.6194849386e+00
75398,2025-05-13 20:00:00,0.119337,11.979040,8.470881,-0.004 1 + -0.002 theta + 0.986 omega + -0.010 theta omega + 0.031 omega^2 + -0.001 theta^2 omega + -0.002 theta omega^2 + -0.712 omega^3,-0.008 1 + -0.004 theta + -0.025 omega + -0.001 theta^2 + -0.021 theta omega + 0.074 omega^2 + -0.002 theta^2 omega + -0.001 theta omega^2 + -1.476 omega^3,-7.5569780709e-03,-4.1577898515e-03,-2.5394366975e-02,-5.3298966911e-04,-2.0566934907e-02,7.3725284037e-02,-1.6153793251e-05,-1.5096045567e-03,-8.6968879831e-04,-1.4760802897e+00
75399,2025-05-13 20:05:00,0.058353,2.374355,1.679429,-0.001 theta + 1.004 omega + 0.002 theta^2 + 0.001 theta omega + 0.162 omega^2 + -0.169 theta omega^2 + -0.676 omega^3,-0.002 theta + 0.013 omega + 0.004 theta^2 + 0.004 theta omega + 0.321 omega^2 + -0.001 theta^3 + -0.001 theta^2 omega + -0.338 theta omega^2 + -1.578 omega^3,-4.2424552424e-04,-2.4340220404e-03,1.2597458496e-02,3.7714805009e-03,4.0810153926e-03,3.2096992137e-01,-7.9411865168e-04,-1.2670631729e-03,-3.3791323090e-01,-1.5784477961e+00
75400,2025-05-13 20:10:00,0.094023,2.605219,1.843368,-0.002 1 + -0.001 theta + 1.000 omega + -0.002 theta omega + 0.122 omega^2 + -0.001 theta^2 omega + 0.066 theta omega^2 + 0.026 omega^3,-0.003 1 + -0.001 theta + 0.002 omega + -0.005 theta omega + 0.233 omega^2 + -0.001 theta^2 omega + 0.132 theta omega^2 + -0.110 omega^3,-3.3314157584e-03,-1.2244120355e-03,1.6277556036e-03,1.2046986939e-04,-4.7840118522e-03,2.3280344085e-01,-1.3502733024e-05,-1.3788934495e-03,1.3230900257e-01,-1.0996173989e-01
75401,2025-05-13 20:15:00,0.096836,6.835479,4.833898,0.003 1 + 1.004 omega + 0.001 theta omega + -0.174 omega^2 + -0.027 theta omega^2 + 0.009 omega^3,0.006 1 + -0.001 theta + 0.009 omega + 0.001 theta omega + -0.342 omega^2 + -0.054 theta omega^2 + -0.010 omega^3,5.5119338861e-03,-6.9758362529e-04,9.0467707487e-03,-4.7587356749e-04,1.3059737419e-03,-3.4228829185e-01,-3.3951155349e-05,-4.9304405628e-06,-5.4422098736e-02,-1.0258106226e-02
75402,2025-05-13 20:20:00,0.023972,1.018165,0.720151,-0.002 theta + 1.013 omega + 0.337 omega^2 + -0.024 theta omega^2 + -1.278 omega^3,0.001 1 + -0.003 theta + 0.026 omega + 0.696 omega^2 + -0.050 theta omega^2 + -2.567 omega^3,7.6781576601e-04,-3.1995423165e-03,2.5712619110e-02,4.9219028785e-04,2.7155144045e-04,6.9610493101e-01,-1.8762849846e-05,-3.6417533507e-05,-4.9636186344e-02,-2.5665847695e+00
75403,2025-05-13 20:25:00,0.035844,0.952600,0.674067,0.015 1 + 0.003 theta + 0.967 omega + 0.009 theta omega + -1.491 omega^2 + -0.040 theta omega^2 + -4.640 omega^3,-0.020 1 + -0.001 theta + -0.437 omega + -0.022 theta omega + -2.692 omega^2 + -0.089 theta omega^2 + -4.811 omega^3,-2.0159475350e-02,-1.4093889412e-03,-4.3670791708e-01,-2.1847928070e-05,-2.2462337855e-02,-2.6919537766e+00,0.0000000000e+00,-1.4767958600e-04,-8.8602370020e-02,-4.8113143379e+00
75404,2025-05-13 20:30:00,0.009690,0.638666,0.451657,0.011 1 + 1.057 omega + 0.010 theta omega + -0.762 omega^2 + 0.008 theta omega^2 + -3.326 omega^3,0.021 1 + 0.001 theta + 0.095 omega + 0.020 theta omega + -1.680 omega^2 + 0.013 theta omega^2 + -6.993 omega^3,2.0857199900e-02,5.5858945656e-04,9.4525220326e-02,-1.2584915975e-04,2.0246971117e-02,-1.6800630659e+00,-3.7404351891e-06,2.8812904081e-04,1.3423864646e-02,-6.9934546064e+00
75405,2025-05-13 20:35:00,0.104509,7.909764,5.593536,-0.009 1 + -0.001 theta + 0.839 omega + -0.037 theta omega + -0.303 omega^2 + -0.001 theta^2 omega + -0.040 theta omega^2 + -0.400 omega^3,-0.019 1 + -0.003 theta + -0.317 omega + -0.073 theta omega + -0.618 omega^2 + -0.003 theta^2 omega + -0.082 theta omega^2 + -0.812 omega^3,-1.8584719530e-02,-2.8918344219e-03,-3.1746342360e-01,2.0849928874e-04,-7.2866834909e-02,-6.1772227487e-01,1.6654171667e-05,-2.6015071643e-03,-8.1525435380e-02,-8.1224154199e-01
75406,2025-05-13 20:40:00,0.017681,0.391120,0.276846,0.002 1 + -0.001 theta + 1.006 omega + -0.001 theta omega + -0.041 omega^2 + 0.013 theta omega^2 + -0.206 omega^3,0.003 1 + -0.001 theta + 0.013 omega + -0.002 theta omega + -0.080 omega^2 + 0.025 theta omega^2 + -0.447 omega^3,3.3936662322e-03,-1.1420350258e-03,1.2596074864e-02,1.6175035309e-04,-1.9208601470e-03,-8.0447727162e-02,-1.5692952182e-05,-7.2372356338e-05,2.4902899228e-02,-4.4718467540e-01
75407,2025-05-13 20:45:00,0.108013,3.425485,2.423387,-0.001 1 + 0.980 omega + 0.002 theta omega + 0.035 omega^2 + 0.001 theta^2 omega + -0.010 theta omega^2 + 0.709 omega^3,-0.002 1 + 0.001 theta + -0.038 omega + 0.003 theta omega + 0.074 omega^2 + 0.001 theta^2 omega + -0.021 theta omega^2 + 1.387 omega^3,-1.6530589561e-03,7.6192733883e-04,-3.7578287215e-02,1.5785775898e-04,3.3620882936e-03,7.4450312272e-02,-7.0825684491e-05,1.1579811348e-03,-2.0792100439e-02,1.3871337989e+00
75408,2025-05-13 20:50:00,0.090396,3.088258,2.184663,0.001 theta + 1.005 omega + -0.009 theta omega + 0.013 omega^2 + 0.001 theta^2 omega + 0.003 theta omega^2 + 0.702 omega^3,-0.001 1 + 0.001 theta + 0.010 omega + -0.017 theta omega + 0.007 omega^2 + 0.002 theta^2 omega + 0.009 theta omega^2 + 1.334 omega^3,-1.0239248122e-03,1.2576823654e-03,9.7956665281e-03,-1.4990503819e-04,-1.6838142541e-02,7.0182435008e-03,-2.9608610631e-07,1.5885178413e-03,8.6501987484e-03,1.3342690734e+00
75409,2025-05-13 20:55:00,0.077780,2.304944,1.630769,-0.002 1 + 1.016 omega + 0.005 theta omega + 0.162 omega^2 + 0.036 theta omega^2 + -0.219 omega^3,-0.004 1 + -0.001 theta + 0.032 omega + 0.010 theta omega + 0.320 omega^2 + 0.001 theta^2 omega + 0.071 theta omega^2 + -0.516 omega^3,-4.2414401384e-03,-6.4983584462e-04,3.1855760423e-02,-1.2154607461e-04,9.8140595778e-03,3.2041892722e-01,-4.2570085490e-05,6.2914654075e-04,7.0604218316e-02,-5.1565473022e-01
75410,2025-05-13 21:00:00,0.049422,4.277169,3.024617,0.002 1 + -0.001 theta + 1.055 omega + -0.006 theta omega + 0.118 omega^2 + 0.017 theta omega^2 + -1.587 omega^3,-0.004 1 + -0.001 theta + -0.084 omega + -0.008 theta omega + -0.872 omega^2 + -0.008 theta omega^2 + -2.787 omega^3,-4.2633196523e-03,-1.0926922189e-03,-8.3912992513e-02,-2.7676293804e-05,-8.1677252787e-03,-8.7225413743e-01,0.0000000000e+00,-1.9167235443e-04,-8.3935956779e-03,-2.7869143746e+00
75411,2025-05-13 21:05:00,0.085674,6.705001,4.741539,0.002 1 + 1.003 omega + 0.002 theta omega + -0.090 omega^2 + 0.009 theta omega^2 + 0.057 omega^3,0.004 1 + -0.001 theta + 0.008 omega + 0.004 theta omega + -0.173 omega^2 + 0.017 theta omega^2 + 0.111 omega^3,3.5128664803e-03,-9.2017768823e-04,7.8386841574e-03,4.7389343931e-05,3.5926797894e-03,-1.7250165395e-01,0.0000000000e+00,-3.6863515109e-04,1.6976224585e-02,1.1082768245e-01
75412,2025-05-13 21:10:00,0.108554,17.660271,12.487933,-0.004 1 + 1.021 omega + -0.003 theta omega + 0.268 omega^2 + -0.001 theta^2 omega + 0.016 theta omega^2 + -1.213 omega^3,-0.008 1 + 0.045 omega + -0.006 theta omega + 0.527 omega^2 + -0.002 theta^2 omega + 0.045 theta omega^2 + -2.512 omega^3,-8.2517468167e-03,2.9313484168e-04,4.4896018697e-02,4.0410970753e-04,-6.2317282939e-03,5.2695042882e-01,0.0000000000e+00,-2.4785348234e-03,4.4662236848e-02,-2.5116474476e+00
75413,2025-05-13 21:15:00,0.017339,0.738635,0.522438,-0.001 1 + 0.985 omega + -0.016 theta omega + 0.066 omega^2 + -0.001 theta^2 omega + 0.010 theta omega^2 + -1.510 omega^3,-0.002 1 + -0.027 omega + -0.030 theta omega + 0.109 omega^2 + -0.002 theta^2 omega + 0.016 theta omega^2 + -2.839 omega^3,-1.9580433612e-03,3.4610941688e-04,-2.7066521112e-02,-2.8790864227e-05,-2.9690735756e-02,1.0907919310e-01,-6.2253129580e-06,-2.1012063348e-03,1.6106412560e-02,-2.8391251405e+00
75414,2025-05-13 21:20:00,0.011529,0.417451,0.295295,0.001 1 + 1.004 omega + -0.005 theta omega + -0.084 omega^2 + 0.008 theta omega^2 + 0.523 omega^3,0.001 1 + 0.001 theta + 0.009 omega + -0.011 theta omega + -0.171 omega^2 + 0.001 theta^2 omega + 0.015 theta omega^2 + 1.076 omega^3,1.1412487647e-03,5.3327000362e-04,8.5206911909e-03,1.6633984998e-05,-1.1299908790e-02,-1.7101698037e-01,-4.7149369200e-06,6.6517030439e-04,1.5379221373e-02,1.0761728350e+00
75415,2025-05-13 21:25:00,nan,nan,nan,-0.002 1 + 1.065 omega + -0.003 theta omega + -0.474 omega^2 + 0.002 theta omega^2 + 1.563 omega^3,-0.004 1 + 0.139 omega + -0.006 theta omega + -1.007 omega^2 + 0.005 theta omega^2 + 3.288 omega^3,-3.7941500079e-03,7.7773588238e-05,1.3917818180e-01,3.5813564351e-06,-6.3931376455e-03,-1.0073041338e+00,0.0000000000e+00,1.0415023436e-04,5.3356327282e-03,3.2877074419e+00
75416,2025-05-13 21:30:00,0.118979,10.603503,7.498281,0.002 1 + -0.003 theta + 0.980 omega + 0.003 theta omega + 0.481 omega^2 + -0.041 theta omega^2 + 0.224 omega^3,0.004 1 + -0.007 theta + -0.040 omega + 0.001 theta^2 + 0.005 theta omega + 0.967 omega^2 + -0.081 theta omega^2 + 0.508 omega^3,4.3625577999e-03,-6.7622415752e-03,-4.0292438207e-02,9.4487143153e-04,5.4688948980e-03,9.6726870981e-01,-3.3716265723e-05,-1.7569695453e-04,-8.1040364822e-02,5.0811028622e-01
75417,2025-05-13 21:35:00,nan,nan,nan,0.005 1 + 1.116 omega + 0.009 theta omega + 0.415 omega^2 + 0.032 theta omega^2 + 0.072 omega^3,0.006 1 + 0.001 theta + 0.101 omega + 0.029 theta omega + -0.427 omega^2 + 0.115 theta omega^2 + -3.723 omega^3,5.9951564274e-03,1.0272371615e-03,1.0104173230e-01,-7.1402326114e-05,2.8704887635e-02,-4.2674921828e-01,0.0000000000e+00,-3.4600483371e-04,1.1483830477e-01,-3.7226544347e+00
75418,2025-05-13 21:40:00,0.070522,2.190649,1.549825,-0.012 1 + -0.005 theta + 0.930 omega + -0.001 theta^2 + -0.015 theta omega + 0.245 omega^2 + -0.001 theta^2 omega + 0.022 theta omega^2 + 1.239 omega^3,-0.024 1 + -0.010 theta + -0.131 omega + -0.002 theta^2 + -0.027 theta omega + 0.549 omega^2 + -0.002 theta^2 omega + 0.055 theta omega^2 + 2.391 omega^3,-2.3673883225e-02,-9.7173655480e-03,-1.3145444058e-01,-1.5411788353e-03,-2.7481911625e-02,5.4881663558e-01,-8.6724319197e-05,-1.5758066075e-03,5.4725528309e-02,2.3909794683e+00
75419,2025-05-13 21:45:00,0.017017,0.517722,0.366283,0.002 1 + 0.946 omega + -0.004 theta omega + 0.738 omega^2 + 0.013 theta omega^2 + -2.464 omega^3,0.004 1 + -0.127 omega + -0.006 theta omega + 1.647 omega^2 + 0.023 theta omega^2 + -5.840 omega^3,3.6353886771e-03,2.7511965229e-04,-1.2677018732e-01,0.0000000000e+00,-6.0595397265e-03,1.6474551003e+00,0.0000000000e+00,5.6668176828e-06,2.3239064491e-02,-5.8398648017e+00
75420,2025-05-13 21:50:00,nan,nan,nan,-0.001 1 + 0.001 theta + 1.032 omega + -0.030 theta omega + -0.201 omega^2 + 0.004 theta^2 omega + 0.011 theta omega^2 + 1.925 omega^3,-0.002 1 + 0.003 theta + 0.070 omega + -0.063 theta omega + -0.466 omega^2 + 0.007 theta^2 omega + 0.035 theta omega^2 + 3.998 omega^3,-2.3483615143e-03,2.7175719927e-03,6.9915929859e-02,-9.0413402983e-05,-6.3014125163e-02,-4.6559842360e-01,-3.6185739341e-05,7.3356226393e-03,3.4644007378e-02,3.9980141851e+00
75421,2025-05-13 21:55:00,nan,nan,nan,-0.002 1 + 0.982 omega + 0.007 theta omega + 0.091 omega^2 + 0.003 theta^2 omega + 0.002 theta omega^2 + 2.276 omega^3,-0.003 1 + -0.036 omega + 0.015 theta omega + 0.172 omega^2 + 0.005 theta^2 omega + -0.001 theta omega^2 + 4.697 omega^3,-3.0503461034e-03,2.9011918230e-04,-3.5534708922e-02,1.5624026726e-04,1.4882041337e-02,1.7169803086e-01,-3.9230888292e-05,5.2057340084e-03,-6.3788803909e-04,4.6973538263e+00
75422,2025-05-13 22:00:00,nan,nan,nan,0.007 1 + 0.003 theta + 0.973 omega + 0.015 theta omega + -0.776 omega^2 + 0.001 theta^2 omega + -0.018 theta omega^2 + -0.582 omega^3,0.013 1 + 0.005 theta + -0.073 omega + 0.029 theta omega + -1.652 omega^2 + 0.001 theta^2 omega + -0.039 theta omega^2 + -1.269 omega^3,1.3386955981e-02,4.9993861252e-03,-7.3360221241e-02,2.5748137018e-04,2.8974730683e-02,-1.6520671086e+00,3.1886001171e-06,1.1750509917e-03,-3.8522494139e-02,-1.2694552420e+00
75423,2025-05-13 22:05:00,0.023370,1.522655,1.076806,0.001 1 + -0.001 theta + 1.027 omega + -0.004 theta omega + 0.072 omega^2 + -0.003 theta omega^2 + -0.416 omega^3,0.001 1 + -0.001 theta + 0.054 omega + -0.007 theta omega + 0.131 omega^2 + -0.001 theta omega^2 + -0.896 omega^3,1.1641233427e-03,-1.2749514616e-03,5.4406167667e-02,-3.9156519781e-05,-7.0482255410e-03,1.3109198917e-01,0.0000000000e+00,-1.8318178759e-04,-6.3727343542e-04,-8.9599581354e-01
75424,2025-05-13 22:10:00,0.050388,2.766425,1.956483,-0.013 1 + -0.008 theta + 0.956 omega + -0.002 theta^2 + -0.026 theta omega + 0.115 omega^2 + -0.003 theta^2 omega + 0.008 theta omega^2 + -0.581 omega^3,-0.025 1 + -0.016 theta + -0.083 omega + -0.003 theta^2 + -0.049 theta omega + 0.269 omega^2 + -0.006 theta^2 omega + 0.024 theta omega^2 + -1.006 omega^3,-2.5118682035e-02,-1.5681918042e-02,-8.2534759508e-02,-3.0038986213e-03,-4.9458907107e-02,2.6895288226e-01,-1.8227503077e-04,-6.0201811873e-03,2.3632298589e-02,-1.0063882815e+00
75425,2025-05-13 22:15:00,0.041918,2.223211,1.572327,0.001 1 + 0.983 omega + -0.006 theta omega + 0.025 omega^2 + -0.006 theta omega^2 + 1.201 omega^3,0.002 1 + -0.001 theta + -0.034 omega + -0.012 theta omega + 0.043 omega^2 + 0.001 theta^2 omega + -0.013 theta omega^2 + 2.475 omega^3,1.5753276592e-03,-7.9609076415e-04,-3.3916761521e-02,2.8876631694e-04,-1.2331520333e-02,4.3389051265e-02,-1.6409275788e-05,7.9795684100e-04,-1.2500130519e-02,2.4747284241e+00
75426,2025-05-13 22:20:00,0.056119,1.362697,0.964389,1.005 omega + 0.055 omega^2 + -0.020 theta omega^2 + -0.139 omega^3,-0.001 1 + 0.012 omega + 0.001 theta omega + 0.111 omega^2 + -0.036 theta omega^2 + -0.394 omega^3,-9.2280681944e-04,-2.4877869715e-04,1.2197800632e-02,3.1512474791e-04,1.4799657707e-03,1.1081631113e-01,-6.4190035164e-05,-2.9317060967e-04,-3.6476866198e-02,-3.9350554965e-01
75427,2025-05-13 22:25:00,0.078143,3.984650,2.818115,1.001 omega + 0.001 theta omega + -0.098 omega^2 + 0.008 theta omega^2 + -0.378 omega^3,0.001 1 + -0.001 theta + 0.003 omega + 0.003 theta omega + -0.189 omega^2 + 0.017 theta omega^2 + -0.823 omega^3,6.9066915059e-04,-6.0361406941e-04,2.8273926532e-03,1.1639767295e-04,2.8038133034e-03,-1.8940804017e-01,-7.5230983425e-06,1.5032079763e-04,1.7150077546e-02,-8.2287363210e-01
75428,2025-05-13 22:30:00,0.066337,2.773863,1.961978,-0.008 1 + 0.001 theta + 1.043 omega + -0.007 theta omega + -0.018 omega^2 + 0.004 theta omega^2 + 0.155 omega^3,-0.013 1 + 0.002 theta + 0.067 omega + -0.012 theta omega + 0.001 omega^2 + 0.007 theta omega^2 + 0.213 omega^3,-1.2964202565e-02,2.0043729304e-03,6.7047123679e-02,-4.6701085102e-05,-1.2077999110e-02,1.1559539782e-03,0.0000000000e+00,2.3929529886e-04,7.2666352519e-03,2.1251544351e-01
75429,2025-05-13 22:35:00,0.066130,7.601261,5.375107,0.002 1 + -0.001 theta + 1.009 omega + 0.003 theta omega + -0.258 omega^2 + 0.012 theta omega^2 + 0.742 omega^3,0.005 1 + -0.001 theta + 0.021 omega + 0.005 theta omega + -0.511 omega^2 + -0.001 theta^2 omega + 0.024 theta omega^2 + 1.395 omega^3,4.5166284785e-03,-1.4387259106e-03,2.0665975221e-02,1.0645984763e-04,5.0902082041e-03,-5.1095163064e-01,-2.8508070766e-07,-6.5000370121e-04,2.4287291140e-02,1.3948265809e+00
75430,2025-05-13 22:40:00,0.231052,16.350932,11.563009,0.034 1 + 0.003 theta + 0.308 omega + -0.022 theta omega + 4.162 omega^2 + 0.045 theta omega^2 + -7.627 omega^3,0.065 1 + 0.005 theta + -1.350 omega + -0.043 theta omega + 8.132 omega^2 + 0.088 theta omega^2 + -14.853 omega^3,6.5466130390e-02,5.0665975326e-03,-1.3504898297e+00,-1.0320214922e-05,-4.3222376460e-02,8.1316561221e+00,0.0000000000e+00,5.3069269366e-05,8.8261951701e-02,-1.4853018822e+01
75431,2025-05-13 22:45:00,0.044334,4.799621,3.393989,0.013 1 + -0.002 theta + 0.771 omega + 0.014 theta omega + 1.651 omega^2 + -0.011 theta omega^2 + -4.833 omega^3,0.025 1 + -0.004 theta + -0.434 omega + 0.028 theta omega + 3.170 omega^2 + -0.001 theta^2 omega + -0.020 theta omega^2 + -9.413 omega^3,2.4913867874e-02,-3.6428606884e-03,-4.3366185301e-01,9.7464788547e-05,2.8227430429e-02,3.1695017991e+00,0.0000000000e+00,-6.7893740781e-04,-2.0193536307e-02,-9.4134579841e+00
75432,2025-05-13 22:50:00,0.008038,0.630808,0.446085,0.042 1 + 0.404 omega + 0.005 theta omega + 2.559 omega^2 + -0.021 theta omega^2 + -3.043 omega^3,0.041 1 + -0.001 theta + -0.615 omega + 0.010 theta omega + 2.896 omega^2 + -0.027 theta omega^2 + -4.035 omega^3,4.1020452270e-02,-1.0027256820e-03,-6.1489862563e-01,0.0000000000e+00,1.0282632527e-02,2.8961371465e+00,0.0000000000e+00,1.2816171775e-07,-2.7103983875e-02,-4.0350090429e+00
75433,2025-05-13 22:55:00,0.015869,0.313574,0.222014,0.119 1 + -0.006 theta + -0.128 omega + 0.040 theta omega + 3.420 omega^2 + -0.063 theta omega^2 + -3.196 omega^3,-0.116 1 + 0.005 theta + 1.089 omega + -0.035 theta omega + -3.305 omega^2 + 0.054 theta omega^2 + 3.299 omega^3,-1.1641254491e-01,5.1044021949e-03,1.0894752573e+00,-5.6153522301e-05,-3.4675971523e-02,-3.3054002640e+00,0.0000000000e+00,2.4579432509e-04,5.3970880133e-02,3.2987118292e+00
75434,2025-05-13 23:00:00,0.028646,1.396431,0.987633,0.001 1 + 1.005 omega + -0.030 omega^2 + 0.004 theta omega^2 + -0.078 omega^3,0.001 1 + 0.009 omega + 0.001 theta omega + -0.053 omega^2 + 0.008 theta omega^2 + -0.099 omega^3,1.2611864332e-03,-4.9527239839e-04,9.2530641170e-03,-3.3430906694e-05,1.0682437014e-03,-5.3289297607e-02,0.0000000000e+00,-1.1500725985e-04,7.5580508547e-03,-9.9240739098e-02
75435,2025-05-13 23:05:00,0.036569,4.478390,3.166805,-0.387 1 + -0.005 theta + -2.840 omega + -0.037 theta omega + -12.480 omega^2 + -0.063 theta omega^2 + -13.299 omega^3,-0.768 1 + -0.011 theta + -7.635 omega + -0.074 theta omega + -24.878 omega^2 + -0.126 theta omega^2 + -26.560 omega^3,-7.6794761009e-01,-1.0541918673e-02,-7.6352157597e+00,-3.6048635350e-05,-7.3756223027e-02,-2.4877582056e+01,0.0000000000e+00,-1.4375632132e-04,-1.2621054021e-01,-2.6559999301e+01
75436,2025-05-13 23:10:00,0.061160,8.520459,6.025030,-0.020 1 + 0.688 omega + -0.007 theta omega + -0.967 omega^2 + -0.019 theta omega^2 + -0.409 omega^3,-0.086 1 + -0.003 theta + -0.869 omega + -0.028 theta omega + -2.263 omega^2 + -0.049 theta omega^2 + -0.989 omega^3,-8.5749611804e-02,-3.2397842659e-03,-8.6883329117e-01,-3.0392926366e-05,-2.8112483336e-02,-2.2631725678e+00,0.0000000000e+00,-1.9307422724e-04,-4.8836097261e-02,-9.8860181434e-01
75437,2025-05-13 23:15:00,nan,nan,nan,-0.005 1 + -0.003 theta + 0.957 omega + -0.011 theta omega + -0.317 omega^2 + -0.096 theta omega^2 + 1.186 omega^3,-0.009 1 + -0.005 theta + -0.084 omega + -0.001 theta^2 + -0.022 theta omega + -0.625 omega^2 + -0.192 theta omega^2 + 2.365 omega^3,-9.0962371264e-03,-5.3796378592e-03,-8.4278791144e-02,-6.8747663867e-04,-2.2091338617e-02,-6.2544672308e-01,-2.4942130376e-05,-7.6897568047e-05,-1.9171394774e-01,2.3654462311e+00
75438,2025-05-13 23:20:00,nan,nan,nan,-0.002 1 + 1.028 omega + 0.005 theta omega + 0.594 omega^2 + 0.001 theta omega^2 + 2.953 omega^3,-0.004 1 + 0.057 omega + 0.011 theta omega + 1.178 omega^2 + 5.907 omega^3,-3.6953836647e-03,-2.8243452698e-04,5.6836609698e-02,-1.3454174146e-04,1.1093114279e-02,1.1778683450e+00,-6.4098268923e-06,4.4693664841e-04,-1.5970314898e-04,5.9065033554e+00
75439,2025-05-13 23:25:00,nan,nan,nan,-0.002 1 + 0.997 omega + 0.004 theta omega + 0.178 omega^2 + 0.001 theta^2 omega + -0.019 theta omega^2 + 0.974 omega^3,-0.005 1 + -0.001 theta + -0.005 omega + 0.009 theta omega + 0.356 omega^2 + 0.002 theta^2 omega + -0.041 theta omega^2 + 1.978 omega^3,-4.6879794836e-03,-8.1797384961e-04,-4.8561825874e-03,2.2189503789e-04,8.7736788820e-03,3.5599563398e-01,-1.2387604531e-04,1.9162104257e-03,-4.1000368403e-02,1.9783744681e+00
75440,2025-05-13 23:30:00,0.065086,3.264064,2.308501,-0.003 theta + 1.020 omega + -0.001 theta^2 + 0.004 theta omega + -0.482 omega^2 + -0.078 theta omega^2 + -1.985 omega^3,0.001 1 + -0.006 theta + 0.043 omega + -0.002 theta^2 + 0.011 theta omega + -0.901 omega^2 + 0.001 theta^2 omega + -0.145 theta omega^2 + -3.536 omega^3,5.2528182715e-04,-5.8324485284e-03,4.3041281387e-02,-1.7936767251e-03,1.0718101342e-02,-9.0133828983e-01,-1.3552227770e-04,8.8389177171e-04,-1.4462707898e-01,-3.5359116049e+00
75441,2025-05-13 23:35:00,0.010692,0.259550,0.183685,-0.001 theta + 1.037 omega + 0.001 theta omega + -0.735 omega^2 + -0.056 theta omega^2 + 6.600 omega^3,0.001 1 + -0.001 theta + 0.078 omega + 0.003 theta omega + -1.519 omega^2 + -0.108 theta omega^2 + 13.075 omega^3,6.9255691336e-04,-1.3068925700e-03,7.7873491520e-02,1.9455015835e-04,2.9232963003e-03,-1.5189829758e+00,-5.2649557823e-07,-4.2065590072e-04,-1.0790062662e-01,1.3075484476e+01
75442,2025-05-13 23:40:00,nan,nan,nan,-0.318 1 + 0.010 theta + 5.112 omega + -0.093 theta omega + -17.168 omega^2 + 0.219 theta omega^2 + 22.954 omega^3,-0.639 1 + 0.019 theta + 8.259 omega + -0.187 theta omega + -34.520 omega^2 + 0.001 theta^2 omega + 0.441 theta omega^2 + 46.254 omega^3,-6.3882077949e-01,1.9360084951e-02,8.2592766204e+00,-1.3064553432e-04,-1.8733840588e-01,-3.4519512748e+01,0.0000000000e+00,7.6174846942e-04,4.4061905849e-01,4.6253712629e+01
75443,2025-05-13 23:45:00,nan,nan,nan,0.003 1 + -0.001 theta + 1.001 omega + 0.008 theta omega + -0.532 omega^2 + -0.021 theta omega^2 + 2.207 omega^3,0.006 1 + -0.001 theta + 0.019 omega + 0.017 theta omega + -1.216 omega^2 + -0.049 theta omega^2 + 4.907 omega^3,6.1973326189e-03,-1.4432816375e-03,1.8524115448e-02,7.6698089391e-06,1.7457991337e-02,-1.2163569297e+00,0.0000000000e+00,-4.6034724224e-05,-4.8611319394e-02,4.9071172199e+00
75444,2025-05-13 23:50:00,0.076250,7.252896,5.128856,-0.356 1 + 0.016 theta + 3.929 omega + -0.109 theta omega + -5.355 omega^2 + 0.001 theta^2 omega + 0.170 theta omega^2 + -2.874 omega^3,-0.295 1 + 0.010 theta + 2.652 omega + -0.084 theta omega + -5.359 omega^2 + 0.168 theta omega^2 + -2.626 omega^3,-2.9544474189e-01,1.0084387341e-02,2.6515374388e+00,-4.7514963439e-05,-8.3793749918e-02,-5.3592512583e+00,0.0000000000e+00,2.2732334698e-04,1.6807492610e-01,-2.6263488220e+00
75445,2025-05-13 23:55:00,nan,nan,nan,-0.032 1 + -0.002 theta + 1.587 omega + 0.008 theta omega + -2.673 omega^2 + -0.001 theta^2 omega + 0.063 theta omega^2 + 0.029 omega^3,-0.018 1 + -0.001 theta + 0.442 omega + 0.019 theta omega + -3.693 omega^2 + -0.081 theta omega^2 + 10.696 omega^3,-1.8209836136e-02,-1.1420959000e-03,4.4238871502e-01,-2.1331222093e-05,1.9253944470e-02,-3.6930754422e+00,0.0000000000e+00,1.5187036258e-04,-8.1368318214e-02,1.0695617028e+01
75446,2025-05-14 00:00:00,0.062871,4.219811,2.984188,-0.001 1 + 0.985 omega + 0.016 omega^2 + -0.010 theta omega^2 + 0.294 omega^3,-0.002 1 + -0.035 omega + -0.001 theta omega + 0.031 omega^2 + -0.020 theta omega^2 + 0.718 omega^3,-2.2243609397e-03,4.2282614363e-04,-3.5099073334e-02,1.1080457620e-05,-6.3016789327e-04,3.1362539500e-02,-3.1243042572e-06,3.1849272104e-04,-1.9998236719e-02,7.1777975769e-01
75447,2025-05-14 00:05:00,0.023268,2.509579,1.774617,0.058 1 + 0.004 theta + 1.733 omega + 0.034 theta omega + 3.137 omega^2 + 0.065 theta omega^2 + 4.873 omega^3,-0.006 1 + -0.229 omega + -0.006 theta omega + -1.479 omega^2 + -0.038 theta omega^2 + -2.025 omega^3,-6.2647147711e-03,-1.4470925362e-05,-2.2944633932e-01,5.6407707437e-06,-6.1579631469e-03,-1.4787134005e+00,0.0000000000e+00,2.2349388586e-05,-3.7611113663e-02,-2.0252442637e+00
75448,2025-05-14 00:10:00,nan,nan,nan,-0.002 theta + 1.002 omega + -0.001 theta^2 + 0.005 theta omega + -0.230 omega^2 + -0.032 theta omega^2 + 0.446 omega^3,-0.004 theta + 0.005 omega + -0.001 theta^2 + 0.010 theta omega + -0.449 omega^2 + 0.001 theta^2 omega + -0.065 theta omega^2 + 0.897 omega^3,8.6083220872e-05,-3.6883151186e-03,4.5879099258e-03,-1.0394531257e-03,9.8553969422e-03,-4.4923552762e-01,-7.9388943719e-05,8.3001393976e-04,-6.5156810843e-02,8.9698848068e-01
75449,2025-05-14 00:15:00,nan,nan,nan,0.001 1 + -0.001 theta + 0.995 omega + 0.004 theta omega + -0.095 omega^2 + -0.030 theta omega^2 + 0.909 omega^3,0.002 1 + -0.001 theta + -0.011 omega + -0.001 theta^2 + 0.009 theta omega + -0.183 omega^2 + 0.001 theta^2 omega + -0.059 theta omega^2 + 1.924 omega^3,1.9034604773e-03,-1.3950254498e-03,-1.0994707313e-02,-6.6090801808e-04,9.0287256529e-03,-1.8334704358e-01,-5.0021121575e-05,9.4588450072e-04,-5.8915875304e-02,1.9235345877e+00
75450,2025-05-14 00:20:00,0.122686,9.493393,6.713403,0.001 1 + -0.001 theta + 1.023 omega + -0.004 theta omega + -0.041 omega^2 + 0.005 theta omega^2 + -1.586 omega^3,0.002 1 + -0.002 theta + 0.047 omega + -0.008 theta omega + -0.081 omega^2 + -0.001 theta^2 omega + 0.010 theta omega^2 + -3.108 omega^3,1.6990739299e-03,-2.3282402269e-03,4.7266510532e-02,-3.8354645964e-04,-8.2296399461e-03,-8.0975148739e-02,-1.2345555838e-05,-6.4956082976e-04,9.8480760388e-03,-3.1081877641e+00
75451,2025-05-14 00:25:00,0.027583,1.767970,1.250296,0.001 1 + -0.001 theta + 1.013 omega + -0.007 theta omega + -0.140 omega^2 + -0.001 theta^2 omega + 0.006 theta omega^2 + -1.944 omega^3,0.001 1 + -0.002 theta + 0.027 omega + -0.014 theta omega + -0.284 omega^2 + -0.003 theta^2 omega + 0.012 theta omega^2 + -3.764 omega^3,1.4882358333e-03,-1.6475144170e-03,2.6922522914e-02,-3.9220935781e-04,-1.4033735624e-02,-2.8396390012e-01,-1.5993238947e-05,-2.6313897213e-03,1.2285872743e-02,-3.7640841829e+00
75452,2025-05-14 00:30:00,nan,nan,nan,0.042 1 + 1.655 omega + 0.007 theta omega + 2.795 omega^2 + 0.053 theta omega^2 + 1.912 omega^3,0.087 1 + 1.362 omega + 0.015 theta omega + 5.801 omega^2 + 0.108 theta omega^2 + 4.125 omega^3,8.7206731071e-02,-1.0382370311e-04,1.3619285434e+00,-5.2820472880e-05,1.5445766533e-02,5.8006715318e+00,0.0000000000e+00,-3.7487669723e-04,1.0849704274e-01,4.1246422481e+00
75453,2025-05-14 00:35:00,nan,nan,nan,-0.003 1 + -0.001 theta + 1.001 omega + -0.003 theta omega + 0.355 omega^2 + -0.061 theta omega^2 + 0.479 omega^3,-0.006 1 + -0.001 theta + 0.004 omega + 0.001 theta^2 + -0.005 theta omega + 0.738 omega^2 + -0.125 theta omega^2 + 0.921 omega^3,-5.6123105418e-03,-1.3708813563e-03,3.6047059998e-03,8.1003628827e-04,-4.9830561526e-03,7.3824955921e-01,-6.5847551159e-05,4.8838013339e-04,-1.2528085531e-01,9.2052203296e-01
75454,2025-05-14 00:40:00,0.125026,17.406655,12.308681,0.012 1 + 0.001 theta + 0.998 omega + -0.004 theta omega + -0.668 omega^2 + -0.074 theta omega^2 + -1.511 omega^3,0.025 1 + 0.003 theta + -0.001 omega + -0.008 theta omega + -1.337 omega^2 + -0.147 theta omega^2 + -2.914 omega^3,2.4720291895e-02,2.9769235986e-03,-8.5037967289e-04,-1.8606687722e-04,-7.6272938244e-03,-1.3369290997e+00,-1.9918959346e-05,-4.8461413086e-04,-1.4706829202e-01,-2.9143129754e+00
75455,2025-05-14 00:45:00,0.082970,2.176484,1.540125,0.007 1 + -0.005 theta + 0.966 omega + 0.001 theta^2 + 0.015 theta omega + 0.061 omega^2 + -0.001 theta^2 omega + -0.009 theta omega^2 + -0.346 omega^3,0.013 1 + -0.010 theta + -0.066 omega + 0.002 theta^2 + 0.030 theta omega + 0.105 omega^2 + -0.003 theta^2 omega + -0.016 theta omega^2 + -0.611 omega^3,1.3377261009e-02,-1.0276273417e-02,-6.6136623491e-02,2.1353061449e-03,2.9666916454e-02,1.0531775788e-01,-1.3395170109e-04,-2.6453773490e-03,-1.5874182415e-02,-6.1124833496e-01
75456,2025-05-14 00:50:00,nan,nan,nan,0.017 1 + 1.363 omega + 0.045 theta omega + 1.173 omega^2 + 0.001 theta^2 omega + 0.069 theta omega^2 + 0.786 omega^3,0.034 1 + 0.733 omega + -0.001 theta^2 + 0.090 theta omega + 2.345 omega^2 + 0.003 theta^2 omega + 0.138 theta omega^2 + 1.507 omega^3,3.4065817513e-02,5.3769998911e-05,7.3281152022e-01,-6.6296167170e-04,9.0204080569e-02,2.3453241524e+00,-3.3140813096e-05,2.7301252493e-03,1.3801842728e-01,1.5072452148e+00
75457,2025-05-14 00:55:00,0.080488,2.236515,1.582479,-0.002 theta + 1.002 omega + 0.001 theta^2 + -0.003 theta omega + 0.106 omega^2 + 0.001 theta^2 omega + -0.059 theta omega^2 + -0.546 omega^3,-0.003 theta + 0.008 omega + 0.002 theta^2 + -0.005 theta omega + 0.225 omega^2 + 0.001 theta^2 omega + -0.115 theta omega^2 + -1.400 omega^3,2.7498338365e-04,-3.3725767766e-03,7.9337860753e-03,2.0310266878e-03,-5.4252866367e-03,2.2521129374e-01,-2.7322079594e-04,1.4597346022e-03,-1.1530750830e-01,-1.4000577144e+00
75458,2025-05-14 01:00:00,0.072280,1.775095,1.256222,-0.007 1 + 0.002 theta + 0.997 omega + 0.007 theta omega + 0.159 omega^2 + 0.006 theta omega^2 + 0.298 omega^3,-0.014 1 + 0.005 theta + 0.004 omega + 0.016 theta omega + 0.386 omega^2 + 0.001 theta^2 omega + 0.014 theta omega^2 + 0.714 omega^3,-1.3677902478e-02,4.8996977193e-03,4.3475437304e-03,3.2893114255e-04,1.5999293967e-02,3.8608260068e-01,4.9966499275e-06,5.0658757390e-04,1.3966280978e-02,7.1352267425e-01
75459,2025-05-14 01:05:00,nan,nan,nan,0.042 1 + -0.009 theta + 0.610 omega + 0.001 theta^2 + 0.074 theta omega + 0.070 omega^2 + -0.003 theta^2 omega + -0.017 theta omega^2 + 1.096 omega^3,0.086 1 + -0.018 theta + -0.790 omega + 0.001 theta^2 + 0.151 theta omega + 0.087 omega^2 + -0.006 theta^2 omega + -0.033 theta omega^2 + 2.451 omega^3,8.5541909790e-02,-1.8338365771e-02,-7.8951791732e-01,1.0263591440e-03,1.5095466793e-01,8.7109110401e-02,-1.1206987833e-05,-6.4629394273e-03,-3.3158867102e-02,2.4505496937e+00
75460,2025-05-14 01:10:00,nan,nan,nan,0.981 omega + 0.003 theta omega + 0.012 omega^2 + -0.003 theta omega^2 + 0.723 omega^3,-0.001 1 + -0.018 omega + 0.006 theta omega + -0.006 omega^2 + 0.008 theta omega^2 + 0.574 omega^3,-8.9794236763e-04,2.8149102841e-04,-1.8093918408e-02,-7.6659248374e-05,5.7581552351e-03,-5.7743378409e-03,0.0000000000e+00,-2.3984492866e-04,8.1946680004e-03,5.7380304940e-01
75461,2025-05-14 01:15:00,0.029490,0.770952,0.545544,0.022 1 + 0.001 theta + 1.037 omega + 0.001 theta omega + -0.261 omega^2 + -0.003 theta omega^2 + -0.524 omega^3,0.004 1 + 0.006 omega + -0.091 omega^2 + -0.002 theta omega^2 + -0.177 omega^3,3.8167511807e-03,3.9483531359e-05,6.3029333776e-03,0.0000000000e+00,0.0000000000e+00,-9.0682575416e-02,0.0000000000e+00,2.5166744277e-06,-1.9282112791e-03,-1.7652608925e-01
75462,2025-05-14 01:20:00,0.075650,2.586925,1.830014,0.001 1 + -0.001 theta + 1.006 omega + 0.001 theta omega + -0.017 omega^2 + -0.003 theta omega^2 + 0.041 omega^3,0.003 1 + -0.001 theta + 0.012 omega + 0.002 theta omega + -0.032 omega^2 + -0.005 theta omega^2 + 0.087 omega^3,2.5325306700e-03,-1.1133977811e-03,1.1747367834e-02,-9.8362366707e-05,1.6751205168e-03,-3.1638389081e-02,-2.3378966037e-06,1.3503112074e-04,-5.4252884757e-03,8.7273477729e-02
75463,2025-05-14 01:25:00,nan,nan,nan,0.009 1 + -0.002 theta + 1.416 omega + -0.017 theta omega + 3.693 omega^2 + -0.029 theta omega^2 + 8.804 omega^3,0.089 1 + -0.003 theta + 2.069 omega + -0.020 theta omega + 13.900 omega^2 + -0.009 theta omega^2 + 28.436 omega^3,8.9358494287e-02,-3.2139221719e-03,2.0691645284e+00,-5.7354595877e-05,-1.9671297023e-02,1.3900365172e+01,0.0000000000e+00,-3.1968602480e-04,-8.6030935772e-03,2.8436030509e+01
75464,2025-05-14 01:30:00,nan,nan,nan,0.102 1 + 0.002 theta + 1.995 omega + 0.023 theta omega + 2.455 omega^2 + 0.059 theta omega^2 + 0.120 omega^3,0.203 1 + 0.005 theta + 1.984 omega + 0.046 theta omega + 4.905 omega^2 + 0.116 theta omega^2 + 0.312 omega^3,2.0313726225e-01,4.7219473982e-03,1.9836202449e+00,1.3306259438e-06,4.6172672516e-02,4.9048705834e+00,0.0000000000e+00,-1.4849162467e-05,1.1603599348e-01,3.1182738071e-01
75465,2025-05-14 01:35:00,nan,nan,nan,0.002 1 + 0.004 theta + 1.129 omega + 0.030 theta omega + 0.805 omega^2 + 0.001 theta^2 omega + 0.058 theta omega^2 + 0.933 omega^3,0.004 1 + 0.007 theta + 0.255 omega + 0.001 theta^2 + 0.060 theta omega + 1.602 omega^2 + 0.003 theta^2 omega + 0.116 theta omega^2 + 1.894 omega^3,4.0974225745e-03,7.0604581715e-03,2.5521538375e-01,7.5713592050e-04,6.0444855015e-02,1.6024376724e+00,1.8747759338e-05,2.9571923556e-03,1.1644476950e-01,1.8941404657e+00
75466,2025-05-14 01:40:00,nan,nan,nan,-0.002 theta + 1.021 omega + 0.006 theta omega + -0.040 omega^2 + -0.001 theta^2 omega + 0.101 theta omega^2 + -1.229 omega^3,-0.003 theta + 0.043 omega + 0.012 theta omega + -0.077 omega^2 + -0.002 theta^2 omega + 0.199 theta omega^2 + -2.508 omega^3,-3.8536727008e-04,-3.3422310672e-03,4.2809242903e-02,0.0000000000e+00,1.1530987218e-02,-7.6894203476e-02,1.0238154101e-04,-2.1198164321e-03,1.9919942365e-01,-2.5082855067e+00
75467,2025-05-14 01:45:00,0.112751,5.391788,3.813403,0.012 1 + -0.006 theta + 0.857 omega + 0.001 theta^2 + 0.041 theta omega + 0.443 omega^2 + -0.002 theta^2 omega + -0.066 theta omega^2 + -0.520 omega^3,0.024 1 + -0.011 theta + -0.288 omega + 0.002 theta^2 + 0.082 theta omega + 0.894 omega^2 + -0.005 theta^2 omega + -0.134 theta omega^2 + -1.041 omega^3,2.4267779422e-02,-1.1025530687e-02,-2.8807217673e-01,1.5040252998e-03,8.2269245044e-02,8.9420975636e-01,-6.2113478258e-05,-4.7586151825e-03,-1.3368300440e-01,-1.0414091463e+00
75468,2025-05-14 01:50:00,0.084532,5.874351,4.154223,0.001 theta + 1.001 omega + 0.004 theta omega + -0.010 omega^2 + -0.001 theta^2 omega + -0.048 theta omega^2 + -0.274 omega^3,0.002 theta + 0.004 omega + 0.009 theta omega + -0.050 omega^2 + -0.002 theta^2 omega + -0.091 theta omega^2 + -0.667 omega^3,-1.4699460019e-04,2.1089032384e-03,3.8912034580e-03,1.5970291775e-05,8.6658924964e-03,-4.9915989414e-02,-7.7745312538e-05,-1.5322985270e-03,-9.0948745754e-02,-6.6654151974e-01
75469,2025-05-14 01:55:00,0.096649,2.771792,1.961144,-0.001 theta + 1.004 omega + 0.002 theta omega + 0.112 omega^2 + -0.037 theta omega^2 + -0.155 omega^3,-0.001 1 + -0.001 theta + 0.009 omega + 0.001 theta^2 + 0.003 theta omega + 0.225 omega^2 + -0.001 theta^2 omega + -0.076 theta omega^2 + -0.285 omega^3,-8.4915400548e-04,-1.0322537569e-03,9.4941930799e-03,8.0598346723e-04,3.4472910543e-03,2.2531516510e-01,-8.4630246193e-05,-7.8784688270e-04,-7.6038674795e-02,-2.8520619927e-01
75470,2025-05-14 02:00:00,0.112998,2.929432,2.072962,0.058 1 + -0.006 theta + 0.346 omega + 0.043 theta omega + 2.225 omega^2 + -0.001 theta^2 omega + -0.097 theta omega^2 + -1.827 omega^3,0.114 1 + -0.011 theta + -1.296 omega + 0.085 theta omega + 4.406 omega^2 + -0.001 theta^2 omega + -0.192 theta omega^2 + -3.555 omega^3,1.1379369891e-01,-1.0893791917e-02,-1.2964408315e+00,3.5042447920e-04,8.5232552260e-02,4.4064767407e+00,-4.1962579520e-06,-1.1423626023e-03,-1.9170262300e-01,-3.5546936775e+00
75471,2025-05-14 02:05:00,nan,nan,nan,-0.016 1 + 0.002 theta + 1.227 omega + -0.035 theta omega + -0.142 omega^2 + 0.001 theta^2 omega + 0.015 theta omega^2 + -0.464 omega^3,-0.008 1 + 0.002 theta + 0.039 omega + -0.018 theta omega + 0.798 omega^2 + 0.001 theta^2 omega + -0.026 theta omega^2 + -2.265 omega^3,-7.7696813601e-03,1.8798445696e-03,3.9096228681e-02,-8.3339731978e-05,-1.8031395748e-02,7.9793891537e-01,0.0000000000e+00,8.7370458440e-04,-2.5549319956e-02,-2.2654388001e+00
75472,2025-05-14 02:10:00,0.112340,9.346660,6.609564,0.002 1 + -0.002 theta + 0.950 omega + -0.002 theta omega + 1.110 omega^2 + -0.011 theta omega^2 + -2.931 omega^3,0.003 1 + -0.003 theta + -0.093 omega + -0.005 theta omega + 2.152 omega^2 + -0.023 theta omega^2 + -5.645 omega^3,3.2612202804e-03,-3.1225794575e-03,-9.3212531485e-02,2.8392393332e-04,-4.9480379146e-03,2.1522784537e+00,-6.2562782430e-06,1.0817788293e-04,-2.2574185544e-02,-5.6447327182e+00
75473,2025-05-14 02:15:00,0.013779,0.346426,0.245154,0.001 1 + 1.000 omega + 0.001 theta omega + -0.089 omega^2 + -0.018 theta omega^2 + -0.011 omega^3,0.002 1 + 0.002 omega + 0.002 theta omega + -0.166 omega^2 + -0.036 theta omega^2 + -0.015 omega^3,2.2681599139e-03,3.2819143243e-04,1.5702008657e-03,-3.1469679134e-04,1.8898067742e-03,-1.6604966288e-01,-2.6745049631e-05,1.1559894809e-04,-3.5911187000e-02,-1.5063565617e-02
75474,2025-05-14 02:20:00,0.020562,0.386062,0.273374,-0.001 1 + -0.001 theta + 1.017 omega + 0.005 theta omega + -0.009 omega^2 + -0.001 theta^2 omega + 0.012 theta omega^2 + -0.829 omega^3,-0.002 1 + -0.002 theta + 0.037 omega + 0.011 theta omega + -0.002 omega^2 + -0.001 theta^2 omega + 0.022 theta omega^2 + -1.744 omega^3,-2.1916732983e-03,-1.6138273051e-03,3.7386354450e-02,2.6608082341e-04,1.0728802671e-02,-2.3389402103e-03,-9.9270711998e-06,-1.2237850268e-03,2.2301853213e-02,-1.7443561882e+00
75475,2025-05-14 02:25:00,0.139332,5.519623,3.904206,-0.001 1 + -0.002 theta + 1.022 omega + 0.008 theta omega + 0.277 omega^2 + -0.001 theta^2 omega + 0.002 theta omega^2 + -1.618 omega^3,-0.002 1 + -0.004 theta + 0.044 omega + 0.015 theta omega + 0.527 omega^2 + -0.002 theta^2 omega + -0.001 theta omega^2 + -2.922 omega^3,-1.5068269986e-03,-4.4822088279e-03,4.3984557639e-02,4.6600041583e-04,1.5318097797e-02,5.2734136431e-01,0.0000000000e+00,-2.3708167802e-03,-5.4582717156e-04,-2.9220660988e+00
75476,2025-05-14 02:30:00,nan,nan,nan,-0.005 1 + 0.003 theta + 1.107 omega + -0.021 theta omega + -0.754 omega^2 + 0.001 theta^2 omega + 0.028 theta omega^2 + 2.285 omega^3,-0.010 1 + 0.005 theta + 0.222 omega + -0.043 theta omega + -1.528 omega^2 + 0.002 theta^2 omega + 0.057 theta omega^2 + 4.746 omega^3,-1.0434637999e-02,5.3769200182e-03,2.2191442384e-01,-4.4224654924e-04,-4.3327739617e-02,-1.5279981400e+00,9.3294584010e-06,1.8078405654e-03,5.7098622046e-02,4.7462456733e+00
75477,2025-05-14 02:35:00,0.047429,3.235405,2.288023,0.002 1 + -0.001 theta + 1.021 omega + 0.006 theta omega + -0.351 omega^2 + 0.002 theta omega^2 + 0.548 omega^3,0.004 1 + -0.002 theta + 0.043 omega + 0.012 theta omega + -0.731 omega^2 + 0.006 theta omega^2 + 1.078 omega^3,4.2372722182e-03,-1.5603153366e-03,4.3268711666e-02,4.8167987933e-05,1.2173426777e-02,-7.3069849513e-01,0.0000000000e+00,-4.1930443101e-04,6.4027156639e-03,1.0782346837e+00
75478,2025-05-14 02:40:00,nan,nan,nan,0.002 1 + -0.001 theta + 0.987 omega + 0.009 theta omega + -0.326 omega^2 + -0.046 theta omega^2 + 3.400 omega^3,0.003 1 + -0.002 theta + -0.022 omega + 0.018 theta omega + -0.655 omega^2 + -0.091 theta omega^2 + 6.731 omega^3,3.2440161501e-03,-2.1577859209e-03,-2.1865543490e-02,2.5200502431e-04,1.8278379927e-02,-6.5501102305e-01,-9.2180029281e-06,-4.6909401957e-04,-9.0872680622e-02,6.7307606378e+00
75479,2025-05-14 02:45:00,nan,nan,nan,-0.027 1 + 1.600 omega + -0.019 theta omega + -3.649 omega^2 + -0.001 theta^2 omega + 0.177 theta omega^2 + 3.312 omega^3,-0.055 1 + 0.001 theta + 1.210 omega + -0.038 theta omega + -7.332 omega^2 + -0.002 theta^2 omega + 0.355 theta omega^2 + 6.679 omega^3,-5.4874835668e-02,1.0021397472e-03,1.2101037591e+00,7.3393051233e-05,-3.7927005373e-02,-7.3318575957e+00,4.2786445896e-06,-1.9321245039e-03,3.5531081729e-01,6.6789893439e+00
75480,2025-05-14 02:50:00,0.092067,2.168212,1.534539,0.002 1 + -0.002 theta + 0.976 omega + 0.001 theta^2 + 0.011 theta omega + 0.142 omega^2 + -0.001 theta^2 omega + -0.049 theta omega^2 + -0.154 omega^3,0.005 1 + -0.004 theta + -0.047 omega + 0.001 theta^2 + 0.023 theta omega + 0.303 omega^2 + -0.003 theta^2 omega + -0.101 theta omega^2 + -0.350 omega^3,4.6155761173e-03,-3.7394731433e-03,-4.6782476847e-02,1.3113855570e-03,2.3472986743e-02,3.0261361131e-01,-1.3924518401e-04,-2.5207496249e-03,-1.0087885457e-01,-3.4961523943e-01
75481,2025-05-14 02:55:00,0.116779,11.482845,8.120018,0.001 1 + 1.025 omega + -0.005 theta omega + -0.068 omega^2 + -0.028 theta omega^2 + -0.647 omega^3,0.003 1 + -0.001 theta + 0.053 omega + -0.010 theta omega + -0.145 omega^2 + -0.001 theta^2 omega + -0.053 theta omega^2 + -1.414 omega^3,2.8450561918e-03,-9.0028106958e-04,5.2910726146e-02,-1.9889108526e-04,-1.0088595839e-02,-1.4478158830e-01,9.8249736449e-07,-1.0002718850e-03,-5.3308383437e-02,-1.4141984017e+00
75482,2025-05-14 03:00:00,0.472370,29.870104,21.123994,0.058 1 + 0.957 omega + -0.010 theta omega + -0.984 omega^2 + -0.037 theta omega^2 + -1.040 omega^3,0.072 1 + 0.006 theta + 0.090 omega + 0.007 theta omega + -0.467 omega^2 + -0.023 theta omega^2 + -0.375 omega^3,7.1957699632e-02,5.6711762811e-03,8.9979536130e-02,1.1151019593e-04,7.4767332129e-03,-4.6734223803e-01,0.0000000000e+00,1.6683482601e-04,-2.2982925895e-02,-3.7495184233e-01
75483,2025-05-14 03:05:00,0.058098,1.576971,1.115844,-0.025 1 + 0.004 theta + 1.137 omega + -0.017 theta omega + -0.212 omega^2 + 0.005 theta omega^2 + 0.743 omega^3,-0.005 1 + 0.001 theta + -0.059 omega + 0.002 theta omega + 0.397 omega^2 + -0.020 theta omega^2 + 0.021 omega^3,-5.2395308915e-03,1.1959357141e-03,-5.9300882524e-02,-3.4478586764e-05,1.6699736414e-03,3.9689538689e-01,0.0000000000e+00,5.3259290124e-06,-1.9566091551e-02,2.0850298074e-02
75484,2025-05-14 03:10:00,0.012462,0.957168,0.676877,0.203 1 + 0.003 theta + 3.243 omega + 0.025 theta omega + 7.923 omega^2 + 0.056 theta omega^2 + 8.736 omega^3,0.413 1 + 0.006 theta + 4.559 omega + 0.050 theta omega + 16.130 omega^2 + 0.113 theta omega^2 + 17.876 omega^3,4.1299145176e-01,5.7841427787e-03,4.5585216709e+00,-3.2843368037e-06,5.0380247159e-02,1.6129591870e+01,0.0000000000e+00,-4.0825373224e-05,1.1336101326e-01,1.7875926295e+01
75485,2025-05-14 03:15:00,0.029160,1.237390,0.875210,0.001 1 + -0.001 theta + 1.005 omega + 0.010 theta omega + -0.063 omega^2 + -0.012 theta omega^2 + -0.057 omega^3,0.002 1 + -0.003 theta + 0.012 omega + 0.020 theta omega + -0.127 omega^2 + -0.001 theta^2 omega + -0.023 theta omega^2 + -0.098 omega^3,2.3104459929e-03,-2.7273208502e-03,1.1642680136e-02,1.7633460440e-04,2.0306774586e-02,-1.2732739872e-01,-2.9729658108e-06,-7.1204336389e-04,-2.3216173460e-02,-9.7809735304e-02
75486,2025-05-14 03:20:00,0.041697,1.103627,0.780939,-0.001 1 + 1.008 omega + 0.004 theta omega + 0.093 omega^2 + -0.001 theta^2 omega + -0.040 theta omega^2 + -0.861 omega^3,-0.001 1 + 0.015 omega + 0.001 theta^2 + 0.007 theta omega + 0.189 omega^2 + -0.001 theta^2 omega + -0.081 theta omega^2 + -1.636 omega^3,-1.4842580979e-03,-2.0528030452e-04,1.5163560517e-02,7.1573608227e-04,7.1996853268e-03,1.8948890637e-01,-8.4649201630e-05,-9.5532805253e-04,-8.0999517137e-02,-1.6362622584e+00
75487,2025-05-14 03:25:00,0.043371,1.344542,0.951229,-0.011 1 + 0.001 theta + 1.098 omega + -0.011 theta omega + -0.262 omega^2 + 0.013 theta omega^2 + 0.395 omega^3,-0.020 1 + 0.003 theta + 0.176 omega + -0.020 theta omega + -0.467 omega^2 + 0.001 theta^2 omega + 0.023 theta omega^2 + 0.698 omega^3,-1.9733021127e-02,2.5049831614e-03,1.7565734761e-01,-6.8007663707e-05,-1.9810891114e-02,-4.6694833318e-01,-2.9221202596e-07,5.1527843185e-04,2.2893401429e-02,6.9830058735e-01
75488,2025-05-14 03:30:00,0.130431,4.025554,2.847990,-0.007 1 + -0.005 theta + 0.995 omega + -0.001 theta^2 + -0.014 theta omega + 0.069 omega^2 + -0.003 theta^2 omega + 0.109 theta omega^2 + -1.825 omega^3,-0.015 1 + -0.010 theta + -0.007 omega + -0.001 theta^2 + -0.028 theta omega + 0.133 omega^2 + -0.006 theta^2 omega + 0.219 theta omega^2 + -3.764 omega^3,-1.4610329943e-02,-9.7584806346e-03,-6.8905767702e-03,-1.2550271103e-03,-2.7946194332e-02,1.3349064457e-01,-3.6308561220e-05,-5.7702707431e-03,2.1924327657e-01,-3.7638973192e+00
75489,2025-05-14 03:35:00,0.081330,2.892705,2.046259,0.999 omega + -0.006 theta omega + -0.010 omega^2 + -0.001 theta^2 omega + -0.020 theta omega^2 + 0.127 omega^3,-0.001 theta + -0.001 theta^2 + -0.011 theta omega + -0.037 omega^2 + -0.002 theta^2 omega + -0.041 theta omega^2 + 0.233 omega^3,3.0393933196e-04,-5.9611858794e-04,2.9411618939e-04,-5.3281069030e-04,-1.0986471887e-02,-3.6982643118e-02,-6.6971310583e-05,-1.8099732567e-03,-4.1489124379e-02,2.3315577089e-01
75490,2025-05-14 03:40:00,0.097996,7.658290,5.415672,-0.006 1 + 0.919 omega + -0.005 theta omega + -0.423 omega^2 + -0.019 theta omega^2 + -0.825 omega^3,-0.012 1 + -0.157 omega + -0.010 theta omega + -0.846 omega^2 + -0.038 theta omega^2 + -1.650 omega^3,-1.1942900091e-02,4.7506846628e-04,-1.5694849490e-01,1.0843863845e-04,-1.0048099474e-02,-8.4613191604e-01,2.6211470081e-06,-7.0149451177e-05,-3.8023745501e-02,-1.6497449804e+00
75491,2025-05-14 03:45:00,0.075870,7.107485,5.026037,-0.002 1 + 1.009 omega + 0.002 theta omega + 0.102 omega^2 + -0.050 theta omega^2 + -0.127 omega^3,-0.004 1 + 0.001 theta + 0.020 omega + 0.003 theta omega + 0.212 omega^2 + -0.001 theta^2 omega + -0.097 theta omega^2 + -0.313 omega^3,-4.1830876058e-03,5.6843086674e-04,2.0155293513e-02,3.3345178030e-04,2.9953763281e-03,2.1175837682e-01,-1.7162340486e-05,-5.0931429523e-04,-9.6601214176e-02,-3.1316026825e-01
75492,2025-05-14 03:50:00,0.018076,0.652876,0.461830,-0.018 1 + 0.001 theta + 1.160 omega + -0.006 theta omega + -0.361 omega^2 + 0.006 theta omega^2 + 0.235 omega^3,-0.028 1 + 0.002 theta + 0.247 omega + -0.011 theta omega + -0.583 omega^2 + 0.010 theta omega^2 + 0.440 omega^3,-2.7675136766e-02,1.7650739861e-03,2.4659650764e-01,-2.5388174583e-05,-1.0557558986e-02,-5.8292548046e-01,0.0000000000e+00,1.1254139112e-04,9.6337274919e-03,4.3982353518e-01
75493,2025-05-14 03:55:00,0.016916,1.445455,1.022161,0.060 1 + 1.748 omega + 0.006 theta omega + 2.762 omega^2 + 0.022 theta omega^2 + 2.963 omega^3,0.203 1 + -0.003 theta + 2.941 omega + -0.022 theta omega + 13.674 omega^2 + -0.045 theta omega^2 + 20.700 omega^3,2.0339336207e-01,-2.8569696257e-03,2.9408922940e+00,0.0000000000e+00,-2.2466270996e-02,1.3674305544e+01,0.0000000000e+00,1.1829941938e-06,-4.4584969520e-02,2.0700310647e+01
75494,2025-05-14 04:00:00,nan,nan,nan,0.026 1 + 0.001 theta + 1.269 omega + 0.005 theta omega + 0.950 omega^2 + 0.002 theta omega^2 + 1.415 omega^3,0.054 1 + 0.001 theta + 0.566 omega + 0.009 theta omega + 2.035 omega^2 + 0.003 theta omega^2 + 3.043 omega^3,5.3612867454e-02,1.4574674874e-03,5.6582812752e-01,1.2931393579e-05,8.9958862452e-03,2.0346901896e+00,0.0000000000e+00,7.9642202281e-05,2.8903057427e-03,3.0434912919e+00
75495,2025-05-14 04:05:00,0.145677,9.342262,6.606780,-0.011 1 + 0.853 omega + 0.001 theta omega + -0.532 omega^2 + -0.008 theta omega^2 + 0.040 omega^3,-0.001 theta + 0.036 omega + -0.004 theta omega + 0.187 omega^2 + 0.008 theta omega^2 + -0.328 omega^3,-4.9388319984e-04,-8.0915607851e-04,3.6233818207e-02,-1.1311590370e-05,-4.1625878200e-03,1.8692470166e-01,0.0000000000e+00,-1.0021270838e-04,8.2580969129e-03,-3.2783187735e-01
75496,2025-05-14 04:10:00,0.125892,8.917800,6.306465,0.008 1 + -0.003 theta + 1.087 omega + -0.008 theta omega + -0.387 omega^2 + 0.007 theta omega^2 + -2.416 omega^3,0.004 1 + -0.002 theta + -0.021 omega + -0.013 theta omega + -1.470 omega^2 + -0.006 theta omega^2 + -5.769 omega^3,3.8562607354e-03,-2.4626223204e-03,-2.0512266901e-02,-6.9538793994e-05,-1.2819982772e-02,-1.4704010081e+00,0.0000000000e+00,-3.7802274687e-04,-5.6148871445e-03,-5.7690236786e+00
75497,2025-05-14 04:15:00,0.485072,16.177450,11.444326,-0.003 1 + 0.997 omega + -0.003 theta omega + 0.128 omega^2 + 0.005 theta omega^2 + -0.253 omega^3,-0.006 1 + -0.001 theta + -0.007 omega + -0.006 theta omega + 0.271 omega^2 + 0.010 theta omega^2 + -0.525 omega^3,-6.2557506346e-03,-7.5785250890e-04,-7.4299646741e-03,1.7438845497e-04,-5.9626156729e-03,2.7120604289e-01,-6.1183437437e-06,1.9936499896e-04,9.9329812290e-03,-5.2463734893e-01
75498,2025-05-14 04:20:00,nan,nan,nan,0.002 1 + 0.002 theta + 1.006 omega + 0.013 theta omega + -0.014 omega^2 + 0.001 theta^2 omega + -0.002 theta omega^2 + 0.279 omega^3,0.004 1 + 0.004 theta + 0.016 omega + 0.026 theta omega + -0.004 omega^2 + 0.002 theta^2 omega + -0.003 theta omega^2 + 0.573 omega^3,4.4790912303e-03,4.3330099872e-03,1.6385320466e-02,4.3845851138e-04,2.5820963851e-02,-4.1447219681e-03,6.3745972095e-06,2.2514640559e-03,-2.6932549385e-03,5.7303701874e-01
75499,2025-05-14 04:25:00,0.074415,2.595623,1.836136,0.001 1 + 0.998 omega + 0.001 theta omega + -0.022 omega^2 + -0.012 theta omega^2 + 0.183 omega^3,0.002 1 + -0.004 omega + 0.002 theta omega + -0.046 omega^2 + -0.024 theta omega^2 + 0.389 omega^3,1.9226409461e-03,-4.3008022453e-04,-3.7263202438e-03,-2.8678364736e-04,2.2342403607e-03,-4.5919030944e-02,-2.4972385728e-05,3.0055588649e-04,-2.3911031746e-02,3.8947845047e-01
