Chunk_Index,Chunk_Start_Time,Sim_RMSE_Omega,Sim_RMSE_Theta,Sim_RMSE_Total,Eq_Theta,Eq_Omega,Coeff_Const,Coeff_Theta,Coeff_Omega,Coeff_Theta2,Coeff_ThetaOmega,Coeff_Omega2,Coeff_Theta3,Coeff_Theta2Omega,Coeff_ThetaOmega2,Coeff_Omega3
11500,2024-09-24 02:05:00,0.052193,7.291188,5.155781,0.002 1 + 0.866 omega + 0.005 theta omega + 1.351 omega^2 + -0.038 theta omega^2 + -3.408 omega^3,0.003 1 + 0.001 theta + -0.265 omega + 0.010 theta omega + 2.653 omega^2 + -0.078 theta omega^2 + -6.592 omega^3,3.4143025941e-03,5.5618683302e-04,-2.6518934525e-01,-7.4537330908e-05,9.9887849874e-03,2.6534101850e+00,1.9338298420e-06,5.6962980609e-05,-7.7613442671e-02,-6.5924117255e+00
11501,2024-09-24 02:10:00,nan,nan,nan,-0.029 1 + 0.008 theta + 1.405 omega + -0.001 theta^2 + -0.076 theta omega + -1.493 omega^2 + 0.003 theta^2 omega + 0.113 theta omega^2 + 1.226 omega^3,-0.060 1 + 0.015 theta + 0.825 omega + -0.001 theta^2 + -0.153 theta omega + -3.072 omega^2 + 0.007 theta^2 omega + 0.232 theta omega^2 + 2.645 omega^3,-5.9818301964e-02,1.5310710485e-02,8.2485130966e-01,-1.0459632489e-03,-1.5339676729e-01,-3.0721755753e+00,1.5732173669e-05,7.0300022240e-03,2.3218251425e-01,2.6450008670e+00
11502,2024-09-24 02:15:00,nan,nan,nan,-0.017 1 + 0.001 theta + 1.269 omega + -0.025 theta omega + -0.641 omega^2 + 0.043 theta omega^2 + 1.161 omega^3,-0.031 1 + 0.002 theta + 0.456 omega + -0.054 theta omega + -0.268 omega^2 + -0.001 theta^2 omega + 0.202 theta omega^2 + -5.085 omega^3,-3.1412846784e-02,1.9713104865e-03,4.5589755441e-01,1.7461891797e-04,-5.3926427630e-02,-2.6801079030e-01,0.0000000000e+00,-7.8188111051e-04,2.0212754704e-01,-5.0854471925e+00
11503,2024-09-24 02:20:00,0.020634,1.220239,0.862963,0.061 1 + -0.006 theta + 0.585 omega + 0.034 theta omega + 0.239 omega^2 + -0.001 theta^2 omega + -0.039 theta omega^2 + 1.783 omega^3,0.089 1 + -0.008 theta + -0.718 omega + 0.055 theta omega + 1.099 omega^2 + -0.001 theta^2 omega + -0.082 theta omega^2 + 1.451 omega^3,8.8766668038e-02,-7.8941120444e-03,-7.1768337606e-01,1.7008349625e-04,5.4557495842e-02,1.0985611352e+00,0.0000000000e+00,-8.4249972403e-04,-8.1549076298e-02,1.4511295314e+00
11504,2024-09-24 02:25:00,0.038927,4.282319,3.028182,0.106 1 + 0.002 theta + -0.501 omega + -0.008 theta omega + 6.548 omega^2 + -8.383 omega^3,0.214 1 + 0.003 theta + -3.027 omega + -0.016 theta omega + 13.196 omega^2 + -0.001 theta omega^2 + -16.844 omega^3,2.1362138881e-01,3.1010900625e-03,-3.0266888434e+00,-3.3716404708e-05,-1.5563490655e-02,1.3196374550e+01,0.0000000000e+00,1.7187969210e-04,-1.1940302774e-03,-1.6843702425e+01
11505,2024-09-24 02:30:00,nan,nan,nan,-0.056 1 + 0.011 theta + 1.456 omega + -0.001 theta^2 + -0.068 theta omega + -1.243 omega^2 + 0.002 theta^2 omega + 0.069 theta omega^2 + 2.072 omega^3,-0.115 1 + 0.022 theta + 0.941 omega + -0.001 theta^2 + -0.139 theta omega + -2.577 omega^2 + 0.005 theta^2 omega + 0.143 theta omega^2 + 4.325 omega^3,-1.1545442925e-01,2.2419078993e-02,9.4063470077e-01,-1.2792141007e-03,-1.3916947517e-01,-2.5771936497e+00,2.0715359852e-05,4.9610617353e-03,1.4329974909e-01,4.3250349787e+00
11506,2024-09-24 02:35:00,0.028090,3.263602,2.307800,-0.026 1 + -0.005 theta + 1.469 omega + -0.009 theta omega + -0.884 omega^2 + 0.026 theta omega^2 + 1.123 omega^3,-0.011 1 + 0.001 theta + 0.305 omega + -0.014 theta omega + -2.517 omega^2 + 0.026 theta omega^2 + 8.242 omega^3,-1.1368285920e-02,7.8364033591e-04,3.0480893109e-01,-1.6843410290e-05,-1.3948307455e-02,-2.5169679933e+00,0.0000000000e+00,2.6191122698e-04,2.5805100590e-02,8.2415973917e+00
11507,2024-09-24 02:40:00,0.017357,1.573100,1.112417,-0.009 1 + 1.160 omega + -0.010 theta omega + -0.411 omega^2 + 0.052 theta omega^2 + -1.012 omega^3,-0.018 1 + -0.001 theta + 0.322 omega + -0.020 theta omega + -0.794 omega^2 + -0.001 theta^2 omega + 0.104 theta omega^2 + -2.193 omega^3,-1.7802945584e-02,-7.4996747081e-04,3.2197919828e-01,1.8927035244e-04,-2.0036320672e-02,-7.9431985056e-01,-2.7140523443e-06,-5.1816099718e-04,1.0389222823e-01,-2.1933269481e+00
11508,2024-09-24 02:45:00,0.010129,0.866551,0.612786,-0.011 1 + -0.001 theta + 1.197 omega + 0.005 theta omega + -0.969 omega^2 + -0.021 theta omega^2 + 1.375 omega^3,-0.037 1 + -0.002 theta + 0.762 omega + 0.018 theta omega + -4.645 omega^2 + -0.049 theta omega^2 + 8.708 omega^3,-3.7108533569e-02,-1.7078007523e-03,7.6199930814e-01,4.7041150570e-06,1.7668232668e-02,-4.6454316190e+00,0.0000000000e+00,-1.0733621226e-05,-4.9260786746e-02,8.7079143896e+00
11509,2024-09-24 02:50:00,0.053834,2.897884,2.049467,0.031 1 + -0.002 theta + 0.452 omega + 0.024 theta omega + 2.771 omega^2 + -0.081 theta omega^2 + -3.826 omega^3,0.019 1 + -0.001 theta + -0.384 omega + 0.014 theta omega + 2.325 omega^2 + -0.061 theta omega^2 + -4.224 omega^3,1.9253353409e-02,-9.0962668576e-04,-3.8383321467e-01,6.0328869902e-06,1.4043066207e-02,2.3252581661e+00,0.0000000000e+00,0.0000000000e+00,-6.0737593677e-02,-4.2244529181e+00
11510,2024-09-24 02:55:00,nan,nan,nan,-0.160 1 + 0.005 theta + 2.902 omega + -0.049 theta omega + -6.222 omega^2 + 0.129 theta omega^2 + 3.335 omega^3,-0.292 1 + 0.008 theta + 3.474 omega + -0.086 theta omega + -11.205 omega^2 + 0.237 theta omega^2 + 5.143 omega^3,-2.9204537032e-01,7.8616107494e-03,3.4739155507e+00,-1.9637277717e-05,-8.5980021126e-02,-1.1205442714e+01,0.0000000000e+00,9.8554337769e-05,2.3671497260e-01,5.1431415839e+00
11511,2024-09-24 03:00:00,nan,nan,nan,-0.001 1 + -0.002 theta + 1.027 omega + 0.001 theta omega + -0.076 omega^2 + -0.023 theta omega^2 + 0.547 omega^3,-0.001 1 + -0.005 theta + 0.057 omega + -0.001 theta^2 + 0.003 theta omega + -0.151 omega^2 + -0.047 theta omega^2 + 1.153 omega^3,-1.3110046632e-03,-4.7176444551e-03,5.7442033274e-02,-6.8817124504e-04,3.2783612413e-03,-1.5117949845e-01,-2.2063923179e-05,4.0129694799e-05,-4.6699348056e-02,1.1526319048e+00
11512,2024-09-24 03:05:00,0.093949,11.704516,8.276609,0.004 1 + -0.002 theta + 0.951 omega + 0.022 theta omega + 0.197 omega^2 + -0.069 theta omega^2 + -0.155 omega^3,0.008 1 + -0.003 theta + -0.097 omega + 0.043 theta omega + 0.400 omega^2 + -0.137 theta omega^2 + -0.351 omega^3,7.5262513112e-03,-3.2309537962e-03,-9.6564858509e-02,3.1287399087e-05,4.3361061885e-02,3.9973208857e-01,7.5217777921e-07,-4.2069800751e-04,-1.3688446554e-01,-3.5063257795e-01
11513,2024-09-24 03:10:00,nan,nan,nan,-0.006 1 + 0.002 theta + 1.119 omega + -0.024 theta omega + -0.671 omega^2 + 0.035 theta omega^2 + 2.399 omega^3,-0.011 1 + 0.004 theta + 0.235 omega + -0.048 theta omega + -1.316 omega^2 + 0.001 theta^2 omega + 0.066 theta omega^2 + 4.768 omega^3,-1.1204902177e-02,3.6142997194e-03,2.3484529810e-01,-2.1774381545e-06,-4.7501541715e-02,-1.3159588780e+00,-2.4348722033e-06,8.3305049719e-04,6.5787186885e-02,4.7675990293e+00
11514,2024-09-24 03:15:00,nan,nan,nan,0.001 1 + 0.978 omega + 0.012 theta omega + -0.376 omega^2 + -0.001 theta^2 omega + -0.032 theta omega^2 + 3.858 omega^3,0.002 1 + -0.001 theta + -0.041 omega + 0.025 theta omega + -0.771 omega^2 + -0.001 theta^2 omega + -0.066 theta omega^2 + 7.827 omega^3,2.3697240948e-03,-9.1993218761e-04,-4.1151334039e-02,2.0326539664e-05,2.4933953727e-02,-7.7124488237e-01,4.0934856485e-06,-1.2700935419e-03,-6.6409102161e-02,7.8271994823e+00
11515,2024-09-24 03:20:00,0.093372,13.482612,9.533875,0.007 1 + 0.763 omega + 0.006 theta omega + 1.610 omega^2 + -0.046 theta omega^2 + -2.615 omega^3,0.024 1 + -0.001 theta + -0.434 omega + 0.018 theta omega + 2.071 omega^2 + -0.079 theta omega^2 + -1.743 omega^3,2.4108173480e-02,-1.2155920745e-03,-4.3414764284e-01,6.6566620815e-06,1.7779551592e-02,2.0709391945e+00,0.0000000000e+00,4.8933622958e-05,-7.8651627512e-02,-1.7425800194e+00
11516,2024-09-24 03:25:00,nan,nan,nan,-0.756 1 + 0.009 theta + 9.731 omega + -0.072 theta omega + -33.528 omega^2 + 0.137 theta omega^2 + 42.922 omega^3,-1.494 1 + 0.018 theta + 17.237 omega + -0.142 theta omega + -66.164 omega^2 + 0.271 theta omega^2 + 84.679 omega^3,-1.4940326247e+00,1.8297982165e-02,1.7236959304e+01,-6.0906513860e-05,-1.4218048621e-01,-6.6164332428e+01,0.0000000000e+00,2.6484606611e-04,2.7106154522e-01,8.4678711481e+01
11517,2024-09-24 03:30:00,0.065002,2.140333,1.514142,0.147 1 + -0.005 theta + -0.723 omega + 0.043 theta omega + 6.251 omega^2 + -0.098 theta omega^2 + -6.578 omega^3,0.305 1 + -0.009 theta + -3.642 omega + 0.087 theta omega + 13.585 omega^2 + -0.201 theta omega^2 + -15.051 omega^3,3.0537353080e-01,-9.4633628634e-03,-3.6420741695e+00,5.6730878029e-05,8.7499423292e-02,1.3584845549e+01,0.0000000000e+00,-2.9285874046e-04,-2.0064685126e-01,-1.5050512657e+01
11518,2024-09-24 03:35:00,0.026350,2.308861,1.632718,0.220 1 + 0.001 theta + -2.839 omega + 21.741 omega^2 + -0.028 theta omega^2 + -39.739 omega^3,0.442 1 + 0.001 theta + -7.712 omega + 43.660 omega^2 + -0.056 theta omega^2 + -79.757 omega^3,4.4236327275e-01,1.4411914532e-03,-7.7118003891e+00,-5.6868211327e-05,3.0119738416e-04,4.3660019033e+01,0.0000000000e+00,3.4527400840e-04,-5.5508345161e-02,-7.9757423024e+01
11519,2024-09-24 03:40:00,0.013761,0.282445,0.199955,0.004 1 + -0.003 theta + 1.042 omega + -0.033 theta omega + -0.704 omega^2 + 0.003 theta^2 omega + 0.312 theta omega^2 + 1.083 omega^3,0.008 1 + -0.005 theta + 0.091 omega + -0.070 theta omega + -1.406 omega^2 + 0.006 theta^2 omega + 0.637 theta omega^2 + 1.853 omega^3,8.1720829220e-03,-5.4070885939e-03,9.1494590391e-02,2.6663543363e-04,-6.9698788226e-02,-1.4057185411e+00,9.5571712144e-05,6.3506329210e-03,6.3731093168e-01,1.8530972299e+00
11520,2024-09-24 03:45:00,0.098147,2.284232,1.616686,-0.005 1 + -0.003 theta + 0.788 omega + -0.001 theta^2 + -0.059 theta omega + -2.004 omega^2 + -0.004 theta^2 omega + -0.455 theta omega^2 + -0.527 omega^3,-0.008 1 + -0.006 theta + -0.402 omega + -0.002 theta^2 + -0.107 theta omega + -3.806 omega^2 + -0.007 theta^2 omega + -0.877 theta omega^2 + 0.037 omega^3,-8.1149761674e-03,-5.8317632859e-03,-4.0233530995e-01,-1.6537997703e-03,-1.0691003561e-01,-3.8056963270e+00,-1.4906281001e-04,-6.5307223992e-03,-8.7668103654e-01,3.6556974616e-02
11521,2024-09-24 03:50:00,0.092001,13.356945,9.445010,-0.001 theta + 1.019 omega + -0.008 theta omega + 0.072 omega^2 + -0.001 theta^2 omega + 0.047 theta omega^2 + -2.020 omega^3,-0.002 theta + 0.039 omega + -0.017 theta omega + 0.147 omega^2 + -0.003 theta^2 omega + 0.093 theta omega^2 + -4.007 omega^3,4.8374234300e-04,-2.0786096718e-03,3.8761694712e-02,-3.6679858833e-04,-1.6593755309e-02,1.4682635281e-01,-2.2083613528e-06,-2.7847228303e-03,9.2819047518e-02,-4.0068085392e+00
11522,2024-09-24 03:55:00,nan,nan,nan,0.002 1 + 1.004 omega + -0.004 theta omega + -0.054 omega^2 + 0.007 theta omega^2 + 0.010 omega^3,0.004 1 + 0.007 omega + -0.008 theta omega + -0.135 omega^2 + 0.014 theta omega^2 + 0.137 omega^3,3.5993502223e-03,2.2688018127e-04,6.6102498462e-03,3.7476965804e-05,-7.5525173005e-03,-1.3499856619e-01,-2.1082076573e-06,1.6734004498e-04,1.4003640166e-02,1.3693399183e-01
11523,2024-09-24 04:00:00,0.005430,0.196497,0.138998,0.001 1 + 1.009 omega + -0.052 omega^2 + 0.005 theta omega^2 + -0.318 omega^3,0.002 1 + -0.001 theta + 0.018 omega + -0.101 omega^2 + 0.010 theta omega^2 + -0.655 omega^3,1.8674103204e-03,-6.0266530504e-04,1.7729542981e-02,-6.0493300621e-05,-2.2773713798e-04,-1.0068787303e-01,-2.8984457865e-06,-9.3879745732e-05,9.6229067565e-03,-6.5543701451e-01
11524,2024-09-24 04:05:00,0.045129,5.480139,3.875175,-0.032 1 + 0.001 theta + 1.337 omega + -0.014 theta omega + -0.369 omega^2 + 0.042 theta omega^2 + -2.824 omega^3,-0.060 1 + 0.001 theta + 0.637 omega + -0.025 theta omega + -0.600 omega^2 + 0.079 theta omega^2 + -5.756 omega^3,-6.0450231548e-02,1.2462125944e-03,6.3716253166e-01,9.5931121618e-05,-2.4974662278e-02,-5.9955717721e-01,-1.6158001021e-06,-2.1118619288e-04,7.9308724241e-02,-5.7556477763e+00
11525,2024-09-24 04:10:00,0.066722,3.109196,2.199040,-0.004 theta + 1.024 omega + -0.001 theta^2 + -0.014 theta omega + -0.648 omega^2 + -0.001 theta^2 omega + -0.049 theta omega^2 + -5.464 omega^3,-0.007 theta + 0.047 omega + -0.002 theta^2 + -0.027 theta omega + -1.336 omega^2 + -0.003 theta^2 omega + -0.104 theta omega^2 + -10.795 omega^3,-3.1860943202e-04,-7.4233274983e-03,4.6857435353e-02,-1.5871871421e-03,-2.7032862924e-02,-1.3363215350e+00,-8.3931562244e-05,-2.6464246349e-03,-1.0419888595e-01,-1.0794765171e+01
11526,2024-09-24 04:15:00,0.054706,4.151627,2.935899,0.003 1 + 0.740 omega + 2.807 omega^2 + -0.040 theta omega^2 + -7.542 omega^3,0.007 1 + 0.001 theta + -0.523 omega + 5.679 omega^2 + -0.080 theta omega^2 + -15.342 omega^3,6.6140129390e-03,6.7892680200e-04,-5.2256176800e-01,2.8813186869e-05,-7.6057209506e-05,5.6786082617e+00,-2.3618504237e-06,4.0056997424e-04,-7.9838922183e-02,-1.5341852162e+01
11527,2024-09-24 04:20:00,0.025165,0.748435,0.529523,1.018 omega + -0.062 omega^2 + -0.007 theta omega^2 + -0.880 omega^3,0.033 omega + -0.129 omega^2 + -0.015 theta omega^2 + -1.646 omega^3,2.3124579786e-04,1.7187287000e-05,3.3157466488e-02,5.3598826982e-05,-8.5932904761e-06,-1.2899004328e-01,-2.0954901275e-05,-4.4383022301e-04,-1.5327876378e-02,-1.6460172663e+00
11528,2024-09-24 04:25:00,0.032568,0.671479,0.475366,-0.001 theta + 1.012 omega + -0.006 theta omega + 0.081 omega^2 + 0.001 theta^2 omega + -0.010 theta omega^2 + 0.825 omega^3,0.001 1 + -0.002 theta + 0.028 omega + -0.012 theta omega + 0.189 omega^2 + 0.001 theta^2 omega + -0.022 theta omega^2 + 1.633 omega^3,5.3888952832e-04,-1.5124483001e-03,2.7844338069e-02,4.8464574562e-04,-1.2467501430e-02,1.8913096562e-01,-3.8058073227e-05,1.0103973037e-03,-2.1832281785e-02,1.6330732939e+00
11529,2024-09-24 04:30:00,0.028155,1.466001,1.036810,1.005 omega + -0.001 theta omega + 0.060 omega^2 + -0.001 theta omega^2 + -0.522 omega^3,-0.001 1 + -0.001 theta + 0.012 omega + -0.003 theta omega + 0.127 omega^2 + -0.005 theta omega^2 + -1.057 omega^3,-5.9221590808e-04,-7.3456345015e-04,1.1524235914e-02,1.6148002212e-04,-2.5206987441e-03,1.2715969462e-01,-7.6090652745e-06,7.3182032921e-05,-4.6375254958e-03,-1.0572698397e+00
11530,2024-09-24 04:35:00,0.002580,0.050439,0.035712,-0.001 1 + -0.001 theta + 1.022 omega + 0.002 theta omega + -0.111 omega^2 + 0.011 theta omega^2 + -1.255 omega^3,-0.001 1 + -0.001 theta + 0.043 omega + 0.003 theta omega + -0.273 omega^2 + 0.022 theta omega^2 + -2.730 omega^3,-1.2243627049e-03,-1.4535382189e-03,4.3017325277e-02,-1.3232704544e-04,3.4695643125e-03,-2.7313252267e-01,-2.9572388638e-06,-7.1748803468e-05,2.1538806668e-02,-2.7301952560e+00
11531,2024-09-24 04:40:00,nan,nan,nan,0.021 1 + -0.002 theta + 1.457 omega + -0.019 theta omega + 2.786 omega^2 + -0.014 theta omega^2 + 4.235 omega^3,-0.006 1 + -0.002 theta + -0.005 omega + -0.026 theta omega + 1.028 omega^2 + -0.100 theta omega^2 + 6.250 omega^3,-5.9278566966e-03,-2.0475116317e-03,-4.5591724157e-03,1.1460749327e-05,-2.6145885357e-02,1.0276985791e+00,0.0000000000e+00,1.1167049982e-04,-9.9506576442e-02,6.2502531988e+00
11532,2024-09-24 04:45:00,0.107452,11.997144,8.483602,0.049 1 + 0.003 theta + 1.543 omega + 0.015 theta omega + 2.458 omega^2 + 0.019 theta omega^2 + 4.337 omega^3,-0.142 1 + -0.007 theta + -1.790 omega + -0.078 theta omega + -6.459 omega^2 + -0.194 theta omega^2 + -6.062 omega^3,-1.4166050912e-01,-7.2546252438e-03,-1.7900759174e+00,-4.8643194523e-05,-7.8283770097e-02,-6.4590970445e+00,0.0000000000e+00,-3.3533929880e-04,-1.9401619162e-01,-6.0621919862e+00
11533,2024-09-24 04:50:00,nan,nan,nan,-0.006 1 + -0.002 theta + 0.959 omega + -0.006 theta omega + 0.189 omega^2 + 0.008 theta omega^2 + 1.194 omega^3,-0.012 1 + -0.004 theta + -0.083 omega + -0.001 theta^2 + -0.012 theta omega + 0.326 omega^2 + -0.001 theta^2 omega + 0.014 theta omega^2 + 2.300 omega^3,-1.1876508938e-02,-3.9517096939e-03,-8.3325520061e-02,-5.3438269518e-04,-1.2064367160e-02,3.2643552929e-01,-2.2697319126e-05,-5.8071980329e-04,1.3533352436e-02,2.2995845646e+00
11534,2024-09-24 04:55:00,nan,nan,nan,-0.001 1 + -0.001 theta + 1.016 omega + 0.011 theta omega + -0.147 omega^2 + -0.072 theta omega^2 + 1.352 omega^3,-0.001 1 + -0.002 theta + 0.032 omega + 0.021 theta omega + -0.283 omega^2 + -0.140 theta omega^2 + 2.683 omega^3,-1.3335091182e-03,-1.8908898722e-03,3.2168424398e-02,1.6376800533e-04,2.1310947465e-02,-2.8294320884e-01,-5.9914108407e-06,-5.5584545313e-05,-1.3985118425e-01,2.6828868210e+00
11535,2024-09-24 05:00:00,0.146382,5.349357,3.783982,1.017 omega + 0.006 theta omega + -0.110 omega^2 + 0.025 theta omega^2 + -2.772 omega^3,-0.001 1 + -0.001 theta + 0.034 omega + 0.011 theta omega + -0.226 omega^2 + 0.001 theta^2 omega + 0.038 theta omega^2 + -5.287 omega^3,-7.4917430214e-04,-7.3631651962e-04,3.3580639071e-02,-1.8930572381e-04,1.1342117438e-02,-2.2555959190e-01,-1.3847901425e-05,1.0878822250e-03,3.8348797783e-02,-5.2872463176e+00
11536,2024-09-24 05:05:00,nan,nan,nan,0.068 1 + 0.002 theta + 1.847 omega + 0.018 theta omega + 3.070 omega^2 + 0.049 theta omega^2 + 2.694 omega^3,0.138 1 + 0.004 theta + 1.703 omega + 0.038 theta omega + 6.180 omega^2 + 0.097 theta omega^2 + 5.521 omega^3,1.3796240358e-01,3.5994730387e-03,1.7034315380e+00,1.6096381001e-05,3.7528544428e-02,6.1803000107e+00,0.0000000000e+00,8.5972118154e-05,9.7217388870e-02,5.5213404583e+00
11537,2024-09-24 05:10:00,0.048629,2.022901,1.430820,0.001 1 + 1.005 omega + 0.007 theta omega + -0.261 omega^2 + -0.001 theta^2 omega + 0.078 theta omega^2 + -3.117 omega^3,0.002 1 + 0.011 omega + -0.001 theta^2 + 0.014 theta omega + -0.493 omega^2 + -0.002 theta^2 omega + 0.152 theta omega^2 + -6.306 omega^3,1.8910111998e-03,1.6267109597e-04,1.0975569955e-02,-5.6012274441e-04,1.3736938566e-02,-4.9257894854e-01,-9.2282506988e-05,-1.9618873084e-03,1.5223740802e-01,-6.3058789357e+00
11538,2024-09-24 05:15:00,0.230551,12.874069,9.104801,-0.001 1 + 1.035 omega + -0.003 theta omega + 0.035 omega^2 + -0.003 theta omega^2 + -0.516 omega^3,-0.002 1 + -0.001 theta + 0.073 omega + -0.005 theta omega + 0.087 omega^2 + -0.008 theta omega^2 + -1.031 omega^3,-1.6980391828e-03,-6.0810047691e-04,7.2555454759e-02,1.0475694657e-04,-5.3651616475e-03,8.7233797011e-02,-3.6295924736e-06,1.3341921333e-04,-7.9502675575e-03,-1.0309639679e+00
11539,2024-09-24 05:20:00,nan,nan,nan,0.002 1 + 0.964 omega + -0.007 theta omega + -0.197 omega^2 + -0.090 theta omega^2 + 1.849 omega^3,0.004 1 + 0.001 theta + -0.071 omega + -0.014 theta omega + -0.362 omega^2 + -0.001 theta^2 omega + -0.180 theta omega^2 + 3.737 omega^3,3.7270404521e-03,8.4048206745e-04,-7.0934386457e-02,-3.4839854705e-04,-1.4133275393e-02,-3.6242552009e-01,-5.8509104399e-05,-6.2170235890e-04,-1.7969884469e-01,3.7371327806e+00
11540,2024-09-24 05:25:00,nan,nan,nan,-0.001 1 + 0.992 omega + 0.008 theta omega + 0.188 omega^2 + 0.002 theta^2 omega + 0.035 theta omega^2 + 1.087 omega^3,-0.002 1 + -0.015 omega + 0.016 theta omega + 0.350 omega^2 + 0.003 theta^2 omega + 0.066 theta omega^2 + 1.971 omega^3,-1.9478689767e-03,7.3190126568e-05,-1.5372270899e-02,-3.5629233249e-04,1.5537766844e-02,3.4958410391e-01,-8.7929847727e-05,3.3731445117e-03,6.5671766255e-02,1.9714455994e+00
11541,2024-09-24 05:30:00,0.015918,0.636714,0.450366,-0.001 theta + 0.991 omega + -0.005 theta omega + -0.281 omega^2 + -0.014 theta omega^2 + -1.326 omega^3,0.015 1 + 0.001 theta + 0.082 omega + 0.004 theta omega + -0.313 omega^2 + -0.016 theta omega^2 + -1.862 omega^3,1.4612199887e-02,1.2103173569e-03,8.1529959470e-02,2.9371233349e-05,3.8539769938e-03,-3.1312862627e-01,0.0000000000e+00,7.5857700896e-05,-1.6447395339e-02,-1.8619993009e+00
11542,2024-09-24 05:35:00,0.074806,1.978135,1.399753,0.001 1 + 0.004 theta + 1.050 omega + -0.002 theta^2 + -0.027 theta omega + -0.438 omega^2 + 0.004 theta^2 omega + 0.116 theta omega^2 + -0.508 omega^3,0.002 1 + 0.008 theta + 0.101 omega + -0.004 theta^2 + -0.053 theta omega + -0.863 omega^2 + 0.007 theta^2 omega + 0.225 theta omega^2 + -1.189 omega^3,2.4829638644e-03,7.5765617756e-03,1.0097691000e-01,-3.6116304649e-03,-5.2753246252e-02,-8.6255097083e-01,3.6429447566e-04,6.9084012561e-03,2.2547776557e-01,-1.1890428361e+00
11543,2024-09-24 05:40:00,0.086756,2.900707,2.052026,-0.002 theta + 0.999 omega + 0.004 theta omega + -0.205 omega^2 + 0.002 theta^2 omega + 0.020 theta omega^2 + 1.258 omega^3,-0.001 1 + -0.004 theta + 0.001 omega + 0.009 theta omega + -0.401 omega^2 + 0.003 theta^2 omega + 0.039 theta omega^2 + 2.401 omega^3,-6.6676471322e-04,-4.1682462804e-03,6.9715443567e-04,-1.9573086217e-04,8.7209820693e-03,-4.0082168376e-01,7.9958440910e-05,3.4121431323e-03,3.9422634829e-02,2.4006852043e+00
11544,2024-09-24 05:45:00,0.120524,7.830937,5.537965,0.001 1 + -0.001 theta + 1.009 omega + 0.008 theta omega + -0.066 omega^2 + -0.001 theta^2 omega + 0.026 theta omega^2 + -1.243 omega^3,0.002 1 + -0.001 theta + 0.019 omega + 0.016 theta omega + -0.112 omega^2 + -0.001 theta^2 omega + 0.052 theta omega^2 + -2.540 omega^3,1.7450961822e-03,-1.4391269058e-03,1.9232395260e-02,-2.5602216267e-05,1.6445510495e-02,-1.1154066194e-01,5.2959888389e-06,-1.1620786499e-03,5.1792322711e-02,-2.5396801834e+00
11545,2024-09-24 05:50:00,nan,nan,nan,0.002 theta + 1.006 omega + -0.007 theta omega + -0.052 omega^2 + 0.001 theta^2 omega + 0.001 theta omega^2 + 0.440 omega^3,0.001 1 + 0.003 theta + 0.012 omega + -0.001 theta^2 + -0.014 theta omega + -0.107 omega^2 + 0.002 theta^2 omega + 0.004 theta omega^2 + 0.836 omega^3,5.1259077763e-04,3.0790835015e-03,1.1556065023e-02,-7.3665142822e-04,-1.4416125169e-02,-1.0691770216e-01,2.9393294457e-05,2.1664387061e-03,3.8911192672e-03,8.3642729681e-01
11546,2024-09-24 05:55:00,0.111917,10.777891,7.621530,0.001 1 + -0.001 theta + 1.016 omega + 0.003 theta omega + 0.029 omega^2 + 0.006 theta omega^2 + -0.372 omega^3,0.001 1 + -0.002 theta + 0.040 omega + 0.005 theta omega + 0.020 omega^2 + -0.001 theta^2 omega + 0.012 theta omega^2 + -0.680 omega^3,7.9954982584e-04,-2.4156656556e-03,3.9673828565e-02,2.1165774106e-04,5.1565596221e-03,2.0391365073e-02,-2.5018950943e-06,-6.1627685940e-04,1.2282143274e-02,-6.8002095272e-01
11547,2024-09-24 06:00:00,nan,nan,nan,-0.114 1 + -0.002 theta + 2.546 omega + 0.010 theta omega + -6.738 omega^2 + -0.011 theta omega^2 + 9.477 omega^3,-0.229 1 + -0.003 theta + 3.095 omega + 0.019 theta omega + -13.494 omega^2 + -0.022 theta omega^2 + 19.005 omega^3,-2.2899064883e-01,-3.1827373709e-03,3.0953836334e+00,3.4216094600e-05,1.9061853713e-02,-1.3494098631e+01,0.0000000000e+00,-1.5419161890e-04,-2.2094634507e-02,1.9004834727e+01
11548,2024-09-24 06:05:00,0.014802,1.677777,1.186413,0.317 1 + -0.006 theta + -3.426 omega + 0.065 theta omega + 19.099 omega^2 + -0.185 theta omega^2 + -23.734 omega^3,0.599 1 + -0.011 theta + -8.324 omega + 0.126 theta omega + 35.623 omega^2 + -0.356 theta omega^2 + -43.486 omega^3,5.9884045772e-01,-1.1045249024e-02,-8.3239008104e+00,2.4742659491e-05,1.2578617255e-01,3.5622769955e+01,0.0000000000e+00,-1.5636772915e-04,-3.5591459780e-01,-4.3486403523e+01
11549,2024-09-24 06:10:00,0.007565,0.285046,0.201629,0.201 1 + -0.008 theta + -2.674 omega + 0.092 theta omega + 22.236 omega^2 + -0.001 theta^2 omega + -0.275 theta omega^2 + -44.557 omega^3,0.089 1 + -0.001 theta + -2.187 omega + 0.015 theta omega + 17.621 omega^2 + -0.067 theta omega^2 + -46.490 omega^3,8.8592802855e-02,-8.0890609386e-04,-2.1874563555e+00,0.0000000000e+00,1.4956712516e-02,1.7620534101e+01,0.0000000000e+00,0.0000000000e+00,-6.7490432126e-02,-4.6490414693e+01
11550,2024-09-24 06:15:00,0.093287,3.256908,2.303926,-0.004 1 + 0.001 theta + 1.059 omega + -0.011 theta omega + -0.173 omega^2 + 0.016 theta omega^2 + 0.057 omega^3,-0.008 1 + 0.002 theta + 0.121 omega + -0.022 theta omega + -0.342 omega^2 + 0.001 theta^2 omega + 0.032 theta omega^2 + 0.074 omega^3,-8.2080181141e-03,1.5962635871e-03,1.2115048238e-01,-3.1024991182e-05,-2.2118768151e-02,-3.4177364213e-01,-3.7840520292e-06,9.7794875579e-04,3.1943708079e-02,7.3783608768e-02
11551,2024-09-24 06:20:00,0.101913,7.743804,5.476170,-0.006 1 + -0.003 theta + 0.944 omega + -0.023 theta omega + -0.401 omega^2 + -0.001 theta^2 omega + -0.031 theta omega^2 + -2.798 omega^3,-0.012 1 + -0.007 theta + -0.112 omega + -0.001 theta^2 + -0.047 theta omega + -0.817 omega^2 + -0.003 theta^2 omega + -0.063 theta omega^2 + -5.687 omega^3,-1.1662544949e-02,-6.6357044635e-03,-1.1247852649e-01,-7.4628237962e-04,-4.6800867339e-02,-8.1686188906e-01,-2.4685712088e-05,-2.5074600192e-03,-6.2906479734e-02,-5.6872603991e+00
11552,2024-09-24 06:25:00,nan,nan,nan,-0.021 1 + 0.006 theta + 1.251 omega + -0.046 theta omega + -0.698 omega^2 + 0.002 theta^2 omega + 0.053 theta omega^2 + 0.505 omega^3,-0.041 1 + 0.011 theta + 0.473 omega + -0.001 theta^2 + -0.088 theta omega + -1.194 omega^2 + 0.004 theta^2 omega + 0.091 theta omega^2 + 0.641 omega^3,-4.0742872215e-02,1.1194842331e-02,4.7285120903e-01,-8.5121258589e-04,-8.7535626212e-02,-1.1943668515e+00,1.8027284076e-05,3.8178808264e-03,9.0620728633e-02,6.4100098977e-01
11553,2024-09-24 06:30:00,0.014403,1.553313,1.098405,0.002 1 + -0.002 theta + 1.035 omega + 0.010 theta omega + -0.157 omega^2 + -0.006 theta omega^2 + -0.555 omega^3,0.004 1 + -0.002 theta + 0.071 omega + 0.013 theta omega + -0.319 omega^2 + 0.010 theta omega^2 + -1.274 omega^3,3.7470548649e-03,-2.4732974206e-03,7.0906520703e-02,6.8046127746e-05,1.3072132913e-02,-3.1918461879e-01,0.0000000000e+00,-4.1395231848e-04,9.7223683468e-03,-1.2738794248e+00
11554,2024-09-24 06:35:00,0.047048,2.956189,2.090606,0.037 1 + -0.001 theta + 0.542 omega + 0.017 theta omega + 1.375 omega^2 + -0.046 theta omega^2 + 0.173 omega^3,0.060 1 + -0.003 theta + -0.782 omega + 0.031 theta omega + 2.581 omega^2 + -0.084 theta omega^2 + -0.273 omega^3,6.0040335807e-02,-2.7625083053e-03,-7.8201757028e-01,2.7439394276e-05,3.1329374863e-02,2.5813565086e+00,0.0000000000e+00,-2.1053608257e-04,-8.4060880012e-02,-2.7295608347e-01
11555,2024-09-24 06:40:00,0.104174,3.164213,2.238649,0.001 1 + -0.002 theta + 1.011 omega + -0.001 theta^2 + -0.006 theta omega + -0.309 omega^2 + -0.002 theta^2 omega + -0.097 theta omega^2 + -0.831 omega^3,0.002 1 + -0.004 theta + 0.023 omega + -0.002 theta^2 + -0.011 theta omega + -0.601 omega^2 + -0.003 theta^2 omega + -0.189 theta omega^2 + -1.727 omega^3,2.1901006532e-03,-4.0915910377e-03,2.3180674867e-02,-2.2631763372e-03,-1.1462141627e-02,-6.0085688637e-01,-2.8373468055e-04,-3.4432465611e-03,-1.8887292795e-01,-1.7272030244e+00
11556,2024-09-24 06:45:00,0.033645,0.569550,0.403435,0.003 1 + 1.031 omega + -0.009 theta omega + -0.620 omega^2 + 0.030 theta omega^2 + 2.061 omega^3,0.003 1 + 0.001 theta + 0.080 omega + -0.019 theta omega + -1.232 omega^2 + 0.001 theta^2 omega + 0.061 theta omega^2 + 3.942 omega^3,3.0515113044e-03,7.1507701625e-04,8.0344032998e-02,-3.8704889591e-05,-1.9321281656e-02,-1.2315157394e+00,-2.7209554477e-07,7.0156896263e-04,6.0739324949e-02,3.9422787442e+00
11557,2024-09-24 06:50:00,nan,nan,nan,0.034 1 + 0.002 theta + 1.450 omega + 0.024 theta omega + 1.687 omega^2 + 0.042 theta omega^2 + 2.236 omega^3,0.069 1 + 0.005 theta + 0.906 omega + 0.048 theta omega + 3.411 omega^2 + 0.001 theta^2 omega + 0.083 theta omega^2 + 4.574 omega^3,6.8953343827e-02,4.5721819965e-03,9.0629053384e-01,7.1624478253e-05,4.7701212510e-02,3.4113051249e+00,0.0000000000e+00,5.9471580206e-04,8.2831512014e-02,4.5736992356e+00
11558,2024-09-24 06:55:00,0.013150,0.391083,0.276694,-0.002 1 + -0.001 theta + 1.018 omega + -0.005 theta omega + 0.505 omega^2 + -0.009 theta omega^2 + 2.303 omega^3,-0.003 1 + -0.001 theta + 0.038 omega + -0.010 theta omega + 1.019 omega^2 + -0.018 theta omega^2 + 4.595 omega^3,-3.4388888857e-03,-1.2547197569e-03,3.7646299866e-02,-7.0967683044e-05,-1.0124750744e-02,1.0191668036e+00,-1.2010484343e-06,-3.3066032374e-04,-1.7892705208e-02,4.5945734062e+00
11559,2024-09-24 07:00:00,0.009000,0.161281,0.114220,-0.001 theta + 1.075 omega + 0.011 theta omega + -0.833 omega^2 + -0.037 theta omega^2 + 2.715 omega^3,0.001 1 + -0.001 theta + 0.111 omega + 0.006 theta omega + -1.120 omega^2 + -0.018 theta omega^2 + 2.836 omega^3,9.8246440264e-04,-5.0421781138e-04,1.1091263024e-01,-4.9230606952e-06,5.9790278489e-03,-1.1204187581e+00,0.0000000000e+00,2.5249240357e-05,-1.8025659863e-02,2.8361041610e+00
11560,2024-09-24 07:05:00,0.126190,5.603711,3.963427,0.011 1 + -0.001 theta + 0.988 omega + -0.354 omega^2 + 0.027 theta omega^2 + 0.046 omega^3,0.022 1 + -0.002 theta + -0.021 omega + -0.001 theta omega + -0.724 omega^2 + 0.058 theta omega^2 + -0.004 omega^3,2.2382354325e-02,-2.3554147493e-03,-2.1309858727e-02,-8.2156773259e-05,-6.2602701962e-04,-7.2427763871e-01,2.9658427404e-06,4.5533751878e-04,5.7554961969e-02,-3.6277017157e-03
11561,2024-09-24 07:10:00,0.084582,9.161205,6.478226,0.015 1 + 1.090 omega + 0.011 theta omega + -0.508 omega^2 + 0.041 theta omega^2 + -2.759 omega^3,0.042 1 + 0.001 theta + 0.312 omega + 0.032 theta omega + -1.145 omega^2 + 0.139 theta omega^2 + -8.594 omega^3,4.1732142998e-02,1.0842673901e-03,3.1151661892e-01,-9.3310660020e-05,3.2087161703e-02,-1.1446964259e+00,0.0000000000e+00,-4.8112209421e-04,1.3909722419e-01,-8.5940859725e+00
11562,2024-09-24 07:15:00,0.052225,5.563885,3.934434,0.029 1 + 0.005 theta + 0.890 omega + 0.025 theta omega + -1.881 omega^2 + 0.009 theta omega^2 + -2.878 omega^3,-0.236 1 + -0.004 theta + -3.565 omega + -0.048 theta omega + -16.968 omega^2 + -0.143 theta omega^2 + -25.017 omega^3,-2.3554749569e-01,-3.7784898149e-03,-3.5653254038e+00,0.0000000000e+00,-4.7984019431e-02,-1.6967518171e+01,0.0000000000e+00,-2.8814362417e-05,-1.4272611237e-01,-2.5017259123e+01
11563,2024-09-24 07:20:00,0.054934,6.844352,4.839844,-0.002 theta + 1.057 omega + 0.019 theta omega + -1.117 omega^2 + -0.003 theta^2 omega + 0.290 theta omega^2 + -13.938 omega^3,-0.004 theta + 0.113 omega + -0.001 theta^2 + 0.039 theta omega + -2.357 omega^2 + -0.006 theta^2 omega + 0.642 theta omega^2 + -30.189 omega^3,1.1901006411e-04,-4.4286217203e-03,1.1281768284e-01,-7.9232435393e-04,3.8618120810e-02,-2.3572676216e+00,0.0000000000e+00,-6.1517131861e-03,6.4186350284e-01,-3.0189339087e+01
11564,2024-09-24 07:25:00,0.157180,5.910266,4.180667,-0.001 1 + 1.004 omega + -0.001 theta omega + 0.015 omega^2 + -0.002 theta omega^2 + -0.066 omega^3,0.007 1 + 0.002 theta + 0.030 omega + -0.001 theta^2 + -0.001 theta omega + -0.386 omega^2 + -0.001 theta^2 omega + -0.161 theta omega^2 + -1.449 omega^3,6.5240711925e-03,1.7570482753e-03,2.9677003761e-02,-6.9367673215e-04,-8.9194891122e-04,-3.8648821359e-01,-1.4500769160e-04,-1.1205426638e-03,-1.6122134336e-01,-1.4491731922e+00
11565,2024-09-24 07:30:00,0.014336,1.561566,1.104241,0.001 1 + 1.016 omega + 0.005 theta omega + -0.086 omega^2 + 0.049 theta omega^2 + -1.494 omega^3,-0.003 1 + 0.001 theta + -0.142 omega + 0.021 theta omega + -1.944 omega^2 + 0.099 theta omega^2 + -6.402 omega^3,-3.1600525891e-03,7.4715150332e-04,-1.4187888115e-01,-6.7224019334e-05,2.1126326780e-02,-1.9442371781e+00,0.0000000000e+00,-4.4859830099e-04,9.9445867223e-02,-6.4018338108e+00
11566,2024-09-24 07:35:00,0.058413,4.473922,3.163810,-0.001 theta + 0.978 omega + -0.001 theta^2 + -0.007 theta omega + -0.147 omega^2 + -0.001 theta^2 omega + -0.085 theta omega^2 + 0.269 omega^3,-0.001 theta + -0.044 omega + -0.001 theta^2 + -0.014 theta omega + -0.300 omega^2 + -0.001 theta^2 omega + -0.175 theta omega^2 + 0.738 omega^3,-4.3215996396e-04,-1.2959533024e-03,-4.3533893377e-02,-1.1864536184e-03,-1.3641947485e-02,-3.0033772106e-01,-1.0506787924e-04,-1.0933991485e-03,-1.7521271470e-01,7.3751435430e-01
11567,2024-09-24 07:40:00,nan,nan,nan,-0.017 1 + -0.002 theta + 1.042 omega + -0.042 theta omega + 3.587 omega^2 + -0.179 theta omega^2 + 17.367 omega^3,-0.031 1 + -0.005 theta + 0.102 omega + -0.080 theta omega + 6.896 omega^2 + -0.333 theta omega^2 + 32.827 omega^3,-3.0757636563e-02,-4.5912207081e-03,1.0180980942e-01,6.2792989085e-05,-7.9853777997e-02,6.8956508910e+00,0.0000000000e+00,4.2644640742e-04,-3.3286275763e-01,3.2826633623e+01
11568,2024-09-24 07:45:00,0.067875,3.998944,2.828088,0.005 1 + 0.980 omega + -0.006 theta omega + -0.327 omega^2 + -0.042 theta omega^2 + -0.471 omega^3,0.009 1 + -0.039 omega + -0.012 theta omega + -0.639 omega^2 + -0.001 theta^2 omega + -0.084 theta omega^2 + -0.857 omega^3,9.2430275330e-03,-2.3467406199e-04,-3.9423633714e-02,-3.1995002631e-04,-1.1946004020e-02,-6.3886092242e-01,-1.8627586283e-05,-6.2101301339e-04,-8.3795170433e-02,-8.5688824271e-01
11569,2024-09-24 07:50:00,0.018164,0.701728,0.496363,-0.010 1 + 1.307 omega + 0.003 theta omega + -2.820 omega^2 + -0.003 theta omega^2 + 8.113 omega^3,-0.022 1 + -0.001 theta + 0.659 omega + 0.006 theta omega + -6.109 omega^2 + -0.022 theta omega^2 + 18.495 omega^3,-2.2445338033e-02,-5.2466885959e-04,6.5934581428e-01,8.7261221844e-06,6.3338911320e-03,-6.1090378359e+00,0.0000000000e+00,-5.6745168955e-05,-2.1672128913e-02,1.8495443617e+01
11570,2024-09-24 07:55:00,nan,nan,nan,-0.012 1 + 0.001 theta + 1.216 omega + -0.025 theta omega + -0.865 omega^2 + 0.001 theta^2 omega + 0.033 theta omega^2 + 1.747 omega^3,-0.024 1 + 0.001 theta + 0.434 omega + -0.051 theta omega + -1.729 omega^2 + 0.001 theta^2 omega + 0.065 theta omega^2 + 3.572 omega^3,-2.4182366290e-02,1.1866517824e-03,4.3415565341e-01,2.7295569879e-04,-5.0663123288e-02,-1.7286793255e+00,-1.4290670943e-05,1.3893652904e-03,6.4939261407e-02,3.5720575678e+00
11571,2024-09-24 08:00:00,0.046597,2.331473,1.648930,1.017 omega + -0.011 theta omega + 0.129 omega^2 + 0.001 theta^2 omega + -0.104 theta omega^2 + -0.302 omega^3,0.001 1 + 0.031 omega + -0.021 theta omega + 0.256 omega^2 + 0.002 theta^2 omega + -0.222 theta omega^2 + 0.099 omega^3,5.0072836977e-04,1.3951882018e-04,3.0934407601e-02,-9.0591860661e-05,-2.0505276289e-02,2.5638044770e-01,-2.9166576254e-05,2.2148343090e-03,-2.2245143435e-01,9.8560598140e-02
11572,2024-09-24 08:05:00,0.035846,0.825423,0.584213,-0.001 1 + 1.008 omega + -0.070 omega^2 + -0.044 theta omega^2 + -0.088 omega^3,-0.001 1 + 0.016 omega + -0.147 omega^2 + -0.087 theta omega^2 + -0.108 omega^3,-1.1506282713e-03,-3.4819143238e-04,1.5582676141e-02,3.9468682510e-04,-8.6136039440e-05,-1.4734891393e-01,-5.2101540568e-05,-4.1358284759e-04,-8.7439859385e-02,-1.0763175525e-01
11573,2024-09-24 08:10:00,0.005291,0.087175,0.061756,-0.005 1 + 0.806 omega + -2.187 omega^2 + -0.036 theta omega^2 + -6.192 omega^3,-0.011 1 + -0.393 omega + -4.361 omega^2 + -0.073 theta omega^2 + -12.124 omega^3,-1.0865596434e-02,3.9061959191e-04,-3.9261179491e-01,2.7950347245e-05,4.5787695820e-04,-4.3608817461e+00,0.0000000000e+00,3.8173806795e-04,-7.3370133878e-02,-1.2124084318e+01
11574,2024-09-24 08:15:00,nan,nan,nan,-0.001 1 + 1.004 omega + -0.005 theta omega + 0.403 omega^2 + 0.001 theta^2 omega + -0.174 theta omega^2 + 0.485 omega^3,-0.002 1 + -0.001 theta + 0.008 omega + 0.001 theta^2 + -0.011 theta omega + 0.776 omega^2 + 0.001 theta^2 omega + -0.353 theta omega^2 + 2.019 omega^3,-1.5323041801e-03,-8.0474685890e-04,7.6706914311e-03,9.3277277274e-04,-1.0683930599e-02,7.7570387538e-01,-1.3180356688e-04,1.3517371829e-03,-3.5254610534e-01,2.0191107958e+00
11575,2024-09-24 08:20:00,nan,nan,nan,-0.001 1 + 1.024 omega + 0.015 theta omega + 0.179 omega^2 + 0.002 theta^2 omega + 0.050 theta omega^2 + -0.174 omega^3,-0.003 1 + 0.046 omega + 0.030 theta omega + 0.324 omega^2 + 0.004 theta^2 omega + 0.094 theta omega^2 + -0.326 omega^3,-2.8866484993e-03,-4.7390508217e-04,4.6021361417e-02,-8.2390006509e-05,3.0079711835e-02,3.2364670925e-01,-3.1867483781e-05,4.2787393010e-03,9.4002534648e-02,-3.2610038291e-01
11576,2024-09-24 08:25:00,nan,nan,nan,0.988 omega + -0.001 theta^2 + 0.001 theta omega + -0.101 omega^2 + 0.002 theta^2 omega + -0.053 theta omega^2 + 1.218 omega^3,-0.021 omega + -0.001 theta^2 + 0.002 theta omega + -0.208 omega^2 + -0.001 theta^3 + 0.005 theta^2 omega + -0.104 theta omega^2 + 2.323 omega^3,3.6556124536e-04,1.2904428326e-04,-2.1211628753e-02,-1.2200458553e-03,1.7249525979e-03,-2.0801347334e-01,-5.2882810232e-04,4.7469168753e-03,-1.0429180029e-01,2.3230506786e+00
11577,2024-09-24 08:30:00,nan,nan,nan,0.001 1 + -0.001 theta + 1.004 omega + -0.003 theta omega + -0.102 omega^2 + -0.001 theta^2 omega + -0.021 theta omega^2 + 0.540 omega^3,0.002 1 + -0.002 theta + 0.010 omega + -0.001 theta^2 + -0.005 theta omega + -0.202 omega^2 + -0.001 theta^2 omega + -0.037 theta omega^2 + 0.902 omega^3,2.1995893793e-03,-2.3159352548e-03,9.5227702602e-03,-5.4994043245e-04,-5.1395376433e-03,-2.0220557535e-01,-1.5489203741e-05,-1.3271034380e-03,-3.7337189489e-02,9.0182371943e-01
11578,2024-09-24 08:35:00,nan,nan,nan,-0.043 1 + -0.007 theta + 0.512 omega + -0.064 theta omega + -0.988 omega^2 + -0.001 theta^2 omega + -0.140 theta omega^2 + 2.550 omega^3,-0.087 1 + -0.014 theta + -0.984 omega + -0.001 theta^2 + -0.130 theta omega + -1.990 omega^2 + -0.003 theta^2 omega + -0.282 theta omega^2 + 5.079 omega^3,-8.6691203100e-02,-1.4166750842e-02,-9.8442533603e-01,-6.4071061690e-04,-1.2969569071e-01,-1.9895295373e+00,-9.3443886991e-06,-2.8784954696e-03,-2.8219305040e-01,5.0786597027e+00
11579,2024-09-24 08:40:00,nan,nan,nan,0.032 1 + -0.005 theta + 0.536 omega + -0.004 theta^2 + -0.141 theta omega + -7.362 omega^2 + -0.011 theta^2 omega + -1.215 theta omega^2 + 2.997 omega^3,0.064 1 + -0.011 theta + -0.951 omega + -0.008 theta^2 + -0.286 theta omega + -14.914 omega^2 + -0.001 theta^3 + -0.021 theta^2 omega + -2.456 theta omega^2 + 6.758 omega^3,6.4483202075e-02,-1.1044770292e-02,-9.5137397925e-01,-7.9071062061e-03,-2.8582840944e-01,-1.4914389847e+01,-7.1271679607e-04,-2.1289295781e-02,-2.4559593958e+00,6.7581965998e+00
11580,2024-09-24 08:45:00,nan,nan,nan,0.001 1 + -0.001 theta + 1.035 omega + -0.014 theta omega + -0.191 omega^2 + 0.001 theta^2 omega + -0.021 theta omega^2 + 2.854 omega^3,0.002 1 + -0.003 theta + 0.071 omega + 0.001 theta^2 + -0.028 theta omega + -0.349 omega^2 + 0.003 theta^2 omega + -0.048 theta omega^2 + 5.544 omega^3,1.5142461143e-03,-2.8892672707e-03,7.0530912199e-02,6.5017142875e-04,-2.8360439455e-02,-3.4916595474e-01,-3.8238658932e-05,2.6339149615e-03,-4.8348996020e-02,5.5436607482e+00
11581,2024-09-24 08:50:00,0.046103,5.925644,4.190190,1.012 omega + -0.019 theta omega + 0.897 omega^2 + 0.001 theta^2 omega + 0.016 theta omega^2 + -5.421 omega^3,0.024 omega + -0.030 theta omega + 1.658 omega^2 + -0.001 theta^2 omega + 0.272 theta omega^2 + -16.713 omega^3,-1.6800859317e-04,-2.0450002309e-04,2.4028568554e-02,1.4294269631e-04,-2.9853365465e-02,1.6576788077e+00,0.0000000000e+00,-1.2337003268e-03,2.7224905758e-01,-1.6712874315e+01
11582,2024-09-24 08:55:00,0.317207,4.349603,3.083802,-0.001 1 + -0.004 theta + 1.027 omega + 0.002 theta^2 + -0.007 theta omega + 0.794 omega^2 + 0.001 theta^2 omega + -0.194 theta omega^2 + 0.063 omega^3,-0.003 1 + -0.007 theta + 0.063 omega + 0.003 theta^2 + -0.016 theta omega + 1.625 omega^2 + 0.001 theta^2 omega + -0.396 theta omega^2 + -0.111 omega^3,-3.1349498481e-03,-7.2858492662e-03,6.3038887198e-02,3.4003781220e-03,-1.6173460874e-02,1.6245521564e+00,-3.4915514198e-04,1.3643038860e-03,-3.9552627100e-01,-1.1129884441e-01
11583,2024-09-24 09:00:00,0.062759,7.888133,5.577929,0.001 1 + -0.002 theta + 1.006 omega + 0.001 theta^2 + -0.004 theta omega + 0.480 omega^2 + -0.086 theta omega^2 + -0.163 omega^3,0.001 1 + -0.004 theta + 0.011 omega + 0.001 theta^2 + -0.007 theta omega + 0.999 omega^2 + -0.173 theta omega^2 + -0.586 omega^3,1.2536215969e-03,-4.2816130047e-03,1.0836784782e-02,1.1266459164e-03,-7.3414302345e-03,9.9910843459e-01,-6.2142092082e-05,3.9982405218e-04,-1.7292084562e-01,-5.8580476219e-01
11584,2024-09-24 09:05:00,0.066421,3.647711,2.579749,0.001 1 + -0.001 theta + 0.997 omega + 0.005 theta omega + 0.252 omega^2 + -0.001 theta^2 omega + -0.063 theta omega^2 + 0.917 omega^3,0.001 1 + -0.002 theta + -0.001 omega + 0.001 theta^2 + 0.009 theta omega + 0.465 omega^2 + -0.002 theta^2 omega + -0.119 theta omega^2 + 1.545 omega^3,1.3993653915e-03,-2.3431848517e-03,-1.3793388952e-03,5.3246231553e-04,8.8374607179e-03,4.6452578636e-01,-1.8104623458e-05,-2.1112954555e-03,-1.1873673177e-01,1.5447276312e+00
11585,2024-09-24 09:10:00,0.059064,1.313601,0.929795,0.003 1 + -0.005 theta + 0.986 omega + 0.002 theta^2 + 0.017 theta omega + -0.193 omega^2 + -0.002 theta^2 omega + -0.034 theta omega^2 + -2.260 omega^3,0.006 1 + -0.009 theta + -0.029 omega + 0.005 theta^2 + 0.034 theta omega + -0.359 omega^2 + -0.001 theta^3 + -0.005 theta^2 omega + -0.059 theta omega^2 + -4.123 omega^3,5.6130996897e-03,-8.6630756352e-03,-2.9105962157e-02,4.6617261245e-03,3.4132035412e-02,-3.5901407395e-01,-8.5193931776e-04,-4.8791540825e-03,-5.8702003295e-02,-4.1231398401e+00
11586,2024-09-24 09:15:00,nan,nan,nan,0.007 1 + 0.004 theta + 0.984 omega + 0.001 theta^2 + 0.002 theta omega + -0.090 omega^2 + -0.031 theta omega^2 + 2.151 omega^3,0.014 1 + 0.009 theta + -0.032 omega + 0.002 theta^2 + 0.003 theta omega + -0.178 omega^2 + 0.001 theta^2 omega + -0.064 theta omega^2 + 4.397 omega^3,1.4157642919e-02,8.6803718318e-03,-3.2477059650e-02,1.5296824093e-03,2.6136483360e-03,-1.7845005762e-01,7.9341227281e-05,8.8698111469e-04,-6.4465808859e-02,4.3972627306e+00
11587,2024-09-24 09:20:00,nan,nan,nan,0.003 1 + 0.005 theta + 1.056 omega + 0.001 theta^2 + 0.034 theta omega + 0.425 omega^2 + 0.004 theta^2 omega + 0.040 theta omega^2 + 1.401 omega^3,0.007 1 + 0.010 theta + 0.122 omega + 0.002 theta^2 + 0.071 theta omega + 0.887 omega^2 + 0.008 theta^2 omega + 0.084 theta omega^2 + 2.998 omega^3,6.8728334359e-03,1.0047225568e-02,1.2178424604e-01,2.3764067828e-03,7.1363443307e-02,8.8725939090e-01,1.5154125664e-04,8.3389727225e-03,8.4262910469e-02,2.9978619388e+00
11588,2024-09-24 09:25:00,nan,nan,nan,0.003 1 + 0.003 theta + 0.958 omega + 0.033 theta omega + -1.224 omega^2 + 0.003 theta^2 omega + -0.097 theta omega^2 + 2.175 omega^3,0.007 1 + 0.006 theta + -0.073 omega + 0.001 theta^2 + 0.070 theta omega + -2.440 omega^2 + 0.006 theta^2 omega + -0.193 theta omega^2 + 4.741 omega^3,6.6965890320e-03,6.3232228047e-03,-7.3028043400e-02,6.6081341151e-04,6.9567905811e-02,-2.4400021443e+00,1.5771437730e-05,5.7809182676e-03,-1.9279067163e-01,4.7414304523e+00
11589,2024-09-24 09:30:00,0.009139,0.145005,0.102737,0.992 omega + 0.001 theta omega + -0.026 omega^2 + -0.055 theta omega^2 + 0.865 omega^3,0.001 theta + -0.016 omega + -0.001 theta^2 + 0.002 theta omega + -0.055 omega^2 + -0.119 theta omega^2 + 1.720 omega^3,1.8472314570e-04,9.8820087131e-04,-1.5791280416e-02,-9.6989417628e-04,1.8290673594e-03,-5.5129277700e-02,-4.0899533241e-04,1.7861951597e-04,-1.1905017635e-01,1.7203076589e+00
11590,2024-09-24 09:35:00,0.028264,1.476359,1.044134,1.005 omega + 0.002 theta omega + -0.154 omega^2 + -0.008 theta^2 omega + -0.033 theta omega^2 + 1.613 omega^3,0.001 theta + 0.008 omega + 0.005 theta omega + -0.343 omega^2 + -0.001 theta^3 + -0.015 theta^2 omega + -0.120 theta omega^2 + 4.950 omega^3,1.1650733642e-04,5.1186861700e-04,7.5284405141e-03,3.4710145516e-04,5.0397160537e-03,-3.4331953979e-01,-5.6071977865e-04,-1.4974205802e-02,-1.2013106852e-01,4.9499246360e+00
11591,2024-09-24 09:40:00,0.073183,4.994032,3.531693,-0.009 1 + 1.173 omega + -0.020 theta omega + -0.418 omega^2 + 0.084 theta omega^2 + -2.351 omega^3,-0.019 1 + 0.001 theta + 0.353 omega + -0.041 theta omega + -0.851 omega^2 + 0.169 theta omega^2 + -4.712 omega^3,-1.8609743732e-02,5.2216555124e-04,3.5318669014e-01,2.4382670965e-04,-4.0507875942e-02,-8.5054553542e-01,-9.6242382872e-06,1.2196438136e-04,1.6920960782e-01,-4.7119249836e+00
11592,2024-09-24 09:45:00,0.097996,2.606789,1.844580,-0.001 theta + 1.042 omega + -0.008 theta omega + -0.022 omega^2 + 0.001 theta^2 omega + -0.003 theta omega^2 + -1.435 omega^3,-0.001 theta + 0.086 omega + -0.017 theta omega + -0.065 omega^2 + 0.001 theta^2 omega + -0.005 theta omega^2 + -2.748 omega^3,2.4088398449e-04,-1.1904329194e-03,8.5693887249e-02,2.3419015950e-04,-1.6530426395e-02,-6.4511300071e-02,-1.1683874499e-05,1.0456705997e-03,-5.2272961814e-03,-2.7484571708e+00
11593,2024-09-24 09:50:00,0.844686,20.143122,14.255856,0.001 1 + 0.001 theta + 1.046 omega + -0.001 theta^2 + -0.028 theta omega + 0.142 omega^2 + 0.006 theta^2 omega + 0.055 theta omega^2 + -7.742 omega^3,0.002 1 + 0.002 theta + 0.096 omega + -0.002 theta^2 + -0.060 theta omega + 0.217 omega^2 + 0.013 theta^2 omega + 0.125 theta omega^2 + -14.675 omega^3,1.7456602780e-03,1.9186474457e-03,9.5600449538e-02,-2.0164067246e-03,-5.9663336360e-02,2.1652399598e-01,3.1877176377e-04,1.2715953530e-02,1.2453027132e-01,-1.4674803441e+01
11594,2024-09-24 09:55:00,0.048125,3.339540,2.361657,-0.001 theta + 0.988 omega + 0.001 theta^2 + 0.011 theta omega + 0.378 omega^2 + -0.001 theta^2 omega + -0.059 theta omega^2 + -2.843 omega^3,0.001 1 + -0.003 theta + -0.022 omega + 0.001 theta^2 + 0.024 theta omega + 0.791 omega^2 + -0.003 theta^2 omega + -0.126 theta omega^2 + -5.893 omega^3,9.7159241672e-04,-3.0546390915e-03,-2.2444642601e-02,1.0589909349e-03,2.3706388109e-02,7.9113418633e-01,-8.7391611648e-05,-2.5504647641e-03,-1.2643939433e-01,-5.8928537021e+00
11595,2024-09-24 10:00:00,0.061334,1.517654,1.074020,0.059 1 + -0.004 theta + -0.131 omega + 0.076 theta omega + 5.900 omega^2 + -0.001 theta^2 omega + -0.315 theta omega^2 + -4.587 omega^3,0.113 1 + -0.008 theta + -2.183 omega + 0.145 theta omega + 11.404 omega^2 + -0.001 theta^2 omega + -0.611 theta omega^2 + -8.495 omega^3,1.1323980560e-01,-8.3950994046e-03,-2.1833689914e+00,1.0152266754e-04,1.4467275725e-01,1.1403807411e+01,0.0000000000e+00,-1.0536572803e-03,-6.1103817019e-01,-8.4950444073e+00
11596,2024-09-24 10:05:00,0.014088,1.514932,1.071265,0.071 1 + -0.002 theta + -0.547 omega + 0.034 theta omega + 10.509 omega^2 + -0.171 theta omega^2 + -20.988 omega^3,0.128 1 + -0.003 theta + -2.788 omega + 0.064 theta omega + 18.798 omega^2 + -0.327 theta omega^2 + -36.845 omega^3,1.2756701588e-01,-2.9922584093e-03,-2.7876854150e+00,-3.8368709228e-05,6.3860728701e-02,1.8798264778e+01,0.0000000000e+00,3.3098745606e-04,-3.2685023904e-01,-3.6845451085e+01
11597,2024-09-24 10:10:00,nan,nan,nan,-0.061 1 + 0.002 theta + 1.902 omega + -0.023 theta omega + -4.077 omega^2 + 0.070 theta omega^2 + 5.258 omega^3,-0.125 1 + 0.004 theta + 1.850 omega + -0.048 theta omega + -8.402 omega^2 + 0.143 theta omega^2 + 10.997 omega^3,-1.2480023053e-01,3.9982294498e-03,1.8504178341e+00,-1.8959882918e-05,-4.7777556944e-02,-8.4020603687e+00,0.0000000000e+00,9.7158396612e-05,1.4291026325e-01,1.0997337473e+01
11598,2024-09-24 10:15:00,0.025534,2.027668,1.433891,0.001 1 + 0.968 omega + 0.014 theta omega + 0.384 omega^2 + -0.011 theta omega^2 + -3.163 omega^3,0.001 1 + -0.001 theta + -0.056 omega + 0.027 theta omega + 0.695 omega^2 + -0.001 theta^2 omega + -0.024 theta omega^2 + -5.963 omega^3,1.3510263834e-03,-6.3666102477e-04,-5.6305793071e-02,-7.6920774480e-05,2.7458495114e-02,6.9495139283e-01,3.8744381462e-06,-8.8563518860e-04,-2.3615492339e-02,-5.9628685741e+00
11599,2024-09-24 10:20:00,0.039813,4.652218,3.289735,-0.001 1 + -0.001 theta + 1.075 omega + 0.008 theta omega + 0.049 omega^2 + -0.001 theta^2 omega + 0.042 theta omega^2 + -4.533 omega^3,-0.004 1 + -0.004 theta + 0.208 omega + 0.020 theta omega + -0.358 omega^2 + -0.001 theta^2 omega + 0.069 theta omega^2 + -7.356 omega^3,-3.9428270329e-03,-3.7814428416e-03,2.0782214904e-01,1.4495416955e-04,2.0203204903e-02,-3.5767463834e-01,0.0000000000e+00,-1.1444416497e-03,6.8808140878e-02,-7.3559206606e+00
11600,2024-09-24 10:25:00,0.081848,12.379423,8.753765,-0.015 1 + 0.002 theta + 1.078 omega + 0.002 theta omega + -0.852 omega^2 + -0.088 theta omega^2 + 7.648 omega^3,-0.001 1 + -0.184 omega + 0.018 theta omega + 0.931 omega^2 + -0.142 theta omega^2 + 3.258 omega^3,-5.0388614504e-04,3.9121955786e-04,-1.8415335925e-01,-3.9833908809e-05,1.8241686357e-02,9.3099567048e-01,0.0000000000e+00,1.8674226956e-04,-1.4204734568e-01,3.2582434128e+00
11601,2024-09-24 10:30:00,nan,nan,nan,-0.059 1 + 0.002 theta + 2.243 omega + -0.052 theta omega + -7.826 omega^2 + 0.236 theta omega^2 + 14.508 omega^3,-0.120 1 + 0.004 theta + 2.521 omega + -0.104 theta omega + -15.904 omega^2 + 0.473 theta omega^2 + 29.696 omega^3,-1.2025978955e-01,4.2894920376e-03,2.5210518985e+00,1.0445890560e-04,-1.0414443748e-01,-1.5904029117e+01,-2.1181531194e-06,2.1137816058e-06,4.7327424874e-01,2.9696229243e+01
11602,2024-09-24 10:35:00,nan,nan,nan,-0.021 1 + 0.004 theta + 1.235 omega + -0.057 theta omega + -0.126 omega^2 + 0.140 theta omega^2 + -1.178 omega^3,-0.026 1 + 0.006 theta + 0.255 omega + -0.068 theta omega + 0.417 omega^2 + 0.196 theta omega^2 + -5.000 omega^3,-2.6316285514e-02,5.5715318365e-03,2.5461106659e-01,1.0182314112e-05,-6.7589460725e-02,4.1708090449e-01,0.0000000000e+00,-3.6275582026e-05,1.9557750284e-01,-5.0004768918e+00
11603,2024-09-24 10:40:00,nan,nan,nan,-1.313 1 + 0.009 theta + 22.414 omega + -0.102 theta omega + -116.103 omega^2 + 0.288 theta omega^2 + 209.228 omega^3,-2.560 1 + 0.017 theta + 41.797 omega + -0.197 theta omega + -226.861 omega^2 + 0.558 theta omega^2 + 409.341 omega^3,-2.5598456681e+00,1.7347441619e-02,4.1796982234e+01,-8.7823055230e-06,-1.9715055917e-01,-2.2686053448e+02,0.0000000000e+00,5.4891382837e-05,5.5814972506e-01,4.0934120204e+02
11604,2024-09-24 10:45:00,0.012698,0.602173,0.425895,0.006 1 + -0.003 theta + 1.436 omega + 0.022 theta omega + -5.522 omega^2 + -0.033 theta omega^2 + 16.100 omega^3,-0.303 1 + 0.004 theta + 5.594 omega + -0.054 theta omega + -34.372 omega^2 + 0.172 theta omega^2 + 70.087 omega^3,-3.0321479671e-01,4.2674090745e-03,5.5940571437e+00,-1.0413061876e-05,-5.3629488485e-02,-3.4371793245e+01,0.0000000000e+00,5.1044594887e-05,1.7239035304e-01,7.0086754737e+01
11605,2024-09-24 10:50:00,0.009699,0.404520,0.286121,-0.035 1 + 0.003 theta + 1.496 omega + -0.034 theta omega + -1.922 omega^2 + 0.099 theta omega^2 + 1.431 omega^3,-0.266 1 + 0.010 theta + 4.740 omega + -0.129 theta omega + -27.685 omega^2 + 0.001 theta^2 omega + 0.391 theta omega^2 + 53.313 omega^3,-2.6648936890e-01,1.0325713476e-02,4.7396991094e+00,-9.0428164425e-05,-1.2942303331e-01,-2.7685158274e+01,0.0000000000e+00,6.7737178793e-04,3.9052893541e-01,5.3313351048e+01
11606,2024-09-24 10:55:00,nan,nan,nan,-0.014 1 + 0.003 theta + 0.941 omega + -0.031 theta omega + 1.937 omega^2 + 0.073 theta omega^2 + -6.009 omega^3,-0.028 1 + 0.006 theta + -0.131 omega + -0.064 theta omega + 4.174 omega^2 + 0.160 theta omega^2 + -13.702 omega^3,-2.7808275034e-02,6.1825167393e-03,-1.3141312832e-01,-3.9500105204e-05,-6.4165297824e-02,4.1736417244e+00,0.0000000000e+00,2.2993861188e-04,1.5963872210e-01,-1.3702339809e+01
11607,2024-09-24 11:00:00,0.006601,0.286291,0.202492,0.214 1 + 0.005 theta + -2.613 omega + -0.042 theta omega + 19.600 omega^2 + 0.075 theta omega^2 + -33.646 omega^3,-0.028 1 + -0.002 theta + 0.522 omega + 0.020 theta omega + -3.234 omega^2 + -0.055 theta omega^2 + 6.801 omega^3,-2.7916042401e-02,-1.7932192054e-03,5.2211885861e-01,0.0000000000e+00,1.9764846984e-02,-3.2342107597e+00,0.0000000000e+00,0.0000000000e+00,-5.5130170652e-02,6.8005857648e+00
11608,2024-09-24 11:05:00,0.022700,2.202127,1.557222,-0.065 1 + -0.001 theta + 2.140 omega + 0.002 theta omega + -6.398 omega^2 + 0.008 theta omega^2 + 11.538 omega^3,-0.128 1 + -0.001 theta + 2.283 omega + 0.005 theta omega + -12.903 omega^2 + 0.013 theta omega^2 + 23.460 omega^3,-1.2833832002e-01,-1.4412204268e-03,2.2825671344e+00,4.2979924340e-05,4.7612485826e-03,-1.2903259196e+01,0.0000000000e+00,-2.1573017514e-04,1.2924136378e-02,2.3459546802e+01
11609,2024-09-24 11:10:00,0.007457,0.683845,0.483580,-0.053 1 + -0.002 theta + 2.070 omega + 0.018 theta omega + -6.865 omega^2 + -0.048 theta omega^2 + 14.107 omega^3,-0.231 1 + -0.004 theta + 4.130 omega + 0.036 theta omega + -24.044 omega^2 + -0.092 theta omega^2 + 45.792 omega^3,-2.3118502316e-01,-3.5570499850e-03,4.1300855960e+00,0.0000000000e+00,3.6245682863e-02,-2.4043703672e+01,0.0000000000e+00,1.0262200719e-06,-9.2103861318e-02,4.5791895975e+01
11610,2024-09-24 11:15:00,nan,nan,nan,0.027 1 + -0.001 theta + 0.699 omega + 0.011 theta omega + 0.689 omega^2 + -0.023 theta omega^2 + 0.766 omega^3,0.054 1 + -0.003 theta + -0.597 omega + 0.022 theta omega + 1.336 omega^2 + -0.043 theta omega^2 + 1.625 omega^3,5.4348568965e-02,-2.5668865353e-03,-5.9677874031e-01,2.3373310546e-05,2.1859329276e-02,1.3355348403e+00,0.0000000000e+00,-7.2567631983e-05,-4.3255918636e-02,1.6245566522e+00
11611,2024-09-24 11:20:00,0.102816,2.645894,1.872341,-0.001 1 + 1.010 omega + -0.011 theta omega + 0.301 omega^2 + 0.002 theta^2 omega + -0.109 theta omega^2 + -1.128 omega^3,-0.002 1 + 0.001 theta + 0.022 omega + -0.020 theta omega + 0.555 omega^2 + 0.004 theta^2 omega + -0.210 theta omega^2 + -2.718 omega^3,-1.6308427775e-03,9.1305472571e-04,2.2218672991e-02,4.1491973476e-04,-2.0146303559e-02,5.5502750633e-01,-1.6386075298e-04,4.4703422736e-03,-2.1049978879e-01,-2.7176300807e+00
11612,2024-09-24 11:25:00,3.419221,133.669942,94.549840,0.008 1 + 0.003 theta + 1.078 omega + 0.055 theta omega + -1.121 omega^2 + -0.001 theta^2 omega + 0.217 theta omega^2 + -6.984 omega^3,0.017 1 + 0.006 theta + 0.162 omega + 0.112 theta omega + -2.221 omega^2 + -0.001 theta^2 omega + 0.437 theta omega^2 + -13.985 omega^3,1.7197678527e-02,5.5729812169e-03,1.6218484941e-01,-2.1571260726e-04,1.1157187159e-01,-2.2209255457e+00,0.0000000000e+00,-1.1484100706e-03,4.3725216847e-01,-1.3984999077e+01
11613,2024-09-24 11:30:00,0.056363,1.763014,1.247276,-0.032 1 + -0.005 theta + 0.647 omega + -0.039 theta omega + -1.077 omega^2 + -0.001 theta^2 omega + -0.060 theta omega^2 + -0.740 omega^3,-0.064 1 + -0.011 theta + -0.696 omega + -0.001 theta^2 + -0.078 theta omega + -2.092 omega^2 + -0.002 theta^2 omega + -0.119 theta omega^2 + -1.243 omega^3,-6.3699053006e-02,-1.0864259437e-02,-6.9581971562e-01,-6.1438303018e-04,-7.7510921467e-02,-2.0915472730e+00,-1.1679573343e-05,-2.1014874505e-03,-1.1948753438e-01,-1.2427149402e+00
11614,2024-09-24 11:35:00,nan,nan,nan,-0.064 1 + 0.004 theta + 1.870 omega + -0.038 theta omega + -3.916 omega^2 + 0.081 theta omega^2 + 6.454 omega^3,-0.126 1 + 0.008 theta + 1.696 omega + -0.076 theta omega + -7.575 omega^2 + 0.001 theta^2 omega + 0.159 theta omega^2 + 12.383 omega^3,-1.2596747359e-01,7.8687180176e-03,1.6962314657e+00,-9.7762910209e-05,-7.5808754531e-02,-7.5754637212e+00,0.0000000000e+00,6.3875683417e-04,1.5859520182e-01,1.2383394531e+01
11615,2024-09-24 11:40:00,nan,nan,nan,-0.017 1 + -0.001 theta + 1.412 omega + 0.005 theta omega + -2.359 omega^2 + -0.001 theta^2 omega + 0.098 theta omega^2 + 0.096 omega^3,-0.034 1 + -0.003 theta + 0.847 omega + 0.009 theta omega + -4.844 omega^2 + -0.002 theta^2 omega + 0.196 theta omega^2 + 0.611 omega^3,-3.4065825831e-02,-2.9333654137e-03,8.4681658123e-01,9.4086806349e-05,8.8902293223e-03,-4.8439642404e+00,3.1233757027e-06,-1.7630605886e-03,1.9579380575e-01,6.1090095283e-01
11616,2024-09-24 11:45:00,0.033457,3.252118,2.299717,0.026 1 + -0.002 theta + 0.742 omega + 0.020 theta omega + 0.695 omega^2 + -0.032 theta omega^2 + -0.517 omega^3,0.051 1 + -0.005 theta + -0.492 omega + 0.041 theta omega + 1.260 omega^2 + -0.065 theta omega^2 + -0.807 omega^3,5.1243901398e-02,-4.9974097031e-03,-4.9209084391e-01,6.9898365594e-05,4.0644880162e-02,1.2600915279e+00,0.0000000000e+00,-4.2087943208e-04,-6.4615387954e-02,-8.0702206519e-01
11617,2024-09-24 11:50:00,0.036532,4.040384,2.857100,-0.014 1 + 0.001 theta + 1.191 omega + -0.009 theta omega + -0.827 omega^2 + 0.016 theta omega^2 + 1.136 omega^3,0.048 1 + -1.049 omega + 0.004 theta omega + 7.092 omega^2 + -0.038 theta omega^2 + -14.460 omega^3,4.8393612757e-02,1.5071124399e-04,-1.0490017660e+00,-1.4824964826e-05,3.7758628489e-03,7.0918992374e+00,0.0000000000e+00,1.1364647723e-04,-3.7929936176e-02,-1.4460198046e+01
11618,2024-09-24 11:55:00,nan,nan,nan,-0.031 1 + 0.002 theta + 1.210 omega + -0.012 theta omega + -0.339 omega^2 + 0.012 theta omega^2 + 0.463 omega^3,-0.064 1 + 0.004 theta + 0.469 omega + -0.025 theta omega + -0.918 omega^2 + 0.027 theta omega^2 + 1.294 omega^3,-6.4408679238e-02,3.7401727331e-03,4.6868316406e-01,-1.9535182582e-05,-2.4769914805e-02,-9.1815237673e-01,-5.4297449010e-07,1.8671985817e-04,2.6688154079e-02,1.2939751875e+00
11619,2024-09-24 12:00:00,nan,nan,nan,0.002 1 + 0.922 omega + 0.002 theta omega + 1.156 omega^2 + 0.053 theta omega^2 + -7.214 omega^3,-0.005 1 + -0.002 theta + 0.339 omega + 0.048 theta omega + -6.266 omega^2 + 0.001 theta^2 omega + -0.338 theta omega^2 + 35.145 omega^3,-5.3073789861e-03,-1.6236149302e-03,3.3913873632e-01,-6.2795995891e-05,4.8250097573e-02,-6.2655487645e+00,0.0000000000e+00,7.0248022075e-04,-3.3835838974e-01,3.5145003028e+01
11620,2024-09-24 12:05:00,nan,nan,nan,-0.053 1 + 0.002 theta + 2.039 omega + -0.029 theta omega + -6.506 omega^2 + 0.103 theta omega^2 + 12.860 omega^3,-0.092 1 + 0.003 theta + 1.822 omega + -0.045 theta omega + -11.472 omega^2 + 0.170 theta omega^2 + 23.230 omega^3,-9.2232783174e-02,2.7338677448e-03,1.8224481792e+00,-1.1793064540e-06,-4.4833088544e-02,-1.1471587910e+01,0.0000000000e+00,2.2094126651e-05,1.6990466633e-01,2.3229853643e+01
11621,2024-09-24 12:10:00,0.034760,4.382965,3.099322,0.001 1 + -0.001 theta + 1.045 omega + 0.007 theta omega + -0.474 omega^2 + 0.557 omega^3,0.001 1 + -0.001 theta + 0.084 omega + 0.009 theta omega + -0.843 omega^2 + 0.006 theta omega^2 + 1.093 omega^3,1.4697603373e-03,-1.2043314151e-03,8.3581226460e-02,3.6569181256e-05,8.7113008195e-03,-8.4347067253e-01,0.0000000000e+00,-2.6634061659e-04,5.8083078861e-03,1.0928069795e+00
11622,2024-09-24 12:15:00,0.039375,5.203839,3.679775,0.102 1 + -0.004 theta + -0.390 omega + 0.037 theta omega + 5.935 omega^2 + -0.095 theta omega^2 + -7.552 omega^3,-0.004 1 + 0.001 theta + 0.060 omega + -0.984 omega^2 + -0.021 theta omega^2 + 4.166 omega^3,-4.0267858704e-03,5.7708507513e-04,6.0071734293e-02,-1.8003206838e-05,3.0800563043e-04,-9.8402223808e-01,0.0000000000e+00,1.0550748679e-04,-2.1463822146e-02,4.1661122467e+00
11623,2024-09-24 12:20:00,0.017014,1.371979,0.970210,0.985 omega + -0.006 theta omega + 0.660 omega^2 + 0.045 theta omega^2 + -3.989 omega^3,0.002 1 + -0.142 omega + -0.018 theta omega + 2.838 omega^2 + 0.144 theta omega^2 + -15.290 omega^3,2.3526908405e-03,1.7361915697e-04,-1.4167822895e-01,5.5572216897e-05,-1.8235204586e-02,2.8377668854e+00,0.0000000000e+00,-4.7263441153e-04,1.4369514627e-01,-1.5290127129e+01
11624,2024-09-24 12:25:00,0.012638,1.350803,0.955204,-0.386 1 + -0.001 theta + 7.732 omega + 0.014 theta omega + -38.944 omega^2 + -0.045 theta omega^2 + 75.127 omega^3,0.279 1 + 0.005 theta + -5.641 omega + -0.064 theta omega + 37.885 omega^2 + 0.214 theta omega^2 + -84.241 omega^3,2.7874574296e-01,4.7389323359e-03,-5.6413146812e+00,3.3743380180e-05,-6.4417937033e-02,3.7885446070e+01,0.0000000000e+00,-1.9490847710e-04,2.1363069656e-01,-8.4241225890e+01
11625,2024-09-24 12:30:00,0.013018,0.390334,0.276161,-0.091 1 + 2.435 omega + 0.003 theta omega + -7.370 omega^2 + 12.304 omega^3,-0.218 1 + -0.002 theta + 3.524 omega + 0.014 theta omega + -18.771 omega^2 + -0.034 theta omega^2 + 33.183 omega^3,-2.1845369742e-01,-1.5555548124e-03,3.5237664610e+00,5.9156176222e-06,1.4315252180e-02,-1.8771316379e+01,0.0000000000e+00,-2.5978391918e-05,-3.4062582113e-02,3.3183024085e+01
11626,2024-09-24 12:35:00,0.009469,0.497864,0.352107,-0.310 1 + 0.003 theta + 4.411 omega + -0.024 theta omega + -12.311 omega^2 + 0.046 theta omega^2 + 14.568 omega^3,-0.227 1 + 0.003 theta + 2.209 omega + -0.022 theta omega + -6.598 omega^2 + 0.044 theta omega^2 + 5.721 omega^3,-2.2722035916e-01,2.6220072483e-03,2.2089741441e+00,0.0000000000e+00,-2.1893260943e-02,-6.5981067800e+00,0.0000000000e+00,4.5608281856e-06,4.3919504908e-02,5.7212030217e+00
11627,2024-09-24 12:40:00,0.016068,0.910049,0.643602,0.057 1 + 0.217 omega + 3.544 omega^2 + 0.002 theta omega^2 + -5.357 omega^3,0.104 1 + -1.419 omega + 6.436 omega^2 + 0.003 theta omega^2 + -9.722 omega^3,1.0378568468e-01,1.5987717408e-05,-1.4194156733e+00,2.1467374623e-06,-4.3570411183e-04,6.4355142373e+00,0.0000000000e+00,-1.5479836271e-05,2.9758899019e-03,-9.7219983289e+00
11628,2024-09-24 12:45:00,0.008516,0.684028,0.483719,-0.013 1 + 0.002 theta + 0.680 omega + -0.020 theta omega + 4.459 omega^2 + 0.053 theta omega^2 + -12.418 omega^3,0.125 1 + -2.626 omega + -0.002 theta omega + 17.240 omega^2 + 0.010 theta omega^2 + -36.026 omega^3,1.2537207032e-01,-6.6059271208e-05,-2.6259337990e+00,2.1274653226e-05,-2.2377944150e-03,1.7239795528e+01,0.0000000000e+00,-1.0557203516e-04,1.0488191441e-02,-3.6025734075e+01
11629,2024-09-24 12:50:00,nan,nan,nan,-0.237 1 + 0.007 theta + 4.469 omega + -0.084 theta omega + -16.020 omega^2 + 0.244 theta omega^2 + 22.712 omega^3,-0.477 1 + 0.014 theta + 7.012 omega + -0.168 theta omega + -32.608 omega^2 + 0.486 theta omega^2 + 46.810 omega^3,-4.7736427773e-01,1.4319414353e-02,7.0120400562e+00,-3.3424948829e-05,-1.6816878438e-01,-3.2608165233e+01,0.0000000000e+00,2.2570377822e-04,4.8572335240e-01,4.6810184443e+01
11630,2024-09-24 12:55:00,0.012470,0.414188,0.293008,-0.002 1 + 0.925 omega + 0.017 theta omega + 0.140 omega^2 + -0.087 theta omega^2 + 1.465 omega^3,-0.008 1 + -0.001 theta + 0.383 omega + 0.022 theta omega + -4.360 omega^2 + -0.079 theta omega^2 + 13.336 omega^3,-7.7786898742e-03,-1.3468565597e-03,3.8265704192e-01,-1.0109163385e-05,2.1861758949e-02,-4.3602775328e+00,0.0000000000e+00,6.1349089600e-05,-7.8772054447e-02,1.3336232980e+01
11631,2024-09-24 13:00:00,0.031371,1.932058,1.366352,0.022 1 + -0.001 theta + 0.454 omega + 0.011 theta omega + 4.168 omega^2 + -0.049 theta omega^2 + -10.209 omega^3,0.039 1 + -1.058 omega + 0.018 theta omega + 8.397 omega^2 + -0.096 theta omega^2 + -20.874 omega^3,3.9434273397e-02,-4.5963340011e-04,-1.0579945978e+00,-2.0086945463e-05,1.7803145125e-02,8.3973526912e+00,0.0000000000e+00,1.0736415773e-04,-9.6406821943e-02,-2.0873968093e+01
11632,2024-09-24 13:05:00,0.068891,4.516259,3.193849,-0.006 1 + 0.001 theta + 1.047 omega + -0.010 theta omega + 0.428 omega^2 + 0.007 theta omega^2 + -2.613 omega^3,-0.011 1 + 0.002 theta + 0.081 omega + -0.018 theta omega + 0.775 omega^2 + 0.001 theta^2 omega + 0.009 theta omega^2 + -4.458 omega^3,-1.0537311271e-02,1.5618915878e-03,8.0841671103e-02,-4.6695257129e-05,-1.8156778180e-02,7.7474531575e-01,0.0000000000e+00,5.2962830351e-04,8.5557153381e-03,-4.4581027211e+00
11633,2024-09-24 13:10:00,nan,nan,nan,-0.063 1 + 0.002 theta + 1.958 omega + -0.017 theta omega + -5.217 omega^2 + 0.028 theta omega^2 + 10.085 omega^3,-0.186 1 + 0.006 theta + 3.230 omega + -0.058 theta omega + -19.059 omega^2 + 0.149 theta omega^2 + 38.048 omega^3,-1.8619560354e-01,5.6006139670e-03,3.2303363398e+00,-4.5980019453e-05,-5.8243502970e-02,-1.9059078538e+01,0.0000000000e+00,2.7915303216e-04,1.4879057375e-01,3.8047673479e+01
11634,2024-09-24 13:15:00,nan,nan,nan,-0.048 1 + 0.001 theta + 1.685 omega + -0.023 theta omega + -2.566 omega^2 + 0.088 theta omega^2 + 1.893 omega^3,-0.065 1 + 0.001 theta + 0.986 omega + -0.028 theta omega + -4.192 omega^2 + 0.111 theta omega^2 + 3.906 omega^3,-6.4659213507e-02,1.4932861984e-03,9.8642795380e-01,3.4851834167e-05,-2.7861379315e-02,-4.1917398609e+00,0.0000000000e+00,-2.0541448827e-04,1.1078809687e-01,3.9061784919e+00
11635,2024-09-24 13:20:00,0.002686,0.144575,0.102248,-0.009 1 + 0.001 theta + 0.902 omega + -0.022 theta omega + 2.790 omega^2 + 0.077 theta omega^2 + -10.954 omega^3,-0.012 1 + 0.002 theta + -0.279 omega + -0.037 theta omega + 5.883 omega^2 + 0.136 theta omega^2 + -22.374 omega^3,-1.2313084472e-02,2.1898458613e-03,-2.7949706791e-01,2.8532395956e-05,-3.7350298191e-02,5.8830763071e+00,0.0000000000e+00,-1.3092832626e-04,1.3633027477e-01,-2.2374380217e+01
11636,2024-09-24 13:25:00,0.023143,3.957400,2.798352,0.001 theta + 0.897 omega + -0.014 theta omega + 0.985 omega^2 + 0.031 theta omega^2 + -2.152 omega^3,0.019 1 + 0.002 theta + -0.493 omega + -0.018 theta omega + 2.874 omega^2 + 0.024 theta omega^2 + -3.570 omega^3,1.8946370353e-02,2.4061358041e-03,-4.9250950929e-01,-1.8982384260e-05,-1.8141157820e-02,2.8735279370e+00,0.0000000000e+00,1.0375238181e-04,2.4260877736e-02,-3.5697283667e+00
11637,2024-09-24 13:30:00,0.088151,567.645830,401.386221,-0.010 1 + 1.171 omega + 0.003 theta omega + -1.528 omega^2 + -0.034 theta omega^2 + 5.313 omega^3,0.022 1 + -0.001 theta + -0.322 omega + 0.018 theta omega + 0.971 omega^2 + -0.067 theta omega^2 + 1.033 omega^3,2.2070284463e-02,-1.2136649273e-03,-3.2247287073e-01,0.0000000000e+00,1.8413490809e-02,9.7099114341e-01,0.0000000000e+00,0.0000000000e+00,-6.6990889375e-02,1.0326543081e+00
11638,2024-09-24 13:35:00,nan,nan,nan,-0.064 1 + 0.001 theta + 1.850 omega + -0.015 theta omega + -3.584 omega^2 + 0.038 theta omega^2 + 4.758 omega^3,-0.297 1 + 0.007 theta + 3.787 omega + -0.069 theta omega + -15.733 omega^2 + 0.157 theta omega^2 + 21.170 omega^3,-2.9690127669e-01,7.4867575070e-03,3.7873704172e+00,-4.0766165163e-05,-6.9379006725e-02,-1.5733091260e+01,0.0000000000e+00,2.1766466811e-04,1.5730096545e-01,2.1169634264e+01
11639,2024-09-24 13:40:00,0.008327,0.429234,0.303572,-0.009 1 + 1.002 omega + -0.003 theta omega + 1.346 omega^2 + 0.017 theta omega^2 + -5.906 omega^3,0.002 theta + -0.210 omega + -0.025 theta omega + 2.939 omega^2 + 0.064 theta omega^2 + -9.827 omega^3,2.0178970353e-04,2.1396808433e-03,-2.0954274655e-01,-2.2866588207e-05,-2.4641692155e-02,2.9390545859e+00,0.0000000000e+00,1.6262038190e-04,6.4359584566e-02,-9.8265636205e+00
11640,2024-09-24 13:45:00,nan,nan,nan,-0.018 1 + 0.002 theta + 1.137 omega + -0.014 theta omega + -0.130 omega^2 + 0.007 theta omega^2 + 0.294 omega^3,-0.031 1 + 0.003 theta + 0.203 omega + -0.025 theta omega + -0.028 omega^2 + 0.001 theta^2 omega + 0.006 theta omega^2 + 0.655 omega^3,-3.0505494108e-02,3.4640315698e-03,2.0343346896e-01,-8.2178480065e-05,-2.4789785754e-02,-2.7826059089e-02,0.0000000000e+00,5.5768776692e-04,6.4515177758e-03,6.5457751263e-01
11641,2024-09-24 13:50:00,0.125865,14.694653,10.391070,0.023 1 + 0.004 theta + 0.992 omega + -0.004 theta omega + -0.783 omega^2 + -0.133 theta omega^2 + -0.658 omega^3,0.047 1 + 0.009 theta + -0.021 omega + -0.009 theta omega + -1.594 omega^2 + -0.001 theta^2 omega + -0.270 theta omega^2 + -1.216 omega^3,4.6591338509e-02,8.5710079718e-03,-2.1031645738e-02,-2.7502407488e-04,-9.0915554741e-03,-1.5936410165e+00,-7.4640669291e-05,-5.5046857290e-04,-2.7006157975e-01,-1.2156190922e+00
11642,2024-09-24 13:55:00,0.054391,5.740769,4.059519,-0.068 1 + 0.012 theta + 1.553 omega + -0.001 theta^2 + -0.071 theta omega + -1.570 omega^2 + 0.002 theta^2 omega + 0.086 theta omega^2 + 3.382 omega^3,0.065 1 + -0.004 theta + -1.539 omega + 0.079 theta omega + 9.541 omega^2 + -0.001 theta^2 omega + -0.282 theta omega^2 + -16.761 omega^3,6.5190191753e-02,-3.6957548299e-03,-1.5388572978e+00,4.5885028090e-05,7.9186552850e-02,9.5412584244e+00,0.0000000000e+00,-9.1181202898e-04,-2.8210836820e-01,-1.6760881098e+01
11643,2024-09-24 14:00:00,0.019785,1.819881,1.286926,-0.001 theta + 1.017 omega + 0.010 theta omega + -0.123 omega^2 + -0.047 theta omega^2 + 0.335 omega^3,-0.001 1 + -0.001 theta + 0.035 omega + 0.021 theta omega + -0.228 omega^2 + -0.085 theta omega^2 + 0.526 omega^3,-7.1195184057e-04,-1.2557883480e-03,3.4736325659e-02,-1.9868010627e-05,2.0737515362e-02,-2.2777938303e-01,0.0000000000e+00,1.2187240046e-04,-8.4626135075e-02,5.2642660218e-01
11644,2024-09-24 14:05:00,nan,nan,nan,-0.048 1 + 0.002 theta + 1.916 omega + -0.026 theta omega + -5.527 omega^2 + 0.075 theta omega^2 + 11.116 omega^3,-0.096 1 + 0.004 theta + 1.813 omega + -0.055 theta omega + -10.948 omega^2 + 0.155 theta omega^2 + 22.090 omega^3,-9.5567611464e-02,3.9446834636e-03,1.8128664568e+00,-4.2843344330e-05,-5.4739403914e-02,-1.0947898965e+01,0.0000000000e+00,4.3396125842e-04,1.5537086348e-01,2.2089699068e+01
11645,2024-09-24 14:10:00,nan,nan,nan,-0.042 1 + 0.001 theta + 1.656 omega + -0.007 theta omega + -3.337 omega^2 + 0.020 theta omega^2 + 5.650 omega^3,-0.056 1 + 0.002 theta + 0.614 omega + -0.027 theta omega + -1.031 omega^2 + 0.095 theta omega^2 + -3.347 omega^3,-5.6396530792e-02,1.6676961677e-03,6.1369232036e-01,2.6942257484e-05,-2.6749888289e-02,-1.0309828190e+00,0.0000000000e+00,-1.4501458092e-04,9.5157615307e-02,-3.3465471410e+00
11646,2024-09-24 14:15:00,2.088515,91.383975,64.635102,-0.166 1 + 0.014 theta + 2.249 omega + -0.098 theta omega + -0.244 omega^2 + 0.001 theta^2 omega + 0.131 theta omega^2 + -8.902 omega^3,-0.331 1 + 0.028 theta + 2.507 omega + -0.001 theta^2 + -0.196 theta omega + -0.584 omega^2 + 0.003 theta^2 omega + 0.262 theta omega^2 + -17.512 omega^3,-3.3133014158e-01,2.7917849879e-02,2.5065309331e+00,-6.4230473515e-04,-1.9599338904e-01,-5.8374398823e-01,3.9200151482e-06,2.7379099797e-03,2.6197868784e-01,-1.7512064569e+01
11647,2024-09-24 14:20:00,0.055704,2.079329,1.470835,1.005 omega + 0.001 theta omega + 0.036 omega^2 + 0.117 theta omega^2 + -0.604 omega^3,-0.001 theta + 0.011 omega + 0.002 theta omega + 0.051 omega^2 + -0.001 theta^2 omega + 0.230 theta omega^2 + -1.035 omega^3,2.2295602398e-04,-6.7372025859e-04,1.1205150706e-02,-2.1344366746e-04,2.3990052362e-03,5.0980173815e-02,-1.9763011700e-04,-7.2035844961e-04,2.2999549230e-01,-1.0349373517e+00
11648,2024-09-24 14:25:00,0.040076,2.856472,2.020030,0.044 1 + -0.004 theta + 0.334 omega + 0.046 theta omega + 2.482 omega^2 + -0.001 theta^2 omega + -0.122 theta omega^2 + 0.174 omega^3,0.083 1 + -0.007 theta + -1.278 omega + 0.088 theta omega + 4.849 omega^2 + -0.001 theta^2 omega + -0.237 theta omega^2 + 0.047 omega^3,8.2893540151e-02,-6.9042555813e-03,-1.2779964260e+00,1.1320839765e-04,8.7980411821e-02,4.8487412729e+00,1.2447422508e-06,-1.2395104082e-03,-2.3743071364e-01,4.6610093046e-02
11649,2024-09-24 14:30:00,nan,nan,nan,-0.030 1 + 0.003 theta + 1.402 omega + -0.030 theta omega + -1.439 omega^2 + 0.001 theta^2 omega + 0.053 theta omega^2 + 1.902 omega^3,-0.060 1 + 0.006 theta + 0.806 omega + -0.061 theta omega + -2.891 omega^2 + 0.001 theta^2 omega + 0.106 theta omega^2 + 3.928 omega^3,-5.9801402051e-02,5.5036399762e-03,8.0568966844e-01,-1.4757068027e-04,-6.0790190912e-02,-2.8912128403e+00,1.0307304863e-06,1.0918464392e-03,1.0639894094e-01,3.9277360943e+00
11650,2024-09-24 14:35:00,0.029699,0.890823,0.630257,0.007 1 + 0.713 omega + 0.007 theta omega + 3.465 omega^2 + -0.069 theta omega^2 + -13.313 omega^3,0.014 1 + -0.564 omega + 0.014 theta omega + 6.831 omega^2 + -0.142 theta omega^2 + -26.036 omega^3,1.3814348108e-02,1.8670603430e-04,-5.6424290668e-01,-9.2244948680e-05,1.4153803128e-02,6.8311528900e+00,2.4979175064e-06,4.0181738332e-04,-1.4181701373e-01,-2.6036366372e+01
11651,2024-09-24 14:40:00,0.222779,7.384723,5.224164,-0.002 1 + 0.001 theta + 0.868 omega + -0.010 theta omega + 2.117 omega^2 + 0.003 theta^2 omega + -0.192 theta omega^2 + -3.112 omega^3,-0.004 1 + 0.002 theta + -0.252 omega + -0.022 theta omega + 4.196 omega^2 + 0.005 theta^2 omega + -0.382 theta omega^2 + -6.136 omega^3,-4.0380967828e-03,2.3796032429e-03,-2.5176934998e-01,-5.4915108218e-05,-2.1840740984e-02,4.1959602138e+00,-1.6694595277e-05,5.2646324573e-03,-3.8222165268e-01,-6.1356048645e+00
11652,2024-09-24 14:45:00,nan,nan,nan,0.977 omega + -0.004 theta omega + 0.007 omega^2 + 0.001 theta^2 omega + 0.001 theta omega^2 + 1.081 omega^3,0.001 1 + -0.001 theta + -0.051 omega + -0.009 theta omega + -0.028 omega^2 + 0.002 theta^2 omega + 0.018 theta omega^2 + 2.443 omega^3,6.5765565954e-04,-9.4896513036e-04,-5.0605186820e-02,6.9879395660e-05,-8.5209007114e-03,-2.8316960374e-02,0.0000000000e+00,1.6599141988e-03,1.8171381186e-02,2.4426304121e+00
11653,2024-09-24 14:50:00,0.008101,0.533652,0.377392,0.001 1 + -0.001 theta + 1.050 omega + 0.001 theta omega + -0.609 omega^2 + -0.010 theta omega^2 + 2.047 omega^3,0.003 1 + -0.002 theta + 0.101 omega + 0.002 theta omega + -1.201 omega^2 + -0.022 theta omega^2 + 4.062 omega^3,2.7337997845e-03,-1.5080611170e-03,1.0122856081e-01,1.1612713643e-04,1.5576569557e-03,-1.2011293870e+00,-2.6075091749e-06,3.1417169592e-05,-2.1675941451e-02,4.0620083025e+00
11654,2024-09-24 14:55:00,0.118177,12.662819,8.954355,-0.002 1 + 0.001 theta + 0.994 omega + 0.001 theta^2 + -0.009 theta omega + 0.171 omega^2 + -0.002 theta^2 omega + -0.003 theta omega^2 + -0.364 omega^3,-0.004 1 + 0.002 theta + -0.011 omega + 0.001 theta^2 + -0.018 theta omega + 0.327 omega^2 + -0.003 theta^2 omega + -0.007 theta omega^2 + -0.685 omega^3,-3.8269535723e-03,2.0508788283e-03,-1.0761584485e-02,9.9222510818e-04,-1.8213024782e-02,3.2707149369e-01,-1.7441873495e-05,-3.0831234845e-03,-7.4042783076e-03,-6.8461669067e-01
11655,2024-09-24 15:10:00,nan,nan,nan,-0.209 1 + 0.014 theta + 3.604 omega + -0.135 theta omega + -9.344 omega^2 + 0.001 theta^2 omega + 0.318 theta omega^2 + 7.463 omega^3,-0.409 1 + 0.027 theta + 5.063 omega + -0.262 theta omega + -17.986 omega^2 + 0.003 theta^2 omega + 0.615 theta omega^2 + 13.853 omega^3,-4.0875195985e-01,2.6945910145e-02,5.0629379451e+00,-4.8027666890e-04,-2.6221137763e-01,-1.7985654566e+01,2.4268240294e-06,2.5361201257e-03,6.1486403311e-01,1.3853116455e+01
11656,2024-09-24 15:15:00,nan,nan,nan,-0.105 1 + -0.005 theta + 3.320 omega + 0.060 theta omega + -16.673 omega^2 + -0.183 theta omega^2 + 38.836 omega^3,-0.006 1 + 0.151 omega + 0.003 theta omega + -1.312 omega^2 + -0.021 theta omega^2 + 4.402 omega^3,-6.2925224555e-03,-1.1532805938e-04,1.5141072517e-01,0.0000000000e+00,2.8461444308e-03,-1.3115571882e+00,0.0000000000e+00,2.6114944998e-05,-2.1139428495e-02,4.4017440657e+00
11657,2024-09-24 15:20:00,0.011223,0.761340,0.538407,-0.218 1 + -0.002 theta + 4.396 omega + 0.027 theta omega + -17.777 omega^2 + -0.075 theta omega^2 + 31.054 omega^3,-0.429 1 + -0.005 theta + 6.692 omega + 0.055 theta omega + -35.117 omega^2 + -0.152 theta omega^2 + 61.489 omega^3,-4.2858885446e-01,-4.6756647015e-03,6.6922430012e+00,-3.5937451443e-05,5.5002870712e-02,-3.5117134319e+01,0.0000000000e+00,1.5853352199e-04,-1.5153745193e-01,6.1489296136e+01
11658,2024-09-24 15:25:00,0.052416,4.771115,3.373891,0.058 1 + -0.004 theta + 0.402 omega + 0.025 theta omega + 2.088 omega^2 + -0.043 theta omega^2 + -2.469 omega^3,-0.007 1 + -0.279 omega + 0.011 theta omega + 2.310 omega^2 + -0.039 theta omega^2 + -4.339 omega^3,-6.6333612541e-03,-1.1309923728e-04,-2.7879994524e-01,9.0537297094e-06,1.0637327355e-02,2.3101442065e+00,0.0000000000e+00,-1.1394065925e-04,-3.9116393263e-02,-4.3390146596e+00
11659,2024-09-24 15:30:00,0.044500,1.938242,1.370905,-0.001 theta + 1.009 omega + -0.004 theta omega + 0.404 omega^2 + 0.041 theta omega^2 + -1.960 omega^3,-0.001 1 + -0.002 theta + 0.018 omega + -0.008 theta omega + 0.814 omega^2 + -0.001 theta^2 omega + 0.086 theta omega^2 + -4.064 omega^3,-9.4552716158e-04,-2.2357584482e-03,1.8063120387e-02,2.1534297652e-04,-8.1327687535e-03,8.1410541151e-01,0.0000000000e+00,-9.9768539578e-04,8.5692843093e-02,-4.0638585370e+00
11660,2024-09-24 15:35:00,nan,nan,nan,-0.076 1 + -0.003 theta + 2.454 omega + 0.041 theta omega + -9.352 omega^2 + -0.114 theta omega^2 + 19.700 omega^3,-0.477 1 + -0.004 theta + 8.213 omega + 0.038 theta omega + -46.509 omega^2 + -0.086 theta omega^2 + 86.734 omega^3,-4.7728810621e-01,-4.0897444867e-03,8.2130658561e+00,1.7645358246e-05,3.8125044819e-02,-4.6509310444e+01,0.0000000000e+00,-9.5190272741e-05,-8.6163926724e-02,8.6734482842e+01
11661,2024-09-24 15:40:00,0.027298,2.964404,2.096239,0.040 1 + 0.454 omega + 2.311 omega^2 + -0.001 theta omega^2 + -2.862 omega^3,0.079 1 + -1.098 omega + 4.635 omega^2 + -0.003 theta omega^2 + -5.663 omega^3,7.9430109517e-02,3.2780629351e-05,-1.0976173442e+00,1.2274400321e-05,4.6550604020e-04,4.6345519990e+00,0.0000000000e+00,-5.8751479701e-05,-2.9561674324e-03,-5.6627820856e+00
11662,2024-09-24 15:45:00,0.021606,0.945574,0.668796,0.069 1 + -0.001 theta + 0.004 omega + 0.010 theta omega + 4.548 omega^2 + -0.029 theta omega^2 + -6.624 omega^3,0.139 1 + -0.001 theta + -1.996 omega + 0.020 theta omega + 9.096 omega^2 + -0.059 theta omega^2 + -13.212 omega^3,1.3880018420e-01,-1.4538829523e-03,-1.9957293428e+00,-1.0016573625e-05,1.9520686504e-02,9.0962062062e+00,0.0000000000e+00,4.5631948002e-05,-5.8992441665e-02,-1.3211685712e+01
11663,2024-09-24 15:50:00,nan,nan,nan,-0.002 theta + 1.296 omega + 0.022 theta omega + -3.532 omega^2 + -0.061 theta omega^2 + 10.406 omega^3,-0.006 1 + -0.004 theta + 0.690 omega + 0.045 theta omega + -7.630 omega^2 + -0.123 theta omega^2 + 21.874 omega^3,-5.6206180116e-03,-3.9863750777e-03,6.9049233879e-01,1.8078273620e-05,4.4840277987e-02,-7.6302776971e+00,0.0000000000e+00,-1.1518796782e-04,-1.2301408587e-01,2.1873653144e+01
11664,2024-09-24 15:55:00,0.002142,0.055440,0.039231,0.054 1 + 0.001 theta + 0.033 omega + -0.002 theta omega + 5.437 omega^2 + -0.023 theta omega^2 + -9.084 omega^3,0.165 1 + 0.003 theta + -2.927 omega + -0.017 theta omega + 16.622 omega^2 + 0.007 theta omega^2 + -29.749 omega^3,1.6504793392e-01,2.6964982352e-03,-2.9268540810e+00,-4.1229021678e-05,-1.7422647859e-02,1.6621528803e+01,0.0000000000e+00,2.5034252053e-04,6.5531415368e-03,-2.9749453551e+01
11665,2024-09-24 16:00:00,nan,nan,nan,-0.313 1 + 0.004 theta + 3.904 omega + -0.027 theta omega + -9.067 omega^2 + 0.038 theta omega^2 + 9.710 omega^3,-0.629 1 + 0.009 theta + 5.830 omega + -0.054 theta omega + -18.177 omega^2 + 0.078 theta omega^2 + 19.438 omega^3,-6.2874165456e-01,8.6660862508e-03,5.8300830444e+00,-3.3545712862e-05,-5.4036093583e-02,-1.8177047112e+01,0.0000000000e+00,1.3635845254e-04,7.7621950145e-02,1.9437790193e+01
11666,2024-09-24 16:05:00,nan,nan,nan,0.208 1 + -0.006 theta + -0.519 omega + 0.061 theta omega + 0.244 omega^2 + -0.147 theta omega^2 + 10.842 omega^3,0.417 1 + -0.012 theta + -3.067 omega + 0.120 theta omega + 0.701 omega^2 + -0.290 theta omega^2 + 21.222 omega^3,4.1670193100e-01,-1.2422392047e-02,-3.0670958445e+00,-8.3696147783e-06,1.1984718549e-01,7.0092393200e-01,0.0000000000e+00,4.5976876515e-05,-2.9021519559e-01,2.1222367960e+01
11667,2024-09-24 16:10:00,0.019465,2.336591,1.652276,0.560 1 + -0.009 theta + -5.856 omega + 0.081 theta omega + 27.420 omega^2 + -0.178 theta omega^2 + -35.780 omega^3,1.096 1 + -0.018 theta + -13.422 omega + 0.160 theta omega + 53.607 omega^2 + -0.352 theta omega^2 + -69.796 omega^3,1.0964820920e+00,-1.7902034811e-02,-1.3421696957e+01,5.4370498083e-05,1.6019307013e-01,5.3606879590e+01,0.0000000000e+00,-2.7278885474e-04,-3.5203102577e-01,-6.9796385605e+01
11668,2024-09-24 16:15:00,0.010225,1.016591,0.718875,0.048 1 + 0.203 omega + -0.007 theta omega + 4.482 omega^2 + 0.025 theta omega^2 + -8.560 omega^3,0.094 1 + 0.001 theta + -1.566 omega + -0.014 theta omega + 8.817 omega^2 + 0.049 theta omega^2 + -16.815 omega^3,9.4376551382e-02,8.6014563817e-04,-1.5661395991e+00,2.1251587550e-05,-1.3866217321e-02,8.8170178403e+00,0.0000000000e+00,-1.0962465621e-04,4.9353300827e-02,-1.6815471901e+01
11669,2024-09-24 16:20:00,nan,nan,nan,-0.118 1 + 0.002 theta + 2.813 omega + -0.021 theta omega + -9.293 omega^2 + 0.052 theta omega^2 + 15.981 omega^3,-0.233 1 + 0.005 theta + 3.539 omega + -0.044 theta omega + -18.012 omega^2 + 0.108 theta omega^2 + 30.753 omega^3,-2.3255391452e-01,4.5433459666e-03,3.5392411214e+00,-1.7408247406e-06,-4.4488658600e-02,-1.8012197914e+01,0.0000000000e+00,1.1001161584e-05,1.0775022260e-01,3.0753230729e+01
11670,2024-09-24 16:25:00,0.067098,10.137540,7.168480,0.180 1 + -0.001 theta + -1.304 omega + 0.014 theta omega + 9.198 omega^2 + -0.050 theta omega^2 + -10.916 omega^3,0.369 1 + -0.002 theta + -4.752 omega + 0.028 theta omega + 19.167 omega^2 + -0.096 theta omega^2 + -23.191 omega^3,3.6948777325e-01,-1.7003356291e-03,-4.7515639482e+00,-3.5377621360e-05,2.7608506217e-02,1.9167097417e+01,0.0000000000e+00,1.8028338115e-04,-9.6478179448e-02,-2.3191097278e+01
11671,2024-09-24 16:30:00,0.011112,0.289766,0.205046,0.239 1 + -0.001 theta + -2.163 omega + 0.015 theta omega + 13.616 omega^2 + -0.041 theta omega^2 + -19.067 omega^3,0.507 1 + -0.003 theta + -6.406 omega + 0.032 theta omega + 26.691 omega^2 + -0.074 theta omega^2 + -36.645 omega^3,5.0692647231e-01,-3.4448989301e-03,-6.4058092136e+00,0.0000000000e+00,3.2048683074e-02,2.6690553555e+01,0.0000000000e+00,0.0000000000e+00,-7.4242507086e-02,-3.6645016826e+01
11672,2024-09-24 16:35:00,0.028673,1.033324,0.730951,0.143 1 + 0.003 theta + -1.215 omega + -0.026 theta omega + 11.338 omega^2 + 0.063 theta omega^2 + -19.221 omega^3,0.382 1 + 0.005 theta + -5.352 omega + -0.039 theta omega + 24.612 omega^2 + 0.079 theta omega^2 + -37.060 omega^3,3.8152423880e-01,4.7184776941e-03,-5.3523773281e+00,0.0000000000e+00,-3.8770033023e-02,2.4611652023e+01,0.0000000000e+00,1.7007980297e-07,7.8589266340e-02,-3.7059883361e+01
11673,2024-09-24 16:40:00,0.030150,4.506453,3.186615,0.285 1 + 0.001 theta + -3.880 omega + -0.003 theta omega + 26.828 omega^2 + -0.021 theta omega^2 + -47.790 omega^3,0.561 1 + 0.003 theta + -9.607 omega + -0.005 theta omega + 52.815 omega^2 + -0.042 theta omega^2 + -94.051 omega^3,5.6130964081e-01,2.7063733169e-03,-9.6071281430e+00,-7.2391778604e-05,-5.2880947779e-03,5.2815281401e+01,0.0000000000e+00,3.6802080091e-04,-4.2463484295e-02,-9.4050966073e+01
11674,2024-09-24 16:45:00,nan,nan,nan,0.025 1 + 0.513 omega + 0.006 theta omega + 2.535 omega^2 + -0.036 theta omega^2 + -3.634 omega^3,-0.028 1 + 0.578 omega + -0.001 theta omega + -4.485 omega^2 + -0.004 theta omega^2 + 11.396 omega^3,-2.8256421610e-02,4.4420665088e-04,5.7752446275e-01,0.0000000000e+00,-5.0817024566e-04,-4.4845271836e+00,0.0000000000e+00,-1.6051491281e-05,-4.4803346808e-03,1.1396451456e+01
11675,2024-09-24 16:50:00,0.082729,10.757608,7.607002,-0.117 1 + 3.109 omega + -0.006 theta omega + -12.449 omega^2 + 0.037 theta omega^2 + 23.732 omega^3,0.171 1 + -0.009 theta + -1.635 omega + 0.077 theta omega + 3.196 omega^2 + -0.001 theta^2 omega + -0.143 theta omega^2 + 2.660 omega^3,1.7146862775e-01,-8.8882096373e-03,-1.6353890137e+00,8.9764232656e-05,7.7100414465e-02,3.1959229859e+00,0.0000000000e+00,-5.4249004091e-04,-1.4254530588e-01,2.6596272899e+00
11676,2024-09-24 16:55:00,0.013180,1.766013,1.248795,0.909 1 + 0.020 theta + -14.515 omega + -0.209 theta omega + 87.633 omega^2 + 0.550 theta omega^2 + -163.594 omega^3,1.821 1 + 0.039 theta + -31.098 omega + -0.419 theta omega + 175.652 omega^2 + -0.001 theta^2 omega + 1.105 theta omega^2 + -327.904 omega^3,1.8210265302e+00,3.9272238838e-02,-3.1098463564e+01,1.2925195368e-04,-4.1916214537e-01,1.7565189860e+02,0.0000000000e+00,-6.1520905704e-04,1.1054687559e+00,-3.2790389871e+02
11677,2024-09-24 17:00:00,nan,nan,nan,-1.047 1 + 0.004 theta + 17.382 omega + -0.045 theta omega + -85.332 omega^2 + 0.125 theta omega^2 + 147.940 omega^3,-2.219 1 + 0.008 theta + 34.789 omega + -0.091 theta omega + -181.602 omega^2 + 0.250 theta omega^2 + 315.604 omega^3,-2.2190887801e+00,8.2476550457e-03,3.4789323715e+01,1.2814761481e-05,-9.0724689191e-02,-1.8160186900e+02,0.0000000000e+00,-7.4121460734e-05,2.5025322296e-01,3.1560378151e+02
11678,2024-09-24 17:05:00,0.099279,3.930670,2.780290,0.066 1 + 0.002 theta + -0.088 omega + -0.018 theta omega + 5.538 omega^2 + 0.027 theta omega^2 + -8.511 omega^3,0.008 1 + 0.002 theta + -0.372 omega + -0.021 theta omega + 3.101 omega^2 + 0.052 theta omega^2 + -7.099 omega^3,8.0182115819e-03,2.1022752946e-03,-3.7212035956e-01,4.6603370406e-06,-2.0737292877e-02,3.1011893993e+00,0.0000000000e+00,-2.7386177919e-05,5.1631237622e-02,-7.0991688147e+00
11679,2024-09-24 17:10:00,0.012999,1.328454,0.939404,0.129 1 + -0.002 theta + -0.748 omega + 0.020 theta omega + 7.610 omega^2 + -0.051 theta omega^2 + -10.469 omega^3,0.255 1 + -0.004 theta + -3.461 omega + 0.041 theta omega + 15.055 omega^2 + -0.102 theta omega^2 + -20.650 omega^3,2.5544487862e-01,-4.0293002937e-03,-3.4610932170e+00,1.2415555486e-05,4.0925890754e-02,1.5055108986e+01,0.0000000000e+00,-7.4077408929e-05,-1.0197994117e-01,-2.0650448760e+01
11680,2024-09-24 17:15:00,nan,nan,nan,-0.088 1 + -0.003 theta + 3.237 omega + 0.049 theta omega + -18.362 omega^2 + -0.169 theta omega^2 + 48.894 omega^3,-0.259 1 + -0.010 theta + 6.828 omega + 0.163 theta omega + -59.333 omega^2 + 0.001 theta^2 omega + -0.666 theta omega^2 + 170.183 omega^3,-2.5857127573e-01,-9.9226861557e-03,6.8278951246e+00,-8.1157254275e-05,1.6322778833e-01,-5.9332720068e+01,0.0000000000e+00,6.0124528000e-04,-6.6645774464e-01,1.7018262203e+02
11681,2024-09-24 17:20:00,0.095178,14.513596,10.262883,0.005 1 + 0.904 omega + 0.003 theta omega + 0.291 omega^2 + -0.012 theta omega^2 + 0.590 omega^3,0.006 1 + -0.143 omega + 0.004 theta omega + 0.423 omega^2 + -0.023 theta omega^2 + 1.367 omega^3,5.9716540654e-03,-1.8136601194e-04,-1.4267986956e-01,7.1675722316e-07,4.0790260214e-03,4.2277334776e-01,0.0000000000e+00,-5.1677898726e-07,-2.2546685109e-02,1.3673677541e+00
11682,2024-09-24 17:25:00,0.062012,8.130946,5.749614,1.015 omega + -0.001 theta omega + 0.343 omega^2 + 0.033 theta omega^2 + -4.121 omega^3,-0.001 theta + 0.034 omega + -0.001 theta omega + 0.640 omega^2 + 0.065 theta omega^2 + -8.026 omega^3,2.5172563941e-04,-8.1517661198e-04,3.3601777249e-02,4.0694415847e-05,-1.2302636964e-03,6.3957045126e-01,2.5736415109e-07,-3.2714510586e-04,6.4756505919e-02,-8.0261582211e+00
11683,2024-09-24 17:30:00,0.053344,1.522265,1.077065,0.070 1 + -0.008 theta + 0.213 omega + 0.076 theta omega + 2.665 omega^2 + -0.002 theta^2 omega + -0.155 theta omega^2 + -2.804 omega^3,0.141 1 + -0.017 theta + -1.585 omega + 0.001 theta^2 + 0.154 theta omega + 5.393 omega^2 + -0.003 theta^2 omega + -0.314 theta omega^2 + -5.574 omega^3,1.4087776210e-01,-1.6770167512e-02,-1.5850924091e+00,6.0295575672e-04,1.5351842231e-01,5.3932066586e+00,-6.2025607766e-06,-3.4864296553e-03,-3.1375537395e-01,-5.5736876367e+00
11684,2024-09-24 17:35:00,0.166328,6852.335359,4845.332801,-0.029 1 + 0.005 theta + 1.522 omega + -0.119 theta omega + -1.468 omega^2 + -0.002 theta^2 omega + 0.533 theta omega^2 + -3.352 omega^3,-0.043 1 + 0.008 theta + 0.770 omega + -0.166 theta omega + -2.584 omega^2 + -0.002 theta^2 omega + 0.596 theta omega^2 + 2.374 omega^3,-4.2993073345e-02,7.9245777733e-03,7.7032143339e-01,4.9908800884e-04,-1.6594590339e-01,-2.5843368938e+00,0.0000000000e+00,-2.4108141784e-03,5.9570696098e-01,2.3736283775e+00
11685,2024-09-24 17:40:00,0.007133,0.155639,0.110169,-0.168 1 + 0.005 theta + 3.651 omega + -0.048 theta omega + -14.058 omega^2 + 0.128 theta omega^2 + 25.061 omega^3,-0.216 1 + 0.001 theta + 4.054 omega + -0.017 theta omega + -25.291 omega^2 + 0.054 theta omega^2 + 52.303 omega^3,-2.1595962129e-01,1.3235843425e-03,4.0535658725e+00,0.0000000000e+00,-1.6708997897e-02,-2.5291374537e+01,0.0000000000e+00,-3.3858796665e-06,5.4154297736e-02,5.2302940765e+01
11686,2024-09-24 17:45:00,nan,nan,nan,0.011 1 + 0.770 omega + -0.004 theta omega + 1.749 omega^2 + 0.041 theta omega^2 + -4.897 omega^3,-0.002 1 + -0.002 theta + 0.261 omega + 0.031 theta omega + -4.080 omega^2 + -0.128 theta omega^2 + 16.559 omega^3,-1.5713187398e-03,-1.8544941376e-03,2.6065441808e-01,-2.3347211310e-06,3.0613940447e-02,-4.0795972908e+00,0.0000000000e+00,4.4263548449e-05,-1.2756314911e-01,1.6559308016e+01
11687,2024-09-24 17:50:00,nan,nan,nan,-0.124 1 + 0.005 theta + 2.410 omega + -0.058 theta omega + -4.483 omega^2 + 0.159 theta omega^2 + 2.708 omega^3,-0.272 1 + 0.010 theta + 3.195 omega + -0.116 theta omega + -10.891 omega^2 + 0.320 theta omega^2 + 8.719 omega^3,-2.7227278087e-01,1.0331608298e-02,3.1950009231e+00,5.3889441912e-05,-1.1591204516e-01,-1.0891349435e+01,0.0000000000e+00,-2.6512292760e-04,3.1993446553e-01,8.7185091391e+00
11688,2024-09-24 17:55:00,0.037574,2.993925,2.117191,-0.002 1 + 0.866 omega + -0.004 theta omega + 1.564 omega^2 + 0.015 theta omega^2 + -4.235 omega^3,-0.015 1 + 0.001 theta + -0.225 omega + -0.013 theta omega + 3.348 omega^2 + 0.031 theta omega^2 + -9.000 omega^3,-1.5096094438e-02,1.2902974725e-03,-2.2464187344e-01,6.1297374706e-07,-1.3492164730e-02,3.3482178288e+00,0.0000000000e+00,1.5654783635e-05,3.0650790846e-02,-9.0000519698e+00
11689,2024-09-24 18:00:00,0.071206,3.767596,2.664568,0.110 1 + -0.006 theta + -0.068 omega + 0.045 theta omega + 2.850 omega^2 + -0.077 theta omega^2 + -1.561 omega^3,0.193 1 + -0.010 theta + -1.972 omega + 0.081 theta omega + 5.544 omega^2 + -0.001 theta^2 omega + -0.149 theta omega^2 + -3.427 omega^3,1.9271188004e-01,-9.6857594052e-03,-1.9715527232e+00,1.1593920684e-04,8.1078851598e-02,5.5442314983e+00,0.0000000000e+00,-6.5945734869e-04,-1.4916421781e-01,-3.4265880279e+00
11690,2024-09-24 18:05:00,0.077240,2.199622,1.556327,-0.004 1 + 0.994 omega + 0.002 theta omega + 0.189 omega^2 + 0.011 theta omega^2 + 0.629 omega^3,-0.002 1 + -0.001 theta + 0.026 omega + 0.003 theta omega + 0.021 omega^2 + 0.022 theta omega^2 + -0.840 omega^3,-1.7039418235e-03,-1.2197074431e-03,2.5509006799e-02,-1.3511544729e-04,3.1660312299e-03,2.0894411115e-02,-3.9054723453e-06,-1.5157144747e-05,2.1893792058e-02,-8.4049678695e-01
11691,2024-09-24 18:10:00,0.076562,6.244797,4.416070,-0.009 1 + -0.001 theta + 1.190 omega + -0.013 theta omega + -0.573 omega^2 + 0.050 theta omega^2 + -0.199 omega^3,-0.017 1 + -0.002 theta + 0.383 omega + -0.026 theta omega + -1.164 omega^2 + 0.101 theta omega^2 + -0.325 omega^3,-1.7358746556e-02,-2.1046778680e-03,3.8265160001e-01,3.6184834183e-04,-2.6027629858e-02,-1.1639686613e+00,-7.2555847929e-06,-3.7874085130e-04,1.0077217648e-01,-3.2525579074e-01
11692,2024-09-24 18:15:00,0.005010,0.084191,0.059637,-0.003 1 + 0.001 theta + 1.003 omega + -0.001 theta omega + 0.183 omega^2 + -0.013 theta omega^2 + -0.208 omega^3,-0.005 1 + 0.001 theta + 0.004 omega + -0.002 theta omega + 0.360 omega^2 + -0.029 theta omega^2 + -0.357 omega^3,-5.3503094391e-03,9.0056198448e-04,4.4665829463e-03,-4.3426135186e-05,-2.3343724891e-03,3.6047352640e-01,0.0000000000e+00,1.4396883521e-04,-2.8920051196e-02,-3.5687032039e-01
11693,2024-09-24 18:20:00,0.016122,1.294207,0.915214,0.002 1 + 0.978 omega + -0.089 omega^2 + 0.001 theta^2 omega + -0.050 theta omega^2 + 1.679 omega^3,0.001 1 + -0.018 omega + 0.001 theta omega + -0.040 omega^2 + -0.030 theta omega^2 + 1.519 omega^3,1.1970047029e-03,-1.1738795406e-04,-1.7793947093e-02,4.7690346287e-05,1.1911953347e-03,-4.0153914993e-02,0.0000000000e+00,-9.8529964406e-05,-3.0053137949e-02,1.5191171455e+00
11694,2024-09-24 18:25:00,0.042296,6.590851,4.660532,0.063 1 + 0.001 theta + -0.212 omega + -0.008 theta omega + 7.350 omega^2 + -0.003 theta omega^2 + -13.465 omega^3,0.149 1 + 0.003 theta + -2.881 omega + -0.034 theta omega + 18.083 omega^2 + 0.088 theta omega^2 + -36.174 omega^3,1.4918694959e-01,2.6997283931e-03,-2.8807332722e+00,2.1037464058e-05,-3.3792391992e-02,1.8082599492e+01,0.0000000000e+00,-5.1314832222e-05,8.7512647076e-02,-3.6174451548e+01
11695,2024-09-24 18:30:00,nan,nan,nan,0.019 1 + -0.004 theta + 1.367 omega + 0.043 theta omega + -5.317 omega^2 + -0.110 theta omega^2 + 15.019 omega^3,0.029 1 + -0.008 theta + 0.843 omega + 0.086 theta omega + -11.133 omega^2 + -0.219 theta omega^2 + 30.835 omega^3,2.9352967555e-02,-8.4411919381e-03,8.4254950213e-01,5.4269072035e-06,8.6335173946e-02,-1.1132983779e+01,0.0000000000e+00,-3.1435340410e-05,-2.1916709060e-01,3.0835163821e+01
11696,2024-09-24 18:35:00,0.028758,2.697672,1.907650,0.002 1 + 0.002 theta + 0.457 omega + -0.014 theta omega + 4.994 omega^2 + 0.029 theta omega^2 + -11.688 omega^3,-0.009 1 + 0.003 theta + -0.892 omega + -0.029 theta omega + 9.026 omega^2 + 0.062 theta omega^2 + -21.766 omega^3,-9.0052964949e-03,3.3734000850e-03,-8.9210822348e-01,-6.5674626756e-06,-2.9201772140e-02,9.0262263518e+00,0.0000000000e+00,3.3289337489e-05,6.1944371618e-02,-2.1766154669e+01
11697,2024-09-24 18:40:00,0.008538,0.338165,0.239195,-0.114 1 + 0.003 theta + 2.346 omega + -0.025 theta omega + -5.156 omega^2 + 0.046 theta omega^2 + 6.517 omega^3,-0.258 1 + 0.006 theta + 3.083 omega + -0.054 theta omega + -12.032 omega^2 + 0.102 theta omega^2 + 15.556 omega^3,-2.5793935485e-01,6.4932751420e-03,3.0829463247e+00,-4.6004246655e-05,-5.3881005488e-02,-1.2032357524e+01,0.0000000000e+00,2.4912122025e-04,1.0185797033e-01,1.5555878425e+01
11698,2024-09-24 18:45:00,0.008495,0.320397,0.226635,0.047 1 + -0.001 theta + 0.374 omega + 0.015 theta omega + 2.408 omega^2 + -0.046 theta omega^2 + -1.943 omega^3,0.103 1 + -0.003 theta + -1.324 omega + 0.031 theta omega + 4.800 omega^2 + -0.093 theta omega^2 + -3.342 omega^3,1.0282191707e-01,-2.5364932136e-03,-1.3237279695e+00,2.7054180615e-06,3.0907268701e-02,4.8000427571e+00,0.0000000000e+00,-3.1384497601e-05,-9.2503242277e-02,-3.3424589944e+00
11699,2024-09-24 18:50:00,0.048753,0.913753,0.647040,0.960 omega + -0.009 theta omega + 0.012 omega^2 + -0.033 theta omega^2 + 1.696 omega^3,-0.079 omega + -0.018 theta omega + 0.011 omega^2 + -0.001 theta^2 omega + -0.066 theta omega^2 + 3.320 omega^3,-2.1020930223e-04,3.0417098168e-06,-7.9016976423e-02,1.2433325892e-06,-1.7725970017e-02,1.1490451011e-02,0.0000000000e+00,-6.4010502666e-04,-6.5523062496e-02,3.3204926618e+00
11700,2024-09-24 18:55:00,nan,nan,nan,-0.001 theta + 1.019 omega + 0.012 theta omega + -0.304 omega^2 + -0.055 theta omega^2 + 1.550 omega^3,-0.004 1 + -0.002 theta + 0.187 omega + 0.044 theta omega + -2.220 omega^2 + 0.001 theta^2 omega + -0.178 theta omega^2 + 7.730 omega^3,-3.6756729193e-03,-2.3191631389e-03,1.8707800908e-01,-9.0694576203e-05,4.3923045443e-02,-2.2201653715e+00,0.0000000000e+00,5.1754201419e-04,-1.7809279309e-01,7.7297580203e+00
11701,2024-09-24 19:00:00,0.006698,0.227622,0.161022,-0.055 1 + 0.001 theta + 1.552 omega + -0.008 theta omega + -1.521 omega^2 + 0.020 theta omega^2 + 0.816 omega^3,-0.124 1 + 0.003 theta + 1.388 omega + -0.026 theta omega + -4.731 omega^2 + 0.054 theta omega^2 + 4.725 omega^3,-1.2411255370e-01,2.9144693908e-03,1.3877316684e+00,-1.4429418421e-05,-2.5872739115e-02,-4.7307451332e+00,0.0000000000e+00,7.6136565163e-05,5.4057778198e-02,4.7252114016e+00
11702,2024-09-24 19:05:00,0.016738,0.435955,0.308494,0.066 1 + -0.003 theta + -0.291 omega + 0.040 theta omega + 8.349 omega^2 + -0.134 theta omega^2 + -17.684 omega^3,0.084 1 + -0.004 theta + -1.773 omega + 0.053 theta omega + 12.063 omega^2 + -0.191 theta omega^2 + -26.554 omega^3,8.4292483424e-02,-3.6015727110e-03,-1.7729413551e+00,3.9085805474e-05,5.3363841852e-02,1.2063333208e+01,0.0000000000e+00,-3.4179327653e-04,-1.9144157939e-01,-2.6554469274e+01
11703,2024-09-24 19:10:00,0.240778,13.217763,9.347920,0.005 1 + 0.002 theta + 0.704 omega + -0.035 theta omega + 3.870 omega^2 + 0.104 theta omega^2 + -12.647 omega^3,0.007 1 + 0.005 theta + -0.584 omega + -0.095 theta omega + 8.597 omega^2 + -0.001 theta^2 omega + 0.384 theta omega^2 + -32.294 omega^3,6.8376955890e-03,5.3298840642e-03,-5.8438268538e-01,8.5889667913e-05,-9.5344720772e-02,8.5970846483e+00,0.0000000000e+00,-5.2887411320e-04,3.8430194805e-01,-3.2293804174e+01
11704,2024-09-24 19:15:00,nan,nan,nan,-0.291 1 + 0.004 theta + 4.740 omega + -0.044 theta omega + -15.019 omega^2 + 0.129 theta omega^2 + 17.930 omega^3,-0.590 1 + 0.007 theta + 7.607 omega + -0.088 theta omega + -30.710 omega^2 + 0.259 theta omega^2 + 37.059 omega^3,-5.8982270868e-01,7.2701104431e-03,7.6066919805e+00,4.7417055560e-05,-8.7827876899e-02,-3.0710476013e+01,0.0000000000e+00,-2.4118043053e-04,2.5857693486e-01,3.7058605522e+01
11705,2024-09-24 19:20:00,0.062626,7.139336,5.048467,0.129 1 + -0.002 theta + -0.571 omega + 0.014 theta omega + 6.272 omega^2 + -0.022 theta omega^2 + -8.151 omega^3,0.251 1 + -0.004 theta + -3.086 omega + 0.026 theta omega + 12.407 omega^2 + -0.038 theta omega^2 + -16.263 omega^3,2.5094285035e-01,-3.6446477085e-03,-3.0864161852e+00,3.8976364268e-05,2.5968208779e-02,1.2406908294e+01,0.0000000000e+00,-1.9943524799e-04,-3.7832668812e-02,-1.6262652554e+01
11706,2024-09-24 19:25:00,nan,nan,nan,0.101 1 + -0.005 theta + 0.147 omega + 0.032 theta omega + 1.920 omega^2 + -0.042 theta omega^2 + -0.589 omega^3,-0.158 1 + 0.003 theta + 2.242 omega + -0.031 theta omega + -10.428 omega^2 + 0.089 theta omega^2 + 15.818 omega^3,-1.5772193947e-01,2.6905489227e-03,2.2418786752e+00,-1.2149092712e-06,-3.1447622581e-02,-1.0427780822e+01,0.0000000000e+00,1.8930514431e-05,8.8673286407e-02,1.5817613271e+01
11707,2024-09-24 19:30:00,0.006428,0.900876,0.637031,0.549 1 + 0.013 theta + -10.999 omega + -0.171 theta omega + 86.732 omega^2 + 0.573 theta omega^2 + -207.591 omega^3,1.018 1 + 0.024 theta + -22.279 omega + -0.325 theta omega + 161.214 omega^2 + 1.092 theta omega^2 + -386.077 omega^3,1.0178639543e+00,2.4176508036e-02,-2.2278960337e+01,6.8239587781e-05,-3.2549462293e-01,1.6121401678e+02,0.0000000000e+00,-4.3233844231e-04,1.0924770463e+00,-3.8607705773e+02
11708,2024-09-24 19:35:00,3.200204,221.307131,156.504133,-0.020 1 + 0.001 theta + 1.163 omega + -0.009 theta omega + -0.026 omega^2 + 0.005 theta omega^2 + -0.991 omega^3,-0.038 1 + 0.002 theta + 0.304 omega + -0.017 theta omega + -0.016 omega^2 + 0.009 theta omega^2 + -1.853 omega^3,-3.7645064338e-02,2.3162137260e-03,3.0448610613e-01,-3.8589076379e-05,-1.6967609197e-02,-1.5508173004e-02,0.0000000000e+00,2.4675699118e-04,8.7930253283e-03,-1.8532866760e+00
11709,2024-09-24 19:40:00,nan,nan,nan,0.011 1 + 0.004 theta + 0.963 omega + 0.002 theta omega + -0.112 omega^2 + -0.040 theta omega^2 + 3.469 omega^3,0.023 1 + 0.007 theta + -0.052 omega + 0.001 theta^2 + 0.006 theta omega + -0.095 omega^2 + 0.001 theta^2 omega + -0.076 theta omega^2 + 7.318 omega^3,2.3352957148e-02,7.3911699201e-03,-5.2359093624e-02,5.6040313494e-04,6.2706526105e-03,-9.5158093723e-02,1.2329466967e-05,5.0915589477e-04,-7.6184068699e-02,7.3180949889e+00
11710,2024-09-24 19:45:00,nan,nan,nan,-0.003 theta + 1.002 omega + 0.002 theta^2 + -0.044 theta omega + 0.903 omega^2 + 0.012 theta^2 omega + -0.361 theta omega^2 + 8.863 omega^3,-0.006 theta + 0.006 omega + 0.004 theta^2 + -0.085 theta omega + 1.746 omega^2 + -0.001 theta^3 + 0.023 theta^2 omega + -0.720 theta omega^2 + 18.035 omega^3,6.5589519674e-05,-5.7332394006e-03,5.7278548096e-03,3.5094538299e-03,-8.5345444434e-02,1.7455010718e+00,-5.2176590957e-04,2.3364378619e-02,-7.2026000069e-01,1.8034856421e+01
11711,2024-09-24 19:50:00,nan,nan,nan,0.001 theta + 0.992 omega + 0.003 theta omega + -0.034 omega^2 + 0.001 theta^2 omega + -0.271 theta omega^2 + 1.298 omega^3,0.002 theta + -0.013 omega + 0.007 theta omega + -0.067 omega^2 + -0.001 theta^3 + 0.002 theta^2 omega + -0.556 theta omega^2 + 2.508 omega^3,1.3798720512e-04,1.7629880322e-03,-1.3285613158e-02,-1.4393702384e-04,6.5681588621e-03,-6.6789792647e-02,-8.0924774661e-04,2.3126501414e-03,-5.5600970942e-01,2.5083503062e+00
11712,2024-09-24 19:55:00,0.009320,0.254055,0.179765,0.001 1 + 0.989 omega + -0.005 theta omega + 0.544 omega^2 + 0.005 theta omega^2 + -1.884 omega^3,0.001 1 + -0.001 theta + 0.003 omega + 0.015 theta omega + 0.023 omega^2 + -0.095 theta omega^2 + 1.120 omega^3,1.3146184109e-03,-8.5793736516e-04,2.9369271410e-03,0.0000000000e+00,1.4722254972e-02,2.2828459659e-02,0.0000000000e+00,8.7491755862e-05,-9.5272721696e-02,1.1202535886e+00
11713,2024-09-24 20:00:00,nan,nan,nan,-0.002 theta + 1.001 omega + -0.001 theta^2 + 0.008 theta omega + -0.090 omega^2 + 0.001 theta^2 omega + -0.123 theta omega^2 + 4.293 omega^3,0.001 1 + -0.004 theta + 0.002 omega + -0.002 theta^2 + 0.015 theta omega + -0.176 omega^2 + 0.002 theta^2 omega + -0.240 theta omega^2 + 8.470 omega^3,7.2582032003e-04,-3.5037123486e-03,2.0931584865e-03,-1.6824293118e-03,1.5362671920e-02,-1.7553600976e-01,-1.4781860171e-04,1.6831322709e-03,-2.4005348642e-01,8.4697517848e+00
11714,2024-09-24 20:05:00,0.149097,21.957606,15.526730,-0.003 1 + 0.002 theta + 0.892 omega + -0.018 theta omega + 1.498 omega^2 + -0.003 theta omega^2 + -2.130 omega^3,-0.010 1 + 0.004 theta + -0.130 omega + -0.032 theta omega + 2.470 omega^2 + 0.001 theta^2 omega + 0.008 theta omega^2 + -4.481 omega^3,-9.7787339160e-03,3.6415882889e-03,-1.2973327049e-01,-8.0786564946e-05,-3.1771186087e-02,2.4702232381e+00,0.0000000000e+00,6.6283110002e-04,7.5276750867e-03,-4.4814518284e+00
11715,2024-09-24 20:10:00,0.071590,2.069911,1.464523,-0.001 1 + -0.002 theta + 0.991 omega + -0.001 theta^2 + -0.007 theta omega + -0.344 omega^2 + -0.001 theta^2 omega + -0.089 theta omega^2 + -0.740 omega^3,-0.002 1 + -0.004 theta + -0.020 omega + -0.002 theta^2 + -0.016 theta omega + -0.741 omega^2 + -0.002 theta^2 omega + -0.186 theta omega^2 + -1.651 omega^3,-1.9356936227e-03,-4.2083136922e-03,-1.9916581063e-02,-1.6555187213e-03,-1.5924584759e-02,-7.4125568080e-01,-1.4893372273e-04,-1.6211989356e-03,-1.8559280979e-01,-1.6511966438e+00
11716,2024-09-24 20:15:00,0.009717,0.482302,0.341108,0.001 1 + 1.038 omega + 0.001 theta omega + -0.651 omega^2 + -0.040 theta omega^2 + 3.238 omega^3,0.002 1 + -0.002 theta + 0.072 omega + 0.020 theta omega + -0.703 omega^2 + -0.057 theta omega^2 + 1.615 omega^3,1.6374994105e-03,-1.9508021732e-03,7.1604194194e-02,3.5489703464e-05,1.9936616998e-02,-7.0255334852e-01,0.0000000000e+00,-1.9619376364e-04,-5.7033507672e-02,1.6146652608e+00
11717,2024-09-24 20:20:00,0.044741,5.571329,3.939651,0.028 1 + 0.484 omega + -0.008 theta omega + 3.641 omega^2 + 0.052 theta omega^2 + -9.268 omega^3,0.056 1 + -1.033 omega + -0.015 theta omega + 7.237 omega^2 + 0.102 theta omega^2 + -18.342 omega^3,5.6072990276e-02,-2.9090177604e-04,-1.0328103816e+00,7.0112169033e-05,-1.5455511493e-02,7.2371535083e+00,0.0000000000e+00,-4.1137485549e-04,1.0180764216e-01,-1.8341561659e+01
11718,2024-09-24 20:25:00,0.014747,2.204714,1.559003,0.209 1 + -0.004 theta + -2.015 omega + 0.039 theta omega + 14.164 omega^2 + -0.101 theta omega^2 + -21.632 omega^3,0.417 1 + -0.007 theta + -6.004 omega + 0.078 theta omega + 28.186 omega^2 + -0.203 theta omega^2 + -42.979 omega^3,4.1731517878e-01,-7.3343449679e-03,-6.0044666725e+00,2.0568048702e-05,7.7562558637e-02,2.8186006001e+01,0.0000000000e+00,-1.2056969272e-04,-2.0250132731e-01,-4.2979054147e+01
11719,2024-09-24 20:30:00,nan,nan,nan,-0.013 1 + 1.230 omega + 0.002 theta omega + -1.181 omega^2 + 0.008 theta omega^2 + 1.550 omega^3,-0.052 1 + -0.001 theta + 0.843 omega + -4.121 omega^2 + 0.027 theta omega^2 + 5.575 omega^3,-5.1939383537e-02,-7.3069109603e-04,8.4319359232e-01,3.0799671813e-05,3.5913263055e-04,-4.1213295774e+00,0.0000000000e+00,-2.0155603716e-04,2.6713249072e-02,5.5749701933e+00
11720,2024-09-24 20:35:00,0.040585,2.422089,1.712916,0.003 1 + -0.001 theta + 0.930 omega + 0.002 theta omega + 0.621 omega^2 + -0.008 theta omega^2 + -1.302 omega^3,0.004 1 + -0.111 omega + 1.060 omega^2 + 0.017 theta omega^2 + -3.815 omega^3,4.2025590805e-03,-1.6008570207e-04,-1.1088852583e-01,1.0294787149e-05,3.9517070805e-04,1.0595224786e+00,0.0000000000e+00,-1.2207779998e-04,1.6739868028e-02,-3.8150926596e+00
11721,2024-09-24 20:40:00,0.006633,0.253577,0.179368,0.019 1 + 0.001 theta + 0.541 omega + -0.006 theta omega + 2.720 omega^2 + 0.001 theta^2 omega + -0.071 theta omega^2 + -0.215 omega^3,0.012 1 + -0.280 omega + 1.871 omega^2 + -0.024 theta omega^2 + -3.045 omega^3,1.1914303160e-02,3.9068313362e-04,-2.7977450351e-01,-2.4643712353e-05,4.7763931298e-04,1.8707353813e+00,0.0000000000e+00,1.6574041537e-04,-2.4232208650e-02,-3.0446532195e+00
11722,2024-09-24 20:45:00,0.066022,1.858161,1.314747,0.002 1 + -0.001 theta + 1.004 omega + -0.008 theta omega + -0.051 omega^2 + 0.001 theta^2 omega + -0.001 theta omega^2 + 0.513 omega^3,0.003 1 + -0.002 theta + 0.008 omega + 0.001 theta^2 + -0.017 theta omega + -0.088 omega^2 + 0.002 theta^2 omega + -0.004 theta omega^2 + 1.024 omega^3,3.0831714631e-03,-2.3118204119e-03,8.4781753857e-03,6.6573940986e-04,-1.6934604074e-02,-8.7616415785e-02,-5.8690942490e-05,2.3270858535e-03,-4.0311929836e-03,1.0240208385e+00
11723,2024-09-24 20:50:00,0.180152,3.436637,2.433406,-0.019 1 + -0.003 theta + 0.833 omega + -0.019 theta omega + -0.369 omega^2 + -0.030 theta omega^2 + 0.099 omega^3,-0.037 1 + -0.006 theta + -0.339 omega + -0.039 theta omega + -0.765 omega^2 + -0.001 theta^2 omega + -0.062 theta omega^2 + 0.198 omega^3,-3.6992927966e-02,-6.3329889385e-03,-3.3881806302e-01,-3.8140150686e-04,-3.8820422679e-02,-7.6451350036e-01,-9.0465348808e-06,-9.4922263781e-04,-6.2052014059e-02,1.9843887684e-01
11724,2024-09-24 20:55:00,0.092741,9.330335,6.597869,-0.003 1 + -0.001 theta + 0.932 omega + -0.027 theta omega + 0.122 omega^2 + -0.002 theta^2 omega + -0.003 theta omega^2 + 1.399 omega^3,-0.006 1 + -0.001 theta + -0.130 omega + -0.051 theta omega + 0.173 omega^2 + -0.004 theta^2 omega + -0.034 theta omega^2 + 3.381 omega^3,-5.5452019639e-03,-1.4010570518e-03,-1.2957992681e-01,1.0980581631e-04,-5.0705857903e-02,1.7338806307e-01,3.0268808316e-05,-4.2820055707e-03,-3.3720240985e-02,3.3814293597e+00
11725,2024-09-24 21:00:00,0.012792,0.248078,0.175650,0.002 1 + 0.950 omega + -0.007 theta omega + -0.382 omega^2 + -0.040 theta omega^2 + -0.440 omega^3,0.004 1 + -0.001 theta + -0.097 omega + -0.012 theta omega + -0.685 omega^2 + -0.071 theta omega^2 + -0.545 omega^3,3.7236014317e-03,-6.7457165524e-04,-9.6669489145e-02,-2.9423817897e-04,-1.2340589336e-02,-6.8532411611e-01,-1.8554848017e-05,-2.6190182259e-04,-7.1446449768e-02,-5.4524393142e-01
11726,2024-09-24 21:05:00,0.046653,0.994105,0.703712,-0.001 1 + 0.001 theta + 0.999 omega + 0.001 theta^2 + 0.002 theta omega + 0.127 omega^2 + 0.003 theta^2 omega + -0.130 theta omega^2 + -0.060 omega^3,-0.002 1 + 0.001 theta + -0.002 omega + 0.001 theta^2 + 0.005 theta omega + 0.276 omega^2 + -0.001 theta^3 + 0.007 theta^2 omega + -0.264 theta omega^2 + 0.083 omega^3,-1.8993547224e-03,1.0860627298e-03,-1.8178462841e-03,1.2177638857e-03,4.5355881072e-03,2.7629537983e-01,-9.1977207407e-04,7.4214737952e-03,-2.6421761382e-01,8.3226246468e-02
11727,2024-09-24 21:10:00,0.025926,0.697836,0.493785,-0.008 1 + -0.005 theta + 0.959 omega + -0.001 theta^2 + -0.029 theta omega + -0.180 omega^2 + -0.004 theta^2 omega + -0.033 theta omega^2 + -3.718 omega^3,-0.016 1 + -0.011 theta + -0.086 omega + -0.002 theta^2 + -0.059 theta omega + -0.370 omega^2 + -0.008 theta^2 omega + -0.060 theta omega^2 + -7.402 omega^3,-1.5784987328e-02,-1.0832714901e-02,-8.5583394186e-02,-2.3737424695e-03,-5.9225122514e-02,-3.6996249493e-01,-1.7580432091e-04,-7.7924932144e-03,-6.0420922970e-02,-7.4019880926e+00
11728,2024-09-24 21:15:00,nan,nan,nan,-0.005 1 + -0.002 theta + 0.860 omega + -0.049 theta omega + -0.635 omega^2 + -0.003 theta^2 omega + -0.232 theta omega^2 + 5.190 omega^3,-0.009 1 + -0.003 theta + -0.279 omega + -0.098 theta omega + -1.249 omega^2 + -0.006 theta^2 omega + -0.477 theta omega^2 + 11.293 omega^3,-9.2540462577e-03,-3.4778029828e-03,-2.7869309647e-01,-1.7202259809e-04,-9.8075778064e-02,-1.2493897674e+00,1.6576955148e-05,-5.8811903731e-03,-4.7749135310e-01,1.1293415071e+01
11729,2024-09-24 21:20:00,0.020415,0.688132,0.486797,0.001 1 + 0.003 theta + 1.051 omega + 0.006 theta omega + 0.568 omega^2 + 0.052 theta omega^2 + -0.335 omega^3,0.003 1 + 0.007 theta + 0.101 omega + 0.001 theta^2 + 0.011 theta omega + 1.112 omega^2 + 0.103 theta omega^2 + -0.742 omega^3,3.0581528344e-03,6.8427573226e-03,1.0112293292e-01,8.9082843594e-04,1.1320404232e-02,1.1121639332e+00,2.7224039857e-05,2.7178994450e-04,1.0257535339e-01,-7.4181369555e-01
11730,2024-09-24 21:25:00,nan,nan,nan,0.024 1 + 0.002 theta + 1.306 omega + 0.024 theta omega + 1.314 omega^2 + 0.034 theta omega^2 + 2.543 omega^3,0.049 1 + 0.005 theta + 0.635 omega + 0.050 theta omega + 2.743 omega^2 + 0.001 theta^2 omega + 0.072 theta omega^2 + 5.250 omega^3,4.9194880916e-02,5.2119991193e-03,6.3451904878e-01,1.1503378174e-04,4.9525914952e-02,2.7431511010e+00,0.0000000000e+00,9.0146129396e-04,7.2310161655e-02,5.2502442874e+00
11731,2024-09-24 21:30:00,nan,nan,nan,-0.009 1 + 0.004 theta + 1.032 omega + -0.023 theta omega + -0.107 omega^2 + 0.002 theta^2 omega + -0.019 theta omega^2 + 3.691 omega^3,-0.017 1 + 0.008 theta + 0.067 omega + -0.001 theta^2 + -0.046 theta omega + -0.219 omega^2 + 0.003 theta^2 omega + -0.034 theta omega^2 + 7.387 omega^3,-1.7262446240e-02,8.2854693269e-03,6.7424907230e-02,-8.4928485563e-04,-4.5858255001e-02,-2.1932520833e-01,2.3485442379e-05,3.2266774276e-03,-3.3861350314e-02,7.3870445111e+00
11732,2024-09-24 21:35:00,0.083193,2.546946,1.801923,-0.003 1 + 0.001 theta + 1.017 omega + 0.001 theta^2 + 0.010 theta omega + 0.266 omega^2 + 0.001 theta^2 omega + 0.065 theta omega^2 + -0.261 omega^3,-0.005 1 + 0.002 theta + 0.034 omega + 0.001 theta^2 + 0.020 theta omega + 0.531 omega^2 + 0.003 theta^2 omega + 0.129 theta omega^2 + -0.567 omega^3,-5.0483636293e-03,2.1258197666e-03,3.4130552309e-02,1.3259784300e-03,2.0131598861e-02,5.3130936660e-01,1.1487159246e-04,2.9366478134e-03,1.2880400750e-01,-5.6729691047e-01
11733,2024-09-24 21:40:00,0.057825,1.415698,1.001885,-0.004 1 + 0.001 theta + 1.072 omega + -0.023 theta omega + -0.370 omega^2 + 0.001 theta^2 omega + 0.034 theta omega^2 + 1.625 omega^3,-0.008 1 + 0.002 theta + 0.146 omega + -0.047 theta omega + -0.765 omega^2 + 0.003 theta^2 omega + 0.071 theta omega^2 + 3.427 omega^3,-7.7619241125e-03,1.9204249184e-03,1.4601457586e-01,2.1943797483e-05,-4.6554255926e-02,-7.6498447279e-01,-1.3239263858e-05,2.9378705430e-03,7.0574157881e-02,3.4269854847e+00
11734,2024-09-24 21:45:00,nan,nan,nan,-0.003 1 + -0.001 theta + 1.070 omega + -0.024 theta omega + 0.383 omega^2 + 0.002 theta^2 omega + -0.047 theta omega^2 + 0.540 omega^3,-0.006 1 + -0.003 theta + 0.141 omega + 0.001 theta^2 + -0.048 theta omega + 0.764 omega^2 + 0.003 theta^2 omega + -0.093 theta omega^2 + 1.080 omega^3,-6.1621354888e-03,-2.5599587841e-03,1.4051625522e-01,8.3353061105e-04,-4.8089761053e-02,7.6445271283e-01,-5.2292324344e-05,3.4846415963e-03,-9.3316457626e-02,1.0797099425e+00
11735,2024-09-24 21:50:00,0.854464,47.034928,33.264204,0.031 1 + 0.009 theta + 1.035 omega + 0.001 theta^2 + 0.027 theta omega + -1.632 omega^2 + 0.002 theta^2 omega + -0.126 theta omega^2 + -3.384 omega^3,0.066 1 + 0.018 theta + 0.107 omega + 0.001 theta^2 + 0.061 theta omega + -3.180 omega^2 + 0.005 theta^2 omega + -0.244 theta omega^2 + -6.779 omega^3,6.5507940637e-02,1.7883168269e-02,1.0702020234e-01,1.4105608902e-03,6.1037116476e-02,-3.1801209219e+00,2.6482839988e-05,5.2283001830e-03,-2.4356869668e-01,-6.7785170741e+00
11736,2024-09-24 21:55:00,0.164019,8.455399,5.979995,0.001 1 + -0.001 theta + 0.997 omega + 0.005 theta omega + -0.062 omega^2 + -0.001 theta^2 omega + 0.038 theta omega^2 + 0.085 omega^3,0.003 1 + -0.001 theta + -0.003 omega + 0.010 theta omega + -0.131 omega^2 + -0.001 theta^2 omega + 0.076 theta omega^2 + 0.045 omega^3,2.5963351556e-03,-1.1916013544e-03,-2.6154668489e-03,-3.3000291204e-04,9.9643441629e-03,-1.3097177720e-01,-5.8522580904e-06,-1.1193664487e-03,7.5781989121e-02,4.5221238767e-02
11737,2024-09-24 22:00:00,0.118941,6.978603,4.935334,-0.036 1 + -0.008 theta + 0.906 omega + -0.001 theta^2 + -0.022 theta omega + 0.198 omega^2 + -0.001 theta^2 omega + 0.036 theta omega^2 + -1.424 omega^3,-0.072 1 + -0.016 theta + -0.185 omega + -0.001 theta^2 + -0.043 theta omega + 0.406 omega^2 + -0.002 theta^2 omega + 0.074 theta omega^2 + -2.796 omega^3,-7.2263878420e-02,-1.6430537237e-02,-1.8511737495e-01,-1.0794608461e-03,-4.2541287557e-02,4.0589334626e-01,-2.2042170291e-05,-1.9512402517e-03,7.3500410049e-02,-2.7956083043e+00
11738,2024-09-24 22:05:00,nan,nan,nan,0.063 1 + 0.005 theta + 1.578 omega + 0.038 theta omega + 1.458 omega^2 + 0.001 theta^2 omega + 0.051 theta omega^2 + 0.987 omega^3,0.122 1 + 0.010 theta + 1.090 omega + 0.073 theta omega + 2.627 omega^2 + 0.001 theta^2 omega + 0.095 theta omega^2 + 1.576 omega^3,1.2201793825e-01,1.0271087052e-02,1.0896593149e+00,2.4763361030e-04,7.2879923957e-02,2.6267878803e+00,1.3407405676e-06,1.1791979106e-03,9.4732947220e-02,1.5755990668e+00
11739,2024-09-24 22:10:00,0.090661,2.326585,1.646392,1.006 omega + -0.001 theta omega + -0.078 omega^2 + 0.001 theta^2 omega + -0.014 theta omega^2 + -0.799 omega^3,0.013 omega + -0.001 theta omega + -0.142 omega^2 + 0.001 theta^2 omega + -0.025 theta omega^2 + -1.574 omega^3,-1.7689359372e-05,8.1333015423e-05,1.2591835346e-02,3.4221507604e-04,-7.3298216436e-04,-1.4166095959e-01,-9.3967958623e-05,1.2687850217e-03,-2.5251964334e-02,-1.5743973999e+00
11740,2024-09-24 22:15:00,0.012956,0.364216,0.257702,-0.007 1 + -0.003 theta + 0.904 omega + -0.023 theta omega + -0.355 omega^2 + -0.001 theta^2 omega + -0.037 theta omega^2 + -0.114 omega^3,-0.014 1 + -0.006 theta + -0.189 omega + -0.001 theta^2 + -0.044 theta omega + -0.692 omega^2 + -0.002 theta^2 omega + -0.072 theta omega^2 + -0.105 omega^3,-1.4416533804e-02,-5.7621907744e-03,-1.8890514878e-01,-6.3766400158e-04,-4.3934085396e-02,-6.9164838897e-01,-2.2220207967e-05,-2.4197966760e-03,-7.2218357991e-02,-1.0469050644e-01
11741,2024-09-24 22:20:00,nan,nan,nan,0.012 1 + 0.001 theta + 1.196 omega + 0.032 theta omega + 0.544 omega^2 + 0.001 theta^2 omega + 0.035 theta omega^2 + 1.550 omega^3,0.025 1 + 0.003 theta + 0.400 omega + 0.065 theta omega + 1.113 omega^2 + 0.002 theta^2 omega + 0.072 theta omega^2 + 3.223 omega^3,2.4576632011e-02,3.0825837649e-03,4.0048925749e-01,-5.0970789039e-05,6.5098487808e-02,1.1132825397e+00,-9.5789150800e-06,2.3948307460e-03,7.1563532488e-02,3.2234134487e+00
11742,2024-09-24 22:25:00,0.044842,1.444336,1.021792,0.001 1 + -0.001 theta + 1.022 omega + -0.006 theta omega + -0.024 omega^2 + 0.001 theta omega^2 + -2.039 omega^3,0.002 1 + -0.001 theta + 0.044 omega + -0.012 theta omega + -0.050 omega^2 + -0.001 theta^2 omega + -4.015 omega^3,1.8864723369e-03,-1.3324909576e-03,4.4242004572e-02,-4.2732917762e-04,-1.1556635374e-02,-5.0208782654e-02,-2.3844954721e-05,-9.4371048655e-04,3.7954946204e-04,-4.0147897487e+00
11743,2024-09-24 22:30:00,0.037257,1.904895,1.347221,-0.001 1 + 0.001 theta + 0.993 omega + 0.004 theta omega + -0.010 omega^2 + -0.002 theta omega^2 + -0.024 omega^3,-0.001 1 + 0.002 theta + -0.015 omega + 0.008 theta omega + -0.034 omega^2 + -0.001 theta^2 omega + -0.001 theta omega^2 + -0.092 omega^3,-1.0038408028e-03,1.7708774885e-03,-1.4735944607e-02,-1.9832164170e-04,8.4900819215e-03,-3.4315051699e-02,-5.6811725506e-06,-7.7174126014e-04,-8.8876688631e-04,-9.1641205429e-02
11744,2024-09-24 22:35:00,0.183354,5.990806,4.238123,-0.005 1 + 1.029 omega + 0.004 theta omega + 0.277 omega^2 + -0.043 theta omega^2 + -1.749 omega^3,-0.010 1 + -0.001 theta + 0.058 omega + 0.009 theta omega + 0.565 omega^2 + -0.087 theta omega^2 + -3.503 omega^3,-9.7489936438e-03,-8.3481477304e-04,5.8099961732e-02,2.5950295323e-04,9.0097473205e-03,5.6526291003e-01,-1.4445889969e-05,2.1368709520e-04,-8.7237295134e-02,-3.5027812343e+00
11745,2024-09-24 22:40:00,0.075446,5.155895,3.646158,0.001 1 + 0.983 omega + 0.009 theta omega + 0.298 omega^2 + -0.001 theta^2 omega + 0.006 theta omega^2 + -1.745 omega^3,0.001 1 + -0.001 theta + -0.030 omega + 0.017 theta omega + 0.588 omega^2 + -0.002 theta^2 omega + 0.015 theta omega^2 + -3.567 omega^3,1.0656957290e-03,-6.3726085372e-04,-3.0445288264e-02,4.4520449282e-05,1.7027174740e-02,5.8785986626e-01,1.5714889184e-06,-1.8627123982e-03,1.5164103610e-02,-3.5666234189e+00
11746,2024-09-24 22:45:00,0.114266,5.475201,3.872395,-0.002 1 + -0.001 theta + 0.997 omega + -0.004 theta omega + 0.118 omega^2 + -0.001 theta^2 omega + 0.029 theta omega^2 + 0.076 omega^3,-0.004 1 + -0.001 theta + -0.004 omega + -0.008 theta omega + 0.244 omega^2 + -0.001 theta^2 omega + 0.062 theta omega^2 + 0.016 omega^3,-3.5474322990e-03,-1.2452011193e-03,-4.3860503912e-03,3.7382990274e-04,-8.4685976820e-03,2.4372225714e-01,-7.7571853176e-06,-1.2190942353e-03,6.1909242703e-02,1.5573653950e-02
11747,2024-09-24 22:50:00,nan,nan,nan,-0.021 1 + -0.001 theta + 1.524 omega + 0.010 theta omega + -3.880 omega^2 + -0.016 theta omega^2 + 8.872 omega^3,-0.040 1 + -0.002 theta + 0.992 omega + 0.019 theta omega + -7.245 omega^2 + -0.026 theta omega^2 + 16.351 omega^3,-3.9921566886e-02,-2.4363432685e-03,9.9212651240e-01,4.2892613835e-05,1.8881740571e-02,-7.2451028905e+00,0.0000000000e+00,-2.4920000631e-04,-2.5768458157e-02,1.6350682398e+01
11748,2024-09-24 22:55:00,0.016946,0.656063,0.464062,0.061 1 + -0.008 theta + 0.087 omega + 0.079 theta omega + 4.449 omega^2 + -0.002 theta^2 omega + -0.195 theta omega^2 + -7.191 omega^3,0.062 1 + -0.007 theta + -1.318 omega + 0.101 theta omega + 9.076 omega^2 + -0.002 theta^2 omega + -0.361 theta omega^2 + -20.452 omega^3,6.2241390757e-02,-6.6825990207e-03,-1.3184358973e+00,1.8026575622e-04,1.0060814457e-01,9.0758637594e+00,0.0000000000e+00,-1.7316384625e-03,-3.6068868017e-01,-2.0452037025e+01
11749,2024-09-24 23:00:00,0.061256,1.984137,1.403665,-0.022 1 + 0.002 theta + 0.430 omega + 0.027 theta omega + -4.392 omega^2 + 0.053 theta omega^2 + -9.278 omega^3,-0.040 1 + 0.003 theta + -0.970 omega + 0.032 theta omega + -7.300 omega^2 + 0.084 theta omega^2 + -17.081 omega^3,-3.9879811685e-02,2.9581003454e-03,-9.7019683229e-01,1.0327271528e-05,3.2045583468e-02,-7.2996330260e+00,0.0000000000e+00,5.7461789408e-05,8.4453707829e-02,-1.7081005431e+01
11750,2024-09-24 23:05:00,0.018976,1.398308,0.988844,-0.082 1 + -0.364 omega + -0.003 theta omega + -7.543 omega^2 + -0.010 theta omega^2 + -13.797 omega^3,-0.149 1 + -0.001 theta + -2.523 omega + -0.009 theta omega + -14.047 omega^2 + -0.027 theta omega^2 + -25.744 omega^3,-1.4924910547e-01,-6.8122939621e-04,-2.5227413664e+00,0.0000000000e+00,-8.5606699786e-03,-1.4046821048e+01,0.0000000000e+00,0.0000000000e+00,-2.6735144015e-02,-2.5743571808e+01
11751,2024-09-24 23:10:00,nan,nan,nan,0.942 omega + -0.017 theta omega + 0.085 omega^2 + -0.126 theta omega^2 + 4.598 omega^3,0.001 theta + -0.118 omega + -0.033 theta omega + 0.077 omega^2 + 0.001 theta^2 omega + -0.241 theta omega^2 + 8.618 omega^3,1.0490082354e-04,7.0632828216e-04,-1.1751792966e-01,1.8948279174e-04,-3.3147614365e-02,7.7475781982e-02,3.1909486981e-06,5.5550886630e-04,-2.4113915794e-01,8.6181415793e+00
11752,2024-09-24 23:15:00,0.027417,0.842178,0.595826,0.002 1 + -0.001 theta + 0.986 omega + 0.005 theta omega + -0.058 omega^2 + 0.029 theta omega^2 + -0.342 omega^3,0.004 1 + -0.002 theta + -0.020 omega + 0.001 theta^2 + 0.007 theta omega + -0.161 omega^2 + -0.001 theta^2 omega + 0.064 theta omega^2 + -0.557 omega^3,3.7740013629e-03,-2.0680261444e-03,-1.9900576002e-02,5.6123938155e-04,6.9284110677e-03,-1.6134708928e-01,-6.2349228106e-05,-5.8450687294e-04,6.4417192875e-02,-5.5687348084e-01
11753,2024-09-24 23:20:00,0.096965,4.762132,3.368034,0.001 1 + -0.001 theta + 1.025 omega + -0.001 theta omega + 0.037 omega^2 + -0.001 theta^2 omega + 0.072 theta omega^2 + -2.372 omega^3,0.002 1 + -0.002 theta + 0.051 omega + -0.003 theta omega + 0.060 omega^2 + -0.002 theta^2 omega + 0.144 theta omega^2 + -4.659 omega^3,1.8983051259e-03,-1.6724583377e-03,5.1061541371e-02,-6.9722143635e-05,-3.0260089363e-03,6.0291420720e-02,3.4818343327e-05,-1.8934237236e-03,1.4365936090e-01,-4.6586550976e+00
11754,2024-09-24 23:25:00,nan,nan,nan,0.019 1 + -0.003 theta + 0.765 omega + 0.036 theta omega + 0.044 omega^2 + -0.001 theta^2 omega + -0.070 theta omega^2 + 4.503 omega^3,0.035 1 + -0.007 theta + -0.448 omega + 0.069 theta omega + 0.042 omega^2 + -0.002 theta^2 omega + -0.139 theta omega^2 + 9.012 omega^3,3.4753194337e-02,-6.5339799114e-03,-4.4817139400e-01,3.4466720217e-04,6.8696883876e-02,4.2170569165e-02,-4.6500150453e-06,-1.9304371262e-03,-1.3879750375e-01,9.0117728217e+00
11755,2024-09-24 23:30:00,0.578441,44.015191,31.126128,-0.002 1 + 0.003 theta + 0.844 omega + -0.001 theta^2 + -0.006 theta omega + 3.083 omega^2 + 0.019 theta^2 omega + -0.849 theta omega^2 + -5.796 omega^3,-0.004 1 + 0.006 theta + -0.301 omega + -0.001 theta^2 + -0.013 theta omega + 6.057 omega^2 + 0.039 theta^2 omega + -1.684 theta omega^2 + -11.316 omega^3,-4.2329487692e-03,6.1987354785e-03,-3.0134045627e-01,-1.0385705759e-03,-1.2870001538e-02,6.0565631798e+00,-1.9146594493e-04,3.8761981462e-02,-1.6844301454e+00,-1.1316036635e+01
11756,2024-09-24 23:35:00,nan,nan,nan,0.332 1 + -0.015 theta + -3.151 omega + 0.125 theta omega + 16.999 omega^2 + -0.001 theta^2 omega + -0.250 theta omega^2 + -22.708 omega^3,-0.327 1 + 0.010 theta + 5.333 omega + -0.112 theta omega + -28.808 omega^2 + 0.001 theta^2 omega + 0.309 theta omega^2 + 51.485 omega^3,-3.2745115810e-01,9.9723270374e-03,5.3334700768e+00,-7.9305808993e-05,-1.1209780673e-01,-2.8808406741e+01,0.0000000000e+00,5.1866610406e-04,3.0884758214e-01,5.1485174236e+01
11757,2024-09-24 23:40:00,0.084447,5.719733,4.044902,0.005 1 + -0.004 theta + 0.932 omega + 0.001 theta^2 + 0.036 theta omega + 0.062 omega^2 + -0.004 theta^2 omega + 0.046 theta omega^2 + -1.251 omega^3,0.011 1 + -0.007 theta + -0.135 omega + 0.001 theta^2 + 0.072 theta omega + 0.102 omega^2 + -0.008 theta^2 omega + 0.097 theta omega^2 + -2.301 omega^3,1.0568905018e-02,-7.0193702524e-03,-1.3538753276e-01,1.1198704588e-03,7.2024098761e-02,1.0245827287e-01,-5.0306496065e-05,-7.7840002960e-03,9.6709291087e-02,-2.3008183923e+00
11758,2024-09-24 23:45:00,nan,nan,nan,-0.003 1 + -0.001 theta + 0.957 omega + -0.016 theta omega + -0.245 omega^2 + 0.001 theta^2 omega + -0.083 theta omega^2 + 0.395 omega^3,-0.005 1 + -0.002 theta + -0.084 omega + -0.031 theta omega + -0.478 omega^2 + 0.001 theta^2 omega + -0.168 theta omega^2 + 0.849 omega^3,-5.4847189508e-03,-1.9793310014e-03,-8.4261946039e-02,1.2240588339e-04,-3.0673589087e-02,-4.7757473596e-01,-2.6649277979e-06,1.3446471063e-03,-1.6764259327e-01,8.4887282421e-01
11759,2024-09-24 23:50:00,0.402433,42.345886,29.944416,0.023 1 + 0.007 theta + 1.004 omega + 0.001 theta^2 + 0.006 theta omega + -1.272 omega^2 + 0.001 theta^2 omega + -0.231 theta omega^2 + -1.359 omega^3,0.046 1 + 0.014 theta + 0.012 omega + 0.001 theta^2 + 0.014 theta omega + -2.389 omega^2 + 0.002 theta^2 omega + -0.437 theta omega^2 + -2.052 omega^3,4.5672902007e-02,1.4004322315e-02,1.1776205856e-02,1.0770755489e-03,1.4098329747e-02,-2.3889513012e+00,8.3870806767e-06,1.7335153458e-03,-4.3688643511e-01,-2.0521977194e+00
11760,2024-09-24 23:55:00,0.073968,5.232617,3.700388,-0.002 1 + -0.001 theta + 1.024 omega + 0.001 theta omega + 0.221 omega^2 + 0.020 theta omega^2 + 0.501 omega^3,-0.004 1 + -0.002 theta + 0.048 omega + 0.003 theta omega + 0.448 omega^2 + -0.001 theta^2 omega + 0.040 theta omega^2 + 0.993 omega^3,-3.5193919447e-03,-2.2999494722e-03,4.8448548898e-02,-3.0417832225e-04,2.6034854976e-03,4.4752345281e-01,-8.1244007418e-06,-5.3912638844e-04,4.0168969869e-02,9.9307331959e-01
11761,2024-09-25 00:00:00,0.155267,6.766928,4.786200,-0.001 1 + -0.001 theta + 1.015 omega + -0.003 theta omega + -0.028 omega^2 + -0.001 theta^2 omega + 0.041 theta omega^2 + -1.074 omega^3,-0.002 1 + -0.003 theta + 0.030 omega + -0.005 theta omega + -0.061 omega^2 + -0.001 theta^2 omega + 0.079 theta omega^2 + -2.134 omega^3,-1.6406455577e-03,-2.9485784530e-03,3.0338515231e-02,-2.8609590102e-04,-4.6890254929e-03,-6.0810236052e-02,-5.6799577672e-06,-1.0196697251e-03,7.8981263447e-02,-2.1344665735e+00
11762,2024-09-25 00:05:00,0.073084,7.165976,5.067374,-0.006 1 + -0.001 theta + 1.025 omega + 0.005 theta omega + 0.541 omega^2 + -0.001 theta^2 omega + -0.050 theta omega^2 + -1.077 omega^3,-0.013 1 + -0.002 theta + 0.048 omega + 0.010 theta omega + 1.081 omega^2 + -0.002 theta^2 omega + -0.101 theta omega^2 + -2.013 omega^3,-1.2841143331e-02,-1.5837910066e-03,4.7630526443e-02,3.7833180028e-04,9.6679639572e-03,1.0814559384e+00,-9.4935863505e-06,-1.5396742137e-03,-1.0055304670e-01,-2.0131461541e+00
11763,2024-09-25 00:10:00,0.301912,11.810137,8.353756,-0.006 1 + 0.002 theta + 1.017 omega + -0.014 theta omega + 0.562 omega^2 + 0.007 theta omega^2 + -2.198 omega^3,-0.001 1 + 0.001 theta + -0.033 omega + -0.011 theta omega + 0.672 omega^2 + 0.009 theta omega^2 + -1.937 omega^3,-1.3566392444e-03,7.1154216735e-04,-3.2909801621e-02,0.0000000000e+00,-1.0667325795e-02,6.7237396158e-01,-1.3589588495e-06,3.9113251320e-04,9.2135608861e-03,-1.9374741696e+00
11764,2024-09-25 00:15:00,nan,nan,nan,0.001 1 + 0.999 omega + 0.001 theta omega + -0.147 omega^2 + 0.020 theta omega^2 + 0.112 omega^3,0.002 1 + -0.001 theta + 0.002 theta omega + -0.294 omega^2 + 0.044 theta omega^2 + 0.100 omega^3,2.2446674484e-03,-7.7281673192e-04,-1.4555728431e-04,8.7753203448e-05,2.4753735393e-03,-2.9353843538e-01,-7.0607900211e-06,-2.5017901513e-05,4.3696130097e-02,1.0046683423e-01
11765,2024-09-25 00:20:00,nan,nan,nan,0.022 1 + -0.004 theta + 0.660 omega + 0.061 theta omega + 0.819 omega^2 + -0.002 theta^2 omega + -0.167 theta omega^2 + 2.593 omega^3,0.045 1 + -0.009 theta + -0.676 omega + 0.122 theta omega + 1.555 omega^2 + -0.003 theta^2 omega + -0.323 theta omega^2 + 5.160 omega^3,4.5330136317e-02,-8.9252544513e-03,-6.7555863551e-01,3.5670975600e-04,1.2225493048e-01,1.5554386662e+00,-8.7763865938e-07,-3.3137522447e-03,-3.2321520634e-01,5.1601617928e+00
11766,2024-09-25 00:25:00,nan,nan,nan,-0.035 1 + 0.003 theta + 1.408 omega + -0.041 theta omega + -1.330 omega^2 + 0.001 theta^2 omega + 0.050 theta omega^2 + 2.513 omega^3,-0.073 1 + 0.007 theta + 0.863 omega + -0.085 theta omega + -2.935 omega^2 + 0.002 theta^2 omega + 0.112 theta omega^2 + 5.560 omega^3,-7.3444529566e-02,6.9043890105e-03,8.6334484894e-01,-2.6297424519e-05,-8.4997782001e-02,-2.9348386656e+00,-6.5239150752e-06,2.0307249728e-03,1.1151265077e-01,5.5595370497e+00
11767,2024-09-25 00:30:00,0.081752,10.294053,7.279224,0.003 1 + -0.003 theta + 1.001 omega + 0.022 theta omega + -0.219 omega^2 + -0.004 theta^2 omega + 0.195 theta omega^2 + -6.407 omega^3,0.006 1 + -0.005 theta + 0.002 omega + 0.001 theta^2 + 0.044 theta omega + -0.424 omega^2 + -0.008 theta^2 omega + 0.385 theta omega^2 + -12.677 omega^3,5.6772165030e-03,-4.9862555290e-03,2.2173272060e-03,6.3256487956e-04,4.4385071521e-02,-4.2417977812e-01,2.6727567176e-07,-8.2543906946e-03,3.8494917907e-01,-1.2677212351e+01
11768,2024-09-25 00:35:00,nan,nan,nan,-0.006 1 + 0.001 theta + 1.072 omega + -0.015 theta omega + 0.352 omega^2 + 0.024 theta omega^2 + -2.342 omega^3,-0.008 1 + 0.001 theta + 0.072 omega + -0.022 theta omega + 0.934 omega^2 + 0.048 theta omega^2 + -6.396 omega^3,-7.6884759422e-03,1.4555837367e-03,7.1652411251e-02,-4.2721423587e-05,-2.1814217044e-02,9.3385656445e-01,0.0000000000e+00,4.8144830785e-04,4.8314543216e-02,-6.3963109957e+00
11769,2024-09-25 00:40:00,0.025947,0.458263,0.324560,1.003 omega + -0.010 theta omega + 0.357 omega^2 + 0.001 theta^2 omega + -1.521 omega^3,0.008 omega + -0.021 theta omega + 0.752 omega^2 + 0.001 theta^2 omega + -3.327 omega^3,2.7017975983e-04,-1.0905967074e-04,7.5413442566e-03,1.1636372919e-04,-2.0548289052e-02,7.5170051225e-01,-9.1646550892e-06,1.4177797018e-03,6.9581961020e-05,-3.3272108300e+00
11770,2024-09-25 00:45:00,0.057184,4.527898,3.201962,-0.001 1 + -0.001 theta + 1.018 omega + -0.009 theta omega + 0.141 omega^2 + 0.011 theta omega^2 + -0.520 omega^3,-0.001 1 + -0.001 theta + 0.030 omega + -0.006 theta omega + -0.040 omega^2 + 0.025 theta omega^2 + -1.723 omega^3,-8.3784376220e-04,-1.2785593578e-03,2.9520291943e-02,-4.4887165758e-05,-5.9094966654e-03,-3.9518068495e-02,0.0000000000e+00,-3.6125540190e-04,2.4633547400e-02,-1.7233712468e+00
11771,2024-09-25 00:50:00,nan,nan,nan,1.012 omega + 0.009 theta omega + -0.076 omega^2 + 0.001 theta^2 omega + -0.014 theta omega^2 + 0.493 omega^3,0.026 omega + 0.019 theta omega + -0.134 omega^2 + 0.002 theta^2 omega + -0.028 theta omega^2 + 0.984 omega^3,-3.3786408895e-04,-1.2094338537e-05,2.5791329290e-02,-1.4781053625e-04,1.9162658249e-02,-1.3381401684e-01,-1.7757345811e-05,1.7201387503e-03,-2.7881210431e-02,9.8399818701e-01
11772,2024-09-25 00:55:00,0.049310,4.708810,3.329814,-0.001 theta + 1.002 omega + -0.001 theta omega + 0.013 omega^2 + -0.001 theta^2 omega + 0.037 theta omega^2 + -0.498 omega^3,-0.001 theta + 0.006 omega + -0.001 theta omega + 0.031 omega^2 + -0.002 theta^2 omega + 0.073 theta omega^2 + -0.977 omega^3,1.1503648677e-04,-1.1719565912e-03,6.0792503922e-03,3.4131638907e-04,-9.1589048517e-04,3.1013020643e-02,-7.0561273232e-06,-1.8304023236e-03,7.2828032014e-02,-9.7686812763e-01
11773,2024-09-25 01:00:00,0.035946,3.433701,2.428126,-0.003 1 + 0.944 omega + -0.002 theta omega + -0.629 omega^2 + 0.023 theta omega^2 + -3.311 omega^3,-0.002 1 + -0.013 omega + -0.004 theta omega + 0.054 omega^2 + -0.015 theta omega^2 + 0.996 omega^3,-2.2428550919e-03,-4.4013658580e-04,-1.3442630438e-02,-9.8321037054e-06,-3.8476872582e-03,5.3821243213e-02,0.0000000000e+00,-4.4886335698e-05,-1.4691324684e-02,9.9628010198e-01
11774,2024-09-25 01:05:00,0.020986,0.555681,0.393206,0.001 1 + 0.968 omega + 0.003 theta omega + -0.388 omega^2 + -0.023 theta omega^2 + -0.125 omega^3,-0.059 omega + -0.707 omega^2 + -0.043 theta omega^2 + -0.972 omega^3,4.4484262131e-04,2.9741718623e-04,-5.9318592335e-02,1.9350656002e-05,-4.7077193111e-04,-7.0736133216e-01,0.0000000000e+00,2.4799139271e-04,-4.3288043240e-02,-9.7162667093e-01
11775,2024-09-25 01:10:00,0.017346,1.127340,0.797244,0.104 1 + -0.001 theta + 2.738 omega + -0.006 theta omega + 9.645 omega^2 + -0.016 theta omega^2 + 17.826 omega^3,0.215 1 + -0.001 theta + 3.537 omega + -0.010 theta omega + 19.319 omega^2 + -0.024 theta omega^2 + 35.175 omega^3,2.1544807585e-01,-1.1304928116e-03,3.5365821863e+00,-1.1695851454e-05,-1.0134550698e-02,1.9318984392e+01,0.0000000000e+00,-5.0051836752e-05,-2.4227123817e-02,3.5175291695e+01
11776,2024-09-25 01:15:00,0.006829,0.193050,0.136592,0.037 1 + 0.002 theta + 1.346 omega + 0.013 theta omega + 0.982 omega^2 + 0.019 theta omega^2 + 0.936 omega^3,0.071 1 + 0.003 theta + 0.676 omega + 0.025 theta omega + 1.928 omega^2 + 0.034 theta omega^2 + 1.873 omega^3,7.1462505131e-02,3.4910177925e-03,6.7584688719e-01,3.2046723889e-05,2.4966709086e-02,1.9282601588e+00,0.0000000000e+00,1.6869702957e-04,3.4434167109e-02,1.8733291100e+00
11777,2024-09-25 01:20:00,0.452407,13.163549,9.313530,0.095 1 + 0.006 theta + 1.628 omega + 0.071 theta omega + -1.528 omega^2 + 0.197 theta omega^2 + -11.697 omega^3,0.200 1 + 0.013 theta + 1.438 omega + 0.142 theta omega + -2.019 omega^2 + 0.393 theta omega^2 + -21.398 omega^3,1.9991277002e-01,1.2818424671e-02,1.4382249734e+00,-1.9587196065e-05,1.4161217389e-01,-2.0186938263e+00,0.0000000000e+00,-1.1627405604e-04,3.9270518658e-01,-2.1397927903e+01
11778,2024-09-25 01:25:00,0.036083,3.213438,2.272387,-0.029 1 + -0.003 theta + 0.667 omega + -0.025 theta omega + -0.914 omega^2 + -0.044 theta omega^2 + 0.207 omega^3,-0.011 1 + -0.001 theta + -0.181 omega + -0.014 theta omega + -0.436 omega^2 + -0.034 theta omega^2 + 1.311 omega^3,-1.0740738236e-02,-9.9348326941e-04,-1.8126778482e-01,-2.2168908172e-05,-1.3919975063e-02,-4.3570914592e-01,0.0000000000e+00,-2.2395245999e-04,-3.3730457738e-02,1.3112685449e+00
11779,2024-09-25 01:30:00,nan,nan,nan,0.016 1 + 0.001 theta + 1.207 omega + 0.019 theta omega + 0.650 omega^2 + 0.032 theta omega^2 + 0.871 omega^3,0.033 1 + 0.002 theta + 0.435 omega + 0.040 theta omega + 1.374 omega^2 + 0.001 theta^2 omega + 0.068 theta omega^2 + 1.802 omega^3,3.2837951314e-02,2.0076096319e-03,4.3497279727e-01,-9.3265568241e-05,4.0174722205e-02,1.3736508080e+00,-5.3781514551e-06,8.5051507039e-04,6.7976377895e-02,1.8016201193e+00
11780,2024-09-25 01:35:00,0.021883,0.745492,0.527369,0.002 1 + 1.014 omega + -0.004 theta omega + -0.106 omega^2 + 0.006 theta omega^2 + 0.410 omega^3,0.003 1 + -0.001 theta + 0.030 omega + -0.008 theta omega + -0.219 omega^2 + 0.011 theta omega^2 + 0.935 omega^3,3.1836799662e-03,-7.5100495881e-04,2.9690203145e-02,7.8629626025e-05,-7.8800206766e-03,-2.1907063715e-01,-3.0097304074e-06,3.1289113636e-04,1.1331316942e-02,9.3546854745e-01
11781,2024-09-25 01:40:00,nan,nan,nan,-0.003 1 + -0.001 theta + 1.104 omega + -0.035 theta omega + -0.313 omega^2 + 0.003 theta^2 omega + 0.044 theta omega^2 + 1.396 omega^3,-0.005 1 + -0.001 theta + 0.209 omega + 0.001 theta^2 + -0.071 theta omega + -0.626 omega^2 + 0.005 theta^2 omega + 0.089 theta omega^2 + 2.954 omega^3,-5.0749099891e-03,-1.0001353490e-03,2.0864810104e-01,5.8830270707e-04,-7.0810124100e-02,-6.2643577082e-01,-4.6952258911e-05,5.2593593361e-03,8.8706860332e-02,2.9536682644e+00
11782,2024-09-25 01:45:00,0.004344,0.148481,0.105037,-0.001 1 + 1.014 omega + 0.001 theta omega + 0.071 omega^2 + -0.003 theta omega^2 + -0.833 omega^3,-0.002 1 + 0.028 omega + 0.002 theta omega + 0.139 omega^2 + -0.001 theta^2 omega + -0.005 theta omega^2 + -1.653 omega^3,-2.4051119548e-03,-1.5076161409e-04,2.7926278128e-02,2.4048051913e-04,1.7997284760e-03,1.3885659246e-01,-1.4998644057e-05,-6.0011811889e-04,-5.1534638260e-03,-1.6525962422e+00
11783,2024-09-25 01:50:00,0.152048,11.380279,8.047791,0.001 theta + 0.739 omega + 0.009 theta omega + -3.297 omega^2 + 0.008 theta omega^2 + -10.141 omega^3,0.127 1 + 0.007 theta + 1.528 omega + 0.075 theta omega + 4.171 omega^2 + 0.001 theta^2 omega + 0.171 theta omega^2 + -1.917 omega^3,1.2740444648e-01,7.2238635454e-03,1.5279830971e+00,9.2891180040e-05,7.5364211761e-02,4.1714049602e+00,0.0000000000e+00,6.6255288337e-04,1.7106550868e-01,-1.9171155197e+00
11784,2024-09-25 01:55:00,0.043959,3.854339,2.725607,-0.001 1 + 0.993 omega + -0.012 theta omega + 0.538 omega^2 + -0.002 theta^2 omega + 0.042 theta omega^2 + -2.094 omega^3,-0.003 1 + -0.001 theta + -0.008 omega + 0.001 theta^2 + -0.030 theta omega + 1.285 omega^2 + -0.006 theta^2 omega + 0.248 theta omega^2 + -8.448 omega^3,-2.8851640842e-03,-6.1186833703e-04,-7.6600582590e-03,9.8498122816e-04,-3.0208959787e-02,1.2846961540e+00,8.4078420483e-06,-6.4716975732e-03,2.4829399469e-01,-8.4481691526e+00
11785,2024-09-25 02:00:00,nan,nan,nan,-0.071 1 + 0.001 theta + 1.939 omega + -0.013 theta omega + -4.050 omega^2 + 0.032 theta omega^2 + 5.724 omega^3,-0.488 1 + 0.012 theta + 5.414 omega + -0.091 theta omega + -19.880 omega^2 + 0.175 theta omega^2 + 24.206 omega^3,-4.8828572214e-01,1.1559578719e-02,5.4140124322e+00,-6.7949622449e-05,-9.0876971387e-02,-1.9880334179e+01,0.0000000000e+00,3.1502985670e-04,1.7487331415e-01,2.4206491148e+01
11786,2024-09-25 02:05:00,0.073137,3.650420,2.581755,-0.001 1 + 0.996 omega + 0.099 omega^2 + -0.032 theta omega^2 + -0.086 omega^3,-0.002 1 + -0.005 omega + -0.001 theta omega + 0.196 omega^2 + -0.065 theta omega^2 + -0.268 omega^3,-2.0741079853e-03,-1.2656923773e-05,-4.7151953090e-03,3.3767302245e-04,-8.7846334293e-04,1.9623751163e-01,-3.3229161305e-05,1.7836690592e-04,-6.4648602725e-02,-2.6770842934e-01
11787,2024-09-25 02:10:00,0.140915,4.389737,3.105612,-0.002 theta + 1.006 omega + 0.001 theta^2 + -0.001 theta omega + 0.278 omega^2 + -0.037 theta omega^2 + -0.138 omega^3,-0.003 theta + 0.014 omega + 0.001 theta^2 + -0.002 theta omega + 0.522 omega^2 + -0.073 theta omega^2 + -0.437 omega^3,4.4741401092e-04,-3.2520576531e-03,1.3999210487e-02,1.0147164804e-03,-1.5822419597e-03,5.2209918883e-01,-8.0110861748e-05,-3.5908117661e-05,-7.2772368348e-02,-4.3691515643e-01
11788,2024-09-25 02:15:00,0.014791,0.499194,0.353139,1.006 omega + 0.002 theta omega + -0.083 omega^2 + -0.004 theta omega^2 + 0.200 omega^3,-0.001 theta + 0.012 omega + 0.005 theta omega + -0.173 omega^2 + 0.001 theta^2 omega + -0.014 theta omega^2 + 0.484 omega^3,2.9535325825e-04,-6.0186587583e-04,1.2136097064e-02,-3.9983977265e-05,4.8911557650e-03,-1.7299974684e-01,-1.0501276780e-05,5.1896389243e-04,-1.4389722786e-02,4.8414657975e-01
11789,2024-09-25 02:20:00,0.014408,0.872783,0.617235,0.072 1 + 0.001 theta + -0.430 omega + -0.007 theta omega + 9.250 omega^2 + 0.014 theta omega^2 + -19.492 omega^3,0.137 1 + 0.001 theta + -2.713 omega + -0.012 theta omega + 17.431 omega^2 + 0.020 theta omega^2 + -36.461 omega^3,1.3741893756e-01,1.4114624108e-03,-2.7132677948e+00,-1.8998011584e-05,-1.2308699122e-02,1.7431398973e+01,0.0000000000e+00,1.2466206843e-04,2.0352510440e-02,-3.6461081298e+01
11790,2024-09-25 02:25:00,nan,nan,nan,0.009 1 + -0.002 theta + 0.996 omega + 0.017 theta omega + -0.815 omega^2 + -0.033 theta omega^2 + 2.857 omega^3,0.005 1 + -0.002 theta + -0.111 omega + 0.026 theta omega + -0.223 omega^2 + -0.069 theta omega^2 + 2.663 omega^3,4.6680594711e-03,-1.6519972277e-03,-1.1087136796e-01,1.7336913926e-05,2.5817818618e-02,-2.2318988932e-01,0.0000000000e+00,-1.8884970293e-04,-6.8685577068e-02,2.6631324975e+00
11791,2024-09-25 02:30:00,0.028098,2.566814,1.815121,-0.038 1 + 0.002 theta + 1.366 omega + -0.014 theta omega + -0.625 omega^2 + 0.009 theta omega^2 + -0.536 omega^3,-0.090 1 + 0.004 theta + 0.955 omega + -0.035 theta omega + -2.350 omega^2 + 0.037 theta omega^2 + 0.708 omega^3,-9.0127898815e-02,4.2163491316e-03,9.5452196612e-01,-5.1912142388e-05,-3.5385022277e-02,-2.3495859965e+00,0.0000000000e+00,3.6799327989e-04,3.7230289042e-02,7.0765444676e-01
11792,2024-09-25 02:35:00,0.023177,2.162724,1.529365,-0.010 1 + 1.247 omega + -0.007 theta omega + -1.611 omega^2 + 0.030 theta omega^2 + 3.089 omega^3,-0.019 1 + 0.493 omega + -0.007 theta omega + -3.300 omega^2 + 0.053 theta omega^2 + 6.160 omega^3,-1.9143998026e-02,-2.0818270753e-04,4.9280560314e-01,3.2348382018e-05,-7.3824481932e-03,-3.3002237452e+00,0.0000000000e+00,-1.9972789708e-04,5.2864639901e-02,6.1602994601e+00
11793,2024-09-25 02:40:00,nan,nan,nan,-0.018 1 + -0.001 theta + 1.337 omega + -0.007 theta omega + -1.426 omega^2 + 0.014 theta omega^2 + 2.106 omega^3,-0.037 1 + -0.001 theta + 0.677 omega + -0.014 theta omega + -2.875 omega^2 + 0.028 theta omega^2 + 4.302 omega^3,-3.6961842860e-02,-1.3288048131e-03,6.7676571646e-01,1.4850099330e-04,-1.3647473861e-02,-2.8752053854e+00,-2.0615075531e-06,-5.1267196209e-05,2.7739180053e-02,4.3019616284e+00
11794,2024-09-25 02:45:00,nan,nan,nan,-0.088 1 + -0.001 theta + 2.157 omega + -0.002 theta omega + -4.249 omega^2 + 0.047 theta omega^2 + 3.003 omega^3,-0.172 1 + -0.005 theta + 3.070 omega + 0.059 theta omega + -18.298 omega^2 + -0.169 theta omega^2 + 36.607 omega^3,-1.7156255107e-01,-5.1902948443e-03,3.0695981675e+00,-3.2819373015e-05,5.8658195904e-02,-1.8297932046e+01,0.0000000000e+00,1.8050374373e-04,-1.6942004658e-01,3.6606815165e+01
11795,2024-09-25 02:50:00,nan,nan,nan,-0.110 1 + 0.001 theta + 2.268 omega + -0.008 theta omega + -4.856 omega^2 + 0.017 theta omega^2 + 6.181 omega^3,-0.223 1 + 0.002 theta + 2.549 omega + -0.017 theta omega + -9.721 omega^2 + 0.035 theta omega^2 + 12.326 omega^3,-2.2266123283e-01,2.2197122330e-03,2.5486732404e+00,1.1737740259e-06,-1.6888093876e-02,-9.7211213977e+00,0.0000000000e+00,-2.4249509175e-05,3.4775445987e-02,1.2325535763e+01
11796,2024-09-25 02:55:00,0.092128,2.268721,1.605550,0.022 1 + -0.010 theta + 0.831 omega + 0.001 theta^2 + 0.051 theta omega + 0.284 omega^2 + -0.003 theta^2 omega + -0.027 theta omega^2 + -1.333 omega^3,0.045 1 + -0.019 theta + -0.336 omega + 0.003 theta^2 + 0.101 theta omega + 0.557 omega^2 + -0.007 theta^2 omega + -0.054 theta omega^2 + -2.774 omega^3,4.5025205989e-02,-1.9299376308e-02,-3.3558920396e-01,2.6398029349e-03,1.0134840292e-01,5.5733576064e-01,-1.2186814152e-04,-6.5838626736e-03,-5.3607794978e-02,-2.7740024490e+00
11797,2024-09-25 03:00:00,0.057311,2.980665,2.108038,-0.001 theta + 1.021 omega + 0.006 theta omega + 0.063 omega^2 + 0.005 theta omega^2 + -1.173 omega^3,0.002 1 + -0.002 theta + 0.024 omega + 0.006 theta omega + -0.028 omega^2 + 0.014 theta omega^2 + -0.728 omega^3,1.7438316117e-03,-1.5673128868e-03,2.4228246622e-02,5.3437313667e-05,5.5619175804e-03,-2.7775923079e-02,0.0000000000e+00,-2.8362751165e-04,1.4225463505e-02,-7.2818857687e-01
11798,2024-09-25 03:05:00,0.086148,7.633022,5.397705,0.103 1 + -0.437 omega + 0.005 theta omega + 6.540 omega^2 + -0.013 theta omega^2 + -9.652 omega^3,0.600 1 + 0.002 theta + -8.550 omega + -0.006 theta omega + 39.494 omega^2 + -0.027 theta omega^2 + -58.302 omega^3,5.9992526200e-01,1.9319226407e-03,-8.5502192162e+00,-5.1507093308e-05,-6.3178261303e-03,3.9493558472e+01,0.0000000000e+00,2.9265320199e-04,-2.6899377925e-02,-5.8302085227e+01
11799,2024-09-25 03:10:00,0.041258,6.141761,4.342979,0.001 1 + -0.001 theta + 0.983 omega + 0.028 theta omega + -0.249 omega^2 + -0.138 theta omega^2 + 1.362 omega^3,0.002 1 + -0.002 theta + -0.030 omega + 0.058 theta omega + -0.490 omega^2 + -0.276 theta omega^2 + 2.430 omega^3,2.0142752595e-03,-1.6561025289e-03,-3.0215223155e-02,-1.3980846159e-04,5.7532067079e-02,-4.8992165506e-01,3.3394964549e-06,1.6652948734e-04,-2.7593117026e-01,2.4296044511e+00
11800,2024-09-25 03:15:00,0.021400,1.249502,0.883661,-0.018 1 + 1.369 omega + -0.013 theta omega + -2.030 omega^2 + 0.067 theta omega^2 + 2.139 omega^3,-0.036 1 + 0.736 omega + -0.026 theta omega + -4.011 omega^2 + 0.133 theta omega^2 + 3.983 omega^3,-3.5673938313e-02,4.0911459237e-04,7.3583101350e-01,1.3132250282e-04,-2.5661751721e-02,-4.0114368245e+00,-3.5592884290e-06,-2.5853108084e-04,1.3319293049e-01,3.9833359035e+00
11801,2024-09-25 03:20:00,0.260397,7.989256,5.652257,-0.002 1 + -0.001 theta + 1.069 omega + -0.015 theta omega + 0.189 omega^2 + 0.001 theta^2 omega + -0.014 theta omega^2 + -0.655 omega^3,-0.004 1 + -0.002 theta + 0.140 omega + 0.001 theta^2 + -0.031 theta omega + 0.365 omega^2 + 0.002 theta^2 omega + -0.028 theta omega^2 + -1.227 omega^3,-3.6565722010e-03,-2.2464124374e-03,1.4036610303e-01,5.5726342552e-04,-3.1225949500e-02,3.6483369203e-01,-2.9607711735e-05,1.7187066405e-03,-2.7829114786e-02,-1.2266577565e+00
11802,2024-09-25 03:25:00,nan,nan,nan,0.010 1 + 0.002 theta + 1.072 omega + 0.019 theta omega + -0.093 omega^2 + 0.001 theta^2 omega + -0.010 theta omega^2 + 1.186 omega^3,0.021 1 + 0.004 theta + 0.158 omega + 0.041 theta omega + -0.081 omega^2 + 0.002 theta^2 omega + -0.011 theta omega^2 + 2.450 omega^3,2.1116309064e-02,4.0494969038e-03,1.5804577923e-01,1.8514230405e-04,4.1007371320e-02,-8.0787709759e-02,0.0000000000e+00,2.0748003584e-03,-1.0543567914e-02,2.4496014816e+00
11803,2024-09-25 03:30:00,0.019788,0.443535,0.313939,0.003 1 + 0.845 omega + 0.017 theta omega + 1.916 omega^2 + -0.122 theta omega^2 + -6.989 omega^3,0.005 1 + -0.275 omega + 0.031 theta omega + 3.335 omega^2 + -0.001 theta^2 omega + -0.233 theta omega^2 + -11.259 omega^3,5.4080347740e-03,-4.1297088414e-04,-2.7503643655e-01,-5.0885521564e-05,3.0796687348e-02,3.3346692130e+00,3.7685655437e-06,-5.3659408937e-04,-2.3283047014e-01,-1.1259492094e+01
11804,2024-09-25 03:35:00,0.056548,5.004192,3.538724,-0.002 1 + 0.002 theta + 1.008 omega + -0.038 theta omega + 0.841 omega^2 + 0.140 theta omega^2 + -4.477 omega^3,-0.003 1 + 0.003 theta + 0.030 omega + -0.052 theta omega + 0.968 omega^2 + 0.001 theta^2 omega + 0.158 theta omega^2 + -5.309 omega^3,-3.4840125815e-03,3.3186040538e-03,3.0137083362e-02,-5.6599847578e-05,-5.2166486599e-02,9.6806571807e-01,0.0000000000e+00,6.2521869892e-04,1.5798225404e-01,-5.3094694075e+00
11805,2024-09-25 03:40:00,nan,nan,nan,-0.009 1 + -0.001 theta + 1.073 omega + 0.005 theta omega + 0.028 omega^2 + -0.015 theta omega^2 + 0.262 omega^3,-0.010 1 + 0.249 omega + -0.003 theta omega + -2.156 omega^2 + -0.005 theta omega^2 + 6.895 omega^3,-1.0102596888e-02,2.6221325801e-04,2.4878574816e-01,-4.8623776108e-06,-3.0484728687e-03,-2.1564597404e+00,0.0000000000e+00,7.3688637435e-05,-5.3644389397e-03,6.8954054533e+00
11806,2024-09-25 03:45:00,0.128221,6.672653,4.719149,0.005 1 + 0.993 omega + 0.001 theta omega + -0.233 omega^2 + 0.015 theta omega^2 + -0.277 omega^3,0.010 1 + -0.001 theta + -0.015 omega + 0.001 theta omega + -0.455 omega^2 + 0.030 theta omega^2 + -0.508 omega^3,9.6264726255e-03,-9.6503015770e-04,-1.4791235361e-02,-8.2843503905e-05,1.4172792599e-03,-4.5539864033e-01,-7.4407224783e-06,4.4173931641e-04,2.9864327325e-02,-5.0793552853e-01
11807,2024-09-25 03:50:00,nan,nan,nan,0.145 1 + 0.005 theta + 2.351 omega + 0.043 theta omega + 2.961 omega^2 + 0.090 theta omega^2 + -0.786 omega^3,0.286 1 + 0.010 theta + 2.650 omega + 0.085 theta omega + 5.780 omega^2 + 0.175 theta omega^2 + -1.607 omega^3,2.8555052181e-01,9.9094949474e-03,2.6501398496e+00,4.5881703266e-05,8.4958966540e-02,5.7800522387e+00,0.0000000000e+00,2.3617636082e-04,1.7500704456e-01,-1.6069452625e+00
11808,2024-09-25 03:55:00,0.182317,4.336212,3.068874,0.021 1 + 0.004 theta + 0.941 omega + 0.013 theta omega + -0.923 omega^2 + 0.001 theta^2 omega + -0.035 theta omega^2 + -0.056 omega^3,-0.083 1 + -0.003 theta + -1.129 omega + -0.046 theta omega + -3.878 omega^2 + -0.146 theta omega^2 + -1.113 omega^3,-8.3126757789e-02,-3.3590283789e-03,-1.1294232335e+00,-3.7587966979e-06,-4.6404856516e-02,-3.8777110259e+00,0.0000000000e+00,-8.4111731308e-05,-1.4563314276e-01,-1.1132120575e+00
11809,2024-09-25 04:00:00,0.020546,1.616348,1.143023,0.016 1 + 1.355 omega + 0.008 theta omega + 2.296 omega^2 + 0.032 theta omega^2 + 4.504 omega^3,0.031 1 + 0.001 theta + 0.699 omega + 0.015 theta omega + 4.502 omega^2 + 0.064 theta omega^2 + 8.826 omega^3,3.1016509765e-02,5.8110971777e-04,6.9866125088e-01,-9.4335671050e-06,1.5296557191e-02,4.5015656274e+00,0.0000000000e+00,-1.8732872220e-05,6.4015534982e-02,8.8262624701e+00
11810,2024-09-25 04:05:00,0.178717,15.110199,10.685272,0.003 1 + 1.034 omega + -0.001 theta omega + -0.236 omega^2 + 0.014 theta omega^2 + -2.153 omega^3,0.009 1 + -0.001 theta + 0.098 omega + -0.428 omega^2 + 0.032 theta omega^2 + -4.488 omega^3,8.7696883141e-03,-8.3179622858e-04,9.8185073742e-02,-3.6519071467e-05,-2.4564063086e-04,-4.2812242910e-01,0.0000000000e+00,-2.2627110157e-04,3.1711695047e-02,-4.4883086317e+00
11811,2024-09-25 04:10:00,0.080415,3.448342,2.439009,-0.006 1 + -0.003 theta + 0.912 omega + -0.021 theta omega + -0.385 omega^2 + -0.001 theta^2 omega + -0.050 theta omega^2 + -0.688 omega^3,-0.010 1 + -0.005 theta + -0.166 omega + -0.001 theta^2 + -0.040 theta omega + -0.745 omega^2 + -0.002 theta^2 omega + -0.099 theta omega^2 + -1.203 omega^3,-1.0426920148e-02,-4.7882637695e-03,-1.6638075233e-01,-7.1995769769e-04,-3.9750628562e-02,-7.4450480794e-01,-3.0476591035e-05,-1.8883591376e-03,-9.9046277541e-02,-1.2034176636e+00
11812,2024-09-25 04:15:00,nan,nan,nan,-0.001 1 + -0.001 theta + 1.002 omega + 0.006 theta omega + 0.040 omega^2 + 0.002 theta^2 omega + 0.120 theta omega^2 + -0.102 omega^3,-0.002 1 + -0.002 theta + 0.005 omega + 0.001 theta^2 + 0.011 theta omega + 0.089 omega^2 + 0.004 theta^2 omega + 0.242 theta omega^2 + -0.454 omega^3,-1.5356265190e-03,-1.7599306938e-03,5.4742111676e-03,5.5076753256e-04,1.1225291490e-02,8.8976687691e-02,7.8159606492e-05,4.2517982699e-03,2.4162620907e-01,-4.5363699854e-01
11813,2024-09-25 04:20:00,0.149194,18.403208,13.013461,0.997 omega + 0.019 theta omega + -0.899 omega^2 + 0.079 theta omega^2 + -4.198 omega^3,-0.018 omega + 0.031 theta omega + -1.881 omega^2 + -0.001 theta^2 omega + 0.169 theta omega^2 + -10.328 omega^3,2.7247862898e-04,3.9658167844e-04,-1.7512167522e-02,-1.0136397334e-04,3.0890051722e-02,-1.8814093941e+00,0.0000000000e+00,-6.0850985339e-04,1.6924978930e-01,-1.0328251673e+01
11814,2024-09-25 04:25:00,0.036374,0.737554,0.522163,0.016 1 + 0.001 theta + 1.127 omega + 0.008 theta omega + 0.212 omega^2 + 0.006 theta omega^2 + 0.209 omega^3,0.036 1 + 0.003 theta + 0.341 omega + 0.024 theta omega + 0.983 omega^2 + 0.026 theta omega^2 + 1.359 omega^3,3.5568404110e-02,3.2503473078e-03,3.4065185590e-01,6.2742279961e-05,2.4392830209e-02,9.8281121215e-01,0.0000000000e+00,3.9218956842e-04,2.5945452601e-02,1.3591618637e+00
11815,2024-09-25 04:30:00,0.005283,0.096470,0.068317,0.003 1 + -0.001 theta + 1.011 omega + 0.001 theta omega + -0.137 omega^2 + 0.020 theta omega^2 + -0.565 omega^3,0.006 1 + -0.001 theta + 0.021 omega + 0.002 theta omega + -0.264 omega^2 + 0.038 theta omega^2 + -1.073 omega^3,5.8597948268e-03,-1.3553357233e-03,2.0869590314e-02,9.6381584015e-05,1.8107316340e-03,-2.6410252716e-01,-3.1436898892e-06,-2.7766380545e-04,3.7606674901e-02,-1.0726194838e+00
11816,2024-09-25 04:35:00,0.023529,2.232433,1.578656,0.071 1 + 2.011 omega + 0.019 theta omega + 3.476 omega^2 + 0.084 theta omega^2 + 0.364 omega^3,0.090 1 + 1.328 omega + 0.018 theta omega + 4.652 omega^2 + 0.124 theta omega^2 + -0.730 omega^3,9.0350392666e-02,-1.7097853787e-04,1.3280478543e+00,-5.9131490991e-05,1.8281849211e-02,4.6521073343e+00,0.0000000000e+00,-3.9366953624e-04,1.2428661787e-01,-7.2984203125e-01
11817,2024-09-25 04:40:00,nan,nan,nan,0.002 1 + 0.990 omega + 0.001 theta omega + -0.136 omega^2 + -0.011 theta omega^2 + 1.860 omega^3,0.003 1 + -0.001 theta + -0.019 omega + 0.001 theta omega + -0.273 omega^2 + -0.022 theta omega^2 + 3.727 omega^3,3.1884088995e-03,-7.7701410981e-04,-1.9073062640e-02,6.3575663390e-05,1.3497332713e-03,-2.7256068938e-01,0.0000000000e+00,-1.7613578987e-04,-2.2050073368e-02,3.7271167684e+00
11818,2024-09-25 04:45:00,0.027262,2.943019,2.081118,-0.024 1 + 1.191 omega + -0.002 theta omega + -0.206 omega^2 + 0.006 theta omega^2 + -0.620 omega^3,-0.051 1 + 0.399 omega + -0.005 theta omega + -0.450 omega^2 + 0.013 theta omega^2 + -1.213 omega^3,-5.0680500967e-02,3.1741252207e-04,3.9890083664e-01,1.0137734243e-05,-4.6704393304e-03,-4.4956060490e-01,0.0000000000e+00,-4.6686692592e-05,1.3182768788e-02,-1.2128188890e+00
11819,2024-09-25 04:50:00,0.009592,0.322447,0.228105,-0.041 1 + -0.001 theta + 1.821 omega + 0.011 theta omega + -5.321 omega^2 + -0.031 theta omega^2 + 11.209 omega^3,-0.105 1 + -0.002 theta + 2.023 omega + 0.023 theta omega + -12.792 omega^2 + -0.063 theta omega^2 + 26.444 omega^3,-1.0459307303e-01,-2.0222583819e-03,2.0229713920e+00,-8.8498032560e-07,2.2884813760e-02,-1.2792450636e+01,0.0000000000e+00,1.4651995605e-06,-6.3309596019e-02,2.6444228237e+01
11820,2024-09-25 04:55:00,0.018977,0.860474,0.608595,0.001 1 + 0.002 theta + 1.095 omega + -0.019 theta omega + -0.844 omega^2 + 0.001 theta^2 omega + 0.066 theta omega^2 + 1.193 omega^3,0.011 1 + -0.001 theta + -0.005 theta omega + -0.711 omega^2 + 0.038 theta omega^2 + 2.041 omega^3,1.0583148543e-02,-7.1964231655e-04,7.2602031481e-05,-2.0227916449e-06,-5.1693066715e-03,-7.1108987824e-01,0.0000000000e+00,2.9297211285e-04,3.7659082575e-02,2.0407829301e+00
11821,2024-09-25 05:00:00,0.011087,0.646025,0.456876,-0.071 1 + 0.001 theta + 1.983 omega + -0.008 theta omega + -4.490 omega^2 + 0.002 theta omega^2 + 7.312 omega^3,0.044 1 + -0.001 theta + -0.858 omega + 0.018 theta omega + 5.047 omega^2 + -0.077 theta omega^2 + -8.619 omega^3,4.3999384536e-02,-9.0587408423e-04,-8.5781828394e-01,-2.0332474231e-05,1.7615456276e-02,5.0472103920e+00,0.0000000000e+00,1.3300575801e-04,-7.6752940806e-02,-8.6187198961e+00
11822,2024-09-25 05:05:00,0.068780,7.797396,5.513806,-0.049 1 + 0.002 theta + 1.471 omega + -0.020 theta omega + -0.874 omega^2 + 0.038 theta omega^2 + -1.185 omega^3,-0.097 1 + 0.004 theta + 1.073 omega + -0.042 theta omega + -2.955 omega^2 + 0.100 theta omega^2 + 0.262 omega^3,-9.6857855426e-02,4.0450738556e-03,1.0733681474e+00,-8.7993616979e-06,-4.2073845145e-02,-2.9552093619e+00,0.0000000000e+00,8.0127679161e-05,9.9670820369e-02,2.6154993814e-01
11823,2024-09-25 05:10:00,nan,nan,nan,-0.048 1 + -0.001 theta + 1.786 omega + 0.009 theta omega + -4.292 omega^2 + -0.022 theta omega^2 + 7.778 omega^3,-0.106 1 + -0.002 theta + 1.725 omega + 0.018 theta omega + -9.324 omega^2 + -0.044 theta omega^2 + 16.755 omega^3,-1.0574046771e-01,-1.9527295624e-03,1.7252710415e+00,2.3806278275e-06,1.8380755523e-02,-9.3236434751e+00,0.0000000000e+00,-7.3029760600e-06,-4.4138566218e-02,1.6755267626e+01
11824,2024-09-25 05:15:00,nan,nan,nan,-0.519 1 + 0.003 theta + 7.266 omega + -0.039 theta omega + -24.269 omega^2 + 0.112 theta omega^2 + 29.605 omega^3,-1.064 1 + 0.006 theta + 12.961 omega + -0.075 theta omega + -50.813 omega^2 + 0.216 theta omega^2 + 63.204 omega^3,-1.0643138760e+00,6.0318908424e-03,1.2960632680e+01,8.2495841692e-05,-7.5114334117e-02,-5.0813255955e+01,0.0000000000e+00,-3.6931481682e-04,2.1584966898e-01,6.3203704398e+01
11825,2024-09-25 05:20:00,0.022309,1.079697,0.763624,0.099 1 + -0.001 theta + -0.332 omega + 0.008 theta omega + 5.929 omega^2 + -0.023 theta omega^2 + -8.701 omega^3,0.147 1 + -0.002 theta + -1.661 omega + 0.022 theta omega + 5.798 omega^2 + -0.050 theta omega^2 + -5.927 omega^3,1.4668990827e-01,-2.3228086748e-03,-1.6611985308e+00,0.0000000000e+00,2.1779828015e-02,5.7977641786e+00,0.0000000000e+00,-1.6027674954e-06,-4.9747368456e-02,-5.9267713698e+00
11826,2024-09-25 05:25:00,0.019775,2.411293,1.705099,0.951 1 + -0.013 theta + -11.286 omega + 0.124 theta omega + 52.255 omega^2 + -0.279 theta omega^2 + -73.323 omega^3,1.936 1 + -0.027 theta + -25.005 omega + 0.249 theta omega + 106.405 omega^2 + -0.562 theta omega^2 + -149.393 omega^3,1.9356647821e+00,-2.7130536578e-02,-2.5005201945e+01,8.1073311824e-05,2.4947913897e-01,1.0640532246e+02,0.0000000000e+00,-4.2597336534e-04,-5.6241374828e-01,-1.4939290894e+02
11827,2024-09-25 05:30:00,0.109859,13.542586,9.576369,0.007 1 + 0.862 omega + -0.002 theta omega + 0.713 omega^2 + -0.001 theta omega^2 + -0.727 omega^3,0.038 1 + -0.001 theta + -0.700 omega + 0.008 theta omega + 3.857 omega^2 + -0.034 theta omega^2 + -6.094 omega^3,3.8429868292e-02,-5.1182159635e-04,-6.9952109197e-01,-4.6630426625e-06,8.0046651609e-03,3.8574592752e+00,0.0000000000e+00,5.1378857063e-05,-3.3613274512e-02,-6.0935916288e+00
11828,2024-09-25 05:35:00,nan,nan,nan,-0.245 1 + 0.006 theta + 4.590 omega + -0.069 theta omega + -16.969 omega^2 + 0.183 theta omega^2 + 25.578 omega^3,-0.496 1 + 0.013 theta + 7.269 omega + -0.139 theta omega + -34.471 omega^2 + 0.367 theta omega^2 + 52.234 omega^3,-4.9573431364e-01,1.2984866810e-02,7.2688822103e+00,-7.5706115933e-05,-1.3897390217e-01,-3.4471228074e+01,0.0000000000e+00,4.4920339323e-04,3.6724450942e-01,5.2233742595e+01
11829,2024-09-25 05:40:00,0.044237,3.082059,2.179570,-0.007 1 + 0.001 theta + 1.067 omega + -0.002 theta omega + -0.515 omega^2 + -0.021 theta omega^2 + 2.756 omega^3,0.008 1 + -0.143 omega + 0.008 theta omega + 0.547 omega^2 + -0.038 theta omega^2 + 0.632 omega^3,7.6240849338e-03,-4.4354017019e-04,-1.4313153115e-01,0.0000000000e+00,8.3022065135e-03,5.4677195094e-01,0.0000000000e+00,1.0606352013e-05,-3.8466723227e-02,6.3225718897e-01
11830,2024-09-25 05:45:00,nan,nan,nan,-0.135 1 + -0.004 theta + 4.113 omega + 0.063 theta omega + -24.221 omega^2 + -0.252 theta omega^2 + 62.969 omega^3,-0.271 1 + -0.007 theta + 6.254 omega + 0.127 theta omega + -48.687 omega^2 + 0.001 theta^2 omega + -0.511 theta omega^2 + 126.656 omega^3,-2.7076880369e-01,-7.4856664053e-03,6.2542229759e+00,-9.7913666112e-05,1.2744717826e-01,-4.8686518213e+01,0.0000000000e+00,6.3043837107e-04,-5.1081300452e-01,1.2665561217e+02
11831,2024-09-25 05:50:00,0.013211,0.423338,0.299491,0.152 1 + -0.004 theta + -1.511 omega + 0.047 theta omega + 13.850 omega^2 + -0.131 theta omega^2 + -25.446 omega^3,0.309 1 + -0.008 theta + -5.322 omega + 0.091 theta omega + 30.419 omega^2 + -0.267 theta omega^2 + -57.777 omega^3,3.0948026158e-01,-7.8048146692e-03,-5.3221309912e+00,5.1560975107e-05,9.1399228435e-02,3.0419017140e+01,0.0000000000e+00,-3.2908529976e-04,-2.6654592434e-01,-5.7776949624e+01
11832,2024-09-25 05:55:00,0.010123,0.155597,0.110256,0.004 1 + 0.921 omega + 0.006 theta omega + 0.426 omega^2 + -0.025 theta omega^2 + -0.474 omega^3,0.008 1 + -0.001 theta + -0.165 omega + 0.013 theta omega + 0.786 omega^2 + -0.059 theta omega^2 + 0.034 omega^3,7.5865965145e-03,-6.8087738439e-04,-1.6482148872e-01,8.1341273269e-06,1.3066004740e-02,7.8581667655e-01,0.0000000000e+00,-4.9034751806e-05,-5.8998720737e-02,3.3862873234e-02
11833,2024-09-25 06:00:00,0.027898,0.880538,0.622947,0.015 1 + -0.002 theta + 0.532 omega + 0.044 theta omega + 4.683 omega^2 + -0.001 theta^2 omega + -0.261 theta omega^2 + -14.707 omega^3,0.026 1 + -0.003 theta + -0.894 omega + 0.082 theta omega + 9.214 omega^2 + -0.001 theta^2 omega + -0.511 theta omega^2 + -29.274 omega^3,2.6400689340e-02,-2.7753377019e-03,-8.9369129500e-01,-3.8110821374e-05,8.2307248107e-02,9.2136556020e+00,7.2797544243e-06,-1.1101494479e-03,-5.1088607034e-01,-2.9274052143e+01
11834,2024-09-25 06:05:00,0.005580,0.264226,0.186878,0.002 1 + 0.002 theta + 0.781 omega + -0.046 theta omega + 3.939 omega^2 + -0.001 theta^2 omega + 0.243 theta omega^2 + -18.572 omega^3,0.004 theta + -0.263 omega + -0.070 theta omega + 4.835 omega^2 + -0.001 theta^2 omega + 0.296 theta omega^2 + -19.828 omega^3,1.0023137184e-04,3.6894952255e-03,-2.6301164829e-01,7.7912334869e-05,-7.0239731692e-02,4.8347435098e+00,0.0000000000e+00,-5.0225437288e-04,2.9629610999e-01,-1.9828384400e+01
11835,2024-09-25 06:10:00,nan,nan,nan,-0.001 1 + 0.990 omega + -0.003 theta omega + 0.040 omega^2 + 0.002 theta^2 omega + 0.021 theta omega^2 + 0.959 omega^3,-0.001 1 + -0.019 omega + -0.007 theta omega + 0.066 omega^2 + 0.005 theta^2 omega + 0.039 theta omega^2 + 1.996 omega^3,-1.0509415379e-03,-4.1020184359e-04,-1.8794001925e-02,3.1513610872e-04,-7.0914415134e-03,6.6287840360e-02,-2.5407175401e-04,4.9958698551e-03,3.8858693588e-02,1.9957012557e+00
11836,2024-09-25 06:15:00,0.039376,1.596993,1.129588,0.042 1 + -0.004 theta + 0.478 omega + 0.034 theta omega + 1.834 omega^2 + -0.001 theta^2 omega + -0.066 theta omega^2 + -1.354 omega^3,0.086 1 + -0.009 theta + -1.052 omega + 0.069 theta omega + 3.681 omega^2 + -0.001 theta^2 omega + -0.134 theta omega^2 + -2.685 omega^3,8.5718445993e-02,-8.5287532133e-03,-1.0523895487e+00,3.0315955906e-04,6.9414184197e-02,3.6808848883e+00,-3.8936604768e-06,-1.1500030778e-03,-1.3356422128e-01,-2.6850765189e+00
11837,2024-09-25 06:20:00,nan,nan,nan,-0.001 1 + 0.961 omega + -0.006 theta omega + -0.440 omega^2 + 0.001 theta^2 omega + -0.136 theta omega^2 + 1.497 omega^3,-0.002 1 + -0.076 omega + -0.010 theta omega + -0.957 omega^2 + 0.003 theta^2 omega + -0.311 theta omega^2 + 4.021 omega^3,-1.9155610851e-03,-3.7313012713e-04,-7.6481725257e-02,7.9743264676e-06,-9.7117097152e-03,-9.5706577774e-01,-1.3389891387e-05,3.3786888724e-03,-3.1130833006e-01,4.0207041911e+00
11838,2024-09-25 06:25:00,nan,nan,nan,0.006 1 + 1.089 omega + -0.003 theta omega + 0.519 omega^2 + -0.006 theta omega^2 + 1.108 omega^3,0.009 1 + -0.001 theta + 0.139 omega + -0.005 theta omega + 0.867 omega^2 + -0.013 theta omega^2 + 2.028 omega^3,8.6506840404e-03,-6.4476186112e-04,1.3941699638e-01,-7.4918879942e-06,-5.3927173741e-03,8.6669590992e-01,0.0000000000e+00,-3.3176696561e-05,-1.3142500420e-02,2.0282282024e+00
11839,2024-09-25 06:30:00,nan,nan,nan,0.227 1 + 0.011 theta + 3.194 omega + 0.090 theta omega + 5.490 omega^2 + 0.001 theta^2 omega + 0.175 theta omega^2 + 0.976 omega^3,0.352 1 + 0.015 theta + 3.893 omega + 0.143 theta omega + 12.574 omega^2 + 0.001 theta^2 omega + 0.322 theta omega^2 + 9.841 omega^3,3.5244769971e-01,1.5315257749e-02,3.8931954810e+00,1.1627669325e-04,1.4272190384e-01,1.2574030101e+01,0.0000000000e+00,6.5665031211e-04,3.2233037954e-01,9.8405472318e+00
11840,2024-09-25 06:35:00,0.007414,0.164268,0.116273,-0.552 1 + 0.005 theta + -6.417 omega + 0.047 theta omega + -33.091 omega^2 + 0.102 theta omega^2 + -48.986 omega^3,-0.222 1 + 0.002 theta + -2.877 omega + 0.019 theta omega + -12.361 omega^2 + 0.038 theta omega^2 + -17.556 omega^3,-2.2175255034e-01,2.4815600348e-03,-2.8772160371e+00,0.0000000000e+00,1.9382736315e-02,-1.2361387157e+01,0.0000000000e+00,0.0000000000e+00,3.7596900702e-02,-1.7555908944e+01
11841,2024-09-25 06:40:00,0.012829,0.784546,0.554832,0.026 1 + 1.358 omega + 0.001 theta omega + 1.781 omega^2 + -0.003 theta omega^2 + 2.979 omega^3,0.077 1 + 0.001 theta + 1.114 omega + 0.010 theta omega + 5.513 omega^2 + 0.017 theta omega^2 + 8.953 omega^3,7.6620056478e-02,1.2755707063e-03,1.1140484908e+00,1.4854467933e-05,9.5172773199e-03,5.5128126165e+00,0.0000000000e+00,7.4736362190e-05,1.7279522573e-02,8.9525449915e+00
11842,2024-09-25 06:45:00,0.007111,0.522083,0.369203,0.079 1 + 0.001 theta + 2.317 omega + 0.014 theta omega + 7.284 omega^2 + 0.040 theta omega^2 + 13.223 omega^3,0.175 1 + 0.003 theta + 2.892 omega + 0.033 theta omega + 15.823 omega^2 + 0.088 theta omega^2 + 28.578 omega^3,1.7548669888e-01,3.0357395401e-03,2.8917608444e+00,1.8629011294e-05,3.2791972478e-02,1.5822629688e+01,0.0000000000e+00,1.1423234276e-04,8.7748558159e-02,2.8578373057e+01
11843,2024-09-25 06:50:00,0.031416,1.938338,1.370792,0.005 1 + 1.043 omega + 0.005 theta omega + -0.312 omega^2 + -0.027 theta omega^2 + -1.533 omega^3,0.009 1 + 0.084 omega + 0.010 theta omega + -0.656 omega^2 + -0.058 theta omega^2 + -2.827 omega^3,9.3844299871e-03,-1.6885905006e-04,8.4322594142e-02,-3.2888533570e-04,1.0305474327e-02,-6.5627809860e-01,-2.2496391549e-05,2.8179485418e-04,-5.7903905835e-02,-2.8269970028e+00
11844,2024-09-25 06:55:00,0.006731,0.230007,0.162709,-0.001 1 + 1.014 omega + 0.055 omega^2 + -0.014 theta omega^2 + -0.771 omega^3,-0.002 1 + 0.026 omega + 0.001 theta omega + 0.128 omega^2 + -0.030 theta omega^2 + -1.386 omega^3,-1.9571861903e-03,4.7097663800e-04,2.6025850609e-02,-2.8369837347e-05,5.3948982855e-04,1.2759620133e-01,-1.7386878894e-06,-9.6454557184e-05,-2.9598346758e-02,-1.3861366180e+00
11845,2024-09-25 07:00:00,1.674700,31.334181,22.188234,0.001 1 + 1.027 omega + -0.006 theta omega + 0.471 omega^2 + -0.001 theta^2 omega + 0.059 theta omega^2 + -1.173 omega^3,0.002 1 + 0.067 omega + -0.012 theta omega + 1.050 omega^2 + -0.001 theta^2 omega + 0.120 theta omega^2 + -2.153 omega^3,1.5711442305e-03,1.8111846681e-04,6.6694306666e-02,1.2726788190e-04,-1.2069316165e-02,1.0500386822e+00,5.8427286062e-06,-1.0910571617e-03,1.2029788852e-01,-2.1526325133e+00
11846,2024-09-25 07:05:00,0.044315,3.564711,2.520826,0.003 1 + 0.974 omega + -0.003 theta omega + -0.132 omega^2 + -0.002 theta omega^2 + 1.333 omega^3,0.004 1 + -0.040 omega + -0.006 theta omega + -0.191 omega^2 + 0.005 theta omega^2 + 1.963 omega^3,4.1416410797e-03,4.7957256095e-04,-4.0330007420e-02,6.8524132741e-05,-5.7190883934e-03,-1.9119267594e-01,0.0000000000e+00,-2.8619459791e-04,5.2930389836e-03,1.9634505712e+00
11847,2024-09-25 07:10:00,nan,nan,nan,-0.043 1 + 0.001 theta + 1.572 omega + -0.023 theta omega + -1.875 omega^2 + 0.083 theta omega^2 + 0.134 omega^3,-0.133 1 + 0.006 theta + 1.470 omega + -0.073 theta omega + -3.415 omega^2 + 0.207 theta omega^2 + -3.811 omega^3,-1.3269145379e-01,6.4218503308e-03,1.4698028263e+00,-2.2730404897e-05,-7.2523704354e-02,-3.4146800585e+00,0.0000000000e+00,1.2182987406e-04,2.0740047754e-01,-3.8105718875e+00
11848,2024-09-25 07:15:00,0.058693,6.497461,4.594586,-0.030 1 + -0.001 theta + 1.456 omega + -0.003 theta omega + -1.780 omega^2 + 0.035 theta omega^2 + 0.786 omega^3,-0.060 1 + -0.001 theta + 0.907 omega + -0.007 theta omega + -3.433 omega^2 + 0.070 theta omega^2 + 1.335 omega^3,-5.9831497465e-02,-1.0727746688e-03,9.0688940574e-01,7.9026517976e-05,-6.9647438574e-03,-3.4331634894e+00,0.0000000000e+00,-4.2198812934e-04,7.0364030678e-02,1.3352340534e+00
11849,2024-09-25 07:20:00,0.178719,36.327118,25.687463,-0.039 1 + 0.004 theta + 1.200 omega + -0.019 theta omega + -0.111 omega^2 + -0.002 theta omega^2 + 0.595 omega^3,-0.006 1 + 0.001 theta + -0.083 omega + 0.004 theta omega + 0.489 omega^2 + -0.037 theta omega^2 + 0.561 omega^3,-5.5947208465e-03,7.0517873751e-04,-8.2793240517e-02,-2.1986827807e-05,4.2014304667e-03,4.8915661330e-01,0.0000000000e+00,7.1981812493e-05,-3.7355188976e-02,5.6132570356e-01
11850,2024-09-25 07:25:00,0.041081,4.072416,2.879780,0.148 1 + -0.004 theta + -1.270 omega + 0.041 theta omega + 11.141 omega^2 + -0.114 theta omega^2 + -17.164 omega^3,0.296 1 + -0.008 theta + -4.528 omega + 0.084 theta omega + 22.130 omega^2 + -0.233 theta omega^2 + -33.865 omega^3,2.9629122794e-01,-7.5026354577e-03,-4.5282397825e+00,3.9428046521e-05,8.4281126559e-02,2.2129816863e+01,0.0000000000e+00,-2.4771305228e-04,-2.3296729822e-01,-3.3864573420e+01
11851,2024-09-25 07:30:00,0.042900,0.778663,0.551433,-0.028 1 + 0.006 theta + 1.286 omega + -0.041 theta omega + -1.105 omega^2 + 0.001 theta^2 omega + 0.043 theta omega^2 + 2.681 omega^3,-0.026 1 + 0.005 theta + 0.217 omega + -0.031 theta omega + -0.580 omega^2 + 0.001 theta^2 omega + -0.001 theta omega^2 + 1.585 omega^3,-2.5508559090e-02,5.3583147254e-03,2.1688546080e-01,-2.0801021680e-04,-3.1112614564e-02,-5.7988806819e-01,0.0000000000e+00,1.0034915396e-03,-1.2545477285e-03,1.5854211636e+00
11852,2024-09-25 07:35:00,0.143401,175798.646361,124308.414966,1.005 omega + -0.005 theta omega + 0.140 omega^2 + -0.001 theta^2 omega + 0.057 theta omega^2 + -1.056 omega^3,0.001 1 + 0.011 omega + -0.003 theta omega + -0.154 omega^2 + 0.037 theta omega^2 + 0.326 omega^3,7.0557390212e-04,-3.1831345808e-04,1.0804334158e-02,6.3476800119e-05,-3.4648267491e-03,-1.5414621708e-01,0.0000000000e+00,-4.1125769949e-04,3.6735018483e-02,3.2588711114e-01
11853,2024-09-25 07:40:00,0.038697,5.385254,3.808048,0.018 1 + -0.001 theta + 0.585 omega + 0.010 theta omega + 2.909 omega^2 + -0.050 theta omega^2 + -6.051 omega^3,0.047 1 + -0.001 theta + -1.014 omega + 0.025 theta omega + 6.957 omega^2 + -0.113 theta omega^2 + -14.509 omega^3,4.6575264099e-02,-1.4735758505e-03,-1.0137252770e+00,0.0000000000e+00,2.4838307360e-02,6.9571748503e+00,0.0000000000e+00,4.0912847845e-05,-1.1264003235e-01,-1.4508923730e+01
11854,2024-09-25 07:45:00,0.178629,25.491956,18.025978,-0.007 1 + 0.001 theta + 0.864 omega + -0.004 theta omega + 1.893 omega^2 + -0.041 theta omega^2 + -4.674 omega^3,-0.022 1 + 0.004 theta + -0.301 omega + -0.014 theta omega + 4.786 omega^2 + 0.001 theta^2 omega + -0.084 theta omega^2 + -12.618 omega^3,-2.2000068861e-02,4.1333983651e-03,-3.0077304841e-01,-1.4425785835e-04,-1.4375388700e-02,4.7858136207e+00,0.0000000000e+00,9.6298071967e-04,-8.4225062366e-02,-1.2617937800e+01
11855,2024-09-25 07:50:00,nan,nan,nan,-0.003 1 + 0.004 theta + 1.009 omega + -0.001 theta^2 + -0.013 theta omega + 0.103 omega^2 + 0.002 theta^2 omega + -0.030 theta omega^2 + 0.792 omega^3,-0.006 1 + 0.007 theta + 0.021 omega + -0.001 theta^2 + -0.028 theta omega + 0.196 omega^2 + 0.004 theta^2 omega + -0.059 theta omega^2 + 1.709 omega^3,-6.4785857174e-03,7.1993701638e-03,2.0504060281e-02,-1.4400988295e-03,-2.7511220400e-02,1.9585749271e-01,7.4835477101e-05,3.5242249138e-03,-5.9361174916e-02,1.7094017307e+00
11856,2024-09-25 07:55:00,0.107455,5.373674,3.800521,0.001 1 + -0.001 theta + 0.990 omega + 0.015 theta omega + 0.410 omega^2 + -0.001 theta^2 omega + -0.068 theta omega^2 + -2.551 omega^3,0.002 1 + -0.002 theta + -0.015 omega + 0.031 theta omega + 0.822 omega^2 + -0.002 theta^2 omega + -0.140 theta omega^2 + -5.137 omega^3,1.6353618421e-03,-1.7174904743e-03,-1.5241045595e-02,6.4848752253e-05,3.0694841950e-02,8.2242764911e-01,3.6694388652e-06,-1.6460116548e-03,-1.4027946865e-01,-5.1368746623e+00
11857,2024-09-25 08:00:00,0.068354,3.407667,2.410069,-0.008 1 + -0.002 theta + 1.192 omega + -0.001 theta omega + -0.768 omega^2 + 0.014 theta omega^2 + 0.842 omega^3,-0.016 1 + -0.004 theta + 0.379 omega + -0.002 theta omega + -1.479 omega^2 + 0.027 theta omega^2 + 1.541 omega^3,-1.5955175790e-02,-3.8706469325e-03,3.7911043948e-01,2.7855271144e-04,-2.1617274154e-03,-1.4789374416e+00,-4.3827019335e-06,-2.8570371665e-04,2.6750889869e-02,1.5408907032e+00
11858,2024-09-25 08:05:00,0.052073,6.093216,4.308712,0.003 1 + 0.001 theta + 1.012 omega + -0.004 theta omega + -0.291 omega^2 + -0.001 theta^2 omega + -0.212 theta omega^2 + -1.277 omega^3,0.006 1 + 0.002 theta + 0.023 omega + -0.001 theta^2 + -0.007 theta omega + -0.589 omega^2 + -0.001 theta^2 omega + -0.420 theta omega^2 + -2.451 omega^3,5.5634054347e-03,1.5379587223e-03,2.3229272392e-02,-9.2438008076e-04,-7.1010193788e-03,-5.8908787600e-01,-1.4232856349e-04,-1.4987751408e-03,-4.2028829909e-01,-2.4513707937e+00
11859,2024-09-25 08:10:00,nan,nan,nan,0.088 1 + -0.018 theta + 0.203 omega + 0.001 theta^2 + 0.115 theta omega + 1.082 omega^2 + -0.004 theta^2 omega + -0.102 theta omega^2 + 2.446 omega^3,0.176 1 + -0.035 theta + -1.602 omega + 0.002 theta^2 + 0.232 theta omega + 2.126 omega^2 + -0.008 theta^2 omega + -0.204 theta omega^2 + 5.313 omega^3,1.7572134701e-01,-3.5306915677e-02,-1.6019730638e+00,2.3318802283e-03,2.3235663320e-01,2.1255205354e+00,-5.0946147265e-05,-8.2740112126e-03,-2.0402365010e-01,5.3126825658e+00
11860,2024-09-25 08:15:00,0.007785,0.153411,0.108618,1.002 omega + 0.004 theta omega + 0.058 omega^2 + 0.001 theta^2 omega + 0.013 theta omega^2 + -1.780 omega^3,0.003 omega + 0.009 theta omega + 0.109 omega^2 + 0.002 theta^2 omega + 0.022 theta omega^2 + -3.225 omega^3,-4.4044061895e-04,8.9262640608e-05,2.7847233276e-03,-2.4539399813e-04,9.1821473322e-03,1.0936119876e-01,-8.3999607553e-05,2.1569387445e-03,2.2344102518e-02,-3.2250911551e+00
11861,2024-09-25 08:20:00,0.036179,3.532859,2.498239,0.004 1 + -0.001 theta + 0.948 omega + 0.005 theta omega + 0.253 omega^2 + -0.005 theta omega^2 + -0.594 omega^3,0.017 1 + -0.002 theta + -0.186 omega + 0.020 theta omega + 0.412 omega^2 + -0.001 theta^2 omega + -0.026 theta omega^2 + 0.438 omega^3,1.6984484399e-02,-2.4582887983e-03,-1.8641478297e-01,8.7413470338e-05,2.0401300133e-02,4.1185471947e-01,0.0000000000e+00,-5.6829309848e-04,-2.5686475154e-02,4.3781061319e-01
11862,2024-09-25 08:25:00,0.006969,0.383011,0.270874,0.088 1 + 0.003 theta + -0.791 omega + -0.032 theta omega + 11.912 omega^2 + 0.095 theta omega^2 + -25.830 omega^3,0.232 1 + 0.006 theta + -4.648 omega + -0.075 theta omega + 30.550 omega^2 + 0.229 theta omega^2 + -65.854 omega^3,2.3171142617e-01,5.9686468547e-03,-4.6481340336e+00,3.4928675533e-05,-7.4760601800e-02,3.0549706150e+01,0.0000000000e+00,-1.8411377133e-04,2.2852513887e-01,-6.5854373047e+01
11863,2024-09-25 08:30:00,0.033479,4.611809,3.261127,0.102 1 + -0.007 theta + -0.436 omega + 0.070 theta omega + 6.509 omega^2 + -0.001 theta^2 omega + -0.167 theta omega^2 + -9.326 omega^3,0.050 1 + -0.003 theta + -0.983 omega + 0.046 theta omega + 5.580 omega^2 + -0.150 theta omega^2 + -9.442 omega^3,4.9996896325e-02,-3.0384575970e-03,-9.8343859715e-01,4.4580416731e-05,4.6300854036e-02,5.5799775561e+00,0.0000000000e+00,-4.5478001865e-04,-1.5021343028e-01,-9.4416359117e+00
11864,2024-09-25 08:35:00,0.224000,16.743487,11.840493,0.001 1 + 0.977 omega + -0.002 theta omega + 0.389 omega^2 + 0.006 theta omega^2 + -0.511 omega^3,0.002 1 + -0.001 theta + -0.046 omega + -0.005 theta omega + 0.856 omega^2 + 0.009 theta omega^2 + -1.306 omega^3,2.4088782563e-03,-9.9522246295e-04,-4.6479782063e-02,1.0009791930e-04,-4.5232628450e-03,8.5552019154e-01,-2.0380919699e-06,-3.7282353293e-05,9.2956361190e-03,-1.3064369856e+00
11865,2024-09-25 08:40:00,0.092482,8.901480,6.294636,-0.002 1 + 0.002 theta + 0.880 omega + -0.001 theta^2 + 0.044 theta omega + 0.188 omega^2 + -0.001 theta^2 omega + -0.279 theta omega^2 + 9.731 omega^3,-0.004 1 + 0.004 theta + -0.238 omega + -0.001 theta^2 + 0.088 theta omega + 0.341 omega^2 + -0.003 theta^2 omega + -0.559 theta omega^2 + 19.553 omega^3,-3.5271798522e-03,4.3598112797e-03,-2.3833905323e-01,-1.2349179457e-03,8.8341830957e-02,3.4147197401e-01,7.3508057233e-05,-2.5422153432e-03,-5.5889609474e-01,1.9553330615e+01
11866,2024-09-25 08:45:00,0.016268,1.047848,0.741030,0.001 1 + 0.995 omega + 0.008 theta omega + -0.283 omega^2 + -0.085 theta omega^2 + 4.885 omega^3,0.001 1 + -0.001 theta + -0.002 omega + 0.021 theta omega + -0.950 omega^2 + 0.001 theta^2 omega + -0.278 theta omega^2 + 15.343 omega^3,1.0041643373e-03,-5.6575934017e-04,-1.9282646533e-03,-9.4808005504e-06,2.1414871159e-02,-9.5045177742e-01,-1.3858635418e-06,8.6765430183e-04,-2.7812724456e-01,1.5343441285e+01
11867,2024-09-25 08:50:00,0.009459,0.936443,0.662199,-0.215 1 + 0.005 theta + 4.515 omega + -0.061 theta omega + -18.397 omega^2 + 0.192 theta omega^2 + 30.228 omega^3,-0.460 1 + 0.010 theta + 7.560 omega + -0.128 theta omega + -40.006 omega^2 + 0.404 theta omega^2 + 66.986 omega^3,-4.6004372742e-01,1.0243084591e-02,7.5597540986e+00,-2.7099750563e-05,-1.2835866034e-01,-4.0005925310e+01,0.0000000000e+00,1.6018565376e-04,4.0369217235e-01,6.6985908747e+01
11868,2024-09-25 08:55:00,nan,nan,nan,-0.033 1 + 0.006 theta + 1.295 omega + -0.044 theta omega + -0.566 omega^2 + 0.001 theta^2 omega + 0.066 theta omega^2 + 0.542 omega^3,-0.033 1 + 0.006 theta + 0.306 omega + -0.049 theta omega + -0.633 omega^2 + 0.001 theta^2 omega + 0.077 theta omega^2 + 1.245 omega^3,-3.3331250118e-02,5.5269577014e-03,3.0570960694e-01,-8.4137551224e-05,-4.9395164050e-02,-6.3325827457e-01,0.0000000000e+00,5.6587583900e-04,7.7105653480e-02,1.2454502334e+00
11869,2024-09-25 09:00:00,nan,nan,nan,0.060 1 + -0.019 theta + 0.375 omega + 0.002 theta^2 + 0.146 theta omega + 0.714 omega^2 + -0.008 theta^2 omega + -0.125 theta omega^2 + 3.604 omega^3,0.120 1 + -0.038 theta + -1.254 omega + 0.004 theta^2 + 0.293 theta omega + 1.463 omega^2 + -0.017 theta^2 omega + -0.255 theta omega^2 + 7.309 omega^3,1.1953855864e-01,-3.8172992424e-02,-1.2535104042e+00,4.0583810769e-03,2.9264230641e-01,1.4627280425e+00,-1.4408014935e-04,-1.6992086671e-02,-2.5504584293e-01,7.3091957768e+00
11870,2024-09-25 09:05:00,0.007271,0.210281,0.148780,0.001 1 + 0.945 omega + 0.014 theta omega + 0.231 omega^2 + 0.003 theta^2 omega + -0.382 theta omega^2 + 8.167 omega^3,0.001 1 + -0.116 omega + 0.043 theta omega + -0.139 omega^2 + 0.004 theta^2 omega + -0.762 theta omega^2 + 26.859 omega^3,8.3928769899e-04,4.6281662298e-04,-1.1559659283e-01,-2.5227607109e-04,4.3061741805e-02,-1.3883295324e-01,0.0000000000e+00,4.0356311128e-03,-7.6183820632e-01,2.6859295480e+01
11871,2024-09-25 09:10:00,0.073356,6.676007,4.720935,0.016 1 + -0.004 theta + 0.796 omega + 0.041 theta omega + 0.330 omega^2 + -0.002 theta^2 omega + -0.036 theta omega^2 + 0.132 omega^3,0.032 1 + -0.007 theta + -0.406 omega + 0.082 theta omega + 0.656 omega^2 + -0.004 theta^2 omega + -0.074 theta omega^2 + 0.452 omega^3,3.2005153015e-02,-7.2094743119e-03,-4.0622681974e-01,4.3641174638e-04,8.2066451148e-02,6.5641247626e-01,-6.6761516238e-06,-3.7492114171e-03,-7.3993825846e-02,4.5188792232e-01
11872,2024-09-25 09:15:00,0.063041,8.843336,6.253342,-0.003 1 + 0.001 theta + 0.929 omega + -0.003 theta omega + 1.119 omega^2 + -0.026 theta omega^2 + -2.764 omega^3,-0.005 1 + 0.001 theta + -0.138 omega + -0.006 theta omega + 2.152 omega^2 + -0.053 theta omega^2 + -5.278 omega^3,-4.9503203590e-03,1.2989696654e-03,-1.3771635778e-01,-4.6003390289e-05,-5.6593232132e-03,2.1524274765e+00,0.0000000000e+00,4.3353410803e-04,-5.2620221295e-02,-5.2783142734e+00
11873,2024-09-25 09:20:00,0.019954,0.780254,0.551903,0.009 1 + 0.697 omega + 0.006 theta omega + 3.182 omega^2 + -0.048 theta omega^2 + -10.021 omega^3,0.017 1 + -0.608 omega + 0.011 theta omega + 6.785 omega^2 + -0.098 theta omega^2 + -22.832 omega^3,1.7096205872e-02,-4.7139540889e-04,-6.0757968121e-01,-1.5823571053e-06,1.1300958882e-02,6.7848085494e+00,0.0000000000e+00,1.4544757618e-04,-9.8233328546e-02,-2.2832259264e+01
11874,2024-09-25 09:25:00,0.075595,1.874840,1.326789,-0.010 1 + 0.004 theta + 1.150 omega + -0.033 theta omega + -0.668 omega^2 + 0.001 theta^2 omega + 0.029 theta omega^2 + 0.841 omega^3,-0.020 1 + 0.008 theta + 0.299 omega + -0.065 theta omega + -1.355 omega^2 + 0.003 theta^2 omega + 0.059 theta omega^2 + 1.590 omega^3,-1.9787896433e-02,8.0861305376e-03,2.9866509864e-01,-4.8081445101e-04,-6.5106774034e-02,-1.3546896202e+00,3.5003783339e-06,2.8637213481e-03,5.9231899159e-02,1.5904704330e+00
11875,2024-09-25 09:30:00,0.070139,2.233289,1.579953,-0.007 1 + -0.004 theta + 1.006 omega + -0.001 theta^2 + 0.276 omega^2 + -0.007 theta omega^2 + -1.527 omega^3,-0.013 1 + -0.007 theta + 0.014 omega + -0.002 theta^2 + 0.001 theta omega + 0.542 omega^2 + -0.014 theta omega^2 + -2.969 omega^3,-1.3018754375e-02,-6.9035244565e-03,1.3627351404e-02,-1.5063454889e-03,6.8345930109e-04,5.4172018456e-01,-9.6149626236e-05,7.3110139208e-05,-1.3802234737e-02,-2.9686280294e+00
11876,2024-09-25 09:35:00,0.035411,4.284621,3.029788,-0.028 1 + 0.001 theta + 1.387 omega + -0.024 theta omega + -1.034 omega^2 + 0.092 theta omega^2 + -1.262 omega^3,-0.057 1 + 0.002 theta + 0.789 omega + -0.049 theta omega + -2.151 omega^2 + 0.186 theta omega^2 + -2.349 omega^3,-5.7049632384e-02,2.0684429314e-03,7.8900124020e-01,1.0648434278e-04,-4.9350504680e-02,-2.1507843520e+00,-1.3001933418e-06,-2.3301915931e-04,1.8607953136e-01,-2.3494311994e+00
11877,2024-09-25 09:40:00,nan,nan,nan,0.001 theta + 1.006 omega + -0.006 theta omega + -0.252 omega^2 + 0.006 theta omega^2 + 1.833 omega^3,-0.003 1 + 0.001 theta + 0.035 omega + -0.012 theta omega + -0.236 omega^2 + 0.001 theta^2 omega + -0.003 theta omega^2 + 2.642 omega^3,-3.0451257108e-03,1.0639571343e-03,3.5236179275e-02,-5.7585424304e-05,-1.1785593020e-02,-2.3612530134e-01,0.0000000000e+00,5.8298097013e-04,-3.4107753140e-03,2.6418350481e+00
11878,2024-09-25 09:45:00,0.015563,0.589076,0.416685,0.001 1 + -0.001 theta + 1.002 omega + -0.002 theta omega + 0.601 omega^2 + -0.013 theta omega^2 + -1.999 omega^3,0.002 1 + 0.001 theta + -0.069 omega + -0.019 theta omega + 1.357 omega^2 + 0.001 theta^2 omega + 0.007 theta omega^2 + -3.793 omega^3,1.7362090403e-03,1.1535165611e-03,-6.8886720822e-02,-4.6380005384e-05,-1.9292814601e-02,1.3572030285e+00,0.0000000000e+00,6.8847724245e-04,6.8162143111e-03,-3.7929112664e+00
11879,2024-09-25 09:50:00,0.015788,0.367180,0.259875,-0.003 1 + -0.002 theta + 1.152 omega + 0.007 theta omega + -0.925 omega^2 + -0.001 theta^2 omega + 0.034 theta omega^2 + 0.787 omega^3,-0.003 1 + 0.127 omega + -0.011 theta omega + -0.553 omega^2 + 0.081 theta omega^2 + -2.133 omega^3,-2.5047905104e-03,-2.3236931382e-05,1.2726594643e-01,2.0114358887e-05,-1.0988471555e-02,-5.5298095745e-01,0.0000000000e+00,-1.2314615779e-04,8.1312658355e-02,-2.1331634701e+00
11880,2024-09-25 09:55:00,0.008150,0.179791,0.127262,0.052 1 + 0.004 theta + -0.691 omega + -0.082 theta omega + 17.839 omega^2 + -0.001 theta^2 omega + 0.394 theta omega^2 + -60.715 omega^3,0.065 1 + 0.005 theta + -2.189 omega + -0.107 theta omega + 23.619 omega^2 + -0.001 theta^2 omega + 0.494 theta omega^2 + -81.151 omega^3,6.4755804214e-02,5.3015174366e-03,-2.1886686995e+00,1.0522630996e-04,-1.0651197856e-01,2.3619087294e+01,0.0000000000e+00,-7.5081914926e-04,4.9394989126e-01,-8.1150603664e+01
11881,2024-09-25 10:00:00,0.006347,0.402860,0.284900,0.003 theta + 0.572 omega + -0.020 theta omega + 3.670 omega^2 + 0.031 theta omega^2 + -7.853 omega^3,0.806 1 + -0.010 theta + -11.061 omega + 0.096 theta omega + 50.354 omega^2 + -0.218 theta omega^2 + -76.109 omega^3,8.0574882927e-01,-1.0377734342e-02,-1.1061013545e+01,4.1129759295e-05,9.6140485493e-02,5.0354457127e+01,0.0000000000e+00,-2.1968641139e-04,-2.1814651884e-01,-7.6109387827e+01
11882,2024-09-25 10:05:00,0.028516,0.969141,0.685583,-0.126 1 + 0.003 theta + 2.393 omega + -0.033 theta omega + -4.050 omega^2 + 0.080 theta omega^2 + 1.184 omega^3,-0.249 1 + 0.006 theta + 2.730 omega + -0.064 theta omega + -7.846 omega^2 + 0.157 theta omega^2 + 1.993 omega^3,-2.4886825593e-01,6.4944431881e-03,2.7302686854e+00,-2.8925847136e-05,-6.4307878698e-02,-7.8459958625e+00,0.0000000000e+00,1.5862085060e-04,1.5715265712e-01,1.9925298971e+00
11883,2024-09-25 10:10:00,0.019182,0.801476,0.566891,0.005 1 + 0.001 theta + 0.857 omega + -0.010 theta omega + 1.238 omega^2 + 0.015 theta omega^2 + -2.989 omega^3,0.010 1 + 0.002 theta + -0.297 omega + -0.019 theta omega + 2.578 omega^2 + 0.029 theta omega^2 + -6.228 omega^3,1.0090162464e-02,1.9846484505e-03,-2.9748886115e-01,-3.6669095493e-05,-1.8868109065e-02,2.5784308998e+00,0.0000000000e+00,2.6602757207e-04,2.8682274518e-02,-6.2275079456e+00
11884,2024-09-25 10:15:00,nan,nan,nan,-0.014 1 + -0.001 theta + 1.321 omega + 0.003 theta omega + -1.859 omega^2 + 0.015 theta omega^2 + 2.797 omega^3,-0.027 1 + -0.002 theta + 0.602 omega + 0.003 theta omega + -3.266 omega^2 + 0.040 theta omega^2 + 4.093 omega^3,-2.7185061065e-02,-1.7709660888e-03,6.0243641340e-01,6.2964441224e-05,2.9100684831e-03,-3.2659447947e+00,0.0000000000e+00,-3.5618885196e-04,4.0437996933e-02,4.0929256777e+00
11885,2024-09-25 10:20:00,0.005653,0.193648,0.136988,-0.263 1 + -0.008 theta + 7.543 omega + 0.133 theta omega + -53.777 omega^2 + -0.514 theta omega^2 + 145.884 omega^3,-0.511 1 + -0.017 theta + 12.712 omega + 0.268 theta omega + -104.485 omega^2 + 0.001 theta^2 omega + -1.038 theta omega^2 + 283.585 omega^3,-5.1133207587e-01,-1.6911451278e-02,1.2711995641e+01,-1.3713814022e-04,2.6755642919e-01,-1.0448464066e+02,0.0000000000e+00,9.3783633291e-04,-1.0383433783e+00,2.8358519646e+02
11886,2024-09-25 10:25:00,nan,nan,nan,-0.150 1 + 0.003 theta + 2.657 omega + -0.022 theta omega + -5.982 omega^2 + 0.038 theta omega^2 + 7.219 omega^3,-0.290 1 + 0.006 theta + 3.192 omega + -0.043 theta omega + -11.465 omega^2 + 0.075 theta omega^2 + 13.792 omega^3,-2.8971196762e-01,5.5848627910e-03,3.1919246319e+00,-3.0725654948e-05,-4.3216420653e-02,-1.1465074409e+01,0.0000000000e+00,1.5965394365e-04,7.4513436398e-02,1.3791584021e+01
11887,2024-09-25 10:30:00,0.042198,6.765781,4.784223,0.055 1 + -0.144 omega + 0.014 theta omega + 7.086 omega^2 + -0.075 theta omega^2 + -13.390 omega^3,0.110 1 + -0.001 theta + -2.283 omega + 0.029 theta omega + 14.132 omega^2 + -0.150 theta omega^2 + -26.674 omega^3,1.0987252370e-01,-6.5946187000e-04,-2.2830226389e+00,-5.9008191303e-05,2.9075602580e-02,1.4131888729e+01,0.0000000000e+00,3.5943425581e-04,-1.4996549374e-01,-2.6674349706e+01
11888,2024-09-25 10:35:00,8.927547,231.223368,163.621434,-0.022 1 + 0.002 theta + 1.134 omega + -0.010 theta omega + -0.009 omega^2 + 0.007 theta omega^2 + -0.261 omega^3,-0.042 1 + 0.003 theta + 0.263 omega + -0.020 theta omega + -0.021 omega^2 + 0.012 theta omega^2 + -0.470 omega^3,-4.2391754992e-02,2.9604731913e-03,2.6276007002e-01,-4.3364786722e-05,-1.9649140055e-02,-2.1055888791e-02,0.0000000000e+00,2.6339486103e-04,1.1898467217e-02,-4.6953830217e-01
11889,2024-09-25 10:40:00,0.009524,0.670512,0.474171,-0.029 1 + 1.466 omega + -0.002 theta omega + -2.406 omega^2 + 0.009 theta omega^2 + 3.939 omega^3,-0.536 1 + 0.007 theta + 8.769 omega + -0.075 theta omega + -47.742 omega^2 + 0.206 theta omega^2 + 86.503 omega^3,-5.3607100155e-01,6.7742538144e-03,8.7691299956e+00,-2.2974216148e-05,-7.4831736251e-02,-4.7741839435e+01,0.0000000000e+00,1.3639584734e-04,2.0561788217e-01,8.6503289720e+01
11890,2024-09-25 10:45:00,0.012545,0.412585,0.291877,-0.010 1 + 0.991 omega + -0.002 theta omega + 1.369 omega^2 + 0.018 theta omega^2 + -5.526 omega^3,0.001 theta + -0.176 omega + -0.012 theta omega + 2.323 omega^2 + 0.040 theta omega^2 + -7.330 omega^3,-2.4548709897e-05,8.4526244453e-04,-1.7555373881e-01,0.0000000000e+00,-1.2174468486e-02,2.3229852345e+00,0.0000000000e+00,5.7877606968e-06,3.9561512366e-02,-7.3296265918e+00
11891,2024-09-25 10:50:00,0.015870,0.992938,0.702203,0.001 1 + 0.953 omega + -0.008 theta omega + 0.864 omega^2 + 0.065 theta omega^2 + -4.773 omega^3,-0.009 1 + -0.001 theta + 0.311 omega + 0.011 theta omega + -3.358 omega^2 + -0.046 theta omega^2 + 11.652 omega^3,-8.9590189407e-03,-6.5795733422e-04,3.1085814311e-01,8.9982075573e-06,1.0819447951e-02,-3.3584523986e+00,0.0000000000e+00,-5.2964527289e-05,-4.5868904023e-02,1.1652452630e+01
11892,2024-09-25 10:55:00,0.031547,4.426157,3.129845,0.060 1 + -0.001 theta + -0.192 omega + 0.019 theta omega + 7.260 omega^2 + -0.086 theta omega^2 + -13.684 omega^3,0.121 1 + -0.002 theta + -2.403 omega + 0.039 theta omega + 14.638 omega^2 + -0.173 theta omega^2 + -27.570 omega^3,1.2146884834e-01,-1.8457636032e-03,-2.4030539560e+00,-3.2138660728e-05,3.9095808070e-02,1.4638235667e+01,0.0000000000e+00,2.0557791396e-04,-1.7289514865e-01,-2.7570327172e+01
11893,2024-09-25 11:00:00,0.014426,1.290602,0.912650,0.213 1 + 0.001 theta + -1.854 omega + -0.006 theta omega + 12.416 omega^2 + 0.004 theta omega^2 + -17.451 omega^3,0.403 1 + 0.002 theta + -5.406 omega + -0.012 theta omega + 23.510 omega^2 + 0.007 theta omega^2 + -32.976 omega^3,4.0346298139e-01,2.3052001727e-03,-5.4064407376e+00,-2.1573782519e-05,-1.2145088649e-02,2.3510215922e+01,0.0000000000e+00,9.7677225622e-05,7.3288110277e-03,-3.2975653413e+01
11894,2024-09-25 11:05:00,0.010605,0.400120,0.283027,-0.019 1 + 0.002 theta + 1.162 omega + -0.017 theta omega + -0.380 omega^2 + 0.033 theta omega^2 + 0.232 omega^3,-0.037 1 + 0.004 theta + 0.291 omega + -0.035 theta omega + -0.584 omega^2 + 0.068 theta omega^2 + 0.178 omega^3,-3.6784293216e-02,4.3874043336e-03,2.9065137227e-01,2.5111843705e-05,-3.5145390899e-02,-5.8379162657e-01,0.0000000000e+00,-8.3881901258e-05,6.7914801583e-02,1.7805453769e-01
11895,2024-09-25 11:10:00,0.012416,1.073073,0.758828,0.102 1 + 0.004 theta + -0.230 omega + -0.012 theta omega + 4.204 omega^2 + 0.003 theta omega^2 + -4.271 omega^3,0.115 1 + -0.003 theta + -1.091 omega + 0.019 theta omega + 3.218 omega^2 + -0.030 theta omega^2 + -2.935 omega^3,1.1450247444e-01,-2.5701909978e-03,-1.0908658372e+00,1.3931745493e-05,1.8502372353e-02,3.2183350169e+00,0.0000000000e+00,-6.6891919212e-05,-2.9983980799e-02,-2.9347562439e+00
11896,2024-09-25 11:15:00,nan,nan,nan,-0.269 1 + 0.007 theta + 4.008 omega + -0.057 theta omega + -11.069 omega^2 + 0.108 theta omega^2 + 13.506 omega^3,-0.527 1 + 0.014 theta + 5.881 omega + -0.112 theta omega + -21.566 omega^2 + 0.213 theta omega^2 + 26.226 omega^3,-5.2689789217e-01,1.3934094804e-02,5.8808091935e+00,-8.4958451130e-05,-1.1189196838e-01,-2.1566388564e+01,0.0000000000e+00,4.2447517408e-04,2.1327799834e-01,2.6225786371e+01
11897,2024-09-25 11:20:00,0.027426,1.781273,1.259699,-0.048 1 + 0.003 theta + 1.520 omega + -0.031 theta omega + -0.941 omega^2 + 0.062 theta omega^2 + -2.521 omega^3,-0.043 1 + 0.004 theta + 0.177 omega + -0.031 theta omega + 2.742 omega^2 + 0.044 theta omega^2 + -13.146 omega^3,-4.3242829932e-02,3.6008334381e-03,1.7706739422e-01,-5.8483116074e-05,-3.1455990900e-02,2.7422582300e+00,0.0000000000e+00,4.0797927997e-04,4.3826706444e-02,-1.3145615696e+01
11898,2024-09-25 11:25:00,0.107817,11.087647,7.840521,-0.001 1 + -0.001 theta + 1.048 omega + 0.004 theta omega + 0.117 omega^2 + -0.005 theta^2 omega + 0.041 theta omega^2 + -5.816 omega^3,-0.002 1 + -0.002 theta + 0.094 omega + 0.008 theta omega + 0.225 omega^2 + -0.010 theta^2 omega + 0.073 theta omega^2 + -11.317 omega^3,-1.7395898567e-03,-1.7612792046e-03,9.3995383837e-02,3.0986227270e-04,7.6979556340e-03,2.2496396282e-01,7.3817735470e-05,-9.6352781615e-03,7.3446700788e-02,-1.1317262449e+01
11899,2024-09-25 11:30:00,nan,nan,nan,-0.026 1 + 0.002 theta + 1.315 omega + -0.017 theta omega + -1.398 omega^2 + 0.017 theta omega^2 + 3.736 omega^3,-0.030 1 + 0.006 theta + -0.156 omega + -0.086 theta omega + 5.871 omega^2 + 0.291 theta omega^2 + -22.576 omega^3,-2.9519383541e-02,5.9535119372e-03,-1.5595348765e-01,7.8040606883e-05,-8.5817938665e-02,5.8710314988e+00,0.0000000000e+00,-4.2447831026e-04,2.9115035050e-01,-2.2575732308e+01
11900,2024-09-25 11:35:00,0.040830,2.644529,1.870187,0.154 1 + -0.001 theta + -1.029 omega + 0.016 theta omega + 8.618 omega^2 + -0.048 theta omega^2 + -11.583 omega^3,0.335 1 + -0.002 theta + -4.472 omega + 0.030 theta omega + 19.389 omega^2 + -0.090 theta omega^2 + -26.892 omega^3,3.3461869266e-01,-2.4768402682e-03,-4.4724648281e+00,-2.1355039014e-05,3.0058704359e-02,1.9388680846e+01,0.0000000000e+00,1.1337092828e-04,-9.0116629287e-02,-2.6892184545e+01
11901,2024-09-25 11:40:00,0.102874,10.856436,7.677004,0.004 1 + 0.805 omega + -0.005 theta omega + 2.114 omega^2 + 0.030 theta omega^2 + -6.314 omega^3,0.011 1 + -0.389 omega + -0.009 theta omega + 3.978 omega^2 + 0.054 theta omega^2 + -11.685 omega^3,1.1063553130e-02,-4.1385313357e-04,-3.8931440126e-01,3.6921731457e-05,-8.5381836415e-03,3.9777375338e+00,0.0000000000e+00,-1.8396759849e-04,5.4121243613e-02,-1.1685060377e+01
11902,2024-09-25 11:45:00,0.007057,0.186921,0.132268,-0.029 1 + 0.004 theta + 1.122 omega + -0.028 theta omega + 0.409 omega^2 + 0.046 theta omega^2 + -1.695 omega^3,1.133 1 + -0.017 theta + -15.856 omega + 0.171 theta omega + 73.358 omega^2 + -0.413 theta omega^2 + -112.287 omega^3,1.1330028416e+00,-1.7380456459e-02,-1.5855931495e+01,6.2551208164e-05,1.7080944416e-01,7.3358039818e+01,0.0000000000e+00,-3.5004790944e-04,-4.1290335527e-01,-1.1228692956e+02
11903,2024-09-25 11:50:00,0.034062,4.249470,3.004926,-0.028 1 + 1.425 omega + -0.008 theta omega + -1.314 omega^2 + 0.073 theta omega^2 + -2.315 omega^3,0.082 1 + 0.003 theta + -1.639 omega + -0.033 theta omega + 10.263 omega^2 + 0.071 theta omega^2 + -18.965 omega^3,8.1704780329e-02,3.1073266559e-03,-1.6394673723e+00,0.0000000000e+00,-3.3254597126e-02,1.0262889370e+01,0.0000000000e+00,4.7485245279e-05,7.0665983200e-02,-1.8965189219e+01
11904,2024-09-25 11:55:00,0.007211,0.515603,0.364622,-0.057 1 + 0.001 theta + 1.642 omega + -0.004 theta omega + -2.500 omega^2 + 3.529 omega^3,-0.112 1 + 0.002 theta + 1.271 omega + -0.008 theta omega + -4.973 omega^2 + -0.001 theta omega^2 + 7.075 omega^3,-1.1219778201e-01,1.6427916097e-03,1.2709485038e+00,-1.5984195137e-05,-7.9176139495e-03,-4.9734721361e+00,0.0000000000e+00,7.5416359185e-05,-1.4302703803e-03,7.0749811299e+00
11905,2024-09-25 12:00:00,0.005509,0.668940,0.473028,0.152 1 + 0.001 theta + -2.132 omega + -0.010 theta omega + 21.285 omega^2 + 0.023 theta omega^2 + -47.416 omega^3,0.314 1 + 0.002 theta + -6.533 omega + -0.028 theta omega + 44.808 omega^2 + 0.074 theta omega^2 + -100.913 omega^3,3.1356294354e-01,2.4666262519e-03,-6.5333345219e+00,-1.0970979534e-05,-2.7938940371e-02,4.4808213055e+01,0.0000000000e+00,7.9274063147e-05,7.3636165793e-02,-1.0091337079e+02
11906,2024-09-25 12:05:00,0.023289,2.195565,1.552587,-0.052 1 + 0.001 theta + 1.384 omega + -0.015 theta omega + 0.390 omega^2 + 0.043 theta omega^2 + -5.094 omega^3,-0.099 1 + 0.002 theta + 0.718 omega + -0.029 theta omega + 0.896 omega^2 + 0.082 theta omega^2 + -10.115 omega^3,-9.8622160221e-02,2.4246339384e-03,7.1780874416e-01,1.1831683804e-05,-2.8759283752e-02,8.9611658853e-01,0.0000000000e+00,-5.4633623051e-05,8.2326402769e-02,-1.0114530883e+01
11907,2024-09-25 12:10:00,nan,nan,nan,0.098 1 + -0.008 theta + 0.170 omega + 0.052 theta omega + 1.229 omega^2 + -0.001 theta^2 omega + -0.068 theta omega^2 + 2.181 omega^3,-0.040 1 + 0.001 theta + 0.597 omega + -0.005 theta omega + -4.013 omega^2 + 0.033 theta omega^2 + 9.217 omega^3,-4.0415415104e-02,9.7409482219e-04,5.9651718279e-01,0.0000000000e+00,-4.7459054216e-03,-4.0128817205e+00,0.0000000000e+00,-1.5636778792e-04,3.2844965062e-02,9.2174897457e+00
11908,2024-09-25 12:15:00,0.056646,6.317374,4.467238,-0.001 theta + 0.999 omega + 0.017 theta omega + 0.053 omega^2 + -0.001 theta^2 omega + -0.017 theta omega^2 + -1.637 omega^3,0.001 1 + -0.002 theta + 0.002 omega + 0.034 theta omega + 0.058 omega^2 + -0.001 theta^2 omega + -0.038 theta omega^2 + -2.892 omega^3,7.9407836942e-04,-1.6807591447e-03,2.4062490048e-03,-6.0801035777e-05,3.3880213017e-02,5.8447444950e-02,5.6085910760e-06,-1.1341990876e-03,-3.8220060610e-02,-2.8916078621e+00
11909,2024-09-25 12:20:00,0.044342,4.232744,2.993166,-0.009 1 + -0.001 theta + 1.074 omega + 0.661 omega^2 + 0.023 theta omega^2 + -4.564 omega^3,-0.020 1 + -0.001 theta + 0.148 omega + -0.001 theta omega + 1.426 omega^2 + 0.046 theta omega^2 + -9.424 omega^3,-2.0438555226e-02,-1.1806319727e-03,1.4824944873e-01,7.1380955302e-05,-5.9569634591e-04,1.4264220660e+00,0.0000000000e+00,-4.4046595429e-04,4.6261871551e-02,-9.4240088884e+00
11910,2024-09-25 12:25:00,0.018724,0.908159,0.642302,0.011 1 + -0.002 theta + 0.801 omega + 0.027 theta omega + 0.578 omega^2 + -0.001 theta^2 omega + -0.075 theta omega^2 + 1.858 omega^3,0.022 1 + -0.004 theta + -0.394 omega + 0.053 theta omega + 1.136 omega^2 + -0.002 theta^2 omega + -0.149 theta omega^2 + 3.852 omega^3,2.1544656372e-02,-4.1148606738e-03,-3.9432689940e-01,3.7086698053e-04,5.2523638014e-02,1.1363234554e+00,-1.2170258422e-05,-1.7705440675e-03,-1.4877977918e-01,3.8521830629e+00
11911,2024-09-25 12:30:00,0.091701,12.332721,8.720791,-0.001 theta + 1.007 omega + 0.003 theta omega + 0.454 omega^2 + -0.002 theta omega^2 + -1.404 omega^3,-0.003 theta + 0.015 omega + 0.006 theta omega + 0.903 omega^2 + -0.001 theta^2 omega + -0.004 theta omega^2 + -2.792 omega^3,2.2554608229e-04,-2.9631544700e-03,1.5230701331e-02,1.9114999411e-04,5.5396878701e-03,9.0327465156e-01,-9.9729103103e-07,-6.2068366378e-04,-3.8887982692e-03,-2.7924422375e+00
11912,2024-09-25 12:35:00,nan,nan,nan,-0.102 1 + 0.004 theta + 2.390 omega + -0.048 theta omega + -5.755 omega^2 + 0.130 theta omega^2 + 6.726 omega^3,-0.224 1 + 0.010 theta + 2.959 omega + -0.104 theta omega + -11.950 omega^2 + 0.001 theta^2 omega + 0.271 theta omega^2 + 13.588 omega^3,-2.2370611790e-01,9.6618964255e-03,2.9586289654e+00,-7.6866886152e-05,-1.0412993980e-01,-1.1950483954e+01,0.0000000000e+00,5.0578759748e-04,2.7132085639e-01,1.3587606727e+01
11913,2024-09-25 12:40:00,nan,nan,nan,-0.121 1 + 0.001 theta + 2.846 omega + -0.018 theta omega + -8.573 omega^2 + 0.077 theta omega^2 + 11.165 omega^3,-0.243 1 + 0.002 theta + 3.703 omega + -0.036 theta omega + -17.230 omega^2 + 0.153 theta omega^2 + 22.562 omega^3,-2.4312831030e-01,1.7416606188e-03,3.7033519227e+00,4.2911422183e-05,-3.5685434116e-02,-1.7230154512e+01,0.0000000000e+00,-2.6740359798e-04,1.5275935120e-01,2.2562317147e+01
11914,2024-09-25 12:45:00,nan,nan,nan,-0.036 1 + 0.008 theta + 1.236 omega + -0.049 theta omega + -0.790 omega^2 + 0.002 theta^2 omega + 0.048 theta omega^2 + 3.251 omega^3,-0.073 1 + 0.015 theta + 0.473 omega + -0.001 theta^2 + -0.098 theta omega + -1.590 omega^2 + 0.004 theta^2 omega + 0.096 theta omega^2 + 6.509 omega^3,-7.2525725322e-02,1.5016221870e-02,4.7315420657e-01,-8.4358061399e-04,-9.7567509973e-02,-1.5902052410e+00,1.2966998379e-05,3.8036353477e-03,9.6337136998e-02,6.5088379554e+00
11915,2024-09-25 12:50:00,0.037695,1.122208,0.793968,0.002 1 + 0.001 theta + 1.029 omega + -0.003 theta omega + -0.149 omega^2 + -0.001 theta^2 omega + -0.035 theta omega^2 + -1.901 omega^3,0.004 1 + 0.001 theta + 0.059 omega + -0.007 theta omega + -0.305 omega^2 + -0.002 theta^2 omega + -0.073 theta omega^2 + -3.742 omega^3,4.2105387707e-03,1.4018596743e-03,5.8633536225e-02,-3.6206599473e-04,-6.6762469575e-03,-3.0481323415e-01,-6.5089480546e-05,-1.5052110563e-03,-7.3436131449e-02,-3.7415308261e+00
11916,2024-09-25 12:55:00,nan,nan,nan,0.012 1 + 0.001 theta + 1.221 omega + 0.006 theta omega + 1.260 omega^2 + 0.038 theta omega^2 + 1.403 omega^3,0.022 1 + 0.001 theta + 0.466 omega + 0.007 theta omega + 3.531 omega^2 + -0.016 theta omega^2 + 10.060 omega^3,2.2260986640e-02,1.3215967040e-03,4.6556184340e-01,3.0437064226e-05,6.9846335954e-03,3.5313370759e+00,0.0000000000e+00,2.1004140749e-04,-1.5968731814e-02,1.0060075175e+01
11917,2024-09-25 13:00:00,0.012392,0.424041,0.299971,0.084 1 + 2.383 omega + -0.005 theta omega + 7.810 omega^2 + -0.024 theta omega^2 + 14.759 omega^3,0.166 1 + 2.732 omega + -0.010 theta omega + 15.390 omega^2 + -0.046 theta omega^2 + 29.046 omega^3,1.6586274638e-01,1.1616499573e-04,2.7321211330e+00,3.2625829256e-05,-9.6305972855e-03,1.5389731758e+01,0.0000000000e+00,1.4777534552e-04,-4.5906948353e-02,2.9046282093e+01
11918,2024-09-25 13:05:00,0.017399,2.179374,1.541100,-0.008 1 + 0.001 theta + 0.699 omega + 0.005 theta omega + -1.987 omega^2 + 0.011 theta omega^2 + -3.326 omega^3,0.001 1 + 0.002 theta + -0.186 omega + 0.019 theta omega + -2.044 omega^2 + 0.063 theta omega^2 + -5.494 omega^3,1.3232008409e-03,1.5105456289e-03,-1.8649561971e-01,-2.2022111492e-05,1.9127373521e-02,-2.0438199847e+00,0.0000000000e+00,-1.3433903498e-04,6.3123196649e-02,-5.4939670096e+00
11919,2024-09-25 13:10:00,nan,nan,nan,0.053 1 + 0.004 theta + 1.448 omega + 0.030 theta omega + 0.935 omega^2 + 0.029 theta omega^2 + 0.555 omega^3,0.073 1 + 0.005 theta + 0.522 omega + 0.038 theta omega + 0.471 omega^2 + 0.001 theta^2 omega + 0.018 theta omega^2 + -0.530 omega^3,7.3490349819e-02,5.3873481156e-03,5.2217573327e-01,6.7821514479e-05,3.7953768907e-02,4.7106798980e-01,-8.5436038728e-07,6.4944585058e-04,1.8459667635e-02,-5.3010390550e-01
11920,2024-09-25 13:15:00,0.153646,5.105977,3.612105,-0.011 1 + -0.002 theta + 0.850 omega + -0.028 theta omega + -0.638 omega^2 + -0.001 theta^2 omega + -0.096 theta omega^2 + -0.690 omega^3,-0.021 1 + -0.003 theta + -0.295 omega + -0.055 theta omega + -1.260 omega^2 + -0.001 theta^2 omega + -0.191 theta omega^2 + -1.371 omega^3,-2.1066179707e-02,-3.1621640275e-03,-2.9522820175e-01,7.1396669536e-05,-5.4655277689e-02,-1.2598631942e+00,1.0656039833e-05,-1.1856980397e-03,-1.9111150675e-01,-1.3705777808e+00
11921,2024-09-25 13:20:00,nan,nan,nan,0.001 1 + -0.001 theta + 0.995 omega + 0.002 theta omega + 0.072 omega^2 + -0.005 theta omega^2 + 0.234 omega^3,0.002 1 + -0.001 theta + -0.010 omega + 0.005 theta omega + 0.141 omega^2 + -0.009 theta omega^2 + 0.379 omega^3,2.0279783369e-03,-1.1640137720e-03,-9.6614562109e-03,-9.2074945670e-05,5.2553831755e-03,1.4085183449e-01,1.9691425756e-06,2.5275162024e-04,-9.4369274688e-03,3.7875246041e-01
11922,2024-09-25 13:25:00,nan,nan,nan,-0.282 1 + 0.010 theta + 4.783 omega + -0.086 theta omega + -17.005 omega^2 + 0.001 theta^2 omega + 0.183 theta omega^2 + 25.797 omega^3,-0.298 1 + 0.008 theta + 4.148 omega + -0.076 theta omega + -19.476 omega^2 + 0.164 theta omega^2 + 31.192 omega^3,-2.9831652672e-01,8.2108672358e-03,4.1484392330e+00,-6.2086620986e-05,-7.5767569811e-02,-1.9475529697e+01,0.0000000000e+00,3.5004748259e-04,1.6444081742e-01,3.1192359598e+01
11923,2024-09-25 13:30:00,0.013495,0.622736,0.440444,-0.008 1 + 0.003 theta + 1.136 omega + -0.049 theta omega + -1.018 omega^2 + 0.060 theta omega^2 + 7.333 omega^3,-0.009 1 + 0.004 theta + 0.127 omega + -0.052 theta omega + -0.337 omega^2 + 0.172 theta omega^2 + -0.580 omega^3,-8.9284296756e-03,3.9138744220e-03,1.2728504146e-01,4.5224409864e-05,-5.2154823280e-02,-3.3666643824e-01,0.0000000000e+00,-2.7284122178e-04,1.7228130236e-01,-5.8021536002e-01
11924,2024-09-25 13:35:00,0.042214,2.813275,1.989510,-0.034 1 + 0.002 theta + 1.281 omega + -0.013 theta omega + -0.371 omega^2 + 0.010 theta omega^2 + -0.400 omega^3,-0.079 1 + 0.005 theta + 0.778 omega + -0.043 theta omega + -2.124 omega^2 + 0.001 theta^2 omega + 0.055 theta omega^2 + 1.906 omega^3,-7.8855610069e-02,5.3900717645e-03,7.7841611423e-01,-8.9719783547e-05,-4.3101153404e-02,-2.1239166519e+00,0.0000000000e+00,5.8517013339e-04,5.4954295723e-02,1.9057780399e+00
11925,2024-09-25 13:40:00,0.099577,2.917805,2.064401,-0.001 1 + 0.994 omega + -0.007 theta omega + 0.214 omega^2 + -0.002 theta^2 omega + 0.069 theta omega^2 + 0.343 omega^3,-0.003 1 + -0.001 theta + -0.012 omega + -0.014 theta omega + 0.427 omega^2 + -0.003 theta^2 omega + 0.139 theta omega^2 + 0.776 omega^3,-2.6998190876e-03,-6.6462572638e-04,-1.1833071024e-02,1.0430756731e-04,-1.4232893057e-02,4.2680894403e-01,9.2103142987e-06,-3.3117000447e-03,1.3928976431e-01,7.7583184036e-01
11926,2024-09-25 13:45:00,1.184436,43.964301,31.098735,-0.094 1 + 0.005 theta + 1.664 omega + -0.036 theta omega + -0.522 omega^2 + 0.043 theta omega^2 + -2.326 omega^3,-0.194 1 + 0.011 theta + 1.388 omega + -0.073 theta omega + -1.303 omega^2 + 0.001 theta^2 omega + 0.089 theta omega^2 + -4.246 omega^3,-1.9356450791e-01,1.1263959597e-02,1.3878179317e+00,-1.6855087702e-04,-7.3404868194e-02,-1.3030761688e+00,2.9925155349e-07,7.8687305075e-04,8.9200025063e-02,-4.2456012821e+00
11927,2024-09-25 13:50:00,0.002043,0.034263,0.024271,0.001 1 + 1.005 omega + -0.002 theta omega + -0.060 omega^2 + -0.001 theta^2 omega + -0.010 theta omega^2 + 0.038 omega^3,0.001 1 + 0.001 theta + 0.010 omega + -0.005 theta omega + -0.114 omega^2 + -0.001 theta^2 omega + -0.019 theta omega^2 + 0.100 omega^3,1.4066881263e-03,7.4668498829e-04,9.9285900641e-03,1.4346222281e-04,-4.6698869374e-03,-1.1424930680e-01,3.9758717016e-06,-1.3304466803e-03,-1.8507211340e-02,9.9570876637e-02
11928,2024-09-25 13:55:00,0.144682,20.121023,14.228080,0.002 1 + -0.001 theta + 0.917 omega + 0.012 theta omega + 1.212 omega^2 + -0.024 theta omega^2 + -4.649 omega^3,0.003 1 + -0.002 theta + -0.113 omega + 0.022 theta omega + 1.630 omega^2 + -0.046 theta omega^2 + -6.468 omega^3,3.0094568717e-03,-2.1814771800e-03,-1.1318413061e-01,4.9431027816e-05,2.2171943360e-02,1.6298836236e+00,0.0000000000e+00,-3.8026098745e-04,-4.6431221282e-02,-6.4678242988e+00
11929,2024-09-25 14:00:00,0.071898,4.257552,3.010973,0.001 1 + -0.001 theta + 0.990 omega + 0.003 theta omega + 0.198 omega^2 + -1.129 omega^3,0.002 1 + -0.002 theta + -0.008 omega + 0.005 theta omega + 0.376 omega^2 + 0.001 theta omega^2 + -2.313 omega^3,1.7239442073e-03,-1.8744916320e-03,-8.1056398567e-03,2.1508647705e-04,5.4364856751e-03,3.7603799565e-01,-5.5142912579e-06,-4.3070015994e-04,1.2608454041e-03,-2.3131829610e+00
11930,2024-09-25 14:05:00,0.109433,12.017827,8.498239,-0.004 theta + 1.013 omega + 0.034 theta omega + 0.460 omega^2 + -0.001 theta^2 omega + -0.049 theta omega^2 + -3.340 omega^3,-0.008 theta + 0.028 omega + 0.067 theta omega + 0.893 omega^2 + -0.001 theta^2 omega + -0.096 theta omega^2 + -6.558 omega^3,-1.9664914506e-04,-8.1333521031e-03,2.8190822698e-02,2.4029897086e-04,6.6927974706e-02,8.9326770525e-01,-5.9565578181e-07,-1.4676643300e-03,-9.5722779841e-02,-6.5577575061e+00
11931,2024-09-25 14:10:00,0.092242,4.553674,3.220594,0.003 1 + 0.001 theta + 1.010 omega + -0.282 omega^2 + 0.042 theta omega^2 + -0.287 omega^3,0.005 1 + 0.001 theta + 0.025 omega + -0.001 theta omega + -0.571 omega^2 + 0.084 theta omega^2 + -0.551 omega^3,4.9925730159e-03,1.4844032473e-03,2.5044642544e-02,-4.0689123137e-04,-7.8511897688e-04,-5.7089281558e-01,1.6145978602e-05,-2.0317931958e-04,8.4007322150e-02,-5.5099742348e-01
11932,2024-09-25 14:15:00,0.114231,22.768642,16.100064,-0.014 1 + 0.002 theta + 1.087 omega + -0.012 theta omega + -0.217 omega^2 + -0.004 theta omega^2 + 1.611 omega^3,-0.003 1 + 0.001 theta + -0.090 omega + 0.013 theta omega + 0.079 omega^2 + -0.077 theta omega^2 + 3.992 omega^3,-3.0740012821e-03,5.0129706751e-04,-8.9642465275e-02,-2.0827086006e-05,1.3194988142e-02,7.9486773423e-02,0.0000000000e+00,-1.6983437534e-04,-7.6731674818e-02,3.9915579012e+00
11933,2024-09-25 14:20:00,0.153493,4.818554,3.408961,-0.003 1 + 0.982 omega + -0.004 theta omega + 0.025 omega^2 + -0.004 theta omega^2 + -0.132 omega^3,-0.006 1 + -0.037 omega + -0.010 theta omega + 0.065 omega^2 + -0.002 theta omega^2 + -0.403 omega^3,-5.6288553452e-03,-2.3898237378e-04,-3.7193611524e-02,3.3148244070e-04,-1.0167221076e-02,6.5444493495e-02,2.4306615371e-05,1.7281733319e-04,-2.0867124350e-03,-4.0302812272e-01
11934,2024-09-25 14:25:00,nan,nan,nan,0.002 1 + 0.002 theta + 0.988 omega + -0.002 theta omega + -0.041 omega^2 + -0.071 theta omega^2 + 0.558 omega^3,0.004 1 + 0.003 theta + -0.024 omega + -0.004 theta omega + -0.076 omega^2 + -0.141 theta omega^2 + 1.126 omega^3,3.9629853515e-03,3.3647208770e-03,-2.3933899830e-02,-1.1244809379e-04,-3.5283886716e-03,-7.6454998683e-02,-9.4651266268e-05,1.7935352156e-05,-1.4050389703e-01,1.1257917432e+00
11935,2024-09-25 14:30:00,0.132955,18.906447,13.369208,0.002 1 + -0.003 theta + 1.000 omega + 0.013 theta omega + 0.330 omega^2 + -0.001 theta^2 omega + -0.039 theta omega^2 + -2.358 omega^3,0.003 1 + -0.005 theta + 0.001 theta^2 + 0.025 theta omega + 0.675 omega^2 + -0.003 theta^2 omega + -0.083 theta omega^2 + -4.534 omega^3,3.2663208868e-03,-5.3404120515e-03,3.5673672314e-04,9.1124081891e-04,2.5047559233e-02,6.7483329070e-01,-1.1993024469e-05,-2.6798707885e-03,-8.3273197834e-02,-4.5344170615e+00
11936,2024-09-25 14:35:00,nan,nan,nan,-0.031 1 + 0.004 theta + 1.217 omega + -0.025 theta omega + -0.215 omega^2 + 0.020 theta omega^2 + 0.051 omega^3,-0.044 1 + 0.006 theta + 0.222 omega + -0.034 theta omega + 0.544 omega^2 + 0.001 theta^2 omega + 0.009 theta omega^2 + -1.780 omega^3,-4.4193135414e-02,5.9455059597e-03,2.2234669693e-01,-1.2429877589e-04,-3.4186041027e-02,5.4422524492e-01,0.0000000000e+00,6.3940056586e-04,9.1933220087e-03,-1.7797052709e+00
11937,2024-09-25 14:40:00,0.022967,1.633066,1.154866,1.001 omega + -0.001 theta omega + 0.070 omega^2 + 0.011 theta omega^2 + -0.809 omega^3,-0.001 1 + 0.004 omega + -0.004 theta omega + 0.165 omega^2 + 0.017 theta omega^2 + -1.230 omega^3,-1.1917594345e-03,4.6694624009e-04,3.9025974076e-03,-1.6119608496e-05,-3.5088019577e-03,1.6467433162e-01,0.0000000000e+00,1.6293101298e-06,1.7425373298e-02,-1.2298819303e+00
11938,2024-09-25 14:45:00,0.023205,1.719024,1.215644,-0.001 theta + 1.010 omega + 0.002 theta omega + 0.067 omega^2 + 0.009 theta omega^2 + -0.693 omega^3,-0.002 theta + 0.032 omega + 0.007 theta omega + 0.175 omega^2 + -0.001 theta^2 omega + 0.033 theta omega^2 + -2.680 omega^3,-7.6579979972e-05,-1.7211452301e-03,3.1790342431e-02,8.5115127591e-05,7.2580613932e-03,1.7469446135e-01,0.0000000000e+00,-5.6222887143e-04,3.2852215665e-02,-2.6804372173e+00
11939,2024-09-25 14:50:00,0.031441,0.945654,0.669048,0.013 1 + 0.875 omega + 0.002 theta omega + -0.074 omega^2 + -0.007 theta omega^2 + 2.220 omega^3,0.031 1 + -0.267 omega + 0.004 theta omega + -0.310 omega^2 + -0.010 theta omega^2 + 4.997 omega^3,3.0582302160e-02,-4.7598758943e-04,-2.6748709308e-01,-2.4188666913e-05,4.0007982758e-03,-3.0977409048e-01,0.0000000000e+00,1.9066088236e-04,-9.8914686992e-03,4.9969629937e+00
11940,2024-09-25 14:55:00,0.092947,6.430580,4.547582,0.058 1 + 0.004 theta + 1.590 omega + 0.034 theta omega + 1.691 omega^2 + 0.038 theta omega^2 + 1.841 omega^3,0.117 1 + 0.008 theta + 1.206 omega + 0.067 theta omega + 3.497 omega^2 + 0.001 theta^2 omega + 0.078 theta omega^2 + 3.705 omega^3,1.1708971883e-01,7.7825798269e-03,1.2056281235e+00,3.8602290355e-05,6.7329975902e-02,3.4974342382e+00,-2.4208407604e-06,8.9098992790e-04,7.8038070706e-02,3.7053460223e+00
11941,2024-09-25 15:00:00,0.011894,0.932847,0.659676,-0.001 1 + 1.028 omega + 0.001 theta omega + 0.109 omega^2 + 0.030 theta omega^2 + -2.403 omega^3,-0.002 1 + -0.001 theta + 0.056 omega + 0.003 theta omega + 0.195 omega^2 + 0.061 theta omega^2 + -4.673 omega^3,-2.3454532883e-03,-9.9113829280e-04,5.6423935426e-02,-2.9331224100e-05,3.4324585136e-03,1.9472066670e-01,2.4110442025e-06,-2.2260699904e-04,6.0518731911e-02,-4.6725242968e+00
11942,2024-09-25 15:05:00,0.012795,0.372522,0.263569,0.010 1 + 0.001 theta + 0.708 omega + -0.015 theta omega + 2.740 omega^2 + 0.069 theta omega^2 + -8.450 omega^3,-0.007 1 + 0.151 omega + -0.003 theta omega + -1.132 omega^2 + 0.009 theta omega^2 + 3.168 omega^3,-6.9828522867e-03,2.4805851015e-04,1.5062046208e-01,1.1088261646e-05,-3.4984887825e-03,-1.1322008819e+00,0.0000000000e+00,-5.5273703340e-05,9.0552844467e-03,3.1679932699e+00
11943,2024-09-25 15:10:00,nan,nan,nan,0.016 1 + 0.691 omega + 0.002 theta omega + 1.986 omega^2 + 0.009 theta omega^2 + -4.465 omega^3,0.021 1 + -0.001 theta + -0.186 omega + 0.032 theta omega + -1.242 omega^2 + -0.161 theta omega^2 + 10.561 omega^3,2.0805202895e-02,-1.2695826606e-03,-1.8608282667e-01,-5.9662991226e-05,3.2037026038e-02,-1.2418998551e+00,0.0000000000e+00,4.0977276732e-04,-1.6104801311e-01,1.0561453299e+01
11944,2024-09-25 15:15:00,0.011459,1.557308,1.101213,0.076 1 + -0.002 theta + 0.164 omega + 0.017 theta omega + 2.734 omega^2 + -0.040 theta omega^2 + -2.502 omega^3,0.138 1 + -0.004 theta + -1.476 omega + 0.035 theta omega + 4.535 omega^2 + -0.079 theta omega^2 + -3.559 omega^3,1.3839561195e-01,-3.5935422514e-03,-1.4761111715e+00,0.0000000000e+00,3.4690228749e-02,4.5352304347e+00,0.0000000000e+00,-1.0352698928e-05,-7.8833214098e-02,-3.5587504734e+00
11945,2024-09-25 15:20:00,0.005597,0.453951,0.321016,-0.770 1 + 0.006 theta + 10.771 omega + -0.053 theta omega + -41.162 omega^2 + 0.116 theta omega^2 + 57.611 omega^3,-1.605 1 + 0.013 theta + 20.324 omega + -0.111 theta omega + -85.512 omega^2 + 0.243 theta omega^2 + 119.585 omega^3,-1.6053042382e+00,1.2664852914e-02,2.0323756359e+01,-1.7179688726e-05,-1.1123752872e-01,-8.5512228521e+01,0.0000000000e+00,8.1999504704e-05,2.4285158550e-01,1.1958531960e+02
11946,2024-09-25 15:25:00,0.005172,0.628903,0.444716,0.117 1 + -0.004 theta + -0.032 omega + 0.034 theta omega + 1.224 omega^2 + -0.075 theta omega^2 + 4.927 omega^3,-0.166 1 + -0.005 theta + 3.988 omega + 0.042 theta omega + -27.585 omega^2 + -0.076 theta omega^2 + 58.876 omega^3,-1.6640586920e-01,-5.1443271855e-03,3.9882249452e+00,4.2615339052e-05,4.1679171053e-02,-2.7585291115e+01,0.0000000000e+00,-2.2480402330e-04,-7.6046428541e-02,5.8875912315e+01
11947,2024-09-25 15:30:00,0.028240,3.819378,2.700782,0.072 1 + 0.001 theta + -0.129 omega + -0.010 theta omega + 5.656 omega^2 + 0.017 theta omega^2 + -9.052 omega^3,0.139 1 + 0.002 theta + -2.191 omega + -0.018 theta omega + 10.973 omega^2 + 0.031 theta omega^2 + -17.549 omega^3,1.3940848158e-01,2.4834930695e-03,-2.1907429715e+00,-1.2381609806e-05,-1.8364793472e-02,1.0972566043e+01,0.0000000000e+00,5.9367057339e-05,3.0616490371e-02,-1.7549086004e+01
11948,2024-09-25 15:35:00,0.006420,0.897753,0.634823,2.206 1 + -0.026 theta + -30.597 omega + 0.254 theta omega + 150.150 omega^2 + -0.627 theta omega^2 + -236.703 omega^3,4.420 1 + -0.051 theta + -63.298 omega + 0.510 theta omega + 300.789 omega^2 + -0.001 theta^2 omega + -1.259 theta omega^2 + -474.147 omega^3,4.4196053946e+00,-5.1433265525e-02,-6.3297509656e+01,1.4167620543e-04,5.1029978936e-01,3.0078923699e+02,0.0000000000e+00,-7.6010302204e-04,-1.2587415176e+00,-4.7414673077e+02
11949,2024-09-25 15:40:00,0.015435,1.681030,1.188718,-0.067 1 + -0.001 theta + 2.361 omega + -0.001 theta omega + -8.290 omega^2 + 0.069 theta omega^2 + 13.465 omega^3,-0.137 1 + -0.002 theta + 2.792 omega + -0.002 theta omega + -17.030 omega^2 + -0.001 theta^2 omega + 0.140 theta omega^2 + 27.793 omega^3,-1.3717007331e-01,-1.8207241396e-03,2.7923515987e+00,1.1356916917e-04,-2.4136476004e-03,-1.7030053232e+01,0.0000000000e+00,-9.2966263852e-04,1.3971118577e-01,2.7793346796e+01
11950,2024-09-25 15:45:00,nan,nan,nan,-0.034 1 + -0.001 theta + 1.649 omega + -3.309 omega^2 + 0.049 theta omega^2 + 3.471 omega^3,-0.049 1 + -0.001 theta + 0.815 omega + -0.008 theta omega + -3.037 omega^2 + -0.001 theta^2 omega + 0.094 theta omega^2 + -0.857 omega^3,-4.8537726512e-02,-1.2613381881e-03,8.1539872030e-01,8.9303707199e-05,-8.0848988981e-03,-3.0368616828e+00,0.0000000000e+00,-5.2609029499e-04,9.4217714153e-02,-8.5745031168e-01
11951,2024-09-25 15:50:00,0.020103,2.557252,1.808306,-0.313 1 + 0.004 theta + 5.342 omega + -0.039 theta omega + -20.030 omega^2 + 0.089 theta omega^2 + 30.775 omega^3,0.013 1 + -0.152 omega + 0.484 omega^2 + -0.001 theta omega^2 + -0.277 omega^3,1.2526015674e-02,-1.2837931306e-05,-1.5249280041e-01,0.0000000000e+00,4.4526965999e-04,4.8406245885e-01,0.0000000000e+00,-4.2604528709e-06,-6.8433928674e-04,-2.7714226893e-01
11952,2024-09-25 15:55:00,0.017224,1.881741,1.330648,0.198 1 + 0.002 theta + -2.219 omega + -0.027 theta omega + 17.488 omega^2 + 0.080 theta omega^2 + -31.730 omega^3,0.402 1 + 0.004 theta + -6.526 omega + -0.053 theta omega + 35.379 omega^2 + 0.160 theta omega^2 + -64.026 omega^3,4.0209351455e-01,4.3563825592e-03,-6.5261733254e+00,4.6746476061e-05,-5.3456893282e-02,3.5378668948e+01,0.0000000000e+00,-2.3850279078e-04,1.5974689099e-01,-6.4026410762e+01
11953,2024-09-25 16:00:00,nan,nan,nan,-0.048 1 + 0.002 theta + 1.395 omega + -0.023 theta omega + -0.164 omega^2 + 0.066 theta omega^2 + -3.109 omega^3,-0.076 1 + 0.004 theta + 0.498 omega + -0.045 theta omega + 1.133 omega^2 + 0.131 theta omega^2 + -8.624 omega^3,-7.6336586328e-02,3.9217232982e-03,4.9786799950e-01,1.9450099376e-05,-4.5463122379e-02,1.1333170335e+00,0.0000000000e+00,-1.0758126154e-04,1.3118804962e-01,-8.6243845100e+00
11954,2024-09-25 16:05:00,0.004583,0.123676,0.087512,0.091 1 + 0.001 theta + -0.462 omega + -0.001 theta omega + 7.647 omega^2 + -0.013 theta omega^2 + -12.785 omega^3,0.052 1 + 0.001 theta + -0.945 omega + -0.002 theta omega + 5.338 omega^2 + -0.016 theta omega^2 + -9.127 omega^3,5.2333118785e-02,7.9174859372e-04,-9.4506250045e-01,-2.0321507333e-05,-2.3701731600e-03,5.3376426655e+00,0.0000000000e+00,1.2360683320e-04,-1.5812021624e-02,-9.1267911289e+00
11955,2024-09-25 16:10:00,nan,nan,nan,0.019 1 + -0.001 theta + 0.896 omega + 0.020 theta omega + -1.239 omega^2 + -0.078 theta omega^2 + 7.303 omega^3,0.034 1 + -0.002 theta + -0.161 omega + 0.039 theta omega + -2.690 omega^2 + -0.156 theta omega^2 + 14.934 omega^3,3.3570233822e-02,-2.2538589506e-03,-1.6055661908e-01,-3.6704320606e-05,3.8869683549e-02,-2.6896436734e+00,0.0000000000e+00,2.3639354158e-04,-1.5598813478e-01,1.4934282375e+01
11956,2024-09-25 16:15:00,0.007308,0.645103,0.456186,-0.105 1 + 0.001 theta + 2.422 omega + -0.011 theta omega + -6.295 omega^2 + 0.029 theta omega^2 + 9.145 omega^3,-0.512 1 + 0.008 theta + 6.492 omega + -0.074 theta omega + -27.309 omega^2 + 0.163 theta omega^2 + 38.114 omega^3,-5.1190389204e-01,8.3825426938e-03,6.4915431071e+00,-3.0395748914e-05,-7.4330933000e-02,-2.7309393663e+01,0.0000000000e+00,1.4698521853e-04,1.6323901427e-01,3.8114300472e+01
11957,2024-09-25 16:20:00,nan,nan,nan,0.064 1 + 0.004 theta + -0.576 omega + -0.053 theta omega + 12.585 omega^2 + 0.197 theta omega^2 + -32.966 omega^3,-0.279 1 + -0.004 theta + 5.615 omega + 0.059 theta omega + -37.727 omega^2 + -0.204 theta omega^2 + 84.379 omega^3,-2.7862615128e-01,-4.1957359663e-03,5.6145769667e+00,-2.8962874171e-05,5.9476317118e-02,-3.7727495514e+01,0.0000000000e+00,1.6735540086e-04,-2.0366056481e-01,8.4378659641e+01
11958,2024-09-25 16:25:00,0.010095,0.924515,0.653769,-0.029 1 + -0.001 theta + 1.828 omega + 0.011 theta omega + -6.726 omega^2 + -0.022 theta omega^2 + 16.819 omega^3,-0.133 1 + -0.002 theta + 3.066 omega + 0.019 theta omega + -22.457 omega^2 + -0.033 theta omega^2 + 52.863 omega^3,-1.3281654208e-01,-2.1046456168e-03,3.0660221192e+00,2.9380660470e-05,1.8680045801e-02,-2.2456965524e+01,0.0000000000e+00,-1.8517429395e-04,-3.3293809998e-02,5.2863158714e+01
11959,2024-09-25 16:30:00,0.026516,4.155158,2.938200,0.055 1 + 0.001 theta + -0.282 omega + -0.010 theta omega + 9.487 omega^2 + -0.002 theta omega^2 + -21.640 omega^3,0.142 1 + 0.005 theta + -3.491 omega + -0.078 theta omega + 28.143 omega^2 + 0.289 theta omega^2 + -73.433 omega^3,1.4171113725e-01,4.8812336185e-03,-3.4909813371e+00,6.3146051867e-05,-7.8315596374e-02,2.8142676442e+01,0.0000000000e+00,-3.6073245825e-04,2.8932599339e-01,-7.3433460419e+01
11960,2024-09-25 16:35:00,0.009031,0.738838,0.522477,0.286 1 + -0.003 theta + -4.460 omega + 0.043 theta omega + 34.441 omega^2 + -0.143 theta omega^2 + -71.799 omega^3,0.554 1 + -0.006 theta + -10.562 omega + 0.084 theta omega + 66.590 omega^2 + -0.278 theta omega^2 + -138.740 omega^3,5.5445465282e-01,-6.4102629650e-03,-1.0562325688e+01,1.5542187154e-05,8.4462005440e-02,6.6590024840e+01,0.0000000000e+00,-1.0270129406e-04,-2.7820773226e-01,-1.3874012348e+02
11961,2024-09-25 16:40:00,0.042275,5.205036,3.680638,0.052 1 + -0.003 theta + 0.315 omega + 0.024 theta omega + 3.259 omega^2 + -0.031 theta omega^2 + -5.906 omega^3,0.064 1 + -0.005 theta + -0.837 omega + 0.036 theta omega + 4.082 omega^2 + -0.001 theta^2 omega + -0.041 theta omega^2 + -7.879 omega^3,6.4426728892e-02,-5.1026036510e-03,-8.3737151871e-01,9.3200572409e-05,3.6416400912e-02,4.0818413505e+00,0.0000000000e+00,-5.4486463894e-04,-4.0881427007e-02,-7.8792991415e+00
11962,2024-09-25 16:45:00,0.014224,1.281386,0.906132,0.635 1 + 0.008 theta + -11.800 omega + -0.107 theta omega + 85.279 omega^2 + 0.336 theta omega^2 + -187.432 omega^3,0.329 1 + 0.007 theta + -7.018 omega + -0.095 theta omega + 49.556 omega^2 + 0.329 theta omega^2 + -115.822 omega^3,3.2922508530e-01,6.6765173380e-03,-7.0184834477e+00,4.9097122272e-05,-9.4629365987e-02,4.9556452056e+01,0.0000000000e+00,-3.0076857320e-04,3.2881892548e-01,-1.1582153407e+02
11963,2024-09-25 16:50:00,0.017082,1.374756,0.972174,0.048 1 + -0.002 theta + 0.353 omega + 0.017 theta omega + 2.775 omega^2 + -0.040 theta omega^2 + -3.686 omega^3,0.098 1 + -0.004 theta + -1.325 omega + 0.034 theta omega + 5.719 omega^2 + -0.083 theta omega^2 + -7.628 omega^3,9.7584941228e-02,-3.5047539279e-03,-1.3247148779e+00,2.7881797601e-05,3.3967684820e-02,5.7191698430e+00,0.0000000000e+00,-1.3452610808e-04,-8.3389839348e-02,-7.6279675033e+00
11964,2024-09-25 16:55:00,0.006523,0.530326,0.375025,-0.083 1 + -0.006 theta + 2.977 omega + 0.083 theta omega + -15.135 omega^2 + -0.273 theta omega^2 + 37.714 omega^3,-0.059 1 + -0.004 theta + 1.316 omega + 0.047 theta omega + -9.137 omega^2 + -0.128 theta omega^2 + 20.261 omega^3,-5.8524553185e-02,-4.2511249756e-03,1.3157232802e+00,0.0000000000e+00,4.6658692154e-02,-9.1373639048e+00,0.0000000000e+00,0.0000000000e+00,-1.2833034117e-01,2.0260744709e+01
11965,2024-09-25 17:00:00,0.012943,1.648428,1.165651,0.138 1 + -0.002 theta + -1.273 omega + 0.024 theta omega + 12.139 omega^2 + -0.077 theta omega^2 + -20.737 omega^3,0.311 1 + -0.004 theta + -5.006 omega + 0.053 theta omega + 26.111 omega^2 + -0.170 theta omega^2 + -43.639 omega^3,3.1145388942e-01,-4.2028231971e-03,-5.0056559237e+00,0.0000000000e+00,5.3440000537e-02,2.6111159715e+01,0.0000000000e+00,0.0000000000e+00,-1.7035091202e-01,-4.3639230617e+01
11966,2024-09-25 17:05:00,0.058629,9.873381,6.981658,-0.043 1 + 0.005 theta + 1.358 omega + -0.035 theta omega + -0.540 omega^2 + 0.001 theta^2 omega + 0.028 theta omega^2 + 0.191 omega^3,0.012 1 + -0.001 theta + -0.429 omega + 0.023 theta omega + 2.830 omega^2 + -0.122 theta omega^2 + -3.627 omega^3,1.2391446963e-02,-6.5086626073e-04,-4.2865239006e-01,0.0000000000e+00,2.2978587076e-02,2.8301789625e+00,0.0000000000e+00,-7.5700402492e-05,-1.2213786876e-01,-3.6267222579e+00
11967,2024-09-25 17:10:00,0.011123,0.556936,0.393892,-0.025 1 + -0.001 theta + 1.609 omega + 0.009 theta omega + -4.530 omega^2 + -0.016 theta omega^2 + 10.386 omega^3,-0.060 1 + -0.003 theta + 1.521 omega + 0.030 theta omega + -11.923 omega^2 + -0.088 theta omega^2 + 29.666 omega^3,-5.9937671052e-02,-2.5783167581e-03,1.5210259535e+00,7.5197596497e-06,3.0310297928e-02,-1.1922658449e+01,0.0000000000e+00,-4.8457870151e-05,-8.7746280685e-02,2.9666020991e+01
11968,2024-09-25 17:15:00,nan,nan,nan,-0.175 1 + 0.005 theta + 3.580 omega + -0.052 theta omega + -12.545 omega^2 + 0.125 theta omega^2 + 20.225 omega^3,-0.351 1 + 0.010 theta + 5.175 omega + -0.103 theta omega + -25.179 omega^2 + 0.249 theta omega^2 + 40.631 omega^3,-3.5061022846e-01,1.0186634943e-02,5.1747558948e+00,-7.6281977735e-05,-1.0311306876e-01,-2.5178691249e+01,0.0000000000e+00,4.6816373778e-04,2.4932503368e-01,4.0631442042e+01
11969,2024-09-25 17:20:00,nan,nan,nan,-0.046 1 + -0.004 theta + 2.059 omega + 0.056 theta omega + -8.164 omega^2 + -0.194 theta omega^2 + 21.303 omega^3,-0.150 1 + -0.009 theta + 3.260 omega + 0.118 theta omega + -23.358 omega^2 + -0.381 theta omega^2 + 55.852 omega^3,-1.5046353328e-01,-9.2445539001e-03,3.2601873092e+00,-3.4084385836e-05,1.1800113950e-01,-2.3358101768e+01,0.0000000000e+00,2.2009362930e-04,-3.8139875995e-01,5.5852002197e+01
11970,2024-09-25 17:25:00,0.016826,1.772049,1.253084,0.026 1 + 0.001 theta + 0.312 omega + -0.009 theta omega + 5.613 omega^2 + 0.009 theta omega^2 + -13.907 omega^3,0.091 1 + 0.001 theta + -2.096 omega + -0.007 theta omega + 15.671 omega^2 + 0.008 theta omega^2 + -37.773 omega^3,9.0959048255e-02,7.7113811205e-04,-2.0957421667e+00,-1.2667773588e-05,-7.2255693877e-03,1.5670918606e+01,0.0000000000e+00,1.0343772683e-04,7.6896956186e-03,-3.7773225546e+01
11971,2024-09-25 17:30:00,0.051875,3.429325,2.425176,0.095 1 + 0.004 theta + -1.182 omega + -0.057 theta omega + 15.919 omega^2 + 0.183 theta omega^2 + -37.446 omega^3,0.194 1 + 0.009 theta + -4.427 omega + -0.115 theta omega + 32.152 omega^2 + 0.367 theta omega^2 + -75.315 omega^3,1.9396204980e-01,8.8974140651e-03,-4.4271645172e+00,6.6973700378e-05,-1.1518569068e-01,3.2152167374e+01,0.0000000000e+00,-3.7802123537e-04,3.6698020761e-01,-7.5314864793e+01
11972,2024-09-25 17:35:00,0.015111,1.806361,1.277335,0.188 1 + -0.001 theta + -1.448 omega + 0.014 theta omega + 9.957 omega^2 + -0.050 theta omega^2 + -11.986 omega^3,0.380 1 + -0.002 theta + -4.954 omega + 0.028 theta omega + 20.133 omega^2 + -0.101 theta omega^2 + -24.180 omega^3,3.8016024654e-01,-1.7023665967e-03,-4.9542058943e+00,-3.3127860835e-05,2.8307551891e-02,2.0132871701e+01,0.0000000000e+00,1.7381587799e-04,-1.0141234349e-01,-2.4179559259e+01
11973,2024-09-25 17:40:00,0.086415,5.854319,4.140080,0.538 1 + -0.004 theta + -5.290 omega + 0.044 theta omega + 23.764 omega^2 + -0.111 theta omega^2 + -28.611 omega^3,0.990 1 + -0.009 theta + -11.501 omega + 0.088 theta omega + 42.963 omega^2 + -0.222 theta omega^2 + -50.791 omega^3,9.9047653978e-01,-8.5094733404e-03,-1.1500863679e+01,-4.6908910365e-05,8.8094598257e-02,4.2962814621e+01,0.0000000000e+00,2.0195629857e-04,-2.2175160606e-01,-5.0790772787e+01
11974,2024-09-25 17:45:00,nan,nan,nan,-0.201 1 + 0.008 theta + 2.271 omega + -0.049 theta omega + -2.330 omega^2 + 0.043 theta omega^2 + 2.258 omega^3,-0.184 1 + 0.009 theta + 1.311 omega + -0.054 theta omega + -3.421 omega^2 + 0.001 theta^2 omega + 0.058 theta omega^2 + 4.818 omega^3,-1.8406936866e-01,8.9878757952e-03,1.3113474832e+00,-1.0920784991e-04,-5.3646475293e-02,-3.4205006073e+00,0.0000000000e+00,5.3639432798e-04,5.7737766209e-02,4.8182976075e+00
11975,2024-09-25 17:50:00,nan,nan,nan,-0.008 1 + 0.001 theta + 1.130 omega + -0.023 theta omega + -0.300 omega^2 + 0.083 theta omega^2 + -0.386 omega^3,-0.016 1 + 0.002 theta + 0.267 omega + -0.046 theta omega + -0.601 omega^2 + -0.001 theta^2 omega + 0.173 theta omega^2 + -1.140 omega^3,-1.5818043433e-02,2.2496323148e-03,2.6653616950e-01,1.0929991291e-04,-4.6421576935e-02,-6.0146763963e-01,0.0000000000e+00,-5.4905634458e-04,1.7280166061e-01,-1.1402686777e+00
11976,2024-09-25 17:55:00,0.009697,1.206547,0.853185,0.005 1 + 0.830 omega + 0.006 theta omega + 1.142 omega^2 + -0.040 theta omega^2 + -1.673 omega^3,0.003 1 + 0.001 theta + -0.360 omega + -0.014 theta omega + 3.636 omega^2 + 0.034 theta omega^2 + -9.251 omega^3,3.2273365126e-03,1.3290380291e-03,-3.5996520142e-01,0.0000000000e+00,-1.4459184981e-02,3.6363819978e+00,0.0000000000e+00,1.8837843107e-05,3.3821231333e-02,-9.2506661890e+00
11977,2024-09-25 18:00:00,0.091385,15.255115,10.787189,0.058 1 + -0.001 theta + -0.015 omega + 0.022 theta omega + 4.725 omega^2 + -0.058 theta omega^2 + -6.469 omega^3,0.113 1 + -0.003 theta + -2.003 omega + 0.044 theta omega + 9.362 omega^2 + -0.115 theta omega^2 + -12.838 omega^3,1.1256610360e-01,-2.8886904650e-03,-2.0030216492e+00,1.5780965836e-05,4.3577938663e-02,9.3618062138e+00,0.0000000000e+00,-1.9919416090e-04,-1.1531019757e-01,-1.2837528213e+01
11978,2024-09-25 18:05:00,0.010950,0.735034,0.519805,-0.011 1 + 1.355 omega + -0.004 theta omega + -3.023 omega^2 + 0.032 theta omega^2 + 7.808 omega^3,-0.021 1 + 0.626 omega + -0.014 theta omega + -4.881 omega^2 + -0.001 theta^2 omega + 0.121 theta omega^2 + 10.331 omega^3,-2.0725005783e-02,-3.5034167199e-04,6.2586438041e-01,8.1722863789e-05,-1.4188822441e-02,-4.8811355755e+00,0.0000000000e+00,-5.8609301729e-04,1.2137499836e-01,1.0330616510e+01
11979,2024-09-25 18:10:00,nan,nan,nan,-0.027 1 + -0.002 theta + 1.827 omega + 0.038 theta omega + -7.893 omega^2 + -0.157 theta omega^2 + 24.162 omega^3,-0.054 1 + -0.004 theta + 1.629 omega + 0.074 theta omega + -15.481 omega^2 + -0.306 theta omega^2 + 47.203 omega^3,-5.4074596229e-02,-4.2330755173e-03,1.6288221363e+00,-7.0479731639e-05,7.3692556838e-02,-1.5480747810e+01,0.0000000000e+00,4.7444235194e-04,-3.0615141304e-01,4.7203023746e+01
11980,2024-09-25 18:15:00,nan,nan,nan,-0.062 1 + 0.002 theta + 1.670 omega + -0.022 theta omega + -2.008 omega^2 + 0.063 theta omega^2 + 1.073 omega^3,-0.102 1 + 0.004 theta + 1.003 omega + -0.047 theta omega + -2.253 omega^2 + 0.133 theta omega^2 + -0.882 omega^3,-1.0199608787e-01,3.9998728753e-03,1.0026166478e+00,4.2546252970e-05,-4.7359376753e-02,-2.2528351131e+00,0.0000000000e+00,-1.9309326007e-04,1.3265608551e-01,-8.8244342569e-01
11981,2024-09-25 18:20:00,nan,nan,nan,-0.027 1 + 1.422 omega + 0.002 theta omega + -2.520 omega^2 + -0.016 theta omega^2 + 5.415 omega^3,-0.054 1 + 0.839 omega + 0.005 theta omega + -5.011 omega^2 + -0.032 theta omega^2 + 10.791 omega^3,-5.4218162903e-02,1.9339859757e-04,8.3905414534e-01,4.0637345966e-06,4.6255461474e-03,-5.0106265231e+00,0.0000000000e+00,2.4460505999e-05,-3.2047639542e-02,1.0790824436e+01
11982,2024-09-25 18:25:00,0.041827,1.329648,0.940668,0.252 1 + -0.002 theta + -1.341 omega + 0.017 theta omega + 7.165 omega^2 + -0.028 theta omega^2 + -7.237 omega^3,0.494 1 + -0.005 theta + -4.580 omega + 0.033 theta omega + 13.981 omega^2 + -0.056 theta omega^2 + -14.070 omega^3,4.9443456346e-01,-4.9383743410e-03,-4.5800834511e+00,6.2676114645e-06,3.3147915019e-02,1.3980579539e+01,0.0000000000e+00,-2.0229256179e-05,-5.5668418219e-02,-1.4069698816e+01
11983,2024-09-25 18:30:00,0.007198,0.790461,0.558963,-0.237 1 + -0.001 theta + 4.108 omega + 0.006 theta omega + -13.276 omega^2 + -0.004 theta omega^2 + 18.473 omega^3,-0.610 1 + -0.001 theta + 7.675 omega + 0.003 theta omega + -31.773 omega^2 + 0.007 theta omega^2 + 43.173 omega^3,-6.0986742934e-01,-9.0604741218e-04,7.6745596600e+00,2.5357582841e-05,2.7961133261e-03,-3.1773100901e+01,0.0000000000e+00,-1.2155991264e-04,7.2167357934e-03,4.3172853522e+01
11984,2024-09-25 18:35:00,0.012830,1.445669,1.022283,0.399 1 + -0.001 theta + -4.109 omega + 0.008 theta omega + 21.566 omega^2 + -0.025 theta omega^2 + -29.924 omega^3,0.782 1 + -0.001 theta + -10.015 omega + 0.017 theta omega + 42.266 omega^2 + -0.052 theta omega^2 + -58.630 omega^3,7.8249423235e-01,-1.2774085855e-03,-1.0015301181e+01,-2.1863778071e-05,1.7059998002e-02,4.2265911594e+01,0.0000000000e+00,1.0143130266e-04,-5.1890637867e-02,-5.8629784578e+01
11985,2024-09-25 18:40:00,nan,nan,nan,-0.091 1 + 0.001 theta + 1.836 omega + -0.005 theta omega + -2.699 omega^2 + 3.189 omega^3,-0.164 1 + 0.003 theta + 1.432 omega + -0.010 theta omega + -4.340 omega^2 + -0.001 theta omega^2 + 4.867 omega^3,-1.6386949786e-01,2.6878712323e-03,1.4315203864e+00,-3.2575816696e-05,-1.0114349529e-02,-4.3399694816e+00,0.0000000000e+00,1.2701988152e-04,-1.3417779992e-03,4.8666045801e+00
11986,2024-09-25 18:45:00,nan,nan,nan,-0.192 1 + 3.150 omega + 0.004 theta omega + -8.419 omega^2 + -0.014 theta omega^2 + 11.490 omega^3,-0.392 1 + 0.001 theta + 4.381 omega + 0.006 theta omega + -17.160 omega^2 + -0.025 theta omega^2 + 23.413 omega^3,-3.9195786118e-01,5.6131163348e-04,4.3812695995e+00,1.4020090828e-05,5.8087560443e-03,-1.7159513179e+01,0.0000000000e+00,-1.1679560289e-04,-2.4723267228e-02,2.3412850219e+01
11987,2024-09-25 18:50:00,0.002925,0.107108,0.075765,-0.117 1 + 0.001 theta + 2.136 omega + -0.011 theta omega + -3.415 omega^2 + 0.022 theta omega^2 + 3.141 omega^3,-0.085 1 + 0.003 theta + 0.721 omega + -0.024 theta omega + -1.686 omega^2 + 0.042 theta omega^2 + 0.768 omega^3,-8.4774256020e-02,3.2830448897e-03,7.2083230927e-01,-1.6006632397e-05,-2.4118646898e-02,-1.6856243409e+00,0.0000000000e+00,7.0249139941e-05,4.2000558202e-02,7.6795156421e-01
11988,2024-09-25 18:55:00,0.035897,6.432656,4.548646,0.112 1 + -0.493 omega + 0.005 theta omega + 5.900 omega^2 + -0.037 theta omega^2 + -5.882 omega^3,0.518 1 + 0.008 theta + -8.405 omega + -0.087 theta omega + 45.030 omega^2 + 0.220 theta omega^2 + -79.405 omega^3,5.1777743398e-01,8.2471719680e-03,-8.4046631284e+00,4.0243769867e-05,-8.6503465984e-02,4.5029678280e+01,0.0000000000e+00,-1.7471119335e-04,2.2010624009e-01,-7.9404620614e+01
11989,2024-09-25 19:00:00,nan,nan,nan,-3.717 1 + 0.033 theta + 46.806 omega + -0.281 theta omega + -187.691 omega^2 + 0.597 theta omega^2 + 255.674 omega^3,-7.447 1 + 0.066 theta + 91.765 omega + -0.563 theta omega + -375.953 omega^2 + 0.001 theta^2 omega + 1.196 theta omega^2 + 512.071 omega^3,-7.4470329028e+00,6.6098540898e-02,9.1764682654e+01,-1.1347388399e-04,-5.6316316067e-01,-3.7595264653e+02,0.0000000000e+00,5.1358965675e-04,1.1956665755e+00,5.1207142949e+02
11990,2024-09-25 19:05:00,0.006895,0.688013,0.486523,0.658 1 + -0.001 theta + -8.152 omega + 0.009 theta omega + 41.946 omega^2 + -0.029 theta omega^2 + -63.152 omega^3,1.193 1 + -0.003 theta + -16.456 omega + 0.031 theta omega + 74.588 omega^2 + -0.090 theta omega^2 + -110.692 omega^3,1.1934914739e+00,-2.6091817137e-03,-1.6455694232e+01,-5.9671380138e-06,3.0818144262e-02,7.4587949283e+01,0.0000000000e+00,3.4073074929e-05,-8.9620106737e-02,-1.1069157910e+02
11991,2024-09-25 19:10:00,0.005566,0.125853,0.089079,-0.266 1 + 0.004 theta + 3.729 omega + -0.030 theta omega + -9.370 omega^2 + 0.049 theta omega^2 + 10.768 omega^3,-0.519 1 + 0.008 theta + 5.353 omega + -0.058 theta omega + -18.449 omega^2 + 0.096 theta omega^2 + 21.301 omega^3,-5.1946849730e-01,8.4651940615e-03,5.3532771124e+00,-3.8540108310e-05,-5.7664839821e-02,-1.8449181206e+01,0.0000000000e+00,1.5121763823e-04,9.5931577292e-02,2.1300832795e+01
11992,2024-09-25 19:15:00,0.009252,0.546503,0.386491,-0.352 1 + 0.002 theta + 5.634 omega + -0.023 theta omega + -20.233 omega^2 + 0.054 theta omega^2 + 29.318 omega^3,-0.768 1 + 0.006 theta + 10.097 omega + -0.053 theta omega + -44.047 omega^2 + 0.121 theta omega^2 + 63.820 omega^3,-7.6844428391e-01,5.7226279679e-03,1.0097014274e+01,-2.4762938446e-06,-5.2931906940e-02,-4.4046987500e+01,0.0000000000e+00,1.2914277976e-05,1.2145363591e-01,6.3820329902e+01
11993,2024-09-25 19:20:00,0.014519,1.658342,1.172670,0.169 1 + -1.701 omega + 0.003 theta omega + 13.998 omega^2 + -0.027 theta omega^2 + -23.607 omega^3,0.344 1 + 0.001 theta + -5.505 omega + 0.005 theta omega + 28.607 omega^2 + -0.050 theta omega^2 + -48.395 omega^3,3.4406611473e-01,1.0321022257e-03,-5.5053845798e+00,-5.6225283163e-05,4.7503445795e-03,2.8606971463e+01,0.0000000000e+00,2.8382686659e-04,-5.0062748829e-02,-4.8394756334e+01
11994,2024-09-25 19:25:00,0.009365,0.435545,0.308048,0.179 1 + 0.003 theta + -1.727 omega + -0.032 theta omega + 13.782 omega^2 + 0.079 theta omega^2 + -23.189 omega^3,0.383 1 + 0.007 theta + -5.793 omega + -0.066 theta omega + 29.131 omega^2 + 0.161 theta omega^2 + -48.720 omega^3,3.8251354136e-01,6.8777081792e-03,-5.7927808448e+00,2.7136227322e-05,-6.6469545423e-02,2.9131386479e+01,0.0000000000e+00,-1.2721380891e-04,1.6148898669e-01,-4.8720044079e+01
11995,2024-09-25 19:30:00,nan,nan,nan,-0.197 1 + 0.002 theta + 4.392 omega + -0.029 theta omega + -18.736 omega^2 + 0.102 theta omega^2 + 33.417 omega^3,-0.230 1 + 0.003 theta + 3.767 omega + -0.036 theta omega + -20.280 omega^2 + 0.119 theta omega^2 + 35.686 omega^3,-2.2965163913e-01,2.6193412868e-03,3.7671681393e+00,2.6147226340e-05,-3.6146146026e-02,-2.0280090631e+01,0.0000000000e+00,-1.4130190689e-04,1.1943628049e-01,3.5686294820e+01
11996,2024-09-25 19:35:00,0.044539,7.100051,5.020593,0.075 1 + 0.004 theta + -0.562 omega + -0.036 theta omega + 9.724 omega^2 + 0.077 theta omega^2 + -18.770 omega^3,0.099 1 + 0.007 theta + -2.319 omega + -0.064 theta omega + 15.167 omega^2 + 0.135 theta omega^2 + -29.982 omega^3,9.9308130287e-02,7.2383447236e-03,-2.3193446559e+00,-1.7229288831e-05,-6.3656469406e-02,1.5166704374e+01,0.0000000000e+00,9.1871374947e-05,1.3499736306e-01,-2.9981963863e+01
11997,2024-09-25 19:40:00,nan,nan,nan,-0.099 1 + 0.003 theta + 1.947 omega + -0.015 theta omega + -2.926 omega^2 + 0.022 theta omega^2 + 2.860 omega^3,-0.229 1 + 0.003 theta + 3.187 omega + -0.037 theta omega + -14.747 omega^2 + 0.101 theta omega^2 + 22.543 omega^3,-2.2850728591e-01,3.4339228162e-03,3.1868051675e+00,6.5515365307e-06,-3.7287908890e-02,-1.4746733813e+01,0.0000000000e+00,-3.5927646030e-05,1.0142656268e-01,2.2542694622e+01
11998,2024-09-25 19:45:00,nan,nan,nan,-0.160 1 + -0.001 theta + 3.449 omega + 0.003 theta omega + -11.842 omega^2 + 0.018 theta omega^2 + 17.653 omega^3,-0.280 1 + -0.002 theta + 4.423 omega + 0.008 theta omega + -22.455 omega^2 + 0.003 theta omega^2 + 36.562 omega^3,-2.8031870579e-01,-1.6307009209e-03,4.4225820791e+00,2.3618413020e-05,7.8511147482e-03,-2.2454696756e+01,0.0000000000e+00,-1.2185625063e-04,3.2979911092e-03,3.6562411978e+01
11999,2024-09-25 19:50:00,nan,nan,nan,-0.046 1 + -0.002 theta + 1.932 omega + 0.026 theta omega + -6.130 omega^2 + -0.069 theta omega^2 + 13.098 omega^3,-0.182 1 + -0.005 theta + 3.172 omega + 0.049 theta omega + -18.611 omega^2 + -0.130 theta omega^2 + 36.514 omega^3,-1.8185449295e-01,-4.6040990302e-03,3.1719518645e+00,1.1524140091e-05,4.9224475105e-02,-1.8611145998e+01,0.0000000000e+00,-6.6172853294e-05,-1.3021564004e-01,3.6514007419e+01
