Chunk_Index,Chunk_Start_Time,Sim_RMSE_Omega,Sim_RMSE_Theta,Sim_RMSE_Total,Eq_Theta,Eq_Omega,Coeff_Const,Coeff_Theta,Coeff_Omega,Coeff_Theta2,Coeff_ThetaOmega,Coeff_Omega2,Coeff_Theta3,Coeff_Theta2Omega,Coeff_ThetaOmega2,Coeff_Omega3
43000,2025-01-20 22:05:00,0.014467,1.257153,0.889000,0.195 1 + 0.002 theta + 3.521 omega + 0.019 theta omega + 10.660 omega^2 + 0.048 theta omega^2 + 14.732 omega^3,0.374 1 + 0.004 theta + 4.842 omega + 0.037 theta omega + 20.483 omega^2 + 0.092 theta omega^2 + 28.332 omega^3,3.7441765782e-01,3.5567089238e-03,4.8415401987e+00,-1.4226675325e-05,3.6764014095e-02,2.0483131024e+01,0.0000000000e+00,-5.9829269436e-05,9.2096267390e-02,2.8331805907e+01
43001,2025-01-20 22:10:00,nan,nan,nan,-0.233 1 + -0.013 theta + -1.121 omega + -0.080 theta omega + -6.302 omega^2 + -0.001 theta^2 omega + -0.118 theta omega^2 + -6.072 omega^3,0.165 1 + 0.007 theta + 1.429 omega + 0.043 theta omega + 4.054 omega^2 + 0.063 theta omega^2 + 3.741 omega^3,1.6462052615e-01,6.9608563939e-03,1.4285772049e+00,7.3814924113e-05,4.2645504682e-02,4.0535019826e+00,0.0000000000e+00,2.7189533005e-04,6.2718296702e-02,3.7405260426e+00
43002,2025-01-20 22:15:00,0.008916,0.499558,0.353297,0.001 1 + -0.001 theta + 0.989 omega + -0.001 theta omega + -0.034 omega^2 + -0.001 theta^2 omega + 0.027 theta omega^2 + 0.716 omega^3,0.002 1 + -0.001 theta + -0.021 omega + -0.002 theta omega + -0.072 omega^2 + -0.001 theta^2 omega + 0.058 theta omega^2 + 1.325 omega^3,1.6728975637e-03,-1.3068779759e-03,-2.0995188463e-02,3.8091295657e-04,-1.6762888521e-03,-7.2333824609e-02,-1.4158345968e-05,-1.3539635037e-03,5.7750732282e-02,1.3254221779e+00
43003,2025-01-20 22:20:00,nan,nan,nan,-0.007 1 + 0.002 theta + 1.124 omega + -0.024 theta omega + -0.844 omega^2 + 0.001 theta^2 omega + 0.041 theta omega^2 + 3.044 omega^3,-0.011 1 + 0.004 theta + 0.211 omega + -0.036 theta omega + -1.428 omega^2 + 0.002 theta^2 omega + 0.065 theta omega^2 + 4.452 omega^3,-1.1021346688e-02,3.5088620357e-03,2.1124897566e-01,-2.1772479760e-04,-3.6486254730e-02,-1.4278894412e+00,0.0000000000e+00,1.5156078148e-03,6.4808299770e-02,4.4519809432e+00
43004,2025-01-20 22:25:00,0.643071,11.987295,8.488486,1.001 omega + 0.001 theta omega + -0.086 omega^2 + 0.007 theta omega^2 + -0.613 omega^3,0.005 1 + 0.001 theta + 0.078 omega + 0.007 theta omega + 0.276 omega^2 + 0.031 theta omega^2 + -0.899 omega^3,5.0559048666e-03,7.6085718612e-04,7.7563459590e-02,2.6599267565e-05,7.2258301051e-03,2.7559129686e-01,0.0000000000e+00,1.0483016076e-04,3.0637348376e-02,-8.9850825022e-01
43005,2025-01-20 22:30:00,0.072001,3.859541,2.729583,-0.001 1 + -0.001 theta + 0.987 omega + 0.007 theta omega + -0.924 omega^2 + -0.010 theta omega^2 + -2.844 omega^3,-0.001 1 + -0.002 theta + -0.019 omega + 0.015 theta omega + -1.813 omega^2 + -0.019 theta omega^2 + -5.548 omega^3,-1.1263706597e-03,-1.9423307511e-03,-1.9213533088e-02,-2.5520139471e-04,1.4799465480e-02,-1.8131440087e+00,-7.3206762194e-06,4.4690467676e-04,-1.8896496503e-02,-5.5480120226e+00
43006,2025-01-20 22:35:00,nan,nan,nan,-0.036 1 + 0.002 theta + 1.418 omega + -0.026 theta omega + -0.972 omega^2 + 0.029 theta omega^2 + 0.215 omega^3,-0.059 1 + 0.005 theta + 0.727 omega + -0.046 theta omega + -2.244 omega^2 + 0.001 theta^2 omega + 0.072 theta omega^2 + 1.598 omega^3,-5.8874649191e-02,4.6107996976e-03,7.2735782939e-01,-8.9600596071e-05,-4.5872524053e-02,-2.2437118006e+00,0.0000000000e+00,7.1021540097e-04,7.2300705573e-02,1.5975988702e+00
43007,2025-01-20 22:40:00,nan,nan,nan,0.003 1 + 1.077 omega + 0.016 theta omega + 0.183 omega^2 + 0.001 theta^2 omega + 0.001 theta omega^2 + 1.416 omega^3,0.007 1 + -0.001 theta + 0.160 omega + 0.032 theta omega + 0.397 omega^2 + 0.001 theta^2 omega + 0.004 theta omega^2 + 2.942 omega^3,7.2560034686e-03,-5.7961441651e-04,1.6049510755e-01,-3.1067279038e-04,3.1841568125e-02,3.9739106153e-01,-1.4519329718e-05,1.2359465566e-03,4.2823727307e-03,2.9421958714e+00
43008,2025-01-20 22:45:00,0.096693,6.121644,4.329196,0.001 1 + -0.001 theta + 1.007 omega + -0.012 theta omega + -0.072 omega^2 + 0.003 theta^2 omega + -0.218 theta omega^2 + 2.406 omega^3,0.002 1 + -0.001 theta + 0.015 omega + -0.024 theta omega + -0.112 omega^2 + 0.006 theta^2 omega + -0.445 theta omega^2 + 5.146 omega^3,1.7633380151e-03,-1.0796437294e-03,1.4504663380e-02,9.2686517406e-05,-2.4142961438e-02,-1.1243742701e-01,-2.8570671530e-05,6.1699359996e-03,-4.4451657958e-01,5.1460453363e+00
43009,2025-01-20 22:50:00,0.025212,2.146086,1.517617,-0.028 1 + 0.001 theta + 0.132 omega + 0.021 theta omega + -8.246 omega^2 + 0.080 theta omega^2 + -23.942 omega^3,0.055 1 + 0.002 theta + 0.907 omega + 0.023 theta omega + 4.350 omega^2 + 0.081 theta omega^2 + 5.204 omega^3,5.4639470971e-02,1.5688758708e-03,9.0652177401e-01,0.0000000000e+00,2.2923385065e-02,4.3498415131e+00,0.0000000000e+00,0.0000000000e+00,8.1130693046e-02,5.2035510267e+00
43010,2025-01-20 22:55:00,0.030787,1.008763,0.713635,-0.001 theta + 0.999 omega + 0.004 theta omega + -0.130 omega^2 + 0.073 theta omega^2 + 0.963 omega^3,-0.002 theta + -0.002 omega + -0.001 theta^2 + 0.009 theta omega + -0.252 omega^2 + 0.001 theta^2 omega + 0.132 theta omega^2 + 2.067 omega^3,2.0192527730e-04,-1.8157656738e-03,-1.8414144730e-03,-5.7523679639e-04,8.5523701134e-03,-2.5187351626e-01,-1.3601823019e-04,7.8603527970e-04,1.3203146731e-01,2.0667856215e+00
43011,2025-01-20 23:00:00,0.025477,0.785641,0.555824,-0.039 1 + 0.001 theta + 1.735 omega + -0.017 theta omega + -4.340 omega^2 + 0.052 theta omega^2 + 8.289 omega^3,-0.081 1 + 0.003 theta + 1.501 omega + -0.035 theta omega + -8.825 omega^2 + 0.107 theta omega^2 + 16.778 omega^3,-8.0927638042e-02,2.5151772654e-03,1.5014245582e+00,-1.5629762037e-05,-3.4751132555e-02,-8.8249721659e+00,0.0000000000e+00,1.4705872475e-04,1.0735884386e-01,1.6777661090e+01
43012,2025-01-20 23:05:00,0.023422,2.604890,1.842010,0.020 1 + -0.001 theta + 0.442 omega + 0.018 theta omega + 5.006 omega^2 + -0.083 theta omega^2 + -14.638 omega^3,0.032 1 + -0.002 theta + -0.903 omega + 0.028 theta omega + 8.169 omega^2 + -0.144 theta omega^2 + -22.986 omega^3,3.2118449595e-02,-1.5272685088e-03,-9.0300529723e-01,1.9293706751e-05,2.7819986968e-02,8.1688739265e+00,0.0000000000e+00,-1.0977941022e-04,-1.4432594710e-01,-2.2986289425e+01
43013,2025-01-20 23:10:00,nan,nan,nan,-0.008 1 + 0.004 theta + 1.001 omega + -0.012 theta omega + 0.919 omega^2 + 0.003 theta^2 omega + -0.283 theta omega^2 + 0.581 omega^3,-0.015 1 + 0.008 theta + -0.002 omega + -0.022 theta omega + 1.840 omega^2 + 0.007 theta^2 omega + -0.565 theta omega^2 + 1.708 omega^3,-1.5131540683e-02,7.5317188745e-03,-1.5500603918e-03,1.1594951376e-04,-2.2184313091e-02,1.8396032278e+00,-3.0846748762e-04,6.8130922045e-03,-5.6482968962e-01,1.7077838848e+00
43014,2025-01-20 23:15:00,0.044366,1.844908,1.304924,-0.159 1 + 0.004 theta + -2.174 omega + 0.039 theta omega + -20.372 omega^2 + 0.074 theta omega^2 + -40.993 omega^3,-0.096 1 + 0.003 theta + -1.963 omega + 0.033 theta omega + -13.208 omega^2 + 0.099 theta omega^2 + -29.393 omega^3,-9.6424575414e-02,2.7511591336e-03,-1.9629938119e+00,0.0000000000e+00,3.2579951235e-02,-1.3208441669e+01,0.0000000000e+00,-1.3417596396e-05,9.8823814768e-02,-2.9393355323e+01
43015,2025-01-20 23:20:00,nan,nan,nan,-0.024 1 + -0.002 theta + 0.697 omega + -0.014 theta omega + -0.879 omega^2 + -0.023 theta omega^2 + 0.297 omega^3,-0.037 1 + -0.001 theta + -0.585 omega + -0.021 theta omega + -2.010 omega^2 + -0.050 theta omega^2 + 0.163 omega^3,-3.7143824974e-02,-1.3763707621e-03,-5.8514388927e-01,0.0000000000e+00,-2.1077115311e-02,-2.0104278936e+00,0.0000000000e+00,-9.0792287065e-05,-4.9821357044e-02,1.6257352085e-01
43016,2025-01-20 23:25:00,0.044332,1.385792,0.980404,-0.001 1 + -0.001 theta + 1.043 omega + 0.001 theta omega + 0.196 omega^2 + 0.016 theta omega^2 + -1.117 omega^3,-0.002 1 + -0.002 theta + 0.089 omega + 0.002 theta omega + 0.403 omega^2 + 0.031 theta omega^2 + -2.176 omega^3,-1.6904108196e-03,-2.2788147409e-03,8.8597359997e-02,-2.8315290369e-04,1.5315468364e-03,4.0272444758e-01,-9.3835236565e-06,-2.0590082183e-04,3.0835527075e-02,-2.1758014815e+00
43017,2025-01-20 23:30:00,0.029567,0.786613,0.556612,0.001 1 + -0.001 theta + 1.052 omega + -0.014 theta omega + -0.146 omega^2 + -0.001 theta^2 omega + 0.055 theta omega^2 + -7.497 omega^3,0.001 1 + -0.003 theta + 0.108 omega + -0.029 theta omega + -0.281 omega^2 + -0.001 theta^2 omega + 0.110 theta omega^2 + -15.185 omega^3,1.0951888857e-03,-3.0617715316e-03,1.0824096128e-01,-5.3181157403e-05,-2.9092392181e-02,-2.8131710949e-01,2.2704898260e-06,-1.4523115139e-03,1.0983044209e-01,-1.5184508897e+01
43018,2025-01-20 23:35:00,0.039224,1.484004,1.049715,1.000 omega + -0.004 theta omega + -0.073 omega^2 + -0.002 theta^2 omega + -0.024 theta omega^2 + 0.826 omega^3,-0.001 theta + 0.003 omega + -0.008 theta omega + -0.189 omega^2 + -0.004 theta^2 omega + -0.053 theta omega^2 + 1.380 omega^3,4.5710186228e-04,-5.0386140823e-04,2.7331379876e-03,-4.6684617017e-04,-7.5628472275e-03,-1.8943174979e-01,-5.9550830830e-05,-3.5842645810e-03,-5.2823147326e-02,1.3803058900e+00
43019,2025-01-20 23:40:00,0.103358,7.254617,5.130310,-0.001 1 + -0.001 theta + 0.980 omega + 0.004 theta omega + -0.677 omega^2 + -0.019 theta omega^2 + -1.883 omega^3,-0.002 1 + -0.002 theta + -0.038 omega + 0.008 theta omega + -1.361 omega^2 + -0.037 theta omega^2 + -3.874 omega^3,-2.4087994577e-03,-2.2784182559e-03,-3.8249042375e-02,-3.5461611844e-04,8.1562088943e-03,-1.3612352760e+00,-1.2426539185e-05,3.6388597219e-04,-3.6541946038e-02,-3.8740669972e+00
43020,2025-01-20 23:45:00,0.177157,9.143950,6.466962,0.002 1 + -0.005 theta + 1.005 omega + 0.001 theta^2 + 0.005 theta omega + 0.593 omega^2 + -0.031 theta omega^2 + -1.200 omega^3,0.004 1 + -0.010 theta + 0.013 omega + 0.001 theta^2 + 0.009 theta omega + 1.171 omega^2 + -0.001 theta^2 omega + -0.062 theta omega^2 + -2.326 omega^3,3.6015462934e-03,-1.0320223098e-02,1.2579295356e-02,1.3246146628e-03,8.6284241951e-03,1.1714504475e+00,-4.3959409520e-05,-5.9383434976e-04,-6.1651517471e-02,-2.3257657332e+00
43021,2025-01-20 23:50:00,0.007686,0.216482,0.153173,-0.032 1 + 0.656 omega + -0.004 theta omega + -0.549 omega^2 + -0.030 theta omega^2 + 2.025 omega^3,-0.059 1 + 0.001 theta + -0.637 omega + -0.006 theta omega + -0.941 omega^2 + -0.055 theta omega^2 + 4.249 omega^3,-5.8772157206e-02,7.8285097197e-04,-6.3717138956e-01,7.9721356765e-05,-6.2870197470e-03,-9.4140601533e-01,-6.0094467257e-08,4.1466395732e-04,-5.5388849470e-02,4.2487464072e+00
43022,2025-01-20 23:55:00,0.076099,2.836417,2.006371,0.001 1 + 1.004 omega + -0.084 omega^2 + -0.017 theta omega^2 + -1.272 omega^3,0.001 1 + 0.008 omega + -0.179 omega^2 + 0.001 theta^2 omega + -0.024 theta omega^2 + -2.348 omega^3,1.2749429130e-03,3.8510452340e-04,7.6154142803e-03,1.3677843249e-04,4.1910002292e-04,-1.7896827999e-01,-1.0399293111e-04,6.8913254398e-04,-2.4149777206e-02,-2.3481472079e+00
43023,2025-01-21 00:00:00,nan,nan,nan,-0.029 1 + 0.001 theta + 1.244 omega + -0.013 theta omega + -0.491 omega^2 + 0.010 theta omega^2 + 0.434 omega^3,-0.059 1 + 0.003 theta + 0.489 omega + -0.026 theta omega + -0.995 omega^2 + 0.021 theta omega^2 + 0.935 omega^3,-5.9181796455e-02,2.6575401966e-03,4.8929168297e-01,4.3332151782e-05,-2.6282839531e-02,-9.9472317265e-01,-2.0101714652e-06,3.4094902274e-04,2.0699454032e-02,9.3468840966e-01
43024,2025-01-21 00:05:00,nan,nan,nan,0.006 1 + 0.002 theta + 1.065 omega + 0.010 theta omega + 0.232 omega^2 + 0.023 theta omega^2 + -0.152 omega^3,0.011 1 + 0.003 theta + 0.132 omega + 0.020 theta omega + 0.466 omega^2 + 0.001 theta^2 omega + 0.047 theta omega^2 + -0.366 omega^3,1.1001604839e-02,3.2056206289e-03,1.3203305726e-01,2.5789412612e-04,2.0221219442e-02,4.6570196523e-01,5.6143691795e-06,7.0906900479e-04,4.6609419644e-02,-3.6649375573e-01
43025,2025-01-21 00:10:00,0.043659,0.856400,0.606353,-0.005 1 + 0.005 theta + 1.037 omega + 0.002 theta^2 + 0.018 theta omega + 1.060 omega^2 + 0.002 theta^2 omega + 0.231 theta omega^2 + -0.447 omega^3,-0.010 1 + 0.010 theta + 0.076 omega + 0.005 theta^2 + 0.035 theta omega + 2.093 omega^2 + 0.004 theta^2 omega + 0.457 theta omega^2 + -1.179 omega^3,-9.5097159663e-03,9.8449817444e-03,7.5793843302e-02,4.5515252121e-03,3.4734323876e-02,2.0929846446e+00,4.1578804002e-04,4.1121175569e-03,4.5662185293e-01,-1.1787431152e+00
43026,2025-01-21 00:15:00,0.082556,3.922900,2.774523,-0.001 theta + 1.013 omega + 0.005 theta omega + -0.188 omega^2 + -0.001 theta^2 omega + -0.013 theta omega^2 + -0.435 omega^3,-0.001 theta + 0.029 omega + 0.001 theta^2 + 0.009 theta omega + -0.378 omega^2 + -0.001 theta^2 omega + -0.025 theta omega^2 + -0.803 omega^3,-2.2820955692e-04,-1.2785144711e-03,2.8850238129e-02,5.8542175873e-04,9.3815975662e-03,-3.7815280300e-01,-6.1579490875e-05,-1.1083693089e-03,-2.4987200333e-02,-8.0319088321e-01
43027,2025-01-21 00:20:00,0.095290,6.073004,4.294791,-0.002 1 + -0.001 theta + 1.000 omega + 0.001 theta^2 + 0.005 theta omega + 0.343 omega^2 + -0.001 theta^2 omega + -0.160 theta omega^2 + 0.786 omega^3,-0.005 1 + -0.003 theta + 0.001 omega + 0.002 theta^2 + 0.010 theta omega + 0.674 omega^2 + -0.002 theta^2 omega + -0.319 theta omega^2 + 1.661 omega^3,-4.5553846692e-03,-2.5181761559e-03,1.3121115918e-03,2.3158231925e-03,1.0044909799e-02,6.7402420469e-01,-2.0241181598e-04,-2.1150516725e-03,-3.1902850195e-01,1.6607627552e+00
43028,2025-01-21 00:25:00,nan,nan,nan,0.006 1 + -0.003 theta + 0.960 omega + 0.017 theta omega + -0.258 omega^2 + -0.002 theta^2 omega + 0.055 theta omega^2 + 0.712 omega^3,0.013 1 + -0.006 theta + -0.081 omega + 0.001 theta^2 + 0.036 theta omega + -0.510 omega^2 + -0.004 theta^2 omega + 0.109 theta omega^2 + 1.286 omega^3,1.2672284331e-02,-5.6556050108e-03,-8.1351950575e-02,1.0068406570e-03,3.6326404916e-02,-5.1024960105e-01,-9.8514248710e-05,-3.9993629243e-03,1.0934835363e-01,1.2860787517e+00
43029,2025-01-21 00:30:00,0.175966,6.053436,4.282233,0.001 1 + -0.001 theta + 1.025 omega + -0.018 theta omega + -0.389 omega^2 + 0.002 theta^2 omega + -0.251 theta omega^2 + -3.305 omega^3,0.003 1 + -0.003 theta + 0.054 omega + -0.037 theta omega + -0.803 omega^2 + 0.003 theta^2 omega + -0.498 theta omega^2 + -6.911 omega^3,2.6676802280e-03,-2.8248241354e-03,5.3563215729e-02,-3.9281342083e-04,-3.7204320758e-02,-8.0336847354e-01,-3.2948148034e-05,2.9506265587e-03,-4.9783843105e-01,-6.9109456527e+00
43030,2025-01-21 00:35:00,0.055200,3.086050,2.182516,-0.001 theta + 0.998 omega + -0.001 theta^2 + 0.031 theta omega + -0.154 omega^2 + 0.007 theta^2 omega + -0.031 theta omega^2 + 2.482 omega^3,0.001 1 + -0.003 theta + -0.003 omega + -0.002 theta^2 + 0.059 theta omega + -0.313 omega^2 + 0.014 theta^2 omega + -0.066 theta omega^2 + 4.650 omega^3,6.3756317585e-04,-2.7912768603e-03,-2.8649840075e-03,-1.7661313396e-03,5.9382458990e-02,-3.1259253112e-01,-2.4996036111e-04,1.3510258469e-02,-6.5895739793e-02,4.6500706125e+00
43031,2025-01-21 00:40:00,0.029137,3.495007,2.471429,-0.001 theta + 1.101 omega + -0.008 theta omega + -1.153 omega^2 + -0.001 theta^2 omega + 0.129 theta omega^2 + 2.976 omega^3,-0.002 theta + 0.203 omega + -0.017 theta omega + -2.296 omega^2 + -0.002 theta^2 omega + 0.254 theta omega^2 + 5.955 omega^3,2.5253073168e-04,-2.3711483610e-03,2.0302583391e-01,3.2211139182e-04,-1.6765117465e-02,-2.2960048453e+00,-4.2114190239e-06,-1.7205457689e-03,2.5412526903e-01,5.9548493351e+00
43032,2025-01-21 00:45:00,0.024490,2.463098,1.741760,0.052 1 + -0.003 theta + 0.182 omega + 0.032 theta omega + 4.277 omega^2 + -0.001 theta^2 omega + -0.059 theta omega^2 + -7.781 omega^3,0.099 1 + -0.006 theta + -1.584 omega + 0.061 theta omega + 8.438 omega^2 + -0.001 theta^2 omega + -0.111 theta omega^2 + -15.724 omega^3,9.8779048045e-02,-6.0117974672e-03,-1.5839381632e+00,1.2972691452e-04,6.0511221113e-02,8.4381930167e+00,0.0000000000e+00,-1.0483893238e-03,-1.1117350509e-01,-1.5724067162e+01
43033,2025-01-21 00:50:00,0.058635,1.596059,1.129346,1.001 omega + -0.001 theta^2 + 0.006 theta omega + 0.006 omega^2 + 0.003 theta^2 omega + 0.067 theta omega^2 + -0.621 omega^3,0.001 1 + -0.001 theta + 0.003 omega + -0.002 theta^2 + 0.013 theta omega + 0.010 omega^2 + -0.001 theta^3 + 0.008 theta^2 omega + 0.137 theta omega^2 + -0.888 omega^3,6.6619659366e-04,-9.3905964803e-04,2.6844156742e-03,-1.8992502304e-03,1.3386404348e-02,9.5022589801e-03,-7.7556711374e-04,7.6580113138e-03,1.3696616691e-01,-8.8838873965e-01
43034,2025-01-21 00:55:00,0.024430,2.075383,1.467619,-0.002 theta + 1.097 omega + 0.004 theta omega + -0.958 omega^2 + -0.001 theta^2 omega + 0.044 theta omega^2 + 2.000 omega^3,-0.004 theta + 0.195 omega + 0.010 theta omega + -1.878 omega^2 + -0.002 theta^2 omega + 0.082 theta omega^2 + 3.909 omega^3,-1.4562804609e-04,-3.9047007781e-03,1.9481756054e-01,4.8143936259e-04,9.8781196588e-03,-1.8780317402e+00,-1.2894400254e-05,-1.9491400281e-03,8.2330202435e-02,3.9093477975e+00
43035,2025-01-21 01:00:00,0.018646,0.584441,0.413472,-0.001 1 + 0.001 theta + 0.925 omega + 0.002 theta omega + 1.452 omega^2 + -0.106 theta omega^2 + -5.710 omega^3,0.007 1 + -0.001 theta + -0.319 omega + 0.032 theta omega + 3.736 omega^2 + -0.275 theta omega^2 + -11.923 omega^3,7.0518373120e-03,-7.9887601962e-04,-3.1945537368e-01,1.3300329799e-05,3.1517119680e-02,3.7362172881e+00,0.0000000000e+00,-2.2815807190e-04,-2.7504319060e-01,-1.1923081704e+01
43036,2025-01-21 01:05:00,0.268998,10.040695,7.102391,-0.001 1 + 0.001 theta + 0.979 omega + -0.008 theta omega + 0.569 omega^2 + 0.031 theta omega^2 + -3.244 omega^3,-0.002 1 + 0.002 theta + -0.037 omega + -0.015 theta omega + 1.086 omega^2 + 0.062 theta omega^2 + -6.230 omega^3,-2.2747663047e-03,2.4987462255e-03,-3.6803478884e-02,-2.1451542873e-04,-1.5322124780e-02,1.0858868214e+00,5.2189251214e-06,3.1518601058e-04,6.1560333856e-02,-6.2301424208e+00
43037,2025-01-21 01:10:00,0.221940,21.937682,15.513078,-0.011 1 + 0.006 theta + 0.809 omega + -0.001 theta^2 + -0.009 theta omega + 5.403 omega^2 + 0.006 theta^2 omega + -0.721 theta omega^2 + -7.352 omega^3,-0.023 1 + 0.012 theta + -0.362 omega + -0.002 theta^2 + -0.022 theta omega + 10.707 omega^2 + 0.011 theta^2 omega + -1.432 theta omega^2 + -14.299 omega^3,-2.3285577879e-02,1.1851146017e-02,-3.6155669111e-01,-1.5789229226e-03,-2.1547089924e-02,1.0707041997e+01,4.6709422171e-05,1.1442451716e-02,-1.4324706542e+00,-1.4299174794e+01
43038,2025-01-21 01:15:00,0.017319,0.943485,0.667257,1.058 omega + 0.013 theta omega + -1.573 omega^2 + -0.060 theta omega^2 + 9.377 omega^3,-0.001 theta + 0.081 omega + 0.028 theta omega + -2.638 omega^2 + 0.001 theta^2 omega + -0.210 theta omega^2 + 17.803 omega^3,-1.0220366933e-04,-6.2619338545e-04,8.1351265862e-02,-5.6770275265e-05,2.8273772623e-02,-2.6377175445e+00,0.0000000000e+00,5.4156450320e-04,-2.0959456468e-01,1.7802535155e+01
43039,2025-01-21 01:20:00,0.062440,3.901284,2.758978,-0.018 1 + 0.005 theta + 1.085 omega + -0.026 theta omega + 0.643 omega^2 + 0.001 theta^2 omega + -0.034 theta omega^2 + -1.279 omega^3,0.026 1 + -0.002 theta + -0.859 omega + 0.068 theta omega + 6.922 omega^2 + -0.001 theta^2 omega + -0.382 theta omega^2 + -13.362 omega^3,2.5942461497e-02,-1.8481952010e-03,-8.5881566041e-01,8.9070625172e-06,6.8317136449e-02,6.9220365216e+00,0.0000000000e+00,-8.1271312174e-04,-3.8200708951e-01,-1.3362276672e+01
43040,2025-01-21 01:25:00,0.006545,0.190501,0.134784,0.001 1 + -0.001 theta + 1.009 omega + 0.011 theta omega + -0.161 omega^2 + -0.021 theta omega^2 + 0.028 omega^3,0.001 1 + -0.001 theta + 0.018 omega + 0.021 theta omega + -0.460 omega^2 + -0.001 theta^2 omega + -0.041 theta omega^2 + 0.905 omega^3,1.3821770828e-03,-1.2421399485e-03,1.8049679004e-02,5.5517987262e-05,2.0828810827e-02,-4.5951091894e-01,0.0000000000e+00,-8.8619359311e-04,-4.0533602905e-02,9.0513126788e-01
43041,2025-01-21 01:30:00,nan,nan,nan,-0.016 1 + 0.002 theta + 1.307 omega + -0.009 theta omega + -2.928 omega^2 + -0.007 theta omega^2 + 10.675 omega^3,-0.019 1 + 0.001 theta + 0.501 omega + -0.002 theta omega + -5.420 omega^2 + -0.036 theta omega^2 + 19.911 omega^3,-1.9075949777e-02,1.0012845556e-03,5.0050816975e-01,-3.4091918868e-05,-1.5313311094e-03,-5.4201875459e+00,0.0000000000e+00,2.2309757977e-04,-3.5965555005e-02,1.9910953792e+01
43042,2025-01-21 01:35:00,nan,nan,nan,-0.010 1 + 0.004 theta + 1.178 omega + -0.046 theta omega + -0.977 omega^2 + 0.002 theta^2 omega + 0.088 theta omega^2 + 2.101 omega^3,-0.019 1 + 0.008 theta + 0.337 omega + -0.001 theta^2 + -0.089 theta omega + -1.765 omega^2 + 0.005 theta^2 omega + 0.160 theta omega^2 + 3.757 omega^3,-1.9191805729e-02,8.3827603424e-03,3.3719753064e-01,-7.9557931228e-04,-8.9107759133e-02,-1.7653420714e+00,1.9628051874e-05,4.7792259798e-03,1.5990592019e-01,3.7568666736e+00
43043,2025-01-21 01:40:00,0.034911,2.501770,1.769191,-0.001 1 + -0.003 theta + 1.013 omega + 0.007 theta omega + 0.630 omega^2 + -0.001 theta^2 omega + 0.032 theta omega^2 + -4.056 omega^3,-0.001 1 + -0.005 theta + 0.027 omega + 0.001 theta^2 + 0.013 theta omega + 1.233 omega^2 + -0.002 theta^2 omega + 0.068 theta omega^2 + -7.949 omega^3,-1.0815401300e-03,-5.0579973148e-03,2.7086674568e-02,5.1304526004e-04,1.3068536682e-02,1.2330770155e+00,-3.2916741110e-06,-2.3687808613e-03,6.7901572939e-02,-7.9489589081e+00
43044,2025-01-21 01:45:00,0.128198,9.195705,6.502977,-0.002 1 + 0.985 omega + 0.058 omega^2 + 0.006 theta omega^2 + 0.628 omega^3,-0.004 1 + -0.033 omega + 0.121 omega^2 + 0.010 theta omega^2 + 1.399 omega^3,-3.6493683878e-03,-3.9383175920e-04,-3.2879234542e-02,3.8511865233e-05,-2.6691300159e-04,1.2056705994e-01,0.0000000000e+00,9.5757851654e-05,9.8421431240e-03,1.3992813430e+00
43045,2025-01-21 01:50:00,0.083985,13.529675,9.567109,-0.028 1 + 0.604 omega + -0.008 theta omega + -1.350 omega^2 + -0.038 theta omega^2 + 0.016 omega^3,-0.109 1 + 0.001 theta + -1.841 omega + 0.011 theta omega + -9.713 omega^2 + 0.014 theta omega^2 + -15.684 omega^3,-1.0943941701e-01,1.3857051081e-03,-1.8408559269e+00,0.0000000000e+00,1.0840870006e-02,-9.7128831230e+00,0.0000000000e+00,1.3807159790e-05,1.4131698462e-02,-1.5683740792e+01
43046,2025-01-21 01:55:00,nan,nan,nan,0.004 1 + 0.001 theta + 0.996 omega + -0.001 theta omega + 0.131 omega^2 + -0.013 theta omega^2 + 1.148 omega^3,0.007 1 + 0.001 theta + -0.015 omega + -0.002 theta omega + 0.280 omega^2 + -0.028 theta omega^2 + 2.500 omega^3,6.9290236560e-03,1.1072042113e-03,-1.4820969326e-02,3.9786106937e-05,-2.3465836307e-03,2.8013458622e-01,1.1614190185e-07,1.1860198490e-04,-2.8365517584e-02,2.4996877735e+00
43047,2025-01-21 02:00:00,0.015375,0.815144,0.576496,-0.051 1 + -0.002 theta + 0.755 omega + -0.006 theta omega + 0.093 omega^2 + 0.001 theta omega^2 + 1.144 omega^3,-0.089 1 + -0.003 theta + -0.416 omega + -0.009 theta omega + 0.241 omega^2 + 0.004 theta omega^2 + 2.159 omega^3,-8.8569271053e-02,-3.1174483299e-03,-4.1639181359e-01,-2.4929444768e-05,-8.9612326355e-03,2.4103610059e-01,0.0000000000e+00,-2.4716531837e-06,3.7505290138e-03,2.1586434451e+00
43048,2025-01-21 02:05:00,0.012057,0.431002,0.304884,-0.016 1 + -0.001 theta + 1.374 omega + 0.009 theta omega + -2.402 omega^2 + -0.010 theta omega^2 + 4.458 omega^3,-0.033 1 + -0.002 theta + 0.793 omega + 0.016 theta omega + -5.143 omega^2 + -0.015 theta omega^2 + 9.743 omega^3,-3.3229546923e-02,-2.2725226862e-03,7.9266790683e-01,4.1117222163e-05,1.5718307369e-02,-5.1430204328e+00,0.0000000000e+00,-2.4561876750e-04,-1.4691233378e-02,9.7432168591e+00
43049,2025-01-21 02:10:00,0.023820,0.916219,0.648084,-0.019 1 + 0.001 theta + 1.287 omega + -0.020 theta omega + -1.264 omega^2 + 0.034 theta omega^2 + 2.362 omega^3,-0.031 1 + 0.004 theta + 0.512 omega + -0.039 theta omega + -2.710 omega^2 + 0.001 theta^2 omega + 0.073 theta omega^2 + 5.393 omega^3,-3.0759458953e-02,3.9458611805e-03,5.1150387515e-01,-9.7472690055e-05,-3.9481261320e-02,-2.7095029257e+00,0.0000000000e+00,6.9845955400e-04,7.3416337096e-02,5.3933553020e+00
43050,2025-01-21 02:15:00,0.082030,7.367678,5.210058,-0.002 1 + 0.002 theta + 0.983 omega + -0.003 theta omega + 0.147 omega^2 + -0.059 theta omega^2 + 0.843 omega^3,-0.004 1 + 0.003 theta + -0.034 omega + -0.006 theta omega + 0.289 omega^2 + -0.116 theta omega^2 + 1.794 omega^3,-3.6535830324e-03,3.1334295442e-03,-3.3790769585e-02,2.5532026434e-04,-5.5945141374e-03,2.8902500430e-01,-6.4545509923e-05,-2.0069946788e-04,-1.1606775440e-01,1.7937543858e+00
43051,2025-01-21 02:20:00,nan,nan,nan,-0.022 1 + 0.002 theta + 1.109 omega + -0.015 theta omega + 0.185 omega^2 + -0.011 theta omega^2 + 0.609 omega^3,-0.042 1 + 0.004 theta + 0.200 omega + -0.029 theta omega + 0.443 omega^2 + 0.001 theta^2 omega + -0.025 theta omega^2 + 1.144 omega^3,-4.1933968060e-02,4.4540141526e-03,2.0001253261e-01,-7.1939006160e-05,-2.8654430758e-02,4.4309275730e-01,-1.2941603232e-06,7.6532665941e-04,-2.5378466476e-02,1.1436218972e+00
43052,2025-01-21 02:25:00,0.058221,5.363644,3.792893,-0.005 1 + 0.824 omega + -0.014 theta omega + -1.841 omega^2 + -0.093 theta omega^2 + -5.089 omega^3,-0.009 1 + -0.348 omega + -0.028 theta omega + -3.691 omega^2 + -0.188 theta omega^2 + -10.183 omega^3,-9.2350680062e-03,-2.3305190681e-04,-3.4790082053e-01,1.2451628416e-04,-2.7538932169e-02,-3.6906397531e+00,6.4515307467e-06,-2.5390924788e-04,-1.8787382853e-01,-1.0182740509e+01
43053,2025-01-21 02:30:00,0.063198,5.950527,4.207895,1.004 omega + -0.005 theta omega + 0.192 omega^2 + 0.034 theta omega^2 + -0.990 omega^3,-0.001 1 + 0.008 omega + -0.010 theta omega + 0.365 omega^2 + -0.001 theta^2 omega + 0.067 theta omega^2 + -1.889 omega^3,-6.5793317438e-04,-4.5371106682e-04,8.4895692996e-03,1.6407009152e-04,-1.0473372932e-02,3.6455779890e-01,0.0000000000e+00,-8.2870280425e-04,6.6869571137e-02,-1.8885420334e+00
43054,2025-01-21 02:35:00,nan,nan,nan,-0.157 1 + 0.008 theta + 2.106 omega + -0.050 theta omega + -1.888 omega^2 + 0.072 theta omega^2 + -0.106 omega^3,-0.215 1 + 0.010 theta + 1.682 omega + -0.068 theta omega + -3.758 omega^2 + 0.106 theta omega^2 + 2.005 omega^3,-2.1522300450e-01,1.0142775101e-02,1.6823605116e+00,-8.2393280076e-05,-6.8117644023e-02,-3.7584945725e+00,0.0000000000e+00,3.5952460549e-04,1.0596189765e-01,2.0048345944e+00
43055,2025-01-21 02:40:00,0.030700,1.193401,0.844141,0.005 1 + -0.001 theta + 0.875 omega + 0.008 theta omega + 0.903 omega^2 + -0.018 theta omega^2 + -1.833 omega^3,0.011 1 + -0.152 omega + 0.002 theta omega + 0.790 omega^2 + -0.014 theta omega^2 + -1.264 omega^3,1.0855785635e-02,-1.3424906305e-04,-1.5239582365e-01,-5.2592969115e-06,2.3589914100e-03,7.9047153452e-01,0.0000000000e+00,4.1646752574e-05,-1.3774922763e-02,-1.2641715943e+00
43056,2025-01-21 02:45:00,0.075870,4.607697,3.258576,0.002 1 + 0.991 omega + 0.001 theta omega + -0.074 omega^2 + -0.009 theta omega^2 + 0.339 omega^3,0.005 1 + 0.001 theta + -0.021 omega + 0.002 theta omega + -0.155 omega^2 + -0.019 theta omega^2 + 0.736 omega^3,4.5166807338e-03,6.0407853880e-04,-2.0694262794e-02,-4.4030750218e-05,2.4864838694e-03,-1.5470970372e-01,-5.5556969087e-06,3.4719620190e-04,-1.9008561543e-02,7.3575677331e-01
43057,2025-01-21 02:50:00,0.021921,1.364783,0.965172,0.039 1 + 0.001 theta + 0.284 omega + -0.002 theta omega + 4.058 omega^2 + -0.003 theta omega^2 + -7.335 omega^3,0.090 1 + -1.601 omega + 0.002 theta omega + 9.091 omega^2 + -0.013 theta omega^2 + -16.785 omega^3,9.0160556219e-02,1.3845428614e-04,-1.6014666163e+00,-8.8637649499e-06,2.3875904475e-03,9.0913114012e+00,0.0000000000e+00,2.9589325906e-05,-1.2570438688e-02,-1.6785258900e+01
43058,2025-01-21 02:55:00,0.028367,3.713133,2.625658,-0.007 1 + 0.001 theta + 1.095 omega + -0.014 theta omega + 0.001 omega^2 + 0.056 theta omega^2 + -1.597 omega^3,-0.016 1 + 0.001 theta + 0.226 omega + -0.026 theta omega + -0.282 omega^2 + 0.105 theta omega^2 + -2.453 omega^3,-1.5835111209e-02,1.1703816300e-03,2.2639266222e-01,5.7763673396e-05,-2.6343376191e-02,-2.8244570682e-01,0.0000000000e+00,-2.9767289949e-04,1.0527966229e-01,-2.4531292090e+00
43059,2025-01-21 03:00:00,nan,nan,nan,-0.019 1 + 0.001 theta + 1.249 omega + -0.011 theta omega + -0.877 omega^2 + 0.018 theta omega^2 + 0.974 omega^3,-0.045 1 + 0.002 theta + 0.637 omega + -0.019 theta omega + -2.386 omega^2 + 0.036 theta omega^2 + 2.837 omega^3,-4.5284638616e-02,1.6045343452e-03,6.3665953762e-01,-1.4413443997e-05,-1.9399536002e-02,-2.3860827991e+00,0.0000000000e+00,1.5577430980e-04,3.5501142648e-02,2.8365129247e+00
43060,2025-01-21 03:05:00,0.053508,2.819516,1.994058,-0.012 1 + 0.001 theta + 1.105 omega + -0.007 theta omega + -0.191 omega^2 + 0.009 theta omega^2 + -0.068 omega^3,-0.020 1 + 0.002 theta + 0.173 omega + -0.010 theta omega + -0.231 omega^2 + 0.013 theta omega^2 + -0.599 omega^3,-2.0089234345e-02,1.6515359465e-03,1.7250583966e-01,-3.4656770293e-05,-9.8451024086e-03,-2.3123604540e-01,0.0000000000e+00,1.2823834360e-04,1.2854796996e-02,-5.9916692052e-01
43061,2025-01-21 03:10:00,0.036060,2.440271,1.725720,-0.001 theta + 1.043 omega + 0.010 theta omega + -0.354 omega^2 + -0.031 theta omega^2 + 0.697 omega^3,0.001 1 + -0.002 theta + 0.085 omega + 0.018 theta omega + -0.693 omega^2 + -0.059 theta omega^2 + 1.320 omega^3,9.4310178332e-04,-2.0030521250e-03,8.5029557984e-02,3.7645044311e-05,1.8297806947e-02,-6.9324757099e-01,-6.4575624135e-07,-7.3234990551e-06,-5.8995525085e-02,1.3195077850e+00
43062,2025-01-21 03:15:00,0.038902,4.069324,2.877578,-0.056 1 + 0.003 theta + 1.577 omega + -0.022 theta omega + -2.051 omega^2 + 0.035 theta omega^2 + 2.651 omega^3,-0.110 1 + 0.005 theta + 1.261 omega + -0.044 theta omega + -5.006 omega^2 + 0.083 theta omega^2 + 7.087 omega^3,-1.1025187200e-01,5.3827545137e-03,1.2614947843e+00,-5.9436241514e-05,-4.4161805246e-02,-5.0058487254e+00,0.0000000000e+00,3.3270736023e-04,8.2714756266e-02,7.0874814412e+00
43063,2025-01-21 03:20:00,0.029622,2.832506,2.002993,0.009 1 + -0.001 theta + 0.892 omega + 0.025 theta omega + -0.161 omega^2 + -0.118 theta omega^2 + 3.274 omega^3,0.082 1 + 0.003 theta + -1.879 omega + -0.037 theta omega + 13.688 omega^2 + 0.111 theta omega^2 + -32.137 omega^3,8.2186009128e-02,3.1588404662e-03,-1.8789169399e+00,6.1575877383e-07,-3.7139831734e-02,1.3687567704e+01,0.0000000000e+00,-1.3047332312e-05,1.1068759548e-01,-3.2137244289e+01
43064,2025-01-21 03:25:00,0.039557,4.040456,2.857171,0.010 1 + 0.929 omega + 0.006 theta omega + -0.612 omega^2 + 0.001 theta omega^2 + 3.724 omega^3,0.082 1 + -0.006 theta + -0.898 omega + 0.059 theta omega + 1.606 omega^2 + -0.001 theta^2 omega + -0.094 theta omega^2 + 4.473 omega^3,8.1695132045e-02,-6.4826738254e-03,-8.9848163734e-01,1.2872844342e-04,5.9448446725e-02,1.6061358477e+00,0.0000000000e+00,-9.3184395240e-04,-9.3963121372e-02,4.4734212978e+00
43065,2025-01-21 03:30:00,0.045884,3.433342,2.427956,-0.001 theta + 1.021 omega + 0.004 theta omega + 0.063 omega^2 + -0.001 theta^2 omega + 0.059 theta omega^2 + -3.270 omega^3,-0.002 theta + 0.041 omega + 0.011 theta omega + 0.029 omega^2 + -0.002 theta^2 omega + 0.056 theta omega^2 + -4.833 omega^3,2.1209785803e-04,-1.7269383350e-03,4.1352437610e-02,1.7951798303e-04,1.1076612068e-02,2.9175176192e-02,0.0000000000e+00,-1.5927119264e-03,5.6007256838e-02,-4.8328804796e+00
43066,2025-01-21 03:35:00,nan,nan,nan,-0.004 1 + 1.056 omega + 0.023 theta omega + -1.119 omega^2 + -0.135 theta omega^2 + 6.750 omega^3,-0.007 1 + -0.001 theta + 0.109 omega + 0.047 theta omega + -2.297 omega^2 + 0.001 theta^2 omega + -0.280 theta omega^2 + 13.975 omega^3,-6.8703110782e-03,-1.0089504372e-03,1.0906002700e-01,-1.1865857706e-04,4.7333969822e-02,-2.2966848661e+00,0.0000000000e+00,8.0306459337e-04,-2.7969748066e-01,1.3975341101e+01
43067,2025-01-21 03:40:00,0.035488,1.550115,1.096384,-0.017 1 + 0.004 theta + 1.108 omega + -0.024 theta omega + 0.087 omega^2 + 0.001 theta^2 omega + 0.030 theta omega^2 + -0.754 omega^3,0.001 theta + -0.158 omega + 0.001 theta omega + 1.750 omega^2 + -0.034 theta omega^2 + -4.881 omega^3,-4.2488752815e-04,7.7706964189e-04,-1.5762203979e-01,-3.3208336708e-05,1.1249699613e-03,1.7499243637e+00,0.0000000000e+00,1.3403954442e-04,-3.3752753695e-02,-4.8808908675e+00
43068,2025-01-21 03:45:00,0.025336,1.974054,1.395982,-0.007 1 + 1.213 omega + -0.018 theta omega + -1.364 omega^2 + 0.070 theta omega^2 + 2.246 omega^3,-0.014 1 + 0.441 omega + -0.036 theta omega + -2.901 omega^2 + 0.139 theta omega^2 + 5.289 omega^3,-1.4269138637e-02,-3.3544977318e-04,4.4111907248e-01,2.3928163551e-04,-3.5927478310e-02,-2.9010202467e+00,-7.5347621718e-06,1.9995564327e-04,1.3945936082e-01,5.2892161951e+00
43069,2025-01-21 03:50:00,nan,nan,nan,0.016 1 + -0.003 theta + 0.790 omega + 0.033 theta omega + 0.532 omega^2 + -0.001 theta^2 omega + -0.075 theta omega^2 + 1.110 omega^3,0.031 1 + -0.006 theta + -0.415 omega + 0.065 theta omega + 1.040 omega^2 + -0.002 theta^2 omega + -0.154 theta omega^2 + 2.587 omega^3,3.0901672075e-02,-6.4553100266e-03,-4.1549773957e-01,3.6818064411e-04,6.4671180166e-02,1.0396885937e+00,-5.0662484554e-06,-1.8000186473e-03,-1.5431812575e-01,2.5870096524e+00
43070,2025-01-21 03:55:00,0.014565,0.378865,0.268096,-0.002 1 + 1.021 omega + 0.109 omega^2 + -0.001 theta omega^2 + -0.950 omega^3,-0.004 1 + -0.001 theta + 0.043 omega + 0.227 omega^2 + -0.001 theta^2 omega + -0.003 theta omega^2 + -1.916 omega^3,-3.5902087320e-03,-5.5300585724e-04,4.2792796243e-02,4.3827038802e-04,-3.1425520156e-04,2.2661454200e-01,-4.1780905675e-05,-7.8547993208e-04,-3.2025585287e-03,-1.9160396616e+00
43071,2025-01-21 04:00:00,0.032590,1.028495,0.727621,-0.005 1 + 0.001 theta + 0.998 omega + -0.011 theta omega + 0.288 omega^2 + 0.022 theta omega^2 + -0.765 omega^3,-0.005 1 + 0.002 theta + 0.001 omega + -0.017 theta omega + 0.328 omega^2 + 0.050 theta omega^2 + -1.137 omega^3,-4.7441839161e-03,1.5936517718e-03,8.1346817889e-04,-3.0552829825e-05,-1.7483159491e-02,3.2829335495e-01,0.0000000000e+00,2.0021004361e-04,4.9966688742e-02,-1.1370773152e+00
43072,2025-01-21 04:05:00,nan,nan,nan,-0.001 theta + 1.044 omega + -0.006 theta omega + -0.297 omega^2 + 0.002 theta omega^2 + 1.291 omega^3,0.001 1 + -0.003 theta + 0.093 omega + 0.001 theta^2 + -0.012 theta omega + -0.589 omega^2 + 0.005 theta omega^2 + 2.462 omega^3,6.1370046166e-04,-2.7617664396e-03,9.2995143893e-02,5.9265331011e-04,-1.1730341183e-02,-5.8850001247e-01,-2.7942014371e-05,3.0236959814e-04,4.8599548268e-03,2.4621112444e+00
43073,2025-01-21 04:10:00,nan,nan,nan,0.002 theta + 0.975 omega + -0.001 theta^2 + 0.024 theta omega + 0.047 omega^2 + -0.001 theta^3 + 0.011 theta^2 omega + -0.157 theta omega^2 + 3.355 omega^3,0.003 theta + -0.049 omega + -0.002 theta^2 + 0.048 theta omega + 0.081 omega^2 + -0.001 theta^3 + 0.022 theta^2 omega + -0.316 theta omega^2 + 6.847 omega^3,-4.1893815361e-04,3.1400159245e-03,-4.9061524139e-02,-2.0993904527e-03,4.7611657200e-02,8.1079629915e-02,-1.1521724041e-03,2.1999343855e-02,-3.1559897004e-01,6.8465590017e+00
43074,2025-01-21 04:15:00,2.682917,90.670325,64.141663,-0.007 1 + 0.003 theta + 0.967 omega + -0.031 theta omega + 1.025 omega^2 + 0.060 theta omega^2 + -2.997 omega^3,-0.014 1 + 0.006 theta + -0.064 omega + -0.062 theta omega + 2.044 omega^2 + 0.001 theta^2 omega + 0.121 theta omega^2 + -5.969 omega^3,-1.3632680395e-02,6.2238092979e-03,-6.3675284113e-02,-1.1964614186e-04,-6.1818158507e-02,2.0442793135e+00,0.0000000000e+00,8.5296118276e-04,1.2120977879e-01,-5.9692264161e+00
43075,2025-01-21 04:20:00,0.187717,5.825920,4.121685,0.988 omega + -0.004 theta omega + 0.501 omega^2 + -0.048 theta omega^2 + -0.530 omega^3,-0.001 theta + -0.043 omega + -0.006 theta omega + 1.165 omega^2 + 0.001 theta^2 omega + -0.105 theta omega^2 + -1.458 omega^3,4.8722970539e-04,-8.2460859343e-04,-4.2782489546e-02,1.3550264880e-04,-5.7238215485e-03,1.1647343736e+00,-5.7774958985e-06,8.6455158963e-04,-1.0484915456e-01,-1.4583422563e+00
43076,2025-01-21 04:25:00,0.056247,4.916835,3.476955,0.001 1 + 1.028 omega + -0.014 theta omega + -0.143 omega^2 + -0.002 theta^2 omega + -0.011 theta omega^2 + -4.854 omega^3,0.002 1 + 0.059 omega + -0.001 theta^2 + -0.028 theta omega + -0.314 omega^2 + -0.004 theta^2 omega + -0.026 theta omega^2 + -9.929 omega^3,2.2203044030e-03,-9.7675424834e-05,5.8507414251e-02,-9.4951707981e-04,-2.7720767014e-02,-3.1403820275e-01,-1.0301864518e-04,-4.1476922440e-03,-2.6225747498e-02,-9.9290391987e+00
43077,2025-01-21 04:30:00,0.069500,7.051774,4.986599,-0.001 1 + 0.001 theta + 1.014 omega + 0.001 theta^2 + -0.023 theta omega + 0.432 omega^2 + -0.010 theta^2 omega + 0.169 theta omega^2 + -4.120 omega^3,-0.001 1 + 0.002 theta + 0.026 omega + 0.001 theta^2 + -0.046 theta omega + 0.848 omega^2 + -0.019 theta^2 omega + 0.333 theta omega^2 + -7.915 omega^3,-1.3293364533e-03,1.7336392067e-03,2.5908947293e-02,1.2611292456e-03,-4.6498209703e-02,8.4757111037e-01,1.2606499022e-04,-1.8935848439e-02,3.3317171102e-01,-7.9147150366e+00
43078,2025-01-21 04:35:00,0.022515,1.164046,0.823259,-0.006 1 + 1.149 omega + 0.016 theta omega + -2.007 omega^2 + -0.061 theta omega^2 + 7.631 omega^3,0.012 1 + -0.001 theta + -0.115 omega + 0.021 theta omega + -0.598 omega^2 + -0.076 theta omega^2 + 4.923 omega^3,1.1761923375e-02,-1.2407362616e-03,-1.1542119604e-01,-4.5578690040e-06,2.1383045227e-02,-5.9814888136e-01,0.0000000000e+00,0.0000000000e+00,-7.6213342512e-02,4.9225068417e+00
43079,2025-01-21 04:40:00,0.062844,3.762493,2.660856,0.062 1 + 0.001 theta + -0.102 omega + 0.009 theta omega + 5.434 omega^2 + -0.044 theta omega^2 + -7.684 omega^3,0.085 1 + -0.002 theta + -1.039 omega + 0.019 theta omega + 3.983 omega^2 + -0.045 theta omega^2 + -4.592 omega^3,8.4899802847e-02,-2.0752901222e-03,-1.0394029260e+00,7.0513248365e-06,1.9198986466e-02,3.9826444334e+00,0.0000000000e+00,-2.7423232382e-05,-4.4791792302e-02,-4.5923445676e+00
43080,2025-01-21 04:45:00,0.084773,7.684256,5.433921,0.169 1 + -0.006 theta + -0.941 omega + 0.058 theta omega + 6.067 omega^2 + -0.129 theta omega^2 + -3.446 omega^3,0.314 1 + -0.012 theta + -3.493 omega + 0.115 theta omega + 10.022 omega^2 + -0.254 theta omega^2 + -3.095 omega^3,3.1441824074e-01,-1.1832220405e-02,-3.4930907514e+00,7.9599041381e-05,1.1456884096e-01,1.0022051051e+01,0.0000000000e+00,-4.9730528753e-04,-2.5374592786e-01,-3.0954054186e+00
43081,2025-01-21 04:50:00,0.057109,3.552521,2.512336,0.005 1 + 0.002 theta + 0.680 omega + 0.021 theta omega + 1.796 omega^2 + -0.101 theta omega^2 + -1.024 omega^3,0.009 1 + 0.003 theta + -0.615 omega + 0.040 theta omega + 3.410 omega^2 + -0.197 theta omega^2 + -1.580 omega^3,8.9530538420e-03,3.1500800240e-03,-6.1501961245e-01,-3.6577936439e-04,3.9954692208e-02,3.4104028725e+00,9.0588706342e-06,-3.0470301433e-04,-1.9730855240e-01,-1.5799910700e+00
43082,2025-01-21 04:55:00,nan,nan,nan,-0.001 1 + 1.074 omega + -0.005 theta omega + -0.365 omega^2 + 0.016 theta omega^2 + 0.111 omega^3,-0.002 1 + -0.001 theta + 0.148 omega + -0.009 theta omega + -0.721 omega^2 + 0.031 theta omega^2 + 0.259 omega^3,-1.9434030059e-03,-7.2106402734e-04,1.4809128495e-01,8.2895358419e-05,-9.4667740049e-03,-7.2057662359e-01,-2.0950174353e-06,1.3419959303e-04,3.1426248044e-02,2.5876404596e-01
43083,2025-01-21 05:00:00,0.082341,13.353001,9.442177,-0.017 1 + 0.003 theta + 0.936 omega + -0.025 theta omega + 1.956 omega^2 + 0.032 theta omega^2 + -5.347 omega^3,0.005 1 + 0.003 theta + -0.654 omega + -0.024 theta omega + 6.259 omega^2 + 0.007 theta omega^2 + -14.173 omega^3,4.9615846852e-03,3.4156417582e-03,-6.5400680170e-01,-6.3115330113e-05,-2.3788070657e-02,6.2592162864e+00,0.0000000000e+00,4.1877201422e-04,6.7065842603e-03,-1.4172531720e+01
43084,2025-01-21 05:05:00,0.028445,2.131323,1.507207,-0.006 1 + -0.001 theta + 1.261 omega + 0.014 theta omega + -2.851 omega^2 + -0.054 theta omega^2 + 9.259 omega^3,-0.014 1 + -0.002 theta + 0.600 omega + 0.036 theta omega + -6.819 omega^2 + -0.165 theta omega^2 + 23.773 omega^3,-1.3735742712e-02,-2.0029549340e-03,6.0032547141e-01,-3.0150437055e-05,3.5813680787e-02,-6.8194591149e+00,0.0000000000e+00,2.6177404210e-04,-1.6543662888e-01,2.3772625202e+01
43085,2025-01-21 05:10:00,nan,nan,nan,-0.024 1 + 0.001 theta + 1.280 omega + -0.007 theta omega + -1.114 omega^2 + -0.001 theta omega^2 + 1.723 omega^3,-0.046 1 + 0.002 theta + 0.502 omega + -0.013 theta omega + -1.862 omega^2 + -0.008 theta omega^2 + 2.968 omega^3,-4.5988215725e-02,2.3498667732e-03,5.0154269647e-01,-5.1716081242e-05,-1.2719589383e-02,-1.8624697471e+00,0.0000000000e+00,3.1239380662e-04,-7.8909814017e-03,2.9675806224e+00
43086,2025-01-21 05:15:00,0.013443,0.518616,0.366840,0.165 1 + -0.004 theta + -0.740 omega + 0.031 theta omega + 5.457 omega^2 + -0.054 theta omega^2 + -4.465 omega^3,0.336 1 + -0.004 theta + -4.160 omega + 0.039 theta omega + 16.566 omega^2 + -0.083 theta omega^2 + -21.059 omega^3,3.3580402788e-01,-4.4044032027e-03,-4.1599495275e+00,1.5241247956e-05,3.9374512518e-02,1.6565558294e+01,0.0000000000e+00,-9.0664452788e-05,-8.2635150587e-02,-2.1058746411e+01
43087,2025-01-21 05:20:00,nan,nan,nan,-0.077 1 + 0.004 theta + 2.094 omega + -0.048 theta omega + -4.618 omega^2 + 0.140 theta omega^2 + 5.615 omega^3,-0.040 1 + 0.002 theta + 0.469 omega + -0.027 theta omega + -1.133 omega^2 + 0.082 theta omega^2 + -1.203 omega^3,-4.0156997465e-02,2.2211983339e-03,4.6929399239e-01,0.0000000000e+00,-2.7148643142e-02,-1.1333233277e+00,0.0000000000e+00,0.0000000000e+00,8.1700606058e-02,-1.2029964992e+00
43088,2025-01-21 05:25:00,0.011731,0.631030,0.446283,-0.036 1 + -0.001 theta + 1.667 omega + 0.012 theta omega + -4.105 omega^2 + -0.038 theta omega^2 + 8.428 omega^3,-0.086 1 + -0.002 theta + 1.579 omega + 0.025 theta omega + -9.595 omega^2 + -0.076 theta omega^2 + 19.481 omega^3,-8.5833351434e-02,-2.2126549546e-03,1.5791865197e+00,-5.2068879116e-06,2.5363650401e-02,-9.5954564229e+00,0.0000000000e+00,4.1786488712e-05,-7.5952966854e-02,1.9481472942e+01
43089,2025-01-21 05:30:00,0.025349,3.799527,2.686731,0.031 1 + 0.412 omega + 0.008 theta omega + 3.194 omega^2 + -0.056 theta omega^2 + -4.110 omega^3,0.031 1 + -0.670 omega + 0.001 theta omega + 4.680 omega^2 + -0.009 theta omega^2 + -10.388 omega^3,3.0586886367e-02,0.0000000000e+00,-6.6959118326e-01,0.0000000000e+00,1.2651482596e-03,4.6801677688e+00,0.0000000000e+00,-5.0856955110e-07,-9.1458865725e-03,-1.0387518390e+01
43090,2025-01-21 05:35:00,nan,nan,nan,-0.027 1 + 1.407 omega + -0.005 theta omega + -1.383 omega^2 + 0.035 theta omega^2 + 0.056 omega^3,-0.071 1 + -0.001 theta + 1.173 omega + -0.005 theta omega + -5.300 omega^2 + 0.067 theta omega^2 + 5.613 omega^3,-7.0922120817e-02,-1.3971953198e-03,1.1731469910e+00,7.4899320231e-05,-4.9294148086e-03,-5.3002483132e+00,0.0000000000e+00,-3.9545074690e-04,6.7043931306e-02,5.6126245347e+00
43091,2025-01-21 05:40:00,0.029918,3.930445,2.779325,-0.028 1 + 0.001 theta + 1.354 omega + -0.015 theta omega + -1.196 omega^2 + 0.033 theta omega^2 + 0.933 omega^3,-0.023 1 + 0.002 theta + 0.202 omega + -0.021 theta omega + 0.319 omega^2 + 0.063 theta omega^2 + -3.761 omega^3,-2.3198290533e-02,1.6392976975e-03,2.0240398860e-01,0.0000000000e+00,-2.1211834205e-02,3.1860106082e-01,0.0000000000e+00,1.1502877552e-05,6.3416507697e-02,-3.7606255200e+00
43092,2025-01-21 05:45:00,nan,nan,nan,-0.029 1 + 0.002 theta + 1.331 omega + -0.016 theta omega + -1.401 omega^2 + 0.023 theta omega^2 + 2.642 omega^3,-0.055 1 + 0.004 theta + 0.627 omega + -0.032 theta omega + -2.685 omega^2 + 0.043 theta omega^2 + 5.322 omega^3,-5.5419795617e-02,4.3390758923e-03,6.2730656346e-01,-7.6701151262e-05,-3.2122412241e-02,-2.6850805425e+00,0.0000000000e+00,4.2075872215e-04,4.2926402729e-02,5.3222416885e+00
43093,2025-01-21 05:50:00,0.022051,2.591153,1.832288,-0.008 1 + 0.900 omega + -0.002 theta omega + -0.085 omega^2 + -0.016 theta omega^2 + 1.218 omega^3,-0.015 1 + -0.177 omega + -0.005 theta omega + -0.032 omega^2 + -0.034 theta omega^2 + 2.762 omega^3,-1.5015899008e-02,1.4472270080e-04,-1.7654150857e-01,9.3137959154e-06,-4.9095807196e-03,-3.1842873602e-02,0.0000000000e+00,7.3274804270e-05,-3.3758992429e-02,2.7622891566e+00
43094,2025-01-21 05:55:00,0.061195,4.192822,2.965089,0.029 1 + 0.003 theta + 1.199 omega + 0.014 theta omega + 0.561 omega^2 + 0.006 theta omega^2 + 1.108 omega^3,0.058 1 + 0.006 theta + 0.402 omega + 0.028 theta omega + 1.134 omega^2 + 0.011 theta omega^2 + 2.233 omega^3,5.7840958401e-02,5.8791168728e-03,4.0246034922e-01,8.2450611159e-05,2.7703926480e-02,1.1343812342e+00,0.0000000000e+00,3.4404272628e-04,1.1470992342e-02,2.2327798879e+00
43095,2025-01-21 06:00:00,0.030125,3.049110,2.156151,-0.002 1 + -0.001 theta + 0.999 omega + -0.019 theta omega + 0.464 omega^2 + 0.001 theta^2 omega + -0.130 theta omega^2 + 3.898 omega^3,-0.003 1 + -0.001 theta + 0.011 omega + -0.026 theta omega + 0.667 omega^2 + -0.112 theta omega^2 + 3.423 omega^3,-3.1175028625e-03,-1.4867888771e-03,1.1442320617e-02,3.3124659949e-05,-2.6151657370e-02,6.6693003549e-01,0.0000000000e+00,2.3456804560e-04,-1.1214826289e-01,3.4234394424e+00
43096,2025-01-21 06:05:00,nan,nan,nan,-0.002 1 + -0.003 theta + 0.998 omega + 0.001 theta^2 + -0.003 theta omega + 0.199 omega^2 + -0.024 theta omega^2 + 0.984 omega^3,-0.003 1 + -0.005 theta + 0.001 theta^2 + -0.005 theta omega + 0.389 omega^2 + -0.045 theta omega^2 + 1.742 omega^3,-3.4263936373e-03,-5.1449638876e-03,4.5106035296e-04,1.0605793929e-03,-5.4389773501e-03,3.8887442232e-01,-5.3255687447e-05,2.5972088618e-04,-4.5407961834e-02,1.7416458000e+00
43097,2025-01-21 06:10:00,0.042355,2.733239,1.932924,0.016 1 + 0.002 theta + 1.170 omega + 0.023 theta omega + 0.150 omega^2 + 0.001 theta^2 omega + 0.034 theta omega^2 + -0.814 omega^3,-0.008 1 + 0.001 theta + -0.445 omega + 0.003 theta omega + -4.701 omega^2 + -0.060 theta omega^2 + -11.918 omega^3,-8.4060204391e-03,9.9510587984e-04,-4.4462646037e-01,4.0306254592e-05,3.3432918591e-03,-4.7013877801e+00,0.0000000000e+00,3.9238310511e-04,-6.0309590459e-02,-1.1918219779e+01
43098,2025-01-21 06:15:00,0.152593,19.230855,13.598696,-0.003 1 + 0.001 theta + 0.910 omega + 0.010 theta omega + 0.358 omega^2 + 0.001 theta^2 omega + -0.160 theta omega^2 + 6.426 omega^3,-0.006 1 + 0.002 theta + -0.172 omega + 0.015 theta omega + 0.923 omega^2 + 0.002 theta^2 omega + -0.310 theta omega^2 + 10.519 omega^3,-6.1251778750e-03,2.2495937618e-03,-1.7245248867e-01,-1.8035762432e-04,1.5450243552e-02,9.2318902174e-01,0.0000000000e+00,1.5625743660e-03,-3.1018985160e-01,1.0518633283e+01
43099,2025-01-21 06:20:00,0.046129,1.093034,0.773580,0.012 1 + -0.007 theta + 0.737 omega + 0.001 theta^2 + 0.084 theta omega + 1.764 omega^2 + -0.006 theta^2 omega + -0.269 theta omega^2 + -3.699 omega^3,0.024 1 + -0.014 theta + -0.530 omega + 0.003 theta^2 + 0.171 theta omega + 3.548 omega^2 + -0.013 theta^2 omega + -0.547 theta omega^2 + -7.336 omega^3,2.3800183549e-02,-1.4237555940e-02,-5.2955208083e-01,2.8801854572e-03,1.7145675919e-01,3.5480990739e+00,-1.8759616984e-04,-1.3249257259e-02,-5.4679088510e-01,-7.3363465737e+00
43100,2025-01-21 06:25:00,0.097695,2.557716,1.809897,-0.001 1 + 0.995 omega + 0.002 theta omega + 0.105 omega^2 + 0.001 theta^2 omega + 0.015 theta omega^2 + 0.478 omega^3,-0.002 1 + -0.001 theta + -0.006 omega + 0.004 theta omega + 0.188 omega^2 + 0.003 theta^2 omega + 0.022 theta omega^2 + 0.675 omega^3,-2.3323634741e-03,-5.5748808561e-04,-6.4896070197e-03,-1.7278232847e-07,3.5876717963e-03,1.8769703732e-01,-1.2085455098e-04,2.8080875080e-03,2.1988868981e-02,6.7485576354e-01
43101,2025-01-21 06:30:00,0.085298,4.635910,3.278638,0.001 1 + -0.001 theta + 0.999 omega + -0.001 theta omega + 0.158 omega^2 + -0.010 theta omega^2 + -0.149 omega^3,0.001 1 + -0.002 theta + 0.002 omega + -0.002 theta omega + 0.310 omega^2 + -0.019 theta omega^2 + -0.333 omega^3,1.4958413529e-03,-2.1038706157e-03,1.8013180088e-03,4.1793170737e-04,-1.9049839840e-03,3.1024487424e-01,-2.1490467328e-05,8.3828109901e-05,-1.8645614848e-02,-3.3317939086e-01
43102,2025-01-21 06:35:00,0.020140,0.511629,0.362057,-0.003 1 + -0.003 theta + 1.002 omega + 0.007 theta omega + 0.861 omega^2 + -0.040 theta omega^2 + -2.089 omega^3,-0.005 1 + 0.001 theta + 0.100 omega + -0.014 theta omega + -0.342 omega^2 + 0.012 theta omega^2 + 0.760 omega^3,-5.4196906684e-03,1.1532419197e-03,9.9726751325e-02,-3.6192891278e-05,-1.3666411927e-02,-3.4223498718e-01,0.0000000000e+00,3.5782412044e-04,1.2396402037e-02,7.5995216887e-01
43103,2025-01-21 06:40:00,0.018564,0.620855,0.439207,0.009 1 + 0.004 theta + 1.102 omega + 0.029 theta omega + 0.459 omega^2 + 0.002 theta^2 omega + 0.033 theta omega^2 + 1.110 omega^3,-0.005 1 + 0.043 omega + 0.015 theta omega + 0.404 omega^2 + 0.001 theta^2 omega + 0.031 theta omega^2 + 0.252 omega^3,-4.5384252923e-03,-2.4162074182e-04,4.2557740868e-02,0.0000000000e+00,1.5470218179e-02,4.0380175450e-01,-1.7459191029e-06,1.0509118987e-03,3.1249527761e-02,2.5228754209e-01
43104,2025-01-21 06:45:00,nan,nan,nan,-0.001 theta + 1.037 omega + 0.001 theta omega + -0.130 omega^2 + -0.001 theta^2 omega + 0.063 theta omega^2 + -2.523 omega^3,0.001 1 + -0.001 theta + 0.085 omega + 0.006 theta omega + -0.927 omega^2 + 0.023 theta omega^2 + 1.769 omega^3,8.1387227081e-04,-1.0712521256e-03,8.5065755394e-02,5.4147727427e-05,5.6068067568e-03,-9.2702203519e-01,0.0000000000e+00,-4.4542795933e-04,2.2978529606e-02,1.7687135912e+00
43105,2025-01-21 06:50:00,0.021830,0.792080,0.560298,-0.043 1 + 0.004 theta + 1.539 omega + -0.038 theta omega + -2.329 omega^2 + 0.001 theta^2 omega + 0.080 theta omega^2 + 3.741 omega^3,-0.082 1 + 0.006 theta + 1.292 omega + -0.070 theta omega + -6.996 omega^2 + 0.001 theta^2 omega + 0.183 theta omega^2 + 13.145 omega^3,-8.1927986278e-02,6.2723754425e-03,1.2920910501e+00,-9.3990122281e-05,-7.0281987968e-02,-6.9962012397e+00,0.0000000000e+00,6.9276038242e-04,1.8299498817e-01,1.3145246522e+01
43106,2025-01-21 06:55:00,0.032779,2.643295,1.869236,-0.078 1 + 0.013 theta + 2.095 omega + -0.001 theta^2 + -0.107 theta omega + -6.407 omega^2 + 0.003 theta^2 omega + 0.230 theta omega^2 + 15.309 omega^3,0.049 1 + -0.003 theta + -1.294 omega + 0.084 theta omega + 8.793 omega^2 + -0.001 theta^2 omega + -0.338 theta omega^2 + -17.309 omega^3,4.8654149501e-02,-3.1292967422e-03,-1.2937711073e+00,4.3438961340e-05,8.3800768762e-02,8.7928939145e+00,0.0000000000e+00,-1.2362973734e-03,-3.3818190801e-01,-1.7309048418e+01
43107,2025-01-21 07:00:00,0.058120,5.752538,4.067866,0.023 1 + -0.002 theta + 0.767 omega + 0.010 theta omega + 0.691 omega^2 + -0.019 theta omega^2 + -0.379 omega^3,0.048 1 + -0.002 theta + -0.440 omega + 0.017 theta omega + 1.137 omega^2 + -0.030 theta omega^2 + -0.393 omega^3,4.7501008710e-02,-2.4963842519e-03,-4.3998336030e-01,3.1510297898e-05,1.7066893107e-02,1.1370544996e+00,0.0000000000e+00,-1.3735795815e-04,-2.9614822866e-02,-3.9266032687e-01
43108,2025-01-21 07:05:00,0.011006,0.421184,0.297923,-0.012 1 + 0.001 theta + 1.279 omega + -0.017 theta omega + -1.684 omega^2 + 0.027 theta omega^2 + 3.640 omega^3,-0.024 1 + 0.002 theta + 0.553 omega + -0.034 theta omega + -3.325 omega^2 + 0.001 theta^2 omega + 0.049 theta omega^2 + 7.263 omega^3,-2.3792481006e-02,1.9282738713e-03,5.5301939878e-01,-4.9312077157e-05,-3.3703090230e-02,-3.3246391686e+00,0.0000000000e+00,7.9846167886e-04,4.9302106493e-02,7.2629195155e+00
43109,2025-01-21 07:10:00,nan,nan,nan,-0.023 1 + 0.001 theta + 1.402 omega + -0.018 theta omega + -1.936 omega^2 + 0.081 theta omega^2 + 1.120 omega^3,-0.050 1 + 0.002 theta + 1.031 omega + -0.032 theta omega + -6.279 omega^2 + 0.166 theta omega^2 + 9.439 omega^3,-4.9886806376e-02,1.6149410553e-03,1.0313217390e+00,7.9488640658e-06,-3.2116664406e-02,-6.2786655258e+00,0.0000000000e+00,-1.3085298661e-04,1.6581207439e-01,9.4393314379e+00
43110,2025-01-21 07:15:00,0.033928,4.368759,3.089272,-0.001 theta + 1.028 omega + 0.003 theta omega + -0.254 omega^2 + -0.001 theta^2 omega + 0.097 theta omega^2 + -5.716 omega^3,-0.001 theta + 0.058 omega + 0.004 theta omega + -0.412 omega^2 + -0.001 theta^2 omega + 0.136 theta omega^2 + -10.167 omega^3,-3.0407446138e-04,-1.3912907510e-03,5.7672857750e-02,-1.6172563144e-04,3.6793365077e-03,-4.1227445732e-01,0.0000000000e+00,-1.2131895238e-03,1.3601259427e-01,-1.0166600203e+01
43111,2025-01-21 07:20:00,0.134501,6.659628,4.710029,-0.018 1 + -0.001 theta + 0.568 omega + -0.016 theta omega + -2.953 omega^2 + -0.096 theta omega^2 + -4.464 omega^3,-0.033 1 + -0.001 theta + -0.792 omega + -0.030 theta omega + -5.372 omega^2 + -0.187 theta omega^2 + -7.568 omega^3,-3.2527826897e-02,-1.0496234612e-03,-7.9151549747e-01,1.7905414804e-05,-2.9916266168e-02,-5.3715682410e+00,0.0000000000e+00,1.6075609951e-04,-1.8721919558e-01,-7.5681443447e+00
43112,2025-01-21 07:25:00,0.020975,0.955076,0.675504,-0.001 1 + -0.002 theta + 1.056 omega + -0.004 theta omega + 0.354 omega^2 + -0.001 theta omega^2 + 0.108 omega^3,-0.002 1 + -0.003 theta + 0.112 omega + -0.009 theta omega + 0.688 omega^2 + -0.001 theta^2 omega + -0.003 theta omega^2 + 0.107 omega^3,-2.0140829152e-03,-3.3509311201e-03,1.1227275772e-01,-3.4687135280e-04,-8.5165004024e-03,6.8766239632e-01,-8.9315329576e-06,-6.0039680246e-04,-3.0266652304e-03,1.0681727567e-01
43113,2025-01-21 07:30:00,0.038916,1.794153,1.268956,0.992 omega + -0.006 theta omega + 0.021 omega^2 + -0.001 theta^2 omega + 0.040 theta omega^2 + 0.636 omega^3,-0.001 1 + -0.019 omega + -0.012 theta omega + -0.002 theta^2 omega + 0.072 theta omega^2 + 1.840 omega^3,-5.4376462119e-04,-1.2497879577e-04,-1.9460407661e-02,1.3490896618e-04,-1.1568641423e-02,0.0000000000e+00,1.0327268944e-05,-1.5182973337e-03,7.1781536207e-02,1.8395939857e+00
43114,2025-01-21 07:35:00,0.038379,2.597400,1.836839,-0.002 theta + 1.074 omega + 0.021 theta omega + -0.217 omega^2 + -0.001 theta^2 omega + 0.076 theta omega^2 + -7.575 omega^3,-0.004 theta + 0.128 omega + 0.043 theta omega + -0.268 omega^2 + -0.002 theta^2 omega + 0.147 theta omega^2 + -15.385 omega^3,4.4094009891e-04,-3.8103557155e-03,1.2761492644e-01,2.9499200662e-05,4.3396606818e-02,-2.6825910686e-01,4.8826464645e-06,-2.2399206449e-03,1.4704004987e-01,-1.5385245097e+01
43115,2025-01-21 07:40:00,0.046499,3.611593,2.553994,0.011 1 + 0.661 omega + 0.016 theta omega + 2.517 omega^2 + -0.097 theta omega^2 + -2.791 omega^3,0.021 1 + -0.667 omega + 0.032 theta omega + 5.012 omega^2 + -0.194 theta omega^2 + -5.631 omega^3,2.1216022840e-02,-1.4369600686e-04,-6.6743212840e-01,-1.1520079796e-04,3.1900922724e-02,5.0123630389e+00,3.5114591802e-06,-1.0251905435e-04,-1.9367908487e-01,-5.6311715014e+00
43116,2025-01-21 07:45:00,0.012578,0.944011,0.667576,-0.095 1 + 0.009 theta + 2.152 omega + -0.090 theta omega + -4.090 omega^2 + 0.001 theta^2 omega + 0.217 theta omega^2 + 3.294 omega^3,-0.106 1 + 0.008 theta + 1.649 omega + -0.101 theta omega + -8.198 omega^2 + 0.001 theta^2 omega + 0.296 theta omega^2 + 12.857 omega^3,-1.0646358126e-01,8.3011171874e-03,1.6491386691e+00,-1.0554825830e-04,-1.0112377695e-01,-8.1977628030e+00,0.0000000000e+00,7.9672888389e-04,2.9554506180e-01,1.2856971047e+01
43117,2025-01-21 07:50:00,nan,nan,nan,-0.034 1 + -0.001 theta + 1.854 omega + -0.020 theta omega + -6.111 omega^2 + 0.077 theta omega^2 + 14.861 omega^3,-0.038 1 + 0.002 theta + 0.922 omega + -0.029 theta omega + -6.548 omega^2 + 0.092 theta omega^2 + 15.092 omega^3,-3.7765628929e-02,1.6559971013e-03,9.2195905529e-01,-2.1388262004e-05,-2.9043514606e-02,-6.5479285853e+00,0.0000000000e+00,2.7144254128e-04,9.2020732459e-02,1.5092332881e+01
43118,2025-01-21 07:55:00,0.021141,1.702745,1.204115,0.008 1 + 0.820 omega + 0.016 theta omega + 0.980 omega^2 + 0.001 theta^2 omega + -0.106 theta omega^2 + 0.170 omega^3,0.007 1 + -0.231 omega + -0.006 theta omega + 2.401 omega^2 + 0.019 theta omega^2 + -7.005 omega^3,7.0674721723e-03,3.5367191796e-04,-2.3088920288e-01,0.0000000000e+00,-6.1424385363e-03,2.4007012947e+00,0.0000000000e+00,9.9188492959e-06,1.9486390473e-02,-7.0046231358e+00
43119,2025-01-21 08:00:00,0.023352,1.830857,1.294717,0.084 1 + -0.003 theta + -0.455 omega + 0.041 theta omega + 7.639 omega^2 + -0.119 theta omega^2 + -11.805 omega^3,0.237 1 + -0.008 theta + -4.211 omega + 0.105 theta omega + 24.171 omega^2 + -0.001 theta^2 omega + -0.305 theta omega^2 + -44.970 omega^3,2.3713750712e-01,-8.4840412636e-03,-4.2113966339e+00,8.3825100010e-05,1.0503572016e-01,2.4171470174e+01,0.0000000000e+00,-6.4123464674e-04,-3.0457639807e-01,-4.4969551242e+01
43120,2025-01-21 08:05:00,nan,nan,nan,-0.056 1 + 0.017 theta + 1.525 omega + -0.001 theta^2 + -0.108 theta omega + -1.592 omega^2 + 0.005 theta^2 omega + 0.119 theta omega^2 + 3.784 omega^3,-0.112 1 + 0.033 theta + 1.038 omega + -0.003 theta^2 + -0.213 theta omega + -3.111 omega^2 + 0.010 theta^2 omega + 0.233 theta omega^2 + 7.466 omega^3,-1.1193820798e-01,3.3474324143e-02,1.0383398405e+00,-2.9364321114e-03,-2.1299714688e-01,-3.1106324565e+00,7.9524822675e-05,9.8913320451e-03,2.3311901485e-01,7.4656926584e+00
43121,2025-01-21 08:10:00,0.030170,0.762295,0.539446,1.066 omega + -0.010 theta omega + -0.286 omega^2 + 0.028 theta omega^2 + 0.148 omega^3,-0.001 1 + 0.134 omega + -0.020 theta omega + -0.567 omega^2 + 0.057 theta omega^2 + 0.292 omega^3,-6.4354071083e-04,-4.3239795291e-04,1.3364976785e-01,9.1317948499e-05,-2.0171363254e-02,-5.6697564008e-01,-2.7884530892e-06,4.0366773847e-04,5.6811052608e-02,2.9179635777e-01
43122,2025-01-21 08:15:00,0.039155,5.207986,3.682706,0.004 1 + 0.873 omega + -0.002 theta omega + 1.628 omega^2 + -0.014 theta omega^2 + -5.262 omega^3,0.007 1 + -0.249 omega + -0.004 theta omega + 3.251 omega^2 + -0.029 theta omega^2 + -10.512 omega^3,7.0361348380e-03,-3.4840834857e-04,-2.4924818292e-01,5.1541923650e-05,-4.4605829981e-03,3.2511724907e+00,-1.9656482328e-06,3.2311018831e-04,-2.9411221677e-02,-1.0512140528e+01
43123,2025-01-21 08:20:00,0.030537,2.055268,1.453454,0.002 1 + -0.001 theta + 1.018 omega + 0.013 theta omega + -0.712 omega^2 + -0.001 theta^2 omega + -0.001 theta omega^2 + 3.127 omega^3,0.003 1 + -0.002 theta + 0.038 omega + 0.026 theta omega + -1.436 omega^2 + -0.002 theta^2 omega + -0.001 theta omega^2 + 6.321 omega^3,3.0663345044e-03,-2.3330029184e-03,3.8035078077e-02,2.3493068089e-04,2.5992156564e-02,-1.4360264600e+00,-5.8054221146e-06,-1.8559232333e-03,-9.3299543661e-04,6.3211899001e+00
43124,2025-01-21 08:25:00,0.039164,4.008005,2.834223,-0.019 1 + 1.454 omega + -0.011 theta omega + -3.003 omega^2 + 0.099 theta omega^2 + 3.928 omega^3,-0.024 1 + -0.001 theta + 0.608 omega + -0.010 theta omega + -3.998 omega^2 + -0.001 theta^2 omega + 0.142 theta omega^2 + 4.113 omega^3,-2.4301142902e-02,-5.3096532471e-04,6.0802427186e-01,8.3480031864e-05,-1.0253199287e-02,-3.9979113561e+00,0.0000000000e+00,-7.7274378179e-04,1.4221085926e-01,4.1131909913e+00
43125,2025-01-21 08:30:00,0.064863,3.953934,2.796230,0.978 omega + 0.003 theta omega + 0.166 omega^2 + 0.001 theta omega^2 + -0.843 omega^3,-0.041 omega + 0.006 theta omega + 0.314 omega^2 + 0.002 theta omega^2 + -1.673 omega^3,3.7695030766e-04,-2.9162119943e-04,-4.0961964795e-02,5.3116158897e-05,6.4462238910e-03,3.1371947726e-01,-1.9926180553e-06,-3.3995612338e-04,2.1522875684e-03,-1.6729959446e+00
43126,2025-01-21 08:35:00,0.021867,0.939564,0.664552,-0.003 1 + 0.999 omega + -0.007 theta omega + 0.687 omega^2 + 0.001 theta^2 omega + -0.043 theta omega^2 + -2.166 omega^3,-0.006 1 + 0.001 theta + -0.019 omega + -0.012 theta omega + 1.503 omega^2 + 0.001 theta^2 omega + -0.094 theta omega^2 + -4.532 omega^3,-5.5320322688e-03,9.0324309091e-04,-1.9068686311e-02,-1.0031668980e-05,-1.1836381424e-02,1.5031899636e+00,-2.0567153501e-06,1.0592184079e-03,-9.4007589820e-02,-4.5319891248e+00
43127,2025-01-21 08:40:00,0.053127,3.018751,2.134910,0.005 1 + 0.836 omega + 0.015 theta omega + 1.350 omega^2 + -0.064 theta omega^2 + -2.788 omega^3,0.010 1 + -0.001 theta + -0.324 omega + 0.029 theta omega + 2.724 omega^2 + -0.001 theta^2 omega + -0.129 theta omega^2 + -5.814 omega^3,1.0048750804e-02,-7.1304569658e-04,-3.2443180218e-01,-6.3068854369e-05,2.8579888159e-02,2.7241604522e+00,4.3694248447e-06,-5.2082623425e-04,-1.2880815110e-01,-5.8144334580e+00
43128,2025-01-21 08:45:00,0.088531,10.623849,7.512456,0.001 1 + -0.001 theta + 0.959 omega + 0.012 theta omega + 0.037 omega^2 + -0.021 theta omega^2 + 1.048 omega^3,0.003 1 + -0.001 theta + -0.083 omega + 0.024 theta omega + 0.132 omega^2 + -0.001 theta^2 omega + -0.045 theta omega^2 + 2.033 omega^3,2.5085423378e-03,-9.6282373772e-04,-8.3206904373e-02,4.1661792557e-05,2.3860050369e-02,1.3182702809e-01,0.0000000000e+00,-9.5201456531e-04,-4.4690775220e-02,2.0328657112e+00
43129,2025-01-21 08:50:00,0.025075,1.147204,0.811390,0.989 omega + 0.001 theta omega + 0.110 omega^2 + -0.018 theta omega^2 + 0.480 omega^3,0.001 1 + -0.056 omega + 0.006 theta omega + 0.553 omega^2 + -0.048 theta omega^2 + -0.437 omega^3,6.3215403965e-04,-4.9102448098e-05,-5.6115305962e-02,6.0052188528e-08,6.0257932419e-03,5.5288245684e-01,0.0000000000e+00,-1.0743025410e-04,-4.8146865205e-02,-4.3748383920e-01
43130,2025-01-21 08:55:00,0.056325,5.698062,4.029335,0.018 1 + -0.006 theta + 0.808 omega + 0.001 theta^2 + 0.059 theta omega + 0.449 omega^2 + -0.004 theta^2 omega + -0.027 theta omega^2 + -1.915 omega^3,0.036 1 + -0.012 theta + -0.391 omega + 0.001 theta^2 + 0.120 theta omega + 0.912 omega^2 + -0.008 theta^2 omega + -0.057 theta omega^2 + -3.804 omega^3,3.6300965860e-02,-1.2350842012e-02,-3.9140442102e-01,1.0508230773e-03,1.2038976410e-01,9.1211054090e-01,-1.8908629420e-05,-8.4828034062e-03,-5.7240036748e-02,-3.8038819464e+00
43131,2025-01-21 09:00:00,0.050460,2.136738,1.511323,-0.002 1 + 1.050 omega + -0.005 theta omega + -0.065 omega^2 + 0.030 theta omega^2 + -2.099 omega^3,-0.004 1 + 0.104 omega + -0.010 theta omega + -0.096 omega^2 + 0.059 theta omega^2 + -4.308 omega^3,-3.8551639192e-03,-3.3743928123e-04,1.0382434278e-01,9.5642450164e-05,-9.5849966398e-03,-9.6084548806e-02,-3.6287356719e-06,2.2080032167e-05,5.8707328149e-02,-4.3075120166e+00
43132,2025-01-21 09:05:00,0.047986,4.100898,2.899971,0.004 1 + -0.001 theta + 0.971 omega + 0.007 theta omega + -0.112 omega^2 + -0.019 theta omega^2 + 1.290 omega^3,0.007 1 + -0.002 theta + -0.062 omega + 0.016 theta omega + -0.227 omega^2 + -0.001 theta^2 omega + -0.041 theta omega^2 + 2.701 omega^3,7.4197884201e-03,-2.2158689354e-03,-6.2247668618e-02,1.7484210560e-04,1.6060773364e-02,-2.2669453434e-01,-3.9997274014e-06,-5.0126844977e-04,-4.1076581735e-02,2.7007216785e+00
43133,2025-01-21 09:10:00,0.027219,1.460220,1.032711,-0.001 1 + 0.983 omega + 0.001 theta^2 + -0.003 theta omega + 0.161 omega^2 + 0.003 theta^2 omega + -0.203 theta omega^2 + 1.345 omega^3,-0.002 1 + 0.001 theta + -0.032 omega + 0.001 theta^2 + -0.007 theta omega + 0.304 omega^2 + 0.006 theta^2 omega + -0.403 theta omega^2 + 2.733 omega^3,-2.2557646000e-03,7.9230031870e-04,-3.1604868408e-02,1.0329250823e-03,-7.2805354458e-03,3.0386243400e-01,-4.0222637423e-04,6.0801508478e-03,-4.0347278968e-01,2.7332718005e+00
43134,2025-01-21 09:15:00,nan,nan,nan,1.071 omega + -0.085 theta omega + -0.844 omega^2 + 0.016 theta^2 omega + 0.167 theta omega^2 + 7.439 omega^3,0.001 1 + 0.001 theta + 0.142 omega + 0.001 theta^2 + -0.170 theta omega + -1.593 omega^2 + 0.032 theta^2 omega + 0.314 theta omega^2 + 14.808 omega^3,8.0088670151e-04,5.6402110750e-04,1.4216147470e-01,5.1053399010e-04,-1.6990574970e-01,-1.5927799669e+00,-1.6668717364e-04,3.2387608736e-02,3.1370509215e-01,1.4808481723e+01
43135,2025-01-21 09:20:00,nan,nan,nan,0.031 1 + 0.009 theta + 1.104 omega + 0.001 theta^2 + 0.039 theta omega + -1.004 omega^2 + 0.003 theta^2 omega + -0.116 theta omega^2 + -1.299 omega^3,0.061 1 + 0.017 theta + 0.210 omega + 0.001 theta^2 + 0.079 theta omega + -2.004 omega^2 + 0.006 theta^2 omega + -0.232 theta omega^2 + -2.599 omega^3,6.1329568857e-02,1.6972352595e-02,2.1000368712e-01,1.3522199264e-03,7.8719078494e-02,-2.0037277381e+00,2.6001783587e-05,6.2169639884e-03,-2.3154315295e-01,-2.5987233623e+00
43136,2025-01-21 09:25:00,0.051474,1.699453,1.202246,-0.001 1 + -0.002 theta + 1.002 omega + -0.001 theta^2 + -0.254 omega^2 + -0.051 theta omega^2 + 0.007 omega^3,-0.001 1 + -0.003 theta + 0.006 omega + -0.002 theta^2 + -0.529 omega^2 + -0.001 theta^2 omega + -0.111 theta omega^2 + 0.150 omega^3,-1.0939682011e-03,-3.4021658674e-03,6.3287252093e-03,-1.5306049178e-03,-4.3455182758e-05,-5.2892106220e-01,-1.6843572738e-04,-6.8631383731e-04,-1.1052247796e-01,1.5008196889e-01
43137,2025-01-21 09:30:00,nan,nan,nan,-0.003 theta + 1.000 omega + 0.001 theta^2 + -0.003 theta omega + 0.467 omega^2 + -0.086 theta omega^2 + 1.698 omega^3,-0.001 1 + -0.006 theta + 0.001 omega + 0.002 theta^2 + -0.006 theta omega + 0.920 omega^2 + 0.001 theta^2 omega + -0.168 theta omega^2 + 3.408 omega^3,-7.7014582009e-04,-6.1478009039e-03,1.4405611449e-03,2.3596888507e-03,-5.8985898793e-03,9.2031736731e-01,-2.1663681764e-04,6.2468905270e-04,-1.6775734277e-01,3.4082245987e+00
43138,2025-01-21 09:35:00,nan,nan,nan,0.001 1 + 1.002 omega + 0.014 theta omega + -1.066 omega^2 + -0.088 theta omega^2 + 11.370 omega^3,0.002 1 + -0.001 theta + 0.003 omega + 0.025 theta omega + -1.878 omega^2 + -0.001 theta^2 omega + -0.145 theta omega^2 + 19.836 omega^3,1.5766601929e-03,-9.3976431951e-04,3.3752947984e-03,5.4611203500e-05,2.5320189413e-02,-1.8779965860e+00,-1.2985166228e-06,-5.9469297531e-04,-1.4481730265e-01,1.9835500887e+01
43139,2025-01-21 09:40:00,0.051053,1.179942,0.835126,-0.002 theta + 0.997 omega + 0.001 theta^2 + -0.005 theta omega + 0.574 omega^2 + 0.002 theta^2 omega + -0.159 theta omega^2 + 0.741 omega^3,-0.001 1 + -0.003 theta + -0.005 omega + 0.001 theta^2 + -0.012 theta omega + 1.135 omega^2 + 0.005 theta^2 omega + -0.325 theta omega^2 + 1.680 omega^3,-8.7891637518e-04,-3.4654470002e-03,-4.5570467490e-03,1.4559321778e-03,-1.2474324264e-02,1.1348121363e+00,-1.5716018534e-04,5.0039721239e-03,-3.2471385634e-01,1.6803912823e+00
43140,2025-01-21 09:45:00,0.176005,6.031684,4.266860,-0.001 1 + 1.022 omega + 0.008 theta omega + -0.038 omega^2 + -0.002 theta^2 omega + -0.019 theta omega^2 + -5.254 omega^3,-0.001 1 + 0.029 omega + 0.004 theta omega + -0.273 omega^2 + -0.002 theta^2 omega + -0.001 theta omega^2,-1.1024042218e-03,-6.0905927247e-05,2.8972255084e-02,1.8600985915e-04,4.3051443006e-03,-2.7324793680e-01,-2.6283992296e-05,-1.7183605608e-03,-1.1761048789e-03,0.0000000000e+00
43141,2025-01-21 09:50:00,nan,nan,nan,0.001 1 + 1.019 omega + -0.016 theta omega + 0.148 omega^2 + 0.001 theta^2 omega + -0.285 theta omega^2 + -0.114 omega^3,0.001 1 + -0.001 theta + 0.036 omega + -0.033 theta omega + 0.342 omega^2 + 0.004 theta^2 omega + -0.628 theta omega^2 + 1.488 omega^3,9.9229580233e-04,-9.5273809040e-04,3.6338001590e-02,-1.5648580156e-05,-3.2944920784e-02,3.4165638498e-01,5.8492431931e-05,3.5200876983e-03,-6.2816194554e-01,1.4880785074e+00
43142,2025-01-21 09:55:00,nan,nan,nan,-0.001 1 + 0.002 theta + 1.013 omega + 0.002 theta^2 + 0.021 theta omega + 0.346 omega^2 + 0.006 theta^2 omega + 0.283 theta omega^2 + -0.198 omega^3,-0.002 1 + 0.003 theta + 0.026 omega + 0.005 theta^2 + 0.041 theta omega + 0.686 omega^2 + 0.001 theta^3 + 0.012 theta^2 omega + 0.564 theta omega^2 + -0.531 omega^3,-1.9596949174e-03,3.3047395805e-03,2.6036791818e-02,4.9942959390e-03,4.1451098033e-02,6.8610849228e-01,1.0039133149e-03,1.2124403601e-02,5.6423128891e-01,-5.3098407002e-01
43143,2025-01-21 10:00:00,nan,nan,nan,0.997 omega + 0.005 theta omega + 0.086 omega^2 + 0.001 theta^2 omega + -0.031 theta omega^2 + 1.492 omega^3,-0.004 omega + 0.010 theta omega + 0.196 omega^2 + 0.001 theta^2 omega + -0.039 theta omega^2 + 2.931 omega^3,1.4196003238e-04,-3.7460125111e-04,-3.6457542828e-03,-1.2745328576e-05,1.0154075900e-02,1.9591103443e-01,-8.8281139642e-05,1.3857382312e-03,-3.9255907108e-02,2.9305903224e+00
43144,2025-01-21 10:05:00,1.014341,14.487450,10.269253,0.001 1 + 0.004 theta + 1.039 omega + 0.002 theta^2 + 0.031 theta omega + 0.214 omega^2 + 0.008 theta^2 omega + 0.101 theta omega^2 + -4.626 omega^3,0.003 1 + 0.008 theta + 0.080 omega + 0.005 theta^2 + 0.066 theta omega + 0.398 omega^2 + 0.001 theta^3 + 0.017 theta^2 omega + 0.199 theta omega^2 + -8.787 omega^3,2.5120341897e-03,7.6868846400e-03,8.0322558741e-02,4.8395968090e-03,6.5790921339e-02,3.9773980231e-01,7.6111164652e-04,1.7400920370e-02,1.9934327326e-01,-8.7868514098e+00
43145,2025-01-21 10:10:00,0.034541,0.905698,0.640891,-0.001 theta + 0.997 omega + 0.008 theta omega + -0.194 omega^2 + 0.006 theta^2 omega + 0.062 theta omega^2 + 0.319 omega^3,-0.002 theta + -0.002 omega + 0.017 theta omega + -0.401 omega^2 + 0.013 theta^2 omega + 0.147 theta omega^2 + 0.170 omega^3,-4.9755483431e-05,-2.2716342523e-03,-2.3473944773e-03,1.5524897976e-04,1.6657965297e-02,-4.0085747742e-01,1.2033984102e-04,1.2749387525e-02,1.4702367803e-01,1.6956769042e-01
43146,2025-01-21 10:15:00,0.018597,0.391080,0.276848,0.002 1 + -0.002 theta + 0.999 omega + 0.001 theta^2 + -0.005 theta omega + -0.149 omega^2 + 0.001 theta^2 omega + 0.029 theta omega^2 + 0.679 omega^3,0.004 1 + -0.004 theta + 0.001 omega + 0.002 theta^2 + -0.011 theta omega + -0.322 omega^2 + 0.002 theta^2 omega + 0.066 theta omega^2 + 1.237 omega^3,4.3161690533e-03,-4.1020487152e-03,5.1043380348e-04,1.5153023082e-03,-1.0653842649e-02,-3.2157791991e-01,-2.0397204524e-04,2.3629156377e-03,6.5921449063e-02,1.2372761998e+00
43147,2025-01-21 10:20:00,0.060145,2.228291,1.576214,0.964 omega + -0.004 theta omega + -0.072 omega^2 + 0.003 theta^2 omega + 0.030 theta omega^2 + 2.266 omega^3,-0.072 omega + -0.007 theta omega + -0.110 omega^2 + 0.005 theta^2 omega + 0.053 theta omega^2 + 4.482 omega^3,9.4524377666e-05,4.4006121256e-05,-7.1996147388e-02,3.6882490624e-04,-7.4721293547e-03,-1.0950844978e-01,-1.0244469478e-04,5.3581842678e-03,5.2530042283e-02,4.4819841798e+00
43148,2025-01-21 10:25:00,nan,nan,nan,0.004 1 + 0.001 theta + 1.041 omega + 0.010 theta omega + -0.052 omega^2 + 0.001 theta^2 omega + -0.071 theta omega^2 + 2.694 omega^3,0.008 1 + 0.003 theta + 0.095 omega + 0.022 theta omega + 0.030 omega^2 + 0.002 theta^2 omega + -0.140 theta omega^2 + 6.117 omega^3,7.6816601793e-03,2.9088267603e-03,9.4998730942e-02,2.9186131947e-04,2.1624077710e-02,2.9638413448e-02,8.2060183642e-06,1.6210278218e-03,-1.4024224574e-01,6.1170959036e+00
43149,2025-01-21 10:30:00,0.046376,5.247687,3.710820,0.001 theta + 1.007 omega + 0.001 theta^2 + -0.013 theta omega + 0.022 omega^2 + -0.006 theta^2 omega + 0.057 theta omega^2 + -1.796 omega^3,0.002 theta + 0.013 omega + 0.001 theta^2 + -0.029 theta omega + 0.090 omega^2 + -0.013 theta^2 omega + 0.127 theta omega^2 + -3.401 omega^3,1.3270583706e-04,2.2891936593e-03,1.2673767779e-02,1.1012091877e-03,-2.8528425769e-02,9.0259648191e-02,2.7218534080e-05,-1.2520527256e-02,1.2704545839e-01,-3.4013201998e+00
43150,2025-01-21 10:35:00,0.044187,2.047999,1.448491,0.005 1 + 0.002 theta + 0.839 omega + 0.015 theta omega + 1.173 omega^2 + 0.001 theta^2 omega + -0.154 theta omega^2 + -2.410 omega^3,0.010 1 + 0.003 theta + -0.322 omega + -0.001 theta^2 + 0.029 theta omega + 2.316 omega^2 + 0.002 theta^2 omega + -0.306 theta omega^2 + -4.569 omega^3,9.5414495578e-03,3.2912828859e-03,-3.2173569455e-01,-9.7933025392e-04,2.8914571399e-02,2.3164244596e+00,4.9326183708e-05,1.9513671824e-03,-3.0619223481e-01,-4.5689596307e+00
43151,2025-01-21 10:40:00,0.063071,4.124430,2.916753,-0.001 theta + 1.013 omega + -0.004 theta omega + -0.220 omega^2 + -0.001 theta^2 omega + 0.041 theta omega^2 + -4.278 omega^3,-0.001 1 + -0.002 theta + 0.028 omega + -0.009 theta omega + -0.403 omega^2 + -0.002 theta^2 omega + 0.073 theta omega^2 + -7.873 omega^3,-5.4995532693e-04,-2.3866722189e-03,2.7813676579e-02,-3.9237263655e-04,-9.0714079235e-03,-4.0303366914e-01,-1.4493656310e-05,-1.5723830469e-03,7.2613981989e-02,-7.8727502106e+00
43152,2025-01-21 10:45:00,nan,nan,nan,-0.001 1 + 0.998 omega + 0.001 theta^2 + -0.022 theta omega + 0.218 omega^2 + -0.024 theta^2 omega + 0.153 theta omega^2 + 2.780 omega^3,-0.001 1 + -0.003 omega + 0.002 theta^2 + -0.051 theta omega + 0.468 omega^2 + 0.001 theta^3 + -0.050 theta^2 omega + 0.314 theta omega^2 + 5.190 omega^3,-1.1040129547e-03,-4.5886432487e-05,-3.0286804783e-03,2.1663662738e-03,-5.1109823870e-02,4.6825320506e-01,7.8064072489e-04,-4.9837288510e-02,3.1414253675e-01,5.1903848414e+00
43153,2025-01-21 10:50:00,0.084707,11.485157,8.121454,-0.001 theta + 1.060 omega + -0.003 theta omega + -0.309 omega^2 + -0.001 theta^2 omega + 0.041 theta omega^2 + 0.144 omega^3,-0.003 theta + 0.122 omega + 0.001 theta^2 + -0.006 theta omega + -0.644 omega^2 + -0.001 theta^2 omega + 0.067 theta omega^2 + 0.938 omega^3,-1.9842863263e-04,-2.9852694369e-03,1.2227572532e-01,5.6311576425e-04,-6.4022623340e-03,-6.4372780537e-01,-1.4789181985e-05,-1.4670880226e-03,6.7183150155e-02,9.3841086698e-01
43154,2025-01-21 10:55:00,0.087462,2.866748,2.028040,-0.002 1 + -0.001 theta + 1.028 omega + 0.001 theta^2 + 0.010 theta omega + 0.140 omega^2 + -0.004 theta^2 omega + -0.142 theta omega^2 + -4.453 omega^3,-0.003 1 + -0.002 theta + 0.058 omega + 0.003 theta^2 + 0.020 theta omega + 0.302 omega^2 + -0.001 theta^3 + -0.008 theta^2 omega + -0.289 theta omega^2 + -8.988 omega^3,-3.2243182443e-03,-1.8823182708e-03,5.8427637735e-02,2.6854091147e-03,1.9989386066e-02,3.0177865824e-01,-5.3041422687e-04,-7.6706058101e-03,-2.8926606212e-01,-8.9880606827e+00
43155,2025-01-21 11:00:00,0.031216,0.638747,0.452201,-0.002 1 + -0.002 theta + 1.012 omega + 0.005 theta omega + 0.344 omega^2 + -0.004 theta omega^2 + 2.799 omega^3,-0.004 1 + -0.003 theta + 0.027 omega + -0.001 theta^2 + 0.010 theta omega + 0.666 omega^2 + 0.001 theta^2 omega + -0.005 theta omega^2 + 5.371 omega^3,-4.0404571765e-03,-3.0576542704e-03,2.7487688302e-02,-5.5929935835e-04,9.6414228119e-03,6.6621837054e-01,-2.9387506906e-05,9.3969107124e-04,-4.6021864776e-03,5.3711542608e+00
43156,2025-01-21 11:05:00,0.020236,0.444908,0.314923,-0.002 1 + 0.001 theta + 1.001 omega + 0.005 theta omega + -0.598 omega^2 + -0.046 theta omega^2 + 6.036 omega^3,-0.004 1 + 0.002 theta + 0.017 omega + 0.008 theta omega + -1.276 omega^2 + -0.085 theta omega^2 + 12.260 omega^3,-4.0737385131e-03,1.8759094388e-03,1.7360418684e-02,-2.5340226750e-04,8.1074531385e-03,-1.2758468073e+00,8.9889503792e-06,9.0394835673e-05,-8.4716795693e-02,1.2259782396e+01
43157,2025-01-21 11:10:00,0.026916,1.855035,1.311846,0.997 omega + -0.001 theta omega + -0.067 omega^2 + 0.036 theta omega^2 + 0.614 omega^3,-0.009 omega + -0.002 theta omega + -0.133 omega^2 + 0.068 theta omega^2 + 1.730 omega^3,3.8006464340e-04,-3.8204344714e-04,-9.1081516569e-03,4.1890929087e-06,-2.3112632547e-03,-1.3296318865e-01,-6.1247824078e-06,-1.9554510768e-04,6.7810377237e-02,1.7302948964e+00
43158,2025-01-21 11:15:00,1.062709,19.356784,13.707925,-0.051 1 + 0.015 theta + 1.571 omega + -0.001 theta^2 + -0.147 theta omega + -0.232 omega^2 + 0.009 theta^2 omega + 0.074 theta omega^2 + -5.794 omega^3,-0.107 1 + 0.032 theta + 1.229 omega + -0.003 theta^2 + -0.313 theta omega + -0.826 omega^2 + 0.020 theta^2 omega + 0.189 theta omega^2 + -11.164 omega^3,-1.0669110037e-01,3.2107889666e-02,1.2285861410e+00,-2.8648756489e-03,-3.1268659973e-01,-8.2632813265e-01,6.6101200077e-05,1.9849351439e-02,1.8914630569e-01,-1.1164383010e+01
43159,2025-01-21 11:20:00,nan,nan,nan,-0.001 1 + -0.001 theta + 0.994 omega + -0.001 theta omega + 0.320 omega^2 + -0.008 theta omega^2 + 4.573 omega^3,-0.003 1 + -0.003 theta + -0.008 omega + -0.001 theta^2 + -0.002 theta omega + 0.636 omega^2 + 0.001 theta^2 omega + -0.012 theta omega^2 + 7.997 omega^3,-2.5624885582e-03,-2.8027186700e-03,-7.5812439894e-03,-8.6050167089e-04,-2.1933356976e-03,6.3631334463e-01,-7.9194915072e-05,8.6314602012e-04,-1.1579388971e-02,7.9971019393e+00
43160,2025-01-21 11:25:00,0.098722,4.159195,2.941823,0.001 1 + -0.001 theta + 1.035 omega + -0.006 theta omega + -0.138 omega^2 + 0.012 theta omega^2 + -0.828 omega^3,0.001 1 + -0.002 theta + 0.069 omega + -0.011 theta omega + -0.175 omega^2 + 0.007 theta omega^2 + -1.780 omega^3,1.3913959129e-03,-1.8051064406e-03,6.8915117281e-02,4.7794600531e-04,-1.0769939017e-02,-1.7461452599e-01,-3.5426083345e-05,3.1959947173e-04,7.1885130691e-03,-1.7800283849e+00
43161,2025-01-21 11:30:00,2.888376,15.719598,11.301515,0.002 1 + 0.005 theta + 1.063 omega + 0.002 theta^2 + 0.048 theta omega + 0.398 omega^2 + 0.009 theta^2 omega + 0.137 theta omega^2 + -1.111 omega^3,0.005 1 + 0.010 theta + 0.129 omega + 0.005 theta^2 + 0.097 theta omega + 0.829 omega^2 + 0.001 theta^3 + 0.017 theta^2 omega + 0.282 theta omega^2 + -2.104 omega^3,4.8578398509e-03,1.0269881186e-02,1.2857872785e-01,4.8110417233e-03,9.6642325011e-02,8.2938307207e-01,6.1601725861e-04,1.7145436278e-02,2.8242419333e-01,-2.1043431621e+00
43162,2025-01-21 11:35:00,0.010934,0.247386,0.175099,-0.001 theta + 1.029 omega + -0.014 theta omega + 0.200 omega^2 + 0.001 theta^2 omega + -0.068 theta omega^2 + -0.627 omega^3,-0.001 theta + 0.056 omega + 0.001 theta^2 + -0.028 theta omega + 0.425 omega^2 + 0.003 theta^2 omega + -0.137 theta omega^2 + -0.795 omega^3,-1.6320178886e-04,-1.1265171426e-03,5.6478300129e-02,5.3531568451e-04,-2.7951681843e-02,4.2497814120e-01,-5.6756684110e-05,3.1506322908e-03,-1.3677117147e-01,-7.9531642756e-01
43163,2025-01-21 11:40:00,0.026128,0.674494,0.477297,-0.003 1 + 1.009 omega + 0.023 theta omega + 0.618 omega^2 + 0.004 theta^2 omega + 0.084 theta omega^2 + 4.058 omega^3,-0.005 1 + 0.001 theta + 0.020 omega + 0.001 theta^2 + 0.046 theta omega + 1.224 omega^2 + 0.007 theta^2 omega + 0.169 theta omega^2 + 7.706 omega^3,-5.2682265865e-03,9.9967869794e-04,2.0164147725e-02,7.4819321707e-04,4.6189086990e-02,1.2242949858e+00,6.7109394492e-05,7.4288403716e-03,1.6864331381e-01,7.7059922100e+00
43164,2025-01-21 11:45:00,nan,nan,nan,-0.001 theta + 0.988 omega + 0.001 theta^2 + -0.034 theta omega + 0.187 omega^2 + 0.011 theta^2 omega + 0.038 theta omega^2 + 7.031 omega^3,-0.001 1 + -0.003 theta + -0.021 omega + 0.002 theta^2 + -0.069 theta omega + 0.378 omega^2 + 0.023 theta^2 omega + 0.066 theta omega^2 + 14.097 omega^3,-7.1257986705e-04,-2.8237539489e-03,-2.1106487399e-02,1.7924906401e-03,-6.9337888115e-02,3.7778216403e-01,-4.3691846288e-04,2.3414475810e-02,6.5614555782e-02,1.4097328573e+01
43165,2025-01-21 11:50:00,nan,nan,nan,-0.001 theta + 1.022 omega + 0.005 theta omega + -0.286 omega^2 + 0.004 theta omega^2 + 0.761 omega^3,-0.001 theta + 0.016 omega + 0.002 theta omega + -0.590 omega^2 + -0.024 theta omega^2 + 5.042 omega^3,1.2108335513e-04,-1.1897126354e-03,1.5847889189e-02,1.6911540545e-04,1.9283207473e-03,-5.8979188344e-01,-4.5138332224e-06,-1.9435854568e-04,-2.3959016439e-02,5.0423259618e+00
43166,2025-01-21 11:55:00,0.024078,0.753602,0.533149,-0.001 1 + -0.001 theta + 0.993 omega + 0.016 theta omega + 0.221 omega^2 + 0.004 theta^2 omega + 0.064 theta omega^2 + 1.531 omega^3,-0.003 1 + -0.001 theta + -0.013 omega + -0.001 theta^2 + 0.034 theta omega + 0.428 omega^2 + 0.008 theta^2 omega + 0.122 theta omega^2 + 3.245 omega^3,-2.7644347891e-03,-1.3190876325e-03,-1.2725040361e-02,-7.5655563880e-04,3.3721924780e-02,4.2774710378e-01,-1.3342126401e-04,7.5569380402e-03,1.2190520886e-01,3.2454230889e+00
43167,2025-01-21 12:00:00,0.025437,0.420648,0.297986,0.015 1 + 0.008 theta + 1.256 omega + 0.001 theta^2 + 0.104 theta omega + 1.178 omega^2 + 0.010 theta^2 omega + 0.174 theta omega^2 + 2.002 omega^3,0.031 1 + 0.017 theta + 0.514 omega + 0.003 theta^2 + 0.208 theta omega + 2.265 omega^2 + 0.019 theta^2 omega + 0.333 theta omega^2 + 3.856 omega^3,3.1089100967e-02,1.7003165860e-02,5.1424646189e-01,2.5436530308e-03,2.0801966906e-01,2.2647062093e+00,1.0415231035e-04,1.9183314298e-02,3.3329102400e-01,3.8556078594e+00
43168,2025-01-21 12:05:00,0.038716,1.633885,1.155655,1.005 omega + 0.004 theta omega + -0.020 omega^2 + -0.002 theta^2 omega + -0.004 theta omega^2 + -0.324 omega^3,-0.001 1 + 0.001 theta + 0.013 omega + 0.009 theta omega + -0.051 omega^2 + -0.004 theta^2 omega + -0.006 theta omega^2 + -0.757 omega^3,-5.5683639837e-04,8.7489978037e-04,1.2844234118e-02,1.2593925243e-04,8.7104038471e-03,-5.1308574075e-02,-1.0617272638e-04,-4.4523547241e-03,-6.0382183871e-03,-7.5686734462e-01
43169,2025-01-21 12:10:00,nan,nan,nan,-0.001 theta + 1.017 omega + 0.010 theta omega + -0.160 omega^2 + 0.001 theta^2 omega + -0.050 theta omega^2 + 0.396 omega^3,-0.001 1 + -0.002 theta + 0.037 omega + 0.019 theta omega + -0.319 omega^2 + 0.002 theta^2 omega + -0.094 theta omega^2 + 0.569 omega^3,-6.5294854768e-04,-1.6004748391e-03,3.6978819011e-02,-4.0068290898e-04,1.9343681541e-02,-3.1911120473e-01,-2.5311043601e-05,2.2551957202e-03,-9.4414805954e-02,5.6917178068e-01
43170,2025-01-21 12:15:00,nan,nan,nan,0.002 1 + 1.071 omega + 0.014 theta omega + 0.468 omega^2 + 0.018 theta omega^2 + 2.713 omega^3,0.004 1 + 0.002 theta + 0.156 omega + 0.037 theta omega + 1.432 omega^2 + 0.001 theta^2 omega + 0.069 theta omega^2 + 6.651 omega^3,3.7338592885e-03,1.9862538841e-03,1.5649381304e-01,8.2974987315e-05,3.6947055249e-02,1.4321895998e+00,0.0000000000e+00,1.2676372813e-03,6.9260344916e-02,6.6508148060e+00
43171,2025-01-21 12:20:00,0.038061,1.728709,1.222678,0.994 omega + 0.015 theta omega + 0.150 omega^2 + 0.003 theta^2 omega + -0.041 theta omega^2 + 4.406 omega^3,-0.013 omega + -0.001 theta^2 + 0.032 theta omega + 0.305 omega^2 + 0.006 theta^2 omega + -0.079 theta omega^2 + 9.465 omega^3,-3.5380367455e-04,-4.0279146383e-04,-1.3454928835e-02,-9.6564809683e-04,3.2208501429e-02,3.0454163488e-01,-1.6680956127e-04,5.7956832954e-03,-7.8869036430e-02,9.4645593857e+00
43172,2025-01-21 12:25:00,0.085195,4.353265,3.078812,-0.002 theta + 1.004 omega + -0.001 theta^2 + -0.006 theta omega + -0.384 omega^2 + -0.001 theta^2 omega + -0.120 theta omega^2 + -1.381 omega^3,-0.003 theta + 0.009 omega + -0.001 theta^2 + -0.012 theta omega + -0.825 omega^2 + -0.001 theta^2 omega + -0.256 theta omega^2 + -2.546 omega^3,2.5635869699e-04,-3.2416465319e-03,9.2925794740e-03,-1.3386727246e-03,-1.1595523038e-02,-8.2546044586e-01,-1.1571691171e-04,-1.4028664946e-03,-2.5554033862e-01,-2.5458803167e+00
43173,2025-01-21 12:30:00,0.071281,3.475032,2.457736,-0.001 theta + 1.000 omega + -0.008 theta omega + 0.055 omega^2 + 0.001 theta^2 omega + 0.038 theta omega^2 + 0.860 omega^3,-0.002 theta + -0.001 omega + -0.016 theta omega + 0.112 omega^2 + 0.002 theta^2 omega + 0.067 theta omega^2 + 1.809 omega^3,-4.9826698202e-04,-1.9133747839e-03,-9.8707825584e-04,2.5616555025e-04,-1.6177791105e-02,1.1190007193e-01,-7.8425436368e-07,2.4129868986e-03,6.6836369070e-02,1.8093186706e+00
43174,2025-01-21 12:35:00,0.042120,1.000087,0.707795,-0.004 1 + -0.004 theta + 1.030 omega + -0.001 theta^2 + 0.039 theta omega + 0.827 omega^2 + 0.009 theta^2 omega + 0.306 theta omega^2 + 1.347 omega^3,-0.008 1 + -0.007 theta + 0.055 omega + -0.003 theta^2 + 0.073 theta omega + 1.568 omega^2 + 0.017 theta^2 omega + 0.588 theta omega^2 + 2.720 omega^3,-7.8053004332e-03,-7.3475153329e-03,5.5107111047e-02,-2.7652367112e-03,7.2970759596e-02,1.5681876849e+00,-4.2456392157e-04,1.7449701138e-02,5.8770430520e-01,2.7201476894e+00
43175,2025-01-21 12:40:00,0.056813,4.936943,3.491177,-0.002 theta + 1.005 omega + -0.001 theta^2 + 0.006 theta omega + -0.264 omega^2 + -0.001 theta^2 omega + 0.102 theta omega^2 + -1.119 omega^3,-0.001 1 + -0.004 theta + 0.012 omega + -0.001 theta^2 + 0.012 theta omega + -0.511 omega^2 + -0.002 theta^2 omega + 0.202 theta omega^2 + -2.269 omega^3,-5.6492581710e-04,-3.9300733712e-03,1.1592549051e-02,-1.0172889469e-03,1.2394030618e-02,-5.1104995900e-01,-5.0227378497e-05,-2.4733177382e-03,2.0165627837e-01,-2.2689759709e+00
43176,2025-01-21 12:45:00,0.354612,5.257946,3.726375,-0.002 theta + 1.014 omega + -0.001 theta^2 + 0.018 theta omega + -0.514 omega^2 + 0.002 theta^2 omega + -0.050 theta omega^2 + -0.314 omega^3,0.001 1 + -0.005 theta + 0.030 omega + -0.002 theta^2 + 0.038 theta omega + -0.971 omega^2 + 0.004 theta^2 omega + -0.104 theta omega^2 + -0.193 omega^3,9.6555419328e-04,-4.6009759606e-03,2.9891482705e-02,-1.5250697071e-03,3.7587493762e-02,-9.7103500518e-01,-1.1909818043e-04,4.1657301390e-03,-1.0412403659e-01,-1.9349025442e-01
43177,2025-01-21 12:50:00,0.031721,1.583189,1.119709,-0.001 theta + 1.031 omega + 0.001 theta^2 + 0.024 theta omega + 0.677 omega^2 + -0.008 theta^2 omega + -0.264 theta omega^2 + -9.070 omega^3,-0.001 1 + -0.001 theta + 0.061 omega + 0.001 theta^2 + 0.045 theta omega + 1.340 omega^2 + -0.014 theta^2 omega + -0.537 theta omega^2 + -17.147 omega^3,-5.9879861667e-04,-1.3973776531e-03,6.1052543727e-02,1.0885645180e-03,4.4672511303e-02,1.3400336123e+00,-1.7857015723e-04,-1.4396827198e-02,-5.3666957201e-01,-1.7147481776e+01
43178,2025-01-21 12:55:00,0.043419,1.186398,0.839472,0.983 omega + 0.001 theta omega + -0.129 omega^2 + 0.008 theta omega^2 + -0.291 omega^3,-0.033 omega + 0.002 theta omega + -0.280 omega^2 + 0.016 theta omega^2 + -0.751 omega^3,-2.4419981536e-04,-3.0336168539e-05,-3.3341951803e-02,-5.5795764771e-05,1.9042600811e-03,-2.8003346627e-01,-3.4510515372e-06,1.7171947077e-05,1.6372867484e-02,-7.5109368796e-01
43179,2025-01-21 13:00:00,0.008117,0.602060,0.425759,-0.080 1 + 0.002 theta + -0.336 omega + 0.019 theta omega + -7.071 omega^2 + 0.032 theta omega^2 + -11.539 omega^3,-0.139 1 + 0.002 theta + -2.155 omega + 0.016 theta omega + -10.877 omega^2 + 0.035 theta omega^2 + -17.756 omega^3,-1.3932626892e-01,1.8618838720e-03,-2.1549309470e+00,0.0000000000e+00,1.6469764058e-02,-1.0876589386e+01,0.0000000000e+00,2.7627278476e-07,3.4986401764e-02,-1.7756059589e+01
43180,2025-01-21 13:05:00,nan,nan,nan,0.276 1 + 0.012 theta + 3.817 omega + 0.104 theta omega + 7.135 omega^2 + 0.001 theta^2 omega + 0.194 theta omega^2 + 0.089 omega^3,0.522 1 + 0.023 theta + 5.275 omega + 0.192 theta omega + 12.998 omega^2 + 0.001 theta^2 omega + 0.359 theta omega^2 + -0.960 omega^3,5.2202594217e-01,2.2809643053e-02,5.2749445472e+00,2.3125044141e-04,1.9181847077e-01,1.2997582669e+01,0.0000000000e+00,1.2652021176e-03,3.5927699214e-01,-9.5984583025e-01
43181,2025-01-21 13:10:00,0.120945,12.531390,8.861444,0.001 1 + 0.996 omega + 0.004 theta omega + -0.246 omega^2 + -0.021 theta omega^2 + 0.112 omega^3,0.003 1 + 0.001 theta + -0.005 omega + 0.007 theta omega + -0.563 omega^2 + -0.016 theta omega^2 + -1.220 omega^3,2.6840525418e-03,6.9952805813e-04,-4.7442827026e-03,2.3415667763e-05,7.3120497514e-03,-5.6262371704e-01,0.0000000000e+00,3.1095955945e-04,-1.5738207472e-02,-1.2195965446e+00
43182,2025-01-21 13:15:00,nan,nan,nan,0.001 1 + -0.001 theta + 1.011 omega + -0.004 theta omega + -0.095 omega^2 + -0.001 theta^2 omega + -0.017 theta omega^2 + 0.120 omega^3,0.002 1 + -0.002 theta + 0.021 omega + -0.001 theta^2 + -0.007 theta omega + -0.182 omega^2 + -0.001 theta^2 omega + -0.036 theta omega^2 + 0.532 omega^3,2.3979979395e-03,-1.6484934954e-03,2.1188188014e-02,-5.2087464323e-04,-6.9814858184e-03,-1.8160033162e-01,-3.4142589251e-05,-1.2572618403e-03,-3.5985385587e-02,5.3208546804e-01
43183,2025-01-21 13:20:00,0.012482,0.262859,0.186079,-0.044 1 + -0.005 theta + 0.282 omega + -0.056 theta omega + -3.621 omega^2 + -0.001 theta^2 omega + -0.160 theta omega^2 + -5.424 omega^3,-0.079 1 + -0.009 theta + -1.314 omega + -0.103 theta omega + -6.690 omega^2 + -0.002 theta^2 omega + -0.299 theta omega^2 + -9.933 omega^3,-7.9322594071e-02,-8.5529219587e-03,-1.3141177236e+00,-2.6916207546e-04,-1.0278356538e-01,-6.6900823422e+00,-2.0484390634e-06,-1.8307576524e-03,-2.9861401634e-01,-9.9326081515e+00
43184,2025-01-21 13:25:00,nan,nan,nan,-0.001 1 + 0.905 omega + -0.026 theta omega + -0.225 omega^2 + -0.172 theta omega^2 + 2.625 omega^3,-0.007 1 + -0.002 theta + -0.201 omega + -0.058 theta omega + -0.468 omega^2 + -0.316 theta omega^2 + 4.157 omega^3,-7.1288842125e-03,-1.8376635094e-03,-2.0059621349e-01,1.9040589652e-05,-5.8183796091e-02,-4.6800705762e-01,0.0000000000e+00,-1.6756894451e-04,-3.1573901240e-01,4.1574584837e+00
43185,2025-01-21 13:30:00,0.007675,0.224057,0.158525,0.001 1 + -0.001 theta + 1.024 omega + -0.009 theta omega + -0.220 omega^2 + 0.001 theta^2 omega + 0.021 theta omega^2 + -1.022 omega^3,0.002 1 + -0.002 theta + 0.050 omega + 0.001 theta^2 + -0.018 theta omega + -0.419 omega^2 + 0.002 theta^2 omega + 0.038 theta omega^2 + -2.220 omega^3,1.6532988573e-03,-1.9309843488e-03,5.0057434104e-02,5.4393540918e-04,-1.7969837981e-02,-4.1870560620e-01,-4.4194978666e-05,2.0104883643e-03,3.7528047651e-02,-2.2198002301e+00
43186,2025-01-21 13:35:00,0.059039,3.320154,2.348074,0.001 1 + -0.001 theta + 1.015 omega + -0.018 theta omega + 0.066 omega^2 + 0.002 theta^2 omega + -0.009 theta omega^2 + 2.388 omega^3,0.001 1 + -0.001 theta + 0.033 omega + -0.037 theta omega + 0.110 omega^2 + 0.003 theta^2 omega + -0.016 theta omega^2 + 4.897 omega^3,9.3520238016e-04,-9.1831109497e-04,3.3266564715e-02,3.2995694031e-04,-3.7139898937e-02,1.1037154186e-01,-2.8378342255e-05,3.4095677589e-03,-1.5830920305e-02,4.8967057254e+00
43187,2025-01-21 13:40:00,nan,nan,nan,0.024 1 + 0.004 theta + 1.374 omega + 0.064 theta omega + 1.483 omega^2 + 0.002 theta^2 omega + 0.056 theta omega^2 + 8.016 omega^3,0.018 1 + 0.004 theta + 0.179 omega + 0.053 theta omega + -0.997 omega^2 + 0.001 theta^2 omega + 0.111 theta omega^2 + -7.150 omega^3,1.7616745667e-02,3.8673465359e-03,1.7916793056e-01,1.0998163922e-04,5.2706711223e-02,-9.9705938825e-01,0.0000000000e+00,1.1579478608e-03,1.1092080735e-01,-7.1502757438e+00
43188,2025-01-21 13:45:00,0.016159,0.460894,0.326102,1.025 omega + 0.002 theta omega + 0.652 omega^2 + 0.002 theta^2 omega + -0.194 theta omega^2 + 9.938 omega^3,-0.001 1 + 0.055 omega + 0.003 theta omega + 1.399 omega^2 + 0.003 theta^2 omega + -0.385 theta omega^2 + 20.262 omega^3,-8.8267376210e-04,-4.7639929273e-04,5.4636552077e-02,-3.8793759902e-05,2.9942194187e-03,1.3985363032e+00,-5.1324817511e-06,3.0974631698e-03,-3.8545441190e-01,2.0261702226e+01
43189,2025-01-21 13:50:00,0.030162,0.788246,0.557782,-0.002 1 + 1.008 omega + 0.001 theta^2 + 0.014 theta omega + 0.488 omega^2 + 0.003 theta^2 omega + 0.098 theta omega^2 + 2.121 omega^3,-0.004 1 + 0.001 theta + 0.027 omega + 0.002 theta^2 + 0.035 theta omega + 1.064 omega^2 + 0.007 theta^2 omega + 0.229 theta omega^2 + 4.316 omega^3,-3.9097035032e-03,6.8947655344e-04,2.7223982501e-02,1.5433917007e-03,3.5237202179e-02,1.0639870213e+00,2.6943943123e-04,6.8089464944e-03,2.2897442208e-01,4.3158381904e+00
43190,2025-01-21 13:55:00,0.225543,7.630021,5.397596,-0.001 theta + 1.008 omega + 0.010 theta omega + -0.580 omega^2 + 0.001 theta^2 omega + -0.040 theta omega^2 + -1.149 omega^3,0.001 1 + -0.002 theta + 0.017 omega + 0.018 theta omega + -1.140 omega^2 + 0.002 theta^2 omega + -0.081 theta omega^2 + -2.152 omega^3,9.3119907382e-04,-2.2982070153e-03,1.6763436799e-02,-4.8356026584e-04,1.8495577171e-02,-1.1402524045e+00,-2.4434301158e-05,2.0623904018e-03,-8.1349650748e-02,-2.1519295780e+00
43191,2025-01-21 14:00:00,nan,nan,nan,-0.178 1 + -0.004 theta + -0.073 omega + -0.022 theta omega + -1.403 omega^2 + -0.029 theta omega^2 + 0.494 omega^3,-0.437 1 + -0.011 theta + -2.596 omega + -0.058 theta omega + -3.472 omega^2 + -0.070 theta omega^2 + 0.883 omega^3,-4.3678081950e-01,-1.0948649848e-02,-2.5956954322e+00,-5.3211674150e-05,-5.8460713483e-02,-3.4715425752e+00,0.0000000000e+00,-1.9455562479e-04,-6.9803466434e-02,8.8256493804e-01
43192,2025-01-21 14:05:00,0.049029,3.602158,2.547346,0.001 1 + -0.001 theta + 0.993 omega + 0.002 theta omega + -0.056 omega^2 + 0.019 theta omega^2 + 0.665 omega^3,0.001 1 + -0.001 theta + -0.011 omega + 0.004 theta omega + -0.091 omega^2 + 0.040 theta omega^2 + 1.185 omega^3,9.9138760404e-04,-1.2975801598e-03,-1.0637701544e-02,2.9331778286e-04,3.8108569911e-03,-9.1498168536e-02,-2.1618434850e-05,-2.9459686846e-04,3.9883668277e-02,1.1852215424e+00
43193,2025-01-21 14:10:00,0.084955,7.345754,5.194580,-0.001 1 + 0.958 omega + -0.022 theta omega + -0.497 omega^2 + -0.001 theta^2 omega + -0.023 theta omega^2 + -3.374 omega^3,-0.001 1 + -0.079 omega + -0.042 theta omega + -0.981 omega^2 + -0.003 theta^2 omega + -0.038 theta omega^2 + -6.884 omega^3,-9.6836317720e-04,1.2022460193e-04,-7.8981736709e-02,3.8808112444e-04,-4.2363265436e-02,-9.8081429168e-01,3.0632123809e-05,-2.9746646251e-03,-3.8114208090e-02,-6.8838098431e+00
43194,2025-01-21 14:15:00,0.051334,1.602055,1.133405,0.005 1 + 0.001 theta + 1.012 omega + 0.004 theta omega + 0.144 omega^2 + -0.008 theta omega^2 + 1.265 omega^3,0.008 1 + 0.002 theta + 0.018 omega + 0.006 theta omega + 0.285 omega^2 + -0.017 theta omega^2 + 2.512 omega^3,7.9358101652e-03,1.6865302251e-03,1.7640201029e-02,7.2371164428e-05,6.3996354856e-03,2.8544433151e-01,1.9738941196e-07,4.1035773431e-04,-1.6557498131e-02,2.5119068777e+00
43195,2025-01-21 14:20:00,0.092193,3.714078,2.627058,-0.004 1 + -0.004 theta + 0.950 omega + -0.001 theta^2 + -0.027 theta omega + -0.421 omega^2 + -0.002 theta^2 omega + -0.113 theta omega^2 + -2.168 omega^3,-0.007 1 + -0.009 theta + -0.103 omega + -0.003 theta^2 + -0.055 theta omega + -0.886 omega^2 + -0.004 theta^2 omega + -0.232 theta omega^2 + -4.387 omega^3,-7.1367144353e-03,-8.9353674694e-03,-1.0298972473e-01,-2.8372537062e-03,-5.4714788083e-02,-8.8553957396e-01,-2.1046464240e-04,-4.4457909846e-03,-2.3180141565e-01,-4.3871116649e+00
43196,2025-01-21 14:25:00,nan,nan,nan,-0.001 theta + 0.980 omega + 0.005 theta omega + 0.085 omega^2 + -0.018 theta omega^2 + 2.711 omega^3,-0.001 1 + -0.001 theta + -0.040 omega + 0.010 theta omega + 0.175 omega^2 + 0.001 theta^2 omega + -0.036 theta omega^2 + 5.456 omega^3,-8.6690807241e-04,-1.1264263089e-03,-4.0137199924e-02,-3.1151349600e-04,9.6079387397e-03,1.7489227748e-01,-1.5800852563e-05,7.6310105223e-04,-3.5625619032e-02,5.4559709295e+00
43197,2025-01-21 14:30:00,nan,nan,nan,0.001 1 + 0.954 omega + 0.012 theta omega + 0.062 omega^2 + 0.003 theta^2 omega + 0.003 theta omega^2 + 2.794 omega^3,0.002 1 + -0.091 omega + 0.025 theta omega + 0.132 omega^2 + 0.006 theta^2 omega + 0.005 theta omega^2 + 5.589 omega^3,1.7218968698e-03,-8.2829240488e-05,-9.0709172547e-02,-3.2713531811e-04,2.4896616529e-02,1.3221766202e-01,-7.2589601661e-05,6.0682491621e-03,5.1348643527e-03,5.5891467912e+00
43198,2025-01-21 14:35:00,0.070270,4.627505,3.272517,0.001 1 + 0.988 omega + 0.001 theta omega + -0.014 omega^2 + 0.001 theta^2 omega + 0.005 theta omega^2 + 0.396 omega^3,0.001 1 + 0.001 theta + -0.025 omega + 0.002 theta omega + -0.019 omega^2 + 0.001 theta^2 omega + 0.005 theta omega^2 + 0.878 omega^3,1.1760685437e-03,6.8355668500e-04,-2.5121530200e-02,-1.5167934684e-04,1.8787408578e-03,-1.8593073227e-02,-4.1220107748e-05,1.3617509895e-03,5.2038470330e-03,8.7754209306e-01
43199,2025-01-21 14:40:00,0.056193,2.062344,1.458839,-0.027 1 + -0.014 theta + 0.719 omega + -0.002 theta^2 + -0.100 theta omega + -0.795 omega^2 + -0.009 theta^2 omega + -0.142 theta omega^2 + -1.182 omega^3,-0.053 1 + -0.027 theta + -0.571 omega + -0.005 theta^2 + -0.204 theta omega + -1.732 omega^2 + -0.018 theta^2 omega + -0.305 theta omega^2 + -2.859 omega^3,-5.3236974695e-02,-2.7126548376e-02,-5.7086884286e-01,-4.5414376372e-03,-2.0362464701e-01,-1.7317098806e+00,-2.5298254780e-04,-1.7669968576e-02,-3.0501233360e-01,-2.8585609516e+00
43200,2025-01-21 14:45:00,0.025290,0.888681,0.628646,1.055 omega + -0.029 theta omega + -0.520 omega^2 + 0.003 theta^2 omega + 0.138 theta omega^2 + 0.838 omega^3,-0.001 theta + 0.111 omega + -0.058 theta omega + -1.024 omega^2 + 0.006 theta^2 omega + 0.279 theta omega^2 + 1.802 omega^3,1.9351315075e-04,-9.1944106435e-04,1.1072281577e-01,4.4204933381e-04,-5.7709147582e-02,-1.0237408433e+00,-5.1134458953e-05,6.1397410719e-03,2.7910485164e-01,1.8017673058e+00
43201,2025-01-21 14:50:00,0.025244,0.794526,0.562098,-0.001 theta + 1.042 omega + -0.005 theta omega + 0.021 omega^2 + -0.004 theta^2 omega + 0.060 theta omega^2 + -4.105 omega^3,-0.001 theta + 0.082 omega + -0.010 theta omega + 0.040 omega^2 + -0.007 theta^2 omega + 0.110 theta omega^2 + -8.024 omega^3,-4.9033621253e-04,-1.3631346758e-03,8.2491506020e-02,2.1356771326e-04,-9.7774730400e-03,4.0230410563e-02,3.8086543517e-05,-6.8304018058e-03,1.0970819060e-01,-8.0243152175e+00
43202,2025-01-21 14:55:00,nan,nan,nan,-0.001 1 + -0.001 theta + 0.978 omega + 0.001 theta omega + 0.585 omega^2 + -0.099 theta omega^2 + 3.083 omega^3,-0.003 1 + -0.003 theta + -0.050 omega + 0.001 theta^2 + 0.005 theta omega + 1.293 omega^2 + -0.218 theta omega^2 + 6.103 omega^3,-2.9091478122e-03,-2.9520572019e-03,-4.9966574851e-02,7.5778771461e-04,5.0170504221e-03,1.2928143316e+00,-4.2619434748e-05,1.1386302619e-04,-2.1757427528e-01,6.1032757347e+00
43203,2025-01-21 15:00:00,0.027162,2.038028,1.441232,-0.006 1 + 0.001 theta + 0.839 omega + 0.007 theta omega + -1.112 omega^2 + -0.008 theta omega^2 + -1.180 omega^3,-0.022 1 + 0.003 theta + -0.480 omega + 0.014 theta omega + -2.716 omega^2 + -0.020 theta omega^2 + -2.813 omega^3,-2.2000225360e-02,2.5531503322e-03,-4.7981283888e-01,6.1006174876e-05,1.3682932445e-02,-2.7163793559e+00,0.0000000000e+00,3.9054205198e-04,-2.0415449708e-02,-2.8133079855e+00
43204,2025-01-21 15:05:00,0.051637,2.880662,2.037263,-0.001 1 + 0.965 omega + -0.001 theta omega + -0.428 omega^2 + 0.001 theta^2 omega + -0.126 theta omega^2 + 1.436 omega^3,-0.002 1 + 0.001 theta + -0.067 omega + -0.001 theta omega + -0.819 omega^2 + 0.002 theta^2 omega + -0.254 theta omega^2 + 3.219 omega^3,-1.9704362868e-03,9.9564415560e-04,-6.6551697401e-02,3.0404669069e-04,-8.3016591101e-04,-8.1888076980e-01,1.7661971395e-05,1.6039368187e-03,-2.5401357933e-01,3.2190999588e+00
43205,2025-01-21 15:10:00,0.064739,1.556584,1.101623,-0.001 theta + 1.027 omega + -0.001 theta^2 + 0.016 theta omega + -0.148 omega^2 + 0.002 theta^2 omega + -0.055 theta omega^2 + 0.051 omega^3,-0.001 1 + -0.002 theta + 0.054 omega + -0.001 theta^2 + 0.033 theta omega + -0.280 omega^2 + 0.004 theta^2 omega + -0.108 theta omega^2 + 0.088 omega^3,-7.4027420767e-04,-2.3835812119e-03,5.4478239158e-02,-1.4799875457e-03,3.2567230103e-02,-2.8011244641e-01,-1.7812217860e-04,3.8724486048e-03,-1.0842311069e-01,8.7771176029e-02
43206,2025-01-21 15:15:00,0.077608,2.034318,1.439527,-0.001 1 + 0.001 theta + 0.997 omega + 0.001 theta^2 + -0.001 theta omega + 0.229 omega^2 + -0.196 theta omega^2 + 0.624 omega^3,-0.003 1 + 0.002 theta + -0.005 omega + 0.003 theta^2 + -0.001 theta omega + 0.462 omega^2 + -0.001 theta^3 + 0.001 theta^2 omega + -0.383 theta omega^2 + 1.179 omega^3,-2.8420602622e-03,1.8911748066e-03,-5.1322362858e-03,2.5676551006e-03,-1.2586414536e-03,4.6216919963e-01,-8.0386468451e-04,8.7586936891e-04,-3.8303202265e-01,1.1788720196e+00
43207,2025-01-21 15:20:00,0.084685,4.657669,3.294014,0.001 theta + 0.993 omega + -0.001 theta omega + -0.007 omega^2 + -0.043 theta omega^2 + 0.110 omega^3,0.001 theta + -0.010 omega + -0.003 theta omega + 0.006 omega^2 + 0.001 theta^2 omega + -0.086 theta omega^2 + 0.164 omega^3,-8.2626182053e-05,1.0368316488e-03,-1.0103080188e-02,3.2862116862e-04,-2.5460898763e-03,6.0743989214e-03,-7.7691118206e-05,7.4261190369e-04,-8.5519312028e-02,1.6438609679e-01
43208,2025-01-21 15:25:00,0.071134,2.272709,1.607835,-0.033 1 + -0.006 theta + 0.725 omega + -0.044 theta omega + -0.492 omega^2 + -0.002 theta^2 omega + -0.057 theta omega^2 + 0.036 omega^3,-0.066 1 + -0.012 theta + -0.561 omega + -0.001 theta^2 + -0.089 theta omega + -1.043 omega^2 + -0.004 theta^2 omega + -0.119 theta omega^2 + 0.008 omega^3,-6.5610820635e-02,-1.1892356007e-02,-5.6055624711e-01,-6.2738397953e-04,-8.9450132387e-02,-1.0433684021e+00,-8.1454498764e-06,-3.5203780556e-03,-1.1867689780e-01,7.9885719434e-03
43209,2025-01-21 15:30:00,nan,nan,nan,-0.001 theta + 1.009 omega + 0.001 theta omega + 0.100 omega^2 + -0.002 theta^2 omega + 0.056 theta omega^2 + 0.097 omega^3,-0.001 theta + 0.017 omega + 0.002 theta omega + 0.209 omega^2 + -0.003 theta^2 omega + 0.116 theta omega^2 + 0.396 omega^3,-3.0446686510e-04,-1.3421997560e-03,1.7386799885e-02,-1.9401779253e-04,2.0882638575e-03,2.0946138018e-01,4.5029424385e-05,-3.0999194332e-03,1.1623343138e-01,3.9604387032e-01
43210,2025-01-21 15:35:00,0.097157,5.314900,3.758830,0.001 1 + 1.008 omega + 0.001 theta omega + -0.255 omega^2 + 0.015 theta omega^2 + -2.082 omega^3,0.003 1 + 0.017 omega + 0.003 theta omega + -0.526 omega^2 + -0.001 theta^2 omega + 0.030 theta omega^2 + -4.274 omega^3,3.0214083988e-03,-1.1507773209e-05,1.7260385665e-02,-3.1464237521e-04,2.9397200794e-03,-5.2623466105e-01,-1.6120315021e-05,-5.7639428795e-04,2.9690673628e-02,-4.2739965421e+00
43211,2025-01-21 15:40:00,0.038173,1.040297,0.736096,1.008 omega + 0.004 theta omega + 0.006 omega^2 + -0.002 theta^2 omega + -0.060 theta omega^2 + -0.219 omega^3,0.015 omega + 0.008 theta omega + 0.019 omega^2 + -0.003 theta^2 omega + -0.118 theta omega^2 + -0.253 omega^3,-2.1199054752e-04,-2.9365973670e-06,1.4929390038e-02,3.5882761300e-04,7.9833198921e-03,1.9079855712e-02,-7.9774986177e-05,-3.2099187301e-03,-1.1789589005e-01,-2.5326385303e-01
43212,2025-01-21 15:45:00,0.051198,1.462590,1.034841,0.001 1 + 0.001 theta + 0.949 omega + -0.002 theta omega + -0.243 omega^2 + -0.019 theta omega^2 + 0.282 omega^3,-0.005 1 + -0.160 omega + -0.011 theta omega + -0.772 omega^2 + -0.045 theta omega^2 + -0.339 omega^3,-5.0840586175e-03,-1.8441064072e-04,-1.5960679612e-01,6.8857292548e-06,-1.1083832218e-02,-7.7214685429e-01,0.0000000000e+00,-6.5843510670e-05,-4.5410244183e-02,-3.3934142696e-01
43213,2025-01-21 15:50:00,0.028942,0.833630,0.589821,-0.001 1 + 1.002 omega + 0.036 theta omega + 0.324 omega^2 + 0.013 theta^2 omega + 0.137 theta omega^2 + 2.398 omega^3,-0.002 1 + 0.005 omega + 0.072 theta omega + 0.648 omega^2 + 0.027 theta^2 omega + 0.274 theta omega^2 + 4.958 omega^3,-1.7961788905e-03,-2.7762043082e-04,4.8242440042e-03,-3.2905756652e-06,7.2337591935e-02,6.4817344430e-01,-7.9259300314e-05,2.6872088582e-02,2.7424312589e-01,4.9577137917e+00
43214,2025-01-21 15:55:00,nan,nan,nan,0.011 1 + 0.003 theta + 1.051 omega + 0.015 theta omega + -0.625 omega^2 + 0.001 theta^2 omega + -0.034 theta omega^2 + -1.122 omega^3,0.021 1 + 0.006 theta + 0.072 omega + 0.026 theta omega + -1.457 omega^2 + 0.001 theta^2 omega + -0.079 theta omega^2 + -2.636 omega^3,2.1244168859e-02,5.5765981348e-03,7.1929191479e-02,4.0466473252e-04,2.6340083992e-02,-1.4573031139e+00,8.7625617587e-06,1.3091421922e-03,-7.8738268027e-02,-2.6356528983e+00
43215,2025-01-21 16:00:00,0.095687,5.349643,3.783374,-0.002 theta + 1.029 omega + 0.003 theta omega + -0.240 omega^2 + -0.005 theta omega^2 + -0.797 omega^3,-0.004 theta + 0.056 omega + -0.001 theta^2 + 0.007 theta omega + -0.533 omega^2 + -0.012 theta omega^2 + -1.747 omega^3,4.9393010477e-04,-4.1651436934e-03,5.5657337472e-02,-5.3740559491e-04,6.7680582232e-03,-5.3343059928e-01,-1.5731530536e-05,5.2808820518e-05,-1.1626829151e-02,-1.7474047515e+00
43216,2025-01-21 16:05:00,nan,nan,nan,0.001 theta + 1.065 omega + 0.021 theta omega + 0.983 omega^2 + 0.002 theta^2 omega + 0.120 theta omega^2 + 1.377 omega^3,0.002 theta + 0.131 omega + 0.042 theta omega + 1.899 omega^2 + 0.003 theta^2 omega + 0.231 theta omega^2 + 2.534 omega^3,5.3405192059e-05,2.0330195631e-03,1.3083537894e-01,1.0710768579e-04,4.1509069136e-02,1.8988381875e+00,-2.2733867372e-05,2.9767474796e-03,2.3068076445e-01,2.5341754463e+00
43217,2025-01-21 16:10:00,nan,nan,nan,-0.001 1 + -0.001 theta + 1.011 omega + 0.010 theta omega + 0.219 omega^2 + 0.001 theta^2 omega + 0.016 theta omega^2 + 1.560 omega^3,-0.002 1 + -0.001 theta + 0.023 omega + 0.020 theta omega + 0.442 omega^2 + 0.002 theta^2 omega + 0.033 theta omega^2 + 3.147 omega^3,-2.4873401306e-03,-1.0391218241e-03,2.2654958240e-02,-2.1083409512e-04,1.9828845387e-02,4.4152773268e-01,-1.3486604756e-05,1.6312651770e-03,3.2860640929e-02,3.1468222202e+00
43218,2025-01-21 16:15:00,0.243109,19.599621,13.860091,-0.006 1 + -0.001 theta + 0.907 omega + -0.027 theta omega + -0.449 omega^2 + -0.001 theta^2 omega + 0.042 theta omega^2 + -4.786 omega^3,-0.012 1 + -0.002 theta + -0.184 omega + -0.054 theta omega + -0.875 omega^2 + -0.002 theta^2 omega + 0.086 theta omega^2 + -9.549 omega^3,-1.1679350962e-02,-2.2666355468e-03,-1.8440465838e-01,2.9437292842e-04,-5.4044137747e-02,-8.7525972928e-01,1.6075486255e-05,-2.2841415211e-03,8.5837614096e-02,-9.5487694457e+00
43219,2025-01-21 16:20:00,0.077839,5.777003,4.085329,-0.001 1 + -0.002 theta + 1.000 omega + -0.002 theta omega + -0.101 omega^2 + -0.032 theta omega^2 + 0.128 omega^3,-0.002 1 + -0.003 theta + 0.001 omega + -0.001 theta^2 + -0.003 theta omega + -0.200 omega^2 + -0.067 theta omega^2 + 0.295 omega^3,-1.5057128757e-03,-3.2274999617e-03,1.3281316561e-03,-5.2862302742e-04,-3.2845578581e-03,-1.9991993333e-01,-1.2591587112e-05,-1.2380656404e-04,-6.6667358802e-02,2.9512003367e-01
43220,2025-01-21 16:25:00,nan,nan,nan,0.057 1 + 0.008 theta + 1.751 omega + 0.080 theta omega + 2.739 omega^2 + 0.002 theta^2 omega + 0.147 theta omega^2 + 1.799 omega^3,0.117 1 + 0.017 theta + 1.533 omega + 0.001 theta^2 + 0.163 theta omega + 5.572 omega^2 + 0.004 theta^2 omega + 0.301 theta omega^2 + 3.588 omega^3,1.1684502336e-01,1.6863224224e-02,1.5327819994e+00,6.0988675429e-04,1.6300653747e-01,5.5718681057e+00,1.6139126842e-06,4.2565833803e-03,3.0068922726e-01,3.5883964952e+00
43221,2025-01-21 16:30:00,nan,nan,nan,-0.001 theta + 1.001 omega + -0.002 theta omega + 0.063 omega^2 + -0.049 theta omega^2 + 3.161 omega^3,0.001 1 + -0.002 theta + 0.004 omega + -0.001 theta^2 + -0.004 theta omega + 0.134 omega^2 + -0.001 theta^2 omega + -0.094 theta omega^2 + 6.128 omega^3,9.1640901292e-04,-2.3670295780e-03,4.3201416594e-03,-6.8369075632e-04,-3.7588182636e-03,1.3385451033e-01,-3.8917597254e-05,-5.2739723728e-04,-9.3826970499e-02,6.1279291938e+00
43222,2025-01-21 16:35:00,nan,nan,nan,-0.001 theta + 1.001 omega + 0.001 theta^2 + -0.009 theta omega + -0.088 omega^2 + 0.001 theta^2 omega + -0.050 theta omega^2 + 1.980 omega^3,-0.002 theta + 0.003 omega + 0.002 theta^2 + -0.019 theta omega + -0.186 omega^2 + 0.003 theta^2 omega + -0.094 theta omega^2 + 3.932 omega^3,5.9026210484e-05,-1.7151421426e-03,2.8058033244e-03,1.7252294851e-03,-1.9355786697e-02,-1.8604124247e-01,-2.7023939707e-04,3.0902995926e-03,-9.4113815652e-02,3.9324244739e+00
43223,2025-01-21 16:40:00,0.055373,1.144815,0.810453,-0.001 1 + -0.001 theta + 1.001 omega + -0.004 theta omega + -0.045 omega^2 + -0.001 theta^2 omega + 0.031 theta omega^2 + -0.416 omega^3,-0.003 1 + -0.002 theta + 0.004 omega + -0.008 theta omega + -0.110 omega^2 + -0.003 theta^2 omega + 0.053 theta omega^2 + -0.930 omega^3,-2.5176401867e-03,-2.3846634417e-03,4.3346278589e-03,-3.1130986998e-04,-8.3849488818e-03,-1.1008920729e-01,-9.1527097377e-05,-2.7447187652e-03,5.3434599711e-02,-9.2971514065e-01
43224,2025-01-21 16:45:00,0.036326,1.561134,1.104187,-0.037 1 + -0.001 theta + 0.372 omega + -0.016 theta omega + -3.449 omega^2 + -0.058 theta omega^2 + -5.937 omega^3,-0.099 1 + -0.004 theta + -1.677 omega + -0.054 theta omega + -9.197 omega^2 + -0.171 theta omega^2 + -15.968 omega^3,-9.8967765550e-02,-4.3438452100e-03,-1.6774509685e+00,-4.3031275633e-05,-5.4215883867e-02,-9.1973112899e+00,0.0000000000e+00,-2.9948079766e-04,-1.7074099407e-01,-1.5967921657e+01
43225,2025-01-21 16:50:00,0.015496,0.573477,0.405657,-0.001 1 + -0.001 theta + 1.022 omega + -0.007 theta omega + 0.123 omega^2 + -0.002 theta^2 omega + 0.064 theta omega^2 + -2.505 omega^3,-0.001 1 + -0.002 theta + 0.042 omega + -0.014 theta omega + 0.213 omega^2 + -0.004 theta^2 omega + 0.125 theta omega^2 + -4.679 omega^3,-9.9206724448e-04,-1.6853209241e-03,4.2001641096e-02,2.5520183646e-04,-1.3974622105e-02,2.1296896954e-01,9.9451490837e-05,-4.2435368997e-03,1.2469586775e-01,-4.6786760221e+00
43226,2025-01-21 16:55:00,nan,nan,nan,-0.063 1 + 0.005 theta + 1.423 omega + -0.037 theta omega + -0.491 omega^2 + 0.001 theta^2 omega + 0.012 theta omega^2 + 0.814 omega^3,-0.126 1 + 0.010 theta + 0.853 omega + -0.074 theta omega + -0.999 omega^2 + 0.002 theta^2 omega + 0.023 theta omega^2 + 1.663 omega^3,-1.2637035581e-01,1.0372173834e-02,8.5299263411e-01,-6.9661441498e-05,-7.3964127532e-02,-9.9902032236e-01,-6.2015570851e-06,1.5638124001e-03,2.3330627396e-02,1.6626373907e+00
43227,2025-01-21 17:00:00,1.114959,7.343804,5.252361,-0.001 theta + 1.007 omega + 0.007 theta omega + -0.104 omega^2 + 0.118 theta omega^2 + -0.976 omega^3,-0.002 theta + 0.017 omega + 0.014 theta omega + -0.185 omega^2 + 0.240 theta omega^2 + -1.896 omega^3,-4.9075439457e-04,-1.9694049404e-03,1.7257474134e-02,1.7756670412e-05,1.4088637610e-02,-1.8451860947e-01,3.7430183073e-05,-4.0199621038e-04,2.3956854077e-01,-1.8959923467e+00
43228,2025-01-21 17:05:00,0.131325,12.079976,8.542337,-0.003 1 + -0.003 theta + 0.984 omega + -0.001 theta^2 + -0.009 theta omega + -0.181 omega^2 + -0.001 theta^2 omega + -0.043 theta omega^2 + 0.598 omega^3,-0.006 1 + -0.006 theta + -0.033 omega + -0.001 theta^2 + -0.018 theta omega + -0.353 omega^2 + -0.002 theta^2 omega + -0.087 theta omega^2 + 1.230 omega^3,-5.6309947609e-03,-5.7148955906e-03,-3.2553749330e-02,-1.0478585369e-03,-1.7552120307e-02,-3.5315329713e-01,-3.9112317502e-05,-1.8675593950e-03,-8.6667148840e-02,1.2295117450e+00
43229,2025-01-21 17:10:00,0.064690,1.994504,1.411069,-0.001 1 + 0.001 theta + 1.000 omega + -0.001 theta^2 + 0.014 theta omega + -0.022 omega^2 + 0.006 theta^2 omega + -0.252 theta omega^2 + 0.308 omega^3,-0.001 1 + 0.002 theta + 0.004 omega + -0.001 theta^2 + 0.027 theta omega + -0.033 omega^2 + -0.001 theta^3 + 0.011 theta^2 omega + -0.498 theta omega^2 + 0.299 omega^3,-1.2537756946e-03,2.1929610763e-03,4.2326936072e-03,-1.0857270650e-03,2.6505183501e-02,-3.3041741762e-02,-8.8873683558e-04,1.1347688738e-02,-4.9783955599e-01,2.9891592305e-01
43230,2025-01-21 17:15:00,0.072081,7.189762,5.084185,-0.001 1 + 0.997 omega + 0.001 theta omega + 0.100 omega^2 + 0.006 theta omega^2 + 1.563 omega^3,-0.001 1 + -0.001 theta + -0.005 omega + 0.002 theta omega + 0.199 omega^2 + 0.017 theta omega^2 + 3.085 omega^3,-1.2790201072e-03,-9.7039152976e-04,-5.3442777233e-03,-1.3955241388e-04,2.0368004507e-03,1.9875545089e-01,-3.6053352946e-06,-2.4239542606e-04,1.6621779885e-02,3.0847001998e+00
43231,2025-01-21 17:20:00,nan,nan,nan,1.030 omega + 0.032 theta omega + 0.120 omega^2 + 0.005 theta^2 omega + -0.027 theta omega^2 + 2.782 omega^3,-0.001 1 + -0.001 theta + 0.063 omega + -0.001 theta^2 + 0.065 theta omega + 0.281 omega^2 + 0.010 theta^2 omega + -0.052 theta omega^2 + 5.849 omega^3,-6.4622080923e-04,-9.8321239074e-04,6.2862030013e-02,-8.2594350909e-04,6.5047950950e-02,2.8093728448e-01,-1.2065997664e-04,1.0069982998e-02,-5.1885059378e-02,5.8490844769e+00
43232,2025-01-21 17:25:00,0.026498,1.633020,1.154871,1.024 omega + -0.001 theta omega + 0.528 omega^2 + 0.004 theta omega^2 + 3.018 omega^3,0.001 1 + 0.058 omega + -0.002 theta omega + 1.068 omega^2 + 0.015 theta omega^2 + 5.730 omega^3,1.3469318563e-03,-1.1623463918e-04,5.7842986798e-02,-3.3836238705e-05,-1.5381723759e-03,1.0676029698e+00,0.0000000000e+00,-4.1676661746e-04,1.5210595636e-02,5.7301985510e+00
43233,2025-01-21 17:30:00,0.021811,0.407057,0.288245,0.002 1 + 0.993 omega + -0.194 omega^2 + 0.001 theta^2 omega + -0.056 theta omega^2 + -0.234 omega^3,0.004 1 + -0.015 omega + 0.001 theta omega + -0.386 omega^2 + 0.001 theta^2 omega + -0.114 theta omega^2 + -0.409 omega^3,3.9266864554e-03,2.0994918800e-05,-1.5150306189e-02,-3.1033993490e-04,9.8475541074e-04,-3.8640199716e-01,-5.5137906101e-05,1.4886322997e-03,-1.1353749796e-01,-4.0917134425e-01
43234,2025-01-21 17:35:00,0.048694,1.881896,1.331147,0.003 1 + -0.001 theta + 1.018 omega + -0.002 theta omega + -0.349 omega^2 + -0.018 theta omega^2 + -2.334 omega^3,0.006 1 + -0.001 theta + 0.036 omega + -0.004 theta omega + -0.698 omega^2 + -0.038 theta omega^2 + -4.573 omega^3,6.1199401053e-03,-1.1047031793e-03,3.5697550371e-02,-3.8349673577e-04,-3.6474822552e-03,-6.9818684920e-01,-2.2927689835e-05,-3.6618957422e-04,-3.7573057189e-02,-4.5732254987e+00
43235,2025-01-21 17:40:00,0.068557,2.380548,1.683999,-0.003 theta + 1.019 omega + 0.021 theta omega + 0.322 omega^2 + -0.002 theta^2 omega + -0.034 theta omega^2 + -3.912 omega^3,0.001 1 + -0.005 theta + 0.039 omega + 0.001 theta^2 + 0.043 theta omega + 0.682 omega^2 + -0.005 theta^2 omega + -0.070 theta omega^2 + -7.879 omega^3,5.3730594815e-04,-5.4120670346e-03,3.9405151919e-02,9.1478207383e-04,4.2593640267e-02,6.8187631274e-01,-3.9141986154e-05,-4.6499855331e-03,-7.0223936139e-02,-7.8794632916e+00
43236,2025-01-21 17:45:00,0.067149,9.981186,7.057924,-0.068 1 + -0.002 theta + 0.286 omega + -0.014 theta omega + -2.355 omega^2 + -0.025 theta omega^2 + -2.267 omega^3,-0.018 1 + -0.355 omega + -0.001 theta omega + -1.678 omega^2 + -0.009 theta omega^2 + -2.082 omega^3,-1.8016449880e-02,4.4566667052e-04,-3.5527344971e-01,1.2115673600e-05,-6.7055493715e-04,-1.6784872268e+00,0.0000000000e+00,3.7717725750e-05,-8.5079569068e-03,-2.0821247496e+00
43237,2025-01-21 17:50:00,0.021579,0.529469,0.374702,1.001 omega + -0.002 theta omega + -0.051 omega^2 + -0.029 theta omega^2 + -0.037 omega^3,0.001 theta + 0.002 omega + -0.004 theta omega + -0.104 omega^2 + -0.059 theta omega^2 + -0.056 omega^3,-2.4251087568e-04,6.1165231633e-04,1.6959104135e-03,-5.9373815608e-05,-3.8291283012e-03,-1.0431599568e-01,-6.9971937551e-05,-3.3015577413e-04,-5.9127439874e-02,-5.6196245654e-02
43238,2025-01-21 17:55:00,0.093934,6.536021,4.622142,-0.002 1 + 0.915 omega + -0.004 theta omega + 0.012 omega^2 + 0.001 theta^2 omega + 0.026 theta omega^2 + 3.410 omega^3,-0.004 1 + -0.166 omega + -0.008 theta omega + 0.023 omega^2 + 0.003 theta^2 omega + 0.052 theta omega^2 + 6.673 omega^3,-3.9860771177e-03,-4.5196801425e-04,-1.6556148854e-01,2.8823843231e-05,-8.4004201532e-03,2.2950630301e-02,-6.2578514348e-06,2.7521960486e-03,5.1700165049e-02,6.6725657012e+00
43239,2025-01-21 18:00:00,0.161116,16.903494,11.953118,0.005 1 + -0.001 theta + 1.113 omega + 0.016 theta omega + -0.124 omega^2 + 0.056 theta omega^2 + -3.513 omega^3,0.011 1 + -0.002 theta + 0.234 omega + -0.001 theta^2 + 0.032 theta omega + -0.200 omega^2 + 0.112 theta omega^2 + -6.934 omega^3,1.1003353804e-02,-1.8375645853e-03,2.3428711981e-01,-5.7855706186e-04,3.2368382717e-02,-1.9986740794e-01,-1.4719983942e-05,-4.3031408271e-04,1.1208850594e-01,-6.9339727499e+00
43240,2025-01-21 18:05:00,0.158555,6.462680,4.571180,1.018 omega + -0.006 theta omega + 0.043 omega^2 + -0.010 theta omega^2 + 0.275 omega^3,-0.001 theta + 0.040 omega + -0.013 theta omega + 0.077 omega^2 + -0.020 theta omega^2 + 0.614 omega^3,3.1330624025e-04,-6.6405056938e-04,3.9995634163e-02,2.1089099478e-04,-1.2842460323e-02,7.6992571107e-02,-8.1241404200e-06,4.8889654811e-04,-2.0340239054e-02,6.1361334758e-01
43241,2025-01-21 18:10:00,nan,nan,nan,0.108 1 + 0.008 theta + 1.874 omega + 0.049 theta omega + 1.862 omega^2 + 0.001 theta^2 omega + 0.059 theta omega^2 + 0.768 omega^3,0.225 1 + 0.017 theta + 1.820 omega + 0.103 theta omega + 3.895 omega^2 + 0.001 theta^2 omega + 0.122 theta omega^2 + 1.689 omega^3,2.2497681119e-01,1.6551869280e-02,1.8204591856e+00,3.3511232815e-04,1.0340653650e-01,3.8953502210e+00,1.0926705953e-06,1.4035244700e-03,1.2223389242e-01,1.6890434243e+00
43242,2025-01-21 18:15:00,nan,nan,nan,0.005 1 + 0.986 omega + 0.005 theta omega + -0.377 omega^2 + -0.018 theta omega^2 + 0.333 omega^3,0.010 1 + -0.001 theta + -0.026 omega + -0.001 theta^2 + 0.010 theta omega + -0.766 omega^2 + -0.034 theta omega^2 + 0.573 omega^3,1.0084867332e-02,-5.9653982920e-04,-2.6400035422e-02,-5.1787626950e-04,1.0342379694e-02,-7.6588633407e-01,-2.7991119929e-05,-1.8342574967e-04,-3.3820435683e-02,5.7309804549e-01
43243,2025-01-21 18:20:00,0.022482,1.073177,0.759017,0.002 1 + -0.002 theta + 1.031 omega + -0.013 theta omega + -0.477 omega^2 + -0.001 theta^2 omega + 0.022 theta omega^2 + -4.299 omega^3,0.004 1 + -0.004 theta + 0.061 omega + -0.026 theta omega + -0.922 omega^2 + -0.003 theta^2 omega + 0.040 theta omega^2 + -8.202 omega^3,4.1507918101e-03,-4.0233827756e-03,6.0670020598e-02,-3.3826194178e-04,-2.6227279402e-02,-9.2218111204e-01,0.0000000000e+00,-2.8973730937e-03,3.9913471326e-02,-8.2020050851e+00
43244,2025-01-21 18:25:00,0.128314,7.235989,5.117421,0.002 1 + -0.001 theta + 1.013 omega + -0.001 theta omega + -0.159 omega^2 + 0.046 theta omega^2 + -0.490 omega^3,0.004 1 + -0.001 theta + 0.027 omega + -0.004 theta omega + -0.318 omega^2 + 0.088 theta omega^2 + -0.718 omega^3,4.1844940317e-03,-1.3656367439e-03,2.7102002036e-02,6.6889353805e-05,-3.6424664889e-03,-3.1793363890e-01,0.0000000000e+00,-2.6414683705e-04,8.7544175257e-02,-7.1759016294e-01
43245,2025-01-21 18:30:00,nan,nan,nan,-0.004 1 + -0.001 theta + 0.898 omega + -0.026 theta omega + -0.125 omega^2 + -0.001 theta^2 omega + -0.097 theta omega^2 + 5.335 omega^3,-0.008 1 + -0.001 theta + -0.202 omega + -0.052 theta omega + -0.221 omega^2 + -0.002 theta^2 omega + -0.195 theta omega^2 + 10.823 omega^3,-7.6313914208e-03,-1.2788376002e-03,-2.0187155994e-01,1.3955626965e-04,-5.1993578800e-02,-2.2136390947e-01,1.2342607824e-05,-1.8301424879e-03,-1.9520482273e-01,1.0822701515e+01
43246,2025-01-21 18:35:00,nan,nan,nan,-0.001 1 + 0.001 theta + 0.985 omega + 0.001 theta^2 + -0.006 theta omega + 0.143 omega^2 + -0.001 theta^2 omega + 0.033 theta omega^2 + 0.508 omega^3,-0.003 1 + 0.002 theta + -0.029 omega + 0.001 theta^2 + -0.012 theta omega + 0.286 omega^2 + -0.002 theta^2 omega + 0.064 theta omega^2 + 0.983 omega^3,-2.7125871171e-03,2.3922661489e-03,-2.8612828055e-02,1.4505533177e-03,-1.2455047587e-02,2.8626084886e-01,1.4551587450e-04,-1.8902538098e-03,6.3644074410e-02,9.8271239743e-01
43247,2025-01-21 18:40:00,0.021414,0.471566,0.333791,1.002 omega + 0.001 theta^2 + 0.001 theta omega + 0.106 omega^2 + -0.088 theta omega^2 + 0.122 omega^3,-0.001 theta + 0.005 omega + 0.001 theta^2 + 0.001 theta omega + 0.217 omega^2 + -0.001 theta^2 omega + -0.176 theta omega^2 + 0.262 omega^3,-2.7592130169e-04,-7.8401317477e-04,5.2385441910e-03,1.2196341738e-03,1.1605243492e-03,2.1725198837e-01,-3.4497599317e-04,-7.1472456605e-04,-1.7631751724e-01,2.6230514911e-01
43248,2025-01-21 18:45:00,nan,nan,nan,-0.002 1 + -0.003 theta + 1.008 omega + -0.001 theta^2 + 0.025 theta omega + 0.064 omega^2 + 0.005 theta^2 omega + -0.029 theta omega^2 + 3.377 omega^3,-0.003 1 + -0.006 theta + 0.018 omega + -0.003 theta^2 + 0.051 theta omega + 0.124 omega^2 + 0.011 theta^2 omega + -0.059 theta omega^2 + 6.762 omega^3,-3.0215887310e-03,-5.6429392091e-03,1.8217468671e-02,-2.7350494128e-03,5.0961860480e-02,1.2435279685e-01,-3.7402646102e-04,1.0775451614e-02,-5.8894019716e-02,6.7623595300e+00
43249,2025-01-21 18:50:00,0.009460,0.812938,0.574873,-0.086 1 + -0.003 theta + -0.487 omega + -0.035 theta omega + -8.176 omega^2 + -0.103 theta omega^2 + -14.299 omega^3,-0.310 1 + -0.011 theta + -5.001 omega + -0.122 theta omega + -26.356 omega^2 + -0.001 theta^2 omega + -0.325 theta omega^2 + -45.258 omega^3,-3.0999069441e-01,-1.1039120900e-02,-5.0010891079e+00,-1.1061889863e-04,-1.2210212116e-01,-2.6356395572e+01,0.0000000000e+00,-7.3608366214e-04,-3.2545853112e-01,-4.5257982994e+01
43250,2025-01-21 18:55:00,0.002438,0.027432,0.019474,0.002 1 + 1.004 omega + -0.001 theta omega + -0.044 omega^2 + -0.008 theta omega^2 + -0.086 omega^3,0.003 1 + 0.001 theta + 0.007 omega + -0.001 theta omega + -0.087 omega^2 + -0.001 theta^2 omega + -0.016 theta omega^2 + -0.149 omega^3,3.2463855696e-03,9.1006943722e-04,6.7306295763e-03,4.5897092178e-05,-1.4562984655e-03,-8.7293058215e-02,-6.6270444121e-06,-5.8824633731e-04,-1.5713560790e-02,-1.4909001380e-01
43251,2025-01-21 19:00:00,0.010335,0.233374,0.165182,-0.001 1 + 1.016 omega + 0.005 theta omega + 0.062 omega^2 + -0.002 theta omega^2 + 0.190 omega^3,-0.001 1 + -0.001 theta + 0.035 omega + 0.011 theta omega + 0.127 omega^2 + 0.001 theta^2 omega + -0.003 theta omega^2 + 0.472 omega^3,-1.0636232458e-03,-9.1439440574e-04,3.4782537296e-02,-2.5930370846e-04,1.1114178953e-02,1.2675242628e-01,-1.5149725776e-05,6.4310215646e-04,-3.0966386587e-03,4.7221575689e-01
43252,2025-01-21 19:05:00,0.026557,1.312849,0.928515,0.001 1 + -0.001 theta + 1.042 omega + -0.472 omega^2 + 0.001 theta omega^2 + 1.610 omega^3,0.002 1 + -0.001 theta + 0.086 omega + -0.965 omega^2 + 0.001 theta omega^2 + 3.340 omega^3,1.6534882559e-03,-1.2635454767e-03,8.5705157872e-02,1.1750238433e-04,9.1358634127e-05,-9.6459872331e-01,-2.9628656994e-06,-8.0046624978e-05,1.0331131956e-03,3.3397835062e+00
43253,2025-01-21 19:10:00,0.009576,0.945989,0.668950,0.001 1 + 0.994 omega + -0.011 theta omega + -0.130 omega^2 + -0.001 theta^2 omega + 0.018 theta omega^2 + 2.681 omega^3,0.005 omega + -0.023 theta omega + 0.343 omega^2 + -0.003 theta^2 omega + 0.180 theta omega^2 + -2.393 omega^3,2.6552821877e-04,-4.9733171439e-04,4.6770416156e-03,4.1702550929e-04,-2.2828670256e-02,3.4283502005e-01,3.2980620962e-06,-3.0343288903e-03,1.7988443852e-01,-2.3929034905e+00
43254,2025-01-21 19:15:00,nan,nan,nan,-0.026 1 + 0.003 theta + 1.253 omega + -0.026 theta omega + -0.744 omega^2 + 0.001 theta^2 omega + 0.028 theta omega^2 + 1.062 omega^3,-0.056 1 + 0.007 theta + 0.552 omega + -0.057 theta omega + -1.610 omega^2 + 0.001 theta^2 omega + 0.061 theta omega^2 + 2.271 omega^3,-5.6071593772e-02,7.1004790030e-03,5.5150616069e-01,-1.5720761593e-04,-5.6527543882e-02,-1.6102998150e+00,-3.7937344939e-06,1.4009831204e-03,6.0716933919e-02,2.2712603797e+00
43255,2025-01-21 19:20:00,nan,nan,nan,-0.001 1 + 1.008 omega + -0.005 theta omega + 0.161 omega^2 + -0.006 theta omega^2 + 0.532 omega^3,-0.003 1 + 0.016 omega + -0.010 theta omega + 0.316 omega^2 + 0.001 theta^2 omega + -0.012 theta omega^2 + 1.088 omega^3,-3.0005399804e-03,2.9680100975e-04,1.5712723034e-02,6.7268582341e-05,-9.6319490827e-03,3.1555855410e-01,-7.3923418736e-06,7.3502942815e-04,-1.1972598647e-02,1.0880224762e+00
43256,2025-01-21 19:25:00,0.015933,1.446198,1.022678,-0.017 1 + -0.001 theta + 0.613 omega + -0.018 theta omega + -2.509 omega^2 + -0.077 theta omega^2 + -4.567 omega^3,0.018 1 + 0.397 omega + -0.005 theta omega + 3.256 omega^2 + -0.028 theta omega^2 + 9.428 omega^3,1.7916362454e-02,-6.0205097802e-05,3.9698361657e-01,0.0000000000e+00,-5.0131398295e-03,3.2561512170e+00,0.0000000000e+00,-4.2391448396e-05,-2.8102899261e-02,9.4277235803e+00
43257,2025-01-21 19:30:00,nan,nan,nan,0.001 1 + -0.001 theta + 0.976 omega + 0.010 theta omega + 0.265 omega^2 + 0.003 theta^2 omega + -0.325 theta omega^2 + 6.026 omega^3,0.002 1 + -0.001 theta + -0.047 omega + 0.020 theta omega + 0.517 omega^2 + 0.006 theta^2 omega + -0.647 theta omega^2 + 12.069 omega^3,1.7524422950e-03,-1.4483967664e-03,-4.7219989962e-02,1.1849567134e-04,2.0060749923e-02,5.1738694168e-01,-2.9723897698e-05,6.4130756880e-03,-6.4694774581e-01,1.2068770854e+01
43258,2025-01-21 19:35:00,nan,nan,nan,-0.058 1 + 0.009 theta + 1.472 omega + -0.055 theta omega + -1.519 omega^2 + 0.002 theta^2 omega + 0.074 theta omega^2 + 2.275 omega^3,-0.118 1 + 0.018 theta + 0.954 omega + -0.001 theta^2 + -0.112 theta omega + -3.082 omega^2 + 0.003 theta^2 omega + 0.149 theta omega^2 + 4.693 omega^3,-1.1816787251e-01,1.8005680624e-02,9.5443468104e-01,-7.6395109901e-04,-1.1196932163e-01,-3.0819985255e+00,6.8824965206e-06,3.2506897346e-03,1.4858297231e-01,4.6930542550e+00
43259,2025-01-21 19:40:00,0.040341,1.936112,1.369335,-0.001 1 + -0.001 theta + 1.013 omega + 0.001 theta omega + 0.069 omega^2 + -0.021 theta omega^2 + -0.273 omega^3,-0.001 1 + -0.002 theta + 0.026 omega + 0.001 theta omega + 0.113 omega^2 + -0.001 theta^2 omega + -0.047 theta omega^2 + -0.309 omega^3,-1.3541953923e-03,-1.6751499183e-03,2.5589888077e-02,2.9263968931e-04,1.3718466340e-03,1.1338373900e-01,0.0000000000e+00,-8.4416279534e-04,-4.7419083153e-02,-3.0881494203e-01
43260,2025-01-21 19:45:00,0.020446,0.986255,0.697537,-0.001 1 + 0.001 theta + 0.955 omega + -0.005 theta omega + 0.259 omega^2 + -0.010 theta omega^2 + 0.391 omega^3,-0.002 1 + 0.003 theta + -0.092 omega + -0.010 theta omega + 0.527 omega^2 + -0.019 theta omega^2 + 0.806 omega^3,-1.9556286272e-03,2.6733906615e-03,-9.1896312667e-02,-1.4571085402e-04,-9.5600967435e-03,5.2677877905e-01,1.8255462190e-06,4.5884359649e-04,-1.9054406033e-02,8.0557402380e-01
43261,2025-01-21 19:50:00,0.084630,3.229716,2.284538,0.009 1 + 0.002 theta + 1.090 omega + 0.010 theta omega + 0.237 omega^2 + 0.019 theta omega^2 + -0.234 omega^3,0.009 1 + 0.001 theta + 0.085 omega + 0.010 theta omega + 0.093 omega^2 + 0.021 theta omega^2 + -1.068 omega^3,8.7770533564e-03,1.3554129942e-03,8.5355603862e-02,4.7725723379e-05,1.0219304678e-02,9.3193341995e-02,0.0000000000e+00,2.3851946202e-04,2.1374537962e-02,-1.0684641691e+00
43262,2025-01-21 19:55:00,0.010538,0.722238,0.510754,-0.003 1 + 0.980 omega + -0.016 theta omega + 0.684 omega^2 + -0.002 theta^2 omega + 0.076 theta omega^2 + -2.774 omega^3,-0.006 1 + -0.041 omega + 0.001 theta^2 + -0.033 theta omega + 1.402 omega^2 + -0.004 theta^2 omega + 0.156 theta omega^2 + -5.698 omega^3,-6.1170019783e-03,4.9919158590e-04,-4.1269174402e-02,6.4207307676e-04,-3.3402708294e-02,1.4024140283e+00,6.2997990313e-06,-3.8991321753e-03,1.5645652410e-01,-5.6978338471e+00
43263,2025-01-21 20:00:00,0.010031,0.849263,0.600561,-0.070 1 + 0.001 theta + 2.524 omega + -0.010 theta omega + -11.163 omega^2 + 0.038 theta omega^2 + 27.119 omega^3,-0.013 1 + 0.001 theta + 0.174 omega + -0.010 theta omega + -0.607 omega^2 + 0.039 theta omega^2,-1.3468045497e-02,8.2776200119e-04,1.7418460290e-01,0.0000000000e+00,-1.0479765911e-02,-6.0696505704e-01,0.0000000000e+00,-1.8875408137e-05,3.8586533154e-02,0.0000000000e+00
43264,2025-01-21 20:05:00,0.057398,7.245956,5.123825,-0.001 1 + -0.001 theta + 1.028 omega + -0.003 theta omega + 0.108 omega^2 + 0.022 theta omega^2 + -0.672 omega^3,-0.003 1 + -0.001 theta + 0.045 omega + -0.012 theta omega + 0.661 omega^2 + -0.001 theta^2 omega + 0.087 theta omega^2 + -4.097 omega^3,-2.5401193884e-03,-1.1695047924e-03,4.4564560018e-02,1.4117872222e-04,-1.1925408896e-02,6.6094763726e-01,0.0000000000e+00,-6.6709888380e-04,8.6798685683e-02,-4.0969009840e+00
43265,2025-01-21 20:10:00,0.034498,2.876102,2.033858,0.001 1 + 0.996 omega + 0.002 theta omega + -0.046 omega^2 + 0.002 theta omega^2 + 0.217 omega^3,0.001 1 + -0.005 omega + 0.003 theta omega + -0.107 omega^2 + -0.001 theta^2 omega + 0.004 theta omega^2 + 0.322 omega^3,1.4870990334e-03,9.9516051062e-05,-5.2850785903e-03,-1.2883728438e-04,3.0233772355e-03,-1.0652041131e-01,0.0000000000e+00,-7.4426364758e-04,4.4182711229e-03,3.2164181619e-01
43266,2025-01-21 20:15:00,0.027337,1.033607,0.731126,0.004 1 + 0.001 theta + 1.086 omega + 0.014 theta omega + 0.327 omega^2 + 0.031 theta omega^2 + 0.541 omega^3,0.005 1 + 0.002 theta + 0.133 omega + 0.019 theta omega + 0.574 omega^2 + 0.050 theta omega^2 + 0.372 omega^3,5.4859546571e-03,1.5500786628e-03,1.3258675497e-01,2.1190588135e-05,1.8951704703e-02,5.7386938198e-01,0.0000000000e+00,1.4905474462e-04,5.0382096070e-02,3.7242629531e-01
43267,2025-01-21 20:20:00,0.110668,7.633438,5.398223,0.001 1 + -0.001 theta + 1.006 omega + -0.003 theta omega + 0.404 omega^2 + -0.012 theta omega^2 + -0.958 omega^3,0.001 1 + -0.002 theta + 0.015 omega + -0.006 theta omega + 0.799 omega^2 + -0.024 theta omega^2 + -1.918 omega^3,1.0002400083e-03,-1.7953575627e-03,1.4685280588e-02,1.8190597109e-04,-6.3750983297e-03,7.9905550957e-01,-4.0608188513e-06,1.8385146314e-04,-2.4301898457e-02,-1.9181007208e+00
43268,2025-01-21 20:25:00,0.045433,5.102783,3.608355,-0.062 1 + 0.003 theta + 1.778 omega + -0.040 theta omega + -2.267 omega^2 + 0.100 theta omega^2 + -0.656 omega^3,-0.066 1 + 0.002 theta + 0.447 omega + -0.035 theta omega + 2.590 omega^2 + 0.064 theta omega^2 + -15.747 omega^3,-6.6409985592e-02,2.4618271225e-03,4.4712460483e-01,7.1492618325e-05,-3.4526467848e-02,2.5902186702e+00,-1.8427407144e-06,9.5685772050e-05,6.4127584055e-02,-1.5746900708e+01
43269,2025-01-21 20:30:00,3.291121,85.169815,60.269100,-0.001 1 + 0.001 theta + 0.992 omega + -0.011 theta omega + 0.427 omega^2 + 0.006 theta^2 omega + -0.150 theta omega^2 + 0.087 omega^3,-0.002 1 + 0.003 theta + -0.012 omega + -0.001 theta^2 + -0.022 theta omega + 0.823 omega^2 + 0.012 theta^2 omega + -0.283 theta omega^2 + 0.105 omega^3,-1.7062166175e-03,2.7802623818e-03,-1.1926665509e-02,-6.9640826058e-04,-2.2249010281e-02,8.2255251990e-01,-6.3094634653e-05,1.2306464206e-02,-2.8327130111e-01,1.0453414590e-01
43270,2025-01-21 20:35:00,nan,nan,nan,-0.031 1 + 0.004 theta + 1.202 omega + -0.024 theta omega + -0.221 omega^2 + 0.001 theta^2 omega + 0.016 theta omega^2 + 0.501 omega^3,-0.063 1 + 0.008 theta + 0.400 omega + -0.048 theta omega + -0.410 omega^2 + 0.001 theta^2 omega + 0.031 theta omega^2 + 0.986 omega^3,-6.2762017797e-02,7.7796060284e-03,3.9985410162e-01,-2.8766513616e-04,-4.7817927398e-02,-4.0998005363e-01,3.0366291871e-06,1.2279876292e-03,3.0818968257e-02,9.8627261600e-01
43271,2025-01-21 20:40:00,nan,nan,nan,-0.002 1 + -0.001 theta + 1.118 omega + -0.005 theta omega + -0.886 omega^2 + 0.007 theta omega^2 + 2.941 omega^3,-0.004 1 + -0.002 theta + 0.242 omega + -0.010 theta omega + -1.826 omega^2 + 0.013 theta omega^2 + 6.047 omega^3,-4.4714867860e-03,-1.7770648062e-03,2.4209740331e-01,2.0019661616e-04,-1.0157229422e-02,-1.8259079201e+00,-3.9775123902e-06,2.3300404904e-05,1.2894961475e-02,6.0474847082e+00
43272,2025-01-21 20:45:00,0.053488,4.400891,3.112129,0.002 1 + 0.953 omega + 0.009 theta omega + 0.093 omega^2 + -0.062 theta omega^2 + 2.947 omega^3,0.004 1 + -0.001 theta + -0.127 omega + 0.014 theta omega + 1.069 omega^2 + -0.095 theta omega^2,3.6827560340e-03,-8.3788266932e-04,-1.2728575828e-01,6.9674028491e-05,1.3909557252e-02,1.0689237403e+00,-2.1804522248e-06,-1.2215398318e-04,-9.4968628498e-02,0.0000000000e+00
43273,2025-01-21 20:50:00,0.006472,0.108716,0.077010,0.002 1 + 1.021 omega + 0.001 theta omega + -0.144 omega^2 + 0.015 theta omega^2 + -1.313 omega^3,-0.001 1 + 0.001 theta + 0.015 omega + -0.003 theta omega + 0.044 omega^2 + -0.016 theta omega^2 + -0.967 omega^3,-9.3174975446e-04,5.3789591942e-04,1.5038132159e-02,-7.8035963681e-06,-2.5785838262e-03,4.4314374316e-02,-6.4959976327e-06,2.5423672957e-04,-1.6323669123e-02,-9.6688388550e-01
43274,2025-01-21 20:55:00,0.015229,0.403703,0.285664,0.022 1 + 0.003 theta + 1.065 omega + 0.006 theta omega + -0.543 omega^2 + -0.045 theta omega^2 + -1.660 omega^3,0.044 1 + 0.006 theta + 0.132 omega + 0.013 theta omega + -1.063 omega^2 + -0.088 theta omega^2 + -3.194 omega^3,4.3617070485e-02,6.4621475072e-03,1.3171460014e-01,2.0293304010e-04,1.3093801680e-02,-1.0634939719e+00,-2.2222738097e-06,3.4104944314e-04,-8.8043755964e-02,-3.1942536313e+00
43275,2025-01-21 21:00:00,0.194187,3.582561,2.536972,-0.001 1 + 0.986 omega + 0.001 theta omega + 0.070 omega^2 + 0.587 omega^3,-0.001 1 + -0.001 theta + -0.007 omega + 0.099 omega^2 + 0.010 theta omega^2,-1.3288865563e-03,-7.1217037711e-04,-6.5727964133e-03,-1.4540738268e-04,4.1553598226e-04,9.9166342193e-02,-9.6227649962e-06,2.9246828408e-04,1.0201621488e-02,0.0000000000e+00
43276,2025-01-21 21:05:00,0.198040,6.482672,4.586080,-0.001 1 + -0.001 theta + 1.013 omega + -0.001 theta omega + 0.276 omega^2 + 0.042 theta omega^2 + -1.999 omega^3,-0.001 1 + -0.002 theta + 0.027 omega + -0.002 theta omega + 0.508 omega^2 + -0.001 theta^2 omega + 0.084 theta omega^2 + -3.753 omega^3,-1.0144287150e-03,-1.5979161192e-03,2.7451972755e-02,4.0930419217e-05,-2.3165523300e-03,5.0770556847e-01,5.6811128589e-06,-8.4168368458e-04,8.4356559430e-02,-3.7527782204e+00
43277,2025-01-21 21:10:00,0.040197,0.827248,0.585643,1.009 omega + 0.003 theta omega + -0.040 omega^2 + -0.001 theta^2 omega + 0.025 theta omega^2 + -0.597 omega^3,-0.001 1 + -0.002 theta + 0.009 omega + 0.001 theta^2 + -0.005 theta omega + 0.159 omega^2 + -0.030 theta omega^2 + 0.697 omega^3,-1.0162280111e-03,-2.2002915399e-03,8.8011705485e-03,8.4286905397e-04,-5.4310633291e-03,1.5945543360e-01,-6.3179852701e-05,1.6341552945e-04,-2.9845310654e-02,6.9713555120e-01
43278,2025-01-21 21:15:00,1.686635,69.786801,49.361130,0.001 theta + 0.980 omega + -0.006 theta omega + 0.495 omega^2 + 0.003 theta^2 omega + -0.143 theta omega^2 + 0.780 omega^3,0.002 theta + -0.036 omega + -0.013 theta omega + 1.000 omega^2 + 0.006 theta^2 omega + -0.292 theta omega^2 + 1.713 omega^3,-1.6699849925e-04,1.8669971153e-03,-3.5561234968e-02,-4.3534406251e-04,-1.2780249311e-02,1.0003578786e+00,-4.9237321175e-06,6.1314740660e-03,-2.9177668197e-01,1.7128345464e+00
43279,2025-01-21 21:20:00,0.058813,3.702062,2.618084,0.001 theta + 1.005 omega + -0.005 theta omega + -0.123 omega^2 + 0.001 theta omega^2 + 0.653 omega^3,0.001 theta + -0.005 omega + -0.006 theta omega + -0.003 omega^2 + 0.001 theta^2 omega + -0.032 theta omega^2 + 1.293 omega^3,-9.5170619547e-06,5.1052890551e-04,-4.5170866531e-03,-6.9280956502e-05,-5.5648967214e-03,-3.4073534999e-03,0.0000000000e+00,6.7201682355e-04,-3.2004085910e-02,1.2932173006e+00
43280,2025-01-21 21:25:00,0.062719,2.868220,2.028623,-0.001 1 + -0.002 theta + 1.014 omega + 0.004 theta omega + 0.342 omega^2 + -0.047 theta omega^2 + -1.351 omega^3,-0.002 1 + -0.003 theta + 0.029 omega + 0.001 theta^2 + 0.007 theta omega + 0.642 omega^2 + -0.001 theta^2 omega + -0.093 theta omega^2 + -2.540 omega^3,-1.9743428144e-03,-2.8866767350e-03,2.9213233551e-02,6.1410000371e-04,7.3175365113e-03,6.4205967133e-01,-2.6228107853e-05,-5.3037249036e-04,-9.2602331504e-02,-2.5398869193e+00
43281,2025-01-21 21:30:00,0.096567,13.020733,9.207302,-0.001 1 + -0.001 theta + 1.009 omega + 0.012 theta omega + 0.070 omega^2 + -0.062 theta omega^2 + 0.309 omega^3,-0.001 1 + -0.002 theta + 0.024 omega + 0.027 theta omega + 0.118 omega^2 + -0.111 theta omega^2 + 0.019 omega^3,-1.1612477875e-03,-2.2584739648e-03,2.3605901667e-02,6.9301288982e-05,2.7042935867e-02,1.1759990832e-01,0.0000000000e+00,-3.7476168449e-04,-1.1075628398e-01,1.8915242327e-02
43282,2025-01-21 21:35:00,0.048969,1.978802,1.399653,-0.004 1 + 0.001 theta + 0.969 omega + 0.009 theta omega + 0.619 omega^2 + 0.001 theta^2 omega + -0.005 theta omega^2 + 5.644 omega^3,-0.009 1 + 0.002 theta + -0.062 omega + 0.019 theta omega + 1.229 omega^2 + 0.002 theta^2 omega + -0.013 theta omega^2 + 11.474 omega^3,-8.7459472435e-03,2.0833171207e-03,-6.1751271603e-02,4.7849611861e-04,1.9222303146e-02,1.2290891913e+00,2.0004723775e-05,2.3294066967e-03,-1.2686851407e-02,1.1474187877e+01
43283,2025-01-21 21:40:00,nan,nan,nan,0.049 1 + 0.005 theta + 1.731 omega + 0.096 theta omega + 1.704 omega^2 + 0.001 theta^2 omega + 0.252 theta omega^2 + -3.767 omega^3,0.098 1 + 0.010 theta + 1.467 omega + 0.192 theta omega + 3.381 omega^2 + 0.003 theta^2 omega + 0.510 theta omega^2 + -8.001 omega^3,9.8165958612e-02,1.0338015302e-02,1.4667874967e+00,-1.9134933271e-04,1.9189195700e-01,3.3809300842e+00,-1.4671495129e-05,2.6902075456e-03,5.1016677708e-01,-8.0012231605e+00
43284,2025-01-21 21:45:00,0.048223,3.673269,2.597617,-0.001 theta + 1.015 omega + 0.005 theta omega + 0.150 omega^2 + 0.008 theta omega^2 + -1.318 omega^3,-0.002 theta + 0.030 omega + 0.010 theta omega + 0.217 omega^2 + -0.001 theta^2 omega + 0.012 theta omega^2 + -1.930 omega^3,-4.5746027350e-04,-2.1038035467e-03,3.0003133942e-02,1.2903201548e-04,1.0125804084e-02,2.1670358796e-01,-1.5506018805e-06,-5.9518662342e-04,1.2357973401e-02,-1.9296694314e+00
43285,2025-01-21 21:50:00,0.019234,1.548780,1.095237,0.991 omega + 0.005 theta omega + -0.231 omega^2 + -0.001 theta omega^2 + -0.051 omega^3,0.003 1 + -0.001 theta + 0.122 omega + -0.004 theta omega + 0.742 omega^2 + 0.028 theta omega^2 + -0.268 omega^3,3.1858472371e-03,-7.9247433489e-04,1.2160391292e-01,-2.3989534234e-05,-3.9743087682e-03,7.4239145948e-01,0.0000000000e+00,-2.4897337649e-04,2.7710662348e-02,-2.6775892097e-01
43286,2025-01-21 21:55:00,0.069351,1.939583,1.372368,-0.001 1 + 0.002 theta + 1.016 omega + 0.001 theta^2 + 0.004 theta omega + 0.283 omega^2 + 0.087 theta omega^2 + -0.343 omega^3,-0.002 1 + 0.004 theta + 0.031 omega + 0.002 theta^2 + 0.007 theta omega + 0.563 omega^2 + 0.175 theta omega^2 + -0.816 omega^3,-1.9429992540e-03,4.3622571551e-03,3.1224906256e-02,1.6492980153e-03,6.6858296067e-03,5.6315621563e-01,1.1604984812e-04,-2.6849837485e-04,1.7473384520e-01,-8.1623077836e-01
43287,2025-01-21 22:00:00,1.993430,31.940861,22.629542,0.003 theta + 1.009 omega + 0.001 theta^2 + 0.001 theta omega + 0.454 omega^2 + 0.099 theta omega^2 + -2.063 omega^3,0.005 theta + 0.018 omega + 0.002 theta^2 + 0.003 theta omega + 0.895 omega^2 + 0.001 theta^2 omega + 0.197 theta omega^2 + -3.940 omega^3,3.6115165451e-04,5.1633515446e-03,1.7761540904e-02,1.7926222474e-03,3.4406454511e-03,8.9548437021e-01,1.4412211276e-04,8.8996298703e-04,1.9665402713e-01,-3.9397935242e+00
43288,2025-01-21 22:05:00,0.008705,0.471125,0.333192,-0.003 1 + 0.001 theta + 1.021 omega + -0.006 theta omega + 0.232 omega^2 + -0.001 theta^2 omega + 0.016 theta omega^2 + -1.526 omega^3,-0.006 1 + 0.001 theta + 0.042 omega + -0.012 theta omega + 0.456 omega^2 + -0.001 theta^2 omega + 0.030 theta omega^2 + -3.022 omega^3,-6.3950726035e-03,1.0236860862e-03,4.1767695744e-02,9.7268493135e-05,-1.1763032577e-02,4.5635452810e-01,-7.8560655529e-06,-1.1797432513e-03,3.0252936399e-02,-3.0218992412e+00
43289,2025-01-21 22:10:00,0.131190,7.850576,5.551971,-0.001 theta + 0.995 omega + 0.003 theta omega + 0.032 omega^2 + 0.013 theta omega^2 + 0.680 omega^3,0.001 1 + -0.001 theta + -0.008 omega + 0.007 theta omega + 0.068 omega^2 + 0.026 theta omega^2 + 1.324 omega^3,9.0888711969e-04,-1.3594865306e-03,-7.8512923189e-03,-2.9138933380e-04,6.5829780857e-03,6.7951276866e-02,-1.5067618736e-05,2.8232331702e-04,2.5856730225e-02,1.3236448257e+00
43290,2025-01-21 22:15:00,0.042410,4.275148,3.023135,0.988 omega + -0.021 theta omega + 0.917 omega^2 + 0.002 theta^2 omega + -0.076 theta omega^2 + -1.142 omega^3,0.001 1 + -0.001 theta + -0.018 omega + -0.043 theta omega + 1.743 omega^2 + 0.004 theta^2 omega + -0.146 theta omega^2 + -1.912 omega^3,8.6593179590e-04,-1.0443454628e-03,-1.8327482417e-02,4.6652465068e-04,-4.2618285753e-02,1.7428404824e+00,-3.7113117234e-05,4.4830986035e-03,-1.4630999168e-01,-1.9124752676e+00
43291,2025-01-21 22:20:00,nan,nan,nan,-0.001 theta + 1.005 omega + -0.005 theta omega + 0.089 omega^2 + 0.001 theta^2 omega + -0.025 theta omega^2 + 0.262 omega^3,0.001 1 + -0.001 theta + 0.012 omega + -0.011 theta omega + 0.218 omega^2 + 0.001 theta^2 omega + -0.053 theta omega^2 + 0.689 omega^3,7.3118332980e-04,-1.1504070562e-03,1.2380522333e-02,4.3049849735e-04,-1.1490910777e-02,2.1806999672e-01,-3.9950164374e-05,1.4445282543e-03,-5.2919052439e-02,6.8921997309e-01
43292,2025-01-21 22:25:00,nan,nan,nan,0.024 1 + 0.003 theta + 1.074 omega + 0.014 theta omega + -0.321 omega^2 + 0.001 theta^2 omega + -0.027 theta omega^2 + 0.997 omega^3,0.048 1 + 0.006 theta + 0.153 omega + 0.029 theta omega + -0.586 omega^2 + 0.001 theta^2 omega + -0.051 theta omega^2 + 2.094 omega^3,4.8107409850e-02,6.3879405519e-03,1.5276214156e-01,2.0620909512e-04,2.8682408751e-02,-5.8580733238e-01,2.7199623469e-07,1.0386881678e-03,-5.0642428202e-02,2.0938922862e+00
43293,2025-01-21 22:30:00,nan,nan,nan,-0.002 1 + 1.008 omega + 0.006 theta omega + 0.243 omega^2 + 0.001 theta^2 omega + 0.017 theta omega^2 + 0.481 omega^3,-0.004 1 + 0.016 omega + 0.012 theta omega + 0.472 omega^2 + 0.001 theta^2 omega + 0.031 theta omega^2 + 1.122 omega^3,-3.6191854159e-03,3.3966601981e-04,1.6138529060e-02,7.7644577606e-05,1.1741177449e-02,4.7239667922e-01,1.4505416344e-07,1.0871148388e-03,3.0874085426e-02,1.1220275904e+00
43294,2025-01-21 22:35:00,nan,nan,nan,0.001 1 + -0.001 theta + 0.996 omega + -0.001 theta omega + -0.086 omega^2 + -0.019 theta omega^2 + 1.108 omega^3,0.001 1 + -0.001 theta + -0.006 omega + -0.001 theta^2 + -0.002 theta omega + -0.175 omega^2 + -0.036 theta omega^2 + 1.969 omega^3,1.4135383030e-03,-1.4711593421e-03,-5.5917435629e-03,-5.6190799355e-04,-1.9794421383e-03,-1.7495749839e-01,-4.3881381211e-05,-3.1716090285e-04,-3.6314072012e-02,1.9692959015e+00
43295,2025-01-21 22:40:00,nan,nan,nan,-0.075 1 + 0.015 theta + 1.563 omega + -0.001 theta^2 + -0.091 theta omega + -0.288 omega^2 + 0.004 theta^2 omega + 0.018 theta omega^2 + -1.674 omega^3,-0.153 1 + 0.029 theta + 1.129 omega + -0.002 theta^2 + -0.181 theta omega + -0.478 omega^2 + 0.007 theta^2 omega + 0.027 theta omega^2 + -3.613 omega^3,-1.5268758609e-01,2.9431819104e-02,1.1290913352e+00,-1.5150249040e-03,-1.8130336652e-01,-4.7825096104e-01,1.3900933690e-05,7.1643003107e-03,2.6815533125e-02,-3.6126366029e+00
43296,2025-01-21 22:45:00,0.062172,6.217290,4.396508,-0.001 1 + -0.001 theta + 1.036 omega + -0.016 theta omega + 0.856 omega^2 + -0.025 theta omega^2 + 2.702 omega^3,-0.002 1 + -0.001 theta + 0.072 omega + -0.032 theta omega + 1.680 omega^2 + -0.001 theta^2 omega + -0.051 theta omega^2 + 5.321 omega^3,-2.1853488120e-03,-1.4651636081e-03,7.2292136850e-02,5.2277513216e-05,-3.1801447261e-02,1.6796868329e+00,3.4553025040e-06,-7.5921663898e-04,-5.0645646330e-02,5.3210155977e+00
43297,2025-01-21 22:50:00,nan,nan,nan,-0.011 1 + 0.983 omega + -0.002 theta omega + 0.497 omega^2 + 0.067 theta omega^2 + -0.955 omega^3,-0.024 1 + -0.049 omega + 0.001 theta^2 + -0.007 theta omega + 0.933 omega^2 + 0.128 theta omega^2 + -2.092 omega^3,-2.4190613063e-02,2.5547429810e-04,-4.9391819990e-02,7.1393208977e-04,-6.7856240672e-03,9.3329969038e-01,4.0554231048e-05,-6.8320640693e-06,1.2807120852e-01,-2.0923238413e+00
43298,2025-01-21 22:55:00,0.025856,0.709006,0.501676,0.001 1 + -0.003 theta + 1.040 omega + 0.001 theta^2 + -0.014 theta omega + -0.089 omega^2 + 0.001 theta^2 omega + -0.069 theta omega^2 + 2.455 omega^3,0.001 1 + -0.007 theta + 0.079 omega + 0.002 theta^2 + -0.028 theta omega + -0.119 omega^2 + 0.002 theta^2 omega + -0.150 theta omega^2 + 4.904 omega^3,1.1450260274e-03,-6.6842273408e-03,7.8971483594e-02,2.4363805164e-03,-2.8203264922e-02,-1.1920991998e-01,-1.9898819673e-04,2.1154800300e-03,-1.4952941792e-01,4.9042712612e+00
43299,2025-01-21 23:00:00,nan,nan,nan,-0.010 1 + 0.001 theta + 1.007 omega + -0.001 theta omega + 0.291 omega^2 + -0.025 theta omega^2 + 0.019 omega^3,-0.021 1 + 0.001 theta + 0.013 omega + -0.002 theta omega + 0.604 omega^2 + -0.051 theta omega^2 + 0.081 omega^3,-2.0522171551e-02,1.3164018062e-03,1.2921323256e-02,2.2418967075e-04,-2.2907933917e-03,6.0447883802e-01,-1.6271491042e-05,1.7000312348e-04,-5.0580981045e-02,8.0867642937e-02
43300,2025-01-21 23:05:00,nan,nan,nan,0.305 1 + 0.008 theta + 5.623 omega + 0.086 theta omega + 23.252 omega^2 + 0.225 theta omega^2 + 38.731 omega^3,0.336 1 + 0.008 theta + 5.142 omega + 0.091 theta omega + 25.984 omega^2 + 0.245 theta omega^2 + 43.330 omega^3,3.3618778018e-01,8.2622827733e-03,5.1418548079e+00,4.3619197858e-05,9.0596186398e-02,2.5984065839e+01,0.0000000000e+00,2.7102438363e-04,2.4534333959e-01,4.3330457014e+01
43301,2025-01-21 23:10:00,nan,nan,nan,0.029 1 + 0.005 theta + 1.456 omega + 0.067 theta omega + 2.445 omega^2 + 0.153 theta omega^2 + 8.497 omega^3,0.052 1 + 0.009 theta + 0.729 omega + 0.148 theta omega + 1.634 omega^2 + -0.001 theta^2 omega + 0.554 theta omega^2 + -4.383 omega^3,5.2027472939e-02,8.9164830736e-03,7.2934638082e-01,-2.1452347259e-04,1.4795003802e-01,1.6335258194e+00,0.0000000000e+00,-1.2399145475e-03,5.5411864421e-01,-4.3831581763e+00
43302,2025-01-21 23:15:00,0.080164,5.918316,4.185265,1.008 omega + -0.001 theta omega + 0.075 omega^2 + 0.031 theta omega^2 + -0.977 omega^3,0.012 omega + -0.002 theta omega + 0.060 omega^2 + 0.047 theta omega^2 + -1.801 omega^3,3.2101115461e-04,3.0889104970e-06,1.1761306366e-02,-3.3909103970e-06,-2.4132548644e-03,6.0014125159e-02,0.0000000000e+00,-4.9530299130e-04,4.7032095543e-02,-1.8008965724e+00
43303,2025-01-21 23:20:00,0.077114,11.607009,8.207576,0.005 1 + -0.001 theta + 1.212 omega + 0.004 theta omega + 1.671 omega^2 + -0.001 theta^2 omega + 0.073 theta omega^2 + 2.786 omega^3,0.011 1 + -0.002 theta + 0.425 omega + 0.008 theta omega + 3.337 omega^2 + -0.002 theta^2 omega + 0.140 theta omega^2 + 5.780 omega^3,1.0692218571e-02,-1.7126255487e-03,4.2539747876e-01,-2.2518614415e-04,8.2748234545e-03,3.3367840574e+00,6.2466016731e-07,-1.5669970522e-03,1.3998054919e-01,5.7798776236e+00
43304,2025-01-21 23:25:00,nan,nan,nan,0.030 1 + 0.007 theta + 1.418 omega + 0.075 theta omega + 1.468 omega^2 + 0.003 theta^2 omega + 0.125 theta omega^2 + 0.867 omega^3,0.059 1 + 0.014 theta + 0.779 omega + 0.001 theta^2 + 0.141 theta omega + 2.579 omega^2 + 0.006 theta^2 omega + 0.221 theta omega^2 + 1.532 omega^3,5.8816163719e-02,1.3985418035e-02,7.7931332104e-01,7.7885800956e-04,1.4114456876e-01,2.5791451169e+00,0.0000000000e+00,6.3244390958e-03,2.2054070420e-01,1.5316486268e+00
43305,2025-01-21 23:30:00,nan,nan,nan,0.091 1 + 0.003 theta + 2.269 omega + 0.034 theta omega + 5.459 omega^2 + 0.093 theta omega^2 + 6.655 omega^3,0.116 1 + 0.002 theta + 1.737 omega + 0.033 theta omega + 7.875 omega^2 + 0.123 theta omega^2 + 9.614 omega^3,1.1567334376e-01,2.2523118192e-03,1.7369719646e+00,-1.3994197177e-05,3.2978607821e-02,7.8748820247e+00,0.0000000000e+00,-1.2441419898e-04,1.2345091830e-01,9.6135400925e+00
43306,2025-01-21 23:35:00,nan,nan,nan,0.049 1 + 0.007 theta + 1.349 omega + 0.045 theta omega + 0.303 omega^2 + 0.001 theta^2 omega + 0.015 theta omega^2 + 0.297 omega^3,0.040 1 + 0.005 theta + 0.116 omega + 0.027 theta omega + -1.153 omega^2 + 0.001 theta^2 omega + -0.052 theta omega^2 + -1.736 omega^3,3.9623232632e-02,5.4521638917e-03,1.1583916235e-01,1.6075671943e-04,2.7410918867e-02,-1.1527951302e+00,0.0000000000e+00,9.8988929244e-04,-5.2095163941e-02,-1.7359255211e+00
43307,2025-01-21 23:40:00,0.106973,8.822449,6.238872,-0.004 1 + 0.994 omega + -0.003 theta omega + 0.284 omega^2 + -0.028 theta omega^2 + -0.586 omega^3,-0.008 1 + 0.001 theta + -0.012 omega + -0.007 theta omega + 0.583 omega^2 + -0.053 theta omega^2 + -1.169 omega^3,-7.6082295308e-03,9.7719392605e-04,-1.2108260157e-02,4.1092424734e-04,-7.0755193352e-03,5.8300764170e-01,-1.8094418065e-05,-3.6275121786e-04,-5.3023218483e-02,-1.1694304312e+00
43308,2025-01-21 23:45:00,nan,nan,nan,-0.026 1 + 0.004 theta + 1.224 omega + -0.028 theta omega + -0.651 omega^2 + 0.042 theta omega^2 + 1.041 omega^3,-0.014 1 + 0.003 theta + 0.129 omega + -0.023 theta omega + -0.420 omega^2 + 0.045 theta omega^2 + 0.747 omega^3,-1.4275380752e-02,2.6379981673e-03,1.2912342460e-01,-5.4057867921e-05,-2.3359024293e-02,-4.2041163909e-01,0.0000000000e+00,3.4383626468e-04,4.5122714985e-02,7.4705778733e-01
43309,2025-01-21 23:50:00,0.012109,1.012876,0.716263,0.002 1 + -0.001 theta + 1.023 omega + -0.003 theta omega + -0.424 omega^2 + 0.026 theta omega^2 + -2.953 omega^3,0.005 1 + -0.002 theta + 0.045 omega + -0.005 theta omega + -0.851 omega^2 + -0.001 theta^2 omega + 0.053 theta omega^2 + -5.902 omega^3,4.9512711865e-03,-2.0655052060e-03,4.5178840257e-02,-1.1700519732e-04,-5.0443187893e-03,-8.5117050768e-01,0.0000000000e+00,-7.5887443720e-04,5.2706263913e-02,-5.9023084043e+00
43310,2025-01-21 23:55:00,nan,nan,nan,0.019 1 + 0.004 theta + 1.096 omega + 0.024 theta omega + 0.161 omega^2 + 0.001 theta^2 omega + 0.007 theta omega^2 + 2.274 omega^3,0.048 1 + 0.006 theta + 0.220 omega + 0.035 theta omega + -0.369 omega^2 + 0.001 theta^2 omega + -0.021 theta omega^2 + 1.879 omega^3,4.8253194495e-02,5.5623144414e-03,2.1974786495e-01,1.5300350990e-04,3.4949780740e-02,-3.6890648623e-01,0.0000000000e+00,1.0995466036e-03,-2.1263128579e-02,1.8790444263e+00
43311,2025-01-22 00:00:00,0.012247,0.920547,0.650983,-0.016 1 + 0.001 theta + 1.107 omega + -0.005 theta omega + -0.051 omega^2 + 0.006 theta omega^2 + -0.498 omega^3,-0.033 1 + 0.001 theta + 0.174 omega + -0.006 theta omega + 0.273 omega^2 + 0.001 theta omega^2 + -1.616 omega^3,-3.3416125127e-02,1.1971637107e-03,1.7399024718e-01,-1.2234279355e-05,-6.1582847441e-03,2.7347353684e-01,0.0000000000e+00,5.4516466668e-05,1.4785136025e-03,-1.6161654297e+00
43312,2025-01-22 00:05:00,nan,nan,nan,0.015 1 + 0.003 theta + 1.191 omega + 0.029 theta omega + 0.666 omega^2 + 0.001 theta^2 omega + 0.040 theta omega^2 + 1.198 omega^3,0.031 1 + 0.007 theta + 0.386 omega + 0.058 theta omega + 1.322 omega^2 + 0.002 theta^2 omega + 0.079 theta omega^2 + 2.374 omega^3,3.1323231149e-02,6.9620569199e-03,3.8609897916e-01,4.0671164094e-04,5.8488565416e-02,1.3222957699e+00,6.0436722989e-06,1.9802714379e-03,7.9446010439e-02,2.3743880045e+00
43313,2025-01-22 00:10:00,0.057750,2.052912,1.452202,0.011 1 + -0.001 theta + 0.808 omega + 0.010 theta omega + 0.971 omega^2 + -0.039 theta omega^2 + -0.908 omega^3,0.020 1 + -0.002 theta + -0.341 omega + 0.016 theta omega + 1.742 omega^2 + -0.071 theta omega^2 + -1.466 omega^3,1.9530068279e-02,-1.5503670564e-03,-3.4122289965e-01,6.1048076251e-05,1.6113407572e-02,1.7415156286e+00,-1.4460931947e-06,-2.8463507468e-05,-7.0521277510e-02,-1.4663796576e+00
43314,2025-01-22 00:15:00,0.052019,1.407327,0.995810,0.971 omega + -0.013 theta omega + -0.187 omega^2 + -0.001 theta^2 omega + -0.020 theta omega^2 + 0.309 omega^3,-0.001 1 + -0.054 omega + -0.024 theta omega + -0.353 omega^2 + -0.002 theta^2 omega + -0.031 theta omega^2 + 0.405 omega^3,-7.5614643666e-04,3.3874766093e-04,-5.3694706619e-02,2.8540949078e-04,-2.3618190669e-02,-3.5252979090e-01,8.2490091375e-06,-1.5673455906e-03,-3.1443031884e-02,4.0479982317e-01
43315,2025-01-22 00:20:00,nan,nan,nan,-0.002 1 + 1.001 omega + 0.014 theta omega + -1.255 omega^2 + 0.001 theta^2 omega + -0.148 theta omega^2 + 11.958 omega^3,-0.004 1 + 0.001 theta + 0.002 omega + 0.027 theta omega + -2.479 omega^2 + 0.001 theta^2 omega + -0.291 theta omega^2 + 23.766 omega^3,-3.9472064955e-03,9.1379340397e-04,2.0981395941e-03,-1.2527283569e-04,2.7246149613e-02,-2.4789880773e+00,0.0000000000e+00,1.0171890521e-03,-2.9102273856e-01,2.3765721474e+01
43316,2025-01-22 00:25:00,0.024793,1.414976,1.000693,-0.033 1 + 0.001 theta + 1.582 omega + -0.021 theta omega + -3.160 omega^2 + 0.068 theta omega^2 + 5.273 omega^3,-0.069 1 + 0.003 theta + 1.230 omega + -0.045 theta omega + -6.690 omega^2 + 0.144 theta omega^2 + 11.233 omega^3,-6.9136355478e-02,3.1575556007e-03,1.2298437513e+00,-2.4087891293e-05,-4.5405895383e-02,-6.6902455025e+00,0.0000000000e+00,2.4488645670e-04,1.4386305464e-01,1.1232684840e+01
43317,2025-01-22 00:30:00,0.026786,1.023779,0.724168,0.032 1 + -0.001 theta + 0.028 omega + 0.045 theta omega + 8.327 omega^2 + -0.249 theta omega^2 + -21.369 omega^3,0.065 1 + -0.002 theta + -1.955 omega + 0.092 theta omega + 16.734 omega^2 + -0.501 theta omega^2 + -42.946 omega^3,6.4785548888e-02,-1.5726439924e-03,-1.9546934263e+00,-1.9942693303e-04,9.1543697831e-02,1.6734157809e+01,6.3610983634e-06,-4.9065152527e-04,-5.0115877919e-01,-4.2946128344e+01
43318,2025-01-22 00:35:00,nan,nan,nan,-0.007 1 + 0.001 theta + 1.223 omega + -0.012 theta omega + -2.059 omega^2 + 0.043 theta omega^2 + 5.638 omega^3,-0.014 1 + 0.002 theta + 0.449 omega + -0.023 theta omega + -4.097 omega^2 + 0.084 theta omega^2 + 11.268 omega^3,-1.3604938183e-02,2.2520683942e-03,4.4875762826e-01,-1.9802334489e-04,-2.3149300775e-02,-4.0971371558e+00,5.8660610768e-06,4.2386016704e-04,8.3557596696e-02,1.1267936688e+01
43319,2025-01-22 00:40:00,nan,nan,nan,-0.003 1 + 0.001 theta + 1.032 omega + -0.023 theta omega + 0.108 omega^2 + 0.003 theta^2 omega + 0.004 theta omega^2 + -1.370 omega^3,-0.006 1 + 0.002 theta + 0.065 omega + -0.046 theta omega + 0.196 omega^2 + 0.005 theta^2 omega + 0.010 theta omega^2 + -2.705 omega^3,-5.5010775583e-03,2.0430196472e-03,6.4938827240e-02,2.4710988996e-05,-4.5579523314e-02,1.9589015258e-01,-2.5957546644e-05,4.9173323297e-03,9.8255534469e-03,-2.7050479210e+00
43320,2025-01-22 00:45:00,0.039760,2.019543,1.428310,0.026 1 + -0.003 theta + 0.556 omega + 0.039 theta omega + 1.455 omega^2 + -0.152 theta omega^2 + 4.315 omega^3,0.050 1 + -0.005 theta + -0.875 omega + 0.071 theta omega + 3.281 omega^2 + -0.001 theta^2 omega + -0.283 theta omega^2 + 6.033 omega^3,4.9520228718e-02,-4.8463539778e-03,-8.7474482640e-01,9.8264402246e-05,7.1202436934e-02,3.2810644670e+00,0.0000000000e+00,-6.2812744671e-04,-2.8329441309e-01,6.0332583775e+00
43321,2025-01-22 00:50:00,3.380196,20.428806,14.641752,-0.084 1 + 0.003 theta + 2.339 omega + -0.062 theta omega + -5.105 omega^2 + 0.277 theta omega^2 + -1.808 omega^3,-0.165 1 + 0.006 theta + 2.645 omega + -0.122 theta omega + -10.099 omega^2 + -0.001 theta^2 omega + 0.546 theta omega^2 + -3.441 omega^3,-1.6491332903e-01,6.1833274011e-03,2.6446096902e+00,1.5381027750e-04,-1.2206486258e-01,-1.0098923457e+01,-1.5293881242e-06,-7.5223473604e-04,5.4618420492e-01,-3.4411829227e+00
43322,2025-01-22 00:55:00,0.017508,0.387851,0.274532,-0.043 1 + 0.004 theta + 1.450 omega + -0.033 theta omega + -0.468 omega^2 + 0.001 theta^2 omega + 0.029 theta omega^2 + -3.589 omega^3,-0.080 1 + 0.007 theta + 0.817 omega + -0.060 theta omega + -0.618 omega^2 + 0.001 theta^2 omega + 0.045 theta omega^2 + -7.441 omega^3,-8.0358025642e-02,6.7717262943e-03,8.1666256219e-01,1.4424266444e-05,-5.9660334453e-02,-6.1839491595e-01,-7.0998501060e-06,1.0361842066e-03,4.4704220403e-02,-7.4413900482e+00
43323,2025-01-22 01:00:00,0.019828,1.054004,0.745425,0.001 1 + -0.001 theta + 1.004 omega + 0.004 theta omega + -0.086 omega^2 + 0.020 theta omega^2 + -0.804 omega^3,0.001 1 + -0.001 theta + 0.011 omega + 0.009 theta omega + -0.171 omega^2 + -0.001 theta^2 omega + 0.041 theta omega^2 + -1.713 omega^3,1.0650483727e-03,-1.3794981587e-03,1.0625192266e-02,2.2928359434e-04,8.5290093474e-03,-1.7123081758e-01,-8.1094330379e-06,-1.0089956802e-03,4.1193728228e-02,-1.7128665257e+00
43324,2025-01-22 01:05:00,0.070661,9.996446,7.068732,-0.001 1 + 0.001 theta + 0.934 omega + -0.002 theta omega + 1.176 omega^2 + 0.001 theta^2 omega + -0.091 theta omega^2 + -0.800 omega^3,-0.002 1 + 0.001 theta + -0.128 omega + -0.004 theta omega + 2.382 omega^2 + 0.001 theta^2 omega + -0.195 theta omega^2 + -1.635 omega^3,-2.0105098719e-03,1.1878337718e-03,-1.2792336063e-01,-8.6348820373e-05,-3.9430040458e-03,2.3820846206e+00,1.1289071669e-08,1.2740519786e-03,-1.9519597967e-01,-1.6350459913e+00
43325,2025-01-22 01:10:00,0.036477,0.901005,0.637628,0.022 1 + -0.007 theta + 0.758 omega + 0.001 theta^2 + 0.046 theta omega + 0.553 omega^2 + -0.002 theta^2 omega + -0.051 theta omega^2 + 0.720 omega^3,0.043 1 + -0.014 theta + -0.474 omega + 0.001 theta^2 + 0.089 theta omega + 1.080 omega^2 + -0.004 theta^2 omega + -0.100 theta omega^2 + 1.517 omega^3,4.2890604957e-02,-1.3616974487e-02,-4.7376866503e-01,1.4930144471e-03,8.8822384108e-02,1.0802044773e+00,-5.6987507323e-05,-4.1901501540e-03,-1.0004457385e-01,1.5168803885e+00
43326,2025-01-22 01:15:00,nan,nan,nan,0.002 1 + 1.002 omega + -0.017 theta omega + -0.406 omega^2 + 0.003 theta^2 omega + 0.067 theta omega^2 + 1.853 omega^3,0.004 1 + 0.006 omega + -0.035 theta omega + -0.786 omega^2 + 0.005 theta^2 omega + 0.129 theta omega^2 + 3.864 omega^3,3.9003653267e-03,-3.3827363619e-04,6.0715633023e-03,2.3652175399e-04,-3.4707120044e-02,-7.8642476401e-01,-4.7019133611e-05,5.2352864385e-03,1.2896959030e-01,3.8639469007e+00
43327,2025-01-22 01:20:00,0.150209,6.807998,4.815153,-0.002 theta + 1.002 omega + -0.001 theta^2 + -0.005 theta omega + -0.275 omega^2 + -0.071 theta omega^2 + -2.470 omega^3,-0.001 1 + -0.004 theta + 0.003 omega + -0.001 theta^2 + -0.011 theta omega + -0.540 omega^2 + -0.139 theta omega^2 + -4.699 omega^3,-8.1613813077e-04,-4.0007182974e-03,2.6606978647e-03,-1.3249231232e-03,-1.0804975487e-02,-5.3980934643e-01,-7.9692301472e-05,2.5577067767e-04,-1.3947430386e-01,-4.6990334926e+00
43328,2025-01-22 01:25:00,nan,nan,nan,0.002 1 + -0.001 theta + 0.999 omega + 0.001 theta omega + -0.118 omega^2 + -0.023 theta omega^2 + 0.563 omega^3,0.003 1 + -0.002 theta + -0.001 theta^2 + 0.002 theta omega + -0.241 omega^2 + -0.045 theta omega^2 + 0.976 omega^3,3.3047813263e-03,-2.4396087428e-03,2.5343220504e-04,-6.2012767608e-04,1.6047561314e-03,-2.4149766075e-01,-2.9446868530e-05,-2.4919471326e-05,-4.5450194818e-02,9.7582307169e-01
43329,2025-01-22 01:30:00,nan,nan,nan,-0.003 1 + 1.083 omega + -0.019 theta omega + -0.152 omega^2 + 0.001 theta^2 omega + 0.017 theta omega^2 + -0.231 omega^3,-0.007 1 + 0.001 theta + 0.170 omega + -0.038 theta omega + -0.270 omega^2 + 0.002 theta^2 omega + 0.031 theta omega^2 + -0.726 omega^3,-6.7689229475e-03,8.7228052233e-04,1.7007725092e-01,9.3588694410e-05,-3.7952814075e-02,-2.7020136916e-01,-8.6992650116e-06,1.8271835342e-03,3.1024520978e-02,-7.2594112699e-01
43330,2025-01-22 01:35:00,0.168182,16.131828,11.407545,0.002 1 + 0.965 omega + 0.008 theta omega + 0.263 omega^2 + 0.001 theta omega^2 + -1.168 omega^3,0.003 1 + -0.001 theta + -0.068 omega + 0.016 theta omega + 0.524 omega^2 + -0.001 theta^2 omega + 0.003 theta omega^2 + -2.385 omega^3,3.1431191812e-03,-5.3621745732e-04,-6.8241254979e-02,-1.0381868090e-04,1.5992847943e-02,5.2412277418e-01,8.1494374087e-06,-9.1594319437e-04,3.2663955147e-03,-2.3853651439e+00
43331,2025-01-22 01:40:00,0.628039,3.218741,2.318915,-0.104 1 + 0.005 theta + 2.223 omega + -0.054 theta omega + -3.301 omega^2 + 0.146 theta omega^2 + -1.842 omega^3,-0.203 1 + 0.009 theta + 2.490 omega + -0.107 theta omega + -7.321 omega^2 + 0.303 theta omega^2 + -1.851 omega^3,-2.0278989623e-01,9.2362071836e-03,2.4897499349e+00,-5.4441044602e-05,-1.0667406378e-01,-7.3208058329e+00,0.0000000000e+00,3.5618964341e-04,3.0320909343e-01,-1.8512373430e+00
43332,2025-01-22 01:45:00,0.058387,8.674343,6.133826,-0.001 theta + 1.025 omega + 0.024 theta omega + 0.156 omega^2 + -0.004 theta^2 omega + 0.235 theta omega^2 + -13.673 omega^3,-0.003 theta + 0.054 omega + 0.048 theta omega + 0.295 omega^2 + -0.009 theta^2 omega + 0.472 theta omega^2 + -27.386 omega^3,2.3543351629e-04,-3.0002009208e-03,5.4111722411e-02,1.1613556608e-04,4.8434430021e-02,2.9477833200e-01,3.0337434835e-05,-9.0050562809e-03,4.7244108053e-01,-2.7385635425e+01
43333,2025-01-22 01:50:00,nan,nan,nan,-0.002 1 + 1.003 omega + 0.001 theta^2 + 0.003 theta omega + 0.431 omega^2 + -0.001 theta^2 omega + 0.220 theta omega^2 + 1.047 omega^3,-0.004 1 + 0.008 omega + 0.002 theta^2 + 0.005 theta omega + 0.837 omega^2 + -0.001 theta^2 omega + 0.437 theta omega^2 + 1.851 omega^3,-4.1873136721e-03,-7.1144498321e-05,8.0033878348e-03,2.0223354554e-03,5.1528820404e-03,8.3706096523e-01,3.3257392787e-04,-1.3708908050e-03,4.3702410383e-01,1.8514678649e+00
43334,2025-01-22 01:55:00,nan,nan,nan,0.002 1 + -0.001 theta + 0.997 omega + -0.001 theta omega + -0.254 omega^2 + 0.068 theta omega^2 + 0.283 omega^3,0.004 1 + -0.001 theta + -0.004 omega + -0.001 theta omega + -0.505 omega^2 + 0.001 theta^2 omega + 0.131 theta omega^2 + 0.349 omega^3,4.2961702217e-03,-1.1329781663e-03,-4.0903501651e-03,-1.5735100937e-04,-1.2313241365e-03,-5.0474840632e-01,2.5851259171e-05,6.8239653183e-04,1.3144961768e-01,3.4880235347e-01
43335,2025-01-22 02:00:00,nan,nan,nan,0.043 1 + 0.003 theta + 1.398 omega + 0.034 theta omega + 1.046 omega^2 + 0.001 theta^2 omega + 0.039 theta omega^2 + 1.814 omega^3,0.085 1 + 0.006 theta + 0.794 omega + 0.068 theta omega + 2.084 omega^2 + 0.001 theta^2 omega + 0.078 theta omega^2 + 3.649 omega^3,8.5286572125e-02,5.8532748437e-03,7.9358710771e-01,-2.0757931244e-05,6.8292974939e-02,2.0835257941e+00,-4.7103214345e-06,1.4016458553e-03,7.8323415257e-02,3.6489390693e+00
43336,2025-01-22 02:05:00,nan,nan,nan,-0.013 1 + 0.001 theta + 1.215 omega + -0.026 theta omega + -0.640 omega^2 + 0.001 theta^2 omega + 0.032 theta omega^2 + 1.069 omega^3,-0.025 1 + 0.002 theta + 0.429 omega + -0.051 theta omega + -1.289 omega^2 + 0.001 theta^2 omega + 0.065 theta omega^2 + 2.009 omega^3,-2.5154756200e-02,2.2325534415e-03,4.2851823508e-01,5.9340684613e-05,-5.0641348100e-02,-1.2894548800e+00,-5.1307301788e-06,1.3516927429e-03,6.4547858657e-02,2.0087496491e+00
43337,2025-01-22 02:10:00,0.103182,3.159181,2.235069,-0.003 1 + -0.002 theta + 0.949 omega + -0.001 theta^2 + -0.018 theta omega + -0.347 omega^2 + -0.001 theta^2 omega + -0.071 theta omega^2 + -0.802 omega^3,-0.006 1 + -0.005 theta + -0.098 omega + -0.001 theta^2 + -0.036 theta omega + -0.693 omega^2 + -0.003 theta^2 omega + -0.143 theta omega^2 + -1.650 omega^3,-5.9674083482e-03,-4.8480990692e-03,-9.8420894224e-02,-1.2208557474e-03,-3.5892626073e-02,-6.9344036889e-01,-8.1209690567e-05,-2.6602720587e-03,-1.4296410123e-01,-1.6503803443e+00
43338,2025-01-22 02:15:00,1.673988,34.311332,24.290633,-0.003 1 + 0.003 theta + 1.009 omega + -0.001 theta^2 + -0.003 theta omega + 0.172 omega^2 + 0.054 theta omega^2 + -1.468 omega^3,-0.006 1 + 0.006 theta + 0.028 omega + -0.002 theta^2 + -0.010 theta omega + 0.295 omega^2 + 0.110 theta omega^2 + -2.657 omega^3,-6.3264324695e-03,6.0826046096e-03,2.8286895262e-02,-1.5328216492e-03,-1.0026151234e-02,2.9450177759e-01,8.4083001017e-05,2.3364018241e-04,1.1014016285e-01,-2.6569039943e+00
43339,2025-01-22 02:20:00,0.071285,9.049726,6.399321,0.001 1 + -0.001 theta + 0.960 omega + 0.026 theta omega + 0.437 omega^2 + -0.002 theta^2 omega + 0.043 theta omega^2 + -6.126 omega^3,0.002 1 + -0.001 theta + -0.074 omega + 0.049 theta omega + 0.842 omega^2 + -0.004 theta^2 omega + 0.088 theta omega^2 + -11.950 omega^3,1.6812426779e-03,-1.0981543871e-03,-7.4453860973e-02,-1.3078385048e-04,4.9098282968e-02,8.4179714029e-01,1.5874223139e-05,-3.8910715509e-03,8.7635692880e-02,-1.1950056120e+01
43340,2025-01-22 02:25:00,nan,nan,nan,-0.001 1 + -0.001 theta + 1.008 omega + 0.003 theta omega + 0.110 omega^2 + -0.001 theta^2 omega + 0.052 theta omega^2 + -0.460 omega^3,-0.002 1 + -0.002 theta + 0.018 omega + 0.006 theta omega + 0.226 omega^2 + -0.003 theta^2 omega + 0.099 theta omega^2 + -0.982 omega^3,-1.9932316658e-03,-1.8084116781e-03,1.7533661322e-02,6.1086434330e-05,6.1818854237e-03,2.2581466049e-01,2.9704373487e-05,-2.9062964340e-03,9.8765557941e-02,-9.8172593159e-01
43341,2025-01-22 02:30:00,nan,nan,nan,0.001 theta + 0.958 omega + -0.021 theta omega + 0.981 omega^2 + 0.002 theta^2 omega + -0.119 theta omega^2 + 2.597 omega^3,0.001 1 + 0.001 theta + -0.077 omega + -0.044 theta omega + 1.984 omega^2 + 0.004 theta^2 omega + -0.242 theta omega^2 + 5.264 omega^3,8.2072178231e-04,1.2253608210e-03,-7.6929035337e-02,1.4185148877e-04,-4.3810839953e-02,1.9841063229e+00,-2.1673195827e-05,4.4078568966e-03,-2.4226209851e-01,5.2638405784e+00
43342,2025-01-22 02:35:00,0.095313,9.061643,6.407903,-0.002 theta + 1.005 omega + 0.004 theta omega + 0.406 omega^2 + -0.003 theta omega^2 + -1.919 omega^3,-0.003 theta + 0.010 omega + 0.008 theta omega + 0.802 omega^2 + -0.001 theta^2 omega + -0.005 theta omega^2 + -3.763 omega^3,-8.0735498733e-05,-3.1886741417e-03,1.0051548884e-02,4.2280508340e-04,8.1480564388e-03,8.0153177586e-01,-1.1956481759e-05,-9.4020686295e-04,-5.4491981824e-03,-3.7633123896e+00
43343,2025-01-22 02:40:00,nan,nan,nan,-0.012 1 + 0.002 theta + 1.090 omega + -0.022 theta omega + -0.015 omega^2 + 0.021 theta omega^2 + 0.553 omega^3,-0.023 1 + 0.005 theta + 0.177 omega + -0.042 theta omega + -0.015 omega^2 + 0.001 theta^2 omega + 0.039 theta omega^2 + 1.102 omega^3,-2.3415584328e-02,4.7805282007e-03,1.7684769442e-01,-1.0417248348e-04,-4.2434005870e-02,-1.5046796983e-02,0.0000000000e+00,8.0525481647e-04,3.9358992485e-02,1.1016547523e+00
43344,2025-01-22 02:45:00,0.009653,0.606692,0.429050,0.009 1 + 0.749 omega + -0.004 theta omega + 2.612 omega^2 + 0.041 theta omega^2 + -8.663 omega^3,0.016 1 + -0.001 theta + -0.487 omega + -0.010 theta omega + 5.169 omega^2 + 0.077 theta omega^2 + -16.825 omega^3,1.5676733212e-02,-5.1957833418e-04,-4.8665064661e-01,5.8337478097e-05,-1.0057254838e-02,5.1692643095e+00,0.0000000000e+00,-3.3376589813e-04,7.6760385184e-02,-1.6824863494e+01
43345,2025-01-22 02:50:00,0.017007,1.321438,0.934475,0.004 1 + 0.868 omega + -0.006 theta omega + 1.198 omega^2 + 0.013 theta omega^2 + -3.066 omega^3,0.006 1 + 0.001 theta + -0.225 omega + -0.013 theta omega + 2.182 omega^2 + 0.040 theta omega^2 + -6.015 omega^3,5.7668578580e-03,9.9633856300e-04,-2.2498174343e-01,7.4566029871e-06,-1.3177862762e-02,2.1824554892e+00,0.0000000000e+00,-3.1098479284e-05,4.0071194909e-02,-6.0145450112e+00
43346,2025-01-22 02:55:00,0.012548,1.065301,0.753334,0.030 1 + 0.001 theta + 0.447 omega + -0.004 theta omega + 2.914 omega^2 + -0.003 theta omega^2 + -4.608 omega^3,0.166 1 + -0.002 theta + -2.384 omega + 0.021 theta omega + 10.986 omega^2 + -0.061 theta omega^2 + -16.149 omega^3,1.6625146715e-01,-1.8121730076e-03,-2.3838578710e+00,-3.4451671300e-06,2.1469089997e-02,1.0986102461e+01,0.0000000000e+00,9.1686266946e-06,-6.0757200570e-02,-1.6149181580e+01
43347,2025-01-22 03:00:00,0.006364,0.360751,0.255129,0.002 1 + -0.001 theta + 1.010 omega + 0.001 theta omega + -0.215 omega^2 + 0.004 theta omega^2 + 0.800 omega^3,0.004 1 + -0.001 theta + 0.030 omega + 0.005 theta omega + -0.419 omega^2 + 0.005 theta omega^2 + 0.685 omega^3,3.7891499384e-03,-9.2612155626e-04,3.0243604962e-02,2.3118621156e-05,4.6478437215e-03,-4.1901901010e-01,0.0000000000e+00,-1.3909068832e-04,4.7903338971e-03,6.8504174216e-01
43348,2025-01-22 03:05:00,0.141527,23.580337,16.674117,0.002 1 + -0.001 theta + 0.956 omega + 0.030 theta omega + 0.087 omega^2 + -0.134 theta omega^2 + 0.566 omega^3,0.004 1 + -0.003 theta + -0.085 omega + 0.060 theta omega + 0.164 omega^2 + -0.001 theta^2 omega + -0.258 theta omega^2 + 0.990 omega^3,4.1688921279e-03,-2.8784360833e-03,-8.5119927799e-02,2.5808273446e-04,5.9520746320e-02,1.6417865130e-01,1.1038203634e-06,-1.0904786420e-03,-2.5801607091e-01,9.8961309160e-01
43349,2025-01-22 03:10:00,0.078363,3.799168,2.686989,0.008 1 + -0.002 theta + 0.973 omega + 0.005 theta omega + -0.192 omega^2 + 0.018 theta omega^2 + 0.348 omega^3,0.014 1 + -0.004 theta + -0.042 omega + 0.008 theta omega + -0.417 omega^2 + 0.037 theta omega^2 + 0.846 omega^3,1.4245831207e-02,-4.2145682824e-03,-4.2407488257e-02,4.0994774532e-04,7.6357899794e-03,-4.1675421173e-01,-1.3219692475e-05,-3.5430633460e-04,3.6833870214e-02,8.4629904549e-01
43350,2025-01-22 03:15:00,0.021550,0.608248,0.430366,0.049 1 + 0.011 theta + 1.445 omega + 0.001 theta^2 + 0.067 theta omega + 1.145 omega^2 + 0.002 theta^2 omega + 0.077 theta omega^2 + 0.739 omega^3,0.099 1 + 0.022 theta + 0.884 omega + 0.002 theta^2 + 0.134 theta omega + 2.246 omega^2 + 0.005 theta^2 omega + 0.151 theta omega^2 + 1.392 omega^3,9.8697378749e-02,2.2131790096e-02,8.8400175302e-01,1.5244173500e-03,1.3399285328e-01,2.2461041842e+00,3.2474873388e-05,4.9236439056e-03,1.5051807057e-01,1.3922999890e+00
43351,2025-01-22 03:20:00,1.403216,32.380019,22.917620,-0.007 1 + 0.002 theta + 1.114 omega + -0.042 theta omega + 0.014 omega^2 + 0.189 theta omega^2 + -3.950 omega^3,-0.014 1 + 0.005 theta + 0.246 omega + -0.090 theta omega + -0.076 omega^2 + 0.396 theta omega^2 + -7.443 omega^3,-1.3995911422e-02,4.8809391124e-03,2.4623154695e-01,2.4580787951e-05,-8.9696793806e-02,-7.6421936017e-02,0.0000000000e+00,-1.6556791675e-04,3.9621608893e-01,-7.4427773406e+00
43352,2025-01-22 03:25:00,nan,nan,nan,-0.041 1 + 0.005 theta + 1.393 omega + -0.041 theta omega + -0.896 omega^2 + 0.084 theta omega^2 + 0.326 omega^3,-0.090 1 + 0.009 theta + 0.986 omega + -0.107 theta omega + -2.389 omega^2 + 0.299 theta omega^2 + -1.467 omega^3,-8.9727563730e-02,9.4451311454e-03,9.8586625502e-01,0.0000000000e+00,-1.0733821250e-01,-2.3889756083e+00,0.0000000000e+00,1.6589517616e-05,2.9938439915e-01,-1.4666116367e+00
43353,2025-01-22 03:30:00,0.026810,3.219135,2.276351,0.013 1 + 0.004 theta + 0.280 omega + -0.050 theta omega + 8.150 omega^2 + 0.142 theta omega^2 + -25.447 omega^3,0.035 1 + 0.005 theta + -1.352 omega + -0.072 theta omega + 14.476 omega^2 + 0.263 theta omega^2 + -46.630 omega^3,3.4914002054e-02,4.8959225202e-03,-1.3522053943e+00,-1.3255179914e-06,-7.2018094687e-02,1.4475659204e+01,0.0000000000e+00,0.0000000000e+00,2.6299380584e-01,-4.6629709762e+01
43354,2025-01-22 03:35:00,0.101456,6.791415,4.802792,0.003 1 + 0.914 omega + 0.003 theta omega + 0.550 omega^2 + -0.023 theta omega^2 + -0.558 omega^3,0.008 1 + -0.191 omega + 0.007 theta omega + 1.161 omega^2 + -0.044 theta omega^2 + -1.373 omega^3,8.1854849395e-03,-4.2851913337e-04,-1.9074599430e-01,-2.3489173768e-06,7.1707874234e-03,1.1608323353e+00,0.0000000000e+00,1.1489541923e-04,-4.4359787838e-02,-1.3727754417e+00
43355,2025-01-22 03:40:00,0.052961,3.246551,2.295964,-0.006 1 + 0.002 theta + 1.006 omega + -0.006 theta omega + 0.305 omega^2 + -0.905 omega^3,0.003 1 + -0.143 omega + 0.004 theta omega + 1.335 omega^2 + -0.016 theta omega^2 + -3.865 omega^3,2.5670813349e-03,1.9241843181e-04,-1.4250248145e-01,-1.0716492251e-05,3.5057998260e-03,1.3353631167e+00,0.0000000000e+00,-3.2163954862e-05,-1.6008583655e-02,-3.8654960044e+00
43356,2025-01-22 03:45:00,0.021025,0.842810,0.596142,0.001 1 + -0.001 theta + 1.014 omega + -0.007 theta omega + 0.292 omega^2 + 0.001 theta^2 omega + -0.011 theta omega^2 + -1.643 omega^3,0.002 1 + -0.002 theta + 0.031 omega + -0.015 theta omega + 0.549 omega^2 + 0.001 theta^2 omega + -0.028 theta omega^2 + -2.947 omega^3,1.9286094833e-03,-1.9340471983e-03,3.0965014461e-02,3.1608271136e-04,-1.4811790363e-02,5.4923805044e-01,-1.4257113330e-05,1.2072334984e-03,-2.7502647121e-02,-2.9468489174e+00
43357,2025-01-22 03:50:00,0.033932,1.057915,0.748443,-0.009 1 + 0.003 theta + 1.139 omega + -0.027 theta omega + -1.141 omega^2 + 0.001 theta^2 omega + 0.034 theta omega^2 + 5.164 omega^3,-0.020 1 + 0.006 theta + 0.291 omega + -0.056 theta omega + -2.384 omega^2 + 0.002 theta^2 omega + 0.072 theta omega^2 + 10.681 omega^3,-1.9730684260e-02,6.2264840505e-03,2.9128214043e-01,-3.3243712291e-04,-5.5736727124e-02,-2.3837052968e+00,2.5369980876e-06,2.1059879468e-03,7.1623737811e-02,1.0681233723e+01
43358,2025-01-22 03:55:00,0.008691,0.259574,0.183650,1.016 omega + -0.002 theta omega + 0.048 omega^2 + 0.013 theta omega^2 + -0.485 omega^3,-0.001 theta + 0.024 omega + -0.003 theta omega + 0.041 omega^2 + 0.018 theta omega^2 + -0.742 omega^3,-6.1265772195e-05,-5.6033929723e-04,2.4337280728e-02,-4.4084952349e-06,-2.9765643995e-03,4.0784430677e-02,0.0000000000e+00,-2.4944344874e-04,1.7906669619e-02,-7.4202876115e-01
43359,2025-01-22 04:00:00,0.081478,2.492103,1.763125,-0.001 theta + 1.014 omega + -0.010 theta omega + 0.148 omega^2 + 0.001 theta^2 omega + 0.043 theta omega^2 + -2.599 omega^3,-0.002 theta + 0.027 omega + -0.020 theta omega + 0.291 omega^2 + 0.002 theta^2 omega + 0.074 theta omega^2 + -4.789 omega^3,-4.0637695070e-04,-1.7829331897e-03,2.7258335250e-02,6.2848099448e-05,-2.0256546381e-02,2.9105914624e-01,1.3106745670e-05,1.8622903140e-03,7.3606231909e-02,-4.7890940868e+00
43360,2025-01-22 04:05:00,0.070153,5.148773,3.641070,-0.070 1 + -0.008 theta + 0.394 omega + -0.064 theta omega + -0.616 omega^2 + -0.002 theta^2 omega + -0.035 theta omega^2 + -0.262 omega^3,-0.141 1 + -0.016 theta + -1.213 omega + -0.127 theta omega + -1.244 omega^2 + -0.003 theta^2 omega + -0.071 theta omega^2 + -0.526 omega^3,-1.4086181111e-01,-1.6123026330e-02,-1.2133379469e+00,-4.8920321022e-04,-1.2742691406e-01,-1.2441777833e+00,-2.3817246220e-06,-3.1999554191e-03,-7.1252216693e-02,-5.2559605542e-01
43361,2025-01-22 04:10:00,0.089989,4.402738,3.113856,0.002 1 + -0.001 theta + 1.045 omega + 0.007 theta omega + -0.204 omega^2 + -0.010 theta omega^2 + -1.015 omega^3,0.004 1 + -0.001 theta + 0.084 omega + 0.013 theta omega + -0.469 omega^2 + -0.021 theta omega^2 + -2.101 omega^3,4.2457762329e-03,-1.3325782138e-03,8.4071338382e-02,-2.6280343283e-04,1.3148430524e-02,-4.6931406225e-01,-7.3395389491e-06,3.6643355565e-04,-2.1476684326e-02,-2.1012699744e+00
43362,2025-01-22 04:15:00,0.160540,25.508406,18.037524,-0.016 1 + 0.002 theta + 1.014 omega + -0.009 theta omega + 1.925 omega^2 + 0.001 theta^2 omega + -0.101 theta omega^2 + -6.271 omega^3,-0.033 1 + 0.004 theta + 0.049 omega + -0.022 theta omega + 3.751 omega^2 + 0.001 theta^2 omega + -0.191 theta omega^2 + -12.612 omega^3,-3.3005856558e-02,3.7914805348e-03,4.9215052765e-02,2.3240002006e-05,-2.1593528265e-02,3.7511493678e+00,-8.6048496067e-06,1.1558754855e-03,-1.9052540562e-01,-1.2611632354e+01
43363,2025-01-22 04:20:00,0.081677,2.201499,1.557766,0.001 1 + -0.002 theta + 1.006 omega + -0.001 theta^2 + 0.006 theta omega + -0.640 omega^2 + 0.001 theta^2 omega + -0.105 theta omega^2 + -2.252 omega^3,0.002 1 + -0.003 theta + 0.014 omega + -0.002 theta^2 + 0.011 theta omega + -1.309 omega^2 + 0.002 theta^2 omega + -0.216 theta omega^2 + -4.749 omega^3,2.2475834674e-03,-3.3749388422e-03,1.3519006503e-02,-1.5571232464e-03,1.1293970480e-02,-1.3088952839e+00,-1.3451267397e-04,1.5660977140e-03,-2.1585697160e-01,-4.7492292648e+00
43364,2025-01-22 04:25:00,0.031628,0.661738,0.468454,0.005 1 + 0.003 theta + 1.023 omega + 0.019 theta omega + 0.050 omega^2 + 0.001 theta^2 omega + 0.011 theta omega^2 + 1.967 omega^3,0.011 1 + 0.005 theta + 0.052 omega + 0.039 theta omega + 0.136 omega^2 + 0.002 theta^2 omega + 0.024 theta omega^2 + 4.034 omega^3,1.0987811959e-02,5.3760618615e-03,5.2067871926e-02,4.7325030174e-04,3.9400533923e-02,1.3565323579e-01,1.0119808774e-05,2.3025498334e-03,2.4402582212e-02,4.0335522440e+00
43365,2025-01-22 04:30:00,0.072382,3.550756,2.511285,-0.001 1 + -0.001 theta + 1.001 omega + -0.003 theta omega + 0.124 omega^2 + -0.043 theta omega^2 + 0.894 omega^3,-0.001 1 + -0.003 theta + 0.003 omega + 0.001 theta^2 + -0.008 theta omega + 0.254 omega^2 + 0.001 theta^2 omega + -0.087 theta omega^2 + 1.893 omega^3,-1.0706932766e-03,-2.8610811400e-03,2.6014895257e-03,8.5898707744e-04,-8.3778193296e-03,2.5425397480e-01,-6.0402993691e-05,8.5041481423e-04,-8.6964711387e-02,1.8933348323e+00
43366,2025-01-22 04:35:00,0.078697,2.145409,1.518053,-0.001 1 + -0.002 theta + 1.000 omega + -0.005 theta omega + -0.083 omega^2 + -0.001 theta^2 omega + 0.047 theta omega^2 + -0.605 omega^3,-0.002 1 + -0.003 theta + 0.003 omega + -0.009 theta omega + -0.168 omega^2 + -0.001 theta^2 omega + 0.090 theta omega^2 + -1.381 omega^3,-1.6183222644e-03,-3.3093797880e-03,3.2050655487e-03,-2.4052178936e-04,-9.3948849485e-03,-1.6775355942e-01,1.0691969241e-05,-1.4079213578e-03,8.9695571458e-02,-1.3806431573e+00
43367,2025-01-22 04:40:00,nan,nan,nan,-0.003 theta + 1.009 omega + -0.001 theta^2 + -0.001 theta omega + -0.393 omega^2 + -0.171 theta omega^2 + 1.789 omega^3,-0.001 1 + -0.005 theta + 0.019 omega + -0.002 theta^2 + -0.003 theta omega + -0.812 omega^2 + -0.001 theta^2 omega + -0.344 theta omega^2 + 3.419 omega^3,-6.9534678339e-04,-5.0585576195e-03,1.8852779985e-02,-2.3496588277e-03,-2.9837671907e-03,-8.1159436616e-01,-2.3501575588e-04,-1.0163493843e-03,-3.4377753610e-01,3.4185937787e+00
43368,2025-01-22 04:45:00,nan,nan,nan,-0.001 theta + 1.011 omega + 0.005 theta omega + -0.010 omega^2 + -0.001 theta^2 omega + 0.111 theta omega^2 + -0.737 omega^3,-0.002 theta + 0.025 omega + 0.010 theta omega + -0.030 omega^2 + -0.002 theta^2 omega + 0.231 theta omega^2 + -1.776 omega^3,4.5881032312e-05,-1.7516439873e-03,2.4997804621e-02,1.1634920481e-04,9.6496123707e-03,-2.9800614725e-02,6.6286327697e-05,-2.3548954730e-03,2.3115442111e-01,-1.7757359122e+00
43369,2025-01-22 04:50:00,nan,nan,nan,1.030 omega + -0.015 theta omega + -0.191 omega^2 + 0.001 theta^2 omega + -0.007 theta omega^2 + 1.947 omega^3,0.048 omega + -0.029 theta omega + -0.218 omega^2 + 0.002 theta^2 omega + -0.028 theta omega^2 + 3.531 omega^3,-1.9696307382e-04,-8.2773040386e-05,4.7957105064e-02,2.3115980706e-04,-2.9353823980e-02,-2.1790827455e-01,-1.9944074881e-05,2.3479535799e-03,-2.7773358961e-02,3.5306353677e+00
43370,2025-01-22 04:55:00,0.036674,1.526021,1.079371,0.001 1 + 1.031 omega + 0.005 theta omega + -0.027 omega^2 + -0.001 theta^2 omega + -0.022 theta omega^2 + -1.717 omega^3,0.003 1 + 0.064 omega + 0.010 theta omega + -0.061 omega^2 + -0.003 theta^2 omega + -0.047 theta omega^2 + -3.532 omega^3,2.5092675754e-03,3.5955886157e-04,6.4052013029e-02,-1.2060843363e-04,1.0342807037e-02,-6.1321757911e-02,-1.3981624076e-06,-2.8163652096e-03,-4.7134092491e-02,-3.5323371516e+00
43371,2025-01-22 05:00:00,0.039526,1.060272,0.750246,-0.001 1 + 0.992 omega + 0.001 theta^2 + -0.002 theta omega + 0.164 omega^2 + 0.001 theta^2 omega + -0.077 theta omega^2 + 2.419 omega^3,-0.002 1 + -0.001 theta + -0.014 omega + 0.002 theta^2 + -0.005 theta omega + 0.332 omega^2 + 0.003 theta^2 omega + -0.140 theta omega^2 + 4.163 omega^3,-1.7558397738e-03,-7.6243956033e-04,-1.3758189883e-02,1.7375474334e-03,-5.4506047184e-03,3.3218733204e-01,-4.5625531650e-04,2.5758723490e-03,-1.3999862440e-01,4.1631188981e+00
43372,2025-01-22 05:05:00,0.018789,0.537467,0.380279,0.010 1 + -0.004 theta + 0.922 omega + 0.031 theta omega + 0.087 omega^2 + -0.003 theta^2 omega + -0.028 theta omega^2 + -0.463 omega^3,0.019 1 + -0.007 theta + -0.149 omega + 0.001 theta^2 + 0.060 theta omega + 0.124 omega^2 + -0.005 theta^2 omega + -0.049 theta omega^2 + -0.784 omega^3,1.8684508732e-02,-6.8491321008e-03,-1.4879277581e-01,9.1136641885e-04,5.9542940972e-02,1.2432185312e-01,-4.6705012815e-05,-5.4693449314e-03,-4.8846639573e-02,-7.8402665112e-01
43373,2025-01-22 05:10:00,nan,nan,nan,-0.004 1 + 0.001 theta + 0.963 omega + -0.006 theta omega + 0.537 omega^2 + 0.003 theta^2 omega + -0.228 theta omega^2 + 3.803 omega^3,-0.008 1 + 0.002 theta + -0.074 omega + 0.001 theta^2 + -0.011 theta omega + 1.038 omega^2 + 0.005 theta^2 omega + -0.449 theta omega^2 + 7.817 omega^3,-8.4378643078e-03,2.0683428950e-03,-7.3891887050e-02,8.8597195585e-04,-1.1046037798e-02,1.0378978974e+00,-2.0946907345e-04,5.1495694127e-03,-4.4901182984e-01,7.8165848143e+00
43374,2025-01-22 05:15:00,nan,nan,nan,-0.003 theta + 0.992 omega + -0.001 theta^2 + -0.002 theta omega + -0.079 omega^2 + -0.124 theta omega^2 + 4.946 omega^3,-0.001 1 + -0.006 theta + -0.012 omega + -0.003 theta^2 + -0.004 theta omega + -0.129 omega^2 + -0.001 theta^2 omega + -0.239 theta omega^2 + 9.760 omega^3,-8.1802515100e-04,-5.8270662934e-03,-1.2245252684e-02,-2.6541346128e-03,-4.0116369694e-03,-1.2934875449e-01,-2.8719268677e-04,-9.0763632797e-04,-2.3874641708e-01,9.7603535260e+00
43375,2025-01-22 05:20:00,nan,nan,nan,-0.002 1 + -0.001 theta + 1.067 omega + -0.016 theta omega + 0.039 omega^2 + 0.001 theta^2 omega + -0.007 theta omega^2 + -0.121 omega^3,-0.003 1 + -0.002 theta + 0.134 omega + -0.032 theta omega + 0.101 omega^2 + 0.002 theta^2 omega + -0.016 theta omega^2 + -0.340 omega^3,-3.4768318500e-03,-1.5204464767e-03,1.3367058265e-01,4.5785974481e-04,-3.1817133818e-02,1.0076698162e-01,-2.7210649710e-05,1.9813953339e-03,-1.5963183812e-02,-3.3996805355e-01
43376,2025-01-22 05:25:00,0.050574,0.991382,0.701924,-0.010 1 + -0.004 theta + 0.907 omega + -0.019 theta omega + -0.005 omega^2 + -0.001 theta^2 omega + -0.008 theta omega^2 + 1.288 omega^3,-0.020 1 + -0.008 theta + -0.177 omega + -0.001 theta^2 + -0.037 theta omega + 0.040 omega^2 + -0.002 theta^2 omega + -0.010 theta omega^2 + 2.544 omega^3,-1.9600626548e-02,-7.6578423900e-03,-1.7711171248e-01,-9.9868042203e-04,-3.6696037718e-02,4.0217434822e-02,-4.1410534002e-05,-1.9765577629e-03,-1.0362417423e-02,2.5436972308e+00
43377,2025-01-22 05:30:00,nan,nan,nan,-0.002 1 + 1.017 omega + 0.001 theta^2 + 0.013 theta omega + 0.387 omega^2 + 0.001 theta^2 omega + 0.287 theta omega^2 + -0.433 omega^3,-0.003 1 + -0.001 theta + 0.035 omega + 0.001 theta^2 + 0.025 theta omega + 0.771 omega^2 + 0.002 theta^2 omega + 0.573 theta omega^2 + -1.102 omega^3,-3.0589760774e-03,-8.7264306088e-04,3.4893400227e-02,1.3936321071e-03,2.5218188613e-02,7.7068411607e-01,2.9715442685e-04,1.6796522128e-03,5.7289345736e-01,-1.1019568267e+00
43378,2025-01-22 05:35:00,nan,nan,nan,-0.003 1 + 0.001 theta + 0.976 omega + -0.005 theta omega + 0.242 omega^2 + 0.001 theta^2 omega + -0.066 theta omega^2 + 1.289 omega^3,-0.005 1 + 0.001 theta + -0.048 omega + 0.001 theta^2 + -0.010 theta omega + 0.478 omega^2 + 0.002 theta^2 omega + -0.130 theta omega^2 + 2.559 omega^3,-5.2006415714e-03,1.1814831484e-03,-4.7866365761e-02,5.7139647328e-04,-1.0157401331e-02,4.7767805406e-01,-8.1200665092e-05,1.7024696967e-03,-1.2994366981e-01,2.5594157016e+00
43379,2025-01-22 05:40:00,0.068112,4.399005,3.110939,-0.001 1 + -0.001 theta + 0.993 omega + -0.006 theta omega + -0.059 omega^2 + -0.001 theta^2 omega + 0.027 theta omega^2 + -0.856 omega^3,-0.002 1 + -0.002 theta + -0.009 omega + -0.011 theta omega + -0.106 omega^2 + -0.002 theta^2 omega + 0.055 theta omega^2 + -1.683 omega^3,-1.9304638037e-03,-1.5192599959e-03,-9.3246645769e-03,-2.5298787679e-04,-1.0969755939e-02,-1.0642769565e-01,-1.1397598147e-05,-1.7346029788e-03,5.5085488743e-02,-1.6832955537e+00
43380,2025-01-22 05:45:00,0.007373,0.188889,0.133667,-0.001 theta + 1.013 omega + 0.010 theta omega + 0.131 omega^2 + -0.001 theta^2 omega + 0.010 theta omega^2 + -3.498 omega^3,-0.002 theta + 0.028 omega + 0.021 theta omega + 0.291 omega^2 + -0.001 theta^2 omega + 0.018 theta omega^2 + -7.153 omega^3,8.7566207115e-05,-2.0521796883e-03,2.7553105246e-02,1.5323108107e-04,2.1137804309e-02,2.9066089499e-01,-3.0545837937e-06,-1.2206209838e-03,1.8413521746e-02,-7.1525330881e+00
43381,2025-01-22 05:50:00,nan,nan,nan,0.003 1 + -0.001 theta + 1.009 omega + 0.005 theta omega + -0.762 omega^2 + -0.109 theta omega^2 + -0.172 omega^3,0.006 1 + -0.002 theta + 0.017 omega + -0.001 theta^2 + 0.010 theta omega + -1.520 omega^2 + 0.001 theta^2 omega + -0.216 theta omega^2 + -0.097 omega^3,5.7944108871e-03,-2.2289516173e-03,1.6548536862e-02,-7.1666101718e-04,9.5307478513e-03,-1.5202660944e+00,-4.1811578306e-05,7.8172443380e-04,-2.1639566475e-01,-9.7493115509e-02
43382,2025-01-22 05:55:00,0.032854,2.236667,1.581733,0.004 1 + -0.001 theta + 0.869 omega + 0.023 theta omega + 1.088 omega^2 + -0.001 theta^2 omega + -0.119 theta omega^2 + -0.341 omega^3,0.007 1 + -0.002 theta + -0.246 omega + 0.046 theta omega + 2.034 omega^2 + -0.002 theta^2 omega + -0.230 theta omega^2 + -0.320 omega^3,6.6072642871e-03,-1.5383461539e-03,-2.4646787794e-01,8.8605836141e-05,4.5865429355e-02,2.0336152131e+00,-9.5888582177e-08,-1.9588404419e-03,-2.3031031647e-01,-3.2048750028e-01
43383,2025-01-22 06:00:00,nan,nan,nan,0.035 1 + 0.002 theta + 0.762 omega + -0.001 theta^2 + 0.017 theta omega + -0.255 omega^2 + -0.006 theta omega^2 + 0.514 omega^3,0.070 1 + 0.003 theta + -0.477 omega + -0.001 theta^2 + 0.033 theta omega + -0.477 omega^2 + -0.016 theta omega^2 + 1.124 omega^3,7.0000741303e-02,3.3130700817e-03,-4.7749293120e-01,-1.1550671699e-03,3.3323458497e-02,-4.7669235121e-01,4.1928475561e-05,-8.9268150803e-05,-1.5743989188e-02,1.1236078909e+00
43384,2025-01-22 06:05:00,nan,nan,nan,0.001 1 + 0.002 theta + 0.995 omega + -0.002 theta^2 + -0.005 theta omega + -0.192 omega^2 + -0.001 theta^3 + -0.001 theta^2 omega + -0.666 theta omega^2 + 2.735 omega^3,0.001 1 + 0.004 theta + -0.010 omega + -0.004 theta^2 + -0.009 theta omega + -0.411 omega^2 + -0.002 theta^3 + -0.001 theta^2 omega + -1.346 theta omega^2 + 5.916 omega^3,1.2979107376e-03,3.5012305353e-03,-1.0207237606e-02,-4.1757287940e-03,-8.5415647259e-03,-4.1109643481e-01,-2.4567398252e-03,-1.3299736276e-03,-1.3460124673e+00,5.9161971559e+00
43385,2025-01-22 06:10:00,0.086449,4.899441,3.464967,-0.001 theta + 1.027 omega + -0.019 theta omega + -0.017 omega^2 + -0.036 theta omega^2 + -1.655 omega^3,-0.001 theta + 0.022 omega + -0.019 theta omega + -0.048 omega^2 + -0.072 theta omega^2 + -0.547 omega^3,-7.2310232197e-05,-1.2253447698e-03,2.2484746726e-02,3.2907058804e-07,-1.9232151444e-02,-4.7792973027e-02,0.0000000000e+00,-4.2723188142e-05,-7.1688686943e-02,-5.4659915135e-01
43386,2025-01-22 06:15:00,0.050416,2.479075,1.753333,-0.002 theta + 1.034 omega + 0.017 theta omega + -0.452 omega^2 + 0.001 theta^2 omega + -0.019 theta omega^2 + -3.361 omega^3,-0.003 theta + 0.069 omega + -0.001 theta^2 + 0.033 theta omega + -0.930 omega^2 + 0.003 theta^2 omega + -0.038 theta omega^2 + -6.855 omega^3,-1.0909103479e-04,-3.1931540543e-03,6.8977578348e-02,-9.9106654712e-04,3.2511794140e-02,-9.2950944006e-01,-7.4918692864e-05,2.8309694619e-03,-3.7505247056e-02,-6.8554550106e+00
43387,2025-01-22 06:20:00,nan,nan,nan,0.990 omega + 0.019 theta omega + -0.248 omega^2 + 0.003 theta^2 omega + -0.061 theta omega^2 + 1.365 omega^3,-0.018 omega + 0.039 theta omega + -0.517 omega^2 + 0.006 theta^2 omega + -0.126 theta omega^2 + 2.668 omega^3,-2.1079459261e-04,-1.4039202027e-04,-1.8184103805e-02,-3.4791178603e-04,3.8516678331e-02,-5.1695706283e-01,-4.7335907323e-05,5.9911082085e-03,-1.2554602924e-01,2.6680089201e+00
43388,2025-01-22 06:25:00,0.056025,3.041491,2.151024,-0.002 theta + 1.025 omega + 0.001 theta omega + -0.257 omega^2 + -0.001 theta^2 omega + 0.033 theta omega^2 + -2.137 omega^3,-0.004 theta + 0.051 omega + -0.001 theta^2 + 0.002 theta omega + -0.470 omega^2 + -0.001 theta^2 omega + 0.064 theta omega^2 + -4.010 omega^3,-1.7522782340e-04,-3.6155865100e-03,5.0989611269e-02,-5.9215344066e-04,2.4987038568e-03,-4.7035252689e-01,-1.8470599010e-05,-1.3199012687e-03,6.4446005790e-02,-4.0100837055e+00
43389,2025-01-22 06:30:00,0.053832,5.826290,4.119985,-0.002 1 + -0.001 theta + 1.004 omega + 0.001 theta^2 + -0.020 theta omega + 0.584 omega^2 + -0.005 theta^2 omega + 0.141 theta omega^2 + -3.772 omega^3,-0.003 1 + -0.002 theta + 0.010 omega + 0.002 theta^2 + -0.040 theta omega + 1.144 omega^2 + -0.009 theta^2 omega + 0.281 theta omega^2 + -7.369 omega^3,-3.0369229255e-03,-2.2865726626e-03,1.0341896658e-02,1.8100730681e-03,-4.0205524632e-02,1.1439759510e+00,-7.7252536898e-05,-9.2033056072e-03,2.8057920523e-01,-7.3688444560e+00
43390,2025-01-22 06:35:00,0.026277,0.796687,0.563649,1.026 omega + 0.007 theta omega + -0.080 omega^2 + -0.002 theta^2 omega + 0.003 theta omega^2 + -2.426 omega^3,-0.001 theta + 0.053 omega + 0.013 theta omega + -0.147 omega^2 + -0.003 theta^2 omega + -4.773 omega^3,-1.3472544233e-05,-8.1157499943e-04,5.2582626841e-02,3.4000092111e-04,1.3177311214e-02,-1.4712667682e-01,-3.7838691260e-05,-3.2720597801e-03,-1.7806257252e-04,-4.7725302994e+00
43391,2025-01-22 06:40:00,0.058956,8.253549,5.836290,-0.023 1 + -0.006 theta + 0.819 omega + -0.045 theta omega + -0.046 omega^2 + -0.003 theta^2 omega + 0.004 theta omega^2 + -0.676 omega^3,-0.043 1 + -0.011 theta + -0.358 omega + -0.001 theta^2 + -0.089 theta omega + -0.255 omega^2 + -0.005 theta^2 omega + -0.017 theta omega^2 + -1.712 omega^3,-4.2871234259e-02,-1.0554197850e-02,-3.5842201910e-01,-5.8784833846e-04,-8.9228261025e-02,-2.5519960455e-01,0.0000000000e+00,-5.0045870330e-03,-1.6633172779e-02,-1.7123119187e+00
43392,2025-01-22 06:45:00,0.165281,10.944316,7.739683,1.028 omega + 0.028 theta omega + -0.871 omega^2 + 0.002 theta^2 omega + -0.006 theta omega^2 + -6.958 omega^3,-0.001 theta + 0.056 omega + 0.054 theta omega + -1.739 omega^2 + 0.005 theta^2 omega + -0.012 theta omega^2 + -13.922 omega^3,5.6777950532e-05,-6.0485307366e-04,5.6125370875e-02,-3.5247970140e-04,5.4038196280e-02,-1.7390244322e+00,-3.0106585329e-05,4.7194483752e-03,-1.2195172490e-02,-1.3921649181e+01
43393,2025-01-22 06:50:00,0.114427,12.416122,8.779897,0.974 omega + 0.006 theta omega + -1.418 omega^2 + 0.002 theta^2 omega + -0.163 theta omega^2 + -6.460 omega^3,0.001 theta + -0.057 omega + 0.011 theta omega + -2.887 omega^2 + 0.003 theta^2 omega + -0.336 theta omega^2 + -13.037 omega^3,4.6739131045e-04,6.1913941124e-04,-5.6512090243e-02,1.0840517627e-04,1.0638471108e-02,-2.8867853939e+00,3.2311064397e-06,3.1169847481e-03,-3.3587077294e-01,-1.3036789327e+01
43394,2025-01-22 06:55:00,0.082619,2.431510,1.720329,-0.012 1 + -0.007 theta + 0.922 omega + -0.001 theta^2 + -0.031 theta omega + 0.292 omega^2 + -0.003 theta^2 omega + 0.058 theta omega^2 + 0.172 omega^3,-0.023 1 + -0.014 theta + -0.156 omega + -0.003 theta^2 + -0.061 theta omega + 0.534 omega^2 + -0.006 theta^2 omega + 0.104 theta omega^2 + 0.225 omega^3,-2.3417126996e-02,-1.3757538085e-02,-1.5554876398e-01,-2.8466188408e-03,-6.1147682596e-02,5.3389680043e-01,-2.0210919148e-04,-5.6938380958e-03,1.0394916808e-01,2.2508195359e-01
43395,2025-01-22 07:00:00,0.007879,0.404902,0.286363,0.003 1 + 0.928 omega + -0.002 theta omega + 0.486 omega^2 + -0.007 theta omega^2 + -0.549 omega^3,-0.002 1 + 0.002 theta + 0.019 omega + -0.016 theta omega + -0.199 omega^2 + 0.007 theta omega^2 + 1.296 omega^3,-1.6834376953e-03,2.2411902005e-03,1.9297935045e-02,-5.2260044958e-05,-1.5541148730e-02,-1.9851822039e-01,0.0000000000e+00,3.2822169103e-04,7.1397566889e-03,1.2959647484e+00
43396,2025-01-22 07:05:00,0.037310,0.924061,0.653942,-0.001 1 + -0.001 theta + 1.011 omega + 0.001 theta^2 + 0.012 theta omega + 0.401 omega^2 + -0.003 theta^2 omega + -0.117 theta omega^2 + -3.193 omega^3,-0.002 1 + -0.002 theta + 0.022 omega + 0.001 theta^2 + 0.024 theta omega + 0.809 omega^2 + -0.005 theta^2 omega + -0.243 theta omega^2 + -6.334 omega^3,-1.7772042087e-03,-1.7071517942e-03,2.1971363804e-02,1.4285808535e-03,2.4444762103e-02,8.0927226703e-01,-2.1013115633e-04,-5.2308782296e-03,-2.4348659920e-01,-6.3336802800e+00
43397,2025-01-22 07:10:00,0.046788,4.901020,3.465702,0.998 omega + 0.008 theta omega + -0.713 omega^2 + -0.001 theta^2 omega + 0.119 theta omega^2 + -7.147 omega^3,-0.001 1 + -0.001 theta + 0.003 omega + 0.016 theta omega + -1.297 omega^2 + -0.002 theta^2 omega + 0.229 theta omega^2 + -13.348 omega^3,-7.6527606266e-04,-8.5051631258e-04,3.2914912439e-03,-2.1216872284e-04,1.5981085836e-02,-1.2968984506e+00,-3.1672203275e-06,-1.6965144439e-03,2.2851536001e-01,-1.3347656887e+01
43398,2025-01-22 07:15:00,nan,nan,nan,1.051 omega + 0.019 theta omega + 0.593 omega^2 + 0.001 theta^2 omega + 0.052 theta omega^2 + 2.503 omega^3,-0.001 theta + 0.101 omega + 0.036 theta omega + 1.132 omega^2 + 0.002 theta^2 omega + 0.097 theta omega^2 + 4.732 omega^3,-3.8698496760e-04,-7.4892630272e-04,1.0079834048e-01,-3.1568086383e-04,3.5888672594e-02,1.1322531533e+00,-2.3531117368e-05,2.4449860676e-03,9.7122451778e-02,4.7321498466e+00
43399,2025-01-22 07:20:00,nan,nan,nan,-0.001 1 + 0.977 omega + -0.012 theta omega + 0.075 omega^2 + -0.001 theta^2 omega + 0.040 theta omega^2 + 1.275 omega^3,-0.002 1 + -0.046 omega + 0.001 theta^2 + -0.024 theta omega + 0.160 omega^2 + -0.001 theta^2 omega + 0.084 theta omega^2 + 2.457 omega^3,-2.1512031019e-03,1.1596481933e-04,-4.6334946739e-02,5.6391783928e-04,-2.3976590215e-02,1.5962870376e-01,-2.2785018324e-05,-1.2947403582e-03,8.4187740549e-02,2.4568489940e+00
43400,2025-01-22 07:25:00,nan,nan,nan,-0.042 1 + 0.009 theta + 1.439 omega + -0.001 theta^2 + -0.086 theta omega + -1.757 omega^2 + 0.004 theta^2 omega + 0.137 theta omega^2 + 4.382 omega^3,-0.087 1 + 0.020 theta + 0.927 omega + -0.001 theta^2 + -0.181 theta omega + -3.749 omega^2 + 0.008 theta^2 omega + 0.295 theta omega^2 + 9.225 omega^3,-8.7251533299e-02,1.9871304085e-02,9.2660264366e-01,-1.3420366850e-03,-1.8093868288e-01,-3.7492739024e+00,2.5199009345e-05,8.3111389866e-03,2.9509597751e-01,9.2247975534e+00
43401,2025-01-22 07:30:00,nan,nan,nan,-0.001 theta + 1.005 omega + -0.009 theta omega + 0.091 omega^2 + -0.005 theta^2 omega + 0.269 theta omega^2 + 0.109 omega^3,-0.001 1 + -0.003 theta + 0.012 omega + -0.019 theta omega + 0.139 omega^2 + -0.010 theta^2 omega + 0.533 theta omega^2 + 0.908 omega^3,-6.9292747599e-04,-2.7448322008e-03,1.1567098484e-02,2.7313881996e-04,-1.9183236890e-02,1.3863259491e-01,7.1980022058e-05,-9.8824184793e-03,5.3308276961e-01,9.0814535707e-01
43402,2025-01-22 07:35:00,nan,nan,nan,-0.001 1 + 0.004 theta + 1.103 omega + -0.001 theta^2 + -0.064 theta omega + -1.665 omega^2 + 0.008 theta^2 omega + 0.356 theta omega^2 + 6.093 omega^3,-0.003 1 + 0.009 theta + 0.225 omega + -0.003 theta^2 + -0.135 theta omega + -3.438 omega^2 + 0.016 theta^2 omega + 0.734 theta omega^2 + 12.182 omega^3,-3.1832299961e-03,8.5098322896e-03,2.2482239942e-01,-2.6421883819e-03,-1.3484077148e-01,-3.4375557785e+00,2.0745723770e-04,1.6083910201e-02,7.3419708027e-01,1.2182031570e+01
43403,2025-01-22 07:40:00,0.059233,3.214195,2.273165,-0.001 theta + 1.012 omega + -0.003 theta omega + -0.392 omega^2 + -0.001 theta^2 omega + -0.003 theta omega^2 + -2.055 omega^3,-0.003 theta + 0.025 omega + -0.001 theta^2 + -0.006 theta omega + -0.789 omega^2 + -0.002 theta^2 omega + -0.026 theta omega^2 + -4.553 omega^3,2.2475678946e-04,-2.9408620888e-03,2.5147321167e-02,-7.3262429169e-04,-6.1354870979e-03,-7.8857003202e-01,-6.6455914772e-05,-2.2564811135e-03,-2.5604912323e-02,-4.5528713297e+00
43404,2025-01-22 07:45:00,4.498583,60.904285,43.183152,0.002 theta + 1.004 omega + 0.001 theta^2 + 0.006 theta omega + 0.031 omega^2 + 0.001 theta^2 omega + -0.019 theta omega^2 + -0.220 omega^3,0.003 theta + 0.006 omega + 0.002 theta^2 + 0.010 theta omega + 0.062 omega^2 + 0.002 theta^2 omega + -0.033 theta omega^2 + -0.373 omega^3,1.3087936727e-05,3.4298331961e-03,6.0762371557e-03,1.5362994445e-03,9.8678139158e-03,6.2461533689e-02,1.5803391984e-04,2.3721018886e-03,-3.3127739767e-02,-3.7340372101e-01
43405,2025-01-22 07:50:00,0.062293,1.408567,0.996981,0.015 1 + -0.012 theta + 0.837 omega + 0.003 theta^2 + 0.101 theta omega + -0.146 omega^2 + -0.014 theta^2 omega + 0.084 theta omega^2 + -3.307 omega^3,0.030 1 + -0.024 theta + -0.328 omega + 0.006 theta^2 + 0.204 theta omega + -0.272 omega^2 + -0.001 theta^3 + -0.028 theta^2 omega + 0.166 theta omega^2 + -6.864 omega^3,2.9987599306e-02,-2.3903455202e-02,-3.2790421856e-01,6.1288547380e-03,2.0420596755e-01,-2.7213345357e-01,-5.3991117710e-04,-2.8125112682e-02,1.6569456388e-01,-6.8636231496e+00
43406,2025-01-22 07:55:00,0.027965,2.443260,1.727759,-0.001 1 + -0.001 theta + 1.031 omega + 0.014 theta omega + 0.234 omega^2 + -0.002 theta^2 omega + 0.143 theta omega^2 + -8.449 omega^3,-0.001 1 + -0.001 theta + 0.063 omega + 0.026 theta omega + 0.521 omega^2 + -0.005 theta^2 omega + 0.295 theta omega^2 + -17.224 omega^3,-1.1456120330e-03,-1.4794522930e-03,6.3315628789e-02,5.3989707542e-05,2.6450531141e-02,5.2082901833e-01,1.2228821454e-05,-4.8056041980e-03,2.9500666414e-01,-1.7224259628e+01
43407,2025-01-22 08:00:00,0.012394,0.417877,0.295614,1.018 omega + -0.003 theta omega + -0.151 omega^2 + 0.002 theta omega^2 + 1.764 omega^3,-0.001 1 + 0.043 omega + -0.005 theta omega + -0.430 omega^2 + -0.003 theta omega^2 + 4.284 omega^3,-7.5784659286e-04,-4.7873459982e-04,4.2853867307e-02,1.3221797215e-04,-4.8022010030e-03,-4.3040515634e-01,-3.8016260858e-06,-2.0083618368e-04,-3.1506575491e-03,4.2844205048e+00
43408,2025-01-22 08:05:00,0.008698,0.681844,0.482176,-0.001 1 + -0.001 theta + 1.034 omega + -0.027 theta omega + 1.502 omega^2 + 0.001 theta^2 omega + -0.206 theta omega^2 + 12.251 omega^3,-0.001 1 + -0.002 theta + 0.069 omega + -0.053 theta omega + 2.733 omega^2 + 0.001 theta^2 omega + -0.345 theta omega^2 + 20.060 omega^3,-1.4880792344e-03,-1.7891655252e-03,6.8653471822e-02,6.8407583921e-05,-5.2696970535e-02,2.7327887735e+00,0.0000000000e+00,6.4943691818e-04,-3.4536618692e-01,2.0059876005e+01
43409,2025-01-22 08:10:00,0.036393,3.359365,2.375569,0.007 1 + 0.004 theta + 1.005 omega + -0.005 theta omega + -0.580 omega^2 + -0.001 theta^2 omega + -0.256 theta omega^2 + -0.321 omega^3,0.014 1 + 0.007 theta + 0.003 omega + 0.001 theta^2 + -0.010 theta omega + -1.173 omega^2 + -0.002 theta^2 omega + -0.518 theta omega^2 + -0.033 omega^3,1.3717575944e-02,7.4023352875e-03,3.2529457298e-03,7.1572985545e-04,-9.7254158482e-03,-1.1726285292e+00,-4.7317226911e-05,-2.2304815429e-03,-5.1772855622e-01,-3.2828163525e-02
43410,2025-01-22 08:15:00,0.044842,1.037092,0.734020,0.039 1 + -0.022 theta + 0.210 omega + 0.004 theta^2 + 0.257 theta omega + 4.856 omega^2 + -0.021 theta^2 omega + -0.788 theta omega^2 + -8.331 omega^3,0.077 1 + -0.043 theta + -1.570 omega + 0.008 theta^2 + 0.509 theta omega + 9.813 omega^2 + -0.001 theta^3 + -0.040 theta^2 omega + -1.592 theta omega^2 + -16.996 omega^3,7.6693465059e-02,-4.3379930342e-02,-1.5703373602e+00,8.3582040084e-03,5.0945784488e-01,9.8128584562e+00,-5.3964033877e-04,-4.0468994222e-02,-1.5924486760e+00,-1.6996391231e+01
43411,2025-01-22 08:20:00,0.030163,0.882868,0.624646,-0.001 1 + -0.001 theta + 0.998 omega + -0.001 theta^2 + 0.067 theta omega + -0.379 omega^2 + 0.030 theta^2 omega + -0.218 theta omega^2 + 8.543 omega^3,-0.002 1 + -0.003 theta + -0.003 omega + -0.003 theta^2 + 0.131 theta omega + -0.768 omega^2 + -0.001 theta^3 + 0.059 theta^2 omega + -0.441 theta omega^2 + 16.912 omega^3,-1.5814302263e-03,-2.6941100201e-03,-3.4099977563e-03,-2.8140580283e-03,1.3105137912e-01,-7.6770315431e-01,-9.0529859176e-04,5.8658812698e-02,-4.4079346938e-01,1.6912372106e+01
43412,2025-01-22 08:25:00,0.025096,0.494430,0.350065,0.002 1 + 0.001 theta + 0.974 omega + -0.003 theta omega + -0.692 omega^2 + 0.001 theta^2 omega + 0.120 theta omega^2 + 2.406 omega^3,0.003 1 + 0.002 theta + -0.044 omega + -0.001 theta^2 + -0.011 theta omega + -1.478 omega^2 + 0.004 theta^2 omega + 0.260 theta omega^2 + 4.892 omega^3,3.2963888777e-03,2.3439523706e-03,-4.3778576921e-02,-7.4919971805e-04,-1.0591979050e-02,-1.4783574615e+00,2.1342319357e-05,3.5439540902e-03,2.6021353330e-01,4.8922339065e+00
43413,2025-01-22 08:30:00,0.027991,0.974448,0.689323,-0.001 1 + 0.001 theta + 1.001 omega + 0.002 theta omega + 0.097 omega^2 + -0.009 theta omega^2 + -0.516 omega^3,-0.001 1 + 0.001 theta + 0.004 omega + 0.003 theta omega + 0.145 omega^2 + -0.001 theta^2 omega + -0.011 theta omega^2 + -1.512 omega^3,-1.3782447803e-03,1.2272390884e-03,3.7995561198e-03,-6.4852346625e-05,3.4592556664e-03,1.4476130189e-01,-7.2416500751e-05,-8.3243076386e-04,-1.0660359533e-02,-1.5123390815e+00
43414,2025-01-22 08:35:00,0.011347,0.351998,0.249029,-0.001 1 + 1.000 omega + -0.009 theta omega + 0.164 omega^2 + -0.001 theta^2 omega + 0.001 theta omega^2 + -0.528 omega^3,-0.001 1 + -0.001 theta + 0.002 omega + -0.018 theta omega + 0.322 omega^2 + -0.002 theta^2 omega + 0.002 theta omega^2 + -1.125 omega^3,-1.1548100499e-03,-9.9954093792e-04,2.4663700530e-03,-4.2658676964e-04,-1.7633328245e-02,3.2179170439e-01,-2.9612368400e-05,-1.5434036534e-03,2.2940981016e-03,-1.1253806306e+00
43415,2025-01-22 08:40:00,0.071814,2.586765,1.829824,0.007 1 + 1.114 omega + 0.017 theta omega + 0.175 omega^2 + 0.001 theta^2 omega + 0.025 theta omega^2 + -0.817 omega^3,0.012 1 + 0.001 theta + 0.189 omega + 0.029 theta omega + -0.045 omega^2 + 0.001 theta^2 omega + 0.023 theta omega^2 + -2.714 omega^3,1.2445358467e-02,5.7975997060e-04,1.8880067793e-01,-1.4611140067e-04,2.8921532303e-02,-4.5418206467e-02,-9.1759317921e-06,1.1232676014e-03,2.3341498406e-02,-2.7142330847e+00
43416,2025-01-22 08:45:00,0.057434,2.847233,2.013707,-0.002 1 + -0.001 theta + 1.007 omega + -0.010 theta omega + 0.805 omega^2 + -0.005 theta^2 omega + 0.210 theta omega^2 + -5.965 omega^3,-0.005 1 + -0.001 theta + 0.015 omega + 0.001 theta^2 + -0.021 theta omega + 1.621 omega^2 + -0.009 theta^2 omega + 0.419 theta omega^2 + -12.097 omega^3,-4.9595606751e-03,-1.3146490027e-03,1.5296211378e-02,8.4839852113e-04,-2.0636047094e-02,1.6211422953e+00,-9.7622136296e-06,-8.8709667808e-03,4.1899058117e-01,-1.2096536279e+01
43417,2025-01-22 08:50:00,0.013189,0.245753,0.174023,-0.001 1 + -0.002 theta + 1.044 omega + 0.011 theta omega + 0.698 omega^2 + 0.062 theta omega^2 + 4.855 omega^3,-0.002 1 + -0.003 theta + 0.090 omega + -0.001 theta^2 + 0.019 theta omega + 1.441 omega^2 + 0.123 theta omega^2 + 9.802 omega^3,-1.6050492693e-03,-3.1837120224e-03,9.0123386231e-02,-9.2011459301e-04,1.9307597203e-02,1.4410154623e+00,-6.3574458676e-05,1.0165132469e-04,1.2264978094e-01,9.8017220250e+00
43418,2025-01-22 08:55:00,0.019047,0.433405,0.306759,-0.001 1 + 0.902 omega + -0.008 theta omega + -1.224 omega^2 + -0.117 theta omega^2 + -1.676 omega^3,-0.003 1 + 0.001 theta + -0.188 omega + -0.015 theta omega + -2.342 omega^2 + 0.001 theta^2 omega + -0.234 theta omega^2 + -2.144 omega^3,-2.6980662132e-03,5.1469071303e-04,-1.8790586391e-01,1.5088105230e-04,-1.5150241019e-02,-2.3420252055e+00,6.5166467608e-06,5.7173550209e-04,-2.3366055878e-01,-2.1436232016e+00
43419,2025-01-22 09:00:00,0.013722,0.435039,0.307772,-0.001 theta + 1.008 omega + 0.008 theta omega + 0.334 omega^2 + -0.001 theta^2 omega + -0.059 theta omega^2 + -3.731 omega^3,-0.002 theta + 0.015 omega + 0.001 theta^2 + 0.014 theta omega + 0.647 omega^2 + -0.002 theta^2 omega + -0.114 theta omega^2 + -6.539 omega^3,4.7320358665e-04,-2.1920050121e-03,1.4576311882e-02,5.7258688041e-04,1.3855365159e-02,6.4650880643e-01,-4.0660645422e-05,-1.9563663177e-03,-1.1395033580e-01,-6.5386142514e+00
43420,2025-01-22 09:05:00,0.039560,1.134388,0.802621,-0.001 theta + 1.002 omega + -0.025 theta omega + 0.342 omega^2 + -0.424 theta omega^2 + 12.253 omega^3,-0.002 theta + 0.018 omega + -0.031 theta omega + -0.125 omega^2 + -0.003 theta^2 omega + -0.256 theta omega^2,2.7876280728e-05,-1.6915367037e-03,1.8250900257e-02,-4.2783132643e-04,-3.1451850453e-02,-1.2537119004e-01,-2.9843305308e-05,-3.3711413023e-03,-2.5633631337e-01,0.0000000000e+00
43421,2025-01-22 09:10:00,0.066632,4.256620,3.010254,-0.001 1 + 0.992 omega + -0.007 theta omega + 0.263 omega^2 + -0.001 theta^2 omega + 0.020 theta omega^2 + -0.014 omega^3,-0.002 1 + -0.012 omega + -0.013 theta omega + 0.506 omega^2 + -0.002 theta^2 omega + 0.063 theta omega^2 + -0.528 omega^3,-1.6173485189e-03,-7.1616132451e-05,-1.1933120077e-02,4.9583813667e-04,-1.3464197042e-02,5.0592553330e-01,-4.0879640154e-05,-1.6716225841e-03,6.2699233830e-02,-5.2825965242e-01
43422,2025-01-22 09:15:00,nan,nan,nan,-0.007 1 + 0.005 theta + 1.082 omega + -0.001 theta^2 + -0.048 theta omega + -0.533 omega^2 + 0.004 theta^2 omega + 0.067 theta omega^2 + 6.222 omega^3,-0.016 1 + 0.010 theta + 0.185 omega + -0.001 theta^2 + -0.102 theta omega + -1.275 omega^2 + 0.009 theta^2 omega + 0.154 theta omega^2 + 13.578 omega^3,-1.5612063922e-02,9.5189453581e-03,1.8540047794e-01,-1.2691261248e-03,-1.0172622168e-01,-1.2745981743e+00,3.9109484498e-05,8.9451567500e-03,1.5399906876e-01,1.3577542034e+01
43423,2025-01-22 09:20:00,nan,nan,nan,0.002 1 + -0.001 theta + 0.990 omega + 0.011 theta omega + -0.467 omega^2 + 0.001 theta^2 omega + -0.050 theta omega^2 + 0.838 omega^3,0.004 1 + -0.003 theta + -0.019 omega + -0.001 theta^2 + 0.022 theta omega + -0.927 omega^2 + 0.003 theta^2 omega + -0.098 theta omega^2 + 1.767 omega^3,3.7327569465e-03,-2.5427816140e-03,-1.9251234074e-02,-9.3038164375e-04,2.2421359660e-02,-9.2654669251e-01,-6.8748150589e-05,2.6890755214e-03,-9.7992061257e-02,1.7670958924e+00
43424,2025-01-22 09:25:00,nan,nan,nan,-0.001 1 + -0.001 theta + 1.007 omega + 0.008 theta omega + -0.153 omega^2 + 0.001 theta^2 omega + -0.044 theta omega^2 + 1.356 omega^3,-0.002 1 + -0.002 theta + 0.015 omega + -0.001 theta^2 + 0.017 theta omega + -0.315 omega^2 + 0.002 theta^2 omega + -0.090 theta omega^2 + 2.630 omega^3,-1.6487185917e-03,-2.4002722772e-03,1.5170528086e-02,-5.3715981556e-04,1.6708898439e-02,-3.1521146678e-01,-3.1996892136e-05,2.0645115855e-03,-9.0084290886e-02,2.6295339845e+00
43425,2025-01-22 09:30:00,nan,nan,nan,0.001 1 + -0.003 theta + 1.031 omega + 0.002 theta^2 + -0.052 theta omega + -0.230 omega^2 + -0.001 theta^3 + 0.015 theta^2 omega + 0.013 theta omega^2 + 3.084 omega^3,0.003 1 + -0.005 theta + 0.063 omega + 0.004 theta^2 + -0.104 theta omega + -0.396 omega^2 + -0.001 theta^3 + 0.030 theta^2 omega + 0.002 theta omega^2 + 5.659 omega^3,2.7607672073e-03,-4.8851431610e-03,6.3277730657e-02,4.1212405855e-03,-1.0402002634e-01,-3.9631950825e-01,-1.2549718679e-03,2.9916615126e-02,2.2001546754e-03,5.6586013810e+00
43426,2025-01-22 09:35:00,1.173553,33.725042,23.861640,0.001 1 + 0.001 theta + 0.957 omega + 0.010 theta omega + 0.134 omega^2 + -0.032 theta omega^2 + -0.182 omega^3,0.002 1 + 0.002 theta + -0.085 omega + -0.001 theta^2 + 0.019 theta omega + 0.263 omega^2 + -0.066 theta omega^2 + -0.179 omega^3,1.5136033837e-03,2.3512453850e-03,-8.4916773578e-02,-8.5782082294e-04,1.8826239404e-02,2.6348209202e-01,5.6300593864e-05,4.6171417534e-04,-6.5856904876e-02,-1.7892862453e-01
43427,2025-01-22 09:40:00,nan,nan,nan,0.001 1 + 0.001 theta + 0.984 omega + -0.001 theta^2 + 0.003 theta omega + -0.120 omega^2 + 0.003 theta^2 omega + 0.115 theta omega^2 + 0.588 omega^3,0.001 1 + 0.001 theta + -0.032 omega + -0.002 theta^2 + 0.007 theta omega + -0.265 omega^2 + 0.005 theta^2 omega + 0.244 theta omega^2 + 1.083 omega^3,1.1583900067e-03,1.3524148986e-03,-3.2270251479e-02,-1.6289161455e-03,7.3934946745e-03,-2.6545377583e-01,2.4219542431e-04,5.0389836289e-03,2.4425956750e-01,1.0829588537e+00
43428,2025-01-22 09:45:00,0.054382,3.137416,2.218822,-0.001 theta + 1.028 omega + 0.006 theta omega + 0.011 omega^2 + -0.001 theta^2 omega + -0.054 theta omega^2 + -2.195 omega^3,-0.001 1 + -0.001 theta + 0.056 omega + 0.013 theta omega + -0.005 omega^2 + -0.002 theta^2 omega + -0.120 theta omega^2 + -4.053 omega^3,-5.3890427434e-04,-1.0224660298e-03,5.6243394506e-02,5.2063287105e-05,1.2621798072e-02,-5.1287964648e-03,2.1201159392e-05,-1.9549293932e-03,-1.1991636145e-01,-4.0525508218e+00
43429,2025-01-22 09:50:00,nan,nan,nan,-0.001 theta + 0.999 omega + -0.094 omega^2 + -0.006 theta^2 omega + 0.668 theta omega^2 + 5.084 omega^3,0.001 1 + -0.003 theta + -0.145 omega^2 + -0.012 theta^2 omega + 1.364 theta omega^2 + 9.706 omega^3,9.0422634117e-04,-2.9339532750e-03,2.9079442668e-04,-4.7591041549e-04,-2.4254117307e-04,-1.4525351767e-01,3.9512559848e-04,-1.2222439888e-02,1.3642583818e+00,9.7062434457e+00
43430,2025-01-22 09:55:00,nan,nan,nan,-0.001 1 + 0.002 theta + 1.017 omega + -0.051 theta omega + 0.432 omega^2 + 0.004 theta^2 omega + -0.008 theta omega^2 + 3.652 omega^3,-0.003 1 + 0.005 theta + 0.040 omega + -0.104 theta omega + 0.780 omega^2 + 0.009 theta^2 omega + -0.003 theta omega^2 + 7.574 omega^3,-3.0139408125e-03,4.8321104037e-03,3.9778362816e-02,-4.0470046293e-04,-1.0412027362e-01,7.7980618815e-01,-2.1553844654e-06,8.7464131924e-03,-3.4524387544e-03,7.5738465887e+00
43431,2025-01-22 10:00:00,nan,nan,nan,0.993 omega + 0.016 theta omega + -0.178 omega^2 + 0.009 theta^2 omega + -0.215 theta omega^2 + 1.873 omega^3,-0.013 omega + -0.001 theta^2 + 0.032 theta omega + -0.340 omega^2 + 0.018 theta^2 omega + -0.425 theta omega^2 + 3.800 omega^3,3.7014121460e-04,-2.6625781618e-04,-1.3484402104e-02,-6.9914305338e-04,3.1729379178e-02,-3.4008858433e-01,-2.1060209779e-04,1.7604660387e-02,-4.2535525688e-01,3.8002186082e+00
43432,2025-01-22 10:05:00,0.024148,1.624063,1.148513,1.015 omega + 0.007 theta omega + 0.115 omega^2 + -0.089 theta omega^2 + -0.582 omega^3,-0.001 1 + 0.031 omega + 0.014 theta omega + 0.236 omega^2 + -0.189 theta omega^2 + -1.076 omega^3,-7.8476424055e-04,-4.7060330291e-04,3.0601164827e-02,5.4829727437e-06,1.4196409625e-02,2.3638725135e-01,1.5552210450e-05,-3.1906516707e-07,-1.8932740591e-01,-1.0755761184e+00
43433,2025-01-22 10:10:00,0.046260,2.852429,2.017237,-0.002 theta + 0.919 omega + 0.001 theta^2 + 0.021 theta omega + 0.442 omega^2 + -0.002 theta^2 omega + -0.093 theta omega^2 + 0.787 omega^3,0.001 1 + -0.004 theta + -0.139 omega + 0.001 theta^2 + 0.037 theta omega + 0.812 omega^2 + -0.003 theta^2 omega + -0.175 theta omega^2 + 1.060 omega^3,7.2989778945e-04,-3.7162289208e-03,-1.3909806174e-01,1.1666457050e-03,3.7261655508e-02,8.1211271778e-01,-9.2386447689e-05,-2.6649497193e-03,-1.7469132991e-01,1.0601389474e+00
43434,2025-01-22 10:15:00,0.013013,0.266840,0.188909,0.003 1 + 1.060 omega + 0.009 theta omega + -0.007 omega^2 + 0.006 theta omega^2 + -0.918 omega^3,0.005 1 + 0.117 omega + 0.017 theta omega + -0.080 omega^2 + 0.010 theta omega^2 + -1.984 omega^3,5.4601715978e-03,8.6616534034e-05,1.1710684464e-01,-1.1245717550e-04,1.6845514271e-02,-8.0334883127e-02,-5.0275600703e-06,4.9949489599e-04,9.6457649716e-03,-1.9843937092e+00
43435,2025-01-22 10:20:00,nan,nan,nan,-0.076 1 + 0.011 theta + 1.705 omega + -0.078 theta omega + -1.614 omega^2 + 0.002 theta^2 omega + 0.072 theta omega^2 + 1.881 omega^3,-0.151 1 + 0.022 theta + 1.388 omega + -0.001 theta^2 + -0.154 theta omega + -3.143 omega^2 + 0.004 theta^2 omega + 0.140 theta omega^2 + 3.617 omega^3,-1.5080370951e-01,2.2031504244e-02,1.3875180424e+00,-9.2065028423e-04,-1.5407945414e-01,-3.1434874302e+00,9.9354098787e-06,4.2031663260e-03,1.4025466888e-01,3.6167619052e+00
43436,2025-01-22 10:25:00,0.046508,2.464576,1.743028,1.002 omega + -0.004 theta omega + 0.101 omega^2 + -0.002 theta^2 omega + 0.071 theta omega^2 + -1.753 omega^3,-0.001 theta + 0.007 omega + -0.001 theta^2 + -0.007 theta omega + 0.195 omega^2 + -0.004 theta^2 omega + 0.148 theta omega^2 + -3.849 omega^3,-9.2873748279e-05,-8.8037119483e-04,7.4110931433e-03,-8.8623795905e-04,-7.1211491720e-03,1.9541575372e-01,-1.3839316474e-04,-4.4217219153e-03,1.4810507102e-01,-3.8492986711e+00
43437,2025-01-22 10:30:00,0.214161,5.131526,3.631695,-0.005 1 + -0.002 theta + 0.996 omega + 0.001 theta^2 + -0.013 theta omega + 1.146 omega^2 + 0.002 theta^2 omega + -0.172 theta omega^2 + -0.801 omega^3,-0.009 1 + -0.005 theta + -0.009 omega + 0.002 theta^2 + -0.027 theta omega + 2.287 omega^2 + 0.004 theta^2 omega + -0.343 theta omega^2 + -1.419 omega^3,-9.4543967079e-03,-4.8439971135e-03,-8.9341428719e-03,2.1568658748e-03,-2.7026420873e-02,2.2869913854e+00,-1.7951032852e-04,3.8786213490e-03,-3.4274032653e-01,-1.4191584087e+00
43438,2025-01-22 10:35:00,nan,nan,nan,0.003 1 + -0.001 theta + 1.019 omega + -0.021 theta omega + -0.368 omega^2 + 0.004 theta^2 omega + 0.111 theta omega^2 + -1.021 omega^3,0.006 1 + -0.001 theta + 0.035 omega + -0.042 theta omega + -0.687 omega^2 + 0.008 theta^2 omega + 0.210 theta omega^2 + -2.232 omega^3,5.9491198232e-03,-1.0076902367e-03,3.5443417243e-02,1.1533735361e-04,-4.1911454057e-02,-6.8701461007e-01,-5.7924966083e-05,8.3208917140e-03,2.0986913070e-01,-2.2315039134e+00
43439,2025-01-22 10:40:00,0.075686,2.619944,1.853353,0.002 1 + -0.001 theta + 0.977 omega + 0.002 theta omega + -0.065 omega^2 + 0.019 theta omega^2 + 0.931 omega^3,0.005 1 + -0.003 theta + -0.047 omega + 0.006 theta omega + -0.118 omega^2 + 0.037 theta omega^2 + 1.548 omega^3,4.9137046651e-03,-2.5338172639e-03,-4.7485748096e-02,4.6347318974e-04,5.8162559623e-03,-1.1821883817e-01,-2.9466327047e-05,-5.3042521982e-05,3.6907111966e-02,1.5477690033e+00
43440,2025-01-22 10:45:00,0.016149,1.018916,0.720573,-0.005 1 + 0.001 theta + 0.938 omega + -0.016 theta omega + 1.776 omega^2 + 0.009 theta omega^2 + -6.178 omega^3,0.028 1 + -0.001 theta + -0.883 omega + 0.016 theta omega + 8.829 omega^2 + -0.080 theta omega^2 + -27.843 omega^3,2.8211117158e-02,-7.9293920211e-04,-8.8321264931e-01,0.0000000000e+00,1.5753189924e-02,8.8291733904e+00,0.0000000000e+00,-1.0055610504e-05,-7.9626675631e-02,-2.7843474033e+01
43441,2025-01-22 10:50:00,0.076947,5.902288,4.173902,0.028 1 + -0.004 theta + 0.544 omega + 0.060 theta omega + 1.506 omega^2 + -0.001 theta^2 omega + -0.178 theta omega^2 + 2.116 omega^3,0.056 1 + -0.008 theta + -0.904 omega + 0.119 theta omega + 2.972 omega^2 + -0.002 theta^2 omega + -0.355 theta omega^2 + 4.333 omega^3,5.6080213946e-02,-8.4760787399e-03,-9.0388230691e-01,2.9298888317e-04,1.1902382926e-01,2.9720176010e+00,-2.3916774879e-06,-2.4809134406e-03,-3.5457354746e-01,4.3330754701e+00
43442,2025-01-22 10:55:00,0.017202,1.777445,1.256902,0.001 theta + 0.970 omega + -0.001 theta omega + 0.109 omega^2 + -0.012 theta omega^2 + 1.582 omega^3,-0.001 1 + 0.001 theta + -0.019 omega + -0.348 omega^2 + -0.038 theta omega^2 + 5.706 omega^3,-1.1751972997e-03,9.4132794794e-04,-1.8858258335e-02,-6.5057322443e-05,-2.0036515988e-04,-3.4759699015e-01,1.3046894265e-06,1.2036086708e-04,-3.7515343408e-02,5.7064478656e+00
43443,2025-01-22 11:00:00,nan,nan,nan,-0.010 1 + 0.004 theta + 1.074 omega + -0.026 theta omega + 0.074 omega^2 + 0.001 theta^2 omega + 0.023 theta omega^2 + -0.264 omega^3,-0.019 1 + 0.007 theta + 0.140 omega + -0.001 theta^2 + -0.051 theta omega + 0.284 omega^2 + 0.003 theta^2 omega + 0.042 theta omega^2 + -1.169 omega^3,-1.9151336519e-02,7.0639825540e-03,1.4036619805e-01,-5.9062974001e-04,-5.1245040157e-02,2.8372429154e-01,1.3475881682e-05,2.5004740366e-03,4.2245739365e-02,-1.1688727609e+00
43444,2025-01-22 11:05:00,0.205027,15.505443,10.964962,1.028 omega + -0.015 theta omega + 0.388 omega^2 + 0.002 theta^2 omega + -0.079 theta omega^2 + -1.185 omega^3,-0.001 theta + 0.059 omega + -0.030 theta omega + 0.728 omega^2 + 0.004 theta^2 omega + -0.163 theta omega^2 + -1.975 omega^3,-1.2373639568e-04,-5.1717731023e-04,5.8973028890e-02,2.1219681230e-04,-3.0165835384e-02,7.2807657510e-01,-2.2106508319e-05,4.1354344553e-03,-1.6316436050e-01,-1.9749529913e+00
43445,2025-01-22 11:10:00,0.055696,3.219574,2.276923,0.030 1 + -0.002 theta + 0.227 omega + 0.051 theta omega + 5.851 omega^2 + -0.001 theta^2 omega + -0.237 theta omega^2 + -11.822 omega^3,0.002 1 + 0.001 theta + -0.270 omega + 0.013 theta omega + 3.010 omega^2 + -0.138 theta omega^2 + -6.334 omega^3,2.0552784546e-03,6.4063471330e-04,-2.7045333988e-01,-3.9789551466e-05,1.3334802586e-02,3.0098889748e+00,0.0000000000e+00,0.0000000000e+00,-1.3798617177e-01,-6.3343685222e+00
43446,2025-01-22 11:15:00,0.028413,1.483666,1.049302,-0.004 1 + 1.141 omega + -0.018 theta omega + -0.374 omega^2 + 0.092 theta omega^2 + -5.856 omega^3,-0.008 1 + -0.001 theta + 0.272 omega + -0.037 theta omega + -0.766 omega^2 + 0.001 theta^2 omega + 0.186 theta omega^2 + -10.149 omega^3,-7.5124117650e-03,-7.5456331528e-04,2.7241612627e-01,3.4390868603e-04,-3.6822892888e-02,-7.6577265269e-01,-2.1631965053e-05,1.0068702356e-03,1.8596056969e-01,-1.0148999014e+01
43447,2025-01-22 11:20:00,nan,nan,nan,0.003 1 + 0.001 theta + 0.988 omega + 0.010 theta omega + -0.407 omega^2 + 0.002 theta^2 omega + -0.109 theta omega^2 + 2.585 omega^3,0.006 1 + 0.001 theta + -0.024 omega + 0.022 theta omega + -0.890 omega^2 + 0.004 theta^2 omega + -0.230 theta omega^2 + 5.405 omega^3,6.3816328279e-03,1.4162733877e-03,-2.3702731664e-02,-4.2457935149e-04,2.1586229902e-02,-8.8958628209e-01,-7.9805465552e-05,3.9956433027e-03,-2.3019685224e-01,5.4051912586e+00
43448,2025-01-22 11:25:00,nan,nan,nan,-0.002 1 + -0.001 theta + 1.107 omega + -0.006 theta omega + -0.733 omega^2 + 0.009 theta omega^2 + 3.050 omega^3,-0.004 1 + -0.003 theta + 0.215 omega + -0.012 theta omega + -1.479 omega^2 + 0.017 theta omega^2 + 6.106 omega^3,-3.5427536091e-03,-2.5632151849e-03,2.1496878512e-01,3.0115445547e-04,-1.1862441331e-02,-1.4793101329e+00,-7.0926414113e-06,-2.6383326366e-06,1.7350239149e-02,6.1058655410e+00
43449,2025-01-22 11:30:00,0.045370,4.138609,2.926615,0.003 1 + -0.001 theta + 0.851 omega + 0.037 theta omega + 0.090 omega^2 + -0.002 theta^2 omega + -0.117 theta omega^2 + 4.645 omega^3,0.004 1 + -0.002 theta + -0.292 omega + 0.074 theta omega + 0.122 omega^2 + -0.003 theta^2 omega + -0.235 theta omega^2 + 9.729 omega^3,4.4663263806e-03,-1.5027554701e-03,-2.9205604434e-01,1.4483809815e-04,7.4010886521e-02,1.2205455062e-01,-4.6908593723e-06,-2.9864566592e-03,-2.3473920538e-01,9.7287784493e+00
43450,2025-01-22 11:35:00,0.037514,4.316887,3.052615,-0.006 1 + -0.001 theta + 1.176 omega + 0.005 theta omega + -0.439 omega^2 + -0.001 theta^2 omega + 0.111 theta omega^2 + -6.737 omega^3,-0.013 1 + -0.003 theta + 0.351 omega + 0.010 theta omega + -0.855 omega^2 + -0.002 theta^2 omega + 0.222 theta omega^2 + -13.526 omega^3,-1.2541477344e-02,-2.7286739072e-03,3.5138580091e-01,9.5662984026e-05,9.9669615243e-03,-8.5482974856e-01,2.8702564851e-06,-1.8550044363e-03,2.2180041081e-01,-1.3525711332e+01
43451,2025-01-22 11:40:00,0.115877,6.085658,4.303990,-0.054 1 + 0.009 theta + 1.560 omega + -0.072 theta omega + -1.585 omega^2 + 0.002 theta^2 omega + 0.072 theta omega^2 + 4.440 omega^3,0.031 1 + -0.002 theta + -0.713 omega + 0.046 theta omega + 4.025 omega^2 + -0.215 theta omega^2 + -2.241 omega^3,3.0756623109e-02,-2.0890639125e-03,-7.1300798144e-01,2.4509166559e-05,4.5574223240e-02,4.0250531882e+00,0.0000000000e+00,-4.3649635138e-04,-2.1481394163e-01,-2.2409429264e+00
43452,2025-01-22 11:45:00,0.012431,0.477164,0.337520,-0.007 1 + 0.001 theta + 1.157 omega + -0.017 theta omega + -0.803 omega^2 + 0.064 theta omega^2 + 0.913 omega^3,-0.005 1 + 0.002 theta + 0.106 omega + -0.033 theta omega + -0.208 omega^2 + 0.106 theta omega^2 + -1.249 omega^3,-5.2510238138e-03,2.1859520828e-03,1.0576537923e-01,-3.6133841412e-05,-3.3065971451e-02,-2.0773926521e-01,0.0000000000e+00,3.4881727618e-04,1.0635400333e-01,-1.2490843837e+00
43453,2025-01-22 11:50:00,0.030026,1.397840,0.988650,0.060 1 + -0.008 theta + 0.127 omega + 0.082 theta omega + 3.308 omega^2 + -0.002 theta^2 omega + -0.186 theta omega^2 + -1.071 omega^3,0.117 1 + -0.016 theta + -1.686 omega + 0.001 theta^2 + 0.160 theta omega + 6.314 omega^2 + -0.004 theta^2 omega + -0.359 theta omega^2 + -1.641 omega^3,1.1667841301e-01,-1.5632754884e-02,-1.6855568537e+00,6.4782820396e-04,1.6017401397e-01,6.3142963804e+00,-7.8349394717e-06,-3.5392360280e-03,-3.5924204815e-01,-1.6409523613e+00
43454,2025-01-22 11:55:00,0.057887,2.924810,2.068558,-0.001 1 + 0.001 theta + 1.016 omega + -0.003 theta omega + 0.084 omega^2 + -0.001 theta^2 omega + -0.059 theta omega^2 + -1.003 omega^3,-0.001 1 + 0.001 theta + 0.029 omega + -0.006 theta omega + 0.153 omega^2 + -0.001 theta^2 omega + -0.121 theta omega^2 + -1.669 omega^3,-9.2817418542e-04,1.3636441176e-03,2.9329209557e-02,-3.1137089605e-04,-6.0667840458e-03,1.5265908886e-01,-6.0329993438e-05,-1.3958868872e-03,-1.2120885110e-01,-1.6686047593e+00
43455,2025-01-22 12:00:00,nan,nan,nan,0.006 1 + 0.001 theta + 0.997 omega + -0.001 theta^2 + -0.002 theta omega + -0.871 omega^2 + 0.142 theta omega^2 + 0.998 omega^3,0.012 1 + 0.001 theta + -0.005 omega + -0.002 theta^2 + -0.004 theta omega + -1.755 omega^2 + 0.001 theta^2 omega + 0.285 theta omega^2 + 1.925 omega^3,1.1608777730e-02,1.3224161499e-03,-4.8566457476e-03,-1.5308343459e-03,-4.1011542644e-03,-1.7551142991e+00,1.5784011223e-04,8.1150905966e-04,2.8465739806e-01,1.9253997176e+00
43456,2025-01-22 12:05:00,0.044436,5.278289,3.732446,-0.003 1 + 0.863 omega + 0.005 theta omega + -1.733 omega^2 + 0.001 theta^2 omega + -0.058 theta omega^2 + -3.940 omega^3,-0.004 1 + -0.226 omega + 0.012 theta omega + -3.278 omega^2 + 0.006 theta omega^2 + -11.043 omega^3,-4.4032229445e-03,4.5412703272e-04,-2.2550316393e-01,-1.7753852942e-05,1.2444756904e-02,-3.2775571306e+00,0.0000000000e+00,1.3460514666e-04,6.4111993701e-03,-1.1042549005e+01
43457,2025-01-22 12:10:00,nan,nan,nan,0.056 1 + 0.005 theta + 1.670 omega + 0.036 theta omega + 3.102 omega^2 + 0.066 theta omega^2 + 5.666 omega^3,0.115 1 + 0.009 theta + 1.365 omega + 0.072 theta omega + 6.316 omega^2 + 0.001 theta^2 omega + 0.134 theta omega^2 + 11.512 omega^3,1.1457760573e-01,9.1515559399e-03,1.3647460401e+00,1.9309980474e-04,7.2406385517e-02,6.3155417721e+00,6.3134286217e-07,9.7503244052e-04,1.3441521537e-01,1.1511583295e+01
43458,2025-01-22 12:15:00,0.064914,3.513214,2.484641,0.996 omega + 0.312 omega^2 + -0.002 theta omega^2 + -1.222 omega^3,0.001 1 + -0.001 theta + -0.006 omega + -0.001 theta omega + 0.665 omega^2 + -0.002 theta omega^2 + -2.752 omega^3,6.5064069288e-04,-9.6459116983e-04,-5.7581895654e-03,2.0781637496e-04,-1.1207921700e-03,6.6522542001e-01,-1.1060237326e-05,-2.0468145380e-04,-2.2878188304e-03,-2.7524708630e+00
43459,2025-01-22 12:20:00,nan,nan,nan,0.006 1 + 0.001 theta + 1.180 omega + 0.017 theta omega + 1.206 omega^2 + 0.103 theta omega^2 + 0.100 omega^3,0.015 1 + 0.001 theta + 0.409 omega + 0.037 theta omega + 2.877 omega^2 + 0.219 theta omega^2 + 1.745 omega^3,1.4683136503e-02,1.3100522774e-03,4.0945461170e-01,-3.7507510935e-06,3.7350517841e-02,2.8770537931e+00,-1.1113567159e-06,3.7206353508e-04,2.1926160717e-01,1.7451358690e+00
43460,2025-01-22 12:25:00,0.029902,1.764324,1.247745,0.001 1 + 0.992 omega + -0.001 theta^2 + 0.009 theta omega + -0.094 omega^2 + 0.003 theta^2 omega + -0.188 theta omega^2 + 4.842 omega^3,0.001 1 + -0.001 theta + -0.016 omega + -0.003 theta^2 + 0.019 theta omega + -0.207 omega^2 + -0.001 theta^3 + 0.007 theta^2 omega + -0.412 theta omega^2 + 10.023 omega^3,1.2921017808e-03,-5.7430644524e-04,-1.5727058947e-02,-2.7045254012e-03,1.8907780651e-02,-2.0685714383e-01,-9.9239586080e-04,6.9707631281e-03,-4.1162501358e-01,1.0022694109e+01
43461,2025-01-22 12:30:00,0.042395,3.169172,2.241144,-0.002 1 + 1.012 omega + -0.011 theta omega + 0.412 omega^2 + -0.003 theta^2 omega + 0.142 theta omega^2 + -3.358 omega^3,-0.004 1 + -0.001 theta + 0.026 omega + 0.001 theta^2 + -0.022 theta omega + 0.832 omega^2 + -0.006 theta^2 omega + 0.290 theta omega^2 + -6.927 omega^3,-4.1525393341e-03,-7.6016260371e-04,2.5624803553e-02,6.3431018904e-04,-2.1749373317e-02,8.3186675814e-01,5.0758642022e-06,-6.0082409671e-03,2.8992268977e-01,-6.9270537173e+00
43462,2025-01-22 12:35:00,0.027307,1.702239,1.203819,0.014 1 + -0.001 theta + 0.692 omega + 0.013 theta omega + 1.777 omega^2 + -0.067 theta omega^2 + -0.767 omega^3,0.017 1 + -0.304 omega + -0.001 theta omega + 1.249 omega^2 + 0.001 theta^2 omega + -0.037 theta omega^2 + 1.682 omega^3,1.7048655577e-02,1.9445576170e-04,-3.0403123097e-01,-4.2727689765e-05,-6.0365518328e-04,1.2488543266e+00,0.0000000000e+00,5.2606425435e-04,-3.7286913881e-02,1.6818493057e+00
43463,2025-01-22 12:40:00,0.041873,1.705020,1.205995,-0.001 1 + 1.005 omega + 0.005 theta omega + -0.349 omega^2 + 0.044 theta omega^2 + -4.794 omega^3,-0.001 1 + -0.001 theta + 0.013 omega + 0.009 theta omega + -0.710 omega^2 + 0.088 theta omega^2 + -9.721 omega^3,-1.0124837919e-03,-9.9661111512e-04,1.3415006791e-02,-1.9063605125e-04,8.9972708662e-03,-7.1033164906e-01,-9.6976864087e-06,1.2533428178e-04,8.8217593539e-02,-9.7211704995e+00
43464,2025-01-22 12:45:00,0.057829,2.078203,1.470080,-0.001 1 + -0.001 theta + 1.040 omega + 0.013 theta omega + 0.068 omega^2 + 0.001 theta^2 omega + 0.007 theta omega^2 + -2.137 omega^3,-0.002 1 + -0.001 theta + 0.080 omega + 0.026 theta omega + 0.112 omega^2 + 0.003 theta^2 omega + 0.010 theta omega^2 + -4.115 omega^3,-1.6383009934e-03,-1.4709524012e-03,8.0057958265e-02,-4.7447052848e-04,2.6180227206e-02,1.1246990784e-01,-5.1831025098e-05,2.8709205370e-03,1.0161271500e-02,-4.1147062787e+00
43465,2025-01-22 12:50:00,1.678250,111.691882,78.987002,-0.036 1 + 0.002 theta + 1.197 omega + -0.015 theta omega + 0.379 omega^2 + 0.027 theta omega^2 + -2.199 omega^3,-0.074 1 + 0.004 theta + 0.423 omega + -0.030 theta omega + 0.606 omega^2 + 0.053 theta omega^2 + -4.081 omega^3,-7.3716991601e-02,4.0558614302e-03,4.2301373433e-01,-3.0655122791e-05,-3.0386661834e-02,6.0569082541e-01,0.0000000000e+00,1.3370177385e-04,5.2664911703e-02,-4.0813150498e+00
43466,2025-01-22 12:55:00,0.066087,8.398552,5.938857,0.033 1 + -0.004 theta + 0.579 omega + 0.029 theta omega + 1.720 omega^2 + -0.058 theta omega^2 + -2.056 omega^3,0.066 1 + -0.007 theta + -0.859 omega + 0.058 theta omega + 3.525 omega^2 + -0.001 theta^2 omega + -0.118 theta omega^2 + -4.228 omega^3,6.6389707772e-02,-7.2961412873e-03,-8.5896274191e-01,2.6489802263e-04,5.8381856646e-02,3.5249984446e+00,-3.2503676284e-06,-9.6957138573e-04,-1.1824705284e-01,-4.2282132950e+00
43467,2025-01-22 13:00:00,0.052255,3.405393,2.408260,0.011 1 + 1.141 omega + 0.010 theta omega + -0.210 omega^2 + 0.037 theta omega^2 + -3.251 omega^3,-0.012 1 + -0.228 omega + -0.001 theta omega + -1.659 omega^2 + 0.018 theta omega^2 + -4.681 omega^3,-1.1857557996e-02,-2.6772083667e-04,-2.2848913405e-01,-9.9824479671e-06,-5.9980391710e-04,-1.6591377568e+00,0.0000000000e+00,-1.1989809998e-04,1.8488422970e-02,-4.6808212756e+00
43468,2025-01-22 13:05:00,0.045032,2.537064,1.794258,-0.018 1 + -0.001 theta + 0.499 omega + -0.055 theta omega + -2.796 omega^2 + -0.001 theta^2 omega + -0.207 theta omega^2 + -2.701 omega^3,-0.034 1 + -0.002 theta + -0.981 omega + -0.109 theta omega + -5.496 omega^2 + -0.003 theta^2 omega + -0.411 theta omega^2 + -5.248 omega^3,-3.3785549526e-02,-2.1580902802e-03,-9.8136439563e-01,2.1305990494e-04,-1.0922041256e-01,-5.4960186007e+00,1.3504322999e-05,-2.5635570222e-03,-4.1116086076e-01,-5.2478522120e+00
43469,2025-01-22 13:10:00,0.056252,1.536450,1.087162,0.002 1 + 1.021 omega + -0.005 theta omega + -0.299 omega^2 + -0.003 theta^2 omega + -0.070 theta omega^2 + -1.635 omega^3,0.005 1 + -0.001 theta + 0.046 omega + -0.001 theta^2 + -0.010 theta omega + -0.603 omega^2 + -0.006 theta^2 omega + -0.118 theta omega^2 + -3.616 omega^3,5.0137104813e-03,-5.0355914057e-04,4.5634796411e-02,-9.5641376667e-04,-1.0013389825e-02,-6.0303620382e-01,-1.9990084533e-04,-6.2270298364e-03,-1.1803897037e-01,-3.6163100401e+00
43470,2025-01-22 13:15:00,nan,nan,nan,-0.001 1 + 1.007 omega + 0.004 theta omega + -0.001 omega^2 + -0.043 theta omega^2 + 1.016 omega^3,-0.001 1 + -0.001 theta + 0.017 omega + 0.008 theta omega + -0.021 omega^2 + -0.070 theta omega^2 + 1.631 omega^3,-1.2798644881e-03,-8.7838876994e-04,1.7465133741e-02,6.1269828737e-05,8.2051378643e-03,-2.0848808502e-02,1.5424805155e-06,-4.1634872666e-04,-7.0210708229e-02,1.6313489999e+00
43471,2025-01-22 13:20:00,0.029106,3.038351,2.148537,-0.015 1 + -0.001 theta + 1.465 omega + 0.015 theta omega + -4.666 omega^2 + -0.102 theta omega^2 + 16.839 omega^3,-0.007 1 + 0.159 omega + -0.003 theta omega + -0.719 omega^2 + 0.051 theta omega^2 + -0.970 omega^3,-6.5933007759e-03,-4.1505178266e-04,1.5900450778e-01,5.4823925266e-05,-2.7150660384e-03,-7.1856699624e-01,0.0000000000e+00,-4.0715493521e-04,5.0763653650e-02,-9.7040365648e-01
43472,2025-01-22 13:25:00,nan,nan,nan,0.001 1 + 0.001 theta + 0.866 omega + 0.006 theta omega + 1.391 omega^2 + 0.001 theta^2 omega + -0.145 theta omega^2 + -1.612 omega^3,0.024 1 + -0.003 theta + -0.438 omega + 0.048 theta omega + 2.261 omega^2 + -0.248 theta omega^2 + -1.400 omega^3,2.3675686189e-02,-2.6351962762e-03,-4.3821209825e-01,-1.9779698085e-05,4.8236744949e-02,2.2610889449e+00,0.0000000000e+00,3.5395166495e-04,-2.4830355791e-01,-1.4000987249e+00
43473,2025-01-22 13:30:00,0.072813,9.259399,6.547587,-0.002 1 + 0.001 theta + 0.943 omega + 0.003 theta omega + 0.278 omega^2 + -0.034 theta omega^2 + 0.833 omega^3,-0.005 1 + 0.002 theta + -0.097 omega + 0.006 theta omega + 0.442 omega^2 + -0.070 theta omega^2 + 1.949 omega^3,-5.3429617943e-03,2.0615897845e-03,-9.6907502396e-02,-1.2600534422e-04,5.8493882497e-03,4.4232208308e-01,1.7575238502e-06,1.7480047318e-04,-6.9857460654e-02,1.9492623752e+00
43474,2025-01-22 13:35:00,0.022393,1.040616,0.735997,-0.013 1 + 0.003 theta + 0.639 omega + -0.011 theta omega + 4.345 omega^2 + -0.025 theta omega^2 + -11.007 omega^3,0.026 1 + -0.548 omega + 0.009 theta omega + 3.377 omega^2 + -0.041 theta omega^2 + -6.281 omega^3,2.5961971999e-02,-4.9382897943e-04,-5.4828430937e-01,-3.9301522936e-06,9.1990481357e-03,3.3771331137e+00,0.0000000000e+00,5.2544955927e-05,-4.0813741815e-02,-6.2812302328e+00
43475,2025-01-22 13:40:00,0.020412,0.528752,0.374162,-0.011 1 + 1.279 omega + 0.003 theta omega + -2.486 omega^2 + -0.007 theta omega^2 + 7.062 omega^3,-0.001 1 + -0.001 theta + 0.089 omega + 0.010 theta omega + -1.260 omega^2 + -0.026 theta omega^2 + 4.226 omega^3,-5.3719290762e-04,-7.4430673479e-04,8.9396622397e-02,1.0050713119e-05,9.9212205611e-03,-1.2603693745e+00,0.0000000000e+00,-9.3374242867e-05,-2.6372878099e-02,4.2258728303e+00
43476,2025-01-22 13:45:00,0.016204,1.001812,0.708481,-0.002 1 + 0.001 theta + 0.998 omega + 0.010 theta omega + -0.692 omega^2 + -0.094 theta omega^2 + 5.964 omega^3,-0.005 1 + 0.002 theta + 0.023 omega + 0.017 theta omega + -1.604 omega^2 + 0.001 theta^2 omega + -0.171 theta omega^2 + 12.542 omega^3,-5.4472759907e-03,1.8511168193e-03,2.3057352224e-02,-2.0608165402e-04,1.7006531366e-02,-1.6035113396e+00,3.5501353207e-06,5.9396681257e-04,-1.7108531082e-01,1.2541939068e+01
43477,2025-01-22 13:50:00,nan,nan,nan,-0.054 1 + 0.001 theta + 1.862 omega + -0.024 theta omega + -3.679 omega^2 + 0.092 theta omega^2 + 2.999 omega^3,-0.063 1 + 0.002 theta + 0.956 omega + -0.031 theta omega + -3.473 omega^2 + 0.130 theta omega^2,-6.3311407861e-02,1.6273617294e-03,9.5584954668e-01,2.3503906082e-05,-3.1132356629e-02,-3.4727809180e+00,0.0000000000e+00,-1.4999086524e-04,1.3027172129e-01,0.0000000000e+00
43478,2025-01-22 13:55:00,0.037914,3.096876,2.189986,-0.005 1 + 1.061 omega + -0.013 theta omega + 0.216 omega^2 + 0.036 theta omega^2 + -1.724 omega^3,-0.007 1 + 0.148 omega + -0.007 theta omega + -0.587 omega^2 + 0.029 theta omega^2 + -0.143 omega^3,-7.4887280228e-03,3.5497342754e-04,1.4826450607e-01,-1.7100114555e-06,-7.0499588149e-03,-5.8659074705e-01,0.0000000000e+00,1.3474469525e-05,2.8620976130e-02,-1.4338939665e-01
43479,2025-01-22 14:00:00,0.038368,1.761888,1.246138,-0.018 1 + -0.001 theta + 0.756 omega + -0.011 theta omega + -1.086 omega^2 + -0.022 theta omega^2 + -1.588 omega^3,-0.030 1 + -0.002 theta + -0.420 omega + -0.020 theta omega + -1.954 omega^2 + -0.040 theta omega^2 + -2.959 omega^3,-2.9525410227e-02,-2.1231918168e-03,-4.2008685403e-01,-3.5850486578e-05,-1.9650160898e-02,-1.9541633102e+00,0.0000000000e+00,-2.3559946465e-04,-4.0238280353e-02,-2.9590223170e+00
43480,2025-01-22 14:05:00,0.052139,5.225746,3.695344,-0.002 theta + 1.039 omega + 0.007 theta omega + 0.186 omega^2 + 0.026 theta omega^2 + -2.944 omega^3,-0.003 theta + 0.080 omega + 0.013 theta omega + 0.346 omega^2 + -0.001 theta^2 omega + 0.051 theta omega^2 + -5.793 omega^3,3.2659571388e-04,-3.4240397377e-03,8.0378354965e-02,1.8189237269e-04,1.3260808381e-02,3.4636853492e-01,-1.5800447615e-06,-9.0189548595e-04,5.1282367794e-02,-5.7929801182e+00
43481,2025-01-22 14:10:00,0.017912,1.608263,1.137284,-0.009 1 + 1.269 omega + -0.008 theta omega + -2.211 omega^2 + 0.073 theta omega^2 + 4.437 omega^3,-0.019 1 + 0.541 omega + -0.016 theta omega + -4.424 omega^2 + -0.001 theta^2 omega + 0.142 theta omega^2 + 8.991 omega^3,-1.8660666323e-02,-1.2895660861e-04,5.4077993777e-01,1.0647865213e-04,-1.5629221542e-02,-4.4238991389e+00,0.0000000000e+00,-8.3325598099e-04,1.4232025902e-01,8.9914669486e+00
43482,2025-01-22 14:15:00,nan,nan,nan,-0.002 1 + 1.068 omega + -0.010 theta omega + -0.345 omega^2 + 0.026 theta omega^2 + 0.600 omega^3,-0.004 1 + 0.001 theta + 0.139 omega + -0.021 theta omega + -0.681 omega^2 + 0.001 theta^2 omega + 0.054 theta omega^2 + 1.115 omega^3,-3.8313371934e-03,8.5052522014e-04,1.3915250213e-01,-3.8240429511e-05,-2.0980880174e-02,-6.8124568451e-01,2.6429288230e-07,5.6515465824e-04,5.3572299405e-02,1.1151913561e+00
43483,2025-01-22 14:20:00,0.030714,4.065438,2.874781,0.013 1 + -0.001 theta + 0.606 omega + 0.017 theta omega + 3.251 omega^2 + -0.176 theta omega^2 + -2.567 omega^3,0.024 1 + -0.001 theta + -0.634 omega + 0.043 theta omega + 4.052 omega^2 + -0.349 theta omega^2 + 2.981 omega^3,2.3967644739e-02,-1.4049345454e-03,-6.3402837197e-01,-2.0193219806e-05,4.2563211687e-02,4.0519786746e+00,0.0000000000e+00,3.6982910906e-04,-3.4884035178e-01,2.9814776946e+00
43484,2025-01-22 14:25:00,0.115182,9.745873,6.891854,-0.004 1 + -0.003 theta + 1.026 omega + 0.012 theta omega + 0.864 omega^2 + -0.001 theta^2 omega + 0.032 theta omega^2 + -5.944 omega^3,-0.007 1 + -0.005 theta + 0.057 omega + 0.028 theta omega + 1.617 omega^2 + -0.003 theta^2 omega + 0.060 theta omega^2 + -12.043 omega^3,-6.5806367591e-03,-4.8403428906e-03,5.6682769665e-02,3.4091425608e-04,2.7577932685e-02,1.6167847768e+00,0.0000000000e+00,-2.5965079340e-03,5.9887659336e-02,-1.2043221774e+01
43485,2025-01-22 14:30:00,nan,nan,nan,-0.028 1 + 0.002 theta + 1.590 omega + -0.071 theta omega + -3.463 omega^2 + 0.002 theta^2 omega + 0.156 theta omega^2 + 10.902 omega^3,-0.052 1 + 0.007 theta + 1.178 omega + -0.150 theta omega + -8.190 omega^2 + 0.005 theta^2 omega + 0.371 theta omega^2 + 27.701 omega^3,-5.1515194043e-02,6.7386077372e-03,1.1778268076e+00,0.0000000000e+00,-1.5001400115e-01,-8.1901840953e+00,-1.4315690770e-05,4.7641917622e-03,3.7147017034e-01,2.7700947916e+01
43486,2025-01-22 14:35:00,0.029234,1.261146,0.892004,-0.001 theta + 0.990 omega + -0.003 theta omega + 0.041 omega^2 + 0.131 theta omega^2 + 2.348 omega^3,-0.001 theta + -0.020 omega + -0.006 theta omega + 0.106 omega^2 + 0.001 theta^2 omega + 0.243 theta omega^2 + 4.952 omega^3,-3.1309604307e-04,-1.3094183700e-03,-2.0283215333e-02,-3.5299784383e-05,-6.0951283772e-03,1.0619346569e-01,4.8002268749e-05,1.3884648421e-03,2.4337974358e-01,4.9517216582e+00
43487,2025-01-22 14:40:00,0.021994,2.571684,1.818522,0.104 1 + -0.007 theta + -1.156 omega + 0.106 theta omega + 13.368 omega^2 + -0.001 theta^2 omega + -0.384 theta omega^2 + -23.343 omega^3,0.238 1 + -0.015 theta + -4.840 omega + 0.240 theta omega + 29.778 omega^2 + -0.003 theta^2 omega + -0.847 theta omega^2 + -52.353 omega^3,2.3784720291e-01,-1.5391545417e-02,-4.8396208466e+00,2.4567354384e-04,2.3958351790e-01,2.9777546186e+01,0.0000000000e+00,-2.5222967444e-03,-8.4669605228e-01,-5.2353087883e+01
43488,2025-01-22 14:45:00,0.061319,2.310144,1.634094,-0.001 1 + -0.001 theta + 0.997 omega + 0.002 theta omega + 0.010 omega^2 + -0.002 theta omega^2 + 0.592 omega^3,-0.002 1 + -0.001 theta + -0.004 omega + 0.004 theta omega + 0.027 omega^2 + -0.003 theta omega^2 + 1.066 omega^3,-1.6641379662e-03,-1.4795746590e-03,-4.2928070632e-03,-3.1399977373e-04,4.3462410326e-03,2.7448175172e-02,-1.9198998223e-05,4.6705057608e-04,-2.9132661882e-03,1.0659293924e+00
43489,2025-01-22 14:50:00,0.063171,6.827476,4.827961,0.001 1 + 0.942 omega + 0.011 theta omega + 0.621 omega^2 + 0.001 theta^2 omega + -0.156 theta omega^2 + 1.031 omega^3,0.001 1 + -0.116 omega + 0.023 theta omega + 1.323 omega^2 + 0.001 theta^2 omega + -0.310 theta omega^2 + 1.202 omega^3,1.4929736566e-03,-6.8936635751e-05,-1.1633294603e-01,-6.9604592266e-05,2.2631138663e-02,1.3228234365e+00,0.0000000000e+00,1.0211900976e-03,-3.0997334788e-01,1.2023992302e+00
43490,2025-01-22 14:55:00,0.054319,58.613997,41.446373,-0.037 1 + -0.001 theta + 1.372 omega + -0.002 theta omega + 0.245 omega^2 + 0.023 theta omega^2 + -5.924 omega^3,-0.068 1 + 0.002 theta + 1.005 omega + -0.032 theta omega + -3.756 omega^2 + 0.120 theta omega^2 + 0.879 omega^3,-6.8123997134e-02,2.0523048435e-03,1.0049483764e+00,7.7820004092e-06,-3.1773172852e-02,-3.7559627770e+00,0.0000000000e+00,-6.7534343627e-05,1.2010967599e-01,8.7887823493e-01
43491,2025-01-22 15:00:00,0.030675,2.626662,1.857458,0.001 1 + -0.001 theta + 1.035 omega + 0.001 theta omega + -0.931 omega^2 + -0.040 theta omega^2 + 6.985 omega^3,0.002 1 + -0.001 theta + 0.072 omega + 0.003 theta omega + -1.843 omega^2 + -0.079 theta omega^2 + 13.723 omega^3,2.2335095531e-03,-1.2957753663e-03,7.2004216164e-02,1.2863819504e-04,2.6028327741e-03,-1.8430013674e+00,-4.6610664853e-06,4.3017957329e-04,-7.9332999908e-02,1.3722629130e+01
43492,2025-01-22 15:05:00,nan,nan,nan,0.007 1 + -0.003 theta + 0.913 omega + 0.015 theta omega + -0.109 omega^2 + -0.001 theta^2 omega + -0.020 theta omega^2 + 3.933 omega^3,0.012 1 + -0.005 theta + -0.153 omega + 0.001 theta^2 + 0.026 theta omega + -0.276 omega^2 + -0.001 theta^2 omega + -0.034 theta omega^2 + 8.079 omega^3,1.1560731698e-02,-4.8823612353e-03,-1.5324717384e-01,8.8668174675e-04,2.5845823295e-02,-2.7622932323e-01,-5.0904324404e-05,-1.4232185329e-03,-3.4160509881e-02,8.0785997568e+00
43493,2025-01-22 15:10:00,nan,nan,nan,-0.026 1 + 0.006 theta + 1.263 omega + -0.046 theta omega + -1.214 omega^2 + 0.001 theta^2 omega + 0.038 theta omega^2 + 5.206 omega^3,-0.015 1 + 0.004 theta + 0.059 omega + -0.028 theta omega + 0.049 omega^2 + 0.001 theta^2 omega + -0.023 theta omega^2 + 2.952 omega^3,-1.4948047666e-02,4.1111544880e-03,5.8903672423e-02,-1.4696949972e-04,-2.7880340326e-02,4.8871451364e-02,0.0000000000e+00,1.0504255007e-03,-2.2581957044e-02,2.9524478786e+00
43494,2025-01-22 15:15:00,nan,nan,nan,1.026 omega + 0.012 theta omega + -0.258 omega^2 + -0.060 theta omega^2 + 0.617 omega^3,-0.001 theta + 0.051 omega + 0.022 theta omega + -0.497 omega^2 + -0.119 theta omega^2 + 1.331 omega^3,-2.2564099009e-04,-8.1207644272e-04,5.0733713057e-02,1.5640814127e-04,2.2329944696e-02,-4.9723704912e-01,-7.3575382264e-06,-1.0538566834e-04,-1.1918379940e-01,1.3313563148e+00
43495,2025-01-22 15:20:00,0.049831,4.032003,2.851275,-0.011 1 + 1.049 omega + -0.007 theta omega + 0.929 omega^2 + -0.002 theta omega^2 + -3.784 omega^3,-0.022 1 + 0.089 omega + -0.013 theta omega + 1.915 omega^2 + -0.007 theta omega^2 + -7.634 omega^3,-2.1817016809e-02,-3.6550258538e-04,8.9141113543e-02,1.9276617760e-04,-1.3158634852e-02,1.9151546180e+00,-5.3693511154e-06,7.6759372964e-05,-6.8608563958e-03,-7.6342166694e+00
43496,2025-01-22 15:25:00,0.006195,0.097026,0.068748,1.010 omega + -0.001 theta omega + -0.041 omega^2 + 0.007 theta omega^2 + -0.245 omega^3,0.001 1 + -0.001 theta + 0.019 omega + -0.003 theta omega + -0.064 omega^2 + 0.016 theta omega^2 + -0.504 omega^3,6.9971725695e-04,-6.7445133969e-04,1.8995629679e-02,9.4899164903e-05,-2.7732382230e-03,-6.3670755677e-02,-3.3576120803e-06,-2.6605849401e-05,1.5540792610e-02,-5.0447318333e-01
43497,2025-01-22 15:30:00,0.067903,5.229980,3.698466,0.001 1 + 1.014 omega + -0.001 theta omega + -0.163 omega^2 + 0.030 theta omega^2 + -0.003 omega^3,-0.005 1 + -0.001 theta + 0.006 omega + -0.012 theta omega + 0.849 omega^2 + -0.001 theta^2 omega + 0.071 theta omega^2 + -4.764 omega^3,-4.5887228575e-03,-8.7127600867e-04,5.5898612534e-03,4.1140077410e-04,-1.1652589718e-02,8.4946021691e-01,-1.6177448085e-05,-8.1965916823e-04,7.0671610101e-02,-4.7643284148e+00
43498,2025-01-22 15:35:00,0.040831,1.736729,1.228392,0.002 1 + 0.004 theta + 1.037 omega + -0.001 theta^2 + -0.005 theta omega + -0.975 omega^2 + 0.195 theta omega^2 + -1.749 omega^3,0.005 1 + 0.007 theta + 0.076 omega + -0.003 theta^2 + -0.011 theta omega + -1.956 omega^2 + 0.390 theta omega^2 + -3.452 omega^3,4.5054877697e-03,7.2886814456e-03,7.5915738393e-02,-2.6566204205e-03,-1.0906793238e-02,-1.9559991576e+00,2.0797611578e-04,-2.6086716500e-04,3.9026503643e-01,-3.4522430641e+00
43499,2025-01-22 15:40:00,0.052736,2.729958,1.930732,1.004 omega + -0.022 omega^2 + -0.001 theta^2 omega + 0.025 theta omega^2 + -0.656 omega^3,0.001 1 + -0.001 theta + 0.009 omega + -0.001 theta omega + -0.058 omega^2 + -0.001 theta^2 omega + 0.050 theta omega^2 + -1.245 omega^3,9.4427749224e-04,-5.3440611488e-04,8.8614579401e-03,-2.7831978224e-04,-8.4556620546e-04,-5.7553979652e-02,-3.3033692417e-05,-1.1192548553e-03,5.0465650273e-02,-1.2454290705e+00
