Chunk_Index,Chunk_Start_Time,Sim_RMSE_Omega,Sim_RMSE_Theta,Sim_RMSE_Total,Eq_Theta,Eq_Omega,Coeff_Const,Coeff_Theta,Coeff_Omega,Coeff_Theta2,Coeff_ThetaOmega,Coeff_Omega2,Coeff_Theta3,Coeff_Theta2Omega,Coeff_ThetaOmega2,Coeff_Omega3
51000,2025-02-17 17:45:00,0.230375,5.059309,3.581178,-0.001 1 + 1.007 omega + 0.001 theta omega + 0.025 omega^2 + -0.062 theta omega^2 + -0.330 omega^3,-0.002 1 + 0.001 theta + 0.014 omega + 0.004 theta omega + 0.072 omega^2 + 0.001 theta^2 omega + -0.124 theta omega^2 + -0.421 omega^3,-1.8187418096e-03,8.5352009753e-04,1.3585044063e-02,-4.2852627197e-04,3.6931741708e-03,7.2234047325e-02,-8.8221225148e-05,8.9482197450e-04,-1.2436449387e-01,-4.2075198877e-01
51001,2025-02-17 17:50:00,0.009239,0.511403,0.361676,0.023 1 + 0.002 theta + 1.159 omega + 0.012 theta omega + 0.035 omega^2 + 0.002 theta omega^2 + -0.484 omega^3,0.050 1 + 0.005 theta + 0.398 omega + 0.032 theta omega + 0.534 omega^2 + 0.001 theta^2 omega + 0.021 theta omega^2 + -0.385 omega^3,5.0216089317e-02,4.7924636893e-03,3.9752128685e-01,1.1198671773e-04,3.2059030836e-02,5.3373889515e-01,0.0000000000e+00,6.4514794085e-04,2.1478554191e-02,-3.8468217609e-01
51002,2025-02-17 17:55:00,nan,nan,nan,0.003 1 + 1.100 omega + 0.008 theta omega + 0.617 omega^2 + 0.015 theta omega^2 + 1.591 omega^3,0.007 1 + 0.207 omega + 0.016 theta omega + 1.280 omega^2 + 0.032 theta omega^2 + 3.202 omega^3,6.6400245655e-03,-1.9431634699e-04,2.0692763207e-01,-1.1224964469e-04,1.6290483007e-02,1.2795122075e+00,-3.5872677692e-06,2.7799341296e-04,3.1902111898e-02,3.2022610613e+00
51003,2025-02-17 18:00:00,0.100088,2.111148,1.494484,0.001 1 + 1.011 omega + -0.024 omega^2 + 0.006 theta omega^2 + -0.283 omega^3,0.001 1 + -0.001 theta + 0.017 omega + -0.005 omega^2 + 0.009 theta omega^2 + -0.278 omega^3,1.4510047237e-03,-7.3761634767e-04,1.6886124267e-02,0.0000000000e+00,-2.2221855599e-04,-5.0815398357e-03,0.0000000000e+00,1.7744639835e-04,8.8204356795e-03,-2.7756807172e-01
51004,2025-02-17 18:05:00,nan,nan,nan,-0.046 1 + -0.003 theta + 0.227 omega + -0.058 theta omega + -2.832 omega^2 + -0.192 theta omega^2 + 0.337 omega^3,-0.126 1 + -0.012 theta + -1.715 omega + -0.140 theta omega + -4.918 omega^2 + -0.002 theta^2 omega + -0.358 theta omega^2 + 4.213 omega^3,-1.2596194154e-01,-1.1732319883e-02,-1.7147323725e+00,-2.3001553808e-04,-1.3998608728e-01,-4.9181116834e+00,0.0000000000e+00,-1.7936940242e-03,-3.5779202079e-01,4.2128412456e+00
51005,2025-02-17 18:10:00,0.028742,0.901227,0.637588,0.120 1 + 0.012 theta + 2.193 omega + 0.083 theta omega + 3.728 omega^2 + 0.001 theta^2 omega + 0.131 theta omega^2 + 3.574 omega^3,-0.002 1 + -0.122 omega + -0.005 theta omega + -0.765 omega^2 + -0.020 theta omega^2 + -1.257 omega^3,-2.1700236221e-03,1.0954006934e-04,-1.2207871208e-01,7.3511080910e-06,-5.1652391175e-03,-7.6519510024e-01,0.0000000000e+00,-5.8354245949e-05,-2.0403744559e-02,-1.2572041796e+00
51006,2025-02-17 18:15:00,nan,nan,nan,0.003 theta + 1.017 omega + -0.016 theta omega + -0.092 omega^2 + 0.001 theta^2 omega + 0.002 theta omega^2 + 0.205 omega^3,0.005 theta + 0.032 omega + -0.032 theta omega + -0.135 omega^2 + 0.002 theta^2 omega + 0.002 theta omega^2 + 0.333 omega^3,8.5288593262e-05,5.1952826478e-03,3.2214566565e-02,-4.0103332401e-04,-3.2245812402e-02,-1.3476607253e-01,6.1596110175e-06,1.7230146139e-03,1.5820099393e-03,3.3334269137e-01
51007,2025-02-17 18:20:00,0.040698,1.220589,0.863566,1.006 omega + 0.003 theta omega + -0.261 omega^2 + -0.004 theta omega^2 + -1.870 omega^3,-0.001 1 + -0.001 theta + 0.005 omega + 0.007 theta omega + -0.683 omega^2 + -0.017 theta omega^2 + -4.199 omega^3,-7.2331761606e-04,-9.2371265350e-04,5.4083144366e-03,-2.5254926173e-04,6.5266570326e-03,-6.8302637997e-01,-1.6820339988e-05,4.0701594444e-04,-1.6695411443e-02,-4.1990468919e+00
51008,2025-02-17 18:25:00,0.127201,3.895234,2.755815,0.001 1 + 1.011 omega + -0.002 theta omega + -0.127 omega^2 + -0.024 theta omega^2 + -0.826 omega^3,0.002 1 + 0.019 omega + -0.003 theta omega + -0.236 omega^2 + -0.050 theta omega^2 + -1.469 omega^3,1.9003400645e-03,-2.5151094637e-04,1.9489290268e-02,-2.7130472641e-04,-3.0294808462e-03,-2.3602271548e-01,-7.6172124213e-05,-4.4277777769e-04,-5.0205822726e-02,-1.4693249881e+00
51009,2025-02-17 18:30:00,0.049467,2.526693,1.786984,-0.001 1 + 1.018 omega + -0.003 theta omega + 0.178 omega^2 + -0.001 theta^2 omega + 0.060 theta omega^2 + -2.129 omega^3,-0.002 1 + -0.001 theta + 0.035 omega + -0.007 theta omega + 0.336 omega^2 + -0.002 theta^2 omega + 0.122 theta omega^2 + -4.135 omega^3,-1.6568799168e-03,-7.9088096419e-04,3.5412653414e-02,8.9926098321e-05,-6.5281814415e-03,3.3585076627e-01,7.9660747710e-06,-1.6825477276e-03,1.2231791803e-01,-4.1351882875e+00
51010,2025-02-17 18:35:00,0.128829,3.275098,2.317635,-0.001 theta + 1.012 omega + 0.002 theta omega + -0.107 omega^2 + 0.038 theta omega^2 + -0.799 omega^3,-0.002 theta + 0.025 omega + 0.004 theta omega + -0.202 omega^2 + 0.076 theta omega^2 + -1.560 omega^3,-1.4451071227e-04,-1.6675670483e-03,2.5269922382e-02,7.4885582506e-05,4.0119750691e-03,-2.0208894369e-01,9.6096723450e-06,-4.9361032492e-04,7.6241551929e-02,-1.5604136335e+00
51011,2025-02-17 18:40:00,0.055473,1.639641,1.160065,-0.007 1 + -0.002 theta + 0.904 omega + -0.017 theta omega + -0.137 omega^2 + -0.001 theta^2 omega + -0.004 theta omega^2 + 0.509 omega^3,-0.013 1 + -0.004 theta + -0.179 omega + -0.001 theta^2 + -0.032 theta omega + -0.238 omega^2 + -0.001 theta^2 omega + -0.003 theta omega^2 + 1.038 omega^3,-1.3421096367e-02,-4.4605599578e-03,-1.7912751195e-01,-6.3896351136e-04,-3.1802626432e-02,-2.3805831401e-01,-3.6410394529e-05,-1.4236604229e-03,-2.7664347182e-03,1.0378140517e+00
51012,2025-02-17 18:45:00,0.039132,0.797425,0.564543,-0.002 theta + 1.010 omega + 0.033 theta omega + -0.028 omega^2 + 0.014 theta^2 omega + 0.551 theta omega^2 + -0.949 omega^3,-0.001 1 + -0.004 theta + 0.023 omega + -0.001 theta^2 + 0.069 theta omega + -0.063 omega^2 + 0.029 theta^2 omega + 1.100 theta omega^2 + -1.850 omega^3,-8.9338037163e-04,-4.1334305483e-03,2.2507261914e-02,-6.8634968212e-04,6.8631856385e-02,-6.3075154350e-02,1.8228955723e-04,2.8753529212e-02,1.1002454379e+00,-1.8497101511e+00
51013,2025-02-17 18:50:00,0.057755,3.900286,2.758221,1.001 omega + 0.001 theta omega + 0.006 omega^2 + 0.025 theta omega^2 + -0.123 omega^3,-0.001 1 + 0.004 omega + 0.002 theta omega + 0.025 omega^2 + 0.053 theta omega^2 + -0.307 omega^3,-7.9573637290e-04,-3.9280102361e-04,4.1049523387e-03,9.6088772210e-05,2.2122978375e-03,2.5451948296e-02,-7.9929793821e-06,-4.7226403923e-04,5.3214253026e-02,-3.0728213752e-01
51014,2025-02-17 18:55:00,0.072141,2.964555,2.096877,0.006 1 + 0.002 theta + 1.024 omega + 0.009 theta omega + -0.204 omega^2 + 0.001 theta^2 omega + -0.024 theta omega^2 + -0.634 omega^3,0.012 1 + 0.004 theta + 0.046 omega + 0.016 theta omega + -0.463 omega^2 + 0.001 theta^2 omega + -0.058 theta omega^2 + -1.297 omega^3,1.2112972487e-02,3.8374751162e-03,4.5798551476e-02,1.9726252564e-05,1.6262432896e-02,-4.6282556069e-01,-4.7409525098e-05,1.4314652485e-03,-5.7798783897e-02,-1.2969952335e+00
51015,2025-02-17 19:00:00,0.067792,2.754984,1.948657,-0.004 theta + 1.044 omega + -0.012 theta omega + -0.191 omega^2 + -0.001 theta^2 omega + 0.005 theta omega^2 + -1.734 omega^3,-0.001 1 + -0.007 theta + 0.089 omega + -0.023 theta omega + -0.352 omega^2 + -0.001 theta^2 omega + 0.010 theta omega^2 + -3.327 omega^3,-6.2813196116e-04,-7.2144033089e-03,8.8840053728e-02,-4.4177361649e-04,-2.3309693471e-02,-3.5174751139e-01,-6.4923671124e-06,-1.1016140991e-03,1.0273497822e-02,-3.3269980230e+00
51016,2025-02-17 19:05:00,0.011080,0.217076,0.153695,0.001 1 + 1.006 omega + 0.001 theta omega + -0.179 omega^2 + 0.007 theta omega^2 + -1.454 omega^3,0.003 1 + 0.012 omega + 0.002 theta omega + -0.337 omega^2 + 0.014 theta omega^2 + -2.796 omega^3,2.5536821170e-03,1.3415206272e-04,1.2165531326e-02,-7.6651121897e-05,1.9316778281e-03,-3.3705456262e-01,-1.4758467142e-05,2.5778118390e-04,1.3667809962e-02,-2.7959272668e+00
51017,2025-02-17 19:10:00,0.096332,5.704017,4.033925,-0.002 1 + 0.002 theta + 0.971 omega + 0.008 theta omega + 0.021 omega^2 + 0.002 theta^2 omega + -0.054 theta omega^2 + 0.986 omega^3,-0.003 1 + 0.003 theta + -0.058 omega + 0.017 theta omega + 0.044 omega^2 + 0.004 theta^2 omega + -0.106 theta omega^2 + 1.995 omega^3,-3.4263176004e-03,2.9671040214e-03,-5.8418877638e-02,-4.1983144661e-04,1.6559239421e-02,4.4310975429e-02,-1.5677952380e-04,3.7909298309e-03,-1.0584821334e-01,1.9954973328e+00
51018,2025-02-17 19:15:00,0.071575,2.586263,1.829464,-0.002 theta + 1.010 omega + -0.001 theta^2 + -0.021 theta omega + -0.170 omega^2 + -0.003 theta^2 omega + -0.058 theta omega^2 + -4.598 omega^3,-0.001 1 + -0.005 theta + 0.023 omega + -0.001 theta^2 + -0.041 theta omega + -0.344 omega^2 + -0.006 theta^2 omega + -0.109 theta omega^2 + -9.055 omega^3,-9.2759908155e-04,-4.7287474766e-03,2.3210435812e-02,-1.3851274390e-03,-4.1040037708e-02,-3.4394682044e-01,-1.0730568998e-04,-6.0074649983e-03,-1.0918757335e-01,-9.0553241654e+00
51019,2025-02-17 19:20:00,nan,nan,nan,0.001 1 + -0.002 theta + 1.003 omega + -0.002 theta omega + 0.121 omega^2 + -0.044 theta omega^2 + 1.546 omega^3,0.002 1 + -0.004 theta + 0.007 omega + 0.001 theta^2 + -0.004 theta omega + 0.271 omega^2 + -0.088 theta omega^2 + 2.894 omega^3,2.1360716893e-03,-3.9507045456e-03,6.8842768706e-03,8.4881565956e-04,-3.5977537078e-03,2.7133874001e-01,-4.3126787646e-05,2.5411385741e-04,-8.8328951500e-02,2.8940358803e+00
51020,2025-02-17 19:25:00,nan,nan,nan,0.025 1 + 0.005 theta + 1.309 omega + 0.040 theta omega + 0.943 omega^2 + 0.001 theta^2 omega + 0.059 theta omega^2 + 0.466 omega^3,0.050 1 + 0.009 theta + 0.608 omega + 0.078 theta omega + 1.789 omega^2 + 0.002 theta^2 omega + 0.113 theta omega^2 + 0.755 omega^3,5.0115111730e-02,8.9818790247e-03,6.0765690263e-01,4.7080477078e-04,7.8258599296e-02,1.7889456863e+00,6.5594643076e-06,2.4706356777e-03,1.1312974645e-01,7.5504606340e-01
51021,2025-02-17 19:30:00,0.201586,15.152309,10.715249,0.001 1 + -0.001 theta + 1.015 omega + -0.002 theta omega + -0.408 omega^2 + 0.027 theta omega^2 + -3.390 omega^3,-0.001 1 + 0.011 omega + 0.007 theta omega + 0.027 omega^2 + 0.033 theta omega^2,-1.1772574241e-03,-2.2168164556e-04,1.0638102187e-02,-2.2501936352e-05,7.0694831142e-03,2.6557516756e-02,0.0000000000e+00,4.4961488090e-05,3.3439827114e-02,0.0000000000e+00
51022,2025-02-17 19:35:00,nan,nan,nan,0.001 1 + 1.002 omega + -0.004 theta omega + 0.111 omega^2 + -0.004 theta omega^2 + 0.253 omega^3,0.001 1 + -0.001 theta + 0.006 omega + -0.007 theta omega + 0.243 omega^2 + -0.010 theta omega^2 + 0.371 omega^3,1.0092897646e-03,-8.1410937125e-04,5.6085393655e-03,1.3809915013e-04,-7.3638215448e-03,2.4271175734e-01,-6.0953351949e-06,4.3442629825e-04,-9.6095990010e-03,3.7067474365e-01
51023,2025-02-17 19:40:00,nan,nan,nan,-0.002 theta + 1.012 omega + 0.002 theta omega + 0.023 omega^2 + 0.014 theta omega^2 + 0.226 omega^3,-0.004 theta + 0.028 omega + 0.006 theta omega + 0.048 omega^2 + -0.001 theta^2 omega + 0.025 theta omega^2 + 0.253 omega^3,4.8817460885e-04,-4.4115442993e-03,2.7994187876e-02,4.5001926827e-04,5.8061561039e-03,4.7692238466e-02,-9.8363368744e-06,-8.9468743481e-04,2.4943080401e-02,2.5282672566e-01
51024,2025-02-17 19:45:00,0.098279,9.319211,6.590043,0.006 1 + 0.999 omega + 0.001 theta omega + -0.250 omega^2 + -0.014 theta omega^2 + -0.243 omega^3,0.012 1 + -0.002 omega + 0.002 theta omega + -0.536 omega^2 + -0.027 theta omega^2 + -0.557 omega^3,1.1871305031e-02,8.3565449028e-05,-1.5595727341e-03,-4.7802865051e-04,1.6508054030e-03,-5.3599818455e-01,-3.8783363707e-05,4.1621861527e-05,-2.7426915308e-02,-5.5679670835e-01
51025,2025-02-17 19:50:00,0.059200,1.424843,1.008385,-0.001 1 + 0.002 theta + 1.007 omega + -0.002 theta omega + 0.318 omega^2 + 0.019 theta omega^2 + -0.171 omega^3,-0.003 1 + 0.003 theta + -0.003 omega + 0.001 theta^2 + -0.010 theta omega + 0.508 omega^2 + -0.002 theta^2 omega + 0.012 theta omega^2 + -0.536 omega^3,-3.3654073488e-03,2.7285719725e-03,-3.3715300628e-03,7.7091924290e-04,-1.0309966861e-02,5.0782322430e-01,3.3955012457e-05,-1.6502802391e-03,1.2007241620e-02,-5.3567962465e-01
51026,2025-02-17 19:55:00,0.096113,5.711356,4.039111,0.003 1 + 1.025 omega + -0.001 theta omega + -0.190 omega^2 + -0.001 theta^2 omega + 0.026 theta omega^2 + -1.397 omega^3,0.006 1 + -0.001 theta + 0.053 omega + -0.001 theta omega + -0.415 omega^2 + -0.003 theta^2 omega + 0.058 theta omega^2 + -3.018 omega^3,5.6054076870e-03,-8.1188243565e-04,5.3044905734e-02,-2.1181327881e-04,-1.0082462227e-03,-4.1455330222e-01,3.9485561229e-06,-2.6704740733e-03,5.8455885999e-02,-3.0180955300e+00
51027,2025-02-17 20:00:00,0.081273,2.362154,1.671284,-0.061 1 + -0.002 theta + 0.784 omega + -0.021 theta omega + 1.338 omega^2 + -0.001 theta^2 omega + 0.065 theta omega^2 + -0.212 omega^3,-0.057 1 + -0.004 theta + -0.355 omega + -0.029 theta omega + 0.138 omega^2 + -0.001 theta^2 omega + -0.002 theta omega^2 + -0.100 omega^3,-5.7406220666e-02,-3.6494834304e-03,-3.5520455259e-01,-4.3771396929e-05,-2.9160062147e-02,1.3765549795e-01,0.0000000000e+00,-5.6936438643e-04,-2.0272062133e-03,-9.9704173437e-02
51028,2025-02-17 20:05:00,0.012918,0.540828,0.382532,0.004 1 + -0.001 theta + 0.881 omega + 0.013 theta omega + 0.888 omega^2 + -0.059 theta omega^2 + -1.232 omega^3,-0.002 1 + 0.002 theta + -0.093 omega + -0.004 theta omega + 1.203 omega^2 + -0.040 theta omega^2 + -2.232 omega^3,-2.1100871809e-03,1.9442098774e-03,-9.2850063727e-02,-1.1618679210e-04,-4.3722546314e-03,1.2029421038e+00,1.7134844506e-06,2.9973753874e-04,-3.9569843507e-02,-2.2316674933e+00
51029,2025-02-17 20:10:00,0.351292,26.838779,18.979508,-0.001 1 + 0.957 omega + -0.017 theta omega + 1.654 omega^2 + 0.068 theta omega^2 + -7.821 omega^3,-0.007 1 + 0.155 omega + -0.010 theta omega + 0.010 omega^2 + 0.098 theta omega^2 + -5.876 omega^3,-7.1916168194e-03,-2.2345834289e-04,1.5480383205e-01,3.9081212374e-05,-1.0348792774e-02,1.0169023160e-02,0.0000000000e+00,-3.3633755542e-04,9.8310591241e-02,-5.8759444195e+00
51030,2025-02-17 20:15:00,nan,nan,nan,-0.001 theta + 1.012 omega + -0.005 theta omega + 0.037 omega^2 + 0.563 omega^3,-0.001 1 + -0.002 theta + 0.025 omega + -0.010 theta omega + 0.066 omega^2 + 0.001 theta^2 omega + 0.001 theta omega^2 + 1.135 omega^3,-6.0535979675e-04,-2.0298672391e-03,2.5475768409e-02,3.6733900043e-04,-9.7635530433e-03,6.5786054360e-02,-1.6165964539e-05,5.5668850891e-04,1.3693009253e-03,1.1352150016e+00
51031,2025-02-17 20:20:00,0.033490,1.118289,0.791104,-0.001 theta + 1.018 omega + -0.002 theta omega + 0.020 omega^2 + -0.001 theta^2 omega + 0.048 theta omega^2 + -1.006 omega^3,-0.001 theta + 0.041 omega + -0.004 theta omega + 0.035 omega^2 + -0.002 theta^2 omega + 0.102 theta omega^2 + -2.306 omega^3,-3.5238586239e-04,-1.3008499497e-03,4.0685966397e-02,5.3726493600e-05,-4.1164466104e-03,3.5251490926e-02,2.4886398892e-05,-2.1099673745e-03,1.0226459232e-01,-2.3062157822e+00
51032,2025-02-17 20:25:00,0.013899,0.339921,0.240561,0.017 1 + -0.002 theta + 0.699 omega + 0.027 theta omega + 1.103 omega^2 + -0.107 theta omega^2 + 1.850 omega^3,0.032 1 + -0.003 theta + -0.577 omega + 0.053 theta omega + 2.164 omega^2 + -0.001 theta^2 omega + -0.210 theta omega^2 + 3.577 omega^3,3.1765501201e-02,-3.1534806187e-03,-5.7683355493e-01,2.9197449727e-05,5.2544133420e-02,2.1640263548e+00,1.9640580227e-06,-5.3673246513e-04,-2.1048857525e-01,3.5769602326e+00
51033,2025-02-17 20:30:00,0.139064,11.207722,7.925666,0.002 1 + -0.003 theta + 0.994 omega + 0.022 theta omega + 0.371 omega^2 + -0.001 theta^2 omega + -0.003 theta omega^2 + -4.435 omega^3,0.004 1 + -0.005 theta + -0.011 omega + 0.043 theta omega + 0.734 omega^2 + -0.002 theta^2 omega + -0.006 theta omega^2 + -8.832 omega^3,4.2989787234e-03,-5.0915084219e-03,-1.0620346265e-02,2.8900553892e-04,4.3152553070e-02,7.3407766660e-01,-3.2389621376e-06,-1.9257891582e-03,-5.9154835842e-03,-8.8321485514e+00
51034,2025-02-17 20:35:00,0.045102,1.332197,0.942545,0.001 1 + -0.001 theta + 1.011 omega + -0.008 theta omega + 0.072 omega^2 + 0.008 theta omega^2 + -0.227 omega^3,0.002 1 + -0.002 theta + 0.024 omega + -0.016 theta omega + 0.146 omega^2 + 0.001 theta^2 omega + 0.016 theta omega^2 + -0.494 omega^3,2.0800336119e-03,-1.6114091393e-03,2.3783352552e-02,2.8901740719e-04,-1.5966680336e-02,1.4636087282e-01,-1.3718420507e-05,9.8876461960e-04,1.5731786469e-02,-4.9377558809e-01
51035,2025-02-17 20:40:00,0.513182,17.128668,12.117232,1.021 omega + 0.019 theta omega + -0.240 omega^2 + 0.004 theta^2 omega + -0.088 theta omega^2 + -1.148 omega^3,-0.001 1 + 0.045 omega + 0.039 theta omega + -0.469 omega^2 + 0.008 theta^2 omega + -0.164 theta omega^2 + -2.479 omega^3,-8.4225350832e-04,2.6015085559e-04,4.5100787488e-02,6.7870386767e-05,3.8891879548e-02,-4.6906291457e-01,-2.2308453765e-05,8.3059680778e-03,-1.6443446674e-01,-2.4793797939e+00
51036,2025-02-17 20:45:00,0.070412,2.698702,1.908920,-0.001 theta + 1.026 omega + 0.010 theta omega + 0.262 omega^2 + -0.001 theta^2 omega + 0.037 theta omega^2 + -3.401 omega^3,-0.001 1 + -0.003 theta + 0.051 omega + 0.019 theta omega + 0.503 omega^2 + -0.002 theta^2 omega + 0.073 theta omega^2 + -6.610 omega^3,-7.1571394036e-04,-2.8396195176e-03,5.1395698206e-02,7.0648435264e-05,1.8870388455e-02,5.0251791900e-01,8.0070926490e-06,-1.8914048342e-03,7.3017533257e-02,-6.6103621958e+00
51037,2025-02-17 20:50:00,nan,nan,nan,0.003 1 + 0.938 omega + 0.015 theta omega + 0.131 omega^2 + -0.073 theta omega^2 + 2.158 omega^3,0.005 1 + -0.001 theta + -0.118 omega + 0.031 theta omega + 0.181 omega^2 + -0.001 theta^2 omega + -0.155 theta omega^2 + 5.000 omega^3,5.1597233090e-03,-7.9148600309e-04,-1.1797745061e-01,-8.1483195605e-05,3.0715769716e-02,1.8095924435e-01,5.6346317530e-06,-5.5269439677e-04,-1.5491196570e-01,5.0004638914e+00
51038,2025-02-17 20:55:00,nan,nan,nan,-0.030 1 + 0.005 theta + 1.451 omega + -0.078 theta omega + -1.178 omega^2 + 0.003 theta^2 omega + 0.077 theta omega^2 + 1.278 omega^3,-0.060 1 + 0.009 theta + 0.904 omega + -0.156 theta omega + -2.360 omega^2 + 0.007 theta^2 omega + 0.153 theta omega^2 + 2.620 omega^3,-6.0360312190e-02,9.4777431113e-03,9.0404730792e-01,-1.1502136050e-04,-1.5598092890e-01,-2.3599376294e+00,-1.8645327443e-05,6.6006345015e-03,1.5309889031e-01,2.6202802359e+00
51039,2025-02-17 21:00:00,0.026891,2.944825,2.082393,0.015 1 + -0.001 theta + 1.299 omega + -0.004 theta omega + 1.422 omega^2 + 0.031 theta omega^2 + 0.532 omega^3,0.025 1 + -0.003 theta + 0.446 omega + -0.007 theta omega + 1.288 omega^2 + -0.001 theta^2 omega + 0.056 theta omega^2 + -3.065 omega^3,2.4744114948e-02,-2.5625658596e-03,4.4594310374e-01,-8.8862453140e-05,-6.5920102259e-03,1.2881878515e+00,0.0000000000e+00,-5.5370508554e-04,5.6476821990e-02,-3.0653850378e+00
51040,2025-02-17 21:05:00,nan,nan,nan,0.006 1 + -0.001 theta + 1.187 omega + 0.001 theta omega + 1.576 omega^2 + -0.001 theta^2 omega + 0.059 theta omega^2 + 2.793 omega^3,0.005 1 + -0.001 theta + 0.202 omega + -0.002 theta omega + 1.902 omega^2 + -0.001 theta^2 omega + 0.050 theta omega^2 + 4.488 omega^3,5.1999015201e-03,-9.7106120721e-04,2.0163717592e-01,-7.5737362802e-05,-2.2569504115e-03,1.9022850551e+00,0.0000000000e+00,-6.0358476176e-04,4.9922169238e-02,4.4875121940e+00
51041,2025-02-17 21:10:00,nan,nan,nan,0.017 1 + 0.001 theta + 1.240 omega + 0.023 theta omega + 0.722 omega^2 + 0.011 theta omega^2 + 2.400 omega^3,0.035 1 + 0.002 theta + 0.490 omega + 0.046 theta omega + 1.480 omega^2 + 0.001 theta^2 omega + 0.023 theta omega^2 + 4.871 omega^3,3.5449391870e-02,1.5592437315e-03,4.8981395517e-01,-1.5224637049e-04,4.5940776833e-02,1.4804800089e+00,-5.7712908734e-06,9.9935144158e-04,2.2880077208e-02,4.8709728218e+00
51042,2025-02-17 21:15:00,0.013430,1.620651,1.146013,-0.001 1 + 1.036 omega + 0.003 theta omega + 1.027 omega^2 + -0.008 theta omega^2 + 6.312 omega^3,-0.002 1 + 0.069 omega + -0.001 theta omega + 1.706 omega^2 + -0.009 theta omega^2 + 9.185 omega^3,-2.3978738277e-03,-3.7290954166e-04,6.9319038834e-02,-5.0757025860e-05,-1.2967684345e-03,1.7057350820e+00,0.0000000000e+00,-2.8940509492e-04,-9.4406785285e-03,9.1846947486e+00
51043,2025-02-17 21:20:00,0.006154,0.151768,0.107404,0.004 1 + 1.023 omega + 0.002 theta omega + -0.168 omega^2 + -0.006 theta omega^2 + -0.314 omega^3,0.007 1 + 0.001 theta + 0.067 omega + 0.006 theta omega + 0.024 omega^2 + 0.005 theta omega^2 + -0.512 omega^3,6.9511580433e-03,8.9568523181e-04,6.7307907227e-02,3.2073666327e-05,6.3979280197e-03,2.3717969579e-02,0.0000000000e+00,1.7025388427e-04,4.9685180049e-03,-5.1242294879e-01
51044,2025-02-17 21:25:00,0.011913,0.609275,0.430905,0.008 1 + 0.002 theta + 0.701 omega + -0.020 theta omega + 2.451 omega^2 + 0.032 theta omega^2 + -5.011 omega^3,0.015 1 + 0.004 theta + -0.577 omega + -0.037 theta omega + 5.038 omega^2 + 0.076 theta omega^2 + -12.067 omega^3,1.5219126722e-02,3.8471288328e-03,-5.7708837163e-01,-5.0411130254e-05,-3.7238180765e-02,5.0378084438e+00,0.0000000000e+00,3.2869895721e-04,7.6269542594e-02,-1.2066795632e+01
51045,2025-02-17 21:30:00,nan,nan,nan,0.002 1 + 0.001 theta + 1.065 omega + 0.032 theta omega + -0.235 omega^2 + 0.093 theta omega^2 + -1.392 omega^3,0.004 1 + 0.002 theta + 0.091 omega + 0.037 theta omega + -0.488 omega^2 + 0.161 theta omega^2 + -5.363 omega^3,3.7614644116e-03,1.6711869620e-03,9.1232419532e-02,-3.3883650275e-05,3.6991047833e-02,-4.8822412423e-01,0.0000000000e+00,-1.9699305979e-04,1.6085509301e-01,-5.3629011888e+00
51046,2025-02-17 21:35:00,nan,nan,nan,0.001 1 + 0.982 omega + -0.007 theta omega + -0.019 omega^2 + -0.001 theta^2 omega + 0.004 theta omega^2 + 0.830 omega^3,0.001 1 + 0.001 theta + -0.037 omega + -0.014 theta omega + -0.042 omega^2 + -0.001 theta^2 omega + 0.005 theta omega^2 + 1.774 omega^3,1.3022055477e-03,7.3315732829e-04,-3.6976954990e-02,1.9033481970e-04,-1.4062122933e-02,-4.1576382148e-02,1.0398605087e-05,-1.3413033518e-03,5.3903925645e-03,1.7742398654e+00
51047,2025-02-17 21:40:00,0.074801,3.169016,2.241457,-0.001 theta + 1.011 omega + -0.003 theta omega + 0.045 omega^2 + -0.017 theta omega^2 + -0.652 omega^3,-0.001 theta + 0.024 omega + -0.006 theta omega + 0.107 omega^2 + -0.040 theta omega^2 + -1.509 omega^3,-1.8919284379e-06,-1.3933560509e-03,2.4135622423e-02,4.8416773932e-04,-5.9724873083e-03,1.0650724846e-01,-4.2239590265e-05,1.6396163627e-04,-3.9596969233e-02,-1.5086615186e+00
51048,2025-02-17 21:45:00,0.232072,11.831048,8.367424,1.010 omega + 0.005 theta omega + 0.084 omega^2 + 0.031 theta omega^2 + -2.664 omega^3,-0.001 theta + 0.019 omega + 0.010 theta omega + 0.049 omega^2 + -0.012 theta omega^2 + -2.276 omega^3,2.3773654755e-04,-5.3637744360e-04,1.8505780027e-02,-6.9942555710e-07,1.0323985526e-02,4.8532339809e-02,0.0000000000e+00,-1.5249510292e-04,-1.2117125792e-02,-2.2757820995e+00
51049,2025-02-17 21:50:00,0.016336,0.330629,0.234075,-0.092 1 + 0.015 theta + 2.207 omega + -0.001 theta^2 + -0.120 theta omega + -5.702 omega^2 + 0.003 theta^2 omega + 0.238 theta omega^2 + 10.611 omega^3,-0.008 1 + 0.001 theta + 0.140 omega + -0.014 theta omega + -0.906 omega^2 + 0.039 theta omega^2 + 1.978 omega^3,-7.9707594471e-03,1.2098621888e-03,1.4002969617e-01,-4.1084389685e-05,-1.4252209075e-02,-9.0626597726e-01,0.0000000000e+00,3.2989197252e-04,3.8902576219e-02,1.9777397073e+00
51050,2025-02-17 21:55:00,0.030019,0.559823,0.396424,-0.003 1 + 0.847 omega + -0.033 theta omega + -1.453 omega^2 + -0.001 theta^2 omega + -0.250 theta omega^2 + 0.348 omega^3,-0.005 1 + -0.303 omega + 0.001 theta^2 + -0.065 theta omega + -2.916 omega^2 + -0.001 theta^2 omega + -0.509 theta omega^2 + 1.007 omega^3,-4.9467011714e-03,3.0066761659e-04,-3.0332180348e-01,6.0093961318e-04,-6.5237071365e-02,-2.9158095059e+00,6.7179145218e-05,-1.2396480714e-03,-5.0874877887e-01,1.0069999759e+00
51051,2025-02-17 22:00:00,0.073459,7.050775,4.985921,0.025 1 + 0.003 theta + 1.176 omega + 0.016 theta omega + 0.257 omega^2 + 0.021 theta omega^2 + -0.087 omega^3,0.055 1 + 0.005 theta + 0.403 omega + 0.037 theta omega + 0.590 omega^2 + 0.054 theta omega^2 + -0.522 omega^3,5.4713694847e-02,5.4299075554e-03,4.0278683037e-01,7.7075757007e-05,3.7257346864e-02,5.8986821445e-01,0.0000000000e+00,3.7171201818e-04,5.3667345256e-02,-5.2185372988e-01
51052,2025-02-17 22:05:00,0.058470,2.718371,1.922623,-0.005 theta + 0.999 omega + -0.003 theta^2 + 0.001 theta omega + -0.997 omega^2 + -0.322 theta omega^2 + -0.972 omega^3,-0.001 1 + -0.009 theta + 0.002 omega + -0.005 theta^2 + 0.003 theta omega + -1.960 omega^2 + -0.001 theta^3 + 0.001 theta^2 omega + -0.631 theta omega^2 + -2.511 omega^3,-8.7214955220e-04,-9.2712416685e-03,2.0232062962e-03,-5.4140430738e-03,3.3146301364e-03,-1.9602503072e+00,-7.8747720870e-04,7.0343444748e-04,-6.3059156645e-01,-2.5106168534e+00
51053,2025-02-17 22:10:00,0.085195,2.444083,1.729277,0.002 1 + -0.002 theta + 0.963 omega + 0.010 theta omega + 0.276 omega^2 + -0.001 theta^2 omega + -0.026 theta omega^2 + -0.667 omega^3,0.004 1 + -0.004 theta + -0.071 omega + 0.001 theta^2 + 0.020 theta omega + 0.586 omega^2 + -0.001 theta^2 omega + -0.055 theta omega^2 + -1.444 omega^3,4.3036127829e-03,-3.7097662242e-03,-7.1190723125e-02,8.8117303480e-04,2.0096383533e-02,5.8629475319e-01,-5.8103840867e-05,-1.3836263141e-03,-5.5172885530e-02,-1.4439145414e+00
51054,2025-02-17 22:15:00,nan,nan,nan,-0.001 1 + 0.988 omega + -0.002 theta omega + 0.103 omega^2 + -0.014 theta omega^2 + 1.146 omega^3,-0.001 1 + -0.024 omega + -0.004 theta omega + 0.206 omega^2 + 0.001 theta^2 omega + -0.029 theta omega^2 + 2.434 omega^3,-1.1841368025e-03,-1.0677150163e-04,-2.4280171657e-02,1.8178898658e-04,-4.3938529379e-03,2.0607119664e-01,-1.6917549693e-05,5.0753163176e-04,-2.8798384744e-02,2.4343282699e+00
51055,2025-02-17 22:20:00,0.009157,0.214793,0.152019,0.001 1 + -0.001 theta + 1.012 omega + 0.004 theta omega + 0.099 omega^2 + -0.019 theta omega^2 + -1.704 omega^3,0.001 1 + -0.003 theta + 0.027 omega + 0.001 theta^2 + 0.007 theta omega + 0.217 omega^2 + -0.040 theta omega^2 + -3.392 omega^3,1.3578117808e-03,-2.7963301915e-03,2.7121737078e-02,6.4326219857e-04,6.7339776855e-03,2.1701538416e-01,-3.3774139225e-05,-4.7430078393e-04,-4.0497884868e-02,-3.3923467319e+00
51056,2025-02-17 22:25:00,0.052656,5.747592,4.064332,-0.014 1 + -0.001 theta + 0.764 omega + -0.006 theta omega + -1.238 omega^2 + -0.019 theta omega^2 + -1.962 omega^3,-0.026 1 + -0.001 theta + -0.449 omega + -0.012 theta omega + -2.362 omega^2 + -0.039 theta omega^2 + -3.641 omega^3,-2.6451855114e-02,-1.0403322098e-03,-4.4890201275e-01,-9.2228715568e-06,-1.2109266376e-02,-2.3619803300e+00,0.0000000000e+00,-3.9358547508e-05,-3.8600569143e-02,-3.6411539616e+00
51057,2025-02-17 22:30:00,0.031217,2.145168,1.517023,0.010 1 + 0.002 theta + 0.898 omega + -0.003 theta omega + -1.035 omega^2 + -0.057 theta omega^2 + -1.370 omega^3,0.004 1 + 0.001 theta + -0.107 omega + -0.002 theta omega + -0.976 omega^2 + -0.045 theta omega^2 + -1.628 omega^3,3.6238407335e-03,9.0486922478e-04,-1.0725933542e-01,4.3326401740e-05,-1.7600473610e-03,-9.7577505105e-01,0.0000000000e+00,2.9153624611e-04,-4.4764412504e-02,-1.6276134094e+00
51058,2025-02-17 22:35:00,0.035669,3.021830,2.136906,-0.010 1 + 0.789 omega + 0.002 theta omega + -1.617 omega^2 + 0.013 theta omega^2 + -4.433 omega^3,-0.017 1 + -0.395 omega + 0.005 theta omega + -3.175 omega^2 + 0.030 theta omega^2 + -8.965 omega^3,-1.6951007977e-02,3.1326505954e-04,-3.9522421890e-01,1.7384454607e-06,4.9471122009e-03,-3.1747622458e+00,0.0000000000e+00,-3.8965882925e-05,2.9612149881e-02,-8.9649289379e+00
51059,2025-02-17 22:40:00,0.048477,3.565993,2.521771,1.011 omega + -0.001 theta omega + 0.021 omega^2 + -0.001 theta^2 omega + 0.024 theta omega^2 + -0.691 omega^3,0.022 omega + -0.003 theta omega + 0.055 omega^2 + -0.001 theta^2 omega + 0.048 theta omega^2 + -1.402 omega^3,-1.7924151772e-04,2.1832251805e-04,2.2236055844e-02,2.0643982558e-04,-3.4479458836e-03,5.5293710571e-02,-3.7211203463e-06,-1.4384978025e-03,4.8418050534e-02,-1.4017853343e+00
51060,2025-02-17 22:45:00,0.028574,2.357214,1.666925,-0.003 1 + -0.001 theta + 0.968 omega + 0.005 theta omega + 0.951 omega^2 + 0.002 theta omega^2 + -4.142 omega^3,0.025 1 + -0.003 theta + -0.531 omega + 0.026 theta omega + 4.288 omega^2 + -0.001 theta^2 omega + -0.032 theta omega^2 + -12.298 omega^3,2.4802508245e-02,-3.0689215824e-03,-5.3114896195e-01,7.7239492979e-05,2.5719664470e-02,4.2878378038e+00,0.0000000000e+00,-5.4009364650e-04,-3.2437923189e-02,-1.2298030829e+01
51061,2025-02-17 22:50:00,0.012781,0.299743,0.212143,0.009 1 + -0.001 theta + 0.936 omega + 0.006 theta omega + 0.140 omega^2 + -0.003 theta omega^2 + -0.326 omega^3,0.018 1 + -0.003 theta + -0.139 omega + 0.014 theta omega + 0.329 omega^2 + -0.008 theta omega^2 + -0.690 omega^3,1.8318886004e-02,-3.0369473420e-03,-1.3901456237e-01,1.5776740989e-04,1.4071651704e-02,3.2941182641e-01,-2.9038412606e-06,-3.2386724038e-04,-8.4315572541e-03,-6.9003241659e-01
51062,2025-02-17 22:55:00,nan,nan,nan,-0.006 1 + -0.002 theta + 1.006 omega + -0.001 theta^2 + -0.002 theta omega + 0.880 omega^2 + -0.001 theta^2 omega + 0.226 theta omega^2 + 0.062 omega^3,-0.012 1 + -0.005 theta + 0.011 omega + -0.001 theta^2 + -0.005 theta omega + 1.746 omega^2 + -0.002 theta^2 omega + 0.449 theta omega^2 + 0.093 omega^3,-1.1737574138e-02,-4.7240308390e-03,1.1080118641e-02,-1.0490310760e-03,-4.6655912525e-03,1.7461671373e+00,-1.4650078388e-04,-1.6814930064e-03,4.4907463224e-01,9.2574165070e-02
51063,2025-02-17 23:00:00,0.190265,10.032010,7.094978,0.002 1 + 0.998 omega + 0.004 theta omega + -0.021 omega^2 + -0.017 theta omega^2 + -0.062 omega^3,0.004 1 + 0.001 theta + -0.005 omega + 0.006 theta omega + -0.023 omega^2 + -0.001 theta^2 omega + -0.041 theta omega^2 + 0.042 omega^3,3.6674622558e-03,6.9331999922e-04,-4.5861914940e-03,-3.2014047988e-04,6.2874650133e-03,-2.2770086036e-02,1.8530607512e-05,-7.4111263392e-04,-4.0585492244e-02,4.2129238774e-02
51064,2025-02-17 23:05:00,0.076346,2.339309,1.655022,-0.010 1 + -0.003 theta + 1.008 omega + 0.008 theta omega + 0.376 omega^2 + 0.001 theta^2 omega + 0.056 theta omega^2 + 0.022 omega^3,-0.020 1 + -0.005 theta + 0.019 omega + 0.015 theta omega + 0.756 omega^2 + 0.002 theta^2 omega + 0.115 theta omega^2 + -0.003 omega^3,-1.9845773756e-02,-5.3598091906e-03,1.8852151707e-02,-8.2235063810e-05,1.5446610853e-02,7.5591795312e-01,2.9926598049e-05,2.3591287529e-03,1.1461757549e-01,-2.6603997071e-03
51065,2025-02-17 23:10:00,0.065892,4.838418,3.421595,0.014 1 + -0.001 theta + 0.784 omega + 0.014 theta omega + 0.904 omega^2 + -0.034 theta omega^2 + -0.624 omega^3,0.026 1 + -0.002 theta + -0.404 omega + 0.027 theta omega + 1.647 omega^2 + -0.066 theta omega^2 + -0.861 omega^3,2.5860761665e-02,-2.2161699244e-03,-4.0424064780e-01,4.4747659922e-05,2.6666377656e-02,1.6474034092e+00,0.0000000000e+00,-3.7548617759e-04,-6.6161195119e-02,-8.6081289568e-01
51066,2025-02-17 23:15:00,nan,nan,nan,-0.033 1 + 0.003 theta + 1.217 omega + -0.027 theta omega + 0.022 omega^2 + 0.001 theta^2 omega + 0.005 theta omega^2 + -0.059 omega^3,-0.063 1 + 0.006 theta + 0.409 omega + -0.052 theta omega + 0.137 omega^2 + 0.001 theta^2 omega + 0.005 theta omega^2 + -0.212 omega^3,-6.3439435121e-02,6.3904199476e-03,4.0942431266e-01,-1.0946501699e-04,-5.2023693074e-02,1.3652419659e-01,-1.9631008587e-06,1.4054183124e-03,5.1553490995e-03,-2.1167391777e-01
51067,2025-02-17 23:20:00,0.037219,2.688498,1.901237,1.028 omega + -0.001 theta omega + -0.325 omega^2 + 0.018 theta omega^2 + 1.267 omega^3,0.001 1 + -0.001 theta + 0.059 omega + -0.002 theta omega + -0.705 omega^2 + 0.040 theta omega^2 + 2.497 omega^3,5.3228744660e-04,-7.8819071710e-04,5.8805905278e-02,1.0289356075e-04,-1.6815521213e-03,-7.0522514927e-01,-1.4264585705e-06,-4.8186902498e-04,3.9712653153e-02,2.4971390402e+00
51068,2025-02-17 23:25:00,0.036824,3.794827,2.683474,-0.015 1 + 0.001 theta + 1.134 omega + -0.013 theta omega + 0.177 omega^2 + 0.005 theta omega^2 + -0.830 omega^3,0.002 1 + 0.001 theta + -0.122 omega + -0.012 theta omega + 1.053 omega^2 + -0.007 theta omega^2 + -1.104 omega^3,2.1676467052e-03,1.4806773278e-03,-1.2234502446e-01,-4.7001943506e-05,-1.1722337639e-02,1.0533619011e+00,0.0000000000e+00,3.8146163295e-04,-6.9530521147e-03,-1.1040393272e+00
51069,2025-02-17 23:30:00,0.085432,3.913188,2.767701,0.002 1 + 0.001 theta + 1.003 omega + 0.005 theta omega + -0.174 omega^2 + 0.005 theta omega^2 + -0.669 omega^3,0.003 1 + 0.001 theta + -0.009 omega + 0.009 theta omega + -0.473 omega^2 + 0.006 theta omega^2 + -1.615 omega^3,2.5030036552e-03,1.0429793217e-03,-8.6111877348e-03,4.1696476129e-05,8.6998321598e-03,-4.7333146722e-01,0.0000000000e+00,2.9819827491e-04,5.5100656796e-03,-1.6148778726e+00
51070,2025-02-17 23:35:00,0.038493,5.022827,3.551780,-0.001 1 + 0.003 theta + 0.791 omega + -0.043 theta omega + 3.504 omega^2 + 0.162 theta omega^2 + -13.199 omega^3,-0.004 1 + 0.005 theta + -0.357 omega + -0.079 theta omega + 6.202 omega^2 + 0.289 theta omega^2 + -23.195 omega^3,-3.6522216448e-03,4.9311918635e-03,-3.5742637532e-01,5.7466582957e-05,-7.8584572602e-02,6.2021394648e+00,0.0000000000e+00,-3.3042543362e-04,2.8898306753e-01,-2.3195383454e+01
51071,2025-02-17 23:40:00,0.041638,2.673702,1.890822,0.027 1 + -0.001 theta + 0.656 omega + 0.009 theta omega + 1.153 omega^2 + -0.026 theta omega^2 + -0.609 omega^3,0.060 1 + -0.002 theta + -0.740 omega + 0.022 theta omega + 2.473 omega^2 + -0.056 theta omega^2 + -1.423 omega^3,5.9550083342e-02,-1.8941950287e-03,-7.4041172078e-01,8.5132546332e-06,2.1878331043e-02,2.4727812641e+00,0.0000000000e+00,-8.1679264124e-05,-5.6497467697e-02,-1.4231508162e+00
51072,2025-02-17 23:45:00,0.019625,1.015509,0.718208,-0.010 1 + -0.001 theta + 1.012 omega + 0.001 theta omega + 1.220 omega^2 + 0.017 theta omega^2 + 4.832 omega^3,-0.022 1 + -0.002 theta + 0.006 omega + 0.001 theta omega + 2.371 omega^2 + 0.032 theta omega^2 + 9.619 omega^3,-2.2112444977e-02,-1.6971960718e-03,5.8186138333e-03,-1.0849895255e-04,8.0305600912e-04,2.3708451458e+00,-2.8419328822e-06,2.2699133135e-06,3.1761772175e-02,9.6194306771e+00
51073,2025-02-17 23:50:00,nan,nan,nan,-0.095 1 + 0.005 theta + 2.219 omega + -0.047 theta omega + -4.639 omega^2 + 0.113 theta omega^2 + 4.673 omega^3,-0.197 1 + 0.009 theta + 2.513 omega + -0.097 theta omega + -9.593 omega^2 + 0.001 theta^2 omega + 0.231 theta omega^2 + 9.847 omega^3,-1.9662595628e-01,9.4725019328e-03,2.5127673566e+00,-9.8890259985e-05,-9.6648917640e-02,-9.5933937723e+00,0.0000000000e+00,6.4310267148e-04,2.3077429170e-01,9.8471812289e+00
51074,2025-02-17 23:55:00,nan,nan,nan,0.971 omega + -0.009 theta omega + 0.778 omega^2 + 0.041 theta omega^2 + -3.261 omega^3,-0.007 1 + -0.001 theta + 0.192 omega + 0.005 theta omega + -1.012 omega^2 + -0.006 theta omega^2 + 1.187 omega^3,-7.3351082439e-03,-7.5974408528e-04,1.9168513126e-01,0.0000000000e+00,5.1980938966e-03,-1.0123555566e+00,0.0000000000e+00,-2.5111751298e-06,-6.2441400653e-03,1.1873605132e+00
51075,2025-02-18 00:00:00,nan,nan,nan,-0.492 1 + 0.044 theta + 3.444 omega + -0.001 theta^2 + -0.147 theta omega + -3.381 omega^2 + 0.002 theta^2 omega + 0.095 theta omega^2 + 0.870 omega^3,-1.011 1 + 0.091 theta + 5.019 omega + -0.003 theta^2 + -0.301 theta omega + -6.937 omega^2 + 0.005 theta^2 omega + 0.196 theta omega^2 + 1.787 omega^3,-1.0108954452e+00,9.0766266017e-02,5.0193258381e+00,-2.6381313059e-03,-3.0103790399e-01,-6.9374042860e+00,2.4837700525e-05,4.5000678378e-03,1.9598243554e-01,1.7866089283e+00
51076,2025-02-18 00:05:00,0.117436,11.164095,7.894644,-0.002 1 + -0.001 theta + 0.968 omega + -0.012 theta omega + -0.326 omega^2 + -0.001 theta^2 omega + -2.880 omega^3,-0.004 1 + -0.001 theta + -0.062 omega + -0.024 theta omega + -0.668 omega^2 + -0.001 theta^2 omega + -5.887 omega^3,-4.1505256304e-03,-1.2009707352e-03,-6.1885989802e-02,7.5292280378e-05,-2.3642721875e-02,-6.6815787755e-01,9.4656653390e-06,-1.2729065508e-03,4.1432485168e-05,-5.8865076937e+00
51077,2025-02-18 00:10:00,0.058050,4.584266,3.241826,-0.001 1 + 1.009 omega + 0.001 theta omega + 0.048 omega^2 + -0.001 theta^2 omega + 0.003 theta omega^2 + -0.496 omega^3,-0.001 1 + 0.020 omega + 0.002 theta omega + 0.104 omega^2 + -0.002 theta^2 omega + 0.006 theta omega^2 + -1.064 omega^3,-1.4017277408e-03,-1.9682320233e-04,1.9874859354e-02,2.5068475634e-04,2.1193465282e-03,1.0399428005e-01,-4.4935148679e-06,-1.6331277037e-03,5.6351709589e-03,-1.0642447377e+00
51078,2025-02-18 00:15:00,nan,nan,nan,0.009 1 + -0.002 theta + 0.890 omega + 0.026 theta omega + -0.041 omega^2 + -0.001 theta^2 omega + -0.059 theta omega^2 + 3.308 omega^3,0.018 1 + -0.005 theta + -0.222 omega + 0.054 theta omega + -0.114 omega^2 + -0.002 theta^2 omega + -0.120 theta omega^2 + 6.815 omega^3,1.7587007279e-02,-5.1380626116e-03,-2.2244884502e-01,3.8992155762e-04,5.3600223942e-02,-1.1377210697e-01,-6.5443932128e-06,-2.1985182930e-03,-1.2025173150e-01,6.8150840491e+00
51079,2025-02-18 00:20:00,0.068562,2.464246,1.743159,-0.001 1 + 0.001 theta + 1.003 omega + -0.009 theta omega + 0.157 omega^2 + 0.001 theta^2 omega + -0.005 theta omega^2 + -0.728 omega^3,-0.002 1 + 0.001 theta + 0.005 omega + -0.016 theta omega + 0.331 omega^2 + 0.002 theta^2 omega + -0.014 theta omega^2 + -1.180 omega^3,-1.6488175143e-03,1.3966045886e-03,4.6251405809e-03,-1.5293693972e-04,-1.5902058250e-02,3.3065448010e-01,0.0000000000e+00,1.7217852875e-03,-1.3815507397e-02,-1.1796651531e+00
51080,2025-02-18 00:25:00,0.033171,1.116309,0.789698,-0.001 1 + -0.001 theta + 1.003 omega + -0.005 theta omega + 0.079 omega^2 + 0.028 theta omega^2 + -0.288 omega^3,-0.001 1 + -0.001 theta + 0.006 omega + -0.010 theta omega + 0.126 omega^2 + 0.051 theta omega^2 + -0.355 omega^3,-1.2378761692e-03,-1.2839871828e-03,6.3744295755e-03,4.0803407878e-04,-1.0253969370e-02,1.2586981040e-01,-2.2062102877e-05,-1.2091681033e-04,5.0561940945e-02,-3.5457957884e-01
51081,2025-02-18 00:30:00,0.086133,5.001887,3.537393,-0.001 1 + -0.001 theta + 1.013 omega + 0.001 theta omega + 0.041 omega^2 + -0.011 theta omega^2 + -0.473 omega^3,-0.001 1 + -0.003 theta + 0.028 omega + 0.001 theta^2 + 0.002 theta omega + 0.068 omega^2 + -0.020 theta omega^2 + -0.868 omega^3,-1.1259808768e-03,-2.5276271065e-03,2.7536976256e-02,6.2610853466e-04,2.3793233704e-03,6.8482905471e-02,-3.5595189924e-05,-4.4472849366e-04,-2.0061600963e-02,-8.6777345299e-01
51082,2025-02-18 00:35:00,0.175516,7.856463,5.556744,0.004 1 + 1.014 omega + -0.001 theta omega + -0.204 omega^2 + -0.030 theta omega^2 + -0.423 omega^3,0.010 1 + 0.033 omega + -0.001 theta omega + -0.461 omega^2 + -0.067 theta omega^2 + -0.952 omega^3,9.8299382739e-03,4.9660237734e-05,3.2805431176e-02,-4.6418228765e-04,-6.2972837452e-04,-4.6066428763e-01,-3.6269052187e-05,-2.7290421490e-04,-6.6721907708e-02,-9.5245046951e-01
51083,2025-02-18 00:40:00,nan,nan,nan,-0.001 theta + 1.020 omega + 0.045 theta omega + -0.867 omega^2 + 0.003 theta^2 omega + -0.466 theta omega^2 + 10.784 omega^3,-0.002 theta + 0.041 omega + 0.088 theta omega + -1.702 omega^2 + 0.006 theta^2 omega + -0.918 theta omega^2 + 21.441 omega^3,2.5824341724e-04,-2.4560849274e-03,4.1451656342e-02,-2.8265996395e-04,8.7587086610e-02,-1.7017643918e+00,-8.6074754171e-06,5.6907510765e-03,-9.1814856203e-01,2.1440698409e+01
51084,2025-02-18 00:45:00,0.103875,6.622388,4.683312,-0.007 1 + 0.001 theta + 0.818 omega + -0.006 theta omega + 2.712 omega^2 + -0.037 theta omega^2 + -7.273 omega^3,-0.017 1 + 0.003 theta + -0.336 omega + -0.014 theta omega + 5.321 omega^2 + 0.001 theta^2 omega + -0.073 theta omega^2 + -14.359 omega^3,-1.6966691257e-02,2.6606712432e-03,-3.3566324851e-01,-3.9254008556e-05,-1.3618956577e-02,5.3211974403e+00,-1.5386553635e-06,7.4995071493e-04,-7.2943550857e-02,-1.4358864533e+01
51085,2025-02-18 00:50:00,nan,nan,nan,0.019 1 + -0.004 theta + 0.682 omega + 0.056 theta omega + 1.023 omega^2 + -0.002 theta^2 omega + -0.129 theta omega^2 + 2.026 omega^3,0.025 1 + -0.004 theta + -0.437 omega + 0.070 theta omega + 1.198 omega^2 + -0.003 theta^2 omega + -0.173 theta omega^2 + 5.495 omega^3,2.4564636724e-02,-4.2574279869e-03,-4.3712716348e-01,1.7850518178e-04,6.9813927266e-02,1.1982543040e+00,0.0000000000e+00,-2.7075215233e-03,-1.7292329066e-01,5.4953024302e+00
51086,2025-02-18 00:55:00,0.220764,15.108187,10.684242,0.002 1 + 0.002 theta + 1.008 omega + -0.008 omega^2 + -0.041 theta omega^2 + -0.450 omega^3,0.004 1 + 0.005 theta + 0.020 omega + 0.001 theta^2 + 0.001 theta omega + -0.030 omega^2 + -0.082 theta omega^2 + -1.008 omega^3,4.3244126900e-03,4.5005495711e-03,1.9882900929e-02,7.0360893963e-04,1.3565758726e-03,-3.0198527817e-02,-2.4187870957e-06,-3.1416086617e-04,-8.2430720840e-02,-1.0081048599e+00
51087,2025-02-18 01:00:00,0.065932,3.789790,2.680192,-0.025 1 + 0.002 theta + 1.292 omega + -0.019 theta omega + -0.791 omega^2 + 0.027 theta omega^2 + 0.552 omega^3,-0.052 1 + 0.004 theta + 0.606 omega + -0.039 theta omega + -1.705 omega^2 + 0.001 theta^2 omega + 0.056 theta omega^2 + 1.304 omega^3,-5.1606008421e-02,4.0869016409e-03,6.0599070104e-01,-7.9763465951e-05,-3.9224756362e-02,-1.7048588505e+00,0.0000000000e+00,6.1262765441e-04,5.5863127689e-02,1.3044057437e+00
51088,2025-02-18 01:05:00,0.066864,1.860179,1.316195,-0.001 1 + -0.001 theta + 0.995 omega + 0.001 theta omega + -0.355 omega^2 + -0.041 theta omega^2 + -1.420 omega^3,-0.002 1 + -0.002 theta + -0.004 omega + -0.001 theta^2 + 0.002 theta omega + -0.714 omega^2 + 0.001 theta^2 omega + -0.086 theta omega^2 + -3.018 omega^3,-1.6745748786e-03,-2.2695794984e-03,-4.4988537130e-03,-7.7952537787e-04,1.9055510290e-03,-7.1412341812e-01,-7.2003378228e-05,5.3111697661e-04,-8.5608496379e-02,-3.0184786792e+00
51089,2025-02-18 01:10:00,0.192412,15.348149,10.853633,-0.001 theta + 1.027 omega + -0.009 theta omega + -0.024 omega^2 + 0.017 theta omega^2 + -1.557 omega^3,-0.002 theta + 0.046 omega + -0.011 theta omega + -0.168 omega^2 + 0.027 theta omega^2 + -2.849 omega^3,4.8060128634e-04,-2.2641967657e-03,4.6248402678e-02,-6.9472509046e-05,-1.0859308554e-02,-1.6807442696e-01,0.0000000000e+00,-4.8728472585e-04,2.6824478810e-02,-2.8485596295e+00
51090,2025-02-18 01:15:00,0.164923,7.591683,5.369397,-0.005 1 + -0.001 theta + 0.849 omega + -0.003 theta omega + -1.434 omega^2 + -0.058 theta omega^2 + -2.403 omega^3,-0.009 1 + -0.002 theta + -0.286 omega + -0.006 theta omega + -2.810 omega^2 + 0.001 theta^2 omega + -0.115 theta omega^2 + -4.677 omega^3,-8.8720454037e-03,-1.8632292869e-03,-2.8646222888e-01,-1.5772959965e-04,-5.9788796854e-03,-2.8098679311e+00,-4.5401778430e-06,5.4454391281e-04,-1.1522133756e-01,-4.6774739010e+00
51091,2025-02-18 01:20:00,0.031312,1.626454,1.150290,0.062 1 + 0.001 theta + 1.650 omega + 0.016 theta omega + 1.655 omega^2 + 0.025 theta omega^2 + 0.996 omega^3,-0.026 1 + -0.344 omega + -0.003 theta omega + -1.452 omega^2 + -0.001 theta omega^2 + -2.215 omega^3,-2.6350142730e-02,-2.3511293043e-04,-3.4392767144e-01,0.0000000000e+00,-2.5786743388e-03,-1.4520609057e+00,0.0000000000e+00,-2.6355136265e-05,-8.6820625564e-04,-2.2149480230e+00
51092,2025-02-18 01:25:00,nan,nan,nan,0.028 1 + 0.002 theta + 1.319 omega + 0.017 theta omega + 0.981 omega^2 + 0.028 theta omega^2 + 0.764 omega^3,0.054 1 + 0.004 theta + 0.620 omega + 0.033 theta omega + 1.879 omega^2 + 0.054 theta omega^2 + 1.425 omega^3,5.4075191092e-02,3.5783541030e-03,6.2014207262e-01,5.8326916523e-05,3.2619402942e-02,1.8790494846e+00,0.0000000000e+00,3.9543067736e-04,5.3694951067e-02,1.4247723862e+00
51093,2025-02-18 01:30:00,0.172721,12.491487,8.833660,0.001 1 + -0.001 theta + 1.040 omega + 0.004 theta omega + -0.336 omega^2 + -0.001 theta^2 omega + 0.064 theta omega^2 + -1.507 omega^3,0.001 1 + -0.003 theta + 0.082 omega + 0.008 theta omega + -0.705 omega^2 + -0.002 theta^2 omega + 0.121 theta omega^2 + -2.675 omega^3,1.0691402277e-03,-2.6936953617e-03,8.1531742207e-02,3.7365122729e-04,7.6792789301e-03,-7.0508011486e-01,-7.6368654904e-06,-1.8212672105e-03,1.2081159877e-01,-2.6749722338e+00
51094,2025-02-18 01:35:00,0.071795,7.604968,5.377764,0.015 1 + -0.001 theta + 0.761 omega + 0.012 theta omega + 1.186 omega^2 + -0.031 theta omega^2 + -1.599 omega^3,0.029 1 + -0.002 theta + -0.479 omega + 0.024 theta omega + 2.391 omega^2 + -0.064 theta omega^2 + -3.196 omega^3,2.9322879188e-02,-2.1382845804e-03,-4.7915133800e-01,3.7970498467e-05,2.4289631185e-02,2.3914745559e+00,0.0000000000e+00,-2.8755296049e-04,-6.3960260725e-02,-3.1960366136e+00
51095,2025-02-18 01:40:00,0.053693,1.663471,1.176864,0.003 1 + -0.001 theta + 0.980 omega + 0.014 theta omega + 0.028 omega^2 + -0.001 theta^2 omega + 0.010 theta omega^2 + -0.493 omega^3,0.005 1 + -0.002 theta + -0.040 omega + 0.026 theta omega + 0.030 omega^2 + -0.002 theta^2 omega + 0.024 theta omega^2 + -0.778 omega^3,5.2470905481e-03,-2.1172600131e-03,-4.0264783129e-02,8.5125033204e-05,2.5873067664e-02,2.9615973762e-02,0.0000000000e+00,-2.4979213420e-03,2.3773064668e-02,-7.7781213370e-01
51096,2025-02-18 01:45:00,0.103766,4.658218,3.294675,0.001 1 + -0.001 theta + 1.011 omega + -0.004 theta omega + 0.028 omega^2 + 0.003 theta omega^2 + -0.142 omega^3,0.002 1 + -0.001 theta + 0.024 omega + -0.008 theta omega + 0.047 omega^2 + 0.009 theta omega^2 + -0.299 omega^3,2.4468435941e-03,-1.4212547726e-03,2.3876022786e-02,2.5009092675e-04,-8.0260389729e-03,4.7450037155e-02,-1.3679864025e-05,4.7707585842e-04,8.7031117018e-03,-2.9880311502e-01
51097,2025-02-18 01:50:00,nan,nan,nan,0.991 omega + -0.006 theta omega + -0.093 omega^2 + -0.005 theta omega^2 + 1.171 omega^3,-0.017 omega + -0.011 theta omega + -0.178 omega^2 + 0.001 theta^2 omega + -0.008 theta omega^2 + 2.331 omega^3,-3.2979684342e-04,-4.7871865886e-05,-1.7465323471e-02,2.5419229016e-04,-1.1395366378e-02,-1.7849152448e-01,-2.1156197790e-05,7.6800467000e-04,-8.2467430393e-03,2.3313723060e+00
51098,2025-02-18 01:55:00,0.074687,2.038139,1.442150,-0.001 theta + 1.036 omega + 0.001 theta^2 + 0.007 theta omega + 0.238 omega^2 + -0.006 theta^2 omega + -0.117 theta omega^2 + -4.044 omega^3,0.001 1 + -0.002 theta + 0.074 omega + 0.002 theta^2 + 0.015 theta omega + 0.486 omega^2 + -0.011 theta^2 omega + -0.239 theta omega^2 + -8.170 omega^3,9.0066740209e-04,-1.5034767678e-03,7.3969779989e-02,1.7277934080e-03,1.4756302695e-02,4.8559979989e-01,-4.3729701760e-04,-1.1320635096e-02,-2.3855344121e-01,-8.1699652639e+00
51099,2025-02-18 02:00:00,0.166711,9.303484,6.579613,0.020 1 + 1.033 omega + 0.001 theta omega + -0.440 omega^2 + -0.024 theta omega^2 + -0.443 omega^3,0.041 1 + 0.063 omega + 0.001 theta omega + -0.885 omega^2 + -0.049 theta omega^2 + -0.820 omega^3,4.0602488919e-02,-2.8408861080e-04,6.3359274736e-02,-4.0009361312e-04,1.4053667809e-03,-8.8499655371e-01,-1.4443233794e-05,-9.0576265567e-05,-4.8671078319e-02,-8.1956028298e-01
51100,2025-02-18 02:05:00,0.038859,1.536453,1.086784,-0.013 1 + 0.002 theta + 1.184 omega + -0.025 theta omega + -0.567 omega^2 + 0.001 theta^2 omega + 0.027 theta omega^2 + 1.148 omega^3,-0.028 1 + 0.005 theta + 0.404 omega + -0.055 theta omega + -1.403 omega^2 + 0.002 theta^2 omega + 0.071 theta omega^2 + 2.284 omega^3,-2.8415357480e-02,4.9522699111e-03,4.0373022068e-01,-1.8102960419e-04,-5.5259360670e-02,-1.4026802319e+00,0.0000000000e+00,1.7046226789e-03,7.0815120019e-02,2.2842945653e+00
51101,2025-02-18 02:10:00,1.181861,50.036329,35.390896,-0.001 theta + 1.070 omega + 0.004 theta omega + -0.171 omega^2 + 0.009 theta omega^2 + -0.749 omega^3,-0.001 theta + 0.112 omega + -0.006 theta omega + -0.211 omega^2 + 0.045 theta omega^2 + -1.589 omega^3,1.6702303909e-04,-7.3584361742e-04,1.1219402543e-01,3.3396954665e-05,-6.4550887813e-03,-2.1077587622e-01,0.0000000000e+00,-1.3037663645e-04,4.5110547525e-02,-1.5894927360e+00
51102,2025-02-18 02:15:00,0.136642,4.608548,3.260168,0.004 1 + -0.002 theta + 0.979 omega + 0.001 theta^2 + 0.010 theta omega + -0.907 omega^2 + -0.001 theta^2 omega + 0.257 theta omega^2 + -0.343 omega^3,0.008 1 + -0.004 theta + -0.030 omega + 0.001 theta^2 + 0.011 theta omega + -1.942 omega^2 + 0.551 theta omega^2 + -0.009 omega^3,8.3547052876e-03,-4.2929035339e-03,-2.9653846627e-02,9.2436696536e-04,1.1007024924e-02,-1.9417326666e+00,-1.0432757768e-04,-3.5531962797e-04,5.5068863433e-01,-8.6620059377e-03
51103,2025-02-18 02:20:00,0.135168,3.145736,2.226423,-0.002 theta + 1.027 omega + -0.007 theta omega + 0.051 omega^2 + -0.003 theta omega^2 + -0.308 omega^3,-0.004 theta + 0.055 omega + 0.001 theta^2 + -0.014 theta omega + 0.117 omega^2 + 0.001 theta^2 omega + -0.008 theta omega^2 + -0.699 omega^3,3.0174840751e-04,-3.7238420676e-03,5.5407394084e-02,7.9076734312e-04,-1.3880775094e-02,1.1710065635e-01,-3.7468300763e-05,7.5834493290e-04,-7.5693631397e-03,-6.9895794645e-01
51104,2025-02-18 02:25:00,0.196531,4.842203,3.426773,-0.003 1 + 1.016 omega + -0.005 theta omega + 0.100 omega^2 + -0.012 theta omega^2 + -0.320 omega^3,-0.005 1 + 0.034 omega + -0.010 theta omega + 0.180 omega^2 + 0.001 theta^2 omega + -0.022 theta omega^2 + -0.739 omega^3,-5.1490407306e-03,5.9566729584e-05,3.3570912032e-02,3.5565000064e-04,-9.6859304049e-03,1.8034808371e-01,-3.5333368804e-05,7.1474806715e-04,-2.1967974698e-02,-7.3932870504e-01
51105,2025-02-18 02:30:00,nan,nan,nan,-0.020 1 + -0.005 theta + 0.947 omega + -0.007 theta omega + 0.133 omega^2 + 0.017 theta omega^2 + -0.017 omega^3,-0.042 1 + -0.010 theta + -0.109 omega + -0.001 theta^2 + -0.015 theta omega + 0.253 omega^2 + 0.033 theta omega^2 + -0.169 omega^3,-4.2394780660e-02,-1.0144778625e-02,-1.0889663435e-01,-7.2285309353e-04,-1.5257656457e-02,2.5310581797e-01,-1.6123902546e-05,-2.3134234392e-04,3.2888929008e-02,-1.6863898862e-01
51106,2025-02-18 02:35:00,nan,nan,nan,0.032 1 + -0.004 theta + 0.779 omega + 0.022 theta omega + -0.093 omega^2 + -0.021 theta omega^2 + 1.941 omega^3,-0.022 1 + 0.001 theta + 0.356 omega + -0.003 theta omega + -2.613 omega^2 + 0.015 theta omega^2 + 6.615 omega^3,-2.2230863779e-02,7.0255010216e-04,3.5633760273e-01,-3.1547839049e-06,-3.0587243018e-03,-2.6126483257e+00,0.0000000000e+00,-7.8236235894e-05,1.4947325600e-02,6.6146663493e+00
51107,2025-02-18 02:40:00,1.290606,83.362985,58.953596,-0.014 1 + 0.004 theta + 0.968 omega + -0.020 theta omega + 1.110 omega^2 + 0.001 theta^2 omega + 0.011 theta omega^2 + -2.935 omega^3,-0.027 1 + 0.008 theta + -0.059 omega + -0.041 theta omega + 2.173 omega^2 + 0.001 theta^2 omega + 0.023 theta omega^2 + -5.708 omega^3,-2.7429602343e-02,8.2072360334e-03,-5.8781629634e-02,-3.7399820645e-04,-4.0715004586e-02,2.1729604640e+00,4.6756058974e-06,1.0803801882e-03,2.2825037774e-02,-5.7077612511e+00
51108,2025-02-18 02:45:00,nan,nan,nan,-0.036 1 + 0.003 theta + 1.350 omega + -0.028 theta omega + -1.126 omega^2 + 0.001 theta^2 omega + 0.043 theta omega^2 + 1.439 omega^3,-0.075 1 + 0.007 theta + 0.717 omega + -0.058 theta omega + -2.294 omega^2 + 0.001 theta^2 omega + 0.088 theta omega^2 + 2.943 omega^3,-7.5477300155e-02,7.2054940026e-03,7.1723039080e-01,-1.6041033739e-04,-5.7821603274e-02,-2.2941505450e+00,-3.4408716477e-07,1.1148150911e-03,8.7544750328e-02,2.9425872324e+00
51109,2025-02-18 02:50:00,0.051247,5.211751,3.685442,-0.002 theta + 1.004 omega + -0.001 theta^2 + 0.014 theta omega + 0.143 omega^2 + 0.002 theta^2 omega + 0.006 theta omega^2 + 4.340 omega^3,-0.003 theta + 0.012 omega + -0.001 theta^2 + 0.027 theta omega + 0.312 omega^2 + 0.003 theta^2 omega + 0.012 theta omega^2 + 8.569 omega^3,8.5836891068e-05,-3.3568900412e-03,1.2337818697e-02,-1.3503243028e-03,2.7342872119e-02,3.1175950832e-01,-1.2164841127e-04,3.4544650928e-03,1.2489826080e-02,8.5687966159e+00
51110,2025-02-18 02:55:00,0.069599,4.951810,3.501804,-0.002 1 + -0.001 theta + 1.105 omega + -0.018 theta omega + -0.488 omega^2 + 0.004 theta omega^2 + 2.773 omega^3,-0.002 1 + 0.006 theta + 0.106 omega + -0.044 theta omega + -1.246 omega^2 + 0.001 theta^2 omega + 0.024 theta omega^2 + 5.452 omega^3,-2.0464823219e-03,5.7534855114e-03,1.0566533627e-01,-1.4745095939e-04,-4.3843341610e-02,-1.2461924689e+00,0.0000000000e+00,1.0125747329e-03,2.3811975746e-02,5.4515791857e+00
51111,2025-02-18 03:00:00,0.021335,1.029949,0.728440,0.002 1 + 0.001 theta + 1.006 omega + 0.001 theta omega + -0.161 omega^2 + -0.025 theta omega^2 + 0.447 omega^3,0.002 1 + 0.004 omega + -0.002 theta omega + -0.089 omega^2 + -0.009 theta omega^2 + 0.269 omega^3,1.8901449869e-03,4.2954729863e-04,3.8490435655e-03,4.8289791284e-05,-2.4568346767e-03,-8.9408327330e-02,0.0000000000e+00,-2.1568342653e-04,-9.1167588103e-03,2.6874956248e-01
51112,2025-02-18 03:05:00,0.139612,6.664379,4.713461,0.034 1 + -0.004 theta + 0.402 omega + 0.042 theta omega + 2.913 omega^2 + -0.001 theta^2 omega + -0.122 theta omega^2 + -2.408 omega^3,0.066 1 + -0.007 theta + -1.172 omega + 0.082 theta omega + 5.721 omega^2 + -0.001 theta^2 omega + -0.240 theta omega^2 + -4.728 omega^3,6.5865121545e-02,-7.4129857541e-03,-1.1718570309e+00,3.3278200775e-04,8.1917291594e-02,5.7205565268e+00,-5.9720779001e-06,-1.3534975011e-03,-2.3954845772e-01,-4.7275987020e+00
51113,2025-02-18 03:10:00,nan,nan,nan,0.016 1 + 0.003 theta + 1.079 omega + 0.029 theta omega + 0.328 omega^2 + 0.001 theta^2 omega + 0.027 theta omega^2 + 2.471 omega^3,0.025 1 + 0.005 theta + 0.114 omega + 0.049 theta omega + 0.544 omega^2 + 0.003 theta^2 omega + 0.046 theta omega^2 + 4.779 omega^3,2.5051075275e-02,4.9709396092e-03,1.1405352650e-01,2.1340138560e-04,4.9474343793e-02,5.4384652552e-01,0.0000000000e+00,2.5152023507e-03,4.5752239251e-02,4.7794747291e+00
51114,2025-02-18 03:15:00,0.062517,2.207121,1.561296,-0.002 theta + 1.035 omega + 0.004 theta omega + -0.270 omega^2 + -0.032 theta omega^2 + -0.728 omega^3,-0.003 theta + 0.064 omega + -0.001 theta^2 + 0.007 theta omega + -0.623 omega^2 + -0.068 theta omega^2 + -1.792 omega^3,1.9767815179e-04,-3.4436368480e-03,6.3815222969e-02,-5.6743977107e-04,6.8972186931e-03,-6.2345106743e-01,-2.1503237929e-05,1.9116105805e-04,-6.8108121463e-02,-1.7916067226e+00
51115,2025-02-18 03:20:00,0.026348,2.403418,1.699575,0.002 1 + 0.950 omega + 0.001 theta omega + 0.352 omega^2 + -0.009 theta omega^2 + -0.483 omega^3,0.004 1 + -0.118 omega + 0.002 theta omega + 0.861 omega^2 + -0.018 theta omega^2 + -1.344 omega^3,4.2119433154e-03,6.2717147873e-05,-1.1842175533e-01,-5.8101280379e-06,1.6924291111e-03,8.6111891726e-01,0.0000000000e+00,4.6902964183e-05,-1.8136126099e-02,-1.3435283949e+00
51116,2025-02-18 03:25:00,nan,nan,nan,-0.001 theta + 1.063 omega + 0.020 theta omega + -1.427 omega^2 + -0.092 theta omega^2 + 7.025 omega^3,-0.001 theta + 0.130 omega + 0.040 theta omega + -2.896 omega^2 + -0.187 theta omega^2 + 14.261 omega^3,1.1258029420e-04,-1.4009774017e-03,1.2973724237e-01,-8.4316200742e-05,4.0288160780e-02,-2.8962349981e+00,1.5513356577e-06,1.5355756613e-04,-1.8745602846e-01,1.4260601154e+01
51117,2025-02-18 03:30:00,nan,nan,nan,-0.003 1 + 0.001 theta + 1.024 omega + -0.007 theta omega + -0.010 omega^2 + 0.007 theta omega^2 + 0.042 omega^3,-0.009 1 + 0.002 theta + 0.082 omega + -0.016 theta omega + -0.114 omega^2 + 0.001 theta^2 omega + 0.017 theta omega^2 + 0.162 omega^3,-8.7623152083e-03,1.8008402154e-03,8.2198135401e-02,-6.4704264351e-05,-1.6397640262e-02,-1.1410598526e-01,0.0000000000e+00,5.0520066487e-04,1.7049665032e-02,1.6229517443e-01
51118,2025-02-18 03:35:00,nan,nan,nan,0.001 1 + 0.986 omega + 0.004 theta omega + -0.028 omega^2 + 0.018 theta omega^2 + 0.194 omega^3,0.002 1 + 0.001 theta + -0.025 omega + -0.001 theta^2 + 0.009 theta omega + -0.068 omega^2 + -0.001 theta^2 omega + 0.039 theta omega^2 + 0.285 omega^3,2.2970401222e-03,8.5760075507e-04,-2.4869838530e-02,-6.6228951204e-04,8.8168937652e-03,-6.8390957724e-02,5.0839568834e-05,-6.9890053630e-04,3.9123944498e-02,2.8474789830e-01
51119,2025-02-18 03:40:00,0.044794,1.061459,0.751233,0.012 1 + -0.003 theta + 0.894 omega + 0.017 theta omega + 0.006 omega^2 + -0.001 theta^2 omega + -0.025 theta omega^2 + 1.039 omega^3,0.025 1 + -0.005 theta + -0.217 omega + 0.035 theta omega + 0.014 omega^2 + -0.001 theta^2 omega + -0.050 theta omega^2 + 2.071 omega^3,2.4742116434e-02,-5.2636303507e-03,-2.1687637491e-01,3.3694350981e-04,3.4983324293e-02,1.3843395559e-02,-6.8310010794e-06,-1.0710078327e-03,-5.0295939382e-02,2.0712467012e+00
51120,2025-02-18 03:45:00,0.032137,1.247807,0.882626,-0.006 1 + 0.001 theta + 0.836 omega + -0.036 theta omega + -0.821 omega^2 + -0.002 theta^2 omega + -0.068 theta omega^2 + -3.139 omega^3,-0.013 1 + 0.002 theta + -0.337 omega + 0.001 theta^2 + -0.073 theta omega + -1.717 omega^2 + -0.004 theta^2 omega + -0.140 theta omega^2 + -6.455 omega^3,-1.3058368526e-02,2.1597756051e-03,-3.3685724553e-01,8.0586722240e-04,-7.3030942154e-02,-1.7168903049e+00,4.4315051366e-05,-4.0136914328e-03,-1.4029924877e-01,-6.4545597782e+00
51121,2025-02-18 03:50:00,0.524101,41.646798,29.451065,0.004 1 + 0.001 theta + 0.985 omega + 0.005 theta omega + -0.542 omega^2 + 0.002 theta^2 omega + -0.155 theta omega^2 + 1.414 omega^3,0.008 1 + 0.003 theta + -0.027 omega + 0.009 theta omega + -1.026 omega^2 + 0.004 theta^2 omega + -0.319 theta omega^2 + 3.365 omega^3,8.0839671395e-03,2.7601236749e-03,-2.7476036136e-02,1.8808599119e-04,8.7159983010e-03,-1.0263518665e+00,-1.1248996770e-05,4.2786998293e-03,-3.1864956880e-01,3.3647528702e+00
51122,2025-02-18 03:55:00,nan,nan,nan,0.064 1 + 0.005 theta + 1.429 omega + 0.027 theta omega + 1.037 omega^2 + 0.019 theta omega^2 + 2.017 omega^3,0.123 1 + 0.009 theta + 0.811 omega + 0.051 theta omega + 1.944 omega^2 + 0.001 theta^2 omega + 0.035 theta omega^2 + 3.913 omega^3,1.2317972606e-01,8.8069188024e-03,8.1133395006e-01,1.1644907011e-04,5.0637474820e-02,1.9443627317e+00,-1.0318483784e-06,7.6439098461e-04,3.5060332411e-02,3.9125790236e+00
51123,2025-02-18 04:00:00,0.039710,2.384475,1.686312,-0.003 theta + 1.011 omega + -0.015 theta omega + -0.607 omega^2 + 0.005 theta omega^2 + -3.382 omega^3,-0.001 1 + -0.005 theta + 0.025 omega + -0.024 theta omega + -0.796 omega^2 + -0.001 theta^2 omega + 0.015 theta omega^2 + -5.182 omega^3,-5.4120623694e-04,-4.7738198475e-03,2.5104829724e-02,-1.3392446174e-04,-2.4113830476e-02,-7.9582999516e-01,0.0000000000e+00,-7.6535192063e-04,1.4897114180e-02,-5.1824766834e+00
51124,2025-02-18 04:05:00,0.159246,7.473175,5.285533,0.998 omega + 0.005 omega^2 + -0.009 theta omega^2 + -0.078 omega^3,0.001 1 + -0.003 omega + 0.016 omega^2 + -0.018 theta omega^2 + -0.165 omega^3,5.9184924646e-04,8.8085332130e-05,-2.7256476913e-03,2.1973870996e-04,9.2262139806e-06,1.6349866527e-02,-2.4047607640e-05,2.2333635598e-04,-1.7990913735e-02,-1.6467161252e-01
51125,2025-02-18 04:10:00,nan,nan,nan,-0.005 1 + 0.007 theta + 1.096 omega + -0.002 theta^2 + -0.038 theta omega + -1.440 omega^2 + 0.003 theta^2 omega + 0.256 theta omega^2 + 1.381 omega^3,-0.009 1 + 0.013 theta + 0.197 omega + -0.003 theta^2 + -0.077 theta omega + -2.923 omega^2 + 0.007 theta^2 omega + 0.516 theta omega^2 + 2.649 omega^3,-9.3552281271e-03,1.3061738678e-02,1.9662207065e-01,-3.2343593939e-03,-7.6969001630e-02,-2.9232178868e+00,2.1400776060e-04,6.8231960063e-03,5.1593387284e-01,2.6486236033e+00
51126,2025-02-18 04:15:00,nan,nan,nan,-0.013 1 + 0.002 theta + 1.139 omega + -0.023 theta omega + -0.300 omega^2 + 0.001 theta^2 omega + 0.017 theta omega^2 + 0.525 omega^3,-0.027 1 + 0.005 theta + 0.290 omega + -0.047 theta omega + -0.622 omega^2 + 0.002 theta^2 omega + 0.037 theta omega^2 + 0.852 omega^3,-2.6730018488e-02,4.6086524616e-03,2.8975085128e-01,-1.8778221396e-04,-4.7280919192e-02,-6.2245934260e-01,0.0000000000e+00,1.8447884692e-03,3.6603369059e-02,8.5234041854e-01
51127,2025-02-18 04:20:00,0.075601,2.147979,1.519791,0.003 1 + 0.001 theta + 1.007 omega + -0.006 theta omega + -0.311 omega^2 + 0.001 theta^2 omega + -0.006 theta omega^2 + -0.615 omega^3,0.006 1 + 0.003 theta + 0.013 omega + -0.010 theta omega + -0.662 omega^2 + 0.001 theta^2 omega + -0.008 theta omega^2 + -1.531 omega^3,5.8689774890e-03,2.5894790314e-03,1.3279736678e-02,-3.8765128195e-04,-1.0199415035e-02,-6.6150161890e-01,3.4863659692e-06,1.0934213907e-03,-8.1365782230e-03,-1.5305043666e+00
51128,2025-02-18 04:25:00,nan,nan,nan,1.010 omega + -0.010 theta omega + 0.088 omega^2 + -0.002 theta^2 omega + -0.009 theta omega^2 + 0.478 omega^3,-0.001 theta + 0.021 omega + -0.020 theta omega + 0.191 omega^2 + -0.003 theta^2 omega + -0.023 theta omega^2 + 0.906 omega^3,2.2132914222e-04,-7.1889789589e-04,2.1224907345e-02,-1.9178656323e-04,-2.0307142170e-02,1.9147943359e-01,-5.9585505863e-05,-3.1160034872e-03,-2.3255138707e-02,9.0601828766e-01
51129,2025-02-18 04:30:00,nan,nan,nan,0.006 1 + 0.003 theta + 1.091 omega + 0.020 theta omega + 0.739 omega^2 + 0.001 theta^2 omega + 0.008 theta omega^2 + 3.123 omega^3,0.013 1 + 0.005 theta + 0.190 omega + 0.040 theta omega + 1.521 omega^2 + 0.001 theta^2 omega + 0.018 theta omega^2 + 6.354 omega^3,1.3157117259e-02,5.3494170922e-03,1.8982353606e-01,2.0675219406e-04,3.9896211716e-02,1.5208536267e+00,0.0000000000e+00,1.3962528770e-03,1.7726080632e-02,6.3538579137e+00
51130,2025-02-18 04:35:00,0.056862,1.810158,1.280607,-0.020 1 + 0.004 theta + 1.128 omega + -0.016 theta omega + -0.319 omega^2 + 0.012 theta omega^2 + 0.496 omega^3,-0.040 1 + 0.007 theta + 0.256 omega + -0.032 theta omega + -0.642 omega^2 + 0.001 theta^2 omega + 0.025 theta omega^2 + 1.016 omega^3,-4.0315956054e-02,7.0257993280e-03,2.5622210204e-01,-3.3681494833e-04,-3.1594992775e-02,-6.4208471969e-01,4.7589390038e-06,8.4402370688e-04,2.4513214136e-02,1.0159813719e+00
51131,2025-02-18 04:40:00,0.062097,3.069355,2.170806,-0.003 1 + 0.004 theta + 1.032 omega + 0.001 theta^2 + 0.009 theta omega + 0.378 omega^2 + 0.001 theta^2 omega + 0.055 theta omega^2 + -0.640 omega^3,-0.005 1 + 0.008 theta + 0.064 omega + 0.002 theta^2 + 0.017 theta omega + 0.748 omega^2 + 0.001 theta^2 omega + 0.109 theta omega^2 + -1.326 omega^3,-5.4880719415e-03,8.4783946852e-03,6.3952403269e-02,2.0686255559e-03,1.7210360871e-02,7.4837058573e-01,1.0922954766e-04,1.3534290505e-03,1.0861547627e-01,-1.3257097809e+00
51132,2025-02-18 04:45:00,0.040288,0.851436,0.602730,0.997 omega + -0.001 theta omega + 0.118 omega^2 + 0.001 theta^2 omega + -0.017 theta omega^2 + 0.974 omega^3,-0.004 omega + -0.002 theta omega + 0.261 omega^2 + 0.001 theta^2 omega + -0.037 theta omega^2 + 1.875 omega^3,3.4630578977e-04,-1.9196100248e-04,-4.3648660439e-03,4.0601428578e-04,-1.9569567389e-03,2.6069263673e-01,-1.8607349822e-04,1.4461674258e-03,-3.6623598754e-02,1.8749245494e+00
51133,2025-02-18 04:50:00,0.050080,4.445301,3.143502,-0.001 1 + -0.001 theta + 1.015 omega + -0.005 theta omega + 0.042 omega^2 + -0.005 theta omega^2 + -1.200 omega^3,-0.001 1 + -0.002 theta + 0.032 omega + -0.010 theta omega + 0.080 omega^2 + -0.001 theta^2 omega + -0.010 theta omega^2 + -2.476 omega^3,-1.0421147932e-03,-2.0949419106e-03,3.2119108986e-02,-2.1562604799e-04,-1.0340848491e-02,8.0285649852e-02,-8.1913204453e-08,-6.1148605602e-04,-1.0442444616e-02,-2.4762154676e+00
51134,2025-02-18 04:55:00,0.018856,0.293488,0.207955,0.063 1 + 0.005 theta + 1.498 omega + 0.026 theta omega + 1.405 omega^2 + 0.028 theta omega^2 + 1.665 omega^3,0.091 1 + 0.006 theta + 0.744 omega + 0.035 theta omega + 1.982 omega^2 + 0.039 theta omega^2 + 1.818 omega^3,9.1199691092e-02,6.2687796059e-03,7.4414177545e-01,9.8157469775e-05,3.4681104267e-02,1.9819920506e+00,0.0000000000e+00,3.9096019423e-04,3.8649195386e-02,1.8175361626e+00
51135,2025-02-18 05:00:00,nan,nan,nan,-0.001 1 + 1.018 omega + -0.009 theta omega + 0.233 omega^2 + -0.013 theta omega^2 + 0.145 omega^3,-0.002 1 + 0.001 theta + 0.026 omega + -0.012 theta omega + 0.397 omega^2 + 0.001 theta^2 omega + -0.015 theta omega^2 + -0.666 omega^3,-1.9732531917e-03,8.1055257006e-04,2.5651788860e-02,-4.2437579028e-05,-1.1937097385e-02,3.9745695192e-01,0.0000000000e+00,5.7921899150e-04,-1.5050499159e-02,-6.6608822574e-01
51136,2025-02-18 05:05:00,0.008161,0.528984,0.374093,0.235 1 + 0.003 theta + 3.767 omega + 0.023 theta omega + 10.738 omega^2 + 0.047 theta omega^2 + 13.717 omega^3,0.468 1 + 0.005 theta + 5.497 omega + 0.044 theta omega + 21.338 omega^2 + 0.091 theta omega^2 + 27.313 omega^3,4.6799244006e-01,5.4507754684e-03,5.4973139685e+00,8.8706132632e-06,4.4366655720e-02,2.1337844755e+01,0.0000000000e+00,2.5628825064e-05,9.1092921155e-02,2.7312979292e+01
51137,2025-02-18 05:10:00,0.070838,10.127388,7.161320,-0.013 1 + -0.001 theta + 0.837 omega + -0.010 theta omega + -0.788 omega^2 + -0.003 theta omega^2 + -2.170 omega^3,-0.027 1 + -0.506 omega + -0.001 theta omega + -3.008 omega^2 + -0.009 theta omega^2 + -5.114 omega^3,-2.6656418791e-02,-5.9625902528e-05,-5.0612390107e-01,0.0000000000e+00,-6.9353730932e-04,-3.0079503304e+00,0.0000000000e+00,2.0332329819e-05,-8.9472187739e-03,-5.1138940825e+00
51138,2025-02-18 05:15:00,0.017795,1.093497,0.773321,0.008 1 + -0.002 theta + 1.358 omega + -0.016 theta omega + 2.997 omega^2 + -0.036 theta omega^2 + 6.955 omega^3,0.026 1 + -0.003 theta + 0.860 omega + -0.032 theta omega + 6.761 omega^2 + -0.074 theta omega^2 + 15.298 omega^3,2.5679203294e-02,-3.3101052020e-03,8.5997504840e-01,-1.0497028787e-05,-3.2036458401e-02,6.7610946561e+00,0.0000000000e+00,-6.3933136747e-05,-7.3829391985e-02,1.5297573136e+01
51139,2025-02-18 05:20:00,nan,nan,nan,-0.008 1 + 0.827 omega + -0.007 theta omega + -0.790 omega^2 + -0.035 theta omega^2 + -0.545 omega^3,-0.038 1 + -0.003 theta + -0.305 omega + -0.026 theta omega + 0.238 omega^2 + -0.071 theta omega^2 + 4.156 omega^3,-3.7836459305e-02,-2.5558541225e-03,-3.0462404866e-01,-1.8180572905e-05,-2.5842915688e-02,2.3766255114e-01,0.0000000000e+00,-6.2636640192e-05,-7.1022948243e-02,4.1560100719e+00
51140,2025-02-18 05:25:00,0.090667,4.511044,3.190434,0.001 1 + 0.001 theta + 0.992 omega + -0.002 theta omega + -0.208 omega^2 + -0.031 theta omega^2 + -0.758 omega^3,0.002 1 + 0.002 theta + -0.014 omega + -0.004 theta omega + -0.444 omega^2 + -0.063 theta omega^2 + -1.804 omega^3,2.1547782706e-03,2.0826835017e-03,-1.4114705340e-02,3.0050294383e-04,-4.4972382501e-03,-4.4354214167e-01,1.1338388674e-05,-2.1220327987e-04,-6.3129566613e-02,-1.8043870962e+00
51141,2025-02-18 05:30:00,nan,nan,nan,0.008 1 + 0.003 theta + 1.005 omega + -0.006 theta omega + -0.669 omega^2 + 0.038 theta omega^2 + 0.368 omega^3,0.016 1 + 0.006 theta + 0.013 omega + -0.001 theta^2 + -0.013 theta omega + -1.334 omega^2 + 0.001 theta^2 omega + 0.075 theta omega^2 + 0.706 omega^3,1.6002934551e-02,5.5779692491e-03,1.2672942262e-02,-6.3403179148e-04,-1.2617398047e-02,-1.3335424656e+00,1.4803877667e-05,6.6641525434e-04,7.4951439799e-02,7.0622333455e-01
51142,2025-02-18 05:35:00,nan,nan,nan,-0.010 1 + 0.001 theta + 1.168 omega + -0.014 theta omega + -0.609 omega^2 + 0.026 theta omega^2 + 0.260 omega^3,-0.021 1 + 0.002 theta + 0.345 omega + -0.029 theta omega + -1.214 omega^2 + 0.001 theta^2 omega + 0.052 theta omega^2 + 0.431 omega^3,-2.1015836729e-02,1.9875550923e-03,3.4513426846e-01,1.5795015373e-04,-2.8530630243e-02,-1.2138888775e+00,-1.1006883325e-05,5.0186771054e-04,5.1727812595e-02,4.3087003380e-01
51143,2025-02-18 05:40:00,nan,nan,nan,-0.001 theta + 1.006 omega + -0.009 theta omega + 0.050 omega^2 + 0.001 theta^2 omega + -0.002 theta omega^2 + 0.229 omega^3,-0.001 1 + -0.001 theta + 0.011 omega + -0.018 theta omega + 0.104 omega^2 + 0.001 theta^2 omega + -0.004 theta omega^2 + 0.482 omega^3,-7.0053625576e-04,-1.2138515104e-03,1.0878953823e-02,3.1328456514e-04,-1.7752078968e-02,1.0449785517e-01,-1.7957833050e-05,1.3357254396e-03,-3.5169171932e-03,4.8199152945e-01
51144,2025-02-18 05:45:00,0.086542,5.993665,4.238603,-0.003 1 + 0.001 theta + 1.043 omega + -0.009 theta omega + 0.055 omega^2 + -0.002 theta^2 omega + -0.012 theta omega^2 + -1.761 omega^3,-0.005 1 + 0.002 theta + 0.087 omega + -0.018 theta omega + 0.104 omega^2 + -0.003 theta^2 omega + -0.029 theta omega^2 + -3.498 omega^3,-5.2715850284e-03,1.6148116369e-03,8.6672550595e-02,3.3221006403e-04,-1.8073388185e-02,1.0377916103e-01,6.4467713417e-06,-3.2146961454e-03,-2.8715199099e-02,-3.4980640541e+00
51145,2025-02-18 05:50:00,1.356352,14.282648,10.144795,-0.001 1 + 1.034 omega + -0.003 theta omega + -0.068 omega^2 + 0.021 theta omega^2 + -0.584 omega^3,-0.004 1 + 0.093 omega + -0.005 theta omega + -0.327 omega^2 + 0.042 theta omega^2 + -0.656 omega^3,-3.9664070622e-03,-5.5542447741e-05,9.3225780184e-02,2.4072436968e-05,-5.4147975636e-03,-3.2733357310e-01,0.0000000000e+00,-1.9003663080e-04,4.1999551224e-02,-6.5577829602e-01
51146,2025-02-18 05:55:00,0.056520,4.901565,3.466160,-0.002 theta + 1.016 omega + 0.002 theta omega + 0.486 omega^2 + -0.012 theta omega^2 + -0.960 omega^3,-0.005 theta + 0.044 omega + 0.009 theta omega + 1.068 omega^2 + -0.001 theta^2 omega + 0.057 theta omega^2 + -5.132 omega^3,4.3529022075e-06,-5.2056957688e-03,4.3692357696e-02,2.9010348423e-04,8.8786851217e-03,1.0683231094e+00,0.0000000000e+00,-1.3036591833e-03,5.6724167381e-02,-5.1322715324e+00
51147,2025-02-18 06:00:00,0.013958,0.652155,0.461249,-0.002 1 + -0.001 theta + 1.065 omega + 0.007 theta omega + -0.338 omega^2 + -0.005 theta omega^2 + 0.414 omega^3,0.143 1 + -0.004 theta + -1.589 omega + 0.037 theta omega + 5.395 omega^2 + -0.073 theta omega^2 + -5.164 omega^3,1.4297470920e-01,-4.4530698428e-03,-1.5891991328e+00,3.5454262828e-05,3.7330726583e-02,5.3947976945e+00,0.0000000000e+00,-1.9814784623e-04,-7.2847926571e-02,-5.1637908948e+00
51148,2025-02-18 06:05:00,nan,nan,nan,0.029 1 + -0.003 theta + 0.729 omega + 0.025 theta omega + 0.367 omega^2 + -0.035 theta omega^2 + 0.893 omega^3,0.060 1 + -0.006 theta + -0.557 omega + 0.052 theta omega + 0.727 omega^2 + -0.001 theta^2 omega + -0.071 theta omega^2 + 1.906 omega^3,5.9713912760e-02,-5.8577537907e-03,-5.5735924234e-01,1.2551253464e-04,5.1650626198e-02,7.2690021656e-01,0.0000000000e+00,-9.2522382899e-04,-7.0866295376e-02,1.9059407261e+00
51149,2025-02-18 06:10:00,0.044722,1.649351,1.166696,-0.015 1 + 0.001 theta + 1.166 omega + -0.015 theta omega + -0.158 omega^2 + 0.008 theta omega^2 + -1.064 omega^3,-0.030 1 + 0.003 theta + 0.325 omega + -0.029 theta omega + -0.276 omega^2 + 0.001 theta^2 omega + 0.015 theta omega^2 + -2.239 omega^3,-3.0213238570e-02,2.6046706535e-03,3.2504746452e-01,-1.7076895180e-05,-2.8565178693e-02,-2.7600157105e-01,-2.0645138434e-06,6.8383349717e-04,1.4866991794e-02,-2.2390400436e+00
51150,2025-02-18 06:15:00,0.044753,3.758688,2.657982,0.006 1 + -0.001 theta + 1.065 omega + -0.007 theta omega + -0.008 omega^2 + 0.001 theta omega^2 + -1.378 omega^3,-0.007 1 + -0.003 theta + -0.125 omega + -0.029 theta omega + -1.113 omega^2 + -0.001 theta^2 omega + -0.024 theta omega^2 + -4.440 omega^3,-6.7935049111e-03,-3.1079945270e-03,-1.2521864375e-01,-9.2756161989e-05,-2.8895435995e-02,-1.1130320197e+00,0.0000000000e+00,-7.9051419637e-04,-2.4065017460e-02,-4.4401226454e+00
51151,2025-02-18 06:20:00,2.403885,5.220284,4.063867,0.001 1 + 0.998 omega + 0.002 theta omega + -0.056 omega^2 + 0.016 theta omega^2 + -0.084 omega^3,0.003 1 + -0.001 theta + -0.002 omega + 0.003 theta omega + -0.100 omega^2 + 0.033 theta omega^2 + -0.132 omega^3,2.5076600499e-03,-7.0205570322e-04,-2.2848377516e-03,-2.9530320316e-05,3.4395055284e-03,-9.9841411348e-02,-3.4094753601e-07,-2.7549477562e-05,3.2702720729e-02,-1.3222441669e-01
51152,2025-02-18 06:25:00,0.119268,13.377800,9.459909,-0.003 1 + -0.002 theta + 1.022 omega + 0.004 theta omega + 0.255 omega^2 + -0.001 theta^2 omega + -0.001 theta omega^2 + -0.847 omega^3,-0.006 1 + -0.004 theta + 0.045 omega + 0.008 theta omega + 0.516 omega^2 + -0.001 theta^2 omega + -0.002 theta omega^2 + -1.742 omega^3,-5.9780809860e-03,-3.5570331414e-03,4.5062175736e-02,3.0388228686e-04,7.8978420129e-03,5.1616643590e-01,-1.2818568505e-06,-1.0708384110e-03,-1.6504353323e-03,-1.7416744849e+00
51153,2025-02-18 06:30:00,0.042222,6.309844,4.461833,0.020 1 + 0.001 theta + 0.540 omega + -0.005 theta omega + 3.297 omega^2 + 0.006 theta omega^2 + -7.242 omega^3,0.034 1 + 0.001 theta + -0.830 omega + -0.010 theta omega + 6.068 omega^2 + 0.014 theta omega^2 + -13.460 omega^3,3.4328681977e-02,1.0751625916e-03,-8.2956722991e-01,-1.3903499721e-05,-9.5275451750e-03,6.0677384403e+00,0.0000000000e+00,9.0994367122e-05,1.4054611043e-02,-1.3460360104e+01
51154,2025-02-18 06:35:00,0.054347,2.071946,1.465591,-0.015 1 + 0.001 theta + 1.269 omega + -0.034 theta omega + -0.784 omega^2 + 0.001 theta^2 omega + 0.049 theta omega^2 + -0.030 omega^3,-0.028 1 + 0.003 theta + 0.514 omega + -0.066 theta omega + -1.451 omega^2 + 0.002 theta^2 omega + 0.091 theta omega^2 + 0.002 omega^3,-2.8483687698e-02,2.7522765799e-03,5.1362504826e-01,1.0385385931e-04,-6.5781177415e-02,-1.4513635368e+00,-9.4071175395e-06,1.9838888102e-03,9.0518216490e-02,1.7548599443e-03
51155,2025-02-18 06:40:00,0.112905,7.454336,5.271616,0.001 theta + 1.029 omega + -0.003 theta omega + 0.097 omega^2 + -0.001 theta^2 omega + -0.031 theta omega^2 + -1.464 omega^3,0.001 1 + 0.002 theta + 0.058 omega + -0.006 theta omega + 0.184 omega^2 + -0.001 theta^2 omega + -0.064 theta omega^2 + -2.899 omega^3,6.6963327890e-04,1.7580788762e-03,5.8358933877e-02,-2.0257519614e-04,-5.5623062463e-03,1.8357151403e-01,-4.6477688630e-05,-1.3072053749e-03,-6.3987958166e-02,-2.8990884754e+00
51156,2025-02-18 06:45:00,0.102795,5.047696,3.570000,-0.001 1 + -0.001 theta + 0.996 omega + -0.018 theta omega + 0.990 omega^2 + 0.001 theta^2 omega + -0.027 theta omega^2 + -1.783 omega^3,-0.001 1 + -0.002 theta + -0.008 omega + 0.001 theta^2 + -0.036 theta omega + 1.970 omega^2 + 0.002 theta^2 omega + -0.055 theta omega^2 + -3.479 omega^3,-1.4187892420e-03,-2.2906492135e-03,-7.6113281591e-03,5.7463244047e-04,-3.6322838944e-02,1.9700354327e+00,-2.4259710492e-05,1.6758071058e-03,-5.5013088196e-02,-3.4791608241e+00
51157,2025-02-18 06:50:00,nan,nan,nan,0.002 1 + -0.001 theta + 1.018 omega + -0.002 theta omega + -0.072 omega^2 + -0.010 theta omega^2 + 0.236 omega^3,0.005 1 + -0.002 theta + 0.037 omega + -0.004 theta omega + -0.127 omega^2 + -0.021 theta omega^2 + 0.408 omega^3,4.5971524005e-03,-1.5544186030e-03,3.6935478351e-02,1.4087567456e-04,-4.4486846561e-03,-1.2728163770e-01,-4.0982738894e-06,3.8742387468e-04,-2.1429716204e-02,4.0761251722e-01
51158,2025-02-18 06:55:00,nan,nan,nan,0.002 1 + 0.001 theta + 0.855 omega + -0.003 theta omega + 1.485 omega^2 + 0.001 theta^2 omega + -0.076 theta omega^2 + -0.647 omega^3,0.002 1 + -0.067 omega + 0.021 theta omega + -0.453 omega^2 + 0.001 theta^2 omega + -0.209 theta omega^2 + 10.173 omega^3,2.0551820010e-03,0.0000000000e+00,-6.6617616372e-02,-9.4349666731e-05,2.0571605056e-02,-4.5292173289e-01,0.0000000000e+00,9.1853881023e-04,-2.0899301163e-01,1.0173130114e+01
51159,2025-02-18 07:00:00,0.038455,2.466220,1.744093,0.018 1 + 0.002 theta + 1.031 omega + -0.006 theta omega + -0.528 omega^2 + 0.007 theta omega^2 + 0.809 omega^3,0.031 1 + -0.117 omega + -0.002 theta omega + -0.112 omega^2 + 0.618 omega^3,3.0968404725e-02,3.5595209248e-04,-1.1717026311e-01,-1.3148966155e-05,-1.6758838552e-03,-1.1161030658e-01,0.0000000000e+00,4.8901012201e-05,-2.6514417204e-04,6.1800861742e-01
51160,2025-02-18 07:05:00,0.007472,0.152377,0.107876,-0.001 1 + 0.001 theta + 1.011 omega + -0.001 theta omega + -0.005 omega^2 + -0.019 theta omega^2 + -0.576 omega^3,-0.002 1 + 0.001 theta + 0.020 omega + -0.002 theta omega + -0.014 omega^2 + -0.040 theta omega^2 + -1.097 omega^3,-2.0587697876e-03,1.1613945382e-03,2.0288082469e-02,1.4290876334e-04,-2.0052150644e-03,-1.4239651346e-02,-3.1890410953e-05,-2.5379562224e-04,-4.0156265559e-02,-1.0968789893e+00
51161,2025-02-18 07:10:00,0.039330,4.572377,3.233278,0.019 1 + -0.001 theta + 1.262 omega + 0.003 theta omega + 0.522 omega^2 + 0.045 theta omega^2 + -2.329 omega^3,0.034 1 + -0.001 theta + 0.399 omega + 0.008 theta omega + 0.108 omega^2 + 0.079 theta omega^2 + -5.835 omega^3,3.3963677856e-02,-1.0843207392e-03,3.9853074055e-01,-8.0448169553e-05,8.2101595806e-03,1.0766481103e-01,0.0000000000e+00,-4.4452649350e-04,7.8562638581e-02,-5.8348115871e+00
51162,2025-02-18 07:15:00,nan,nan,nan,0.130 1 + 0.004 theta + 2.771 omega + 0.062 theta omega + 6.440 omega^2 + 0.237 theta omega^2 + 3.050 omega^3,0.265 1 + 0.008 theta + 3.595 omega + 0.127 theta omega + 12.989 omega^2 + -0.001 theta^2 omega + 0.479 theta omega^2 + 5.964 omega^3,2.6512678457e-01,7.7509722136e-03,3.5952909790e+00,-1.4178641646e-04,1.2730846038e-01,1.2988918751e+01,0.0000000000e+00,-8.2290040510e-04,4.7894787944e-01,5.9642857123e+00
51163,2025-02-18 07:20:00,0.031087,1.607375,1.136799,-0.008 1 + 0.816 omega + -0.008 theta omega + -1.124 omega^2 + -0.057 theta omega^2 + -0.539 omega^3,-0.016 1 + -0.384 omega + -0.017 theta omega + -2.381 omega^2 + -0.120 theta omega^2 + -1.141 omega^3,-1.5585161974e-02,-4.2912613577e-04,-3.8423576982e-01,1.1924938227e-05,-1.7491644433e-02,-2.3812321047e+00,-4.4346396868e-07,8.1459513952e-05,-1.1974194258e-01,-1.1407483017e+00
51164,2025-02-18 07:25:00,nan,nan,nan,-0.001 1 + 1.022 omega + -0.007 theta omega + 0.713 omega^2 + -0.063 theta omega^2 + 5.302 omega^3,-0.002 1 + -0.001 theta + 0.044 omega + -0.014 theta omega + 1.402 omega^2 + -0.138 theta omega^2 + 10.893 omega^3,-1.7531874223e-03,-8.6193948044e-04,4.4316660490e-02,-9.7326347988e-06,-1.4192135415e-02,1.4019196213e+00,-3.7358618364e-07,3.9162557962e-04,-1.3840456551e-01,1.0893048765e+01
51165,2025-02-18 07:30:00,0.105825,3.480299,2.462080,0.001 theta + 1.015 omega + 0.006 theta omega + 0.115 omega^2 + 0.001 theta^2 omega + 0.001 theta omega^2 + -0.157 omega^3,0.001 1 + 0.002 theta + 0.030 omega + 0.013 theta omega + 0.246 omega^2 + 0.001 theta^2 omega + 0.004 theta omega^2 + -0.180 omega^3,5.3190232961e-04,1.7918250964e-03,3.0135698630e-02,1.0471994776e-04,1.3497781496e-02,2.4577802774e-01,-1.0861061209e-05,1.2128261204e-03,4.3549126120e-03,-1.8049723594e-01
51166,2025-02-18 07:35:00,0.029555,0.619368,0.438457,0.001 1 + -0.001 theta + 0.960 omega + 0.008 theta omega + 0.408 omega^2 + -0.053 theta omega^2 + 0.080 omega^3,0.001 1 + -0.002 theta + -0.068 omega + 0.001 theta^2 + 0.014 theta omega + 0.790 omega^2 + -0.001 theta^2 omega + -0.105 theta omega^2 + 0.291 omega^3,1.1571322943e-03,-2.2958629720e-03,-6.8476481474e-02,6.3506935758e-04,1.4188636598e-02,7.9027671013e-01,-3.7692647265e-05,-7.9071243581e-04,-1.0458879557e-01,2.9124409168e-01
51167,2025-02-18 07:40:00,0.058754,1.515363,1.072328,-0.002 theta + 1.006 omega + 0.001 theta^2 + 0.007 theta omega + 0.298 omega^2 + -0.001 theta^2 omega + -0.065 theta omega^2 + -1.154 omega^3,-0.004 theta + 0.015 omega + 0.001 theta^2 + 0.013 theta omega + 0.574 omega^2 + -0.002 theta^2 omega + -0.124 theta omega^2 + -2.299 omega^3,2.7823512151e-04,-4.1491550824e-03,1.5424693586e-02,1.2815225426e-03,1.2693396044e-02,5.7350566720e-01,-8.9785683451e-05,-1.5275637850e-03,-1.2435173087e-01,-2.2987685501e+00
51168,2025-02-18 07:45:00,0.079609,3.905401,2.762109,0.001 1 + 1.016 omega + -0.004 theta omega + 0.151 omega^2 + 0.001 theta omega^2 + -2.136 omega^3,0.002 1 + -0.001 theta + 0.033 omega + -0.008 theta omega + 0.311 omega^2 + 0.001 theta^2 omega + 0.003 theta omega^2 + -4.312 omega^3,2.4766843029e-03,-8.8930417436e-04,3.2994038794e-02,8.1025119471e-05,-8.4755146514e-03,3.1073292087e-01,-3.1399586891e-06,6.4617498894e-04,3.4136779410e-03,-4.3121639312e+00
51169,2025-02-18 07:50:00,1.099682,71.669144,50.683703,0.018 1 + 0.001 theta + 1.182 omega + 0.027 theta omega + -0.386 omega^2 + 0.001 theta^2 omega + -0.005 theta omega^2 + -3.116 omega^3,0.036 1 + 0.003 theta + 0.367 omega + 0.054 theta omega + -0.815 omega^2 + 0.002 theta^2 omega + -0.010 theta omega^2 + -6.436 omega^3,3.5790492248e-02,2.7724401387e-03,3.6698990257e-01,-1.9635280556e-04,5.4230266769e-02,-8.1501114580e-01,-1.3821943201e-05,1.9171532184e-03,-1.0061287727e-02,-6.4359060084e+00
51170,2025-02-18 07:55:00,0.031923,2.194591,1.551974,0.002 1 + -0.001 theta + 1.030 omega + -0.005 theta omega + -0.268 omega^2 + 0.044 theta omega^2 + -0.090 omega^3,0.003 1 + -0.002 theta + 0.061 omega + -0.009 theta omega + -0.508 omega^2 + -0.001 theta^2 omega + 0.089 theta omega^2 + -0.410 omega^3,3.4753950371e-03,-2.2136987337e-03,6.1376340508e-02,3.3826754899e-04,-9.4856735054e-03,-5.0760036848e-01,-9.5930061821e-06,-5.3798986153e-04,8.8912636676e-02,-4.0957779452e-01
51171,2025-02-18 08:00:00,0.056836,6.454854,4.564448,0.872 omega + -0.006 theta omega + 1.157 omega^2 + -0.021 theta omega^2 + -0.949 omega^3,-0.009 1 + 0.003 theta + 0.018 omega + -0.027 theta omega + 0.186 omega^2 + 0.001 theta^2 omega + 0.015 theta omega^2 + 1.767 omega^3,-8.9607368654e-03,3.0174224859e-03,1.7971750962e-02,-8.2935136141e-05,-2.7269574078e-02,1.8643641705e-01,0.0000000000e+00,7.0772354980e-04,1.5370590912e-02,1.7670388165e+00
51172,2025-02-18 08:05:00,0.068196,1.322297,0.936248,-0.002 theta + 1.011 omega + 0.001 theta^2 + -0.016 theta omega + -0.020 omega^2 + 0.009 theta^2 omega + 0.142 theta omega^2 + -1.380 omega^3,-0.004 theta + 0.025 omega + 0.002 theta^2 + -0.032 theta omega + -0.016 omega^2 + 0.017 theta^2 omega + 0.272 theta omega^2 + -2.977 omega^3,3.6808676949e-04,-3.5751588626e-03,2.4861527344e-02,1.5005887181e-03,-3.2036660593e-02,-1.5896178760e-02,-2.3018141837e-04,1.7145419360e-02,2.7167702722e-01,-2.9774694657e+00
51173,2025-02-18 08:10:00,0.079330,2.232642,1.579713,-0.006 1 + -0.007 theta + 0.941 omega + -0.003 theta^2 + -0.059 theta omega + -0.236 omega^2 + -0.011 theta^2 omega + -0.090 theta omega^2 + -2.413 omega^3,-0.012 1 + -0.015 theta + -0.120 omega + -0.006 theta^2 + -0.120 theta omega + -0.473 omega^2 + -0.001 theta^3 + -0.023 theta^2 omega + -0.182 theta omega^2 + -4.691 omega^3,-1.2173924498e-02,-1.5296215210e-02,-1.2028684835e-01,-5.9595551119e-03,-1.2008654222e-01,-4.7328326999e-01,-7.3718386340e-04,-2.2992834373e-02,-1.8232292453e-01,-4.6912210385e+00
51174,2025-02-18 08:15:00,0.036760,2.747426,1.942898,0.003 1 + -0.001 theta + 0.890 omega + 0.010 theta omega + 1.148 omega^2 + -0.090 theta omega^2 + -1.204 omega^3,0.006 1 + -0.001 theta + -0.213 omega + 0.021 theta omega + 2.188 omega^2 + -0.179 theta omega^2 + -1.811 omega^3,5.7235505147e-03,-1.0383242853e-03,-2.1312503589e-01,8.0513181664e-05,2.0794580786e-02,2.1878396205e+00,-3.2053393714e-06,-7.6398713390e-05,-1.7875223106e-01,-1.8114559549e+00
51175,2025-02-18 08:20:00,0.087117,8.392986,5.935057,-0.007 1 + 0.001 theta + 1.013 omega + -0.005 theta omega + 0.292 omega^2 + -0.007 theta omega^2 + -0.365 omega^3,-0.013 1 + 0.002 theta + 0.004 omega + -0.009 theta omega + 0.642 omega^2 + -0.014 theta omega^2 + -0.751 omega^3,-1.2545669205e-02,1.5403541181e-03,4.4157120126e-03,-3.7331000597e-05,-9.0926621727e-03,6.4196523975e-01,-4.5649780218e-09,2.7883211680e-04,-1.4451235315e-02,-7.5051130091e-01
51176,2025-02-18 08:25:00,0.058666,6.229688,4.405250,1.001 omega + -0.012 theta omega + 0.340 omega^2 + -0.004 theta^2 omega + 0.198 theta omega^2 + -3.576 omega^3,-0.001 theta + 0.006 omega + 0.001 theta^2 + -0.022 theta omega + 0.684 omega^2 + -0.008 theta^2 omega + 0.441 theta omega^2 + -8.333 omega^3,-2.6794957251e-04,-7.6274074482e-04,5.9988735274e-03,5.0957393488e-04,-2.1602092034e-02,6.8422709506e-01,2.3428919664e-05,-8.2343134116e-03,4.4051183882e-01,-8.3332479613e+00
51177,2025-02-18 08:30:00,nan,nan,nan,-0.006 1 + 0.002 theta + 1.125 omega + -0.015 theta omega + -0.960 omega^2 + 0.025 theta omega^2 + 2.440 omega^3,-0.032 1 + 0.003 theta + 0.380 omega + -0.022 theta omega + -1.444 omega^2 + 0.034 theta omega^2 + 2.332 omega^3,-3.1757467535e-02,2.5036997904e-03,3.8018699771e-01,-4.5526793039e-05,-2.2369694914e-02,-1.4439807796e+00,0.0000000000e+00,3.0957263491e-04,3.4029071021e-02,2.3323043623e+00
51178,2025-02-18 08:35:00,0.034941,0.798136,0.564908,0.002 1 + -0.001 theta + 0.981 omega + -0.002 theta omega + -0.241 omega^2 + 0.004 theta^2 omega + -0.021 theta omega^2 + 1.045 omega^3,0.005 1 + -0.001 theta + -0.037 omega + -0.004 theta omega + -0.483 omega^2 + 0.007 theta^2 omega + -0.037 theta omega^2 + 2.060 omega^3,4.8660533714e-03,-1.4813656807e-03,-3.7292280476e-02,-3.3796067521e-04,-3.7865898449e-03,-4.8259377388e-01,3.8431224472e-05,7.1388006059e-03,-3.6861228753e-02,2.0596456875e+00
51179,2025-02-18 08:40:00,nan,nan,nan,0.001 1 + -0.004 theta + 1.024 omega + -0.015 theta omega + 0.093 omega^2 + 0.001 theta^2 omega + 0.004 theta omega^2 + 1.825 omega^3,0.002 1 + -0.007 theta + 0.050 omega + 0.001 theta^2 + -0.034 theta omega + 0.170 omega^2 + 0.002 theta^2 omega + 0.012 theta omega^2 + 3.844 omega^3,1.8569326509e-03,-7.1302290001e-03,5.0404718298e-02,8.3792623120e-04,-3.3511543565e-02,1.7002678980e-01,-2.4946962648e-05,1.6068065554e-03,1.1772761794e-02,3.8436595572e+00
51180,2025-02-18 08:45:00,0.008736,0.288358,0.203993,-0.002 theta + 1.034 omega + 0.010 theta omega + -0.045 omega^2 + -0.001 theta^2 omega + 0.016 theta omega^2 + -1.495 omega^3,-0.001 1 + -0.003 theta + 0.068 omega + 0.020 theta omega + -0.126 omega^2 + -0.002 theta^2 omega + 0.031 theta omega^2 + -2.664 omega^3,-8.0626278903e-04,-3.1427018686e-03,6.7840720974e-02,2.2494828043e-04,1.9651482635e-02,-1.2613881021e-01,-1.9404114453e-06,-1.5455550661e-03,3.1290871643e-02,-2.6638750537e+00
51181,2025-02-18 08:50:00,nan,nan,nan,0.001 1 + -0.002 theta + 0.998 omega + -0.002 theta^2 + 0.010 theta omega + -0.401 omega^2 + 0.006 theta^2 omega + -0.145 theta omega^2 + 1.471 omega^3,0.002 1 + -0.004 theta + -0.004 omega + -0.004 theta^2 + 0.023 theta omega + -0.853 omega^2 + -0.001 theta^3 + 0.012 theta^2 omega + -0.303 theta omega^2 + 3.368 omega^3,1.7288069873e-03,-3.8286635908e-03,-3.5702179301e-03,-3.7747383763e-03,2.2648942214e-02,-8.5251309131e-01,-8.0626115263e-04,1.1990849094e-02,-3.0265345947e-01,3.3682729806e+00
51182,2025-02-18 08:55:00,0.058860,6.873796,4.860686,0.005 1 + -0.001 theta + 0.858 omega + 0.015 theta omega + 1.299 omega^2 + -0.052 theta omega^2 + -4.316 omega^3,0.004 1 + -0.165 omega + 0.010 theta omega + 2.156 omega^2 + -0.089 theta omega^2 + -7.081 omega^3,3.5755492207e-03,-4.7176333909e-04,-1.6488806088e-01,1.5753201352e-05,9.5865053911e-03,2.1557966623e+00,0.0000000000e+00,4.9777128076e-05,-8.8704551170e-02,-7.0813733348e+00
51183,2025-02-18 09:00:00,0.024029,2.711548,1.917429,-0.018 1 + 0.001 theta + 1.174 omega + -0.012 theta omega + 0.544 omega^2 + 0.047 theta omega^2 + -5.982 omega^3,-0.066 1 + 0.003 theta + 0.949 omega + -0.045 theta omega + -2.721 omega^2 + 0.160 theta omega^2 + -3.858 omega^3,-6.5634039891e-02,2.8320596191e-03,9.4906714658e-01,0.0000000000e+00,-4.5302294837e-02,-2.7207648662e+00,0.0000000000e+00,6.0551511729e-05,1.6029162500e-01,-3.8581513479e+00
51184,2025-02-18 09:05:00,0.079709,2.207916,1.562250,0.004 1 + -0.002 theta + 0.999 omega + 0.001 theta^2 + -0.003 theta omega + -0.345 omega^2 + 0.001 theta^2 omega + 0.079 theta omega^2 + -0.570 omega^3,0.007 1 + -0.005 theta + -0.001 omega + 0.001 theta^2 + -0.005 theta omega + -0.714 omega^2 + 0.002 theta^2 omega + 0.162 theta omega^2 + -1.264 omega^3,7.4538832181e-03,-4.8057613052e-03,-5.2654049960e-04,1.1844146747e-03,-5.1060619681e-03,-7.1393422610e-01,-1.1296424648e-04,1.7214676192e-03,1.6197870894e-01,-1.2635645594e+00
51185,2025-02-18 09:10:00,0.094434,2.644576,1.871190,0.003 1 + 0.001 theta + 0.934 omega + -0.001 theta^2 + 0.029 theta omega + 0.303 omega^2 + -0.002 theta^2 omega + -0.082 theta omega^2 + -1.284 omega^3,0.007 1 + 0.002 theta + -0.130 omega + -0.001 theta^2 + 0.056 theta omega + 0.593 omega^2 + -0.005 theta^2 omega + -0.162 theta omega^2 + -2.547 omega^3,6.5374117979e-03,2.1192157455e-03,-1.2965411124e-01,-1.2418748757e-03,5.6353760111e-02,5.9288760029e-01,1.0842984230e-04,-4.8079794523e-03,-1.6211395243e-01,-2.5471249796e+00
51186,2025-02-18 09:15:00,nan,nan,nan,-0.002 theta + 1.016 omega + 0.008 theta omega + 0.116 omega^2 + -0.011 theta omega^2 + -0.502 omega^3,0.004 1 + 0.030 omega + 0.006 theta omega + -0.342 omega^2 + -0.028 theta omega^2 + 1.030 omega^3,4.0192061113e-03,-4.0725871308e-04,2.9917018378e-02,-1.6847539417e-05,5.7343188156e-03,-3.4166540347e-01,0.0000000000e+00,1.1769125278e-04,-2.8141721596e-02,1.0297672730e+00
51187,2025-02-18 09:20:00,nan,nan,nan,0.001 1 + 0.001 theta + 0.840 omega + -0.006 theta omega + 2.690 omega^2 + 0.007 theta^2 omega + -0.583 theta omega^2 + 2.271 omega^3,0.002 theta + -0.302 omega + -0.020 theta omega + 5.439 omega^2 + 0.016 theta^2 omega + -1.184 theta omega^2 + 4.904 omega^3,3.4982063250e-04,1.8647904150e-03,-3.0153835455e-01,-5.7445220143e-05,-1.9961428795e-02,5.4386212642e+00,-6.2167074821e-05,1.6077856402e-02,-1.1839306849e+00,4.9044970174e+00
51188,2025-02-18 09:25:00,nan,nan,nan,-0.005 1 + -0.004 theta + 1.243 omega + 0.001 theta^2 + -0.047 theta omega + -1.115 omega^2 + 0.002 theta^2 omega + 0.118 theta omega^2 + 2.147 omega^3,-0.010 1 + -0.008 theta + 0.493 omega + 0.003 theta^2 + -0.094 theta omega + -2.219 omega^2 + 0.004 theta^2 omega + 0.230 theta omega^2 + 4.478 omega^3,-1.0384327589e-02,-7.7180991287e-03,4.9317893253e-01,2.5860643012e-03,-9.3997143384e-02,-2.2189824697e+00,-1.8144464070e-04,3.9085797516e-03,2.3044863363e-01,4.4777515318e+00
51189,2025-02-18 09:30:00,nan,nan,nan,-0.002 theta + 1.020 omega + 0.040 theta omega + -0.379 omega^2 + -0.001 theta^2 omega + -0.233 theta omega^2 + 1.891 omega^3,-0.004 theta + 0.044 omega + 0.079 theta omega + -0.740 omega^2 + -0.002 theta^2 omega + -0.469 theta omega^2 + 3.897 omega^3,1.4102798749e-04,-3.5221821573e-03,4.4141208680e-02,2.2833507538e-04,7.8846703955e-02,-7.4041769749e-01,-4.7596921682e-06,-2.3017012631e-03,-4.6894956799e-01,3.8966401670e+00
51190,2025-02-18 09:35:00,nan,nan,nan,-0.001 theta + 1.001 omega + -0.023 theta omega + 0.019 omega^2 + -0.020 theta^2 omega + 0.181 theta omega^2 + 1.872 omega^3,-0.001 1 + -0.001 theta + 0.004 omega + -0.043 theta omega + -0.018 omega^2 + -0.038 theta^2 omega + 0.312 theta omega^2 + 4.516 omega^3,-5.8803634837e-04,-1.1565722289e-03,3.9476908267e-03,-5.6194046862e-05,-4.3094250550e-02,-1.7701536561e-02,-2.5220352445e-04,-3.7627790470e-02,3.1224729946e-01,4.5155850206e+00
51191,2025-02-18 09:40:00,0.115064,12.325680,8.715952,0.001 1 + -0.001 theta + 1.032 omega + 0.005 theta omega + -0.152 omega^2 + -0.001 theta^2 omega + 0.050 theta omega^2 + -2.176 omega^3,0.002 1 + -0.003 theta + 0.068 omega + 0.011 theta omega + -0.323 omega^2 + -0.001 theta^2 omega + 0.101 theta omega^2 + -4.311 omega^3,2.3930356830e-03,-2.8735087086e-03,6.7807912752e-02,2.3417687605e-04,1.0553890015e-02,-3.2346556811e-01,-3.0078085625e-06,-1.3729404431e-03,1.0148390850e-01,-4.3106674815e+00
51192,2025-02-18 09:45:00,0.047461,5.149108,3.641124,0.001 1 + -0.001 theta + 1.010 omega + 0.013 theta omega + -0.510 omega^2 + -0.002 theta^2 omega + 0.009 theta omega^2 + 2.488 omega^3,0.002 1 + -0.002 theta + 0.023 omega + 0.026 theta omega + -0.930 omega^2 + -0.003 theta^2 omega + 0.031 theta omega^2 + 3.950 omega^3,1.8901114272e-03,-2.0648507136e-03,2.2564905720e-02,2.1527924995e-04,2.5666795146e-02,-9.3048626872e-01,4.9493416078e-06,-3.1704600505e-03,3.0771545279e-02,3.9500382593e+00
51193,2025-02-18 09:50:00,0.035253,1.924972,1.361389,0.017 1 + -0.007 theta + 0.546 omega + 0.001 theta^2 + 0.126 theta omega + 2.221 omega^2 + -0.007 theta^2 omega + -0.496 theta omega^2 + 8.673 omega^3,0.034 1 + -0.013 theta + -0.898 omega + 0.001 theta^2 + 0.248 theta omega + 4.478 omega^2 + -0.014 theta^2 omega + -0.999 theta omega^2 + 17.142 omega^3,3.3646370615e-02,-1.2670412899e-02,-8.9756556921e-01,1.4102298029e-03,2.4797793451e-01,4.4784003998e+00,-4.9668629263e-05,-1.3613653420e-02,-9.9910597303e-01,1.7141817139e+01
51194,2025-02-18 09:55:00,nan,nan,nan,-0.001 1 + 1.019 omega + -0.006 theta omega + 0.200 omega^2 + -0.005 theta^2 omega + 0.121 theta omega^2 + -1.790 omega^3,-0.001 1 + 0.039 omega + -0.011 theta omega + 0.379 omega^2 + -0.009 theta^2 omega + 0.230 theta omega^2 + -3.454 omega^3,-1.0844668896e-03,-1.5991546443e-04,3.8731434357e-02,4.7717723381e-04,-1.0785998597e-02,3.7901005238e-01,3.9135536932e-05,-9.3388776733e-03,2.2980265661e-01,-3.4540551523e+00
51195,2025-02-18 10:00:00,0.050776,7.840987,5.544531,0.004 1 + 0.896 omega + 0.004 theta omega + 0.809 omega^2 + -0.019 theta omega^2 + -1.762 omega^3,0.007 1 + -0.180 omega + 0.008 theta omega + 1.194 omega^2 + -0.054 theta omega^2 + -1.313 omega^3,7.0464994857e-03,-2.5523931438e-04,-1.7954893248e-01,-8.7675348679e-06,7.7928063908e-03,1.1941553248e+00,0.0000000000e+00,1.0487803360e-04,-5.3634317798e-02,-1.3125428843e+00
51196,2025-02-18 10:05:00,0.034856,3.287267,2.324580,-0.008 1 + -0.001 theta + 1.140 omega + 0.009 theta omega + -0.646 omega^2 + -0.010 theta omega^2 + 0.598 omega^3,-0.010 1 + -0.002 theta + 0.179 omega + 0.018 theta omega + -0.806 omega^2 + -0.021 theta omega^2 + 0.517 omega^3,-9.5594871117e-03,-2.4051487065e-03,1.7946054561e-01,3.4546819990e-05,1.7919252624e-02,-8.0560093923e-01,0.0000000000e+00,-2.0769473537e-04,-2.1215422127e-02,5.1654663042e-01
51197,2025-02-18 10:10:00,nan,nan,nan,0.037 1 + -0.004 theta + 0.683 omega + 0.026 theta omega + 0.187 omega^2 + -0.032 theta omega^2 + 2.359 omega^3,-0.045 1 + 0.003 theta + 0.753 omega + -0.030 theta omega + -4.660 omega^2 + 0.082 theta omega^2 + 10.177 omega^3,-4.4973722920e-02,2.7280068245e-03,7.5293180201e-01,-4.3148980102e-05,-2.9974241590e-02,-4.6600943368e+00,0.0000000000e+00,3.0626157103e-04,8.2034612732e-02,1.0177039461e+01
51198,2025-02-18 10:15:00,0.030604,2.835991,2.005465,-0.001 theta + 1.088 omega + 0.003 theta omega + -0.779 omega^2 + 0.013 theta omega^2 + 1.244 omega^3,0.001 1 + -0.002 theta + 0.149 omega + 0.014 theta omega + -1.057 omega^2 + 0.017 theta omega^2 + -0.299 omega^3,6.6339811709e-04,-2.2925133591e-03,1.4907383352e-01,5.5752372087e-05,1.4383815283e-02,-1.0570827541e+00,0.0000000000e+00,-4.1457242140e-04,1.6816252231e-02,-2.9864629240e-01
51199,2025-02-18 10:20:00,0.015377,0.933769,0.660364,-0.003 1 + 0.001 theta + 1.026 omega + -0.017 theta omega + 0.096 omega^2 + 0.001 theta^2 omega + 0.053 theta omega^2 + -0.315 omega^3,-0.006 1 + 0.002 theta + 0.051 omega + -0.033 theta omega + 0.222 omega^2 + 0.001 theta^2 omega + 0.107 theta omega^2 + -0.958 omega^3,-5.7373597970e-03,1.8382877343e-03,5.1118869079e-02,-4.4795129911e-05,-3.3005456336e-02,2.2162425906e-01,-1.2466636519e-06,9.3987669274e-04,1.0656625152e-01,-9.5764126053e-01
51200,2025-02-18 10:25:00,0.010812,0.258794,0.183155,0.001 1 + 0.993 omega + -0.001 theta omega + -0.212 omega^2 + -0.001 theta^2 omega + 0.051 theta omega^2 + 1.594 omega^3,0.003 1 + -0.001 theta + -0.010 omega + -0.002 theta omega + -0.415 omega^2 + -0.002 theta^2 omega + 0.115 theta omega^2 + 2.664 omega^3,2.8133057049e-03,-8.2073068936e-04,-9.9891396584e-03,1.4924451622e-04,-2.4456235578e-03,-4.1452440054e-01,3.3856658105e-06,-1.9311800278e-03,1.1537487830e-01,2.6642024094e+00
51201,2025-02-18 10:30:00,0.019103,2.321649,1.641709,-0.002 1 + 1.012 omega + 0.006 theta omega + 0.076 omega^2 + -0.026 theta omega^2 + -0.293 omega^3,0.040 1 + -0.884 omega + 0.005 theta omega + 6.142 omega^2 + -0.040 theta omega^2 + -13.023 omega^3,3.9893121044e-02,-2.4942164857e-06,-8.8432942387e-01,-1.4351119716e-05,5.2779887953e-03,6.1416586062e+00,0.0000000000e+00,1.1024880592e-04,-4.0404436502e-02,-1.3022705919e+01
51202,2025-02-18 10:35:00,0.052336,1.446985,1.023842,0.001 1 + 0.001 theta + 0.983 omega + -0.005 theta omega + -0.019 omega^2 + 0.001 theta^2 omega + -0.025 theta omega^2 + 0.758 omega^3,0.002 1 + 0.002 theta + -0.030 omega + -0.001 theta^2 + -0.012 theta omega + -0.082 omega^2 + 0.002 theta^2 omega + -0.039 theta omega^2 + 1.784 omega^3,2.3354719807e-03,1.9176111012e-03,-3.0338712481e-02,-5.2450747073e-04,-1.2078237320e-02,-8.1673247172e-02,2.9229841657e-05,2.2172295548e-03,-3.9451957599e-02,1.7842409946e+00
51203,2025-02-18 10:40:00,0.035020,0.826363,0.584851,-0.004 1 + 0.002 theta + 0.971 omega + -0.015 theta omega + 0.731 omega^2 + 0.001 theta^2 omega + -0.005 theta omega^2 + -1.844 omega^3,-0.010 1 + 0.004 theta + -0.031 omega + -0.032 theta omega + 1.357 omega^2 + 0.002 theta^2 omega + -0.004 theta omega^2 + -3.590 omega^3,-9.8287730365e-03,3.8771427729e-03,-3.0931826010e-02,-2.2308707080e-04,-3.2478934475e-02,1.3570866867e+00,2.3234808709e-06,1.6074293700e-03,-4.0187616236e-03,-3.5901913407e+00
51204,2025-02-18 10:45:00,nan,nan,nan,-0.019 1 + -0.001 theta + 1.427 omega + -0.005 theta omega + -2.289 omega^2 + 0.056 theta omega^2 + 3.025 omega^3,-0.031 1 + -0.001 theta + 0.648 omega + -0.019 theta omega + -2.634 omega^2 + -0.001 theta^2 omega + 0.158 theta omega^2 + -0.868 omega^3,-3.0721159171e-02,-1.1963216676e-03,6.4814949050e-01,1.3926722199e-04,-1.8919292106e-02,-2.6341165735e+00,0.0000000000e+00,-8.4243480166e-04,1.5833940685e-01,-8.6810425748e-01
51205,2025-02-18 10:50:00,0.017030,1.866068,1.319564,0.085 1 + 0.002 theta + -0.775 omega + -0.026 theta omega + 12.231 omega^2 + 0.093 theta omega^2 + -27.800 omega^3,0.181 1 + 0.004 theta + -3.792 omega + -0.055 theta omega + 26.219 omega^2 + 0.197 theta omega^2 + -59.651 omega^3,1.8069825362e-01,3.5252917781e-03,-3.7919647908e+00,5.4793199951e-05,-5.4974982170e-02,2.6218508794e+01,0.0000000000e+00,-3.0600779286e-04,1.9743133522e-01,-5.9651270956e+01
51206,2025-02-18 10:55:00,0.017639,1.331456,0.941564,0.043 1 + -0.001 theta + 0.318 omega + 0.010 theta omega + 3.459 omega^2 + -0.029 theta omega^2 + -5.567 omega^3,0.088 1 + -0.002 theta + -1.428 omega + 0.019 theta omega + 7.458 omega^2 + -0.058 theta omega^2 + -12.524 omega^3,8.8487117667e-02,-1.5503948752e-03,-1.4279838461e+00,1.1860696796e-06,1.8949352166e-02,7.4582500792e+00,0.0000000000e+00,-3.9612344186e-06,-5.7837888909e-02,-1.2523878883e+01
51207,2025-02-18 11:00:00,nan,nan,nan,-0.176 1 + 0.004 theta + 3.434 omega + -0.034 theta omega + -11.318 omega^2 + 0.070 theta omega^2 + 17.791 omega^3,-0.191 1 + 0.007 theta + 2.422 omega + -0.063 theta omega + -10.086 omega^2 + 0.138 theta omega^2 + 13.805 omega^3,-1.9109465494e-01,7.1585006658e-03,2.4223949837e+00,-3.5709253314e-05,-6.2876275268e-02,-1.0086441040e+01,0.0000000000e+00,1.5441119936e-04,1.3824959540e-01,1.3805333222e+01
51208,2025-02-18 11:05:00,nan,nan,nan,0.007 1 + -0.002 theta + 0.848 omega + 0.024 theta omega + 0.567 omega^2 + -0.001 theta^2 omega + -0.121 theta omega^2 + 4.941 omega^3,0.013 1 + -0.004 theta + -0.305 omega + 0.049 theta omega + 1.112 omega^2 + -0.001 theta^2 omega + -0.251 theta omega^2 + 10.393 omega^3,1.3389720766e-02,-3.6640917318e-03,-3.0518403441e-01,3.1726170005e-04,4.8654265259e-02,1.1121736580e+00,-8.7119250931e-06,-1.2104105921e-03,-2.5089584636e-01,1.0392802077e+01
51209,2025-02-18 11:10:00,nan,nan,nan,0.001 1 + 0.974 omega + 0.015 theta omega + -0.220 omega^2 + -0.130 theta omega^2 + 6.618 omega^3,0.002 1 + -0.001 theta + -0.051 omega + 0.032 theta omega + -0.481 omega^2 + -0.256 theta omega^2 + 13.483 omega^3,1.5033921521e-03,-6.6803250618e-04,-5.0704263669e-02,-5.9597415229e-05,3.2136023904e-02,-4.8115774265e-01,5.8759820250e-06,-3.6418787297e-04,-2.5561993207e-01,1.3482819936e+01
51210,2025-02-18 11:15:00,0.952327,22.462832,15.897889,-0.036 1 + 0.004 theta + 1.332 omega + -0.048 theta omega + 0.168 omega^2 + 0.002 theta^2 omega + -0.015 theta omega^2 + -0.880 omega^3,-0.076 1 + 0.008 theta + 0.729 omega + -0.102 theta omega + 0.110 omega^2 + 0.004 theta^2 omega + -0.016 theta omega^2 + -1.587 omega^3,-7.6195603734e-02,8.0127001426e-03,7.2910330075e-01,8.4415615953e-05,-1.0229660591e-01,1.0993057133e-01,-1.8184651271e-05,3.6385121595e-03,-1.6318756345e-02,-1.5869750747e+00
51211,2025-02-18 11:20:00,0.025387,1.174469,0.830669,0.001 1 + 0.996 omega + 0.001 theta omega + 0.208 omega^2 + 0.027 theta omega^2 + -2.928 omega^3,0.002 1 + -0.001 theta + -0.007 omega + 0.501 omega^2 + 0.057 theta omega^2 + -6.314 omega^3,2.1170225405e-03,-8.7353533389e-04,-6.8693111091e-03,7.6620556280e-05,4.1057961908e-04,5.0094413257e-01,-1.6996949264e-06,-3.2018436955e-04,5.7033136786e-02,-6.3136651389e+00
51212,2025-02-18 11:25:00,nan,nan,nan,0.001 1 + -0.001 theta + 0.999 omega + -0.003 theta omega + -0.143 omega^2 + 0.001 theta^2 omega + 0.090 theta omega^2 + 0.852 omega^3,0.002 1 + -0.003 theta + -0.007 theta omega + -0.282 omega^2 + 0.003 theta^2 omega + 0.182 theta omega^2 + 1.495 omega^3,2.0491070604e-03,-2.8184312502e-03,4.6220576677e-04,3.0872613350e-04,-7.2339873604e-03,-2.8230637577e-01,5.4477458960e-05,2.9098432137e-03,1.8222412113e-01,1.4945004827e+00
51213,2025-02-18 11:30:00,0.067646,14.799096,10.464650,-0.044 1 + 0.005 theta + 1.531 omega + -0.054 theta omega + -1.125 omega^2 + 0.001 theta^2 omega + 0.084 theta omega^2 + -0.852 omega^3,0.009 1 + -0.587 omega + 0.025 theta omega + 6.207 omega^2 + -0.209 theta omega^2 + -14.889 omega^3,9.2005353208e-03,-8.9572932176e-05,-5.8701345666e-01,-1.5655223842e-05,2.5169783833e-02,6.2074806444e+00,0.0000000000e+00,0.0000000000e+00,-2.0900624350e-01,-1.4889388307e+01
51214,2025-02-18 11:35:00,0.039399,1.611851,1.140091,0.013 1 + -0.002 theta + 0.739 omega + 0.029 theta omega + 1.172 omega^2 + -0.001 theta^2 omega + -0.095 theta omega^2 + 1.326 omega^3,0.025 1 + -0.004 theta + -0.512 omega + 0.057 theta omega + 2.302 omega^2 + -0.001 theta^2 omega + -0.190 theta omega^2 + 2.871 omega^3,2.5027353988e-02,-4.0183804661e-03,-5.1195643278e-01,2.1527647131e-04,5.7199301085e-02,2.3022729380e+00,-4.3742321471e-06,-1.2890498449e-03,-1.8978541640e-01,2.8711626405e+00
51215,2025-02-18 11:40:00,0.027226,1.690822,1.195747,-0.006 1 + 1.198 omega + -0.020 theta omega + -1.339 omega^2 + 0.053 theta omega^2 + 3.417 omega^3,-0.011 1 + -0.001 theta + 0.398 omega + -0.039 theta omega + -2.690 omega^2 + 0.001 theta^2 omega + 0.105 theta omega^2 + 6.820 omega^3,-1.1262627480e-02,-5.6788320052e-04,3.9791894192e-01,3.1927514613e-04,-3.9011233405e-02,-2.6899736033e+00,-1.4858386050e-05,8.1559396491e-04,1.0476558031e-01,6.8195096197e+00
51216,2025-02-18 11:45:00,0.024895,0.965349,0.682832,-0.002 1 + 1.086 omega + -0.007 theta omega + -0.507 omega^2 + 0.027 theta omega^2 + 0.524 omega^3,-0.003 1 + 0.001 theta + 0.100 omega + -0.018 theta omega + -0.613 omega^2 + 0.001 theta^2 omega + 0.046 theta omega^2 + 1.284 omega^3,-3.0987748969e-03,1.0142913206e-03,1.0043573865e-01,-4.0010718130e-05,-1.8272873263e-02,-6.1345300477e-01,0.0000000000e+00,5.2376275926e-04,4.5793381016e-02,1.2841910358e+00
51217,2025-02-18 11:50:00,0.124128,2.831556,2.004135,0.001 1 + -0.001 theta + 1.010 omega + 0.003 theta omega + -0.232 omega^2 + 0.030 theta omega^2 + -1.025 omega^3,0.003 1 + -0.002 theta + 0.023 omega + 0.005 theta omega + -0.453 omega^2 + -0.001 theta^2 omega + 0.056 theta omega^2 + -2.047 omega^3,2.8023408172e-03,-1.6402487937e-03,2.3356789400e-02,3.9667950923e-04,5.1326343404e-03,-4.5289717460e-01,-3.4606046340e-05,-8.6649491874e-04,5.5630719552e-02,-2.0467707773e+00
51218,2025-02-18 11:55:00,nan,nan,nan,0.033 1 + 0.001 theta + 1.186 omega + 0.004 theta omega + 0.172 omega^2 + -0.001 theta omega^2 + 0.485 omega^3,0.060 1 + 0.001 theta + 0.395 omega + 0.007 theta omega + 0.686 omega^2 + 0.010 theta omega^2 + 1.344 omega^3,6.0018873899e-02,1.3957925259e-03,3.9529947145e-01,-4.9687400968e-05,7.3506174537e-03,6.8627355181e-01,0.0000000000e+00,-3.6702077451e-04,9.5723342711e-03,1.3443884549e+00
51219,2025-02-18 12:00:00,0.067653,3.010049,2.128964,0.001 1 + 0.001 theta + 0.994 omega + -0.004 theta omega + -0.004 omega^2 + -0.009 theta omega^2 + -0.298 omega^3,0.001 1 + 0.002 theta + -0.014 omega + 0.001 theta^2 + -0.008 theta omega + -0.017 omega^2 + -0.001 theta^2 omega + -0.021 theta omega^2 + -0.363 omega^3,1.2800603351e-03,2.1453132173e-03,-1.3673191279e-02,5.1013479899e-04,-8.0751836712e-03,-1.7264682403e-02,-5.4923771622e-05,-6.6858031148e-04,-2.1407348569e-02,-3.6313773460e-01
51220,2025-02-18 12:05:00,0.030551,1.823923,1.289889,1.035 omega + -0.003 theta omega + -0.230 omega^2 + -0.013 theta omega^2 + 1.134 omega^3,0.001 1 + -0.001 theta + 0.072 omega + -0.006 theta omega + -0.456 omega^2 + -0.027 theta omega^2 + 2.233 omega^3,5.9454298453e-04,-8.4512580985e-04,7.2363082607e-02,9.2429816167e-05,-6.3941169738e-03,-4.5616644032e-01,-2.9929142162e-06,4.3624003886e-04,-2.6578685051e-02,2.2325260348e+00
51221,2025-02-18 12:10:00,nan,nan,nan,-0.015 1 + 0.001 theta + 1.167 omega + -0.014 theta omega + -0.606 omega^2 + 0.019 theta omega^2 + 1.212 omega^3,-0.036 1 + 0.004 theta + 0.429 omega + -0.034 theta omega + -1.653 omega^2 + 0.001 theta^2 omega + 0.056 theta omega^2 + 3.109 omega^3,-3.5867237011e-02,3.5037696495e-03,4.2934496773e-01,-8.6936637281e-05,-3.4045064869e-02,-1.6533311890e+00,7.0226575783e-08,6.7687341404e-04,5.5730020514e-02,3.1091273176e+00
51222,2025-02-18 12:15:00,0.011399,0.424132,0.300015,0.003 1 + 0.902 omega + 0.005 theta omega + 1.084 omega^2 + -0.037 theta omega^2 + -3.443 omega^3,0.004 1 + -0.147 omega + 0.010 theta omega + 1.820 omega^2 + -0.055 theta omega^2 + -6.990 omega^3,4.1675334775e-03,-4.3442566790e-04,-1.4659850906e-01,3.9335365683e-06,9.6073079035e-03,1.8199897187e+00,0.0000000000e+00,-7.4292280377e-05,-5.4623912228e-02,-6.9903679705e+00
51223,2025-02-18 12:20:00,0.034731,2.754669,1.948000,0.002 1 + 0.883 omega + -0.001 theta omega + 1.753 omega^2 + 0.001 theta^2 omega + -0.094 theta omega^2 + -4.500 omega^3,0.002 1 + -0.096 omega + 0.002 theta omega + 1.861 omega^2 + -0.084 theta omega^2 + -7.632 omega^3,1.6273313103e-03,-1.8209864552e-05,-9.6420935565e-02,-9.8175877482e-06,2.4574188631e-03,1.8613590430e+00,0.0000000000e+00,3.2659802547e-04,-8.4059375787e-02,-7.6320816503e+00
51224,2025-02-18 12:25:00,nan,nan,nan,-0.001 1 + -0.001 theta + 1.004 omega + 0.001 theta omega + 0.291 omega^2 + -0.044 theta omega^2 + 2.178 omega^3,-0.002 1 + -0.002 theta + 0.006 omega + 0.001 theta omega + 0.546 omega^2 + -0.001 theta^2 omega + -0.093 theta omega^2 + 5.417 omega^3,-1.5361589198e-03,-2.0688597641e-03,6.0895365694e-03,4.9753548194e-04,1.0970531874e-03,5.4557541321e-01,-2.5151349608e-05,-6.5835071647e-04,-9.2620145958e-02,5.4172943984e+00
51225,2025-02-18 12:30:00,0.093155,5.591545,3.954368,0.002 1 + 0.992 omega + -0.003 theta omega + 0.225 omega^2 + -0.008 theta omega^2 + -1.676 omega^3,0.003 1 + -0.013 omega + -0.007 theta omega + 0.434 omega^2 + 0.001 theta^2 omega + -0.017 theta omega^2 + -3.253 omega^3,3.1267083840e-03,1.4150739841e-04,-1.3486367615e-02,-1.7891646291e-05,-6.5130951786e-03,4.3441238185e-01,-1.3903686405e-06,7.1572706378e-04,-1.6571088178e-02,-3.2528908477e+00
51226,2025-02-18 12:35:00,nan,nan,nan,-0.003 1 + 0.001 theta + 1.034 omega + -0.005 theta omega + -0.037 omega^2 + -0.015 theta omega^2 + 0.161 omega^3,-0.006 1 + 0.001 theta + 0.074 omega + -0.012 theta omega + -0.096 omega^2 + -0.031 theta omega^2 + 0.539 omega^3,-5.7171159168e-03,1.3137861374e-03,7.4169096416e-02,4.6954412943e-04,-1.2447433969e-02,-9.5854411093e-02,-8.5207215701e-05,-1.2436588803e-04,-3.1046865904e-02,5.3927395180e-01
51227,2025-02-18 12:40:00,nan,nan,nan,0.001 1 + -0.001 theta + 1.014 omega + 0.010 theta omega + -0.391 omega^2 + -0.022 theta omega^2 + 1.472 omega^3,0.001 1 + -0.001 theta + 0.027 omega + 0.024 theta omega + -1.026 omega^2 + -0.129 theta omega^2 + 7.026 omega^3,1.1801227223e-03,-1.0881581117e-03,2.6991267821e-02,-1.9654599839e-05,2.4113010805e-02,-1.0259897654e+00,0.0000000000e+00,1.8951323218e-04,-1.2942408726e-01,7.0262887494e+00
51228,2025-02-18 12:45:00,nan,nan,nan,-0.020 1 + 0.005 theta + 0.935 omega + -0.013 theta omega + 1.185 omega^2 + 0.001 theta^2 omega + -0.076 theta omega^2 + -0.106 omega^3,-0.036 1 + 0.009 theta + -0.176 omega + -0.001 theta^2 + -0.020 theta omega + 2.510 omega^2 + 0.002 theta^2 omega + -0.160 theta omega^2 + -0.343 omega^3,-3.5579005433e-02,8.6282820650e-03,-1.7584790412e-01,-5.2753427759e-04,-1.9541470670e-02,2.5099566740e+00,7.8847050975e-06,1.9251487834e-03,-1.6016233250e-01,-3.4347041186e-01
51229,2025-02-18 12:50:00,0.015694,0.915095,0.647165,1.010 omega + 0.004 theta omega + 0.083 omega^2 + -0.001 theta^2 omega + 0.015 theta omega^2 + -1.489 omega^3,-0.001 1 + -0.001 theta + 0.022 omega + 0.009 theta omega + 0.191 omega^2 + -0.002 theta^2 omega + 0.025 theta omega^2 + -3.035 omega^3,-1.1087827396e-03,-1.0221547307e-03,2.1732054347e-02,2.7316693244e-04,9.3646602473e-03,1.9108530784e-01,-8.8970531196e-06,-2.0744052390e-03,2.5039920444e-02,-3.0346695519e+00
51230,2025-02-18 12:55:00,0.033595,1.451946,1.026956,-0.053 1 + 0.007 theta + 1.428 omega + -0.039 theta omega + -1.212 omega^2 + 0.001 theta^2 omega + 0.040 theta omega^2 + 2.248 omega^3,-0.007 1 + -0.085 omega + 0.006 theta omega + 1.155 omega^2 + -0.032 theta omega^2 + -2.795 omega^3,-7.2347590209e-03,3.8563185097e-04,-8.4700482008e-02,-8.3500786754e-06,5.6617066863e-03,1.1550718547e+00,0.0000000000e+00,-6.4120612685e-05,-3.1853637177e-02,-2.7951443934e+00
51231,2025-02-18 13:00:00,0.368114,2335.385351,1651.366839,0.028 1 + 1.386 omega + 0.011 theta omega + 1.168 omega^2 + 0.055 theta omega^2 + -0.847 omega^3,0.092 1 + 0.002 theta + 1.222 omega + 0.038 theta omega + 4.146 omega^2 + 0.142 theta omega^2 + 0.682 omega^3,9.1680903339e-02,2.4194022086e-03,1.2223702658e+00,-2.9804919772e-05,3.7955157958e-02,4.1460790008e+00,0.0000000000e+00,-1.8700396398e-04,1.4185278188e-01,6.8229956021e-01
51232,2025-02-18 13:05:00,0.047972,1.183892,0.837825,0.001 1 + -0.001 theta + 1.019 omega + -0.012 theta omega + 0.051 omega^2 + -0.001 theta^2 omega + -0.015 theta omega^2 + -1.339 omega^3,0.002 1 + -0.002 theta + 0.052 omega + -0.001 theta^2 + -0.019 theta omega + 0.118 omega^2 + -0.002 theta^2 omega + -0.029 theta omega^2 + -2.454 omega^3,2.2742792544e-03,-2.1378849803e-03,5.2450745352e-02,-7.2734380319e-04,-1.9250835109e-02,1.1841393384e-01,-4.0497315160e-05,-1.6397287904e-03,-2.8565879844e-02,-2.4543244880e+00
51233,2025-02-18 13:10:00,0.056441,8.399349,5.939371,-0.002 theta + 0.986 omega + 0.001 theta^2 + -0.012 theta omega + 1.614 omega^2 + 0.001 theta^2 omega + -0.125 theta omega^2 + -3.707 omega^3,-0.005 theta + -0.026 omega + 0.001 theta^2 + -0.023 theta omega + 3.263 omega^2 + 0.002 theta^2 omega + -0.257 theta omega^2 + -7.445 omega^3,-3.3944395676e-04,-4.9201611385e-03,-2.5535272694e-02,1.0972976814e-03,-2.2958004076e-02,3.2631160393e+00,-5.8081375648e-05,2.0718108447e-03,-2.5659341244e-01,-7.4453915066e+00
51234,2025-02-18 13:15:00,nan,nan,nan,0.001 theta + 1.009 omega + 0.012 theta omega + 0.124 omega^2 + 0.002 theta^2 omega + 0.059 theta omega^2 + 0.057 omega^3,0.001 1 + 0.002 theta + 0.022 omega + 0.001 theta^2 + 0.025 theta omega + 0.250 omega^2 + 0.005 theta^2 omega + 0.110 theta omega^2 + -0.162 omega^3,7.4257420595e-04,1.5655548779e-03,2.1760180350e-02,5.7893875208e-04,2.5103467527e-02,2.5008953566e-01,3.6189722274e-05,4.7500872133e-03,1.1007521340e-01,-1.6154330619e-01
51235,2025-02-18 13:20:00,0.074781,5.957796,4.213130,0.004 1 + 0.002 theta + 1.017 omega + 0.001 theta omega + -0.199 omega^2 + -0.001 theta^2 omega + -0.101 theta omega^2 + -0.981 omega^3,0.007 1 + 0.004 theta + 0.036 omega + 0.001 theta omega + -0.389 omega^2 + -0.002 theta^2 omega + -0.201 theta omega^2 + -1.920 omega^3,7.3402409332e-03,3.5673503429e-03,3.5700129541e-02,-4.5274695516e-04,1.1942157576e-03,-3.8876209467e-01,-1.6877922743e-04,-1.8625959854e-03,-2.0133209576e-01,-1.9200720286e+00
51236,2025-02-18 13:25:00,nan,nan,nan,-0.006 1 + 0.001 theta + 1.210 omega + -0.022 theta omega + -2.222 omega^2 + 0.119 theta omega^2 + 3.595 omega^3,-0.012 1 + 0.003 theta + 0.431 omega + -0.045 theta omega + -4.497 omega^2 + 0.001 theta^2 omega + 0.242 theta omega^2 + 7.064 omega^3,-1.2078493603e-02,2.8849847599e-03,4.3064525785e-01,1.2763164039e-04,-4.4971878179e-02,-4.4973701655e+00,-2.1274679963e-05,9.5417259943e-04,2.4237939103e-01,7.0638183560e+00
51237,2025-02-18 13:30:00,1.426968,24.289478,17.204868,-0.016 1 + 0.007 theta + 1.205 omega + -0.001 theta^2 + -0.083 theta omega + 0.173 omega^2 + 0.008 theta^2 omega + 0.002 theta omega^2 + -2.691 omega^3,-0.033 1 + 0.014 theta + 0.418 omega + -0.002 theta^2 + -0.167 theta omega + 0.222 omega^2 + 0.015 theta^2 omega + 0.021 theta omega^2 + -4.842 omega^3,-3.3000275260e-02,1.3848348152e-02,4.1757478044e-01,-1.5310975218e-03,-1.6669280050e-01,2.2214784478e-01,3.1087033406e-05,1.5439001282e-02,2.0787576507e-02,-4.8422299151e+00
51238,2025-02-18 13:35:00,nan,nan,nan,0.001 1 + 0.002 theta + 0.960 omega + -0.010 theta omega + 0.352 omega^2 + 0.002 theta^2 omega + -0.079 theta omega^2 + 1.681 omega^3,0.001 1 + 0.004 theta + -0.077 omega + -0.001 theta^2 + -0.020 theta omega + 0.766 omega^2 + 0.004 theta^2 omega + -0.161 theta omega^2 + 2.814 omega^3,9.9609830508e-04,3.7637510343e-03,-7.7132573674e-02,-7.2559890908e-04,-2.0479387950e-02,7.6568487341e-01,2.8565147225e-05,4.0302082774e-03,-1.6094862945e-01,2.8139778235e+00
51239,2025-02-18 13:40:00,0.028633,1.303292,0.921789,1.008 omega + 0.004 theta omega + 0.130 omega^2 + -0.011 theta omega^2 + -0.775 omega^3,-0.001 1 + -0.001 theta + 0.016 omega + 0.008 theta omega + 0.270 omega^2 + -0.021 theta omega^2 + -1.499 omega^3,-1.0818555501e-03,-9.5607625713e-04,1.5940947818e-02,1.1872739927e-04,7.8844083132e-03,2.7031374122e-01,-3.8219061672e-06,-4.5456477762e-04,-2.1449732322e-02,-1.4988193974e+00
51240,2025-02-18 13:45:00,0.034429,1.714392,1.212503,0.004 1 + 0.949 omega + 0.002 theta omega + -0.706 omega^2 + -0.009 theta omega^2 + -1.205 omega^3,0.049 1 + 0.004 theta + 0.569 omega + 0.032 theta omega + 1.996 omega^2 + 0.054 theta omega^2 + 2.260 omega^3,4.8510782397e-02,3.6575632545e-03,5.6898427808e-01,6.2747317404e-05,3.1605156497e-02,1.9960049737e+00,0.0000000000e+00,3.8175019362e-04,5.4171430936e-02,2.2604112559e+00
51241,2025-02-18 13:50:00,0.076450,1.451312,1.027655,-0.001 1 + -0.002 theta + 1.037 omega + 0.026 theta omega + -0.063 omega^2 + 0.124 theta omega^2 + -3.726 omega^3,-0.002 1 + -0.003 theta + 0.075 omega + 0.049 theta omega + -0.148 omega^2 + 0.239 theta omega^2 + -7.683 omega^3,-2.3763327681e-03,-3.3868713943e-03,7.5146852469e-02,-2.8889454387e-04,4.8745061342e-02,-1.4770652716e-01,-5.2252069227e-05,4.9645731393e-05,2.3877502393e-01,-7.6833667872e+00
51242,2025-02-18 13:55:00,nan,nan,nan,0.001 1 + -0.002 theta + 1.010 omega + 0.001 theta^2 + -0.015 theta omega + 0.173 omega^2 + 0.002 theta^2 omega + -0.075 theta omega^2 + 0.610 omega^3,0.001 1 + -0.003 theta + 0.025 omega + 0.002 theta^2 + -0.031 theta omega + 0.358 omega^2 + 0.004 theta^2 omega + -0.152 theta omega^2 + 1.137 omega^3,1.2670370580e-03,-3.1604102730e-03,2.5054289736e-02,1.6363317823e-03,-3.1212075654e-02,3.5767555049e-01,-1.8081330489e-04,4.4868321799e-03,-1.5168242640e-01,1.1366093848e+00
51243,2025-02-18 14:00:00,0.025897,3.421232,2.419246,0.011 1 + -0.001 theta + 1.279 omega + -0.007 theta omega + 2.063 omega^2 + -0.015 theta omega^2 + 4.469 omega^3,-0.055 1 + -0.004 theta + -0.350 omega + -0.033 theta omega + 0.539 omega^2 + -0.066 theta omega^2 + 4.209 omega^3,-5.4640083285e-02,-3.6263141061e-03,-3.4966014161e-01,-2.7846502393e-05,-3.2811601540e-02,5.3879280352e-01,0.0000000000e+00,-1.7116233547e-04,-6.6454317756e-02,4.2091631184e+00
51244,2025-02-18 14:05:00,0.043759,2.103236,1.487534,-0.001 theta + 1.015 omega + -0.001 theta^2 + 0.010 theta omega + -0.044 omega^2 + 0.001 theta^2 omega + -0.038 theta omega^2 + -5.927 omega^3,-0.002 theta + 0.034 omega + -0.002 theta^2 + 0.022 theta omega + -0.053 omega^2 + 0.003 theta^2 omega + -0.079 theta omega^2 + -11.350 omega^3,-2.8671225356e-04,-2.1151833606e-03,3.4092911448e-02,-1.8090558016e-03,2.1580557895e-02,-5.2820356968e-02,-2.4141611280e-04,2.6662039856e-03,-7.8808816859e-02,-1.1349621403e+01
51245,2025-02-18 14:10:00,0.048467,1.969843,1.393311,1.014 omega + -0.007 theta omega + 0.120 omega^2 + 0.001 theta^2 omega + -0.012 theta omega^2 + -0.248 omega^3,0.030 omega + -0.014 theta omega + 0.249 omega^2 + 0.001 theta^2 omega + -0.024 theta omega^2 + -0.283 omega^3,-1.6630110124e-04,-2.8879147735e-04,3.0345415591e-02,1.5463412340e-04,-1.4474752340e-02,2.4893995663e-01,-1.2356572679e-05,1.0969184992e-03,-2.3853044973e-02,-2.8315924625e-01
51246,2025-02-18 14:15:00,0.073686,4.790369,3.387703,0.962 omega + -0.008 theta omega + -0.473 omega^2 + 0.006 theta omega^2 + -2.385 omega^3,-0.078 omega + -0.016 theta omega + -0.958 omega^2 + -0.001 theta^2 omega + 0.010 theta omega^2 + -4.750 omega^3,-2.4698472042e-04,8.0509699443e-05,-7.8255214641e-02,9.2188492763e-05,-1.6139044129e-02,-9.5781219102e-01,3.9003225853e-06,-7.5134484921e-04,1.0345508467e-02,-4.7499132275e+00
51247,2025-02-18 14:20:00,0.093212,5.428624,3.839182,-0.001 1 + -0.001 theta + 1.015 omega + -0.001 theta omega + -0.118 omega^2 + -0.001 theta^2 omega + 0.075 theta omega^2 + -3.050 omega^3,-0.001 1 + -0.002 theta + 0.032 omega + -0.001 theta omega + -0.206 omega^2 + -0.002 theta^2 omega + 0.153 theta omega^2 + -5.939 omega^3,-1.2974522970e-03,-2.3124683132e-03,3.2456201667e-02,-3.8015184414e-04,-1.4700785898e-03,-2.0625816556e-01,-1.9204228033e-05,-1.6837752160e-03,1.5265814954e-01,-5.9386387973e+00
51248,2025-02-18 14:25:00,0.059145,2.037735,1.441503,-0.001 1 + 1.019 omega + 0.017 theta omega + -0.114 omega^2 + 0.002 theta^2 omega + -0.056 theta omega^2 + 0.687 omega^3,-0.001 1 + -0.001 theta + 0.036 omega + -0.001 theta^2 + 0.029 theta omega + -0.259 omega^2 + 0.004 theta^2 omega + -0.121 theta omega^2 + 1.098 omega^3,-1.4966523564e-03,-5.6412674193e-04,3.5675920269e-02,-5.3601565060e-04,2.9197487998e-02,-2.5930561412e-01,-1.1817798740e-04,4.1174082301e-03,-1.2052605175e-01,1.0982675389e+00
51249,2025-02-18 14:30:00,nan,nan,nan,-0.002 1 + 1.008 omega + 0.003 theta omega + 0.207 omega^2 + 0.001 theta^2 omega + 0.089 theta omega^2 + -1.365 omega^3,-0.003 1 + -0.001 theta + 0.017 omega + 0.001 theta^2 + 0.006 theta omega + 0.393 omega^2 + 0.002 theta^2 omega + 0.169 theta omega^2 + -2.868 omega^3,-2.9643901566e-03,-5.6352367972e-04,1.6995354696e-02,5.9122524473e-04,6.3905873456e-03,3.9341458354e-01,8.3348074332e-05,2.4966806945e-03,1.6917855855e-01,-2.8676557828e+00
51250,2025-02-18 14:35:00,0.057119,2.071755,1.465509,0.004 1 + -0.004 theta + 1.026 omega + 0.001 theta^2 + -0.016 theta omega + -0.440 omega^2 + 0.003 theta^2 omega + 0.085 theta omega^2 + -4.268 omega^3,0.008 1 + -0.008 theta + 0.053 omega + 0.003 theta^2 + -0.033 theta omega + -0.846 omega^2 + 0.006 theta^2 omega + 0.161 theta omega^2 + -7.726 omega^3,7.8744164964e-03,-7.7792469069e-03,5.2997343960e-02,2.5978743492e-03,-3.2811190978e-02,-8.4619327410e-01,-2.8515402073e-04,5.7248037739e-03,1.6097549962e-01,-7.7260348315e+00
51251,2025-02-18 14:40:00,0.014361,0.303938,0.215156,1.006 omega + -0.001 theta^2 + 0.002 theta omega + -0.219 omega^2 + -0.001 theta^3 + -0.002 theta^2 omega + -0.623 theta omega^2 + -3.497 omega^3,0.001 1 + 0.001 theta + 0.009 omega + -0.002 theta^2 + 0.004 theta omega + -0.428 omega^2 + -0.002 theta^3 + -0.002 theta^2 omega + -1.207 theta omega^2 + -4.572 omega^3,9.2022526652e-04,9.2620093630e-04,8.7603372677e-03,-1.7957591027e-03,3.8776222224e-03,-4.2758924704e-01,-1.7649429204e-03,-2.0442062866e-03,-1.2068313430e+00,-4.5724218520e+00
51252,2025-02-18 14:45:00,0.088135,4.578408,3.238023,-0.001 theta + 1.008 omega + 0.022 theta omega + -0.986 omega^2 + 0.003 theta^2 omega + -0.108 theta omega^2 + -3.303 omega^3,-0.002 theta + 0.019 omega + -0.001 theta^2 + 0.043 theta omega + -1.969 omega^2 + 0.006 theta^2 omega + -0.216 theta omega^2 + -6.615 omega^3,2.2307832488e-04,-2.1188717943e-03,1.9027038884e-02,-7.4768793438e-04,4.3346971527e-02,-1.9688231628e+00,-6.0499024851e-05,5.7367810191e-03,-2.1625447082e-01,-6.6148702599e+00
51253,2025-02-18 14:50:00,0.150668,6.392284,4.521283,0.003 1 + -0.001 theta + 0.928 omega + 0.032 theta omega + 0.584 omega^2 + -0.001 theta^2 omega + -0.124 theta omega^2 + -2.527 omega^3,0.005 1 + -0.002 theta + -0.140 omega + 0.063 theta omega + 1.138 omega^2 + -0.002 theta^2 omega + -0.244 theta omega^2 + -4.756 omega^3,5.0259883527e-03,-2.3655237989e-03,-1.4019381163e-01,-2.0081671201e-05,6.3256175809e-02,1.1384084577e+00,6.5304905030e-06,-1.8626167212e-03,-2.4431985364e-01,-4.7564372408e+00
51254,2025-02-18 14:55:00,nan,nan,nan,0.001 1 + -0.001 theta + 0.984 omega + 0.001 theta omega + 0.196 omega^2 + 0.004 theta^2 omega + -0.254 theta omega^2 + 4.516 omega^3,0.002 1 + -0.001 theta + -0.029 omega + 0.002 theta omega + 0.400 omega^2 + 0.007 theta^2 omega + -0.496 theta omega^2 + 8.736 omega^3,1.8317279652e-03,-1.0443731155e-03,-2.8656885183e-02,4.1609974899e-05,2.0508756266e-03,3.9964521032e-01,-2.6435679542e-05,7.2176736756e-03,-4.9630975904e-01,8.7358237375e+00
51255,2025-02-18 15:00:00,0.032726,0.856317,0.605950,0.001 1 + -0.002 theta + 0.993 omega + -0.003 theta^2 + 0.033 theta omega + -0.700 omega^2 + -0.001 theta^3 + 0.018 theta^2 omega + -0.432 theta omega^2 + -1.155 omega^3,0.002 1 + -0.004 theta + -0.010 omega + -0.007 theta^2 + 0.071 theta omega + -1.355 omega^2 + -0.002 theta^3 + 0.039 theta^2 omega + -0.813 theta omega^2 + -2.387 omega^3,1.7267309587e-03,-4.3951522022e-03,-1.0052374699e-02,-6.6980539253e-03,7.0668655350e-02,-1.3549487689e+00,-2.0788734008e-03,3.8943082297e-02,-8.1314683671e-01,-2.3870218705e+00
51256,2025-02-18 15:05:00,0.045940,1.568613,1.109652,-0.002 theta + 1.006 omega + 0.015 theta omega + -0.034 omega^2 + -0.001 theta^2 omega + -0.045 theta omega^2 + 0.337 omega^3,-0.003 theta + 0.014 omega + 0.001 theta^2 + 0.030 theta omega + -0.059 omega^2 + -0.003 theta^2 omega + -0.090 theta omega^2 + 0.602 omega^3,-1.1871891287e-04,-3.4099249640e-03,1.4346504212e-02,8.3970059638e-04,3.0011202202e-02,-5.9078334219e-02,-4.6985111727e-05,-2.8650456857e-03,-8.9888137428e-02,6.0230921813e-01
51257,2025-02-18 15:10:00,0.111230,6.193241,4.379989,0.004 1 + -0.001 theta + 1.000 omega + 0.002 theta omega + -0.384 omega^2 + -0.016 theta omega^2 + -0.471 omega^3,0.009 1 + -0.001 theta + 0.014 omega + 0.006 theta omega + -0.714 omega^2 + -0.030 theta omega^2 + -0.855 omega^3,9.1142130284e-03,-1.3382098685e-03,1.4255136572e-02,-3.3970211932e-04,5.9258387086e-03,-7.1400693562e-01,-1.2523603418e-05,1.8074040173e-04,-3.0110933620e-02,-8.5539091340e-01
51258,2025-02-18 15:15:00,nan,nan,nan,0.010 1 + 0.001 theta + 0.989 omega + 0.005 theta omega + -0.961 omega^2 + 0.001 theta^2 omega + -0.123 theta omega^2 + 1.043 omega^3,0.019 1 + 0.003 theta + -0.027 omega + 0.010 theta omega + -1.923 omega^2 + 0.002 theta^2 omega + -0.245 theta omega^2 + 2.548 omega^3,1.9222160034e-02,2.5056925791e-03,-2.6789116748e-02,-4.1828182643e-04,9.8333307206e-03,-1.9230572980e+00,-5.3888887429e-05,1.5542349258e-03,-2.4466236606e-01,2.5480893001e+00
51259,2025-02-18 15:20:00,nan,nan,nan,-0.001 1 + 0.001 theta + 0.990 omega + -0.002 theta omega + 0.356 omega^2 + 0.001 theta^2 omega + -0.043 theta omega^2 + -1.367 omega^3,-0.002 1 + 0.002 theta + -0.026 omega + -0.001 theta^2 + -0.002 theta omega + 0.731 omega^2 + 0.002 theta^2 omega + -0.088 theta omega^2 + -2.832 omega^3,-1.7372669332e-03,2.4886450723e-03,-2.6172430617e-02,-5.9268197420e-04,-2.3338700508e-03,7.3121439466e-01,2.9175854214e-05,1.9083107132e-03,-8.7980296762e-02,-2.8321255699e+00
51260,2025-02-18 15:25:00,0.043946,2.613995,1.848635,0.002 1 + 0.789 omega + 0.010 theta omega + 2.348 omega^2 + -0.085 theta omega^2 + -5.951 omega^3,0.002 1 + -0.369 omega + 0.016 theta omega + 4.407 omega^2 + -0.158 theta omega^2 + -11.379 omega^3,1.5780376470e-03,4.4728017116e-04,-3.6907093432e-01,-3.1031463301e-05,1.5780739928e-02,4.4073958774e+00,1.2860755445e-07,7.1370171969e-05,-1.5806520129e-01,-1.1378803030e+01
51261,2025-02-18 15:30:00,0.039169,1.993876,1.410155,0.004 1 + 0.001 theta + 1.017 omega + 0.009 theta omega + -0.006 omega^2 + 0.016 theta omega^2 + 0.066 omega^3,0.007 1 + 0.002 theta + 0.038 omega + 0.018 theta omega + -0.013 omega^2 + 0.001 theta^2 omega + 0.033 theta omega^2 + 0.022 omega^3,7.4937640012e-03,1.9651578788e-03,3.8278844616e-02,8.3693206508e-05,1.7751690715e-02,-1.2591609374e-02,-4.6426444592e-08,6.6763749783e-04,3.3440028543e-02,2.1746142101e-02
51262,2025-02-18 15:35:00,0.062073,2.319374,1.640632,-0.002 1 + -0.003 theta + 0.963 omega + -0.001 theta^2 + -0.065 theta omega + -0.085 omega^2 + -0.012 theta^2 omega + -0.021 theta omega^2 + -4.661 omega^3,-0.005 1 + -0.005 theta + -0.074 omega + -0.002 theta^2 + -0.132 theta omega + -0.107 omega^2 + -0.024 theta^2 omega + -0.030 theta omega^2 + -9.252 omega^3,-4.6144444608e-03,-4.7022179526e-03,-7.3752767408e-02,-2.0395019281e-03,-1.3162195472e-01,-1.0650364763e-01,-2.7006607678e-04,-2.3940636048e-02,-2.9692154625e-02,-9.2524324635e+00
51263,2025-02-18 15:40:00,0.042668,0.910456,0.644496,0.002 1 + 0.991 omega + -0.001 theta^2 + -0.033 theta omega + -0.214 omega^2 + 0.014 theta^2 omega + 0.053 theta omega^2 + 2.969 omega^3,0.004 1 + -0.001 theta + -0.018 omega + -0.001 theta^2 + -0.069 theta omega + -0.442 omega^2 + 0.030 theta^2 omega + 0.122 theta omega^2 + 6.419 omega^3,4.2616481878e-03,-7.5456977214e-04,-1.7862914982e-02,-1.3078089963e-03,-6.9185280402e-02,-4.4168143787e-01,2.7892815905e-04,2.9554494135e-02,1.2244513534e-01,6.4193794112e+00
51264,2025-02-18 15:45:00,0.037864,2.224329,1.573066,0.971 omega + 0.001 theta omega + 0.380 omega^2 + 0.006 theta omega^2 + -2.026 omega^3,-0.050 omega + 0.835 omega^2 + 0.013 theta omega^2 + -4.797 omega^3,-3.3019271245e-04,3.5473213475e-04,-5.0435763033e-02,-2.8448833063e-05,4.4420426020e-04,8.3540017384e-01,0.0000000000e+00,-3.5611677023e-05,1.2561095695e-02,-4.7969494547e+00
51265,2025-02-18 15:50:00,0.021444,0.801752,0.567127,-0.002 1 + -0.001 theta + 1.026 omega + 0.004 theta omega + 0.169 omega^2 + -0.001 theta^2 omega + -0.032 theta omega^2 + -2.075 omega^3,-0.004 1 + -0.002 theta + 0.051 omega + 0.001 theta^2 + 0.008 theta omega + 0.340 omega^2 + -0.001 theta^2 omega + -0.067 theta omega^2 + -4.017 omega^3,-4.4239821900e-03,-1.7909085630e-03,5.1444518194e-02,6.6505803719e-04,8.3203975934e-03,3.4042321808e-01,-4.3646696615e-05,-1.1284849488e-03,-6.7195695778e-02,-4.0173452040e+00
51266,2025-02-18 15:55:00,nan,nan,nan,0.082 1 + 0.006 theta + 2.235 omega + 0.072 theta omega + 5.635 omega^2 + 0.001 theta^2 omega + 0.168 theta omega^2 + 8.526 omega^3,0.155 1 + 0.012 theta + 2.360 omega + 0.140 theta omega + 11.055 omega^2 + 0.002 theta^2 omega + 0.334 theta omega^2 + 17.002 omega^3,1.5455273303e-01,1.2186898111e-02,2.3599428110e+00,2.4004539806e-04,1.4013284783e-01,1.1055235155e+01,0.0000000000e+00,1.9138579749e-03,3.3393974882e-01,1.7002476388e+01
51267,2025-02-18 16:00:00,0.101443,8.003079,5.659486,-0.002 1 + -0.002 theta + 0.995 omega + -0.014 theta omega + -0.057 omega^2 + -0.001 theta^2 omega + 0.029 theta omega^2 + -2.105 omega^3,-0.005 1 + -0.005 theta + -0.008 omega + -0.001 theta^2 + -0.028 theta omega + -0.101 omega^2 + -0.003 theta^2 omega + 0.060 theta omega^2 + -4.275 omega^3,-4.8344788325e-03,-4.8374580911e-03,-8.2599990651e-03,-5.7829382848e-04,-2.7826673182e-02,-1.0092790593e-01,-1.1490924930e-05,-2.8799074983e-03,5.9732840873e-02,-4.2754945768e+00
51268,2025-02-18 16:05:00,0.129252,13.279597,9.390538,-0.001 1 + -0.002 theta + 1.033 omega + -0.015 theta omega + 0.091 omega^2 + -0.001 theta^2 omega + 0.069 theta omega^2 + -3.541 omega^3,-0.001 1 + -0.003 theta + 0.066 omega + -0.029 theta omega + 0.181 omega^2 + -0.003 theta^2 omega + 0.134 theta omega^2 + -6.879 omega^3,-1.3269647274e-03,-3.4466365287e-03,6.5581497692e-02,-8.5709618759e-05,-2.9293161535e-02,1.8065515885e-01,6.4837819677e-06,-2.5092059058e-03,1.3421825225e-01,-6.8788287763e+00
51269,2025-02-18 16:10:00,nan,nan,nan,0.016 1 + 0.005 theta + 1.076 omega + 0.032 theta omega + -0.648 omega^2 + 0.002 theta^2 omega + -0.028 theta omega^2 + -2.920 omega^3,0.032 1 + 0.011 theta + 0.143 omega + 0.001 theta^2 + 0.064 theta omega + -1.431 omega^2 + 0.004 theta^2 omega + -0.063 theta omega^2 + -6.251 omega^3,3.2161286665e-02,1.0629732526e-02,1.4281462019e-01,7.8560266752e-04,6.3729112299e-02,-1.4305722704e+00,1.1237149581e-05,4.1655061603e-03,-6.2697370622e-02,-6.2514880552e+00
51270,2025-02-18 16:15:00,0.089910,4.350260,3.076755,0.002 1 + -0.003 theta + 1.005 omega + 0.001 theta^2 + 0.002 theta omega + 0.109 omega^2 + -0.042 theta omega^2 + -1.478 omega^3,0.005 1 + -0.006 theta + 0.013 omega + 0.002 theta^2 + 0.004 theta omega + 0.221 omega^2 + -0.080 theta omega^2 + -3.114 omega^3,4.7277147835e-03,-5.7185731877e-03,1.2656394983e-02,1.5277467120e-03,3.6615660283e-03,2.2070664771e-01,-1.1486426003e-04,-3.9243306652e-04,-8.0343938805e-02,-3.1140105682e+00
51271,2025-02-18 16:20:00,0.042994,1.824654,1.290583,0.007 1 + 0.003 theta + 1.057 omega + 0.022 theta omega + 0.093 omega^2 + 0.001 theta^2 omega + 0.020 theta omega^2 + 0.557 omega^3,0.014 1 + 0.006 theta + 0.118 omega + 0.001 theta^2 + 0.044 theta omega + 0.172 omega^2 + 0.003 theta^2 omega + 0.039 theta omega^2 + 0.928 omega^3,1.3963736402e-02,5.9413795485e-03,1.1828630736e-01,5.9686631118e-04,4.3877757049e-02,1.7208706793e-01,1.6730419612e-05,2.5751579717e-03,3.8522919270e-02,9.2845366827e-01
51272,2025-02-18 16:25:00,0.053746,1.723211,1.219087,0.001 1 + 0.991 omega + 0.003 theta omega + -0.075 omega^2 + -0.042 theta omega^2 + 1.350 omega^3,0.001 1 + -0.001 theta + -0.017 omega + -0.001 theta^2 + 0.007 theta omega + -0.120 omega^2 + 0.001 theta^2 omega + -0.081 theta omega^2 + 2.689 omega^3,1.0273882087e-03,-7.1127435297e-04,-1.6678436655e-02,-5.8340138054e-04,7.2524070532e-03,-1.2016336089e-01,-6.2865596029e-05,1.0226965529e-03,-8.1443557875e-02,2.6887203668e+00
51273,2025-02-18 16:30:00,nan,nan,nan,1.019 omega + -0.014 theta omega + 0.348 omega^2 + -0.105 theta omega^2 + 2.457 omega^3,-0.001 theta + 0.037 omega + -0.027 theta omega + 0.720 omega^2 + 0.001 theta^2 omega + -0.210 theta omega^2 + 5.117 omega^3,-3.0469492540e-04,-8.5623230807e-04,3.7256339811e-02,6.9379142527e-05,-2.7422569098e-02,7.2035832501e-01,-4.9697141163e-07,8.3355488712e-04,-2.0994626423e-01,5.1166499454e+00
51274,2025-02-18 16:35:00,nan,nan,nan,-0.023 1 + -0.009 theta + 1.011 omega + -0.001 theta^2 + -0.019 theta omega + 3.739 omega^2 + -0.002 theta^2 omega + 0.232 theta omega^2 + 18.016 omega^3,-0.038 1 + -0.016 theta + 0.134 omega + -0.002 theta^2 + -0.020 theta omega + 7.902 omega^2 + -0.003 theta^2 omega + 0.497 theta omega^2 + 36.398 omega^3,-3.8399057783e-02,-1.5982611488e-02,1.3403284611e-01,-2.0198017794e-03,-1.9691355903e-02,7.9023561169e+00,-7.9679525033e-05,-2.8170751042e-03,4.9688926334e-01,3.6397789137e+01
51275,2025-02-18 16:40:00,nan,nan,nan,-0.006 1 + 0.003 theta + 0.953 omega + 0.002 theta omega + 1.107 omega^2 + -0.147 theta omega^2 + -0.479 omega^3,-0.012 1 + 0.005 theta + -0.100 omega + -0.001 theta^2 + 0.007 theta omega + 2.263 omega^2 + 0.001 theta^2 omega + -0.301 theta omega^2 + -1.062 omega^3,-1.1518113925e-02,5.1123619630e-03,-1.0018443390e-01,-5.6166951679e-04,7.0628124090e-03,2.2628037999e+00,1.4048773922e-05,5.3163128729e-04,-3.0144200349e-01,-1.0615727981e+00
51276,2025-02-18 16:45:00,nan,nan,nan,-0.003 theta + 1.019 omega + 0.001 theta^2 + -0.009 theta omega + 0.299 omega^2 + 0.001 theta^2 omega + -0.037 theta omega^2 + 0.575 omega^3,-0.005 theta + 0.037 omega + 0.001 theta^2 + -0.019 theta omega + 0.605 omega^2 + 0.001 theta^2 omega + -0.074 theta omega^2 + 1.214 omega^3,-1.1327546318e-04,-5.4891189061e-03,3.7169491480e-02,1.1413988057e-03,-1.8543680162e-02,6.0487141120e-01,-5.6154283131e-05,1.2433150602e-03,-7.4280439642e-02,1.2139585993e+00
51277,2025-02-18 16:50:00,0.054785,2.744811,1.941261,-0.042 1 + -0.010 theta + 0.371 omega + -0.001 theta^2 + -0.109 theta omega + -1.718 omega^2 + -0.004 theta^2 omega + -0.246 theta omega^2 + 3.043 omega^3,-0.079 1 + -0.018 theta + -1.211 omega + -0.001 theta^2 + -0.209 theta omega + -3.282 omega^2 + -0.007 theta^2 omega + -0.479 theta omega^2 + 6.339 omega^3,-7.9491285934e-02,-1.8363640954e-02,-1.2109330373e+00,-1.2847723176e-03,-2.0935603936e-01,-3.2815948217e+00,-3.0345983388e-05,-7.1100981371e-03,-4.7944551990e-01,6.3386915475e+00
51278,2025-02-18 16:55:00,nan,nan,nan,-0.001 theta + 1.027 omega + 0.009 theta omega + 0.233 omega^2 + -0.021 theta omega^2 + 3.052 omega^3,-0.001 1 + -0.003 theta + 0.054 omega + -0.001 theta^2 + 0.017 theta omega + 0.456 omega^2 + 0.001 theta^2 omega + -0.041 theta omega^2 + 6.011 omega^3,-8.0575420718e-04,-2.8487998172e-03,5.3762907255e-02,-7.5334584364e-04,1.7442322791e-02,4.5637081908e-01,-4.0368020009e-05,8.5199654048e-04,-4.1045459601e-02,6.0105913518e+00
51279,2025-02-18 17:00:00,0.047762,3.549722,2.510260,0.001 1 + 1.021 omega + 0.003 theta omega + -0.171 omega^2 + -0.002 theta^2 omega + 0.053 theta omega^2 + -2.415 omega^3,0.002 1 + 0.043 omega + 0.006 theta omega + -0.334 omega^2 + -0.003 theta^2 omega + 0.097 theta omega^2 + -4.897 omega^3,2.0386601461e-03,-1.7437737295e-04,4.2685616822e-02,-2.2079837953e-04,6.4141415414e-03,-3.3354593494e-01,2.0809882054e-06,-3.3783747578e-03,9.6512308684e-02,-4.8968347791e+00
51280,2025-02-18 17:05:00,0.098673,3.114159,2.203148,0.005 1 + 1.045 omega + 0.007 theta omega + 0.074 omega^2 + 0.005 theta omega^2 + 0.227 omega^3,0.011 1 + 0.102 omega + 0.016 theta omega + 0.151 omega^2 + 0.001 theta^2 omega + 0.010 theta omega^2 + 0.376 omega^3,1.0905473677e-02,2.5963824428e-04,1.0196006701e-01,-2.5095908842e-04,1.5586047093e-02,1.5148544993e-01,-1.5247602388e-05,5.1869696931e-04,1.0352720400e-02,3.7588284313e-01
51281,2025-02-18 17:10:00,0.393145,13.315370,9.419491,0.001 1 + 0.001 theta + 0.990 omega + 0.019 theta omega + -0.942 omega^2 + 0.003 theta^2 omega + -0.101 theta omega^2 + -3.024 omega^3,0.001 1 + 0.002 theta + 0.007 omega + 0.040 theta omega + -1.010 omega^2 + 0.006 theta^2 omega + -0.192 theta omega^2,1.4554094237e-03,1.9911028993e-03,6.7149818948e-03,1.3348677184e-04,4.0393458462e-02,-1.0098171872e+00,-1.3136886550e-05,5.7061447882e-03,-1.9239630606e-01,0.0000000000e+00
51282,2025-02-18 17:15:00,nan,nan,nan,0.001 1 + -0.004 theta + 1.046 omega + 0.002 theta^2 + -0.041 theta omega + 0.170 omega^2 + 0.005 theta^2 omega + -0.039 theta omega^2 + 2.850 omega^3,0.001 1 + -0.009 theta + 0.090 omega + 0.003 theta^2 + -0.082 theta omega + 0.402 omega^2 + 0.011 theta^2 omega + -0.086 theta omega^2 + 5.492 omega^3,9.9498434757e-04,-8.8201686846e-03,9.0421167056e-02,3.1718732431e-03,-8.2032474130e-02,4.0242173338e-01,-2.8695128257e-04,1.0596690958e-02,-8.6190216294e-02,5.4923742608e+00
51283,2025-02-18 17:20:00,0.032254,0.990661,0.700874,-0.001 1 + 1.027 omega + -0.004 theta omega + 0.048 omega^2 + 0.004 theta omega^2 + -0.627 omega^3,-0.001 1 + 0.053 omega + -0.006 theta omega + 0.092 omega^2 + 0.008 theta omega^2 + -1.413 omega^3,-1.0988377571e-03,3.3488185259e-04,5.3235979569e-02,4.6233641403e-05,-6.0892834396e-03,9.1561670178e-02,-9.4579175190e-06,-3.7719164903e-05,7.9951262913e-03,-1.4126536731e+00
51284,2025-02-18 17:25:00,nan,nan,nan,0.018 1 + 0.004 theta + 1.149 omega + 0.041 theta omega + -0.071 omega^2 + 0.002 theta^2 omega + -0.007 theta omega^2 + 1.686 omega^3,0.037 1 + 0.008 theta + 0.315 omega + 0.085 theta omega + -0.114 omega^2 + 0.005 theta^2 omega + -0.013 theta omega^2 + 3.393 omega^3,3.7115129872e-02,7.5270172432e-03,3.1464850503e-01,1.0898853211e-04,8.4772663574e-02,-1.1446490048e-01,-2.7699106975e-05,5.1221248263e-03,-1.2725976961e-02,3.3930760899e+00
51285,2025-02-18 17:30:00,0.037855,2.990617,2.114855,0.975 omega + -0.003 theta omega + -0.062 omega^2 + 0.001 theta^2 omega + -0.042 theta omega^2 + 3.831 omega^3,-0.001 1 + 0.001 theta + -0.052 omega + -0.005 theta omega + -0.144 omega^2 + 0.003 theta^2 omega + -0.079 theta omega^2 + 8.137 omega^3,-7.8792953134e-04,7.4128650719e-04,-5.1859654025e-02,2.0060467109e-04,-5.2278486707e-03,-1.4407455208e-01,-7.1052682949e-05,3.1055351637e-03,-7.9340532901e-02,8.1372751475e+00
51286,2025-02-18 17:35:00,0.037162,1.185121,0.838419,1.033 omega + -0.003 theta omega + 0.615 omega^2 + 0.005 theta omega^2 + 2.530 omega^3,0.001 1 + 0.079 omega + -0.005 theta omega + 1.317 omega^2 + 0.012 theta omega^2 + 5.191 omega^3,1.4547856459e-03,-2.0651029349e-04,7.8504949820e-02,-1.2883598081e-05,-5.0039792161e-03,1.3170493304e+00,0.0000000000e+00,-3.3578847578e-04,1.2112197900e-02,5.1912802904e+00
51287,2025-02-18 17:40:00,nan,nan,nan,-0.001 1 + 1.108 omega + -0.051 theta omega + -1.028 omega^2 + 0.005 theta^2 omega + 0.151 theta omega^2 + 1.941 omega^3,-0.003 1 + 0.223 omega + 0.001 theta^2 + -0.104 theta omega + -2.060 omega^2 + 0.011 theta^2 omega + 0.303 theta omega^2 + 3.797 omega^3,-3.0349305935e-03,-1.1421743572e-04,2.2325638378e-01,8.8191207469e-04,-1.0438932210e-01,-2.0601938547e+00,-1.1971000772e-04,1.0516563900e-02,3.0320084761e-01,3.7972731063e+00
51288,2025-02-18 17:45:00,0.052207,1.835604,1.298493,0.001 1 + -0.001 theta + 0.999 omega + 0.001 theta^2 + -0.016 theta omega + -0.213 omega^2 + 0.003 theta^2 omega + -0.018 theta omega^2 + 2.504 omega^3,0.002 1 + -0.001 theta + 0.001 theta^2 + -0.033 theta omega + -0.427 omega^2 + 0.007 theta^2 omega + -0.035 theta omega^2 + 4.937 omega^3,1.5118390444e-03,-1.1431586522e-03,-2.2555612816e-04,1.1426647041e-03,-3.3279908922e-02,-4.2730964577e-01,-2.1573506460e-04,6.8547567048e-03,-3.5230282965e-02,4.9374629501e+00
51289,2025-02-18 17:50:00,0.088396,2.968876,2.100243,-0.001 theta + 1.014 omega + 0.003 theta omega + 0.020 omega^2 + 0.014 theta omega^2 + -0.484 omega^3,-0.001 1 + -0.002 theta + 0.031 omega + -0.001 theta^2 + 0.006 theta omega + 0.041 omega^2 + 0.026 theta omega^2 + -0.898 omega^3,-8.0268861729e-04,-1.8932749320e-03,3.0979865010e-02,-7.4026230599e-04,6.0696821136e-03,4.1301095516e-02,-7.3968687557e-05,1.5338193406e-04,2.6391427856e-02,-8.9798172369e-01
51290,2025-02-18 17:55:00,nan,nan,nan,-0.001 1 + -0.002 theta + 1.007 omega + -0.018 theta omega + 0.355 omega^2 + -0.001 theta^2 omega + -0.109 theta omega^2 + 3.727 omega^3,-0.002 1 + -0.003 theta + 0.018 omega + -0.001 theta^2 + -0.036 theta omega + 0.727 omega^2 + -0.002 theta^2 omega + -0.221 theta omega^2 + 7.559 omega^3,-2.2841781309e-03,-3.1985599328e-03,1.7598325445e-02,-5.9054888651e-04,-3.5880396595e-02,7.2733610638e-01,-2.5027907272e-05,-2.0505927992e-03,-2.2149501689e-01,7.5585346901e+00
51291,2025-02-18 18:00:00,nan,nan,nan,0.001 1 + 0.992 omega + -0.001 theta^2 + 0.011 theta omega + -0.026 omega^2 + 0.006 theta^2 omega + -0.316 theta omega^2 + 3.823 omega^3,0.002 1 + -0.001 theta + -0.016 omega + -0.003 theta^2 + 0.024 theta omega + -0.017 omega^2 + -0.001 theta^3 + 0.013 theta^2 omega + -0.612 theta omega^2 + 8.595 omega^3,1.6348573194e-03,-7.3377522316e-04,-1.6182791843e-02,-2.6830969279e-03,2.4287096570e-02,-1.7311395378e-02,-9.4599070077e-04,1.3404663384e-02,-6.1170433550e-01,8.5947020206e+00
51292,2025-02-18 18:05:00,0.058401,2.797863,1.978819,-0.001 1 + 0.001 theta + 0.919 omega + 0.007 theta omega + 1.138 omega^2 + -0.077 theta omega^2 + -3.794 omega^3,-0.003 1 + 0.003 theta + -0.159 omega + 0.016 theta omega + 2.168 omega^2 + -0.157 theta omega^2 + -6.816 omega^3,-2.8428214147e-03,2.7833766614e-03,-1.5853004426e-01,-4.9395347363e-04,1.5916599192e-02,2.1675520940e+00,2.2922012052e-05,8.9177424367e-05,-1.5713456979e-01,-6.8161401568e+00
51293,2025-02-18 18:10:00,0.085607,5.718420,4.043986,0.003 1 + -0.003 theta + 0.987 omega + 0.001 theta^2 + 0.023 theta omega + 0.368 omega^2 + -0.002 theta^2 omega + -0.013 theta omega^2 + -3.977 omega^3,0.005 1 + -0.007 theta + -0.023 omega + 0.001 theta^2 + 0.045 theta omega + 0.720 omega^2 + -0.004 theta^2 omega + -0.019 theta omega^2 + -8.037 omega^3,5.0441824587e-03,-6.6245898774e-03,-2.3065252244e-02,9.9580074732e-04,4.4542554265e-02,7.1980441868e-01,-4.1024784914e-05,-4.0721635830e-03,-1.8540739394e-02,-8.0371508462e+00
51294,2025-02-18 18:15:00,0.075414,1.462778,1.035714,-0.001 theta + 1.010 omega + -0.005 theta omega + 0.123 omega^2 + -0.003 theta^2 omega + 0.042 theta omega^2 + -0.315 omega^3,-0.001 1 + -0.001 theta + 0.022 omega + -0.001 theta^2 + -0.008 theta omega + 0.225 omega^2 + -0.005 theta^2 omega + 0.066 theta omega^2 + -0.397 omega^3,-6.7273394914e-04,-1.2396953998e-03,2.1543891744e-02,-9.9520923837e-04,-7.9454571958e-03,2.2492040905e-01,-2.0619833503e-04,-4.7298160048e-03,6.5899046303e-02,-3.9699778196e-01
51295,2025-02-18 18:20:00,nan,nan,nan,-0.002 theta + 1.003 omega + 0.006 theta omega + -0.080 omega^2 + -0.001 theta^2 omega + 0.319 theta omega^2 + 1.437 omega^3,-0.005 theta + 0.007 omega + -0.001 theta^2 + 0.011 theta omega + -0.175 omega^2 + -0.003 theta^2 omega + 0.638 theta omega^2 + 3.046 omega^3,-3.0001894176e-04,-4.6070360752e-03,6.5168249755e-03,-7.5360367580e-04,1.1361690832e-02,-1.7462753068e-01,2.1814021308e-04,-2.7207257082e-03,6.3845504202e-01,3.0459096242e+00
51296,2025-02-18 18:25:00,0.044888,4.464811,3.157258,1.002 omega + 0.008 theta omega + 0.309 omega^2 + 0.001 theta^2 omega + -0.188 theta omega^2 + -0.166 omega^3,0.008 omega + 0.016 theta omega + 0.631 omega^2 + 0.002 theta^2 omega + -0.384 theta omega^2 + -0.262 omega^3,1.2047881776e-04,-3.4125677491e-04,7.8428144896e-03,-1.1757498898e-04,1.5751151671e-02,6.3128450928e-01,7.7171037532e-06,1.8761181303e-03,-3.8350618985e-01,-2.6179850812e-01
51297,2025-02-18 18:30:00,nan,nan,nan,-0.001 1 + -0.001 theta + 1.010 omega + -0.004 theta omega + -0.254 omega^2 + 0.004 theta omega^2 + 2.714 omega^3,-0.001 1 + -0.002 theta + 0.021 omega + 0.001 theta^2 + -0.009 theta omega + -0.493 omega^2 + 0.001 theta^2 omega + 0.008 theta omega^2 + 5.289 omega^3,-1.0609225365e-03,-2.4411180548e-03,2.0603714266e-02,7.5737834562e-04,-8.6085096468e-03,-4.9333872944e-01,-5.2540620546e-05,5.5407009050e-04,8.1396536894e-03,5.2888303192e+00
51298,2025-02-18 18:35:00,0.053948,3.128479,2.212498,-0.001 1 + 0.990 omega + -0.002 theta omega + 0.074 omega^2 + 0.003 theta omega^2 + 0.174 omega^3,-0.002 1 + -0.023 omega + -0.004 theta omega + 0.133 omega^2 + 0.006 theta omega^2 + 0.494 omega^3,-2.0082819086e-03,-9.0985540924e-06,-2.2523902014e-02,9.7117807123e-05,-3.7261818924e-03,1.3277024558e-01,-6.7503733438e-06,2.9077652561e-04,5.5326927062e-03,4.9429197795e-01
51299,2025-02-18 18:40:00,0.022428,0.952781,0.673904,0.003 1 + 0.769 omega + 0.013 theta omega + 3.306 omega^2 + -0.122 theta omega^2 + -13.325 omega^3,0.008 1 + -0.459 omega + 0.034 theta omega + 6.287 omega^2 + -0.258 theta omega^2 + -25.272 omega^3,7.9945493175e-03,-4.3832388516e-04,-4.5934331138e-01,-1.5071435640e-05,3.3851694134e-02,6.2874722331e+00,0.0000000000e+00,-3.6666104130e-04,-2.5806277028e-01,-2.5272400085e+01
51300,2025-02-18 18:45:00,0.065461,1.392013,0.985390,-0.001 1 + -0.002 theta + 1.015 omega + 0.005 theta omega + 0.246 omega^2 + -0.011 theta^2 omega + 0.073 theta omega^2 + -2.598 omega^3,-0.002 1 + -0.004 theta + 0.032 omega + 0.001 theta^2 + 0.010 theta omega + 0.499 omega^2 + 0.001 theta^3 + -0.021 theta^2 omega + 0.118 theta omega^2 + -5.248 omega^3,-1.6939166782e-03,-3.9534207208e-03,3.1858162770e-02,6.1216463664e-04,9.5078602252e-03,4.9863810031e-01,8.6218248806e-04,-2.0979259768e-02,1.1778619787e-01,-5.2480931020e+00
51301,2025-02-18 18:50:00,nan,nan,nan,0.001 1 + -0.001 theta + 0.995 omega + 0.005 theta omega + -0.129 omega^2 + 0.002 theta^2 omega + -0.022 theta omega^2 + 0.722 omega^3,0.002 1 + -0.001 theta + -0.008 omega + 0.009 theta omega + -0.250 omega^2 + 0.005 theta^2 omega + -0.034 theta omega^2 + 1.259 omega^3,1.5559809161e-03,-1.3907196650e-03,-7.7472130732e-03,-8.1907762860e-05,9.1127042888e-03,-2.5031172816e-01,-3.6890146363e-05,4.6525924620e-03,-3.3767554448e-02,1.2585076524e+00
51302,2025-02-18 18:55:00,0.020029,0.426499,0.301913,-0.001 1 + 0.001 theta + 0.994 omega + -0.001 theta omega + 0.053 omega^2 + 0.001 theta^2 omega + -0.046 theta omega^2 + 0.648 omega^3,-0.002 1 + 0.001 theta + -0.013 omega + -0.002 theta omega + 0.101 omega^2 + 0.002 theta^2 omega + -0.089 theta omega^2 + 1.417 omega^3,-1.8640431055e-03,1.1542530943e-03,-1.2965496460e-02,4.3683495919e-04,-1.5650390033e-03,1.0058895243e-01,-2.0041610319e-04,1.5420437043e-03,-8.9182787129e-02,1.4173297592e+00
51303,2025-02-18 19:00:00,0.024497,1.050409,0.742953,-0.002 1 + 1.017 omega + -0.002 theta omega + 0.105 omega^2 + 0.026 theta omega^2 + -0.788 omega^3,-0.003 1 + -0.001 theta + 0.035 omega + -0.005 theta omega + 0.203 omega^2 + -0.001 theta^2 omega + 0.051 theta omega^2 + -1.569 omega^3,-3.3583108561e-03,-8.1159299351e-04,3.4815406029e-02,9.4043259717e-05,-4.8120976993e-03,2.0313207594e-01,3.5501601426e-06,-8.2692965165e-04,5.0784185150e-02,-1.5692013513e+00
51304,2025-02-18 19:05:00,nan,nan,nan,-0.003 1 + 0.004 theta + 1.060 omega + -0.001 theta^2 + -0.019 theta omega + -0.364 omega^2 + 0.001 theta^2 omega + 0.021 theta omega^2 + 0.602 omega^3,-0.006 1 + 0.008 theta + 0.120 omega + -0.001 theta^2 + -0.038 theta omega + -0.727 omega^2 + 0.002 theta^2 omega + 0.041 theta omega^2 + 1.059 omega^3,-6.4176702070e-03,7.8977968240e-03,1.2020119066e-01,-1.0955566194e-03,-3.7570510852e-02,-7.2680029853e-01,3.6650836066e-05,2.4795438357e-03,4.1433784493e-02,1.0591025958e+00
51305,2025-02-18 19:10:00,nan,nan,nan,0.022 1 + 0.005 theta + 1.300 omega + 0.045 theta omega + 1.699 omega^2 + 0.001 theta^2 omega + 0.086 theta omega^2 + 4.606 omega^3,0.019 1 + 0.004 theta + 0.302 omega + 0.044 theta omega + 1.865 omega^2 + 0.001 theta^2 omega + 0.094 theta omega^2 + 4.631 omega^3,1.9334391457e-02,4.0101518043e-03,3.0201631180e-01,1.6132355537e-04,4.4057512753e-02,1.8648662062e+00,0.0000000000e+00,1.4001210351e-03,9.3953792298e-02,4.6309237244e+00
51306,2025-02-18 19:15:00,nan,nan,nan,-0.024 1 + 0.007 theta + 1.223 omega + -0.001 theta^2 + -0.048 theta omega + -0.280 omega^2 + 0.002 theta^2 omega + 0.027 theta omega^2 + 0.012 omega^3,-0.048 1 + 0.014 theta + 0.454 omega + -0.001 theta^2 + -0.097 theta omega + -0.557 omega^2 + 0.005 theta^2 omega + 0.054 theta omega^2 + -0.039 omega^3,-4.8407804135e-02,1.3562483281e-02,4.5378816748e-01,-1.0937761558e-03,-9.7182382503e-02,-5.5746172214e-01,2.4653738684e-05,4.8993584232e-03,5.4441105806e-02,-3.9090008465e-02
51307,2025-02-18 19:20:00,0.070294,2.259718,1.598635,-0.002 1 + 0.002 theta + 1.044 omega + -0.017 theta omega + -0.410 omega^2 + 0.001 theta^2 omega + 0.044 theta omega^2 + -0.300 omega^3,-0.004 1 + 0.004 theta + 0.082 omega + -0.034 theta omega + -0.722 omega^2 + 0.003 theta^2 omega + 0.077 theta omega^2 + -0.576 omega^3,-3.6626349882e-03,4.2102023956e-03,8.1523127711e-02,-4.1237088361e-04,-3.4336551752e-02,-7.2175594384e-01,3.0293813848e-06,2.5930154072e-03,7.7246718950e-02,-5.7576094337e-01
51308,2025-02-18 19:25:00,nan,nan,nan,0.001 1 + -0.001 theta + 1.002 omega + 0.001 theta omega + 0.060 omega^2 + -0.012 theta omega^2 + 0.654 omega^3,0.002 1 + -0.002 theta + 0.012 omega + 0.001 theta omega + 0.058 omega^2 + -0.022 theta omega^2 + 1.483 omega^3,2.2460525123e-03,-2.2512249710e-03,1.1884735634e-02,2.7868961924e-04,7.7968813133e-04,5.8198005984e-02,-8.3100265528e-06,-1.6572886340e-04,-2.1526255311e-02,1.4834092974e+00
51309,2025-02-18 19:30:00,0.017820,1.026756,0.726135,0.034 1 + 0.300 omega + 0.003 theta omega + 4.530 omega^2 + -0.025 theta omega^2 + -8.840 omega^3,0.059 1 + -0.001 theta + -1.206 omega + 0.010 theta omega + 8.099 omega^2 + -0.031 theta omega^2 + -17.787 omega^3,5.9089163626e-02,-7.3676979915e-04,-1.2060265136e+00,3.1084943868e-08,1.0044534084e-02,8.0985276046e+00,0.0000000000e+00,-1.9677420593e-05,-3.1216221543e-02,-1.7787441933e+01
51310,2025-02-18 19:35:00,nan,nan,nan,-0.001 1 + -0.001 theta + 0.988 omega + -0.017 theta omega + -0.130 omega^2 + 0.001 theta^2 omega + 0.009 theta omega^2 + 2.890 omega^3,-0.002 1 + -0.002 theta + -0.024 omega + 0.001 theta^2 + -0.034 theta omega + -0.264 omega^2 + 0.003 theta^2 omega + 0.019 theta omega^2 + 5.817 omega^3,-1.6193674534e-03,-2.2306767526e-03,-2.4406326025e-02,5.2390112086e-04,-3.4148252001e-02,-2.6443820756e-01,-2.7485268474e-05,2.8235956872e-03,1.8806014773e-02,5.8170683159e+00
51311,2025-02-18 19:40:00,0.076282,3.941161,2.787343,-0.001 1 + -0.001 theta + 1.060 omega + 0.002 theta omega + 0.521 omega^2 + 0.018 theta omega^2 + 0.848 omega^3,-0.002 1 + -0.002 theta + 0.121 omega + 0.003 theta omega + 1.023 omega^2 + 0.034 theta omega^2 + 1.659 omega^3,-1.7613925231e-03,-1.9406646336e-03,1.2060465110e-01,-2.1167614758e-04,2.9767068686e-03,1.0233323635e+00,-5.6886592581e-06,-1.7335783672e-04,3.4397073964e-02,1.6594955795e+00
51312,2025-02-18 19:45:00,nan,nan,nan,0.001 1 + -0.001 theta + 0.982 omega + 0.006 theta omega + -0.214 omega^2 + 0.003 theta^2 omega + 0.005 theta omega^2 + 0.536 omega^3,0.002 1 + -0.002 theta + -0.033 omega + 0.013 theta omega + -0.414 omega^2 + 0.005 theta^2 omega + 0.007 theta omega^2 + 0.980 omega^3,2.4043419454e-03,-1.6653902276e-03,-3.3192505938e-02,-2.2353615239e-05,1.2678617545e-02,-4.1352445752e-01,6.1840095753e-05,4.9567471151e-03,6.6877884146e-03,9.8016636568e-01
51313,2025-02-18 19:50:00,0.035789,1.661610,1.175208,0.006 1 + 0.673 omega + 0.027 theta omega + 3.553 omega^2 + -0.207 theta omega^2 + -9.805 omega^3,0.011 1 + 0.001 theta + -0.642 omega + 0.052 theta omega + 7.041 omega^2 + -0.412 theta omega^2 + -19.499 omega^3,1.1182503586e-02,7.7712302311e-04,-6.4197481108e-01,-2.5975690209e-04,5.2470208355e-02,7.0408856292e+00,1.0265153994e-05,-4.5667130557e-04,-4.1161094615e-01,-1.9498660126e+01
51314,2025-02-18 19:55:00,0.016389,0.322722,0.228493,0.010 1 + -0.005 theta + 0.892 omega + 0.001 theta^2 + 0.036 theta omega + 0.538 omega^2 + -0.002 theta^2 omega + -0.064 theta omega^2 + -2.254 omega^3,0.020 1 + -0.009 theta + -0.215 omega + 0.001 theta^2 + 0.071 theta omega + 1.091 omega^2 + -0.005 theta^2 omega + -0.135 theta omega^2 + -4.463 omega^3,1.9784792025e-02,-9.0119617446e-03,-2.1499407442e-01,1.3771241135e-03,7.1037659913e-02,1.0907004128e+00,-6.7568775824e-05,-4.7795042149e-03,-1.3499963227e-01,-4.4631500985e+00
51315,2025-02-18 20:00:00,0.175923,7.446813,5.267161,-0.006 1 + 0.001 theta + 1.050 omega + -0.010 theta omega + 0.253 omega^2 + -0.027 theta omega^2 + -0.209 omega^3,-0.012 1 + 0.002 theta + 0.114 omega + -0.023 theta omega + 0.465 omega^2 + 0.001 theta^2 omega + -0.052 theta omega^2 + -0.279 omega^3,-1.2272414088e-02,2.2445847654e-03,1.1391000320e-01,2.7282084171e-05,-2.2568857507e-02,4.6465017236e-01,-5.8509492379e-06,9.0466827228e-04,-5.1966595759e-02,-2.7947470549e-01
51316,2025-02-18 20:05:00,nan,nan,nan,0.001 1 + -0.001 theta + 0.985 omega + 0.032 theta omega + -0.441 omega^2 + -0.003 theta^2 omega + -0.028 theta omega^2 + 3.130 omega^3,0.002 1 + -0.003 theta + -0.028 omega + 0.065 theta omega + -0.919 omega^2 + -0.007 theta^2 omega + -0.059 theta omega^2 + 6.590 omega^3,2.3965862022e-03,-2.9143797446e-03,-2.7747385549e-02,1.6074771901e-04,6.5088615876e-02,-9.1855829511e-01,3.0228753687e-05,-6.7771272957e-03,-5.8682120266e-02,6.5902831439e+00
51317,2025-02-18 20:10:00,nan,nan,nan,-0.009 1 + 1.316 omega + 0.001 theta omega + -3.145 omega^2 + 0.008 theta omega^2 + 9.753 omega^3,-0.018 1 + -0.001 theta + 0.623 omega + 0.003 theta omega + -6.260 omega^2 + 0.010 theta omega^2 + 19.585 omega^3,-1.8046289765e-02,-5.3039185683e-04,6.2339980623e-01,2.2599419652e-05,3.3339630798e-03,-6.2597900930e+00,0.0000000000e+00,-2.1884180042e-04,9.8656324551e-03,1.9585087994e+01
51318,2025-02-18 20:15:00,nan,nan,nan,-0.001 theta + 1.029 omega + -0.021 theta omega + -0.248 omega^2 + 0.003 theta^2 omega + 0.084 theta omega^2 + 2.176 omega^3,-0.001 theta + 0.051 omega + 0.001 theta^2 + -0.040 theta omega + -0.272 omega^2 + 0.006 theta^2 omega + 0.128 theta omega^2 + 4.016 omega^3,-1.8162875276e-04,-1.0842600139e-03,5.0585480833e-02,9.0390630797e-04,-4.0480357747e-02,-2.7179309297e-01,-1.3905363607e-04,5.5004599045e-03,1.2795342361e-01,4.0163706721e+00
51319,2025-02-18 20:20:00,0.030115,1.929916,1.364823,-0.006 1 + 1.228 omega + -0.014 theta omega + -1.848 omega^2 + 0.075 theta omega^2 + 4.079 omega^3,-0.013 1 + 0.001 theta + 0.455 omega + -0.028 theta omega + -3.742 omega^2 + 0.147 theta omega^2 + 8.333 omega^3,-1.2569246510e-02,7.0050169279e-04,4.5522974063e-01,5.7256052166e-06,-2.8107564331e-02,-3.7421044184e+00,0.0000000000e+00,1.6271070770e-04,1.4712085500e-01,8.3329797182e+00
51320,2025-02-18 20:25:00,nan,nan,nan,-0.001 theta + 1.029 omega + 0.030 theta omega + -0.214 omega^2 + 0.003 theta^2 omega + -0.318 theta omega^2 + 0.981 omega^3,-0.001 1 + -0.001 theta + 0.056 omega + 0.058 theta omega + -0.389 omega^2 + 0.005 theta^2 omega + -0.639 theta omega^2 + 2.304 omega^3,-8.5520188696e-04,-1.4955644115e-03,5.5922945162e-02,-1.9320139914e-04,5.7529024291e-02,-3.8852136824e-01,-1.3627139115e-05,5.1019757207e-03,-6.3878570739e-01,2.3039967736e+00
51321,2025-02-18 20:30:00,0.056717,1.547655,1.095092,-0.001 theta + 1.001 omega + -0.008 theta omega + 0.050 omega^2 + 0.003 theta^2 omega + -0.054 theta omega^2 + -0.723 omega^3,-0.002 theta + 0.004 omega + 0.001 theta^2 + -0.016 theta omega + 0.099 omega^2 + 0.007 theta^2 omega + -0.105 theta omega^2 + -1.402 omega^3,-1.5307153465e-04,-1.5433677650e-03,4.1840734050e-03,9.3515851760e-04,-1.5932867026e-02,9.9356851711e-02,-1.6314996667e-04,7.1079498838e-03,-1.0474946642e-01,-1.4021807306e+00
51322,2025-02-18 20:35:00,nan,nan,nan,0.001 1 + -0.001 theta + 1.029 omega + -0.015 theta omega + -0.011 omega^2 + 0.001 theta^2 omega + -0.005 theta omega^2 + 1.176 omega^3,0.001 1 + -0.002 theta + 0.060 omega + -0.030 theta omega + -0.047 omega^2 + 0.002 theta^2 omega + -0.006 theta omega^2 + 2.428 omega^3,1.4729510437e-03,-1.9829122185e-03,5.9655578073e-02,4.6579658302e-04,-2.9674614566e-02,-4.7226656965e-02,-2.6039023960e-05,2.0242638922e-03,-5.6694462156e-03,2.4284914434e+00
51323,2025-02-18 20:40:00,nan,nan,nan,0.018 1 + -0.004 theta + 0.754 omega + 0.044 theta omega + 0.686 omega^2 + -0.001 theta^2 omega + -0.115 theta omega^2 + 0.857 omega^3,0.036 1 + -0.008 theta + -0.483 omega + 0.087 theta omega + 1.365 omega^2 + -0.002 theta^2 omega + -0.230 theta omega^2 + 1.786 omega^3,3.5616528306e-02,-7.7528650783e-03,-4.8264465620e-01,4.4690271723e-04,8.7045505862e-02,1.3649548340e+00,-8.4565442578e-06,-2.4280683263e-03,-2.3004247839e-01,1.7861257321e+00
51324,2025-02-18 20:45:00,0.025889,0.811855,0.574360,-0.002 1 + 0.002 theta + 1.142 omega + -0.020 theta omega + -1.128 omega^2 + 0.001 theta^2 omega + 0.038 theta omega^2 + 2.814 omega^3,-0.005 1 + 0.003 theta + 0.289 omega + -0.040 theta omega + -2.288 omega^2 + 0.001 theta^2 omega + 0.076 theta omega^2 + 5.750 omega^3,-5.1582253942e-03,3.3983754870e-03,2.8902881215e-01,-1.4881568259e-04,-3.9729002173e-02,-2.2878573407e+00,9.0797668192e-07,1.0570954184e-03,7.5812896708e-02,5.7500922427e+00
51325,2025-02-18 20:50:00,nan,nan,nan,1.040 omega + 0.011 theta omega + -0.886 omega^2 + -0.052 theta omega^2 + 6.258 omega^3,-0.001 1 + -0.001 theta + 0.086 omega + 0.021 theta omega + -1.841 omega^2 + -0.001 theta^2 omega + -0.108 theta omega^2 + 12.960 omega^3,-5.9604353255e-04,-9.5585264395e-04,8.6226193520e-02,2.0474707752e-05,2.1018644536e-02,-1.8405150155e+00,1.4781729364e-06,-6.8680637901e-04,-1.0830476260e-01,1.2959712852e+01
51326,2025-02-18 20:55:00,nan,nan,nan,0.002 1 + 0.988 omega + 0.003 theta omega + -0.326 omega^2 + -0.062 theta omega^2 + 3.246 omega^3,0.004 1 + -0.026 omega + 0.004 theta omega + -0.648 omega^2 + 0.001 theta^2 omega + -0.129 theta omega^2 + 6.818 omega^3,3.6163832518e-03,-3.3885309414e-05,-2.5834440906e-02,1.9366023850e-05,4.2586642190e-03,-6.4833229968e-01,-1.1421738469e-05,7.8654911709e-04,-1.2856376625e-01,6.8176533252e+00
51327,2025-02-18 21:00:00,0.103034,5.950666,4.208387,-0.001 1 + -0.001 theta + 0.995 omega + -0.002 theta omega + -0.036 omega^2 + -0.004 theta omega^2 + 0.251 omega^3,-0.003 1 + -0.002 theta + -0.007 omega + -0.003 theta omega + -0.069 omega^2 + -0.005 theta omega^2 + 0.298 omega^3,-2.6906212294e-03,-2.3712569435e-03,-6.5799491333e-03,-4.5904138193e-04,-3.3071205734e-03,-6.9300313242e-02,-2.5893087703e-05,-3.3610408296e-04,-5.1165374292e-03,2.9849962298e-01
51328,2025-02-18 21:05:00,nan,nan,nan,-0.001 1 + 1.030 omega + 0.009 theta omega + 0.251 omega^2 + 0.001 theta^2 omega + 0.027 theta omega^2 + 0.425 omega^3,-0.002 1 + -0.001 theta + 0.062 omega + 0.019 theta omega + 0.505 omega^2 + 0.001 theta^2 omega + 0.054 theta omega^2 + 0.839 omega^3,-2.2154206426e-03,-8.0404132922e-04,6.2085358953e-02,-1.2584022643e-04,1.8555214483e-02,5.0512360269e-01,-7.8025781062e-06,1.2815299966e-03,5.3887848699e-02,8.3916228859e-01
51329,2025-02-18 21:10:00,0.024870,0.441613,0.312762,-0.001 theta + 1.000 omega + 0.001 theta^2 + -0.011 theta omega + -0.588 omega^2 + 0.002 theta^2 omega + 0.002 theta omega^2 + 5.611 omega^3,-0.002 theta + 0.002 omega + 0.002 theta^2 + -0.018 theta omega + -1.215 omega^2 + 0.001 theta^3 + 0.006 theta^2 omega + -0.028 theta omega^2 + 11.658 omega^3,-3.9287367860e-04,-1.8338640561e-03,2.3601338751e-03,1.9001073912e-03,-1.8486938176e-02,-1.2150826790e+00,7.7203225247e-04,5.6478783867e-03,-2.7597276210e-02,1.1658451376e+01
51330,2025-02-18 21:15:00,nan,nan,nan,-0.003 1 + -0.005 theta + 0.996 omega + -0.002 theta^2 + 0.006 theta omega + 0.194 omega^2 + 0.001 theta^2 omega + 0.044 theta omega^2 + 3.060 omega^3,-0.006 1 + -0.010 theta + -0.006 omega + -0.004 theta^2 + 0.010 theta omega + 0.384 omega^2 + 0.002 theta^2 omega + 0.096 theta omega^2 + 5.720 omega^3,-5.6376649933e-03,-9.5677332304e-03,-6.1114426671e-03,-3.9756104637e-03,9.8801939213e-03,3.8381227393e-01,-4.7767632671e-04,2.4562780904e-03,9.6485080524e-02,5.7202807267e+00
51331,2025-02-18 21:20:00,nan,nan,nan,-0.002 1 + 0.001 theta + 1.012 omega + -0.015 theta omega + 0.360 omega^2 + 0.001 theta^2 omega + -0.027 theta omega^2 + -1.004 omega^3,-0.003 1 + 0.003 theta + 0.009 omega + -0.028 theta omega + 0.807 omega^2 + 0.002 theta^2 omega + -0.063 theta omega^2 + -2.351 omega^3,-2.9748354000e-03,2.5556953274e-03,8.9508891452e-03,-2.0433982388e-04,-2.7731370363e-02,8.0731676195e-01,0.0000000000e+00,2.4718742844e-03,-6.2584742965e-02,-2.3506548821e+00
51332,2025-02-18 21:25:00,0.056675,2.231266,1.578252,0.001 theta + 0.987 omega + -0.001 theta omega + -0.071 omega^2 + 0.001 theta^2 omega + -0.035 theta omega^2 + 0.602 omega^3,0.001 1 + 0.001 theta + -0.025 omega + -0.003 theta omega + -0.144 omega^2 + 0.001 theta^2 omega + -0.065 theta omega^2 + 1.241 omega^3,7.7793696376e-04,1.4267075525e-03,-2.5010081251e-02,2.0749024592e-04,-2.6271855230e-03,-1.4399678063e-01,-1.1002647047e-04,1.4803097223e-03,-6.4992432386e-02,1.2414786776e+00
51333,2025-02-18 21:30:00,0.069353,4.267541,3.018005,-0.001 theta + 1.018 omega + -0.005 theta omega + 0.116 omega^2 + 0.059 theta omega^2 + -2.778 omega^3,-0.002 theta + 0.037 omega + 0.001 theta^2 + -0.010 theta omega + 0.228 omega^2 + -0.001 theta^2 omega + 0.117 theta omega^2 + -5.487 omega^3,1.4946007639e-04,-2.2630249828e-03,3.7090947106e-02,7.5642782885e-04,-9.6128977822e-03,2.2788669714e-01,-4.7125912963e-05,-9.3388703482e-04,1.1698784182e-01,-5.4866197651e+00
51334,2025-02-18 21:35:00,nan,nan,nan,-0.001 theta + 1.020 omega + 0.001 theta^2 + -0.011 theta omega + -0.063 omega^2 + 0.001 theta^2 omega + -0.009 theta omega^2 + 0.681 omega^3,-0.002 theta + 0.043 omega + 0.001 theta^2 + -0.023 theta omega + -0.153 omega^2 + 0.002 theta^2 omega + -0.015 theta omega^2 + 1.337 omega^3,-4.2043832214e-05,-1.7954454715e-03,4.3107179550e-02,1.3742429406e-03,-2.2687997981e-02,-1.5323394984e-01,-1.5830582643e-04,2.3243014576e-03,-1.4769422581e-02,1.3371224042e+00
51335,2025-02-18 21:40:00,0.208405,8.270693,5.850120,0.036 1 + -0.007 theta + 0.725 omega + 0.039 theta omega + 0.434 omega^2 + -0.001 theta^2 omega + -0.032 theta omega^2 + -0.513 omega^3,0.073 1 + -0.014 theta + -0.553 omega + 0.001 theta^2 + 0.079 theta omega + 0.874 omega^2 + -0.002 theta^2 omega + -0.065 theta omega^2 + -1.017 omega^3,7.2663981069e-02,-1.4349217248e-02,-5.5302436616e-01,8.7320696056e-04,7.8828186113e-02,8.7387439658e-01,-1.7065554172e-05,-2.4149941346e-03,-6.4589814847e-02,-1.0174588123e+00
51336,2025-02-18 21:45:00,0.046377,3.443444,2.435103,-0.001 1 + -0.001 theta + 1.080 omega + -0.001 theta omega + -0.749 omega^2 + 0.021 theta omega^2 + 1.504 omega^3,-0.002 1 + -0.001 theta + 0.162 omega + -0.001 theta omega + -1.523 omega^2 + 0.036 theta omega^2 + 3.320 omega^3,-2.3992345254e-03,-1.0373389904e-03,1.6203761594e-01,1.2098163106e-04,-1.4333513088e-03,-1.5225826339e+00,-2.9209056621e-06,-2.6993298985e-04,3.6309950369e-02,3.3201670734e+00
51337,2025-02-18 21:50:00,nan,nan,nan,0.001 1 + -0.001 theta + 0.992 omega + -0.001 theta omega + -0.070 omega^2 + 0.002 theta^2 omega + 0.030 theta omega^2 + 1.182 omega^3,0.001 1 + -0.003 theta + -0.014 omega + -0.002 theta omega + -0.137 omega^2 + 0.004 theta^2 omega + 0.068 theta omega^2 + 2.114 omega^3,1.4458664699e-03,-2.7171926843e-03,-1.3570682639e-02,-2.1278450062e-04,-1.5639152767e-03,-1.3735778967e-01,1.7766505527e-06,3.6219183628e-03,6.8336875083e-02,2.1138656824e+00
51338,2025-02-18 21:55:00,0.067413,5.713947,4.040652,0.010 1 + -0.003 theta + 0.670 omega + 0.043 theta omega + 1.774 omega^2 + -0.001 theta^2 omega + -0.158 theta omega^2 + -0.303 omega^3,0.022 1 + -0.006 theta + -0.664 omega + 0.001 theta^2 + 0.085 theta omega + 3.496 omega^2 + -0.003 theta^2 omega + -0.312 theta omega^2 + -0.433 omega^3,2.1920264105e-02,-5.6064154613e-03,-6.6440528595e-01,6.2720089919e-04,8.5072465095e-02,3.4957628804e+00,-2.5060183165e-05,-2.6532027261e-03,-3.1240880895e-01,-4.3250589990e-01
51339,2025-02-18 22:00:00,nan,nan,nan,-0.001 1 + 1.017 omega + -0.006 theta omega + 0.239 omega^2 + 0.008 theta omega^2 + -0.151 omega^3,-0.002 1 + -0.001 theta + 0.011 omega + -0.005 theta omega + 0.181 omega^2 + -0.021 theta omega^2 + 1.525 omega^3,-1.5467399010e-03,-6.2352334976e-04,1.1470711848e-02,-1.3603902930e-05,-4.7551650319e-03,1.8089548383e-01,0.0000000000e+00,-4.2321574940e-05,-2.1251626013e-02,1.5248944863e+00
51340,2025-02-18 22:05:00,0.026254,1.515619,1.071865,0.006 1 + 1.089 omega + 0.001 theta omega + 0.540 omega^2 + -0.002 theta omega^2 + 1.155 omega^3,0.001 1 + 0.001 theta + 0.021 omega + 0.003 theta omega + 0.299 omega^2 + 0.002 theta omega^2 + 1.021 omega^3,1.1065289762e-03,6.3532438810e-04,2.1065738804e-02,0.0000000000e+00,3.2054657695e-03,2.9888906928e-01,0.0000000000e+00,1.1900089236e-07,2.2104929956e-03,1.0214584505e+00
51341,2025-02-18 22:10:00,nan,nan,nan,0.075 1 + 0.002 theta + 2.013 omega + 0.017 theta omega + 4.534 omega^2 + 0.038 theta omega^2 + 6.688 omega^3,0.186 1 + 0.006 theta + 2.327 omega + 0.042 theta omega + 10.213 omega^2 + 0.085 theta omega^2 + 15.289 omega^3,1.8554804594e-01,5.5291713310e-03,2.3273094811e+00,4.6304591239e-05,4.2012618262e-02,1.0212692511e+01,0.0000000000e+00,1.8348124097e-04,8.4828783922e-02,1.5289363835e+01
51342,2025-02-18 22:15:00,0.042998,2.522900,1.784218,1.005 omega + 0.123 omega^2 + -0.001 theta^2 omega + 0.045 theta omega^2 + -2.276 omega^3,0.001 1 + -0.001 theta + 0.008 omega + 0.235 omega^2 + -0.001 theta^2 omega + 0.075 theta omega^2 + -3.848 omega^3,9.4927458078e-04,-8.0142736129e-04,8.3396005344e-03,7.0416288859e-05,-3.4982808103e-04,2.3537295214e-01,2.6207557318e-06,-8.9592185798e-04,7.4588610645e-02,-3.8477943033e+00
51343,2025-02-18 22:20:00,nan,nan,nan,-0.029 1 + -0.003 theta + 1.777 omega + 0.036 theta omega + -6.134 omega^2 + -0.095 theta omega^2 + 15.310 omega^3,-0.052 1 + -0.005 theta + 1.421 omega + 0.062 theta omega + -11.749 omega^2 + -0.179 theta omega^2 + 30.514 omega^3,-5.2289508910e-02,-5.0789788254e-03,1.4211246471e+00,5.1430670399e-05,6.2114453168e-02,-1.1748884851e+01,0.0000000000e+00,-3.9448603910e-04,-1.7917116692e-01,3.0514432104e+01
51344,2025-02-18 22:25:00,0.212197,13.745522,9.720710,0.010 1 + -0.001 theta + 0.861 omega + 0.014 theta omega + 0.635 omega^2 + -0.027 theta omega^2 + -1.211 omega^3,0.020 1 + -0.001 theta + -0.274 omega + 0.026 theta omega + 1.242 omega^2 + -0.001 theta^2 omega + -0.053 theta omega^2 + -2.290 omega^3,1.9799333165e-02,-1.2016097265e-03,-2.7441299763e-01,-9.2737638367e-05,2.6269347111e-02,1.2421002599e+00,4.5719249470e-06,-5.3194669722e-04,-5.2660183547e-02,-2.2901726876e+00
51345,2025-02-18 22:30:00,0.011624,0.323573,0.228948,-0.032 1 + 0.001 theta + 0.312 omega + 0.021 theta omega + -4.670 omega^2 + 0.054 theta omega^2 + -9.343 omega^3,-0.041 1 + 0.002 theta + -0.762 omega + 0.018 theta omega + -4.591 omega^2 + 0.044 theta omega^2 + -8.733 omega^3,-4.1465517848e-02,1.6941153604e-03,-7.6224459759e-01,-9.1724585946e-06,1.7976530429e-02,-4.5910917093e+00,0.0000000000e+00,-3.6532658035e-05,4.4164535155e-02,-8.7332730673e+00
51346,2025-02-18 22:35:00,2.702363,126.446446,89.431556,0.121 1 + 0.003 theta + 1.938 omega + 0.025 theta omega + 1.125 omega^2 + 0.050 theta omega^2 + -2.859 omega^3,0.245 1 + 0.006 theta + 1.899 omega + 0.050 theta omega + 2.336 omega^2 + 0.101 theta omega^2 + -5.538 omega^3,2.4478914381e-01,6.1871457785e-03,1.8993212462e+00,1.0809386724e-05,4.9651476803e-02,2.3360532624e+00,0.0000000000e+00,2.2266974289e-05,1.0059343384e-01,-5.5380446342e+00
51347,2025-02-18 22:40:00,nan,nan,nan,-0.143 1 + -0.015 theta + -0.828 omega + -0.150 theta omega + -5.830 omega^2 + -0.003 theta^2 omega + -0.325 theta omega^2 + -0.143 omega^3,-0.093 1 + -0.008 theta + -1.496 omega + -0.111 theta omega + -5.701 omega^2 + -0.002 theta^2 omega + -0.330 theta omega^2 + 0.839 omega^3,-9.3312577331e-02,-7.9991923503e-03,-1.4958584071e+00,-1.5797454145e-04,-1.1051600226e-01,-5.7010136312e+00,0.0000000000e+00,-1.5279129821e-03,-3.3001905544e-01,8.3900076290e-01
51348,2025-02-18 22:45:00,nan,nan,nan,-0.002 theta + 1.008 omega + -0.015 theta omega + -0.242 omega^2 + -0.100 theta omega^2 + 1.009 omega^3,-0.004 theta + 0.017 omega + -0.030 theta omega + -0.473 omega^2 + -0.001 theta^2 omega + -0.198 theta omega^2 + 2.125 omega^3,3.3137731236e-04,-3.6013841119e-03,1.6534298702e-02,-2.5431492092e-04,-3.0494223071e-02,-4.7325834010e-01,-3.0451034566e-06,-6.8054533130e-04,-1.9804662597e-01,2.1245302640e+00
51349,2025-02-18 22:50:00,nan,nan,nan,0.003 1 + 0.002 theta + 0.990 omega + -0.003 theta^2 + -0.916 omega^2 + 0.003 theta^2 omega + 0.399 theta omega^2 + -1.114 omega^3,0.005 1 + 0.005 theta + -0.019 omega + -0.005 theta^2 + 0.002 theta omega + -1.843 omega^2 + 0.001 theta^3 + 0.006 theta^2 omega + 0.800 theta omega^2 + -2.380 omega^3,5.1323401647e-03,5.1622938760e-03,-1.9370453000e-02,-5.2831500606e-03,2.0372565565e-03,-1.8427793733e+00,8.2433729421e-04,6.0053178498e-03,8.0007930975e-01,-2.3796404468e+00
51350,2025-02-18 22:55:00,0.069919,6.781866,4.795758,0.005 1 + 0.001 theta + 1.038 omega + 0.018 theta omega + -0.742 omega^2 + 0.067 theta omega^2 + -3.871 omega^3,0.011 1 + 0.001 theta + 0.151 omega + 0.031 theta omega + -0.816 omega^2 + 0.128 theta omega^2 + -6.273 omega^3,1.1459338044e-02,9.6880686370e-04,1.5142869158e-01,-6.2750056529e-05,3.0941561386e-02,-8.1601372681e-01,0.0000000000e+00,-3.0361789581e-04,1.2776270333e-01,-6.2727801009e+00
51351,2025-02-18 23:00:00,0.124409,15.193748,10.743962,-0.040 1 + -0.007 theta + 0.574 omega + -0.059 theta omega + -1.103 omega^2 + -0.002 theta^2 omega + -0.102 theta omega^2 + 0.045 omega^3,-0.067 1 + -0.011 theta + -0.822 omega + -0.109 theta omega + -2.487 omega^2 + -0.003 theta^2 omega + -0.230 theta omega^2 + -0.068 omega^3,-6.6875955833e-02,-1.1237400526e-02,-8.2224912604e-01,-4.6631761776e-04,-1.0895566811e-01,-2.4871311142e+00,0.0000000000e+00,-3.0136924147e-03,-2.3045307531e-01,-6.8202200450e-02
51352,2025-02-18 23:05:00,0.031859,1.609205,1.138103,0.016 1 + 0.003 theta + 1.121 omega + 0.017 theta omega + 0.202 omega^2 + 0.011 theta omega^2 + 0.738 omega^3,0.020 1 + 0.003 theta + 0.151 omega + 0.018 theta omega + 0.163 omega^2 + 0.001 theta^2 omega + 0.005 theta omega^2,1.9846307599e-02,2.9941105686e-03,1.5125851083e-01,1.0081307283e-04,1.8043151439e-02,1.6345422344e-01,0.0000000000e+00,5.1782890002e-04,5.2042423434e-03,0.0000000000e+00
51353,2025-02-18 23:10:00,3.834130,24.253793,17.362993,-0.019 1 + 0.002 theta + 1.206 omega + -0.034 theta omega + -0.158 omega^2 + 0.001 theta^2 omega + 0.013 theta omega^2 + -0.185 omega^3,-0.039 1 + 0.005 theta + 0.417 omega + -0.069 theta omega + -0.353 omega^2 + 0.003 theta^2 omega + 0.027 theta omega^2 + -0.251 omega^3,-3.8967505344e-02,4.8643832799e-03,4.1728929843e-01,-9.5670390788e-06,-6.8805429375e-02,-3.5255742650e-01,-7.7573000536e-06,2.5327061568e-03,2.7056670071e-02,-2.5054718367e-01
51354,2025-02-18 23:15:00,0.130070,12.903033,9.124286,-0.012 1 + 0.002 theta + 1.016 omega + 0.005 theta omega + 0.553 omega^2 + -0.001 theta^2 omega + -0.079 theta omega^2 + -1.159 omega^3,-0.025 1 + 0.004 theta + 0.031 omega + 0.009 theta omega + 1.108 omega^2 + -0.001 theta^2 omega + -0.160 theta omega^2 + -2.254 omega^3,-2.4760836836e-02,3.5507101149e-03,3.1082730529e-02,2.5684301193e-04,9.0458788949e-03,1.1081500956e+00,-3.8024690707e-05,-1.3208329818e-03,-1.5969242107e-01,-2.2540224241e+00
51355,2025-02-18 23:20:00,nan,nan,nan,0.001 1 + -0.002 theta + 1.006 omega + 0.004 theta omega + -0.049 omega^2 + 0.125 theta omega^2 + -0.728 omega^3,0.001 1 + -0.004 theta + 0.015 omega + 0.008 theta omega + -0.098 omega^2 + 0.249 theta omega^2 + -1.591 omega^3,1.2982252539e-03,-3.6766288964e-03,1.5098673508e-02,-8.3085476594e-05,7.9440980865e-03,-9.7804085142e-02,1.6679902901e-04,1.0075124172e-04,2.4922779593e-01,-1.5911609160e+00
51356,2025-02-18 23:25:00,0.030590,3.296710,2.331226,0.004 1 + 0.001 theta + 1.046 omega + 0.016 theta omega + -0.051 omega^2 + 0.053 theta omega^2 + -0.815 omega^3,0.010 1 + 0.002 theta + 0.106 omega + 0.033 theta omega + -0.061 omega^2 + 0.110 theta omega^2 + -1.601 omega^3,9.9241905936e-03,2.2937491858e-03,1.0606432008e-01,3.9870960428e-05,3.3342649989e-02,-6.0736551571e-02,0.0000000000e+00,3.5771740196e-04,1.1017583584e-01,-1.6010664020e+00
51357,2025-02-18 23:30:00,0.058835,1.498813,1.060637,-0.005 1 + 0.001 theta + 1.005 omega + 0.004 theta omega + 0.271 omega^2 + 0.024 theta omega^2 + 0.169 omega^3,-0.010 1 + 0.001 theta + 0.011 omega + 0.009 theta omega + 0.569 omega^2 + 0.001 theta^2 omega + 0.052 theta omega^2 + 0.390 omega^3,-1.0155344334e-02,1.3570997667e-03,1.1262856993e-02,4.7393884965e-04,8.8705633532e-03,5.6873683469e-01,2.2497065823e-05,6.8715960145e-04,5.1788896985e-02,3.9044228669e-01
51358,2025-02-18 23:35:00,nan,nan,nan,0.001 1 + 1.007 omega + 0.005 theta omega + -0.248 omega^2 + 0.001 theta^2 omega + -0.050 theta omega^2 + 0.645 omega^3,0.001 1 + -0.001 theta + 0.012 omega + 0.011 theta omega + -0.492 omega^2 + 0.001 theta^2 omega + -0.097 theta omega^2 + 1.346 omega^3,1.0271333500e-03,-8.5912427142e-04,1.2429451555e-02,4.3143777748e-05,1.0709434214e-02,-4.9165456990e-01,-7.4541440134e-06,1.3503578148e-03,-9.7230509330e-02,1.3460097978e+00
51359,2025-02-18 23:40:00,1.188407,64.515801,45.627300,-0.022 1 + 0.003 theta + 1.169 omega + -0.019 theta omega + 0.152 omega^2 + 0.002 theta omega^2 + -1.850 omega^3,-0.048 1 + 0.006 theta + 0.374 omega + -0.040 theta omega + 0.206 omega^2 + 0.001 theta^2 omega + 0.008 theta omega^2 + -3.689 omega^3,-4.8315440423e-02,5.7026939899e-03,3.7428704907e-01,-1.5754969635e-04,-4.0389893417e-02,2.0620406683e-01,-1.5582308943e-07,1.0269487550e-03,8.2711959492e-03,-3.6894409446e+00
51360,2025-02-18 23:45:00,0.170583,13.661648,9.660997,-0.003 1 + -0.001 theta + 1.014 omega + 0.331 omega^2 + 0.032 theta omega^2 + -1.611 omega^3,-0.007 1 + -0.002 theta + 0.030 omega + -0.001 theta omega + 0.689 omega^2 + -0.001 theta^2 omega + 0.066 theta omega^2 + -3.375 omega^3,-6.5272344319e-03,-2.3429137754e-03,2.9858400115e-02,1.8994547712e-04,-6.8499990738e-04,6.8852430067e-01,0.0000000000e+00,-9.7839552311e-04,6.6378224599e-02,-3.3750011543e+00
51361,2025-02-18 23:50:00,nan,nan,nan,-0.007 1 + -0.001 theta + 1.170 omega + 0.002 theta omega + -0.936 omega^2 + 0.021 theta omega^2 + 0.633 omega^3,-0.012 1 + -0.001 theta + 0.315 omega + 0.004 theta omega + -1.835 omega^2 + 0.023 theta omega^2 + 2.450 omega^3,-1.1971682666e-02,-1.3277827925e-03,3.1549103568e-01,5.2077805736e-05,3.8251947052e-03,-1.8348113617e+00,0.0000000000e+00,-3.0448326058e-04,2.3192543277e-02,2.4504525094e+00
51362,2025-02-18 23:55:00,0.035699,2.403051,1.699401,0.005 1 + 0.001 theta + 0.709 omega + 0.002 theta omega + 2.466 omega^2 + -0.026 theta omega^2 + -6.019 omega^3,0.010 1 + 0.003 theta + -0.576 omega + 0.004 theta omega + 4.926 omega^2 + -0.052 theta omega^2 + -12.089 omega^3,9.9185045031e-03,2.8550089171e-03,-5.7587595944e-01,-1.8613084363e-04,3.8687975075e-03,4.9256969738e+00,2.8812344275e-06,2.0638763405e-04,-5.2116241965e-02,-1.2089214764e+01
51363,2025-02-19 00:00:00,nan,nan,nan,-0.069 1 + 0.004 theta + 1.173 omega + -0.013 theta omega + 0.315 omega^2 + -0.006 theta omega^2 + -0.204 omega^3,-0.094 1 + 0.006 theta + 0.170 omega + -0.016 theta omega + 0.591 omega^2 + -0.016 theta omega^2 + 0.007 omega^3,-9.3798498915e-02,5.6511744821e-03,1.7029373162e-01,-8.0172401693e-05,-1.6089858254e-02,5.9095934710e-01,0.0000000000e+00,2.9215676342e-04,-1.6265160848e-02,6.5860237440e-03
51364,2025-02-19 00:05:00,0.055639,5.061150,3.578990,-0.014 1 + 0.001 theta + 1.205 omega + -0.012 theta omega + -0.730 omega^2 + 0.023 theta omega^2 + 0.835 omega^3,-0.017 1 + 0.002 theta + 0.177 omega + -0.018 theta omega + -0.018 omega^2 + 0.029 theta omega^2 + -1.474 omega^3,-1.6721227405e-02,1.6669688865e-03,1.7668182748e-01,-2.8020068681e-05,-1.7875664271e-02,-1.8106488494e-02,0.0000000000e+00,2.2630146760e-04,2.9270797548e-02,-1.4739016041e+00
51365,2025-02-19 00:10:00,0.034145,3.367511,2.381312,-0.009 1 + -0.001 theta + 1.259 omega + 0.004 theta omega + -2.095 omega^2 + -0.001 theta^2 omega + 0.041 theta omega^2 + 3.739 omega^3,-0.015 1 + -0.001 theta + 0.424 omega + 0.005 theta omega + -3.142 omega^2 + -0.001 theta^2 omega + 0.068 theta omega^2 + 4.281 omega^3,-1.5484238123e-02,-6.0909498292e-04,4.2400431174e-01,0.0000000000e+00,5.4381881788e-03,-3.1417122392e+00,2.5072871624e-06,-8.1054893429e-04,6.8122567064e-02,4.2807968503e+00
51366,2025-02-19 00:15:00,nan,nan,nan,-0.012 1 + 0.001 theta + 1.245 omega + -0.007 theta omega + -1.720 omega^2 + 0.018 theta omega^2 + 4.443 omega^3,-0.023 1 + 0.001 theta + 0.460 omega + -0.013 theta omega + -3.021 omega^2 + 0.025 theta omega^2 + 8.074 omega^3,-2.2927074072e-02,7.9265344442e-04,4.6030423651e-01,1.4474563039e-07,-1.3224055422e-02,-3.0213631389e+00,0.0000000000e+00,7.9568210290e-05,2.4686145128e-02,8.0744314554e+00
51367,2025-02-19 00:20:00,0.074033,10.056094,7.110925,0.011 1 + -0.001 theta + 0.703 omega + 0.015 theta omega + 2.787 omega^2 + -0.026 theta omega^2 + -9.504 omega^3,0.019 1 + -0.002 theta + -0.558 omega + 0.029 theta omega + 5.337 omega^2 + -0.001 theta^2 omega + -0.047 theta omega^2 + -18.432 omega^3,1.9369381978e-02,-1.6378400056e-03,-5.5845662426e-01,-3.5927543513e-05,2.9300017240e-02,5.3370006340e+00,2.7756610391e-06,-6.2396817818e-04,-4.6836880552e-02,-1.8431992890e+01
51368,2025-02-19 00:25:00,0.040058,1.606018,1.135980,0.001 1 + 1.005 omega + -0.001 theta omega + -0.320 omega^2 + 0.001 theta^2 omega + -0.136 theta omega^2 + -2.995 omega^3,0.003 1 + 0.013 omega + -0.001 theta^2 + -0.004 theta omega + -0.594 omega^2 + 0.003 theta^2 omega + -0.281 theta omega^2 + -5.713 omega^3,2.5397904742e-03,-3.3448130283e-04,1.3143844048e-02,-6.1543892618e-04,-3.7340802964e-03,-5.9353195524e-01,-4.4949405860e-05,2.5881232180e-03,-2.8083927639e-01,-5.7127377016e+00
51369,2025-02-19 00:30:00,0.035426,0.926854,0.655863,-0.011 1 + -0.008 theta + 0.952 omega + -0.002 theta^2 + -0.030 theta omega + -0.216 omega^2 + -0.004 theta^2 omega + -0.024 theta omega^2 + -3.016 omega^3,-0.022 1 + -0.015 theta + -0.084 omega + -0.003 theta^2 + -0.056 theta omega + -0.370 omega^2 + -0.008 theta^2 omega + -0.039 theta omega^2 + -6.019 omega^3,-2.1735043311e-02,-1.4633110429e-02,-8.3509618955e-02,-3.2089961184e-03,-5.6064827700e-02,-3.7036127012e-01,-2.4320938774e-04,-8.0344256307e-03,-3.8773769946e-02,-6.0193470583e+00
51370,2025-02-19 00:35:00,0.024667,0.462802,0.327715,-0.013 1 + -0.009 theta + 0.942 omega + -0.002 theta^2 + -0.030 theta omega + 0.168 omega^2 + -0.003 theta^2 omega + 0.075 theta omega^2 + -1.533 omega^3,-0.025 1 + -0.017 theta + -0.102 omega + -0.004 theta^2 + -0.051 theta omega + 0.456 omega^2 + -0.006 theta^2 omega + 0.180 theta omega^2 + -2.535 omega^3,-2.5093432443e-02,-1.7132130029e-02,-1.0221110468e-01,-4.0982902159e-03,-5.0513598803e-02,4.5576804904e-01,-3.8008579124e-04,-5.5282258740e-03,1.7979376656e-01,-2.5346729167e+00
51371,2025-02-19 00:40:00,0.059450,5.257318,3.717723,0.001 1 + 0.001 theta + 1.009 omega + 0.015 theta omega + -0.077 omega^2 + -0.003 theta^2 omega + -0.022 theta omega^2 + -1.813 omega^3,0.002 1 + 0.002 theta + 0.021 omega + 0.027 theta omega + -0.091 omega^2 + -0.006 theta^2 omega + -0.062 theta omega^2 + -3.465 omega^3,1.5290491448e-03,1.7665919279e-03,2.0601274730e-02,-3.0307993871e-04,2.7027515438e-02,-9.0699297430e-02,-2.6809746195e-05,-5.7702535877e-03,-6.1534044387e-02,-3.4654595770e+00
51372,2025-02-19 00:45:00,0.032062,2.352853,1.663873,0.001 1 + -0.001 theta + 1.024 omega + 0.005 theta omega + -0.824 omega^2 + 0.011 theta omega^2 + 4.685 omega^3,0.003 1 + -0.002 theta + 0.052 omega + 0.011 theta omega + -1.701 omega^2 + -0.001 theta^2 omega + 0.020 theta omega^2 + 9.836 omega^3,2.5597981280e-03,-1.5810187601e-03,5.1513474247e-02,1.8577022798e-04,1.0633995862e-02,-1.7014622123e+00,-5.4409392372e-06,-9.7012201484e-04,2.0213728793e-02,9.8358368140e+00
51373,2025-02-19 00:50:00,0.042270,1.017558,0.720143,-0.003 theta + 1.013 omega + -0.001 theta^2 + -0.006 theta omega + -0.219 omega^2 + -0.007 theta^2 omega + 0.047 theta omega^2 + -3.936 omega^3,-0.001 1 + -0.005 theta + 0.029 omega + -0.002 theta^2 + -0.013 theta omega + -0.426 omega^2 + -0.013 theta^2 omega + 0.070 theta omega^2 + -7.564 omega^3,-7.3636569655e-04,-5.0415379503e-03,2.9441873234e-02,-1.5088588804e-03,-1.2904502265e-02,-4.2578307124e-01,1.1163510078e-04,-1.2742173492e-02,7.0049091498e-02,-7.5638588932e+00
51374,2025-02-19 00:55:00,0.051303,1.356854,0.960126,1.004 omega + 0.005 theta omega + 0.038 omega^2 + 0.002 theta^2 omega + 0.106 theta omega^2 + -0.732 omega^3,-0.001 theta + 0.008 omega + 0.011 theta omega + 0.064 omega^2 + 0.004 theta^2 omega + 0.192 theta omega^2 + -1.065 omega^3,2.1986136143e-05,-8.6801222010e-04,7.7735499584e-03,-4.1611040474e-04,1.0710968934e-02,6.3733344620e-02,-2.8849621085e-04,4.2329620800e-03,1.9151881203e-01,-1.0646460524e+00
51375,2025-02-19 01:00:00,nan,nan,nan,-0.006 1 + 1.127 omega + -0.011 theta omega + -0.336 omega^2 + 0.033 theta omega^2 + -0.639 omega^3,-0.011 1 + -0.001 theta + 0.258 omega + -0.022 theta omega + -0.664 omega^2 + 0.067 theta omega^2 + -1.397 omega^3,-1.1342991125e-02,-7.3984669942e-04,2.5793551312e-01,1.7499051466e-04,-2.2238775128e-02,-6.6425901084e-01,-5.3960463656e-06,3.3371060512e-04,6.6642192049e-02,-1.3969482018e+00
51376,2025-02-19 01:05:00,nan,nan,nan,0.017 1 + -0.008 theta + 0.913 omega + 0.001 theta^2 + 0.021 theta omega + -0.091 omega^2 + -0.001 theta^2 omega + 0.021 theta omega^2 + 0.351 omega^3,0.035 1 + -0.016 theta + -0.171 omega + 0.002 theta^2 + 0.042 theta omega + -0.191 omega^2 + -0.002 theta^2 omega + 0.044 theta omega^2 + 0.665 omega^3,3.4520715981e-02,-1.5680664175e-02,-1.7090738435e-01,2.3634011033e-03,4.2014387047e-02,-1.9101832630e-01,-1.2179114167e-04,-2.2655300748e-03,4.3828013040e-02,6.6501013765e-01
51377,2025-02-19 01:10:00,0.012907,0.250642,0.177466,0.120 1 + -0.002 theta + 2.381 omega + 0.001 theta omega + 4.613 omega^2 + 0.017 theta omega^2 + 4.560 omega^3,0.004 1 + 0.001 theta + -0.041 omega + 0.010 theta omega + -0.675 omega^2 + 0.022 theta omega^2 + -1.635 omega^3,3.6710838155e-03,1.1753321375e-03,-4.1411223067e-02,0.0000000000e+00,1.0479339584e-02,-6.7479809354e-01,0.0000000000e+00,5.9153715066e-07,2.1662488103e-02,-1.6348407314e+00
51378,2025-02-19 01:15:00,nan,nan,nan,0.207 1 + 0.014 theta + 3.128 omega + 0.108 theta omega + 7.014 omega^2 + 0.001 theta^2 omega + 0.174 theta omega^2 + 8.688 omega^3,0.234 1 + 0.015 theta + 1.901 omega + 0.108 theta omega + 3.742 omega^2 + 0.001 theta^2 omega + 0.120 theta omega^2 + 2.247 omega^3,2.3430326827e-01,1.5307132188e-02,1.9005491986e+00,2.4305024293e-04,1.0809377992e-01,3.7415777078e+00,0.0000000000e+00,1.4176129107e-03,1.1954032479e-01,2.2465383227e+00
51379,2025-02-19 01:20:00,0.171154,6.690317,4.732316,-0.003 1 + -0.001 theta + 1.039 omega + 0.012 theta omega + 0.177 omega^2 + -0.080 theta omega^2 + -1.873 omega^3,-0.006 1 + -0.002 theta + 0.078 omega + 0.024 theta omega + 0.365 omega^2 + -0.001 theta^2 omega + -0.157 theta omega^2 + -3.770 omega^3,-5.6944598471e-03,-2.0184843805e-03,7.8407119171e-02,2.5708194665e-04,2.3697637355e-02,3.6535809105e-01,-9.3510147964e-06,-7.9553850662e-04,-1.5745501982e-01,-3.7696403002e+00
51380,2025-02-19 01:25:00,0.065012,7.542062,5.333241,0.011 1 + -0.006 theta + 0.934 omega + 0.001 theta^2 + 0.039 theta omega + 0.190 omega^2 + -0.004 theta^2 omega + 0.013 theta omega^2 + -3.091 omega^3,0.023 1 + -0.013 theta + -0.130 omega + 0.002 theta^2 + 0.078 theta omega + 0.371 omega^2 + -0.008 theta^2 omega + 0.024 theta omega^2 + -6.080 omega^3,2.2573757635e-02,-1.2688009448e-02,-1.3034581756e-01,1.6920794530e-03,7.7840850680e-02,3.7108227702e-01,-5.1304926316e-05,-8.3752604998e-03,2.4391767816e-02,-6.0801406348e+00
51381,2025-02-19 01:30:00,0.062372,5.520351,3.903727,1.025 omega + -0.002 theta omega + -0.105 omega^2 + 0.022 theta omega^2 + -0.402 omega^3,0.063 omega + -0.004 theta omega + -0.285 omega^2 + 0.055 theta omega^2 + -1.060 omega^3,-2.6140152023e-04,-3.5835918736e-04,6.2803818263e-02,3.7982162397e-05,-4.0971633569e-03,-2.8536483196e-01,0.0000000000e+00,-3.3835610519e-04,5.4809456912e-02,-1.0601311827e+00
51382,2025-02-19 01:35:00,0.041245,1.249094,0.883724,-0.003 1 + 0.001 theta + 1.046 omega + -0.010 theta omega + -0.134 omega^2 + 0.009 theta omega^2 + 0.555 omega^3,-0.006 1 + 0.001 theta + 0.089 omega + -0.019 theta omega + -0.229 omega^2 + 0.001 theta^2 omega + 0.016 theta omega^2 + 1.134 omega^3,-5.9615983234e-03,1.2034435529e-03,8.8901428313e-02,-6.6144759032e-06,-1.9487733230e-02,-2.2863312135e-01,-1.6314966584e-06,6.2635173908e-04,1.6022569540e-02,1.1340718508e+00
51383,2025-02-19 01:40:00,0.071181,2.002751,1.417053,-0.002 1 + 0.960 omega + 0.001 theta^2 + -0.035 theta omega + 0.389 omega^2 + -0.007 theta^2 omega + 0.194 theta omega^2 + 0.582 omega^3,-0.004 1 + -0.081 omega + 0.001 theta^2 + -0.072 theta omega + 0.811 omega^2 + -0.014 theta^2 omega + 0.399 theta omega^2 + 1.025 omega^3,-3.5639884786e-03,5.2550524598e-05,-8.1190386249e-02,1.2310556940e-03,-7.2116184656e-02,8.1060733625e-01,1.5138617504e-04,-1.3861480580e-02,3.9938137440e-01,1.0252091405e+00
51384,2025-02-19 01:45:00,0.117002,6.168270,4.362410,0.020 1 + -0.008 theta + 0.927 omega + 0.001 theta^2 + 0.023 theta omega + 0.085 omega^2 + -0.001 theta^2 omega + 0.005 theta omega^2 + -1.302 omega^3,0.041 1 + -0.016 theta + -0.145 omega + 0.002 theta^2 + 0.045 theta omega + 0.153 omega^2 + -0.003 theta^2 omega + 0.011 theta omega^2 + -2.568 omega^3,4.0724135242e-02,-1.5887435883e-02,-1.4497617592e-01,1.7443717345e-03,4.4888242097e-02,1.5322662723e-01,-5.9472345779e-05,-2.5086073640e-03,1.1445594829e-02,-2.5682366210e+00
51385,2025-02-19 01:50:00,0.060235,4.276116,3.023970,0.009 1 + -0.002 theta + 1.213 omega + 0.009 theta omega + 0.303 omega^2 + 0.019 theta omega^2 + -0.457 omega^3,0.004 1 + 0.077 omega + 0.004 theta omega + 0.012 omega^2 + 0.016 theta omega^2 + -0.975 omega^3,3.5778632316e-03,-1.5108462414e-04,7.6898951581e-02,-1.6068490833e-05,3.6575195438e-03,1.2397431395e-02,0.0000000000e+00,-6.4875275617e-05,1.5619626487e-02,-9.7504940645e-01
51386,2025-02-19 01:55:00,0.057520,4.750182,3.359132,0.997 omega + 0.011 theta omega + -0.095 omega^2 + -0.002 theta^2 omega + 0.086 theta omega^2 + -0.349 omega^3,0.001 1 + -0.006 omega + 0.022 theta omega + -0.199 omega^2 + -0.004 theta^2 omega + 0.167 theta omega^2 + -0.586 omega^3,6.4931602713e-04,7.3616042934e-05,-6.3067675290e-03,-4.1259250327e-04,2.1824773266e-02,-1.9856802047e-01,1.6645108380e-05,-4.0155442484e-03,1.6677273804e-01,-5.8643654368e-01
51387,2025-02-19 02:00:00,nan,nan,nan,0.019 1 + 0.003 theta + 1.083 omega + 0.016 theta omega + -0.003 omega^2 + 0.001 theta^2 omega + -0.034 theta omega^2 + 2.006 omega^3,0.037 1 + 0.006 theta + 0.158 omega + 0.032 theta omega + -0.043 omega^2 + 0.001 theta^2 omega + -0.068 theta omega^2 + 3.915 omega^3,3.7021808908e-02,5.7440206288e-03,1.5849327740e-01,1.2560678700e-05,3.1613679917e-02,-4.2885899529e-02,-1.0742219910e-05,1.2644409344e-03,-6.8287940277e-02,3.9151321327e+00
51388,2025-02-19 02:05:00,0.051252,4.260393,3.012771,-0.001 theta + 1.017 omega + 0.021 theta omega + -0.011 omega^2 + -0.001 theta^2 omega + -0.037 theta omega^2 + -0.866 omega^3,-0.001 theta + 0.035 omega + 0.039 theta omega + 0.020 omega^2 + -0.001 theta^2 omega + -0.070 theta omega^2 + -1.813 omega^3,-4.4473030535e-04,-1.3518880794e-03,3.5241255770e-02,-1.1419739712e-04,3.9109034850e-02,2.0151660381e-02,6.6087559610e-06,-9.7166937076e-04,-6.9893177072e-02,-1.8131106653e+00
51389,2025-02-19 02:10:00,0.118794,6.025609,4.261577,-0.011 1 + 0.002 theta + 1.073 omega + -0.009 theta omega + 0.093 omega^2 + -0.012 theta omega^2 + -1.081 omega^3,-0.022 1 + 0.005 theta + 0.147 omega + -0.018 theta omega + 0.196 omega^2 + 0.001 theta^2 omega + -0.025 theta omega^2 + -2.098 omega^3,-2.2111957441e-02,4.7706126265e-03,1.4713098026e-01,-2.8872502293e-04,-1.7706592032e-02,1.9578183221e-01,3.3596065184e-06,5.2998590877e-04,-2.4842345945e-02,-2.0982895211e+00
51390,2025-02-19 02:15:00,0.582736,12.318531,8.720258,0.012 1 + 0.001 theta + 1.031 omega + 0.005 theta omega + -0.366 omega^2 + -0.038 theta omega^2 + -0.067 omega^3,0.023 1 + 0.001 theta + 0.060 omega + 0.009 theta omega + -0.712 omega^2 + -0.075 theta omega^2 + -0.132 omega^3,2.3030569666e-02,1.2818206170e-03,5.9500177888e-02,-2.7417512723e-04,9.1225951307e-03,-7.1193762452e-01,-1.5412046380e-05,3.3988766776e-04,-7.5117273391e-02,-1.3242610309e-01
51391,2025-02-19 02:20:00,nan,nan,nan,0.004 1 + 0.840 omega + 0.015 theta omega + 0.539 omega^2 + -0.061 theta omega^2 + 1.469 omega^3,0.008 1 + 0.001 theta + -0.320 omega + 0.030 theta omega + 1.091 omega^2 + -0.124 theta omega^2 + 2.998 omega^3,7.6504680620e-03,9.9642021754e-04,-3.2032868717e-01,-1.8736490534e-04,2.9760066883e-02,1.0907027215e+00,4.8286921629e-06,-2.2228803056e-04,-1.2387745176e-01,2.9978180666e+00
51392,2025-02-19 02:25:00,0.078256,4.212825,2.979431,-0.001 theta + 1.016 omega + 0.004 theta omega + 0.010 omega^2 + -0.001 theta^2 omega + 0.035 theta omega^2 + -0.902 omega^3,-0.001 1 + -0.003 theta + 0.022 omega + 0.001 theta^2 + 0.004 theta omega + 0.105 omega^2 + -0.002 theta^2 omega + 0.031 theta omega^2 + -0.997 omega^3,-1.1110077427e-03,-2.8626814933e-03,2.1872264371e-02,5.0448214201e-04,3.9834122334e-03,1.0451186648e-01,-5.8704317113e-06,-1.6411223846e-03,3.0745413476e-02,-9.9685192763e-01
51393,2025-02-19 02:30:00,0.068436,2.386720,1.688360,0.014 1 + -0.006 theta + 0.763 omega + 0.001 theta^2 + 0.051 theta omega + 1.102 omega^2 + -0.002 theta^2 omega + -0.140 theta omega^2 + -1.190 omega^3,0.026 1 + -0.012 theta + -0.469 omega + 0.002 theta^2 + 0.101 theta omega + 2.230 omega^2 + -0.005 theta^2 omega + -0.284 theta omega^2 + -2.352 omega^3,2.6093130869e-02,-1.1834727452e-02,-4.6859171944e-01,1.6451869103e-03,1.0140022696e-01,2.2296807625e+00,-6.6697024335e-05,-4.8554640451e-03,-2.8429176203e-01,-2.3519167162e+00
51394,2025-02-19 02:35:00,nan,nan,nan,0.006 1 + -0.003 theta + 0.959 omega + 0.017 theta omega + -0.162 omega^2 + -0.001 theta^2 omega + -0.010 theta omega^2 + 0.843 omega^3,0.012 1 + -0.005 theta + -0.081 omega + 0.034 theta omega + -0.338 omega^2 + -0.002 theta^2 omega + -0.020 theta omega^2 + 1.801 omega^3,1.2203001664e-02,-5.1524304077e-03,-8.0814428070e-02,4.5017562151e-04,3.3555481538e-02,-3.3813732358e-01,-1.1193557132e-05,-1.5659774710e-03,-1.9864226310e-02,1.8008325882e+00
51395,2025-02-19 02:40:00,0.038884,1.707168,1.207463,-0.002 theta + 1.017 omega + 0.009 theta omega + 0.006 omega^2 + -0.013 theta omega^2 + -0.094 omega^3,-0.003 theta + 0.034 omega + 0.018 theta omega + 0.009 omega^2 + -0.025 theta omega^2 + -0.192 omega^3,-4.8713968003e-05,-3.4477612362e-03,3.4128941296e-02,4.6788631436e-05,1.7836408250e-02,9.0773751343e-03,0.0000000000e+00,-1.4693068763e-04,-2.4990407922e-02,-1.9195598019e-01
51396,2025-02-19 02:45:00,0.241757,8.863437,6.269727,-0.084 1 + 0.005 theta + 0.952 omega + -0.033 theta omega + 3.546 omega^2 + 0.049 theta omega^2 + -8.217 omega^3,0.025 1 + 0.001 theta + -0.477 omega + -0.001 theta omega + 1.942 omega^2 + 0.002 theta omega^2 + -2.137 omega^3,2.5322052748e-02,5.5950475651e-04,-4.7654253118e-01,0.0000000000e+00,-1.4391580293e-03,1.9420927878e+00,0.0000000000e+00,-1.7462180634e-05,2.3571816618e-03,-2.1374130629e+00
51397,2025-02-19 02:50:00,0.012058,0.537427,0.380114,-0.103 1 + 0.002 theta + 1.963 omega + -0.018 theta omega + -1.923 omega^2 + 0.044 theta omega^2 + -1.250 omega^3,0.035 1 + -0.622 omega + -0.002 theta omega + 3.619 omega^2 + 0.002 theta omega^2 + -6.824 omega^3,3.4718824141e-02,3.6176476292e-04,-6.2152719045e-01,-8.0611646719e-06,-2.2856931515e-03,3.6191869840e+00,0.0000000000e+00,4.0084109240e-05,1.9463151974e-03,-6.8244250477e+00
51398,2025-02-19 02:55:00,0.017491,0.246765,0.174927,-0.001 theta + 1.051 omega + -0.002 theta omega + -0.118 omega^2 + 0.004 theta omega^2 + -0.655 omega^3,-0.002 theta + 0.102 omega + -0.004 theta omega + -0.233 omega^2 + 0.007 theta omega^2 + -1.217 omega^3,3.3205310559e-04,-2.1661797964e-03,1.0181711353e-01,2.9267175934e-04,-4.4371486097e-03,-2.3319416191e-01,-8.1039074210e-06,-9.2676624590e-06,7.2919377359e-03,-1.2168004146e+00
51399,2025-02-19 03:00:00,nan,nan,nan,0.064 1 + 0.006 theta + 1.502 omega + 0.033 theta omega + 1.146 omega^2 + 0.001 theta^2 omega + 0.036 theta omega^2 + 0.661 omega^3,0.004 1 + 0.001 theta + 0.070 omega + 0.009 theta omega + 0.265 omega^2 + 0.014 theta omega^2 + 0.245 omega^3,3.9406202593e-03,7.4939467022e-04,7.0280966557e-02,2.1516402864e-05,8.9717796428e-03,2.6516864459e-01,0.0000000000e+00,2.0303758550e-04,1.3961230198e-02,2.4496027864e-01
51400,2025-02-19 03:05:00,0.050976,2.206304,1.560509,0.003 1 + -0.001 theta + 0.975 omega + 0.003 theta omega + 0.080 omega^2 + -0.002 theta omega^2 + 0.039 omega^3,0.006 1 + -0.001 theta + -0.043 omega + 0.005 theta omega + 0.137 omega^2 + -0.004 theta omega^2 + 0.125 omega^3,5.6951729368e-03,-1.4286056041e-03,-4.2511923859e-02,9.8019358342e-05,4.8317909081e-03,1.3741328720e-01,-2.1719697490e-06,-1.5113966288e-04,-4.1212450535e-03,1.2491856185e-01
51401,2025-02-19 03:10:00,nan,nan,nan,0.009 1 + 0.002 theta + 1.084 omega + 0.017 theta omega + 0.247 omega^2 + 0.001 theta^2 omega + 1.531 omega^3,0.019 1 + 0.003 theta + 0.185 omega + 0.035 theta omega + 0.569 omega^2 + 0.001 theta^2 omega + 0.001 theta omega^2 + 3.223 omega^3,1.8943535114e-02,3.3420793463e-03,1.8509230302e-01,-1.5027149290e-06,3.4733922676e-02,5.6883113378e-01,-4.6823162097e-06,1.0959928124e-03,1.4501800587e-03,3.2230866549e+00
51402,2025-02-19 03:15:00,nan,nan,nan,0.002 1 + 0.975 omega + 0.003 theta omega + -0.074 omega^2 + -0.004 theta omega^2 + 1.068 omega^3,0.004 1 + 0.001 theta + -0.049 omega + 0.007 theta omega + -0.158 omega^2 + -0.007 theta omega^2 + 2.090 omega^3,3.8208715060e-03,6.7634952132e-04,-4.9116965928e-02,-2.1686248303e-04,6.8522028027e-03,-1.5822519825e-01,-1.2505490210e-05,-1.1267378723e-04,-6.5217181376e-03,2.0900257687e+00
51403,2025-02-19 03:20:00,0.010025,0.720565,0.509566,-0.001 1 + 1.004 omega + -0.004 theta omega + 0.127 omega^2 + 0.028 theta omega^2 + -0.695 omega^3,-0.002 1 + -0.001 theta + 0.008 omega + -0.008 theta omega + 0.257 omega^2 + -0.001 theta^2 omega + 0.057 theta omega^2 + -1.362 omega^3,-2.2521375248e-03,-5.1948685882e-04,7.7926792715e-03,2.3736602661e-04,-7.5514267113e-03,2.5708149981e-01,-3.6945181032e-06,-9.8315485699e-04,5.6706446975e-02,-1.3620552073e+00
51404,2025-02-19 03:25:00,0.040321,5.070425,3.585445,0.004 1 + 0.840 omega + 0.010 theta omega + 1.133 omega^2 + -0.057 theta omega^2 + -1.746 omega^3,0.006 1 + -0.306 omega + 0.019 theta omega + 2.188 omega^2 + -0.112 theta omega^2 + -3.338 omega^3,6.0853527855e-03,-2.4970949129e-04,-3.0635160176e-01,1.3858507589e-06,1.8528733231e-02,2.1884644465e+00,-5.0488140307e-07,-3.3395995150e-07,-1.1153856347e-01,-3.3380040970e+00
51405,2025-02-19 03:30:00,nan,nan,nan,-0.084 1 + -0.004 theta + 2.142 omega + 0.023 theta omega + -4.849 omega^2 + -0.035 theta omega^2 + 6.530 omega^3,-0.009 1 + -0.001 theta + 0.152 omega + 0.011 theta omega + -0.823 omega^2 + -0.025 theta omega^2 + 1.716 omega^3,-8.7548696664e-03,-1.3627094559e-03,1.5190187491e-01,0.0000000000e+00,1.0771547923e-02,-8.2288464567e-01,0.0000000000e+00,1.0088255164e-05,-2.4974976669e-02,1.7156970111e+00
51406,2025-02-19 03:35:00,0.019211,2.337468,1.652895,0.207 1 + 0.001 theta + -2.146 omega + 0.011 theta omega + 14.020 omega^2 + -0.043 theta omega^2 + -19.438 omega^3,0.902 1 + -0.012 theta + -10.866 omega + 0.104 theta omega + 42.251 omega^2 + -0.218 theta omega^2 + -53.512 omega^3,9.0180566662e-01,-1.1771953993e-02,-1.0865792608e+01,3.5294639907e-05,1.0444935253e-01,4.2250666560e+01,0.0000000000e+00,-1.9787774950e-04,-2.1760213799e-01,-5.3511833081e+01
51407,2025-02-19 03:40:00,0.061194,7.565972,5.350125,-0.038 1 + 0.002 theta + 1.404 omega + -0.022 theta omega + -1.033 omega^2 + 0.068 theta omega^2 + -0.253 omega^3,-0.075 1 + 0.003 theta + 0.797 omega + -0.044 theta omega + -2.033 omega^2 + 0.131 theta omega^2 + -0.365 omega^3,-7.4940716720e-02,3.4430833572e-03,7.9712850591e-01,5.9448834473e-05,-4.3964899828e-02,-2.0329591722e+00,0.0000000000e+00,-2.7495014630e-04,1.3085260217e-01,-3.6450277649e-01
51408,2025-02-19 03:45:00,0.014046,1.866491,1.319846,-0.369 1 + 0.009 theta + 5.494 omega + -0.080 theta omega + -17.879 omega^2 + 0.172 theta omega^2 + 23.106 omega^3,-0.381 1 + 0.009 theta + 4.359 omega + -0.077 theta omega + -15.802 omega^2 + 0.169 theta omega^2 + 17.563 omega^3,-3.8119481700e-01,8.8552061515e-03,4.3592611799e+00,-3.5401562809e-05,-7.7316778250e-02,-1.5801573482e+01,0.0000000000e+00,1.5643909125e-04,1.6866345185e-01,1.7562559757e+01
51409,2025-02-19 03:50:00,0.038094,3.322311,2.349383,0.986 omega + -0.002 theta omega + 0.028 omega^2 + 0.001 theta^2 omega + -0.029 theta omega^2 + 0.735 omega^3,-0.001 1 + -0.029 omega + -0.005 theta omega + 0.065 omega^2 + 0.002 theta^2 omega + -0.053 theta omega^2 + 1.752 omega^3,-1.0315308831e-03,3.6722776427e-04,-2.9321142874e-02,3.8454298205e-04,-5.4964178572e-03,6.5390079448e-02,-7.1615186227e-05,1.7450559534e-03,-5.2678527507e-02,1.7517404003e+00
51410,2025-02-19 03:55:00,0.058213,6.069757,4.292164,-0.002 theta + 1.029 omega + -0.008 theta omega + -0.045 omega^2 + 0.012 theta omega^2 + -1.177 omega^3,-0.003 theta + 0.051 omega + -0.012 theta omega + -0.031 omega^2 + 0.010 theta omega^2 + -1.249 omega^3,7.8423426803e-05,-2.8765353322e-03,5.0695500446e-02,-8.7558202154e-05,-1.1937384820e-02,-3.0594261018e-02,0.0000000000e+00,-4.2949722876e-04,1.0282960445e-02,-1.2491791228e+00
51411,2025-02-19 04:00:00,0.009223,0.432162,0.305654,0.127 1 + -0.005 theta + 2.715 omega + -0.041 theta omega + 7.567 omega^2 + -0.079 theta omega^2 + 10.947 omega^3,0.269 1 + -0.010 theta + 3.590 omega + -0.083 theta omega + 15.726 omega^2 + -0.160 theta omega^2 + 22.609 omega^3,2.6865865721e-01,-1.0359544541e-02,3.5897434451e+00,4.8667408960e-05,-8.2520365006e-02,1.5725881418e+01,0.0000000000e+00,1.6186911906e-04,-1.6046118964e-01,2.2608646718e+01
51412,2025-02-19 04:05:00,0.011955,1.267840,0.896538,0.095 1 + 0.002 theta + 2.222 omega + 0.012 theta omega + 5.396 omega^2 + 0.025 theta omega^2 + 7.878 omega^3,0.230 1 + 0.004 theta + 3.133 omega + 0.037 theta omega + 14.136 omega^2 + 0.093 theta omega^2 + 20.709 omega^3,2.2990578064e-01,3.8312056397e-03,3.1328210959e+00,-5.5280673889e-06,3.6666815295e-02,1.4135966247e+01,0.0000000000e+00,-4.0292687805e-05,9.2566205936e-02,2.0708663078e+01
51413,2025-02-19 04:10:00,nan,nan,nan,0.083 1 + -0.001 theta + 2.196 omega + -0.015 theta omega + 5.862 omega^2 + -0.037 theta omega^2 + 9.625 omega^3,0.176 1 + -0.003 theta + 2.531 omega + -0.030 theta omega + 12.391 omega^2 + -0.078 theta omega^2 + 20.300 omega^3,1.7585200544e-01,-2.7243943057e-03,2.5306017095e+00,2.4385409882e-05,-3.0393405470e-02,1.2390817969e+01,0.0000000000e+00,9.6810376366e-05,-7.7576183571e-02,2.0300454651e+01
51414,2025-02-19 04:15:00,0.762931,27.688015,19.585814,0.084 1 + 0.003 theta + 1.464 omega + 0.018 theta omega + 0.215 omega^2 + 0.025 theta omega^2 + -1.255 omega^3,0.169 1 + 0.006 theta + 0.900 omega + 0.036 theta omega + 0.219 omega^2 + 0.051 theta omega^2 + -2.868 omega^3,1.6916628723e-01,5.9947569118e-03,8.9954254617e-01,3.1582143360e-05,3.6334260015e-02,2.1870657624e-01,0.0000000000e+00,1.2191381175e-04,5.1079225837e-02,-2.8683002908e+00
51415,2025-02-19 04:20:00,0.031903,0.961465,0.680232,-0.002 1 + 0.971 omega + 0.004 theta omega + -0.026 omega^2 + -0.001 theta omega^2 + 0.897 omega^3,-0.004 1 + 0.001 theta + -0.051 omega + 0.009 theta omega + -0.055 omega^2 + -0.002 theta omega^2 + 1.776 omega^3,-3.6664599178e-03,9.7745294081e-04,-5.0914096883e-02,2.4201653497e-05,9.3157065100e-03,-5.5099831680e-02,-5.0730213438e-07,3.2669592278e-04,-2.4483206556e-03,1.7758690738e+00
51416,2025-02-19 04:25:00,nan,nan,nan,0.003 1 + -0.001 theta + 1.124 omega + -0.009 theta omega + 1.138 omega^2 + -0.001 theta^2 omega + 0.034 theta omega^2 + 1.761 omega^3,0.006 1 + -0.002 theta + 0.254 omega + -0.017 theta omega + 2.273 omega^2 + -0.001 theta^2 omega + 0.069 theta omega^2 + 3.534 omega^3,5.8160091970e-03,-1.5917184580e-03,2.5364947149e-01,4.1239871446e-05,-1.7461879811e-02,2.2725821155e+00,5.7211900655e-06,-1.2840032815e-03,6.8754296807e-02,3.5343957007e+00
51417,2025-02-19 04:30:00,0.011529,0.497329,0.351759,-0.006 1 + 1.033 omega + 0.001 theta omega + 0.209 omega^2 + -0.002 theta omega^2 + -1.050 omega^3,-0.013 1 + -0.001 theta + 0.067 omega + 0.002 theta omega + 0.427 omega^2 + -0.003 theta omega^2 + -2.116 omega^3,-1.3353759757e-02,-8.3570600252e-04,6.7196713459e-02,1.6879887626e-04,2.4763110769e-03,4.2704951775e-01,-3.6271668411e-06,-4.4586436556e-04,-3.3695016408e-03,-2.1155524974e+00
51418,2025-02-19 04:35:00,nan,nan,nan,0.017 1 + -0.001 theta + 0.954 omega + 0.006 theta omega + -0.557 omega^2 + 0.036 theta omega^2 + 0.230 omega^3,-0.001 1 + 0.002 theta + 0.102 omega + -0.019 theta omega + -0.867 omega^2 + 0.001 theta^2 omega + 0.041 theta omega^2 + 1.840 omega^3,-1.3392789505e-03,1.8712679377e-03,1.0237495500e-01,-1.1463471647e-04,-1.9141223193e-02,-8.6730009666e-01,0.0000000000e+00,7.8228739955e-04,4.0664179442e-02,1.8397453796e+00
51419,2025-02-19 04:40:00,0.014288,0.692863,0.490032,-0.001 1 + 0.001 theta + 1.025 omega + -0.008 theta omega + -0.231 omega^2 + 0.002 theta omega^2 + 1.194 omega^3,-0.001 1 + 0.002 theta + 0.054 omega + -0.016 theta omega + -0.430 omega^2 + 0.001 theta^2 omega + 0.003 theta omega^2 + 2.287 omega^3,-1.4282579006e-03,1.7099525702e-03,5.4436374279e-02,-6.1898729289e-05,-1.5867529365e-02,-4.2997582026e-01,-9.5397927534e-08,5.1849149226e-04,3.4961273638e-03,2.2871835392e+00
51420,2025-02-19 04:45:00,nan,nan,nan,0.004 1 + 0.988 omega + -0.001 theta^2 + 0.005 theta omega + -0.609 omega^2 + 0.134 theta omega^2 + 0.758 omega^3,0.008 1 + -0.024 omega + -0.001 theta^2 + 0.011 theta omega + -1.211 omega^2 + -0.001 theta^2 omega + 0.275 theta omega^2 + 1.473 omega^3,7.5758289967e-03,4.2026229597e-04,-2.3517772596e-02,-1.4742176782e-03,1.0778011530e-02,-1.2111968011e+00,1.9420645768e-04,-8.0876495670e-04,2.7480319509e-01,1.4734646892e+00
51421,2025-02-19 04:50:00,nan,nan,nan,0.002 1 + -0.001 theta + 1.005 omega + 0.003 theta omega + -0.151 omega^2 + -0.001 theta^2 omega + 0.052 theta omega^2 + -0.219 omega^3,0.004 1 + -0.002 theta + 0.013 omega + 0.005 theta omega + -0.288 omega^2 + -0.002 theta^2 omega + 0.106 theta omega^2 + -0.495 omega^3,3.6797723435e-03,-2.1355390978e-03,1.2834390476e-02,-7.5679129962e-06,5.1636402356e-03,-2.8798217175e-01,4.1688116599e-05,-2.2090010457e-03,1.0592559776e-01,-4.9516766428e-01
51422,2025-02-19 04:55:00,0.130294,7.106225,5.025704,-0.002 1 + -0.001 theta + 1.002 omega + -0.003 theta omega + -0.029 omega^2 + -0.001 theta^2 omega + 0.051 theta omega^2 + -0.878 omega^3,-0.003 1 + -0.002 theta + 0.002 omega + -0.004 theta omega + -0.171 omega^2 + -0.001 theta^2 omega + 0.065 theta omega^2 + -1.824 omega^3,-3.3508363129e-03,-2.2087356294e-03,1.5699740361e-03,-4.6991223641e-05,-4.1080952571e-03,-1.7083422676e-01,0.0000000000e+00,-5.0768738418e-04,6.4669890156e-02,-1.8237934986e+00
51423,2025-02-19 05:00:00,0.014060,0.347594,0.245987,-0.001 1 + 1.008 omega + 0.033 omega^2 + -0.012 theta omega^2 + -0.381 omega^3,-0.003 1 + 0.015 omega + 0.074 omega^2 + -0.015 theta omega^2 + -0.707 omega^3,-2.6724156067e-03,-2.7946472518e-04,1.5330900782e-02,3.1740303969e-05,-4.3385260287e-04,7.4443321396e-02,0.0000000000e+00,4.4837471128e-05,-1.5047950082e-02,-7.0748851697e-01
51424,2025-02-19 05:05:00,nan,nan,nan,0.032 1 + 0.003 theta + 1.197 omega + 0.018 theta omega + -0.115 omega^2 + -0.007 theta omega^2 + 0.113 omega^3,0.066 1 + 0.006 theta + 0.407 omega + 0.037 theta omega + -0.216 omega^2 + 0.001 theta^2 omega + -0.014 theta omega^2 + 0.276 omega^3,6.6350546826e-02,5.6260359291e-03,4.0736257522e-01,7.8616436506e-05,3.7033334279e-02,-2.1642428189e-01,-1.4365400771e-06,7.9983845227e-04,-1.3561168043e-02,2.7598093241e-01
51425,2025-02-19 05:10:00,0.070955,4.513718,3.192075,0.968 omega + -0.003 theta omega + 0.204 omega^2 + 0.001 theta^2 omega + -0.030 theta omega^2 + 2.335 omega^3,0.001 1 + 0.001 theta + -0.061 omega + -0.007 theta omega + 0.420 omega^2 + 0.002 theta^2 omega + -0.059 theta omega^2 + 4.695 omega^3,9.4206621278e-04,7.9623536876e-04,-6.1219551118e-02,-1.1450689470e-05,-6.8151104564e-03,4.1977840882e-01,-3.4718001946e-05,2.2271086954e-03,-5.8604524082e-02,4.6954275484e+00
51426,2025-02-19 05:15:00,0.051699,1.445973,1.023110,0.003 1 + 0.001 theta + 1.010 omega + -0.001 theta omega + -0.057 omega^2 + -0.014 theta omega^2 + -0.348 omega^3,0.005 1 + 0.001 theta + 0.020 omega + -0.002 theta omega + -0.103 omega^2 + -0.027 theta omega^2 + -0.736 omega^3,5.3243006343e-03,1.1353906899e-03,2.0287172364e-02,-1.4804200779e-04,-1.6030973159e-03,-1.0275836215e-01,-1.6418100522e-05,-1.7904287367e-04,-2.6908111741e-02,-7.3649664062e-01
51427,2025-02-19 05:20:00,0.060934,2.354498,1.665439,0.001 1 + -0.001 theta + 1.020 omega + -0.004 theta omega + -0.210 omega^2 + 0.021 theta omega^2 + 1.118 omega^3,0.001 1 + -0.002 theta + 0.041 omega + 0.001 theta^2 + -0.009 theta omega + -0.408 omega^2 + 0.041 theta omega^2 + 2.281 omega^3,1.3011492909e-03,-1.7679301644e-03,4.0940626716e-02,5.1765918467e-04,-9.0341811083e-03,-4.0838357044e-01,-3.8696550883e-05,2.5134254408e-04,4.0619674992e-02,2.2809103792e+00
51428,2025-02-19 05:25:00,nan,nan,nan,-0.002 1 + -0.001 theta + 0.999 omega + 0.007 theta omega + 0.426 omega^2 + 0.002 theta^2 omega + 0.100 theta omega^2 + 3.361 omega^3,-0.003 1 + -0.002 theta + -0.007 omega + 0.009 theta omega + 0.815 omega^2 + 0.003 theta^2 omega + 0.188 theta omega^2 + 6.642 omega^3,-3.0997135820e-03,-1.6784164060e-03,-6.5809520461e-03,-2.8867989010e-04,8.9233781106e-03,8.1496898305e-01,-2.2377956471e-05,3.0302975540e-03,1.8826476080e-01,6.6424756198e+00
51429,2025-02-19 05:30:00,0.162076,3.485740,2.467453,-0.024 1 + -0.003 theta + 0.707 omega + -0.044 theta omega + -0.688 omega^2 + -0.001 theta^2 omega + -0.077 theta omega^2 + -0.216 omega^3,-0.048 1 + -0.006 theta + -0.582 omega + -0.087 theta omega + -1.289 omega^2 + -0.003 theta^2 omega + -0.146 theta omega^2 + -0.381 omega^3,-4.7737422860e-02,-6.0506696316e-03,-5.8202914517e-01,-5.9310917420e-05,-8.7401823803e-02,-1.2885058964e+00,7.6121688657e-06,-2.7882757766e-03,-1.4550139469e-01,-3.8117096578e-01
51430,2025-02-19 05:35:00,nan,nan,nan,0.972 omega + -0.002 theta omega + 0.029 omega^2 + 0.003 theta^2 omega + -0.038 theta omega^2 + 1.628 omega^3,0.001 theta + -0.055 omega + -0.004 theta omega + 0.047 omega^2 + 0.007 theta^2 omega + -0.068 theta omega^2 + 3.288 omega^3,1.5033489859e-05,6.1682694691e-04,-5.4967739681e-02,1.8686680027e-04,-3.7364630324e-03,4.6691765190e-02,-1.2050894526e-04,7.1923950548e-03,-6.8458313759e-02,3.2875647366e+00
51431,2025-02-19 05:40:00,0.079856,7.907386,5.591652,-0.008 1 + -0.001 theta + 1.095 omega + -0.003 theta omega + 0.184 omega^2 + 0.008 theta omega^2 + -1.825 omega^3,-0.015 1 + -0.001 theta + 0.184 omega + -0.006 theta omega + 0.432 omega^2 + 0.015 theta omega^2 + -3.784 omega^3,-1.5457650076e-02,-1.3876722717e-03,1.8404500260e-01,1.2572123456e-04,-5.5223517775e-03,4.3167050687e-01,-1.6599365966e-06,-1.3623582179e-04,1.5473942534e-02,-3.7841671144e+00
51432,2025-02-19 05:45:00,0.012469,1.281000,0.905846,0.007 1 + 0.866 omega + 0.002 theta omega + 0.741 omega^2 + -0.012 theta omega^2 + -0.950 omega^3,0.016 1 + 0.001 theta + -0.358 omega + -0.003 theta omega + 2.343 omega^2 + -0.011 theta omega^2 + -3.776 omega^3,1.5944716309e-02,5.4093544120e-04,-3.5754412109e-01,-1.0237477956e-05,-2.5999644561e-03,2.3432886778e+00,0.0000000000e+00,7.3269472458e-05,-1.1332568963e-02,-3.7761228621e+00
51433,2025-02-19 05:50:00,nan,nan,nan,-0.001 1 + 0.993 omega + -0.005 theta omega + -0.015 omega^2 + 0.004 theta omega^2 + 0.721 omega^3,-0.002 1 + -0.001 theta + -0.012 omega + -0.009 theta omega + -0.052 omega^2 + 0.005 theta omega^2 + 1.516 omega^3,-1.5373024362e-03,-7.8726057874e-04,-1.2055600466e-02,2.0902057348e-04,-9.4208404101e-03,-5.1974171862e-02,-9.4734619699e-06,4.9310532973e-04,5.0761520896e-03,1.5156875553e+00
51434,2025-02-19 05:55:00,0.047187,3.678579,2.601362,-0.001 1 + 1.008 omega + -0.003 theta omega + 0.050 omega^2 + -0.001 theta^2 omega + -0.022 theta omega^2 + -0.567 omega^3,-0.004 1 + 0.036 omega + -0.005 theta omega + 0.181 omega^2 + -0.001 theta^2 omega + -0.031 theta omega^2 + -2.245 omega^3,-3.5216283039e-03,3.5019982242e-04,3.5729214267e-02,1.5005197607e-04,-4.7565617236e-03,1.8136601562e-01,0.0000000000e+00,-1.4103608874e-03,-3.0885844586e-02,-2.2454580604e+00
51435,2025-02-19 06:00:00,0.033997,3.674828,2.598607,0.001 1 + 0.992 omega + 0.123 omega^2 + 0.031 theta omega^2 + -1.293 omega^3,0.002 1 + -0.001 theta + -0.020 omega + 0.004 theta omega + 0.077 omega^2 + 0.004 theta omega^2 + 0.079 omega^3,2.3149967276e-03,-7.3719498184e-04,-1.9532815563e-02,6.0754420344e-05,3.7429743634e-03,7.7434856590e-02,0.0000000000e+00,-3.5688522023e-04,3.7924857407e-03,7.8654763268e-02
51436,2025-02-19 06:05:00,nan,nan,nan,0.010 1 + 0.966 omega + 0.010 theta omega + -1.041 omega^2 + -0.001 theta^2 omega + 0.082 theta omega^2 + 1.255 omega^3,0.020 1 + -0.059 omega + 0.018 theta omega + -2.098 omega^2 + -0.001 theta^2 omega + 0.165 theta omega^2 + 2.476 omega^3,1.9844733086e-02,-7.9387021519e-06,-5.9257761055e-02,-3.5321830598e-04,1.7802956115e-02,-2.0984115714e+00,1.7181091531e-05,-1.1808351170e-03,1.6534488654e-01,2.4763763222e+00
51437,2025-02-19 06:10:00,0.020443,1.905467,1.347446,0.002 1 + -0.001 theta + 1.022 omega + 0.001 theta omega + -0.140 omega^2 + 0.020 theta omega^2 + -0.809 omega^3,0.004 1 + -0.001 theta + 0.046 omega + 0.001 theta omega + -0.272 omega^2 + 0.039 theta omega^2 + -1.613 omega^3,3.5524586580e-03,-1.2167724256e-03,4.5669796422e-02,3.1008625711e-05,1.4815303115e-03,-2.7174643443e-01,1.1465661984e-06,-2.4610040266e-04,3.8994433320e-02,-1.6132209654e+00
51438,2025-02-19 06:15:00,nan,nan,nan,0.221 1 + -0.001 theta + 3.683 omega + -0.006 theta omega + 10.705 omega^2 + -0.005 theta omega^2 + 14.016 omega^3,0.472 1 + -0.002 theta + 5.673 omega + -0.010 theta omega + 22.465 omega^2 + -0.009 theta omega^2 + 29.243 omega^3,4.7249485643e-01,-1.9824335629e-03,5.6733452113e+00,-2.1763513718e-05,-1.0278096189e-02,2.2464884448e+01,0.0000000000e+00,-8.6984079369e-05,-8.7316570413e-03,2.9243437084e+01
51439,2025-02-19 06:20:00,0.017411,0.390561,0.276442,-0.049 1 + -0.005 theta + 0.579 omega + -0.030 theta omega + -1.041 omega^2 + -0.001 theta^2 omega + -0.044 theta omega^2 + -0.540 omega^3,-0.098 1 + -0.010 theta + -0.841 omega + -0.060 theta omega + -2.037 omega^2 + -0.001 theta^2 omega + -0.085 theta omega^2 + -0.960 omega^3,-9.8056112937e-02,-1.0265134986e-02,-8.4063007207e-01,-3.6996904106e-04,-6.0276928190e-02,-2.0374434230e+00,-4.7175725497e-06,-1.0520591321e-03,-8.5401940507e-02,-9.5976732223e-01
51440,2025-02-19 06:25:00,0.054230,1.953266,1.381700,1.009 omega + -0.007 theta omega + 0.098 omega^2 + -0.007 theta^2 omega + -0.007 theta omega^2 + 0.663 omega^3,0.021 omega + -0.014 theta omega + 0.219 omega^2 + -0.014 theta^2 omega + -0.016 theta omega^2 + 0.977 omega^3,-8.0226118426e-05,-3.7903507153e-05,2.0517880986e-02,-4.3684471015e-04,-1.4406708874e-02,2.1949321947e-01,-2.2174965167e-04,-1.3838847761e-02,-1.5929155034e-02,9.7727664479e-01
51441,2025-02-19 06:30:00,0.047184,2.002396,1.416301,0.001 theta + 1.053 omega + 0.007 theta omega + 0.402 omega^2 + 0.014 theta omega^2 + 0.516 omega^3,0.002 theta + 0.107 omega + 0.014 theta omega + 0.790 omega^2 + 0.028 theta omega^2 + 1.017 omega^3,1.1617807368e-04,1.5572291476e-03,1.0725043263e-01,3.5662683592e-05,1.3561744482e-02,7.8992968798e-01,-1.0796578555e-06,3.2401726774e-04,2.7801720302e-02,1.0174491366e+00
51442,2025-02-19 06:35:00,nan,nan,nan,0.975 omega + -0.008 theta omega + -0.007 omega^2 + 0.002 theta^2 omega + -0.237 theta omega^2 + 6.611 omega^3,0.001 theta + -0.046 omega + -0.017 theta omega + 0.036 omega^2 + 0.004 theta^2 omega + -0.478 theta omega^2 + 13.456 omega^3,3.2600142944e-04,5.1559958124e-04,-4.6000418046e-02,1.3301754205e-04,-1.6859338896e-02,3.6365102549e-02,-1.1655690476e-05,4.4050107033e-03,-4.7836369214e-01,1.3455718698e+01
51443,2025-02-19 06:40:00,0.014869,1.270284,0.898288,-0.080 1 + 0.064 omega + 0.001 theta omega + -3.625 omega^2 + -4.587 omega^3,-0.184 1 + -2.182 omega + 0.002 theta omega + -8.539 omega^2 + -10.926 omega^3,-1.8414811954e-01,4.5731847763e-04,-2.1821623397e+00,1.0462338293e-05,2.2697241470e-03,-8.5385970346e+00,0.0000000000e+00,4.8392619887e-05,-5.3100983252e-05,-1.0925733223e+01
51444,2025-02-19 06:45:00,0.016722,1.027911,0.726939,0.024 1 + 0.001 theta + 1.268 omega + 0.009 theta omega + 1.001 omega^2 + 0.015 theta omega^2 + 1.282 omega^3,0.071 1 + 0.003 theta + 0.774 omega + 0.021 theta omega + 2.609 omega^2 + 0.035 theta omega^2 + 2.882 omega^3,7.1375924481e-02,2.6112699696e-03,7.7391908729e-01,2.4849693441e-05,2.0655564729e-02,2.6094091456e+00,0.0000000000e+00,1.3041026868e-04,3.4730716511e-02,2.8818646548e+00
51445,2025-02-19 06:50:00,0.032350,0.795846,0.563213,0.023 1 + 0.002 theta + 1.243 omega + 0.016 theta omega + 0.750 omega^2 + 0.027 theta omega^2 + 0.607 omega^3,0.008 1 + 0.001 theta + 0.019 omega + 0.010 theta omega + -0.354 omega^2 + 0.009 theta omega^2 + -1.099 omega^3,8.1677613421e-03,1.3134649132e-03,1.8524382545e-02,3.2351289789e-05,9.8591337967e-03,-3.5448321260e-01,0.0000000000e+00,2.1840903758e-04,8.8427577043e-03,-1.0990806740e+00
51446,2025-02-19 06:55:00,0.041474,0.792771,0.561341,-0.001 1 + -0.001 theta + 1.005 omega + 0.002 theta omega + 0.054 omega^2 + 0.002 theta omega^2 + 0.603 omega^3,-0.003 1 + -0.002 theta + 0.011 omega + 0.005 theta omega + 0.085 omega^2 + 0.002 theta omega^2 + 1.451 omega^3,-2.7689905688e-03,-1.6361099688e-03,1.0724216813e-02,-2.8261005819e-04,5.4812859485e-03,8.4650304954e-02,-1.3483182662e-05,2.8615901416e-04,1.8722516290e-03,1.4509887848e+00
51447,2025-02-19 07:00:00,0.012921,0.559327,0.395610,-0.026 1 + 0.002 theta + 1.201 omega + -0.013 theta omega + -0.231 omega^2 + 0.023 theta omega^2 + -0.460 omega^3,-0.047 1 + 0.003 theta + 0.325 omega + -0.026 theta omega + -0.124 omega^2 + 0.046 theta omega^2 + -1.397 omega^3,-4.6804766562e-02,3.3345958847e-03,3.2458279029e-01,-1.7584273320e-05,-2.6191123703e-02,-1.2433662488e-01,0.0000000000e+00,8.8665832947e-05,4.6403686134e-02,-1.3967796156e+00
51448,2025-02-19 07:05:00,0.021586,1.821148,1.287836,0.150 1 + -0.007 theta + -0.609 omega + 0.050 theta omega + 5.240 omega^2 + -0.094 theta omega^2 + -4.708 omega^3,0.146 1 + -0.005 theta + -1.673 omega + 0.045 theta omega + 5.598 omega^2 + -0.095 theta omega^2 + -4.785 omega^3,1.4631313514e-01,-4.9064744546e-03,-1.6731568208e+00,3.6320186143e-05,4.5193987469e-02,5.5983511486e+00,0.0000000000e+00,-2.2291715301e-04,-9.5347035233e-02,-4.7850999136e+00
51449,2025-02-19 07:10:00,0.032499,1.212160,0.857434,0.002 1 + -0.001 theta + 1.030 omega + 0.002 theta omega + -0.183 omega^2 + 0.007 theta omega^2 + -0.134 omega^3,0.005 1 + 0.056 omega + -0.007 theta omega + -0.502 omega^2 + 0.039 theta omega^2 + 0.484 omega^3,4.9562614797e-03,-4.3561720116e-04,5.6370215915e-02,1.9038330353e-05,-6.7875977880e-03,-5.0221764902e-01,0.0000000000e+00,-1.4246036925e-05,3.9012565240e-02,4.8421699268e-01
51450,2025-02-19 07:15:00,nan,nan,nan,-0.001 1 + -0.001 theta + 0.995 omega + -0.003 theta omega + 0.125 omega^2 + -0.001 theta^2 omega + 0.109 theta omega^2 + 0.285 omega^3,-0.002 1 + -0.002 theta + -0.008 omega + -0.006 theta omega + 0.243 omega^2 + -0.002 theta^2 omega + 0.210 theta omega^2 + 0.502 omega^3,-2.2905554573e-03,-1.8230415451e-03,-8.1469604712e-03,2.7269353485e-04,-6.3916413034e-03,2.4301779033e-01,3.4256010394e-05,-1.5646289383e-03,2.1047753663e-01,5.0243128897e-01
51451,2025-02-19 07:20:00,0.096634,5.095903,3.603995,-0.001 theta + 1.022 omega + -0.002 theta omega + 0.125 omega^2 + -0.003 theta^2 omega + 0.149 theta omega^2 + -3.239 omega^3,-0.002 theta + 0.047 omega + -0.005 theta omega + 0.268 omega^2 + -0.005 theta^2 omega + 0.303 theta omega^2 + -6.825 omega^3,-4.4454202734e-04,-1.7475989280e-03,4.6843661264e-02,1.7578053520e-04,-4.6880450893e-03,2.6775838549e-01,2.8348960716e-05,-5.2679543358e-03,3.0275475679e-01,-6.8249164715e+00
51452,2025-02-19 07:25:00,nan,nan,nan,0.028 1 + -0.005 theta + 0.619 omega + 0.063 theta omega + 0.763 omega^2 + -0.002 theta^2 omega + -0.098 theta omega^2 + 1.180 omega^3,0.057 1 + -0.010 theta + -0.760 omega + 0.127 theta omega + 1.447 omega^2 + -0.004 theta^2 omega + -0.188 theta omega^2 + 2.289 omega^3,5.6728690670e-02,-1.0464689270e-02,-7.6037189171e-01,4.8230430731e-04,1.2652476220e-01,1.4470400014e+00,-4.7458414820e-06,-4.2379770744e-03,-1.8805119459e-01,2.2894618179e+00
51453,2025-02-19 07:30:00,0.062770,8.315504,5.880116,0.001 theta + 0.832 omega + -0.003 theta omega + 2.228 omega^2 + -0.040 theta omega^2 + -4.556 omega^3,-0.001 1 + 0.002 theta + -0.329 omega + -0.006 theta omega + 4.403 omega^2 + -0.079 theta omega^2 + -8.947 omega^3,-1.2860820676e-03,2.2259885597e-03,-3.2888822403e-01,-1.2010120743e-04,-5.5009389394e-03,4.4030853060e+00,1.4228725154e-06,3.7008973706e-04,-7.8528119706e-02,-8.9469083232e+00
51454,2025-02-19 07:35:00,0.024726,1.900934,1.344277,0.033 1 + -0.005 theta + 0.570 omega + 0.038 theta omega + 1.488 omega^2 + -0.001 theta^2 omega + -0.072 theta omega^2 + -0.416 omega^3,0.062 1 + -0.009 theta + -0.806 omega + 0.074 theta omega + 2.704 omega^2 + -0.002 theta^2 omega + -0.135 theta omega^2 + -0.397 omega^3,6.2204313658e-02,-8.9110111853e-03,-8.0594300375e-01,4.3385736211e-04,7.3899745401e-02,2.7040191511e+00,-7.1458971146e-06,-1.6702296671e-03,-1.3494388157e-01,-3.9677789843e-01
51455,2025-02-19 07:40:00,0.086885,3.721112,2.631941,0.003 1 + 1.040 omega + 0.006 theta omega + -0.084 omega^2 + 0.004 theta omega^2 + -0.566 omega^3,0.007 1 + 0.001 theta + 0.100 omega + 0.014 theta omega + -0.088 omega^2 + 0.012 theta omega^2 + -1.045 omega^3,7.4821143649e-03,5.0122213069e-04,9.9958564240e-02,-3.1146675721e-05,1.3777351514e-02,-8.8406933650e-02,-1.9978896283e-06,3.9725565366e-04,1.1738053820e-02,-1.0447349232e+00
51456,2025-02-19 07:45:00,0.136643,12.889823,9.114994,0.006 1 + -0.002 theta + 0.954 omega + 0.020 theta omega + 0.112 omega^2 + -0.001 theta^2 omega + -0.021 theta omega^2 + -0.589 omega^3,0.011 1 + -0.005 theta + -0.090 omega + 0.040 theta omega + 0.209 omega^2 + -0.001 theta^2 omega + -0.041 theta omega^2 + -1.138 omega^3,1.1055266375e-02,-4.6959753174e-03,-8.9728437226e-02,1.4247568895e-04,3.9597382663e-02,2.0891336648e-01,-1.4400778514e-07,-1.0207880360e-03,-4.1080525598e-02,-1.1382864952e+00
51457,2025-02-19 07:50:00,0.067627,2.378234,1.682345,-0.001 1 + 1.004 omega + 0.003 theta omega + 0.231 omega^2 + 0.072 theta omega^2 + -0.162 omega^3,-0.002 1 + -0.001 theta + 0.009 omega + 0.005 theta omega + 0.466 omega^2 + 0.001 theta^2 omega + 0.144 theta omega^2 + -0.371 omega^3,-2.2482100851e-03,-5.5822084998e-04,8.5506105282e-03,3.4934086030e-05,5.2964222814e-03,4.6584398736e-01,-5.6302243175e-05,6.0139134269e-04,1.4446672977e-01,-3.7069449458e-01
51458,2025-02-19 07:55:00,0.102009,6.533019,4.620105,1.008 omega + -0.003 theta omega + 0.220 omega^2 + 0.011 theta omega^2 + -1.253 omega^3,-0.001 1 + -0.001 theta + 0.016 omega + -0.006 theta omega + 0.484 omega^2 + 0.023 theta omega^2 + -2.690 omega^3,-7.0141682026e-04,-7.4727544671e-04,1.6026987141e-02,1.1664959355e-04,-5.5936937072e-03,4.8438207652e-01,-3.4397366354e-06,-1.2542185052e-05,2.2752878046e-02,-2.6897893148e+00
51459,2025-02-19 08:00:00,0.026304,3.227705,2.282408,-0.012 1 + 0.001 theta + 1.295 omega + -0.003 theta omega + -2.808 omega^2 + 0.020 theta omega^2 + 8.157 omega^3,-0.008 1 + 0.304 omega + 0.008 theta omega + -3.876 omega^2 + 12.667 omega^3,-7.5865825884e-03,-4.7058908137e-04,3.0436732920e-01,1.2540359240e-05,8.3903446689e-03,-3.8757982934e+00,0.0000000000e+00,-2.2383518466e-04,1.2216756320e-04,1.2666718475e+01
51460,2025-02-19 08:05:00,0.133748,12.146640,8.589492,0.012 1 + -0.002 theta + 0.891 omega + 0.012 theta omega + 0.131 omega^2 + -0.011 theta omega^2 + 0.536 omega^3,0.023 1 + -0.003 theta + -0.212 omega + 0.024 theta omega + 0.244 omega^2 + -0.001 theta^2 omega + -0.020 theta omega^2 + 1.013 omega^3,2.2879801704e-02,-3.3290467161e-03,-2.1171789380e-01,1.0587596667e-04,2.4122592274e-02,2.4354469365e-01,0.0000000000e+00,-6.2259697436e-04,-2.0338816885e-02,1.0132044198e+00
51461,2025-02-19 08:10:00,0.047192,3.428026,2.424210,0.002 1 + 0.002 theta + 0.607 omega + 0.003 theta omega + 2.851 omega^2 + -0.041 theta omega^2 + -5.076 omega^3,0.081 1 + -0.004 theta + -1.057 omega + 0.034 theta omega + 4.191 omega^2 + -0.078 theta omega^2 + -4.858 omega^3,8.1199310761e-02,-3.7014730369e-03,-1.0566818210e+00,4.0998271221e-05,3.4170975804e-02,4.1914131508e+00,0.0000000000e+00,-1.9723483036e-04,-7.8394675683e-02,-4.8584249411e+00
51462,2025-02-19 08:15:00,0.140678,16.905412,11.954345,-0.004 1 + 0.001 theta + 0.917 omega + 0.008 theta omega + 0.522 omega^2 + 0.001 theta^2 omega + -0.101 theta omega^2 + 1.094 omega^3,-0.005 1 + 0.002 theta + -0.148 omega + 0.012 theta omega + 1.217 omega^2 + 0.001 theta^2 omega + -0.177 theta omega^2 + -0.130 omega^3,-4.8478363011e-03,2.0161743208e-03,-1.4795309061e-01,-1.9154640104e-04,1.1647152956e-02,1.2173001984e+00,0.0000000000e+00,1.3529832130e-03,-1.7729827379e-01,-1.2983760400e-01
51463,2025-02-19 08:20:00,nan,nan,nan,-0.026 1 + 0.001 theta + 1.401 omega + -0.011 theta omega + -1.610 omega^2 + 0.050 theta omega^2 + 0.613 omega^3,-0.058 1 + 0.001 theta + 0.915 omega + -0.024 theta omega + -3.966 omega^2 + 0.101 theta omega^2 + 2.938 omega^3,-5.7870099641e-02,1.3001261844e-03,9.1479202078e-01,1.8705163218e-05,-2.3558258738e-02,-3.9664134485e+00,0.0000000000e+00,-1.3715253012e-04,1.0142254079e-01,2.9375112509e+00
51464,2025-02-19 08:25:00,0.031303,3.016265,2.132936,-0.016 1 + 0.001 theta + 1.298 omega + -0.016 theta omega + -1.427 omega^2 + 0.061 theta omega^2 + 1.161 omega^3,-0.021 1 + 0.001 theta + 0.354 omega + -0.024 theta omega + -1.230 omega^2 + 0.109 theta omega^2 + -2.017 omega^3,-2.0598458712e-02,1.3631209747e-03,3.5404770019e-01,-2.2259826448e-06,-2.4499750023e-02,-1.2302701257e+00,0.0000000000e+00,6.9703349578e-06,1.0851181493e-01,-2.0169361107e+00
51465,2025-02-19 08:30:00,0.025289,0.631471,0.446876,0.042 1 + -0.005 theta + 0.283 omega + 0.056 theta omega + 3.405 omega^2 + -0.001 theta^2 omega + -0.148 theta omega^2 + -3.955 omega^3,0.008 1 + -0.198 omega + 0.016 theta omega + 0.664 omega^2 + -0.051 theta omega^2 + 1.008 omega^3,8.2281544154e-03,-3.9242880141e-04,-1.9834230825e-01,0.0000000000e+00,1.6343822228e-02,6.6444590912e-01,0.0000000000e+00,-3.1889039304e-04,-5.1185059773e-02,1.0079266945e+00
51466,2025-02-19 08:35:00,0.078158,4.618053,3.265924,-0.001 1 + 1.023 omega + -0.006 theta omega + 0.305 omega^2 + -2.081 omega^3,-0.002 1 + 0.048 omega + -0.012 theta omega + 0.564 omega^2 + 0.001 theta^2 omega + -0.002 theta omega^2 + -3.804 omega^3,-2.3123316967e-03,1.4701727153e-04,4.7872446777e-02,3.3724222065e-05,-1.2381732253e-02,5.6360353305e-01,-2.1749083389e-06,5.2521619692e-04,-1.7041688636e-03,-3.8038062822e+00
51467,2025-02-19 08:40:00,0.416283,48.143375,34.043779,0.017 1 + 0.001 theta + 0.491 omega + -0.001 theta omega + 3.642 omega^2 + 0.001 theta^2 omega + -0.151 theta omega^2 + -0.708 omega^3,0.035 1 + 0.002 theta + -1.024 omega + -0.001 theta omega + 7.373 omega^2 + 0.002 theta^2 omega + -0.305 theta omega^2 + -1.538 omega^3,3.4881772064e-02,2.0408860628e-03,-1.0237636006e+00,-1.0916845086e-04,-1.3197246875e-03,7.3726715974e+00,-1.8449757755e-06,1.9331452541e-03,-3.0475887220e-01,-1.5380722721e+00
51468,2025-02-19 08:45:00,nan,nan,nan,0.003 1 + 0.919 omega + 0.003 theta omega + 0.537 omega^2 + -0.019 theta omega^2 + -0.600 omega^3,-0.014 1 + 0.001 theta + 0.323 omega + -0.005 theta omega + -2.947 omega^2 + 0.012 theta omega^2 + 9.106 omega^3,-1.3653116447e-02,1.1312046790e-03,3.2257778417e-01,-6.4465900923e-05,-5.2554189611e-03,-2.9466302691e+00,1.1708808074e-06,8.1557399500e-05,1.1629923161e-02,9.1061428166e+00
51469,2025-02-19 08:50:00,nan,nan,nan,-0.028 1 + 0.002 theta + 1.435 omega + -0.017 theta omega + -2.109 omega^2 + 0.045 theta omega^2 + 3.172 omega^3,-0.062 1 + 0.003 theta + 0.950 omega + -0.036 theta omega + -4.630 omega^2 + 0.097 theta omega^2 + 7.032 omega^3,-6.1869752910e-02,3.2701488635e-03,9.5039405934e-01,-4.3172250099e-05,-3.6087341365e-02,-4.6298349914e+00,0.0000000000e+00,2.7252459594e-04,9.6546741170e-02,7.0316142330e+00
51470,2025-02-19 08:55:00,0.016259,0.667984,0.472476,0.225 1 + -0.023 theta + -1.693 omega + 0.001 theta^2 + 0.178 theta omega + 10.827 omega^2 + -0.003 theta^2 omega + -0.353 theta omega^2 + -14.718 omega^3,0.009 1 + -0.001 theta + -0.397 omega + 0.020 theta omega + 3.121 omega^2 + -0.083 theta omega^2 + -6.844 omega^3,9.0876859475e-03,-6.4417212306e-04,-3.9701695770e-01,1.2355303860e-05,1.9991580073e-02,3.1208329799e+00,0.0000000000e+00,-2.4882728781e-04,-8.3162600959e-02,-6.8438847785e+00
51471,2025-02-19 09:00:00,nan,nan,nan,-0.004 1 + 1.163 omega + -0.016 theta omega + -2.019 omega^2 + 0.048 theta omega^2 + 9.541 omega^3,-0.008 1 + 0.338 omega + -0.034 theta omega + -4.131 omega^2 + 0.001 theta^2 omega + 0.100 theta omega^2 + 19.447 omega^3,-7.5651902297e-03,4.5209462492e-04,3.3790080218e-01,1.6324870015e-04,-3.3640227904e-02,-4.1308216511e+00,-9.1927183991e-06,8.1134102304e-04,9.9881229718e-02,1.9447423074e+01
51472,2025-02-19 09:05:00,0.010085,0.169067,0.119761,-0.003 1 + 0.002 theta + 1.054 omega + -0.015 theta omega + -0.193 omega^2 + 0.001 theta^2 omega + 0.024 theta omega^2 + -0.153 omega^3,-0.008 1 + 0.004 theta + 0.146 omega + -0.001 theta^2 + -0.038 theta omega + -0.595 omega^2 + 0.002 theta^2 omega + 0.067 theta omega^2 + 0.376 omega^3,-8.1358449307e-03,3.9127889323e-03,1.4600226195e-01,-5.1079717974e-04,-3.7940232143e-02,-5.9467215151e-01,1.8727990249e-05,2.2392043867e-03,6.6522434104e-02,3.7572060709e-01
51473,2025-02-19 09:10:00,0.060348,3.270336,2.312870,0.001 1 + -0.003 theta + 1.010 omega + 0.009 theta omega + 0.289 omega^2 + -0.001 theta^2 omega + -0.021 theta omega^2 + -1.011 omega^3,0.002 1 + -0.006 theta + 0.023 omega + 0.001 theta^2 + 0.018 theta omega + 0.574 omega^2 + -0.002 theta^2 omega + -0.035 theta omega^2 + -2.176 omega^3,1.9913528392e-03,-6.1871944430e-03,2.2976002848e-02,8.9181953872e-04,1.7655510746e-02,5.7413065219e-01,-3.0757439557e-05,-1.6403224815e-03,-3.5200765997e-02,-2.1764874156e+00
51474,2025-02-19 09:15:00,0.070412,3.071808,2.172667,-0.004 1 + 0.001 theta + 1.034 omega + -0.011 theta omega + 0.272 omega^2 + 0.001 theta^2 omega + -0.045 theta omega^2 + -0.444 omega^3,-0.008 1 + 0.002 theta + 0.067 omega + -0.022 theta omega + 0.547 omega^2 + 0.002 theta^2 omega + -0.089 theta omega^2 + -0.722 omega^3,-8.2132280299e-03,2.1715398457e-03,6.7101795267e-02,-7.0029086687e-05,-2.1874500556e-02,5.4720077338e-01,-6.3664291203e-06,1.5892112391e-03,-8.9396086823e-02,-7.2246473210e-01
51475,2025-02-19 09:20:00,0.124215,2.777524,1.965969,0.001 1 + -0.001 theta + 1.000 omega + 0.001 theta omega + -0.083 omega^2 + -0.002 theta omega^2 + -0.028 omega^3,0.002 1 + -0.001 theta + 0.001 omega + 0.002 theta omega + -0.161 omega^2 + -0.003 theta omega^2 + -0.108 omega^3,1.7291654246e-03,-1.2246516205e-03,9.8741561415e-04,2.0206313394e-04,2.3223929846e-03,-1.6108628922e-01,-1.1120296219e-05,1.8465330344e-04,-2.8829317727e-03,-1.0840500419e-01
51476,2025-02-19 09:25:00,0.041421,2.881898,2.038020,-0.001 1 + 0.981 omega + 0.012 theta omega + 0.098 omega^2 + -0.002 theta^2 omega + -0.068 theta omega^2 + 1.834 omega^3,-0.003 1 + -0.001 theta + -0.037 omega + 0.001 theta^2 + 0.022 theta omega + 0.190 omega^2 + -0.003 theta^2 omega + -0.131 theta omega^2 + 3.720 omega^3,-2.5780574762e-03,-5.5052496224e-04,-3.6690591397e-02,9.9777880335e-04,2.2190483306e-02,1.9016075491e-01,-1.4617267829e-04,-3.2569514654e-03,-1.3138499655e-01,3.7196865111e+00
51477,2025-02-19 09:30:00,0.021266,0.742285,0.525090,0.989 omega + 0.005 theta omega + -0.279 omega^2 + -0.090 theta omega^2 + 6.252 omega^3,-0.027 omega + -0.001 theta omega + 0.423 omega^2 + -0.021 theta omega^2 + 0.088 omega^3,-2.1310705868e-04,1.5147108393e-04,-2.7205530959e-02,0.0000000000e+00,-8.7610963714e-04,4.2345149713e-01,0.0000000000e+00,3.6173136610e-05,-2.0813648987e-02,8.7815226705e-02
51478,2025-02-19 09:35:00,0.358423,8.788915,6.219867,-0.003 1 + 0.001 theta + 1.061 omega + -0.013 theta omega + -0.056 omega^2 + 0.024 theta omega^2 + -1.127 omega^3,-0.006 1 + 0.001 theta + 0.116 omega + -0.025 theta omega + -0.015 omega^2 + 0.001 theta^2 omega + 0.045 theta omega^2 + -2.602 omega^3,-6.0767669606e-03,9.7271799028e-04,1.1555508485e-01,-4.7814832603e-06,-2.4505216269e-02,-1.4612923981e-02,-1.9509368631e-06,9.2702066616e-04,4.4740191208e-02,-2.6020057360e+00
51479,2025-02-19 09:40:00,0.085293,4.664536,3.298876,1.004 omega + -0.008 theta omega + 0.242 omega^2 + 0.001 theta^2 omega + -0.048 theta omega^2 + -0.046 omega^3,-0.001 theta + 0.009 omega + -0.018 theta omega + 0.491 omega^2 + 0.003 theta^2 omega + -0.106 theta omega^2 + 0.283 omega^3,-2.0475919092e-04,-8.7734244615e-04,9.4946902575e-03,3.5313926536e-04,-1.7565630154e-02,4.9070033528e-01,-3.4999828070e-05,3.0559760071e-03,-1.0598989260e-01,2.8319314951e-01
51480,2025-02-19 09:45:00,0.055757,2.344836,1.658518,0.001 1 + -0.001 theta + 1.049 omega + -0.011 theta omega + -0.152 omega^2 + 0.045 theta omega^2 + -1.927 omega^3,0.001 1 + -0.002 theta + 0.101 omega + -0.022 theta omega + -0.360 omega^2 + 0.001 theta^2 omega + 0.090 theta omega^2 + -3.324 omega^3,1.2701807861e-03,-2.1044082115e-03,1.0066478301e-01,4.5886380101e-04,-2.2133520075e-02,-3.5991838602e-01,-2.5769082251e-05,9.6775221317e-04,9.0303747936e-02,-3.3235249078e+00
51481,2025-02-19 09:50:00,0.020341,0.818847,0.579191,1.041 omega + 0.004 theta omega + -0.689 omega^2 + -0.011 theta omega^2 + 3.518 omega^3,-0.001 theta + 0.097 omega + 0.009 theta omega + -1.598 omega^2 + -0.029 theta omega^2 + 8.249 omega^3,-3.6936274445e-04,-1.0414592377e-03,9.7003068883e-02,8.8756415542e-05,8.6082014161e-03,-1.5979353004e+00,-2.0677982476e-06,-3.1410686383e-04,-2.8563223944e-02,8.2491894578e+00
51482,2025-02-19 09:55:00,0.077729,2.461931,1.741715,0.001 1 + -0.001 theta + 0.991 omega + 0.022 theta omega + 0.354 omega^2 + -0.004 theta^2 omega + 0.007 theta omega^2 + -0.800 omega^3,0.001 1 + -0.002 theta + -0.017 omega + -0.001 theta^2 + 0.044 theta omega + 0.687 omega^2 + -0.009 theta^2 omega + 0.024 theta omega^2 + -1.454 omega^3,1.3411048656e-03,-2.4598173415e-03,-1.7461768018e-02,-5.7812052502e-04,4.4085312330e-02,6.8676574758e-01,1.6419749483e-04,-8.8978547473e-03,2.3874897980e-02,-1.4536942579e+00
51483,2025-02-19 10:00:00,0.050823,2.150324,1.520933,0.002 1 + 1.012 omega + -0.001 theta omega + -0.371 omega^2 + 0.016 theta omega^2 + 1.183 omega^3,0.004 1 + -0.001 theta + 0.025 omega + -0.002 theta omega + -0.663 omega^2 + 0.022 theta omega^2 + 2.512 omega^3,4.3871286903e-03,-6.0913594451e-04,2.4949305953e-02,2.2765816318e-05,-1.6920780382e-03,-6.6328148735e-01,0.0000000000e+00,-2.5331221409e-05,2.2180999599e-02,2.5124705052e+00
51484,2025-02-19 10:05:00,0.053219,8.366476,5.916111,0.001 theta + 0.865 omega + 0.013 theta omega + 1.442 omega^2 + -0.094 theta omega^2 + -2.355 omega^3,-0.001 1 + 0.002 theta + -0.264 omega + 0.026 theta omega + 2.891 omega^2 + -0.195 theta omega^2 + -4.535 omega^3,-7.9803410728e-04,1.5552529795e-03,-2.6425103785e-01,-2.3900126388e-04,2.6133556994e-02,2.8905197372e+00,8.7798982301e-06,-3.6958383419e-04,-1.9532579438e-01,-4.5346352735e+00
51485,2025-02-19 10:10:00,0.019822,1.567367,1.108384,0.001 1 + 0.963 omega + 0.005 theta omega + 0.142 omega^2 + -0.116 theta omega^2 + 5.730 omega^3,0.001 1 + -0.001 theta + -0.063 omega + 0.009 theta omega + 0.245 omega^2 + 0.001 theta^2 omega + -0.236 theta omega^2 + 11.612 omega^3,1.1340222584e-03,-6.6563329004e-04,-6.3404178409e-02,1.3891558037e-04,8.6403809058e-03,2.4509216012e-01,-9.5697470988e-06,9.6560062776e-04,-2.3568550939e-01,1.1612342706e+01
51486,2025-02-19 10:15:00,nan,nan,nan,-0.001 theta + 1.080 omega + 0.004 theta omega + -1.753 omega^2 + 0.023 theta omega^2 + 10.033 omega^3,-0.003 1 + -0.002 theta + 0.204 omega + 0.003 theta omega + -3.748 omega^2 + -0.001 theta^2 omega + 0.056 theta omega^2 + 20.560 omega^3,-2.7835236546e-03,-1.6927696923e-03,2.0394908697e-01,2.2998408930e-04,2.9042453944e-03,-3.7479741000e+00,-6.7884256459e-06,-6.4264911737e-04,5.5711440043e-02,2.0559871275e+01
51487,2025-02-19 10:20:00,0.021109,1.490084,1.053754,0.002 1 + -0.001 theta + 1.016 omega + 0.001 theta omega + -0.441 omega^2 + 0.035 theta omega^2 + 0.909 omega^3,0.003 1 + -0.001 theta + 0.034 omega + 0.002 theta omega + -0.845 omega^2 + -0.001 theta^2 omega + 0.074 theta omega^2 + 1.340 omega^3,3.2449152623e-03,-1.2837348599e-03,3.4366025479e-02,1.2732682786e-04,2.2448587819e-03,-8.4487405616e-01,-1.9441886187e-06,-7.1713722976e-04,7.3922195845e-02,1.3398929845e+00
51488,2025-02-19 10:25:00,0.070112,6.616948,4.679152,0.011 1 + 0.731 omega + 0.016 theta omega + 1.527 omega^2 + -0.060 theta omega^2 + -1.124 omega^3,0.022 1 + -0.001 theta + -0.522 omega + 0.032 theta omega + 2.952 omega^2 + -0.115 theta omega^2 + -2.295 omega^3,2.1807761248e-02,-1.0512395898e-03,-5.2160021834e-01,-6.0317597721e-05,3.1571829376e-02,2.9523951790e+00,2.8827917295e-06,-3.8481905064e-04,-1.1459901979e-01,-2.2946829295e+00
51489,2025-02-19 10:30:00,0.027458,2.092199,1.479535,0.043 1 + -0.002 theta + 0.195 omega + 0.022 theta omega + 5.083 omega^2 + -0.054 theta omega^2 + -11.093 omega^3,0.087 1 + -0.004 theta + -1.621 omega + 0.045 theta omega + 10.207 omega^2 + -0.111 theta omega^2 + -22.160 omega^3,8.7416271008e-02,-3.9644190017e-03,-1.6211164800e+00,5.6982474453e-05,4.4724901590e-02,1.0207371270e+01,0.0000000000e+00,-4.4070996526e-04,-1.1100899010e-01,-2.2160209052e+01
51490,2025-02-19 10:35:00,0.013947,0.867127,0.613231,-0.044 1 + 0.002 theta + 1.729 omega + -0.028 theta omega + -4.193 omega^2 + 0.072 theta omega^2 + 8.639 omega^3,-0.089 1 + 0.005 theta + 1.474 omega + -0.055 theta omega + -8.509 omega^2 + 0.144 theta omega^2 + 17.546 omega^3,-8.9281887899e-02,4.5844259227e-03,1.4742925457e+00,-2.9955398407e-05,-5.4940320933e-02,-8.5088810908e+00,-9.0020615696e-07,4.7491429022e-04,1.4406480014e-01,1.7546020119e+01
51491,2025-02-19 10:40:00,nan,nan,nan,-0.017 1 + 0.001 theta + 1.426 omega + -0.034 theta omega + -3.087 omega^2 + 0.001 theta^2 omega + 0.102 theta omega^2 + 9.337 omega^3,-0.037 1 + 0.002 theta + 0.895 omega + -0.070 theta omega + -6.496 omega^2 + 0.001 theta^2 omega + 0.216 theta omega^2 + 19.418 omega^3,-3.6620324114e-02,2.1372583000e-03,8.9547440410e-01,1.4296765384e-04,-6.9617947504e-02,-6.4964651351e+00,-7.7684857879e-06,1.2049409933e-03,2.1555763654e-01,1.9418324046e+01
51492,2025-02-19 10:45:00,0.055853,7.293567,5.157482,0.984 omega + -0.006 theta omega + 0.894 omega^2 + -0.025 theta omega^2 + -4.513 omega^3,-0.001 1 + -0.001 theta + 0.039 omega + -0.002 theta omega + 0.656 omega^2 + 0.014 theta omega^2 + -5.812 omega^3,-1.0762574554e-03,-8.2131532551e-04,3.9407206493e-02,8.6689543628e-05,-2.4920822599e-03,6.5590674571e-01,0.0000000000e+00,-3.4796216558e-04,1.3888509050e-02,-5.8116651792e+00
51493,2025-02-19 10:50:00,nan,nan,nan,-0.016 1 + 0.003 theta + 1.190 omega + -0.028 theta omega + -0.513 omega^2 + 0.001 theta^2 omega + 0.034 theta omega^2 + 0.137 omega^3,-0.031 1 + 0.006 theta + 0.357 omega + -0.053 theta omega + -0.913 omega^2 + 0.002 theta^2 omega + 0.062 theta omega^2 + 0.241 omega^3,-3.0551763146e-02,6.0671872788e-03,3.5682114098e-01,-3.5610719857e-04,-5.2520144243e-02,-9.1323718865e-01,5.8653900542e-06,1.8805237913e-03,6.1780063070e-02,2.4117493695e-01
51494,2025-02-19 10:55:00,0.146572,6.754246,4.777098,-0.002 theta + 1.010 omega + 0.017 theta omega + 0.171 omega^2 + -0.007 theta^2 omega + 0.058 theta omega^2 + -1.583 omega^3,-0.003 theta + 0.021 omega + 0.033 theta omega + 0.363 omega^2 + -0.013 theta^2 omega + 0.102 theta omega^2 + -3.202 omega^3,-6.7149403497e-05,-3.2950364549e-03,2.0805760641e-02,-6.1756338716e-05,3.3459231484e-02,3.6320473942e-01,1.9307986242e-04,-1.3049406985e-02,1.0206447889e-01,-3.2024607495e+00
51495,2025-02-19 11:00:00,0.030439,2.195208,1.552396,-0.007 1 + -0.001 theta + 1.223 omega + 0.010 theta omega + -2.132 omega^2 + -0.020 theta omega^2 + 5.856 omega^3,0.002 1 + 0.052 omega + 0.016 theta omega + -1.900 omega^2 + -0.113 theta omega^2 + 11.351 omega^3,1.6577423987e-03,-3.6755001967e-04,5.1841154744e-02,-3.1215385409e-05,1.6297770637e-02,-1.9004156492e+00,0.0000000000e+00,2.7751564232e-04,-1.1347372948e-01,1.1350898641e+01
51496,2025-02-19 11:05:00,0.186063,5.576606,3.945450,-0.024 1 + 0.004 theta + 1.228 omega + -0.028 theta omega + -0.085 omega^2 + 0.001 theta^2 omega + 0.017 theta omega^2 + -1.440 omega^3,-0.046 1 + 0.007 theta + 0.434 omega + -0.052 theta omega + -0.136 omega^2 + 0.001 theta^2 omega + 0.028 theta omega^2 + -2.740 omega^3,-4.6151187273e-02,6.6619358895e-03,4.3353850378e-01,-2.9283533961e-04,-5.2002350162e-02,-1.3611205396e-01,3.8060897190e-06,1.4545145671e-03,2.7673215180e-02,-2.7398052382e+00
51497,2025-02-19 11:10:00,0.041588,1.845106,1.305018,0.006 1 + -0.003 theta + 0.785 omega + 0.017 theta omega + 2.585 omega^2 + -0.140 theta omega^2 + -4.315 omega^3,-0.042 omega + -0.010 theta omega + 1.056 omega^2 + 0.001 theta^2 omega + -0.018 theta omega^2 + -3.345 omega^3,8.9258749214e-05,4.3968158354e-04,-4.1632426091e-02,-3.0255124393e-05,-9.9941208468e-03,1.0557644237e+00,0.0000000000e+00,6.5298309515e-04,-1.7959335288e-02,-3.3446561223e+00
51498,2025-02-19 11:15:00,0.007284,0.274177,0.193941,0.001 1 + -0.002 theta + 1.003 omega + 0.006 theta omega + 0.086 omega^2 + -0.002 theta^2 omega + 0.058 theta omega^2 + -0.730 omega^3,0.002 1 + -0.004 theta + 0.007 omega + 0.001 theta^2 + 0.012 theta omega + 0.164 omega^2 + -0.004 theta^2 omega + 0.115 theta omega^2 + -1.466 omega^3,1.6804564619e-03,-3.9002447683e-03,7.2155901939e-03,7.4746724147e-04,1.1810512235e-02,1.6396614978e-01,-2.7285378889e-05,-3.8490073834e-03,1.1513478487e-01,-1.4662579437e+00
51499,2025-02-19 11:20:00,0.075785,9.389679,6.639722,0.003 1 + -0.001 theta + 0.910 omega + 0.027 theta omega + 0.496 omega^2 + -0.160 theta omega^2 + 1.107 omega^3,0.006 1 + -0.001 theta + -0.182 omega + 0.056 theta omega + 0.972 omega^2 + -0.341 theta omega^2 + 3.136 omega^3,6.4311167817e-03,-1.4301915438e-03,-1.8225135603e-01,-1.7249713521e-04,5.5576676032e-02,9.7168625234e-01,7.2120862705e-06,1.7711329252e-04,-3.4104374865e-01,3.1358974253e+00
