Chunk_Index,Chunk_Start_Time,Sim_RMSE_Omega,Sim_RMSE_Theta,Sim_RMSE_Total,Eq_Theta,Eq_Omega,Coeff_Const,Coeff_Theta,Coeff_Omega,Coeff_Theta2,Coeff_ThetaOmega,Coeff_Omega2,Coeff_Theta3,Coeff_Theta2Omega,Coeff_ThetaOmega2,Coeff_Omega3
54500,2025-03-01 22:10:00,0.088389,5.337300,3.774559,0.001 1 + -0.001 theta + 0.993 omega + -0.002 theta omega + 0.350 omega^2 + -0.012 theta omega^2 + -0.770 omega^3,0.002 1 + -0.002 theta + -0.011 omega + -0.005 theta omega + 0.717 omega^2 + -0.022 theta omega^2 + -1.714 omega^3,2.3839676971e-03,-1.5088462056e-03,-1.1231910470e-02,1.8147870550e-04,-4.8696264273e-03,7.1686458811e-01,-5.7799520188e-06,1.8637927076e-04,-2.1877108381e-02,-1.7137154244e+00
54501,2025-03-01 22:15:00,0.138078,4.701202,3.325685,0.006 1 + -0.004 theta + 0.966 omega + 0.033 theta omega + -0.192 omega^2 + -0.006 theta^2 omega + 0.144 theta omega^2 + -1.032 omega^3,0.012 1 + -0.007 theta + -0.066 omega + 0.065 theta omega + -0.395 omega^2 + -0.012 theta^2 omega + 0.290 theta omega^2 + -2.148 omega^3,1.2095878903e-02,-7.0065900944e-03,-6.5649293029e-02,1.6459605295e-04,6.4799567687e-02,-3.9547012722e-01,8.0097552584e-05,-1.1586366141e-02,2.8992927036e-01,-2.1482937456e+00
54502,2025-03-01 22:20:00,0.050914,2.286032,1.616870,0.007 1 + 0.929 omega + 0.002 theta omega + 0.048 omega^2 + -0.001 theta omega^2 + 0.307 omega^3,0.013 1 + -0.001 theta + -0.142 omega + 0.004 theta omega + 0.111 omega^2 + -0.003 theta omega^2 + 0.585 omega^3,1.3498957345e-02,-9.5460216410e-04,-1.4245438491e-01,4.3291376292e-05,4.2383589515e-03,1.1098460183e-01,-9.1880105325e-07,9.3482113457e-06,-3.1445152399e-03,5.8544870594e-01
54503,2025-03-01 22:25:00,1.081007,38.180412,27.008447,-0.007 1 + 1.011 omega + 0.188 omega^2 + 0.007 theta omega^2 + -0.084 omega^3,-0.014 1 + 0.024 omega + 0.380 omega^2 + 0.014 theta omega^2 + -0.215 omega^3,-1.3585396214e-02,-1.7302643384e-04,2.4453423771e-02,9.6219884259e-05,3.5893087872e-04,3.7983525056e-01,-9.0635673174e-06,-2.5091194547e-04,1.4366561293e-02,-2.1546394863e-01
54504,2025-03-01 22:30:00,0.005174,0.169825,0.120140,1.016 omega + 0.005 theta omega + -0.153 omega^2 + -0.001 theta^2 omega + 0.060 theta omega^2 + -2.005 omega^3,-0.001 1 + -0.001 theta + 0.032 omega + 0.009 theta omega + -0.363 omega^2 + -0.001 theta^2 omega + 0.119 theta omega^2 + -4.203 omega^3,-5.8091491848e-04,-8.5704406249e-04,3.2008754789e-02,-1.0229222460e-04,8.7212791863e-03,-3.6278300606e-01,1.8460789713e-06,-1.0755930552e-03,1.1900296456e-01,-4.2032005815e+00
54505,2025-03-01 22:35:00,0.023369,1.775117,1.255306,-0.001 theta + 1.011 omega + 0.002 theta omega + -0.023 omega^2 + -0.001 theta^2 omega + 0.028 theta omega^2 + -0.485 omega^3,-0.001 theta + 0.023 omega + 0.005 theta omega + -0.040 omega^2 + -0.002 theta^2 omega + 0.058 theta omega^2 + -1.026 omega^3,2.8924386797e-04,-1.0917091928e-03,2.2872121197e-02,8.4827705801e-05,4.5630943904e-03,-4.0325986558e-02,5.1536215110e-06,-1.5035377806e-03,5.8354346786e-02,-1.0259316745e+00
54506,2025-03-01 22:40:00,nan,nan,nan,-0.002 1 + -0.001 theta + 1.003 omega + -0.016 theta omega + 0.402 omega^2 + -0.032 theta omega^2 + 1.705 omega^3,-0.005 1 + -0.002 theta + 0.007 omega + -0.031 theta omega + 0.808 omega^2 + -0.001 theta^2 omega + -0.065 theta omega^2 + 3.476 omega^3,-4.7636683881e-03,-2.3036023536e-03,7.1072743982e-03,-3.5569062144e-05,-3.1205415023e-02,8.0822849239e-01,1.4988385085e-06,-7.8745661526e-04,-6.5213006122e-02,3.4756723075e+00
54507,2025-03-01 22:45:00,0.094355,8.140548,5.756623,0.004 1 + 0.960 omega + -0.009 theta omega + -0.245 omega^2 + -0.049 theta omega^2 + 1.262 omega^3,0.009 1 + 0.001 theta + -0.081 omega + -0.001 theta^2 + -0.017 theta omega + -0.496 omega^2 + -0.001 theta^2 omega + -0.099 theta omega^2 + 2.574 omega^3,8.6489950724e-03,7.4175743839e-04,-8.0627829043e-02,-5.9981324639e-04,-1.6791731039e-02,-4.9629230617e-01,-7.4360022623e-05,-9.3163227557e-04,-9.9479282210e-02,2.5740705210e+00
54508,2025-03-01 22:50:00,nan,nan,nan,-0.002 theta + 1.015 omega + 0.002 theta omega + -0.267 omega^2 + -0.013 theta omega^2 + -0.100 omega^3,-0.005 theta + 0.034 omega + -0.001 theta^2 + 0.004 theta omega + -0.490 omega^2 + -0.025 theta omega^2 + -0.021 omega^3,2.9579298138e-04,-4.8670493694e-03,3.3773482137e-02,-5.8151700706e-04,3.9885912727e-03,-4.9043350627e-01,-1.6589727413e-05,5.0772313785e-05,-2.5477957482e-02,-2.0568429696e-02
54509,2025-03-01 22:55:00,0.083988,5.872806,4.153125,0.997 omega + -0.005 theta omega + 0.122 omega^2 + -0.015 theta omega^2 + 0.780 omega^3,0.001 1 + -0.006 omega + -0.010 theta omega + 0.227 omega^2 + 0.001 theta^2 omega + -0.029 theta omega^2 + 1.551 omega^3,7.9601338413e-04,-4.4053099491e-04,-5.6212556913e-03,9.0666027896e-06,-9.5335792932e-03,2.2700587670e-01,4.2302413469e-07,6.1405597287e-04,-2.9303721025e-02,1.5512209318e+00
54510,2025-03-01 23:00:00,nan,nan,nan,-0.002 theta + 1.004 omega + -0.007 theta omega + -0.397 omega^2 + 0.001 theta^2 omega + -0.176 theta omega^2 + 1.083 omega^3,-0.001 1 + -0.005 theta + 0.009 omega + -0.001 theta^2 + -0.015 theta omega + -0.761 omega^2 + 0.001 theta^2 omega + -0.355 theta omega^2 + 2.339 omega^3,-9.2071157514e-04,-4.7435285171e-03,9.1958431993e-03,-8.5357798696e-04,-1.5062295038e-02,-7.6072489088e-01,-2.9942601044e-05,1.4760847872e-03,-3.5477026181e-01,2.3392454337e+00
54511,2025-03-01 23:05:00,0.003769,0.150162,0.106214,1.006 omega + -0.007 omega^2 + -0.013 theta omega^2 + -0.400 omega^3,0.001 1 + 0.010 omega + -0.026 omega^2 + -0.027 theta omega^2 + -0.665 omega^3,7.0755752560e-04,4.8276570232e-04,1.0373540110e-02,-5.2556184945e-06,-2.7752118410e-04,-2.5578266269e-02,-5.6887188915e-06,-4.2631789033e-05,-2.7259309113e-02,-6.6487881079e-01
54512,2025-03-01 23:10:00,0.014085,0.637477,0.450874,0.001 1 + 1.015 omega + -0.002 theta omega + 0.096 omega^2 + -0.012 theta omega^2 + -0.261 omega^3,0.001 1 + 0.030 omega + -0.004 theta omega + 0.194 omega^2 + -0.024 theta omega^2 + -0.485 omega^3,1.0836378953e-03,-4.6228238160e-04,3.0226579966e-02,-9.4325278924e-05,-4.2217861379e-03,1.9428585257e-01,-5.2724271075e-06,3.6161696999e-05,-2.4441408502e-02,-4.8474551398e-01
54513,2025-03-01 23:15:00,0.053059,2.708750,1.915743,-0.001 theta + 0.992 omega + -0.003 theta omega + 0.082 omega^2 + 0.008 theta omega^2 + 1.071 omega^3,0.001 1 + -0.002 theta + -0.010 omega + -0.001 theta^2 + -0.004 theta omega + 0.224 omega^2 + -0.001 theta^2 omega + 0.024 theta omega^2 + 2.395 omega^3,5.6054462097e-04,-1.5634093391e-03,-1.0465855930e-02,-5.7628229642e-04,-4.2141600102e-03,2.2350837054e-01,-4.7678722388e-05,-5.6846744388e-04,2.3973688235e-02,2.3947691968e+00
54514,2025-03-01 23:20:00,0.023230,1.829040,1.293431,-0.001 1 + 0.001 theta + 1.028 omega + -0.003 theta omega + -0.040 omega^2 + 0.004 theta omega^2 + -0.200 omega^3,-0.003 1 + 0.001 theta + 0.059 omega + -0.007 theta omega + -0.069 omega^2 + 0.009 theta omega^2 + -0.313 omega^3,-2.5006494221e-03,1.3026389516e-03,5.8810194575e-02,-1.5222782248e-04,-6.5305877686e-03,-6.9040115156e-02,4.0703761775e-06,2.0273052282e-04,9.2532384724e-03,-3.1294315833e-01
54515,2025-03-01 23:25:00,0.038728,2.030336,1.435925,-0.006 1 + -0.002 theta + 0.995 omega + -0.005 theta omega + -0.074 omega^2 + 0.001 theta omega^2 + -0.790 omega^3,-0.012 1 + -0.005 theta + -0.009 omega + -0.010 theta omega + -0.150 omega^2 + 0.002 theta omega^2 + -1.625 omega^3,-1.1903402205e-02,-5.0567796234e-03,-8.9995662146e-03,-4.7344275071e-04,-9.7308092087e-03,-1.4974009762e-01,-1.2680841882e-05,-4.3356028227e-04,1.9315765689e-03,-1.6249490518e+00
54516,2025-03-01 23:30:00,0.018794,1.281296,0.906111,-0.002 1 + -0.001 theta + 1.060 omega + -0.006 theta omega + 0.937 omega^2 + 0.001 theta^2 omega + -0.084 theta omega^2 + 4.604 omega^3,-0.003 1 + -0.002 theta + 0.121 omega + -0.013 theta omega + 1.879 omega^2 + 0.001 theta^2 omega + -0.176 theta omega^2 + 9.327 omega^3,-2.8728684990e-03,-1.9134274718e-03,1.2108189567e-01,-1.0467829406e-04,-1.3001432741e-02,1.8791922528e+00,-5.6327847392e-06,1.2249189374e-03,-1.7564384714e-01,9.3270028845e+00
54517,2025-03-01 23:35:00,0.021555,0.556076,0.393500,-0.014 1 + -0.003 theta + 0.928 omega + -0.008 theta omega + -0.119 omega^2 + -0.005 theta omega^2 + -0.166 omega^3,-0.027 1 + -0.005 theta + -0.143 omega + -0.016 theta omega + -0.241 omega^2 + -0.011 theta omega^2 + -0.278 omega^3,-2.7291474206e-02,-4.9918756100e-03,-1.4313124367e-01,-2.7463927361e-04,-1.5731072297e-02,-2.4068205145e-01,-4.7970361473e-06,-3.9035971720e-04,-1.0894719429e-02,-2.7809688217e-01
54518,2025-03-01 23:40:00,nan,nan,nan,0.002 1 + -0.003 theta + 1.005 omega + 0.001 theta^2 + -0.020 theta omega + -0.117 omega^2 + 0.002 theta^2 omega + 0.010 theta omega^2 + 1.905 omega^3,0.005 1 + -0.006 theta + 0.013 omega + 0.002 theta^2 + -0.039 theta omega + -0.227 omega^2 + 0.004 theta^2 omega + 0.016 theta omega^2 + 3.755 omega^3,4.6653257769e-03,-6.1322606264e-03,1.2537947736e-02,1.7783975667e-03,-3.9108795464e-02,-2.2722431385e-01,-1.4693169739e-04,4.0409459557e-03,1.6470616688e-02,3.7547077458e+00
54519,2025-03-01 23:45:00,nan,nan,nan,-0.002 1 + 0.976 omega + -0.014 theta omega + 0.028 omega^2 + -0.002 theta^2 omega + -0.097 theta omega^2 + 0.732 omega^3,-0.004 1 + -0.001 theta + -0.050 omega + -0.001 theta^2 + -0.031 theta omega + 0.014 omega^2 + -0.004 theta^2 omega + -0.200 theta omega^2 + 1.161 omega^3,-4.2369944793e-03,-1.2595776934e-03,-4.9763950608e-02,-1.0508998559e-03,-3.0848016152e-02,1.4354186865e-02,-1.5711634411e-04,-3.5891068298e-03,-2.0024764620e-01,1.1605684328e+00
54520,2025-03-01 23:50:00,0.034230,1.281173,0.906249,0.007 1 + 0.001 theta + 1.012 omega + 0.008 theta omega + -0.053 omega^2 + -0.001 theta omega^2 + 0.615 omega^3,0.013 1 + 0.003 theta + 0.025 omega + 0.017 theta omega + -0.113 omega^2 + -0.002 theta omega^2 + 1.178 omega^3,1.3213838716e-02,2.8983006200e-03,2.4947966079e-02,5.8580835399e-05,1.6505889326e-02,-1.1284227992e-01,-1.3512064234e-07,3.6287847442e-04,-2.3654482873e-03,1.1782181944e+00
54521,2025-03-01 23:55:00,0.056295,7.092016,5.014971,0.001 1 + 0.978 omega + 0.004 theta omega + 0.270 omega^2 + 0.009 theta omega^2 + -1.349 omega^3,0.002 1 + -0.001 theta + -0.040 omega + 0.008 theta omega + 0.559 omega^2 + 0.020 theta omega^2 + -2.903 omega^3,1.8962477932e-03,-9.1946509410e-04,-4.0201568037e-02,-4.5920270140e-07,7.7832169352e-03,5.5863256251e-01,1.5818132980e-06,-4.3404318790e-04,1.9962562629e-02,-2.9026924154e+00
54522,2025-03-02 00:00:00,nan,nan,nan,0.015 1 + 0.967 omega + 0.001 theta omega + -0.141 omega^2 + 0.003 theta omega^2 + 0.290 omega^3,0.021 1 + -0.025 omega + -0.330 omega^2 + 0.006 theta omega^2 + 0.623 omega^3,2.0687009063e-02,-2.2049090201e-04,-2.4576225630e-02,-2.0578738404e-05,-4.4917728719e-04,-3.3047902724e-01,2.9874670442e-07,1.5576565164e-06,6.2281019301e-03,6.2278560657e-01
54523,2025-03-02 00:05:00,0.024131,1.077652,0.762206,-0.001 1 + 1.005 omega + -0.003 theta omega + -0.002 omega^2 + -0.009 theta omega^2 + -0.612 omega^3,-0.001 1 + 0.001 theta + 0.009 omega + -0.005 theta omega + 0.017 omega^2 + -0.018 theta omega^2 + -1.124 omega^3,-1.4624292286e-03,9.0067523088e-04,9.4159845372e-03,1.1359225742e-04,-4.9460071048e-03,1.6614483822e-02,-6.2621852715e-08,-4.6612399666e-04,-1.8416537240e-02,-1.1242274593e+00
54524,2025-03-02 00:10:00,0.059658,6.352873,4.492358,1.011 omega + -0.003 theta omega + 0.025 omega^2 + -0.030 theta omega^2 + -0.007 omega^3,0.021 omega + -0.004 theta omega + 0.023 omega^2 + -0.057 theta omega^2 + -0.081 omega^3,4.0886446480e-05,3.6087840255e-04,2.1205545309e-02,-2.1883169566e-04,-4.0310159942e-03,2.2743283522e-02,-3.9229621413e-06,-2.2630749300e-04,-5.6694606922e-02,-8.1193098392e-02
54525,2025-03-02 00:15:00,0.051930,2.695804,1.906575,0.004 1 + 1.025 omega + 0.003 theta omega + -0.157 omega^2 + 0.005 theta omega^2 + -0.851 omega^3,0.011 1 + 0.074 omega + 0.007 theta omega + -0.210 omega^2 + 0.012 theta omega^2 + -1.521 omega^3,1.0922682246e-02,2.4370660130e-04,7.3875926133e-02,-5.3283739248e-05,6.9261689636e-03,-2.0951385435e-01,-1.4338705701e-06,5.7039861768e-05,1.2216831211e-02,-1.5206037421e+00
54526,2025-03-02 00:20:00,0.091719,6.325285,4.473122,0.002 1 + 0.921 omega + 0.003 theta omega + 0.669 omega^2 + -0.011 theta omega^2 + -1.614 omega^3,0.003 1 + -0.156 omega + 0.006 theta omega + 1.325 omega^2 + -0.025 theta omega^2 + -3.114 omega^3,3.4347587226e-03,3.8277837362e-04,-1.5633230866e-01,-5.8457653237e-05,5.7300912410e-03,1.3246866593e+00,1.4336145552e-06,-1.2141025829e-05,-2.4901474837e-02,-3.1140969287e+00
54527,2025-03-02 00:25:00,nan,nan,nan,0.123 1 + -0.015 theta + -0.141 omega + 0.001 theta^2 + 0.110 theta omega + 2.567 omega^2 + -0.002 theta^2 omega + -0.175 theta omega^2 + 0.280 omega^3,0.245 1 + -0.030 theta + -2.293 omega + 0.001 theta^2 + 0.220 theta omega + 5.210 omega^2 + -0.005 theta^2 omega + -0.355 theta omega^2 + 0.524 omega^3,2.4504034096e-01,-2.9912800314e-02,-2.2934723892e+00,1.0759650230e-03,2.2018882422e-01,5.2100666136e+00,-1.0545213591e-05,-4.6499445515e-03,-3.5521476772e-01,5.2399090703e-01
54528,2025-03-02 00:30:00,0.112350,4.247954,3.004808,-0.003 1 + 1.034 omega + -0.006 theta omega + -0.120 omega^2 + 0.009 theta omega^2 + 0.205 omega^3,-0.008 1 + 0.001 theta + 0.076 omega + -0.012 theta omega + -0.214 omega^2 + 0.017 theta omega^2 + 0.328 omega^3,-7.5720763520e-03,6.6241271335e-04,7.5993470924e-02,2.2309013243e-05,-1.1890918777e-02,-2.1442477300e-01,-2.1157086751e-06,4.1193982946e-04,1.7221350255e-02,3.2778938714e-01
54529,2025-03-02 00:35:00,4.153875,94.449516,66.850452,0.047 1 + 0.004 theta + 1.240 omega + 0.022 theta omega + -0.187 omega^2 + -0.007 theta omega^2 + -0.113 omega^3,0.097 1 + 0.008 theta + 0.490 omega + 0.045 theta omega + -0.374 omega^2 + 0.001 theta^2 omega + -0.015 theta omega^2 + -0.165 omega^3,9.6930452798e-02,7.9840012430e-03,4.8980476336e-01,1.4336321156e-04,4.4954270603e-02,-3.7369207842e-01,-8.1973552355e-07,1.0093408118e-03,-1.5027742105e-02,-1.6548676647e-01
54530,2025-03-02 00:40:00,0.087050,2.492179,1.763311,0.002 1 + -0.001 theta + 1.008 omega + -0.007 theta omega + -0.065 omega^2 + 0.001 theta^2 omega + 0.026 theta omega^2 + 0.191 omega^3,0.004 1 + -0.002 theta + 0.019 omega + 0.001 theta^2 + -0.013 theta omega + -0.145 omega^2 + 0.001 theta^2 omega + 0.059 theta omega^2 + 0.205 omega^3,3.5662746265e-03,-2.4403380333e-03,1.9418239315e-02,6.0861414548e-04,-1.3398259109e-02,-1.4516056776e-01,-8.0441105078e-05,1.3304126514e-03,5.9417154163e-02,2.0461125649e-01
54531,2025-03-02 00:45:00,0.079449,5.393118,3.813924,-0.003 1 + 0.001 theta + 0.990 omega + -0.006 theta omega + 0.337 omega^2 + 0.010 theta omega^2 + -1.136 omega^3,-0.005 1 + 0.002 theta + -0.015 omega + -0.012 theta omega + 0.619 omega^2 + 0.017 theta omega^2 + -2.097 omega^3,-5.2552399845e-03,1.9296358208e-03,-1.5293697069e-02,-8.7408776012e-05,-1.1812435780e-02,6.1850872016e-01,1.0286409061e-06,2.6508155545e-04,1.7447797881e-02,-2.0971144482e+00
54532,2025-03-02 00:50:00,0.147895,4.684184,3.313869,-0.004 1 + -0.005 theta + 1.074 omega + 0.001 theta^2 + -0.004 theta omega + 0.751 omega^2 + -0.097 theta omega^2 + -2.475 omega^3,-0.009 1 + -0.009 theta + 0.146 omega + 0.003 theta^2 + -0.007 theta omega + 1.492 omega^2 + -0.001 theta^2 omega + -0.195 theta omega^2 + -4.869 omega^3,-8.7663954119e-03,-9.0602829533e-03,1.4633577484e-01,2.5915065423e-03,-7.4425198098e-03,1.4915545672e+00,-1.5992115357e-04,-5.5214449687e-04,-1.9546006019e-01,-4.8693635117e+00
54533,2025-03-02 00:55:00,0.083402,5.251325,3.713716,0.003 1 + 0.001 theta + 0.990 omega + -0.002 theta omega + -0.089 omega^2 + -0.024 theta omega^2 + 0.631 omega^3,0.006 1 + 0.002 theta + -0.022 omega + -0.004 theta omega + -0.187 omega^2 + -0.046 theta omega^2 + 1.348 omega^3,5.8687415624e-03,2.0117123257e-03,-2.2418352742e-02,1.1716431952e-04,-3.8659919986e-03,-1.8747667540e-01,-1.2569698407e-05,-2.5929966031e-04,-4.6329247182e-02,1.3478201259e+00
54534,2025-03-02 01:00:00,nan,nan,nan,-0.001 theta + 1.016 omega + -0.005 theta omega + 0.163 omega^2 + -0.007 theta omega^2 + 0.353 omega^3,-0.001 theta + 0.031 omega + -0.010 theta omega + 0.337 omega^2 + -0.015 theta omega^2 + 0.838 omega^3,-3.7468703144e-04,-1.0356444161e-03,3.1077146775e-02,-2.4364169481e-05,-9.7401502787e-03,3.3722361683e-01,6.6892450884e-07,-2.4755636166e-04,-1.5083837961e-02,8.3793335983e-01
54535,2025-03-02 01:05:00,0.023792,2.396136,1.694408,-0.001 theta + 1.064 omega + 0.003 theta omega + -0.468 omega^2 + 0.009 theta omega^2 + 0.246 omega^3,-0.001 1 + -0.001 theta + 0.126 omega + 0.007 theta omega + -0.885 omega^2 + 0.019 theta omega^2 + 0.346 omega^3,-5.3155770752e-04,-1.2776720672e-03,1.2574315285e-01,2.7373305789e-05,6.7727132951e-03,-8.8468950581e-01,1.1265124625e-07,-2.4833520560e-04,1.9178448928e-02,3.4608897400e-01
54536,2025-03-02 01:10:00,nan,nan,nan,0.004 1 + 0.960 omega + 0.004 theta omega + -0.084 omega^2 + -0.015 theta omega^2 + 1.155 omega^3,0.009 1 + -0.001 theta + -0.086 omega + 0.011 theta omega + -0.156 omega^2 + -0.031 theta omega^2 + 2.210 omega^3,9.4918684775e-03,-1.3188363564e-03,-8.5836901202e-02,1.8673801212e-04,1.0695068732e-02,-1.5567398655e-01,-1.6653321583e-05,-4.1528355067e-04,-3.0649618596e-02,2.2096186636e+00
54537,2025-03-02 01:15:00,0.052053,2.488753,1.760199,0.004 1 + -0.002 theta + 1.028 omega + 0.003 theta omega + -0.425 omega^2 + -0.032 theta omega^2 + -0.744 omega^3,0.009 1 + -0.003 theta + 0.068 omega + -0.001 theta^2 + 0.008 theta omega + -0.772 omega^2 + -0.059 theta omega^2 + -1.261 omega^3,8.7927765626e-03,-2.7961024531e-03,6.7907431185e-02,-5.2796824513e-04,8.2953675757e-03,-7.7180142119e-01,-2.0009185441e-05,2.5172069423e-04,-5.8612383437e-02,-1.2613988410e+00
54538,2025-03-02 01:20:00,0.032553,3.245860,2.295285,0.991 omega + -0.003 theta omega + 0.359 omega^2 + -0.001 theta^2 omega + 0.156 theta omega^2 + -7.284 omega^3,-0.014 omega + -0.006 theta omega + 0.740 omega^2 + -0.002 theta^2 omega + 0.324 theta omega^2 + -15.054 omega^3,1.2578083834e-04,-1.0861206401e-04,-1.3788318122e-02,6.0081262759e-05,-6.2755635927e-03,7.3961807278e-01,4.0067014448e-06,-2.4970643743e-03,3.2355663507e-01,-1.5053964180e+01
54539,2025-03-02 01:25:00,0.035535,1.594040,1.127437,0.013 1 + 0.001 theta + 0.606 omega + -0.001 theta omega + 3.120 omega^2 + -0.036 theta omega^2 + -6.501 omega^3,0.026 1 + 0.002 theta + -0.790 omega + -0.003 theta omega + 6.300 omega^2 + 0.001 theta^2 omega + -0.071 theta omega^2 + -13.254 omega^3,2.6076915179e-02,1.5848271616e-03,-7.8968938470e-01,-8.1293805225e-05,-2.7374495315e-03,6.3003816552e+00,5.4567115412e-08,5.8931337468e-04,-7.0888703610e-02,-1.3254147901e+01
54540,2025-03-02 01:30:00,nan,nan,nan,-0.032 1 + 0.003 theta + 1.340 omega + -0.030 theta omega + -0.817 omega^2 + 0.058 theta omega^2 + 0.137 omega^3,-0.066 1 + 0.006 theta + 0.692 omega + -0.060 theta omega + -1.699 omega^2 + 0.001 theta^2 omega + 0.117 theta omega^2 + 0.397 omega^3,-6.5708927655e-02,5.8976457301e-03,6.9177330986e-01,-5.3537444124e-05,-6.0287695287e-02,-1.6992191358e+00,-7.3330140393e-07,6.1025225823e-04,1.1672772652e-01,3.9668756640e-01
54541,2025-03-02 01:35:00,nan,nan,nan,-0.002 1 + 0.994 omega + 0.002 theta omega + 0.102 omega^2 + 0.601 omega^3,-0.003 1 + -0.001 theta + -0.011 omega + 0.004 theta omega + 0.194 omega^2 + 0.001 theta omega^2 + 1.159 omega^3,-3.0249670899e-03,-6.4612372945e-04,-1.0875784928e-02,-9.7075767707e-05,3.8893934642e-03,1.9443546917e-01,-2.1382170007e-06,5.0696208501e-05,9.8929528155e-04,1.1587203131e+00
54542,2025-03-02 01:40:00,0.046573,5.990694,4.236188,-0.002 1 + 0.001 theta + 0.883 omega + -0.002 theta omega + 1.459 omega^2 + -0.047 theta omega^2 + -3.654 omega^3,-0.006 1 + 0.003 theta + -0.199 omega + -0.008 theta omega + 2.739 omega^2 + 0.001 theta^2 omega + -0.081 theta omega^2 + -7.067 omega^3,-6.2156595519e-03,2.9730559013e-03,-1.9937384111e-01,-2.1596400319e-04,-7.5776966955e-03,2.7390823809e+00,3.5313914797e-06,9.3680822828e-04,-8.0516649115e-02,-7.0671521912e+00
54543,2025-03-02 01:45:00,0.023107,0.684912,0.484582,0.001 1 + 1.006 omega + -0.009 theta omega + -0.004 omega^2 + 0.047 theta omega^2 + -0.333 omega^3,0.002 1 + -0.001 theta + 0.013 omega + -0.017 theta omega + 0.003 omega^2 + 0.095 theta omega^2 + -0.720 omega^3,2.1691206971e-03,-9.7745952944e-04,1.2733443376e-02,2.3420668299e-04,-1.7033160449e-02,3.4596567175e-03,-8.2378540838e-06,-7.1051578620e-05,9.4817004843e-02,-7.1969332761e-01
54544,2025-03-02 01:50:00,0.036355,1.550694,1.096808,0.007 1 + 0.001 theta + 0.795 omega + -0.011 theta omega + 1.631 omega^2 + 0.039 theta omega^2 + -4.040 omega^3,0.014 1 + 0.002 theta + -0.411 omega + -0.022 theta omega + 3.300 omega^2 + 0.079 theta omega^2 + -8.200 omega^3,1.4425596094e-02,1.5890727264e-03,-4.1089673834e-01,3.5321542232e-05,-2.2436719556e-02,3.3000983960e+00,8.8360585095e-08,-2.1869394046e-04,7.8569940384e-02,-8.2003875313e+00
54545,2025-03-02 01:55:00,nan,nan,nan,-0.027 1 + 0.002 theta + 1.163 omega + -0.012 theta omega + -0.260 omega^2 + -0.007 theta omega^2 + 0.833 omega^3,-0.053 1 + 0.005 theta + 0.321 omega + -0.023 theta omega + -0.509 omega^2 + 0.001 theta^2 omega + -0.015 theta omega^2 + 1.665 omega^3,-5.2723846830e-02,4.5612326403e-03,3.2090627628e-01,-1.0530387517e-04,-2.2944258555e-02,-5.0931558376e-01,3.2458423188e-07,5.3263466749e-04,-1.4632139265e-02,1.6649298789e+00
54546,2025-03-02 02:00:00,0.062566,4.239667,2.998224,-0.001 1 + 0.001 theta + 0.999 omega + 0.004 theta omega + -0.002 omega^2 + -0.001 theta^2 omega + -0.009 theta omega^2 + 0.096 omega^3,-0.002 1 + 0.002 theta + -0.002 omega + 0.008 theta omega + 0.015 omega^2 + -0.001 theta^2 omega + -0.020 theta omega^2 + 0.282 omega^3,-2.2557583283e-03,1.8345314985e-03,-2.2146092970e-03,-3.0626882755e-04,8.4154637418e-03,1.5208407177e-02,-4.2878892942e-06,-1.2510717279e-03,-1.9747387420e-02,2.8218613800e-01
54547,2025-03-02 02:05:00,0.054596,5.713396,4.040165,-0.053 1 + -0.003 theta + 0.285 omega + -0.038 theta omega + -2.660 omega^2 + -0.087 theta omega^2 + -2.176 omega^3,-0.100 1 + -0.007 theta + -1.369 omega + -0.073 theta omega + -5.098 omega^2 + -0.001 theta^2 omega + -0.168 theta omega^2 + -4.101 omega^3,-1.0033724244e-01,-6.5288318078e-03,-1.3689167126e+00,-8.9529566257e-05,-7.3215863270e-02,-5.0975585049e+00,5.3875294115e-07,-8.5813215538e-04,-1.6846188419e-01,-4.1006844726e+00
54548,2025-03-02 02:10:00,0.009767,0.563196,0.398300,-0.004 1 + 0.003 theta + 0.774 omega + 0.015 theta omega + -1.611 omega^2 + 0.014 theta omega^2 + -2.911 omega^3,-0.024 1 + 0.005 theta + -0.653 omega + 0.025 theta omega + -4.014 omega^2 + 0.019 theta omega^2 + -6.829 omega^3,-2.4265680427e-02,4.6777724316e-03,-6.5284221178e-01,1.3688793871e-04,2.4989087569e-02,-4.0140308143e+00,8.6832766648e-07,4.8543195065e-04,1.8593112281e-02,-6.8294642656e+00
54549,2025-03-02 02:15:00,nan,nan,nan,0.032 1 + 0.001 theta + 1.388 omega + 0.013 theta omega + 1.161 omega^2 + 0.045 theta omega^2 + 0.140 omega^3,0.072 1 + 0.002 theta + 0.847 omega + 0.029 theta omega + 2.481 omega^2 + 0.095 theta omega^2 + 0.237 omega^3,7.2288145927e-02,1.6465761904e-03,8.4744427481e-01,-5.8492868441e-05,2.8703397202e-02,2.4806487454e+00,-6.4735205883e-07,-1.3871368266e-04,9.5395775244e-02,2.3716992612e-01
54550,2025-03-02 02:20:00,nan,nan,nan,0.070 1 + 0.006 theta + 1.843 omega + 0.061 theta omega + 3.088 omega^2 + 0.001 theta^2 omega + 0.111 theta omega^2 + 4.238 omega^3,0.147 1 + 0.013 theta + 1.770 omega + 0.128 theta omega + 6.473 omega^2 + 0.002 theta^2 omega + 0.232 theta omega^2 + 8.887 omega^3,1.4713203708e-01,1.2667168598e-02,1.7700830496e+00,2.8934288017e-04,1.2750379117e-01,6.4731234261e+00,7.3887753385e-07,2.2646191589e-03,2.3206184579e-01,8.8873519227e+00
54551,2025-03-02 02:25:00,0.047033,3.076032,2.175338,0.002 1 + 0.973 omega + 0.004 theta omega + 0.085 omega^2 + -0.010 theta omega^2 + 0.227 omega^3,0.003 1 + -0.001 theta + -0.046 omega + 0.008 theta omega + 0.121 omega^2 + -0.023 theta omega^2 + 0.775 omega^3,2.7626428895e-03,-7.9166593761e-04,-4.6198611095e-02,6.3701588591e-05,7.5373964751e-03,1.2070865255e-01,-1.3415720181e-06,-2.0284695737e-04,-2.3234190613e-02,7.7471209423e-01
54552,2025-03-02 02:30:00,0.032504,3.835796,2.712415,0.004 1 + 0.001 theta + 0.852 omega + -0.017 theta omega + 1.785 omega^2 + 0.056 theta omega^2 + -5.224 omega^3,0.008 1 + 0.001 theta + -0.289 omega + -0.034 theta omega + 3.550 omega^2 + 0.113 theta omega^2 + -10.466 omega^3,8.1360818428e-03,1.3015297544e-03,-2.8946335253e-01,9.0226297639e-05,-3.4484419071e-02,3.5502032412e+00,-5.3730912901e-07,-2.3668805696e-04,1.1325036673e-01,-1.0466407197e+01
54553,2025-03-02 02:35:00,0.119078,2.547804,1.803536,0.038 1 + -0.006 theta + 0.833 omega + 0.040 theta omega + -1.054 omega^2 + -0.002 theta^2 omega + 0.120 theta omega^2 + -0.165 omega^3,0.076 1 + -0.012 theta + -0.326 omega + 0.079 theta omega + -2.151 omega^2 + -0.005 theta^2 omega + 0.244 theta omega^2 + -0.324 omega^3,7.6326753700e-02,-1.1824452839e-02,-3.2571120526e-01,1.9253447826e-04,7.9346259110e-02,-2.1506631682e+00,1.7419140602e-05,-4.7139492231e-03,2.4420328653e-01,-3.2416965151e-01
54554,2025-03-02 02:40:00,0.025006,0.793806,0.561584,1.006 omega + 0.010 omega^2 + -0.480 omega^3,0.001 1 + -0.001 theta + 0.011 omega + -0.001 theta omega + 0.031 omega^2 + -0.001 theta omega^2 + -0.837 omega^3,8.0634378703e-04,-5.5475620031e-04,1.0878611671e-02,2.2122664368e-04,-7.4721351721e-04,3.0985167913e-02,-2.5298768098e-05,6.1727116805e-05,-1.4286772470e-03,-8.3693499709e-01
54555,2025-03-02 02:45:00,0.003674,0.143066,0.101196,0.001 1 + 1.006 omega + 0.001 theta omega + -0.020 omega^2 + 0.008 theta omega^2 + -0.135 omega^3,0.002 1 + 0.012 omega + 0.001 theta omega + -0.039 omega^2 + 0.017 theta omega^2 + -0.289 omega^3,1.9936983381e-03,-2.8743464678e-04,1.2103962684e-02,-5.8339397904e-05,1.4094851488e-03,-3.9223699562e-02,-1.7728202885e-06,-2.0505664085e-04,1.6892162910e-02,-2.8928573519e-01
54556,2025-03-02 02:50:00,0.101688,13.143222,9.293940,0.006 1 + -0.001 theta + 0.920 omega + 0.004 theta omega + 0.446 omega^2 + -0.015 theta omega^2 + -0.469 omega^3,0.011 1 + -0.002 theta + -0.155 omega + 0.008 theta omega + 0.872 omega^2 + -0.029 theta omega^2 + -0.854 omega^3,1.0721092551e-02,-1.8144850016e-03,-1.5463141633e-01,1.0432531142e-04,8.1704754774e-03,8.7201796485e-01,-1.8141349545e-06,-1.0452777536e-04,-2.8919631614e-02,-8.5444382829e-01
54557,2025-03-02 02:55:00,0.061481,1.960268,1.386800,0.004 1 + -0.001 theta + 1.126 omega + 0.014 theta omega + 0.408 omega^2 + 0.016 theta omega^2 + -0.163 omega^3,0.008 1 + -0.003 theta + 0.253 omega + -0.001 theta^2 + 0.028 theta omega + 0.785 omega^2 + 0.001 theta^2 omega + 0.030 theta omega^2 + -0.369 omega^3,7.7520486462e-03,-2.8207696272e-03,2.5343130276e-01,-7.2889165500e-04,2.8329730146e-02,7.8539685905e-01,-3.2222754524e-05,7.9773081622e-04,2.9546549942e-02,-3.6936060314e-01
54558,2025-03-02 03:00:00,0.011522,0.472114,0.333935,-0.037 1 + 0.002 theta + 0.545 omega + 0.007 theta omega + -1.718 omega^2 + 0.004 theta omega^2 + -1.936 omega^3,-0.079 1 + 0.003 theta + -0.964 omega + 0.013 theta omega + -3.598 omega^2 + 0.008 theta omega^2 + -4.020 omega^3,-7.8811013794e-02,3.1416284112e-03,-9.6413574357e-01,5.6595774545e-05,1.3482400193e-02,-3.5982517023e+00,1.9635365533e-07,1.6132527756e-04,8.3617351726e-03,-4.0203988528e+00
54559,2025-03-02 03:05:00,0.165393,11.640523,8.231923,0.003 1 + -0.001 theta + 0.980 omega + -0.001 theta omega + -0.117 omega^2 + -0.005 theta omega^2 + 0.368 omega^3,0.005 1 + -0.002 theta + -0.042 omega + -0.002 theta omega + -0.228 omega^2 + -0.010 theta omega^2 + 0.762 omega^3,5.3096156670e-03,-1.6681340836e-03,-4.1548396226e-02,-2.4278522677e-04,-2.2263663195e-03,-2.2803567678e-01,-8.0417504354e-06,-3.2473366028e-05,-1.0210534125e-02,7.6172090889e-01
54560,2025-03-02 03:10:00,nan,nan,nan,0.002 1 + -0.002 theta + 1.006 omega + -0.001 theta^2 + -0.001 theta omega + -0.022 omega^2 + -0.027 theta omega^2 + 0.800 omega^3,0.004 1 + -0.004 theta + 0.014 omega + -0.001 theta^2 + -0.002 theta omega + -0.032 omega^2 + -0.054 theta omega^2 + 1.586 omega^3,4.2421294946e-03,-4.2653925908e-03,1.3704070175e-02,-1.1324987861e-03,-1.9976590162e-03,-3.2295854432e-02,-6.1428649764e-05,-3.4671457961e-04,-5.3772037920e-02,1.5862207653e+00
54561,2025-03-02 03:15:00,0.106997,4.069770,2.878756,0.001 1 + 1.006 omega + 0.003 theta omega + -0.163 omega^2 + -0.001 theta^2 omega + -0.037 theta omega^2 + -1.275 omega^3,0.003 1 + 0.001 theta + 0.010 omega + 0.007 theta omega + -0.323 omega^2 + -0.001 theta^2 omega + -0.070 theta omega^2 + -2.423 omega^3,2.6328035464e-03,8.5441622004e-04,1.0298644734e-02,7.8931889008e-05,6.7410770124e-03,-3.2276538318e-01,-1.5862936788e-04,-1.0908772548e-03,-7.0415131639e-02,-2.4226096519e+00
54562,2025-03-02 03:20:00,nan,nan,nan,-0.001 1 + -0.001 theta + 1.014 omega + 0.005 theta omega + -0.057 omega^2 + -0.019 theta omega^2 + 1.309 omega^3,-0.001 1 + -0.002 theta + 0.033 omega + 0.011 theta omega + -0.081 omega^2 + 0.001 theta^2 omega + -0.039 theta omega^2 + 2.751 omega^3,-1.3008928418e-03,-1.7855212506e-03,3.2678906102e-02,-2.0040874876e-04,1.0987011011e-02,-8.1072278528e-02,-5.6528306151e-06,5.8173431479e-04,-3.9266533325e-02,2.7511555320e+00
54563,2025-03-02 03:25:00,0.069473,3.371946,2.384832,0.001 1 + 0.001 theta + 1.013 omega + 0.001 theta omega + -0.106 omega^2 + -0.001 theta^2 omega + -0.081 theta omega^2 + -1.269 omega^3,0.001 1 + 0.002 theta + 0.029 omega + 0.002 theta omega + -0.202 omega^2 + -0.002 theta^2 omega + -0.160 theta omega^2 + -2.697 omega^3,1.0612679206e-03,2.3213751078e-03,2.9393328009e-02,1.1900536996e-04,1.9183350542e-03,-2.0205664804e-01,-2.4410350075e-04,-1.9940035030e-03,-1.6041582298e-01,-2.6974040214e+00
54564,2025-03-02 03:30:00,nan,nan,nan,-0.016 1 + 1.239 omega + -0.021 theta omega + -0.475 omega^2 + 0.020 theta omega^2 + 0.334 omega^3,-0.031 1 + 0.001 theta + 0.476 omega + -0.042 theta omega + -0.938 omega^2 + 0.001 theta^2 omega + 0.039 theta omega^2 + 0.677 omega^3,-3.0955180492e-02,7.8795712524e-04,4.7638877588e-01,1.4366896707e-04,-4.2129289372e-02,-9.3758162333e-01,-5.1709078698e-06,9.1638588001e-04,3.9299234270e-02,6.7656362014e-01
54565,2025-03-02 03:35:00,0.053458,2.607608,1.844245,0.001 theta + 0.976 omega + 0.006 theta omega + 0.022 omega^2 + 0.001 theta^2 omega + -0.039 theta omega^2 + 2.546 omega^3,0.003 theta + -0.048 omega + 0.011 theta omega + 0.048 omega^2 + 0.003 theta^2 omega + -0.069 theta omega^2 + 5.070 omega^3,9.2409963878e-05,2.5895260655e-03,-4.8078003354e-02,3.9144197946e-04,1.1189013074e-02,4.8458467769e-02,-1.2289260008e-05,2.8531927392e-03,-6.9445969743e-02,5.0696738474e+00
54566,2025-03-02 03:40:00,nan,nan,nan,0.013 1 + 1.278 omega + 1.543 omega^2 + 0.001 theta omega^2 + 2.776 omega^3,0.026 1 + -0.001 theta + 0.559 omega + 0.001 theta omega + 3.083 omega^2 + 0.003 theta omega^2 + 5.543 omega^3,2.5597225790e-02,-8.3650277337e-04,5.5898152271e-01,-3.0569737931e-05,1.2587650366e-03,3.0831152206e+00,-2.1337922901e-07,-1.5592763070e-05,3.1849746144e-03,5.5425567439e+00
54567,2025-03-02 03:45:00,0.018125,0.343118,0.242960,0.278 1 + 0.004 theta + 4.002 omega + 0.029 theta omega + 10.700 omega^2 + 0.053 theta omega^2 + 12.645 omega^3,0.566 1 + 0.008 theta + 6.112 omega + 0.059 theta omega + 21.834 omega^2 + 0.106 theta omega^2 + 25.893 omega^3,5.6567359352e-01,7.8449610126e-03,6.1123041115e+00,2.6890952462e-05,5.8746103251e-02,2.1833765532e+01,-1.8766211701e-08,1.2665130554e-04,1.0564667852e-01,2.5892914142e+01
54568,2025-03-02 03:50:00,0.051187,4.312726,3.049773,0.017 1 + 0.001 theta + 1.012 omega + 0.009 theta omega + -0.888 omega^2 + -0.002 theta omega^2 + -2.105 omega^3,0.032 1 + 0.002 theta + 0.016 omega + 0.017 theta omega + -1.775 omega^2 + -0.005 theta omega^2 + -4.155 omega^3,3.2223293457e-02,2.4020688085e-03,1.6157029359e-02,4.5580981046e-06,1.7335311391e-02,-1.7747107664e+00,-6.6380457682e-07,2.7228002974e-04,-5.0017678114e-03,-4.1552519065e+00
54569,2025-03-02 03:55:00,0.021369,1.186266,0.838953,0.001 1 + 1.011 omega + 0.005 theta omega + -0.202 omega^2 + -0.001 theta^2 omega + 0.061 theta omega^2 + -1.289 omega^3,0.003 1 + -0.001 theta + 0.021 omega + 0.008 theta omega + -0.362 omega^2 + -0.002 theta^2 omega + 0.110 theta omega^2 + -2.236 omega^3,2.5159802489e-03,-7.1283393735e-04,2.0931275494e-02,-1.4179499115e-04,8.4160750713e-03,-3.6228464409e-01,1.4969845682e-05,-2.4540752737e-03,1.0987373620e-01,-2.2358977562e+00
54570,2025-03-02 04:00:00,0.068094,4.594568,3.249207,0.003 1 + 0.001 theta + 0.887 omega + -0.004 theta omega + -0.632 omega^2 + -0.028 theta omega^2 + -0.522 omega^3,0.002 1 + 0.002 theta + -0.253 omega + -0.010 theta omega + -1.272 omega^2 + -0.056 theta omega^2 + -0.844 omega^3,2.1667937807e-03,2.1179945902e-03,-2.5275823284e-01,1.2773070804e-04,-1.0184850947e-02,-1.2715230446e+00,1.8619381374e-06,5.8600929934e-06,-5.6333026608e-02,-8.4396362861e-01
54571,2025-03-02 04:05:00,0.321270,16.231692,11.479788,-0.012 1 + 0.001 theta + 1.027 omega + 0.374 omega^2 + -0.035 theta omega^2 + -0.795 omega^3,-0.025 1 + 0.003 theta + 0.054 omega + -0.001 theta omega + 0.752 omega^2 + -0.070 theta omega^2 + -1.552 omega^3,-2.4639915262e-02,2.8290304125e-03,5.4145654008e-02,1.3459032167e-04,-8.4636939445e-04,7.5221075071e-01,-1.6107000191e-05,-1.1789795154e-04,-6.9882879164e-02,-1.5518464037e+00
54572,2025-03-02 04:10:00,nan,nan,nan,0.019 1 + 0.004 theta + 1.170 omega + 0.026 theta omega + 0.520 omega^2 + 0.001 theta^2 omega + 0.030 theta omega^2 + 0.946 omega^3,0.038 1 + 0.008 theta + 0.339 omega + 0.052 theta omega + 1.005 omega^2 + 0.002 theta^2 omega + 0.059 theta omega^2 + 1.819 omega^3,3.7942086791e-02,8.2094032754e-03,3.3890581315e-01,4.9222888477e-04,5.1764989037e-02,1.0045857039e+00,8.3017766809e-06,1.7776846434e-03,5.8952483872e-02,1.8192343126e+00
54573,2025-03-02 04:15:00,nan,nan,nan,-0.077 1 + 0.002 theta + 1.982 omega + -0.026 theta omega + -3.844 omega^2 + 0.058 theta omega^2 + 4.746 omega^3,-0.159 1 + 0.004 theta + 2.037 omega + -0.052 theta omega + -7.999 omega^2 + 0.118 theta omega^2 + 9.926 omega^3,-1.5898015583e-01,4.4799911418e-03,2.0367836359e+00,1.3092216116e-05,-5.1634167843e-02,-7.9988524455e+00,-6.5115126729e-07,1.7960896557e-04,1.1770421292e-01,9.9260405099e+00
54574,2025-03-02 04:20:00,nan,nan,nan,-0.013 1 + 0.002 theta + 0.991 omega + -0.002 theta omega + 0.641 omega^2 + -0.080 theta omega^2 + 1.816 omega^3,-0.025 1 + 0.005 theta + -0.019 omega + -0.004 theta omega + 1.290 omega^2 + -0.159 theta omega^2 + 3.716 omega^3,-2.5449066840e-02,4.6317441502e-03,-1.9379304554e-02,3.6986765893e-05,-3.8991715824e-03,1.2896304453e+00,-2.4938260211e-05,3.8909717157e-04,-1.5893271372e-01,3.7157097269e+00
54575,2025-03-02 04:25:00,0.026479,0.698040,0.493944,0.002 1 + 1.079 omega + -0.003 theta omega + 0.979 omega^2 + -0.013 theta omega^2 + 3.369 omega^3,0.006 1 + 0.192 omega + -0.006 theta omega + 2.130 omega^2 + -0.023 theta omega^2 + 6.956 omega^3,6.4582275714e-03,-3.4018837352e-05,1.9221637513e-01,1.3331576013e-05,-5.6825479889e-03,2.1296862535e+00,1.4183099473e-07,9.2259328174e-06,-2.3258024101e-02,6.9557461892e+00
54576,2025-03-02 04:30:00,nan,nan,nan,0.019 1 + 0.003 theta + 1.032 omega + 0.018 theta omega + -0.730 omega^2 + 0.020 theta omega^2 + -1.944 omega^3,0.038 1 + 0.006 theta + 0.068 omega + 0.037 theta omega + -1.469 omega^2 + 0.041 theta omega^2 + -3.936 omega^3,3.7922842619e-02,6.3221498113e-03,6.8136299850e-02,1.4803408559e-04,3.6809836592e-02,-1.4692405092e+00,9.4790566016e-07,4.7473877711e-04,4.1040191867e-02,-3.9355669078e+00
54577,2025-03-02 04:35:00,0.116113,12.620693,8.924555,-0.004 1 + 0.983 omega + -0.003 theta omega + 0.276 omega^2 + -0.020 theta omega^2 + 0.699 omega^3,-0.009 1 + -0.034 omega + -0.006 theta omega + 0.561 omega^2 + -0.040 theta omega^2 + 1.349 omega^3,-9.0557750046e-03,-2.5298559583e-04,-3.3641326957e-02,3.1438241109e-04,-6.1015259880e-03,5.6129756480e-01,-1.0931232680e-05,-1.0622823363e-04,-3.9501897302e-02,1.3493822202e+00
54578,2025-03-02 04:40:00,0.060689,5.832504,4.124427,1.002 omega + 0.019 theta omega + -0.806 omega^2 + -0.001 theta^2 omega + 0.093 theta omega^2 + -4.053 omega^3,-0.001 1 + -0.001 theta + 0.008 omega + 0.038 theta omega + -1.589 omega^2 + -0.001 theta^2 omega + 0.186 theta omega^2 + -8.039 omega^3,-7.1156438880e-04,-8.4425783827e-04,7.6909890134e-03,-2.9109004714e-04,3.7579416152e-02,-1.5888790085e+00,-1.7465517609e-06,-1.0574746423e-03,1.8626857027e-01,-8.0385931288e+00
54579,2025-03-02 04:45:00,0.060079,1.567420,1.109147,-0.132 1 + -0.005 theta + 0.193 omega + -0.026 theta omega + -0.869 omega^2 + -0.026 theta omega^2 + 1.147 omega^3,-0.277 1 + -0.011 theta + -1.700 omega + -0.055 theta omega + -1.883 omega^2 + -0.055 theta omega^2 + 2.300 omega^3,-2.7709189275e-01,-1.1102344587e-02,-1.6998281634e+00,-1.1455765427e-04,-5.4673454019e-02,-1.8830079936e+00,-1.8775461464e-07,-3.3620312142e-04,-5.4655475297e-02,2.2995347227e+00
54580,2025-03-02 04:50:00,0.033025,1.267520,0.896576,-0.001 1 + -0.001 theta + 1.008 omega + -0.001 theta omega + 0.121 omega^2 + -0.002 theta omega^2 + -0.194 omega^3,-0.002 1 + -0.002 theta + 0.016 omega + -0.002 theta omega + 0.246 omega^2 + -0.003 theta omega^2 + -0.375 omega^3,-2.0310004029e-03,-2.1283272643e-03,1.6300469916e-02,1.5059888880e-04,-1.5209767154e-03,2.4620703516e-01,-2.5970712856e-06,1.1940291696e-05,-3.4310800646e-03,-3.7483245951e-01
54581,2025-03-02 04:55:00,nan,nan,nan,-0.001 theta + 1.027 omega + 0.009 theta omega + -0.175 omega^2 + -0.018 theta omega^2 + 0.227 omega^3,-0.003 theta + 0.054 omega + 0.018 theta omega + -0.357 omega^2 + 0.001 theta^2 omega + -0.037 theta omega^2 + 0.501 omega^3,-1.1609607937e-04,-2.8549513881e-03,5.4319729674e-02,-4.9952903279e-04,1.8134321722e-02,-3.5709708599e-01,-2.0431867501e-05,9.6158218884e-04,-3.6677277518e-02,5.0110153413e-01
54582,2025-03-02 05:00:00,nan,nan,nan,-0.008 1 + 0.001 theta + 1.002 omega + 0.143 omega^2 + -0.014 theta omega^2 + 0.207 omega^3,-0.014 1 + 0.002 theta + -0.001 omega + 0.279 omega^2 + -0.028 theta omega^2 + 0.404 omega^3,-1.4256590664e-02,2.3350229934e-03,-5.2045219983e-04,-6.9673233422e-05,4.9159000583e-04,2.7925462857e-01,-1.6602778947e-06,-7.0827060544e-05,-2.8156629112e-02,4.0431582567e-01
54583,2025-03-02 05:05:00,nan,nan,nan,0.032 1 + 1.526 omega + -0.001 theta omega + 2.997 omega^2 + -0.009 theta omega^2 + 5.871 omega^3,0.059 1 + 0.971 omega + -0.002 theta omega + 5.614 omega^2 + -0.018 theta omega^2 + 11.311 omega^3,5.8725777976e-02,3.7299971028e-04,9.7121177694e-01,1.5834956378e-05,-1.7632426275e-03,5.6135994566e+00,5.8403373299e-08,5.9774754269e-05,-1.8089810159e-02,1.1310879370e+01
54584,2025-03-02 05:10:00,0.013566,1.242470,0.878611,0.987 omega + -0.003 theta omega + -0.027 omega^2 + 0.002 theta omega^2 + 0.322 omega^3,0.001 1 + -0.001 theta + -0.023 omega + -0.006 theta omega + -0.054 omega^2 + -0.001 theta^2 omega + 0.005 theta omega^2 + 0.525 omega^3,5.4923799814e-04,-5.4640324046e-04,-2.2587901611e-02,3.7117464831e-04,-5.7004020949e-03,-5.3711897118e-02,-1.2333720876e-05,-8.7802101236e-04,4.9296705679e-03,5.2536234295e-01
54585,2025-03-02 05:15:00,0.172099,4.187654,2.963618,0.012 1 + -0.003 theta + 0.568 omega + 0.055 theta omega + 3.141 omega^2 + -0.002 theta^2 omega + -0.252 theta omega^2 + -1.473 omega^3,0.025 1 + -0.007 theta + -0.881 omega + 0.001 theta^2 + 0.113 theta omega + 6.374 omega^2 + -0.003 theta^2 omega + -0.513 theta omega^2 + -2.900 omega^3,2.4840839035e-02,-6.8847380578e-03,-8.8089722693e-01,7.6529290306e-04,1.1270586152e-01,6.3743438509e+00,-2.9503582202e-05,-3.4437114148e-03,-5.1253931445e-01,-2.9000032123e+00
54586,2025-03-02 05:20:00,0.068073,2.796511,1.978018,-0.001 theta + 1.017 omega + 0.010 theta omega + -0.140 omega^2 + 0.001 theta^2 omega + -0.009 theta omega^2 + 0.677 omega^3,-0.001 1 + -0.002 theta + 0.034 omega + 0.020 theta omega + -0.293 omega^2 + 0.002 theta^2 omega + -0.018 theta omega^2 + 1.499 omega^3,-8.3477222648e-04,-2.2755454377e-03,3.4426686348e-02,-4.7070039345e-04,2.0478345106e-02,-2.9290177852e-01,-2.6948119113e-05,1.5868674179e-03,-1.8339997676e-02,1.4990606088e+00
54587,2025-03-02 05:25:00,0.119494,5.290206,3.741695,-0.002 1 + -0.001 theta + 0.988 omega + -0.001 theta omega + -0.112 omega^2 + -0.004 theta omega^2 + -0.023 omega^3,-0.004 1 + -0.001 theta + -0.020 omega + -0.001 theta omega + -0.214 omega^2 + -0.009 theta omega^2 + -0.018 omega^3,-4.2891530596e-03,-1.3323991509e-03,-1.9797882092e-02,-8.7499777485e-05,-1.1163371136e-03,-2.1370483520e-01,-1.5171136447e-06,-1.4314113937e-05,-8.9984946621e-03,-1.7573925899e-02
54588,2025-03-02 05:30:00,0.630948,69.556504,49.185899,-0.009 1 + 0.001 theta + 0.988 omega + 0.159 omega^2 + -0.016 theta omega^2 + 0.230 omega^3,-0.020 1 + 0.003 theta + -0.014 omega + -0.001 theta omega + 0.299 omega^2 + -0.030 theta omega^2 + 0.472 omega^3,-1.9942149133e-02,3.1193843527e-03,-1.3819458273e-02,-1.0867184712e-04,-1.4930990357e-03,2.9928517407e-01,9.6283872460e-08,1.0141315441e-04,-2.9528896921e-02,4.7233645576e-01
54589,2025-03-02 05:35:00,0.023212,0.718259,0.508151,-0.002 1 + 1.002 omega + 0.002 theta omega + 0.067 omega^2 + 0.005 theta omega^2 + 0.082 omega^3,-0.003 1 + 0.005 omega + 0.004 theta omega + 0.132 omega^2 + 0.010 theta omega^2 + 0.147 omega^3,-3.2923979652e-03,-1.7838749991e-04,5.4627872375e-03,-1.6453518814e-05,3.5322513406e-03,1.3194238901e-01,-1.1873917664e-06,1.6785694053e-04,1.0072650362e-02,1.4672273525e-01
54590,2025-03-02 05:40:00,0.073697,7.506586,5.308214,1.010 omega + 0.007 theta omega + -0.148 omega^2 + -0.002 theta^2 omega + 0.106 theta omega^2 + -2.160 omega^3,0.020 omega + 0.012 theta omega + -0.228 omega^2 + -0.004 theta^2 omega + 0.191 theta omega^2 + -3.721 omega^3,-8.7690703338e-05,3.6695686424e-04,2.0422127529e-02,-4.3017317952e-04,1.2283167712e-02,-2.2807283456e-01,1.4972080988e-05,-4.4160515252e-03,1.9093632603e-01,-3.7214078206e+00
54591,2025-03-02 05:45:00,0.096052,10.981921,7.765688,-0.003 1 + 0.001 theta + 0.962 omega + -0.003 theta omega + 0.147 omega^2 + -0.029 theta omega^2 + 1.365 omega^3,-0.006 1 + 0.001 theta + -0.076 omega + -0.006 theta omega + 0.289 omega^2 + 0.001 theta^2 omega + -0.057 theta omega^2 + 2.720 omega^3,-5.5046234496e-03,1.1017694813e-03,-7.5674012196e-02,2.5445029845e-04,-6.3846437152e-03,2.8917583105e-01,-2.1694226026e-05,6.8591841717e-04,-5.7022079390e-02,2.7195366348e+00
54592,2025-03-02 05:50:00,0.004159,0.083826,0.059347,-0.001 theta + 1.012 omega + -0.013 omega^2 + 0.002 theta omega^2 + -0.096 omega^3,-0.002 theta + 0.025 omega + -0.029 omega^2 + 0.003 theta omega^2 + -0.204 omega^3,-1.8315367733e-04,-1.6615273040e-03,2.4515996566e-02,-1.5861704164e-04,3.3973320737e-04,-2.8786255905e-02,-4.0191433505e-06,-2.5827117065e-05,3.0348398001e-03,-2.0368976895e-01
54593,2025-03-02 05:55:00,0.050165,1.854651,1.311916,-0.002 1 + -0.001 theta + 1.002 omega + -0.001 theta omega + 0.040 omega^2 + 0.001 theta omega^2 + 0.033 omega^3,-0.004 1 + -0.002 theta + 0.007 omega + -0.001 theta omega + 0.073 omega^2 + 0.001 theta omega^2 + 0.041 omega^3,-3.9134881629e-03,-1.7444383766e-03,6.7097390338e-03,-2.0788127954e-04,-1.2477707313e-03,7.2759498697e-02,-6.1423487969e-06,-7.7062258863e-05,1.3498921922e-03,4.1426257251e-02
54594,2025-03-02 06:00:00,nan,nan,nan,-0.036 1 + 0.006 theta + 1.051 omega + -0.025 theta omega + 0.221 omega^2 + 0.001 theta^2 omega + -0.010 theta omega^2 + 1.843 omega^3,-0.068 1 + 0.012 theta + 0.064 omega + -0.048 theta omega + 0.527 omega^2 + 0.001 theta^2 omega + -0.023 theta omega^2 + 3.721 omega^3,-6.8418215323e-02,1.2439364480e-02,6.3965758530e-02,-3.5462285082e-04,-4.8499708497e-02,5.2706393905e-01,2.1309134986e-06,1.1628555075e-03,-2.3097196483e-02,3.7208696059e+00
54595,2025-03-02 06:05:00,0.045651,2.744724,1.941082,-0.004 1 + 1.066 omega + -0.006 theta omega + -0.311 omega^2 + 0.017 theta omega^2 + 0.132 omega^3,-0.009 1 + 0.001 theta + 0.153 omega + -0.013 theta omega + -0.737 omega^2 + 0.036 theta omega^2 + 0.605 omega^3,-8.5253098772e-03,6.8345888110e-04,1.5262356396e-01,2.3703068871e-05,-1.2765264626e-02,-7.3709631925e-01,-1.6480614213e-06,1.9620381356e-04,3.5585715726e-02,6.0491598314e-01
54596,2025-03-02 06:10:00,0.024590,1.392859,0.985054,-0.047 1 + 0.168 omega + -0.003 theta omega + -4.583 omega^2 + -0.017 theta omega^2 + -7.869 omega^3,-0.090 1 + -1.612 omega + -0.006 theta omega + -8.929 omega^2 + -0.034 theta omega^2 + -15.345 omega^3,-9.0075811488e-02,-1.6351193283e-04,-1.6122241944e+00,1.1820949835e-05,-6.3322565863e-03,-8.9292237916e+00,-1.6509277149e-08,9.3205634031e-05,-3.4489541740e-02,-1.5345384310e+01
54597,2025-03-02 06:15:00,0.034750,4.198358,2.968789,-0.079 1 + -0.001 theta + 0.102 omega + -0.006 theta omega + -3.253 omega^2 + -0.018 theta omega^2 + -3.568 omega^3,-0.154 1 + -0.001 theta + -1.764 omega + -0.011 theta omega + -6.396 omega^2 + -0.035 theta omega^2 + -7.008 omega^3,-1.5435209431e-01,-1.0130251167e-03,-1.7643128126e+00,1.0875376740e-05,-1.1484856708e-02,-6.3962236351e+00,-7.7143937378e-09,6.3152441818e-05,-3.4797120021e-02,-7.0078393514e+00
54598,2025-03-02 06:20:00,0.081364,5.542091,3.919272,1.007 omega + -0.003 theta omega + 0.123 omega^2 + -0.001 theta^2 omega + 0.033 theta omega^2 + -1.571 omega^3,0.001 theta + 0.015 omega + -0.007 theta omega + 0.244 omega^2 + -0.002 theta^2 omega + 0.067 theta omega^2 + -3.072 omega^3,1.7588669115e-04,5.2261307761e-04,1.4664363149e-02,4.0447844549e-04,-6.7220152290e-03,2.4441407130e-01,-1.9744196776e-05,-1.9696803359e-03,6.6834762268e-02,-3.0719290201e+00
54599,2025-03-02 06:25:00,nan,nan,nan,0.002 1 + -0.001 theta + 1.034 omega + 0.001 theta omega + -0.275 omega^2 + 0.005 theta omega^2 + 0.404 omega^3,0.004 1 + -0.002 theta + 0.069 omega + 0.003 theta omega + -0.520 omega^2 + 0.009 theta omega^2 + 0.706 omega^3,3.9934515383e-03,-1.7356399764e-03,6.8838245580e-02,8.1002400690e-05,3.0149896470e-03,-5.2046053277e-01,-1.0016175001e-06,-1.3732366539e-04,9.4985573452e-03,7.0613467510e-01
54600,2025-03-02 06:30:00,0.015651,0.350985,0.248431,-0.001 1 + 1.078 omega + 0.011 theta omega + -1.608 omega^2 + -0.077 theta omega^2 + 9.738 omega^3,-0.002 1 + -0.001 theta + 0.156 omega + 0.019 theta omega + -3.064 omega^2 + -0.129 theta omega^2 + 18.061 omega^3,-2.4645907646e-03,-6.1859606626e-04,1.5605583566e-01,-6.6129785109e-06,1.9064768426e-02,-3.0636367890e+00,2.9732322485e-07,2.7916793917e-05,-1.2909374648e-01,1.8060639387e+01
54601,2025-03-02 06:35:00,nan,nan,nan,0.001 1 + 1.007 omega + -0.007 theta omega + -0.202 omega^2 + 0.001 theta^2 omega + 0.045 theta omega^2 + 0.284 omega^3,0.002 1 + 0.001 theta + 0.013 omega + -0.012 theta omega + -0.374 omega^2 + 0.001 theta^2 omega + 0.085 theta omega^2 + 0.503 omega^3,1.5629919957e-03,7.1660478431e-04,1.2709491866e-02,-2.3410019501e-04,-1.2047399814e-02,-3.7385271981e-01,3.7044722764e-06,1.4689028983e-03,8.4717813390e-02,5.0343663766e-01
54602,2025-03-02 06:40:00,0.073726,5.537655,3.916060,1.008 omega + -0.014 theta omega + 0.786 omega^2 + 0.088 theta omega^2 + -4.940 omega^3,-0.001 theta + 0.020 omega + -0.027 theta omega + 1.555 omega^2 + -0.001 theta^2 omega + 0.176 theta omega^2 + -9.811 omega^3,1.6989502538e-04,-5.5999266166e-04,1.9558176516e-02,2.3122131768e-04,-2.7425825777e-02,1.5548440729e+00,-3.0968265367e-06,-9.5735260957e-04,1.7608356038e-01,-9.8114605478e+00
54603,2025-03-02 06:45:00,0.087821,13.423982,9.492392,-0.001 1 + 0.001 theta + 0.836 omega + 0.002 theta omega + 1.567 omega^2 + -0.040 theta omega^2 + -3.151 omega^3,-0.003 1 + 0.002 theta + -0.334 omega + 0.005 theta omega + 3.178 omega^2 + -0.081 theta omega^2 + -6.380 omega^3,-2.7507575881e-03,1.6902922513e-03,-3.3441000089e-01,-9.8804596128e-05,4.8949687421e-03,3.1781003812e+00,1.4179061613e-06,2.8976878921e-04,-8.1252919655e-02,-6.3800011194e+00
54604,2025-03-02 06:50:00,0.087566,11.330794,8.012320,-0.003 1 + -0.002 theta + 0.951 omega + -0.002 theta omega + -0.733 omega^2 + -0.037 theta omega^2 + -1.294 omega^3,-0.005 1 + -0.004 theta + -0.106 omega + -0.001 theta^2 + -0.004 theta omega + -1.546 omega^2 + -0.079 theta omega^2 + -2.589 omega^3,-5.1835048767e-03,-3.7872337056e-03,-1.0553212529e-01,-5.1505488601e-04,-3.9009539322e-03,-1.5463852854e+00,-1.8416309236e-05,1.6826465439e-04,-7.9092684359e-02,-2.5886230331e+00
54605,2025-03-02 06:55:00,0.469692,46.756091,33.063217,-0.001 1 + 0.923 omega + 0.007 theta omega + -0.957 omega^2 + 0.001 theta^2 omega + -0.045 theta omega^2 + -0.818 omega^3,-0.002 1 + 0.001 theta + -0.156 omega + 0.013 theta omega + -1.974 omega^2 + 0.001 theta^2 omega + -0.091 theta omega^2 + -1.864 omega^3,-1.8038676118e-03,7.5279869744e-04,-1.5586465579e-01,4.1277738174e-06,1.3035743477e-02,-1.9743004425e+00,-2.3834780107e-06,1.1527215722e-03,-9.1383196290e-02,-1.8642871009e+00
54606,2025-03-02 07:00:00,0.043133,3.115535,2.203227,0.001 1 + 1.021 omega + -0.002 theta omega + -0.041 omega^2 + -0.001 theta^2 omega + 0.023 theta omega^2 + -1.025 omega^3,0.002 1 + -0.001 theta + 0.041 omega + -0.005 theta omega + -0.072 omega^2 + -0.001 theta^2 omega + 0.038 theta omega^2 + -1.733 omega^3,1.8787279422e-03,-6.5890758464e-04,4.0716910858e-02,-8.0299830358e-05,-5.0024150690e-03,-7.1721311164e-02,2.5806977263e-06,-1.4684773320e-03,3.8135657423e-02,-1.7331935553e+00
54607,2025-03-02 07:05:00,nan,nan,nan,-0.068 1 + -0.005 theta + 0.399 omega + -0.036 theta omega + -0.773 omega^2 + -0.060 theta omega^2 + 2.609 omega^3,-0.134 1 + -0.009 theta + -1.179 omega + -0.071 theta omega + -1.481 omega^2 + -0.001 theta^2 omega + -0.120 theta omega^2 + 5.312 omega^3,-1.3368678052e-01,-9.2182368548e-03,-1.1793814058e+00,-1.5952139729e-04,-7.1314038661e-02,-1.4812971713e+00,-5.4201697124e-07,-7.2907756157e-04,-1.1978300566e-01,5.3124243856e+00
54608,2025-03-02 07:10:00,0.093981,2.548850,1.803534,-0.023 1 + -0.002 theta + 0.758 omega + -0.044 theta omega + -0.342 omega^2 + -0.002 theta^2 omega + -0.028 theta omega^2 + -0.736 omega^3,-0.049 1 + -0.004 theta + -0.506 omega + -0.093 theta omega + -0.710 omega^2 + -0.004 theta^2 omega + -0.058 theta omega^2 + -1.526 omega^3,-4.8750874866e-02,-4.3336531138e-03,-5.0611611811e-01,2.9476563933e-04,-9.3386089790e-02,-7.0973497869e-01,2.4277675161e-05,-4.1191309292e-03,-5.7569696031e-02,-1.5264843302e+00
54609,2025-03-02 07:15:00,0.092728,5.388616,3.810891,-0.003 1 + -0.001 theta + 1.017 omega + 0.157 omega^2 + 0.015 theta omega^2 + -0.538 omega^3,-0.005 1 + -0.002 theta + 0.037 omega + 0.318 omega^2 + 0.028 theta omega^2 + -1.022 omega^3,-4.9437366215e-03,-1.9535818458e-03,3.7421331508e-02,-1.7456248516e-04,-3.8717130704e-04,3.1795945004e-01,-4.2932094905e-06,-1.4792631434e-04,2.7557038915e-02,-1.0218419277e+00
54610,2025-03-02 07:20:00,nan,nan,nan,0.022 1 + 0.005 theta + 1.248 omega + 0.044 theta omega + 0.576 omega^2 + 0.002 theta^2 omega + 0.040 theta omega^2 + 0.444 omega^3,0.044 1 + 0.010 theta + 0.490 omega + 0.001 theta^2 + 0.086 theta omega + 1.103 omega^2 + 0.004 theta^2 omega + 0.076 theta omega^2 + 0.831 omega^3,4.4435558477e-02,1.0436006040e-02,4.8979347527e-01,6.1456376444e-04,8.6224468726e-02,1.1028828319e+00,7.0199462103e-06,3.5798082942e-03,7.5911175588e-02,8.3116591050e-01
54611,2025-03-02 07:25:00,0.042387,3.321633,2.348940,-0.001 1 + -0.001 theta + 1.024 omega + 0.003 theta omega + 0.061 omega^2 + -0.001 theta^2 omega + 0.065 theta omega^2 + -1.843 omega^3,-0.002 1 + -0.001 theta + 0.048 omega + 0.006 theta omega + 0.118 omega^2 + -0.003 theta^2 omega + 0.124 theta omega^2 + -3.448 omega^3,-1.8747930861e-03,-1.4942812420e-03,4.8067256585e-02,1.7974736799e-04,5.8017035233e-03,1.1844450787e-01,5.4337450342e-06,-2.6131680699e-03,1.2419975681e-01,-3.4476997893e+00
54612,2025-03-02 07:30:00,0.054108,5.944110,4.203294,0.031 1 + -0.002 theta + 0.557 omega + 0.021 theta omega + 1.917 omega^2 + -0.044 theta omega^2 + -2.343 omega^3,0.061 1 + -0.005 theta + -0.880 omega + 0.042 theta omega + 3.743 omega^2 + -0.089 theta omega^2 + -4.352 omega^3,6.1249002697e-02,-4.9327723131e-03,-8.8001458455e-01,1.3921755411e-04,4.1842545656e-02,3.7426658306e+00,-1.3608127245e-06,-4.9008674749e-04,-8.8636267010e-02,-4.3520201930e+00
54613,2025-03-02 07:35:00,0.019561,1.151024,0.814015,-0.002 1 + -0.001 theta + 1.014 omega + -0.011 theta omega + 0.625 omega^2 + -0.046 theta omega^2 + 3.248 omega^3,-0.004 1 + -0.001 theta + 0.029 omega + -0.023 theta omega + 1.223 omega^2 + -0.093 theta omega^2 + 6.346 omega^3,-3.7230980446e-03,-1.4655018318e-03,2.9187507552e-02,-2.6584462592e-06,-2.3345765064e-02,1.2231239663e+00,3.5378259968e-08,-3.8645847042e-05,-9.2798721002e-02,6.3462997706e+00
54614,2025-03-02 07:40:00,0.021677,1.797929,1.271421,-0.002 1 + -0.001 theta + 1.115 omega + -0.025 theta omega + 2.491 omega^2 + -0.103 theta omega^2 + 10.606 omega^3,-0.002 1 + -0.002 theta + 0.241 omega + -0.051 theta omega + 5.004 omega^2 + -0.205 theta omega^2 + 21.170 omega^3,-2.2526244982e-03,-2.4688433021e-03,2.4078809702e-01,3.5419945590e-05,-5.0770860885e-02,5.0044221796e+00,3.3322730770e-07,6.3655403027e-05,-2.0491727085e-01,2.1170009904e+01
54615,2025-03-02 07:45:00,nan,nan,nan,-0.048 1 + -0.010 theta + 0.767 omega + -0.001 theta^2 + -0.039 theta omega + 0.279 omega^2 + -0.002 theta^2 omega + 0.017 theta omega^2 + 1.041 omega^3,-0.095 1 + -0.019 theta + -0.453 omega + -0.001 theta^2 + -0.076 theta omega + 0.591 omega^2 + -0.003 theta^2 omega + 0.037 theta omega^2 + 2.060 omega^3,-9.5176833929e-02,-1.8999233645e-02,-4.5337603783e-01,-1.1879029410e-03,-7.5983118303e-02,5.9087518711e-01,-2.3636291760e-05,-3.1659758484e-03,3.7434175718e-02,2.0603294335e+00
54616,2025-03-02 07:50:00,0.067920,3.310613,2.341450,-0.003 1 + 1.016 omega + -0.011 theta omega + 0.249 omega^2 + 0.001 theta^2 omega + -0.057 theta omega^2 + 0.315 omega^3,-0.006 1 + 0.001 theta + 0.030 omega + -0.021 theta omega + 0.488 omega^2 + 0.002 theta^2 omega + -0.110 theta omega^2 + 0.725 omega^3,-6.0368679622e-03,7.5296534979e-04,2.9881312714e-02,3.9974057441e-04,-2.1487834128e-02,4.8814704820e-01,-4.4962470388e-05,1.9486524874e-03,-1.0956298702e-01,7.2467544798e-01
54617,2025-03-02 07:55:00,0.054520,3.499162,2.474582,0.011 1 + 1.105 omega + 0.004 theta omega + -0.342 omega^2 + -0.040 theta omega^2 + -3.394 omega^3,0.022 1 + 0.208 omega + -0.001 theta^2 + 0.008 theta omega + -0.723 omega^2 + -0.001 theta^2 omega + -0.086 theta omega^2 + -6.580 omega^3,2.2046860834e-02,1.7935416045e-04,2.0783424548e-01,-6.4491496619e-04,8.2509095006e-03,-7.2299176834e-01,-4.3134626297e-05,-7.5402594685e-04,-8.5759362804e-02,-6.5799316749e+00
54618,2025-03-02 08:00:00,0.032292,2.003134,1.416614,0.035 1 + -0.001 theta + 0.839 omega + 0.003 theta omega + 0.212 omega^2 + -0.002 theta omega^2 + -0.159 omega^3,0.072 1 + -0.001 theta + -0.323 omega + 0.007 theta omega + 0.408 omega^2 + -0.003 theta omega^2 + -0.278 omega^3,7.1819676515e-02,-1.1857526607e-03,-3.2336039971e-01,-1.8262328010e-05,6.8066283086e-03,4.0845961884e-01,2.7423817616e-07,-3.1088760095e-05,-3.2681785244e-03,-2.7776851429e-01
54619,2025-03-02 08:05:00,0.055663,2.682183,1.896998,-0.041 1 + 0.247 omega + -0.016 theta omega + -3.364 omega^2 + -0.114 theta omega^2 + -0.006 omega^3,-0.082 1 + -1.496 omega + -0.032 theta omega + -6.685 omega^2 + 0.001 theta^2 omega + -0.227 theta omega^2 + 0.057 omega^3,-8.1865864046e-02,-1.9177049254e-04,-1.4956164758e+00,1.0698825751e-04,-3.2370539042e-02,-6.6852473596e+00,7.3350470946e-07,5.9274165372e-04,-2.2695304960e-01,5.7193349661e-02
54620,2025-03-02 08:10:00,nan,nan,nan,0.008 1 + 0.001 theta + 1.035 omega + 0.011 theta omega + -0.415 omega^2 + 0.001 theta^2 omega + -0.053 theta omega^2 + 0.386 omega^3,0.015 1 + 0.001 theta + 0.067 omega + 0.022 theta omega + -0.839 omega^2 + 0.001 theta^2 omega + -0.105 theta omega^2 + 0.874 omega^3,1.5323950528e-02,1.1683281433e-03,6.6982284636e-02,-2.7789388674e-04,2.2270652026e-02,-8.3911973705e-01,-2.2935666541e-05,1.4503987702e-03,-1.0478930548e-01,8.7362153465e-01
54621,2025-03-02 08:15:00,0.037511,3.864642,2.732844,0.032 1 + 0.001 theta + 0.436 omega + 0.002 theta omega + 2.597 omega^2 + -0.021 theta omega^2 + -3.267 omega^3,0.062 1 + 0.002 theta + -1.102 omega + 0.003 theta omega + 5.103 omega^2 + -0.041 theta omega^2 + -6.433 omega^3,6.2492863712e-02,2.0875113094e-03,-1.1017588841e+00,-9.9578441613e-05,2.8538435643e-03,5.1034428591e+00,7.2626738360e-07,2.3915614725e-04,-4.0918971405e-02,-6.4332742025e+00
54622,2025-03-02 08:20:00,0.045277,1.896239,1.341225,-0.001 theta + 1.022 omega + -0.005 theta omega + 0.183 omega^2 + -0.024 theta omega^2 + 0.041 omega^3,-0.001 theta + 0.044 omega + -0.009 theta omega + 0.354 omega^2 + -0.044 theta omega^2 + 0.054 omega^3,-2.7968780780e-04,-1.1742358943e-03,4.3504577437e-02,-8.9110603133e-05,-8.5469125404e-03,3.5386354332e-01,-3.4867218166e-06,1.5661720333e-04,-4.4301178921e-02,5.4084813160e-02
54623,2025-03-02 08:25:00,0.101174,6.801162,4.809680,0.002 1 + 0.002 theta + 0.960 omega + -0.004 theta omega + -0.013 omega^2 + -0.084 theta omega^2 + 1.706 omega^3,0.005 1 + 0.004 theta + -0.077 omega + -0.008 theta omega + -0.019 omega^2 + -0.165 theta omega^2 + 3.339 omega^3,4.7435034462e-03,3.5576550852e-03,-7.7299363993e-02,4.3177937259e-04,-8.3033073457e-03,-1.9213146970e-02,-2.0166133497e-05,3.4825167489e-04,-1.6492389968e-01,3.3393941254e+00
54624,2025-03-02 08:30:00,0.068253,7.549371,5.338430,-0.031 1 + 1.316 omega + -0.007 theta omega + -0.722 omega^2 + 0.018 theta omega^2 + 0.044 omega^3,-0.062 1 + 0.619 omega + -0.014 theta omega + -1.391 omega^2 + 0.037 theta omega^2 + 0.030 omega^3,-6.1622987588e-02,2.9973343485e-04,6.1924346852e-01,5.9336650825e-05,-1.4294831065e-02,-1.3909456555e+00,-4.5631866654e-07,-7.7572112312e-05,3.6876061102e-02,3.0310048122e-02
54625,2025-03-02 08:35:00,nan,nan,nan,0.010 1 + -0.005 theta + 0.818 omega + 0.001 theta^2 + 0.046 theta omega + 0.666 omega^2 + -0.003 theta^2 omega + -0.128 theta omega^2 + 0.768 omega^3,0.017 1 + -0.009 theta + -0.335 omega + 0.002 theta^2 + 0.084 theta omega + 1.268 omega^2 + -0.005 theta^2 omega + -0.249 theta omega^2 + 1.695 omega^3,1.7146924560e-02,-8.5535575188e-03,-3.3484140584e-01,1.6763338351e-03,8.3643192339e-02,1.2677742932e+00,-1.0133774605e-04,-5.0772891649e-03,-2.4903527311e-01,1.6952079926e+00
54626,2025-03-02 08:40:00,0.039015,3.896422,2.755324,0.001 1 + 0.990 omega + 0.008 theta omega + -0.188 omega^2 + -0.056 theta omega^2 + 2.356 omega^3,0.001 1 + -0.001 theta + -0.018 omega + 0.016 theta omega + -0.375 omega^2 + -0.109 theta omega^2 + 4.555 omega^3,1.3952351345e-03,-7.8216855668e-04,-1.7559905772e-02,1.3434172581e-05,1.6307997324e-02,-3.7467540983e-01,-4.3744129507e-07,2.2041535550e-04,-1.0877917318e-01,4.5548482039e+00
54627,2025-03-02 08:45:00,0.216820,21.251366,15.027767,0.043 1 + -0.002 theta + 0.380 omega + 0.028 theta omega + 2.395 omega^2 + -0.092 theta omega^2 + -0.918 omega^3,0.086 1 + -0.005 theta + -1.246 omega + 0.057 theta omega + 4.762 omega^2 + -0.185 theta omega^2 + -1.699 omega^3,8.6484252382e-02,-4.9307216233e-03,-1.2464774295e+00,6.5870450070e-05,5.7144106541e-02,4.7618717960e+00,-4.6562349697e-07,-2.3196864661e-04,-1.8493595518e-01,-1.6987299453e+00
54628,2025-03-02 08:50:00,0.040216,5.573542,3.941192,0.001 1 + 0.001 theta + 0.889 omega + -0.007 theta omega + 1.301 omega^2 + 0.014 theta omega^2 + -3.906 omega^3,0.002 1 + 0.001 theta + -0.206 omega + -0.014 theta omega + 2.476 omega^2 + 0.028 theta omega^2 + -7.444 omega^3,2.2430120803e-03,1.1855474907e-03,-2.0629468396e-01,-1.0419139639e-05,-1.3840590549e-02,2.4759855558e+00,-3.2000997660e-07,1.7465030894e-04,2.7664577321e-02,-7.4438843798e+00
54629,2025-03-02 08:55:00,nan,nan,nan,-0.001 theta + 1.046 omega + -0.005 theta omega + -0.026 omega^2 + 0.136 omega^3,-0.001 1 + -0.003 theta + 0.094 omega + -0.009 theta omega + -0.040 omega^2 + -0.001 theta omega^2 + 0.219 omega^3,-1.1497723446e-03,-2.6626335487e-03,9.3700823205e-02,3.2916621600e-04,-9.1093654613e-03,-3.9603308013e-02,-9.4255039773e-06,2.0890106311e-04,-1.0969273692e-03,2.1895188284e-01
54630,2025-03-02 09:00:00,0.091900,10.110113,7.149225,0.001 1 + -0.001 theta + 1.003 omega + 0.008 theta omega + -0.106 omega^2 + 0.009 theta omega^2 + -0.138 omega^3,0.003 1 + -0.002 theta + 0.009 omega + 0.015 theta omega + -0.207 omega^2 + -0.001 theta^2 omega + 0.018 theta omega^2 + -0.308 omega^3,2.9179421139e-03,-1.5411303620e-03,8.5307554658e-03,1.1177393765e-05,1.5097041772e-02,-2.0743749283e-01,3.8636930437e-06,-9.7101407894e-04,1.8405143293e-02,-3.0791628432e-01
54631,2025-03-02 09:05:00,0.018604,1.074098,0.759616,-0.001 1 + 0.999 omega + 0.062 omega^2 + 0.021 theta omega^2 + 0.057 omega^3,-0.002 1 + 0.001 theta omega + 0.105 omega^2 + -0.001 theta^2 omega + 0.042 theta omega^2 + 0.026 omega^3,-1.6940604579e-03,-3.5920665297e-04,3.5069834898e-04,-6.5635161472e-05,5.5635564938e-04,1.0513828545e-01,1.4930735897e-06,-8.1477399396e-04,4.2197995533e-02,2.5613420985e-02
54632,2025-03-02 09:10:00,nan,nan,nan,0.006 1 + 0.005 theta + 1.091 omega + 0.001 theta^2 + 0.060 theta omega + 0.440 omega^2 + 0.009 theta^2 omega + 0.068 theta omega^2 + 2.842 omega^3,0.012 1 + 0.010 theta + 0.186 omega + 0.002 theta^2 + 0.123 theta omega + 0.840 omega^2 + 0.018 theta^2 omega + 0.123 theta omega^2 + 5.942 omega^3,1.1981935125e-02,9.9169230186e-03,1.8578158247e-01,1.9971345162e-03,1.2278133540e-01,8.3991783595e-01,8.0249813683e-05,1.8267092077e-02,1.2314224478e-01,5.9421602576e+00
54633,2025-03-02 09:15:00,nan,nan,nan,0.001 1 + 1.004 omega + -0.002 theta omega + 0.005 omega^2 + -0.027 theta omega^2 + 0.025 omega^3,0.001 1 + -0.001 theta + 0.009 omega + -0.006 theta omega + 0.056 omega^2 + 0.001 theta^2 omega + -0.064 theta omega^2 + 0.354 omega^3,1.1191385597e-03,-5.4756882485e-04,9.2525625387e-03,2.6616999405e-04,-6.1177042341e-03,5.5697696844e-02,-4.3295871611e-05,1.1312144415e-03,-6.3841716273e-02,3.5422193729e-01
54634,2025-03-02 09:20:00,0.014961,0.514627,0.364050,0.001 1 + -0.001 theta + 1.121 omega + -0.004 theta omega + 1.337 omega^2 + -0.014 theta omega^2 + 4.217 omega^3,0.002 1 + -0.001 theta + 0.244 omega + -0.009 theta omega + 2.677 omega^2 + -0.030 theta omega^2 + 8.455 omega^3,2.4834081479e-03,-1.1145382857e-03,2.4388045763e-01,-2.1907537597e-05,-9.4197757358e-03,2.6774595870e+00,-2.4327726990e-07,-3.1539031630e-05,-3.0295273811e-02,8.4545021476e+00
54635,2025-03-02 09:25:00,0.029085,0.529472,0.374957,-0.001 1 + -0.001 theta + 1.013 omega + -0.002 theta omega + 0.080 omega^2 + -0.001 theta^2 omega + 0.015 theta omega^2 + -1.397 omega^3,-0.002 1 + -0.002 theta + 0.026 omega + -0.001 theta^2 + -0.002 theta omega + 0.170 omega^2 + -0.001 theta^2 omega + 0.030 theta omega^2 + -2.471 omega^3,-2.2637150222e-03,-2.1102903270e-03,2.5963993548e-02,-8.4472804605e-04,-2.1584608431e-03,1.7013006682e-01,-9.3522041033e-05,-8.3675200186e-04,3.0461381819e-02,-2.4714908648e+00
54636,2025-03-02 09:30:00,0.047025,1.479281,1.046538,-0.001 1 + 1.014 omega + 0.003 theta omega + 0.056 omega^2 + -0.001 theta^2 omega + 0.003 theta omega^2 + -1.017 omega^3,-0.002 1 + 0.031 omega + 0.007 theta omega + 0.144 omega^2 + -0.002 theta^2 omega + 0.006 theta omega^2 + -2.175 omega^3,-1.7159724686e-03,-6.4268477147e-05,3.0895132851e-02,2.2775437014e-04,6.7646437928e-03,1.4416170055e-01,-3.3265438997e-05,-2.1055977258e-03,6.2018811753e-03,-2.1752771691e+00
54637,2025-03-02 09:35:00,0.021190,1.170630,0.827896,0.001 1 + -0.001 theta + 1.050 omega + 0.004 theta omega + -0.080 omega^2 + 0.054 theta omega^2 + -2.430 omega^3,0.002 1 + -0.001 theta + 0.102 omega + 0.008 theta omega + -0.128 omega^2 + -0.001 theta^2 omega + 0.106 theta omega^2 + -4.682 omega^3,1.7013523344e-03,-1.1155508292e-03,1.0192495145e-01,-7.5917876558e-05,7.7710805348e-03,-1.2791925378e-01,3.9595340509e-07,-6.2406432876e-04,1.0598734619e-01,-4.6820060656e+00
54638,2025-03-02 09:40:00,0.037289,1.559655,1.103158,-0.070 1 + -0.008 theta + 0.499 omega + -0.042 theta omega + -0.194 omega^2 + -0.001 theta^2 omega + -0.014 theta omega^2 + 2.500 omega^3,-0.143 1 + -0.017 theta + -1.029 omega + -0.001 theta^2 + -0.086 theta omega + -0.364 omega^2 + -0.002 theta^2 omega + -0.029 theta omega^2 + 5.471 omega^3,-1.4347911880e-01,-1.6833046814e-02,-1.0289228500e+00,-6.6004139288e-04,-8.5585775104e-02,-3.6439911934e-01,-8.7992002122e-06,-1.8199840797e-03,-2.8724159138e-02,5.4713623460e+00
54639,2025-03-02 09:45:00,0.035354,1.659789,1.173914,1.005 omega + 0.006 theta omega + -0.424 omega^2 + -0.018 theta omega^2 + 2.823 omega^3,0.013 omega + 0.012 theta omega + -0.873 omega^2 + -0.037 theta omega^2 + 5.759 omega^3,3.0322409846e-04,-1.8171718654e-04,1.3238685918e-02,-2.3456519371e-05,1.2364294295e-02,-8.7330950205e-01,1.5678648450e-06,-4.4350195769e-04,-3.7229201319e-02,5.7587674407e+00
54640,2025-03-02 09:50:00,0.039431,1.697482,1.200625,1.010 omega + -0.006 theta omega + 0.104 omega^2 + -0.021 theta omega^2 + 0.898 omega^3,0.001 1 + -0.001 theta + 0.018 omega + -0.011 theta omega + 0.198 omega^2 + -0.001 theta^2 omega + -0.047 theta omega^2 + 2.009 omega^3,8.9836102646e-04,-7.4243262316e-04,1.7949536465e-02,-8.3459341446e-05,-1.0772537893e-02,1.9838327869e-01,-2.4302283762e-06,-5.5386133531e-04,-4.6999595255e-02,2.0090430579e+00
54641,2025-03-02 09:55:00,0.071509,10.676514,7.549605,-0.007 1 + -0.004 theta + 0.924 omega + -0.040 theta omega + -0.622 omega^2 + -0.004 theta^2 omega + -0.071 theta omega^2 + -4.646 omega^3,-0.013 1 + -0.007 theta + -0.150 omega + -0.001 theta^2 + -0.079 theta omega + -1.253 omega^2 + -0.008 theta^2 omega + -0.145 theta omega^2 + -9.330 omega^3,-1.3269016279e-02,-7.4802413300e-03,-1.5015368981e-01,-8.6543999448e-04,-7.9196567493e-02,-1.2525429783e+00,-6.0485934265e-06,-7.5464148007e-03,-1.4501723487e-01,-9.3296061545e+00
54642,2025-03-02 10:00:00,0.059723,1.536137,1.087033,0.001 1 + 1.005 omega + -0.001 theta omega + -0.045 omega^2 + 0.008 theta omega^2 + -0.412 omega^3,0.003 1 + -0.001 theta + 0.014 omega + -0.001 theta omega + -0.098 omega^2 + 0.017 theta omega^2 + -0.887 omega^3,2.7439915702e-03,-9.0882703169e-04,1.3546363725e-02,1.0065093587e-04,-1.4701509151e-03,-9.7558474724e-02,-3.4065837224e-06,1.7145219495e-05,1.7414921415e-02,-8.8655990291e-01
54643,2025-03-02 10:05:00,nan,nan,nan,-0.008 theta + 1.079 omega + 0.003 theta^2 + -0.049 theta omega + 0.487 omega^2 + 0.006 theta^2 omega + -0.126 theta omega^2 + 2.317 omega^3,0.001 1 + -0.017 theta + 0.160 omega + 0.007 theta^2 + -0.099 theta omega + 0.976 omega^2 + -0.001 theta^3 + 0.012 theta^2 omega + -0.254 theta omega^2 + 4.733 omega^3,6.0629966982e-04,-1.6728957768e-02,1.6001072376e-01,6.5199836293e-03,-9.9075781464e-02,9.7552994897e-01,-6.2316521272e-04,1.1969183094e-02,-2.5386371311e-01,4.7325084310e+00
54644,2025-03-02 10:10:00,nan,nan,nan,-0.003 1 + 0.002 theta + 1.005 omega + -0.001 theta omega + -1.031 omega^2 + 0.001 theta^2 omega + -0.093 theta omega^2 + 11.631 omega^3,-0.007 1 + 0.004 theta + 0.011 omega + -0.001 theta omega + -2.069 omega^2 + 0.002 theta^2 omega + -0.190 theta omega^2 + 23.338 omega^3,-6.8235906770e-03,4.2763668518e-03,1.0517864698e-02,-4.8866380991e-04,-9.0748868766e-04,-2.0690365164e+00,1.3164940893e-05,1.5839127348e-03,-1.9046290930e-01,2.3337700764e+01
54645,2025-03-02 10:15:00,0.056517,2.756044,1.949227,-0.003 theta + 1.030 omega + -0.004 theta omega + -0.439 omega^2 + -0.033 theta omega^2 + -2.388 omega^3,-0.006 theta + 0.061 omega + -0.001 theta^2 + -0.007 theta omega + -0.917 omega^2 + -0.001 theta^2 omega + -0.070 theta omega^2 + -4.745 omega^3,1.8695671928e-04,-5.6054060888e-03,6.0932568962e-02,-1.0019177746e-03,-7.2843698518e-03,-9.1662352464e-01,-4.4388602138e-05,-8.1070816349e-04,-7.0289208494e-02,-4.7448150220e+00
54646,2025-03-02 10:20:00,0.075211,3.955454,2.797434,0.002 1 + -0.002 theta + 0.979 omega + 0.025 theta omega + 0.192 omega^2 + -0.002 theta^2 omega + -0.051 theta omega^2 + -3.846 omega^3,0.003 1 + -0.004 theta + -0.040 omega + 0.001 theta^2 + 0.051 theta omega + 0.379 omega^2 + -0.005 theta^2 omega + -0.095 theta omega^2 + -7.832 omega^3,3.3243751135e-03,-3.9811991923e-03,-3.9914957312e-02,7.5738079516e-04,5.0771826965e-02,3.7855108810e-01,-3.9936668369e-05,-4.6930136547e-03,-9.5234707711e-02,-7.8318092552e+00
54647,2025-03-02 10:25:00,0.045392,2.778521,1.964973,-0.002 1 + 1.002 omega + -0.011 theta omega + 0.638 omega^2 + 0.020 theta omega^2 + -3.037 omega^3,-0.005 1 + 0.001 theta + 0.012 omega + -0.022 theta omega + 1.216 omega^2 + 0.001 theta^2 omega + 0.043 theta omega^2 + -6.146 omega^3,-4.7310839359e-03,9.0812694111e-04,1.2223193450e-02,3.2582394204e-05,-2.2114010157e-02,1.2155662638e+00,-2.7627723700e-06,5.8634540236e-04,4.2510462444e-02,-6.1460649183e+00
54648,2025-03-02 10:30:00,0.097784,3.651722,2.583083,0.003 1 + 0.001 theta + 1.042 omega + -0.001 theta^2 + -0.009 theta omega + -0.490 omega^2 + 0.100 theta omega^2 + -0.420 omega^3,0.006 1 + 0.002 theta + 0.084 omega + -0.001 theta^2 + -0.018 theta omega + -0.977 omega^2 + 0.001 theta^2 omega + 0.200 theta omega^2 + -0.905 omega^3,6.2258218334e-03,2.3289819636e-03,8.4313827248e-02,-1.0118984770e-03,-1.7659448957e-02,-9.7655859594e-01,6.2486792488e-05,5.8610049243e-04,1.9968723962e-01,-9.0522339440e-01
54649,2025-03-02 10:35:00,0.055625,2.394448,1.693587,0.001 1 + -0.001 theta + 0.979 omega + 0.001 theta omega + -0.051 omega^2 + 0.002 theta^2 omega + 0.075 theta omega^2 + 1.967 omega^3,0.002 1 + -0.002 theta + -0.043 omega + 0.002 theta omega + -0.102 omega^2 + 0.005 theta^2 omega + 0.159 theta omega^2 + 4.191 omega^3,1.6663260508e-03,-2.4557593788e-03,-4.3264480330e-02,-2.8082434625e-04,2.4403613211e-03,-1.0154791678e-01,1.4410734664e-04,5.1201836183e-03,1.5921755963e-01,4.1912479421e+00
54650,2025-03-02 10:40:00,0.056933,5.012065,3.544294,0.987 omega + -0.011 theta omega + -0.015 omega^2 + 0.005 theta omega^2 + 1.347 omega^3,-0.001 1 + 0.001 theta + -0.023 omega + 0.001 theta^2 + -0.021 theta omega + -0.047 omega^2 + -0.001 theta^2 omega + 0.006 theta omega^2 + 2.675 omega^3,-7.0588793710e-04,6.1477091756e-04,-2.2810023429e-02,7.3073565522e-04,-2.1366725058e-02,-4.6812758399e-02,-5.2052408957e-05,-8.6508037203e-04,5.8802771450e-03,2.6747149344e+00
54651,2025-03-02 10:45:00,0.449553,29.235069,20.674760,-0.006 1 + 0.003 theta + 0.977 omega + -0.012 theta omega + 0.839 omega^2 + 0.001 theta^2 omega + -0.047 theta omega^2 + -1.981 omega^3,-0.012 1 + 0.006 theta + -0.048 omega + -0.001 theta^2 + -0.023 theta omega + 1.712 omega^2 + 0.002 theta^2 omega + -0.096 theta omega^2 + -3.982 omega^3,-1.1724023855e-02,6.3897119836e-03,-4.7638511785e-02,-6.8889413724e-04,-2.3350090233e-02,1.7116132851e+00,1.9539338136e-05,2.0659165929e-03,-9.5654763130e-02,-3.9815855164e+00
54652,2025-03-02 10:50:00,nan,nan,nan,0.001 1 + -0.002 theta + 1.004 omega + -0.001 theta^2 + 0.009 theta omega + -0.190 omega^2 + 0.001 theta^2 omega + -0.094 theta omega^2 + 1.502 omega^3,0.001 1 + -0.004 theta + 0.010 omega + -0.002 theta^2 + 0.019 theta omega + -0.365 omega^2 + 0.002 theta^2 omega + -0.185 theta omega^2 + 3.050 omega^3,1.2017706465e-03,-3.7842767911e-03,9.7892583563e-03,-1.6839507801e-03,1.8915898345e-02,-3.6470274137e-01,-1.4236516623e-04,2.0262713036e-03,-1.8540685212e-01,3.0496085976e+00
54653,2025-03-02 10:55:00,nan,nan,nan,-0.034 1 + 0.003 theta + 1.740 omega + -0.042 theta omega + -5.474 omega^2 + 0.001 theta^2 omega + 0.116 theta omega^2 + 15.567 omega^3,-0.067 1 + 0.005 theta + 1.448 omega + -0.082 theta omega + -10.696 omega^2 + 0.001 theta^2 omega + 0.230 theta omega^2 + 30.433 omega^3,-6.6768009195e-02,5.0301133326e-03,1.4484868535e+00,-2.3891565873e-05,-8.1815888356e-02,-1.0695732361e+01,-2.3016284044e-06,1.0941448571e-03,2.2986006943e-01,3.0433351987e+01
54654,2025-03-02 11:00:00,0.002986,0.049042,0.034742,1.006 omega + 0.002 theta omega + -0.050 omega^2 + 0.014 theta omega^2 + -0.449 omega^3,0.012 omega + 0.004 theta omega + -0.113 omega^2 + 0.029 theta omega^2 + -0.952 omega^3,1.4344777478e-04,-1.0355494968e-04,1.1582170543e-02,-5.3014964864e-05,3.8837524019e-03,-1.1287192506e-01,-2.0068101626e-06,-2.0667589030e-04,2.9399197113e-02,-9.5154821035e-01
54655,2025-03-02 11:05:00,0.221648,9.102630,6.438439,0.001 1 + -0.001 theta + 1.008 omega + 0.019 theta omega + -0.146 omega^2 + -0.001 theta^2 omega + -0.006 theta omega^2 + -1.376 omega^3,0.002 1 + -0.002 theta + 0.018 omega + 0.039 theta omega + -0.306 omega^2 + -0.002 theta^2 omega + -0.013 theta omega^2 + -2.553 omega^3,1.8287134625e-03,-2.4430642085e-03,1.7508089398e-02,-2.7877830008e-05,3.8691103263e-02,-3.0639024082e-01,6.9311061015e-06,-1.5996017782e-03,-1.2906456560e-02,-2.5530009198e+00
54656,2025-03-02 11:10:00,0.033127,2.016528,1.426093,0.077 1 + -0.005 theta + -0.023 omega + 0.058 theta omega + 3.283 omega^2 + -0.001 theta^2 omega + -0.124 theta omega^2 + -0.889 omega^3,0.148 1 + -0.010 theta + -1.966 omega + 0.112 theta omega + 6.205 omega^2 + -0.001 theta^2 omega + -0.239 theta omega^2 + -1.193 omega^3,1.4829713992e-01,-9.7251791526e-03,-1.9663768826e+00,1.6035615933e-04,1.1157995133e-01,6.2050132273e+00,-1.3884652691e-07,-1.4233246798e-03,-2.3889432570e-01,-1.1925306792e+00
54657,2025-03-02 11:15:00,0.034759,3.242603,2.292998,-0.001 1 + -0.001 theta + 1.034 omega + -0.006 theta omega + 0.219 omega^2 + 0.015 theta omega^2 + -1.014 omega^3,-0.003 1 + -0.002 theta + 0.068 omega + -0.012 theta omega + 0.424 omega^2 + -0.001 theta^2 omega + 0.029 theta omega^2 + -2.075 omega^3,-2.8174279044e-03,-1.9002147618e-03,6.8055696352e-02,-6.1417594799e-05,-1.1913115672e-02,4.2355195191e-01,5.6148039956e-07,-6.0736129115e-04,2.8559235579e-02,-2.0753152009e+00
54658,2025-03-02 11:20:00,0.322867,7.804703,5.523479,-0.009 1 + -0.001 theta + 0.660 omega + -0.023 theta omega + -2.120 omega^2 + -0.114 theta omega^2 + -0.288 omega^3,-0.018 1 + -0.001 theta + -0.695 omega + -0.047 theta omega + -4.363 omega^2 + -0.001 theta^2 omega + -0.234 theta omega^2 + -0.666 omega^3,-1.7905765611e-02,-1.4284801081e-03,-6.9482063775e-01,-9.6542273092e-05,-4.7242310733e-02,-4.3633514724e+00,-3.8419804458e-06,-5.8253620794e-04,-2.3395780548e-01,-6.6582547202e-01
54659,2025-03-02 11:25:00,0.100468,6.458876,4.567668,0.002 1 + 0.001 theta + 1.010 omega + -0.001 theta omega + 0.005 omega^2 + -0.042 theta omega^2 + -0.695 omega^3,0.003 1 + 0.002 theta + 0.020 omega + -0.002 theta omega + 0.002 omega^2 + -0.085 theta omega^2 + -1.294 omega^3,3.3642658851e-03,2.1069053999e-03,1.9685251941e-02,-4.2824305689e-04,-2.4058434692e-03,2.0099401643e-03,-7.6907124869e-05,-4.8038676933e-04,-8.5184110766e-02,-1.2940051418e+00
54660,2025-03-02 11:30:00,0.068565,2.084842,1.475003,0.002 1 + -0.003 theta + 0.981 omega + 0.001 theta^2 + 0.042 theta omega + 0.246 omega^2 + -0.007 theta^2 omega + -0.086 theta omega^2 + -3.528 omega^3,0.003 1 + -0.007 theta + -0.037 omega + 0.003 theta^2 + 0.083 theta omega + 0.533 omega^2 + -0.015 theta^2 omega + -0.182 theta omega^2 + -6.848 omega^3,3.3099508480e-03,-6.9724259351e-03,-3.6803207153e-02,2.7053948706e-03,8.3047375724e-02,5.3274264863e-01,-2.8996722557e-04,-1.4653027245e-02,-1.8205217592e-01,-6.8477213283e+00
54661,2025-03-02 11:35:00,0.084507,7.158321,5.062050,-0.001 1 + 0.992 omega + -0.012 theta omega + 0.200 omega^2 + -0.001 theta^2 omega + 0.022 theta omega^2 + -0.417 omega^3,-0.001 1 + 0.001 theta + -0.015 omega + 0.001 theta^2 + -0.023 theta omega + 0.383 omega^2 + -0.002 theta^2 omega + 0.046 theta omega^2 + -0.770 omega^3,-1.4848198334e-03,7.1100664136e-04,-1.5422410514e-02,7.2233557034e-04,-2.3000146070e-02,3.8296368818e-01,-1.1365133511e-05,-2.3382138592e-03,4.5959466398e-02,-7.6950965321e-01
54662,2025-03-02 11:40:00,0.009949,0.353720,0.250216,-0.012 1 + 0.002 theta + 1.083 omega + -0.010 theta omega + -0.144 omega^2 + 0.009 theta omega^2 + 0.062 omega^3,-0.022 1 + 0.004 theta + 0.156 omega + -0.020 theta omega + -0.287 omega^2 + 0.001 theta^2 omega + 0.017 theta omega^2 + 0.137 omega^3,-2.1616716107e-02,3.5774010785e-03,1.5635647163e-01,-1.7080613192e-04,-1.9694523005e-02,-2.8666977691e-01,2.3001321107e-06,5.5185142309e-04,1.7265336846e-02,1.3711054358e-01
54663,2025-03-02 11:45:00,0.043050,3.085638,2.182088,1.063 omega + 0.009 theta omega + 0.422 omega^2 + 0.053 theta omega^2 + 0.198 omega^3,0.001 1 + -0.001 theta + 0.130 omega + 0.018 theta omega + 0.862 omega^2 + 0.109 theta omega^2 + 0.373 omega^3,6.3615948501e-04,-8.6970612109e-04,1.2966083798e-01,-1.8027948101e-04,1.7792519874e-02,8.6164116755e-01,-5.3397312593e-06,-1.2669656478e-04,1.0862424126e-01,3.7347911180e-01
54664,2025-03-02 11:50:00,0.046279,2.171440,1.535789,0.001 1 + 1.010 omega + 0.001 theta omega + -0.152 omega^2 + 0.016 theta omega^2 + -0.137 omega^3,0.001 1 + -0.001 theta + 0.020 omega + 0.002 theta omega + -0.271 omega^2 + 0.027 theta omega^2 + -0.204 omega^3,1.3779259836e-03,-9.1676151784e-04,2.0479699659e-02,1.0326908503e-04,2.3759819787e-03,-2.7070373728e-01,-3.0153243484e-06,-3.3166135887e-04,2.7057639831e-02,-2.0444333271e-01
54665,2025-03-02 11:55:00,nan,nan,nan,0.065 1 + -0.010 theta + 0.047 omega + 0.110 theta omega + 3.252 omega^2 + -0.002 theta^2 omega + -0.289 theta omega^2 + 1.784 omega^3,0.127 1 + -0.019 theta + -1.884 omega + 0.001 theta^2 + 0.216 theta omega + 6.471 omega^2 + -0.005 theta^2 omega + -0.576 theta omega^2 + 3.592 omega^3,1.2739777892e-01,-1.8671259379e-02,-1.8840582617e+00,8.0051205489e-04,2.1645571202e-01,6.4709372674e+00,-1.0865568707e-05,-4.8873342494e-03,-5.7565181647e-01,3.5916966691e+00
54666,2025-03-02 12:00:00,nan,nan,nan,-0.012 1 + 0.004 theta + 1.293 omega + -0.054 theta omega + -2.947 omega^2 + 0.002 theta^2 omega + 0.094 theta omega^2 + 13.393 omega^3,-0.025 1 + 0.009 theta + 0.603 omega + -0.108 theta omega + -5.993 omega^2 + 0.004 theta^2 omega + 0.192 theta omega^2 + 26.932 omega^3,-2.4668802803e-02,8.5156588767e-03,6.0294452914e-01,-4.4939904839e-04,-1.0767468409e-01,-5.9928092497e+00,2.8852699610e-06,4.1751985056e-03,1.9207458101e-01,2.6931559497e+01
54667,2025-03-02 12:05:00,0.244761,8.222248,5.816582,-0.005 1 + 0.002 theta + 1.055 omega + -0.012 theta omega + 0.515 omega^2 + 0.001 theta^2 omega + -0.146 theta omega^2 + -1.394 omega^3,-0.011 1 + 0.003 theta + 0.113 omega + -0.025 theta omega + 1.062 omega^2 + 0.001 theta^2 omega + -0.295 theta omega^2 + -2.784 omega^3,-1.0551260490e-02,3.4777607643e-03,1.1275752869e-01,-1.7818544749e-06,-2.4765472408e-02,1.0621108939e+00,-3.7545250968e-05,1.0715998286e-03,-2.9465335672e-01,-2.7835317746e+00
54668,2025-03-02 12:10:00,0.026078,3.524498,2.492265,0.002 1 + 0.997 omega + -0.001 theta omega + -0.074 omega^2 + 0.012 theta omega^2 + 0.071 omega^3,0.003 1 + -0.005 omega + -0.002 theta omega + -0.129 omega^2 + 0.026 theta omega^2 + 0.022 omega^3,2.8037800210e-03,6.8936869468e-05,-4.8000600224e-03,2.8840502202e-05,-1.6870146512e-03,-1.2941608034e-01,-6.4333787397e-07,-2.9913572926e-04,2.6359340195e-02,2.1724354988e-02
54669,2025-03-02 12:15:00,0.035253,4.690088,3.316486,0.025 1 + 0.657 omega + -0.002 theta omega + 1.496 omega^2 + 0.011 theta omega^2 + -2.046 omega^3,0.049 1 + -0.678 omega + -0.004 theta omega + 2.979 omega^2 + 0.023 theta omega^2 + -4.073 omega^3,4.9007681848e-02,-6.6910524609e-06,-6.7787974323e-01,2.8899968753e-05,-4.0797063626e-03,2.9791813040e+00,1.5774787923e-07,-1.8403550308e-04,2.2980262903e-02,-4.0733639579e+00
54670,2025-03-02 12:20:00,0.006558,0.574608,0.406335,1.523 1 + -0.027 theta + -16.310 omega + 0.207 theta omega + 65.303 omega^2 + -0.001 theta^2 omega + -0.400 theta omega^2 + -81.744 omega^3,3.080 1 + -0.054 theta + -34.998 omega + 0.419 theta omega + 132.006 omega^2 + -0.001 theta^2 omega + -0.807 theta omega^2 + -165.214 omega^3,3.0799642558e+00,-5.4170980632e-02,-3.4997975519e+01,2.9091454828e-04,4.1881852639e-01,1.3200561848e+02,-4.6068817886e-07,-1.1499107389e-03,-8.0687067537e-01,-1.6521363275e+02
54671,2025-03-02 12:25:00,0.004669,0.285135,0.201648,0.121 1 + -0.005 theta + -0.937 omega + 0.043 theta omega + 10.151 omega^2 + -0.101 theta omega^2 + -17.440 omega^3,0.266 1 + -0.011 theta + -4.190 omega + 0.096 theta omega + 21.634 omega^2 + -0.001 theta^2 omega + -0.222 theta omega^2 + -36.703 omega^3,2.6626378358e-01,-1.0501833920e-02,-4.1895888012e+00,1.6470331983e-04,9.5641918748e-02,2.1633842405e+01,-9.1425205995e-07,-6.7278313827e-04,-2.2230826510e-01,-3.6702796115e+01
54672,2025-03-02 12:30:00,0.006963,0.440400,0.311449,-0.012 1 + -0.002 theta + 1.339 omega + 0.011 theta omega + -2.314 omega^2 + 3.970 omega^3,-0.025 1 + -0.003 theta + 0.690 omega + 0.024 theta omega + -4.729 omega^2 + -0.001 theta^2 omega + -0.005 theta omega^2 + 8.311 omega^3,-2.4993008787e-02,-3.4124916560e-03,6.9014012462e-01,7.8975716073e-05,2.3535348686e-02,-4.7285368948e+00,3.2905731593e-08,-5.4199090931e-04,-4.6674140244e-03,8.3108442477e+00
54673,2025-03-02 12:35:00,0.017554,1.799541,1.272528,0.296 1 + -0.016 theta + -2.667 omega + 0.125 theta omega + 14.467 omega^2 + -0.001 theta^2 omega + -0.236 theta omega^2 + -17.821 omega^3,0.593 1 + -0.031 theta + -7.325 omega + 0.001 theta^2 + 0.251 theta omega + 28.828 omega^2 + -0.002 theta^2 omega + -0.472 theta omega^2 + -35.334 omega^3,5.9292486999e-01,-3.1490236698e-02,-7.3246643065e+00,5.9573699803e-04,2.5140959396e-01,2.8828097027e+01,-3.9253061285e-06,-2.3512040841e-03,-4.7199707028e-01,-3.5334185928e+01
54674,2025-03-02 12:40:00,0.037046,2.524042,1.784960,0.002 1 + 0.966 omega + 0.005 theta omega + 0.137 omega^2 + -0.041 theta omega^2 + 0.810 omega^3,0.003 1 + -0.067 omega + 0.009 theta omega + 0.260 omega^2 + -0.093 theta omega^2 + 2.076 omega^3,3.0389401164e-03,-4.0604245266e-04,-6.6745567506e-02,-6.4904609182e-06,9.4151649394e-03,2.6011732457e-01,-3.6238159563e-07,3.7266437812e-04,-9.3144082753e-02,2.0761399121e+00
54675,2025-03-02 12:45:00,0.067147,7.619421,5.387953,-0.005 1 + 0.002 theta + 0.980 omega + -0.020 theta omega + 0.902 omega^2 + 0.035 theta omega^2 + -2.586 omega^3,-0.010 1 + 0.004 theta + -0.044 omega + -0.040 theta omega + 1.813 omega^2 + 0.067 theta omega^2 + -5.111 omega^3,-1.0174614115e-02,4.0842710608e-03,-4.4246345786e-02,-5.0069838068e-05,-3.9696017843e-02,1.8132589465e+00,-8.9059336767e-08,3.9010317183e-04,6.6671461332e-02,-5.1111170428e+00
54676,2025-03-02 12:50:00,nan,nan,nan,-0.038 1 + 0.002 theta + 1.532 omega + -0.027 theta omega + -2.131 omega^2 + 0.089 theta omega^2 + 2.278 omega^3,-0.075 1 + 0.004 theta + 1.048 omega + -0.054 theta omega + -4.175 omega^2 + 0.170 theta omega^2 + 4.654 omega^3,-7.5238982834e-02,3.8787512256e-03,1.0482358453e+00,6.4546838247e-05,-5.4127350594e-02,-4.1745676033e+00,9.4637539000e-08,-3.4294956482e-04,1.7037486803e-01,4.6535614361e+00
54677,2025-03-02 12:55:00,nan,nan,nan,-0.239 1 + 0.017 theta + 3.485 omega + -0.121 theta omega + -8.244 omega^2 + 0.001 theta^2 omega + 0.204 theta omega^2 + 8.852 omega^3,-0.498 1 + 0.035 theta + 5.218 omega + -0.001 theta^2 + -0.252 theta omega + -17.536 omega^2 + 0.003 theta^2 omega + 0.429 theta omega^2 + 19.239 omega^3,-4.9782184564e-01,3.4935762570e-02,5.2179196520e+00,-7.9542936902e-04,-2.5233766751e-01,-1.7536249838e+01,5.7977902344e-06,3.0126126185e-03,4.2944570309e-01,1.9238622527e+01
54678,2025-03-02 13:00:00,nan,nan,nan,0.022 1 + 0.001 theta + 1.320 omega + 0.041 theta omega + 0.999 omega^2 + 0.001 theta^2 omega + 0.049 theta omega^2 + 2.002 omega^3,0.044 1 + 0.002 theta + 0.631 omega + 0.080 theta omega + 1.950 omega^2 + 0.002 theta^2 omega + 0.095 theta omega^2 + 3.987 omega^3,4.3587702654e-02,2.2978197751e-03,6.3143569572e-01,-3.4493767686e-04,8.0495554035e-02,1.9503866631e+00,-1.9258199163e-05,2.4768643625e-03,9.4909440496e-02,3.9868656880e+00
54679,2025-03-02 13:05:00,0.102671,12.336911,8.723816,0.004 1 + -0.001 theta + 0.927 omega + 0.016 theta omega + 0.227 omega^2 + -0.001 theta^2 omega + -0.010 theta omega^2 + -0.761 omega^3,0.008 1 + -0.001 theta + -0.149 omega + 0.034 theta omega + 0.443 omega^2 + -0.001 theta^2 omega + -0.028 theta omega^2 + -1.113 omega^3,7.5163073183e-03,-1.1115277104e-03,-1.4947530562e-01,-8.8133780545e-05,3.3649148600e-02,4.4321762476e-01,6.3061111510e-06,-1.2392772898e-03,-2.8030843019e-02,-1.1129618102e+00
54680,2025-03-02 13:10:00,0.039166,2.439665,1.725326,0.020 1 + -0.004 theta + 0.600 omega + 0.049 theta omega + 2.181 omega^2 + -0.001 theta^2 omega + -0.124 theta omega^2 + -2.708 omega^3,0.040 1 + -0.008 theta + -0.811 omega + 0.101 theta omega + 4.295 omega^2 + -0.003 theta^2 omega + -0.254 theta omega^2 + -4.523 omega^3,3.9949834167e-02,-7.5288174321e-03,-8.1072755207e-01,4.4890273495e-04,1.0078104826e-01,4.2951417894e+00,-8.2034272524e-06,-3.0698667869e-03,-2.5386643007e-01,-4.5234749887e+00
54681,2025-03-02 13:15:00,nan,nan,nan,-0.044 1 + -0.001 theta + 2.350 omega + 0.016 theta omega + -13.217 omega^2 + -0.062 theta omega^2 + 42.070 omega^3,-0.092 1 + -0.002 theta + 2.789 omega + 0.033 theta omega + -27.372 omega^2 + -0.131 theta omega^2 + 87.553 omega^3,-9.1929089078e-02,-2.0601507677e-03,2.7886638483e+00,5.5191959958e-06,3.3462926378e-02,-2.7372354888e+01,1.8790504142e-07,-1.0660776680e-04,-1.3103731076e-01,8.7552775303e+01
54682,2025-03-02 13:20:00,0.020931,0.626023,0.442913,-0.001 1 + 0.001 theta + 1.048 omega + -0.030 theta omega + 0.122 omega^2 + 0.003 theta^2 omega + 0.024 theta omega^2 + -1.348 omega^3,-0.002 1 + 0.003 theta + 0.095 omega + -0.061 theta omega + 0.289 omega^2 + 0.005 theta^2 omega + 0.046 theta omega^2 + -2.656 omega^3,-2.4750206609e-03,2.7092266124e-03,9.4807123027e-02,-3.3862858307e-04,-6.1217489034e-02,2.8944342704e-01,7.5755536521e-06,5.2011180931e-03,4.6342013180e-02,-2.6559813413e+00
54683,2025-03-02 13:25:00,2.456839,2.089460,2.280559,-0.001 1 + -0.001 theta + 1.012 omega + 0.010 theta omega + 0.246 omega^2 + 0.002 theta^2 omega + 0.065 theta omega^2 + -0.124 omega^3,-0.002 1 + -0.002 theta + 0.025 omega + -0.001 theta^2 + 0.021 theta omega + 0.409 omega^2 + 0.004 theta^2 omega + 0.119 theta omega^2 + -0.109 omega^3,-1.7853425712e-03,-2.0136150355e-03,2.4980953205e-02,-7.4944715987e-04,2.0958479656e-02,4.0934592093e-01,-9.2978201443e-05,4.3493771451e-03,1.1898366293e-01,-1.0878124117e-01
54684,2025-03-02 13:30:00,0.113075,9.488906,6.710146,0.001 1 + -0.001 theta + 0.975 omega + 0.010 theta omega + 0.278 omega^2 + -0.054 theta omega^2 + -0.489 omega^3,0.002 1 + -0.002 theta + -0.046 omega + 0.020 theta omega + 0.514 omega^2 + -0.116 theta omega^2 + -0.654 omega^3,2.2954376570e-03,-1.7479783939e-03,-4.6260837242e-02,2.1246157336e-04,1.9944244940e-02,5.1380727704e-01,-4.6169958857e-06,-4.2983512455e-04,-1.1568655936e-01,-6.5388823876e-01
54685,2025-03-02 13:35:00,0.013437,1.529071,1.081258,0.090 1 + -0.004 theta + -0.233 omega + 0.033 theta omega + 5.449 omega^2 + -0.076 theta omega^2 + -7.777 omega^3,0.161 1 + -0.007 theta + -2.164 omega + 0.061 theta omega + 9.347 omega^2 + -0.138 theta omega^2 + -12.897 omega^3,1.6079987382e-01,-6.5401944769e-03,-2.1638436183e+00,8.6053067042e-05,6.0583438530e-02,9.3472783432e+00,-3.9542113165e-07,-3.9465056435e-04,-1.3775855491e-01,-1.2896511472e+01
54686,2025-03-02 13:40:00,0.033439,2.732270,1.932151,0.093 1 + -0.011 theta + -0.256 omega + 0.099 theta omega + 5.142 omega^2 + -0.002 theta^2 omega + -0.209 theta omega^2 + -5.789 omega^3,0.188 1 + -0.022 theta + -2.555 omega + 0.001 theta^2 + 0.201 theta omega + 10.513 omega^2 + -0.004 theta^2 omega + -0.425 theta omega^2 + -11.902 omega^3,1.8837796812e-01,-2.1960467973e-02,-2.5549179594e+00,8.4437139432e-04,2.0064622118e-01,1.0513234550e+01,-1.0695299077e-05,-3.9018144596e-03,-4.2518148582e-01,-1.1901760632e+01
54687,2025-03-02 13:45:00,0.017499,0.606442,0.428998,-0.001 1 + 1.052 omega + -0.014 theta omega + 0.196 omega^2 + -0.001 theta^2 omega + 0.127 theta omega^2 + -5.416 omega^3,-0.003 1 + 0.107 omega + -0.027 theta omega + 0.326 omega^2 + -0.001 theta^2 omega + 0.247 theta omega^2 + -10.417 omega^3,-2.6500040795e-03,-3.9988620939e-04,1.0746493096e-01,2.0527528979e-04,-2.6879642508e-02,3.2565169656e-01,3.4452726684e-08,-1.4135945368e-03,2.4742814501e-01,-1.0416805057e+01
54688,2025-03-02 13:50:00,0.009673,1.280635,0.905572,0.169 1 + 0.003 theta + -2.020 omega + -0.032 theta omega + 17.447 omega^2 + 0.079 theta omega^2 + -32.747 omega^3,0.330 1 + 0.007 theta + -5.945 omega + -0.065 theta omega + 34.484 omega^2 + 0.159 theta omega^2 + -64.894 omega^3,3.3048890333e-01,6.5054199114e-03,-5.9448480139e+00,6.8490661704e-06,-6.5065624548e-02,3.4484337555e+01,4.0841222433e-10,-2.0956868852e-05,1.5905753169e-01,-6.4894378260e+01
54689,2025-03-02 13:55:00,0.018526,1.757916,1.243103,0.398 1 + -0.006 theta + -3.719 omega + 0.049 theta omega + 18.253 omega^2 + -0.098 theta omega^2 + -22.923 omega^3,0.794 1 + -0.012 theta + -9.413 omega + 0.097 theta omega + 36.352 omega^2 + -0.197 theta omega^2 + -45.505 omega^3,7.9437019959e-01,-1.1671369067e-02,-9.4128184586e+00,5.1311718943e-05,9.6632201078e-02,3.6352499965e+01,-8.1880951731e-08,-2.1989358867e-04,-1.9659261845e-01,-4.5504697715e+01
54690,2025-03-02 14:00:00,0.060636,3.992030,2.823117,0.001 1 + -0.001 theta + 1.084 omega + 0.584 omega^2 + 0.007 theta omega^2 + 1.013 omega^3,0.002 1 + -0.001 theta + 0.171 omega + 1.188 omega^2 + 0.014 theta omega^2 + 2.098 omega^3,2.0196260323e-03,-1.0596637603e-03,1.7103934174e-01,-6.6327102652e-05,1.3051297394e-04,1.1878517695e+00,-9.8425515256e-07,-1.2281957992e-04,1.4290809074e-02,2.0984174371e+00
54691,2025-03-02 14:05:00,0.059612,3.156052,2.232064,-0.061 1 + -0.003 theta + 0.384 omega + -0.021 theta omega + -1.790 omega^2 + -0.036 theta omega^2 + -1.209 omega^3,-0.122 1 + -0.005 theta + -1.245 omega + -0.042 theta omega + -3.689 omega^2 + -0.075 theta omega^2 + -2.559 omega^3,-1.2186595458e-01,-5.2846579887e-03,-1.2453582186e+00,-5.2410448562e-05,-4.1716399049e-02,-3.6888047908e+00,9.0642145730e-08,-2.9193356862e-04,-7.4868080707e-02,-2.5588461013e+00
54692,2025-03-02 14:10:00,0.069248,3.406132,2.408997,-0.001 1 + -0.003 theta + 0.988 omega + -0.001 theta^2 + 0.003 theta omega + -0.290 omega^2 + 0.001 theta^2 omega + -0.061 theta omega^2 + 1.114 omega^3,-0.002 1 + -0.006 theta + -0.021 omega + -0.002 theta^2 + 0.007 theta omega + -0.559 omega^2 + 0.002 theta^2 omega + -0.113 theta omega^2 + 2.214 omega^3,-2.4901009149e-03,-6.2508537859e-03,-2.1273047321e-02,-2.2901090126e-03,6.7818856052e-03,-5.5949025045e-01,-2.2392796414e-04,1.5793029971e-03,-1.1339779203e-01,2.2139298928e+00
54693,2025-03-02 14:15:00,0.010614,0.316113,0.223652,-0.001 1 + 1.001 omega + -0.027 theta omega + 0.346 omega^2 + -0.001 theta^2 omega + 0.050 theta omega^2 + -2.143 omega^3,-0.001 1 + -0.001 theta + 0.003 omega + -0.055 theta omega + 0.692 omega^2 + -0.003 theta^2 omega + 0.100 theta omega^2 + -4.343 omega^3,-1.3930363758e-03,-6.5104675656e-04,3.0546950159e-03,3.4532671505e-04,-5.5224566569e-02,6.9203950497e-01,1.7962098320e-05,-3.0091672775e-03,9.9932513133e-02,-4.3432133833e+00
54694,2025-03-02 14:20:00,nan,nan,nan,0.002 1 + 1.003 omega + 0.004 theta omega + -0.142 omega^2 + -0.017 theta omega^2 + 0.048 omega^3,0.004 1 + 0.004 omega + 0.009 theta omega + -0.296 omega^2 + 0.001 theta^2 omega + -0.034 theta omega^2 + 0.184 omega^3,4.4980233066e-03,1.7088789669e-05,3.8803968548e-03,-1.8276256653e-04,8.7247956548e-03,-2.9598091897e-01,-1.5590791866e-05,9.7105529642e-04,-3.3720820103e-02,1.8351600837e-01
54695,2025-03-02 14:25:00,0.985772,54.123059,38.277129,0.001 1 + 0.001 theta + 0.938 omega + -0.012 theta omega + 0.854 omega^2 + 0.002 theta^2 omega + -0.064 theta omega^2 + -0.918 omega^3,0.003 1 + 0.002 theta + -0.123 omega + -0.025 theta omega + 1.707 omega^2 + 0.003 theta^2 omega + -0.129 theta omega^2 + -1.808 omega^3,2.6641119114e-03,2.2325030265e-03,-1.2283965678e-01,-1.3660899105e-04,-2.4908525188e-02,1.7074489570e+00,-7.1516454427e-06,3.1227059480e-03,-1.2856575155e-01,-1.8076488210e+00
54696,2025-03-02 14:30:00,0.088088,2.927074,2.070691,-0.001 1 + -0.001 theta + 1.019 omega + 0.001 theta omega + 0.044 omega^2 + 0.002 theta omega^2 + -0.133 omega^3,-0.002 1 + -0.002 theta + 0.038 omega + 0.001 theta omega + 0.074 omega^2 + 0.004 theta omega^2 + -0.333 omega^3,-1.8726209780e-03,-2.0870899983e-03,3.8351409412e-02,-2.5403166989e-04,9.6855817693e-04,7.3766073626e-02,-7.3991178626e-06,-6.0876299845e-05,3.5823468369e-03,-3.3301069134e-01
54697,2025-03-02 14:35:00,nan,nan,nan,0.005 1 + -0.001 theta + 1.021 omega + 0.006 theta omega + -0.313 omega^2 + -0.039 theta omega^2 + 0.124 omega^3,0.011 1 + -0.002 theta + 0.041 omega + -0.001 theta^2 + 0.011 theta omega + -0.618 omega^2 + 0.001 theta^2 omega + -0.077 theta omega^2 + 0.249 omega^3,1.0907487147e-02,-1.9080146929e-03,4.0852403306e-02,-6.2647767192e-04,1.0985248753e-02,-6.1756138353e-01,-2.9960011404e-05,5.1206202468e-04,-7.7096821443e-02,2.4891103348e-01
54698,2025-03-02 14:40:00,0.135787,12.741771,9.010304,-0.010 1 + 0.001 theta + 1.030 omega + -0.004 theta omega + 0.288 omega^2 + -0.031 theta omega^2 + -0.317 omega^3,-0.019 1 + 0.002 theta + 0.056 omega + -0.009 theta omega + 0.586 omega^2 + -0.061 theta omega^2 + -0.538 omega^3,-1.9246769287e-02,2.3465464013e-03,5.6431668603e-02,2.3591897371e-05,-8.8800411800e-03,5.8563908138e-01,-7.5682177700e-06,4.2729072735e-04,-6.1317025438e-02,-5.3806386748e-01
54699,2025-03-02 14:45:00,nan,nan,nan,0.030 1 + 0.009 theta + 1.227 omega + 0.001 theta^2 + 0.047 theta omega + 0.177 omega^2 + 0.002 theta^2 omega + -0.004 theta omega^2 + 0.128 omega^3,0.063 1 + 0.020 theta + 0.471 omega + 0.002 theta^2 + 0.100 theta omega + 0.384 omega^2 + 0.005 theta^2 omega + -0.004 theta omega^2 + 0.484 omega^3,6.3417194458e-02,1.9621171666e-02,4.7110517995e-01,1.8432555802e-03,9.9523270461e-02,3.8374909917e-01,5.3144649309e-05,5.0860121834e-03,-3.9129385382e-03,4.8354287162e-01
54700,2025-03-02 14:50:00,0.062953,1.458146,1.032025,0.002 1 + -0.002 theta + 0.965 omega + 0.001 theta^2 + 0.030 theta omega + -0.595 omega^2 + -0.003 theta^2 omega + 0.313 theta omega^2 + -1.057 omega^3,0.004 1 + -0.004 theta + -0.070 omega + 0.001 theta^2 + 0.063 theta omega + -1.155 omega^2 + -0.006 theta^2 omega + 0.624 theta omega^2 + -1.766 omega^3,4.4406945899e-03,-4.4124844455e-03,-7.0296883201e-02,1.0089515864e-03,6.2546588924e-02,-1.1549859560e+00,-1.0837831858e-04,-6.3663522566e-03,6.2397662211e-01,-1.7656382699e+00
54701,2025-03-02 14:55:00,0.062910,5.022471,3.551702,0.001 1 + -0.001 theta + 0.997 omega + 0.006 theta omega + -0.058 omega^2 + 0.005 theta omega^2 + 0.057 omega^3,0.002 1 + -0.001 theta + -0.004 omega + 0.012 theta omega + -0.121 omega^2 + -0.001 theta^2 omega + 0.010 theta omega^2 + 0.044 omega^3,1.9839539356e-03,-1.0683193238e-03,-3.6922626575e-03,4.8397439876e-05,1.1563715321e-02,-1.2093235688e-01,5.2131379335e-07,-7.7877675852e-04,1.0398614964e-02,4.3825066848e-02
54702,2025-03-02 15:00:00,0.108541,8.727461,6.171724,0.001 1 + -0.001 theta + 0.999 omega + 0.010 theta omega + -0.026 omega^2 + -0.001 theta^2 omega + 0.037 theta omega^2 + -3.209 omega^3,0.001 1 + -0.001 theta + 0.021 theta omega + 0.006 omega^2 + -0.002 theta^2 omega + 0.073 theta omega^2 + -6.614 omega^3,1.1561068773e-03,-1.2806773832e-03,-2.2294526907e-04,7.7389846955e-05,2.0519659698e-02,6.0071667575e-03,5.5775197509e-07,-1.5403402684e-03,7.2758840055e-02,-6.6141456384e+00
54703,2025-03-02 15:05:00,nan,nan,nan,0.004 1 + -0.002 theta + 1.016 omega + -0.014 theta omega + -0.477 omega^2 + 0.002 theta^2 omega + 0.062 theta omega^2 + 1.540 omega^3,0.010 1 + -0.004 theta + 0.013 omega + 0.001 theta^2 + -0.022 theta omega + -0.839 omega^2 + 0.003 theta^2 omega + 0.103 theta omega^2 + 2.830 omega^3,9.7448282303e-03,-3.8051499380e-03,1.3481862540e-02,6.0538811111e-04,-2.1516174598e-02,-8.3934523359e-01,-4.3289350295e-05,3.0935167086e-03,1.0317549086e-01,2.8300457165e+00
54704,2025-03-02 15:10:00,0.066991,2.145501,1.517838,-0.003 1 + -0.005 theta + 0.979 omega + -0.002 theta^2 + -0.020 theta omega + -0.171 omega^2 + -0.003 theta^2 omega + -0.104 theta omega^2 + 0.091 omega^3,-0.006 1 + -0.010 theta + -0.040 omega + -0.004 theta^2 + -0.040 theta omega + -0.346 omega^2 + -0.007 theta^2 omega + -0.211 theta omega^2 + 0.182 omega^3,-5.7199343495e-03,-9.9765507875e-03,-3.9941269665e-02,-4.2111710052e-03,-3.9992477287e-02,-3.4554395734e-01,-4.8307849215e-04,-6.6296136010e-03,-2.1088120697e-01,1.8182007739e-01
54705,2025-03-02 15:15:00,0.014973,0.517538,0.366107,0.991 omega + 0.001 theta omega + -0.003 omega^2 + 0.002 theta omega^2 + 0.347 omega^3,-0.017 omega + 0.001 theta omega + -0.012 omega^2 + 0.004 theta omega^2 + 0.631 omega^3,-2.5468014740e-04,-1.4931656357e-04,-1.6620025954e-02,-8.4178451828e-05,9.9498694372e-04,-1.1856415885e-02,-3.9811097671e-06,-9.0038414608e-05,3.6344224861e-03,6.3085002792e-01
54706,2025-03-02 15:20:00,0.089605,8.992389,6.358895,-0.038 1 + -0.004 theta + 0.574 omega + -0.042 theta omega + -1.072 omega^2 + -0.098 theta omega^2 + 0.550 omega^3,-0.075 1 + -0.008 theta + -0.844 omega + -0.083 theta omega + -2.109 omega^2 + -0.001 theta^2 omega + -0.193 theta omega^2 + 1.101 omega^3,-7.5268575192e-02,-8.1586833794e-03,-8.4400917895e-01,-1.5314672975e-04,-8.3222952893e-02,-2.1089734102e+00,-4.4844754526e-07,-9.5271349585e-04,-1.9303462134e-01,1.1010688966e+00
54707,2025-03-02 15:25:00,nan,nan,nan,-0.005 1 + -0.001 theta + 0.931 omega + -0.011 theta omega + -0.354 omega^2 + -0.043 theta omega^2 + -0.213 omega^3,-0.009 1 + -0.002 theta + -0.141 omega + -0.023 theta omega + -0.704 omega^2 + -0.089 theta omega^2 + -0.261 omega^3,-9.0740027998e-03,-1.8310840620e-03,-1.4102631845e-01,-7.5201762653e-05,-2.2694045229e-02,-7.0383423235e-01,-1.1202469740e-06,-3.6574755625e-04,-8.9390839914e-02,-2.6105616706e-01
54708,2025-03-02 15:30:00,nan,nan,nan,0.006 1 + 0.002 theta + 1.106 omega + 0.019 theta omega + 0.397 omega^2 + 0.001 theta^2 omega + 0.021 theta omega^2 + 0.453 omega^3,0.012 1 + 0.004 theta + 0.220 omega + 0.039 theta omega + 0.820 omega^2 + 0.002 theta^2 omega + 0.042 theta omega^2 + 1.048 omega^3,1.2238047548e-02,3.6725665870e-03,2.1957016035e-01,1.6960180479e-04,3.9288065318e-02,8.1951775284e-01,-6.1970376827e-07,1.5816516341e-03,4.2471911295e-02,1.0478242950e+00
54709,2025-03-02 15:35:00,0.053044,6.397190,4.523652,-0.001 1 + 0.925 omega + -0.007 theta omega + -0.396 omega^2 + -0.102 theta omega^2 + 3.862 omega^3,-0.001 1 + 0.001 theta + -0.151 omega + -0.015 theta omega + -0.806 omega^2 + 0.001 theta^2 omega + -0.213 theta omega^2 + 7.980 omega^3,-1.1232166151e-03,8.2074447586e-04,-1.5083814988e-01,1.1983901407e-04,-1.4641283634e-02,-8.0586071630e-01,1.3226214494e-06,8.0466844992e-04,-2.1288222880e-01,7.9799015109e+00
54710,2025-03-02 15:40:00,0.067754,2.451857,1.734386,-0.007 1 + -0.003 theta + 0.922 omega + -0.017 theta omega + -0.319 omega^2 + -0.001 theta^2 omega + -0.045 theta omega^2 + -0.316 omega^3,-0.015 1 + -0.007 theta + -0.166 omega + -0.001 theta^2 + -0.037 theta omega + -0.654 omega^2 + -0.002 theta^2 omega + -0.089 theta omega^2 + -0.772 omega^3,-1.4950340183e-02,-6.5197454578e-03,-1.6554215046e-01,-9.3165328428e-04,-3.7321005640e-02,-6.5445415297e-01,-4.0098986956e-05,-1.8725513172e-03,-8.9043693555e-02,-7.7177113647e-01
54711,2025-03-02 15:45:00,0.043619,1.977257,1.398472,-0.016 1 + -0.001 theta + 0.704 omega + -0.013 theta omega + -1.037 omega^2 + -0.052 theta omega^2 + 2.266 omega^3,-0.032 1 + -0.001 theta + -0.601 omega + -0.026 theta omega + -2.121 omega^2 + -0.106 theta omega^2 + 4.798 omega^3,-3.2311146004e-02,-1.1047622204e-03,-6.0137895216e-01,2.9960827976e-05,-2.6162005664e-02,-2.1207285090e+00,6.6050230568e-07,-4.4516894289e-05,-1.0551795617e-01,4.7976427381e+00
54712,2025-03-02 15:50:00,0.103224,5.411317,3.827075,0.002 1 + -0.002 theta + 0.961 omega + 0.036 theta omega + 0.376 omega^2 + -0.004 theta^2 omega + -0.068 theta omega^2 + -2.485 omega^3,0.004 1 + -0.004 theta + -0.074 omega + 0.001 theta^2 + 0.070 theta omega + 0.753 omega^2 + -0.008 theta^2 omega + -0.134 theta omega^2 + -5.086 omega^3,4.1057982979e-03,-4.3421628761e-03,-7.4016968898e-02,6.4459874777e-04,7.0446568255e-02,7.5343233028e-01,-2.2697164762e-05,-7.7420595468e-03,-1.3376669981e-01,-5.0857155592e+00
54713,2025-03-02 15:55:00,0.068020,2.298245,1.625816,0.004 1 + 0.001 theta + 1.007 omega + 0.004 theta omega + -0.201 omega^2 + 0.002 theta omega^2 + -0.766 omega^3,0.009 1 + 0.002 theta + 0.030 omega + 0.010 theta omega + -0.314 omega^2 + 0.008 theta omega^2 + -1.513 omega^3,8.6858947475e-03,2.2915422277e-03,2.9689129978e-02,1.3631431354e-04,9.6518185903e-03,-3.1445968112e-01,1.9021300316e-06,3.2238655791e-04,7.7679870559e-03,-1.5125363267e+00
54714,2025-03-02 16:00:00,nan,nan,nan,0.012 1 + 0.002 theta + 1.142 omega + 0.026 theta omega + 0.237 omega^2 + 0.084 theta omega^2 + -0.935 omega^3,0.024 1 + 0.004 theta + 0.291 omega + 0.053 theta omega + 0.493 omega^2 + 0.172 theta omega^2 + -1.923 omega^3,2.3824506360e-02,3.9177100623e-03,2.9142438538e-01,-8.5449989740e-05,5.3175471775e-02,4.9295162080e-01,-9.6598844969e-08,-4.4296089862e-04,1.7185657354e-01,-1.9231528772e+00
54715,2025-03-02 16:05:00,0.141659,5.490496,3.883659,-0.005 1 + -0.001 theta + 1.021 omega + -0.005 theta omega + 0.224 omega^2 + -0.001 theta^2 omega + 0.041 theta omega^2 + -0.758 omega^3,-0.009 1 + -0.001 theta + 0.043 omega + -0.010 theta omega + 0.437 omega^2 + -0.003 theta^2 omega + 0.081 theta omega^2 + -1.569 omega^3,-9.4566417443e-03,-1.2628316676e-03,4.3070112619e-02,2.8959384700e-04,-9.7037094335e-03,4.3722000722e-01,3.0264030880e-05,-2.9291954434e-03,8.1273040156e-02,-1.5688171653e+00
54716,2025-03-02 16:10:00,0.036477,3.850196,2.722622,0.010 1 + 0.627 omega + 0.021 theta omega + 3.137 omega^2 + -0.129 theta omega^2 + -7.026 omega^3,0.018 1 + -0.714 omega + 0.039 theta omega + 6.143 omega^2 + -0.253 theta omega^2 + -13.837 omega^3,1.7630465704e-02,-2.4347052318e-04,-7.1389867820e-01,-8.1328439240e-05,3.8766686106e-02,6.1429857155e+00,2.0837982136e-06,-7.3682597416e-06,-2.5266785036e-01,-1.3836990296e+01
54717,2025-03-02 16:15:00,nan,nan,nan,-0.091 1 + 0.002 theta + 2.946 omega + -0.021 theta omega + -14.024 omega^2 + 0.067 theta omega^2 + 33.705 omega^3,-0.186 1 + 0.003 theta + 3.967 omega + -0.043 theta omega + -28.500 omega^2 + 0.138 theta omega^2 + 68.389 omega^3,-1.8565567005e-01,3.3443517410e-03,3.9668191910e+00,-1.7752468167e-05,-4.3359880722e-02,-2.8499817599e+01,-1.8336920289e-07,1.7878982598e-04,1.3837996537e-01,6.8388938273e+01
54718,2025-03-02 16:20:00,0.125026,12.302847,8.699876,0.004 1 + 0.002 theta + 0.983 omega + -0.002 theta omega + -0.116 omega^2 + -0.020 theta omega^2 + 0.345 omega^3,0.008 1 + 0.003 theta + -0.037 omega + -0.003 theta omega + -0.232 omega^2 + -0.040 theta omega^2 + 0.739 omega^3,7.7792689090e-03,3.4204578709e-03,-3.6560105607e-02,1.9345391264e-04,-3.2942568311e-03,-2.3241375238e-01,-3.9264333178e-05,4.5144012447e-04,-3.9811190835e-02,7.3935941472e-01
54719,2025-03-02 16:25:00,nan,nan,nan,0.001 1 + 0.001 theta + 1.036 omega + -0.014 theta omega + -0.367 omega^2 + 0.001 theta^2 omega + 0.012 theta omega^2 + 1.287 omega^3,0.003 1 + 0.002 theta + 0.073 omega + -0.028 theta omega + -0.720 omega^2 + 0.002 theta^2 omega + 0.023 theta omega^2 + 2.599 omega^3,2.5828854718e-03,1.6920464625e-03,7.3413357922e-02,-1.5599051710e-04,-2.7698012655e-02,-7.1992691994e-01,1.6374867786e-06,1.6372318272e-03,2.2665691083e-02,2.5986077684e+00
54720,2025-03-02 16:30:00,0.233104,7.680149,5.433186,0.003 1 + 1.016 omega + -0.001 theta omega + -0.134 omega^2 + 0.006 theta omega^2 + -0.284 omega^3,0.006 1 + -0.001 theta + 0.034 omega + -0.001 theta omega + -0.265 omega^2 + 0.012 theta omega^2 + -0.607 omega^3,6.3658471671e-03,-7.6567585208e-04,3.3640262941e-02,-2.0541102514e-04,-1.3788175974e-03,-2.6474984227e-01,2.3071153416e-05,-3.5658542307e-04,1.2017578192e-02,-6.0656682104e-01
54721,2025-03-02 16:35:00,0.140085,2.050885,1.453574,-0.001 theta + 1.005 omega + -0.007 theta omega + 0.123 omega^2 + 0.001 theta^2 omega + -0.030 theta omega^2 + -0.167 omega^3,-0.001 theta + 0.011 omega + 0.001 theta^2 + -0.013 theta omega + 0.252 omega^2 + 0.003 theta^2 omega + -0.062 theta omega^2 + -0.379 omega^3,-2.7941118952e-04,-1.3376814655e-03,1.0585332767e-02,5.0649466486e-04,-1.3303802984e-02,2.5189756560e-01,-4.7207650697e-05,2.6613047037e-03,-6.1765521638e-02,-3.7879729832e-01
54722,2025-03-02 16:40:00,0.116735,8.470070,5.989812,-0.001 1 + -0.002 theta + 1.009 omega + 0.004 theta omega + 0.089 omega^2 + -0.012 theta omega^2 + -0.108 omega^3,-0.002 1 + -0.003 theta + 0.021 omega + 0.001 theta^2 + 0.008 theta omega + 0.180 omega^2 + -0.001 theta^2 omega + -0.022 theta omega^2 + -0.307 omega^3,-2.4308374176e-03,-3.3183015583e-03,2.0615788740e-02,5.5425605455e-04,8.3422565454e-03,1.8029760504e-01,-2.0691895120e-05,-7.6826358587e-04,-2.1553201092e-02,-3.0663171889e-01
54723,2025-03-02 16:45:00,nan,nan,nan,0.001 1 + 0.965 omega + 0.009 theta omega + 0.022 omega^2 + -0.017 theta omega^2 + 0.794 omega^3,0.002 1 + -0.067 omega + 0.019 theta omega + 0.031 omega^2 + -0.001 theta^2 omega + -0.034 theta omega^2 + 1.624 omega^3,1.5024932134e-03,-3.6640600485e-04,-6.7171539353e-02,-3.4350792832e-05,1.8633834657e-02,3.1289577065e-02,2.2861555990e-06,-6.4067354194e-04,-3.3778746830e-02,1.6238788225e+00
54724,2025-03-02 16:50:00,nan,nan,nan,-0.045 1 + 0.009 theta + 1.746 omega + -0.087 theta omega + -5.152 omega^2 + 0.002 theta^2 omega + 0.235 theta omega^2 + 13.818 omega^3,-0.091 1 + 0.018 theta + 1.511 omega + -0.001 theta^2 + -0.175 theta omega + -10.358 omega^2 + 0.005 theta^2 omega + 0.471 theta omega^2 + 27.721 omega^3,-9.1315008870e-02,1.7506026494e-02,1.5105840829e+00,-9.3842093829e-04,-1.7513649571e-01,-1.0358357318e+01,1.4614682480e-05,4.7938245444e-03,4.7127123234e-01,2.7721136678e+01
54725,2025-03-02 16:55:00,0.029965,1.307506,0.924789,1.010 omega + -0.002 theta omega + -0.192 omega^2 + 0.003 theta^2 omega + -0.051 theta omega^2 + -1.033 omega^3,-0.001 theta + 0.020 omega + -0.005 theta omega + -0.372 omega^2 + 0.005 theta^2 omega + -0.114 theta omega^2 + -1.865 omega^3,-5.9765037056e-05,-7.5525933361e-04,1.9724160716e-02,1.9738966820e-04,-5.0589965523e-03,-3.7192971364e-01,-4.6139103222e-05,5.2916104994e-03,-1.1383556698e-01,-1.8647599745e+00
54726,2025-03-02 17:00:00,0.174671,8.951118,6.330601,0.022 1 + 0.001 theta + 1.059 omega + 0.005 theta omega + -0.352 omega^2 + -0.007 theta omega^2 + -0.419 omega^3,0.043 1 + 0.001 theta + 0.109 omega + 0.010 theta omega + -0.698 omega^2 + -0.014 theta omega^2 + -0.775 omega^3,4.2640511918e-02,1.4611524378e-03,1.0880493117e-01,-3.5143742669e-05,1.0463541947e-02,-6.9765844188e-01,-1.1589444163e-06,1.9142276520e-04,-1.4388513784e-02,-7.7506034906e-01
54727,2025-03-02 17:05:00,nan,nan,nan,0.001 1 + -0.003 theta + 1.013 omega + 0.001 theta^2 + -0.014 theta omega + 0.108 omega^2 + 0.001 theta^2 omega + -0.005 theta omega^2 + 0.795 omega^3,0.002 1 + -0.005 theta + 0.027 omega + 0.001 theta^2 + -0.028 theta omega + 0.222 omega^2 + 0.003 theta^2 omega + -0.012 theta omega^2 + 1.580 omega^3,2.1085585406e-03,-5.3079856640e-03,2.6960027009e-02,1.2289236476e-03,-2.8156073552e-02,2.2182191437e-01,-7.6056377507e-05,2.9502396158e-03,-1.2452449585e-02,1.5798815295e+00
54728,2025-03-02 17:10:00,1.442744,120.244134,85.031562,0.019 1 + 0.003 theta + 1.017 omega + 0.014 theta omega + -0.952 omega^2 + 0.001 theta^2 omega + -0.031 theta omega^2 + -1.244 omega^3,0.037 1 + 0.006 theta + 0.041 omega + 0.027 theta omega + -1.850 omega^2 + 0.001 theta^2 omega + -0.061 theta omega^2 + -2.436 omega^3,3.7387358371e-02,5.5239433060e-03,4.1128292838e-02,1.8129229542e-04,2.7154240621e-02,-1.8502800502e+00,5.7485954689e-07,1.0644162346e-03,-6.1116562776e-02,-2.4355052414e+00
54729,2025-03-02 17:15:00,0.024751,1.063410,0.752148,0.001 1 + 1.015 omega + 0.001 theta omega + -0.035 omega^2 + 0.010 theta omega^2 + -0.925 omega^3,0.003 1 + 0.030 omega + 0.001 theta omega + -0.056 omega^2 + 0.017 theta omega^2 + -1.750 omega^3,2.5109688408e-03,-9.3688905326e-05,3.0086558466e-02,-9.3937533184e-05,1.0351495073e-03,-5.6290589979e-02,-2.5266288059e-06,-3.3312812433e-04,1.6950887094e-02,-1.7503196111e+00
54730,2025-03-02 17:20:00,nan,nan,nan,0.017 1 + 0.005 theta + 1.137 omega + 0.026 theta omega + 0.543 omega^2 + 0.001 theta^2 omega + 0.001 theta omega^2 + 2.642 omega^3,0.035 1 + 0.011 theta + 0.278 omega + 0.001 theta^2 + 0.053 theta omega + 1.091 omega^2 + 0.002 theta^2 omega + 0.002 theta omega^2 + 5.297 omega^3,3.5276339952e-02,1.0888830479e-02,2.7829103137e-01,8.0689698442e-04,5.3038829190e-02,1.0910914904e+00,1.6939857490e-05,2.2483396818e-03,2.0691146268e-03,5.2970391308e+00
54731,2025-03-02 17:25:00,0.074244,6.325368,4.473019,-0.002 1 + 0.990 omega + 0.002 theta omega + 0.422 omega^2 + -0.091 theta omega^2 + 1.089 omega^3,-0.005 1 + -0.020 omega + 0.001 theta^2 + 0.005 theta omega + 0.853 omega^2 + -0.185 theta omega^2 + 2.109 omega^3,-4.5327615379e-03,-4.5290071094e-04,-2.0352378832e-02,8.8382837187e-04,4.8422354493e-03,8.5338377359e-01,-1.0816517292e-04,-4.7382761802e-04,-1.8473746536e-01,2.1086056265e+00
54732,2025-03-02 17:30:00,0.008424,0.467574,0.330679,-0.001 1 + -0.001 theta + 1.014 omega + -0.001 theta^2 omega + 0.013 theta omega^2 + -0.563 omega^3,-0.002 1 + -0.001 theta + 0.027 omega + -0.006 omega^2 + -0.001 theta^2 omega + 0.026 theta omega^2 + -1.016 omega^3,-1.7764107766e-03,-1.1462980381e-03,2.7360938035e-02,3.2079673075e-04,8.6087708269e-05,-5.9711420351e-03,-5.6137660841e-06,-1.1330651244e-03,2.6265550560e-02,-1.0159622705e+00
54733,2025-03-02 17:35:00,0.022618,2.494856,1.764202,0.005 1 + -0.001 theta + 0.767 omega + 0.008 theta omega + 1.779 omega^2 + -0.012 theta omega^2 + -3.573 omega^3,0.002 1 + -0.003 theta + -0.380 omega + 0.014 theta omega + 3.269 omega^2 + -0.021 theta omega^2 + -6.787 omega^3,1.5166878967e-03,-2.5757203603e-03,-3.8040141670e-01,7.1328287666e-05,1.4037570345e-02,3.2686390762e+00,-3.4808555426e-07,-2.1822611979e-04,-2.1458068900e-02,-6.7874325320e+00
54734,2025-03-02 17:40:00,nan,nan,nan,0.117 1 + -0.013 theta + -0.122 omega + 0.096 theta omega + 2.563 omega^2 + -0.002 theta^2 omega + -0.152 theta omega^2 + 0.476 omega^3,0.234 1 + -0.026 theta + -2.263 omega + 0.001 theta^2 + 0.193 theta omega + 5.200 omega^2 + -0.004 theta^2 omega + -0.308 theta omega^2 + 0.911 omega^3,2.3449467105e-01,-2.5862450636e-02,-2.2628468071e+00,8.5260228355e-04,1.9349399126e-01,5.2003076580e+00,-7.9099979551e-06,-3.7091646973e-03,-3.0756671375e-01,9.1091939007e-01
54735,2025-03-02 17:45:00,0.045388,1.854733,1.311887,-0.001 1 + 1.002 omega + 0.012 omega^2 + -0.003 theta omega^2 + 0.006 omega^3,-0.002 1 + -0.001 theta + 0.004 omega + -0.001 theta omega + 0.022 omega^2 + -0.007 theta omega^2 + 0.032 omega^3,-1.7818356799e-03,-6.9278808835e-04,4.4047992637e-03,-5.3376635238e-05,-9.8880928948e-04,2.2093335700e-02,-1.1802235151e-06,-7.3568168539e-06,-6.7604108739e-03,3.1737080393e-02
54736,2025-03-02 17:50:00,0.084649,2.526742,1.787678,0.001 1 + 1.037 omega + -0.001 theta^2 + -0.021 theta omega + -0.336 omega^2 + -0.010 theta^2 omega + -0.131 theta omega^2 + -4.011 omega^3,0.003 1 + -0.001 theta + 0.076 omega + -0.002 theta^2 + -0.042 theta omega + -0.660 omega^2 + -0.020 theta^2 omega + -0.260 theta omega^2 + -8.220 omega^3,2.6438274383e-03,-5.6520930025e-04,7.6331075885e-02,-1.8167125069e-03,-4.1872876014e-02,-6.6025216333e-01,-4.5427157119e-04,-1.9653771186e-02,-2.5992596460e-01,-8.2201989618e+00
54737,2025-03-02 17:55:00,0.175307,13.425657,9.494182,0.002 1 + -0.002 theta + 0.994 omega + 0.012 theta omega + 0.419 omega^2 + -0.001 theta^2 omega + 0.012 theta omega^2 + -2.679 omega^3,0.003 1 + -0.004 theta + -0.008 omega + 0.022 theta omega + 0.818 omega^2 + -0.001 theta^2 omega + 0.027 theta omega^2 + -5.365 omega^3,3.0714154993e-03,-4.2956629042e-03,-7.8503253815e-03,1.8795606390e-04,2.2312051636e-02,8.1764180313e-01,-2.7435101549e-07,-1.1493538124e-03,2.7344289484e-02,-5.3646023177e+00
54738,2025-03-02 18:00:00,nan,nan,nan,-0.013 1 + 0.001 theta + 1.187 omega + -0.022 theta omega + -1.065 omega^2 + 0.001 theta^2 omega + 0.044 theta omega^2 + 2.474 omega^3,-0.029 1 + 0.003 theta + 0.404 omega + -0.050 theta omega + -2.201 omega^2 + 0.001 theta^2 omega + 0.095 theta omega^2 + 4.979 omega^3,-2.8663064316e-02,3.1624801908e-03,4.0415962935e-01,3.8777622287e-04,-4.9749264921e-02,-2.2008583134e+00,-3.6993202635e-05,1.3185541257e-03,9.4910063547e-02,4.9786507916e+00
54739,2025-03-02 18:05:00,0.069383,5.894096,4.168044,-0.020 1 + 0.001 theta + 1.305 omega + -0.008 theta omega + -1.187 omega^2 + 0.024 theta omega^2 + 1.131 omega^3,-0.039 1 + 0.001 theta + 0.601 omega + -0.016 theta omega + -2.316 omega^2 + 0.047 theta omega^2 + 2.154 omega^3,-3.9098813415e-02,1.1547175236e-03,6.0100311251e-01,-1.0404991470e-06,-1.6479656317e-02,-2.3156598105e+00,5.4613471880e-08,-4.8475621832e-07,4.7207371017e-02,2.1540662432e+00
54740,2025-03-02 18:10:00,0.064939,6.504895,4.599885,1.007 omega + 0.001 theta omega + 0.392 omega^2 + -0.013 theta omega^2 + -1.925 omega^3,-0.001 theta + 0.018 omega + 0.002 theta omega + 0.748 omega^2 + -0.028 theta omega^2 + -3.711 omega^3,2.7138236978e-04,-1.0380985883e-03,1.8157560443e-02,4.7414820709e-05,2.0621998835e-03,7.4845368591e-01,-5.2544731126e-07,5.1245653402e-05,-2.7534995869e-02,-3.7105839283e+00
54741,2025-03-02 18:15:00,0.091433,2.828651,2.001203,-0.001 1 + 0.001 theta + 1.013 omega + 0.001 theta omega + 0.034 omega^2 + -0.021 theta omega^2 + -0.738 omega^3,-0.002 1 + 0.003 theta + 0.029 omega + 0.001 theta omega + 0.062 omega^2 + -0.043 theta omega^2 + -1.310 omega^3,-1.5488058540e-03,2.5568962211e-03,2.9469093990e-02,-1.6103285166e-04,1.4883815180e-03,6.1857395069e-02,-6.9814723317e-07,-2.1863677260e-04,-4.2569165470e-02,-1.3100828353e+00
54742,2025-03-02 18:20:00,0.029211,3.109236,2.198659,-0.001 1 + -0.001 theta + 1.128 omega + 0.015 theta omega + -1.262 omega^2 + -0.027 theta omega^2 + 2.689 omega^3,-0.003 1 + -0.003 theta + 0.249 omega + 0.030 theta omega + -2.395 omega^2 + -0.049 theta omega^2 + 4.855 omega^3,-2.6248994869e-03,-2.6817676404e-03,2.4949154530e-01,-1.6033093667e-05,2.9838782754e-02,-2.3953565255e+00,5.8621081086e-07,-1.7124528366e-04,-4.9208527741e-02,4.8552538491e+00
54743,2025-03-02 18:25:00,nan,nan,nan,-0.263 1 + 0.028 theta + 2.350 omega + -0.001 theta^2 + -0.126 theta omega + -0.565 omega^2 + 0.003 theta^2 omega + 0.012 theta omega^2 + 1.112 omega^3,-0.529 1 + 0.056 theta + 2.721 omega + -0.002 theta^2 + -0.255 theta omega + -1.153 omega^2 + 0.006 theta^2 omega + 0.025 theta omega^2 + 2.212 omega^3,-5.2930027932e-01,5.6375965911e-02,2.7212315428e+00,-1.6587936003e-03,-2.5482885779e-01,-1.1533085358e+00,9.6712898643e-06,5.8651819679e-03,2.5217088100e-02,2.2119708369e+00
54744,2025-03-02 18:30:00,0.137631,6.606268,4.672350,-0.002 1 + 0.001 theta + 0.995 omega + -0.007 theta omega + 0.128 omega^2 + -0.001 theta^2 omega + -0.014 theta omega^2 + -0.313 omega^3,-0.004 1 + 0.003 theta + -0.009 omega + 0.001 theta^2 + -0.014 theta omega + 0.246 omega^2 + -0.002 theta^2 omega + -0.029 theta omega^2 + -0.616 omega^3,-4.4365957026e-03,2.9045230141e-03,-9.2676660333e-03,5.7078472773e-04,-1.4277257207e-02,2.4611474727e-01,-6.9725209914e-06,-1.9405871113e-03,-2.9102929082e-02,-6.1557845808e-01
54745,2025-03-02 18:35:00,0.015465,0.677656,0.479300,0.035 1 + -0.001 theta + 0.651 omega + 0.011 theta omega + 0.694 omega^2 + -0.036 theta omega^2 + 0.902 omega^3,0.069 1 + -0.002 theta + -0.664 omega + 0.022 theta omega + 1.173 omega^2 + -0.072 theta omega^2 + 2.244 omega^3,6.9080618904e-02,-1.7879819014e-03,-6.6440741580e-01,-1.7081072996e-05,2.2140359774e-02,1.1727154799e+00,-1.0068398583e-07,1.3445981950e-04,-7.2040282520e-02,2.2439853002e+00
54746,2025-03-02 18:40:00,0.017783,1.220648,0.863220,0.211 1 + -0.009 theta + -1.089 omega + 0.064 theta omega + 6.489 omega^2 + -0.111 theta omega^2 + -6.405 omega^3,0.417 1 + -0.017 theta + -4.137 omega + 0.128 theta omega + 12.816 omega^2 + -0.001 theta^2 omega + -0.220 theta omega^2 + -12.591 omega^3,4.1746432167e-01,-1.7262463721e-02,-4.1368084361e+00,1.8846599275e-04,1.2808456891e-01,1.2816239349e+01,-4.4156381348e-07,-8.1905785962e-04,-2.1998438925e-01,-1.2590904038e+01
54747,2025-03-02 18:45:00,1.251110,35.593514,25.183958,-0.018 1 + 0.012 theta + 0.984 omega + -0.002 theta^2 + -0.012 theta omega + 0.943 omega^2 + 0.003 theta^2 omega + -0.263 theta omega^2 + 1.475 omega^3,-0.039 1 + 0.026 theta + -0.012 omega + -0.005 theta^2 + -0.032 theta omega + 1.883 omega^2 + 0.007 theta^2 omega + -0.530 theta omega^2 + 3.078 omega^3,-3.8892544057e-02,2.5591027360e-02,-1.2146837625e-02,-4.8633132188e-03,-3.2344441883e-02,1.8834850061e+00,2.8139607593e-04,6.5063010113e-03,-5.3043678270e-01,3.0783554347e+00
54748,2025-03-02 18:50:00,0.082368,2.472630,1.749384,0.986 omega + -0.003 theta omega + -0.274 omega^2 + -0.026 theta omega^2 + -1.446 omega^3,0.001 1 + -0.001 theta + -0.023 omega + -0.004 theta omega + -0.545 omega^2 + -0.051 theta omega^2 + -2.850 omega^3,8.1453888731e-04,-5.2991137619e-04,-2.3142563490e-02,-3.6607600993e-04,-3.5765411373e-03,-5.4479869362e-01,-3.8119657989e-05,-1.7809334273e-05,-5.1249250456e-02,-2.8502978264e+00
54749,2025-03-02 18:55:00,nan,nan,nan,-0.001 1 + -0.002 theta + 1.076 omega + -0.022 theta omega + -0.263 omega^2 + 0.001 theta^2 omega + -0.001 theta omega^2 + 2.179 omega^3,-0.001 1 + -0.003 theta + 0.149 omega + 0.001 theta^2 + -0.042 theta omega + -0.482 omega^2 + 0.003 theta^2 omega + -0.008 theta omega^2 + 4.143 omega^3,-1.0481117418e-03,-3.2233868786e-03,1.4865591823e-01,9.7142057826e-04,-4.2085659691e-02,-4.8194360665e-01,-6.7506717247e-05,2.7397786952e-03,-7.6849598712e-03,4.1432200503e+00
54750,2025-03-02 19:00:00,nan,nan,nan,0.973 omega + -0.007 theta omega + 0.220 omega^2 + 0.001 theta^2 omega + -0.023 theta omega^2 + 0.506 omega^3,0.001 1 + 0.001 theta + -0.062 omega + -0.013 theta omega + 0.469 omega^2 + 0.002 theta^2 omega + -0.049 theta omega^2 + 0.895 omega^3,9.7938447402e-04,5.7109986911e-04,-6.2434593331e-02,1.1797780989e-04,-1.2765701862e-02,4.6866555707e-01,-1.9157937524e-05,1.9374024278e-03,-4.9134649978e-02,8.9543566612e-01
54751,2025-03-02 19:05:00,1.675558,82.383496,58.265976,-0.001 1 + 1.014 omega + -0.001 theta omega + 0.020 omega^2 + 0.001 theta omega^2 + -0.361 omega^3,-0.002 1 + 0.027 omega + -0.001 theta omega + 0.048 omega^2 + 0.003 theta omega^2 + -0.692 omega^3,-1.5270426438e-03,1.3662635123e-04,2.6978797681e-02,-5.7663208593e-05,-1.1869399095e-03,4.7542454139e-02,2.1251490141e-06,9.5219160354e-05,2.6436688749e-03,-6.9249387185e-01
54752,2025-03-02 19:10:00,6.613793,213.346772,150.931421,0.052 1 + 0.009 theta + 1.018 omega + 0.022 theta omega + -0.978 omega^2 + 0.001 theta^2 omega + -0.042 theta omega^2 + 0.360 omega^3,0.106 1 + 0.018 theta + 0.059 omega + 0.001 theta^2 + 0.045 theta omega + -1.922 omega^2 + 0.002 theta^2 omega + -0.082 theta omega^2 + 0.657 omega^3,1.0624975442e-01,1.8369289862e-02,5.8796229421e-02,8.2128384383e-04,4.5000625875e-02,-1.9217210515e+00,1.0304368373e-05,1.7000790459e-03,-8.2332253257e-02,6.5670700299e-01
54753,2025-03-02 19:15:00,nan,nan,nan,-0.001 1 + 0.003 theta + 1.010 omega + -0.001 theta^2 + -0.033 theta omega + -0.619 omega^2 + 0.007 theta^2 omega + 0.025 theta omega^2 + 6.989 omega^3,-0.001 1 + 0.005 theta + 0.016 omega + -0.001 theta^2 + -0.060 theta omega + -1.191 omega^2 + 0.012 theta^2 omega + 0.052 theta omega^2 + 13.138 omega^3,-1.0864964164e-03,4.8974100238e-03,1.5878382716e-02,-1.0234936878e-03,-5.9795051643e-02,-1.1912836749e+00,-1.9170369557e-05,1.2440786646e-02,5.2001918694e-02,1.3138489502e+01
54754,2025-03-02 19:20:00,nan,nan,nan,-0.002 1 + -0.001 theta + 1.023 omega + -0.001 theta omega + 0.396 omega^2 + -0.001 theta^2 omega + 0.053 theta omega^2 + 0.402 omega^3,-0.004 1 + -0.001 theta + 0.049 omega + -0.001 theta omega + 0.776 omega^2 + -0.001 theta^2 omega + 0.109 theta omega^2 + 0.612 omega^3,-3.6638465825e-03,-1.4406175059e-03,4.8582678277e-02,-1.3106281569e-04,-1.2988335004e-03,7.7592714404e-01,1.2798322156e-06,-1.3704870529e-03,1.0946993636e-01,6.1220706015e-01
54755,2025-03-02 19:25:00,0.080157,4.918184,3.478143,0.002 1 + 1.001 omega + -0.125 omega^2 + -0.012 theta omega^2 + -0.004 omega^3,0.005 1 + 0.003 omega + -0.257 omega^2 + -0.025 theta omega^2 + -0.006 omega^3,4.5980768277e-03,-3.4264534758e-04,2.6224515367e-03,-1.6427166568e-04,2.6381395506e-04,-2.5734326807e-01,-7.9129947479e-06,2.5071473739e-05,-2.4921101354e-02,-5.7145763836e-03
54756,2025-03-02 19:30:00,0.023760,0.698958,0.494523,-0.001 1 + 1.007 omega + 0.003 theta omega + 0.072 omega^2 + -0.001 theta^2 omega + -0.011 theta omega^2 + -0.294 omega^3,-0.002 1 + 0.001 theta + 0.013 omega + 0.008 theta omega + 0.131 omega^2 + -0.001 theta^2 omega + -0.022 theta omega^2 + -0.581 omega^3,-1.8904438667e-03,6.1222417187e-04,1.3111874223e-02,2.0919485415e-05,7.6887487369e-03,1.3080327020e-01,-7.9877466680e-06,-1.1470318078e-03,-2.1792479373e-02,-5.8063848502e-01
54757,2025-03-02 19:35:00,nan,nan,nan,0.988 omega + -0.009 theta omega + -0.110 omega^2 + 0.003 theta omega^2 + 1.924 omega^3,-0.023 omega + -0.019 theta omega + -0.259 omega^2 + 0.001 theta^2 omega + 0.008 theta omega^2 + 4.071 omega^3,2.0079023005e-04,-5.1613400747e-05,-2.3149729312e-02,2.7943156327e-04,-1.9003280749e-02,-2.5880513191e-01,-1.7075498516e-05,8.9873283647e-04,8.2621446564e-03,4.0711466959e+00
54758,2025-03-02 19:40:00,0.014364,0.484310,0.342609,-0.002 theta + 1.027 omega + -0.016 theta omega + 0.057 omega^2 + -0.001 theta^2 omega + 0.011 theta omega^2 + -1.711 omega^3,0.001 1 + -0.003 theta + 0.055 omega + -0.033 theta omega + 0.125 omega^2 + -0.002 theta^2 omega + 0.020 theta omega^2 + -3.325 omega^3,5.1604863298e-04,-3.4407123674e-03,5.4994226643e-02,-2.0272136301e-04,-3.2920038309e-02,1.2531237364e-01,-1.9766853110e-06,-1.7092842379e-03,2.0493805621e-02,-3.3254632845e+00
54759,2025-03-02 19:45:00,0.076089,4.749858,3.359087,0.002 1 + 0.001 theta + 0.968 omega + -0.113 omega^2 + 0.001 theta^2 omega + -0.002 theta omega^2 + 2.971 omega^3,0.003 1 + 0.001 theta + -0.064 omega + -0.221 omega^2 + 0.002 theta^2 omega + -0.002 theta omega^2 + 5.958 omega^3,3.0485491580e-03,9.8381583087e-04,-6.3555841185e-02,-2.7582136947e-04,3.4481673304e-04,-2.2123327276e-01,-7.2700448617e-05,1.5886905736e-03,-1.8664038235e-03,5.9582168648e+00
54760,2025-03-02 19:50:00,nan,nan,nan,-0.002 1 + -0.002 theta + 0.977 omega + -0.007 theta omega + -0.186 omega^2 + -0.075 theta omega^2 + 1.559 omega^3,-0.004 1 + -0.004 theta + -0.044 omega + -0.001 theta^2 + -0.014 theta omega + -0.348 omega^2 + -0.150 theta omega^2 + 3.208 omega^3,-4.3048615332e-03,-3.9578936471e-03,-4.3625069779e-02,-5.2789772353e-04,-1.4286580078e-02,-3.4757516547e-01,-1.5684803482e-05,-1.6697939582e-05,-1.5012298225e-01,3.2078997226e+00
54761,2025-03-02 19:55:00,0.033051,1.527178,1.080131,0.001 1 + 1.024 omega + -0.001 theta omega + -0.027 omega^2 + 0.035 theta omega^2 + -1.375 omega^3,0.001 1 + -0.001 theta + 0.048 omega + -0.002 theta omega + -0.040 omega^2 + 0.066 theta omega^2 + -2.687 omega^3,1.1572656574e-03,-9.8951257144e-04,4.8057077228e-02,-6.9886150085e-06,-2.3799230670e-03,-3.9898000353e-02,-1.0019250152e-06,-3.9544273339e-04,6.6255663413e-02,-2.6865713352e+00
54762,2025-03-02 20:00:00,0.033566,2.084774,1.474349,-0.013 1 + 0.727 omega + -0.003 theta omega + -1.569 omega^2 + -0.012 theta omega^2 + -2.710 omega^3,-0.024 1 + -0.525 omega + -0.005 theta omega + -3.017 omega^2 + -0.024 theta omega^2 + -5.179 omega^3,-2.4330405487e-02,3.5892585711e-04,-5.2535886664e-01,3.0136842214e-05,-5.1818420592e-03,-3.0165012149e+00,3.1592111231e-07,3.2266229784e-05,-2.3632076625e-02,-5.1790694855e+00
54763,2025-03-02 20:05:00,0.093110,14.161502,10.013910,0.006 1 + 0.001 theta + 0.873 omega + 0.002 theta omega + -1.999 omega^2 + -0.031 theta omega^2 + -5.995 omega^3,0.011 1 + 0.002 theta + -0.254 omega + 0.003 theta omega + -3.907 omega^2 + -0.063 theta omega^2 + -11.566 omega^3,1.0664270864e-02,2.1487677160e-03,-2.5380023607e-01,9.7955607644e-05,3.0538525502e-03,-3.9074070752e+00,1.2693962330e-06,3.2262483303e-04,-6.2855492534e-02,-1.1565758894e+01
54764,2025-03-02 20:10:00,nan,nan,nan,0.031 1 + 0.004 theta + 1.314 omega + 0.028 theta omega + 1.377 omega^2 + 0.001 theta^2 omega + 0.036 theta omega^2 + 3.537 omega^3,0.063 1 + 0.008 theta + 0.649 omega + 0.058 theta omega + 2.883 omega^2 + 0.001 theta^2 omega + 0.075 theta omega^2 + 7.378 omega^3,6.2961345173e-02,7.9348059301e-03,6.4905076954e-01,2.0853954842e-04,5.7927644791e-02,2.8834743525e+00,-2.1333166787e-07,1.1901182205e-03,7.4716650079e-02,7.3775661574e+00
54765,2025-03-02 20:15:00,0.141333,6.126848,4.333488,-0.002 1 + 0.001 theta + 0.997 omega + -0.007 theta omega + 0.463 omega^2 + 0.001 theta^2 omega + -0.048 theta omega^2 + -0.426 omega^3,-0.005 1 + 0.003 theta + -0.004 omega + -0.014 theta omega + 0.869 omega^2 + 0.001 theta^2 omega + -0.094 theta omega^2 + -0.645 omega^3,-4.6346914987e-03,2.7003322697e-03,-4.4025227279e-03,-2.7842333433e-04,-1.3624461092e-02,8.6887159677e-01,6.5124016341e-06,1.3734629161e-03,-9.4183360451e-02,-6.4485183090e-01
54766,2025-03-02 20:20:00,nan,nan,nan,0.006 1 + 0.004 theta + 1.029 omega + -0.002 theta^2 + -0.004 theta omega + -1.126 omega^2 + -0.001 theta^2 omega + 0.259 theta omega^2 + -0.354 omega^3,0.012 1 + 0.007 theta + 0.058 omega + -0.004 theta^2 + -0.006 theta omega + -2.228 omega^2 + -0.001 theta^2 omega + 0.515 theta omega^2 + -0.984 omega^3,1.2076929743e-02,7.0008522727e-03,5.7756955434e-02,-4.0011985160e-03,-5.6674384308e-03,-2.2280358735e+00,3.9436887910e-04,-1.3969168938e-03,5.1470649678e-01,-9.8446298571e-01
54767,2025-03-02 20:25:00,0.010007,0.314755,0.222678,1.010 omega + -0.003 theta omega + 0.086 omega^2 + 0.011 theta omega^2 + -0.091 omega^3,-0.001 theta + 0.020 omega + -0.005 theta omega + 0.174 omega^2 + -0.001 theta^2 omega + 0.021 theta omega^2 + -0.117 omega^3,-2.2965806046e-05,-7.3389045492e-04,1.9917994975e-02,-6.6550293407e-05,-5.2561704497e-03,1.7398662338e-01,7.4771475485e-07,-6.3713915108e-04,2.0973611547e-02,-1.1749738046e-01
54768,2025-03-02 20:30:00,nan,nan,nan,0.099 1 + 0.005 theta + 1.994 omega + 0.040 theta omega + 3.037 omega^2 + 0.066 theta omega^2 + 2.795 omega^3,0.206 1 + 0.011 theta + 2.078 omega + 0.083 theta omega + 6.425 omega^2 + 0.001 theta^2 omega + 0.138 theta omega^2 + 6.061 omega^3,2.0595841433e-01,1.0974735073e-02,2.0777218013e+00,1.6880723298e-04,8.2601678124e-02,6.4254054125e+00,6.1464219227e-07,7.6271717485e-04,1.3781981180e-01,6.0609827768e+00
54769,2025-03-02 20:35:00,0.043125,4.479258,3.167461,-0.030 1 + 0.342 omega + -0.005 theta omega + -4.343 omega^2 + -0.060 theta omega^2 + -7.129 omega^3,-0.060 1 + -1.322 omega + -0.010 theta omega + -8.759 omega^2 + -0.121 theta omega^2 + -14.381 omega^3,-5.9514220211e-02,1.2920032110e-04,-1.3222339659e+00,3.7994181529e-05,-9.9307362649e-03,-8.7593908606e+00,-3.1286751198e-07,4.8620263988e-04,-1.2145692668e-01,-1.4381097899e+01
54770,2025-03-02 20:40:00,nan,nan,nan,0.006 1 + 0.002 theta + 1.069 omega + 0.019 theta omega + 0.309 omega^2 + 0.001 theta^2 omega + 0.022 theta omega^2 + 0.791 omega^3,0.009 1 + 0.004 theta + 0.113 omega + 0.033 theta omega + 0.575 omega^2 + 0.002 theta^2 omega + 0.040 theta omega^2 + 1.479 omega^3,8.8693516558e-03,3.9248647057e-03,1.1314463187e-01,3.0733863943e-04,3.2777352805e-02,5.7464295785e-01,4.3106272670e-06,1.7667480980e-03,4.0484082513e-02,1.4786122083e+00
54771,2025-03-02 20:45:00,nan,nan,nan,0.004 1 + -0.001 theta + 1.113 omega + 0.002 theta omega + 0.438 omega^2 + 0.014 theta omega^2 + 0.069 omega^3,0.008 1 + -0.001 theta + 0.223 omega + 0.003 theta omega + 0.834 omega^2 + 0.028 theta omega^2 + 0.011 omega^3,7.7644404355e-03,-1.2407141790e-03,2.2321350262e-01,-6.9797586469e-05,3.4656552859e-03,8.3408968484e-01,-7.1910259420e-07,-1.1441270744e-04,2.7598458610e-02,1.0522649153e-02
54772,2025-03-02 20:50:00,0.121841,5.996623,4.241128,0.004 1 + 1.009 omega + -0.144 omega^2 + -0.005 theta omega^2 + -0.177 omega^3,0.009 1 + -0.001 theta + 0.016 omega + 0.001 theta omega + -0.305 omega^2 + -0.011 theta omega^2 + -0.360 omega^3,9.0330028752e-03,-8.8486007555e-04,1.6224464428e-02,-1.0160459336e-04,7.4933547167e-04,-3.0521924996e-01,-2.1315701724e-06,2.7994578469e-05,-1.1044912209e-02,-3.5968241003e-01
54773,2025-03-02 20:55:00,0.239037,32.087373,22.689829,-0.012 1 + 0.003 theta + 0.866 omega + -0.001 theta omega + 1.515 omega^2 + -0.048 theta omega^2 + -2.366 omega^3,-0.023 1 + 0.005 theta + -0.273 omega + -0.002 theta omega + 3.054 omega^2 + 0.001 theta^2 omega + -0.096 theta omega^2 + -4.777 omega^3,-2.2896178006e-02,5.4517329861e-03,-2.7270352436e-01,-3.1668720836e-04,-2.0017419778e-03,3.0542311160e+00,5.2999301272e-06,5.5836926496e-04,-9.6209073879e-02,-4.7772179368e+00
54774,2025-03-02 21:00:00,0.077097,2.299379,1.626820,0.002 theta + 1.003 omega + -0.001 theta^2 + -0.003 theta omega + -0.047 omega^2 + 0.001 theta^2 omega + 0.026 theta omega^2 + -0.193 omega^3,0.001 1 + 0.005 theta + 0.007 omega + -0.002 theta^2 + -0.005 theta omega + -0.120 omega^2 + 0.001 theta^2 omega + 0.060 theta omega^2 + -0.489 omega^3,7.0580990297e-04,4.5958204035e-03,7.1221938210e-03,-2.2724296218e-03,-5.0986795570e-03,-1.1970254416e-01,2.2901799482e-04,9.3916456856e-04,5.9591595690e-02,-4.8905343496e-01
54775,2025-03-02 21:05:00,0.108001,2.045473,1.448382,-0.001 1 + 1.016 omega + 0.008 theta omega + 0.100 omega^2 + -0.004 theta omega^2 + 0.226 omega^3,-0.003 1 + 0.034 omega + 0.016 theta omega + 0.184 omega^2 + 0.001 theta^2 omega + -0.008 theta omega^2 + 0.369 omega^3,-2.7042232042e-03,2.4544600352e-04,3.3855556623e-02,-1.8064670198e-04,1.6233541443e-02,1.8449121144e-01,-1.1767090957e-05,8.1753633338e-04,-7.9134404440e-03,3.6882869549e-01
54776,2025-03-02 21:10:00,0.126030,11.130210,7.870751,0.060 1 + -0.005 theta + 0.104 omega + 0.069 theta omega + 3.315 omega^2 + -0.001 theta^2 omega + -0.182 theta omega^2 + -1.712 omega^3,0.119 1 + -0.009 theta + -1.781 omega + 0.137 theta omega + 6.580 omega^2 + -0.002 theta^2 omega + -0.364 theta omega^2 + -3.293 omega^3,1.1918361816e-01,-9.4500496614e-03,-1.7809525443e+00,-1.7405576472e-05,1.3740117854e-01,6.5802659168e+00,8.9764932663e-06,-1.7436064298e-03,-3.6351068584e-01,-3.2934056130e+00
54777,2025-03-02 21:15:00,0.253492,18.517597,13.095145,-0.002 1 + 0.001 theta + 0.930 omega + 0.710 omega^2 + 0.001 theta^2 omega + -0.076 theta omega^2 + -0.899 omega^3,-0.003 1 + 0.003 theta + -0.134 omega + -0.001 theta omega + 1.368 omega^2 + 0.002 theta^2 omega + -0.148 theta omega^2 + -1.616 omega^3,-3.4306045239e-03,2.7046338506e-03,-1.3356146498e-01,-2.5767303273e-04,-1.0522386126e-03,1.3680562399e+00,-4.0339674355e-06,2.4407236054e-03,-1.4754831623e-01,-1.6159331557e+00
54778,2025-03-02 21:20:00,0.005879,0.067794,0.048117,-0.001 1 + 1.001 omega + -0.002 theta omega + 0.037 omega^2 + -0.016 theta omega^2 + 0.328 omega^3,-0.002 1 + 0.002 omega + -0.004 theta omega + 0.067 omega^2 + -0.031 theta omega^2 + 0.656 omega^3,-1.5120685933e-03,-4.5132123252e-04,1.6068784820e-03,-1.1248909043e-05,-3.9315062871e-03,6.7459725211e-02,-6.6541163170e-07,1.6051925032e-04,-3.0609677582e-02,6.5626678815e-01
54779,2025-03-02 21:25:00,nan,nan,nan,0.036 1 + 0.004 theta + 1.166 omega + 0.018 theta omega + -0.075 omega^2 + -0.002 theta omega^2 + 0.001 omega^3,0.074 1 + 0.008 theta + 0.339 omega + 0.037 theta omega + -0.143 omega^2 + 0.001 theta^2 omega + -0.003 theta omega^2 + -0.030 omega^3,7.3738815651e-02,8.1031337305e-03,3.3909709876e-01,2.2120967015e-04,3.7085168670e-02,-1.4313682969e-01,1.3502695212e-06,8.0270611082e-04,-3.2950934623e-03,-3.0488490256e-02
54780,2025-03-02 21:30:00,0.450895,52.429441,37.074584,0.019 1 + 0.002 theta + 0.950 omega + 0.001 theta omega + -0.606 omega^2 + -0.026 theta omega^2 + -0.620 omega^3,0.040 1 + 0.005 theta + -0.097 omega + 0.003 theta omega + -1.202 omega^2 + -0.053 theta omega^2 + -1.215 omega^3,3.9761342308e-02,4.9577692809e-03,-9.6940566008e-02,1.7113317613e-04,2.5476333783e-03,-1.2020508321e+00,1.3600440120e-06,3.4672408053e-04,-5.2649061043e-02,-1.2154779158e+00
54781,2025-03-02 21:35:00,0.108172,3.265399,2.310253,0.009 1 + 0.003 theta + 1.135 omega + 0.018 theta omega + 0.495 omega^2 + 0.001 theta^2 omega + 0.025 theta omega^2 + 0.484 omega^3,0.017 1 + 0.005 theta + 0.271 omega + 0.036 theta omega + 0.960 omega^2 + 0.001 theta^2 omega + 0.049 theta omega^2 + 0.888 omega^3,1.7470319590e-02,4.8831180289e-03,2.7140457347e-01,2.9387385713e-04,3.6146505782e-02,9.6048149904e-01,4.5880216117e-06,1.0787443439e-03,4.9156024467e-02,8.8794596481e-01
54782,2025-03-02 21:40:00,0.022309,2.762359,1.953346,0.108 1 + -0.004 theta + -0.248 omega + 0.028 theta omega + 4.740 omega^2 + -0.054 theta omega^2 + -5.926 omega^3,0.215 1 + -0.007 theta + -2.477 omega + 0.057 theta omega + 9.372 omega^2 + -0.107 theta omega^2 + -11.649 omega^3,2.1509166496e-01,-7.2523451847e-03,-2.4773051429e+00,7.2413044961e-05,5.6535750550e-02,9.3721422705e+00,-1.4008007311e-07,-3.1291353717e-04,-1.0685040638e-01,-1.1648968138e+01
54783,2025-03-02 21:45:00,nan,nan,nan,-0.053 1 + 0.004 theta + 1.427 omega + -0.034 theta omega + -0.499 omega^2 + 0.001 theta^2 omega + 0.018 theta omega^2 + 0.923 omega^3,-0.105 1 + 0.008 theta + 0.846 omega + -0.067 theta omega + -0.999 omega^2 + 0.001 theta^2 omega + 0.037 theta omega^2 + 1.923 omega^3,-1.0452051013e-01,8.0552587129e-03,8.4637613527e-01,-1.3727437662e-04,-6.7315680192e-02,-9.9904802364e-01,-5.7814844312e-07,1.2825452358e-03,3.7105243839e-02,1.9231078717e+00
54784,2025-03-02 21:50:00,0.067472,3.092977,2.187585,0.001 1 + 1.025 omega + -0.005 theta omega + -0.226 omega^2 + 0.015 theta omega^2 + 0.654 omega^3,0.002 1 + -0.001 theta + 0.055 omega + -0.009 theta omega + -0.479 omega^2 + 0.033 theta omega^2 + 1.275 omega^3,2.1378475861e-03,-7.9996117980e-04,5.4938461286e-02,1.0547880895e-04,-9.4923175363e-03,-4.7886703419e-01,-4.1741992663e-06,3.3123805202e-04,3.2939192610e-02,1.2750062996e+00
54785,2025-03-02 21:55:00,nan,nan,nan,-0.001 1 + 0.975 omega + 0.001 theta omega + -0.330 omega^2 + -0.034 theta omega^2 + 1.121 omega^3,-0.001 1 + -0.001 theta + -0.045 omega + 0.002 theta omega + -0.626 omega^2 + -0.065 theta omega^2 + 2.367 omega^3,-1.0665550208e-03,-6.6611755127e-04,-4.5244736415e-02,-9.3836817621e-05,1.9077141666e-03,-6.2603288244e-01,-3.8469250078e-06,2.2412802753e-04,-6.5371613856e-02,2.3668166517e+00
54786,2025-03-02 22:00:00,0.015659,0.384581,0.272165,0.003 1 + 1.080 omega + 0.464 omega^2 + -0.013 theta omega^2 + 1.284 omega^3,0.007 1 + 0.178 omega + -0.001 theta omega + 1.044 omega^2 + -0.028 theta omega^2 + 2.815 omega^3,6.9408464923e-03,-2.8496414396e-04,1.7757441656e-01,-6.5401218805e-06,-6.1002802353e-04,1.0443415118e+00,-3.6175899780e-07,1.6731194802e-04,-2.7639921885e-02,2.8150183313e+00
54787,2025-03-02 22:05:00,nan,nan,nan,0.070 1 + -0.002 theta + 2.279 omega + -0.018 theta omega + 7.446 omega^2 + -0.046 theta omega^2 + 14.081 omega^3,0.140 1 + -0.004 theta + 2.555 omega + -0.037 theta omega + 14.855 omega^2 + -0.093 theta omega^2 + 28.094 omega^3,1.3979936040e-01,-3.8973053714e-03,2.5547712897e+00,-3.7147628554e-06,-3.7319096705e-02,1.4854991530e+01,-5.4132319801e-08,8.2823501300e-06,-9.3254242340e-02,2.8094330998e+01
54788,2025-03-02 22:10:00,0.007698,0.234293,0.165760,0.047 1 + 0.002 theta + 1.687 omega + 0.015 theta omega + 3.381 omega^2 + 0.039 theta omega^2 + 5.574 omega^3,0.128 1 + 0.004 theta + 1.903 omega + 0.040 theta omega + 9.561 omega^2 + 0.102 theta omega^2 + 16.126 omega^3,1.2802926312e-01,3.9479361889e-03,1.9029258113e+00,3.4879152910e-05,3.9548518649e-02,9.5613408042e+00,8.4924478834e-08,1.7147891720e-04,1.0160543501e-01,1.6125669881e+01
54789,2025-03-02 22:15:00,0.051063,1.559813,1.103545,1.005 omega + 0.011 theta omega + -0.011 omega^2 + 0.002 theta^2 omega + 0.011 theta omega^2 + -0.418 omega^3,-0.001 1 + -0.001 theta + 0.011 omega + 0.022 theta omega + -0.013 omega^2 + 0.005 theta^2 omega + 0.022 theta omega^2 + -0.808 omega^3,-9.5066332525e-04,-6.0579581818e-04,1.1248566938e-02,8.5518061883e-05,2.1947863582e-02,-1.3479194733e-02,-1.3941024077e-04,4.7483189845e-03,2.2006054784e-02,-8.0827551764e-01
54790,2025-03-02 22:20:00,0.147184,18.403569,13.013704,-0.018 1 + -0.003 theta + 0.815 omega + -0.027 theta omega + -0.451 omega^2 + -0.061 theta omega^2 + 0.158 omega^3,-0.038 1 + -0.007 theta + -0.372 omega + -0.055 theta omega + -0.851 omega^2 + -0.001 theta^2 omega + -0.115 theta omega^2 + 0.202 omega^3,-3.8318033533e-02,-7.2544312508e-03,-3.7211519562e-01,-3.4361262892e-04,-5.4865244627e-02,-8.5053437118e-01,-4.1185724969e-06,-1.0019957679e-03,-1.1473194002e-01,2.0160497377e-01
54791,2025-03-02 22:25:00,nan,nan,nan,-0.002 1 + 0.959 omega + -0.010 theta omega + 0.006 omega^2 + -0.025 theta omega^2 + 0.992 omega^3,-0.004 1 + -0.001 theta + -0.077 omega + -0.020 theta omega + 0.036 omega^2 + -0.049 theta omega^2 + 1.974 omega^3,-3.8006149888e-03,-6.9691406757e-04,-7.7060002528e-02,5.2379786810e-05,-1.9977036757e-02,3.6311788125e-02,2.2295158583e-06,-3.4372784106e-04,-4.8636684598e-02,1.9736536301e+00
54792,2025-03-02 22:30:00,0.022279,0.702371,0.496901,-0.006 1 + 0.001 theta + 0.850 omega + 0.004 theta omega + -0.691 omega^2 + -0.005 theta omega^2 + -0.272 omega^3,-0.012 1 + 0.002 theta + -0.298 omega + 0.008 theta omega + -1.400 omega^2 + -0.011 theta omega^2 + -0.625 omega^3,-1.2162001729e-02,1.8185405871e-03,-2.9770434103e-01,5.5231318103e-05,7.9037997734e-03,-1.4002014902e+00,7.4178239595e-08,2.8679689903e-04,-1.0819096864e-02,-6.2464730680e-01
54793,2025-03-02 22:35:00,0.123354,3.142415,2.223734,-0.001 1 + 1.012 omega + 0.004 theta omega + -0.164 omega^2 + -0.008 theta omega^2 + -0.291 omega^3,-0.001 1 + -0.001 theta + 0.023 omega + 0.007 theta omega + -0.329 omega^2 + -0.018 theta omega^2 + -0.599 omega^3,-1.0435222895e-03,-7.6800728321e-04,2.3210057508e-02,-8.2690112654e-05,7.3595788396e-03,-3.2933684052e-01,-2.3740498325e-06,3.5802273665e-04,-1.7625605803e-02,-5.9861983789e-01
54794,2025-03-02 22:40:00,0.039496,1.566748,1.108210,-0.002 1 + -0.001 theta + 1.032 omega + 0.008 theta omega + 0.235 omega^2 + -0.006 theta omega^2 + -1.872 omega^3,-0.004 1 + -0.002 theta + 0.064 omega + 0.016 theta omega + 0.498 omega^2 + -0.001 theta^2 omega + -0.011 theta omega^2 + -3.795 omega^3,-4.2805423443e-03,-1.6996992488e-03,6.4363652470e-02,5.0499515383e-05,1.6307146948e-02,4.9828256013e-01,8.5155774228e-07,-7.2084467990e-04,-1.1399777549e-02,-3.7952130938e+00
54795,2025-03-02 22:45:00,0.070087,5.412074,3.827235,-0.037 1 + 0.003 theta + 1.290 omega + -0.028 theta omega + -0.253 omega^2 + 0.001 theta^2 omega + 0.015 theta omega^2 + -0.240 omega^3,-0.073 1 + 0.006 theta + 0.572 omega + -0.055 theta omega + -0.503 omega^2 + 0.001 theta^2 omega + 0.029 theta omega^2 + -0.372 omega^3,-7.3150925195e-02,6.2727159110e-03,5.7204894605e-01,-5.9815861162e-06,-5.5297283734e-02,-5.0295785551e-01,-4.9405009217e-06,1.0774986771e-03,2.8584208388e-02,-3.7194072634e-01
54796,2025-03-02 22:50:00,0.017219,0.821549,0.581051,1.007 omega + 0.002 theta omega + -0.103 omega^2 + 0.023 theta omega^2 + -1.352 omega^3,-0.001 1 + -0.001 theta + 0.015 omega + 0.003 theta omega + -0.225 omega^2 + 0.046 theta omega^2 + -2.783 omega^3,-6.0785995570e-04,-5.7525720851e-04,1.4546801900e-02,-6.6479633925e-05,2.8822656405e-03,-2.2488309013e-01,-1.7506362866e-06,-2.1157428150e-04,4.5622380012e-02,-2.7829164075e+00
54797,2025-03-02 22:55:00,0.058893,2.837342,2.006736,0.001 1 + 1.017 omega + -0.002 theta omega + -0.189 omega^2 + -0.002 theta^2 omega + 0.010 theta omega^2 + -2.101 omega^3,0.002 1 + 0.035 omega + -0.004 theta omega + -0.409 omega^2 + -0.004 theta^2 omega + 0.023 theta omega^2 + -4.309 omega^3,2.0598154784e-03,3.0315112526e-04,3.4881934967e-02,-4.5242394719e-04,-3.5074508720e-03,-4.0865677323e-01,-7.9321529775e-05,-4.1447468164e-03,2.3229874990e-02,-4.3087155735e+00
54798,2025-03-02 23:00:00,0.036535,4.887066,3.455774,0.001 1 + 1.044 omega + -0.002 theta omega + -0.514 omega^2 + -0.005 theta omega^2 + 1.961 omega^3,0.002 1 + 0.089 omega + -0.004 theta omega + -1.023 omega^2 + -0.010 theta omega^2 + 3.968 omega^3,2.1956156363e-03,-4.9452225510e-04,8.8994234758e-02,3.0185544229e-05,-3.9434703922e-03,-1.0225289223e+00,-6.7736145480e-07,1.7806163121e-04,-9.6752716551e-03,3.9675983119e+00
54799,2025-03-02 23:05:00,0.149523,7.718595,5.458895,0.008 1 + -0.003 theta + 0.923 omega + 0.023 theta omega + 0.215 omega^2 + -0.001 theta^2 omega + 0.008 theta omega^2 + -2.108 omega^3,0.017 1 + -0.005 theta + -0.155 omega + 0.047 theta omega + 0.428 omega^2 + -0.002 theta^2 omega + 0.016 theta omega^2 + -4.181 omega^3,1.6665788669e-02,-5.4262276998e-03,-1.5498256556e-01,3.1512573720e-04,4.6685363966e-02,4.2762744615e-01,-4.4733627054e-06,-2.1902994549e-03,1.5503764448e-02,-4.1809922908e+00
54800,2025-03-02 23:10:00,0.069754,1.743467,1.233803,0.001 1 + 0.001 theta + 0.997 omega + -0.002 theta^2 + 0.001 theta omega + -0.328 omega^2 + -0.001 theta^3 + 0.002 theta^2 omega + -0.323 theta omega^2 + 0.202 omega^3,0.003 1 + 0.001 theta + -0.004 omega + -0.004 theta^2 + 0.002 theta omega + -0.657 omega^2 + -0.002 theta^3 + 0.004 theta^2 omega + -0.631 theta omega^2 + 0.315 omega^3,2.6745980990e-03,1.0065588183e-03,-3.9168595549e-03,-4.0333670381e-03,2.1562605727e-03,-6.5722275750e-01,-1.6497931379e-03,3.5436980962e-03,-6.3084517203e-01,3.1532304307e-01
54801,2025-03-02 23:15:00,0.024675,3.231616,2.285164,-0.019 1 + 0.002 theta + 1.144 omega + -0.035 theta omega + 1.527 omega^2 + -0.001 theta^2 omega + 0.176 theta omega^2 + -11.592 omega^3,-0.038 1 + 0.003 theta + 0.292 omega + -0.068 theta omega + 2.927 omega^2 + -0.001 theta^2 omega + 0.340 theta omega^2 + -22.426 omega^3,-3.8222149337e-02,3.2097899743e-03,2.9171848246e-01,1.1236028973e-04,-6.8117783441e-02,2.9267794995e+00,6.7682224908e-07,-9.6193537683e-04,3.4000087283e-01,-2.2425842707e+01
54802,2025-03-02 23:20:00,0.006569,0.312146,0.220769,-0.133 1 + -0.002 theta + 3.315 omega + 0.013 theta omega + -12.799 omega^2 + -0.020 theta omega^2 + 22.732 omega^3,-0.268 1 + -0.004 theta + 4.669 omega + 0.026 theta omega + -25.827 omega^2 + -0.042 theta omega^2 + 45.912 omega^3,-2.6764190083e-01,-3.7620355643e-03,4.6694056360e+00,3.5901979964e-05,2.6445058281e-02,-2.5826519321e+01,-9.2886252192e-08,-1.4224952045e-04,-4.1921701373e-02,4.5912437776e+01
54803,2025-03-02 23:25:00,nan,nan,nan,-0.001 1 + -0.001 theta + 1.002 omega + -0.005 theta omega + 0.293 omega^2 + -0.002 theta^2 omega + 0.281 theta omega^2 + -0.746 omega^3,-0.002 1 + -0.002 theta + 0.007 omega + 0.001 theta^2 + -0.009 theta omega + 0.569 omega^2 + -0.004 theta^2 omega + 0.569 theta omega^2 + -2.022 omega^3,-2.4133096021e-03,-1.7800989588e-03,7.4730044125e-03,6.4801885353e-04,-9.2919382073e-03,5.6897143917e-01,1.5150312783e-04,-4.1318986817e-03,5.6918454312e-01,-2.0215315009e+00
54804,2025-03-02 23:30:00,0.045089,2.276855,1.610295,0.007 1 + -0.005 theta + 0.959 omega + 0.001 theta^2 + 0.025 theta omega + -0.011 omega^2 + -0.003 theta^2 omega + -0.021 theta omega^2 + -3.433 omega^3,0.013 1 + -0.009 theta + -0.080 omega + 0.002 theta^2 + 0.050 theta omega + -0.055 omega^2 + -0.005 theta^2 omega + -0.041 theta omega^2 + -6.812 omega^3,1.3083893341e-02,-9.2545273373e-03,-7.9889192658e-02,1.5605188694e-03,5.0009693719e-02,-5.4998087046e-02,-3.4912416152e-05,-4.8376674877e-03,-4.0722952843e-02,-6.8119830662e+00
54805,2025-03-02 23:35:00,nan,nan,nan,-0.007 1 + 0.003 theta + 1.078 omega + -0.017 theta omega + -0.733 omega^2 + 0.001 theta^2 omega + -0.005 theta omega^2 + 4.367 omega^3,-0.015 1 + 0.006 theta + 0.163 omega + -0.001 theta^2 + -0.034 theta omega + -1.478 omega^2 + 0.002 theta^2 omega + -0.006 theta omega^2 + 8.591 omega^3,-1.4626542501e-02,6.3322466385e-03,1.6280259627e-01,-5.7410828936e-04,-3.4084050745e-02,-1.4778104948e+00,1.4160911077e-05,1.8233335443e-03,-6.1687785944e-03,8.5911825449e+00
54806,2025-03-02 23:40:00,1.686916,42.196892,29.861542,-0.019 1 + 0.006 theta + 1.203 omega + -0.070 theta omega + 0.351 omega^2 + 0.002 theta^2 omega + 0.151 theta omega^2 + -4.711 omega^3,-0.038 1 + 0.013 theta + 0.419 omega + -0.001 theta^2 + -0.141 theta omega + 0.605 omega^2 + 0.005 theta^2 omega + 0.304 theta omega^2 + -8.983 omega^3,-3.7736677346e-02,1.2651550091e-02,4.1889955692e-01,-7.8709182240e-04,-1.4110624350e-01,6.0535350453e-01,1.3703064617e-05,4.7158820537e-03,3.0391117890e-01,-8.9828935366e+00
54807,2025-03-02 23:45:00,0.044589,1.366798,0.966986,-0.002 1 + -0.003 theta + 0.920 omega + -0.001 theta^2 + -0.033 theta omega + -1.734 omega^2 + -0.003 theta^2 omega + -0.452 theta omega^2 + -2.829 omega^3,-0.003 1 + -0.005 theta + -0.153 omega + -0.002 theta^2 + -0.064 theta omega + -3.472 omega^2 + -0.006 theta^2 omega + -0.899 theta omega^2 + -6.114 omega^3,-3.3536609341e-03,-5.0874057954e-03,-1.5283334094e-01,-2.2040027323e-03,-6.4149969267e-02,-3.4723482867e+00,-2.6692062126e-04,-6.0573932542e-03,-8.9882496969e-01,-6.1140575400e+00
54808,2025-03-02 23:50:00,nan,nan,nan,-0.035 1 + 0.007 theta + 1.343 omega + -0.054 theta omega + -1.078 omega^2 + 0.002 theta^2 omega + 0.043 theta omega^2 + 4.081 omega^3,-0.071 1 + 0.014 theta + 0.685 omega + -0.001 theta^2 + -0.109 theta omega + -2.176 omega^2 + 0.003 theta^2 omega + 0.086 theta omega^2 + 8.461 omega^3,-7.1099267235e-02,1.3852194611e-02,6.8522409337e-01,-6.2578538737e-04,-1.0861792593e-01,-2.1760939748e+00,6.2500116158e-06,3.4667256710e-03,8.5825516662e-02,8.4614039896e+00
54809,2025-03-02 23:55:00,0.158112,20.034620,14.167057,0.001 1 + 0.994 omega + 0.005 theta omega + 0.044 omega^2 + -0.001 theta^2 omega + 0.013 theta omega^2 + -0.106 omega^3,0.001 1 + -0.001 theta + -0.009 omega + 0.009 theta omega + 0.069 omega^2 + -0.001 theta^2 omega + 0.021 theta omega^2 + -0.008 omega^3,1.2572714085e-03,-6.0167749743e-04,-9.1926476954e-03,-5.8012358919e-06,9.0362578636e-03,6.9445763985e-02,9.2022888148e-06,-1.4693124188e-03,2.1254351529e-02,-7.5606450154e-03
54810,2025-03-03 00:00:00,nan,nan,nan,-0.352 1 + 4.342 omega + -0.007 theta omega + -10.297 omega^2 + 0.018 theta omega^2 + 10.313 omega^3,-0.736 1 + 0.001 theta + 7.010 omega + -0.013 theta omega + -21.739 omega^2 + 0.035 theta omega^2 + 21.970 omega^3,-7.3580125687e-01,5.3312653924e-04,7.0100267191e+00,4.5280050108e-05,-1.3471303449e-02,-2.1738798422e+01,-1.1274460628e-07,-1.1065322607e-04,3.4671501616e-02,2.1970137308e+01
54811,2025-03-03 00:05:00,0.016582,1.529147,1.081334,-0.140 1 + 0.002 theta + 2.120 omega + -0.017 theta omega + -2.203 omega^2 + 0.029 theta omega^2 + 0.106 omega^3,-0.281 1 + 0.004 theta + 2.251 omega + -0.034 theta omega + -4.449 omega^2 + 0.059 theta omega^2 + 0.275 omega^3,-2.8129668751e-01,3.7150453473e-03,2.2511488969e+00,6.2411565476e-05,-3.4030715950e-02,-4.4493111538e+00,-7.5162904464e-07,-4.5646117609e-05,5.8696642292e-02,2.7476249847e-01
54812,2025-03-03 00:10:00,0.032006,1.042176,0.737277,-0.001 1 + -0.001 theta + 1.039 omega + -0.002 theta omega + 0.606 omega^2 + -0.001 theta^2 omega + 0.016 theta omega^2 + 2.696 omega^3,-0.001 1 + -0.003 theta + 0.073 omega + -0.001 theta^2 + -0.005 theta omega + 1.095 omega^2 + -0.001 theta^2 omega + 0.024 theta omega^2 + 5.261 omega^3,-1.4540604847e-03,-2.5649598136e-03,7.3106342092e-02,-5.1991451277e-04,-4.7243340111e-03,1.0950470352e+00,-2.6643175799e-05,-1.1327152616e-03,2.3900756327e-02,5.2614463973e+00
54813,2025-03-03 00:15:00,0.035587,1.113815,0.787988,-0.002 1 + -0.004 theta + 0.982 omega + -0.002 theta^2 + -0.024 theta omega + -0.113 omega^2 + -0.007 theta^2 omega + -0.036 theta omega^2 + -0.344 omega^3,-0.004 1 + -0.008 theta + -0.036 omega + -0.005 theta^2 + -0.050 theta omega + -0.217 omega^2 + -0.001 theta^3 + -0.015 theta^2 omega + -0.078 theta omega^2 + -0.737 omega^3,-3.7420164773e-03,-8.2725674261e-03,-3.5689654225e-02,-5.2042019104e-03,-4.9665291541e-02,-2.1729499911e-01,-1.0436053002e-03,-1.4814864495e-02,-7.8200328528e-02,-7.3664196732e-01
54814,2025-03-03 00:20:00,nan,nan,nan,-0.038 1 + 0.003 theta + 1.661 omega + -0.054 theta omega + -2.866 omega^2 + 0.001 theta^2 omega + 0.159 theta omega^2 + 2.992 omega^3,-0.078 1 + 0.007 theta + 1.342 omega + -0.111 theta omega + -5.869 omega^2 + 0.001 theta^2 omega + 0.323 theta omega^2 + 6.391 omega^3,-7.7544091341e-02,6.6669416607e-03,1.3417818669e+00,-5.4156660549e-05,-1.1080884581e-01,-5.8689586062e+00,-1.6996440269e-06,1.3451388076e-03,3.2256912921e-01,6.3905676032e+00
54815,2025-03-03 00:25:00,0.440750,16.267026,11.506746,-0.007 1 + 0.001 theta + 1.008 omega + -0.015 theta omega + 1.276 omega^2 + 0.001 theta^2 omega + -0.117 theta omega^2 + -1.896 omega^3,-0.014 1 + 0.002 theta + 0.031 omega + -0.033 theta omega + 2.505 omega^2 + 0.003 theta^2 omega + -0.232 theta omega^2 + -3.421 omega^3,-1.4469133509e-02,2.3924563893e-03,3.0871244860e-02,1.1483033771e-04,-3.2507355365e-02,2.5051666539e+00,-1.7844830294e-05,2.5557435218e-03,-2.3238777117e-01,-3.4206234839e+00
54816,2025-03-03 00:30:00,0.070226,1.241498,0.879275,-0.002 1 + 0.986 omega + 0.001 theta^2 + -0.015 theta omega + 0.339 omega^2 + -0.004 theta^2 omega + 0.241 theta omega^2 + 0.232 omega^3,-0.004 1 + -0.028 omega + 0.003 theta^2 + -0.032 theta omega + 0.687 omega^2 + -0.009 theta^2 omega + 0.486 theta omega^2 + 0.359 omega^3,-4.2292010349e-03,5.4454349256e-05,-2.7756861340e-02,2.6215394884e-03,-3.1876690455e-02,6.8653275996e-01,4.9013758072e-04,-8.6668146895e-03,4.8559165707e-01,3.5877670038e-01
54817,2025-03-03 00:35:00,nan,nan,nan,-0.002 1 + 1.049 omega + -0.014 theta omega + -0.031 omega^2 + 0.001 theta^2 omega + -0.125 omega^3,-0.004 1 + 0.001 theta + 0.097 omega + -0.027 theta omega + -0.081 omega^2 + 0.002 theta^2 omega + -0.003 theta omega^2 + 0.146 omega^3,-3.6085081502e-03,7.8625041996e-04,9.6650439580e-02,5.6910070746e-06,-2.7162904156e-02,-8.0615645356e-02,-5.2033711248e-06,1.7793082985e-03,-2.8087332660e-03,1.4647195143e-01
54818,2025-03-03 00:40:00,0.065302,4.169022,2.948305,-0.001 theta + 0.994 omega + -0.012 theta omega + 1.385 omega^2 + 0.001 theta^2 omega + -0.076 theta omega^2 + -7.613 omega^3,0.001 1 + -0.003 theta + -0.012 omega + 0.001 theta^2 + -0.023 theta omega + 2.764 omega^2 + 0.003 theta^2 omega + -0.152 theta omega^2 + -15.021 omega^3,8.1711354781e-04,-3.0093771625e-03,-1.1668138302e-02,7.7799881979e-04,-2.3336995823e-02,2.7644363591e+00,-5.1233021210e-05,2.5779932099e-03,-1.5183867981e-01,-1.5021120380e+01
54819,2025-03-03 00:45:00,0.172111,3.715360,2.629974,1.011 omega + -0.004 theta omega + 0.033 omega^2 + 0.001 theta^2 omega + -0.050 theta omega^2 + -1.303 omega^3,0.023 omega + -0.008 theta omega + 0.050 omega^2 + 0.002 theta^2 omega + -0.088 theta omega^2 + -2.893 omega^3,4.0653173281e-04,4.7237338247e-05,2.2769869323e-02,-1.1185560057e-04,-8.1167240169e-03,5.0477615168e-02,-2.1965412850e-05,1.8314281135e-03,-8.8182285605e-02,-2.8932068029e+00
54820,2025-03-03 00:50:00,nan,nan,nan,0.001 1 + -0.001 theta + 0.996 omega + 0.011 theta omega + -0.138 omega^2 + -0.093 theta omega^2 + 3.657 omega^3,0.002 1 + -0.002 theta + -0.005 omega + 0.022 theta omega + -0.292 omega^2 + -0.001 theta^2 omega + -0.189 theta omega^2 + 7.529 omega^3,2.2237458885e-03,-2.2182421252e-03,-4.7156661156e-03,2.1676389661e-04,2.1955009095e-02,-2.9194183634e-01,-4.6646922053e-06,-8.0836239758e-04,-1.8856635489e-01,7.5287774076e+00
54821,2025-03-03 00:55:00,0.077939,7.898508,5.585361,0.001 1 + 0.921 omega + 0.013 theta omega + 0.783 omega^2 + -0.147 theta omega^2 + 3.841 omega^3,0.002 1 + -0.155 omega + 0.028 theta omega + 1.499 omega^2 + 0.001 theta^2 omega + -0.294 theta omega^2 + 7.814 omega^3,1.7618459571e-03,3.9331228417e-04,-1.5472634480e-01,-2.1877582525e-04,2.7798780268e-02,1.4990980406e+00,6.6633305115e-06,5.7057477187e-04,-2.9398427201e-01,7.8143475056e+00
54822,2025-03-03 01:00:00,0.020856,2.860995,2.023083,-0.009 1 + -0.001 theta + 1.363 omega + 0.003 theta omega + -4.001 omega^2 + 0.022 theta omega^2 + 12.990 omega^3,-0.018 1 + -0.001 theta + 0.709 omega + 0.007 theta omega + -7.814 omega^2 + -0.001 theta^2 omega + 0.039 theta omega^2 + 25.579 omega^3,-1.7795424360e-02,-1.0923795238e-03,7.0892233868e-01,6.2217647522e-05,6.5950880729e-03,-7.8141149121e+00,5.3107711972e-07,-6.8997258571e-04,3.9279021656e-02,2.5578732542e+01
54823,2025-03-03 01:05:00,0.020722,0.615430,0.435421,-0.001 1 + 0.001 theta + 0.990 omega + 0.009 theta omega + -0.649 omega^2 + -0.073 theta omega^2 + 5.458 omega^3,-0.003 1 + 0.001 theta + -0.016 omega + 0.019 theta omega + -1.356 omega^2 + 0.001 theta^2 omega + -0.149 theta omega^2 + 11.129 omega^3,-2.7774611884e-03,1.1324959507e-03,-1.6327942401e-02,-1.5206600991e-04,1.9267415507e-02,-1.3557450109e+00,1.6934130079e-06,5.4296042725e-04,-1.4945092109e-01,1.1128554071e+01
54824,2025-03-03 01:10:00,0.008390,0.629410,0.445099,-0.063 1 + 2.112 omega + -0.010 theta omega + -6.091 omega^2 + 0.045 theta omega^2 + 10.042 omega^3,-0.108 1 + 0.001 theta + 1.829 omega + -0.022 theta omega + -9.369 omega^2 + 0.096 theta omega^2 + 13.468 omega^3,-1.0770501025e-01,8.8161688966e-04,1.8294332898e+00,3.5100547387e-05,-2.1746199854e-02,-9.3692912580e+00,-1.7779817769e-07,-1.5809676123e-04,9.5929886815e-02,1.3468249500e+01
54825,2025-03-03 01:15:00,0.042504,4.098636,2.898329,0.014 1 + -0.001 theta + 0.804 omega + 0.010 theta omega + 0.618 omega^2 + -0.033 theta omega^2 + 0.401 omega^3,0.026 1 + -0.002 theta + -0.349 omega + 0.019 theta omega + 1.044 omega^2 + -0.061 theta omega^2 + 0.968 omega^3,2.5821152292e-02,-1.5177645233e-03,-3.4932007091e-01,9.9119584894e-06,1.9273952852e-02,1.0441213020e+00,1.5720637876e-07,-9.6509116776e-05,-6.0899556920e-02,9.6787842232e-01
54826,2025-03-03 01:20:00,nan,nan,nan,-0.135 1 + 0.003 theta + 3.384 omega + -0.050 theta omega + -13.258 omega^2 + 0.204 theta omega^2 + 22.626 omega^3,-0.282 1 + 0.006 theta + 4.963 omega + -0.104 theta omega + -27.471 omega^2 + 0.421 theta omega^2 + 46.706 omega^3,-2.8239540789e-01,5.9242740059e-03,4.9626732503e+00,7.8815632592e-05,-1.0406646924e-01,-2.7471349166e+01,-1.1369665271e-07,-4.6635105960e-04,4.2119805815e-01,4.6705864729e+01
54827,2025-03-03 01:25:00,nan,nan,nan,-0.090 1 + -0.001 theta + 2.257 omega + 0.001 theta omega + -5.618 omega^2 + -0.004 theta omega^2 + 8.399 omega^3,-0.175 1 + -0.001 theta + 2.459 omega + 0.003 theta omega + -10.978 omega^2 + -0.008 theta omega^2 + 16.421 omega^3,-1.7543949349e-01,-1.0938713585e-03,2.4588770236e+00,2.9287647689e-05,2.6207871562e-03,-1.0978099452e+01,-2.3648076282e-07,-1.2929184926e-05,-8.1714598315e-03,1.6420561104e+01
54828,2025-03-03 01:30:00,nan,nan,nan,-0.091 1 + 0.007 theta + 1.708 omega + -0.049 theta omega + -1.142 omega^2 + 0.001 theta^2 omega + 0.036 theta omega^2 + 0.966 omega^3,-0.183 1 + 0.014 theta + 1.421 omega + -0.099 theta omega + -2.223 omega^2 + 0.002 theta^2 omega + 0.070 theta omega^2 + 1.828 omega^3,-1.8312457958e-01,1.3780668906e-02,1.4208603991e+00,-2.3338777301e-04,-9.8527974319e-02,-2.2225452250e+00,-7.5388106082e-07,1.6737203651e-03,6.9927536368e-02,1.8284189322e+00
54829,2025-03-03 01:35:00,0.010141,0.695959,0.492170,0.995 omega + -0.005 theta omega + 0.080 omega^2 + -0.027 theta omega^2 + 1.722 omega^3,-0.001 theta + -0.009 omega + -0.008 theta omega + 0.155 omega^2 + -0.058 theta omega^2 + 3.384 omega^3,-8.3523343870e-05,-5.6552271685e-04,-8.8768497513e-03,2.1148955635e-04,-8.2710046406e-03,1.5538706719e-01,-3.6820913554e-06,6.7650462415e-05,-5.8253337775e-02,3.3843271963e+00
54830,2025-03-03 01:40:00,nan,nan,nan,-0.165 1 + 0.008 theta + 2.733 omega + -0.068 theta omega + -5.199 omega^2 + 0.138 theta omega^2 + 3.528 omega^3,-0.328 1 + 0.016 theta + 3.443 omega + -0.135 theta omega + -10.353 omega^2 + 0.001 theta^2 omega + 0.273 theta omega^2 + 7.173 omega^3,-3.2786632022e-01,1.5674045201e-02,3.4429195903e+00,-1.8773998020e-04,-1.3529039789e-01,-1.0352906659e+01,5.1806880253e-07,9.5761638180e-04,2.7272516113e-01,7.1725571558e+00
54831,2025-03-03 01:45:00,nan,nan,nan,-0.012 1 + -0.002 theta + 1.401 omega + 0.015 theta omega + -3.375 omega^2 + -0.037 theta omega^2 + 8.449 omega^3,-0.030 1 + -0.003 theta + 0.930 omega + 0.033 theta omega + -7.628 omega^2 + -0.080 theta omega^2 + 18.898 omega^3,-2.9730922699e-02,-3.4905793982e-03,9.2989484127e-01,3.9934166124e-05,3.2522155682e-02,-7.6277372540e+00,-2.3201736594e-07,-1.3733987533e-04,-8.0034232933e-02,1.8897531439e+01
54832,2025-03-03 01:50:00,0.419821,51.514044,36.427139,-0.014 1 + 0.002 theta + 0.993 omega + 0.733 omega^2 + -0.066 theta omega^2 + -1.134 omega^3,-0.030 1 + 0.004 theta + 0.020 omega + 1.202 omega^2 + 0.001 theta^2 omega + -0.130 theta omega^2 + -1.529 omega^3,-2.9526719002e-02,3.9947789637e-03,1.9839982424e-02,-1.9721097656e-04,3.7520411998e-04,1.2019452601e+00,1.8079734954e-06,7.1126309920e-04,-1.3015635030e-01,-1.5293971538e+00
54833,2025-03-03 01:55:00,nan,nan,nan,-0.077 1 + -0.001 theta + 2.086 omega + 0.002 theta omega + -4.813 omega^2 + 0.007 theta omega^2 + 6.370 omega^3,-0.151 1 + -0.001 theta + 2.132 omega + 0.005 theta omega + -9.455 omega^2 + 0.013 theta omega^2 + 12.550 omega^3,-1.5054997802e-01,-1.1198040513e-03,2.1324244414e+00,1.6014127857e-05,4.6378411077e-03,-9.4547250958e+00,9.3944949709e-08,-1.3217089601e-04,1.2993052090e-02,1.2549995051e+01
54834,2025-03-03 02:00:00,0.061455,7.120087,5.034849,0.127 1 + 0.003 theta + -0.593 omega + -0.020 theta omega + 6.367 omega^2 + 0.029 theta omega^2 + -8.019 omega^3,0.254 1 + 0.006 theta + -3.187 omega + -0.040 theta omega + 12.735 omega^2 + 0.058 theta omega^2 + -16.030 omega^3,2.5414077080e-01,6.1028499947e-03,-3.1868874486e+00,4.5174315600e-06,-4.0169704485e-02,1.2735358528e+01,-1.1464988403e-07,3.9343894791e-05,5.7765432550e-02,-1.6029874104e+01
54835,2025-03-03 02:05:00,0.016802,1.792576,1.267599,0.400 1 + -0.003 theta + -3.450 omega + 0.022 theta omega + 16.546 omega^2 + -0.032 theta omega^2 + -20.577 omega^3,0.782 1 + -0.007 theta + -8.689 omega + 0.044 theta omega + 32.217 omega^2 + -0.065 theta omega^2 + -39.918 omega^3,7.8213656228e-01,-6.9098167296e-03,-8.6887568270e+00,5.0273297570e-05,4.3602285476e-02,3.2216796001e+01,-1.0021241994e-07,-1.7146693263e-04,-6.5078473278e-02,-3.9918118391e+01
54836,2025-03-03 02:10:00,0.121893,7.131421,5.043413,0.068 1 + -0.003 theta + 0.363 omega + 0.022 theta omega + 1.634 omega^2 + -0.041 theta omega^2 + -0.668 omega^3,0.134 1 + -0.006 theta + -1.235 omega + 0.044 theta omega + 3.089 omega^2 + -0.082 theta omega^2 + -1.016 omega^3,1.3376089273e-01,-5.9624105284e-03,-1.2347043513e+00,6.5281687099e-05,4.4353111186e-02,3.0893873570e+00,-1.7398251465e-07,-2.5643789326e-04,-8.2287019900e-02,-1.0159574808e+00
54837,2025-03-03 02:15:00,0.011062,0.334700,0.236798,0.063 1 + -0.274 omega + 0.003 theta omega + 8.374 omega^2 + -0.017 theta omega^2 + -18.030 omega^3,0.124 1 + -2.521 omega + 0.006 theta omega + 16.640 omega^2 + -0.032 theta omega^2 + -35.939 omega^3,1.2422162623e-01,-7.4626436963e-05,-2.5208305165e+00,-1.7138320519e-05,6.0901562284e-03,1.6639748101e+01,-9.1525936125e-09,9.5058397714e-05,-3.1900185235e-02,-3.5938531013e+01
54838,2025-03-03 02:20:00,nan,nan,nan,0.007 1 + -0.002 theta + 0.887 omega + 0.020 theta omega + 0.323 omega^2 + -0.090 theta omega^2 + 2.335 omega^3,0.014 1 + -0.004 theta + -0.228 omega + 0.041 theta omega + 0.671 omega^2 + -0.001 theta^2 omega + -0.176 theta omega^2 + 4.386 omega^3,1.3560913244e-02,-3.6141698638e-03,-2.2782867419e-01,3.0090890897e-04,4.0741752444e-02,6.7050673557e-01,-9.1749643213e-06,-8.3082380148e-04,-1.7631241709e-01,4.3856104287e+00
54839,2025-03-03 02:25:00,0.046419,4.028725,2.848928,0.005 1 + -0.001 theta + 0.916 omega + 0.011 theta omega + 0.187 omega^2 + -0.015 theta omega^2 + 0.726 omega^3,0.009 1 + -0.002 theta + -0.161 omega + 0.021 theta omega + 0.340 omega^2 + -0.001 theta^2 omega + -0.033 theta omega^2 + 1.738 omega^3,8.5706829600e-03,-1.6419192912e-03,-1.6055781529e-01,9.5678174933e-05,2.1259295579e-02,3.3972508543e-01,-1.4851240432e-06,-6.6886241845e-04,-3.3224603069e-02,1.7383975359e+00
54840,2025-03-03 02:30:00,0.040786,2.967219,2.098339,0.002 1 + 0.904 omega + 0.001 theta omega + 1.039 omega^2 + -0.004 theta omega^2 + -3.250 omega^3,0.003 1 + -0.178 omega + 0.001 theta omega + 2.022 omega^2 + -0.009 theta omega^2 + -6.427 omega^3,3.3038327089e-03,-2.1755698424e-04,-1.7752401303e-01,2.7806681043e-05,1.4039367566e-03,2.0223509616e+00,-6.0538621763e-07,-4.1183340837e-05,-8.5502900887e-03,-6.4271280156e+00
54841,2025-03-03 02:35:00,nan,nan,nan,-0.001 1 + -0.001 theta + 1.000 omega + -0.010 theta omega + 0.108 omega^2 + -0.032 theta omega^2 + 0.216 omega^3,-0.002 1 + -0.003 theta + 0.002 omega + -0.021 theta omega + 0.209 omega^2 + -0.065 theta omega^2 + 0.479 omega^3,-1.7603421609e-03,-2.8854341160e-03,2.2569982874e-03,-3.8889424943e-04,-2.0629952215e-02,2.0945188541e-01,-1.2923786866e-05,-2.7636292124e-04,-6.5445927135e-02,4.7912815152e-01
54842,2025-03-03 02:40:00,nan,nan,nan,0.005 1 + 0.988 omega + 0.003 theta omega + -0.209 omega^2 + -0.020 theta omega^2 + 0.905 omega^3,0.010 1 + -0.025 omega + 0.005 theta omega + -0.406 omega^2 + -0.040 theta omega^2 + 1.822 omega^3,9.9246077343e-03,4.6528748294e-04,-2.4886223450e-02,-8.9861739174e-05,4.9751932925e-03,-4.0561464144e-01,1.8833631715e-07,4.1745275558e-04,-4.0459500685e-02,1.8219323122e+00
54843,2025-03-03 02:45:00,0.066522,4.764681,3.369466,0.014 1 + -0.007 theta + 0.903 omega + 0.001 theta^2 + 0.033 theta omega + 0.393 omega^2 + -0.002 theta^2 omega + -0.058 theta omega^2 + -0.903 omega^3,0.027 1 + -0.015 theta + -0.194 omega + 0.002 theta^2 + 0.067 theta omega + 0.773 omega^2 + -0.004 theta^2 omega + -0.116 theta omega^2 + -1.758 omega^3,2.7474741218e-02,-1.4921642730e-02,-1.9350447596e-01,2.4533991930e-03,6.6580137201e-02,7.7253212801e-01,-1.1765395062e-04,-4.3109483286e-03,-1.1619474752e-01,-1.7584581261e+00
54844,2025-03-03 02:50:00,nan,nan,nan,-0.006 1 + 1.184 omega + -0.002 theta omega + -1.581 omega^2 + -0.001 theta^2 omega + 0.072 theta omega^2 + 1.919 omega^3,-0.013 1 + 0.415 omega + 0.001 theta omega + -3.901 omega^2 + -0.001 theta^2 omega + 0.106 theta omega^2 + 7.707 omega^3,-1.3410638366e-02,9.4143255565e-05,4.1546565029e-01,-1.7175285184e-05,8.8073656101e-04,-3.9007888274e+00,2.7387956548e-06,-9.1275405365e-04,1.0608153419e-01,7.7072483341e+00
54845,2025-03-03 02:55:00,0.043297,2.118065,1.498011,0.006 1 + -0.001 theta + 0.925 omega + 0.005 theta omega + 0.228 omega^2 + -0.005 theta omega^2 + -0.091 omega^3,0.011 1 + -0.001 theta + -0.141 omega + 0.009 theta omega + 0.456 omega^2 + -0.010 theta omega^2 + -0.161 omega^3,1.1270044807e-02,-1.1220968581e-03,-1.4114638341e-01,3.1940408510e-05,9.1998633641e-03,4.5562942498e-01,-4.6766444037e-07,-1.4984617135e-04,-1.0158617082e-02,-1.6086446846e-01
54846,2025-03-03 03:00:00,0.065858,5.329456,3.768782,-0.001 1 + -0.001 theta + 1.011 omega + 0.008 theta omega + -0.068 omega^2 + 0.001 theta^2 omega + -0.019 theta omega^2 + 0.907 omega^3,-0.001 1 + -0.002 theta + 0.021 omega + -0.001 theta^2 + 0.017 theta omega + -0.142 omega^2 + 0.001 theta^2 omega + -0.037 theta omega^2 + 1.819 omega^3,-9.6086727063e-04,-2.0140081756e-03,2.1445121982e-02,-7.3888624539e-04,1.6877920592e-02,-1.4170443829e-01,-5.0550659167e-05,1.1077342866e-03,-3.7448513904e-02,1.8185075138e+00
54847,2025-03-03 03:05:00,0.105404,3.989360,2.821888,0.999 omega + 0.001 theta omega + 0.025 omega^2 + 0.001 theta omega^2 + -0.278 omega^3,-0.004 omega + 0.002 theta omega + 0.088 omega^2 + -0.001 theta omega^2 + -0.603 omega^3,-4.4875109616e-04,-1.3192732542e-04,-3.6171565893e-03,6.2745925895e-05,1.9612198247e-03,8.8159631892e-02,-4.9261659691e-06,-4.6353537409e-05,-1.0578167625e-03,-6.0334634933e-01
54848,2025-03-03 03:10:00,nan,nan,nan,0.010 1 + -0.002 theta + 1.370 omega + -0.001 theta^2 + 0.053 theta omega + 0.945 omega^2 + 0.002 theta^2 omega + 0.041 theta omega^2 + 2.383 omega^3,0.020 1 + -0.005 theta + 0.756 omega + -0.001 theta^2 + 0.108 theta omega + 1.976 omega^2 + 0.004 theta^2 omega + 0.086 theta omega^2 + 4.970 omega^3,2.0419128404e-02,-4.6703919262e-03,7.5584959050e-01,-1.1609869398e-03,1.0782849758e-01,1.9762750641e+00,-5.1049592716e-05,3.8107027617e-03,8.5904010739e-02,4.9699010819e+00
54849,2025-03-03 03:15:00,0.094032,5.900364,4.172717,-0.001 theta + 0.995 omega + 0.003 theta omega + -0.593 omega^2 + -0.012 theta omega^2 + -2.173 omega^3,-0.001 1 + -0.002 theta + -0.008 omega + 0.005 theta omega + -1.172 omega^2 + -0.025 theta omega^2 + -4.311 omega^3,-6.7199857536e-04,-1.7498235151e-03,-7.9557340232e-03,-2.0312777096e-04,4.6154522744e-03,-1.1718276565e+00,-5.7388128546e-06,1.6590127240e-04,-2.5191884144e-02,-4.3106812771e+00
54850,2025-03-03 03:20:00,0.033897,1.595089,1.128153,-0.001 theta + 1.018 omega + 0.003 theta omega + 0.062 omega^2 + -0.004 theta omega^2 + -1.490 omega^3,-0.002 theta + 0.038 omega + 0.007 theta omega + 0.134 omega^2 + -0.009 theta omega^2 + -2.987 omega^3,-1.0221887308e-04,-2.0494387573e-03,3.7782240733e-02,3.1615134505e-04,6.7540991905e-03,1.3413564929e-01,-9.3645610859e-06,-3.2944388726e-04,-8.8029346716e-03,-2.9869839081e+00
54851,2025-03-03 03:25:00,0.060958,2.081923,1.472773,-0.001 1 + 0.996 omega + -0.003 theta omega + -0.199 omega^2 + -0.010 theta omega^2 + -0.859 omega^3,-0.001 1 + -0.001 theta + -0.005 omega + -0.005 theta omega + -0.407 omega^2 + -0.021 theta omega^2 + -1.719 omega^3,-1.4780928092e-03,-1.0071522708e-03,-5.2665719845e-03,-1.6584876860e-04,-5.2675965237e-03,-4.0659157966e-01,-7.6935948112e-06,-4.5675871893e-04,-2.0742874041e-02,-1.7191276681e+00
54852,2025-03-03 03:30:00,nan,nan,nan,-0.001 1 + 0.993 omega + -0.001 theta omega + -0.038 theta omega^2 + 0.840 omega^3,-0.003 1 + -0.016 omega + -0.003 theta omega + 0.003 omega^2 + 0.001 theta^2 omega + -0.075 theta omega^2 + 1.707 omega^3,-2.6098123737e-03,-1.3889811486e-04,-1.5624880277e-02,3.4839196466e-04,-2.5106306529e-03,3.4651708353e-03,-2.6772108044e-05,6.7237759929e-04,-7.4504065302e-02,1.7066234346e+00
54853,2025-03-03 03:35:00,0.041115,2.249458,1.590872,0.006 1 + -0.001 theta + 0.879 omega + 0.008 theta omega + 0.808 omega^2 + -0.014 theta omega^2 + -1.429 omega^3,0.010 1 + -0.003 theta + -0.215 omega + 0.015 theta omega + 1.536 omega^2 + -0.027 theta omega^2 + -2.791 omega^3,9.5187962515e-03,-2.8467560429e-03,-2.1462366607e-01,9.0864431611e-05,1.5344424069e-02,1.5358432221e+00,-6.9649688019e-07,-2.4875946665e-04,-2.6520304969e-02,-2.7912622593e+00
54854,2025-03-03 03:40:00,0.069791,1.611337,1.140455,-0.001 theta + 1.000 omega + -0.003 theta omega + -0.111 omega^2 + -0.001 theta^2 omega + -0.020 theta omega^2 + -0.135 omega^3,-0.001 theta + 0.002 omega + -0.001 theta^2 + -0.007 theta omega + -0.236 omega^2 + -0.002 theta^2 omega + -0.042 theta omega^2 + -0.364 omega^3,2.3328607242e-04,-1.2820615089e-03,2.0871175559e-03,-8.8597308179e-04,-6.8700588699e-03,-2.3565466607e-01,-1.1840398683e-04,-2.0533857377e-03,-4.1666469454e-02,-3.6432436089e-01
54855,2025-03-03 03:45:00,nan,nan,nan,0.001 1 + -0.001 theta + 0.994 omega + 0.007 theta omega + -0.172 omega^2 + 0.012 theta omega^2 + 0.101 omega^3,0.002 1 + -0.001 theta + -0.011 omega + 0.015 theta omega + -0.384 omega^2 + -0.001 theta^2 omega + 0.017 theta omega^2 + 0.687 omega^3,2.4000504985e-03,-1.0857661978e-03,-1.0878448692e-02,3.2548135669e-05,1.4566312635e-02,-3.8379183520e-01,1.4075664456e-06,-7.7334597458e-04,1.7110958526e-02,6.8709484085e-01
54856,2025-03-03 03:50:00,0.053626,5.064453,3.581310,-0.001 1 + 0.001 theta + 0.968 omega + 0.006 theta omega + 0.259 omega^2 + -0.060 theta omega^2 + 0.535 omega^3,-0.003 1 + 0.001 theta + -0.057 omega + 0.011 theta omega + 0.449 omega^2 + -0.118 theta omega^2 + 1.338 omega^3,-2.5815083836e-03,1.4860633879e-03,-5.7343864473e-02,-2.0019024882e-04,1.0909344923e-02,4.4874904057e-01,6.8125353534e-06,8.4175510422e-05,-1.1829023302e-01,1.3376839274e+00
54857,2025-03-03 03:55:00,nan,nan,nan,0.002 1 + -0.001 theta + 1.003 omega + -0.004 theta omega + -0.016 omega^2 + 0.001 theta^2 omega + -0.004 theta omega^2 + 0.320 omega^3,0.003 1 + -0.003 theta + 0.007 omega + 0.001 theta^2 + -0.007 theta omega + -0.014 omega^2 + 0.001 theta^2 omega + -0.014 theta omega^2 + 0.520 omega^3,2.8853443422e-03,-2.7853617422e-03,6.6779344673e-03,9.9323382497e-04,-6.7238926764e-03,-1.4398432789e-02,-1.3151173827e-04,9.0369178135e-04,-1.4320618235e-02,5.2024557055e-01
54858,2025-03-03 04:00:00,0.034392,2.494916,1.764340,-0.016 1 + 0.001 theta + 0.433 omega + -0.006 theta omega + -5.456 omega^2 + -0.064 theta omega^2 + -15.452 omega^3,-0.031 1 + 0.001 theta + -1.107 omega + -0.011 theta omega + -10.699 omega^2 + -0.127 theta omega^2 + -30.287 omega^3,-3.1220681916e-02,1.2316309797e-03,-1.1071479939e+00,1.3218978159e-04,-1.0953035098e-02,-1.0699391097e+01,2.1740795564e-06,4.1572229480e-04,-1.2743939223e-01,-3.0286594717e+01
54859,2025-03-03 04:05:00,0.051882,1.518761,1.074553,0.001 1 + 0.987 omega + -0.002 theta omega + 0.183 omega^2 + -0.004 theta omega^2 + 1.113 omega^3,0.002 1 + 0.001 theta + -0.024 omega + -0.003 theta omega + 0.370 omega^2 + -0.008 theta omega^2 + 2.220 omega^3,1.6816085229e-03,7.4280737329e-04,-2.3658291332e-02,7.5592891891e-05,-3.4060250865e-03,3.7014817947e-01,2.1456433784e-06,-1.5619681860e-05,-8.3585764999e-03,2.2198749909e+00
54860,2025-03-03 04:10:00,nan,nan,nan,0.004 1 + 0.002 theta + 0.969 omega + -0.006 theta omega + 0.009 omega^2 + -0.063 theta omega^2 + 2.456 omega^3,0.008 1 + 0.003 theta + -0.060 omega + -0.011 theta omega + 0.027 omega^2 + -0.124 theta omega^2 + 4.874 omega^3,8.4368258402e-03,3.2835735138e-03,-5.9855703401e-02,3.5092490474e-04,-1.1365178605e-02,2.6726583449e-02,1.0299483616e-05,1.6173216089e-04,-1.2443216770e-01,4.8738771431e+00
54861,2025-03-03 04:15:00,nan,nan,nan,0.011 1 + 0.002 theta + 1.059 omega + 0.016 theta omega + -0.283 omega^2 + 0.001 theta^2 omega + -0.066 theta omega^2 + 0.887 omega^3,0.023 1 + 0.004 theta + 0.109 omega + 0.029 theta omega + -0.717 omega^2 + 0.002 theta^2 omega + -0.147 theta omega^2 + 1.430 omega^3,2.3238760675e-02,3.6108685868e-03,1.0882159914e-01,-1.4928937474e-04,2.8924345127e-02,-7.1708617695e-01,-2.5430505746e-05,1.7414801453e-03,-1.4740169259e-01,1.4295030754e+00
54862,2025-03-03 04:20:00,0.032823,1.585955,1.121680,-0.001 1 + 1.013 omega + -0.001 theta omega + 0.042 omega^2 + 0.012 theta omega^2 + -3.130 omega^3,-0.001 1 + -0.001 theta + 0.026 omega + 0.001 theta^2 + -0.002 theta omega + 0.101 omega^2 + -0.001 theta^2 omega + 0.026 theta omega^2 + -6.402 omega^3,-1.2028689660e-03,-1.0069259585e-03,2.6442465257e-02,7.4000114120e-04,-1.5679105802e-03,1.0067482117e-01,-3.9955343630e-05,-5.1187227145e-04,2.5747090908e-02,-6.4017326310e+00
54863,2025-03-03 04:25:00,0.029382,3.464319,2.449731,-0.004 1 + 0.003 theta + 0.912 omega + -0.018 theta omega + 1.515 omega^2 + 0.001 theta^2 omega + -0.004 theta omega^2 + -4.235 omega^3,-0.008 1 + 0.005 theta + -0.155 omega + -0.038 theta omega + 2.860 omega^2 + 0.002 theta^2 omega + -8.044 omega^3,-8.4429953369e-03,5.3412515498e-03,-1.5536484579e-01,-3.9834999290e-04,-3.7501296401e-02,2.8595239895e+00,7.5787598186e-06,1.9481490019e-03,-1.5120846423e-04,-8.0440509719e+00
54864,2025-03-03 04:30:00,nan,nan,nan,-0.004 1 + 0.002 theta + 0.856 omega + -0.010 theta omega + 2.152 omega^2 + 0.006 theta^2 omega + -0.424 theta omega^2 + 3.241 omega^3,-0.008 1 + 0.004 theta + -0.288 omega + -0.018 theta omega + 4.254 omega^2 + 0.011 theta^2 omega + -0.839 theta omega^2 + 6.368 omega^3,-8.0959128278e-03,4.4229351931e-03,-2.8791001118e-01,-2.8243921344e-04,-1.7836094981e-02,4.2539835306e+00,-3.4748020971e-05,1.1058923810e-02,-8.3924873597e-01,6.3684790687e+00
54865,2025-03-03 04:35:00,nan,nan,nan,-0.014 1 + 0.001 theta + 1.141 omega + -0.007 theta omega + -0.338 omega^2 + 0.012 theta omega^2 + 0.064 omega^3,-0.031 1 + 0.001 theta + 0.299 omega + -0.015 theta omega + -0.693 omega^2 + 0.024 theta omega^2 + 0.238 omega^3,-3.0894964745e-02,1.4493432349e-03,2.9898154048e-01,2.3389850285e-05,-1.5128317797e-02,-6.9265251575e-01,-1.3402857406e-06,1.4219124773e-04,2.4147698885e-02,2.3846038712e-01
54866,2025-03-03 04:40:00,0.075968,8.199841,5.798412,-0.025 1 + -0.004 theta + 0.772 omega + -0.035 theta omega + -0.493 omega^2 + -0.001 theta^2 omega + -0.046 theta omega^2 + -0.343 omega^3,-0.052 1 + -0.009 theta + -0.467 omega + -0.073 theta omega + -1.006 omega^2 + -0.002 theta^2 omega + -0.095 theta omega^2 + -0.669 omega^3,-5.1827877930e-02,-9.0001788281e-03,-4.6666913335e-01,-3.7702101455e-04,-7.2867063058e-02,-1.0060871054e+00,-1.7381855175e-06,-2.4709556869e-03,-9.4731808929e-02,-6.6909661537e-01
54867,2025-03-03 04:45:00,nan,nan,nan,0.004 1 + 0.001 theta + 1.056 omega + 0.018 theta omega + 0.204 omega^2 + 0.001 theta^2 omega + 0.017 theta omega^2 + 1.511 omega^3,0.008 1 + 0.002 theta + 0.107 omega + 0.036 theta omega + 0.394 omega^2 + 0.002 theta^2 omega + 0.033 theta omega^2 + 3.018 omega^3,8.3205684012e-03,2.2216601788e-03,1.0741126716e-01,9.0142136089e-05,3.6209989724e-02,3.9402740210e-01,-2.8895998837e-06,2.0089534252e-03,3.3114747468e-02,3.0181339360e+00
54868,2025-03-03 04:50:00,nan,nan,nan,-0.001 1 + -0.001 theta + 0.990 omega + -0.007 theta omega + 0.373 omega^2 + 0.006 theta^2 omega + -0.138 theta omega^2 + 1.652 omega^3,-0.002 1 + -0.003 theta + -0.018 omega + 0.001 theta^2 + -0.014 theta omega + 0.720 omega^2 + 0.012 theta^2 omega + -0.266 theta omega^2 + 3.286 omega^3,-2.3385585411e-03,-2.6059927864e-03,-1.7921681579e-02,9.2067847741e-04,-1.3982618122e-02,7.1987941710e-01,-2.3146635073e-04,1.1866554541e-02,-2.6630831361e-01,3.2861419313e+00
54869,2025-03-03 04:55:00,nan,nan,nan,-0.001 1 + -0.001 theta + 1.120 omega + 0.040 theta omega + -3.244 omega^2 + 0.002 theta^2 omega + -0.350 theta omega^2 + 22.781 omega^3,-0.002 1 + -0.002 theta + 0.224 omega + 0.077 theta omega + -6.149 omega^2 + 0.003 theta^2 omega + -0.674 theta omega^2 + 43.611 omega^3,-2.1471077969e-03,-1.5292506323e-03,2.2354787265e-01,-2.2777728732e-04,7.7003604962e-02,-6.1493094386e+00,-2.6079096903e-06,2.9184494767e-03,-6.7405258905e-01,4.3610839453e+01
54870,2025-03-03 05:00:00,nan,nan,nan,-0.011 1 + 0.002 theta + 1.104 omega + -0.015 theta omega + -0.343 omega^2 + 0.019 theta omega^2 + 0.399 omega^3,-0.020 1 + 0.004 theta + 0.191 omega + -0.028 theta omega + -0.618 omega^2 + 0.001 theta^2 omega + 0.036 theta omega^2 + 0.733 omega^3,-1.9846666071e-02,4.4113295420e-03,1.9055748100e-01,-2.6192504864e-04,-2.8216698375e-02,-6.1833017220e-01,4.3692777020e-06,9.2096402312e-04,3.5632088591e-02,7.3286021251e-01
54871,2025-03-03 05:05:00,0.147484,14.678069,10.379486,-0.005 1 + 0.861 omega + -0.019 theta omega + -1.121 omega^2 + -0.127 theta omega^2 + -1.904 omega^3,-0.011 1 + -0.273 omega + -0.036 theta omega + -2.235 omega^2 + -0.254 theta omega^2 + -3.737 omega^3,-1.0536668534e-02,-1.0569286296e-04,-2.7309377835e-01,3.0803805175e-04,-3.6011112592e-02,-2.2354241269e+00,1.9484639419e-05,-1.8754240296e-04,-2.5389412984e-01,-3.7370225365e+00
54872,2025-03-03 05:10:00,0.020438,1.575248,1.113963,0.023 1 + 1.496 omega + 0.001 theta omega + 2.981 omega^2 + 0.049 theta omega^2 + 3.623 omega^3,0.047 1 + -0.001 theta + 0.985 omega + 0.003 theta omega + 5.845 omega^2 + -0.001 theta^2 omega + 0.098 theta omega^2 + 6.972 omega^3,4.6993925156e-02,-8.2373956603e-04,9.8467527881e-01,-6.5126207183e-05,2.6476782361e-03,5.8446989522e+00,-9.5274704098e-08,-6.0831956454e-04,9.8408376802e-02,6.9716501850e+00
54873,2025-03-03 05:15:00,nan,nan,nan,0.031 1 + 0.004 theta + 1.249 omega + 0.027 theta omega + 0.010 omega^2 + 0.001 theta^2 omega + 0.003 theta omega^2 + -0.113 omega^3,0.061 1 + 0.008 theta + 0.482 omega + 0.052 theta omega + -0.040 omega^2 + 0.001 theta^2 omega + 0.004 theta omega^2 + -0.278 omega^3,6.0945923713e-02,7.6551660948e-03,4.8190585957e-01,2.7282142393e-04,5.2263577003e-02,-4.0166047010e-02,2.4544795185e-06,1.3110724896e-03,3.6758096543e-03,-2.7790981264e-01
54874,2025-03-03 05:20:00,nan,nan,nan,-0.007 1 + -0.001 theta + 0.884 omega + 0.005 theta omega + 0.208 omega^2 + -0.024 theta omega^2 + 3.060 omega^3,-0.014 1 + -0.003 theta + -0.232 omega + 0.001 theta^2 + 0.010 theta omega + 0.382 omega^2 + -0.044 theta omega^2 + 6.244 omega^3,-1.4352666353e-02,-3.0709467820e-03,-2.3235090230e-01,8.5381481786e-04,1.0085793761e-02,3.8183588237e-01,-4.0721985321e-05,4.0670647531e-04,-4.3675916510e-02,6.2437772428e+00
54875,2025-03-03 05:25:00,0.023366,2.668382,1.886903,-0.003 theta + 1.054 omega + 0.011 theta omega + -0.159 omega^2 + -0.009 theta omega^2 + -0.068 omega^3,-0.005 theta + 0.108 omega + 0.021 theta omega + -0.323 omega^2 + -0.016 theta omega^2 + -0.114 omega^3,3.1182597803e-04,-5.3720846615e-03,1.0827965782e-01,1.9486859944e-04,2.1229012748e-02,-3.2290595737e-01,-1.6015020373e-06,-4.9478346696e-04,-1.5969697080e-02,-1.1373206969e-01
54876,2025-03-03 05:30:00,0.074999,3.375783,2.387628,-0.001 1 + 0.998 omega + -0.003 theta omega + 0.054 omega^2 + 0.352 omega^3,-0.001 1 + -0.001 theta + -0.004 omega + -0.005 theta omega + 0.103 omega^2 + -0.001 theta omega^2 + 0.722 omega^3,-1.3672181538e-03,-8.0566501994e-04,-3.5976532224e-03,1.9494974933e-04,-5.3003741946e-03,1.0251176088e-01,-8.2344760211e-07,-4.0308854390e-04,-5.0105145871e-04,7.2243176970e-01
54877,2025-03-03 05:35:00,nan,nan,nan,-0.148 1 + 0.016 theta + 2.335 omega + -0.085 theta omega + -4.934 omega^2 + 0.001 theta^2 omega + 0.105 theta omega^2 + 7.652 omega^3,-0.308 1 + 0.033 theta + 2.780 omega + -0.001 theta^2 + -0.174 theta omega + -10.216 omega^2 + 0.003 theta^2 omega + 0.216 theta omega^2 + 15.719 omega^3,-3.0832315959e-01,3.3320179789e-02,2.7800219087e+00,-9.4674951557e-04,-1.7428897606e-01,-1.0216209480e+01,7.6331967911e-06,2.6101423762e-03,2.1643920101e-01,1.5718981698e+01
54878,2025-03-03 05:40:00,0.079764,2.014436,1.425538,-0.001 theta + 1.015 omega + 0.005 theta omega + -0.015 omega^2 + -0.004 theta^2 omega + 0.272 theta omega^2 + -2.580 omega^3,-0.001 1 + -0.002 theta + 0.032 omega + 0.009 theta omega + -0.020 omega^2 + -0.009 theta^2 omega + 0.551 theta omega^2 + -5.119 omega^3,-7.5966187896e-04,-2.3098056353e-03,3.1921618130e-02,3.8825700361e-04,8.9552826212e-03,-2.0485291452e-02,2.1582430196e-04,-9.0500914407e-03,5.5112492963e-01,-5.1187949251e+00
54879,2025-03-03 05:45:00,0.007994,0.195119,0.138086,0.001 1 + -0.001 theta + 1.050 omega + 0.001 theta omega + -0.422 omega^2 + 0.013 theta omega^2 + 0.119 omega^3,0.001 1 + -0.001 theta + 0.100 omega + 0.004 theta omega + -0.838 omega^2 + 0.024 theta omega^2 + 0.266 omega^3,1.4848094407e-03,-1.4464012598e-03,9.9875122811e-02,9.3830639917e-05,3.5606780183e-03,-8.3792905953e-01,-1.4611341265e-06,-2.7364006457e-04,2.3810716330e-02,2.6606036399e-01
54880,2025-03-03 05:50:00,0.024034,0.622811,0.440722,-0.001 1 + 1.010 omega + 0.063 omega^2 + 0.004 theta omega^2 + -0.773 omega^3,-0.002 1 + 0.001 theta + 0.020 omega + -0.001 theta omega + 0.117 omega^2 + -0.001 theta^2 omega + 0.005 theta omega^2 + -1.474 omega^3,-1.7888709718e-03,8.2026714080e-04,2.0159676814e-02,5.9359822177e-05,-5.8532953824e-04,1.1728015180e-01,-6.8812987285e-05,-6.5173535987e-04,4.5990691845e-03,-1.4742501138e+00
54881,2025-03-03 05:55:00,0.103175,7.069492,4.999418,-0.001 1 + -0.002 theta + 1.007 omega + -0.006 theta omega + -0.079 omega^2 + -0.001 theta^2 omega + 0.024 theta omega^2 + -1.868 omega^3,-0.002 1 + -0.004 theta + 0.015 omega + -0.001 theta^2 + -0.012 theta omega + -0.152 omega^2 + -0.003 theta^2 omega + 0.049 theta omega^2 + -3.768 omega^3,-1.8589038311e-03,-4.2127119229e-03,1.4573941765e-02,-8.2720373642e-04,-1.1516167658e-02,-1.5249722335e-01,-1.6357101939e-05,-2.9664631870e-03,4.9018909317e-02,-3.7682901964e+00
54882,2025-03-03 06:00:00,0.083167,6.492096,4.590982,-0.005 1 + 1.011 omega + -0.004 theta omega + 0.530 omega^2 + -0.001 theta^2 omega + -0.016 theta omega^2 + -2.736 omega^3,-0.009 1 + 0.021 omega + -0.007 theta omega + 1.041 omega^2 + -0.003 theta^2 omega + -0.035 theta omega^2 + -5.345 omega^3,-9.0544211870e-03,7.7091219735e-05,2.1027587216e-02,4.8449357889e-04,-7.4525316069e-03,1.0406331589e+00,8.4592580353e-06,-2.6744392310e-03,-3.5258919575e-02,-5.3445953816e+00
54883,2025-03-03 06:05:00,0.200417,17.443009,12.334884,-0.003 1 + 0.001 theta + 0.981 omega + -0.005 theta omega + 0.725 omega^2 + -0.050 theta omega^2 + -0.468 omega^3,-0.006 1 + 0.002 theta + -0.027 omega + -0.010 theta omega + 1.403 omega^2 + 0.001 theta^2 omega + -0.100 theta omega^2 + -0.829 omega^3,-6.2165122420e-03,1.8609101514e-03,-2.7091530779e-02,-1.1000909707e-04,-1.0243190851e-02,1.4034485699e+00,1.1775721882e-06,8.1460221583e-04,-9.9833402924e-02,-8.2947127588e-01
54884,2025-03-03 06:10:00,0.038624,0.960869,0.679986,-0.002 1 + -0.001 theta + 1.007 omega + -0.010 theta omega + 0.230 omega^2 + 0.021 theta omega^2 + -1.343 omega^3,-0.004 1 + -0.001 theta + 0.018 omega + -0.021 theta omega + 0.443 omega^2 + -0.001 theta^2 omega + 0.043 theta omega^2 + -2.904 omega^3,-3.6440699644e-03,-1.2840459091e-03,1.8391698056e-02,5.4541339804e-05,-2.0543399488e-02,4.4346928734e-01,2.7670821794e-06,-7.1637781343e-04,4.2891771475e-02,-2.9041915581e+00
54885,2025-03-03 06:15:00,0.019902,1.807214,1.277971,-0.001 1 + -0.001 theta + 1.018 omega + 0.084 omega^2 + 0.011 theta omega^2 + -0.482 omega^3,-0.002 1 + -0.002 theta + 0.037 omega + 0.175 omega^2 + 0.022 theta omega^2 + -0.981 omega^3,-2.1013231154e-03,-2.1346663125e-03,3.6501752095e-02,1.2535190701e-04,1.0697798976e-04,1.7481384517e-01,-1.0207199792e-06,-3.0037582194e-04,2.2342619892e-02,-9.8101479561e-01
54886,2025-03-03 06:20:00,0.126442,5.467179,3.866913,0.001 1 + 1.006 omega + 0.001 theta omega + -0.084 omega^2 + -0.049 theta omega^2 + -0.243 omega^3,0.002 1 + 0.011 omega + 0.002 theta omega + -0.189 omega^2 + -0.096 theta omega^2 + -0.443 omega^3,2.4855059614e-03,2.2938660514e-04,1.1199272357e-02,-2.1122527216e-04,1.7320089828e-03,-1.8856967427e-01,-3.6481572707e-05,-1.8641358632e-04,-9.6499612966e-02,-4.4298443532e-01
54887,2025-03-03 06:25:00,nan,nan,nan,-0.003 theta + 1.011 omega + 0.001 theta^2 + 0.108 omega^2 + -0.027 theta omega^2 + 0.112 omega^3,-0.006 theta + 0.023 omega + 0.001 theta^2 + 0.221 omega^2 + -0.053 theta omega^2 + 0.211 omega^3,-1.1608839819e-04,-5.6000904003e-03,2.2875958687e-02,1.1513616805e-03,-9.0187218183e-05,2.2089698156e-01,-4.8455690710e-05,-6.8897982072e-05,-5.2840519892e-02,2.1133983072e-01
54888,2025-03-03 06:30:00,nan,nan,nan,0.016 1 + 1.278 omega + 1.368 omega^2 + 0.017 theta omega^2 + 1.493 omega^3,0.037 1 + -0.001 theta + 0.649 omega + 3.182 omega^2 + 0.039 theta omega^2 + 3.435 omega^3,3.7138028895e-02,-8.2059019270e-04,6.4903665433e-01,-3.3521758806e-05,-1.0370362786e-05,3.1820466600e+00,1.5041378275e-08,-2.4619882074e-04,3.8727566780e-02,3.4345337017e+00
54889,2025-03-03 06:35:00,nan,nan,nan,-0.004 1 + 0.001 theta + 1.099 omega + -0.022 theta omega + -0.152 omega^2 + 0.001 theta^2 omega + 0.010 theta omega^2 + 0.481 omega^3,-0.009 1 + 0.001 theta + 0.199 omega + -0.045 theta omega + -0.277 omega^2 + 0.002 theta^2 omega + 0.018 theta omega^2 + 1.012 omega^3,-8.6603806341e-03,1.4293113284e-03,1.9884379894e-01,2.2520545038e-05,-4.5101937824e-02,-2.7718503431e-01,-6.7239541623e-06,2.3310445826e-03,1.8302663995e-02,1.0121793449e+00
54890,2025-03-03 06:40:00,0.016124,0.370371,0.262140,0.001 1 + -0.001 theta + 1.004 omega + 0.002 theta omega + -0.034 omega^2 + -0.006 theta omega^2 + -0.428 omega^3,0.002 1 + -0.001 theta + 0.009 omega + 0.003 theta omega + -0.055 omega^2 + -0.014 theta omega^2 + -0.794 omega^3,1.5010287229e-03,-1.1963231841e-03,8.8515258294e-03,1.8950093350e-04,2.6723464783e-03,-5.5490489054e-02,-1.1226353919e-05,-2.5615467965e-04,-1.4044784302e-02,-7.9396990013e-01
54891,2025-03-03 06:45:00,0.051277,1.649200,1.166724,1.013 omega + -0.083 omega^2 + -0.005 theta omega^2 + -2.965 omega^3,0.001 theta + 0.026 omega + -0.185 omega^2 + -0.001 theta^2 omega + -0.016 theta omega^2 + -5.860 omega^3,4.8158534845e-04,5.0602570544e-04,2.5736695990e-02,-3.6511825834e-04,3.6748295948e-04,-1.8459898831e-01,-8.1691243452e-05,-9.1044192259e-04,-1.5749898173e-02,-5.8596000708e+00
54892,2025-03-03 06:50:00,nan,nan,nan,-0.002 1 + 1.051 omega + -0.023 theta omega + 0.017 omega^2 + 0.002 theta^2 omega + -0.029 theta omega^2 + 1.694 omega^3,-0.003 1 + -0.001 theta + 0.107 omega + 0.001 theta^2 + -0.048 theta omega + 0.027 omega^2 + 0.004 theta^2 omega + -0.057 theta omega^2 + 3.500 omega^3,-3.4012151832e-03,-6.9684624370e-04,1.0652288533e-01,8.5354126745e-04,-4.7537862843e-02,2.6879638204e-02,-7.7092687470e-05,3.5237381297e-03,-5.7370055575e-02,3.4997290290e+00
54893,2025-03-03 06:55:00,nan,nan,nan,-0.004 1 + -0.001 theta + 1.131 omega + -1.086 omega^2 + 0.022 theta omega^2 + 3.198 omega^3,-0.012 1 + -0.002 theta + 0.305 omega + -0.003 theta omega + -2.357 omega^2 + 0.050 theta omega^2 + 6.651 omega^3,-1.1901670483e-02,-1.8619798775e-03,3.0530025207e-01,2.4843959797e-04,-2.8399355807e-03,-2.3568923160e+00,-6.2642354436e-06,-4.6082287418e-04,4.9621414901e-02,6.6514513245e+00
54894,2025-03-03 07:00:00,nan,nan,nan,0.007 1 + 0.854 omega + 0.006 theta omega + 0.792 omega^2 + -0.060 theta omega^2 + 0.200 omega^3,0.014 1 + -0.001 theta + -0.293 omega + 0.013 theta omega + 1.609 omega^2 + 0.001 theta^2 omega + -0.121 theta omega^2 + 0.385 omega^3,1.3799932893e-02,-5.0510900181e-04,-2.9258407841e-01,-8.6921485215e-06,1.3013660678e-02,1.6085679910e+00,-2.2245862641e-06,6.5015803153e-04,-1.2101159270e-01,3.8493076578e-01
54895,2025-03-03 07:05:00,nan,nan,nan,-0.037 1 + 0.004 theta + 1.164 omega + -0.021 theta omega + 0.374 omega^2 + 0.001 theta^2 omega + -0.024 theta omega^2 + 0.252 omega^3,-0.075 1 + 0.008 theta + 0.335 omega + -0.043 theta omega + 0.734 omega^2 + 0.001 theta^2 omega + -0.048 theta omega^2 + 0.540 omega^3,-7.4567519171e-02,7.8345735121e-03,3.3508652529e-01,-1.7731331178e-04,-4.2844939246e-02,7.3367977099e-01,-1.4794614890e-06,1.2982536184e-03,-4.7681905088e-02,5.4035581462e-01
54896,2025-03-03 07:10:00,0.030656,1.546522,1.093771,-0.001 theta + 1.022 omega + 0.018 theta omega + 0.264 omega^2 + -0.001 theta^2 omega + -0.028 theta omega^2 + -2.967 omega^3,-0.001 1 + -0.002 theta + 0.046 omega + 0.036 theta omega + 0.562 omega^2 + -0.002 theta^2 omega + -0.053 theta omega^2 + -5.995 omega^3,-7.3988048078e-04,-2.0429347088e-03,4.5652695581e-02,8.4294526412e-05,3.5929051428e-02,5.6224581371e-01,6.6687005651e-07,-1.7248277274e-03,-5.3264421451e-02,-5.9952169142e+00
54897,2025-03-03 07:15:00,0.011164,0.450523,0.318666,0.001 1 + 1.013 omega + 0.002 theta omega + -0.008 omega^2 + 0.007 theta omega^2 + -0.253 omega^3,0.001 1 + 0.025 omega + 0.005 theta omega + -0.058 omega^2 + 0.013 theta omega^2 + -0.588 omega^3,1.4691846555e-03,1.6109076408e-04,2.5111674268e-02,-1.2778384765e-05,5.0584787638e-03,-5.7769306562e-02,-4.3137584443e-07,5.1638133119e-05,1.3424397905e-02,-5.8777764437e-01
54898,2025-03-03 07:20:00,0.041759,4.635270,3.277764,-0.001 theta + 1.055 omega + -0.284 omega^2 + 0.012 theta omega^2 + 0.136 omega^3,-0.001 theta + 0.109 omega + -0.545 omega^2 + 0.024 theta omega^2 + 0.173 omega^3,-2.2770860407e-04,-1.2768048063e-03,1.0911517943e-01,6.6898131817e-05,-4.6374196350e-04,-5.4468334610e-01,-6.9428464468e-07,-1.6182415462e-04,2.3689064671e-02,1.7328464439e-01
54899,2025-03-03 07:25:00,0.012430,0.717891,0.507702,0.993 omega + 0.011 theta omega + -0.437 omega^2 + -0.001 theta^2 omega + 0.075 theta omega^2 + -2.628 omega^3,0.001 1 + -0.014 omega + 0.021 theta omega + -0.858 omega^2 + -0.001 theta^2 omega + 0.147 theta omega^2 + -5.099 omega^3,8.9017291012e-04,8.7469366239e-05,-1.4162284261e-02,-2.4495498359e-04,2.1160084119e-02,-8.5844336716e-01,-4.7225190398e-06,-1.3596297443e-03,1.4706978529e-01,-5.0987434943e+00
54900,2025-03-03 07:30:00,nan,nan,nan,0.004 1 + 0.001 theta + 0.995 omega + 0.003 theta omega + -0.539 omega^2 + -0.141 theta omega^2 + 2.016 omega^3,0.009 1 + 0.003 theta + -0.011 omega + 0.005 theta omega + -1.092 omega^2 + 0.001 theta^2 omega + -0.281 theta omega^2 + 4.170 omega^3,8.8148341490e-03,2.8126327734e-03,-1.0529568221e-02,-3.9804095454e-04,5.0827358598e-03,-1.0918376495e+00,-1.1574289274e-04,8.3443531176e-04,-2.8131669649e-01,4.1698043850e+00
54901,2025-03-03 07:35:00,nan,nan,nan,-0.001 theta + 1.002 omega + 0.008 theta omega + -0.459 omega^2 + -0.015 theta omega^2 + 0.183 omega^3,0.001 1 + -0.002 theta + 0.005 omega + 0.016 theta omega + -0.956 omega^2 + 0.001 theta^2 omega + -0.030 theta omega^2 + 0.256 omega^3,1.1409854792e-03,-1.8389254262e-03,4.7683701873e-03,-2.4835640216e-04,1.5874323530e-02,-9.5625122322e-01,-7.2394766547e-06,5.8886225887e-04,-3.0063066611e-02,2.5633006559e-01
54902,2025-03-03 07:40:00,0.094518,3.564706,2.521514,-0.001 1 + -0.001 theta + 0.994 omega + -0.011 theta omega + 0.128 omega^2 + 0.001 theta^2 omega + -0.010 theta omega^2 + 0.832 omega^3,-0.001 1 + -0.002 theta + -0.010 omega + 0.001 theta^2 + -0.022 theta omega + 0.234 omega^2 + 0.003 theta^2 omega + -0.017 theta omega^2 + 1.736 omega^3,-1.3418170689e-03,-2.1975374116e-03,-9.8470862953e-03,5.3682915961e-04,-2.1649883068e-02,2.3381544716e-01,-3.1853833299e-05,2.9496721064e-03,-1.7242020002e-02,1.7360785822e+00
54903,2025-03-03 07:45:00,0.023804,0.538151,0.380902,0.001 1 + -0.001 theta + 1.011 omega + -0.010 theta omega + -0.052 omega^2 + 0.001 theta^2 omega + 0.016 theta omega^2 + 0.354 omega^3,0.002 1 + -0.002 theta + 0.023 omega + -0.020 theta omega + -0.100 omega^2 + 0.002 theta^2 omega + 0.035 theta omega^2 + 0.701 omega^3,2.3983698823e-03,-1.5876385140e-03,2.3259452997e-02,3.5495395420e-04,-2.0054213242e-02,-1.0019860215e-01,-2.3756426084e-05,1.9074558129e-03,3.5404748008e-02,7.0099940974e-01
54904,2025-03-03 07:50:00,0.077493,2.304614,1.630529,-0.002 1 + 1.008 omega + 0.003 theta omega + 0.191 omega^2 + 0.001 theta^2 omega + -0.084 theta omega^2 + -1.460 omega^3,-0.003 1 + -0.001 theta + 0.018 omega + 0.001 theta^2 + 0.007 theta omega + 0.383 omega^2 + 0.002 theta^2 omega + -0.164 theta omega^2 + -2.990 omega^3,-3.3092017782e-03,-5.8791992891e-04,1.7857345719e-02,9.5716568853e-04,6.7427672885e-03,3.8322058465e-01,-2.4094660244e-04,1.8588317364e-03,-1.6394945563e-01,-2.9898976487e+00
54905,2025-03-03 07:55:00,nan,nan,nan,-0.001 theta + 1.001 omega + 0.045 omega^2 + -0.001 theta^2 omega + 0.039 theta omega^2 + 0.156 omega^3,-0.002 theta + 0.004 omega + 0.107 omega^2 + -0.003 theta^2 omega + 0.082 theta omega^2 + 0.131 omega^3,-4.5090024087e-05,-1.6158285611e-03,4.4483196474e-03,-8.6482259923e-05,5.4001947560e-05,1.0704896907e-01,8.5559072681e-05,-2.9631007617e-03,8.1554538282e-02,1.3144434859e-01
54906,2025-03-03 08:00:00,0.009363,0.214155,0.151575,0.989 omega + 0.006 theta omega + 0.159 omega^2 + -0.008 theta omega^2 + -0.763 omega^3,-0.020 omega + 0.012 theta omega + 0.320 omega^2 + -0.017 theta omega^2 + -1.473 omega^3,-2.5307420388e-04,-2.6558303197e-04,-1.9923653689e-02,3.5914033070e-05,1.2404586730e-02,3.1958623472e-01,-1.0799471923e-06,-4.5919047280e-04,-1.7052996923e-02,-1.4734178971e+00
54907,2025-03-03 08:05:00,0.038126,1.311166,0.927527,-0.001 1 + 1.053 omega + 0.006 theta omega + 0.025 omega^2 + -0.005 theta^2 omega + -0.024 theta omega^2 + -2.573 omega^3,-0.002 1 + 0.107 omega + 0.012 theta omega + 0.060 omega^2 + -0.009 theta^2 omega + -0.050 theta omega^2 + -5.093 omega^3,-1.7542780542e-03,-2.2801058976e-04,1.0671355996e-01,1.8579070827e-04,1.2052902458e-02,5.9770858126e-02,-1.0086860090e-05,-9.3288281136e-03,-4.9605017676e-02,-5.0926035138e+00
54908,2025-03-03 08:10:00,0.021267,1.234354,0.872950,-0.004 1 + 0.895 omega + -0.010 theta omega + -0.195 omega^2 + -0.093 theta omega^2 + 4.318 omega^3,-0.007 1 + -0.173 omega + -0.020 theta omega + -0.112 omega^2 + -0.183 theta omega^2 + 9.248 omega^3,-6.6835692814e-03,6.2524290007e-05,-1.7317472893e-01,5.9022479866e-05,-1.9543776153e-02,-1.1207222217e-01,3.8534398976e-07,4.2275843465e-04,-1.8311912601e-01,9.2482622853e+00
54909,2025-03-03 08:15:00,0.096613,12.938546,9.149189,0.016 1 + 0.001 theta + 0.852 omega + -0.019 theta omega + -0.973 omega^2 + -0.133 theta omega^2 + 2.664 omega^3,0.034 1 + 0.001 theta + -0.300 omega + -0.001 theta^2 + -0.041 theta omega + -2.034 omega^2 + -0.001 theta^2 omega + -0.274 theta omega^2 + 5.251 omega^3,3.4302937758e-02,1.4316173225e-03,-2.9954924573e-01,-1.0502175954e-03,-4.0692030429e-02,-2.0339229476e+00,-8.5118943200e-05,-1.0608050896e-03,-2.7381017305e-01,5.2508524715e+00
54910,2025-03-03 08:20:00,0.241935,11.678042,8.259395,-0.002 theta + 1.012 omega + -0.020 theta omega + -0.248 omega^2 + -0.001 theta^2 omega + 0.036 theta omega^2 + -3.138 omega^3,-0.001 1 + -0.004 theta + 0.027 omega + -0.039 theta omega + -0.496 omega^2 + -0.002 theta^2 omega + 0.072 theta omega^2 + -6.160 omega^3,-8.5544605340e-04,-3.8490826588e-03,2.6578405303e-02,1.8746467246e-04,-3.9282570331e-02,-4.9550253946e-01,1.5007146997e-05,-2.0031627677e-03,7.2309419468e-02,-6.1595530177e+00
54911,2025-03-03 08:25:00,0.012587,0.288727,0.204355,0.002 1 + -0.001 theta + 0.988 omega + -0.004 theta omega + -0.066 omega^2 + 0.013 theta omega^2 + 0.808 omega^3,0.003 1 + -0.002 theta + -0.020 omega + -0.008 theta omega + -0.120 omega^2 + 0.026 theta omega^2 + 1.449 omega^3,2.8612810197e-03,-1.5157827718e-03,-2.0245932408e-02,2.9256172422e-04,-8.0794010960e-03,-1.1972515004e-01,-1.4353778996e-05,4.4811626302e-04,2.5880566860e-02,1.4485905433e+00
54912,2025-03-03 08:30:00,0.024901,2.226737,1.574639,-0.005 1 + 0.001 theta + 1.013 omega + -0.009 theta omega + 0.363 omega^2 + 0.001 theta^2 omega + -0.076 theta omega^2 + -0.319 omega^3,-0.010 1 + 0.003 theta + 0.024 omega + -0.017 theta omega + 0.727 omega^2 + 0.002 theta^2 omega + -0.153 theta omega^2 + -0.489 omega^3,-1.0329241608e-02,2.9692745338e-03,2.4470157340e-02,-6.2179788151e-05,-1.6658483938e-02,7.2726580852e-01,-2.3066118410e-05,2.0018377098e-03,-1.5281031927e-01,-4.8850717953e-01
54913,2025-03-03 08:35:00,0.001050,0.021078,0.014923,-0.163 1 + -0.004 theta + -1.543 omega + -0.038 theta omega + -12.860 omega^2 + -0.099 theta omega^2 + -21.200 omega^3,-0.318 1 + -0.007 theta + -4.996 omega + -0.074 theta omega + -25.351 omega^2 + -0.195 theta omega^2 + -41.834 omega^3,-3.1762503382e-01,-6.7848740011e-03,-4.9958536803e+00,-4.3540103622e-05,-7.4361055776e-02,-2.5351336635e+01,-2.0403089345e-08,-2.7185223079e-04,-1.9489457742e-01,-4.1834282006e+01
54914,2025-03-03 08:40:00,0.027740,3.343670,2.364413,-0.164 1 + -0.002 theta + -1.108 omega + -0.016 theta omega + -8.778 omega^2 + -0.040 theta omega^2 + -11.689 omega^3,-0.310 1 + -0.003 theta + -4.007 omega + -0.029 theta omega + -16.799 omega^2 + -0.074 theta omega^2 + -22.525 omega^3,-3.0952689043e-01,-2.9307752761e-03,-4.0065314695e+00,-4.3038121835e-07,-2.9353876665e-02,-1.6799424209e+01,5.6199861356e-09,-3.7965800958e-06,-7.3692606580e-02,-2.2525475226e+01
54915,2025-03-03 08:45:00,0.144073,10.428442,7.374725,0.003 1 + 0.001 theta + 0.956 omega + 0.008 theta omega + -0.685 omega^2 + -0.002 theta omega^2 + -0.977 omega^3,0.007 1 + 0.001 theta + -0.074 omega + 0.017 theta omega + -1.379 omega^2 + -0.003 theta omega^2 + -2.217 omega^3,6.8528395078e-03,1.2460651392e-03,-7.3629449203e-02,-2.8579602817e-05,1.6973269030e-02,-1.3786720768e+00,-1.5538564218e-06,3.8174769767e-04,-3.1537306986e-03,-2.2174029436e+00
54916,2025-03-03 08:50:00,0.062962,1.940303,1.372724,0.008 1 + 0.003 theta + 1.057 omega + 0.018 theta omega + 0.174 omega^2 + 0.001 theta^2 omega + -0.007 theta omega^2 + 1.265 omega^3,0.017 1 + 0.007 theta + 0.132 omega + 0.001 theta^2 + 0.039 theta omega + 0.410 omega^2 + 0.002 theta^2 omega + -0.008 theta omega^2 + 2.606 omega^3,1.6661461127e-02,6.5837764009e-03,1.3221591733e-01,5.4027942491e-04,3.8750957950e-02,4.0978641872e-01,8.1723532119e-06,2.2881573349e-03,-7.7092361119e-03,2.6056686308e+00
54917,2025-03-03 08:55:00,0.180899,7.819075,5.530400,0.002 1 + 0.001 theta + 1.018 omega + 0.014 theta omega + -0.648 omega^2 + 0.103 theta omega^2 + -6.009 omega^3,0.003 1 + 0.001 theta + 0.044 omega + 0.031 theta omega + -1.236 omega^2 + 0.212 theta omega^2 + -11.809 omega^3,3.2700076841e-03,1.2949310080e-03,4.4013980577e-02,3.6928959505e-05,3.0740186761e-02,-1.2359988994e+00,2.7487425161e-06,-4.1740278255e-04,2.1237850284e-01,-1.1809233483e+01
54918,2025-03-03 09:00:00,0.101802,8.343571,5.900235,-0.003 1 + 0.919 omega + -0.017 theta omega + -0.327 omega^2 + -0.001 theta^2 omega + -0.036 theta omega^2 + 0.701 omega^3,-0.006 1 + -0.001 theta + -0.161 omega + -0.034 theta omega + -0.664 omega^2 + -0.001 theta^2 omega + -0.073 theta omega^2 + 1.335 omega^3,-5.8454276619e-03,-8.8249838335e-04,-1.6082374803e-01,1.4479548646e-04,-3.4178738555e-02,-6.6412241612e-01,1.1649433087e-05,-1.3649942931e-03,-7.3095876966e-02,1.3346881161e+00
54919,2025-03-03 09:05:00,0.028531,0.775930,0.549036,0.029 1 + 0.003 theta + 1.492 omega + 0.033 theta omega + 2.810 omega^2 + 0.095 theta omega^2 + 5.314 omega^3,0.059 1 + 0.005 theta + 0.998 omega + 0.066 theta omega + 5.661 omega^2 + 0.001 theta^2 omega + 0.192 theta omega^2 + 10.706 omega^3,5.8899579677e-02,5.3773938998e-03,9.9776027927e-01,1.2334812100e-04,6.6056079190e-02,5.6608518902e+00,5.4451805623e-08,9.7753505012e-04,1.9194146344e-01,1.0706051496e+01
54920,2025-03-03 09:10:00,0.015244,1.258621,0.890045,0.004 1 + 1.097 omega + -0.004 theta omega + 0.616 omega^2 + 0.005 theta omega^2 + 0.623 omega^3,0.008 1 + -0.001 theta + 0.198 omega + -0.009 theta omega + 1.249 omega^2 + 0.010 theta omega^2 + 1.321 omega^3,8.3391476592e-03,-9.2426494834e-04,1.9782044861e-01,-6.6637057818e-06,-8.5008371006e-03,1.2487181692e+00,4.6063825158e-07,-2.5890685926e-04,1.0172330026e-02,1.3214570827e+00
54921,2025-03-03 09:15:00,0.005387,0.344787,0.243831,0.005 1 + 0.990 omega + -0.003 theta omega + -0.360 omega^2 + -0.039 theta omega^2 + -0.494 omega^3,0.011 1 + 0.001 theta + -0.021 omega + -0.006 theta omega + -0.708 omega^2 + -0.077 theta omega^2 + -0.920 omega^3,1.0591147506e-02,5.6815588925e-04,-2.0630220640e-02,-2.5273031845e-04,-6.2433722061e-03,-7.0782840024e-01,-1.9314137381e-05,-3.7108976375e-04,-7.7266011604e-02,-9.2042323546e-01
54922,2025-03-03 09:20:00,0.012161,0.389228,0.275360,-0.001 theta + 1.016 omega + -0.001 theta^2 + -0.009 theta omega + -0.131 omega^2 + -0.002 theta^2 omega + -0.023 theta omega^2 + -2.732 omega^3,0.001 1 + -0.002 theta + 0.031 omega + -0.001 theta^2 + -0.017 theta omega + -0.256 omega^2 + -0.003 theta^2 omega + -0.047 theta omega^2 + -5.028 omega^3,9.7391577337e-04,-1.9264104434e-03,3.0981494421e-02,-1.0294898684e-03,-1.6706454469e-02,-2.5605400105e-01,-1.1721571347e-04,-3.4971743400e-03,-4.7338503742e-02,-5.0278098862e+00
54923,2025-03-03 09:25:00,nan,nan,nan,-0.001 1 + -0.001 theta + 1.001 omega + -0.001 theta^2 + 0.001 theta omega + 0.124 omega^2 + -0.001 theta^2 omega + 0.064 theta omega^2 + 0.945 omega^3,-0.002 1 + -0.003 theta + 0.004 omega + -0.001 theta^2 + 0.003 theta omega + 0.216 omega^2 + -0.002 theta^2 omega + 0.109 theta omega^2 + 1.899 omega^3,-2.3510125358e-03,-2.9630435294e-03,3.5394570255e-03,-1.1701271614e-03,2.8406480526e-03,2.1582088794e-01,-2.1141503629e-04,-1.6911353296e-03,1.0858827841e-01,1.8990642085e+00
54924,2025-03-03 09:30:00,3.778529,35.514740,25.254445,1.004 omega + 0.004 theta omega + 0.038 omega^2 + 0.015 theta omega^2 + -0.173 omega^3,-0.001 1 + 0.008 omega + 0.008 theta omega + 0.090 omega^2 + 0.029 theta omega^2 + -0.242 omega^3,-9.8956859305e-04,8.2444101841e-05,7.6484417512e-03,-1.5787708836e-04,7.9294185710e-03,9.0497372775e-02,-5.7904638436e-06,-1.5523700400e-04,2.9361314280e-02,-2.4234505204e-01
54925,2025-03-03 09:35:00,0.056956,2.842149,2.010107,0.997 omega + -0.005 theta omega + 0.393 omega^2 + -0.013 theta omega^2 + -1.847 omega^3,-0.009 theta omega + 0.732 omega^2 + 0.001 theta^2 omega + -0.020 theta omega^2 + -3.803 omega^3,-2.7988914296e-04,-4.6200084171e-05,-2.1106923033e-04,6.2325266471e-05,-8.8815592940e-03,7.3207581744e-01,-4.4229827339e-06,6.2064373663e-04,-2.0234419449e-02,-3.8032682654e+00
54926,2025-03-03 09:40:00,0.032880,2.754094,1.947577,-0.001 theta + 1.007 omega + 0.016 theta omega + -0.094 omega^2 + -0.002 theta^2 omega + 0.036 theta omega^2 + -1.543 omega^3,-0.001 theta + 0.015 omega + 0.032 theta omega + -0.182 omega^2 + -0.004 theta^2 omega + 0.075 theta omega^2 + -3.118 omega^3,3.1989948636e-04,-1.1518357825e-03,1.4703230559e-02,-6.7045761681e-05,3.1643840180e-02,-1.8156935494e-01,1.9673165680e-05,-3.9069236174e-03,7.4990418357e-02,-3.1178708743e+00
54927,2025-03-03 09:45:00,0.039669,2.721232,1.924406,-0.001 1 + 0.001 theta + 0.936 omega + 0.007 theta omega + 0.510 omega^2 + -0.048 theta omega^2 + -0.405 omega^3,-0.001 1 + 0.001 theta + -0.125 omega + 0.013 theta omega + 1.029 omega^2 + -0.093 theta omega^2 + -0.936 omega^3,-1.3064503928e-03,1.0771535470e-03,-1.2524440352e-01,-1.2378753120e-04,1.3190538293e-02,1.0294257542e+00,9.2589878994e-07,4.2334825364e-04,-9.2514337605e-02,-9.3608800202e-01
54928,2025-03-03 09:50:00,1.742779,114.051857,80.656256,-0.040 1 + 0.005 theta + 1.100 omega + -0.013 theta omega + 0.779 omega^2 + -0.043 theta omega^2 + -0.111 omega^3,-0.081 1 + 0.011 theta + 0.206 omega + -0.028 theta omega + 1.538 omega^2 + 0.001 theta^2 omega + -0.085 theta omega^2 + -0.110 omega^3,-8.1384869998e-02,1.0940774229e-02,2.0554000691e-01,-4.7327794536e-04,-2.7724150112e-02,1.5382760436e+00,6.3116613493e-06,8.7722476779e-04,-8.5258951702e-02,-1.1002216047e-01
54929,2025-03-03 09:55:00,0.078767,6.789297,4.801081,0.005 1 + 0.001 theta + 0.938 omega + -0.007 theta omega + -0.199 omega^2 + 0.001 theta^2 omega + -0.060 theta omega^2 + 3.270 omega^3,0.010 1 + 0.002 theta + -0.126 omega + -0.014 theta omega + -0.364 omega^2 + 0.001 theta^2 omega + -0.115 theta omega^2 + 6.790 omega^3,1.0209643469e-02,2.3884925277e-03,-1.2646692661e-01,-3.8876720118e-04,-1.4314733216e-02,-3.6427277367e-01,-8.8393430646e-05,1.1046368359e-03,-1.1469836978e-01,6.7898017357e+00
54930,2025-03-03 10:00:00,0.012939,0.406230,0.287394,-0.001 theta + 1.008 omega + -0.010 theta omega + -0.217 omega^2 + -0.022 theta omega^2 + -1.532 omega^3,-0.001 theta + 0.017 omega + -0.019 theta omega + -0.473 omega^2 + -0.001 theta^2 omega + -0.042 theta omega^2 + -3.176 omega^3,4.4215429377e-04,-1.0754564883e-03,1.6971456215e-02,-4.8876286910e-05,-1.8665655648e-02,-4.7341038030e-01,-2.5790220405e-07,-7.2759561422e-04,-4.1881769817e-02,-3.1757348003e+00
54931,2025-03-03 10:05:00,0.031258,0.517902,0.366878,-0.021 1 + 0.680 omega + -0.037 theta omega + -0.892 omega^2 + -0.001 theta^2 omega + -0.065 theta omega^2 + -1.818 omega^3,-0.041 1 + -0.623 omega + 0.001 theta^2 + -0.073 theta omega + -1.725 omega^2 + -0.002 theta^2 omega + -0.127 theta omega^2 + -3.535 omega^3,-4.0855353150e-02,1.1488233318e-04,-6.2289181844e-01,6.3296366584e-04,-7.2849992081e-02,-1.7254049543e+00,2.8220880069e-05,-1.7679151649e-03,-1.2738785897e-01,-3.5350171754e+00
54932,2025-03-03 10:10:00,nan,nan,nan,0.004 theta + 1.041 omega + 0.002 theta^2 + 0.021 theta omega + 0.840 omega^2 + 0.002 theta^2 omega + 0.225 theta omega^2 + 1.262 omega^3,0.001 1 + 0.008 theta + 0.080 omega + 0.003 theta^2 + 0.040 theta omega + 1.626 omega^2 + 0.004 theta^2 omega + 0.433 theta omega^2 + 2.385 omega^3,9.7832474226e-04,7.9016187706e-03,8.0444200225e-02,3.3886932643e-03,3.9880560983e-02,1.6259667071e+00,3.2781325250e-04,3.7926279678e-03,4.3313157713e-01,2.3846139053e+00
54933,2025-03-03 10:15:00,0.028778,0.713378,0.504845,-0.002 1 + -0.001 theta + 1.005 omega + -0.004 theta omega + 0.126 omega^2 + -0.002 theta omega^2 + 0.170 omega^3,-0.003 1 + -0.002 theta + 0.014 omega + -0.008 theta omega + 0.236 omega^2 + -0.002 theta omega^2 + 0.094 omega^3,-3.3206876524e-03,-1.9159482452e-03,1.3867839140e-02,-2.1637051968e-04,-7.5168036279e-03,2.3638599355e-01,-6.7422104734e-06,-4.6131305560e-04,-2.3262084048e-03,9.3712169263e-02
54934,2025-03-03 10:20:00,0.036082,0.848641,0.600622,-0.002 1 + -0.001 theta + 1.024 omega + 0.012 theta omega + 0.365 omega^2 + 0.001 theta^2 omega + 0.017 theta omega^2 + 2.522 omega^3,-0.005 1 + -0.003 theta + 0.050 omega + 0.025 theta omega + 0.725 omega^2 + 0.002 theta^2 omega + 0.032 theta omega^2 + 5.001 omega^3,-4.5789088757e-03,-2.6182063189e-03,5.0060188520e-02,-4.5004661943e-04,2.5013688009e-02,7.2466725979e-01,-2.2765197447e-05,1.9211055594e-03,3.2349403874e-02,5.0006929258e+00
54935,2025-03-03 10:25:00,0.076804,3.577879,2.530525,-0.004 1 + -0.001 theta + 0.908 omega + -0.004 theta omega + -0.807 omega^2 + -0.041 theta omega^2 + -1.065 omega^3,-0.008 1 + -0.001 theta + -0.190 omega + -0.009 theta omega + -1.665 omega^2 + -0.086 theta omega^2 + -2.108 omega^3,-7.5463375086e-03,-1.3810481267e-03,-1.9025608414e-01,-1.7581697348e-04,-8.7098367089e-03,-1.6651238856e+00,-6.4241703385e-06,5.0827770715e-05,-8.6116770485e-02,-2.1079490279e+00
54936,2025-03-03 10:30:00,0.053003,4.505268,3.185926,0.045 1 + -0.007 theta + 0.141 omega + 0.102 theta omega + 4.082 omega^2 + -0.002 theta^2 omega + -0.344 theta omega^2 + 0.122 omega^3,0.091 1 + -0.014 theta + -1.729 omega + 0.001 theta^2 + 0.206 theta omega + 8.194 omega^2 + -0.005 theta^2 omega + -0.693 theta omega^2 + 0.690 omega^3,9.0545873623e-02,-1.4362211765e-02,-1.7288405280e+00,6.7296581183e-04,2.0605560062e-01,8.1935283300e+00,-9.4053580327e-06,-4.9280378179e-03,-6.9262161833e-01,6.9005752383e-01
54937,2025-03-03 10:35:00,0.014215,0.367776,0.260251,-0.008 1 + 0.001 theta + 1.064 omega + -0.012 theta omega + 0.331 omega^2 + 0.001 theta^2 omega + -0.045 theta omega^2 + -1.859 omega^3,-0.016 1 + 0.003 theta + 0.126 omega + -0.025 theta omega + 0.650 omega^2 + 0.001 theta^2 omega + -0.088 theta omega^2 + -3.523 omega^3,-1.5765345546e-02,2.9406529684e-03,1.2640854012e-01,3.3555895340e-06,-2.4918409921e-02,6.5013720591e-01,-1.2697252707e-05,1.3525122281e-03,-8.7859600628e-02,-3.5226062601e+00
54938,2025-03-03 10:40:00,0.066090,9.664885,6.834266,0.001 1 + 0.949 omega + -0.008 theta omega + -0.456 omega^2 + -0.066 theta omega^2 + 0.378 omega^3,0.002 1 + 0.001 theta + -0.088 omega + -0.015 theta omega + -0.775 omega^2 + -0.134 theta omega^2 + 1.241 omega^3,1.8394188020e-03,9.8696968216e-04,-8.8045993499e-02,1.2189105492e-04,-1.5252754758e-02,-7.7540850951e-01,2.8850525972e-06,4.5675401058e-05,-1.3351352807e-01,1.2412393012e+00
54939,2025-03-03 10:45:00,nan,nan,nan,0.010 1 + 0.003 theta + 1.096 omega + 0.033 theta omega + -0.022 omega^2 + 0.002 theta^2 omega + -0.014 theta omega^2 + 0.861 omega^3,0.020 1 + 0.006 theta + 0.206 omega + 0.068 theta omega + 0.045 omega^2 + 0.004 theta^2 omega + -0.023 theta omega^2 + 1.925 omega^3,2.0139335190e-02,6.2967286798e-03,2.0561347541e-01,2.8984428502e-04,6.8328043225e-02,4.5029148162e-02,-6.5903750028e-06,4.1167361046e-03,-2.2907360825e-02,1.9247981823e+00
54940,2025-03-03 10:50:00,0.103400,4.258397,3.012029,-0.004 1 + -0.002 theta + 1.066 omega + -0.001 theta omega + 0.678 omega^2 + -0.015 theta omega^2 + -2.792 omega^3,-0.008 1 + -0.003 theta + 0.147 omega + -0.002 theta omega + 1.221 omega^2 + -0.001 theta^2 omega + -0.028 theta omega^2 + -5.152 omega^3,-7.7665263050e-03,-3.3752665495e-03,1.4733385113e-01,3.7341393822e-04,-1.5091627852e-03,1.2212094520e+00,-7.3594504011e-06,-7.2869379744e-04,-2.7808583223e-02,-5.1521530391e+00
54941,2025-03-03 10:55:00,0.068638,4.198322,2.969059,0.001 1 + -0.002 theta + 0.986 omega + 0.008 theta omega + 0.257 omega^2 + -0.001 theta^2 omega + -0.047 theta omega^2 + 0.377 omega^3,0.002 1 + -0.003 theta + -0.026 omega + 0.001 theta^2 + 0.016 theta omega + 0.528 omega^2 + -0.002 theta^2 omega + -0.095 theta omega^2 + 0.803 omega^3,2.1315596570e-03,-3.2398670388e-03,-2.6152812835e-02,9.9105683326e-04,1.5789319245e-02,5.2816781566e-01,-8.0217448679e-05,-1.7478661355e-03,-9.4510261860e-02,8.0344874418e-01
54942,2025-03-03 11:00:00,0.042256,1.385123,0.979886,-0.002 1 + 1.041 omega + 0.024 theta omega + 0.594 omega^2 + 0.003 theta^2 omega + 0.141 theta omega^2 + 1.179 omega^3,-0.003 1 + 0.001 theta + 0.086 omega + 0.001 theta^2 + 0.051 theta omega + 1.247 omega^2 + 0.006 theta^2 omega + 0.288 theta omega^2 + 2.635 omega^3,-3.2868798065e-03,5.9674590665e-04,8.5801933075e-02,6.6495803010e-04,5.0871791459e-02,1.2466523343e+00,6.7487686181e-05,5.8712279301e-03,2.8837092647e-01,2.6349219675e+00
54943,2025-03-03 11:05:00,0.041012,1.049994,0.743024,-0.001 1 + 0.003 theta + 0.978 omega + -0.001 theta^2 + 0.024 theta omega + 0.563 omega^2 + -0.006 theta^2 omega + -0.362 theta omega^2 + -1.948 omega^3,-0.003 1 + 0.006 theta + -0.037 omega + -0.002 theta^2 + 0.046 theta omega + 1.111 omega^2 + -0.011 theta^2 omega + -0.718 theta omega^2 + -4.040 omega^3,-2.7189212506e-03,5.8940759589e-03,-3.7328118585e-02,-2.2618316789e-03,4.5698611957e-02,1.1110215731e+00,2.1821626811e-04,-1.0877892149e-02,-7.1818454166e-01,-4.0395624477e+00
54944,2025-03-03 11:10:00,nan,nan,nan,0.002 1 + -0.002 theta + 0.988 omega + 0.006 theta omega + 0.146 omega^2 + -0.001 theta^2 omega + -0.060 theta omega^2 + 1.217 omega^3,0.003 1 + -0.003 theta + -0.024 omega + 0.001 theta^2 + 0.014 theta omega + 0.289 omega^2 + -0.001 theta^2 omega + -0.120 theta omega^2 + 2.202 omega^3,3.0444010703e-03,-2.9993989845e-03,-2.3787161220e-02,7.0762230998e-04,1.3574740634e-02,2.8940769851e-01,-4.7615166834e-05,-1.4661799065e-03,-1.2033344271e-01,2.2020308530e+00
54945,2025-03-03 11:15:00,0.046437,2.104574,1.488521,0.966 omega + -0.012 theta omega + -0.015 omega^2 + 0.005 theta^2 omega + -0.061 theta omega^2 + 3.037 omega^3,0.001 1 + -0.067 omega + -0.025 theta omega + -0.039 omega^2 + 0.010 theta^2 omega + -0.115 theta omega^2 + 6.248 omega^3,9.2966813186e-04,-2.2543787168e-04,-6.7465493188e-02,4.9409788181e-04,-2.4708662353e-02,-3.8929376315e-02,-1.2425135005e-04,1.0484672386e-02,-1.1514788554e-01,6.2482815393e+00
54946,2025-03-03 11:20:00,0.023859,0.771520,0.545808,-0.001 theta + 1.022 omega + -0.011 theta omega + 0.132 omega^2 + -0.001 theta^2 omega + 0.005 theta omega^2 + -2.725 omega^3,-0.001 theta + 0.044 omega + -0.024 theta omega + 0.324 omega^2 + -0.003 theta^2 omega + 0.003 theta omega^2 + -4.482 omega^3,6.0153837218e-05,-1.4783542686e-03,4.4103354063e-02,-1.4938282942e-04,-2.3739203393e-02,3.2444971938e-01,1.7504523753e-06,-2.6666014202e-03,3.4627263637e-03,-4.4815532448e+00
54947,2025-03-03 11:25:00,nan,nan,nan,0.989 omega + -0.007 theta omega + 0.178 omega^2 + 0.002 theta^2 omega + -0.137 theta omega^2 + 2.878 omega^3,0.001 1 + 0.001 theta + -0.016 omega + -0.017 theta omega + 0.409 omega^2 + 0.005 theta^2 omega + -0.280 theta omega^2 + 5.824 omega^3,6.1109239647e-04,7.4404804301e-04,-1.6012741850e-02,1.8905534704e-04,-1.6679860836e-02,4.0937869751e-01,-1.0103669073e-04,4.6850604393e-03,-2.7996649041e-01,5.8243514060e+00
54948,2025-03-03 11:30:00,0.082955,9.676164,6.842332,-0.003 1 + -0.001 theta + 0.971 omega + -0.008 theta omega + -0.152 omega^2 + 0.002 theta omega^2 + -1.401 omega^3,-0.005 1 + -0.003 theta + -0.046 omega + -0.015 theta omega + -0.275 omega^2 + -0.001 theta^2 omega + 0.007 theta omega^2 + -2.836 omega^3,-4.5688607319e-03,-2.5648812831e-03,-4.6326369465e-02,-3.1065570973e-04,-1.4979536562e-02,-2.7467958021e-01,-1.0276716502e-05,-7.8708530797e-04,6.8776469554e-03,-2.8355467594e+00
54949,2025-03-03 11:35:00,nan,nan,nan,-0.001 1 + 0.001 theta + 1.005 omega + -0.020 theta omega + 0.371 omega^2 + 0.002 theta^2 omega + -0.006 theta omega^2 + 0.104 omega^3,-0.002 1 + 0.002 theta + 0.020 omega + -0.042 theta omega + 0.578 omega^2 + 0.004 theta^2 omega + 0.005 theta omega^2 + 1.410 omega^3,-1.6011912649e-03,1.6892413819e-03,2.0243676754e-02,-1.5588174219e-04,-4.2086323790e-02,5.7759420525e-01,-1.1511492437e-07,3.6715209858e-03,4.6778689736e-03,1.4104059815e+00
54950,2025-03-03 11:40:00,0.050654,2.543800,1.799095,0.991 omega + 0.007 theta omega + -0.191 omega^2 + 0.026 theta omega^2 + -0.854 omega^3,0.001 1 + -0.018 omega + 0.014 theta omega + -0.353 omega^2 + 0.053 theta omega^2 + -1.565 omega^3,6.4590832225e-04,4.7551327566e-04,-1.8288965012e-02,-2.1158175584e-04,1.4228056579e-02,-3.5253094622e-01,-1.5971978189e-05,-6.9899327924e-05,5.3198319771e-02,-1.5653299496e+00
54951,2025-03-03 11:45:00,0.035316,1.047708,0.741262,-0.001 1 + -0.001 theta + 0.997 omega + 0.015 theta omega + 0.354 omega^2 + 0.004 theta^2 omega + -0.004 theta omega^2 + 4.544 omega^3,-0.001 1 + -0.001 theta + -0.004 omega + 0.029 theta omega + 0.771 omega^2 + 0.009 theta^2 omega + -0.008 theta omega^2 + 9.441 omega^3,-1.3455816761e-03,-1.3058468934e-03,-4.3434467566e-03,1.3678706145e-04,2.9015434534e-02,7.7086738585e-01,1.1300093748e-04,8.5473297694e-03,-7.6034495003e-03,9.4406496722e+00
54952,2025-03-03 11:50:00,0.063572,2.260833,1.599282,-0.001 theta + 1.009 omega + -0.001 theta^2 + -0.003 theta omega + 0.062 omega^2 + -0.001 theta^2 omega + -0.017 theta omega^2 + 0.043 omega^3,-0.002 theta + 0.021 omega + -0.002 theta^2 + -0.005 theta omega + 0.156 omega^2 + -0.003 theta^2 omega + -0.022 theta omega^2 + -0.175 omega^3,3.5918301985e-04,-2.2077240258e-03,2.1453856178e-02,-1.5887460749e-03,-5.0151566947e-03,1.5598871090e-01,-2.6050955040e-04,-2.6100732008e-03,-2.1607810609e-02,-1.7473540667e-01
54953,2025-03-03 11:55:00,nan,nan,nan,-0.001 theta + 1.003 omega + 0.009 theta omega + -0.192 omega^2 + 0.001 theta^2 omega + -0.040 theta omega^2 + 1.289 omega^3,-0.002 theta + 0.006 omega + -0.001 theta^2 + 0.019 theta omega + -0.370 omega^2 + 0.001 theta^2 omega + -0.079 theta omega^2 + 2.741 omega^3,-9.3122908866e-05,-2.3503115392e-03,5.8938759708e-03,-6.4625094432e-04,1.9152597388e-02,-3.7002539328e-01,-3.6711453847e-05,1.4019013142e-03,-7.9158595875e-02,2.7409544920e+00
54954,2025-03-03 12:00:00,nan,nan,nan,-0.001 1 + -0.001 theta + 1.000 omega + 0.042 omega^2 + 0.057 theta omega^2 + 0.663 omega^3,-0.003 1 + -0.003 theta + 0.001 omega + 0.088 omega^2 + -0.001 theta^2 omega + 0.117 theta omega^2 + 1.136 omega^3,-2.9167951827e-03,-2.5356647306e-03,1.0500320916e-03,1.0662926683e-04,-4.1023044423e-04,8.8059899084e-02,6.0758927724e-05,-9.7155434372e-04,1.1745983264e-01,1.1356880973e+00
54955,2025-03-03 12:05:00,0.021481,1.351155,0.955532,0.003 1 + -0.002 theta + 0.997 omega + 0.017 theta omega + 0.066 omega^2 + 0.003 theta omega^2 + -2.540 omega^3,0.003 1 + -0.003 theta + 0.025 omega + 0.033 theta omega + -0.006 omega^2 + -0.001 theta^2 omega + 0.007 theta omega^2 + -4.759 omega^3,3.1225449982e-03,-3.2999223112e-03,2.4749372474e-02,4.0023898904e-05,3.3232404824e-02,-5.8685209153e-03,9.8739555590e-07,-8.0723641330e-04,6.8574492188e-03,-4.7585698940e+00
54956,2025-03-03 12:10:00,nan,nan,nan,-0.025 1 + 0.015 theta + 1.444 omega + -0.003 theta^2 + -0.196 theta omega + -2.463 omega^2 + 0.021 theta^2 omega + 0.506 theta omega^2 + 4.545 omega^3,-0.053 1 + 0.031 theta + 0.920 omega + -0.006 theta^2 + -0.405 theta omega + -5.172 omega^2 + 0.043 theta^2 omega + 1.058 theta omega^2 + 10.175 omega^3,-5.2577096060e-02,3.1216163601e-02,9.1997180450e-01,-5.7110138932e-03,-4.0520320590e-01,-5.1718118052e+00,3.1559405532e-04,4.3250960476e-02,1.0584988337e+00,1.0174885992e+01
54957,2025-03-03 12:15:00,nan,nan,nan,-0.005 1 + 0.002 theta + 1.052 omega + -0.009 theta omega + -0.326 omega^2 + 0.003 theta omega^2 + 1.416 omega^3,-0.011 1 + 0.004 theta + 0.110 omega + -0.018 theta omega + -0.694 omega^2 + 0.001 theta^2 omega + 0.005 theta omega^2 + 3.002 omega^3,-1.1224905923e-02,3.8692279700e-03,1.0958754648e-01,-2.9971321967e-04,-1.8300123545e-02,-6.9438565291e-01,6.6665658799e-06,7.5366617873e-04,4.6199314335e-03,3.0017250383e+00
54958,2025-03-03 12:20:00,nan,nan,nan,0.999 omega + 0.009 theta omega + -0.063 omega^2 + -0.004 theta^2 omega + 0.215 theta omega^2 + 0.917 omega^3,0.001 1 + 0.018 theta omega + -0.107 omega^2 + -0.001 theta^3 + -0.007 theta^2 omega + 0.425 theta omega^2 + 1.434 omega^3,5.3065796070e-04,-1.0301585121e-04,-3.2558924095e-05,-3.9602196084e-04,1.7670850600e-02,-1.0724746783e-01,-7.0643366501e-04,-7.3815469353e-03,4.2459498778e-01,1.4341304066e+00
54959,2025-03-03 12:25:00,0.408108,20.735429,14.665002,-0.001 theta + 0.999 omega + 0.011 theta omega + 0.042 omega^2 + -0.006 theta^2 omega + 0.117 theta omega^2 + -0.264 omega^3,0.001 1 + -0.002 theta + 0.023 theta omega + 0.047 omega^2 + -0.012 theta^2 omega + 0.245 theta omega^2 + -0.421 omega^3,8.9037596707e-04,-1.5192535816e-03,-4.5563140454e-04,-1.9385609745e-04,2.2968114448e-02,4.6882718557e-02,1.3208568601e-04,-1.1822750026e-02,2.4549730439e-01,-4.2122622288e-01
54960,2025-03-03 12:30:00,0.052124,1.583220,1.120112,0.001 1 + -0.001 theta + 1.010 omega + 0.001 theta^2 + -0.002 theta omega + -0.182 omega^2 + -0.001 theta^2 omega + 0.024 theta omega^2 + -1.298 omega^3,0.002 1 + -0.002 theta + 0.021 omega + 0.001 theta^2 + -0.006 theta omega + -0.399 omega^2 + -0.002 theta^2 omega + 0.063 theta omega^2 + -1.984 omega^3,1.6616858346e-03,-2.0463353582e-03,2.0552099188e-02,1.2584190005e-03,-6.2235196267e-03,-3.9855501673e-01,-3.0923467183e-04,-1.5240355791e-03,6.2973899834e-02,-1.9842193479e+00
54961,2025-03-03 12:35:00,6.347318,19.569071,14.547113,-0.003 1 + 0.002 theta + 1.093 omega + -0.027 theta omega + -0.644 omega^2 + 0.002 theta^2 omega + 0.100 theta omega^2 + -0.353 omega^3,-0.007 1 + 0.004 theta + 0.188 omega + -0.054 theta omega + -1.300 omega^2 + 0.004 theta^2 omega + 0.202 theta omega^2 + -0.686 omega^3,-6.9104179041e-03,3.9768689644e-03,1.8817192925e-01,-4.7166321583e-04,-5.3694032555e-02,-1.3001995801e+00,8.3682359109e-06,3.6662373745e-03,2.0200980248e-01,-6.8623377802e-01
54962,2025-03-03 12:40:00,nan,nan,nan,-0.005 1 + -0.001 theta + 1.243 omega + 0.001 theta^2 + -0.062 theta omega + -1.721 omega^2 + 0.004 theta^2 omega + 0.187 theta omega^2 + 7.785 omega^3,-0.011 1 + -0.003 theta + 0.511 omega + 0.002 theta^2 + -0.127 theta omega + -3.585 omega^2 + 0.008 theta^2 omega + 0.383 theta omega^2 + 16.377 omega^3,-1.1146280076e-02,-3.3801323871e-03,5.1117392043e-01,1.5869352614e-03,-1.2739139755e-01,-3.5852609760e+00,-1.2414513394e-04,7.5109857451e-03,3.8291969613e-01,1.6376651872e+01
54963,2025-03-03 12:45:00,0.056506,5.688922,4.022874,-0.001 1 + 1.020 omega + 0.007 theta omega + -0.004 omega^2 + -0.005 theta^2 omega + 0.148 theta omega^2 + -3.887 omega^3,-0.001 1 + -0.001 theta + 0.041 omega + 0.001 theta^2 + 0.012 theta omega + 0.037 omega^2 + -0.011 theta^2 omega + 0.292 theta omega^2 + -7.806 omega^3,-1.2227003296e-03,-8.7374035818e-04,4.1037492728e-02,8.0038284254e-04,1.2242122048e-02,3.7343666555e-02,8.0160743920e-06,-1.0635121239e-02,2.9158457173e-01,-7.8063347907e+00
54964,2025-03-03 12:50:00,0.055789,3.977859,2.813048,-0.004 1 + 0.001 theta + 1.055 omega + -0.014 theta omega + -0.065 omega^2 + 0.016 theta omega^2 + 0.094 omega^3,-0.009 1 + 0.002 theta + 0.130 omega + -0.028 theta omega + -0.263 omega^2 + 0.001 theta^2 omega + 0.036 theta omega^2 + 0.476 omega^3,-9.0209864683e-03,2.3083355441e-03,1.3033498343e-01,-6.7985883082e-05,-2.8277537180e-02,-2.6345548098e-01,-2.4399072118e-07,7.5198329061e-04,3.5577202080e-02,4.7564794417e-01
54965,2025-03-03 12:55:00,nan,nan,nan,0.002 1 + 0.002 theta + 1.014 omega + -0.002 theta^2 + -0.013 theta omega + -0.494 omega^2 + 0.003 theta^2 omega + 0.216 theta omega^2 + -0.169 omega^3,0.005 1 + 0.004 theta + 0.028 omega + -0.004 theta^2 + -0.024 theta omega + -0.993 omega^2 + 0.001 theta^3 + 0.005 theta^2 omega + 0.428 theta omega^2 + -0.481 omega^3,4.8936297864e-03,3.5993294432e-03,2.8012887648e-02,-3.9322761781e-03,-2.4194772402e-02,-9.9314811834e-01,6.0335690279e-04,5.0432744878e-03,4.2834918166e-01,-4.8064251457e-01
54966,2025-03-03 13:00:00,0.026671,1.704472,1.205392,0.022 1 + 1.215 omega + 0.005 theta omega + 0.349 omega^2 + 0.006 theta omega^2 + -0.397 omega^3,0.046 1 + 0.439 omega + 0.009 theta omega + 0.717 omega^2 + 0.011 theta omega^2 + -0.788 omega^3,4.5601553884e-02,-1.8333806643e-05,4.3917062859e-01,-9.0354175370e-05,9.2268717701e-03,7.1652684974e-01,-1.5328452988e-06,-4.9617787856e-05,1.1451091599e-02,-7.8766728828e-01
54967,2025-03-03 13:05:00,nan,nan,nan,-0.001 theta + 1.006 omega + 0.010 theta omega + -0.210 omega^2 + -0.058 theta omega^2 + 1.836 omega^3,0.001 1 + -0.001 theta + 0.013 omega + 0.018 theta omega + -0.336 omega^2 + -0.117 theta omega^2 + 3.413 omega^3,7.9258715745e-04,-1.1448211447e-03,1.2989868517e-02,1.7010729225e-05,1.8169744339e-02,-3.3576078484e-01,5.5132959707e-06,-4.3189231521e-04,-1.1738174443e-01,3.4126355146e+00
54968,2025-03-03 13:10:00,0.053851,1.118732,0.791979,0.007 theta + 1.054 omega + -0.003 theta^2 + -0.025 theta omega + -0.793 omega^2 + 0.003 theta^2 omega + 0.212 theta omega^2 + -1.822 omega^3,0.014 theta + 0.106 omega + -0.005 theta^2 + -0.048 theta omega + -1.537 omega^2 + 0.005 theta^2 omega + 0.418 theta omega^2 + -3.931 omega^3,1.1581405933e-04,1.4031608355e-02,1.0579731493e-01,-5.2667343031e-03,-4.8185744588e-02,-1.5365075152e+00,4.6484780606e-04,5.2070709376e-03,4.1763321867e-01,-3.9306027893e+00
54969,2025-03-03 13:15:00,0.129487,13.063071,9.237440,-0.001 theta + 0.989 omega + -0.001 theta^2 + 0.086 theta omega + -0.245 omega^2 + -0.016 theta^2 omega + -0.165 theta omega^2 + 1.384 omega^3,0.001 1 + -0.002 theta + -0.021 omega + -0.001 theta^2 + 0.173 theta omega + -0.467 omega^2 + -0.031 theta^2 omega + -0.370 theta omega^2 + 3.803 omega^3,7.5850396846e-04,-1.9526517597e-03,-2.0527493713e-02,-1.1433100543e-03,1.7346051962e-01,-4.6742373060e-01,3.1444448372e-04,-3.1261841390e-02,-3.7004092472e-01,3.8025139066e+00
54970,2025-03-03 13:20:00,0.050331,3.058244,2.162798,0.001 1 + -0.002 theta + 1.007 omega + 0.022 theta omega + -0.207 omega^2 + -0.002 theta^2 omega + 0.046 theta omega^2 + -4.577 omega^3,0.003 1 + -0.003 theta + 0.018 omega + 0.043 theta omega + -0.396 omega^2 + -0.003 theta^2 omega + 0.090 theta omega^2 + -9.087 omega^3,2.5435192447e-03,-3.3695908197e-03,1.7640383763e-02,3.3683858073e-04,4.3213791405e-02,-3.9578552440e-01,-8.8088616859e-06,-3.1233388136e-03,9.0378073122e-02,-9.0870994995e+00
54971,2025-03-03 13:25:00,0.033801,2.180145,1.541781,0.002 1 + -0.001 theta + 0.954 omega + 0.007 theta omega + 0.294 omega^2 + -0.001 theta^2 omega + 0.011 theta omega^2 + -0.827 omega^3,0.004 1 + -0.002 theta + -0.085 omega + 0.014 theta omega + 0.617 omega^2 + -0.001 theta^2 omega + 0.025 theta omega^2 + -1.958 omega^3,4.3750917556e-03,-1.7126649516e-03,-8.5036471365e-02,2.1513413261e-04,1.4010999556e-02,6.1713110132e-01,-6.9840178564e-06,-1.2126901875e-03,2.5422281766e-02,-1.9578483601e+00
54972,2025-03-03 13:30:00,0.055009,7.075599,5.003355,0.007 1 + 0.001 theta + 0.874 omega + -0.001 theta^2 + -0.028 theta omega + -1.401 omega^2 + -0.001 theta^2 omega + -0.253 theta omega^2 + 2.636 omega^3,0.016 1 + 0.002 theta + -0.232 omega + -0.002 theta^2 + -0.048 theta omega + -2.722 omega^2 + -0.002 theta^2 omega + -0.492 theta omega^2 + 5.534 omega^3,1.5808550103e-02,1.8981273620e-03,-2.3232297007e-01,-1.5580394684e-03,-4.7750046523e-02,-2.7223301004e+00,-2.5181976228e-04,-1.5898646501e-03,-4.9165724450e-01,5.5342804132e+00
54973,2025-03-03 13:35:00,0.040918,5.930130,4.193335,-0.001 theta + 1.012 omega + -0.007 theta omega + 0.101 omega^2 + -0.007 theta^2 omega + 0.373 theta omega^2 + -4.524 omega^3,-0.002 theta + 0.024 omega + 0.001 theta^2 + -0.015 theta omega + 0.251 omega^2 + -0.014 theta^2 omega + 0.748 theta omega^2 + -9.063 omega^3,-4.8483149363e-04,-1.8881543363e-03,2.4197577943e-02,6.9714650323e-04,-1.5316201402e-02,2.5054852142e-01,1.7595850289e-05,-1.3788341674e-02,7.4792387394e-01,-9.0630243193e+00
54974,2025-03-03 13:40:00,0.083114,12.515166,8.849754,0.002 1 + -0.002 theta + 0.934 omega + 0.070 theta omega + 0.700 omega^2 + -0.413 theta omega^2 + -1.297 omega^3,0.004 1 + -0.005 theta + -0.129 omega + 0.138 theta omega + 1.335 omega^2 + -0.001 theta^2 omega + -0.816 theta omega^2 + -2.236 omega^3,4.3351783235e-03,-4.6612698270e-03,-1.2884470951e-01,-2.9564230482e-04,1.3814753918e-01,1.3354792368e+00,2.3668636628e-05,-8.2331955050e-04,-8.1637784542e-01,-2.2355633628e+00
54975,2025-03-03 13:45:00,0.005856,0.172139,0.121791,0.997 omega + 0.003 theta omega + -0.047 omega^2 + 0.007 theta omega^2 + -0.146 omega^3,-0.007 omega + 0.006 theta omega + -0.096 omega^2 + 0.014 theta omega^2 + -0.282 omega^3,1.6196002674e-04,4.8797155401e-04,-6.8403929064e-03,-8.2476492224e-05,5.5690132022e-03,-9.6191504334e-02,-1.7296221861e-06,-2.9332695147e-04,1.4437525848e-02,-2.8240623840e-01
54976,2025-03-03 13:50:00,nan,nan,nan,0.003 1 + 0.991 omega + 0.001 theta omega + -0.164 omega^2 + -0.002 theta omega^2 + 0.660 omega^3,0.005 1 + -0.017 omega + 0.002 theta omega + -0.295 omega^2 + -0.003 theta omega^2 + 1.213 omega^3,4.6370838093e-03,-3.2332326078e-04,-1.7036548708e-02,-2.4032561713e-05,1.9627060046e-03,-2.9506010461e-01,-4.2092828316e-07,2.8690530286e-04,-2.6115074817e-03,1.2134874408e+00
54977,2025-03-03 13:55:00,3.725798,5.956666,4.968070,-0.001 1 + -0.001 theta + 0.997 omega + -0.005 theta omega + 0.135 omega^2 + 0.123 theta omega^2 + -0.253 omega^3,-0.003 1 + -0.003 theta + -0.006 omega + -0.010 theta omega + 0.263 omega^2 + 0.001 theta^2 omega + 0.248 theta omega^2 + -0.421 omega^3,-2.9134531692e-03,-2.7141865174e-03,-6.3802219445e-03,4.1794429405e-04,-1.0128989219e-02,2.6285586445e-01,1.5600700546e-04,9.4023411859e-04,2.4830428475e-01,-4.2139459622e-01
54978,2025-03-03 14:00:00,nan,nan,nan,0.067 1 + 0.003 theta + 1.682 omega + 0.024 theta omega + 1.823 omega^2 + 0.049 theta omega^2 + 0.649 omega^3,0.152 1 + 0.006 theta + 1.635 omega + 0.053 theta omega + 4.975 omega^2 + 0.108 theta omega^2 + 3.470 omega^3,1.5239180244e-01,5.7271088559e-03,1.6352661739e+00,4.0040577783e-05,5.2510677661e-02,4.9751837667e+00,-8.7804069487e-08,2.7197081911e-04,1.0814886903e-01,3.4704072998e+00
54979,2025-03-03 14:05:00,0.010559,0.736589,0.520901,0.001 1 + 1.010 omega + 0.003 theta omega + -0.279 omega^2 + -0.001 theta^2 omega + 0.081 theta omega^2 + -1.564 omega^3,0.002 1 + -0.001 theta + 0.022 omega + 0.006 theta omega + -0.537 omega^2 + -0.002 theta^2 omega + 0.175 theta omega^2 + -3.668 omega^3,1.7077709020e-03,-9.5001624410e-04,2.2036820512e-02,9.8864763364e-05,5.7334808951e-03,-5.3669638751e-01,2.4614794620e-06,-2.0681230332e-03,1.7485294178e-01,-3.6678893066e+00
54980,2025-03-03 14:10:00,nan,nan,nan,-0.001 1 + -0.002 theta + 0.993 omega + -0.018 theta omega + 0.156 omega^2 + 0.003 theta^2 omega + -0.005 theta omega^2 + 1.073 omega^3,-0.002 1 + -0.003 theta + -0.014 omega + -0.035 theta omega + 0.317 omega^2 + 0.006 theta^2 omega + -0.012 theta omega^2 + 2.105 omega^3,-1.7158551254e-03,-3.0719430282e-03,-1.3830641613e-02,4.4953286973e-04,-3.5141022574e-02,3.1734740106e-01,-1.8462031760e-05,6.0384489292e-03,-1.1869025096e-02,2.1047917480e+00
54981,2025-03-03 14:15:00,nan,nan,nan,0.025 1 + 0.002 theta + 1.464 omega + 0.057 theta omega + 2.096 omega^2 + 0.001 theta^2 omega + 0.197 theta omega^2 + 2.243 omega^3,0.050 1 + 0.005 theta + 0.922 omega + 0.113 theta omega + 4.192 omega^2 + 0.002 theta^2 omega + 0.387 theta omega^2 + 4.712 omega^3,5.0029447928e-02,4.6307381039e-03,9.2186481117e-01,-1.3997442792e-04,1.1349292916e-01,4.1920798177e+00,-1.0145864027e-05,1.8377322345e-03,3.8655995174e-01,4.7119483680e+00
54982,2025-03-03 14:20:00,nan,nan,nan,-0.001 1 + 0.984 omega + 0.005 theta omega + -0.292 omega^2 + 0.003 theta^2 omega + -0.125 theta omega^2 + 2.553 omega^3,-0.002 1 + -0.031 omega + 0.009 theta omega + -0.565 omega^2 + 0.006 theta^2 omega + -0.239 theta omega^2 + 5.012 omega^3,-1.6644349208e-03,1.3983717130e-04,-3.1230664296e-02,3.3401957678e-04,8.6095549735e-03,-5.6463833912e-01,-2.1378483847e-06,6.3779979127e-03,-2.3850909933e-01,5.0121874935e+00
54983,2025-03-03 14:25:00,0.079748,3.485461,2.465238,-0.021 1 + -0.005 theta + 0.566 omega + -0.054 theta omega + -2.431 omega^2 + -0.002 theta^2 omega + -0.183 theta omega^2 + -2.501 omega^3,-0.037 1 + -0.010 theta + -0.807 omega + -0.001 theta^2 + -0.100 theta omega + -4.570 omega^2 + -0.003 theta^2 omega + -0.345 theta omega^2 + -4.499 omega^3,-3.7465586402e-02,-1.0058005397e-02,-8.0706336194e-01,-8.9546197443e-04,-1.0016844046e-01,-4.5696329325e+00,-2.6464580864e-05,-2.7859237968e-03,-3.4531374428e-01,-4.4986717995e+00
54984,2025-03-03 14:30:00,0.062729,1.580163,1.118224,-0.001 1 + 0.012 theta + 0.950 omega + 0.002 theta^2 + -0.014 theta omega + 0.564 omega^2 + -0.001 theta^2 omega + 0.076 theta omega^2 + -2.894 omega^3,-0.002 1 + 0.024 theta + -0.103 omega + 0.005 theta^2 + -0.028 theta omega + 1.085 omega^2 + -0.002 theta^2 omega + 0.149 theta omega^2 + -6.055 omega^3,-2.1005158227e-03,2.3522433448e-02,-1.0323584300e-01,4.7078710058e-03,-2.8375349832e-02,1.0848873097e+00,2.2932636906e-04,-1.5982054246e-03,1.4941271401e-01,-6.0554612573e+00
54985,2025-03-03 14:35:00,nan,nan,nan,0.994 omega + 0.010 theta omega + 0.043 omega^2 + -0.003 theta^2 omega + 0.029 theta omega^2 + 1.341 omega^3,0.001 1 + -0.008 omega + 0.021 theta omega + 0.073 omega^2 + -0.006 theta^2 omega + 0.079 theta omega^2 + 2.314 omega^3,7.0882572379e-04,4.3834536909e-05,-8.4944993591e-03,-4.4706135839e-04,2.0844091154e-02,7.2725255065e-02,-1.5402585059e-05,-5.8376835151e-03,7.8565550356e-02,2.3140275010e+00
54986,2025-03-03 14:40:00,nan,nan,nan,0.001 1 + -0.003 theta + 1.024 omega + -0.001 theta^2 + -0.001 theta omega + -0.135 omega^2 + -0.026 theta omega^2 + 0.231 omega^3,0.001 1 + -0.006 theta + 0.050 omega + -0.001 theta^2 + -0.001 theta omega + -0.248 omega^2 + -0.001 theta^2 omega + -0.052 theta omega^2 + 0.592 omega^3,1.1306843372e-03,-5.5340557119e-03,4.9895120686e-02,-1.0612689100e-03,-1.1684711133e-03,-2.4774999524e-01,-4.7240549490e-05,-7.4271350257e-04,-5.2016954620e-02,5.9174477175e-01
54987,2025-03-03 14:45:00,nan,nan,nan,0.001 theta + 0.951 omega + 0.014 theta omega + -0.489 omega^2 + 0.001 theta^2 omega + -0.024 theta omega^2 + 0.746 omega^3,0.001 1 + 0.003 theta + -0.098 omega + 0.029 theta omega + -1.024 omega^2 + 0.001 theta^2 omega + -0.050 theta omega^2 + 1.399 omega^3,5.9366415519e-04,2.9238397198e-03,-9.8446067595e-02,5.1845389831e-05,2.8910334712e-02,-1.0243679250e+00,-2.8343136445e-06,1.3525509173e-03,-5.0185067591e-02,1.3990578402e+00
54988,2025-03-03 14:50:00,0.720726,74.948044,52.998721,0.006 1 + 0.001 theta + 0.991 omega + -0.002 theta omega + -0.171 omega^2 + -0.030 theta omega^2 + 0.698 omega^3,0.011 1 + 0.003 theta + -0.028 omega + -0.004 theta omega + -0.418 omega^2 + -0.061 theta omega^2 + 1.190 omega^3,1.1299313527e-02,2.6382399877e-03,-2.8292974219e-02,1.7651305032e-04,-3.9320491279e-03,-4.1806400604e-01,3.3344014758e-06,9.8823306554e-05,-6.1140839860e-02,1.1902727133e+00
54989,2025-03-03 14:55:00,0.176096,7.364724,5.209135,0.002 1 + -0.002 theta + 1.118 omega + -0.001 theta^2 + 0.006 theta omega + 0.336 omega^2 + 0.029 theta omega^2 + -1.607 omega^3,0.005 1 + -0.005 theta + 0.236 omega + -0.001 theta^2 + 0.012 theta omega + 0.632 omega^2 + -0.001 theta^2 omega + 0.053 theta omega^2 + -3.233 omega^3,4.8192600222e-03,-4.8953956470e-03,2.3562320152e-01,-1.0425060471e-03,1.1746640580e-02,6.3196143076e-01,-4.9997143238e-05,-5.5581238942e-04,5.2909825786e-02,-3.2333964083e+00
54990,2025-03-03 15:00:00,0.019741,0.811286,0.573836,0.046 1 + 1.329 omega + 0.004 theta omega + 0.491 omega^2 + 0.007 theta omega^2 + -0.222 omega^3,0.102 1 + 0.001 theta + 0.740 omega + 0.008 theta omega + 1.219 omega^2 + 0.015 theta omega^2 + -0.196 omega^3,1.0219335706e-01,5.3427635214e-04,7.3956367705e-01,-4.1446578172e-05,8.3871750802e-03,1.2191278148e+00,-3.5535637149e-07,-6.0963050965e-05,1.5385268630e-02,-1.9618232398e-01
54991,2025-03-03 15:05:00,nan,nan,nan,-0.001 theta + 0.994 omega + 0.001 theta^2 + -0.028 theta omega + 0.429 omega^2 + 0.001 theta^3 + 0.001 theta^2 omega + 1.238 theta omega^2 + -3.686 omega^3,-0.001 1 + -0.003 theta + -0.009 omega + 0.001 theta^2 + -0.055 theta omega + 0.856 omega^2 + 0.001 theta^3 + 0.002 theta^2 omega + 2.386 theta omega^2 + -8.371 omega^3,-8.8144870583e-04,-2.9531384882e-03,-8.6360995303e-03,1.0893967192e-03,-5.4959143561e-02,8.5601174063e-01,1.4899958719e-03,1.8450665472e-03,2.3856515608e+00,-8.3705246409e+00
54992,2025-03-03 15:10:00,0.011976,0.338537,0.239531,-0.001 1 + 0.989 omega + 0.080 omega^2 + 0.001 theta^2 omega + -0.026 theta omega^2 + 0.321 omega^3,-0.002 1 + -0.001 theta + -0.020 omega + 0.148 omega^2 + 0.001 theta^2 omega + -0.050 theta omega^2 + 0.634 omega^3,-1.6260414204e-03,-7.4743799850e-04,-2.0410455927e-02,-1.5942800804e-04,1.3654286783e-04,1.4822817452e-01,-1.3840653911e-05,1.2888576336e-03,-4.9701311811e-02,6.3435273908e-01
54993,2025-03-03 15:15:00,nan,nan,nan,0.020 1 + 0.006 theta + 1.249 omega + 0.051 theta omega + 0.934 omega^2 + 0.002 theta^2 omega + 0.050 theta omega^2 + 3.216 omega^3,0.041 1 + 0.012 theta + 0.503 omega + 0.001 theta^2 + 0.102 theta omega + 1.876 omega^2 + 0.004 theta^2 omega + 0.101 theta omega^2 + 6.442 omega^3,4.0788653300e-02,1.2441827549e-02,5.0273213507e-01,9.0861142640e-04,1.0179827791e-01,1.8759008726e+00,1.9018454360e-05,4.0400598754e-03,1.0093502085e-01,6.4419312521e+00
54994,2025-03-03 15:20:00,0.018492,1.785312,1.262474,1.018 omega + 0.001 theta omega + 0.033 omega^2 + -0.004 theta omega^2 + -1.164 omega^3,0.001 1 + 0.036 omega + 0.003 theta omega + 0.009 omega^2 + -0.012 theta omega^2 + -2.076 omega^3,5.7776143314e-04,-3.6993150722e-04,3.6162373690e-02,-3.9726323275e-05,3.1399110869e-03,8.8188753957e-03,-1.3256123572e-06,4.0495284213e-04,-1.1919682840e-02,-2.0755999297e+00
54995,2025-03-03 15:25:00,0.072611,4.565133,3.228445,-0.010 1 + 1.063 omega + -0.005 theta omega + 0.244 omega^2 + -0.020 theta omega^2 + -0.590 omega^3,-0.019 1 + 0.120 omega + -0.008 theta omega + 0.522 omega^2 + -0.041 theta omega^2 + -1.206 omega^3,-1.9435661983e-02,-2.9840005726e-04,1.1972595352e-01,2.3043081906e-04,-8.2978040655e-03,5.2176889068e-01,-7.6853346894e-06,1.6262384609e-04,-4.0995532546e-02,-1.2056228724e+00
54996,2025-03-03 15:30:00,0.067114,4.377757,3.095905,-0.004 1 + 0.903 omega + -0.013 theta omega + -0.533 omega^2 + -0.065 theta omega^2 + -0.455 omega^3,-0.008 1 + 0.001 theta + -0.191 omega + -0.025 theta omega + -1.057 omega^2 + -0.001 theta^2 omega + -0.132 theta omega^2 + -0.740 omega^3,-8.4542350560e-03,8.6129894797e-04,-1.9133178398e-01,3.3267083763e-04,-2.5091487223e-02,-1.0569373406e+00,1.6719056011e-05,-6.5918319393e-04,-1.3184472448e-01,-7.3987504428e-01
54997,2025-03-03 15:35:00,0.081784,5.759874,4.073256,-0.001 theta + 1.019 omega + 0.003 theta omega + -0.103 omega^2 + 0.005 theta omega^2 + -1.159 omega^3,-0.001 theta + 0.040 omega + 0.006 theta omega + -0.205 omega^2 + 0.009 theta omega^2 + -2.367 omega^3,-1.9130013318e-04,-1.3987698292e-03,4.0048008297e-02,-2.7967526527e-04,6.1260708526e-03,-2.0491053077e-01,-1.0832859024e-05,8.9874807262e-05,8.8338291693e-03,-2.3669209749e+00
54998,2025-03-03 15:40:00,0.026596,0.432149,0.306154,-0.001 1 + 0.943 omega + -0.007 theta omega + -0.883 omega^2 + -0.077 theta omega^2 + -3.131 omega^3,-0.001 1 + -0.104 omega + -0.013 theta omega + -1.738 omega^2 + -0.152 theta omega^2 + -6.131 omega^3,-9.2079593954e-04,4.9135463075e-04,-1.0438545665e-01,-4.4647791032e-05,-1.2613878076e-02,-1.7376068771e+00,-1.5220635498e-05,2.0913815898e-04,-1.5201157558e-01,-6.1307616916e+00
54999,2025-03-03 15:45:00,0.033910,1.795585,1.269897,0.001 1 + 0.979 omega + 0.308 omega^2 + -0.005 theta omega^2 + -0.740 omega^3,0.002 1 + -0.039 omega + 0.661 omega^2 + -0.011 theta omega^2 + -1.634 omega^3,1.7905440499e-03,-4.6230291757e-04,-3.8551552340e-02,3.3630554356e-05,-4.7536948252e-04,6.6055426710e-01,-6.9103021860e-07,2.6201146787e-05,-1.1270337214e-02,-1.6341332239e+00
