Chunk_Index,Chunk_Start_Time,Sim_RMSE_Omega,Sim_RMSE_Theta,Sim_RMSE_Total,Eq_Theta,Eq_Omega,Coeff_Const,Coeff_Theta,Coeff_Omega,Coeff_Theta2,Coeff_ThetaOmega,Coeff_Omega2,Coeff_Theta3,Coeff_Theta2Omega,Coeff_ThetaOmega2,Coeff_Omega3
6000,2024-09-04 22:55:00,0.034024,2.578394,1.823359,-0.401 1 + 0.017 theta + 4.948 omega + -0.133 theta omega + -10.346 omega^2 + 0.001 theta^2 omega + 0.250 theta omega^2 + 3.167 omega^3,-0.801 1 + 0.033 theta + 7.884 omega + -0.266 theta omega + -20.587 omega^2 + 0.002 theta^2 omega + 0.498 theta omega^2 + 6.126 omega^3,-8.0140151833e-01,3.3483389493e-02,7.8844206832e+00,-3.6993478037e-04,-2.6582391572e-01,-2.0587377357e+01,1.0203065221e-06,1.6353138878e-03,4.9842881130e-01,6.1263293185e+00
6001,2024-09-04 23:00:00,0.288888,23.706758,16.764454,-0.001 1 + -0.001 theta + 1.010 omega + -0.079 omega^2 + 0.008 theta omega^2 + -0.266 omega^3,-0.001 1 + -0.002 theta + 0.022 omega + -0.164 omega^2 + 0.017 theta omega^2 + -0.567 omega^3,-1.4119623344e-03,-1.5842970359e-03,2.1672666755e-02,-6.6676070519e-05,-9.8949714953e-05,-1.6432705496e-01,-2.4535377286e-07,-2.0085282662e-04,1.6612234223e-02,-5.6734036039e-01
6002,2024-09-04 23:05:00,0.009941,0.361931,0.256021,-0.001 1 + 0.001 theta + 1.006 omega + -0.006 theta omega + 0.050 omega^2 + -0.001 theta^2 omega + -0.009 theta omega^2 + -0.791 omega^3,-0.001 1 + 0.001 theta + 0.009 omega + -0.011 theta omega + 0.088 omega^2 + -0.001 theta^2 omega + -0.020 theta omega^2 + -1.389 omega^3,-1.0459806331e-03,1.0379527982e-03,8.9308805832e-03,9.2798391427e-05,-1.0608000671e-02,8.8474730387e-02,-2.1963714107e-06,-1.0744735230e-03,-1.9564930407e-02,-1.3887318015e+00
6003,2024-09-04 23:10:00,0.107825,11.583828,8.191358,-0.001 1 + -0.002 theta + 0.992 omega + -0.010 theta omega + -0.474 omega^2 + -0.001 theta^2 omega + 0.006 theta omega^2 + -2.913 omega^3,-0.003 1 + -0.004 theta + -0.015 omega + -0.021 theta omega + -0.908 omega^2 + -0.001 theta^2 omega + 0.011 theta omega^2 + -5.591 omega^3,-2.9823658068e-03,-3.9053001877e-03,-1.5213476952e-02,-2.5783961446e-04,-2.1216160865e-02,-9.0798690705e-01,-3.5831732727e-06,-1.1814220232e-03,1.0645837649e-02,-5.5911665378e+00
6004,2024-09-04 23:15:00,0.066616,6.351871,4.491698,-0.001 1 + 0.001 theta + 0.992 omega + -0.001 theta omega + 0.153 omega^2 + -0.012 theta omega^2 + 0.574 omega^3,-0.003 1 + 0.002 theta + -0.017 omega + -0.002 theta omega + 0.309 omega^2 + -0.023 theta omega^2 + 1.210 omega^3,-2.8884915942e-03,1.7658801683e-03,-1.6989635231e-02,5.7952617674e-05,-2.3349687980e-03,3.0872753215e-01,-5.4586724059e-05,-1.5743350758e-04,-2.3451694927e-02,1.2095124087e+00
6005,2024-09-04 23:20:00,0.035095,3.189446,2.255415,-0.001 1 + 0.991 omega + 0.105 omega^2 + -0.016 theta omega^2 + 0.943 omega^3,-0.002 1 + -0.018 omega + 0.001 theta omega + 0.209 omega^2 + -0.032 theta omega^2 + 1.915 omega^3,-2.0618718047e-03,3.0020873834e-04,-1.7720861308e-02,-6.5636523746e-05,1.0807679021e-03,2.0933164285e-01,-4.2631035214e-07,-3.3618602329e-05,-3.2148230567e-02,1.9145219554e+00
6006,2024-09-04 23:25:00,0.059554,2.716784,1.921518,-0.029 1 + -0.019 theta + 0.098 omega + -0.003 theta^2 + -0.176 theta omega + -4.872 omega^2 + -0.008 theta^2 omega + -0.461 theta omega^2 + -5.134 omega^3,-0.056 1 + -0.037 theta + -1.799 omega + -0.005 theta^2 + -0.351 theta omega + -9.718 omega^2 + -0.017 theta^2 omega + -0.919 theta omega^2 + -10.079 omega^3,-5.5924302241e-02,-3.7272825635e-02,-1.7986693850e+00,-5.2266466515e-03,-3.5071237965e-01,-9.7182956872e+00,-2.0876793805e-04,-1.6669811947e-02,-9.1891087323e-01,-1.0078943965e+01
6007,2024-09-04 23:30:00,0.062490,5.274489,3.729889,-0.001 1 + 1.001 omega + 0.007 theta omega + -0.276 omega^2 + 0.006 theta omega^2 + -0.528 omega^3,-0.001 1 + -0.001 theta + 0.009 omega + 0.014 theta omega + -0.512 omega^2 + 0.011 theta omega^2 + -0.890 omega^3,-1.2714103359e-03,-7.4437687574e-04,8.9604496585e-03,-1.6572336339e-04,1.4193440913e-02,-5.1185337306e-01,-4.1137423043e-06,1.6066794992e-04,1.1202405334e-02,-8.9023869417e-01
6008,2024-09-04 23:35:00,0.006229,0.525673,0.371733,-0.001 theta + 1.015 omega + 0.004 theta omega + -0.102 omega^2 + -0.013 theta omega^2 + 0.303 omega^3,-0.001 theta + 0.030 omega + 0.007 theta omega + -0.212 omega^2 + -0.024 theta omega^2 + 0.652 omega^3,-4.6341914761e-04,-1.0568231277e-03,2.9963372158e-02,8.7941730841e-05,7.0296354741e-03,-2.1180095638e-01,-1.6013297767e-06,-1.4955068905e-04,-2.4489065277e-02,6.5226977143e-01
6009,2024-09-04 23:40:00,nan,nan,nan,-0.036 1 + 0.002 theta + 1.446 omega + -0.033 theta omega + -1.454 omega^2 + 0.001 theta^2 omega + 0.048 theta omega^2 + 2.484 omega^3,-0.073 1 + 0.004 theta + 0.893 omega + -0.066 theta omega + -2.918 omega^2 + 0.001 theta^2 omega + 0.097 theta omega^2 + 4.998 omega^3,-7.2532226308e-02,3.7172047794e-03,8.9323638011e-01,1.1805949588e-04,-6.6045278252e-02,-2.9176623738e+00,-5.9019852114e-06,1.1606957681e-03,9.7044868574e-02,4.9982411291e+00
6010,2024-09-04 23:45:00,0.025092,1.146714,0.811043,-0.001 1 + 1.094 omega + 0.003 theta omega + -1.314 omega^2 + -0.005 theta omega^2 + 5.383 omega^3,-0.002 1 + -0.001 theta + 0.187 omega + 0.005 theta omega + -2.582 omega^2 + -0.010 theta omega^2 + 10.615 omega^3,-1.8498411928e-03,-6.7460083829e-04,1.8698152938e-01,2.3711566825e-05,4.7677750157e-03,-2.5816908271e+00,3.1626420447e-07,-1.9741649190e-04,-9.7314165798e-03,1.0615403302e+01
6011,2024-09-04 23:50:00,nan,nan,nan,-0.006 1 + -0.001 theta + 1.142 omega + -0.016 theta omega + -0.236 omega^2 + -0.005 theta omega^2 + 0.449 omega^3,-0.013 1 + -0.001 theta + 0.298 omega + -0.032 theta omega + -0.611 omega^2 + 0.001 theta^2 omega + -0.005 theta omega^2 + 1.330 omega^3,-1.2652606047e-02,-1.2625136471e-03,2.9784405734e-01,3.4482808280e-04,-3.2271150846e-02,-6.1105749457e-01,-1.0494839954e-05,7.4143874282e-04,-5.1002222384e-03,1.3297342225e+00
6012,2024-09-04 23:55:00,0.060191,3.453790,2.442569,-0.001 1 + 0.997 omega + 0.001 theta^2 + -0.006 theta omega + 0.233 omega^2 + 0.001 theta^2 omega + -0.109 theta omega^2 + 1.044 omega^3,-0.001 1 + -0.001 theta + -0.007 omega + 0.001 theta^2 + -0.013 theta omega + 0.434 omega^2 + 0.002 theta^2 omega + -0.211 theta omega^2 + 2.229 omega^3,-1.3929005276e-03,-9.5799871411e-04,-7.0325400849e-03,1.2247226191e-03,-1.3128890488e-02,4.3395674709e-01,-1.8558629884e-04,2.3298478042e-03,-2.1082757807e-01,2.2291612703e+00
6013,2024-09-05 00:00:00,0.006491,0.072933,0.051775,-0.001 1 + 0.001 theta + 0.969 omega + -0.002 theta omega + 0.329 omega^2 + -0.017 theta omega^2 + -0.643 omega^3,-0.003 1 + 0.001 theta + -0.051 omega + -0.005 theta omega + 0.626 omega^2 + -0.033 theta omega^2 + -1.146 omega^3,-2.6062784649e-03,1.4021450897e-03,-5.0915737664e-02,-2.0378898854e-05,-4.6883071190e-03,6.2580489626e-01,-3.0508469062e-06,3.7994370382e-04,-3.3086960521e-02,-1.1459570399e+00
6014,2024-09-05 00:05:00,0.204279,27.589246,19.509078,-0.001 theta + 1.005 omega + -0.007 theta omega + 0.671 omega^2 + 0.035 theta omega^2 + -2.478 omega^3,0.001 1 + -0.002 theta + 0.012 omega + -0.013 theta omega + 1.326 omega^2 + 0.069 theta omega^2 + -4.921 omega^3,6.6570472277e-04,-2.3698971151e-03,1.2093914514e-02,1.6617444327e-04,-1.3222757839e-02,1.3262891113e+00,-7.9946187511e-07,-4.2244400870e-04,6.9199692688e-02,-4.9213986076e+00
6015,2024-09-05 00:10:00,0.039284,3.972631,2.809212,-0.045 1 + 0.001 theta + 1.253 omega + -0.005 theta omega + 0.034 omega^2 + 0.004 theta omega^2 + -1.044 omega^3,-0.099 1 + 0.002 theta + 0.596 omega + -0.013 theta omega + -0.207 omega^2 + 0.011 theta omega^2 + -1.809 omega^3,-9.9460244995e-02,1.6885948154e-03,5.9636296518e-01,2.7941157312e-05,-1.2813989242e-02,-2.0739840535e-01,-4.2567214210e-07,3.0718577483e-06,1.1318100661e-02,-1.8087503007e+00
6016,2024-09-05 00:15:00,nan,nan,nan,0.001 1 + -0.001 theta + 0.963 omega + 0.029 theta omega + 0.013 omega^2 + 0.001 theta^2 omega + -0.214 theta omega^2 + 3.042 omega^3,0.003 1 + -0.002 theta + -0.070 omega + 0.058 theta omega + 0.009 omega^2 + 0.002 theta^2 omega + -0.427 theta omega^2 + 6.086 omega^3,2.8779827346e-03,-1.9938420684e-03,-6.9780368647e-02,-1.3542093829e-04,5.7643917196e-02,8.7824720134e-03,-2.2462097534e-06,1.9133442630e-03,-4.2717622819e-01,6.0861775252e+00
6017,2024-09-05 00:20:00,0.182658,10.770062,7.616679,-0.025 1 + 0.001 theta + 0.994 omega + 0.001 theta omega + 0.891 omega^2 + -0.050 theta omega^2 + -0.576 omega^3,-0.050 1 + 0.002 theta + -0.015 omega + 0.002 theta omega + 1.802 omega^2 + -0.101 theta omega^2 + -1.132 omega^3,-5.0336437367e-02,2.2533733581e-03,-1.4721821444e-02,1.4443265959e-04,2.2604659248e-03,1.8019583924e+00,-6.6700779258e-06,-3.1056117932e-05,-1.0080715728e-01,-1.1318802170e+00
6018,2024-09-05 00:25:00,nan,nan,nan,0.001 theta + 0.979 omega + -0.010 theta omega + 0.008 omega^2 + -0.001 theta^2 omega + 0.018 theta omega^2 + 1.674 omega^3,0.001 1 + 0.001 theta + -0.043 omega + -0.020 theta omega + -0.003 theta^2 omega + 0.031 theta omega^2 + 3.788 omega^3,1.0201513900e-03,1.3793722970e-03,-4.3400824798e-02,3.6743361889e-04,-1.9755772880e-02,-3.8040593564e-04,4.5937892774e-06,-2.7253133729e-03,3.1107281733e-02,3.7879687090e+00
6019,2024-09-05 00:30:00,nan,nan,nan,0.024 1 + -0.012 theta + 0.857 omega + 0.002 theta^2 + 0.047 theta omega + -0.559 omega^2 + -0.004 theta^2 omega + 0.076 theta omega^2 + 3.235 omega^3,0.049 1 + -0.025 theta + -0.292 omega + 0.004 theta^2 + 0.097 theta omega + -1.158 omega^2 + -0.008 theta^2 omega + 0.158 theta omega^2 + 6.664 omega^3,4.8960071620e-02,-2.5008057113e-02,-2.9151315564e-01,4.2309519776e-03,9.6760778440e-02,-1.1583524744e+00,-2.3868158610e-04,-8.2069129022e-03,1.5761052231e-01,6.6643594351e+00
6020,2024-09-05 00:35:00,0.084228,11.861025,8.387223,-0.001 theta + 1.016 omega + -0.002 theta omega + 0.237 omega^2 + -0.002 theta^2 omega + 0.149 theta omega^2 + -5.434 omega^3,0.001 1 + -0.001 theta + 0.035 omega + -0.005 theta omega + 0.436 omega^2 + -0.003 theta^2 omega + 0.294 theta omega^2 + -10.605 omega^3,5.0717508302e-04,-1.1454771384e-03,3.5234347196e-02,1.9524090237e-04,-4.6487661433e-03,4.3617635450e-01,5.2396275793e-06,-3.3505523443e-03,2.9437785661e-01,-1.0604761792e+01
6021,2024-09-05 00:40:00,0.076034,4.176821,2.953948,-0.002 theta + 1.014 omega + 0.001 theta^2 + 0.005 theta omega + 0.182 omega^2 + -0.002 theta^2 omega + -1.708 omega^3,-0.001 1 + -0.004 theta + 0.029 omega + 0.001 theta^2 + 0.009 theta omega + 0.362 omega^2 + -0.004 theta^2 omega + 0.003 theta omega^2 + -3.381 omega^3,-5.2290631847e-04,-4.0363133449e-03,2.8884109861e-02,1.2786654814e-03,9.3303218329e-03,3.6177781757e-01,-7.4219589997e-05,-3.6214867823e-03,2.7356418351e-03,-3.3807718969e+00
6022,2024-09-05 00:45:00,0.064144,7.998035,5.655647,0.997 omega + -0.011 theta omega + 0.725 omega^2 + 0.067 theta omega^2 + -4.300 omega^3,-0.003 omega + -0.022 theta omega + 1.423 omega^2 + -0.001 theta^2 omega + 0.135 theta omega^2 + -8.545 omega^3,-2.5575966501e-04,-2.7982136940e-04,-2.7019619871e-03,1.1972082192e-04,-2.1852815157e-02,1.4228992632e+00,-9.7828876153e-07,-5.4633768449e-04,1.3483421320e-01,-8.5448383414e+00
6023,2024-09-05 00:50:00,nan,nan,nan,1.057 omega + -0.029 theta omega + -0.523 omega^2 + 0.003 theta^2 omega + 0.084 theta omega^2 + 1.493 omega^3,0.001 1 + 0.114 omega + -0.058 theta omega + -1.049 omega^2 + 0.006 theta^2 omega + 0.165 theta omega^2 + 2.960 omega^3,8.5786018215e-04,3.2665518363e-04,1.1445234580e-01,1.8450252223e-04,-5.7583342432e-02,-1.0494788911e+00,-4.9628421143e-05,6.4413060425e-03,1.6472006067e-01,2.9599389203e+00
6024,2024-09-05 00:55:00,0.063014,4.472254,3.162675,0.001 1 + -0.002 theta + 0.997 omega + 0.001 theta^2 + -0.010 theta omega + 1.291 omega^2 + 0.001 theta^2 omega + -0.049 theta omega^2 + -7.774 omega^3,0.001 1 + -0.005 theta + -0.002 omega + 0.001 theta^2 + -0.020 theta omega + 2.605 omega^2 + 0.001 theta^2 omega + -0.097 theta omega^2 + -15.924 omega^3,1.2045393003e-03,-4.7934258965e-03,-2.3983864659e-03,1.3446998533e-03,-1.9880351295e-02,2.6051364161e+00,-7.9261652865e-05,1.0438104627e-03,-9.6976645385e-02,-1.5923706683e+01
6025,2024-09-05 01:00:00,0.115158,4.421957,3.127856,-0.001 1 + -0.002 theta + 1.010 omega + -0.001 theta^2 + -0.003 theta omega + -0.039 omega^2 + -0.036 theta omega^2 + -0.687 omega^3,-0.003 1 + -0.005 theta + 0.023 omega + -0.001 theta^2 + -0.005 theta omega + -0.080 omega^2 + -0.072 theta omega^2 + -1.272 omega^3,-2.5924415868e-03,-4.7678051634e-03,2.3456065130e-02,-1.3911544713e-03,-4.8252645127e-03,-7.9507515686e-02,-8.3613532975e-05,-4.6255001712e-04,-7.1704901726e-02,-1.2715817147e+00
6026,2024-09-05 01:05:00,nan,nan,nan,-0.001 theta + 0.960 omega + 0.004 theta omega + 0.294 omega^2 + -0.051 theta omega^2 + 1.317 omega^3,-0.001 1 + -0.002 theta + -0.073 omega + 0.001 theta^2 + 0.006 theta omega + 0.558 omega^2 + -0.101 theta omega^2 + 2.852 omega^3,-9.9818439433e-04,-1.9374345621e-03,-7.3442316344e-02,5.0870192674e-04,6.3130201533e-03,5.5846723361e-01,-2.5513223434e-05,-9.8090849031e-05,-1.0140579540e-01,2.8523591152e+00
6027,2024-09-05 01:10:00,0.002548,0.095042,0.067229,0.002 1 + 1.011 omega + 0.001 theta omega + -0.076 omega^2 + 0.009 theta omega^2 + -0.428 omega^3,0.004 1 + 0.023 omega + 0.002 theta omega + -0.159 omega^2 + 0.019 theta omega^2 + -0.886 omega^3,3.6154772323e-03,-2.5969952441e-04,2.3344246077e-02,-6.2789282376e-05,2.0714632832e-03,-1.5884068284e-01,7.7647891490e-07,-3.5583368248e-04,1.8844463185e-02,-8.8621233707e-01
6028,2024-09-05 01:15:00,0.094363,4.824619,3.412173,-0.134 1 + -0.003 theta + -0.188 omega + -0.023 theta omega + -3.218 omega^2 + -0.039 theta omega^2 + -2.417 omega^3,-0.271 1 + -0.007 theta + -2.426 omega + -0.045 theta omega + -6.695 omega^2 + -0.078 theta omega^2 + -5.234 omega^3,-2.7081939818e-01,-6.6177382369e-03,-2.4256078468e+00,-3.5188598017e-05,-4.4858105612e-02,-6.6953834063e+00,-7.0723245094e-08,-1.0557788549e-04,-7.7592903164e-02,-5.2342022097e+00
6029,2024-09-05 01:20:00,0.087772,4.246807,3.003587,0.044 1 + 0.001 theta + 1.166 omega + 0.007 theta omega + -0.360 omega^2 + -0.009 theta omega^2 + -0.912 omega^3,0.091 1 + 0.002 theta + 0.349 omega + 0.015 theta omega + -0.699 omega^2 + -0.019 theta omega^2 + -1.786 omega^3,9.0537971597e-02,2.4796691240e-03,3.4889027673e-01,-1.4220089591e-04,1.4625326402e-02,-6.9876783790e-01,-4.1224481420e-06,1.1674463196e-04,-1.8726456032e-02,-1.7856565083e+00
6030,2024-09-05 01:25:00,0.117058,5.937895,4.199542,0.001 1 + -0.001 theta + 1.006 omega + -0.001 theta omega + -0.241 omega^2 + -0.028 theta omega^2 + -0.210 omega^3,0.002 1 + -0.002 theta + 0.012 omega + -0.001 theta omega + -0.495 omega^2 + -0.056 theta omega^2 + -0.329 omega^3,1.9613837168e-03,-2.1563581280e-03,1.2474874042e-02,-3.9155288811e-04,-5.2287534728e-04,-4.9509964071e-01,-1.6271184327e-05,-1.1128846123e-04,-5.5508971668e-02,-3.2914612322e-01
6031,2024-09-05 01:30:00,0.008264,0.423545,0.299549,-0.002 1 + 0.939 omega + 0.008 theta omega + -0.771 omega^2 + 0.028 theta omega^2 + -2.570 omega^3,-0.004 1 + 0.001 theta + -0.110 omega + 0.015 theta omega + -1.455 omega^2 + 0.055 theta omega^2 + -4.960 omega^3,-3.9242283281e-03,6.3427038678e-04,-1.0950342476e-01,-2.4683118215e-05,1.4803223943e-02,-1.4546778706e+00,-1.3406763969e-07,-8.2265293720e-05,5.4696450749e-02,-4.9600038153e+00
6032,2024-09-05 01:35:00,0.027777,2.766945,1.956624,-0.113 1 + 0.006 theta + -1.406 omega + 0.081 theta omega + -16.792 omega^2 + -0.001 theta^2 omega + 0.278 theta omega^2 + -38.549 omega^3,-0.219 1 + 0.011 theta + -4.688 omega + 0.160 theta omega + -32.904 omega^2 + -0.001 theta^2 omega + 0.551 theta omega^2 + -75.769 omega^3,-2.1898239688e-01,1.1333085933e-02,-4.6880837079e+00,-2.0189936403e-04,1.6006642056e-01,-3.2904082751e+01,9.9131156281e-07,-1.3353566662e-03,5.5076041109e-01,-7.5769085413e+01
6033,2024-09-05 01:40:00,0.153901,8.373872,5.922222,0.060 1 + 0.002 theta + 1.322 omega + 0.014 theta omega + -0.391 omega^2 + 0.027 theta omega^2 + -2.774 omega^3,0.133 1 + 0.004 theta + 0.795 omega + 0.031 theta omega + -0.228 omega^2 + 0.058 theta omega^2 + -4.857 omega^3,1.3319690529e-01,3.6460194457e-03,7.9485410020e-01,-2.4074814737e-06,3.0684278814e-02,-2.2803698631e-01,-1.0658990733e-07,4.2424588085e-05,5.7520229114e-02,-4.8569980358e+00
6034,2024-09-05 01:45:00,0.093623,10.982705,7.766227,-0.008 1 + 0.613 omega + 0.001 theta omega + -2.872 omega^2 + 0.001 theta omega^2 + -5.795 omega^3,-0.035 1 + -0.975 omega + -0.002 theta omega + -6.421 omega^2 + -0.004 theta omega^2 + -12.324 omega^3,-3.4801688952e-02,-4.5945561097e-04,-9.7488865188e-01,-3.0211179240e-05,-2.1506914630e-03,-6.4208632036e+00,-2.5956479602e-07,-6.4662291919e-05,-4.4042003320e-03,-1.2323847250e+01
6035,2024-09-05 01:50:00,nan,nan,nan,0.013 1 + -0.001 theta + 1.276 omega + -0.007 theta omega + 1.597 omega^2 + -0.010 theta omega^2 + 2.739 omega^3,0.029 1 + -0.002 theta + 0.586 omega + -0.014 theta omega + 3.388 omega^2 + -0.021 theta omega^2 + 5.846 omega^3,2.9173887939e-02,-1.7252708322e-03,5.8634246254e-01,-2.5182312031e-06,-1.4200041981e-02,3.3876793321e+00,1.7616688139e-07,-8.3212246982e-05,-2.1065889047e-02,5.8457376761e+00
6036,2024-09-05 01:55:00,0.077663,3.024217,2.139149,0.004 1 + 0.001 theta + 1.060 omega + -0.004 theta omega + -0.344 omega^2 + -0.002 theta^2 omega + -0.052 theta omega^2 + -2.579 omega^3,0.009 1 + 0.002 theta + 0.119 omega + -0.008 theta omega + -0.682 omega^2 + -0.004 theta^2 omega + -0.103 theta omega^2 + -5.132 omega^3,8.7943459150e-03,1.7711766436e-03,1.1911142125e-01,-4.6093219248e-04,-7.5901377467e-03,-6.8174048191e-01,-8.9301887726e-05,-4.2647832708e-03,-1.0338733459e-01,-5.1321001265e+00
6037,2024-09-05 02:00:00,0.026206,1.458695,1.031619,-0.006 1 + 1.117 omega + -0.016 theta omega + -0.206 omega^2 + 0.047 theta omega^2 + -1.487 omega^3,-0.013 1 + 0.001 theta + 0.240 omega + -0.033 theta omega + -0.479 omega^2 + 0.093 theta omega^2 + -2.709 omega^3,-1.2575621874e-02,8.9770825175e-04,2.4038747722e-01,1.0218755225e-04,-3.2746606626e-02,-4.7925495037e-01,-4.3254040681e-06,4.4252041862e-04,9.3084456731e-02,-2.7093623750e+00
6038,2024-09-05 02:05:00,nan,nan,nan,-0.044 1 + 0.008 theta + 1.388 omega + -0.058 theta omega + -0.707 omega^2 + 0.002 theta^2 omega + 0.059 theta omega^2 + 0.458 omega^3,-0.090 1 + 0.016 theta + 0.819 omega + -0.001 theta^2 + -0.121 theta omega + -1.640 omega^2 + 0.004 theta^2 omega + 0.137 theta omega^2 + 1.232 omega^3,-8.9507301832e-02,1.5890361873e-02,8.1904068787e-01,-8.0058410587e-04,-1.2145230053e-01,-1.6397601852e+00,1.0989578858e-05,3.9586720758e-03,1.3684846769e-01,1.2324725216e+00
6039,2024-09-05 02:10:00,0.041846,2.515489,1.778965,-0.009 1 + 0.001 theta + 1.089 omega + -0.009 theta omega + 0.041 omega^2 + 0.004 theta omega^2 + -0.997 omega^3,-0.017 1 + 0.002 theta + 0.150 omega + -0.016 theta omega + 0.242 omega^2 + 0.002 theta omega^2 + -2.238 omega^3,-1.7287464014e-02,1.7092630825e-03,1.5003547147e-01,-3.6565995610e-05,-1.6221044505e-02,2.4238951333e-01,-1.4778937176e-07,3.9769412196e-04,2.0426943634e-03,-2.2381905857e+00
6040,2024-09-05 02:15:00,0.035542,0.713679,0.505273,-0.001 1 + 1.005 omega + 0.007 theta omega + 0.194 omega^2 + 0.001 theta^2 omega + -0.023 theta omega^2 + 1.748 omega^3,-0.002 1 + -0.001 theta + 0.009 omega + -0.001 theta^2 + 0.015 theta omega + 0.397 omega^2 + 0.002 theta^2 omega + -0.047 theta omega^2 + 3.732 omega^3,-1.6079345803e-03,-5.2541325191e-04,8.5372887840e-03,-6.9997510629e-04,1.4620169513e-02,3.9690560022e-01,-8.9076288687e-05,1.5202050080e-03,-4.6837248961e-02,3.7316674938e+00
6041,2024-09-05 02:20:00,0.194742,10.975188,7.761851,-0.027 1 + 0.001 theta + 1.180 omega + -0.026 theta omega + 1.319 omega^2 + 0.112 theta omega^2 + -8.729 omega^3,-0.060 1 + 0.003 theta + 0.453 omega + -0.053 theta omega + 2.201 omega^2 + 0.227 theta omega^2 + -16.793 omega^3,-5.9901864490e-02,2.6725068253e-03,4.5277256114e-01,7.3608135210e-05,-5.3212725588e-02,2.2008287669e+00,9.0583248491e-09,-4.5591934899e-04,2.2743453560e-01,-1.6792554947e+01
6042,2024-09-05 02:25:00,0.100418,6.178185,4.369214,-0.024 1 + 1.015 omega + 0.004 theta omega + 0.918 omega^2 + -0.040 theta omega^2 + -1.518 omega^3,-0.045 1 + 0.008 omega + 0.009 theta omega + 1.900 omega^2 + -0.083 theta omega^2 + -3.125 omega^3,-4.4830042187e-02,-1.9103742831e-04,7.5471037150e-03,2.3019961212e-04,9.1967986939e-03,1.9003434922e+00,-6.0789965765e-06,-3.2162544282e-04,-8.2856677195e-02,-3.1253804902e+00
6043,2024-09-05 02:30:00,0.126175,7.130942,5.043126,0.015 1 + -0.001 theta + 0.911 omega + -0.018 theta omega + -1.148 omega^2 + -0.001 theta^2 omega + -0.075 theta omega^2 + -1.020 omega^3,0.031 1 + -0.003 theta + -0.182 omega + -0.001 theta^2 + -0.036 theta omega + -2.308 omega^2 + -0.001 theta^2 omega + -0.149 theta omega^2 + -1.934 omega^3,3.0940189244e-02,-2.6826939924e-03,-1.8193714201e-01,-5.8972935633e-04,-3.6268913136e-02,-2.3078508531e+00,-1.9343374858e-05,-1.4529851697e-03,-1.4936370882e-01,-1.9343170142e+00
6044,2024-09-05 02:35:00,0.039822,1.047480,0.741215,0.010 1 + 0.875 omega + 0.005 theta omega + 0.408 omega^2 + -0.015 theta omega^2 + 0.001 omega^3,0.019 1 + -0.001 theta + -0.253 omega + 0.010 theta omega + 0.861 omega^2 + -0.032 theta omega^2 + -0.083 omega^3,1.9499210303e-02,-8.8189930178e-04,-2.5340975817e-01,9.0570600034e-06,9.6718678349e-03,8.6101304251e-01,-1.8359050186e-07,-4.8642134054e-06,-3.2152145971e-02,-8.3140167108e-02
6045,2024-09-05 02:40:00,nan,nan,nan,0.007 1 + -0.001 theta + 0.920 omega + -0.009 theta omega + -0.381 omega^2 + -0.042 theta omega^2 + 2.536 omega^3,0.014 1 + -0.002 theta + -0.160 omega + -0.001 theta^2 + -0.018 theta omega + -0.739 omega^2 + -0.001 theta^2 omega + -0.081 theta omega^2 + 5.127 omega^3,1.4211325093e-02,-2.1355106826e-03,-1.6030533225e-01,-9.1788775305e-04,-1.7985140651e-02,-7.3917953476e-01,-5.4774097912e-05,-5.0278099643e-04,-8.1251520577e-02,5.1269180176e+00
6046,2024-09-05 02:45:00,0.050614,8.646031,6.113772,-0.003 1 + 0.001 theta + 1.010 omega + 0.002 theta omega + -0.493 omega^2 + -0.015 theta omega^2 + 2.239 omega^3,-0.005 1 + 0.001 theta + 0.014 omega + 0.003 theta omega + -0.919 omega^2 + -0.029 theta omega^2 + 4.312 omega^3,-5.0787709180e-03,1.1855288256e-03,1.3798291747e-02,-3.9417609465e-05,3.1077474350e-03,-9.1922935274e-01,2.2718939774e-07,8.0631297813e-05,-2.8611698312e-02,4.3121579323e+00
6047,2024-09-05 02:50:00,nan,nan,nan,-0.006 1 + 1.076 omega + 0.003 theta omega + -0.775 omega^2 + -0.021 theta omega^2 + 2.642 omega^3,-0.012 1 + 0.154 omega + 0.006 theta omega + -1.567 omega^2 + -0.043 theta omega^2 + 5.376 omega^3,-1.2086788456e-02,3.9092740056e-04,1.5357384915e-01,-1.3712632219e-05,6.2515669675e-03,-1.5670986513e+00,-1.3829150760e-07,1.2457244630e-04,-4.3335892913e-02,5.3756210476e+00
6048,2024-09-05 02:55:00,0.010769,0.838348,0.592851,0.006 1 + 0.977 omega + -0.449 omega^2 + -0.001 theta omega^2 + 1.723 omega^3,0.010 1 + -0.003 omega + -1.138 omega^2 + -0.004 theta omega^2 + 3.905 omega^3,9.7428322790e-03,4.7968786825e-04,-2.9017667829e-03,-7.6410991434e-06,3.8381241910e-04,-1.1383491672e+00,8.1389593336e-09,1.7936713810e-06,-3.8428128227e-03,3.9052487050e+00
6049,2024-09-05 03:00:00,0.025729,1.969235,1.392578,-0.002 1 + -0.001 theta + 1.023 omega + 0.005 theta omega + 0.081 omega^2 + 0.014 theta omega^2 + -0.825 omega^3,-0.003 1 + -0.003 theta + 0.048 omega + 0.009 theta omega + 0.150 omega^2 + -0.001 theta^2 omega + 0.027 theta omega^2 + -1.622 omega^3,-2.9406363249e-03,-2.6882652323e-03,4.7809514142e-02,1.5410897054e-04,9.2197485063e-03,1.4982043046e-01,-3.1030146955e-07,-8.1223587159e-04,2.6876590570e-02,-1.6220733207e+00
6050,2024-09-05 03:05:00,nan,nan,nan,-0.147 1 + 0.003 theta + 3.262 omega + -0.039 theta omega + -10.943 omega^2 + 0.133 theta omega^2 + 15.997 omega^3,-0.302 1 + 0.006 theta + 4.647 omega + -0.082 theta omega + -22.462 omega^2 + 0.274 theta omega^2 + 32.889 omega^3,-3.0176155529e-01,5.8913786529e-03,4.6465605845e+00,3.2379389538e-05,-8.1791475519e-02,-2.2461561553e+01,-3.7363385132e-08,-1.7059205758e-04,2.7437600951e-01,3.2888707490e+01
6051,2024-09-05 03:10:00,0.018041,2.104599,1.488231,-0.125 1 + 0.001 theta + 2.831 omega + -0.010 theta omega + -8.863 omega^2 + 0.028 theta omega^2 + 14.097 omega^3,-0.245 1 + 0.002 theta + 3.590 omega + -0.019 theta omega + -17.355 omega^2 + 0.057 theta omega^2 + 27.600 omega^3,-2.4476637687e-01,1.6319678959e-03,3.5896273473e+00,1.4851808119e-05,-1.9426471875e-02,-1.7354620789e+01,8.0955014144e-09,-8.1230460641e-05,5.7456235208e-02,2.7600425962e+01
6052,2024-09-05 03:15:00,0.061242,5.775789,4.084329,0.010 1 + -0.001 theta + 0.739 omega + 0.024 theta omega + 1.119 omega^2 + -0.069 theta omega^2 + -0.397 omega^3,0.019 1 + -0.002 theta + -0.508 omega + 0.046 theta omega + 2.179 omega^2 + -0.001 theta^2 omega + -0.136 theta omega^2 + -0.640 omega^3,1.8767841350e-02,-1.9601997767e-03,-5.0773088419e-01,3.9225922660e-05,4.6209692288e-02,2.1793381392e+00,4.9021630041e-07,-7.6320974490e-04,-1.3600860740e-01,-6.3961473905e-01
6053,2024-09-05 03:20:00,0.090021,6.007584,4.248480,-0.038 1 + 0.003 theta + 1.311 omega + -0.028 theta omega + 0.156 omega^2 + 0.001 theta^2 omega + 0.010 theta omega^2 + -1.580 omega^3,-0.076 1 + 0.006 theta + 0.616 omega + -0.057 theta omega + 0.455 omega^2 + 0.001 theta^2 omega + 0.015 theta omega^2 + -3.550 omega^3,-7.6466163277e-02,5.6791528688e-03,6.1648534728e-01,-7.0590451782e-06,-5.6669690020e-02,4.5518025510e-01,-4.2363438782e-06,1.2057968408e-03,1.4922392325e-02,-3.5501296817e+00
6054,2024-09-05 03:25:00,0.009477,1.040969,0.736106,0.002 theta + 0.874 omega + -0.034 theta omega + 1.776 omega^2 + 0.121 theta omega^2 + -5.929 omega^3,-0.002 1 + 0.004 theta + -0.199 omega + -0.066 theta omega + 3.090 omega^2 + -0.001 theta^2 omega + 0.233 theta omega^2 + -10.523 omega^3,-1.7240690624e-03,4.4507575290e-03,-1.9923888591e-01,1.1594251877e-04,-6.5771806328e-02,3.0895120107e+00,7.0342752709e-07,-7.7470292271e-04,2.3336348405e-01,-1.0522616017e+01
6055,2024-09-05 03:30:00,nan,nan,nan,-0.334 1 + 0.008 theta + 4.498 omega + -0.057 theta omega + -12.278 omega^2 + 0.095 theta omega^2 + 14.558 omega^3,-0.684 1 + 0.017 theta + 7.184 omega + -0.117 theta omega + -25.309 omega^2 + 0.196 theta omega^2 + 30.145 omega^3,-6.8429197005e-01,1.7127045085e-02,7.1843613129e+00,-1.4297174870e-04,-1.1672559343e-01,-2.5308649978e+01,4.1474762595e-07,4.8335997981e-04,1.9573390615e-01,3.0145338639e+01
6056,2024-09-05 03:35:00,0.041473,6.059146,4.284564,0.058 1 + 0.001 theta + -0.110 omega + 0.002 theta omega + 5.913 omega^2 + -0.030 theta omega^2 + -8.991 omega^3,0.114 1 + 0.002 theta + -2.209 omega + 0.004 theta omega + 11.814 omega^2 + -0.058 theta omega^2 + -18.074 omega^3,1.1422274578e-01,2.1231117252e-03,-2.2086320813e+00,-8.2073207421e-05,3.8579185775e-03,1.1813657569e+01,4.7091607860e-07,2.4037523046e-04,-5.7986361705e-02,-1.8073944073e+01
6057,2024-09-05 03:40:00,0.025455,1.222785,0.864827,-0.015 1 + 0.002 theta + 1.145 omega + -0.013 theta omega + -0.695 omega^2 + 0.013 theta omega^2 + 1.526 omega^3,-0.030 1 + 0.005 theta + 0.292 omega + -0.025 theta omega + -1.373 omega^2 + 0.026 theta omega^2 + 3.019 omega^3,-3.0012236972e-02,4.6015837388e-03,2.9186281843e-01,-1.1263239289e-04,-2.5178965506e-02,-1.3725173567e+00,5.9007989598e-07,3.8413722203e-04,2.5782779606e-02,3.0186226067e+00
6058,2024-09-05 03:45:00,nan,nan,nan,0.001 1 + -0.001 theta + 1.057 omega + 0.023 theta omega + -1.388 omega^2 + 0.001 theta^2 omega + -0.156 theta omega^2 + 8.103 omega^3,0.002 1 + -0.002 theta + 0.115 omega + 0.047 theta omega + -2.758 omega^2 + 0.001 theta^2 omega + -0.311 theta omega^2 + 16.121 omega^3,2.2529763675e-03,-2.1269761433e-03,1.1540271444e-01,-7.8085343087e-05,4.6816632607e-02,-2.7578248583e+00,-1.9541152094e-06,1.2938635367e-03,-3.1112994469e-01,1.6120663777e+01
6059,2024-09-05 03:50:00,nan,nan,nan,-0.709 1 + 0.013 theta + 10.399 omega + -0.123 theta omega + -40.818 omega^2 + 0.290 theta omega^2 + 57.756 omega^3,-1.464 1 + 0.027 theta + 19.447 omega + -0.253 theta omega + -84.640 omega^2 + 0.001 theta^2 omega + 0.598 theta omega^2 + 120.140 omega^3,-1.4641724107e+00,2.6647790598e-02,1.9447057496e+01,-1.1411355880e-04,-2.5324729413e-01,-8.4640241067e+01,1.0663244701e-07,5.6641682635e-04,5.9816917772e-01,1.2013977643e+02
6060,2024-09-05 03:55:00,0.072843,2.516200,1.779967,0.004 1 + 0.001 theta + 1.035 omega + -0.009 theta omega + -0.334 omega^2 + 0.001 theta^2 omega + 0.021 theta omega^2 + -0.712 omega^3,0.009 1 + 0.002 theta + 0.069 omega + -0.018 theta omega + -0.658 omega^2 + 0.001 theta^2 omega + 0.042 theta omega^2 + -1.454 omega^3,8.5628573813e-03,1.6803153856e-03,6.9484885853e-02,-4.2328786630e-04,-1.8014811908e-02,-6.5830039760e-01,1.3532703433e-05,1.3545877743e-03,4.1581035807e-02,-1.4541564950e+00
6061,2024-09-05 04:00:00,0.096395,6.870113,4.858382,0.003 1 + 0.001 theta + 1.018 omega + 0.002 theta omega + -0.024 omega^2 + -0.013 theta omega^2 + -0.620 omega^3,0.006 1 + 0.002 theta + 0.038 omega + 0.002 theta omega + -0.072 omega^2 + -0.025 theta omega^2 + -1.131 omega^3,5.7493709017e-03,1.6546260389e-03,3.8030217540e-02,-1.6527088198e-04,2.4960671460e-03,-7.1969752568e-02,2.1564201173e-06,-2.7071696756e-04,-2.5225733533e-02,-1.1310926424e+00
6062,2024-09-05 04:05:00,0.120637,15.304913,10.822544,-0.039 1 + -0.004 theta + 0.727 omega + -0.026 theta omega + -0.454 omega^2 + -0.001 theta^2 omega + -0.029 theta omega^2 + -0.267 omega^3,-0.076 1 + -0.008 theta + -0.534 omega + -0.051 theta omega + -0.888 omega^2 + -0.001 theta^2 omega + -0.058 theta omega^2 + -0.512 omega^3,-7.5910460326e-02,-7.7809113353e-03,-5.3425532809e-01,-1.6925117817e-04,-5.1380656811e-02,-8.8823378425e-01,1.0167772240e-06,-1.0587307283e-03,-5.7695850139e-02,-5.1192021999e-01
6063,2024-09-05 04:10:00,0.068194,9.815144,6.940522,-0.014 1 + 0.780 omega + -0.006 theta omega + -0.855 omega^2 + -0.015 theta omega^2 + -0.729 omega^3,-0.028 1 + -0.441 omega + -0.011 theta omega + -1.734 omega^2 + -0.030 theta omega^2 + -1.453 omega^3,-2.7735566067e-02,-2.3927274531e-04,-4.4129174640e-01,3.2380620172e-05,-1.1089506859e-02,-1.7338738232e+00,5.3294746952e-07,-4.2505707588e-05,-2.9952751294e-02,-1.4534221720e+00
6064,2024-09-05 04:15:00,nan,nan,nan,0.001 1 + -0.002 theta + 1.082 omega + -0.012 theta omega + 0.567 omega^2 + -0.043 theta omega^2 + 1.827 omega^3,0.003 1 + -0.003 theta + 0.174 omega + -0.025 theta omega + 1.214 omega^2 + -0.091 theta omega^2 + 3.856 omega^3,2.6301083061e-03,-3.3711634305e-03,1.7389300912e-01,-1.1770055493e-05,-2.5487711285e-02,1.2143381039e+00,-7.3025203591e-07,2.8131810089e-04,-9.0543287221e-02,3.8564323513e+00
6065,2024-09-05 04:20:00,nan,nan,nan,0.140 1 + 0.006 theta + 2.032 omega + 0.026 theta omega + 2.626 omega^2 + 0.029 theta omega^2 + 2.372 omega^3,0.283 1 + 0.011 theta + 2.071 omega + 0.053 theta omega + 5.252 omega^2 + 0.059 theta omega^2 + 4.733 omega^3,2.8296721930e-01,1.1224335561e-02,2.0706361702e+00,1.4941900118e-04,5.3004551433e-02,5.2520225904e+00,6.3667912375e-07,3.7052207292e-04,5.8675192584e-02,4.7334766897e+00
6066,2024-09-05 04:25:00,0.076544,3.408010,2.410434,0.006 1 + 0.003 theta + 0.994 omega + 0.001 theta omega + -0.277 omega^2 + -0.101 theta omega^2 + 0.608 omega^3,0.011 1 + 0.005 theta + -0.012 omega + 0.002 theta omega + -0.540 omega^2 + -0.201 theta omega^2 + 1.257 omega^3,1.1385905440e-02,5.1314174280e-03,-1.1864454001e-02,1.9989680138e-04,2.0402520730e-03,-5.3964171088e-01,-9.9473144558e-05,-1.1664708805e-04,-2.0136798343e-01,1.2567446226e+00
6067,2024-09-05 04:30:00,0.039374,3.113905,2.202039,-0.001 theta + 1.013 omega + 0.012 theta omega + 0.072 omega^2 + -0.001 theta^2 omega + -0.010 theta omega^2 + -1.182 omega^3,-0.001 1 + -0.002 theta + 0.027 omega + 0.023 theta omega + 0.153 omega^2 + -0.002 theta^2 omega + -0.024 theta omega^2 + -2.223 omega^3,-8.7146638690e-04,-2.4530200278e-03,2.7017986044e-02,2.4553059594e-04,2.3358485404e-02,1.5323850867e-01,-9.7768685140e-07,-2.1634535756e-03,-2.3830808135e-02,-2.2227087060e+00
6068,2024-09-05 04:35:00,0.040461,1.503062,1.063210,0.014 1 + -0.004 theta + 0.908 omega + 0.015 theta omega + -0.361 omega^2 + -0.001 theta^2 omega + 0.032 theta omega^2 + 2.323 omega^3,0.022 1 + -0.006 theta + -0.116 omega + 0.001 theta^2 + 0.020 theta omega + -0.905 omega^2 + -0.001 theta^2 omega + 0.077 theta omega^2 + 4.606 omega^3,2.2377667683e-02,-6.1561764976e-03,-1.1580525138e-01,5.6991510427e-04,1.9932394848e-02,-9.0492581565e-01,-1.7689137848e-05,-1.0016530695e-03,7.6594832586e-02,4.6063654989e+00
6069,2024-09-05 04:40:00,nan,nan,nan,-0.002 1 + 0.001 theta + 1.043 omega + -1.240 omega^2 + -0.016 theta omega^2 + 8.458 omega^3,-0.004 1 + 0.001 theta + 0.093 omega + 0.001 theta omega + -2.546 omega^2 + -0.033 theta omega^2 + 17.134 omega^3,-3.6535605136e-03,1.0815618479e-03,9.2695252536e-02,-7.2900927818e-05,9.4120504893e-04,-2.5461532880e+00,1.1155500505e-06,1.2194322008e-04,-3.2799518528e-02,1.7133548931e+01
6070,2024-09-05 04:45:00,0.072377,5.938154,4.199221,0.001 1 + 0.978 omega + 0.001 theta omega + -0.068 omega^2 + 0.001 theta^2 omega + -0.083 theta omega^2 + 3.191 omega^3,0.001 1 + -0.047 omega + 0.003 theta omega + -0.103 omega^2 + 0.002 theta^2 omega + -0.168 theta omega^2 + 6.819 omega^3,1.0550570704e-03,2.6694298418e-04,-4.7061925344e-02,-1.5056055874e-04,2.9481353141e-03,-1.0301878285e-01,-1.6613274874e-05,1.7561873406e-03,-1.6818504171e-01,6.8192777111e+00
6071,2024-09-05 04:50:00,0.080172,3.201149,2.264264,-0.001 theta + 1.003 omega + 0.001 theta^2 + 0.005 theta omega + 0.321 omega^2 + -0.001 theta^2 omega + -0.175 theta omega^2 + -0.540 omega^3,-0.001 theta + 0.008 omega + 0.001 theta^2 + 0.007 theta omega + 0.704 omega^2 + -0.001 theta^2 omega + -0.364 theta omega^2 + -0.877 omega^3,3.7802528625e-05,-1.3013604078e-03,7.9742866943e-03,1.2164024876e-03,7.4795620788e-03,7.0361918802e-01,-1.7306692686e-04,-1.4493403797e-03,-3.6379799333e-01,-8.7707615364e-01
6072,2024-09-05 04:55:00,0.009082,0.345917,0.244685,-0.001 1 + 1.005 omega + 0.038 omega^2 + 0.001 theta omega^2 + -0.213 omega^3,-0.001 1 + 0.006 omega + 0.001 theta omega + 0.066 omega^2 + -0.001 theta omega^2 + -0.212 omega^3,-8.3704059033e-04,-1.3338524481e-04,6.2336854071e-03,2.1892243994e-05,5.9124426870e-04,6.6047244935e-02,-3.8278841770e-07,-8.4351940621e-05,-1.2344376802e-03,-2.1244455635e-01
6073,2024-09-05 05:00:00,nan,nan,nan,-0.074 1 + 0.002 theta + 1.649 omega + -0.012 theta omega + -1.737 omega^2 + 0.019 theta omega^2 + 1.320 omega^3,-0.153 1 + 0.003 theta + 1.397 omega + -0.022 theta omega + -4.006 omega^2 + 0.037 theta omega^2 + 3.541 omega^3,-1.5325547172e-01,3.0725765789e-03,1.3971370832e+00,9.1954940183e-06,-2.2477117217e-02,-4.0059033950e+00,-2.1043754879e-07,1.6303774837e-05,3.6764350533e-02,3.5411037979e+00
6074,2024-09-05 05:05:00,nan,nan,nan,0.009 1 + 0.001 theta + 0.938 omega + 0.015 theta omega + -1.066 omega^2 + -0.001 theta^2 omega + 0.108 theta omega^2 + 1.206 omega^3,0.017 1 + 0.001 theta + -0.124 omega + -0.001 theta^2 + 0.030 theta omega + -2.120 omega^2 + -0.002 theta^2 omega + 0.214 theta omega^2 + 2.545 omega^3,1.7364983951e-02,1.2505506801e-03,-1.2398512785e-01,-6.9587034539e-04,3.0450074622e-02,-2.1201459274e+00,3.8287841836e-05,-2.0015801332e-03,2.1398800840e-01,2.5446125638e+00
6075,2024-09-05 05:10:00,0.020749,1.559781,1.103029,-0.001 1 + -0.001 theta + 1.113 omega + 0.013 theta omega + -1.299 omega^2 + -0.021 theta omega^2 + 3.546 omega^3,-0.001 1 + -0.003 theta + 0.230 omega + 0.026 theta omega + -2.611 omega^2 + -0.001 theta^2 omega + -0.041 theta omega^2 + 7.020 omega^3,-1.3791314071e-03,-2.7070056108e-03,2.2964750429e-01,9.2519753510e-05,2.5968792465e-02,-2.6114890869e+00,-7.2445697446e-07,-5.7265083397e-04,-4.0972426611e-02,7.0197832814e+00
6076,2024-09-05 05:15:00,0.005010,0.350174,0.247636,0.004 1 + 0.001 theta + 0.823 omega + -0.031 theta omega + 2.926 omega^2 + -0.001 theta^2 omega + 0.175 theta omega^2 + -13.192 omega^3,0.007 1 + 0.001 theta + -0.318 omega + -0.057 theta omega + 5.382 omega^2 + -0.001 theta^2 omega + 0.327 theta omega^2 + -24.414 omega^3,6.5276564481e-03,1.4357606627e-03,-3.1786168750e-01,1.9462628389e-04,-5.6909199420e-02,5.3815893460e+00,3.0328481904e-07,-1.3371031677e-03,3.2722641249e-01,-2.4414065843e+01
6077,2024-09-05 05:20:00,nan,nan,nan,-0.174 1 + 0.006 theta + 3.367 omega + -0.067 theta omega + -10.157 omega^2 + 0.145 theta omega^2 + 14.478 omega^3,-0.354 1 + 0.013 theta + 4.816 omega + -0.134 theta omega + -20.786 omega^2 + 0.001 theta^2 omega + 0.293 theta omega^2 + 29.857 omega^3,-3.5358782408e-01,1.2676316028e-02,4.8162634065e+00,-6.7483932281e-05,-1.3400135134e-01,-2.0785652041e+01,-8.7584330230e-07,7.9988911485e-04,2.9293571381e-01,2.9857070929e+01
6078,2024-09-05 05:25:00,0.066172,5.865625,4.147887,0.003 1 + -0.001 theta + 0.976 omega + 0.013 theta omega + 0.148 omega^2 + -0.001 theta^2 omega + 0.050 theta omega^2 + -4.470 omega^3,0.005 1 + -0.002 theta + -0.050 omega + 0.028 theta omega + 0.278 omega^2 + -0.002 theta^2 omega + 0.103 theta omega^2 + -9.189 omega^3,5.4904607145e-03,-2.3835244778e-03,-5.0442138868e-02,1.2413256411e-04,2.8203670382e-02,2.7842014330e-01,-1.0629952407e-08,-2.0104688698e-03,1.0269429632e-01,-9.1890792923e+00
6079,2024-09-05 05:30:00,0.076276,8.168787,5.776457,0.002 1 + -0.001 theta + 0.995 omega + 0.004 theta omega + 0.022 omega^2 + 0.004 theta omega^2 + -0.696 omega^3,0.003 1 + -0.001 theta + -0.007 omega + 0.008 theta omega + 0.056 omega^2 + -0.001 theta^2 omega + 0.009 theta omega^2 + -1.517 omega^3,3.1369681382e-03,-1.0278066486e-03,-7.3076249637e-03,3.5145435711e-05,8.0457447327e-03,5.5972409523e-02,1.3159525397e-06,-5.0028466866e-04,8.9872629639e-03,-1.5165351742e+00
6080,2024-09-05 05:35:00,0.048054,3.923284,2.774389,0.010 1 + 0.001 theta + 0.575 omega + -0.013 theta omega + 4.322 omega^2 + 0.029 theta omega^2 + -12.708 omega^3,0.020 1 + 0.002 theta + -0.856 omega + -0.026 theta omega + 8.702 omega^2 + 0.059 theta omega^2 + -25.530 omega^3,2.0165115186e-02,2.3826937920e-03,-8.5647559242e-01,-2.8786776142e-05,-2.6176037065e-02,8.7018757278e+00,-1.2026390919e-07,2.5670216218e-04,5.8751180937e-02,-2.5529984869e+01
6081,2024-09-05 05:40:00,0.008562,0.390974,0.276527,0.008 1 + -0.001 theta + 0.834 omega + 0.010 theta omega + 1.278 omega^2 + -0.025 theta omega^2 + -3.245 omega^3,0.014 1 + -0.002 theta + -0.316 omega + 0.020 theta omega + 2.507 omega^2 + -0.049 theta omega^2 + -6.457 omega^3,1.3878534399e-02,-1.9106812347e-03,-3.1600969940e-01,5.1960027287e-05,2.0215834519e-02,2.5074416658e+00,-3.4181095020e-07,-3.1094778156e-04,-4.9039889268e-02,-6.4571878790e+00
6082,2024-09-05 05:45:00,0.051963,2.633422,1.862473,0.001 1 + -0.001 theta + 1.000 omega + 0.014 theta omega + -0.232 omega^2 + -0.001 theta^2 omega + -0.031 theta omega^2 + 1.233 omega^3,0.002 1 + -0.002 theta + 0.004 omega + 0.028 theta omega + -0.469 omega^2 + -0.002 theta^2 omega + -0.064 theta omega^2 + 2.544 omega^3,2.0613696396e-03,-1.5449597522e-03,3.6576317604e-03,1.5714391818e-04,2.8124141800e-02,-4.6879349583e-01,-3.8335048930e-06,-2.1043966351e-03,-6.3886390538e-02,2.5440830974e+00
6083,2024-09-05 05:50:00,0.045000,1.226488,0.867841,-0.003 1 + 0.003 theta + 1.094 omega + -0.039 theta omega + -0.480 omega^2 + 0.003 theta^2 omega + 0.092 theta omega^2 + -0.066 omega^3,-0.007 1 + 0.005 theta + 0.191 omega + -0.001 theta^2 + -0.080 theta omega + -0.951 omega^2 + 0.007 theta^2 omega + 0.182 theta omega^2 + 0.010 omega^3,-6.7780946186e-03,5.4184279064e-03,1.9127752133e-01,-8.9870912267e-04,-7.9812053231e-02,-9.5095331808e-01,3.8090467039e-05,6.8272131812e-03,1.8210347847e-01,1.0274800752e-02
6084,2024-09-05 05:55:00,0.014734,1.613619,1.141048,0.017 1 + 0.002 theta + 0.308 omega + -0.042 theta omega + 8.878 omega^2 + 0.232 theta omega^2 + -35.260 omega^3,0.033 1 + 0.003 theta + -1.344 omega + -0.083 theta omega + 17.302 omega^2 + -0.001 theta^2 omega + 0.454 theta omega^2 + -68.763 omega^3,3.2785112072e-02,3.3876478500e-03,-1.3438201301e+00,9.9132109873e-05,-8.2568667124e-02,1.7302333542e+01,1.7894353335e-07,-8.8634285931e-04,4.5358377459e-01,-6.8763473411e+01
6085,2024-09-05 06:00:00,0.028555,1.050054,0.742775,0.002 1 + -0.001 theta + 0.906 omega + 0.006 theta omega + 0.972 omega^2 + -0.017 theta omega^2 + -2.606 omega^3,0.002 1 + -0.001 theta + -0.137 omega + 0.011 theta omega + 1.681 omega^2 + -0.032 theta omega^2 + -4.754 omega^3,1.6320819072e-03,-1.2983699626e-03,-1.3700743623e-01,4.9075499243e-05,1.0829604931e-02,1.6810279403e+00,-2.8659116432e-07,-2.2452003559e-04,-3.1858227891e-02,-4.7540100933e+00
6086,2024-09-05 06:05:00,2.481959,55.162988,39.045585,-0.006 1 + 0.003 theta + 1.078 omega + -0.057 theta omega + 0.404 omega^2 + -0.001 theta^2 omega + 0.218 theta omega^2 + -3.342 omega^3,-0.013 1 + 0.006 theta + 0.162 omega + -0.114 theta omega + 0.740 omega^2 + -0.001 theta^2 omega + 0.431 theta omega^2 + -6.401 omega^3,-1.2956411907e-02,6.3939417949e-03,1.6213419850e-01,2.4044405686e-04,-1.1376959401e-01,7.3967963774e-01,4.7660708907e-07,-1.4015402989e-03,4.3109480869e-01,-6.4011767910e+00
6087,2024-09-05 06:10:00,0.003553,0.296041,0.209348,-0.019 1 + -0.001 theta + 1.171 omega + 0.005 theta omega + -0.356 omega^2 + -0.006 theta omega^2 + -0.145 omega^3,-0.022 1 + -0.002 theta + 0.137 omega + 0.011 theta omega + 0.146 omega^2 + -0.014 theta omega^2 + -1.411 omega^3,-2.1694756083e-02,-1.7344257126e-03,1.3691791230e-01,3.4459933912e-05,1.0763050608e-02,1.4632958485e-01,-9.7370291618e-08,-1.3692277859e-04,-1.3995722506e-02,-1.4112506900e+00
6088,2024-09-05 06:15:00,0.005574,0.430856,0.304687,0.014 1 + 0.656 omega + -0.005 theta omega + 2.683 omega^2 + 0.021 theta omega^2 + -6.768 omega^3,0.025 1 + 0.001 theta + -0.629 omega + -0.011 theta omega + 4.975 omega^2 + 0.042 theta omega^2 + -12.616 omega^3,2.4798904009e-02,1.0501404365e-03,-6.2858808636e-01,-1.4451260557e-05,-1.1478520733e-02,4.9748565451e+00,3.0054655672e-07,-3.3026914270e-05,4.2030093265e-02,-1.2616132830e+01
6089,2024-09-05 06:20:00,0.021659,1.103917,0.780737,0.009 1 + -0.001 theta + 0.763 omega + 0.016 theta omega + 2.176 omega^2 + -0.074 theta omega^2 + -6.470 omega^3,0.016 1 + -0.002 theta + -0.462 omega + 0.031 theta omega + 4.433 omega^2 + -0.149 theta omega^2 + -13.705 omega^3,1.6003897074e-02,-1.7671057859e-03,-4.6163434846e-01,6.2899880726e-05,3.0756552060e-02,4.4330269893e+00,-6.3806591304e-07,-4.8529807209e-04,-1.4896734969e-01,-1.3705231162e+01
6090,2024-09-05 06:25:00,0.096913,13.712614,9.696525,0.006 1 + -0.005 theta + 0.939 omega + 0.001 theta^2 + 0.047 theta omega + 0.056 omega^2 + -0.008 theta^2 omega + 0.085 theta omega^2 + -4.559 omega^3,0.012 1 + -0.010 theta + -0.124 omega + 0.002 theta^2 + 0.093 theta omega + 0.124 omega^2 + -0.016 theta^2 omega + 0.139 theta omega^2 + -8.136 omega^3,1.2460029206e-02,-9.6050911863e-03,-1.2402673123e-01,1.5462768835e-03,9.3258387545e-02,1.2438601391e-01,2.0889029316e-05,-1.5726889559e-02,1.3906285616e-01,-8.1360792994e+00
6091,2024-09-05 06:30:00,0.039222,2.799636,1.979836,0.049 1 + -0.003 theta + -0.009 omega + 0.031 theta omega + 6.445 omega^2 + -0.125 theta omega^2 + -11.466 omega^3,0.094 1 + -0.005 theta + -1.976 omega + 0.062 theta omega + 12.735 omega^2 + -0.246 theta omega^2 + -22.796 omega^3,9.4417261319e-02,-4.9747317118e-03,-1.9764932188e+00,1.2348248953e-04,6.1547907679e-02,1.2735070137e+01,-1.7005608450e-06,-3.1865721121e-04,-2.4622725258e-01,-2.2796405498e+01
6092,2024-09-05 06:35:00,nan,nan,nan,-0.002 1 + 0.002 theta + 1.010 omega + -0.009 theta omega + 0.615 omega^2 + 0.001 theta^2 omega + -0.072 theta omega^2 + -3.111 omega^3,-0.004 1 + 0.003 theta + 0.006 omega + -0.013 theta omega + 1.342 omega^2 + 0.002 theta^2 omega + -0.163 theta omega^2 + -6.397 omega^3,-3.9796429518e-03,2.9458653475e-03,5.5377090048e-03,-4.8910902635e-04,-1.2689994820e-02,1.3419200930e+00,2.0025369878e-05,1.8764922751e-03,-1.6309437584e-01,-6.3967712527e+00
6093,2024-09-05 06:40:00,0.024137,1.665351,1.177705,1.013 omega + -0.019 omega^2 + -0.001 theta^2 omega + -0.039 theta omega^2 + -1.047 omega^3,0.027 omega + -0.024 omega^2 + -0.002 theta^2 omega + -0.076 theta omega^2 + -2.186 omega^3,-4.5034089446e-04,1.3147976330e-04,2.7335691985e-02,1.1669334705e-04,-1.2302023858e-04,-2.3777039995e-02,1.9929988631e-07,-2.4764908133e-03,-7.5760425229e-02,-2.1856128541e+00
6094,2024-09-05 06:45:00,nan,nan,nan,-0.001 1 + -0.001 theta + 1.023 omega + -0.014 theta omega + 0.431 omega^2 + -0.055 theta omega^2 + 1.884 omega^3,-0.001 1 + -0.002 theta + 0.047 omega + -0.027 theta omega + 0.857 omega^2 + -0.001 theta^2 omega + -0.107 theta omega^2 + 3.741 omega^3,-1.2383676860e-03,-1.7713112279e-03,4.7483220338e-02,-6.3148840199e-05,-2.7296426349e-02,8.5670137873e-01,-5.5696631354e-07,-5.4684548790e-04,-1.0703831006e-01,3.7411055859e+00
6095,2024-09-05 06:50:00,nan,nan,nan,0.982 omega + -0.012 theta omega + -0.036 omega^2 + 0.003 theta^2 omega + -0.046 theta omega^2 + 4.445 omega^3,0.001 theta + -0.037 omega + -0.024 theta omega + -0.079 omega^2 + 0.006 theta^2 omega + -0.085 theta omega^2 + 9.195 omega^3,-2.6415937904e-06,5.5758067858e-04,-3.7382346608e-02,4.2759562166e-04,-2.4444181578e-02,-7.9487099342e-02,-1.1247687338e-04,5.6768762763e-03,-8.5270462695e-02,9.1948066948e+00
6096,2024-09-05 06:55:00,0.014403,0.231727,0.164172,-0.001 1 + 1.016 omega + -0.005 theta omega + 0.244 omega^2 + -0.024 theta omega^2 + 1.053 omega^3,-0.002 1 + -0.001 theta + 0.032 omega + -0.009 theta omega + 0.485 omega^2 + -0.045 theta omega^2 + 2.113 omega^3,-2.2632757831e-03,-6.9054932510e-04,3.1876860811e-02,6.8164443617e-06,-8.7455956832e-03,4.8486004524e-01,5.1254070096e-08,1.0118395541e-04,-4.5121819038e-02,2.1130380699e+00
6097,2024-09-05 07:00:00,0.004995,0.275709,0.194988,0.001 1 + -0.001 theta + 1.018 omega + 0.001 theta omega + -0.036 omega^2 + 0.007 theta omega^2 + -0.365 omega^3,0.002 1 + -0.001 theta + 0.036 omega + 0.003 theta omega + -0.076 omega^2 + 0.013 theta omega^2 + -0.721 omega^3,2.3866352033e-03,-1.2117314457e-03,3.6262273151e-02,3.5273291719e-05,2.9763883732e-03,-7.6106889159e-02,-6.5808047855e-08,-1.5914307004e-04,1.3462179657e-02,-7.2094776507e-01
6098,2024-09-05 07:05:00,0.092482,2.589672,1.832342,0.002 1 + 1.006 omega + -0.158 omega^2 + -0.007 theta omega^2 + -0.400 omega^3,0.005 1 + 0.001 theta + 0.013 omega + 0.001 theta omega + -0.321 omega^2 + -0.016 theta omega^2 + -0.804 omega^3,4.9232194227e-03,5.1081153903e-04,1.2528383215e-02,-3.6496762763e-05,9.2265744585e-04,-3.2095668849e-01,-1.4705709513e-05,-2.0995781278e-04,-1.5653825281e-02,-8.0382502521e-01
6099,2024-09-05 07:10:00,0.065814,8.152852,5.765125,-0.014 1 + -0.005 theta + 1.339 omega + 0.006 theta omega + -0.313 omega^2 + -0.001 theta^2 omega + 0.037 theta omega^2 + -3.319 omega^3,-0.030 1 + -0.011 theta + 0.699 omega + 0.001 theta^2 + 0.012 theta omega + -0.722 omega^2 + -0.001 theta^2 omega + 0.074 theta omega^2 + -6.489 omega^3,-2.9519767767e-02,-1.1050929930e-02,6.9904358832e-01,5.8147802199e-04,1.1787717627e-02,-7.2245764821e-01,-6.4721727627e-06,-1.1691005105e-03,7.4279754174e-02,-6.4885161887e+00
6100,2024-09-05 07:15:00,nan,nan,nan,-0.027 1 + 0.001 theta + 1.368 omega + -0.018 theta omega + -1.130 omega^2 + 0.029 theta omega^2 + 1.144 omega^3,-0.055 1 + 0.002 theta + 0.748 omega + -0.037 theta omega + -2.319 omega^2 + 0.059 theta omega^2 + 2.454 omega^3,-5.4649482824e-02,2.2033139520e-03,7.4832910040e-01,3.6852477461e-05,-3.7358355354e-02,-2.3189933798e+00,-1.5177395110e-06,4.1251464251e-04,5.9087563227e-02,2.4542068505e+00
6101,2024-09-05 07:20:00,3.082111,85.337562,60.382112,0.003 1 + 0.002 theta + 1.046 omega + 0.030 theta omega + -0.359 omega^2 + 0.001 theta^2 omega + 0.064 theta omega^2 + -2.161 omega^3,0.006 1 + 0.004 theta + 0.098 omega + 0.060 theta omega + -0.678 omega^2 + 0.002 theta^2 omega + 0.129 theta omega^2 + -4.254 omega^3,6.3896162515e-03,3.7317517528e-03,9.7989355376e-02,1.1747096938e-04,5.9916286440e-02,-6.7760730919e-01,-4.6573982823e-07,1.6045386487e-03,1.2932658089e-01,-4.2537964821e+00
6102,2024-09-05 07:25:00,0.274391,23.802349,16.831920,-0.001 theta + 1.039 omega + 0.007 theta omega + -0.017 omega^2 + 0.004 theta omega^2 + -1.075 omega^3,-0.001 1 + -0.003 theta + 0.085 omega + 0.014 theta omega + -0.076 omega^2 + 0.008 theta omega^2 + -2.082 omega^3,-5.4773543429e-04,-2.8216778545e-03,8.5431093051e-02,6.7807515235e-05,1.4064120231e-02,-7.5845199048e-02,-1.0853120707e-07,-3.5937732846e-04,8.4309509931e-03,-2.0819429442e+00
6103,2024-09-05 07:30:00,nan,nan,nan,-0.011 1 + 0.003 theta + 1.121 omega + -0.014 theta omega + -0.368 omega^2 + -0.008 theta omega^2 + 1.382 omega^3,-0.021 1 + 0.006 theta + 0.217 omega + -0.025 theta omega + -0.549 omega^2 + 0.001 theta^2 omega + -0.028 theta omega^2 + 2.449 omega^3,-2.0773082422e-02,5.7049402904e-03,2.1748801054e-01,-4.8485433427e-04,-2.5223404672e-02,-5.4936534820e-01,1.2946549323e-05,8.6672747645e-04,-2.8095722284e-02,2.4489116369e+00
6104,2024-09-05 07:35:00,0.050366,4.716219,3.335061,0.001 1 + -0.001 theta + 1.012 omega + 0.011 theta omega + -0.145 omega^2 + -0.001 theta^2 omega + 0.017 theta omega^2 + -1.316 omega^3,0.002 1 + -0.001 theta + 0.024 omega + 0.023 theta omega + -0.288 omega^2 + -0.001 theta^2 omega + 0.029 theta omega^2 + -2.441 omega^3,1.5630784647e-03,-1.3207892366e-03,2.4248449600e-02,-5.6909265958e-05,2.2929195814e-02,-2.8798997657e-01,7.4178569914e-06,-1.3436375718e-03,2.9260179908e-02,-2.4406949220e+00
6105,2024-09-05 07:40:00,nan,nan,nan,-0.028 1 + 0.002 theta + 1.361 omega + -0.026 theta omega + -1.218 omega^2 + 0.050 theta omega^2 + 0.804 omega^3,-0.056 1 + 0.005 theta + 0.732 omega + -0.052 theta omega + -2.437 omega^2 + 0.001 theta^2 omega + 0.102 theta omega^2 + 1.540 omega^3,-5.6447163857e-02,5.0060138473e-03,7.3206630290e-01,-1.1531732972e-04,-5.2186006159e-02,-2.4367103202e+00,1.6065847933e-07,8.6701801026e-04,1.0156964261e-01,1.5396513012e+00
6106,2024-09-05 07:45:00,0.068735,2.624632,1.856531,-0.003 1 + 1.142 omega + -0.036 theta omega + -0.465 omega^2 + 0.002 theta^2 omega + 0.038 theta omega^2 + -0.080 omega^3,-0.007 1 + -0.001 theta + 0.284 omega + 0.001 theta^2 + -0.071 theta omega + -0.860 omega^2 + 0.004 theta^2 omega + 0.067 theta omega^2 + -0.523 omega^3,-6.6893986906e-03,-9.1683333715e-04,2.8391158670e-01,6.3844522834e-04,-7.0917510241e-02,-8.6043752123e-01,-4.7848869109e-05,4.2622482356e-03,6.7167806708e-02,-5.2305660956e-01
6107,2024-09-05 07:50:00,nan,nan,nan,1.058 omega + -0.005 theta omega + -0.633 omega^2 + -0.017 theta omega^2 + 3.728 omega^3,-0.001 1 + 0.117 omega + -0.010 theta omega + -1.288 omega^2 + -0.035 theta omega^2 + 7.607 omega^3,-5.9037460449e-04,-4.4409285152e-04,1.1695761272e-01,1.0471265290e-04,-9.6821259091e-03,-1.2882378687e+00,-2.0414198237e-06,2.3841636063e-04,-3.5098857169e-02,7.6069877638e+00
6108,2024-09-05 07:55:00,nan,nan,nan,-0.062 1 + 0.003 theta + 1.713 omega + -0.022 theta omega + -2.621 omega^2 + 0.043 theta omega^2 + 3.001 omega^3,-0.132 1 + 0.006 theta + 1.539 omega + -0.046 theta omega + -5.824 omega^2 + 0.091 theta omega^2 + 7.047 omega^3,-1.3226360358e-01,5.7910269470e-03,1.5394837372e+00,-8.1916890904e-05,-4.5693901385e-02,-5.8241200373e+00,4.0467952626e-07,3.0837354199e-04,9.0811196929e-02,7.0466444747e+00
6109,2024-09-05 08:00:00,0.018335,1.390863,0.983574,-0.330 1 + 0.007 theta + 5.490 omega + -0.064 theta omega + -20.095 omega^2 + 0.147 theta omega^2 + 29.622 omega^3,-0.679 1 + 0.014 theta + 9.255 omega + -0.130 theta omega + -41.563 omega^2 + 0.300 theta omega^2 + 61.537 omega^3,-6.7861800497e-01,1.3855032644e-02,9.2545676692e+00,-8.7420297828e-05,-1.2970016212e-01,-4.1563392648e+01,2.0262685062e-07,4.1089966693e-04,2.9977879895e-01,6.1537032649e+01
6110,2024-09-05 08:05:00,0.012825,1.168579,0.826360,0.006 1 + 0.882 omega + 0.001 theta omega + 0.583 omega^2 + -0.012 theta omega^2 + 0.247 omega^3,0.010 1 + -0.173 omega + 0.003 theta omega + 0.551 omega^2 + -0.035 theta omega^2 + 2.569 omega^3,9.6476202790e-03,-1.6649838004e-04,-1.7334693156e-01,1.6345763660e-05,3.1945613983e-03,5.5131127056e-01,-3.5672951706e-07,3.0935657044e-05,-3.4928800449e-02,2.5694606785e+00
6111,2024-09-05 08:10:00,nan,nan,nan,-0.053 1 + 0.008 theta + 1.573 omega + -0.075 theta omega + -1.660 omega^2 + 0.001 theta^2 omega + 0.134 theta omega^2 + 3.333 omega^3,-0.106 1 + 0.016 theta + 1.148 omega + -0.150 theta omega + -3.344 omega^2 + 0.003 theta^2 omega + 0.268 theta omega^2 + 6.742 omega^3,-1.0569747934e-01,1.5650072043e-02,1.1477717128e+00,-4.6046980097e-04,-1.4990452916e-01,-3.3441332009e+00,3.0466762749e-06,2.7602043008e-03,2.6831141626e-01,6.7421864367e+00
6112,2024-09-05 08:15:00,0.036403,3.665471,2.592007,-0.052 1 + 2.189 omega + -0.031 theta omega + -6.765 omega^2 + -0.002 theta^2 omega + 0.357 theta omega^2 + -0.295 omega^3,-0.105 1 + 2.422 omega + -0.064 theta omega + -13.790 omega^2 + -0.003 theta^2 omega + 0.722 theta omega^2 + -0.162 omega^3,-1.0545168105e-01,3.1437577979e-04,2.4218016050e+00,1.9002881620e-04,-6.4412232309e-02,-1.3790272798e+01,4.1992118730e-06,-3.2499993967e-03,7.2161119101e-01,-1.6249832824e-01
6113,2024-09-05 08:20:00,0.031138,3.204267,2.265866,0.002 1 + 0.001 theta + 0.802 omega + -0.019 theta omega + 3.190 omega^2 + 0.101 theta omega^2 + -13.489 omega^3,0.007 1 + 0.001 theta + -0.476 omega + -0.039 theta omega + 7.003 omega^2 + 0.204 theta omega^2 + -28.521 omega^3,6.8191312304e-03,1.4108175641e-03,-4.7563279880e-01,6.3417334145e-05,-3.8675116574e-02,7.0025266122e+00,-2.6421386532e-07,-3.8989044978e-04,2.0440528613e-01,-2.8521304895e+01
6114,2024-09-05 08:25:00,0.028279,1.443653,1.021012,-0.006 1 + 0.001 theta + 1.079 omega + -0.012 theta omega + 0.029 omega^2 + 0.029 theta omega^2 + -1.262 omega^3,-0.012 1 + 0.001 theta + 0.162 omega + -0.023 theta omega + 0.024 omega^2 + 0.058 theta omega^2 + -2.398 omega^3,-1.1986536217e-02,1.1792213682e-03,1.6173657578e-01,1.2651369349e-05,-2.3203140093e-02,2.3964056678e-02,-8.1317647131e-07,2.6815915676e-04,5.8167514079e-02,-2.3978548203e+00
6115,2024-09-05 08:30:00,nan,nan,nan,1.070 omega + 0.006 theta omega + -1.211 omega^2 + -0.010 theta omega^2 + 4.884 omega^3,-0.001 theta + 0.143 omega + 0.011 theta omega + -2.435 omega^2 + -0.018 theta omega^2 + 9.645 omega^3,3.8677914619e-04,-6.1543362816e-04,1.4346259716e-01,-9.4016264921e-06,1.1140063149e-02,-2.4350866869e+00,9.7684309835e-07,-2.8409356356e-04,-1.8461014014e-02,9.6448738265e+00
6116,2024-09-05 08:35:00,nan,nan,nan,-0.019 1 + 0.001 theta + 1.539 omega + -0.015 theta omega + -4.531 omega^2 + 0.130 theta omega^2 + 10.172 omega^3,-0.040 1 + 0.001 theta + 1.096 omega + -0.030 theta omega + -9.255 omega^2 + -0.001 theta^2 omega + 0.263 theta omega^2 + 21.143 omega^3,-3.9630027522e-02,1.2394423924e-03,1.0959312011e+00,-6.3856677757e-07,-3.0389113550e-02,-9.2549156671e+00,2.5036322507e-06,-9.2115580917e-04,2.6329629998e-01,2.1142993477e+01
6117,2024-09-05 08:40:00,nan,nan,nan,-0.008 1 + 0.001 theta + 1.056 omega + -0.001 theta omega + -0.086 omega^2 + -0.020 theta omega^2 + 0.689 omega^3,-0.018 1 + 0.002 theta + 0.122 omega + -0.002 theta omega + -0.234 omega^2 + -0.042 theta omega^2 + 1.666 omega^3,-1.7593060041e-02,1.5626539144e-03,1.2163191156e-01,-7.6122522614e-06,-2.0711173764e-03,-2.3440694787e-01,-9.9820009070e-07,5.4041110851e-05,-4.2139459052e-02,1.6655578257e+00
6118,2024-09-05 08:45:00,2.756484,92.838103,65.675382,-0.005 1 + 1.124 omega + -0.015 theta omega + -0.366 omega^2 + -0.001 theta^2 omega + 0.145 theta omega^2 + -4.087 omega^3,-0.009 1 + 0.241 omega + -0.029 theta omega + -0.720 omega^2 + -0.001 theta^2 omega + 0.274 theta omega^2 + -7.564 omega^3,-8.8752822569e-03,3.4395829042e-04,2.4065733022e-01,1.0359658693e-04,-2.9084270335e-02,-7.1997104333e-01,1.0536551187e-06,-1.2995320789e-03,2.7364830426e-01,-7.5638358113e+00
6119,2024-09-05 08:50:00,0.015193,1.126915,0.796922,-0.009 1 + 0.001 theta + 1.128 omega + -0.010 theta omega + -1.174 omega^2 + 0.025 theta omega^2 + 4.352 omega^3,-0.017 1 + 0.003 theta + 0.242 omega + -0.020 theta omega + -2.195 omega^2 + 0.049 theta omega^2 + 8.214 omega^3,-1.7082664460e-02,2.6676810779e-03,2.4216034796e-01,-3.8598899011e-05,-2.0387348574e-02,-2.1946493293e+00,8.1001588730e-07,-4.8389584035e-05,4.9212594136e-02,8.2140659840e+00
6120,2024-09-05 08:55:00,0.025934,1.356704,0.959510,0.034 1 + 0.161 omega + 0.019 theta omega + 6.119 omega^2 + -0.078 theta omega^2 + -14.135 omega^3,0.070 1 + -0.001 theta + -1.714 omega + 0.039 theta omega + 12.492 omega^2 + -0.159 theta omega^2 + -28.832 omega^3,6.9731899360e-02,-8.3282496972e-04,-1.7140104021e+00,-9.5468740308e-05,3.9090468025e-02,1.2492387799e+01,2.2179333189e-06,-1.2083013965e-04,-1.5879797423e-01,-2.8831547519e+01
6121,2024-09-05 09:00:00,0.025684,1.160972,0.821132,-0.004 1 + 0.001 theta + 1.077 omega + -0.006 theta omega + -0.764 omega^2 + 0.003 theta omega^2 + 3.088 omega^3,-0.007 1 + 0.002 theta + 0.155 omega + -0.011 theta omega + -1.567 omega^2 + 0.003 theta omega^2 + 6.497 omega^3,-7.1571239398e-03,1.5368921785e-03,1.5486692713e-01,-5.7496565032e-05,-1.0743785181e-02,-1.5668846161e+00,5.1486799429e-07,2.4949186562e-04,2.8054067640e-03,6.4973498045e+00
6122,2024-09-05 09:05:00,0.024218,0.440771,0.312143,0.001 1 + 1.000 omega + -0.005 theta omega + 0.175 omega^2 + 0.003 theta omega^2 + -0.402 omega^3,0.002 1 + 0.002 omega + -0.010 theta omega + 0.351 omega^2 + 0.006 theta omega^2 + -0.820 omega^3,1.8106627877e-03,-2.9693019258e-04,1.8329021875e-03,5.8281129246e-05,-1.0220191247e-02,3.5069439903e-01,-2.1014934516e-06,3.4838217843e-04,5.9855115296e-03,-8.2023639536e-01
6123,2024-09-05 09:10:00,nan,nan,nan,-0.011 1 + 0.001 theta + 1.155 omega + -0.017 theta omega + -0.455 omega^2 + 0.001 theta^2 omega + 0.011 theta omega^2 + 0.947 omega^3,-0.022 1 + 0.003 theta + 0.297 omega + -0.033 theta omega + -0.843 omega^2 + 0.001 theta^2 omega + 0.018 theta omega^2 + 1.802 omega^3,-2.1594610682e-02,2.6036586563e-03,2.9717179383e-01,-6.3418190249e-05,-3.3345955682e-02,-8.4279651435e-01,-9.4603565097e-07,1.0431429157e-03,1.8028948255e-02,1.8024165312e+00
6124,2024-09-05 09:15:00,0.074238,3.166424,2.239615,0.003 1 + 0.001 theta + 1.060 omega + -0.008 theta omega + 0.078 omega^2 + -0.005 theta^2 omega + -0.026 theta omega^2 + -5.347 omega^3,0.006 1 + 0.002 theta + 0.119 omega + -0.001 theta^2 + -0.016 theta omega + 0.134 omega^2 + -0.009 theta^2 omega + -0.058 theta omega^2 + -10.548 omega^3,5.8034478151e-03,1.9119536324e-03,1.1948036571e-01,-5.0729008242e-04,-1.5792665199e-02,1.3381137163e-01,-1.5427650405e-04,-9.4747629941e-03,-5.8250814174e-02,-1.0548353334e+01
6125,2024-09-05 09:20:00,nan,nan,nan,-0.025 1 + 0.005 theta + 1.256 omega + -0.053 theta omega + -0.285 omega^2 + 0.001 theta^2 omega + 0.053 theta omega^2 + 1.816 omega^3,-0.050 1 + 0.010 theta + 0.513 omega + -0.104 theta omega + -0.655 omega^2 + 0.003 theta^2 omega + 0.101 theta omega^2 + 4.156 omega^3,-5.0491626357e-02,1.0272647337e-02,5.1328650696e-01,-3.5760451725e-04,-1.0391541087e-01,-6.5496409669e-01,1.9499684333e-06,2.7559600233e-03,1.0118279786e-01,4.1563929314e+00
6126,2024-09-05 09:25:00,nan,nan,nan,-0.001 theta + 1.046 omega + 0.010 theta omega + -0.318 omega^2 + -0.001 theta^2 omega + -0.028 theta omega^2 + 0.812 omega^3,-0.003 theta + 0.096 omega + 0.020 theta omega + -0.581 omega^2 + -0.002 theta^2 omega + -0.060 theta omega^2 + 1.556 omega^3,2.8747084095e-04,-3.3715886989e-03,9.5954166870e-02,3.6763658759e-04,1.9970382548e-02,-5.8075454705e-01,-8.6482858271e-06,-1.6213124935e-03,-6.0476426048e-02,1.5561353056e+00
6127,2024-09-05 09:30:00,nan,nan,nan,-0.288 1 + 0.032 theta + 3.666 omega + -0.001 theta^2 + -0.245 theta omega + -6.317 omega^2 + 0.006 theta^2 omega + 0.284 theta omega^2 + 6.632 omega^3,-0.575 1 + 0.063 theta + 5.293 omega + -0.002 theta^2 + -0.487 theta omega + -12.403 omega^2 + 0.011 theta^2 omega + 0.558 theta omega^2 + 12.890 omega^3,-5.7455617979e-01,6.3490039099e-02,5.2929014471e+00,-1.9863019127e-03,-4.8729090134e-01,-1.2403114843e+01,1.2627577749e-05,1.1153552507e-02,5.5828571123e-01,1.2889763666e+01
6128,2024-09-05 09:35:00,0.036983,2.698337,1.908192,0.006 1 + 0.651 omega + 0.027 theta omega + 4.818 omega^2 + -0.406 theta omega^2 + -6.134 omega^3,0.012 1 + -0.675 omega + 0.053 theta omega + 9.397 omega^2 + 0.001 theta^2 omega + -0.791 theta omega^2 + -12.021 omega^3,1.1776981438e-02,1.2854172834e-04,-6.7464497802e-01,-3.0899423520e-04,5.2732310868e-02,9.3969787562e+00,1.8022889903e-05,8.8670326966e-04,-7.9096259141e-01,-1.2021399385e+01
6129,2024-09-05 09:40:00,0.033565,3.383249,2.392436,0.009 1 + 0.766 omega + 0.020 theta omega + 1.053 omega^2 + -0.093 theta omega^2 + 1.055 omega^3,0.018 1 + -0.001 theta + -0.465 omega + 0.041 theta omega + 2.043 omega^2 + -0.190 theta omega^2 + 2.367 omega^3,1.7779651810e-02,-5.7023551854e-04,-4.6467509152e-01,-8.3046736436e-05,4.0818537956e-02,2.0430429343e+00,2.8112027756e-06,-4.7222034106e-04,-1.8961563884e-01,2.3668001957e+00
6130,2024-09-05 09:45:00,0.036941,3.551076,2.511126,-0.008 1 + 0.003 theta + 1.145 omega + -0.053 theta omega + 0.295 omega^2 + 0.001 theta^2 omega + 0.230 theta omega^2 + -7.129 omega^3,-0.016 1 + 0.005 theta + 0.308 omega + -0.107 theta omega + 0.408 omega^2 + 0.001 theta^2 omega + 0.465 theta omega^2 + -13.492 omega^3,-1.6108620079e-02,5.2307441433e-03,3.0849006613e-01,-9.0624893148e-05,-1.0739940079e-01,4.0821829123e-01,6.3606550532e-08,1.2152762698e-03,4.6507679077e-01,-1.3492345986e+01
6131,2024-09-05 09:50:00,nan,nan,nan,-0.003 1 + 1.008 omega + -0.008 theta omega + -0.084 omega^2 + 0.001 theta^2 omega + -0.080 theta omega^2 + 5.241 omega^3,-0.005 1 + 0.023 omega + 0.001 theta^2 + -0.017 theta omega + -0.238 omega^2 + 0.002 theta^2 omega + -0.149 theta omega^2 + 10.582 omega^3,-5.1484763750e-03,1.5065428920e-04,2.2843272652e-02,9.0350966851e-04,-1.6845488578e-02,-2.3757995861e-01,-1.1203486226e-04,1.5990991829e-03,-1.4897226083e-01,1.0581621740e+01
6132,2024-09-05 09:55:00,nan,nan,nan,0.987 omega + -0.004 theta omega + -0.060 omega^2 + 0.005 theta^2 omega + -0.073 theta omega^2 + 2.356 omega^3,0.001 1 + -0.001 theta + -0.023 omega + -0.007 theta omega + -0.084 omega^2 + 0.009 theta^2 omega + -0.154 theta omega^2 + 4.327 omega^3,8.5727763373e-04,-5.3752612950e-04,-2.2981308289e-02,-3.3391206997e-04,-6.5767171439e-03,-8.4224641754e-02,-6.2089812859e-05,9.4332962061e-03,-1.5429668208e-01,4.3269440712e+00
6133,2024-09-05 10:00:00,nan,nan,nan,-0.023 1 + 0.006 theta + 1.338 omega + -0.051 theta omega + -1.754 omega^2 + 0.002 theta^2 omega + 0.068 theta omega^2 + 5.154 omega^3,-0.047 1 + 0.011 theta + 0.688 omega + -0.001 theta^2 + -0.104 theta omega + -3.553 omega^2 + 0.003 theta^2 omega + 0.137 theta omega^2 + 10.412 omega^3,-4.7456629910e-02,1.1312151567e-02,6.8807619872e-01,-6.2606378677e-04,-1.0388036516e-01,-3.5525457462e+00,8.9799585325e-06,3.4731573044e-03,1.3725679153e-01,1.0412002734e+01
6134,2024-09-05 10:05:00,nan,nan,nan,-0.001 theta + 1.025 omega + -0.004 theta omega + -0.169 omega^2 + 0.045 theta omega^2 + 0.058 omega^3,0.001 1 + -0.001 theta + 0.050 omega + -0.008 theta omega + -0.368 omega^2 + 0.090 theta omega^2 + 0.521 omega^3,5.8958032604e-04,-1.4338556468e-03,5.0327653938e-02,2.5083268621e-04,-7.6948337510e-03,-3.6807695097e-01,-9.9980725859e-06,-2.6997278853e-04,8.9906479404e-02,5.2085614843e-01
6135,2024-09-05 10:10:00,0.118090,16.941751,11.979918,0.001 1 + -0.003 theta + 0.986 omega + 0.027 theta omega + 0.236 omega^2 + -0.007 theta^2 omega + 0.070 theta omega^2 + -2.758 omega^3,0.003 1 + -0.005 theta + -0.026 omega + 0.001 theta^2 + 0.054 theta omega + 0.452 omega^2 + -0.014 theta^2 omega + 0.140 theta omega^2 + -5.442 omega^3,2.8659208699e-03,-4.9519672974e-03,-2.6195348091e-02,7.1839772599e-04,5.4039034050e-02,4.5238537047e-01,5.6488267448e-05,-1.4024101766e-02,1.4010952837e-01,-5.4423162250e+00
6136,2024-09-05 10:15:00,nan,nan,nan,-0.065 1 + 0.005 theta + 1.747 omega + -0.050 theta omega + -2.552 omega^2 + 0.001 theta^2 omega + 0.067 theta omega^2 + 3.756 omega^3,-0.133 1 + 0.011 theta + 1.520 omega + -0.104 theta omega + -5.204 omega^2 + 0.002 theta^2 omega + 0.137 theta omega^2 + 7.887 omega^3,-1.3276173962e-01,1.1186229209e-02,1.5203011344e+00,-1.4304126772e-04,-1.0373183299e-01,-5.2035423617e+00,-3.3311663517e-06,1.7419746088e-03,1.3683477548e-01,7.8869637434e+00
6137,2024-09-05 10:20:00,0.008563,0.210001,0.148616,1.013 omega + -0.002 theta omega + 0.196 omega^2 + -0.001 theta^2 omega + 0.097 theta omega^2 + -4.925 omega^3,0.001 1 + -0.001 theta + 0.027 omega + -0.004 theta omega + 0.396 omega^2 + -0.001 theta^2 omega + 0.187 theta omega^2 + -9.557 omega^3,7.0063503514e-04,-9.3859305198e-04,2.6614887710e-02,1.0786221685e-04,-3.8189653521e-03,3.9613158106e-01,7.6217395078e-07,-1.4603728290e-03,1.8672027415e-01,-9.5566059754e+00
6138,2024-09-05 10:25:00,0.567578,44.909706,31.758493,-0.019 1 + 0.002 theta + 1.163 omega + -0.036 theta omega + 1.590 omega^2 + 0.001 theta^2 omega + 0.055 theta omega^2 + -10.542 omega^3,-0.039 1 + 0.005 theta + 0.379 omega + -0.075 theta omega + 2.738 omega^2 + 0.002 theta^2 omega + 0.120 theta omega^2 + -19.652 omega^3,-3.9181759086e-02,4.7767212273e-03,3.7855875133e-01,-6.9343034910e-05,-7.5088972842e-02,2.7376179498e+00,-2.4039868097e-06,1.7866956712e-03,1.1985734719e-01,-1.9651521449e+01
6139,2024-09-05 10:30:00,nan,nan,nan,-0.002 theta + 1.028 omega + -0.010 theta omega + 0.409 omega^2 + 0.001 theta^2 omega + -0.136 theta omega^2 + 3.104 omega^3,-0.003 theta + 0.060 omega + 0.001 theta^2 + -0.020 theta omega + 0.705 omega^2 + 0.003 theta^2 omega + -0.275 theta omega^2 + 6.954 omega^3,3.1912783824e-04,-3.4458976103e-03,5.9621220250e-02,7.4865638251e-04,-1.9875729843e-02,7.0532183918e-01,-4.1625419228e-05,2.7736428982e-03,-2.7475738517e-01,6.9543430428e+00
6140,2024-09-05 10:35:00,nan,nan,nan,-0.021 1 + 0.005 theta + 1.370 omega + -0.068 theta omega + -1.671 omega^2 + 0.003 theta^2 omega + 0.101 theta omega^2 + 5.044 omega^3,-0.043 1 + 0.009 theta + 0.742 omega + -0.135 theta omega + -3.298 omega^2 + 0.006 theta^2 omega + 0.201 theta omega^2 + 9.914 omega^3,-4.3378948637e-02,9.1974114492e-03,7.4248475871e-01,-4.4570094962e-04,-1.3501406965e-01,-3.2978966376e+00,-1.3420865408e-07,5.9319938444e-03,2.0144296207e-01,9.9139412680e+00
6141,2024-09-05 10:40:00,0.015816,0.890918,0.630073,-0.009 1 + 1.167 omega + -0.002 theta omega + -0.538 omega^2 + 0.023 theta omega^2 + -1.254 omega^3,-0.017 1 + -0.001 theta + 0.321 omega + -0.004 theta omega + -1.065 omega^2 + 0.040 theta omega^2 + -2.112 omega^3,-1.7285342865e-02,-9.0392282386e-04,3.2081688028e-01,1.4853729207e-04,-4.0224137225e-03,-1.0650279871e+00,-3.2717945401e-06,-4.6991755858e-04,4.0428042611e-02,-2.1119893659e+00
6142,2024-09-05 10:45:00,0.077896,6.774468,4.790589,0.006 1 + -0.003 theta + 0.976 omega + 0.011 theta omega + 0.014 omega^2 + -0.001 theta^2 omega + 0.024 theta omega^2 + -2.797 omega^3,0.011 1 + -0.006 theta + -0.045 omega + 0.001 theta^2 + 0.022 theta omega + 0.005 omega^2 + -0.002 theta^2 omega + 0.050 theta omega^2 + -5.612 omega^3,1.1441815086e-02,-5.6161530709e-03,-4.5276717945e-02,6.9093644655e-04,2.1923736419e-02,4.5746373261e-03,-1.8990825611e-05,-1.7964508959e-03,5.0304939601e-02,-5.6116329611e+00
6143,2024-09-05 10:50:00,0.018352,0.356424,0.252364,0.006 1 + 0.001 theta + 0.830 omega + -0.004 theta omega + 1.408 omega^2 + -0.024 theta omega^2 + -2.493 omega^3,0.012 1 + 0.001 theta + -0.356 omega + -0.008 theta omega + 2.988 omega^2 + 0.001 theta^2 omega + -0.053 theta omega^2 + -5.487 omega^3,1.2257166835e-02,1.2155315548e-03,-3.5629437878e-01,-1.1137648418e-04,-7.8310169778e-03,2.9884043989e+00,1.3692625181e-06,8.9688177200e-04,-5.2940441297e-02,-5.4865654141e+00
6144,2024-09-05 10:55:00,0.353300,13.411464,9.486627,0.002 theta + 0.925 omega + -0.047 theta omega + 2.263 omega^2 + 0.213 theta omega^2 + -11.484 omega^3,0.003 theta + -0.140 omega + -0.092 theta omega + 4.392 omega^2 + -0.001 theta^2 omega + 0.418 theta omega^2 + -22.344 omega^3,-4.6270521090e-04,2.9852140724e-03,-1.4014545871e-01,2.1819014999e-04,-9.1889478317e-02,4.3923295287e+00,-2.7934665417e-06,-6.3491023334e-04,4.1835518979e-01,-2.2343593096e+01
6145,2024-09-05 11:00:00,0.318836,12.241565,8.659029,-0.002 1 + 1.040 omega + -0.009 theta omega + 0.062 omega^2 + -0.014 theta omega^2 + 0.054 omega^3,-0.003 1 + 0.074 omega + -0.017 theta omega + 0.169 omega^2 + 0.001 theta^2 omega + -0.034 theta omega^2 + 0.087 omega^3,-3.1056860652e-03,3.6927041140e-04,7.4346478337e-02,1.1909469543e-05,-1.7108204551e-02,1.6850598771e-01,-1.6788468523e-06,9.6497381048e-04,-3.3813542644e-02,8.7221118098e-02
6146,2024-09-05 11:05:00,nan,nan,nan,0.055 1 + -0.008 theta + -0.032 omega + 0.129 theta omega + 4.148 omega^2 + -0.003 theta^2 omega + -0.433 theta omega^2 + 4.047 omega^3,0.111 1 + -0.016 theta + -2.070 omega + 0.001 theta^2 + 0.260 theta omega + 8.303 omega^2 + -0.006 theta^2 omega + -0.872 theta omega^2 + 8.476 omega^3,1.1083222211e-01,-1.6273940734e-02,-2.0696501687e+00,5.7879333835e-04,2.5955302593e-01,8.3030738266e+00,-4.9539091963e-06,-5.5412747794e-03,-8.7236919304e-01,8.4759677281e+00
6147,2024-09-05 11:10:00,0.061338,1.534003,1.085571,0.001 1 + 1.006 omega + -0.017 theta omega + 0.276 omega^2 + 0.005 theta^2 omega + -0.105 theta omega^2 + -0.739 omega^3,0.002 1 + 0.016 omega + -0.034 theta omega + 0.504 omega^2 + 0.010 theta^2 omega + -0.198 theta omega^2 + -1.162 omega^3,1.9097378581e-03,-1.7795817627e-04,1.5600579777e-02,8.4887662281e-06,-3.4405134694e-02,5.0412199597e-01,-3.7697913744e-05,9.5154041090e-03,-1.9844172350e-01,-1.1616039826e+00
6148,2024-09-05 11:15:00,0.055501,5.311122,3.755735,0.001 1 + 0.954 omega + 0.022 theta omega + 0.911 omega^2 + -0.002 theta^2 omega + -0.062 theta omega^2 + -6.797 omega^3,0.001 1 + -0.001 theta + -0.084 omega + 0.041 theta omega + 1.772 omega^2 + -0.003 theta^2 omega + -0.125 theta omega^2 + -13.196 omega^3,1.1987045319e-03,-6.8117899586e-04,-8.3515269434e-02,-1.6438455990e-05,4.1498299337e-02,1.7717049754e+00,7.3639115109e-06,-3.3236874845e-03,-1.2453390737e-01,-1.3195720430e+01
6149,2024-09-05 11:20:00,0.016425,0.610530,0.431866,-0.007 1 + 0.001 theta + 1.116 omega + -0.015 theta omega + -0.450 omega^2 + 0.016 theta omega^2 + 0.788 omega^3,-0.016 1 + 0.003 theta + 0.248 omega + -0.031 theta omega + -0.945 omega^2 + 0.001 theta^2 omega + 0.032 theta omega^2 + 1.769 omega^3,-1.6275712783e-02,2.6321048995e-03,2.4806428970e-01,-5.6596100746e-05,-3.1006499719e-02,-9.4486082088e-01,-2.3066137614e-06,9.2799836346e-04,3.1616731317e-02,1.7686996474e+00
6150,2024-09-05 11:25:00,nan,nan,nan,-0.001 1 + 0.002 theta + 1.001 omega + -0.008 theta omega + -0.248 omega^2 + 0.001 theta^2 omega + 0.030 theta omega^2 + 2.752 omega^3,-0.002 1 + 0.004 theta + 0.011 omega + -0.001 theta^2 + -0.021 theta omega + -0.509 omega^2 + 0.003 theta^2 omega + 0.063 theta omega^2 + 5.619 omega^3,-2.4913438409e-03,4.0363613230e-03,1.1442735815e-02,-9.7035066422e-04,-2.1171256264e-02,-5.0947236356e-01,4.8152932606e-05,3.1736600209e-03,6.2987330161e-02,5.6193762459e+00
6151,2024-09-05 11:30:00,0.055359,9.060262,6.406692,0.001 1 + -0.003 theta + 1.012 omega + 0.001 theta^2 + 0.074 omega^2 + -0.006 theta^2 omega + 0.204 theta omega^2 + -3.045 omega^3,0.002 1 + -0.005 theta + 0.027 omega + 0.001 theta^2 + -0.001 theta omega + 0.152 omega^2 + -0.011 theta^2 omega + 0.419 theta omega^2 + -6.257 omega^3,1.8469219350e-03,-5.2346278774e-03,2.6612558456e-02,1.4559894014e-03,-5.8242720222e-04,1.5219604982e-01,-1.8126620123e-05,-1.1430941895e-02,4.1940239084e-01,-6.2567000901e+00
6152,2024-09-05 11:35:00,0.037404,3.875738,2.740688,0.022 1 + -0.012 theta + 0.484 omega + 0.002 theta^2 + 0.135 theta omega + 2.145 omega^2 + -0.009 theta^2 omega + -0.350 theta omega^2 + 3.948 omega^3,0.044 1 + -0.023 theta + -1.029 omega + 0.004 theta^2 + 0.269 theta omega + 4.324 omega^2 + -0.017 theta^2 omega + -0.703 theta omega^2 + 7.776 omega^3,4.3881290501e-02,-2.3119185993e-02,-1.0285797602e+00,3.9023944505e-03,2.6861494100e-01,4.3236693072e+00,-2.0860753601e-04,-1.7315253279e-02,-7.0302344573e-01,7.7756898423e+00
6153,2024-09-05 11:40:00,nan,nan,nan,0.001 1 + 0.979 omega + 0.002 theta omega + -0.250 omega^2 + -0.101 theta omega^2 + 5.549 omega^3,0.002 1 + 0.001 theta + -0.044 omega + 0.003 theta omega + -0.483 omega^2 + 0.001 theta^2 omega + -0.197 theta omega^2 + 11.453 omega^3,1.6399724203e-03,5.3604347592e-04,-4.4172355756e-02,4.9178352771e-05,2.8103557716e-03,-4.8310185037e-01,-2.6305316616e-05,8.3975383337e-04,-1.9672242247e-01,1.1452708566e+01
6154,2024-09-05 11:45:00,nan,nan,nan,-0.001 theta + 1.108 omega + 0.001 theta^2 + -0.046 theta omega + -1.140 omega^2 + 0.004 theta^2 omega + 0.214 theta omega^2 + 3.709 omega^3,-0.001 1 + -0.003 theta + 0.217 omega + 0.002 theta^2 + -0.093 theta omega + -2.208 omega^2 + 0.009 theta^2 omega + 0.411 theta omega^2 + 7.466 omega^3,-9.0683647495e-04,-2.6523172981e-03,2.1672533668e-01,1.9988710099e-03,-9.2946645635e-02,-2.2082042745e+00,-2.8852266716e-04,8.8061013897e-03,4.1136364553e-01,7.4656981637e+00
6155,2024-09-05 11:50:00,0.032122,1.190714,0.842268,-0.001 1 + 0.001 theta + 1.000 omega + 0.496 omega^2 + -0.143 theta omega^2 + -1.988 omega^3,-0.003 1 + 0.003 theta + -0.001 theta^2 + -0.001 theta omega + 1.032 omega^2 + 0.001 theta^2 omega + -0.298 theta omega^2 + -3.459 omega^3,-2.8098064457e-03,2.8556436446e-03,-3.0992586843e-04,-6.9615682859e-04,-1.4462824595e-03,1.0323608888e+00,2.9954133657e-05,9.9555238604e-04,-2.9770298088e-01,-3.4594915949e+00
6156,2024-09-05 11:55:00,nan,nan,nan,0.013 1 + 0.004 theta + 1.128 omega + 0.035 theta omega + 0.442 omega^2 + 0.001 theta^2 omega + 0.001 theta omega^2 + 3.983 omega^3,0.027 1 + 0.008 theta + 0.262 omega + 0.070 theta omega + 0.946 omega^2 + 0.002 theta^2 omega + 8.216 omega^3,2.6847447924e-02,8.4111979339e-03,2.6180550672e-01,3.4467256850e-04,6.9858391348e-02,9.4580277616e-01,2.5890056434e-06,2.2372525937e-03,4.9636380652e-04,8.2164421126e+00
6157,2024-09-05 12:00:00,0.061713,4.317215,3.053044,-0.001 1 + -0.001 theta + 1.024 omega + 0.012 theta omega + 0.425 omega^2 + -0.001 theta^2 omega + -0.004 theta omega^2 + -4.080 omega^3,-0.002 1 + -0.003 theta + 0.050 omega + 0.024 theta omega + 0.870 omega^2 + -0.002 theta^2 omega + -0.008 theta omega^2 + -8.287 omega^3,-1.9396858966e-03,-2.9118721005e-03,4.9667441582e-02,2.1212720075e-04,2.4498808800e-02,8.6950155850e-01,-2.0765663820e-07,-1.9947261262e-03,-7.5515995379e-03,-8.2868806044e+00
6158,2024-09-05 12:05:00,0.029670,0.896972,0.634602,0.001 1 + 0.992 omega + 0.005 theta omega + -0.174 omega^2 + 0.002 theta^2 omega + -0.142 theta omega^2 + 0.075 omega^3,0.001 1 + -0.017 omega + -0.001 theta^2 + 0.010 theta omega + -0.333 omega^2 + 0.004 theta^2 omega + -0.288 theta omega^2 + 0.577 omega^3,1.2494406180e-03,3.0438661497e-04,-1.7406683551e-02,-6.3409957573e-04,1.0296864413e-02,-3.3300486527e-01,-1.4943805114e-04,3.7379193154e-03,-2.8806822420e-01,5.7746789598e-01
6159,2024-09-05 12:10:00,nan,nan,nan,-0.002 1 + 0.002 theta + 1.006 omega + 0.001 theta^2 + 0.002 theta omega + 0.790 omega^2 + 0.156 theta omega^2 + 0.616 omega^3,-0.005 1 + 0.004 theta + 0.012 omega + 0.002 theta^2 + 0.003 theta omega + 1.587 omega^2 + 0.314 theta omega^2 + 1.218 omega^3,-4.9098498503e-03,4.2863573693e-03,1.1843973215e-02,1.7676727587e-03,3.3624356701e-03,1.5871018951e+00,1.3614086438e-04,4.3873655561e-05,3.1382367369e-01,1.2176611866e+00
6160,2024-09-05 12:15:00,0.009419,0.200019,0.141592,0.001 1 + 1.031 omega + -0.004 theta omega + -0.113 omega^2 + 0.006 theta omega^2 + -0.105 omega^3,0.001 1 + -0.001 theta + 0.062 omega + -0.008 theta omega + -0.210 omega^2 + 0.011 theta omega^2 + -0.284 omega^3,1.3629981178e-03,-7.3635856922e-04,6.1890657934e-02,8.7156879547e-05,-8.0455103464e-03,-2.1038998560e-01,-2.6397169384e-06,2.0166743152e-04,1.1295500412e-02,-2.8368388248e-01
6161,2024-09-05 12:20:00,0.049152,1.420395,1.004972,-0.001 1 + 0.001 theta + 0.985 omega + 0.175 omega^2 + -0.019 theta omega^2 + 0.564 omega^3,-0.002 1 + 0.002 theta + -0.026 omega + -0.001 theta omega + 0.345 omega^2 + -0.039 theta omega^2 + 1.179 omega^3,-1.9255772197e-03,1.8924181025e-03,-2.5974899413e-02,-2.5894743503e-04,-1.1992511785e-03,3.4501619121e-01,5.1923834787e-06,2.6138266284e-04,-3.8935860404e-02,1.1793830911e+00
6162,2024-09-05 12:25:00,0.029815,2.125561,1.503147,1.010 omega + -0.004 theta omega + 0.017 omega^2 + -0.002 theta omega^2 + 0.362 omega^3,0.001 1 + 0.019 omega + -0.008 theta omega + 0.045 omega^2 + -0.004 theta omega^2 + 0.815 omega^3,7.1686347486e-04,-3.5681411918e-04,1.8928476292e-02,7.0631734222e-05,-8.4156991791e-03,4.4717206930e-02,-3.3309019105e-06,4.2335794192e-04,-4.4732144645e-03,8.1498022378e-01
6163,2024-09-05 12:30:00,nan,nan,nan,0.047 1 + 0.009 theta + 1.247 omega + 0.058 theta omega + -0.831 omega^2 + 0.003 theta^2 omega + -0.069 theta omega^2 + 0.161 omega^3,0.085 1 + 0.016 theta + 0.408 omega + 0.001 theta^2 + 0.102 theta omega + -1.781 omega^2 + 0.006 theta^2 omega + -0.147 theta omega^2 + 0.315 omega^3,8.4700011456e-02,1.6329657937e-02,4.0844307431e-01,8.0159675541e-04,1.0209211310e-01,-1.7809143972e+00,2.8159491686e-06,5.6380495915e-03,-1.4692606983e-01,3.1478220744e-01
6164,2024-09-05 12:35:00,0.056373,1.603150,1.134299,0.003 1 + 0.994 omega + -0.003 theta omega + -0.249 omega^2 + -0.041 theta omega^2 + -0.189 omega^3,0.008 1 + -0.006 omega + -0.004 theta omega + -0.509 omega^2 + -0.084 theta omega^2 + -0.416 omega^3,7.8947328086e-03,5.6483095618e-05,-5.8211415890e-03,-2.7515405779e-04,-4.2163536058e-03,-5.0926279831e-01,-1.5536255936e-05,-2.4375181246e-04,-8.3998745117e-02,-4.1592586416e-01
6165,2024-09-05 12:40:00,nan,nan,nan,-0.001 1 + 0.002 theta + 0.985 omega + -0.001 theta^2 + 0.003 theta omega + 0.254 omega^2 + -0.024 theta omega^2 + 0.715 omega^3,-0.002 1 + 0.003 theta + -0.019 omega + -0.001 theta^2 + 0.002 theta omega + 0.495 omega^2 + 0.001 theta^2 omega + -0.045 theta omega^2 + 1.527 omega^3,-1.9269781018e-03,3.3730592554e-03,-1.9413876419e-02,-1.1577141995e-03,1.8965837973e-03,4.9452666098e-01,7.8343365522e-05,8.5154209298e-04,-4.5283928173e-02,1.5269229946e+00
6166,2024-09-05 12:45:00,nan,nan,nan,-0.003 1 + 1.134 omega + 0.008 theta omega + -1.401 omega^2 + -0.019 theta omega^2 + 4.171 omega^3,-0.008 1 + -0.001 theta + 0.280 omega + 0.015 theta omega + -2.818 omega^2 + -0.038 theta omega^2 + 8.350 omega^3,-7.8700377050e-03,-6.8040680745e-04,2.7982685729e-01,-1.6656082059e-05,1.4703265766e-02,-2.8178809721e+00,1.0375327698e-06,-2.7334104806e-04,-3.7974407833e-02,8.3498499634e+00
6167,2024-09-05 12:50:00,0.016714,2.277190,1.610260,-0.133 1 + -0.001 theta + 2.924 omega + -0.006 theta omega + -8.500 omega^2 + 0.047 theta omega^2 + 11.056 omega^3,-0.271 1 + -0.002 theta + 3.937 omega + -0.012 theta omega + -17.554 omega^2 + 0.091 theta omega^2 + 23.289 omega^3,-2.7057539837e-01,-1.5195194767e-03,3.9372294560e+00,1.1685839703e-04,-1.2040496373e-02,-1.7553909109e+01,-4.1126272811e-07,-4.7748926405e-04,9.0783869288e-02,2.3289168612e+01
6168,2024-09-05 12:55:00,0.203600,8.383359,5.929678,0.003 theta + 0.861 omega + -0.009 theta omega + 1.319 omega^2 + 0.001 theta^2 omega + -0.090 theta omega^2 + -0.859 omega^3,-0.002 1 + 0.006 theta + -0.254 omega + -0.021 theta omega + 2.568 omega^2 + 0.003 theta^2 omega + -0.176 theta omega^2 + -1.554 omega^3,-2.0308189213e-03,5.5496764630e-03,-2.5447275453e-01,-4.8631072427e-04,-2.1042546189e-02,2.5681513864e+00,7.6604841910e-06,2.7199944668e-03,-1.7572029220e-01,-1.5540505156e+00
6169,2024-09-05 13:00:00,0.320779,23.905499,16.905263,0.001 1 + -0.002 theta + 1.026 omega + 0.005 theta omega + 0.030 omega^2 + -0.301 omega^3,0.002 1 + -0.004 theta + 0.053 omega + 0.011 theta omega + 0.057 omega^2 + -0.001 theta omega^2 + -0.574 omega^3,1.7162483185e-03,-3.8433605200e-03,5.2541662576e-02,1.3504931174e-04,1.0852531296e-02,5.7203734239e-02,-1.0350237515e-06,-3.0378274648e-04,-6.8526576860e-04,-5.7407338508e-01
6170,2024-09-05 13:05:00,nan,nan,nan,-0.003 theta + 1.003 omega + 0.001 theta^2 + -0.004 theta omega + 0.253 omega^2 + -0.030 theta omega^2 + 0.390 omega^3,-0.005 theta + 0.007 omega + 0.002 theta^2 + -0.009 theta omega + 0.493 omega^2 + 0.001 theta^2 omega + -0.058 theta omega^2 + 0.948 omega^3,-3.7539615449e-04,-5.1467876849e-03,6.7089439917e-03,1.5269959994e-03,-8.5456484039e-03,4.9322122073e-01,-1.0266047113e-04,5.3119004743e-04,-5.8419190826e-02,9.4779959299e-01
6171,2024-09-05 13:10:00,0.129441,10.134190,7.166539,0.001 1 + -0.001 theta + 1.032 omega + -0.011 theta omega + 0.009 omega^2 + -0.001 theta^2 omega + 0.023 theta omega^2 + -2.840 omega^3,0.001 1 + -0.003 theta + 0.064 omega + -0.022 theta omega + 0.037 omega^2 + -0.001 theta^2 omega + 0.044 theta omega^2 + -5.513 omega^3,1.2163710733e-03,-2.8755477861e-03,6.4047666387e-02,-2.5757614207e-04,-2.2374831129e-02,3.6661491920e-02,-5.2925859361e-06,-1.4687872775e-03,4.3912202100e-02,-5.5134824799e+00
6172,2024-09-05 13:15:00,nan,nan,nan,0.006 1 + 1.032 omega + 0.006 theta omega + -0.236 omega^2 + -0.030 theta omega^2 + 0.312 omega^3,0.014 1 + 0.085 omega + 0.015 theta omega + -0.451 omega^2 + 0.001 theta^2 omega + -0.057 theta omega^2 + 0.481 omega^3,1.3771689899e-02,1.4700279229e-05,8.4620368633e-02,-2.8062631425e-04,1.5319690828e-02,-4.5080228075e-01,-1.5149012128e-05,7.0986836908e-04,-5.6755510930e-02,4.8068462495e-01
6173,2024-09-05 13:20:00,0.036845,0.832712,0.589392,-0.001 theta + 1.001 omega + -0.004 theta omega + -0.147 omega^2 + -0.005 theta^2 omega + 0.248 theta omega^2 + 1.480 omega^3,0.001 1 + -0.002 theta + 0.004 omega + -0.009 theta omega + -0.250 omega^2 + -0.010 theta^2 omega + 0.479 theta omega^2 + 2.713 omega^3,9.0191316090e-04,-1.9357078765e-03,4.3542917124e-03,1.6846714945e-04,-9.3590102205e-03,-2.4996672372e-01,-3.1410292535e-04,-9.8145307739e-03,4.7933003801e-01,2.7130999593e+00
6174,2024-09-05 13:25:00,nan,nan,nan,-0.002 1 + -0.001 theta + 1.023 omega + 0.012 theta omega + 0.661 omega^2 + 0.001 theta^2 omega + 0.061 theta omega^2 + 2.997 omega^3,-0.004 1 + -0.002 theta + 0.057 omega + 0.025 theta omega + 1.351 omega^2 + 0.001 theta^2 omega + 0.125 theta omega^2 + 5.968 omega^3,-3.9394955760e-03,-2.2528850167e-03,5.7018559806e-02,-4.4029342391e-04,2.5392854491e-02,1.3513929471e+00,-2.3975128018e-05,1.4779763381e-03,1.2465359942e-01,5.9677290125e+00
6175,2024-09-05 13:30:00,0.295517,26.079540,18.442204,-0.018 1 + 0.654 omega + 0.005 theta omega + -1.740 omega^2 + -0.012 theta omega^2 + -1.423 omega^3,-0.032 1 + 0.001 theta + -0.657 omega + 0.010 theta omega + -3.348 omega^2 + -0.023 theta omega^2 + -2.677 omega^3,-3.1987327546e-02,9.5904561809e-04,-6.5709832475e-01,-1.8759737432e-05,9.9602435698e-03,-3.3482443486e+00,-6.5657354832e-07,2.4072415588e-04,-2.3368800075e-02,-2.6770547670e+00
6176,2024-09-05 13:35:00,0.261848,11.850201,8.381403,-0.002 theta + 1.002 omega + -0.037 theta omega + -0.417 omega^2 + -0.175 theta omega^2 + -2.760 omega^3,-0.003 theta + 0.005 omega + -0.073 theta omega + -0.860 omega^2 + -0.001 theta^2 omega + -0.343 theta omega^2 + -5.603 omega^3,1.9320276117e-04,-3.3125195445e-03,4.8243143394e-03,4.7615319165e-05,-7.3102237990e-02,-8.6016535373e-01,3.0499571741e-06,-5.0524544542e-04,-3.4336055780e-01,-5.6033980379e+00
6177,2024-09-05 13:40:00,0.014134,0.454331,0.321416,-0.012 1 + -0.010 theta + 0.829 omega + -0.002 theta^2 + -0.088 theta omega + -0.672 omega^2 + -0.009 theta^2 omega + -0.140 theta omega^2 + -6.544 omega^3,-0.023 1 + -0.019 theta + -0.337 omega + -0.005 theta^2 + -0.173 theta omega + -1.316 omega^2 + -0.018 theta^2 omega + -0.278 theta omega^2 + -12.555 omega^3,-2.3426912076e-02,-1.8982187888e-02,-3.3670105907e-01,-4.8207107784e-03,-1.7289243511e-01,-1.3159017888e+00,-3.7773932512e-04,-1.8118647710e-02,-2.7797546008e-01,-1.2554853423e+01
6178,2024-09-05 13:45:00,0.058417,4.541145,3.211340,1.026 omega + -0.001 theta omega + -0.166 omega^2 + -0.001 theta^2 omega + 0.027 theta omega^2 + -1.570 omega^3,-0.001 theta + 0.054 omega + -0.002 theta omega + -0.342 omega^2 + -0.001 theta^2 omega + 0.054 theta omega^2 + -3.286 omega^3,4.1091342140e-04,-9.6204126418e-04,5.4064758960e-02,-7.3964134111e-05,-1.7810515452e-03,-3.4194754740e-01,2.3522530407e-06,-1.0402256027e-03,5.3714438278e-02,-3.2863831636e+00
6179,2024-09-05 13:50:00,0.071852,4.107073,2.904584,0.037 1 + 0.001 theta + 1.077 omega + -0.002 theta omega + -1.349 omega^2 + -0.084 theta omega^2 + -2.783 omega^3,0.075 1 + 0.002 theta + 0.148 omega + -0.005 theta omega + -2.719 omega^2 + -0.001 theta^2 omega + -0.169 theta omega^2 + -5.465 omega^3,7.4946990643e-02,2.1365147752e-03,1.4791388871e-01,-4.7487282280e-04,-5.3378104528e-03,-2.7193513609e+00,-1.9647104202e-05,-5.9120681987e-04,-1.6911175506e-01,-5.4648244771e+00
6180,2024-09-05 13:55:00,nan,nan,nan,-0.002 1 + 1.001 omega + -0.004 theta omega + 0.209 omega^2 + -0.023 theta omega^2 + 0.353 omega^3,-0.005 1 + -0.001 theta + 0.002 omega + 0.001 theta^2 + -0.009 theta omega + 0.416 omega^2 + 0.001 theta^2 omega + -0.046 theta omega^2 + 0.813 omega^3,-4.5926507723e-03,-9.1145989437e-04,2.3780334924e-03,5.8448291988e-04,-8.9895547605e-03,4.1556116669e-01,-4.8405260999e-05,9.7012218571e-04,-4.6385060140e-02,8.1326596708e-01
6181,2024-09-05 14:00:00,0.086789,6.817377,4.821004,-0.001 1 + 0.960 omega + 0.004 theta omega + -0.975 omega^2 + -0.010 theta omega^2 + -3.926 omega^3,-0.001 1 + -0.001 theta + -0.063 omega + 0.007 theta omega + -1.711 omega^2 + -0.026 theta omega^2 + -6.611 omega^3,-9.4891232714e-04,-6.9022598146e-04,-6.2506747610e-02,-1.2713977980e-04,7.0689808591e-03,-1.7109462564e+00,-4.5744922323e-06,3.3194860508e-04,-2.5700408595e-02,-6.6114155675e+00
6182,2024-09-05 14:05:00,0.165464,12.905538,9.126344,0.003 1 + -0.001 theta + 1.067 omega + 0.012 theta omega + -0.373 omega^2 + 0.044 theta omega^2 + -2.871 omega^3,0.007 1 + -0.001 theta + 0.139 omega + 0.023 theta omega + -0.661 omega^2 + 0.085 theta omega^2 + -5.341 omega^3,6.5403214753e-03,-1.2448288861e-03,1.3859910926e-01,-2.4101055081e-04,2.2654719589e-02,-6.6082814608e-01,-3.3048252999e-06,-3.9541121555e-04,8.4913812812e-02,-5.3408481885e+00
6183,2024-09-05 14:10:00,0.013845,0.945094,0.668354,0.032 1 + 0.001 theta + 1.457 omega + 0.015 theta omega + 1.944 omega^2 + 0.036 theta omega^2 + 2.450 omega^3,0.069 1 + 0.003 theta + 0.994 omega + 0.030 theta omega + 4.308 omega^2 + 0.072 theta omega^2 + 5.608 omega^3,6.9357648392e-02,2.8545061735e-03,9.9395311846e-01,2.3387883224e-05,2.9785390352e-02,4.3082716495e+00,4.6318324983e-09,1.4351220218e-04,7.1927573824e-02,5.6080282667e+00
6184,2024-09-05 14:15:00,0.051675,6.976136,4.933008,0.001 theta + 0.886 omega + -0.006 theta omega + -1.785 omega^2 + -0.033 theta omega^2 + -6.167 omega^3,0.001 1 + 0.002 theta + -0.225 omega + -0.012 theta omega + -3.510 omega^2 + -0.001 theta^2 omega + -0.069 theta omega^2 + -12.125 omega^3,9.8995550282e-04,1.6044599431e-03,-2.2463879000e-01,2.0592304690e-04,-1.2006688650e-02,-3.5104455154e+00,7.9261539163e-06,-6.3793637322e-04,-6.8774672123e-02,-1.2124885899e+01
6185,2024-09-05 14:20:00,0.038239,0.955520,0.676196,-0.001 theta + 0.997 omega + -0.001 theta^2 + -0.017 theta omega + 0.082 omega^2 + -0.002 theta^2 omega + -0.040 theta omega^2 + -0.617 omega^3,-0.002 theta + 0.001 omega + -0.001 theta^2 + -0.031 theta omega + 0.149 omega^2 + -0.004 theta^2 omega + -0.088 theta omega^2 + -0.827 omega^3,-4.1155442471e-04,-1.8272466354e-03,6.4665682995e-04,-1.0838489104e-03,-3.0584875360e-02,1.4874866458e-01,-1.1724338288e-04,-4.4953820286e-03,-8.8392927902e-02,-8.2681404870e-01
6186,2024-09-05 14:25:00,0.010209,0.382774,0.270758,0.994 omega + 0.001 theta omega + 0.032 omega^2 + 0.022 theta omega^2 + 1.358 omega^3,-0.013 omega + 0.001 theta omega + 0.068 omega^2 + 0.043 theta omega^2 + 2.932 omega^3,-3.6361220675e-04,-1.0564402694e-04,-1.2601398753e-02,-4.5522684134e-05,1.4678333005e-03,6.8436597230e-02,-1.1807851840e-05,-1.0063241843e-04,4.3308209946e-02,2.9318044434e+00
6187,2024-09-05 14:30:00,nan,nan,nan,-0.001 1 + -0.001 theta + 0.998 omega + 0.005 theta omega + -0.238 omega^2 + 0.001 theta^2 omega + -0.051 theta omega^2 + 0.366 omega^3,-0.002 1 + -0.001 theta + 0.001 omega + 0.013 theta omega + -0.434 omega^2 + 0.002 theta^2 omega + -0.094 theta omega^2 + 0.982 omega^3,-2.1251412639e-03,-1.3242867261e-03,8.7139314266e-04,-2.2894899588e-04,1.2522639333e-02,-4.3381267484e-01,-2.0578646532e-05,2.0840330147e-03,-9.4289173656e-02,9.8200989675e-01
6188,2024-09-05 14:35:00,0.050714,1.215222,0.860039,0.002 1 + 1.020 omega + 0.005 theta omega + -0.112 omega^2 + 0.003 theta omega^2 + -0.521 omega^3,0.004 1 + 0.001 theta + 0.045 omega + 0.010 theta omega + -0.233 omega^2 + 0.006 theta omega^2 + -1.132 omega^3,4.1072890019e-03,7.3258954966e-04,4.4738400599e-02,8.1129245064e-06,1.0402608761e-02,-2.3338149492e-01,-1.2514820119e-06,3.6344544756e-04,6.0256839112e-03,-1.1323699684e+00
6189,2024-09-05 14:40:00,1.309431,4.347917,3.210840,0.023 1 + 0.001 theta + 1.545 omega + 0.033 theta omega + 3.081 omega^2 + -0.001 theta^2 omega + 0.259 theta omega^2 + -1.430 omega^3,0.045 1 + 0.001 theta + 1.069 omega + 0.063 theta omega + 6.106 omega^2 + -0.002 theta^2 omega + 0.504 theta omega^2 + -2.213 omega^3,4.4743467021e-02,1.3366668940e-03,1.0687716672e+00,-1.9904919396e-04,6.3336930185e-02,6.1059291418e+00,-2.8864009325e-06,-1.5141708786e-03,5.0422786890e-01,-2.2125996745e+00
6190,2024-09-05 14:45:00,nan,nan,nan,-0.022 1 + -0.006 theta + 0.714 omega + -0.001 theta^2 + -0.054 theta omega + -0.728 omega^2 + -0.002 theta^2 omega + -0.072 theta omega^2 + 0.787 omega^3,-0.044 1 + -0.012 theta + -0.556 omega + -0.001 theta^2 + -0.105 theta omega + -1.416 omega^2 + -0.005 theta^2 omega + -0.139 theta omega^2 + 1.411 omega^3,-4.3553116615e-02,-1.2033632473e-02,-5.5610355635e-01,-1.0951162280e-03,-1.0523299699e-01,-1.4163310177e+00,-3.3857989154e-05,-4.8598321197e-03,-1.3925508532e-01,1.4105965639e+00
6191,2024-09-05 14:50:00,1.733922,33.635594,23.815537,0.021 1 + -0.001 theta + 1.259 omega + 0.028 theta omega + -0.131 omega^2 + 0.001 theta^2 omega + -0.014 theta omega^2 + -0.215 omega^3,0.042 1 + -0.003 theta + 0.540 omega + -0.001 theta^2 + 0.059 theta omega + -0.159 omega^2 + 0.002 theta^2 omega + -0.023 theta omega^2 + -0.191 omega^3,4.2460297195e-02,-2.8636399042e-03,5.3998892644e-01,-9.2721338621e-04,5.8753463370e-02,-1.5864990547e-01,-3.5959084039e-05,1.5694656578e-03,-2.2560645078e-02,-1.9061697238e-01
6192,2024-09-05 14:55:00,0.029148,1.750230,1.237771,0.001 1 + -0.001 theta + 1.005 omega + 0.007 theta omega + -0.290 omega^2 + -0.001 theta^2 omega + -0.003 theta omega^2 + 1.736 omega^3,0.002 1 + -0.001 theta + 0.012 omega + 0.013 theta omega + -0.565 omega^2 + -0.001 theta^2 omega + 0.001 theta omega^2 + 3.034 omega^3,1.5951628589e-03,-1.3673347608e-03,1.2131808503e-02,1.5694837902e-04,1.3473395445e-02,-5.6506647838e-01,-3.4831323346e-06,-1.2030023938e-03,1.3596475823e-03,3.0336960681e+00
6193,2024-09-05 15:00:00,0.016799,0.554288,0.392121,-0.002 1 + 0.943 omega + 0.002 theta omega + -0.451 omega^2 + -0.016 theta omega^2 + -0.318 omega^3,-0.005 1 + -0.114 omega + 0.005 theta omega + -0.923 omega^2 + -0.034 theta omega^2 + -0.511 omega^3,-4.5447943171e-03,2.7567061562e-04,-1.1430711296e-01,-2.0572988385e-05,5.1444901165e-03,-9.2307269556e-01,-2.1843511209e-06,4.4781003354e-04,-3.3651076731e-02,-5.1099191509e-01
6194,2024-09-05 15:05:00,0.080266,10.284660,7.272574,-0.013 1 + -0.004 theta + 0.892 omega + -0.029 theta omega + -0.241 omega^2 + -0.002 theta^2 omega + -0.026 theta omega^2 + -0.925 omega^3,-0.026 1 + -0.009 theta + -0.213 omega + -0.001 theta^2 + -0.057 theta omega + -0.499 omega^2 + -0.003 theta^2 omega + -0.053 theta omega^2 + -2.002 omega^3,-2.6190194675e-02,-8.5906881284e-03,-2.1265298684e-01,-7.7903072121e-04,-5.7228159391e-02,-4.9880028354e-01,-1.6938327126e-05,-3.4212846862e-03,-5.3075303691e-02,-2.0015135939e+00
6195,2024-09-05 15:10:00,nan,nan,nan,0.001 1 + -0.002 theta + 0.985 omega + -0.001 theta^2 + 0.025 theta omega + -0.571 omega^2 + 0.004 theta^2 omega + -0.214 theta omega^2 + 6.554 omega^3,0.003 1 + -0.004 theta + -0.030 omega + -0.003 theta^2 + 0.051 theta omega + -1.111 omega^2 + 0.009 theta^2 omega + -0.417 theta omega^2 + 13.471 omega^3,2.6309632210e-03,-3.6253878144e-03,-2.9945925073e-02,-2.5867619349e-03,5.1383748544e-02,-1.1110413918e+00,-3.1359207842e-04,8.8963351587e-03,-4.1726841931e-01,1.3470513724e+01
6196,2024-09-05 15:15:00,0.015104,0.421182,0.298012,0.993 omega + -0.004 theta omega + -0.184 omega^2 + -0.021 theta omega^2 + -0.554 omega^3,-0.001 1 + -0.011 omega + -0.007 theta omega + -0.400 omega^2 + -0.042 theta omega^2 + -1.034 omega^3,-8.3184739873e-04,-2.1822191466e-04,-1.1278572552e-02,-2.2330553793e-05,-6.5188037589e-03,-4.0022467183e-01,-9.6494603181e-07,-3.9161528433e-04,-4.1574622004e-02,-1.0344052746e+00
6197,2024-09-05 15:20:00,0.025105,1.842729,1.303127,-0.001 1 + -0.001 theta + 1.057 omega + -0.004 theta omega + 0.110 omega^2 + 0.045 theta omega^2 + -3.168 omega^3,-0.002 1 + -0.001 theta + 0.120 omega + -0.008 theta omega + 0.200 omega^2 + -0.001 theta^2 omega + 0.093 theta omega^2 + -6.300 omega^3,-2.0032586960e-03,-1.3714499049e-03,1.1950124534e-01,1.1586369428e-04,-7.7968017459e-03,2.0009594737e-01,-7.5879245210e-07,-5.0831611157e-04,9.2540831170e-02,-6.2998250309e+00
6198,2024-09-05 15:25:00,nan,nan,nan,0.010 1 + 0.802 omega + 0.018 theta omega + 0.383 omega^2 + -0.086 theta omega^2 + 2.748 omega^3,0.018 1 + -0.001 theta + -0.374 omega + 0.036 theta omega + 0.601 omega^2 + -0.175 theta omega^2 + 5.980 omega^3,1.7948089430e-02,-6.2467228039e-04,-3.7445606300e-01,-9.2934225822e-05,3.6382366996e-02,6.0089843428e-01,5.2549870597e-07,3.5399738492e-04,-1.7529085424e-01,5.9797954563e+00
6199,2024-09-05 15:30:00,0.007778,0.120022,0.085046,0.014 1 + -0.006 theta + 0.893 omega + 0.001 theta^2 + 0.039 theta omega + 0.325 omega^2 + -0.004 theta^2 omega + -0.051 theta omega^2 + -1.234 omega^3,0.029 1 + -0.011 theta + -0.221 omega + 0.002 theta^2 + 0.081 theta omega + 0.677 omega^2 + -0.007 theta^2 omega + -0.108 theta omega^2 + -2.501 omega^3,2.8551967683e-02,-1.1477022879e-02,-2.2092595378e-01,1.5258003176e-03,8.0823736989e-02,6.7738894448e-01,-7.1533213007e-05,-7.3880902483e-03,-1.0808855605e-01,-2.5006993912e+00
6200,2024-09-05 15:35:00,0.043641,0.841475,0.595812,0.002 1 + 1.000 omega + -0.007 theta omega + -0.141 omega^2 + 0.001 theta^2 omega + 0.014 theta omega^2 + 0.857 omega^3,0.004 1 + 0.001 omega + -0.015 theta omega + -0.272 omega^2 + 0.001 theta^2 omega + 0.027 theta omega^2 + 1.744 omega^3,3.6324234164e-03,-6.2784485911e-05,1.3275599049e-03,1.5608325362e-05,-1.5021032474e-02,-2.7202482633e-01,-3.7475465486e-06,1.2472075239e-03,2.7343568342e-02,1.7435271554e+00
6201,2024-09-05 15:40:00,0.051695,1.204648,0.852599,-0.017 1 + -0.010 theta + 0.878 omega + -0.002 theta^2 + -0.044 theta omega + -0.122 omega^2 + -0.004 theta^2 omega + -0.013 theta omega^2 + -0.797 omega^3,-0.034 1 + -0.021 theta + -0.251 omega + -0.004 theta^2 + -0.092 theta omega + -0.304 omega^2 + -0.008 theta^2 omega + -0.037 theta omega^2 + -1.897 omega^3,-3.4155104443e-02,-2.0762389844e-02,-2.5074696734e-01,-4.1867069521e-03,-9.1877298131e-02,-3.0400826069e-01,-2.8522845062e-04,-7.6889040915e-03,-3.6692969523e-02,-1.8973006677e+00
6202,2024-09-05 15:45:00,nan,nan,nan,-0.056 1 + 0.007 theta + 1.527 omega + -0.078 theta omega + -0.778 omega^2 + 0.003 theta^2 omega + 0.029 theta omega^2 + 4.023 omega^3,-0.112 1 + 0.014 theta + 1.054 omega + -0.156 theta omega + -1.572 omega^2 + 0.005 theta^2 omega + 0.059 theta omega^2 + 8.071 omega^3,-1.1164353107e-01,1.3616750162e-02,1.0542445043e+00,-1.0888258066e-04,-1.5618228986e-01,-1.5722688079e+00,-1.8273851407e-05,5.4059320796e-03,5.8825271120e-02,8.0714382977e+00
6203,2024-09-05 15:50:00,0.012664,0.478133,0.338210,-0.002 1 + 1.036 omega + -0.005 theta omega + 0.052 omega^2 + -0.010 theta omega^2 + -0.618 omega^3,-0.005 1 + 0.001 theta + 0.069 omega + -0.011 theta omega + 0.115 omega^2 + 0.001 theta^2 omega + -0.020 theta omega^2 + -1.039 omega^3,-4.5200389366e-03,9.4099275901e-04,6.8655190136e-02,-5.5494781826e-05,-1.1014716999e-02,1.1473059985e-01,5.3053665367e-07,5.1830266433e-04,-1.9722074763e-02,-1.0389394056e+00
6204,2024-09-05 15:55:00,nan,nan,nan,-0.001 1 + 0.994 omega + 0.008 theta omega + 0.066 omega^2 + 0.001 theta^2 omega + -0.013 theta omega^2 + 1.114 omega^3,-0.003 1 + -0.001 theta + -0.011 omega + -0.001 theta^2 + 0.016 theta omega + 0.123 omega^2 + 0.002 theta^2 omega + -0.027 theta omega^2 + 2.201 omega^3,-2.5077964261e-03,-1.0057422676e-03,-1.0552298304e-02,-5.6164529092e-04,1.6483322651e-02,1.2288594465e-01,-5.4328677605e-05,1.8555161903e-03,-2.6588891305e-02,2.2006873611e+00
6205,2024-09-05 16:00:00,0.060332,2.346054,1.659459,-0.014 1 + -0.008 theta + 0.877 omega + -0.001 theta^2 + -0.049 theta omega + -0.619 omega^2 + -0.004 theta^2 omega + -0.101 theta omega^2 + -2.142 omega^3,-0.026 1 + -0.015 theta + -0.237 omega + -0.003 theta^2 + -0.096 theta omega + -1.208 omega^2 + -0.008 theta^2 omega + -0.201 theta omega^2 + -4.234 omega^3,-2.6412525847e-02,-1.5143550860e-02,-2.3704644128e-01,-2.8819082237e-03,-9.5783164078e-02,-1.2083280818e+00,-1.7401142344e-04,-7.9502230959e-03,-2.0143724682e-01,-4.2341581947e+00
6206,2024-09-05 16:05:00,0.038175,1.903874,1.346513,-0.004 1 + -0.003 theta + 0.846 omega + -0.001 theta^2 + -0.043 theta omega + -1.597 omega^2 + -0.003 theta^2 omega + -0.220 theta omega^2 + -1.906 omega^3,-0.008 1 + -0.006 theta + -0.293 omega + -0.001 theta^2 + -0.082 theta omega + -3.166 omega^2 + -0.006 theta^2 omega + -0.436 theta omega^2 + -3.843 omega^3,-8.1344641687e-03,-5.5043691621e-03,-2.9315672358e-01,-1.3163397136e-03,-8.2096984404e-02,-3.1656221461e+00,-1.0407846254e-04,-5.6745965191e-03,-4.3600935592e-01,-3.8425122806e+00
6207,2024-09-05 16:10:00,nan,nan,nan,1.007 omega + -0.005 theta omega + 0.213 omega^2 + -0.001 theta^2 omega + -0.036 theta omega^2 + 2.593 omega^3,0.001 1 + -0.001 theta + 0.015 omega + -0.011 theta omega + 0.452 omega^2 + -0.002 theta^2 omega + -0.082 theta omega^2 + 5.431 omega^3,6.1496494396e-04,-7.0417996035e-04,1.5395571878e-02,-3.0232347764e-04,-1.0742698859e-02,4.5207297377e-01,-1.0145947884e-05,-1.9479116751e-03,-8.1596441964e-02,5.4310448785e+00
6208,2024-09-05 16:15:00,2.245220,30.658204,21.736680,0.019 1 + 0.001 theta + 1.370 omega + 0.035 theta omega + 1.422 omega^2 + -0.001 theta^2 omega + 0.211 theta omega^2 + -2.484 omega^3,0.038 1 + 0.002 theta + 0.744 omega + 0.071 theta omega + 2.902 omega^2 + -0.002 theta^2 omega + 0.418 theta omega^2 + -4.562 omega^3,3.7502479670e-02,1.8082387927e-03,7.4430389170e-01,-2.7606915552e-04,7.0683463969e-02,2.9017576193e+00,3.8204210759e-07,-1.9483521617e-03,4.1798837080e-01,-4.5620404402e+00
6209,2024-09-05 16:20:00,0.018075,0.461995,0.326930,-0.007 1 + -0.002 theta + 0.798 omega + -0.020 theta omega + -1.079 omega^2 + -0.072 theta omega^2 + -0.778 omega^3,0.030 1 + 0.006 theta + 0.129 omega + 0.032 theta omega + -0.300 omega^2 + 0.002 theta^2 omega + -0.017 theta omega^2 + -0.251 omega^3,3.0382986541e-02,5.9588082100e-03,1.2871102762e-01,2.7013771871e-04,3.1882497845e-02,-3.0006558331e-01,0.0000000000e+00,1.5258455015e-03,-1.7082632277e-02,-2.5105771307e-01
6210,2024-09-05 16:25:00,0.025757,1.254505,0.887256,-0.001 theta + 1.020 omega + -0.004 theta omega + 0.085 omega^2 + 0.004 theta omega^2 + -0.572 omega^3,-0.001 1 + -0.002 theta + 0.040 omega + -0.008 theta omega + 0.155 omega^2 + -0.001 theta^2 omega + 0.008 theta omega^2 + -1.200 omega^3,-6.9722190674e-04,-2.1082138974e-03,3.9720897369e-02,-2.9626472687e-04,-8.1795961643e-03,1.5491204825e-01,-9.6118917163e-06,-6.9961560869e-04,8.1158555877e-03,-1.1997981501e+00
6211,2024-09-05 16:30:00,0.016359,0.932100,0.659196,0.001 1 + -0.001 theta + 1.015 omega + -0.002 theta omega + -0.093 omega^2 + 0.024 theta omega^2 + -0.779 omega^3,0.003 1 + -0.001 theta + 0.032 omega + -0.003 theta omega + -0.158 omega^2 + 0.049 theta omega^2 + -1.718 omega^3,2.7100050410e-03,-1.2741648784e-03,3.1844712975e-02,1.2935710315e-04,-2.9751265164e-03,-1.5797715227e-01,-3.5866436920e-06,-1.3187724432e-04,4.9209483268e-02,-1.7179176887e+00
6212,2024-09-05 16:35:00,nan,nan,nan,0.002 1 + 1.045 omega + 0.021 theta omega + -0.050 omega^2 + 0.002 theta^2 omega + -0.024 theta omega^2 + 1.716 omega^3,0.004 1 + 0.090 omega + 0.042 theta omega + -0.100 omega^2 + 0.003 theta^2 omega + -0.046 theta omega^2 + 3.413 omega^3,3.7935815056e-03,1.7415572347e-04,8.9547762119e-02,-1.4931586079e-04,4.1528969361e-02,-1.0025246903e-01,-1.2767679684e-05,3.0880888624e-03,-4.5575235145e-02,3.4128753602e+00
6213,2024-09-05 16:40:00,nan,nan,nan,-0.001 1 + -0.001 theta + 1.031 omega + -0.001 theta omega + 0.402 omega^2 + -0.017 theta omega^2 + 1.562 omega^3,-0.002 1 + -0.002 theta + 0.063 omega + -0.001 theta omega + 0.785 omega^2 + -0.033 theta omega^2 + 3.037 omega^3,-2.2988854184e-03,-1.6017281803e-03,6.3169974415e-02,-1.6600291555e-04,-1.2459550348e-03,7.8467846739e-01,-5.4372051915e-06,2.0077131349e-04,-3.3091259888e-02,3.0374618568e+00
6214,2024-09-05 16:45:00,0.032252,0.937436,0.663259,0.004 1 + 0.003 theta + 1.079 omega + 0.052 theta omega + 0.655 omega^2 + 0.007 theta^2 omega + 0.030 theta omega^2 + 5.840 omega^3,0.007 1 + 0.006 theta + 0.155 omega + 0.102 theta omega + 1.316 omega^2 + 0.013 theta^2 omega + 0.063 theta omega^2 + 11.418 omega^3,7.0084300716e-03,5.6332979854e-03,1.5524031188e-01,1.0634333736e-04,1.0156200816e-01,1.3158674005e+00,-1.6600925952e-04,1.3163563477e-02,6.3205346294e-02,1.1417795112e+01
6215,2024-09-05 16:50:00,nan,nan,nan,-0.001 theta + 1.016 omega + -0.004 theta omega + 0.149 omega^2 + -0.056 theta omega^2 + 0.718 omega^3,-0.001 theta + 0.033 omega + -0.008 theta omega + 0.304 omega^2 + 0.001 theta^2 omega + -0.113 theta omega^2 + 1.525 omega^3,-1.2392025802e-04,-1.0933263669e-03,3.2677968386e-02,-1.2132425934e-04,-7.5672518365e-03,3.0415363129e-01,-5.8332330623e-06,5.5083644019e-04,-1.1274373755e-01,1.5249645897e+00
6216,2024-09-05 16:55:00,0.037004,1.609840,1.138629,-0.001 1 + -0.001 theta + 0.964 omega + -0.001 theta^2 + 0.006 theta omega + 0.211 omega^2 + 0.002 theta^2 omega + 0.032 theta omega^2 + 5.879 omega^3,-0.002 theta + -0.076 omega + -0.001 theta^2 + 0.010 theta omega + 0.314 omega^2 + 0.005 theta^2 omega + 0.039 theta omega^2 + 11.680 omega^3,-2.9210263661e-04,-2.2333618023e-03,-7.5563497879e-02,-1.2170216196e-03,1.0109654019e-02,3.1438200405e-01,-1.5772083742e-04,4.6829525322e-03,3.9216573915e-02,1.1680084577e+01
6217,2024-09-05 17:00:00,0.092496,5.731343,4.053199,-0.002 1 + 0.002 theta + 1.002 omega + 0.001 theta omega + 0.176 omega^2 + -0.132 theta omega^2 + -0.643 omega^3,-0.003 1 + 0.004 theta + 0.003 omega + 0.003 theta omega + 0.332 omega^2 + -0.265 theta omega^2 + -1.352 omega^3,-3.0467962187e-03,3.5752128763e-03,3.3551057259e-03,-1.2776610823e-04,2.6902976077e-03,3.3245569244e-01,-4.0965837982e-05,1.2582783614e-04,-2.6528602014e-01,-1.3515259036e+00
6218,2024-09-05 17:05:00,0.044920,2.539658,1.796090,0.001 1 + 0.001 theta + 1.016 omega + -0.005 theta omega + 0.090 omega^2 + -0.001 theta^2 omega + -0.007 theta omega^2 + -1.176 omega^3,0.003 1 + 0.002 theta + 0.033 omega + -0.009 theta omega + 0.166 omega^2 + -0.002 theta^2 omega + -0.014 theta omega^2 + -2.308 omega^3,3.0084385263e-03,1.6198509264e-03,3.2846507193e-02,1.3114317198e-04,-9.4109953137e-03,1.6621234284e-01,-8.1997736771e-06,-1.5074133461e-03,-1.4298792207e-02,-2.3083139812e+00
6219,2024-09-05 17:10:00,0.020936,0.400776,0.283778,-0.001 1 + 1.005 omega + 0.006 theta omega + 0.215 omega^2 + -0.001 theta^2 omega + -0.060 theta omega^2 + -1.145 omega^3,-0.003 1 + -0.001 theta + 0.013 omega + 0.001 theta^2 + 0.012 theta omega + 0.436 omega^2 + -0.002 theta^2 omega + -0.124 theta omega^2 + -2.411 omega^3,-2.5063493776e-03,-9.2418540749e-04,1.2851976099e-02,6.2659185824e-04,1.2439110818e-02,4.3563395751e-01,-6.2835494458e-05,-1.8124891434e-03,-1.2419775057e-01,-2.4105869330e+00
6220,2024-09-05 17:15:00,nan,nan,nan,-0.001 theta + 1.027 omega + -0.010 theta omega + 0.284 omega^2 + 0.001 theta^2 omega + -0.052 theta omega^2 + 0.708 omega^3,-0.002 theta + 0.061 omega + 0.001 theta^2 + -0.021 theta omega + 0.584 omega^2 + 0.002 theta^2 omega + -0.104 theta omega^2 + 1.274 omega^3,-1.1736838122e-04,-2.2480230068e-03,6.1133534976e-02,8.3507389303e-04,-2.1088999064e-02,5.8435644353e-01,-7.6440199021e-05,1.8959197246e-03,-1.0449887968e-01,1.2744027200e+00
6221,2024-09-05 17:20:00,nan,nan,nan,0.165 1 + 0.001 theta + 3.145 omega + 0.039 theta omega + 7.126 omega^2 + -0.001 theta^2 omega + 0.181 theta omega^2 + 1.394 omega^3,0.334 1 + 0.003 theta + 4.343 omega + 0.080 theta omega + 14.447 omega^2 + -0.001 theta^2 omega + 0.364 theta omega^2 + 3.017 omega^3,3.3397731468e-01,2.7025981573e-03,4.3428185778e+00,-2.0944060754e-04,8.0477623028e-02,1.4446718108e+01,-8.4037204235e-07,-1.0120739012e-03,3.6403446197e-01,3.0169080935e+00
6222,2024-09-05 17:25:00,0.230588,25.260707,17.862761,-0.001 1 + 0.955 omega + -0.025 theta omega + -0.520 omega^2 + -0.010 theta omega^2 + -5.389 omega^3,-0.003 1 + -0.001 theta + -0.088 omega + -0.049 theta omega + -1.018 omega^2 + -0.026 theta omega^2 + -10.416 omega^3,-2.5795723380e-03,-7.7245429965e-04,-8.8153325030e-02,4.3850312560e-04,-4.8846012337e-02,-1.0180686984e+00,8.0256352781e-06,1.3146580981e-04,-2.6433469611e-02,-1.0416467676e+01
6223,2024-09-05 17:30:00,nan,nan,nan,0.165 1 + 0.003 theta + 2.747 omega + 0.022 theta omega + 6.330 omega^2 + 0.033 theta omega^2 + 7.959 omega^3,0.321 1 + 0.007 theta + 3.384 omega + 0.044 theta omega + 12.225 omega^2 + 0.065 theta omega^2 + 15.355 omega^3,3.2063782359e-01,6.5581304720e-03,3.3843864016e+00,4.7390611269e-05,4.3601188301e-02,1.2225474069e+01,2.6429071400e-08,2.0713704986e-04,6.4868872130e-02,1.5354721630e+01
6224,2024-09-05 17:35:00,0.030877,0.755008,0.534317,-0.074 1 + -0.007 theta + 0.878 omega + -0.016 theta omega + 1.181 omega^2 + 0.089 theta omega^2 + -1.228 omega^3,-0.147 1 + -0.013 theta + -0.228 omega + -0.029 theta omega + 2.416 omega^2 + -0.001 theta^2 omega + 0.181 theta omega^2 + -2.483 omega^3,-1.4702403283e-01,-1.3144810106e-02,-2.2842320037e-01,1.3944969029e-04,-2.9185229240e-02,2.4163012618e+00,2.2930502476e-05,-8.7988658379e-04,1.8093076453e-01,-2.4829039466e+00
6225,2024-09-05 17:40:00,nan,nan,nan,0.973 omega + -0.044 theta omega + 1.636 omega^2 + 0.008 theta^2 omega + -0.267 theta omega^2 + 0.390 omega^3,-0.054 omega + 0.001 theta^2 + -0.090 theta omega + 3.274 omega^2 + 0.015 theta^2 omega + -0.543 theta omega^2 + 1.294 omega^3,-2.6187663976e-04,9.0914844749e-05,-5.4038321660e-02,5.6613508008e-04,-8.9755285171e-02,3.2743411850e+00,-9.0639156606e-05,1.5488525864e-02,-5.4274803252e-01,1.2941394652e+00
6226,2024-09-05 17:45:00,0.039389,4.871057,3.444470,0.011 1 + 0.736 omega + 0.005 theta omega + 1.781 omega^2 + -0.044 theta omega^2 + -2.424 omega^3,0.022 1 + -0.520 omega + 0.010 theta omega + 3.537 omega^2 + -0.087 theta omega^2 + -4.821 omega^3,2.2261965480e-02,-3.5133985950e-04,-5.2034419879e-01,-7.8933569652e-06,1.0335842791e-02,3.5368798948e+00,-2.0592483026e-07,1.9319783474e-04,-8.6983105709e-02,-4.8213683362e+00
6227,2024-09-05 17:50:00,0.005735,0.666360,0.471205,-0.007 1 + -0.002 theta + 1.264 omega + 0.023 theta omega + -2.696 omega^2 + -0.055 theta omega^2 + 7.369 omega^3,-0.013 1 + -0.003 theta + 0.501 omega + 0.044 theta omega + -5.085 omega^2 + -0.001 theta^2 omega + -0.110 theta omega^2 + 14.029 omega^3,-1.3012953606e-02,-3.1957108258e-03,5.0109468467e-01,4.0473767566e-05,4.4049889735e-02,-5.0845842006e+00,3.5964559662e-07,-5.5775161368e-04,-1.1001179874e-01,1.4029479591e+01
6228,2024-09-05 17:55:00,0.069608,1.702673,1.204977,0.007 1 + -0.003 theta + 1.013 omega + -0.006 theta omega + -0.409 omega^2 + 0.001 theta^2 omega + 0.114 theta omega^2 + -0.300 omega^3,0.015 1 + -0.006 theta + 0.028 omega + 0.001 theta^2 + -0.012 theta omega + -0.818 omega^2 + 0.002 theta^2 omega + 0.227 theta omega^2 + -0.598 omega^3,1.4642584610e-02,-6.0524536278e-03,2.7962410631e-02,9.5491122610e-04,-1.2269726372e-02,-8.1777156006e-01,-9.8685529099e-05,1.5031670274e-03,2.2704042532e-01,-5.9827774646e-01
6229,2024-09-05 18:00:00,0.056750,5.374427,3.800505,0.002 1 + 0.001 theta + 0.655 omega + 0.070 theta omega + 1.786 omega^2 + -0.001 theta^2 omega + -0.395 theta omega^2 + 4.849 omega^3,0.005 1 + 0.001 theta + -0.696 omega + -0.001 theta^2 + 0.142 theta omega + 3.597 omega^2 + -0.003 theta^2 omega + -0.799 theta omega^2 + 9.866 omega^3,4.7722096239e-03,1.4246471454e-03,-6.9611293360e-01,-5.6023982710e-04,1.4191209408e-01,3.5970759118e+00,2.7216986795e-05,-2.7383719213e-03,-7.9934057019e-01,9.8655579259e+00
6230,2024-09-05 18:05:00,0.102246,6.436817,4.552091,0.002 1 + 1.009 omega + -0.003 theta omega + -0.169 omega^2 + -0.044 theta omega^2 + -1.589 omega^3,0.004 1 + 0.019 omega + -0.005 theta omega + -0.340 omega^2 + 0.001 theta^2 omega + -0.089 theta omega^2 + -3.176 omega^3,3.8274495925e-03,2.8114875564e-04,1.8722901500e-02,-1.9918553209e-04,-5.2895437403e-03,-3.3981864549e-01,-1.5897070489e-05,8.3287211380e-04,-8.8965916355e-02,-3.1762015335e+00
6231,2024-09-05 18:10:00,0.302660,17.179253,12.149452,-0.003 1 + 1.000 omega + -0.001 theta omega + 0.223 omega^2 + 0.003 theta omega^2 + -0.278 omega^3,-0.005 1 + -0.001 theta + -0.003 omega + -0.003 theta omega + 0.404 omega^2 + 0.003 theta omega^2 + -0.255 omega^3,-4.9392805495e-03,-8.5089066361e-04,-3.0845930979e-03,1.1008380915e-04,-2.8586001245e-03,4.0401405928e-01,-5.7051285553e-07,-2.6921155118e-04,2.7521731673e-03,-2.5531723391e-01
6232,2024-09-05 18:15:00,nan,nan,nan,-0.020 1 + 0.007 theta + 1.097 omega + -0.001 theta^2 + -0.035 theta omega + -0.348 omega^2 + 0.002 theta^2 omega + 0.022 theta omega^2 + 1.525 omega^3,-0.038 1 + 0.014 theta + 0.179 omega + -0.001 theta^2 + -0.066 theta omega + -0.623 omega^2 + 0.004 theta^2 omega + 0.037 theta omega^2 + 2.750 omega^3,-3.8068359258e-02,1.4080065271e-02,1.7934126408e-01,-1.3744520512e-03,-6.6281962121e-02,-6.2337670062e-01,3.7431489351e-05,4.4409594303e-03,3.6631406598e-02,2.7499082239e+00
6233,2024-09-05 18:20:00,1.316254,13.167436,9.357187,-0.061 1 + 0.010 theta + 2.100 omega + -0.151 theta omega + -4.058 omega^2 + 0.003 theta^2 omega + 0.564 theta omega^2 + -8.083 omega^3,-0.125 1 + 0.019 theta + 2.240 omega + -0.001 theta^2 + -0.306 theta omega + -8.311 omega^2 + 0.006 theta^2 omega + 1.141 theta omega^2 + -15.888 omega^3,-1.2520011386e-01,1.9456923423e-02,2.2403924830e+00,-6.9370951289e-04,-3.0584186464e-01,-8.3105842127e+00,6.7159435684e-06,5.9093385356e-03,1.1413008607e+00,-1.5887585756e+01
6234,2024-09-05 18:25:00,nan,nan,nan,0.008 1 + 0.005 theta + 1.007 omega + 0.001 theta^2 + 0.039 theta omega + -0.691 omega^2 + 0.003 theta^2 omega + -0.094 theta omega^2 + 3.114 omega^3,0.015 1 + 0.010 theta + 0.021 omega + 0.001 theta^2 + 0.079 theta omega + -1.286 omega^2 + 0.007 theta^2 omega + -0.184 theta omega^2 + 6.524 omega^3,1.5279596485e-02,1.0311291504e-02,2.1269694508e-02,1.0791530807e-03,7.8880995331e-02,-1.2863187920e+00,2.6762584359e-05,6.6139950147e-03,-1.8374102432e-01,6.5235878810e+00
6235,2024-09-05 18:30:00,0.129268,3.703967,2.620694,1.010 omega + 0.016 theta omega + -0.796 omega^2 + 0.003 theta^2 omega + -0.076 theta omega^2 + -5.868 omega^3,-0.001 theta + 0.023 omega + 0.033 theta omega + -1.551 omega^2 + 0.005 theta^2 omega + -0.156 theta omega^2 + -11.409 omega^3,-3.2708838343e-04,-8.7758652895e-04,2.2961972182e-02,-3.2073716643e-04,3.2562329686e-02,-1.5514437083e+00,-3.3435854975e-05,5.1902309132e-03,-1.5633809361e-01,-1.1408979422e+01
6236,2024-09-05 18:35:00,0.032501,1.394606,0.986403,0.001 1 + 0.001 theta + 1.008 omega + -0.025 theta omega + 0.345 omega^2 + -0.003 theta^2 omega + 0.035 theta omega^2 + -3.396 omega^3,0.001 1 + 0.002 theta + 0.016 omega + -0.049 theta omega + 0.669 omega^2 + -0.006 theta^2 omega + 0.065 theta omega^2 + -6.627 omega^3,1.0772873335e-03,1.9571316606e-03,1.5738894494e-02,1.1746294622e-04,-4.8759199668e-02,6.6908178700e-01,-1.3667274578e-05,-5.7363137236e-03,6.4530437944e-02,-6.6273025488e+00
6237,2024-09-05 18:40:00,0.003173,0.089435,0.063280,0.001 theta + 0.997 omega + 0.003 theta omega + -0.058 omega^2 + 0.002 theta omega^2 + -0.116 omega^3,-0.001 1 + 0.001 theta + -0.014 omega + 0.006 theta omega + -0.134 omega^2 + 0.003 theta omega^2 + -0.242 omega^3,-8.6426329917e-04,1.3932428612e-03,-1.4209616721e-02,4.1452184199e-05,6.2201417834e-03,-1.3443630245e-01,2.1698199753e-07,1.2031078325e-04,3.4834553631e-03,-2.4207958671e-01
6238,2024-09-05 18:45:00,0.011928,0.561281,0.396975,-0.008 1 + 0.001 theta + 1.114 omega + -0.007 theta omega + -0.383 omega^2 + 0.009 theta omega^2 + 0.442 omega^3,-0.015 1 + 0.001 theta + 0.221 omega + -0.014 theta omega + -0.746 omega^2 + 0.017 theta omega^2 + 0.932 omega^3,-1.4896838691e-02,1.0437364543e-03,2.2079170324e-01,1.5733914484e-05,-1.4248560418e-02,-7.4596916159e-01,-1.1157984602e-06,2.1753158600e-04,1.6740815138e-02,9.3171928872e-01
6239,2024-09-05 18:50:00,nan,nan,nan,0.004 1 + 1.005 omega + 0.003 theta omega + -0.200 omega^2 + -0.020 theta omega^2 + 0.270 omega^3,0.009 1 + 0.001 theta + 0.006 omega + 0.007 theta omega + -0.449 omega^2 + 0.001 theta^2 omega + -0.045 theta omega^2 + 0.800 omega^3,8.5562426243e-03,9.5876601118e-04,5.6011256290e-03,-5.5512213877e-05,7.2043168902e-03,-4.4931321621e-01,-8.2244500131e-06,6.0682889690e-04,-4.5409879626e-02,8.0014272253e-01
6240,2024-09-05 18:55:00,nan,nan,nan,-0.015 1 + 0.004 theta + 1.061 omega + -0.018 theta omega + -0.272 omega^2 + 0.012 theta omega^2 + 1.490 omega^3,-0.026 1 + 0.007 theta + 0.083 omega + -0.034 theta omega + -0.384 omega^2 + 0.001 theta^2 omega + 0.021 theta omega^2 + 2.781 omega^3,-2.6386073353e-02,7.3129224310e-03,8.2757834814e-02,-2.7894372435e-04,-3.4275955543e-02,-3.8429501798e-01,2.6596009757e-06,8.3778139837e-04,2.0879652790e-02,2.7812158467e+00
6241,2024-09-05 19:00:00,nan,nan,nan,0.019 1 + 0.002 theta + 1.193 omega + 0.022 theta omega + 0.226 omega^2 + 0.001 theta^2 omega + 0.012 theta omega^2 + 0.349 omega^3,0.037 1 + 0.004 theta + 0.385 omega + 0.044 theta omega + 0.428 omega^2 + 0.001 theta^2 omega + 0.023 theta omega^2 + 0.646 omega^3,3.7426566248e-02,4.4942156314e-03,3.8546535341e-01,1.3643152124e-04,4.4242517490e-02,4.2799176601e-01,2.7900057282e-07,1.2112147905e-03,2.3140403697e-02,6.4554298353e-01
6242,2024-09-05 19:05:00,nan,nan,nan,-0.006 1 + 0.001 theta + 0.992 omega + 0.001 theta omega + 0.216 omega^2 + -0.057 theta omega^2 + 0.415 omega^3,-0.011 1 + 0.002 theta + -0.015 omega + 0.002 theta omega + 0.435 omega^2 + -0.113 theta omega^2 + 0.778 omega^3,-1.1332125896e-02,2.0832633962e-03,-1.5091516471e-02,3.4625729234e-04,1.6823560386e-03,4.3547150200e-01,-4.7106869339e-05,9.5143697766e-05,-1.1286618035e-01,7.7802422168e-01
6243,2024-09-05 19:10:00,nan,nan,nan,1.015 omega + 0.005 theta omega + -0.131 omega^2 + 0.001 theta^2 omega + -0.018 theta omega^2 + 0.098 omega^3,-0.001 theta + 0.030 omega + 0.012 theta omega + -0.284 omega^2 + 0.001 theta^2 omega + -0.038 theta omega^2 + 0.310 omega^3,-3.4386296066e-04,-7.9213717689e-04,3.0237131839e-02,-9.0985163623e-05,1.1580200238e-02,-2.8393187339e-01,-7.2633447460e-06,1.1208022368e-03,-3.7942304581e-02,3.1048224676e-01
6244,2024-09-05 19:15:00,0.052167,1.540462,1.089895,0.019 1 + -0.001 theta + 0.652 omega + 0.013 theta omega + 1.890 omega^2 + -0.043 theta omega^2 + -3.066 omega^3,0.036 1 + -0.001 theta + -0.683 omega + 0.026 theta omega + 3.766 omega^2 + -0.084 theta omega^2 + -6.197 omega^3,3.5778446749e-02,-1.4272643372e-03,-6.8257436538e-01,-8.0381631365e-06,2.6468668390e-02,3.7660644604e+00,4.8226753495e-07,-1.8415545386e-04,-8.4431115961e-02,-6.1968394834e+00
6245,2024-09-05 19:20:00,nan,nan,nan,-0.001 theta + 0.989 omega + -0.004 theta omega + -0.079 omega^2 + 0.011 theta omega^2 + 2.212 omega^3,-0.001 theta + -0.021 omega + -0.008 theta omega + -0.168 omega^2 + 0.025 theta omega^2 + 4.363 omega^3,2.0258470144e-04,-1.0743167915e-03,-2.0836109143e-02,1.5700678040e-04,-7.8608346948e-03,-1.6792895074e-01,-4.9384310086e-06,1.8153465963e-04,2.4577145534e-02,4.3626654570e+00
6246,2024-09-05 19:25:00,nan,nan,nan,1.009 omega + -0.001 theta omega + 0.129 omega^2 + -0.003 theta omega^2 + 0.441 omega^3,-0.001 1 + -0.001 theta + 0.017 omega + -0.001 theta omega + 0.247 omega^2 + -0.005 theta omega^2 + 0.869 omega^3,-7.2874738299e-04,-7.1673061399e-04,1.7062885699e-02,-6.6444076209e-05,-1.1749526412e-03,2.4713809871e-01,-1.7852490975e-06,9.9168261861e-06,-4.8026370236e-03,8.6860053220e-01
6247,2024-09-05 19:30:00,0.080884,11.328266,8.010498,-0.001 theta + 1.001 omega + -0.012 theta omega + -0.308 omega^2 + -0.001 theta^2 omega + 0.033 theta omega^2 + -4.390 omega^3,-0.001 1 + -0.002 theta + 0.005 omega + -0.024 theta omega + -0.601 omega^2 + -0.002 theta^2 omega + 0.065 theta omega^2 + -8.679 omega^3,-7.7932099566e-04,-1.6993876629e-03,5.1001209701e-03,9.3130100492e-06,-2.4063680786e-02,-6.0114455468e-01,6.6451361020e-06,-1.7652962045e-03,6.5201301361e-02,-8.6786699410e+00
6248,2024-09-05 19:35:00,nan,nan,nan,0.028 1 + 0.002 theta + 1.256 omega + 0.016 theta omega + 0.610 omega^2 + 0.020 theta omega^2 + 0.645 omega^3,0.053 1 + 0.003 theta + 0.463 omega + 0.030 theta omega + 0.989 omega^2 + 0.036 theta omega^2 + 0.930 omega^3,5.3480061602e-02,3.4765513645e-03,4.6253159504e-01,3.6894131490e-05,2.9922119388e-02,9.8915422208e-01,-3.4257329910e-07,3.8374652937e-04,3.6134332165e-02,9.2985235206e-01
6249,2024-09-05 19:40:00,0.025659,1.303539,0.921920,-0.001 1 + 0.001 theta + 0.989 omega + 0.105 omega^2 + -0.053 theta omega^2 + 1.025 omega^3,-0.003 1 + 0.001 theta + -0.023 omega + -0.001 theta omega + 0.208 omega^2 + 0.001 theta^2 omega + -0.103 theta omega^2 + 2.114 omega^3,-2.8753588105e-03,1.2909214643e-03,-2.2984243173e-02,1.0790877436e-04,-7.2332138587e-04,2.0823387365e-01,-1.3921742005e-04,9.8933724662e-04,-1.0331031578e-01,2.1140139757e+00
6250,2024-09-05 19:45:00,0.029747,2.336248,1.652111,0.990 omega + 0.001 theta omega + 0.061 omega^2 + -0.037 theta omega^2 + 0.863 omega^3,-0.019 omega + 0.001 theta omega + 0.124 omega^2 + -0.074 theta omega^2 + 1.754 omega^3,-4.7896061449e-05,1.8638736938e-04,-1.9445799742e-02,2.0172508860e-04,1.2876408567e-03,1.2389850215e-01,-8.9734856493e-06,-3.0833111840e-04,-7.4272426095e-02,1.7537178114e+00
6251,2024-09-05 19:50:00,nan,nan,nan,-0.083 1 + 0.008 theta + 2.402 omega + -0.119 theta omega + -6.238 omega^2 + 0.002 theta^2 omega + 0.245 theta omega^2 + 10.861 omega^3,-0.167 1 + 0.015 theta + 2.810 omega + -0.238 theta omega + -12.488 omega^2 + 0.005 theta^2 omega + 0.492 theta omega^2 + 21.679 omega^3,-1.6684756179e-01,1.5003447835e-02,2.8100983359e+00,-2.2215564112e-04,-2.3825772255e-01,-1.2487754879e+01,-5.2734517558e-06,4.9788188369e-03,4.9176134722e-01,2.1679099267e+01
6252,2024-09-05 19:55:00,0.021824,0.861614,0.609448,-0.006 1 + 1.180 omega + -0.014 theta omega + -1.323 omega^2 + 0.052 theta omega^2 + 3.550 omega^3,-0.013 1 + 0.001 theta + 0.369 omega + -0.029 theta omega + -2.682 omega^2 + 0.107 theta omega^2 + 7.077 omega^3,-1.3112184075e-02,6.1220544516e-04,3.6888330876e-01,5.6441241433e-05,-2.9428921700e-02,-2.6821256829e+00,-2.0162164319e-06,3.8002295476e-04,1.0650400934e-01,7.0767115727e+00
6253,2024-09-05 20:00:00,nan,nan,nan,-0.001 1 + -0.001 theta + 1.047 omega + 0.012 theta omega + 0.271 omega^2 + 0.001 theta^2 omega + 0.011 theta omega^2 + 1.050 omega^3,-0.002 1 + -0.002 theta + 0.094 omega + -0.001 theta^2 + 0.024 theta omega + 0.525 omega^2 + 0.001 theta^2 omega + 0.020 theta omega^2 + 2.097 omega^3,-1.5697995259e-03,-2.4920359055e-03,9.3830158160e-02,-6.1972006746e-04,2.4386124335e-02,5.2477256321e-01,-3.2691390002e-05,1.2337748033e-03,1.9929003625e-02,2.0970846808e+00
6254,2024-09-05 20:05:00,0.052642,6.800532,4.808846,-0.019 1 + 0.001 theta + 0.540 omega + 0.015 theta omega + -3.074 omega^2 + 0.030 theta omega^2 + -5.838 omega^3,-0.036 1 + 0.003 theta + -0.876 omega + 0.029 theta omega + -5.921 omega^2 + 0.059 theta omega^2 + -11.278 omega^3,-3.6113110904e-02,2.6365392494e-03,-8.7634835259e-01,-2.4867036899e-05,2.8974436977e-02,-5.9211245819e+00,-2.1542704177e-07,2.4290723422e-06,5.8592520113e-02,-1.1277684616e+01
6255,2024-09-05 20:10:00,0.121278,6.345835,4.488003,-0.033 1 + -0.005 theta + 0.146 omega + -0.063 theta omega + -4.937 omega^2 + -0.001 theta^2 omega + -0.215 theta omega^2 + -5.678 omega^3,-0.061 1 + -0.010 theta + -1.675 omega + -0.001 theta^2 + -0.123 theta omega + -9.796 omega^2 + -0.002 theta^2 omega + -0.429 theta omega^2 + -11.125 omega^3,-6.1263970158e-02,-9.7627381350e-03,-1.6748776034e+00,-5.1490796220e-04,-1.2329805287e-01,-9.7957312715e+00,-8.9700373648e-06,-1.9731997381e-03,-4.2860742466e-01,-1.1125439531e+01
6256,2024-09-05 20:15:00,0.012496,0.639129,0.452019,1.021 omega + -0.027 omega^2 + -0.009 theta omega^2 + -1.775 omega^3,0.043 omega + 0.001 theta omega + -0.079 omega^2 + -0.019 theta omega^2 + -3.352 omega^3,2.7187952961e-04,3.6552692353e-04,4.3243081949e-02,1.5739856370e-05,7.6284513830e-04,-7.8952620188e-02,-5.5953037108e-06,-3.1100628168e-04,-1.9474915397e-02,-3.3523411982e+00
6257,2024-09-05 20:20:00,nan,nan,nan,0.003 1 + -0.002 theta + 0.973 omega + 0.001 theta^2 + 0.006 theta omega + -0.073 omega^2 + -0.001 theta^2 omega + -0.007 theta omega^2 + 2.188 omega^3,0.005 1 + -0.004 theta + -0.052 omega + 0.001 theta^2 + 0.011 theta omega + -0.171 omega^2 + -0.001 theta^2 omega + -0.008 theta omega^2 + 4.415 omega^3,5.0000170592e-03,-4.3254472312e-03,-5.2313092923e-02,1.0703827504e-03,1.0848716121e-02,-1.7056998767e-01,-7.6737115491e-05,-9.7706165069e-04,-8.3642846732e-03,4.4145365075e+00
6258,2024-09-05 20:25:00,0.027471,2.261601,1.599311,0.008 1 + 0.744 omega + 0.004 theta omega + 2.289 omega^2 + -0.079 theta omega^2 + -3.811 omega^3,0.015 1 + -0.498 omega + 0.008 theta omega + 4.517 omega^2 + 0.001 theta^2 omega + -0.157 theta omega^2 + -7.512 omega^3,1.5039026801e-02,4.6469892001e-04,-4.9750939057e-01,-6.8505164588e-05,8.0340326530e-03,4.5170740855e+00,6.7101955998e-07,5.8564205206e-04,-1.5700449322e-01,-7.5117982314e+00
6259,2024-09-05 20:30:00,0.031978,0.544738,0.385851,0.045 1 + -0.006 theta + 0.403 omega + 0.059 theta omega + 2.374 omega^2 + -0.001 theta^2 omega + -0.151 theta omega^2 + -2.398 omega^3,0.091 1 + -0.012 theta + -1.214 omega + 0.001 theta^2 + 0.120 theta omega + 4.755 omega^2 + -0.003 theta^2 omega + -0.302 theta omega^2 + -4.608 omega^3,9.1454056632e-02,-1.1727529116e-02,-1.2138963707e+00,5.3828622262e-04,1.1974234440e-01,4.7552742294e+00,-1.0009405607e-05,-2.7350434052e-03,-3.0237792324e-01,-4.6076140292e+00
6260,2024-09-05 20:35:00,nan,nan,nan,0.001 1 + -0.001 theta + 1.087 omega + -0.001 theta^2 + 0.028 theta omega + 0.613 omega^2 + 0.002 theta^2 omega + 0.034 theta omega^2 + 3.547 omega^3,0.003 1 + -0.002 theta + 0.181 omega + -0.001 theta^2 + 0.057 theta omega + 1.229 omega^2 + 0.004 theta^2 omega + 0.068 theta omega^2 + 7.148 omega^3,2.9678780846e-03,-1.5851272553e-03,1.8086079500e-01,-1.1037931849e-03,5.6911424651e-02,1.2294686506e+00,-1.0408965732e-04,3.8720383808e-03,6.8071115835e-02,7.1479854746e+00
6261,2024-09-05 20:40:00,0.005244,0.078202,0.055421,-0.005 1 + 0.855 omega + -0.008 theta omega + -1.091 omega^2 + -0.031 theta omega^2 + -1.980 omega^3,-0.009 1 + -0.001 theta + -0.282 omega + -0.014 theta omega + -2.197 omega^2 + -0.061 theta omega^2 + -3.973 omega^3,-8.9697192782e-03,-6.0636820580e-04,-2.8161323925e-01,-2.7477608819e-05,-1.4453602559e-02,-2.1969197585e+00,-6.1327581736e-07,-2.2162377857e-04,-6.0843579620e-02,-3.9731555286e+00
6262,2024-09-05 20:45:00,0.031474,2.705146,1.912956,0.973 omega + -0.004 theta omega + -0.517 omega^2 + -0.027 theta omega^2 + -2.630 omega^3,-0.001 1 + -0.056 omega + -0.007 theta omega + -1.142 omega^2 + -0.065 theta omega^2 + -5.523 omega^3,-6.1303434273e-04,-7.7124312606e-05,-5.6412072603e-02,1.7155918219e-05,-7.2075961133e-03,-1.1418742929e+00,1.9006782689e-06,-8.3228954796e-05,-6.5371380779e-02,-5.5229977651e+00
6263,2024-09-05 20:50:00,0.021426,1.576782,1.115057,0.001 1 + -0.002 theta + 1.026 omega + -0.012 theta omega + -0.574 omega^2 + 0.019 theta omega^2 + -4.815 omega^3,0.001 1 + -0.005 theta + 0.054 omega + -0.024 theta omega + -1.096 omega^2 + -0.001 theta^2 omega + 0.037 theta omega^2 + -9.330 omega^3,1.4385066109e-03,-4.6295129028e-03,5.3712313637e-02,-1.6836464032e-04,-2.4314694169e-02,-1.0963919359e+00,-8.6181023861e-07,-9.2363317540e-04,3.6654919701e-02,-9.3297724571e+00
6264,2024-09-05 20:55:00,nan,nan,nan,0.004 1 + -0.001 theta + 1.074 omega + 0.033 theta omega + -0.213 omega^2 + 0.003 theta^2 omega + -0.040 theta omega^2 + 1.318 omega^3,0.009 1 + -0.001 theta + 0.149 omega + -0.001 theta^2 + 0.067 theta omega + -0.408 omega^2 + 0.006 theta^2 omega + -0.077 theta omega^2 + 2.716 omega^3,8.8947712515e-03,-1.0238765859e-03,1.4892827336e-01,-6.9441019149e-04,6.6588689274e-02,-4.0769267708e-01,-5.2669169915e-05,5.5282301962e-03,-7.7274387843e-02,2.7163255561e+00
6265,2024-09-05 21:00:00,0.017915,2.373517,1.678378,-0.004 1 + 0.890 omega + 0.006 theta omega + -0.957 omega^2 + 0.010 theta omega^2 + -2.065 omega^3,-0.008 1 + 0.001 theta + -0.216 omega + 0.012 theta omega + -1.922 omega^2 + 0.022 theta omega^2 + -4.239 omega^3,-8.3726334869e-03,7.0721670673e-04,-2.1592036974e-01,-1.5124746430e-05,1.2135487932e-02,-1.9221181198e+00,-3.6541992336e-07,7.6951178673e-05,2.1574724111e-02,-4.2393925967e+00
6266,2024-09-05 21:05:00,0.766101,39.471030,27.915489,-0.001 1 + 0.001 theta + 0.944 omega + -0.023 theta omega + -0.297 omega^2 + -0.002 theta^2 omega + 0.023 theta omega^2 + -1.714 omega^3,-0.002 1 + 0.001 theta + -0.109 omega + 0.001 theta^2 + -0.044 theta omega + -0.608 omega^2 + -0.004 theta^2 omega + 0.039 theta omega^2 + -3.053 omega^3,-1.8939102934e-03,1.1825888932e-03,-1.0894287730e-01,8.6661406256e-04,-4.4271285129e-02,-6.0833880110e-01,8.2003004720e-05,-4.3300193455e-03,3.9054823442e-02,-3.0527777298e+00
6267,2024-09-05 21:10:00,0.069206,4.356261,3.080730,-0.001 1 + 1.000 omega + -0.004 theta omega + 0.098 omega^2 + -0.001 theta^2 omega + -0.009 theta omega^2 + 1.074 omega^3,-0.002 1 + -0.001 theta + 0.001 omega + -0.009 theta omega + 0.201 omega^2 + -0.001 theta^2 omega + -0.015 theta omega^2 + 2.100 omega^3,-1.8628756940e-03,-7.1492482294e-04,1.1560619276e-03,3.6478493715e-05,-8.9254517839e-03,2.0075770628e-01,1.0084598773e-05,-1.1953629033e-03,-1.5302943822e-02,2.1003988547e+00
6268,2024-09-05 21:15:00,nan,nan,nan,-0.005 1 + 0.903 omega + -0.006 theta omega + 0.136 omega^2 + -0.073 theta omega^2 + 5.358 omega^3,-0.009 1 + -0.149 omega + -0.017 theta omega + 0.886 omega^2 + 0.001 theta^2 omega + -0.180 theta omega^2 + 13.509 omega^3,-9.0076653611e-03,-3.3194743580e-05,-1.4891295832e-01,3.7129247801e-05,-1.7475104657e-02,8.8628058664e-01,-6.9325424387e-07,6.3023869098e-04,-1.7963140647e-01,1.3509349328e+01
6269,2024-09-05 21:20:00,0.047264,1.600657,1.132329,0.025 1 + 0.004 theta + 1.047 omega + 0.008 theta omega + -0.425 omega^2 + -0.013 theta omega^2 + -1.045 omega^3,0.050 1 + 0.009 theta + 0.084 omega + 0.016 theta omega + -0.870 omega^2 + 0.001 theta^2 omega + -0.027 theta omega^2 + -2.043 omega^3,4.9829317314e-02,8.7102763920e-03,8.3557214512e-02,4.1560392286e-04,1.6037746838e-02,-8.7014376255e-01,5.6935685317e-06,5.3399341032e-04,-2.6842857012e-02,-2.0431086081e+00
6270,2024-09-05 21:25:00,0.030911,4.476349,3.165332,0.056 1 + -0.002 theta + 1.994 omega + -0.010 theta omega + 5.294 omega^2 + -0.007 theta omega^2 + 8.620 omega^3,0.113 1 + -0.003 theta + 2.028 omega + -0.020 theta omega + 10.863 omega^2 + -0.016 theta omega^2 + 17.905 omega^3,1.1347629008e-01,-3.3863209134e-03,2.0282695945e+00,-4.9349169203e-05,-2.0063673654e-02,1.0863417146e+01,2.4148750732e-08,-2.5501045924e-04,-1.5980887639e-02,1.7905377798e+01
6271,2024-09-05 21:30:00,nan,nan,nan,0.001 1 + -0.001 theta + 0.993 omega + 0.001 theta omega + 0.017 omega^2 + 0.001 theta^2 omega + -0.023 theta omega^2 + 2.867 omega^3,0.001 1 + -0.003 theta + -0.013 omega + 0.002 theta omega + 0.016 omega^2 + 0.001 theta^2 omega + -0.033 theta omega^2 + 5.406 omega^3,1.4029459761e-03,-2.6156214143e-03,-1.2522633686e-02,2.7271431627e-05,1.9559691288e-03,1.6390086985e-02,1.6478806787e-05,9.4035581918e-04,-3.3287484137e-02,5.4063161762e+00
6272,2024-09-05 21:35:00,nan,nan,nan,0.028 1 + 0.003 theta + 1.163 omega + 0.033 theta omega + -0.361 omega^2 + 0.001 theta^2 omega + -0.039 theta omega^2 + 1.512 omega^3,0.056 1 + 0.005 theta + 0.331 omega + 0.066 theta omega + -0.727 omega^2 + 0.003 theta^2 omega + -0.078 theta omega^2 + 2.825 omega^3,5.5943034568e-02,5.1808461523e-03,3.3088705849e-01,-3.7552232726e-04,6.5619333324e-02,-7.2705931153e-01,-3.3288664799e-05,2.9863679886e-03,-7.7860474486e-02,2.8247797378e+00
6273,2024-09-05 21:40:00,0.006529,0.085756,0.060814,0.006 1 + -0.001 theta + 0.949 omega + 0.006 theta omega + 0.185 omega^2 + -0.007 theta omega^2 + -0.304 omega^3,0.010 1 + -0.002 theta + -0.095 omega + 0.010 theta omega + 0.339 omega^2 + -0.013 theta omega^2 + -0.476 omega^3,1.0461878651e-02,-2.3669924405e-03,-9.5026707540e-02,1.4379127544e-04,1.0115374325e-02,3.3880110013e-01,-2.7221212637e-06,-2.4594738817e-04,-1.3239982421e-02,-4.7593812666e-01
6274,2024-09-05 21:45:00,nan,nan,nan,-0.001 theta + 1.016 omega + 0.016 theta omega + -0.180 omega^2 + 0.002 theta^2 omega + -0.034 theta omega^2 + 1.281 omega^3,-0.001 1 + -0.001 theta + 0.031 omega + 0.031 theta omega + -0.365 omega^2 + 0.003 theta^2 omega + -0.068 theta omega^2 + 2.568 omega^3,-8.4995159501e-04,-1.3754838492e-03,3.1324331254e-02,-3.6003388971e-04,3.1035177920e-02,-3.6501862221e-01,-2.5112306548e-05,3.1601702514e-03,-6.8334152351e-02,2.5677409999e+00
6275,2024-09-05 21:50:00,0.071424,4.288860,3.033102,-0.003 1 + 0.002 theta + 0.965 omega + 0.007 theta omega + 0.262 omega^2 + 0.001 theta^2 omega + -0.179 theta omega^2 + 4.375 omega^3,-0.005 1 + 0.004 theta + -0.069 omega + -0.001 theta^2 + 0.013 theta omega + 0.509 omega^2 + 0.002 theta^2 omega + -0.359 theta omega^2 + 8.731 omega^3,-4.9630199321e-03,4.0469985276e-03,-6.9477414993e-02,-6.6266085376e-04,1.2829364950e-02,5.0869168422e-01,-5.0833963084e-05,1.9515700633e-03,-3.5868763832e-01,8.7306748819e+00
6276,2024-09-05 21:55:00,0.020177,0.463549,0.328089,-0.008 1 + -0.001 theta + 0.949 omega + -0.010 theta omega + 0.151 omega^2 + 0.024 theta omega^2 + -0.044 omega^3,-0.015 1 + -0.002 theta + -0.104 omega + -0.020 theta omega + 0.287 omega^2 + -0.001 theta^2 omega + 0.046 theta omega^2 + -0.126 omega^3,-1.5306464536e-02,-2.4312686304e-03,-1.0418066603e-01,-4.8897185959e-05,-1.9820339330e-02,2.8734115206e-01,1.5648670771e-07,-8.9202669339e-04,4.5797247164e-02,-1.2635040489e-01
6277,2024-09-05 22:00:00,nan,nan,nan,-0.001 1 + 0.001 theta + 1.035 omega + -0.018 theta omega + -0.074 omega^2 + 0.002 theta^2 omega + -0.003 theta omega^2 + 0.249 omega^3,-0.003 1 + 0.003 theta + 0.075 omega + -0.038 theta omega + -0.183 omega^2 + 0.004 theta^2 omega + -0.002 theta omega^2 + 0.539 omega^3,-2.9870450956e-03,2.6594189594e-03,7.4703929243e-02,-2.0902532289e-04,-3.7771923026e-02,-1.8256772200e-01,-1.3327773719e-05,4.0792415909e-03,-1.8245161749e-03,5.3929993101e-01
6278,2024-09-05 22:05:00,nan,nan,nan,-0.046 1 + 0.002 theta + 1.480 omega + -0.021 theta omega + -1.203 omega^2 + 0.022 theta omega^2 + 1.088 omega^3,-0.091 1 + 0.003 theta + 0.951 omega + -0.041 theta omega + -2.364 omega^2 + 0.043 theta omega^2 + 2.107 omega^3,-9.1189914333e-02,3.3205916779e-03,9.5074979370e-01,5.3630037391e-05,-4.0838359737e-02,-2.3641324534e+00,-1.8135167075e-06,4.1143621817e-04,4.2603727370e-02,2.1071780949e+00
6279,2024-09-05 22:10:00,nan,nan,nan,-0.005 1 + 0.001 theta + 1.072 omega + -0.018 theta omega + -0.076 omega^2 + 0.001 theta^2 omega + -0.033 theta omega^2 + 1.133 omega^3,-0.011 1 + 0.001 theta + 0.158 omega + -0.037 theta omega + -0.187 omega^2 + 0.002 theta^2 omega + -0.062 theta omega^2 + 2.185 omega^3,-1.0840089153e-02,1.2587969277e-03,1.5814524931e-01,3.8361640869e-04,-3.7364615184e-02,-1.8729301455e-01,-3.4936426070e-05,2.0438602710e-03,-6.2427078942e-02,2.1846239225e+00
6280,2024-09-05 22:15:00,0.047986,4.491970,3.176483,0.002 1 + 0.919 omega + -0.003 theta omega + 1.085 omega^2 + -0.038 theta omega^2 + -2.041 omega^3,0.004 1 + -0.164 omega + -0.007 theta omega + 2.239 omega^2 + 0.001 theta^2 omega + -0.078 theta omega^2 + -4.327 omega^3,3.7094692760e-03,3.5457830223e-04,-1.6392535054e-01,-8.2018525731e-06,-6.7225334632e-03,2.2392900169e+00,-1.2071330883e-06,7.0928052147e-04,-7.7541799253e-02,-4.3272430351e+00
6281,2024-09-05 22:20:00,0.214966,10.037831,7.099446,0.010 1 + -0.002 theta + 1.213 omega + 0.012 theta omega + -0.034 omega^2 + 0.035 theta omega^2 + -2.185 omega^3,0.020 1 + -0.005 theta + 0.437 omega + 0.024 theta omega + -0.030 omega^2 + 0.073 theta omega^2 + -4.372 omega^3,1.9750890341e-02,-4.8211444725e-03,4.3717223579e-01,-4.8772545237e-04,2.3756835346e-02,-3.0281938071e-02,-8.8353274397e-06,-3.5412166464e-04,7.2611930468e-02,-4.3717751611e+00
6282,2024-09-05 22:25:00,nan,nan,nan,-0.001 1 + 0.996 omega + -0.030 omega^2 + -0.001 theta^2 omega + -0.002 theta omega^2 + 2.054 omega^3,-0.002 1 + -0.001 theta + -0.007 omega + -0.060 omega^2 + -0.001 theta^2 omega + 0.002 theta omega^2 + 3.965 omega^3,-2.0066038839e-03,-6.3523545860e-04,-7.2499595046e-03,3.7414302319e-04,-4.7854151982e-04,-6.0453261724e-02,-2.1025911292e-05,-1.2299155885e-03,1.8897165984e-03,3.9647662159e+00
6283,2024-09-05 22:30:00,0.027976,1.405128,0.993772,-0.001 1 + -0.001 theta + 1.010 omega + -0.002 theta omega + 0.251 omega^2 + -0.001 theta^2 omega + 0.060 theta omega^2 + -0.697 omega^3,-0.003 1 + -0.002 theta + 0.023 omega + -0.004 theta omega + 0.456 omega^2 + -0.001 theta^2 omega + 0.120 theta omega^2 + -1.772 omega^3,-2.7088630470e-03,-1.7943526769e-03,2.3372557415e-02,-2.2555964055e-04,-4.0027384090e-03,4.5578339456e-01,-5.5167985178e-06,-1.2619806826e-03,1.2041025849e-01,-1.7721107216e+00
6284,2024-09-05 22:35:00,0.051945,2.910246,2.058183,0.001 1 + -0.003 theta + 0.993 omega + 0.001 theta^2 + 0.010 theta omega + 0.275 omega^2 + -0.001 theta^2 omega + -0.097 theta omega^2 + -0.407 omega^3,0.002 1 + -0.006 theta + -0.014 omega + 0.003 theta^2 + 0.018 theta omega + 0.535 omega^2 + -0.003 theta^2 omega + -0.190 theta omega^2 + -0.720 omega^3,1.9017991699e-03,-6.1275943942e-03,-1.3657857843e-02,2.6450635093e-03,1.7746549153e-02,5.3465309678e-01,-2.9363219663e-04,-2.7005098390e-03,-1.9021147141e-01,-7.1967936446e-01
6285,2024-09-05 22:40:00,0.009076,0.283736,0.200734,-0.001 1 + -0.001 theta + 0.999 omega + 0.001 theta^2 + 0.485 omega^2 + -0.001 theta^2 omega + -0.154 theta omega^2 + -0.085 omega^3,-0.002 1 + -0.002 theta + -0.002 omega + 0.003 theta^2 + -0.002 theta omega + 0.978 omega^2 + -0.001 theta^3 + -0.001 theta^2 omega + -0.323 theta omega^2 + 0.447 omega^3,-2.0553282221e-03,-1.5753991115e-03,-2.2242373327e-03,2.7151174876e-03,-2.1828036298e-03,9.7757981594e-01,-6.9309697305e-04,-1.4008013325e-03,-3.2261845003e-01,4.4713441745e-01
6286,2024-09-05 22:45:00,0.083525,9.031165,6.386271,-0.001 1 + -0.001 theta + 1.017 omega + -0.002 theta omega + -0.050 omega^2 + 0.005 theta omega^2 + -0.365 omega^3,-0.002 1 + -0.002 theta + 0.036 omega + -0.004 theta omega + -0.096 omega^2 + -0.001 theta^2 omega + 0.008 theta omega^2 + -0.586 omega^3,-1.6429911846e-03,-2.4047847153e-03,3.6234451131e-02,-2.2916328143e-04,-3.8241198170e-03,-9.6133655554e-02,-4.4029711214e-06,-5.0816052016e-04,7.5321571779e-03,-5.8645692735e-01
6287,2024-09-05 22:50:00,0.113759,10.018139,7.084350,0.001 1 + -0.001 theta + 0.983 omega + 0.006 theta omega + 0.227 omega^2 + -0.001 theta^2 omega + 0.020 theta omega^2 + -2.428 omega^3,0.002 1 + -0.001 theta + -0.035 omega + 0.012 theta omega + 0.452 omega^2 + -0.001 theta^2 omega + 0.019 theta omega^2 + -3.828 omega^3,2.3767285141e-03,-1.3821290238e-03,-3.5339838143e-02,1.0851426903e-04,1.2328612296e-02,4.5186047074e-01,2.1282128575e-07,-9.6192852621e-04,1.9063737673e-02,-3.8276127889e+00
6288,2024-09-05 22:55:00,nan,nan,nan,-0.003 1 + 0.001 theta + 0.989 omega + 0.111 omega^2 + -0.011 theta omega^2 + 0.286 omega^3,-0.007 1 + 0.001 theta + -0.024 omega + 0.229 omega^2 + -0.023 theta omega^2 + 0.625 omega^3,-6.8434673595e-03,1.0952938937e-03,-2.3631944909e-02,3.3002895963e-06,-1.2957563062e-04,2.2937952201e-01,-5.6196881083e-06,3.0480010248e-04,-2.3180985585e-02,6.2547480630e-01
6289,2024-09-05 23:00:00,0.012301,0.955610,0.675774,0.006 1 + 1.032 omega + 0.004 theta omega + -0.176 omega^2 + 0.001 theta omega^2 + -0.363 omega^3,0.012 1 + 0.073 omega + 0.008 theta omega + -0.326 omega^2 + 0.001 theta omega^2 + -0.709 omega^3,1.2445426326e-02,4.8580555357e-04,7.3370932377e-02,-1.4773649118e-05,8.0231166160e-03,-3.2561211076e-01,-3.6648253852e-07,9.9977019710e-05,1.3574562926e-03,-7.0923770611e-01
6290,2024-09-05 23:05:00,nan,nan,nan,0.003 1 + 1.000 omega + -0.004 theta omega + -0.357 omega^2 + 0.001 theta^2 omega + 0.040 theta omega^2 + 1.105 omega^3,0.007 1 + 0.002 omega + -0.007 theta omega + -0.712 omega^2 + 0.002 theta^2 omega + 0.082 theta omega^2 + 2.079 omega^3,6.5473572348e-03,-2.5613609065e-04,2.4276042007e-03,-1.9611573540e-04,-7.1696438594e-03,-7.1247826593e-01,-1.6912591174e-06,1.6279325438e-03,8.1710237045e-02,2.0787966959e+00
6291,2024-09-05 23:10:00,0.084085,5.246702,3.710455,-0.001 theta + 0.954 omega + 0.005 theta omega + 0.115 omega^2 + -0.020 theta omega^2 + 0.560 omega^3,-0.001 theta + -0.090 omega + 0.009 theta omega + 0.194 omega^2 + -0.037 theta omega^2 + 1.233 omega^3,-3.0389105521e-04,-1.3236286728e-03,-9.0011149466e-02,2.6414115735e-04,9.4192338432e-03,1.9400519270e-01,-1.0796432729e-05,-2.8933115285e-04,-3.7497888525e-02,1.2327786458e+00
6292,2024-09-05 23:15:00,3.850585,48.286123,34.251837,-0.001 theta + 1.021 omega + -0.004 theta omega + -0.039 omega^2 + 0.044 theta omega^2 + -0.507 omega^3,-0.001 theta + 0.040 omega + -0.009 theta omega + -0.069 omega^2 + -0.001 theta^2 omega + 0.090 theta omega^2 + -0.952 omega^3,-4.3396060167e-04,-1.3007061771e-03,4.0387883924e-02,2.0266073094e-04,-9.0715266498e-03,-6.8832530660e-02,-3.1585521149e-06,-7.3365771559e-04,8.9596509013e-02,-9.5176490704e-01
6293,2024-09-05 23:20:00,0.033637,0.824259,0.583324,1.013 omega + -0.008 theta omega + -0.069 omega^2 + -0.001 theta^3 + -0.005 theta^2 omega + 0.071 theta omega^2 + -4.140 omega^3,0.001 1 + 0.027 omega + -0.015 theta omega + -0.148 omega^2 + -0.001 theta^3 + -0.009 theta^2 omega + 0.175 theta omega^2 + -8.068 omega^3,5.2680354660e-04,-3.1280857153e-04,2.7403278969e-02,-1.5029360558e-04,-1.4836254429e-02,-1.4815711115e-01,-1.0592613950e-03,-9.4355573410e-03,1.7486875570e-01,-8.0680175487e+00
6294,2024-09-05 23:25:00,0.125017,3.666652,2.594221,-0.001 1 + 1.027 omega + -0.006 theta omega + 0.016 omega^2 + 0.016 theta omega^2 + -2.356 omega^3,-0.001 1 + 0.001 theta + 0.057 omega + -0.013 theta omega + 0.065 omega^2 + 0.001 theta^2 omega + 0.020 theta omega^2 + -4.600 omega^3,-1.3301146279e-03,7.4870967781e-04,5.6715900775e-02,2.5287359725e-04,-1.3151666896e-02,6.4555704671e-02,-9.8935676005e-05,5.5919491337e-04,2.0446080340e-02,-4.5998251780e+00
6295,2024-09-05 23:30:00,nan,nan,nan,0.003 1 + 0.003 theta + 1.080 omega + 0.032 theta omega + 0.383 omega^2 + 0.003 theta^2 omega + 0.032 theta omega^2 + 0.952 omega^3,0.005 1 + 0.005 theta + 0.160 omega + 0.001 theta^2 + 0.065 theta omega + 0.722 omega^2 + 0.005 theta^2 omega + 0.059 theta omega^2 + 1.927 omega^3,5.1524915588e-03,5.4101830752e-03,1.5977238183e-01,8.3776711487e-04,6.4988477138e-02,7.2156229984e-01,3.2253883392e-05,5.3227806252e-03,5.9376801773e-02,1.9269990884e+00
6296,2024-09-05 23:35:00,0.058512,6.312653,4.463911,0.001 1 + 0.995 omega + 0.007 theta omega + -0.001 omega^2 + -0.020 theta omega^2 + -0.099 omega^3,0.002 1 + -0.001 theta + -0.007 omega + 0.014 theta omega + -0.020 omega^2 + -0.041 theta omega^2 + -0.145 omega^3,1.9681181875e-03,-7.1665619951e-04,-7.3336717699e-03,1.1424714935e-05,1.3555507902e-02,-1.9529523673e-02,2.7705137775e-07,-1.7394894787e-04,-4.0548748497e-02,-1.4452136717e-01
6297,2024-09-05 23:40:00,0.017074,0.514659,0.364119,-0.007 1 + 0.001 theta + 0.987 omega + -0.011 theta omega + 0.680 omega^2 + 0.020 theta omega^2 + -2.013 omega^3,-0.015 1 + 0.002 theta + -0.014 omega + -0.020 theta omega + 1.254 omega^2 + 0.038 theta omega^2 + -3.784 omega^3,-1.5116347632e-02,2.1991750711e-03,-1.3581515589e-02,-1.8459842456e-05,-2.0082917855e-02,1.2543761045e+00,-1.1215411282e-07,1.4828873360e-04,3.7716232772e-02,-3.7835571061e+00
6298,2024-09-05 23:45:00,0.017722,0.628066,0.444286,1.002 omega + -0.009 theta omega + 0.154 omega^2 + 0.006 theta^2 omega + -0.095 theta omega^2 + -0.618 omega^3,-0.001 theta + 0.003 omega + -0.020 theta omega + 0.298 omega^2 + 0.012 theta^2 omega + -0.200 theta omega^2 + -0.788 omega^3,4.6756419689e-04,-6.7775023021e-04,2.5173978404e-03,3.0138319964e-04,-1.9797875799e-02,2.9772211059e-01,-1.2502565357e-04,1.2350947257e-02,-1.9967700101e-01,-7.8819446023e-01
6299,2024-09-05 23:50:00,0.065562,7.672590,5.425538,0.004 1 + -0.001 theta + 0.916 omega + 0.015 theta omega + 0.630 omega^2 + -0.001 theta^2 omega + -0.027 theta omega^2 + -1.960 omega^3,0.007 1 + -0.002 theta + -0.168 omega + 0.029 theta omega + 1.283 omega^2 + -0.001 theta^2 omega + -0.061 theta omega^2 + -3.757 omega^3,6.8837319648e-03,-1.6652523699e-03,-1.6824852200e-01,4.4662312626e-05,2.9294241621e-02,1.2831721424e+00,2.1081867932e-06,-1.0113870869e-03,-6.0664338906e-02,-3.7565258154e+00
6300,2024-09-05 23:55:00,0.573094,16.341203,11.562079,-0.001 1 + -0.002 theta + 1.073 omega + -0.012 theta omega + 0.579 omega^2 + 0.008 theta omega^2 + -0.312 omega^3,-0.002 1 + -0.004 theta + 0.150 omega + -0.026 theta omega + 1.173 omega^2 + -0.001 theta^2 omega + 0.016 theta omega^2 + -0.621 omega^3,-2.4221264849e-03,-3.8940491743e-03,1.5046350399e-01,-1.4792937570e-04,-2.5537101561e-02,1.1726603361e+00,-8.8200059298e-07,-9.0171538678e-04,1.6317228453e-02,-6.2063488098e-01
6301,2024-09-06 00:00:00,0.062024,5.905356,4.175947,0.002 1 + 0.002 theta + 1.009 omega + 0.019 theta omega + -0.417 omega^2 + 0.061 theta omega^2 + -2.713 omega^3,0.004 1 + 0.004 theta + 0.022 omega + 0.037 theta omega + -0.819 omega^2 + 0.121 theta omega^2 + -5.404 omega^3,3.5053679389e-03,3.5953741379e-03,2.1920411169e-02,5.2811973406e-05,3.7282591459e-02,-8.1914154847e-01,4.4526405291e-07,8.5052694316e-05,1.2141040254e-01,-5.4041950590e+00
6302,2024-09-06 00:05:00,0.060844,3.400628,2.404992,-0.001 1 + 1.002 omega + -0.007 theta omega + 0.118 omega^2 + -0.002 theta^2 omega + -0.341 omega^3,-0.003 1 + 0.005 omega + -0.016 theta omega + 0.260 omega^2 + -0.004 theta^2 omega + 0.007 theta omega^2 + -0.845 omega^3,-2.9258568379e-03,1.4205965502e-04,4.7300973583e-03,3.4426679530e-04,-1.5582244713e-02,2.6014440191e-01,2.5179434789e-05,-3.8515771795e-03,6.9015668197e-03,-8.4480791757e-01
6303,2024-09-06 00:10:00,0.047411,4.319441,3.054490,-0.025 1 + 0.002 theta + 1.209 omega + -0.047 theta omega + 1.902 omega^2 + 0.170 theta omega^2 + -13.950 omega^3,-0.050 1 + 0.004 theta + 0.408 omega + -0.094 theta omega + 3.899 omega^2 + 0.339 theta omega^2 + -28.191 omega^3,-4.9969710597e-02,4.4973671391e-03,4.0752811749e-01,1.5718350140e-04,-9.4331821478e-02,3.8986958368e+00,-4.7414004029e-06,2.0145749697e-04,3.3866139719e-01,-2.8191256040e+01
6304,2024-09-06 00:15:00,nan,nan,nan,-0.009 1 + 0.003 theta + 1.082 omega + -0.023 theta omega + -0.308 omega^2 + 0.001 theta^2 omega + 0.014 theta omega^2 + 2.975 omega^3,-0.019 1 + 0.005 theta + 0.168 omega + -0.045 theta omega + -0.669 omega^2 + 0.001 theta^2 omega + 0.027 theta omega^2 + 6.176 omega^3,-1.8870003787e-02,5.2730855786e-03,1.6797067784e-01,-1.7384055834e-04,-4.5036721587e-02,-6.6899375018e-01,1.2911764107e-06,1.0393936559e-03,2.6738486645e-02,6.1759526766e+00
6305,2024-09-06 00:25:00,0.021141,1.596812,1.129216,0.002 1 + 0.001 theta + 0.819 omega + -0.021 theta omega + 3.453 omega^2 + 0.106 theta omega^2 + -17.856 omega^3,0.005 1 + 0.001 theta + -0.366 omega + -0.043 theta omega + 6.975 omega^2 + 0.211 theta omega^2 + -35.877 omega^3,4.8904359131e-03,1.4396347863e-03,-3.6572973029e-01,4.6586289696e-05,-4.2539346195e-02,6.9748641732e+00,-1.6967627076e-06,1.8061464358e-04,2.1055802058e-01,-3.5876959550e+01
6306,2024-09-06 00:30:00,0.016382,1.038556,0.734461,0.016 1 + -0.001 theta + 0.658 omega + 0.013 theta omega + 2.154 omega^2 + -0.056 theta omega^2 + -3.938 omega^3,0.031 1 + -0.001 theta + -0.663 omega + 0.026 theta omega + 4.119 omega^2 + -0.110 theta omega^2 + -7.301 omega^3,3.0511062378e-02,-1.0307120214e-03,-6.6299629009e-01,-3.3197488105e-05,2.6441167919e-02,4.1190728990e+00,1.0493282334e-06,-9.7516603291e-05,-1.1044083372e-01,-7.3009314632e+00
6307,2024-09-06 00:35:00,nan,nan,nan,-0.027 1 + 0.006 theta + 1.228 omega + -0.039 theta omega + -0.433 omega^2 + 0.001 theta^2 omega + 0.026 theta omega^2 + 1.342 omega^3,-0.056 1 + 0.011 theta + 0.480 omega + -0.001 theta^2 + -0.078 theta omega + -0.986 omega^2 + 0.002 theta^2 omega + 0.056 theta omega^2 + 2.863 omega^3,-5.6096518612e-02,1.1146381811e-02,4.8002821473e-01,-5.9026814471e-04,-7.7589975816e-02,-9.8649249877e-01,9.1852029959e-06,2.4341952676e-03,5.5565021489e-02,2.8628064717e+00
6308,2024-09-06 00:40:00,0.020644,0.351154,0.248732,-0.001 theta + 1.009 omega + 0.003 theta omega + -0.298 omega^2 + -0.009 theta^2 omega + -0.108 theta omega^2 + -2.833 omega^3,0.001 1 + -0.001 theta + 0.019 omega + 0.006 theta omega + -0.580 omega^2 + -0.019 theta^2 omega + -0.186 theta omega^2 + -5.646 omega^3,8.0146022488e-04,-1.4989556306e-03,1.9394789235e-02,-3.7374391035e-04,6.2315196938e-03,-5.8045512076e-01,1.4626941971e-05,-1.9477570638e-02,-1.8623355444e-01,-5.6455670759e+00
6309,2024-09-06 00:45:00,0.211951,18.046434,12.761636,-0.001 1 + 0.916 omega + 0.001 theta^2 + -0.053 theta omega + -0.713 omega^2 + -0.005 theta^2 omega + -0.394 theta omega^2 + 4.527 omega^3,-0.001 1 + 0.001 theta + -0.168 omega + 0.001 theta^2 + -0.109 theta omega + -1.457 omega^2 + -0.011 theta^2 omega + -0.797 theta omega^2 + 9.266 omega^3,-1.4379834638e-03,8.5701165759e-04,-1.6826771503e-01,1.2537311944e-03,-1.0885704239e-01,-1.4571256721e+00,2.2023800993e-04,-1.1476779444e-02,-7.9655178693e-01,9.2660432178e+00
6310,2024-09-06 00:50:00,0.069418,7.826334,5.534271,0.979 omega + -0.021 theta omega + 1.463 omega^2 + -0.001 theta^2 omega + 0.138 theta omega^2 + -8.538 omega^3,0.001 1 + -0.001 theta + -0.038 omega + -0.040 theta omega + 2.797 omega^2 + -0.002 theta^2 omega + 0.264 theta omega^2 + -16.292 omega^3,7.0696363133e-04,-9.4552003574e-04,-3.8106726809e-02,4.6537403459e-04,-3.9586890437e-02,2.7972807632e+00,-1.1746890560e-05,-1.7936343243e-03,2.6379327683e-01,-1.6291578802e+01
6311,2024-09-06 00:55:00,0.210953,8.540816,6.041111,-0.003 1 + 0.001 theta + 1.046 omega + -0.010 theta omega + -0.032 omega^2 + 0.001 theta^2 omega + -0.028 theta omega^2 + -0.500 omega^3,-0.007 1 + 0.003 theta + 0.087 omega + -0.019 theta omega + 0.008 omega^2 + 0.001 theta^2 omega + -0.072 theta omega^2 + -0.838 omega^3,-6.5994114213e-03,2.7747714851e-03,8.6699143939e-02,-1.7164189414e-04,-1.9469556932e-02,7.9791175988e-03,-1.0535387680e-05,1.0469014040e-03,-7.1874030698e-02,-8.3832464331e-01
6312,2024-09-06 01:00:00,0.070554,2.981024,2.108493,0.002 theta + 1.020 omega + 0.003 theta omega + -0.080 omega^2 + -0.002 theta^2 omega + -0.188 theta omega^2 + -2.387 omega^3,0.003 theta + 0.038 omega + 0.001 theta^2 + 0.006 theta omega + -0.158 omega^2 + -0.003 theta^2 omega + -0.381 theta omega^2 + -4.582 omega^3,1.5471872628e-04,3.4532724582e-03,3.8182145896e-02,6.4434458646e-04,6.3853104073e-03,-1.5820409865e-01,-3.7255866736e-04,-3.1098002843e-03,-3.8106252019e-01,-4.5822298511e+00
6313,2024-09-06 01:05:00,1.006452,4.458973,3.232289,-0.065 1 + 0.005 theta + 1.972 omega + -0.081 theta omega + -2.979 omega^2 + 0.001 theta^2 omega + 0.217 theta omega^2 + -1.716 omega^3,-0.133 1 + 0.010 theta + 1.997 omega + -0.166 theta omega + -6.340 omega^2 + 0.002 theta^2 omega + 0.447 theta omega^2 + -2.424 omega^3,-1.3344128700e-01,1.0000865334e-02,1.9972335378e+00,7.0273499333e-05,-1.6619462869e-01,-6.3404996691e+00,-9.9679327309e-06,2.2453731522e-03,4.4652562253e-01,-2.4236439026e+00
6314,2024-09-06 01:10:00,nan,nan,nan,1.049 omega + -0.016 theta omega + -0.052 omega^2 + 0.001 theta^2 omega + 0.023 theta omega^2 + 0.024 omega^3,-0.001 1 + 0.099 omega + -0.032 theta omega + -0.094 omega^2 + 0.002 theta^2 omega + 0.044 theta omega^2 + -0.015 omega^3,-7.4577069770e-04,-3.9789555980e-04,9.8838577222e-02,1.3269831218e-04,-3.2058065038e-02,-9.4450996976e-02,-7.4604858421e-06,1.7081312246e-03,4.4056905621e-02,-1.4950238917e-02
6315,2024-09-06 01:15:00,0.039875,3.811098,2.695000,-0.003 theta + 0.992 omega + 0.002 theta^2 + -0.032 theta omega + 1.066 omega^2 + 0.008 theta^2 omega + -0.256 theta omega^2 + 5.009 omega^3,-0.001 1 + -0.006 theta + -0.015 omega + 0.003 theta^2 + -0.065 theta omega + 2.102 omega^2 + 0.016 theta^2 omega + -0.513 theta omega^2 + 10.509 omega^3,-7.6142976191e-04,-5.5037943851e-03,-1.4778976508e-02,3.0697335457e-03,-6.4599864091e-02,2.1018310682e+00,-4.0768001251e-04,1.6177168998e-02,-5.1285495797e-01,1.0509184451e+01
6316,2024-09-06 01:20:00,0.023779,1.334700,0.943925,-0.001 theta + 1.023 omega + 0.011 theta omega + 0.056 omega^2 + -0.051 theta omega^2 + -1.454 omega^3,-0.002 theta + 0.047 omega + 0.022 theta omega + 0.094 omega^2 + -0.001 theta^2 omega + -0.104 theta omega^2 + -2.764 omega^3,-4.9010603113e-04,-1.8766913915e-03,4.6883634672e-02,1.3119104678e-04,2.1638244801e-02,9.4166285733e-02,-1.0471414270e-06,-7.3798731136e-04,-1.0376686576e-01,-2.7644446595e+00
6317,2024-09-06 01:25:00,0.046595,2.800804,1.980741,0.010 1 + -0.002 theta + 0.605 omega + 0.026 theta omega + 4.722 omega^2 + -0.185 theta omega^2 + -13.901 omega^3,0.019 1 + -0.004 theta + -0.765 omega + 0.051 theta omega + 9.325 omega^2 + -0.001 theta^2 omega + -0.368 theta omega^2 + -27.574 omega^3,1.9434331081e-02,-3.6735006380e-03,-7.6492174263e-01,2.8273579691e-04,5.0502422547e-02,9.3245248110e+00,-7.7987461281e-06,-6.4941274773e-04,-3.6815431502e-01,-2.7574419591e+01
6318,2024-09-06 01:30:00,0.047893,2.496771,1.765808,-0.005 theta + 1.020 omega + 0.021 theta omega + 1.480 omega^2 + -0.002 theta^2 omega + 0.016 theta omega^2 + -10.769 omega^3,0.001 1 + -0.010 theta + 0.042 omega + 0.001 theta^2 + 0.041 theta omega + 2.959 omega^2 + -0.004 theta^2 omega + 0.031 theta omega^2 + -21.314 omega^3,7.4628943891e-04,-9.6325256388e-03,4.2138011013e-02,1.0103265942e-03,4.1055551185e-02,2.9591812040e+00,-2.2603485572e-05,-4.0289977806e-03,3.0603110467e-02,-2.1313501783e+01
6319,2024-09-06 01:35:00,0.024888,1.242301,0.878616,0.002 theta + 0.908 omega + -0.016 theta omega + 1.148 omega^2 + 0.024 theta omega^2 + -2.835 omega^3,-0.001 1 + 0.003 theta + -0.167 omega + -0.032 theta omega + 2.179 omega^2 + 0.001 theta^2 omega + 0.051 theta omega^2 + -5.426 omega^3,-9.1879457914e-04,3.3008626107e-03,-1.6732238906e-01,-7.8350128493e-05,-3.2436579128e-02,2.1785407219e+00,1.4440752653e-07,5.5144403232e-04,5.0782110902e-02,-5.4258600009e+00
6320,2024-09-06 01:40:00,0.027531,2.723148,1.925655,-0.003 1 + -0.001 theta + 1.125 omega + 0.001 theta omega + -1.065 omega^2 + 0.010 theta omega^2 + 2.008 omega^3,-0.006 1 + -0.001 theta + 0.258 omega + 0.004 theta omega + -2.214 omega^2 + 0.014 theta omega^2 + 4.412 omega^3,-6.4070167125e-03,-1.1183742828e-03,2.5847339243e-01,9.2550225878e-05,3.5717584608e-03,-2.2136119045e+00,-1.7927421294e-06,-2.6998928217e-04,1.4456331396e-02,4.4120062311e+00
6321,2024-09-06 01:45:00,0.043101,2.718105,1.922232,-0.001 theta + 1.004 omega + -0.003 theta omega + 0.242 omega^2 + -0.073 theta omega^2 + 0.603 omega^3,-0.001 theta + 0.009 omega + 0.001 theta^2 + -0.005 theta omega + 0.466 omega^2 + -0.001 theta^2 omega + -0.153 theta omega^2 + 1.502 omega^3,3.8201910487e-05,-1.1861061063e-03,9.1469386000e-03,5.5505875734e-04,-5.3335090272e-03,4.6649644003e-01,-6.7739362229e-05,-5.8461920438e-04,-1.5294514733e-01,1.5021371863e+00
6322,2024-09-06 01:50:00,nan,nan,nan,-0.021 1 + 0.002 theta + 1.436 omega + -0.042 theta omega + -2.493 omega^2 + 0.001 theta^2 omega + 0.141 theta omega^2 + 3.127 omega^3,-0.041 1 + 0.005 theta + 0.875 omega + -0.083 theta omega + -5.045 omega^2 + 0.002 theta^2 omega + 0.281 theta omega^2 + 6.601 omega^3,-4.1363159031e-02,4.7020146287e-03,8.7459506147e-01,-1.1180396161e-04,-8.2666115553e-02,-5.0447303692e+00,-1.1292871037e-06,1.7229753412e-03,2.8064034754e-01,6.6007244801e+00
6323,2024-09-06 01:55:00,0.075485,13.387630,9.466634,-0.004 1 + 0.968 omega + 0.011 theta omega + 1.061 omega^2 + -0.073 theta omega^2 + -3.743 omega^3,-0.004 1 + -0.205 omega + 0.030 theta omega + 3.568 omega^2 + -0.001 theta^2 omega + -0.192 theta omega^2 + -11.679 omega^3,-4.1940698102e-03,-2.3844810964e-04,-2.0466467775e-01,4.7508609201e-05,3.0412363376e-02,3.5679337982e+00,-1.3142859840e-06,-9.9764242093e-04,-1.9192963174e-01,-1.1678542864e+01
6324,2024-09-06 02:00:00,nan,nan,nan,-0.072 1 + 0.005 theta + 2.087 omega + -0.055 theta omega + -5.372 omega^2 + 0.001 theta^2 omega + 0.127 theta omega^2 + 9.763 omega^3,-0.145 1 + 0.010 theta + 2.220 omega + -0.111 theta omega + -11.062 omega^2 + 0.001 theta^2 omega + 0.261 theta omega^2 + 20.235 omega^3,-1.4548610539e-01,9.7768126460e-03,2.2200922715e+00,-1.7327787066e-04,-1.1110650218e-01,-1.1061629913e+01,3.4827955824e-07,1.3573212344e-03,2.6054824655e-01,2.0234806051e+01
6325,2024-09-06 02:05:00,nan,nan,nan,-0.002 theta + 1.090 omega + 0.009 theta omega + -0.843 omega^2 + -0.026 theta omega^2 + 2.872 omega^3,-0.001 1 + -0.004 theta + 0.186 omega + 0.018 theta omega + -1.726 omega^2 + -0.001 theta^2 omega + -0.055 theta omega^2 + 5.894 omega^3,-5.0647672677e-04,-3.8957628452e-03,1.8560913510e-01,3.0814449169e-04,1.8258722482e-02,-1.7258855307e+00,-6.1582186809e-06,-7.1314718234e-04,-5.5225191289e-02,5.8943346862e+00
6326,2024-09-06 02:10:00,nan,nan,nan,-0.003 1 + 1.127 omega + -0.024 theta omega + -0.667 omega^2 + 0.001 theta^2 omega + 0.036 theta omega^2 + 2.863 omega^3,-0.007 1 + 0.001 theta + 0.265 omega + -0.050 theta omega + -1.420 omega^2 + 0.002 theta^2 omega + 0.078 theta omega^2 + 6.041 omega^3,-7.1316003840e-03,6.0349641494e-04,2.6482827287e-01,1.0880758058e-04,-4.9988697923e-02,-1.4198074694e+00,-8.0023832121e-06,2.0995978561e-03,7.8234151653e-02,6.0411971769e+00
6327,2024-09-06 02:15:00,0.046605,3.934928,2.782609,0.001 1 + -0.001 theta + 0.969 omega + -0.019 theta omega + 2.117 omega^2 + 0.106 theta omega^2 + -14.639 omega^3,0.001 1 + -0.001 theta + -0.055 omega + -0.037 theta omega + 4.128 omega^2 + 0.211 theta omega^2 + -28.634 omega^3,1.2275076461e-03,-1.4202206233e-03,-5.5077971735e-02,3.1553178505e-04,-3.6524716854e-02,4.1275357265e+00,-1.0144962474e-05,-9.8289739858e-06,2.1062573782e-01,-2.8633680329e+01
6328,2024-09-06 02:20:00,0.159302,2.797442,1.981295,-0.012 1 + 1.302 omega + -0.024 theta omega + -1.248 omega^2 + 0.178 theta omega^2 + -5.301 omega^3,-0.024 1 + 0.001 theta + 0.597 omega + -0.048 theta omega + -2.416 omega^2 + -0.001 theta^2 omega + 0.347 theta omega^2 + -10.609 omega^3,-2.4276428056e-02,9.6009874869e-04,5.9700434776e-01,9.4672691109e-05,-4.8297494757e-02,-2.4156289461e+00,-9.1432449474e-07,-5.6960476251e-04,3.4705791399e-01,-1.0608993208e+01
6329,2024-09-06 02:25:00,0.113341,3.867234,2.735722,-0.029 1 + 0.005 theta + 1.216 omega + -0.034 theta omega + 0.263 omega^2 + 0.001 theta^2 omega + -0.021 theta omega^2 + -0.830 omega^3,-0.059 1 + 0.010 theta + 0.428 omega + -0.067 theta omega + 0.561 omega^2 + 0.003 theta^2 omega + -0.044 theta omega^2 + -1.615 omega^3,-5.9055395707e-02,1.0099865656e-02,4.2845124798e-01,-4.4260100481e-04,-6.7081514256e-02,5.6121197270e-01,2.7655222062e-06,2.5303860600e-03,-4.4222436879e-02,-1.6149125962e+00
6330,2024-09-06 02:30:00,1.913258,58.152420,41.142220,-0.010 1 + 0.004 theta + 1.096 omega + -0.044 theta omega + 0.421 omega^2 + 0.001 theta^2 omega + 0.111 theta omega^2 + -4.196 omega^3,-0.019 1 + 0.008 theta + 0.200 omega + -0.001 theta^2 + -0.088 theta omega + 0.769 omega^2 + 0.003 theta^2 omega + 0.223 theta omega^2 + -8.095 omega^3,-1.9319663824e-02,8.1675025001e-03,1.9954284007e-01,-5.2753535631e-04,-8.7869050245e-02,7.6869846789e-01,9.7347874061e-06,2.6965002431e-03,2.2306940815e-01,-8.0948093503e+00
6331,2024-09-06 02:35:00,nan,nan,nan,-0.024 1 + 1.489 omega + -0.024 theta omega + -2.410 omega^2 + 0.096 theta omega^2 + 3.078 omega^3,-0.050 1 + 1.006 omega + -0.049 theta omega + -5.069 omega^2 + 0.196 theta omega^2 + 6.981 omega^3,-4.9982113187e-02,3.6717168468e-04,1.0063484927e+00,2.0425853192e-04,-4.8502536343e-02,-5.0691877150e+00,-4.6881926027e-06,1.0498672548e-05,1.9576162281e-01,6.9807927103e+00
6332,2024-09-06 02:40:00,nan,nan,nan,-0.009 1 + 0.004 theta + 1.150 omega + -0.047 theta omega + -0.756 omega^2 + 0.003 theta^2 omega + 0.003 theta omega^2 + 6.259 omega^3,-0.020 1 + 0.009 theta + 0.319 omega + -0.001 theta^2 + -0.098 theta omega + -1.657 omega^2 + 0.006 theta^2 omega + 0.014 theta omega^2 + 13.205 omega^3,-1.9699731871e-02,8.6391906925e-03,3.1905541767e-01,-7.4191188976e-04,-9.7873321640e-02,-1.6566889505e+00,1.3645448939e-05,5.9035988964e-03,1.3599950125e-02,1.3204846343e+01
6333,2024-09-06 02:45:00,0.082959,5.854088,4.139881,0.002 1 + 0.900 omega + 0.018 theta omega + 1.297 omega^2 + 0.003 theta^2 omega + -0.326 theta omega^2 + -0.621 omega^3,0.004 1 + -0.201 omega + 0.036 theta omega + 2.625 omega^2 + 0.007 theta^2 omega + -0.666 theta omega^2 + -1.020 omega^3,3.7708891387e-03,-1.8520066076e-04,-2.0050949705e-01,-2.6407232292e-04,3.5606168195e-02,2.6248491902e+00,-1.6068460421e-05,6.7061048310e-03,-6.6636952948e-01,-1.0200315389e+00
6334,2024-09-06 02:50:00,0.029816,3.254608,2.301452,0.006 1 + 0.001 theta + 0.712 omega + 0.011 theta omega + 2.495 omega^2 + -0.093 theta omega^2 + -3.260 omega^3,0.011 1 + 0.001 theta + -0.553 omega + 0.023 theta omega + 4.704 omega^2 + -0.191 theta omega^2 + -5.355 omega^3,1.0912806106e-02,1.3748309663e-03,-5.5271086274e-01,-1.9712346305e-04,2.2947268203e-02,4.7041767039e+00,4.6905865351e-06,1.9468115673e-04,-1.9119752382e-01,-5.3554295387e+00
6335,2024-09-06 02:55:00,0.019633,0.418919,0.296546,-0.003 1 + 0.001 theta + 1.033 omega + -0.010 theta omega + -0.415 omega^2 + 0.034 theta omega^2 + 2.051 omega^3,-0.006 1 + 0.002 theta + 0.068 omega + -0.020 theta omega + -0.817 omega^2 + 0.001 theta^2 omega + 0.067 theta omega^2 + 4.191 omega^3,-5.8628744327e-03,1.8108436757e-03,6.7687913059e-02,-9.5890520053e-05,-1.9721826064e-02,-8.1740796601e-01,-8.5551115134e-07,9.7526401373e-04,6.6591254154e-02,4.1913661682e+00
6336,2024-09-06 03:00:00,0.165245,12.135362,8.581792,-0.002 theta + 1.036 omega + 0.011 theta omega + -0.165 omega^2 + 0.010 theta omega^2 + -0.804 omega^3,-0.003 theta + 0.073 omega + 0.021 theta omega + -0.382 omega^2 + -0.001 theta^2 omega + 0.022 theta omega^2 + -1.304 omega^3,4.9609640081e-04,-3.3495908336e-03,7.3333941096e-02,1.5546526960e-04,2.1257107128e-02,-3.8218073400e-01,-1.1143215598e-06,-9.5531852729e-04,2.1569694404e-02,-1.3041743213e+00
6337,2024-09-06 03:05:00,nan,nan,nan,0.001 1 + -0.002 theta + 1.046 omega + 0.005 theta omega + -0.803 omega^2 + -0.089 theta omega^2 + 5.013 omega^3,0.002 1 + -0.004 theta + 0.094 omega + 0.001 theta^2 + 0.010 theta omega + -1.603 omega^2 + -0.001 theta^2 omega + -0.182 theta omega^2 + 10.299 omega^3,2.1981656383e-03,-3.9721109873e-03,9.3539284470e-02,9.6770827182e-04,9.8967000946e-03,-1.6025190551e+00,-4.8860248637e-05,-9.1689690022e-04,-1.8223821265e-01,1.0299106989e+01
6338,2024-09-06 03:10:00,0.015690,0.913335,0.645920,0.002 1 + -0.001 theta + 1.005 omega + 0.003 theta omega + -0.302 omega^2 + 0.024 theta omega^2 + 0.403 omega^3,0.003 1 + -0.001 theta + 0.014 omega + 0.006 theta omega + -0.591 omega^2 + -0.001 theta^2 omega + 0.051 theta omega^2 + 0.458 omega^3,3.1263985008e-03,-1.2169857305e-03,1.3574331063e-02,1.0627831943e-04,5.9481320482e-03,-5.9147447364e-01,-2.6657273874e-06,-5.3443080393e-04,5.0687817912e-02,4.5837073810e-01
6339,2024-09-06 03:15:00,0.007150,0.360440,0.254920,0.001 1 + 1.057 omega + -0.012 theta omega + -1.198 omega^2 + 0.081 theta omega^2 + 6.124 omega^3,0.002 1 + 0.115 omega + -0.024 theta omega + -2.280 omega^2 + 0.173 theta omega^2 + 11.059 omega^3,1.9364100837e-03,-1.0782575751e-04,1.1520587812e-01,7.2669826413e-05,-2.4343129235e-02,-2.2799893351e+00,-3.1474472348e-06,3.8135993748e-04,1.7270591398e-01,1.1059298050e+01
6340,2024-09-06 03:20:00,0.061507,1.432020,1.013525,-0.001 1 + -0.004 theta + 1.016 omega + 0.001 theta^2 + 0.016 theta omega + 0.356 omega^2 + -0.001 theta^2 omega + -0.056 theta omega^2 + -0.839 omega^3,-0.001 1 + -0.007 theta + 0.034 omega + 0.001 theta^2 + 0.030 theta omega + 0.659 omega^2 + -0.003 theta^2 omega + -0.104 theta omega^2 + -1.446 omega^3,-1.2690109965e-03,-7.3478354572e-03,3.4334138202e-02,1.2161305102e-03,3.0484654836e-02,6.5891815290e-01,-4.9676964625e-05,-2.7998244338e-03,-1.0426421242e-01,-1.4460103626e+00
6341,2024-09-06 03:25:00,0.400316,13.715844,9.702696,-0.002 1 + 1.033 omega + -0.005 theta omega + 0.035 omega^2 + 0.014 theta omega^2 + -0.694 omega^3,-0.004 1 + 0.060 omega + -0.010 theta omega + 0.155 omega^2 + 0.026 theta omega^2 + -1.594 omega^3,-4.0546756989e-03,1.7278206858e-04,5.9997043290e-02,3.0696590684e-05,-9.6955165186e-03,1.5498689313e-01,-1.0642915856e-06,1.2931423436e-04,2.6408349349e-02,-1.5941346505e+00
6342,2024-09-06 03:30:00,nan,nan,nan,-0.016 1 + 0.004 theta + 1.341 omega + -0.093 theta omega + -0.711 omega^2 + 0.006 theta^2 omega + 0.071 theta omega^2 + -0.227 omega^3,-0.033 1 + 0.007 theta + 0.687 omega + -0.185 theta omega + -1.418 omega^2 + 0.012 theta^2 omega + 0.139 theta omega^2 + -0.544 omega^3,-3.3127121321e-02,7.3320674500e-03,6.8736834303e-01,7.4899272699e-05,-1.8548942570e-01,-1.4177845341e+00,-4.5450115102e-05,1.1531051571e-02,1.3900136565e-01,-5.4374338885e-01
6343,2024-09-06 03:35:00,0.070243,4.799873,3.394387,0.002 1 + -0.001 theta + 0.802 omega + -0.001 theta omega + 3.920 omega^2 + 0.001 theta^2 omega + -0.143 theta omega^2 + -11.035 omega^3,0.004 1 + -0.003 theta + -0.388 omega + -0.002 theta omega + 7.795 omega^2 + 0.001 theta^2 omega + -0.285 theta omega^2 + -21.834 omega^3,4.1056728322e-03,-2.5453079725e-03,-3.8811781874e-01,3.6375784972e-04,-1.7337904877e-03,7.7952329443e+00,-1.3146845136e-05,1.0316679984e-03,-2.8489848239e-01,-2.1834258040e+01
6344,2024-09-06 03:40:00,0.108822,5.146919,3.640235,0.002 1 + 1.003 omega + 0.001 theta omega + 0.009 omega^2 + 0.028 theta omega^2 + -1.328 omega^3,0.003 1 + -0.001 theta + 0.007 omega + 0.001 theta omega + 0.004 omega^2 + 0.055 theta omega^2 + -2.512 omega^3,2.9596063707e-03,-6.7052265086e-04,7.4287415983e-03,-1.9932941067e-05,1.4155725807e-03,3.5360830791e-03,3.7069839180e-06,-3.7207858137e-04,5.4583812737e-02,-2.5122814153e+00
6345,2024-09-06 03:45:00,nan,nan,nan,-0.002 1 + 0.004 theta + 1.048 omega + -0.001 theta^2 + -0.019 theta omega + -0.611 omega^2 + 0.002 theta^2 omega + 0.133 theta omega^2 + -0.824 omega^3,-0.003 1 + 0.007 theta + 0.094 omega + -0.002 theta^2 + -0.036 theta omega + -1.173 omega^2 + 0.003 theta^2 omega + 0.257 theta omega^2 + -1.707 omega^3,-3.2959917777e-03,7.2718103447e-03,9.4470981359e-02,-2.2371357462e-03,-3.5921027692e-02,-1.1726395367e+00,1.7483595269e-04,3.3092696684e-03,2.5671955391e-01,-1.7065910257e+00
6346,2024-09-06 03:50:00,0.099441,5.671900,4.011255,0.001 1 + -0.003 theta + 0.982 omega + 0.001 theta^2 + 0.020 theta omega + 0.475 omega^2 + -0.002 theta^2 omega + -0.086 theta omega^2 + -2.572 omega^3,0.003 1 + -0.005 theta + -0.035 omega + 0.001 theta^2 + 0.040 theta omega + 0.964 omega^2 + -0.004 theta^2 omega + -0.172 theta omega^2 + -5.001 omega^3,2.5543571906e-03,-5.0858972480e-03,-3.4984939843e-02,1.3002973729e-03,3.9778818165e-02,9.6354311125e-01,-8.6112047207e-05,-4.0264773086e-03,-1.7210877915e-01,-5.0010202000e+00
6347,2024-09-06 03:55:00,nan,nan,nan,-0.002 1 + 0.001 theta + 1.132 omega + -0.046 theta omega + -1.528 omega^2 + 0.003 theta^2 omega + 0.120 theta omega^2 + 8.474 omega^3,-0.005 1 + 0.003 theta + 0.266 omega + -0.093 theta omega + -3.078 omega^2 + 0.006 theta^2 omega + 0.241 theta omega^2 + 17.193 omega^3,-4.9298746916e-03,3.1529802239e-03,2.6562604339e-01,-1.9066961724e-04,-9.3415193058e-02,-3.0782494893e+00,-5.7958487773e-06,6.2092644612e-03,2.4074474501e-01,1.7193133539e+01
6348,2024-09-06 04:00:00,nan,nan,nan,-0.004 1 + 1.006 omega + -0.005 theta omega + 0.636 omega^2 + -0.097 theta omega^2 + 0.567 omega^3,-0.007 1 + -0.001 theta + 0.011 omega + 0.001 theta^2 + -0.009 theta omega + 1.248 omega^2 + 0.001 theta^2 omega + -0.192 theta omega^2 + 1.315 omega^3,-6.9258918423e-03,-9.8103739976e-04,1.0850468262e-02,5.9726358203e-04,-8.9872164664e-03,1.2482213095e+00,-4.4126479458e-05,7.5760800394e-04,-1.9197547129e-01,1.3146165508e+00
6349,2024-09-06 04:05:00,nan,nan,nan,0.972 omega + -0.004 theta omega + -0.058 omega^2 + 0.019 theta omega^2 + 2.312 omega^3,-0.001 1 + 0.001 theta + -0.055 omega + -0.009 theta omega + -0.099 omega^2 + 0.043 theta omega^2 + 4.539 omega^3,-9.3541772041e-04,6.0112183454e-04,-5.5435194491e-02,1.5465636299e-04,-9.0851185214e-03,-9.8989630331e-02,-1.7799500333e-05,5.6869509128e-05,4.3070224125e-02,4.5386645106e+00
6350,2024-09-06 04:10:00,nan,nan,nan,0.001 theta + 1.034 omega + -0.029 theta omega + -0.746 omega^2 + 0.003 theta^2 omega + 0.002 theta omega^2 + 7.662 omega^3,-0.002 1 + 0.003 theta + 0.093 omega + -0.063 theta omega + -1.592 omega^2 + 0.007 theta^2 omega + 0.016 theta omega^2 + 15.495 omega^3,-1.9136420520e-03,2.7851954048e-03,9.3223479923e-02,-7.0396003537e-05,-6.3312932314e-02,-1.5919754420e+00,-3.1778097818e-05,6.7529147581e-03,1.5807715700e-02,1.5495428910e+01
6351,2024-09-06 04:15:00,0.065050,1.999666,1.414726,0.006 1 + 0.001 theta + 0.688 omega + 0.001 theta omega + 3.401 omega^2 + -0.040 theta omega^2 + -9.002 omega^3,0.013 1 + 0.002 theta + -0.624 omega + 0.002 theta omega + 6.833 omega^2 + -0.081 theta omega^2 + -17.939 omega^3,1.2690663168e-02,1.9146249941e-03,-6.2392996291e-01,-2.1907502643e-04,1.9868872370e-03,6.8326537443e+00,5.3950097817e-06,3.8129954131e-04,-8.0840101570e-02,-1.7939297464e+01
6352,2024-09-06 04:20:00,0.052218,3.821213,2.702258,0.997 omega + -0.001 theta omega + 0.011 omega^2 + 0.007 theta^2 omega + -0.390 theta omega^2 + 1.867 omega^3,-0.003 omega + -0.002 theta omega + 0.057 omega^2 + 0.013 theta^2 omega + -0.768 theta omega^2 + 3.013 omega^3,2.5213918736e-04,-4.6642436207e-04,-3.0023286228e-03,2.3934500421e-04,-2.0790520260e-03,5.6744650631e-02,-6.6581131822e-05,1.2883779614e-02,-7.6771898181e-01,3.0132643543e+00
6353,2024-09-06 04:25:00,0.043584,1.867015,1.320539,0.013 1 + -0.011 theta + 0.897 omega + 0.003 theta^2 + 0.069 theta omega + 0.709 omega^2 + -0.010 theta^2 omega + -0.001 theta omega^2 + -9.432 omega^3,0.025 1 + -0.023 theta + -0.203 omega + 0.006 theta^2 + 0.136 theta omega + 1.445 omega^2 + -0.001 theta^3 + -0.019 theta^2 omega + 0.003 theta omega^2 + -19.452 omega^3,2.5325908404e-02,-2.2717683948e-02,-2.0302149359e-01,5.9665799518e-03,1.3574185317e-01,1.4450863983e+00,-5.1638745120e-04,-1.9490340569e-02,2.9891363394e-03,-1.9452175781e+01
6354,2024-09-06 04:30:00,0.190522,8.528353,6.031961,0.001 1 + 0.983 omega + 0.005 theta omega + -0.730 omega^2 + 0.001 theta^2 omega + -0.105 theta omega^2 + 0.814 omega^3,0.001 1 + -0.001 theta + -0.058 omega + 0.006 theta omega + -1.790 omega^2 + 0.001 theta^2 omega + -0.231 theta omega^2 + 0.128 omega^3,1.1530063487e-03,-9.6433850086e-04,-5.7540321768e-02,-3.1348639048e-04,5.8809654305e-03,-1.7904138024e+00,-2.0536722705e-05,1.3413684761e-03,-2.3074706432e-01,1.2837850097e-01
6355,2024-09-06 04:35:00,0.024810,0.738303,0.522354,0.003 theta + 1.010 omega + -0.002 theta^2 + -0.003 theta omega + -0.761 omega^2 + -0.002 theta^2 omega + 0.614 theta omega^2 + -7.125 omega^3,0.006 theta + 0.020 omega + -0.005 theta^2 + -0.005 theta omega + -1.507 omega^2 + 0.001 theta^3 + -0.004 theta^2 omega + 1.226 theta omega^2 + -14.388 omega^3,3.1959395930e-04,6.2941280667e-03,2.0245673764e-02,-4.8170031730e-03,-4.5981425145e-03,-1.5069367566e+00,7.7014406365e-04,-3.5244517071e-03,1.2262140283e+00,-1.4388416914e+01
6356,2024-09-06 04:40:00,0.040115,2.176751,1.539457,0.001 1 + 0.959 omega + 0.024 theta omega + 0.437 omega^2 + -0.003 theta^2 omega + 0.031 theta omega^2 + -5.118 omega^3,0.001 1 + -0.076 omega + 0.046 theta omega + 0.881 omega^2 + -0.005 theta^2 omega + 0.061 theta omega^2 + -10.356 omega^3,8.8255983313e-04,3.3901032986e-04,-7.5650297481e-02,-4.2582909520e-04,4.6125345475e-02,8.8131641876e-01,4.3128665109e-05,-5.4275479022e-03,6.1094455387e-02,-1.0356035005e+01
6357,2024-09-06 04:45:00,0.068955,1.895942,1.341520,0.001 1 + 0.928 omega + 0.004 theta omega + 1.340 omega^2 + 0.001 theta^2 omega + -0.191 theta omega^2 + -1.829 omega^3,0.002 1 + -0.135 omega + 0.007 theta omega + 2.658 omega^2 + 0.002 theta^2 omega + -0.379 theta omega^2 + -3.617 omega^3,2.1757109977e-03,-3.8473305582e-04,-1.3535581139e-01,1.4117316422e-04,7.0186295778e-03,2.6583001597e+00,-1.6715438925e-05,1.7760258434e-03,-3.7942900836e-01,-3.6171194851e+00
6358,2024-09-06 04:50:00,0.047088,2.940702,2.079657,-0.003 theta + 1.031 omega + 0.025 theta omega + 0.780 omega^2 + -0.002 theta^2 omega + 0.014 theta omega^2 + -12.186 omega^3,-0.006 theta + 0.062 omega + 0.001 theta^2 + 0.050 theta omega + 1.617 omega^2 + -0.004 theta^2 omega + 0.027 theta omega^2 + -24.803 omega^3,-2.6772700387e-04,-6.1784018693e-03,6.2268596474e-02,8.2172510186e-04,4.9973034497e-02,1.6172867699e+00,-2.7679249414e-05,-4.2553113171e-03,2.6976920212e-02,-2.4802924661e+01
6359,2024-09-06 04:55:00,nan,nan,nan,-0.002 theta + 1.046 omega + 0.001 theta^2 + -0.040 theta omega + -0.392 omega^2 + 0.008 theta^2 omega + 0.184 theta omega^2 + -1.411 omega^3,0.001 1 + -0.003 theta + 0.090 omega + 0.003 theta^2 + -0.081 theta omega + -0.619 omega^2 + -0.001 theta^3 + 0.017 theta^2 omega + 0.314 theta omega^2 + -2.986 omega^3,8.9488964425e-04,-3.2688223883e-03,8.9846641628e-02,2.6295345985e-03,-8.0917871031e-02,-6.1865384764e-01,-5.3708694510e-04,1.7262207476e-02,3.1426906559e-01,-2.9864375847e+00
6360,2024-09-06 05:00:00,0.167162,6.112105,4.323527,0.002 1 + -0.002 theta + 0.976 omega + 0.033 theta omega + 0.104 omega^2 + -0.091 theta omega^2 + -0.096 omega^3,0.003 1 + -0.003 theta + -0.046 omega + 0.066 theta omega + 0.196 omega^2 + -0.178 theta omega^2 + -0.172 omega^3,3.0098579971e-03,-3.3705150104e-03,-4.6485879257e-02,-4.0740053981e-04,6.5831058239e-02,1.9579095351e-01,1.3538479001e-05,1.2365088099e-04,-1.7828546041e-01,-1.7166852509e-01
6361,2024-09-06 05:05:00,0.009803,0.642246,0.454190,-0.004 1 + 1.165 omega + -0.001 theta omega + -1.947 omega^2 + 0.004 theta omega^2 + 7.017 omega^3,-0.011 1 + 0.383 omega + -0.002 theta omega + -4.250 omega^2 + 0.011 theta omega^2 + 14.845 omega^3,-1.1131460668e-02,1.6929924601e-04,3.8298266507e-01,6.5061619790e-06,-1.7116220293e-03,-4.2501054287e+00,-2.2696086634e-07,-5.7113343999e-05,1.0635802485e-02,1.4844798428e+01
6362,2024-09-06 05:10:00,0.049042,2.053325,1.452334,-0.001 1 + 0.987 omega + -0.004 theta omega + 0.161 omega^2 + -0.014 theta omega^2 + -0.093 omega^3,-0.002 1 + 0.001 theta + -0.025 omega + -0.007 theta omega + 0.274 omega^2 + -0.040 theta omega^2 + 0.120 omega^3,-1.5172012806e-03,8.5656709948e-04,-2.4817612156e-02,2.5776493499e-04,-6.7965773395e-03,2.7364564683e-01,-2.7245155317e-05,4.4540373546e-04,-3.9873169710e-02,1.1998466546e-01
6363,2024-09-06 05:15:00,0.034841,3.950389,2.793455,0.012 1 + 0.572 omega + 0.020 theta omega + 2.774 omega^2 + -0.135 theta omega^2 + 0.232 omega^3,0.024 1 + 0.001 theta + -0.831 omega + 0.041 theta omega + 5.188 omega^2 + -0.271 theta omega^2 + 2.033 omega^3,2.3676135820e-02,8.3240087001e-04,-8.3127129908e-01,-2.0161242637e-04,4.0861316858e-02,5.1882126464e+00,5.1628568888e-06,1.3622733843e-05,-2.7126584188e-01,2.0326244180e+00
6364,2024-09-06 05:20:00,0.015322,1.191372,0.842497,0.005 1 + -0.001 theta + 0.956 omega + 0.018 theta omega + -1.030 omega^2 + -0.058 theta omega^2 + 8.439 omega^3,0.010 1 + -0.002 theta + -0.081 omega + 0.037 theta omega + -2.164 omega^2 + -0.001 theta^2 omega + -0.122 theta omega^2 + 17.560 omega^3,1.0372348572e-02,-2.2407304250e-03,-8.1008455329e-02,8.3480966984e-05,3.6964457698e-02,-2.1643487565e+00,-1.1087673337e-06,-6.9460893245e-04,-1.2195627533e-01,1.7560367017e+01
6365,2024-09-06 05:25:00,0.031657,1.345738,0.951843,0.982 omega + -0.004 theta omega + 0.448 omega^2 + -0.001 theta omega^2 + -1.604 omega^3,0.001 1 + -0.034 omega + -0.009 theta omega + 0.906 omega^2 + -0.003 theta omega^2 + -3.293 omega^3,5.8921974590e-04,1.1750662859e-04,-3.3787867589e-02,2.2344801584e-05,-8.5762837438e-03,9.0629585828e-01,-1.2009872832e-06,3.3049878704e-04,-2.7608753732e-03,-3.2933322300e+00
6366,2024-09-06 05:30:00,0.033641,3.067693,2.169317,1.035 omega + 0.005 theta omega + -0.402 omega^2 + 0.014 theta omega^2 + 0.289 omega^3,0.001 1 + -0.001 theta + 0.070 omega + 0.010 theta omega + -0.809 omega^2 + -0.001 theta^2 omega + 0.022 theta omega^2 + 0.802 omega^3,7.8320740352e-04,-9.0370222276e-04,7.0201770163e-02,7.3998868345e-06,9.8956976736e-03,-8.0947952423e-01,1.6782612464e-06,-5.7993452785e-04,2.2375593796e-02,8.0205793489e-01
6367,2024-09-06 05:35:00,0.092193,11.872538,8.395405,-0.001 theta + 1.058 omega + -0.001 theta omega + 0.021 omega^2 + -0.001 theta^2 omega + 0.109 theta omega^2 + -6.891 omega^3,-0.001 1 + -0.003 theta + 0.121 omega + -0.003 theta omega + 0.049 omega^2 + -0.001 theta^2 omega + 0.218 theta omega^2 + -13.860 omega^3,-6.5353689656e-04,-2.6425643431e-03,1.2089832801e-01,3.4918552320e-04,-3.3565719652e-03,4.9330213235e-02,-8.0642228000e-06,-1.4831035926e-03,2.1820428788e-01,-1.3859516257e+01
6368,2024-09-06 05:40:00,0.019142,0.580807,0.410916,-0.003 1 + 0.001 theta + 1.029 omega + -0.013 theta omega + -0.160 omega^2 + 0.001 theta^2 omega + 0.020 theta omega^2 + 1.834 omega^3,-0.007 1 + 0.003 theta + 0.058 omega + -0.026 theta omega + -0.315 omega^2 + 0.001 theta^2 omega + 0.040 theta omega^2 + 3.739 omega^3,-6.7822351101e-03,2.5960677224e-03,5.7679596331e-02,-1.4056644510e-04,-2.6042914284e-02,-3.1454641051e-01,9.8975207767e-07,9.9993191678e-04,3.9695524248e-02,3.7392121825e+00
6369,2024-09-06 05:45:00,nan,nan,nan,-0.002 1 + -0.001 theta + 1.141 omega + 0.019 theta omega + -2.667 omega^2 + -0.096 theta omega^2 + 14.111 omega^3,-0.004 1 + -0.001 theta + 0.307 omega + 0.039 theta omega + -5.641 omega^2 + -0.195 theta omega^2 + 29.393 omega^3,-4.1010212828e-03,-1.4821605029e-03,3.0736346984e-01,-1.9657360805e-05,3.8912943865e-02,-5.6411853987e+00,1.1690146847e-06,-2.6924480575e-04,-1.9487517492e-01,2.9392679471e+01
6370,2024-09-06 05:50:00,0.153001,3.091291,2.188549,0.008 1 + -0.001 theta + 0.875 omega + 0.015 theta omega + 0.460 omega^2 + -0.037 theta omega^2 + 0.059 omega^3,0.016 1 + -0.003 theta + -0.261 omega + 0.031 theta omega + 1.057 omega^2 + -0.001 theta^2 omega + -0.081 theta omega^2 + -0.266 omega^3,1.5882180119e-02,-2.7533294614e-03,-2.6093267456e-01,1.5601271786e-04,3.1192578375e-02,1.0570735509e+00,-3.1887751359e-06,-7.6921148268e-04,-8.1468982535e-02,-2.6629599437e-01
6371,2024-09-06 05:55:00,0.016975,1.751888,1.238830,0.001 1 + -0.001 theta + 1.031 omega + 0.008 theta omega + -0.364 omega^2 + 0.001 theta omega^2 + -0.028 omega^3,0.003 1 + -0.002 theta + 0.064 omega + 0.016 theta omega + -0.717 omega^2 + -0.001 theta^2 omega + 0.006 theta omega^2 + -0.241 omega^3,2.5931028720e-03,-1.8168659500e-03,6.4190600362e-02,6.0102151173e-05,1.5603588733e-02,-7.1691931878e-01,1.2536577950e-07,-5.7738118944e-04,5.9929695011e-03,-2.4091386063e-01
6372,2024-09-06 06:00:00,0.046743,6.964072,4.924453,0.052 1 + -0.005 theta + 0.327 omega + 0.038 theta omega + 2.556 omega^2 + -0.001 theta^2 omega + -0.078 theta omega^2 + -2.267 omega^3,0.105 1 + -0.009 theta + -1.350 omega + 0.077 theta omega + 5.154 omega^2 + -0.001 theta^2 omega + -0.158 theta omega^2 + -4.633 omega^3,1.0470475005e-01,-9.3123714800e-03,-1.3500493017e+00,2.8290192783e-04,7.6572536279e-02,5.1542251296e+00,-2.9636383491e-06,-1.0737254558e-03,-1.5750626589e-01,-4.6334707720e+00
6373,2024-09-06 06:05:00,0.042024,1.189938,0.841938,0.993 omega + -0.011 theta omega + 1.059 omega^2 + -0.001 theta^2 omega + 0.195 theta omega^2 + -12.204 omega^3,-0.010 omega + -0.023 theta omega + 2.146 omega^2 + -0.002 theta^2 omega + 0.397 theta omega^2 + -24.663 omega^3,2.2240169712e-04,-5.3645991713e-05,-9.6426141903e-03,3.5041808603e-05,-2.3130006193e-02,2.1457530870e+00,5.2903767596e-06,-2.0732950887e-03,3.9689516158e-01,-2.4662520329e+01
6374,2024-09-06 06:10:00,0.026950,0.978230,0.691976,0.972 omega + 0.011 theta omega + 0.161 omega^2 + -0.123 theta omega^2 + 3.856 omega^3,0.001 theta + -0.051 omega + 0.022 theta omega + 0.234 omega^2 + -0.250 theta omega^2 + 8.409 omega^3,4.5554030598e-04,5.1365039323e-04,-5.0858569908e-02,-2.5283651527e-04,2.1868454956e-02,2.3379841393e-01,1.6546276307e-05,-6.0070978335e-05,-2.5011173346e-01,8.4087364839e+00
6375,2024-09-06 06:15:00,0.027922,0.848351,0.600199,-0.001 1 + 0.001 theta + 0.946 omega + -0.009 theta omega + 0.874 omega^2 + 0.001 theta^2 omega + 0.008 theta omega^2 + -3.084 omega^3,-0.003 1 + 0.003 theta + -0.106 omega + -0.018 theta omega + 1.742 omega^2 + 0.001 theta^2 omega + 0.017 theta omega^2 + -6.126 omega^3,-3.0699956489e-03,2.6088776170e-03,-1.0629503886e-01,-2.3102222655e-04,-1.7618831677e-02,1.7416274367e+00,4.7031822813e-06,1.0932658115e-03,1.7238240516e-02,-6.1260845184e+00
6376,2024-09-06 06:20:00,1.129220,16.619797,11.779066,-0.030 1 + 0.012 theta + 1.348 omega + -0.001 theta^2 + -0.126 theta omega + -0.083 omega^2 + 0.011 theta^2 omega + 0.034 theta omega^2 + -3.783 omega^3,-0.062 1 + 0.025 theta + 0.729 omega + -0.002 theta^2 + -0.263 theta omega + -0.280 omega^2 + 0.023 theta^2 omega + 0.077 theta omega^2 + -6.848 omega^3,-6.1961158341e-02,2.5365893574e-02,7.2885705277e-01,-2.4296973133e-03,-2.6304889766e-01,-2.7997090999e-01,-2.9495487073e-05,2.3285641459e-02,7.7205227874e-02,-6.8484168045e+00
6377,2024-09-06 06:25:00,0.016433,0.516509,0.365412,-0.001 theta + 1.081 omega + -0.843 omega^2 + 0.027 theta omega^2 + 1.634 omega^3,-0.001 theta + 0.158 omega + -0.001 theta omega + -1.575 omega^2 + 0.058 theta omega^2 + 2.695 omega^3,-2.3741822242e-04,-1.2516442038e-03,1.5794498025e-01,9.8492134206e-05,-6.8012620390e-04,-1.5745557718e+00,-1.5964935077e-06,-3.6210158915e-04,5.8302882942e-02,2.6947582644e+00
6378,2024-09-06 06:30:00,0.024029,0.585570,0.414409,0.001 1 + -0.001 theta + 1.034 omega + 0.001 theta omega + 0.002 omega^2 + 0.026 theta omega^2 + -3.941 omega^3,0.002 1 + -0.001 theta + 0.070 omega + 0.002 theta omega + 0.047 omega^2 + -0.001 theta^2 omega + 0.046 theta omega^2 + -7.760 omega^3,1.6750337713e-03,-1.3412462498e-03,6.9755295276e-02,4.1007694397e-04,1.5655254643e-03,4.6795942332e-02,-3.0269790648e-05,-6.7982290138e-04,4.5748260157e-02,-7.7597445430e+00
6379,2024-09-06 06:35:00,0.041014,3.863642,2.732161,0.007 1 + -0.001 theta + 0.882 omega + 0.015 theta omega + 0.900 omega^2 + -0.004 theta omega^2 + -4.157 omega^3,0.014 1 + -0.002 theta + -0.256 omega + 0.029 theta omega + 2.015 omega^2 + -0.001 theta^2 omega + -0.012 theta omega^2 + -8.911 omega^3,1.4089349611e-02,-2.3533515380e-03,-2.5552216923e-01,2.4981339550e-05,2.9372326887e-02,2.0152193975e+00,1.7395444045e-06,-8.7107596296e-04,-1.1512901718e-02,-8.9105408575e+00
6380,2024-09-06 06:40:00,nan,nan,nan,-0.017 1 + 0.007 theta + 1.050 omega + -0.001 theta^2 + -0.028 theta omega + 0.074 omega^2 + 0.003 theta^2 omega + -0.117 theta omega^2 + 2.793 omega^3,-0.036 1 + 0.015 theta + 0.116 omega + -0.001 theta^2 + -0.062 theta omega + 0.082 omega^2 + 0.007 theta^2 omega + -0.226 theta omega^2 + 5.959 omega^3,-3.5742435835e-02,1.5466550676e-02,1.1576615420e-01,-1.3190190512e-03,-6.1972008377e-02,8.1670488883e-02,-2.3887599247e-05,6.5236103696e-03,-2.2590300356e-01,5.9592444728e+00
6381,2024-09-06 06:45:00,nan,nan,nan,0.019 1 + -0.004 theta + 0.533 omega + 0.098 theta omega + 2.709 omega^2 + -0.002 theta^2 omega + -0.488 theta omega^2 + -0.587 omega^3,0.039 1 + -0.009 theta + -0.935 omega + 0.196 theta omega + 5.354 omega^2 + -0.004 theta^2 omega + -0.969 theta omega^2 + -1.087 omega^3,3.9268060719e-02,-8.9036634580e-03,-9.3538611198e-01,2.9042804180e-04,1.9638151923e-01,5.3538287345e+00,-1.6542935998e-06,-3.9285201720e-03,-9.6925258542e-01,-1.0867927997e+00
6382,2024-09-06 06:50:00,0.032785,2.977752,2.105716,0.001 1 + -0.001 theta + 1.051 omega + 0.015 theta omega + -1.374 omega^2 + -0.061 theta omega^2 + 8.097 omega^3,0.002 1 + -0.002 theta + 0.100 omega + 0.028 theta omega + -2.664 omega^2 + -0.001 theta^2 omega + -0.119 theta omega^2 + 15.797 omega^3,1.8772127872e-03,-1.7266521888e-03,9.9654086968e-02,4.9937731432e-05,2.8480588552e-02,-2.6637006622e+00,2.3704288393e-06,-7.6173131654e-04,-1.1866941550e-01,1.5796798588e+01
6383,2024-09-06 06:55:00,0.307367,17.928972,12.679560,-0.009 1 + 0.004 theta + 0.909 omega + -0.019 theta omega + 1.528 omega^2 + 0.001 theta^2 omega + -0.063 theta omega^2 + -2.929 omega^3,-0.017 1 + 0.008 theta + -0.194 omega + -0.001 theta^2 + -0.037 theta omega + 3.140 omega^2 + 0.002 theta^2 omega + -0.131 theta omega^2 + -5.907 omega^3,-1.6860148481e-02,8.3357483873e-03,-1.9420569377e-01,-5.1206366123e-04,-3.6837204885e-02,3.1404549555e+00,6.3128684810e-06,2.4604913951e-03,-1.3097299657e-01,-5.9066971546e+00
6384,2024-09-06 07:00:00,0.062269,7.836205,5.541209,0.092 1 + -0.250 omega + 0.001 theta omega + 5.311 omega^2 + -0.010 theta omega^2 + -6.814 omega^3,0.176 1 + -0.001 theta + -2.415 omega + 0.002 theta omega + 10.323 omega^2 + -0.018 theta omega^2 + -13.266 omega^3,1.7642236300e-01,-5.7693832661e-04,-2.4150528156e+00,3.1793952290e-05,1.5093217506e-03,1.0322929392e+01,-3.7881087426e-07,3.7258754973e-05,-1.7776842201e-02,-1.3265795217e+01
6385,2024-09-06 07:05:00,0.072483,3.068610,2.170440,0.014 1 + -0.001 theta + 0.588 omega + 0.044 theta omega + 2.595 omega^2 + -0.252 theta omega^2 + -1.650 omega^3,0.028 1 + -0.002 theta + -0.822 omega + 0.087 theta omega + 5.178 omega^2 + -0.507 theta omega^2 + -3.031 omega^3,2.8287769283e-02,-2.3857710846e-03,-8.2247284162e-01,-9.8081141027e-05,8.7426322315e-02,5.1778169100e+00,4.6674956220e-06,-4.0680660972e-04,-5.0652038468e-01,-3.0313083945e+00
6386,2024-09-06 07:10:00,0.144042,14.812102,10.474233,-0.003 1 + 1.021 omega + 0.001 theta omega + 0.179 omega^2 + -0.002 theta omega^2 + -1.180 omega^3,-0.004 1 + -0.001 theta + 0.014 omega + 0.004 theta omega + 0.470 omega^2 + -0.009 theta omega^2 + -2.344 omega^3,-3.9950259529e-03,-8.3412329965e-04,1.3890796434e-02,6.3776138859e-05,4.1407495511e-03,4.7021993231e-01,-1.2552420518e-06,-1.2087266159e-04,-8.7095011062e-03,-2.3437399754e+00
6387,2024-09-06 07:15:00,0.022550,1.730923,1.224051,0.001 1 + -0.006 theta + 1.035 omega + 0.030 theta omega + 0.243 omega^2 + -0.001 theta^2 omega + -0.031 theta omega^2 + -1.757 omega^3,0.001 1 + -0.012 theta + 0.071 omega + 0.001 theta^2 + 0.059 theta omega + 0.496 omega^2 + -0.002 theta^2 omega + -0.060 theta omega^2 + -3.550 omega^3,1.4204390372e-03,-1.1566777575e-02,7.0688105795e-02,5.2964250009e-04,5.8659257981e-02,4.9555616263e-01,-5.7354335664e-06,-1.5982866098e-03,-5.9671880130e-02,-3.5495820371e+00
6388,2024-09-06 07:20:00,0.033798,4.173696,2.951346,0.991 omega + -0.003 theta omega + 0.647 omega^2 + -0.019 theta omega^2 + -4.231 omega^3,-0.014 omega + -0.004 theta omega + 1.076 omega^2 + -0.040 theta omega^2 + -6.906 omega^3,-4.7346790880e-04,2.6336445210e-04,-1.3809023191e-02,-3.4453805408e-05,-3.5345081144e-03,1.0764357340e+00,2.3186317024e-06,1.3019361499e-04,-4.0312643682e-02,-6.9058757506e+00
6389,2024-09-06 07:25:00,0.017376,1.109698,0.784772,-0.001 theta + 1.019 omega + 0.002 theta omega + 0.510 omega^2 + -0.001 theta^2 omega + 0.057 theta omega^2 + -6.735 omega^3,-0.001 1 + -0.002 theta + 0.038 omega + 0.005 theta omega + 1.058 omega^2 + -0.001 theta^2 omega + 0.113 theta omega^2 + -13.759 omega^3,-6.6080367574e-04,-2.2663244779e-03,3.7827096317e-02,2.9107537022e-04,4.6013254355e-03,1.0579672134e+00,-7.4870687462e-06,-1.3861091487e-03,1.1347958944e-01,-1.3759474611e+01
6390,2024-09-06 07:30:00,nan,nan,nan,-0.002 1 + 1.075 omega + -0.010 theta omega + -0.524 omega^2 + 0.014 theta omega^2 + 2.173 omega^3,-0.006 1 + 0.168 omega + -0.018 theta omega + -1.152 omega^2 + 0.031 theta omega^2 + 4.361 omega^3,-5.5578715801e-03,4.1001693678e-04,1.6808753548e-01,4.5604106165e-05,-1.8216985160e-02,-1.1517919176e+00,-1.9535688367e-06,3.8961888028e-04,3.0661641090e-02,4.3606916038e+00
6391,2024-09-06 07:35:00,0.038018,1.827931,1.292822,-0.001 theta + 1.024 omega + -0.010 theta omega + 0.724 omega^2 + -0.001 theta^2 omega + 0.097 theta omega^2 + -7.762 omega^3,-0.003 theta + 0.051 omega + -0.020 theta omega + 1.421 omega^2 + -0.001 theta^2 omega + 0.196 theta omega^2 + -15.422 omega^3,2.8610386865e-04,-2.6136501636e-03,5.1119747140e-02,4.9808556281e-04,-2.0109892840e-02,1.4210206961e+00,-1.6650862279e-05,-9.8530207523e-04,1.9619071376e-01,-1.5421898418e+01
6392,2024-09-06 07:40:00,0.040027,3.284648,2.322769,0.015 1 + 0.452 omega + 0.020 theta omega + 5.487 omega^2 + -0.210 theta omega^2 + -13.148 omega^3,0.029 1 + -1.069 omega + 0.039 theta omega + 10.758 omega^2 + 0.001 theta^2 omega + -0.413 theta omega^2 + -25.849 omega^3,2.8714448614e-02,4.7313126580e-04,-1.0694035091e+00,-2.2890972583e-04,3.8696656754e-02,1.0757833411e+01,6.1788653746e-06,9.6408874268e-04,-4.1340560065e-01,-2.5848848542e+01
6393,2024-09-06 07:45:00,nan,nan,nan,-0.032 1 + -0.002 theta + 1.864 omega + 0.016 theta omega + -6.993 omega^2 + -0.020 theta omega^2 + 17.199 omega^3,-0.063 1 + -0.003 theta + 1.694 omega + 0.032 theta omega + -13.700 omega^2 + -0.001 theta^2 omega + -0.043 theta omega^2 + 33.791 omega^3,-6.3450833785e-02,-3.1716988214e-03,1.6936160322e+00,4.1751286832e-05,3.2228965453e-02,-1.3700355110e+01,7.0819133390e-07,-5.4382270040e-04,-4.3115276477e-02,3.3791217962e+01
6394,2024-09-06 07:50:00,0.013761,0.639514,0.452309,-0.090 1 + 0.003 theta + 2.168 omega + -0.033 theta omega + -4.594 omega^2 + 0.084 theta omega^2 + 5.124 omega^3,-0.180 1 + 0.006 theta + 2.351 omega + -0.065 theta omega + -9.322 omega^2 + 0.166 theta omega^2 + 10.638 omega^3,-1.8022445714e-01,5.9571568598e-03,2.3508653982e+00,-2.6865815100e-05,-6.4731790046e-02,-9.3220823937e+00,-3.5706108262e-08,1.9739311947e-04,1.6564705174e-01,1.0638342979e+01
6395,2024-09-06 07:55:00,nan,nan,nan,-0.003 1 + 1.107 omega + -0.641 omega^2 + 0.021 theta omega^2 + 0.565 omega^3,-0.011 1 + -0.001 theta + 0.274 omega + -0.002 theta omega + -1.451 omega^2 + 0.048 theta omega^2 + 1.110 omega^3,-1.1170786177e-02,-8.2431989198e-04,2.7420717035e-01,4.2957171670e-05,-2.1550415046e-03,-1.4513120069e+00,1.9474657605e-07,-3.1931062536e-04,4.8416367666e-02,1.1102596388e+00
6396,2024-09-06 08:00:00,0.016844,1.499702,1.060516,-0.045 1 + 0.001 theta + 1.621 omega + -0.015 theta omega + -2.701 omega^2 + 0.041 theta omega^2 + 3.745 omega^3,-0.091 1 + 0.002 theta + 1.231 omega + -0.030 theta omega + -5.335 omega^2 + 0.079 theta omega^2 + 7.419 omega^3,-9.0523097048e-02,2.3275864514e-03,1.2306728058e+00,3.6188863887e-05,-3.0313552722e-02,-5.3348147718e+00,-5.6038849193e-07,-1.1507862659e-05,7.9117379406e-02,7.4189349150e+00
6397,2024-09-06 08:05:00,0.027021,3.698778,2.615501,0.058 1 + 0.255 omega + 0.003 theta omega + 2.910 omega^2 + -0.019 theta omega^2 + -3.059 omega^3,0.121 1 + -1.589 omega + 0.004 theta omega + 6.321 omega^2 + -0.034 theta omega^2 + -6.910 omega^3,1.2146108459e-01,4.7268031336e-04,-1.5886067265e+00,-2.2638991455e-05,3.6050996650e-03,6.3212333848e+00,-1.4848196201e-07,1.6514056506e-04,-3.4436671175e-02,-6.9101368512e+00
6398,2024-09-06 08:10:00,nan,nan,nan,-0.809 1 + 0.015 theta + 9.939 omega + -0.105 theta omega + -33.509 omega^2 + 0.191 theta omega^2 + 42.516 omega^3,-1.618 1 + 0.030 theta + 17.896 omega + -0.209 theta omega + -67.166 omega^2 + 0.001 theta^2 omega + 0.379 theta omega^2 + 85.346 omega^3,-1.6178599729e+00,2.9725653394e-02,1.7895612951e+01,-1.9204280585e-04,-2.0905915802e-01,-6.7165891107e+01,5.0626710954e-07,6.1103071315e-04,3.7892838388e-01,8.5346231769e+01
6399,2024-09-06 08:15:00,0.014306,1.078288,0.762532,0.267 1 + -0.007 theta + -2.285 omega + 0.055 theta omega + 13.465 omega^2 + -0.107 theta omega^2 + -18.412 omega^3,0.519 1 + -0.014 theta + -6.340 omega + 0.109 theta omega + 25.735 omega^2 + -0.001 theta^2 omega + -0.211 theta omega^2 + -34.784 omega^3,5.1863493567e-01,-1.3801891925e-02,-6.3395477487e+00,1.3472577654e-04,1.0908429699e-01,2.5734520791e+01,-4.2809528909e-07,-5.4360398613e-04,-2.1091763648e-01,-3.4784459430e+01
6400,2024-09-06 08:20:00,0.030216,3.857093,2.727460,0.016 1 + 0.532 omega + 0.006 theta omega + 3.735 omega^2 + -0.028 theta omega^2 + -8.399 omega^3,0.030 1 + -0.912 omega + 0.013 theta omega + 7.211 omega^2 + -0.065 theta omega^2 + -15.640 omega^3,2.9857570302e-02,2.7908513224e-04,-9.1216496647e-01,-4.0726550672e-05,1.2710187951e-02,7.2114707182e+00,8.1115167887e-07,-7.9669387692e-05,-6.4831402068e-02,-1.5639546734e+01
6401,2024-09-06 08:25:00,0.008439,1.182461,0.836148,0.084 1 + 0.002 theta + -0.909 omega + -0.021 theta omega + 13.932 omega^2 + 0.061 theta omega^2 + -32.715 omega^3,0.157 1 + 0.003 theta + -3.599 omega + -0.042 theta omega + 26.488 omega^2 + 0.122 theta omega^2 + -62.555 omega^3,1.5693835343e-01,3.1556858202e-03,-3.5992810364e+00,1.8263904026e-05,-4.2385888569e-02,2.6487947807e+01,-3.2768324767e-07,3.2781837914e-05,1.2222224394e-01,-6.2554847760e+01
6402,2024-09-06 08:30:00,nan,nan,nan,-0.036 1 + 0.004 theta + 1.453 omega + -0.042 theta omega + -1.638 omega^2 + 0.001 theta^2 omega + 0.060 theta omega^2 + 4.715 omega^3,-0.073 1 + 0.008 theta + 0.909 omega + -0.083 theta omega + -3.317 omega^2 + 0.001 theta^2 omega + 0.115 theta omega^2 + 9.728 omega^3,-7.3056875601e-02,7.7447503388e-03,9.0903064669e-01,-1.2569497376e-04,-8.3252904658e-02,-3.3171813203e+00,-2.6229391127e-07,1.2276886161e-03,1.1520313927e-01,9.7278872185e+00
6403,2024-09-06 08:35:00,0.024099,2.283889,1.615043,0.008 1 + 0.777 omega + 1.480 omega^2 + -0.015 theta omega^2 + -2.498 omega^3,0.017 1 + 0.001 theta + -0.450 omega + -0.001 theta omega + 2.972 omega^2 + -0.032 theta omega^2 + -4.872 omega^3,1.6511865804e-02,7.9507431107e-04,-4.5006337687e-01,-1.4257275081e-05,-6.7413233304e-04,2.9723103867e+00,-3.5360171230e-07,1.7363778223e-04,-3.1539452940e-02,-4.8719331768e+00
6404,2024-09-06 08:40:00,0.054251,4.961963,3.508847,0.003 1 + 0.874 omega + -0.004 theta omega + 1.522 omega^2 + 0.033 theta omega^2 + -5.273 omega^3,0.006 1 + -0.252 omega + -0.009 theta omega + 3.077 omega^2 + 0.056 theta omega^2 + -10.207 omega^3,6.3059520815e-03,3.7008266850e-04,-2.5224705808e-01,1.0329240685e-05,-8.7178943513e-03,3.0772189120e+00,8.6873591453e-07,-3.3069905115e-04,5.5876723009e-02,-1.0207168328e+01
6405,2024-09-06 08:45:00,nan,nan,nan,-0.034 1 + 0.002 theta + 1.443 omega + -0.017 theta omega + -1.978 omega^2 + 0.036 theta omega^2 + 3.159 omega^3,-0.068 1 + 0.003 theta + 0.897 omega + -0.033 theta omega + -4.026 omega^2 + 0.070 theta omega^2 + 6.519 omega^3,-6.8352642780e-02,3.4407432881e-03,8.9740819170e-01,-4.6327116875e-06,-3.3252330680e-02,-4.0257918922e+00,-3.8807356956e-07,1.3625497849e-04,7.0331948083e-02,6.5188261927e+00
6406,2024-09-06 08:50:00,0.061053,6.280267,4.441029,0.001 theta + 0.897 omega + 0.024 theta omega + 0.391 omega^2 + -0.164 theta omega^2 + 5.426 omega^3,-0.001 1 + 0.002 theta + -0.212 omega + 0.051 theta omega + 0.724 omega^2 + -0.345 theta omega^2 + 11.699 omega^3,-5.8549526692e-04,1.5119695783e-03,-2.1153887968e-01,-3.6073565611e-04,5.0868730704e-02,7.2396455189e-01,1.2957726479e-05,-3.8085806991e-04,-3.4499523598e-01,1.1698516925e+01
6407,2024-09-06 08:55:00,nan,nan,nan,-0.003 1 + 0.003 theta + 1.087 omega + -0.001 theta^2 + -0.047 theta omega + -0.904 omega^2 + 0.006 theta^2 omega + 0.278 theta omega^2 + 2.084 omega^3,-0.007 1 + 0.007 theta + 0.177 omega + -0.002 theta^2 + -0.098 theta omega + -1.780 omega^2 + 0.012 theta^2 omega + 0.538 theta omega^2 + 4.596 omega^3,-6.8436208667e-03,6.9766820843e-03,1.7722510861e-01,-1.5639297338e-03,-9.8068728046e-02,-1.7804358119e+00,2.3477771962e-05,1.2107510821e-02,5.3825563056e-01,4.5961429093e+00
6408,2024-09-06 09:00:00,0.069932,8.171008,5.777987,-0.001 1 + 0.001 theta + 0.941 omega + 0.015 theta omega + 0.309 omega^2 + -0.116 theta omega^2 + 3.331 omega^3,-0.002 1 + 0.001 theta + -0.117 omega + 0.032 theta omega + 0.565 omega^2 + -0.233 theta omega^2 + 6.891 omega^3,-1.5955936000e-03,1.4545832095e-03,-1.1684216019e-01,-3.2799013202e-04,3.1556581390e-02,5.6549968296e-01,1.3699373195e-05,-3.5450117835e-04,-2.3263511855e-01,6.8907080399e+00
6409,2024-09-06 09:05:00,0.181641,7.933178,5.611074,-0.041 1 + 0.002 theta + 1.363 omega + -0.027 theta omega + 0.424 omega^2 + 0.072 theta omega^2 + -5.978 omega^3,-0.087 1 + 0.004 theta + 0.826 omega + -0.054 theta omega + 0.209 omega^2 + 0.146 theta omega^2 + -10.599 omega^3,-8.7365863975e-02,4.0181611189e-03,8.2616985406e-01,9.9201009567e-06,-5.4342357025e-02,2.0945180464e-01,-5.0801644213e-07,1.8756816812e-04,1.4566155191e-01,-1.0598701929e+01
6410,2024-09-06 09:10:00,0.023178,1.052979,0.744749,-0.004 1 + 1.013 omega + -0.007 theta omega + 0.645 omega^2 + -0.001 theta omega^2 + -2.883 omega^3,-0.007 1 + -0.018 omega + -0.011 theta omega + 1.712 omega^2 + -0.015 theta omega^2 + -7.032 omega^3,-6.5175000610e-03,3.0383218350e-04,-1.7759229365e-02,4.7015585796e-05,-1.0629911903e-02,1.7120688462e+00,-2.2512570982e-06,3.9828815928e-04,-1.5174768446e-02,-7.0322820758e+00
6411,2024-09-06 09:15:00,0.011786,1.119617,0.791733,-0.003 1 + 1.007 omega + 0.003 theta omega + 0.197 omega^2 + -0.022 theta omega^2 + -0.565 omega^3,-0.006 1 + 0.033 omega + 0.007 theta omega + 0.228 omega^2 + -0.044 theta omega^2 + -0.579 omega^3,-5.8779805853e-03,4.3028286626e-04,3.2795643240e-02,-5.6509453976e-05,6.6518871519e-03,2.2817223363e-01,1.7100732326e-06,-1.0204915037e-04,-4.4186012894e-02,-5.7900601319e-01
6412,2024-09-06 09:20:00,0.046684,2.416410,1.708979,0.022 1 + -0.004 theta + 0.474 omega + 0.037 theta omega + 3.787 omega^2 + -0.001 theta^2 omega + -0.097 theta omega^2 + -8.570 omega^3,0.031 1 + -0.006 theta + -0.910 omega + 0.067 theta omega + 7.119 omega^2 + -0.001 theta^2 omega + -0.180 theta omega^2 + -16.693 omega^3,3.1159335408e-02,-6.3731670147e-03,-9.1047827249e-01,2.5790990749e-04,6.7436008342e-02,7.1186196938e+00,-2.5494292338e-06,-1.2958066654e-03,-1.7952141800e-01,-1.6692849306e+01
6413,2024-09-06 09:25:00,nan,nan,nan,-0.001 1 + 0.999 omega + 0.001 theta omega + -0.079 omega^2 + 0.001 theta^2 omega + -0.110 theta omega^2 + 2.187 omega^3,-0.001 1 + 0.003 theta omega + -0.186 omega^2 + 0.002 theta^2 omega + -0.223 theta omega^2 + 4.543 omega^3,-1.0971914308e-03,-4.1041973468e-04,-3.7573008886e-06,2.1790448488e-04,3.2191052054e-03,-1.8580227903e-01,-1.3136020267e-05,2.0608374509e-03,-2.2280010823e-01,4.5430690464e+00
6414,2024-09-06 09:30:00,0.040857,2.326782,1.645537,-0.001 theta + 0.990 omega + -0.002 theta omega + -0.058 omega^2 + 0.001 theta^2 omega + 0.055 theta omega^2 + 2.204 omega^3,0.001 1 + -0.001 theta + -0.022 omega + -0.006 theta omega + -0.142 omega^2 + 0.002 theta^2 omega + 0.118 theta omega^2 + 4.805 omega^3,7.5708256531e-04,-1.4023961520e-03,-2.1506321570e-02,4.4553732707e-04,-5.9616451023e-03,-1.4205985493e-01,-4.8212760100e-05,2.2346668473e-03,1.1813539718e-01,4.8047858185e+00
6415,2024-09-06 09:35:00,0.045960,2.631484,1.861024,0.001 theta + 0.984 omega + -0.014 theta omega + 0.067 omega^2 + -0.003 theta^2 omega + 0.025 theta omega^2 + 1.635 omega^3,0.001 1 + 0.001 theta + -0.032 omega + -0.027 theta omega + 0.119 omega^2 + -0.007 theta^2 omega + 0.052 theta omega^2 + 3.571 omega^3,6.2272731778e-04,1.0807162369e-03,-3.2000119644e-02,3.5927353259e-04,-2.6736905104e-02,1.1944570534e-01,-7.8255715562e-06,-6.5980183162e-03,5.1717221744e-02,3.5705537549e+00
6416,2024-09-06 09:40:00,nan,nan,nan,-0.003 1 + 0.003 theta + 1.038 omega + -0.001 theta^2 + -0.017 theta omega + -0.179 omega^2 + 0.002 theta^2 omega + -0.024 theta omega^2 + 0.632 omega^3,-0.006 1 + 0.006 theta + 0.084 omega + -0.001 theta^2 + -0.039 theta omega + -0.414 omega^2 + 0.004 theta^2 omega + -0.045 theta omega^2 + 2.051 omega^3,-5.9109920225e-03,6.2289738424e-03,8.3885397694e-02,-1.2694809161e-03,-3.8625218803e-02,-4.1420815864e-01,6.9671760015e-05,3.9361493770e-03,-4.4844306531e-02,2.0508450895e+00
6417,2024-09-06 09:45:00,0.061450,5.712107,4.039304,-0.001 1 + 1.005 omega + -0.004 theta omega + 0.166 omega^2 + -0.002 theta^2 omega + 0.061 theta omega^2 + -0.297 omega^3,-0.002 1 + 0.009 omega + -0.009 theta omega + 0.362 omega^2 + -0.004 theta^2 omega + 0.132 theta omega^2 + -0.570 omega^3,-2.4088969177e-03,-9.4604948211e-05,9.3417153367e-03,2.8230309732e-04,-8.9325468410e-03,3.6237620332e-01,-1.0970394501e-05,-3.8619397543e-03,1.3185093800e-01,-5.7043083212e-01
6418,2024-09-06 09:50:00,0.243066,21.965178,15.532677,0.001 theta + 0.888 omega + -0.011 theta omega + 2.643 omega^2 + 0.002 theta^2 omega + -0.238 theta omega^2 + -2.090 omega^3,-0.001 1 + 0.002 theta + -0.208 omega + -0.023 theta omega + 5.148 omega^2 + 0.004 theta^2 omega + -0.468 theta omega^2 + -3.701 omega^3,-9.9160744738e-04,2.0443769585e-03,-2.0764896091e-01,-1.8720272441e-04,-2.3275931387e-02,5.1484604123e+00,6.6733294349e-07,3.8990665760e-03,-4.6800163924e-01,-3.7011229576e+00
6419,2024-09-06 09:55:00,0.055467,2.904339,2.054052,0.001 1 + -0.002 theta + 0.997 omega + 0.017 theta omega + 0.023 omega^2 + -0.003 theta^2 omega + -0.013 theta omega^2 + 0.080 omega^3,0.002 1 + -0.004 theta + -0.005 omega + 0.001 theta^2 + 0.033 theta omega + 0.037 omega^2 + -0.006 theta^2 omega + -0.029 theta omega^2 + 0.224 omega^3,2.4859860452e-03,-4.1394755028e-03,-4.6535017657e-03,5.9778057582e-04,3.3200440820e-02,3.7044684042e-02,1.3856965097e-05,-5.7703478589e-03,-2.8655465038e-02,2.2380764511e-01
6420,2024-09-06 10:00:00,0.016925,0.822878,0.581986,0.122 1 + -0.010 theta + -0.666 omega + 0.104 theta omega + 6.624 omega^2 + -0.001 theta^2 omega + -0.251 theta omega^2 + -6.096 omega^3,0.249 1 + -0.021 theta + -3.411 omega + 0.001 theta^2 + 0.213 theta omega + 13.520 omega^2 + -0.003 theta^2 omega + -0.511 theta omega^2 + -12.335 omega^3,2.4945379814e-01,-2.0982402216e-02,-3.4108771692e+00,5.4816415112e-04,2.1315570266e-01,1.3520461686e+01,-4.5387000936e-06,-3.0134005027e-03,-5.1079168272e-01,-1.2335412302e+01
6421,2024-09-06 10:05:00,0.036791,3.337726,2.360272,0.007 1 + -0.001 theta + 0.780 omega + 0.014 theta omega + 2.689 omega^2 + -0.042 theta omega^2 + -11.608 omega^3,0.013 1 + -0.002 theta + -0.433 omega + 0.026 theta omega + 5.343 omega^2 + -0.001 theta^2 omega + -0.084 theta omega^2 + -22.947 omega^3,1.3095578270e-02,-1.6831123931e-03,-4.3298252103e-01,4.6920524178e-05,2.6167816869e-02,5.3431198403e+00,1.9503157179e-06,-8.5806958058e-04,-8.3673199581e-02,-2.2946841494e+01
6422,2024-09-06 10:10:00,0.073230,4.623210,3.269513,-0.002 1 + 0.001 theta + 1.020 omega + -0.012 theta omega + 0.278 omega^2 + 0.015 theta omega^2 + -1.563 omega^3,-0.004 1 + 0.003 theta + 0.040 omega + -0.024 theta omega + 0.569 omega^2 + 0.001 theta^2 omega + 0.027 theta omega^2 + -3.146 omega^3,-4.1000721804e-03,2.6591228289e-03,3.9920383459e-02,-2.1144966922e-04,-2.4361339559e-02,5.6911551937e-01,4.2930675866e-06,9.8025609602e-04,2.7095873841e-02,-3.1464589173e+00
6423,2024-09-06 10:15:00,nan,nan,nan,0.001 1 + 1.008 omega + 0.025 theta omega + -1.275 omega^2 + -0.002 theta^2 omega + -0.120 theta omega^2 + 13.143 omega^3,0.002 1 + -0.001 theta + 0.017 omega + 0.053 theta omega + -2.646 omega^2 + -0.004 theta^2 omega + -0.257 theta omega^2 + 27.867 omega^3,1.5368050749e-03,-7.4245464796e-04,1.7291674141e-02,-1.9021515853e-04,5.2866419232e-02,-2.6460749621e+00,2.6534906165e-05,-3.5403891391e-03,-2.5744751816e-01,2.7866548322e+01
6424,2024-09-06 10:20:00,0.028319,3.746931,2.649556,-0.017 1 + 1.391 omega + -0.047 theta omega + -1.029 omega^2 + -0.001 theta^2 omega + 0.322 theta omega^2 + -7.472 omega^3,-0.034 1 + 0.001 theta + 0.814 omega + -0.092 theta omega + -2.524 omega^2 + -0.003 theta^2 omega + 0.626 theta omega^2 + -12.713 omega^3,-3.3997275758e-02,7.5026536995e-04,8.1391574460e-01,3.7420322056e-04,-9.1781436807e-02,-2.5240812324e+00,-8.5482255851e-07,-2.5286855368e-03,6.2639122331e-01,-1.2713004772e+01
6425,2024-09-06 10:25:00,nan,nan,nan,0.003 1 + 0.881 omega + 0.033 theta omega + -0.126 omega^2 + -0.001 theta^2 omega + -0.120 theta omega^2 + 6.154 omega^3,0.007 1 + -0.001 theta + -0.242 omega + 0.068 theta omega + -0.285 omega^2 + -0.002 theta^2 omega + -0.245 theta omega^2 + 12.762 omega^3,6.7555841077e-03,-8.6747599619e-04,-2.4155154883e-01,-2.0601840095e-04,6.7858815491e-02,-2.8496168746e-01,1.7666246866e-05,-2.3638693825e-03,-2.4502417544e-01,1.2762276687e+01
6426,2024-09-06 10:30:00,0.042228,4.029457,2.849413,-0.004 1 + 0.001 theta + 1.010 omega + -0.008 theta omega + 0.839 omega^2 + 0.015 theta omega^2 + -5.425 omega^3,-0.008 1 + 0.001 theta + 0.022 omega + -0.014 theta omega + 1.538 omega^2 + 0.023 theta omega^2 + -9.768 omega^3,-8.4628154793e-03,1.4998465520e-03,2.1622352753e-02,-6.9553294920e-05,-1.4182487177e-02,1.5375197174e+00,1.2341625576e-06,3.1510418254e-04,2.3232845791e-02,-9.7683933071e+00
6427,2024-09-06 10:35:00,nan,nan,nan,-0.014 1 + 0.002 theta + 1.334 omega + -0.028 theta omega + -2.283 omega^2 + 0.001 theta^2 omega + 0.079 theta omega^2 + 5.304 omega^3,-0.029 1 + 0.004 theta + 0.671 omega + -0.057 theta omega + -4.530 omega^2 + 0.001 theta^2 omega + 0.158 theta omega^2 + 10.484 omega^3,-2.9045053367e-02,4.0099015610e-03,6.7125294513e-01,-1.3864615190e-04,-5.6665009228e-02,-4.5304627695e+00,1.1256799592e-06,1.1075743528e-03,1.5751486092e-01,1.0483524542e+01
6428,2024-09-06 10:40:00,0.072611,3.079290,2.177992,-0.002 1 + 1.012 omega + 0.002 theta omega + 0.357 omega^2 + -0.001 theta^2 omega + -0.043 theta omega^2 + -1.903 omega^3,-0.003 1 + -0.001 theta + 0.024 omega + 0.001 theta^2 + 0.004 theta omega + 0.679 omega^2 + -0.001 theta^2 omega + -0.083 theta omega^2 + -3.335 omega^3,-2.9787234516e-03,-8.1316101684e-04,2.3680219611e-02,6.0050719936e-04,3.9659792980e-03,6.7948653988e-01,-6.8869524948e-05,-1.2046219259e-03,-8.3292268909e-02,-3.3346165221e+00
6429,2024-09-06 10:45:00,0.053456,5.617921,3.972650,0.001 1 + -0.001 theta + 0.974 omega + 0.015 theta omega + 0.119 omega^2 + -0.002 theta^2 omega + -0.011 theta omega^2 + -0.121 omega^3,0.002 1 + -0.001 theta + -0.051 omega + 0.028 theta omega + 0.290 omega^2 + -0.003 theta^2 omega + -0.046 theta omega^2 + 0.208 omega^3,2.4940279594e-03,-1.1029312423e-03,-5.0693373044e-02,-1.2846768855e-05,2.8065513011e-02,2.9009068321e-01,1.6324851897e-05,-3.2162517123e-03,-4.6361651884e-02,2.0781468138e-01
6430,2024-09-06 10:50:00,0.126438,17.812063,12.595348,-0.001 1 + 0.983 omega + -0.004 theta omega + 1.102 omega^2 + 0.045 theta omega^2 + -6.023 omega^3,-0.001 1 + -0.001 theta + -0.022 omega + -0.008 theta omega + 2.150 omega^2 + -0.001 theta^2 omega + 0.092 theta omega^2 + -12.040 omega^3,-1.4464833769e-03,-7.1220534964e-04,-2.2371469026e-02,5.2451346912e-05,-8.4065127160e-03,2.1501662650e+00,1.2642624348e-06,-6.1804060308e-04,9.2076928578e-02,-1.2039856803e+01
6431,2024-09-06 10:55:00,nan,nan,nan,0.014 1 + -0.002 theta + 0.726 omega + 0.042 theta omega + 0.874 omega^2 + -0.163 theta omega^2 + 2.202 omega^3,0.027 1 + -0.004 theta + -0.553 omega + 0.084 theta omega + 1.751 omega^2 + -0.001 theta^2 omega + -0.334 theta omega^2 + 4.739 omega^3,2.7435487728e-02,-4.0941374260e-03,-5.5295364803e-01,3.6160206830e-05,8.4000728934e-02,1.7514027741e+00,-3.8438844133e-07,-6.0333187471e-04,-3.3367913847e-01,4.7391447022e+00
6432,2024-09-06 11:00:00,0.015365,0.506428,0.358263,-0.002 1 + 0.001 theta + 1.057 omega + -0.009 theta omega + -0.450 omega^2 + 0.016 theta omega^2 + 1.369 omega^3,-0.005 1 + 0.002 theta + 0.123 omega + -0.017 theta omega + -0.935 omega^2 + 0.032 theta omega^2 + 2.780 omega^3,-4.7969583977e-03,1.5806523090e-03,1.2301190761e-01,-7.1764502886e-05,-1.6937964084e-02,-9.3461698702e-01,7.3688608883e-07,4.2965716366e-04,3.2465367506e-02,2.7804652607e+00
6433,2024-09-06 11:05:00,1.010946,27.900870,19.741841,0.001 theta + 0.991 omega + -0.001 theta^2 + 0.008 theta omega + 0.194 omega^2 + -0.001 theta^2 omega + 0.112 theta omega^2 + -4.247 omega^3,0.002 theta + -0.015 omega + -0.001 theta^2 + 0.014 theta omega + 0.351 omega^2 + -0.002 theta^2 omega + 0.214 theta omega^2 + -7.597 omega^3,2.6620961226e-04,1.7073930973e-03,-1.4850022037e-02,-1.2024232721e-03,1.3819552790e-02,3.5144217272e-01,1.1614639419e-04,-1.6933902477e-03,2.1351428136e-01,-7.5966001457e+00
6434,2024-09-06 11:10:00,0.046141,6.932438,4.902083,0.001 1 + -0.001 theta + 0.990 omega + 0.008 theta omega + 0.311 omega^2 + -0.001 theta^2 omega + 0.068 theta omega^2 + -4.998 omega^3,0.002 1 + -0.002 theta + -0.016 omega + 0.015 theta omega + 0.588 omega^2 + -0.003 theta^2 omega + 0.128 theta omega^2 + -9.410 omega^3,1.5959296710e-03,-1.5171904192e-03,-1.5805793557e-02,1.3753226101e-04,1.5358164494e-02,5.8835474431e-01,3.7981811857e-06,-2.6757710690e-03,1.2839950040e-01,-9.4098607890e+00
6435,2024-09-06 11:15:00,0.048383,1.800288,1.273456,-0.001 1 + 0.001 theta + 1.012 omega + -0.001 theta omega + -0.014 omega^2 + 0.027 theta omega^2 + -1.362 omega^3,-0.002 1 + 0.002 theta + 0.025 omega + -0.001 theta^2 + -0.002 theta omega + -0.012 omega^2 + 0.045 theta omega^2 + -2.866 omega^3,-1.9311766376e-03,2.0923493191e-03,2.4571686711e-02,-5.1713699373e-04,-2.3763507931e-03,-1.1634367543e-02,2.8402968901e-05,-7.8726367758e-05,4.5181653110e-02,-2.8659000449e+00
6436,2024-09-06 11:20:00,0.066465,2.631602,1.861417,-0.002 theta + 1.021 omega + 0.031 theta omega + 0.427 omega^2 + -0.003 theta^2 omega + -0.077 theta omega^2 + -8.860 omega^3,-0.005 theta + 0.045 omega + 0.001 theta^2 + 0.062 theta omega + 0.847 omega^2 + -0.006 theta^2 omega + -0.150 theta omega^2 + -17.636 omega^3,-1.2379726937e-04,-4.9991130516e-03,4.5129287288e-02,8.8637164586e-04,6.1883921750e-02,8.4682082094e-01,-4.1140719599e-05,-5.9027979097e-03,-1.5041143574e-01,-1.7636067767e+01
6437,2024-09-06 11:25:00,0.073348,5.989093,4.235246,-0.001 1 + -0.001 theta + 1.006 omega + 0.001 theta omega + 0.620 omega^2 + -0.002 theta^2 omega + 0.111 theta omega^2 + -5.314 omega^3,-0.001 1 + -0.002 theta + 0.013 omega + 0.002 theta omega + 1.204 omega^2 + -0.005 theta^2 omega + 0.222 theta omega^2 + -10.375 omega^3,-1.3514726717e-03,-2.1118216590e-03,1.3149524676e-02,2.6373590005e-04,1.5335521086e-03,1.2040446673e+00,1.2424540799e-05,-4.5663803630e-03,2.2189837771e-01,-1.0374705972e+01
6438,2024-09-06 11:30:00,nan,nan,nan,-0.056 1 + 0.006 theta + 1.894 omega + -0.077 theta omega + -4.016 omega^2 + 0.002 theta^2 omega + 0.177 theta omega^2 + 5.901 omega^3,-0.119 1 + 0.013 theta + 1.902 omega + -0.162 theta omega + -8.756 omega^2 + 0.003 theta^2 omega + 0.378 theta omega^2 + 13.397 omega^3,-1.1865303105e-01,1.2768950734e-02,1.9024558477e+00,-3.8185126516e-04,-1.6218753811e-01,-8.7562087933e+00,2.0067015536e-06,3.3908456408e-03,3.7849799762e-01,1.3396579389e+01
6439,2024-09-06 11:40:00,nan,nan,nan,0.001 1 + 0.991 omega + -0.361 omega^2 + 0.095 theta omega^2 + 1.861 omega^3,0.003 1 + -0.016 omega + -0.698 omega^2 + 0.001 theta^2 omega + 0.190 theta omega^2 + 3.510 omega^3,2.5905308260e-03,-2.4566656137e-04,-1.5953055136e-02,-2.6039459004e-04,-3.6434961951e-04,-6.9800167533e-01,-3.3248937353e-05,6.6826834023e-04,1.9024777497e-01,3.5103320855e+00
6440,2024-09-06 11:45:00,0.033080,1.409680,0.997069,-0.001 1 + -0.002 theta + 1.021 omega + 0.013 theta omega + 0.622 omega^2 + -0.002 theta^2 omega + 0.099 theta omega^2 + -9.541 omega^3,-0.001 1 + -0.003 theta + 0.042 omega + 0.027 theta omega + 1.222 omega^2 + -0.004 theta^2 omega + 0.195 theta omega^2 + -18.756 omega^3,-1.3791126023e-03,-3.1481390505e-03,4.1686613070e-02,3.2301360943e-04,2.6755011046e-02,1.2216811253e+00,4.2020858723e-07,-4.4661586181e-03,1.9517129894e-01,-1.8755616369e+01
6441,2024-09-06 11:50:00,nan,nan,nan,-0.009 1 + -0.002 theta + 1.297 omega + 0.023 theta omega + -2.173 omega^2 + -0.024 theta omega^2 + 3.466 omega^3,-0.019 1 + -0.005 theta + 0.589 omega + 0.046 theta omega + -4.274 omega^2 + -0.001 theta^2 omega + -0.049 theta omega^2 + 6.750 omega^3,-1.8987629062e-02,-5.0272416438e-03,5.8893634948e-01,7.6590403432e-05,4.6060490931e-02,-4.2739767540e+00,4.7279167472e-07,-7.5605800955e-04,-4.8691124980e-02,6.7501186141e+00
6442,2024-09-06 11:55:00,0.071878,4.129949,2.920757,-0.001 1 + 0.001 theta + 1.021 omega + -0.001 theta omega + 0.058 omega^2 + -0.001 theta^2 omega + -0.064 theta omega^2 + -1.641 omega^3,-0.002 1 + 0.002 theta + 0.041 omega + -0.002 theta omega + 0.147 omega^2 + -0.002 theta^2 omega + -0.132 theta omega^2 + -2.963 omega^3,-2.4483513323e-03,2.2388332986e-03,4.0810326621e-02,-2.9984804145e-04,-2.1853860219e-03,1.4657417516e-01,-5.5472398734e-05,-1.8266988528e-03,-1.3205447944e-01,-2.9633551553e+00
6443,2024-09-06 12:00:00,nan,nan,nan,0.002 1 + -0.001 theta + 1.017 omega + 0.009 theta omega + -0.643 omega^2 + -0.001 theta^2 omega + 0.037 theta omega^2 + 1.521 omega^3,0.003 1 + -0.001 theta + 0.036 omega + 0.018 theta omega + -1.265 omega^2 + -0.002 theta^2 omega + 0.082 theta omega^2 + 2.591 omega^3,3.0208256107e-03,-1.2897990693e-03,3.6268028694e-02,3.6538978181e-05,1.7857107703e-02,-1.2651442728e+00,3.1561969015e-06,-1.6170827690e-03,8.2388425175e-02,2.5913392207e+00
6444,2024-09-06 12:05:00,nan,nan,nan,-0.046 1 + 0.003 theta + 1.645 omega + -0.027 theta omega + -2.570 omega^2 + 0.073 theta omega^2 + 2.004 omega^3,-0.093 1 + 0.005 theta + 1.307 omega + -0.054 theta omega + -5.219 omega^2 + 0.147 theta omega^2 + 4.127 omega^3,-9.3117471137e-02,5.2763684906e-03,1.3066729144e+00,-9.0267374083e-05,-5.4321433464e-02,-5.2194555586e+00,5.3413654984e-07,3.9485592176e-04,1.4701185877e-01,4.1265615658e+00
6445,2024-09-06 12:10:00,0.025416,2.160784,1.528011,0.006 1 + 0.703 omega + 0.014 theta omega + 2.520 omega^2 + -0.116 theta omega^2 + -4.653 omega^3,0.011 1 + -0.592 omega + 0.027 theta omega + 5.060 omega^2 + 0.001 theta^2 omega + -0.234 theta omega^2 + -9.373 omega^3,1.1374158932e-02,8.1176937473e-05,-5.9174154800e-01,-6.3151468095e-05,2.7294333994e-02,5.0595558271e+00,5.3542412634e-07,6.3954125511e-04,-2.3419367581e-01,-9.3725732486e+00
6446,2024-09-06 12:15:00,0.027849,1.746812,1.235340,0.054 1 + -0.001 theta + 0.094 omega + 0.016 theta omega + 4.941 omega^2 + -0.042 theta omega^2 + -8.779 omega^3,0.112 1 + -0.003 theta + -1.861 omega + 0.033 theta omega + 10.065 omega^2 + -0.087 theta omega^2 + -17.756 omega^3,1.1188596953e-01,-3.0342196836e-03,-1.8605880147e+00,2.0571490961e-05,3.3399193418e-02,1.0064679070e+01,8.2522316438e-08,-1.5783422196e-04,-8.7276791480e-02,-1.7756439219e+01
6447,2024-09-06 12:20:00,0.054168,6.995722,4.946871,0.015 1 + 0.002 theta + 0.532 omega + -0.022 theta omega + 4.127 omega^2 + 0.060 theta omega^2 + -10.328 omega^3,0.029 1 + 0.004 theta + -0.940 omega + -0.045 theta omega + 8.296 omega^2 + 0.121 theta omega^2 + -20.730 omega^3,2.9461411261e-02,3.6182922036e-03,-9.4026118124e-01,1.3613531508e-05,-4.4907075407e-02,8.2958244165e+00,-8.5471786711e-08,-1.2205618069e-05,1.2132629771e-01,-2.0729584672e+01
6448,2024-09-06 12:25:00,0.016712,0.911425,0.644583,-0.048 1 + 0.001 theta + 1.518 omega + -0.004 theta omega + -1.852 omega^2 + -0.006 theta omega^2 + 2.403 omega^3,-0.099 1 + 0.002 theta + 1.074 omega + -0.008 theta omega + -3.883 omega^2 + -0.011 theta omega^2 + 5.104 omega^3,-9.9075484143e-02,1.8704791972e-03,1.0743371857e+00,-3.0958803738e-05,-7.5402959132e-03,-3.8833585487e+00,7.3053195378e-08,1.4101352423e-04,-1.1439424699e-02,5.1042944562e+00
6449,2024-09-06 12:30:00,0.021510,2.739438,1.937135,-0.048 1 + 0.002 theta + 1.274 omega + -0.024 theta omega + 0.861 omega^2 + 0.053 theta omega^2 + -4.797 omega^3,-0.102 1 + 0.005 theta + 0.633 omega + -0.048 theta omega + 1.321 omega^2 + 0.108 theta omega^2 + -8.947 omega^3,-1.0219931004e-01,4.7999241890e-03,6.3252273246e-01,5.9699651065e-06,-4.8464078341e-02,1.3214346645e+00,-1.1975973637e-07,4.4886719238e-05,1.0824588084e-01,-8.9472948762e+00
6450,2024-09-06 12:35:00,0.058518,3.917572,2.770451,0.015 1 + 0.003 theta + 0.292 omega + 0.001 theta omega + 6.345 omega^2 + 0.001 theta^2 omega + -0.089 theta omega^2 + -15.845 omega^3,0.023 1 + 0.006 theta + -1.299 omega + -0.004 theta omega + 12.043 omega^2 + 0.001 theta^2 omega + -0.161 theta omega^2 + -30.493 omega^3,2.2586299502e-02,5.6988507383e-03,-1.2987926568e+00,-3.8625234070e-04,-3.7737522531e-03,1.2042707026e+01,5.6393659690e-06,1.3079040949e-03,-1.6096704597e-01,-3.0492710247e+01
6451,2024-09-06 12:40:00,0.013493,0.617129,0.436480,-0.001 1 + 1.011 omega + 0.002 theta omega + 0.028 omega^2 + 0.013 theta omega^2 + -0.887 omega^3,-0.001 1 + 0.018 omega + 0.004 theta omega + 0.063 omega^2 + 0.021 theta omega^2 + -1.308 omega^3,-1.0003590027e-03,-3.3548292173e-04,1.8492450525e-02,2.7056184154e-05,4.2132212991e-03,6.3398260505e-02,-3.8614569653e-06,-3.3864737249e-04,2.0789969691e-02,-1.3081594689e+00
6452,2024-09-06 12:45:00,0.123833,7.690063,5.438401,-0.010 1 + 1.099 omega + -0.009 theta omega + 0.252 omega^2 + -0.023 theta omega^2 + -0.853 omega^3,-0.022 1 + 0.204 omega + -0.019 theta omega + 0.517 omega^2 + -0.047 theta omega^2 + -1.631 omega^3,-2.1635869805e-02,2.5496117947e-04,2.0367321858e-01,2.2394602708e-04,-1.8671915567e-02,5.1678984599e-01,-8.6826366531e-06,4.6859551413e-04,-4.6809049256e-02,-1.6309470084e+00
6453,2024-09-06 12:50:00,0.082529,1.971690,1.395416,0.026 1 + 0.007 theta + 1.277 omega + 0.035 theta omega + 0.765 omega^2 + 0.001 theta^2 omega + 0.039 theta omega^2 + 0.017 omega^3,0.052 1 + 0.013 theta + 0.542 omega + 0.001 theta^2 + 0.069 theta omega + 1.461 omega^2 + 0.002 theta^2 omega + 0.075 theta omega^2 + -0.044 omega^3,5.2172803360e-02,1.2982127281e-02,5.4239734622e-01,8.1507022569e-04,6.9198653434e-02,1.4610982300e+00,1.4501447217e-05,2.1300187540e-03,7.4841649782e-02,-4.4347245414e-02
6454,2024-09-06 12:55:00,0.024117,1.393453,0.985467,1.003 omega + -0.001 theta omega + 0.026 omega^2 + -0.047 theta omega^2 + -0.265 omega^3,0.001 theta + 0.006 omega + -0.002 theta omega + 0.044 omega^2 + -0.094 theta omega^2 + -0.412 omega^3,-2.7123538845e-04,8.2986523915e-04,5.8712352116e-03,-2.1045954781e-04,-2.4227049448e-03,4.3582507561e-02,-1.9168203637e-06,-1.4423480971e-04,-9.4173189614e-02,-4.1236134170e-01
6455,2024-09-06 13:00:00,nan,nan,nan,0.013 1 + 1.212 omega + 0.001 theta omega + 1.257 omega^2 + -0.006 theta omega^2 + 2.689 omega^3,0.023 1 + 0.001 theta + 0.374 omega + 0.002 theta omega + 2.283 omega^2 + -0.012 theta omega^2 + 5.079 omega^3,2.3132600859e-02,8.1530267630e-04,3.7421419580e-01,2.1963108709e-05,1.6149983832e-03,2.2825394573e+00,7.6815550773e-08,8.3610178380e-05,-1.1947502363e-02,5.0790800410e+00
6456,2024-09-06 13:05:00,0.022648,1.994887,1.410689,0.001 1 + 0.951 omega + -0.023 theta omega + 1.877 omega^2 + -0.001 theta^2 omega + 0.263 theta omega^2 + -16.661 omega^3,0.001 1 + -0.102 omega + -0.047 theta omega + 3.890 omega^2 + -0.003 theta^2 omega + 0.534 theta omega^2 + -34.167 omega^3,1.4508993531e-03,-1.2819950956e-04,-1.0227193360e-01,2.6184790993e-04,-4.6631911647e-02,3.8903717324e+00,-2.1425207094e-07,-2.6464950061e-03,5.3416630433e-01,-3.4167329902e+01
6457,2024-09-06 13:10:00,0.073346,4.920860,3.479960,-0.002 theta + 1.104 omega + -0.033 theta omega + 1.735 omega^2 + -0.002 theta^2 omega + 0.088 theta omega^2 + -0.047 omega^3,-0.003 theta + 0.211 omega + -0.066 theta omega + 3.462 omega^2 + -0.004 theta^2 omega + 0.176 theta omega^2 + -0.135 omega^3,-2.8228139133e-04,-3.1916475815e-03,2.1071273280e-01,1.1922909958e-04,-6.5815777286e-02,3.4624494451e+00,1.5228666266e-05,-4.1168617985e-03,1.7582755514e-01,-1.3512682306e-01
6458,2024-09-06 13:15:00,0.014714,0.674446,0.477019,0.003 1 + 1.009 omega + -0.001 theta omega + -0.140 omega^2 + 0.012 theta omega^2 + -0.120 omega^3,0.007 1 + 0.020 omega + -0.001 theta omega + -0.272 omega^2 + 0.023 theta omega^2 + -0.272 omega^3,6.8781551314e-03,-2.6338002228e-04,2.0022899951e-02,-2.7544348137e-05,-1.3489740453e-03,-2.7210368129e-01,2.6312497291e-07,2.3539413042e-05,2.2839444612e-02,-2.7217430319e-01
6459,2024-09-06 13:20:00,0.015446,0.539835,0.381877,-0.002 1 + 1.036 omega + 0.001 theta omega + 0.054 omega^2 + 0.007 theta omega^2 + -1.707 omega^3,-0.004 1 + 0.074 omega + 0.001 theta omega + 0.123 omega^2 + 0.014 theta omega^2 + -3.487 omega^3,-4.2610440575e-03,8.5464132099e-05,7.4119041134e-02,2.4509664048e-05,1.2761732465e-03,1.2320870287e-01,-4.4621823226e-06,-3.6757925743e-04,1.4062542878e-02,-3.4865758743e+00
6460,2024-09-06 13:25:00,0.034953,1.770530,1.252198,-0.001 1 + 0.002 theta + 0.855 omega + -0.008 theta omega + 1.864 omega^2 + -0.007 theta omega^2 + -5.629 omega^3,-0.002 1 + 0.003 theta + -0.281 omega + -0.016 theta omega + 3.680 omega^2 + 0.001 theta^2 omega + -0.014 theta omega^2 + -11.144 omega^3,-2.1383556764e-03,3.2078377403e-03,-2.8142117554e-01,-1.8123205582e-04,-1.6237807658e-02,3.6795239833e+00,2.6107098879e-06,6.6252856904e-04,-1.3730407623e-02,-1.1144333549e+01
6461,2024-09-06 13:30:00,0.060606,2.778466,1.965139,-0.001 theta + 1.013 omega + -0.009 theta omega + 0.395 omega^2 + 0.001 theta^2 omega + -0.050 theta omega^2 + -2.515 omega^3,-0.001 theta + 0.027 omega + -0.020 theta omega + 0.730 omega^2 + 0.003 theta^2 omega + -0.105 theta omega^2 + -4.092 omega^3,-1.5270002721e-05,-1.4165168630e-03,2.7249697309e-02,4.9350640945e-04,-1.9854207445e-02,7.3033364035e-01,-4.2696796386e-05,2.6520400714e-03,-1.0457872999e-01,-4.0924244570e+00
6462,2024-09-06 13:35:00,0.099393,5.003962,3.539033,1.023 omega + 0.001 theta omega + -0.223 omega^2 + -0.047 theta omega^2 + -1.206 omega^3,0.050 omega + 0.004 theta omega + -0.433 omega^2 + -0.089 theta omega^2 + -2.169 omega^3,2.1074866154e-04,-3.7554015556e-04,4.9989907639e-02,-2.8570816573e-04,4.3936895337e-03,-4.3302656788e-01,-2.2446031222e-05,9.0288697479e-05,-8.9250100169e-02,-2.1690311513e+00
6463,2024-09-06 13:40:00,0.052503,6.399238,4.525097,-0.001 1 + -0.002 theta + 0.946 omega + -0.007 theta omega + -1.489 omega^2 + -0.158 theta omega^2 + -4.164 omega^3,-0.002 1 + -0.003 theta + -0.102 omega + -0.001 theta^2 + -0.013 theta omega + -2.974 omega^2 + -0.318 theta omega^2 + -8.273 omega^3,-2.3017319832e-03,-3.2113094735e-03,-1.0190853305e-01,-7.7076680625e-04,-1.2652702464e-02,-2.9738647816e+00,-4.9432446032e-05,-6.9100066126e-05,-3.1807039379e-01,-8.2728376855e+00
6464,2024-09-06 13:45:00,0.114056,4.969212,3.514689,-0.005 1 + 0.693 omega + -0.012 theta omega + -3.281 omega^2 + 0.001 theta^2 omega + -0.180 theta omega^2 + -6.983 omega^3,-0.009 1 + -0.614 omega + -0.026 theta omega + -6.611 omega^2 + 0.001 theta^2 omega + -0.359 theta omega^2 + -14.322 omega^3,-9.0763282127e-03,4.6641711864e-04,-6.1418449291e-01,6.1260629383e-05,-2.5561282368e-02,-6.6107043772e+00,-1.5177538552e-06,1.1947251247e-03,-3.5937479766e-01,-1.4321526517e+01
6465,2024-09-06 13:50:00,0.080893,8.843726,6.253720,-0.015 1 + -0.005 theta + 0.928 omega + -0.024 theta omega + 0.257 omega^2 + -0.002 theta^2 omega + 0.046 theta omega^2 + -0.550 omega^3,-0.029 1 + -0.009 theta + -0.144 omega + -0.001 theta^2 + -0.049 theta omega + 0.499 omega^2 + -0.004 theta^2 omega + 0.089 theta omega^2 + -1.176 omega^3,-2.8926274827e-02,-9.2705166249e-03,-1.4388349567e-01,-8.0482129018e-04,-4.8606371127e-02,4.9942969325e-01,-1.7006210537e-05,-3.6036716487e-03,8.9494910392e-02,-1.1764589899e+00
6466,2024-09-06 13:55:00,0.018432,1.240109,0.876986,0.985 omega + -0.003 theta omega + 0.075 omega^2 + -0.064 theta omega^2 + 2.975 omega^3,-0.029 omega + -0.006 theta omega + 0.152 omega^2 + -0.131 theta omega^2 + 6.118 omega^3,3.1256658200e-04,-1.3390683254e-04,-2.9462186607e-02,2.9978986463e-04,-6.0637602122e-03,1.5165760996e-01,-1.6903481334e-05,4.1135908121e-04,-1.3069498449e-01,6.1181928171e+00
6467,2024-09-06 14:00:00,0.051904,2.922720,2.067001,0.004 1 + 0.001 theta + 1.019 omega + 0.009 theta omega + -0.125 omega^2 + -0.005 theta omega^2 + 0.163 omega^3,0.009 1 + 0.003 theta + 0.052 omega + 0.019 theta omega + -0.182 omega^2 + 0.001 theta^2 omega + -0.008 theta omega^2 + 0.467 omega^3,9.1105356057e-03,2.7311605951e-03,5.1625316466e-02,1.1360327263e-04,1.8603866168e-02,-1.8163363475e-01,9.4071464534e-07,6.0667795247e-04,-8.0200615688e-03,4.6678764802e-01
6468,2024-09-06 14:05:00,0.075692,3.258228,2.304537,0.084 1 + 0.005 theta + 1.936 omega + 0.061 theta omega + 2.130 omega^2 + 0.001 theta^2 omega + 0.075 theta omega^2 + 0.099 omega^3,0.168 1 + 0.010 theta + 1.876 omega + 0.122 theta omega + 4.226 omega^2 + 0.002 theta^2 omega + 0.148 theta omega^2 + 0.133 omega^3,1.6820550000e-01,1.0454203634e-02,1.8755152338e+00,-3.4087685391e-05,1.2212988967e-01,4.2256316062e+00,-6.9329069258e-06,1.9515978989e-03,1.4804400316e-01,1.3269575682e-01
6469,2024-09-06 14:10:00,0.198120,5.520700,3.906237,0.001 1 + -0.002 theta + 1.005 omega + 0.001 theta^2 + -0.011 theta omega + 0.512 omega^2 + 0.002 theta^2 omega + -0.110 theta omega^2 + -0.355 omega^3,0.002 1 + -0.004 theta + 0.013 omega + 0.001 theta^2 + -0.023 theta omega + 1.046 omega^2 + 0.005 theta^2 omega + -0.219 theta omega^2 + -0.859 omega^3,2.3174339481e-03,-3.7566534558e-03,1.2615018012e-02,1.0302142483e-03,-2.3278996575e-02,1.0455615941e+00,-7.6252641946e-05,4.5824684830e-03,-2.1867461900e-01,-8.5918039543e-01
6470,2024-09-06 14:15:00,0.023791,0.764915,0.541138,0.003 1 + -0.001 theta + 0.969 omega + 0.016 theta omega + -0.453 omega^2 + -0.002 theta^2 omega + 0.022 theta omega^2 + 3.953 omega^3,0.005 1 + -0.003 theta + -0.061 omega + 0.001 theta^2 + 0.033 theta omega + -0.942 omega^2 + -0.003 theta^2 omega + 0.056 theta omega^2 + 7.590 omega^3,5.3971910978e-03,-2.9993058550e-03,-6.0759692437e-02,5.0356566955e-04,3.2680676134e-02,-9.4167696344e-01,-2.6162941308e-05,-3.1528138536e-03,5.5530261929e-02,7.5898361576e+00
6471,2024-09-06 14:20:00,nan,nan,nan,0.008 1 + 0.006 theta + 0.948 omega + -0.001 theta^2 + 0.005 theta omega + -1.677 omega^2 + 0.112 theta omega^2 + 0.576 omega^3,0.016 1 + 0.013 theta + -0.094 omega + -0.002 theta^2 + 0.009 theta omega + -3.381 omega^2 + 0.225 theta omega^2 + 1.122 omega^3,1.6314671886e-02,1.2781038695e-02,-9.3785810510e-02,-1.7333226935e-03,9.4759219201e-03,-3.3814858149e+00,5.2664018082e-05,-2.0684650163e-04,2.2525464552e-01,1.1215261404e+00
6472,2024-09-06 14:25:00,nan,nan,nan,1.016 omega + -0.175 omega^2 + -0.003 theta^2 omega + 0.223 theta omega^2 + -4.938 omega^3,0.001 1 + -0.001 theta + 0.032 omega + -0.001 theta omega + -0.266 omega^2 + -0.005 theta^2 omega + 0.430 theta omega^2 + -9.903 omega^3,8.1961782464e-04,-6.3722593089e-04,3.2306178832e-02,7.9301669815e-05,-9.1785937284e-04,-2.6638145988e-01,1.5892718316e-05,-5.1030640045e-03,4.3037741603e-01,-9.9032324835e+00
6473,2024-09-06 14:30:00,nan,nan,nan,-0.017 1 + 0.002 theta + 1.330 omega + -0.026 theta omega + -1.912 omega^2 + 0.076 theta omega^2 + 3.632 omega^3,-0.035 1 + 0.004 theta + 0.686 omega + -0.053 theta omega + -3.956 omega^2 + 0.001 theta^2 omega + 0.154 theta omega^2 + 7.602 omega^3,-3.5197469661e-02,4.0631607986e-03,6.8593291286e-01,-1.7688992302e-04,-5.2728632821e-02,-3.9562459788e+00,3.1847243435e-06,8.9354877550e-04,1.5395977059e-01,7.6022423306e+00
6474,2024-09-06 14:35:00,0.137490,6.905738,4.884062,0.005 1 + -0.001 theta + 0.897 omega + 0.018 theta omega + 0.888 omega^2 + -0.001 theta^2 omega + -0.068 theta omega^2 + -2.782 omega^3,0.008 1 + -0.003 theta + -0.196 omega + 0.032 theta omega + 1.850 omega^2 + -0.001 theta^2 omega + -0.142 theta omega^2 + -5.882 omega^3,8.0512329413e-03,-2.6868934062e-03,-1.9603714320e-01,2.6946984642e-04,3.1506129142e-02,1.8499200540e+00,-8.5503429242e-06,-6.7977476730e-04,-1.4211361068e-01,-5.8819242532e+00
6475,2024-09-06 14:40:00,nan,nan,nan,-0.031 1 + 0.004 theta + 1.483 omega + -0.063 theta omega + -1.738 omega^2 + 0.002 theta^2 omega + 0.119 theta omega^2 + 0.843 omega^3,-0.061 1 + 0.009 theta + 0.959 omega + -0.126 theta omega + -3.466 omega^2 + 0.004 theta^2 omega + 0.236 theta omega^2 + 1.906 omega^3,-6.0928508913e-02,8.9055544202e-03,9.5913127871e-01,-2.2711640839e-04,-1.2611460330e-01,-3.4658493420e+00,-6.7008465527e-06,4.0393843393e-03,2.3606272216e-01,1.9056228584e+00
6476,2024-09-06 14:45:00,nan,nan,nan,-0.001 1 + -0.002 theta + 1.021 omega + 0.011 theta omega + 0.095 omega^2 + 0.001 theta^2 omega + 0.008 theta omega^2 + 1.556 omega^3,-0.002 1 + -0.004 theta + 0.043 omega + -0.001 theta^2 + 0.022 theta omega + 0.178 omega^2 + 0.002 theta^2 omega + 0.016 theta omega^2 + 3.058 omega^3,-2.2817174821e-03,-4.1449609762e-03,4.3012444243e-02,-8.7994320270e-04,2.2317133880e-02,1.7808840261e-01,-4.7022223207e-05,1.5502096455e-03,1.5755166913e-02,3.0582099148e+00
6477,2024-09-06 14:50:00,nan,nan,nan,-0.003 1 + 1.000 omega + -0.002 theta omega + 0.153 omega^2 + -0.019 theta omega^2 + 0.304 omega^3,-0.007 1 + -0.001 omega + -0.005 theta omega + 0.314 omega^2 + -0.038 theta omega^2 + 0.654 omega^3,-6.6344269225e-03,-2.1412720704e-04,-6.0043331295e-04,2.3660460719e-04,-4.6179565324e-03,3.1418820961e-01,-1.2617306138e-05,2.8495125119e-04,-3.7645920834e-02,6.5419324247e-01
6478,2024-09-06 14:55:00,0.020658,1.390184,0.983117,0.021 1 + 1.484 omega + 0.008 theta omega + 3.486 omega^2 + 0.030 theta omega^2 + 8.206 omega^3,0.044 1 + 0.001 theta + 1.005 omega + 0.015 theta omega + 7.266 omega^2 + 0.062 theta omega^2 + 17.198 omega^3,4.4252056841e-02,6.2547206409e-04,1.0047704007e+00,-2.1141053858e-05,1.5154741100e-02,7.2659337272e+00,-3.6358621383e-07,-2.0063720249e-05,6.1693961856e-02,1.7197620468e+01
6479,2024-09-06 15:00:00,0.022642,0.542195,0.383724,0.005 1 + 0.004 theta + 1.045 omega + 0.001 theta^2 + 0.023 theta omega + 0.147 omega^2 + 0.002 theta^2 omega + 0.030 theta omega^2 + 0.914 omega^3,0.011 1 + 0.009 theta + 0.099 omega + 0.002 theta^2 + 0.048 theta omega + 0.307 omega^2 + 0.004 theta^2 omega + 0.061 theta omega^2 + 1.878 omega^3,1.1207830033e-02,8.6123067893e-03,9.9299422261e-02,1.6305404102e-03,4.8256531391e-02,3.0740266933e-01,8.4506266888e-05,4.3781516555e-03,6.1461713836e-02,1.8783928357e+00
6480,2024-09-06 15:05:00,0.065690,3.560442,2.518041,-0.005 1 + -0.007 theta + 0.972 omega + -0.002 theta^2 + -0.032 theta omega + -0.651 omega^2 + -0.004 theta^2 omega + -0.076 theta omega^2 + -6.994 omega^3,-0.009 1 + -0.014 theta + -0.057 omega + -0.004 theta^2 + -0.066 theta omega + -1.324 omega^2 + -0.009 theta^2 omega + -0.156 theta omega^2 + -14.084 omega^3,-9.0880881153e-03,-1.3842140465e-02,-5.6963187449e-02,-4.3546608662e-03,-6.5596767883e-02,-1.3235510135e+00,-3.6624620456e-04,-8.6194748303e-03,-1.5622921081e-01,-1.4084002549e+01
6481,2024-09-06 15:10:00,0.029002,2.766186,1.956097,1.000 omega + 0.001 theta omega + -0.017 omega^2 + -0.001 theta^2 omega + 0.018 theta omega^2 + -0.406 omega^3,0.004 omega + 0.002 theta omega + -0.021 omega^2 + -0.001 theta^2 omega + 0.038 theta omega^2 + -0.959 omega^3,-2.7701660519e-04,-2.2529732224e-04,3.9465700559e-03,1.8867485287e-04,1.9554038806e-03,-2.0657093860e-02,-1.0065458894e-05,-1.3467271777e-03,3.7751943255e-02,-9.5896866359e-01
6482,2024-09-06 15:15:00,nan,nan,nan,-0.001 theta + 1.073 omega + 0.023 theta omega + -1.229 omega^2 + -0.083 theta omega^2 + 4.913 omega^3,0.001 1 + -0.003 theta + 0.147 omega + 0.046 theta omega + -2.474 omega^2 + -0.167 theta omega^2 + 9.940 omega^3,5.4594416974e-04,-2.6001021570e-03,1.4718137851e-01,-7.0682048943e-05,4.5843671335e-02,-2.4741885539e+00,1.2452677680e-06,1.0608715684e-04,-1.6684651956e-01,9.9401383286e+00
6483,2024-09-06 15:20:00,nan,nan,nan,-0.013 1 + 0.001 theta + 1.017 omega + -0.003 theta omega + 0.105 omega^2 + -0.005 theta omega^2 + 0.395 omega^3,-0.026 1 + 0.002 theta + 0.035 omega + -0.007 theta omega + 0.195 omega^2 + -0.009 theta omega^2 + 0.847 omega^3,-2.5788529331e-02,1.9349768217e-03,3.5461997014e-02,-2.1334715488e-05,-6.5459872415e-03,1.9505409997e-01,-6.2451549959e-07,1.8094308949e-04,-9.4252567764e-03,8.4682696935e-01
6484,2024-09-06 15:25:00,0.029874,2.455101,1.736147,-0.002 1 + 0.952 omega + -0.003 theta omega + -0.416 omega^2 + -0.003 theta omega^2 + -1.068 omega^3,-0.002 1 + -0.001 theta + -0.074 omega + -0.005 theta omega + -0.755 omega^2 + -0.005 theta omega^2 + -2.087 omega^3,-2.1335186878e-03,-6.4619734853e-04,-7.4274640863e-02,-1.9849909458e-05,-5.0429690627e-03,-7.5539379159e-01,1.1607959652e-08,-1.4606554196e-04,-4.9165919721e-03,-2.0871463040e+00
6485,2024-09-06 15:30:00,0.075268,6.080897,4.300173,-0.001 1 + -0.001 theta + 0.985 omega + -0.008 theta omega + -0.146 omega^2 + -0.001 theta^2 omega + -0.007 theta omega^2 + -0.954 omega^3,-0.002 1 + -0.002 theta + -0.027 omega + -0.015 theta omega + -0.321 omega^2 + -0.001 theta^2 omega + -0.019 theta omega^2 + -1.727 omega^3,-1.7221274065e-03,-1.9447186935e-03,-2.7460487679e-02,-3.8278720422e-04,-1.5316628510e-02,-3.2132971015e-01,-2.1415359551e-05,-1.1948933777e-03,-1.8510465078e-02,-1.7273152067e+00
6486,2024-09-06 15:35:00,nan,nan,nan,-0.001 1 + -0.001 theta + 0.989 omega + -0.005 theta omega + 0.159 omega^2 + 0.005 theta^2 omega + -0.085 theta omega^2 + 2.065 omega^3,-0.002 1 + -0.001 theta + -0.021 omega + -0.011 theta omega + 0.319 omega^2 + 0.011 theta^2 omega + -0.176 theta omega^2 + 4.090 omega^3,-1.6905580454e-03,-1.0237591570e-03,-2.1442296740e-02,1.4573073360e-04,-1.0559015580e-02,3.1907441759e-01,-1.8515877214e-04,1.1163341327e-02,-1.7642934215e-01,4.0895219342e+00
6487,2024-09-06 15:40:00,0.053885,4.828817,3.414702,0.022 1 + 1.120 omega + 0.002 theta omega + -0.554 omega^2 + -0.001 theta omega^2 + -3.073 omega^3,0.041 1 + 0.001 theta + 0.236 omega + 0.003 theta omega + -1.006 omega^2 + -0.001 theta omega^2 + -5.738 omega^3,4.1463590920e-02,6.0433238902e-04,2.3609532635e-01,-4.7325788113e-05,3.3637021153e-03,-1.0060550322e+00,-4.5210555849e-07,-2.5201618472e-04,-8.1867232008e-04,-5.7375389518e+00
6488,2024-09-06 15:45:00,nan,nan,nan,0.985 omega + 0.009 theta omega + -0.016 omega^2 + 0.002 theta^2 omega + -0.050 theta omega^2 + 1.314 omega^3,0.001 1 + -0.030 omega + -0.001 theta^2 + 0.019 theta omega + -0.011 omega^2 + 0.005 theta^2 omega + -0.092 theta omega^2 + 2.781 omega^3,6.5072714262e-04,-2.7457699164e-04,-2.9903305426e-02,-6.4561223298e-04,1.8784577478e-02,-1.0657255801e-02,-1.0668234998e-04,4.6899954202e-03,-9.2093440086e-02,2.7810377077e+00
6489,2024-09-06 15:50:00,0.188118,18.938940,13.392513,-0.017 1 + -0.003 theta + 0.763 omega + -0.064 theta omega + -0.611 omega^2 + -0.004 theta^2 omega + -0.037 theta omega^2 + -3.880 omega^3,-0.034 1 + -0.006 theta + -0.465 omega + -0.125 theta omega + -1.219 omega^2 + -0.008 theta^2 omega + -0.075 theta omega^2 + -7.699 omega^3,-3.4016032727e-02,-5.8529125413e-03,-4.6514702347e-01,3.7768562150e-04,-1.2521589561e-01,-1.2192264537e+00,6.8272240455e-05,-8.1868661914e-03,-7.5073173557e-02,-7.6986514179e+00
6490,2024-09-06 15:55:00,nan,nan,nan,0.017 1 + -0.002 theta + 1.394 omega + -0.003 theta omega + 1.979 omega^2 + 0.056 theta omega^2 + 0.442 omega^3,0.039 1 + -0.003 theta + 0.852 omega + -0.003 theta omega + 4.226 omega^2 + -0.001 theta^2 omega + 0.118 theta omega^2 + 1.162 omega^3,3.9163828218e-02,-3.0485393435e-03,8.5165136382e-01,-1.7893140347e-04,-2.6720137373e-03,4.2260181261e+00,-1.2584440386e-06,-9.6904610181e-04,1.1830684781e-01,1.1618579721e+00
6491,2024-09-06 16:00:00,0.080485,2.515446,1.779599,-0.002 1 + -0.002 theta + 0.999 omega + -0.001 theta^2 + 0.004 theta omega + -0.010 omega^2 + 0.002 theta^2 omega + -0.077 theta omega^2 + -1.096 omega^3,-0.004 1 + -0.005 theta + -0.002 theta^2 + 0.002 theta omega + -0.095 omega^2 + 0.002 theta^2 omega + -0.175 theta omega^2 + -2.977 omega^3,-3.7261613108e-03,-4.5881716223e-03,3.9251168152e-04,-2.1531658360e-03,2.4863064535e-03,-9.5011650128e-02,-3.1948755955e-04,2.0908907693e-03,-1.7546043445e-01,-2.9773291665e+00
6492,2024-09-06 16:05:00,0.027720,1.220431,0.863198,-0.002 1 + 1.010 omega + -0.008 theta omega + 0.720 omega^2 + -0.036 theta omega^2 + 4.369 omega^3,-0.003 1 + -0.001 theta + 0.022 omega + -0.017 theta omega + 1.450 omega^2 + -0.069 theta omega^2 + 8.531 omega^3,-3.4586866724e-03,-7.6894538772e-04,2.2416809873e-02,8.9944884483e-06,-1.7129487367e-02,1.4498906598e+00,9.4896046081e-07,-2.2887829281e-04,-6.8528818279e-02,8.5305091696e+00
6493,2024-09-06 16:10:00,nan,nan,nan,0.020 1 + 0.007 theta + 1.209 omega + 0.001 theta^2 + 0.060 theta omega + 0.535 omega^2 + 0.004 theta^2 omega + 0.025 theta omega^2 + 2.429 omega^3,0.043 1 + 0.016 theta + 0.443 omega + 0.002 theta^2 + 0.126 theta omega + 1.163 omega^2 + 0.009 theta^2 omega + 0.060 theta omega^2 + 5.112 omega^3,4.3001501122e-02,1.5525592138e-02,4.4318374028e-01,1.5447085101e-03,1.2626097607e-01,1.1625011211e+00,3.7862426966e-05,8.7916784060e-03,6.0427576949e-02,5.1124571949e+00
6494,2024-09-06 16:15:00,0.058413,1.891277,1.337973,-0.002 1 + -0.001 theta + 1.008 omega + -0.001 theta omega + 0.111 omega^2 + 0.009 theta omega^2 + -0.370 omega^3,-0.003 1 + -0.002 theta + 0.018 omega + -0.003 theta omega + 0.209 omega^2 + 0.018 theta omega^2 + -0.914 omega^3,-3.1188054009e-03,-1.5381634194e-03,1.8251043744e-02,-1.7671197252e-04,-2.9916538602e-03,2.0918742824e-01,-6.3395589549e-06,-2.2682567054e-04,1.7815840336e-02,-9.1399754076e-01
6495,2024-09-06 16:20:00,nan,nan,nan,-0.003 1 + 0.936 omega + 0.001 theta omega + -0.115 omega^2 + 0.002 theta^2 omega + -0.066 theta omega^2 + 11.255 omega^3,-0.005 1 + 0.001 theta + -0.122 omega + -0.005 theta omega + -0.427 omega^2 + 0.006 theta^2 omega + -0.085 theta omega^2 + 23.981 omega^3,-5.1626140098e-03,9.3506401323e-04,-1.2230580377e-01,4.2925708640e-04,-4.6955087429e-03,-4.2652250809e-01,-8.3916440753e-05,5.5257278332e-03,-8.5432390879e-02,2.3981291437e+01
6496,2024-09-06 16:25:00,nan,nan,nan,0.006 1 + 0.004 theta + 1.029 omega + 0.030 theta omega + -0.203 omega^2 + 0.003 theta^2 omega + -0.071 theta omega^2 + 3.927 omega^3,0.013 1 + 0.008 theta + 0.069 omega + 0.001 theta^2 + 0.061 theta omega + -0.321 omega^2 + 0.005 theta^2 omega + -0.134 theta omega^2 + 7.888 omega^3,1.3147465120e-02,8.2163978468e-03,6.9328119623e-02,9.2781376190e-04,6.1288251128e-02,-3.2115526037e-01,2.6086861465e-05,5.3008731297e-03,-1.3441928318e-01,7.8882141958e+00
6497,2024-09-06 16:30:00,0.003859,0.090385,0.063970,-0.003 1 + 1.026 omega + -0.002 theta omega + 0.256 omega^2 + -0.014 theta omega^2 + -1.270 omega^3,-0.006 1 + -0.001 theta + 0.050 omega + -0.004 theta omega + 0.552 omega^2 + -0.031 theta omega^2 + -2.554 omega^3,-5.6030082177e-03,-6.4752846436e-04,5.0104471824e-02,1.7124990432e-04,-4.0118572981e-03,5.5215702685e-01,-6.5003705806e-06,1.1865684182e-04,-3.1039169982e-02,-2.5537635633e+00
6498,2024-09-06 16:35:00,0.037401,5.112105,3.614901,-0.003 1 + -0.002 theta + 0.994 omega + 0.001 theta^2 + -0.001 theta omega + 1.813 omega^2 + -0.386 theta omega^2 + -4.215 omega^3,-0.007 1 + -0.004 theta + -0.012 omega + 0.002 theta^2 + -0.002 theta omega + 3.651 omega^2 + 0.001 theta^2 omega + -0.768 theta omega^2 + -8.602 omega^3,-6.7836711476e-03,-3.9403171733e-03,-1.2413152263e-02,2.2158775390e-03,-2.4413596328e-03,3.6514676778e+00,-2.1855826150e-04,5.6155981139e-04,-7.6819232400e-01,-8.6021822080e+00
6499,2024-09-06 16:40:00,0.969124,10.769621,7.646043,0.010 1 + 0.007 theta + 1.165 omega + 0.002 theta^2 + 0.075 theta omega + 0.394 omega^2 + 0.009 theta^2 omega + 0.106 theta omega^2 + -3.031 omega^3,0.019 1 + 0.015 theta + 0.338 omega + 0.003 theta^2 + 0.154 theta omega + 0.950 omega^2 + 0.017 theta^2 omega + 0.233 theta omega^2 + -4.941 omega^3,1.9431216110e-02,1.4540634975e-02,3.3840208243e-01,3.3513710923e-03,1.5379600375e-01,9.5011426417e-01,2.3870775167e-04,1.7356141841e-02,2.3349905336e-01,-4.9408485359e+00
