Chunk_Index,Chunk_Start_Time,Sim_RMSE_Omega,Sim_RMSE_Theta,Sim_RMSE_Total,Eq_Theta,Eq_Omega,Coeff_Const,Coeff_Theta,Coeff_Omega,Coeff_Theta2,Coeff_ThetaOmega,Coeff_Omega2
74500,2025-05-10 17:05:00,0.058217,0.722123,0.512275,-0.001 1 + -0.001 theta + 1.014 omega + 0.005 theta omega + -0.066 omega^2,-0.001 1 + -0.001 theta + 0.028 omega + 0.009 theta omega + -0.137 omega^2,-9.7856806188e-04,-1.0067897982e-03,2.8123333268e-02,-1.8971550234e-05,8.9923923740e-03,-1.3730695507e-01
74501,2025-05-10 17:10:00,0.044053,4.439508,3.139361,-0.001 1 + 0.997 omega + -0.001 theta omega + 0.029 omega^2,-0.003 1 + 0.001 theta + -0.006 omega + -0.001 theta omega + 0.064 omega^2,-2.5093477243e-03,5.4798901143e-04,-6.0650836659e-03,-1.8157401702e-05,-1.1310850798e-03,6.4493087985e-02
74502,2025-05-10 17:15:00,0.065443,3.508900,2.481599,-0.001 1 + 1.007 omega + -0.001 theta omega + 0.055 omega^2,-0.003 1 + -0.001 theta + 0.014 omega + -0.001 theta omega + 0.105 omega^2,-2.7042050237e-03,-5.3921936488e-04,1.3859821551e-02,-9.3244817265e-06,-1.2664823392e-03,1.0463198463e-01
74503,2025-05-10 17:20:00,nan,nan,nan,0.001 1 + -0.001 theta + 1.016 omega + 0.002 theta omega + -0.091 omega^2,0.001 1 + -0.001 theta + 0.032 omega + 0.005 theta omega + -0.184 omega^2,9.9322180860e-04,-1.2178022891e-03,3.2308165414e-02,3.0276037008e-05,4.6118362176e-03,-1.8400322809e-01
74504,2025-05-10 17:25:00,0.105294,9.117779,6.447673,0.001 1 + 1.006 omega + -0.001 theta omega + 0.037 omega^2,0.001 1 + 0.014 omega + -0.002 theta omega + 0.072 omega^2,1.0232097171e-03,-3.8071731612e-04,1.4046993685e-02,2.3102340744e-05,-2.4464149960e-03,7.1541594259e-02
74505,2025-05-10 17:30:00,0.063600,1.999346,1.414466,0.002 1 + 0.999 omega + -0.101 omega^2,0.004 1 + -0.001 theta + -0.001 omega + -0.200 omega^2,4.3328332712e-03,-8.7364593275e-04,-5.4327822763e-04,-1.3407207049e-05,2.4957329528e-04,-2.0042288844e-01
74506,2025-05-10 17:35:00,0.007871,0.645573,0.456523,-0.001 1 + 1.010 omega + -0.001 theta omega + -0.001 omega^2,-0.003 1 + 0.029 omega + -0.001 theta omega + -0.025 omega^2,-2.7728787833e-03,1.2087991356e-04,2.9446139016e-02,-8.5377873297e-08,-1.0473139784e-03,-2.5244366597e-02
74507,2025-05-10 17:40:00,0.040401,2.123875,1.502078,1.003 omega + 0.010 omega^2,0.007 omega + 0.023 omega^2,-2.1995263166e-05,-2.0134851639e-04,6.5661694767e-03,-2.8273966104e-06,-4.1689972936e-04,2.3067948615e-02
74508,2025-05-10 17:45:00,0.525916,25.941332,18.347061,0.002 1 + 0.001 theta + 0.998 omega + -0.076 omega^2,0.005 1 + 0.001 theta + -0.004 omega + -0.158 omega^2,4.9296729844e-03,1.2718444619e-03,-4.4470460057e-03,9.3825412378e-05,-3.5017128387e-04,-1.5836087515e-01
74509,2025-05-10 17:50:00,0.050232,4.756773,3.363734,-0.001 1 + 1.002 omega + 0.018 omega^2,-0.002 1 + 0.005 omega + -0.001 theta omega + 0.023 omega^2,-1.9441310456e-03,2.2512023466e-04,5.2991761738e-03,-3.8657037306e-06,-5.8673929549e-04,2.2922470723e-02
74510,2025-05-10 17:55:00,0.041487,3.469071,2.453179,0.997 omega + 0.002 theta omega + -0.100 omega^2,-0.005 omega + 0.004 theta omega + -0.199 omega^2,2.4124528330e-04,-2.7832872789e-04,-5.2252612191e-03,-4.8064777977e-05,3.6964059258e-03,-1.9929579771e-01
74511,2025-05-10 18:00:00,0.097754,3.627902,2.566245,0.001 1 + 1.003 omega + -0.001 theta omega + -0.060 omega^2,0.002 1 + -0.001 theta + 0.006 omega + -0.001 theta omega + -0.113 omega^2,2.1926707775e-03,-6.2425518372e-04,5.8967912095e-03,-3.7395864975e-04,-1.3076344228e-03,-1.1266108256e-01
74512,2025-05-10 18:05:00,nan,nan,nan,0.001 1 + -0.001 theta + 1.000 omega + 0.002 theta omega + -0.108 omega^2,0.003 1 + -0.001 theta + 0.001 omega + 0.004 theta omega + -0.211 omega^2,2.8251982662e-03,-1.4008844198e-03,1.1065600329e-03,-4.5972861809e-04,3.5725768237e-03,-2.1090193945e-01
74513,2025-05-10 18:10:00,0.025687,0.900340,0.636896,0.991 omega + 0.039 omega^2,0.001 theta + -0.016 omega + -0.001 theta omega + 0.073 omega^2,1.6275757825e-04,7.1527848403e-04,-1.5891909769e-02,3.8328994849e-05,-8.3735126782e-04,7.2724852830e-02
74514,2025-05-10 18:15:00,0.201163,8.131198,5.751384,0.006 1 + -0.001 theta + 0.966 omega + 0.004 theta omega + -0.075 omega^2,0.011 1 + -0.002 theta + -0.067 omega + 0.007 theta omega + -0.143 omega^2,1.1403569411e-02,-1.6793268590e-03,-6.7041790252e-02,5.1388262697e-05,7.4434584468e-03,-1.4283308681e-01
74515,2025-05-10 18:20:00,nan,nan,nan,0.012 1 + -0.001 theta + 0.920 omega + 0.005 theta omega + 0.099 omega^2,0.025 1 + -0.003 theta + -0.165 omega + 0.010 theta omega + 0.214 omega^2,2.5045889168e-02,-2.5695068047e-03,-1.6527105798e-01,5.3380327353e-05,9.6739770597e-03,2.1377818277e-01
74516,2025-05-10 18:25:00,nan,nan,nan,0.002 1 + 1.007 omega + -0.035 omega^2,0.003 1 + -0.001 theta + 0.014 omega + -0.001 theta omega + -0.069 omega^2,3.1152735556e-03,-9.1146878397e-04,1.3715871487e-02,-2.1145797099e-05,-1.0042248468e-03,-6.9111466883e-02
74517,2025-05-10 18:30:00,0.012246,0.239841,0.169814,-0.052 1 + -0.002 theta + 0.756 omega + -0.007 theta omega + -0.087 omega^2,-0.104 1 + -0.004 theta + -0.486 omega + -0.013 theta omega + -0.166 omega^2,-1.0429317879e-01,-3.6987954531e-03,-4.8594849631e-01,-1.8880268907e-05,-1.3074321801e-02,-1.6592723390e-01
74518,2025-05-10 18:35:00,0.022831,0.855591,0.605210,0.002 1 + 0.995 omega + -0.044 omega^2,0.005 1 + -0.011 omega + 0.001 theta omega + -0.090 omega^2,4.5601844654e-03,-1.8609063122e-04,-1.0510065950e-02,-1.7967204241e-05,8.4556925277e-04,-9.0242214152e-02
74519,2025-05-10 18:40:00,0.076869,3.554992,2.514347,-0.002 1 + 1.018 omega + -0.002 theta omega + -0.025 omega^2,-0.004 1 + 0.001 theta + 0.037 omega + -0.004 theta omega + -0.047 omega^2,-4.3325077981e-03,1.0180977619e-03,3.6941797537e-02,-5.2476340338e-05,-3.7265525366e-03,-4.6639710855e-02
74520,2025-05-10 18:45:00,0.015382,0.694443,0.491166,-0.002 1 + 1.006 omega + 0.029 omega^2,-0.003 1 + 0.001 theta + 0.012 omega + -0.001 theta omega + 0.061 omega^2,-3.2475843970e-03,5.0030046579e-04,1.1991803738e-02,-2.3394833653e-05,-5.0278426008e-04,6.0644775810e-02
74521,2025-05-10 18:50:00,0.022189,0.603057,0.426714,-0.002 1 + 0.988 omega + -0.001 theta omega + 0.020 omega^2,-0.004 1 + -0.024 omega + -0.001 theta omega + 0.024 omega^2,-4.1354743859e-03,-2.3019746764e-04,-2.4232749773e-02,1.6888989951e-06,-1.3393513197e-03,2.4200617824e-02
74522,2025-05-10 18:55:00,0.032042,2.001794,1.415663,-0.001 1 + 1.009 omega + 0.062 omega^2,-0.002 1 + 0.018 omega + 0.120 omega^2,-1.6716250745e-03,-3.3561114428e-04,1.7900068098e-02,-9.2244928046e-06,-1.4650578978e-04,1.2042184725e-01
74523,2025-05-10 19:00:00,0.041146,1.695699,1.199393,0.001 1 + 1.007 omega + 0.043 omega^2,0.002 1 + 0.001 theta + 0.014 omega + 0.001 theta omega + 0.080 omega^2,2.2220149953e-03,6.2794146819e-04,1.3888385464e-02,2.8741553620e-05,7.5049264429e-04,7.9784118870e-02
74524,2025-05-10 19:05:00,nan,nan,nan,-0.002 1 + 1.004 omega + 0.072 omega^2,-0.004 1 + 0.007 omega + 0.140 omega^2,-4.4092525552e-03,1.5122100084e-04,7.4743351562e-03,-1.4441438070e-05,4.4660723776e-04,1.4035969226e-01
74525,2025-05-10 19:10:00,0.062568,2.260831,1.599261,0.005 1 + 0.001 theta + 1.003 omega + 0.001 theta omega + -0.060 omega^2,0.009 1 + 0.002 theta + 0.006 omega + 0.001 theta omega + -0.119 omega^2,9.0915303511e-03,1.8807649053e-03,5.9848882022e-03,9.6446751687e-05,1.3510667551e-03,-1.1872297418e-01
74526,2025-05-10 19:15:00,nan,nan,nan,0.002 1 + 0.997 omega + 0.001 theta omega + -0.135 omega^2,0.005 1 + -0.007 omega + 0.001 theta omega + -0.263 omega^2,4.8601946377e-03,2.1155844558e-04,-6.5602320761e-03,-1.1850994612e-04,1.2324685807e-03,-2.6321437745e-01
74527,2025-05-10 19:20:00,0.047279,7.006262,4.954288,0.001 1 + 1.024 omega + 0.001 theta omega + 0.044 omega^2,0.003 1 + 0.052 omega + 0.001 theta omega + 0.099 omega^2,3.0889896793e-03,-3.4845845206e-05,5.2413719231e-02,-5.7120243536e-06,1.3835113189e-03,9.9232142370e-02
74528,2025-05-10 19:25:00,nan,nan,nan,0.008 1 + 1.119 omega + -0.001 theta omega + 0.431 omega^2,0.017 1 + 0.244 omega + -0.001 theta omega + 0.870 omega^2,1.6509652246e-02,-3.0589481528e-04,2.4414937101e-01,-4.4408391830e-06,-1.2212508930e-03,8.7025284570e-01
74529,2025-05-10 19:30:00,0.057722,3.325491,2.351831,0.001 1 + 1.010 omega + 0.041 omega^2,0.003 1 + 0.026 omega + 0.095 omega^2,2.9115416096e-03,7.9533172895e-05,2.5964213468e-02,2.0492881538e-07,1.3040509605e-04,9.5371006344e-02
74530,2025-05-10 19:35:00,0.041743,4.229433,2.990807,0.001 1 + 1.002 omega + 0.007 omega^2,0.002 1 + 0.004 omega + 0.010 omega^2,2.0644046001e-03,2.3436693674e-04,4.1462058536e-03,5.5071731868e-06,1.5133776027e-04,9.5257646884e-03
74531,2025-05-10 19:40:00,0.074499,2.952112,2.088123,-0.003 1 + 1.008 omega + 0.003 theta omega + 0.154 omega^2,-0.006 1 + 0.016 omega + 0.005 theta omega + 0.314 omega^2,-5.7645505202e-03,-3.9809439397e-04,1.6300308100e-02,3.2606668012e-04,5.4979290622e-03,3.1369011738e-01
74532,2025-05-10 19:45:00,0.036676,3.846314,2.719878,1.005 omega + 0.001 theta omega + -0.013 omega^2,0.011 omega + 0.001 theta omega + -0.030 omega^2,1.9235415812e-04,-6.8765897361e-05,1.1499623006e-02,-6.8051752352e-06,1.3028786183e-03,-3.0030297246e-02
74533,2025-05-10 19:50:00,0.050975,1.524687,1.078719,0.006 1 + 0.975 omega + 0.001 theta omega + 0.012 omega^2,0.011 1 + -0.047 omega + 0.001 theta omega + 0.023 omega^2,1.0757404350e-02,-4.7609278073e-04,-4.7044976571e-02,-2.7948447057e-06,1.4070786903e-03,2.3201260822e-02
74534,2025-05-10 19:55:00,nan,nan,nan,0.002 1 + -0.001 theta + 0.996 omega + 0.001 theta omega + 0.083 omega^2,0.004 1 + -0.002 theta + -0.005 omega + 0.003 theta omega + 0.157 omega^2,4.2799440232e-03,-1.8045556170e-03,-5.2803061617e-03,3.6143556966e-05,2.7761692916e-03,1.5733193460e-01
74535,2025-05-10 20:00:00,0.200648,5.705820,4.037118,-0.001 theta + 1.005 omega + -0.001 theta omega + 0.055 omega^2,0.001 1 + -0.001 theta + 0.011 omega + -0.003 theta omega + 0.109 omega^2,6.4312462000e-04,-1.4289786450e-03,1.0685611231e-02,-1.8711137051e-04,-2.7692190883e-03,1.0930559574e-01
74536,2025-05-10 20:05:00,nan,nan,nan,0.002 1 + -0.001 theta + 1.004 omega + -0.001 theta omega + -0.116 omega^2,0.004 1 + -0.001 theta + 0.009 omega + -0.002 theta omega + -0.237 omega^2,4.1442283954e-03,-1.1058273236e-03,9.3607170282e-03,-1.6815472870e-04,-2.1543550462e-03,-2.3657770970e-01
74537,2025-05-10 20:10:00,nan,nan,nan,-0.002 theta + 1.002 omega + 0.254 omega^2,-0.001 1 + -0.003 theta + 0.006 omega + -0.001 theta omega + 0.503 omega^2,-5.4221093929e-04,-3.4909201906e-03,6.2765377632e-03,1.8908331109e-04,-8.0660274658e-04,5.0319668876e-01
74538,2025-05-10 20:15:00,0.062567,1.719982,1.217016,0.003 1 + 0.995 omega + -0.048 omega^2,0.006 1 + -0.009 omega + 0.001 theta omega + -0.094 omega^2,5.5361872674e-03,-3.0747857139e-04,-8.9720664212e-03,-1.1098255644e-06,8.1453472347e-04,-9.3977206240e-02
74539,2025-05-10 20:20:00,0.037315,3.582109,2.533071,0.996 omega + -0.033 omega^2,-0.004 omega + 0.001 theta omega + -0.052 omega^2,3.3777138947e-04,1.0872400961e-04,-4.0808462868e-03,1.3297425858e-06,5.7186258593e-04,-5.2163032860e-02
74540,2025-05-10 20:25:00,0.044091,2.503665,1.770633,0.997 omega + -0.001 theta omega + 0.014 omega^2,-0.006 omega + -0.001 theta omega + 0.024 omega^2,-4.6068761942e-05,3.7411272853e-04,-6.0678653881e-03,4.4035330892e-05,-1.1641403599e-03,2.4040488083e-02
74541,2025-05-10 20:30:00,0.049683,1.548378,1.095432,-0.002 1 + 1.000 omega + 0.017 omega^2,-0.003 1 + 0.002 omega + 0.043 omega^2,-3.2649147877e-03,-4.6637637435e-04,2.2371674023e-03,-1.2026877553e-05,-4.6728506493e-04,4.2686524793e-02
74542,2025-05-10 20:35:00,nan,nan,nan,-0.012 1 + -0.001 theta + 0.948 omega + -0.003 theta omega + 0.029 omega^2,-0.023 1 + -0.002 theta + -0.104 omega + -0.006 theta omega + 0.061 omega^2,-2.3407715634e-02,-1.7993912230e-03,-1.0425563394e-01,-3.0967819974e-05,-5.7341763856e-03,6.0729790833e-02
74543,2025-05-10 20:40:00,0.028036,2.419231,1.710769,-0.003 1 + 0.920 omega + -0.262 omega^2,-0.005 1 + 0.001 theta + -0.157 omega + 0.001 theta omega + -0.521 omega^2,-5.2970162921e-03,7.2701568611e-04,-1.5685808788e-01,1.3883246703e-05,6.5716612915e-04,-5.2066822308e-01
74544,2025-05-10 20:45:00,0.032652,4.383206,3.099481,0.010 1 + 1.108 omega + 0.003 theta omega + 0.236 omega^2,0.022 1 + 0.001 theta + 0.238 omega + 0.007 theta omega + 0.532 omega^2,2.2052685696e-02,9.7103974936e-04,2.3759934271e-01,5.7496669624e-06,6.8723512908e-03,5.3248792264e-01
74545,2025-05-10 20:50:00,nan,nan,nan,-0.002 1 + -0.002 theta + 1.003 omega + 0.004 theta omega + -0.154 omega^2,-0.005 1 + -0.004 theta + 0.008 omega + 0.007 theta omega + -0.295 omega^2,-4.5864691503e-03,-4.3640097938e-03,8.1983652251e-03,-4.5845504212e-04,7.2880108533e-03,-2.9534328586e-01
74546,2025-05-10 20:55:00,nan,nan,nan,0.001 1 + 0.985 omega + -0.001 theta omega + -0.082 omega^2,0.003 1 + 0.001 theta + -0.027 omega + -0.001 theta omega + -0.152 omega^2,2.9862732744e-03,8.4395800502e-04,-2.6774719488e-02,4.7090008287e-05,-1.4864722912e-03,-1.5170824077e-01
74547,2025-05-10 21:00:00,0.086958,6.772650,4.789382,0.999 omega + 0.010 omega^2,0.001 1 + -0.001 omega + 0.024 omega^2,7.5258204524e-04,-2.7657875750e-04,-1.3465276514e-03,1.7687541361e-05,-2.5553510966e-04,2.3816899068e-02
74548,2025-05-10 21:05:00,nan,nan,nan,0.002 1 + -0.001 theta + 1.002 omega + 0.001 theta omega + 0.040 omega^2,0.003 1 + -0.003 theta + 0.004 omega + 0.001 theta omega + 0.074 omega^2,3.0768284277e-03,-2.6422206499e-03,4.3596828549e-03,1.9494766309e-04,1.0427024396e-03,7.3831571295e-02
74549,2025-05-10 21:10:00,0.024547,0.870684,0.615911,-0.001 1 + 0.999 omega + -0.001 theta omega + 0.034 omega^2,-0.002 1 + -0.002 omega + -0.001 theta omega + 0.063 omega^2,-2.1433646963e-03,-2.9374398986e-04,-2.0905122566e-03,-6.7976015479e-06,-1.0220263149e-03,6.3258642406e-02
74550,2025-05-10 21:15:00,0.084657,3.027056,2.141289,-0.002 1 + 1.002 omega + 0.001 theta omega + 0.057 omega^2,-0.003 1 + 0.001 theta + 0.005 omega + 0.002 theta omega + 0.111 omega^2,-3.3281070129e-03,5.7407561144e-04,4.5322915031e-03,1.1201671207e-04,1.5653900068e-03,1.1120644230e-01
74551,2025-05-10 21:20:00,0.042068,4.999840,3.535546,1.001 omega + 0.001 theta omega + -0.035 omega^2,0.004 omega + 0.001 theta omega + -0.066 omega^2,2.5411152784e-04,2.6118598070e-05,4.1757541245e-03,-2.7120311902e-06,1.2261707474e-03,-6.5840477696e-02
74552,2025-05-10 21:25:00,0.136124,4.555826,3.222893,-0.003 1 + 0.978 omega + -0.002 theta omega + -0.035 omega^2,-0.005 1 + -0.044 omega + -0.004 theta omega + -0.077 omega^2,-5.1856535200e-03,-2.7585520247e-04,-4.4412225637e-02,3.8984074556e-05,-4.2030664892e-03,-7.7147849600e-02
74553,2025-05-10 21:30:00,0.061968,2.304226,1.629923,0.001 1 + 0.982 omega + 0.003 theta omega + -0.051 omega^2,0.002 1 + -0.034 omega + 0.005 theta omega + -0.094 omega^2,2.3328327024e-03,2.9316047067e-04,-3.3704007047e-02,-8.2047361290e-05,5.2897706004e-03,-9.3910544546e-02
74554,2025-05-10 21:35:00,nan,nan,nan,-0.001 1 + -0.001 theta + 1.004 omega + 0.087 omega^2,-0.002 1 + -0.001 theta + 0.009 omega + -0.001 theta omega + 0.173 omega^2,-2.3034695222e-03,-1.2617832175e-03,8.7852269438e-03,9.5936692373e-05,-7.6532456362e-04,1.7337141181e-01
74555,2025-05-10 21:40:00,0.111221,4.337706,3.068229,1.004 omega + 0.018 omega^2,-0.001 theta + 0.009 omega + 0.001 theta omega + 0.041 omega^2,-2.9137558889e-04,-8.9721092538e-04,8.9082445659e-03,-1.2974329049e-04,8.5084273115e-04,4.0503873658e-02
74556,2025-05-10 21:45:00,0.059329,1.908487,1.350156,0.002 1 + 0.965 omega + 0.002 theta omega + 0.036 omega^2,0.003 1 + 0.001 theta + -0.068 omega + 0.004 theta omega + 0.070 omega^2,3.3744584833e-03,9.6242804531e-04,-6.8275931673e-02,-8.2671481795e-05,3.5085199892e-03,6.9907642896e-02
74557,2025-05-10 21:50:00,0.225069,17.545077,12.407264,0.001 1 + 1.007 omega + -0.032 omega^2,0.002 1 + 0.015 omega + -0.001 theta omega + -0.064 omega^2,1.9961650326e-03,-4.3200053147e-04,1.5267400660e-02,2.2293091136e-05,-6.8731738223e-04,-6.3587738480e-02
74558,2025-05-10 21:55:00,0.029466,0.571685,0.404779,-0.003 1 + 1.004 omega + 0.001 theta omega + 0.017 omega^2,-0.006 1 + 0.009 omega + 0.003 theta omega + 0.035 omega^2,-6.3476363398e-03,2.7867374612e-05,8.7662522295e-03,1.4083490299e-04,2.6411002308e-03,3.4877224703e-02
74559,2025-05-10 22:00:00,0.112886,9.709818,6.866342,0.996 omega + -0.003 omega^2,-0.001 1 + -0.008 omega + -0.004 omega^2,-1.1054337571e-03,-1.3366011178e-04,-7.7084633753e-03,-4.0854836260e-06,-2.7391556284e-05,-4.3548202903e-03
74560,2025-05-10 22:05:00,0.298336,9.673990,6.843796,0.001 1 + 0.995 omega + 0.009 omega^2,0.002 1 + -0.006 omega + -0.001 theta omega + 0.024 omega^2,1.9181201207e-03,4.2492713353e-04,-6.4632656492e-03,1.8009674552e-05,-8.4485808767e-04,2.4151018709e-02
74561,2025-05-10 22:10:00,nan,nan,nan,0.002 1 + 0.002 theta + 1.010 omega + 0.001 theta omega + 0.105 omega^2,0.005 1 + 0.004 theta + 0.019 omega + 0.002 theta omega + 0.210 omega^2,4.5862884798e-03,4.4574379305e-03,1.9389455780e-02,4.2974137144e-04,2.1835933358e-03,2.1005401062e-01
74562,2025-05-10 22:15:00,0.124561,4.387725,3.103840,0.001 1 + 1.004 omega + -0.002 theta omega + -0.015 omega^2,0.002 1 + -0.001 theta + 0.010 omega + -0.003 theta omega + -0.034 omega^2,1.5050030625e-03,-9.4587375986e-04,9.6940000023e-03,4.6379163005e-05,-3.4286492455e-03,-3.4470737844e-02
74563,2025-05-10 22:20:00,0.213946,4.899488,3.467763,0.005 1 + -0.001 theta + 0.967 omega + 0.005 theta omega + -0.001 omega^2,0.010 1 + -0.001 theta + -0.063 omega + 0.010 theta omega + -0.005 omega^2,9.6987375940e-03,-1.3730538455e-03,-6.3400738458e-02,-1.5755764826e-05,9.6101256431e-03,-5.4045242921e-03
74564,2025-05-10 22:25:00,0.068976,3.605829,2.550172,0.002 1 + 1.014 omega + -0.088 omega^2,0.005 1 + -0.001 theta + 0.029 omega + -0.174 omega^2,4.7952403915e-03,-6.4594529583e-04,2.9417586848e-02,1.6659333914e-05,-3.3014263273e-04,-1.7448233832e-01
74565,2025-05-10 22:30:00,nan,nan,nan,-0.001 theta + 1.015 omega + 0.007 theta omega + -0.109 omega^2,-0.001 1 + -0.002 theta + 0.030 omega + 0.013 theta omega + -0.218 omega^2,-6.7933137525e-04,-1.7948789711e-03,2.9955031237e-02,5.8025783636e-05,1.3252721594e-02,-2.1831247360e-01
74566,2025-05-10 22:35:00,0.170682,4.903178,3.469171,-0.003 1 + 0.992 omega + -0.003 theta omega + 0.037 omega^2,-0.005 1 + -0.015 omega + -0.005 theta omega + 0.072 omega^2,-5.3356406975e-03,-3.6796298202e-04,-1.5037301183e-02,2.3932417490e-04,-5.1103321592e-03,7.2099749622e-02
74567,2025-05-10 22:40:00,0.182337,5.727067,4.051700,0.001 1 + -0.001 theta + 1.002 omega + 0.002 theta omega + 0.044 omega^2,0.001 1 + -0.002 theta + 0.005 omega + 0.003 theta omega + 0.087 omega^2,1.2179879913e-03,-2.2946744379e-03,4.5409071228e-03,1.2229451251e-04,3.4147196964e-03,8.7289214713e-02
74568,2025-05-10 22:45:00,nan,nan,nan,0.003 1 + -0.001 theta + 0.989 omega + 0.002 theta omega + -0.013 omega^2,0.007 1 + -0.001 theta + -0.022 omega + 0.004 theta omega + -0.024 omega^2,6.5988674543e-03,-1.4716084331e-03,-2.2250215516e-02,5.9190369629e-05,3.7577440742e-03,-2.3678738074e-02
74569,2025-05-10 22:50:00,nan,nan,nan,-0.008 1 + 1.039 omega + -0.001 theta omega + -0.009 omega^2,-0.017 1 + 0.001 theta + 0.084 omega + -0.003 theta omega + -0.025 omega^2,-1.6552064899e-02,9.7883772585e-04,8.3678635962e-02,-1.4070734676e-05,-2.5253486999e-03,-2.5064635131e-02
74570,2025-05-10 22:55:00,0.052019,1.632634,1.155032,-0.001 1 + 0.999 omega + 0.018 omega^2,-0.002 1 + -0.002 omega + -0.001 theta omega + 0.032 omega^2,-1.6247970296e-03,-2.6779449931e-04,-1.7284480692e-03,3.6252657951e-07,-5.6003553822e-04,3.2459526058e-02
74571,2025-05-10 23:00:00,0.098697,4.625545,3.271499,1.001 omega + -0.001 theta omega + 0.054 omega^2,-0.001 1 + 0.005 omega + -0.001 theta omega + 0.102 omega^2,-5.2821662101e-04,1.1775860189e-04,5.0328013020e-03,-5.4277677786e-06,-1.4024440598e-03,1.0246881801e-01
74572,2025-05-10 23:05:00,0.092092,9.884341,6.989588,-0.007 1 + 1.056 omega + -0.001 theta omega + -0.087 omega^2,-0.016 1 + 0.117 omega + -0.003 theta omega + -0.178 omega^2,-1.5647823720e-02,3.5348695868e-04,1.1708750543e-01,5.0651514406e-06,-2.7914278326e-03,-1.7814475701e-01
74573,2025-05-10 23:10:00,nan,nan,nan,0.985 omega + -0.001 theta omega + -0.120 omega^2,-0.001 1 + -0.029 omega + -0.001 theta omega + -0.247 omega^2,-8.1909156944e-04,2.7393462423e-04,-2.8934020296e-02,4.3650556219e-05,-1.2849191122e-03,-2.4728843068e-01
74574,2025-05-10 23:15:00,nan,nan,nan,-0.003 1 + -0.002 theta + 0.998 omega + 0.001 theta omega + -0.142 omega^2,-0.006 1 + -0.004 theta + -0.003 omega + 0.001 theta omega + -0.282 omega^2,-6.3549791092e-03,-3.5860926434e-03,-2.9913694457e-03,-2.4588574736e-04,9.0026198525e-04,-2.8173088222e-01
74575,2025-05-10 23:20:00,0.140455,4.631179,3.276244,-0.001 theta + 0.997 omega + 0.002 theta omega + -0.029 omega^2,0.001 1 + -0.001 theta + -0.005 omega + 0.003 theta omega + -0.055 omega^2,6.2086395479e-04,-1.0993062882e-03,-5.2953944014e-03,8.6534767437e-05,3.1802979564e-03,-5.5009106176e-02
74576,2025-05-10 23:25:00,0.036792,0.973938,0.689169,-0.003 1 + -0.001 theta + 0.989 omega + -0.003 theta omega + 0.085 omega^2,-0.005 1 + -0.002 theta + -0.020 omega + -0.006 theta omega + 0.173 omega^2,-5.4126731888e-03,-1.5929354350e-03,-2.0141058437e-02,3.2533080225e-05,-5.7154922155e-03,1.7315901574e-01
74577,2025-05-10 23:30:00,nan,nan,nan,0.001 1 + 1.000 omega + -0.001 theta omega + 0.051 omega^2,0.001 1 + -0.001 theta + 0.001 omega + -0.002 theta omega + 0.097 omega^2,1.4642025449e-03,-5.0880000908e-04,1.3973347827e-03,2.5825022035e-05,-1.6467462808e-03,9.6633884982e-02
74578,2025-05-10 23:35:00,0.080131,2.672761,1.890777,-0.001 1 + 1.006 omega + 0.002 theta omega + -0.008 omega^2,-0.001 1 + 0.012 omega + 0.004 theta omega + -0.024 omega^2,-1.4620958723e-03,-5.3568778295e-05,1.2450206201e-02,1.0997637191e-04,3.5793167278e-03,-2.3886174290e-02
74579,2025-05-10 23:40:00,0.161255,4.314475,3.052925,0.002 1 + -0.002 theta + 1.000 omega + 0.002 theta omega + 0.058 omega^2,0.003 1 + -0.003 theta + 0.001 omega + 0.003 theta omega + 0.117 omega^2,3.1830776209e-03,-3.0567571821e-03,8.0779822304e-04,2.0460920080e-04,3.3259848961e-03,1.1657103938e-01
74580,2025-05-10 23:45:00,0.052919,3.732600,2.639612,1.004 omega + 0.037 omega^2,0.012 omega + -0.001 theta omega + 0.068 omega^2,2.1219921874e-04,-2.9899243490e-04,1.1861523600e-02,7.3142569758e-06,-7.9498486203e-04,6.8445819041e-02
74581,2025-05-10 23:50:00,nan,nan,nan,0.003 1 + -0.001 theta + 0.996 omega + 0.003 theta omega + 0.018 omega^2,0.005 1 + -0.002 theta + -0.007 omega + 0.005 theta omega + 0.036 omega^2,4.9871001023e-03,-2.4570484729e-03,-6.9728944971e-03,6.1582101525e-05,5.2157792693e-03,3.5944213602e-02
74582,2025-05-10 23:55:00,0.049040,3.858546,2.728624,-0.003 1 + 1.024 omega + -0.001 theta omega + -0.046 omega^2,-0.007 1 + 0.055 omega + -0.001 theta omega + -0.107 omega^2,-7.4887116821e-03,4.4773772712e-04,5.4719174616e-02,-6.5911859911e-06,-1.4784509347e-03,-1.0681869481e-01
74583,2025-05-11 00:00:00,0.049397,1.240985,0.878204,-0.002 1 + 1.003 omega + 0.001 theta omega + 0.033 omega^2,-0.003 1 + 0.007 omega + 0.001 theta omega + 0.068 omega^2,-3.3661163920e-03,-2.0093097574e-04,6.6581850512e-03,3.3679862500e-05,1.3339796439e-03,6.8093632627e-02
74584,2025-05-11 00:05:00,nan,nan,nan,-0.001 theta + 0.992 omega + 0.001 theta omega + 0.139 omega^2,0.001 1 + -0.002 theta + -0.015 omega + 0.002 theta omega + 0.277 omega^2,7.3031393644e-04,-2.1698549575e-03,-1.5263753391e-02,1.5670385738e-04,1.6339699210e-03,2.7747452749e-01
74585,2025-05-11 00:10:00,0.338616,23.793435,16.826203,1.004 omega + -0.003 theta omega + 0.082 omega^2,-0.001 1 + 0.009 omega + -0.006 theta omega + 0.163 omega^2,-5.5053839224e-04,-4.9896560918e-04,8.7702362755e-03,6.0839035861e-05,-6.3600122378e-03,1.6327788748e-01
74586,2025-05-11 00:15:00,nan,nan,nan,0.002 1 + -0.001 theta + 1.004 omega + -0.001 theta omega + 0.047 omega^2,0.004 1 + -0.002 theta + 0.009 omega + -0.003 theta omega + 0.088 omega^2,3.8296651757e-03,-2.3438021523e-03,9.3248600315e-03,1.6615070958e-04,-2.8924296045e-03,8.8467233943e-02
74587,2025-05-11 00:20:00,0.167992,8.423645,5.957601,0.001 1 + 0.995 omega + 0.011 omega^2,0.002 1 + -0.010 omega + 0.001 theta omega + 0.010 omega^2,2.1927636506e-03,-3.0486083248e-04,-9.8665346982e-03,8.5837158027e-06,6.5001776756e-04,1.0396004891e-02
74588,2025-05-11 00:25:00,0.072005,5.102367,3.608278,0.994 omega + 0.001 theta omega + -0.002 omega^2,-0.012 omega + 0.001 theta omega + -0.007 omega^2,-2.9958320425e-04,3.4125995434e-04,-1.1628259670e-02,-4.6373652511e-05,1.2197884177e-03,-6.9306101837e-03
74589,2025-05-11 00:30:00,0.190479,6.960102,4.923378,0.992 omega + -0.001 theta omega + -0.028 omega^2,-0.013 omega + -0.002 theta omega + -0.039 omega^2,1.4450747325e-04,1.9334452445e-04,-1.3371479251e-02,2.3704795785e-05,-1.9853184083e-03,-3.8788634210e-02
74590,2025-05-11 00:35:00,0.064055,3.551424,2.511644,0.001 1 + 1.001 omega + -0.009 omega^2,0.001 1 + 0.002 omega + -0.015 omega^2,9.1962341058e-04,-2.1912024356e-04,1.7531894526e-03,5.4496783968e-06,4.5638271469e-04,-1.5261668944e-02
74591,2025-05-11 00:40:00,0.064053,3.650099,2.581407,0.001 1 + 1.000 omega + -0.012 omega^2,0.002 1 + 0.002 omega + -0.026 omega^2,2.0110333962e-03,-2.6543124121e-04,2.1271601169e-03,5.6988665220e-06,2.3570204087e-04,-2.5797273786e-02
74592,2025-05-11 00:45:00,0.034045,2.023758,1.431215,-0.003 1 + 0.992 omega + 0.034 omega^2,-0.006 1 + 0.001 theta + -0.011 omega + -0.001 theta omega + 0.061 omega^2,-5.5597412489e-03,6.1126885022e-04,-1.1305967899e-02,-1.0431004806e-05,-6.3673944887e-04,6.1109920766e-02
74593,2025-05-11 00:50:00,0.037804,4.413376,3.120843,-0.001 1 + 1.040 omega + -0.203 omega^2,-0.002 1 + 0.077 omega + -0.375 omega^2,-2.3218513111e-03,-1.3304130033e-04,7.6759229767e-02,3.0119922703e-06,2.5412621858e-04,-3.7463550658e-01
74594,2025-05-11 00:55:00,nan,nan,nan,-0.001 1 + 1.004 omega + -0.002 theta omega + 0.094 omega^2,-0.002 1 + -0.001 theta + 0.009 omega + -0.004 theta omega + 0.190 omega^2,-1.5497358074e-03,-6.7112670325e-04,8.6611535266e-03,5.8952461541e-05,-3.6447831645e-03,1.8979930634e-01
74595,2025-05-11 01:00:00,0.061609,1.953329,1.381899,-0.002 1 + 0.991 omega + -0.001 theta omega + -0.016 omega^2,-0.003 1 + -0.017 omega + -0.001 theta omega + -0.038 omega^2,-3.0221640798e-03,-1.3062096537e-04,-1.7485443366e-02,1.0020810936e-05,-1.1296838857e-03,-3.8165048496e-02
74596,2025-05-11 01:05:00,0.033128,4.258277,3.011148,-0.010 1 + 1.108 omega + -0.002 theta omega + -0.233 omega^2,-0.020 1 + 0.219 omega + -0.004 theta omega + -0.472 omega^2,-2.0157204200e-02,3.8038177551e-04,2.1858125798e-01,4.5554808821e-06,-3.9272336388e-03,-4.7168839087e-01
74597,2025-05-11 01:10:00,0.085669,4.912617,3.474273,-0.003 1 + 0.001 theta + 1.029 omega + -0.001 theta omega + -0.080 omega^2,-0.007 1 + 0.001 theta + 0.062 omega + -0.003 theta omega + -0.161 omega^2,-6.6331233955e-03,1.1284634949e-03,6.1654674605e-02,-4.1382163663e-05,-2.9484102526e-03,-1.6100347597e-01
74598,2025-05-11 01:15:00,0.078088,7.358538,5.203565,0.001 1 + 0.998 omega + 0.001 theta omega + -0.009 omega^2,0.003 1 + -0.003 omega + 0.001 theta omega + -0.024 omega^2,2.7262395784e-03,-3.2039728677e-04,-2.5606711039e-03,2.7914442394e-06,1.0605449968e-03,-2.3985826124e-02
74599,2025-05-11 01:20:00,nan,nan,nan,0.002 1 + 0.972 omega + 0.002 theta omega + 0.034 omega^2,0.005 1 + -0.001 theta + -0.057 omega + 0.005 theta omega + 0.069 omega^2,4.9829844840e-03,-5.1847788420e-04,-5.6950271384e-02,-6.9263813422e-06,5.0937050431e-03,6.8516358668e-02
74600,2025-05-11 01:25:00,0.057342,1.624584,1.149470,-0.002 1 + 0.987 omega + -0.001 theta omega + -0.005 omega^2,-0.004 1 + -0.025 omega + -0.001 theta omega + -0.011 omega^2,-3.9167050760e-03,6.7307412429e-06,-2.4560694932e-02,1.8956386571e-05,-1.1445103218e-03,-1.1046225697e-02
74601,2025-05-11 01:30:00,0.279788,15.128011,10.698948,-0.001 1 + 1.001 omega + -0.014 omega^2,-0.002 1 + -0.001 theta + 0.004 omega + -0.001 theta omega + -0.029 omega^2,-1.8251472345e-03,-8.7434647731e-04,3.8001938808e-03,-2.8814552817e-05,-7.7328661957e-04,-2.8511106351e-02
74602,2025-05-11 01:35:00,nan,nan,nan,-0.001 1 + 1.000 omega + 0.001 theta omega + -0.014 omega^2,-0.002 1 + 0.001 theta + 0.002 omega + 0.002 theta omega + -0.026 omega^2,-1.9083142536e-03,5.9566982320e-04,2.3737000214e-03,5.0275454014e-05,1.8745739609e-03,-2.6311301580e-02
74603,2025-05-11 01:40:00,0.066196,2.115847,1.496862,-0.001 1 + 0.998 omega + -0.016 omega^2,-0.001 1 + -0.001 theta + -0.003 omega + -0.001 theta omega + -0.035 omega^2,-9.6211069494e-04,-7.0902146386e-04,-2.9073683439e-03,9.2833796078e-06,-6.1081611500e-04,-3.5378086461e-02
74604,2025-05-11 01:45:00,nan,nan,nan,0.002 1 + 0.990 omega + 0.001 theta omega + 0.052 omega^2,0.003 1 + -0.020 omega + 0.002 theta omega + 0.112 omega^2,3.2298530638e-03,-4.2440379597e-04,-2.0417568715e-02,-5.1918057438e-06,1.5968011420e-03,1.1198300081e-01
74605,2025-05-11 01:50:00,0.232719,7.962673,5.632864,-0.008 1 + -0.001 theta + 0.969 omega + -0.004 theta omega + 0.019 omega^2,-0.015 1 + -0.002 theta + -0.063 omega + -0.007 theta omega + 0.036 omega^2,-1.5488660770e-02,-2.1644766369e-03,-6.2707896815e-02,-4.4266647003e-05,-7.3603176334e-03,3.6498218970e-02
74606,2025-05-11 01:55:00,0.409568,7.417355,5.252852,-0.001 1 + 1.000 omega + -0.001 theta omega + -0.024 omega^2,-0.003 1 + -0.001 theta + 0.001 omega + -0.001 theta omega + -0.049 omega^2,-2.7692965765e-03,-6.0268038355e-04,1.0109736351e-03,3.0623582041e-05,-1.0732011912e-03,-4.9291483221e-02
74607,2025-05-11 02:00:00,0.160307,6.040413,4.272721,-0.038 1 + -0.002 theta + 0.911 omega + -0.002 theta omega + -0.025 omega^2,-0.075 1 + -0.003 theta + -0.177 omega + -0.005 theta omega + -0.049 omega^2,-7.5480559486e-02,-3.4500462661e-03,-1.7670306883e-01,-3.5031750725e-05,-4.7015608865e-03,-4.8643461877e-02
74608,2025-05-11 02:05:00,0.112679,2.607945,1.845816,0.011 1 + -0.002 theta + 0.943 omega + 0.006 theta omega + -0.009 omega^2,0.022 1 + -0.003 theta + -0.112 omega + 0.012 theta omega + -0.023 omega^2,2.1849016598e-02,-3.0961101203e-03,-1.1151411974e-01,6.0356381689e-05,1.2414553105e-02,-2.3165333439e-02
74609,2025-05-11 02:10:00,0.183123,5.747728,4.066320,-0.001 1 + -0.001 theta + 0.998 omega + -0.001 theta omega + -0.075 omega^2,-0.001 1 + -0.002 theta + -0.004 omega + -0.002 theta omega + -0.151 omega^2,-1.0401218804e-03,-1.6097734490e-03,-3.8728591276e-03,-4.0695541545e-05,-2.1434966162e-03,-1.5142992209e-01
74610,2025-05-11 02:15:00,0.208850,7.752479,5.483819,1.000 omega + 0.001 theta omega + -0.031 omega^2,-0.001 1 + -0.001 theta + 0.002 omega + 0.001 theta omega + -0.062 omega^2,-6.1407358791e-04,-5.7920766591e-04,1.6365125808e-03,-1.7261175475e-07,1.0457463081e-03,-6.2021570031e-02
74611,2025-05-11 02:20:00,0.051048,1.242507,0.879326,-0.001 1 + 1.000 omega + 0.004 omega^2,-0.003 1 + 0.001 theta omega + 0.004 omega^2,-2.5107232105e-03,-4.8557958090e-04,4.4300040785e-04,-1.5873409085e-05,6.7657461071e-04,3.5146293788e-03
74612,2025-05-11 02:25:00,0.066497,5.587525,3.951257,-0.002 1 + 1.009 omega + 0.078 omega^2,-0.004 1 + 0.020 omega + 0.162 omega^2,-4.2503271568e-03,-4.4061501649e-04,1.9845948644e-02,-1.0476628461e-05,-2.5604465765e-04,1.6192278820e-01
74613,2025-05-11 02:30:00,0.124152,5.002876,3.538656,-0.002 1 + 0.979 omega + -0.001 theta omega + -0.033 omega^2,-0.003 1 + -0.035 omega + -0.001 theta omega + -0.056 omega^2,-3.2558811435e-03,-2.9745870960e-05,-3.5006016451e-02,5.7716581706e-06,-1.2206545202e-03,-5.5800506024e-02
74614,2025-05-11 02:35:00,0.062189,3.107972,2.198108,0.998 omega + -0.010 omega^2,0.002 omega + -0.008 omega^2,1.2885972108e-04,4.0732030593e-05,1.5761107742e-03,1.1762691000e-06,2.5823045901e-04,-7.8667377419e-03
74615,2025-05-11 02:40:00,nan,nan,nan,0.002 1 + -0.002 theta + 1.006 omega + 0.073 omega^2,0.003 1 + -0.003 theta + 0.013 omega + 0.140 omega^2,3.3239670443e-03,-3.1409579522e-03,1.3335300586e-02,1.9636748454e-04,-3.0599191294e-04,1.4028729713e-01
74616,2025-05-11 02:45:00,nan,nan,nan,0.001 1 + -0.001 theta + 1.001 omega + -0.002 theta omega + -0.042 omega^2,0.002 1 + -0.001 theta + 0.003 omega + -0.003 theta omega + -0.087 omega^2,2.1504797015e-03,-1.0436632567e-03,2.8900351595e-03,-5.4995186727e-05,-3.4075499296e-03,-8.6901169598e-02
74617,2025-05-11 02:50:00,0.113801,17.637061,12.471545,-0.001 1 + 1.005 omega + -0.001 theta omega + 0.048 omega^2,-0.001 1 + 0.014 omega + -0.003 theta omega + 0.090 omega^2,-1.1536627636e-03,1.6232614426e-04,1.3594610844e-02,6.4877979877e-06,-2.6930758499e-03,8.9707233945e-02
74618,2025-05-11 02:55:00,0.034649,1.313575,0.929161,-0.002 1 + 0.998 omega + 0.012 omega^2,-0.004 1 + -0.004 omega + 0.028 omega^2,-3.5874573257e-03,4.7944940440e-04,-4.3254559384e-03,-1.9876791417e-05,4.3890786349e-04,2.7828375999e-02
74619,2025-05-11 03:00:00,0.147032,6.643128,4.698551,0.002 1 + 1.004 omega + 0.009 omega^2,0.004 1 + 0.001 theta + 0.010 omega + 0.001 theta omega + 0.018 omega^2,3.5321963920e-03,9.1271748445e-04,9.9365167381e-03,4.6043666485e-05,1.0342782409e-03,1.8389362187e-02
74620,2025-05-11 03:05:00,0.147523,8.092426,5.723160,0.003 1 + 0.001 theta + 0.994 omega + -0.044 omega^2,0.006 1 + 0.002 theta + -0.009 omega + -0.090 omega^2,5.8939113231e-03,1.9780107462e-03,-9.1791619387e-03,1.4171811353e-04,-4.9000255025e-04,-8.9855426909e-02
74621,2025-05-11 03:10:00,0.145993,4.156196,2.940687,-0.003 1 + 0.999 omega + 0.046 omega^2,-0.006 1 + -0.001 omega + 0.091 omega^2,-5.6912281282e-03,4.2632555970e-04,-1.4736524213e-03,1.8474326286e-04,-2.1466305941e-04,9.1269223946e-02
74622,2025-05-11 03:15:00,0.035706,0.973900,0.689114,0.001 1 + 0.999 omega + 0.010 omega^2,0.001 1 + -0.002 omega + 0.001 theta omega + 0.011 omega^2,1.3460578051e-03,-3.5666631278e-04,-1.8683262203e-03,2.8163376872e-06,7.7197334203e-04,1.1255116055e-02
74623,2025-05-11 03:20:00,nan,nan,nan,0.001 1 + -0.001 theta + 1.004 omega + -0.001 theta omega + -0.090 omega^2,0.003 1 + -0.001 theta + 0.009 omega + -0.002 theta omega + -0.183 omega^2,2.5967070564e-03,-1.3115981884e-03,8.9799684253e-03,-7.0976822033e-05,-2.2994119234e-03,-1.8338352742e-01
74624,2025-05-11 03:25:00,0.134770,11.470856,8.111680,1.001 omega + 0.001 theta omega + -0.018 omega^2,0.004 omega + 0.001 theta omega + -0.028 omega^2,-2.4968087467e-04,-1.9111458403e-04,3.6890533373e-03,-1.2701177648e-05,9.9653915185e-04,-2.8487281238e-02
74625,2025-05-11 03:30:00,0.038976,1.170438,0.828083,0.004 1 + 0.979 omega + 0.035 omega^2,0.007 1 + -0.037 omega + 0.001 theta omega + 0.065 omega^2,6.7923548870e-03,-3.5255646165e-04,-3.6695112739e-02,4.4352173093e-06,6.3079659912e-04,6.4688386989e-02
74626,2025-05-11 03:35:00,0.512745,31.635105,22.372336,0.002 1 + 1.005 omega + -0.063 omega^2,0.004 1 + 0.001 theta + 0.010 omega + -0.131 omega^2,3.7464800405e-03,6.1837716774e-04,9.8358562368e-03,4.3658889936e-05,2.9021927161e-04,-1.3146855288e-01
74627,2025-05-11 03:40:00,0.066750,1.694756,1.199303,1.004 omega + -0.001 theta omega + 0.028 omega^2,0.009 omega + -0.002 theta omega + 0.046 omega^2,-3.1599690724e-05,-4.5083010207e-04,8.9654835313e-03,-1.7640515011e-06,-2.4641361796e-03,4.5662685008e-02
74628,2025-05-11 03:45:00,0.127412,4.409009,3.118942,-0.005 1 + 0.961 omega + -0.002 theta omega + 0.079 omega^2,-0.011 1 + 0.001 theta + -0.079 omega + -0.004 theta omega + 0.163 omega^2,-1.1010392606e-02,5.7820589739e-04,-7.8732056770e-02,5.2170979274e-05,-3.9191754779e-03,1.6335885049e-01
74629,2025-05-11 03:50:00,nan,nan,nan,-0.001 theta + 1.010 omega + -0.002 theta omega + 0.001 omega^2,0.001 1 + -0.002 theta + 0.021 omega + -0.003 theta omega + 0.005 omega^2,8.0302083698e-04,-1.8853244157e-03,2.1264967407e-02,2.4926579107e-04,-3.2922021348e-03,4.9231830853e-03
74630,2025-05-11 03:55:00,0.026761,1.153063,0.815558,0.997 omega + 0.021 omega^2,-0.006 omega + 0.043 omega^2,6.0066391880e-05,-1.9406298506e-04,-6.1070405469e-03,2.0386266590e-05,-4.5370482484e-04,4.2649968821e-02
74631,2025-05-11 04:00:00,0.119089,4.102349,2.902021,0.999 omega + -0.020 omega^2,-0.001 omega + -0.043 omega^2,-1.0901439265e-04,-3.5741435639e-04,-7.7615542979e-04,1.0041177560e-05,-7.0545102861e-05,-4.2883365244e-02
74632,2025-05-11 04:05:00,0.104470,4.658721,3.295042,0.004 1 + -0.001 theta + 0.987 omega + 0.002 theta omega + 0.007 omega^2,0.007 1 + -0.002 theta + -0.024 omega + 0.003 theta omega + 0.015 omega^2,6.8004472876e-03,-2.3518911166e-03,-2.4203592932e-02,1.3852983937e-04,3.0687964754e-03,1.4644876147e-02
74633,2025-05-11 04:10:00,0.046324,2.000027,1.414612,1.002 omega + 0.004 omega^2,0.005 omega + 0.005 omega^2,3.6730412987e-04,3.2305570141e-04,4.6871066278e-03,3.0258837572e-05,-1.7119996416e-04,4.7136874489e-03
74634,2025-05-11 04:15:00,0.031177,1.568221,1.109118,-0.006 1 + 0.001 theta + 1.013 omega + -0.001 theta omega + 0.012 omega^2,-0.012 1 + 0.002 theta + 0.024 omega + -0.002 theta omega + 0.029 omega^2,-1.2361412488e-02,1.5223271298e-03,2.4243031771e-02,-4.5431464017e-05,-1.7266586394e-03,2.8855626166e-02
74635,2025-05-11 04:20:00,0.037905,2.802309,1.981713,-0.001 1 + 1.005 omega + -0.001 theta omega + 0.043 omega^2,-0.001 1 + 0.016 omega + -0.001 theta omega + 0.066 omega^2,-1.2927060716e-03,9.8802438484e-05,1.5662966608e-02,-5.1536801835e-07,-1.4526579396e-03,6.6203969925e-02
74636,2025-05-11 04:25:00,0.140879,5.967042,4.220512,1.002 omega + -0.001 theta omega + 0.039 omega^2,0.001 1 + -0.001 theta + 0.004 omega + -0.002 theta omega + 0.075 omega^2,5.4179381429e-04,-6.5582315431e-04,3.8845585297e-03,-3.6713692564e-05,-1.8377179225e-03,7.5349649490e-02
74637,2025-05-11 04:30:00,0.107248,5.944798,4.204291,0.001 1 + 1.004 omega + -0.001 theta omega + -0.060 omega^2,0.001 1 + 0.001 theta + 0.010 omega + -0.001 theta omega + -0.130 omega^2,1.3008777931e-03,9.4516643002e-04,1.0457225778e-02,-5.1302350646e-05,-1.0675786365e-03,-1.3036941411e-01
74638,2025-05-11 04:35:00,0.177349,5.732397,4.055356,-0.003 1 + 0.994 omega + -0.001 theta omega + 0.078 omega^2,-0.005 1 + -0.013 omega + -0.003 theta omega + 0.159 omega^2,-5.1491076948e-03,-1.9609301972e-04,-1.2779503127e-02,1.1050773230e-04,-2.8195218198e-03,1.5926416829e-01
74639,2025-05-11 04:40:00,nan,nan,nan,-0.005 1 + 0.001 theta + 1.003 omega + -0.001 theta omega + 0.041 omega^2,-0.010 1 + 0.001 theta + 0.010 omega + -0.001 theta omega + 0.076 omega^2,-1.0407377803e-02,1.0671443741e-03,9.7099035674e-03,-2.4760201173e-05,-1.0638034165e-03,7.6477919596e-02
74640,2025-05-11 04:45:00,0.151223,8.866754,6.270654,1.001 omega + -0.013 omega^2,0.004 omega + -0.032 omega^2,-1.8490026080e-04,4.6349966220e-04,4.2419841554e-03,-4.2291524809e-05,-4.8406598221e-04,-3.2190098798e-02
74641,2025-05-11 04:50:00,0.032155,1.024629,0.724879,0.001 1 + 1.017 omega + -0.058 omega^2,0.002 1 + -0.001 theta + 0.035 omega + -0.118 omega^2,2.2837431720e-03,-5.1274342202e-04,3.5359108720e-02,9.3744036054e-06,2.9233706931e-04,-1.1840410895e-01
74642,2025-05-11 04:55:00,0.195179,6.162438,4.359687,-0.002 1 + 0.994 omega + -0.001 theta omega + 0.022 omega^2,-0.005 1 + -0.011 omega + -0.001 theta omega + 0.043 omega^2,-4.8888554209e-03,-4.7702310083e-04,-1.1435832838e-02,-3.3042049342e-06,-1.4660363336e-03,4.2585826312e-02
74643,2025-05-11 05:00:00,0.023561,0.656307,0.464378,0.002 1 + 0.996 omega + -0.027 omega^2,0.004 1 + -0.001 theta + -0.009 omega + 0.001 theta omega + -0.062 omega^2,4.4523341625e-03,-7.0027451945e-04,-8.6219496946e-03,2.1142685201e-05,1.0294357900e-03,-6.1580903378e-02
74644,2025-05-11 05:05:00,0.117584,2.187252,1.548854,0.002 1 + -0.001 theta + 0.998 omega + -0.083 omega^2,0.004 1 + -0.001 theta + -0.004 omega + 0.001 theta omega + -0.164 omega^2,3.9661479037e-03,-1.1266828997e-03,-3.8218036702e-03,3.1600366645e-07,8.1049720513e-04,-1.6449545199e-01
74645,2025-05-11 05:10:00,0.092900,3.718956,2.630520,0.001 1 + 1.008 omega + 0.001 theta omega + -0.001 omega^2,0.003 1 + 0.001 theta + 0.021 omega + 0.002 theta omega + 0.013 omega^2,2.8508367666e-03,7.6448275786e-04,2.0726451847e-02,3.5110639791e-05,1.8542712690e-03,1.3298483202e-02
74646,2025-05-11 05:15:00,0.178683,4.325062,3.060890,-0.001 theta + 1.007 omega + -0.001 theta omega + 0.026 omega^2,0.001 1 + -0.001 theta + 0.015 omega + -0.002 theta omega + 0.055 omega^2,7.5495954002e-04,-1.0355815653e-03,1.4643179943e-02,-8.8553841307e-05,-1.6672643488e-03,5.4570328125e-02
74647,2025-05-11 05:20:00,0.153982,6.386152,4.517004,0.001 1 + -0.001 theta + 1.008 omega + -0.002 theta omega + 0.001 omega^2,0.002 1 + -0.001 theta + 0.018 omega + -0.004 theta omega + -0.010 omega^2,2.0393609818e-03,-1.1966526944e-03,1.7845239061e-02,9.4593614630e-05,-3.5849670849e-03,-9.6386395368e-03
74648,2025-05-11 05:25:00,0.054168,7.634893,5.398820,0.001 1 + 0.942 omega + -0.002 theta omega + -0.208 omega^2,0.003 1 + 0.001 theta + -0.119 omega + -0.004 theta omega + -0.426 omega^2,2.6738708159e-03,9.1803325751e-04,-1.1928901135e-01,3.8160248976e-05,-3.7119446554e-03,-4.2583870356e-01
74649,2025-05-11 05:30:00,0.054010,1.346034,0.952556,0.003 1 + 1.002 omega + -0.127 omega^2,0.006 1 + -0.001 theta + 0.005 omega + -0.256 omega^2,6.2053635723e-03,-5.4707726615e-04,5.3463357980e-03,-4.4955894661e-06,-2.6162513110e-04,-2.5564014952e-01
74650,2025-05-11 05:35:00,0.073195,2.579389,1.824638,0.995 omega + -0.006 omega^2,0.001 1 + 0.001 theta + -0.007 omega + -0.010 omega^2,1.1788694126e-03,5.4200780194e-04,-6.8348965279e-03,2.3229448010e-05,1.4943284887e-04,-9.8325498332e-03
74651,2025-05-11 05:40:00,0.063014,1.551599,1.098051,-0.002 1 + 0.977 omega + -0.002 theta omega + -0.059 omega^2,-0.004 1 + -0.048 omega + -0.005 theta omega + -0.122 omega^2,-4.3085388561e-03,-4.4198290171e-04,-4.8259116197e-02,2.2213471778e-05,-4.6721002069e-03,-1.2166312130e-01
74652,2025-05-11 05:45:00,nan,nan,nan,1.009 omega + 0.006 theta omega + -0.147 omega^2,0.001 1 + -0.001 theta + 0.020 omega + 0.013 theta omega + -0.301 omega^2,5.7404085334e-04,-7.7005860749e-04,1.9968259584e-02,-1.2714146223e-04,1.2926401036e-02,-3.0056693551e-01
74653,2025-05-11 05:50:00,0.032388,0.972629,0.688133,-0.013 1 + 0.911 omega + -0.003 theta omega + -0.098 omega^2,-0.027 1 + -0.001 theta + -0.179 omega + -0.006 theta omega + -0.193 omega^2,-2.6552829081e-02,-9.7235641318e-04,-1.7929815972e-01,2.4852066382e-06,-5.5036950233e-03,-1.9301080257e-01
74654,2025-05-11 05:55:00,0.090539,3.322589,2.350298,-0.002 1 + 0.975 omega + -0.141 omega^2,-0.003 1 + -0.044 omega + -0.267 omega^2,-3.3120033035e-03,-2.1588396026e-04,-4.3824502620e-02,4.1975501581e-06,-4.9618551754e-04,-2.6687482213e-01
74655,2025-05-11 06:00:00,0.097605,2.854255,2.019443,0.001 1 + -0.001 theta + 1.006 omega + -0.002 theta omega + 0.014 omega^2,0.001 1 + -0.002 theta + 0.015 omega + -0.004 theta omega + 0.020 omega^2,1.2488124799e-03,-1.8295254441e-03,1.4647666971e-02,2.3373869486e-04,-3.6341185485e-03,1.9769293455e-02
74656,2025-05-11 06:05:00,0.058213,1.827647,1.292997,-0.001 1 + 1.001 omega + -0.028 omega^2,-0.002 1 + -0.001 theta + 0.003 omega + 0.001 theta omega + -0.057 omega^2,-1.8127769956e-03,-6.0246395798e-04,3.0829374021e-03,8.4910635977e-05,7.4325144944e-04,-5.6675854573e-02
74657,2025-05-11 06:10:00,nan,nan,nan,-0.010 1 + 0.931 omega + -0.004 theta omega + -0.015 omega^2,-0.019 1 + -0.001 theta + -0.140 omega + -0.007 theta omega + -0.029 omega^2,-1.9414950633e-02,-6.7681170045e-04,-1.4016088883e-01,1.6400824716e-05,-7.4158501343e-03,-2.8503044321e-02
74658,2025-05-11 06:15:00,0.042925,1.503531,1.063590,-0.009 1 + 0.931 omega + -0.002 theta omega + -0.040 omega^2,-0.019 1 + -0.141 omega + -0.005 theta omega + -0.078 omega^2,-1.9168633920e-02,-2.3718696674e-04,-1.4058209216e-01,2.3429847869e-05,-4.9569655558e-03,-7.8303219878e-02
74659,2025-05-11 06:20:00,nan,nan,nan,-0.021 1 + -0.001 theta + 0.897 omega + -0.004 theta omega + -0.026 omega^2,-0.043 1 + -0.002 theta + -0.206 omega + -0.009 theta omega + -0.051 omega^2,-4.3229505179e-02,-2.4622126136e-03,-2.0587679479e-01,-2.4605444430e-05,-8.6424106404e-03,-5.0748963908e-02
74660,2025-05-11 06:25:00,0.100411,3.615920,2.557828,-0.001 1 + 1.001 omega + 0.002 theta omega + -0.048 omega^2,-0.002 1 + -0.001 theta + 0.004 omega + 0.003 theta omega + -0.093 omega^2,-1.7683807129e-03,-6.6176038925e-04,4.0079792973e-03,3.0750209171e-05,3.0907694927e-03,-9.3242825412e-02
74661,2025-05-11 06:30:00,0.051013,1.733870,1.226562,0.004 1 + 1.001 omega + -0.001 theta omega + -0.141 omega^2,0.008 1 + -0.001 theta + 0.003 omega + -0.002 theta omega + -0.284 omega^2,8.1004376247e-03,-6.4857817144e-04,2.8074483820e-03,-9.2870737416e-05,-2.0556745490e-03,-2.8426546683e-01
74662,2025-05-11 06:35:00,0.082237,3.824320,2.704828,0.999 omega + -0.035 omega^2,0.001 1 + -0.001 omega + 0.001 theta omega + -0.071 omega^2,8.9135812147e-04,4.3255207518e-04,-1.1300986540e-03,-7.9146354498e-05,6.8267420895e-04,-7.0945474139e-02
74663,2025-05-11 06:40:00,0.127724,14.835854,10.490922,-0.005 1 + 0.959 omega + -0.001 theta omega + -0.107 omega^2,-0.009 1 + -0.001 theta + -0.081 omega + -0.003 theta omega + -0.216 omega^2,-9.2226450216e-03,-6.9759611358e-04,-8.0906901638e-02,-6.3094927722e-06,-2.5433399949e-03,-2.1569587010e-01
74664,2025-05-11 06:45:00,nan,nan,nan,-0.001 1 + -0.001 theta + 1.000 omega + -0.002 theta omega + 0.117 omega^2,-0.003 1 + -0.002 theta + -0.004 theta omega + 0.233 omega^2,-2.9053399974e-03,-1.6525584575e-03,-2.6151341718e-05,1.2837522350e-04,-3.7123216916e-03,2.3274850684e-01
74665,2025-05-11 06:50:00,0.073600,9.347968,6.610216,0.001 1 + 0.963 omega + 0.131 omega^2,0.001 1 + -0.072 omega + 0.260 omega^2,7.8078614057e-04,3.5540087025e-04,-7.1594689706e-02,-6.8870212484e-06,-1.7694077241e-04,2.5984803699e-01
74666,2025-05-11 06:55:00,nan,nan,nan,0.001 1 + 0.994 omega + 0.131 omega^2,0.001 1 + -0.001 theta + -0.010 omega + 0.254 omega^2,1.2637886255e-03,-5.1267080051e-04,-9.9613533639e-03,7.3936172870e-06,-3.0098740682e-04,2.5390969891e-01
74667,2025-05-11 07:00:00,0.027177,0.677628,0.479540,0.002 1 + 0.997 omega + -0.005 omega^2,0.004 1 + -0.001 omega + -0.016 omega^2,4.0706235218e-03,-1.8710507292e-04,-1.2297083482e-03,1.5591994252e-06,1.2285636783e-04,-1.6247340048e-02
74668,2025-05-11 07:05:00,0.239977,13.858544,9.800939,-0.001 1 + 1.012 omega + 0.001 theta omega + 0.023 omega^2,-0.001 1 + -0.001 theta + 0.025 omega + 0.001 theta omega + 0.049 omega^2,-1.0205392972e-03,-6.0130638059e-04,2.5062847925e-02,-4.2652989490e-05,1.4611728471e-03,4.9277028411e-02
74669,2025-05-11 07:10:00,nan,nan,nan,0.992 omega + -0.018 omega^2,-0.001 1 + -0.013 omega + -0.030 omega^2,-9.3664555785e-04,-2.5326568751e-04,-1.3443988336e-02,-1.1528849436e-05,-4.6060216385e-04,-2.9920717539e-02
74670,2025-05-11 07:15:00,0.020595,0.510955,0.361593,-0.002 1 + 1.011 omega + 0.001 theta omega + 0.039 omega^2,-0.003 1 + 0.019 omega + 0.001 theta omega + 0.071 omega^2,-3.3349928592e-03,6.9619039576e-05,1.9170120580e-02,7.6608956931e-06,1.2217655532e-03,7.1239873838e-02
74671,2025-05-11 07:20:00,0.064772,2.419340,1.711345,0.001 1 + 1.017 omega + -0.080 omega^2,0.001 1 + 0.034 omega + -0.157 omega^2,1.4241544277e-03,-4.6288490550e-04,3.3797538786e-02,9.7930633452e-06,4.1819908203e-04,-1.5655119052e-01
74672,2025-05-11 07:25:00,0.050704,2.326232,1.645285,0.001 1 + 1.010 omega + -0.088 omega^2,0.002 1 + -0.001 theta + 0.021 omega + 0.001 theta omega + -0.175 omega^2,2.3408807377e-03,-5.0035627018e-04,2.0568581286e-02,1.0303474542e-05,9.1539804598e-04,-1.7537083470e-01
74673,2025-05-11 07:30:00,0.020664,0.857956,0.606842,0.002 1 + 1.015 omega + -0.052 omega^2,0.003 1 + -0.001 theta + 0.031 omega + -0.105 omega^2,2.9788046783e-03,-5.2614523636e-04,3.1357729710e-02,1.2622394762e-05,-2.9698296474e-04,-1.0468307005e-01
74674,2025-05-11 07:35:00,0.133931,14.852469,10.502708,-0.003 1 + 1.021 omega + -0.002 theta omega + 0.015 omega^2,-0.006 1 + 0.001 theta + 0.045 omega + -0.004 theta omega + 0.037 omega^2,-5.7382840227e-03,6.9942912470e-04,4.4865154918e-02,-1.2685336388e-05,-3.9215699487e-03,3.6992055182e-02
74675,2025-05-11 07:40:00,nan,nan,nan,0.006 1 + 0.994 omega + 0.002 theta omega + -0.175 omega^2,0.011 1 + -0.001 theta + -0.013 omega + 0.004 theta omega + -0.353 omega^2,1.1288936337e-02,-5.6108909872e-04,-1.2833255448e-02,-8.7561448022e-05,4.1648141050e-03,-3.5339372924e-01
74676,2025-05-11 07:45:00,0.068838,2.901914,2.052541,0.001 1 + 1.000 omega + -0.031 omega^2,0.002 1 + -0.064 omega^2,2.2146661626e-03,4.3982566261e-04,3.2576578921e-04,2.5338678182e-05,-2.0002480332e-04,-6.3716828914e-02
74677,2025-05-11 07:50:00,nan,nan,nan,0.006 1 + 0.943 omega + 0.002 theta omega + 0.087 omega^2,0.012 1 + -0.115 omega + 0.004 theta omega + 0.178 omega^2,1.2219573401e-02,-4.2637699372e-04,-1.1528453577e-01,-4.8505946956e-06,3.9818022317e-03,1.7818525541e-01
74678,2025-05-11 07:55:00,0.035962,1.600233,1.131821,0.003 1 + 0.975 omega + 0.001 theta omega + 0.049 omega^2,0.006 1 + -0.049 omega + 0.001 theta omega + 0.098 omega^2,6.3193906857e-03,-1.0709759297e-05,-4.8876156212e-02,-1.0162892416e-05,9.8836373574e-04,9.7816123643e-02
74679,2025-05-11 08:00:00,0.023569,0.409648,0.290144,0.001 1 + 0.996 omega + 0.004 omega^2,0.003 1 + -0.005 omega + 0.009 omega^2,2.5567411087e-03,7.8460512250e-05,-4.6026016747e-03,-3.7744966854e-06,-3.3690737441e-04,8.6167890360e-03
74680,2025-05-11 08:05:00,0.016612,1.445036,1.021862,-0.001 1 + 1.013 omega + -0.002 theta omega + 0.103 omega^2,-0.002 1 + 0.025 omega + -0.003 theta omega + 0.198 omega^2,-2.3818700487e-03,-3.4586002901e-04,2.5442015359e-02,1.0888780368e-05,-3.3298573134e-03,1.9810270067e-01
74681,2025-05-11 08:10:00,0.080843,4.290991,3.034727,0.001 1 + 0.993 omega + -0.001 theta omega + -0.049 omega^2,0.003 1 + 0.001 theta + -0.012 omega + -0.001 theta omega + -0.104 omega^2,2.8610142367e-03,7.1526334473e-04,-1.2174770631e-02,4.1664408211e-05,-1.2353760474e-03,-1.0389915558e-01
74682,2025-05-11 08:15:00,0.098408,11.729716,8.294454,-0.005 1 + 0.001 theta + 1.006 omega + -0.002 theta omega + 0.044 omega^2,-0.009 1 + 0.001 theta + 0.012 omega + -0.003 theta omega + 0.084 omega^2,-9.3452656606e-03,1.3283437597e-03,1.2396374835e-02,-2.3707226704e-05,-3.2446737463e-03,8.3666893591e-02
74683,2025-05-11 08:20:00,0.106851,3.721192,2.632365,-0.003 1 + 0.001 theta + 1.003 omega + -0.001 theta omega + 0.035 omega^2,-0.007 1 + 0.003 theta + 0.009 omega + -0.002 theta omega + 0.057 omega^2,-6.8234927781e-03,2.5810475669e-03,8.9477944082e-03,-2.0542599550e-04,-2.0648011336e-03,5.6568826032e-02
74684,2025-05-11 08:25:00,0.043229,1.511237,1.069043,0.003 1 + 1.023 omega + -0.001 theta omega + -0.056 omega^2,0.005 1 + 0.047 omega + -0.001 theta omega + -0.111 omega^2,5.4613214796e-03,-1.3812265555e-05,4.7379287809e-02,-4.3501072635e-06,-1.4686735482e-03,-1.1145007440e-01
74685,2025-05-11 08:30:00,0.086411,6.420867,4.540650,0.003 1 + 1.014 omega + 0.001 theta omega + 0.021 omega^2,0.006 1 + 0.001 theta + 0.029 omega + 0.001 theta omega + 0.046 omega^2,6.4139173809e-03,5.8135081363e-04,2.9291424413e-02,1.1801750866e-05,1.1430565652e-03,4.6284942584e-02
74686,2025-05-11 08:35:00,0.046119,4.173166,2.951054,-0.001 1 + 1.016 omega + -0.002 theta omega + 0.171 omega^2,-0.002 1 + 0.034 omega + -0.003 theta omega + 0.337 omega^2,-2.1230708454e-03,-4.8791684097e-04,3.3918942755e-02,-1.3585385324e-06,-3.2597744352e-03,3.3738815834e-01
74687,2025-05-11 08:40:00,0.024740,1.274128,0.901115,-0.001 1 + 0.995 omega + -0.001 theta omega + 0.018 omega^2,-0.001 1 + -0.009 omega + -0.001 theta omega + 0.031 omega^2,-1.4851807843e-03,6.7993516834e-05,-8.8239911837e-03,2.2658947467e-05,-1.4258626352e-03,3.1270401035e-02
74688,2025-05-11 08:45:00,0.018763,0.309722,0.219408,0.002 1 + 0.997 omega + -0.022 omega^2,0.003 1 + -0.004 omega + -0.046 omega^2,3.4989731171e-03,2.5126811337e-04,-4.0574708196e-03,-3.4540207392e-05,-1.0328830780e-04,-4.5547615941e-02
74689,2025-05-11 08:50:00,nan,nan,nan,1.001 omega + 0.002 theta omega + -0.083 omega^2,-0.001 theta + 0.004 omega + 0.003 theta omega + -0.166 omega^2,-3.7517357360e-04,-7.3116346703e-04,3.6406647049e-03,-4.4550758554e-05,3.0260492544e-03,-1.6628823216e-01
74690,2025-05-11 08:55:00,nan,nan,nan,0.002 1 + -0.001 theta + 0.988 omega + 0.001 theta omega + 0.194 omega^2,0.004 1 + -0.003 theta + -0.024 omega + 0.003 theta omega + 0.379 omega^2,4.2557629890e-03,-2.6536435219e-03,-2.3570388301e-02,6.3452984013e-05,3.0516766363e-03,3.7905367324e-01
74691,2025-05-11 09:00:00,0.109307,16.778995,11.864793,-0.015 1 + 1.156 omega + -0.003 theta omega + -0.329 omega^2,-0.031 1 + 0.001 theta + 0.315 omega + -0.005 theta omega + -0.665 omega^2,-3.1179461406e-02,5.7919527206e-04,3.1467135288e-01,1.0549001539e-05,-5.2056888487e-03,-6.6451066853e-01
74692,2025-05-11 09:05:00,0.124149,6.674917,4.720695,-0.001 1 + 1.001 omega + 0.006 omega^2,-0.001 1 + 0.005 omega + 0.010 omega^2,-1.4739093473e-03,2.3963240306e-04,5.3121642266e-03,-9.2766842115e-06,-3.2999888880e-04,1.0499068380e-02
74693,2025-05-11 09:10:00,nan,nan,nan,-0.001 theta + 1.004 omega + 0.071 omega^2,-0.001 1 + -0.001 theta + 0.008 omega + -0.001 theta omega + 0.141 omega^2,-9.3249245319e-04,-1.1718935413e-03,8.0525732301e-03,5.5903223816e-05,-9.6272481838e-04,1.4057956086e-01
74694,2025-05-11 09:15:00,0.028694,3.298228,2.332288,-0.001 1 + 1.012 omega + -0.034 omega^2,-0.002 1 + 0.025 omega + -0.001 theta omega + -0.068 omega^2,-1.7588803778e-03,1.5263520489e-04,2.4981418758e-02,-2.5926114374e-06,-7.2404137268e-04,-6.7629456107e-02
74695,2025-05-11 09:20:00,0.036853,4.535586,3.207250,1.000 omega + -0.001 theta omega + 0.024 omega^2,-0.001 1 + 0.002 omega + -0.001 theta omega + 0.054 omega^2,-6.1323793630e-04,1.0644095810e-04,1.7880678489e-03,1.2129925923e-06,-1.1003489605e-03,5.4321109118e-02
74696,2025-05-11 09:25:00,0.146028,13.149978,9.299012,-0.001 1 + 0.998 omega + 0.015 omega^2,-0.002 1 + -0.002 omega + 0.028 omega^2,-1.5573745244e-03,3.2712484866e-04,-1.9970498441e-03,-8.7192402789e-06,-3.3543588019e-04,2.8364768691e-02
74697,2025-05-11 09:30:00,0.063974,4.873048,3.446062,-0.002 1 + 1.024 omega + -0.001 theta omega + -0.043 omega^2,-0.005 1 + 0.051 omega + -0.001 theta omega + -0.090 omega^2,-4.9121366244e-03,2.5366012669e-04,5.1195696857e-02,-3.6515723691e-06,-1.1964810058e-03,-8.9550901738e-02
74698,2025-05-11 09:35:00,0.021326,0.824925,0.583505,-0.004 1 + 1.027 omega + -0.001 theta omega + -0.047 omega^2,-0.007 1 + 0.048 omega + -0.001 theta omega + -0.077 omega^2,-7.3293837512e-03,2.4229082364e-04,4.7942536579e-02,-1.1445822550e-06,-9.3874822968e-04,-7.7090886046e-02
74699,2025-05-11 09:40:00,0.061404,6.910166,4.886418,-0.002 1 + 1.014 omega + -0.001 theta omega + 0.046 omega^2,-0.005 1 + 0.027 omega + -0.002 theta omega + 0.091 omega^2,-4.5927986403e-03,-1.6217441607e-06,2.7084931829e-02,7.8446857053e-06,-2.1227123508e-03,9.1149674754e-02
74700,2025-05-11 09:45:00,0.042852,5.862642,4.145625,-0.012 1 + 1.093 omega + -0.002 theta omega + -0.156 omega^2,-0.023 1 + 0.001 theta + 0.186 omega + -0.003 theta omega + -0.308 omega^2,-2.3036762727e-02,6.0706195116e-04,1.8571572825e-01,-2.0788128461e-06,-3.1761437962e-03,-3.0848248514e-01
74701,2025-05-11 09:50:00,0.007689,0.581333,0.411101,0.003 1 + 0.950 omega + -0.001 theta omega + 0.216 omega^2,0.004 1 + -0.084 omega + -0.002 theta omega + 0.382 omega^2,4.4193797564e-03,2.6694618316e-04,-8.3649368431e-02,2.6339236613e-06,-2.2489657373e-03,3.8152308668e-01
74702,2025-05-11 09:55:00,0.020833,0.952160,0.673440,0.006 1 + 0.928 omega + 0.208 omega^2,0.012 1 + -0.155 omega + -0.001 theta omega + 0.451 omega^2,1.2193266639e-02,2.6498457266e-04,-1.5488696832e-01,-1.0910335813e-06,-9.8731378975e-04,4.5149939670e-01
74703,2025-05-11 10:00:00,0.010528,0.266376,0.188503,0.002 1 + 0.974 omega + 0.057 omega^2,0.006 1 + -0.069 omega + 0.001 theta omega + 0.169 omega^2,6.1516904322e-03,-1.2087434988e-04,-6.9109781862e-02,3.8241582429e-07,7.8297322123e-04,1.6912525541e-01
74704,2025-05-11 10:05:00,nan,nan,nan,-0.005 1 + 1.030 omega + -0.003 theta omega + 0.092 omega^2,-0.010 1 + 0.001 theta + 0.065 omega + -0.005 theta omega + 0.172 omega^2,-1.0206629632e-02,5.7484360746e-04,6.4840051416e-02,3.9191255636e-06,-5.0189351941e-03,1.7197929011e-01
74705,2025-05-11 10:10:00,0.011412,0.834264,0.589969,-0.002 1 + 1.030 omega + -0.116 omega^2,-0.004 1 + 0.063 omega + -0.232 omega^2,-4.0083724909e-03,-9.4895696075e-05,6.3261868914e-02,3.5930586362e-06,-4.5310118808e-05,-2.3174965916e-01
74706,2025-05-11 10:15:00,nan,nan,nan,-0.012 1 + 1.049 omega + -0.001 theta omega + 0.049 omega^2,-0.026 1 + 0.001 theta + 0.116 omega + -0.003 theta omega + 0.077 omega^2,-2.5834206143e-02,8.0013152367e-04,1.1616388730e-01,8.3311226363e-07,-3.3731951322e-03,7.6820534325e-02
74707,2025-05-11 10:20:00,0.045840,2.157738,1.526095,1.008 omega + -0.002 theta omega + -0.029 omega^2,0.020 omega + -0.004 theta omega + -0.070 omega^2,3.2752852351e-04,-2.8409132981e-05,2.0220389039e-02,-1.0444359943e-05,-3.8604053852e-03,-6.9540828096e-02
74708,2025-05-11 10:25:00,0.015818,0.792088,0.560202,0.001 1 + 0.999 omega + 0.001 theta omega + -0.141 omega^2,0.002 1 + -0.001 theta + -0.002 omega + 0.001 theta omega + -0.267 omega^2,2.1357214022e-03,-6.3290235641e-04,-1.7087453798e-03,1.9614146310e-05,1.1396678259e-03,-2.6676345899e-01
74709,2025-05-11 10:30:00,0.025903,1.055128,0.746313,0.007 1 + 0.001 theta + 1.068 omega + 0.003 theta omega + 0.188 omega^2,0.013 1 + 0.001 theta + 0.136 omega + 0.006 theta omega + 0.372 omega^2,1.3350423824e-02,1.4563498393e-03,1.3594784334e-01,3.8612155279e-05,5.6597599672e-03,3.7231950857e-01
74710,2025-05-11 10:35:00,0.053530,3.258597,2.304487,0.001 1 + 0.995 omega + -0.007 omega^2,0.002 1 + -0.001 theta + -0.009 omega + 0.001 theta omega + -0.018 omega^2,2.1649918883e-03,-5.6109284014e-04,-8.9039423638e-03,3.1134184074e-05,1.0553614814e-03,-1.8059740704e-02
74711,2025-05-11 10:40:00,0.022827,0.702119,0.496736,0.004 1 + 0.959 omega + 0.001 theta omega + 0.111 omega^2,0.007 1 + -0.074 omega + 0.002 theta omega + 0.195 omega^2,6.6531684453e-03,-3.3963002794e-04,-7.4032083834e-02,2.8691539867e-06,2.0138025711e-03,1.9457880989e-01
74712,2025-05-11 10:45:00,nan,nan,nan,0.001 1 + 0.996 omega + 0.004 theta omega + -0.057 omega^2,0.001 1 + -0.006 omega + 0.007 theta omega + -0.105 omega^2,1.4011254678e-03,5.0761167344e-05,-5.6346628222e-03,-4.4427637478e-04,7.4755702301e-03,-1.0521969167e-01
74713,2025-05-11 10:50:00,nan,nan,nan,-0.001 1 + 1.006 omega + 0.001 theta omega + 0.060 omega^2,-0.002 1 + -0.001 theta + 0.013 omega + 0.002 theta omega + 0.114 omega^2,-1.5292879019e-03,-8.6966667254e-04,1.2816203160e-02,4.4664456800e-05,1.7669587215e-03,1.1444834676e-01
74714,2025-05-11 10:55:00,0.030553,1.376487,0.973563,-0.003 1 + 0.001 theta + 1.040 omega + -0.002 theta omega + -0.168 omega^2,-0.006 1 + 0.001 theta + 0.087 omega + -0.004 theta omega + -0.352 omega^2,-5.9379048972e-03,1.1385690889e-03,8.6958558295e-02,-4.1169248533e-05,-4.3566441713e-03,-3.5197893502e-01
74715,2025-05-11 11:00:00,0.055915,2.065751,1.461242,-0.002 1 + 0.996 omega + -0.005 omega^2,-0.004 1 + -0.001 theta + -0.006 omega + -0.019 omega^2,-4.2420596819e-03,-7.3627222015e-04,-6.0114395813e-03,-1.9929490459e-05,-3.4695137946e-04,-1.8559816536e-02
74716,2025-05-11 11:05:00,0.049072,2.224052,1.573025,-0.001 1 + 0.993 omega + 0.088 omega^2,-0.001 1 + -0.013 omega + -0.001 theta omega + 0.159 omega^2,-1.4779573404e-03,-2.2612421406e-04,-1.2681022943e-02,1.8841596663e-05,-8.5983288755e-04,1.5896507912e-01
74717,2025-05-11 11:10:00,0.045733,3.847364,2.720689,-0.002 1 + 1.035 omega + -0.002 theta omega + -0.097 omega^2,-0.005 1 + 0.001 theta + 0.081 omega + -0.005 theta omega + -0.214 omega^2,-5.4585267239e-03,6.6801052263e-04,8.0676346550e-02,-1.9431832617e-05,-4.7984732525e-03,-2.1409951276e-01
74718,2025-05-11 11:15:00,nan,nan,nan,-0.001 1 + 1.012 omega + -0.002 theta omega + 0.051 omega^2,-0.001 1 + 0.025 omega + -0.005 theta omega + 0.123 omega^2,-1.4590379082e-03,2.5420081809e-04,2.5284289079e-02,1.0277959169e-05,-5.1568007234e-03,1.2279398656e-01
74719,2025-05-11 11:20:00,0.017014,0.684851,0.484412,0.004 1 + 0.930 omega + 0.248 omega^2,0.007 1 + -0.142 omega + 0.508 omega^2,7.4339491752e-03,2.6877306901e-04,-1.4240306550e-01,-4.5611242961e-06,-2.4110346814e-04,5.0834886747e-01
74720,2025-05-11 11:25:00,0.039394,4.103203,2.901536,0.999 omega + -0.001 theta omega + 0.043 omega^2,0.004 omega + -0.001 theta omega + 0.084 omega^2,-4.8052554867e-04,-3.0440261510e-05,4.2291971792e-03,7.2513605220e-06,-1.3241674743e-03,8.3780044759e-02
74721,2025-05-11 11:30:00,0.034981,2.403137,1.699455,0.001 1 + 1.019 omega + -0.203 omega^2,0.002 1 + -0.001 theta + 0.044 omega + 0.001 theta omega + -0.439 omega^2,1.8435420501e-03,-5.0039316068e-04,4.3572430922e-02,1.5896749399e-05,1.0520878070e-03,-4.3910796610e-01
74722,2025-05-11 11:35:00,0.024127,1.880600,1.329895,1.041 omega + 0.001 theta omega + -0.267 omega^2,0.001 1 + -0.001 theta + 0.081 omega + 0.001 theta omega + -0.511 omega^2,8.9694689234e-04,-5.7322558673e-04,8.0702727828e-02,1.3932491187e-05,1.0728420390e-03,-5.1128228972e-01
74723,2025-05-11 11:40:00,0.177991,24.210802,17.120085,-0.022 1 + 1.149 omega + -0.003 theta omega + -0.111 omega^2,-0.046 1 + 0.001 theta + 0.321 omega + -0.006 theta omega + -0.261 omega^2,-4.6490970498e-02,1.0365807495e-03,3.2057572435e-01,1.1333465744e-06,-6.4287081250e-03,-2.6098762396e-01
74724,2025-05-11 11:45:00,0.017457,0.402568,0.284926,0.001 1 + 0.999 omega + 0.004 omega^2,0.001 1 + -0.006 omega + 0.029 omega^2,1.2755297133e-03,-4.3298221082e-05,-6.3163118287e-03,1.3151864229e-06,-2.5500166391e-04,2.9319208740e-02
74725,2025-05-11 11:50:00,0.010033,0.275851,0.195185,1.006 omega + -0.039 omega^2,0.001 1 + 0.013 omega + -0.074 omega^2,8.2733611322e-04,-8.9012252546e-05,1.2880876807e-02,-3.9694126523e-07,4.3430030659e-04,-7.3688859269e-02
74726,2025-05-11 11:55:00,0.036324,5.128538,3.626515,0.957 omega + -0.002 theta omega + 0.230 omega^2,-0.001 1 + 0.001 theta + -0.078 omega + -0.004 theta omega + 0.441 omega^2,-1.3077712811e-03,8.3385233300e-04,-7.8441799128e-02,-6.5855854926e-06,-3.5703154399e-03,4.4084609353e-01
74727,2025-05-11 12:00:00,0.020979,2.905484,2.054541,-0.003 1 + 1.055 omega + -0.193 omega^2,-0.008 1 + 0.127 omega + 0.001 theta omega + -0.448 omega^2,-7.6126098639e-03,-1.7233416984e-04,1.2702677558e-01,1.5889873227e-06,5.5475409677e-04,-4.4833289393e-01
74728,2025-05-11 12:05:00,0.014304,1.330082,0.940564,0.019 1 + 0.772 omega + -0.001 theta omega + 0.668 omega^2,0.038 1 + -0.463 omega + -0.001 theta omega + 1.359 omega^2,3.8290569621e-02,2.9877253088e-04,-4.6267233961e-01,-1.3603412328e-06,-1.2328605265e-03,1.3594906523e+00
74729,2025-05-11 12:10:00,0.017873,0.499332,0.353307,0.002 1 + 0.978 omega + 0.061 omega^2,0.001 1 + -0.016 omega + 0.043 omega^2,6.4038032934e-04,-1.7527439208e-05,-1.5869350249e-02,2.8272041670e-07,2.5933547688e-04,4.2755664987e-02
74730,2025-05-11 12:15:00,0.039046,2.613930,1.848534,-0.001 1 + 1.029 omega + -0.125 omega^2,-0.003 1 + 0.066 omega + -0.276 omega^2,-2.7323607652e-03,-1.6152764859e-04,6.5998809371e-02,5.5008163220e-06,-4.6359554251e-05,-2.7594005347e-01
74731,2025-05-11 12:20:00,0.027095,2.226484,1.574478,-0.007 1 + 1.113 omega + -0.001 theta omega + -0.418 omega^2,-0.014 1 + 0.231 omega + -0.002 theta omega + -0.849 omega^2,-1.3858611524e-02,6.4933746890e-05,2.3136359693e-01,6.5244505565e-06,-2.4425297600e-03,-8.4857222568e-01
74732,2025-05-11 12:25:00,0.011835,0.196521,0.139213,0.001 1 + 1.003 omega + 0.004 omega^2,0.001 1 + 0.009 omega + -0.001 theta omega + 0.002 omega^2,1.3444155302e-03,-1.5569470793e-04,8.6612649900e-03,4.5047024230e-06,-6.4744390408e-04,2.0651029335e-03
74733,2025-05-11 12:30:00,0.016062,0.518249,0.366633,1.001 omega + 0.010 omega^2,-0.001 1 + 0.011 omega + -0.009 omega^2,-1.0224596159e-03,3.2705874157e-05,1.1033777436e-02,7.7448018619e-07,-4.6890064069e-04,-9.3085230572e-03
74734,2025-05-11 12:35:00,0.020250,1.914534,1.353856,0.005 1 + 0.927 omega + -0.001 theta omega + 0.298 omega^2,0.009 1 + -0.144 omega + -0.003 theta omega + 0.596 omega^2,8.7339660435e-03,3.3713879240e-04,-1.4364751747e-01,1.2803300504e-06,-2.5259152690e-03,5.9615062681e-01
74735,2025-05-11 12:40:00,0.016692,0.662661,0.468721,-0.001 1 + 1.012 omega + -0.021 omega^2,-0.004 1 + 0.036 omega + -0.001 theta omega + -0.063 omega^2,-4.1108776952e-03,6.8346451204e-05,3.5854964426e-02,9.4276553332e-07,-6.7515832847e-04,-6.3035016681e-02
74736,2025-05-11 12:45:00,0.054795,4.564383,3.227738,-0.002 1 + 1.016 omega + -0.035 omega^2,-0.005 1 + 0.036 omega + -0.001 theta omega + -0.079 omega^2,-5.4029182858e-03,4.5388597312e-04,3.6266328030e-02,-9.6019472032e-06,-1.0031935329e-03,-7.8871647790e-02
74737,2025-05-11 12:50:00,nan,nan,nan,-0.009 1 + 1.162 omega + 0.001 theta omega + -0.603 omega^2,-0.018 1 + -0.001 theta + 0.318 omega + 0.003 theta omega + -1.179 omega^2,-1.7979443608e-02,-5.7794130928e-04,3.1771555030e-01,2.1849230300e-06,2.5905536328e-03,-1.1793344660e+00
74738,2025-05-11 12:55:00,0.032214,4.038068,2.855436,0.006 1 + 0.894 omega + 0.002 theta omega + 0.327 omega^2,0.012 1 + -0.208 omega + 0.003 theta omega + 0.645 omega^2,1.2051939241e-02,-4.9545355764e-05,-2.0755251321e-01,-7.6333286205e-06,3.1403052535e-03,6.4536396756e-01
74739,2025-05-11 13:00:00,0.026221,0.932244,0.659457,0.002 1 + 0.989 omega + 0.025 omega^2,0.003 1 + -0.015 omega + 0.001 theta omega + 0.032 omega^2,2.6881071883e-03,-2.3282520749e-04,-1.5278673621e-02,4.4802920760e-06,5.6860042283e-04,3.1769071987e-02
74740,2025-05-11 13:05:00,nan,nan,nan,-0.004 1 + 1.062 omega + -0.001 theta omega + -0.166 omega^2,-0.009 1 + 0.137 omega + -0.001 theta omega + -0.371 omega^2,-9.3973556087e-03,7.1854515483e-05,1.3687536600e-01,1.7174576326e-06,-1.2142525662e-03,-3.7082736847e-01
74741,2025-05-11 13:10:00,0.030137,0.801411,0.567084,0.008 1 + -0.001 theta + 0.939 omega + 0.002 theta omega + 0.076 omega^2,0.015 1 + -0.001 theta + -0.112 omega + 0.004 theta omega + 0.139 omega^2,1.5289235914e-02,-1.0129736903e-03,-1.1174895070e-01,1.2895211891e-05,4.3769648988e-03,1.3898689637e-01
74742,2025-05-11 13:15:00,nan,nan,nan,1.003 omega + 0.001 theta omega + 0.012 omega^2,-0.001 1 + -0.001 theta + 0.006 omega + 0.002 theta omega + 0.029 omega^2,-8.5817169331e-04,-5.0959846558e-04,5.6793897425e-03,1.1200639593e-05,2.3601893170e-03,2.9495255468e-02
74743,2025-05-11 13:20:00,0.014634,1.035512,0.732291,-0.003 1 + 1.010 omega + 0.066 omega^2,-0.005 1 + 0.019 omega + -0.001 theta omega + 0.130 omega^2,-5.0006300849e-03,-3.9320420089e-04,1.9445537203e-02,-4.4487865780e-06,-5.1058459251e-04,1.2957090297e-01
74744,2025-05-11 13:25:00,nan,nan,nan,1.012 omega + 0.032 omega^2,-0.001 1 + -0.001 theta + 0.026 omega + 0.073 omega^2,-9.1183744346e-04,-6.0090768380e-04,2.5795353640e-02,-1.9197423286e-05,-2.4950146859e-04,7.3369210885e-02
74745,2025-05-11 13:30:00,0.073756,2.279467,1.612670,0.001 1 + 0.998 omega + 0.001 theta omega + -0.042 omega^2,0.002 1 + -0.002 omega + 0.001 theta omega + -0.074 omega^2,1.8338477657e-03,-4.6742282878e-04,-2.3913650909e-03,1.0282150446e-05,1.3847094887e-03,-7.4433570102e-02
74746,2025-05-11 13:35:00,0.048255,3.524576,2.492485,-0.001 1 + 1.009 omega + 0.096 omega^2,-0.002 1 + 0.019 omega + -0.001 theta omega + 0.192 omega^2,-2.2982082362e-03,-4.0865752405e-04,1.9442085257e-02,-1.1846142240e-05,-7.9771808202e-04,1.9215393419e-01
74747,2025-05-11 13:40:00,0.169534,7.555256,5.343718,-0.006 1 + -0.001 theta + 0.971 omega + -0.004 theta omega + 0.079 omega^2,-0.012 1 + -0.002 theta + -0.058 omega + -0.008 theta omega + 0.158 omega^2,-1.1725459901e-02,-2.0797982115e-03,-5.7588850548e-02,-7.5026206161e-05,-7.8600095212e-03,1.5772811981e-01
74748,2025-05-11 13:45:00,0.038080,1.489684,1.053710,0.001 1 + 0.998 omega + -0.031 omega^2,0.002 1 + -0.003 omega + 0.001 theta omega + -0.051 omega^2,1.7257534199e-03,1.2816667353e-05,-3.2158764665e-03,-3.6391593580e-05,5.5578297104e-04,-5.1098148335e-02
74749,2025-05-11 13:50:00,0.055275,1.866909,1.320683,0.001 1 + 0.996 omega + 0.001 theta omega + -0.032 omega^2,0.002 1 + -0.008 omega + 0.001 theta omega + -0.058 omega^2,1.7146933761e-03,-1.4279861521e-04,-7.5785306828e-03,-1.9401301391e-05,1.0771711000e-03,-5.7948780756e-02
74750,2025-05-11 13:55:00,0.036452,0.991771,0.701762,0.001 1 + 0.995 omega + 0.004 omega^2,0.003 1 + -0.009 omega + 0.010 omega^2,2.6515915282e-03,-7.7410010173e-05,-9.0674528185e-03,-2.6345795490e-06,4.4123495710e-04,9.6497780577e-03
74751,2025-05-11 14:00:00,0.062642,2.373131,1.678641,-0.014 1 + -0.001 theta + 0.929 omega + -0.004 theta omega + -0.055 omega^2,-0.027 1 + -0.003 theta + -0.144 omega + -0.009 theta omega + -0.112 omega^2,-2.7463629701e-02,-2.9509317193e-03,-1.4371503483e-01,-6.8661728520e-05,-8.5709582850e-03,-1.1163779507e-01
74752,2025-05-11 14:05:00,0.067384,4.034520,2.853234,-0.001 1 + 1.024 omega + 0.001 theta omega + 0.093 omega^2,-0.002 1 + 0.051 omega + 0.002 theta omega + 0.190 omega^2,-1.8092164705e-03,-2.5472411038e-04,5.0852203845e-02,-6.0549832237e-06,1.5510277870e-03,1.8997447649e-01
74753,2025-05-11 14:10:00,0.618629,20.230234,14.311622,1.004 omega + 0.002 theta omega + -0.078 omega^2,0.001 1 + 0.010 omega + 0.003 theta omega + -0.154 omega^2,6.1180178677e-04,-3.6660203195e-04,9.5936946389e-03,5.0436153445e-05,3.4969581235e-03,-1.5379181701e-01
74754,2025-05-11 14:15:00,0.040973,1.363364,0.964479,0.001 1 + 0.997 omega + 0.001 theta omega + -0.141 omega^2,0.002 1 + 0.001 theta + -0.005 omega + 0.003 theta omega + -0.281 omega^2,2.0978099914e-03,9.3366263984e-04,-4.5955396612e-03,9.6789258226e-05,2.8599276789e-03,-2.8149399986e-01
74755,2025-05-11 14:20:00,0.114913,3.745437,2.649670,0.001 1 + 1.005 omega + -0.001 theta omega + -0.017 omega^2,0.001 1 + -0.001 theta + 0.011 omega + -0.002 theta omega + -0.030 omega^2,1.3408717474e-03,-7.2905429075e-04,1.0645912749e-02,-4.1027419102e-05,-1.6164340434e-03,-3.0258839251e-02
74756,2025-05-11 14:25:00,0.172230,4.633351,3.278537,-0.001 theta + 1.001 omega + 0.004 theta omega + 0.048 omega^2,-0.001 1 + -0.002 theta + 0.003 omega + 0.007 theta omega + 0.095 omega^2,-7.2020002738e-04,-1.9820481040e-03,2.6504668343e-03,-7.0310517368e-05,7.2007309762e-03,9.4664024722e-02
74757,2025-05-11 14:30:00,nan,nan,nan,-0.002 1 + 0.001 theta + 0.968 omega + 0.004 theta omega + 0.123 omega^2,-0.003 1 + 0.002 theta + -0.061 omega + 0.007 theta omega + 0.244 omega^2,-3.4969433418e-03,2.4361106184e-03,-6.0880313985e-02,-2.8089761907e-04,7.3423901176e-03,2.4383119079e-01
74758,2025-05-11 14:35:00,0.111148,2.922204,2.067804,-0.001 1 + -0.001 theta + 1.006 omega + 0.004 theta omega + -0.104 omega^2,-0.002 1 + -0.002 theta + 0.013 omega + 0.007 theta omega + -0.206 omega^2,-2.0381457103e-03,-1.5434082658e-03,1.3496232811e-02,-8.2853899060e-06,7.4828649983e-03,-2.0567160149e-01
74759,2025-05-11 14:40:00,0.043322,1.867285,1.320725,-0.002 1 + 0.001 theta + 1.015 omega + -0.003 theta omega + -0.074 omega^2,-0.003 1 + 0.002 theta + 0.034 omega + -0.006 theta omega + -0.160 omega^2,-3.4688447210e-03,1.9456380878e-03,3.4379466362e-02,-1.8777473822e-04,-6.2685802871e-03,-1.6013707124e-01
74760,2025-05-11 14:45:00,nan,nan,nan,-0.008 1 + 0.001 theta + 1.046 omega + -0.003 theta omega + -0.079 omega^2,-0.016 1 + 0.002 theta + 0.094 omega + -0.005 theta omega + -0.156 omega^2,-1.5795810787e-02,2.0497643022e-03,9.3975908036e-02,-6.6534905614e-05,-5.1398051256e-03,-1.5627057224e-01
74761,2025-05-11 14:50:00,2.980214,119.034167,84.196243,0.003 1 + 1.005 omega + -0.032 omega^2,0.006 1 + 0.001 theta + 0.012 omega + 0.001 theta omega + -0.061 omega^2,6.1584497259e-03,7.4020858159e-04,1.1750864859e-02,2.3266172075e-05,8.1509418400e-04,-6.1272858667e-02
74762,2025-05-11 14:55:00,0.030410,0.761668,0.539010,1.012 omega + 0.001 theta omega + 0.035 omega^2,-0.001 1 + 0.022 omega + 0.003 theta omega + 0.067 omega^2,-7.9670016203e-04,3.0570884924e-04,2.2404651574e-02,3.6928273573e-05,2.5706514878e-03,6.7214287875e-02
74763,2025-05-11 15:00:00,nan,nan,nan,-0.004 1 + 0.960 omega + -0.002 theta omega + -0.079 omega^2,-0.008 1 + -0.080 omega + -0.003 theta omega + -0.161 omega^2,-7.9614456049e-03,-3.4162964473e-04,-7.9724446694e-02,6.7220519431e-06,-3.3476336483e-03,-1.6099820019e-01
74764,2025-05-11 15:05:00,0.060428,2.624731,1.856457,0.001 1 + 1.016 omega + -0.003 theta omega + -0.090 omega^2,0.002 1 + 0.035 omega + -0.005 theta omega + -0.184 omega^2,1.5745029330e-03,-5.1860853249e-05,3.4781478406e-02,-1.7864810022e-05,-5.1798796952e-03,-1.8419729964e-01
74765,2025-05-11 15:10:00,0.111106,3.513162,2.485423,-0.001 1 + 0.980 omega + -0.002 theta omega + -0.038 omega^2,-0.001 1 + 0.001 theta + -0.038 omega + -0.004 theta omega + -0.081 omega^2,-1.3910117702e-03,9.3623290061e-04,-3.8282357362e-02,1.4021292201e-04,-4.4222332850e-03,-8.1255917222e-02
74766,2025-05-11 15:15:00,0.087190,2.741646,1.939616,0.001 1 + 0.995 omega + 0.001 theta omega + 0.031 omega^2,0.002 1 + -0.001 theta + -0.009 omega + 0.001 theta omega + 0.067 omega^2,1.6064008291e-03,-8.6013714883e-04,-8.5381966634e-03,-4.5275051960e-05,1.3587263711e-03,6.7286425200e-02
74767,2025-05-11 15:20:00,0.064794,2.851048,2.016516,-0.001 1 + 1.000 omega + 0.013 omega^2,-0.001 1 + 0.019 omega^2,-9.7323652715e-04,-4.7601370946e-04,-1.1382936046e-04,-3.5598605890e-05,-1.1575054782e-04,1.9052677641e-02
74768,2025-05-11 15:25:00,1.855187,61.513882,43.516660,0.001 1 + 1.003 omega + -0.056 omega^2,0.002 1 + -0.001 theta + 0.008 omega + -0.122 omega^2,2.0479382177e-03,-9.5215732557e-04,8.1555515877e-03,1.0124103258e-04,4.4817374146e-04,-1.2172825463e-01
74769,2025-05-11 15:30:00,nan,nan,nan,0.001 1 + 0.989 omega + 0.002 theta omega + 0.069 omega^2,0.002 1 + -0.023 omega + 0.004 theta omega + 0.143 omega^2,1.8748718230e-03,-2.4668864426e-04,-2.3347567002e-02,-2.0559749967e-05,3.5861412993e-03,1.4306141319e-01
74770,2025-05-11 15:35:00,0.035081,0.995104,0.704082,-0.001 1 + 1.006 omega + 0.002 theta omega + -0.008 omega^2,-0.003 1 + 0.014 omega + 0.004 theta omega + -0.007 omega^2,-2.5587125882e-03,-4.6101531060e-04,1.4411702620e-02,2.6549922768e-05,3.9630210411e-03,-6.6008815859e-03
74771,2025-05-11 15:40:00,0.070530,1.584166,1.121284,0.002 1 + 0.968 omega + 0.003 theta omega + 0.041 omega^2,0.003 1 + -0.063 omega + 0.007 theta omega + 0.091 omega^2,3.4899378769e-03,4.6014528102e-04,-6.3279405882e-02,-1.1397140730e-04,6.9159547379e-03,9.1406512716e-02
74772,2025-05-11 15:45:00,0.032251,1.153206,0.815759,0.004 1 + 0.001 theta + 1.009 omega + 0.001 theta omega + -0.019 omega^2,0.007 1 + 0.001 theta + 0.022 omega + 0.002 theta omega + -0.021 omega^2,7.4432735123e-03,1.1056661069e-03,2.2084902168e-02,3.4291015563e-05,2.2666815482e-03,-2.0640537072e-02
74773,2025-05-11 15:50:00,nan,nan,nan,-0.011 1 + -0.002 theta + 0.916 omega + -0.008 theta omega + -0.117 omega^2,-0.022 1 + -0.003 theta + -0.166 omega + -0.015 theta omega + -0.234 omega^2,-2.1869913102e-02,-3.4064716036e-03,-1.6605824198e-01,-1.0330237828e-04,-1.5021207047e-02,-2.3357512580e-01
74774,2025-05-11 15:55:00,0.149556,6.339306,4.483814,-0.002 1 + 1.002 omega + 0.041 omega^2,-0.003 1 + 0.006 omega + 0.001 theta omega + 0.088 omega^2,-3.3246236714e-03,3.1277338663e-04,6.0630633430e-03,6.0769967145e-05,9.0311890820e-04,8.7660015269e-02
74775,2025-05-11 16:00:00,0.051404,1.373089,0.971600,0.001 1 + 0.999 omega + -0.003 omega^2,0.001 1 + -0.002 omega + 0.004 omega^2,9.8849685527e-04,-3.1313301522e-04,-1.6021692546e-03,-6.2137000387e-06,-3.6024410101e-06,4.2755179594e-03
74776,2025-05-11 16:05:00,nan,nan,nan,0.001 1 + 1.007 omega + -0.001 theta omega + -0.014 omega^2,0.003 1 + -0.001 theta + 0.014 omega + -0.002 theta omega + -0.029 omega^2,2.6105938916e-03,-6.3456666136e-04,1.4325729386e-02,-1.2122080940e-05,-2.3586718136e-03,-2.9276404809e-02
74777,2025-05-11 16:10:00,0.021384,0.595725,0.421513,0.001 1 + 0.999 omega + -0.020 omega^2,0.001 1 + -0.003 omega + -0.036 omega^2,1.4267205863e-03,-3.5936566437e-05,-2.6859316373e-03,5.2439898211e-06,-1.5754949751e-04,-3.5756027555e-02
74778,2025-05-11 16:15:00,0.060498,1.747245,1.236229,-0.001 1 + -0.001 theta + 0.997 omega + -0.003 theta omega + -0.028 omega^2,-0.001 1 + -0.002 theta + -0.005 omega + -0.006 theta omega + -0.058 omega^2,-1.0812057869e-03,-1.9921540453e-03,-4.9078968002e-03,-1.5364805787e-04,-5.6653004056e-03,-5.7924486424e-02
74779,2025-05-11 16:20:00,0.030789,0.786169,0.556332,-0.002 1 + 0.979 omega + -0.058 omega^2,-0.004 1 + -0.040 omega + -0.114 omega^2,-4.3661062582e-03,1.9413013258e-05,-4.0169733280e-02,7.6263099894e-06,-4.0444786801e-04,-1.1442716449e-01
74780,2025-05-11 16:25:00,0.070188,4.740251,3.352231,-0.001 1 + 0.985 omega + 0.063 omega^2,-0.002 1 + 0.001 theta + -0.030 omega + 0.001 theta omega + 0.132 omega^2,-2.3467217349e-03,5.2479026893e-04,-3.0248020622e-02,-2.2788296981e-05,1.0477140357e-03,1.3196222336e-01
74781,2025-05-11 16:30:00,0.060611,1.846037,1.306048,-0.001 1 + 0.994 omega + -0.001 theta omega + -0.049 omega^2,-0.002 1 + -0.012 omega + -0.001 theta omega + -0.094 omega^2,-2.4218548232e-03,-9.4386193578e-05,-1.1865856293e-02,5.3031856551e-05,-1.1788415447e-03,-9.3734818637e-02
74782,2025-05-11 16:35:00,0.058848,1.968754,1.392741,-0.006 1 + 0.970 omega + -0.001 theta omega + 0.016 omega^2,-0.012 1 + -0.061 omega + -0.002 theta omega + 0.028 omega^2,-1.2039975334e-02,-3.8485515869e-04,-6.1245493725e-02,4.6305375907e-06,-2.2628622082e-03,2.7771943748e-02
74783,2025-05-11 16:40:00,0.190316,15.074271,10.659969,0.992 omega + 0.085 omega^2,0.001 1 + -0.001 theta + -0.014 omega + 0.001 theta omega + 0.165 omega^2,7.6431046204e-04,-6.0701452311e-04,-1.4172615514e-02,1.4805235408e-05,9.5525250198e-04,1.6512132772e-01
74784,2025-05-11 16:45:00,0.027884,1.830498,1.294508,-0.009 1 + 0.963 omega + -0.001 theta omega + -0.033 omega^2,-0.017 1 + -0.001 theta + -0.070 omega + -0.001 theta omega + -0.064 omega^2,-1.7268555729e-02,-6.3444623726e-04,-6.9919289470e-02,-4.9010579432e-06,-1.3080929600e-03,-6.4388286824e-02
74785,2025-05-11 16:50:00,0.031953,2.401765,1.698455,-0.001 1 + 1.010 omega + -0.001 theta omega + -0.001 omega^2,-0.001 1 + 0.022 omega + -0.001 theta omega + -0.003 omega^2,-1.2132561135e-03,1.5246532286e-04,2.1911158939e-02,-1.2334092294e-07,-1.3209122979e-03,-3.3185828837e-03
74786,2025-05-11 16:55:00,0.029583,1.455419,1.029350,0.975 omega + -0.001 theta omega + 0.131 omega^2,-0.049 omega + -0.001 theta omega + 0.261 omega^2,3.1140859547e-04,2.8910770879e-04,-4.8890704635e-02,-9.7730935489e-07,-1.3818687503e-03,2.6116565246e-01
74787,2025-05-11 17:00:00,nan,nan,nan,-0.005 1 + 0.001 theta + 1.010 omega + -0.001 theta omega + 0.042 omega^2,-0.010 1 + 0.002 theta + 0.023 omega + -0.002 theta omega + 0.081 omega^2,-9.6915051406e-03,2.4708410634e-03,2.2507068002e-02,-1.4227645711e-04,-2.3712442388e-03,8.0540902517e-02
74788,2025-05-11 17:05:00,0.115753,4.189400,2.963484,-0.001 1 + 1.002 omega + 0.057 omega^2,-0.002 1 + 0.005 omega + 0.105 omega^2,-2.4259347803e-03,-4.6223732025e-04,4.6140751502e-03,3.2654683661e-05,2.5793071823e-04,1.0507411951e-01
74789,2025-05-11 17:10:00,0.404079,52.258831,36.953678,-0.004 1 + 1.042 omega + -0.002 theta omega + -0.006 omega^2,-0.008 1 + 0.086 omega + -0.004 theta omega + -0.018 omega^2,-7.9123059085e-03,-7.2295594577e-06,8.6166206925e-02,2.1289307181e-05,-3.9437375860e-03,-1.7532876069e-02
74790,2025-05-11 17:15:00,0.040021,1.916215,1.355264,0.990 omega + 0.033 omega^2,-0.001 1 + -0.014 omega + 0.051 omega^2,-6.8419368637e-04,8.6438115694e-05,-1.3560388242e-02,-1.2745133761e-06,2.1106804589e-05,5.1085566619e-02
74791,2025-05-11 17:20:00,nan,nan,nan,-0.002 1 + 1.004 omega + 0.001 theta omega + -0.029 omega^2,-0.003 1 + -0.001 theta + 0.010 omega + 0.001 theta omega + -0.056 omega^2,-2.9996331380e-03,-7.8581364931e-04,9.7512715665e-03,-3.3649416003e-05,1.2148217087e-03,-5.5787939734e-02
74792,2025-05-11 17:25:00,0.112230,3.067303,2.170362,0.003 1 + 1.015 omega + -0.002 theta omega + -0.130 omega^2,0.007 1 + 0.001 theta + 0.033 omega + -0.003 theta omega + -0.267 omega^2,6.8442201165e-03,7.4496676075e-04,3.2676431772e-02,-1.2523992687e-04,-3.2268511359e-03,-2.6739860750e-01
74793,2025-05-11 17:30:00,nan,nan,nan,-0.003 1 + -0.002 theta + 0.995 omega + -0.002 theta omega + 0.062 omega^2,-0.006 1 + -0.003 theta + -0.008 omega + -0.004 theta omega + 0.127 omega^2,-5.9137844091e-03,-3.1468918437e-03,-8.3600880444e-03,-3.2466678846e-04,-3.7358530397e-03,1.2712005264e-01
74794,2025-05-11 17:35:00,0.026242,0.722130,0.510960,0.001 1 + 1.000 omega + -0.017 omega^2,0.002 1 + 0.001 theta omega + -0.033 omega^2,1.9166643237e-03,-4.8040262487e-04,3.2688605096e-04,1.8217477575e-05,7.2484798533e-04,-3.3426280053e-02
74795,2025-05-11 17:40:00,0.048289,1.335782,0.945157,-0.003 1 + 1.012 omega + -0.001 theta omega + 0.002 omega^2,-0.008 1 + 0.001 theta + 0.029 omega + -0.001 theta omega + -0.003 omega^2,-7.5785943718e-03,5.7546460969e-04,2.9426995636e-02,-8.8605365094e-06,-1.3212117828e-03,-2.5672741697e-03
74796,2025-05-11 17:45:00,0.048600,6.464080,4.570924,-0.021 1 + 1.147 omega + -0.002 theta omega + -0.232 omega^2,-0.043 1 + 0.001 theta + 0.302 omega + -0.004 theta omega + -0.474 omega^2,-4.3403811035e-02,9.8271360684e-04,3.0185524830e-01,-3.8909748588e-06,-4.0933824388e-03,-4.7423220423e-01
74797,2025-05-11 17:50:00,0.066272,6.723452,4.754429,-0.004 1 + 1.051 omega + -0.001 theta omega + -0.164 omega^2,-0.009 1 + 0.108 omega + -0.002 theta omega + -0.334 omega^2,-8.9453980524e-03,2.5329049675e-04,1.0827335682e-01,4.6368101335e-06,-2.2951875556e-03,-3.3389993661e-01
74798,2025-05-11 17:55:00,0.146851,20.158935,14.254898,-0.011 1 + 1.102 omega + -0.005 theta omega + -0.057 omega^2,-0.023 1 + 0.001 theta + 0.207 omega + -0.011 theta omega + -0.120 omega^2,-2.2644386697e-02,9.8118010634e-04,2.0663279476e-01,1.2843338398e-05,-1.0562657197e-02,-1.1988238032e-01
74799,2025-05-11 18:00:00,0.333159,14.294238,10.110297,-0.001 1 + 1.009 omega + -0.029 omega^2,-0.002 1 + -0.001 theta + 0.020 omega + -0.001 theta omega + -0.063 omega^2,-1.9453918865e-03,-8.4508054913e-04,1.9897638800e-02,7.7165778460e-05,-9.4701101013e-04,-6.3061157645e-02
74800,2025-05-11 18:05:00,0.137092,4.064960,2.875995,-0.001 theta + 1.009 omega + 0.005 theta omega + -0.044 omega^2,-0.001 1 + -0.002 theta + 0.021 omega + 0.011 theta omega + -0.085 omega^2,-5.0218533723e-04,-1.8066141044e-03,2.0503837229e-02,-3.1832171475e-04,1.0712137160e-02,-8.5056124331e-02
74801,2025-05-11 18:10:00,0.038796,1.294590,0.915824,0.002 1 + 1.002 omega + -0.030 omega^2,0.004 1 + 0.003 omega + -0.051 omega^2,4.2543749312e-03,-4.6861685050e-04,2.7949152918e-03,4.8066818418e-06,-3.9343269596e-04,-5.1004747837e-02
74802,2025-05-11 18:15:00,0.085572,5.866862,4.148939,-0.001 1 + 1.002 omega + -0.004 omega^2,-0.001 1 + 0.006 omega + 0.001 theta omega + 0.001 omega^2,-1.1012478598e-03,-9.0723754542e-05,5.8356993078e-03,-6.4403800709e-07,5.7149673368e-04,6.8123954167e-04
74803,2025-05-11 18:20:00,0.054829,5.436990,3.844728,0.003 1 + 0.001 theta + 1.013 omega + 0.002 theta omega + -0.041 omega^2,0.007 1 + 0.001 theta + 0.027 omega + 0.005 theta omega + -0.076 omega^2,6.7268718593e-03,1.0425671149e-03,2.6763459462e-02,7.8502432361e-06,4.6671703709e-03,-7.6332410041e-02
74804,2025-05-11 18:25:00,0.028846,1.402184,0.991704,-0.001 1 + 0.984 omega + -0.066 omega^2,-0.001 1 + -0.028 omega + 0.001 theta omega + -0.121 omega^2,-1.1753769301e-03,1.1374116513e-04,-2.7534696054e-02,-8.0161431319e-08,6.2313119342e-04,-1.2108623067e-01
74805,2025-05-11 18:30:00,3.551018,112.544318,79.620454,-0.001 1 + 0.998 omega + 0.033 omega^2,-0.002 1 + -0.001 theta + -0.002 omega + -0.001 theta omega + 0.070 omega^2,-2.2332234668e-03,-7.5650337630e-04,-2.2517852849e-03,-5.0539220460e-05,-6.8987796228e-04,7.0080282864e-02
74806,2025-05-11 18:35:00,0.381238,17.620819,12.462716,-0.003 1 + -0.001 theta + 0.996 omega + 0.042 omega^2,-0.005 1 + -0.001 theta + -0.007 omega + 0.093 omega^2,-5.2258474901e-03,-1.0340413932e-03,-6.9011145053e-03,-5.1711571507e-05,-1.7508447072e-04,9.3390699260e-02
74807,2025-05-11 18:40:00,0.187443,9.481016,6.705400,0.001 1 + 1.007 omega + 0.001 theta omega + -0.020 omega^2,0.003 1 + 0.016 omega + 0.001 theta omega + -0.035 omega^2,2.5376358174e-03,4.0188377853e-04,1.5677931812e-02,1.4400153764e-05,1.1634730604e-03,-3.5331863727e-02
74808,2025-05-11 18:45:00,0.104329,6.102116,4.315478,-0.002 1 + 0.999 omega + 0.031 omega^2,-0.005 1 + 0.001 theta + 0.001 omega + 0.061 omega^2,-4.8857447880e-03,5.7173268953e-04,6.2665169428e-04,-1.6113829353e-05,-3.6971068383e-04,6.0759164622e-02
74809,2025-05-11 18:50:00,0.072641,1.923507,1.361095,0.001 1 + 0.995 omega + 0.030 omega^2,0.003 1 + -0.009 omega + 0.062 omega^2,2.5812427950e-03,-4.1028124634e-05,-8.5273451274e-03,-1.0091104217e-04,-3.7161758337e-04,6.2162130387e-02
74810,2025-05-11 18:55:00,0.244818,14.933747,10.561173,1.005 omega + 0.015 omega^2,0.012 omega + 0.001 theta omega + 0.036 omega^2,5.3082889458e-05,-2.7244364426e-04,1.1518840758e-02,-3.1716601062e-05,7.3225531627e-04,3.5617418957e-02
74811,2025-05-11 19:00:00,0.038235,3.383596,2.392717,0.990 omega + -0.038 omega^2,-0.012 omega + -0.061 omega^2,-2.1326044568e-04,6.0709265129e-05,-1.1993101339e-02,-1.2017295186e-07,4.0974399321e-04,-6.1167245839e-02
74812,2025-05-11 19:05:00,0.029045,1.088650,0.770066,-0.002 1 + 0.971 omega + -0.072 omega^2,-0.004 1 + -0.055 omega + -0.141 omega^2,-3.9749159832e-03,8.7703480492e-05,-5.4733452441e-02,1.2663719066e-06,3.4230246196e-06,-1.4103504646e-01
74813,2025-05-11 19:10:00,nan,nan,nan,-0.002 1 + 0.999 omega + 0.053 omega^2,-0.003 1 + -0.002 omega + -0.001 theta omega + 0.112 omega^2,-3.3880312644e-03,-3.5679636255e-04,-1.9475621088e-03,4.4639123971e-05,-9.3775338463e-04,1.1210721338e-01
74814,2025-05-11 19:15:00,0.241366,9.849622,6.966825,0.001 1 + -0.001 theta + 1.009 omega + -0.001 theta omega + 0.060 omega^2,0.002 1 + -0.001 theta + 0.019 omega + -0.002 theta omega + 0.123 omega^2,2.2799992179e-03,-1.1830823246e-03,1.9052384288e-02,3.5553220137e-05,-2.4114443413e-03,1.2258375432e-01
74815,2025-05-11 19:20:00,0.041181,1.912165,1.352419,0.001 1 + 0.996 omega + -0.002 theta omega,0.002 1 + -0.007 omega + -0.005 theta omega + 0.002 omega^2,1.7910034216e-03,1.6121316329e-04,-6.9274122669e-03,3.4597110612e-05,-4.7197809763e-03,1.7518904068e-03
74816,2025-05-11 19:25:00,0.335435,14.141261,10.002194,-0.001 theta + 1.010 omega + -0.003 theta omega + 0.011 omega^2,0.001 1 + -0.001 theta + 0.021 omega + -0.005 theta omega + 0.025 omega^2,6.2848038163e-04,-1.2096641376e-03,2.0619780639e-02,1.0164526691e-04,-5.1919118479e-03,2.5430831139e-02
74817,2025-05-11 19:30:00,0.013954,1.424557,1.007362,0.020 1 + 1.213 omega + 0.001 theta omega + 0.544 omega^2,0.040 1 + 0.427 omega + 0.002 theta omega + 1.089 omega^2,3.9918780725e-02,1.9991376930e-04,4.2658254728e-01,-1.6490155876e-06,1.7064171600e-03,1.0889900226e+00
74818,2025-05-11 19:35:00,0.050276,2.041990,1.444343,1.007 omega + -0.001 theta omega + -0.007 omega^2,0.001 1 + 0.017 omega + -0.002 theta omega + -0.015 omega^2,7.9045546981e-04,-4.3474370535e-04,1.6870192770e-02,2.1378060529e-05,-2.0930633107e-03,-1.4695021168e-02
74819,2025-05-11 19:40:00,0.083653,4.517080,3.194606,1.007 omega + 0.029 omega^2,-0.001 1 + 0.015 omega + 0.058 omega^2,-5.0227371728e-04,-6.5261828937e-05,1.4737464566e-02,2.4468740826e-06,-1.6136468473e-04,5.8236890748e-02
74820,2025-05-11 19:45:00,0.086635,3.965966,2.805031,0.001 1 + 1.001 omega + -0.012 omega^2,0.002 1 + 0.003 omega + -0.019 omega^2,2.2509731318e-03,-4.5827714619e-04,2.7849977081e-03,4.2961699473e-06,1.1675430850e-04,-1.9147428194e-02
74821,2025-05-11 19:50:00,nan,nan,nan,-0.002 1 + -0.001 theta + 0.997 omega + -0.004 theta omega + 0.127 omega^2,-0.005 1 + -0.002 theta + -0.004 omega + 0.001 theta^2 + -0.009 theta omega + 0.249 omega^2,-4.8545794828e-03,-2.4387138362e-03,-3.9957865569e-03,6.0192204963e-04,-8.6640196567e-03,2.4918724558e-01
74822,2025-05-11 19:55:00,nan,nan,nan,0.001 1 + 1.006 omega + 0.001 theta omega + -0.072 omega^2,0.002 1 + -0.001 theta + 0.014 omega + 0.002 theta omega + -0.146 omega^2,1.5234056695e-03,-9.5519453623e-04,1.3826370668e-02,4.0591277878e-05,2.2041476902e-03,-1.4616315736e-01
74823,2025-05-11 20:00:00,0.064715,2.313264,1.636364,0.002 1 + 0.981 omega + 0.002 theta omega + 0.053 omega^2,0.003 1 + -0.038 omega + 0.003 theta omega + 0.103 omega^2,3.4316385208e-03,-4.4310072762e-04,-3.8414675505e-02,-1.5305612399e-05,3.2936548702e-03,1.0342961967e-01
74824,2025-05-11 20:05:00,nan,nan,nan,0.001 1 + -0.001 theta + 1.002 omega + 0.005 theta omega + -0.007 omega^2,0.001 1 + -0.001 theta + 0.005 omega + 0.010 theta omega + -0.008 omega^2,1.2201134256e-03,-1.1808320967e-03,5.1914746036e-03,-4.8259126330e-05,1.0199496121e-02,-7.7476244626e-03
74825,2025-05-11 20:10:00,0.097680,2.917421,2.064084,0.002 1 + -0.001 theta + 0.997 omega + -0.180 omega^2,0.003 1 + -0.001 theta + -0.005 omega + 0.001 theta omega + -0.348 omega^2,3.4634776323e-03,-1.2129232648e-03,-5.0631839858e-03,-1.6649577244e-04,7.8765867898e-04,-3.4816291485e-01
74826,2025-05-11 20:15:00,0.029695,0.488312,0.345927,-0.005 1 + 0.976 omega + -0.003 theta omega + 0.039 omega^2,-0.010 1 + -0.001 theta + -0.048 omega + -0.006 theta omega + 0.082 omega^2,-9.9211091721e-03,-5.0242102272e-04,-4.7694942859e-02,1.2600575785e-04,-5.8594334576e-03,8.2492466701e-02
74827,2025-05-11 20:20:00,nan,nan,nan,0.002 1 + -0.002 theta + 0.998 omega + 0.079 omega^2,0.004 1 + -0.003 theta + -0.004 omega + 0.159 omega^2,4.4851071855e-03,-3.0278816891e-03,-3.9275964552e-03,2.2541190559e-04,-4.8948991260e-04,1.5859804132e-01
74828,2025-05-11 20:25:00,0.066045,1.561561,1.105178,-0.001 theta + 1.008 omega + -0.005 theta omega + 0.014 omega^2,0.001 1 + -0.002 theta + 0.017 omega + -0.011 theta omega + 0.030 omega^2,8.4965637617e-04,-1.5799812316e-03,1.6901120246e-02,-5.0558612864e-05,-1.0589565771e-02,2.9793305486e-02
74829,2025-05-11 20:30:00,0.324843,21.535542,15.229660,1.002 omega + 0.013 omega^2,0.004 omega + 0.031 omega^2,-1.0717188943e-04,-6.6134219407e-05,4.4879381515e-03,-4.9761075151e-06,-3.4594841785e-04,3.0991198137e-02
74830,2025-05-11 20:35:00,0.120187,3.332585,2.358025,-0.004 1 + 0.963 omega + -0.002 theta omega + -0.026 omega^2,-0.007 1 + -0.076 omega + -0.003 theta omega + -0.057 omega^2,-7.4272080335e-03,1.1859008651e-04,-7.6302958346e-02,2.7420193044e-05,-3.4245230287e-03,-5.7256790800e-02
74831,2025-05-11 20:40:00,1.001977,35.834347,25.348613,0.001 1 + 0.998 omega + -0.001 theta omega + -0.052 omega^2,0.001 1 + 0.001 theta + -0.003 omega + -0.002 theta omega + -0.105 omega^2,1.0837267064e-03,6.9893186318e-04,-3.4250094272e-03,1.4654537977e-04,-1.8377752738e-03,-1.0549928374e-01
74832,2025-05-11 20:45:00,0.105475,3.551988,2.512742,0.001 1 + 0.993 omega + 0.080 omega^2,0.001 1 + -0.012 omega + 0.164 omega^2,1.2314847833e-03,8.1109081456e-05,-1.2406463610e-02,-3.1771378359e-05,-3.2132758573e-04,1.6409989763e-01
74833,2025-05-11 20:50:00,0.096382,3.121971,2.208619,-0.002 1 + 1.005 omega + 0.057 omega^2,-0.003 1 + 0.014 omega + 0.126 omega^2,-3.1992431081e-03,-2.1213230873e-04,1.3927293069e-02,-3.7953305331e-07,-3.9315815258e-04,1.2563578947e-01
74834,2025-05-11 20:55:00,0.070773,2.829277,2.001227,-0.001 1 + 0.999 omega + 0.001 theta omega + -0.059 omega^2,-0.001 1 + 0.001 theta + 0.003 theta omega + -0.105 omega^2,-1.2146645752e-03,8.3806257430e-04,3.0805792743e-04,3.5520194511e-04,2.7334747285e-03,-1.0498915663e-01
74835,2025-05-11 21:00:00,2.202777,155.214748,109.764453,0.006 1 + 0.001 theta + 0.997 omega + 0.001 theta omega + -0.113 omega^2,0.014 1 + 0.001 theta + 0.001 omega + 0.001 theta omega + -0.211 omega^2,1.3731962746e-02,1.2401137416e-03,8.1305415439e-04,2.6966116089e-05,1.3177609964e-03,-2.1063043842e-01
74836,2025-05-11 21:05:00,0.049581,3.402264,2.406020,1.033 omega + 0.112 omega^2,-0.001 1 + 0.068 omega + 0.228 omega^2,-8.0067075445e-04,-4.8384214696e-04,6.8276047264e-02,-1.0214628278e-05,2.0123387808e-04,2.2811041214e-01
74837,2025-05-11 21:10:00,0.081841,2.902635,2.053288,1.004 omega + -0.026 omega^2,-0.001 1 + 0.009 omega + -0.001 theta omega + -0.071 omega^2,-5.3619536632e-04,-4.8898353183e-04,9.2283887578e-03,3.5826301483e-05,-6.4345625770e-04,-7.0834904407e-02
74838,2025-05-11 21:15:00,0.087113,2.438010,1.725033,-0.001 1 + 1.001 omega + 0.001 theta omega + -0.039 omega^2,-0.001 1 + -0.001 theta + 0.004 omega + 0.001 theta omega + -0.074 omega^2,-1.0938521557e-03,-9.8914942062e-04,4.0509703241e-03,8.0424632601e-05,1.0997252020e-03,-7.3695042570e-02
74839,2025-05-11 21:20:00,0.164375,4.925559,3.484835,-0.004 1 + 0.993 omega + -0.001 theta omega + 0.076 omega^2,-0.008 1 + -0.014 omega + -0.002 theta omega + 0.150 omega^2,-7.8488900357e-03,-1.5523679847e-04,-1.4043874090e-02,7.3932325355e-05,-1.5573697270e-03,1.4953105365e-01
74840,2025-05-11 21:25:00,0.063029,1.930022,1.365459,0.996 omega + 0.001 theta omega + -0.032 omega^2,-0.001 theta + -0.007 omega + 0.001 theta omega + -0.054 omega^2,-1.3697690260e-05,-8.5703388959e-04,-6.5987702764e-03,-5.3975318647e-05,1.1885252958e-03,-5.4277074177e-02
74841,2025-05-11 21:30:00,0.079079,3.645691,2.578499,-0.001 1 + 0.991 omega + 0.055 omega^2,-0.002 1 + 0.001 theta + -0.018 omega + 0.001 theta omega + 0.108 omega^2,-2.3127856305e-03,5.0527761253e-04,-1.7777691372e-02,-2.7757912271e-05,9.0594064150e-04,1.0754466087e-01
74842,2025-05-11 21:35:00,0.152845,5.791225,4.096440,-0.003 1 + -0.001 theta + 0.991 omega + -0.001 theta omega + -0.002 omega^2,-0.006 1 + -0.002 theta + -0.016 omega + -0.002 theta omega + -0.005 omega^2,-5.7184035385e-03,-1.6139857543e-03,-1.6105681788e-02,-6.5621907828e-05,-2.2098796038e-03,-5.4704102667e-03
74843,2025-05-11 21:40:00,0.144250,3.369314,2.384647,-0.001 theta + 1.005 omega + -0.006 theta omega + -0.058 omega^2,0.001 1 + -0.001 theta + 0.011 omega + -0.012 theta omega + -0.119 omega^2,8.1559921685e-04,-1.3607196796e-03,1.0995669347e-02,6.6149450284e-05,-1.2025769744e-02,-1.1929446848e-01
74844,2025-05-11 21:45:00,0.116377,3.469182,2.454462,-0.003 1 + 0.997 omega + 0.055 omega^2,-0.006 1 + -0.006 omega + 0.116 omega^2,-6.0653465347e-03,-2.3102141701e-04,-5.6723217470e-03,1.9560325858e-05,-3.9623591286e-04,1.1576540331e-01
74845,2025-05-11 21:50:00,0.135179,6.095753,4.311408,-0.001 1 + 0.999 omega + 0.073 omega^2,-0.003 1 + 0.001 theta + -0.003 omega + 0.149 omega^2,-3.1971894287e-03,8.0361311407e-04,-3.1640267009e-03,1.1681330062e-04,-3.8150825876e-04,1.4906859099e-01
74846,2025-05-11 21:55:00,0.091809,4.450194,3.147432,-0.003 1 + -0.001 theta + 1.000 omega + 0.032 omega^2,-0.005 1 + -0.001 theta + 0.002 omega + -0.001 theta omega + 0.066 omega^2,-5.3660497573e-03,-1.0212796695e-03,1.6418108572e-03,-3.8195429542e-05,-5.0829156716e-04,6.6069706542e-02
74847,2025-05-11 22:00:00,0.113754,6.578540,4.652426,-0.010 1 + 0.952 omega + -0.001 theta omega + -0.010 omega^2,-0.018 1 + -0.091 omega + -0.002 theta omega + -0.018 omega^2,-1.8115319293e-02,-3.4253804063e-04,-9.1167777671e-02,1.7781208135e-06,-2.0050794501e-03,-1.7653669225e-02
74848,2025-05-11 22:05:00,0.175617,6.700395,4.739522,-0.010 1 + -0.002 theta + 0.983 omega + -0.002 theta omega + 0.088 omega^2,-0.020 1 + -0.004 theta + -0.033 omega + -0.004 theta omega + 0.181 omega^2,-2.0059596490e-02,-3.6185814952e-03,-3.2973023989e-02,-1.4290870425e-04,-4.4027036201e-03,1.8121848156e-01
74849,2025-05-11 22:10:00,0.117948,5.699652,4.031125,1.003 omega + -0.021 omega^2,0.008 omega + -0.041 omega^2,-5.8867605699e-05,-4.3101957749e-04,8.2711974974e-03,5.6483566421e-05,-4.9432426035e-04,-4.1204877504e-02
74850,2025-05-11 22:15:00,0.179979,7.108062,5.027770,-0.001 1 + 0.999 omega + -0.001 theta omega + -0.054 omega^2,-0.001 1 + -0.001 theta + 0.001 omega + -0.001 theta omega + -0.114 omega^2,-1.0936895641e-03,-9.2503851144e-04,8.6358239773e-04,9.9162175364e-07,-1.4390874663e-03,-1.1365216386e-01
74851,2025-05-11 22:20:00,0.196495,8.718662,6.166590,-0.002 1 + 0.998 omega + -0.026 omega^2,-0.003 1 + -0.001 theta + -0.001 omega + -0.049 omega^2,-3.0010301220e-03,-6.1812726354e-04,-1.2962975187e-03,-1.3491752826e-05,-4.3732248244e-04,-4.8610515305e-02
74852,2025-05-11 22:25:00,0.088918,3.677771,2.601337,-0.003 1 + 0.996 omega + 0.054 omega^2,-0.005 1 + -0.001 theta + -0.007 omega + -0.001 theta omega + 0.095 omega^2,-5.2937769931e-03,-5.5250288199e-04,-7.3330278570e-03,2.1188091444e-06,-8.4699020162e-04,9.5032591235e-02
74853,2025-05-11 22:30:00,0.144862,4.953433,3.504103,0.001 1 + 0.001 theta + 0.997 omega + -0.060 omega^2,0.003 1 + 0.001 theta + -0.006 omega + 0.001 theta omega + -0.121 omega^2,2.6514277366e-03,1.1123347322e-03,-5.8307577083e-03,-1.5656731310e-04,6.0698276061e-04,-1.2069106234e-01
74854,2025-05-11 22:35:00,0.116134,9.048953,6.399103,-0.002 1 + 1.008 omega + -0.002 theta omega + 0.021 omega^2,-0.004 1 + 0.001 theta + 0.018 omega + -0.003 theta omega + 0.040 omega^2,-3.5582498062e-03,7.6491765725e-04,1.8359414029e-02,-3.0223649758e-05,-3.1796794810e-03,3.9600886685e-02
74855,2025-05-11 22:40:00,0.096619,2.522388,1.784905,0.996 omega + 0.001 theta omega + 0.058 omega^2,0.001 theta + -0.007 omega + 0.001 theta omega + 0.117 omega^2,4.6493250787e-04,8.4634894147e-04,-7.3868287743e-03,-2.1534629660e-04,1.0915721760e-03,1.1677592095e-01
74856,2025-05-11 22:45:00,0.129834,2.958994,2.094338,-0.003 1 + -0.001 theta + 1.016 omega + 0.003 theta omega + 0.032 omega^2,-0.006 1 + -0.001 theta + 0.033 omega + 0.006 theta omega + 0.066 omega^2,-5.5618408371e-03,-1.1326798864e-03,3.3309490820e-02,-2.9317939922e-05,5.9456487356e-03,6.5604044809e-02
74857,2025-05-11 22:50:00,0.033641,2.929822,2.071834,-0.001 1 + 0.995 omega + -0.001 theta omega + 0.039 omega^2,-0.002 1 + 0.001 theta + -0.009 omega + -0.002 theta omega + 0.083 omega^2,-1.7170468456e-03,6.0871773505e-04,-9.3574184329e-03,-6.4729286439e-06,-2.4211602613e-03,8.2719386356e-02
74858,2025-05-11 22:55:00,nan,nan,nan,0.006 1 + 0.958 omega + 0.001 theta omega + 0.032 omega^2,0.010 1 + -0.077 omega + 0.003 theta omega + 0.059 omega^2,1.0052351887e-02,-2.1088356229e-04,-7.7284302759e-02,-7.7200882304e-06,2.7186174745e-03,5.9039594137e-02
74859,2025-05-11 23:00:00,nan,nan,nan,0.004 1 + -0.001 theta + 1.005 omega + -0.001 theta omega + -0.093 omega^2,0.007 1 + -0.001 theta + 0.010 omega + -0.002 theta omega + -0.189 omega^2,7.4785839658e-03,-1.2194062169e-03,1.0369771255e-02,-1.4735844162e-04,-2.2179362178e-03,-1.8901146106e-01
74860,2025-05-11 23:05:00,nan,nan,nan,0.001 1 + 0.994 omega + -0.001 theta omega + 0.097 omega^2,0.002 1 + -0.009 omega + -0.002 theta omega + 0.191 omega^2,1.8807727273e-03,-3.8014101017e-04,-9.0181937540e-03,2.2914644363e-05,-1.9698613759e-03,1.9118938604e-01
74861,2025-05-11 23:10:00,0.372912,15.726610,11.123518,0.005 1 + -0.001 theta + 0.978 omega + 0.005 theta omega + -0.047 omega^2,0.009 1 + -0.002 theta + -0.043 omega + 0.010 theta omega + -0.094 omega^2,9.4053748320e-03,-1.6467134922e-03,-4.2844245133e-02,-3.3789761976e-06,9.7966631969e-03,-9.4285048377e-02
74862,2025-05-11 23:15:00,0.019244,1.242110,0.878410,-0.004 1 + 1.078 omega + -0.293 omega^2,-0.008 1 + 0.158 omega + -0.588 omega^2,-7.6419821296e-03,-2.5103774514e-04,1.5765349774e-01,2.8710334529e-06,4.6721327281e-04,-5.8817432561e-01
74863,2025-05-11 23:20:00,0.033687,0.990085,0.700501,0.021 1 + -0.001 theta + 0.864 omega + 0.007 theta omega + -0.007 omega^2,0.043 1 + -0.003 theta + -0.275 omega + 0.014 theta omega + -0.015 omega^2,4.2636644348e-02,-2.5813783955e-03,-2.7470219068e-01,1.7721631684e-05,1.3926445241e-02,-1.4920257077e-02
74864,2025-05-11 23:25:00,0.301867,8.251909,5.838884,1.008 omega + -0.028 omega^2,-0.001 theta + 0.016 omega + -0.001 theta omega + -0.061 omega^2,1.7362002939e-04,-7.6445922281e-04,1.6499231434e-02,5.1175448145e-05,-6.1447202576e-04,-6.0677775322e-02
74865,2025-05-11 23:30:00,0.081770,2.369880,1.676756,0.001 1 + 0.981 omega + 0.002 theta omega + -0.021 omega^2,0.002 1 + 0.001 theta + -0.041 omega + 0.004 theta omega + -0.036 omega^2,1.9101207774e-03,8.3054403095e-04,-4.0614267040e-02,-1.2794774303e-04,4.2789130812e-03,-3.5860285812e-02
74866,2025-05-11 23:35:00,0.032059,3.501275,2.475879,-0.002 1 + 1.013 omega + -0.001 theta omega + -0.020 omega^2,-0.004 1 + 0.027 omega + -0.002 theta omega + -0.041 omega^2,-3.7609245497e-03,4.6709508483e-04,2.6838435874e-02,-6.3645030274e-06,-1.7214965553e-03,-4.1324937168e-02
74867,2025-05-11 23:40:00,0.124586,7.862708,5.560472,-0.001 1 + 1.008 omega + -0.001 theta omega + 0.016 omega^2,-0.003 1 + 0.015 omega + -0.001 theta omega + 0.033 omega^2,-2.9673948862e-03,3.3996277822e-04,1.5113391937e-02,-9.4018163514e-06,-1.4264146006e-03,3.2945895060e-02
74868,2025-05-11 23:45:00,0.100778,10.661776,7.539351,1.000 omega + -0.045 omega^2,-0.001 theta + -0.092 omega^2,1.5458522901e-04,-5.3536504006e-04,-1.9686599888e-04,-1.4380291940e-05,-3.5280872630e-04,-9.2247047306e-02
74869,2025-05-11 23:50:00,0.063282,7.078734,5.005621,1.001 omega + -0.021 omega^2,-0.001 1 + 0.003 omega + 0.001 theta omega + -0.048 omega^2,-6.2850225421e-04,9.2777414990e-05,3.0567673814e-03,-3.6139897461e-06,5.1746554047e-04,-4.8235317220e-02
74870,2025-05-11 23:55:00,0.031461,0.737552,0.522002,-0.002 1 + 1.004 omega + 0.009 omega^2,-0.003 1 + 0.007 omega + 0.020 omega^2,-3.2066799315e-03,3.2495648350e-04,6.9265279523e-03,-1.2389059565e-05,-3.1988492197e-04,1.9709861308e-02
74871,2025-05-12 00:00:00,0.133398,4.498647,3.182422,-0.001 1 + 1.001 omega + 0.001 theta omega + 0.003 omega^2,-0.003 1 + -0.001 theta + 0.003 omega + 0.001 theta omega + 0.005 omega^2,-2.6001485617e-03,-7.2040140024e-04,2.7507356273e-03,4.3783751551e-05,9.7295939352e-04,5.2775574303e-03
74872,2025-05-12 00:05:00,0.117822,3.899534,2.758645,0.001 1 + 1.005 omega + -0.073 omega^2,0.002 1 + -0.001 theta + 0.010 omega + -0.144 omega^2,2.3477640515e-03,-5.7698487867e-04,9.9279424265e-03,2.0771525175e-05,1.9627544705e-04,-1.4402889901e-01
74873,2025-05-12 00:10:00,nan,nan,nan,0.007 1 + 0.001 theta + 1.016 omega + 0.001 theta omega + -0.010 omega^2,0.014 1 + 0.003 theta + 0.031 omega + 0.002 theta omega + -0.021 omega^2,1.3679239918e-02,2.7303298395e-03,3.1320355698e-02,1.2063175918e-04,2.2979084892e-03,-2.1130907743e-02
74874,2025-05-12 00:15:00,nan,nan,nan,0.003 1 + 1.058 omega + 0.002 theta omega + 0.018 omega^2,0.006 1 + -0.001 theta + 0.120 omega + 0.004 theta omega + 0.049 omega^2,6.4693365377e-03,-5.9614470913e-04,1.2018980882e-01,-3.0539493579e-05,3.8412286480e-03,4.8597178007e-02
74875,2025-05-12 00:20:00,nan,nan,nan,-0.025 1 + -0.002 theta + 0.919 omega + -0.004 theta omega + -0.019 omega^2,-0.049 1 + -0.004 theta + -0.161 omega + -0.008 theta omega + -0.038 omega^2,-4.8672708246e-02,-3.7396358055e-03,-1.6122356009e-01,-6.2472382666e-05,-7.6786405412e-03,-3.8288166648e-02
74876,2025-05-12 00:25:00,0.113292,12.541121,8.868273,0.004 1 + 1.036 omega + 0.001 theta omega + 0.063 omega^2,0.010 1 + 0.079 omega + 0.002 theta omega + 0.134 omega^2,9.5072867482e-03,1.9714501346e-04,7.8996429652e-02,-4.4865191361e-06,1.7986429123e-03,1.3435289189e-01
74877,2025-05-12 00:30:00,0.252001,12.993517,9.189532,0.986 omega + -0.001 theta omega + -0.035 omega^2,-0.026 omega + -0.002 theta omega + -0.063 omega^2,1.5603719576e-04,2.4393752808e-04,-2.5709179804e-02,2.2787073292e-05,-1.9641221439e-03,-6.3050040106e-02
74878,2025-05-12 00:35:00,nan,nan,nan,-0.002 1 + -0.001 theta + 1.002 omega + -0.001 theta omega + 0.089 omega^2,-0.004 1 + -0.002 theta + 0.004 omega + -0.001 theta omega + 0.173 omega^2,-4.0057406792e-03,-1.6688109572e-03,4.4447046851e-03,1.6839609055e-04,-1.4727444096e-03,1.7343586643e-01
74879,2025-05-12 00:40:00,nan,nan,nan,-0.001 1 + -0.001 theta + 1.013 omega + 0.004 theta omega + -0.077 omega^2,-0.002 1 + -0.001 theta + 0.026 omega + 0.007 theta omega + -0.153 omega^2,-1.9862900122e-03,-1.3362951843e-03,2.5919143694e-02,-5.4700048055e-05,7.2523366859e-03,-1.5256516365e-01
74880,2025-05-12 00:45:00,0.044891,1.215306,0.859937,0.003 1 + 1.010 omega + -0.001 theta omega + -0.051 omega^2,0.005 1 + 0.021 omega + -0.001 theta omega + -0.102 omega^2,4.9348529097e-03,-1.2399607709e-04,2.1380971351e-02,-3.5080395874e-06,-1.0458494499e-03,-1.0168177119e-01
74881,2025-05-12 00:50:00,nan,nan,nan,0.001 1 + 0.998 omega + -0.131 omega^2,0.002 1 + -0.005 omega + -0.001 theta omega + -0.255 omega^2,2.1163356289e-03,2.3717519766e-04,-4.8520791386e-03,6.5347956617e-05,-6.8201597702e-04,-2.5544270597e-01
74882,2025-05-12 00:55:00,0.865836,14.750479,10.448117,-0.002 1 + 0.001 theta + 1.005 omega + -0.002 theta omega + 0.077 omega^2,-0.005 1 + 0.003 theta + 0.011 omega + -0.004 theta omega + 0.158 omega^2,-4.6974213325e-03,2.6570021517e-03,1.0715856834e-02,-3.4915476936e-04,-4.3392225845e-03,1.5798788907e-01
74883,2025-05-12 01:00:00,0.062644,1.995950,1.412045,-0.002 1 + 1.011 omega + 0.001 theta omega + 0.034 omega^2,-0.005 1 + 0.019 omega + 0.001 theta omega + 0.063 omega^2,-4.6176947817e-03,-8.9674714920e-05,1.8917369816e-02,6.1486745871e-06,1.1225260858e-03,6.2977680918e-02
74884,2025-05-12 01:05:00,0.018984,0.543076,0.384247,0.002 1 + 0.971 omega + -0.001 theta omega + 0.119 omega^2,0.002 1 + -0.050 omega + -0.001 theta omega + 0.216 omega^2,2.4971825382e-03,2.4681680375e-04,-4.9787571285e-02,-3.2683432246e-07,-1.3848632273e-03,2.1619321098e-01
74885,2025-05-12 01:10:00,0.063455,5.280021,3.733808,-0.002 1 + 1.035 omega + -0.072 omega^2,-0.005 1 + 0.073 omega + -0.001 theta omega + -0.145 omega^2,-4.5821471847e-03,-1.3907584775e-04,7.2630528649e-02,5.1926111163e-06,-9.3108968061e-04,-1.4498904861e-01
74886,2025-05-12 01:15:00,nan,nan,nan,0.001 1 + 0.974 omega + 0.002 theta omega + 0.046 omega^2,0.002 1 + -0.050 omega + 0.004 theta omega + 0.091 omega^2,1.7258919189e-03,4.2432087500e-04,-5.0238642740e-02,-5.4419125423e-05,3.8452693933e-03,9.0606775596e-02
74887,2025-05-12 01:20:00,0.080592,6.206496,4.389026,-0.002 1 + 1.050 omega + -0.129 omega^2,-0.004 1 + 0.100 omega + -0.256 omega^2,-4.0033394005e-03,-4.3126669394e-04,9.9669986957e-02,6.3128784007e-06,2.0625241458e-04,-2.5556229864e-01
74888,2025-05-12 01:25:00,0.113902,5.567070,3.937336,-0.003 1 + 0.001 theta + 1.010 omega + -0.001 theta omega + -0.020 omega^2,-0.006 1 + 0.001 theta + 0.022 omega + -0.002 theta omega + -0.042 omega^2,-5.8545735671e-03,1.1191949326e-03,2.1508593644e-02,-4.5426369350e-05,-1.5428657166e-03,-4.1610713880e-02
74889,2025-05-12 01:30:00,0.046274,1.810467,1.280612,0.002 1 + 0.992 omega + 0.012 omega^2,0.002 1 + -0.006 omega + 0.004 omega^2,2.2590114251e-03,-1.5408142984e-04,-5.6879539923e-03,2.4781073885e-06,-1.5909564945e-05,4.1394465099e-03
74890,2025-05-12 01:35:00,nan,nan,nan,0.001 1 + -0.001 theta + 1.017 omega + -0.006 theta omega + 0.106 omega^2,0.001 1 + -0.002 theta + 0.036 omega + -0.013 theta omega + 0.214 omega^2,1.1733121203e-03,-2.2282046020e-03,3.6110761590e-02,1.0154449864e-04,-1.2928098768e-02,2.1354386007e-01
74891,2025-05-12 01:40:00,0.060093,2.991381,2.115653,1.002 omega + 0.008 omega^2,-0.001 1 + 0.007 omega + 0.005 omega^2,-7.5285618013e-04,-1.8628924002e-04,6.7621708711e-03,1.0718245212e-07,-3.7069596661e-05,5.3773152918e-03
74892,2025-05-12 01:45:00,nan,nan,nan,0.040 1 + -0.002 theta + 0.814 omega + 0.007 theta omega + 0.076 omega^2,0.080 1 + -0.005 theta + -0.370 omega + 0.015 theta omega + 0.144 omega^2,7.9503276663e-02,-4.7259566605e-03,-3.6967328991e-01,5.7189611972e-05,1.4885449574e-02,1.4424086803e-01
74893,2025-05-12 01:50:00,nan,nan,nan,-0.001 1 + 1.007 omega + 0.041 omega^2,-0.001 1 + 0.001 theta + 0.016 omega + -0.001 theta omega + 0.091 omega^2,-1.4979947429e-03,7.8227363018e-04,1.6386312746e-02,-1.0310751238e-04,-5.7900877274e-04,9.0885263593e-02
74894,2025-05-12 01:55:00,nan,nan,nan,-0.003 1 + 0.939 omega + -0.003 theta omega + -0.032 omega^2,-0.007 1 + 0.001 theta + -0.120 omega + -0.007 theta omega + -0.064 omega^2,-6.5943916437e-03,8.0968583899e-04,-1.1983060438e-01,6.7722169527e-05,-6.7064577160e-03,-6.4392640652e-02
74895,2025-05-12 02:00:00,0.192226,5.348547,3.784436,-0.001 theta + 1.000 omega + -0.006 omega^2,-0.001 1 + -0.001 theta + 0.001 omega + -0.007 omega^2,-6.9541367001e-04,-1.1259442961e-03,6.8675896702e-04,2.8084201491e-05,2.3577747256e-04,-7.2285303305e-03
74896,2025-05-12 02:05:00,0.038591,0.751703,0.532234,-0.002 1 + 0.001 theta + 0.972 omega + -0.001 theta omega + 0.004 omega^2,-0.004 1 + 0.001 theta + -0.054 omega + -0.001 theta omega + 0.013 omega^2,-3.7187730248e-03,1.4738382462e-03,-5.4042206963e-02,6.4969860846e-05,-1.0403066169e-03,1.2963314854e-02
74897,2025-05-12 02:10:00,nan,nan,nan,0.001 1 + 1.001 omega + 0.042 omega^2,0.002 1 + -0.001 theta + 0.002 omega + 0.001 theta omega + 0.092 omega^2,1.5607407423e-03,-9.0824529613e-04,2.2597584529e-03,3.5513038230e-05,7.6529056939e-04,9.1893506765e-02
74898,2025-05-12 02:15:00,0.063599,3.117597,2.204933,-0.001 1 + 0.993 omega + 0.039 omega^2,-0.002 1 + -0.009 omega + 0.067 omega^2,-1.6723975713e-03,2.2921850191e-04,-9.2716470311e-03,-3.9171584241e-06,-4.4749860280e-04,6.7123930492e-02
74899,2025-05-12 02:20:00,0.089482,2.875283,2.034116,0.001 1 + 0.995 omega + 0.001 theta omega + -0.035 omega^2,0.003 1 + -0.009 omega + 0.002 theta omega + -0.079 omega^2,2.7130884837e-03,-1.6674947898e-04,-9.3344643810e-03,-4.6670517126e-05,1.5383495619e-03,-7.8509684032e-02
74900,2025-05-12 02:25:00,0.079678,5.914589,4.182625,-0.001 1 + 1.012 omega + -0.001 theta omega + 0.009 omega^2,-0.001 1 + 0.025 omega + -0.002 theta omega + 0.021 omega^2,-1.4439038600e-03,1.6637560369e-04,2.4774752461e-02,2.1896296235e-06,-2.3650431942e-03,2.0908121492e-02
74901,2025-05-12 02:30:00,nan,nan,nan,1.002 omega + 0.001 theta omega + -0.073 omega^2,-0.001 1 + -0.001 theta + 0.004 omega + 0.001 theta omega + -0.141 omega^2,-7.6771485609e-04,-6.0393686216e-04,3.8800917925e-03,-2.6830506044e-05,1.3892767149e-03,-1.4071561485e-01
74902,2025-05-12 02:35:00,0.269943,21.387405,15.124383,0.003 1 + 1.000 omega + -0.037 omega^2,0.006 1 + 0.001 theta + 0.001 omega + -0.001 theta omega + -0.078 omega^2,6.0176765227e-03,7.3264525261e-04,8.2443863226e-04,3.3434330109e-05,-5.1764285150e-04,-7.7818783041e-02
74903,2025-05-12 02:40:00,0.533876,30.889266,21.845271,0.005 1 + -0.001 theta + 0.985 omega + 0.003 theta omega + -0.033 omega^2,0.010 1 + -0.001 theta + -0.029 omega + 0.005 theta omega + -0.071 omega^2,9.9898268850e-03,-1.3764864030e-03,-2.9399938231e-02,9.0973355338e-06,5.1868680840e-03,-7.0707056062e-02
74904,2025-05-12 02:45:00,0.023205,0.659137,0.466369,-0.015 1 + 1.078 omega + -0.001 theta omega + -0.096 omega^2,-0.030 1 + 0.001 theta + 0.151 omega + -0.003 theta omega + -0.181 omega^2,-2.9757095110e-02,8.8451712041e-04,1.5102577811e-01,-3.8439362389e-06,-2.7647840902e-03,-1.8064875562e-01
74905,2025-05-12 02:50:00,nan,nan,nan,-0.003 1 + 1.017 omega + 0.001 omega^2,-0.006 1 + 0.034 omega,-6.2753347487e-03,2.6971689101e-04,3.4210868360e-02,-5.1435621790e-06,-2.7152149663e-04,4.8473236817e-04
74906,2025-05-12 02:55:00,0.021403,0.416144,0.294647,0.008 1 + -0.001 theta + 0.988 omega + -0.012 omega^2,0.016 1 + -0.001 theta + -0.024 omega + 0.001 theta omega + -0.025 omega^2,1.6436336799e-02,-1.2267687291e-03,-2.3693585777e-02,1.7170429397e-05,8.3995958025e-04,-2.5486977126e-02
74907,2025-05-12 03:00:00,0.092343,9.171475,6.485541,-0.001 1 + 1.032 omega + 0.002 theta omega + 0.056 omega^2,-0.001 1 + -0.001 theta + 0.064 omega + 0.003 theta omega + 0.113 omega^2,-1.2019816410e-03,-6.5462233005e-04,6.4243982552e-02,-3.3281677214e-05,3.4280651176e-03,1.1327153347e-01
74908,2025-05-12 03:05:00,0.025117,0.440684,0.312116,-0.006 1 + 0.973 omega + -0.001 theta omega + -0.027 omega^2,-0.012 1 + -0.053 omega + -0.001 theta omega + -0.050 omega^2,-1.1556114148e-02,-8.4776438578e-05,-5.3063126937e-02,1.5053848112e-05,-1.1597921636e-03,-4.9908191491e-02
74909,2025-05-12 03:10:00,0.056900,3.065037,2.167682,-0.001 1 + 0.987 omega + 0.068 omega^2,-0.002 1 + -0.021 omega + -0.001 theta omega + 0.125 omega^2,-1.9265679877e-03,4.7949375057e-04,-2.1470248840e-02,-1.2954442611e-05,-6.4170083360e-04,1.2548479129e-01
74910,2025-05-12 03:15:00,0.065718,7.094825,5.017014,-0.001 1 + 0.975 omega + 0.102 omega^2,-0.002 1 + -0.047 omega + -0.001 theta omega + 0.196 omega^2,-1.5457611544e-03,3.5817637156e-04,-4.6654344513e-02,-4.3398082465e-06,-5.6204306012e-04,1.9633574699e-01
74911,2025-05-12 03:20:00,nan,nan,nan,-0.002 1 + -0.001 theta + 1.005 omega + 0.091 omega^2,-0.005 1 + -0.002 theta + 0.012 omega + 0.179 omega^2,-4.8556491031e-03,-2.4079408793e-03,1.2113998064e-02,1.5566626599e-04,-1.1615109013e-04,1.7938780907e-01
74912,2025-05-12 03:25:00,0.155742,4.169651,2.950444,0.010 1 + -0.001 theta + 0.970 omega + 0.002 theta omega + -0.032 omega^2,0.020 1 + -0.002 theta + -0.057 omega + 0.004 theta omega + -0.068 omega^2,1.9506925360e-02,-1.6145212618e-03,-5.7187173659e-02,5.5606685212e-06,4.1234848567e-03,-6.7850734661e-02
74913,2025-05-12 03:30:00,nan,nan,nan,-0.001 1 + 0.001 theta + 0.998 omega + 0.004 omega^2,-0.001 1 + 0.001 theta + -0.004 omega + -0.001 theta omega + 0.005 omega^2,-1.3614506872e-03,1.0619901513e-03,-3.5081136671e-03,1.9612666195e-04,-9.4418766982e-04,4.5270230083e-03
74914,2025-05-12 03:35:00,0.124500,5.382162,3.806782,0.001 1 + 0.999 omega + -0.040 omega^2,0.002 1 + -0.002 omega + -0.082 omega^2,2.2733670494e-03,8.5659160912e-05,-2.3976519253e-03,-4.8697163939e-05,6.4012597544e-06,-8.2139134707e-02
74915,2025-05-12 03:40:00,0.064791,4.850246,3.429948,1.011 omega + 0.039 omega^2,0.001 1 + 0.025 omega + 0.088 omega^2,1.0791502642e-03,4.1846525322e-05,2.5292770773e-02,3.8575357845e-06,-1.7895403197e-04,8.7903292353e-02
74916,2025-05-12 03:45:00,0.143434,15.717550,11.114449,0.998 omega + -0.001 theta omega + 0.119 omega^2,-0.003 omega + -0.001 theta omega + 0.235 omega^2,1.5778828155e-04,-4.9504942359e-04,-3.3535184983e-03,1.2377880969e-05,-1.2177532574e-03,2.3453207562e-01
74917,2025-05-12 03:50:00,0.123063,5.413519,3.828925,0.001 1 + 1.001 omega + -0.017 omega^2,0.002 1 + 0.004 omega + -0.001 theta omega + -0.035 omega^2,2.1786400925e-03,1.4204087858e-04,4.4268333128e-03,-3.8493158711e-05,-7.0566875102e-04,-3.5349964585e-02
74918,2025-05-12 03:55:00,0.420263,17.841269,12.619182,1.004 omega + 0.035 omega^2,0.009 omega + 0.076 omega^2,-2.8589597069e-04,3.4462155031e-04,9.1016707186e-03,-7.9809929131e-05,1.2436439463e-04,7.6374575678e-02
74919,2025-05-12 04:00:00,0.055845,1.576916,1.115747,0.001 1 + 1.004 omega + 0.035 omega^2,0.001 1 + 0.009 omega + 0.071 omega^2,1.3436161297e-03,-2.3924677369e-04,8.9439505555e-03,-7.8618012976e-05,-4.1989633794e-04,7.0961387506e-02
74920,2025-05-12 04:05:00,0.111911,3.770805,2.667536,-0.002 1 + 0.993 omega + -0.001 theta omega + 0.024 omega^2,-0.004 1 + -0.014 omega + -0.001 theta omega + 0.053 omega^2,-4.3526383232e-03,1.1761068251e-04,-1.3846780947e-02,7.1517431953e-05,-1.3495342376e-03,5.3330380380e-02
74921,2025-05-12 04:10:00,nan,nan,nan,0.004 1 + 0.980 omega + 0.003 theta omega + -0.014 omega^2,0.009 1 + -0.001 theta + -0.039 omega + 0.005 theta omega + -0.028 omega^2,8.7220932770e-03,-7.5369895868e-04,-3.8751873283e-02,-1.5350447724e-05,5.1300069485e-03,-2.7664052569e-02
74922,2025-05-12 04:15:00,0.022749,0.657621,0.465287,0.006 1 + 0.969 omega + 0.001 theta omega + 0.016 omega^2,0.011 1 + -0.001 theta + -0.059 omega + 0.002 theta omega + 0.032 omega^2,1.1219567733e-02,-6.6733481578e-04,-5.8902732054e-02,7.9891553662e-06,1.9961231150e-03,3.2132080387e-02
74923,2025-05-12 04:20:00,0.184189,11.549093,8.167481,-0.008 1 + -0.002 theta + 0.961 omega + -0.007 theta omega + 0.016 omega^2,-0.016 1 + -0.003 theta + -0.075 omega + -0.013 theta omega + 0.039 omega^2,-1.5728418875e-02,-3.1368894050e-03,-7.5204682154e-02,-6.6428998230e-05,-1.3223032099e-02,3.8513750580e-02
74924,2025-05-12 04:25:00,0.020795,0.450005,0.318541,-0.004 1 + 0.974 omega + -0.020 omega^2,-0.008 1 + -0.048 omega + -0.001 theta omega + -0.036 omega^2,-8.2603252553e-03,-1.0269112767e-04,-4.8277370500e-02,4.4375773176e-06,-8.8219789039e-04,-3.5808474667e-02
74925,2025-05-12 04:30:00,nan,nan,nan,0.992 omega + 0.002 theta omega + -0.031 omega^2,0.001 theta + -0.014 omega + 0.005 theta omega + -0.051 omega^2,4.7753897957e-04,9.5320443180e-04,-1.4388564323e-02,-2.7215834107e-04,4.6403728709e-03,-5.0543767184e-02
74926,2025-05-12 04:35:00,0.581379,8.374240,5.935735,-0.001 1 + -0.001 theta + 1.006 omega + 0.001 theta omega + -0.020 omega^2,-0.002 1 + -0.003 theta + 0.012 omega + 0.002 theta omega + -0.039 omega^2,-2.2371999915e-03,-2.5283932975e-03,1.2269832078e-02,-3.3668502341e-04,2.1489394051e-03,-3.9164567508e-02
74927,2025-05-12 04:40:00,0.024910,2.010243,1.421565,-0.005 1 + 0.926 omega + -0.256 omega^2,-0.010 1 + -0.150 omega + 0.001 theta omega + -0.527 omega^2,-9.9304133415e-03,2.5616910767e-04,-1.4979448836e-01,2.5460181143e-06,1.0181476569e-03,-5.2718621425e-01
74928,2025-05-12 04:45:00,0.054715,1.347115,0.953339,-0.009 1 + 0.946 omega + -0.001 theta omega + -0.033 omega^2,-0.017 1 + -0.103 omega + -0.003 theta omega + -0.057 omega^2,-1.6820329104e-02,-3.5705265193e-04,-1.0343583104e-01,5.7306235871e-06,-2.5897763924e-03,-5.7419328365e-02
74929,2025-05-12 04:50:00,0.147262,6.848893,4.844018,0.999 omega + -0.025 omega^2,0.001 theta + -0.003 omega + 0.001 theta omega + -0.050 omega^2,1.7128668122e-04,5.4335802172e-04,-2.9418280432e-03,-3.8919992083e-05,5.1117593555e-04,-5.0217383883e-02
74930,2025-05-12 04:55:00,0.077620,5.471914,3.869616,0.003 1 + 1.014 omega + 0.008 omega^2,0.007 1 + 0.031 omega + 0.001 theta omega + 0.017 omega^2,6.8379787258e-03,3.6569963844e-04,3.0822456539e-02,4.5418839592e-06,8.9757706972e-04,1.7431406984e-02
74931,2025-05-12 05:00:00,0.127108,5.985527,4.233361,0.002 1 + 0.992 omega + 0.041 omega^2,0.004 1 + -0.014 omega + 0.078 omega^2,3.6417551250e-03,-3.4261860061e-04,-1.4282618458e-02,7.6236105982e-06,-9.9782359190e-05,7.7646420514e-02
74932,2025-05-12 05:05:00,nan,nan,nan,-0.001 1 + 0.001 theta + 1.004 omega + -0.001 theta omega + -0.021 omega^2,-0.002 1 + 0.001 theta + 0.010 omega + -0.002 theta omega + -0.056 omega^2,-1.6013201295e-03,1.4260651071e-03,9.7145298796e-03,-1.9714953847e-04,-2.2632989013e-03,-5.5861981826e-02
74933,2025-05-12 05:10:00,0.068609,1.792127,1.268153,0.004 1 + 0.001 theta + 1.012 omega + 0.015 omega^2,0.009 1 + 0.001 theta + 0.022 omega + 0.001 theta omega + 0.026 omega^2,8.6319616480e-03,1.0094146503e-03,2.1956210380e-02,2.9127856318e-05,6.3426668362e-04,2.6285645399e-02
74934,2025-05-12 05:15:00,0.026384,0.508943,0.360360,0.022 1 + -0.001 theta + 0.894 omega + 0.003 theta omega + 0.007 omega^2,0.042 1 + -0.001 theta + -0.207 omega + 0.006 theta omega + 0.009 omega^2,4.2081074939e-02,-1.1901919086e-03,-2.0689751524e-01,-1.7308353141e-06,5.6694727131e-03,9.4650551652e-03
74935,2025-05-12 05:20:00,nan,nan,nan,0.004 1 + -0.001 theta + 0.988 omega + 0.003 theta omega + -0.098 omega^2,0.009 1 + -0.002 theta + -0.023 omega + 0.006 theta omega + -0.202 omega^2,9.0052654334e-03,-1.6888522874e-03,-2.3336283483e-02,4.7800339961e-05,5.9759772655e-03,-2.0236038485e-01
74936,2025-05-12 05:25:00,0.052880,2.844019,2.011372,0.001 1 + 1.003 omega + -0.001 theta omega + -0.008 omega^2,0.002 1 + 0.007 omega + -0.001 theta omega + -0.029 omega^2,1.5802713094e-03,-2.3853476783e-04,7.0548803988e-03,-6.4797465592e-05,-1.1159232003e-03,-2.8560361681e-02
74937,2025-05-12 05:30:00,0.177187,6.208106,4.391581,1.008 omega + 0.003 omega^2,-0.001 1 + -0.001 theta + 0.019 omega + -0.001 theta omega + 0.001 omega^2,-5.8784687527e-04,-6.4295666441e-04,1.8746151841e-02,1.1987501662e-05,-5.9130333504e-04,5.8594442160e-04
74938,2025-05-12 05:35:00,0.044869,6.100898,4.314103,0.002 1 + 0.930 omega + 0.001 theta omega + 0.239 omega^2,0.004 1 + -0.138 omega + 0.002 theta omega + 0.478 omega^2,3.8576879951e-03,3.6216856454e-04,-1.3786563998e-01,-1.4182093690e-05,1.8289214786e-03,4.7760277099e-01
74939,2025-05-12 05:40:00,0.051596,4.349849,3.076024,1.007 omega + -0.001 theta omega,-0.001 1 + 0.018 omega + -0.001 theta omega + -0.016 omega^2,-1.0554790787e-03,1.7737131695e-04,1.7714660827e-02,-2.6549551760e-06,-1.2204646801e-03,-1.5542617704e-02
74940,2025-05-12 05:45:00,0.022727,1.103340,0.780345,-0.001 1 + 1.018 omega + -0.001 theta omega + -0.052 omega^2,-0.003 1 + 0.038 omega + -0.001 theta omega + -0.107 omega^2,-3.1302757075e-03,1.1078947223e-04,3.8146155689e-02,-4.0001456555e-07,-1.0034633794e-03,-1.0685026279e-01
74941,2025-05-12 05:50:00,0.045382,3.245626,2.295228,-0.001 1 + 1.023 omega + -0.053 omega^2,-0.001 1 + 0.050 omega + -0.001 theta omega + -0.108 omega^2,-1.2119744898e-03,-4.3593226616e-05,4.9680944514e-02,2.5221601003e-07,-1.0009196567e-03,-1.0768351739e-01
74942,2025-05-12 05:55:00,0.107273,6.130484,4.335571,1.006 omega + -0.030 omega^2,0.001 1 + 0.014 omega + -0.058 omega^2,6.3815543534e-04,-3.0933383628e-04,1.3567237873e-02,2.5766851145e-05,3.0069596380e-05,-5.7729404701e-02
74943,2025-05-12 06:00:00,0.054479,5.034906,3.560425,-0.005 1 + 1.043 omega + -0.001 theta omega + -0.101 omega^2,-0.010 1 + 0.090 omega + -0.003 theta omega + -0.199 omega^2,-1.0129511160e-02,4.4668340099e-04,9.0479616486e-02,-7.6712536752e-07,-2.5638497591e-03,-1.9943669010e-01
74944,2025-05-12 06:05:00,nan,nan,nan,-0.007 1 + 1.036 omega + -0.002 theta omega + 0.031 omega^2,-0.014 1 + 0.001 theta + 0.071 omega + -0.003 theta omega + 0.066 omega^2,-1.4253626877e-02,5.2378677374e-04,7.0701626908e-02,-3.4132191263e-07,-3.4075774059e-03,6.5815363587e-02
74945,2025-05-12 06:10:00,0.021127,0.538357,0.380969,-0.001 1 + 1.005 omega + -0.001 theta omega + 0.042 omega^2,-0.003 1 + 0.011 omega + -0.001 theta omega + 0.078 omega^2,-2.8245533535e-03,-3.4543012467e-04,1.0673066022e-02,-2.3152468214e-06,-9.9563763679e-04,7.8186732727e-02
74946,2025-05-12 06:15:00,nan,nan,nan,0.005 1 + 0.001 theta + 1.002 omega + 0.001 theta omega + -0.077 omega^2,0.010 1 + 0.002 theta + 0.007 omega + 0.002 theta omega + -0.152 omega^2,9.6829588357e-03,2.0368399449e-03,6.7930680952e-03,9.6959792892e-05,1.9511381096e-03,-1.5162163922e-01
74947,2025-05-12 06:20:00,0.032739,0.796478,0.563671,0.986 omega + 0.001 theta omega + 0.036 omega^2,-0.026 omega + 0.001 theta omega + 0.074 omega^2,-1.0732089200e-04,2.7900058267e-04,-2.5844680331e-02,-1.5898661980e-05,1.1881252399e-03,7.4142163579e-02
74948,2025-05-12 06:25:00,0.069045,4.498267,3.181129,0.001 1 + 1.012 omega + -0.098 omega^2,0.002 1 + -0.001 theta + 0.024 omega + -0.197 omega^2,1.8030784436e-03,-6.2950804891e-04,2.4376032527e-02,3.7012120604e-05,1.5378150613e-04,-1.9672893441e-01
74949,2025-05-12 06:30:00,nan,nan,nan,0.002 1 + -0.001 theta + 1.001 omega + 0.001 theta omega + -0.055 omega^2,0.003 1 + -0.001 theta + 0.002 omega + 0.002 theta omega + -0.113 omega^2,3.0652292104e-03,-1.4464075456e-03,2.2248388278e-03,1.1090535239e-04,2.0808377074e-03,-1.1313774614e-01
74950,2025-05-12 06:35:00,0.275025,17.861596,12.631553,-0.001 1 + 0.999 omega + -0.005 theta omega + 0.025 omega^2,-0.001 1 + -0.001 theta + 0.001 omega + -0.011 theta omega + 0.057 omega^2,-1.1995562709e-03,-9.0454803617e-04,5.7315900671e-04,6.4241914305e-05,-1.0964668800e-02,5.6605547433e-02
74951,2025-05-12 06:40:00,0.059462,4.770774,3.373709,0.002 1 + 1.014 omega + 0.032 omega^2,0.005 1 + 0.035 omega + 0.001 theta omega + 0.077 omega^2,5.2805367445e-03,2.4352838413e-04,3.4553055577e-02,2.1062393744e-06,6.6768965813e-04,7.7232092872e-02
74952,2025-05-12 06:45:00,0.028885,0.860224,0.608613,0.999 omega + 0.003 omega^2,0.001 1 + -0.002 omega + 0.001 theta omega + 0.018 omega^2,7.1776153347e-04,-4.8942442577e-04,-1.5328045119e-03,8.9604699350e-06,5.7444242856e-04,1.7774298614e-02
74953,2025-05-12 06:50:00,0.015930,0.375597,0.265826,-0.001 1 + -0.001 theta + 0.997 omega,-0.003 1 + -0.001 theta + -0.007 omega + -0.001 theta omega + 0.001 omega^2,-2.8396659767e-03,-1.1978980525e-03,-6.5109839153e-03,-5.8935232280e-05,-7.5759057913e-04,1.1103359989e-03
74954,2025-05-12 06:55:00,0.031770,0.692346,0.490077,0.003 1 + -0.001 theta + 0.978 omega + 0.004 theta omega + 0.054 omega^2,0.006 1 + -0.002 theta + -0.044 omega + 0.007 theta omega + 0.104 omega^2,5.7595516890e-03,-1.7805778970e-03,-4.3602362264e-02,5.1102259495e-05,7.0470975404e-03,1.0385626070e-01
74955,2025-05-12 07:00:00,0.038088,2.370841,1.676654,-0.004 1 + 1.051 omega + -0.001 theta omega + -0.121 omega^2,-0.008 1 + 0.107 omega + -0.002 theta omega + -0.249 omega^2,-7.6861301468e-03,7.2198729622e-05,1.0694383101e-01,1.3635780508e-06,-1.5692583242e-03,-2.4942659194e-01
74956,2025-05-12 07:05:00,0.040219,3.189065,2.255188,-0.001 1 + 1.019 omega + -0.002 theta omega + -0.046 omega^2,-0.002 1 + 0.041 omega + -0.004 theta omega + -0.090 omega^2,-1.8312869932e-03,2.9678636620e-04,4.0771953881e-02,-1.0220776266e-05,-3.6837099078e-03,-9.0283670523e-02
74957,2025-05-12 07:10:00,0.093156,6.490622,4.590035,-0.003 1 + 1.019 omega + -0.001 theta omega + -0.015 omega^2,-0.007 1 + 0.042 omega + -0.001 theta omega + -0.038 omega^2,-6.5773461520e-03,3.9796540155e-04,4.2087624901e-02,-3.1372551452e-06,-1.1150620677e-03,-3.8399784622e-02
74958,2025-05-12 07:15:00,0.065416,4.504092,3.185210,0.007 1 + 0.949 omega + 0.001 theta omega + 0.081 omega^2,0.013 1 + -0.001 theta + -0.102 omega + 0.003 theta omega + 0.163 omega^2,1.3327199928e-02,-6.2368706999e-04,-1.0176906592e-01,3.4441207078e-06,2.9373265194e-03,1.6297359438e-01
74959,2025-05-12 07:20:00,0.014690,0.890590,0.629828,0.002 1 + 1.010 omega + -0.066 omega^2,0.005 1 + -0.001 theta + 0.021 omega + -0.133 omega^2,4.7213246270e-03,-5.9007577146e-04,2.0583399469e-02,1.5950002879e-05,-1.9437886354e-04,-1.3271751584e-01
74960,2025-05-12 07:25:00,0.054929,7.851827,5.552216,-0.012 1 + 1.124 omega + -0.001 theta omega + -0.268 omega^2,-0.024 1 + 0.257 omega + -0.003 theta omega + -0.558 omega^2,-2.3853620903e-02,1.4976300049e-04,2.5703765158e-01,4.7352066955e-06,-2.5029172011e-03,-5.5825601985e-01
74961,2025-05-12 07:30:00,0.114703,5.253196,3.715456,0.004 1 + -0.001 theta + 0.989 omega + 0.001 theta omega + -0.041 omega^2,0.008 1 + -0.002 theta + -0.020 omega + 0.002 theta omega + -0.085 omega^2,8.4290710546e-03,-1.5633627189e-03,-2.0001654078e-02,6.1359923656e-05,1.9217697202e-03,-8.5422020553e-02
74962,2025-05-12 07:35:00,0.076152,2.800716,1.981137,-0.001 1 + 0.978 omega + -0.002 theta omega + -0.069 omega^2,-0.002 1 + -0.044 omega + -0.004 theta omega + -0.132 omega^2,-2.3258845347e-03,3.0214297808e-04,-4.3752809816e-02,8.5103113761e-05,-4.4969057545e-03,-1.3163071743e-01
74963,2025-05-12 07:40:00,nan,nan,nan,-0.001 1 + 1.009 omega + 0.002 theta omega + -0.071 omega^2,-0.001 1 + -0.001 theta + 0.018 omega + 0.003 theta omega + -0.139 omega^2,-1.3572164087e-03,-7.8206782763e-04,1.7996734805e-02,8.6052813191e-05,3.0789419013e-03,-1.3861960040e-01
74964,2025-05-12 07:45:00,0.012621,0.540971,0.382629,0.001 1 + 1.000 omega + -0.001 theta omega + 0.072 omega^2,0.001 1 + 0.001 omega + -0.003 theta omega + 0.145 omega^2,1.1986114863e-03,-1.0276368043e-04,6.8816747246e-04,9.4475596459e-06,-2.5731057937e-03,1.4497747926e-01
74965,2025-05-12 07:50:00,0.068035,4.579246,3.238373,1.003 omega + -0.001 theta omega + 0.003 omega^2,0.009 omega + -0.001 theta omega,-7.7438629684e-05,3.8659896198e-05,9.1771223258e-03,-2.0263444580e-06,-1.0966531434e-03,2.1299923049e-05
74966,2025-05-12 07:55:00,nan,nan,nan,0.008 1 + 0.943 omega + 0.002 theta omega + 0.088 omega^2,0.015 1 + -0.001 theta + -0.115 omega + 0.004 theta omega + 0.185 omega^2,1.5468715979e-02,-8.3345096172e-04,-1.1516046362e-01,7.6413503687e-06,3.6562080877e-03,1.8548819422e-01
74967,2025-05-12 08:00:00,0.019464,0.967669,0.684384,-0.003 1 + 1.048 omega + -0.125 omega^2,-0.008 1 + 0.103 omega + -0.269 omega^2,-7.7077063452e-03,-7.3489596255e-05,1.0335352873e-01,1.8190295853e-06,-3.4851427648e-04,-2.6910385600e-01
74968,2025-05-12 08:05:00,0.048967,2.932819,2.074105,-0.003 1 + 1.024 omega + -0.001 theta omega + -0.071 omega^2,-0.007 1 + 0.001 theta + 0.052 omega + -0.002 theta omega + -0.151 omega^2,-6.5782316465e-03,7.0108233036e-04,5.1543685077e-02,-1.7338110750e-05,-1.8278439230e-03,-1.5086010726e-01
74969,2025-05-12 08:10:00,0.045816,1.155739,0.817873,1.009 omega + 0.001 theta omega + 0.008 omega^2,0.001 1 + 0.001 theta + 0.023 omega + 0.003 theta omega + 0.027 omega^2,8.7708384834e-04,5.1354818802e-04,2.3327180452e-02,3.2889985651e-05,2.5925586008e-03,2.7387191162e-02
74970,2025-05-12 08:15:00,0.094237,3.005580,2.126310,-0.002 1 + 0.997 omega + 0.065 omega^2,-0.004 1 + -0.007 omega + 0.131 omega^2,-3.8589878556e-03,4.3755124234e-04,-6.6223716953e-03,1.0010535294e-04,-2.0169167951e-04,1.3137149020e-01
74971,2025-05-12 08:20:00,nan,nan,nan,-0.001 theta + 1.013 omega + -0.006 theta omega + 0.072 omega^2,0.001 1 + -0.001 theta + 0.027 omega + -0.012 theta omega + 0.152 omega^2,5.7387214143e-04,-1.1210461433e-03,2.6766696534e-02,2.1148940915e-05,-1.1536410432e-02,1.5174636586e-01
74972,2025-05-12 08:25:00,nan,nan,nan,0.014 1 + 0.001 theta + 1.088 omega + 0.003 theta omega + 0.059 omega^2,0.028 1 + 0.001 theta + 0.174 omega + 0.006 theta omega + 0.108 omega^2,2.8260069720e-02,1.3441124499e-03,1.7385039884e-01,9.5531443592e-06,5.6252199541e-03,1.0828887237e-01
74973,2025-05-12 08:30:00,0.073876,10.302026,7.284820,0.006 1 + 1.069 omega + 0.002 theta omega + 0.151 omega^2,0.013 1 + 0.143 omega + 0.003 theta omega + 0.307 omega^2,1.2640066418e-02,2.7973781950e-04,1.4291683259e-01,-6.5794433409e-06,3.3890761985e-03,3.0696812697e-01
74974,2025-05-12 08:35:00,0.030832,1.161631,0.821687,-0.033 1 + -0.002 theta + 0.831 omega + -0.005 theta omega + -0.136 omega^2,-0.064 1 + -0.003 theta + -0.329 omega + -0.009 theta omega + -0.259 omega^2,-6.4403067374e-02,-3.1337100266e-03,-3.2906629089e-01,-3.4000135695e-05,-9.4221652476e-03,-2.5860899049e-01
74975,2025-05-12 08:40:00,nan,nan,nan,-0.004 1 + -0.001 theta + 0.979 omega + -0.004 theta omega + 0.003 omega^2,-0.008 1 + -0.001 theta + -0.041 omega + -0.007 theta omega + 0.008 omega^2,-7.5021211611e-03,-1.4577517458e-03,-4.0758658983e-02,-1.6315051813e-05,-7.4738467742e-03,8.0547470018e-03
74976,2025-05-12 08:45:00,0.019516,0.385461,0.272911,-0.003 1 + 0.982 omega + -0.001 theta omega + -0.004 omega^2,-0.006 1 + -0.036 omega + -0.001 theta omega + -0.019 omega^2,-5.6069427474e-03,-1.6553169645e-04,-3.5913124584e-02,3.1744868234e-06,-1.0370793286e-03,-1.9110664851e-02
74977,2025-05-12 08:50:00,0.043784,2.172946,1.536817,-0.002 1 + 1.031 omega + -0.001 theta omega + -0.068 omega^2,-0.005 1 + 0.064 omega + -0.002 theta omega + -0.137 omega^2,-4.9845888244e-03,3.6433909347e-04,6.3703571306e-02,-6.1526126145e-06,-1.9470625675e-03,-1.3703802111e-01
74978,2025-05-12 08:55:00,0.224075,8.687486,6.145023,-0.002 1 + -0.001 theta + 0.996 omega + -0.002 theta omega + 0.049 omega^2,-0.003 1 + -0.001 theta + -0.007 omega + -0.004 theta omega + 0.096 omega^2,-3.4420199178e-03,-1.1885861845e-03,-6.7748032434e-03,-6.3409936675e-05,-3.9568728477e-03,9.6420650038e-02
74979,2025-05-12 09:00:00,nan,nan,nan,-0.003 1 + -0.001 theta + 1.005 omega + 0.001 theta omega + 0.129 omega^2,-0.007 1 + -0.001 theta + 0.010 omega + 0.002 theta omega + 0.261 omega^2,-6.8638088539e-03,-1.0640177491e-03,1.0108496047e-02,3.9823947516e-05,1.7493583950e-03,2.6125811683e-01
74980,2025-05-12 09:05:00,0.144411,9.087103,6.426364,0.007 1 + -0.001 theta + 0.962 omega + 0.005 theta omega + -0.033 omega^2,0.013 1 + -0.002 theta + -0.074 omega + 0.010 theta omega + -0.067 omega^2,1.3425541098e-02,-1.6547758226e-03,-7.4265305622e-02,-1.4025278112e-06,1.0033482475e-02,-6.7315858644e-02
74981,2025-05-12 09:10:00,0.020578,2.395655,1.694046,-0.003 1 + 1.029 omega + -0.001 theta omega + -0.059 omega^2,-0.007 1 + 0.061 omega + -0.001 theta omega + -0.122 omega^2,-6.8012566123e-03,1.9935718197e-04,6.0703624893e-02,2.3073541559e-06,-1.4473793319e-03,-1.2248488532e-01
74982,2025-05-12 09:15:00,nan,nan,nan,-0.033 1 + 0.001 theta + 1.186 omega + -0.003 theta omega + -0.211 omega^2,-0.069 1 + 0.002 theta + 0.389 omega + -0.007 theta omega + -0.450 omega^2,-6.8523653279e-02,2.0763345254e-03,3.8897068964e-01,-1.3330366126e-05,-7.0446090447e-03,-4.4951478134e-01
74983,2025-05-12 09:20:00,nan,nan,nan,0.998 omega + 0.003 theta omega + -0.210 omega^2,0.001 1 + -0.001 theta + -0.004 omega + 0.006 theta omega + -0.429 omega^2,8.6201476536e-04,-7.1653618275e-04,-3.5386076090e-03,-1.2842053716e-04,6.2479705823e-03,-4.2889978743e-01
74984,2025-05-12 09:25:00,0.049109,7.214800,5.101752,1.006 omega + -0.002 theta omega + 0.043 omega^2,0.017 omega + -0.003 theta omega + 0.064 omega^2,-5.2257450642e-05,-2.2582661750e-05,1.7056450001e-02,1.1798093829e-05,-3.2554685702e-03,6.3896394812e-02
74985,2025-05-12 09:30:00,0.018839,0.642742,0.454682,0.002 1 + 0.966 omega + 0.154 omega^2,0.003 1 + -0.065 omega + 0.001 theta omega + 0.305 omega^2,3.1583771345e-03,7.6575736772e-05,-6.5127637255e-02,-8.4745218042e-06,7.6355675112e-04,3.0523707217e-01
74986,2025-05-12 09:35:00,0.666319,9.040904,6.410223,-0.001 1 + 0.997 omega + 0.001 theta omega + -0.057 omega^2,-0.001 1 + -0.001 theta + -0.004 omega + 0.002 theta omega + -0.114 omega^2,-1.1166499535e-03,-7.2077360430e-04,-4.1623203170e-03,-7.3028663993e-05,2.3094895053e-03,-1.1428519150e-01
74987,2025-05-12 09:40:00,nan,nan,nan,-0.005 1 + 0.003 theta + 1.039 omega + -0.010 theta omega + 0.024 omega^2,-0.010 1 + 0.006 theta + 0.082 omega + -0.001 theta^2 + -0.021 theta omega + 0.060 omega^2,-9.6164026272e-03,6.0566313296e-03,8.1766935624e-02,-8.6306230862e-04,-2.0609636185e-02,5.9951834816e-02
74988,2025-05-12 09:45:00,0.080223,3.615807,2.557391,0.001 1 + 1.005 omega + 0.001 theta omega + 0.037 omega^2,0.001 1 + 0.001 theta + 0.009 omega + 0.001 theta omega + 0.067 omega^2,1.1928042641e-03,7.7681420567e-04,9.4203433645e-03,7.6161255598e-05,1.0363187920e-03,6.6738245210e-02
74989,2025-05-12 09:50:00,0.026748,0.714006,0.505232,1.004 omega + -0.048 omega^2,-0.001 1 + 0.019 omega + -0.124 omega^2,-1.0220302424e-03,-2.0827723289e-05,1.8627356142e-02,5.9886146329e-07,3.1573356299e-04,-1.2393386567e-01
74990,2025-05-12 09:55:00,0.032559,2.748622,1.943705,-0.001 1 + 1.002 omega + 0.015 omega^2,-0.001 1 + 0.009 omega + -0.001 theta omega + 0.009 omega^2,-1.4266996364e-03,2.7797894454e-04,9.1221346395e-03,-1.2201057678e-05,-9.7835148744e-04,9.4018105895e-03
74991,2025-05-12 10:00:00,0.045718,4.357939,3.081698,-0.004 1 + 1.062 omega + -0.003 theta omega + -0.166 omega^2,-0.010 1 + 0.001 theta + 0.137 omega + -0.007 theta omega + -0.369 omega^2,-9.6683437534e-03,1.0120117058e-03,1.3692050741e-01,-2.5440017637e-05,-7.3292683672e-03,-3.6926995876e-01
74992,2025-05-12 10:05:00,nan,nan,nan,1.000 omega + 0.032 omega^2,0.002 omega + -0.001 theta omega + 0.080 omega^2,-1.7161253073e-04,-4.5769868319e-04,1.6860125725e-03,6.3993781379e-05,-6.5162277452e-04,7.9681539605e-02
74993,2025-05-12 10:10:00,0.071965,3.420303,2.419055,0.001 1 + 0.989 omega + 0.001 theta omega + 0.012 omega^2,0.001 1 + -0.020 omega + 0.002 theta omega + 0.030 omega^2,1.1496196841e-03,-1.3180198798e-04,-2.0416109213e-02,-3.5985454128e-06,1.7388746965e-03,3.0359829811e-02
74994,2025-05-12 10:15:00,0.014808,0.758938,0.536752,1.017 omega + 0.001 theta omega + 0.058 omega^2,0.039 omega + 0.002 theta omega + 0.122 omega^2,4.7351236472e-04,-4.8524043731e-05,3.9308247364e-02,-9.4584941281e-07,1.6716458640e-03,1.2175961045e-01
74995,2025-05-12 10:20:00,0.093556,6.210364,4.391889,1.007 omega + -0.007 omega^2,-0.001 theta + 0.016 omega + 0.006 omega^2,2.4348185308e-04,-5.9297089847e-04,1.5815722081e-02,4.8741238820e-05,7.9797919673e-05,6.1281247278e-03
74996,2025-05-12 10:25:00,0.021435,0.566457,0.400832,0.001 1 + 1.004 omega + -0.001 theta omega + -0.083 omega^2,0.002 1 + 0.009 omega + -0.003 theta omega + -0.178 omega^2,1.8041335158e-03,-2.1127624418e-04,8.6284537561e-03,-4.2397743661e-05,-2.7498532788e-03,-1.7836257535e-01
74997,2025-05-12 10:30:00,nan,nan,nan,0.001 1 + -0.001 theta + 1.007 omega + -0.002 theta omega + -0.157 omega^2,0.002 1 + -0.002 theta + 0.017 omega + -0.005 theta omega + -0.308 omega^2,1.7215576651e-03,-1.6473797819e-03,1.7073328219e-02,3.6692872220e-04,-4.7909175934e-03,-3.0815762500e-01
74998,2025-05-12 10:35:00,nan,nan,nan,-0.001 1 + -0.001 theta + 1.011 omega + 0.004 theta omega + -0.114 omega^2,-0.001 1 + -0.002 theta + 0.025 omega + 0.009 theta omega + -0.204 omega^2,-1.4475144359e-03,-1.8707713278e-03,2.4795843906e-02,-2.5975169113e-04,8.7615733654e-03,-2.0394918400e-01
74999,2025-05-12 10:40:00,0.036546,2.982279,2.108948,0.001 1 + 1.014 omega + 0.001 theta omega + 0.003 omega^2,0.002 1 + 0.033 omega + 0.003 theta omega + 0.018 omega^2,2.0772989802e-03,2.4802675864e-04,3.3153776152e-02,1.4559183477e-06,2.6715733982e-03,1.7762308721e-02
