Chunk_Index,Chunk_Start_Time,Sim_RMSE_Omega,Sim_RMSE_Theta,Sim_RMSE_Total,Eq_Theta,Eq_Omega,Coeff_Const,Coeff_Theta,Coeff_Omega,Coeff_Theta2,Coeff_ThetaOmega,Coeff_Omega2
5000,2024-09-01 11:25:00,0.032180,1.223248,0.865266,-0.001 1 + 1.002 omega + -0.005 omega^2,-0.002 1 + 0.005 omega + 0.001 theta omega + -0.009 omega^2,-1.5296220003e-03,-2.1178184341e-04,5.0510834820e-03,-6.7740981554e-06,5.6320426599e-04,-9.2427706459e-03
5001,2024-09-01 11:30:00,0.043411,3.041026,2.150549,0.999 omega + -0.001 theta omega + 0.017 omega^2,-0.001 omega + -0.001 theta omega + 0.032 omega^2,2.8857331172e-04,4.4698782943e-06,-1.3949020804e-03,2.6372561464e-05,-1.3430103745e-03,3.1547266000e-02
5002,2024-09-01 11:35:00,0.097937,10.637305,7.522029,-0.001 1 + 1.004 omega + -0.001 theta omega + 0.042 omega^2,-0.003 1 + 0.009 omega + -0.001 theta omega + 0.086 omega^2,-3.1357467792e-03,1.9982463996e-04,9.0127822092e-03,-1.3263508050e-06,-1.0760191245e-03,8.6228981046e-02
5003,2024-09-01 11:40:00,0.018763,2.399817,1.696979,-0.005 1 + 1.090 omega + -0.356 omega^2,-0.010 1 + 0.190 omega + -0.744 omega^2,-1.0477416562e-02,-9.8493664588e-05,1.8952839881e-01,2.2405780945e-06,-2.0282114684e-04,-7.4378802544e-01
5004,2024-09-01 11:45:00,0.010526,0.277397,0.196290,0.001 1 + 0.985 omega + 0.060 omega^2,0.001 1 + -0.021 omega + 0.101 omega^2,8.0848810955e-04,5.3704062725e-05,-2.0848829166e-02,-2.2388221869e-06,9.7014847545e-06,1.0149839215e-01
5005,2024-09-01 11:50:00,0.013090,1.307803,0.924803,0.001 1 + 1.047 omega + -0.001 theta omega + 0.257 omega^2,0.002 1 + 0.096 omega + -0.002 theta omega + 0.523 omega^2,1.9255541970e-03,-3.5205512000e-04,9.5905427050e-02,-2.1570732146e-07,-2.1382972656e-03,5.2256042312e-01
5006,2024-09-01 11:55:00,0.011948,1.053895,0.745264,-0.012 1 + 0.887 omega + -0.001 theta omega + -0.258 omega^2,-0.022 1 + -0.219 omega + -0.002 theta omega + -0.503 omega^2,-2.2416668110e-02,-3.1413313605e-04,-2.1931363732e-01,-8.8189794892e-07,-1.7012127321e-03,-5.0339352148e-01
5007,2024-09-01 12:00:00,0.036221,1.577903,1.116040,0.003 1 + 1.020 omega + 0.001 theta omega + 0.060 omega^2,0.006 1 + 0.001 theta + 0.043 omega + 0.002 theta omega + 0.123 omega^2,5.6122351246e-03,8.0912330104e-04,4.2586204762e-02,2.7200768591e-05,1.8669264315e-03,1.2265235972e-01
5008,2024-09-01 12:05:00,0.041482,1.758300,1.243652,0.001 1 + 0.989 omega + 0.039 omega^2,0.002 1 + -0.020 omega + 0.079 omega^2,2.0649698335e-03,-1.1464159299e-04,-2.0051621096e-02,2.9639086804e-07,3.4850552541e-04,7.8839313936e-02
5009,2024-09-01 12:10:00,0.064147,7.708931,5.451226,-0.001 1 + 1.001 omega + -0.002 theta omega + 0.121 omega^2,-0.001 1 + -0.004 theta omega + 0.252 omega^2,-1.3025245814e-03,2.2677884441e-04,2.1235611383e-05,9.7673476216e-06,-4.0872296032e-03,2.5249455082e-01
5010,2024-09-01 12:15:00,0.027997,1.148829,0.812586,-0.001 1 + 0.993 omega + 0.021 omega^2,-0.002 1 + -0.014 omega + 0.001 theta omega + 0.044 omega^2,-1.5310806924e-03,2.0717875762e-04,-1.3634803148e-02,-1.0205879583e-05,7.7937280652e-04,4.4122813189e-02
5011,2024-09-01 12:20:00,0.013019,0.325900,0.230630,0.001 1 + 1.005 omega + 0.003 omega^2,0.003 1 + 0.012 omega + 0.001 theta omega + -0.007 omega^2,2.9261905884e-03,4.2433344093e-04,1.2069866424e-02,1.8393397430e-05,6.9982876859e-04,-7.3529358229e-03
5012,2024-09-01 12:25:00,0.025556,1.260918,0.891787,0.001 1 + 1.003 omega + -0.044 omega^2,0.002 1 + 0.005 omega + -0.091 omega^2,1.8985918429e-03,4.5010586146e-05,5.1592976926e-03,-1.7369478130e-05,-4.4930961579e-04,-9.0952544641e-02
5013,2024-09-01 12:30:00,0.021675,0.874561,0.618598,-0.004 1 + 0.986 omega + -0.012 omega^2,-0.008 1 + -0.001 theta + -0.031 omega + -0.001 theta omega + -0.031 omega^2,-7.8825192685e-03,-6.3912769863e-04,-3.0667139146e-02,-9.4788522406e-06,-1.0499085760e-03,-3.1418385766e-02
5014,2024-09-01 12:35:00,0.016243,0.448965,0.317674,0.016 1 + 0.921 omega + 0.003 theta omega + -0.086 omega^2,0.032 1 + -0.001 theta + -0.155 omega + 0.006 theta omega + -0.178 omega^2,3.2146199724e-02,-5.0738112570e-04,-1.5501736734e-01,-2.8883065794e-05,5.8706402911e-03,-1.7837443137e-01
5015,2024-09-01 12:40:00,nan,nan,nan,0.001 1 + 0.001 theta + 1.005 omega + 0.002 theta omega + 0.038 omega^2,0.001 1 + 0.002 theta + 0.011 omega + 0.004 theta omega + 0.065 omega^2,1.1006243987e-03,1.8643716279e-03,1.1415597957e-02,4.4900551108e-04,3.6041900889e-03,6.4980818084e-02
5016,2024-09-01 12:45:00,0.042305,3.235497,2.288037,0.001 1 + -0.001 theta + 0.998 omega + 0.002 theta omega + -0.255 omega^2,0.002 1 + -0.001 theta + -0.003 omega + 0.004 theta omega + -0.509 omega^2,1.8297022838e-03,-1.4056522592e-03,-2.9926724465e-03,-2.9065178168e-04,3.9773341972e-03,-5.0878291688e-01
5017,2024-09-01 12:50:00,0.014370,0.461093,0.326200,-0.006 1 + 1.064 omega + -0.001 theta omega + -0.152 omega^2,-0.011 1 + 0.126 omega + -0.001 theta omega + -0.295 omega^2,-1.1286517511e-02,2.1620769150e-05,1.2643448185e-01,2.9279901648e-06,-1.0894862926e-03,-2.9459428309e-01
5018,2024-09-01 12:55:00,0.033550,5.774981,4.083597,-0.001 1 + 0.980 omega + -0.002 theta omega + 0.190 omega^2,-0.002 1 + 0.001 theta + -0.045 omega + -0.004 theta omega + 0.403 omega^2,-2.3461634803e-03,5.9700041063e-04,-4.4816903953e-02,-3.4599156296e-06,-3.7862153026e-03,4.0325771467e-01
5019,2024-09-01 13:00:00,0.023638,0.742393,0.525217,1.031 omega + 0.172 omega^2,-0.001 1 + -0.001 theta + 0.062 omega + 0.334 omega^2,-5.8803060153e-04,-5.1673128110e-04,6.1972931503e-02,-1.4952228299e-05,-2.9596393889e-04,3.3417932422e-01
5020,2024-09-01 13:05:00,0.039016,1.322702,0.935699,0.001 1 + 0.997 omega + 0.001 theta omega + -0.039 omega^2,0.002 1 + -0.005 omega + 0.002 theta omega + -0.078 omega^2,2.2084429121e-03,-3.9667652346e-04,-5.3305737672e-03,7.9624504443e-06,1.6818779590e-03,-7.7916910320e-02
5021,2024-09-01 13:10:00,nan,nan,nan,0.001 1 + -0.001 theta + 0.998 omega + 0.007 theta omega + -0.115 omega^2,0.002 1 + -0.002 theta + -0.003 omega + 0.013 theta omega + -0.231 omega^2,1.9964245298e-03,-1.5279126825e-03,-2.9637300811e-03,7.3677795491e-05,1.3314862568e-02,-2.3089324106e-01
5022,2024-09-01 13:15:00,0.091641,2.589455,1.832167,0.001 1 + 0.001 theta + 0.979 omega + -0.005 theta omega + -0.189 omega^2,0.002 1 + 0.002 theta + -0.044 omega + -0.010 theta omega + -0.382 omega^2,2.2388657653e-03,2.2913029550e-03,-4.4208463956e-02,4.2893172130e-04,-9.5953418920e-03,-3.8233438924e-01
5023,2024-09-01 13:20:00,0.048349,1.588987,1.124104,0.001 1 + 1.006 omega + -0.002 theta omega + 0.035 omega^2,0.001 1 + -0.001 theta + 0.013 omega + -0.004 theta omega + 0.067 omega^2,1.0586000527e-03,-5.2596303578e-04,1.2852700736e-02,-1.5791711302e-04,-3.7484207441e-03,6.7320381102e-02
5024,2024-09-01 13:25:00,0.066358,6.010389,4.250246,1.006 omega + -0.002 theta omega + 0.074 omega^2,0.012 omega + -0.003 theta omega + 0.141 omega^2,-8.2422783644e-05,-4.7710605708e-04,1.2339644223e-02,5.6620904081e-05,-3.2618590098e-03,1.4119432022e-01
5025,2024-09-01 13:30:00,0.130656,4.381215,3.099364,1.013 omega + 0.001 theta omega + 0.058 omega^2,-0.001 1 + 0.027 omega + 0.001 theta omega + 0.115 omega^2,-7.1229741714e-04,-2.4277829484e-04,2.7070800414e-02,-5.6086289789e-06,1.0017795741e-03,1.1522240675e-01
5026,2024-09-01 13:35:00,0.187798,7.188198,5.084558,0.999 omega + -0.039 omega^2,0.001 1 + -0.001 theta + -0.001 omega + -0.074 omega^2,8.6876423601e-04,-5.6676075416e-04,-6.3462190457e-04,8.6933671065e-05,1.2669861916e-04,-7.3548039741e-02
5027,2024-09-01 13:40:00,nan,nan,nan,0.997 omega + 0.001 theta omega + -0.087 omega^2,0.001 1 + 0.001 theta + -0.007 omega + 0.003 theta omega + -0.171 omega^2,5.8795148142e-04,9.8867269830e-04,-7.1100266980e-03,-2.9946279347e-04,2.8629194079e-03,-1.7131810932e-01
5028,2024-09-01 13:45:00,0.024670,0.670899,0.474718,0.001 1 + 0.990 omega + 0.038 omega^2,0.003 1 + -0.018 omega + 0.072 omega^2,2.7093407896e-03,-2.1498716099e-04,-1.8048010243e-02,1.5616440194e-06,3.2889309386e-04,7.1633798922e-02
5029,2024-09-01 13:50:00,nan,nan,nan,-0.004 1 + -0.001 theta + 0.939 omega + -0.008 theta omega + -0.076 omega^2,-0.008 1 + -0.001 theta + -0.113 omega + -0.015 theta omega + -0.143 omega^2,-7.5068678433e-03,-1.3354454178e-03,-1.1261003082e-01,-3.9370452023e-05,-1.4793546804e-02,-1.4263795944e-01
5030,2024-09-01 13:55:00,0.009961,0.506012,0.357874,1.001 omega + -0.001 theta omega + 0.032 omega^2,0.002 omega + -0.001 theta omega + 0.073 omega^2,-3.6611853297e-05,-2.5987387439e-04,1.6531707945e-03,2.0187850086e-05,-1.1366501303e-03,7.3013266349e-02
5031,2024-09-01 14:00:00,0.067855,2.666974,1.886446,-0.001 1 + 1.008 omega + 0.003 theta omega + 0.121 omega^2,-0.001 1 + 0.001 theta + 0.018 omega + 0.005 theta omega + 0.266 omega^2,-1.3039767959e-03,5.0634809054e-04,1.8131922229e-02,1.7869873072e-04,5.3778936792e-03,2.6604612078e-01
5032,2024-09-01 14:05:00,0.058140,4.727193,3.342883,1.004 omega + -0.001 theta omega + 0.010 omega^2,0.012 omega + -0.002 theta omega,-2.7411479406e-04,8.4212658184e-05,1.2167900495e-02,-4.9217747600e-06,-1.5275616921e-03,7.1307015966e-05
5033,2024-09-01 14:10:00,0.046957,5.594545,3.956080,-0.001 1 + 1.074 omega + -0.464 omega^2,-0.002 1 + -0.001 theta + 0.147 omega + -0.911 omega^2,-1.8909234460e-03,-7.4939301287e-04,1.4747647181e-01,3.1343025478e-05,3.2672476545e-04,-9.1087670572e-01
5034,2024-09-01 14:15:00,0.029017,2.598000,1.837178,-0.008 1 + 1.120 omega + -0.001 theta omega + -0.395 omega^2,-0.016 1 + 0.236 omega + -0.001 theta omega + -0.775 omega^2,-1.6300102765e-02,7.8159972709e-06,2.3625325803e-01,3.8941705401e-06,-1.2421411878e-03,-7.7485094717e-01
5035,2024-09-01 14:20:00,0.042561,3.024307,2.138720,-0.004 1 + 1.024 omega + -0.001 theta omega + -0.049 omega^2,-0.008 1 + 0.001 theta + 0.050 omega + -0.003 theta omega + -0.104 omega^2,-7.5533667873e-03,8.7820021638e-04,4.9887915083e-02,-2.2858423534e-05,-2.6317095342e-03,-1.0408702467e-01
5036,2024-09-01 14:25:00,0.150999,5.534491,3.914932,0.996 omega + 0.001 theta omega + 0.005 omega^2,-0.001 1 + -0.008 omega + 0.002 theta omega + -0.019 omega^2,-5.0141106141e-04,2.5682387868e-04,-7.6916983588e-03,-3.0491824651e-05,2.3417885449e-03,-1.9134138155e-02
5037,2024-09-01 14:30:00,0.048325,6.193214,4.379397,0.991 omega + -0.001 theta omega + 0.065 omega^2,-0.014 omega + -0.001 theta omega + 0.118 omega^2,-2.7019661014e-05,1.6725791521e-04,-1.4460875768e-02,2.6288428376e-06,-1.4113132397e-03,1.1770854635e-01
5038,2024-09-01 14:35:00,0.024616,3.824265,2.704220,0.013 1 + 0.862 omega + 0.338 omega^2,0.027 1 + -0.286 omega + 0.699 omega^2,2.6982819390e-02,1.0839101962e-04,-2.8633441823e-01,-1.9773518677e-06,9.4177414936e-05,6.9938372796e-01
5039,2024-09-01 14:40:00,0.024534,1.085224,0.767566,-0.001 1 + 0.987 omega + 0.057 omega^2,-0.002 1 + -0.027 omega + 0.117 omega^2,-1.6185009153e-03,2.2388377238e-04,-2.7016002660e-02,-4.6921857095e-06,4.2937060503e-04,1.1740654892e-01
5040,2024-09-01 14:45:00,0.080139,8.669143,6.130271,1.005 omega + -0.001 theta omega + 0.003 omega^2,0.010 omega + -0.002 theta omega + 0.012 omega^2,1.5083948930e-04,-1.4287817847e-04,1.0174944941e-02,1.8396019839e-05,-1.8289367749e-03,1.2212284317e-02
5041,2024-09-01 14:50:00,0.092001,9.234931,6.530407,-0.001 1 + 0.990 omega + 0.001 theta omega + -0.123 omega^2,-0.001 1 + -0.019 omega + 0.002 theta omega + -0.244 omega^2,-1.0989925920e-03,-7.3495768519e-06,-1.9098312716e-02,-4.7209826540e-07,1.5598531163e-03,-2.4391868477e-01
5042,2024-09-01 14:55:00,nan,nan,nan,0.005 1 + 1.031 omega + 0.001 theta omega + -0.012 omega^2,0.011 1 + 0.072 omega + 0.003 theta omega + -0.017 omega^2,1.1220095520e-02,4.0376098163e-04,7.1572377985e-02,2.6762229833e-06,2.6864475816e-03,-1.7171449008e-02
5043,2024-09-01 15:00:00,0.010783,0.358590,0.253676,0.001 1 + 1.008 omega + 0.001 theta omega + -0.068 omega^2,0.001 1 + 0.015 omega + 0.001 theta omega + -0.134 omega^2,1.1848337473e-03,-1.8356017164e-04,1.4916861833e-02,7.4102262292e-06,1.4864423493e-03,-1.3369524479e-01
5044,2024-09-01 15:05:00,0.055695,1.525750,1.079587,0.004 1 + 0.983 omega + -0.017 omega^2,0.007 1 + -0.027 omega + 0.001 theta omega + -0.043 omega^2,7.4337438660e-03,-1.4359903116e-04,-2.7346044861e-02,-2.7514876394e-06,8.3217301366e-04,-4.2809880906e-02
5045,2024-09-01 15:10:00,0.116069,6.851515,4.845448,1.000 omega + -0.019 omega^2,0.001 omega + -0.037 omega^2,-3.6900509327e-04,-2.6395659200e-04,1.0816077821e-03,-7.2700194138e-06,-4.1333213099e-04,-3.6726396738e-02
5046,2024-09-01 15:15:00,0.026819,1.647951,1.165432,0.973 omega + 0.001 theta omega + -0.207 omega^2,-0.049 omega + 0.002 theta omega + -0.390 omega^2,-3.8138908625e-04,3.5298138188e-04,-4.9118512180e-02,5.0636787709e-06,2.0421999717e-03,-3.8950092899e-01
5047,2024-09-01 15:20:00,0.037564,1.839734,1.301160,0.002 1 + 1.028 omega + 0.001 theta omega + 0.042 omega^2,0.005 1 + 0.058 omega + 0.001 theta omega + 0.092 omega^2,4.7364894812e-03,-1.2403265884e-05,5.8255288816e-02,-3.7759345312e-06,1.1964987717e-03,9.1873812816e-02
5048,2024-09-01 15:25:00,nan,nan,nan,-0.007 1 + 0.933 omega + -0.002 theta omega + -0.151 omega^2,-0.013 1 + -0.001 theta + -0.136 omega + -0.004 theta omega + -0.310 omega^2,-1.3258708019e-02,-6.2836726820e-04,-1.3552727505e-01,-1.4893253824e-06,-4.2470408225e-03,-3.0968038123e-01
5049,2024-09-01 15:30:00,0.133882,7.155975,5.060924,-0.001 theta + 1.013 omega + 0.001 theta omega + -0.051 omega^2,-0.001 theta + 0.028 omega + 0.001 theta omega + -0.091 omega^2,1.9077568460e-04,-1.4626002316e-03,2.8269282826e-02,-1.0367586056e-04,1.3171180418e-03,-9.0766921708e-02
5050,2024-09-01 15:35:00,0.033602,3.071534,2.172032,0.001 1 + 0.991 omega + -0.067 omega^2,0.003 1 + -0.009 omega + 0.001 theta omega + -0.113 omega^2,3.3683850223e-03,3.7383515172e-04,-8.8262821107e-03,9.6532630794e-06,5.8308938892e-04,-1.1296945924e-01
5051,2024-09-01 15:40:00,0.042688,1.610349,1.139089,1.002 omega + -0.048 omega^2,-0.001 theta + 0.005 omega + 0.001 theta omega + -0.091 omega^2,9.5920104638e-05,-8.0514560873e-04,4.7058041899e-03,9.0535559241e-05,6.4218347919e-04,-9.1478032249e-02
5052,2024-09-01 15:45:00,0.040971,1.184020,0.837730,-0.001 1 + 0.996 omega + -0.022 omega^2,-0.001 1 + -0.005 omega + -0.034 omega^2,-1.2367614412e-03,1.6747446149e-05,-5.2245578465e-03,2.5583644526e-06,2.9946111558e-04,-3.4216862071e-02
5053,2024-09-01 15:50:00,0.101582,8.517330,6.023090,-0.001 1 + 1.010 omega + 0.061 omega^2,-0.002 1 + 0.022 omega + 0.001 theta omega + 0.130 omega^2,-2.2131422457e-03,-4.8456804340e-04,2.2001206164e-02,-2.4623633346e-05,6.5510499150e-04,1.2988493512e-01
5054,2024-09-01 15:55:00,0.029827,2.040961,1.443332,-0.006 1 + 0.901 omega + -0.003 theta omega + -0.270 omega^2,-0.012 1 + -0.194 omega + -0.005 theta omega + -0.536 omega^2,-1.1760617207e-02,-3.2169173193e-04,-1.9408517051e-01,4.3135273475e-06,-5.1325713686e-03,-5.3601046615e-01
5055,2024-09-01 16:00:00,nan,nan,nan,-0.003 1 + 0.962 omega + -0.005 theta omega + 0.020 omega^2,-0.007 1 + -0.001 theta + -0.077 omega + -0.011 theta omega + 0.036 omega^2,-6.6264659607e-03,-8.0997780800e-04,-7.7223498507e-02,9.4810820594e-06,-1.0871015748e-02,3.6136702094e-02
5056,2024-09-01 16:05:00,0.048028,1.531893,1.083744,0.001 1 + 0.002 theta + 1.016 omega + 0.003 theta omega + 0.196 omega^2,0.001 1 + 0.004 theta + 0.033 omega + 0.006 theta omega + 0.403 omega^2,1.0823552730e-03,3.8496274330e-03,3.3408549152e-02,4.8099525595e-04,5.5714005484e-03,4.0308204269e-01
5057,2024-09-01 16:10:00,0.024144,0.806327,0.570415,-0.003 1 + 0.986 omega + -0.023 omega^2,-0.006 1 + -0.028 omega + -0.046 omega^2,-6.0380905644e-03,-2.2339945710e-04,-2.7868955696e-02,-9.9055988070e-07,-4.6190291697e-04,-4.5940007495e-02
5058,2024-09-01 16:15:00,0.045397,1.461696,1.034073,0.001 1 + 0.987 omega + 0.159 omega^2,0.001 1 + -0.024 omega + 0.308 omega^2,1.1858668823e-03,6.8546941536e-05,-2.3505927222e-02,-8.7591579270e-05,4.2525001843e-04,3.0797581141e-01
5059,2024-09-01 16:20:00,0.012722,0.310994,0.220090,0.001 1 + 1.003 omega + 0.015 omega^2,0.001 1 + 0.007 omega + 0.021 omega^2,1.4348880848e-03,4.8802642147e-04,7.1001619541e-03,3.3896629431e-05,4.0936437046e-04,2.0835611390e-02
5060,2024-09-01 16:25:00,nan,nan,nan,1.000 omega + 0.001 theta omega + -0.082 omega^2,-0.001 1 + 0.001 omega + 0.002 theta omega + -0.175 omega^2,-6.1809078453e-04,-3.6225514832e-04,1.1739926212e-03,-2.2287331863e-05,2.0830766358e-03,-1.7451553491e-01
5061,2024-09-01 16:30:00,0.059286,4.363764,3.085932,-0.001 1 + 1.001 omega + 0.011 omega^2,-0.001 1 + 0.005 omega + 0.001 theta omega + 0.034 omega^2,-1.2183051792e-03,-4.0368896684e-04,4.7503294464e-03,-2.6852002363e-05,6.7560673753e-04,3.3720530425e-02
5062,2024-09-01 16:35:00,0.024256,0.803506,0.568423,-0.001 1 + 0.988 omega + -0.080 omega^2,-0.001 1 + -0.022 omega + 0.001 theta omega + -0.164 omega^2,-1.1252492613e-03,-2.7679835328e-04,-2.2367929022e-02,-2.0727647872e-05,7.5505156432e-04,-1.6366706720e-01
5063,2024-09-01 16:40:00,nan,nan,nan,-0.001 theta + 1.009 omega + 0.001 theta omega + 0.096 omega^2,-0.001 theta + 0.021 omega + 0.002 theta omega + 0.196 omega^2,-4.6231521615e-04,-1.1302136049e-03,2.0649807247e-02,-1.5145805304e-04,1.9856343259e-03,1.9608997290e-01
5064,2024-09-01 16:45:00,0.060839,2.532481,1.791251,0.996 omega + 0.001 theta omega + -0.097 omega^2,-0.001 1 + -0.007 omega + 0.002 theta omega + -0.189 omega^2,-6.5377451540e-04,8.0411594724e-05,-6.6620608324e-03,3.5886906560e-06,1.9765713820e-03,-1.8857446726e-01
5065,2024-09-01 16:50:00,0.040594,2.546098,1.800592,1.015 omega + 0.062 omega^2,0.001 1 + 0.037 omega + 0.001 theta omega + 0.143 omega^2,8.6463259286e-04,-8.9577573623e-05,3.7496633188e-02,-4.7430528895e-06,1.0315925253e-03,1.4257788824e-01
5066,2024-09-01 16:55:00,0.095290,3.092657,2.187876,0.001 theta + 1.017 omega + 0.002 theta omega + 0.102 omega^2,0.001 1 + 0.002 theta + 0.033 omega + 0.004 theta omega + 0.195 omega^2,6.4284283798e-04,1.7771221622e-03,3.3203605909e-02,1.6203902287e-04,3.8992961519e-03,1.9473633715e-01
5067,2024-09-01 17:00:00,0.026940,0.846224,0.598674,1.008 omega + -0.003 theta omega + 0.060 omega^2,0.001 1 + 0.016 omega + -0.005 theta omega + 0.102 omega^2,5.3454809912e-04,-4.8639953588e-04,1.5640318988e-02,8.5850565233e-06,-4.8835284231e-03,1.0234799043e-01
5068,2024-09-01 17:05:00,nan,nan,nan,0.006 1 + 1.032 omega + 0.003 theta omega + -0.125 omega^2,0.013 1 + 0.001 theta + 0.067 omega + 0.006 theta omega + -0.244 omega^2,1.2841393791e-02,9.9404572995e-04,6.6894939636e-02,7.7270976625e-06,6.2936036651e-03,-2.4409545003e-01
5069,2024-09-01 17:10:00,0.028903,0.949186,0.671487,0.002 1 + 1.003 omega + -0.002 theta omega + -0.148 omega^2,0.005 1 + -0.001 theta + 0.008 omega + -0.003 theta omega + -0.298 omega^2,4.6858161101e-03,-6.2062327195e-04,7.6501697327e-03,-6.3780648505e-05,-3.4064126495e-03,-2.9816943451e-01
5070,2024-09-01 17:15:00,0.012315,0.289474,0.204874,1.003 omega + -0.026 omega^2,0.005 omega + -0.050 omega^2,4.6648130520e-04,-3.2273332484e-04,5.2872124605e-03,7.3659669815e-06,1.4738622567e-04,-5.0043885200e-02
5071,2024-09-01 17:20:00,nan,nan,nan,0.010 1 + 1.069 omega + 0.002 theta omega + 0.068 omega^2,0.020 1 + 0.001 theta + 0.142 omega + 0.004 theta omega + 0.141 omega^2,1.9967392416e-02,8.1788656913e-04,1.4219361006e-01,7.7589240414e-06,3.6130734087e-03,1.4105916346e-01
5072,2024-09-01 17:25:00,0.070009,4.085100,2.889026,0.001 1 + 1.008 omega + -0.005 omega^2,0.001 1 + 0.017 omega + -0.001 theta omega + -0.012 omega^2,1.3042226507e-03,-2.8517440087e-04,1.6792243326e-02,4.9439429432e-06,-8.5168832126e-04,-1.1516755079e-02
5073,2024-09-01 17:30:00,0.038935,1.836885,1.299165,-0.003 1 + 0.989 omega + -0.006 omega^2,-0.005 1 + -0.021 omega + -0.013 omega^2,-5.2641555923e-03,-1.8229210751e-04,-2.1086428139e-02,-1.0265472484e-06,-4.1098670815e-04,-1.3238045581e-02
5074,2024-09-01 17:35:00,0.037048,2.834632,2.004558,1.012 omega + -0.001 theta omega + -0.049 omega^2,0.026 omega + -0.002 theta omega + -0.090 omega^2,-2.1366755555e-04,-5.6842281500e-05,2.5969259855e-02,8.7560257231e-06,-1.8509124476e-03,-9.0447740715e-02
5075,2024-09-01 17:40:00,nan,nan,nan,-0.003 1 + 0.001 theta + 1.031 omega + -0.002 theta omega + -0.045 omega^2,-0.007 1 + 0.001 theta + 0.066 omega + -0.005 theta omega + -0.096 omega^2,-6.8975430679e-03,1.0388010475e-03,6.6493316212e-02,-3.4903372186e-05,-4.7114759657e-03,-9.6234375408e-02
5076,2024-09-01 17:45:00,0.058797,2.190842,1.549717,0.003 1 + 0.985 omega + 0.001 theta omega + -0.006 omega^2,0.005 1 + -0.032 omega + 0.001 theta omega + -0.002 omega^2,5.3443004091e-03,-1.5463283922e-04,-3.2450630158e-02,-1.2481186537e-05,1.3777081991e-03,-1.8149547609e-03
5077,2024-09-01 17:50:00,0.050372,2.851077,2.016330,-0.001 1 + 0.999 omega + 0.058 omega^2,-0.002 1 + -0.001 omega + 0.107 omega^2,-1.8499853260e-03,-9.5344353930e-05,-1.0439011798e-03,1.3838084166e-05,-1.3278785999e-04,1.0686416809e-01
5078,2024-09-01 17:55:00,0.025439,2.929657,2.071658,0.001 1 + 0.984 omega + -0.003 theta omega + 0.207 omega^2,0.001 1 + -0.028 omega + -0.005 theta omega + 0.406 omega^2,8.4699099367e-04,2.4126197877e-04,-2.7873983300e-02,1.2287999327e-05,-5.1707947073e-03,4.0620057202e-01
5079,2024-09-01 18:00:00,0.030165,1.097410,0.776279,0.006 1 + 0.952 omega + 0.001 theta omega + 0.100 omega^2,0.012 1 + -0.001 theta + -0.102 omega + 0.002 theta omega + 0.216 omega^2,1.1658455529e-02,-5.0056487797e-04,-1.0179280618e-01,5.0630300682e-06,2.0288771724e-03,2.1632345405e-01
5080,2024-09-01 18:05:00,0.010579,0.155892,0.110486,-0.002 1 + 0.996 omega + 0.009 omega^2,-0.003 1 + -0.008 omega + 0.008 omega^2,-3.3600140993e-03,-2.3985133351e-04,-8.1096344709e-03,-2.2115539901e-06,-2.3813630235e-04,8.3283555901e-03
5081,2024-09-01 18:10:00,nan,nan,nan,0.003 1 + 0.968 omega + 0.002 theta omega + 0.059 omega^2,0.006 1 + -0.065 omega + 0.005 theta omega + 0.118 omega^2,6.0880137353e-03,-4.8637315962e-04,-6.4592030242e-02,-3.8171436141e-06,4.6431463680e-03,1.1782854799e-01
5082,2024-09-01 18:15:00,nan,nan,nan,-0.001 1 + 1.003 omega + 0.043 omega^2,-0.002 1 + 0.005 omega + 0.092 omega^2,-2.2575688742e-03,-3.4190879469e-04,5.1577816526e-03,5.1900949223e-05,3.3520910604e-04,9.2457956947e-02
5083,2024-09-01 18:20:00,0.023246,1.296718,0.917065,-0.001 1 + 1.016 omega + -0.002 theta omega + 0.011 omega^2,-0.001 1 + 0.034 omega + -0.003 theta omega + 0.017 omega^2,-1.4778421945e-03,-2.0446810937e-04,3.3959050405e-02,2.0637353994e-05,-3.2650803900e-03,1.6809206584e-02
5084,2024-09-01 18:25:00,0.078596,9.574064,6.770113,0.999 omega + 0.001 theta omega + -0.022 omega^2,-0.002 omega + 0.001 theta omega + -0.045 omega^2,-4.4309883731e-04,1.2860445370e-04,-1.5336090688e-03,-7.7763004594e-06,1.0995199045e-03,-4.5122052455e-02
5085,2024-09-01 18:30:00,0.035523,3.677058,2.600194,-0.001 1 + 1.008 omega + -0.019 omega^2,-0.002 1 + 0.017 omega + -0.001 theta omega + -0.041 omega^2,-1.7866692892e-03,2.2550515111e-04,1.7311383695e-02,-4.2149796828e-06,-8.3512278826e-04,-4.1301820208e-02
5086,2024-09-01 18:35:00,0.035383,1.385723,0.980173,-0.001 1 + 1.023 omega + -0.070 omega^2,-0.001 1 + 0.047 omega + -0.001 theta omega + -0.141 omega^2,-1.2494127476e-03,-2.7982190516e-05,4.7233678422e-02,3.7768705206e-07,-8.5138974698e-04,-1.4132680759e-01
5087,2024-09-01 18:40:00,0.059949,5.079083,3.591704,1.019 omega + 0.093 omega^2,0.040 omega + 0.193 omega^2,-3.8340417152e-04,-2.8850649266e-04,3.9788731990e-02,-8.3854527591e-06,3.4843408084e-04,1.9290269288e-01
5088,2024-09-01 18:45:00,nan,nan,nan,0.002 1 + 1.012 omega + 0.001 theta omega + -0.021 omega^2,0.003 1 + 0.026 omega + 0.002 theta omega + -0.035 omega^2,3.2937451321e-03,4.4636232625e-04,2.5593311848e-02,9.8439578209e-06,2.2374096027e-03,-3.5420046754e-02
5089,2024-09-01 18:50:00,0.013563,0.768452,0.543462,0.001 1 + 1.003 omega + 0.002 theta omega + -0.073 omega^2,0.002 1 + 0.006 omega + 0.003 theta omega + -0.146 omega^2,1.5534242023e-03,-3.1604514614e-04,5.7359415421e-03,-8.3140064246e-06,3.3883113731e-03,-1.4576019660e-01
5090,2024-09-01 18:55:00,0.023715,0.654726,0.463265,0.003 1 + 0.984 omega + 0.001 theta omega + -0.005 omega^2,0.005 1 + -0.001 theta + -0.029 omega + 0.003 theta omega + -0.018 omega^2,5.3852640501e-03,-7.1187225981e-04,-2.9037375956e-02,-2.3130906151e-05,2.6068361945e-03,-1.7830286765e-02
5091,2024-09-01 19:00:00,0.023163,1.119675,0.791899,0.001 1 + 0.984 omega + 0.121 omega^2,0.002 1 + -0.029 omega + -0.001 theta omega + 0.246 omega^2,2.4399837943e-03,-2.2410597154e-04,-2.8946872653e-02,9.2712087073e-06,-9.5054088479e-04,2.4610957392e-01
5092,2024-09-01 19:05:00,0.026471,1.035881,0.732718,-0.001 1 + 1.002 omega + 0.039 omega^2,-0.002 1 + 0.003 omega + 0.069 omega^2,-2.2332580799e-03,-2.7566439475e-04,3.4472761680e-03,-8.9303923275e-07,5.9821732223e-05,6.9256162655e-02
5093,2024-09-01 19:10:00,0.065153,3.311697,2.342176,1.013 omega + 0.003 theta omega + -0.069 omega^2,-0.001 1 + -0.001 theta + 0.026 omega + 0.006 theta omega + -0.133 omega^2,-6.6449864545e-04,-8.1420361400e-04,2.6459922056e-02,-4.4356321957e-06,6.2279634395e-03,-1.3342216403e-01
5094,2024-09-01 19:15:00,nan,nan,nan,0.001 1 + -0.001 theta + 0.982 omega + 0.005 theta omega + 0.116 omega^2,0.001 1 + -0.001 theta + -0.036 omega + 0.009 theta omega + 0.231 omega^2,1.3134460127e-03,-1.1947527604e-03,-3.6437922544e-02,5.6684836445e-05,9.4730320736e-03,2.3056188482e-01
5095,2024-09-01 19:20:00,nan,nan,nan,0.988 omega + -0.005 theta omega + -0.264 omega^2,-0.022 omega + -0.010 theta omega + -0.542 omega^2,-1.1660373633e-04,-3.5448198774e-04,-2.2334150013e-02,8.2776851671e-05,-1.0252102116e-02,-5.4236483525e-01
5096,2024-09-01 19:25:00,0.034309,1.206496,0.853466,0.001 1 + 0.993 omega + 0.001 theta omega + -0.025 omega^2,0.002 1 + -0.015 omega + 0.002 theta omega + -0.048 omega^2,1.8448640263e-03,-3.9530282245e-04,-1.4700771656e-02,8.0111426955e-06,2.2287139310e-03,-4.8395368775e-02
5097,2024-09-01 19:30:00,nan,nan,nan,1.015 omega + -0.002 theta omega + -0.037 omega^2,0.001 theta + 0.031 omega + -0.004 theta omega + -0.079 omega^2,-4.6521413713e-04,8.6875800070e-04,3.1189432063e-02,-1.1891875827e-04,-4.4920552093e-03,-7.9370275997e-02
5098,2024-09-01 19:35:00,nan,nan,nan,0.007 1 + 0.001 theta + 1.051 omega + 0.003 theta omega + 0.020 omega^2,0.014 1 + 0.002 theta + 0.102 omega + 0.006 theta omega + 0.041 omega^2,1.4042711026e-02,1.5500773542e-03,1.0227091019e-01,4.6273955840e-05,5.8747270422e-03,4.0531371320e-02
5099,2024-09-01 19:40:00,0.104000,2.816366,1.992829,-0.003 1 + 0.002 theta + 1.004 omega + -0.001 theta omega + -0.008 omega^2,-0.006 1 + 0.004 theta + 0.010 omega + -0.003 theta omega + -0.015 omega^2,-5.8461107198e-03,3.6934621224e-03,1.0232898686e-02,-4.4434434812e-04,-2.8182889241e-03,-1.4893060492e-02
5100,2024-09-01 19:45:00,0.054693,2.251923,1.592819,0.003 1 + 1.016 omega + -0.076 omega^2,0.006 1 + -0.001 theta + 0.034 omega + -0.158 omega^2,5.5902527190e-03,-8.7633203618e-04,3.3875653786e-02,2.3033403545e-05,-1.3278286853e-04,-1.5798727333e-01
5101,2024-09-01 19:50:00,0.011082,0.396800,0.280690,0.001 1 + 1.031 omega + 0.100 omega^2,0.003 1 + 0.064 omega + 0.203 omega^2,3.0704682036e-03,-1.3715106817e-04,6.4127770451e-02,-1.1797364819e-06,-1.7661504746e-04,2.0323993429e-01
5102,2024-09-01 19:55:00,0.034086,1.454850,1.029016,-0.001 1 + 0.998 omega + 0.048 omega^2,-0.002 1 + -0.004 omega + -0.001 theta omega + 0.102 omega^2,-2.1085146871e-03,-2.1502564975e-04,-3.9507801768e-03,4.9352290661e-06,-6.7217669445e-04,1.0245871121e-01
5103,2024-09-01 20:00:00,0.049285,1.747004,1.235810,-0.002 1 + 0.001 theta + 1.035 omega + -0.005 theta omega + -0.180 omega^2,-0.003 1 + 0.002 theta + 0.072 omega + -0.010 theta omega + -0.358 omega^2,-3.1443155115e-03,2.4351783996e-03,7.1615698893e-02,-2.4406645705e-04,-9.9221778486e-03,-3.5834995239e-01
5104,2024-09-01 20:05:00,0.071684,4.981673,3.522939,0.001 1 + 0.999 omega + 0.001 theta omega + -0.034 omega^2,0.002 1 + -0.001 omega + 0.002 theta omega + -0.069 omega^2,1.5690670181e-03,-1.1191103096e-04,-1.4912623149e-03,-1.0070060946e-05,1.9860936384e-03,-6.9482704469e-02
5105,2024-09-01 20:10:00,0.032841,0.988917,0.699656,-0.001 1 + 0.998 omega + -0.058 omega^2,-0.001 1 + -0.001 theta + -0.002 omega + 0.001 theta omega + -0.116 omega^2,-1.1993647826e-03,-5.1829041282e-04,-2.4451332755e-03,5.6229641149e-06,8.2010023722e-04,-1.1580559424e-01
5106,2024-09-01 20:15:00,0.055562,2.417323,1.709757,-0.002 1 + 0.997 omega + -0.001 theta omega + 0.112 omega^2,-0.005 1 + -0.005 omega + -0.001 theta omega + 0.225 omega^2,-4.9550223540e-03,-1.8606479061e-04,-4.8126389406e-03,8.7622047815e-06,-1.2227571052e-03,2.2465017376e-01
5107,2024-09-01 20:20:00,nan,nan,nan,0.001 1 + 0.989 omega + 0.001 theta omega + 0.142 omega^2,0.002 1 + -0.001 theta + -0.022 omega + 0.002 theta omega + 0.285 omega^2,2.4260924238e-03,-9.2695566024e-04,-2.1727711826e-02,2.5915739308e-05,2.1696462632e-03,2.8484769123e-01
5108,2024-09-01 20:25:00,0.048334,2.781421,1.967059,0.001 1 + 0.980 omega + -0.001 theta omega + -0.112 omega^2,0.001 1 + -0.040 omega + -0.002 theta omega + -0.222 omega^2,1.2180823761e-03,3.7609995717e-04,-3.9568028490e-02,2.2963577318e-05,-1.8353591072e-03,-2.2238157956e-01
5109,2024-09-01 20:30:00,0.024251,0.526731,0.372850,-0.001 1 + 0.998 omega + -0.046 omega^2,-0.001 1 + -0.003 omega + -0.094 omega^2,-1.0097118484e-03,-1.3302771319e-04,-3.4473108691e-03,1.6774915279e-05,-1.7148074892e-04,-9.3644840159e-02
5110,2024-09-01 20:35:00,0.077109,2.473746,1.750052,-0.001 1 + 0.989 omega + -0.004 theta omega + 0.117 omega^2,-0.002 1 + -0.021 omega + -0.009 theta omega + 0.230 omega^2,-2.2991058413e-03,2.1541425933e-04,-2.0575905633e-02,3.8001499068e-04,-8.6278915201e-03,2.3045057014e-01
5111,2024-09-01 20:40:00,nan,nan,nan,1.003 omega + -0.001 theta omega + 0.056 omega^2,0.007 omega + -0.002 theta omega + 0.116 omega^2,3.9390899472e-04,-3.4821270315e-04,7.0801396942e-03,1.6195282432e-05,-1.5903428840e-03,1.1614164491e-01
5112,2024-09-01 20:45:00,0.094600,4.344699,3.072895,0.987 omega + 0.003 theta omega + 0.056 omega^2,0.001 1 + -0.025 omega + 0.007 theta omega + 0.115 omega^2,6.4078515303e-04,-1.6907551458e-04,-2.4584046443e-02,-8.7623402798e-05,6.8162497876e-03,1.1548130687e-01
5113,2024-09-01 20:50:00,nan,nan,nan,0.982 omega + -0.141 omega^2,0.001 1 + -0.034 omega + 0.001 theta omega + -0.279 omega^2,9.0115307619e-04,7.3440949299e-07,-3.4414353763e-02,-6.7335649474e-06,7.5926496408e-04,-2.7893955763e-01
5114,2024-09-01 20:55:00,0.035125,1.135099,0.803021,0.002 1 + -0.001 theta + 1.003 omega + -0.127 omega^2,0.004 1 + -0.001 theta + 0.007 omega + 0.001 theta omega + -0.253 omega^2,4.4045503480e-03,-1.1359019957e-03,7.2520347595e-03,6.2918554217e-05,6.9024360127e-04,-2.5261178233e-01
5115,2024-09-01 21:00:00,0.017317,0.330379,0.233934,-0.001 1 + 0.997 omega + -0.022 omega^2,-0.002 1 + -0.005 omega + 0.001 theta omega + -0.041 omega^2,-2.4662538998e-03,3.0677573570e-05,-4.5174565482e-03,-6.4454387193e-07,7.9175245106e-04,-4.0581915141e-02
5116,2024-09-01 21:05:00,0.018383,1.301374,0.920302,0.003 1 + 1.049 omega + 0.164 omega^2,0.007 1 + 0.099 omega + 0.325 omega^2,6.5717709162e-03,-1.0287809793e-04,9.8754345422e-02,-4.8467381718e-07,-3.4386039838e-04,3.2514084376e-01
5117,2024-09-01 21:10:00,nan,nan,nan,1.044 omega + -0.002 theta omega + 0.286 omega^2,-0.001 theta + 0.088 omega + -0.004 theta omega + 0.559 omega^2,-4.4165854044e-04,-6.4636071489e-04,8.7634217387e-02,-1.2273531484e-06,-3.7595616005e-03,5.5887995440e-01
5118,2024-09-01 21:15:00,0.051293,6.580103,4.652977,0.002 1 + 1.028 omega + 0.001 theta omega + 0.072 omega^2,0.004 1 + 0.064 omega + 0.001 theta omega + 0.171 omega^2,3.7034418570e-03,-8.1428902537e-06,6.3511215593e-02,-3.5787554720e-06,1.0660937697e-03,1.7066768896e-01
5119,2024-09-01 21:20:00,0.017792,0.728073,0.514979,1.000 omega + 0.021 omega^2,-0.001 1 + 0.029 omega^2,-8.3773184541e-04,-6.2323584503e-05,2.5293777520e-04,4.6694590672e-07,-3.8275048952e-04,2.8503835790e-02
5120,2024-09-01 21:25:00,nan,nan,nan,-0.003 1 + 0.945 omega + -0.004 theta omega + -0.138 omega^2,-0.007 1 + -0.115 omega + -0.009 theta omega + -0.285 omega^2,-7.0980772021e-03,-3.9287352241e-04,-1.1460087846e-01,2.6403352446e-05,-8.5606923724e-03,-2.8476811551e-01
5121,2024-09-01 21:30:00,0.059832,7.369239,5.211011,1.008 omega + 0.001 theta omega + 0.005 omega^2,0.019 omega + 0.001 theta omega + 0.019 omega^2,5.2375454476e-05,-1.1966888486e-04,1.8763415748e-02,-1.1233319813e-05,1.4713948691e-03,1.8898502039e-02
5122,2024-09-01 21:35:00,nan,nan,nan,-0.004 1 + -0.001 theta + 1.002 omega + 0.087 omega^2,-0.007 1 + -0.001 theta + 0.005 omega + 0.001 theta omega + 0.174 omega^2,-7.4167403709e-03,-1.1575008945e-03,5.0974086835e-03,6.6771631520e-05,8.8725442477e-04,1.7446156030e-01
5123,2024-09-01 21:40:00,0.012558,0.629520,0.445226,-0.001 1 + 0.994 omega + 0.001 theta omega + 0.032 omega^2,-0.002 1 + -0.012 omega + 0.002 theta omega + 0.065 omega^2,-1.8011999492e-03,1.3462916434e-04,-1.2088700590e-02,-1.3429929109e-05,1.8643065659e-03,6.5267786932e-02
5124,2024-09-01 21:45:00,0.063172,2.732989,1.933031,1.007 omega + 0.001 theta omega + -0.056 omega^2,-0.001 theta + 0.014 omega + 0.002 theta omega + -0.120 omega^2,3.7459022031e-04,-5.0271777644e-04,1.4118663009e-02,2.2114135830e-05,1.7030464491e-03,-1.2020257582e-01
5125,2024-09-01 21:50:00,0.037909,5.312048,3.756281,0.996 omega + -0.001 theta omega + 0.087 omega^2,-0.006 omega + -0.003 theta omega + 0.166 omega^2,-2.7135698390e-04,1.7414040808e-04,-5.5256320671e-03,5.5791346380e-06,-2.8429979527e-03,1.6552712840e-01
5126,2024-09-01 21:55:00,0.101903,5.395470,3.815854,0.996 omega + 0.089 omega^2,-0.007 omega + 0.185 omega^2,1.0475061212e-04,1.8521099994e-04,-6.9763083963e-03,-6.2124362067e-05,4.8107620273e-04,1.8507652818e-01
5127,2024-09-01 22:00:00,0.006657,0.117438,0.083175,0.001 1 + 1.001 omega + 0.004 omega^2,0.002 1 + 0.004 omega + 0.006 omega^2,2.1764046418e-03,-2.3133103095e-04,3.7308216429e-03,3.5762256764e-06,1.1952560182e-05,5.8395439304e-03
5128,2024-09-01 22:05:00,nan,nan,nan,-0.008 1 + 1.064 omega + -0.002 theta omega + -0.113 omega^2,-0.017 1 + 0.001 theta + 0.131 omega + -0.004 theta omega + -0.232 omega^2,-1.7146542315e-02,9.1727004885e-04,1.3105633424e-01,-1.1954990585e-05,-3.6172083660e-03,-2.3173082994e-01
5129,2024-09-01 22:10:00,0.150594,12.007699,8.491393,1.009 omega + -0.020 omega^2,-0.001 1 + 0.023 omega + -0.001 theta omega + -0.046 omega^2,-8.9945646680e-04,-1.2919184699e-04,2.3274101388e-02,7.6076114924e-06,-5.3682627256e-04,-4.6319279164e-02
5130,2024-09-01 22:15:00,0.011853,0.376895,0.266637,0.002 1 + 0.996 omega + -0.050 omega^2,0.003 1 + -0.007 omega + 0.001 theta omega + -0.104 omega^2,3.1200722725e-03,1.9697332266e-04,-7.4488389196e-03,-6.2469318255e-05,7.1289604873e-04,-1.0402084765e-01
5131,2024-09-01 22:20:00,nan,nan,nan,0.001 1 + 1.023 omega + -0.142 omega^2,0.002 1 + -0.001 theta + 0.047 omega + -0.284 omega^2,2.3895749566e-03,-5.1943467265e-04,4.7264419168e-02,1.2718679531e-05,-8.1577086808e-05,-2.8420801816e-01
5132,2024-09-01 22:25:00,0.019042,0.715338,0.505999,0.002 1 + 1.001 omega + -0.065 omega^2,0.004 1 + -0.001 theta + 0.003 omega + 0.001 theta omega + -0.128 omega^2,4.2919417446e-03,-7.8863781766e-04,3.3407980674e-03,3.1050645718e-05,5.5348557878e-04,-1.2805315831e-01
5133,2024-09-01 22:30:00,0.120626,13.838538,9.785696,1.003 omega + -0.001 theta omega + 0.028 omega^2,0.008 omega + -0.002 theta omega + 0.043 omega^2,2.1191380388e-04,-1.7214837270e-04,7.8841383383e-03,1.4638100019e-05,-1.6287858728e-03,4.3036175286e-02
5134,2024-09-01 22:35:00,0.057238,3.580284,2.531966,0.001 1 + 0.999 omega + -0.004 omega^2,0.001 1 + 0.002 omega + -0.012 omega^2,1.1119795490e-03,-9.5129267195e-05,1.7500845539e-03,1.9671092391e-06,-1.1528327044e-04,-1.1907170188e-02
5135,2024-09-01 22:40:00,nan,nan,nan,0.003 1 + 0.987 omega + 0.004 theta omega + -0.259 omega^2,0.006 1 + 0.001 theta + -0.026 omega + -0.001 theta^2 + 0.009 theta omega + -0.516 omega^2,6.2371225440e-03,8.5279309962e-04,-2.6083847897e-02,-6.3180943770e-04,8.7186082478e-03,-5.1572416108e-01
5136,2024-09-01 22:45:00,0.061124,1.596912,1.130014,0.002 1 + 1.022 omega + -0.003 theta omega + -0.134 omega^2,0.004 1 + 0.046 omega + -0.006 theta omega + -0.263 omega^2,4.2370055323e-03,1.1172189393e-04,4.5662033094e-02,-5.5860770097e-05,-5.7347254716e-03,-2.6342498513e-01
5137,2024-09-01 22:50:00,nan,nan,nan,0.002 1 + -0.002 theta + 0.996 omega + 0.001 theta omega + 0.067 omega^2,0.005 1 + -0.003 theta + -0.008 omega + 0.002 theta omega + 0.143 omega^2,4.6081480481e-03,-3.2219377991e-03,-7.5218496636e-03,3.5855945611e-04,1.8960036462e-03,1.4342688689e-01
5138,2024-09-01 22:55:00,0.061872,2.436420,1.723364,-0.001 1 + 1.003 omega + 0.010 theta omega + 0.021 omega^2,-0.001 1 + -0.001 theta + 0.007 omega + 0.019 theta omega + 0.048 omega^2,-1.2536720398e-03,-6.8003198728e-04,6.6162145570e-03,3.4207329347e-04,1.8898846542e-02,4.8237191645e-02
5139,2024-09-01 23:00:00,0.027531,0.947306,0.670129,-0.003 1 + 0.972 omega + -0.084 omega^2,-0.005 1 + -0.051 omega + -0.162 omega^2,-4.6217877989e-03,2.6899954535e-05,-5.1368334482e-02,1.0048612763e-06,1.3092535249e-04,-1.6196702462e-01
5140,2024-09-01 23:05:00,nan,nan,nan,0.001 1 + 0.993 omega + 0.093 omega^2,0.001 1 + -0.013 omega + 0.001 theta omega + 0.187 omega^2,1.4039830342e-03,-2.3115526802e-04,-1.3330690448e-02,-1.3041977068e-05,8.1351210180e-04,1.8717428565e-01
5141,2024-09-01 23:10:00,0.046945,2.041189,1.443720,0.001 1 + 1.002 omega + 0.002 theta omega + -0.057 omega^2,0.001 1 + 0.001 theta + 0.004 omega + 0.003 theta omega + -0.107 omega^2,1.1025235587e-03,7.5940463380e-04,4.1622710152e-03,1.3584839949e-04,2.8876413813e-03,-1.0749704540e-01
5142,2024-09-01 23:15:00,0.020742,0.718637,0.508364,0.001 1 + 0.988 omega + 0.035 omega^2,-0.017 omega + 0.001 theta omega + 0.063 omega^2,4.2740036041e-04,1.7654676821e-05,-1.7161070689e-02,-3.4500623564e-06,5.2844089509e-04,6.3428679115e-02
5143,2024-09-01 23:20:00,0.031088,1.183669,0.837269,0.002 1 + 1.003 omega + -0.060 omega^2,0.003 1 + 0.006 omega + -0.001 theta omega + -0.113 omega^2,3.0902354678e-03,-2.8813331725e-04,6.4033777382e-03,-5.2662779765e-07,-7.6449417627e-04,-1.1276812456e-01
5144,2024-09-01 23:25:00,0.019396,0.741680,0.524626,0.001 1 + 0.990 omega + 0.001 theta omega + 0.034 omega^2,0.002 1 + -0.019 omega + 0.001 theta omega + 0.073 omega^2,2.1709656976e-03,-1.9298141683e-04,-1.9477457215e-02,5.9896948222e-08,1.0894901161e-03,7.3276502471e-02
5145,2024-09-01 23:30:00,nan,nan,nan,-0.001 1 + -0.001 theta + 1.003 omega + -0.005 theta omega + 0.079 omega^2,-0.001 1 + -0.001 theta + 0.006 omega + -0.010 theta omega + 0.153 omega^2,-1.3838509282e-03,-1.3190266989e-03,6.4466993315e-03,-3.3595628277e-05,-9.6603453571e-03,1.5329209181e-01
5146,2024-09-01 23:35:00,0.022325,0.731432,0.517441,0.996 omega + 0.001 theta omega + -0.050 omega^2,-0.003 omega + 0.001 theta omega + -0.081 omega^2,3.1725878957e-04,1.0091754058e-04,-2.7767672133e-03,-1.7165794095e-06,1.0860900713e-03,-8.0729807918e-02
5147,2024-09-01 23:40:00,nan,nan,nan,0.001 theta + 0.950 omega + -0.008 theta omega + -0.222 omega^2,-0.001 1 + 0.002 theta + -0.097 omega + -0.015 theta omega + -0.430 omega^2,-5.1776352409e-04,1.6700124032e-03,-9.7094750778e-02,3.3052754114e-04,-1.5113191599e-02,-4.3003936323e-01
5148,2024-09-01 23:45:00,0.025238,0.934862,0.661288,1.004 omega + -0.036 omega^2,0.015 omega + -0.089 omega^2,-1.7849930697e-04,5.4939242698e-05,1.4594388275e-02,-1.1102658796e-05,1.3822204348e-04,-8.8628176464e-02
5149,2024-09-01 23:50:00,nan,nan,nan,-0.001 1 + -0.001 theta + 1.014 omega + 0.007 theta omega + -0.075 omega^2,-0.001 1 + -0.001 theta + 0.029 omega + 0.013 theta omega + -0.149 omega^2,-1.1852832079e-03,-1.2509748230e-03,2.9017969573e-02,-1.1934103967e-05,1.3158827830e-02,-1.4920085574e-01
5150,2024-09-01 23:55:00,0.054559,1.431677,1.013084,0.001 1 + -0.001 theta + 1.004 omega + -0.003 theta omega + -0.104 omega^2,0.001 1 + -0.001 theta + 0.010 omega + -0.005 theta omega + -0.196 omega^2,1.2245771049e-03,-1.1354711915e-03,9.9414021136e-03,1.1015995573e-04,-5.2218009161e-03,-1.9591480848e-01
5151,2024-09-02 00:00:00,0.045680,2.278239,1.611282,1.003 omega + -0.017 omega^2,0.006 omega + -0.047 omega^2,-2.8584093623e-04,-2.5437004177e-04,5.9205439738e-03,-6.6672727691e-06,3.4037753093e-04,-4.6755501450e-02
5152,2024-09-02 00:05:00,nan,nan,nan,-0.022 1 + -0.002 theta + 0.833 omega + -0.007 theta omega + -0.290 omega^2,-0.044 1 + -0.004 theta + -0.328 omega + -0.014 theta omega + -0.570 omega^2,-4.3856538697e-02,-3.6320505114e-03,-3.2797463920e-01,-7.1846711134e-05,-1.3783955062e-02,-5.6961696789e-01
5153,2024-09-02 00:10:00,0.185423,7.489890,5.297774,0.997 omega + -0.004 theta omega + 0.028 omega^2,-0.005 omega + -0.008 theta omega + 0.053 omega^2,-2.3014375742e-04,-1.3187618168e-04,-5.1034289520e-03,1.9547526665e-04,-8.2401252669e-03,5.2708137610e-02
5154,2024-09-02 00:15:00,0.239382,9.314791,6.588727,0.006 1 + -0.001 theta + 0.956 omega + 0.008 theta omega + -0.026 omega^2,0.012 1 + -0.002 theta + -0.090 omega + 0.016 theta omega + -0.061 omega^2,1.1919787483e-02,-2.0503576917e-03,-8.9622225007e-02,1.7270189608e-05,1.5565557560e-02,-6.0842526568e-02
5155,2024-09-02 00:20:00,0.055438,7.442326,5.262665,-0.014 1 + 1.123 omega + -0.003 theta omega + -0.215 omega^2,-0.030 1 + 0.001 theta + 0.259 omega + -0.006 theta omega + -0.460 omega^2,-2.9656014073e-02,9.4165758510e-04,2.5920741224e-01,-2.0059975111e-06,-5.8666921367e-03,-4.6021388393e-01
5156,2024-09-02 00:25:00,nan,nan,nan,0.004 1 + 0.901 omega + -0.004 theta omega + 0.576 omega^2,0.007 1 + 0.001 theta + -0.193 omega + -0.008 theta omega + 1.146 omega^2,7.1651080524e-03,7.8126809083e-04,-1.9316258803e-01,1.0052105889e-05,-7.7681136495e-03,1.1461991532e+00
5157,2024-09-02 00:30:00,0.018113,1.416701,1.001841,-0.010 1 + 1.110 omega + -0.001 theta omega + -0.272 omega^2,-0.020 1 + 0.212 omega + -0.002 theta omega + -0.524 omega^2,-2.0251549072e-02,2.5141552758e-04,2.1233371649e-01,7.4548037217e-07,-1.8471926677e-03,-5.2446607065e-01
5158,2024-09-02 00:35:00,0.013575,1.289139,0.911609,-0.008 1 + 1.064 omega + -0.002 theta omega + -0.104 omega^2,-0.016 1 + 0.001 theta + 0.127 omega + -0.003 theta omega + -0.200 omega^2,-1.5811562920e-02,6.4626251669e-04,1.2697680628e-01,-5.2482322083e-06,-3.4679588155e-03,-1.9994008553e-01
5159,2024-09-02 00:40:00,0.020275,1.196029,0.845842,0.999 omega + 0.002 theta omega + -0.113 omega^2,-0.001 theta + -0.001 omega + 0.004 theta omega + -0.200 omega^2,4.9341868068e-04,-5.0611215158e-04,-5.7875861384e-04,-2.4424332937e-05,3.7103170879e-03,-2.0011676866e-01
5160,2024-09-02 00:45:00,0.022722,0.640133,0.452928,0.002 1 + 0.992 omega + 0.011 omega^2,0.003 1 + -0.015 omega + 0.021 omega^2,2.8439724737e-03,-1.3821508522e-04,-1.4954905591e-02,6.4539416466e-07,1.4668920732e-04,2.1307951448e-02
5161,2024-09-02 00:50:00,0.032825,2.374168,1.678951,-0.001 1 + 1.000 omega + -0.001 theta omega + 0.060 omega^2,-0.001 1 + 0.001 omega + -0.001 theta omega + 0.105 omega^2,-9.3593289791e-04,-2.3126537699e-04,7.3118543717e-04,3.3134076420e-05,-1.4121528687e-03,1.0490846382e-01
5162,2024-09-02 00:55:00,0.022262,1.348841,0.953905,-0.001 1 + 1.085 omega + -0.003 theta omega + -0.403 omega^2,-0.002 1 + -0.001 theta + 0.171 omega + -0.007 theta omega + -0.807 omega^2,-2.4353224545e-03,-7.2843814198e-04,1.7114740580e-01,5.5551479093e-05,-6.6839626862e-03,-8.0706092535e-01
5163,2024-09-02 01:00:00,0.035589,2.279687,1.612179,0.002 1 + 0.964 omega + 0.002 theta omega + 0.138 omega^2,0.004 1 + -0.066 omega + 0.004 theta omega + 0.266 omega^2,4.2366538003e-03,-4.6719342201e-04,-6.5820658991e-02,6.4709191941e-06,3.9093018757e-03,2.6569841313e-01
5164,2024-09-02 01:05:00,0.067941,6.899902,4.879204,0.001 1 + 1.014 omega + 0.146 omega^2,0.002 1 + 0.001 theta + 0.033 omega + 0.329 omega^2,1.7657259103e-03,5.2230013325e-04,3.2538485689e-02,2.3594138386e-05,-1.5346331581e-04,3.2886070806e-01
5165,2024-09-02 01:10:00,nan,nan,nan,-0.004 1 + -0.001 theta + 0.968 omega + -0.004 theta omega,-0.008 1 + -0.002 theta + -0.050 omega + -0.006 theta omega + 0.056 omega^2,-7.5538945107e-03,-2.3909916849e-03,-4.9962326759e-02,-1.8858723003e-04,-6.4112627899e-03,5.5752538138e-02
5166,2024-09-02 01:15:00,0.028621,2.190735,1.549216,1.009 omega + 0.041 omega^2,0.020 omega + 0.001 theta omega + 0.083 omega^2,1.6100527856e-06,-4.4255882676e-05,2.0271305395e-02,1.0058703133e-06,6.1294741561e-04,8.2781483751e-02
5167,2024-09-02 01:20:00,0.019146,0.441690,0.312615,1.003 omega + -0.004 omega^2,-0.001 1 + -0.001 theta + 0.007 omega + -0.018 omega^2,-6.7023034209e-04,-5.4275562047e-04,6.5275515846e-03,-2.4447016786e-05,-3.4314220701e-04,-1.7807352662e-02
5168,2024-09-02 01:25:00,nan,nan,nan,1.018 omega + 0.003 theta omega + 0.029 omega^2,-0.001 1 + -0.001 theta + 0.038 omega + 0.006 theta omega + 0.056 omega^2,-5.3175459254e-04,-6.4971170628e-04,3.7817507014e-02,-6.0064370610e-05,5.8892053305e-03,5.6360883607e-02
5169,2024-09-02 01:30:00,nan,nan,nan,0.001 1 + 0.999 omega + 0.001 theta omega + -0.081 omega^2,0.002 1 + -0.002 omega + 0.002 theta omega + -0.155 omega^2,1.7681228267e-03,7.1145305142e-05,-2.4358545184e-03,-9.3121617550e-05,1.7693151336e-03,-1.5512129633e-01
5170,2024-09-02 01:35:00,1.223426,23.463304,16.613600,1.002 omega + -0.128 omega^2,0.005 omega + 0.001 theta^2 + 0.001 theta omega + -0.245 omega^2,-9.2138807199e-05,3.8983534117e-04,4.5127297790e-03,6.3147704077e-04,1.1123132838e-03,-2.4452526597e-01
5171,2024-09-02 01:40:00,0.075143,5.889482,4.164832,0.996 omega + -0.188 omega^2,-0.001 1 + -0.001 theta + -0.004 omega + -0.001 theta omega + -0.372 omega^2,-7.0059627701e-04,-8.5145297286e-04,-3.8308854316e-03,-3.5200872698e-05,-5.9088935567e-04,-3.7245465531e-01
5172,2024-09-02 01:45:00,0.072250,3.235843,2.288657,0.987 omega + -0.005 theta omega + -0.126 omega^2,-0.021 omega + -0.009 theta omega + -0.248 omega^2,-6.8546776787e-05,4.7355394426e-04,-2.1490472898e-02,2.0549849423e-04,-9.3428431796e-03,-2.4785088016e-01
5173,2024-09-02 01:50:00,0.160568,9.102052,6.437124,1.000 omega + -0.002 theta omega + 0.019 omega^2,-0.001 1 + -0.001 theta + 0.001 omega + -0.003 theta omega + 0.035 omega^2,-8.4768496715e-04,-6.4951196285e-04,6.6439393002e-04,-3.2738204322e-05,-3.1991573245e-03,3.4526888005e-02
5174,2024-09-02 01:55:00,0.010614,0.167519,0.118691,0.001 theta + 1.036 omega + -0.006 theta omega + -0.218 omega^2,-0.001 1 + 0.002 theta + 0.072 omega + -0.012 theta omega + -0.438 omega^2,-1.0476830812e-03,1.9870970022e-03,7.2262688935e-02,-2.5065746836e-04,-1.1581667713e-02,-4.3767604743e-01
5175,2024-09-02 02:00:00,nan,nan,nan,-0.004 1 + 0.001 theta + 1.063 omega + -0.004 theta omega + -0.214 omega^2,-0.008 1 + 0.002 theta + 0.129 omega + -0.008 theta omega + -0.437 omega^2,-8.2571839888e-03,1.5717838651e-03,1.2942865298e-01,-6.0057719298e-05,-7.9273555525e-03,-4.3651414135e-01
5176,2024-09-02 02:05:00,0.056488,2.021467,1.429951,-0.001 theta + 1.000 omega + 0.079 omega^2,-0.001 theta + 0.001 omega + 0.145 omega^2,-1.0045892757e-04,-1.0252041790e-03,1.4109729030e-03,1.1500304030e-04,-3.2566558112e-04,1.4491831081e-01
5177,2024-09-02 02:10:00,0.032602,0.930826,0.658597,-0.004 1 + 0.966 omega + -0.002 theta omega + -0.022 omega^2,-0.007 1 + -0.067 omega + -0.004 theta omega + -0.049 omega^2,-7.0603800943e-03,-1.7897840493e-04,-6.7477719500e-02,2.1402309388e-05,-3.5563426065e-03,-4.9032526181e-02
5178,2024-09-02 02:15:00,0.056432,2.833951,2.004303,0.001 theta + 1.014 omega + -0.002 theta omega + -0.166 omega^2,0.001 theta + 0.031 omega + -0.005 theta omega + -0.350 omega^2,-1.3679832266e-04,1.2644354645e-03,3.1483431613e-02,-1.3878259606e-04,-4.6280709877e-03,-3.4990923894e-01
5179,2024-09-02 02:20:00,0.019426,1.450911,1.026041,1.004 omega + 0.010 omega^2,0.001 1 + 0.009 omega + 0.033 omega^2,6.6359539404e-04,-3.4091812043e-04,8.7386520407e-03,1.1285259549e-05,-3.4323839329e-04,3.2651580254e-02
5180,2024-09-02 02:25:00,0.009701,0.270498,0.191394,-0.001 1 + 1.042 omega + -0.261 omega^2,-0.001 1 + 0.082 omega + -0.494 omega^2,-1.3073398133e-03,-3.8244430609e-04,8.1570890848e-02,1.2763821643e-05,3.9574213688e-04,-4.9358070700e-01
5181,2024-09-02 02:30:00,0.026086,0.929773,0.657707,-0.001 1 + 0.984 omega + 0.169 omega^2,-0.002 1 + 0.001 theta + -0.027 omega + -0.001 theta omega + 0.315 omega^2,-1.7143739943e-03,6.4156619897e-04,-2.7099736068e-02,-3.4893410654e-05,-6.5940784497e-04,3.1503181989e-01
5182,2024-09-02 02:35:00,0.013262,0.743867,0.526077,-0.001 1 + 1.028 omega + -0.001 theta omega + -0.110 omega^2,-0.004 1 + 0.066 omega + -0.001 theta omega + -0.243 omega^2,-3.7276935400e-03,2.2706345612e-05,6.5959173822e-02,3.7999023605e-06,-1.2596038145e-03,-2.4267336772e-01
5183,2024-09-02 02:40:00,0.009019,0.164016,0.116152,0.001 1 + 0.988 omega + -0.001 omega^2,0.002 1 + -0.022 omega + 0.004 omega^2,1.8349083634e-03,2.2013309918e-04,-2.1740205759e-02,-2.1770404118e-05,1.3883161694e-04,4.3563008708e-03
5184,2024-09-02 02:45:00,nan,nan,nan,1.003 omega + 0.096 omega^2,0.007 omega + -0.001 theta omega + 0.170 omega^2,4.1412966715e-04,-4.3624736383e-04,6.7387783276e-03,1.7412136224e-05,-5.6713246424e-04,1.7024714101e-01
5185,2024-09-02 02:50:00,0.011677,1.725276,1.219982,-0.014 1 + 1.165 omega + -0.485 omega^2,-0.027 1 + 0.330 omega + 0.001 theta omega + -0.965 omega^2,-2.7233669714e-02,-1.5820044040e-04,3.3010679391e-01,6.8816174132e-08,7.2158772947e-04,-9.6468887919e-01
5186,2024-09-02 02:55:00,0.014974,0.441366,0.312272,0.002 1 + 0.990 omega + 0.010 omega^2,0.003 1 + -0.017 omega + 0.001 theta omega + 0.014 omega^2,2.7160742249e-03,-2.2546943998e-04,-1.7094917158e-02,4.7679316348e-06,5.1725345586e-04,1.3701860034e-02
5187,2024-09-02 03:00:00,0.028070,1.496058,1.058059,0.001 1 + 1.000 omega + -0.145 omega^2,0.002 1 + 0.002 omega + -0.303 omega^2,1.9765663708e-03,3.3862377001e-04,2.1975972924e-03,-4.2874636044e-05,-4.9527316822e-04,-3.0327179197e-01
5188,2024-09-02 03:05:00,0.049285,4.683471,3.311897,1.002 omega + 0.018 omega^2,0.010 omega + -0.006 omega^2,-2.5811916512e-04,-4.6257134320e-05,9.5752770057e-03,3.4149182443e-06,-3.9156820715e-04,-5.6743733114e-03
5189,2024-09-02 03:10:00,0.460116,40.307558,28.503604,-0.003 1 + 0.001 theta + 0.979 omega + -0.007 theta omega + 0.555 omega^2,-0.007 1 + 0.001 theta + -0.042 omega + -0.013 theta omega + 1.119 omega^2,-6.7596344354e-03,1.4008255207e-03,-4.2184185375e-02,-8.2396562100e-06,-1.3141024060e-02,1.1186900406e+00
5190,2024-09-02 03:15:00,0.046623,3.878770,2.742903,-0.001 1 + 1.047 omega + -0.001 theta omega + -0.207 omega^2,-0.002 1 + 0.098 omega + -0.001 theta omega + -0.426 omega^2,-1.9862464278e-03,-2.8646764470e-04,9.7724313038e-02,1.0075091068e-05,-1.0782406664e-03,-4.2606771098e-01
5191,2024-09-02 03:20:00,0.019311,0.684432,0.484159,0.005 1 + -0.001 theta + 0.962 omega + 0.002 theta omega + 0.058 omega^2,0.007 1 + -0.001 theta + -0.057 omega + 0.003 theta omega + 0.069 omega^2,7.4446135798e-03,-9.1779628814e-04,-5.7261955751e-02,2.7920616910e-05,2.9549750442e-03,6.9491581810e-02
5192,2024-09-02 03:25:00,0.031502,2.452640,1.734421,-0.001 1 + 1.007 omega + -0.001 theta omega + 0.023 omega^2,-0.003 1 + 0.019 omega + -0.001 theta omega + 0.036 omega^2,-3.3987062499e-03,3.2660929232e-04,1.9185805232e-02,-7.2481146671e-06,-1.1823053419e-03,3.6065934430e-02
5193,2024-09-02 03:30:00,0.045826,4.578451,3.237616,0.001 1 + 0.998 omega + 0.026 omega^2,0.001 1 + -0.002 omega + 0.064 omega^2,1.0509965445e-03,-2.3857159823e-04,-2.4594129830e-03,5.3145082881e-06,3.8729299236e-04,6.4482781531e-02
5194,2024-09-02 03:35:00,0.854452,76.871461,54.359689,-0.004 1 + 1.016 omega + -0.001 theta omega + 0.129 omega^2,-0.008 1 + 0.039 omega + -0.003 theta omega + 0.241 omega^2,-7.8118485715e-03,1.9851209946e-04,3.9204130381e-02,6.5048512728e-06,-3.1401729762e-03,2.4097577218e-01
5195,2024-09-02 03:40:00,nan,nan,nan,0.002 1 + -0.001 theta + 0.996 omega + 0.001 theta omega + 0.121 omega^2,0.004 1 + -0.003 theta + -0.006 omega + 0.002 theta omega + 0.244 omega^2,3.8489490128e-03,-2.7512873258e-03,-6.2416566269e-03,2.3507281694e-04,2.2013593654e-03,2.4351356913e-01
5196,2024-09-02 03:45:00,nan,nan,nan,0.001 1 + 1.001 omega + 0.002 theta omega + -0.128 omega^2,0.002 1 + -0.001 theta + 0.003 omega + 0.003 theta omega + -0.251 omega^2,2.3852575093e-03,-5.0495895811e-04,3.2817801699e-03,6.5028871099e-06,3.2466447480e-03,-2.5098791766e-01
5197,2024-09-02 03:50:00,0.013149,1.367415,0.966953,0.005 1 + 1.094 omega + 0.313 omega^2,0.009 1 + 0.190 omega + -0.001 theta omega + 0.631 omega^2,9.4601518326e-03,-3.5518135292e-04,1.8966987939e-01,-3.7096599786e-06,-5.8452442197e-04,6.3129477260e-01
5198,2024-09-02 03:55:00,0.005842,0.108011,0.076487,0.001 1 + 1.008 omega + 0.017 omega^2,0.002 1 + 0.024 omega + 0.049 omega^2,2.4734656268e-03,2.4316026370e-05,2.4211327687e-02,1.9012730445e-08,2.2000563798e-04,4.9172132863e-02
5199,2024-09-02 04:00:00,0.008554,0.573562,0.405615,0.003 1 + 1.041 omega + 0.119 omega^2,0.006 1 + 0.082 omega + 0.229 omega^2,5.9500195835e-03,-4.8866703993e-05,8.1951953199e-02,-7.0435665923e-07,1.1850753711e-04,2.2884295116e-01
5200,2024-09-02 04:05:00,0.066294,9.649138,6.823132,0.956 omega + -0.244 omega^2,0.001 1 + 0.001 theta + -0.084 omega + -0.471 omega^2,1.1316371241e-03,6.4733483626e-04,-8.3830244808e-02,1.7504209701e-05,4.8461918500e-04,-4.7120177816e-01
5201,2024-09-02 04:10:00,0.025164,1.577361,1.115504,-0.001 1 + -0.001 theta + 1.000 omega + 0.001 theta omega + -0.227 omega^2,-0.001 1 + -0.002 theta + 0.002 omega + 0.002 theta omega + -0.461 omega^2,-1.1380498833e-03,-1.7641979920e-03,1.6025576954e-03,-2.1033749615e-04,1.8388902950e-03,-4.6137559871e-01
5202,2024-09-02 04:15:00,0.055982,2.421941,1.713028,0.996 omega + -0.104 omega^2,-0.001 1 + 0.001 theta + -0.006 omega + -0.222 omega^2,-7.9177258447e-04,7.0137262114e-04,-6.0800603595e-03,4.0663826475e-04,2.2708485653e-04,-2.2185542950e-01
5203,2024-09-02 04:20:00,0.030808,2.432547,1.720209,0.001 1 + 1.005 omega + 0.046 omega^2,0.002 1 + 0.018 omega + 0.117 omega^2,2.0192676902e-03,2.5467391190e-04,1.8469756762e-02,8.3601928232e-06,3.6723732962e-04,1.1651487901e-01
5204,2024-09-02 04:25:00,nan,nan,nan,-0.008 1 + -0.002 theta + 0.945 omega + -0.008 theta omega + 0.060 omega^2,-0.016 1 + -0.004 theta + -0.110 omega + -0.015 theta omega + 0.108 omega^2,-1.6392033467e-02,-3.5099046058e-03,-1.0982007735e-01,-1.6983185431e-04,-1.5195948932e-02,1.0829085765e-01
5205,2024-09-02 04:30:00,nan,nan,nan,-0.002 1 + 0.965 omega + -0.003 theta omega + -0.156 omega^2,-0.003 1 + -0.001 theta + -0.067 omega + -0.007 theta omega + -0.317 omega^2,-3.3542579711e-03,-5.1217679302e-04,-6.6621478519e-02,-5.2464414398e-06,-6.6652413995e-03,-3.1662800328e-01
5206,2024-09-02 04:35:00,0.074180,3.688744,2.608863,-0.001 theta + 0.998 omega + 0.106 omega^2,-0.001 theta + -0.003 omega + 0.213 omega^2,1.3898884929e-04,-1.0186327878e-03,-2.5020981609e-03,1.5433442478e-04,-1.4027727290e-04,2.1293264234e-01
5207,2024-09-02 04:40:00,0.043086,5.072329,3.586808,1.032 omega + -0.228 omega^2,0.066 omega + -0.001 theta omega + -0.468 omega^2,-4.0813485949e-05,-2.8458363894e-04,6.5565456049e-02,1.2860364999e-05,-8.0801902340e-04,-4.6818639826e-01
5208,2024-09-02 04:45:00,nan,nan,nan,1.008 omega + -0.004 theta omega + 0.150 omega^2,0.001 1 + -0.001 theta + 0.018 omega + -0.007 theta omega + 0.295 omega^2,8.7945212686e-04,-9.9348467461e-04,1.8491472771e-02,1.2348846569e-04,-7.2889286212e-03,2.9535615075e-01
5209,2024-09-02 04:50:00,0.031116,0.969561,0.685936,0.003 1 + 0.959 omega + 0.001 theta omega + 0.135 omega^2,0.005 1 + -0.082 omega + 0.002 theta omega + 0.273 omega^2,5.4957677072e-03,-5.4385537742e-05,-8.2009393871e-02,-6.0762696998e-06,1.5047560092e-03,2.7287070035e-01
5210,2024-09-02 04:55:00,nan,nan,nan,-0.001 theta + 1.004 omega + -0.001 theta omega + 0.141 omega^2,-0.002 theta + 0.011 omega + -0.001 theta omega + 0.265 omega^2,2.7337979664e-04,-1.9124266922e-03,1.0788045586e-02,2.4535665407e-04,-1.2390273773e-03,2.6497180313e-01
5211,2024-09-02 05:00:00,nan,nan,nan,-0.005 1 + 1.044 omega + -0.002 theta omega + 0.007 omega^2,-0.012 1 + 0.095 omega + -0.003 theta omega + 0.006 omega^2,-1.1518093747e-02,-1.5873655912e-04,9.4703771871e-02,2.0986379588e-05,-3.2743912083e-03,6.4390004609e-03
5212,2024-09-02 05:05:00,0.144880,5.399400,3.819327,0.994 omega + 0.001 theta omega + 0.013 omega^2,-0.001 1 + -0.009 omega + 0.001 theta omega + 0.018 omega^2,-6.8640847856e-04,2.7074187319e-04,-9.0369306289e-03,-2.0512058144e-05,1.2875090548e-03,1.8345575463e-02
5213,2024-09-02 05:10:00,0.018207,1.682898,1.190058,-0.003 1 + 1.015 omega + -0.003 theta omega + 0.119 omega^2,-0.007 1 + 0.001 theta + 0.030 omega + -0.007 theta omega + 0.230 omega^2,-6.7403681842e-03,8.4555396519e-04,3.0322438779e-02,-1.1432697538e-06,-6.5566926501e-03,2.3042424771e-01
5214,2024-09-02 05:15:00,0.015631,2.046030,1.446804,-0.003 1 + 1.011 omega + -0.001 theta omega + 0.049 omega^2,-0.006 1 + 0.023 omega + -0.003 theta omega + 0.096 omega^2,-5.5318670868e-03,3.1255131294e-04,2.3022840674e-02,1.9646568351e-06,-2.9234644962e-03,9.6139137984e-02
5215,2024-09-02 05:20:00,0.005019,0.210638,0.148986,0.001 1 + 0.984 omega + 0.081 omega^2,0.002 1 + -0.030 omega + 0.159 omega^2,1.9623219861e-03,-1.8515232803e-04,-2.9636372962e-02,5.4344926757e-06,-1.3333782569e-04,1.5851969570e-01
5216,2024-09-02 05:25:00,nan,nan,nan,1.003 omega + 0.001 theta omega + -0.091 omega^2,0.001 1 + -0.001 theta + 0.007 omega + 0.002 theta omega + -0.178 omega^2,7.6346844799e-04,-6.5874358248e-04,6.6177073189e-03,-7.4994886907e-05,1.7709627653e-03,-1.7774692404e-01
5217,2024-09-02 05:30:00,0.080131,4.070097,2.878551,0.998 omega + -0.003 theta omega + -0.054 omega^2,-0.003 omega + -0.006 theta omega + -0.126 omega^2,-1.0080933046e-04,-1.9157867218e-04,-2.9548194003e-03,1.7381359689e-04,-5.7501660444e-03,-1.2610270563e-01
5218,2024-09-02 05:35:00,0.011432,0.270780,0.191641,1.015 omega + -0.032 omega^2,0.033 omega + -0.067 omega^2,-1.5490727184e-04,-2.9573907604e-04,3.2944092520e-02,7.6625581529e-06,-4.6783463393e-04,-6.6942235786e-02
5219,2024-09-02 05:40:00,0.016822,1.227395,0.867981,-0.001 1 + 1.016 omega + -0.003 theta omega + 0.024 omega^2,-0.002 1 + 0.001 theta + 0.033 omega + -0.007 theta omega + 0.071 omega^2,-2.1461594949e-03,5.1202947117e-04,3.3045365439e-02,9.0492781364e-07,-6.9152655147e-03,7.1313738616e-02
5220,2024-09-02 05:45:00,0.056894,5.938354,4.199243,1.004 omega + -0.001 theta omega + 0.041 omega^2,0.010 omega + -0.002 theta omega + 0.069 omega^2,6.4244411335e-05,-1.0704607941e-04,1.0171396113e-02,1.2007210739e-05,-2.4037947023e-03,6.8606295201e-02
5221,2024-09-02 05:50:00,0.015501,1.348451,0.953562,0.993 omega + -0.001 theta omega + 0.067 omega^2,-0.001 1 + -0.007 omega + -0.001 theta omega + 0.124 omega^2,-7.3303856423e-04,2.2263657647e-04,-7.3746189088e-03,-6.3129823423e-06,-1.1510502156e-03,1.2441927670e-01
5222,2024-09-02 05:55:00,0.024508,1.850389,1.308537,1.031 omega + -0.170 omega^2,-0.001 1 + 0.064 omega + -0.351 omega^2,-6.4716666616e-04,-2.7616332939e-04,6.4398307212e-02,6.4987012858e-06,3.2590190024e-04,-3.5074307099e-01
5223,2024-09-02 06:00:00,nan,nan,nan,-0.077 1 + 1.739 omega + -0.001 theta omega + -1.765 omega^2,-0.151 1 + 1.448 omega + -0.002 theta omega + -3.454 omega^2,-1.5068165860e-01,2.7512001856e-04,1.4478557100e+00,7.3499539316e-07,-1.6243404585e-03,-3.4536026163e+00
5224,2024-09-02 06:05:00,nan,nan,nan,-0.028 1 + 0.001 theta + 1.185 omega + -0.003 theta omega + -0.299 omega^2,-0.056 1 + 0.002 theta + 0.363 omega + -0.005 theta omega + -0.586 omega^2,-5.5781858627e-02,1.6004791059e-03,3.6349574063e-01,-1.1555594232e-05,-5.1342877814e-03,-5.8584271037e-01
5225,2024-09-02 06:10:00,nan,nan,nan,-0.006 1 + 1.107 omega + -0.001 theta omega + -0.357 omega^2,-0.013 1 + 0.222 omega + -0.003 theta omega + -0.738 omega^2,-1.2880005265e-02,1.4009018592e-04,2.2151236983e-01,2.8330716728e-06,-2.9526811019e-03,-7.3802821706e-01
5226,2024-09-02 06:15:00,0.023018,0.810067,0.573035,1.005 omega + 0.002 theta omega + -0.031 omega^2,-0.001 1 + 0.012 omega + 0.004 theta omega + -0.067 omega^2,-5.7208369578e-04,-2.5309493664e-04,1.2364860761e-02,-2.7229490156e-05,4.3301120864e-03,-6.6871610378e-02
5227,2024-09-02 06:20:00,0.028712,2.562762,1.812260,1.002 omega + -0.001 omega^2,0.007 omega + 0.001 theta omega,4.0724150173e-04,3.5780875036e-05,6.7940928406e-03,-1.1027072902e-06,5.4016575102e-04,4.8552504991e-04
5228,2024-09-02 06:25:00,0.020278,1.009892,0.714246,1.007 omega + 0.002 theta omega + -0.055 omega^2,0.014 omega + 0.004 theta omega + -0.104 omega^2,-9.8698782821e-05,-4.1906668522e-04,1.4491717207e-02,-2.6074007236e-05,4.0414545553e-03,-1.0375922938e-01
5229,2024-09-02 06:30:00,nan,nan,nan,0.005 1 + 0.950 omega + 0.002 theta omega + 0.087 omega^2,0.009 1 + -0.001 theta + -0.093 omega + 0.004 theta omega + 0.163 omega^2,9.0453999250e-03,-6.4769857225e-04,-9.3136147388e-02,8.1656542770e-06,4.3082380776e-03,1.6262989276e-01
5230,2024-09-02 06:35:00,0.050801,4.117104,2.911454,1.016 omega + -0.001 theta omega + -0.102 omega^2,0.001 1 + 0.033 omega + -0.003 theta omega + -0.210 omega^2,8.4530668919e-04,-2.6968176567e-04,3.2746958892e-02,1.7246007478e-05,-2.5226775102e-03,-2.1023456634e-01
5231,2024-09-02 06:40:00,0.527630,20.040224,14.175489,-0.001 1 + -0.001 theta + 1.008 omega + 0.001 theta omega + 0.033 omega^2,-0.002 1 + -0.001 theta + 0.016 omega + 0.003 theta omega + 0.059 omega^2,-2.1933769067e-03,-1.2765494890e-03,1.6152932999e-02,-1.3054296242e-04,2.8398415027e-03,5.8554920226e-02
5232,2024-09-02 06:45:00,0.021028,1.560650,1.103646,0.002 1 + 1.058 omega + 0.003 theta omega + 0.236 omega^2,0.004 1 + 0.122 omega + 0.006 theta omega + 0.497 omega^2,4.1469543694e-03,1.1521547134e-04,1.2160990778e-01,-6.8388900427e-06,5.6204072681e-03,4.9735673667e-01
5233,2024-09-02 06:50:00,0.009102,0.144868,0.102639,0.001 1 + 1.005 omega + -0.004 omega^2,0.002 1 + 0.011 omega + -0.011 omega^2,2.1069227282e-03,-3.9721701639e-04,1.1324118449e-02,1.0474441211e-05,-2.6938995803e-04,-1.0952186541e-02
5234,2024-09-02 06:55:00,0.023648,1.830891,1.294744,0.001 1 + 0.963 omega + 0.234 omega^2,0.002 1 + -0.072 omega + -0.001 theta omega + 0.474 omega^2,2.0684609209e-03,2.3813793209e-04,-7.2275335932e-02,-9.5651392815e-06,-5.3226700224e-04,4.7444718414e-01
5235,2024-09-02 07:00:00,0.006683,0.172186,0.121846,-0.001 1 + 1.025 omega + -0.119 omega^2,-0.002 1 + 0.054 omega + -0.001 theta omega + -0.245 omega^2,-1.5003717252e-03,-1.2781950024e-04,5.3814812230e-02,4.3818472821e-06,-5.5689011658e-04,-2.4492708911e-01
5236,2024-09-02 07:05:00,nan,nan,nan,0.002 1 + 0.001 theta + 1.013 omega + 0.001 theta omega + -0.064 omega^2,0.004 1 + 0.001 theta + 0.026 omega + 0.002 theta omega + -0.131 omega^2,4.3039052380e-03,1.1365012625e-03,2.5825820057e-02,9.1053519813e-05,2.0147074819e-03,-1.3139073721e-01
5237,2024-09-02 07:10:00,0.007535,0.199276,0.141010,0.009 1 + 0.897 omega + 0.003 theta omega + 0.268 omega^2,0.017 1 + -0.001 theta + -0.194 omega + 0.006 theta omega + 0.513 omega^2,1.7029471388e-02,-9.3847972823e-04,-1.9384598812e-01,1.1121735558e-05,5.6626737585e-03,5.1295441653e-01
5238,2024-09-02 07:15:00,0.031076,1.720934,1.217082,0.001 1 + 1.011 omega + 0.001 theta omega + 0.014 omega^2,0.002 1 + 0.026 omega + 0.002 theta omega + 0.036 omega^2,2.1231556714e-03,2.1846842461e-04,2.6096619428e-02,2.5542965922e-06,1.6817866817e-03,3.5544914110e-02
5239,2024-09-02 07:20:00,0.036462,1.194925,0.845333,0.998 omega + 0.001 theta omega,0.001 1 + -0.003 omega + 0.002 theta omega + 0.011 omega^2,8.0827643502e-04,-2.6928348974e-04,-3.2061501802e-03,-3.6760954805e-06,1.5679203505e-03,1.1207400711e-02
5240,2024-09-02 07:25:00,0.099767,12.591330,8.903694,-0.002 1 + 1.006 omega + -0.001 theta omega + 0.039 omega^2,-0.005 1 + 0.022 omega + -0.002 theta omega + 0.066 omega^2,-4.7264870717e-03,3.0681546154e-04,2.1818693574e-02,-4.5946642602e-06,-1.6458395767e-03,6.6454914793e-02
5241,2024-09-02 07:30:00,nan,nan,nan,0.002 1 + 0.979 omega + 0.003 theta omega + -0.208 omega^2,0.004 1 + 0.001 theta + -0.042 omega + 0.007 theta omega + -0.419 omega^2,4.4209260113e-03,6.2872912518e-04,-4.2125787673e-02,-1.4366602754e-04,6.6573441815e-03,-4.1938446191e-01
5242,2024-09-02 07:35:00,0.073973,2.662454,1.883366,0.014 1 + -0.002 theta + 0.921 omega + 0.009 theta omega + -0.112 omega^2,0.028 1 + -0.005 theta + -0.157 omega + 0.019 theta omega + -0.228 omega^2,2.7901879113e-02,-4.5689904154e-03,-1.5687433976e-01,1.5836735699e-04,1.8764860017e-02,-2.2781723294e-01
5243,2024-09-02 07:40:00,0.056120,2.281904,1.614037,0.998 omega + -0.001 theta omega + -0.054 omega^2,-0.004 omega + -0.002 theta omega + -0.105 omega^2,-3.0778770950e-04,-2.8112397106e-04,-3.6012482535e-03,1.5832179926e-05,-1.7555846713e-03,-1.0518989225e-01
5244,2024-09-02 07:45:00,0.008154,0.151981,0.107621,0.001 1 + 1.001 omega + -0.004 omega^2,0.001 1 + 0.002 omega + 0.004 omega^2,1.4041044120e-03,-8.6622779633e-05,1.5759115950e-03,-1.8824296943e-07,-2.5961775849e-04,3.9135717948e-03
5245,2024-09-02 07:50:00,nan,nan,nan,1.003 omega + -0.002 theta omega + 0.135 omega^2,0.001 1 + -0.001 theta + 0.008 omega + -0.003 theta omega + 0.247 omega^2,6.5202042676e-04,-5.4029137708e-04,8.2138966670e-03,3.3521422762e-05,-3.3595688589e-03,2.4716985462e-01
5246,2024-09-02 07:55:00,0.022223,1.528230,1.080736,0.983 omega + -0.002 theta omega + 0.201 omega^2,-0.025 omega + -0.004 theta omega + 0.356 omega^2,-1.9787793787e-05,2.5412520208e-04,-2.5446447987e-02,9.6426954317e-06,-4.3138664522e-03,3.5617663326e-01
5247,2024-09-02 08:00:00,0.016969,0.332832,0.235653,0.989 omega + 0.036 omega^2,0.001 1 + -0.037 omega + 0.001 theta omega + 0.115 omega^2,1.0878552687e-03,9.0535746075e-05,-3.7255162665e-02,-6.5314314871e-06,1.0296430618e-03,1.1453616492e-01
5248,2024-09-02 08:05:00,0.014415,0.360668,0.255234,0.001 1 + 1.001 omega + 0.001 theta omega + -0.023 omega^2,0.001 1 + 0.003 omega + 0.002 theta omega + -0.035 omega^2,9.1130030614e-04,-2.7765292331e-04,2.6598117205e-03,3.6505290471e-07,1.6092316966e-03,-3.4857652310e-02
5249,2024-09-02 08:10:00,0.022438,1.261422,0.892101,0.004 1 + 0.966 omega + 0.001 theta omega + 0.051 omega^2,0.008 1 + -0.065 omega + 0.002 theta omega + 0.101 omega^2,8.3875557169e-03,-3.5820334726e-04,-6.5096222632e-02,1.3173299812e-06,1.8443487004e-03,1.0143617369e-01
5250,2024-09-02 08:15:00,0.079638,2.904969,2.054895,0.001 1 + 1.001 omega + 0.002 theta omega + -0.101 omega^2,0.002 1 + 0.005 omega + 0.004 theta omega + -0.208 omega^2,2.2729626190e-03,-4.3057602370e-04,4.6941430062e-03,-3.0046686782e-06,4.1294320145e-03,-2.0843506740e-01
5251,2024-09-02 08:20:00,0.021303,0.921739,0.651942,1.003 omega + -0.011 omega^2,0.013 omega + -0.039 omega^2,-3.8807200350e-04,-6.8028977359e-05,1.2783657592e-02,2.1977215782e-06,-1.2732743784e-04,-3.8501725611e-02
5252,2024-09-02 08:25:00,0.019721,2.144752,1.516633,-0.005 1 + 1.049 omega + -0.003 theta omega + -0.141 omega^2,-0.009 1 + 0.001 theta + 0.096 omega + -0.007 theta omega + -0.267 omega^2,-9.4477952281e-03,8.6841441142e-04,9.6275866350e-02,-5.7671214582e-06,-6.5504324669e-03,-2.6747239869e-01
5253,2024-09-02 08:30:00,0.040749,3.821577,2.702417,-0.003 1 + 1.032 omega + -0.001 theta omega + -0.122 omega^2,-0.006 1 + 0.001 theta + 0.068 omega + -0.002 theta omega + -0.259 omega^2,-5.8062989175e-03,5.2156296696e-04,6.8424062619e-02,-1.2928675084e-05,-1.8832904924e-03,-2.5897440050e-01
5254,2024-09-02 08:35:00,0.092660,2.421362,1.713414,-0.001 theta + 1.002 omega + 0.001 theta omega + -0.026 omega^2,-0.001 theta + 0.004 omega + 0.002 theta omega + -0.044 omega^2,-1.7905248246e-04,-1.3337108372e-03,4.1840312513e-03,1.5611783034e-04,1.8797998074e-03,-4.3827853971e-02
5255,2024-09-02 08:40:00,0.023941,0.667199,0.472085,0.005 1 + 0.933 omega + 0.004 theta omega + -0.004 omega^2,0.010 1 + -0.134 omega + 0.007 theta omega + -0.006 omega^2,9.5169035998e-03,4.3743331585e-04,-1.3381059966e-01,-5.5722672706e-05,7.0307919385e-03,-6.1554315564e-03
5256,2024-09-02 08:45:00,0.095775,3.149295,2.227918,0.003 1 + -0.002 theta + 0.991 omega + 0.003 theta omega + -0.111 omega^2,0.006 1 + -0.003 theta + -0.017 omega + 0.007 theta omega + -0.220 omega^2,6.2829551757e-03,-3.1746154750e-03,-1.6546074975e-02,3.2254514613e-04,7.3055457929e-03,-2.1975728713e-01
5257,2024-09-02 08:50:00,nan,nan,nan,-0.001 1 + -0.001 theta + 1.000 omega + 0.219 omega^2,-0.002 1 + -0.002 theta + 0.001 omega + -0.001 theta omega + 0.435 omega^2,-2.0553332136e-03,-1.7895375737e-03,1.2348991149e-03,1.9274427755e-04,-8.5526228785e-04,4.3497951824e-01
5258,2024-09-02 08:55:00,0.066664,7.057717,4.990782,1.008 omega + -0.003 theta omega + 0.092 omega^2,-0.001 1 + 0.019 omega + -0.006 theta omega + 0.176 omega^2,-8.5195326934e-04,4.1563900288e-04,1.8967629927e-02,-1.7543193713e-06,-5.8083450746e-03,1.7619027907e-01
5259,2024-09-02 09:00:00,0.036405,3.798728,2.686229,-0.001 1 + 0.987 omega + -0.002 theta omega + 0.116 omega^2,-0.002 1 + 0.001 theta + -0.024 omega + -0.003 theta omega + 0.228 omega^2,-2.0983956045e-03,7.3663083833e-04,-2.3844725549e-02,-1.5054267385e-05,-3.0474271268e-03,2.2782353697e-01
5260,2024-09-02 09:05:00,nan,nan,nan,-0.005 1 + 0.002 theta + 1.034 omega + -0.004 theta omega + -0.135 omega^2,-0.010 1 + 0.004 theta + 0.071 omega + -0.008 theta omega + -0.276 omega^2,-9.5110294733e-03,3.5750118901e-03,7.1347460769e-02,-2.7868822889e-04,-8.3387216383e-03,-2.7609814110e-01
5261,2024-09-02 09:10:00,0.008999,0.370500,0.262060,0.002 1 + 1.007 omega + 0.001 theta omega + -0.260 omega^2,0.005 1 + -0.001 theta + 0.016 omega + 0.003 theta omega + -0.524 omega^2,4.8380956583e-03,-8.4565656913e-04,1.6106562056e-02,3.0077305356e-05,2.7405386067e-03,-5.2377643952e-01
5262,2024-09-02 09:15:00,0.091327,2.835340,2.005928,0.001 theta + 0.986 omega + 0.002 theta omega + -0.089 omega^2,0.002 theta + -0.027 omega + 0.005 theta omega + -0.171 omega^2,-3.8037231172e-04,2.1437230858e-03,-2.7133610655e-02,-3.2879050691e-04,4.5008780055e-03,-1.7061383935e-01
5263,2024-09-02 09:20:00,nan,nan,nan,1.012 omega + -0.027 omega^2,0.001 1 + -0.001 theta + 0.027 omega + -0.059 omega^2,7.9006650816e-04,-8.0262659982e-04,2.6783468125e-02,4.5262405315e-05,-3.6251890189e-05,-5.8925996315e-02
5264,2024-09-02 09:25:00,0.026886,0.789617,0.558667,-0.002 1 + 0.001 theta + 1.004 omega + -0.001 theta omega + 0.014 omega^2,-0.004 1 + 0.003 theta + 0.010 omega + -0.003 theta omega + 0.030 omega^2,-4.4512962462e-03,2.5866789205e-03,9.7439789032e-03,-2.8471590932e-04,-2.7293464944e-03,2.9629235636e-02
5265,2024-09-02 09:30:00,0.167000,4.981404,3.524363,1.002 omega + -0.002 theta omega + -0.059 omega^2,-0.001 theta + 0.006 omega + -0.005 theta omega + -0.102 omega^2,-2.2359941340e-04,-5.6758344604e-04,5.8513737388e-03,5.4357042076e-05,-4.9386033779e-03,-1.0249348219e-01
5266,2024-09-02 09:35:00,0.047025,3.452007,2.441164,0.003 1 + 1.020 omega + 0.001 theta omega + 0.001 omega^2,0.005 1 + 0.039 omega + 0.002 theta omega + 0.008 omega^2,5.1973542697e-03,2.9851477789e-04,3.8518998734e-02,2.1303617517e-06,2.1569768429e-03,7.5486428390e-03
5267,2024-09-02 09:40:00,0.084740,6.880309,4.865482,0.003 1 + 1.068 omega + 0.005 theta omega + 0.149 omega^2,0.007 1 + 0.141 omega + 0.010 theta omega + 0.313 omega^2,6.7886011172e-03,-3.3130245944e-04,1.4063473531e-01,-7.6724979753e-05,1.0088177047e-02,3.1293026208e-01
5268,2024-09-02 09:45:00,0.018162,0.666508,0.471467,1.002 omega + 0.001 theta omega,0.001 1 + 0.005 omega + 0.002 theta omega + 0.017 omega^2,5.4193598803e-04,4.3780036715e-04,4.9619198851e-03,6.2381070986e-05,1.7143784062e-03,1.7050639340e-02
5269,2024-09-02 09:50:00,0.033461,0.719256,0.509141,0.001 1 + 1.002 omega + -0.001 theta omega + -0.222 omega^2,0.003 1 + 0.001 theta + 0.006 omega + -0.001 theta omega + -0.449 omega^2,2.9105433886e-03,9.7760518898e-04,6.4481940147e-03,-1.9302716941e-04,-1.2809972988e-03,-4.4878067564e-01
5270,2024-09-02 09:55:00,0.037743,2.787925,1.971541,0.001 1 + 1.029 omega + 0.001 theta omega + -0.348 omega^2,0.002 1 + -0.001 theta + 0.059 omega + 0.002 theta omega + -0.699 omega^2,2.0327150890e-03,-7.1755926630e-04,5.9092527654e-02,2.4260683654e-05,2.4751016768e-03,-6.9907606995e-01
5271,2024-09-02 10:00:00,0.021144,0.875561,0.619296,0.001 1 + 0.997 omega + 0.001 theta omega + -0.038 omega^2,0.001 1 + -0.004 omega + 0.001 theta omega + -0.050 omega^2,7.8626891540e-04,-1.2842972306e-04,-3.7874569079e-03,-7.3559911306e-06,1.2358105287e-03,-5.0363524196e-02
5272,2024-09-02 10:05:00,0.022447,1.375157,0.972512,0.001 1 + 0.992 omega + 0.001 theta omega + -0.124 omega^2,0.002 1 + -0.011 omega + 0.002 theta omega + -0.237 omega^2,1.9924448421e-03,4.2980668214e-04,-1.1498352230e-02,1.3297585542e-05,2.1425385757e-03,-2.3687020565e-01
5273,2024-09-02 10:10:00,nan,nan,nan,-0.003 1 + -0.001 theta + 0.972 omega + -0.010 theta omega + 0.103 omega^2,-0.006 1 + -0.001 theta + -0.056 omega + -0.021 theta omega + 0.220 omega^2,-5.7336049665e-03,-1.2498540646e-03,-5.6073556952e-02,7.7403803103e-05,-2.1203413703e-02,2.1967882994e-01
5274,2024-09-02 10:15:00,0.039846,2.101593,1.486318,0.001 theta + 0.999 omega + 0.159 omega^2,0.002 theta + 0.001 omega + 0.001 theta^2 + 0.334 omega^2,-3.4008809277e-04,1.7550539551e-03,7.9407455091e-04,5.2271321225e-04,7.5144432095e-05,3.3384448287e-01
5275,2024-09-02 10:20:00,0.067277,2.061945,1.458791,0.001 1 + 0.998 omega + 0.029 omega^2,0.001 1 + -0.004 omega + 0.054 omega^2,1.4962469154e-03,-4.4809667198e-05,-3.8439796532e-03,-2.4222968383e-04,-2.0788774222e-04,5.4151219372e-02
5276,2024-09-02 10:25:00,0.054830,3.119342,2.206049,-0.001 1 + 0.993 omega + 0.001 theta omega + 0.053 omega^2,-0.002 1 + 0.001 theta + -0.014 omega + 0.002 theta omega + 0.103 omega^2,-2.2415369309e-03,8.0454775467e-04,-1.3832204072e-02,-8.5374014567e-05,2.2480148166e-03,1.0307251301e-01
5277,2024-09-02 10:30:00,0.062491,1.925448,1.362214,1.001 omega + 0.002 theta omega + 0.003 omega^2,0.003 omega + 0.003 theta omega + 0.029 omega^2,-4.0446106087e-04,-4.7372936177e-04,3.0372019787e-03,4.4149859565e-05,3.0135407926e-03,2.9385545298e-02
5278,2024-09-02 10:35:00,0.035435,3.370145,2.383184,-0.003 1 + 1.022 omega + -0.002 theta omega + 0.005 omega^2,-0.007 1 + 0.001 theta + 0.043 omega + -0.003 theta omega + 0.022 omega^2,-6.8612142763e-03,6.1870397633e-04,4.3465851060e-02,-8.5782533965e-06,-3.2162817933e-03,2.1531236681e-02
5279,2024-09-02 10:40:00,0.054869,4.025267,2.846558,0.001 1 + 0.996 omega + 0.001 theta omega + -0.099 omega^2,0.002 1 + -0.009 omega + 0.002 theta omega + -0.199 omega^2,1.5738330716e-03,3.6646245608e-04,-9.1543107647e-03,-1.0179771825e-04,1.8584059995e-03,-1.9888415663e-01
5280,2024-09-02 10:45:00,nan,nan,nan,0.001 1 + -0.002 theta + 1.001 omega + -0.001 theta omega + 0.303 omega^2,0.002 1 + -0.003 theta + 0.003 omega + -0.001 theta omega + 0.605 omega^2,2.4559964582e-03,-3.4047030950e-03,3.2709607467e-03,3.6351197157e-04,-1.2404826740e-03,6.0459602791e-01
5281,2024-09-02 10:50:00,0.017938,0.382071,0.270463,0.001 1 + 0.997 omega + -0.019 omega^2,0.002 1 + -0.005 omega + -0.049 omega^2,1.9101604394e-03,2.1465377798e-04,-4.9508747188e-03,-3.4536462026e-05,-3.2316476887e-04,-4.9169026551e-02
5282,2024-09-02 10:55:00,0.070388,3.122755,2.208682,1.001 omega + 0.001 theta omega + -0.053 omega^2,-0.001 1 + 0.002 omega + 0.002 theta omega + -0.097 omega^2,-8.1925587577e-04,-2.0974031432e-04,2.3581236338e-03,3.9766439295e-05,2.1928601452e-03,-9.6666526230e-02
5283,2024-09-02 11:00:00,0.073402,4.385725,3.101610,1.017 omega + -0.001 theta omega + -0.049 omega^2,0.037 omega + -0.002 theta omega + -0.102 omega^2,1.6539564096e-04,-4.8179241945e-04,3.7046498344e-02,3.1084586858e-05,-1.6603575937e-03,-1.0224791960e-01
5284,2024-09-02 11:05:00,0.062035,2.862364,2.024472,0.002 1 + 1.003 omega + -0.001 theta omega + -0.093 omega^2,0.003 1 + -0.001 theta + 0.007 omega + -0.002 theta omega + -0.190 omega^2,3.4111004445e-03,-8.6633388510e-04,7.0889071927e-03,-6.6057140255e-05,-2.4654621333e-03,-1.8973938143e-01
5285,2024-09-02 11:10:00,0.071411,3.081444,2.179495,-0.009 1 + -0.001 theta + 0.954 omega + -0.003 theta omega + 0.019 omega^2,-0.019 1 + -0.002 theta + -0.092 omega + -0.007 theta omega + 0.040 omega^2,-1.9082529355e-02,-2.2504132153e-03,-9.2120471417e-02,-5.8899852582e-05,-6.6438161333e-03,4.0497308420e-02
5286,2024-09-02 11:15:00,0.078770,2.938982,2.078921,-0.001 theta + 1.011 omega + -0.005 theta omega + 0.014 omega^2,0.001 1 + -0.001 theta + 0.023 omega + -0.010 theta omega + 0.020 omega^2,7.0115258536e-04,-1.3312658013e-03,2.3225466574e-02,7.9675789477e-05,-9.7310673971e-03,1.9967388785e-02
5287,2024-09-02 11:20:00,0.019584,0.492802,0.348739,-0.004 1 + -0.001 theta + 0.970 omega + -0.006 theta omega + 0.023 omega^2,-0.007 1 + -0.002 theta + -0.059 omega + -0.011 theta omega + 0.057 omega^2,-7.3044552999e-03,-2.4375602594e-03,-5.8952948560e-02,-1.7032911722e-04,-1.1025254553e-02,5.6959808221e-02
5288,2024-09-02 11:25:00,0.038821,1.396532,0.987879,-0.001 1 + 1.010 omega + -0.001 theta omega + -0.010 omega^2,-0.002 1 + 0.001 theta + 0.019 omega + -0.002 theta omega + -0.034 omega^2,-2.1298659659e-03,5.8299097781e-04,1.8981341608e-02,-4.2964808659e-05,-2.1085091191e-03,-3.3885598487e-02
5289,2024-09-02 11:30:00,nan,nan,nan,-0.003 1 + -0.001 theta + 0.982 omega + -0.005 theta omega + 0.062 omega^2,-0.007 1 + -0.002 theta + -0.037 omega + -0.009 theta omega + 0.118 omega^2,-6.7677386615e-03,-1.5134217311e-03,-3.7107034608e-02,-3.1940909217e-05,-9.4356719895e-03,1.1776421445e-01
5290,2024-09-02 11:35:00,nan,nan,nan,-0.001 1 + 0.997 omega + -0.004 theta omega + 0.112 omega^2,-0.001 1 + -0.007 omega + -0.008 theta omega + 0.239 omega^2,-1.4387737755e-03,-2.9224614629e-04,-6.9890568633e-03,1.7160686735e-04,-7.9395874914e-03,2.3918059609e-01
5291,2024-09-02 11:40:00,0.026223,0.582403,0.412238,0.001 1 + 1.006 omega + -0.001 theta omega + -0.074 omega^2,0.002 1 + 0.015 omega + -0.002 theta omega + -0.153 omega^2,2.0352025459e-03,2.3151812126e-04,1.5290325372e-02,-2.5483286266e-05,-1.9338983483e-03,-1.5342614866e-01
5292,2024-09-02 11:45:00,nan,nan,nan,0.997 omega + 0.002 theta omega + -0.068 omega^2,-0.003 omega + 0.005 theta omega + -0.167 omega^2,2.6057794484e-04,-5.9146389155e-05,-3.3678823279e-03,-1.9015770468e-05,4.5967639961e-03,-1.6741234882e-01
5293,2024-09-02 11:50:00,nan,nan,nan,0.002 theta + 1.010 omega + 0.001 theta omega + 0.233 omega^2,0.003 theta + 0.023 omega + 0.001 theta^2 + 0.001 theta omega + 0.480 omega^2,-2.7741830461e-04,3.2856004002e-03,2.3307899588e-02,6.2186721489e-04,1.4216424410e-03,4.8019538607e-01
5294,2024-09-02 11:55:00,0.072079,1.919233,1.358060,0.001 1 + -0.001 theta + 1.004 omega + -0.002 theta omega + -0.107 omega^2,0.001 1 + -0.002 theta + 0.008 omega + -0.004 theta omega + -0.208 omega^2,1.3655084562e-03,-1.6198231269e-03,8.2553496281e-03,1.1805893347e-04,-4.2486192422e-03,-2.0754859760e-01
5295,2024-09-02 12:00:00,0.047564,5.351920,3.784528,0.001 1 + 1.007 omega + -0.001 theta omega + -0.083 omega^2,0.003 1 + -0.001 theta + 0.015 omega + -0.001 theta omega + -0.161 omega^2,2.5765021795e-03,-7.8972405917e-04,1.5198695024e-02,5.1957307118e-05,-1.2197652317e-03,-1.6136957426e-01
5296,2024-09-02 12:05:00,0.065909,2.395612,1.694594,-0.001 1 + 0.001 theta + 1.003 omega + -0.062 omega^2,-0.002 1 + 0.002 theta + 0.005 omega + -0.001 theta omega + -0.113 omega^2,-2.0546808106e-03,1.5093468159e-03,4.6082548071e-03,-1.4513201974e-04,-6.3486950591e-04,-1.1318020337e-01
5297,2024-09-02 12:10:00,0.039756,2.702619,1.911247,0.001 1 + 1.000 omega + 0.001 theta omega + -0.106 omega^2,0.003 1 + -0.001 theta + 0.001 omega + 0.002 theta omega + -0.218 omega^2,2.7830324536e-03,-5.4572454074e-04,1.0515716493e-03,1.9472011313e-05,2.2974843667e-03,-2.1790357005e-01
5298,2024-09-02 12:15:00,0.052377,1.715358,1.213507,0.002 1 + 0.983 omega + 0.002 theta omega + 0.006 omega^2,0.003 1 + -0.035 omega + 0.004 theta omega + 0.017 omega^2,3.3068560745e-03,-2.5165393899e-04,-3.4648285950e-02,-1.7237197251e-05,3.8572251514e-03,1.6968237142e-02
5299,2024-09-02 12:20:00,0.123853,7.531986,5.326638,0.002 1 + 1.006 omega + 0.002 theta omega + -0.070 omega^2,0.004 1 + 0.013 omega + 0.004 theta omega + -0.135 omega^2,3.8441772625e-03,3.0012973438e-04,1.2838050637e-02,-1.8560184477e-05,4.2368580573e-03,-1.3512948679e-01
5300,2024-09-02 12:25:00,0.050936,1.256677,0.889335,0.003 1 + 0.001 theta + 1.037 omega + 0.002 theta omega + 0.126 omega^2,0.006 1 + 0.002 theta + 0.072 omega + 0.004 theta omega + 0.247 omega^2,6.3345665453e-03,1.6367677570e-03,7.1702786016e-02,7.0348798951e-05,4.2643374382e-03,2.4727235116e-01
5301,2024-09-02 12:30:00,nan,nan,nan,-0.001 1 + 0.997 omega + 0.001 theta omega + -0.147 omega^2,-0.002 1 + -0.001 theta + -0.004 omega + 0.003 theta omega + -0.288 omega^2,-1.7436519057e-03,-7.3813694944e-04,-3.5217290996e-03,-3.8085942234e-05,2.8346532258e-03,-2.8820058509e-01
5302,2024-09-02 12:35:00,nan,nan,nan,0.001 1 + -0.001 theta + 1.006 omega + -0.009 theta omega + -0.227 omega^2,0.002 1 + -0.002 theta + 0.014 omega + -0.018 theta omega + -0.459 omega^2,1.6442622955e-03,-1.8324286878e-03,1.3788633123e-02,2.1732933704e-04,-1.7750654057e-02,-4.5881435091e-01
5303,2024-09-02 12:40:00,0.028743,1.039608,0.735395,0.988 omega + -0.002 theta omega + 0.005 omega^2,-0.027 omega + -0.004 theta omega + -0.016 omega^2,4.4350503155e-05,3.5973507044e-04,-2.6903178542e-02,5.5155160089e-05,-4.2201861357e-03,-1.5940558347e-02
5304,2024-09-02 12:45:00,0.043649,1.689011,1.194710,1.001 omega + 0.071 omega^2,0.001 1 + 0.003 omega + -0.001 theta omega + 0.129 omega^2,1.0098717618e-03,-2.2838426070e-04,2.7949966591e-03,-4.1095240623e-05,-7.2969825760e-04,1.2897239605e-01
5305,2024-09-02 12:50:00,0.047728,1.533111,1.084598,0.001 1 + 0.977 omega + 0.001 theta omega + 0.114 omega^2,0.002 1 + -0.040 omega + 0.001 theta omega + 0.209 omega^2,1.6969042439e-03,9.3246509399e-05,-4.0167425665e-02,-1.4382776204e-05,9.2900214669e-04,2.0862177310e-01
5306,2024-09-02 12:55:00,0.180400,8.541504,6.041102,-0.001 1 + 0.999 omega + 0.001 theta omega + 0.024 omega^2,-0.002 1 + 0.001 theta + -0.001 omega + 0.001 theta omega + 0.052 omega^2,-1.5737821047e-03,6.7780220610e-04,-1.1328305693e-03,-8.6998326106e-05,1.3195422856e-03,5.1855836928e-02
5307,2024-09-02 13:00:00,0.055219,1.587549,1.123246,-0.011 1 + 0.923 omega + -0.004 theta omega + 0.001 omega^2,-0.022 1 + -0.001 theta + -0.156 omega + -0.008 theta omega + -0.005 omega^2,-2.1831506878e-02,-7.2306794718e-04,-1.5571142348e-01,2.4901938541e-05,-7.6595868955e-03,-4.5268579959e-03
5308,2024-09-02 13:05:00,nan,nan,nan,-0.001 theta + 1.002 omega + 0.002 theta omega + -0.129 omega^2,-0.002 theta + 0.005 omega + 0.004 theta omega + -0.254 omega^2,1.4163901315e-05,-1.6042601786e-03,5.0595640872e-03,-1.7808568410e-04,3.8363352913e-03,-2.5443156760e-01
5309,2024-09-02 13:10:00,0.069054,2.408128,1.703504,1.000 omega + 0.002 theta omega + -0.136 omega^2,-0.001 theta + 0.001 omega + 0.004 theta omega + -0.248 omega^2,3.5930291479e-04,-5.9594843667e-04,1.3798584887e-03,1.3094358339e-04,3.5421259037e-03,-2.4780225235e-01
5310,2024-09-02 13:15:00,0.034782,1.462247,1.034257,0.001 1 + 1.000 omega + -0.095 omega^2,0.002 1 + 0.001 omega + -0.168 omega^2,1.6949100500e-03,-2.5411327732e-04,1.2339805718e-03,-5.7239633465e-06,2.0716709509e-04,-1.6792376259e-01
5311,2024-09-02 13:20:00,0.065654,3.228305,2.283228,1.033 omega + 0.003 theta omega + 0.098 omega^2,0.001 1 + 0.068 omega + 0.006 theta omega + 0.204 omega^2,6.8658771594e-04,4.5286434796e-04,6.8197889565e-02,2.8384967093e-05,6.1780076829e-03,2.0389494399e-01
5312,2024-09-02 13:25:00,0.058303,8.590593,6.074606,0.975 omega + 0.002 theta omega + -0.381 omega^2,-0.048 omega + 0.005 theta omega + -0.771 omega^2,4.4270979912e-04,4.6700546261e-04,-4.7919289723e-02,1.1296249877e-05,4.5705559351e-03,-7.7119645769e-01
5313,2024-09-02 13:30:00,nan,nan,nan,-0.003 1 + 0.946 omega + -0.003 theta omega + -0.190 omega^2,-0.006 1 + -0.107 omega + -0.005 theta omega + -0.387 omega^2,-6.0476523866e-03,-2.6026591047e-04,-1.0735521618e-01,1.7018405952e-05,-5.4095111494e-03,-3.8694387319e-01
5314,2024-09-02 13:35:00,0.112319,4.752662,3.361578,0.001 1 + 0.998 omega + 0.002 theta omega + -0.034 omega^2,0.002 1 + -0.001 theta + -0.002 omega + 0.003 theta omega + -0.079 omega^2,2.0881771238e-03,-8.9845250562e-04,-1.9498480217e-03,5.0531117196e-05,3.1342900143e-03,-7.8649839642e-02
5315,2024-09-02 13:40:00,0.035994,1.053193,0.745155,0.990 omega + 0.199 omega^2,-0.017 omega + -0.001 theta omega + 0.374 omega^2,8.9104374704e-05,4.3340456276e-04,-1.6556449274e-02,-9.4819504713e-05,-8.7301094602e-04,3.7448989597e-01
5316,2024-09-02 13:45:00,0.037266,1.917773,1.356327,0.001 1 + 0.988 omega + -0.096 omega^2,0.001 1 + 0.001 theta + -0.020 omega + 0.001 theta omega + -0.174 omega^2,1.2339573309e-03,5.7208599849e-04,-1.9811632838e-02,3.2368460792e-05,5.4968870050e-04,-1.7418359258e-01
5317,2024-09-02 13:50:00,1.571231,100.246326,70.893563,1.023 omega + 0.003 theta omega + -0.048 omega^2,-0.001 theta + 0.047 omega + 0.005 theta omega + -0.084 omega^2,1.4546857105e-04,-6.9776839665e-04,4.7015270498e-02,-5.9160071439e-05,5.1099684748e-03,-8.3661622607e-02
5318,2024-09-02 13:55:00,0.041205,3.499326,2.474569,0.002 1 + 1.018 omega + 0.053 omega^2,0.005 1 + 0.041 omega + 0.001 theta omega + 0.118 omega^2,5.0531618864e-03,3.3746699148e-04,4.1176875538e-02,5.7699200451e-06,1.0288880383e-03,1.1816135530e-01
5319,2024-09-02 14:00:00,0.026507,1.018101,0.720150,0.004 1 + 1.029 omega + 0.001 theta omega + 0.051 omega^2,0.008 1 + 0.054 omega + 0.001 theta omega + 0.084 omega^2,7.7539445417e-03,3.2674642038e-04,5.3641934308e-02,3.1374029949e-06,1.2086928068e-03,8.4171527331e-02
5320,2024-09-02 14:05:00,0.030814,0.917214,0.648934,-0.002 1 + 0.978 omega + -0.001 theta omega + -0.048 omega^2,-0.003 1 + -0.038 omega + -0.001 theta omega + -0.086 omega^2,-3.3497280544e-03,-1.0261375226e-04,-3.7758435839e-02,7.9847798556e-06,-1.1694776569e-03,-8.5964356354e-02
5321,2024-09-02 14:10:00,0.043481,2.689664,1.902128,0.001 1 + 0.997 omega + 0.001 theta omega + -0.044 omega^2,0.001 1 + -0.007 omega + 0.001 theta omega + -0.094 omega^2,1.4596926679e-03,1.3581081550e-04,-6.7380481052e-03,-5.1529050972e-05,1.2813767497e-03,-9.3509048018e-02
5322,2024-09-02 14:15:00,0.054077,1.350581,0.955770,1.013 omega + 0.002 theta omega + 0.094 omega^2,0.001 theta + 0.027 omega + 0.003 theta omega + 0.196 omega^2,-2.7445642036e-04,6.6731142985e-04,2.6653536998e-02,6.5181158617e-05,3.0627525855e-03,1.9616824130e-01
5323,2024-09-02 14:20:00,0.062783,3.622117,2.561608,0.998 omega + 0.001 theta omega + -0.042 omega^2,-0.003 omega + 0.002 theta omega + -0.086 omega^2,-8.2919922559e-05,-1.4131253829e-04,-3.4651659918e-03,-4.6293931986e-05,2.0361970309e-03,-8.6069831822e-02
5324,2024-09-02 14:25:00,nan,nan,nan,0.024 1 + 0.002 theta + 1.180 omega + 0.011 theta omega + 0.093 omega^2,0.048 1 + 0.003 theta + 0.363 omega + 0.022 theta omega + 0.192 omega^2,4.7501923843e-02,3.0965596963e-03,3.6345309793e-01,2.9907799421e-06,2.1729606582e-02,1.9247897437e-01
5325,2024-09-02 14:30:00,0.021532,0.602118,0.426034,0.001 1 + 1.001 omega + 0.001 theta omega + -0.050 omega^2,0.002 1 + 0.002 omega + 0.002 theta omega + -0.094 omega^2,1.6625677121e-03,-3.1090683611e-04,1.8638210730e-03,1.5807762006e-06,1.5189010922e-03,-9.3727315945e-02
5326,2024-09-02 14:35:00,nan,nan,nan,0.001 1 + 1.010 omega + -0.175 omega^2,0.003 1 + 0.025 omega + -0.001 theta omega + -0.376 omega^2,2.6868070178e-03,-3.0950626244e-04,2.5139006188e-02,2.1290872703e-06,-9.2859869363e-04,-3.7604725674e-01
5327,2024-09-02 14:40:00,0.020950,0.762249,0.539195,1.000 omega + -0.002 theta omega + 0.128 omega^2,0.001 1 + 0.001 omega + -0.003 theta omega + 0.246 omega^2,7.3435282237e-04,-1.1096307581e-04,1.2963117866e-03,-8.1169534275e-05,-3.3673390749e-03,2.4612877095e-01
5328,2024-09-02 14:45:00,0.066809,2.097008,1.483561,-0.002 1 + -0.001 theta + 0.981 omega + -0.009 theta omega + 0.250 omega^2,-0.005 1 + -0.003 theta + -0.037 omega + -0.017 theta omega + 0.487 omega^2,-4.8504170958e-03,-2.9105191702e-03,-3.6753330882e-02,-3.6641969573e-04,-1.6715613751e-02,4.8738775678e-01
5329,2024-09-02 14:50:00,0.021146,0.708366,0.501114,0.001 1 + 1.011 omega + 0.011 omega^2,0.001 1 + 0.024 omega + 0.001 theta omega + 0.029 omega^2,1.2065677383e-03,-2.5376792259e-05,2.3673871464e-02,-2.6104693253e-06,8.9111508903e-04,2.8594392687e-02
5330,2024-09-02 14:55:00,nan,nan,nan,-0.002 theta + 1.024 omega + 0.007 theta omega + -0.066 omega^2,-0.003 theta + 0.050 omega + 0.013 theta omega + -0.142 omega^2,-4.8308651047e-04,-3.1036661247e-03,5.0469487416e-02,8.6666142859e-05,1.3299984018e-02,-1.4164145423e-01
5331,2024-09-02 15:00:00,0.011592,0.282242,0.199744,-0.001 1 + 1.003 omega + 0.024 omega^2,-0.002 1 + 0.007 omega + -0.001 theta omega + 0.047 omega^2,-1.7416311283e-03,-2.9272048419e-04,6.6347737137e-03,-2.2643292204e-06,-9.5020142969e-04,4.6653112186e-02
5332,2024-09-02 15:05:00,0.013230,0.778184,0.550339,-0.001 1 + 0.992 omega + -0.001 theta omega + 0.001 omega^2,-0.001 1 + 0.001 theta + -0.016 omega + -0.002 theta omega + 0.002 omega^2,-1.1926665004e-03,5.0478580316e-04,-1.5646281555e-02,1.0996896596e-04,-2.1994633882e-03,2.0286510921e-03
5333,2024-09-02 15:10:00,0.012416,0.292132,0.206755,-0.005 1 + 0.950 omega + -0.002 theta omega + -0.092 omega^2,-0.011 1 + -0.001 theta + -0.101 omega + -0.004 theta omega + -0.181 omega^2,-1.0975382600e-02,-5.2780677622e-04,-1.0061951155e-01,1.0314602612e-05,-4.2888383735e-03,-1.8096968193e-01
5334,2024-09-02 15:15:00,0.038142,4.007203,2.833649,-0.001 1 + 1.001 omega + -0.001 theta omega + 0.034 omega^2,-0.001 1 + 0.003 omega + -0.001 theta omega + 0.056 omega^2,-1.2692093968e-03,2.4014457218e-04,3.3852665639e-03,-5.4100472008e-06,-9.8668813737e-04,5.5913890343e-02
5335,2024-09-02 15:20:00,0.066640,4.488978,3.174536,-0.001 1 + -0.001 theta + 0.999 omega + -0.002 theta omega + 0.206 omega^2,-0.001 1 + -0.002 theta + -0.001 omega + -0.004 theta omega + 0.410 omega^2,-1.3432549538e-03,-2.1690231163e-03,-8.3015387746e-04,3.0642290285e-04,-4.2556266309e-03,4.0988503689e-01
5336,2024-09-02 15:25:00,nan,nan,nan,1.013 omega + 0.002 theta omega + -0.051 omega^2,-0.001 theta + 0.026 omega + 0.004 theta omega + -0.104 omega^2,-5.6058047059e-05,-8.4503709950e-04,2.5915800960e-02,9.1576205430e-06,3.8213845182e-03,-1.0369038803e-01
5337,2024-09-02 15:30:00,0.043903,1.707005,1.207434,-0.001 1 + 0.002 theta + 1.018 omega + -0.004 theta omega + -0.267 omega^2,-0.003 1 + 0.004 theta + 0.038 omega + -0.008 theta omega + -0.536 omega^2,-2.9757523038e-03,3.7804454316e-03,3.8195877282e-02,-4.8148558528e-04,-8.0590357883e-03,-5.3623426425e-01
5338,2024-09-02 15:35:00,0.015087,0.348161,0.246418,-0.003 1 + 0.001 theta + 1.012 omega + 0.003 theta omega + 0.279 omega^2,-0.005 1 + 0.001 theta + 0.027 omega + 0.007 theta omega + 0.574 omega^2,-5.2753825854e-03,1.0826714893e-03,2.7160649332e-02,4.0639452722e-04,7.1191966536e-03,5.7423637472e-01
5339,2024-09-02 15:40:00,0.050669,3.482679,2.462887,1.006 omega + 0.001 theta omega + -0.046 omega^2,0.001 1 + 0.013 omega + 0.002 theta omega + -0.094 omega^2,6.0352630374e-04,-3.1068717824e-04,1.3297981611e-02,2.4527919842e-06,1.9202458964e-03,-9.4280528067e-02
5340,2024-09-02 15:45:00,0.035551,3.059355,2.163436,-0.002 1 + 1.000 omega + 0.081 omega^2,-0.003 1 + 0.001 theta + -0.002 omega + 0.165 omega^2,-3.2600987081e-03,5.7886258422e-04,-1.5312552152e-03,-3.3932405149e-05,2.0929203201e-06,1.6531454750e-01
5341,2024-09-02 15:50:00,0.031420,1.048323,0.741609,-0.001 1 + 1.009 omega + 0.001 theta omega + 0.038 omega^2,-0.001 1 + 0.018 omega + 0.003 theta omega + 0.077 omega^2,-1.2675003092e-03,9.6756032358e-05,1.7919862387e-02,3.1205129170e-05,2.5233086886e-03,7.7195698883e-02
5342,2024-09-02 15:55:00,0.024900,0.800525,0.566331,0.002 1 + 0.991 omega + -0.006 omega^2,0.004 1 + -0.020 omega + 0.001 theta omega + 0.002 omega^2,3.9545460607e-03,-2.9532191065e-04,-1.9830254231e-02,3.6500862984e-06,8.2032354594e-04,2.3185400024e-03
5343,2024-09-02 16:00:00,0.014159,0.479527,0.339225,-0.001 1 + 1.007 omega + 0.001 theta omega + -0.041 omega^2,-0.001 1 + 0.013 omega + 0.003 theta omega + -0.085 omega^2,-1.1793715734e-03,-1.1838187774e-04,1.3067023237e-02,4.2865625970e-05,2.5046579431e-03,-8.4890950832e-02
5344,2024-09-02 16:05:00,0.022697,0.666271,0.471398,0.002 1 + 0.965 omega + 0.147 omega^2,0.005 1 + -0.070 omega + 0.298 omega^2,4.6603097951e-03,-3.4243787899e-05,-7.0103152123e-02,-1.0317942781e-06,1.2466405615e-04,2.9829527106e-01
5345,2024-09-02 16:10:00,0.024389,1.844087,1.304081,-0.001 1 + 1.040 omega + -0.002 theta omega + -0.161 omega^2,-0.002 1 + 0.080 omega + -0.004 theta omega + -0.319 omega^2,-2.3836608511e-03,-2.5149756891e-05,8.0467232661e-02,1.2700648826e-05,-3.9327904416e-03,-3.1888448576e-01
5346,2024-09-02 16:15:00,nan,nan,nan,0.010 1 + -0.001 theta + 0.920 omega + 0.002 theta omega + 0.137 omega^2,0.020 1 + -0.001 theta + -0.159 omega + 0.005 theta omega + 0.276 omega^2,2.0453332330e-02,-1.0284342667e-03,-1.5944004193e-01,6.9293478242e-06,4.8989394577e-03,2.7599085678e-01
5347,2024-09-02 16:20:00,0.028628,1.660164,1.174088,0.005 1 + 1.084 omega + 0.299 omega^2,0.009 1 + 0.169 omega + 0.601 omega^2,9.2982878256e-03,-1.2495499301e-04,1.6871529894e-01,-1.0853131794e-06,-1.3336899349e-05,6.0067114268e-01
5348,2024-09-02 16:25:00,nan,nan,nan,0.001 1 + 0.996 omega + -0.225 omega^2,0.002 1 + -0.001 theta + -0.007 omega + -0.452 omega^2,2.2947581390e-03,-9.5561998396e-04,-6.8843919715e-03,-8.1713444148e-05,6.5514033801e-05,-4.5201971042e-01
5349,2024-09-02 16:30:00,nan,nan,nan,0.007 1 + 0.905 omega + 0.002 theta omega + 0.296 omega^2,0.014 1 + -0.001 theta + -0.191 omega + 0.004 theta omega + 0.608 omega^2,1.4216501214e-02,-5.1464987460e-04,-1.9113690014e-01,-5.9964735221e-07,4.4293864660e-03,6.0832210298e-01
5350,2024-09-02 16:35:00,0.035199,2.363805,1.671648,-0.001 1 + 1.018 omega + -0.069 omega^2,-0.002 1 + 0.040 omega + -0.146 omega^2,-2.0583754571e-03,1.0216888356e-05,4.0081798240e-02,-3.8387008306e-07,-3.6158866877e-05,-1.4602156042e-01
5351,2024-09-02 16:40:00,0.088726,1.889497,1.337549,0.005 1 + -0.001 theta + 0.935 omega + 0.011 theta omega + 0.017 omega^2,0.010 1 + -0.001 theta + -0.128 omega + 0.021 theta omega + 0.026 omega^2,9.7416390187e-03,-1.4809363558e-03,-1.2789345411e-01,-2.4801214975e-05,2.0893335327e-02,2.6429513495e-02
5352,2024-09-02 16:45:00,0.019482,0.401511,0.284245,0.001 1 + 0.989 omega + 0.020 omega^2,0.002 1 + -0.016 omega + 0.033 omega^2,1.5519610564e-03,3.6457288235e-05,-1.5551744143e-02,-4.1428165996e-06,3.9217156826e-04,3.2783627592e-02
5353,2024-09-02 16:50:00,0.045751,5.899410,4.171638,1.030 omega + 0.132 omega^2,0.060 omega + 0.001 theta omega + 0.262 omega^2,-5.8014045123e-05,-3.3292533941e-04,6.0445628873e-02,-1.2174483642e-05,7.8538728017e-04,2.6245828673e-01
5354,2024-09-02 16:55:00,nan,nan,nan,1.014 omega + 0.002 theta omega + -0.089 omega^2,0.001 1 + -0.001 theta + 0.029 omega + 0.003 theta omega + -0.179 omega^2,8.5818717990e-04,-6.1096775749e-04,2.8701745112e-02,2.8566780431e-07,3.4112130162e-03,-1.7850621050e-01
5355,2024-09-02 17:00:00,0.030283,0.755268,0.534484,0.018 1 + -0.001 theta + 0.897 omega + 0.003 theta omega + 0.100 omega^2,0.036 1 + -0.002 theta + -0.206 omega + 0.007 theta omega + 0.205 omega^2,3.5525752228e-02,-2.1298335987e-03,-2.0604634874e-01,2.7909275183e-05,7.0596487791e-03,2.0538149942e-01
5356,2024-09-02 17:05:00,0.028493,1.126209,0.796605,0.002 1 + 0.977 omega + -0.001 theta omega + 0.148 omega^2,0.003 1 + -0.041 omega + -0.001 theta omega + 0.287 omega^2,2.8066655819e-03,-1.5863235343e-04,-4.1390950601e-02,8.2268186944e-06,-1.0835119015e-03,2.8683701664e-01
5357,2024-09-02 17:10:00,nan,nan,nan,-0.005 1 + 0.001 theta + 1.053 omega + -0.003 theta omega + -0.226 omega^2,-0.009 1 + 0.002 theta + 0.111 omega + -0.007 theta omega + -0.466 omega^2,-9.4910884067e-03,2.1893421900e-03,1.1061909715e-01,-9.2606614676e-05,-6.7873442621e-03,-4.6623069817e-01
5358,2024-09-02 17:15:00,0.074722,2.588948,1.831425,0.001 1 + 0.977 omega + 0.003 theta omega + -0.040 omega^2,0.003 1 + -0.044 omega + 0.006 theta omega + -0.062 omega^2,2.5660602464e-03,3.2073162648e-05,-4.4428355782e-02,-3.4484698945e-05,5.6037446513e-03,-6.1910708605e-02
5359,2024-09-02 17:20:00,0.014008,0.492850,0.348638,0.997 omega + 0.051 omega^2,-0.001 1 + 0.001 theta + -0.005 omega + 0.104 omega^2,-5.8402545193e-04,6.9622589485e-04,-4.6747753534e-03,4.5292521188e-05,-1.9240633648e-04,1.0449882079e-01
5360,2024-09-02 17:25:00,nan,nan,nan,1.005 omega + -0.008 theta omega + -0.008 omega^2,0.001 1 + 0.011 omega + -0.015 theta omega + -0.011 omega^2,8.8723223072e-04,7.3788882227e-05,1.1289541904e-02,8.5064695879e-05,-1.5100042546e-02,-1.1005455850e-02
5361,2024-09-02 17:30:00,0.023099,1.393614,0.985569,-0.001 1 + 1.014 omega + -0.001 theta omega + -0.037 omega^2,-0.002 1 + 0.030 omega + -0.001 theta omega + -0.067 omega^2,-2.3092036115e-03,9.6419701203e-05,2.9597339678e-02,1.8077849307e-06,-1.1039749156e-03,-6.6576612032e-02
5362,2024-09-02 17:35:00,0.014569,0.879483,0.621974,0.004 1 + 0.961 omega + 0.001 theta omega + 0.065 omega^2,0.009 1 + -0.079 omega + 0.003 theta omega + 0.131 omega^2,8.8904912724e-03,-3.8906188649e-04,-7.8929423846e-02,-6.6841593304e-07,2.6076943452e-03,1.3070461229e-01
5363,2024-09-02 17:40:00,nan,nan,nan,0.002 1 + -0.001 theta + 0.996 omega + 0.002 theta omega + 0.154 omega^2,0.003 1 + -0.003 theta + -0.008 omega + 0.003 theta omega + 0.305 omega^2,3.1878777589e-03,-2.6764027241e-03,-7.8938743012e-03,2.0697177781e-04,3.3436752300e-03,3.0523381286e-01
5364,2024-09-02 17:45:00,0.011762,0.283420,0.200581,-0.007 1 + 0.913 omega + -0.003 theta omega + -0.099 omega^2,-0.014 1 + -0.175 omega + -0.007 theta omega + -0.200 omega^2,-1.4449726135e-02,-1.4758769564e-05,-1.7544658746e-01,3.2500893454e-05,-6.6967338474e-03,-2.0010980270e-01
5365,2024-09-02 17:50:00,0.045303,4.505042,3.185707,1.026 omega + -0.131 omega^2,0.054 omega + -0.274 omega^2,-9.0693371458e-05,-1.2345180000e-04,5.4363146088e-02,2.0501001361e-06,-4.5067135888e-04,-2.7444375855e-01
5366,2024-09-02 17:55:00,0.024859,1.181454,0.835599,-0.001 1 + 1.027 omega + -0.001 theta omega + -0.078 omega^2,-0.002 1 + 0.054 omega + -0.003 theta omega + -0.153 omega^2,-2.1874640171e-03,3.3146021429e-04,5.4035654124e-02,-1.1783012677e-05,-2.5021635467e-03,-1.5307179797e-01
5367,2024-09-02 18:00:00,0.067537,4.422811,3.127764,-0.001 1 + 1.007 omega + 0.001 theta omega + 0.044 omega^2,-0.003 1 + 0.012 omega + 0.002 theta omega + 0.094 omega^2,-2.5589218495e-03,-4.6478056106e-04,1.2457521819e-02,7.1008145930e-06,2.2668468406e-03,9.4467504685e-02
5368,2024-09-02 18:05:00,0.030364,2.877972,2.035147,0.996 omega + 0.049 omega^2,-0.004 omega + -0.001 theta omega + 0.088 omega^2,-7.1603593814e-05,-8.2988794498e-06,-4.2963385749e-03,4.1294356724e-06,-6.4299989545e-04,8.8299714549e-02
5369,2024-09-02 18:10:00,0.122059,4.906606,3.470568,0.001 1 + 0.989 omega + 0.001 theta omega + 0.079 omega^2,0.001 1 + -0.020 omega + 0.001 theta omega + 0.156 omega^2,9.8668759872e-04,3.4247488705e-05,-1.9619058298e-02,-2.1564234334e-05,1.1607076501e-03,1.5594723400e-01
5370,2024-09-02 18:15:00,nan,nan,nan,-0.001 theta + 1.000 omega + 0.002 theta omega + 0.028 omega^2,-0.002 theta + 0.002 omega + 0.003 theta omega + 0.054 omega^2,1.5134102238e-04,-2.0537191042e-03,2.3368811688e-03,3.6738048296e-04,3.4367420883e-03,5.3645237873e-02
5371,2024-09-02 18:20:00,0.035716,1.350039,0.954955,0.001 1 + 1.000 omega + 0.008 omega^2,0.001 1 + 0.007 omega + 0.003 omega^2,1.1511313803e-03,-2.1884235397e-04,6.6011355303e-03,4.7735003813e-06,-2.1139057540e-04,3.0094326398e-03
5372,2024-09-02 18:25:00,0.062424,4.019845,2.842802,-0.001 1 + 1.048 omega + -0.002 theta omega + -0.224 omega^2,-0.002 1 + 0.001 theta + 0.097 omega + -0.004 theta omega + -0.442 omega^2,-2.4444009933e-03,6.1572866194e-04,9.6829416450e-02,-2.3236058405e-05,-3.6228795718e-03,-4.4201072810e-01
5373,2024-09-02 18:30:00,0.007430,0.156382,0.110704,0.007 1 + 0.921 omega + 0.004 theta omega + 0.157 omega^2,0.012 1 + -0.001 theta + -0.152 omega + 0.007 theta omega + 0.314 omega^2,1.2342029279e-02,-6.7114705470e-04,-1.5174423846e-01,-8.6240355004e-06,6.9189217651e-03,3.1428972368e-01
5374,2024-09-02 18:35:00,nan,nan,nan,0.002 1 + 0.965 omega + -0.001 theta omega + 0.212 omega^2,0.003 1 + -0.068 omega + -0.001 theta omega + 0.419 omega^2,3.1688299965e-03,1.4338524566e-04,-6.8312539247e-02,-4.6194928402e-06,-1.0046530362e-03,4.1888955379e-01
5375,2024-09-02 18:40:00,0.014322,0.324448,0.229643,0.001 1 + 0.993 omega + 0.029 omega^2,0.002 1 + -0.007 omega + 0.043 omega^2,1.6868990595e-03,-8.2136940481e-05,-7.1043767430e-03,1.4106963662e-06,-2.0114794549e-04,4.2558873295e-02
5376,2024-09-02 18:45:00,0.049854,1.388527,0.982469,0.005 1 + 0.962 omega + 0.002 theta omega + -0.018 omega^2,0.009 1 + -0.073 omega + 0.003 theta omega + -0.037 omega^2,8.9951991142e-03,-7.6825416948e-05,-7.2813177625e-02,-1.9992438831e-05,3.2770977177e-03,-3.7009749850e-02
5377,2024-09-02 18:50:00,0.041189,5.870280,4.151017,-0.004 1 + 0.001 theta + 1.038 omega + -0.014 theta omega + 0.087 omega^2,-0.008 1 + 0.003 theta + 0.076 omega + -0.029 theta omega + 0.171 omega^2,-7.8675628592e-03,2.6190117352e-03,7.6228081010e-02,-2.0113703121e-05,-2.8783177450e-02,1.7094909005e-01
5378,2024-09-02 18:55:00,nan,nan,nan,-0.001 1 + 1.001 omega + -0.002 theta omega + 0.072 omega^2,-0.002 1 + -0.001 theta + 0.002 omega + -0.005 theta omega + 0.143 omega^2,-1.9479724666e-03,-5.2910074253e-04,1.9348411543e-03,9.1945586022e-06,-4.9445665103e-03,1.4321803658e-01
5379,2024-09-02 19:00:00,nan,nan,nan,-0.002 1 + 0.969 omega + -0.005 theta omega + -0.075 omega^2,-0.005 1 + -0.001 theta + -0.063 omega + -0.009 theta omega + -0.147 omega^2,-4.8631582156e-03,-7.4527222099e-04,-6.2744371078e-02,3.4900877249e-05,-9.3613666446e-03,-1.4711269464e-01
5380,2024-09-02 19:05:00,nan,nan,nan,-0.001 1 + -0.001 theta + 1.000 omega + -0.002 theta omega + 0.017 omega^2,-0.002 1 + -0.002 theta + -0.004 theta omega + 0.031 omega^2,-2.1096997967e-03,-2.0072896105e-03,3.1075884597e-04,-1.9759477576e-04,-3.7977038818e-03,3.1190499883e-02
5381,2024-09-02 19:10:00,0.024963,0.709810,0.502222,-0.003 1 + 0.977 omega + -0.001 theta omega + 0.003 omega^2,-0.005 1 + -0.046 omega + -0.003 theta omega + 0.004 omega^2,-5.3334429184e-03,4.5182277224e-05,-4.5975860372e-02,2.8816298149e-05,-2.7414030356e-03,4.1634752679e-03
5382,2024-09-02 19:15:00,0.036090,0.627807,0.444659,-0.007 1 + -0.001 theta + 0.964 omega + -0.005 theta omega + 0.136 omega^2,-0.013 1 + -0.002 theta + -0.071 omega + -0.010 theta omega + 0.269 omega^2,-1.3070870361e-02,-1.9086402392e-03,-7.1477985569e-02,-8.2567579292e-06,-1.0207865408e-02,2.6923097948e-01
5383,2024-09-02 19:20:00,nan,nan,nan,-0.001 theta + 0.999 omega + 0.002 theta omega + -0.224 omega^2,0.001 1 + -0.003 theta + -0.002 omega + -0.001 theta^2 + 0.004 theta omega + -0.437 omega^2,6.6144190465e-04,-2.7941923521e-03,-1.9562714999e-03,-5.1733015068e-04,3.5441723981e-03,-4.3673061133e-01
5384,2024-09-02 19:25:00,0.052526,1.473353,1.042480,0.001 theta + 0.979 omega + 0.003 theta omega + -0.021 omega^2,0.002 theta + -0.042 omega + 0.005 theta omega + -0.035 omega^2,4.5473222879e-04,1.7687546880e-03,-4.1615692214e-02,-2.5567411639e-04,5.2368865535e-03,-3.4599127358e-02
5385,2024-09-02 19:30:00,0.045750,2.206810,1.560786,0.001 1 + 0.001 theta + 1.007 omega + 0.001 theta omega + 0.037 omega^2,0.002 1 + 0.001 theta + 0.012 omega + 0.001 theta omega + 0.083 omega^2,2.0783498984e-03,1.1082368099e-03,1.1656249824e-02,8.3310556408e-05,1.1578926579e-03,8.2615623713e-02
5386,2024-09-02 19:35:00,0.044198,3.365779,2.380170,-0.001 1 + 0.992 omega + 0.103 omega^2,-0.001 1 + -0.012 omega + -0.001 theta omega + 0.200 omega^2,-1.4753182210e-03,2.6583026306e-04,-1.2027549061e-02,-1.0950526022e-05,-7.8565706775e-04,2.0048756387e-01
5387,2024-09-02 19:40:00,0.050755,1.151357,0.814923,-0.003 1 + 0.987 omega + 0.140 omega^2,-0.006 1 + 0.001 theta + -0.021 omega + -0.001 theta omega + 0.286 omega^2,-5.7659039126e-03,9.3621763347e-04,-2.1231775516e-02,6.8122886816e-05,-6.9361661571e-04,2.8606433620e-01
5388,2024-09-02 19:45:00,nan,nan,nan,-0.001 theta + 1.003 omega + 0.137 omega^2,-0.001 theta + 0.008 omega + -0.001 theta omega + 0.269 omega^2,4.9696959934e-04,-1.2714479044e-03,8.1366471972e-03,7.8755599318e-05,-7.4708858089e-04,2.6897633449e-01
5389,2024-09-02 19:50:00,0.098871,2.555141,1.808110,0.003 1 + 0.968 omega + 0.003 theta omega + -0.082 omega^2,0.006 1 + -0.064 omega + 0.006 theta omega + -0.158 omega^2,5.8882506288e-03,3.7774267446e-04,-6.4148188318e-02,-7.8248222275e-05,5.7209044338e-03,-1.5842896827e-01
5390,2024-09-02 19:55:00,0.170011,4.728667,3.345833,1.002 omega + 0.002 theta omega + -0.004 omega^2,-0.001 theta + 0.004 omega + 0.003 theta omega + -0.002 omega^2,2.0094403474e-04,-5.6722322444e-04,4.0461231818e-03,9.5439737518e-06,3.2506281674e-03,-1.5144919695e-03
5391,2024-09-02 20:00:00,0.011029,0.405260,0.286668,-0.002 1 + 1.006 omega + -0.001 theta omega + 0.073 omega^2,-0.003 1 + 0.013 omega + -0.001 theta omega + 0.144 omega^2,-3.1053303916e-03,-3.1713201848e-04,1.3046798936e-02,-1.4421926968e-06,-1.3042878056e-03,1.4432148989e-01
5392,2024-09-02 20:05:00,0.041657,1.597139,1.129732,0.001 1 + 1.007 omega + 0.001 theta omega + 0.026 omega^2,0.001 1 + 0.014 omega + 0.001 theta omega + 0.055 omega^2,1.0600228381e-03,3.7571777587e-04,1.4438741412e-02,2.8101244415e-05,1.2752125495e-03,5.4834975651e-02
5393,2024-09-02 20:10:00,0.008351,0.472998,0.334512,-0.002 1 + 0.997 omega + 0.057 omega^2,-0.005 1 + -0.005 omega + 0.112 omega^2,-4.7058239608e-03,-1.4399397665e-04,-5.0639967388e-03,1.7944284489e-06,-4.1457305002e-04,1.1162561289e-01
5394,2024-09-02 20:15:00,0.015997,0.492710,0.348582,0.998 omega + -0.002 theta omega + 0.076 omega^2,-0.001 theta + -0.004 omega + -0.004 theta omega + 0.148 omega^2,2.3615616270e-04,-6.6951743761e-04,-3.8591918919e-03,-1.0279217757e-05,-3.7963020051e-03,1.4849374048e-01
5395,2024-09-02 20:20:00,nan,nan,nan,-0.002 1 + -0.001 theta + 0.993 omega + -0.053 omega^2,-0.005 1 + -0.002 theta + -0.013 omega + -0.001 theta omega + -0.101 omega^2,-4.6008270123e-03,-2.4142762495e-03,-1.3168522986e-02,-1.8763720013e-04,-5.4493971022e-04,-1.0137987672e-01
5396,2024-09-02 20:25:00,0.030118,1.182906,0.836712,-0.003 1 + 0.001 theta + 1.021 omega + -0.002 theta omega + -0.042 omega^2,-0.005 1 + 0.002 theta + 0.044 omega + -0.005 theta omega + -0.086 omega^2,-5.4344044396e-03,1.6381065611e-03,4.4373712183e-02,-1.0669284224e-04,-4.5665160083e-03,-8.6006286822e-02
5397,2024-09-02 20:30:00,0.104628,5.213001,3.686891,0.992 omega + -0.001 theta omega + -0.117 omega^2,0.001 1 + 0.001 theta + -0.015 omega + -0.002 theta omega + -0.242 omega^2,8.6553656418e-04,8.4246983871e-04,-1.5257044532e-02,2.1405842744e-04,-2.1004103225e-03,-2.4211643332e-01
5398,2024-09-02 20:35:00,0.018109,1.041131,0.736302,-0.001 1 + 1.050 omega + -0.003 theta omega + -0.265 omega^2,-0.002 1 + 0.104 omega + -0.005 theta omega + -0.546 omega^2,-1.6290963613e-03,-1.7252206820e-04,1.0401114251e-01,1.9853629017e-05,-4.9938621492e-03,-5.4631156280e-01
5399,2024-09-02 20:40:00,0.044858,1.228480,0.869246,0.001 1 + -0.001 theta + 1.002 omega + 0.027 omega^2,0.002 1 + -0.001 theta + 0.005 omega + -0.001 theta omega + 0.055 omega^2,1.7020954694e-03,-1.2990715765e-03,5.1800589518e-03,7.9636571139e-05,-5.3144131270e-04,5.5284103074e-02
5400,2024-09-02 20:45:00,0.094895,9.263122,6.550360,1.002 omega + 0.024 omega^2,0.007 omega + 0.001 theta omega + 0.061 omega^2,-1.4841573467e-04,-1.5936964632e-04,7.1225209166e-03,-1.5646769012e-05,8.3250303472e-04,6.1432759549e-02
5401,2024-09-02 20:50:00,0.108070,4.601898,3.254930,0.001 1 + 0.997 omega + 0.011 omega^2,0.003 1 + -0.001 theta + -0.005 omega + 0.001 theta omega + 0.026 omega^2,2.7141418858e-03,-8.0186579776e-04,-4.9871252267e-03,2.3923838239e-05,8.4542801909e-04,2.5527548601e-02
5402,2024-09-02 20:55:00,0.028308,0.972783,0.688153,0.001 1 + -0.001 theta + 1.004 omega + -0.001 theta omega + -0.123 omega^2,0.002 1 + -0.001 theta + 0.009 omega + -0.003 theta omega + -0.240 omega^2,2.4945694521e-03,-1.1536436009e-03,9.0380541509e-03,1.1429069480e-04,-2.5881003206e-03,-2.3967847853e-01
5403,2024-09-02 21:00:00,0.040525,1.429864,1.011473,1.005 omega + 0.001 theta omega + 0.065 omega^2,-0.001 1 + 0.001 theta + 0.009 omega + 0.002 theta omega + 0.127 omega^2,-7.0770500267e-04,8.0802178640e-04,8.9730014725e-03,6.5752313108e-05,1.7277406503e-03,1.2709562456e-01
5404,2024-09-02 21:05:00,0.020336,0.481167,0.340540,0.002 1 + 0.999 omega + -0.001 theta omega + -0.035 omega^2,0.004 1 + -0.001 theta + -0.002 omega + -0.001 theta omega + -0.071 omega^2,3.9216276165e-03,-5.5908869586e-04,-1.6900651590e-03,-4.9356949257e-05,-1.0526633629e-03,-7.1028296472e-02
5405,2024-09-02 21:10:00,0.238738,16.147804,11.419470,0.001 1 + 1.004 omega + -0.034 omega^2,0.002 1 + 0.012 omega + -0.074 omega^2,2.0647530336e-03,-4.3635086477e-04,1.1654891089e-02,2.0337942011e-05,-1.7758139956e-04,-7.3519100449e-02
5406,2024-09-02 21:15:00,nan,nan,nan,0.005 1 + 0.956 omega + 0.001 theta omega + 0.098 omega^2,0.009 1 + -0.001 theta + -0.089 omega + 0.003 theta omega + 0.199 omega^2,9.4365106772e-03,-5.3439572707e-04,-8.9167880674e-02,2.5420842571e-06,3.0054106701e-03,1.9938271279e-01
5407,2024-09-02 21:20:00,0.016135,0.268968,0.190531,0.001 theta + 0.985 omega + 0.036 omega^2,-0.001 1 + 0.002 theta + -0.028 omega + -0.001 theta omega + 0.077 omega^2,-6.4326864757e-04,1.5218616794e-03,-2.7656498272e-02,9.5143458837e-05,-7.2291714754e-04,7.7490159131e-02
5408,2024-09-02 21:25:00,0.013326,0.322754,0.228416,0.001 1 + 0.996 omega + 0.013 omega^2,0.001 1 + 0.007 omega^2,6.5706019626e-04,-1.9392238457e-05,-4.7283241052e-04,-4.4593221647e-07,-1.3553793958e-05,7.3911937107e-03
5409,2024-09-02 21:30:00,0.078739,3.043626,2.152889,-0.001 1 + 1.010 omega + 0.001 theta omega + 0.038 omega^2,-0.002 1 + 0.021 omega + 0.002 theta omega + 0.081 omega^2,-1.7041550353e-03,-8.1204475975e-05,2.1281430684e-02,3.7397745095e-06,1.5201063113e-03,8.1113617468e-02
5410,2024-09-02 21:35:00,0.024603,1.068001,0.755391,0.001 1 + 1.006 omega + 0.001 theta omega + -0.092 omega^2,0.002 1 + 0.011 omega + 0.002 theta omega + -0.177 omega^2,1.5688527716e-03,-4.9793036914e-04,1.1423933434e-02,1.3384880277e-05,2.3704747495e-03,-1.7721722909e-01
5411,2024-09-02 21:40:00,0.084946,3.162276,2.236874,0.010 1 + -0.001 theta + 0.929 omega + 0.006 theta omega,0.020 1 + -0.001 theta + -0.141 omega + 0.011 theta omega + -0.001 omega^2,1.9791220128e-02,-1.4279029428e-03,-1.4087536338e-01,-1.3994001479e-05,1.1229278453e-02,-1.4563488578e-03
5412,2024-09-02 21:45:00,0.018887,0.537472,0.380285,0.006 1 + 0.959 omega + 0.003 theta omega + -0.029 omega^2,0.013 1 + -0.001 theta + -0.081 omega + 0.006 theta omega + -0.061 omega^2,1.2690539879e-02,-9.8243544221e-04,-8.1083338889e-02,6.8264607847e-06,5.5031118913e-03,-6.0831311318e-02
5413,2024-09-02 21:50:00,nan,nan,nan,0.003 1 + 0.973 omega + 0.001 theta omega + 0.056 omega^2,0.006 1 + -0.001 theta + -0.049 omega + 0.002 theta omega + 0.096 omega^2,5.5888927892e-03,-6.7619347126e-04,-4.8909212389e-02,2.0201021020e-05,2.3894782770e-03,9.6303414246e-02
5414,2024-09-02 21:55:00,0.075230,3.059036,2.163719,-0.001 1 + 0.999 omega + 0.159 omega^2,-0.002 1 + -0.001 theta + -0.001 omega + -0.001 theta omega + 0.309 omega^2,-1.5663790641e-03,-9.8884076308e-04,-5.7171512918e-04,-2.0670365333e-05,-7.4608468979e-04,3.0872965314e-01
5415,2024-09-02 22:00:00,0.021957,0.486875,0.344622,-0.005 1 + 0.001 theta + 1.023 omega + -0.001 theta omega + -0.036 omega^2,-0.010 1 + 0.001 theta + 0.049 omega + -0.002 theta omega + -0.074 omega^2,-1.0113683422e-02,1.1405356579e-03,4.8942911628e-02,-2.9850953757e-05,-2.3606515730e-03,-7.4287250673e-02
5416,2024-09-02 22:05:00,0.016620,1.088526,0.769794,1.007 omega + -0.066 omega^2,0.015 omega + 0.001 theta omega + -0.136 omega^2,4.3101423624e-04,-3.5567382043e-04,1.4892623505e-02,3.0923446563e-06,5.7021073326e-04,-1.3554327554e-01
5417,2024-09-02 22:10:00,0.033751,1.261131,0.892073,-0.001 1 + 0.990 omega + -0.024 omega^2,-0.002 1 + -0.017 omega + -0.001 theta omega + -0.049 omega^2,-2.2107983195e-03,-6.5521521542e-05,-1.7305726860e-02,3.2609348438e-06,-5.1937846792e-04,-4.8560750548e-02
5418,2024-09-02 22:15:00,0.032287,1.591904,1.125878,-0.003 1 + 1.031 omega + -0.001 theta omega + -0.075 omega^2,-0.006 1 + 0.062 omega + -0.002 theta omega + -0.145 omega^2,-5.9439627513e-03,4.7492084441e-04,6.1717726127e-02,-1.0834834359e-05,-2.1271254169e-03,-1.4465020418e-01
5419,2024-09-02 22:20:00,0.478400,46.759613,33.065770,-0.003 1 + 0.993 omega + 0.127 omega^2,-0.005 1 + 0.001 theta + -0.013 omega + 0.255 omega^2,-5.1613283690e-03,8.1568664722e-04,-1.3167942268e-02,-3.1176424756e-05,-3.9957698428e-04,2.5518469283e-01
5420,2024-09-02 22:25:00,0.017799,0.510144,0.360946,0.002 1 + 1.005 omega + 0.001 theta omega + -0.094 omega^2,0.003 1 + -0.001 theta + 0.012 omega + 0.002 theta omega + -0.189 omega^2,3.4136804427e-03,-5.3715962057e-04,1.1596397948e-02,8.2351463910e-06,2.1110959286e-03,-1.8874475672e-01
5421,2024-09-02 22:30:00,0.039815,1.289765,0.912436,0.006 1 + -0.002 theta + 0.946 omega + 0.011 theta omega + -0.070 omega^2,0.013 1 + -0.004 theta + -0.107 omega + 0.022 theta omega + -0.158 omega^2,1.3040358804e-02,-4.1185334149e-03,-1.0688338794e-01,2.7334603797e-04,2.2042326806e-02,-1.5774359814e-01
5422,2024-09-02 22:35:00,nan,nan,nan,0.014 1 + -0.001 theta + 0.858 omega + 0.006 theta omega + 0.318 omega^2,0.026 1 + -0.002 theta + -0.273 omega + 0.012 theta omega + 0.608 omega^2,2.6090787541e-02,-2.0243134896e-03,-2.7253869156e-01,3.1709036719e-05,1.2226347536e-02,6.0826745520e-01
5423,2024-09-02 22:40:00,0.150447,21.875692,15.468816,1.015 omega + 0.002 theta omega + -0.062 omega^2,0.001 1 + 0.032 omega + 0.004 theta omega + -0.116 omega^2,7.4144100616e-04,-1.4814596616e-04,3.2325800746e-02,-1.6751883025e-05,4.2788708060e-03,-1.1623107123e-01
5424,2024-09-02 22:45:00,0.022263,1.162526,0.822181,1.002 omega + -0.001 theta omega + -0.013 omega^2,0.001 1 + 0.005 omega + -0.001 theta omega + -0.028 omega^2,8.2774035272e-04,-1.2472054849e-04,4.8870635906e-03,1.8363262714e-05,-1.3506416564e-03,-2.7612135259e-02
5425,2024-09-02 22:50:00,0.029062,2.287544,1.617668,-0.006 1 + 1.048 omega + -0.001 theta omega + -0.090 omega^2,-0.011 1 + 0.096 omega + -0.002 theta omega + -0.174 omega^2,-1.1283907336e-02,3.9869760120e-04,9.6001464695e-02,-2.9240032113e-06,-2.1035117719e-03,-1.7440561240e-01
5426,2024-09-02 22:55:00,0.231917,9.373943,6.630407,0.001 1 + -0.001 theta + 1.006 omega + -0.001 theta omega + 0.036 omega^2,0.001 1 + -0.002 theta + 0.013 omega + -0.003 theta omega + 0.074 omega^2,1.3261438870e-03,-1.5392468798e-03,1.2780674331e-02,9.5271707176e-05,-2.7518568922e-03,7.4341203029e-02
5427,2024-09-02 23:00:00,0.036313,4.797133,3.392183,0.026 1 + 1.266 omega + 0.002 theta omega + 0.634 omega^2,0.051 1 + 0.530 omega + 0.003 theta omega + 1.257 omega^2,5.1093923110e-02,3.7893654730e-04,5.2985393170e-01,-3.3149518606e-06,3.3995641004e-03,1.2573202467e+00
5428,2024-09-02 23:05:00,0.055972,3.900254,2.758180,0.996 omega + -0.001 theta omega + 0.032 omega^2,0.001 1 + -0.003 omega + -0.001 theta omega + 0.074 omega^2,5.0233375379e-04,1.3246292525e-04,-2.6699760599e-03,5.8582508464e-06,-8.8520282596e-04,7.4209603326e-02
5429,2024-09-02 23:10:00,nan,nan,nan,-0.001 theta + 1.003 omega + 0.001 theta omega + 0.152 omega^2,-0.001 theta + 0.008 omega + 0.002 theta omega + 0.299 omega^2,-7.6005724485e-05,-1.3451337070e-03,7.5388602645e-03,3.3598592294e-05,1.9710969105e-03,2.9926737514e-01
5430,2024-09-02 23:15:00,0.014597,0.331128,0.234370,0.002 1 + 0.992 omega + -0.096 omega^2,0.004 1 + -0.007 omega + -0.208 omega^2,3.9387073126e-03,3.2422695706e-04,-7.0712315050e-03,-3.2342546426e-05,-3.8991877313e-04,-2.0812804509e-01
5431,2024-09-02 23:20:00,0.040720,3.987852,2.819984,1.001 omega + 0.004 omega^2,-0.001 1 + 0.001 omega + 0.017 omega^2,-8.1991321267e-04,1.0327338687e-04,9.4668404278e-04,-5.9660423325e-07,-2.4633660966e-04,1.6833466512e-02
5432,2024-09-02 23:25:00,0.010124,0.553784,0.391650,-0.004 1 + 1.037 omega + -0.001 theta omega + -0.085 omega^2,-0.011 1 + 0.089 omega + -0.002 theta omega + -0.197 omega^2,-1.1117245815e-02,4.5389878853e-04,8.9154533901e-02,-4.4395915997e-06,-1.8942749691e-03,-1.9744436548e-01
5433,2024-09-02 23:30:00,nan,nan,nan,0.001 1 + 0.981 omega + 0.009 theta omega + -0.040 omega^2,0.002 1 + -0.038 omega + 0.018 theta omega + -0.080 omega^2,1.9161731407e-03,-8.4140327196e-05,-3.8085337906e-02,-1.7531775896e-04,1.7512599114e-02,-7.9903537693e-02
5434,2024-09-02 23:35:00,0.017248,0.846711,0.598840,0.001 1 + 0.988 omega + 0.001 theta omega + 0.025 omega^2,0.001 1 + -0.023 omega + 0.001 theta omega + 0.053 omega^2,9.7652592247e-04,-3.4733648256e-05,-2.3007988475e-02,-2.5025075641e-06,1.0756736060e-03,5.2815436838e-02
5435,2024-09-02 23:40:00,0.022919,1.063780,0.752380,0.001 1 + 0.993 omega + 0.003 theta omega + -0.151 omega^2,0.002 1 + -0.001 theta + -0.013 omega + 0.007 theta omega + -0.294 omega^2,2.3495523489e-03,-5.1529957649e-04,-1.2992013849e-02,4.9263334240e-06,6.6787890710e-03,-2.9438350222e-01
5436,2024-09-02 23:45:00,0.141167,4.980366,3.523065,0.001 1 + -0.001 theta + 1.005 omega + 0.001 theta omega + -0.123 omega^2,0.001 1 + -0.002 theta + 0.011 omega + 0.003 theta omega + -0.224 omega^2,1.4548204379e-03,-1.5285132655e-03,1.1458396634e-02,2.2296926853e-04,2.9433972024e-03,-2.2397084759e-01
5437,2024-09-02 23:50:00,nan,nan,nan,0.993 omega + 0.001 theta omega + 0.031 omega^2,0.001 1 + -0.010 omega + 0.001 theta omega + 0.056 omega^2,5.5657853086e-04,-1.9575916795e-04,-9.7790516746e-03,1.1022255375e-05,9.4193340750e-04,5.5625557197e-02
5438,2024-09-02 23:55:00,nan,nan,nan,1.016 omega + -0.001 theta omega + 0.111 omega^2,-0.001 1 + -0.001 theta + 0.033 omega + -0.003 theta omega + 0.224 omega^2,-6.4090259476e-04,-7.3185847958e-04,3.2574059859e-02,-2.1370230755e-05,-2.5261109743e-03,2.2382200023e-01
5439,2024-09-03 00:00:00,0.123152,19.654409,13.898039,0.004 1 + 1.040 omega + 0.001 theta omega + 0.027 omega^2,0.007 1 + 0.083 omega + 0.003 theta omega + 0.060 omega^2,7.4497975235e-03,4.0449194459e-05,8.2682610332e-02,-8.4670372965e-06,2.7669156500e-03,5.9911828746e-02
5440,2024-09-03 00:05:00,0.062578,5.513139,3.898629,-0.003 1 + 0.956 omega + -0.001 theta omega + -0.139 omega^2,-0.007 1 + -0.001 theta + -0.088 omega + -0.003 theta omega + -0.275 omega^2,-6.8891252559e-03,-6.9017380411e-04,-8.7885527768e-02,-9.7331795730e-06,-2.9468196966e-03,-2.7463889297e-01
5441,2024-09-03 00:10:00,0.811470,11.807644,8.368959,0.001 1 + -0.001 theta + 1.001 omega + 0.002 theta omega + -0.016 omega^2,0.002 1 + -0.001 theta + 0.003 omega + 0.003 theta omega + -0.028 omega^2,2.0903538386e-03,-1.2311573294e-03,3.2349298156e-03,4.7029838622e-05,3.1457684685e-03,-2.8344842158e-02
5442,2024-09-03 00:15:00,0.052199,3.034150,2.145785,-0.001 1 + 0.980 omega + -0.002 theta omega + -0.127 omega^2,-0.002 1 + -0.042 omega + -0.003 theta omega + -0.259 omega^2,-1.5989461044e-03,-7.6459624519e-05,-4.1861625580e-02,2.6985854387e-05,-3.4270286468e-03,-2.5945501206e-01
5443,2024-09-03 00:20:00,0.017019,2.288102,1.617977,1.005 omega + -0.001 theta omega + -0.006 omega^2,-0.001 1 + 0.013 omega + -0.001 theta omega + -0.019 omega^2,-7.4971433402e-04,1.8443145351e-04,1.3452526764e-02,-4.2668334516e-07,-1.0009416072e-03,-1.8544523918e-02
5444,2024-09-03 00:25:00,0.006620,0.244966,0.173281,-0.019 1 + 1.189 omega + -0.001 theta omega + -0.452 omega^2,-0.038 1 + 0.371 omega + -0.003 theta omega + -0.882 omega^2,-3.8034309833e-02,4.4425165310e-04,3.7059199127e-01,1.4658738356e-07,-2.5627084422e-03,-8.8245571926e-01
5445,2024-09-03 00:30:00,0.022505,1.781590,1.259875,-0.004 1 + 1.032 omega + -0.074 omega^2,-0.008 1 + 0.074 omega + -0.001 theta omega + -0.173 omega^2,-8.2927150800e-03,1.8278877532e-04,7.3815264648e-02,-1.6899507377e-06,-5.9005968901e-04,-1.7277663120e-01
5446,2024-09-03 00:35:00,0.018157,1.212019,0.857123,-0.006 1 + 1.085 omega + -0.262 omega^2,-0.013 1 + 0.175 omega + -0.536 omega^2,-1.3347725505e-02,-6.0781602309e-05,1.7504775659e-01,4.3489711519e-07,1.2228541945e-04,-5.3590286282e-01
5447,2024-09-03 00:40:00,0.037564,1.104087,0.781159,0.001 1 + 0.973 omega + 0.097 omega^2,0.002 1 + -0.052 omega + 0.193 omega^2,1.8254564394e-03,2.4936999256e-04,-5.2098113588e-02,-8.8971149694e-06,2.5169154590e-04,1.9301290214e-01
5448,2024-09-03 00:45:00,0.013299,0.573463,0.405609,0.003 1 + 0.973 omega + 0.064 omega^2,0.006 1 + -0.050 omega + 0.001 theta omega + 0.120 omega^2,5.9669784799e-03,-1.4317144438e-04,-4.9862109634e-02,4.1286979534e-07,5.0475495469e-04,1.2018376949e-01
5449,2024-09-03 00:50:00,nan,nan,nan,0.002 1 + 0.962 omega + 0.193 omega^2,0.004 1 + -0.075 omega + 0.389 omega^2,4.1558231077e-03,-2.8247674967e-06,-7.4537776920e-02,-6.0871820050e-06,3.6374773649e-04,3.8870447613e-01
5450,2024-09-03 00:55:00,0.039915,3.083895,2.180826,-0.008 1 + 0.001 theta + 1.085 omega + -0.003 theta omega + -0.216 omega^2,-0.017 1 + 0.001 theta + 0.180 omega + -0.007 theta omega + -0.462 omega^2,-1.6760987183e-02,1.3751524241e-03,1.8033132001e-01,-2.8345585657e-05,-6.5047635927e-03,-4.6206064132e-01
5451,2024-09-03 01:00:00,nan,nan,nan,0.003 1 + 0.001 theta + 1.033 omega + 0.004 theta omega + -0.131 omega^2,0.007 1 + 0.001 theta + 0.069 omega + 0.009 theta omega + -0.262 omega^2,6.7588488482e-03,1.4061548123e-03,6.8992404726e-02,6.5464268737e-05,8.9564503873e-03,-2.6153097813e-01
5452,2024-09-03 01:05:00,0.043130,1.353851,0.957803,0.001 1 + 0.981 omega + 0.124 omega^2,0.003 1 + -0.036 omega + 0.245 omega^2,2.5324015101e-03,-1.2249624047e-04,-3.6393757181e-02,-4.1311488506e-06,4.5262084458e-06,2.4478909645e-01
5453,2024-09-03 01:10:00,0.022305,0.611563,0.432728,-0.001 1 + 0.999 omega + 0.014 omega^2,-0.003 1 + -0.001 theta omega + 0.026 omega^2,-2.5237719214e-03,-2.2074142019e-04,-1.1851951900e-04,-1.9101326371e-06,-5.1443480112e-04,2.6096214311e-02
5454,2024-09-03 01:15:00,0.021656,1.362418,0.963497,0.003 1 + 1.048 omega + 0.001 theta omega + 0.112 omega^2,0.007 1 + 0.098 omega + 0.002 theta omega + 0.227 omega^2,6.6644383988e-03,-3.8149218744e-05,9.8380189837e-02,-5.4791129396e-06,1.7047797001e-03,2.2693013194e-01
5455,2024-09-03 01:20:00,0.045735,2.555154,1.807056,0.998 omega + 0.019 omega^2,-0.004 omega + 0.035 omega^2,4.0275692931e-04,4.7667674119e-04,-3.7176680404e-03,5.4595728518e-05,-4.8815204606e-04,3.5480493326e-02
5456,2024-09-03 01:25:00,0.037681,2.432686,1.720375,-0.006 1 + 1.078 omega + -0.001 theta omega + -0.180 omega^2,-0.013 1 + 0.163 omega + -0.003 theta omega + -0.376 omega^2,-1.3058371797e-02,8.5287820068e-05,1.6347759829e-01,9.2890046370e-06,-3.0992725519e-03,-3.7567982006e-01
5457,2024-09-03 01:30:00,0.015915,0.573692,0.405818,-0.003 1 + 1.029 omega + -0.001 theta omega + -0.080 omega^2,-0.007 1 + 0.001 theta + 0.061 omega + -0.002 theta omega + -0.160 omega^2,-6.8644102976e-03,5.9852966221e-04,6.0607544807e-02,-1.4105022020e-05,-1.8900149335e-03,-1.6005525053e-01
5458,2024-09-03 01:35:00,0.118773,6.409417,4.532921,-0.001 1 + 1.007 omega + 0.001 theta omega + 0.003 omega^2,-0.001 1 + -0.001 theta + 0.014 omega + 0.002 theta omega + 0.001 omega^2,-1.3765565060e-03,-8.4146152873e-04,1.3980906990e-02,5.0827846616e-05,1.5628382402e-03,6.9482080966e-04
5459,2024-09-03 01:40:00,0.043514,1.681410,1.189335,0.001 1 + 0.001 theta + 1.015 omega + 0.001 theta omega + 0.136 omega^2,0.001 1 + 0.001 theta + 0.030 omega + 0.002 theta omega + 0.260 omega^2,9.8418282107e-04,1.4945142314e-03,3.0189936892e-02,7.0206219336e-05,1.8954483032e-03,2.5974908593e-01
5460,2024-09-03 01:45:00,0.028567,4.180685,2.956260,0.009 1 + 0.861 omega + 0.489 omega^2,0.018 1 + -0.275 omega + 0.976 omega^2,1.8202434448e-02,1.4325264619e-04,-2.7510576634e-01,-4.0059592565e-06,-9.6175044017e-05,9.7642723278e-01
5461,2024-09-03 01:50:00,0.032768,5.258624,3.718481,0.003 1 + 0.926 omega + -0.001 theta omega + 0.413 omega^2,0.005 1 + -0.147 omega + -0.002 theta omega + 0.831 omega^2,4.9054786362e-03,4.1934876746e-04,-1.4659537830e-01,-5.4743145858e-06,-2.1877980099e-03,8.3079960146e-01
5462,2024-09-03 01:55:00,nan,nan,nan,-0.003 1 + 1.024 omega + -0.001 theta omega + -0.007 omega^2,-0.006 1 + 0.049 omega + -0.001 theta omega + -0.011 omega^2,-5.7023954598e-03,1.6200259682e-04,4.8968899906e-02,1.5411956061e-06,-1.4707419699e-03,-1.0823472239e-02
5463,2024-09-03 02:00:00,0.018339,0.798752,0.564952,-0.019 1 + 1.147 omega + -0.002 theta omega + -0.262 omega^2,-0.038 1 + 0.001 theta + 0.295 omega + -0.003 theta omega + -0.523 omega^2,-3.7999880672e-02,7.1859632391e-04,2.9450485688e-01,-2.1880558443e-06,-3.4168430386e-03,-5.2328854960e-01
5464,2024-09-03 02:05:00,nan,nan,nan,0.003 1 + 0.976 omega + 0.002 theta omega + -0.020 omega^2,0.006 1 + -0.001 theta + -0.048 omega + 0.005 theta omega + -0.049 omega^2,5.6606851888e-03,-6.4487882022e-04,-4.7991610409e-02,1.3042140208e-05,4.7240659077e-03,-4.8804584240e-02
5465,2024-09-03 02:10:00,0.019856,0.694972,0.491620,0.014 1 + 0.849 omega + 0.001 theta omega + 0.385 omega^2,0.028 1 + -0.303 omega + 0.002 theta omega + 0.778 omega^2,2.8464606021e-02,-3.1095226974e-04,-3.0268103881e-01,-1.9863275697e-06,2.2336586840e-03,7.7832709988e-01
5466,2024-09-03 02:15:00,0.040205,1.961843,1.387524,-0.001 1 + 1.001 omega + 0.025 omega^2,-0.002 1 + 0.007 omega + -0.001 theta omega + 0.033 omega^2,-1.5696051560e-03,1.9618996175e-04,6.7717494498e-03,-4.3298046382e-06,-9.9331236807e-04,3.2563242718e-02
5467,2024-09-03 02:20:00,0.039962,1.379758,0.976045,0.001 1 + 1.001 omega + -0.027 omega^2,0.002 1 + 0.002 omega + -0.062 omega^2,2.4117620777e-03,7.3844231141e-05,2.0944436111e-03,-2.8100796983e-05,-3.1018064322e-04,-6.2068753300e-02
5468,2024-09-03 02:25:00,0.057347,2.724574,1.926991,0.001 1 + 1.008 omega + -0.002 theta omega + -0.110 omega^2,0.002 1 + 0.017 omega + -0.004 theta omega + -0.229 omega^2,2.0770050932e-03,-2.9300167334e-04,1.6892307914e-02,-4.1940078426e-06,-3.9085889346e-03,-2.2852605451e-01
5469,2024-09-03 02:30:00,0.019697,0.645040,0.456324,-0.001 1 + 1.002 omega + 0.001 theta omega + 0.067 omega^2,-0.002 1 + 0.005 omega + 0.002 theta omega + 0.122 omega^2,-1.5342708978e-03,3.0831288029e-05,5.4862515017e-03,2.5814631554e-05,2.3125223223e-03,1.2216497961e-01
5470,2024-09-03 02:35:00,0.015255,0.334446,0.236735,1.003 omega + -0.036 omega^2,0.001 1 + 0.007 omega + -0.067 omega^2,7.7706682779e-04,-2.9258600959e-04,6.7412075039e-03,1.1169475245e-05,8.2524542775e-05,-6.6766799285e-02
5471,2024-09-03 02:40:00,0.024817,1.805976,1.277138,0.002 1 + 1.021 omega + 0.001 theta omega + -0.195 omega^2,0.004 1 + -0.001 theta + 0.044 omega + 0.001 theta omega + -0.393 omega^2,3.7110164461e-03,-6.4752159152e-04,4.4103719352e-02,1.7457121486e-05,1.0411664435e-03,-3.9306769258e-01
5472,2024-09-03 02:45:00,0.013014,1.793725,1.268389,-0.027 1 + 1.312 omega + -0.003 theta omega + -0.873 omega^2,-0.054 1 + 0.001 theta + 0.624 omega + -0.007 theta omega + -1.739 omega^2,-5.3645153094e-02,8.4446035934e-04,6.2427024453e-01,3.6295118861e-06,-6.5775816824e-03,-1.7389100408e+00
5473,2024-09-03 02:50:00,0.109356,11.037060,7.804763,-0.009 1 + 1.096 omega + -0.003 theta omega + -0.126 omega^2,-0.019 1 + 0.001 theta + 0.197 omega + -0.006 theta omega + -0.260 omega^2,-1.8604073053e-02,8.1258441455e-04,1.9695618522e-01,-5.0822473024e-06,-6.4311430220e-03,-2.6031476634e-01
5474,2024-09-03 02:55:00,0.009485,0.373281,0.264034,1.014 omega + 0.001 theta omega + -0.139 omega^2,0.001 1 + 0.033 omega + 0.002 theta omega + -0.308 omega^2,6.8753757702e-04,-2.1181332879e-04,3.3346966647e-02,-2.8838733642e-06,2.2740569082e-03,-3.0794173859e-01
5475,2024-09-03 03:00:00,0.104985,9.537189,6.744219,-0.001 1 + 1.011 omega + 0.002 theta omega + -0.048 omega^2,-0.001 1 + 0.023 omega + 0.004 theta omega + -0.094 omega^2,-9.8167724992e-04,-4.1233270077e-04,2.2882874264e-02,-3.0048490076e-05,3.9096035618e-03,-9.3840291038e-02
5476,2024-09-03 03:05:00,nan,nan,nan,-0.002 1 + -0.001 theta + 0.987 omega + -0.005 theta omega + -0.059 omega^2,-0.003 1 + -0.001 theta + -0.024 omega + -0.009 theta omega + -0.108 omega^2,-3.1330306121e-03,-1.4528586603e-03,-2.3525228110e-02,2.4462868471e-05,-9.2678211413e-03,-1.0792707366e-01
5477,2024-09-03 03:10:00,0.046024,1.646950,1.165024,-0.004 1 + 0.935 omega + -0.004 theta omega + -0.199 omega^2,-0.007 1 + -0.127 omega + -0.007 theta omega + -0.394 omega^2,-7.1961933689e-03,-4.7249898244e-04,-1.2712774193e-01,1.3440656956e-05,-7.2242460637e-03,-3.9440270576e-01
5478,2024-09-03 03:15:00,0.035507,1.353435,0.957352,-0.002 1 + 0.989 omega + -0.001 theta omega + -0.014 omega^2,-0.004 1 + -0.020 omega + -0.001 theta omega + -0.028 omega^2,-3.6690804171e-03,-3.9547975565e-04,-1.9930046797e-02,-6.8166395935e-06,-1.1963966423e-03,-2.7901040349e-02
5479,2024-09-03 03:20:00,nan,nan,nan,1.018 omega + -0.001 theta omega + 0.101 omega^2,-0.001 1 + -0.001 theta + 0.037 omega + -0.003 theta omega + 0.202 omega^2,-7.1853174971e-04,-5.3617929187e-04,3.7106560477e-02,1.5345237599e-06,-2.8679935858e-03,2.0218508092e-01
5480,2024-09-03 03:25:00,nan,nan,nan,0.002 1 + 0.990 omega + 0.004 theta omega + -0.182 omega^2,0.004 1 + -0.001 theta + -0.019 omega + 0.008 theta omega + -0.366 omega^2,3.5164927474e-03,-6.3010953029e-04,-1.8966737919e-02,-6.9803662995e-05,7.8496544965e-03,-3.6646934292e-01
5481,2024-09-03 03:30:00,0.017603,0.482216,0.341205,0.001 1 + 0.001 theta + 1.028 omega + -0.005 theta omega + -0.408 omega^2,0.001 1 + 0.002 theta + 0.056 omega + -0.011 theta omega + -0.818 omega^2,1.1486623322e-03,2.2714050780e-03,5.6454487846e-02,-4.0267972616e-04,-1.0593853958e-02,-8.1798836260e-01
5482,2024-09-03 03:35:00,0.019565,1.797096,1.270814,1.024 omega + -0.001 theta omega + 0.150 omega^2,0.050 omega + -0.001 theta omega + 0.311 omega^2,1.4559537235e-05,-2.7189108890e-04,4.9807670751e-02,-2.7788601332e-06,-1.2841663189e-03,3.1078787826e-01
5483,2024-09-03 03:40:00,0.025746,1.743370,1.232883,-0.002 1 + 0.967 omega + -0.002 theta omega + -0.103 omega^2,-0.005 1 + -0.001 theta + -0.067 omega + -0.004 theta omega + -0.204 omega^2,-5.1236665188e-03,-5.3444807251e-04,-6.7069034359e-02,-5.6740069911e-06,-3.7050735383e-03,-2.0423654366e-01
5484,2024-09-03 03:45:00,0.018835,0.510481,0.361210,-0.001 1 + 1.005 omega + -0.001 theta omega + 0.056 omega^2,-0.001 1 + 0.010 omega + -0.001 theta omega + 0.104 omega^2,-1.2781370334e-03,-2.9212641541e-04,1.0123426398e-02,-5.6859251645e-07,-1.2831628500e-03,1.0376060829e-01
5485,2024-09-03 03:50:00,nan,nan,nan,-0.003 1 + -0.001 theta + 0.979 omega + -0.003 theta omega + -0.046 omega^2,-0.006 1 + -0.001 theta + -0.043 omega + -0.006 theta omega + -0.093 omega^2,-5.8690418481e-03,-1.2959573710e-03,-4.3124149791e-02,-2.7767985808e-05,-6.3047811424e-03,-9.3230482733e-02
5486,2024-09-03 03:55:00,0.021901,0.445830,0.315630,-0.001 1 + 0.987 omega + -0.044 omega^2,-0.001 1 + -0.022 omega + -0.085 omega^2,-1.3908212547e-03,2.0990070282e-05,-2.1872271365e-02,9.4496862038e-07,1.2511639371e-04,-8.5138807630e-02
5487,2024-09-03 04:00:00,0.017208,0.413750,0.292818,0.001 1 + 1.005 omega + -0.001 theta omega + 0.015 omega^2,0.002 1 + 0.010 omega + -0.001 theta omega + 0.031 omega^2,1.9432066928e-03,-4.2417850172e-04,1.0357819389e-02,-1.1963941449e-07,-1.1559309820e-03,3.0820144257e-02
5488,2024-09-03 04:05:00,0.104826,12.845320,9.083315,0.001 1 + 0.971 omega + 0.002 theta omega + 0.172 omega^2,0.002 1 + -0.001 theta + -0.058 omega + 0.004 theta omega + 0.344 omega^2,2.1950494221e-03,-8.0763928320e-04,-5.8283991461e-02,2.2443401931e-05,4.1406016889e-03,3.4360705877e-01
5489,2024-09-03 04:10:00,0.036301,1.216793,0.860785,0.002 1 + 1.021 omega + -0.127 omega^2,0.003 1 + -0.001 theta + 0.044 omega + -0.260 omega^2,3.1575512991e-03,-5.6273796528e-04,4.3813620590e-02,1.4799260977e-05,-8.1308725222e-05,-2.5959028496e-01
5490,2024-09-03 04:15:00,0.008703,0.459771,0.325165,-0.003 1 + 1.012 omega + -0.001 theta omega + 0.026 omega^2,-0.005 1 + 0.001 theta + 0.023 omega + -0.002 theta omega + 0.057 omega^2,-5.4286924882e-03,5.5626593306e-04,2.3120333355e-02,-1.9865631289e-05,-1.7018555045e-03,5.7019890159e-02
5491,2024-09-03 04:20:00,nan,nan,nan,0.011 1 + 1.077 omega + 0.002 theta omega + 0.072 omega^2,0.022 1 + 0.001 theta + 0.168 omega + 0.004 theta omega + 0.183 omega^2,2.2484347816e-02,6.5684909271e-04,1.6784532767e-01,2.2283000847e-06,3.6695799054e-03,1.8259669621e-01
5492,2024-09-03 04:25:00,0.091095,6.436180,4.551522,0.001 1 + 1.013 omega + 0.047 omega^2,0.002 1 + 0.031 omega + 0.001 theta omega + 0.101 omega^2,2.4177747819e-03,-5.2654756747e-05,3.1480416950e-02,-7.5323301295e-06,5.8541468723e-04,1.0058734043e-01
5493,2024-09-03 04:30:00,0.063718,10.018289,7.084143,0.002 1 + 1.005 omega + 0.001 theta omega + -0.047 omega^2,0.004 1 + 0.011 omega + 0.002 theta omega + -0.094 omega^2,3.6012457174e-03,3.1609289807e-04,1.1442669537e-02,-1.8031484876e-06,2.1773288808e-03,-9.4072857882e-02
5494,2024-09-03 04:35:00,0.064923,7.953906,5.624448,0.001 1 + 0.994 omega + -0.046 omega^2,0.003 1 + -0.012 omega + -0.001 theta omega + -0.101 omega^2,2.8158511290e-03,-6.4164580053e-06,-1.1690837053e-02,-6.5225722826e-07,-9.2258292874e-04,-1.0099851460e-01
5495,2024-09-03 04:40:00,0.104640,5.666082,4.007208,-0.001 1 + 0.998 omega + 0.057 omega^2,-0.004 1 + 0.009 omega + -0.001 theta omega + 0.082 omega^2,-3.9543997955e-03,1.7834244564e-05,9.2644730405e-03,4.4696929159e-06,-7.2436437407e-04,8.1832600840e-02
5496,2024-09-03 04:45:00,0.033739,1.252305,0.885834,-0.001 1 + 1.002 omega + -0.004 omega^2,-0.001 1 + 0.004 omega + -0.013 omega^2,-1.3675123433e-03,-1.6523720559e-04,4.1246629792e-03,-3.7669681152e-06,3.7839380194e-04,-1.2683564504e-02
5497,2024-09-03 04:50:00,nan,nan,nan,0.001 theta + 0.949 omega + -0.010 theta omega + -0.297 omega^2,0.001 1 + 0.001 theta + -0.098 omega + -0.019 theta omega + -0.578 omega^2,8.5272785069e-04,1.4933963317e-03,-9.8179009051e-02,3.0280883292e-04,-1.9434574206e-02,-5.7798274822e-01
5498,2024-09-03 04:55:00,0.021596,3.162367,2.236183,-0.002 1 + 0.889 omega + 0.001 theta omega + -0.712 omega^2,-0.005 1 + 0.001 theta + -0.223 omega + 0.001 theta omega + -1.437 omega^2,-4.7783532737e-03,6.7963911321e-04,-2.2325989564e-01,1.9712547063e-05,1.3091256805e-03,-1.4371694729e+00
5499,2024-09-03 05:00:00,0.016148,0.719366,0.508797,0.998 omega + -0.003 omega^2,-0.001 omega + -0.009 omega^2,4.1674121158e-04,5.5657112897e-05,-7.3693012237e-04,5.1259472376e-06,-4.5916312383e-04,-9.4578947893e-03
