Chunk_Index,Chunk_Start_Time,Orig_RMSE_Omega,Orig_RMSE_Theta,Orig_RMSE_Total,Sim_RMSE_Omega,Sim_RMSE_Theta,Sim_RMSE_Total,Final_Loss,Stopped_Epoch,NaN_Recoveries,Eq_Theta,Eq_Omega,Eq_Omega_Physical
38500,2025-01-05 06:30:00,0.005337,0.042110,0.030014,0.103720,6.523411,4.613331,11.2704,9095,0,1.00000omega,-0.089491 + -0.01527theta + 0.03704omega + 0.01874theta^2 + -0.00217theta omega + 0.01318omega^2 + -0.00486theta^3 + -0.00279theta^2 omega + 0.00890theta omega^2 + 0.04529omega^3,0.147815*omega**3 + 0.000968*omega**2*theta - 0.004115*omega**2 - 1.0e-5*omega*theta**2 + 0.000153*omega*theta + 0.00067*omega - 0.e-6*theta**3 + 2.2e-5*theta**2 - 0.000272*theta + 0.000764
38501,2025-01-05 06:35:00,0.005487,0.046294,0.032964,0.082110,2.854809,2.019490,18.5065,9999,0,1.00000omega,-0.025201 + -0.00531theta + -0.00602omega + -0.00003theta^2 + 0.00215theta omega + -0.00554omega^2 + -0.00032theta^3 + 0.00037theta^2 omega + -0.00097theta omega^2 + -0.00196omega^3,-0.008717*omega**3 - 0.000144*omega**2*theta + 0.000872*omega**2 + 2.0e-6*omega*theta**2 - 4.9e-5*omega*theta + 2.1e-5*omega + 3.0e-6*theta**2 - 7.4e-5*theta + 0.000526
38502,2025-01-05 06:40:00,0.003470,0.020841,0.014940,nan,nan,nan,6.5102,8307,0,1.00000omega,-0.003561 + -0.15835theta + 0.01750omega + 0.00496theta^2 + 0.01596theta omega + 0.18880omega^2 + -0.03652theta^3 + -0.03339theta^2 omega + 0.00087theta omega^2 + 0.09983omega^3,0.487512*omega**3 + 0.000142*omega**2*theta + 0.075841*omega**2 - 0.000181*omega*theta**2 + 0.001065*omega*theta - 0.000918*omega - 7.0e-6*theta**3 + 4.9e-5*theta**2 - 0.000295*theta + 0.000501
38503,2025-01-05 06:45:00,0.004355,0.026671,0.019109,0.091631,2.956303,2.091426,10.8135,8673,0,1.00000omega,-0.015521 + -0.03534theta + -0.12035omega + -0.00214theta^2 + -0.01408theta omega + -0.00749omega^2 + -0.00489theta^3 + 0.02023theta^2 omega + 0.00023theta omega^2 + -0.01466omega^3,-0.068138*omega**3 + 3.6e-5*omega**2*theta - 0.003349*omega**2 + 0.000104*omega*theta**2 - 0.002533*omega*theta + 0.011256*omega - 0.e-6*theta**3 + 2.7e-5*theta**2 - 0.000337*theta + 0.001474
38504,2025-01-05 06:50:00,0.004665,0.024047,0.017321,0.167963,5.775169,4.085388,9.7817,7131,0,1.00000omega,-0.036951 + -0.35923theta + 0.01567omega + 0.22472theta^2 + 0.20253theta omega + -0.04542omega^2 + -0.15640theta^3 + -0.02684theta^2 omega + -0.02628theta omega^2 + 0.01560omega^3,0.059609*omega**3 - 0.003347*omega**2*theta - 0.035764*omega**2 - 0.000114*omega*theta**2 + 0.001078*omega*theta + 0.010709*omega - 2.2e-5*theta**3 - 0.000299*theta**2 - 0.001624*theta - 0.003819
38505,2025-01-05 06:55:00,0.005175,0.037866,0.027024,0.135811,3.409952,2.413112,4.4731,6046,0,1.00000omega,-0.071591 + -0.29273theta + 0.01748omega + 0.02026theta^2 + -0.03400theta omega + -0.04281omega^2 + -0.19818theta^3 + 0.04758theta^2 omega + -0.04350theta omega^2 + -0.02397omega^3,-0.045936*omega**3 - 0.002779*omega**2*theta - 0.02488*omega**2 + 0.000101*omega*theta**2 + 0.000739*omega*theta + 0.001727*omega - 1.4e-5*theta**3 - 0.000208*theta**2 - 0.001348*theta - 0.003637
38506,2025-01-05 07:00:00,0.004230,0.040223,0.028599,0.121572,4.757962,3.365485,7.0903,9999,0,1.00000omega,0.166611 + 0.01085theta + 0.11936omega + 0.00185theta^2 + 0.06664theta omega + 0.01071omega^2 + -0.04469theta^3 + 0.00719theta^2 omega + 0.05560theta omega^2 + -0.16846omega^3,-0.542149*omega**3 + 0.005965*omega**2*theta - 0.073352*omega**2 + 2.6e-5*omega*theta**2 + 6.5e-5*omega*theta - 0.001127*omega - 5.0e-6*theta**3 + 0.000207*theta**2 - 0.002659*theta + 0.01192
38507,2025-01-05 07:05:00,0.004989,0.032120,0.022985,0.071702,1.921262,1.359483,4.3366,9999,0,1.00000omega,0.065691 + -0.03372theta + 0.01802omega + 0.02468theta^2 + -0.03044theta omega + -0.05699omega^2 + -0.02055theta^3 + -0.00461theta^2 omega + -0.00311theta omega^2 + -0.03557omega^3,-0.076412*omega**3 - 0.000223*omega**2*theta - 0.013864*omega**2 - 1.1e-5*omega*theta**2 - 0.000135*omega*theta + 0.001864*omega - 2.0e-6*theta**3 + 3.8e-5*theta**2 - 0.000319*theta + 0.001185
38508,2025-01-05 07:10:00,0.003834,0.026339,0.018821,0.093240,4.336568,3.067125,5.2150,4373,0,1.00000omega,0.017331 + -0.23934theta + 0.04110omega + -0.05050theta^2 + -0.05083theta omega + -0.03650omega^2 + -0.00644theta^3 + 0.06212theta^2 omega + -0.01184theta omega^2 + 0.01163omega^3,0.043027*omega**3 - 0.00146*omega**2*theta - 0.007521*omega**2 + 0.000255*omega*theta**2 - 0.002448*omega*theta + 0.006888*omega - 0.e-6*theta**3 - 1.0e-5*theta**2 - 0.000158*theta + 0.000802
38509,2025-01-05 07:15:00,0.008385,0.046649,0.033515,0.094184,3.489579,2.468404,17.7886,9999,0,1.00000omega,-0.013741 + -0.40196theta + -0.07900omega + 0.03318theta^2 + -0.18304theta omega + -0.04305omega^2 + -0.00236theta^3 + 0.00135theta^2 omega + 0.00747theta omega^2 + -0.03929omega^3,-0.079854*omega**3 + 0.000506*omega**2*theta - 0.003831*omega**2 + 3.0e-6*omega*theta**2 - 0.001499*omega*theta - 0.025127*omega + 2.0e-6*theta**2 - 0.00028*theta - 0.005079
38510,2025-01-05 07:20:00,0.003819,0.027696,0.019769,0.118099,5.152020,3.643985,3.3769,8138,0,1.00000omega,0.016771 + -0.06362theta + 0.09439omega + -0.13002theta^2 + -0.03058theta omega + -0.08186omega^2 + -0.24446theta^3 + 0.02392theta^2 omega + -0.02376theta omega^2 + -0.04994omega^3,-0.147659*omega**3 - 0.002342*omega**2*theta - 0.015587*omega**2 + 7.9e-5*omega*theta**2 - 0.000999*omega*theta + 0.005993*omega - 2.7e-5*theta**3 + 0.000301*theta**2 - 0.001177*theta + 0.001674
38511,2025-01-05 07:25:00,0.004705,0.026665,0.019146,0.071210,1.403251,0.993525,2.0747,9872,0,1.00000omega,0.106811 + -0.02477theta + -0.01744omega + -0.16435theta^2 + 0.01754theta omega + 0.29935omega^2 + -0.30740theta^3 + -0.20438theta^2 omega + -0.00348theta omega^2 + 0.05911omega^3,0.10816*omega**3 - 0.000212*omega**2*theta + 0.072008*omega**2 - 0.000416*omega*theta**2 - 0.007383*omega*theta - 0.03336*omega - 2.1e-5*theta**3 - 0.000611*theta**2 - 0.005971*theta - 0.018946
38512,2025-01-05 07:30:00,0.003973,0.022673,0.016276,0.085282,7.620792,5.389051,15.9957,7939,0,1.00000omega,0.165531 + 0.00754theta + 0.00829omega + 0.01200theta^2 + 0.00085theta omega + 0.02801omega^2 + -0.00096theta^3 + -0.00937theta^2 omega + -0.00663theta omega^2 + 0.01229omega^3,0.088914*omega**3 - 0.001599*omega**2*theta + 0.025895*omega**2 - 7.5e-5*omega*theta**2 + 0.001158*omega*theta - 0.004172*omega + 1.2e-5*theta**2 - 0.000136*theta + 0.000801
38513,2025-01-05 07:35:00,0.006650,0.038775,0.027818,0.152683,7.815433,5.527400,53.7863,9999,0,1.00000omega,-0.097031 + -0.04691theta + -0.01299omega + -0.01144theta^2 + -0.00410theta omega + -0.00291omega^2 + -0.00027theta^3 + -0.00087theta^2 omega + 0.00027theta omega^2 + 0.00660omega^3,0.053778*omega**3 + 7.3e-5*omega**2*theta - 0.000476*omega**2 - 8.0e-6*omega*theta**2 - 0.000295*omega*theta - 0.003028*omega - 1.0e-5*theta**2 - 0.000289*theta - 0.002512
38514,2025-01-05 07:40:00,nan,nan,nan,nan,nan,nan,12914.0127,5,5,1.00000omega,nan1 + nantheta + nanomega + nantheta^2 + nantheta omega + nanomega^2 + nantheta^3 + nantheta^2 omega + nantheta omega^2 + nanomega^3,N/A
38515,2025-01-05 07:45:00,0.005816,0.028426,0.020517,0.087262,2.077624,1.470397,20.3320,9999,1,1.00000omega,0.059741 + -0.01905theta + -0.03138omega + 0.00570theta^2 + -0.00629theta omega + 0.01039omega^2 + -0.00684theta^3 + -0.00412theta^2 omega + 0.00579theta omega^2 + -0.00549omega^3,-0.024277*omega**3 + 0.000853*omega**2*theta - 0.00594*omega**2 - 2.0e-5*omega*theta**2 + 0.000391*omega*theta - 0.00285*omega - 1.0e-6*theta**3 + 4.2e-5*theta**2 - 0.000533*theta + 0.002512
38516,2025-01-05 07:50:00,0.003254,0.020038,0.014355,0.075343,1.252142,0.886999,2.1080,7040,0,1.00000omega,-0.002631 + -0.10741theta + 0.12030omega + 0.01908theta^2 + 0.18132theta omega + -0.40152omega^2 + -0.72099theta^3 + -0.63861theta^2 omega + 0.47421theta omega^2 + -0.07026omega^3,-0.247634*omega**3 + 0.055712*omega**2*theta - 0.146802*omega**2 - 0.002501*omega*theta**2 + 0.002895*omega*theta + 0.003601*omega - 9.4e-5*theta**3 + 5.4e-5*theta**2 - 0.000129*theta + 1.2e-5
38517,2025-01-05 07:55:00,0.004295,0.024588,0.017649,0.098915,4.393783,3.107661,13.7916,7413,0,1.00000omega,-0.329311 + -0.12461theta + -0.07833omega + -0.00531theta^2 + 0.01161theta omega + -0.01118omega^2 + -0.01738theta^3 + -0.00788theta^2 omega + 0.01609theta omega^2 + -0.00884omega^3,-0.050641*omega**3 + 0.003072*omega**2*theta + 0.023351*omega**2 - 5.0e-5*omega*theta**2 - 0.000753*omega*theta - 0.005293*omega - 4.0e-6*theta**3 - 0.000104*theta**2 - 0.00112*theta - 0.00519
38518,2025-01-05 08:00:00,0.004075,0.029100,0.020778,0.143400,7.023200,4.967187,11.7633,9683,0,1.00000omega,0.010091 + -0.00478theta + -0.02525omega + 0.00031theta^2 + 0.02237theta omega + -0.01855omega^2 + -0.00804theta^3 + -0.00147theta^2 omega + -0.00260theta omega^2 + 0.00597omega^3,0.033236*omega**3 - 0.000482*omega**2*theta - 0.014177*omega**2 - 9.0e-6*omega*theta**2 + 8.8e-5*omega*theta + 0.001782*omega - 2.0e-6*theta**3 - 6.4e-5*theta**2 - 0.000819*theta - 0.003512
38519,2025-01-05 08:05:00,0.003745,0.032918,0.023427,0.070702,1.948868,1.378964,1.7546,6455,0,1.00000omega,-0.101961 + -0.13978theta + 0.00629omega + 0.00521theta^2 + -0.03253theta omega + -0.12187omega^2 + -0.09208theta^3 + 0.02393theta^2 omega + -0.03401theta omega^2 + -0.14105omega^3,-0.327183*omega**3 - 0.00263*omega**2*theta - 0.014543*omega**2 + 6.2e-5*omega*theta**2 - 0.001209*omega*theta + 0.005766*omega - 8.0e-6*theta**3 + 0.000176*theta**2 - 0.001463*theta + 0.003972
38520,2025-01-05 08:10:00,0.005272,0.035677,0.025502,0.059247,1.682893,1.190722,8.0812,9999,0,1.00000omega,0.031511 + -0.08250theta + -0.10985omega + 0.01482theta^2 + 0.03051theta omega + 0.00433omega^2 + -0.00003theta^3 + -0.00443theta^2 omega + -0.06894theta omega^2 + -0.00483omega^3,-0.01344*omega**3 - 0.006394*omega**2*theta - 0.120189*omega**2 - 1.4e-5*omega*theta**2 - 0.000211*omega*theta - 0.002722*omega + 5.0e-6*theta**2 + 9.6e-5*theta + 0.000163
38521,2025-01-05 08:15:00,0.005054,0.048250,0.034305,0.180225,8.360886,5.913413,17.4034,8013,2,1.00000omega,-0.237851 + -0.06886theta + 0.00654omega + -0.01792theta^2 + 0.01177theta omega + -0.02695omega^2 + -0.01441theta^3 + 0.00020theta^2 omega + -0.00290theta omega^2 + 0.00755omega^3,0.035138*omega**3 - 0.00045*omega**2*theta - 0.003849*omega**2 + 1.0e-6*omega*theta**2 + 0.000123*omega*theta - 0.001872*omega - 2.0e-6*theta**3 + 0.000104*theta**2 - 0.001526*theta + 0.007155
38522,2025-01-05 08:20:00,0.004213,0.025756,0.018454,0.043346,1.761969,1.246277,49.4692,9999,0,1.00000omega,-0.033841 + -0.01787theta + 0.01512omega + 0.00456theta^2 + 0.00137theta omega + 0.00397omega^2 + -0.00018theta^3 + -0.00002theta^2 omega + 0.00049theta omega^2 + -0.00283omega^3,-0.050963*omega**3 + 0.000294*omega**2*theta + 0.008308*omega**2 + 2.1e-5*omega*theta + 0.001007*omega - 2.0e-6*theta**2 + 6.0e-6*theta + 0.000165
38523,2025-01-05 08:25:00,0.003691,0.027191,0.019403,0.118249,6.541440,4.626252,1.1247,9426,0,1.00000omega,-0.003341 + -0.11711theta + 0.09479omega + -0.00560theta^2 + -0.04225theta omega + -0.02487omega^2 + -0.03619theta^3 + 0.01017theta^2 omega + 0.04404theta omega^2 + 0.01336omega^3,0.031016*omega**3 + 0.003408*omega**2*theta - 0.008403*omega**2 + 2.6e-5*omega*theta**2 - 0.000415*omega*theta + 0.003335*omega - 3.0e-6*theta**3 + 2.0e-6*theta**2 - 0.00013*theta + 4.3e-5
38524,2025-01-05 08:30:00,0.004031,0.028916,0.020644,0.119476,4.952867,3.503225,7.5963,8132,0,1.00000omega,0.101131 + -0.13728theta + -0.09024omega + 0.07351theta^2 + 0.00567theta omega + 0.00041omega^2 + -0.06049theta^3 + -0.03252theta^2 omega + 0.04597theta omega^2 + -0.01495omega^3,-0.061444*omega**3 + 0.006298*omega**2*theta - 0.031526*omega**2 - 0.000149*omega*theta**2 + 0.001564*omega*theta - 0.007117*omega - 9.0e-6*theta**3 + 0.000169*theta**2 - 0.001156*theta + 0.003007
38525,2025-01-05 08:35:00,0.004306,0.030640,0.021879,0.117443,7.594072,5.370462,2.7890,9999,0,1.00000omega,-0.012081 + -0.06110theta + -0.08391omega + -0.00540theta^2 + -0.01548theta omega + 0.01973omega^2 + -0.00297theta^3 + -0.00525theta^2 omega + -0.00269theta omega^2 + -0.01789omega^3,-0.040103*omega**3 - 0.000201*omega**2*theta + 0.005753*omega**2 - 1.3e-5*omega*theta**2 - 9.4e-5*omega*theta - 0.002586*omega - 6.4e-5*theta + 6.9e-5
38526,2025-01-05 08:40:00,0.003630,0.024222,0.017319,0.186572,7.625753,5.393835,7.0244,8810,0,1.00000omega,0.272871 + -0.06456theta + -0.04405omega + 0.00904theta^2 + -0.00154theta omega + 0.04337omega^2 + -0.01148theta^3 + 0.00187theta^2 omega + 0.01196theta omega^2 + -0.01264omega^3,-0.061563*omega**3 + 0.001942*omega**2*theta - 0.00318*omega**2 + 1.0e-5*omega*theta**2 - 0.000236*omega*theta - 0.000103*omega - 2.0e-6*theta**3 + 7.0e-5*theta**2 - 0.000861*theta + 0.004466
38527,2025-01-05 08:45:00,0.003161,0.025159,0.017930,0.101290,5.642638,3.990590,5.0452,5868,0,1.00000omega,0.138681 + -0.23075theta + -0.06698omega + -0.35022theta^2 + 0.34665theta omega + 0.13406omega^2 + -0.05069theta^3 + 0.10155theta^2 omega + -0.33341theta omega^2 + -0.04904omega^3,-0.213981*omega**3 - 0.048493*omega**2*theta + 0.020198*omega**2 + 0.000492*omega*theta**2 + 0.005035*omega*theta + 0.000778*omega - 8.0e-6*theta**3 - 0.000164*theta**2 - 0.000456*theta + 0.000178
38528,2025-01-05 08:50:00,nan,nan,nan,nan,nan,nan,14610.2266,5,5,1.00000omega,nan1 + nantheta + nanomega + nantheta^2 + nantheta omega + nanomega^2 + nantheta^3 + nantheta^2 omega + nantheta omega^2 + nanomega^3,N/A
38529,2025-01-05 08:55:00,0.004229,0.030533,0.021796,0.105556,3.418746,2.418570,5.6166,4959,0,1.00000omega,-0.026821 + -0.12642theta + -0.03834omega + 0.01387theta^2 + -0.56420theta omega + -0.03786omega^2 + -0.41445theta^3 + -0.05271theta^2 omega + -0.04338theta omega^2 + -0.00274omega^3,-0.008994*omega**3 - 0.004747*omega**2*theta + 0.01168*omega**2 - 0.000192*omega*theta**2 - 0.00426*omega*theta + 0.025445*omega - 5.0e-5*theta**3 + 0.000776*theta**2 - 0.004123*theta + 0.007439
38530,2025-01-05 09:00:00,0.005575,0.033011,0.023673,0.163811,6.874682,4.862514,9.3103,5496,0,1.00000omega,0.077661 + -0.03989theta + -0.00293omega + 0.04828theta^2 + -0.03030theta omega + -0.08709omega^2 + -0.07288theta^3 + 0.00962theta^2 omega + 0.03201theta omega^2 + 0.00116omega^3,0.003106*omega**3 + 0.002857*omega**2*theta - 0.048877*omega**2 + 2.9e-5*omega*theta**2 - 0.00076*omega*theta + 0.004148*omega - 7.0e-6*theta**3 + 0.00019*theta**2 - 0.001689*theta + 0.00537
38531,2025-01-05 09:05:00,0.004207,0.034626,0.024664,0.077605,4.615306,3.263975,2.0758,8188,0,1.00000omega,-0.019571 + -0.03298theta + -0.08188omega + -0.02310theta^2 + 0.06231theta omega + 0.14338omega^2 + -0.01172theta^3 + 0.01551theta^2 omega + -0.33660theta omega^2 + -0.06903omega^3,-0.157808*omega**3 - 0.02565*omega**2*theta + 0.144964*omega**2 + 3.9e-5*omega*theta**2 + 0.00025*omega*theta - 0.00442*omega - 0.e-6*theta**3 + 5.0e-6*theta**2 - 2.9e-5*theta + 2.1e-5
38532,2025-01-05 09:10:00,0.003530,0.103939,0.073538,0.129928,2.692523,1.906117,-1036391680.0000,7487,0,1.00000omega,0.488251 + 0.18506theta + 0.31285omega + -0.63087theta^2 + -0.38425theta omega + 0.02856omega^2 + -2.32938theta^3 + 0.09312theta^2 omega + 0.13126theta omega^2 + -0.02783omega^3,-0.144439*omega**3 + 0.022708*omega**2*theta + 0.066742*omega**2 + 0.000537*omega*theta**2 - 0.002733*omega*theta + 0.000692*omega - 0.000448*theta**3 - 0.003537*theta**2 - 0.009044*theta - 0.006215
38533,2025-01-05 09:15:00,0.004384,0.033859,0.024142,0.127834,5.862741,4.146569,7.8789,6652,0,1.00000omega,-0.104391 + 0.14153theta + -0.03138omega + 0.25525theta^2 + 0.11647theta omega + -0.14889omega^2 + -0.19060theta^3 + -0.03191theta^2 omega + 0.15103theta omega^2 + -0.02656omega^3,-0.094373*omega**3 + 0.017888*omega**2*theta + 0.078242*omega**2 - 0.000126*omega*theta**2 - 0.000488*omega*theta + 0.002025*omega - 2.5e-5*theta**3 - 0.000447*theta**2 - 0.002372*theta - 0.003598
38534,2025-01-05 09:20:00,0.003114,0.023280,0.016608,0.096743,3.508481,2.481813,6.1627,6749,0,1.00000omega,-0.032611 + -0.21381theta + -0.04355omega + 0.07424theta^2 + 0.00275theta omega + 0.03448omega^2 + -0.02431theta^3 + -0.00632theta^2 omega + -0.12146theta omega^2 + 0.00674omega^3,0.03649*omega**3 - 0.021919*omega**2*theta - 0.140073*omega**2 - 3.8e-5*omega*theta**2 - 0.000498*omega*theta - 0.003071*omega - 5.0e-6*theta**3 - 6.8e-5*theta**2 - 0.000471*theta - 0.001731
38535,2025-01-05 09:25:00,0.004400,0.024719,0.017754,0.189916,5.713303,4.042146,4.0422,5454,0,1.00000omega,-0.107171 + -0.30190theta + -0.02187omega + 0.53687theta^2 + 0.01637theta omega + -0.16912omega^2 + -0.47570theta^3 + 0.26274theta^2 omega + 0.28741theta omega^2 + -0.04075omega^3,-0.100395*omega**3 + 0.023603*omega**2*theta - 0.133972*omega**2 + 0.000719*omega*theta**2 - 0.005055*omega*theta + 0.008144*omega - 4.3e-5*theta**3 + 0.000643*theta**2 - 0.003283*theta + 0.005107
38536,2025-01-05 09:30:00,0.004850,0.035838,0.025572,0.146176,7.871319,5.566823,10.6491,5015,0,1.00000omega,0.112291 + -0.14282theta + 0.00094omega + 0.00985theta^2 + -0.19783theta omega + -0.03542omega^2 + -0.04118theta^3 + 0.01478theta^2 omega + -0.02016theta omega^2 + -0.00730omega^3,-0.028041*omega**3 - 0.002581*omega**2*theta - 0.018535*omega**2 + 6.3e-5*omega*theta**2 - 0.002073*omega*theta - 0.005001*omega - 6.0e-6*theta**3 - 3.6e-5*theta**2 - 0.000231*theta - 6.0e-5
38537,2025-01-05 09:35:00,0.003805,0.070860,0.050178,0.108526,3.203492,2.266511,-27436342.0000,5669,0,1.00000omega,0.006171 + -0.38407theta + -0.01436omega + -0.21864theta^2 + -0.05405theta omega + -0.19640omega^2 + -0.46182theta^3 + 0.00485theta^2 omega + -0.04919theta omega^2 + -0.30475omega^3,-0.961016*omega**3 - 0.005171*omega**2*theta - 0.030677*omega**2 + 1.7e-5*omega*theta**2 - 0.000801*omega*theta + 0.003941*omega - 5.4e-5*theta**3 + 0.000954*theta**2 - 0.006012*theta + 0.013558
38538,2025-01-05 09:40:00,0.003118,0.022209,0.015858,0.149433,3.344260,2.367108,6.9838,5058,0,1.00000omega,-0.112281 + -0.73251theta + -0.24368omega + 0.08111theta^2 + -0.03049theta omega + -0.35327omega^2 + -0.16580theta^3 + -0.00509theta^2 omega + -0.14020theta omega^2 + -0.01578omega^3,-0.089827*omega**3 - 0.026603*omega**2*theta - 0.283534*omega**2 - 3.2e-5*omega*theta**2 - 0.000757*omega*theta - 0.011045*omega - 3.5e-5*theta**3 - 0.000472*theta**2 - 0.002922*theta - 0.007367
38539,2025-01-05 09:45:00,0.003180,0.030828,0.021914,0.066100,2.111354,1.493684,10.1566,7881,0,1.00000omega,0.042021 + -0.04855theta + -0.06000omega + -0.04659theta^2 + -0.00025theta omega + 0.09297omega^2 + -0.01254theta^3 + -0.00118theta^2 omega + 0.00032theta omega^2 + -0.03547omega^3,-0.245894*omega**3 + 7.4e-5*omega**2*theta + 0.045404*omega**2 - 9.0e-6*omega*theta**2 - 0.000179*omega*theta - 0.002883*omega - 3.0e-6*theta**3 - 0.000118*theta**2 - 0.00143*theta - 0.005614
38540,2025-01-05 09:50:00,0.002583,0.018378,0.013123,nan,nan,nan,10.2553,5209,0,1.00000omega,0.115741 + -1.69713theta + -0.11600omega + 0.67721theta^2 + -0.10667theta omega + -0.38153omega^2 + 0.04730theta^3 + -0.43176theta^2 omega + 0.10260theta omega^2 + 0.06697omega^3,0.822372*omega**3 + 0.041997*omega**2*theta - 0.110573*omega**2 - 0.005891*omega*theta**2 - 0.039734*omega*theta - 0.070649*omega + 2.2e-5*theta**3 + 0.000687*theta**2 + 0.001828*theta - 0.000237
38541,2025-01-05 09:55:00,0.003277,0.025858,0.018430,0.121238,4.932069,3.488553,5.0618,4740,0,1.00000omega,-0.028241 + -0.03683theta + -0.05023omega + 0.38784theta^2 + 0.07178theta omega + 0.05765omega^2 + -0.45699theta^3 + 0.03189theta^2 omega + 0.12285theta omega^2 + -0.04903omega^3,-0.220952*omega**3 + 0.018454*omega**2*theta + 0.118928*omega**2 + 0.00016*omega*theta**2 + 0.002599*omega*theta + 0.007553*omega - 7.6e-5*theta**3 - 0.001031*theta**2 - 0.004561*theta - 0.006655
38542,2025-01-05 10:00:00,0.003361,0.027189,0.019372,0.092510,2.711480,1.918422,6.1120,8930,0,1.00000omega,-0.006161 + -0.04576theta + 0.04828omega + -0.10560theta^2 + -0.00261theta omega + -0.07766omega^2 + -0.06345theta^3 + 0.01369theta^2 omega + -0.01788theta omega^2 + 0.00827omega^3,0.035164*omega**3 - 0.002534*omega**2*theta - 0.036181*omega**2 + 6.5e-5*omega*theta**2 + 0.000322*omega*theta + 0.002005*omega - 1.0e-5*theta**3 - 0.000126*theta**2 - 0.000518*theta - 0.000695
38543,2025-01-05 10:05:00,0.002887,0.018223,0.013046,0.166829,2.093782,1.485219,6.6315,7229,0,1.00000omega,-0.001941 + -0.89309theta + -0.36335omega + 0.41653theta^2 + -0.05495theta omega + 0.05590omega^2 + -3.57219theta^3 + 0.83976theta^2 omega + -0.28983theta omega^2 + 0.01445omega^3,0.105883*omega**3 - 0.070791*omega**2*theta - 0.083974*omega**2 + 0.006837*omega*theta**2 + 0.020652*omega*theta + 0.003453*omega - 0.000969*theta**3 - 0.004356*theta**2 - 0.007499*theta - 0.004799
38544,2025-01-05 10:10:00,0.004287,0.080890,0.057278,0.157890,5.042505,3.567337,-1440103808.0000,6794,0,1.00000omega,0.042761 + -0.48786theta + 0.02558omega + -0.00404theta^2 + -0.00071theta omega + -0.03178omega^2 + -0.05244theta^3 + 0.02311theta^2 omega + 0.00005theta omega^2 + -0.02199omega^3,-0.086271*omega**3 + 7.0e-6*omega**2*theta - 0.011508*omega**2 + 0.000101*omega*theta**2 - 0.00049*omega*theta + 0.001449*omega - 8.0e-6*theta**3 + 5.3e-5*theta**2 - 0.000665*theta + 0.001522
38545,2025-01-05 10:15:00,0.004645,0.035459,0.025288,0.096155,3.960547,2.801355,16.0288,7378,0,1.00000omega,0.020511 + 0.03579theta + -0.01920omega + 0.01825theta^2 + 0.02336theta omega + -0.12661omega^2 + -0.03553theta^3 + 0.01481theta^2 omega + 0.02564theta omega^2 + -0.11931omega^3,-0.628239*omega**3 + 0.0045*omega**2*theta - 0.002115*omega**2 + 8.7e-5*omega*theta**2 + 0.002287*omega*theta + 0.014148*omega - 7.0e-6*theta**3 - 0.000227*theta**2 - 0.00243*theta - 0.00845
38546,2025-01-05 10:20:00,0.003669,0.025749,0.018391,0.108760,3.576614,2.530217,6.0822,6565,0,1.00000omega,-0.062001 + -0.04939theta + -0.17289omega + 0.13450theta^2 + 0.53426theta omega + 0.07806omega^2 + -0.11220theta^3 + 0.26369theta^2 omega + -0.03690theta omega^2 + -0.12387omega^3,-0.486219*omega**3 - 0.004828*omega**2*theta - 0.002484*omega**2 + 0.00115*omega*theta**2 + 0.021077*omega*theta + 0.081785*omega - 1.6e-5*theta**3 - 0.000257*theta**2 - 0.001348*theta - 0.002553
38547,2025-01-05 10:25:00,0.003082,0.026910,0.019153,0.096191,1.873203,1.326300,3.0905,6435,0,1.00000omega,-0.136591 + -2.12077theta + 0.01347omega + 0.71833theta^2 + -0.07167theta omega + 0.10219omega^2 + -0.61538theta^3 + -0.18542theta^2 omega + 0.57612theta omega^2 + -0.10907omega^3,-0.42191*omega**3 + 0.074286*omega**2*theta - 0.044406*omega**2 - 0.000797*omega*theta**2 + 0.000882*omega*theta + 0.000436*omega - 8.8e-5*theta**3 + 0.000575*theta**2 - 0.003297*theta + 0.002606
38548,2025-01-05 10:30:00,0.003073,0.024005,0.017112,0.148065,3.217763,2.277709,2.1069,6555,0,1.00000omega,-0.078161 + -0.78926theta + 0.00788omega + -0.00741theta^2 + 0.17667theta omega + -0.00257omega^2 + 0.00257theta^3 + 0.02177theta^2 omega + 0.01675theta omega^2 + 0.03703omega^3,0.135407*omega**3 + 0.002042*omega**2*theta + 0.003433*omega**2 + 8.8e-5*omega*theta**2 + 0.002431*omega*theta + 0.005021*omega - 0.e-6*theta**2 - 0.000884*theta - 0.002118
38549,2025-01-05 10:35:00,nan,nan,nan,nan,nan,nan,23508.2949,5,5,1.00000omega,nan1 + nantheta + nanomega + nantheta^2 + nantheta omega + nanomega^2 + nantheta^3 + nantheta^2 omega + nantheta omega^2 + nanomega^3,N/A
38550,2025-01-05 10:40:00,0.003881,0.029076,0.020742,nan,nan,nan,6.1135,7490,0,1.00000omega,0.016711 + -0.08304theta + 0.06394omega + -0.01138theta^2 + -0.00355theta omega + -0.03834omega^2 + -0.00811theta^3 + 0.00229theta^2 omega + -0.01960theta omega^2 + 0.04092omega^3,0.148678*omega**3 - 0.002374*omega**2*theta - 0.031171*omega**2 + 9.0e-6*omega*theta**2 + 9.8e-5*omega*theta + 0.002344*omega - 1.0e-6*theta**3 - 2.9e-5*theta**2 - 0.000343*theta - 0.00135
38551,2025-01-05 10:45:00,0.003286,0.023577,0.016832,nan,nan,nan,3.7837,3980,0,1.00000omega,-0.201711 + -0.54204theta + -0.01119omega + 0.00870theta^2 + -0.10325theta omega + -0.10347omega^2 + -1.88856theta^3 + 0.70016theta^2 omega + -0.02267theta omega^2 + 0.07322omega^3,0.354445*omega**3 - 0.003658*omega**2*theta - 0.046148*omega**2 + 0.003766*omega*theta**2 + 0.008057*omega*theta + 0.00381*omega - 0.000339*theta**3 - 0.001269*theta**2 - 0.002188*theta - 0.001973
38552,2025-01-05 10:50:00,0.003610,0.024279,0.017357,0.069799,2.086285,1.476051,15.9355,7662,0,1.00000omega,-0.097951 + 0.01136theta + -0.27914omega + 0.00413theta^2 + -0.01974theta omega + 0.15309omega^2 + 0.00154theta^3 + -0.01632theta^2 omega + -0.09577theta omega^2 + -0.02641omega^3,-0.22039*omega**3 - 0.02664*omega**2*theta - 0.180388*omega**2 - 0.000151*omega*theta**2 - 0.003314*omega*theta - 0.027246*omega + 1.6e-5*theta**2 + 0.000197*theta + 0.000598
38553,2025-01-05 10:55:00,0.003956,0.030924,0.022045,0.159607,7.845027,5.548420,10.7438,8490,0,1.00000omega,-0.009161 + -0.01615theta + 0.04311omega + -0.01095theta^2 + 0.00100theta omega + -0.01338omega^2 + -0.00618theta^3 + 0.00403theta^2 omega + 0.00062theta omega^2 + 0.00138omega^3,0.007091*omega**3 + 0.000106*omega**2*theta - 0.004409*omega**2 + 2.3e-5*omega*theta**2 + 0.000503*omega*theta + 0.00418*omega - 1.0e-6*theta**3 - 4.3e-5*theta**2 - 0.000523*theta - 0.002193
38554,2025-01-05 11:00:00,0.006759,0.037754,0.027121,0.106452,4.402234,3.113759,10.7771,9999,0,1.00000omega,0.067021 + -0.42334theta + -0.06255omega + 0.06626theta^2 + -0.01319theta omega + -0.04274omega^2 + -0.00520theta^3 + -0.00247theta^2 omega + 0.01673theta omega^2 + -0.06442omega^3,-0.129242*omega**3 + 0.001119*omega**2*theta + 0.006404*omega**2 - 6.0e-6*omega*theta**2 - 0.000286*omega*theta - 0.005199*omega + 1.0e-6*theta**2 - 0.000158*theta - 0.003884
38555,2025-01-05 11:05:00,0.004751,0.034298,0.024484,0.073035,4.729282,3.344506,11.2456,8602,0,1.00000omega,-0.029921 + -0.03073theta + 0.02186omega + -0.01026theta^2 + -0.00451theta omega + -0.01495omega^2 + -0.00388theta^3 + -0.01578theta^2 omega + 0.01060theta omega^2 + 0.01774omega^3,0.068757*omega**3 + 0.001369*omega**2*theta + 0.005435*omega**2 - 6.8e-5*omega*theta**2 - 0.001127*omega*theta - 0.003931*omega - 0.e-6*theta**3 - 1.7e-5*theta**2 - 0.000203*theta - 0.000891
38556,2025-01-05 11:10:00,0.004195,0.034087,0.024285,0.093675,3.361849,2.378109,7.2515,4518,0,1.00000omega,0.136441 + -0.04273theta + -0.02992omega + 0.04870theta^2 + -0.00006theta omega + 0.02404omega^2 + -0.08184theta^3 + 0.09580theta^2 omega + -0.02607theta omega^2 + -0.12604omega^3,-0.445783*omega**3 - 0.003074*omega**2*theta - 0.007462*omega**2 + 0.000376*omega*theta**2 + 0.00385*omega*theta + 0.008844*omega - 1.1e-5*theta**3 - 0.000146*theta**2 - 0.000698*theta - 0.000749
38557,2025-01-05 11:15:00,0.003040,0.026525,0.018879,0.123720,2.863864,2.026946,4.5323,5786,0,1.00000omega,-0.061451 + -1.38030theta + -0.03333omega + -0.23560theta^2 + -0.12136theta omega + 0.02486omega^2 + 0.03556theta^3 + 0.04018theta^2 omega + -0.01546theta omega^2 + -0.00901omega^3,-0.044824*omega**3 - 0.002564*omega**2*theta + 0.00729*omega**2 + 0.000222*omega*theta**2 - 0.001156*omega*theta - 0.002661*omega + 7.0e-6*theta**3 - 8.5e-5*theta**2 - 0.001745*theta - 0.001984
38558,2025-01-05 11:20:00,0.003613,0.030065,0.021412,0.088843,3.932591,2.781472,7.0410,7238,0,1.00000omega,0.067671 + -0.47401theta + -0.01976omega + 0.03797theta^2 + -0.00327theta omega + 0.04008omega^2 + -0.00467theta^3 + -0.00398theta^2 omega + -0.00429theta omega^2 + -0.15075omega^3,-0.669058*omega**3 - 0.000635*omega**2*theta + 0.007829*omega**2 - 2.0e-5*omega*theta**2 - 0.000511*omega*theta - 0.003964*omega - 0.e-6*theta**3 - 1.1e-5*theta**2 - 0.000468*theta - 0.005093
38559,2025-01-05 11:25:00,0.004029,0.036643,0.026067,0.109599,2.335080,1.652968,6.7808,7219,0,1.00000omega,-0.278791 + -1.61163theta + -0.14349omega + 0.15758theta^2 + -0.08177theta omega + 0.16228omega^2 + -0.05506theta^3 + -0.13976theta^2 omega + 0.04460theta omega^2 + -0.05524omega^3,-0.187672*omega**3 + 0.005051*omega**2*theta + 0.086879*omega**2 - 0.000528*omega*theta**2 - 0.007658*omega*theta - 0.032177*omega - 7.0e-6*theta**3 - 7.4e-5*theta**2 - 0.001886*theta - 0.011763
38560,2025-01-05 11:30:00,0.003524,0.101037,0.071487,0.096291,2.679171,1.895683,-107324932096.0000,5661,0,1.00000omega,0.372481 + -0.33619theta + -0.19940omega + -0.06502theta^2 + -0.03582theta omega + 0.01180omega^2 + -0.09375theta^3 + 0.06524theta^2 omega + -0.05555theta omega^2 + -0.06307omega^3,-0.259869*omega**3 - 0.007629*omega**2*theta + 0.046869*omega**2 + 0.000299*omega*theta**2 - 0.00377*omega*theta + 0.005084*omega - 1.4e-5*theta**3 + 0.000212*theta**2 - 0.001407*theta + 0.004839
38561,2025-01-05 11:35:00,0.004588,0.036586,0.026073,0.075874,5.188011,3.668870,5.4055,8596,0,1.00000omega,-0.125031 + -0.04301theta + 0.08758omega + -0.00432theta^2 + 0.01182theta omega + -0.01173omega^2 + -0.00425theta^3 + -0.00741theta^2 omega + -0.03325theta omega^2 + 0.01034omega^3,0.027923*omega**3 - 0.002993*omega**2*theta + 0.010325*omega**2 - 2.2e-5*omega*theta**2 + 0.000324*omega*theta + 0.001897*omega + 4.0e-6*theta**2 - 6.2e-5*theta - 0.000231
38562,2025-01-05 11:40:00,0.003826,0.031306,0.022301,0.083106,3.012372,2.130879,12.1373,9999,0,1.00000omega,0.008161 + 0.00866theta + -0.10959omega + -0.00076theta^2 + -0.00042theta omega + 0.01776omega^2 + -0.00031theta^3 + 0.00046theta^2 omega + -0.00345theta omega^2 + -0.01080omega^3,-0.066165*omega**3 - 0.000705*omega**2*theta + 0.000875*omega**2 + 3.0e-6*omega*theta**2 + 5.7e-5*omega*theta - 0.003395*omega - 3.0e-6*theta**2 - 2.0e-5*theta + 5.0e-6
38563,2025-01-05 11:45:00,0.004685,0.034105,0.024342,0.214405,5.854280,4.142377,8.6176,5396,0,1.00000omega,0.021821 + -0.08410theta + 0.07646omega + -0.18977theta^2 + -0.01912theta omega + -0.01818omega^2 + -0.35537theta^3 + 0.00329theta^2 omega + 0.05317theta omega^2 + 0.00666omega^3,0.021087*omega**3 + 0.005611*omega**2*theta + 0.012883*omega**2 + 1.2e-5*omega*theta**2 - 0.00013*omega*theta + 0.001985*omega - 4.2e-5*theta**3 - 0.000487*theta**2 - 0.001954*theta - 0.002571
38564,2025-01-05 11:50:00,0.003455,0.025607,0.018271,0.077845,2.957033,2.091662,6.4329,6370,0,1.00000omega,0.004991 + 0.00493theta + 0.01272omega + -0.03259theta^2 + 0.01575theta omega + 0.06999omega^2 + -0.03062theta^3 + -0.00317theta^2 omega + -0.00813theta omega^2 + -0.00253omega^3,-0.012338*omega**3 - 0.001322*omega**2*theta + 0.022578*omega**2 - 1.7e-5*omega*theta**2 + 6.5e-5*omega*theta + 0.001015*omega - 6.0e-6*theta**3 - 8.5e-5*theta**2 - 0.000421*theta - 0.000659
38565,2025-01-05 11:55:00,0.003040,0.025809,0.018376,0.133343,5.128525,3.627641,4.6696,4431,0,1.00000omega,-0.094041 + -0.19512theta + -0.09555omega + 0.11093theta^2 + -0.03498theta omega + 0.09720omega^2 + -0.20229theta^3 + 0.02259theta^2 omega + -0.06237theta omega^2 + -0.06240omega^3,-0.296418*omega**3 - 0.009876*omega**2*theta - 0.037815*omega**2 + 0.000119*omega*theta**2 + 0.001383*omega*theta + 0.000374*omega - 3.6e-5*theta**3 - 0.000778*theta**2 - 0.005862*theta - 0.015537
38566,2025-01-05 12:00:00,0.003421,0.033252,0.023637,nan,nan,nan,6.4611,5702,0,1.00000omega,0.031371 + -0.28821theta + 0.05128omega + -0.66248theta^2 + 0.03612theta omega + 0.01402omega^2 + -0.49477theta^3 + 0.37090theta^2 omega + -0.20635theta omega^2 + 0.00131omega^3,0.006043*omega**3 - 0.031729*omega**2*theta + 0.035109*omega**2 + 0.001901*omega*theta**2 - 0.003076*omega*theta + 0.002924*omega - 8.5e-5*theta**3 - 5.2e-5*theta**2 - 2.0e-6*theta + 0.000205
38567,2025-01-05 12:05:00,0.004704,0.034725,0.024779,0.105419,3.528046,2.495819,7.7339,9025,0,1.00000omega,-0.101421 + -0.03340theta + -0.12174omega + -0.00179theta^2 + -0.00927theta omega + 0.00254omega^2 + -0.00106theta^3 + -0.00302theta^2 omega + 0.00137theta omega^2 + 0.00265omega^3,0.008154*omega**3 + 0.000141*omega**2*theta + 0.001967*omega**2 - 1.0e-5*omega*theta**2 - 0.000268*omega*theta - 0.005565*omega - 4.0e-6*theta**2 - 7.2e-5*theta - 0.000766
38568,2025-01-05 12:10:00,0.005659,0.045622,0.032507,0.071516,2.285624,1.616971,8.0572,5806,1,1.00000omega,0.086531 + -0.04510theta + -0.01655omega + 0.01573theta^2 + 0.01496theta omega + 0.01072omega^2 + -0.00330theta^3 + -0.00432theta^2 omega + 0.00142theta omega^2 + 0.00396omega^3,0.009749*omega**3 + 0.000117*omega**2*theta + 0.005044*omega**2 - 1.2e-5*omega*theta**2 - 0.000257*omega*theta - 0.001521*omega - 1.0e-5*theta**2 - 0.000139*theta - 0.000538
38569,2025-01-05 12:15:00,0.004708,0.023599,0.017016,0.048018,1.036075,0.733402,17.1988,9999,0,1.00000omega,0.054591 + -0.02909theta + 0.01795omega + -0.02220theta^2 + -0.00474theta omega + 0.00189omega^2 + -0.00201theta^3 + -0.00242theta^2 omega + -0.00363theta omega^2 + -0.01779omega^3,-0.103917*omega**3 - 0.000707*omega**2*theta + 0.011944*omega**2 - 1.6e-5*omega*theta**2 + 0.000424*omega*theta - 0.002187*omega + 1.0e-5*theta**2 - 1.2e-5*theta - 0.000355
38570,2025-01-05 12:20:00,0.004027,0.030681,0.021881,0.118397,4.938582,3.493108,4.4810,7373,0,1.00000omega,0.118141 + -0.28850theta + 0.02735omega + 0.10107theta^2 + -0.05021theta omega + -0.10164omega^2 + -0.01706theta^3 + 0.00032theta^2 omega + 0.03239theta omega^2 + -0.02392omega^3,-0.066055*omega**3 + 0.002981*omega**2*theta + 0.001604*omega**2 + 1.0e-6*omega*theta**2 - 0.000486*omega*theta - 0.004497*omega - 2.0e-6*theta**3 - 2.3e-5*theta**2 - 0.000199*theta - 0.001269
38571,2025-01-05 12:25:00,0.005415,0.046628,0.033193,0.085495,4.128723,2.920074,10.3160,7923,0,1.00000omega,-0.038391 + -0.02529theta + -0.00039omega + -0.01374theta^2 + 0.00339theta omega + -0.02196omega^2 + -0.00301theta^3 + -0.00173theta^2 omega + -0.04349theta omega^2 + -0.00220omega^3,-0.00689*omega**3 - 0.00454*omega**2*theta - 0.034254*omega**2 - 6.0e-6*omega*theta**2 - 3.6e-5*omega*theta - 1.0e-5*omega - 1.1e-5*theta**2 - 0.000125*theta - 0.000551
38572,2025-01-05 12:30:00,0.003710,0.018862,0.013593,0.082772,3.042835,2.152405,10.3205,4556,0,1.00000omega,-0.134831 + -0.41528theta + -0.04043omega + -0.16691theta^2 + 0.23422theta omega + -0.08494omega^2 + -0.03094theta^3 + -0.18252theta^2 omega + -0.32111theta omega^2 + 0.00020omega^3,0.001224*omega**3 - 0.065508*omega**2*theta - 0.289942*omega**2 - 0.001241*omega*theta**2 - 0.006007*omega*theta - 0.006111*omega - 7.0e-6*theta**3 - 0.000165*theta**2 - 0.001415*theta - 0.003736
38573,2025-01-05 12:35:00,0.003392,0.019444,0.013957,0.067613,1.639918,1.160582,12.9878,6171,0,1.00000omega,-0.043721 + -0.02914theta + -0.06677omega + -0.01531theta^2 + 0.01992theta omega + 0.06063omega^2 + -0.00941theta^3 + 0.01484theta^2 omega + -0.00794theta omega^2 + -0.01616omega^3,-0.133554*omega**3 - 0.002187*omega**2*theta + 0.018522*omega**2 + 0.000136*omega*theta**2 + 0.002006*omega*theta + 0.004932*omega - 3.0e-6*theta**3 - 6.1e-5*theta**2 - 0.00046*theta - 0.001267
38574,2025-01-05 12:40:00,0.004691,0.035801,0.025531,0.074914,2.273143,1.608227,6.0790,9999,0,1.00000omega,0.075001 + -0.04649theta + 0.00505omega + 0.01817theta^2 + 0.02103theta omega + 0.02949omega^2 + -0.02090theta^3 + 0.00731theta^2 omega + 0.01345theta omega^2 + -0.05257omega^3,-0.136986*omega**3 + 0.001168*omega**2*theta + 0.026151*omega**2 + 2.1e-5*omega*theta**2 + 0.000839*omega*theta + 0.007983*omega - 2.0e-6*theta**3 - 8.4e-5*theta**2 - 0.001225*theta - 0.005894
38575,2025-01-05 12:45:00,0.002694,0.022317,0.015895,0.130143,3.081739,2.181061,1.3659,7565,0,1.00000omega,-0.354011 + -2.02036theta + 0.04448omega + 0.01095theta^2 + 0.04025theta omega + 0.01176omega^2 + -0.08084theta^3 + 0.01239theta^2 omega + 0.98419theta omega^2 + -0.02197omega^3,-0.082912*omega**3 + 0.123806*omega**2*theta - 0.688435*omega**2 + 5.2e-5*omega*theta**2 - 0.000105*omega*theta + 0.000447*omega - 1.1e-5*theta**3 + 0.000194*theta**2 - 0.003354*theta + 0.013563
38576,2025-01-05 12:50:00,0.004572,0.023404,0.016862,nan,nan,nan,11.3674,9999,0,1.00000omega,0.117131 + -0.16020theta + 0.08573omega + 0.00460theta^2 + -0.06916theta omega + 0.08225omega^2 + -0.01272theta^3 + 0.00330theta^2 omega + 0.00332theta omega^2 + 0.03679omega^3,0.168686*omega**3 + 0.000507*omega**2*theta + 0.037728*omega**2 + 1.7e-5*omega*theta**2 - 0.000532*omega*theta - 0.005012*omega - 2.0e-6*theta**3 - 6.9e-5*theta**2 - 0.000916*theta - 0.004242
38577,2025-01-05 12:55:00,0.004301,0.034633,0.024678,0.110011,5.402616,3.821018,7.8934,7017,0,1.00000omega,0.015621 + -0.06260theta + -0.01468omega + -0.01321theta^2 + 0.01904theta omega + 0.00467omega^2 + -0.00145theta^3 + -0.00056theta^2 omega + -0.00417theta omega^2 + -0.00251omega^3,-0.009938*omega**3 - 0.00055*omega**2*theta - 0.001501*omega**2 - 2.0e-6*omega*theta**2 + 0.000202*omega*theta + 0.000767*omega - 9.0e-6*theta**2 - 0.000153*theta - 0.000578
38578,2025-01-05 13:00:00,0.004929,0.043961,0.031280,0.083250,2.762057,1.953956,4.1812,4764,0,1.00000omega,0.085801 + -0.19044theta + -0.02150omega + 0.02388theta^2 + -0.01636theta omega + 0.05100omega^2 + -0.00361theta^3 + 0.00275theta^2 omega + -0.01144theta omega^2 + -0.01135omega^3,-0.025102*omega**3 - 0.000843*omega**2*theta + 0.000617*omega**2 + 7.0e-6*omega*theta**2 + 6.4e-5*omega*theta - 0.001376*omega - 7.0e-6*theta**2 - 0.000204*theta - 0.002337
38579,2025-01-05 13:05:00,0.003514,0.029868,0.021266,0.096438,5.520687,3.904311,5.8552,7127,1,1.00000omega,-0.069791 + -0.15798theta + 0.02781omega + -0.11653theta^2 + 0.09663theta omega + 0.06132omega^2 + -0.02399theta^3 + 0.01411theta^2 omega + -0.04396theta omega^2 + 0.02658omega^3,0.113217*omega**3 - 0.006242*omega**2*theta + 0.017519*omega**2 + 6.7e-5*omega*theta**2 + 0.001333*omega*theta + 0.002067*omega - 4.0e-6*theta**3 - 5.9e-5*theta**2 - 0.000272*theta - 0.000405
38580,2025-01-05 13:10:00,0.006220,0.064727,0.045980,0.165987,7.053457,4.988928,17.0406,9999,1,1.00000omega,-0.030361 + -0.15479theta + 0.00511omega + 0.00395theta^2 + -0.00515theta omega + -0.02618omega^2 + -0.00610theta^3 + 0.00294theta^2 omega + 0.01637theta omega^2 + -0.01159omega^3,-0.034691*omega**3 + 0.001633*omega**2*theta + 0.01347*omega**2 + 1.0e-5*omega*theta**2 + 0.000206*omega*theta + 0.001181*omega - 0.e-6*theta**3 - 2.6e-5*theta**2 - 0.000494*theta - 0.003745
38581,2025-01-05 13:15:00,0.005777,0.045976,0.032766,0.082545,5.169772,3.656047,12.5048,9209,1,1.00000omega,0.008601 + -0.01089theta + -0.03147omega + 0.00237theta^2 + 0.01278theta omega + 0.01861omega^2 + -0.00153theta^3 + 0.00069theta^2 omega + 0.00131theta omega^2 + -0.01434omega^3,-0.044149*omega**3 + 0.000134*omega**2*theta + 0.008633*omega**2 + 2.0e-6*omega*theta**2 + 0.00023*omega*theta + 0.002594*omega - 1.0e-5*theta**2 - 0.000185*theta - 0.001246
38582,2025-01-05 13:20:00,0.004801,0.028489,0.020429,0.088636,6.044837,4.274804,15.3513,7558,0,1.00000omega,0.019651 + 0.00983theta + -0.03611omega + 0.00101theta^2 + 0.03724theta omega + 0.00761omega^2 + -0.00190theta^3 + 0.01736theta^2 omega + 0.00357theta omega^2 + -0.01955omega^3,-0.096564*omega**3 + 0.000588*omega**2*theta + 0.008753*omega**2 + 9.5e-5*omega*theta**2 + 0.00234*omega*theta + 0.012501*omega - 1.0e-5*theta**2 - 7.7e-5*theta - 0.00011
38583,2025-01-05 13:25:00,0.004051,0.029411,0.020993,0.096863,2.259050,1.598857,7.4214,7769,0,1.00000omega,0.100661 + -0.12176theta + -0.03870omega + 0.02042theta^2 + -0.00380theta omega + 0.04278omega^2 + -0.00118theta^3 + -0.00044theta^2 omega + -0.00906theta omega^2 + -0.00761omega^3,-0.02827*omega**3 - 0.001122*omega**2*theta - 0.001386*omega**2 - 2.0e-6*omega*theta**2 - 9.8e-5*omega*theta - 0.002333*omega + 1.0e-6*theta**2 - 6.0e-6*theta - 0.000461
38584,2025-01-05 13:30:00,0.003368,0.027295,0.019447,0.134059,5.565150,3.936297,6.8823,8639,0,1.00000omega,0.012481 + -0.02908theta + -0.09116omega + -0.00994theta^2 + 0.00479theta omega + 0.00057omega^2 + -0.02224theta^3 + -0.00175theta^2 omega + 0.00352theta omega^2 + -0.02069omega^3,-0.107732*omega**3 + 0.000611*omega**2*theta + 0.007554*omega**2 - 1.0e-5*omega*theta**2 - 0.000176*omega*theta - 0.003694*omega - 4.0e-6*theta**3 - 0.000159*theta**2 - 0.001988*theta - 0.008379
38585,2025-01-05 13:35:00,0.003026,0.029400,0.020899,0.076499,2.098324,1.484725,4.1132,5699,0,1.00000omega,-0.015671 + -0.06427theta + 0.10774omega + -0.03089theta^2 + 0.06023theta omega + -0.06114omega^2 + -0.17951theta^3 + 0.00329theta^2 omega + 0.25190theta omega^2 + -0.01790omega^3,-0.078035*omega**3 + 0.036605*omega**2*theta - 0.031755*omega**2 + 1.6e-5*omega*theta**2 + 0.000758*omega*theta + 0.003416*omega - 2.9e-5*theta**3 + 7.0e-6*theta**2 - 7.0e-5*theta - 3.0e-5
38586,2025-01-05 13:40:00,0.004409,0.026815,0.019215,0.140535,6.776548,4.792773,11.1671,9999,0,1.00000omega,0.013631 + -0.00838theta + -0.01558omega + -0.00643theta^2 + -0.03598theta omega + 0.00420omega^2 + -0.01201theta^3 + 0.00237theta^2 omega + -0.00099theta omega^2 + -0.01425omega^3,-0.066038*omega**3 - 0.000153*omega**2*theta + 0.000259*omega**2 + 1.2e-5*omega*theta**2 - 0.000249*omega*theta - 0.003798*omega - 2.0e-6*theta**3 - 5.9e-5*theta**2 - 0.000572*theta - 0.001831
38587,2025-01-05 13:45:00,0.003702,0.024338,0.017407,0.091290,6.846372,4.841546,6.5635,6564,0,1.00000omega,-0.064381 + -0.43586theta + -0.00253omega + -0.16381theta^2 + -0.07144theta omega + -0.04246omega^2 + 0.00041theta^3 + 0.15281theta^2 omega + -0.73692theta omega^2 + -0.02786omega^3,-0.128778*omega**3 - 0.113543*omega**2*theta - 0.334713*omega**2 + 0.000785*omega*theta**2 + 0.003462*omega*theta + 0.003455*omega - 7.1e-5*theta**2 - 0.000883*theta - 0.002098
38588,2025-01-05 13:50:00,0.004279,0.028538,0.020405,0.095106,5.193946,3.673290,19.7509,8149,1,1.00000omega,-0.014081 + -0.10600theta + 0.00602omega + 0.00752theta^2 + 0.09982theta omega + -0.01221omega^2 + -0.00494theta^3 + -0.00822theta^2 omega + 0.01823theta omega^2 + 0.00634omega^3,0.049345*omega**3 + 0.00473*omega**2*theta + 0.036997*omega**2 - 7.1e-5*omega*theta**2 + 0.000396*omega*theta + 0.009751*omega - 1.0e-6*theta**3 - 3.5e-5*theta**2 - 0.000397*theta - 0.001838
38589,2025-01-05 13:55:00,0.005817,0.040311,0.028799,0.082276,2.730033,1.931301,15.6865,9999,0,1.00000omega,-0.051711 + -0.03781theta + 0.00045omega + -0.03520theta^2 + -0.00227theta omega + 0.00513omega^2 + 0.00006theta^3 + 0.00287theta^2 omega + 0.00429theta omega^2 + 0.00170omega^3,0.005787*omega**3 + 0.000487*omega**2*theta + 0.005327*omega**2 + 1.1e-5*omega*theta**2 + 0.000135*omega*theta + 0.00042*omega - 1.3e-5*theta**2 - 0.000236*theta - 0.001198
38590,2025-01-05 14:00:00,0.006603,0.057139,0.040672,0.130332,16.692578,11.803795,31.2318,9999,0,1.00000omega,0.004001 + 0.01089theta + -0.00843omega + -0.00116theta^2 + -0.00009theta omega + 0.00269omega^2 + -0.00011theta^3 + 0.00015theta^2 omega + 0.00007theta omega^2 + -0.00081omega^3,-0.00387*omega**3 + 1.1e-5*omega**2*theta + 0.001466*omega**2 + 1.0e-6*omega*theta**2 + 5.5e-5*omega*theta + 0.000663*omega - 3.0e-6*theta**2 - 9.6e-5*theta - 0.001048
38591,2025-01-05 14:05:00,nan,nan,nan,nan,nan,nan,47759.9414,729,5,1.00000omega,nan1 + nantheta + nanomega + nantheta^2 + nantheta omega + nanomega^2 + nantheta^3 + nantheta^2 omega + nantheta omega^2 + nanomega^3,N/A
38592,2025-01-05 14:10:00,0.020195,0.132711,0.094921,0.059907,3.307788,2.339343,419.3296,9999,0,1.00000omega,0.019741 + -0.00730theta + -0.00504omega + 0.00282theta^2 + 0.00392theta omega + -0.00078omega^2 + 0.00001theta^3 + -0.00061theta^2 omega + -0.00321theta omega^2 + -0.00059omega^3,-0.003893*omega**3 - 0.000706*omega**2*theta - 0.017998*omega**2 - 4.0e-6*omega*theta**2 - 0.000162*omega*theta - 0.001427*omega + 2.0e-6*theta**2 + 7.0e-5*theta + 0.000799
38593,2025-01-05 14:15:00,0.004404,0.027546,0.019725,0.081339,1.860827,1.317060,4.9195,8648,0,1.00000omega,0.010161 + -0.04916theta + -0.12183omega + -0.20810theta^2 + -0.05762theta omega + -0.07316omega^2 + -0.25539theta^3 + 0.09054theta^2 omega + 0.12972theta omega^2 + -0.02514omega^3,-0.067021*omega**3 + 0.011527*omega**2*theta - 0.103605*omega**2 + 0.000268*omega*theta**2 - 0.004379*omega*theta + 0.013505*omega - 2.5e-5*theta**3 + 0.000468*theta**2 - 0.002885*theta + 0.005964
38594,2025-01-05 14:20:00,0.003466,0.026468,0.018876,0.084488,1.868861,1.322834,6.4229,7992,0,1.00000omega,0.045471 + -0.04345theta + -0.01390omega + 0.01282theta^2 + -0.00832theta omega + 0.12408omega^2 + -0.00062theta^3 + 0.01092theta^2 omega + 0.01038theta omega^2 + -0.01371omega^3,-0.059738*omega**3 + 0.001508*omega**2*theta + 0.064281*omega**2 + 5.3e-5*omega*theta**2 + 0.001086*omega*theta + 0.005062*omega + 2.0e-6*theta**2 + 3.6e-5*theta + 0.000135
38595,2025-01-05 14:25:00,0.003294,0.027809,0.019801,nan,nan,nan,2.6314,6593,0,1.00000omega,0.593851 + -3.07279theta + 0.30256omega + -1.04015theta^2 + 0.03960theta omega + 0.03208omega^2 + 0.09837theta^3 + 0.39060theta^2 omega + -0.18942theta omega^2 + 0.02023omega^3,0.064303*omega**3 - 0.02007*omega**2*theta - 0.004258*omega**2 + 0.00138*omega*theta**2 + 0.00245*omega*theta + 0.01114*omega + 1.2e-5*theta**3 - 0.000351*theta**2 - 0.003947*theta - 0.000671
38596,2025-01-05 14:30:00,0.004473,0.037757,0.026885,0.142891,17.014226,12.031299,4.4904,8277,0,1.00000omega,-0.033911 + -0.11926theta + 0.06688omega + -0.00135theta^2 + -0.01826theta omega + 0.01768omega^2 + 0.00097theta^3 + 0.00216theta^2 omega + 0.00562theta omega^2 + -0.00950omega^3,-0.022965*omega**3 + 0.000453*omega**2*theta + 0.009754*omega**2 + 6.0e-6*omega*theta**2 - 5.1e-5*omega*theta + 0.001057*omega + 2.0e-6*theta**2 - 0.000113*theta - 0.001466
38597,2025-01-05 14:35:00,0.013735,0.058410,0.042428,0.081177,5.607088,3.965226,124.4537,9999,0,1.00000omega,0.088461 + -0.00949theta + -0.01687omega + 0.00038theta^2 + 0.00054theta omega + 0.00559omega^2 + -0.00026theta^3 + -0.00058theta^2 omega + -0.00327theta omega^2 + -0.00174omega^3,-0.007706*omega**3 - 0.000483*omega**2*theta - 0.008894*omega**2 - 3.0e-6*omega*theta**2 - 0.000124*omega*theta - 0.001897*omega - 3.0e-6*theta**2 - 7.0e-5*theta - 0.000411
38598,2025-01-05 14:40:00,0.005541,0.038030,0.027175,0.100383,4.567720,3.230646,13.3261,8300,0,1.00000omega,-0.024711 + -0.01093theta + -0.04598omega + -0.00078theta^2 + 0.00709theta omega + -0.01436omega^2 + -0.00185theta^3 + -0.00014theta^2 omega + -0.00635theta omega^2 + -0.00654omega^3,-0.023328*omega**3 - 0.000755*omega**2*theta - 0.015404*omega**2 - 0.e-6*omega*theta**2 + 6.6e-5*omega*theta - 0.000511*omega - 1.0e-5*theta**2 - 0.000161*theta - 0.000954
38599,2025-01-05 14:45:00,0.003639,0.022303,0.015979,0.076301,0.970471,0.688344,5.9864,5106,0,1.00000omega,-0.078731 + -4.20382theta + -0.06226omega + -0.08402theta^2 + -1.42656theta omega + -0.01063omega^2 + -0.33528theta^3 + 0.14380theta^2 omega + 0.18890theta omega^2 + -0.31282omega^3,-1.365987*omega**3 + 0.027496*omega**2*theta + 0.116067*omega**2 + 0.000698*omega*theta**2 - 0.012046*omega*theta - 0.068017*omega - 5.4e-5*theta**3 - 0.000746*theta**2 - 0.008087*theta - 0.025837
38600,2025-01-05 14:50:00,0.003704,0.029550,0.021059,0.118157,4.409994,3.119456,2.0472,4978,0,1.00000omega,0.091091 + -0.63091theta + -0.05542omega + 0.77637theta^2 + 0.27522theta omega + -0.41221omega^2 + -0.58480theta^3 + -0.01514theta^2 omega + 0.27380theta omega^2 + -0.01959omega^3,-0.051962*omega**3 + 0.024208*omega**2*theta - 0.101269*omega**2 - 4.5e-5*omega*theta**2 + 0.002649*omega*theta + 0.000518*omega - 5.7e-5*theta**3 + 0.000105*theta**2 - 0.000383*theta - 0.000117
38601,2025-01-05 14:55:00,0.004876,0.029196,0.020931,0.120643,5.634684,3.985236,5.4228,7055,0,1.00000omega,-0.088201 + 0.00144theta + -0.01794omega + 0.00972theta^2 + 0.06456theta omega + -0.03238omega^2 + -0.04478theta^3 + 0.00151theta^2 omega + -0.00346theta omega^2 + 0.01128omega^3,0.026181*omega**3 - 0.000268*omega**2*theta - 0.010897*omega**2 + 4.0e-6*omega*theta**2 + 0.000654*omega*theta + 0.003823*omega - 4.0e-6*theta**3 - 7.9e-5*theta**2 - 0.000532*theta - 0.001546
38602,2025-01-05 15:00:00,0.004299,0.032430,0.023132,0.091710,2.894420,2.047691,17.5574,9103,1,1.00000omega,-0.019181 + -0.03717theta + 0.04779omega + 0.00416theta^2 + -0.07665theta omega + 0.02447omega^2 + -0.01356theta^3 + -0.00262theta^2 omega + 0.02865theta omega^2 + -0.01879omega^3,-0.131097*omega**3 + 0.006663*omega**2*theta + 0.110532*omega**2 - 2.0e-5*omega*theta**2 - 0.001834*omega*theta - 0.021124*omega - 4.0e-6*theta**3 - 0.000154*theta**2 - 0.002283*theta - 0.011567
38603,2025-01-05 15:05:00,0.004766,0.036041,0.025707,0.091787,8.774504,6.204851,12.6564,9999,0,1.00000omega,-0.035741 + -0.02914theta + -0.03652omega + -0.03823theta^2 + 0.00013theta omega + 0.00194omega^2 + -0.00342theta^3 + -0.00060theta^2 omega + 0.00627theta omega^2 + -0.03097omega^3,-0.1364*omega**3 + 0.00092*omega**2*theta + 0.015022*omega**2 - 3.0e-6*omega*theta**2 - 8.9e-5*omega*theta - 0.001898*omega - 0.e-6*theta**3 - 4.2e-5*theta**2 - 0.00094*theta - 0.006604
38604,2025-01-05 15:10:00,0.006033,0.038733,0.027719,0.057304,1.275008,0.902477,31.2780,9999,0,1.00000omega,0.035481 + -0.01684theta + -0.01838omega + 0.00157theta^2 + 0.01403theta omega + -0.00451omega^2 + -0.00010theta^3 + -0.00183theta^2 omega + -0.00053theta omega^2 + 0.00075omega^3,0.004422*omega**3 - 0.000104*omega**2*theta - 0.004449*omega**2 - 1.2e-5*omega*theta**2 - 0.000357*omega*theta - 0.002369*omega - 0.e-6*theta**2 - 1.9e-5*theta - 0.000207
38605,2025-01-05 15:15:00,0.004012,0.033137,0.023603,0.086522,2.452682,1.735387,7.1743,4389,0,1.00000omega,-0.004941 + -0.39574theta + 0.02720omega + 0.08046theta^2 + 0.00831theta omega + 0.00779omega^2 + -0.04436theta^3 + 0.01538theta^2 omega + -0.03239theta omega^2 + -0.05114omega^3,-0.202362*omega**3 - 0.004272*omega**2*theta - 0.001186*omega**2 + 6.8e-5*omega*theta**2 + 0.000228*omega*theta + 0.001061*omega - 7.0e-6*theta**3 + 1.4e-5*theta**2 - 0.000396*theta - 0.000405
38606,2025-01-05 15:20:00,0.004119,0.029831,0.021294,0.284648,10.077439,7.128667,12.0675,6651,0,1.00000omega,-0.386941 + -0.01877theta + 0.05712omega + -0.00018theta^2 + -0.00888theta omega + -0.06963omega^2 + -0.00504theta^3 + -0.00607theta^2 omega + 0.00112theta omega^2 + 0.01397omega^3,0.07978*omega**3 + 0.000213*omega**2*theta - 0.029221*omega**2 - 3.9e-5*omega*theta**2 - 0.000548*omega*theta + 6.5e-5*omega - 1.0e-6*theta**3 - 1.7e-5*theta**2 - 0.000116*theta - 0.001272
38607,2025-01-05 15:25:00,0.003985,0.031109,0.022177,0.053603,4.082456,2.886981,31.1255,9999,0,1.00000omega,-0.047771 + -0.00464theta + 0.01937omega + 0.00005theta^2 + -0.00032theta omega + 0.00420omega^2 + -0.00004theta^3 + -0.00013theta^2 omega + 0.00081theta omega^2 + -0.00078omega^3,-0.009694*omega**3 + 0.000336*omega**2*theta + 0.007593*omega**2 - 2.0e-6*omega*theta**2 - 5.9e-5*omega*theta + 0.000164*omega - 0.e-6*theta**2 - 1.6e-5*theta - 0.000207
38608,2025-01-05 15:30:00,0.005228,0.034215,0.024475,0.072278,1.828164,1.293717,7.3215,5786,0,1.00000omega,0.008971 + -0.11685theta + -0.05182omega + 0.06781theta^2 + -0.00867theta omega + -0.03468omega^2 + -0.00230theta^3 + -0.01294theta^2 omega + 0.00171theta omega^2 + -0.00437omega^3,-0.011329*omega**3 + 0.000148*omega**2*theta - 0.008343*omega**2 - 3.7e-5*omega*theta**2 - 0.001019*omega*theta - 0.008642*omega + 1.4e-5*theta**2 + 0.000321*theta + 0.00145
38609,2025-01-05 15:35:00,nan,nan,nan,nan,nan,nan,553.4348,830,5,1.00000omega,nan1 + nantheta + nanomega + nantheta^2 + nantheta omega + nanomega^2 + nantheta^3 + nantheta^2 omega + nantheta omega^2 + nanomega^3,N/A
38610,2025-01-05 15:40:00,0.005501,0.036094,0.025817,0.061869,3.405739,2.408619,19.5361,9999,0,1.00000omega,-0.044791 + -0.03280theta + 0.03794omega + -0.00406theta^2 + 0.02875theta omega + 0.01415omega^2 + -0.00085theta^3 + 0.00007theta^2 omega + -0.03355theta omega^2 + -0.00164omega^3,-0.007626*omega**3 - 0.0052*omega**2*theta - 0.055093*omega**2 + 0.000386*omega*theta + 0.005715*omega - 7.0e-6*theta**2 - 0.000138*theta - 0.001026
38611,2025-01-05 15:45:00,0.004316,0.030530,0.021803,0.102388,3.395919,2.402368,6.3631,5244,0,1.00000omega,-0.107441 + -0.21924theta + -0.24138omega + 0.00371theta^2 + 0.00995theta omega + 0.22240omega^2 + -0.06330theta^3 + 0.02078theta^2 omega + 0.03893theta omega^2 + -0.02305omega^3,-0.075092*omega**3 + 0.004228*omega**2*theta + 0.111387*omega**2 + 7.5e-5*omega*theta**2 + 0.001465*omega*theta - 0.000952*omega - 8.0e-6*theta**3 - 0.000205*theta**2 - 0.00208*theta - 0.008038
38612,2025-01-05 15:50:00,0.003620,0.025653,0.018319,0.119448,6.001211,4.244338,4.4533,5333,0,1.00000omega,-0.108001 + -0.92423theta + -0.02904omega + -0.84663theta^2 + 0.01565theta omega + -0.16884omega^2 + -0.23306theta^3 + 0.03519theta^2 omega + 0.17572theta omega^2 + -0.08479omega^3,-0.334878*omega**3 + 0.023134*omega**2*theta - 0.011552*omega**2 + 0.000154*omega*theta**2 + 0.000853*omega*theta + 0.000152*omega - 3.4e-5*theta**3 - 0.000561*theta**2 - 0.002966*theta - 0.004452
38613,2025-01-05 15:55:00,0.005012,0.034514,0.024661,0.093459,2.613432,1.849157,9.4328,9746,0,1.00000omega,0.001791 + -0.08449theta + -0.03275omega + 0.02027theta^2 + 0.00436theta omega + 0.02000omega^2 + -0.00198theta^3 + -0.00176theta^2 omega + -0.00413theta omega^2 + -0.01886omega^3,-0.061733*omega**3 - 0.000451*omega**2*theta - 0.002224*omega**2 - 6.0e-6*omega*theta**2 - 0.000203*omega*theta - 0.002609*omega - 7.0e-6*theta**2 - 7.9e-5*theta - 0.000783
38614,2025-01-05 16:00:00,0.003704,0.032548,0.023164,0.095257,2.998863,2.121586,8.3196,6132,0,1.00000omega,0.034951 + -0.01080theta + -0.19080omega + -0.00174theta^2 + -0.23191theta omega + 0.22789omega^2 + -0.11604theta^3 + -0.03690theta^2 omega + 0.04436theta omega^2 + -0.08912omega^3,-0.427598*omega**3 + 0.007095*omega**2*theta + 0.050528*omega**2 - 0.000197*omega*theta**2 - 0.00084*omega*theta + 0.00489*omega - 2.1e-5*theta**3 + 0.000353*theta**2 - 0.00203*theta + 0.004007
38615,2025-01-05 16:05:00,0.003775,0.029603,0.021102,0.071343,4.217411,2.982587,12.5208,9999,0,1.00000omega,0.036861 + -0.00983theta + -0.00517omega + -0.00073theta^2 + -0.00367theta omega + -0.01595omega^2 + -0.00214theta^3 + -0.00523theta^2 omega + -0.08019theta omega^2 + -0.00945omega^3,-0.05942*omega**3 - 0.016807*omega**2*theta - 0.15628*omega**2 - 3.7e-5*omega*theta**2 - 0.000704*omega*theta - 0.00354*omega - 1.4e-5*theta**2 - 0.000135*theta - 0.000384
38616,2025-01-05 16:10:00,0.006482,0.049558,0.035341,0.136989,14.379977,10.168641,7.7525,9116,0,1.00000omega,-0.038711 + -0.02021theta + 0.01365omega + -0.00234theta^2 + 0.00476theta omega + -0.00280omega^2 + -0.00074theta^3 + 0.00024theta^2 omega + -0.00018theta omega^2 + 0.00117omega^3,0.002091*omega**3 - 1.1e-5*omega**2*theta - 0.00082*omega**2 + 5.1e-5*omega*theta + 0.001024*omega - 3.0e-6*theta**2 - 6.2e-5*theta - 0.000664
38617,2025-01-05 16:15:00,0.004678,0.099464,0.070409,0.135427,6.279167,4.441074,-963517632.0000,6663,0,1.00000omega,0.112611 + -0.50288theta + 0.06723omega + -0.08628theta^2 + 0.00194theta omega + 0.03408omega^2 + -0.01139theta^3 + -0.01463theta^2 omega + -0.00054theta omega^2 + -0.04716omega^3,-0.197311*omega**3 - 7.5e-5*omega**2*theta + 0.012461*omega**2 - 6.8e-5*omega*theta**2 - 0.000457*omega*theta + 0.001475*omega - 2.0e-6*theta**3 - 5.5e-5*theta**2 - 0.000878*theta - 0.002169
38618,2025-01-05 16:20:00,0.004329,0.030820,0.022007,0.102896,4.915261,3.476376,8.7920,9188,0,1.00000omega,0.002081 + -0.01491theta + -0.00367omega + 0.00084theta^2 + 0.03613theta omega + -0.00140omega^2 + -0.00066theta^3 + -0.00133theta^2 omega + -0.01465theta omega^2 + 0.00179omega^3,0.006946*omega**3 - 0.001895*omega**2*theta - 0.012963*omega**2 - 6.0e-6*omega*theta**2 + 0.000358*omega*theta + 0.002478*omega - 2.0e-6*theta**2 - 2.4e-5*theta - 0.000115
38619,2025-01-05 16:25:00,0.011288,0.089690,0.063921,0.082566,4.149678,2.934846,68.1430,9999,0,1.00000omega,-0.001031 + -0.01344theta + -0.05710omega + 0.00457theta^2 + 0.00595theta omega + -0.01174omega^2 + -0.00160theta^3 + -0.00066theta^2 omega + -0.00176theta omega^2 + -0.00558omega^3,-0.019428*omega**3 - 0.000204*omega**2*theta - 0.008129*omega**2 - 3.0e-6*omega*theta**2 - 3.6e-5*omega*theta - 0.001581*omega - 1.1e-5*theta**2 - 0.000198*theta - 0.001303
38620,2025-01-05 16:30:00,0.004357,0.038429,0.027348,0.084644,3.842444,2.717677,8.4813,9123,0,1.00000omega,-0.006681 + -0.00160theta + 0.01485omega + -0.00084theta^2 + 0.01566theta omega + -0.00392omega^2 + -0.01182theta^3 + -0.00338theta^2 omega + 0.02115theta omega^2 + -0.00829omega^3,-0.031094*omega**3 + 0.002644*omega**2*theta + 0.02618*omega**2 - 1.4e-5*omega*theta**2 - 0.000109*omega*theta + 0.000888*omega - 2.0e-6*theta**3 - 5.2e-5*theta**2 - 0.000544*theta - 0.001936
38621,2025-01-05 16:35:00,0.003741,0.033960,0.024159,0.132092,6.077058,4.298144,1.6973,4508,0,1.00000omega,0.028961 + -0.11206theta + -0.01369omega + -0.12480theta^2 + -0.02002theta omega + 0.13367omega^2 + -0.00998theta^3 + -0.01191theta^2 omega + 0.01404theta omega^2 + 0.00303omega^3,0.007412*omega**3 + 0.001145*omega**2*theta + 0.036139*omega**2 - 3.2e-5*omega*theta**2 - 7.6e-5*omega*theta - 0.00022*omega - 0.e-6*theta**3 - 3.5e-5*theta**2 + 8.0e-6*theta + 0.000214
38622,2025-01-05 16:40:00,0.003108,0.025298,0.018023,nan,nan,nan,3.5582,6436,0,1.00000omega,0.022131 + -0.18345theta + 0.17861omega + 0.14777theta^2 + -0.04924theta omega + 0.06850omega^2 + 0.00020theta^3 + -0.01572theta^2 omega + 0.02400theta omega^2 + 0.01201omega^3,0.049388*omega**3 + 0.00329*omega**2*theta + 0.050553*omega**2 - 7.2e-5*omega*theta**2 - 0.001708*omega*theta - 0.002912*omega + 6.1e-5*theta**2 + 0.000733*theta + 0.002084
38623,2025-01-05 16:45:00,0.003667,0.025772,0.018407,0.168838,4.470487,3.163366,3.5630,5766,0,1.00000omega,-0.015661 + -0.28774theta + -0.03661omega + -0.03224theta^2 + -0.11066theta omega + -0.02137omega^2 + -0.74272theta^3 + 0.00926theta^2 omega + 0.07226theta omega^2 + -0.08838omega^3,-0.282771*omega**3 + 0.007707*omega**2*theta + 0.037339*omega**2 + 3.3e-5*omega*theta**2 - 0.000826*omega*theta - 0.007059*omega - 8.8e-5*theta**3 - 0.00153*theta**2 - 0.009186*theta - 0.019017
38624,2025-01-05 16:50:00,0.004777,0.040208,0.028632,0.095595,8.615317,6.092324,9.5446,9874,0,1.00000omega,-0.072981 + -0.01592theta + 0.00834omega + -0.00038theta^2 + -0.00071theta omega + -0.00975omega^2 + -0.00039theta^3 + -0.00076theta^2 omega + -0.00166theta omega^2 + 0.00025omega^3,0.000887*omega**3 - 0.000196*omega**2*theta - 0.006544*omega**2 - 3.0e-6*omega*theta**2 - 0.000106*omega*theta - 0.000645*omega - 3.0e-6*theta**2 - 6.3e-5*theta - 0.000781
38625,2025-01-05 16:55:00,0.008584,0.041119,0.029702,0.088134,4.515349,3.193442,62.0709,9999,0,1.00000omega,0.051001 + 0.01336theta + -0.05715omega + 0.00273theta^2 + -0.00255theta omega + 0.01124omega^2 + -0.00190theta^3 + 0.00010theta^2 omega + 0.00015theta omega^2 + -0.00204omega^3,-0.01178*omega**3 + 2.9e-5*omega**2*theta + 0.005667*omega**2 + 1.0e-6*omega*theta**2 - 5.0e-6*omega*theta - 0.002439*omega - 3.0e-5*theta**2 - 0.000709*theta - 0.005349
38626,2025-01-05 17:00:00,0.004025,0.033924,0.024156,0.089296,2.872536,2.032171,6.9882,7777,0,1.00000omega,-0.057121 + 0.01526theta + -0.10621omega + 0.95703theta^2 + -0.07253theta omega + -0.58338omega^2 + -0.34889theta^3 + 0.00777theta^2 omega + 0.00351theta omega^2 + -0.03057omega^3,-0.124312*omega**3 + 0.000476*omega**2*theta - 0.214688*omega**2 + 3.5e-5*omega*theta**2 - 0.000876*omega*theta - 0.003716*omega - 5.3e-5*theta**3 + 0.00036*theta**2 + 0.000167*theta - 0.000154
38627,2025-01-05 17:05:00,0.004046,0.028337,0.020240,nan,nan,nan,6.1108,9028,0,1.00000omega,0.009041 + -0.17667theta + 0.25908omega + -0.00235theta^2 + -0.00923theta omega + 0.14850omega^2 + -0.04601theta^3 + -0.01228theta^2 omega + 0.03553theta omega^2 + 0.03496omega^3,0.125985*omega**3 + 0.004268*omega**2*theta + 0.089981*omega**2 - 4.9e-5*omega*theta**2 - 0.000994*omega*theta + 0.00367*omega - 6.0e-6*theta**3 - 0.000167*theta**2 - 0.001713*theta - 0.006328
38628,2025-01-05 17:10:00,0.004476,0.025120,0.018042,0.133901,5.329597,3.769783,10.7889,7701,0,1.00000omega,0.116601 + -0.24732theta + -0.06163omega + -0.05561theta^2 + 0.01303theta omega + -0.05402omega^2 + -0.00396theta^3 + -0.01901theta^2 omega + -0.03653theta omega^2 + 0.01030omega^3,0.044714*omega**3 - 0.005286*omega**2*theta - 0.051922*omega**2 - 9.2e-5*omega*theta**2 - 0.000923*omega*theta - 0.004304*omega - 0.e-6*theta**3 - 3.5e-5*theta**2 - 0.000621*theta - 0.002251
38629,2025-01-05 17:15:00,0.004014,0.028469,0.020330,nan,nan,nan,4.2132,6226,0,1.00000omega,-0.024531 + -0.64268theta + 0.21638omega + 0.08947theta^2 + -0.04299theta omega + 0.01649omega^2 + -0.00212theta^3 + 0.11235theta^2 omega + -0.01867theta omega^2 + 0.01335omega^3,0.041106*omega**3 - 0.001916*omega**2*theta + 0.000164*omega**2 + 0.000384*omega*theta**2 + 0.001595*omega*theta + 0.00873*omega + 3.0e-5*theta**2 - 0.000549*theta - 0.00177
38630,2025-01-05 17:20:00,0.004780,0.029835,0.021366,0.267662,12.313720,8.709172,5.9460,9286,1,1.00000omega,-0.028381 + 0.00009theta + 0.03986omega + 0.02089theta^2 + -0.05274theta omega + -0.02331omega^2 + -0.00298theta^3 + -0.00034theta^2 omega + 0.00041theta omega^2 + 0.00064omega^3,0.001706*omega**3 + 3.6e-5*omega**2*theta - 0.006564*omega**2 - 1.0e-6*omega*theta**2 - 0.000545*omega*theta - 0.004311*omega - 2.0e-6*theta**2 + 4.8e-5*theta + 0.00032
38631,2025-01-05 17:25:00,0.003937,0.024139,0.017294,0.106691,2.389363,1.691218,3.9112,8010,0,1.00000omega,-0.270791 + -0.09706theta + -0.04052omega + 0.19174theta^2 + -0.00242theta omega + 0.12343omega^2 + -0.00262theta^3 + -0.00746theta^2 omega + -0.01533theta omega^2 + -0.04018omega^3,-0.127767*omega**3 - 0.001625*omega**2*theta + 0.022121*omega**2 - 2.6e-5*omega*theta**2 - 0.000612*omega*theta - 0.0049*omega + 5.9e-5*theta**2 + 0.00132*theta + 0.006025
38632,2025-01-05 17:30:00,0.005086,0.043659,0.031080,0.079497,2.337080,1.653521,11.5814,7459,0,1.00000omega,0.003531 + -0.03402theta + 0.05544omega + -0.01601theta^2 + 0.07774theta omega + 0.00483omega^2 + -0.14880theta^3 + 0.00374theta^2 omega + 0.03494theta omega^2 + -0.02141omega^3,-0.074942*omega**3 + 0.004077*omega**2*theta - 0.018301*omega**2 + 1.5e-5*omega*theta**2 + 0.000743*omega*theta - 0.002135*omega - 1.9e-5*theta**3 + 0.000277*theta**2 - 0.001364*theta + 0.002312
38633,2025-01-05 17:35:00,0.004017,0.097944,0.069315,nan,nan,nan,-43669296.0000,7154,0,1.00000omega,-0.036511 + -0.78353theta + 0.03787omega + 0.68022theta^2 + -0.33520theta omega + -0.23652omega^2 + -0.10018theta^3 + -0.01065theta^2 omega + 0.55698theta omega^2 + 0.04831omega^3,0.118721*omega**3 + 0.045626*omega**2*theta + 0.12201*omega**2 - 2.9e-5*omega*theta**2 - 0.00344*omega*theta - 0.012537*omega - 9.0e-6*theta**3 + 0.000103*theta**2 + 0.000455*theta - 0.000677
38634,2025-01-05 17:40:00,0.007910,0.039353,0.028383,0.074245,4.333933,3.065003,56.9772,9999,0,1.00000omega,-0.229061 + -0.00337theta + -0.02059omega + -0.00840theta^2 + -0.02179theta omega + 0.01219omega^2 + -0.00243theta^3 + -0.00002theta^2 omega + 0.00658theta omega^2 + -0.00602omega^3,-0.037253*omega**3 + 0.001357*omega**2*theta + 0.033814*omega**2 - 0.000336*omega*theta - 0.007619*omega - 0.e-6*theta**3 - 3.9e-5*theta**2 - 0.000906*theta - 0.007515
38635,2025-01-05 17:45:00,0.004584,0.026802,0.019227,0.187733,7.738632,5.473649,7.1348,7741,0,1.00000omega,-0.381451 + 0.00977theta + -0.08300omega + 0.09734theta^2 + -0.05830theta omega + -0.07666omega^2 + -0.07786theta^3 + -0.02247theta^2 omega + 0.08441theta omega^2 + -0.01623omega^3,-0.053747*omega**3 + 0.009318*omega**2*theta + 0.079249*omega**2 - 8.3e-5*omega*theta**2 - 0.002504*omega*theta - 0.020466*omega - 1.0e-5*theta**3 - 0.000286*theta**2 - 0.0028*theta - 0.010171
38636,2025-01-05 17:50:00,0.003984,0.031281,0.022298,0.090576,3.016462,2.133922,10.3980,6806,0,1.00000omega,0.015461 + -0.01182theta + -0.05617omega + 0.00088theta^2 + -0.00195theta omega + 0.02795omega^2 + -0.00032theta^3 + -0.00240theta^2 omega + -0.00163theta omega^2 + -0.00687omega^3,-0.036696*omega**3 - 0.00029*omega**2*theta + 0.007551*omega**2 - 1.4e-5*omega*theta**2 - 0.000444*omega*theta - 0.005317*omega - 2.0e-6*theta**2 - 4.2e-5*theta - 0.000261
38637,2025-01-05 17:55:00,0.005088,0.038552,0.027497,0.177789,5.985898,4.234535,4.4284,4301,0,1.00000omega,0.081951 + -0.29136theta + -0.01706omega + 0.03478theta^2 + 0.02365theta omega + -0.19617omega^2 + -0.19041theta^3 + -0.00992theta^2 omega + 0.02435theta omega^2 + 0.00864omega^3,0.018361*omega**3 + 0.001725*omega**2*theta - 0.048869*omega**2 - 2.3e-5*omega*theta**2 + 0.000119*omega*theta - 0.00025*omega - 1.5e-5*theta**3 - 7.7e-5*theta**2 - 0.000453*theta - 0.000355
38638,2025-01-05 18:00:00,0.004539,0.097859,0.069271,0.102133,2.870407,2.030969,-263087449964544.0000,6699,0,1.00000omega,0.146051 + -0.42796theta + 0.16296omega + -0.23975theta^2 + -0.04344theta omega + -0.03875omega^2 + -0.32903theta^3 + -0.32302theta^2 omega + 0.02664theta omega^2 + 0.01828omega^3,0.096294*omega**3 + 0.004678*omega**2*theta - 0.036414*omega**2 - 0.001891*omega*theta**2 + 0.015703*omega*theta - 0.027126*omega - 6.4e-5*theta**3 + 0.000719*theta**2 - 0.003096*theta + 0.005513
38639,2025-01-05 18:05:00,0.005583,0.035689,0.025543,0.084294,5.377097,3.802649,20.8826,9999,0,1.00000omega,0.036311 + -0.01223theta + -0.01585omega + -0.00034theta^2 + 0.00172theta omega + 0.01274omega^2 + -0.00003theta^3 + -0.00010theta^2 omega + -0.00183theta omega^2 + -0.00591omega^3,-0.0285*omega**3 - 0.000294*omega**2*theta + 4.1e-5*omega**2 - 0.e-6*omega*theta**2 + 5.0e-6*omega*theta - 0.000291*omega - 2.4e-5*theta - 0.000206
38640,2025-01-05 18:10:00,0.003587,0.025251,0.018035,0.174602,7.956856,5.627702,2.1810,6922,0,1.00000omega,0.017361 + -0.27104theta + 0.02536omega + -0.05819theta^2 + -0.01838theta omega + 0.03527omega^2 + -0.06055theta^3 + -0.08773theta^2 omega + -0.00944theta omega^2 + 0.11750omega^3,0.367965*omega**3 - 0.000985*omega**2*theta + 0.007725*omega**2 - 0.000305*omega*theta**2 - 0.002472*omega*theta - 0.004126*omega - 7.0e-6*theta**3 - 9.9e-5*theta**2 - 0.000749*theta - 0.001714
38641,2025-01-05 18:15:00,0.004474,0.030347,0.021690,0.218156,6.157496,4.356739,10.0892,9999,0,1.00000omega,0.094771 + -0.08565theta + 0.09959omega + 0.00167theta^2 + -0.01150theta omega + 0.03544omega^2 + -0.00677theta^3 + 0.00385theta^2 omega + -0.03103theta omega^2 + 0.00915omega^3,0.037167*omega**3 - 0.004201*omega**2*theta + 0.047694*omega**2 + 1.7e-5*omega*theta**2 - 0.000428*omega*theta + 0.005665*omega - 1.0e-6*theta**3 + 2.6e-5*theta**2 - 0.000314*theta + 0.001689
38642,2025-01-05 18:20:00,0.004978,0.029455,0.021123,0.068683,6.144184,4.344865,24.9401,9999,0,1.00000omega,0.004241 + 0.00229theta + 0.00862omega + -0.00078theta^2 + -0.00277theta omega + 0.00608omega^2 + -0.00043theta^3 + -0.00093theta^2 omega + -0.00114theta omega^2 + -0.00336omega^3,-0.023693*omega**3 - 0.000268*omega**2*theta + 0.006224*omega**2 - 7.0e-6*omega*theta**2 + 0.000133*omega*theta - 0.000255*omega + 4.0e-6*theta**2 - 3.8e-5*theta + 0.000121
38643,2025-01-05 18:25:00,0.006842,0.043691,0.031271,0.097070,7.280281,5.148394,10.4741,9999,0,1.00000omega,-0.011521 + -0.01488theta + 0.01904omega + -0.01892theta^2 + 0.00456theta omega + -0.00306omega^2 + -0.01309theta^3 + -0.00249theta^2 omega + 0.01259theta omega^2 + 0.00361omega^3,0.007528*omega**3 + 0.000875*omega**2*theta + 0.003829*omega**2 - 6.0e-6*omega*theta**2 - 2.1e-5*omega*theta + 0.000685*omega - 1.0e-6*theta**3 - 2.2e-5*theta**2 - 0.00016*theta - 0.000442
38644,2025-01-05 18:30:00,0.003366,0.023774,0.016978,0.071491,2.575913,1.822147,8.2664,6032,1,1.00000omega,0.074771 + -0.23996theta + -0.02683omega + -0.00460theta^2 + -0.12437theta omega + 0.16652omega^2 + -0.04565theta^3 + 0.00860theta^2 omega + 0.01330theta omega^2 + -0.03244omega^3,-0.190637*omega**3 + 0.002605*omega**2*theta + 0.094569*omega**2 + 5.6e-5*omega*theta**2 - 0.000935*omega*theta - 0.011989*omega - 1.0e-5*theta**3 - 0.000241*theta**2 - 0.002215*theta - 0.007199
38645,2025-01-05 18:35:00,0.004222,0.030881,0.022040,0.052869,1.325684,0.938145,2.9422,9999,0,1.00000omega,0.014991 + -0.18987theta + 0.08585omega + -0.09666theta^2 + 0.04926theta omega + 0.02084omega^2 + -0.00107theta^3 + 0.00706theta^2 omega + -0.04465theta omega^2 + -0.00610omega^3,-0.014001*omega**3 - 0.003416*omega**2*theta + 0.021023*omega**2 + 1.8e-5*omega*theta**2 + 0.000293*omega*theta + 0.001192*omega - 2.8e-5*theta**2 + 4.9e-5*theta + 0.000418
38646,2025-01-05 18:40:00,0.004021,0.035032,0.024934,0.209727,11.589724,8.196514,7.7588,8073,0,1.00000omega,0.073611 + -0.19176theta + 0.00319omega + -0.01062theta^2 + -0.01596theta omega + -0.03857omega^2 + -0.00433theta^3 + -0.00717theta^2 omega + -0.02660theta omega^2 + 0.00001omega^3,4.1e-5*omega**3 - 0.003643*omega**2*theta - 0.039185*omega**2 - 3.3e-5*omega*theta**2 - 0.000645*omega*theta - 0.002771*omega - 0.e-6*theta**3 - 1.8e-5*theta**2 - 0.000365*theta - 0.001651
38647,2025-01-05 18:45:00,0.003793,0.033774,0.024032,0.083906,4.862766,3.439006,5.6214,8807,0,1.00000omega,-0.006321 + 0.00606theta + -0.04415omega + -0.02161theta^2 + -0.02228theta omega + -0.00376omega^2 + -0.02446theta^3 + -0.01289theta^2 omega + 0.00953theta omega^2 + -0.01021omega^3,-0.040079*omega**3 + 0.001247*omega**2*theta - 0.010891*omega**2 - 5.6e-5*omega*theta**2 + 0.000591*omega*theta - 0.002703*omega - 4.0e-6*theta**3 + 7.3e-5*theta**2 - 0.000484*theta + 0.00101
38648,2025-01-05 18:50:00,0.016816,0.193461,0.137313,0.105313,5.036161,3.561882,124.0615,9999,0,1.00000omega,-0.059451 + -0.00044theta + -0.04145omega + 0.02164theta^2 + -0.00254theta omega + -0.09113omega^2 + -0.00690theta^3 + -0.01017theta^2 omega + 0.01767theta omega^2 + -0.00229omega^3,-0.006047*omega**3 + 0.001555*omega**2*theta + 0.00847*omega**2 - 3.0e-5*omega*theta**2 - 0.001387*omega*theta - 0.017506*omega - 0.e-6*theta**3 - 3.9e-5*theta**2 - 0.00073*theta - 0.004545
38649,2025-01-05 18:55:00,0.004211,0.022416,0.016128,0.119252,5.467032,3.866695,8.4561,5486,0,1.00000omega,0.011591 + -0.07169theta + 0.09147omega + -0.05051theta^2 + -0.07726theta omega + 0.10438omega^2 + -0.19251theta^3 + 0.04242theta^2 omega + 0.11814theta omega^2 + 0.01867omega^3,0.074373*omega**3 + 0.015687*omega**2*theta - 0.019978*omega**2 + 0.000188*omega*theta**2 - 0.002327*omega*theta + 0.009087*omega - 2.8e-5*theta**3 + 0.000295*theta**2 - 0.001094*theta + 0.001487
38650,2025-01-05 19:00:00,0.006585,0.037502,0.026924,0.092202,2.542250,1.798824,25.7646,9999,0,1.00000omega,-0.012761 + -0.00637theta + -0.02286omega + 0.00034theta^2 + 0.00089theta omega + 0.00221omega^2 + -0.00416theta^3 + -0.00270theta^2 omega + 0.01380theta omega^2 + -0.00530omega^3,-0.022436*omega**3 + 0.001947*omega**2*theta + 0.042988*omega**2 - 1.3e-5*omega*theta**2 - 0.000539*omega*theta - 0.006473*omega - 0.e-6*theta**3 - 4.2e-5*theta**2 - 0.000918*theta - 0.006743
38651,2025-01-05 19:05:00,0.004699,0.029838,0.021359,0.061610,2.299037,1.626248,22.4723,7494,0,1.00000omega,-0.027601 + -0.01958theta + 0.02241omega + 0.01302theta^2 + -0.01051theta omega + -0.01445omega^2 + -0.00719theta^3 + 0.00554theta^2 omega + 0.02011theta omega^2 + -0.03879omega^3,-0.282168*omega**3 + 0.004876*omega**2*theta - 0.062679*omega**2 + 4.5e-5*omega*theta**2 - 0.001193*omega*theta + 0.008527*omega - 2.0e-6*theta**3 + 7.3e-5*theta**2 - 0.000939*theta + 0.003977
38652,2025-01-05 19:10:00,0.004644,0.039408,0.028058,0.080150,4.614292,3.263289,13.7834,8329,0,1.00000omega,-0.041071 + -0.01164theta + -0.01250omega + -0.00036theta^2 + 0.00102theta omega + 0.00194omega^2 + -0.00295theta^3 + -0.00571theta^2 omega + 0.00578theta omega^2 + -0.00379omega^3,-0.018365*omega**3 + 0.000934*omega**2*theta + 0.013684*omega**2 - 3.1e-5*omega*theta**2 - 0.000836*omega*theta - 0.006102*omega - 0.e-6*theta**3 - 2.2e-5*theta**2 - 0.000321*theta - 0.001721
38653,2025-01-05 19:15:00,nan,nan,nan,nan,nan,nan,165.3194,1428,5,1.00000omega,nan1 + nantheta + nanomega + nantheta^2 + nantheta omega + nanomega^2 + nantheta^3 + nantheta^2 omega + nantheta omega^2 + nanomega^3,N/A
38654,2025-01-05 19:20:00,0.003719,0.024321,0.017398,0.093451,8.373070,5.921023,7.9471,6055,0,1.00000omega,-0.035061 + -0.05387theta + -0.05278omega + 0.03343theta^2 + -0.01910theta omega + 0.01615omega^2 + 0.02332theta^3 + -0.04018theta^2 omega + -0.02845theta omega^2 + -0.04184omega^3,-0.202886*omega**3 - 0.004599*omega**2*theta - 0.023533*omega**2 - 0.000216*omega*theta**2 - 0.003083*omega*theta - 0.01266*omega + 4.0e-6*theta**3 + 9.7e-5*theta**2 + 0.000671*theta + 0.001315
38655,2025-01-05 19:25:00,0.003874,0.024107,0.017265,0.121468,3.857217,2.728817,3.0337,6416,0,1.00000omega,-0.030281 + -0.13555theta + 0.02402omega + -0.03469theta^2 + 0.02007theta omega + -0.00154omega^2 + -0.28372theta^3 + 0.02638theta^2 omega + -0.01957theta omega^2 + 0.03336omega^3,0.100485*omega**3 - 0.001965*omega**2*theta - 0.008381*omega**2 + 8.8e-5*omega*theta**2 + 0.000921*omega*theta + 0.003077*omega - 3.2e-5*theta**3 - 0.000394*theta**2 - 0.001781*theta - 0.00296
38656,2025-01-05 19:30:00,0.002769,0.017241,0.012347,0.119386,3.990076,2.822672,2.0021,5959,0,1.00000omega,-0.111791 + -0.14076theta + 0.15368omega + 0.27070theta^2 + 0.40918theta omega + -0.05454omega^2 + -0.24748theta^3 + -0.01703theta^2 omega + -0.11506theta omega^2 + 0.01016omega^3,0.048056*omega**3 - 0.018141*omega**2*theta - 0.082362*omega**2 - 8.9e-5*omega*theta**2 + 0.004817*omega*theta + 0.022244*omega - 4.3e-5*theta**3 - 0.000316*theta**2 - 0.000814*theta - 0.001123
38657,2025-01-05 19:35:00,0.004914,0.027004,0.019408,0.111531,11.879503,8.400447,19.6761,7502,0,1.00000omega,0.055821 + -0.03666theta + 0.01210omega + -0.00314theta^2 + 0.00369theta omega + -0.00685omega^2 + 0.00063theta^3 + 0.00126theta^2 omega + -0.03705theta omega^2 + 0.00755omega^3,0.044726*omega**3 - 0.007316*omega**2*theta - 0.086497*omega**2 + 8.0e-6*omega*theta**2 + 0.000244*omega*theta + 0.002106*omega + 3.0e-6*theta**2 - 2.2e-5*theta - 0.000322
38658,2025-01-05 19:40:00,0.003900,0.026290,0.018793,0.059438,1.748865,1.237348,6.4050,8036,0,1.00000omega,0.278841 + -0.14016theta + 0.03232omega + -0.04356theta^2 + -0.02387theta omega + -0.00343omega^2 + -0.02569theta^3 + -0.03480theta^2 omega + -0.23357theta omega^2 + 0.01916omega^3,0.07784*omega**3 - 0.03163*omega**2*theta + 0.132928*omega**2 - 0.000157*omega*theta**2 + 0.00104*omega*theta - 0.000508*omega - 4.0e-6*theta**3 + 3.1e-5*theta**2 - 0.000213*theta + 0.001477
38659,2025-01-05 19:45:00,0.004757,0.031532,0.022549,0.058246,2.753794,1.947662,30.6467,8980,0,1.00000omega,0.020421 + 0.00031theta + 0.01653omega + 0.00032theta^2 + -0.00191theta omega + -0.00310omega^2 + 0.00008theta^3 + 0.00046theta^2 omega + -0.00347theta omega^2 + -0.00077omega^3,-0.0073*omega**3 - 0.001097*omega**2*theta + 0.019015*omega**2 + 5.0e-6*omega*theta**2 - 0.000219*omega*theta + 0.002965*omega - 1.0e-6*theta**2 + 2.3e-5*theta - 8.5e-5
38660,2025-01-05 19:50:00,0.004629,0.038499,0.027419,0.112549,5.262587,3.722062,7.2205,9999,0,1.00000omega,0.022081 + 0.01316theta + -0.15595omega + -0.04016theta^2 + -0.00334theta omega + 0.02206omega^2 + -0.01858theta^3 + -0.00482theta^2 omega + 0.00719theta omega^2 + -0.00883omega^3,-0.027998*omega**3 + 0.00076*omega**2*theta - 0.005151*omega**2 - 1.7e-5*omega*theta**2 + 0.000515*omega*theta - 0.009076*omega - 2.0e-6*theta**3 + 9.2e-5*theta**2 - 0.001236*theta + 0.005327
38661,2025-01-05 19:55:00,0.003256,0.018920,0.013575,nan,nan,nan,6.3844,8929,0,1.00000omega,0.011911 + -0.01515theta + 0.07315omega + 0.01085theta^2 + 0.02238theta omega + -0.01824omega^2 + -0.00697theta^3 + 0.00268theta^2 omega + 0.00500theta omega^2 + 0.01760omega^3,0.108903*omega**3 + 0.001031*omega**2*theta - 0.019346*omega**2 + 1.8e-5*omega*theta**2 - 5.7e-5*omega*theta + 0.000924*omega - 2.0e-6*theta**3 + 5.7e-5*theta**2 - 0.000686*theta + 0.002811
38662,2025-01-05 20:00:00,0.003763,0.023934,0.017132,nan,nan,nan,7.3120,6290,0,1.00000omega,0.078881 + -0.53116theta + -0.04808omega + -0.26009theta^2 + -0.05023theta omega + 0.12401omega^2 + -0.00573theta^3 + -0.07890theta^2 omega + -0.16200theta omega^2 + 0.05232omega^3,0.268152*omega**3 - 0.027676*omega**2*theta + 0.272644*omega**2 - 0.000449*omega*theta**2 + 0.006496*omega*theta - 0.024817*omega - 1.0e-6*theta**3 - 9.3e-5*theta**2 + 0.001112*theta - 0.002153
38663,2025-01-05 20:05:00,0.004628,0.024344,0.017522,0.131317,6.354938,4.494579,8.6163,8366,0,1.00000omega,0.011971 + -0.23282theta + 0.00962omega + 0.02568theta^2 + 0.03744theta omega + 0.04352omega^2 + -0.02677theta^3 + 0.06546theta^2 omega + -0.00654theta omega^2 + -0.00762omega^3,-0.028586*omega**3 - 0.000818*omega**2*theta + 0.009212*omega**2 + 0.000273*omega*theta**2 + 0.004563*omega*theta + 0.019223*omega - 4.0e-6*theta**3 - 7.4e-5*theta**2 - 0.000743*theta - 0.002944
38664,2025-01-05 20:10:00,0.016460,0.079445,0.057369,0.073472,9.412325,6.655722,629.8806,9999,0,1.00000omega,0.024911 + -0.00272theta + 0.01014omega + -0.00002theta^2 + -0.00108theta omega + 0.00047omega^2 + -0.00002theta^3 + -0.00003theta^2 omega + -0.00001theta omega^2 + 0.00009omega^3,0.001367*omega**3 - 5.0e-6*omega**2*theta + 0.000476*omega**2 - 0.e-6*omega*theta**2 + 3.0e-6*omega*theta + 0.000658*omega + 1.0e-6*theta**2 - 2.8e-5*theta + 0.000356
38665,2025-01-05 20:15:00,0.004003,0.035781,0.025459,0.106294,12.146262,8.589033,7.0043,8734,0,1.00000omega,-0.031771 + -0.00361theta + -0.02739omega + 0.00539theta^2 + -0.00258theta omega + -0.02118omega^2 + -0.00043theta^3 + 0.00102theta^2 omega + 0.00036theta omega^2 + -0.00471omega^3,-0.018073*omega**3 + 4.6e-5*omega**2*theta - 0.008578*omega**2 + 4.0e-6*omega*theta**2 - 0.00022*omega*theta + 0.001822*omega + 6.0e-6*theta**2 - 0.000184*theta + 0.001638
38666,2025-01-05 20:20:00,0.004481,0.025969,0.018634,0.078898,2.931727,2.073795,3.4375,8054,0,1.00000omega,-0.050341 + -0.42014theta + -0.11536omega + 0.04819theta^2 + -0.03615theta omega + -0.00202omega^2 + -0.01477theta^3 + 0.03506theta^2 omega + -0.12918theta omega^2 + -0.20362omega^3,-0.478647*omega**3 - 0.010122*omega**2*theta - 0.090822*omega**2 + 9.2e-5*omega*theta**2 + 0.001296*omega*theta + 0.000428*omega - 1.0e-6*theta**3 - 1.9e-5*theta**2 - 0.000506*theta - 0.004082
38667,2025-01-05 20:25:00,0.004699,0.030724,0.021978,0.047849,4.500410,3.182450,76.4229,9999,0,1.00000omega,0.012271 + 0.00087theta + -0.00435omega + -0.00144theta^2 + -0.00089theta omega + 0.00204omega^2 + -0.00005theta^3 + 0.00025theta^2 omega + 0.00043theta omega^2 + -0.00097omega^3,-0.021474*omega**3 + 0.000317*omega**2*theta + 0.007461*omega**2 + 6.0e-6*omega*theta**2 + 0.000196*omega*theta + 0.001387*omega - 4.0e-6*theta**2 - 8.8e-5*theta - 0.00065
38668,2025-01-05 20:30:00,0.004140,0.037727,0.026837,0.077421,3.519319,2.489136,4.6607,9999,0,1.00000omega,0.083131 + -0.02242theta + 0.03928omega + 0.00531theta^2 + -0.00424theta omega + 0.09860omega^2 + -0.00060theta^3 + -0.00010theta^2 omega + -0.01387theta omega^2 + -0.00797omega^3,-0.022576*omega**3 - 0.00131*omega**2*theta - 0.001066*omega**2 - 5.9e-5*omega*theta + 8.9e-5*omega - 3.0e-6*theta**2 - 4.6e-5*theta - 0.000121
38669,2025-01-05 20:35:00,0.009658,0.093337,0.066351,0.132878,17.938476,12.684766,31.0082,9999,1,1.00000omega,0.023151 + 0.00010theta + 0.00814omega + -0.00071theta^2 + 0.00320theta omega + 0.00486omega^2 + -0.00004theta^3 + -0.00067theta^2 omega + 0.00178theta omega^2 + 0.00202omega^3,0.00453*omega**3 + 0.000133*omega**2*theta - 0.001163*omega**2 - 2.0e-6*omega*theta**2 + 9.2e-5*omega*theta - 0.00086*omega + 5.0e-6*theta + 3.8e-5
38670,2025-01-05 20:40:00,0.007390,0.035523,0.025656,0.033324,1.287029,0.910372,4.8601,7669,0,1.00000omega,-0.077781 + -0.03875theta + -0.01006omega + -0.07075theta^2 + 0.06456theta omega + -0.00069omega^2 + -0.02027theta^3 + -0.00276theta^2 omega + 0.05559theta omega^2 + -0.09652omega^3,-0.119234*omega**3 + 0.002289*omega**2*theta - 0.013489*omega**2 - 4.0e-6*omega*theta**2 + 0.000481*omega*theta - 0.003011*omega - 0.e-6*theta**3 + 4.8e-5*theta - 0.000533
38671,2025-01-05 20:45:00,0.002521,0.018982,0.013540,0.141458,3.781669,2.675914,3.8462,4665,0,1.00000omega,0.029861 + -0.49333theta + 0.04198omega + 0.05833theta^2 + -0.03245theta omega + -0.04818omega^2 + -0.34509theta^3 + -0.00959theta^2 omega + 0.10660theta omega^2 + 0.00311omega^3,0.021579*omega**3 + 0.024655*omega**2*theta + 0.037525*omega**2 - 7.4e-5*omega*theta**2 - 0.000884*omega*theta - 0.000329*omega - 8.9e-5*theta**3 - 0.000624*theta**2 - 0.002007*theta - 0.002415
38672,2025-01-05 20:50:00,0.004054,0.088457,0.062614,nan,nan,nan,-111416960.0000,7303,0,1.00000omega,-0.080761 + 0.06604theta + 0.15251omega + 0.11683theta^2 + 0.04863theta omega + -0.25590omega^2 + -0.40702theta^3 + 0.10290theta^2 omega + -0.01407theta omega^2 + 0.04218omega^3,0.17944*omega**3 - 0.001995*omega**2*theta - 0.093738*omega**2 + 0.000486*omega*theta**2 - 0.00067*omega*theta + 0.005123*omega - 6.4e-5*theta**3 + 0.000302*theta**2 - 0.000389*theta - 0.000104
38673,2025-01-05 20:55:00,0.005757,0.036127,0.025868,0.141811,5.747961,4.065659,10.6973,7176,0,1.00000omega,0.279451 + -0.29862theta + -0.00981omega + 0.01250theta^2 + 0.00186theta omega + 0.08381omega^2 + -0.00450theta^3 + -0.01736theta^2 omega + -0.02773theta omega^2 + -0.00738omega^3,-0.021313*omega**3 - 0.002669*omega**2*theta + 0.02319*omega**2 - 5.6e-5*omega*theta**2 - 9.8e-5*omega*theta - 0.000369*omega + 3.0e-6*theta**2 - 0.000324*theta + 0.000655
38674,2025-01-05 21:00:00,0.004413,0.032115,0.022922,0.100112,4.042469,2.859333,8.2696,8584,0,1.00000omega,0.006701 + -0.00718theta + 0.01577omega + 0.01426theta^2 + 0.01689theta omega + -0.03047omega^2 + -0.05473theta^3 + 0.01412theta^2 omega + -0.04946theta omega^2 + -0.21176omega^3,-0.84245*omega**3 - 0.006559*omega**2*theta - 0.061876*omega**2 + 6.2e-5*omega*theta**2 + 0.001171*omega*theta + 0.005854*omega - 8.0e-6*theta**3 - 0.000182*theta**2 - 0.001369*theta - 0.003438
38675,2025-01-05 21:05:00,0.004976,0.041866,0.029812,0.198716,9.715874,6.871597,7.7714,8719,0,1.00000omega,-0.035001 + -0.13019theta + 0.09401omega + -0.07051theta^2 + -0.03248theta omega + 0.03862omega^2 + -0.00418theta^3 + -0.01123theta^2 omega + 0.00401theta omega^2 + 0.00781omega^3,0.022787*omega**3 + 0.00039*omega**2*theta + 0.007205*omega**2 - 3.6e-5*omega*theta**2 + 0.000566*omega*theta + 0.001717*omega - 8.0e-6*theta**2 + 0.000253*theta - 0.001229
38676,2025-01-05 21:10:00,0.004245,0.035329,0.025161,0.106393,12.194393,8.623066,10.0844,9999,0,1.00000omega,0.004411 + -0.00515theta + -0.04894omega + -0.00249theta^2 + 0.00090theta omega + -0.01398omega^2 + -0.00030theta^3 + 0.00013theta^2 omega + 0.00153theta omega^2 + 0.00293omega^3,0.012877*omega**3 + 0.000224*omega**2*theta - 0.002427*omega**2 + 1.0e-6*omega*theta**2 + 2.8e-5*omega*theta - 0.001374*omega - 3.0e-6*theta**2 - 5.8e-5*theta - 0.00035
38677,2025-01-05 21:15:00,0.003852,0.028988,0.020678,0.091518,5.640033,3.988630,9.4808,9999,1,1.00000omega,0.014371 + -0.06003theta + 0.03220omega + 0.01039theta^2 + 0.00557theta omega + 0.01349omega^2 + -0.00061theta^3 + 0.00017theta^2 omega + -0.00487theta omega^2 + 0.00524omega^3,0.025253*omega**3 - 0.000782*omega**2*theta + 0.010513*omega**2 + 1.0e-6*omega*theta**2 + 6.3e-5*omega*theta + 0.000626*omega + 7.0e-6*theta**2 - 0.000141*theta + 0.000703
38678,2025-01-05 21:20:00,0.004244,0.032998,0.023525,0.100609,13.391069,9.469183,14.2993,9999,0,1.00000omega,-0.010821 + 0.00052theta + -0.00107omega + -0.00012theta^2 + -0.00246theta omega + 0.00535omega^2 + 0.00016theta^3 + 0.00031theta^2 omega + -0.00077theta omega^2 + 0.00014omega^3,0.000818*omega**3 - 0.00015*omega**2*theta + 0.004935*omega**2 + 2.0e-6*omega*theta**2 - 0.000105*omega*theta + 0.001178*omega - 2.0e-6*theta**2 + 3.3e-5*theta - 0.000229
38679,2025-01-05 21:25:00,0.009247,0.069582,0.049635,0.057587,2.695323,1.906316,88.6106,9999,0,1.00000omega,-0.024251 + -0.00084theta + -0.02290omega + 0.00157theta^2 + -0.00075theta omega + -0.00431omega^2 + -0.00000theta^3 + 0.00014theta^2 omega + 0.00001theta omega^2 + -0.00091omega^3,-0.006085*omega**3 + 2.0e-6*omega**2*theta - 0.002127*omega**2 + 1.0e-6*omega*theta**2 - 9.8e-5*omega*theta + 0.001521*omega + 1.0e-6*theta**2 - 6.9e-5*theta + 0.001402
38680,2025-01-05 21:30:00,0.008117,0.047087,0.033787,0.058636,4.937802,3.491800,123.6565,9999,0,1.00000omega,0.016821 + 0.00334theta + 0.00359omega + -0.00018theta^2 + -0.00009theta omega + -0.00604omega^2 + 0.00005theta^3 + -0.00034theta^2 omega + -0.00002theta omega^2 + -0.00116omega^3,-0.014162*omega**3 - 8.0e-6*omega**2*theta - 0.003671*omega**2 - 5.0e-6*omega*theta**2 + 0.000204*omega*theta - 0.002132*omega - 2.0e-6*theta**2 + 4.3e-5*theta - 0.000368
38681,2025-01-05 21:35:00,0.005920,0.041395,0.029568,0.146095,7.068035,4.998923,6.6826,8173,0,1.00000omega,0.068811 + -0.09316theta + -0.02806omega + -0.00037theta^2 + 0.03898theta omega + 0.06293omega^2 + -0.05519theta^3 + 0.05162theta^2 omega + -0.00896theta omega^2 + -0.01583omega^3,-0.030577*omega**3 - 0.000577*omega**2*theta + 0.01041*omega**2 + 0.000111*omega*theta**2 + 0.002465*omega*theta + 0.012526*omega - 4.0e-6*theta**3 - 0.000114*theta**2 - 0.001205*theta - 0.004237
38682,2025-01-05 21:40:00,0.004460,0.036590,0.026064,0.068700,6.041269,4.272099,1.3197,9999,0,1.00000omega,-0.078661 + -0.10242theta + 0.01695omega + -0.00165theta^2 + 0.00495theta omega + -0.03559omega^2 + -0.00136theta^3 + -0.00123theta^2 omega + -0.00339theta omega^2 + 0.00862omega^3,0.015573*omega**3 - 0.000204*omega**2*theta - 0.008406*omega**2 - 2.0e-6*omega*theta**2 + 4.8e-5*omega*theta + 0.000494*omega - 0.000113*theta - 0.000174
38683,2025-01-05 21:45:00,nan,nan,nan,nan,nan,nan,7671.3608,720,5,1.00000omega,nan1 + nantheta + nanomega + nantheta^2 + nantheta omega + nanomega^2 + nantheta^3 + nantheta^2 omega + nantheta omega^2 + nanomega^3,N/A
38684,2025-01-05 21:50:00,0.005410,0.030235,0.021719,0.110905,4.477953,3.167362,8.4990,8586,0,1.00000omega,0.062071 + 0.01830theta + -0.07530omega + -0.01104theta^2 + 0.06208theta omega + 0.08649omega^2 + -0.12393theta^3 + -0.03551theta^2 omega + -0.00577theta omega^2 + 0.00429omega^3,0.012242*omega**3 - 0.000549*omega**2*theta + 0.026941*omega**2 - 0.000113*omega*theta**2 + 0.000747*omega*theta - 0.002846*omega - 1.3e-5*theta**3 + 1.5e-5*theta**2 + 1.5e-5*theta + 0.000214
38685,2025-01-05 21:55:00,0.003821,0.031178,0.022211,nan,nan,nan,6.8054,6617,0,1.00000omega,-0.068011 + -0.27621theta + 0.13312omega + -0.05456theta^2 + 0.00281theta omega + -0.10165omega^2 + -0.00250theta^3 + 0.00875theta^2 omega + -0.00402theta omega^2 + 0.02741omega^3,0.111745*omega**3 - 0.000546*omega**2*theta - 0.038792*omega**2 + 4.0e-5*omega*theta**2 + 0.000226*omega*theta + 0.004752*omega - 2.5e-5*theta**2 - 0.000422*theta - 0.001083
38686,2025-01-05 22:00:00,0.005618,0.047450,0.033787,0.070893,3.219339,2.276968,33.1461,9999,0,1.00000omega,0.028461 + 0.00027theta + 0.00676omega + 0.00015theta^2 + 0.00310theta omega + 0.00577omega^2 + -0.00006theta^3 + -0.00005theta^2 omega + -0.00034theta omega^2 + -0.00010omega^3,-0.000699*omega**3 - 7.9e-5*omega**2*theta + 0.001065*omega**2 + 3.3e-5*omega*theta + 0.001125*omega - 0.e-6*theta**2 - 1.8e-5*theta - 4.9e-5
38687,2025-01-05 22:05:00,0.004222,0.037307,0.026549,0.106680,4.533186,3.206334,4.8249,8999,0,1.00000omega,-0.084941 + 0.01038theta + -0.01983omega + 0.16716theta^2 + -0.03067theta omega + -0.18650omega^2 + -0.05085theta^3 + -0.00740theta^2 omega + 0.01340theta omega^2 + -0.01391omega^3,-0.038199*omega**3 + 0.001227*omega**2*theta - 0.04386*omega**2 - 2.3e-5*omega*theta**2 - 0.000772*omega*theta - 0.0062*omega - 5.0e-6*theta**3 - 0.000103*theta**2 - 0.000466*theta + 0.000143
38688,2025-01-05 22:10:00,nan,nan,nan,nan,nan,nan,26980.2695,5,5,1.00000omega,nan1 + nantheta + nanomega + nantheta^2 + nantheta omega + nanomega^2 + nantheta^3 + nantheta^2 omega + nantheta omega^2 + nanomega^3,N/A
38689,2025-01-05 22:15:00,0.003386,0.026337,0.018776,nan,nan,nan,1.9879,6210,0,1.00000omega,0.050321 + -1.04034theta + 0.07459omega + -0.10466theta^2 + -0.22111theta omega + -0.04765omega^2 + -0.11520theta^3 + 0.10753theta^2 omega + -0.09979theta omega^2 + 0.04149omega^3,0.135429*omega**3 - 0.010858*omega**2*theta - 0.03057*omega**2 + 0.00039*omega*theta**2 - 0.001364*omega*theta - 0.000109*omega - 1.4e-5*theta**3 - 9.6e-5*theta**2 - 0.001339*theta - 0.001519
38690,2025-01-05 22:20:00,0.005851,0.039215,0.028036,0.103523,4.212795,2.979795,8.9980,9999,1,1.00000omega,-0.009471 + -0.01569theta + 0.00087omega + -0.00005theta^2 + -0.02951theta omega + -0.03178omega^2 + -0.02302theta^3 + 0.00989theta^2 omega + 0.03263theta omega^2 + -0.03177omega^3,-0.075391*omega**3 + 0.002581*omega**2*theta - 0.043689*omega**2 + 2.6e-5*omega*theta**2 - 0.000979*omega*theta + 0.008481*omega - 2.0e-6*theta**3 + 8.2e-5*theta**2 - 0.001117*theta + 0.005132
38691,2025-01-05 22:25:00,0.003540,0.025059,0.017895,nan,nan,nan,7.1295,7700,0,1.00000omega,0.049871 + 0.04220theta + -0.10149omega + -0.11428theta^2 + 0.01732theta omega + -0.18597omega^2 + -0.11544theta^3 + -0.02776theta^2 omega + 0.25308theta omega^2 + 0.07206omega^3,0.400624*omega**3 + 0.046901*omega**2*theta + 0.107007*omega**2 - 0.000171*omega*theta**2 - 0.001119*omega*theta - 0.00512*omega - 2.4e-5*theta**3 - 0.000339*theta**2 - 0.001524*theta - 0.002062
38692,2025-01-05 22:30:00,0.003337,0.021212,0.015184,0.106770,4.109919,2.907132,9.6248,9550,0,1.00000omega,-0.031311 + -0.03488theta + -0.05358omega + -0.07166theta^2 + -0.01095theta omega + 0.10168omega^2 + -0.02438theta^3 + 0.01666theta^2 omega + -0.00298theta omega^2 + -0.00887omega^3,-0.062585*omega**3 - 0.000701*omega**2*theta + 0.044839*omega**2 + 0.000131*omega*theta**2 + 0.00149*omega*theta + 0.002402*omega - 6.0e-6*theta**3 - 0.000161*theta**2 - 0.00131*theta - 0.003546
38693,2025-01-05 22:35:00,0.003721,0.020048,0.014418,0.110281,2.859227,2.023282,1.5056,6353,0,1.00000omega,0.071851 + -0.12826theta + -0.00127omega + -0.22453theta^2 + -0.02981theta omega + 0.19690omega^2 + -1.04030theta^3 + 0.27418theta^2 omega + 0.06861theta omega^2 + -0.02098omega^3,-0.053193*omega**3 + 0.005799*omega**2*theta + 0.059242*omega**2 + 0.000772*omega*theta**2 + 0.000244*omega*theta - 5.0e-5*omega - 9.8e-5*theta**3 - 0.000174*theta**2 - 0.000227*theta + 0.000213
38694,2025-01-05 22:40:00,0.004448,0.034796,0.024805,0.137215,7.406295,5.237940,3.7588,9999,0,1.00000omega,0.045091 + -0.36445theta + 0.02302omega + -0.06548theta^2 + 0.10004theta omega + -0.00325omega^2 + 0.00292theta^3 + -0.00615theta^2 omega + 0.00868theta omega^2 + 0.01077omega^3,0.024446*omega**3 + 0.000657*omega**2*theta - 0.009828*omega**2 - 1.6e-5*omega*theta**2 + 0.001339*omega*theta - 0.014581*omega - 3.0e-5*theta**2 + 0.000276*theta + 0.001369
38695,2025-01-05 22:45:00,0.003710,0.024291,0.017376,0.119991,6.195193,4.381484,2.9476,6367,0,1.00000omega,-0.030531 + -0.20499theta + -0.03349omega + -0.08931theta^2 + 0.04716theta omega + 0.00400omega^2 + -0.00863theta^3 + 0.00066theta^2 omega + -0.02534theta omega^2 + -0.00222omega^3,-0.006451*omega**3 - 0.002455*omega**2*theta + 0.026316*omega**2 + 2.0e-6*omega*theta**2 + 0.000446*omega*theta - 0.005891*omega - 0.e-6*theta**3 - 2.0e-6*theta**2 + 0.000112*theta - 1.5e-5
38696,2025-01-05 22:50:00,0.005930,0.036002,0.025800,0.047443,2.024907,1.432218,74.6521,9999,0,1.00000omega,0.009651 + -0.00173theta + -0.02859omega + -0.00853theta^2 + -0.00001theta omega + 0.01380omega^2 + -0.00038theta^3 + 0.00020theta^2 omega + 0.00012theta omega^2 + -0.00711omega^3,-0.099414*omega**3 + 5.6e-5*omega**2*theta + 0.01077*omega**2 + 3.0e-6*omega*theta**2 + 0.00015*omega*theta + 0.000848*omega - 2.1e-5*theta**2 - 0.000657*theta - 0.00655
38697,2025-01-05 22:55:00,0.004239,0.027102,0.019397,0.056060,4.250981,3.006159,29.2981,8576,1,1.00000omega,-0.003921 + 0.01323theta + -0.01008omega + 0.00022theta^2 + -0.02250theta omega + 0.00976omega^2 + 0.00034theta^3 + -0.00086theta^2 omega + 0.00140theta omega^2 + -0.00430omega^3,-0.048736*omega**3 + 0.000529*omega**2*theta + 0.012587*omega**2 - 1.1e-5*omega*theta**2 - 0.000731*omega*theta - 0.007758*omega + 5.0e-6*theta**2 + 8.5e-5*theta + 0.000475
38698,2025-01-05 23:00:00,0.003502,0.027387,0.019523,0.086727,6.911942,4.887865,15.4935,9201,0,1.00000omega,0.027111 + 0.00011theta + -0.03355omega + 0.00099theta^2 + 0.00710theta omega + 0.00914omega^2 + -0.00008theta^3 + -0.00530theta^2 omega + -0.00508theta omega^2 + -0.00743omega^3,-0.06625*omega**3 - 0.00151*omega**2*theta - 0.007677*omega**2 - 5.3e-5*omega*theta**2 - 0.000752*omega*theta - 0.003728*omega + 5.0e-6*theta + 8.3e-5
38699,2025-01-05 23:05:00,0.005524,0.039221,0.028007,0.067502,2.806349,1.984963,23.4986,9999,0,1.00000omega,0.009631 + -0.00857theta + -0.00586omega + 0.00744theta^2 + 0.00452theta omega + -0.00107omega^2 + -0.00177theta^3 + 0.00037theta^2 omega + -0.00073theta omega^2 + 0.00098omega^3,0.005469*omega**3 - 0.000136*omega**2*theta - 0.003351*omega**2 + 2.0e-6*omega*theta**2 + 0.000163*omega*theta + 0.002226*omega - 2.0e-5*theta**2 - 0.000355*theta - 0.002087
38700,2025-01-05 23:10:00,0.004108,0.025032,0.017937,0.150036,6.642975,4.698491,1.7602,9999,0,1.00000omega,0.010341 + -0.01121theta + 0.01695omega + -0.07151theta^2 + 0.01523theta omega + 0.14717omega^2 + -0.09005theta^3 + 0.01438theta^2 omega + -0.03428theta omega^2 + 0.00718omega^3,0.01683*omega**3 - 0.002678*omega**2*theta + 0.061283*omega**2 + 3.7e-5*omega*theta**2 - 0.000421*omega*theta + 0.001616*omega - 8.0e-6*theta**3 + 0.000154*theta**2 - 0.001005*theta + 0.002205
38701,2025-01-05 23:15:00,nan,nan,nan,nan,nan,nan,1276.7158,2306,5,1.00000omega,nan1 + nantheta + nanomega + nantheta^2 + nantheta omega + nanomega^2 + nantheta^3 + nantheta^2 omega + nantheta omega^2 + nanomega^3,N/A
38702,2025-01-05 23:20:00,0.003768,0.032509,0.023141,0.043540,2.299711,1.626432,38.6757,9999,0,1.00000omega,-0.050351 + -0.00786theta + 0.00021omega + -0.00030theta^2 + 0.00697theta omega + 0.01481omega^2 + -0.00000theta^3 + 0.00003theta^2 omega + -0.00738theta omega^2 + -0.00468omega^3,-0.080211*omega**3 - 0.004216*omega**2*theta - 0.057781*omega**2 + 1.0e-6*omega*theta**2 + 0.000194*omega*theta + 0.003033*omega - 1.7e-5*theta - 0.000284
38703,2025-01-05 23:25:00,0.003359,0.025607,0.018262,0.055268,1.241642,0.878843,7.4536,4403,0,1.00000omega,0.199451 + -0.99959theta + -0.02792omega + 0.10587theta^2 + 0.00853theta omega + 0.03701omega^2 + -0.14282theta^3 + 0.29434theta^2 omega + -0.24492theta omega^2 + -0.17593omega^3,-1.065081*omega**3 - 0.049425*omega**2*theta - 0.01677*omega**2 + 0.00198*omega*theta**2 + 0.002803*omega*theta + 6.0e-5*omega - 3.2e-5*theta**3 - 1.2e-5*theta**2 - 0.001083*theta - 0.000243
38704,2025-01-05 23:30:00,0.015847,0.069332,0.050289,0.067700,4.560479,3.225101,417.7843,9999,0,1.00000omega,-0.034071 + -0.03777theta + -0.04837omega + -0.01128theta^2 + -0.00455theta omega + 0.00126omega^2 + -0.00046theta^3 + -0.00033theta^2 omega + 0.00056theta omega^2 + 0.00035omega^3,0.003825*omega**3 + 0.000204*omega**2*theta + 0.004251*omega**2 - 4.0e-6*omega*theta**2 - 0.000229*omega*theta - 0.004351*omega - 1.7e-5*theta**2 - 0.000464*theta - 0.003927
38705,2025-01-05 23:35:00,0.005498,0.037760,0.026982,0.073270,5.104050,3.609480,42.3907,9999,0,1.00000omega,-0.000691 + -0.00213theta + 0.00861omega + -0.00007theta^2 + 0.00045theta omega + 0.00129omega^2 + -0.00000theta^3 + 0.00004theta^2 omega + -0.00022theta omega^2 + -0.00008omega^3,-0.000753*omega**3 - 6.9e-5*omega**2*theta - 0.001455*omega**2 + 3.5e-5*omega*theta + 0.000968*omega - 5.0e-6*theta - 0.000119
38706,2025-01-05 23:40:00,0.004644,0.026790,0.019226,0.065625,3.017876,2.134465,19.7716,9999,0,1.00000omega,0.038921 + -0.02570theta + -0.00365omega + 0.00541theta^2 + -0.00051theta omega + 0.04165omega^2 + -0.00066theta^3 + -0.00128theta^2 omega + -0.00334theta omega^2 + -0.01725omega^3,-0.114925*omega**3 - 0.000742*omega**2*theta + 0.009137*omega**2 - 9.0e-6*omega*theta**2 - 0.000276*omega*theta - 0.00213*omega - 4.0e-6*theta**2 - 4.6e-5*theta - 0.000206
38707,2025-01-05 23:45:00,0.004706,0.031859,0.022772,0.258245,12.263957,8.673850,6.4327,9999,0,1.00000omega,-0.022031 + 0.00674theta + 0.01890omega + 0.00995theta^2 + -0.03133theta omega + -0.02189omega^2 + -0.07789theta^3 + -0.00507theta^2 omega + 0.12188theta omega^2 + 0.00014omega^3,0.000383*omega**3 + 0.01111*omega**2*theta + 0.147515*omega**2 - 1.5e-5*omega*theta**2 - 0.000743*omega*theta - 0.006709*omega - 8.0e-6*theta**3 - 0.000325*theta**2 - 0.004454*theta - 0.020395
38708,2025-01-05 23:50:00,0.002713,0.017489,0.012515,0.102035,4.355991,3.080996,1.3700,8349,0,1.00000omega,-0.074631 + -0.11171theta + 0.02261omega + 0.01171theta^2 + 0.05049theta omega + 0.00953omega^2 + -0.20785theta^3 + 0.02791theta^2 omega + 0.00224theta omega^2 + 0.01518omega^3,0.061898*omega**3 + 0.000304*omega**2*theta + 0.00211*omega**2 + 0.000126*omega*theta**2 - 0.000545*omega*theta + 0.00058*omega - 3.1e-5*theta**3 + 0.000439*theta**2 - 0.002169*theta + 0.003522
38709,2025-01-05 23:55:00,0.003391,0.074682,0.052863,0.168063,3.437835,2.433820,-25889220.0000,5190,0,1.00000omega,-0.102051 + -2.10818theta + 0.01882omega + 0.12676theta^2 + -0.04134theta omega + 0.14593omega^2 + -0.38482theta^3 + 1.54106theta^2 omega + 0.09122theta omega^2 + -0.24367omega^3,-0.981949*omega**3 + 0.012253*omega**2*theta + 0.029708*omega**2 + 0.0069*omega*theta**2 - 0.027284*omega*theta + 0.027588*omega - 5.7e-5*theta**3 + 0.000386*theta**2 - 0.003192*theta + 0.00485
38710,2025-01-06 00:00:00,0.005073,0.038980,0.027796,0.064789,1.529083,1.082195,6.5046,8963,0,1.00000omega,-0.001021 + -0.13761theta + -0.00860omega + -0.00477theta^2 + 0.01082theta omega + -0.01521omega^2 + -0.00890theta^3 + -0.00740theta^2 omega + 0.03611theta omega^2 + -0.05201omega^3,-0.129751*omega**3 + 0.003003*omega**2*theta - 0.064533*omega**2 - 2.1e-5*omega*theta**2 + 0.000926*omega*theta - 0.0106*omega - 0.e-6*theta**3 + 4.8e-5*theta**2 - 0.001081*theta + 0.009054
38711,2025-01-06 00:05:00,0.006266,0.060675,0.043132,0.070330,3.199837,2.263173,44.4085,9999,0,1.00000omega,-0.011731 + -0.01974theta + 0.01999omega + 0.01132theta^2 + 0.01037theta omega + 0.00379omega^2 + -0.00021theta^3 + -0.00268theta^2 omega + -0.00636theta omega^2 + 0.00014omega^3,0.001005*omega**3 - 0.001523*omega**2*theta - 0.023554*omega**2 - 2.1e-5*omega*theta**2 - 0.000545*omega*theta - 0.002467*omega + 3.0e-6*theta**2 + 0.000137*theta + 0.001062
38712,2025-01-06 00:10:00,0.003269,0.020971,0.015008,nan,nan,nan,3.5431,5982,0,1.00000omega,-0.062791 + -0.80948theta + 0.67678omega + 0.05292theta^2 + -0.01904theta omega + 0.02678omega^2 + -0.05023theta^3 + 0.00996theta^2 omega + -0.02500theta omega^2 + 0.04150omega^3,0.168861*omega**3 - 0.003391*omega**2*theta + 0.010405*omega**2 + 4.5e-5*omega*theta**2 - 0.000248*omega*theta + 0.022598*omega - 8.0e-6*theta**3 + 2.5e-5*theta**2 - 0.000907*theta - 4.5e-5
38713,2025-01-06 00:15:00,0.004660,0.029539,0.021146,0.088003,2.757715,1.950991,9.0258,5555,1,1.00000omega,-0.028051 + -0.02205theta + -0.00931omega + -0.07944theta^2 + 0.01013theta omega + -0.05093omega^2 + -0.02727theta^3 + 0.01434theta^2 omega + -0.01509theta omega^2 + -0.11732omega^3,-0.416853*omega**3 - 0.001787*omega**2*theta - 0.00434*omega**2 + 5.7e-5*omega*theta**2 - 0.000719*omega*theta + 0.001915*omega - 4.0e-6*theta**3 + 4.9e-5*theta**2 - 0.000162*theta - 0.000122
38714,2025-01-06 00:20:00,0.004839,0.033302,0.023795,0.062209,2.456101,1.737282,24.9233,9999,0,1.00000omega,0.075911 + -0.01014theta + -0.01273omega + 0.00090theta^2 + 0.01379theta omega + -0.00033omega^2 + -0.00014theta^3 + -0.00225theta^2 omega + -0.00210theta omega^2 + 0.00143omega^3,0.010894*omega**3 - 0.000533*omega**2*theta - 0.00889*omega**2 - 1.9e-5*omega*theta**2 - 0.000391*omega*theta - 0.001732*omega - 1.0e-6*theta**2 - 2.6e-5*theta - 5.5e-5
38715,2025-01-06 00:25:00,0.004146,0.024149,0.017326,0.102250,2.473318,1.750394,5.1525,4591,0,1.00000omega,0.056031 + -0.47701theta + -0.02562omega + -0.42607theta^2 + 0.02416theta omega + 0.08869omega^2 + -0.69772theta^3 + 0.01225theta^2 omega + 0.12117theta omega^2 + -0.07064omega^3,-0.228373*omega**3 + 0.013058*omega**2*theta + 0.0497*omega**2 + 4.4e-5*omega*theta**2 + 0.000403*omega*theta - 0.000328*omega - 8.4e-5*theta**3 - 0.000551*theta**2 - 0.001643*theta - 0.00136
38716,2025-01-06 00:30:00,0.002987,0.017257,0.012384,0.086534,3.059590,2.164322,4.1240,6419,0,1.00000omega,-0.100541 + 0.04954theta + -0.08351omega + -0.02416theta^2 + 0.03527theta omega + -0.03020omega^2 + -0.36230theta^3 + 0.06540theta^2 omega + 0.06932theta omega^2 + -0.15134omega^3,-0.79293*omega**3 + 0.012106*omega**2*theta - 0.028508*omega**2 + 0.000381*omega*theta**2 - 0.000508*omega*theta - 0.002773*omega - 7.0e-5*theta**3 + 0.000266*theta**2 - 0.000279*theta - 0.0002
38717,2025-01-06 00:35:00,0.003603,0.031021,0.022083,0.074260,2.904400,2.054392,2.7157,6559,0,1.00000omega,-0.097081 + -0.10612theta + 0.04532omega + -0.04958theta^2 + 0.02090theta omega + -0.03269omega^2 + -0.00322theta^3 + -0.00376theta^2 omega + -0.01688theta omega^2 + 0.00403omega^3,0.013164*omega**3 - 0.001838*omega**2*theta - 0.010311*omega**2 - 1.4e-5*omega*theta**2 + 0.000237*omega*theta + 0.00145*omega - 1.8e-5*theta**2 - 0.000109*theta - 0.000298
38718,2025-01-06 00:40:00,0.005126,0.038140,0.027212,0.073294,2.591227,1.833007,21.3486,9999,2,1.00000omega,0.002301 + -0.02049theta + -0.01047omega + 0.00124theta^2 + 0.00586theta omega + -0.00456omega^2 + -0.00001theta^3 + -0.00093theta^2 omega + 0.00602theta omega^2 + 0.00144omega^3,0.008442*omega**3 + 0.001176*omega**2*theta + 0.020306*omega**2 - 6.0e-6*omega*theta**2 - 0.000144*omega*theta - 0.000892*omega - 2.0e-6*theta - 0.000222
38719,2025-01-06 00:45:00,0.002901,0.021653,0.015448,0.068160,2.851231,2.016701,3.7672,6392,0,1.00000omega,-0.044371 + -0.14817theta + 0.04485omega + 0.08556theta^2 + -0.06347theta omega + -0.02754omega^2 + -0.00529theta^3 + 0.00659theta^2 omega + -0.00523theta omega^2 + -0.00633omega^3,-0.032883*omega**3 - 0.000906*omega**2*theta - 0.007947*omega**2 + 3.8e-5*omega*theta**2 - 0.001175*omega*theta + 0.005482*omega - 1.0e-6*theta**3 + 5.1e-5*theta**2 - 0.000517*theta + 0.001175
