Chunk_Index,Chunk_Start_Time,Orig_RMSE_Omega,Orig_RMSE_Theta,Orig_RMSE_Total,Sim_RMSE_Omega,Sim_RMSE_Theta,Sim_RMSE_Total,Final_Loss,Stopped_Epoch,NaN_Recoveries,Eq_Theta,Eq_Omega,Eq_Omega_Physical
48840,2025-02-10 05:40:00,0.004176,0.032543,0.023200,0.034931,2.798503,1.978995,106.5732,9999,0,1.00000omega,0.015311 + 0.00057theta + 0.00711omega + 0.00013theta^2 + 0.00009theta omega + 0.00162omega^2 + -0.00001theta^3 + 0.00002theta^2 omega + -0.00005theta omega^2 + 0.00019omega^3,0.007309*omega**3 - 6.4e-5*omega**2*theta + 0.003208*omega**2 + 1.0e-6*omega*theta**2 - 3.3e-5*omega*theta + 0.000557*omega + 1.0e-6*theta**2 - 2.6e-5*theta + 0.000217
48841,2025-02-10 05:45:00,0.005107,0.038220,0.027266,0.042833,1.515562,1.072092,67.9190,9999,0,1.00000omega,0.003931 + 0.00805theta + -0.00183omega + 0.00117theta^2 + 0.00116theta omega + -0.01094omega^2 + 0.00011theta^3 + 0.00020theta^2 omega + 0.00053theta omega^2 + -0.00159omega^3,-0.026573*omega**3 + 0.000295*omega**2*theta - 0.013933*omega**2 + 4.0e-6*omega*theta**2 - 0.000116*omega*theta + 0.000793*omega - 3.0e-6*theta**2 + 4.9e-5*theta - 0.000306
48842,2025-02-10 05:50:00,0.006629,0.025207,0.018430,0.051809,5.262397,3.721257,140.2922,9999,0,1.00000omega,-0.006681 + -0.00079theta + -0.00673omega + 0.00003theta^2 + -0.00064theta omega + -0.00088omega^2 + 0.00007theta^3 + -0.00001theta^2 omega + -0.00015theta omega^2 + -0.00026omega^3,-0.005559*omega**3 - 0.000107*omega**2*theta + 0.001618*omega**2 - 8.0e-6*omega*theta + 5.8e-5*omega - 4.0e-6*theta**2 + 7.9e-5*theta - 0.000573
48843,2025-02-10 05:55:00,0.006319,0.040991,0.029327,0.034539,1.536078,1.086446,157.9548,9999,0,1.00000omega,-0.049731 + -0.00140theta + -0.00309omega + 0.00020theta^2 + 0.00027theta omega + -0.00073omega^2 + -0.00000theta^3 + -0.00002theta^2 omega + 0.00002theta omega^2 + -0.00013omega^3,-0.003307*omega**3 + 1.7e-5*omega**2*theta - 0.001045*omega**2 - 0.e-6*omega*theta**2 + 3.3e-5*omega*theta - 0.000559*omega - 1.1e-5*theta + 7.3e-5
48844,2025-02-10 06:00:00,nan,nan,nan,nan,nan,nan,7980.5771,1201,5,1.00000omega,nan1 + nantheta + nanomega + nantheta^2 + nantheta omega + nanomega^2 + nantheta^3 + nantheta^2 omega + nantheta omega^2 + nanomega^3,N/A
48845,2025-02-10 06:05:00,0.005391,0.040611,0.028968,0.065132,3.890375,2.751296,0.6575,9999,0,1.00000omega,-0.113071 + -0.15409theta + 0.00558omega + -0.06931theta^2 + 0.03002theta omega + -0.02561omega^2 + -0.01592theta^3 + 0.00171theta^2 omega + -0.00251theta omega^2 + 0.00547omega^3,0.00656*omega**3 - 0.0001*omega**2*theta - 0.004262*omega**2 + 2.0e-6*omega*theta**2 + 0.000161*omega*theta - 0.001359*omega - 0.e-6*theta**3 + 3.0e-6*theta**2 - 6.3e-5*theta + 0.000152
48846,2025-02-10 06:10:00,0.006285,0.035742,0.025661,0.041581,1.699757,1.202269,8.4756,9999,0,1.00000omega,0.101351 + -0.07090theta + -0.00787omega + 0.03809theta^2 + -0.01495theta omega + 0.00922omega^2 + -0.00343theta^3 + 0.00015theta^2 omega + -0.00104theta omega^2 + -0.03252omega^3,-0.070171*omega**3 - 7.5e-5*omega**2*theta + 0.00249*omega**2 - 0.000134*omega*theta - 0.000231*omega + 1.2e-5*theta**2 - 8.4e-5*theta + 0.000439
48847,2025-02-10 06:15:00,0.003568,0.034650,0.024631,0.031713,2.480929,1.754425,36.8957,9999,0,1.00000omega,-0.103801 + 0.00405theta + -0.09215omega + 0.00205theta^2 + -0.00213theta omega + -0.01628omega^2 + -0.00025theta^3 + 0.00025theta^2 omega + -0.00008theta omega^2 + -0.00285omega^3,-0.052598*omega**3 - 4.9e-5*omega**2*theta - 0.011969*omega**2 + 5.0e-6*omega*theta**2 - 0.000222*omega*theta - 0.000811*omega + 1.0e-5*theta**2 - 0.000189*theta + 0.000987
48848,2025-02-10 06:20:00,0.002624,0.016368,0.011722,nan,nan,nan,4.1190,8195,0,1.00000omega,0.088381 + 0.05921theta + 0.10708omega + -0.54663theta^2 + 0.06403theta omega + 0.07613omega^2 + -0.48189theta^3 + 0.17912theta^2 omega + 0.07067theta omega^2 + -0.00446omega^3,-0.031672*omega**3 + 0.016728*omega**2*theta - 0.028617*omega**2 + 0.001413*omega*theta**2 - 0.010056*omega*theta + 0.021265*omega - 0.000127*theta**3 + 0.001197*theta**2 - 0.003472*theta + 0.003055
48849,2025-02-10 06:25:00,0.003787,0.035477,0.025228,0.079847,8.031638,5.679506,15.3982,9999,0,1.00000omega,0.010511 + -0.02175theta + -0.00478omega + 0.00051theta^2 + -0.00359theta omega + 0.00977omega^2 + -0.00013theta^3 + -0.00034theta^2 omega + -0.00014theta omega^2 + 0.00323omega^3,0.025238*omega**3 - 3.6e-5*omega**2*theta + 0.005507*omega**2 - 3.0e-6*omega*theta**2 + 2.3e-5*omega*theta + 0.000111*omega + 2.0e-6*theta**2 - 5.5e-5*theta + 0.000537
48850,2025-02-10 06:30:00,0.006021,0.034758,0.024944,0.133786,4.867694,3.443279,51.5271,9999,0,1.00000omega,-0.056011 + -0.01078theta + 0.02758omega + -0.02280theta^2 + 0.01681theta omega + 0.01382omega^2 + -0.00323theta^3 + 0.00163theta^2 omega + 0.00423theta omega^2 + 0.00603omega^3,0.058787*omega**3 + 0.001375*omega**2*theta - 0.015015*omega**2 + 1.8e-5*omega*theta**2 - 0.000269*omega*theta + 0.000497*omega - 1.0e-6*theta**3 + 4.4e-5*theta**2 - 0.000501*theta + 0.001472
48851,2025-02-10 06:35:00,0.003091,0.023568,0.016808,0.188645,6.929895,4.901991,5.2392,6435,2,1.00000omega,0.024421 + -0.20113theta + -0.04796omega + 0.05435theta^2 + 0.00558theta omega + 0.01015omega^2 + -0.01820theta^3 + 0.00660theta^2 omega + 0.02467theta omega^2 + 0.01688omega^3,0.09051*omega**3 + 0.004409*omega**2*theta - 0.023974*omega**2 + 3.9e-5*omega*theta**2 - 0.000425*omega*theta - 0.000487*omega - 4.0e-6*theta**3 + 9.5e-5*theta**2 - 0.000996*theta + 0.003498
48852,2025-02-10 06:40:00,0.009179,0.050521,0.036309,0.074858,7.601830,5.375566,15.8879,9999,0,1.00000omega,-0.259491 + -0.01497theta + -0.01550omega + 0.00021theta^2 + 0.00198theta omega + -0.00592omega^2 + -0.00048theta^3 + -0.00056theta^2 omega + -0.00031theta omega^2 + -0.00200omega^3,-0.003193*omega**3 - 1.6e-5*omega**2*theta - 0.001523*omega**2 - 0.e-6*omega*theta**2 - 4.0e-6*omega*theta - 0.000462*omega - 0.e-6*theta**2 - 2.3e-5*theta - 0.001429
48853,2025-02-10 06:45:00,0.006767,0.050950,0.036344,0.056478,3.846174,2.719949,1.0552,6226,0,1.00000omega,0.085421 + -0.08245theta + -0.01368omega + 0.03691theta^2 + -0.00241theta omega + 0.02520omega^2 + -0.00519theta^3 + -0.00197theta^2 omega + -0.00130theta omega^2 + -0.00944omega^3,-0.008433*omega**3 - 3.9e-5*omega**2*theta + 0.00352*omega**2 - 2.0e-6*omega*theta**2 - 9.8e-5*omega*theta - 0.00165*omega - 4.0e-6*theta**2 - 2.5e-5*theta + 0.000147
48854,2025-02-10 06:50:00,0.008640,0.038698,0.028038,0.029317,2.413518,1.706741,332.8714,9999,0,1.00000omega,-0.014851 + -0.00050theta + -0.01375omega + -0.00003theta^2 + -0.00044theta omega + -0.00210omega^2 + -0.00002theta^3 + -0.00001theta^2 omega + -0.00007theta omega^2 + -0.00003omega^3,-0.000883*omega**3 - 6.9e-5*omega**2*theta + 7.6e-5*omega**2 + 6.0e-6*omega*theta - 0.000325*omega + 2.0e-6*theta**2 - 6.3e-5*theta + 0.000642
48855,2025-02-10 06:55:00,0.004623,0.037132,0.026459,0.109681,9.577539,6.772787,109.1843,9999,0,1.00000omega,0.035181 + 0.01214theta + -0.01631omega + 0.00043theta^2 + -0.00014theta omega + -0.00054omega^2 + -0.00001theta^3 + 0.00020theta^2 omega + -0.00014theta omega^2 + 0.00132omega^3,0.04197*omega**3 - 0.000148*omega**2*theta + 0.002272*omega**2 + 7.0e-6*omega*theta**2 - 0.000274*omega*theta + 0.002114*omega + 1.0e-6*theta**2 - 1.8e-5*theta + 4.1e-5
48856,2025-02-10 07:00:00,0.008199,0.047855,0.034332,0.052123,1.732724,1.225775,65.8269,9999,0,1.00000omega,-0.010861 + -0.00001theta + -0.03136omega + 0.00058theta^2 + 0.00339theta omega + -0.01060omega^2 + -0.00105theta^3 + -0.00001theta^2 omega + 0.00262theta omega^2 + -0.00456omega^3,-0.030308*omega**3 + 0.00058*omega**2*theta - 0.025597*omega**2 + 5.8e-5*omega*theta - 0.003027*omega + 2.8e-5*theta**2 - 0.000999*theta + 0.011923
48857,2025-02-10 07:05:00,0.005684,0.042197,0.030108,0.118113,5.157331,3.647740,7.3033,8653,0,1.00000omega,0.033651 + -0.02851theta + 0.02237omega + 0.00438theta^2 + -0.01506theta omega + 0.01409omega^2 + -0.00019theta^3 + 0.00004theta^2 omega + -0.00199theta omega^2 + 0.00248omega^3,0.005466*omega**3 - 0.000146*omega**2*theta + 0.004964*omega**2 - 0.000138*omega*theta + 0.001817*omega + 2.0e-6*theta**2 - 5.5e-5*theta + 0.000474
48858,2025-02-10 07:10:00,0.007974,0.045478,0.032648,0.040627,4.588325,3.244563,65.9201,9999,0,1.00000omega,-0.019471 + -0.00545theta + -0.02108omega + -0.00001theta^2 + 0.00021theta omega + -0.00743omega^2 + -0.00044theta^3 + 0.00003theta^2 omega + 0.00016theta omega^2 + -0.00241omega^3,-0.016951*omega**3 + 3.8e-5*omega**2*theta - 0.004805*omega**2 - 1.2e-5*omega*theta - 0.000569*omega + 1.1e-5*theta**2 - 0.000362*theta + 0.003965
48859,2025-02-10 07:15:00,0.005481,0.033986,0.024342,0.088285,5.676818,4.014602,12.9233,9999,0,1.00000omega,-0.037171 + -0.01545theta + 0.02078omega + -0.00081theta^2 + 0.02548theta omega + -0.00050omega^2 + -0.00466theta^3 + -0.02248theta^2 omega + 0.00004theta omega^2 + 0.00134omega^3,0.004804*omega**3 + 5.0e-6*omega**2*theta - 0.000127*omega**2 - 9.0e-5*omega*theta**2 - 0.001422*omega*theta - 0.004711*omega - 0.e-6*theta**3 - 1.8e-5*theta**2 - 0.000193*theta - 0.000856
48860,2025-02-10 07:20:00,0.004997,0.044788,0.031867,0.067092,3.411601,2.412833,50.5346,9999,0,1.00000omega,0.138761 + -0.04759theta + 0.01269omega + 0.00064theta^2 + 0.00016theta omega + -0.00161omega^2 + -0.00181theta^3 + 0.00003theta^2 omega + 0.00228theta omega^2 + -0.00651omega^3,-0.082098*omega**3 + 0.000958*omega**2*theta - 0.014379*omega**2 - 8.0e-6*omega*theta + 0.000456*omega - 0.e-6*theta**3 + 3.6e-5*theta**2 - 0.000557*theta + 0.003339
48861,2025-02-10 07:25:00,0.003670,0.030052,0.021408,0.055939,2.349143,1.661566,2.3080,7882,0,1.00000omega,-0.033651 + -0.20413theta + 0.04635omega + 0.16056theta^2 + -0.03983theta omega + -0.02174omega^2 + -0.01198theta^3 + 0.02009theta^2 omega + -0.05446theta omega^2 + 0.01735omega^3,0.052478*omega**3 - 0.005491*omega**2*theta - 0.028309*omega**2 + 6.8e-5*omega*theta**2 + 0.000105*omega*theta + 0.000928*omega - 1.0e-6*theta**3 + 4.1e-5*theta**2 + 0.000154*theta - 0.000221
48862,2025-02-10 07:30:00,0.004071,0.028796,0.020565,0.080581,6.155484,4.352957,11.1030,9999,0,1.00000omega,0.013261 + -0.01012theta + 0.00132omega + -0.00185theta^2 + -0.00429theta omega + 0.00259omega^2 + -0.00039theta^3 + 0.00152theta^2 omega + -0.00192theta omega^2 + -0.00826omega^3,-0.04442*omega**3 - 0.000344*omega**2*theta + 0.006218*omega**2 + 9.0e-6*omega*theta**2 - 0.000331*omega*theta + 0.002956*omega + 3.0e-6*theta**2 - 3.7e-5*theta + 0.000265
48863,2025-02-10 07:35:00,0.006793,0.042551,0.030469,0.097867,9.453391,6.684915,13.5811,9999,1,1.00000omega,-0.065321 + -0.03752theta + 0.02334omega + -0.00703theta^2 + -0.00337theta omega + 0.02540omega^2 + 0.00021theta^3 + -0.00013theta^2 omega + -0.00029theta omega^2 + -0.00002omega^3,-5.0e-5*omega**3 - 2.4e-5*omega**2*theta + 0.007331*omega**2 - 3.2e-5*omega*theta + 0.000778*omega - 2.0e-6*theta**2 - 4.2e-5*theta - 0.000251
48864,2025-02-10 07:40:00,0.014945,0.067220,0.048693,0.070406,6.363065,4.499642,206.4026,9999,0,1.00000omega,0.029071 + -0.00709theta + -0.02136omega + -0.00008theta^2 + 0.00023theta omega + 0.00221omega^2 + -0.00057theta^3 + 0.00015theta^2 omega + -0.00003theta omega^2 + -0.00270omega^3,-0.016623*omega**3 - 6.0e-6*omega**2*theta + 0.000837*omega**2 + 1.0e-6*omega*theta**2 + 5.8e-5*omega*theta + 0.000108*omega - 1.0e-5*theta**2 - 0.000286*theta - 0.002619
48865,2025-02-10 07:45:00,0.005024,0.033795,0.024159,0.055293,2.126247,1.503992,8.1831,9999,0,1.00000omega,-0.036381 + -0.10105theta + 0.00831omega + 0.08092theta^2 + 0.02222theta omega + -0.02209omega^2 + -0.01953theta^3 + 0.00768theta^2 omega + -0.01946theta omega^2 + -0.00685omega^3,-0.020579*omega**3 - 0.001949*omega**2*theta - 0.026763*omega**2 + 2.6e-5*omega*theta**2 + 0.000755*omega*theta + 0.005294*omega - 2.0e-6*theta**3 - 3.8e-5*theta**2 - 0.000206*theta - 0.000608
48866,2025-02-10 07:50:00,0.005712,0.040172,0.028691,0.049247,3.921621,2.773223,72.0787,9999,0,1.00000omega,0.034991 + -0.01196theta + 0.02296omega + 0.00210theta^2 + -0.00372theta omega + 0.00755omega^2 + -0.00012theta^3 + 0.00009theta^2 omega + -0.00075theta omega^2 + 0.00056omega^3,0.008005*omega**3 - 0.000357*omega**2*theta + 0.012508*omega**2 + 1.0e-6*omega*theta**2 - 0.000144*omega*theta + 0.003109*omega + 6.0e-6*theta**2 - 0.000159*theta + 0.00154
48867,2025-02-10 07:55:00,0.013636,0.061048,0.044231,0.025967,1.920907,1.358410,1514.7140,9999,0,1.00000omega,0.005481 + -0.00005theta + -0.00267omega + 0.00003theta^2 + -0.00008theta omega + -0.00011omega^2 + -0.00001theta^3 + -0.00000theta^2 omega + 0.00000theta omega^2 + -0.00000omega^3,-0.000147*omega**2 - 4.0e-6*omega*theta + 3.0e-5*omega + 2.0e-6*theta**2 - 6.9e-5*theta + 0.000789
48868,2025-02-10 08:00:00,0.005434,0.051233,0.036430,0.043508,2.424640,1.714755,7.2347,9999,0,1.00000omega,-0.167341 + -0.07712theta + -0.07050omega + 0.00353theta^2 + -0.01044theta omega + -0.06143omega^2 + -0.00058theta^3 + 0.00112theta^2 omega + -0.00446theta omega^2 + -0.02574omega^3,-0.060711*omega**3 - 0.000351*omega**2*theta - 0.007599*omega**2 + 3.0e-6*omega*theta**2 - 0.000259*omega*theta + 0.00254*omega + 5.0e-6*theta**2 - 0.000261*theta + 0.003566
48869,2025-02-10 08:05:00,0.005062,0.039030,0.027829,0.072140,4.094786,2.895900,23.4099,9999,1,1.00000omega,0.011941 + -0.00329theta + 0.02317omega + 0.00035theta^2 + 0.00052theta omega + -0.00380omega^2 + 0.00008theta^3 + 0.00004theta^2 omega + -0.00015theta omega^2 + 0.00107omega^3,0.006967*omega**3 - 3.3e-5*omega**2*theta - 0.00232*omega**2 + 1.8e-5*omega*theta + 0.000991*omega + 1.0e-6*theta**2 + 1.9e-5*theta + 0.000111
48870,2025-02-10 08:10:00,0.012874,0.064531,0.046529,0.060064,3.108566,2.198499,83.5674,9999,0,1.00000omega,0.073261 + -0.01930theta + -0.01693omega + 0.00771theta^2 + 0.00246theta omega + 0.00232omega^2 + -0.00008theta^3 + -0.00099theta^2 omega + 0.00058theta omega^2 + -0.00613omega^3,-0.021205*omega**3 + 6.7e-5*omega**2*theta + 0.002407*omega**2 - 4.0e-6*omega*theta**2 - 0.000156*omega*theta - 0.00212*omega + 2.0e-6*theta**2 + 0.000101*theta + 0.00128
48871,2025-02-10 08:15:00,0.004002,0.027562,0.019694,0.090261,3.671905,2.597213,5.6911,9999,0,1.00000omega,0.091661 + -0.14533theta + 0.00998omega + -0.09122theta^2 + -0.13148theta omega + 0.07303omega^2 + -0.00647theta^3 + -0.04669theta^2 omega + -0.00615theta omega^2 + 0.01874omega^3,0.07157*omega**3 - 0.000783*omega**2*theta + 0.025393*omega**2 - 0.000198*omega*theta**2 - 0.0019*omega*theta - 0.001135*omega - 0.e-6*theta**3 - 3.8e-5*theta**2 - 0.000225*theta + 0.000122
48872,2025-02-10 08:20:00,0.003427,0.032539,0.023136,0.033920,1.641990,1.161310,21.7055,9999,0,1.00000omega,0.102211 + -0.01536theta + -0.03698omega + 0.00523theta^2 + 0.00168theta omega + 0.00777omega^2 + -0.00067theta^3 + -0.00036theta^2 omega + -0.00032theta omega^2 + -0.00092omega^3,-0.011365*omega**3 - 0.000132*omega**2*theta + 0.002701*omega**2 - 5.0e-6*omega*theta**2 - 0.000135*omega*theta - 0.002096*omega - 1.2e-5*theta**2 - 0.000164*theta - 0.000596
48873,2025-02-10 08:25:00,0.003142,0.025715,0.018319,0.077050,3.701928,2.618225,10.8196,9430,0,1.00000omega,-0.132011 + -0.03499theta + 0.01121omega + -0.01285theta^2 + -0.01788theta omega + 0.01718omega^2 + -0.00097theta^3 + 0.00020theta^2 omega + -0.00771theta omega^2 + 0.01276omega^3,0.110894*omega**3 - 0.002234*omega**2*theta + 0.039187*omega**2 + 2.0e-6*omega*theta**2 - 0.000373*omega*theta + 0.005021*omega + 5.0e-6*theta**2 - 1.0e-6*theta - 0.00038
48874,2025-02-10 08:30:00,0.003073,0.029940,0.021282,0.146526,7.841498,5.545744,6.6517,9443,1,1.00000omega,0.047451 + -0.03449theta + 0.07544omega + 0.04254theta^2 + 0.00007theta omega + 0.02478omega^2 + -0.00356theta^3 + 0.00262theta^2 omega + -0.00405theta omega^2 + 0.00321omega^3,0.020268*omega**3 - 0.000852*omega**2*theta + 0.015749*omega**2 + 1.8e-5*omega*theta**2 - 0.000188*omega*theta + 0.002995*omega - 0.e-6*theta**3 + 3.5e-5*theta**2 - 0.000327*theta + 0.000998
48875,2025-02-10 08:35:00,0.006385,0.043765,0.031274,0.053234,1.614224,1.142049,39.1152,9999,0,1.00000omega,-0.025011 + -0.00787theta + -0.02774omega + 0.00034theta^2 + -0.00390theta omega + -0.00491omega^2 + -0.00004theta^3 + 0.00010theta^2 omega + -0.00081theta omega^2 + -0.00112omega^3,-0.007348*omega**3 - 0.000177*omega**2*theta + 0.002368*omega**2 + 1.0e-6*omega*theta**2 - 9.9e-5*omega*theta + 0.001182*omega + 1.0e-6*theta**2 - 3.8e-5*theta + 0.000471
48876,2025-02-10 08:40:00,0.003238,0.027386,0.019500,0.066396,3.828551,2.707601,14.5334,8035,0,1.00000omega,-0.021601 + -0.00103theta + -0.00727omega + 0.00001theta^2 + -0.02027theta omega + 0.00114omega^2 + 0.00005theta^3 + 0.00027theta^2 omega + 0.00140theta omega^2 + -0.01138omega^3,-0.113842*omega**3 + 0.000467*omega**2*theta - 0.003758*omega**2 + 3.0e-6*omega*theta**2 - 0.000447*omega*theta + 0.003718*omega - 0.e-6*theta**2 + 4.0e-6*theta - 4.6e-5
48877,2025-02-10 08:45:00,0.003509,0.024213,0.017300,0.035657,1.696889,1.200147,45.0106,9999,0,1.00000omega,-0.017261 + 0.01202theta + -0.00624omega + 0.00009theta^2 + -0.00016theta omega + -0.00721omega^2 + -0.00001theta^3 + 0.00014theta^2 omega + 0.00018theta omega^2 + 0.00005omega^3,0.001179*omega**3 + 0.000141*omega**2*theta - 0.008374*omega**2 + 4.0e-6*omega*theta**2 - 0.000107*omega*theta + 0.000578*omega + 6.0e-6*theta - 0.000167
48878,2025-02-10 08:50:00,0.015192,0.075374,0.054369,0.040435,1.935357,1.368803,717.2787,9999,0,1.00000omega,0.006951 + -0.00110theta + -0.00248omega + 0.00014theta^2 + -0.00062theta omega + -0.00020omega^2 + 0.00003theta^3 + -0.00008theta^2 omega + -0.00056theta omega^2 + -0.00042omega^3,-0.008516*omega**3 - 0.000379*omega**2*theta + 0.007265*omega**2 - 2.0e-6*omega*theta**2 + 5.4e-5*omega*theta - 0.000444*omega - 1.0e-6*theta**2 + 2.0e-5*theta - 8.8e-5
48879,2025-02-10 08:55:00,0.002730,0.020986,0.014964,0.135660,4.510581,3.190904,9.3643,4479,0,1.00000omega,0.173401 + -0.86159theta + -0.07399omega + -0.75575theta^2 + 0.04522theta omega + 0.01072omega^2 + 0.01318theta^3 + -0.03754theta^2 omega + 0.01221theta omega^2 + -0.07267omega^3,-0.739644*omega**3 + 0.004142*omega**2*theta - 0.0105*omega**2 - 0.000425*omega*theta**2 + 0.00431*omega*theta - 0.012951*omega + 5.0e-6*theta**3 - 0.000549*theta**2 + 0.00324*theta - 0.004119
48880,2025-02-10 09:00:00,0.003348,0.032255,0.022930,0.195228,14.387796,10.174644,35.6447,9999,0,1.00000omega,0.243401 + -0.00412theta + 0.13318omega + 0.00000theta^2 + -0.00135theta omega + 0.01053omega^2 + -0.00031theta^3 + -0.00009theta^2 omega + 0.00055theta omega^2 + 0.00085omega^3,0.016643*omega**3 + 0.000359*omega**2*theta + 0.002949*omega**2 - 2.0e-6*omega*theta**2 + 2.4e-5*omega*theta + 0.004533*omega + 1.0e-5*theta**2 - 0.000166*theta + 0.00124
48881,2025-02-10 09:05:00,0.003462,0.023012,0.016455,0.065736,2.167230,1.533168,14.8652,8934,1,1.00000omega,-0.098721 + -0.14012theta + -0.01474omega + -0.00177theta^2 + -0.00956theta omega + -0.26109omega^2 + -0.01036theta^3 + 0.00517theta^2 omega + -0.00872theta omega^2 + -0.00211omega^3,-0.019647*omega**3 - 0.002706*omega**2*theta - 0.121204*omega**2 + 5.3e-5*omega*theta**2 - 0.001136*omega*theta + 0.005395*omega - 4.0e-6*theta**3 + 9.5e-5*theta**2 - 0.000997*theta + 0.003681
48882,2025-02-10 09:10:00,0.004677,0.030361,0.021722,0.074113,6.027638,4.262506,20.7664,6853,0,1.00000omega,0.058191 + -0.02607theta + 0.03948omega + 0.00150theta^2 + -0.02740theta omega + 0.02182omega^2 + -0.00031theta^3 + -0.00108theta^2 omega + -0.00037theta omega^2 + 0.00973omega^3,0.069005*omega**3 - 8.7e-5*omega**2*theta + 0.011142*omega**2 - 9.0e-6*omega*theta**2 - 0.00034*omega*theta + 0.003707*omega + 2.0e-6*theta**2 - 4.8e-5*theta + 0.000358
48883,2025-02-10 09:15:00,0.004121,0.026803,0.019176,0.061175,3.606936,2.550856,10.8590,9999,0,1.00000omega,-0.094081 + -0.08437theta + -0.00866omega + -0.00506theta^2 + 0.00219theta omega + 0.00191omega^2 + -0.00083theta^3 + -0.00167theta^2 omega + -0.00909theta omega^2 + -0.00735omega^3,-0.03706*omega**3 - 0.001528*omega**2*theta + 0.020997*omega**2 - 9.0e-6*omega*theta**2 + 0.000278*omega*theta - 0.002323*omega + 4.0e-6*theta**2 - 0.000114*theta + 0.000941
48884,2025-02-10 09:20:00,0.004996,0.027402,0.019696,0.061039,3.195663,2.260087,20.8090,9999,1,1.00000omega,0.071791 + -0.04547theta + 0.02239omega + 0.00367theta^2 + -0.00079theta omega + -0.02845omega^2 + -0.00229theta^3 + -0.00417theta^2 omega + 0.00079theta omega^2 + 0.00304omega^3,0.018748*omega**3 + 0.000162*omega**2*theta - 0.01428*omega**2 - 2.9e-5*omega*theta**2 + 0.000474*omega*theta - 0.001217*omega - 0.e-6*theta**3 + 1.5e-5*theta**2 - 0.000195*theta + 0.00106
48885,2025-02-10 09:25:00,0.002913,0.016268,0.011686,0.099676,2.376016,1.681575,7.3357,4434,0,1.00000omega,-0.058611 + -0.02047theta + 0.06475omega + 0.03879theta^2 + 0.07515theta omega + 0.00922omega^2 + -0.99569theta^3 + 0.13824theta^2 omega + 0.22910theta omega^2 + -0.03676omega^3,-0.314249*omega**3 + 0.065283*omega**2*theta - 0.112916*omega**2 + 0.001313*omega*theta**2 - 0.003403*omega*theta + 0.004023*omega - 0.000315*theta**3 + 0.00173*theta**2 - 0.003187*theta + 0.001848
48886,2025-02-10 09:30:00,0.003317,0.025357,0.018083,0.080541,3.333232,2.357639,15.4713,9222,0,1.00000omega,-0.000691 + 0.00388theta + -0.00981omega + 0.00391theta^2 + -0.01339theta omega + -0.00018omega^2 + -0.01005theta^3 + -0.00579theta^2 omega + 0.00450theta omega^2 + 0.01215omega^3,0.124112*omega**3 + 0.001532*omega**2*theta - 0.014181*omega**2 - 6.6e-5*omega*theta**2 + 0.000947*omega*theta - 0.00348*omega - 4.0e-6*theta**3 + 0.000107*theta**2 - 0.001005*theta + 0.003121
48887,2025-02-10 09:35:00,0.003013,0.015225,0.010975,0.049320,0.917259,0.649537,17.4453,7038,0,1.00000omega,0.039061 + -0.02310theta + 0.03211omega + -0.00298theta^2 + 0.00292theta omega + 0.00363omega^2 + -0.00081theta^3 + -0.00442theta^2 omega + 0.00068theta omega^2 + 0.00152omega^3,0.020237*omega**3 + 0.000302*omega**2*theta + 0.000857*omega**2 - 6.5e-5*omega*theta**2 + 0.000741*omega*theta - 0.001014*omega + 4.0e-6*theta**2 - 3.5e-5*theta + 0.000194
48888,2025-02-10 09:40:00,0.004260,0.035738,0.025450,0.115189,8.546524,6.043854,31.7142,9999,0,1.00000omega,0.018321 + -0.00403theta + -0.04836omega + -0.00148theta^2 + -0.01633theta omega + 0.03896omega^2 + -0.00045theta^3 + -0.00779theta^2 omega + -0.03465theta omega^2 + 0.00338omega^3,0.038456*omega**3 - 0.013141*omega**2*theta + 0.170057*omega**2 - 9.8e-5*omega*theta**2 + 0.001854*omega*theta - 0.010053*omega + 5.0e-6*theta**2 - 5.2e-5*theta + 0.000218
48889,2025-02-10 09:45:00,0.003545,0.029758,0.021191,0.051731,1.937892,1.370784,30.3778,9339,0,1.00000omega,0.110521 + -0.05353theta + -0.00039omega + 0.00960theta^2 + -0.00613theta omega + -0.05226omega^2 + -0.00123theta^3 + 0.00894theta^2 omega + 0.01182theta omega^2 + -0.05964omega^3,-0.923744*omega**3 + 0.006103*omega**2*theta - 0.08805*omega**2 + 0.000154*omega*theta**2 - 0.002693*omega*theta + 0.011737*omega - 0.e-6*theta**3 + 2.5e-5*theta**2 - 0.000331*theta + 0.001588
48890,2025-02-10 09:50:00,0.004768,0.023587,0.017016,0.057615,3.309461,2.340497,33.5444,9999,0,1.00000omega,-0.020981 + -0.05103theta + 0.00751omega + -0.00515theta^2 + -0.00674theta omega + -0.00134omega^2 + -0.00055theta^3 + 0.00014theta^2 omega + -0.00463theta omega^2 + -0.00186omega^3,-0.018923*omega**3 - 0.00157*omega**2*theta + 0.019978*omega**2 + 2.0e-6*omega*theta**2 - 0.000173*omega*theta + 0.002257*omega + 5.0e-6*theta**2 - 7.7e-5*theta + 0.000606
48891,2025-02-10 09:55:00,0.002919,0.014179,0.010237,0.112981,3.645711,2.579145,11.0173,8488,0,1.00000omega,0.125981 + 0.31711theta + 0.44871omega + -0.14022theta^2 + -0.03110theta omega + 0.27900omega^2 + -0.47248theta^3 + 0.04569theta^2 omega + 0.18012theta omega^2 + -0.09553omega^3,-1.02473*omega**3 + 0.064404*omega**2*theta + 0.289983*omega**2 + 0.000545*omega*theta**2 + 0.001463*omega*theta + 0.015763*omega - 0.000188*theta**3 - 0.00117*theta**2 - 0.002063*theta - 0.000745
48892,2025-02-10 10:00:00,0.003494,0.022012,0.015760,0.060055,2.883148,2.039136,9.0535,6611,1,1.00000omega,0.002861 + -0.12459theta + -0.00073omega + -0.10768theta^2 + -0.04233theta omega + -0.11017omega^2 + -0.02753theta^3 + 0.00154theta^2 omega + -0.00489theta omega^2 + 0.00402omega^3,0.024569*omega**3 - 0.000996*omega**2*theta - 0.044694*omega**2 + 1.0e-5*omega*theta**2 - 0.000743*omega*theta + 0.00346*omega - 6.0e-6*theta**3 + 4.0e-5*theta**2 - 7.0e-5*theta + 0.000132
48893,2025-02-10 10:05:00,0.003294,0.058320,0.041304,0.106450,3.223891,2.280878,-78928304.0000,7019,0,1.00000omega,-0.122671 + -1.07755theta + 0.18533omega + 1.43617theta^2 + -0.35900theta omega + -0.26981omega^2 + -0.56251theta^3 + -0.15742theta^2 omega + -0.11031theta omega^2 + 0.03766omega^3,0.280258*omega**3 - 0.027363*omega**2*theta - 0.119252*omega**2 - 0.001302*omega*theta**2 - 0.004521*omega*theta + 0.009075*omega - 0.000155*theta**3 + 0.001052*theta**2 - 0.002218*theta + 0.000657
48894,2025-02-10 10:10:00,0.003434,0.025773,0.018385,0.095124,4.925938,3.483813,5.9713,8576,0,1.00000omega,-0.174521 + 0.03470theta + -0.00132omega + -0.03140theta^2 + -0.03140theta omega + 0.05628omega^2 + -0.05156theta^3 + -0.01194theta^2 omega + 0.10331theta omega^2 + 0.02246omega^3,0.110946*omega**3 + 0.017011*omega**2*theta - 0.09982*omega**2 - 6.6e-5*omega*theta**2 + 0.00052*omega*theta - 0.000389*omega - 9.0e-6*theta**3 + 0.00019*theta**2 - 0.001229*theta + 0.002044
48895,2025-02-10 10:15:00,0.002912,0.018001,0.012894,0.054646,1.124455,0.796048,8.1552,5277,0,1.00000omega,0.108711 + -0.27507theta + -0.01775omega + -0.01300theta^2 + 0.29274theta omega + -0.00245omega^2 + -0.18101theta^3 + -0.91809theta^2 omega + 0.02040theta omega^2 + 0.12289omega^3,1.022389*omega**3 + 0.005657*omega**2*theta + 0.002567*omega**2 - 0.008487*omega*theta**2 - 0.006433*omega*theta - 0.001033*omega - 5.6e-5*theta**3 - 0.000122*theta**2 - 0.000394*theta
48896,2025-02-10 10:20:00,0.003831,0.025707,0.018379,0.053829,2.567416,1.815836,26.4974,9999,0,1.00000omega,-0.002761 + 0.00008theta + -0.00023omega + 0.00057theta^2 + 0.00030theta omega + -0.00396omega^2 + -0.00007theta^3 + 0.00010theta^2 omega + -0.00066theta omega^2 + -0.00072omega^3,-0.008925*omega**3 - 0.000273*omega**2*theta + 0.000973*omega**2 + 1.0e-6*omega*theta**2 - 2.9e-5*omega*theta + 0.000139*omega + 2.0e-6*theta**2 - 2.6e-5*theta + 0.000131
48897,2025-02-10 10:25:00,0.002681,0.018837,0.013454,0.092197,1.882045,1.332403,5.9807,4483,0,1.00000omega,0.123751 + -2.05708theta + -0.08554omega + -0.16589theta^2 + 0.17405theta omega + -0.05025omega^2 + 0.05004theta^3 + -0.27224theta^2 omega + 0.01009theta omega^2 + -0.04310omega^3,-0.343709*omega**3 + 0.002682*omega**2*theta - 0.035277*omega**2 - 0.002412*omega*theta**2 + 0.019844*omega*theta - 0.042734*omega + 1.5e-5*theta**3 - 0.00025*theta**2 - 0.001081*theta + 0.006461
48898,2025-02-10 10:30:00,0.005340,0.043341,0.030879,0.066045,10.885837,7.697591,60.8171,9999,0,1.00000omega,-0.049681 + -0.00808theta + -0.00610omega + -0.00023theta^2 + 0.00215theta omega + -0.00202omega^2 + -0.00016theta^3 + -0.00038theta^2 omega + -0.00189theta omega^2 + -0.00124omega^3,-0.016869*omega**3 - 0.000857*omega**2*theta - 0.018055*omega**2 - 6.0e-6*omega*theta**2 - 0.000176*omega*theta - 0.001443*omega - 5.0e-6*theta**2 - 0.000107*theta - 0.000918
48899,2025-02-10 10:35:00,0.003665,0.022746,0.016291,0.067871,3.744651,2.648303,16.8176,7729,0,1.00000omega,-0.031441 + -0.01037theta + -0.06678omega + -0.00699theta^2 + 0.03680theta omega + 0.04957omega^2 + -0.00375theta^3 + -0.00029theta^2 omega + -0.02277theta omega^2 + -0.01476omega^3,-0.138208*omega**3 - 0.007107*omega**2*theta - 0.021217*omega**2 - 3.0e-6*omega*theta**2 + 0.000644*omega*theta + 0.002347*omega - 1.0e-6*theta**3 - 3.1e-5*theta**2 - 0.000256*theta - 0.000771
48900,2025-02-10 10:40:00,0.003553,0.026601,0.018977,0.061904,3.164517,2.238080,11.1339,9999,0,1.00000omega,0.103171 + -0.09072theta + -0.08278omega + 0.00388theta^2 + -0.01043theta omega + -0.08553omega^2 + -0.00123theta^3 + 0.00150theta^2 omega + -0.00479theta omega^2 + -0.06902omega^3,-0.480501*omega**3 - 0.001112*omega**2*theta - 0.03701*omega**2 + 1.2e-5*omega*theta**2 - 0.000255*omega*theta - 0.001963*omega + 6.0e-6*theta**2 - 0.00013*theta + 0.000665
48901,2025-02-10 10:45:00,0.003222,0.028134,0.020023,0.081995,1.496117,1.059502,1.8219,7701,0,1.00000omega,0.030981 + -0.39631theta + -0.00355omega + -0.01095theta^2 + 0.00728theta omega + 0.05931omega^2 + -0.03511theta^3 + -0.05024theta^2 omega + -0.02061theta omega^2 + -0.00179omega^3,-0.007817*omega**3 - 0.003*omega**2*theta + 0.034556*omega**2 - 0.000244*omega*theta**2 + 0.002031*omega*theta - 0.004339*omega - 6.0e-6*theta**3 + 6.3e-5*theta**2 - 0.000673*theta + 0.002124
48902,2025-02-10 10:50:00,0.004037,0.028730,0.020515,0.085114,3.908455,2.764350,21.2912,7237,0,1.00000omega,0.050951 + -0.00338theta + -0.04095omega + 0.00580theta^2 + -0.00398theta omega + -0.02515omega^2 + -0.01531theta^3 + -0.00155theta^2 omega + 0.00313theta omega^2 + -0.02727omega^3,-0.254317*omega**3 + 0.000973*omega**2*theta - 0.023987*omega**2 - 1.6e-5*omega*theta**2 + 0.000255*omega*theta - 0.002292*omega - 5.0e-6*theta**3 + 0.000166*theta**2 - 0.001741*theta + 0.006197
48903,2025-02-10 10:55:00,0.003142,0.068084,0.048194,0.061331,2.613619,1.848617,-811610048.0000,6872,0,1.00000omega,-0.096711 + 0.00114theta + -0.08511omega + 0.02783theta^2 + 0.05129theta omega + -0.07365omega^2 + -0.00151theta^3 + 0.00534theta^2 omega + 0.02020theta omega^2 + -0.00576omega^3,-0.059534*omega**3 + 0.006959*omega**2*theta - 0.008468*omega**2 + 6.1e-5*omega*theta**2 + 0.001616*omega*theta + 0.003706*omega - 0.e-6*theta**3 + 9.0e-6*theta**2 + 0.000139*theta + 0.000204
48904,2025-02-10 11:00:00,0.002646,0.017172,0.012286,0.069131,2.395502,1.694581,7.2406,7457,0,1.00000omega,-0.224041 + -0.06604theta + -0.03439omega + -0.00008theta^2 + 0.04377theta omega + 0.10083omega^2 + -0.14126theta^3 + 0.02127theta^2 omega + 0.12354theta omega^2 + -0.06397omega^3,-0.567143*omega**3 + 0.036509*omega**2*theta + 0.209761*omega**2 + 0.00021*omega*theta**2 + 0.002572*omega*theta + 0.005994*omega - 4.6e-5*theta**3 - 0.000591*theta**2 - 0.00258*theta - 0.004316
48905,2025-02-10 11:05:00,0.003036,0.018112,0.012986,0.081418,3.681928,2.604153,20.0206,9999,0,1.00000omega,0.346511 + -0.00825theta + 0.02395omega + 0.00283theta^2 + 0.00870theta omega + 0.03052omega^2 + -0.01946theta^3 + -0.01050theta^2 omega + 0.00617theta omega^2 + -0.02051omega^3,-0.312941*omega**3 + 0.003138*omega**2*theta + 0.004657*omega**2 - 0.000178*omega*theta**2 + 0.002148*omega*theta - 0.005621*omega - 1.1e-5*theta**3 + 0.000182*theta**2 - 0.001014*theta + 0.002439
48906,2025-02-10 11:10:00,0.002947,0.017326,0.012427,nan,nan,nan,6.5406,7343,0,1.00000omega,-0.028261 + -0.25412theta + 0.04986omega + 0.08629theta^2 + 0.00050theta omega + 0.35332omega^2 + -0.37886theta^3 + 0.06674theta^2 omega + 0.02097theta omega^2 + 0.03073omega^3,0.211249*omega**3 + 0.004805*omega**2*theta + 0.157507*omega**2 + 0.00051*omega*theta**2 - 0.002458*omega*theta + 0.004626*omega - 9.6e-5*theta**3 + 0.000746*theta**2 - 0.002198*theta + 0.002252
48907,2025-02-10 11:15:00,0.003250,0.021777,0.015569,0.087263,3.872449,2.738930,8.3870,7416,0,1.00000omega,0.041721 + -0.41760theta + -0.00465omega + 0.03257theta^2 + 0.18944theta omega + 0.05531omega^2 + -0.00627theta^3 + -0.07376theta^2 omega + -0.03455theta omega^2 + 0.00213omega^3,0.015223*omega**3 - 0.008231*omega**2*theta + 0.039278*omega**2 - 0.000586*omega*theta**2 + 0.00483*omega*theta - 0.006058*omega - 2.0e-6*theta**3 + 2.5e-5*theta**2 - 0.000528*theta + 0.000832
48908,2025-02-10 11:20:00,0.002722,0.020439,0.014580,0.055535,1.284156,0.908884,6.2390,6770,0,1.00000omega,-0.022261 + -0.18057theta + -0.02084omega + -0.03156theta^2 + 0.02563theta omega + -0.21109omega^2 + -0.03776theta^3 + 0.01159theta^2 omega + -0.01488theta omega^2 + -0.02057omega^3,-0.14907*omega**3 - 0.003594*omega**2*theta - 0.085327*omega**2 + 9.3e-5*omega*theta**2 - 0.000537*omega*theta - 0.000395*omega - 1.0e-5*theta**3 + 0.000139*theta**2 - 0.000823*theta + 0.00189
48909,2025-02-10 11:25:00,0.003133,0.022053,0.015750,0.084419,3.414704,2.415298,7.9990,5414,0,1.00000omega,0.083761 + -0.23487theta + -0.00773omega + -0.31831theta^2 + -0.14077theta omega + 0.28614omega^2 + 0.00116theta^3 + -0.00953theta^2 omega + 0.00996theta omega^2 + -0.13874omega^3,-0.969993*omega**3 + 0.002321*omega**2*theta + 0.140034*omega**2 - 7.4e-5*omega*theta**2 - 0.002386*omega*theta - 0.002161*omega - 0.00017*theta**2 - 0.00054*theta - 0.000135
48910,2025-02-10 11:30:00,0.003308,0.019425,0.013933,nan,nan,nan,9.2483,7775,0,1.00000omega,-0.050121 + -0.38570theta + 0.17414omega + 0.35902theta^2 + -0.11159theta omega + -0.03541omega^2 + 0.00001theta^3 + -0.05507theta^2 omega + 0.01264theta omega^2 + 0.21647omega^3,1.528544*omega**3 + 0.002975*omega**2*theta + 0.002604*omega**2 - 0.000432*omega*theta**2 - 0.007551*omega*theta - 0.025299*omega + 0.000194*theta**2 + 0.002146*theta + 0.005593
48911,2025-02-10 11:35:00,0.003301,0.048265,0.034208,0.062647,2.352300,1.663917,-74507784.0000,5800,0,1.00000omega,0.004471 + -0.37253theta + -0.14600omega + -0.03442theta^2 + 0.00027theta omega + -0.01781omega^2 + -0.00763theta^3 + -0.01809theta^2 omega + -0.00952theta omega^2 + -0.06575omega^3,-0.663989*omega**3 - 0.003205*omega**2*theta + 0.008102*omega**2 - 0.000203*omega*theta**2 + 0.002341*omega*theta - 0.011614*omega - 3.0e-6*theta**3 + 2.7e-5*theta**2 - 0.000442*theta + 0.002199
48912,2025-02-10 11:40:00,0.004001,0.029198,0.020839,0.067578,2.704760,1.913151,21.3695,9999,0,1.00000omega,0.056121 + 0.00019theta + -0.03580omega + 0.00163theta^2 + 0.02331theta omega + -0.01156omega^2 + -0.00025theta^3 + -0.00539theta^2 omega + -0.01010theta omega^2 + -0.00359omega^3,-0.032948*omega**3 - 0.00309*omega**2*theta - 0.036481*omega**2 - 5.5e-5*omega*theta**2 - 0.000641*omega*theta - 0.00222*omega - 1.0e-6*theta**2 - 4.0e-6*theta + 0.000131
48913,2025-02-10 11:45:00,0.003695,0.030148,0.021478,0.052124,3.043582,2.152453,6.7910,8846,0,1.00000omega,0.054601 + -0.05638theta + -0.05055omega + -0.00089theta^2 + 0.00490theta omega + 0.01545omega^2 + -0.00272theta^3 + 0.00143theta^2 omega + 0.00201theta omega^2 + -0.00408omega^3,-0.018252*omega**3 + 0.0003*omega**2*theta + 0.010469*omega**2 + 7.0e-6*omega*theta**2 + 0.000277*omega*theta + 0.000866*omega - 2.1e-5*theta**2 - 0.000379*theta - 0.002398
48914,2025-02-10 11:50:00,0.003105,0.018408,0.013200,0.056716,1.575929,1.115071,9.0171,8288,0,1.00000omega,-0.045621 + -0.08911theta + -0.02301omega + -0.12964theta^2 + -0.33852theta omega + 0.10719omega^2 + -0.09205theta^3 + -0.25265theta^2 omega + 0.04534theta omega^2 + -0.11966omega^3,-1.044149*omega**3 + 0.013188*omega**2*theta - 0.006295*omega**2 - 0.00245*omega*theta**2 + 0.017728*omega*theta - 0.029064*omega - 3.0e-5*theta**3 + 0.000356*theta**2 - 0.001453*theta + 0.001969
48915,2025-02-10 11:55:00,0.003678,0.028066,0.020016,0.070363,2.506817,1.773285,15.4427,6992,0,1.00000omega,-0.004831 + -0.04138theta + -0.03824omega + 0.04353theta^2 + 0.00500theta omega + -0.07097omega^2 + -0.01213theta^3 + 0.00560theta^2 omega + 0.00085theta omega^2 + -0.02259omega^3,-0.195728*omega**3 + 0.000245*omega**2*theta - 0.039693*omega**2 + 5.4e-5*omega*theta**2 - 0.000593*omega*theta + 0.000317*omega - 4.0e-6*theta**3 + 0.0001*theta**2 - 0.000842*theta + 0.002307
48916,2025-02-10 12:00:00,0.004457,0.075956,0.053801,0.090937,2.784790,1.970194,-49193644.0000,5649,0,1.00000omega,-0.151911 + -0.04327theta + -0.08286omega + 0.01238theta^2 + -0.09427theta omega + -0.00960omega^2 + -0.00517theta^3 + 0.01537theta^2 omega + -0.01995theta omega^2 + -0.06025omega^3,-0.365285*omega**3 - 0.004032*omega**2*theta + 0.02821*omega**2 + 0.000104*omega*theta**2 - 0.003083*omega*theta + 0.015373*omega - 1.0e-6*theta**3 + 3.4e-5*theta**2 - 0.000375*theta + 0.001024
48917,2025-02-10 12:05:00,0.003328,0.029321,0.020866,0.190600,8.707072,6.158305,9.2547,9439,0,1.00000omega,-0.008931 + -0.17610theta + 0.04219omega + -0.04085theta^2 + -0.00857theta omega + 0.10707omega^2 + -0.00172theta^3 + 0.00125theta^2 omega + 0.01131theta omega^2 + 0.00236omega^3,0.014918*omega**3 + 0.002383*omega**2*theta + 0.020578*omega**2 + 9.0e-6*omega*theta**2 - 0.000342*omega*theta + 0.00424*omega - 6.0e-6*theta**2 + 0.00013*theta + 2.3e-5
48918,2025-02-10 12:10:00,0.003410,0.082469,0.058364,nan,nan,nan,-191737472.0000,5496,0,1.00000omega,-0.111091 + -0.21965theta + 0.05515omega + 0.04300theta^2 + 0.00641theta omega + -0.12318omega^2 + -0.02338theta^3 + 0.01432theta^2 omega + -0.03298theta omega^2 + 0.01445omega^3,0.100156*omega**3 - 0.00762*omega**2*theta - 0.110692*omega**2 + 0.00011*omega*theta**2 + 0.001593*omega*theta + 0.007567*omega - 6.0e-6*theta**3 - 9.9e-5*theta**2 - 0.000756*theta - 0.002709
48919,2025-02-10 12:15:00,0.003608,0.022451,0.016079,0.041848,2.056570,1.454516,11.7576,8712,1,1.00000omega,-0.127231 + -0.14384theta + 0.02938omega + -0.02917theta^2 + 0.02143theta omega + 0.03616omega^2 + -0.00204theta^3 + 0.00739theta^2 omega + -0.01364theta omega^2 + -0.01469omega^3,-0.10764*omega**3 - 0.003332*omega**2*theta + 0.006917*omega**2 + 6.0e-5*omega*theta**2 + 0.000749*omega*theta + 0.002791*omega - 0.e-6*theta**3 - 2.1e-5*theta**2 - 0.000283*theta - 0.001004
48920,2025-02-10 12:20:00,0.002546,0.016491,0.011799,nan,nan,nan,7.8217,5408,0,1.00000omega,0.278131 + -0.18128theta + 0.04949omega + 0.33775theta^2 + -0.04154theta omega + 0.02476omega^2 + -0.14742theta^3 + -0.01333theta^2 omega + -0.05231theta omega^2 + 0.06059omega^3,0.580095*omega**3 - 0.016694*omega**2*theta + 0.033941*omega**2 - 0.000142*omega*theta**2 - 0.000443*omega*theta + 0.002382*omega - 5.2e-5*theta**3 + 0.000399*theta**2 - 0.000932*theta + 0.00118
48921,2025-02-10 12:25:00,0.002613,0.016235,0.011628,0.113740,5.328709,3.768824,7.9738,7259,0,1.00000omega,-0.024531 + -0.08862theta + 0.01653omega + 0.03828theta^2 + -0.04380theta omega + -0.11480omega^2 + -0.09542theta^3 + 0.04292theta^2 omega + -0.03251theta omega^2 + -0.00322omega^3,-0.031558*omega**3 - 0.010621*omega**2*theta - 0.02551*omega**2 + 0.000467*omega*theta**2 - 0.004364*omega*theta + 0.010367*omega - 3.5e-5*theta**3 + 0.000417*theta**2 - 0.001764*theta + 0.002536
48922,2025-02-10 12:30:00,0.002863,0.015975,0.011476,nan,nan,nan,11.7284,4880,0,1.00000omega,0.229091 + -0.17912theta + 0.20649omega + -0.01391theta^2 + 0.02031theta omega + -0.00548omega^2 + -0.05053theta^3 + -0.00892theta^2 omega + -0.05712theta omega^2 + 0.02265omega^3,0.231997*omega**3 - 0.019502*omega**2*theta - 0.080918*omega**2 - 0.000102*omega*theta**2 - 0.000414*omega*theta + 0.006847*omega - 1.9e-5*theta**3 - 0.000238*theta**2 - 0.001184*theta - 0.001714
48923,2025-02-10 12:35:00,0.004018,0.033928,0.024158,0.064626,6.234341,4.408582,24.2949,8454,0,1.00000omega,0.143761 + -0.01723theta + 0.00838omega + 0.00866theta^2 + 0.02047theta omega + -0.04127omega^2 + -0.00069theta^3 + -0.00238theta^2 omega + -0.00451theta omega^2 + 0.02841omega^3,0.300261*omega**3 - 0.001589*omega**2*theta - 0.043078*omega**2 - 2.8e-5*omega*theta**2 - 0.000249*omega*theta + 0.001193*omega - 4.0e-6*theta**2 + 4.0e-6*theta + 0.000394
48924,2025-02-10 12:40:00,0.002536,0.020442,0.014566,0.073817,4.438613,3.139007,8.4823,7180,0,1.00000omega,-0.012981 + -0.01835theta + 0.01045omega + -0.01663theta^2 + 0.09125theta omega + 0.05441omega^2 + -0.00497theta^3 + 0.00183theta^2 omega + -0.06108theta omega^2 + -0.01969omega^3,-0.20013*omega**3 - 0.020694*omega**2*theta - 0.115053*omega**2 + 2.1e-5*omega*theta**2 + 0.002064*omega*theta + 0.01394*omega - 2.0e-6*theta**3 - 5.1e-5*theta**2 - 0.000455*theta - 0.001377
48925,2025-02-10 12:45:00,0.002793,0.024987,0.017779,0.070140,1.914694,1.354801,5.4815,4634,0,1.00000omega,-0.046931 + -0.53116theta + -0.13605omega + -0.02786theta^2 + 0.17819theta omega + 0.02291omega^2 + -0.09909theta^3 + 0.05200theta^2 omega + 0.03226theta omega^2 + -0.07590omega^3,-0.499912*omega**3 + 0.007083*omega**2*theta + 0.041551*omega**2 + 0.000381*omega*theta**2 + 0.006095*omega*theta + 0.014778*omega - 2.4e-5*theta**3 - 0.00033*theta**2 - 0.002089*theta - 0.004945
48926,2025-02-10 12:50:00,0.006210,0.041187,0.029453,0.061415,1.558150,1.102634,40.7488,9999,0,1.00000omega,0.082941 + 0.00211theta + -0.01352omega + 0.00488theta^2 + 0.01213theta omega + -0.00349omega^2 + -0.00095theta^3 + -0.00000theta^2 omega + 0.00349theta omega^2 + -0.00091omega^3,-0.006528*omega**3 + 0.000835*omega**2*theta - 0.02201*omega**2 + 0.000198*omega*theta - 0.005261*omega + 2.1e-5*theta**2 - 0.000575*theta + 0.005335
48927,2025-02-10 12:55:00,0.004838,0.035383,0.025252,0.079303,6.439667,4.553878,4.0250,8408,0,1.00000omega,-0.121421 + -0.03913theta + 0.03525omega + -0.00273theta^2 + 0.00239theta omega + -0.02794omega^2 + -0.00103theta^3 + -0.00376theta^2 omega + -0.00572theta omega^2 + -0.00131omega^3,-0.003086*omega**3 - 0.000449*omega**2*theta - 0.006693*omega**2 - 1.0e-5*omega*theta**2 + 7.2e-5*omega*theta + 0.001055*omega - 4.1e-5*theta - 0.000375
48928,2025-02-10 13:00:00,0.005325,0.044886,0.031962,0.046354,1.547130,1.094477,4.0556,7451,1,1.00000omega,0.231911 + -0.07744theta + -0.03868omega + 0.00390theta^2 + 0.00855theta omega + 0.11156omega^2 + -0.01707theta^3 + -0.00858theta^2 omega + -0.00396theta omega^2 + 0.00363omega^3,0.006816*omega**3 - 0.000248*omega**2*theta + 0.026382*omega**2 - 1.8e-5*omega*theta**2 - 0.000149*omega*theta - 0.00153*omega - 1.0e-6*theta**3 - 2.1e-5*theta**2 - 0.000208*theta + 0.000262
48929,2025-02-10 13:05:00,0.007394,0.046755,0.033471,0.109600,4.910128,3.472850,45.3368,9487,0,1.00000omega,-0.109431 + -0.06520theta + 0.03787omega + -0.00153theta^2 + -0.00054theta omega + -0.01053omega^2 + -0.00133theta^3 + 0.00047theta^2 omega + 0.00091theta omega^2 + -0.00798omega^3,-0.045987*omega**3 + 0.000175*omega**2*theta - 0.007708*omega**2 + 3.0e-6*omega*theta**2 - 0.000114*omega*theta + 0.002344*omega + 1.4e-5*theta**2 - 0.000313*theta + 0.002343
48930,2025-02-10 13:10:00,0.008111,0.041154,0.029660,0.095201,5.681487,4.017982,23.1412,9999,0,1.00000omega,-0.040041 + -0.03558theta + 0.00251omega + -0.01583theta^2 + 0.00651theta omega + 0.01489omega^2 + -0.00144theta^3 + 0.00086theta^2 omega + -0.00185theta omega^2 + -0.00223omega^3,-0.00604*omega**3 - 0.000167*omega**2*theta + 0.003296*omega**2 + 3.0e-6*omega*theta**2 + 0.000102*omega*theta + 0.000672*omega - 8.0e-6*theta**2 - 0.000136*theta - 0.00074
48931,2025-02-10 13:15:00,0.018805,0.095605,0.068899,0.049768,1.414685,1.000952,725.0806,9999,0,1.00000omega,0.010971 + -0.00409theta + -0.00726omega + -0.00032theta^2 + 0.00057theta omega + 0.00053omega^2 + -0.00001theta^3 + 0.00009theta^2 omega + -0.00017theta omega^2 + -0.00034omega^3,-0.004551*omega**3 - 7.6e-5*omega**2*theta - 0.001625*omega**2 + 1.0e-6*omega*theta**2 + 8.3e-5*omega*theta + 0.001*omega - 0.e-6*theta**2 - 2.7e-5*theta - 0.00035
48932,2025-02-10 13:20:00,0.003676,0.090821,0.064273,nan,nan,nan,-41103495168.0000,6829,0,1.00000omega,0.023541 + -1.64596theta + 0.09003omega + 1.00092theta^2 + -0.14654theta omega + -0.16946omega^2 + -0.05181theta^3 + -0.11818theta^2 omega + 0.25030theta omega^2 + 0.01660omega^3,0.095401*omega**3 + 0.047949*omega**2*theta + 0.171927*omega**2 - 0.000755*omega*theta**2 - 0.009884*omega*theta - 0.027851*omega - 1.1e-5*theta**3 + 0.000317*theta**2 + 0.002296*theta + 0.002005
48933,2025-02-10 13:25:00,0.003345,0.024765,0.017670,0.075928,6.481659,4.583540,13.9821,8536,0,1.00000omega,-0.016721 + -0.01460theta + 0.01269omega + -0.00524theta^2 + -0.00353theta omega + 0.00190omega^2 + -0.00080theta^3 + -0.00063theta^2 omega + -0.00002theta omega^2 + -0.00048omega^3,-0.004233*omega**3 - 6.0e-6*omega**2*theta + 0.001071*omega**2 - 6.0e-6*omega*theta**2 + 2.3e-5*omega*theta + 0.000567*omega + 2.0e-6*theta**2 - 1.1e-5*theta + 1.4e-5
48934,2025-02-10 13:30:00,0.003581,0.030300,0.021574,0.067947,2.783588,1.968880,7.1908,5335,0,1.00000omega,0.065231 + -0.03554theta + 0.02129omega + 0.01038theta^2 + 0.00477theta omega + 0.00315omega^2 + -0.00292theta^3 + -0.00464theta^2 omega + -0.00308theta omega^2 + -0.00096omega^3,-0.00533*omega**3 - 0.00057*omega**2*theta + 0.002492*omega**2 - 2.9e-5*omega*theta**2 + 0.000183*omega*theta + 0.00046*omega - 0.e-6*theta**3 + 9.0e-6*theta**2 - 6.6e-5*theta + 0.000272
48935,2025-02-10 13:35:00,0.009131,0.070976,0.050601,0.033700,3.867619,2.734924,318.3454,9999,0,1.00000omega,0.010761 + -0.00222theta + 0.01130omega + 0.00034theta^2 + 0.00006theta omega + 0.00082omega^2 + -0.00005theta^3 + 0.00005theta^2 omega + 0.00000theta omega^2 + -0.00010omega^3,-0.002388*omega**3 + 0.000732*omega**2 + 1.0e-6*omega*theta**2 - 7.0e-5*omega*theta + 0.001296*omega + 4.0e-6*theta**2 - 0.000117*theta + 0.001197
48936,2025-02-10 13:40:00,0.003930,0.030860,0.021997,0.222879,11.109996,7.857534,24.8696,9999,0,1.00000omega,0.091941 + -0.05301theta + 0.11332omega + -0.02563theta^2 + 0.01334theta omega + 0.03930omega^2 + -0.00049theta^3 + -0.00285theta^2 omega + 0.00185theta omega^2 + 0.00049omega^3,0.005139*omega**3 + 0.000647*omega**2*theta + 0.015108*omega**2 - 3.3e-5*omega*theta**2 + 0.001098*omega*theta - 0.004773*omega - 1.0e-5*theta**2 + 0.000274*theta - 0.001369
48937,2025-02-10 13:45:00,0.002958,0.019662,0.014060,0.091122,2.621827,1.855031,11.5309,8933,1,1.00000omega,0.026271 + 0.46800theta + 0.04901omega + -0.22916theta^2 + -0.35587theta omega + 0.02035omega^2 + -0.40819theta^3 + 0.19920theta^2 omega + -0.24458theta omega^2 + -0.22915omega^3,-2.520099*omega**3 - 0.08966*omega**2*theta + 0.003942*omega**2 + 0.002434*omega*theta**2 - 0.006727*omega*theta + 0.000984*omega - 0.000166*theta**3 - 0.000201*theta**2 + 0.000487*theta + 9.5e-5
48938,2025-02-10 13:50:00,0.003493,0.026883,0.019169,0.051597,1.497036,1.059193,13.2687,7030,0,1.00000omega,0.108841 + -0.09920theta + -0.14527omega + -0.00996theta^2 + 0.01949theta omega + 0.07030omega^2 + -0.01141theta^3 + 0.00579theta^2 omega + -0.00103theta omega^2 + -0.04264omega^3,-0.351357*omega**3 - 0.000283*omega**2*theta + 0.034077*omega**2 + 5.3e-5*omega*theta**2 + 0.001377*omega*theta + 0.003558*omega - 3.0e-6*theta**3 - 0.000108*theta**2 - 0.001223*theta - 0.004659
48939,2025-02-10 13:55:00,0.004533,0.031527,0.022522,nan,nan,nan,17.4867,8915,1,1.00000omega,-0.678701 + -0.03269theta + 0.13387omega + -0.00849theta^2 + 0.04015theta omega + 0.00744omega^2 + -0.00591theta^3 + 0.00280theta^2 omega + 0.00170theta omega^2 + 0.07713omega^3,0.494418*omega**3 + 0.000363*omega**2*theta - 0.002415*omega**2 + 2.0e-5*omega*theta**2 - 2.4e-5*omega*theta - 0.000328*omega - 1.0e-6*theta**3 + 6.3e-5*theta**2 - 0.000989*theta + 0.003696
48940,2025-02-10 14:00:00,0.022380,0.107512,0.077652,0.080746,12.330261,8.718998,456.4740,9999,0,1.00000omega,0.025831 + -0.00049theta + -0.03469omega + -0.00007theta^2 + 0.00099theta omega + 0.00381omega^2 + 0.00000theta^3 + 0.00002theta^2 omega + -0.00060theta omega^2 + -0.00032omega^3,-0.001919*omega**3 - 0.00012*omega**2*theta - 0.00335*omega**2 + 2.6e-5*omega*theta - 0.000298*omega - 3.0e-6*theta - 2.1e-5
48941,2025-02-10 14:05:00,0.006314,0.040889,0.029256,0.107055,7.553490,5.341660,52.2022,9999,0,1.00000omega,-0.007731 + 0.00113theta + 0.01400omega + -0.00020theta^2 + -0.00010theta omega + -0.00625omega^2 + 0.00006theta^3 + 0.00008theta^2 omega + 0.00005theta omega^2 + 0.00039omega^3,0.003367*omega**3 + 1.4e-5*omega**2*theta - 0.003016*omega**2 + 1.0e-6*omega*theta**2 + 3.4e-5*omega*theta + 0.000845*omega + 1.0e-6*theta**2 + 2.7e-5*theta + 0.000194
48942,2025-02-10 14:10:00,0.003482,0.019715,0.014156,0.061614,3.064866,2.167626,8.7047,9777,0,1.00000omega,0.153831 + -0.36478theta + -0.24409omega + 0.14751theta^2 + -0.00257theta omega + 0.02980omega^2 + -0.00428theta^3 + 0.00190theta^2 omega + 0.00004theta omega^2 + -0.01384omega^3,-0.085347*omega**3 + 8.0e-6*omega**2*theta + 0.013584*omega**2 + 1.3e-5*omega*theta**2 + 0.000192*omega*theta - 0.007456*omega - 0.e-6*theta**3 + 4.8e-5*theta**2 + 0.000683*theta + 0.00195
48943,2025-02-10 14:15:00,0.002234,0.016750,0.011949,nan,nan,nan,2.5352,5033,0,1.00000omega,-0.023641 + -0.22245theta + 0.18751omega + -0.49551theta^2 + -0.55145theta omega + 0.23324omega^2 + -1.36232theta^3 + 0.42890theta^2 omega + -0.44666theta omega^2 + 0.03524omega^3,0.26681*omega**3 - 0.112726*omega**2*theta + 0.380285*omega**2 + 0.003608*omega*theta**2 - 0.026078*omega*theta + 0.047461*omega - 0.000382*theta**3 + 0.002398*theta**2 - 0.0052*theta + 0.003876
48944,2025-02-10 14:20:00,0.003019,0.023749,0.016928,0.056534,4.811006,3.402130,21.9460,9999,0,1.00000omega,-0.009721 + 0.00410theta + -0.01282omega + 0.00143theta^2 + -0.00177theta omega + -0.01106omega^2 + 0.00007theta^3 + -0.00012theta^2 omega + -0.00011theta omega^2 + 0.00299omega^3,0.046901*omega**3 - 5.8e-5*omega**2*theta - 0.00748*omega**2 - 2.0e-6*omega*theta**2 - 5.0e-6*omega*theta - 0.000213*omega - 6.0e-6*theta + 7.0e-6
48945,2025-02-10 14:25:00,0.003009,0.023396,0.016679,0.086016,5.629757,3.981304,24.0638,9512,1,1.00000omega,0.025981 + -0.00276theta + -0.00339omega + -0.00562theta^2 + 0.00640theta omega + 0.00926omega^2 + -0.00171theta^3 + 0.00035theta^2 omega + 0.00757theta omega^2 + 0.00430omega^3,0.073948*omega**3 + 0.004339*omega**2*theta - 0.034848*omega**2 + 7.0e-6*omega*theta**2 + 3.2e-5*omega*theta - 0.001049*omega - 1.0e-6*theta**3 + 2.7e-5*theta**2 - 0.000216*theta + 0.000605
48946,2025-02-10 14:30:00,0.003128,0.024306,0.017328,0.119495,6.455003,4.565158,5.0794,9999,0,1.00000omega,0.157611 + -0.00796theta + 0.09822omega + -0.00289theta^2 + 0.01101theta omega + 0.01549omega^2 + -0.00205theta^3 + -0.00653theta^2 omega + -0.00748theta omega^2 + 0.00647omega^3,0.034629*omega**3 - 0.001335*omega**2*theta + 0.006086*omega**2 - 3.9e-5*omega*theta**2 + 0.000128*omega*theta + 0.003323*omega - 2.0e-6*theta**2 - 1.0e-5*theta + 0.000411
48947,2025-02-10 14:35:00,0.003893,0.026231,0.018751,0.102954,5.298293,3.747166,6.8840,9149,0,1.00000omega,0.020401 + -0.26084theta + -0.06160omega + 0.00386theta^2 + -0.02091theta omega + 0.02561omega^2 + -0.00550theta^3 + 0.00416theta^2 omega + 0.00460theta omega^2 + -0.00539omega^3,-0.02303*omega**3 + 0.000655*omega**2*theta + 0.017918*omega**2 + 2.0e-5*omega*theta**2 + 0.000235*omega*theta - 0.002233*omega - 0.e-6*theta**3 - 3.1e-5*theta**2 - 0.000663*theta - 0.005074
48948,2025-02-10 14:40:00,0.002811,0.019599,0.014000,0.083365,1.823864,1.291013,7.7879,5137,0,1.00000omega,0.047151 + -1.03547theta + 0.00407omega + -0.25319theta^2 + 0.07684theta omega + 0.06752omega^2 + -0.46024theta^3 + 0.25693theta^2 omega + -0.21691theta omega^2 + -0.09401omega^3,-0.744127*omega**3 - 0.057231*omega**2*theta + 0.192337*omega**2 + 0.00226*omega*theta**2 - 0.011134*omega*theta + 0.013659*omega - 0.000135*theta**3 + 0.000971*theta**2 - 0.003426*theta + 0.004995
48949,2025-02-10 14:45:00,0.003829,0.027008,0.019288,0.136041,3.707371,2.623271,4.4747,6911,0,1.00000omega,0.042201 + -0.17484theta + 0.04161omega + 0.05136theta^2 + 0.12995theta omega + -0.03344omega^2 + -0.14178theta^3 + 0.05578theta^2 omega + 0.03095theta omega^2 + -0.03026omega^3,-0.120212*omega**3 + 0.004098*omega**2*theta + 0.009733*omega**2 + 0.000246*omega*theta**2 + 0.004208*omega*theta + 0.016842*omega - 2.1e-5*theta**3 - 0.000314*theta**2 - 0.00176*theta - 0.0035
48950,2025-02-10 14:50:00,0.002742,0.019092,0.013638,0.061282,1.862314,1.317567,6.8937,8338,0,1.00000omega,0.218591 + -0.17096theta + -0.02296omega + -0.02604theta^2 + -0.45476theta omega + -0.38504omega^2 + -0.04058theta^3 + -0.01497theta^2 omega + -0.36213theta omega^2 + -0.01770omega^3,-0.133263*omega**3 - 0.090882*omega**2*theta + 0.200551*omega**2 - 0.000125*omega*theta**2 - 0.00651*omega*theta + 0.029763*omega - 1.1e-5*theta**3 + 0.000132*theta**2 - 0.000701*theta + 0.001954
48951,2025-02-10 14:55:00,0.003237,0.023606,0.016848,0.067325,2.388853,1.689845,14.8520,7936,0,1.00000omega,0.020871 + -0.02847theta + -0.04441omega + -0.00616theta^2 + 0.00888theta omega + -0.10603omega^2 + -0.00004theta^3 + -0.00643theta^2 omega + 0.00282theta omega^2 + -0.00747omega^3,-0.078888*omega**3 + 0.000993*omega**2*theta - 0.070711*omega**2 - 7.5e-5*omega*theta**2 + 0.001362*omega*theta - 0.007521*omega - 4.0e-6*theta**2 + 2.9e-5*theta + 4.4e-5
48952,2025-02-10 15:00:00,nan,nan,nan,nan,nan,nan,675.6836,1321,5,1.00000omega,nan1 + nantheta + nanomega + nantheta^2 + nantheta omega + nanomega^2 + nantheta^3 + nantheta^2 omega + nantheta omega^2 + nanomega^3,N/A
48953,2025-02-10 15:05:00,0.003023,0.078093,0.055261,nan,nan,nan,-179959168.0000,6084,0,1.00000omega,-0.025511 + -2.29519theta + 0.08246omega + 0.11810theta^2 + 0.01969theta omega + 0.02925omega^2 + 0.02212theta^3 + 0.12493theta^2 omega + 0.35602theta omega^2 + 0.06559omega^3,0.548181*omega**3 + 0.099183*omega**2*theta + 0.04821*omega**2 + 0.00116*omega*theta**2 + 0.001113*omega*theta + 0.00299*omega + 7.0e-6*theta**3 + 7.6e-5*theta**2 - 0.002502*theta - 0.000889
48954,2025-02-10 15:10:00,0.003670,0.037062,0.026335,0.056783,3.260106,2.305593,15.9132,8691,1,1.00000omega,0.056721 + -0.00923theta + -0.03039omega + -0.01050theta^2 + -0.01293theta omega + 0.00059omega^2 + -0.00095theta^3 + -0.00035theta^2 omega + 0.00025theta omega^2 + -0.00092omega^3,-0.007537*omega**3 + 6.8e-5*omega**2*theta - 0.000569*omega**2 - 3.0e-6*omega*theta**2 - 0.000143*omega*theta + 0.001355*omega + 5.0e-6*theta**2 + 4.0e-6*theta - 0.000143
48955,2025-02-10 15:15:00,0.003200,0.023610,0.016847,0.093674,4.077439,2.883945,4.2880,6146,0,1.00000omega,-0.200171 + -0.37970theta + -0.01937omega + 0.10227theta^2 + 0.01494theta omega + 0.00236omega^2 + 0.00099theta^3 + 0.01444theta^2 omega + -0.01649theta omega^2 + -0.01513omega^3,-0.074924*omega**3 - 0.002722*omega**2*theta + 0.006398*omega**2 + 7.9e-5*omega*theta**2 - 0.000115*omega*theta - 0.000733*omega + 4.5e-5*theta**2 - 0.000604*theta + 0.000479
48956,2025-02-10 15:20:00,0.004646,0.040767,0.029013,0.121994,9.248676,6.540370,52.1820,9999,0,1.00000omega,0.002641 + 0.00638theta + -0.01716omega + 0.00015theta^2 + 0.00111theta omega + 0.00327omega^2 + 0.00010theta^3 + 0.00029theta^2 omega + -0.00013theta omega^2 + 0.00040omega^3,0.006098*omega**3 - 6.6e-5*omega**2*theta + 0.003616*omega**2 + 5.0e-6*omega*theta**2 - 0.000165*omega*theta + 0.000774*omega - 3.0e-6*theta**2 + 6.7e-5*theta - 0.000504
48957,2025-02-10 15:25:00,0.003911,0.038176,0.027136,0.056842,5.697503,4.028944,110.0731,9999,0,1.00000omega,0.107811 + 0.00090theta + 0.03242omega + -0.00026theta^2 + -0.00008theta omega + 0.00414omega^2 + -0.00000theta^3 + -0.00002theta^2 omega + -0.00030theta omega^2 + 0.00018omega^3,0.007677*omega**3 - 0.000427*omega**2*theta + 0.015023*omega**2 - 0.e-6*omega*theta**2 + 4.2e-5*omega*theta + 0.000626*omega + 1.7e-5*theta - 0.000116
48958,2025-02-10 15:30:00,0.005458,0.040619,0.028980,0.054645,1.818514,1.286464,50.5310,9999,0,1.00000omega,0.002661 + 0.00321theta + -0.00604omega + 0.00117theta^2 + 0.00569theta omega + -0.01404omega^2 + 0.00030theta^3 + 0.00038theta^2 omega + 0.00223theta omega^2 + -0.00329omega^3,-0.036445*omega**3 + 0.000823*omega**2*theta - 0.022477*omega**2 + 5.0e-6*omega*theta**2 - 4.3e-5*omega*theta - 0.000812*omega - 5.0e-6*theta**2 + 8.3e-5*theta - 0.000427
48959,2025-02-10 15:35:00,0.018284,0.134404,0.095913,0.049767,3.886494,2.748391,342.7498,9999,0,1.00000omega,-0.028051 + -0.00820theta + -0.02319omega + 0.00110theta^2 + -0.00183theta omega + -0.01067omega^2 + -0.00012theta^3 + 0.00019theta^2 omega + 0.00026theta omega^2 + -0.00311omega^3,-0.020256*omega**3 + 5.6e-5*omega**2*theta - 0.006592*omega**2 + 1.0e-6*omega*theta**2 - 0.000107*omega*theta + 0.001176*omega + 3.0e-6*theta**2 - 0.000113*theta + 0.001348
48960,2025-02-10 15:40:00,0.003391,0.024822,0.017714,0.051604,2.496262,1.765501,2.7863,7996,0,1.00000omega,-0.007271 + -0.09484theta + -0.01346omega + -0.00947theta^2 + -0.00701theta omega + 0.00112omega^2 + -0.02459theta^3 + -0.00213theta^2 omega + 0.02720theta omega^2 + 0.01769omega^3,0.070916*omega**3 + 0.003635*omega**2*theta - 0.002486*omega**2 - 9.0e-6*omega*theta**2 - 7.0e-5*omega*theta - 0.000387*omega - 4.0e-6*theta**3 + 5.0e-6*theta**2 - 0.000106*theta + 6.1e-5
48961,2025-02-10 15:45:00,0.002303,0.012980,0.009322,0.087942,1.446786,1.024920,10.6513,4255,0,1.00000omega,-0.148091 + -0.37529theta + 0.12520omega + -0.08265theta^2 + 0.17861theta omega + -0.01764omega^2 + -1.56435theta^3 + -0.08387theta^2 omega + 0.01801theta omega^2 + 0.00932omega^3,0.135273*omega**3 + 0.008713*omega**2*theta - 0.023466*omega**2 - 0.001353*omega*theta**2 + 0.007617*omega*theta - 0.003381*omega - 0.000841*theta**3 + 0.003178*theta**2 - 0.004419*theta + 0.001978
48962,2025-02-10 15:50:00,0.005376,0.042597,0.030360,0.041037,0.870214,0.616018,102.0314,9999,0,1.00000omega,-0.138491 + -0.01180theta + 0.00106omega + -0.00344theta^2 + -0.00041theta omega + 0.00615omega^2 + -0.00011theta^3 + -0.00000theta^2 omega + 0.00034theta omega^2 + -0.00310omega^3,-0.068655*omega**3 + 0.000251*omega**2*theta + 0.011033*omega**2 - 1.2e-5*omega*theta - 0.000234*omega - 9.0e-6*theta**2 - 0.000306*theta - 0.003286
48963,2025-02-10 15:55:00,0.008037,0.056040,0.040032,0.037049,0.611676,0.433313,203.7749,9999,0,1.00000omega,0.082141 + 0.00081theta + -0.01610omega + -0.00009theta^2 + 0.00183theta omega + 0.00339omega^2 + -0.00000theta^3 + 0.00001theta^2 omega + 0.00003theta omega^2 + -0.00038omega^3,-0.007631*omega**3 + 2.0e-5*omega**2*theta + 0.003254*omega**2 + 6.1e-5*omega*theta + 0.000785*omega - 3.0e-6*theta + 8.6e-5
48964,2025-02-10 16:00:00,0.004188,0.024003,0.017229,0.097398,4.831662,3.417195,4.6321,9999,0,1.00000omega,0.194251 + -0.18369theta + 0.04154omega + 0.00345theta^2 + -0.00757theta omega + 0.25176omega^2 + -0.00325theta^3 + 0.00800theta^2 omega + -0.03830theta omega^2 + -0.01607omega^3,-0.049401*omega**3 - 0.003925*omega**2*theta + 0.020187*omega**2 + 2.7e-5*omega*theta**2 + 0.00076*omega*theta + 0.006614*omega - 1.6e-5*theta**2 - 0.000429*theta - 0.003525
48965,2025-02-10 16:05:00,0.003137,0.027602,0.019643,0.121106,5.213770,3.687687,3.3058,5932,0,1.00000omega,-0.060861 + -0.15075theta + -0.06340omega + 0.03762theta^2 + 0.05977theta omega + -0.24845omega^2 + -0.00862theta^3 + -0.03486theta^2 omega + 0.03783theta omega^2 + -0.03354omega^3,-0.149405*omega**3 + 0.005617*omega**2*theta - 0.123662*omega**2 - 0.000173*omega*theta**2 + 0.002483*omega*theta - 0.010194*omega - 1.0e-6*theta**3 + 3.7e-5*theta**2 - 0.000433*theta + 0.00123
48966,2025-02-10 16:10:00,0.003397,0.028554,0.020333,0.088129,4.185272,2.960091,9.0903,6532,0,1.00000omega,0.072281 + -0.03518theta + -0.00680omega + 0.00684theta^2 + 0.02477theta omega + -0.02969omega^2 + -0.00837theta^3 + -0.00450theta^2 omega + 0.00353theta omega^2 + -0.02540omega^3,-0.173403*omega**3 + 0.000803*omega**2*theta - 0.01932*omega**2 - 3.4e-5*omega*theta**2 + 0.000832*omega*theta - 0.004162*omega - 2.0e-6*theta**3 + 4.4e-5*theta**2 - 0.000347*theta + 0.001129
48967,2025-02-10 16:15:00,0.004137,0.027396,0.019591,0.067754,5.786610,4.092032,17.8428,8636,0,1.00000omega,0.014641 + -0.01367theta + -0.01254omega + -0.00206theta^2 + -0.00319theta omega + 0.01870omega^2 + -0.00104theta^3 + -0.00287theta^2 omega + -0.00599theta omega^2 + 0.01851omega^3,0.144318*omega**3 - 0.001557*omega**2*theta + 0.026105*omega**2 - 2.5e-5*omega*theta**2 + 0.000475*omega*theta - 0.002658*omega + 8.0e-6*theta**2 - 9.2e-5*theta + 0.000424
48968,2025-02-10 16:20:00,0.005327,0.031083,0.022300,0.071266,1.782760,1.261609,25.1980,8758,0,1.00000omega,-0.010171 + -0.00395theta + -0.00335omega + 0.01192theta^2 + 0.00119theta omega + -0.01267omega^2 + -0.00017theta^3 + 0.00315theta^2 omega + 0.00107theta omega^2 + -0.00267omega^3,-0.017184*omega**3 + 0.00023*omega**2*theta - 0.007947*omega**2 + 2.3e-5*omega*theta**2 - 0.00039*omega*theta + 0.001569*omega + 7.0e-6*theta**2 - 0.000125*theta + 0.000548
48969,2025-02-10 16:25:00,0.004838,0.028724,0.020597,0.067132,3.665353,2.592230,24.7682,9999,0,1.00000omega,-0.007831 + 0.01060theta + 0.00549omega + 0.00015theta^2 + 0.00090theta omega + 0.00139omega^2 + 0.00014theta^3 + 0.00009theta^2 omega + 0.00037theta omega^2 + -0.00093omega^3,-0.007057*omega**3 + 9.4e-5*omega**2*theta - 0.001255*omega**2 + 1.0e-6*omega*theta**2 - 1.7e-5*omega*theta + 0.000199*omega - 2.0e-6*theta**2 + 6.0e-5*theta - 0.000585
48970,2025-02-10 16:30:00,0.004377,0.026241,0.018812,0.060771,4.663354,3.297769,5.2663,7688,0,1.00000omega,-0.116421 + -0.05594theta + -0.06145omega + -0.08098theta^2 + -0.21364theta omega + 0.50834omega^2 + -0.02469theta^3 + -0.02421theta^2 omega + 0.08117theta omega^2 + -0.06114omega^3,-0.184718*omega**3 + 0.008174*omega**2*theta + 0.184899*omega**2 - 8.1e-5*omega*theta**2 - 0.002729*omega*theta - 0.009243*omega - 3.0e-6*theta**3 - 5.2e-5*theta**2 - 0.000296*theta - 0.000891
48971,2025-02-10 16:35:00,0.008171,0.038889,0.028099,0.048395,3.478754,2.460088,46.8257,9999,0,1.00000omega,0.255291 + -0.03968theta + -0.00293omega + 0.00188theta^2 + -0.00088theta omega + -0.00210omega^2 + -0.00032theta^3 + -0.00103theta^2 omega + -0.00408theta omega^2 + -0.00152omega^3,-0.007536*omega**3 - 0.000674*omega**2*theta + 0.006427*omega**2 - 6.0e-6*omega*theta**2 + 0.000111*omega*theta - 0.00063*omega + 3.0e-6*theta**2 - 8.3e-5*theta + 0.001347
48972,2025-02-10 16:40:00,0.003977,0.030801,0.021961,0.047860,1.313665,0.929517,5.7437,9457,0,1.00000omega,-0.055241 + 0.02585theta + -0.07014omega + -0.03523theta^2 + -0.01976theta omega + 0.04272omega^2 + -0.08082theta^3 + -0.02067theta^2 omega + 0.06969theta omega^2 + -0.02130omega^3,-0.080948*omega**3 + 0.008828*omega**2*theta + 0.029278*omega**2 - 8.7e-5*omega*theta**2 - 0.000513*omega*theta - 0.002934*omega - 1.1e-5*theta**3 - 6.8e-5*theta**2 - 0.000102*theta - 0.000208
48973,2025-02-10 16:45:00,0.004789,0.030152,0.021588,0.080333,7.347845,5.196022,18.2090,9999,0,1.00000omega,-0.031051 + -0.00807theta + -0.01374omega + 0.01258theta^2 + -0.00845theta omega + 0.00329omega^2 + -0.00223theta^3 + 0.00025theta^2 omega + -0.01638theta omega^2 + 0.00733omega^3,0.044022*omega**3 - 0.003279*omega**2*theta + 0.048237*omega**2 + 2.0e-6*omega*theta**2 - 0.000174*omega*theta + 0.001679*omega + 2.7e-5*theta**2 - 0.00049*theta + 0.002762
48974,2025-02-10 16:50:00,0.004667,0.038169,0.027191,0.059095,4.478745,3.167226,32.8270,9999,0,1.00000omega,0.045221 + -0.00251theta + 0.02796omega + 0.00056theta^2 + -0.00030theta omega + 0.00051omega^2 + -0.00008theta^3 + 0.00003theta^2 omega + 0.00008theta omega^2 + -0.00029omega^3,-0.002893*omega**3 + 2.7e-5*omega**2*theta - 0.000167*omega**2 - 1.7e-5*omega*theta + 0.001132*omega + 2.0e-6*theta**2 - 4.2e-5*theta + 0.000398
48975,2025-02-10 16:55:00,0.010311,0.049328,0.035634,0.035462,1.385335,0.979901,217.8816,9999,0,1.00000omega,-0.025251 + -0.00252theta + -0.01678omega + 0.00011theta^2 + -0.00115theta omega + -0.00183omega^2 + 0.00000theta^3 + 0.00006theta^2 omega + -0.00059theta omega^2 + -0.00017omega^3,-0.002315*omega**3 - 0.000268*omega**2*theta + 0.007892*omega**2 + 1.0e-6*omega*theta**2 - 8.8e-5*omega*theta + 0.001374*omega - 8.0e-6*theta + 0.000149
48976,2025-02-10 17:00:00,0.002307,0.017954,0.012800,0.236675,18.862231,13.338661,4.1064,6858,0,1.00000omega,-0.027341 + -1.26851theta + 0.12272omega + -0.96172theta^2 + 0.08259theta omega + -0.02996omega^2 + -0.00062theta^3 + 0.15271theta^2 omega + -0.64343theta omega^2 + -0.21753omega^3,-1.837861*omega**3 - 0.181206*omega**2*theta - 0.03278*omega**2 + 0.001434*omega*theta**2 + 0.001728*omega*theta + 0.004239*omega - 0.000567*theta**2 - 0.001515*theta - 0.000193
48977,2025-02-10 17:05:00,0.005843,0.034004,0.024397,0.049584,3.157109,2.232689,50.2165,9999,0,1.00000omega,-0.008691 + -0.00820theta + -0.03307omega + 0.00068theta^2 + 0.00318theta omega + 0.00525omega^2 + -0.00010theta^3 + -0.00022theta^2 omega + -0.00222theta omega^2 + -0.00180omega^3,-0.017961*omega**3 - 0.000738*omega**2*theta - 0.011374*omega**2 - 2.0e-6*omega*theta**2 - 3.4e-5*omega*theta - 0.000838*omega - 2.0e-6*theta**2 - 3.4e-5*theta - 0.000303
48978,2025-02-10 17:10:00,0.004232,0.033765,0.024062,0.079104,5.814519,4.111866,18.6946,9629,0,1.00000omega,-0.154231 + -0.00795theta + 0.05139omega + 0.00038theta^2 + 0.00941theta omega + 0.01765omega^2 + -0.00254theta^3 + 0.00510theta^2 omega + -0.00598theta omega^2 + -0.03103omega^3,-0.233885*omega**3 - 0.001502*omega**2*theta - 0.004844*omega**2 + 4.3e-5*omega*theta**2 + 0.000936*omega*theta + 0.006692*omega - 0.e-6*theta**3 - 1.9e-5*theta**2 - 0.000182*theta - 0.000941
48979,2025-02-10 17:15:00,0.004729,0.032541,0.023252,0.054346,2.924757,2.068472,10.6472,9813,0,1.00000omega,-0.047141 + -0.16459theta + -0.01900omega + -0.01590theta^2 + -0.00622theta omega + -0.08331omega^2 + -0.00496theta^3 + 0.00107theta^2 omega + -0.00025theta omega^2 + -0.04650omega^3,-0.187633*omega**3 - 3.4e-5*omega**2*theta - 0.030092*omega**2 + 5.0e-6*omega*theta**2 - 0.000208*omega*theta + 0.001316*omega - 0.e-6*theta**3 + 2.4e-5*theta**2 - 0.000424*theta + 0.003067
48980,2025-02-10 17:20:00,0.003757,0.025883,0.018494,0.067061,4.635015,3.277794,7.2972,8351,0,1.00000omega,0.298321 + -0.17636theta + -0.27727omega + 0.02181theta^2 + 0.00582theta omega + 0.04858omega^2 + -0.00511theta^3 + 0.00099theta^2 omega + 0.00293theta omega^2 + -0.00491omega^3,-0.023677*omega**3 + 0.000471*omega**2*theta + 0.025147*omega**2 + 5.0e-6*omega*theta**2 + 0.000206*omega*theta - 0.007537*omega - 0.e-6*theta**3 - 2.3e-5*theta**2 - 0.000359*theta - 0.001717
48981,2025-02-10 17:25:00,0.012956,0.073492,0.052768,0.040864,3.407945,2.409954,188.9785,9999,0,1.00000omega,-0.003041 + -0.00558theta + -0.00847omega + 0.00026theta^2 + -0.00680theta omega + -0.00297omega^2 + -0.00001theta^3 + 0.00016theta^2 omega + -0.00455theta omega^2 + -0.00072omega^3,-0.005346*omega**3 - 0.001126*omega**2*theta + 0.029277*omega**2 + 1.0e-6*omega*theta**2 - 0.000185*omega*theta + 0.003782*omega - 2.0e-5*theta + 0.000326
48982,2025-02-10 17:30:00,0.002889,0.019690,0.014072,0.135103,3.276552,2.318841,6.6038,5314,0,1.00000omega,-0.144271 + -1.19136theta + 0.04290omega + 0.44042theta^2 + 0.07075theta omega + -0.06843omega^2 + -0.11728theta^3 + 0.13184theta^2 omega + 0.02179theta omega^2 + -0.02363omega^3,-0.160186*omega**3 + 0.004924*omega**2*theta - 0.043525*omega**2 + 0.000993*omega*theta**2 - 0.003314*omega*theta + 0.003879*omega - 2.9e-5*theta**3 + 0.00043*theta**2 - 0.002803*theta + 0.004107
48983,2025-02-10 17:35:00,0.004532,0.030715,0.021954,nan,nan,nan,11.0462,9639,0,1.00000omega,0.054041 + -0.04941theta + 0.20078omega + 0.00151theta^2 + -0.00979theta omega + 0.01099omega^2 + -0.00133theta^3 + 0.00010theta^2 omega + -0.00094theta omega^2 + 0.04478omega^3,0.197067*omega**3 - 0.000138*omega**2*theta + 0.004973*omega**2 - 0.00013*omega*theta + 0.0074*omega + 4.0e-6*theta**2 - 8.2e-5*theta + 0.000517
48984,2025-02-10 17:40:00,0.004282,0.032549,0.023214,0.150479,4.039344,2.858229,4.3679,9999,0,1.00000omega,-0.045131 + -0.02139theta + 0.01572omega + -0.01972theta^2 + -0.00523theta omega + -0.02247omega^2 + -0.04033theta^3 + -0.00581theta^2 omega + 0.01532theta omega^2 + 0.02901omega^3,0.07866*omega**3 + 0.001385*omega**2*theta - 0.008838*omega**2 - 1.8e-5*omega*theta**2 + 0.000563*omega - 4.0e-6*theta**3 + 1.2e-5*theta**2 - 3.1e-5*theta - 0.000132
48985,2025-02-10 17:45:00,0.003692,0.028798,0.020530,0.106938,5.185025,3.667146,1.5466,9203,0,1.00000omega,-0.069761 + 0.01477theta + 0.03017omega + -0.00289theta^2 + -0.12856theta omega + 0.09532omega^2 + -0.08559theta^3 + -0.01742theta^2 omega + -0.00976theta omega^2 + 0.06353omega^3,0.182366*omega**3 - 0.000934*omega**2*theta + 0.032582*omega**2 - 5.6e-5*omega*theta**2 - 0.000957*omega*theta + 0.00479*omega - 9.0e-6*theta**3 + 9.0e-5*theta**2 - 0.000277*theta + 1.6e-5
48986,2025-02-10 17:50:00,0.003785,0.020865,0.014995,0.083686,3.962782,2.802735,10.1540,7349,0,1.00000omega,0.063781 + -0.12173theta + 0.00526omega + 0.05414theta^2 + 0.00787theta omega + -0.00093omega^2 + -0.00751theta^3 + -0.00942theta^2 omega + -0.01213theta omega^2 + 0.01145omega^3,0.068783*omega**3 - 0.002429*omega**2*theta - 0.022066*omega**2 - 6.3e-5*omega*theta**2 - 0.001003*omega*theta - 0.003774*omega - 2.0e-6*theta**3 - 1.8e-5*theta**2 - 5.4e-5*theta - 9.2e-5
48987,2025-02-10 17:55:00,0.006969,0.038161,0.027430,0.048900,4.786624,3.384831,135.7814,9999,0,1.00000omega,0.011541 + -0.00362theta + 0.00348omega + 0.00022theta^2 + -0.00042theta omega + 0.00127omega^2 + -0.00009theta^3 + -0.00000theta^2 omega + 0.00007theta omega^2 + 0.00016omega^3,0.002922*omega**3 + 4.3e-5*omega**2*theta + 0.000149*omega**2 - 1.1e-5*omega*theta + 0.000332*omega + 4.0e-6*theta**2 - 8.3e-5*theta + 0.00064
48988,2025-02-10 18:00:00,0.006198,0.046230,0.032982,0.067037,6.872188,4.859602,79.4887,9999,0,1.00000omega,0.000171 + -0.00079theta + -0.00376omega + 0.00057theta^2 + 0.00122theta omega + -0.00173omega^2 + -0.00020theta^3 + 0.00010theta^2 omega + 0.00014theta omega^2 + -0.00040omega^3,-0.005401*omega**3 + 6.3e-5*omega**2*theta - 0.002939*omega**2 + 2.0e-6*omega*theta**2 - 5.7e-5*omega*theta + 0.0003*omega + 9.0e-6*theta**2 - 0.000264*theta + 0.002613
48989,2025-02-10 18:05:00,0.002340,0.015994,0.011430,0.377462,8.038239,5.690157,4.6939,7792,0,1.00000omega,-0.028001 + 0.00461theta + 0.06574omega + -0.09525theta^2 + -0.01884theta omega + -0.15131omega^2 + -0.03337theta^3 + 0.01452theta^2 omega + -0.04362theta omega^2 + 0.00226omega^3,0.019212*omega**3 - 0.01236*omega**2*theta - 0.107611*omega**2 + 0.000137*omega*theta**2 + 0.000266*omega*theta + 0.002117*omega - 1.1e-5*theta**3 - 0.000125*theta**2 - 0.000393*theta - 0.000428
48990,2025-02-10 18:10:00,0.002619,0.022938,0.016325,0.072928,2.115642,1.496874,3.5251,5912,0,1.00000omega,0.159501 + -1.07019theta + -0.09015omega + -0.38882theta^2 + 0.22872theta omega + 0.19603omega^2 + -0.08233theta^3 + 0.10051theta^2 omega + -0.11471theta omega^2 + -0.05584omega^3,-0.339504*omega**3 - 0.023248*omega**2*theta + 0.029316*omega**2 + 0.000679*omega*theta**2 + 0.006875*omega*theta + 0.010059*omega - 1.9e-5*theta**3 - 0.000335*theta**2 - 0.002533*theta - 0.004173
48991,2025-02-10 18:15:00,0.003473,0.026564,0.018943,0.061155,3.008309,2.127635,13.9641,9999,0,1.00000omega,-0.010651 + -0.09111theta + -0.03706omega + 0.04029theta^2 + -0.00478theta omega + -0.02297omega^2 + -0.00901theta^3 + 0.00522theta^2 omega + 0.01659theta omega^2 + -0.00270omega^3,-0.022908*omega**3 + 0.004692*omega**2*theta + 0.020794*omega**2 + 4.9e-5*omega*theta**2 + 0.000608*omega*theta + 0.000604*omega - 3.0e-6*theta**3 - 3.6e-5*theta**2 - 0.000187*theta - 0.000542
48992,2025-02-10 18:20:00,0.003951,0.023431,0.016802,0.084289,3.506748,2.480362,17.1568,8802,0,1.00000omega,0.100111 + -0.01524theta + -0.05473omega + -0.00734theta^2 + -0.01563theta omega + 0.08349omega^2 + -0.01946theta^3 + -0.04451theta^2 omega + 0.00693theta omega^2 + -0.00724omega^3,-0.057713*omega**3 + 0.001841*omega**2*theta + 0.026709*omega**2 - 0.000394*omega*theta**2 + 0.006723*omega*theta - 0.030438*omega - 6.0e-6*theta**3 + 0.000149*theta**2 - 0.001298*theta + 0.004041
48993,2025-02-10 18:25:00,0.006633,0.044247,0.031637,0.076692,4.866573,3.441614,32.1974,9999,0,1.00000omega,0.029361 + -0.00362theta + 0.02900omega + 0.00000theta^2 + -0.00142theta omega + 0.00183omega^2 + -0.00007theta^3 + -0.00091theta^2 omega + -0.00165theta omega^2 + -0.00387omega^3,-0.019707*omega**3 - 0.00028*omega**2*theta + 0.003763*omega**2 - 5.0e-6*omega*theta**2 + 9.1e-5*omega*theta + 0.000582*omega - 9.0e-6*theta + 0.000139
48994,2025-02-10 18:30:00,0.013758,0.053944,0.039365,0.028396,1.353278,0.957122,427.3781,9999,0,1.00000omega,-0.024051 + -0.00877theta + -0.01332omega + -0.00017theta^2 + -0.00267theta omega + -0.00112omega^2 + -0.00001theta^3 + -0.00007theta^2 omega + -0.00048theta omega^2 + 0.00012omega^3,0.001799*omega**3 - 0.00024*omega**2*theta + 0.006543*omega**2 - 1.0e-6*omega*theta**2 + 8.0e-6*omega*theta + 0.00039*omega - 1.7e-5*theta + 0.000294
48995,2025-02-10 18:35:00,0.009252,0.037511,0.027319,0.047975,1.967866,1.391905,402.6953,9999,0,1.00000omega,-0.002011 + -0.00169theta + 0.00134omega + -0.00014theta^2 + -0.00005theta omega + -0.00142omega^2 + -0.00020theta^3 + -0.00004theta^2 omega + 0.00001theta omega^2 + -0.00033omega^3,-0.010208*omega**3 + 1.0e-5*omega**2*theta - 0.00167*omega**2 - 1.0e-6*omega*theta**2 + 5.9e-5*omega*theta - 0.000593*omega + 1.5e-5*theta**2 - 0.000332*theta + 0.002455
48996,2025-02-10 18:40:00,0.007564,0.036510,0.026365,0.065553,2.463462,1.742547,80.4119,9999,0,1.00000omega,-0.016061 + 0.00340theta + -0.00904omega + -0.00034theta^2 + 0.00049theta omega + -0.00493omega^2 + 0.00002theta^3 + 0.00082theta^2 omega + -0.00016theta omega^2 + -0.00209omega^3,-0.019688*omega**3 - 5.0e-5*omega**2*theta - 0.002125*omega**2 + 9.0e-6*omega*theta**2 - 0.000209*omega*theta + 0.000964*omega + 1.3e-5*theta - 0.000128
48997,2025-02-10 18:45:00,0.003598,0.023598,0.016879,0.046675,2.790517,1.973469,12.5921,9531,0,1.00000omega,-0.025131 + -0.12780theta + -0.03511omega + -0.01922theta^2 + -0.00760theta omega + -0.09469omega^2 + -0.00002theta^3 + -0.00422theta^2 omega + 0.00111theta omega^2 + -0.03754omega^3,-0.281879*omega**3 + 0.000278*omega**2*theta - 0.051349*omega**2 - 3.5e-5*omega*theta**2 + 0.000881*omega*theta - 0.006569*omega - 1.0e-5*theta**2 + 0.00016*theta - 0.000196
48998,2025-02-10 18:50:00,0.003543,0.024328,0.017384,0.082684,3.108466,2.198795,15.7213,9999,0,1.00000omega,-0.023841 + -0.15568theta + -0.02022omega + 0.06030theta^2 + 0.02804theta omega + -0.01805omega^2 + 0.00023theta^3 + -0.00115theta^2 omega + -0.00693theta omega^2 + -0.00434omega^3,-0.037966*omega**3 - 0.002021*omega**2*theta - 0.030723*omega**2 - 1.1e-5*omega*theta**2 + 0.000273*omega*theta + 0.003361*omega + 3.9e-5*theta**2 + 0.000602*theta + 0.002137
48999,2025-02-10 18:55:00,nan,nan,nan,nan,nan,nan,54724.1953,5,5,1.00000omega,nan1 + nantheta + nanomega + nantheta^2 + nantheta omega + nanomega^2 + nantheta^3 + nantheta^2 omega + nantheta omega^2 + nanomega^3,N/A
49000,2025-02-10 19:00:00,0.003106,0.025168,0.017931,0.048228,1.667658,1.179706,16.6469,9999,0,1.00000omega,-0.021331 + 0.00116theta + -0.03953omega + 0.01229theta^2 + 0.00817theta omega + -0.07029omega^2 + -0.00003theta^3 + 0.00983theta^2 omega + 0.00028theta omega^2 + -0.01408omega^3,-0.161118*omega**3 + 0.000107*omega**2*theta - 0.044801*omega**2 + 0.000125*omega*theta**2 - 0.003085*omega*theta + 0.017664*omega + 9.0e-6*theta**2 - 0.000225*theta + 0.001401
49001,2025-02-10 19:05:00,0.003331,0.026065,0.018581,0.080569,6.467733,4.573733,26.2193,9999,0,1.00000omega,-0.259241 + 0.00495theta + -0.15037omega + 0.00028theta^2 + -0.00133theta omega + -0.01382omega^2 + 0.00022theta^3 + 0.00077theta^2 omega + -0.00223theta omega^2 + -0.00253omega^3,-0.038902*omega**3 - 0.001143*omega**2*theta + 0.007062*omega**2 + 1.3e-5*omega*theta**2 - 0.000422*omega*theta - 0.001646*omega - 5.0e-6*theta**2 + 8.2e-5*theta - 0.000844
49002,2025-02-10 19:10:00,nan,nan,nan,nan,nan,nan,212.2323,6496,5,1.00000omega,nan1 + nantheta + nanomega + nantheta^2 + nantheta omega + nanomega^2 + nantheta^3 + nantheta^2 omega + nantheta omega^2 + nanomega^3,N/A
49003,2025-02-10 19:15:00,0.011514,0.047274,0.034405,0.039690,3.128960,2.212687,243.5930,9999,0,1.00000omega,-0.021541 + 0.00093theta + -0.03553omega + 0.00294theta^2 + 0.00112theta omega + -0.00879omega^2 + -0.00008theta^3 + 0.00019theta^2 omega + 0.00019theta omega^2 + -0.00329omega^3,-0.040209*omega**3 + 7.7e-5*omega**2*theta - 0.007762*omega**2 + 3.0e-6*omega*theta**2 - 0.00012*omega*theta + 0.000147*omega + 5.0e-6*theta**2 - 0.000199*theta + 0.002322
49004,2025-02-10 19:20:00,0.005961,0.036664,0.026266,0.032304,1.730928,1.224164,223.7470,9999,0,1.00000omega,-0.006021 + 0.00158theta + 0.00693omega + -0.00082theta^2 + 0.00022theta omega + 0.00341omega^2 + -0.00002theta^3 + -0.00033theta^2 omega + -0.00018theta omega^2 + 0.00076omega^3,0.030801*omega**3 - 0.000243*omega**2*theta + 0.008073*omega**2 - 1.5e-5*omega*theta**2 + 0.000511*omega*theta - 0.004157*omega + 1.2e-5*theta - 0.000193
49005,2025-02-10 19:25:00,0.003735,0.032612,0.023211,0.030876,1.979679,1.400015,101.5839,9999,0,1.00000omega,-0.021521 + -0.00191theta + 0.00049omega + -0.00010theta^2 + -0.00040theta omega + 0.00322omega^2 + -0.00004theta^3 + -0.00000theta^2 omega + 0.00026theta omega^2 + 0.00137omega^3,0.060827*omega**3 + 0.000385*omega**2*theta - 0.00345*omega**2 - 1.6e-5*omega*theta + 0.000327*omega + 4.0e-6*theta**2 - 6.9e-5*theta + 0.000433
49006,2025-02-10 19:30:00,0.004009,0.027267,0.019488,nan,nan,nan,38.7866,8944,0,1.00000omega,0.050401 + 0.00429theta + -0.00164omega + -0.00000theta^2 + 0.00059theta omega + 0.00977omega^2 + 0.00005theta^3 + 0.00008theta^2 omega + 0.00127theta omega^2 + 0.00958omega^3,0.157601*omega**3 + 0.000696*omega**2*theta - 0.003622*omega**2 + 1.0e-6*omega*theta**2 - 3.1e-5*omega*theta + 7.4e-5*omega - 1.0e-6*theta**2 + 2.7e-5*theta - 0.000114
49007,2025-02-10 19:35:00,0.003863,0.025809,0.018453,nan,nan,nan,7.7289,9999,0,1.00000omega,0.006131 + -0.06874theta + -0.04452omega + -0.00020theta^2 + -0.00500theta omega + -0.02693omega^2 + 0.00825theta^3 + -0.00500theta^2 omega + 0.00544theta omega^2 + 0.00441omega^3,0.021426*omega**3 + 0.000881*omega**2*theta - 0.017355*omega**2 - 2.7e-5*omega*theta**2 + 0.000332*omega*theta - 0.002465*omega + 1.0e-6*theta**3 - 3.3e-5*theta**2 + 0.000169*theta - 2.4e-5
49008,2025-02-10 19:40:00,0.002914,0.021207,0.015136,0.135962,8.028012,5.677476,2.6786,7697,0,1.00000omega,-0.008131 + -0.17722theta + 0.09814omega + 0.00714theta^2 + -0.10881theta omega + 0.16586omega^2 + -0.03249theta^3 + -0.06202theta^2 omega + -0.00421theta omega^2 + 0.22895omega^3,1.129004*omega**3 - 0.000692*omega**2*theta + 0.066855*omega**2 - 0.00034*omega*theta**2 - 0.001853*omega*theta + 0.002336*omega - 6.0e-6*theta**3 - 7.0e-6*theta**2 - 0.000199*theta - 0.000133
49009,2025-02-10 19:45:00,0.002756,0.015721,0.011286,0.054589,1.290335,0.913221,7.5727,5311,0,1.00000omega,-0.268691 + -0.08429theta + -0.01196omega + 0.16337theta^2 + -0.24317theta omega + 0.04685omega^2 + -1.02027theta^3 + 0.54386theta^2 omega + 0.23221theta omega^2 + -0.54268omega^3,-4.707445*omega**3 + 0.067143*omega**2*theta + 0.222971*omega**2 + 0.005242*omega*theta**2 + 0.026523*omega*theta + 0.032245*omega - 0.000328*theta**3 - 0.002799*theta**2 - 0.008051*theta - 0.008362
49010,2025-02-10 19:50:00,0.003457,0.019916,0.014294,0.094494,3.129194,2.213683,4.7928,6854,0,1.00000omega,-0.073811 + -0.66290theta + 0.05385omega + 0.36626theta^2 + 0.04814theta omega + -0.05095omega^2 + -0.01527theta^3 + -0.00948theta^2 omega + 0.00075theta omega^2 + 0.00325omega^3,0.014431*omega**3 + 0.000111*omega**2*theta - 0.019607*omega**2 - 4.7e-5*omega*theta**2 + 0.000621*omega*theta + 0.001768*omega - 3.0e-6*theta**3 + 0.000157*theta**2 - 0.00075*theta - 0.000181
49011,2025-02-10 19:55:00,0.006985,0.037804,0.027184,0.039531,2.694054,1.905189,179.6579,9999,0,1.00000omega,0.020631 + 0.00105theta + -0.00119omega + 0.00002theta^2 + -0.00002theta omega + 0.00009omega^2 + -0.00001theta^3 + -0.00001theta^2 omega + -0.00016theta omega^2 + -0.00021omega^3,-0.005024*omega**3 - 0.000128*omega**2*theta + 0.003182*omega**2 + 1.2e-5*omega*theta - 0.000182*omega + 1.0e-6*theta**2 - 1.6e-5*theta + 0.000136
49012,2025-02-10 20:00:00,0.006885,0.047597,0.034006,0.077830,2.037820,1.442007,34.4183,9999,0,1.00000omega,-0.003791 + 0.00322theta + -0.00451omega + -0.00012theta^2 + 0.00147theta omega + -0.00776omega^2 + -0.00007theta^3 + -0.00017theta^2 omega + 0.00110theta omega^2 + -0.00479omega^3,-0.023928*omega**3 + 0.000183*omega**2*theta - 0.007304*omega**2 - 0.e-6*omega*theta**2 + 6.3e-5*omega*theta - 0.001083*omega + 1.0e-6*theta**2 - 1.4e-5*theta + 3.0e-5
49013,2025-02-10 20:05:00,0.005098,0.041184,0.029344,0.042106,2.111290,1.493204,99.3867,9999,0,1.00000omega,-0.026801 + 0.00427theta + 0.00262omega + 0.00002theta^2 + 0.00007theta omega + 0.00147omega^2 + 0.00001theta^3 + -0.00002theta^2 omega + 0.00015theta omega^2 + 0.00029omega^3,0.006975*omega**3 + 0.00012*omega**2*theta - 0.000991*omega**2 - 0.e-6*omega*theta**2 + 2.3e-5*omega*theta - 0.00015*omega + 1.4e-5*theta - 0.00018
49014,2025-02-10 20:10:00,0.006209,0.052591,0.037446,0.052586,5.406097,3.822869,135.8996,9999,0,1.00000omega,-0.009551 + 0.00273theta + -0.00169omega + 0.00064theta^2 + 0.00074theta omega + -0.00014omega^2 + 0.00000theta^3 + 0.00003theta^2 omega + 0.00009theta omega^2 + -0.00046omega^3,-0.010184*omega**3 + 6.6e-5*omega**2*theta - 0.001813*omega**2 + 1.0e-6*omega*theta**2 - 1.6e-5*omega*theta - 0.000117*omega + 1.0e-6*theta**2 - 2.8e-5*theta + 0.000307
49015,2025-02-10 20:15:00,0.011141,0.041467,0.030361,0.022853,0.497791,0.352362,357.0287,9999,0,1.00000omega,-0.028341 + -0.00387theta + -0.00175omega + -0.00159theta^2 + -0.00315theta omega + -0.00181omega^2 + -0.00000theta^3 + -0.00012theta^2 omega + -0.00018theta omega^2 + -0.00009omega^3,-0.001721*omega**3 - 0.000115*omega**2*theta + 0.001507*omega**2 - 3.0e-6*omega*theta**2 + 4.7e-5*omega*theta + 0.000411*omega - 1.0e-6*theta**2 + 6.8e-5*theta - 0.000863
49016,2025-02-10 20:20:00,0.002665,0.033099,0.023480,0.045588,2.187220,1.546934,14.4944,9999,0,1.00000omega,0.052801 + -0.00799theta + 0.01137omega + -0.00045theta^2 + -0.01385theta omega + -0.00349omega^2 + 0.00000theta^3 + -0.00071theta^2 omega + -0.00230theta omega^2 + -0.00057omega^3,-0.007498*omega**3 - 0.001008*omega**2*theta + 0.009934*omega**2 - 1.0e-5*omega*theta**2 - 5.4e-5*omega*theta + 0.002561*omega - 0.e-6*theta + 0.000148
49017,2025-02-10 20:25:00,0.003861,0.037295,0.026512,0.063256,9.309236,6.582776,18.6486,7146,0,1.00000omega,-0.053231 + -0.02312theta + 0.00344omega + -0.00388theta^2 + 0.00032theta omega + 0.00854omega^2 + -0.00058theta^3 + 0.00119theta^2 omega + 0.00322theta omega^2 + -0.00026omega^3,-0.002242*omega**3 + 0.000926*omega**2*theta + 0.007847*omega**2 + 1.1e-5*omega*theta**2 + 8.6e-5*omega*theta + 0.000277*omega - 4.0e-6*theta**2 - 4.9e-5*theta - 0.000238
49018,2025-02-10 20:30:00,0.006118,0.041365,0.029567,0.052234,3.412208,2.413078,9.9305,9999,0,1.00000omega,0.060641 + -0.03940theta + 0.06231omega + 0.02114theta^2 + -0.00300theta omega + 0.00126omega^2 + -0.00082theta^3 + 0.00110theta^2 omega + -0.00012theta omega^2 + 0.00304omega^3,0.007622*omega**3 - 1.0e-5*omega**2*theta + 0.000432*omega**2 + 3.0e-6*omega*theta**2 - 7.0e-5*omega*theta + 0.00241*omega + 8.0e-6*theta**2 - 0.000145*theta + 0.000857
49019,2025-02-10 20:35:00,0.013163,0.187815,0.133131,0.061288,4.326478,3.059589,38.2818,9999,0,1.00000omega,-0.262781 + -0.04947theta + -0.01011omega + -0.00831theta^2 + -0.01186theta omega + -0.01118omega^2 + -0.00215theta^3 + 0.00260theta^2 omega + -0.00160theta omega^2 + -0.00020omega^3,-0.000273*omega**3 - 7.3e-5*omega**2*theta - 0.001031*omega**2 + 4.0e-6*omega*theta**2 - 0.000231*omega*theta + 0.002596*omega + 4.0e-6*theta**2 - 9.5e-5*theta - 0.000328
49020,2025-02-10 20:40:00,0.003596,0.037437,0.026594,nan,nan,nan,0.7629,9999,0,1.00000omega,0.012831 + -0.01161theta + 0.09521omega + 0.07275theta^2 + -0.13722theta omega + 0.13320omega^2 + 0.00354theta^3 + 0.04977theta^2 omega + -0.04568theta omega^2 + -0.00329omega^3,-0.008549*omega**3 - 0.003956*omega**2*theta + 0.015097*omega**2 + 0.000144*omega*theta**2 + 0.000405*omega*theta + 0.000306*omega + 3.0e-5*theta**2 + 0.000315*theta + 0.00093
49021,2025-02-10 20:45:00,0.003030,0.020463,0.014628,0.095377,13.594104,9.612720,16.2869,9999,0,1.00000omega,-0.023621 + 0.00137theta + -0.02555omega + -0.00103theta^2 + 0.00078theta omega + -0.00060omega^2 + 0.00027theta^3 + -0.00095theta^2 omega + 0.00018theta omega^2 + 0.00129omega^3,0.018118*omega**3 + 8.4e-5*omega**2*theta - 0.001466*omega**2 - 1.5e-5*omega*theta**2 + 0.000389*omega*theta - 0.003399*omega - 6.0e-6*theta**2 + 8.7e-5*theta - 0.000456
49022,2025-02-10 20:50:00,0.006692,0.050772,0.036212,0.089579,4.202968,2.972622,33.9764,4451,5,1.00000omega,0.005631 + -0.01772theta + 0.02065omega + -0.00155theta^2 + -0.01109theta omega + 0.00771omega^2 + -0.00088theta^3 + -0.00161theta^2 omega + -0.00317theta omega^2 + 0.00289omega^3,0.014869*omega**3 - 0.000544*omega**2*theta + 0.010186*omega**2 - 9.0e-6*omega*theta**2 + 8.4e-5*omega*theta + 0.001135*omega + 6.0e-6*theta**2 - 8.5e-5*theta + 0.000507
49023,2025-02-10 20:55:00,0.002917,0.025509,0.018155,0.067253,2.980260,2.107899,10.6777,7404,0,1.00000omega,-0.012011 + -0.00498theta + -0.06513omega + 0.00279theta^2 + 0.00385theta omega + 0.01190omega^2 + -0.00081theta^3 + 0.00031theta^2 omega + 0.00059theta omega^2 + 0.00135omega^3,0.013371*omega**3 + 0.000195*omega**2*theta + 0.00568*omega**2 + 3.0e-6*omega*theta**2 + 3.3e-5*omega*theta - 0.002489*omega + 7.0e-6*theta**2 - 5.8e-5*theta + 0.000135
49024,2025-02-10 21:00:00,0.002356,0.018536,0.013212,0.068017,2.755134,1.948767,4.4007,6393,0,1.00000omega,-0.014831 + -0.16044theta + 0.01661omega + -0.05139theta^2 + -0.00736theta omega + -0.01510omega^2 + -0.00138theta^3 + -0.01331theta^2 omega + -0.01922theta omega^2 + -0.00709omega^3,-0.063347*omega**3 - 0.005724*omega**2*theta + 0.033847*omega**2 - 0.000132*omega*theta**2 + 0.001809*omega*theta - 0.005605*omega - 2.1e-5*theta**2 + 0.000206*theta - 0.000223
49025,2025-02-10 21:05:00,0.003227,0.024931,0.017776,0.075183,4.162014,2.943468,5.1658,9999,0,1.00000omega,0.052571 + -0.08475theta + 0.09324omega + 0.01301theta^2 + -0.03933theta omega + 0.00756omega^2 + -0.00080theta^3 + 0.00099theta^2 omega + -0.00574theta omega^2 + 0.01296omega^3,0.069577*omega**3 - 0.001027*omega**2*theta + 0.005771*omega**2 + 6.0e-6*omega*theta**2 - 0.000584*omega*theta + 0.004534*omega + 7.0e-6*theta**2 - 0.000128*theta + 0.000415
49026,2025-02-10 21:10:00,0.005934,0.052968,0.037689,0.058249,4.371707,3.091538,42.4920,9999,0,1.00000omega,0.028331 + -0.01429theta + -0.00709omega + -0.00386theta^2 + -0.00244theta omega + 0.01112omega^2 + -0.00057theta^3 + -0.00087theta^2 omega + -0.00025theta omega^2 + 0.00064omega^3,0.004967*omega**3 - 6.5e-5*omega**2*theta + 0.00698*omega**2 - 8.0e-6*omega*theta**2 + 0.000266*omega*theta - 0.002533*omega + 8.0e-6*theta**2 - 0.000133*theta + 0.000878
49027,2025-02-10 21:15:00,0.013506,0.075284,0.054084,0.126915,4.094525,2.896657,121.8066,9999,1,1.00000omega,0.050611 + -0.01697theta + 0.00565omega + 0.01671theta^2 + -0.00987theta omega + 0.00715omega^2 + -0.00571theta^3 + 0.00702theta^2 omega + 0.00204theta omega^2 + -0.00115omega^3,-0.005102*omega**3 + 0.000302*omega**2*theta + 0.008424*omega**2 + 3.5e-5*omega*theta**2 + 0.001175*omega*theta + 0.010051*omega - 0.e-6*theta**3 - 4.6e-5*theta**2 - 0.000746*theta - 0.003926
49028,2025-02-10 21:20:00,nan,nan,nan,nan,nan,nan,1002.1256,5939,5,1.00000omega,nan1 + nantheta + nanomega + nantheta^2 + nantheta omega + nanomega^2 + nantheta^3 + nantheta^2 omega + nantheta omega^2 + nanomega^3,N/A
49029,2025-02-10 21:25:00,0.002621,0.017685,0.012642,0.081526,8.360480,5.912033,4.0504,7291,0,1.00000omega,0.426981 + 0.01561theta + -0.14096omega + -0.02396theta^2 + 0.00046theta omega + -0.08141omega^2 + 0.00936theta^3 + -0.02146theta^2 omega + -0.09839theta omega^2 + -0.03247omega^3,-0.215319*omega**3 - 0.021748*omega**2*theta + 0.106852*omega**2 - 0.000158*omega*theta**2 + 0.002117*omega*theta - 0.011788*omega + 2.0e-6*theta**3 - 5.9e-5*theta**2 + 0.000491*theta - 0.000347
49030,2025-02-10 21:30:00,0.006420,0.032742,0.023593,0.039457,1.893382,1.339114,40.0422,9999,0,1.00000omega,-0.053751 + -0.05414theta + -0.02812omega + -0.00033theta^2 + -0.01295theta omega + -0.00878omega^2 + -0.00003theta^3 + 0.00016theta^2 omega + -0.00429theta omega^2 + -0.00812omega^3,-0.056554*omega**3 - 0.000996*omega**2*theta + 0.016431*omega**2 + 1.0e-6*omega*theta**2 - 0.000259*omega*theta + 0.00391*omega - 6.3e-5*theta + 0.001117
49031,2025-02-10 21:35:00,0.003710,0.020169,0.014501,0.056312,1.049200,0.742964,6.4347,9999,0,1.00000omega,-0.006571 + -0.09166theta + -0.07947omega + 0.04408theta^2 + -0.01453theta omega + 0.09661omega^2 + -0.07454theta^3 + -0.02818theta^2 omega + 0.04611theta omega^2 + -0.04615omega^3,-0.208858*omega**3 + 0.006956*omega**2*theta + 0.106487*omega**2 - 0.000142*omega*theta**2 - 0.002998*omega*theta - 0.018443*omega - 1.2e-5*theta**3 - 0.000353*theta**2 - 0.003409*theta - 0.011335
49032,2025-02-10 21:40:00,0.003728,0.025289,0.018075,0.047969,2.888255,2.042586,34.4457,9999,0,1.00000omega,-0.058531 + -0.01615theta + -0.00690omega + -0.00063theta^2 + -0.00045theta omega + -0.00738omega^2 + -0.00106theta^3 + -0.00022theta^2 omega + 0.00011theta omega^2 + -0.00355omega^3,-0.059418*omega**3 + 6.1e-5*omega**2*theta - 0.00646*omega**2 - 4.0e-6*omega*theta**2 + 0.000115*omega*theta - 0.001033*omega - 0.e-6*theta**3 + 3.0e-5*theta**2 - 0.000472*theta + 0.002485
49033,2025-02-10 21:45:00,0.002349,0.017355,0.012384,0.062633,2.689148,1.902030,4.4138,8454,0,1.00000omega,0.055821 + -0.09710theta + -0.10966omega + 0.04653theta^2 + 0.00859theta omega + 0.01128omega^2 + -0.00429theta^3 + -0.00018theta^2 omega + 0.00215theta omega^2 + -0.00630omega^3,-0.051542*omega**3 + 0.000586*omega**2*theta + 0.003456*omega**2 - 2.0e-6*omega*theta**2 + 0.000163*omega*theta - 0.004304*omega - 1.0e-6*theta**3 + 4.3e-5*theta**2 - 0.000399*theta + 0.001125
49034,2025-02-10 21:50:00,0.004392,0.026372,0.018904,0.042657,5.345522,3.779975,8.4998,9335,0,1.00000omega,-0.254041 + -0.04800theta + -0.00615omega + 0.00057theta^2 + 0.00191theta omega + -0.00991omega^2 + -0.00074theta^3 + -0.00091theta^2 omega + -0.00243theta omega^2 + -0.00907omega^3,-0.036872*omega**3 - 0.000329*omega**2*theta - 0.005572*omega**2 - 4.0e-6*omega*theta**2 - 2.5e-5*omega*theta - 0.000208*omega - 2.0e-6*theta**2 - 6.2e-5*theta - 0.001093
49035,2025-02-10 21:55:00,0.007618,0.062947,0.044835,0.070413,6.203464,4.386794,105.8469,9999,0,1.00000omega,-0.024091 + 0.00028theta + -0.00580omega + -0.00055theta^2 + -0.00232theta omega + 0.00124omega^2 + 0.00012theta^3 + 0.00018theta^2 omega + 0.00091theta omega^2 + -0.00279omega^3,-0.032711*omega**3 + 0.000356*omega**2*theta + 0.007358*omega**2 + 2.0e-6*omega*theta**2 + 3.8e-5*omega*theta - 0.000285*omega + 3.0e-6*theta**2 + 4.0e-5*theta + 0.000163
49036,2025-02-10 22:00:00,0.006030,0.036670,0.026278,0.033951,1.037323,0.733891,157.1742,9999,0,1.00000omega,-0.037321 + 0.00216theta + 0.01325omega + -0.00002theta^2 + -0.00077theta omega + 0.00274omega^2 + 0.00002theta^3 + 0.00002theta^2 omega + 0.00005theta omega^2 + -0.00023omega^3,-0.006362*omega**3 + 4.6e-5*omega**2*theta + 0.003763*omega**2 + 1.0e-6*omega*theta**2 + 6.0e-6*omega*theta + 0.000207*omega + 1.0e-6*theta**2 + 3.8e-5*theta + 0.000307
49037,2025-02-10 22:05:00,0.008899,0.041947,0.030321,0.112877,11.439227,8.089149,54.8046,9999,0,1.00000omega,0.024201 + 0.00296theta + -0.01175omega + -0.00043theta^2 + 0.00022theta omega + 0.00507omega^2 + 0.00001theta^3 + 0.00030theta^2 omega + -0.00053theta omega^2 + 0.00117omega^3,0.005605*omega**3 - 8.5e-5*omega**2*theta - 0.000161*omega**2 + 2.0e-6*omega*theta**2 + 8.5e-5*omega*theta + 0.000751*omega - 3.0e-6*theta + 5.5e-5
49038,2025-02-10 22:10:00,0.003278,0.025314,0.018049,0.098978,5.726848,4.050098,4.5123,9999,1,1.00000omega,-0.047711 + -0.02544theta + -0.06543omega + 0.14213theta^2 + -0.14102theta omega + 0.06993omega^2 + -0.01188theta^3 + -0.00640theta^2 omega + -0.09868theta omega^2 + -0.00656omega^3,-0.030332*omega**3 - 0.015209*omega**2*theta - 0.032099*omega**2 - 3.3e-5*omega*theta**2 - 0.002103*omega*theta - 0.009911*omega - 2.0e-6*theta**3 + 3.8e-5*theta**2 + 0.000364*theta + 0.000583
49039,2025-02-10 22:15:00,0.003537,0.024703,0.017646,0.038008,1.094820,0.774621,3.8456,8614,0,1.00000omega,-0.075661 + -0.04268theta + -0.01299omega + -0.10823theta^2 + 0.00575theta omega + 0.04920omega^2 + -0.00644theta^3 + 0.05558theta^2 omega + -0.00173theta omega^2 + -0.02678omega^3,-0.104794*omega**3 - 0.000226*omega**2*theta + 0.019386*omega**2 + 0.000242*omega*theta**2 - 0.003393*omega*theta + 0.011472*omega - 0.e-6*theta**3 - 2.3e-5*theta**2 + 0.000431*theta - 0.001779
49040,2025-02-10 22:20:00,0.004445,0.036200,0.025790,0.073576,5.469954,3.868191,-0.1265,6167,0,1.00000omega,-0.017921 + -0.02826theta + -0.02668omega + 0.07134theta^2 + 0.07030theta omega + 0.01214omega^2 + 0.00694theta^3 + -0.08496theta^2 omega + -0.06821theta omega^2 + 0.01768omega^3,0.037445*omega**3 - 0.004815*omega**2*theta - 0.036351*omega**2 - 0.0002*omega*theta**2 - 0.002664*omega*theta - 0.009277*omega + 1.0e-6*theta**3 + 3.4e-5*theta**2 + 0.000425*theta + 0.001392
49041,2025-02-10 22:25:00,0.004082,0.029593,0.021123,0.098616,11.805581,8.348098,20.8806,9999,0,1.00000omega,-0.018681 + 0.01464theta + 0.00348omega + 0.00088theta^2 + 0.00328theta omega + -0.00039omega^2 + 0.00011theta^3 + 0.00026theta^2 omega + 0.00024theta omega^2 + 0.00017omega^3,0.001525*omega**3 + 7.2e-5*omega**2*theta - 0.001143*omega**2 + 3.0e-6*omega*theta**2 - 7.0e-6*omega*theta - 0.000224*omega - 0.e-6*theta**2 + 2.1e-5*theta - 0.000238
49042,2025-02-10 22:30:00,nan,nan,nan,nan,nan,nan,250076.5938,5,5,1.00000omega,nan1 + nantheta + nanomega + nantheta^2 + nantheta omega + nanomega^2 + nantheta^3 + nantheta^2 omega + nantheta omega^2 + nanomega^3,N/A
49043,2025-02-10 22:35:00,0.004047,0.028261,0.020187,0.083682,4.721460,3.339101,5.9681,9999,0,1.00000omega,-0.041871 + -0.11331theta + 0.04382omega + -0.02411theta^2 + -0.01194theta omega + 0.02905omega^2 + -0.01817theta^3 + 0.00175theta^2 omega + 0.00855theta omega^2 + -0.01549omega^3,-0.05774*omega**3 + 0.001062*omega**2*theta + 0.009261*omega**2 + 7.0e-6*omega*theta**2 - 0.000154*omega*theta + 0.001596*omega - 3.0e-6*theta**3 - 3.0e-6*theta**2 - 0.000115*theta - 2.2e-5
49044,2025-02-10 22:40:00,0.006119,0.028607,0.020686,0.043287,4.972874,3.516486,28.5540,9999,0,1.00000omega,0.121551 + -0.02491theta + 0.02431omega + 0.00243theta^2 + -0.00539theta omega + 0.00522omega^2 + -0.00008theta^3 + 0.00076theta^2 omega + -0.00225theta omega^2 + -0.00211omega^3,-0.011787*omega**3 - 0.000419*omega**2*theta + 0.007843*omega**2 + 5.0e-6*omega*theta**2 - 0.000203*omega*theta + 0.002685*omega + 2.0e-6*theta**2 - 6.8e-5*theta + 0.000929
49045,2025-02-10 22:45:00,0.005247,0.030993,0.022227,0.032237,2.274374,1.608386,168.6188,9999,0,1.00000omega,0.019061 + -0.00197theta + -0.00380omega + -0.00015theta^2 + -0.00008theta omega + -0.00046omega^2 + -0.00001theta^3 + -0.00005theta^2 omega + 0.00003theta omega^2 + 0.00011omega^3,0.004349*omega**3 + 4.0e-5*omega**2*theta - 0.001539*omega**2 - 2.0e-6*omega*theta**2 + 0.000109*omega*theta - 0.001484*omega + 1.0e-6*theta**2 - 2.1e-5*theta + 0.000194
49046,2025-02-10 22:50:00,0.004608,0.031711,0.022658,0.148199,8.239268,5.826984,10.2019,9999,0,1.00000omega,0.002581 + -0.07132theta + -0.00961omega + 0.00114theta^2 + 0.00958theta omega + -0.02335omega^2 + -0.00276theta^3 + 0.00297theta^2 omega + 0.00281theta omega^2 + -0.00706omega^3,-0.03016*omega**3 + 0.0004*omega**2*theta - 0.014286*omega**2 + 1.4e-5*omega*theta**2 - 0.000265*omega*theta + 0.00067*omega + 1.8e-5*theta**2 - 0.000338*theta + 0.0023
49047,2025-02-10 22:55:00,0.003770,0.023655,0.016938,0.128178,6.929153,4.900490,6.1393,9999,1,1.00000omega,0.010631 + -0.48295theta + -0.02472omega + -0.27488theta^2 + -0.01429theta omega + 0.02607omega^2 + -0.02048theta^3 + 0.00081theta^2 omega + -0.00514theta omega^2 + -0.00022omega^3,-0.000991*omega**3 - 0.000772*omega**2*theta + 0.015339*omega**2 + 4.0e-6*omega*theta**2 - 0.00024*omega*theta + 0.000614*omega - 3.0e-6*theta**3 - 4.9e-5*theta**2 + 0.000597*theta - 0.000707
49048,2025-02-10 23:00:00,0.003119,0.019326,0.013842,0.056124,1.394761,0.987043,5.2730,4978,0,1.00000omega,0.052331 + -0.43568theta + -0.02767omega + 0.01952theta^2 + -0.07141theta omega + -0.02176omega^2 + -0.23010theta^3 + 0.06033theta^2 omega + 0.01498theta omega^2 + -0.00021omega^3,-0.001221*omega**3 + 0.002903*omega**2*theta - 0.01489*omega**2 + 0.00039*omega*theta**2 - 0.002474*omega*theta + 0.002298*omega - 5.0e-5*theta**3 + 0.000281*theta**2 - 0.001016*theta + 0.001353
49049,2025-02-10 23:05:00,0.003471,0.027497,0.019598,0.041493,0.671852,0.475977,0.8685,8042,0,1.00000omega,-0.033971 + -0.01686theta + 0.04797omega + -0.18574theta^2 + -0.00115theta omega + 0.21050omega^2 + -0.08138theta^3 + 0.00527theta^2 omega + 0.04209theta omega^2 + -0.06098omega^3,-0.183417*omega**3 + 0.00422*omega**2*theta + 0.045124*omega**2 + 1.8e-5*omega*theta**2 - 0.000192*omega*theta + 0.002119*omega - 9.0e-6*theta**3 + 7.3e-5*theta**2 - 6.0e-5*theta - 0.000521
49050,2025-02-10 23:10:00,0.004999,0.034532,0.024672,0.050114,1.491018,1.054904,11.7438,9999,0,1.00000omega,0.036071 + -0.08469theta + -0.02816omega + 0.01727theta^2 + -0.00344theta omega + 0.00378omega^2 + -0.00147theta^3 + 0.00236theta^2 omega + 0.00132theta omega^2 + -0.06065omega^3,-0.243151*omega**3 + 0.000176*omega**2*theta + 0.00423*omega**2 + 1.1e-5*omega*theta**2 + 0.000298*omega*theta + 0.001126*omega - 4.0e-6*theta**2 - 3.8e-5*theta - 0.0005
49051,2025-02-10 23:15:00,0.004242,0.028412,0.020313,0.055622,3.922648,2.774010,42.1694,9999,0,1.00000omega,0.010771 + -0.00345theta + 0.00765omega + -0.00055theta^2 + -0.00020theta omega + 0.00072omega^2 + -0.00001theta^3 + -0.00018theta^2 omega + -0.00007theta omega^2 + 0.00003omega^3,0.000463*omega**3 - 3.6e-5*omega**2*theta + 0.001098*omega**2 - 3.0e-6*omega*theta**2 + 9.5e-5*omega*theta - 0.000473*omega + 6.0e-6*theta - 1.2e-5
49052,2025-02-10 23:20:00,0.004215,0.025407,0.018211,0.038133,1.711089,1.210223,51.1746,9999,0,1.00000omega,0.014241 + 0.00878theta + -0.00698omega + 0.00030theta^2 + 0.00022theta omega + -0.00175omega^2 + 0.00000theta^3 + 0.00005theta^2 omega + -0.00009theta omega^2 + -0.00124omega^3,-0.023915*omega**3 - 5.8e-5*omega**2*theta - 1.1e-5*omega**2 + 1.0e-6*omega*theta**2 - 4.6e-5*omega*theta + 0.000246*omega - 3.0e-6*theta - 6.0e-5
49053,2025-02-10 23:25:00,0.002758,0.023277,0.016575,0.059414,1.514245,1.071557,5.2715,6867,0,1.00000omega,-0.018831 + -0.12530theta + -0.03755omega + 0.01519theta^2 + 0.18381theta omega + -0.16902omega^2 + -0.10791theta^3 + -0.07004theta^2 omega + 0.01276theta omega^2 + -0.01454omega^3,-0.096685*omega**3 + 0.002828*omega**2*theta - 0.09591*omega**2 - 0.000517*omega*theta**2 + 0.008862*omega*theta - 0.035176*omega - 2.7e-5*theta**3 + 0.000468*theta**2 - 0.002891*theta + 0.006145
49054,2025-02-10 23:30:00,0.003629,0.027405,0.019547,0.077355,3.390935,2.398377,4.6400,4870,0,1.00000omega,0.005221 + -0.13494theta + 0.00433omega + 0.02837theta^2 + 0.08155theta omega + 0.05222omega^2 + -0.07117theta^3 + -0.02150theta^2 omega + -0.05946theta omega^2 + 0.00976omega^3,0.038076*omega**3 - 0.007732*omega**2*theta - 0.010318*omega**2 - 9.3e-5*omega*theta**2 + 0.000278*omega*theta + 0.002515*omega - 1.0e-5*theta**3 - 0.000105*theta**2 - 0.000503*theta - 0.000939
49055,2025-02-10 23:35:00,0.005618,0.030608,0.022004,0.056988,5.429699,3.839588,52.8424,9999,0,1.00000omega,0.032921 + -0.00623theta + 0.01672omega + 0.00001theta^2 + -0.00083theta omega + 0.00291omega^2 + -0.00002theta^3 + -0.00004theta^2 omega + -0.00067theta omega^2 + 0.00061omega^3,0.006935*omega**3 - 0.000254*omega**2*theta + 0.005898*omega**2 - 0.e-6*omega*theta**2 - 0.e-6*omega*theta + 0.000701*omega - 1.4e-5*theta + 0.000209
49056,2025-02-10 23:40:00,0.004212,0.026720,0.019127,0.051469,1.521403,1.076410,17.3057,9999,2,1.00000omega,-0.018981 + -0.00189theta + -0.01563omega + -0.00075theta^2 + -0.00223theta omega + -0.02251omega^2 + -0.00008theta^3 + 0.00008theta^2 omega + -0.00151theta omega^2 + -0.00762omega^3,-0.055851*omega**3 - 0.000369*omega**2*theta - 0.003825*omega**2 + 1.0e-6*omega*theta**2 - 6.3e-5*omega*theta + 0.000461*omega + 1.0e-6*theta**2 - 1.1e-5*theta + 6.0e-6
49057,2025-02-10 23:45:00,0.002934,0.021511,0.015352,0.178693,6.243584,4.416689,2.3549,5871,0,1.00000omega,-0.155241 + 0.14370theta + 0.05891omega + -0.17046theta^2 + -0.01750theta omega + -0.16053omega^2 + -0.25770theta^3 + 0.11466theta^2 omega + 0.04387theta omega^2 + -0.01681omega^3,-0.078306*omega**3 + 0.006812*omega**2*theta - 0.097076*omega**2 + 0.000593*omega*theta**2 - 0.006123*omega*theta + 0.017732*omega - 4.4e-5*theta**3 + 0.000588*theta**2 - 0.002387*theta + 0.002371
49058,2025-02-10 23:50:00,0.002943,0.026445,0.018815,0.158824,4.109416,2.907965,0.6133,4075,0,1.00000omega,0.000151 + -0.34151theta + -0.00022omega + 0.16675theta^2 + 0.04163theta omega + 0.07677omega^2 + -0.87774theta^3 + 0.55736theta^2 omega + -0.02595theta omega^2 + -0.18576omega^3,-0.555294*omega**3 - 0.002586*omega**2*theta + 0.031502*omega**2 + 0.001851*omega*theta**2 - 0.009969*omega*theta + 0.013389*omega - 9.7e-5*theta**3 + 0.000878*theta**2 - 0.003012*theta + 0.003688
49059,2025-02-10 23:55:00,0.003300,0.022386,0.016000,0.078445,3.478291,2.460149,3.3364,7609,0,1.00000omega,0.028881 + -0.16477theta + 0.01248omega + 0.14845theta^2 + -0.00183theta omega + 0.09461omega^2 + -0.00905theta^3 + 0.00207theta^2 omega + -0.01242theta omega^2 + -0.00046omega^3,-0.001877*omega**3 - 0.001689*omega**2*theta + 0.018074*omega**2 + 9.0e-6*omega*theta**2 + 0.000164*omega*theta + 0.001122*omega - 1.0e-6*theta**3 + 2.0e-5*theta**2 + 0.000621*theta + 0.002944
