{
    "config": {
        "model": "sparse",
        "sigma": 5,
        "degree": 2,
        "lr": 0.001,
        "epochs": 200
    },
    "timestamp": "20260116_214330",
    "final_loss": 622.1311645507812,
    "equations": [
        "-0.357931 + -0.27524theta + 0.89145omega + 0.17893theta^2 + -0.13632theta omega + 0.11137omega^2",
        "-0.559681 + -1.46644theta + 0.30572omega + -0.13219theta^2 + 0.60894theta omega + 0.20096omega^2"
    ],
    "loss_history": {
        "0": 1490.563720703125,
        "100": 998.3717041015625
    },
    "scaling_params": {
        "mean_x": [
            -1.1126707792282104,
            0.0016096459003165364
        ],
        "std_x": [
            1.0855050086975098,
            0.012150955386459827
        ],
        "t_scale": 90.0
    }
}