{
    "config": {
        "model": "integrator",
        "sigma": 5.0,
        "degree": 2,
        "lr": 0.001,
        "tau": 1e-05,
        "epochs": 10000,
        "chunk": 5
    },
    "timestamp": "20260223_222114",
    "final_loss": 6719790.5,
    "equations": [
        "1.00000omega",
        "nan1 + nantheta + nanomega + nantheta^2 + nantheta omega + nanomega^2"
    ],
    "loss_history": {
        "0": 6719790.5
    },
    "scaling_params": {
        "mean_x": [
            -4.2345685958862305,
            0.0
        ],
        "std_x": [
            0.08731649070978165,
            0.08731649070978165
        ]
    },
    "rmse": {
        "rmse_theta": NaN,
        "rmse_omega": NaN,
        "rmse_total": NaN
    }
}