Chunk_Index,Chunk_Start_Time,Sim_RMSE_Omega,Sim_RMSE_Theta,Sim_RMSE_Total,Eq_Theta,Eq_Omega,Coeff_Const,Coeff_Theta,Coeff_Omega,Coeff_Theta2,Coeff_ThetaOmega,Coeff_Omega2,Coeff_Theta3,Coeff_Theta2Omega,Coeff_ThetaOmega2,Coeff_Omega3
3500,2024-08-27 06:00:00,0.047437,3.068640,2.170115,0.001 1 + 0.983 omega + 0.048 omega^2,0.000,0.0000000000e+00,0.0000000000e+00,0.0000000000e+00,0.0000000000e+00,0.0000000000e+00,0.0000000000e+00,0.0000000000e+00,0.0000000000e+00,0.0000000000e+00,0.0000000000e+00
3501,2024-08-27 06:05:00,0.051088,6.266037,4.430905,0.989 omega + 0.050 omega^2,0.000,0.0000000000e+00,0.0000000000e+00,0.0000000000e+00,0.0000000000e+00,0.0000000000e+00,0.0000000000e+00,0.0000000000e+00,0.0000000000e+00,0.0000000000e+00,0.0000000000e+00
3502,2024-08-27 06:10:00,0.090545,12.004262,8.488536,1.001 omega + -0.022 theta omega^2,0.000,0.0000000000e+00,0.0000000000e+00,0.0000000000e+00,0.0000000000e+00,0.0000000000e+00,0.0000000000e+00,0.0000000000e+00,0.0000000000e+00,0.0000000000e+00,0.0000000000e+00
3503,2024-08-27 06:15:00,0.049979,5.340628,3.776559,1.006 omega + -0.002 theta omega + 0.066 omega^2 + 0.002 theta omega^2,0.000,0.0000000000e+00,0.0000000000e+00,0.0000000000e+00,0.0000000000e+00,0.0000000000e+00,0.0000000000e+00,0.0000000000e+00,0.0000000000e+00,0.0000000000e+00,0.0000000000e+00
3504,2024-08-27 06:20:00,0.078053,12.091234,8.549972,0.997 omega + -0.001 theta omega,0.000,0.0000000000e+00,0.0000000000e+00,0.0000000000e+00,0.0000000000e+00,0.0000000000e+00,0.0000000000e+00,0.0000000000e+00,0.0000000000e+00,0.0000000000e+00,0.0000000000e+00
3505,2024-08-27 06:25:00,0.100500,15.542199,10.990224,1.009 omega + -0.005 theta omega + -0.016 omega^2 + 0.001 theta^2 omega,0.000,0.0000000000e+00,0.0000000000e+00,0.0000000000e+00,0.0000000000e+00,0.0000000000e+00,0.0000000000e+00,0.0000000000e+00,0.0000000000e+00,0.0000000000e+00,0.0000000000e+00
3506,2024-08-27 06:30:00,0.073006,3.981247,2.815640,0.999 omega,0.000,0.0000000000e+00,0.0000000000e+00,0.0000000000e+00,0.0000000000e+00,0.0000000000e+00,0.0000000000e+00,0.0000000000e+00,0.0000000000e+00,0.0000000000e+00,0.0000000000e+00
3507,2024-08-27 06:35:00,0.089598,13.014804,9.203075,1.006 omega + -0.064 omega^2,0.000,0.0000000000e+00,0.0000000000e+00,0.0000000000e+00,0.0000000000e+00,0.0000000000e+00,0.0000000000e+00,0.0000000000e+00,0.0000000000e+00,0.0000000000e+00,0.0000000000e+00
3508,2024-08-27 06:40:00,0.084118,10.258159,7.253858,0.995 omega + -0.048 omega^2 + -0.013 theta omega^2,0.000,0.0000000000e+00,0.0000000000e+00,0.0000000000e+00,0.0000000000e+00,0.0000000000e+00,0.0000000000e+00,0.0000000000e+00,0.0000000000e+00,0.0000000000e+00,0.0000000000e+00
3509,2024-08-27 06:45:00,0.032227,3.507648,2.480386,0.998 omega + 0.011 omega^2,0.000,0.0000000000e+00,0.0000000000e+00,0.0000000000e+00,0.0000000000e+00,0.0000000000e+00,0.0000000000e+00,0.0000000000e+00,0.0000000000e+00,0.0000000000e+00,0.0000000000e+00
3510,2024-08-27 06:50:00,0.036287,1.596514,1.129198,1.001 omega + -0.011 theta omega + 0.005 theta^2 omega,0.000,0.0000000000e+00,0.0000000000e+00,0.0000000000e+00,0.0000000000e+00,0.0000000000e+00,0.0000000000e+00,0.0000000000e+00,0.0000000000e+00,0.0000000000e+00,0.0000000000e+00
3511,2024-08-27 06:55:00,0.075759,6.048704,4.277415,1.011 omega + -0.067 omega^2,0.000,0.0000000000e+00,0.0000000000e+00,0.0000000000e+00,0.0000000000e+00,0.0000000000e+00,0.0000000000e+00,0.0000000000e+00,0.0000000000e+00,0.0000000000e+00,0.0000000000e+00
3512,2024-08-27 07:00:00,0.094406,7.388644,5.224986,0.992 omega + 0.044 omega^2,0.000,0.0000000000e+00,0.0000000000e+00,0.0000000000e+00,0.0000000000e+00,0.0000000000e+00,0.0000000000e+00,0.0000000000e+00,0.0000000000e+00,0.0000000000e+00,0.0000000000e+00
3513,2024-08-27 07:05:00,0.080885,8.868483,6.271225,1.000 omega,0.000,0.0000000000e+00,0.0000000000e+00,0.0000000000e+00,0.0000000000e+00,0.0000000000e+00,0.0000000000e+00,0.0000000000e+00,0.0000000000e+00,0.0000000000e+00,0.0000000000e+00
3514,2024-08-27 07:10:00,0.085768,10.464166,7.399531,1.010 omega + 0.001 theta omega + 0.088 omega^2 + 0.008 theta omega^2,0.000,0.0000000000e+00,0.0000000000e+00,0.0000000000e+00,0.0000000000e+00,0.0000000000e+00,0.0000000000e+00,0.0000000000e+00,0.0000000000e+00,0.0000000000e+00,0.0000000000e+00
3515,2024-08-27 07:15:00,0.079788,12.040143,8.513853,0.996 omega + 0.003 theta omega^2,0.000,0.0000000000e+00,0.0000000000e+00,0.0000000000e+00,0.0000000000e+00,0.0000000000e+00,0.0000000000e+00,0.0000000000e+00,0.0000000000e+00,0.0000000000e+00,0.0000000000e+00
3516,2024-08-27 07:20:00,0.159829,21.651857,15.310592,0.993 omega + 0.432 omega^3,0.000,0.0000000000e+00,0.0000000000e+00,0.0000000000e+00,0.0000000000e+00,0.0000000000e+00,0.0000000000e+00,0.0000000000e+00,0.0000000000e+00,0.0000000000e+00,0.0000000000e+00
3517,2024-08-27 07:25:00,0.054213,8.438996,5.967394,0.992 omega + -0.007 theta omega + -0.001 theta^2 omega,0.000,0.0000000000e+00,0.0000000000e+00,0.0000000000e+00,0.0000000000e+00,0.0000000000e+00,0.0000000000e+00,0.0000000000e+00,0.0000000000e+00,0.0000000000e+00,0.0000000000e+00
3518,2024-08-27 07:30:00,0.057484,3.013273,2.131093,1.003 omega + -0.004 theta omega + -0.227 omega^2 + -0.001 theta^2 omega + -0.087 theta omega^2,0.000,0.0000000000e+00,0.0000000000e+00,0.0000000000e+00,0.0000000000e+00,0.0000000000e+00,0.0000000000e+00,0.0000000000e+00,0.0000000000e+00,0.0000000000e+00,0.0000000000e+00
3519,2024-08-27 07:35:00,0.056145,2.887101,2.041875,1.001 omega + 0.001 theta omega,0.000,0.0000000000e+00,0.0000000000e+00,0.0000000000e+00,0.0000000000e+00,0.0000000000e+00,0.0000000000e+00,0.0000000000e+00,0.0000000000e+00,0.0000000000e+00,0.0000000000e+00
3520,2024-08-27 07:40:00,0.053850,6.314804,4.465403,1.003 omega + -0.007 theta omega + 0.405 omega^2 + 0.001 theta^2 omega + -0.113 theta omega^2,-0.022 theta omega^2,0.0000000000e+00,0.0000000000e+00,0.0000000000e+00,0.0000000000e+00,0.0000000000e+00,0.0000000000e+00,0.0000000000e+00,0.0000000000e+00,-2.2411364759e-02,0.0000000000e+00
3521,2024-08-27 07:45:00,0.037306,1.185750,0.838867,1.006 omega + -0.001 theta omega + 0.002 omega^2,0.000,0.0000000000e+00,0.0000000000e+00,0.0000000000e+00,0.0000000000e+00,0.0000000000e+00,0.0000000000e+00,0.0000000000e+00,0.0000000000e+00,0.0000000000e+00,0.0000000000e+00
3522,2024-08-27 07:50:00,0.128783,18.656624,13.192539,0.998 omega,0.000,0.0000000000e+00,0.0000000000e+00,0.0000000000e+00,0.0000000000e+00,0.0000000000e+00,0.0000000000e+00,0.0000000000e+00,0.0000000000e+00,0.0000000000e+00,0.0000000000e+00
3523,2024-08-27 07:55:00,0.058963,8.455950,5.979405,-0.001 1 + 1.034 omega + -0.001 theta omega + -0.240 omega^2 + 0.007 theta omega^2,0.000,0.0000000000e+00,0.0000000000e+00,0.0000000000e+00,0.0000000000e+00,0.0000000000e+00,0.0000000000e+00,0.0000000000e+00,0.0000000000e+00,0.0000000000e+00,0.0000000000e+00
3524,2024-08-27 08:00:00,0.087060,9.178090,6.490181,0.992 omega + 0.054 omega^2,0.000,0.0000000000e+00,0.0000000000e+00,0.0000000000e+00,0.0000000000e+00,0.0000000000e+00,0.0000000000e+00,0.0000000000e+00,0.0000000000e+00,0.0000000000e+00,0.0000000000e+00
3525,2024-08-27 08:05:00,0.074485,13.690243,9.680607,0.996 omega + -0.005 theta omega + 0.068 omega^2 + 0.002 theta^2 omega,0.000,0.0000000000e+00,0.0000000000e+00,0.0000000000e+00,0.0000000000e+00,0.0000000000e+00,0.0000000000e+00,0.0000000000e+00,0.0000000000e+00,0.0000000000e+00,0.0000000000e+00
3526,2024-08-27 08:10:00,0.073150,8.459312,5.981861,1.019 omega + -0.002 theta omega + -0.066 omega^2,0.000,0.0000000000e+00,0.0000000000e+00,0.0000000000e+00,0.0000000000e+00,0.0000000000e+00,0.0000000000e+00,0.0000000000e+00,0.0000000000e+00,0.0000000000e+00,0.0000000000e+00
3527,2024-08-27 08:15:00,0.089958,11.438945,8.088806,1.000 omega + -0.001 theta omega + 0.054 omega^2,0.000,0.0000000000e+00,0.0000000000e+00,0.0000000000e+00,0.0000000000e+00,0.0000000000e+00,0.0000000000e+00,0.0000000000e+00,0.0000000000e+00,0.0000000000e+00,0.0000000000e+00
3528,2024-08-27 08:20:00,0.119744,19.954855,14.110467,1.063 omega + 0.821 omega^2 + -0.004 theta omega^2 + 2.978 omega^3,0.000,0.0000000000e+00,0.0000000000e+00,0.0000000000e+00,0.0000000000e+00,0.0000000000e+00,0.0000000000e+00,0.0000000000e+00,0.0000000000e+00,0.0000000000e+00,0.0000000000e+00
3529,2024-08-27 08:25:00,0.098408,14.497872,10.251780,0.997 omega + 0.069 omega^2 + -0.004 theta omega^2,0.000,0.0000000000e+00,0.0000000000e+00,0.0000000000e+00,0.0000000000e+00,0.0000000000e+00,0.0000000000e+00,0.0000000000e+00,0.0000000000e+00,0.0000000000e+00,0.0000000000e+00
3530,2024-08-27 08:30:00,0.029431,4.609252,3.259300,1.034 omega + -0.003 theta omega + -0.327 omega^2 + 0.031 theta omega^2,0.000,0.0000000000e+00,0.0000000000e+00,0.0000000000e+00,0.0000000000e+00,0.0000000000e+00,0.0000000000e+00,0.0000000000e+00,0.0000000000e+00,0.0000000000e+00,0.0000000000e+00
3531,2024-08-27 08:35:00,0.076615,10.265406,7.258941,0.992 omega + 0.005 theta omega + -0.015 theta omega^2,0.000,0.0000000000e+00,0.0000000000e+00,0.0000000000e+00,0.0000000000e+00,0.0000000000e+00,0.0000000000e+00,0.0000000000e+00,0.0000000000e+00,0.0000000000e+00,0.0000000000e+00
3532,2024-08-27 08:40:00,0.578273,10.707732,7.582543,1.006 omega + -0.009 theta omega + 0.091 omega^2 + -0.006 theta^2 omega,0.013 omega,0.0000000000e+00,0.0000000000e+00,1.3205566857e-02,0.0000000000e+00,0.0000000000e+00,0.0000000000e+00,0.0000000000e+00,0.0000000000e+00,0.0000000000e+00,0.0000000000e+00
3533,2024-08-27 08:45:00,0.088594,9.169934,6.484425,0.988 omega + 0.062 omega^2 + 0.001 theta omega^2,0.000,0.0000000000e+00,0.0000000000e+00,0.0000000000e+00,0.0000000000e+00,0.0000000000e+00,0.0000000000e+00,0.0000000000e+00,0.0000000000e+00,0.0000000000e+00,0.0000000000e+00
3534,2024-08-27 08:50:00,0.066084,6.456042,4.565351,1.010 omega + -0.003 theta omega^2,0.000,0.0000000000e+00,0.0000000000e+00,0.0000000000e+00,0.0000000000e+00,0.0000000000e+00,0.0000000000e+00,0.0000000000e+00,0.0000000000e+00,0.0000000000e+00,0.0000000000e+00
3535,2024-08-27 08:55:00,0.045864,1.117601,0.790928,-0.001 1 + 1.012 omega + -0.001 theta omega^2,0.000,0.0000000000e+00,0.0000000000e+00,0.0000000000e+00,0.0000000000e+00,0.0000000000e+00,0.0000000000e+00,0.0000000000e+00,0.0000000000e+00,0.0000000000e+00,0.0000000000e+00
3536,2024-08-27 09:00:00,0.141361,22.532162,15.932958,1.004 omega + -0.005 theta omega^2,0.000,0.0000000000e+00,0.0000000000e+00,0.0000000000e+00,0.0000000000e+00,0.0000000000e+00,0.0000000000e+00,0.0000000000e+00,0.0000000000e+00,0.0000000000e+00,0.0000000000e+00
3537,2024-08-27 09:05:00,0.083072,12.823905,9.068060,1.000 omega + 0.078 omega^2 + -0.029 theta omega^2,0.000,0.0000000000e+00,0.0000000000e+00,0.0000000000e+00,0.0000000000e+00,0.0000000000e+00,0.0000000000e+00,0.0000000000e+00,0.0000000000e+00,0.0000000000e+00,0.0000000000e+00
3538,2024-08-27 09:10:00,0.084452,11.119093,7.862613,0.996 omega + 0.003 omega^2 + 0.001 theta omega^2,0.000,0.0000000000e+00,0.0000000000e+00,0.0000000000e+00,0.0000000000e+00,0.0000000000e+00,0.0000000000e+00,0.0000000000e+00,0.0000000000e+00,0.0000000000e+00,0.0000000000e+00
3539,2024-08-27 09:15:00,0.037423,1.538071,1.087902,1.004 omega + 0.016 omega^2 + -0.002 theta omega^2,0.000,0.0000000000e+00,0.0000000000e+00,0.0000000000e+00,0.0000000000e+00,0.0000000000e+00,0.0000000000e+00,0.0000000000e+00,0.0000000000e+00,0.0000000000e+00,0.0000000000e+00
3540,2024-08-27 09:20:00,0.059353,4.066598,2.875825,0.999 omega,0.000,0.0000000000e+00,0.0000000000e+00,0.0000000000e+00,0.0000000000e+00,0.0000000000e+00,0.0000000000e+00,0.0000000000e+00,0.0000000000e+00,0.0000000000e+00,0.0000000000e+00
3541,2024-08-27 09:25:00,0.073855,9.473225,6.698785,1.001 omega + -0.054 omega^2 + -0.008 theta omega^2,0.000,0.0000000000e+00,0.0000000000e+00,0.0000000000e+00,0.0000000000e+00,0.0000000000e+00,0.0000000000e+00,0.0000000000e+00,0.0000000000e+00,0.0000000000e+00,0.0000000000e+00
3542,2024-08-27 09:30:00,0.079020,7.438508,5.260116,0.998 omega + 0.001 theta omega + -0.012 omega^2 + 0.004 theta omega^2,0.000,0.0000000000e+00,0.0000000000e+00,0.0000000000e+00,0.0000000000e+00,0.0000000000e+00,0.0000000000e+00,0.0000000000e+00,0.0000000000e+00,0.0000000000e+00,0.0000000000e+00
3543,2024-08-27 09:35:00,0.057802,6.420541,4.540192,0.990 omega + 0.011 theta omega + -0.027 omega^2 + -0.002 theta^2 omega,0.000,0.0000000000e+00,0.0000000000e+00,0.0000000000e+00,0.0000000000e+00,0.0000000000e+00,0.0000000000e+00,0.0000000000e+00,0.0000000000e+00,0.0000000000e+00,0.0000000000e+00
3544,2024-08-27 09:40:00,0.117032,13.615951,9.628287,0.999 omega + -0.021 omega^2,0.000,0.0000000000e+00,0.0000000000e+00,0.0000000000e+00,0.0000000000e+00,0.0000000000e+00,0.0000000000e+00,0.0000000000e+00,0.0000000000e+00,0.0000000000e+00,0.0000000000e+00
3545,2024-08-27 09:45:00,0.079928,7.527055,5.322732,0.980 omega + -0.024 theta omega + -0.248 omega^2 + -0.005 theta^2 omega + -0.143 theta omega^2,0.000,0.0000000000e+00,0.0000000000e+00,0.0000000000e+00,0.0000000000e+00,0.0000000000e+00,0.0000000000e+00,0.0000000000e+00,0.0000000000e+00,0.0000000000e+00,0.0000000000e+00
3546,2024-08-27 09:50:00,0.104649,9.311007,6.584292,0.997 omega + 0.001 theta omega,0.000,0.0000000000e+00,0.0000000000e+00,0.0000000000e+00,0.0000000000e+00,0.0000000000e+00,0.0000000000e+00,0.0000000000e+00,0.0000000000e+00,0.0000000000e+00,0.0000000000e+00
3547,2024-08-27 09:55:00,0.047322,1.489768,1.053957,1.011 omega + -0.006 theta omega + 0.001 theta^2 omega,-0.054 theta omega^2,0.0000000000e+00,0.0000000000e+00,0.0000000000e+00,0.0000000000e+00,0.0000000000e+00,0.0000000000e+00,0.0000000000e+00,0.0000000000e+00,-5.3636412744e-02,0.0000000000e+00
3548,2024-08-27 10:00:00,0.094540,15.748926,11.136373,0.991 omega + 0.001 theta omega + 0.191 omega^2 + -0.030 theta omega^2,0.000,0.0000000000e+00,0.0000000000e+00,0.0000000000e+00,0.0000000000e+00,0.0000000000e+00,0.0000000000e+00,0.0000000000e+00,0.0000000000e+00,0.0000000000e+00,0.0000000000e+00
3549,2024-08-27 10:05:00,0.067133,7.627384,5.393584,1.030 omega + 0.003 theta omega + 0.097 omega^2,0.000,0.0000000000e+00,0.0000000000e+00,0.0000000000e+00,0.0000000000e+00,0.0000000000e+00,0.0000000000e+00,0.0000000000e+00,0.0000000000e+00,0.0000000000e+00,0.0000000000e+00
3550,2024-08-27 10:10:00,0.069744,4.129693,2.920550,1.002 omega + 0.003 theta omega + -0.001 theta^2 omega + -0.007 theta omega^2,-0.016 theta omega^2,0.0000000000e+00,0.0000000000e+00,0.0000000000e+00,0.0000000000e+00,0.0000000000e+00,0.0000000000e+00,0.0000000000e+00,0.0000000000e+00,-1.5920196064e-02,0.0000000000e+00
3551,2024-08-27 10:15:00,0.032215,2.495277,1.764574,1.000 omega,0.000,0.0000000000e+00,0.0000000000e+00,0.0000000000e+00,0.0000000000e+00,0.0000000000e+00,0.0000000000e+00,0.0000000000e+00,0.0000000000e+00,0.0000000000e+00,0.0000000000e+00
3552,2024-08-27 10:20:00,0.051345,5.412369,3.827295,1.006 omega + -0.001 theta omega,0.000,0.0000000000e+00,0.0000000000e+00,0.0000000000e+00,0.0000000000e+00,0.0000000000e+00,0.0000000000e+00,0.0000000000e+00,0.0000000000e+00,0.0000000000e+00,0.0000000000e+00
3553,2024-08-27 10:25:00,0.070374,11.233395,7.943365,1.024 omega + 0.002 theta omega + -0.017 omega^2 + -0.023 theta omega^2,0.000,0.0000000000e+00,0.0000000000e+00,0.0000000000e+00,0.0000000000e+00,0.0000000000e+00,0.0000000000e+00,0.0000000000e+00,0.0000000000e+00,0.0000000000e+00,0.0000000000e+00
3554,2024-08-27 10:30:00,0.083853,12.470557,8.818215,1.007 omega + 0.006 theta omega + 0.005 omega^2 + 0.001 theta^2 omega,0.000,0.0000000000e+00,0.0000000000e+00,0.0000000000e+00,0.0000000000e+00,0.0000000000e+00,0.0000000000e+00,0.0000000000e+00,0.0000000000e+00,0.0000000000e+00,0.0000000000e+00
3555,2024-08-27 10:35:00,0.092053,13.779751,9.743973,1.003 omega,0.000,0.0000000000e+00,0.0000000000e+00,0.0000000000e+00,0.0000000000e+00,0.0000000000e+00,0.0000000000e+00,0.0000000000e+00,0.0000000000e+00,0.0000000000e+00,0.0000000000e+00
3556,2024-08-27 10:40:00,0.063566,8.345315,5.901200,0.995 omega + -0.277 omega^2 + -0.068 theta omega^2,0.000,0.0000000000e+00,0.0000000000e+00,0.0000000000e+00,0.0000000000e+00,0.0000000000e+00,0.0000000000e+00,0.0000000000e+00,0.0000000000e+00,0.0000000000e+00,0.0000000000e+00
3557,2024-08-27 10:45:00,0.083082,5.802451,4.103373,0.977 omega + 0.002 theta omega + 0.376 omega^2 + -0.042 theta omega^2,0.000,0.0000000000e+00,0.0000000000e+00,0.0000000000e+00,0.0000000000e+00,0.0000000000e+00,0.0000000000e+00,0.0000000000e+00,0.0000000000e+00,0.0000000000e+00,0.0000000000e+00
3558,2024-08-27 10:50:00,0.043681,3.899376,2.757448,1.015 omega + -0.014 omega^2 + -0.045 theta omega^2,0.000,0.0000000000e+00,0.0000000000e+00,0.0000000000e+00,0.0000000000e+00,0.0000000000e+00,0.0000000000e+00,0.0000000000e+00,0.0000000000e+00,0.0000000000e+00,0.0000000000e+00
3559,2024-08-27 10:55:00,0.036824,0.892831,0.631864,1.000 omega + 0.003 theta omega + -0.002 theta^2 omega,0.000,0.0000000000e+00,0.0000000000e+00,0.0000000000e+00,0.0000000000e+00,0.0000000000e+00,0.0000000000e+00,0.0000000000e+00,0.0000000000e+00,0.0000000000e+00,0.0000000000e+00
3560,2024-08-27 11:00:00,0.015080,0.796200,0.563099,1.013 omega + -0.118 omega^2 + 0.002 theta omega^2,0.000,0.0000000000e+00,0.0000000000e+00,0.0000000000e+00,0.0000000000e+00,0.0000000000e+00,0.0000000000e+00,0.0000000000e+00,0.0000000000e+00,0.0000000000e+00,0.0000000000e+00
3561,2024-08-27 11:05:00,0.094743,13.684455,9.676603,0.994 omega + -0.003 theta omega^2,0.000,0.0000000000e+00,0.0000000000e+00,0.0000000000e+00,0.0000000000e+00,0.0000000000e+00,0.0000000000e+00,0.0000000000e+00,0.0000000000e+00,0.0000000000e+00,0.0000000000e+00
3562,2024-08-27 11:10:00,0.090649,6.560367,4.639323,1.005 omega + 0.003 omega^2 + -0.004 theta omega^2,0.000,0.0000000000e+00,0.0000000000e+00,0.0000000000e+00,0.0000000000e+00,0.0000000000e+00,0.0000000000e+00,0.0000000000e+00,0.0000000000e+00,0.0000000000e+00,0.0000000000e+00
3563,2024-08-27 11:15:00,0.087909,7.546954,5.336865,0.995 omega + 0.040 omega^2 + -0.002 theta omega^2,0.000,0.0000000000e+00,0.0000000000e+00,0.0000000000e+00,0.0000000000e+00,0.0000000000e+00,0.0000000000e+00,0.0000000000e+00,0.0000000000e+00,0.0000000000e+00,0.0000000000e+00
3564,2024-08-27 11:20:00,0.098742,11.494766,8.128327,0.997 omega + -0.001 theta omega^2,0.000,0.0000000000e+00,0.0000000000e+00,0.0000000000e+00,0.0000000000e+00,0.0000000000e+00,0.0000000000e+00,0.0000000000e+00,0.0000000000e+00,0.0000000000e+00,0.0000000000e+00
3565,2024-08-27 11:25:00,0.076452,10.421289,7.369163,1.002 omega + -0.003 theta omega + 0.001 theta^2 omega,0.000,0.0000000000e+00,0.0000000000e+00,0.0000000000e+00,0.0000000000e+00,0.0000000000e+00,0.0000000000e+00,0.0000000000e+00,0.0000000000e+00,0.0000000000e+00,0.0000000000e+00
3566,2024-08-27 11:30:00,0.092217,6.676506,4.721453,1.018 omega + 0.007 theta omega + -0.088 omega^2 + 0.001 theta^2 omega + -0.028 theta omega^2,0.000,0.0000000000e+00,0.0000000000e+00,0.0000000000e+00,0.0000000000e+00,0.0000000000e+00,0.0000000000e+00,0.0000000000e+00,0.0000000000e+00,0.0000000000e+00,0.0000000000e+00
3567,2024-08-27 11:35:00,0.048708,2.607400,1.844032,1.003 omega,0.000,0.0000000000e+00,0.0000000000e+00,0.0000000000e+00,0.0000000000e+00,0.0000000000e+00,0.0000000000e+00,0.0000000000e+00,0.0000000000e+00,0.0000000000e+00,0.0000000000e+00
3568,2024-08-27 11:40:00,0.048342,5.737291,4.057021,0.989 omega + 0.060 omega^2,0.000,0.0000000000e+00,0.0000000000e+00,0.0000000000e+00,0.0000000000e+00,0.0000000000e+00,0.0000000000e+00,0.0000000000e+00,0.0000000000e+00,0.0000000000e+00,0.0000000000e+00
3569,2024-08-27 11:45:00,0.041580,5.353092,3.785322,0.996 omega + 0.004 theta omega,0.000,0.0000000000e+00,0.0000000000e+00,0.0000000000e+00,0.0000000000e+00,0.0000000000e+00,0.0000000000e+00,0.0000000000e+00,0.0000000000e+00,0.0000000000e+00,0.0000000000e+00
3570,2024-08-27 11:50:00,0.092662,11.791207,8.337900,1.000 omega + 0.040 omega^2,0.000,0.0000000000e+00,0.0000000000e+00,0.0000000000e+00,0.0000000000e+00,0.0000000000e+00,0.0000000000e+00,0.0000000000e+00,0.0000000000e+00,0.0000000000e+00,0.0000000000e+00
3571,2024-08-27 11:55:00,0.078408,8.844537,6.254278,0.972 omega + 0.027 theta omega + -0.005 theta^2 omega,0.000,0.0000000000e+00,0.0000000000e+00,0.0000000000e+00,0.0000000000e+00,0.0000000000e+00,0.0000000000e+00,0.0000000000e+00,0.0000000000e+00,0.0000000000e+00,0.0000000000e+00
3572,2024-08-27 12:00:00,0.066663,9.316393,6.587854,-0.005 1 + 1.063 omega + -0.173 omega^2,0.000,0.0000000000e+00,0.0000000000e+00,0.0000000000e+00,0.0000000000e+00,0.0000000000e+00,0.0000000000e+00,0.0000000000e+00,0.0000000000e+00,0.0000000000e+00,0.0000000000e+00
3573,2024-08-27 12:05:00,0.067712,7.295574,5.158972,0.003 1 + 0.966 omega + 0.094 omega^2,0.000,0.0000000000e+00,0.0000000000e+00,0.0000000000e+00,0.0000000000e+00,0.0000000000e+00,0.0000000000e+00,0.0000000000e+00,0.0000000000e+00,0.0000000000e+00,0.0000000000e+00
3574,2024-08-27 12:10:00,0.068648,9.496448,6.715178,0.001 1 + 0.989 omega + 0.031 omega^2,0.000,0.0000000000e+00,0.0000000000e+00,0.0000000000e+00,0.0000000000e+00,0.0000000000e+00,0.0000000000e+00,0.0000000000e+00,0.0000000000e+00,0.0000000000e+00,0.0000000000e+00
3575,2024-08-27 12:15:00,0.030091,2.315416,1.637384,1.003 omega + 0.002 theta omega^2,0.000,0.0000000000e+00,0.0000000000e+00,0.0000000000e+00,0.0000000000e+00,0.0000000000e+00,0.0000000000e+00,0.0000000000e+00,0.0000000000e+00,0.0000000000e+00,0.0000000000e+00
3576,2024-08-27 12:20:00,0.072704,5.548558,3.923760,0.993 omega + 0.001 theta omega + 0.096 omega^2 + -0.011 theta omega^2,0.000,0.0000000000e+00,0.0000000000e+00,0.0000000000e+00,0.0000000000e+00,0.0000000000e+00,0.0000000000e+00,0.0000000000e+00,0.0000000000e+00,0.0000000000e+00,0.0000000000e+00
3577,2024-08-27 12:25:00,0.129205,17.469539,12.353167,0.999 omega + -0.035 omega^2,0.000,0.0000000000e+00,0.0000000000e+00,0.0000000000e+00,0.0000000000e+00,0.0000000000e+00,0.0000000000e+00,0.0000000000e+00,0.0000000000e+00,0.0000000000e+00,0.0000000000e+00
3578,2024-08-27 12:30:00,0.079488,2.357996,1.668302,1.015 omega + 0.002 theta omega + 0.026 omega^2,0.000,0.0000000000e+00,0.0000000000e+00,0.0000000000e+00,0.0000000000e+00,0.0000000000e+00,0.0000000000e+00,0.0000000000e+00,0.0000000000e+00,0.0000000000e+00,0.0000000000e+00
3579,2024-08-27 12:35:00,0.106752,12.090118,8.549338,1.000 omega + 0.019 omega^2 + -0.014 theta omega^2,0.000,0.0000000000e+00,0.0000000000e+00,0.0000000000e+00,0.0000000000e+00,0.0000000000e+00,0.0000000000e+00,0.0000000000e+00,0.0000000000e+00,0.0000000000e+00,0.0000000000e+00
3580,2024-08-27 12:40:00,0.084994,10.842751,7.667218,1.000 omega + -0.001 theta omega^2,0.000,0.0000000000e+00,0.0000000000e+00,0.0000000000e+00,0.0000000000e+00,0.0000000000e+00,0.0000000000e+00,0.0000000000e+00,0.0000000000e+00,0.0000000000e+00,0.0000000000e+00
3581,2024-08-27 12:45:00,0.074061,7.158600,5.062166,1.005 omega + -0.002 theta omega,0.000,0.0000000000e+00,0.0000000000e+00,0.0000000000e+00,0.0000000000e+00,0.0000000000e+00,0.0000000000e+00,0.0000000000e+00,0.0000000000e+00,0.0000000000e+00,0.0000000000e+00
3582,2024-08-27 12:50:00,0.084556,4.029844,2.850157,1.005 omega + -0.021 omega^2,0.000,0.0000000000e+00,0.0000000000e+00,0.0000000000e+00,0.0000000000e+00,0.0000000000e+00,0.0000000000e+00,0.0000000000e+00,0.0000000000e+00,0.0000000000e+00,0.0000000000e+00
3583,2024-08-27 12:55:00,0.055702,4.525763,3.200440,0.996 omega + -0.004 theta omega + -0.001 theta^2 omega,-0.031 theta omega^2,0.0000000000e+00,0.0000000000e+00,0.0000000000e+00,0.0000000000e+00,0.0000000000e+00,0.0000000000e+00,0.0000000000e+00,0.0000000000e+00,-3.1360448762e-02,0.0000000000e+00
3584,2024-08-27 13:00:00,0.041144,5.778551,4.086156,0.001 1 + 1.006 omega,0.000,0.0000000000e+00,0.0000000000e+00,0.0000000000e+00,0.0000000000e+00,0.0000000000e+00,0.0000000000e+00,0.0000000000e+00,0.0000000000e+00,0.0000000000e+00,0.0000000000e+00
3585,2024-08-27 13:05:00,0.065226,9.387496,6.638122,1.003 omega + 0.136 omega^2 + -0.079 theta omega^2,0.000,0.0000000000e+00,0.0000000000e+00,0.0000000000e+00,0.0000000000e+00,0.0000000000e+00,0.0000000000e+00,0.0000000000e+00,0.0000000000e+00,0.0000000000e+00,0.0000000000e+00
3586,2024-08-27 13:10:00,0.116013,18.189515,12.862191,-0.001 1 + 0.976 omega + -0.232 omega^2 + -0.005 theta omega^2,0.000,0.0000000000e+00,0.0000000000e+00,0.0000000000e+00,0.0000000000e+00,0.0000000000e+00,0.0000000000e+00,0.0000000000e+00,0.0000000000e+00,0.0000000000e+00,0.0000000000e+00
3587,2024-08-27 13:15:00,0.042326,1.901495,1.344893,1.014 omega + 0.005 theta omega + 0.001 theta^2 omega,0.000,0.0000000000e+00,0.0000000000e+00,0.0000000000e+00,0.0000000000e+00,0.0000000000e+00,0.0000000000e+00,0.0000000000e+00,0.0000000000e+00,0.0000000000e+00,0.0000000000e+00
3588,2024-08-27 13:20:00,0.071921,2.872414,2.031740,0.999 omega + -0.003 omega^2,0.000,0.0000000000e+00,0.0000000000e+00,0.0000000000e+00,0.0000000000e+00,0.0000000000e+00,0.0000000000e+00,0.0000000000e+00,0.0000000000e+00,0.0000000000e+00,0.0000000000e+00
3589,2024-08-27 13:25:00,0.037512,3.914946,2.768412,1.003 omega + -0.002 theta omega + -0.007 omega^2 + -0.041 theta omega^2,0.000,0.0000000000e+00,0.0000000000e+00,0.0000000000e+00,0.0000000000e+00,0.0000000000e+00,0.0000000000e+00,0.0000000000e+00,0.0000000000e+00,0.0000000000e+00,0.0000000000e+00
3590,2024-08-27 13:30:00,0.113618,11.551679,8.168666,1.004 omega + 0.001 theta omega + -0.004 theta omega^2,0.000,0.0000000000e+00,0.0000000000e+00,0.0000000000e+00,0.0000000000e+00,0.0000000000e+00,0.0000000000e+00,0.0000000000e+00,0.0000000000e+00,0.0000000000e+00,0.0000000000e+00
3591,2024-08-27 13:35:00,0.070217,9.894866,6.996903,1.006 omega + -0.066 omega^2 + -0.014 theta omega^2,0.000,0.0000000000e+00,0.0000000000e+00,0.0000000000e+00,0.0000000000e+00,0.0000000000e+00,0.0000000000e+00,0.0000000000e+00,0.0000000000e+00,0.0000000000e+00,0.0000000000e+00
3592,2024-08-27 13:40:00,0.061667,5.211485,3.685334,1.009 omega + 0.001 theta omega,0.000,0.0000000000e+00,0.0000000000e+00,0.0000000000e+00,0.0000000000e+00,0.0000000000e+00,0.0000000000e+00,0.0000000000e+00,0.0000000000e+00,0.0000000000e+00,0.0000000000e+00
3593,2024-08-27 13:45:00,0.087923,8.705927,6.156334,1.003 omega + 0.010 omega^2 + -0.008 theta omega^2 + -0.060 omega^3,0.000,0.0000000000e+00,0.0000000000e+00,0.0000000000e+00,0.0000000000e+00,0.0000000000e+00,0.0000000000e+00,0.0000000000e+00,0.0000000000e+00,0.0000000000e+00,0.0000000000e+00
3594,2024-08-27 13:50:00,0.058833,6.130169,4.334884,1.014 omega + 0.147 omega^2 + -2.033 omega^3,0.000,0.0000000000e+00,0.0000000000e+00,0.0000000000e+00,0.0000000000e+00,0.0000000000e+00,0.0000000000e+00,0.0000000000e+00,0.0000000000e+00,0.0000000000e+00,0.0000000000e+00
3595,2024-08-27 13:55:00,0.061057,8.116690,5.739529,1.024 omega + 0.013 theta omega + 0.016 omega^2 + 0.001 theta^2 omega,-0.036 theta omega^2,0.0000000000e+00,0.0000000000e+00,0.0000000000e+00,0.0000000000e+00,0.0000000000e+00,0.0000000000e+00,0.0000000000e+00,0.0000000000e+00,-3.6125163509e-02,0.0000000000e+00
3596,2024-08-27 14:00:00,0.075329,8.619216,6.094939,1.004 omega + -0.020 omega^2 + -0.001 theta^2 omega,0.000,0.0000000000e+00,0.0000000000e+00,0.0000000000e+00,0.0000000000e+00,0.0000000000e+00,0.0000000000e+00,0.0000000000e+00,0.0000000000e+00,0.0000000000e+00,0.0000000000e+00
3597,2024-08-27 14:05:00,0.091302,8.859382,6.264862,1.002 omega,0.000,0.0000000000e+00,0.0000000000e+00,0.0000000000e+00,0.0000000000e+00,0.0000000000e+00,0.0000000000e+00,0.0000000000e+00,0.0000000000e+00,0.0000000000e+00,0.0000000000e+00
3598,2024-08-27 14:10:00,0.055116,7.045048,4.981754,0.999 omega + -0.019 theta omega^2,-0.039 theta omega^2,0.0000000000e+00,0.0000000000e+00,0.0000000000e+00,0.0000000000e+00,0.0000000000e+00,0.0000000000e+00,0.0000000000e+00,0.0000000000e+00,-3.9204099166e-02,0.0000000000e+00
3599,2024-08-27 14:15:00,0.056793,3.375154,2.386932,1.004 omega + -0.005 theta omega^2,0.000,0.0000000000e+00,0.0000000000e+00,0.0000000000e+00,0.0000000000e+00,0.0000000000e+00,0.0000000000e+00,0.0000000000e+00,0.0000000000e+00,0.0000000000e+00,0.0000000000e+00
3600,2024-08-27 14:20:00,0.058019,2.621783,1.854334,0.989 omega + -0.002 theta omega + -0.154 omega^2 + -0.020 theta omega^2,0.000,0.0000000000e+00,0.0000000000e+00,0.0000000000e+00,0.0000000000e+00,0.0000000000e+00,0.0000000000e+00,0.0000000000e+00,0.0000000000e+00,0.0000000000e+00,0.0000000000e+00
3601,2024-08-27 14:25:00,0.030110,4.791089,3.387878,0.002 1 + 1.041 omega + 0.205 omega^2,0.000,0.0000000000e+00,0.0000000000e+00,0.0000000000e+00,0.0000000000e+00,0.0000000000e+00,0.0000000000e+00,0.0000000000e+00,0.0000000000e+00,0.0000000000e+00,0.0000000000e+00
3602,2024-08-27 14:30:00,0.026130,2.389603,1.689805,0.001 1 + 1.014 omega + -0.005 theta omega^2,0.000,0.0000000000e+00,0.0000000000e+00,0.0000000000e+00,0.0000000000e+00,0.0000000000e+00,0.0000000000e+00,0.0000000000e+00,0.0000000000e+00,0.0000000000e+00,0.0000000000e+00
3603,2024-08-27 14:35:00,0.035432,1.145469,0.810357,0.994 omega + -0.099 omega^2 + -0.004 theta omega^2,0.000,0.0000000000e+00,0.0000000000e+00,0.0000000000e+00,0.0000000000e+00,0.0000000000e+00,0.0000000000e+00,0.0000000000e+00,0.0000000000e+00,0.0000000000e+00,0.0000000000e+00
3604,2024-08-27 14:40:00,0.060545,9.664344,6.833857,1.015 omega + 0.001 theta omega + 0.162 omega^2,0.000,0.0000000000e+00,0.0000000000e+00,0.0000000000e+00,0.0000000000e+00,0.0000000000e+00,0.0000000000e+00,0.0000000000e+00,0.0000000000e+00,0.0000000000e+00,0.0000000000e+00
3605,2024-08-27 14:45:00,0.078443,7.515660,5.314664,1.010 omega + 0.027 omega^2,0.000,0.0000000000e+00,0.0000000000e+00,0.0000000000e+00,0.0000000000e+00,0.0000000000e+00,0.0000000000e+00,0.0000000000e+00,0.0000000000e+00,0.0000000000e+00,0.0000000000e+00
3606,2024-08-27 14:50:00,0.244804,34.015764,24.053400,1.000 omega + -0.001 omega^3,0.000,0.0000000000e+00,0.0000000000e+00,0.0000000000e+00,0.0000000000e+00,0.0000000000e+00,0.0000000000e+00,0.0000000000e+00,0.0000000000e+00,0.0000000000e+00,0.0000000000e+00
3607,2024-08-27 14:55:00,0.063613,6.473685,4.577807,0.999 omega,0.000,0.0000000000e+00,0.0000000000e+00,0.0000000000e+00,0.0000000000e+00,0.0000000000e+00,0.0000000000e+00,0.0000000000e+00,0.0000000000e+00,0.0000000000e+00,0.0000000000e+00
3608,2024-08-27 15:00:00,0.086299,7.158149,5.061944,1.000 omega + 0.002 omega^2,0.000,0.0000000000e+00,0.0000000000e+00,0.0000000000e+00,0.0000000000e+00,0.0000000000e+00,0.0000000000e+00,0.0000000000e+00,0.0000000000e+00,0.0000000000e+00,0.0000000000e+00
3609,2024-08-27 15:05:00,0.080979,7.791118,5.509450,1.005 omega + -0.057 omega^2 + -0.010 theta omega^2 + -0.206 omega^3,0.000,0.0000000000e+00,0.0000000000e+00,0.0000000000e+00,0.0000000000e+00,0.0000000000e+00,0.0000000000e+00,0.0000000000e+00,0.0000000000e+00,0.0000000000e+00,0.0000000000e+00
3610,2024-08-27 15:10:00,0.097140,13.457546,9.516170,0.997 omega + -0.061 omega^2,0.000,0.0000000000e+00,0.0000000000e+00,0.0000000000e+00,0.0000000000e+00,0.0000000000e+00,0.0000000000e+00,0.0000000000e+00,0.0000000000e+00,0.0000000000e+00,0.0000000000e+00
3611,2024-08-27 15:15:00,0.141277,15.798075,11.171373,0.996 omega + -0.047 omega^2 + -0.005 theta omega^2,0.000,0.0000000000e+00,0.0000000000e+00,0.0000000000e+00,0.0000000000e+00,0.0000000000e+00,0.0000000000e+00,0.0000000000e+00,0.0000000000e+00,0.0000000000e+00,0.0000000000e+00
3612,2024-08-27 15:20:00,0.063813,3.356645,2.373935,1.005 omega + 0.032 omega^2 + -0.032 theta omega^2,-0.028 theta omega^2,0.0000000000e+00,0.0000000000e+00,0.0000000000e+00,0.0000000000e+00,0.0000000000e+00,0.0000000000e+00,0.0000000000e+00,0.0000000000e+00,-2.8002330256e-02,0.0000000000e+00
3613,2024-08-27 15:25:00,0.057854,4.514333,3.192378,1.001 omega + -0.002 theta omega + -0.001 theta^2 omega,0.000,0.0000000000e+00,0.0000000000e+00,0.0000000000e+00,0.0000000000e+00,0.0000000000e+00,0.0000000000e+00,0.0000000000e+00,0.0000000000e+00,0.0000000000e+00,0.0000000000e+00
3614,2024-08-27 15:30:00,0.095862,12.183114,8.615029,1.010 omega + -0.132 omega^2 + 0.408 omega^3,0.000,0.0000000000e+00,0.0000000000e+00,0.0000000000e+00,0.0000000000e+00,0.0000000000e+00,0.0000000000e+00,0.0000000000e+00,0.0000000000e+00,0.0000000000e+00,0.0000000000e+00
3615,2024-08-27 15:35:00,0.067021,4.993104,3.530976,0.999 omega + 0.001 theta omega + 0.023 omega^2 + -0.004 theta omega^2,0.000,0.0000000000e+00,0.0000000000e+00,0.0000000000e+00,0.0000000000e+00,0.0000000000e+00,0.0000000000e+00,0.0000000000e+00,0.0000000000e+00,0.0000000000e+00,0.0000000000e+00
3616,2024-08-27 15:40:00,0.071982,9.059295,6.406091,1.000 omega + 0.001 theta omega + 0.011 omega^2 + -0.003 theta omega^2,0.000,0.0000000000e+00,0.0000000000e+00,0.0000000000e+00,0.0000000000e+00,0.0000000000e+00,0.0000000000e+00,0.0000000000e+00,0.0000000000e+00,0.0000000000e+00,0.0000000000e+00
3617,2024-08-27 15:45:00,0.105537,7.505851,5.307963,1.001 omega + -0.021 omega^2,0.000,0.0000000000e+00,0.0000000000e+00,0.0000000000e+00,0.0000000000e+00,0.0000000000e+00,0.0000000000e+00,0.0000000000e+00,0.0000000000e+00,0.0000000000e+00,0.0000000000e+00
3618,2024-08-27 15:50:00,0.065753,9.097372,6.432982,0.998 omega + -0.095 omega^2 + -0.042 theta omega^2,-0.046 theta omega^2,0.0000000000e+00,0.0000000000e+00,0.0000000000e+00,0.0000000000e+00,0.0000000000e+00,0.0000000000e+00,0.0000000000e+00,0.0000000000e+00,-4.6246673751e-02,0.0000000000e+00
3619,2024-08-27 15:55:00,0.095326,13.858947,9.799987,1.005 omega + -0.001 theta omega + -0.022 omega^2,-0.024 theta omega^2,0.0000000000e+00,0.0000000000e+00,0.0000000000e+00,0.0000000000e+00,0.0000000000e+00,0.0000000000e+00,0.0000000000e+00,0.0000000000e+00,-2.4123587068e-02,0.0000000000e+00
3620,2024-08-27 16:00:00,0.121182,15.298384,10.817931,0.998 omega + -0.003 theta omega^2,0.000,0.0000000000e+00,0.0000000000e+00,0.0000000000e+00,0.0000000000e+00,0.0000000000e+00,0.0000000000e+00,0.0000000000e+00,0.0000000000e+00,0.0000000000e+00,0.0000000000e+00
3621,2024-08-27 16:05:00,0.067426,3.884305,2.747032,1.006 omega + -0.042 omega^2,0.000,0.0000000000e+00,0.0000000000e+00,0.0000000000e+00,0.0000000000e+00,0.0000000000e+00,0.0000000000e+00,0.0000000000e+00,0.0000000000e+00,0.0000000000e+00,0.0000000000e+00
3622,2024-08-27 16:10:00,0.135314,14.097789,9.969102,0.999 omega + -0.006 omega^2,0.000,0.0000000000e+00,0.0000000000e+00,0.0000000000e+00,0.0000000000e+00,0.0000000000e+00,0.0000000000e+00,0.0000000000e+00,0.0000000000e+00,0.0000000000e+00,0.0000000000e+00
3623,2024-08-27 16:15:00,0.053214,2.380437,1.683643,1.002 omega + 0.015 omega^2,0.000,0.0000000000e+00,0.0000000000e+00,0.0000000000e+00,0.0000000000e+00,0.0000000000e+00,0.0000000000e+00,0.0000000000e+00,0.0000000000e+00,0.0000000000e+00,0.0000000000e+00
3624,2024-08-27 16:20:00,0.093538,5.335980,3.773688,1.007 omega + 0.028 omega^2,0.000,0.0000000000e+00,0.0000000000e+00,0.0000000000e+00,0.0000000000e+00,0.0000000000e+00,0.0000000000e+00,0.0000000000e+00,0.0000000000e+00,0.0000000000e+00,0.0000000000e+00
3625,2024-08-27 16:25:00,0.056120,6.018169,4.255673,-0.006 1 + 0.919 omega + -0.360 omega^2 + -0.510 omega^3,0.000,0.0000000000e+00,0.0000000000e+00,0.0000000000e+00,0.0000000000e+00,0.0000000000e+00,0.0000000000e+00,0.0000000000e+00,0.0000000000e+00,0.0000000000e+00,0.0000000000e+00
3626,2024-08-27 16:30:00,0.094030,11.410272,8.068555,-0.010 1 + -0.001 theta + 0.941 omega + -0.005 theta omega,0.000,0.0000000000e+00,0.0000000000e+00,0.0000000000e+00,0.0000000000e+00,0.0000000000e+00,0.0000000000e+00,0.0000000000e+00,0.0000000000e+00,0.0000000000e+00,0.0000000000e+00
3627,2024-08-27 16:35:00,0.249310,32.299333,22.839758,0.999 omega + -0.065 omega^3,0.000,0.0000000000e+00,0.0000000000e+00,0.0000000000e+00,0.0000000000e+00,0.0000000000e+00,0.0000000000e+00,0.0000000000e+00,0.0000000000e+00,0.0000000000e+00,0.0000000000e+00
3628,2024-08-27 16:40:00,0.124558,15.844658,11.204211,1.000 omega + -0.013 omega^2,0.000,0.0000000000e+00,0.0000000000e+00,0.0000000000e+00,0.0000000000e+00,0.0000000000e+00,0.0000000000e+00,0.0000000000e+00,0.0000000000e+00,0.0000000000e+00,0.0000000000e+00
3629,2024-08-27 16:45:00,0.119351,14.261125,10.084491,1.008 omega + 0.044 omega^2,0.000,0.0000000000e+00,0.0000000000e+00,0.0000000000e+00,0.0000000000e+00,0.0000000000e+00,0.0000000000e+00,0.0000000000e+00,0.0000000000e+00,0.0000000000e+00,0.0000000000e+00
3630,2024-08-27 16:50:00,0.097785,7.166714,5.068104,0.999 omega,0.000,0.0000000000e+00,0.0000000000e+00,0.0000000000e+00,0.0000000000e+00,0.0000000000e+00,0.0000000000e+00,0.0000000000e+00,0.0000000000e+00,0.0000000000e+00,0.0000000000e+00
3631,2024-08-27 16:55:00,0.079621,10.447004,7.387362,1.000 omega + -0.006 theta omega + -0.003 theta^2 omega,0.000,0.0000000000e+00,0.0000000000e+00,0.0000000000e+00,0.0000000000e+00,0.0000000000e+00,0.0000000000e+00,0.0000000000e+00,0.0000000000e+00,0.0000000000e+00,0.0000000000e+00
3632,2024-08-27 17:00:00,0.213922,27.201388,19.234881,1.005 omega + 0.011 omega^2,0.000,0.0000000000e+00,0.0000000000e+00,0.0000000000e+00,0.0000000000e+00,0.0000000000e+00,0.0000000000e+00,0.0000000000e+00,0.0000000000e+00,0.0000000000e+00,0.0000000000e+00
3633,2024-08-27 17:05:00,0.279150,36.418940,25.752836,0.998 omega + 0.076 omega^3,0.000,0.0000000000e+00,0.0000000000e+00,0.0000000000e+00,0.0000000000e+00,0.0000000000e+00,0.0000000000e+00,0.0000000000e+00,0.0000000000e+00,0.0000000000e+00,0.0000000000e+00
3634,2024-08-27 17:10:00,0.256917,28.587516,20.215242,0.997 omega + -0.019 omega^2 + 0.110 omega^3,0.000,0.0000000000e+00,0.0000000000e+00,0.0000000000e+00,0.0000000000e+00,0.0000000000e+00,0.0000000000e+00,0.0000000000e+00,0.0000000000e+00,0.0000000000e+00,0.0000000000e+00
3635,2024-08-27 17:15:00,0.245390,29.604058,20.933949,1.001 omega + 0.044 omega^2 + -0.188 omega^3,0.000,0.0000000000e+00,0.0000000000e+00,0.0000000000e+00,0.0000000000e+00,0.0000000000e+00,0.0000000000e+00,0.0000000000e+00,0.0000000000e+00,0.0000000000e+00,0.0000000000e+00
3636,2024-08-27 17:20:00,0.204058,21.808981,15.421954,0.999 omega + -0.006 omega^2,0.000,0.0000000000e+00,0.0000000000e+00,0.0000000000e+00,0.0000000000e+00,0.0000000000e+00,0.0000000000e+00,0.0000000000e+00,0.0000000000e+00,0.0000000000e+00,0.0000000000e+00
3637,2024-08-27 17:25:00,0.185895,19.552777,13.826526,1.010 omega + 0.047 omega^2 + -0.629 omega^3,0.000,0.0000000000e+00,0.0000000000e+00,0.0000000000e+00,0.0000000000e+00,0.0000000000e+00,0.0000000000e+00,0.0000000000e+00,0.0000000000e+00,0.0000000000e+00,0.0000000000e+00
3638,2024-08-27 17:30:00,0.221941,21.485543,15.193383,1.000 omega + 0.018 omega^3,0.000,0.0000000000e+00,0.0000000000e+00,0.0000000000e+00,0.0000000000e+00,0.0000000000e+00,0.0000000000e+00,0.0000000000e+00,0.0000000000e+00,0.0000000000e+00,0.0000000000e+00
3639,2024-08-27 17:35:00,0.130875,11.022769,7.794824,0.999 omega,0.000,0.0000000000e+00,0.0000000000e+00,0.0000000000e+00,0.0000000000e+00,0.0000000000e+00,0.0000000000e+00,0.0000000000e+00,0.0000000000e+00,0.0000000000e+00,0.0000000000e+00
3640,2024-08-27 17:40:00,0.064774,2.297660,1.625336,1.000 omega + 0.037 omega^2 + -0.002 theta omega^2,0.000,0.0000000000e+00,0.0000000000e+00,0.0000000000e+00,0.0000000000e+00,0.0000000000e+00,0.0000000000e+00,0.0000000000e+00,0.0000000000e+00,0.0000000000e+00,0.0000000000e+00
3641,2024-08-27 17:45:00,0.122364,12.961149,9.165325,1.000 omega + -0.026 omega^2,0.000,0.0000000000e+00,0.0000000000e+00,0.0000000000e+00,0.0000000000e+00,0.0000000000e+00,0.0000000000e+00,0.0000000000e+00,0.0000000000e+00,0.0000000000e+00,0.0000000000e+00
3642,2024-08-27 17:50:00,0.097630,15.014098,10.616795,0.001 1 + 0.997 omega + 0.020 omega^2 + -0.003 theta omega^2,0.000,0.0000000000e+00,0.0000000000e+00,0.0000000000e+00,0.0000000000e+00,0.0000000000e+00,0.0000000000e+00,0.0000000000e+00,0.0000000000e+00,0.0000000000e+00,0.0000000000e+00
3643,2024-08-27 17:55:00,0.052826,4.545743,3.214542,1.001 omega + -0.002 omega^2,0.000,0.0000000000e+00,0.0000000000e+00,0.0000000000e+00,0.0000000000e+00,0.0000000000e+00,0.0000000000e+00,0.0000000000e+00,0.0000000000e+00,0.0000000000e+00,0.0000000000e+00
3644,2024-08-27 18:00:00,0.031037,4.234184,2.994101,0.002 1 + 0.980 omega + 0.064 omega^2,0.000,0.0000000000e+00,0.0000000000e+00,0.0000000000e+00,0.0000000000e+00,0.0000000000e+00,0.0000000000e+00,0.0000000000e+00,0.0000000000e+00,0.0000000000e+00,0.0000000000e+00
3645,2024-08-27 18:05:00,0.116491,6.039285,4.271214,1.005 omega + 0.012 omega^2 + -0.200 omega^3,0.000,0.0000000000e+00,0.0000000000e+00,0.0000000000e+00,0.0000000000e+00,0.0000000000e+00,0.0000000000e+00,0.0000000000e+00,0.0000000000e+00,0.0000000000e+00,0.0000000000e+00
3646,2024-08-27 18:10:00,0.239491,21.555203,15.242771,0.999 omega,0.000,0.0000000000e+00,0.0000000000e+00,0.0000000000e+00,0.0000000000e+00,0.0000000000e+00,0.0000000000e+00,0.0000000000e+00,0.0000000000e+00,0.0000000000e+00,0.0000000000e+00
3647,2024-08-27 18:15:00,0.155382,13.259641,9.376626,1.000 omega + 0.007 omega^2,0.000,0.0000000000e+00,0.0000000000e+00,0.0000000000e+00,0.0000000000e+00,0.0000000000e+00,0.0000000000e+00,0.0000000000e+00,0.0000000000e+00,0.0000000000e+00,0.0000000000e+00
3648,2024-08-27 18:20:00,0.183651,21.869073,15.464315,1.001 omega + -0.032 omega^2 + -0.004 theta omega^2 + -0.118 omega^3,0.000,0.0000000000e+00,0.0000000000e+00,0.0000000000e+00,0.0000000000e+00,0.0000000000e+00,0.0000000000e+00,0.0000000000e+00,0.0000000000e+00,0.0000000000e+00,0.0000000000e+00
3649,2024-08-27 18:25:00,0.192732,24.627328,17.414684,1.000 omega + 0.040 omega^2 + -0.003 theta omega^2 + 0.019 omega^3,0.000,0.0000000000e+00,0.0000000000e+00,0.0000000000e+00,0.0000000000e+00,0.0000000000e+00,0.0000000000e+00,0.0000000000e+00,0.0000000000e+00,0.0000000000e+00,0.0000000000e+00
3650,2024-08-27 18:30:00,0.178928,21.869511,15.464597,0.998 omega + -0.007 omega^2,0.000,0.0000000000e+00,0.0000000000e+00,0.0000000000e+00,0.0000000000e+00,0.0000000000e+00,0.0000000000e+00,0.0000000000e+00,0.0000000000e+00,0.0000000000e+00,0.0000000000e+00
3651,2024-08-27 18:35:00,0.082391,4.905004,3.468851,0.993 omega + 0.002 theta omega + 0.119 omega^2 + -0.017 theta omega^2,0.000,0.0000000000e+00,0.0000000000e+00,0.0000000000e+00,0.0000000000e+00,0.0000000000e+00,0.0000000000e+00,0.0000000000e+00,0.0000000000e+00,0.0000000000e+00,0.0000000000e+00
3652,2024-08-27 18:40:00,0.044492,4.400444,3.111743,-0.001 1 + 1.009 omega + 0.014 omega^2 + -0.003 theta omega^2,0.000,0.0000000000e+00,0.0000000000e+00,0.0000000000e+00,0.0000000000e+00,0.0000000000e+00,0.0000000000e+00,0.0000000000e+00,0.0000000000e+00,0.0000000000e+00,0.0000000000e+00
3653,2024-08-27 18:45:00,0.069353,9.113239,6.444220,1.000 omega,0.000,0.0000000000e+00,0.0000000000e+00,0.0000000000e+00,0.0000000000e+00,0.0000000000e+00,0.0000000000e+00,0.0000000000e+00,0.0000000000e+00,0.0000000000e+00,0.0000000000e+00
3654,2024-08-27 18:50:00,0.057675,2.214590,1.566483,0.994 omega + 0.001 theta omega + 0.102 omega^2 + -0.008 theta omega^2,0.000,0.0000000000e+00,0.0000000000e+00,0.0000000000e+00,0.0000000000e+00,0.0000000000e+00,0.0000000000e+00,0.0000000000e+00,0.0000000000e+00,0.0000000000e+00,0.0000000000e+00
3655,2024-08-27 18:55:00,0.191084,21.246131,15.023891,1.002 omega + -0.017 omega^2 + -0.166 omega^3,0.000,0.0000000000e+00,0.0000000000e+00,0.0000000000e+00,0.0000000000e+00,0.0000000000e+00,0.0000000000e+00,0.0000000000e+00,0.0000000000e+00,0.0000000000e+00,0.0000000000e+00
3656,2024-08-27 19:00:00,0.153452,19.038994,13.463039,1.001 omega,0.000,0.0000000000e+00,0.0000000000e+00,0.0000000000e+00,0.0000000000e+00,0.0000000000e+00,0.0000000000e+00,0.0000000000e+00,0.0000000000e+00,0.0000000000e+00,0.0000000000e+00
3657,2024-08-27 19:05:00,0.067939,2.451371,1.734047,1.000 omega + -0.004 omega^2,0.000,0.0000000000e+00,0.0000000000e+00,0.0000000000e+00,0.0000000000e+00,0.0000000000e+00,0.0000000000e+00,0.0000000000e+00,0.0000000000e+00,0.0000000000e+00,0.0000000000e+00
3658,2024-08-27 19:10:00,0.158081,22.511314,15.918295,1.010 omega + -0.057 omega^2,0.000,0.0000000000e+00,0.0000000000e+00,0.0000000000e+00,0.0000000000e+00,0.0000000000e+00,0.0000000000e+00,0.0000000000e+00,0.0000000000e+00,0.0000000000e+00,0.0000000000e+00
3659,2024-08-27 19:15:00,0.106485,12.607254,8.914992,1.002 omega + -0.008 theta omega^2,0.000,0.0000000000e+00,0.0000000000e+00,0.0000000000e+00,0.0000000000e+00,0.0000000000e+00,0.0000000000e+00,0.0000000000e+00,0.0000000000e+00,0.0000000000e+00,0.0000000000e+00
3660,2024-08-27 19:20:00,0.051306,4.952952,3.502454,0.999 omega + 0.065 omega^2 + 0.001 theta^2 omega + -0.079 theta omega^2,0.000,0.0000000000e+00,0.0000000000e+00,0.0000000000e+00,0.0000000000e+00,0.0000000000e+00,0.0000000000e+00,0.0000000000e+00,0.0000000000e+00,0.0000000000e+00,0.0000000000e+00
3661,2024-08-27 19:25:00,0.170992,20.252580,14.321247,1.000 omega + 0.042 omega^2 + -0.002 theta omega^2,0.000,0.0000000000e+00,0.0000000000e+00,0.0000000000e+00,0.0000000000e+00,0.0000000000e+00,0.0000000000e+00,0.0000000000e+00,0.0000000000e+00,0.0000000000e+00,0.0000000000e+00
3662,2024-08-27 19:30:00,0.133925,11.126482,7.868181,0.995 omega + 0.021 omega^2,0.000,0.0000000000e+00,0.0000000000e+00,0.0000000000e+00,0.0000000000e+00,0.0000000000e+00,0.0000000000e+00,0.0000000000e+00,0.0000000000e+00,0.0000000000e+00,0.0000000000e+00
3663,2024-08-27 19:35:00,0.044427,2.773013,1.961068,1.009 omega + 0.024 omega^2 + -0.009 theta omega^2,0.015 omega + -0.019 theta omega^2,0.0000000000e+00,0.0000000000e+00,1.5047906532e-02,0.0000000000e+00,0.0000000000e+00,0.0000000000e+00,0.0000000000e+00,0.0000000000e+00,-1.8952944527e-02,0.0000000000e+00
3664,2024-08-27 19:40:00,0.067836,6.640321,4.695661,1.016 omega + -0.078 omega^2 + -0.001 theta omega^2,0.000,0.0000000000e+00,0.0000000000e+00,0.0000000000e+00,0.0000000000e+00,0.0000000000e+00,0.0000000000e+00,0.0000000000e+00,0.0000000000e+00,0.0000000000e+00,0.0000000000e+00
3665,2024-08-27 19:45:00,0.106320,12.090345,8.549495,0.998 omega,0.000,0.0000000000e+00,0.0000000000e+00,0.0000000000e+00,0.0000000000e+00,0.0000000000e+00,0.0000000000e+00,0.0000000000e+00,0.0000000000e+00,0.0000000000e+00,0.0000000000e+00
3666,2024-08-27 19:50:00,0.083368,6.201005,4.385169,0.998 omega + 0.010 omega^2,0.000,0.0000000000e+00,0.0000000000e+00,0.0000000000e+00,0.0000000000e+00,0.0000000000e+00,0.0000000000e+00,0.0000000000e+00,0.0000000000e+00,0.0000000000e+00,0.0000000000e+00
3667,2024-08-27 19:55:00,0.115766,9.781003,6.916698,1.000 omega,0.000,0.0000000000e+00,0.0000000000e+00,0.0000000000e+00,0.0000000000e+00,0.0000000000e+00,0.0000000000e+00,0.0000000000e+00,0.0000000000e+00,0.0000000000e+00,0.0000000000e+00
3668,2024-08-27 20:00:00,0.071184,3.782811,2.675325,1.005 omega + 0.002 omega^2 + -0.002 theta omega^2,0.000,0.0000000000e+00,0.0000000000e+00,0.0000000000e+00,0.0000000000e+00,0.0000000000e+00,0.0000000000e+00,0.0000000000e+00,0.0000000000e+00,0.0000000000e+00,0.0000000000e+00
3669,2024-08-27 20:05:00,0.077565,10.903340,7.710020,1.002 omega + 0.011 omega^2,-0.030 theta omega^2,0.0000000000e+00,0.0000000000e+00,0.0000000000e+00,0.0000000000e+00,0.0000000000e+00,0.0000000000e+00,0.0000000000e+00,0.0000000000e+00,-2.9834525765e-02,0.0000000000e+00
3670,2024-08-27 20:10:00,0.079294,9.219470,6.519391,1.010 omega + -0.088 omega^2,0.000,0.0000000000e+00,0.0000000000e+00,0.0000000000e+00,0.0000000000e+00,0.0000000000e+00,0.0000000000e+00,0.0000000000e+00,0.0000000000e+00,0.0000000000e+00,0.0000000000e+00
3671,2024-08-27 20:15:00,0.054708,3.179815,2.248801,1.003 omega + -0.013 omega^2,0.000,0.0000000000e+00,0.0000000000e+00,0.0000000000e+00,0.0000000000e+00,0.0000000000e+00,0.0000000000e+00,0.0000000000e+00,0.0000000000e+00,0.0000000000e+00,0.0000000000e+00
3672,2024-08-27 20:20:00,0.202419,28.524489,20.170368,1.003 omega + -0.003 theta omega^2 + 0.092 omega^3,0.000,0.0000000000e+00,0.0000000000e+00,0.0000000000e+00,0.0000000000e+00,0.0000000000e+00,0.0000000000e+00,0.0000000000e+00,0.0000000000e+00,0.0000000000e+00,0.0000000000e+00
3673,2024-08-27 20:25:00,0.185139,18.132349,12.822175,0.999 omega + 0.007 omega^3,0.000,0.0000000000e+00,0.0000000000e+00,0.0000000000e+00,0.0000000000e+00,0.0000000000e+00,0.0000000000e+00,0.0000000000e+00,0.0000000000e+00,0.0000000000e+00,0.0000000000e+00
3674,2024-08-27 20:30:00,0.169605,21.521822,15.218699,1.000 omega + -0.146 omega^2 + -0.864 omega^3,0.000,0.0000000000e+00,0.0000000000e+00,0.0000000000e+00,0.0000000000e+00,0.0000000000e+00,0.0000000000e+00,0.0000000000e+00,0.0000000000e+00,0.0000000000e+00,0.0000000000e+00
3675,2024-08-27 20:35:00,0.232614,25.929370,18.335571,1.003 omega + 0.023 omega^2 + -0.222 omega^3,0.000,0.0000000000e+00,0.0000000000e+00,0.0000000000e+00,0.0000000000e+00,0.0000000000e+00,0.0000000000e+00,0.0000000000e+00,0.0000000000e+00,0.0000000000e+00,0.0000000000e+00
3676,2024-08-27 20:40:00,0.043082,2.577638,1.822920,-0.002 1 + 1.033 omega + -0.113 omega^2,0.000,0.0000000000e+00,0.0000000000e+00,0.0000000000e+00,0.0000000000e+00,0.0000000000e+00,0.0000000000e+00,0.0000000000e+00,0.0000000000e+00,0.0000000000e+00,0.0000000000e+00
3677,2024-08-27 20:45:00,0.056510,7.084141,5.009403,0.990 omega + 0.075 omega^2 + -0.173 omega^3,0.000,0.0000000000e+00,0.0000000000e+00,0.0000000000e+00,0.0000000000e+00,0.0000000000e+00,0.0000000000e+00,0.0000000000e+00,0.0000000000e+00,0.0000000000e+00,0.0000000000e+00
3678,2024-08-27 20:50:00,0.075196,5.669321,4.009168,1.001 omega + 0.022 omega^2 + -0.008 theta omega^2 + 0.112 omega^3,0.000,0.0000000000e+00,0.0000000000e+00,0.0000000000e+00,0.0000000000e+00,0.0000000000e+00,0.0000000000e+00,0.0000000000e+00,0.0000000000e+00,0.0000000000e+00,0.0000000000e+00
3679,2024-08-27 20:55:00,0.059994,2.323843,1.643753,1.003 omega + 0.011 omega^2,0.000,0.0000000000e+00,0.0000000000e+00,0.0000000000e+00,0.0000000000e+00,0.0000000000e+00,0.0000000000e+00,0.0000000000e+00,0.0000000000e+00,0.0000000000e+00,0.0000000000e+00
3680,2024-08-27 21:00:00,0.040295,5.108733,3.612532,-0.026 1 + 0.666 omega + -1.404 omega^2 + -1.934 omega^3,0.000,0.0000000000e+00,0.0000000000e+00,0.0000000000e+00,0.0000000000e+00,0.0000000000e+00,0.0000000000e+00,0.0000000000e+00,0.0000000000e+00,0.0000000000e+00,0.0000000000e+00
3681,2024-08-27 21:05:00,0.056836,9.235061,6.530298,1.014 omega + -0.031 omega^2 + -0.002 theta omega^2,0.000,0.0000000000e+00,0.0000000000e+00,0.0000000000e+00,0.0000000000e+00,0.0000000000e+00,0.0000000000e+00,0.0000000000e+00,0.0000000000e+00,0.0000000000e+00,0.0000000000e+00
3682,2024-08-27 21:10:00,0.061329,5.381381,3.805458,0.995 omega + 0.100 omega^2 + -0.005 theta omega^2,0.000,0.0000000000e+00,0.0000000000e+00,0.0000000000e+00,0.0000000000e+00,0.0000000000e+00,0.0000000000e+00,0.0000000000e+00,0.0000000000e+00,0.0000000000e+00,0.0000000000e+00
3683,2024-08-27 21:15:00,0.070813,12.293277,8.692804,-0.004 1 + 1.076 omega + -0.475 omega^2 + 0.964 omega^3,0.000,0.0000000000e+00,0.0000000000e+00,0.0000000000e+00,0.0000000000e+00,0.0000000000e+00,0.0000000000e+00,0.0000000000e+00,0.0000000000e+00,0.0000000000e+00,0.0000000000e+00
3684,2024-08-27 21:20:00,0.049093,4.217726,2.982585,-0.005 1 + 1.032 omega + 0.001 theta omega + -0.004 theta omega^2,0.000,0.0000000000e+00,0.0000000000e+00,0.0000000000e+00,0.0000000000e+00,0.0000000000e+00,0.0000000000e+00,0.0000000000e+00,0.0000000000e+00,0.0000000000e+00,0.0000000000e+00
3685,2024-08-27 21:25:00,0.069402,4.071234,2.879215,0.982 omega + 0.103 omega^2,0.000,0.0000000000e+00,0.0000000000e+00,0.0000000000e+00,0.0000000000e+00,0.0000000000e+00,0.0000000000e+00,0.0000000000e+00,0.0000000000e+00,0.0000000000e+00,0.0000000000e+00
3686,2024-08-27 21:30:00,0.046736,2.859168,2.022007,0.001 1 + 1.004 omega + -0.081 omega^2 + -0.005 theta omega^2,0.000,0.0000000000e+00,0.0000000000e+00,0.0000000000e+00,0.0000000000e+00,0.0000000000e+00,0.0000000000e+00,0.0000000000e+00,0.0000000000e+00,0.0000000000e+00,0.0000000000e+00
3687,2024-08-27 21:35:00,0.072083,9.798106,6.928495,0.001 1 + 0.987 omega + 0.073 omega^2 + -0.001 theta omega^2,0.000,0.0000000000e+00,0.0000000000e+00,0.0000000000e+00,0.0000000000e+00,0.0000000000e+00,0.0000000000e+00,0.0000000000e+00,0.0000000000e+00,0.0000000000e+00,0.0000000000e+00
3688,2024-08-27 21:40:00,0.072594,7.935172,5.611249,1.003 omega + -0.023 omega^2,0.000,0.0000000000e+00,0.0000000000e+00,0.0000000000e+00,0.0000000000e+00,0.0000000000e+00,0.0000000000e+00,0.0000000000e+00,0.0000000000e+00,0.0000000000e+00,0.0000000000e+00
3689,2024-08-27 21:45:00,0.128791,8.021147,5.672538,1.009 omega + 0.024 omega^2 + -0.333 omega^3,0.000,0.0000000000e+00,0.0000000000e+00,0.0000000000e+00,0.0000000000e+00,0.0000000000e+00,0.0000000000e+00,0.0000000000e+00,0.0000000000e+00,0.0000000000e+00,0.0000000000e+00
3690,2024-08-27 21:50:00,0.193830,20.403570,14.428154,1.000 omega,0.000,0.0000000000e+00,0.0000000000e+00,0.0000000000e+00,0.0000000000e+00,0.0000000000e+00,0.0000000000e+00,0.0000000000e+00,0.0000000000e+00,0.0000000000e+00,0.0000000000e+00
3691,2024-08-27 21:55:00,0.113210,15.677218,11.085756,1.000 omega + 0.011 omega^2,0.000,0.0000000000e+00,0.0000000000e+00,0.0000000000e+00,0.0000000000e+00,0.0000000000e+00,0.0000000000e+00,0.0000000000e+00,0.0000000000e+00,0.0000000000e+00,0.0000000000e+00
3692,2024-08-27 22:00:00,0.158079,24.942189,17.637145,0.988 omega + -0.014 theta omega^2 + 1.301 omega^3,0.000,0.0000000000e+00,0.0000000000e+00,0.0000000000e+00,0.0000000000e+00,0.0000000000e+00,0.0000000000e+00,0.0000000000e+00,0.0000000000e+00,0.0000000000e+00,0.0000000000e+00
3693,2024-08-27 22:05:00,0.114846,11.503005,8.134258,1.003 omega + 0.001 theta omega + 0.020 omega^2,0.000,0.0000000000e+00,0.0000000000e+00,0.0000000000e+00,0.0000000000e+00,0.0000000000e+00,0.0000000000e+00,0.0000000000e+00,0.0000000000e+00,0.0000000000e+00,0.0000000000e+00
3694,2024-08-27 22:10:00,0.078971,11.307871,7.996067,1.007 omega + 0.053 omega^2,0.000,0.0000000000e+00,0.0000000000e+00,0.0000000000e+00,0.0000000000e+00,0.0000000000e+00,0.0000000000e+00,0.0000000000e+00,0.0000000000e+00,0.0000000000e+00,0.0000000000e+00
3695,2024-08-27 22:15:00,0.069362,4.680875,3.310242,0.999 omega,0.000,0.0000000000e+00,0.0000000000e+00,0.0000000000e+00,0.0000000000e+00,0.0000000000e+00,0.0000000000e+00,0.0000000000e+00,0.0000000000e+00,0.0000000000e+00,0.0000000000e+00
3696,2024-08-27 22:20:00,0.056814,3.268461,2.311500,0.992 omega + -0.011 theta omega + -0.064 omega^2 + -0.002 theta^2 omega + -0.036 theta omega^2,-0.037 theta omega^2,0.0000000000e+00,0.0000000000e+00,0.0000000000e+00,0.0000000000e+00,0.0000000000e+00,0.0000000000e+00,0.0000000000e+00,0.0000000000e+00,-3.6573795443e-02,0.0000000000e+00
3697,2024-08-27 22:25:00,0.093223,3.789253,2.680217,1.001 omega + -0.008 omega^2,0.000,0.0000000000e+00,0.0000000000e+00,0.0000000000e+00,0.0000000000e+00,0.0000000000e+00,0.0000000000e+00,0.0000000000e+00,0.0000000000e+00,0.0000000000e+00,0.0000000000e+00
3698,2024-08-27 22:30:00,0.126738,20.487365,14.487032,1.000 omega + 0.002 omega^2,0.000,0.0000000000e+00,0.0000000000e+00,0.0000000000e+00,0.0000000000e+00,0.0000000000e+00,0.0000000000e+00,0.0000000000e+00,0.0000000000e+00,0.0000000000e+00,0.0000000000e+00
3699,2024-08-27 22:35:00,0.029826,1.620036,1.145732,-0.004 1 + 0.904 omega + -0.001 theta omega + -0.485 omega^2 + -0.009 theta omega^2,0.000,0.0000000000e+00,0.0000000000e+00,0.0000000000e+00,0.0000000000e+00,0.0000000000e+00,0.0000000000e+00,0.0000000000e+00,0.0000000000e+00,0.0000000000e+00,0.0000000000e+00
3700,2024-08-27 22:45:00,0.124072,10.741158,7.595652,0.995 omega + -0.003 omega^2 + 0.085 omega^3,-0.015 theta omega^2,0.0000000000e+00,0.0000000000e+00,0.0000000000e+00,0.0000000000e+00,0.0000000000e+00,0.0000000000e+00,0.0000000000e+00,0.0000000000e+00,-1.4907955849e-02,0.0000000000e+00
3701,2024-08-27 22:50:00,0.051599,7.987237,5.647947,0.001 1 + 0.993 omega + 0.010 omega^2,0.000,0.0000000000e+00,0.0000000000e+00,0.0000000000e+00,0.0000000000e+00,0.0000000000e+00,0.0000000000e+00,0.0000000000e+00,0.0000000000e+00,0.0000000000e+00,0.0000000000e+00
3702,2024-08-27 22:55:00,0.248270,37.210591,26.312447,1.003 omega + -0.059 omega^2 + -0.477 omega^3,0.000,0.0000000000e+00,0.0000000000e+00,0.0000000000e+00,0.0000000000e+00,0.0000000000e+00,0.0000000000e+00,0.0000000000e+00,0.0000000000e+00,0.0000000000e+00,0.0000000000e+00
3703,2024-08-27 23:00:00,0.146975,18.338134,12.967435,1.008 omega + 0.036 omega^2,0.000,0.0000000000e+00,0.0000000000e+00,0.0000000000e+00,0.0000000000e+00,0.0000000000e+00,0.0000000000e+00,0.0000000000e+00,0.0000000000e+00,0.0000000000e+00,0.0000000000e+00
3704,2024-08-27 23:05:00,0.049086,4.693552,3.319024,-0.007 1 + 0.915 omega + -0.337 omega^2 + -0.415 omega^3,0.000,0.0000000000e+00,0.0000000000e+00,0.0000000000e+00,0.0000000000e+00,0.0000000000e+00,0.0000000000e+00,0.0000000000e+00,0.0000000000e+00,0.0000000000e+00,0.0000000000e+00
3705,2024-08-27 23:10:00,0.061275,8.531169,6.032603,-0.002 1 + 0.972 omega + -0.110 omega^2 + -0.001 theta omega^2,0.000,0.0000000000e+00,0.0000000000e+00,0.0000000000e+00,0.0000000000e+00,0.0000000000e+00,0.0000000000e+00,0.0000000000e+00,0.0000000000e+00,0.0000000000e+00,0.0000000000e+00
3706,2024-08-27 23:15:00,0.182095,18.271730,12.920706,1.000 omega,0.000,0.0000000000e+00,0.0000000000e+00,0.0000000000e+00,0.0000000000e+00,0.0000000000e+00,0.0000000000e+00,0.0000000000e+00,0.0000000000e+00,0.0000000000e+00,0.0000000000e+00
3707,2024-08-27 23:20:00,0.032949,2.527343,1.787253,0.005 1 + 0.890 omega + 0.001 theta omega + 0.499 omega^2 + -0.010 theta omega^2,0.000,0.0000000000e+00,0.0000000000e+00,0.0000000000e+00,0.0000000000e+00,0.0000000000e+00,0.0000000000e+00,0.0000000000e+00,0.0000000000e+00,0.0000000000e+00,0.0000000000e+00
3708,2024-08-27 23:25:00,0.043036,1.782386,1.260705,-0.002 1 + 1.039 omega + -0.175 omega^2 + 0.001 theta omega^2,0.000,0.0000000000e+00,0.0000000000e+00,0.0000000000e+00,0.0000000000e+00,0.0000000000e+00,0.0000000000e+00,0.0000000000e+00,0.0000000000e+00,0.0000000000e+00,0.0000000000e+00
3709,2024-08-27 23:30:00,0.022092,0.715340,0.506063,-0.001 1 + 1.005 omega + -0.004 omega^2,0.000,0.0000000000e+00,0.0000000000e+00,0.0000000000e+00,0.0000000000e+00,0.0000000000e+00,0.0000000000e+00,0.0000000000e+00,0.0000000000e+00,0.0000000000e+00,0.0000000000e+00
3710,2024-08-27 23:35:00,0.022050,2.894618,2.046864,-0.003 1 + 1.025 omega + 0.002 theta omega + -0.071 omega^2 + -0.009 theta omega^2,0.000,0.0000000000e+00,0.0000000000e+00,0.0000000000e+00,0.0000000000e+00,0.0000000000e+00,0.0000000000e+00,0.0000000000e+00,0.0000000000e+00,0.0000000000e+00,0.0000000000e+00
3711,2024-08-27 23:40:00,0.012207,0.952531,0.673596,-0.011 1 + 1.115 omega + -0.297 omega^2,0.000,0.0000000000e+00,0.0000000000e+00,0.0000000000e+00,0.0000000000e+00,0.0000000000e+00,0.0000000000e+00,0.0000000000e+00,0.0000000000e+00,0.0000000000e+00,0.0000000000e+00
3712,2024-08-27 23:45:00,0.070115,6.453915,4.563876,0.999 omega + 0.002 omega^2,0.000,0.0000000000e+00,0.0000000000e+00,0.0000000000e+00,0.0000000000e+00,0.0000000000e+00,0.0000000000e+00,0.0000000000e+00,0.0000000000e+00,0.0000000000e+00,0.0000000000e+00
3713,2024-08-27 23:50:00,0.044646,6.593876,4.662681,0.986 omega + 0.001 theta omega + 0.084 omega^2 + -0.007 theta omega^2,0.000,0.0000000000e+00,0.0000000000e+00,0.0000000000e+00,0.0000000000e+00,0.0000000000e+00,0.0000000000e+00,0.0000000000e+00,0.0000000000e+00,0.0000000000e+00,0.0000000000e+00
3714,2024-08-27 23:55:00,0.043506,5.345369,3.779872,1.025 omega + -0.001 theta omega + -0.143 omega^2 + 0.008 theta omega^2,0.000,0.0000000000e+00,0.0000000000e+00,0.0000000000e+00,0.0000000000e+00,0.0000000000e+00,0.0000000000e+00,0.0000000000e+00,0.0000000000e+00,0.0000000000e+00,0.0000000000e+00
3715,2024-08-28 00:00:00,0.132486,17.108890,12.098175,1.002 omega + 0.012 omega^2,0.000,0.0000000000e+00,0.0000000000e+00,0.0000000000e+00,0.0000000000e+00,0.0000000000e+00,0.0000000000e+00,0.0000000000e+00,0.0000000000e+00,0.0000000000e+00,0.0000000000e+00
3716,2024-08-28 00:05:00,0.066550,5.208250,3.683090,1.004 omega + -0.040 omega^2 + -0.037 theta omega^2,-0.052 theta omega^2,0.0000000000e+00,0.0000000000e+00,0.0000000000e+00,0.0000000000e+00,0.0000000000e+00,0.0000000000e+00,0.0000000000e+00,0.0000000000e+00,-5.2392853311e-02,0.0000000000e+00
3717,2024-08-28 00:10:00,0.081820,4.099900,2.899644,1.001 omega + -0.016 omega^2,0.000,0.0000000000e+00,0.0000000000e+00,0.0000000000e+00,0.0000000000e+00,0.0000000000e+00,0.0000000000e+00,0.0000000000e+00,0.0000000000e+00,0.0000000000e+00,0.0000000000e+00
3718,2024-08-28 00:15:00,0.062596,3.267925,2.311196,1.010 omega + 0.001 theta omega + -0.008 theta omega^2,-0.011 theta omega^2,0.0000000000e+00,0.0000000000e+00,0.0000000000e+00,0.0000000000e+00,0.0000000000e+00,0.0000000000e+00,0.0000000000e+00,0.0000000000e+00,-1.1475425617e-02,0.0000000000e+00
3719,2024-08-28 00:20:00,0.037537,3.716487,2.628087,0.002 1 + 0.975 omega + -0.001 theta omega + 0.099 omega^2 + 0.002 theta omega^2,0.000,0.0000000000e+00,0.0000000000e+00,0.0000000000e+00,0.0000000000e+00,0.0000000000e+00,0.0000000000e+00,0.0000000000e+00,0.0000000000e+00,0.0000000000e+00,0.0000000000e+00
3720,2024-08-28 00:25:00,0.053520,8.203779,5.801071,1.025 omega + -0.002 theta omega + -0.217 omega^2 + 0.013 theta omega^2,0.000,0.0000000000e+00,0.0000000000e+00,0.0000000000e+00,0.0000000000e+00,0.0000000000e+00,0.0000000000e+00,0.0000000000e+00,0.0000000000e+00,0.0000000000e+00,0.0000000000e+00
3721,2024-08-28 00:30:00,0.061707,9.280474,6.562431,0.998 omega + 0.004 theta omega + -0.263 omega^2 + 0.001 theta^2 omega + -0.087 theta omega^2,0.000,0.0000000000e+00,0.0000000000e+00,0.0000000000e+00,0.0000000000e+00,0.0000000000e+00,0.0000000000e+00,0.0000000000e+00,0.0000000000e+00,0.0000000000e+00,0.0000000000e+00
3722,2024-08-28 00:35:00,0.102527,16.039064,11.341562,0.002 1 + 0.975 omega + 0.135 omega^2 + -0.002 theta omega^2,0.000,0.0000000000e+00,0.0000000000e+00,0.0000000000e+00,0.0000000000e+00,0.0000000000e+00,0.0000000000e+00,0.0000000000e+00,0.0000000000e+00,0.0000000000e+00,0.0000000000e+00
3723,2024-08-28 00:50:00,0.053023,4.726419,3.342293,1.001 omega + 0.042 omega^2 + -0.006 theta omega^2,0.000,0.0000000000e+00,0.0000000000e+00,0.0000000000e+00,0.0000000000e+00,0.0000000000e+00,0.0000000000e+00,0.0000000000e+00,0.0000000000e+00,0.0000000000e+00,0.0000000000e+00
3724,2024-08-28 00:55:00,0.047681,6.905928,4.883345,1.000 omega + 0.008 omega^2,0.000,0.0000000000e+00,0.0000000000e+00,0.0000000000e+00,0.0000000000e+00,0.0000000000e+00,0.0000000000e+00,0.0000000000e+00,0.0000000000e+00,0.0000000000e+00,0.0000000000e+00
3725,2024-08-28 01:00:00,0.131989,12.877530,9.106267,1.006 omega + 0.001 theta omega + 0.001 omega^2 + 0.003 theta omega^2,0.000,0.0000000000e+00,0.0000000000e+00,0.0000000000e+00,0.0000000000e+00,0.0000000000e+00,0.0000000000e+00,0.0000000000e+00,0.0000000000e+00,0.0000000000e+00,0.0000000000e+00
3726,2024-08-28 01:05:00,0.185174,15.622425,11.047499,1.000 omega,0.000,0.0000000000e+00,0.0000000000e+00,0.0000000000e+00,0.0000000000e+00,0.0000000000e+00,0.0000000000e+00,0.0000000000e+00,0.0000000000e+00,0.0000000000e+00,0.0000000000e+00
3727,2024-08-28 01:10:00,0.213059,22.433520,15.863609,1.000 omega + 0.006 omega^3,0.000,0.0000000000e+00,0.0000000000e+00,0.0000000000e+00,0.0000000000e+00,0.0000000000e+00,0.0000000000e+00,0.0000000000e+00,0.0000000000e+00,0.0000000000e+00,0.0000000000e+00
3728,2024-08-28 01:15:00,0.109755,8.811294,6.231009,0.984 omega + -0.077 omega^2,0.000,0.0000000000e+00,0.0000000000e+00,0.0000000000e+00,0.0000000000e+00,0.0000000000e+00,0.0000000000e+00,0.0000000000e+00,0.0000000000e+00,0.0000000000e+00,0.0000000000e+00
3729,2024-08-28 01:20:00,0.024938,0.840482,0.594572,0.999 omega,0.000,0.0000000000e+00,0.0000000000e+00,0.0000000000e+00,0.0000000000e+00,0.0000000000e+00,0.0000000000e+00,0.0000000000e+00,0.0000000000e+00,0.0000000000e+00,0.0000000000e+00
3730,2024-08-28 01:25:00,0.132044,19.848855,14.035571,-0.001 1 + 1.007 omega + 0.075 omega^2,0.000,0.0000000000e+00,0.0000000000e+00,0.0000000000e+00,0.0000000000e+00,0.0000000000e+00,0.0000000000e+00,0.0000000000e+00,0.0000000000e+00,0.0000000000e+00,0.0000000000e+00
3731,2024-08-28 01:30:00,0.113475,16.376140,11.579957,0.998 omega,0.000,0.0000000000e+00,0.0000000000e+00,0.0000000000e+00,0.0000000000e+00,0.0000000000e+00,0.0000000000e+00,0.0000000000e+00,0.0000000000e+00,0.0000000000e+00,0.0000000000e+00
3732,2024-08-28 01:35:00,0.081339,12.774187,9.032897,0.001 1 + 1.035 omega + 0.311 omega^2 + 0.790 omega^3,0.000,0.0000000000e+00,0.0000000000e+00,0.0000000000e+00,0.0000000000e+00,0.0000000000e+00,0.0000000000e+00,0.0000000000e+00,0.0000000000e+00,0.0000000000e+00,0.0000000000e+00
3733,2024-08-28 01:40:00,0.098419,4.492931,3.177744,0.997 omega + -0.009 omega^2,0.000,0.0000000000e+00,0.0000000000e+00,0.0000000000e+00,0.0000000000e+00,0.0000000000e+00,0.0000000000e+00,0.0000000000e+00,0.0000000000e+00,0.0000000000e+00,0.0000000000e+00
3734,2024-08-28 01:45:00,0.183785,23.691054,16.752609,0.999 omega + 0.083 omega^3,0.000,0.0000000000e+00,0.0000000000e+00,0.0000000000e+00,0.0000000000e+00,0.0000000000e+00,0.0000000000e+00,0.0000000000e+00,0.0000000000e+00,0.0000000000e+00,0.0000000000e+00
3735,2024-08-28 01:50:00,0.101417,13.563722,9.591268,1.000 omega + -0.041 omega^2 + -0.006 theta omega^2,0.000,0.0000000000e+00,0.0000000000e+00,0.0000000000e+00,0.0000000000e+00,0.0000000000e+00,0.0000000000e+00,0.0000000000e+00,0.0000000000e+00,0.0000000000e+00,0.0000000000e+00
3736,2024-08-28 01:55:00,0.041841,5.840577,4.130018,1.015 omega + 0.001 theta omega + 0.125 omega^2 + 0.007 theta omega^2,0.000,0.0000000000e+00,0.0000000000e+00,0.0000000000e+00,0.0000000000e+00,0.0000000000e+00,0.0000000000e+00,0.0000000000e+00,0.0000000000e+00,0.0000000000e+00,0.0000000000e+00
3737,2024-08-28 02:00:00,0.214785,35.641104,25.202524,0.994 omega + 0.066 omega^2 + -0.188 omega^3,0.000,0.0000000000e+00,0.0000000000e+00,0.0000000000e+00,0.0000000000e+00,0.0000000000e+00,0.0000000000e+00,0.0000000000e+00,0.0000000000e+00,0.0000000000e+00,0.0000000000e+00
3738,2024-08-28 02:05:00,0.158776,17.900598,12.658132,0.998 omega + 0.013 omega^2 + -0.016 theta omega^2 + 0.518 omega^3,0.000,0.0000000000e+00,0.0000000000e+00,0.0000000000e+00,0.0000000000e+00,0.0000000000e+00,0.0000000000e+00,0.0000000000e+00,0.0000000000e+00,0.0000000000e+00,0.0000000000e+00
3739,2024-08-28 02:10:00,0.118601,9.279004,6.561782,0.999 omega,0.000,0.0000000000e+00,0.0000000000e+00,0.0000000000e+00,0.0000000000e+00,0.0000000000e+00,0.0000000000e+00,0.0000000000e+00,0.0000000000e+00,0.0000000000e+00,0.0000000000e+00
3740,2024-08-28 02:15:00,0.156677,22.374272,15.821387,1.004 omega + 0.078 omega^2 + -0.011 theta omega^2 + -0.545 omega^3,0.000,0.0000000000e+00,0.0000000000e+00,0.0000000000e+00,0.0000000000e+00,0.0000000000e+00,0.0000000000e+00,0.0000000000e+00,0.0000000000e+00,0.0000000000e+00,0.0000000000e+00
3741,2024-08-28 02:20:00,0.092888,8.410475,5.947467,1.003 omega + -0.037 omega^2 + -0.013 theta omega^2,0.000,0.0000000000e+00,0.0000000000e+00,0.0000000000e+00,0.0000000000e+00,0.0000000000e+00,0.0000000000e+00,0.0000000000e+00,0.0000000000e+00,0.0000000000e+00,0.0000000000e+00
3742,2024-08-28 02:25:00,0.103288,17.839484,12.614632,0.001 1 + 0.989 omega + 0.101 omega^2 + -0.004 theta omega^2,0.000,0.0000000000e+00,0.0000000000e+00,0.0000000000e+00,0.0000000000e+00,0.0000000000e+00,0.0000000000e+00,0.0000000000e+00,0.0000000000e+00,0.0000000000e+00,0.0000000000e+00
3743,2024-08-28 02:30:00,0.019880,1.080471,0.764137,0.001 1 + 0.981 omega + 0.063 omega^2,0.000,0.0000000000e+00,0.0000000000e+00,0.0000000000e+00,0.0000000000e+00,0.0000000000e+00,0.0000000000e+00,0.0000000000e+00,0.0000000000e+00,0.0000000000e+00,0.0000000000e+00
3744,2024-08-28 02:35:00,0.088558,10.985342,7.768062,1.002 omega + -0.001 theta omega,0.000,0.0000000000e+00,0.0000000000e+00,0.0000000000e+00,0.0000000000e+00,0.0000000000e+00,0.0000000000e+00,0.0000000000e+00,0.0000000000e+00,0.0000000000e+00,0.0000000000e+00
3745,2024-08-28 02:40:00,0.080802,13.904790,9.832338,0.989 omega + 0.406 omega^2 + -0.006 theta omega^2 + -1.871 omega^3,0.000,0.0000000000e+00,0.0000000000e+00,0.0000000000e+00,0.0000000000e+00,0.0000000000e+00,0.0000000000e+00,0.0000000000e+00,0.0000000000e+00,0.0000000000e+00,0.0000000000e+00
3746,2024-08-28 02:45:00,0.154581,9.137192,6.461895,1.001 omega + 0.011 omega^2,0.000,0.0000000000e+00,0.0000000000e+00,0.0000000000e+00,0.0000000000e+00,0.0000000000e+00,0.0000000000e+00,0.0000000000e+00,0.0000000000e+00,0.0000000000e+00,0.0000000000e+00
3747,2024-08-28 02:50:00,0.132615,17.138246,12.118933,0.998 omega + -0.004 theta omega^2,0.000,0.0000000000e+00,0.0000000000e+00,0.0000000000e+00,0.0000000000e+00,0.0000000000e+00,0.0000000000e+00,0.0000000000e+00,0.0000000000e+00,0.0000000000e+00,0.0000000000e+00
3748,2024-08-28 02:55:00,0.091342,8.886537,6.284062,1.000 omega + -0.002 omega^3,-0.020 theta omega^2,0.0000000000e+00,0.0000000000e+00,0.0000000000e+00,0.0000000000e+00,0.0000000000e+00,0.0000000000e+00,0.0000000000e+00,0.0000000000e+00,-1.9557090793e-02,0.0000000000e+00
3749,2024-08-28 03:00:00,0.049480,7.311155,5.169886,-0.001 1 + 0.994 omega + -0.030 omega^2 + 0.001 theta omega^2,0.000,0.0000000000e+00,0.0000000000e+00,0.0000000000e+00,0.0000000000e+00,0.0000000000e+00,0.0000000000e+00,0.0000000000e+00,0.0000000000e+00,0.0000000000e+00,0.0000000000e+00
3750,2024-08-28 03:05:00,0.078122,12.816615,9.062884,1.018 omega + -0.063 omega^2 + -0.010 theta omega^2,0.000,0.0000000000e+00,0.0000000000e+00,0.0000000000e+00,0.0000000000e+00,0.0000000000e+00,0.0000000000e+00,0.0000000000e+00,0.0000000000e+00,0.0000000000e+00,0.0000000000e+00
3751,2024-08-28 03:10:00,0.049691,3.490455,2.468374,1.002 omega + -0.012 omega^2,0.000,0.0000000000e+00,0.0000000000e+00,0.0000000000e+00,0.0000000000e+00,0.0000000000e+00,0.0000000000e+00,0.0000000000e+00,0.0000000000e+00,0.0000000000e+00,0.0000000000e+00
3752,2024-08-28 03:15:00,0.089475,13.524896,9.563755,0.999 omega + -0.044 omega^2 + 0.005 theta omega^2,0.000,0.0000000000e+00,0.0000000000e+00,0.0000000000e+00,0.0000000000e+00,0.0000000000e+00,0.0000000000e+00,0.0000000000e+00,0.0000000000e+00,0.0000000000e+00,0.0000000000e+00
3753,2024-08-28 03:20:00,0.115008,15.392174,10.884215,0.997 omega + -0.030 omega^2,0.000,0.0000000000e+00,0.0000000000e+00,0.0000000000e+00,0.0000000000e+00,0.0000000000e+00,0.0000000000e+00,0.0000000000e+00,0.0000000000e+00,0.0000000000e+00,0.0000000000e+00
3754,2024-08-28 03:25:00,0.061584,3.310930,2.341586,1.001 omega + -0.002 omega^2,0.000,0.0000000000e+00,0.0000000000e+00,0.0000000000e+00,0.0000000000e+00,0.0000000000e+00,0.0000000000e+00,0.0000000000e+00,0.0000000000e+00,0.0000000000e+00,0.0000000000e+00
3755,2024-08-28 03:30:00,0.065079,9.211748,6.513852,1.000 omega + 0.053 omega^2 + -0.049 theta omega^2,0.000,0.0000000000e+00,0.0000000000e+00,0.0000000000e+00,0.0000000000e+00,0.0000000000e+00,0.0000000000e+00,0.0000000000e+00,0.0000000000e+00,0.0000000000e+00,0.0000000000e+00
3756,2024-08-28 03:35:00,0.031051,3.823625,2.703800,1.011 omega + -0.001 theta omega + -0.040 omega^2 + -0.022 theta omega^2,0.000,0.0000000000e+00,0.0000000000e+00,0.0000000000e+00,0.0000000000e+00,0.0000000000e+00,0.0000000000e+00,0.0000000000e+00,0.0000000000e+00,0.0000000000e+00,0.0000000000e+00
3757,2024-08-28 03:40:00,0.145030,21.991127,15.550414,1.007 omega + -0.007 theta omega^2,0.000,0.0000000000e+00,0.0000000000e+00,0.0000000000e+00,0.0000000000e+00,0.0000000000e+00,0.0000000000e+00,0.0000000000e+00,0.0000000000e+00,0.0000000000e+00,0.0000000000e+00
3758,2024-08-28 03:45:00,0.068931,2.928768,2.071525,1.003 omega + 0.032 omega^2,0.000,0.0000000000e+00,0.0000000000e+00,0.0000000000e+00,0.0000000000e+00,0.0000000000e+00,0.0000000000e+00,0.0000000000e+00,0.0000000000e+00,0.0000000000e+00,0.0000000000e+00
3759,2024-08-28 03:50:00,0.107661,9.751858,6.896025,1.003 omega,0.000,0.0000000000e+00,0.0000000000e+00,0.0000000000e+00,0.0000000000e+00,0.0000000000e+00,0.0000000000e+00,0.0000000000e+00,0.0000000000e+00,0.0000000000e+00,0.0000000000e+00
3760,2024-08-28 03:55:00,0.123282,17.475252,12.357177,0.993 omega + -0.016 omega^2 + 0.001 theta omega^2,0.000,0.0000000000e+00,0.0000000000e+00,0.0000000000e+00,0.0000000000e+00,0.0000000000e+00,0.0000000000e+00,0.0000000000e+00,0.0000000000e+00,0.0000000000e+00,0.0000000000e+00
3761,2024-08-28 04:00:00,0.236790,25.129692,17.770165,1.004 omega + -0.037 omega^2 + -0.222 omega^3,0.000,0.0000000000e+00,0.0000000000e+00,0.0000000000e+00,0.0000000000e+00,0.0000000000e+00,0.0000000000e+00,0.0000000000e+00,0.0000000000e+00,0.0000000000e+00,0.0000000000e+00
3762,2024-08-28 04:05:00,0.075089,11.442314,8.091112,0.022 1 + 1.417 omega + 2.568 omega^2 + 0.001 theta omega^2 + 5.076 omega^3,0.000,0.0000000000e+00,0.0000000000e+00,0.0000000000e+00,0.0000000000e+00,0.0000000000e+00,0.0000000000e+00,0.0000000000e+00,0.0000000000e+00,0.0000000000e+00,0.0000000000e+00
3763,2024-08-28 04:10:00,0.072811,8.387298,5.930939,0.995 omega + -0.025 omega^2,0.000,0.0000000000e+00,0.0000000000e+00,0.0000000000e+00,0.0000000000e+00,0.0000000000e+00,0.0000000000e+00,0.0000000000e+00,0.0000000000e+00,0.0000000000e+00,0.0000000000e+00
3764,2024-08-28 04:15:00,0.173888,23.205992,16.409575,1.002 omega + -0.003 theta omega^2,0.000,0.0000000000e+00,0.0000000000e+00,0.0000000000e+00,0.0000000000e+00,0.0000000000e+00,0.0000000000e+00,0.0000000000e+00,0.0000000000e+00,0.0000000000e+00,0.0000000000e+00
3765,2024-08-28 04:20:00,0.164313,13.178410,9.319268,1.000 omega + 0.007 omega^2,0.000,0.0000000000e+00,0.0000000000e+00,0.0000000000e+00,0.0000000000e+00,0.0000000000e+00,0.0000000000e+00,0.0000000000e+00,0.0000000000e+00,0.0000000000e+00,0.0000000000e+00
3766,2024-08-28 04:25:00,0.137665,9.803007,6.932456,1.000 omega,0.000,0.0000000000e+00,0.0000000000e+00,0.0000000000e+00,0.0000000000e+00,0.0000000000e+00,0.0000000000e+00,0.0000000000e+00,0.0000000000e+00,0.0000000000e+00,0.0000000000e+00
3767,2024-08-28 04:30:00,0.074494,11.150556,7.884809,1.000 omega + 0.011 omega^2,0.000,0.0000000000e+00,0.0000000000e+00,0.0000000000e+00,0.0000000000e+00,0.0000000000e+00,0.0000000000e+00,0.0000000000e+00,0.0000000000e+00,0.0000000000e+00,0.0000000000e+00
3768,2024-08-28 04:35:00,0.048625,2.240456,1.584615,1.001 omega,0.000,0.0000000000e+00,0.0000000000e+00,0.0000000000e+00,0.0000000000e+00,0.0000000000e+00,0.0000000000e+00,0.0000000000e+00,0.0000000000e+00,0.0000000000e+00,0.0000000000e+00
3769,2024-08-28 04:40:00,0.057527,8.929742,6.314412,1.000 omega + -0.001 theta omega + 0.077 omega^2,0.000,0.0000000000e+00,0.0000000000e+00,0.0000000000e+00,0.0000000000e+00,0.0000000000e+00,0.0000000000e+00,0.0000000000e+00,0.0000000000e+00,0.0000000000e+00,0.0000000000e+00
3770,2024-08-28 04:45:00,0.065262,10.262549,7.256865,1.046 omega + 0.002 theta omega + 0.402 omega^2 + 0.020 theta omega^2,0.000,0.0000000000e+00,0.0000000000e+00,0.0000000000e+00,0.0000000000e+00,0.0000000000e+00,0.0000000000e+00,0.0000000000e+00,0.0000000000e+00,0.0000000000e+00,0.0000000000e+00
3771,2024-08-28 04:50:00,0.053266,6.551831,4.632998,0.966 omega + -0.003 theta omega + -0.246 omega^2 + -0.019 theta omega^2,0.000,0.0000000000e+00,0.0000000000e+00,0.0000000000e+00,0.0000000000e+00,0.0000000000e+00,0.0000000000e+00,0.0000000000e+00,0.0000000000e+00,0.0000000000e+00,0.0000000000e+00
3772,2024-08-28 04:55:00,0.069955,11.248387,7.953964,1.000 omega + 0.004 omega^2,0.000,0.0000000000e+00,0.0000000000e+00,0.0000000000e+00,0.0000000000e+00,0.0000000000e+00,0.0000000000e+00,0.0000000000e+00,0.0000000000e+00,0.0000000000e+00,0.0000000000e+00
3773,2024-08-28 05:00:00,0.108027,15.200755,10.748829,0.997 omega + -0.037 omega^2 + -0.002 theta omega^2,0.000,0.0000000000e+00,0.0000000000e+00,0.0000000000e+00,0.0000000000e+00,0.0000000000e+00,0.0000000000e+00,0.0000000000e+00,0.0000000000e+00,0.0000000000e+00,0.0000000000e+00
3774,2024-08-28 05:05:00,0.089978,10.256787,7.252923,1.002 omega + -0.005 theta omega + 0.108 omega^2 + -0.001 theta^2 omega,0.000,0.0000000000e+00,0.0000000000e+00,0.0000000000e+00,0.0000000000e+00,0.0000000000e+00,0.0000000000e+00,0.0000000000e+00,0.0000000000e+00,0.0000000000e+00,0.0000000000e+00
3775,2024-08-28 05:10:00,0.052794,2.979986,2.107499,1.008 omega + -0.004 theta omega + 0.074 omega^2 + -0.001 theta^2 omega,0.000,0.0000000000e+00,0.0000000000e+00,0.0000000000e+00,0.0000000000e+00,0.0000000000e+00,0.0000000000e+00,0.0000000000e+00,0.0000000000e+00,0.0000000000e+00,0.0000000000e+00
3776,2024-08-28 05:15:00,0.188070,22.885351,16.182933,0.999 omega + 0.087 omega^3,0.000,0.0000000000e+00,0.0000000000e+00,0.0000000000e+00,0.0000000000e+00,0.0000000000e+00,0.0000000000e+00,0.0000000000e+00,0.0000000000e+00,0.0000000000e+00,0.0000000000e+00
3777,2024-08-28 05:20:00,0.130865,14.834231,10.489794,1.003 omega + -0.003 theta omega^2,0.000,0.0000000000e+00,0.0000000000e+00,0.0000000000e+00,0.0000000000e+00,0.0000000000e+00,0.0000000000e+00,0.0000000000e+00,0.0000000000e+00,0.0000000000e+00,0.0000000000e+00
3778,2024-08-28 05:25:00,0.044320,3.614398,2.555957,-0.001 1 + 1.004 omega + -0.002 omega^2,0.000,0.0000000000e+00,0.0000000000e+00,0.0000000000e+00,0.0000000000e+00,0.0000000000e+00,0.0000000000e+00,0.0000000000e+00,0.0000000000e+00,0.0000000000e+00,0.0000000000e+00
3779,2024-08-28 05:30:00,0.074848,4.160426,2.942341,1.000 omega,-0.159 theta omega^2,0.0000000000e+00,0.0000000000e+00,0.0000000000e+00,0.0000000000e+00,0.0000000000e+00,0.0000000000e+00,0.0000000000e+00,0.0000000000e+00,-1.5908001251e-01,0.0000000000e+00
3780,2024-08-28 05:35:00,0.130785,19.130513,13.527631,0.001 1 + 0.995 omega + -0.006 omega^2,0.000,0.0000000000e+00,0.0000000000e+00,0.0000000000e+00,0.0000000000e+00,0.0000000000e+00,0.0000000000e+00,0.0000000000e+00,0.0000000000e+00,0.0000000000e+00,0.0000000000e+00
3781,2024-08-28 05:40:00,0.185182,23.659491,16.730299,0.999 omega + -0.002 theta omega^2 + 0.172 omega^3,0.000,0.0000000000e+00,0.0000000000e+00,0.0000000000e+00,0.0000000000e+00,0.0000000000e+00,0.0000000000e+00,0.0000000000e+00,0.0000000000e+00,0.0000000000e+00,0.0000000000e+00
3782,2024-08-28 05:45:00,0.117919,12.329896,8.718952,0.997 omega + -0.001 theta omega + 0.030 omega^2 + -0.015 theta omega^2 + 0.115 omega^3,0.000,0.0000000000e+00,0.0000000000e+00,0.0000000000e+00,0.0000000000e+00,0.0000000000e+00,0.0000000000e+00,0.0000000000e+00,0.0000000000e+00,0.0000000000e+00,0.0000000000e+00
3783,2024-08-28 05:50:00,0.049184,6.855286,4.847544,0.994 omega + 0.022 omega^2,0.000,0.0000000000e+00,0.0000000000e+00,0.0000000000e+00,0.0000000000e+00,0.0000000000e+00,0.0000000000e+00,0.0000000000e+00,0.0000000000e+00,0.0000000000e+00,0.0000000000e+00
3784,2024-08-28 05:55:00,0.105126,14.127232,9.989738,1.012 omega + -0.001 theta omega + -0.085 omega^2 + 0.004 theta omega^2,0.000,0.0000000000e+00,0.0000000000e+00,0.0000000000e+00,0.0000000000e+00,0.0000000000e+00,0.0000000000e+00,0.0000000000e+00,0.0000000000e+00,0.0000000000e+00,0.0000000000e+00
3785,2024-08-28 06:00:00,0.053807,2.579093,1.824091,0.998 omega + 0.042 omega^2 + -0.003 theta omega^2,0.000,0.0000000000e+00,0.0000000000e+00,0.0000000000e+00,0.0000000000e+00,0.0000000000e+00,0.0000000000e+00,0.0000000000e+00,0.0000000000e+00,0.0000000000e+00,0.0000000000e+00
3786,2024-08-28 06:05:00,0.068153,6.822290,4.824328,0.999 omega,0.000,0.0000000000e+00,0.0000000000e+00,0.0000000000e+00,0.0000000000e+00,0.0000000000e+00,0.0000000000e+00,0.0000000000e+00,0.0000000000e+00,0.0000000000e+00,0.0000000000e+00
3787,2024-08-28 06:10:00,0.134834,8.476765,5.994736,1.010 omega + -0.042 omega^2 + -0.470 omega^3,0.000,0.0000000000e+00,0.0000000000e+00,0.0000000000e+00,0.0000000000e+00,0.0000000000e+00,0.0000000000e+00,0.0000000000e+00,0.0000000000e+00,0.0000000000e+00,0.0000000000e+00
3788,2024-08-28 06:15:00,0.132735,11.262772,7.964536,1.003 omega + 0.026 omega^2 + -0.216 omega^3,0.000,0.0000000000e+00,0.0000000000e+00,0.0000000000e+00,0.0000000000e+00,0.0000000000e+00,0.0000000000e+00,0.0000000000e+00,0.0000000000e+00,0.0000000000e+00,0.0000000000e+00
3789,2024-08-28 06:20:00,0.025289,1.612868,1.140610,0.988 omega + 0.057 omega^2,0.000,0.0000000000e+00,0.0000000000e+00,0.0000000000e+00,0.0000000000e+00,0.0000000000e+00,0.0000000000e+00,0.0000000000e+00,0.0000000000e+00,0.0000000000e+00,0.0000000000e+00
3790,2024-08-28 06:25:00,0.025354,2.498266,1.766632,-0.001 1 + 0.994 omega + 0.001 theta omega + 0.176 omega^2 + -0.020 theta omega^2,0.000,0.0000000000e+00,0.0000000000e+00,0.0000000000e+00,0.0000000000e+00,0.0000000000e+00,0.0000000000e+00,0.0000000000e+00,0.0000000000e+00,0.0000000000e+00,0.0000000000e+00
3791,2024-08-28 06:30:00,0.087762,11.720744,8.288050,0.998 omega + -0.005 omega^2,0.000,0.0000000000e+00,0.0000000000e+00,0.0000000000e+00,0.0000000000e+00,0.0000000000e+00,0.0000000000e+00,0.0000000000e+00,0.0000000000e+00,0.0000000000e+00,0.0000000000e+00
3792,2024-08-28 06:35:00,0.031152,4.765852,3.370038,1.009 omega + 0.059 omega^2 + 0.001 theta omega^2,0.000,0.0000000000e+00,0.0000000000e+00,0.0000000000e+00,0.0000000000e+00,0.0000000000e+00,0.0000000000e+00,0.0000000000e+00,0.0000000000e+00,0.0000000000e+00,0.0000000000e+00
3793,2024-08-28 06:40:00,0.044139,1.167295,0.825992,0.995 omega + -0.001 theta omega + -0.142 omega^2 + -0.018 theta omega^2,0.000,0.0000000000e+00,0.0000000000e+00,0.0000000000e+00,0.0000000000e+00,0.0000000000e+00,0.0000000000e+00,0.0000000000e+00,0.0000000000e+00,0.0000000000e+00,0.0000000000e+00
3794,2024-08-28 06:45:00,0.057199,6.145492,4.345707,0.949 omega + -0.596 omega^2 + -1.708 omega^3,0.000,0.0000000000e+00,0.0000000000e+00,0.0000000000e+00,0.0000000000e+00,0.0000000000e+00,0.0000000000e+00,0.0000000000e+00,0.0000000000e+00,0.0000000000e+00,0.0000000000e+00
3795,2024-08-28 06:50:00,0.031956,1.381616,0.977211,1.037 omega + -0.058 theta omega + 0.018 theta^2 omega,0.000,0.0000000000e+00,0.0000000000e+00,0.0000000000e+00,0.0000000000e+00,0.0000000000e+00,0.0000000000e+00,0.0000000000e+00,0.0000000000e+00,0.0000000000e+00,0.0000000000e+00
3796,2024-08-28 06:55:00,0.056626,2.775740,1.963153,0.999 omega + -0.006 omega^2,0.000,0.0000000000e+00,0.0000000000e+00,0.0000000000e+00,0.0000000000e+00,0.0000000000e+00,0.0000000000e+00,0.0000000000e+00,0.0000000000e+00,0.0000000000e+00,0.0000000000e+00
3797,2024-08-28 07:00:00,0.111196,5.295798,3.745520,1.002 omega + -0.016 omega^2,0.000,0.0000000000e+00,0.0000000000e+00,0.0000000000e+00,0.0000000000e+00,0.0000000000e+00,0.0000000000e+00,0.0000000000e+00,0.0000000000e+00,0.0000000000e+00,0.0000000000e+00
3798,2024-08-28 07:05:00,0.051077,1.937007,1.370147,0.994 omega + -0.037 omega^2,0.000,0.0000000000e+00,0.0000000000e+00,0.0000000000e+00,0.0000000000e+00,0.0000000000e+00,0.0000000000e+00,0.0000000000e+00,0.0000000000e+00,0.0000000000e+00,0.0000000000e+00
3799,2024-08-28 07:10:00,0.064982,7.733619,5.468687,1.019 omega + -0.007 theta omega + 0.001 theta^2 omega + -0.008 theta omega^2,0.000,0.0000000000e+00,0.0000000000e+00,0.0000000000e+00,0.0000000000e+00,0.0000000000e+00,0.0000000000e+00,0.0000000000e+00,0.0000000000e+00,0.0000000000e+00,0.0000000000e+00
3800,2024-08-28 07:15:00,0.128218,13.272117,9.385242,1.002 omega + 0.017 omega^2,0.000,0.0000000000e+00,0.0000000000e+00,0.0000000000e+00,0.0000000000e+00,0.0000000000e+00,0.0000000000e+00,0.0000000000e+00,0.0000000000e+00,0.0000000000e+00,0.0000000000e+00
3801,2024-08-28 07:20:00,0.052635,2.772400,1.960736,0.991 omega + -0.005 theta omega + 0.507 omega^2 + 0.001 theta^2 omega + -0.101 theta omega^2,0.000,0.0000000000e+00,0.0000000000e+00,0.0000000000e+00,0.0000000000e+00,0.0000000000e+00,0.0000000000e+00,0.0000000000e+00,0.0000000000e+00,0.0000000000e+00,0.0000000000e+00
3802,2024-08-28 07:25:00,0.065776,6.271813,4.435086,1.002 omega,0.000,0.0000000000e+00,0.0000000000e+00,0.0000000000e+00,0.0000000000e+00,0.0000000000e+00,0.0000000000e+00,0.0000000000e+00,0.0000000000e+00,0.0000000000e+00,0.0000000000e+00
3803,2024-08-28 07:30:00,0.017222,1.969987,1.393045,0.011 1 + 1.109 omega + -0.001 theta omega + 0.265 omega^2 + -0.005 theta omega^2,0.000,0.0000000000e+00,0.0000000000e+00,0.0000000000e+00,0.0000000000e+00,0.0000000000e+00,0.0000000000e+00,0.0000000000e+00,0.0000000000e+00,0.0000000000e+00,0.0000000000e+00
3804,2024-08-28 07:35:00,0.216839,29.605030,20.934479,0.992 omega + 0.050 omega^2 + -0.005 theta omega^2 + 0.635 omega^3,0.000,0.0000000000e+00,0.0000000000e+00,0.0000000000e+00,0.0000000000e+00,0.0000000000e+00,0.0000000000e+00,0.0000000000e+00,0.0000000000e+00,0.0000000000e+00,0.0000000000e+00
3805,2024-08-28 07:40:00,0.023839,3.194390,2.258838,-0.002 1 + 1.021 omega + -0.062 omega^2,0.000,0.0000000000e+00,0.0000000000e+00,0.0000000000e+00,0.0000000000e+00,0.0000000000e+00,0.0000000000e+00,0.0000000000e+00,0.0000000000e+00,0.0000000000e+00,0.0000000000e+00
3806,2024-08-28 07:45:00,0.048065,2.439028,1.724988,1.005 omega + -0.003 theta omega^2,0.000,0.0000000000e+00,0.0000000000e+00,0.0000000000e+00,0.0000000000e+00,0.0000000000e+00,0.0000000000e+00,0.0000000000e+00,0.0000000000e+00,0.0000000000e+00,0.0000000000e+00
3807,2024-08-28 07:50:00,0.038276,3.452253,2.441261,-0.002 1 + 1.037 omega + -0.184 omega^2 + 0.001 theta omega^2,0.000,0.0000000000e+00,0.0000000000e+00,0.0000000000e+00,0.0000000000e+00,0.0000000000e+00,0.0000000000e+00,0.0000000000e+00,0.0000000000e+00,0.0000000000e+00,0.0000000000e+00
3808,2024-08-28 07:55:00,0.036907,4.615608,3.263832,0.001 1 + 0.947 omega + 0.002 theta omega + 0.329 omega^2 + -0.016 theta omega^2,0.000,0.0000000000e+00,0.0000000000e+00,0.0000000000e+00,0.0000000000e+00,0.0000000000e+00,0.0000000000e+00,0.0000000000e+00,0.0000000000e+00,0.0000000000e+00,0.0000000000e+00
3809,2024-08-28 08:00:00,0.042455,4.480320,3.168207,0.979 omega + 0.001 theta omega + 0.177 omega^2 + -0.009 theta omega^2,0.000,0.0000000000e+00,0.0000000000e+00,0.0000000000e+00,0.0000000000e+00,0.0000000000e+00,0.0000000000e+00,0.0000000000e+00,0.0000000000e+00,0.0000000000e+00,0.0000000000e+00
3810,2024-08-28 08:05:00,0.038180,2.834641,2.004575,1.014 omega + 0.002 theta omega,0.000,0.0000000000e+00,0.0000000000e+00,0.0000000000e+00,0.0000000000e+00,0.0000000000e+00,0.0000000000e+00,0.0000000000e+00,0.0000000000e+00,0.0000000000e+00,0.0000000000e+00
3811,2024-08-28 08:10:00,0.055224,7.420675,5.247355,0.996 omega + 0.001 theta omega^2,0.000,0.0000000000e+00,0.0000000000e+00,0.0000000000e+00,0.0000000000e+00,0.0000000000e+00,0.0000000000e+00,0.0000000000e+00,0.0000000000e+00,0.0000000000e+00,0.0000000000e+00
3812,2024-08-28 08:15:00,0.034781,3.877950,2.742235,0.001 1 + 0.975 omega + 0.152 omega^2 + -0.004 theta omega^2,0.000,0.0000000000e+00,0.0000000000e+00,0.0000000000e+00,0.0000000000e+00,0.0000000000e+00,0.0000000000e+00,0.0000000000e+00,0.0000000000e+00,0.0000000000e+00,0.0000000000e+00
3813,2024-08-28 08:20:00,0.124480,15.326154,10.837585,0.998 omega + -0.002 theta omega^2,0.000,0.0000000000e+00,0.0000000000e+00,0.0000000000e+00,0.0000000000e+00,0.0000000000e+00,0.0000000000e+00,0.0000000000e+00,0.0000000000e+00,0.0000000000e+00,0.0000000000e+00
3814,2024-08-28 08:25:00,0.123973,15.658908,11.072867,1.005 omega + 0.003 omega^2 + -0.002 theta omega^2,0.000,0.0000000000e+00,0.0000000000e+00,0.0000000000e+00,0.0000000000e+00,0.0000000000e+00,0.0000000000e+00,0.0000000000e+00,0.0000000000e+00,0.0000000000e+00,0.0000000000e+00
3815,2024-08-28 08:30:00,0.146633,15.381773,10.877050,1.004 omega + -0.041 omega^2 + -0.454 omega^3,0.000,0.0000000000e+00,0.0000000000e+00,0.0000000000e+00,0.0000000000e+00,0.0000000000e+00,0.0000000000e+00,0.0000000000e+00,0.0000000000e+00,0.0000000000e+00,0.0000000000e+00
3816,2024-08-28 08:35:00,0.041387,6.194585,4.380330,0.002 1 + 1.023 omega + -0.001 theta omega + 0.084 omega^2 + -0.007 theta omega^2,0.000,0.0000000000e+00,0.0000000000e+00,0.0000000000e+00,0.0000000000e+00,0.0000000000e+00,0.0000000000e+00,0.0000000000e+00,0.0000000000e+00,0.0000000000e+00,0.0000000000e+00
3817,2024-08-28 08:40:00,0.029381,3.816381,2.698669,0.004 1 + 1.051 omega + -0.002 theta omega + 0.061 omega^2 + -0.018 theta omega^2,0.000,0.0000000000e+00,0.0000000000e+00,0.0000000000e+00,0.0000000000e+00,0.0000000000e+00,0.0000000000e+00,0.0000000000e+00,0.0000000000e+00,0.0000000000e+00,0.0000000000e+00
3818,2024-08-28 08:45:00,0.075243,10.388283,7.345818,0.994 omega + -0.015 omega^2 + 0.002 theta omega^2,0.000,0.0000000000e+00,0.0000000000e+00,0.0000000000e+00,0.0000000000e+00,0.0000000000e+00,0.0000000000e+00,0.0000000000e+00,0.0000000000e+00,0.0000000000e+00,0.0000000000e+00
3819,2024-08-28 08:50:00,0.042612,3.875499,2.740557,1.004 omega + 0.032 omega^2,0.000,0.0000000000e+00,0.0000000000e+00,0.0000000000e+00,0.0000000000e+00,0.0000000000e+00,0.0000000000e+00,0.0000000000e+00,0.0000000000e+00,0.0000000000e+00,0.0000000000e+00
3820,2024-08-28 08:55:00,0.198558,20.530473,14.517915,0.999 omega + 0.007 omega^2 + 0.041 omega^3,0.000,0.0000000000e+00,0.0000000000e+00,0.0000000000e+00,0.0000000000e+00,0.0000000000e+00,0.0000000000e+00,0.0000000000e+00,0.0000000000e+00,0.0000000000e+00,0.0000000000e+00
3821,2024-08-28 09:00:00,0.023893,1.945391,1.375703,-0.001 1 + 1.006 omega,0.000,0.0000000000e+00,0.0000000000e+00,0.0000000000e+00,0.0000000000e+00,0.0000000000e+00,0.0000000000e+00,0.0000000000e+00,0.0000000000e+00,0.0000000000e+00,0.0000000000e+00
3822,2024-08-28 09:05:00,0.093803,10.830583,7.658666,1.003 omega + -0.119 omega^2 + -0.001 theta^2 omega,0.000,0.0000000000e+00,0.0000000000e+00,0.0000000000e+00,0.0000000000e+00,0.0000000000e+00,0.0000000000e+00,0.0000000000e+00,0.0000000000e+00,0.0000000000e+00,0.0000000000e+00
3823,2024-08-28 09:10:00,0.089768,12.008526,8.491548,0.999 omega + -0.012 theta omega^2,0.000,0.0000000000e+00,0.0000000000e+00,0.0000000000e+00,0.0000000000e+00,0.0000000000e+00,0.0000000000e+00,0.0000000000e+00,0.0000000000e+00,0.0000000000e+00,0.0000000000e+00
3824,2024-08-28 09:15:00,0.039456,4.145589,2.931507,0.995 omega + -0.006 theta omega + -0.001 theta^2 omega,0.000,0.0000000000e+00,0.0000000000e+00,0.0000000000e+00,0.0000000000e+00,0.0000000000e+00,0.0000000000e+00,0.0000000000e+00,0.0000000000e+00,0.0000000000e+00,0.0000000000e+00
3825,2024-08-28 09:20:00,0.070119,9.809448,6.936504,0.999 omega + 0.028 omega^2,0.000,0.0000000000e+00,0.0000000000e+00,0.0000000000e+00,0.0000000000e+00,0.0000000000e+00,0.0000000000e+00,0.0000000000e+00,0.0000000000e+00,0.0000000000e+00,0.0000000000e+00
3826,2024-08-28 09:25:00,0.038570,5.193696,3.672599,-0.001 1 + 0.982 omega + -0.094 omega^2 + -0.003 theta omega^2,0.000,0.0000000000e+00,0.0000000000e+00,0.0000000000e+00,0.0000000000e+00,0.0000000000e+00,0.0000000000e+00,0.0000000000e+00,0.0000000000e+00,0.0000000000e+00,0.0000000000e+00
3827,2024-08-28 09:30:00,0.032046,1.773615,1.254340,-0.004 1 + 0.929 omega + -0.001 theta omega + -0.290 omega^2 + -0.008 theta omega^2,0.000,0.0000000000e+00,0.0000000000e+00,0.0000000000e+00,0.0000000000e+00,0.0000000000e+00,0.0000000000e+00,0.0000000000e+00,0.0000000000e+00,0.0000000000e+00,0.0000000000e+00
3828,2024-08-28 09:35:00,0.028900,1.631597,1.153895,0.001 1 + 1.004 omega + -0.027 omega^2,0.000,0.0000000000e+00,0.0000000000e+00,0.0000000000e+00,0.0000000000e+00,0.0000000000e+00,0.0000000000e+00,0.0000000000e+00,0.0000000000e+00,0.0000000000e+00,0.0000000000e+00
3829,2024-08-28 09:40:00,0.083248,5.581094,3.946868,0.998 omega + 0.009 omega^2,0.000,0.0000000000e+00,0.0000000000e+00,0.0000000000e+00,0.0000000000e+00,0.0000000000e+00,0.0000000000e+00,0.0000000000e+00,0.0000000000e+00,0.0000000000e+00,0.0000000000e+00
3830,2024-08-28 09:45:00,0.047743,3.952331,2.794924,1.000 omega + -0.015 omega^2,0.000,0.0000000000e+00,0.0000000000e+00,0.0000000000e+00,0.0000000000e+00,0.0000000000e+00,0.0000000000e+00,0.0000000000e+00,0.0000000000e+00,0.0000000000e+00,0.0000000000e+00
3831,2024-08-28 09:50:00,0.040869,1.655450,1.170937,1.004 omega + 0.002 omega^2 + -0.006 theta omega^2,0.000,0.0000000000e+00,0.0000000000e+00,0.0000000000e+00,0.0000000000e+00,0.0000000000e+00,0.0000000000e+00,0.0000000000e+00,0.0000000000e+00,0.0000000000e+00,0.0000000000e+00
3832,2024-08-28 09:55:00,0.040697,2.379747,1.682981,1.001 omega + -0.001 theta^2 omega,0.000,0.0000000000e+00,0.0000000000e+00,0.0000000000e+00,0.0000000000e+00,0.0000000000e+00,0.0000000000e+00,0.0000000000e+00,0.0000000000e+00,0.0000000000e+00,0.0000000000e+00
3833,2024-08-28 10:00:00,0.050640,4.842496,3.424349,1.009 omega + -0.002 theta omega + -0.114 omega^2,0.000,0.0000000000e+00,0.0000000000e+00,0.0000000000e+00,0.0000000000e+00,0.0000000000e+00,0.0000000000e+00,0.0000000000e+00,0.0000000000e+00,0.0000000000e+00,0.0000000000e+00
3834,2024-08-28 10:05:00,0.083315,9.055164,6.403239,1.002 omega,0.000,0.0000000000e+00,0.0000000000e+00,0.0000000000e+00,0.0000000000e+00,0.0000000000e+00,0.0000000000e+00,0.0000000000e+00,0.0000000000e+00,0.0000000000e+00,0.0000000000e+00
3835,2024-08-28 10:10:00,0.088536,11.745393,8.305483,1.000 omega + -0.001 theta omega + -0.004 theta omega^2,0.000,0.0000000000e+00,0.0000000000e+00,0.0000000000e+00,0.0000000000e+00,0.0000000000e+00,0.0000000000e+00,0.0000000000e+00,0.0000000000e+00,0.0000000000e+00,0.0000000000e+00
3836,2024-08-28 10:15:00,0.057380,4.219206,2.983705,1.007 omega + -0.001 theta omega + -0.040 omega^2,0.000,0.0000000000e+00,0.0000000000e+00,0.0000000000e+00,0.0000000000e+00,0.0000000000e+00,0.0000000000e+00,0.0000000000e+00,0.0000000000e+00,0.0000000000e+00,0.0000000000e+00
3837,2024-08-28 10:20:00,0.054627,8.521183,6.025510,1.014 omega + 0.007 theta omega + 0.048 omega^2 + 0.001 theta^2 omega,0.000,0.0000000000e+00,0.0000000000e+00,0.0000000000e+00,0.0000000000e+00,0.0000000000e+00,0.0000000000e+00,0.0000000000e+00,0.0000000000e+00,0.0000000000e+00,0.0000000000e+00
3838,2024-08-28 10:25:00,0.037886,1.967550,1.391526,1.014 omega + -0.002 theta omega,0.000,0.0000000000e+00,0.0000000000e+00,0.0000000000e+00,0.0000000000e+00,0.0000000000e+00,0.0000000000e+00,0.0000000000e+00,0.0000000000e+00,0.0000000000e+00,0.0000000000e+00
3839,2024-08-28 10:30:00,0.124663,18.893307,13.359876,1.000 omega + 0.024 omega^2,0.000,0.0000000000e+00,0.0000000000e+00,0.0000000000e+00,0.0000000000e+00,0.0000000000e+00,0.0000000000e+00,0.0000000000e+00,0.0000000000e+00,0.0000000000e+00,0.0000000000e+00
3840,2024-08-28 10:35:00,0.024297,1.011220,0.715247,0.001 1 + 0.971 omega + 0.169 omega^2 + -0.003 theta omega^2,0.000,0.0000000000e+00,0.0000000000e+00,0.0000000000e+00,0.0000000000e+00,0.0000000000e+00,0.0000000000e+00,0.0000000000e+00,0.0000000000e+00,0.0000000000e+00,0.0000000000e+00
3841,2024-08-28 10:40:00,0.016174,2.550686,1.803643,0.999 omega,0.000,0.0000000000e+00,0.0000000000e+00,0.0000000000e+00,0.0000000000e+00,0.0000000000e+00,0.0000000000e+00,0.0000000000e+00,0.0000000000e+00,0.0000000000e+00,0.0000000000e+00
3842,2024-08-28 10:45:00,0.076279,8.933418,6.317111,0.999 omega,0.000,0.0000000000e+00,0.0000000000e+00,0.0000000000e+00,0.0000000000e+00,0.0000000000e+00,0.0000000000e+00,0.0000000000e+00,0.0000000000e+00,0.0000000000e+00,0.0000000000e+00
3843,2024-08-28 10:50:00,0.026427,3.271782,2.313574,-0.006 1 + 1.042 omega + -0.075 omega^2,0.000,0.0000000000e+00,0.0000000000e+00,0.0000000000e+00,0.0000000000e+00,0.0000000000e+00,0.0000000000e+00,0.0000000000e+00,0.0000000000e+00,0.0000000000e+00,0.0000000000e+00
3844,2024-08-28 10:55:00,0.056183,6.419002,4.539093,-0.010 1 + 1.068 omega + -0.122 omega^2 + -0.002 theta omega^2,0.000,0.0000000000e+00,0.0000000000e+00,0.0000000000e+00,0.0000000000e+00,0.0000000000e+00,0.0000000000e+00,0.0000000000e+00,0.0000000000e+00,0.0000000000e+00,0.0000000000e+00
3845,2024-08-28 11:00:00,0.028552,3.800783,2.687635,-0.016 1 + 1.135 omega + -0.281 omega^2 + -0.001 theta omega^2,0.000,0.0000000000e+00,0.0000000000e+00,0.0000000000e+00,0.0000000000e+00,0.0000000000e+00,0.0000000000e+00,0.0000000000e+00,0.0000000000e+00,0.0000000000e+00,0.0000000000e+00
3846,2024-08-28 11:05:00,0.059876,8.710784,6.159600,0.016 1 + 0.837 omega + -0.001 theta omega + 0.406 omega^2 + 0.004 theta omega^2,0.000,0.0000000000e+00,0.0000000000e+00,0.0000000000e+00,0.0000000000e+00,0.0000000000e+00,0.0000000000e+00,0.0000000000e+00,0.0000000000e+00,0.0000000000e+00,0.0000000000e+00
3847,2024-08-28 11:10:00,0.033505,4.309159,3.047127,0.001 1 + 0.997 omega + 0.001 theta omega^2,0.000,0.0000000000e+00,0.0000000000e+00,0.0000000000e+00,0.0000000000e+00,0.0000000000e+00,0.0000000000e+00,0.0000000000e+00,0.0000000000e+00,0.0000000000e+00,0.0000000000e+00
3848,2024-08-28 11:15:00,0.019463,1.570202,1.110385,-0.007 1 + 1.041 omega + 0.002 theta omega + -0.011 theta omega^2,0.000,0.0000000000e+00,0.0000000000e+00,0.0000000000e+00,0.0000000000e+00,0.0000000000e+00,0.0000000000e+00,0.0000000000e+00,0.0000000000e+00,0.0000000000e+00,0.0000000000e+00
3849,2024-08-28 11:20:00,0.017801,0.829066,0.586373,0.001 1 + 0.993 omega + 0.019 omega^2 + -0.001 theta omega^2,0.000,0.0000000000e+00,0.0000000000e+00,0.0000000000e+00,0.0000000000e+00,0.0000000000e+00,0.0000000000e+00,0.0000000000e+00,0.0000000000e+00,0.0000000000e+00,0.0000000000e+00
3850,2024-08-28 11:25:00,0.096872,13.887029,9.819851,-0.001 1 + 1.045 omega + -0.244 omega^2,0.000,0.0000000000e+00,0.0000000000e+00,0.0000000000e+00,0.0000000000e+00,0.0000000000e+00,0.0000000000e+00,0.0000000000e+00,0.0000000000e+00,0.0000000000e+00,0.0000000000e+00
3851,2024-08-28 11:30:00,0.014084,0.707943,0.500690,0.001 1 + 0.990 omega + 0.032 omega^2,0.000,0.0000000000e+00,0.0000000000e+00,0.0000000000e+00,0.0000000000e+00,0.0000000000e+00,0.0000000000e+00,0.0000000000e+00,0.0000000000e+00,0.0000000000e+00,0.0000000000e+00
3852,2024-08-28 11:35:00,0.099832,13.659818,9.659208,1.002 omega + -0.021 omega^2 + -0.004 theta omega^2,0.000,0.0000000000e+00,0.0000000000e+00,0.0000000000e+00,0.0000000000e+00,0.0000000000e+00,0.0000000000e+00,0.0000000000e+00,0.0000000000e+00,0.0000000000e+00,0.0000000000e+00
3853,2024-08-28 11:40:00,0.036855,4.763395,3.368330,0.999 omega,0.000,0.0000000000e+00,0.0000000000e+00,0.0000000000e+00,0.0000000000e+00,0.0000000000e+00,0.0000000000e+00,0.0000000000e+00,0.0000000000e+00,0.0000000000e+00,0.0000000000e+00
3854,2024-08-28 11:45:00,0.027801,3.423049,2.420541,-0.004 1 + 1.063 omega + -0.217 omega^2,0.000,0.0000000000e+00,0.0000000000e+00,0.0000000000e+00,0.0000000000e+00,0.0000000000e+00,0.0000000000e+00,0.0000000000e+00,0.0000000000e+00,0.0000000000e+00,0.0000000000e+00
3855,2024-08-28 11:50:00,0.050228,3.667986,2.593901,-0.001 1 + 1.001 omega + 0.001 theta omega + 0.080 omega^2 + -0.008 theta omega^2,0.000,0.0000000000e+00,0.0000000000e+00,0.0000000000e+00,0.0000000000e+00,0.0000000000e+00,0.0000000000e+00,0.0000000000e+00,0.0000000000e+00,0.0000000000e+00,0.0000000000e+00
3856,2024-08-28 11:55:00,0.043276,5.901342,4.172991,0.002 1 + 0.971 omega + 0.105 omega^2,0.000,0.0000000000e+00,0.0000000000e+00,0.0000000000e+00,0.0000000000e+00,0.0000000000e+00,0.0000000000e+00,0.0000000000e+00,0.0000000000e+00,0.0000000000e+00,0.0000000000e+00
3857,2024-08-28 12:00:00,0.038548,4.453256,3.149046,0.988 omega + 0.001 theta omega + 0.110 omega^2 + -0.010 theta omega^2,0.000,0.0000000000e+00,0.0000000000e+00,0.0000000000e+00,0.0000000000e+00,0.0000000000e+00,0.0000000000e+00,0.0000000000e+00,0.0000000000e+00,0.0000000000e+00,0.0000000000e+00
3858,2024-08-28 12:05:00,0.019163,1.137162,0.804209,0.985 omega + 0.087 omega^2,0.000,0.0000000000e+00,0.0000000000e+00,0.0000000000e+00,0.0000000000e+00,0.0000000000e+00,0.0000000000e+00,0.0000000000e+00,0.0000000000e+00,0.0000000000e+00,0.0000000000e+00
3859,2024-08-28 12:10:00,0.134829,17.382457,12.291623,0.999 omega + -0.023 omega^2,0.000,0.0000000000e+00,0.0000000000e+00,0.0000000000e+00,0.0000000000e+00,0.0000000000e+00,0.0000000000e+00,0.0000000000e+00,0.0000000000e+00,0.0000000000e+00,0.0000000000e+00
3860,2024-08-28 12:15:00,0.041195,5.990615,4.236105,1.000 omega,0.000,0.0000000000e+00,0.0000000000e+00,0.0000000000e+00,0.0000000000e+00,0.0000000000e+00,0.0000000000e+00,0.0000000000e+00,0.0000000000e+00,0.0000000000e+00,0.0000000000e+00
3861,2024-08-28 12:20:00,0.046106,3.145240,2.224259,1.001 omega + 0.013 omega^2,0.000,0.0000000000e+00,0.0000000000e+00,0.0000000000e+00,0.0000000000e+00,0.0000000000e+00,0.0000000000e+00,0.0000000000e+00,0.0000000000e+00,0.0000000000e+00,0.0000000000e+00
3862,2024-08-28 12:25:00,0.101014,12.524255,8.856273,1.000 omega + -0.003 theta omega + 0.001 theta^2 omega,0.000,0.0000000000e+00,0.0000000000e+00,0.0000000000e+00,0.0000000000e+00,0.0000000000e+00,0.0000000000e+00,0.0000000000e+00,0.0000000000e+00,0.0000000000e+00,0.0000000000e+00
3863,2024-08-28 12:30:00,0.057969,3.333583,2.357555,0.963 omega + -0.017 omega^2 + 0.001 theta^2 omega + 1.801 omega^3,-0.054 theta omega^2,0.0000000000e+00,0.0000000000e+00,0.0000000000e+00,0.0000000000e+00,0.0000000000e+00,0.0000000000e+00,0.0000000000e+00,0.0000000000e+00,-5.3629844000e-02,0.0000000000e+00
3864,2024-08-28 12:35:00,0.057760,8.306339,5.873611,0.002 1 + 0.970 omega + 0.158 omega^2 + -0.002 theta omega^2,0.000,0.0000000000e+00,0.0000000000e+00,0.0000000000e+00,0.0000000000e+00,0.0000000000e+00,0.0000000000e+00,0.0000000000e+00,0.0000000000e+00,0.0000000000e+00,0.0000000000e+00
3865,2024-08-28 12:40:00,0.042608,6.370731,4.504888,-0.002 1 + 1.037 omega + -0.190 omega^2,0.000,0.0000000000e+00,0.0000000000e+00,0.0000000000e+00,0.0000000000e+00,0.0000000000e+00,0.0000000000e+00,0.0000000000e+00,0.0000000000e+00,0.0000000000e+00,0.0000000000e+00
3866,2024-08-28 12:45:00,0.040810,5.660336,4.002566,1.009 omega + -0.001 theta omega + -0.024 omega^2 + 0.004 theta omega^2,0.000,0.0000000000e+00,0.0000000000e+00,0.0000000000e+00,0.0000000000e+00,0.0000000000e+00,0.0000000000e+00,0.0000000000e+00,0.0000000000e+00,0.0000000000e+00,0.0000000000e+00
3867,2024-08-28 12:50:00,0.097511,11.729860,8.294550,1.013 omega + -0.001 theta omega + -0.102 omega^2 + 0.006 theta omega^2,0.000,0.0000000000e+00,0.0000000000e+00,0.0000000000e+00,0.0000000000e+00,0.0000000000e+00,0.0000000000e+00,0.0000000000e+00,0.0000000000e+00,0.0000000000e+00,0.0000000000e+00
3868,2024-08-28 12:55:00,0.073511,8.714819,6.162527,0.991 omega + 0.059 omega^2,0.000,0.0000000000e+00,0.0000000000e+00,0.0000000000e+00,0.0000000000e+00,0.0000000000e+00,0.0000000000e+00,0.0000000000e+00,0.0000000000e+00,0.0000000000e+00,0.0000000000e+00
3869,2024-08-28 13:00:00,0.044165,5.236498,3.702895,0.996 omega + -0.134 omega^2 + -0.011 theta omega^2,0.000,0.0000000000e+00,0.0000000000e+00,0.0000000000e+00,0.0000000000e+00,0.0000000000e+00,0.0000000000e+00,0.0000000000e+00,0.0000000000e+00,0.0000000000e+00,0.0000000000e+00
3870,2024-08-28 13:05:00,0.039595,1.200984,0.849685,1.006 omega + -0.001 theta omega + -0.030 omega^2,0.000,0.0000000000e+00,0.0000000000e+00,0.0000000000e+00,0.0000000000e+00,0.0000000000e+00,0.0000000000e+00,0.0000000000e+00,0.0000000000e+00,0.0000000000e+00,0.0000000000e+00
3871,2024-08-28 13:10:00,0.103242,12.390969,8.762042,1.000 omega + -0.001 omega^2,0.000,0.0000000000e+00,0.0000000000e+00,0.0000000000e+00,0.0000000000e+00,0.0000000000e+00,0.0000000000e+00,0.0000000000e+00,0.0000000000e+00,0.0000000000e+00,0.0000000000e+00
3872,2024-08-28 13:15:00,0.078099,9.947905,7.034448,1.002 omega + 0.079 omega^2 + 0.326 omega^3,0.000,0.0000000000e+00,0.0000000000e+00,0.0000000000e+00,0.0000000000e+00,0.0000000000e+00,0.0000000000e+00,0.0000000000e+00,0.0000000000e+00,0.0000000000e+00,0.0000000000e+00
3873,2024-08-28 13:20:00,0.089833,13.853690,9.796244,-0.002 1 + 0.975 omega + -0.081 omega^2,0.000,0.0000000000e+00,0.0000000000e+00,0.0000000000e+00,0.0000000000e+00,0.0000000000e+00,0.0000000000e+00,0.0000000000e+00,0.0000000000e+00,0.0000000000e+00,0.0000000000e+00
3874,2024-08-28 13:25:00,0.056717,2.613428,1.848408,1.000 omega + 0.001 omega^2,0.000,0.0000000000e+00,0.0000000000e+00,0.0000000000e+00,0.0000000000e+00,0.0000000000e+00,0.0000000000e+00,0.0000000000e+00,0.0000000000e+00,0.0000000000e+00,0.0000000000e+00
3875,2024-08-28 13:30:00,0.060529,9.763508,6.903976,0.973 omega + -0.005 theta omega + -0.247 omega^2 + -0.036 theta omega^2,0.000,0.0000000000e+00,0.0000000000e+00,0.0000000000e+00,0.0000000000e+00,0.0000000000e+00,0.0000000000e+00,0.0000000000e+00,0.0000000000e+00,0.0000000000e+00,0.0000000000e+00
3876,2024-08-28 13:35:00,0.019986,0.795359,0.562581,1.002 omega + 0.005 theta omega + 0.049 omega^2,0.000,0.0000000000e+00,0.0000000000e+00,0.0000000000e+00,0.0000000000e+00,0.0000000000e+00,0.0000000000e+00,0.0000000000e+00,0.0000000000e+00,0.0000000000e+00,0.0000000000e+00
3877,2024-08-28 13:40:00,0.048083,1.601137,1.132685,0.992 omega + 0.001 theta omega + 0.256 omega^2 + -0.028 theta omega^2,0.000,0.0000000000e+00,0.0000000000e+00,0.0000000000e+00,0.0000000000e+00,0.0000000000e+00,0.0000000000e+00,0.0000000000e+00,0.0000000000e+00,0.0000000000e+00,0.0000000000e+00
3878,2024-08-28 13:45:00,0.025441,1.797759,1.271335,1.003 omega + -0.035 omega^2,0.000,0.0000000000e+00,0.0000000000e+00,0.0000000000e+00,0.0000000000e+00,0.0000000000e+00,0.0000000000e+00,0.0000000000e+00,0.0000000000e+00,0.0000000000e+00,0.0000000000e+00
3879,2024-08-28 13:50:00,0.042165,3.726680,2.635329,1.007 omega + -0.004 theta omega,0.000,0.0000000000e+00,0.0000000000e+00,0.0000000000e+00,0.0000000000e+00,0.0000000000e+00,0.0000000000e+00,0.0000000000e+00,0.0000000000e+00,0.0000000000e+00,0.0000000000e+00
3880,2024-08-28 13:55:00,0.044388,3.568458,2.523476,1.011 omega + -0.001 theta omega,0.000,0.0000000000e+00,0.0000000000e+00,0.0000000000e+00,0.0000000000e+00,0.0000000000e+00,0.0000000000e+00,0.0000000000e+00,0.0000000000e+00,0.0000000000e+00,0.0000000000e+00
3881,2024-08-28 14:00:00,0.047306,4.850766,3.430173,1.017 omega + 0.001 theta omega + 0.112 omega^2,0.000,0.0000000000e+00,0.0000000000e+00,0.0000000000e+00,0.0000000000e+00,0.0000000000e+00,0.0000000000e+00,0.0000000000e+00,0.0000000000e+00,0.0000000000e+00,0.0000000000e+00
3882,2024-08-28 14:05:00,0.045344,4.750747,3.359438,1.000 omega + 0.035 omega^2 + -0.007 theta omega^2,0.000,0.0000000000e+00,0.0000000000e+00,0.0000000000e+00,0.0000000000e+00,0.0000000000e+00,0.0000000000e+00,0.0000000000e+00,0.0000000000e+00,0.0000000000e+00,0.0000000000e+00
3883,2024-08-28 14:10:00,0.143585,20.714458,14.647685,1.001 omega + -0.027 omega^2,0.000,0.0000000000e+00,0.0000000000e+00,0.0000000000e+00,0.0000000000e+00,0.0000000000e+00,0.0000000000e+00,0.0000000000e+00,0.0000000000e+00,0.0000000000e+00,0.0000000000e+00
3884,2024-08-28 14:15:00,0.091239,11.109464,7.855843,1.005 omega + -0.004 omega^2 + -0.005 theta omega^2,0.000,0.0000000000e+00,0.0000000000e+00,0.0000000000e+00,0.0000000000e+00,0.0000000000e+00,0.0000000000e+00,0.0000000000e+00,0.0000000000e+00,0.0000000000e+00,0.0000000000e+00
3885,2024-08-28 14:20:00,0.041781,3.725514,2.634502,0.986 omega + -0.001 theta omega + -0.136 omega^2 + -0.009 theta omega^2,0.000,0.0000000000e+00,0.0000000000e+00,0.0000000000e+00,0.0000000000e+00,0.0000000000e+00,0.0000000000e+00,0.0000000000e+00,0.0000000000e+00,0.0000000000e+00,0.0000000000e+00
3886,2024-08-28 14:25:00,0.083498,9.137954,6.461779,0.994 omega + -0.050 omega^2 + -0.001 theta omega^2,0.000,0.0000000000e+00,0.0000000000e+00,0.0000000000e+00,0.0000000000e+00,0.0000000000e+00,0.0000000000e+00,0.0000000000e+00,0.0000000000e+00,0.0000000000e+00,0.0000000000e+00
3887,2024-08-28 14:30:00,0.061082,10.220743,7.227286,1.000 omega,0.000,0.0000000000e+00,0.0000000000e+00,0.0000000000e+00,0.0000000000e+00,0.0000000000e+00,0.0000000000e+00,0.0000000000e+00,0.0000000000e+00,0.0000000000e+00,0.0000000000e+00
3888,2024-08-28 14:35:00,0.057427,2.494951,1.764664,0.993 omega + -0.066 omega^2 + -0.001 theta omega^2,0.000,0.0000000000e+00,0.0000000000e+00,0.0000000000e+00,0.0000000000e+00,0.0000000000e+00,0.0000000000e+00,0.0000000000e+00,0.0000000000e+00,0.0000000000e+00,0.0000000000e+00
3889,2024-08-28 14:40:00,0.067424,7.131165,5.042720,1.018 omega + -0.002 theta omega + -0.042 omega^2,-0.014 theta omega^2,0.0000000000e+00,0.0000000000e+00,0.0000000000e+00,0.0000000000e+00,0.0000000000e+00,0.0000000000e+00,0.0000000000e+00,0.0000000000e+00,-1.4001504274e-02,0.0000000000e+00
3890,2024-08-28 14:45:00,0.146252,16.113053,11.394118,0.999 omega + 0.015 omega^2,0.000,0.0000000000e+00,0.0000000000e+00,0.0000000000e+00,0.0000000000e+00,0.0000000000e+00,0.0000000000e+00,0.0000000000e+00,0.0000000000e+00,0.0000000000e+00,0.0000000000e+00
3891,2024-08-28 14:50:00,0.024745,1.648969,1.166129,0.987 omega + 0.002 theta omega + 0.135 omega^2 + -0.016 theta omega^2,0.000,0.0000000000e+00,0.0000000000e+00,0.0000000000e+00,0.0000000000e+00,0.0000000000e+00,0.0000000000e+00,0.0000000000e+00,0.0000000000e+00,0.0000000000e+00,0.0000000000e+00
3892,2024-08-28 14:55:00,0.052415,2.898636,2.049980,0.996 omega + 0.031 omega^2,0.000,0.0000000000e+00,0.0000000000e+00,0.0000000000e+00,0.0000000000e+00,0.0000000000e+00,0.0000000000e+00,0.0000000000e+00,0.0000000000e+00,0.0000000000e+00,0.0000000000e+00
3893,2024-08-28 15:00:00,0.086795,5.465510,3.865187,1.017 omega + 0.002 theta omega + 0.034 omega^2,0.000,0.0000000000e+00,0.0000000000e+00,0.0000000000e+00,0.0000000000e+00,0.0000000000e+00,0.0000000000e+00,0.0000000000e+00,0.0000000000e+00,0.0000000000e+00,0.0000000000e+00
3894,2024-08-28 15:05:00,0.065271,5.675848,4.013696,1.007 omega + -0.025 omega^2 + -0.003 theta omega^2,0.000,0.0000000000e+00,0.0000000000e+00,0.0000000000e+00,0.0000000000e+00,0.0000000000e+00,0.0000000000e+00,0.0000000000e+00,0.0000000000e+00,0.0000000000e+00,0.0000000000e+00
3895,2024-08-28 15:10:00,0.049667,6.230099,4.405485,1.018 omega + 0.009 theta omega + 0.001 theta^2 omega + -0.027 theta omega^2,-0.050 theta omega^2,0.0000000000e+00,0.0000000000e+00,0.0000000000e+00,0.0000000000e+00,0.0000000000e+00,0.0000000000e+00,0.0000000000e+00,0.0000000000e+00,-5.0002630308e-02,0.0000000000e+00
3896,2024-08-28 15:15:00,0.046346,5.595919,3.957048,0.999 omega,0.000,0.0000000000e+00,0.0000000000e+00,0.0000000000e+00,0.0000000000e+00,0.0000000000e+00,0.0000000000e+00,0.0000000000e+00,0.0000000000e+00,0.0000000000e+00,0.0000000000e+00
3897,2024-08-28 15:20:00,0.240372,32.146032,22.731313,1.015 omega + 0.083 omega^2 + 0.108 omega^3,-0.011 omega^2,0.0000000000e+00,0.0000000000e+00,0.0000000000e+00,0.0000000000e+00,0.0000000000e+00,-1.1047339634e-02,0.0000000000e+00,0.0000000000e+00,0.0000000000e+00,0.0000000000e+00
3898,2024-08-28 15:25:00,0.110078,8.037154,5.683659,0.986 omega + -0.057 omega^2,0.000,0.0000000000e+00,0.0000000000e+00,0.0000000000e+00,0.0000000000e+00,0.0000000000e+00,0.0000000000e+00,0.0000000000e+00,0.0000000000e+00,0.0000000000e+00,0.0000000000e+00
3899,2024-08-28 15:30:00,0.041978,2.989717,2.114258,0.997 omega + -0.013 omega^2 + 0.001 theta omega^2,0.000,0.0000000000e+00,0.0000000000e+00,0.0000000000e+00,0.0000000000e+00,0.0000000000e+00,0.0000000000e+00,0.0000000000e+00,0.0000000000e+00,0.0000000000e+00,0.0000000000e+00
3900,2024-08-28 15:35:00,0.034254,5.762163,4.074537,0.027 1 + 1.393 omega + 1.906 omega^2 + 3.047 omega^3,0.000,0.0000000000e+00,0.0000000000e+00,0.0000000000e+00,0.0000000000e+00,0.0000000000e+00,0.0000000000e+00,0.0000000000e+00,0.0000000000e+00,0.0000000000e+00,0.0000000000e+00
3901,2024-08-28 15:40:00,0.047764,5.447071,3.851809,0.971 omega + -0.003 theta omega + -0.203 omega^2 + -0.034 theta omega^2,-0.020 theta omega^2,0.0000000000e+00,0.0000000000e+00,0.0000000000e+00,0.0000000000e+00,0.0000000000e+00,0.0000000000e+00,0.0000000000e+00,0.0000000000e+00,-1.9759282157e-02,0.0000000000e+00
3902,2024-08-28 15:45:00,0.114696,16.457318,11.637364,0.993 omega + -0.001 theta omega + -0.130 omega^2 + -0.012 theta omega^2,0.000,0.0000000000e+00,0.0000000000e+00,0.0000000000e+00,0.0000000000e+00,0.0000000000e+00,0.0000000000e+00,0.0000000000e+00,0.0000000000e+00,0.0000000000e+00,0.0000000000e+00
3903,2024-08-28 15:50:00,0.144107,19.387437,13.709367,1.000 omega + 0.004 theta omega^2,0.000,0.0000000000e+00,0.0000000000e+00,0.0000000000e+00,0.0000000000e+00,0.0000000000e+00,0.0000000000e+00,0.0000000000e+00,0.0000000000e+00,0.0000000000e+00,0.0000000000e+00
3904,2024-08-28 15:55:00,0.162359,17.455674,12.343559,1.001 omega + -0.015 omega^2,-0.037 omega^2,0.0000000000e+00,0.0000000000e+00,0.0000000000e+00,0.0000000000e+00,0.0000000000e+00,-3.6837448340e-02,0.0000000000e+00,0.0000000000e+00,0.0000000000e+00,0.0000000000e+00
3905,2024-08-28 16:00:00,0.127299,15.914917,11.253906,0.996 omega + -0.044 omega^2 + -0.177 omega^3,0.000,0.0000000000e+00,0.0000000000e+00,0.0000000000e+00,0.0000000000e+00,0.0000000000e+00,0.0000000000e+00,0.0000000000e+00,0.0000000000e+00,0.0000000000e+00,0.0000000000e+00
3906,2024-08-28 16:05:00,0.118818,17.377016,12.287693,0.999 omega + -0.014 theta omega^2,0.000,0.0000000000e+00,0.0000000000e+00,0.0000000000e+00,0.0000000000e+00,0.0000000000e+00,0.0000000000e+00,0.0000000000e+00,0.0000000000e+00,0.0000000000e+00,0.0000000000e+00
3907,2024-08-28 16:10:00,0.052114,3.687511,2.607724,0.993 omega + -0.034 omega^2 + -0.001 theta omega^2,0.000,0.0000000000e+00,0.0000000000e+00,0.0000000000e+00,0.0000000000e+00,0.0000000000e+00,0.0000000000e+00,0.0000000000e+00,0.0000000000e+00,0.0000000000e+00,0.0000000000e+00
3908,2024-08-28 16:15:00,0.078924,12.223635,8.643595,0.999 omega + 0.014 omega^2 + 0.001 theta omega^2,0.000,0.0000000000e+00,0.0000000000e+00,0.0000000000e+00,0.0000000000e+00,0.0000000000e+00,0.0000000000e+00,0.0000000000e+00,0.0000000000e+00,0.0000000000e+00,0.0000000000e+00
3909,2024-08-28 16:20:00,0.116756,17.292148,12.227674,1.002 omega + -0.004 omega^2 + -0.001 theta omega^2,0.000,0.0000000000e+00,0.0000000000e+00,0.0000000000e+00,0.0000000000e+00,0.0000000000e+00,0.0000000000e+00,0.0000000000e+00,0.0000000000e+00,0.0000000000e+00,0.0000000000e+00
3910,2024-08-28 16:25:00,0.056930,6.460772,4.568633,1.003 omega + 0.002 theta omega + 0.022 omega^2,-0.048 theta omega^2,0.0000000000e+00,0.0000000000e+00,0.0000000000e+00,0.0000000000e+00,0.0000000000e+00,0.0000000000e+00,0.0000000000e+00,0.0000000000e+00,-4.8314734742e-02,0.0000000000e+00
3911,2024-08-28 16:30:00,0.062582,6.174084,4.365961,0.999 omega + -0.004 omega^2,0.000,0.0000000000e+00,0.0000000000e+00,0.0000000000e+00,0.0000000000e+00,0.0000000000e+00,0.0000000000e+00,0.0000000000e+00,0.0000000000e+00,0.0000000000e+00,0.0000000000e+00
3912,2024-08-28 16:35:00,0.075857,6.139906,4.341900,0.995 omega + -0.111 omega^2 + -0.005 theta omega^2,0.000,0.0000000000e+00,0.0000000000e+00,0.0000000000e+00,0.0000000000e+00,0.0000000000e+00,0.0000000000e+00,0.0000000000e+00,0.0000000000e+00,0.0000000000e+00,0.0000000000e+00
3913,2024-08-28 16:40:00,0.099191,15.792493,11.167199,-0.001 1 + 0.987 omega + -0.073 omega^2 + -0.003 theta omega^2 + -0.025 omega^3,0.000,0.0000000000e+00,0.0000000000e+00,0.0000000000e+00,0.0000000000e+00,0.0000000000e+00,0.0000000000e+00,0.0000000000e+00,0.0000000000e+00,0.0000000000e+00,0.0000000000e+00
3914,2024-08-28 16:45:00,0.157659,23.868762,16.878132,1.009 omega + -0.065 omega^2 + -0.015 theta omega^2 + -0.714 omega^3,0.000,0.0000000000e+00,0.0000000000e+00,0.0000000000e+00,0.0000000000e+00,0.0000000000e+00,0.0000000000e+00,0.0000000000e+00,0.0000000000e+00,0.0000000000e+00,0.0000000000e+00
3915,2024-08-28 16:50:00,0.084093,9.473049,6.698721,0.993 omega + -0.039 omega^2,0.000,0.0000000000e+00,0.0000000000e+00,0.0000000000e+00,0.0000000000e+00,0.0000000000e+00,0.0000000000e+00,0.0000000000e+00,0.0000000000e+00,0.0000000000e+00,0.0000000000e+00
3916,2024-08-28 16:55:00,0.072359,3.536081,2.500911,1.003 omega + -0.003 theta omega^2,0.000,0.0000000000e+00,0.0000000000e+00,0.0000000000e+00,0.0000000000e+00,0.0000000000e+00,0.0000000000e+00,0.0000000000e+00,0.0000000000e+00,0.0000000000e+00,0.0000000000e+00
3917,2024-08-28 17:00:00,0.082925,3.272631,2.314843,1.004 omega + 0.033 omega^2,0.000,0.0000000000e+00,0.0000000000e+00,0.0000000000e+00,0.0000000000e+00,0.0000000000e+00,0.0000000000e+00,0.0000000000e+00,0.0000000000e+00,0.0000000000e+00,0.0000000000e+00
3918,2024-08-28 17:05:00,0.170571,17.682416,12.503938,0.998 omega + -0.007 omega^2,0.000,0.0000000000e+00,0.0000000000e+00,0.0000000000e+00,0.0000000000e+00,0.0000000000e+00,0.0000000000e+00,0.0000000000e+00,0.0000000000e+00,0.0000000000e+00,0.0000000000e+00
3919,2024-08-28 17:10:00,0.065930,4.741457,3.353041,1.002 omega + 0.003 omega^2 + -0.008 theta omega^2,0.000,0.0000000000e+00,0.0000000000e+00,0.0000000000e+00,0.0000000000e+00,0.0000000000e+00,0.0000000000e+00,0.0000000000e+00,0.0000000000e+00,0.0000000000e+00,0.0000000000e+00
3920,2024-08-28 17:15:00,0.182310,24.632871,17.418547,0.989 omega + 0.001 theta omega + -0.066 omega^2 + 0.598 omega^3,0.000,0.0000000000e+00,0.0000000000e+00,0.0000000000e+00,0.0000000000e+00,0.0000000000e+00,0.0000000000e+00,0.0000000000e+00,0.0000000000e+00,0.0000000000e+00,0.0000000000e+00
3921,2024-08-28 17:20:00,0.104823,14.954198,10.574475,1.003 omega + 0.044 omega^2 + -0.012 theta omega^2,0.000,0.0000000000e+00,0.0000000000e+00,0.0000000000e+00,0.0000000000e+00,0.0000000000e+00,0.0000000000e+00,0.0000000000e+00,0.0000000000e+00,0.0000000000e+00,0.0000000000e+00
3922,2024-08-28 17:25:00,0.157794,24.456628,17.293808,1.000 omega,0.000,0.0000000000e+00,0.0000000000e+00,0.0000000000e+00,0.0000000000e+00,0.0000000000e+00,0.0000000000e+00,0.0000000000e+00,0.0000000000e+00,0.0000000000e+00,0.0000000000e+00
3923,2024-08-28 17:30:00,0.107398,6.025201,4.261138,1.006 omega + 0.001 theta omega,0.000,0.0000000000e+00,0.0000000000e+00,0.0000000000e+00,0.0000000000e+00,0.0000000000e+00,0.0000000000e+00,0.0000000000e+00,0.0000000000e+00,0.0000000000e+00,0.0000000000e+00
3924,2024-08-28 17:35:00,0.155480,7.212001,5.100840,1.001 omega,0.000,0.0000000000e+00,0.0000000000e+00,0.0000000000e+00,0.0000000000e+00,0.0000000000e+00,0.0000000000e+00,0.0000000000e+00,0.0000000000e+00,0.0000000000e+00,0.0000000000e+00
3925,2024-08-28 17:40:00,0.128708,11.823633,8.361066,-0.002 1 + 0.946 omega + -0.282 omega^2 + -0.431 omega^3,0.000,0.0000000000e+00,0.0000000000e+00,0.0000000000e+00,0.0000000000e+00,0.0000000000e+00,0.0000000000e+00,0.0000000000e+00,0.0000000000e+00,0.0000000000e+00,0.0000000000e+00
3926,2024-08-28 17:45:00,0.057321,4.790151,3.387391,1.003 omega + 0.001 theta omega + 0.002 omega^2 + 0.004 theta omega^2,0.000,0.0000000000e+00,0.0000000000e+00,0.0000000000e+00,0.0000000000e+00,0.0000000000e+00,0.0000000000e+00,0.0000000000e+00,0.0000000000e+00,0.0000000000e+00,0.0000000000e+00
3927,2024-08-28 17:50:00,0.098445,11.566212,8.178843,0.998 omega,0.000,0.0000000000e+00,0.0000000000e+00,0.0000000000e+00,0.0000000000e+00,0.0000000000e+00,0.0000000000e+00,0.0000000000e+00,0.0000000000e+00,0.0000000000e+00,0.0000000000e+00
3928,2024-08-28 17:55:00,0.112484,13.776692,9.741917,1.010 omega + -0.010 omega^2 + -0.003 theta omega^2,0.000,0.0000000000e+00,0.0000000000e+00,0.0000000000e+00,0.0000000000e+00,0.0000000000e+00,0.0000000000e+00,0.0000000000e+00,0.0000000000e+00,0.0000000000e+00,0.0000000000e+00
3929,2024-08-28 18:00:00,0.038120,5.663363,4.004693,0.013 1 + 0.843 omega + 0.001 theta omega + 0.478 omega^2 + -0.004 theta omega^2,0.000,0.0000000000e+00,0.0000000000e+00,0.0000000000e+00,0.0000000000e+00,0.0000000000e+00,0.0000000000e+00,0.0000000000e+00,0.0000000000e+00,0.0000000000e+00,0.0000000000e+00
3930,2024-08-28 18:05:00,0.043152,5.621113,3.974844,0.003 1 + 0.947 omega + 0.209 omega^2 + -0.002 theta omega^2,0.000,0.0000000000e+00,0.0000000000e+00,0.0000000000e+00,0.0000000000e+00,0.0000000000e+00,0.0000000000e+00,0.0000000000e+00,0.0000000000e+00,0.0000000000e+00,0.0000000000e+00
3931,2024-08-28 18:10:00,0.046610,4.993491,3.531085,0.990 omega + 0.061 omega^2 + -0.001 theta omega^2,0.000,0.0000000000e+00,0.0000000000e+00,0.0000000000e+00,0.0000000000e+00,0.0000000000e+00,0.0000000000e+00,0.0000000000e+00,0.0000000000e+00,0.0000000000e+00,0.0000000000e+00
3932,2024-08-28 18:15:00,0.136687,12.073465,8.537776,0.999 omega + -0.006 omega^2,0.000,0.0000000000e+00,0.0000000000e+00,0.0000000000e+00,0.0000000000e+00,0.0000000000e+00,0.0000000000e+00,0.0000000000e+00,0.0000000000e+00,0.0000000000e+00,0.0000000000e+00
3933,2024-08-28 18:20:00,0.086275,9.360794,6.619362,1.012 omega + -0.055 omega^2 + -0.002 theta omega^2,0.000,0.0000000000e+00,0.0000000000e+00,0.0000000000e+00,0.0000000000e+00,0.0000000000e+00,0.0000000000e+00,0.0000000000e+00,0.0000000000e+00,0.0000000000e+00,0.0000000000e+00
3934,2024-08-28 18:25:00,0.038543,3.805099,2.690750,-0.001 1 + 1.007 omega + 0.001 theta omega + -0.004 theta omega^2,0.000,0.0000000000e+00,0.0000000000e+00,0.0000000000e+00,0.0000000000e+00,0.0000000000e+00,0.0000000000e+00,0.0000000000e+00,0.0000000000e+00,0.0000000000e+00,0.0000000000e+00
3935,2024-08-28 18:30:00,0.056740,4.096624,2.897028,0.999 omega,0.000,0.0000000000e+00,0.0000000000e+00,0.0000000000e+00,0.0000000000e+00,0.0000000000e+00,0.0000000000e+00,0.0000000000e+00,0.0000000000e+00,0.0000000000e+00,0.0000000000e+00
3936,2024-08-28 18:35:00,0.094691,11.184119,7.908650,1.018 omega + -0.139 omega^2,0.000,0.0000000000e+00,0.0000000000e+00,0.0000000000e+00,0.0000000000e+00,0.0000000000e+00,0.0000000000e+00,0.0000000000e+00,0.0000000000e+00,0.0000000000e+00,0.0000000000e+00
3937,2024-08-28 18:40:00,0.080523,5.383226,3.806941,1.001 omega + -0.001 theta omega^2,0.000,0.0000000000e+00,0.0000000000e+00,0.0000000000e+00,0.0000000000e+00,0.0000000000e+00,0.0000000000e+00,0.0000000000e+00,0.0000000000e+00,0.0000000000e+00,0.0000000000e+00
3938,2024-08-28 18:45:00,0.033018,1.491036,1.054580,-0.001 1 + 1.017 omega + -0.061 omega^2,0.000,0.0000000000e+00,0.0000000000e+00,0.0000000000e+00,0.0000000000e+00,0.0000000000e+00,0.0000000000e+00,0.0000000000e+00,0.0000000000e+00,0.0000000000e+00,0.0000000000e+00
3939,2024-08-28 18:50:00,0.179710,28.532673,20.176047,1.005 omega + -0.079 omega^2 + -0.017 theta omega^2 + -0.575 omega^3,0.000,0.0000000000e+00,0.0000000000e+00,0.0000000000e+00,0.0000000000e+00,0.0000000000e+00,0.0000000000e+00,0.0000000000e+00,0.0000000000e+00,0.0000000000e+00,0.0000000000e+00
3940,2024-08-28 18:55:00,0.062081,8.198753,5.797560,0.994 omega + 0.008 theta omega + -0.001 theta^2 omega,0.000,0.0000000000e+00,0.0000000000e+00,0.0000000000e+00,0.0000000000e+00,0.0000000000e+00,0.0000000000e+00,0.0000000000e+00,0.0000000000e+00,0.0000000000e+00,0.0000000000e+00
3941,2024-08-28 19:00:00,0.022277,2.908019,2.056340,0.998 omega,0.000,0.0000000000e+00,0.0000000000e+00,0.0000000000e+00,0.0000000000e+00,0.0000000000e+00,0.0000000000e+00,0.0000000000e+00,0.0000000000e+00,0.0000000000e+00,0.0000000000e+00
3942,2024-08-28 19:05:00,0.059751,7.193542,5.086778,1.014 omega + -0.050 omega^2 + -0.001 theta omega^2,0.000,0.0000000000e+00,0.0000000000e+00,0.0000000000e+00,0.0000000000e+00,0.0000000000e+00,0.0000000000e+00,0.0000000000e+00,0.0000000000e+00,0.0000000000e+00,0.0000000000e+00
3943,2024-08-28 19:10:00,0.039596,2.695498,1.906210,-0.001 1 + 1.004 omega,0.000,0.0000000000e+00,0.0000000000e+00,0.0000000000e+00,0.0000000000e+00,0.0000000000e+00,0.0000000000e+00,0.0000000000e+00,0.0000000000e+00,0.0000000000e+00,0.0000000000e+00
3944,2024-08-28 19:15:00,0.080016,12.638269,8.936785,0.995 omega + 0.429 omega^2 + -0.007 theta omega^2 + -2.112 omega^3,0.000,0.0000000000e+00,0.0000000000e+00,0.0000000000e+00,0.0000000000e+00,0.0000000000e+00,0.0000000000e+00,0.0000000000e+00,0.0000000000e+00,0.0000000000e+00,0.0000000000e+00
3945,2024-08-28 19:20:00,0.046749,4.562565,3.226390,0.001 1 + 0.966 omega + 0.001 theta omega + 0.257 omega^2 + -0.011 theta omega^2,0.000,0.0000000000e+00,0.0000000000e+00,0.0000000000e+00,0.0000000000e+00,0.0000000000e+00,0.0000000000e+00,0.0000000000e+00,0.0000000000e+00,0.0000000000e+00,0.0000000000e+00
3946,2024-08-28 19:25:00,0.113382,17.735995,12.541498,0.979 omega + 0.004 theta omega + 0.160 omega^2 + -0.032 theta omega^2,0.000,0.0000000000e+00,0.0000000000e+00,0.0000000000e+00,0.0000000000e+00,0.0000000000e+00,0.0000000000e+00,0.0000000000e+00,0.0000000000e+00,0.0000000000e+00,0.0000000000e+00
3947,2024-08-28 19:30:00,0.133560,8.769525,6.201709,0.999 omega,0.000,0.0000000000e+00,0.0000000000e+00,0.0000000000e+00,0.0000000000e+00,0.0000000000e+00,0.0000000000e+00,0.0000000000e+00,0.0000000000e+00,0.0000000000e+00,0.0000000000e+00
3948,2024-08-28 19:35:00,0.242606,32.176422,22.752813,1.000 omega + 0.036 omega^3,0.000,0.0000000000e+00,0.0000000000e+00,0.0000000000e+00,0.0000000000e+00,0.0000000000e+00,0.0000000000e+00,0.0000000000e+00,0.0000000000e+00,0.0000000000e+00,0.0000000000e+00
3949,2024-08-28 19:40:00,0.062915,2.162491,1.529759,0.984 omega + 0.078 omega^2,0.000,0.0000000000e+00,0.0000000000e+00,0.0000000000e+00,0.0000000000e+00,0.0000000000e+00,0.0000000000e+00,0.0000000000e+00,0.0000000000e+00,0.0000000000e+00,0.0000000000e+00
3950,2024-08-28 19:45:00,0.118209,10.539992,7.453368,1.013 omega + -0.059 omega^2,0.000,0.0000000000e+00,0.0000000000e+00,0.0000000000e+00,0.0000000000e+00,0.0000000000e+00,0.0000000000e+00,0.0000000000e+00,0.0000000000e+00,0.0000000000e+00,0.0000000000e+00
3951,2024-08-28 19:50:00,0.089625,11.313323,7.999979,-0.001 1 + 1.013 omega + -0.039 omega^2,0.000,0.0000000000e+00,0.0000000000e+00,0.0000000000e+00,0.0000000000e+00,0.0000000000e+00,0.0000000000e+00,0.0000000000e+00,0.0000000000e+00,0.0000000000e+00,0.0000000000e+00
3952,2024-08-28 19:55:00,0.062746,5.762528,4.074964,-0.002 1 + 1.030 omega + -0.085 omega^2,0.000,0.0000000000e+00,0.0000000000e+00,0.0000000000e+00,0.0000000000e+00,0.0000000000e+00,0.0000000000e+00,0.0000000000e+00,0.0000000000e+00,0.0000000000e+00,0.0000000000e+00
3953,2024-08-28 20:00:00,0.128562,17.626017,12.463808,0.997 omega,0.000,0.0000000000e+00,0.0000000000e+00,0.0000000000e+00,0.0000000000e+00,0.0000000000e+00,0.0000000000e+00,0.0000000000e+00,0.0000000000e+00,0.0000000000e+00,0.0000000000e+00
3954,2024-08-28 20:05:00,0.178811,11.479252,8.118042,1.001 omega + -0.017 omega^3,0.015 omega^2,0.0000000000e+00,0.0000000000e+00,0.0000000000e+00,0.0000000000e+00,0.0000000000e+00,1.5372492857e-02,0.0000000000e+00,0.0000000000e+00,0.0000000000e+00,0.0000000000e+00
3955,2024-08-28 20:10:00,0.045432,6.477846,4.580642,-0.117 1 + 2.717 omega + -8.354 omega^2 + 13.440 omega^3,0.000,0.0000000000e+00,0.0000000000e+00,0.0000000000e+00,0.0000000000e+00,0.0000000000e+00,0.0000000000e+00,0.0000000000e+00,0.0000000000e+00,0.0000000000e+00,0.0000000000e+00
3956,2024-08-28 20:15:00,0.139515,16.848847,11.914342,0.998 omega,0.000,0.0000000000e+00,0.0000000000e+00,0.0000000000e+00,0.0000000000e+00,0.0000000000e+00,0.0000000000e+00,0.0000000000e+00,0.0000000000e+00,0.0000000000e+00,0.0000000000e+00
3957,2024-08-28 20:20:00,0.072326,11.785493,8.333759,0.997 omega + -0.001 theta omega + -0.013 theta omega^2,0.000,0.0000000000e+00,0.0000000000e+00,0.0000000000e+00,0.0000000000e+00,0.0000000000e+00,0.0000000000e+00,0.0000000000e+00,0.0000000000e+00,0.0000000000e+00,0.0000000000e+00
3958,2024-08-28 20:25:00,0.057731,2.210270,1.563430,0.994 omega + 0.001 theta omega + 0.062 omega^2 + -0.006 theta omega^2,0.000,0.0000000000e+00,0.0000000000e+00,0.0000000000e+00,0.0000000000e+00,0.0000000000e+00,0.0000000000e+00,0.0000000000e+00,0.0000000000e+00,0.0000000000e+00,0.0000000000e+00
3959,2024-08-28 20:30:00,0.057081,4.715056,3.334292,0.999 omega + 0.048 omega^2 + -0.002 theta omega^2,0.000,0.0000000000e+00,0.0000000000e+00,0.0000000000e+00,0.0000000000e+00,0.0000000000e+00,0.0000000000e+00,0.0000000000e+00,0.0000000000e+00,0.0000000000e+00,0.0000000000e+00
3960,2024-08-28 20:35:00,0.026160,1.241106,0.877789,0.999 omega + 0.001 theta omega^2,0.000,0.0000000000e+00,0.0000000000e+00,0.0000000000e+00,0.0000000000e+00,0.0000000000e+00,0.0000000000e+00,0.0000000000e+00,0.0000000000e+00,0.0000000000e+00,0.0000000000e+00
3961,2024-08-28 20:40:00,0.018497,1.119063,0.791405,0.003 1 + 0.956 omega + -0.001 theta omega + 0.179 omega^2 + 0.007 theta omega^2,0.000,0.0000000000e+00,0.0000000000e+00,0.0000000000e+00,0.0000000000e+00,0.0000000000e+00,0.0000000000e+00,0.0000000000e+00,0.0000000000e+00,0.0000000000e+00,0.0000000000e+00
3962,2024-08-28 20:45:00,0.042854,1.197432,0.847255,1.003 omega + 0.022 omega^2 + -0.004 theta omega^2,0.000,0.0000000000e+00,0.0000000000e+00,0.0000000000e+00,0.0000000000e+00,0.0000000000e+00,0.0000000000e+00,0.0000000000e+00,0.0000000000e+00,0.0000000000e+00,0.0000000000e+00
3963,2024-08-28 20:50:00,0.044277,6.108229,4.319283,-0.001 1 + 1.017 omega + -0.064 omega^2 + -0.002 theta omega^2,0.000,0.0000000000e+00,0.0000000000e+00,0.0000000000e+00,0.0000000000e+00,0.0000000000e+00,0.0000000000e+00,0.0000000000e+00,0.0000000000e+00,0.0000000000e+00,0.0000000000e+00
3964,2024-08-28 20:55:00,0.106347,8.123595,5.744741,1.010 omega + -0.001 theta omega + -0.049 omega^2,0.000,0.0000000000e+00,0.0000000000e+00,0.0000000000e+00,0.0000000000e+00,0.0000000000e+00,0.0000000000e+00,0.0000000000e+00,0.0000000000e+00,0.0000000000e+00,0.0000000000e+00
3965,2024-08-28 21:00:00,0.212862,18.000901,12.729449,1.002 omega + 0.014 omega^2 + -0.046 omega^3,0.000,0.0000000000e+00,0.0000000000e+00,0.0000000000e+00,0.0000000000e+00,0.0000000000e+00,0.0000000000e+00,0.0000000000e+00,0.0000000000e+00,0.0000000000e+00,0.0000000000e+00
3966,2024-08-28 21:05:00,0.130704,14.085397,9.960309,0.993 omega + 0.024 omega^2,0.000,0.0000000000e+00,0.0000000000e+00,0.0000000000e+00,0.0000000000e+00,0.0000000000e+00,0.0000000000e+00,0.0000000000e+00,0.0000000000e+00,0.0000000000e+00,0.0000000000e+00
3967,2024-08-28 21:10:00,0.162510,19.723670,13.947214,0.993 omega + 0.043 omega^2 + -0.009 theta omega^2,0.000,0.0000000000e+00,0.0000000000e+00,0.0000000000e+00,0.0000000000e+00,0.0000000000e+00,0.0000000000e+00,0.0000000000e+00,0.0000000000e+00,0.0000000000e+00,0.0000000000e+00
3968,2024-08-28 21:15:00,0.072376,3.060246,2.164526,1.010 omega + -0.001 theta omega,0.000,0.0000000000e+00,0.0000000000e+00,0.0000000000e+00,0.0000000000e+00,0.0000000000e+00,0.0000000000e+00,0.0000000000e+00,0.0000000000e+00,0.0000000000e+00,0.0000000000e+00
3969,2024-08-28 21:20:00,0.214450,27.179694,19.219544,1.001 omega + 0.008 omega^3,0.000,0.0000000000e+00,0.0000000000e+00,0.0000000000e+00,0.0000000000e+00,0.0000000000e+00,0.0000000000e+00,0.0000000000e+00,0.0000000000e+00,0.0000000000e+00,0.0000000000e+00
3970,2024-08-28 21:25:00,0.184296,16.521055,11.682877,0.999 omega,0.000,0.0000000000e+00,0.0000000000e+00,0.0000000000e+00,0.0000000000e+00,0.0000000000e+00,0.0000000000e+00,0.0000000000e+00,0.0000000000e+00,0.0000000000e+00,0.0000000000e+00
3971,2024-08-28 21:30:00,0.130910,20.359289,14.396489,1.002 omega + -0.015 omega^2 + 0.007 omega^3,0.000,0.0000000000e+00,0.0000000000e+00,0.0000000000e+00,0.0000000000e+00,0.0000000000e+00,0.0000000000e+00,0.0000000000e+00,0.0000000000e+00,0.0000000000e+00,0.0000000000e+00
3972,2024-08-28 21:35:00,0.068900,7.246342,5.124169,1.010 omega + -0.161 omega^2 + -0.008 theta omega^2 + -1.194 omega^3,0.000,0.0000000000e+00,0.0000000000e+00,0.0000000000e+00,0.0000000000e+00,0.0000000000e+00,0.0000000000e+00,0.0000000000e+00,0.0000000000e+00,0.0000000000e+00,0.0000000000e+00
3973,2024-08-28 21:40:00,0.058010,2.565520,1.814560,1.003 omega + 0.016 omega^2,0.000,0.0000000000e+00,0.0000000000e+00,0.0000000000e+00,0.0000000000e+00,0.0000000000e+00,0.0000000000e+00,0.0000000000e+00,0.0000000000e+00,0.0000000000e+00,0.0000000000e+00
3974,2024-08-28 21:45:00,0.274851,44.441423,31.425433,0.994 omega + 0.035 omega^2 + 0.015 omega^3,0.000,0.0000000000e+00,0.0000000000e+00,0.0000000000e+00,0.0000000000e+00,0.0000000000e+00,0.0000000000e+00,0.0000000000e+00,0.0000000000e+00,0.0000000000e+00,0.0000000000e+00
3975,2024-08-28 21:50:00,0.102307,4.878498,3.450378,1.007 omega + 0.018 omega^2 + -0.002 theta omega^2 + -0.301 omega^3,0.000,0.0000000000e+00,0.0000000000e+00,0.0000000000e+00,0.0000000000e+00,0.0000000000e+00,0.0000000000e+00,0.0000000000e+00,0.0000000000e+00,0.0000000000e+00,0.0000000000e+00
3976,2024-08-28 21:55:00,0.124658,11.708019,8.279289,1.000 omega,0.000,0.0000000000e+00,0.0000000000e+00,0.0000000000e+00,0.0000000000e+00,0.0000000000e+00,0.0000000000e+00,0.0000000000e+00,0.0000000000e+00,0.0000000000e+00,0.0000000000e+00
3977,2024-08-28 22:00:00,0.046415,3.318247,2.346584,-0.001 1 + 0.962 omega + -0.223 omega^2 + -0.004 theta omega^2,0.000,0.0000000000e+00,0.0000000000e+00,0.0000000000e+00,0.0000000000e+00,0.0000000000e+00,0.0000000000e+00,0.0000000000e+00,0.0000000000e+00,0.0000000000e+00,0.0000000000e+00
3978,2024-08-28 22:05:00,0.060252,5.717615,4.043189,0.005 1 + 1.058 omega + 0.155 omega^2,0.000,0.0000000000e+00,0.0000000000e+00,0.0000000000e+00,0.0000000000e+00,0.0000000000e+00,0.0000000000e+00,0.0000000000e+00,0.0000000000e+00,0.0000000000e+00,0.0000000000e+00
3979,2024-08-28 22:10:00,0.051605,7.364052,5.207299,-0.027 1 + 0.779 omega + 0.001 theta omega + -0.447 omega^2 + 0.005 theta omega^2,0.000,0.0000000000e+00,0.0000000000e+00,0.0000000000e+00,0.0000000000e+00,0.0000000000e+00,0.0000000000e+00,0.0000000000e+00,0.0000000000e+00,0.0000000000e+00,0.0000000000e+00
3980,2024-08-28 22:15:00,0.176493,16.258686,11.497304,1.000 omega,0.000,0.0000000000e+00,0.0000000000e+00,0.0000000000e+00,0.0000000000e+00,0.0000000000e+00,0.0000000000e+00,0.0000000000e+00,0.0000000000e+00,0.0000000000e+00,0.0000000000e+00
3981,2024-08-28 22:20:00,0.038110,0.829330,0.587044,1.007 omega + -0.024 omega^2 + 0.001 theta omega^2,0.000,0.0000000000e+00,0.0000000000e+00,0.0000000000e+00,0.0000000000e+00,0.0000000000e+00,0.0000000000e+00,0.0000000000e+00,0.0000000000e+00,0.0000000000e+00,0.0000000000e+00
3982,2024-08-28 22:25:00,0.089086,4.926814,3.484353,1.013 omega + -0.001 theta omega + -0.023 omega^2,0.000,0.0000000000e+00,0.0000000000e+00,0.0000000000e+00,0.0000000000e+00,0.0000000000e+00,0.0000000000e+00,0.0000000000e+00,0.0000000000e+00,0.0000000000e+00,0.0000000000e+00
3983,2024-08-28 22:30:00,0.136092,17.146054,12.124473,1.016 omega + -0.099 omega^2,0.000,0.0000000000e+00,0.0000000000e+00,0.0000000000e+00,0.0000000000e+00,0.0000000000e+00,0.0000000000e+00,0.0000000000e+00,0.0000000000e+00,0.0000000000e+00,0.0000000000e+00
3984,2024-08-28 22:35:00,0.029524,2.422943,1.713407,-0.004 1 + 1.050 omega + -0.174 omega^2,0.000,0.0000000000e+00,0.0000000000e+00,0.0000000000e+00,0.0000000000e+00,0.0000000000e+00,0.0000000000e+00,0.0000000000e+00,0.0000000000e+00,0.0000000000e+00,0.0000000000e+00
3985,2024-08-28 22:40:00,0.025071,1.291056,0.913087,0.001 1 + 0.976 omega + 0.100 omega^2 + -0.003 theta omega^2,0.000,0.0000000000e+00,0.0000000000e+00,0.0000000000e+00,0.0000000000e+00,0.0000000000e+00,0.0000000000e+00,0.0000000000e+00,0.0000000000e+00,0.0000000000e+00,0.0000000000e+00
3986,2024-08-28 22:45:00,0.043107,5.834578,4.125782,-0.046 1 + 1.722 omega + -3.694 omega^2 + 6.206 omega^3,0.000,0.0000000000e+00,0.0000000000e+00,0.0000000000e+00,0.0000000000e+00,0.0000000000e+00,0.0000000000e+00,0.0000000000e+00,0.0000000000e+00,0.0000000000e+00,0.0000000000e+00
3987,2024-08-28 22:50:00,0.077793,9.720689,6.873785,1.000 omega + -0.008 omega^2,0.000,0.0000000000e+00,0.0000000000e+00,0.0000000000e+00,0.0000000000e+00,0.0000000000e+00,0.0000000000e+00,0.0000000000e+00,0.0000000000e+00,0.0000000000e+00,0.0000000000e+00
3988,2024-08-28 22:55:00,0.121740,11.049863,7.813907,1.009 omega + 0.041 omega^2,0.000,0.0000000000e+00,0.0000000000e+00,0.0000000000e+00,0.0000000000e+00,0.0000000000e+00,0.0000000000e+00,0.0000000000e+00,0.0000000000e+00,0.0000000000e+00,0.0000000000e+00
3989,2024-08-28 23:00:00,0.042630,5.872947,4.152910,-0.025 1 + 0.513 omega + -3.027 omega^2 + 0.001 theta omega^2 + -6.214 omega^3,0.000,0.0000000000e+00,0.0000000000e+00,0.0000000000e+00,0.0000000000e+00,0.0000000000e+00,0.0000000000e+00,0.0000000000e+00,0.0000000000e+00,0.0000000000e+00,0.0000000000e+00
3990,2024-08-28 23:05:00,0.078189,2.587493,1.830469,0.974 omega + -0.129 omega^2,0.000,0.0000000000e+00,0.0000000000e+00,0.0000000000e+00,0.0000000000e+00,0.0000000000e+00,0.0000000000e+00,0.0000000000e+00,0.0000000000e+00,0.0000000000e+00,0.0000000000e+00
3991,2024-08-28 23:10:00,0.046220,1.972880,1.395419,0.995 omega + 0.108 omega^2 + -0.007 theta omega^2,0.000,0.0000000000e+00,0.0000000000e+00,0.0000000000e+00,0.0000000000e+00,0.0000000000e+00,0.0000000000e+00,0.0000000000e+00,0.0000000000e+00,0.0000000000e+00,0.0000000000e+00
3992,2024-08-28 23:15:00,0.183591,27.817574,19.670424,0.001 1 + 1.049 omega + -0.590 omega^2 + 1.543 omega^3,0.000,0.0000000000e+00,0.0000000000e+00,0.0000000000e+00,0.0000000000e+00,0.0000000000e+00,0.0000000000e+00,0.0000000000e+00,0.0000000000e+00,0.0000000000e+00,0.0000000000e+00
3993,2024-08-28 23:20:00,0.032374,4.816871,3.406119,0.020 1 + 0.633 omega + 2.183 omega^2 + -0.001 theta omega^2 + -4.124 omega^3,0.000,0.0000000000e+00,0.0000000000e+00,0.0000000000e+00,0.0000000000e+00,0.0000000000e+00,0.0000000000e+00,0.0000000000e+00,0.0000000000e+00,0.0000000000e+00,0.0000000000e+00
3994,2024-08-28 23:25:00,0.065129,2.452972,1.735124,0.996 omega + 0.024 omega^2,0.000,0.0000000000e+00,0.0000000000e+00,0.0000000000e+00,0.0000000000e+00,0.0000000000e+00,0.0000000000e+00,0.0000000000e+00,0.0000000000e+00,0.0000000000e+00,0.0000000000e+00
3995,2024-08-28 23:30:00,0.087743,14.302611,10.113664,0.001 1 + 1.021 omega + 0.001 omega^2 + -0.002 theta omega^2 + -0.370 omega^3,0.000,0.0000000000e+00,0.0000000000e+00,0.0000000000e+00,0.0000000000e+00,0.0000000000e+00,0.0000000000e+00,0.0000000000e+00,0.0000000000e+00,0.0000000000e+00,0.0000000000e+00
3996,2024-08-28 23:35:00,0.148203,28.205195,19.944360,0.997 omega + 0.004 theta omega + -0.104 omega^2 + 0.001 theta^2 omega + -0.057 theta omega^2,0.000,0.0000000000e+00,0.0000000000e+00,0.0000000000e+00,0.0000000000e+00,0.0000000000e+00,0.0000000000e+00,0.0000000000e+00,0.0000000000e+00,0.0000000000e+00,0.0000000000e+00
3997,2024-08-28 23:40:00,0.098810,5.392596,3.813782,1.006 omega + -0.046 omega^2,0.000,0.0000000000e+00,0.0000000000e+00,0.0000000000e+00,0.0000000000e+00,0.0000000000e+00,0.0000000000e+00,0.0000000000e+00,0.0000000000e+00,0.0000000000e+00,0.0000000000e+00
3998,2024-08-28 23:45:00,0.142056,14.570092,10.303100,1.001 omega + 0.021 omega^2,0.000,0.0000000000e+00,0.0000000000e+00,0.0000000000e+00,0.0000000000e+00,0.0000000000e+00,0.0000000000e+00,0.0000000000e+00,0.0000000000e+00,0.0000000000e+00,0.0000000000e+00
3999,2024-08-28 23:50:00,0.021322,2.061276,1.457621,-0.003 1 + 1.036 omega + -0.104 omega^2,0.000,0.0000000000e+00,0.0000000000e+00,0.0000000000e+00,0.0000000000e+00,0.0000000000e+00,0.0000000000e+00,0.0000000000e+00,0.0000000000e+00,0.0000000000e+00,0.0000000000e+00
