Chunk_Index,Chunk_Start_Time,Sim_RMSE_Omega,Sim_RMSE_Theta,Sim_RMSE_Total,Eq_Theta,Eq_Omega,Coeff_Const,Coeff_Theta,Coeff_Omega,Coeff_Theta2,Coeff_ThetaOmega,Coeff_Omega2,Coeff_Theta3,Coeff_Theta2Omega,Coeff_ThetaOmega2,Coeff_Omega3
68500,2025-04-19 18:45:00,0.073349,7.864509,5.561289,1.000 omega + -0.024 theta omega^2,0.085 omega^2 + -0.062 theta omega^2,0.0000000000e+00,0.0000000000e+00,0.0000000000e+00,0.0000000000e+00,0.0000000000e+00,8.4732811129e-02,0.0000000000e+00,0.0000000000e+00,-6.1846929601e-02,0.0000000000e+00
68501,2025-04-19 18:50:00,0.093936,11.812890,8.353238,0.998 omega,0.000,0.0000000000e+00,0.0000000000e+00,0.0000000000e+00,0.0000000000e+00,0.0000000000e+00,0.0000000000e+00,0.0000000000e+00,0.0000000000e+00,0.0000000000e+00,0.0000000000e+00
68502,2025-04-19 18:55:00,0.102462,11.219505,7.933719,1.002 omega + -0.015 omega^2 + -0.124 omega^3,0.000,0.0000000000e+00,0.0000000000e+00,0.0000000000e+00,0.0000000000e+00,0.0000000000e+00,0.0000000000e+00,0.0000000000e+00,0.0000000000e+00,0.0000000000e+00,0.0000000000e+00
68503,2025-04-19 19:00:00,0.063904,6.532563,4.619441,0.999 omega + 0.006 omega^2,-0.101 theta omega^2,0.0000000000e+00,0.0000000000e+00,0.0000000000e+00,0.0000000000e+00,0.0000000000e+00,0.0000000000e+00,0.0000000000e+00,0.0000000000e+00,-1.0087642959e-01,0.0000000000e+00
68504,2025-04-19 19:05:00,0.216646,33.403831,23.620572,0.990 omega + -0.046 omega^2 + -0.014 theta omega^2 + 0.616 omega^3,0.000,0.0000000000e+00,0.0000000000e+00,0.0000000000e+00,0.0000000000e+00,0.0000000000e+00,0.0000000000e+00,0.0000000000e+00,0.0000000000e+00,0.0000000000e+00,0.0000000000e+00
68505,2025-04-19 19:10:00,0.117351,17.846860,12.619908,1.001 omega + -0.085 omega^2 + -0.010 theta omega^2,0.000,0.0000000000e+00,0.0000000000e+00,0.0000000000e+00,0.0000000000e+00,0.0000000000e+00,0.0000000000e+00,0.0000000000e+00,0.0000000000e+00,0.0000000000e+00,0.0000000000e+00
68506,2025-04-19 19:15:00,0.084650,10.763464,7.611154,1.003 omega + -0.010 omega^2 + -0.033 theta omega^2,0.000,0.0000000000e+00,0.0000000000e+00,0.0000000000e+00,0.0000000000e+00,0.0000000000e+00,0.0000000000e+00,0.0000000000e+00,0.0000000000e+00,0.0000000000e+00,0.0000000000e+00
68507,2025-04-19 19:20:00,0.123496,20.789442,14.700615,1.001 omega + 0.010 omega^2 + 0.008 omega^3,0.000,0.0000000000e+00,0.0000000000e+00,0.0000000000e+00,0.0000000000e+00,0.0000000000e+00,0.0000000000e+00,0.0000000000e+00,0.0000000000e+00,0.0000000000e+00,0.0000000000e+00
68508,2025-04-19 19:25:00,0.089588,10.787697,7.628316,0.999 omega + 0.009 omega^2 + -0.051 omega^3,0.000,0.0000000000e+00,0.0000000000e+00,0.0000000000e+00,0.0000000000e+00,0.0000000000e+00,0.0000000000e+00,0.0000000000e+00,0.0000000000e+00,0.0000000000e+00,0.0000000000e+00
68509,2025-04-19 19:30:00,0.038129,4.101991,2.900671,-0.001 1 + 0.965 omega + -0.214 omega^2 + -0.002 theta omega^2,0.000,0.0000000000e+00,0.0000000000e+00,0.0000000000e+00,0.0000000000e+00,0.0000000000e+00,0.0000000000e+00,0.0000000000e+00,0.0000000000e+00,0.0000000000e+00,0.0000000000e+00
68510,2025-04-19 19:35:00,0.081534,4.850875,3.430571,1.004 omega + -0.019 theta omega^2,0.156 omega^2 + -0.060 theta omega^2,0.0000000000e+00,0.0000000000e+00,0.0000000000e+00,0.0000000000e+00,0.0000000000e+00,1.5588421900e-01,0.0000000000e+00,0.0000000000e+00,-6.0272854039e-02,0.0000000000e+00
68511,2025-04-19 19:40:00,0.068881,6.279119,4.440275,0.998 omega + -0.002 theta omega + 0.001 theta^2 omega,0.000,0.0000000000e+00,0.0000000000e+00,0.0000000000e+00,0.0000000000e+00,0.0000000000e+00,0.0000000000e+00,0.0000000000e+00,0.0000000000e+00,0.0000000000e+00,0.0000000000e+00
68512,2025-04-19 19:45:00,0.056034,5.802111,4.102903,0.997 omega + -0.053 omega^2 + -0.004 theta omega^2,0.000,0.0000000000e+00,0.0000000000e+00,0.0000000000e+00,0.0000000000e+00,0.0000000000e+00,0.0000000000e+00,0.0000000000e+00,0.0000000000e+00,0.0000000000e+00,0.0000000000e+00
68513,2025-04-19 19:50:00,0.131924,14.640501,10.352818,1.003 omega + -0.058 omega^2 + -0.011 theta omega^2,0.011 omega,0.0000000000e+00,0.0000000000e+00,1.0934540550e-02,0.0000000000e+00,0.0000000000e+00,0.0000000000e+00,0.0000000000e+00,0.0000000000e+00,0.0000000000e+00,0.0000000000e+00
68514,2025-04-19 19:55:00,0.056893,6.819957,4.822606,0.987 omega + -0.074 omega^2 + -0.004 theta omega^2,0.000,0.0000000000e+00,0.0000000000e+00,0.0000000000e+00,0.0000000000e+00,0.0000000000e+00,0.0000000000e+00,0.0000000000e+00,0.0000000000e+00,0.0000000000e+00,0.0000000000e+00
68515,2025-04-19 20:00:00,0.048161,3.663350,2.590604,0.004 1 + 1.061 omega + 0.113 omega^2 + -0.006 theta omega^2,0.000,0.0000000000e+00,0.0000000000e+00,0.0000000000e+00,0.0000000000e+00,0.0000000000e+00,0.0000000000e+00,0.0000000000e+00,0.0000000000e+00,0.0000000000e+00,0.0000000000e+00
68516,2025-04-19 20:05:00,0.069863,5.544740,3.921035,0.992 omega + -0.049 omega^2,0.000,0.0000000000e+00,0.0000000000e+00,0.0000000000e+00,0.0000000000e+00,0.0000000000e+00,0.0000000000e+00,0.0000000000e+00,0.0000000000e+00,0.0000000000e+00,0.0000000000e+00
68517,2025-04-19 20:10:00,0.193551,23.245518,16.437633,0.998 omega + -0.006 omega^2 + 0.057 omega^3,0.000,0.0000000000e+00,0.0000000000e+00,0.0000000000e+00,0.0000000000e+00,0.0000000000e+00,0.0000000000e+00,0.0000000000e+00,0.0000000000e+00,0.0000000000e+00,0.0000000000e+00
68518,2025-04-19 20:15:00,0.101531,12.057112,8.525968,1.006 omega + 0.001 theta omega + 0.016 omega^2 + 0.003 theta omega^2,0.000,0.0000000000e+00,0.0000000000e+00,0.0000000000e+00,0.0000000000e+00,0.0000000000e+00,0.0000000000e+00,0.0000000000e+00,0.0000000000e+00,0.0000000000e+00,0.0000000000e+00
68519,2025-04-19 20:20:00,0.048299,5.615765,3.971093,0.001 1 + 1.013 omega + 0.029 omega^2,0.000,0.0000000000e+00,0.0000000000e+00,0.0000000000e+00,0.0000000000e+00,0.0000000000e+00,0.0000000000e+00,0.0000000000e+00,0.0000000000e+00,0.0000000000e+00,0.0000000000e+00
68520,2025-04-19 20:25:00,0.141975,22.369916,15.818238,1.000 omega + 0.001 omega^2 + -0.023 omega^3,0.000,0.0000000000e+00,0.0000000000e+00,0.0000000000e+00,0.0000000000e+00,0.0000000000e+00,0.0000000000e+00,0.0000000000e+00,0.0000000000e+00,0.0000000000e+00,0.0000000000e+00
68521,2025-04-19 20:30:00,0.124155,14.072115,9.950875,0.994 omega + 0.022 omega^2,0.000,0.0000000000e+00,0.0000000000e+00,0.0000000000e+00,0.0000000000e+00,0.0000000000e+00,0.0000000000e+00,0.0000000000e+00,0.0000000000e+00,0.0000000000e+00,0.0000000000e+00
68522,2025-04-19 20:35:00,0.125546,22.191869,15.692272,1.014 omega + 0.001 omega^2 + -0.009 theta omega^2,0.000,0.0000000000e+00,0.0000000000e+00,0.0000000000e+00,0.0000000000e+00,0.0000000000e+00,0.0000000000e+00,0.0000000000e+00,0.0000000000e+00,0.0000000000e+00,0.0000000000e+00
68523,2025-04-19 20:40:00,0.066976,3.777821,2.671742,1.008 omega + 0.006 theta omega + 0.001 theta^2 omega,0.000,0.0000000000e+00,0.0000000000e+00,0.0000000000e+00,0.0000000000e+00,0.0000000000e+00,0.0000000000e+00,0.0000000000e+00,0.0000000000e+00,0.0000000000e+00,0.0000000000e+00
68524,2025-04-19 20:45:00,0.095450,7.295658,5.159251,1.003 omega + -0.030 omega^2 + -0.198 omega^3,0.000,0.0000000000e+00,0.0000000000e+00,0.0000000000e+00,0.0000000000e+00,0.0000000000e+00,0.0000000000e+00,0.0000000000e+00,0.0000000000e+00,0.0000000000e+00,0.0000000000e+00
68525,2025-04-19 20:50:00,0.190243,9.979796,7.058063,0.999 omega + 0.018 omega^3,0.000,0.0000000000e+00,0.0000000000e+00,0.0000000000e+00,0.0000000000e+00,0.0000000000e+00,0.0000000000e+00,0.0000000000e+00,0.0000000000e+00,0.0000000000e+00,0.0000000000e+00
68526,2025-04-19 20:55:00,0.313538,49.531831,35.024995,0.989 omega + -0.030 omega^2 + 0.249 omega^3,0.000,0.0000000000e+00,0.0000000000e+00,0.0000000000e+00,0.0000000000e+00,0.0000000000e+00,0.0000000000e+00,0.0000000000e+00,0.0000000000e+00,0.0000000000e+00,0.0000000000e+00
68527,2025-04-19 21:00:00,0.097129,15.832991,11.195826,1.024 omega + 0.322 omega^2 + 1.084 omega^3,0.000,0.0000000000e+00,0.0000000000e+00,0.0000000000e+00,0.0000000000e+00,0.0000000000e+00,0.0000000000e+00,0.0000000000e+00,0.0000000000e+00,0.0000000000e+00,0.0000000000e+00
68528,2025-04-19 21:05:00,0.129545,18.726739,13.242121,0.998 omega + 0.002 omega^2,0.000,0.0000000000e+00,0.0000000000e+00,0.0000000000e+00,0.0000000000e+00,0.0000000000e+00,0.0000000000e+00,0.0000000000e+00,0.0000000000e+00,0.0000000000e+00,0.0000000000e+00
68529,2025-04-19 21:10:00,0.049609,2.720633,1.924098,0.995 omega + -0.078 omega^2 + -0.003 theta omega^2,0.000,0.0000000000e+00,0.0000000000e+00,0.0000000000e+00,0.0000000000e+00,0.0000000000e+00,0.0000000000e+00,0.0000000000e+00,0.0000000000e+00,0.0000000000e+00,0.0000000000e+00
68530,2025-04-19 21:15:00,0.209297,21.893318,15.481621,1.002 omega + -0.062 omega^2 + -0.291 omega^3,0.000,0.0000000000e+00,0.0000000000e+00,0.0000000000e+00,0.0000000000e+00,0.0000000000e+00,0.0000000000e+00,0.0000000000e+00,0.0000000000e+00,0.0000000000e+00,0.0000000000e+00
68531,2025-04-19 21:20:00,0.092818,13.375607,9.458210,0.994 omega + -0.011 omega^2 + -0.001 theta omega^2,0.000,0.0000000000e+00,0.0000000000e+00,0.0000000000e+00,0.0000000000e+00,0.0000000000e+00,0.0000000000e+00,0.0000000000e+00,0.0000000000e+00,0.0000000000e+00,0.0000000000e+00
68532,2025-04-19 21:25:00,0.080270,7.245490,5.123649,0.996 omega + -0.018 omega^2,0.000,0.0000000000e+00,0.0000000000e+00,0.0000000000e+00,0.0000000000e+00,0.0000000000e+00,0.0000000000e+00,0.0000000000e+00,0.0000000000e+00,0.0000000000e+00,0.0000000000e+00
68533,2025-04-19 21:30:00,0.078374,10.967761,7.755576,0.982 omega + -0.005 theta omega + -0.141 omega^2 + -0.030 theta omega^2,0.000,0.0000000000e+00,0.0000000000e+00,0.0000000000e+00,0.0000000000e+00,0.0000000000e+00,0.0000000000e+00,0.0000000000e+00,0.0000000000e+00,0.0000000000e+00,0.0000000000e+00
68534,2025-04-19 21:35:00,0.106057,13.109707,9.270266,1.005 omega + 0.001 theta omega + 0.096 omega^2 + 0.007 theta omega^2,0.000,0.0000000000e+00,0.0000000000e+00,0.0000000000e+00,0.0000000000e+00,0.0000000000e+00,0.0000000000e+00,0.0000000000e+00,0.0000000000e+00,0.0000000000e+00,0.0000000000e+00
68535,2025-04-19 21:40:00,0.067342,8.316919,5.881142,0.996 omega + -0.141 omega^2 + -0.011 theta omega^2,0.000,0.0000000000e+00,0.0000000000e+00,0.0000000000e+00,0.0000000000e+00,0.0000000000e+00,0.0000000000e+00,0.0000000000e+00,0.0000000000e+00,0.0000000000e+00,0.0000000000e+00
68536,2025-04-19 21:45:00,0.063167,4.627416,3.272382,1.001 omega + -0.015 omega^2 + -0.002 theta omega^2,0.000,0.0000000000e+00,0.0000000000e+00,0.0000000000e+00,0.0000000000e+00,0.0000000000e+00,0.0000000000e+00,0.0000000000e+00,0.0000000000e+00,0.0000000000e+00,0.0000000000e+00
68537,2025-04-19 21:50:00,0.052601,7.251677,5.127845,1.002 omega + 0.030 omega^2 + 0.091 omega^3,0.000,0.0000000000e+00,0.0000000000e+00,0.0000000000e+00,0.0000000000e+00,0.0000000000e+00,0.0000000000e+00,0.0000000000e+00,0.0000000000e+00,0.0000000000e+00,0.0000000000e+00
68538,2025-04-19 21:55:00,0.102309,7.245898,5.124134,0.999 omega + 0.002 omega^2 + 0.046 omega^3,0.000,0.0000000000e+00,0.0000000000e+00,0.0000000000e+00,0.0000000000e+00,0.0000000000e+00,0.0000000000e+00,0.0000000000e+00,0.0000000000e+00,0.0000000000e+00,0.0000000000e+00
68539,2025-04-19 22:00:00,0.090416,2.481431,1.755801,1.001 omega + 0.010 omega^2,0.000,0.0000000000e+00,0.0000000000e+00,0.0000000000e+00,0.0000000000e+00,0.0000000000e+00,0.0000000000e+00,0.0000000000e+00,0.0000000000e+00,0.0000000000e+00,0.0000000000e+00
68540,2025-04-19 22:05:00,0.092937,10.548082,7.458910,1.000 omega + -0.171 omega^2 + -0.004 theta omega^2 + -0.760 omega^3,0.000,0.0000000000e+00,0.0000000000e+00,0.0000000000e+00,0.0000000000e+00,0.0000000000e+00,0.0000000000e+00,0.0000000000e+00,0.0000000000e+00,0.0000000000e+00,0.0000000000e+00
68541,2025-04-19 22:10:00,0.202613,30.820344,21.793745,0.997 omega + -0.092 omega^2 + -0.419 omega^3,0.000,0.0000000000e+00,0.0000000000e+00,0.0000000000e+00,0.0000000000e+00,0.0000000000e+00,0.0000000000e+00,0.0000000000e+00,0.0000000000e+00,0.0000000000e+00,0.0000000000e+00
68542,2025-04-19 22:15:00,0.186732,19.263399,13.621920,0.999 omega + 0.007 omega^2,0.000,0.0000000000e+00,0.0000000000e+00,0.0000000000e+00,0.0000000000e+00,0.0000000000e+00,0.0000000000e+00,0.0000000000e+00,0.0000000000e+00,0.0000000000e+00,0.0000000000e+00
68543,2025-04-19 22:20:00,0.074955,11.196879,7.917567,1.015 omega + 0.002 theta omega + 0.021 omega^2,0.000,0.0000000000e+00,0.0000000000e+00,0.0000000000e+00,0.0000000000e+00,0.0000000000e+00,0.0000000000e+00,0.0000000000e+00,0.0000000000e+00,0.0000000000e+00,0.0000000000e+00
68544,2025-04-19 22:25:00,0.150020,24.309063,17.189430,0.998 omega + -0.077 omega^2 + -0.003 theta omega^2 + -0.220 omega^3,0.000,0.0000000000e+00,0.0000000000e+00,0.0000000000e+00,0.0000000000e+00,0.0000000000e+00,0.0000000000e+00,0.0000000000e+00,0.0000000000e+00,0.0000000000e+00,0.0000000000e+00
68545,2025-04-19 22:30:00,0.067163,5.542443,3.919387,0.998 omega + -0.001 theta omega + -0.002 theta omega^2,0.000,0.0000000000e+00,0.0000000000e+00,0.0000000000e+00,0.0000000000e+00,0.0000000000e+00,0.0000000000e+00,0.0000000000e+00,0.0000000000e+00,0.0000000000e+00,0.0000000000e+00
68546,2025-04-19 22:35:00,0.044520,4.675266,3.306062,0.961 omega + -0.005 theta omega + -0.232 omega^2 + -0.049 theta omega^2,-0.034 theta omega^2,0.0000000000e+00,0.0000000000e+00,0.0000000000e+00,0.0000000000e+00,0.0000000000e+00,0.0000000000e+00,0.0000000000e+00,0.0000000000e+00,-3.4269766412e-02,0.0000000000e+00
68547,2025-04-19 22:40:00,0.206170,30.837088,21.805601,0.996 omega + 0.020 omega^2 + 0.102 omega^3,0.000,0.0000000000e+00,0.0000000000e+00,0.0000000000e+00,0.0000000000e+00,0.0000000000e+00,0.0000000000e+00,0.0000000000e+00,0.0000000000e+00,0.0000000000e+00,0.0000000000e+00
68548,2025-04-19 22:45:00,0.113096,15.704970,11.105379,0.996 omega + -0.021 omega^2 + -0.007 omega^3,-0.034 theta omega^2,0.0000000000e+00,0.0000000000e+00,0.0000000000e+00,0.0000000000e+00,0.0000000000e+00,0.0000000000e+00,0.0000000000e+00,0.0000000000e+00,-3.3619712652e-02,0.0000000000e+00
68549,2025-04-19 22:50:00,0.087650,6.935866,4.904789,1.004 omega + -0.028 omega^2,0.000,0.0000000000e+00,0.0000000000e+00,0.0000000000e+00,0.0000000000e+00,0.0000000000e+00,0.0000000000e+00,0.0000000000e+00,0.0000000000e+00,0.0000000000e+00,0.0000000000e+00
68550,2025-04-19 22:55:00,0.065985,2.481846,1.755550,0.999 omega + -0.006 omega^2,0.000,0.0000000000e+00,0.0000000000e+00,0.0000000000e+00,0.0000000000e+00,0.0000000000e+00,0.0000000000e+00,0.0000000000e+00,0.0000000000e+00,0.0000000000e+00,0.0000000000e+00
68551,2025-04-19 23:00:00,0.126170,8.573820,6.063263,0.997 omega + -0.012 omega^2,0.000,0.0000000000e+00,0.0000000000e+00,0.0000000000e+00,0.0000000000e+00,0.0000000000e+00,0.0000000000e+00,0.0000000000e+00,0.0000000000e+00,0.0000000000e+00,0.0000000000e+00
68552,2025-04-19 23:05:00,0.101588,15.630627,11.052756,1.017 omega + -0.007 theta omega + -0.052 omega^2,0.000,0.0000000000e+00,0.0000000000e+00,0.0000000000e+00,0.0000000000e+00,0.0000000000e+00,0.0000000000e+00,0.0000000000e+00,0.0000000000e+00,0.0000000000e+00,0.0000000000e+00
68553,2025-04-19 23:10:00,0.084940,8.296101,5.866537,1.000 omega + -0.005 omega^2,0.000,0.0000000000e+00,0.0000000000e+00,0.0000000000e+00,0.0000000000e+00,0.0000000000e+00,0.0000000000e+00,0.0000000000e+00,0.0000000000e+00,0.0000000000e+00,0.0000000000e+00
68554,2025-04-19 23:15:00,0.258012,40.235333,28.451262,1.000 omega + 0.110 omega^2 + -0.540 omega^3,0.000,0.0000000000e+00,0.0000000000e+00,0.0000000000e+00,0.0000000000e+00,0.0000000000e+00,0.0000000000e+00,0.0000000000e+00,0.0000000000e+00,0.0000000000e+00,0.0000000000e+00
68555,2025-04-19 23:20:00,0.133312,16.583731,11.726848,1.000 omega + -0.005 omega^2 + -0.019 omega^3,0.000,0.0000000000e+00,0.0000000000e+00,0.0000000000e+00,0.0000000000e+00,0.0000000000e+00,0.0000000000e+00,0.0000000000e+00,0.0000000000e+00,0.0000000000e+00,0.0000000000e+00
68556,2025-04-19 23:25:00,0.079943,10.913001,7.716864,1.009 omega + -0.001 theta omega + -0.082 omega^2,-0.030 theta omega^2,0.0000000000e+00,0.0000000000e+00,0.0000000000e+00,0.0000000000e+00,0.0000000000e+00,0.0000000000e+00,0.0000000000e+00,0.0000000000e+00,-2.9983698583e-02,0.0000000000e+00
68557,2025-04-19 23:30:00,0.261313,42.937840,30.362200,0.999 omega + 0.082 omega^2 + 0.002 theta omega^2 + 0.207 omega^3,0.000,0.0000000000e+00,0.0000000000e+00,0.0000000000e+00,0.0000000000e+00,0.0000000000e+00,0.0000000000e+00,0.0000000000e+00,0.0000000000e+00,0.0000000000e+00,0.0000000000e+00
68558,2025-04-19 23:35:00,0.071193,2.369036,1.675918,0.998 omega + 0.008 omega^2,0.000,0.0000000000e+00,0.0000000000e+00,0.0000000000e+00,0.0000000000e+00,0.0000000000e+00,0.0000000000e+00,0.0000000000e+00,0.0000000000e+00,0.0000000000e+00,0.0000000000e+00
68559,2025-04-19 23:40:00,0.095358,10.805224,7.640745,1.007 omega + -0.037 omega^2,0.000,0.0000000000e+00,0.0000000000e+00,0.0000000000e+00,0.0000000000e+00,0.0000000000e+00,0.0000000000e+00,0.0000000000e+00,0.0000000000e+00,0.0000000000e+00,0.0000000000e+00
68560,2025-04-19 23:45:00,0.160434,26.871856,19.001610,0.996 omega + -0.027 omega^2,0.000,0.0000000000e+00,0.0000000000e+00,0.0000000000e+00,0.0000000000e+00,0.0000000000e+00,0.0000000000e+00,0.0000000000e+00,0.0000000000e+00,0.0000000000e+00,0.0000000000e+00
68561,2025-04-19 23:50:00,0.139889,7.538040,5.331117,1.008 omega + -0.019 omega^2 + -0.245 omega^3,0.000,0.0000000000e+00,0.0000000000e+00,0.0000000000e+00,0.0000000000e+00,0.0000000000e+00,0.0000000000e+00,0.0000000000e+00,0.0000000000e+00,0.0000000000e+00,0.0000000000e+00
68562,2025-04-19 23:55:00,0.120571,17.878441,12.642255,1.000 omega + 0.002 omega^2,0.000,0.0000000000e+00,0.0000000000e+00,0.0000000000e+00,0.0000000000e+00,0.0000000000e+00,0.0000000000e+00,0.0000000000e+00,0.0000000000e+00,0.0000000000e+00,0.0000000000e+00
68563,2025-04-20 00:00:00,nan,nan,nan,0.998 omega + -0.003 omega^2 + 0.065 omega^3,-0.021 omega^2,0.0000000000e+00,0.0000000000e+00,0.0000000000e+00,0.0000000000e+00,0.0000000000e+00,-2.0735778763e-02,0.0000000000e+00,0.0000000000e+00,0.0000000000e+00,0.0000000000e+00
68564,2025-04-20 00:05:00,0.190139,29.183354,20.636186,0.036 1 + 1.395 omega + 1.371 omega^2 + 1.491 omega^3,0.000,0.0000000000e+00,0.0000000000e+00,0.0000000000e+00,0.0000000000e+00,0.0000000000e+00,0.0000000000e+00,0.0000000000e+00,0.0000000000e+00,0.0000000000e+00,0.0000000000e+00
68565,2025-04-20 00:10:00,0.097320,14.232289,10.063983,0.001 1 + 1.014 omega + 0.094 omega^2 + 0.168 omega^3,0.000,0.0000000000e+00,0.0000000000e+00,0.0000000000e+00,0.0000000000e+00,0.0000000000e+00,0.0000000000e+00,0.0000000000e+00,0.0000000000e+00,0.0000000000e+00,0.0000000000e+00
68566,2025-04-20 00:15:00,0.191276,20.023324,14.159274,0.998 omega + 0.058 omega^2 + 0.267 omega^3,0.000,0.0000000000e+00,0.0000000000e+00,0.0000000000e+00,0.0000000000e+00,0.0000000000e+00,0.0000000000e+00,0.0000000000e+00,0.0000000000e+00,0.0000000000e+00,0.0000000000e+00
68567,2025-04-20 00:20:00,0.143826,8.481870,5.998450,1.004 omega + 0.022 omega^2 + -0.089 omega^3,0.037 omega^2,0.0000000000e+00,0.0000000000e+00,0.0000000000e+00,0.0000000000e+00,0.0000000000e+00,3.6714801991e-02,0.0000000000e+00,0.0000000000e+00,0.0000000000e+00,0.0000000000e+00
68568,2025-04-20 00:25:00,0.230755,33.267486,23.524230,0.998 omega + -0.067 omega^3,0.000,0.0000000000e+00,0.0000000000e+00,0.0000000000e+00,0.0000000000e+00,0.0000000000e+00,0.0000000000e+00,0.0000000000e+00,0.0000000000e+00,0.0000000000e+00,0.0000000000e+00
68569,2025-04-20 00:30:00,0.134762,8.562689,6.055485,1.008 omega + 0.020 omega^2 + -0.407 omega^3,0.000,0.0000000000e+00,0.0000000000e+00,0.0000000000e+00,0.0000000000e+00,0.0000000000e+00,0.0000000000e+00,0.0000000000e+00,0.0000000000e+00,0.0000000000e+00,0.0000000000e+00
68570,2025-04-20 00:35:00,0.144690,14.573372,10.305438,0.993 omega + 0.001 theta omega + -0.001 omega^2,0.000,0.0000000000e+00,0.0000000000e+00,0.0000000000e+00,0.0000000000e+00,0.0000000000e+00,0.0000000000e+00,0.0000000000e+00,0.0000000000e+00,0.0000000000e+00,0.0000000000e+00
68571,2025-04-20 00:40:00,0.145706,17.333733,12.257233,0.975 omega + -0.003 theta omega + -0.210 omega^2 + -0.031 theta omega^2,0.000,0.0000000000e+00,0.0000000000e+00,0.0000000000e+00,0.0000000000e+00,0.0000000000e+00,0.0000000000e+00,0.0000000000e+00,0.0000000000e+00,0.0000000000e+00,0.0000000000e+00
68572,2025-04-20 00:45:00,0.113184,15.836395,11.198308,1.003 omega + -0.001 theta omega + 0.001 omega^2,0.000,0.0000000000e+00,0.0000000000e+00,0.0000000000e+00,0.0000000000e+00,0.0000000000e+00,0.0000000000e+00,0.0000000000e+00,0.0000000000e+00,0.0000000000e+00,0.0000000000e+00
68573,2025-04-20 00:50:00,0.063954,6.303271,4.457315,0.987 omega + 0.279 omega^2 + -0.004 theta omega^2 + -0.807 omega^3,0.000,0.0000000000e+00,0.0000000000e+00,0.0000000000e+00,0.0000000000e+00,0.0000000000e+00,0.0000000000e+00,0.0000000000e+00,0.0000000000e+00,0.0000000000e+00,0.0000000000e+00
68574,2025-04-20 00:55:00,0.097748,5.892354,4.167097,0.999 omega,0.000,0.0000000000e+00,0.0000000000e+00,0.0000000000e+00,0.0000000000e+00,0.0000000000e+00,0.0000000000e+00,0.0000000000e+00,0.0000000000e+00,0.0000000000e+00,0.0000000000e+00
68575,2025-04-20 01:00:00,0.108933,4.756660,3.364348,1.007 omega + 0.034 omega^2 + -0.291 omega^3,-0.012 theta omega^2,0.0000000000e+00,0.0000000000e+00,0.0000000000e+00,0.0000000000e+00,0.0000000000e+00,0.0000000000e+00,0.0000000000e+00,0.0000000000e+00,-1.1580891938e-02,0.0000000000e+00
68576,2025-04-20 01:05:00,0.113385,11.516092,8.143501,0.999 omega + 0.049 omega^2 + -0.041 theta omega^2 + 0.228 omega^3,0.000,0.0000000000e+00,0.0000000000e+00,0.0000000000e+00,0.0000000000e+00,0.0000000000e+00,0.0000000000e+00,0.0000000000e+00,0.0000000000e+00,0.0000000000e+00,0.0000000000e+00
68577,2025-04-20 01:10:00,0.132156,15.340030,10.847442,0.997 omega + 0.015 omega^2 + 0.021 omega^3,0.019 omega^2 + -0.011 theta omega^2,0.0000000000e+00,0.0000000000e+00,0.0000000000e+00,0.0000000000e+00,0.0000000000e+00,1.9185228879e-02,0.0000000000e+00,0.0000000000e+00,-1.1463296426e-02,0.0000000000e+00
68578,2025-04-20 01:15:00,0.092594,7.514707,5.314104,0.997 omega + -0.030 omega^2 + -0.036 theta omega^2 + 0.710 omega^3,-0.040 theta omega^2,0.0000000000e+00,0.0000000000e+00,0.0000000000e+00,0.0000000000e+00,0.0000000000e+00,0.0000000000e+00,0.0000000000e+00,0.0000000000e+00,-4.0189330378e-02,0.0000000000e+00
68579,2025-04-20 01:20:00,0.115813,5.181167,3.664553,1.002 omega + 0.027 omega^2 + -0.156 omega^3,0.000,0.0000000000e+00,0.0000000000e+00,0.0000000000e+00,0.0000000000e+00,0.0000000000e+00,0.0000000000e+00,0.0000000000e+00,0.0000000000e+00,0.0000000000e+00,0.0000000000e+00
68580,2025-04-20 01:25:00,0.108492,8.848279,6.257148,1.002 omega + -0.109 omega^3,0.000,0.0000000000e+00,0.0000000000e+00,0.0000000000e+00,0.0000000000e+00,0.0000000000e+00,0.0000000000e+00,0.0000000000e+00,0.0000000000e+00,0.0000000000e+00,0.0000000000e+00
68581,2025-04-20 01:30:00,0.084330,11.103335,7.851470,-0.004 1 + 0.971 omega + -0.005 theta omega + -0.011 theta omega^2,0.000,0.0000000000e+00,0.0000000000e+00,0.0000000000e+00,0.0000000000e+00,0.0000000000e+00,0.0000000000e+00,0.0000000000e+00,0.0000000000e+00,0.0000000000e+00,0.0000000000e+00
68582,2025-04-20 01:35:00,0.107498,10.591525,7.489725,0.996 omega + -0.017 omega^2,0.000,0.0000000000e+00,0.0000000000e+00,0.0000000000e+00,0.0000000000e+00,0.0000000000e+00,0.0000000000e+00,0.0000000000e+00,0.0000000000e+00,0.0000000000e+00,0.0000000000e+00
68583,2025-04-20 01:40:00,0.183886,26.302465,18.599106,0.998 omega + 0.033 omega^2 + -0.012 theta omega^2 + 0.158 omega^3,0.000,0.0000000000e+00,0.0000000000e+00,0.0000000000e+00,0.0000000000e+00,0.0000000000e+00,0.0000000000e+00,0.0000000000e+00,0.0000000000e+00,0.0000000000e+00,0.0000000000e+00
68584,2025-04-20 01:45:00,0.122889,14.150917,10.006587,0.967 omega + 0.006 theta omega + 0.333 omega^2 + -0.053 theta omega^2,0.000,0.0000000000e+00,0.0000000000e+00,0.0000000000e+00,0.0000000000e+00,0.0000000000e+00,0.0000000000e+00,0.0000000000e+00,0.0000000000e+00,0.0000000000e+00,0.0000000000e+00
68585,2025-04-20 01:50:00,0.140499,16.861705,11.923440,1.002 omega + -0.068 omega^3,0.000,0.0000000000e+00,0.0000000000e+00,0.0000000000e+00,0.0000000000e+00,0.0000000000e+00,0.0000000000e+00,0.0000000000e+00,0.0000000000e+00,0.0000000000e+00,0.0000000000e+00
68586,2025-04-20 01:55:00,0.080055,2.633476,1.863009,1.005 omega + -0.042 omega^2,0.000,0.0000000000e+00,0.0000000000e+00,0.0000000000e+00,0.0000000000e+00,0.0000000000e+00,0.0000000000e+00,0.0000000000e+00,0.0000000000e+00,0.0000000000e+00,0.0000000000e+00
68587,2025-04-20 02:00:00,0.185256,24.729576,17.486942,1.000 omega + 0.017 omega^2 + 0.039 omega^3,0.000,0.0000000000e+00,0.0000000000e+00,0.0000000000e+00,0.0000000000e+00,0.0000000000e+00,0.0000000000e+00,0.0000000000e+00,0.0000000000e+00,0.0000000000e+00,0.0000000000e+00
68588,2025-04-20 02:05:00,0.117987,8.993194,6.359696,0.999 omega + -0.002 omega^2,0.000,0.0000000000e+00,0.0000000000e+00,0.0000000000e+00,0.0000000000e+00,0.0000000000e+00,0.0000000000e+00,0.0000000000e+00,0.0000000000e+00,0.0000000000e+00,0.0000000000e+00
68589,2025-04-20 02:10:00,0.099369,10.258028,7.253861,0.994 omega + 0.185 omega^3,-0.042 theta omega^2,0.0000000000e+00,0.0000000000e+00,0.0000000000e+00,0.0000000000e+00,0.0000000000e+00,0.0000000000e+00,0.0000000000e+00,0.0000000000e+00,-4.2125757409e-02,0.0000000000e+00
68590,2025-04-20 02:15:00,0.075944,4.862767,3.438915,0.987 omega + 0.075 omega^2,0.000,0.0000000000e+00,0.0000000000e+00,0.0000000000e+00,0.0000000000e+00,0.0000000000e+00,0.0000000000e+00,0.0000000000e+00,0.0000000000e+00,0.0000000000e+00,0.0000000000e+00
68591,2025-04-20 02:20:00,0.153869,14.001373,9.901064,1.004 omega + -0.030 omega^2 + -0.286 omega^3,0.000,0.0000000000e+00,0.0000000000e+00,0.0000000000e+00,0.0000000000e+00,0.0000000000e+00,0.0000000000e+00,0.0000000000e+00,0.0000000000e+00,0.0000000000e+00,0.0000000000e+00
68592,2025-04-20 02:25:00,0.189339,13.994993,9.896860,1.004 omega + -0.029 omega^2 + -0.102 omega^3,-0.028 omega^2,0.0000000000e+00,0.0000000000e+00,0.0000000000e+00,0.0000000000e+00,0.0000000000e+00,-2.7869800089e-02,0.0000000000e+00,0.0000000000e+00,0.0000000000e+00,0.0000000000e+00
68593,2025-04-20 02:30:00,0.215147,34.971336,24.728936,0.998 omega + 0.026 omega^2 + 0.039 omega^3,0.000,0.0000000000e+00,0.0000000000e+00,0.0000000000e+00,0.0000000000e+00,0.0000000000e+00,0.0000000000e+00,0.0000000000e+00,0.0000000000e+00,0.0000000000e+00,0.0000000000e+00
68594,2025-04-20 02:35:00,0.098813,9.905735,7.004761,0.991 omega + -0.001 theta omega + -0.149 omega^2 + -0.034 theta omega^2,-0.014 theta omega^2,0.0000000000e+00,0.0000000000e+00,0.0000000000e+00,0.0000000000e+00,0.0000000000e+00,0.0000000000e+00,0.0000000000e+00,0.0000000000e+00,-1.3506601475e-02,0.0000000000e+00
68595,2025-04-20 02:40:00,0.208857,19.123831,13.523397,0.999 omega + 0.012 omega^3,0.000,0.0000000000e+00,0.0000000000e+00,0.0000000000e+00,0.0000000000e+00,0.0000000000e+00,0.0000000000e+00,0.0000000000e+00,0.0000000000e+00,0.0000000000e+00,0.0000000000e+00
68596,2025-04-20 02:45:00,0.166249,17.639184,12.473341,1.003 omega + -0.018 omega^2 + -0.135 omega^3,0.010 omega + -0.048 omega^2 + -0.015 theta omega^2,0.0000000000e+00,0.0000000000e+00,9.6285560344e-03,0.0000000000e+00,0.0000000000e+00,-4.7837626131e-02,0.0000000000e+00,0.0000000000e+00,-1.4505384132e-02,0.0000000000e+00
68597,2025-04-20 02:50:00,0.160497,20.838798,14.735693,-0.001 1 + 1.001 omega + 0.013 omega^2,0.000,0.0000000000e+00,0.0000000000e+00,0.0000000000e+00,0.0000000000e+00,0.0000000000e+00,0.0000000000e+00,0.0000000000e+00,0.0000000000e+00,0.0000000000e+00,0.0000000000e+00
68598,2025-04-20 02:55:00,0.107100,16.282079,11.513417,-0.001 1 + 0.979 omega + -0.093 omega^2 + -0.102 omega^3,0.000,0.0000000000e+00,0.0000000000e+00,0.0000000000e+00,0.0000000000e+00,0.0000000000e+00,0.0000000000e+00,0.0000000000e+00,0.0000000000e+00,0.0000000000e+00,0.0000000000e+00
68599,2025-04-20 03:00:00,0.339643,49.242065,34.820226,0.996 omega + 0.083 omega^2 + 0.226 omega^3,0.000,0.0000000000e+00,0.0000000000e+00,0.0000000000e+00,0.0000000000e+00,0.0000000000e+00,0.0000000000e+00,0.0000000000e+00,0.0000000000e+00,0.0000000000e+00,0.0000000000e+00
68600,2025-04-20 03:05:00,0.093601,9.685946,6.849318,1.006 omega + -0.073 omega^2 + -0.033 theta omega^2 + -0.498 omega^3,-0.043 theta omega^2,0.0000000000e+00,0.0000000000e+00,0.0000000000e+00,0.0000000000e+00,0.0000000000e+00,0.0000000000e+00,0.0000000000e+00,0.0000000000e+00,-4.2629048494e-02,0.0000000000e+00
68601,2025-04-20 03:10:00,0.056723,3.931787,2.780483,1.005 omega + -0.023 omega^2,0.000,0.0000000000e+00,0.0000000000e+00,0.0000000000e+00,0.0000000000e+00,0.0000000000e+00,0.0000000000e+00,0.0000000000e+00,0.0000000000e+00,0.0000000000e+00,0.0000000000e+00
68602,2025-04-20 03:15:00,0.030794,3.668290,2.593964,1.000 omega + -0.015 omega^2 + 0.001 theta omega^2,0.000,0.0000000000e+00,0.0000000000e+00,0.0000000000e+00,0.0000000000e+00,0.0000000000e+00,0.0000000000e+00,0.0000000000e+00,0.0000000000e+00,0.0000000000e+00,0.0000000000e+00
68603,2025-04-20 03:20:00,0.100443,12.038523,8.512817,1.001 omega,-0.018 theta omega^2,0.0000000000e+00,0.0000000000e+00,0.0000000000e+00,0.0000000000e+00,0.0000000000e+00,0.0000000000e+00,0.0000000000e+00,0.0000000000e+00,-1.8404022657e-02,0.0000000000e+00
68604,2025-04-20 03:25:00,0.122707,6.025210,4.261350,0.998 omega + -0.002 omega^2 + 0.078 omega^3,0.056 omega^2 + -0.014 theta omega^2,0.0000000000e+00,0.0000000000e+00,0.0000000000e+00,0.0000000000e+00,0.0000000000e+00,5.5750086942e-02,0.0000000000e+00,0.0000000000e+00,-1.4301781750e-02,0.0000000000e+00
68605,2025-04-20 03:30:00,0.075186,2.787989,1.972123,1.002 omega + -0.023 omega^2,0.000,0.0000000000e+00,0.0000000000e+00,0.0000000000e+00,0.0000000000e+00,0.0000000000e+00,0.0000000000e+00,0.0000000000e+00,0.0000000000e+00,0.0000000000e+00,0.0000000000e+00
68606,2025-04-20 03:35:00,0.060127,9.272736,6.556952,-0.001 1 + 0.996 omega + 0.161 omega^2 + -0.531 omega^3,0.000,0.0000000000e+00,0.0000000000e+00,0.0000000000e+00,0.0000000000e+00,0.0000000000e+00,0.0000000000e+00,0.0000000000e+00,0.0000000000e+00,0.0000000000e+00,0.0000000000e+00
68607,2025-04-20 03:40:00,0.114305,8.621431,6.096808,1.002 omega + 0.027 omega^2 + -0.123 omega^3,0.046 omega^2,0.0000000000e+00,0.0000000000e+00,0.0000000000e+00,0.0000000000e+00,0.0000000000e+00,4.5852462613e-02,0.0000000000e+00,0.0000000000e+00,0.0000000000e+00,0.0000000000e+00
68608,2025-04-20 03:45:00,0.074160,5.565844,3.935996,1.001 omega + -0.005 omega^2,0.000,0.0000000000e+00,0.0000000000e+00,0.0000000000e+00,0.0000000000e+00,0.0000000000e+00,0.0000000000e+00,0.0000000000e+00,0.0000000000e+00,0.0000000000e+00,0.0000000000e+00
68609,2025-04-20 03:50:00,0.138985,11.209436,7.926878,1.003 omega + -0.019 omega^2 + -0.071 omega^3,-0.039 omega^2,0.0000000000e+00,0.0000000000e+00,0.0000000000e+00,0.0000000000e+00,0.0000000000e+00,-3.9219504549e-02,0.0000000000e+00,0.0000000000e+00,0.0000000000e+00,0.0000000000e+00
68610,2025-04-20 03:55:00,0.171598,22.437522,15.866188,0.997 omega + 0.012 omega^2,0.000,0.0000000000e+00,0.0000000000e+00,0.0000000000e+00,0.0000000000e+00,0.0000000000e+00,0.0000000000e+00,0.0000000000e+00,0.0000000000e+00,0.0000000000e+00,0.0000000000e+00
68611,2025-04-20 04:00:00,0.061153,4.871230,3.444751,1.002 omega + 0.013 omega^2,0.000,0.0000000000e+00,0.0000000000e+00,0.0000000000e+00,0.0000000000e+00,0.0000000000e+00,0.0000000000e+00,0.0000000000e+00,0.0000000000e+00,0.0000000000e+00,0.0000000000e+00
68612,2025-04-20 04:05:00,0.164319,24.319571,17.196926,1.009 omega + 0.084 omega^2 + -0.013 theta omega^2 + -0.269 omega^3,0.017 omega + -0.018 theta omega^2,0.0000000000e+00,0.0000000000e+00,1.6879454549e-02,0.0000000000e+00,0.0000000000e+00,0.0000000000e+00,0.0000000000e+00,0.0000000000e+00,-1.7768479643e-02,0.0000000000e+00
68613,2025-04-20 04:10:00,0.070891,4.380347,3.097779,1.000 omega,0.000,0.0000000000e+00,0.0000000000e+00,0.0000000000e+00,0.0000000000e+00,0.0000000000e+00,0.0000000000e+00,0.0000000000e+00,0.0000000000e+00,0.0000000000e+00,0.0000000000e+00
68614,2025-04-20 04:15:00,0.085929,7.051296,4.986389,0.998 omega + 0.011 omega^2,0.000,0.0000000000e+00,0.0000000000e+00,0.0000000000e+00,0.0000000000e+00,0.0000000000e+00,0.0000000000e+00,0.0000000000e+00,0.0000000000e+00,0.0000000000e+00,0.0000000000e+00
68615,2025-04-20 04:20:00,0.106790,7.585369,5.364197,1.000 omega + 0.004 omega^2,0.000,0.0000000000e+00,0.0000000000e+00,0.0000000000e+00,0.0000000000e+00,0.0000000000e+00,0.0000000000e+00,0.0000000000e+00,0.0000000000e+00,0.0000000000e+00,0.0000000000e+00
68616,2025-04-20 04:25:00,0.118101,17.439699,12.332012,0.994 omega + -0.010 theta omega^2 + 0.674 omega^3,0.000,0.0000000000e+00,0.0000000000e+00,0.0000000000e+00,0.0000000000e+00,0.0000000000e+00,0.0000000000e+00,0.0000000000e+00,0.0000000000e+00,0.0000000000e+00,0.0000000000e+00
68617,2025-04-20 04:30:00,0.139529,13.005003,9.196455,1.003 omega + 0.024 omega^2 + -0.104 omega^3,0.000,0.0000000000e+00,0.0000000000e+00,0.0000000000e+00,0.0000000000e+00,0.0000000000e+00,0.0000000000e+00,0.0000000000e+00,0.0000000000e+00,0.0000000000e+00,0.0000000000e+00
68618,2025-04-20 04:35:00,0.120584,6.702304,4.740012,0.995 omega + 0.019 omega^2,0.000,0.0000000000e+00,0.0000000000e+00,0.0000000000e+00,0.0000000000e+00,0.0000000000e+00,0.0000000000e+00,0.0000000000e+00,0.0000000000e+00,0.0000000000e+00,0.0000000000e+00
68619,2025-04-20 04:40:00,0.166573,23.440020,16.575016,0.999 omega + 0.036 omega^2 + -0.001 theta omega^2,0.000,0.0000000000e+00,0.0000000000e+00,0.0000000000e+00,0.0000000000e+00,0.0000000000e+00,0.0000000000e+00,0.0000000000e+00,0.0000000000e+00,0.0000000000e+00,0.0000000000e+00
68620,2025-04-20 04:45:00,0.131289,6.661005,4.710956,1.001 omega + -0.045 omega^2 + 0.167 omega^3,0.000,0.0000000000e+00,0.0000000000e+00,0.0000000000e+00,0.0000000000e+00,0.0000000000e+00,0.0000000000e+00,0.0000000000e+00,0.0000000000e+00,0.0000000000e+00,0.0000000000e+00
68621,2025-04-20 04:50:00,0.107329,14.263889,10.086378,0.989 omega + -0.005 theta omega + 0.015 omega^2 + -0.001 theta^2 omega,0.000,0.0000000000e+00,0.0000000000e+00,0.0000000000e+00,0.0000000000e+00,0.0000000000e+00,0.0000000000e+00,0.0000000000e+00,0.0000000000e+00,0.0000000000e+00,0.0000000000e+00
68622,2025-04-20 04:55:00,0.081176,8.161111,5.771063,1.010 omega + -0.041 omega^2 + -0.002 theta omega^2,0.000,0.0000000000e+00,0.0000000000e+00,0.0000000000e+00,0.0000000000e+00,0.0000000000e+00,0.0000000000e+00,0.0000000000e+00,0.0000000000e+00,0.0000000000e+00,0.0000000000e+00
68623,2025-04-20 05:00:00,0.076031,8.749610,6.187142,1.000 omega + 0.004 omega^2,0.000,0.0000000000e+00,0.0000000000e+00,0.0000000000e+00,0.0000000000e+00,0.0000000000e+00,0.0000000000e+00,0.0000000000e+00,0.0000000000e+00,0.0000000000e+00,0.0000000000e+00
68624,2025-04-20 05:05:00,0.089538,12.187837,8.618334,0.995 omega + 0.001 theta omega + 0.012 omega^2 + -0.002 theta omega^2,0.000,0.0000000000e+00,0.0000000000e+00,0.0000000000e+00,0.0000000000e+00,0.0000000000e+00,0.0000000000e+00,0.0000000000e+00,0.0000000000e+00,0.0000000000e+00,0.0000000000e+00
68625,2025-04-20 05:10:00,0.224377,27.573173,19.497823,0.998 omega,0.000,0.0000000000e+00,0.0000000000e+00,0.0000000000e+00,0.0000000000e+00,0.0000000000e+00,0.0000000000e+00,0.0000000000e+00,0.0000000000e+00,0.0000000000e+00,0.0000000000e+00
68626,2025-04-20 05:15:00,0.069766,8.214354,5.808635,0.993 omega + -0.019 omega^2,0.000,0.0000000000e+00,0.0000000000e+00,0.0000000000e+00,0.0000000000e+00,0.0000000000e+00,0.0000000000e+00,0.0000000000e+00,0.0000000000e+00,0.0000000000e+00,0.0000000000e+00
68627,2025-04-20 05:20:00,0.107513,11.833405,8.367826,1.000 omega + -0.022 omega^3,-0.012 theta omega^2,0.0000000000e+00,0.0000000000e+00,0.0000000000e+00,0.0000000000e+00,0.0000000000e+00,0.0000000000e+00,0.0000000000e+00,0.0000000000e+00,-1.1921691950e-02,0.0000000000e+00
68628,2025-04-20 05:25:00,0.124705,12.556252,8.879049,1.005 omega + -0.015 theta omega^2 + -0.362 omega^3,-0.020 theta omega^2,0.0000000000e+00,0.0000000000e+00,0.0000000000e+00,0.0000000000e+00,0.0000000000e+00,0.0000000000e+00,0.0000000000e+00,0.0000000000e+00,-2.0025989706e-02,0.0000000000e+00
68629,2025-04-20 05:30:00,0.091094,8.856805,6.263038,1.003 omega,0.000,0.0000000000e+00,0.0000000000e+00,0.0000000000e+00,0.0000000000e+00,0.0000000000e+00,0.0000000000e+00,0.0000000000e+00,0.0000000000e+00,0.0000000000e+00,0.0000000000e+00
68630,2025-04-20 05:35:00,0.163614,21.542142,15.233034,0.999 omega + -0.016 omega^2,0.000,0.0000000000e+00,0.0000000000e+00,0.0000000000e+00,0.0000000000e+00,0.0000000000e+00,0.0000000000e+00,0.0000000000e+00,0.0000000000e+00,0.0000000000e+00,0.0000000000e+00
68631,2025-04-20 05:40:00,0.096577,6.918446,4.892557,0.995 omega + 0.216 omega^3,0.148 omega^2 + -0.075 theta omega^2,0.0000000000e+00,0.0000000000e+00,0.0000000000e+00,0.0000000000e+00,0.0000000000e+00,1.4814578606e-01,0.0000000000e+00,0.0000000000e+00,-7.4647515668e-02,0.0000000000e+00
68632,2025-04-20 05:45:00,0.191120,19.570237,13.838907,1.000 omega + 0.002 omega^2 + -0.008 omega^3,0.017 omega + -0.011 theta omega^2,0.0000000000e+00,0.0000000000e+00,1.7017793393e-02,0.0000000000e+00,0.0000000000e+00,0.0000000000e+00,0.0000000000e+00,0.0000000000e+00,-1.0883381829e-02,0.0000000000e+00
68633,2025-04-20 05:50:00,0.152638,7.771994,5.496690,1.001 omega + 0.002 omega^2 + -0.024 omega^3,0.000,0.0000000000e+00,0.0000000000e+00,0.0000000000e+00,0.0000000000e+00,0.0000000000e+00,0.0000000000e+00,0.0000000000e+00,0.0000000000e+00,0.0000000000e+00,0.0000000000e+00
68634,2025-04-20 05:55:00,0.101127,5.894265,4.168488,1.002 omega + -0.071 omega^3,0.000,0.0000000000e+00,0.0000000000e+00,0.0000000000e+00,0.0000000000e+00,0.0000000000e+00,0.0000000000e+00,0.0000000000e+00,0.0000000000e+00,0.0000000000e+00,0.0000000000e+00
68635,2025-04-20 06:00:00,0.096899,3.571630,2.526453,1.001 omega + 0.020 omega^2,0.000,0.0000000000e+00,0.0000000000e+00,0.0000000000e+00,0.0000000000e+00,0.0000000000e+00,0.0000000000e+00,0.0000000000e+00,0.0000000000e+00,0.0000000000e+00,0.0000000000e+00
68636,2025-04-20 06:05:00,0.197400,26.159389,18.498008,0.995 omega + 0.008 omega^2,0.000,0.0000000000e+00,0.0000000000e+00,0.0000000000e+00,0.0000000000e+00,0.0000000000e+00,0.0000000000e+00,0.0000000000e+00,0.0000000000e+00,0.0000000000e+00,0.0000000000e+00
68637,2025-04-20 06:10:00,0.144784,11.495474,8.129173,1.008 omega + -0.014 omega^2 + -0.248 omega^3,0.000,0.0000000000e+00,0.0000000000e+00,0.0000000000e+00,0.0000000000e+00,0.0000000000e+00,0.0000000000e+00,0.0000000000e+00,0.0000000000e+00,0.0000000000e+00,0.0000000000e+00
68638,2025-04-20 06:15:00,0.198925,8.384825,5.930635,1.004 omega + -0.047 omega^3,0.000,0.0000000000e+00,0.0000000000e+00,0.0000000000e+00,0.0000000000e+00,0.0000000000e+00,0.0000000000e+00,0.0000000000e+00,0.0000000000e+00,0.0000000000e+00,0.0000000000e+00
68639,2025-04-20 06:20:00,0.211138,29.461081,20.832665,0.998 omega + -0.013 omega^2 + 0.035 omega^3,0.000,0.0000000000e+00,0.0000000000e+00,0.0000000000e+00,0.0000000000e+00,0.0000000000e+00,0.0000000000e+00,0.0000000000e+00,0.0000000000e+00,0.0000000000e+00,0.0000000000e+00
68640,2025-04-20 06:25:00,0.105412,11.958644,8.456367,0.994 omega + -0.037 omega^2 + -0.008 theta omega^2 + 0.277 omega^3,-0.068 omega^2 + -0.013 theta omega^2,0.0000000000e+00,0.0000000000e+00,0.0000000000e+00,0.0000000000e+00,0.0000000000e+00,-6.8058656587e-02,0.0000000000e+00,0.0000000000e+00,-1.2800002927e-02,0.0000000000e+00
68641,2025-04-20 06:30:00,0.102858,11.122365,7.865036,1.001 omega + -0.010 omega^2 + -0.064 omega^3,0.000,0.0000000000e+00,0.0000000000e+00,0.0000000000e+00,0.0000000000e+00,0.0000000000e+00,0.0000000000e+00,0.0000000000e+00,0.0000000000e+00,0.0000000000e+00,0.0000000000e+00
68642,2025-04-20 06:35:00,0.127445,14.758183,10.436001,0.998 omega + 0.010 omega^3,-0.073 omega^2 + -0.020 theta omega^2,0.0000000000e+00,0.0000000000e+00,0.0000000000e+00,0.0000000000e+00,0.0000000000e+00,-7.3317683937e-02,0.0000000000e+00,0.0000000000e+00,-1.9615666414e-02,0.0000000000e+00
68643,2025-04-20 06:40:00,0.084804,8.614857,6.091919,0.987 omega + 0.018 theta omega + 0.015 omega^2 + -0.005 theta^2 omega,0.000,0.0000000000e+00,0.0000000000e+00,0.0000000000e+00,0.0000000000e+00,0.0000000000e+00,0.0000000000e+00,0.0000000000e+00,0.0000000000e+00,0.0000000000e+00,0.0000000000e+00
68644,2025-04-20 06:45:00,0.139780,17.680454,12.502360,1.000 omega + 0.001 omega^2 + -0.011 omega^3,0.000,0.0000000000e+00,0.0000000000e+00,0.0000000000e+00,0.0000000000e+00,0.0000000000e+00,0.0000000000e+00,0.0000000000e+00,0.0000000000e+00,0.0000000000e+00,0.0000000000e+00
68645,2025-04-20 06:50:00,0.136692,11.144408,7.880879,0.999 omega,0.000,0.0000000000e+00,0.0000000000e+00,0.0000000000e+00,0.0000000000e+00,0.0000000000e+00,0.0000000000e+00,0.0000000000e+00,0.0000000000e+00,0.0000000000e+00,0.0000000000e+00
68646,2025-04-20 06:55:00,0.148643,17.082867,12.079869,0.992 omega + -0.016 omega^2 + 0.153 omega^3,-0.013 theta omega^2,0.0000000000e+00,0.0000000000e+00,0.0000000000e+00,0.0000000000e+00,0.0000000000e+00,0.0000000000e+00,0.0000000000e+00,0.0000000000e+00,-1.2565741643e-02,0.0000000000e+00
68647,2025-04-20 07:00:00,0.108087,9.425453,6.665240,1.012 omega + -0.004 theta omega + -0.094 omega^2 + 0.610 omega^3,-0.014 theta omega^2,0.0000000000e+00,0.0000000000e+00,0.0000000000e+00,0.0000000000e+00,0.0000000000e+00,0.0000000000e+00,0.0000000000e+00,0.0000000000e+00,-1.4234618632e-02,0.0000000000e+00
68648,2025-04-20 07:05:00,0.104632,10.564680,7.470723,1.000 omega,0.000,0.0000000000e+00,0.0000000000e+00,0.0000000000e+00,0.0000000000e+00,0.0000000000e+00,0.0000000000e+00,0.0000000000e+00,0.0000000000e+00,0.0000000000e+00,0.0000000000e+00
68649,2025-04-20 07:10:00,0.091352,5.437697,3.845575,1.001 omega + -0.169 omega^2 + -0.045 theta omega^2,0.000,0.0000000000e+00,0.0000000000e+00,0.0000000000e+00,0.0000000000e+00,0.0000000000e+00,0.0000000000e+00,0.0000000000e+00,0.0000000000e+00,0.0000000000e+00,0.0000000000e+00
68650,2025-04-20 07:15:00,0.100049,4.285196,3.030917,1.003 omega + -0.023 omega^2,0.000,0.0000000000e+00,0.0000000000e+00,0.0000000000e+00,0.0000000000e+00,0.0000000000e+00,0.0000000000e+00,0.0000000000e+00,0.0000000000e+00,0.0000000000e+00,0.0000000000e+00
68651,2025-04-20 07:20:00,0.192059,32.267178,22.816745,0.999 omega + -0.001 omega^2 + 0.055 omega^3,0.000,0.0000000000e+00,0.0000000000e+00,0.0000000000e+00,0.0000000000e+00,0.0000000000e+00,0.0000000000e+00,0.0000000000e+00,0.0000000000e+00,0.0000000000e+00,0.0000000000e+00
68652,2025-04-20 07:25:00,0.121443,8.931070,6.315804,1.001 omega + 0.027 omega^2 + 0.032 omega^3,0.041 omega^2,0.0000000000e+00,0.0000000000e+00,0.0000000000e+00,0.0000000000e+00,0.0000000000e+00,4.0611395005e-02,0.0000000000e+00,0.0000000000e+00,0.0000000000e+00,0.0000000000e+00
68653,2025-04-20 07:30:00,0.163410,23.195695,16.402240,0.999 omega + 0.076 omega^3,-0.049 omega^2,0.0000000000e+00,0.0000000000e+00,0.0000000000e+00,0.0000000000e+00,0.0000000000e+00,-4.8958815606e-02,0.0000000000e+00,0.0000000000e+00,0.0000000000e+00,0.0000000000e+00
68654,2025-04-20 07:35:00,0.099980,6.126410,4.332603,1.002 omega + -0.009 omega^2,0.000,0.0000000000e+00,0.0000000000e+00,0.0000000000e+00,0.0000000000e+00,0.0000000000e+00,0.0000000000e+00,0.0000000000e+00,0.0000000000e+00,0.0000000000e+00,0.0000000000e+00
68655,2025-04-20 07:40:00,0.106430,16.234911,11.480063,0.997 omega + -0.010 omega^2,0.000,0.0000000000e+00,0.0000000000e+00,0.0000000000e+00,0.0000000000e+00,0.0000000000e+00,0.0000000000e+00,0.0000000000e+00,0.0000000000e+00,0.0000000000e+00,0.0000000000e+00
68656,2025-04-20 07:45:00,0.154358,17.740530,12.544924,1.006 omega + 0.001 theta omega^2,0.000,0.0000000000e+00,0.0000000000e+00,0.0000000000e+00,0.0000000000e+00,0.0000000000e+00,0.0000000000e+00,0.0000000000e+00,0.0000000000e+00,0.0000000000e+00,0.0000000000e+00
68657,2025-04-20 07:50:00,0.068551,6.704846,4.741290,0.993 omega + -0.048 omega^2 + -0.102 omega^3,0.000,0.0000000000e+00,0.0000000000e+00,0.0000000000e+00,0.0000000000e+00,0.0000000000e+00,0.0000000000e+00,0.0000000000e+00,0.0000000000e+00,0.0000000000e+00,0.0000000000e+00
68658,2025-04-20 07:55:00,0.151598,13.621230,9.632260,0.999 omega,0.000,0.0000000000e+00,0.0000000000e+00,0.0000000000e+00,0.0000000000e+00,0.0000000000e+00,0.0000000000e+00,0.0000000000e+00,0.0000000000e+00,0.0000000000e+00,0.0000000000e+00
68659,2025-04-20 08:00:00,0.229523,23.957586,16.941349,0.995 omega + -0.027 omega^2 + 0.123 omega^3,0.000,0.0000000000e+00,0.0000000000e+00,0.0000000000e+00,0.0000000000e+00,0.0000000000e+00,0.0000000000e+00,0.0000000000e+00,0.0000000000e+00,0.0000000000e+00,0.0000000000e+00
68660,2025-04-20 08:05:00,0.064959,2.797689,1.978798,0.999 omega + 0.002 theta omega,0.000,0.0000000000e+00,0.0000000000e+00,0.0000000000e+00,0.0000000000e+00,0.0000000000e+00,0.0000000000e+00,0.0000000000e+00,0.0000000000e+00,0.0000000000e+00,0.0000000000e+00
68661,2025-04-20 08:10:00,0.193380,29.824722,21.089707,-0.001 1 + 1.012 omega + 0.119 omega^2 + 0.227 omega^3,0.000,0.0000000000e+00,0.0000000000e+00,0.0000000000e+00,0.0000000000e+00,0.0000000000e+00,0.0000000000e+00,0.0000000000e+00,0.0000000000e+00,0.0000000000e+00,0.0000000000e+00
68662,2025-04-20 08:15:00,0.260913,32.506746,22.986481,0.995 omega + 0.039 omega^2 + 0.181 omega^3,0.000,0.0000000000e+00,0.0000000000e+00,0.0000000000e+00,0.0000000000e+00,0.0000000000e+00,0.0000000000e+00,0.0000000000e+00,0.0000000000e+00,0.0000000000e+00,0.0000000000e+00
68663,2025-04-20 08:20:00,0.134616,19.367003,13.694870,1.001 omega + -0.025 omega^2,0.000,0.0000000000e+00,0.0000000000e+00,0.0000000000e+00,0.0000000000e+00,0.0000000000e+00,0.0000000000e+00,0.0000000000e+00,0.0000000000e+00,0.0000000000e+00,0.0000000000e+00
68664,2025-04-20 08:25:00,0.139682,17.076281,12.075158,0.996 omega + 0.013 omega^2,0.000,0.0000000000e+00,0.0000000000e+00,0.0000000000e+00,0.0000000000e+00,0.0000000000e+00,0.0000000000e+00,0.0000000000e+00,0.0000000000e+00,0.0000000000e+00,0.0000000000e+00
68665,2025-04-20 08:30:00,0.158921,23.826515,16.848265,0.987 omega + 0.001 theta omega + 0.031 omega^2,0.000,0.0000000000e+00,0.0000000000e+00,0.0000000000e+00,0.0000000000e+00,0.0000000000e+00,0.0000000000e+00,0.0000000000e+00,0.0000000000e+00,0.0000000000e+00,0.0000000000e+00
68666,2025-04-20 08:35:00,0.171793,28.310640,20.019014,0.937 omega + 0.012 theta omega + 0.284 omega^2 + -0.063 theta omega^2,0.000,0.0000000000e+00,0.0000000000e+00,0.0000000000e+00,0.0000000000e+00,0.0000000000e+00,0.0000000000e+00,0.0000000000e+00,0.0000000000e+00,0.0000000000e+00,0.0000000000e+00
68667,2025-04-20 08:40:00,0.087166,12.508575,8.845113,0.989 omega + -0.002 theta omega + -0.202 omega^2 + -0.039 theta omega^2,0.000,0.0000000000e+00,0.0000000000e+00,0.0000000000e+00,0.0000000000e+00,0.0000000000e+00,0.0000000000e+00,0.0000000000e+00,0.0000000000e+00,0.0000000000e+00,0.0000000000e+00
68668,2025-04-20 08:45:00,0.063714,8.594938,6.077706,0.986 omega + -0.003 theta omega + -0.007 omega^2 + 0.005 theta^2 omega + -0.099 theta omega^2,0.000,0.0000000000e+00,0.0000000000e+00,0.0000000000e+00,0.0000000000e+00,0.0000000000e+00,0.0000000000e+00,0.0000000000e+00,0.0000000000e+00,0.0000000000e+00,0.0000000000e+00
68669,2025-04-20 08:50:00,0.073674,12.155420,8.595338,1.003 omega + -0.032 theta omega^2,-0.037 theta omega^2,0.0000000000e+00,0.0000000000e+00,0.0000000000e+00,0.0000000000e+00,0.0000000000e+00,0.0000000000e+00,0.0000000000e+00,0.0000000000e+00,-3.7223581206e-02,0.0000000000e+00
68670,2025-04-20 08:55:00,0.074000,8.079990,5.713655,1.008 omega + 0.033 omega^2 + -0.001 theta omega^2,0.000,0.0000000000e+00,0.0000000000e+00,0.0000000000e+00,0.0000000000e+00,0.0000000000e+00,0.0000000000e+00,0.0000000000e+00,0.0000000000e+00,0.0000000000e+00,0.0000000000e+00
68671,2025-04-20 09:00:00,0.097314,14.006425,9.904277,0.996 omega + -0.001 theta omega,0.000,0.0000000000e+00,0.0000000000e+00,0.0000000000e+00,0.0000000000e+00,0.0000000000e+00,0.0000000000e+00,0.0000000000e+00,0.0000000000e+00,0.0000000000e+00,0.0000000000e+00
68672,2025-04-20 09:05:00,0.028396,1.353591,0.957344,-0.001 1 + 0.960 omega + -0.002 theta omega + -0.241 omega^2 + -0.012 theta omega^2,0.000,0.0000000000e+00,0.0000000000e+00,0.0000000000e+00,0.0000000000e+00,0.0000000000e+00,0.0000000000e+00,0.0000000000e+00,0.0000000000e+00,0.0000000000e+00,0.0000000000e+00
68673,2025-04-20 09:10:00,0.144304,23.461284,16.589947,0.997 omega + -0.012 theta omega^2 + 0.044 omega^3,0.000,0.0000000000e+00,0.0000000000e+00,0.0000000000e+00,0.0000000000e+00,0.0000000000e+00,0.0000000000e+00,0.0000000000e+00,0.0000000000e+00,0.0000000000e+00,0.0000000000e+00
68674,2025-04-20 09:15:00,0.077752,8.227356,5.817879,1.005 omega + -0.001 theta omega + -0.007 theta omega^2,0.000,0.0000000000e+00,0.0000000000e+00,0.0000000000e+00,0.0000000000e+00,0.0000000000e+00,0.0000000000e+00,0.0000000000e+00,0.0000000000e+00,0.0000000000e+00,0.0000000000e+00
68675,2025-04-20 09:20:00,0.067293,2.378193,1.682309,0.999 omega + 0.079 omega^2 + -0.005 theta omega^2,0.000,0.0000000000e+00,0.0000000000e+00,0.0000000000e+00,0.0000000000e+00,0.0000000000e+00,0.0000000000e+00,0.0000000000e+00,0.0000000000e+00,0.0000000000e+00,0.0000000000e+00
68676,2025-04-20 09:25:00,0.094354,11.903883,8.417581,1.021 omega + 0.003 theta omega + -0.492 omega^3,0.000,0.0000000000e+00,0.0000000000e+00,0.0000000000e+00,0.0000000000e+00,0.0000000000e+00,0.0000000000e+00,0.0000000000e+00,0.0000000000e+00,0.0000000000e+00,0.0000000000e+00
68677,2025-04-20 09:30:00,0.093366,4.954104,3.503703,1.007 omega + -0.029 omega^2,0.000,0.0000000000e+00,0.0000000000e+00,0.0000000000e+00,0.0000000000e+00,0.0000000000e+00,0.0000000000e+00,0.0000000000e+00,0.0000000000e+00,0.0000000000e+00,0.0000000000e+00
68678,2025-04-20 09:35:00,0.051886,1.659265,1.173851,0.003 1 + 0.869 omega + 1.051 omega^2 + -2.306 omega^3,0.000,0.0000000000e+00,0.0000000000e+00,0.0000000000e+00,0.0000000000e+00,0.0000000000e+00,0.0000000000e+00,0.0000000000e+00,0.0000000000e+00,0.0000000000e+00,0.0000000000e+00
68679,2025-04-20 09:40:00,0.061998,9.962765,7.044875,1.008 omega + -0.088 omega^2 + 0.001 theta omega^2 + 0.159 omega^3,0.000,0.0000000000e+00,0.0000000000e+00,0.0000000000e+00,0.0000000000e+00,0.0000000000e+00,0.0000000000e+00,0.0000000000e+00,0.0000000000e+00,0.0000000000e+00,0.0000000000e+00
68680,2025-04-20 09:45:00,0.053080,6.852701,4.845737,-0.020 1 + 0.003 theta + 1.221 omega + -0.034 theta omega + -0.618 omega^2 + 0.098 theta omega^2,0.000,0.0000000000e+00,0.0000000000e+00,0.0000000000e+00,0.0000000000e+00,0.0000000000e+00,0.0000000000e+00,0.0000000000e+00,0.0000000000e+00,0.0000000000e+00,0.0000000000e+00
68681,2025-04-20 09:50:00,0.169252,16.076607,11.368508,0.997 omega + 0.005 omega^2,0.000,0.0000000000e+00,0.0000000000e+00,0.0000000000e+00,0.0000000000e+00,0.0000000000e+00,0.0000000000e+00,0.0000000000e+00,0.0000000000e+00,0.0000000000e+00,0.0000000000e+00
68682,2025-04-20 09:55:00,0.097242,11.570800,8.182080,0.997 omega + 0.003 theta omega + 0.011 omega^2 + -0.018 theta omega^2,0.000,0.0000000000e+00,0.0000000000e+00,0.0000000000e+00,0.0000000000e+00,0.0000000000e+00,0.0000000000e+00,0.0000000000e+00,0.0000000000e+00,0.0000000000e+00,0.0000000000e+00
68683,2025-04-20 10:00:00,0.067880,8.780197,6.208722,-0.003 1 + 1.030 omega + -0.085 omega^2,0.000,0.0000000000e+00,0.0000000000e+00,0.0000000000e+00,0.0000000000e+00,0.0000000000e+00,0.0000000000e+00,0.0000000000e+00,0.0000000000e+00,0.0000000000e+00,0.0000000000e+00
68684,2025-04-20 10:05:00,0.032216,1.163845,0.823278,-0.001 1 + 1.015 omega + -0.059 omega^2,0.000,0.0000000000e+00,0.0000000000e+00,0.0000000000e+00,0.0000000000e+00,0.0000000000e+00,0.0000000000e+00,0.0000000000e+00,0.0000000000e+00,0.0000000000e+00,0.0000000000e+00
68685,2025-04-20 10:10:00,0.215420,29.425497,20.807526,0.999 omega + -0.038 omega^2 + -0.001 theta omega^2 + -0.077 omega^3,0.000,0.0000000000e+00,0.0000000000e+00,0.0000000000e+00,0.0000000000e+00,0.0000000000e+00,0.0000000000e+00,0.0000000000e+00,0.0000000000e+00,0.0000000000e+00,0.0000000000e+00
68686,2025-04-20 10:15:00,0.096261,6.416181,4.537436,1.005 omega + 0.011 omega^2 + -0.003 theta omega^2,0.000,0.0000000000e+00,0.0000000000e+00,0.0000000000e+00,0.0000000000e+00,0.0000000000e+00,0.0000000000e+00,0.0000000000e+00,0.0000000000e+00,0.0000000000e+00,0.0000000000e+00
68687,2025-04-20 10:20:00,0.100913,9.459957,6.689580,0.996 omega + 0.024 omega^2,0.000,0.0000000000e+00,0.0000000000e+00,0.0000000000e+00,0.0000000000e+00,0.0000000000e+00,0.0000000000e+00,0.0000000000e+00,0.0000000000e+00,0.0000000000e+00,0.0000000000e+00
68688,2025-04-20 10:25:00,0.065971,7.394505,5.228913,1.001 omega + -0.003 theta omega^2,0.000,0.0000000000e+00,0.0000000000e+00,0.0000000000e+00,0.0000000000e+00,0.0000000000e+00,0.0000000000e+00,0.0000000000e+00,0.0000000000e+00,0.0000000000e+00,0.0000000000e+00
68689,2025-04-20 10:30:00,0.121832,15.751682,11.138454,1.006 omega + 0.004 omega^2 + -0.004 theta omega^2,0.000,0.0000000000e+00,0.0000000000e+00,0.0000000000e+00,0.0000000000e+00,0.0000000000e+00,0.0000000000e+00,0.0000000000e+00,0.0000000000e+00,0.0000000000e+00,0.0000000000e+00
68690,2025-04-20 10:35:00,0.083937,5.146871,3.639871,0.999 omega + 0.002 omega^2 + 0.007 omega^3,-0.021 theta omega^2,0.0000000000e+00,0.0000000000e+00,0.0000000000e+00,0.0000000000e+00,0.0000000000e+00,0.0000000000e+00,0.0000000000e+00,0.0000000000e+00,-2.1034610829e-02,0.0000000000e+00
68691,2025-04-20 10:40:00,0.075674,7.396300,5.230248,0.999 omega + 0.016 omega^2,-0.040 theta omega^2,0.0000000000e+00,0.0000000000e+00,0.0000000000e+00,0.0000000000e+00,0.0000000000e+00,0.0000000000e+00,0.0000000000e+00,0.0000000000e+00,-4.0289716607e-02,0.0000000000e+00
68692,2025-04-20 10:45:00,0.042833,5.935320,4.197014,0.003 1 + 0.945 omega + 0.207 omega^2 + -0.002 theta omega^2,0.000,0.0000000000e+00,0.0000000000e+00,0.0000000000e+00,0.0000000000e+00,0.0000000000e+00,0.0000000000e+00,0.0000000000e+00,0.0000000000e+00,0.0000000000e+00,0.0000000000e+00
68693,2025-04-20 10:50:00,0.145852,21.111067,14.928135,1.002 omega + -0.001 theta omega + -0.007 omega^2,0.000,0.0000000000e+00,0.0000000000e+00,0.0000000000e+00,0.0000000000e+00,0.0000000000e+00,0.0000000000e+00,0.0000000000e+00,0.0000000000e+00,0.0000000000e+00,0.0000000000e+00
68694,2025-04-20 10:55:00,0.140804,17.542460,12.404792,0.999 omega,0.000,0.0000000000e+00,0.0000000000e+00,0.0000000000e+00,0.0000000000e+00,0.0000000000e+00,0.0000000000e+00,0.0000000000e+00,0.0000000000e+00,0.0000000000e+00,0.0000000000e+00
68695,2025-04-20 11:00:00,0.053733,1.744144,1.233881,0.988 omega + 0.131 omega^2 + -0.003 theta omega^2,0.000,0.0000000000e+00,0.0000000000e+00,0.0000000000e+00,0.0000000000e+00,0.0000000000e+00,0.0000000000e+00,0.0000000000e+00,0.0000000000e+00,0.0000000000e+00,0.0000000000e+00
68696,2025-04-20 11:05:00,0.113306,14.347186,10.145309,0.998 omega,0.000,0.0000000000e+00,0.0000000000e+00,0.0000000000e+00,0.0000000000e+00,0.0000000000e+00,0.0000000000e+00,0.0000000000e+00,0.0000000000e+00,0.0000000000e+00,0.0000000000e+00
68697,2025-04-20 11:10:00,0.104192,15.649289,11.065964,0.995 omega + -0.001 theta omega + -0.047 omega^2 + -0.019 theta omega^2,0.000,0.0000000000e+00,0.0000000000e+00,0.0000000000e+00,0.0000000000e+00,0.0000000000e+00,0.0000000000e+00,0.0000000000e+00,0.0000000000e+00,0.0000000000e+00,0.0000000000e+00
68698,2025-04-20 11:15:00,0.070500,6.361976,4.498873,1.018 omega + 0.004 theta omega + 0.027 omega^2,0.000,0.0000000000e+00,0.0000000000e+00,0.0000000000e+00,0.0000000000e+00,0.0000000000e+00,0.0000000000e+00,0.0000000000e+00,0.0000000000e+00,0.0000000000e+00,0.0000000000e+00
68699,2025-04-20 11:20:00,0.075285,5.344021,3.779168,0.991 omega + 0.002 theta omega + 0.259 omega^2 + -0.045 theta omega^2,0.000,0.0000000000e+00,0.0000000000e+00,0.0000000000e+00,0.0000000000e+00,0.0000000000e+00,0.0000000000e+00,0.0000000000e+00,0.0000000000e+00,0.0000000000e+00,0.0000000000e+00
68700,2025-04-20 11:25:00,0.076011,10.032803,7.094467,1.008 omega + 0.003 theta omega + -0.002 theta^2 omega + -0.116 theta omega^2,0.000,0.0000000000e+00,0.0000000000e+00,0.0000000000e+00,0.0000000000e+00,0.0000000000e+00,0.0000000000e+00,0.0000000000e+00,0.0000000000e+00,0.0000000000e+00,0.0000000000e+00
68701,2025-04-20 11:30:00,0.174711,46.449523,32.845005,1.026 omega + 0.010 theta omega + 0.001 theta^2 omega + -0.720 omega^3,0.000,0.0000000000e+00,0.0000000000e+00,0.0000000000e+00,0.0000000000e+00,0.0000000000e+00,0.0000000000e+00,0.0000000000e+00,0.0000000000e+00,0.0000000000e+00,0.0000000000e+00
68702,2025-04-20 11:35:00,0.050434,1.869975,1.322753,0.998 omega + 0.004 omega^2,0.000,0.0000000000e+00,0.0000000000e+00,0.0000000000e+00,0.0000000000e+00,0.0000000000e+00,0.0000000000e+00,0.0000000000e+00,0.0000000000e+00,0.0000000000e+00,0.0000000000e+00
68703,2025-04-20 11:40:00,0.089291,12.242631,8.657078,1.000 omega + -0.018 omega^2 + -0.011 theta omega^2,-0.018 theta omega^2,0.0000000000e+00,0.0000000000e+00,0.0000000000e+00,0.0000000000e+00,0.0000000000e+00,0.0000000000e+00,0.0000000000e+00,0.0000000000e+00,-1.7551428040e-02,0.0000000000e+00
68704,2025-04-20 11:45:00,0.125579,11.519526,8.146019,0.998 omega,0.000,0.0000000000e+00,0.0000000000e+00,0.0000000000e+00,0.0000000000e+00,0.0000000000e+00,0.0000000000e+00,0.0000000000e+00,0.0000000000e+00,0.0000000000e+00,0.0000000000e+00
68705,2025-04-20 11:50:00,0.107725,13.950284,9.864635,0.997 omega + 0.078 omega^2 + -0.041 theta omega^2 + 0.452 omega^3,0.000,0.0000000000e+00,0.0000000000e+00,0.0000000000e+00,0.0000000000e+00,0.0000000000e+00,0.0000000000e+00,0.0000000000e+00,0.0000000000e+00,0.0000000000e+00,0.0000000000e+00
68706,2025-04-20 11:55:00,0.094540,4.969182,3.514378,1.014 omega + 0.098 omega^2 + -0.006 theta omega^2 + -1.383 omega^3,0.000,0.0000000000e+00,0.0000000000e+00,0.0000000000e+00,0.0000000000e+00,0.0000000000e+00,0.0000000000e+00,0.0000000000e+00,0.0000000000e+00,0.0000000000e+00,0.0000000000e+00
68707,2025-04-20 12:00:00,0.101318,7.399228,5.232535,1.003 omega + 0.064 omega^2 + -0.010 theta omega^2,0.000,0.0000000000e+00,0.0000000000e+00,0.0000000000e+00,0.0000000000e+00,0.0000000000e+00,0.0000000000e+00,0.0000000000e+00,0.0000000000e+00,0.0000000000e+00,0.0000000000e+00
68708,2025-04-20 12:05:00,1.511087,1.896320,1.714557,1.005 omega + 0.003 theta omega + -0.123 omega^2 + -0.075 theta omega^2 + -0.344 omega^3,0.017 omega + 0.015 theta omega,0.0000000000e+00,0.0000000000e+00,1.6776095986e-02,0.0000000000e+00,1.4895028337e-02,0.0000000000e+00,0.0000000000e+00,0.0000000000e+00,0.0000000000e+00,0.0000000000e+00
68709,2025-04-20 12:10:00,0.066378,5.349514,3.782969,0.988 omega + -0.144 omega^2 + -0.006 theta omega^2,0.000,0.0000000000e+00,0.0000000000e+00,0.0000000000e+00,0.0000000000e+00,0.0000000000e+00,0.0000000000e+00,0.0000000000e+00,0.0000000000e+00,0.0000000000e+00,0.0000000000e+00
68710,2025-04-20 12:15:00,0.081697,13.322675,9.420731,0.990 omega + 0.001 theta^2 omega,0.000,0.0000000000e+00,0.0000000000e+00,0.0000000000e+00,0.0000000000e+00,0.0000000000e+00,0.0000000000e+00,0.0000000000e+00,0.0000000000e+00,0.0000000000e+00,0.0000000000e+00
68711,2025-04-20 12:20:00,0.048167,4.066234,2.875463,1.009 omega + -0.002 theta omega + 0.026 omega^2 + -0.019 theta omega^2,0.000,0.0000000000e+00,0.0000000000e+00,0.0000000000e+00,0.0000000000e+00,0.0000000000e+00,0.0000000000e+00,0.0000000000e+00,0.0000000000e+00,0.0000000000e+00,0.0000000000e+00
68712,2025-04-20 12:25:00,0.096393,11.041438,7.807774,1.010 omega + -0.038 omega^2 + -0.007 theta omega^2 + -0.787 omega^3,0.000,0.0000000000e+00,0.0000000000e+00,0.0000000000e+00,0.0000000000e+00,0.0000000000e+00,0.0000000000e+00,0.0000000000e+00,0.0000000000e+00,0.0000000000e+00,0.0000000000e+00
68713,2025-04-20 12:30:00,0.054818,6.967711,4.927068,0.999 omega + 0.066 omega^2 + -0.247 omega^3,0.000,0.0000000000e+00,0.0000000000e+00,0.0000000000e+00,0.0000000000e+00,0.0000000000e+00,0.0000000000e+00,0.0000000000e+00,0.0000000000e+00,0.0000000000e+00,0.0000000000e+00
68714,2025-04-20 12:35:00,0.203265,20.260164,14.326820,0.997 omega + 0.002 omega^2,0.000,0.0000000000e+00,0.0000000000e+00,0.0000000000e+00,0.0000000000e+00,0.0000000000e+00,0.0000000000e+00,0.0000000000e+00,0.0000000000e+00,0.0000000000e+00,0.0000000000e+00
68715,2025-04-20 12:40:00,0.067184,5.457510,3.859335,0.998 omega + -0.002 theta omega + -0.128 omega^2 + -0.077 theta omega^2,-0.065 theta omega^2,0.0000000000e+00,0.0000000000e+00,0.0000000000e+00,0.0000000000e+00,0.0000000000e+00,0.0000000000e+00,0.0000000000e+00,0.0000000000e+00,-6.5334842498e-02,0.0000000000e+00
68716,2025-04-20 12:45:00,0.130126,13.690113,9.680809,1.001 omega + -0.026 omega^2,0.000,0.0000000000e+00,0.0000000000e+00,0.0000000000e+00,0.0000000000e+00,0.0000000000e+00,0.0000000000e+00,0.0000000000e+00,0.0000000000e+00,0.0000000000e+00,0.0000000000e+00
68717,2025-04-20 12:50:00,0.183072,20.655154,14.605973,1.000 omega,0.000,0.0000000000e+00,0.0000000000e+00,0.0000000000e+00,0.0000000000e+00,0.0000000000e+00,0.0000000000e+00,0.0000000000e+00,0.0000000000e+00,0.0000000000e+00,0.0000000000e+00
68718,2025-04-20 12:55:00,0.072230,1.685784,1.193123,1.014 omega + -0.002 theta omega + -0.041 omega^2,0.000,0.0000000000e+00,0.0000000000e+00,0.0000000000e+00,0.0000000000e+00,0.0000000000e+00,0.0000000000e+00,0.0000000000e+00,0.0000000000e+00,0.0000000000e+00,0.0000000000e+00
68719,2025-04-20 13:00:00,0.156901,11.838801,8.372031,0.941 omega + -0.026 theta omega + -0.311 omega^2 + -0.003 theta^2 omega + -0.088 theta omega^2,0.000,0.0000000000e+00,0.0000000000e+00,0.0000000000e+00,0.0000000000e+00,0.0000000000e+00,0.0000000000e+00,0.0000000000e+00,0.0000000000e+00,0.0000000000e+00,0.0000000000e+00
68720,2025-04-20 13:05:00,0.103552,12.341081,8.726769,1.005 omega + 0.113 omega^2 + -0.038 theta omega^2,0.019 omega + -0.050 theta omega^2,0.0000000000e+00,0.0000000000e+00,1.9008739862e-02,0.0000000000e+00,0.0000000000e+00,0.0000000000e+00,0.0000000000e+00,0.0000000000e+00,-4.9540620830e-02,0.0000000000e+00
68721,2025-04-20 13:10:00,0.080819,3.204339,2.266530,1.001 omega + -0.076 omega^3,-0.060 theta omega^2,0.0000000000e+00,0.0000000000e+00,0.0000000000e+00,0.0000000000e+00,0.0000000000e+00,0.0000000000e+00,0.0000000000e+00,0.0000000000e+00,-5.9871596294e-02,0.0000000000e+00
68722,2025-04-20 13:15:00,0.174956,21.334388,15.086197,1.003 omega + 0.047 omega^2 + -0.260 omega^3,0.029 omega^2,0.0000000000e+00,0.0000000000e+00,0.0000000000e+00,0.0000000000e+00,0.0000000000e+00,2.9002947507e-02,0.0000000000e+00,0.0000000000e+00,0.0000000000e+00,0.0000000000e+00
68723,2025-04-20 13:20:00,0.055243,5.327100,3.767031,0.001 1 + 0.979 omega + 0.113 omega^2 + -0.156 omega^3,0.000,0.0000000000e+00,0.0000000000e+00,0.0000000000e+00,0.0000000000e+00,0.0000000000e+00,0.0000000000e+00,0.0000000000e+00,0.0000000000e+00,0.0000000000e+00,0.0000000000e+00
68724,2025-04-20 13:25:00,0.113370,17.917889,12.670115,-0.028 1 + 1.405 omega + -1.923 omega^2 + 2.913 omega^3,0.000,0.0000000000e+00,0.0000000000e+00,0.0000000000e+00,0.0000000000e+00,0.0000000000e+00,0.0000000000e+00,0.0000000000e+00,0.0000000000e+00,0.0000000000e+00,0.0000000000e+00
68725,2025-04-20 13:30:00,0.025946,2.253746,1.593744,-0.045 1 + 1.675 omega + -3.390 omega^2 + -0.001 theta omega^2 + 5.689 omega^3,0.000,0.0000000000e+00,0.0000000000e+00,0.0000000000e+00,0.0000000000e+00,0.0000000000e+00,0.0000000000e+00,0.0000000000e+00,0.0000000000e+00,0.0000000000e+00,0.0000000000e+00
68726,2025-04-20 13:35:00,0.026492,1.272152,0.899742,-0.010 1 + 1.081 omega + 0.001 theta omega + -0.146 omega^2 + -0.004 theta omega^2,0.000,0.0000000000e+00,0.0000000000e+00,0.0000000000e+00,0.0000000000e+00,0.0000000000e+00,0.0000000000e+00,0.0000000000e+00,0.0000000000e+00,0.0000000000e+00,0.0000000000e+00
68727,2025-04-20 13:40:00,0.024601,4.030155,2.849803,0.224 1 + -2.465 omega + 17.892 omega^2 + 0.002 theta omega^2 + -30.834 omega^3,0.000,0.0000000000e+00,0.0000000000e+00,0.0000000000e+00,0.0000000000e+00,0.0000000000e+00,0.0000000000e+00,0.0000000000e+00,0.0000000000e+00,0.0000000000e+00,0.0000000000e+00
68728,2025-04-20 13:45:00,0.176081,24.706303,17.470438,0.981 omega + 0.062 omega^2 + 0.001 omega^3,-0.037 omega + 0.123 omega^2,0.0000000000e+00,0.0000000000e+00,-3.6580545717e-02,0.0000000000e+00,0.0000000000e+00,1.2329212914e-01,0.0000000000e+00,0.0000000000e+00,0.0000000000e+00,0.0000000000e+00
68729,2025-04-20 13:50:00,0.054717,4.451110,3.147648,1.008 omega + -0.002 theta omega^2,0.000,0.0000000000e+00,0.0000000000e+00,0.0000000000e+00,0.0000000000e+00,0.0000000000e+00,0.0000000000e+00,0.0000000000e+00,0.0000000000e+00,0.0000000000e+00,0.0000000000e+00
68730,2025-04-20 13:55:00,0.193090,25.242591,17.849730,1.004 omega + 0.013 omega^2,-0.013 omega^2,0.0000000000e+00,0.0000000000e+00,0.0000000000e+00,0.0000000000e+00,0.0000000000e+00,-1.3471811272e-02,0.0000000000e+00,0.0000000000e+00,0.0000000000e+00,0.0000000000e+00
68731,2025-04-20 14:00:00,0.092827,9.144532,6.466493,-0.004 1 + 0.937 omega + -0.294 omega^2 + -0.410 omega^3,0.000,0.0000000000e+00,0.0000000000e+00,0.0000000000e+00,0.0000000000e+00,0.0000000000e+00,0.0000000000e+00,0.0000000000e+00,0.0000000000e+00,0.0000000000e+00,0.0000000000e+00
68732,2025-04-20 14:05:00,0.110589,14.526905,10.272370,0.997 omega + 0.002 omega^2,0.000,0.0000000000e+00,0.0000000000e+00,0.0000000000e+00,0.0000000000e+00,0.0000000000e+00,0.0000000000e+00,0.0000000000e+00,0.0000000000e+00,0.0000000000e+00,0.0000000000e+00
68733,2025-04-20 14:10:00,0.083528,12.734872,9.005108,0.990 omega + 0.072 omega^2 + -0.032 theta omega^2 + 1.019 omega^3,-0.038 theta omega^2,0.0000000000e+00,0.0000000000e+00,0.0000000000e+00,0.0000000000e+00,0.0000000000e+00,0.0000000000e+00,0.0000000000e+00,0.0000000000e+00,-3.7767442032e-02,0.0000000000e+00
68734,2025-04-20 14:15:00,0.175623,26.887496,19.012737,0.995 omega + 0.069 omega^2 + -0.001 theta omega^2,0.000,0.0000000000e+00,0.0000000000e+00,0.0000000000e+00,0.0000000000e+00,0.0000000000e+00,0.0000000000e+00,0.0000000000e+00,0.0000000000e+00,0.0000000000e+00,0.0000000000e+00
68735,2025-04-20 14:20:00,0.044734,1.215725,0.860229,1.011 omega + 0.057 omega^2 + -0.003 theta^2 omega,0.024 omega + 0.012 theta omega + -0.245 theta omega^2,0.0000000000e+00,0.0000000000e+00,2.4202376753e-02,0.0000000000e+00,1.1683180752e-02,0.0000000000e+00,0.0000000000e+00,0.0000000000e+00,-2.4549924284e-01,0.0000000000e+00
68736,2025-04-20 14:25:00,0.097967,11.545355,8.164093,1.007 omega + -0.046 omega^2,0.000,0.0000000000e+00,0.0000000000e+00,0.0000000000e+00,0.0000000000e+00,0.0000000000e+00,0.0000000000e+00,0.0000000000e+00,0.0000000000e+00,0.0000000000e+00,0.0000000000e+00
68737,2025-04-20 14:30:00,0.053143,5.915912,4.183350,1.009 omega + -0.062 omega^2 + -0.002 theta omega^2,0.000,0.0000000000e+00,0.0000000000e+00,0.0000000000e+00,0.0000000000e+00,0.0000000000e+00,0.0000000000e+00,0.0000000000e+00,0.0000000000e+00,0.0000000000e+00,0.0000000000e+00
68738,2025-04-20 14:35:00,0.051456,5.604271,3.962985,1.009 omega + -0.001 theta omega + -0.022 omega^2,0.000,0.0000000000e+00,0.0000000000e+00,0.0000000000e+00,0.0000000000e+00,0.0000000000e+00,0.0000000000e+00,0.0000000000e+00,0.0000000000e+00,0.0000000000e+00,0.0000000000e+00
68739,2025-04-20 14:40:00,0.044314,5.309123,3.754247,0.001 1 + 0.988 omega + 0.045 omega^2,0.000,0.0000000000e+00,0.0000000000e+00,0.0000000000e+00,0.0000000000e+00,0.0000000000e+00,0.0000000000e+00,0.0000000000e+00,0.0000000000e+00,0.0000000000e+00,0.0000000000e+00
68740,2025-04-20 14:45:00,0.045155,6.573441,4.648235,-0.002 1 + 1.065 omega + -0.001 theta omega + -0.510 omega^2 + 0.004 theta omega^2 + 1.101 omega^3,0.000,0.0000000000e+00,0.0000000000e+00,0.0000000000e+00,0.0000000000e+00,0.0000000000e+00,0.0000000000e+00,0.0000000000e+00,0.0000000000e+00,0.0000000000e+00,0.0000000000e+00
68741,2025-04-20 14:50:00,0.047607,5.157239,3.646874,-0.001 1 + 1.011 omega + -0.038 omega^2,0.000,0.0000000000e+00,0.0000000000e+00,0.0000000000e+00,0.0000000000e+00,0.0000000000e+00,0.0000000000e+00,0.0000000000e+00,0.0000000000e+00,0.0000000000e+00,0.0000000000e+00
68742,2025-04-20 14:55:00,0.023635,2.408554,1.703187,-0.003 1 + 1.037 omega + -0.095 omega^2,0.000,0.0000000000e+00,0.0000000000e+00,0.0000000000e+00,0.0000000000e+00,0.0000000000e+00,0.0000000000e+00,0.0000000000e+00,0.0000000000e+00,0.0000000000e+00,0.0000000000e+00
68743,2025-04-20 15:00:00,0.114635,14.015443,9.910746,0.998 omega + -0.002 theta omega^2,0.000,0.0000000000e+00,0.0000000000e+00,0.0000000000e+00,0.0000000000e+00,0.0000000000e+00,0.0000000000e+00,0.0000000000e+00,0.0000000000e+00,0.0000000000e+00,0.0000000000e+00
68744,2025-04-20 15:05:00,0.077777,7.095777,5.017774,1.000 omega + -0.001 omega^2,0.000,0.0000000000e+00,0.0000000000e+00,0.0000000000e+00,0.0000000000e+00,0.0000000000e+00,0.0000000000e+00,0.0000000000e+00,0.0000000000e+00,0.0000000000e+00,0.0000000000e+00
68745,2025-04-20 15:10:00,0.165695,20.285075,14.344192,1.000 omega + 0.087 omega^2 + 0.328 omega^3,0.000,0.0000000000e+00,0.0000000000e+00,0.0000000000e+00,0.0000000000e+00,0.0000000000e+00,0.0000000000e+00,0.0000000000e+00,0.0000000000e+00,0.0000000000e+00,0.0000000000e+00
68746,2025-04-20 15:15:00,0.219497,31.253143,22.099855,0.997 omega + 0.064 omega^2 + -0.002 theta omega^2,0.000,0.0000000000e+00,0.0000000000e+00,0.0000000000e+00,0.0000000000e+00,0.0000000000e+00,0.0000000000e+00,0.0000000000e+00,0.0000000000e+00,0.0000000000e+00,0.0000000000e+00
68747,2025-04-20 15:20:00,0.039296,4.182132,2.957344,0.002 1 + 0.959 omega + 0.211 omega^2 + -0.004 theta omega^2,0.000,0.0000000000e+00,0.0000000000e+00,0.0000000000e+00,0.0000000000e+00,0.0000000000e+00,0.0000000000e+00,0.0000000000e+00,0.0000000000e+00,0.0000000000e+00,0.0000000000e+00
68748,2025-04-20 15:25:00,0.189470,26.473279,18.719914,1.029 omega + 0.233 omega^2 + 0.467 omega^3,0.000,0.0000000000e+00,0.0000000000e+00,0.0000000000e+00,0.0000000000e+00,0.0000000000e+00,0.0000000000e+00,0.0000000000e+00,0.0000000000e+00,0.0000000000e+00,0.0000000000e+00
68749,2025-04-20 15:30:00,0.075451,2.520494,1.783057,1.000 omega + -0.013 omega^2 + -0.046 omega^3,0.000,0.0000000000e+00,0.0000000000e+00,0.0000000000e+00,0.0000000000e+00,0.0000000000e+00,0.0000000000e+00,0.0000000000e+00,0.0000000000e+00,0.0000000000e+00,0.0000000000e+00
68750,2025-04-20 15:35:00,0.109785,12.801709,9.052508,1.010 omega + 0.050 omega^2 + 0.013 omega^3,0.000,0.0000000000e+00,0.0000000000e+00,0.0000000000e+00,0.0000000000e+00,0.0000000000e+00,0.0000000000e+00,0.0000000000e+00,0.0000000000e+00,0.0000000000e+00,0.0000000000e+00
68751,2025-04-20 15:40:00,0.136544,12.681478,8.967679,1.000 omega + 0.012 omega^2,0.000,0.0000000000e+00,0.0000000000e+00,0.0000000000e+00,0.0000000000e+00,0.0000000000e+00,0.0000000000e+00,0.0000000000e+00,0.0000000000e+00,0.0000000000e+00,0.0000000000e+00
68752,2025-04-20 15:45:00,0.129015,16.828292,11.899749,1.003 omega + -0.011 omega^2,0.000,0.0000000000e+00,0.0000000000e+00,0.0000000000e+00,0.0000000000e+00,0.0000000000e+00,0.0000000000e+00,0.0000000000e+00,0.0000000000e+00,0.0000000000e+00,0.0000000000e+00
68753,2025-04-20 15:50:00,0.122879,17.834961,12.611521,1.000 omega + -0.038 omega^2 + -0.006 theta omega^2,0.000,0.0000000000e+00,0.0000000000e+00,0.0000000000e+00,0.0000000000e+00,0.0000000000e+00,0.0000000000e+00,0.0000000000e+00,0.0000000000e+00,0.0000000000e+00,0.0000000000e+00
68754,2025-04-20 15:55:00,0.074344,4.100386,2.899887,0.999 omega,0.000,0.0000000000e+00,0.0000000000e+00,0.0000000000e+00,0.0000000000e+00,0.0000000000e+00,0.0000000000e+00,0.0000000000e+00,0.0000000000e+00,0.0000000000e+00,0.0000000000e+00
68755,2025-04-20 16:00:00,0.161919,27.280657,19.290677,0.997 omega + 0.112 omega^2 + -0.013 theta omega^2 + -0.094 omega^3,0.000,0.0000000000e+00,0.0000000000e+00,0.0000000000e+00,0.0000000000e+00,0.0000000000e+00,0.0000000000e+00,0.0000000000e+00,0.0000000000e+00,0.0000000000e+00,0.0000000000e+00
68756,2025-04-20 16:05:00,0.063112,3.282007,2.321159,0.987 omega + 0.009 theta omega + -0.001 theta^2 omega + -0.017 theta omega^2,-0.039 theta omega^2,0.0000000000e+00,0.0000000000e+00,0.0000000000e+00,0.0000000000e+00,0.0000000000e+00,0.0000000000e+00,0.0000000000e+00,0.0000000000e+00,-3.8673027299e-02,0.0000000000e+00
68757,2025-04-20 16:10:00,0.221651,33.612715,23.768296,0.992 omega + 0.065 omega^2 + -0.003 theta omega^2 + 0.473 omega^3,0.000,0.0000000000e+00,0.0000000000e+00,0.0000000000e+00,0.0000000000e+00,0.0000000000e+00,0.0000000000e+00,0.0000000000e+00,0.0000000000e+00,0.0000000000e+00,0.0000000000e+00
68758,2025-04-20 16:15:00,0.084981,6.482649,4.584319,1.001 omega + -0.002 omega^2,0.000,0.0000000000e+00,0.0000000000e+00,0.0000000000e+00,0.0000000000e+00,0.0000000000e+00,0.0000000000e+00,0.0000000000e+00,0.0000000000e+00,0.0000000000e+00,0.0000000000e+00
68759,2025-04-20 16:20:00,0.060046,5.074343,3.588354,-0.001 1 + 0.968 omega + -0.245 omega^2 + -0.542 omega^3,0.000,0.0000000000e+00,0.0000000000e+00,0.0000000000e+00,0.0000000000e+00,0.0000000000e+00,0.0000000000e+00,0.0000000000e+00,0.0000000000e+00,0.0000000000e+00,0.0000000000e+00
68760,2025-04-20 16:25:00,0.050948,3.160679,2.235228,0.934 omega + -0.002 theta omega + -0.738 omega^2 + -0.017 theta omega^2 + -1.755 omega^3,0.000,0.0000000000e+00,0.0000000000e+00,0.0000000000e+00,0.0000000000e+00,0.0000000000e+00,0.0000000000e+00,0.0000000000e+00,0.0000000000e+00,0.0000000000e+00,0.0000000000e+00
68761,2025-04-20 16:30:00,0.112025,14.662046,10.367935,1.001 omega + -0.003 theta omega^2 + 0.013 omega^3,0.000,0.0000000000e+00,0.0000000000e+00,0.0000000000e+00,0.0000000000e+00,0.0000000000e+00,0.0000000000e+00,0.0000000000e+00,0.0000000000e+00,0.0000000000e+00,0.0000000000e+00
68762,2025-04-20 16:35:00,0.129248,8.082059,5.715610,1.000 omega,0.000,0.0000000000e+00,0.0000000000e+00,0.0000000000e+00,0.0000000000e+00,0.0000000000e+00,0.0000000000e+00,0.0000000000e+00,0.0000000000e+00,0.0000000000e+00,0.0000000000e+00
68763,2025-04-20 16:40:00,0.130051,21.702740,15.346430,1.001 omega + -0.038 omega^2 + -0.282 omega^3,0.000,0.0000000000e+00,0.0000000000e+00,0.0000000000e+00,0.0000000000e+00,0.0000000000e+00,0.0000000000e+00,0.0000000000e+00,0.0000000000e+00,0.0000000000e+00,0.0000000000e+00
68764,2025-04-20 16:45:00,0.073790,3.657872,2.587032,1.000 omega + -0.078 theta omega^2 + -0.136 omega^3,0.204 omega^2 + -0.231 theta omega^2,0.0000000000e+00,0.0000000000e+00,0.0000000000e+00,0.0000000000e+00,0.0000000000e+00,2.0388184962e-01,0.0000000000e+00,0.0000000000e+00,-2.3148085437e-01,0.0000000000e+00
68765,2025-04-20 16:50:00,0.122900,10.245936,7.245492,1.002 omega + -0.068 omega^3,0.000,0.0000000000e+00,0.0000000000e+00,0.0000000000e+00,0.0000000000e+00,0.0000000000e+00,0.0000000000e+00,0.0000000000e+00,0.0000000000e+00,0.0000000000e+00,0.0000000000e+00
68766,2025-04-20 16:55:00,0.170816,18.005954,12.732705,1.012 omega + -0.101 omega^2 + -0.975 omega^3,0.000,0.0000000000e+00,0.0000000000e+00,0.0000000000e+00,0.0000000000e+00,0.0000000000e+00,0.0000000000e+00,0.0000000000e+00,0.0000000000e+00,0.0000000000e+00,0.0000000000e+00
68767,2025-04-20 17:00:00,0.080371,5.699336,4.030440,0.999 omega,0.000,0.0000000000e+00,0.0000000000e+00,0.0000000000e+00,0.0000000000e+00,0.0000000000e+00,0.0000000000e+00,0.0000000000e+00,0.0000000000e+00,0.0000000000e+00,0.0000000000e+00
68768,2025-04-20 17:05:00,0.091247,3.026013,2.140687,1.002 omega + 0.008 omega^2,0.000,0.0000000000e+00,0.0000000000e+00,0.0000000000e+00,0.0000000000e+00,0.0000000000e+00,0.0000000000e+00,0.0000000000e+00,0.0000000000e+00,0.0000000000e+00,0.0000000000e+00
68769,2025-04-20 17:10:00,0.078243,2.424698,1.715413,1.008 omega + -0.073 omega^2 + -0.017 theta omega^2 + -0.539 omega^3,0.000,0.0000000000e+00,0.0000000000e+00,0.0000000000e+00,0.0000000000e+00,0.0000000000e+00,0.0000000000e+00,0.0000000000e+00,0.0000000000e+00,0.0000000000e+00,0.0000000000e+00
68770,2025-04-20 17:15:00,0.121882,5.328462,3.768777,1.001 omega + -0.050 omega^2 + 0.187 omega^3,0.000,0.0000000000e+00,0.0000000000e+00,0.0000000000e+00,0.0000000000e+00,0.0000000000e+00,0.0000000000e+00,0.0000000000e+00,0.0000000000e+00,0.0000000000e+00,0.0000000000e+00
68771,2025-04-20 17:20:00,0.046930,7.033358,4.973446,-0.011 1 + 0.003 theta + 0.591 omega + 0.024 theta omega + -2.720 omega^2 + 0.048 theta omega^2 + -5.040 omega^3,0.000,0.0000000000e+00,0.0000000000e+00,0.0000000000e+00,0.0000000000e+00,0.0000000000e+00,0.0000000000e+00,0.0000000000e+00,0.0000000000e+00,0.0000000000e+00,0.0000000000e+00
68772,2025-04-20 17:25:00,0.187472,20.728864,14.658120,1.003 omega + 0.028 omega^2,0.000,0.0000000000e+00,0.0000000000e+00,0.0000000000e+00,0.0000000000e+00,0.0000000000e+00,0.0000000000e+00,0.0000000000e+00,0.0000000000e+00,0.0000000000e+00,0.0000000000e+00
68773,2025-04-20 17:30:00,0.145221,21.967411,15.533645,0.999 omega + -0.008 omega^2,0.000,0.0000000000e+00,0.0000000000e+00,0.0000000000e+00,0.0000000000e+00,0.0000000000e+00,0.0000000000e+00,0.0000000000e+00,0.0000000000e+00,0.0000000000e+00,0.0000000000e+00
68774,2025-04-20 17:35:00,0.199041,25.374903,17.943318,0.998 omega,0.000,0.0000000000e+00,0.0000000000e+00,0.0000000000e+00,0.0000000000e+00,0.0000000000e+00,0.0000000000e+00,0.0000000000e+00,0.0000000000e+00,0.0000000000e+00,0.0000000000e+00
68775,2025-04-20 17:40:00,0.122871,7.443732,5.264230,1.003 omega + 0.024 omega^2,0.000,0.0000000000e+00,0.0000000000e+00,0.0000000000e+00,0.0000000000e+00,0.0000000000e+00,0.0000000000e+00,0.0000000000e+00,0.0000000000e+00,0.0000000000e+00,0.0000000000e+00
68776,2025-04-20 17:45:00,0.151244,24.395261,17.250386,0.993 omega + -0.144 omega^2 + -0.008 theta omega^2,0.000,0.0000000000e+00,0.0000000000e+00,0.0000000000e+00,0.0000000000e+00,0.0000000000e+00,0.0000000000e+00,0.0000000000e+00,0.0000000000e+00,0.0000000000e+00,0.0000000000e+00
68777,2025-04-20 17:50:00,0.146636,15.590543,11.024666,1.002 omega + 0.055 omega^2 + -0.213 omega^3,0.044 omega^2,0.0000000000e+00,0.0000000000e+00,0.0000000000e+00,0.0000000000e+00,0.0000000000e+00,4.3574475919e-02,0.0000000000e+00,0.0000000000e+00,0.0000000000e+00,0.0000000000e+00
68778,2025-04-20 17:55:00,0.315786,48.084203,34.001399,0.996 omega + 0.014 omega^3,0.000,0.0000000000e+00,0.0000000000e+00,0.0000000000e+00,0.0000000000e+00,0.0000000000e+00,0.0000000000e+00,0.0000000000e+00,0.0000000000e+00,0.0000000000e+00,0.0000000000e+00
68779,2025-04-20 18:00:00,0.098631,11.356640,8.030660,1.000 omega + -0.004 omega^2,0.000,0.0000000000e+00,0.0000000000e+00,0.0000000000e+00,0.0000000000e+00,0.0000000000e+00,0.0000000000e+00,0.0000000000e+00,0.0000000000e+00,0.0000000000e+00,0.0000000000e+00
68780,2025-04-20 18:05:00,0.222332,34.413477,24.334511,1.001 omega + 0.037 omega^2 + -0.193 omega^3,0.000,0.0000000000e+00,0.0000000000e+00,0.0000000000e+00,0.0000000000e+00,0.0000000000e+00,0.0000000000e+00,0.0000000000e+00,0.0000000000e+00,0.0000000000e+00,0.0000000000e+00
68781,2025-04-20 18:10:00,0.061222,5.029818,3.556882,1.001 omega + 0.034 omega^2 + -0.008 theta omega^2,0.000,0.0000000000e+00,0.0000000000e+00,0.0000000000e+00,0.0000000000e+00,0.0000000000e+00,0.0000000000e+00,0.0000000000e+00,0.0000000000e+00,0.0000000000e+00,0.0000000000e+00
68782,2025-04-20 18:15:00,0.242076,35.356939,25.001717,0.996 omega + 0.027 omega^2 + -0.045 omega^3,0.000,0.0000000000e+00,0.0000000000e+00,0.0000000000e+00,0.0000000000e+00,0.0000000000e+00,0.0000000000e+00,0.0000000000e+00,0.0000000000e+00,0.0000000000e+00,0.0000000000e+00
68783,2025-04-20 18:20:00,0.092527,15.205313,10.751979,1.001 omega + 0.086 omega^2 + -0.002 theta omega^2 + -0.364 omega^3,0.000,0.0000000000e+00,0.0000000000e+00,0.0000000000e+00,0.0000000000e+00,0.0000000000e+00,0.0000000000e+00,0.0000000000e+00,0.0000000000e+00,0.0000000000e+00,0.0000000000e+00
68784,2025-04-20 18:25:00,0.058378,3.183925,2.251753,-0.001 1 + 0.991 omega + 0.154 omega^2 + -0.432 omega^3,0.000,0.0000000000e+00,0.0000000000e+00,0.0000000000e+00,0.0000000000e+00,0.0000000000e+00,0.0000000000e+00,0.0000000000e+00,0.0000000000e+00,0.0000000000e+00,0.0000000000e+00
68785,2025-04-20 18:30:00,0.058364,3.565522,2.521543,-0.001 1 + 0.985 omega + -0.059 omega^2,0.000,0.0000000000e+00,0.0000000000e+00,0.0000000000e+00,0.0000000000e+00,0.0000000000e+00,0.0000000000e+00,0.0000000000e+00,0.0000000000e+00,0.0000000000e+00,0.0000000000e+00
68786,2025-04-20 18:35:00,0.054212,5.314889,3.758389,0.938 omega + 1.007 omega^2 + -0.003 theta omega^2 + -3.626 omega^3,0.000,0.0000000000e+00,0.0000000000e+00,0.0000000000e+00,0.0000000000e+00,0.0000000000e+00,0.0000000000e+00,0.0000000000e+00,0.0000000000e+00,0.0000000000e+00,0.0000000000e+00
68787,2025-04-20 18:40:00,0.099187,10.213725,7.222535,0.998 omega + 0.002 theta omega + -0.007 theta omega^2,0.029 omega^2,0.0000000000e+00,0.0000000000e+00,0.0000000000e+00,0.0000000000e+00,0.0000000000e+00,2.9172460121e-02,0.0000000000e+00,0.0000000000e+00,0.0000000000e+00,0.0000000000e+00
68788,2025-04-20 18:45:00,0.083216,8.594333,6.077396,0.997 omega + -0.067 omega^3,0.040 omega^2 + -0.040 theta omega^2,0.0000000000e+00,0.0000000000e+00,0.0000000000e+00,0.0000000000e+00,0.0000000000e+00,3.9513528376e-02,0.0000000000e+00,0.0000000000e+00,-3.9579961402e-02,0.0000000000e+00
68789,2025-04-20 18:50:00,0.116672,8.042626,5.687594,1.010 omega + -0.062 omega^2 + -0.019 theta omega^2 + -0.547 omega^3,0.000,0.0000000000e+00,0.0000000000e+00,0.0000000000e+00,0.0000000000e+00,0.0000000000e+00,0.0000000000e+00,0.0000000000e+00,0.0000000000e+00,0.0000000000e+00,0.0000000000e+00
68790,2025-04-20 18:55:00,0.158166,14.954932,10.575325,1.001 omega,0.000,0.0000000000e+00,0.0000000000e+00,0.0000000000e+00,0.0000000000e+00,0.0000000000e+00,0.0000000000e+00,0.0000000000e+00,0.0000000000e+00,0.0000000000e+00,0.0000000000e+00
68791,2025-04-20 19:00:00,0.084735,9.845292,6.961931,0.991 omega + 0.056 omega^2,0.000,0.0000000000e+00,0.0000000000e+00,0.0000000000e+00,0.0000000000e+00,0.0000000000e+00,0.0000000000e+00,0.0000000000e+00,0.0000000000e+00,0.0000000000e+00,0.0000000000e+00
68792,2025-04-20 19:05:00,0.058420,8.045522,5.689193,0.995 omega + 0.118 omega^2 + -0.003 theta omega^2,0.000,0.0000000000e+00,0.0000000000e+00,0.0000000000e+00,0.0000000000e+00,0.0000000000e+00,0.0000000000e+00,0.0000000000e+00,0.0000000000e+00,0.0000000000e+00,0.0000000000e+00
68793,2025-04-20 19:10:00,0.094441,3.338131,2.361359,0.997 omega + 0.063 omega^3,0.000,0.0000000000e+00,0.0000000000e+00,0.0000000000e+00,0.0000000000e+00,0.0000000000e+00,0.0000000000e+00,0.0000000000e+00,0.0000000000e+00,0.0000000000e+00,0.0000000000e+00
68794,2025-04-20 19:15:00,0.141271,13.930677,9.850983,1.001 omega + 0.022 omega^2,0.000,0.0000000000e+00,0.0000000000e+00,0.0000000000e+00,0.0000000000e+00,0.0000000000e+00,0.0000000000e+00,0.0000000000e+00,0.0000000000e+00,0.0000000000e+00,0.0000000000e+00
68795,2025-04-20 19:20:00,0.219023,24.547520,17.358409,0.999 omega + -0.023 omega^3,0.000,0.0000000000e+00,0.0000000000e+00,0.0000000000e+00,0.0000000000e+00,0.0000000000e+00,0.0000000000e+00,0.0000000000e+00,0.0000000000e+00,0.0000000000e+00,0.0000000000e+00
68796,2025-04-20 19:25:00,0.073285,6.081090,4.300292,0.997 omega + -0.001 omega^2 + 0.163 omega^3,-0.070 theta omega^2,0.0000000000e+00,0.0000000000e+00,0.0000000000e+00,0.0000000000e+00,0.0000000000e+00,0.0000000000e+00,0.0000000000e+00,0.0000000000e+00,-6.9598054158e-02,0.0000000000e+00
68797,2025-04-20 19:30:00,0.083882,3.085660,2.182697,1.002 omega + 0.010 omega^2 + -0.001 theta omega^2,0.000,0.0000000000e+00,0.0000000000e+00,0.0000000000e+00,0.0000000000e+00,0.0000000000e+00,0.0000000000e+00,0.0000000000e+00,0.0000000000e+00,0.0000000000e+00,0.0000000000e+00
68798,2025-04-20 19:35:00,0.247811,26.409295,18.675014,1.000 omega + 0.011 omega^3,0.000,0.0000000000e+00,0.0000000000e+00,0.0000000000e+00,0.0000000000e+00,0.0000000000e+00,0.0000000000e+00,0.0000000000e+00,0.0000000000e+00,0.0000000000e+00,0.0000000000e+00
68799,2025-04-20 19:40:00,0.117553,14.425118,10.200437,0.996 omega + -0.009 omega^2,0.000,0.0000000000e+00,0.0000000000e+00,0.0000000000e+00,0.0000000000e+00,0.0000000000e+00,0.0000000000e+00,0.0000000000e+00,0.0000000000e+00,0.0000000000e+00,0.0000000000e+00
68800,2025-04-20 19:45:00,0.119550,19.219912,13.590793,1.004 omega + -0.043 omega^2 + 0.106 omega^3,0.000,0.0000000000e+00,0.0000000000e+00,0.0000000000e+00,0.0000000000e+00,0.0000000000e+00,0.0000000000e+00,0.0000000000e+00,0.0000000000e+00,0.0000000000e+00,0.0000000000e+00
68801,2025-04-20 19:50:00,0.063457,6.234554,4.408723,1.002 omega + 0.075 omega^2 + -0.068 theta omega^2,-0.071 theta omega^2,0.0000000000e+00,0.0000000000e+00,0.0000000000e+00,0.0000000000e+00,0.0000000000e+00,0.0000000000e+00,0.0000000000e+00,0.0000000000e+00,-7.1405949743e-02,0.0000000000e+00
68802,2025-04-20 19:55:00,0.072804,3.256708,2.303416,0.990 omega + 0.053 omega^2,0.000,0.0000000000e+00,0.0000000000e+00,0.0000000000e+00,0.0000000000e+00,0.0000000000e+00,0.0000000000e+00,0.0000000000e+00,0.0000000000e+00,0.0000000000e+00,0.0000000000e+00
68803,2025-04-20 20:00:00,0.106752,12.780374,9.037404,1.016 omega + 0.054 omega^2 + -0.001 theta omega^2,0.000,0.0000000000e+00,0.0000000000e+00,0.0000000000e+00,0.0000000000e+00,0.0000000000e+00,0.0000000000e+00,0.0000000000e+00,0.0000000000e+00,0.0000000000e+00,0.0000000000e+00
68804,2025-04-20 20:05:00,0.046909,4.207927,2.975639,0.001 1 + 1.011 omega + -0.001 theta omega^2,0.000,0.0000000000e+00,0.0000000000e+00,0.0000000000e+00,0.0000000000e+00,0.0000000000e+00,0.0000000000e+00,0.0000000000e+00,0.0000000000e+00,0.0000000000e+00,0.0000000000e+00
68805,2025-04-20 20:10:00,0.166313,14.939118,10.564206,1.002 omega + 0.013 omega^2 + -0.067 omega^3,0.000,0.0000000000e+00,0.0000000000e+00,0.0000000000e+00,0.0000000000e+00,0.0000000000e+00,0.0000000000e+00,0.0000000000e+00,0.0000000000e+00,0.0000000000e+00,0.0000000000e+00
68806,2025-04-20 20:15:00,nan,nan,nan,1.012 omega + 0.073 omega^2 + -0.310 omega^3,0.057 omega^2,0.0000000000e+00,0.0000000000e+00,0.0000000000e+00,0.0000000000e+00,0.0000000000e+00,5.6850344277e-02,0.0000000000e+00,0.0000000000e+00,0.0000000000e+00,0.0000000000e+00
68807,2025-04-20 20:20:00,0.294790,36.503745,25.812888,0.997 omega + -0.015 omega^2 + 0.044 omega^3,0.000,0.0000000000e+00,0.0000000000e+00,0.0000000000e+00,0.0000000000e+00,0.0000000000e+00,0.0000000000e+00,0.0000000000e+00,0.0000000000e+00,0.0000000000e+00,0.0000000000e+00
68808,2025-04-20 20:25:00,0.124540,4.445922,3.144975,1.004 omega + 0.025 omega^2,0.000,0.0000000000e+00,0.0000000000e+00,0.0000000000e+00,0.0000000000e+00,0.0000000000e+00,0.0000000000e+00,0.0000000000e+00,0.0000000000e+00,0.0000000000e+00,0.0000000000e+00
68809,2025-04-20 20:30:00,0.080030,9.376645,6.630531,0.963 omega + 0.016 theta omega + 0.388 omega^2 + -0.001 theta^2 omega + -0.073 theta omega^2 + -1.117 omega^3,-0.014 theta omega^2,0.0000000000e+00,0.0000000000e+00,0.0000000000e+00,0.0000000000e+00,0.0000000000e+00,0.0000000000e+00,0.0000000000e+00,0.0000000000e+00,-1.3935631061e-02,0.0000000000e+00
68810,2025-04-20 20:35:00,0.107007,3.806856,2.692917,1.003 omega + 0.001 omega^2 + -0.151 omega^3,0.000,0.0000000000e+00,0.0000000000e+00,0.0000000000e+00,0.0000000000e+00,0.0000000000e+00,0.0000000000e+00,0.0000000000e+00,0.0000000000e+00,0.0000000000e+00,0.0000000000e+00
68811,2025-04-20 20:40:00,0.098950,12.189627,8.619652,1.003 omega + 0.085 omega^2 + -0.009 theta omega^2,0.000,0.0000000000e+00,0.0000000000e+00,0.0000000000e+00,0.0000000000e+00,0.0000000000e+00,0.0000000000e+00,0.0000000000e+00,0.0000000000e+00,0.0000000000e+00,0.0000000000e+00
68812,2025-04-20 20:45:00,0.135951,10.051252,7.107959,1.001 omega + 0.011 omega^2,0.000,0.0000000000e+00,0.0000000000e+00,0.0000000000e+00,0.0000000000e+00,0.0000000000e+00,0.0000000000e+00,0.0000000000e+00,0.0000000000e+00,0.0000000000e+00,0.0000000000e+00
68813,2025-04-20 20:50:00,0.187665,25.675793,18.156012,1.000 omega + -0.061 omega^2 + -0.333 omega^3,-0.025 omega^2,0.0000000000e+00,0.0000000000e+00,0.0000000000e+00,0.0000000000e+00,0.0000000000e+00,-2.4743182157e-02,0.0000000000e+00,0.0000000000e+00,0.0000000000e+00,0.0000000000e+00
68814,2025-04-20 20:55:00,0.061219,8.151311,5.764010,0.004 1 + 1.024 omega + -0.001 theta omega + 0.028 omega^2 + -0.006 theta omega^2,0.000,0.0000000000e+00,0.0000000000e+00,0.0000000000e+00,0.0000000000e+00,0.0000000000e+00,0.0000000000e+00,0.0000000000e+00,0.0000000000e+00,0.0000000000e+00,0.0000000000e+00
68815,2025-04-20 21:00:00,0.112633,13.914215,9.839158,0.993 omega + -0.031 omega^2,0.000,0.0000000000e+00,0.0000000000e+00,0.0000000000e+00,0.0000000000e+00,0.0000000000e+00,0.0000000000e+00,0.0000000000e+00,0.0000000000e+00,0.0000000000e+00,0.0000000000e+00
68816,2025-04-20 21:05:00,0.120897,13.393935,9.471328,0.997 omega + -0.009 omega^2 + 0.150 omega^3,0.000,0.0000000000e+00,0.0000000000e+00,0.0000000000e+00,0.0000000000e+00,0.0000000000e+00,0.0000000000e+00,0.0000000000e+00,0.0000000000e+00,0.0000000000e+00,0.0000000000e+00
68817,2025-04-20 21:10:00,0.149794,21.432444,15.155397,0.996 omega + -0.103 omega^2 + -0.012 theta omega^2,0.000,0.0000000000e+00,0.0000000000e+00,0.0000000000e+00,0.0000000000e+00,0.0000000000e+00,0.0000000000e+00,0.0000000000e+00,0.0000000000e+00,0.0000000000e+00,0.0000000000e+00
68818,2025-04-20 21:15:00,0.176014,27.464082,19.420437,-0.001 1 + 1.058 omega + 0.765 omega^2 + 2.207 omega^3,0.000,0.0000000000e+00,0.0000000000e+00,0.0000000000e+00,0.0000000000e+00,0.0000000000e+00,0.0000000000e+00,0.0000000000e+00,0.0000000000e+00,0.0000000000e+00,0.0000000000e+00
68819,2025-04-20 21:20:00,0.126329,10.458978,7.396154,0.997 omega + 0.011 omega^2 + 0.021 omega^3,0.151 omega^2 + -0.056 theta omega^2,0.0000000000e+00,0.0000000000e+00,0.0000000000e+00,0.0000000000e+00,0.0000000000e+00,1.5142059607e-01,0.0000000000e+00,0.0000000000e+00,-5.5655370300e-02,0.0000000000e+00
68820,2025-04-20 21:25:00,0.107485,4.800092,3.395029,1.002 omega + -0.035 omega^3,0.000,0.0000000000e+00,0.0000000000e+00,0.0000000000e+00,0.0000000000e+00,0.0000000000e+00,0.0000000000e+00,0.0000000000e+00,0.0000000000e+00,0.0000000000e+00,0.0000000000e+00
68821,2025-04-20 21:30:00,0.157186,11.217352,7.932644,1.011 omega + -0.057 omega^2 + -0.663 omega^3,0.000,0.0000000000e+00,0.0000000000e+00,0.0000000000e+00,0.0000000000e+00,0.0000000000e+00,0.0000000000e+00,0.0000000000e+00,0.0000000000e+00,0.0000000000e+00,0.0000000000e+00
68822,2025-04-20 21:35:00,0.259126,37.317128,26.387830,0.997 omega + 0.077 omega^3,0.000,0.0000000000e+00,0.0000000000e+00,0.0000000000e+00,0.0000000000e+00,0.0000000000e+00,0.0000000000e+00,0.0000000000e+00,0.0000000000e+00,0.0000000000e+00,0.0000000000e+00
68823,2025-04-20 21:40:00,0.126388,16.262268,11.499508,1.008 omega + 0.001 theta omega + 0.031 omega^2 + 0.006 theta omega^2,0.000,0.0000000000e+00,0.0000000000e+00,0.0000000000e+00,0.0000000000e+00,0.0000000000e+00,0.0000000000e+00,0.0000000000e+00,0.0000000000e+00,0.0000000000e+00,0.0000000000e+00
68824,2025-04-20 21:45:00,0.077698,2.197859,1.555092,1.016 omega + 0.002 theta omega + 0.037 omega^2,0.000,0.0000000000e+00,0.0000000000e+00,0.0000000000e+00,0.0000000000e+00,0.0000000000e+00,0.0000000000e+00,0.0000000000e+00,0.0000000000e+00,0.0000000000e+00,0.0000000000e+00
68825,2025-04-20 21:50:00,0.175488,22.094238,15.623478,1.001 omega + -0.033 omega^2 + -0.271 omega^3,0.000,0.0000000000e+00,0.0000000000e+00,0.0000000000e+00,0.0000000000e+00,0.0000000000e+00,0.0000000000e+00,0.0000000000e+00,0.0000000000e+00,0.0000000000e+00,0.0000000000e+00
68826,2025-04-20 21:55:00,0.121931,13.053038,9.230295,1.003 omega + -0.042 omega^2 + -0.006 theta omega^2,0.000,0.0000000000e+00,0.0000000000e+00,0.0000000000e+00,0.0000000000e+00,0.0000000000e+00,0.0000000000e+00,0.0000000000e+00,0.0000000000e+00,0.0000000000e+00,0.0000000000e+00
68827,2025-04-20 22:00:00,0.055167,7.664970,5.420093,-0.002 1 + 0.968 omega + -0.001 theta omega + -0.134 omega^2 + -0.004 theta omega^2,0.000,0.0000000000e+00,0.0000000000e+00,0.0000000000e+00,0.0000000000e+00,0.0000000000e+00,0.0000000000e+00,0.0000000000e+00,0.0000000000e+00,0.0000000000e+00,0.0000000000e+00
68828,2025-04-20 22:05:00,0.130939,21.867153,15.462690,0.990 omega + -0.002 theta omega + 0.019 omega^2 + 0.110 omega^3,0.000,0.0000000000e+00,0.0000000000e+00,0.0000000000e+00,0.0000000000e+00,0.0000000000e+00,0.0000000000e+00,0.0000000000e+00,0.0000000000e+00,0.0000000000e+00,0.0000000000e+00
68829,2025-04-20 22:10:00,0.091331,4.193423,2.965901,0.998 omega + 0.006 omega^2 + 0.116 omega^3,0.000,0.0000000000e+00,0.0000000000e+00,0.0000000000e+00,0.0000000000e+00,0.0000000000e+00,0.0000000000e+00,0.0000000000e+00,0.0000000000e+00,0.0000000000e+00,0.0000000000e+00
68830,2025-04-20 22:15:00,0.089932,4.620543,3.267836,1.003 omega + 0.056 omega^2 + -0.029 theta omega^2 + 0.115 omega^3,0.000,0.0000000000e+00,0.0000000000e+00,0.0000000000e+00,0.0000000000e+00,0.0000000000e+00,0.0000000000e+00,0.0000000000e+00,0.0000000000e+00,0.0000000000e+00,0.0000000000e+00
68831,2025-04-20 22:20:00,0.099311,3.051580,2.158935,1.002 omega + 0.003 omega^2,0.000,0.0000000000e+00,0.0000000000e+00,0.0000000000e+00,0.0000000000e+00,0.0000000000e+00,0.0000000000e+00,0.0000000000e+00,0.0000000000e+00,0.0000000000e+00,0.0000000000e+00
68832,2025-04-20 22:25:00,0.081526,9.102054,6.436382,1.004 omega + -0.006 theta omega^2,0.000,0.0000000000e+00,0.0000000000e+00,0.0000000000e+00,0.0000000000e+00,0.0000000000e+00,0.0000000000e+00,0.0000000000e+00,0.0000000000e+00,0.0000000000e+00,0.0000000000e+00
68833,2025-04-20 22:30:00,0.040837,4.767358,3.371155,0.996 omega + -0.026 omega^2,0.000,0.0000000000e+00,0.0000000000e+00,0.0000000000e+00,0.0000000000e+00,0.0000000000e+00,0.0000000000e+00,0.0000000000e+00,0.0000000000e+00,0.0000000000e+00,0.0000000000e+00
68834,2025-04-20 22:35:00,0.127521,10.885571,7.697789,0.998 omega + -0.002 omega^2,0.000,0.0000000000e+00,0.0000000000e+00,0.0000000000e+00,0.0000000000e+00,0.0000000000e+00,0.0000000000e+00,0.0000000000e+00,0.0000000000e+00,0.0000000000e+00,0.0000000000e+00
68835,2025-04-20 22:40:00,0.185614,29.120837,20.591960,0.998 omega + -0.001 theta omega^2,0.000,0.0000000000e+00,0.0000000000e+00,0.0000000000e+00,0.0000000000e+00,0.0000000000e+00,0.0000000000e+00,0.0000000000e+00,0.0000000000e+00,0.0000000000e+00,0.0000000000e+00
68836,2025-04-20 22:45:00,0.065655,10.327749,7.302969,1.017 omega + 0.021 theta omega + -0.012 omega^2 + 0.004 theta^2 omega,0.000,0.0000000000e+00,0.0000000000e+00,0.0000000000e+00,0.0000000000e+00,0.0000000000e+00,0.0000000000e+00,0.0000000000e+00,0.0000000000e+00,0.0000000000e+00,0.0000000000e+00
68837,2025-04-20 22:50:00,0.102560,13.542209,9.576063,0.999 omega + -0.026 omega^2 + -0.015 theta omega^2 + 0.258 omega^3,0.000,0.0000000000e+00,0.0000000000e+00,0.0000000000e+00,0.0000000000e+00,0.0000000000e+00,0.0000000000e+00,0.0000000000e+00,0.0000000000e+00,0.0000000000e+00,0.0000000000e+00
68838,2025-04-20 22:55:00,0.187514,26.409123,18.674541,1.002 omega + -0.001 theta omega + -0.005 theta omega^2,0.000,0.0000000000e+00,0.0000000000e+00,0.0000000000e+00,0.0000000000e+00,0.0000000000e+00,0.0000000000e+00,0.0000000000e+00,0.0000000000e+00,0.0000000000e+00,0.0000000000e+00
68839,2025-04-20 23:00:00,0.073340,14.177773,10.025334,0.086 1 + 0.010 theta + 2.053 omega + 0.106 theta omega + 3.985 omega^2 + 0.292 theta omega^2 + 4.298 omega^3,0.000,0.0000000000e+00,0.0000000000e+00,0.0000000000e+00,0.0000000000e+00,0.0000000000e+00,0.0000000000e+00,0.0000000000e+00,0.0000000000e+00,0.0000000000e+00,0.0000000000e+00
68840,2025-04-20 23:05:00,0.108206,15.784539,11.161617,1.001 omega + 0.001 theta omega + 0.014 omega^2,0.000,0.0000000000e+00,0.0000000000e+00,0.0000000000e+00,0.0000000000e+00,0.0000000000e+00,0.0000000000e+00,0.0000000000e+00,0.0000000000e+00,0.0000000000e+00,0.0000000000e+00
68841,2025-04-20 23:10:00,0.048652,6.410236,4.532852,0.998 omega + -0.037 omega^2,0.000,0.0000000000e+00,0.0000000000e+00,0.0000000000e+00,0.0000000000e+00,0.0000000000e+00,0.0000000000e+00,0.0000000000e+00,0.0000000000e+00,0.0000000000e+00,0.0000000000e+00
68842,2025-04-20 23:15:00,0.049858,1.525046,1.078947,1.018 omega + 0.011 theta omega + -0.085 omega^2 + 0.001 theta^2 omega,-0.020 theta omega^2,0.0000000000e+00,0.0000000000e+00,0.0000000000e+00,0.0000000000e+00,0.0000000000e+00,0.0000000000e+00,0.0000000000e+00,0.0000000000e+00,-2.0111776396e-02,0.0000000000e+00
68843,2025-04-20 23:20:00,0.043559,3.106972,2.197177,0.998 omega + -0.010 theta omega + -0.002 theta^2 omega,0.000,0.0000000000e+00,0.0000000000e+00,0.0000000000e+00,0.0000000000e+00,0.0000000000e+00,0.0000000000e+00,0.0000000000e+00,0.0000000000e+00,0.0000000000e+00,0.0000000000e+00
68844,2025-04-20 23:25:00,0.108433,14.680259,10.380794,1.000 omega + -0.001 theta omega + 0.054 omega^2,0.000,0.0000000000e+00,0.0000000000e+00,0.0000000000e+00,0.0000000000e+00,0.0000000000e+00,0.0000000000e+00,0.0000000000e+00,0.0000000000e+00,0.0000000000e+00,0.0000000000e+00
68845,2025-04-20 23:30:00,0.087510,9.695467,6.856009,1.005 omega + 0.051 omega^2,0.000,0.0000000000e+00,0.0000000000e+00,0.0000000000e+00,0.0000000000e+00,0.0000000000e+00,0.0000000000e+00,0.0000000000e+00,0.0000000000e+00,0.0000000000e+00,0.0000000000e+00
68846,2025-04-20 23:35:00,0.113669,18.872733,13.345280,1.009 omega + -0.018 omega^2 + -0.020 theta omega^2,0.023 omega + -0.040 theta omega^2,0.0000000000e+00,0.0000000000e+00,2.3080627954e-02,0.0000000000e+00,0.0000000000e+00,0.0000000000e+00,0.0000000000e+00,0.0000000000e+00,-4.0085055394e-02,0.0000000000e+00
68847,2025-04-20 23:40:00,0.111019,18.893418,13.359894,1.000 omega,0.000,0.0000000000e+00,0.0000000000e+00,0.0000000000e+00,0.0000000000e+00,0.0000000000e+00,0.0000000000e+00,0.0000000000e+00,0.0000000000e+00,0.0000000000e+00,0.0000000000e+00
68848,2025-04-20 23:45:00,0.063877,4.859669,3.436602,1.000 omega + 0.001 theta omega + -0.013 theta omega^2,-0.025 theta omega^2,0.0000000000e+00,0.0000000000e+00,0.0000000000e+00,0.0000000000e+00,0.0000000000e+00,0.0000000000e+00,0.0000000000e+00,0.0000000000e+00,-2.4838119076e-02,0.0000000000e+00
68849,2025-04-20 23:50:00,0.177371,26.576714,18.792993,1.001 omega + 0.002 omega^2,0.000,0.0000000000e+00,0.0000000000e+00,0.0000000000e+00,0.0000000000e+00,0.0000000000e+00,0.0000000000e+00,0.0000000000e+00,0.0000000000e+00,0.0000000000e+00,0.0000000000e+00
68850,2025-04-20 23:55:00,0.124483,19.406641,13.722849,1.000 omega + -0.001 omega^2,0.000,0.0000000000e+00,0.0000000000e+00,0.0000000000e+00,0.0000000000e+00,0.0000000000e+00,0.0000000000e+00,0.0000000000e+00,0.0000000000e+00,0.0000000000e+00,0.0000000000e+00
68851,2025-04-21 00:00:00,0.084500,10.800066,7.637034,1.006 omega + 0.003 theta omega + -0.012 omega^2,0.000,0.0000000000e+00,0.0000000000e+00,0.0000000000e+00,0.0000000000e+00,0.0000000000e+00,0.0000000000e+00,0.0000000000e+00,0.0000000000e+00,0.0000000000e+00,0.0000000000e+00
68852,2025-04-21 00:05:00,0.049485,3.148798,2.226812,1.003 omega + -0.015 omega^2,0.000,0.0000000000e+00,0.0000000000e+00,0.0000000000e+00,0.0000000000e+00,0.0000000000e+00,0.0000000000e+00,0.0000000000e+00,0.0000000000e+00,0.0000000000e+00,0.0000000000e+00
68853,2025-04-21 00:10:00,0.068078,2.706029,1.914057,0.977 omega + 0.003 theta omega + 0.343 omega^2 + -0.031 theta omega^2,0.000,0.0000000000e+00,0.0000000000e+00,0.0000000000e+00,0.0000000000e+00,0.0000000000e+00,0.0000000000e+00,0.0000000000e+00,0.0000000000e+00,0.0000000000e+00,0.0000000000e+00
68854,2025-04-21 00:15:00,0.057589,1.892920,1.339116,0.994 omega + 0.075 omega^2 + -0.003 theta omega^2,0.000,0.0000000000e+00,0.0000000000e+00,0.0000000000e+00,0.0000000000e+00,0.0000000000e+00,0.0000000000e+00,0.0000000000e+00,0.0000000000e+00,0.0000000000e+00,0.0000000000e+00
68855,2025-04-21 00:20:00,0.076375,5.156428,3.646545,1.000 omega + -0.022 omega^2 + -0.175 omega^3,-0.080 theta omega^2,0.0000000000e+00,0.0000000000e+00,0.0000000000e+00,0.0000000000e+00,0.0000000000e+00,0.0000000000e+00,0.0000000000e+00,0.0000000000e+00,-8.0086035894e-02,0.0000000000e+00
68856,2025-04-21 00:25:00,0.124402,19.884059,14.060428,0.998 omega + -0.039 omega^2 + -0.159 omega^3,0.000,0.0000000000e+00,0.0000000000e+00,0.0000000000e+00,0.0000000000e+00,0.0000000000e+00,0.0000000000e+00,0.0000000000e+00,0.0000000000e+00,0.0000000000e+00,0.0000000000e+00
68857,2025-04-21 00:30:00,0.117418,14.787702,10.456814,1.005 omega + 0.024 omega^2,0.000,0.0000000000e+00,0.0000000000e+00,0.0000000000e+00,0.0000000000e+00,0.0000000000e+00,0.0000000000e+00,0.0000000000e+00,0.0000000000e+00,0.0000000000e+00,0.0000000000e+00
68858,2025-04-21 00:35:00,0.114870,6.060376,4.286103,1.000 omega,0.000,0.0000000000e+00,0.0000000000e+00,0.0000000000e+00,0.0000000000e+00,0.0000000000e+00,0.0000000000e+00,0.0000000000e+00,0.0000000000e+00,0.0000000000e+00,0.0000000000e+00
68859,2025-04-21 00:40:00,0.052814,1.951096,1.380139,0.998 omega + 0.008 theta omega + 0.306 omega^2 + -0.003 theta^2 omega + -0.191 theta omega^2,-0.097 theta omega^2,0.0000000000e+00,0.0000000000e+00,0.0000000000e+00,0.0000000000e+00,0.0000000000e+00,0.0000000000e+00,0.0000000000e+00,0.0000000000e+00,-9.7366353929e-02,0.0000000000e+00
68860,2025-04-21 00:45:00,0.051854,2.074469,1.467329,1.012 omega + 0.002 theta omega + -0.015 theta omega^2,-0.025 theta omega^2,0.0000000000e+00,0.0000000000e+00,0.0000000000e+00,0.0000000000e+00,0.0000000000e+00,0.0000000000e+00,0.0000000000e+00,0.0000000000e+00,-2.4529202291e-02,0.0000000000e+00
68861,2025-04-21 00:50:00,0.060140,6.671410,4.717591,1.007 omega + -0.076 omega^2 + -0.014 theta omega^2,0.000,0.0000000000e+00,0.0000000000e+00,0.0000000000e+00,0.0000000000e+00,0.0000000000e+00,0.0000000000e+00,0.0000000000e+00,0.0000000000e+00,0.0000000000e+00,0.0000000000e+00
68862,2025-04-21 00:55:00,0.074424,6.026232,4.261514,0.992 omega + -0.003 theta omega + -0.004 omega^2,-0.027 theta omega^2,0.0000000000e+00,0.0000000000e+00,0.0000000000e+00,0.0000000000e+00,0.0000000000e+00,0.0000000000e+00,0.0000000000e+00,0.0000000000e+00,-2.7483609813e-02,0.0000000000e+00
68863,2025-04-21 01:00:00,0.187623,22.748827,16.086397,0.995 omega + 0.016 omega^2 + 0.161 omega^3,0.000,0.0000000000e+00,0.0000000000e+00,0.0000000000e+00,0.0000000000e+00,0.0000000000e+00,0.0000000000e+00,0.0000000000e+00,0.0000000000e+00,0.0000000000e+00,0.0000000000e+00
68864,2025-04-21 01:05:00,0.073345,6.965110,4.925349,0.995 omega + -0.001 theta omega,-0.037 theta omega^2,0.0000000000e+00,0.0000000000e+00,0.0000000000e+00,0.0000000000e+00,0.0000000000e+00,0.0000000000e+00,0.0000000000e+00,0.0000000000e+00,-3.6906084763e-02,0.0000000000e+00
68865,2025-04-21 01:10:00,0.066208,3.378278,2.389262,1.017 omega + 0.013 theta omega + -0.222 omega^2 + 0.002 theta^2 omega + -0.046 theta omega^2,0.000,0.0000000000e+00,0.0000000000e+00,0.0000000000e+00,0.0000000000e+00,0.0000000000e+00,0.0000000000e+00,0.0000000000e+00,0.0000000000e+00,0.0000000000e+00,0.0000000000e+00
68866,2025-04-21 01:15:00,0.128165,15.626084,11.049681,1.006 omega + 0.058 omega^2 + -0.006 theta omega^2 + 0.249 omega^3,0.000,0.0000000000e+00,0.0000000000e+00,0.0000000000e+00,0.0000000000e+00,0.0000000000e+00,0.0000000000e+00,0.0000000000e+00,0.0000000000e+00,0.0000000000e+00,0.0000000000e+00
68867,2025-04-21 01:20:00,0.086263,8.921090,6.308458,1.002 omega + 0.014 omega^2,0.000,0.0000000000e+00,0.0000000000e+00,0.0000000000e+00,0.0000000000e+00,0.0000000000e+00,0.0000000000e+00,0.0000000000e+00,0.0000000000e+00,0.0000000000e+00,0.0000000000e+00
68868,2025-04-21 01:25:00,0.086839,13.164590,9.308973,0.982 omega + -0.012 theta omega + -0.001 theta^2 omega + -0.024 theta omega^2,0.000,0.0000000000e+00,0.0000000000e+00,0.0000000000e+00,0.0000000000e+00,0.0000000000e+00,0.0000000000e+00,0.0000000000e+00,0.0000000000e+00,0.0000000000e+00,0.0000000000e+00
68869,2025-04-21 01:30:00,0.097753,13.940966,9.857994,1.018 omega + 0.088 omega^2,0.000,0.0000000000e+00,0.0000000000e+00,0.0000000000e+00,0.0000000000e+00,0.0000000000e+00,0.0000000000e+00,0.0000000000e+00,0.0000000000e+00,0.0000000000e+00,0.0000000000e+00
68870,2025-04-21 01:35:00,0.066612,4.432547,3.134638,1.005 omega + 0.005 omega^2,0.000,0.0000000000e+00,0.0000000000e+00,0.0000000000e+00,0.0000000000e+00,0.0000000000e+00,0.0000000000e+00,0.0000000000e+00,0.0000000000e+00,0.0000000000e+00,0.0000000000e+00
68871,2025-04-21 01:40:00,0.131148,12.429665,8.789590,0.992 omega + -0.025 omega^2,0.000,0.0000000000e+00,0.0000000000e+00,0.0000000000e+00,0.0000000000e+00,0.0000000000e+00,0.0000000000e+00,0.0000000000e+00,0.0000000000e+00,0.0000000000e+00,0.0000000000e+00
68872,2025-04-21 01:45:00,0.045581,1.028739,0.728142,1.051 omega + -0.024 theta omega + -0.115 omega^2 + 0.003 theta^2 omega,-0.046 theta omega^2,0.0000000000e+00,0.0000000000e+00,0.0000000000e+00,0.0000000000e+00,0.0000000000e+00,0.0000000000e+00,0.0000000000e+00,0.0000000000e+00,-4.6458081377e-02,0.0000000000e+00
68873,2025-04-21 01:50:00,0.073346,7.292141,5.156583,0.999 omega + 0.138 omega^2 + -0.028 theta omega^2,0.000,0.0000000000e+00,0.0000000000e+00,0.0000000000e+00,0.0000000000e+00,0.0000000000e+00,0.0000000000e+00,0.0000000000e+00,0.0000000000e+00,0.0000000000e+00,0.0000000000e+00
68874,2025-04-21 01:55:00,0.046246,5.941447,4.201364,0.998 omega + -0.069 omega^2 + -0.007 theta omega^2,0.000,0.0000000000e+00,0.0000000000e+00,0.0000000000e+00,0.0000000000e+00,0.0000000000e+00,0.0000000000e+00,0.0000000000e+00,0.0000000000e+00,0.0000000000e+00,0.0000000000e+00
68875,2025-04-21 02:00:00,0.090002,14.053889,9.937804,1.006 omega + -0.047 omega^2 + -0.059 omega^3,0.000,0.0000000000e+00,0.0000000000e+00,0.0000000000e+00,0.0000000000e+00,0.0000000000e+00,0.0000000000e+00,0.0000000000e+00,0.0000000000e+00,0.0000000000e+00,0.0000000000e+00
68876,2025-04-21 02:05:00,0.129960,21.160583,14.963074,0.997 omega + -0.022 omega^2,0.000,0.0000000000e+00,0.0000000000e+00,0.0000000000e+00,0.0000000000e+00,0.0000000000e+00,0.0000000000e+00,0.0000000000e+00,0.0000000000e+00,0.0000000000e+00,0.0000000000e+00
68877,2025-04-21 02:10:00,0.067101,8.481511,5.997521,1.000 omega + -0.028 omega^2,0.000,0.0000000000e+00,0.0000000000e+00,0.0000000000e+00,0.0000000000e+00,0.0000000000e+00,0.0000000000e+00,0.0000000000e+00,0.0000000000e+00,0.0000000000e+00,0.0000000000e+00
68878,2025-04-21 02:15:00,0.083332,11.240653,7.948561,1.001 omega + -0.001 theta omega + -0.007 theta omega^2,0.000,0.0000000000e+00,0.0000000000e+00,0.0000000000e+00,0.0000000000e+00,0.0000000000e+00,0.0000000000e+00,0.0000000000e+00,0.0000000000e+00,0.0000000000e+00,0.0000000000e+00
68879,2025-04-21 02:20:00,0.162237,24.325613,17.201189,1.002 omega + -0.015 theta omega^2,0.000,0.0000000000e+00,0.0000000000e+00,0.0000000000e+00,0.0000000000e+00,0.0000000000e+00,0.0000000000e+00,0.0000000000e+00,0.0000000000e+00,0.0000000000e+00,0.0000000000e+00
68880,2025-04-21 02:25:00,0.069921,9.868017,6.977917,1.029 omega + 0.022 theta omega + 0.007 omega^2 + 0.003 theta^2 omega,-0.035 theta omega^2,0.0000000000e+00,0.0000000000e+00,0.0000000000e+00,0.0000000000e+00,0.0000000000e+00,0.0000000000e+00,0.0000000000e+00,0.0000000000e+00,-3.4751000116e-02,0.0000000000e+00
68881,2025-04-21 02:30:00,0.064309,6.371949,4.505878,1.041 omega + 0.022 theta omega + 0.050 omega^2 + 0.002 theta^2 omega,0.000,0.0000000000e+00,0.0000000000e+00,0.0000000000e+00,0.0000000000e+00,0.0000000000e+00,0.0000000000e+00,0.0000000000e+00,0.0000000000e+00,0.0000000000e+00,0.0000000000e+00
68882,2025-04-21 02:35:00,0.113405,17.181491,12.149413,0.999 omega + -0.001 theta omega + -0.032 omega^2 + 0.009 theta omega^2,0.000,0.0000000000e+00,0.0000000000e+00,0.0000000000e+00,0.0000000000e+00,0.0000000000e+00,0.0000000000e+00,0.0000000000e+00,0.0000000000e+00,0.0000000000e+00,0.0000000000e+00
68883,2025-04-21 02:40:00,0.189502,29.957581,21.183632,0.997 omega + 0.053 omega^2 + -0.195 omega^3,0.000,0.0000000000e+00,0.0000000000e+00,0.0000000000e+00,0.0000000000e+00,0.0000000000e+00,0.0000000000e+00,0.0000000000e+00,0.0000000000e+00,0.0000000000e+00,0.0000000000e+00
68884,2025-04-21 02:45:00,0.204593,33.010557,23.342437,1.004 omega + 0.017 omega^2 + -0.003 theta omega^2,0.000,0.0000000000e+00,0.0000000000e+00,0.0000000000e+00,0.0000000000e+00,0.0000000000e+00,0.0000000000e+00,0.0000000000e+00,0.0000000000e+00,0.0000000000e+00,0.0000000000e+00
68885,2025-04-21 02:50:00,0.140783,15.235739,10.773755,0.998 omega + -0.006 omega^2,0.000,0.0000000000e+00,0.0000000000e+00,0.0000000000e+00,0.0000000000e+00,0.0000000000e+00,0.0000000000e+00,0.0000000000e+00,0.0000000000e+00,0.0000000000e+00,0.0000000000e+00
68886,2025-04-21 02:55:00,0.098487,12.287506,8.688858,0.993 omega + 0.301 omega^3,-0.140 omega^2 + -0.026 theta omega^2,0.0000000000e+00,0.0000000000e+00,0.0000000000e+00,0.0000000000e+00,0.0000000000e+00,-1.4013894537e-01,0.0000000000e+00,0.0000000000e+00,-2.5858189399e-02,0.0000000000e+00
68887,2025-04-21 03:00:00,0.073464,7.761346,5.488346,1.000 omega,0.000,0.0000000000e+00,0.0000000000e+00,0.0000000000e+00,0.0000000000e+00,0.0000000000e+00,0.0000000000e+00,0.0000000000e+00,0.0000000000e+00,0.0000000000e+00,0.0000000000e+00
68888,2025-04-21 03:05:00,0.114523,10.106224,7.146638,0.999 omega,0.000,0.0000000000e+00,0.0000000000e+00,0.0000000000e+00,0.0000000000e+00,0.0000000000e+00,0.0000000000e+00,0.0000000000e+00,0.0000000000e+00,0.0000000000e+00,0.0000000000e+00
68889,2025-04-21 03:10:00,0.232083,36.456140,25.778906,0.995 omega + 0.189 omega^3,0.000,0.0000000000e+00,0.0000000000e+00,0.0000000000e+00,0.0000000000e+00,0.0000000000e+00,0.0000000000e+00,0.0000000000e+00,0.0000000000e+00,0.0000000000e+00,0.0000000000e+00
68890,2025-04-21 03:15:00,0.067305,3.380227,2.390655,0.993 omega + 0.163 omega^2 + -0.004 theta omega^2 + -0.456 omega^3,0.000,0.0000000000e+00,0.0000000000e+00,0.0000000000e+00,0.0000000000e+00,0.0000000000e+00,0.0000000000e+00,0.0000000000e+00,0.0000000000e+00,0.0000000000e+00,0.0000000000e+00
68891,2025-04-21 03:20:00,0.097601,5.908014,4.178167,1.001 omega,-0.072 omega^2 + -0.025 theta omega^2,0.0000000000e+00,0.0000000000e+00,0.0000000000e+00,0.0000000000e+00,0.0000000000e+00,-7.2279598193e-02,0.0000000000e+00,0.0000000000e+00,-2.5195947762e-02,0.0000000000e+00
68892,2025-04-21 03:25:00,0.079142,10.465100,7.400155,0.995 omega + 0.052 omega^2 + -0.003 theta omega^2,0.000,0.0000000000e+00,0.0000000000e+00,0.0000000000e+00,0.0000000000e+00,0.0000000000e+00,0.0000000000e+00,0.0000000000e+00,0.0000000000e+00,0.0000000000e+00,0.0000000000e+00
68893,2025-04-21 03:30:00,0.076092,6.819755,4.822595,0.999 omega + -0.004 omega^2,0.000,0.0000000000e+00,0.0000000000e+00,0.0000000000e+00,0.0000000000e+00,0.0000000000e+00,0.0000000000e+00,0.0000000000e+00,0.0000000000e+00,0.0000000000e+00,0.0000000000e+00
68894,2025-04-21 03:35:00,0.235331,30.328294,21.445988,0.996 omega + -0.014 omega^2 + 0.055 omega^3,0.000,0.0000000000e+00,0.0000000000e+00,0.0000000000e+00,0.0000000000e+00,0.0000000000e+00,0.0000000000e+00,0.0000000000e+00,0.0000000000e+00,0.0000000000e+00,0.0000000000e+00
68895,2025-04-21 03:40:00,0.093169,9.348040,6.610391,1.003 omega,0.000,0.0000000000e+00,0.0000000000e+00,0.0000000000e+00,0.0000000000e+00,0.0000000000e+00,0.0000000000e+00,0.0000000000e+00,0.0000000000e+00,0.0000000000e+00,0.0000000000e+00
68896,2025-04-21 03:45:00,0.219716,24.942823,17.637924,0.994 omega + -0.001 omega^2 + 0.046 omega^3,0.000,0.0000000000e+00,0.0000000000e+00,0.0000000000e+00,0.0000000000e+00,0.0000000000e+00,0.0000000000e+00,0.0000000000e+00,0.0000000000e+00,0.0000000000e+00,0.0000000000e+00
68897,2025-04-21 03:50:00,0.094983,7.013330,4.959628,1.002 omega + 0.004 omega^2,0.000,0.0000000000e+00,0.0000000000e+00,0.0000000000e+00,0.0000000000e+00,0.0000000000e+00,0.0000000000e+00,0.0000000000e+00,0.0000000000e+00,0.0000000000e+00,0.0000000000e+00
68898,2025-04-21 03:55:00,0.076762,10.981916,7.765577,0.020 1 + 1.443 omega + 2.970 omega^2 + 6.337 omega^3,0.000,0.0000000000e+00,0.0000000000e+00,0.0000000000e+00,0.0000000000e+00,0.0000000000e+00,0.0000000000e+00,0.0000000000e+00,0.0000000000e+00,0.0000000000e+00,0.0000000000e+00
68899,2025-04-21 04:00:00,0.031327,0.911881,0.645177,0.004 1 + 1.024 omega + 0.018 omega^2 + -0.002 theta omega^2,0.000,0.0000000000e+00,0.0000000000e+00,0.0000000000e+00,0.0000000000e+00,0.0000000000e+00,0.0000000000e+00,0.0000000000e+00,0.0000000000e+00,0.0000000000e+00,0.0000000000e+00
68900,2025-04-21 04:05:00,0.186725,20.250399,14.319803,1.002 omega + 0.017 omega^2 + -0.102 omega^3,0.020 omega^2,0.0000000000e+00,0.0000000000e+00,0.0000000000e+00,0.0000000000e+00,0.0000000000e+00,1.9964733850e-02,0.0000000000e+00,0.0000000000e+00,0.0000000000e+00,0.0000000000e+00
68901,2025-04-21 04:10:00,0.255312,37.617657,26.600313,1.002 omega + 0.006 omega^2,0.000,0.0000000000e+00,0.0000000000e+00,0.0000000000e+00,0.0000000000e+00,0.0000000000e+00,0.0000000000e+00,0.0000000000e+00,0.0000000000e+00,0.0000000000e+00,0.0000000000e+00
68902,2025-04-21 04:15:00,0.058557,3.941309,2.787234,0.931 omega + -0.016 theta omega + 0.187 omega^2 + 0.005 theta^2 omega + -0.039 theta omega^2 + 3.443 omega^3,-0.051 theta omega^2,0.0000000000e+00,0.0000000000e+00,0.0000000000e+00,0.0000000000e+00,0.0000000000e+00,0.0000000000e+00,0.0000000000e+00,0.0000000000e+00,-5.1017174909e-02,0.0000000000e+00
68903,2025-04-21 04:20:00,0.075771,6.679478,4.723408,1.000 omega + -0.045 omega^2 + -0.002 theta omega^2,0.000,0.0000000000e+00,0.0000000000e+00,0.0000000000e+00,0.0000000000e+00,0.0000000000e+00,0.0000000000e+00,0.0000000000e+00,0.0000000000e+00,0.0000000000e+00,0.0000000000e+00
68904,2025-04-21 04:25:00,0.186659,32.054646,22.666442,0.999 omega + 0.098 omega^3,0.000,0.0000000000e+00,0.0000000000e+00,0.0000000000e+00,0.0000000000e+00,0.0000000000e+00,0.0000000000e+00,0.0000000000e+00,0.0000000000e+00,0.0000000000e+00,0.0000000000e+00
68905,2025-04-21 04:30:00,0.166128,13.585130,9.606856,0.992 omega + 0.023 omega^2 + 0.229 omega^3,0.000,0.0000000000e+00,0.0000000000e+00,0.0000000000e+00,0.0000000000e+00,0.0000000000e+00,0.0000000000e+00,0.0000000000e+00,0.0000000000e+00,0.0000000000e+00,0.0000000000e+00
68906,2025-04-21 04:35:00,0.099940,14.323344,10.128380,1.000 omega + -0.025 theta omega^2,-0.075 omega^2,0.0000000000e+00,0.0000000000e+00,0.0000000000e+00,0.0000000000e+00,0.0000000000e+00,-7.4703555873e-02,0.0000000000e+00,0.0000000000e+00,0.0000000000e+00,0.0000000000e+00
68907,2025-04-21 04:40:00,0.047048,2.390895,1.690945,1.004 omega + -0.009 omega^2 + -0.002 theta omega^2,0.000,0.0000000000e+00,0.0000000000e+00,0.0000000000e+00,0.0000000000e+00,0.0000000000e+00,0.0000000000e+00,0.0000000000e+00,0.0000000000e+00,0.0000000000e+00,0.0000000000e+00
68908,2025-04-21 04:45:00,0.149205,24.097383,17.039750,1.006 omega + -0.060 omega^2 + -0.003 theta omega^2 + -0.438 omega^3,0.000,0.0000000000e+00,0.0000000000e+00,0.0000000000e+00,0.0000000000e+00,0.0000000000e+00,0.0000000000e+00,0.0000000000e+00,0.0000000000e+00,0.0000000000e+00,0.0000000000e+00
68909,2025-04-21 04:50:00,0.205681,20.295527,14.351841,1.001 omega + -0.020 omega^2,0.000,0.0000000000e+00,0.0000000000e+00,0.0000000000e+00,0.0000000000e+00,0.0000000000e+00,0.0000000000e+00,0.0000000000e+00,0.0000000000e+00,0.0000000000e+00,0.0000000000e+00
68910,2025-04-21 04:55:00,0.142834,20.845256,14.740168,0.995 omega,0.000,0.0000000000e+00,0.0000000000e+00,0.0000000000e+00,0.0000000000e+00,0.0000000000e+00,0.0000000000e+00,0.0000000000e+00,0.0000000000e+00,0.0000000000e+00,0.0000000000e+00
68911,2025-04-21 05:00:00,0.122590,19.256374,13.616588,1.003 omega + 0.017 omega^2,0.000,0.0000000000e+00,0.0000000000e+00,0.0000000000e+00,0.0000000000e+00,0.0000000000e+00,0.0000000000e+00,0.0000000000e+00,0.0000000000e+00,0.0000000000e+00,0.0000000000e+00
68912,2025-04-21 05:05:00,0.121366,11.908311,8.420885,0.998 omega + 0.002 omega^2 + 0.054 omega^3,0.083 omega^2 + -0.033 theta omega^2,0.0000000000e+00,0.0000000000e+00,0.0000000000e+00,0.0000000000e+00,0.0000000000e+00,8.2651020916e-02,0.0000000000e+00,0.0000000000e+00,-3.3246480844e-02,0.0000000000e+00
68913,2025-04-21 05:10:00,0.074855,3.756706,2.656920,0.997 omega + -0.067 omega^2 + -0.262 omega^3,0.000,0.0000000000e+00,0.0000000000e+00,0.0000000000e+00,0.0000000000e+00,0.0000000000e+00,0.0000000000e+00,0.0000000000e+00,0.0000000000e+00,0.0000000000e+00,0.0000000000e+00
68914,2025-04-21 05:15:00,0.109186,15.264129,10.793645,0.925 omega + -0.008 theta omega + -0.515 omega^2 + -0.055 theta omega^2,0.000,0.0000000000e+00,0.0000000000e+00,0.0000000000e+00,0.0000000000e+00,0.0000000000e+00,0.0000000000e+00,0.0000000000e+00,0.0000000000e+00,0.0000000000e+00,0.0000000000e+00
68915,2025-04-21 05:20:00,0.170216,22.911620,16.201409,0.994 omega + -0.020 theta omega^2 + 0.286 omega^3,0.000,0.0000000000e+00,0.0000000000e+00,0.0000000000e+00,0.0000000000e+00,0.0000000000e+00,0.0000000000e+00,0.0000000000e+00,0.0000000000e+00,0.0000000000e+00,0.0000000000e+00
68916,2025-04-21 05:25:00,0.106701,7.755933,5.484792,1.003 omega + -0.002 theta omega + -0.004 omega^2 + -0.011 theta omega^2,0.000,0.0000000000e+00,0.0000000000e+00,0.0000000000e+00,0.0000000000e+00,0.0000000000e+00,0.0000000000e+00,0.0000000000e+00,0.0000000000e+00,0.0000000000e+00,0.0000000000e+00
68917,2025-04-21 05:30:00,0.065027,7.761432,5.488354,0.980 omega + 0.123 omega^2 + 0.893 omega^3,-0.014 theta omega^2,0.0000000000e+00,0.0000000000e+00,0.0000000000e+00,0.0000000000e+00,0.0000000000e+00,0.0000000000e+00,0.0000000000e+00,0.0000000000e+00,-1.3534962857e-02,0.0000000000e+00
68918,2025-04-21 05:35:00,0.076058,7.994118,5.652951,1.002 omega + -0.003 omega^2 + -0.007 theta omega^2,0.000,0.0000000000e+00,0.0000000000e+00,0.0000000000e+00,0.0000000000e+00,0.0000000000e+00,0.0000000000e+00,0.0000000000e+00,0.0000000000e+00,0.0000000000e+00,0.0000000000e+00
68919,2025-04-21 05:40:00,0.171723,25.686350,18.163398,1.000 omega + -0.002 theta omega^2,0.000,0.0000000000e+00,0.0000000000e+00,0.0000000000e+00,0.0000000000e+00,0.0000000000e+00,0.0000000000e+00,0.0000000000e+00,0.0000000000e+00,0.0000000000e+00,0.0000000000e+00
68920,2025-04-21 05:45:00,0.184214,17.673792,12.497937,1.006 omega + -0.018 omega^2 + -0.270 omega^3,0.000,0.0000000000e+00,0.0000000000e+00,0.0000000000e+00,0.0000000000e+00,0.0000000000e+00,0.0000000000e+00,0.0000000000e+00,0.0000000000e+00,0.0000000000e+00,0.0000000000e+00
68921,2025-04-21 05:50:00,0.182894,28.716861,20.306299,0.996 omega + -0.009 theta omega^2 + 0.555 omega^3,0.000,0.0000000000e+00,0.0000000000e+00,0.0000000000e+00,0.0000000000e+00,0.0000000000e+00,0.0000000000e+00,0.0000000000e+00,0.0000000000e+00,0.0000000000e+00,0.0000000000e+00
68922,2025-04-21 05:55:00,0.063341,5.943583,4.202986,0.993 omega + -0.018 theta omega + -0.005 theta^2 omega,0.000,0.0000000000e+00,0.0000000000e+00,0.0000000000e+00,0.0000000000e+00,0.0000000000e+00,0.0000000000e+00,0.0000000000e+00,0.0000000000e+00,0.0000000000e+00,0.0000000000e+00
68923,2025-04-21 06:00:00,0.075032,11.280768,7.976884,1.001 omega + -0.002 theta omega + -0.064 theta omega^2,0.000,0.0000000000e+00,0.0000000000e+00,0.0000000000e+00,0.0000000000e+00,0.0000000000e+00,0.0000000000e+00,0.0000000000e+00,0.0000000000e+00,0.0000000000e+00,0.0000000000e+00
68924,2025-04-21 06:05:00,0.179215,24.449816,17.289095,1.014 omega + 0.064 omega^2,0.000,0.0000000000e+00,0.0000000000e+00,0.0000000000e+00,0.0000000000e+00,0.0000000000e+00,0.0000000000e+00,0.0000000000e+00,0.0000000000e+00,0.0000000000e+00,0.0000000000e+00
68925,2025-04-21 06:10:00,0.072778,7.107448,5.025988,1.014 omega + 0.078 omega^2 + 0.107 omega^3,0.000,0.0000000000e+00,0.0000000000e+00,0.0000000000e+00,0.0000000000e+00,0.0000000000e+00,0.0000000000e+00,0.0000000000e+00,0.0000000000e+00,0.0000000000e+00,0.0000000000e+00
68926,2025-04-21 06:15:00,0.044959,2.668517,1.887194,-0.002 1 + 0.972 omega + -0.078 omega^2,0.000,0.0000000000e+00,0.0000000000e+00,0.0000000000e+00,0.0000000000e+00,0.0000000000e+00,0.0000000000e+00,0.0000000000e+00,0.0000000000e+00,0.0000000000e+00,0.0000000000e+00
68927,2025-04-21 06:20:00,0.038150,6.056457,4.282647,-0.027 1 + 0.512 omega + -2.910 omega^2 + -0.001 theta omega^2 + -5.644 omega^3,0.000,0.0000000000e+00,0.0000000000e+00,0.0000000000e+00,0.0000000000e+00,0.0000000000e+00,0.0000000000e+00,0.0000000000e+00,0.0000000000e+00,0.0000000000e+00,0.0000000000e+00
68928,2025-04-21 06:25:00,0.070082,1.641055,1.161459,0.997 omega + -0.018 omega^2,0.000,0.0000000000e+00,0.0000000000e+00,0.0000000000e+00,0.0000000000e+00,0.0000000000e+00,0.0000000000e+00,0.0000000000e+00,0.0000000000e+00,0.0000000000e+00,0.0000000000e+00
68929,2025-04-21 06:30:00,0.033998,1.540041,1.089239,-0.001 1 + 0.913 omega + -0.001 theta omega + -0.822 omega^2 + -0.007 theta omega^2 + -1.954 omega^3,0.000,0.0000000000e+00,0.0000000000e+00,0.0000000000e+00,0.0000000000e+00,0.0000000000e+00,0.0000000000e+00,0.0000000000e+00,0.0000000000e+00,0.0000000000e+00,0.0000000000e+00
68930,2025-04-21 06:35:00,0.105704,6.670884,4.717620,1.000 omega,0.000,0.0000000000e+00,0.0000000000e+00,0.0000000000e+00,0.0000000000e+00,0.0000000000e+00,0.0000000000e+00,0.0000000000e+00,0.0000000000e+00,0.0000000000e+00,0.0000000000e+00
68931,2025-04-21 06:40:00,0.120547,15.136415,10.703401,1.012 omega + -0.093 omega^2 + 0.176 omega^3,0.000,0.0000000000e+00,0.0000000000e+00,0.0000000000e+00,0.0000000000e+00,0.0000000000e+00,0.0000000000e+00,0.0000000000e+00,0.0000000000e+00,0.0000000000e+00,0.0000000000e+00
68932,2025-04-21 06:45:00,0.053330,5.705295,4.034429,1.001 omega + -0.002 theta^2 omega,-0.200 theta omega^2,0.0000000000e+00,0.0000000000e+00,0.0000000000e+00,0.0000000000e+00,0.0000000000e+00,0.0000000000e+00,0.0000000000e+00,0.0000000000e+00,-1.9977902232e-01,0.0000000000e+00
68933,2025-04-21 06:50:00,0.094985,7.949418,5.621489,0.990 omega + 0.019 omega^2 + -0.032 theta omega^2 + 1.041 omega^3,-0.034 theta omega^2,0.0000000000e+00,0.0000000000e+00,0.0000000000e+00,0.0000000000e+00,0.0000000000e+00,0.0000000000e+00,0.0000000000e+00,0.0000000000e+00,-3.3871462860e-02,0.0000000000e+00
68934,2025-04-21 06:55:00,0.126545,6.220273,4.399307,1.002 omega + -0.006 omega^2,0.000,0.0000000000e+00,0.0000000000e+00,0.0000000000e+00,0.0000000000e+00,0.0000000000e+00,0.0000000000e+00,0.0000000000e+00,0.0000000000e+00,0.0000000000e+00,0.0000000000e+00
68935,2025-04-21 07:00:00,0.172586,12.304185,8.701228,0.992 omega + -0.022 omega^2 + 0.240 omega^3,0.000,0.0000000000e+00,0.0000000000e+00,0.0000000000e+00,0.0000000000e+00,0.0000000000e+00,0.0000000000e+00,0.0000000000e+00,0.0000000000e+00,0.0000000000e+00,0.0000000000e+00
68936,2025-04-21 07:05:00,0.168830,27.398793,19.374240,0.992 omega + -0.050 omega^2 + -0.006 theta omega^2 + 0.477 omega^3,0.000,0.0000000000e+00,0.0000000000e+00,0.0000000000e+00,0.0000000000e+00,0.0000000000e+00,0.0000000000e+00,0.0000000000e+00,0.0000000000e+00,0.0000000000e+00,0.0000000000e+00
68937,2025-04-21 07:10:00,0.065864,5.123836,3.623398,1.003 omega + -0.032 omega^2 + -0.014 theta omega^2,0.000,0.0000000000e+00,0.0000000000e+00,0.0000000000e+00,0.0000000000e+00,0.0000000000e+00,0.0000000000e+00,0.0000000000e+00,0.0000000000e+00,0.0000000000e+00,0.0000000000e+00
68938,2025-04-21 07:15:00,0.100875,21.594983,15.270126,0.993 omega + 0.047 omega^2 + 0.001 theta^2 omega,0.000,0.0000000000e+00,0.0000000000e+00,0.0000000000e+00,0.0000000000e+00,0.0000000000e+00,0.0000000000e+00,0.0000000000e+00,0.0000000000e+00,0.0000000000e+00,0.0000000000e+00
68939,2025-04-21 07:20:00,0.059544,2.098285,1.484309,0.997 omega + -0.003 theta omega + -0.004 theta omega^2,0.000,0.0000000000e+00,0.0000000000e+00,0.0000000000e+00,0.0000000000e+00,0.0000000000e+00,0.0000000000e+00,0.0000000000e+00,0.0000000000e+00,0.0000000000e+00,0.0000000000e+00
68940,2025-04-21 07:25:00,0.068842,8.090583,5.721113,1.007 omega + -0.001 theta omega + 0.005 omega^2,0.000,0.0000000000e+00,0.0000000000e+00,0.0000000000e+00,0.0000000000e+00,0.0000000000e+00,0.0000000000e+00,0.0000000000e+00,0.0000000000e+00,0.0000000000e+00,0.0000000000e+00
68941,2025-04-21 07:30:00,0.023096,1.634404,1.155814,0.996 omega + 0.001 theta omega + -0.142 omega^2,0.000,0.0000000000e+00,0.0000000000e+00,0.0000000000e+00,0.0000000000e+00,0.0000000000e+00,0.0000000000e+00,0.0000000000e+00,0.0000000000e+00,0.0000000000e+00,0.0000000000e+00
68942,2025-04-21 07:35:00,0.123764,19.740026,13.958581,1.001 omega + -0.001 theta omega + -0.049 theta omega^2,0.000,0.0000000000e+00,0.0000000000e+00,0.0000000000e+00,0.0000000000e+00,0.0000000000e+00,0.0000000000e+00,0.0000000000e+00,0.0000000000e+00,0.0000000000e+00,0.0000000000e+00
68943,2025-04-21 07:40:00,0.056193,5.677054,4.014480,1.001 omega + -0.001 theta omega + -0.001 omega^2,0.000,0.0000000000e+00,0.0000000000e+00,0.0000000000e+00,0.0000000000e+00,0.0000000000e+00,0.0000000000e+00,0.0000000000e+00,0.0000000000e+00,0.0000000000e+00,0.0000000000e+00
68944,2025-04-21 07:45:00,0.082624,2.639987,1.867667,0.999 omega + 0.001 theta omega + 0.067 omega^2 + -0.016 theta omega^2,0.024 omega^2,0.0000000000e+00,0.0000000000e+00,0.0000000000e+00,0.0000000000e+00,0.0000000000e+00,2.4164883279e-02,0.0000000000e+00,0.0000000000e+00,0.0000000000e+00,0.0000000000e+00
68945,2025-04-21 07:50:00,0.162952,18.137508,12.825672,0.994 omega + 0.021 omega^2,0.000,0.0000000000e+00,0.0000000000e+00,0.0000000000e+00,0.0000000000e+00,0.0000000000e+00,0.0000000000e+00,0.0000000000e+00,0.0000000000e+00,0.0000000000e+00,0.0000000000e+00
68946,2025-04-21 07:55:00,0.084761,7.770613,5.494980,1.003 omega + 0.002 omega^2 + -0.005 theta omega^2,0.000,0.0000000000e+00,0.0000000000e+00,0.0000000000e+00,0.0000000000e+00,0.0000000000e+00,0.0000000000e+00,0.0000000000e+00,0.0000000000e+00,0.0000000000e+00,0.0000000000e+00
68947,2025-04-21 08:00:00,0.102182,10.327234,7.302814,0.998 omega,0.000,0.0000000000e+00,0.0000000000e+00,0.0000000000e+00,0.0000000000e+00,0.0000000000e+00,0.0000000000e+00,0.0000000000e+00,0.0000000000e+00,0.0000000000e+00,0.0000000000e+00
68948,2025-04-21 08:05:00,0.103172,9.722500,6.875233,1.000 omega + -0.015 omega^2,0.000,0.0000000000e+00,0.0000000000e+00,0.0000000000e+00,0.0000000000e+00,0.0000000000e+00,0.0000000000e+00,0.0000000000e+00,0.0000000000e+00,0.0000000000e+00,0.0000000000e+00
68949,2025-04-21 08:10:00,0.073549,6.020305,4.257316,0.998 omega + 0.056 omega^2 + -0.008 theta omega^2,0.000,0.0000000000e+00,0.0000000000e+00,0.0000000000e+00,0.0000000000e+00,0.0000000000e+00,0.0000000000e+00,0.0000000000e+00,0.0000000000e+00,0.0000000000e+00,0.0000000000e+00
68950,2025-04-21 08:15:00,0.088441,9.405201,6.650775,0.999 omega + 0.023 omega^2 + -0.111 omega^3,-0.056 theta omega^2,0.0000000000e+00,0.0000000000e+00,0.0000000000e+00,0.0000000000e+00,0.0000000000e+00,0.0000000000e+00,0.0000000000e+00,0.0000000000e+00,-5.6204550383e-02,0.0000000000e+00
68951,2025-04-21 08:20:00,0.085970,12.424250,8.785482,1.001 omega + -0.025 omega^2 + -0.006 theta omega^2,0.000,0.0000000000e+00,0.0000000000e+00,0.0000000000e+00,0.0000000000e+00,0.0000000000e+00,0.0000000000e+00,0.0000000000e+00,0.0000000000e+00,0.0000000000e+00,0.0000000000e+00
68952,2025-04-21 08:25:00,0.143299,21.204068,14.993883,1.002 omega + 0.041 omega^2 + -0.006 theta omega^2,0.000,0.0000000000e+00,0.0000000000e+00,0.0000000000e+00,0.0000000000e+00,0.0000000000e+00,0.0000000000e+00,0.0000000000e+00,0.0000000000e+00,0.0000000000e+00,0.0000000000e+00
68953,2025-04-21 08:30:00,0.110106,12.029973,8.506832,1.004 omega + -0.050 omega^2 + -0.033 theta omega^2 + 0.118 omega^3,0.026 omega + -0.056 theta omega^2,0.0000000000e+00,0.0000000000e+00,2.6302301786e-02,0.0000000000e+00,0.0000000000e+00,0.0000000000e+00,0.0000000000e+00,0.0000000000e+00,-5.5771853450e-02,0.0000000000e+00
68954,2025-04-21 08:35:00,0.047620,3.926669,2.776778,0.997 omega + -0.015 omega^2,0.000,0.0000000000e+00,0.0000000000e+00,0.0000000000e+00,0.0000000000e+00,0.0000000000e+00,0.0000000000e+00,0.0000000000e+00,0.0000000000e+00,0.0000000000e+00,0.0000000000e+00
68955,2025-04-21 08:40:00,0.086209,10.582374,7.483117,0.001 1 + 1.033 omega + 0.236 omega^2 + 0.493 omega^3,0.000,0.0000000000e+00,0.0000000000e+00,0.0000000000e+00,0.0000000000e+00,0.0000000000e+00,0.0000000000e+00,0.0000000000e+00,0.0000000000e+00,0.0000000000e+00,0.0000000000e+00
68956,2025-04-21 08:45:00,0.047520,6.489996,4.589243,-0.003 1 + 0.914 omega + -0.625 omega^2 + -1.349 omega^3,0.000,0.0000000000e+00,0.0000000000e+00,0.0000000000e+00,0.0000000000e+00,0.0000000000e+00,0.0000000000e+00,0.0000000000e+00,0.0000000000e+00,0.0000000000e+00,0.0000000000e+00
68957,2025-04-21 08:50:00,0.081505,11.561390,8.175340,-0.006 1 + -0.002 theta + 0.919 omega + -0.022 theta omega + -0.189 omega^2 + -0.062 theta omega^2,0.000,0.0000000000e+00,0.0000000000e+00,0.0000000000e+00,0.0000000000e+00,0.0000000000e+00,0.0000000000e+00,0.0000000000e+00,0.0000000000e+00,0.0000000000e+00,0.0000000000e+00
68958,2025-04-21 08:55:00,0.087465,9.650322,6.824088,1.003 omega + -0.001 omega^2,0.000,0.0000000000e+00,0.0000000000e+00,0.0000000000e+00,0.0000000000e+00,0.0000000000e+00,0.0000000000e+00,0.0000000000e+00,0.0000000000e+00,0.0000000000e+00,0.0000000000e+00
68959,2025-04-21 09:00:00,0.098400,15.031934,10.629410,0.998 omega + 0.030 omega^2 + 0.002 theta omega^2,0.000,0.0000000000e+00,0.0000000000e+00,0.0000000000e+00,0.0000000000e+00,0.0000000000e+00,0.0000000000e+00,0.0000000000e+00,0.0000000000e+00,0.0000000000e+00,0.0000000000e+00
68960,2025-04-21 09:05:00,0.107477,11.040929,7.807486,0.995 omega + -0.025 omega^2,0.000,0.0000000000e+00,0.0000000000e+00,0.0000000000e+00,0.0000000000e+00,0.0000000000e+00,0.0000000000e+00,0.0000000000e+00,0.0000000000e+00,0.0000000000e+00,0.0000000000e+00
68961,2025-04-21 09:10:00,0.071596,6.304804,4.458457,1.009 omega + -0.126 omega^2 + -0.009 theta omega^2 + -0.722 omega^3,0.019 omega + -0.014 theta omega^2,0.0000000000e+00,0.0000000000e+00,1.8706227008e-02,0.0000000000e+00,0.0000000000e+00,0.0000000000e+00,0.0000000000e+00,0.0000000000e+00,-1.3540478071e-02,0.0000000000e+00
68962,2025-04-21 09:15:00,0.048202,1.635584,1.157035,1.001 omega + -0.011 theta omega^2,0.000,0.0000000000e+00,0.0000000000e+00,0.0000000000e+00,0.0000000000e+00,0.0000000000e+00,0.0000000000e+00,0.0000000000e+00,0.0000000000e+00,0.0000000000e+00,0.0000000000e+00
68963,2025-04-21 09:20:00,0.145939,22.374422,15.821442,0.999 omega + 0.104 omega^2 + -0.012 theta omega^2,0.000,0.0000000000e+00,0.0000000000e+00,0.0000000000e+00,0.0000000000e+00,0.0000000000e+00,0.0000000000e+00,0.0000000000e+00,0.0000000000e+00,0.0000000000e+00,0.0000000000e+00
68964,2025-04-21 09:25:00,0.096745,8.327585,5.888890,1.005 omega + 0.027 omega^2,0.000,0.0000000000e+00,0.0000000000e+00,0.0000000000e+00,0.0000000000e+00,0.0000000000e+00,0.0000000000e+00,0.0000000000e+00,0.0000000000e+00,0.0000000000e+00,0.0000000000e+00
68965,2025-04-21 09:30:00,0.040544,1.527541,1.080515,1.001 omega + 0.015 omega^2,0.015 omega + -0.018 theta omega^2,0.0000000000e+00,0.0000000000e+00,1.4710744904e-02,0.0000000000e+00,0.0000000000e+00,0.0000000000e+00,0.0000000000e+00,0.0000000000e+00,-1.8442738553e-02,0.0000000000e+00
68966,2025-04-21 09:35:00,0.072811,3.913153,2.767496,1.002 omega + -0.002 theta omega + -0.011 theta omega^2,0.000,0.0000000000e+00,0.0000000000e+00,0.0000000000e+00,0.0000000000e+00,0.0000000000e+00,0.0000000000e+00,0.0000000000e+00,0.0000000000e+00,0.0000000000e+00,0.0000000000e+00
68967,2025-04-21 09:40:00,0.033483,2.854937,2.018884,-0.001 1 + 0.982 omega + -0.083 omega^2 + -0.002 theta omega^2,0.000,0.0000000000e+00,0.0000000000e+00,0.0000000000e+00,0.0000000000e+00,0.0000000000e+00,0.0000000000e+00,0.0000000000e+00,0.0000000000e+00,0.0000000000e+00,0.0000000000e+00
68968,2025-04-21 09:45:00,0.161538,22.831718,16.144867,0.994 omega + -0.011 omega^2,0.000,0.0000000000e+00,0.0000000000e+00,0.0000000000e+00,0.0000000000e+00,0.0000000000e+00,0.0000000000e+00,0.0000000000e+00,0.0000000000e+00,0.0000000000e+00,0.0000000000e+00
68969,2025-04-21 09:50:00,0.199221,27.255776,19.273259,1.004 omega + 0.061 omega^2 + -0.524 omega^3,0.000,0.0000000000e+00,0.0000000000e+00,0.0000000000e+00,0.0000000000e+00,0.0000000000e+00,0.0000000000e+00,0.0000000000e+00,0.0000000000e+00,0.0000000000e+00,0.0000000000e+00
68970,2025-04-21 09:55:00,0.158211,23.050583,16.299608,0.996 omega + -0.056 omega^2 + -0.002 theta omega^2,0.000,0.0000000000e+00,0.0000000000e+00,0.0000000000e+00,0.0000000000e+00,0.0000000000e+00,0.0000000000e+00,0.0000000000e+00,0.0000000000e+00,0.0000000000e+00,0.0000000000e+00
68971,2025-04-21 10:00:00,0.040133,3.497566,2.473315,0.996 omega + -0.086 omega^2 + -0.006 theta omega^2,0.000,0.0000000000e+00,0.0000000000e+00,0.0000000000e+00,0.0000000000e+00,0.0000000000e+00,0.0000000000e+00,0.0000000000e+00,0.0000000000e+00,0.0000000000e+00,0.0000000000e+00
68972,2025-04-21 10:05:00,0.082312,8.891635,6.287605,1.013 omega + 0.123 omega^2 + 0.006 theta omega^2,0.000,0.0000000000e+00,0.0000000000e+00,0.0000000000e+00,0.0000000000e+00,0.0000000000e+00,0.0000000000e+00,0.0000000000e+00,0.0000000000e+00,0.0000000000e+00,0.0000000000e+00
68973,2025-04-21 10:10:00,0.064802,6.509099,4.602856,0.996 omega + -0.036 omega^2 + -0.002 theta omega^2,0.000,0.0000000000e+00,0.0000000000e+00,0.0000000000e+00,0.0000000000e+00,0.0000000000e+00,0.0000000000e+00,0.0000000000e+00,0.0000000000e+00,0.0000000000e+00,0.0000000000e+00
68974,2025-04-21 10:15:00,0.073395,11.218456,7.932816,1.031 omega + 0.001 theta omega + 0.216 omega^2 + 0.007 theta omega^2 + 0.106 omega^3,0.000,0.0000000000e+00,0.0000000000e+00,0.0000000000e+00,0.0000000000e+00,0.0000000000e+00,0.0000000000e+00,0.0000000000e+00,0.0000000000e+00,0.0000000000e+00,0.0000000000e+00
68975,2025-04-21 10:20:00,0.113602,14.216742,10.053075,0.993 omega + 0.003 theta omega + 0.034 omega^2 + -0.067 theta omega^2,0.000,0.0000000000e+00,0.0000000000e+00,0.0000000000e+00,0.0000000000e+00,0.0000000000e+00,0.0000000000e+00,0.0000000000e+00,0.0000000000e+00,0.0000000000e+00,0.0000000000e+00
68976,2025-04-21 10:25:00,0.039597,1.113028,0.787527,1.002 omega + 0.009 omega^2 + -0.001 theta omega^2,0.000,0.0000000000e+00,0.0000000000e+00,0.0000000000e+00,0.0000000000e+00,0.0000000000e+00,0.0000000000e+00,0.0000000000e+00,0.0000000000e+00,0.0000000000e+00,0.0000000000e+00
68977,2025-04-21 10:30:00,0.039644,2.861807,2.023797,1.010 omega + 0.001 theta omega + 0.025 omega^2,0.000,0.0000000000e+00,0.0000000000e+00,0.0000000000e+00,0.0000000000e+00,0.0000000000e+00,0.0000000000e+00,0.0000000000e+00,0.0000000000e+00,0.0000000000e+00,0.0000000000e+00
68978,2025-04-21 10:35:00,0.078412,7.965968,5.633063,1.002 omega + 0.003 omega^2,0.000,0.0000000000e+00,0.0000000000e+00,0.0000000000e+00,0.0000000000e+00,0.0000000000e+00,0.0000000000e+00,0.0000000000e+00,0.0000000000e+00,0.0000000000e+00,0.0000000000e+00
68979,2025-04-21 10:40:00,0.068025,8.601385,6.082288,1.000 omega + 0.001 theta omega,0.000,0.0000000000e+00,0.0000000000e+00,0.0000000000e+00,0.0000000000e+00,0.0000000000e+00,0.0000000000e+00,0.0000000000e+00,0.0000000000e+00,0.0000000000e+00,0.0000000000e+00
68980,2025-04-21 10:45:00,0.061158,6.017999,4.255588,1.000 omega + -0.002 theta omega + 0.016 omega^2,0.000,0.0000000000e+00,0.0000000000e+00,0.0000000000e+00,0.0000000000e+00,0.0000000000e+00,0.0000000000e+00,0.0000000000e+00,0.0000000000e+00,0.0000000000e+00,0.0000000000e+00
68981,2025-04-21 10:50:00,0.051068,3.624866,2.563421,0.996 omega + -0.028 omega^2,0.000,0.0000000000e+00,0.0000000000e+00,0.0000000000e+00,0.0000000000e+00,0.0000000000e+00,0.0000000000e+00,0.0000000000e+00,0.0000000000e+00,0.0000000000e+00,0.0000000000e+00
68982,2025-04-21 10:55:00,0.095733,4.847671,3.428489,1.010 omega + -0.001 theta omega + -0.022 omega^2,0.000,0.0000000000e+00,0.0000000000e+00,0.0000000000e+00,0.0000000000e+00,0.0000000000e+00,0.0000000000e+00,0.0000000000e+00,0.0000000000e+00,0.0000000000e+00,0.0000000000e+00
68983,2025-04-21 11:00:00,0.153273,22.795712,16.119367,0.999 omega + -0.009 omega^2,0.000,0.0000000000e+00,0.0000000000e+00,0.0000000000e+00,0.0000000000e+00,0.0000000000e+00,0.0000000000e+00,0.0000000000e+00,0.0000000000e+00,0.0000000000e+00,0.0000000000e+00
68984,2025-04-21 11:05:00,0.033995,2.500893,1.768562,0.993 omega + -0.001 theta omega + -0.193 omega^2 + -0.022 theta omega^2,0.000,0.0000000000e+00,0.0000000000e+00,0.0000000000e+00,0.0000000000e+00,0.0000000000e+00,0.0000000000e+00,0.0000000000e+00,0.0000000000e+00,0.0000000000e+00,0.0000000000e+00
68985,2025-04-21 11:10:00,0.187611,26.689858,18.873046,1.006 omega + -0.015 theta omega^2 + -0.410 omega^3,0.000,0.0000000000e+00,0.0000000000e+00,0.0000000000e+00,0.0000000000e+00,0.0000000000e+00,0.0000000000e+00,0.0000000000e+00,0.0000000000e+00,0.0000000000e+00,0.0000000000e+00
68986,2025-04-21 11:15:00,0.051202,6.775276,4.790981,1.007 omega + 0.053 omega^2,0.000,0.0000000000e+00,0.0000000000e+00,0.0000000000e+00,0.0000000000e+00,0.0000000000e+00,0.0000000000e+00,0.0000000000e+00,0.0000000000e+00,0.0000000000e+00,0.0000000000e+00
68987,2025-04-21 11:20:00,0.060254,6.715868,4.749027,1.000 omega + 0.002 omega^2,0.000,0.0000000000e+00,0.0000000000e+00,0.0000000000e+00,0.0000000000e+00,0.0000000000e+00,0.0000000000e+00,0.0000000000e+00,0.0000000000e+00,0.0000000000e+00,0.0000000000e+00
68988,2025-04-21 11:25:00,0.129487,19.290806,13.640967,0.999 omega + -0.006 theta omega^2,0.000,0.0000000000e+00,0.0000000000e+00,0.0000000000e+00,0.0000000000e+00,0.0000000000e+00,0.0000000000e+00,0.0000000000e+00,0.0000000000e+00,0.0000000000e+00,0.0000000000e+00
68989,2025-04-21 11:30:00,0.060437,6.019289,4.256494,1.008 omega + -0.005 theta omega^2,0.000,0.0000000000e+00,0.0000000000e+00,0.0000000000e+00,0.0000000000e+00,0.0000000000e+00,0.0000000000e+00,0.0000000000e+00,0.0000000000e+00,0.0000000000e+00,0.0000000000e+00
68990,2025-04-21 11:35:00,0.046548,3.289190,2.326041,1.005 omega + -0.001 theta omega + 0.034 omega^2,0.000,0.0000000000e+00,0.0000000000e+00,0.0000000000e+00,0.0000000000e+00,0.0000000000e+00,0.0000000000e+00,0.0000000000e+00,0.0000000000e+00,0.0000000000e+00,0.0000000000e+00
68991,2025-04-21 11:40:00,0.089593,11.133703,7.872971,1.001 omega,0.000,0.0000000000e+00,0.0000000000e+00,0.0000000000e+00,0.0000000000e+00,0.0000000000e+00,0.0000000000e+00,0.0000000000e+00,0.0000000000e+00,0.0000000000e+00,0.0000000000e+00
68992,2025-04-21 11:45:00,0.060077,3.983479,2.817066,1.008 omega + 0.001 theta omega + 0.003 theta omega^2,0.000,0.0000000000e+00,0.0000000000e+00,0.0000000000e+00,0.0000000000e+00,0.0000000000e+00,0.0000000000e+00,0.0000000000e+00,0.0000000000e+00,0.0000000000e+00,0.0000000000e+00
68993,2025-04-21 11:50:00,0.098469,9.952256,7.037652,1.000 omega + -0.003 theta omega^2,0.000,0.0000000000e+00,0.0000000000e+00,0.0000000000e+00,0.0000000000e+00,0.0000000000e+00,0.0000000000e+00,0.0000000000e+00,0.0000000000e+00,0.0000000000e+00,0.0000000000e+00
68994,2025-04-21 11:55:00,0.062865,2.921021,2.065952,1.000 omega + -0.016 theta omega^2,-0.033 theta omega^2,0.0000000000e+00,0.0000000000e+00,0.0000000000e+00,0.0000000000e+00,0.0000000000e+00,0.0000000000e+00,0.0000000000e+00,0.0000000000e+00,-3.3125079731e-02,0.0000000000e+00
68995,2025-04-21 12:00:00,0.119203,16.092978,11.379766,0.998 omega + 0.038 omega^2,0.000,0.0000000000e+00,0.0000000000e+00,0.0000000000e+00,0.0000000000e+00,0.0000000000e+00,0.0000000000e+00,0.0000000000e+00,0.0000000000e+00,0.0000000000e+00,0.0000000000e+00
68996,2025-04-21 12:05:00,0.066063,7.431594,5.255138,1.006 omega + -0.005 theta omega^2,0.000,0.0000000000e+00,0.0000000000e+00,0.0000000000e+00,0.0000000000e+00,0.0000000000e+00,0.0000000000e+00,0.0000000000e+00,0.0000000000e+00,0.0000000000e+00,0.0000000000e+00
68997,2025-04-21 12:10:00,0.130209,19.998400,14.141304,0.997 omega + 0.117 omega^2 + -0.041 theta omega^2,0.000,0.0000000000e+00,0.0000000000e+00,0.0000000000e+00,0.0000000000e+00,0.0000000000e+00,0.0000000000e+00,0.0000000000e+00,0.0000000000e+00,0.0000000000e+00,0.0000000000e+00
68998,2025-04-21 12:15:00,0.118132,15.896122,11.240566,1.003 omega + -0.077 omega^2,0.000,0.0000000000e+00,0.0000000000e+00,0.0000000000e+00,0.0000000000e+00,0.0000000000e+00,0.0000000000e+00,0.0000000000e+00,0.0000000000e+00,0.0000000000e+00,0.0000000000e+00
68999,2025-04-21 12:20:00,0.061392,6.636858,4.693168,0.998 omega,0.000,0.0000000000e+00,0.0000000000e+00,0.0000000000e+00,0.0000000000e+00,0.0000000000e+00,0.0000000000e+00,0.0000000000e+00,0.0000000000e+00,0.0000000000e+00,0.0000000000e+00
