Chunk_Index,Chunk_Start_Time,Sim_RMSE_Omega,Sim_RMSE_Theta,Sim_RMSE_Total,Eq_Theta,Eq_Omega,Coeff_Const,Coeff_Theta,Coeff_Omega,Coeff_Theta2,Coeff_ThetaOmega,Coeff_Omega2,Coeff_Theta3,Coeff_Theta2Omega,Coeff_ThetaOmega2,Coeff_Omega3
4500,2024-08-30 17:40:00,0.085055,4.506679,3.187270,1.007 omega + 0.032 omega^2 + -0.002 theta omega^2 + -0.509 omega^3,0.000,0.0000000000e+00,0.0000000000e+00,0.0000000000e+00,0.0000000000e+00,0.0000000000e+00,0.0000000000e+00,0.0000000000e+00,0.0000000000e+00,0.0000000000e+00,0.0000000000e+00
4501,2024-08-30 17:45:00,0.054047,7.277720,5.146267,-0.008 1 + 1.083 omega + -0.198 omega^2 + 0.001 theta omega^2,0.000,0.0000000000e+00,0.0000000000e+00,0.0000000000e+00,0.0000000000e+00,0.0000000000e+00,0.0000000000e+00,0.0000000000e+00,0.0000000000e+00,0.0000000000e+00,0.0000000000e+00
4502,2024-08-30 17:50:00,0.062769,8.867343,6.270316,1.008 omega + -0.047 omega^2,0.000,0.0000000000e+00,0.0000000000e+00,0.0000000000e+00,0.0000000000e+00,0.0000000000e+00,0.0000000000e+00,0.0000000000e+00,0.0000000000e+00,0.0000000000e+00,0.0000000000e+00
4503,2024-08-30 17:55:00,0.043810,7.200809,5.091835,0.001 1 + 0.993 omega + 0.024 omega^2,0.000,0.0000000000e+00,0.0000000000e+00,0.0000000000e+00,0.0000000000e+00,0.0000000000e+00,0.0000000000e+00,0.0000000000e+00,0.0000000000e+00,0.0000000000e+00,0.0000000000e+00
4504,2024-08-30 18:00:00,0.078429,8.438870,5.967440,1.003 omega + 0.034 omega^2 + -0.007 theta omega^2,0.000,0.0000000000e+00,0.0000000000e+00,0.0000000000e+00,0.0000000000e+00,0.0000000000e+00,0.0000000000e+00,0.0000000000e+00,0.0000000000e+00,0.0000000000e+00,0.0000000000e+00
4505,2024-08-30 18:05:00,0.034861,2.302537,1.628326,-0.001 1 + 1.012 omega + -0.039 omega^2,0.000,0.0000000000e+00,0.0000000000e+00,0.0000000000e+00,0.0000000000e+00,0.0000000000e+00,0.0000000000e+00,0.0000000000e+00,0.0000000000e+00,0.0000000000e+00,0.0000000000e+00
4506,2024-08-30 18:10:00,0.045064,4.305293,3.044468,0.985 omega + 0.078 omega^2,0.000,0.0000000000e+00,0.0000000000e+00,0.0000000000e+00,0.0000000000e+00,0.0000000000e+00,0.0000000000e+00,0.0000000000e+00,0.0000000000e+00,0.0000000000e+00,0.0000000000e+00
4507,2024-08-30 18:15:00,0.054832,2.449280,1.732337,1.003 omega + -0.003 theta omega^2,0.000,0.0000000000e+00,0.0000000000e+00,0.0000000000e+00,0.0000000000e+00,0.0000000000e+00,0.0000000000e+00,0.0000000000e+00,0.0000000000e+00,0.0000000000e+00,0.0000000000e+00
4508,2024-08-30 18:20:00,0.026890,3.103714,2.194740,0.022 1 + 1.256 omega + -0.001 theta omega + 0.887 omega^2 + -0.008 theta omega^2 + 0.933 omega^3,0.000,0.0000000000e+00,0.0000000000e+00,0.0000000000e+00,0.0000000000e+00,0.0000000000e+00,0.0000000000e+00,0.0000000000e+00,0.0000000000e+00,0.0000000000e+00,0.0000000000e+00
4509,2024-08-30 18:25:00,0.200629,23.678966,16.744158,0.999 omega + 0.020 omega^2,0.000,0.0000000000e+00,0.0000000000e+00,0.0000000000e+00,0.0000000000e+00,0.0000000000e+00,0.0000000000e+00,0.0000000000e+00,0.0000000000e+00,0.0000000000e+00,0.0000000000e+00
4510,2024-08-30 18:30:00,0.050924,2.594110,1.834666,1.007 omega + -0.046 omega^2 + 0.004 theta omega^2,0.000,0.0000000000e+00,0.0000000000e+00,0.0000000000e+00,0.0000000000e+00,0.0000000000e+00,0.0000000000e+00,0.0000000000e+00,0.0000000000e+00,0.0000000000e+00,0.0000000000e+00
4511,2024-08-30 18:35:00,0.065853,6.272306,4.435435,1.000 omega + 0.001 theta omega^2,0.000,0.0000000000e+00,0.0000000000e+00,0.0000000000e+00,0.0000000000e+00,0.0000000000e+00,0.0000000000e+00,0.0000000000e+00,0.0000000000e+00,0.0000000000e+00,0.0000000000e+00
4512,2024-08-30 18:40:00,0.113661,5.395636,3.816137,1.002 omega + -0.019 omega^3,0.000,0.0000000000e+00,0.0000000000e+00,0.0000000000e+00,0.0000000000e+00,0.0000000000e+00,0.0000000000e+00,0.0000000000e+00,0.0000000000e+00,0.0000000000e+00,0.0000000000e+00
4513,2024-08-30 18:45:00,0.191170,15.942070,11.273557,1.000 omega + 0.012 omega^2,0.000,0.0000000000e+00,0.0000000000e+00,0.0000000000e+00,0.0000000000e+00,0.0000000000e+00,0.0000000000e+00,0.0000000000e+00,0.0000000000e+00,0.0000000000e+00,0.0000000000e+00
4514,2024-08-30 18:50:00,0.023283,1.544911,1.092541,0.004 1 + 0.955 omega + 0.125 omega^2,0.000,0.0000000000e+00,0.0000000000e+00,0.0000000000e+00,0.0000000000e+00,0.0000000000e+00,0.0000000000e+00,0.0000000000e+00,0.0000000000e+00,0.0000000000e+00,0.0000000000e+00
4515,2024-08-30 18:55:00,0.036818,4.792690,3.389044,-0.002 1 + 1.030 omega + -0.088 omega^2,0.000,0.0000000000e+00,0.0000000000e+00,0.0000000000e+00,0.0000000000e+00,0.0000000000e+00,0.0000000000e+00,0.0000000000e+00,0.0000000000e+00,0.0000000000e+00,0.0000000000e+00
4516,2024-08-30 19:00:00,0.093007,9.964946,7.046588,0.996 omega + 0.013 omega^2,0.000,0.0000000000e+00,0.0000000000e+00,0.0000000000e+00,0.0000000000e+00,0.0000000000e+00,0.0000000000e+00,0.0000000000e+00,0.0000000000e+00,0.0000000000e+00,0.0000000000e+00
4517,2024-08-30 19:05:00,0.046466,2.774117,1.961872,1.000 omega,0.000,0.0000000000e+00,0.0000000000e+00,0.0000000000e+00,0.0000000000e+00,0.0000000000e+00,0.0000000000e+00,0.0000000000e+00,0.0000000000e+00,0.0000000000e+00,0.0000000000e+00
4518,2024-08-30 19:10:00,0.131066,7.341742,5.192223,1.007 omega + -0.045 omega^2 + -0.374 omega^3,-0.023 omega^2,0.0000000000e+00,0.0000000000e+00,0.0000000000e+00,0.0000000000e+00,0.0000000000e+00,-2.3398645086e-02,0.0000000000e+00,0.0000000000e+00,0.0000000000e+00,0.0000000000e+00
4519,2024-08-30 19:15:00,0.085817,10.681974,7.553540,-0.001 1 + 0.983 omega + -0.051 omega^2 + -0.001 theta omega^2,0.000,0.0000000000e+00,0.0000000000e+00,0.0000000000e+00,0.0000000000e+00,0.0000000000e+00,0.0000000000e+00,0.0000000000e+00,0.0000000000e+00,0.0000000000e+00,0.0000000000e+00
4520,2024-08-30 19:20:00,0.027698,2.742770,1.939530,0.999 omega,0.000,0.0000000000e+00,0.0000000000e+00,0.0000000000e+00,0.0000000000e+00,0.0000000000e+00,0.0000000000e+00,0.0000000000e+00,0.0000000000e+00,0.0000000000e+00,0.0000000000e+00
4521,2024-08-30 19:25:00,0.111635,12.300801,8.698338,0.992 omega + -0.040 omega^2,0.000,0.0000000000e+00,0.0000000000e+00,0.0000000000e+00,0.0000000000e+00,0.0000000000e+00,0.0000000000e+00,0.0000000000e+00,0.0000000000e+00,0.0000000000e+00,0.0000000000e+00
4522,2024-08-30 19:30:00,0.092702,13.311439,9.412837,1.008 omega + -0.016 omega^2 + -0.005 theta omega^2,0.000,0.0000000000e+00,0.0000000000e+00,0.0000000000e+00,0.0000000000e+00,0.0000000000e+00,0.0000000000e+00,0.0000000000e+00,0.0000000000e+00,0.0000000000e+00,0.0000000000e+00
4523,2024-08-30 19:35:00,0.098417,10.366665,7.330670,0.998 omega + 0.028 omega^2 + -0.003 theta omega^2,0.000,0.0000000000e+00,0.0000000000e+00,0.0000000000e+00,0.0000000000e+00,0.0000000000e+00,0.0000000000e+00,0.0000000000e+00,0.0000000000e+00,0.0000000000e+00,0.0000000000e+00
4524,2024-08-30 19:40:00,0.054274,2.758784,1.951132,-0.011 1 + 0.002 theta + 1.118 omega + -0.025 theta omega + -0.291 omega^2 + 0.067 theta omega^2,0.000,0.0000000000e+00,0.0000000000e+00,0.0000000000e+00,0.0000000000e+00,0.0000000000e+00,0.0000000000e+00,0.0000000000e+00,0.0000000000e+00,0.0000000000e+00,0.0000000000e+00
4525,2024-08-30 19:50:00,0.065185,4.806986,3.399365,1.005 omega + -0.003 omega^2 + -0.001 theta omega^2,0.000,0.0000000000e+00,0.0000000000e+00,0.0000000000e+00,0.0000000000e+00,0.0000000000e+00,0.0000000000e+00,0.0000000000e+00,0.0000000000e+00,0.0000000000e+00,0.0000000000e+00
4526,2024-08-30 19:55:00,0.108196,20.036889,14.168426,0.999 omega + -0.004 theta omega + -0.038 omega^2 + 0.001 theta^2 omega,0.000,0.0000000000e+00,0.0000000000e+00,0.0000000000e+00,0.0000000000e+00,0.0000000000e+00,0.0000000000e+00,0.0000000000e+00,0.0000000000e+00,0.0000000000e+00,0.0000000000e+00
4527,2024-08-30 20:00:00,0.100316,6.750174,4.773621,0.997 omega + 0.001 theta omega + -0.013 omega^2,0.000,0.0000000000e+00,0.0000000000e+00,0.0000000000e+00,0.0000000000e+00,0.0000000000e+00,0.0000000000e+00,0.0000000000e+00,0.0000000000e+00,0.0000000000e+00,0.0000000000e+00
4528,2024-08-30 20:05:00,0.132865,13.075280,9.246096,1.003 omega + 0.035 omega^2,0.000,0.0000000000e+00,0.0000000000e+00,0.0000000000e+00,0.0000000000e+00,0.0000000000e+00,0.0000000000e+00,0.0000000000e+00,0.0000000000e+00,0.0000000000e+00,0.0000000000e+00
4529,2024-08-30 20:10:00,0.078313,10.636568,7.521393,0.001 1 + 0.986 omega + 0.088 omega^2 + -0.001 theta omega^2,0.000,0.0000000000e+00,0.0000000000e+00,0.0000000000e+00,0.0000000000e+00,0.0000000000e+00,0.0000000000e+00,0.0000000000e+00,0.0000000000e+00,0.0000000000e+00,0.0000000000e+00
4530,2024-08-30 20:15:00,0.063343,6.657919,4.708073,1.000 omega + -0.002 omega^2,0.000,0.0000000000e+00,0.0000000000e+00,0.0000000000e+00,0.0000000000e+00,0.0000000000e+00,0.0000000000e+00,0.0000000000e+00,0.0000000000e+00,0.0000000000e+00,0.0000000000e+00
4531,2024-08-30 20:20:00,0.039176,2.750651,1.945201,0.004 1 + 0.971 omega + -0.001 theta omega + 0.052 omega^2 + 0.003 theta omega^2,0.000,0.0000000000e+00,0.0000000000e+00,0.0000000000e+00,0.0000000000e+00,0.0000000000e+00,0.0000000000e+00,0.0000000000e+00,0.0000000000e+00,0.0000000000e+00,0.0000000000e+00
4532,2024-08-30 20:25:00,0.162402,20.910202,14.786192,1.001 omega + 0.003 omega^2,0.000,0.0000000000e+00,0.0000000000e+00,0.0000000000e+00,0.0000000000e+00,0.0000000000e+00,0.0000000000e+00,0.0000000000e+00,0.0000000000e+00,0.0000000000e+00,0.0000000000e+00
4533,2024-08-30 20:30:00,0.103147,12.209816,8.633952,0.998 omega + 0.003 omega^2 + 0.003 theta omega^2,0.000,0.0000000000e+00,0.0000000000e+00,0.0000000000e+00,0.0000000000e+00,0.0000000000e+00,0.0000000000e+00,0.0000000000e+00,0.0000000000e+00,0.0000000000e+00,0.0000000000e+00
4534,2024-08-30 20:35:00,0.109847,7.027071,4.969497,0.999 omega,0.000,0.0000000000e+00,0.0000000000e+00,0.0000000000e+00,0.0000000000e+00,0.0000000000e+00,0.0000000000e+00,0.0000000000e+00,0.0000000000e+00,0.0000000000e+00,0.0000000000e+00
4535,2024-08-30 20:40:00,0.103612,10.272375,7.264035,1.001 omega + 0.078 omega^2 + -0.020 theta omega^2,0.039 omega^2,0.0000000000e+00,0.0000000000e+00,0.0000000000e+00,0.0000000000e+00,0.0000000000e+00,3.8852299445e-02,0.0000000000e+00,0.0000000000e+00,0.0000000000e+00,0.0000000000e+00
4536,2024-08-30 20:45:00,0.061896,8.400549,5.940246,-0.001 1 + 0.994 omega + 0.001 theta omega + 0.324 omega^2 + -0.012 theta omega^2 + -0.871 omega^3,0.000,0.0000000000e+00,0.0000000000e+00,0.0000000000e+00,0.0000000000e+00,0.0000000000e+00,0.0000000000e+00,0.0000000000e+00,0.0000000000e+00,0.0000000000e+00,0.0000000000e+00
4537,2024-08-30 20:50:00,0.143362,19.497125,13.786922,1.001 omega + -0.004 omega^2,0.000,0.0000000000e+00,0.0000000000e+00,0.0000000000e+00,0.0000000000e+00,0.0000000000e+00,0.0000000000e+00,0.0000000000e+00,0.0000000000e+00,0.0000000000e+00,0.0000000000e+00
4538,2024-08-30 20:55:00,0.049943,4.174416,2.951969,1.001 omega + 0.011 omega^2,0.000,0.0000000000e+00,0.0000000000e+00,0.0000000000e+00,0.0000000000e+00,0.0000000000e+00,0.0000000000e+00,0.0000000000e+00,0.0000000000e+00,0.0000000000e+00,0.0000000000e+00
4539,2024-08-30 21:00:00,0.087192,8.609101,6.087866,0.997 omega + -0.011 theta omega + 0.080 omega^2 + -0.002 theta^2 omega + 0.006 theta omega^2,0.000,0.0000000000e+00,0.0000000000e+00,0.0000000000e+00,0.0000000000e+00,0.0000000000e+00,0.0000000000e+00,0.0000000000e+00,0.0000000000e+00,0.0000000000e+00,0.0000000000e+00
4540,2024-08-30 21:05:00,0.098592,7.623039,5.390754,0.998 omega + 0.006 omega^2,0.000,0.0000000000e+00,0.0000000000e+00,0.0000000000e+00,0.0000000000e+00,0.0000000000e+00,0.0000000000e+00,0.0000000000e+00,0.0000000000e+00,0.0000000000e+00,0.0000000000e+00
4541,2024-08-30 21:10:00,0.172974,17.489983,12.367891,1.008 omega + -0.094 omega^2 + -0.699 omega^3,0.000,0.0000000000e+00,0.0000000000e+00,0.0000000000e+00,0.0000000000e+00,0.0000000000e+00,0.0000000000e+00,0.0000000000e+00,0.0000000000e+00,0.0000000000e+00,0.0000000000e+00
4542,2024-08-30 21:15:00,0.172344,22.147063,15.660813,1.000 omega + 0.013 omega^3,0.034 omega^2,0.0000000000e+00,0.0000000000e+00,0.0000000000e+00,0.0000000000e+00,0.0000000000e+00,3.4070201478e-02,0.0000000000e+00,0.0000000000e+00,0.0000000000e+00,0.0000000000e+00
4543,2024-08-30 21:20:00,0.048069,2.326142,1.645182,1.010 omega + -0.002 theta omega + -0.071 omega^2 + -0.001 theta^2 omega + -0.062 theta omega^2,0.000,0.0000000000e+00,0.0000000000e+00,0.0000000000e+00,0.0000000000e+00,0.0000000000e+00,0.0000000000e+00,0.0000000000e+00,0.0000000000e+00,0.0000000000e+00,0.0000000000e+00
4544,2024-08-30 21:25:00,0.079796,2.815403,1.991590,1.001 omega + 0.050 omega^2 + -0.022 theta omega^2 + 0.247 omega^3,0.009 omega + 0.139 omega^2 + -0.042 theta omega^2,0.0000000000e+00,0.0000000000e+00,8.9398236693e-03,0.0000000000e+00,0.0000000000e+00,1.3910846935e-01,0.0000000000e+00,0.0000000000e+00,-4.1985475052e-02,0.0000000000e+00
4545,2024-08-30 21:30:00,nan,nan,nan,1.016 omega + 0.001 theta omega + 0.158 omega^2 + -0.005 theta omega^2 + -0.685 omega^3,0.017 omega + -0.036 omega^2,0.0000000000e+00,0.0000000000e+00,1.6713825271e-02,0.0000000000e+00,0.0000000000e+00,-3.5983430099e-02,0.0000000000e+00,0.0000000000e+00,0.0000000000e+00,0.0000000000e+00
4546,2024-08-30 21:35:00,0.067578,8.767738,6.199911,-0.021 1 + 1.303 omega + -1.437 omega^2 + 2.215 omega^3,0.000,0.0000000000e+00,0.0000000000e+00,0.0000000000e+00,0.0000000000e+00,0.0000000000e+00,0.0000000000e+00,0.0000000000e+00,0.0000000000e+00,0.0000000000e+00,0.0000000000e+00
4547,2024-08-30 21:40:00,0.011675,0.592672,0.419164,0.004 1 + 0.948 omega + 0.172 omega^2 + -0.002 theta omega^2,0.000,0.0000000000e+00,0.0000000000e+00,0.0000000000e+00,0.0000000000e+00,0.0000000000e+00,0.0000000000e+00,0.0000000000e+00,0.0000000000e+00,0.0000000000e+00,0.0000000000e+00
4548,2024-08-30 21:45:00,0.062585,5.101520,3.607591,0.991 omega + 0.055 omega^2,0.000,0.0000000000e+00,0.0000000000e+00,0.0000000000e+00,0.0000000000e+00,0.0000000000e+00,0.0000000000e+00,0.0000000000e+00,0.0000000000e+00,0.0000000000e+00,0.0000000000e+00
4549,2024-08-30 21:50:00,0.124421,5.834351,4.126447,1.005 omega + 0.019 omega^2 + -0.191 omega^3,0.030 omega^2,0.0000000000e+00,0.0000000000e+00,0.0000000000e+00,0.0000000000e+00,0.0000000000e+00,2.9639954138e-02,0.0000000000e+00,0.0000000000e+00,0.0000000000e+00,0.0000000000e+00
4550,2024-08-30 21:55:00,0.110065,13.309350,9.411454,0.001 1 + 0.995 omega + 0.005 omega^2,0.000,0.0000000000e+00,0.0000000000e+00,0.0000000000e+00,0.0000000000e+00,0.0000000000e+00,0.0000000000e+00,0.0000000000e+00,0.0000000000e+00,0.0000000000e+00,0.0000000000e+00
4551,2024-08-30 22:00:00,0.353066,40.837955,28.877874,1.000 omega + -0.004 omega^3,0.000,0.0000000000e+00,0.0000000000e+00,0.0000000000e+00,0.0000000000e+00,0.0000000000e+00,0.0000000000e+00,0.0000000000e+00,0.0000000000e+00,0.0000000000e+00,0.0000000000e+00
4552,2024-08-30 22:05:00,0.100889,9.392785,6.642085,1.000 omega + 0.007 omega^2,0.000,0.0000000000e+00,0.0000000000e+00,0.0000000000e+00,0.0000000000e+00,0.0000000000e+00,0.0000000000e+00,0.0000000000e+00,0.0000000000e+00,0.0000000000e+00,0.0000000000e+00
4553,2024-08-30 22:10:00,0.077741,4.813110,3.403827,1.006 omega + 0.001 theta omega + -0.135 omega^2 + -0.011 theta omega^2,0.000,0.0000000000e+00,0.0000000000e+00,0.0000000000e+00,0.0000000000e+00,0.0000000000e+00,0.0000000000e+00,0.0000000000e+00,0.0000000000e+00,0.0000000000e+00,0.0000000000e+00
4554,2024-08-30 22:15:00,0.105916,17.640300,12.473801,1.005 omega + 0.066 omega^2 + 0.217 omega^3,0.000,0.0000000000e+00,0.0000000000e+00,0.0000000000e+00,0.0000000000e+00,0.0000000000e+00,0.0000000000e+00,0.0000000000e+00,0.0000000000e+00,0.0000000000e+00,0.0000000000e+00
4555,2024-08-30 22:20:00,0.069804,8.316087,5.880569,1.008 omega + -0.019 omega^2 + -0.001 theta omega^2,0.000,0.0000000000e+00,0.0000000000e+00,0.0000000000e+00,0.0000000000e+00,0.0000000000e+00,0.0000000000e+00,0.0000000000e+00,0.0000000000e+00,0.0000000000e+00,0.0000000000e+00
4556,2024-08-30 22:25:00,0.026311,2.667214,1.886097,0.008 1 + 0.763 omega + 0.001 theta omega + 1.713 omega^2 + -0.005 theta omega^2 + -3.552 omega^3,0.000,0.0000000000e+00,0.0000000000e+00,0.0000000000e+00,0.0000000000e+00,0.0000000000e+00,0.0000000000e+00,0.0000000000e+00,0.0000000000e+00,0.0000000000e+00,0.0000000000e+00
4557,2024-08-30 22:30:00,0.051797,7.138392,5.047738,-0.004 1 + 1.006 omega + 0.005 theta omega + 0.175 omega^2 + -0.041 theta omega^2,0.000,0.0000000000e+00,0.0000000000e+00,0.0000000000e+00,0.0000000000e+00,0.0000000000e+00,0.0000000000e+00,0.0000000000e+00,0.0000000000e+00,0.0000000000e+00,0.0000000000e+00
4558,2024-08-30 22:35:00,0.075848,7.335308,5.187123,1.008 omega + 0.006 omega^2 + -0.006 theta omega^2,0.000,0.0000000000e+00,0.0000000000e+00,0.0000000000e+00,0.0000000000e+00,0.0000000000e+00,0.0000000000e+00,0.0000000000e+00,0.0000000000e+00,0.0000000000e+00,0.0000000000e+00
4559,2024-08-30 22:40:00,0.109624,15.509881,10.967416,1.000 omega + 0.001 omega^2,0.000,0.0000000000e+00,0.0000000000e+00,0.0000000000e+00,0.0000000000e+00,0.0000000000e+00,0.0000000000e+00,0.0000000000e+00,0.0000000000e+00,0.0000000000e+00,0.0000000000e+00
4560,2024-08-30 22:45:00,0.068990,5.474320,3.871236,1.006 omega + 0.049 omega^2,0.000,0.0000000000e+00,0.0000000000e+00,0.0000000000e+00,0.0000000000e+00,0.0000000000e+00,0.0000000000e+00,0.0000000000e+00,0.0000000000e+00,0.0000000000e+00,0.0000000000e+00
4561,2024-08-30 22:50:00,0.209669,30.590858,21.631511,0.999 omega + -0.084 omega^2 + -0.463 omega^3,0.000,0.0000000000e+00,0.0000000000e+00,0.0000000000e+00,0.0000000000e+00,0.0000000000e+00,0.0000000000e+00,0.0000000000e+00,0.0000000000e+00,0.0000000000e+00,0.0000000000e+00
4562,2024-08-30 22:55:00,0.089365,5.231125,3.699504,0.991 omega + -0.059 omega^2 + -0.083 omega^3,0.000,0.0000000000e+00,0.0000000000e+00,0.0000000000e+00,0.0000000000e+00,0.0000000000e+00,0.0000000000e+00,0.0000000000e+00,0.0000000000e+00,0.0000000000e+00,0.0000000000e+00
4563,2024-08-30 23:00:00,0.120592,12.826418,9.070048,1.006 omega + 0.016 omega^2 + -0.002 theta omega^2,0.000,0.0000000000e+00,0.0000000000e+00,0.0000000000e+00,0.0000000000e+00,0.0000000000e+00,0.0000000000e+00,0.0000000000e+00,0.0000000000e+00,0.0000000000e+00,0.0000000000e+00
4564,2024-08-30 23:05:00,0.112927,13.854748,9.797112,0.006 1 + 1.115 omega + 0.743 omega^2 + -0.005 theta omega^2 + 1.553 omega^3,0.000,0.0000000000e+00,0.0000000000e+00,0.0000000000e+00,0.0000000000e+00,0.0000000000e+00,0.0000000000e+00,0.0000000000e+00,0.0000000000e+00,0.0000000000e+00,0.0000000000e+00
4565,2024-08-30 23:10:00,0.081690,8.963852,6.338664,1.013 omega + -0.001 theta omega + 0.033 omega^2 + -0.012 theta omega^2,0.000,0.0000000000e+00,0.0000000000e+00,0.0000000000e+00,0.0000000000e+00,0.0000000000e+00,0.0000000000e+00,0.0000000000e+00,0.0000000000e+00,0.0000000000e+00,0.0000000000e+00
4566,2024-08-30 23:15:00,0.109334,15.491074,10.954116,0.994 omega + -0.001 theta omega + -0.001 omega^2,0.000,0.0000000000e+00,0.0000000000e+00,0.0000000000e+00,0.0000000000e+00,0.0000000000e+00,0.0000000000e+00,0.0000000000e+00,0.0000000000e+00,0.0000000000e+00,0.0000000000e+00
4567,2024-08-30 23:20:00,0.086146,7.908654,5.592595,0.996 omega + 0.002 omega^2 + 0.207 omega^3,-0.036 theta omega^2,0.0000000000e+00,0.0000000000e+00,0.0000000000e+00,0.0000000000e+00,0.0000000000e+00,0.0000000000e+00,0.0000000000e+00,0.0000000000e+00,-3.5718543441e-02,0.0000000000e+00
4568,2024-08-30 23:25:00,0.147904,18.810046,13.301122,1.001 omega + 0.016 omega^2 + -0.225 omega^3,0.000,0.0000000000e+00,0.0000000000e+00,0.0000000000e+00,0.0000000000e+00,0.0000000000e+00,0.0000000000e+00,0.0000000000e+00,0.0000000000e+00,0.0000000000e+00,0.0000000000e+00
4569,2024-08-30 23:30:00,0.205347,28.470241,20.132024,1.001 omega + -0.031 omega^2 + -0.227 omega^3,0.000,0.0000000000e+00,0.0000000000e+00,0.0000000000e+00,0.0000000000e+00,0.0000000000e+00,0.0000000000e+00,0.0000000000e+00,0.0000000000e+00,0.0000000000e+00,0.0000000000e+00
4570,2024-08-30 23:35:00,0.145911,18.910446,13.372103,1.001 omega + 0.078 omega^2 + -0.011 theta omega^2,0.000,0.0000000000e+00,0.0000000000e+00,0.0000000000e+00,0.0000000000e+00,0.0000000000e+00,0.0000000000e+00,0.0000000000e+00,0.0000000000e+00,0.0000000000e+00,0.0000000000e+00
4571,2024-08-30 23:40:00,0.068233,7.534148,5.327665,0.999 omega + -0.031 omega^2,-0.025 theta omega^2,0.0000000000e+00,0.0000000000e+00,0.0000000000e+00,0.0000000000e+00,0.0000000000e+00,0.0000000000e+00,0.0000000000e+00,0.0000000000e+00,-2.5048677525e-02,0.0000000000e+00
4572,2024-08-30 23:45:00,0.060050,3.757209,2.657088,1.003 omega + 0.036 omega^2 + -0.033 theta omega^2,-0.045 theta omega^2,0.0000000000e+00,0.0000000000e+00,0.0000000000e+00,0.0000000000e+00,0.0000000000e+00,0.0000000000e+00,0.0000000000e+00,0.0000000000e+00,-4.5009152255e-02,0.0000000000e+00
4573,2024-08-30 23:50:00,0.078078,5.823955,4.118528,1.007 omega + -0.005 theta omega + -0.003 omega^2 + 0.001 theta^2 omega,0.438 omega^2 + -0.114 theta omega^2,0.0000000000e+00,0.0000000000e+00,0.0000000000e+00,0.0000000000e+00,0.0000000000e+00,4.3838758850e-01,0.0000000000e+00,0.0000000000e+00,-1.1422653943e-01,0.0000000000e+00
4574,2024-08-30 23:55:00,0.103483,13.388805,9.467598,0.997 omega,0.000,0.0000000000e+00,0.0000000000e+00,0.0000000000e+00,0.0000000000e+00,0.0000000000e+00,0.0000000000e+00,0.0000000000e+00,0.0000000000e+00,0.0000000000e+00,0.0000000000e+00
4575,2024-08-31 00:00:00,0.332801,41.125071,29.080769,1.002 omega + -0.012 omega^2 + -0.042 omega^3,0.000,0.0000000000e+00,0.0000000000e+00,0.0000000000e+00,0.0000000000e+00,0.0000000000e+00,0.0000000000e+00,0.0000000000e+00,0.0000000000e+00,0.0000000000e+00,0.0000000000e+00
4576,2024-08-31 00:05:00,0.112163,13.402828,9.477562,0.997 omega + -0.002 omega^2,0.000,0.0000000000e+00,0.0000000000e+00,0.0000000000e+00,0.0000000000e+00,0.0000000000e+00,0.0000000000e+00,0.0000000000e+00,0.0000000000e+00,0.0000000000e+00,0.0000000000e+00
4577,2024-08-31 00:10:00,0.105420,12.123115,8.572661,1.001 omega + -0.003 theta omega^2,0.000,0.0000000000e+00,0.0000000000e+00,0.0000000000e+00,0.0000000000e+00,0.0000000000e+00,0.0000000000e+00,0.0000000000e+00,0.0000000000e+00,0.0000000000e+00,0.0000000000e+00
4578,2024-08-31 00:15:00,0.039035,2.222502,1.571789,1.000 omega + -0.003 omega^2,0.000,0.0000000000e+00,0.0000000000e+00,0.0000000000e+00,0.0000000000e+00,0.0000000000e+00,0.0000000000e+00,0.0000000000e+00,0.0000000000e+00,0.0000000000e+00,0.0000000000e+00
4579,2024-08-31 00:20:00,0.128717,9.321147,6.591675,0.999 omega + 0.001 omega^2,0.000,0.0000000000e+00,0.0000000000e+00,0.0000000000e+00,0.0000000000e+00,0.0000000000e+00,0.0000000000e+00,0.0000000000e+00,0.0000000000e+00,0.0000000000e+00,0.0000000000e+00
4580,2024-08-31 00:25:00,0.181377,30.465730,21.542906,0.998 omega + 0.036 omega^2 + -0.159 omega^3,0.000,0.0000000000e+00,0.0000000000e+00,0.0000000000e+00,0.0000000000e+00,0.0000000000e+00,0.0000000000e+00,0.0000000000e+00,0.0000000000e+00,0.0000000000e+00,0.0000000000e+00
4581,2024-08-31 00:30:00,0.106262,15.288371,10.810772,1.000 omega + -0.003 omega^2,0.000,0.0000000000e+00,0.0000000000e+00,0.0000000000e+00,0.0000000000e+00,0.0000000000e+00,0.0000000000e+00,0.0000000000e+00,0.0000000000e+00,0.0000000000e+00,0.0000000000e+00
4582,2024-08-31 00:35:00,0.068084,9.948564,7.034862,0.999 omega + -0.001 theta omega^2,0.000,0.0000000000e+00,0.0000000000e+00,0.0000000000e+00,0.0000000000e+00,0.0000000000e+00,0.0000000000e+00,0.0000000000e+00,0.0000000000e+00,0.0000000000e+00,0.0000000000e+00
4583,2024-08-31 00:40:00,0.145992,23.724546,16.776105,1.104 omega + -1.256 omega^2 + 3.795 omega^3,0.000,0.0000000000e+00,0.0000000000e+00,0.0000000000e+00,0.0000000000e+00,0.0000000000e+00,0.0000000000e+00,0.0000000000e+00,0.0000000000e+00,0.0000000000e+00,0.0000000000e+00
4584,2024-08-31 00:45:00,0.167392,25.157213,17.789229,1.008 omega + -0.002 theta omega + -0.042 omega^2 + 0.004 theta omega^2 + 0.176 omega^3,0.000,0.0000000000e+00,0.0000000000e+00,0.0000000000e+00,0.0000000000e+00,0.0000000000e+00,0.0000000000e+00,0.0000000000e+00,0.0000000000e+00,0.0000000000e+00,0.0000000000e+00
4585,2024-08-31 00:50:00,0.095570,3.375591,2.387860,1.001 omega + -0.007 omega^2,0.000,0.0000000000e+00,0.0000000000e+00,0.0000000000e+00,0.0000000000e+00,0.0000000000e+00,0.0000000000e+00,0.0000000000e+00,0.0000000000e+00,0.0000000000e+00,0.0000000000e+00
4586,2024-08-31 00:55:00,0.061320,4.851577,3.430857,0.995 omega + 0.007 theta omega + -0.001 theta^2 omega,0.000,0.0000000000e+00,0.0000000000e+00,0.0000000000e+00,0.0000000000e+00,0.0000000000e+00,0.0000000000e+00,0.0000000000e+00,0.0000000000e+00,0.0000000000e+00,0.0000000000e+00
4587,2024-08-31 01:00:00,0.080613,6.903971,4.882178,1.000 omega,0.000,0.0000000000e+00,0.0000000000e+00,0.0000000000e+00,0.0000000000e+00,0.0000000000e+00,0.0000000000e+00,0.0000000000e+00,0.0000000000e+00,0.0000000000e+00,0.0000000000e+00
4588,2024-08-31 01:05:00,0.061839,6.555233,4.635456,0.999 omega + 0.001 theta omega + 0.183 omega^2 + -0.077 theta omega^2,0.000,0.0000000000e+00,0.0000000000e+00,0.0000000000e+00,0.0000000000e+00,0.0000000000e+00,0.0000000000e+00,0.0000000000e+00,0.0000000000e+00,0.0000000000e+00,0.0000000000e+00
4589,2024-08-31 01:10:00,0.098800,14.634388,10.348311,1.002 omega + -0.001 theta omega + -0.012 omega^2,0.000,0.0000000000e+00,0.0000000000e+00,0.0000000000e+00,0.0000000000e+00,0.0000000000e+00,0.0000000000e+00,0.0000000000e+00,0.0000000000e+00,0.0000000000e+00,0.0000000000e+00
4590,2024-08-31 01:15:00,0.121185,13.752115,9.724591,1.002 omega + 0.005 omega^2 + -0.015 theta omega^2,0.000,0.0000000000e+00,0.0000000000e+00,0.0000000000e+00,0.0000000000e+00,0.0000000000e+00,0.0000000000e+00,0.0000000000e+00,0.0000000000e+00,0.0000000000e+00,0.0000000000e+00
4591,2024-08-31 01:20:00,0.112261,18.382000,12.998279,1.003 omega + -0.013 omega^2,0.000,0.0000000000e+00,0.0000000000e+00,0.0000000000e+00,0.0000000000e+00,0.0000000000e+00,0.0000000000e+00,0.0000000000e+00,0.0000000000e+00,0.0000000000e+00,0.0000000000e+00
4592,2024-08-31 01:25:00,0.070845,9.259899,6.547929,0.995 omega + 0.254 omega^2 + -0.102 theta omega^2,-0.050 theta omega^2,0.0000000000e+00,0.0000000000e+00,0.0000000000e+00,0.0000000000e+00,0.0000000000e+00,0.0000000000e+00,0.0000000000e+00,0.0000000000e+00,-5.0004659977e-02,0.0000000000e+00
4593,2024-08-31 01:30:00,0.111528,18.034811,12.752781,1.030 omega + 0.002 theta omega + 0.196 omega^2 + 0.006 theta omega^2,0.018 omega + -0.032 theta omega^2,0.0000000000e+00,0.0000000000e+00,1.8198034732e-02,0.0000000000e+00,0.0000000000e+00,0.0000000000e+00,0.0000000000e+00,0.0000000000e+00,-3.1805137861e-02,0.0000000000e+00
4594,2024-08-31 01:35:00,0.132014,16.166863,11.432079,1.014 omega + -0.075 omega^2,0.000,0.0000000000e+00,0.0000000000e+00,0.0000000000e+00,0.0000000000e+00,0.0000000000e+00,0.0000000000e+00,0.0000000000e+00,0.0000000000e+00,0.0000000000e+00,0.0000000000e+00
4595,2024-08-31 01:40:00,0.140917,20.205897,14.288074,0.989 omega + 0.001 theta omega + -0.004 omega^2,0.000,0.0000000000e+00,0.0000000000e+00,0.0000000000e+00,0.0000000000e+00,0.0000000000e+00,0.0000000000e+00,0.0000000000e+00,0.0000000000e+00,0.0000000000e+00,0.0000000000e+00
4596,2024-08-31 01:45:00,0.160878,18.798163,13.292795,1.000 omega,0.000,0.0000000000e+00,0.0000000000e+00,0.0000000000e+00,0.0000000000e+00,0.0000000000e+00,0.0000000000e+00,0.0000000000e+00,0.0000000000e+00,0.0000000000e+00,0.0000000000e+00
4597,2024-08-31 01:50:00,0.068879,2.912715,2.060177,1.019 omega + -0.005 theta omega + -0.010 omega^2 + -0.260 omega^3,0.000,0.0000000000e+00,0.0000000000e+00,0.0000000000e+00,0.0000000000e+00,0.0000000000e+00,0.0000000000e+00,0.0000000000e+00,0.0000000000e+00,0.0000000000e+00,0.0000000000e+00
4598,2024-08-31 01:55:00,0.067183,7.840141,5.544020,0.996 omega + -0.002 theta omega + 0.028 omega^2 + 0.001 theta^2 omega + -0.039 theta omega^2,0.000,0.0000000000e+00,0.0000000000e+00,0.0000000000e+00,0.0000000000e+00,0.0000000000e+00,0.0000000000e+00,0.0000000000e+00,0.0000000000e+00,0.0000000000e+00,0.0000000000e+00
4599,2024-08-31 02:00:00,0.082478,9.843128,6.960387,0.999 omega + -0.007 omega^2,0.000,0.0000000000e+00,0.0000000000e+00,0.0000000000e+00,0.0000000000e+00,0.0000000000e+00,0.0000000000e+00,0.0000000000e+00,0.0000000000e+00,0.0000000000e+00,0.0000000000e+00
4600,2024-08-31 02:05:00,0.087871,12.937611,9.148483,1.014 omega + -0.002 theta omega + -0.046 omega^2,0.000,0.0000000000e+00,0.0000000000e+00,0.0000000000e+00,0.0000000000e+00,0.0000000000e+00,0.0000000000e+00,0.0000000000e+00,0.0000000000e+00,0.0000000000e+00,0.0000000000e+00
4601,2024-08-31 02:10:00,0.104545,17.763536,12.560934,0.995 omega + 0.001 theta omega + -0.134 omega^2 + -0.002 theta omega^2,0.000,0.0000000000e+00,0.0000000000e+00,0.0000000000e+00,0.0000000000e+00,0.0000000000e+00,0.0000000000e+00,0.0000000000e+00,0.0000000000e+00,0.0000000000e+00,0.0000000000e+00
4602,2024-08-31 02:15:00,0.084667,11.060643,7.821285,1.002 omega + -0.014 omega^2 + -0.035 theta omega^2,0.000,0.0000000000e+00,0.0000000000e+00,0.0000000000e+00,0.0000000000e+00,0.0000000000e+00,0.0000000000e+00,0.0000000000e+00,0.0000000000e+00,0.0000000000e+00,0.0000000000e+00
4603,2024-08-31 02:20:00,0.070999,8.399137,5.939299,1.008 omega + 0.001 theta omega + 0.007 omega^2,0.000,0.0000000000e+00,0.0000000000e+00,0.0000000000e+00,0.0000000000e+00,0.0000000000e+00,0.0000000000e+00,0.0000000000e+00,0.0000000000e+00,0.0000000000e+00,0.0000000000e+00
4604,2024-08-31 02:25:00,0.089350,14.117546,9.982813,0.998 omega + -0.015 omega^2 + 0.001 theta^2 omega,0.000,0.0000000000e+00,0.0000000000e+00,0.0000000000e+00,0.0000000000e+00,0.0000000000e+00,0.0000000000e+00,0.0000000000e+00,0.0000000000e+00,0.0000000000e+00,0.0000000000e+00
4605,2024-08-31 02:30:00,0.070599,7.511195,5.311452,0.999 omega + -0.004 theta omega + -0.005 omega^2 + 0.001 theta^2 omega,0.000,0.0000000000e+00,0.0000000000e+00,0.0000000000e+00,0.0000000000e+00,0.0000000000e+00,0.0000000000e+00,0.0000000000e+00,0.0000000000e+00,0.0000000000e+00,0.0000000000e+00
4606,2024-08-31 02:35:00,0.077493,3.889350,2.750731,1.015 omega + 0.003 theta omega + -0.006 theta omega^2,-0.014 theta omega^2,0.0000000000e+00,0.0000000000e+00,0.0000000000e+00,0.0000000000e+00,0.0000000000e+00,0.0000000000e+00,0.0000000000e+00,0.0000000000e+00,-1.3991142844e-02,0.0000000000e+00
4607,2024-08-31 02:40:00,0.142746,14.042980,9.930399,0.999 omega,0.000,0.0000000000e+00,0.0000000000e+00,0.0000000000e+00,0.0000000000e+00,0.0000000000e+00,0.0000000000e+00,0.0000000000e+00,0.0000000000e+00,0.0000000000e+00,0.0000000000e+00
4608,2024-08-31 02:45:00,0.132638,15.831451,11.194919,0.986 omega + -0.066 omega^2 + -0.030 theta omega^2 + 1.573 omega^3,0.000,0.0000000000e+00,0.0000000000e+00,0.0000000000e+00,0.0000000000e+00,0.0000000000e+00,0.0000000000e+00,0.0000000000e+00,0.0000000000e+00,0.0000000000e+00,0.0000000000e+00
4609,2024-08-31 02:50:00,0.081433,11.876632,8.398245,0.998 omega + 0.046 omega^2 + -0.011 theta omega^2,-0.017 theta omega^2,0.0000000000e+00,0.0000000000e+00,0.0000000000e+00,0.0000000000e+00,0.0000000000e+00,0.0000000000e+00,0.0000000000e+00,0.0000000000e+00,-1.6895588093e-02,0.0000000000e+00
4610,2024-08-31 02:55:00,0.091202,7.469179,5.281901,1.007 omega + -0.002 theta omega + 0.007 omega^2,0.000,0.0000000000e+00,0.0000000000e+00,0.0000000000e+00,0.0000000000e+00,0.0000000000e+00,0.0000000000e+00,0.0000000000e+00,0.0000000000e+00,0.0000000000e+00,0.0000000000e+00
4611,2024-08-31 03:00:00,0.055896,2.615698,1.850000,1.007 omega + 0.001 theta omega,-0.019 theta omega^2,0.0000000000e+00,0.0000000000e+00,0.0000000000e+00,0.0000000000e+00,0.0000000000e+00,0.0000000000e+00,0.0000000000e+00,0.0000000000e+00,-1.9490696069e-02,0.0000000000e+00
4612,2024-08-31 03:05:00,0.079063,10.843134,7.667458,1.003 omega + -0.002 theta omega + 0.079 omega^2 + -0.001 theta^2 omega,0.000,0.0000000000e+00,0.0000000000e+00,0.0000000000e+00,0.0000000000e+00,0.0000000000e+00,0.0000000000e+00,0.0000000000e+00,0.0000000000e+00,0.0000000000e+00,0.0000000000e+00
4613,2024-08-31 03:10:00,0.146651,20.555638,14.535401,-0.001 1 + 0.993 omega + -0.030 omega^2 + -0.001 theta omega^2,0.000,0.0000000000e+00,0.0000000000e+00,0.0000000000e+00,0.0000000000e+00,0.0000000000e+00,0.0000000000e+00,0.0000000000e+00,0.0000000000e+00,0.0000000000e+00,0.0000000000e+00
4614,2024-08-31 03:15:00,0.061453,2.854472,2.018884,1.000 omega + -0.022 omega^2 + 0.001 theta omega^2 + -0.083 omega^3,0.000,0.0000000000e+00,0.0000000000e+00,0.0000000000e+00,0.0000000000e+00,0.0000000000e+00,0.0000000000e+00,0.0000000000e+00,0.0000000000e+00,0.0000000000e+00,0.0000000000e+00
4615,2024-08-31 03:20:00,0.095683,3.393040,2.400196,1.011 omega + 0.002 theta omega,0.000,0.0000000000e+00,0.0000000000e+00,0.0000000000e+00,0.0000000000e+00,0.0000000000e+00,0.0000000000e+00,0.0000000000e+00,0.0000000000e+00,0.0000000000e+00,0.0000000000e+00
4616,2024-08-31 03:25:00,0.220227,32.563085,23.026105,1.000 omega + 0.001 theta omega^2 + -0.020 omega^3,0.000,0.0000000000e+00,0.0000000000e+00,0.0000000000e+00,0.0000000000e+00,0.0000000000e+00,0.0000000000e+00,0.0000000000e+00,0.0000000000e+00,0.0000000000e+00,0.0000000000e+00
4617,2024-08-31 03:30:00,0.055567,7.592105,5.368572,1.004 omega + 0.037 omega^2,-0.011 omega,0.0000000000e+00,0.0000000000e+00,-1.0529150253e-02,0.0000000000e+00,0.0000000000e+00,0.0000000000e+00,0.0000000000e+00,0.0000000000e+00,0.0000000000e+00,0.0000000000e+00
4618,2024-08-31 03:35:00,0.046681,5.944445,4.203487,0.001 1 + 1.020 omega + 0.117 omega^2 + 0.001 theta omega^2,0.000,0.0000000000e+00,0.0000000000e+00,0.0000000000e+00,0.0000000000e+00,0.0000000000e+00,0.0000000000e+00,0.0000000000e+00,0.0000000000e+00,0.0000000000e+00,0.0000000000e+00
4619,2024-08-31 03:40:00,0.074063,11.117170,7.861201,0.988 omega + -0.164 omega^2 + -0.008 theta omega^2,0.000,0.0000000000e+00,0.0000000000e+00,0.0000000000e+00,0.0000000000e+00,0.0000000000e+00,0.0000000000e+00,0.0000000000e+00,0.0000000000e+00,0.0000000000e+00,0.0000000000e+00
4620,2024-08-31 03:45:00,0.159060,20.418708,14.438645,1.001 omega + -0.024 omega^2 + -0.004 theta omega^2,0.000,0.0000000000e+00,0.0000000000e+00,0.0000000000e+00,0.0000000000e+00,0.0000000000e+00,0.0000000000e+00,0.0000000000e+00,0.0000000000e+00,0.0000000000e+00,0.0000000000e+00
4621,2024-08-31 03:50:00,0.083176,11.395777,8.058246,1.000 omega + 0.003 omega^2,0.000,0.0000000000e+00,0.0000000000e+00,0.0000000000e+00,0.0000000000e+00,0.0000000000e+00,0.0000000000e+00,0.0000000000e+00,0.0000000000e+00,0.0000000000e+00,0.0000000000e+00
4622,2024-08-31 03:55:00,0.120415,10.670369,7.545571,0.999 omega + 0.002 omega^2,0.000,0.0000000000e+00,0.0000000000e+00,0.0000000000e+00,0.0000000000e+00,0.0000000000e+00,0.0000000000e+00,0.0000000000e+00,0.0000000000e+00,0.0000000000e+00,0.0000000000e+00
4623,2024-08-31 04:00:00,0.075706,10.139475,7.169892,0.999 omega + -0.002 omega^2,0.000,0.0000000000e+00,0.0000000000e+00,0.0000000000e+00,0.0000000000e+00,0.0000000000e+00,0.0000000000e+00,0.0000000000e+00,0.0000000000e+00,0.0000000000e+00,0.0000000000e+00
4624,2024-08-31 04:05:00,0.036273,1.036169,0.733131,1.007 omega + 0.001 theta omega + -0.009 omega^2,0.000,0.0000000000e+00,0.0000000000e+00,0.0000000000e+00,0.0000000000e+00,0.0000000000e+00,0.0000000000e+00,0.0000000000e+00,0.0000000000e+00,0.0000000000e+00,0.0000000000e+00
4625,2024-08-31 04:10:00,0.041135,1.605197,1.135418,0.999 omega + 0.009 theta omega + 0.001 omega^2 + -0.003 theta^2 omega,0.000,0.0000000000e+00,0.0000000000e+00,0.0000000000e+00,0.0000000000e+00,0.0000000000e+00,0.0000000000e+00,0.0000000000e+00,0.0000000000e+00,0.0000000000e+00,0.0000000000e+00
4626,2024-08-31 04:15:00,0.080468,4.457524,3.152459,1.005 omega + 0.024 omega^2,0.000,0.0000000000e+00,0.0000000000e+00,0.0000000000e+00,0.0000000000e+00,0.0000000000e+00,0.0000000000e+00,0.0000000000e+00,0.0000000000e+00,0.0000000000e+00,0.0000000000e+00
4627,2024-08-31 04:20:00,0.048449,3.819963,2.701339,1.001 omega + 0.005 omega^2,0.000,0.0000000000e+00,0.0000000000e+00,0.0000000000e+00,0.0000000000e+00,0.0000000000e+00,0.0000000000e+00,0.0000000000e+00,0.0000000000e+00,0.0000000000e+00,0.0000000000e+00
4628,2024-08-31 04:25:00,0.119875,15.199814,10.748226,0.995 omega + -0.004 theta omega + 0.047 omega^2 + -0.001 theta^2 omega,0.000,0.0000000000e+00,0.0000000000e+00,0.0000000000e+00,0.0000000000e+00,0.0000000000e+00,0.0000000000e+00,0.0000000000e+00,0.0000000000e+00,0.0000000000e+00,0.0000000000e+00
4629,2024-08-31 04:30:00,0.151749,20.453554,14.463245,0.998 omega + -0.056 omega^2 + -0.003 theta omega^2,0.000,0.0000000000e+00,0.0000000000e+00,0.0000000000e+00,0.0000000000e+00,0.0000000000e+00,0.0000000000e+00,0.0000000000e+00,0.0000000000e+00,0.0000000000e+00,0.0000000000e+00
4630,2024-08-31 04:35:00,0.121625,10.209242,7.219537,1.004 omega + 0.018 omega^2,0.000,0.0000000000e+00,0.0000000000e+00,0.0000000000e+00,0.0000000000e+00,0.0000000000e+00,0.0000000000e+00,0.0000000000e+00,0.0000000000e+00,0.0000000000e+00,0.0000000000e+00
4631,2024-08-31 04:40:00,0.082654,7.805039,5.519305,0.997 omega + -0.014 omega^2,0.000,0.0000000000e+00,0.0000000000e+00,0.0000000000e+00,0.0000000000e+00,0.0000000000e+00,0.0000000000e+00,0.0000000000e+00,0.0000000000e+00,0.0000000000e+00,0.0000000000e+00
4632,2024-08-31 04:45:00,0.087451,13.289418,9.397241,1.009 omega + 0.081 omega^2,0.000,0.0000000000e+00,0.0000000000e+00,0.0000000000e+00,0.0000000000e+00,0.0000000000e+00,0.0000000000e+00,0.0000000000e+00,0.0000000000e+00,0.0000000000e+00,0.0000000000e+00
4633,2024-08-31 04:50:00,0.078588,3.332262,2.356920,1.010 omega + -0.003 theta omega + -0.036 theta omega^2 + -1.129 omega^3,-0.320 omega^2 + -0.145 theta omega^2,0.0000000000e+00,0.0000000000e+00,0.0000000000e+00,0.0000000000e+00,0.0000000000e+00,-3.2044171681e-01,0.0000000000e+00,0.0000000000e+00,-1.4509645367e-01,0.0000000000e+00
4634,2024-08-31 04:55:00,0.066589,9.694011,6.854862,0.970 omega + -0.764 omega^2 + -0.002 theta omega^2 + -3.690 omega^3,0.000,0.0000000000e+00,0.0000000000e+00,0.0000000000e+00,0.0000000000e+00,0.0000000000e+00,0.0000000000e+00,0.0000000000e+00,0.0000000000e+00,0.0000000000e+00,0.0000000000e+00
4635,2024-08-31 05:00:00,0.165452,26.838499,18.978045,1.026 omega + 0.216 omega^2 + 0.412 omega^3,0.000,0.0000000000e+00,0.0000000000e+00,0.0000000000e+00,0.0000000000e+00,0.0000000000e+00,0.0000000000e+00,0.0000000000e+00,0.0000000000e+00,0.0000000000e+00,0.0000000000e+00
4636,2024-08-31 05:05:00,0.060612,7.114307,5.030757,0.990 omega + -0.057 omega^2,0.000,0.0000000000e+00,0.0000000000e+00,0.0000000000e+00,0.0000000000e+00,0.0000000000e+00,0.0000000000e+00,0.0000000000e+00,0.0000000000e+00,0.0000000000e+00,0.0000000000e+00
4637,2024-08-31 05:10:00,0.139142,17.702427,12.517893,1.004 omega + -0.045 omega^2 + -0.436 omega^3,0.000,0.0000000000e+00,0.0000000000e+00,0.0000000000e+00,0.0000000000e+00,0.0000000000e+00,0.0000000000e+00,0.0000000000e+00,0.0000000000e+00,0.0000000000e+00,0.0000000000e+00
4638,2024-08-31 05:15:00,0.020361,2.485356,1.757471,-0.003 1 + 0.973 omega + -0.070 omega^2,0.000,0.0000000000e+00,0.0000000000e+00,0.0000000000e+00,0.0000000000e+00,0.0000000000e+00,0.0000000000e+00,0.0000000000e+00,0.0000000000e+00,0.0000000000e+00,0.0000000000e+00
4639,2024-08-31 05:20:00,0.057141,3.172794,2.243868,0.001 1 + 1.006 omega + -0.001 theta omega + -0.011 omega^2 + -0.010 theta omega^2 + 0.212 omega^3,0.000,0.0000000000e+00,0.0000000000e+00,0.0000000000e+00,0.0000000000e+00,0.0000000000e+00,0.0000000000e+00,0.0000000000e+00,0.0000000000e+00,0.0000000000e+00,0.0000000000e+00
4640,2024-08-31 05:25:00,0.092172,12.419858,8.782408,1.007 omega + 0.033 omega^2,0.000,0.0000000000e+00,0.0000000000e+00,0.0000000000e+00,0.0000000000e+00,0.0000000000e+00,0.0000000000e+00,0.0000000000e+00,0.0000000000e+00,0.0000000000e+00,0.0000000000e+00
4641,2024-08-31 05:30:00,0.052436,5.950198,4.207589,0.998 omega + -0.005 omega^2,0.000,0.0000000000e+00,0.0000000000e+00,0.0000000000e+00,0.0000000000e+00,0.0000000000e+00,0.0000000000e+00,0.0000000000e+00,0.0000000000e+00,0.0000000000e+00,0.0000000000e+00
4642,2024-08-31 05:35:00,0.062829,7.900846,5.586918,1.003 omega + -0.002 theta omega + 0.026 omega^2 + -0.001 theta^2 omega,-0.032 theta omega^2,0.0000000000e+00,0.0000000000e+00,0.0000000000e+00,0.0000000000e+00,0.0000000000e+00,0.0000000000e+00,0.0000000000e+00,0.0000000000e+00,-3.2107312503e-02,0.0000000000e+00
4643,2024-08-31 05:40:00,0.126755,18.823133,13.310267,0.002 1 + 1.097 omega + 0.856 omega^2 + 2.114 omega^3,0.000,0.0000000000e+00,0.0000000000e+00,0.0000000000e+00,0.0000000000e+00,0.0000000000e+00,0.0000000000e+00,0.0000000000e+00,0.0000000000e+00,0.0000000000e+00,0.0000000000e+00
4644,2024-08-31 05:45:00,0.026288,1.473368,1.041994,0.992 omega + -0.047 omega^2 + -0.002 theta omega^2,0.000,0.0000000000e+00,0.0000000000e+00,0.0000000000e+00,0.0000000000e+00,0.0000000000e+00,0.0000000000e+00,0.0000000000e+00,0.0000000000e+00,0.0000000000e+00,0.0000000000e+00
4645,2024-08-31 05:50:00,0.041463,7.142766,5.050784,0.006 1 + 1.087 omega + 0.427 omega^2 + 0.668 omega^3,0.000,0.0000000000e+00,0.0000000000e+00,0.0000000000e+00,0.0000000000e+00,0.0000000000e+00,0.0000000000e+00,0.0000000000e+00,0.0000000000e+00,0.0000000000e+00,0.0000000000e+00
4646,2024-08-31 05:55:00,0.139097,23.532219,16.640082,1.000 omega + -0.001 omega^2,0.000,0.0000000000e+00,0.0000000000e+00,0.0000000000e+00,0.0000000000e+00,0.0000000000e+00,0.0000000000e+00,0.0000000000e+00,0.0000000000e+00,0.0000000000e+00,0.0000000000e+00
4647,2024-08-31 06:00:00,0.111974,12.233176,8.650524,1.001 omega + -0.008 omega^2,0.000,0.0000000000e+00,0.0000000000e+00,0.0000000000e+00,0.0000000000e+00,0.0000000000e+00,0.0000000000e+00,0.0000000000e+00,0.0000000000e+00,0.0000000000e+00,0.0000000000e+00
4648,2024-08-31 06:05:00,0.044113,6.582921,4.654933,0.997 omega + -0.038 omega^2 + -0.003 theta omega^2,0.000,0.0000000000e+00,0.0000000000e+00,0.0000000000e+00,0.0000000000e+00,0.0000000000e+00,0.0000000000e+00,0.0000000000e+00,0.0000000000e+00,0.0000000000e+00,0.0000000000e+00
4649,2024-08-31 06:10:00,0.048534,2.609297,1.845371,1.012 omega + 0.002 theta omega + 0.008 theta omega^2,0.000,0.0000000000e+00,0.0000000000e+00,0.0000000000e+00,0.0000000000e+00,0.0000000000e+00,0.0000000000e+00,0.0000000000e+00,0.0000000000e+00,0.0000000000e+00,0.0000000000e+00
4650,2024-08-31 06:15:00,0.160075,23.643062,16.718553,0.997 omega + -0.079 omega^2 + -0.007 theta omega^2,0.000,0.0000000000e+00,0.0000000000e+00,0.0000000000e+00,0.0000000000e+00,0.0000000000e+00,0.0000000000e+00,0.0000000000e+00,0.0000000000e+00,0.0000000000e+00,0.0000000000e+00
4651,2024-08-31 06:20:00,0.048615,5.103190,3.608664,1.015 omega + -0.012 theta omega^2,0.000,0.0000000000e+00,0.0000000000e+00,0.0000000000e+00,0.0000000000e+00,0.0000000000e+00,0.0000000000e+00,0.0000000000e+00,0.0000000000e+00,0.0000000000e+00,0.0000000000e+00
4652,2024-08-31 06:25:00,0.092935,13.035281,9.217570,1.005 omega + -0.005 theta omega^2,0.000,0.0000000000e+00,0.0000000000e+00,0.0000000000e+00,0.0000000000e+00,0.0000000000e+00,0.0000000000e+00,0.0000000000e+00,0.0000000000e+00,0.0000000000e+00,0.0000000000e+00
4653,2024-08-31 06:30:00,0.102624,14.877108,10.519954,1.002 omega + -0.002 theta omega + -0.103 omega^2 + -0.068 theta omega^2,0.000,0.0000000000e+00,0.0000000000e+00,0.0000000000e+00,0.0000000000e+00,0.0000000000e+00,0.0000000000e+00,0.0000000000e+00,0.0000000000e+00,0.0000000000e+00,0.0000000000e+00
4654,2024-08-31 06:35:00,0.159320,19.131541,13.528511,1.007 omega + 0.024 omega^2,0.000,0.0000000000e+00,0.0000000000e+00,0.0000000000e+00,0.0000000000e+00,0.0000000000e+00,0.0000000000e+00,0.0000000000e+00,0.0000000000e+00,0.0000000000e+00,0.0000000000e+00
4655,2024-08-31 06:40:00,0.112979,15.290719,10.812466,0.997 omega + 0.002 theta omega^2,0.000,0.0000000000e+00,0.0000000000e+00,0.0000000000e+00,0.0000000000e+00,0.0000000000e+00,0.0000000000e+00,0.0000000000e+00,0.0000000000e+00,0.0000000000e+00,0.0000000000e+00
4656,2024-08-31 06:45:00,0.146385,8.575659,6.064790,1.001 omega + 0.011 omega^2,0.000,0.0000000000e+00,0.0000000000e+00,0.0000000000e+00,0.0000000000e+00,0.0000000000e+00,0.0000000000e+00,0.0000000000e+00,0.0000000000e+00,0.0000000000e+00,0.0000000000e+00
4657,2024-08-31 06:50:00,0.185124,18.523892,13.099024,1.005 omega + -0.031 omega^2 + -0.298 omega^3,0.000,0.0000000000e+00,0.0000000000e+00,0.0000000000e+00,0.0000000000e+00,0.0000000000e+00,0.0000000000e+00,0.0000000000e+00,0.0000000000e+00,0.0000000000e+00,0.0000000000e+00
4658,2024-08-31 06:55:00,0.104961,9.246126,6.538420,0.997 omega + -0.006 omega^2,0.000,0.0000000000e+00,0.0000000000e+00,0.0000000000e+00,0.0000000000e+00,0.0000000000e+00,0.0000000000e+00,0.0000000000e+00,0.0000000000e+00,0.0000000000e+00,0.0000000000e+00
4659,2024-08-31 07:00:00,0.143378,20.534560,14.520481,1.019 omega + -0.204 omega^2 + 0.518 omega^3,0.000,0.0000000000e+00,0.0000000000e+00,0.0000000000e+00,0.0000000000e+00,0.0000000000e+00,0.0000000000e+00,0.0000000000e+00,0.0000000000e+00,0.0000000000e+00,0.0000000000e+00
4660,2024-08-31 07:05:00,0.066405,2.546031,1.800928,0.996 omega + 0.067 omega^2 + -0.004 theta omega^2,0.000,0.0000000000e+00,0.0000000000e+00,0.0000000000e+00,0.0000000000e+00,0.0000000000e+00,0.0000000000e+00,0.0000000000e+00,0.0000000000e+00,0.0000000000e+00,0.0000000000e+00
4661,2024-08-31 07:10:00,0.033270,1.861318,1.316361,1.000 omega + 0.004 omega^2 + -0.001 theta omega^2,0.000,0.0000000000e+00,0.0000000000e+00,0.0000000000e+00,0.0000000000e+00,0.0000000000e+00,0.0000000000e+00,0.0000000000e+00,0.0000000000e+00,0.0000000000e+00,0.0000000000e+00
4662,2024-08-31 07:15:00,0.051766,8.099002,5.726976,0.998 omega + -0.013 omega^2 + 0.001 theta omega^2,0.000,0.0000000000e+00,0.0000000000e+00,0.0000000000e+00,0.0000000000e+00,0.0000000000e+00,0.0000000000e+00,0.0000000000e+00,0.0000000000e+00,0.0000000000e+00,0.0000000000e+00
4663,2024-08-31 07:20:00,0.074259,3.616705,2.557936,0.990 omega + 0.062 omega^2,0.000,0.0000000000e+00,0.0000000000e+00,0.0000000000e+00,0.0000000000e+00,0.0000000000e+00,0.0000000000e+00,0.0000000000e+00,0.0000000000e+00,0.0000000000e+00,0.0000000000e+00
4664,2024-08-31 07:25:00,0.092839,5.239550,3.705503,1.001 omega + -0.003 omega^2,0.000,0.0000000000e+00,0.0000000000e+00,0.0000000000e+00,0.0000000000e+00,0.0000000000e+00,0.0000000000e+00,0.0000000000e+00,0.0000000000e+00,0.0000000000e+00,0.0000000000e+00
4665,2024-08-31 07:30:00,0.118176,11.039172,7.806321,1.010 omega + -0.051 omega^2,0.000,0.0000000000e+00,0.0000000000e+00,0.0000000000e+00,0.0000000000e+00,0.0000000000e+00,0.0000000000e+00,0.0000000000e+00,0.0000000000e+00,0.0000000000e+00,0.0000000000e+00
4666,2024-08-31 07:35:00,0.057261,4.191058,2.963802,0.998 omega + 0.026 omega^2 + -0.003 theta omega^2,0.000,0.0000000000e+00,0.0000000000e+00,0.0000000000e+00,0.0000000000e+00,0.0000000000e+00,0.0000000000e+00,0.0000000000e+00,0.0000000000e+00,0.0000000000e+00,0.0000000000e+00
4667,2024-08-31 07:40:00,0.106672,16.413514,11.606352,1.039 omega + -0.439 omega^2 + -0.004 theta omega^2 + 1.456 omega^3,0.000,0.0000000000e+00,0.0000000000e+00,0.0000000000e+00,0.0000000000e+00,0.0000000000e+00,0.0000000000e+00,0.0000000000e+00,0.0000000000e+00,0.0000000000e+00,0.0000000000e+00
4668,2024-08-31 07:45:00,0.096544,15.613949,11.040940,0.001 1 + 0.995 omega + 0.024 omega^2 + -0.002 theta omega^2,0.000,0.0000000000e+00,0.0000000000e+00,0.0000000000e+00,0.0000000000e+00,0.0000000000e+00,0.0000000000e+00,0.0000000000e+00,0.0000000000e+00,0.0000000000e+00,0.0000000000e+00
4669,2024-08-31 07:50:00,0.059353,8.056254,5.696786,0.002 1 + 0.960 omega + -0.001 theta omega + 0.368 omega^2 + 0.004 theta omega^2 + -1.148 omega^3,0.000,0.0000000000e+00,0.0000000000e+00,0.0000000000e+00,0.0000000000e+00,0.0000000000e+00,0.0000000000e+00,0.0000000000e+00,0.0000000000e+00,0.0000000000e+00,0.0000000000e+00
4670,2024-08-31 07:55:00,0.049133,5.822393,4.117200,1.002 omega + 0.006 omega^2,0.000,0.0000000000e+00,0.0000000000e+00,0.0000000000e+00,0.0000000000e+00,0.0000000000e+00,0.0000000000e+00,0.0000000000e+00,0.0000000000e+00,0.0000000000e+00,0.0000000000e+00
4671,2024-08-31 08:00:00,0.201270,22.355450,15.808331,1.004 omega + -0.022 omega^2 + -0.198 omega^3,0.000,0.0000000000e+00,0.0000000000e+00,0.0000000000e+00,0.0000000000e+00,0.0000000000e+00,0.0000000000e+00,0.0000000000e+00,0.0000000000e+00,0.0000000000e+00,0.0000000000e+00
4672,2024-08-31 08:05:00,0.137329,16.050493,11.349828,0.998 omega,0.000,0.0000000000e+00,0.0000000000e+00,0.0000000000e+00,0.0000000000e+00,0.0000000000e+00,0.0000000000e+00,0.0000000000e+00,0.0000000000e+00,0.0000000000e+00,0.0000000000e+00
4673,2024-08-31 08:10:00,0.068199,6.230709,4.406040,1.010 omega + 0.002 theta omega + -0.036 omega^2,0.000,0.0000000000e+00,0.0000000000e+00,0.0000000000e+00,0.0000000000e+00,0.0000000000e+00,0.0000000000e+00,0.0000000000e+00,0.0000000000e+00,0.0000000000e+00,0.0000000000e+00
4674,2024-08-31 08:15:00,0.109130,13.107179,9.268496,0.995 omega + 0.030 omega^2 + 0.068 omega^3,-0.020 theta omega^2,0.0000000000e+00,0.0000000000e+00,0.0000000000e+00,0.0000000000e+00,0.0000000000e+00,0.0000000000e+00,0.0000000000e+00,0.0000000000e+00,-2.0314433905e-02,0.0000000000e+00
4675,2024-08-31 08:20:00,0.106178,16.974832,12.003254,1.003 omega + -0.024 omega^2,0.000,0.0000000000e+00,0.0000000000e+00,0.0000000000e+00,0.0000000000e+00,0.0000000000e+00,0.0000000000e+00,0.0000000000e+00,0.0000000000e+00,0.0000000000e+00,0.0000000000e+00
4676,2024-08-31 08:25:00,0.156747,20.720863,14.652282,1.001 omega,0.000,0.0000000000e+00,0.0000000000e+00,0.0000000000e+00,0.0000000000e+00,0.0000000000e+00,0.0000000000e+00,0.0000000000e+00,0.0000000000e+00,0.0000000000e+00,0.0000000000e+00
4677,2024-08-31 08:30:00,0.050182,6.499450,4.595942,0.999 omega + -0.001 theta omega + 0.012 theta omega^2,0.000,0.0000000000e+00,0.0000000000e+00,0.0000000000e+00,0.0000000000e+00,0.0000000000e+00,0.0000000000e+00,0.0000000000e+00,0.0000000000e+00,0.0000000000e+00,0.0000000000e+00
4678,2024-08-31 08:35:00,0.105121,27.395102,19.371405,0.994 omega + -0.006 theta omega + 0.002 theta^2 omega,0.000,0.0000000000e+00,0.0000000000e+00,0.0000000000e+00,0.0000000000e+00,0.0000000000e+00,0.0000000000e+00,0.0000000000e+00,0.0000000000e+00,0.0000000000e+00,0.0000000000e+00
4679,2024-08-31 08:40:00,0.182629,27.885761,19.718633,0.997 omega + -0.067 omega^2 + -0.355 omega^3,0.000,0.0000000000e+00,0.0000000000e+00,0.0000000000e+00,0.0000000000e+00,0.0000000000e+00,0.0000000000e+00,0.0000000000e+00,0.0000000000e+00,0.0000000000e+00,0.0000000000e+00
4680,2024-08-31 08:45:00,0.046665,3.884516,2.746966,1.004 omega + -0.001 theta omega + 0.014 omega^2,0.000,0.0000000000e+00,0.0000000000e+00,0.0000000000e+00,0.0000000000e+00,0.0000000000e+00,0.0000000000e+00,0.0000000000e+00,0.0000000000e+00,0.0000000000e+00,0.0000000000e+00
4681,2024-08-31 08:50:00,0.046158,4.899463,3.464597,0.001 1 + 0.983 omega + 0.079 omega^2,0.000,0.0000000000e+00,0.0000000000e+00,0.0000000000e+00,0.0000000000e+00,0.0000000000e+00,0.0000000000e+00,0.0000000000e+00,0.0000000000e+00,0.0000000000e+00,0.0000000000e+00
4682,2024-08-31 08:55:00,0.050071,5.052773,3.573026,0.993 omega + 0.080 omega^2 + -0.002 theta omega^2,0.000,0.0000000000e+00,0.0000000000e+00,0.0000000000e+00,0.0000000000e+00,0.0000000000e+00,0.0000000000e+00,0.0000000000e+00,0.0000000000e+00,0.0000000000e+00,0.0000000000e+00
4683,2024-08-31 09:00:00,0.045673,1.594308,1.127809,1.002 omega + 0.017 omega^2 + -0.005 theta omega^2,0.000,0.0000000000e+00,0.0000000000e+00,0.0000000000e+00,0.0000000000e+00,0.0000000000e+00,0.0000000000e+00,0.0000000000e+00,0.0000000000e+00,0.0000000000e+00,0.0000000000e+00
4684,2024-08-31 09:05:00,0.189137,25.759184,18.214985,1.003 omega + -0.002 theta omega^2,0.000,0.0000000000e+00,0.0000000000e+00,0.0000000000e+00,0.0000000000e+00,0.0000000000e+00,0.0000000000e+00,0.0000000000e+00,0.0000000000e+00,0.0000000000e+00,0.0000000000e+00
4685,2024-08-31 09:10:00,0.096259,10.144823,7.173796,0.999 omega + -0.033 omega^2,0.000,0.0000000000e+00,0.0000000000e+00,0.0000000000e+00,0.0000000000e+00,0.0000000000e+00,0.0000000000e+00,0.0000000000e+00,0.0000000000e+00,0.0000000000e+00,0.0000000000e+00
4686,2024-08-31 09:15:00,0.120661,7.634343,5.398970,1.000 omega + 0.005 omega^2,0.000,0.0000000000e+00,0.0000000000e+00,0.0000000000e+00,0.0000000000e+00,0.0000000000e+00,0.0000000000e+00,0.0000000000e+00,0.0000000000e+00,0.0000000000e+00,0.0000000000e+00
4687,2024-08-31 09:20:00,0.085837,13.717789,9.700131,1.001 omega + -0.014 omega^2,0.000,0.0000000000e+00,0.0000000000e+00,0.0000000000e+00,0.0000000000e+00,0.0000000000e+00,0.0000000000e+00,0.0000000000e+00,0.0000000000e+00,0.0000000000e+00,0.0000000000e+00
4688,2024-08-31 09:25:00,0.121890,15.829202,11.193268,0.992 omega + 0.002 theta omega,0.000,0.0000000000e+00,0.0000000000e+00,0.0000000000e+00,0.0000000000e+00,0.0000000000e+00,0.0000000000e+00,0.0000000000e+00,0.0000000000e+00,0.0000000000e+00,0.0000000000e+00
4689,2024-08-31 09:30:00,0.068427,4.620955,3.267867,1.004 omega + 0.001 theta omega + 0.014 omega^2,0.000,0.0000000000e+00,0.0000000000e+00,0.0000000000e+00,0.0000000000e+00,0.0000000000e+00,0.0000000000e+00,0.0000000000e+00,0.0000000000e+00,0.0000000000e+00,0.0000000000e+00
4690,2024-08-31 09:35:00,0.047387,5.414250,3.828599,0.974 omega + 0.002 theta omega + 0.199 omega^2 + -0.013 theta omega^2,0.000,0.0000000000e+00,0.0000000000e+00,0.0000000000e+00,0.0000000000e+00,0.0000000000e+00,0.0000000000e+00,0.0000000000e+00,0.0000000000e+00,0.0000000000e+00,0.0000000000e+00
4691,2024-08-31 09:40:00,0.030568,3.205116,2.266463,0.996 omega + 0.001 theta omega + 0.066 omega^2 + -0.007 theta omega^2,0.000,0.0000000000e+00,0.0000000000e+00,0.0000000000e+00,0.0000000000e+00,0.0000000000e+00,0.0000000000e+00,0.0000000000e+00,0.0000000000e+00,0.0000000000e+00,0.0000000000e+00
4692,2024-08-31 09:45:00,0.081434,11.897330,8.412880,0.994 omega + 0.001 theta omega,0.000,0.0000000000e+00,0.0000000000e+00,0.0000000000e+00,0.0000000000e+00,0.0000000000e+00,0.0000000000e+00,0.0000000000e+00,0.0000000000e+00,0.0000000000e+00,0.0000000000e+00
4693,2024-08-31 09:50:00,0.049128,4.522274,3.197920,0.995 omega + -0.001 theta omega + 0.007 omega^2 + 0.008 theta omega^2,0.000,0.0000000000e+00,0.0000000000e+00,0.0000000000e+00,0.0000000000e+00,0.0000000000e+00,0.0000000000e+00,0.0000000000e+00,0.0000000000e+00,0.0000000000e+00,0.0000000000e+00
4694,2024-08-31 09:55:00,nan,nan,nan,1.003 omega + -0.008 theta^2 omega,0.016 theta omega,0.0000000000e+00,0.0000000000e+00,0.0000000000e+00,0.0000000000e+00,1.6297524462e-02,0.0000000000e+00,0.0000000000e+00,0.0000000000e+00,0.0000000000e+00,0.0000000000e+00
4695,2024-08-31 10:00:00,0.034500,2.343509,1.657290,1.012 omega + 0.005 theta omega + 0.001 theta^2 omega + -0.002 theta omega^2,0.000,0.0000000000e+00,0.0000000000e+00,0.0000000000e+00,0.0000000000e+00,0.0000000000e+00,0.0000000000e+00,0.0000000000e+00,0.0000000000e+00,0.0000000000e+00,0.0000000000e+00
4696,2024-08-31 10:05:00,0.102019,14.536766,10.279299,0.001 1 + 0.988 omega + 0.052 omega^2,0.000,0.0000000000e+00,0.0000000000e+00,0.0000000000e+00,0.0000000000e+00,0.0000000000e+00,0.0000000000e+00,0.0000000000e+00,0.0000000000e+00,0.0000000000e+00,0.0000000000e+00
4697,2024-08-31 10:10:00,0.069610,6.507038,4.601434,0.001 1 + 0.981 omega + 0.089 omega^2 + 0.001 theta omega^2,0.000,0.0000000000e+00,0.0000000000e+00,0.0000000000e+00,0.0000000000e+00,0.0000000000e+00,0.0000000000e+00,0.0000000000e+00,0.0000000000e+00,0.0000000000e+00,0.0000000000e+00
4698,2024-08-31 10:15:00,0.054499,7.844981,5.547373,0.993 omega + 0.063 omega^2 + -0.001 theta omega^2,0.000,0.0000000000e+00,0.0000000000e+00,0.0000000000e+00,0.0000000000e+00,0.0000000000e+00,0.0000000000e+00,0.0000000000e+00,0.0000000000e+00,0.0000000000e+00,0.0000000000e+00
4699,2024-08-31 10:20:00,0.099979,13.802898,9.760379,1.004 omega + -0.037 omega^2,0.000,0.0000000000e+00,0.0000000000e+00,0.0000000000e+00,0.0000000000e+00,0.0000000000e+00,0.0000000000e+00,0.0000000000e+00,0.0000000000e+00,0.0000000000e+00,0.0000000000e+00
4700,2024-08-31 10:25:00,0.084744,12.840626,9.079891,0.995 omega + 0.002 theta omega + 0.101 omega^2 + -0.024 theta omega^2,0.000,0.0000000000e+00,0.0000000000e+00,0.0000000000e+00,0.0000000000e+00,0.0000000000e+00,0.0000000000e+00,0.0000000000e+00,0.0000000000e+00,0.0000000000e+00,0.0000000000e+00
4701,2024-08-31 10:30:00,0.062237,6.075418,4.296195,0.953 omega + 0.597 omega^2 + -1.841 omega^3,0.000,0.0000000000e+00,0.0000000000e+00,0.0000000000e+00,0.0000000000e+00,0.0000000000e+00,0.0000000000e+00,0.0000000000e+00,0.0000000000e+00,0.0000000000e+00,0.0000000000e+00
4702,2024-08-31 10:35:00,0.106505,15.901125,11.244046,0.001 1 + 0.994 omega + 0.051 omega^2 + -0.004 theta omega^2,0.000,0.0000000000e+00,0.0000000000e+00,0.0000000000e+00,0.0000000000e+00,0.0000000000e+00,0.0000000000e+00,0.0000000000e+00,0.0000000000e+00,0.0000000000e+00,0.0000000000e+00
4703,2024-08-31 10:40:00,0.023808,1.956960,1.383882,-0.002 1 + 1.032 omega + 0.001 theta omega + -0.077 omega^2 + -0.011 theta omega^2,0.000,0.0000000000e+00,0.0000000000e+00,0.0000000000e+00,0.0000000000e+00,0.0000000000e+00,0.0000000000e+00,0.0000000000e+00,0.0000000000e+00,0.0000000000e+00,0.0000000000e+00
4704,2024-08-31 10:45:00,0.036359,1.183985,0.837598,-0.001 1 + 1.017 omega + -0.108 omega^2 + 0.002 theta omega^2,0.000,0.0000000000e+00,0.0000000000e+00,0.0000000000e+00,0.0000000000e+00,0.0000000000e+00,0.0000000000e+00,0.0000000000e+00,0.0000000000e+00,0.0000000000e+00,0.0000000000e+00
4705,2024-08-31 10:50:00,0.048706,1.630371,1.153360,1.007 omega + -0.013 omega^2 + -0.004 theta omega^2,0.000,0.0000000000e+00,0.0000000000e+00,0.0000000000e+00,0.0000000000e+00,0.0000000000e+00,0.0000000000e+00,0.0000000000e+00,0.0000000000e+00,0.0000000000e+00,0.0000000000e+00
4706,2024-08-31 10:55:00,0.019549,2.665196,1.884629,0.988 omega + 0.057 omega^2 + -0.002 theta omega^2,0.000,0.0000000000e+00,0.0000000000e+00,0.0000000000e+00,0.0000000000e+00,0.0000000000e+00,0.0000000000e+00,0.0000000000e+00,0.0000000000e+00,0.0000000000e+00,0.0000000000e+00
4707,2024-08-31 11:00:00,0.028795,2.719025,1.922749,0.998 omega + 0.032 omega^2 + -0.002 theta omega^2,0.000,0.0000000000e+00,0.0000000000e+00,0.0000000000e+00,0.0000000000e+00,0.0000000000e+00,0.0000000000e+00,0.0000000000e+00,0.0000000000e+00,0.0000000000e+00,0.0000000000e+00
4708,2024-08-31 11:05:00,0.029873,2.769987,1.958790,0.026 1 + 0.567 omega + 2.337 omega^2 + -4.139 omega^3,0.000,0.0000000000e+00,0.0000000000e+00,0.0000000000e+00,0.0000000000e+00,0.0000000000e+00,0.0000000000e+00,0.0000000000e+00,0.0000000000e+00,0.0000000000e+00,0.0000000000e+00
4709,2024-08-31 11:10:00,0.029320,3.240369,2.291381,0.001 1 + 0.976 omega + 0.001 theta omega + 0.110 omega^2 + -0.004 theta omega^2,0.000,0.0000000000e+00,0.0000000000e+00,0.0000000000e+00,0.0000000000e+00,0.0000000000e+00,0.0000000000e+00,0.0000000000e+00,0.0000000000e+00,0.0000000000e+00,0.0000000000e+00
4710,2024-08-31 11:15:00,0.045165,6.260501,4.426958,0.004 1 + 0.934 omega + 0.001 theta omega + 0.246 omega^2 + -0.003 theta omega^2,0.000,0.0000000000e+00,0.0000000000e+00,0.0000000000e+00,0.0000000000e+00,0.0000000000e+00,0.0000000000e+00,0.0000000000e+00,0.0000000000e+00,0.0000000000e+00,0.0000000000e+00
4711,2024-08-31 11:20:00,0.104366,15.145981,10.710080,0.001 1 + 0.987 omega + 0.088 omega^2 + -0.002 theta omega^2,0.000,0.0000000000e+00,0.0000000000e+00,0.0000000000e+00,0.0000000000e+00,0.0000000000e+00,0.0000000000e+00,0.0000000000e+00,0.0000000000e+00,0.0000000000e+00,0.0000000000e+00
4712,2024-08-31 11:25:00,0.062233,2.629326,1.859735,0.001 1 + 1.010 omega + -0.001 theta omega + -0.092 omega^2 + 0.008 theta omega^2,0.000,0.0000000000e+00,0.0000000000e+00,0.0000000000e+00,0.0000000000e+00,0.0000000000e+00,0.0000000000e+00,0.0000000000e+00,0.0000000000e+00,0.0000000000e+00,0.0000000000e+00
4713,2024-08-31 11:30:00,0.056925,7.195790,5.088351,-0.003 1 + 1.058 omega + -0.001 theta omega + -0.233 omega^2 + 0.003 theta omega^2,0.000,0.0000000000e+00,0.0000000000e+00,0.0000000000e+00,0.0000000000e+00,0.0000000000e+00,0.0000000000e+00,0.0000000000e+00,0.0000000000e+00,0.0000000000e+00,0.0000000000e+00
4714,2024-08-31 11:35:00,0.035901,4.045092,2.860424,0.008 1 + 0.909 omega + 0.265 omega^2 + 0.003 theta omega^2,0.000,0.0000000000e+00,0.0000000000e+00,0.0000000000e+00,0.0000000000e+00,0.0000000000e+00,0.0000000000e+00,0.0000000000e+00,0.0000000000e+00,0.0000000000e+00,0.0000000000e+00
4715,2024-08-31 11:40:00,0.056102,7.626471,5.392875,-0.002 1 + 1.024 omega + -0.062 omega^2,0.000,0.0000000000e+00,0.0000000000e+00,0.0000000000e+00,0.0000000000e+00,0.0000000000e+00,0.0000000000e+00,0.0000000000e+00,0.0000000000e+00,0.0000000000e+00,0.0000000000e+00
4716,2024-08-31 11:45:00,0.021650,3.462048,2.448086,0.004 1 + 0.961 omega + 0.101 omega^2,0.000,0.0000000000e+00,0.0000000000e+00,0.0000000000e+00,0.0000000000e+00,0.0000000000e+00,0.0000000000e+00,0.0000000000e+00,0.0000000000e+00,0.0000000000e+00,0.0000000000e+00
4717,2024-08-31 11:50:00,0.032129,2.063963,1.459619,0.002 1 + 0.963 omega + 0.139 omega^2 + -0.001 theta omega^2,0.000,0.0000000000e+00,0.0000000000e+00,0.0000000000e+00,0.0000000000e+00,0.0000000000e+00,0.0000000000e+00,0.0000000000e+00,0.0000000000e+00,0.0000000000e+00,0.0000000000e+00
4718,2024-08-31 11:55:00,0.100135,13.120458,9.277835,0.998 omega + -0.002 theta omega^2,0.000,0.0000000000e+00,0.0000000000e+00,0.0000000000e+00,0.0000000000e+00,0.0000000000e+00,0.0000000000e+00,0.0000000000e+00,0.0000000000e+00,0.0000000000e+00,0.0000000000e+00
4719,2024-08-31 12:00:00,0.033583,2.021062,1.429304,1.005 omega + -0.026 omega^2,0.000,0.0000000000e+00,0.0000000000e+00,0.0000000000e+00,0.0000000000e+00,0.0000000000e+00,0.0000000000e+00,0.0000000000e+00,0.0000000000e+00,0.0000000000e+00,0.0000000000e+00
4720,2024-08-31 12:05:00,0.110031,14.350706,10.147780,1.006 omega + -0.024 omega^2,0.000,0.0000000000e+00,0.0000000000e+00,0.0000000000e+00,0.0000000000e+00,0.0000000000e+00,0.0000000000e+00,0.0000000000e+00,0.0000000000e+00,0.0000000000e+00,0.0000000000e+00
4721,2024-08-31 12:10:00,0.049830,2.946339,2.083674,0.020 1 + 0.745 omega + 1.055 omega^2 + -1.421 omega^3,0.000,0.0000000000e+00,0.0000000000e+00,0.0000000000e+00,0.0000000000e+00,0.0000000000e+00,0.0000000000e+00,0.0000000000e+00,0.0000000000e+00,0.0000000000e+00,0.0000000000e+00
4722,2024-08-31 12:15:00,0.058234,4.845474,3.426515,0.997 omega + 0.043 omega^2,0.000,0.0000000000e+00,0.0000000000e+00,0.0000000000e+00,0.0000000000e+00,0.0000000000e+00,0.0000000000e+00,0.0000000000e+00,0.0000000000e+00,0.0000000000e+00,0.0000000000e+00
4723,2024-08-31 12:20:00,0.071130,7.685942,5.435014,0.994 omega + 0.003 theta omega + 0.134 omega^2 + -0.036 theta omega^2,0.000,0.0000000000e+00,0.0000000000e+00,0.0000000000e+00,0.0000000000e+00,0.0000000000e+00,0.0000000000e+00,0.0000000000e+00,0.0000000000e+00,0.0000000000e+00,0.0000000000e+00
4724,2024-08-31 12:25:00,0.053787,2.921822,2.066390,0.990 omega + -0.204 omega^2 + -0.012 theta omega^2,0.000,0.0000000000e+00,0.0000000000e+00,0.0000000000e+00,0.0000000000e+00,0.0000000000e+00,0.0000000000e+00,0.0000000000e+00,0.0000000000e+00,0.0000000000e+00,0.0000000000e+00
4725,2024-08-31 12:30:00,0.143270,11.816461,8.356114,1.003 omega + 0.039 omega^2 + -0.238 omega^3,0.000,0.0000000000e+00,0.0000000000e+00,0.0000000000e+00,0.0000000000e+00,0.0000000000e+00,0.0000000000e+00,0.0000000000e+00,0.0000000000e+00,0.0000000000e+00,0.0000000000e+00
4726,2024-08-31 12:35:00,0.015192,0.994732,0.703464,0.006 1 + 0.936 omega + -0.002 theta omega + 0.156 omega^2 + 0.003 theta omega^2,0.000,0.0000000000e+00,0.0000000000e+00,0.0000000000e+00,0.0000000000e+00,0.0000000000e+00,0.0000000000e+00,0.0000000000e+00,0.0000000000e+00,0.0000000000e+00,0.0000000000e+00
4727,2024-08-31 12:40:00,0.081988,10.523185,7.441241,0.002 1 + 0.965 omega + 0.197 omega^2 + -0.366 omega^3,0.000,0.0000000000e+00,0.0000000000e+00,0.0000000000e+00,0.0000000000e+00,0.0000000000e+00,0.0000000000e+00,0.0000000000e+00,0.0000000000e+00,0.0000000000e+00,0.0000000000e+00
4728,2024-08-31 12:45:00,0.040967,5.576801,3.943501,0.008 1 + 0.915 omega + 0.234 omega^2 + -0.002 theta omega^2,0.000,0.0000000000e+00,0.0000000000e+00,0.0000000000e+00,0.0000000000e+00,0.0000000000e+00,0.0000000000e+00,0.0000000000e+00,0.0000000000e+00,0.0000000000e+00,0.0000000000e+00
4729,2024-08-31 12:50:00,0.027747,2.618031,1.851331,0.005 1 + 0.955 omega + 0.111 omega^2,0.000,0.0000000000e+00,0.0000000000e+00,0.0000000000e+00,0.0000000000e+00,0.0000000000e+00,0.0000000000e+00,0.0000000000e+00,0.0000000000e+00,0.0000000000e+00,0.0000000000e+00
4730,2024-08-31 12:55:00,0.123338,14.532294,10.276254,0.996 omega + 0.010 omega^2,0.000,0.0000000000e+00,0.0000000000e+00,0.0000000000e+00,0.0000000000e+00,0.0000000000e+00,0.0000000000e+00,0.0000000000e+00,0.0000000000e+00,0.0000000000e+00,0.0000000000e+00
4731,2024-08-31 13:00:00,0.105228,12.076337,8.539584,1.007 omega + -0.030 omega^2,0.000,0.0000000000e+00,0.0000000000e+00,0.0000000000e+00,0.0000000000e+00,0.0000000000e+00,0.0000000000e+00,0.0000000000e+00,0.0000000000e+00,0.0000000000e+00,0.0000000000e+00
4732,2024-08-31 13:05:00,0.031774,4.294770,3.036944,1.002 omega,0.000,0.0000000000e+00,0.0000000000e+00,0.0000000000e+00,0.0000000000e+00,0.0000000000e+00,0.0000000000e+00,0.0000000000e+00,0.0000000000e+00,0.0000000000e+00,0.0000000000e+00
4733,2024-08-31 13:10:00,0.106687,14.163894,10.015670,0.981 omega + 0.084 omega^2 + -0.001 theta omega^2,0.000,0.0000000000e+00,0.0000000000e+00,0.0000000000e+00,0.0000000000e+00,0.0000000000e+00,0.0000000000e+00,0.0000000000e+00,0.0000000000e+00,0.0000000000e+00,0.0000000000e+00
4734,2024-08-31 13:15:00,0.033426,5.290628,3.741114,1.005 omega + -0.091 omega^2 + 0.007 theta omega^2,0.000,0.0000000000e+00,0.0000000000e+00,0.0000000000e+00,0.0000000000e+00,0.0000000000e+00,0.0000000000e+00,0.0000000000e+00,0.0000000000e+00,0.0000000000e+00,0.0000000000e+00
4735,2024-08-31 13:20:00,0.049341,5.100800,3.606979,1.000 omega + 0.005 omega^2,0.000,0.0000000000e+00,0.0000000000e+00,0.0000000000e+00,0.0000000000e+00,0.0000000000e+00,0.0000000000e+00,0.0000000000e+00,0.0000000000e+00,0.0000000000e+00,0.0000000000e+00
4736,2024-08-31 13:25:00,0.199851,22.043369,15.587657,1.003 omega + -0.050 omega^2 + -0.336 omega^3,0.000,0.0000000000e+00,0.0000000000e+00,0.0000000000e+00,0.0000000000e+00,0.0000000000e+00,0.0000000000e+00,0.0000000000e+00,0.0000000000e+00,0.0000000000e+00,0.0000000000e+00
4737,2024-08-31 13:30:00,0.269465,32.996294,23.332681,0.999 omega + -0.017 omega^3,0.000,0.0000000000e+00,0.0000000000e+00,0.0000000000e+00,0.0000000000e+00,0.0000000000e+00,0.0000000000e+00,0.0000000000e+00,0.0000000000e+00,0.0000000000e+00,0.0000000000e+00
4738,2024-08-31 13:35:00,0.151169,18.176996,12.853522,0.998 omega + -0.021 omega^2,0.000,0.0000000000e+00,0.0000000000e+00,0.0000000000e+00,0.0000000000e+00,0.0000000000e+00,0.0000000000e+00,0.0000000000e+00,0.0000000000e+00,0.0000000000e+00,0.0000000000e+00
4739,2024-08-31 13:40:00,0.043581,3.170483,2.242082,1.002 omega + -0.002 theta omega^2,0.000,0.0000000000e+00,0.0000000000e+00,0.0000000000e+00,0.0000000000e+00,0.0000000000e+00,0.0000000000e+00,0.0000000000e+00,0.0000000000e+00,0.0000000000e+00,0.0000000000e+00
4740,2024-08-31 13:45:00,0.063247,4.236933,2.996298,1.020 omega + 0.002 theta omega + 0.075 omega^2 + 0.001 theta omega^2,0.000,0.0000000000e+00,0.0000000000e+00,0.0000000000e+00,0.0000000000e+00,0.0000000000e+00,0.0000000000e+00,0.0000000000e+00,0.0000000000e+00,0.0000000000e+00,0.0000000000e+00
4741,2024-08-31 13:50:00,0.093296,7.816957,5.527817,1.010 omega + 0.053 omega^2,0.000,0.0000000000e+00,0.0000000000e+00,0.0000000000e+00,0.0000000000e+00,0.0000000000e+00,0.0000000000e+00,0.0000000000e+00,0.0000000000e+00,0.0000000000e+00,0.0000000000e+00
4742,2024-08-31 13:55:00,0.055562,6.370585,4.504855,0.003 1 + 0.001 theta + 0.954 omega + 0.009 theta omega + -0.763 omega^2 + 0.025 theta omega^2 + -2.338 omega^3,0.000,0.0000000000e+00,0.0000000000e+00,0.0000000000e+00,0.0000000000e+00,0.0000000000e+00,0.0000000000e+00,0.0000000000e+00,0.0000000000e+00,0.0000000000e+00,0.0000000000e+00
4743,2024-08-31 14:00:00,0.224528,30.411091,21.504475,1.013 omega + 0.001 theta omega + 0.069 omega^2,0.000,0.0000000000e+00,0.0000000000e+00,0.0000000000e+00,0.0000000000e+00,0.0000000000e+00,0.0000000000e+00,0.0000000000e+00,0.0000000000e+00,0.0000000000e+00,0.0000000000e+00
4744,2024-08-31 14:05:00,0.077759,7.525566,5.321663,1.003 omega + -0.001 theta omega,0.000,0.0000000000e+00,0.0000000000e+00,0.0000000000e+00,0.0000000000e+00,0.0000000000e+00,0.0000000000e+00,0.0000000000e+00,0.0000000000e+00,0.0000000000e+00,0.0000000000e+00
4745,2024-08-31 14:10:00,0.061724,4.786123,3.384582,1.007 omega + -0.045 omega^2 + -0.016 theta omega^2,0.000,0.0000000000e+00,0.0000000000e+00,0.0000000000e+00,0.0000000000e+00,0.0000000000e+00,0.0000000000e+00,0.0000000000e+00,0.0000000000e+00,0.0000000000e+00,0.0000000000e+00
4746,2024-08-31 14:15:00,0.041716,6.017612,4.255196,0.987 omega + 0.001 theta omega + -0.467 omega^2 + 0.003 theta^2 omega + -0.219 theta omega^2,0.000,0.0000000000e+00,0.0000000000e+00,0.0000000000e+00,0.0000000000e+00,0.0000000000e+00,0.0000000000e+00,0.0000000000e+00,0.0000000000e+00,0.0000000000e+00,0.0000000000e+00
4747,2024-08-31 14:20:00,0.068756,5.329233,3.768650,1.015 omega + 0.149 omega^2 + -1.242 omega^3,0.015 omega + -0.112 theta omega^2,0.0000000000e+00,0.0000000000e+00,1.4879401724e-02,0.0000000000e+00,0.0000000000e+00,0.0000000000e+00,0.0000000000e+00,0.0000000000e+00,-1.1169486688e-01,0.0000000000e+00
4748,2024-08-31 14:25:00,0.104359,15.114236,10.687634,0.999 omega + -0.025 omega^2,0.000,0.0000000000e+00,0.0000000000e+00,0.0000000000e+00,0.0000000000e+00,0.0000000000e+00,0.0000000000e+00,0.0000000000e+00,0.0000000000e+00,0.0000000000e+00,0.0000000000e+00
4749,2024-08-31 14:30:00,0.139897,20.930746,14.800603,1.012 omega + -0.157 omega^2 + 0.514 omega^3,0.000,0.0000000000e+00,0.0000000000e+00,0.0000000000e+00,0.0000000000e+00,0.0000000000e+00,0.0000000000e+00,0.0000000000e+00,0.0000000000e+00,0.0000000000e+00,0.0000000000e+00
4750,2024-08-31 14:35:00,0.074537,12.669239,8.958660,-0.030 1 + 1.700 omega + -0.001 theta omega + -5.080 omega^2 + 0.003 theta omega^2 + 11.734 omega^3,0.000,0.0000000000e+00,0.0000000000e+00,0.0000000000e+00,0.0000000000e+00,0.0000000000e+00,0.0000000000e+00,0.0000000000e+00,0.0000000000e+00,0.0000000000e+00,0.0000000000e+00
4751,2024-08-31 14:40:00,0.026031,1.853853,1.311001,-0.001 1 + 1.027 omega + -0.139 omega^2 + 0.001 theta omega^2,0.000,0.0000000000e+00,0.0000000000e+00,0.0000000000e+00,0.0000000000e+00,0.0000000000e+00,0.0000000000e+00,0.0000000000e+00,0.0000000000e+00,0.0000000000e+00,0.0000000000e+00
4752,2024-08-31 14:45:00,0.193555,10.824012,7.654956,1.001 omega + -0.001 omega^3,0.000,0.0000000000e+00,0.0000000000e+00,0.0000000000e+00,0.0000000000e+00,0.0000000000e+00,0.0000000000e+00,0.0000000000e+00,0.0000000000e+00,0.0000000000e+00,0.0000000000e+00
4753,2024-08-31 14:50:00,0.151793,18.666137,13.199388,1.012 omega + 0.164 omega^2 + 0.433 omega^3,0.000,0.0000000000e+00,0.0000000000e+00,0.0000000000e+00,0.0000000000e+00,0.0000000000e+00,0.0000000000e+00,0.0000000000e+00,0.0000000000e+00,0.0000000000e+00,0.0000000000e+00
4754,2024-08-31 14:55:00,0.081121,6.525796,4.614791,1.001 omega,0.000,0.0000000000e+00,0.0000000000e+00,0.0000000000e+00,0.0000000000e+00,0.0000000000e+00,0.0000000000e+00,0.0000000000e+00,0.0000000000e+00,0.0000000000e+00,0.0000000000e+00
4755,2024-08-31 15:00:00,0.059180,2.777223,1.964239,1.002 omega + 0.018 omega^2,0.000,0.0000000000e+00,0.0000000000e+00,0.0000000000e+00,0.0000000000e+00,0.0000000000e+00,0.0000000000e+00,0.0000000000e+00,0.0000000000e+00,0.0000000000e+00,0.0000000000e+00
4756,2024-08-31 15:05:00,0.024272,3.163337,2.236883,0.006 1 + 0.896 omega + 0.598 omega^2 + -1.165 omega^3,0.000,0.0000000000e+00,0.0000000000e+00,0.0000000000e+00,0.0000000000e+00,0.0000000000e+00,0.0000000000e+00,0.0000000000e+00,0.0000000000e+00,0.0000000000e+00,0.0000000000e+00
4757,2024-08-31 15:10:00,0.034814,2.007390,1.419652,0.001 1 + 0.990 omega + 0.055 omega^2 + -0.001 theta omega^2,0.000,0.0000000000e+00,0.0000000000e+00,0.0000000000e+00,0.0000000000e+00,0.0000000000e+00,0.0000000000e+00,0.0000000000e+00,0.0000000000e+00,0.0000000000e+00,0.0000000000e+00
4758,2024-08-31 15:15:00,0.046992,3.840968,2.716178,0.002 1 + 0.974 omega + 0.086 omega^2,0.000,0.0000000000e+00,0.0000000000e+00,0.0000000000e+00,0.0000000000e+00,0.0000000000e+00,0.0000000000e+00,0.0000000000e+00,0.0000000000e+00,0.0000000000e+00,0.0000000000e+00
4759,2024-08-31 15:20:00,0.044502,3.496699,2.472740,1.003 omega + -0.009 omega^2 + -0.001 theta omega^2,0.000,0.0000000000e+00,0.0000000000e+00,0.0000000000e+00,0.0000000000e+00,0.0000000000e+00,0.0000000000e+00,0.0000000000e+00,0.0000000000e+00,0.0000000000e+00,0.0000000000e+00
4760,2024-08-31 15:25:00,0.082253,9.694886,6.855566,0.974 omega + 0.015 theta omega + 0.404 omega^2 + -0.002 theta^2 omega + -0.188 theta omega^2,0.000,0.0000000000e+00,0.0000000000e+00,0.0000000000e+00,0.0000000000e+00,0.0000000000e+00,0.0000000000e+00,0.0000000000e+00,0.0000000000e+00,0.0000000000e+00,0.0000000000e+00
4761,2024-08-31 15:30:00,0.125449,15.684893,11.091249,-0.003 1 + 1.043 omega + -0.131 omega^2 + 0.002 theta omega^2,0.000,0.0000000000e+00,0.0000000000e+00,0.0000000000e+00,0.0000000000e+00,0.0000000000e+00,0.0000000000e+00,0.0000000000e+00,0.0000000000e+00,0.0000000000e+00,0.0000000000e+00
4762,2024-08-31 15:35:00,0.054743,8.191030,5.792062,0.010 1 + 0.910 omega + 0.194 omega^2,0.000,0.0000000000e+00,0.0000000000e+00,0.0000000000e+00,0.0000000000e+00,0.0000000000e+00,0.0000000000e+00,0.0000000000e+00,0.0000000000e+00,0.0000000000e+00,0.0000000000e+00
4763,2024-08-31 15:40:00,0.029000,0.941857,0.666309,-0.001 1 + 1.005 omega + 0.001 omega^2,0.000,0.0000000000e+00,0.0000000000e+00,0.0000000000e+00,0.0000000000e+00,0.0000000000e+00,0.0000000000e+00,0.0000000000e+00,0.0000000000e+00,0.0000000000e+00,0.0000000000e+00
4764,2024-08-31 15:45:00,0.029294,1.592371,1.126167,0.999 omega,0.000,0.0000000000e+00,0.0000000000e+00,0.0000000000e+00,0.0000000000e+00,0.0000000000e+00,0.0000000000e+00,0.0000000000e+00,0.0000000000e+00,0.0000000000e+00,0.0000000000e+00
4765,2024-08-31 15:50:00,0.042001,6.116092,4.324832,0.001 1 + 0.971 omega + 0.001 theta omega + 0.178 omega^2 + -0.009 theta omega^2,0.000,0.0000000000e+00,0.0000000000e+00,0.0000000000e+00,0.0000000000e+00,0.0000000000e+00,0.0000000000e+00,0.0000000000e+00,0.0000000000e+00,0.0000000000e+00,0.0000000000e+00
4766,2024-08-31 15:55:00,0.087693,12.908530,9.127920,0.998 omega,0.000,0.0000000000e+00,0.0000000000e+00,0.0000000000e+00,0.0000000000e+00,0.0000000000e+00,0.0000000000e+00,0.0000000000e+00,0.0000000000e+00,0.0000000000e+00,0.0000000000e+00
4767,2024-08-31 16:00:00,0.103806,16.241386,11.484629,1.010 omega + -0.073 omega^2,0.000,0.0000000000e+00,0.0000000000e+00,0.0000000000e+00,0.0000000000e+00,0.0000000000e+00,0.0000000000e+00,0.0000000000e+00,0.0000000000e+00,0.0000000000e+00,0.0000000000e+00
4768,2024-08-31 16:05:00,0.031181,3.067688,2.169295,0.998 omega + 0.023 omega^2,0.000,0.0000000000e+00,0.0000000000e+00,0.0000000000e+00,0.0000000000e+00,0.0000000000e+00,0.0000000000e+00,0.0000000000e+00,0.0000000000e+00,0.0000000000e+00,0.0000000000e+00
4769,2024-08-31 16:10:00,0.027030,2.505750,1.771936,-0.003 1 + 1.054 omega + -0.242 omega^2 + 0.003 theta omega^2,0.000,0.0000000000e+00,0.0000000000e+00,0.0000000000e+00,0.0000000000e+00,0.0000000000e+00,0.0000000000e+00,0.0000000000e+00,0.0000000000e+00,0.0000000000e+00,0.0000000000e+00
4770,2024-08-31 16:15:00,0.019489,2.867780,2.027873,-0.001 1 + 1.008 omega + -0.003 theta omega^2,0.000,0.0000000000e+00,0.0000000000e+00,0.0000000000e+00,0.0000000000e+00,0.0000000000e+00,0.0000000000e+00,0.0000000000e+00,0.0000000000e+00,0.0000000000e+00,0.0000000000e+00
4771,2024-08-31 16:20:00,0.036963,4.424072,3.128400,0.001 1 + 0.970 omega + 0.001 theta omega + 0.183 omega^2 + -0.008 theta omega^2,0.000,0.0000000000e+00,0.0000000000e+00,0.0000000000e+00,0.0000000000e+00,0.0000000000e+00,0.0000000000e+00,0.0000000000e+00,0.0000000000e+00,0.0000000000e+00,0.0000000000e+00
4772,2024-08-31 16:25:00,0.041928,5.269832,3.726452,-0.009 1 + 1.140 omega + 0.001 theta omega + -0.716 omega^2 + -0.013 theta omega^2 + 1.616 omega^3,0.000,0.0000000000e+00,0.0000000000e+00,0.0000000000e+00,0.0000000000e+00,0.0000000000e+00,0.0000000000e+00,0.0000000000e+00,0.0000000000e+00,0.0000000000e+00,0.0000000000e+00
4773,2024-08-31 16:30:00,0.032918,3.449527,2.439295,-0.001 1 + 1.007 omega + 0.001 theta omega + -0.005 theta omega^2,0.000,0.0000000000e+00,0.0000000000e+00,0.0000000000e+00,0.0000000000e+00,0.0000000000e+00,0.0000000000e+00,0.0000000000e+00,0.0000000000e+00,0.0000000000e+00,0.0000000000e+00
4774,2024-08-31 16:35:00,0.037548,2.186615,1.546398,-0.001 1 + 1.010 omega + -0.028 omega^2,0.000,0.0000000000e+00,0.0000000000e+00,0.0000000000e+00,0.0000000000e+00,0.0000000000e+00,0.0000000000e+00,0.0000000000e+00,0.0000000000e+00,0.0000000000e+00,0.0000000000e+00
4775,2024-08-31 16:40:00,0.295152,44.893088,31.744893,0.998 omega + -0.069 omega^2 + -0.269 omega^3,0.000,0.0000000000e+00,0.0000000000e+00,0.0000000000e+00,0.0000000000e+00,0.0000000000e+00,0.0000000000e+00,0.0000000000e+00,0.0000000000e+00,0.0000000000e+00,0.0000000000e+00
4776,2024-08-31 16:45:00,0.241688,37.602485,26.589521,0.990 omega + 0.055 omega^2 + -0.007 theta omega^2 + 0.539 omega^3,0.000,0.0000000000e+00,0.0000000000e+00,0.0000000000e+00,0.0000000000e+00,0.0000000000e+00,0.0000000000e+00,0.0000000000e+00,0.0000000000e+00,0.0000000000e+00,0.0000000000e+00
4777,2024-08-31 16:50:00,0.035740,3.591226,2.539506,1.003 omega + -0.028 omega^2 + 0.001 theta omega^2,0.000,0.0000000000e+00,0.0000000000e+00,0.0000000000e+00,0.0000000000e+00,0.0000000000e+00,0.0000000000e+00,0.0000000000e+00,0.0000000000e+00,0.0000000000e+00,0.0000000000e+00
4778,2024-08-31 16:55:00,0.056811,2.453699,1.735492,1.000 omega,0.000,0.0000000000e+00,0.0000000000e+00,0.0000000000e+00,0.0000000000e+00,0.0000000000e+00,0.0000000000e+00,0.0000000000e+00,0.0000000000e+00,0.0000000000e+00,0.0000000000e+00
4779,2024-08-31 17:00:00,0.101806,6.686892,4.728894,1.002 omega,0.000,0.0000000000e+00,0.0000000000e+00,0.0000000000e+00,0.0000000000e+00,0.0000000000e+00,0.0000000000e+00,0.0000000000e+00,0.0000000000e+00,0.0000000000e+00,0.0000000000e+00
4780,2024-08-31 17:05:00,0.080637,5.875772,4.155189,0.002 1 + 0.924 omega + 0.001 theta omega + 0.594 omega^2 + -0.003 theta omega^2 + -1.229 omega^3,0.000,0.0000000000e+00,0.0000000000e+00,0.0000000000e+00,0.0000000000e+00,0.0000000000e+00,0.0000000000e+00,0.0000000000e+00,0.0000000000e+00,0.0000000000e+00,0.0000000000e+00
4781,2024-08-31 17:10:00,0.075120,5.071270,3.586323,1.003 omega + -0.057 omega^2 + -0.049 theta omega^2 + 0.537 omega^3,-0.058 theta omega^2,0.0000000000e+00,0.0000000000e+00,0.0000000000e+00,0.0000000000e+00,0.0000000000e+00,0.0000000000e+00,0.0000000000e+00,0.0000000000e+00,-5.8392335282e-02,0.0000000000e+00
4782,2024-08-31 17:15:00,0.056697,6.300752,4.455485,1.009 omega + 0.001 theta omega + 0.039 omega^2 + -0.003 theta omega^2,0.000,0.0000000000e+00,0.0000000000e+00,0.0000000000e+00,0.0000000000e+00,0.0000000000e+00,0.0000000000e+00,0.0000000000e+00,0.0000000000e+00,0.0000000000e+00,0.0000000000e+00
4783,2024-08-31 17:20:00,0.125280,5.468975,3.868164,1.001 omega,0.000,0.0000000000e+00,0.0000000000e+00,0.0000000000e+00,0.0000000000e+00,0.0000000000e+00,0.0000000000e+00,0.0000000000e+00,0.0000000000e+00,0.0000000000e+00,0.0000000000e+00
4784,2024-08-31 17:25:00,0.027004,4.115025,2.909824,0.025 1 + 1.293 omega + -0.001 theta omega + 1.124 omega^2 + -0.004 theta omega^2 + 1.459 omega^3,0.000,0.0000000000e+00,0.0000000000e+00,0.0000000000e+00,0.0000000000e+00,0.0000000000e+00,0.0000000000e+00,0.0000000000e+00,0.0000000000e+00,0.0000000000e+00,0.0000000000e+00
4785,2024-08-31 17:30:00,0.040527,3.550422,2.510691,-0.001 1 + 0.983 omega + -0.067 omega^2 + -0.001 theta omega^2,0.000,0.0000000000e+00,0.0000000000e+00,0.0000000000e+00,0.0000000000e+00,0.0000000000e+00,0.0000000000e+00,0.0000000000e+00,0.0000000000e+00,0.0000000000e+00,0.0000000000e+00
4786,2024-08-31 17:35:00,0.091875,13.885464,9.818720,1.000 omega,0.000,0.0000000000e+00,0.0000000000e+00,0.0000000000e+00,0.0000000000e+00,0.0000000000e+00,0.0000000000e+00,0.0000000000e+00,0.0000000000e+00,0.0000000000e+00,0.0000000000e+00
4787,2024-08-31 17:40:00,0.102159,9.919058,7.014205,0.998 omega + -0.073 omega^2 + -0.016 theta omega^2,-0.127 omega^2 + -0.035 theta omega^2,0.0000000000e+00,0.0000000000e+00,0.0000000000e+00,0.0000000000e+00,0.0000000000e+00,-1.2674169968e-01,0.0000000000e+00,0.0000000000e+00,-3.4500861063e-02,0.0000000000e+00
4788,2024-08-31 17:45:00,0.104189,7.206110,5.096021,1.002 omega + 0.012 omega^2 + -0.003 theta omega^2,0.000,0.0000000000e+00,0.0000000000e+00,0.0000000000e+00,0.0000000000e+00,0.0000000000e+00,0.0000000000e+00,0.0000000000e+00,0.0000000000e+00,0.0000000000e+00,0.0000000000e+00
4789,2024-08-31 17:50:00,0.177806,15.580378,11.017709,1.005 omega + -0.042 omega^2 + -0.332 omega^3,0.000,0.0000000000e+00,0.0000000000e+00,0.0000000000e+00,0.0000000000e+00,0.0000000000e+00,0.0000000000e+00,0.0000000000e+00,0.0000000000e+00,0.0000000000e+00,0.0000000000e+00
4790,2024-08-31 17:55:00,0.112507,5.256991,3.718106,0.996 omega + -0.015 omega^2,0.000,0.0000000000e+00,0.0000000000e+00,0.0000000000e+00,0.0000000000e+00,0.0000000000e+00,0.0000000000e+00,0.0000000000e+00,0.0000000000e+00,0.0000000000e+00,0.0000000000e+00
4791,2024-08-31 18:00:00,0.084784,11.940712,8.443571,-0.001 1 + 1.013 omega + -0.011 omega^2 + -0.002 theta omega^2,0.000,0.0000000000e+00,0.0000000000e+00,0.0000000000e+00,0.0000000000e+00,0.0000000000e+00,0.0000000000e+00,0.0000000000e+00,0.0000000000e+00,0.0000000000e+00,0.0000000000e+00
4792,2024-08-31 18:05:00,0.190872,27.708885,19.593605,0.996 omega + -0.032 omega^2 + -0.009 theta omega^2 + 0.347 omega^3,0.000,0.0000000000e+00,0.0000000000e+00,0.0000000000e+00,0.0000000000e+00,0.0000000000e+00,0.0000000000e+00,0.0000000000e+00,0.0000000000e+00,0.0000000000e+00,0.0000000000e+00
4793,2024-08-31 18:10:00,0.137137,18.074064,12.780661,-0.007 1 + 1.161 omega + -1.010 omega^2 + 1.891 omega^3,0.000,0.0000000000e+00,0.0000000000e+00,0.0000000000e+00,0.0000000000e+00,0.0000000000e+00,0.0000000000e+00,0.0000000000e+00,0.0000000000e+00,0.0000000000e+00,0.0000000000e+00
4794,2024-08-31 18:15:00,0.169796,23.929855,16.921389,1.001 omega + -0.017 omega^2,0.000,0.0000000000e+00,0.0000000000e+00,0.0000000000e+00,0.0000000000e+00,0.0000000000e+00,0.0000000000e+00,0.0000000000e+00,0.0000000000e+00,0.0000000000e+00,0.0000000000e+00
4795,2024-08-31 18:20:00,0.068797,7.197554,5.089672,1.003 omega + -0.001 theta omega + -0.027 omega^2 + 0.004 theta omega^2,0.000,0.0000000000e+00,0.0000000000e+00,0.0000000000e+00,0.0000000000e+00,0.0000000000e+00,0.0000000000e+00,0.0000000000e+00,0.0000000000e+00,0.0000000000e+00,0.0000000000e+00
4796,2024-08-31 18:25:00,0.075446,10.855809,7.676402,1.004 omega + -0.001 theta omega + 0.064 omega^2,0.000,0.0000000000e+00,0.0000000000e+00,0.0000000000e+00,0.0000000000e+00,0.0000000000e+00,0.0000000000e+00,0.0000000000e+00,0.0000000000e+00,0.0000000000e+00,0.0000000000e+00
4797,2024-08-31 18:30:00,0.138085,21.453888,15.170504,0.995 omega + 0.058 omega^2,0.000,0.0000000000e+00,0.0000000000e+00,0.0000000000e+00,0.0000000000e+00,0.0000000000e+00,0.0000000000e+00,0.0000000000e+00,0.0000000000e+00,0.0000000000e+00,0.0000000000e+00
4798,2024-08-31 18:35:00,0.249931,32.303400,22.842637,1.003 omega + -0.053 omega^2 + -0.298 omega^3,0.000,0.0000000000e+00,0.0000000000e+00,0.0000000000e+00,0.0000000000e+00,0.0000000000e+00,0.0000000000e+00,0.0000000000e+00,0.0000000000e+00,0.0000000000e+00,0.0000000000e+00
4799,2024-08-31 18:40:00,0.207502,19.290619,13.641317,1.001 omega + 0.013 omega^2,0.000,0.0000000000e+00,0.0000000000e+00,0.0000000000e+00,0.0000000000e+00,0.0000000000e+00,0.0000000000e+00,0.0000000000e+00,0.0000000000e+00,0.0000000000e+00,0.0000000000e+00
4800,2024-08-31 18:45:00,0.040409,2.083801,1.473747,0.001 1 + 0.986 omega + 0.058 omega^2,0.000,0.0000000000e+00,0.0000000000e+00,0.0000000000e+00,0.0000000000e+00,0.0000000000e+00,0.0000000000e+00,0.0000000000e+00,0.0000000000e+00,0.0000000000e+00,0.0000000000e+00
4801,2024-08-31 18:50:00,0.163784,7.562969,5.349081,1.015 omega + -0.048 omega^2 + -0.378 omega^3,0.000,0.0000000000e+00,0.0000000000e+00,0.0000000000e+00,0.0000000000e+00,0.0000000000e+00,0.0000000000e+00,0.0000000000e+00,0.0000000000e+00,0.0000000000e+00,0.0000000000e+00
4802,2024-08-31 18:55:00,0.052009,5.144765,3.638084,0.002 1 + 1.016 omega + 0.040 omega^2,0.000,0.0000000000e+00,0.0000000000e+00,0.0000000000e+00,0.0000000000e+00,0.0000000000e+00,0.0000000000e+00,0.0000000000e+00,0.0000000000e+00,0.0000000000e+00,0.0000000000e+00
4803,2024-08-31 19:00:00,0.084501,3.475073,2.457974,1.005 omega + 0.019 omega^2,0.000,0.0000000000e+00,0.0000000000e+00,0.0000000000e+00,0.0000000000e+00,0.0000000000e+00,0.0000000000e+00,0.0000000000e+00,0.0000000000e+00,0.0000000000e+00,0.0000000000e+00
4804,2024-08-31 19:05:00,0.094320,12.057664,8.526317,0.015 1 + 1.279 omega + 1.505 omega^2 + 0.002 theta omega^2 + 2.504 omega^3,0.000,0.0000000000e+00,0.0000000000e+00,0.0000000000e+00,0.0000000000e+00,0.0000000000e+00,0.0000000000e+00,0.0000000000e+00,0.0000000000e+00,0.0000000000e+00,0.0000000000e+00
4805,2024-08-31 19:10:00,0.120342,13.584128,9.605806,0.995 omega,0.000,0.0000000000e+00,0.0000000000e+00,0.0000000000e+00,0.0000000000e+00,0.0000000000e+00,0.0000000000e+00,0.0000000000e+00,0.0000000000e+00,0.0000000000e+00,0.0000000000e+00
4806,2024-08-31 19:15:00,0.102671,8.921230,6.308680,0.998 omega + 0.001 theta omega,0.000,0.0000000000e+00,0.0000000000e+00,0.0000000000e+00,0.0000000000e+00,0.0000000000e+00,0.0000000000e+00,0.0000000000e+00,0.0000000000e+00,0.0000000000e+00,0.0000000000e+00
4807,2024-08-31 19:20:00,0.028651,1.082040,0.765386,0.002 1 + 1.023 omega + 0.066 omega^2,0.000,0.0000000000e+00,0.0000000000e+00,0.0000000000e+00,0.0000000000e+00,0.0000000000e+00,0.0000000000e+00,0.0000000000e+00,0.0000000000e+00,0.0000000000e+00,0.0000000000e+00
4808,2024-08-31 19:25:00,0.046809,4.848149,3.428319,-0.001 1 + 0.980 omega + -0.092 omega^2 + -0.003 theta omega^2,0.000,0.0000000000e+00,0.0000000000e+00,0.0000000000e+00,0.0000000000e+00,0.0000000000e+00,0.0000000000e+00,0.0000000000e+00,0.0000000000e+00,0.0000000000e+00,0.0000000000e+00
4809,2024-08-31 19:30:00,0.144103,9.899371,7.000654,0.998 omega + 0.027 omega^2 + 0.201 omega^3,0.000,0.0000000000e+00,0.0000000000e+00,0.0000000000e+00,0.0000000000e+00,0.0000000000e+00,0.0000000000e+00,0.0000000000e+00,0.0000000000e+00,0.0000000000e+00,0.0000000000e+00
4810,2024-08-31 19:35:00,0.147313,16.580307,11.724510,-0.008 1 + 1.068 omega + -0.131 omega^2,0.000,0.0000000000e+00,0.0000000000e+00,0.0000000000e+00,0.0000000000e+00,0.0000000000e+00,0.0000000000e+00,0.0000000000e+00,0.0000000000e+00,0.0000000000e+00,0.0000000000e+00
4811,2024-08-31 19:40:00,0.222883,28.443415,20.113149,0.997 omega + -0.006 omega^2,0.000,0.0000000000e+00,0.0000000000e+00,0.0000000000e+00,0.0000000000e+00,0.0000000000e+00,0.0000000000e+00,0.0000000000e+00,0.0000000000e+00,0.0000000000e+00,0.0000000000e+00
4812,2024-08-31 19:45:00,0.175785,21.235586,15.016342,1.020 omega + -0.079 omega^2,0.000,0.0000000000e+00,0.0000000000e+00,0.0000000000e+00,0.0000000000e+00,0.0000000000e+00,0.0000000000e+00,0.0000000000e+00,0.0000000000e+00,0.0000000000e+00,0.0000000000e+00
4813,2024-08-31 19:50:00,0.224931,37.847927,26.762999,1.002 omega + -0.002 theta omega^2 + 0.029 omega^3,0.000,0.0000000000e+00,0.0000000000e+00,0.0000000000e+00,0.0000000000e+00,0.0000000000e+00,0.0000000000e+00,0.0000000000e+00,0.0000000000e+00,0.0000000000e+00,0.0000000000e+00
4814,2024-08-31 19:55:00,0.066217,9.989776,7.063993,0.999 omega + 0.003 omega^2,0.000,0.0000000000e+00,0.0000000000e+00,0.0000000000e+00,0.0000000000e+00,0.0000000000e+00,0.0000000000e+00,0.0000000000e+00,0.0000000000e+00,0.0000000000e+00,0.0000000000e+00
4815,2024-08-31 20:00:00,0.307881,42.669731,30.172842,1.002 omega + 0.018 omega^2 + -0.137 omega^3,0.000,0.0000000000e+00,0.0000000000e+00,0.0000000000e+00,0.0000000000e+00,0.0000000000e+00,0.0000000000e+00,0.0000000000e+00,0.0000000000e+00,0.0000000000e+00,0.0000000000e+00
4816,2024-08-31 20:05:00,0.062931,9.009834,6.371070,0.999 omega,0.000,0.0000000000e+00,0.0000000000e+00,0.0000000000e+00,0.0000000000e+00,0.0000000000e+00,0.0000000000e+00,0.0000000000e+00,0.0000000000e+00,0.0000000000e+00,0.0000000000e+00
4817,2024-08-31 20:10:00,0.142909,10.538646,7.452633,1.008 omega + 0.001 theta omega + -0.004 omega^2 + 0.002 theta omega^2 + -0.011 omega^3,0.000,0.0000000000e+00,0.0000000000e+00,0.0000000000e+00,0.0000000000e+00,0.0000000000e+00,0.0000000000e+00,0.0000000000e+00,0.0000000000e+00,0.0000000000e+00,0.0000000000e+00
4818,2024-08-31 20:15:00,0.052248,7.757019,5.485165,0.012 1 + 1.187 omega + 0.960 omega^2 + 1.593 omega^3,0.000,0.0000000000e+00,0.0000000000e+00,0.0000000000e+00,0.0000000000e+00,0.0000000000e+00,0.0000000000e+00,0.0000000000e+00,0.0000000000e+00,0.0000000000e+00,0.0000000000e+00
4819,2024-08-31 20:20:00,0.091281,13.551265,9.582409,0.998 omega + -0.013 omega^2,0.000,0.0000000000e+00,0.0000000000e+00,0.0000000000e+00,0.0000000000e+00,0.0000000000e+00,0.0000000000e+00,0.0000000000e+00,0.0000000000e+00,0.0000000000e+00,0.0000000000e+00
4820,2024-08-31 20:25:00,0.053225,6.645527,4.699248,0.007 1 + 1.048 omega + -0.002 theta omega + 0.064 omega^2 + -0.009 theta omega^2,0.000,0.0000000000e+00,0.0000000000e+00,0.0000000000e+00,0.0000000000e+00,0.0000000000e+00,0.0000000000e+00,0.0000000000e+00,0.0000000000e+00,0.0000000000e+00,0.0000000000e+00
4821,2024-08-31 20:30:00,0.092469,12.154852,8.595027,1.001 omega + -0.015 omega^2,0.000,0.0000000000e+00,0.0000000000e+00,0.0000000000e+00,0.0000000000e+00,0.0000000000e+00,0.0000000000e+00,0.0000000000e+00,0.0000000000e+00,0.0000000000e+00,0.0000000000e+00
4822,2024-08-31 20:35:00,0.165061,15.512992,10.969963,1.004 omega + 0.021 omega^2 + -0.221 omega^3,0.000,0.0000000000e+00,0.0000000000e+00,0.0000000000e+00,0.0000000000e+00,0.0000000000e+00,0.0000000000e+00,0.0000000000e+00,0.0000000000e+00,0.0000000000e+00,0.0000000000e+00
4823,2024-08-31 20:40:00,0.141122,13.604700,9.620494,0.999 omega,0.000,0.0000000000e+00,0.0000000000e+00,0.0000000000e+00,0.0000000000e+00,0.0000000000e+00,0.0000000000e+00,0.0000000000e+00,0.0000000000e+00,0.0000000000e+00,0.0000000000e+00
4824,2024-08-31 20:45:00,0.118931,13.755308,9.726835,0.993 omega + 0.011 omega^2 + -0.018 theta omega^2 + 0.904 omega^3,-0.011 theta omega^2,0.0000000000e+00,0.0000000000e+00,0.0000000000e+00,0.0000000000e+00,0.0000000000e+00,0.0000000000e+00,0.0000000000e+00,0.0000000000e+00,-1.1480242411e-02,0.0000000000e+00
4825,2024-08-31 20:50:00,0.049569,5.024123,3.552764,1.003 omega + -0.005 theta omega^2,0.000,0.0000000000e+00,0.0000000000e+00,0.0000000000e+00,0.0000000000e+00,0.0000000000e+00,0.0000000000e+00,0.0000000000e+00,0.0000000000e+00,0.0000000000e+00,0.0000000000e+00
4826,2024-08-31 20:55:00,0.094894,5.906751,4.177243,1.002 omega + 0.007 omega^2,0.000,0.0000000000e+00,0.0000000000e+00,0.0000000000e+00,0.0000000000e+00,0.0000000000e+00,0.0000000000e+00,0.0000000000e+00,0.0000000000e+00,0.0000000000e+00,0.0000000000e+00
4827,2024-08-31 21:00:00,0.031726,0.744851,0.527167,0.003 1 + 1.020 omega + 0.027 omega^2,0.000,0.0000000000e+00,0.0000000000e+00,0.0000000000e+00,0.0000000000e+00,0.0000000000e+00,0.0000000000e+00,0.0000000000e+00,0.0000000000e+00,0.0000000000e+00,0.0000000000e+00
4828,2024-08-31 21:05:00,0.096147,10.424387,7.371468,1.001 omega + -0.004 theta omega^2,0.000,0.0000000000e+00,0.0000000000e+00,0.0000000000e+00,0.0000000000e+00,0.0000000000e+00,0.0000000000e+00,0.0000000000e+00,0.0000000000e+00,0.0000000000e+00,0.0000000000e+00
4829,2024-08-31 21:10:00,0.132609,3.887417,2.750418,1.002 omega,0.000,0.0000000000e+00,0.0000000000e+00,0.0000000000e+00,0.0000000000e+00,0.0000000000e+00,0.0000000000e+00,0.0000000000e+00,0.0000000000e+00,0.0000000000e+00,0.0000000000e+00
4830,2024-08-31 21:15:00,0.158728,17.129245,12.112725,0.997 omega,0.000,0.0000000000e+00,0.0000000000e+00,0.0000000000e+00,0.0000000000e+00,0.0000000000e+00,0.0000000000e+00,0.0000000000e+00,0.0000000000e+00,0.0000000000e+00,0.0000000000e+00
4831,2024-08-31 21:20:00,0.162445,22.890033,16.186105,0.995 omega + 0.016 omega^2 + 0.221 omega^3,0.000,0.0000000000e+00,0.0000000000e+00,0.0000000000e+00,0.0000000000e+00,0.0000000000e+00,0.0000000000e+00,0.0000000000e+00,0.0000000000e+00,0.0000000000e+00,0.0000000000e+00
4832,2024-08-31 21:25:00,0.107279,11.055322,7.817661,1.013 omega + -0.003 theta omega,0.000,0.0000000000e+00,0.0000000000e+00,0.0000000000e+00,0.0000000000e+00,0.0000000000e+00,0.0000000000e+00,0.0000000000e+00,0.0000000000e+00,0.0000000000e+00,0.0000000000e+00
4833,2024-08-31 21:30:00,0.106393,11.645100,8.234673,0.999 omega,0.000,0.0000000000e+00,0.0000000000e+00,0.0000000000e+00,0.0000000000e+00,0.0000000000e+00,0.0000000000e+00,0.0000000000e+00,0.0000000000e+00,0.0000000000e+00,0.0000000000e+00
4834,2024-08-31 21:35:00,0.118196,16.153416,11.422496,0.998 omega + -0.108 omega^2 + -0.020 theta omega^2,0.000,0.0000000000e+00,0.0000000000e+00,0.0000000000e+00,0.0000000000e+00,0.0000000000e+00,0.0000000000e+00,0.0000000000e+00,0.0000000000e+00,0.0000000000e+00,0.0000000000e+00
4835,2024-08-31 21:40:00,0.177521,28.367348,20.059137,0.997 omega + 0.021 omega^2,0.000,0.0000000000e+00,0.0000000000e+00,0.0000000000e+00,0.0000000000e+00,0.0000000000e+00,0.0000000000e+00,0.0000000000e+00,0.0000000000e+00,0.0000000000e+00,0.0000000000e+00
4836,2024-08-31 21:45:00,0.095447,5.516410,3.901275,1.009 omega + -0.001 theta omega + 0.106 omega^2 + -0.020 theta omega^2,0.000,0.0000000000e+00,0.0000000000e+00,0.0000000000e+00,0.0000000000e+00,0.0000000000e+00,0.0000000000e+00,0.0000000000e+00,0.0000000000e+00,0.0000000000e+00,0.0000000000e+00
4837,2024-08-31 21:50:00,0.189858,12.804909,9.055433,1.000 omega,0.000,0.0000000000e+00,0.0000000000e+00,0.0000000000e+00,0.0000000000e+00,0.0000000000e+00,0.0000000000e+00,0.0000000000e+00,0.0000000000e+00,0.0000000000e+00,0.0000000000e+00
4838,2024-08-31 21:55:00,0.192649,26.434218,18.692311,0.997 omega + -0.034 omega^2 + -0.013 theta omega^2 + 0.229 omega^3,0.000,0.0000000000e+00,0.0000000000e+00,0.0000000000e+00,0.0000000000e+00,0.0000000000e+00,0.0000000000e+00,0.0000000000e+00,0.0000000000e+00,0.0000000000e+00,0.0000000000e+00
4839,2024-08-31 22:00:00,0.033717,4.282599,3.028348,-0.003 1 + 0.960 omega + -0.156 omega^2,0.000,0.0000000000e+00,0.0000000000e+00,0.0000000000e+00,0.0000000000e+00,0.0000000000e+00,0.0000000000e+00,0.0000000000e+00,0.0000000000e+00,0.0000000000e+00,0.0000000000e+00
4840,2024-08-31 22:05:00,0.022278,1.842163,1.302701,0.001 1 + 0.994 omega + -0.002 theta omega + -0.105 omega^2 + -0.015 theta omega^2,0.000,0.0000000000e+00,0.0000000000e+00,0.0000000000e+00,0.0000000000e+00,0.0000000000e+00,0.0000000000e+00,0.0000000000e+00,0.0000000000e+00,0.0000000000e+00,0.0000000000e+00
4841,2024-08-31 22:10:00,0.181676,17.119156,12.105753,1.003 omega + 0.021 omega^2 + -0.148 omega^3,0.000,0.0000000000e+00,0.0000000000e+00,0.0000000000e+00,0.0000000000e+00,0.0000000000e+00,0.0000000000e+00,0.0000000000e+00,0.0000000000e+00,0.0000000000e+00,0.0000000000e+00
4842,2024-08-31 22:15:00,0.055286,6.622228,4.682786,0.003 1 + 0.907 omega + 0.002 theta omega + 0.376 omega^2 + -0.009 theta omega^2,0.000,0.0000000000e+00,0.0000000000e+00,0.0000000000e+00,0.0000000000e+00,0.0000000000e+00,0.0000000000e+00,0.0000000000e+00,0.0000000000e+00,0.0000000000e+00,0.0000000000e+00
4843,2024-08-31 22:20:00,0.074424,11.277715,7.974723,-0.006 1 + 1.151 omega + -1.129 omega^2 + 0.003 theta omega^2 + 2.538 omega^3,0.000,0.0000000000e+00,0.0000000000e+00,0.0000000000e+00,0.0000000000e+00,0.0000000000e+00,0.0000000000e+00,0.0000000000e+00,0.0000000000e+00,0.0000000000e+00,0.0000000000e+00
4844,2024-08-31 22:25:00,0.075049,6.793753,4.804202,0.995 omega + 0.024 omega^2,0.000,0.0000000000e+00,0.0000000000e+00,0.0000000000e+00,0.0000000000e+00,0.0000000000e+00,0.0000000000e+00,0.0000000000e+00,0.0000000000e+00,0.0000000000e+00,0.0000000000e+00
4845,2024-08-31 22:30:00,0.166880,19.869131,14.050093,0.995 omega + -0.012 theta omega^2 + 0.326 omega^3,0.000,0.0000000000e+00,0.0000000000e+00,0.0000000000e+00,0.0000000000e+00,0.0000000000e+00,0.0000000000e+00,0.0000000000e+00,0.0000000000e+00,0.0000000000e+00,0.0000000000e+00
4846,2024-08-31 22:35:00,0.077601,3.590454,2.539428,0.988 omega + 0.093 omega^2 + -0.002 theta omega^2,0.000,0.0000000000e+00,0.0000000000e+00,0.0000000000e+00,0.0000000000e+00,0.0000000000e+00,0.0000000000e+00,0.0000000000e+00,0.0000000000e+00,0.0000000000e+00,0.0000000000e+00
4847,2024-08-31 22:40:00,0.188408,20.819638,14.722310,1.002 omega + -0.029 omega^2 + -0.160 omega^3,0.000,0.0000000000e+00,0.0000000000e+00,0.0000000000e+00,0.0000000000e+00,0.0000000000e+00,0.0000000000e+00,0.0000000000e+00,0.0000000000e+00,0.0000000000e+00,0.0000000000e+00
4848,2024-08-31 22:45:00,0.039461,3.878052,2.742339,-0.009 1 + 0.814 omega + -1.218 omega^2 + 0.001 theta omega^2 + -2.637 omega^3,0.000,0.0000000000e+00,0.0000000000e+00,0.0000000000e+00,0.0000000000e+00,0.0000000000e+00,0.0000000000e+00,0.0000000000e+00,0.0000000000e+00,0.0000000000e+00,0.0000000000e+00
4849,2024-08-31 22:50:00,0.169879,9.644916,6.821044,0.997 omega + 0.030 omega^2 + 0.160 omega^3,0.000,0.0000000000e+00,0.0000000000e+00,0.0000000000e+00,0.0000000000e+00,0.0000000000e+00,0.0000000000e+00,0.0000000000e+00,0.0000000000e+00,0.0000000000e+00,0.0000000000e+00
4850,2024-08-31 22:55:00,0.065158,4.740081,3.352060,0.001 1 + 0.980 omega + 0.163 omega^2 + -0.004 theta omega^2,0.000,0.0000000000e+00,0.0000000000e+00,0.0000000000e+00,0.0000000000e+00,0.0000000000e+00,0.0000000000e+00,0.0000000000e+00,0.0000000000e+00,0.0000000000e+00,0.0000000000e+00
4851,2024-08-31 23:00:00,0.117491,19.957403,14.112259,0.998 omega + -0.107 omega^2 + -0.010 theta omega^2,0.000,0.0000000000e+00,0.0000000000e+00,0.0000000000e+00,0.0000000000e+00,0.0000000000e+00,0.0000000000e+00,0.0000000000e+00,0.0000000000e+00,0.0000000000e+00,0.0000000000e+00
4852,2024-08-31 23:05:00,0.287096,32.764846,23.169134,1.003 omega + -0.019 omega^2 + -0.107 omega^3,0.000,0.0000000000e+00,0.0000000000e+00,0.0000000000e+00,0.0000000000e+00,0.0000000000e+00,0.0000000000e+00,0.0000000000e+00,0.0000000000e+00,0.0000000000e+00,0.0000000000e+00
4853,2024-08-31 23:10:00,0.137047,18.064671,12.774019,0.993 omega + -0.023 omega^2,0.000,0.0000000000e+00,0.0000000000e+00,0.0000000000e+00,0.0000000000e+00,0.0000000000e+00,0.0000000000e+00,0.0000000000e+00,0.0000000000e+00,0.0000000000e+00,0.0000000000e+00
4854,2024-08-31 23:15:00,0.049748,3.613528,2.555392,0.994 omega + 0.018 theta omega + 0.067 omega^2 + -0.005 theta^2 omega + -0.079 theta omega^2,0.000,0.0000000000e+00,0.0000000000e+00,0.0000000000e+00,0.0000000000e+00,0.0000000000e+00,0.0000000000e+00,0.0000000000e+00,0.0000000000e+00,0.0000000000e+00,0.0000000000e+00
4855,2024-08-31 23:20:00,0.116806,17.521202,12.389636,0.002 1 + 0.984 omega + 0.031 omega^2,0.000,0.0000000000e+00,0.0000000000e+00,0.0000000000e+00,0.0000000000e+00,0.0000000000e+00,0.0000000000e+00,0.0000000000e+00,0.0000000000e+00,0.0000000000e+00,0.0000000000e+00
4856,2024-08-31 23:25:00,0.082987,13.661055,9.660003,0.992 omega + 0.002 theta omega + 0.026 omega^2 + -0.014 theta omega^2,0.000,0.0000000000e+00,0.0000000000e+00,0.0000000000e+00,0.0000000000e+00,0.0000000000e+00,0.0000000000e+00,0.0000000000e+00,0.0000000000e+00,0.0000000000e+00,0.0000000000e+00
4857,2024-08-31 23:30:00,0.068114,2.834244,2.004692,0.987 omega + 0.001 theta omega + 0.262 omega^2 + -0.024 theta omega^2,0.000,0.0000000000e+00,0.0000000000e+00,0.0000000000e+00,0.0000000000e+00,0.0000000000e+00,0.0000000000e+00,0.0000000000e+00,0.0000000000e+00,0.0000000000e+00,0.0000000000e+00
4858,2024-08-31 23:35:00,0.052746,7.417707,5.245244,0.967 omega + -0.584 omega^2 + -0.003 theta omega^2 + -1.998 omega^3,0.000,0.0000000000e+00,0.0000000000e+00,0.0000000000e+00,0.0000000000e+00,0.0000000000e+00,0.0000000000e+00,0.0000000000e+00,0.0000000000e+00,0.0000000000e+00,0.0000000000e+00
4859,2024-08-31 23:40:00,0.092659,10.157139,7.182481,1.001 omega + 0.090 omega^2 + -0.024 theta omega^2,0.014 omega + -0.030 theta omega^2,0.0000000000e+00,0.0000000000e+00,1.4240762613e-02,0.0000000000e+00,0.0000000000e+00,0.0000000000e+00,0.0000000000e+00,0.0000000000e+00,-3.0497288504e-02,0.0000000000e+00
4860,2024-08-31 23:45:00,0.117002,7.751515,5.481773,1.000 omega + -0.002 omega^2 + -0.002 omega^3,0.000,0.0000000000e+00,0.0000000000e+00,0.0000000000e+00,0.0000000000e+00,0.0000000000e+00,0.0000000000e+00,0.0000000000e+00,0.0000000000e+00,0.0000000000e+00,0.0000000000e+00
4861,2024-08-31 23:50:00,0.055367,2.503347,1.770566,0.992 omega + 0.043 omega^2,0.000,0.0000000000e+00,0.0000000000e+00,0.0000000000e+00,0.0000000000e+00,0.0000000000e+00,0.0000000000e+00,0.0000000000e+00,0.0000000000e+00,0.0000000000e+00,0.0000000000e+00
4862,2024-08-31 23:55:00,0.054372,3.995186,2.825284,0.999 omega + 0.015 omega^2,0.000,0.0000000000e+00,0.0000000000e+00,0.0000000000e+00,0.0000000000e+00,0.0000000000e+00,0.0000000000e+00,0.0000000000e+00,0.0000000000e+00,0.0000000000e+00,0.0000000000e+00
4863,2024-09-01 00:00:00,0.065371,4.249436,3.005161,0.997 omega + 0.012 omega^2,0.000,0.0000000000e+00,0.0000000000e+00,0.0000000000e+00,0.0000000000e+00,0.0000000000e+00,0.0000000000e+00,0.0000000000e+00,0.0000000000e+00,0.0000000000e+00,0.0000000000e+00
4864,2024-09-01 00:05:00,0.117102,9.101826,6.436495,1.002 omega + 0.011 omega^2 + -0.120 omega^3,0.000,0.0000000000e+00,0.0000000000e+00,0.0000000000e+00,0.0000000000e+00,0.0000000000e+00,0.0000000000e+00,0.0000000000e+00,0.0000000000e+00,0.0000000000e+00,0.0000000000e+00
4865,2024-09-01 00:10:00,0.102247,9.306334,6.580969,1.004 omega + -0.001 theta omega,0.000,0.0000000000e+00,0.0000000000e+00,0.0000000000e+00,0.0000000000e+00,0.0000000000e+00,0.0000000000e+00,0.0000000000e+00,0.0000000000e+00,0.0000000000e+00,0.0000000000e+00
4866,2024-09-01 00:15:00,0.176550,22.323750,15.785768,1.002 omega + 0.029 omega^2 + -0.207 omega^3,0.000,0.0000000000e+00,0.0000000000e+00,0.0000000000e+00,0.0000000000e+00,0.0000000000e+00,0.0000000000e+00,0.0000000000e+00,0.0000000000e+00,0.0000000000e+00,0.0000000000e+00
4867,2024-09-01 00:20:00,0.159063,18.850900,13.330074,1.002 omega + -0.033 omega^2 + -0.334 omega^3,0.000,0.0000000000e+00,0.0000000000e+00,0.0000000000e+00,0.0000000000e+00,0.0000000000e+00,0.0000000000e+00,0.0000000000e+00,0.0000000000e+00,0.0000000000e+00,0.0000000000e+00
4868,2024-09-01 00:25:00,0.098004,9.657989,6.829581,1.000 omega + -0.005 theta omega + 0.020 omega^2 + -0.001 theta^2 omega + -0.019 theta omega^2,0.000,0.0000000000e+00,0.0000000000e+00,0.0000000000e+00,0.0000000000e+00,0.0000000000e+00,0.0000000000e+00,0.0000000000e+00,0.0000000000e+00,0.0000000000e+00,0.0000000000e+00
4869,2024-09-01 00:30:00,0.049456,2.040692,1.443411,0.988 omega + 0.151 omega^2 + -0.005 theta omega^2,0.000,0.0000000000e+00,0.0000000000e+00,0.0000000000e+00,0.0000000000e+00,0.0000000000e+00,0.0000000000e+00,0.0000000000e+00,0.0000000000e+00,0.0000000000e+00,0.0000000000e+00
4870,2024-09-01 00:35:00,0.045304,4.056211,2.868353,1.000 omega + 0.071 omega^2 + -0.004 theta omega^2,0.000,0.0000000000e+00,0.0000000000e+00,0.0000000000e+00,0.0000000000e+00,0.0000000000e+00,0.0000000000e+00,0.0000000000e+00,0.0000000000e+00,0.0000000000e+00,0.0000000000e+00
4871,2024-09-01 00:40:00,0.157618,12.048505,8.520309,0.999 omega + 0.122 omega^3,0.000,0.0000000000e+00,0.0000000000e+00,0.0000000000e+00,0.0000000000e+00,0.0000000000e+00,0.0000000000e+00,0.0000000000e+00,0.0000000000e+00,0.0000000000e+00,0.0000000000e+00
4872,2024-09-01 00:45:00,0.150543,19.344890,13.679317,0.997 omega,0.000,0.0000000000e+00,0.0000000000e+00,0.0000000000e+00,0.0000000000e+00,0.0000000000e+00,0.0000000000e+00,0.0000000000e+00,0.0000000000e+00,0.0000000000e+00,0.0000000000e+00
4873,2024-09-01 00:50:00,0.219133,22.153508,15.665662,0.996 omega + 0.080 omega^3,0.000,0.0000000000e+00,0.0000000000e+00,0.0000000000e+00,0.0000000000e+00,0.0000000000e+00,0.0000000000e+00,0.0000000000e+00,0.0000000000e+00,0.0000000000e+00,0.0000000000e+00
4874,2024-09-01 00:55:00,0.249731,26.598111,18.808534,1.003 omega + 0.015 omega^2 + -0.110 omega^3,0.000,0.0000000000e+00,0.0000000000e+00,0.0000000000e+00,0.0000000000e+00,0.0000000000e+00,0.0000000000e+00,0.0000000000e+00,0.0000000000e+00,0.0000000000e+00,0.0000000000e+00
4875,2024-09-01 01:00:00,0.256619,29.299923,20.718969,1.002 omega + -0.028 omega^2 + -0.132 omega^3,0.000,0.0000000000e+00,0.0000000000e+00,0.0000000000e+00,0.0000000000e+00,0.0000000000e+00,0.0000000000e+00,0.0000000000e+00,0.0000000000e+00,0.0000000000e+00,0.0000000000e+00
4876,2024-09-01 01:05:00,0.094614,5.695841,4.028123,-0.001 1 + 0.980 omega + -0.068 omega^2 + -0.026 omega^3,0.000,0.0000000000e+00,0.0000000000e+00,0.0000000000e+00,0.0000000000e+00,0.0000000000e+00,0.0000000000e+00,0.0000000000e+00,0.0000000000e+00,0.0000000000e+00,0.0000000000e+00
4877,2024-09-01 01:10:00,0.175966,22.582076,15.968424,1.001 omega + 0.085 omega^2 + -0.006 theta omega^2 + -0.334 omega^3,0.000,0.0000000000e+00,0.0000000000e+00,0.0000000000e+00,0.0000000000e+00,0.0000000000e+00,0.0000000000e+00,0.0000000000e+00,0.0000000000e+00,0.0000000000e+00,0.0000000000e+00
4878,2024-09-01 01:15:00,0.168362,27.911262,19.736602,0.998 omega + -0.028 omega^2 + -0.095 omega^3,0.000,0.0000000000e+00,0.0000000000e+00,0.0000000000e+00,0.0000000000e+00,0.0000000000e+00,0.0000000000e+00,0.0000000000e+00,0.0000000000e+00,0.0000000000e+00,0.0000000000e+00
4879,2024-09-01 01:20:00,0.094786,8.460573,5.982904,0.997 omega + 0.040 omega^2 + -0.002 theta omega^2,0.000,0.0000000000e+00,0.0000000000e+00,0.0000000000e+00,0.0000000000e+00,0.0000000000e+00,0.0000000000e+00,0.0000000000e+00,0.0000000000e+00,0.0000000000e+00,0.0000000000e+00
4880,2024-09-01 01:25:00,0.130889,19.021515,13.450560,0.994 omega + 0.001 omega^2 + 0.002 theta omega^2,0.000,0.0000000000e+00,0.0000000000e+00,0.0000000000e+00,0.0000000000e+00,0.0000000000e+00,0.0000000000e+00,0.0000000000e+00,0.0000000000e+00,0.0000000000e+00,0.0000000000e+00
4881,2024-09-01 01:30:00,0.100307,12.544334,8.870467,1.004 omega + -0.037 omega^2,0.000,0.0000000000e+00,0.0000000000e+00,0.0000000000e+00,0.0000000000e+00,0.0000000000e+00,0.0000000000e+00,0.0000000000e+00,0.0000000000e+00,0.0000000000e+00,0.0000000000e+00
4882,2024-09-01 01:35:00,0.095756,11.251909,7.956589,1.000 omega,-0.016 theta omega^2,0.0000000000e+00,0.0000000000e+00,0.0000000000e+00,0.0000000000e+00,0.0000000000e+00,0.0000000000e+00,0.0000000000e+00,0.0000000000e+00,-1.6412098067e-02,0.0000000000e+00
4883,2024-09-01 01:40:00,0.080735,5.114686,3.617080,1.006 omega + -0.042 omega^2,0.000,0.0000000000e+00,0.0000000000e+00,0.0000000000e+00,0.0000000000e+00,0.0000000000e+00,0.0000000000e+00,0.0000000000e+00,0.0000000000e+00,0.0000000000e+00,0.0000000000e+00
4884,2024-09-01 01:45:00,0.117502,7.621662,5.389970,0.989 omega + -0.044 omega^2,0.000,0.0000000000e+00,0.0000000000e+00,0.0000000000e+00,0.0000000000e+00,0.0000000000e+00,0.0000000000e+00,0.0000000000e+00,0.0000000000e+00,0.0000000000e+00,0.0000000000e+00
4885,2024-09-01 01:50:00,0.100014,11.234523,7.944322,1.018 omega + 0.185 omega^2 + 0.472 omega^3,0.000,0.0000000000e+00,0.0000000000e+00,0.0000000000e+00,0.0000000000e+00,0.0000000000e+00,0.0000000000e+00,0.0000000000e+00,0.0000000000e+00,0.0000000000e+00,0.0000000000e+00
4886,2024-09-01 01:55:00,0.196505,19.868376,14.049751,1.000 omega + -0.028 omega^3,0.000,0.0000000000e+00,0.0000000000e+00,0.0000000000e+00,0.0000000000e+00,0.0000000000e+00,0.0000000000e+00,0.0000000000e+00,0.0000000000e+00,0.0000000000e+00,0.0000000000e+00
4887,2024-09-01 02:00:00,0.212903,24.237509,17.139168,1.005 omega + -0.031 omega^2 + -0.246 omega^3,0.000,0.0000000000e+00,0.0000000000e+00,0.0000000000e+00,0.0000000000e+00,0.0000000000e+00,0.0000000000e+00,0.0000000000e+00,0.0000000000e+00,0.0000000000e+00,0.0000000000e+00
4888,2024-09-01 02:05:00,0.211397,29.262174,20.692021,0.993 omega + -0.015 omega^2,0.000,0.0000000000e+00,0.0000000000e+00,0.0000000000e+00,0.0000000000e+00,0.0000000000e+00,0.0000000000e+00,0.0000000000e+00,0.0000000000e+00,0.0000000000e+00,0.0000000000e+00
4889,2024-09-01 02:10:00,0.063526,4.057805,2.869653,1.012 omega + 0.046 omega^2,0.000,0.0000000000e+00,0.0000000000e+00,0.0000000000e+00,0.0000000000e+00,0.0000000000e+00,0.0000000000e+00,0.0000000000e+00,0.0000000000e+00,0.0000000000e+00,0.0000000000e+00
4890,2024-09-01 02:15:00,0.209361,19.931208,14.094270,0.999 omega + 0.006 omega^2,0.000,0.0000000000e+00,0.0000000000e+00,0.0000000000e+00,0.0000000000e+00,0.0000000000e+00,0.0000000000e+00,0.0000000000e+00,0.0000000000e+00,0.0000000000e+00,0.0000000000e+00
4891,2024-09-01 02:20:00,0.086142,7.417523,5.245335,1.002 omega + -0.002 theta omega^2,0.000,0.0000000000e+00,0.0000000000e+00,0.0000000000e+00,0.0000000000e+00,0.0000000000e+00,0.0000000000e+00,0.0000000000e+00,0.0000000000e+00,0.0000000000e+00,0.0000000000e+00
4892,2024-09-01 02:25:00,0.024315,1.295168,0.915983,0.994 omega + 0.030 omega^2,0.000,0.0000000000e+00,0.0000000000e+00,0.0000000000e+00,0.0000000000e+00,0.0000000000e+00,0.0000000000e+00,0.0000000000e+00,0.0000000000e+00,0.0000000000e+00,0.0000000000e+00
4893,2024-09-01 02:30:00,0.168199,12.870043,9.101272,1.007 omega + -0.034 omega^2 + -0.257 omega^3,-0.024 omega^2,0.0000000000e+00,0.0000000000e+00,0.0000000000e+00,0.0000000000e+00,0.0000000000e+00,-2.4413611982e-02,0.0000000000e+00,0.0000000000e+00,0.0000000000e+00,0.0000000000e+00
4894,2024-09-01 02:35:00,0.073775,5.579571,3.945697,-0.001 1 + 0.984 omega + -0.054 omega^2,0.000,0.0000000000e+00,0.0000000000e+00,0.0000000000e+00,0.0000000000e+00,0.0000000000e+00,0.0000000000e+00,0.0000000000e+00,0.0000000000e+00,0.0000000000e+00,0.0000000000e+00
4895,2024-09-01 02:40:00,0.053010,5.105466,3.610304,0.995 omega + -0.017 omega^2,0.000,0.0000000000e+00,0.0000000000e+00,0.0000000000e+00,0.0000000000e+00,0.0000000000e+00,0.0000000000e+00,0.0000000000e+00,0.0000000000e+00,0.0000000000e+00,0.0000000000e+00
4896,2024-09-01 02:45:00,0.258822,39.583100,27.990077,0.998 omega + 0.041 omega^2 + -0.010 theta omega^2 + 0.160 omega^3,0.000,0.0000000000e+00,0.0000000000e+00,0.0000000000e+00,0.0000000000e+00,0.0000000000e+00,0.0000000000e+00,0.0000000000e+00,0.0000000000e+00,0.0000000000e+00,0.0000000000e+00
4897,2024-09-01 02:50:00,0.070515,2.350431,1.662754,1.002 omega + 0.014 omega^2 + -0.003 theta omega^2,0.000,0.0000000000e+00,0.0000000000e+00,0.0000000000e+00,0.0000000000e+00,0.0000000000e+00,0.0000000000e+00,0.0000000000e+00,0.0000000000e+00,0.0000000000e+00,0.0000000000e+00
4898,2024-09-01 02:55:00,0.058343,6.905078,4.882802,0.983 omega + 0.158 omega^2 + -0.402 omega^3,0.000,0.0000000000e+00,0.0000000000e+00,0.0000000000e+00,0.0000000000e+00,0.0000000000e+00,0.0000000000e+00,0.0000000000e+00,0.0000000000e+00,0.0000000000e+00,0.0000000000e+00
4899,2024-09-01 03:00:00,0.098462,6.062135,4.287142,0.999 omega + 0.005 omega^2,0.000,0.0000000000e+00,0.0000000000e+00,0.0000000000e+00,0.0000000000e+00,0.0000000000e+00,0.0000000000e+00,0.0000000000e+00,0.0000000000e+00,0.0000000000e+00,0.0000000000e+00
4900,2024-09-01 03:05:00,0.072361,3.506121,2.479730,1.009 omega + -0.165 omega^2 + -0.055 theta omega^2,0.000,0.0000000000e+00,0.0000000000e+00,0.0000000000e+00,0.0000000000e+00,0.0000000000e+00,0.0000000000e+00,0.0000000000e+00,0.0000000000e+00,0.0000000000e+00,0.0000000000e+00
4901,2024-09-01 03:10:00,0.046341,5.580534,3.946169,-0.007 1 + 0.907 omega + -0.402 omega^2 + -0.561 omega^3,0.000,0.0000000000e+00,0.0000000000e+00,0.0000000000e+00,0.0000000000e+00,0.0000000000e+00,0.0000000000e+00,0.0000000000e+00,0.0000000000e+00,0.0000000000e+00,0.0000000000e+00
4902,2024-09-01 03:15:00,0.077137,4.031936,2.851531,0.997 omega + -0.006 omega^2 + 0.024 omega^3,0.000,0.0000000000e+00,0.0000000000e+00,0.0000000000e+00,0.0000000000e+00,0.0000000000e+00,0.0000000000e+00,0.0000000000e+00,0.0000000000e+00,0.0000000000e+00,0.0000000000e+00
4903,2024-09-01 03:20:00,0.091963,4.021832,2.844608,0.999 omega + 0.006 omega^3,-0.046 theta omega^2,0.0000000000e+00,0.0000000000e+00,0.0000000000e+00,0.0000000000e+00,0.0000000000e+00,0.0000000000e+00,0.0000000000e+00,0.0000000000e+00,-4.5968827258e-02,0.0000000000e+00
4904,2024-09-01 03:25:00,0.079870,14.416971,10.194495,1.010 omega + 0.011 theta omega + -0.009 omega^2 + 0.002 theta^2 omega,0.000,0.0000000000e+00,0.0000000000e+00,0.0000000000e+00,0.0000000000e+00,0.0000000000e+00,0.0000000000e+00,0.0000000000e+00,0.0000000000e+00,0.0000000000e+00,0.0000000000e+00
4905,2024-09-01 03:30:00,0.063143,9.517588,6.730099,1.000 omega + -0.001 theta omega^2,0.000,0.0000000000e+00,0.0000000000e+00,0.0000000000e+00,0.0000000000e+00,0.0000000000e+00,0.0000000000e+00,0.0000000000e+00,0.0000000000e+00,0.0000000000e+00,0.0000000000e+00
4906,2024-09-01 03:35:00,0.085902,7.646704,5.407378,1.005 omega + 0.017 omega^2 + -0.046 theta omega^2 + -0.475 omega^3,-0.082 theta omega^2,0.0000000000e+00,0.0000000000e+00,0.0000000000e+00,0.0000000000e+00,0.0000000000e+00,0.0000000000e+00,0.0000000000e+00,0.0000000000e+00,-8.2079103270e-02,0.0000000000e+00
4907,2024-09-01 03:40:00,0.094559,15.299558,10.818628,1.006 omega + 0.026 omega^2 + -0.011 theta omega^2,0.000,0.0000000000e+00,0.0000000000e+00,0.0000000000e+00,0.0000000000e+00,0.0000000000e+00,0.0000000000e+00,0.0000000000e+00,0.0000000000e+00,0.0000000000e+00,0.0000000000e+00
4908,2024-09-01 03:45:00,0.104879,10.602871,7.497729,1.009 omega + -0.081 omega^2 + -0.011 theta omega^2 + -0.614 omega^3,0.000,0.0000000000e+00,0.0000000000e+00,0.0000000000e+00,0.0000000000e+00,0.0000000000e+00,0.0000000000e+00,0.0000000000e+00,0.0000000000e+00,0.0000000000e+00,0.0000000000e+00
4909,2024-09-01 03:50:00,0.081272,3.777797,2.671924,1.000 omega,0.000,0.0000000000e+00,0.0000000000e+00,0.0000000000e+00,0.0000000000e+00,0.0000000000e+00,0.0000000000e+00,0.0000000000e+00,0.0000000000e+00,0.0000000000e+00,0.0000000000e+00
4910,2024-09-01 03:55:00,0.105579,8.578328,6.066254,0.995 omega + -0.019 omega^2,0.000,0.0000000000e+00,0.0000000000e+00,0.0000000000e+00,0.0000000000e+00,0.0000000000e+00,0.0000000000e+00,0.0000000000e+00,0.0000000000e+00,0.0000000000e+00,0.0000000000e+00
4911,2024-09-01 04:00:00,0.145166,11.646885,8.236231,1.000 omega + 0.008 omega^2,0.000,0.0000000000e+00,0.0000000000e+00,0.0000000000e+00,0.0000000000e+00,0.0000000000e+00,0.0000000000e+00,0.0000000000e+00,0.0000000000e+00,0.0000000000e+00,0.0000000000e+00
4912,2024-09-01 04:05:00,0.104296,15.057055,10.647201,0.997 omega + -0.012 omega^2,0.000,0.0000000000e+00,0.0000000000e+00,0.0000000000e+00,0.0000000000e+00,0.0000000000e+00,0.0000000000e+00,0.0000000000e+00,0.0000000000e+00,0.0000000000e+00,0.0000000000e+00
4913,2024-09-01 04:10:00,0.059919,2.975058,2.104111,0.998 omega + -0.010 omega^2,0.000,0.0000000000e+00,0.0000000000e+00,0.0000000000e+00,0.0000000000e+00,0.0000000000e+00,0.0000000000e+00,0.0000000000e+00,0.0000000000e+00,0.0000000000e+00,0.0000000000e+00
4914,2024-09-01 04:15:00,0.064088,2.342430,1.656968,1.004 omega + 0.022 omega^2,0.000,0.0000000000e+00,0.0000000000e+00,0.0000000000e+00,0.0000000000e+00,0.0000000000e+00,0.0000000000e+00,0.0000000000e+00,0.0000000000e+00,0.0000000000e+00,0.0000000000e+00
4915,2024-09-01 04:20:00,0.046162,5.088695,3.598399,0.001 1 + 0.999 omega + -0.053 omega^2 + -0.004 theta omega^2,0.000,0.0000000000e+00,0.0000000000e+00,0.0000000000e+00,0.0000000000e+00,0.0000000000e+00,0.0000000000e+00,0.0000000000e+00,0.0000000000e+00,0.0000000000e+00,0.0000000000e+00
4916,2024-09-01 04:25:00,0.124325,5.581702,3.947838,1.001 omega + 0.012 omega^2,0.000,0.0000000000e+00,0.0000000000e+00,0.0000000000e+00,0.0000000000e+00,0.0000000000e+00,0.0000000000e+00,0.0000000000e+00,0.0000000000e+00,0.0000000000e+00,0.0000000000e+00
4917,2024-09-01 04:30:00,0.149144,19.123180,13.522541,1.006 omega + -0.174 omega^2 + -0.008 theta omega^2 + -1.239 omega^3,0.000,0.0000000000e+00,0.0000000000e+00,0.0000000000e+00,0.0000000000e+00,0.0000000000e+00,0.0000000000e+00,0.0000000000e+00,0.0000000000e+00,0.0000000000e+00,0.0000000000e+00
4918,2024-09-01 04:35:00,0.112779,17.140320,12.120299,0.001 1 + 1.011 omega + 0.035 omega^2,0.000,0.0000000000e+00,0.0000000000e+00,0.0000000000e+00,0.0000000000e+00,0.0000000000e+00,0.0000000000e+00,0.0000000000e+00,0.0000000000e+00,0.0000000000e+00,0.0000000000e+00
4919,2024-09-01 04:40:00,0.230164,31.289944,22.125930,1.003 omega + -0.102 omega^2 + -0.599 omega^3,0.000,0.0000000000e+00,0.0000000000e+00,0.0000000000e+00,0.0000000000e+00,0.0000000000e+00,0.0000000000e+00,0.0000000000e+00,0.0000000000e+00,0.0000000000e+00,0.0000000000e+00
4920,2024-09-01 04:45:00,0.054822,5.590926,3.953572,0.001 1 + 0.994 omega + -0.001 theta omega + -0.106 omega^2 + -0.009 theta omega^2,0.000,0.0000000000e+00,0.0000000000e+00,0.0000000000e+00,0.0000000000e+00,0.0000000000e+00,0.0000000000e+00,0.0000000000e+00,0.0000000000e+00,0.0000000000e+00,0.0000000000e+00
4921,2024-09-01 04:50:00,0.080050,7.558321,5.344840,1.001 omega,0.000,0.0000000000e+00,0.0000000000e+00,0.0000000000e+00,0.0000000000e+00,0.0000000000e+00,0.0000000000e+00,0.0000000000e+00,0.0000000000e+00,0.0000000000e+00,0.0000000000e+00
4922,2024-09-01 04:55:00,0.058168,9.486090,6.707805,1.004 omega + -0.011 omega^2,0.000,0.0000000000e+00,0.0000000000e+00,0.0000000000e+00,0.0000000000e+00,0.0000000000e+00,0.0000000000e+00,0.0000000000e+00,0.0000000000e+00,0.0000000000e+00,0.0000000000e+00
4923,2024-09-01 05:00:00,0.125876,17.799181,12.586236,0.998 omega + -0.018 omega^2,0.000,0.0000000000e+00,0.0000000000e+00,0.0000000000e+00,0.0000000000e+00,0.0000000000e+00,0.0000000000e+00,0.0000000000e+00,0.0000000000e+00,0.0000000000e+00,0.0000000000e+00
4924,2024-09-01 05:05:00,0.075854,3.554792,2.514189,1.033 omega + -0.013 theta omega + 0.001 theta^2 omega,-0.013 theta omega^2,0.0000000000e+00,0.0000000000e+00,0.0000000000e+00,0.0000000000e+00,0.0000000000e+00,0.0000000000e+00,0.0000000000e+00,0.0000000000e+00,-1.3260335869e-02,0.0000000000e+00
4925,2024-09-01 05:10:00,0.107217,6.788332,4.800674,1.000 omega + 0.010 omega^2,0.000,0.0000000000e+00,0.0000000000e+00,0.0000000000e+00,0.0000000000e+00,0.0000000000e+00,0.0000000000e+00,0.0000000000e+00,0.0000000000e+00,0.0000000000e+00,0.0000000000e+00
4926,2024-09-01 05:15:00,0.087530,12.422111,8.783977,0.998 omega + 0.006 omega^2,0.000,0.0000000000e+00,0.0000000000e+00,0.0000000000e+00,0.0000000000e+00,0.0000000000e+00,0.0000000000e+00,0.0000000000e+00,0.0000000000e+00,0.0000000000e+00,0.0000000000e+00
4927,2024-09-01 05:20:00,0.083208,11.536145,8.157499,0.999 omega + 0.009 omega^2,0.000,0.0000000000e+00,0.0000000000e+00,0.0000000000e+00,0.0000000000e+00,0.0000000000e+00,0.0000000000e+00,0.0000000000e+00,0.0000000000e+00,0.0000000000e+00,0.0000000000e+00
4928,2024-09-01 05:25:00,0.133358,13.613830,9.626893,1.001 omega + -0.078 omega^2 + 0.367 omega^3,0.000,0.0000000000e+00,0.0000000000e+00,0.0000000000e+00,0.0000000000e+00,0.0000000000e+00,0.0000000000e+00,0.0000000000e+00,0.0000000000e+00,0.0000000000e+00,0.0000000000e+00
4929,2024-09-01 05:30:00,0.052315,5.380763,3.804954,-0.001 1 + 0.976 omega + -0.132 omega^2 + -0.001 theta omega^2,0.000,0.0000000000e+00,0.0000000000e+00,0.0000000000e+00,0.0000000000e+00,0.0000000000e+00,0.0000000000e+00,0.0000000000e+00,0.0000000000e+00,0.0000000000e+00,0.0000000000e+00
4930,2024-09-01 05:35:00,0.076323,10.592662,7.490337,1.005 omega + -0.030 omega^2 + -0.009 theta omega^2,0.000,0.0000000000e+00,0.0000000000e+00,0.0000000000e+00,0.0000000000e+00,0.0000000000e+00,0.0000000000e+00,0.0000000000e+00,0.0000000000e+00,0.0000000000e+00,0.0000000000e+00
4931,2024-09-01 05:40:00,0.062430,5.105406,3.610337,0.994 omega + 0.004 theta omega + -0.015 theta omega^2,0.000,0.0000000000e+00,0.0000000000e+00,0.0000000000e+00,0.0000000000e+00,0.0000000000e+00,0.0000000000e+00,0.0000000000e+00,0.0000000000e+00,0.0000000000e+00,0.0000000000e+00
4932,2024-09-01 05:45:00,0.181653,28.939038,20.463393,0.999 omega + -0.005 omega^2,0.000,0.0000000000e+00,0.0000000000e+00,0.0000000000e+00,0.0000000000e+00,0.0000000000e+00,0.0000000000e+00,0.0000000000e+00,0.0000000000e+00,0.0000000000e+00,0.0000000000e+00
4933,2024-09-01 05:50:00,0.038976,3.019530,2.135308,0.009 1 + 0.827 omega + 1.055 omega^2 + -2.043 omega^3,0.000,0.0000000000e+00,0.0000000000e+00,0.0000000000e+00,0.0000000000e+00,0.0000000000e+00,0.0000000000e+00,0.0000000000e+00,0.0000000000e+00,0.0000000000e+00,0.0000000000e+00
4934,2024-09-01 05:55:00,0.071999,5.592379,3.954737,1.007 omega + 0.001 theta omega + 0.027 omega^2,0.000,0.0000000000e+00,0.0000000000e+00,0.0000000000e+00,0.0000000000e+00,0.0000000000e+00,0.0000000000e+00,0.0000000000e+00,0.0000000000e+00,0.0000000000e+00,0.0000000000e+00
4935,2024-09-01 06:00:00,0.090706,14.554456,10.291754,-0.002 1 + 1.058 omega + -0.404 omega^2 + 0.852 omega^3,0.000,0.0000000000e+00,0.0000000000e+00,0.0000000000e+00,0.0000000000e+00,0.0000000000e+00,0.0000000000e+00,0.0000000000e+00,0.0000000000e+00,0.0000000000e+00,0.0000000000e+00
4936,2024-09-01 06:05:00,0.051712,4.782511,3.381944,0.986 omega + 0.195 omega^2 + -0.008 theta omega^2,0.000,0.0000000000e+00,0.0000000000e+00,0.0000000000e+00,0.0000000000e+00,0.0000000000e+00,0.0000000000e+00,0.0000000000e+00,0.0000000000e+00,0.0000000000e+00,0.0000000000e+00
4937,2024-09-01 06:10:00,0.110536,6.608059,4.673257,1.015 omega + 0.065 omega^2,0.000,0.0000000000e+00,0.0000000000e+00,0.0000000000e+00,0.0000000000e+00,0.0000000000e+00,0.0000000000e+00,0.0000000000e+00,0.0000000000e+00,0.0000000000e+00,0.0000000000e+00
4938,2024-09-01 06:15:00,0.092219,10.832070,7.659708,-0.018 1 + 0.642 omega + -2.096 omega^2 + -3.848 omega^3,0.000,0.0000000000e+00,0.0000000000e+00,0.0000000000e+00,0.0000000000e+00,0.0000000000e+00,0.0000000000e+00,0.0000000000e+00,0.0000000000e+00,0.0000000000e+00,0.0000000000e+00
4939,2024-09-01 06:20:00,0.052512,2.648776,1.873335,0.001 1 + 1.006 omega + -0.012 omega^2,0.000,0.0000000000e+00,0.0000000000e+00,0.0000000000e+00,0.0000000000e+00,0.0000000000e+00,0.0000000000e+00,0.0000000000e+00,0.0000000000e+00,0.0000000000e+00,0.0000000000e+00
4940,2024-09-01 06:25:00,0.133186,9.779244,6.915611,1.000 omega + -0.012 omega^2,0.000,0.0000000000e+00,0.0000000000e+00,0.0000000000e+00,0.0000000000e+00,0.0000000000e+00,0.0000000000e+00,0.0000000000e+00,0.0000000000e+00,0.0000000000e+00,0.0000000000e+00
4941,2024-09-01 06:30:00,0.045879,7.648382,5.408320,-0.002 1 + 0.987 omega + 0.001 theta omega + -0.028 omega^2 + 0.003 theta omega^2,0.000,0.0000000000e+00,0.0000000000e+00,0.0000000000e+00,0.0000000000e+00,0.0000000000e+00,0.0000000000e+00,0.0000000000e+00,0.0000000000e+00,0.0000000000e+00,0.0000000000e+00
4942,2024-09-01 06:35:00,0.126109,18.517035,13.093825,0.999 omega + -0.002 omega^2 + -0.001 theta omega^2,0.000,0.0000000000e+00,0.0000000000e+00,0.0000000000e+00,0.0000000000e+00,0.0000000000e+00,0.0000000000e+00,0.0000000000e+00,0.0000000000e+00,0.0000000000e+00,0.0000000000e+00
4943,2024-09-01 06:40:00,0.104884,10.128306,7.162178,1.007 omega + 0.001 theta omega + 0.048 omega^2,0.000,0.0000000000e+00,0.0000000000e+00,0.0000000000e+00,0.0000000000e+00,0.0000000000e+00,0.0000000000e+00,0.0000000000e+00,0.0000000000e+00,0.0000000000e+00,0.0000000000e+00
4944,2024-09-01 06:45:00,0.209501,29.740789,21.030436,1.002 omega + 0.049 omega^2 + -0.021 theta omega^2 + -0.179 omega^3,0.000,0.0000000000e+00,0.0000000000e+00,0.0000000000e+00,0.0000000000e+00,0.0000000000e+00,0.0000000000e+00,0.0000000000e+00,0.0000000000e+00,0.0000000000e+00,0.0000000000e+00
4945,2024-09-01 06:50:00,0.164469,13.494434,9.542714,0.999 omega,0.000,0.0000000000e+00,0.0000000000e+00,0.0000000000e+00,0.0000000000e+00,0.0000000000e+00,0.0000000000e+00,0.0000000000e+00,0.0000000000e+00,0.0000000000e+00,0.0000000000e+00
4946,2024-09-01 06:55:00,0.148215,7.447473,5.267202,1.001 omega,0.000,0.0000000000e+00,0.0000000000e+00,0.0000000000e+00,0.0000000000e+00,0.0000000000e+00,0.0000000000e+00,0.0000000000e+00,0.0000000000e+00,0.0000000000e+00,0.0000000000e+00
4947,2024-09-01 07:00:00,0.025052,1.354241,0.957757,-0.015 1 + 1.130 omega + 0.001 theta omega + -0.260 omega^2 + -0.007 theta omega^2,0.000,0.0000000000e+00,0.0000000000e+00,0.0000000000e+00,0.0000000000e+00,0.0000000000e+00,0.0000000000e+00,0.0000000000e+00,0.0000000000e+00,0.0000000000e+00,0.0000000000e+00
4948,2024-09-01 07:05:00,0.211460,28.948932,20.470532,1.000 omega + -0.081 omega^2 + -0.422 omega^3,0.000,0.0000000000e+00,0.0000000000e+00,0.0000000000e+00,0.0000000000e+00,0.0000000000e+00,0.0000000000e+00,0.0000000000e+00,0.0000000000e+00,0.0000000000e+00,0.0000000000e+00
4949,2024-09-01 07:10:00,0.167096,25.568009,18.079699,0.002 1 + 0.983 omega + 0.040 omega^2,0.000,0.0000000000e+00,0.0000000000e+00,0.0000000000e+00,0.0000000000e+00,0.0000000000e+00,0.0000000000e+00,0.0000000000e+00,0.0000000000e+00,0.0000000000e+00,0.0000000000e+00
4950,2024-09-01 07:15:00,0.181637,22.654213,16.019463,1.005 omega + -0.068 omega^2 + -0.543 omega^3,0.000,0.0000000000e+00,0.0000000000e+00,0.0000000000e+00,0.0000000000e+00,0.0000000000e+00,0.0000000000e+00,0.0000000000e+00,0.0000000000e+00,0.0000000000e+00,0.0000000000e+00
4951,2024-09-01 07:20:00,0.151537,12.891661,9.116411,0.999 omega,0.000,0.0000000000e+00,0.0000000000e+00,0.0000000000e+00,0.0000000000e+00,0.0000000000e+00,0.0000000000e+00,0.0000000000e+00,0.0000000000e+00,0.0000000000e+00,0.0000000000e+00
4952,2024-09-01 07:25:00,0.182298,13.989021,9.892572,1.008 omega + -0.042 omega^2 + -0.265 omega^3,0.000,0.0000000000e+00,0.0000000000e+00,0.0000000000e+00,0.0000000000e+00,0.0000000000e+00,0.0000000000e+00,0.0000000000e+00,0.0000000000e+00,0.0000000000e+00,0.0000000000e+00
4953,2024-09-01 07:30:00,0.297235,32.749870,23.158609,0.991 omega + 0.035 omega^2 + 0.223 omega^3,0.000,0.0000000000e+00,0.0000000000e+00,0.0000000000e+00,0.0000000000e+00,0.0000000000e+00,0.0000000000e+00,0.0000000000e+00,0.0000000000e+00,0.0000000000e+00,0.0000000000e+00
4954,2024-09-01 07:35:00,0.110214,16.780845,11.866105,1.002 omega + -0.009 theta omega^2,-0.012 theta omega^2,0.0000000000e+00,0.0000000000e+00,0.0000000000e+00,0.0000000000e+00,0.0000000000e+00,0.0000000000e+00,0.0000000000e+00,0.0000000000e+00,-1.1957351222e-02,0.0000000000e+00
4955,2024-09-01 07:40:00,0.162608,24.189777,17.105142,0.001 1 + 1.034 omega + -0.410 omega^2 + 1.080 omega^3,0.000,0.0000000000e+00,0.0000000000e+00,0.0000000000e+00,0.0000000000e+00,0.0000000000e+00,0.0000000000e+00,0.0000000000e+00,0.0000000000e+00,0.0000000000e+00,0.0000000000e+00
4956,2024-09-01 07:45:00,0.017911,1.776495,1.256236,0.031 1 + 0.630 omega + -0.001 theta omega + 1.096 omega^2 + 0.008 theta omega^2,0.000,0.0000000000e+00,0.0000000000e+00,0.0000000000e+00,0.0000000000e+00,0.0000000000e+00,0.0000000000e+00,0.0000000000e+00,0.0000000000e+00,0.0000000000e+00,0.0000000000e+00
4957,2024-09-01 07:50:00,0.156123,15.509408,10.967363,1.000 omega + -0.008 omega^2,0.000,0.0000000000e+00,0.0000000000e+00,0.0000000000e+00,0.0000000000e+00,0.0000000000e+00,0.0000000000e+00,0.0000000000e+00,0.0000000000e+00,0.0000000000e+00,0.0000000000e+00
4958,2024-09-01 07:55:00,0.085798,6.721636,4.753302,1.002 omega + 0.032 omega^2 + -0.063 omega^3,-0.016 theta omega^2,0.0000000000e+00,0.0000000000e+00,0.0000000000e+00,0.0000000000e+00,0.0000000000e+00,0.0000000000e+00,0.0000000000e+00,0.0000000000e+00,-1.6130732951e-02,0.0000000000e+00
4959,2024-09-01 08:00:00,0.113055,5.130842,3.628934,1.003 omega + -0.022 omega^2,0.000,0.0000000000e+00,0.0000000000e+00,0.0000000000e+00,0.0000000000e+00,0.0000000000e+00,0.0000000000e+00,0.0000000000e+00,0.0000000000e+00,0.0000000000e+00,0.0000000000e+00
4960,2024-09-01 08:05:00,0.057299,4.599278,3.252433,-0.001 1 + 0.978 omega + -0.099 omega^2 + -0.001 theta omega^2,0.000,0.0000000000e+00,0.0000000000e+00,0.0000000000e+00,0.0000000000e+00,0.0000000000e+00,0.0000000000e+00,0.0000000000e+00,0.0000000000e+00,0.0000000000e+00,0.0000000000e+00
4961,2024-09-01 08:10:00,0.049093,6.587704,4.658340,0.002 1 + 1.024 omega + 0.058 omega^2 + -0.001 theta omega^2,0.000,0.0000000000e+00,0.0000000000e+00,0.0000000000e+00,0.0000000000e+00,0.0000000000e+00,0.0000000000e+00,0.0000000000e+00,0.0000000000e+00,0.0000000000e+00,0.0000000000e+00
4962,2024-09-01 08:15:00,0.021556,2.817679,1.992459,-0.005 1 + 0.932 omega + -0.224 omega^2 + -0.002 theta omega^2,0.000,0.0000000000e+00,0.0000000000e+00,0.0000000000e+00,0.0000000000e+00,0.0000000000e+00,0.0000000000e+00,0.0000000000e+00,0.0000000000e+00,0.0000000000e+00,0.0000000000e+00
4963,2024-09-01 08:20:00,0.025595,0.889333,0.629114,1.000 omega + 0.005 omega^2,0.000,0.0000000000e+00,0.0000000000e+00,0.0000000000e+00,0.0000000000e+00,0.0000000000e+00,0.0000000000e+00,0.0000000000e+00,0.0000000000e+00,0.0000000000e+00,0.0000000000e+00
4964,2024-09-01 08:25:00,0.042063,4.550843,3.218069,1.001 omega + -0.020 omega^2 + -0.001 theta omega^2,0.000,0.0000000000e+00,0.0000000000e+00,0.0000000000e+00,0.0000000000e+00,0.0000000000e+00,0.0000000000e+00,0.0000000000e+00,0.0000000000e+00,0.0000000000e+00,0.0000000000e+00
4965,2024-09-01 08:30:00,0.118412,14.560548,10.296202,0.999 omega,0.000,0.0000000000e+00,0.0000000000e+00,0.0000000000e+00,0.0000000000e+00,0.0000000000e+00,0.0000000000e+00,0.0000000000e+00,0.0000000000e+00,0.0000000000e+00,0.0000000000e+00
4966,2024-09-01 08:35:00,0.099201,8.837284,6.249297,0.998 omega,0.000,0.0000000000e+00,0.0000000000e+00,0.0000000000e+00,0.0000000000e+00,0.0000000000e+00,0.0000000000e+00,0.0000000000e+00,0.0000000000e+00,0.0000000000e+00,0.0000000000e+00
4967,2024-09-01 08:40:00,0.057813,5.946219,4.204810,1.001 omega + -0.029 omega^2,0.000,0.0000000000e+00,0.0000000000e+00,0.0000000000e+00,0.0000000000e+00,0.0000000000e+00,0.0000000000e+00,0.0000000000e+00,0.0000000000e+00,0.0000000000e+00,0.0000000000e+00
4968,2024-09-01 08:45:00,0.036851,4.772623,3.374855,0.998 omega,0.000,0.0000000000e+00,0.0000000000e+00,0.0000000000e+00,0.0000000000e+00,0.0000000000e+00,0.0000000000e+00,0.0000000000e+00,0.0000000000e+00,0.0000000000e+00,0.0000000000e+00
4969,2024-09-01 08:50:00,0.070855,3.255491,2.302525,0.989 omega + -0.141 omega^2 + -0.006 theta omega^2,0.000,0.0000000000e+00,0.0000000000e+00,0.0000000000e+00,0.0000000000e+00,0.0000000000e+00,0.0000000000e+00,0.0000000000e+00,0.0000000000e+00,0.0000000000e+00,0.0000000000e+00
4970,2024-09-01 08:55:00,0.059055,5.106403,3.611013,1.001 omega,0.000,0.0000000000e+00,0.0000000000e+00,0.0000000000e+00,0.0000000000e+00,0.0000000000e+00,0.0000000000e+00,0.0000000000e+00,0.0000000000e+00,0.0000000000e+00,0.0000000000e+00
4971,2024-09-01 09:00:00,0.051180,6.523770,4.613144,-0.001 1 + 0.978 omega + -0.073 omega^2,0.000,0.0000000000e+00,0.0000000000e+00,0.0000000000e+00,0.0000000000e+00,0.0000000000e+00,0.0000000000e+00,0.0000000000e+00,0.0000000000e+00,0.0000000000e+00,0.0000000000e+00
4972,2024-09-01 09:05:00,0.032078,1.688678,1.194291,-0.005 1 + 0.907 omega + -0.001 theta omega + -0.417 omega^2 + -0.007 theta omega^2,0.000,0.0000000000e+00,0.0000000000e+00,0.0000000000e+00,0.0000000000e+00,0.0000000000e+00,0.0000000000e+00,0.0000000000e+00,0.0000000000e+00,0.0000000000e+00,0.0000000000e+00
4973,2024-09-01 09:10:00,0.045707,2.259565,1.598080,0.969 omega + -0.396 omega^2 + -1.253 omega^3,0.000,0.0000000000e+00,0.0000000000e+00,0.0000000000e+00,0.0000000000e+00,0.0000000000e+00,0.0000000000e+00,0.0000000000e+00,0.0000000000e+00,0.0000000000e+00,0.0000000000e+00
4974,2024-09-01 09:15:00,0.051270,5.488171,3.880892,1.015 omega + 0.121 omega^2 + 0.002 theta omega^2,0.000,0.0000000000e+00,0.0000000000e+00,0.0000000000e+00,0.0000000000e+00,0.0000000000e+00,0.0000000000e+00,0.0000000000e+00,0.0000000000e+00,0.0000000000e+00,0.0000000000e+00
4975,2024-09-01 09:20:00,0.080882,8.198351,5.797392,0.999 omega + -0.017 omega^2 + -0.001 theta omega^2 + -0.020 omega^3,0.000,0.0000000000e+00,0.0000000000e+00,0.0000000000e+00,0.0000000000e+00,0.0000000000e+00,0.0000000000e+00,0.0000000000e+00,0.0000000000e+00,0.0000000000e+00,0.0000000000e+00
4976,2024-09-01 09:25:00,0.085560,10.370618,7.333384,1.003 omega + -0.007 theta omega^2,0.000,0.0000000000e+00,0.0000000000e+00,0.0000000000e+00,0.0000000000e+00,0.0000000000e+00,0.0000000000e+00,0.0000000000e+00,0.0000000000e+00,0.0000000000e+00,0.0000000000e+00
4977,2024-09-01 09:30:00,0.060289,5.646995,3.993256,1.007 omega + -0.090 omega^2 + -0.688 omega^3,-0.165 theta omega^2,0.0000000000e+00,0.0000000000e+00,0.0000000000e+00,0.0000000000e+00,0.0000000000e+00,0.0000000000e+00,0.0000000000e+00,0.0000000000e+00,-1.6456039204e-01,0.0000000000e+00
4978,2024-09-01 09:35:00,0.065272,8.842126,6.252498,0.995 omega + -0.007 omega^2,0.000,0.0000000000e+00,0.0000000000e+00,0.0000000000e+00,0.0000000000e+00,0.0000000000e+00,0.0000000000e+00,0.0000000000e+00,0.0000000000e+00,0.0000000000e+00,0.0000000000e+00
4979,2024-09-01 09:40:00,0.090154,10.973828,7.759930,0.967 omega + -0.003 theta omega + -0.297 omega^2 + -0.035 theta omega^2,0.000,0.0000000000e+00,0.0000000000e+00,0.0000000000e+00,0.0000000000e+00,0.0000000000e+00,0.0000000000e+00,0.0000000000e+00,0.0000000000e+00,0.0000000000e+00,0.0000000000e+00
4980,2024-09-01 09:45:00,0.080351,8.287731,5.860586,0.998 omega,0.000,0.0000000000e+00,0.0000000000e+00,0.0000000000e+00,0.0000000000e+00,0.0000000000e+00,0.0000000000e+00,0.0000000000e+00,0.0000000000e+00,0.0000000000e+00,0.0000000000e+00
4981,2024-09-01 09:50:00,0.036226,4.319190,3.054236,1.006 omega + 0.003 theta omega^2,0.000,0.0000000000e+00,0.0000000000e+00,0.0000000000e+00,0.0000000000e+00,0.0000000000e+00,0.0000000000e+00,0.0000000000e+00,0.0000000000e+00,0.0000000000e+00,0.0000000000e+00
4982,2024-09-01 09:55:00,0.098999,9.999800,7.071273,0.999 omega + 0.022 omega^2,0.000,0.0000000000e+00,0.0000000000e+00,0.0000000000e+00,0.0000000000e+00,0.0000000000e+00,0.0000000000e+00,0.0000000000e+00,0.0000000000e+00,0.0000000000e+00,0.0000000000e+00
4983,2024-09-01 10:00:00,0.043714,2.444807,1.729016,1.012 omega + -0.011 theta omega + -0.037 omega^2 + 0.002 theta^2 omega,0.000,0.0000000000e+00,0.0000000000e+00,0.0000000000e+00,0.0000000000e+00,0.0000000000e+00,0.0000000000e+00,0.0000000000e+00,0.0000000000e+00,0.0000000000e+00,0.0000000000e+00
4984,2024-09-01 10:05:00,0.067671,10.247779,7.246432,0.994 omega + -0.001 theta omega,0.000,0.0000000000e+00,0.0000000000e+00,0.0000000000e+00,0.0000000000e+00,0.0000000000e+00,0.0000000000e+00,0.0000000000e+00,0.0000000000e+00,0.0000000000e+00,0.0000000000e+00
4985,2024-09-01 10:10:00,0.058333,6.537082,4.622599,1.043 omega + 0.012 theta omega + 0.089 omega^2 + 0.001 theta^2 omega,0.000,0.0000000000e+00,0.0000000000e+00,0.0000000000e+00,0.0000000000e+00,0.0000000000e+00,0.0000000000e+00,0.0000000000e+00,0.0000000000e+00,0.0000000000e+00,0.0000000000e+00
4986,2024-09-01 10:15:00,0.040932,6.347217,4.488253,1.024 omega + -0.001 theta omega + -0.162 omega^2 + -0.004 theta omega^2,0.000,0.0000000000e+00,0.0000000000e+00,0.0000000000e+00,0.0000000000e+00,0.0000000000e+00,0.0000000000e+00,0.0000000000e+00,0.0000000000e+00,0.0000000000e+00,0.0000000000e+00
4987,2024-09-01 10:20:00,0.050991,6.857090,4.848829,1.015 omega + -0.014 theta omega + -0.030 omega^2 + 0.002 theta^2 omega,0.000,0.0000000000e+00,0.0000000000e+00,0.0000000000e+00,0.0000000000e+00,0.0000000000e+00,0.0000000000e+00,0.0000000000e+00,0.0000000000e+00,0.0000000000e+00,0.0000000000e+00
4988,2024-09-01 10:25:00,0.060137,4.911756,3.473396,0.993 omega + 0.007 theta omega + -0.001 theta^2 omega,-0.048 theta omega^2,0.0000000000e+00,0.0000000000e+00,0.0000000000e+00,0.0000000000e+00,0.0000000000e+00,0.0000000000e+00,0.0000000000e+00,0.0000000000e+00,-4.7519900798e-02,0.0000000000e+00
4989,2024-09-01 10:30:00,0.142940,19.957630,14.112537,1.006 omega + 0.005 omega^2 + -0.003 theta omega^2,0.000,0.0000000000e+00,0.0000000000e+00,0.0000000000e+00,0.0000000000e+00,0.0000000000e+00,0.0000000000e+00,0.0000000000e+00,0.0000000000e+00,0.0000000000e+00,0.0000000000e+00
4990,2024-09-01 10:35:00,0.047126,4.705509,3.327464,0.981 omega + 0.001 theta omega + 0.205 omega^2 + -0.016 theta omega^2,0.000,0.0000000000e+00,0.0000000000e+00,0.0000000000e+00,0.0000000000e+00,0.0000000000e+00,0.0000000000e+00,0.0000000000e+00,0.0000000000e+00,0.0000000000e+00,0.0000000000e+00
4991,2024-09-01 10:40:00,0.063928,3.540742,2.504090,0.999 omega,0.000,0.0000000000e+00,0.0000000000e+00,0.0000000000e+00,0.0000000000e+00,0.0000000000e+00,0.0000000000e+00,0.0000000000e+00,0.0000000000e+00,0.0000000000e+00,0.0000000000e+00
4992,2024-09-01 10:45:00,0.044843,2.293150,1.621812,1.011 omega + -0.002 theta omega + -0.075 omega^2 + 0.013 theta omega^2,0.000,0.0000000000e+00,0.0000000000e+00,0.0000000000e+00,0.0000000000e+00,0.0000000000e+00,0.0000000000e+00,0.0000000000e+00,0.0000000000e+00,0.0000000000e+00,0.0000000000e+00
4993,2024-09-01 10:50:00,0.111821,9.719747,6.873354,1.005 omega + 0.038 omega^2 + -0.014 theta omega^2,0.000,0.0000000000e+00,0.0000000000e+00,0.0000000000e+00,0.0000000000e+00,0.0000000000e+00,0.0000000000e+00,0.0000000000e+00,0.0000000000e+00,0.0000000000e+00,0.0000000000e+00
4994,2024-09-01 10:55:00,0.037541,5.096528,3.603887,0.015 1 + 1.131 omega + -0.001 theta omega + 0.243 omega^2 + -0.005 theta omega^2,0.000,0.0000000000e+00,0.0000000000e+00,0.0000000000e+00,0.0000000000e+00,0.0000000000e+00,0.0000000000e+00,0.0000000000e+00,0.0000000000e+00,0.0000000000e+00,0.0000000000e+00
4995,2024-09-01 11:00:00,0.020001,2.494995,1.764285,0.004 1 + 1.053 omega + 0.173 omega^2,0.000,0.0000000000e+00,0.0000000000e+00,0.0000000000e+00,0.0000000000e+00,0.0000000000e+00,0.0000000000e+00,0.0000000000e+00,0.0000000000e+00,0.0000000000e+00,0.0000000000e+00
4996,2024-09-01 11:05:00,0.040812,6.510514,4.603719,0.990 omega + -0.001 theta omega + -0.028 omega^2,0.000,0.0000000000e+00,0.0000000000e+00,0.0000000000e+00,0.0000000000e+00,0.0000000000e+00,0.0000000000e+00,0.0000000000e+00,0.0000000000e+00,0.0000000000e+00,0.0000000000e+00
4997,2024-09-01 11:10:00,0.041136,1.735893,1.227806,1.002 omega + 0.027 omega^2,0.000,0.0000000000e+00,0.0000000000e+00,0.0000000000e+00,0.0000000000e+00,0.0000000000e+00,0.0000000000e+00,0.0000000000e+00,0.0000000000e+00,0.0000000000e+00,0.0000000000e+00
4998,2024-09-01 11:15:00,0.055642,3.620081,2.560086,1.016 omega + 0.005 theta omega + 0.036 omega^2,-0.020 theta omega^2,0.0000000000e+00,0.0000000000e+00,0.0000000000e+00,0.0000000000e+00,0.0000000000e+00,0.0000000000e+00,0.0000000000e+00,0.0000000000e+00,-1.9966674581e-02,0.0000000000e+00
4999,2024-09-01 11:20:00,0.035283,2.668788,1.887283,-0.001 1 + 1.009 omega,0.000,0.0000000000e+00,0.0000000000e+00,0.0000000000e+00,0.0000000000e+00,0.0000000000e+00,0.0000000000e+00,0.0000000000e+00,0.0000000000e+00,0.0000000000e+00,0.0000000000e+00
