Chunk_Index,Chunk_Start_Time,Sim_RMSE_Omega,Sim_RMSE_Theta,Sim_RMSE_Total,Eq_Theta,Eq_Omega,Coeff_Const,Coeff_Theta,Coeff_Omega,Coeff_Theta2,Coeff_ThetaOmega,Coeff_Omega2,Coeff_Theta3,Coeff_Theta2Omega,Coeff_ThetaOmega2,Coeff_Omega3
36500,2024-12-29 07:30:00,0.089956,9.905691,7.004670,0.992 omega + 0.046 omega^2,0.000,0.0000000000e+00,0.0000000000e+00,0.0000000000e+00,0.0000000000e+00,0.0000000000e+00,0.0000000000e+00,0.0000000000e+00,0.0000000000e+00,0.0000000000e+00,0.0000000000e+00
36501,2024-12-29 07:35:00,0.117265,16.410504,11.604275,1.000 omega + 0.034 omega^2,0.000,0.0000000000e+00,0.0000000000e+00,0.0000000000e+00,0.0000000000e+00,0.0000000000e+00,0.0000000000e+00,0.0000000000e+00,0.0000000000e+00,0.0000000000e+00,0.0000000000e+00
36502,2024-12-29 07:40:00,0.195485,18.601852,13.154222,0.996 omega + -0.005 omega^2 + 0.052 omega^3,0.000,0.0000000000e+00,0.0000000000e+00,0.0000000000e+00,0.0000000000e+00,0.0000000000e+00,0.0000000000e+00,0.0000000000e+00,0.0000000000e+00,0.0000000000e+00,0.0000000000e+00
36503,2024-12-29 07:45:00,0.223365,23.649282,16.723314,1.003 omega + 0.031 omega^2 + -0.151 omega^3,0.000,0.0000000000e+00,0.0000000000e+00,0.0000000000e+00,0.0000000000e+00,0.0000000000e+00,0.0000000000e+00,0.0000000000e+00,0.0000000000e+00,0.0000000000e+00,0.0000000000e+00
36504,2024-12-29 07:50:00,0.178128,20.129682,14.234392,0.998 omega + -0.013 omega^2,0.000,0.0000000000e+00,0.0000000000e+00,0.0000000000e+00,0.0000000000e+00,0.0000000000e+00,0.0000000000e+00,0.0000000000e+00,0.0000000000e+00,0.0000000000e+00,0.0000000000e+00
36505,2024-12-29 07:55:00,0.126290,7.359024,5.204382,1.007 omega + 0.015 omega^2 + -0.337 omega^3,0.000,0.0000000000e+00,0.0000000000e+00,0.0000000000e+00,0.0000000000e+00,0.0000000000e+00,0.0000000000e+00,0.0000000000e+00,0.0000000000e+00,0.0000000000e+00,0.0000000000e+00
36506,2024-12-29 08:00:00,0.020533,2.692792,1.904147,1.002 omega + -0.009 omega^2,0.000,0.0000000000e+00,0.0000000000e+00,0.0000000000e+00,0.0000000000e+00,0.0000000000e+00,0.0000000000e+00,0.0000000000e+00,0.0000000000e+00,0.0000000000e+00,0.0000000000e+00
36507,2024-12-29 08:05:00,0.232389,28.027818,19.819342,1.000 omega + -0.136 omega^3,0.000,0.0000000000e+00,0.0000000000e+00,0.0000000000e+00,0.0000000000e+00,0.0000000000e+00,0.0000000000e+00,0.0000000000e+00,0.0000000000e+00,0.0000000000e+00,0.0000000000e+00
36508,2024-12-29 08:10:00,0.133264,14.347230,10.145461,0.997 omega + 0.010 omega^2 + 0.022 omega^3,-0.013 theta omega^2,0.0000000000e+00,0.0000000000e+00,0.0000000000e+00,0.0000000000e+00,0.0000000000e+00,0.0000000000e+00,0.0000000000e+00,0.0000000000e+00,-1.3057385975e-02,0.0000000000e+00
36509,2024-12-29 08:15:00,0.059311,7.448601,5.267123,0.994 omega + 0.047 omega^2 + -0.109 omega^3,0.000,0.0000000000e+00,0.0000000000e+00,0.0000000000e+00,0.0000000000e+00,0.0000000000e+00,0.0000000000e+00,0.0000000000e+00,0.0000000000e+00,0.0000000000e+00,0.0000000000e+00
36510,2024-12-29 08:20:00,0.070043,3.242146,2.293079,0.958 omega + 0.004 theta omega + 0.799 omega^2 + -0.089 theta omega^2,0.000,0.0000000000e+00,0.0000000000e+00,0.0000000000e+00,0.0000000000e+00,0.0000000000e+00,0.0000000000e+00,0.0000000000e+00,0.0000000000e+00,0.0000000000e+00,0.0000000000e+00
36511,2024-12-29 08:25:00,0.099072,16.009411,11.320580,1.009 omega + -0.015 omega^2 + -0.016 theta omega^2,0.000,0.0000000000e+00,0.0000000000e+00,0.0000000000e+00,0.0000000000e+00,0.0000000000e+00,0.0000000000e+00,0.0000000000e+00,0.0000000000e+00,0.0000000000e+00,0.0000000000e+00
36512,2024-12-29 08:30:00,0.115258,14.080814,9.956973,1.008 omega + -0.048 omega^2,0.000,0.0000000000e+00,0.0000000000e+00,0.0000000000e+00,0.0000000000e+00,0.0000000000e+00,0.0000000000e+00,0.0000000000e+00,0.0000000000e+00,0.0000000000e+00,0.0000000000e+00
36513,2024-12-29 08:35:00,0.062098,4.189061,2.962439,1.000 omega,0.000,0.0000000000e+00,0.0000000000e+00,0.0000000000e+00,0.0000000000e+00,0.0000000000e+00,0.0000000000e+00,0.0000000000e+00,0.0000000000e+00,0.0000000000e+00,0.0000000000e+00
36514,2024-12-29 08:40:00,0.066434,9.955439,7.039715,0.993 omega + 0.028 omega^2,0.000,0.0000000000e+00,0.0000000000e+00,0.0000000000e+00,0.0000000000e+00,0.0000000000e+00,0.0000000000e+00,0.0000000000e+00,0.0000000000e+00,0.0000000000e+00,0.0000000000e+00
36515,2024-12-29 08:45:00,0.123259,20.597412,14.564831,1.003 omega + -0.022 omega^2,0.000,0.0000000000e+00,0.0000000000e+00,0.0000000000e+00,0.0000000000e+00,0.0000000000e+00,0.0000000000e+00,0.0000000000e+00,0.0000000000e+00,0.0000000000e+00,0.0000000000e+00
36516,2024-12-29 08:50:00,0.122967,20.504196,14.498917,0.999 omega + -0.090 omega^2 + -0.014 theta omega^2,0.000,0.0000000000e+00,0.0000000000e+00,0.0000000000e+00,0.0000000000e+00,0.0000000000e+00,0.0000000000e+00,0.0000000000e+00,0.0000000000e+00,0.0000000000e+00,0.0000000000e+00
36517,2024-12-29 08:55:00,0.144431,8.401425,5.941582,1.010 omega + 0.027 omega^2 + -0.434 omega^3,0.000,0.0000000000e+00,0.0000000000e+00,0.0000000000e+00,0.0000000000e+00,0.0000000000e+00,0.0000000000e+00,0.0000000000e+00,0.0000000000e+00,0.0000000000e+00,0.0000000000e+00
36518,2024-12-29 09:00:00,0.080113,11.190750,7.913258,0.993 omega + 0.026 omega^2,0.000,0.0000000000e+00,0.0000000000e+00,0.0000000000e+00,0.0000000000e+00,0.0000000000e+00,0.0000000000e+00,0.0000000000e+00,0.0000000000e+00,0.0000000000e+00,0.0000000000e+00
36519,2024-12-29 09:05:00,0.107722,14.092529,9.965214,0.997 omega + 0.023 omega^2,0.000,0.0000000000e+00,0.0000000000e+00,0.0000000000e+00,0.0000000000e+00,0.0000000000e+00,0.0000000000e+00,0.0000000000e+00,0.0000000000e+00,0.0000000000e+00,0.0000000000e+00
36520,2024-12-29 09:10:00,0.080387,4.278498,3.025889,1.013 omega + 0.015 omega^2 + -0.025 theta omega^2 + -0.655 omega^3,0.000,0.0000000000e+00,0.0000000000e+00,0.0000000000e+00,0.0000000000e+00,0.0000000000e+00,0.0000000000e+00,0.0000000000e+00,0.0000000000e+00,0.0000000000e+00,0.0000000000e+00
36521,2024-12-29 09:15:00,0.077312,7.951822,5.623053,1.004 omega + 0.046 omega^2 + -0.493 omega^3,-0.040 theta omega^2,0.0000000000e+00,0.0000000000e+00,0.0000000000e+00,0.0000000000e+00,0.0000000000e+00,0.0000000000e+00,0.0000000000e+00,0.0000000000e+00,-4.0005214498e-02,0.0000000000e+00
36522,2024-12-29 09:20:00,0.176807,24.719666,17.479891,0.996 omega + -0.017 omega^2,0.000,0.0000000000e+00,0.0000000000e+00,0.0000000000e+00,0.0000000000e+00,0.0000000000e+00,0.0000000000e+00,0.0000000000e+00,0.0000000000e+00,0.0000000000e+00,0.0000000000e+00
36523,2024-12-29 09:25:00,0.054830,5.456350,3.858417,0.995 omega + 0.021 omega^2 + -0.001 theta omega^2,0.000,0.0000000000e+00,0.0000000000e+00,0.0000000000e+00,0.0000000000e+00,0.0000000000e+00,0.0000000000e+00,0.0000000000e+00,0.0000000000e+00,0.0000000000e+00,0.0000000000e+00
36524,2024-12-29 09:30:00,0.078542,6.091395,4.307624,1.003 omega + -0.002 omega^2 + -0.002 theta omega^2,0.000,0.0000000000e+00,0.0000000000e+00,0.0000000000e+00,0.0000000000e+00,0.0000000000e+00,0.0000000000e+00,0.0000000000e+00,0.0000000000e+00,0.0000000000e+00,0.0000000000e+00
36525,2024-12-29 09:35:00,0.044741,4.481760,3.169241,0.997 omega + -0.001 theta omega + 0.007 theta omega^2,0.000,0.0000000000e+00,0.0000000000e+00,0.0000000000e+00,0.0000000000e+00,0.0000000000e+00,0.0000000000e+00,0.0000000000e+00,0.0000000000e+00,0.0000000000e+00,0.0000000000e+00
36526,2024-12-29 09:40:00,0.042391,2.767945,1.957462,1.001 omega + 0.011 omega^2 + -0.001 theta omega^2,0.000,0.0000000000e+00,0.0000000000e+00,0.0000000000e+00,0.0000000000e+00,0.0000000000e+00,0.0000000000e+00,0.0000000000e+00,0.0000000000e+00,0.0000000000e+00,0.0000000000e+00
36527,2024-12-29 09:45:00,0.056948,8.607427,6.086503,1.009 omega + -0.088 omega^2 + 0.002 theta omega^2,0.000,0.0000000000e+00,0.0000000000e+00,0.0000000000e+00,0.0000000000e+00,0.0000000000e+00,0.0000000000e+00,0.0000000000e+00,0.0000000000e+00,0.0000000000e+00,0.0000000000e+00
36528,2024-12-29 09:50:00,0.065148,9.027457,6.383542,1.006 omega + -0.027 omega^2,0.000,0.0000000000e+00,0.0000000000e+00,0.0000000000e+00,0.0000000000e+00,0.0000000000e+00,0.0000000000e+00,0.0000000000e+00,0.0000000000e+00,0.0000000000e+00,0.0000000000e+00
36529,2024-12-29 09:55:00,0.027252,3.009610,2.128203,0.011 1 + 0.696 omega + 0.001 theta omega + 2.499 omega^2 + -0.006 theta omega^2 + -6.219 omega^3,0.000,0.0000000000e+00,0.0000000000e+00,0.0000000000e+00,0.0000000000e+00,0.0000000000e+00,0.0000000000e+00,0.0000000000e+00,0.0000000000e+00,0.0000000000e+00,0.0000000000e+00
36530,2024-12-29 10:00:00,0.050519,5.009911,3.542722,0.996 omega + 0.031 omega^2,0.000,0.0000000000e+00,0.0000000000e+00,0.0000000000e+00,0.0000000000e+00,0.0000000000e+00,0.0000000000e+00,0.0000000000e+00,0.0000000000e+00,0.0000000000e+00,0.0000000000e+00
36531,2024-12-29 10:05:00,0.088715,12.550820,8.874992,1.007 omega + 0.002 theta omega,0.000,0.0000000000e+00,0.0000000000e+00,0.0000000000e+00,0.0000000000e+00,0.0000000000e+00,0.0000000000e+00,0.0000000000e+00,0.0000000000e+00,0.0000000000e+00,0.0000000000e+00
36532,2024-12-29 10:10:00,0.035093,4.941475,3.494238,-0.001 1 + 1.021 omega + -0.110 omega^2 + -0.009 theta omega^2,0.000,0.0000000000e+00,0.0000000000e+00,0.0000000000e+00,0.0000000000e+00,0.0000000000e+00,0.0000000000e+00,0.0000000000e+00,0.0000000000e+00,0.0000000000e+00,0.0000000000e+00
36533,2024-12-29 10:15:00,0.066918,10.444683,7.385658,0.995 omega + 0.004 omega^2 + 0.001 theta omega^2,0.000,0.0000000000e+00,0.0000000000e+00,0.0000000000e+00,0.0000000000e+00,0.0000000000e+00,0.0000000000e+00,0.0000000000e+00,0.0000000000e+00,0.0000000000e+00,0.0000000000e+00
36534,2024-12-29 10:20:00,0.086133,14.010366,9.907012,1.019 omega + -0.053 omega^2 + -0.008 theta omega^2,0.000,0.0000000000e+00,0.0000000000e+00,0.0000000000e+00,0.0000000000e+00,0.0000000000e+00,0.0000000000e+00,0.0000000000e+00,0.0000000000e+00,0.0000000000e+00,0.0000000000e+00
36535,2024-12-29 10:25:00,0.044473,4.811466,3.402365,1.028 omega + -0.005 theta omega + -0.239 omega^2 + 0.026 theta omega^2,0.000,0.0000000000e+00,0.0000000000e+00,0.0000000000e+00,0.0000000000e+00,0.0000000000e+00,0.0000000000e+00,0.0000000000e+00,0.0000000000e+00,0.0000000000e+00,0.0000000000e+00
36536,2024-12-29 10:30:00,0.062592,4.574971,3.235296,1.002 omega,0.000,0.0000000000e+00,0.0000000000e+00,0.0000000000e+00,0.0000000000e+00,0.0000000000e+00,0.0000000000e+00,0.0000000000e+00,0.0000000000e+00,0.0000000000e+00,0.0000000000e+00
36537,2024-12-29 10:35:00,0.046913,7.847588,5.549182,0.996 omega + 0.001 theta omega + 0.030 omega^2 + -0.006 theta omega^2,0.000,0.0000000000e+00,0.0000000000e+00,0.0000000000e+00,0.0000000000e+00,0.0000000000e+00,0.0000000000e+00,0.0000000000e+00,0.0000000000e+00,0.0000000000e+00,0.0000000000e+00
36538,2024-12-29 10:40:00,0.150084,19.650622,13.895493,0.956 omega + 0.004 theta omega + 0.285 omega^2 + -0.031 theta omega^2,0.000,0.0000000000e+00,0.0000000000e+00,0.0000000000e+00,0.0000000000e+00,0.0000000000e+00,0.0000000000e+00,0.0000000000e+00,0.0000000000e+00,0.0000000000e+00,0.0000000000e+00
36539,2024-12-29 10:45:00,0.084465,5.879390,4.157785,1.002 omega + 0.020 omega^2 + -0.003 theta omega^2,0.000,0.0000000000e+00,0.0000000000e+00,0.0000000000e+00,0.0000000000e+00,0.0000000000e+00,0.0000000000e+00,0.0000000000e+00,0.0000000000e+00,0.0000000000e+00,0.0000000000e+00
36540,2024-12-29 10:50:00,0.072535,6.823273,4.825055,1.008 omega + -0.022 omega^2 + -0.003 theta omega^2,0.000,0.0000000000e+00,0.0000000000e+00,0.0000000000e+00,0.0000000000e+00,0.0000000000e+00,0.0000000000e+00,0.0000000000e+00,0.0000000000e+00,0.0000000000e+00,0.0000000000e+00
36541,2024-12-29 10:55:00,0.084038,9.426189,6.665587,0.998 omega + 0.032 omega^2 + -0.004 theta omega^2,0.000,0.0000000000e+00,0.0000000000e+00,0.0000000000e+00,0.0000000000e+00,0.0000000000e+00,0.0000000000e+00,0.0000000000e+00,0.0000000000e+00,0.0000000000e+00,0.0000000000e+00
36542,2024-12-29 11:00:00,5.887473,3.286535,4.767790,1.006 omega + 0.008 theta omega + -0.176 omega^2 + -0.019 theta omega^2,0.028 omega + 0.015 theta omega,0.0000000000e+00,0.0000000000e+00,2.7632838850e-02,0.0000000000e+00,1.4917133642e-02,0.0000000000e+00,0.0000000000e+00,0.0000000000e+00,0.0000000000e+00,0.0000000000e+00
36543,2024-12-29 11:05:00,0.102842,17.486697,12.365176,0.983 omega + 0.004 theta omega + 0.059 omega^2 + -0.018 theta omega^2,0.000,0.0000000000e+00,0.0000000000e+00,0.0000000000e+00,0.0000000000e+00,0.0000000000e+00,0.0000000000e+00,0.0000000000e+00,0.0000000000e+00,0.0000000000e+00,0.0000000000e+00
36544,2024-12-29 11:10:00,0.049967,2.343590,1.657545,0.004 1 + 0.974 omega + -0.001 theta omega + 0.026 omega^2 + 0.006 theta omega^2,0.000,0.0000000000e+00,0.0000000000e+00,0.0000000000e+00,0.0000000000e+00,0.0000000000e+00,0.0000000000e+00,0.0000000000e+00,0.0000000000e+00,0.0000000000e+00,0.0000000000e+00
36545,2024-12-29 11:15:00,0.055772,1.935428,1.369122,1.006 omega + -0.008 theta omega^2,0.000,0.0000000000e+00,0.0000000000e+00,0.0000000000e+00,0.0000000000e+00,0.0000000000e+00,0.0000000000e+00,0.0000000000e+00,0.0000000000e+00,0.0000000000e+00,0.0000000000e+00
36546,2024-12-29 11:20:00,0.107658,14.204542,10.044416,1.001 omega + 0.103 omega^2 + -0.053 theta omega^2,0.000,0.0000000000e+00,0.0000000000e+00,0.0000000000e+00,0.0000000000e+00,0.0000000000e+00,0.0000000000e+00,0.0000000000e+00,0.0000000000e+00,0.0000000000e+00,0.0000000000e+00
36547,2024-12-29 11:25:00,0.107830,18.085399,12.788536,1.005 omega + -0.047 omega^2,0.000,0.0000000000e+00,0.0000000000e+00,0.0000000000e+00,0.0000000000e+00,0.0000000000e+00,0.0000000000e+00,0.0000000000e+00,0.0000000000e+00,0.0000000000e+00,0.0000000000e+00
36548,2024-12-29 11:30:00,0.120342,11.526080,8.150614,1.010 omega + 0.111 omega^2 + -0.001 theta omega^2 + -1.243 omega^3,0.000,0.0000000000e+00,0.0000000000e+00,0.0000000000e+00,0.0000000000e+00,0.0000000000e+00,0.0000000000e+00,0.0000000000e+00,0.0000000000e+00,0.0000000000e+00,0.0000000000e+00
36549,2024-12-29 11:35:00,0.058371,6.638927,4.694612,0.005 1 + 0.800 omega + 0.003 theta omega + 1.413 omega^2 + -0.019 theta omega^2 + -2.613 omega^3,0.000,0.0000000000e+00,0.0000000000e+00,0.0000000000e+00,0.0000000000e+00,0.0000000000e+00,0.0000000000e+00,0.0000000000e+00,0.0000000000e+00,0.0000000000e+00,0.0000000000e+00
36550,2024-12-29 11:40:00,0.054369,4.279862,3.026564,0.994 omega + 0.039 omega^2,0.000,0.0000000000e+00,0.0000000000e+00,0.0000000000e+00,0.0000000000e+00,0.0000000000e+00,0.0000000000e+00,0.0000000000e+00,0.0000000000e+00,0.0000000000e+00,0.0000000000e+00
36551,2024-12-29 11:45:00,0.114062,13.052985,9.230207,1.001 omega + -0.072 omega^2 + -0.033 theta omega^2,0.000,0.0000000000e+00,0.0000000000e+00,0.0000000000e+00,0.0000000000e+00,0.0000000000e+00,0.0000000000e+00,0.0000000000e+00,0.0000000000e+00,0.0000000000e+00,0.0000000000e+00
36552,2024-12-29 11:50:00,0.066068,7.052687,4.987222,0.001 1 + 1.012 omega + 0.021 omega^2 + -0.002 theta omega^2,0.000,0.0000000000e+00,0.0000000000e+00,0.0000000000e+00,0.0000000000e+00,0.0000000000e+00,0.0000000000e+00,0.0000000000e+00,0.0000000000e+00,0.0000000000e+00,0.0000000000e+00
36553,2024-12-29 11:55:00,0.069937,6.099180,4.313055,0.995 omega + -0.016 omega^2,0.000,0.0000000000e+00,0.0000000000e+00,0.0000000000e+00,0.0000000000e+00,0.0000000000e+00,0.0000000000e+00,0.0000000000e+00,0.0000000000e+00,0.0000000000e+00,0.0000000000e+00
36554,2024-12-29 12:00:00,0.146148,20.904359,14.781975,1.001 omega + -0.027 theta omega^2,0.000,0.0000000000e+00,0.0000000000e+00,0.0000000000e+00,0.0000000000e+00,0.0000000000e+00,0.0000000000e+00,0.0000000000e+00,0.0000000000e+00,0.0000000000e+00,0.0000000000e+00
36555,2024-12-29 12:05:00,0.084464,10.054145,7.109605,1.001 omega + -0.017 theta omega^2,-0.035 omega^2 + -0.028 theta omega^2,0.0000000000e+00,0.0000000000e+00,0.0000000000e+00,0.0000000000e+00,0.0000000000e+00,-3.4789582650e-02,0.0000000000e+00,0.0000000000e+00,-2.8040873552e-02,0.0000000000e+00
36556,2024-12-29 12:10:00,0.074556,9.474276,6.699532,1.000 omega + -0.001 theta omega + -0.016 theta omega^2,0.000,0.0000000000e+00,0.0000000000e+00,0.0000000000e+00,0.0000000000e+00,0.0000000000e+00,0.0000000000e+00,0.0000000000e+00,0.0000000000e+00,0.0000000000e+00,0.0000000000e+00
36557,2024-12-29 12:15:00,0.068640,7.525635,5.321649,1.007 omega + -0.003 theta omega + 0.058 omega^2 + 0.010 theta omega^2,0.000,0.0000000000e+00,0.0000000000e+00,0.0000000000e+00,0.0000000000e+00,0.0000000000e+00,0.0000000000e+00,0.0000000000e+00,0.0000000000e+00,0.0000000000e+00,0.0000000000e+00
36558,2024-12-29 12:20:00,0.065799,7.617952,5.386906,1.029 omega + -0.010 theta omega + -0.043 omega^2 + 0.001 theta^2 omega + -0.004 theta omega^2,0.000,0.0000000000e+00,0.0000000000e+00,0.0000000000e+00,0.0000000000e+00,0.0000000000e+00,0.0000000000e+00,0.0000000000e+00,0.0000000000e+00,0.0000000000e+00,0.0000000000e+00
36559,2024-12-29 12:25:00,0.124399,18.676447,13.206535,0.979 omega + -0.001 theta omega + -0.096 omega^2 + -0.011 theta omega^2,0.000,0.0000000000e+00,0.0000000000e+00,0.0000000000e+00,0.0000000000e+00,0.0000000000e+00,0.0000000000e+00,0.0000000000e+00,0.0000000000e+00,0.0000000000e+00,0.0000000000e+00
36560,2024-12-29 12:30:00,0.081355,8.284623,5.858396,1.007 omega + -0.001 theta omega,0.000,0.0000000000e+00,0.0000000000e+00,0.0000000000e+00,0.0000000000e+00,0.0000000000e+00,0.0000000000e+00,0.0000000000e+00,0.0000000000e+00,0.0000000000e+00,0.0000000000e+00
36561,2024-12-29 12:35:00,0.074810,3.509783,2.482355,1.002 omega + 0.018 omega^2 + -0.001 theta omega^2,0.000,0.0000000000e+00,0.0000000000e+00,0.0000000000e+00,0.0000000000e+00,0.0000000000e+00,0.0000000000e+00,0.0000000000e+00,0.0000000000e+00,0.0000000000e+00,0.0000000000e+00
36562,2024-12-29 12:40:00,0.094565,4.273411,3.022498,0.999 omega,0.000,0.0000000000e+00,0.0000000000e+00,0.0000000000e+00,0.0000000000e+00,0.0000000000e+00,0.0000000000e+00,0.0000000000e+00,0.0000000000e+00,0.0000000000e+00,0.0000000000e+00
36563,2024-12-29 12:45:00,0.119041,19.460849,13.761156,1.000 omega + -0.002 omega^2 + -0.022 omega^3,0.000,0.0000000000e+00,0.0000000000e+00,0.0000000000e+00,0.0000000000e+00,0.0000000000e+00,0.0000000000e+00,0.0000000000e+00,0.0000000000e+00,0.0000000000e+00,0.0000000000e+00
36564,2024-12-29 12:50:00,0.058759,5.531679,3.911709,0.997 omega + 0.004 theta omega + -0.044 omega^2 + -0.001 theta^2 omega,-0.030 theta omega^2,0.0000000000e+00,0.0000000000e+00,0.0000000000e+00,0.0000000000e+00,0.0000000000e+00,0.0000000000e+00,0.0000000000e+00,0.0000000000e+00,-3.0150118944e-02,0.0000000000e+00
36565,2024-12-29 12:55:00,0.157658,26.141382,18.485085,1.002 omega + -0.011 theta omega^2,0.000,0.0000000000e+00,0.0000000000e+00,0.0000000000e+00,0.0000000000e+00,0.0000000000e+00,0.0000000000e+00,0.0000000000e+00,0.0000000000e+00,0.0000000000e+00,0.0000000000e+00
36566,2024-12-29 13:00:00,0.046083,5.690669,4.024042,0.003 1 + 1.049 omega + 0.191 omega^2 + 0.001 theta omega^2,0.000,0.0000000000e+00,0.0000000000e+00,0.0000000000e+00,0.0000000000e+00,0.0000000000e+00,0.0000000000e+00,0.0000000000e+00,0.0000000000e+00,0.0000000000e+00,0.0000000000e+00
36567,2024-12-29 13:05:00,0.139716,13.720755,9.702542,0.999 omega + 0.007 omega^2,0.000,0.0000000000e+00,0.0000000000e+00,0.0000000000e+00,0.0000000000e+00,0.0000000000e+00,0.0000000000e+00,0.0000000000e+00,0.0000000000e+00,0.0000000000e+00,0.0000000000e+00
36568,2024-12-29 13:10:00,0.064935,3.281252,2.320650,1.002 omega + 0.001 omega^2,0.000,0.0000000000e+00,0.0000000000e+00,0.0000000000e+00,0.0000000000e+00,0.0000000000e+00,0.0000000000e+00,0.0000000000e+00,0.0000000000e+00,0.0000000000e+00,0.0000000000e+00
36569,2024-12-29 13:15:00,0.066641,3.595945,2.543154,0.997 omega + 0.019 omega^2,0.000,0.0000000000e+00,0.0000000000e+00,0.0000000000e+00,0.0000000000e+00,0.0000000000e+00,0.0000000000e+00,0.0000000000e+00,0.0000000000e+00,0.0000000000e+00,0.0000000000e+00
36570,2024-12-29 13:20:00,0.039175,3.948641,2.792248,-0.001 1 + 1.018 omega + -0.063 omega^2 + -0.001 theta omega^2,0.000,0.0000000000e+00,0.0000000000e+00,0.0000000000e+00,0.0000000000e+00,0.0000000000e+00,0.0000000000e+00,0.0000000000e+00,0.0000000000e+00,0.0000000000e+00,0.0000000000e+00
36571,2024-12-29 13:25:00,0.057684,5.307307,3.753055,0.968 omega + 0.412 omega^2 + -1.231 omega^3,0.000,0.0000000000e+00,0.0000000000e+00,0.0000000000e+00,0.0000000000e+00,0.0000000000e+00,0.0000000000e+00,0.0000000000e+00,0.0000000000e+00,0.0000000000e+00,0.0000000000e+00
36572,2024-12-29 13:30:00,0.016427,1.322542,0.935251,-0.001 1 + 1.020 omega + -0.086 omega^2 + -0.001 theta omega^2,0.000,0.0000000000e+00,0.0000000000e+00,0.0000000000e+00,0.0000000000e+00,0.0000000000e+00,0.0000000000e+00,0.0000000000e+00,0.0000000000e+00,0.0000000000e+00,0.0000000000e+00
36573,2024-12-29 13:35:00,0.111338,5.457769,3.860029,1.000 omega + -0.003 omega^2,0.000,0.0000000000e+00,0.0000000000e+00,0.0000000000e+00,0.0000000000e+00,0.0000000000e+00,0.0000000000e+00,0.0000000000e+00,0.0000000000e+00,0.0000000000e+00,0.0000000000e+00
36574,2024-12-29 13:40:00,0.153252,21.419579,15.146317,0.997 omega + 0.054 omega^2 + -0.001 theta omega^2,0.000,0.0000000000e+00,0.0000000000e+00,0.0000000000e+00,0.0000000000e+00,0.0000000000e+00,0.0000000000e+00,0.0000000000e+00,0.0000000000e+00,0.0000000000e+00,0.0000000000e+00
36575,2024-12-29 13:45:00,0.119448,15.243968,10.779444,1.010 omega + -0.052 omega^2,0.000,0.0000000000e+00,0.0000000000e+00,0.0000000000e+00,0.0000000000e+00,0.0000000000e+00,0.0000000000e+00,0.0000000000e+00,0.0000000000e+00,0.0000000000e+00,0.0000000000e+00
36576,2024-12-29 13:50:00,0.118712,15.118565,10.690770,0.998 omega,0.000,0.0000000000e+00,0.0000000000e+00,0.0000000000e+00,0.0000000000e+00,0.0000000000e+00,0.0000000000e+00,0.0000000000e+00,0.0000000000e+00,0.0000000000e+00,0.0000000000e+00
36577,2024-12-29 13:55:00,0.161273,12.152030,8.593540,1.000 omega + 0.100 omega^3,0.000,0.0000000000e+00,0.0000000000e+00,0.0000000000e+00,0.0000000000e+00,0.0000000000e+00,0.0000000000e+00,0.0000000000e+00,0.0000000000e+00,0.0000000000e+00,0.0000000000e+00
36578,2024-12-29 14:00:00,0.041406,1.627624,1.151276,-0.024 1 + 0.714 omega + -1.113 omega^2 + -1.404 omega^3,0.000,0.0000000000e+00,0.0000000000e+00,0.0000000000e+00,0.0000000000e+00,0.0000000000e+00,0.0000000000e+00,0.0000000000e+00,0.0000000000e+00,0.0000000000e+00,0.0000000000e+00
36579,2024-12-29 14:05:00,0.045638,3.763444,2.661352,0.002 1 + 1.016 omega + 0.036 omega^2,0.000,0.0000000000e+00,0.0000000000e+00,0.0000000000e+00,0.0000000000e+00,0.0000000000e+00,0.0000000000e+00,0.0000000000e+00,0.0000000000e+00,0.0000000000e+00,0.0000000000e+00
36580,2024-12-29 14:10:00,0.230457,30.835802,21.804813,1.004 omega + 0.031 omega^2 + -0.233 omega^3,0.000,0.0000000000e+00,0.0000000000e+00,0.0000000000e+00,0.0000000000e+00,0.0000000000e+00,0.0000000000e+00,0.0000000000e+00,0.0000000000e+00,0.0000000000e+00,0.0000000000e+00
36581,2024-12-29 14:15:00,0.049776,6.841053,4.837483,-0.048 1 + 1.629 omega + -2.695 omega^2 + 3.796 omega^3,0.000,0.0000000000e+00,0.0000000000e+00,0.0000000000e+00,0.0000000000e+00,0.0000000000e+00,0.0000000000e+00,0.0000000000e+00,0.0000000000e+00,0.0000000000e+00,0.0000000000e+00
36582,2024-12-29 14:20:00,0.077090,10.715626,7.577288,-0.001 1 + 1.021 omega + -0.077 omega^2,0.000,0.0000000000e+00,0.0000000000e+00,0.0000000000e+00,0.0000000000e+00,0.0000000000e+00,0.0000000000e+00,0.0000000000e+00,0.0000000000e+00,0.0000000000e+00,0.0000000000e+00
36583,2024-12-29 14:25:00,0.045731,3.705660,2.620497,1.009 omega + -0.037 omega^2,0.000,0.0000000000e+00,0.0000000000e+00,0.0000000000e+00,0.0000000000e+00,0.0000000000e+00,0.0000000000e+00,0.0000000000e+00,0.0000000000e+00,0.0000000000e+00,0.0000000000e+00
36584,2024-12-29 14:30:00,0.045954,2.633990,1.862796,1.001 omega + -0.008 omega^2,0.000,0.0000000000e+00,0.0000000000e+00,0.0000000000e+00,0.0000000000e+00,0.0000000000e+00,0.0000000000e+00,0.0000000000e+00,0.0000000000e+00,0.0000000000e+00,0.0000000000e+00
36585,2024-12-29 14:35:00,0.079901,9.922763,7.016680,0.001 1 + 0.988 omega + 0.089 omega^2 + -0.002 theta omega^2,0.000,0.0000000000e+00,0.0000000000e+00,0.0000000000e+00,0.0000000000e+00,0.0000000000e+00,0.0000000000e+00,0.0000000000e+00,0.0000000000e+00,0.0000000000e+00,0.0000000000e+00
36586,2024-12-29 14:40:00,0.049789,4.454348,3.149896,1.012 omega + -0.006 omega^2 + -0.018 theta omega^2,0.000,0.0000000000e+00,0.0000000000e+00,0.0000000000e+00,0.0000000000e+00,0.0000000000e+00,0.0000000000e+00,0.0000000000e+00,0.0000000000e+00,0.0000000000e+00,0.0000000000e+00
36587,2024-12-29 14:45:00,0.076657,11.041835,7.807945,1.024 omega + -0.002 theta omega + -0.095 omega^2,0.000,0.0000000000e+00,0.0000000000e+00,0.0000000000e+00,0.0000000000e+00,0.0000000000e+00,0.0000000000e+00,0.0000000000e+00,0.0000000000e+00,0.0000000000e+00,0.0000000000e+00
36588,2024-12-29 14:50:00,0.164619,22.511913,15.918752,1.001 omega + 0.027 omega^2 + -0.145 omega^3,0.000,0.0000000000e+00,0.0000000000e+00,0.0000000000e+00,0.0000000000e+00,0.0000000000e+00,0.0000000000e+00,0.0000000000e+00,0.0000000000e+00,0.0000000000e+00,0.0000000000e+00
36589,2024-12-29 14:55:00,0.049182,4.182095,2.957393,-0.001 1 + 1.018 omega + -0.056 omega^2,0.000,0.0000000000e+00,0.0000000000e+00,0.0000000000e+00,0.0000000000e+00,0.0000000000e+00,0.0000000000e+00,0.0000000000e+00,0.0000000000e+00,0.0000000000e+00,0.0000000000e+00
36590,2024-12-29 15:00:00,0.076430,10.084171,7.130790,0.993 omega + 0.015 omega^2,0.000,0.0000000000e+00,0.0000000000e+00,0.0000000000e+00,0.0000000000e+00,0.0000000000e+00,0.0000000000e+00,0.0000000000e+00,0.0000000000e+00,0.0000000000e+00,0.0000000000e+00
36591,2024-12-29 15:05:00,0.100369,13.034461,9.217029,1.002 omega + 0.020 omega^2 + -0.003 theta omega^2,0.000,0.0000000000e+00,0.0000000000e+00,0.0000000000e+00,0.0000000000e+00,0.0000000000e+00,0.0000000000e+00,0.0000000000e+00,0.0000000000e+00,0.0000000000e+00,0.0000000000e+00
36592,2024-12-29 15:10:00,0.095593,14.650073,10.359387,1.008 omega + -0.213 omega^2 + -0.003 theta omega^2 + 1.442 omega^3,0.000,0.0000000000e+00,0.0000000000e+00,0.0000000000e+00,0.0000000000e+00,0.0000000000e+00,0.0000000000e+00,0.0000000000e+00,0.0000000000e+00,0.0000000000e+00,0.0000000000e+00
36593,2024-12-29 15:15:00,0.090748,8.535138,6.035595,0.998 omega + 0.201 omega^2 + -1.107 omega^3,0.000,0.0000000000e+00,0.0000000000e+00,0.0000000000e+00,0.0000000000e+00,0.0000000000e+00,0.0000000000e+00,0.0000000000e+00,0.0000000000e+00,0.0000000000e+00,0.0000000000e+00
36594,2024-12-29 15:20:00,0.130994,12.990096,9.185852,0.979 omega + 0.086 omega^2 + 0.001 theta omega^2,0.000,0.0000000000e+00,0.0000000000e+00,0.0000000000e+00,0.0000000000e+00,0.0000000000e+00,0.0000000000e+00,0.0000000000e+00,0.0000000000e+00,0.0000000000e+00,0.0000000000e+00
36595,2024-12-29 15:25:00,0.076718,10.447752,7.387875,0.995 omega + -0.008 omega^2,0.000,0.0000000000e+00,0.0000000000e+00,0.0000000000e+00,0.0000000000e+00,0.0000000000e+00,0.0000000000e+00,0.0000000000e+00,0.0000000000e+00,0.0000000000e+00,0.0000000000e+00
36596,2024-12-29 15:30:00,0.086863,8.703038,6.154283,0.998 omega + -0.008 omega^2 + 0.014 omega^3,-0.040 theta omega^2,0.0000000000e+00,0.0000000000e+00,0.0000000000e+00,0.0000000000e+00,0.0000000000e+00,0.0000000000e+00,0.0000000000e+00,0.0000000000e+00,-4.0011965079e-02,0.0000000000e+00
36597,2024-12-29 15:35:00,0.079099,11.515705,8.143025,1.009 omega + 0.001 theta omega + 0.032 omega^2 + -0.625 omega^3,0.000,0.0000000000e+00,0.0000000000e+00,0.0000000000e+00,0.0000000000e+00,0.0000000000e+00,0.0000000000e+00,0.0000000000e+00,0.0000000000e+00,0.0000000000e+00,0.0000000000e+00
36598,2024-12-29 15:40:00,0.075865,5.028051,3.555774,1.001 omega + 0.001 theta omega + -0.003 omega^2,0.000,0.0000000000e+00,0.0000000000e+00,0.0000000000e+00,0.0000000000e+00,0.0000000000e+00,0.0000000000e+00,0.0000000000e+00,0.0000000000e+00,0.0000000000e+00,0.0000000000e+00
36599,2024-12-29 15:45:00,0.075046,12.278676,8.682497,0.998 omega + 0.009 omega^2 + 0.001 theta omega^2,0.000,0.0000000000e+00,0.0000000000e+00,0.0000000000e+00,0.0000000000e+00,0.0000000000e+00,0.0000000000e+00,0.0000000000e+00,0.0000000000e+00,0.0000000000e+00,0.0000000000e+00
36600,2024-12-29 15:50:00,0.051748,5.091381,3.600336,1.011 omega + 0.015 theta omega + 0.034 omega^2 + 0.004 theta^2 omega,0.000,0.0000000000e+00,0.0000000000e+00,0.0000000000e+00,0.0000000000e+00,0.0000000000e+00,0.0000000000e+00,0.0000000000e+00,0.0000000000e+00,0.0000000000e+00,0.0000000000e+00
36601,2024-12-29 15:55:00,0.132561,18.078587,12.783835,1.012 omega + -0.007 theta omega^2,0.000,0.0000000000e+00,0.0000000000e+00,0.0000000000e+00,0.0000000000e+00,0.0000000000e+00,0.0000000000e+00,0.0000000000e+00,0.0000000000e+00,0.0000000000e+00,0.0000000000e+00
36602,2024-12-29 16:00:00,0.060946,4.262898,3.014632,-0.001 1 + 1.017 omega + 0.001 theta omega + -0.080 omega^2 + -0.002 theta omega^2,0.000,0.0000000000e+00,0.0000000000e+00,0.0000000000e+00,0.0000000000e+00,0.0000000000e+00,0.0000000000e+00,0.0000000000e+00,0.0000000000e+00,0.0000000000e+00,0.0000000000e+00
36603,2024-12-29 16:05:00,0.102970,10.057824,7.112328,0.994 omega + 0.019 omega^2 + 0.001 theta omega^2,0.000,0.0000000000e+00,0.0000000000e+00,0.0000000000e+00,0.0000000000e+00,0.0000000000e+00,0.0000000000e+00,0.0000000000e+00,0.0000000000e+00,0.0000000000e+00,0.0000000000e+00
36604,2024-12-29 16:10:00,0.110088,6.087652,4.305324,0.994 omega + -0.035 omega^2 + 0.434 omega^3,0.000,0.0000000000e+00,0.0000000000e+00,0.0000000000e+00,0.0000000000e+00,0.0000000000e+00,0.0000000000e+00,0.0000000000e+00,0.0000000000e+00,0.0000000000e+00,0.0000000000e+00
36605,2024-12-29 16:15:00,0.195349,23.239422,16.433333,1.004 omega + -0.038 omega^2 + -0.265 omega^3,-0.015 omega^2,0.0000000000e+00,0.0000000000e+00,0.0000000000e+00,0.0000000000e+00,0.0000000000e+00,-1.4958641664e-02,0.0000000000e+00,0.0000000000e+00,0.0000000000e+00,0.0000000000e+00
36606,2024-12-29 16:20:00,0.052580,8.311959,5.877560,-0.006 1 + 0.877 omega + -0.752 omega^2 + -1.402 omega^3,0.000,0.0000000000e+00,0.0000000000e+00,0.0000000000e+00,0.0000000000e+00,0.0000000000e+00,0.0000000000e+00,0.0000000000e+00,0.0000000000e+00,0.0000000000e+00,0.0000000000e+00
36607,2024-12-29 16:25:00,0.083629,6.045687,4.275356,0.999 omega + -0.002 omega^2,0.000,0.0000000000e+00,0.0000000000e+00,0.0000000000e+00,0.0000000000e+00,0.0000000000e+00,0.0000000000e+00,0.0000000000e+00,0.0000000000e+00,0.0000000000e+00,0.0000000000e+00
36608,2024-12-29 16:30:00,0.100089,6.001745,4.244465,1.014 omega + 0.050 omega^2 + -0.989 omega^3,0.000,0.0000000000e+00,0.0000000000e+00,0.0000000000e+00,0.0000000000e+00,0.0000000000e+00,0.0000000000e+00,0.0000000000e+00,0.0000000000e+00,0.0000000000e+00,0.0000000000e+00
36609,2024-12-29 16:35:00,0.053581,1.856070,1.312987,1.021 omega + 0.008 theta omega + -0.179 omega^2 + -0.130 theta omega^2,-0.097 theta omega^2,0.0000000000e+00,0.0000000000e+00,0.0000000000e+00,0.0000000000e+00,0.0000000000e+00,0.0000000000e+00,0.0000000000e+00,0.0000000000e+00,-9.7084112828e-02,0.0000000000e+00
36610,2024-12-29 16:40:00,0.049091,4.204190,2.973014,1.001 omega,0.000,0.0000000000e+00,0.0000000000e+00,0.0000000000e+00,0.0000000000e+00,0.0000000000e+00,0.0000000000e+00,0.0000000000e+00,0.0000000000e+00,0.0000000000e+00,0.0000000000e+00
36611,2024-12-29 16:45:00,0.055329,9.315950,6.587488,0.030 1 + 0.584 omega + 1.897 omega^2 + -2.872 omega^3,0.000,0.0000000000e+00,0.0000000000e+00,0.0000000000e+00,0.0000000000e+00,0.0000000000e+00,0.0000000000e+00,0.0000000000e+00,0.0000000000e+00,0.0000000000e+00,0.0000000000e+00
36612,2024-12-29 16:50:00,0.040297,4.869150,3.443127,0.001 1 + 0.986 omega + 0.044 omega^2,0.000,0.0000000000e+00,0.0000000000e+00,0.0000000000e+00,0.0000000000e+00,0.0000000000e+00,0.0000000000e+00,0.0000000000e+00,0.0000000000e+00,0.0000000000e+00,0.0000000000e+00
36613,2024-12-29 16:55:00,0.030665,4.023442,2.845085,-0.007 1 + 1.065 omega + -0.152 omega^2,0.000,0.0000000000e+00,0.0000000000e+00,0.0000000000e+00,0.0000000000e+00,0.0000000000e+00,0.0000000000e+00,0.0000000000e+00,0.0000000000e+00,0.0000000000e+00,0.0000000000e+00
36614,2024-12-29 17:00:00,0.089916,10.086745,7.132689,-0.001 1 + 1.013 omega + -0.027 omega^2,0.000,0.0000000000e+00,0.0000000000e+00,0.0000000000e+00,0.0000000000e+00,0.0000000000e+00,0.0000000000e+00,0.0000000000e+00,0.0000000000e+00,0.0000000000e+00,0.0000000000e+00
36615,2024-12-29 17:05:00,0.216432,24.400402,17.254368,1.003 omega + -0.042 omega^2 + 0.075 omega^3,0.000,0.0000000000e+00,0.0000000000e+00,0.0000000000e+00,0.0000000000e+00,0.0000000000e+00,0.0000000000e+00,0.0000000000e+00,0.0000000000e+00,0.0000000000e+00,0.0000000000e+00
36616,2024-12-29 17:10:00,0.144332,11.156364,7.889401,0.988 omega + -0.067 omega^2 + -0.088 omega^3,0.000,0.0000000000e+00,0.0000000000e+00,0.0000000000e+00,0.0000000000e+00,0.0000000000e+00,0.0000000000e+00,0.0000000000e+00,0.0000000000e+00,0.0000000000e+00,0.0000000000e+00
36617,2024-12-29 17:15:00,0.185663,26.997517,19.090579,1.068 omega + 0.602 omega^2 + 1.325 omega^3,0.000,0.0000000000e+00,0.0000000000e+00,0.0000000000e+00,0.0000000000e+00,0.0000000000e+00,0.0000000000e+00,0.0000000000e+00,0.0000000000e+00,0.0000000000e+00,0.0000000000e+00
36618,2024-12-29 17:20:00,0.234194,29.077224,20.561369,0.998 omega + 0.013 omega^2 + 0.029 omega^3,0.000,0.0000000000e+00,0.0000000000e+00,0.0000000000e+00,0.0000000000e+00,0.0000000000e+00,0.0000000000e+00,0.0000000000e+00,0.0000000000e+00,0.0000000000e+00,0.0000000000e+00
36619,2024-12-29 17:25:00,0.132649,12.438084,8.795554,0.998 omega + 0.003 omega^2 + 0.112 omega^3,0.000,0.0000000000e+00,0.0000000000e+00,0.0000000000e+00,0.0000000000e+00,0.0000000000e+00,0.0000000000e+00,0.0000000000e+00,0.0000000000e+00,0.0000000000e+00,0.0000000000e+00
36620,2024-12-29 17:30:00,0.095407,4.322010,3.056867,0.989 omega + -0.034 omega^2 + 0.149 omega^3,0.000,0.0000000000e+00,0.0000000000e+00,0.0000000000e+00,0.0000000000e+00,0.0000000000e+00,0.0000000000e+00,0.0000000000e+00,0.0000000000e+00,0.0000000000e+00,0.0000000000e+00
36621,2024-12-29 17:35:00,0.144827,21.023376,14.866124,1.005 omega + -0.001 omega^2 + -0.003 theta omega^2,0.000,0.0000000000e+00,0.0000000000e+00,0.0000000000e+00,0.0000000000e+00,0.0000000000e+00,0.0000000000e+00,0.0000000000e+00,0.0000000000e+00,0.0000000000e+00,0.0000000000e+00
36622,2024-12-29 17:40:00,0.108442,12.283612,8.686164,0.998 omega + -0.001 theta omega^2,0.000,0.0000000000e+00,0.0000000000e+00,0.0000000000e+00,0.0000000000e+00,0.0000000000e+00,0.0000000000e+00,0.0000000000e+00,0.0000000000e+00,0.0000000000e+00,0.0000000000e+00
36623,2024-12-29 17:45:00,0.094513,12.360697,8.740588,0.002 1 + 0.988 omega + 0.024 omega^2,0.000,0.0000000000e+00,0.0000000000e+00,0.0000000000e+00,0.0000000000e+00,0.0000000000e+00,0.0000000000e+00,0.0000000000e+00,0.0000000000e+00,0.0000000000e+00,0.0000000000e+00
36624,2024-12-29 17:50:00,0.035857,3.891546,2.751856,-0.015 1 + 1.124 omega + 0.001 theta omega + -0.235 omega^2 + -0.003 theta omega^2,0.000,0.0000000000e+00,0.0000000000e+00,0.0000000000e+00,0.0000000000e+00,0.0000000000e+00,0.0000000000e+00,0.0000000000e+00,0.0000000000e+00,0.0000000000e+00,0.0000000000e+00
36625,2024-12-29 17:55:00,0.019152,1.934127,1.367701,-0.001 1 + 1.006 omega + -0.017 omega^2,0.000,0.0000000000e+00,0.0000000000e+00,0.0000000000e+00,0.0000000000e+00,0.0000000000e+00,0.0000000000e+00,0.0000000000e+00,0.0000000000e+00,0.0000000000e+00,0.0000000000e+00
36626,2024-12-29 18:00:00,0.061589,2.704745,1.913039,0.992 omega + 0.048 omega^2,0.000,0.0000000000e+00,0.0000000000e+00,0.0000000000e+00,0.0000000000e+00,0.0000000000e+00,0.0000000000e+00,0.0000000000e+00,0.0000000000e+00,0.0000000000e+00,0.0000000000e+00
36627,2024-12-29 18:05:00,0.136066,18.843713,13.324864,0.001 1 + 0.997 omega + 0.037 omega^2 + -0.002 theta omega^2,0.000,0.0000000000e+00,0.0000000000e+00,0.0000000000e+00,0.0000000000e+00,0.0000000000e+00,0.0000000000e+00,0.0000000000e+00,0.0000000000e+00,0.0000000000e+00,0.0000000000e+00
36628,2024-12-29 18:10:00,0.225107,24.225633,17.130849,1.000 omega + 0.020 omega^3,0.000,0.0000000000e+00,0.0000000000e+00,0.0000000000e+00,0.0000000000e+00,0.0000000000e+00,0.0000000000e+00,0.0000000000e+00,0.0000000000e+00,0.0000000000e+00,0.0000000000e+00
36629,2024-12-29 18:15:00,0.289279,36.302976,25.670896,1.006 omega + 0.024 omega^2 + -0.245 omega^3,0.000,0.0000000000e+00,0.0000000000e+00,0.0000000000e+00,0.0000000000e+00,0.0000000000e+00,0.0000000000e+00,0.0000000000e+00,0.0000000000e+00,0.0000000000e+00,0.0000000000e+00
36630,2024-12-29 18:20:00,0.042400,4.824846,3.411813,0.001 1 + 0.990 omega + 0.025 omega^2 + 0.002 theta omega^2,0.000,0.0000000000e+00,0.0000000000e+00,0.0000000000e+00,0.0000000000e+00,0.0000000000e+00,0.0000000000e+00,0.0000000000e+00,0.0000000000e+00,0.0000000000e+00,0.0000000000e+00
36631,2024-12-29 18:25:00,0.055890,7.519477,5.317220,0.001 1 + 0.994 omega + 0.125 omega^2 + 0.001 theta omega^2 + -0.539 omega^3,0.000,0.0000000000e+00,0.0000000000e+00,0.0000000000e+00,0.0000000000e+00,0.0000000000e+00,0.0000000000e+00,0.0000000000e+00,0.0000000000e+00,0.0000000000e+00,0.0000000000e+00
36632,2024-12-29 18:30:00,0.031127,2.180809,1.542222,0.992 omega + 0.001 theta omega + 0.076 omega^2 + -0.004 theta omega^2,0.000,0.0000000000e+00,0.0000000000e+00,0.0000000000e+00,0.0000000000e+00,0.0000000000e+00,0.0000000000e+00,0.0000000000e+00,0.0000000000e+00,0.0000000000e+00,0.0000000000e+00
36633,2024-12-29 18:35:00,0.019803,2.302120,1.627905,-0.001 1 + 1.011 omega + -0.039 omega^2,0.000,0.0000000000e+00,0.0000000000e+00,0.0000000000e+00,0.0000000000e+00,0.0000000000e+00,0.0000000000e+00,0.0000000000e+00,0.0000000000e+00,0.0000000000e+00,0.0000000000e+00
36634,2024-12-29 18:40:00,0.040702,1.436164,1.015929,0.998 omega + 0.017 omega^2,0.000,0.0000000000e+00,0.0000000000e+00,0.0000000000e+00,0.0000000000e+00,0.0000000000e+00,0.0000000000e+00,0.0000000000e+00,0.0000000000e+00,0.0000000000e+00,0.0000000000e+00
36635,2024-12-29 18:45:00,0.260453,42.435511,30.007003,1.001 omega + -0.046 omega^3,-0.022 omega^2,0.0000000000e+00,0.0000000000e+00,0.0000000000e+00,0.0000000000e+00,0.0000000000e+00,-2.1843422269e-02,0.0000000000e+00,0.0000000000e+00,0.0000000000e+00,0.0000000000e+00
36636,2024-12-29 18:50:00,0.150985,15.965169,11.289584,0.995 omega + -0.001 theta omega,0.000,0.0000000000e+00,0.0000000000e+00,0.0000000000e+00,0.0000000000e+00,0.0000000000e+00,0.0000000000e+00,0.0000000000e+00,0.0000000000e+00,0.0000000000e+00,0.0000000000e+00
36637,2024-12-29 18:55:00,0.082900,9.237877,6.532428,0.999 omega + -0.031 omega^2,-0.014 theta omega^2,0.0000000000e+00,0.0000000000e+00,0.0000000000e+00,0.0000000000e+00,0.0000000000e+00,0.0000000000e+00,0.0000000000e+00,0.0000000000e+00,-1.3854300865e-02,0.0000000000e+00
36638,2024-12-29 19:00:00,0.075761,9.567536,6.765481,1.001 omega + -0.010 omega^2 + -0.001 theta omega^2,0.000,0.0000000000e+00,0.0000000000e+00,0.0000000000e+00,0.0000000000e+00,0.0000000000e+00,0.0000000000e+00,0.0000000000e+00,0.0000000000e+00,0.0000000000e+00,0.0000000000e+00
36639,2024-12-29 19:05:00,0.023601,3.048082,2.155384,0.997 omega,0.000,0.0000000000e+00,0.0000000000e+00,0.0000000000e+00,0.0000000000e+00,0.0000000000e+00,0.0000000000e+00,0.0000000000e+00,0.0000000000e+00,0.0000000000e+00,0.0000000000e+00
36640,2024-12-29 19:10:00,0.094768,7.038323,4.977297,1.002 omega + 0.024 omega^2,0.000,0.0000000000e+00,0.0000000000e+00,0.0000000000e+00,0.0000000000e+00,0.0000000000e+00,0.0000000000e+00,0.0000000000e+00,0.0000000000e+00,0.0000000000e+00,0.0000000000e+00
36641,2024-12-29 19:15:00,0.042825,2.416874,1.709256,0.002 1 + 0.939 omega + 0.606 omega^2 + -0.004 theta omega^2 + -1.651 omega^3,0.000,0.0000000000e+00,0.0000000000e+00,0.0000000000e+00,0.0000000000e+00,0.0000000000e+00,0.0000000000e+00,0.0000000000e+00,0.0000000000e+00,0.0000000000e+00,0.0000000000e+00
36642,2024-12-29 19:20:00,0.048787,2.292695,1.621547,-0.002 1 + 0.992 omega + 0.001 theta omega + 0.095 omega^2 + -0.005 theta omega^2,0.000,0.0000000000e+00,0.0000000000e+00,0.0000000000e+00,0.0000000000e+00,0.0000000000e+00,0.0000000000e+00,0.0000000000e+00,0.0000000000e+00,0.0000000000e+00,0.0000000000e+00
36643,2024-12-29 19:25:00,0.065669,2.331537,1.649299,0.986 omega + 0.072 omega^2,0.000,0.0000000000e+00,0.0000000000e+00,0.0000000000e+00,0.0000000000e+00,0.0000000000e+00,0.0000000000e+00,0.0000000000e+00,0.0000000000e+00,0.0000000000e+00,0.0000000000e+00
36644,2024-12-29 19:30:00,0.045520,1.811038,1.281002,1.002 omega + -0.014 omega^2,0.000,0.0000000000e+00,0.0000000000e+00,0.0000000000e+00,0.0000000000e+00,0.0000000000e+00,0.0000000000e+00,0.0000000000e+00,0.0000000000e+00,0.0000000000e+00,0.0000000000e+00
36645,2024-12-29 19:35:00,0.064012,6.008750,4.249069,0.001 1 + 0.990 omega + 0.003 theta omega + -0.010 theta omega^2,0.000,0.0000000000e+00,0.0000000000e+00,0.0000000000e+00,0.0000000000e+00,0.0000000000e+00,0.0000000000e+00,0.0000000000e+00,0.0000000000e+00,0.0000000000e+00,0.0000000000e+00
36646,2024-12-29 19:40:00,0.097870,13.737269,9.713962,1.000 omega,0.000,0.0000000000e+00,0.0000000000e+00,0.0000000000e+00,0.0000000000e+00,0.0000000000e+00,0.0000000000e+00,0.0000000000e+00,0.0000000000e+00,0.0000000000e+00,0.0000000000e+00
36647,2024-12-29 19:45:00,0.076062,4.065765,2.875433,0.995 omega + 0.062 omega^2 + -0.003 theta omega^2,0.000,0.0000000000e+00,0.0000000000e+00,0.0000000000e+00,0.0000000000e+00,0.0000000000e+00,0.0000000000e+00,0.0000000000e+00,0.0000000000e+00,0.0000000000e+00,0.0000000000e+00
36648,2024-12-29 19:50:00,0.142575,8.672626,6.133302,1.002 omega + 0.001 omega^2 + -0.035 omega^3,0.000,0.0000000000e+00,0.0000000000e+00,0.0000000000e+00,0.0000000000e+00,0.0000000000e+00,0.0000000000e+00,0.0000000000e+00,0.0000000000e+00,0.0000000000e+00,0.0000000000e+00
36649,2024-12-29 19:55:00,0.074163,5.025496,3.553949,1.000 omega + 0.030 omega^2 + -0.003 theta omega^2,0.000,0.0000000000e+00,0.0000000000e+00,0.0000000000e+00,0.0000000000e+00,0.0000000000e+00,0.0000000000e+00,0.0000000000e+00,0.0000000000e+00,0.0000000000e+00,0.0000000000e+00
36650,2024-12-29 20:00:00,0.095609,9.384624,6.636276,0.999 omega + -0.002 omega^2,0.000,0.0000000000e+00,0.0000000000e+00,0.0000000000e+00,0.0000000000e+00,0.0000000000e+00,0.0000000000e+00,0.0000000000e+00,0.0000000000e+00,0.0000000000e+00,0.0000000000e+00
36651,2024-12-29 20:05:00,0.104549,14.909017,10.542526,1.004 omega + -0.145 omega^2 + -0.042 theta omega^2,0.000,0.0000000000e+00,0.0000000000e+00,0.0000000000e+00,0.0000000000e+00,0.0000000000e+00,0.0000000000e+00,0.0000000000e+00,0.0000000000e+00,0.0000000000e+00,0.0000000000e+00
36652,2024-12-29 20:10:00,0.217156,18.038224,12.755875,0.999 omega + 0.060 omega^3,0.000,0.0000000000e+00,0.0000000000e+00,0.0000000000e+00,0.0000000000e+00,0.0000000000e+00,0.0000000000e+00,0.0000000000e+00,0.0000000000e+00,0.0000000000e+00,0.0000000000e+00
36653,2024-12-29 20:15:00,0.096400,12.708611,8.986604,0.001 1 + 0.984 omega + -0.230 omega^2 + -0.693 omega^3,0.000,0.0000000000e+00,0.0000000000e+00,0.0000000000e+00,0.0000000000e+00,0.0000000000e+00,0.0000000000e+00,0.0000000000e+00,0.0000000000e+00,0.0000000000e+00,0.0000000000e+00
36654,2024-12-29 20:20:00,0.040336,6.634959,4.691711,-0.082 1 + 2.351 omega + -7.286 omega^2 + 12.977 omega^3,0.000,0.0000000000e+00,0.0000000000e+00,0.0000000000e+00,0.0000000000e+00,0.0000000000e+00,0.0000000000e+00,0.0000000000e+00,0.0000000000e+00,0.0000000000e+00,0.0000000000e+00
36655,2024-12-29 20:25:00,0.057551,5.846748,4.134475,0.001 1 + 0.985 omega + 0.059 omega^2,0.000,0.0000000000e+00,0.0000000000e+00,0.0000000000e+00,0.0000000000e+00,0.0000000000e+00,0.0000000000e+00,0.0000000000e+00,0.0000000000e+00,0.0000000000e+00,0.0000000000e+00
36656,2024-12-29 20:30:00,0.110394,17.202730,12.164418,1.000 omega + -0.001 omega^2,0.000,0.0000000000e+00,0.0000000000e+00,0.0000000000e+00,0.0000000000e+00,0.0000000000e+00,0.0000000000e+00,0.0000000000e+00,0.0000000000e+00,0.0000000000e+00,0.0000000000e+00
36657,2024-12-29 20:35:00,0.125744,13.494423,9.542412,1.003 omega + 0.020 omega^2 + -0.149 omega^3,0.000,0.0000000000e+00,0.0000000000e+00,0.0000000000e+00,0.0000000000e+00,0.0000000000e+00,0.0000000000e+00,0.0000000000e+00,0.0000000000e+00,0.0000000000e+00,0.0000000000e+00
36658,2024-12-29 20:40:00,0.076183,5.645477,3.992319,0.990 omega + 0.053 omega^2,0.000,0.0000000000e+00,0.0000000000e+00,0.0000000000e+00,0.0000000000e+00,0.0000000000e+00,0.0000000000e+00,0.0000000000e+00,0.0000000000e+00,0.0000000000e+00,0.0000000000e+00
36659,2024-12-29 20:45:00,0.158683,12.717117,8.993060,1.002 omega + 0.073 omega^2 + -0.267 omega^3,0.000,0.0000000000e+00,0.0000000000e+00,0.0000000000e+00,0.0000000000e+00,0.0000000000e+00,0.0000000000e+00,0.0000000000e+00,0.0000000000e+00,0.0000000000e+00,0.0000000000e+00
36660,2024-12-29 20:50:00,0.065294,9.985573,7.061018,-0.050 1 + 1.690 omega + -3.127 omega^2 + 4.637 omega^3,0.000,0.0000000000e+00,0.0000000000e+00,0.0000000000e+00,0.0000000000e+00,0.0000000000e+00,0.0000000000e+00,0.0000000000e+00,0.0000000000e+00,0.0000000000e+00,0.0000000000e+00
36661,2024-12-29 20:55:00,0.053168,7.315250,5.172800,0.004 1 + 0.967 omega + -0.001 theta omega + 0.057 omega^2 + 0.004 theta omega^2,0.000,0.0000000000e+00,0.0000000000e+00,0.0000000000e+00,0.0000000000e+00,0.0000000000e+00,0.0000000000e+00,0.0000000000e+00,0.0000000000e+00,0.0000000000e+00,0.0000000000e+00
36662,2024-12-29 21:00:00,0.144008,16.366284,11.573158,0.999 omega,0.000,0.0000000000e+00,0.0000000000e+00,0.0000000000e+00,0.0000000000e+00,0.0000000000e+00,0.0000000000e+00,0.0000000000e+00,0.0000000000e+00,0.0000000000e+00,0.0000000000e+00
36663,2024-12-29 21:05:00,0.111636,12.839456,9.079210,0.995 omega + 0.008 theta omega + -0.001 theta^2 omega,0.000,0.0000000000e+00,0.0000000000e+00,0.0000000000e+00,0.0000000000e+00,0.0000000000e+00,0.0000000000e+00,0.0000000000e+00,0.0000000000e+00,0.0000000000e+00,0.0000000000e+00
36664,2024-12-29 21:10:00,0.087026,2.286844,1.618213,1.003 omega + -0.022 omega^2,-0.018 omega^2,0.0000000000e+00,0.0000000000e+00,0.0000000000e+00,0.0000000000e+00,0.0000000000e+00,-1.7652340469e-02,0.0000000000e+00,0.0000000000e+00,0.0000000000e+00,0.0000000000e+00
36665,2024-12-29 21:15:00,0.096850,12.032623,8.508625,1.001 omega + 0.001 omega^2 + -0.051 omega^3,0.000,0.0000000000e+00,0.0000000000e+00,0.0000000000e+00,0.0000000000e+00,0.0000000000e+00,0.0000000000e+00,0.0000000000e+00,0.0000000000e+00,0.0000000000e+00,0.0000000000e+00
36666,2024-12-29 21:20:00,0.080014,8.893999,6.289261,1.000 omega + -0.015 omega^2,-0.045 theta omega^2,0.0000000000e+00,0.0000000000e+00,0.0000000000e+00,0.0000000000e+00,0.0000000000e+00,0.0000000000e+00,0.0000000000e+00,0.0000000000e+00,-4.5091501814e-02,0.0000000000e+00
36667,2024-12-29 21:25:00,0.168278,22.579749,15.966737,0.989 omega + -0.002 theta omega + 0.004 omega^2,0.000,0.0000000000e+00,0.0000000000e+00,0.0000000000e+00,0.0000000000e+00,0.0000000000e+00,0.0000000000e+00,0.0000000000e+00,0.0000000000e+00,0.0000000000e+00,0.0000000000e+00
36668,2024-12-29 21:30:00,0.111662,7.651836,5.411241,0.992 omega + 0.001 theta omega + -0.003 omega^2,0.000,0.0000000000e+00,0.0000000000e+00,0.0000000000e+00,0.0000000000e+00,0.0000000000e+00,0.0000000000e+00,0.0000000000e+00,0.0000000000e+00,0.0000000000e+00,0.0000000000e+00
36669,2024-12-29 21:35:00,0.122182,21.036149,14.875054,1.000 omega + 0.002 omega^2 + 0.013 omega^3,0.000,0.0000000000e+00,0.0000000000e+00,0.0000000000e+00,0.0000000000e+00,0.0000000000e+00,0.0000000000e+00,0.0000000000e+00,0.0000000000e+00,0.0000000000e+00,0.0000000000e+00
36670,2024-12-29 21:40:00,0.094785,3.329446,2.355228,0.999 omega + -0.005 omega^2,0.000,0.0000000000e+00,0.0000000000e+00,0.0000000000e+00,0.0000000000e+00,0.0000000000e+00,0.0000000000e+00,0.0000000000e+00,0.0000000000e+00,0.0000000000e+00,0.0000000000e+00
36671,2024-12-29 21:45:00,0.137173,23.419270,16.560208,1.000 omega + 0.004 omega^2,0.000,0.0000000000e+00,0.0000000000e+00,0.0000000000e+00,0.0000000000e+00,0.0000000000e+00,0.0000000000e+00,0.0000000000e+00,0.0000000000e+00,0.0000000000e+00,0.0000000000e+00
36672,2024-12-29 21:50:00,0.105799,14.480251,10.239357,0.997 omega,0.000,0.0000000000e+00,0.0000000000e+00,0.0000000000e+00,0.0000000000e+00,0.0000000000e+00,0.0000000000e+00,0.0000000000e+00,0.0000000000e+00,0.0000000000e+00,0.0000000000e+00
36673,2024-12-29 21:55:00,0.236286,30.593784,21.633717,1.000 omega + -0.055 omega^2 + -0.229 omega^3,0.000,0.0000000000e+00,0.0000000000e+00,0.0000000000e+00,0.0000000000e+00,0.0000000000e+00,0.0000000000e+00,0.0000000000e+00,0.0000000000e+00,0.0000000000e+00,0.0000000000e+00
36674,2024-12-29 22:00:00,0.070536,3.746370,2.649553,-0.001 1 + 0.981 omega + -0.081 omega^2 + -0.092 omega^3,0.000,0.0000000000e+00,0.0000000000e+00,0.0000000000e+00,0.0000000000e+00,0.0000000000e+00,0.0000000000e+00,0.0000000000e+00,0.0000000000e+00,0.0000000000e+00,0.0000000000e+00
36675,2024-12-29 22:05:00,0.184660,24.168167,17.089974,0.999 omega + 0.076 omega^2 + -0.009 theta omega^2,0.000,0.0000000000e+00,0.0000000000e+00,0.0000000000e+00,0.0000000000e+00,0.0000000000e+00,0.0000000000e+00,0.0000000000e+00,0.0000000000e+00,0.0000000000e+00,0.0000000000e+00
36676,2024-12-29 22:10:00,0.116778,16.897451,11.948588,0.998 omega,0.000,0.0000000000e+00,0.0000000000e+00,0.0000000000e+00,0.0000000000e+00,0.0000000000e+00,0.0000000000e+00,0.0000000000e+00,0.0000000000e+00,0.0000000000e+00,0.0000000000e+00
36677,2024-12-29 22:15:00,0.145884,21.061630,14.893178,-0.002 1 + 0.980 omega + -0.098 omega^2 + -0.001 theta omega^2,0.000,0.0000000000e+00,0.0000000000e+00,0.0000000000e+00,0.0000000000e+00,0.0000000000e+00,0.0000000000e+00,0.0000000000e+00,0.0000000000e+00,0.0000000000e+00,0.0000000000e+00
36678,2024-12-29 22:20:00,0.128051,13.919330,9.842869,0.999 omega + 0.004 omega^2,0.000,0.0000000000e+00,0.0000000000e+00,0.0000000000e+00,0.0000000000e+00,0.0000000000e+00,0.0000000000e+00,0.0000000000e+00,0.0000000000e+00,0.0000000000e+00,0.0000000000e+00
36679,2024-12-29 22:25:00,0.111614,9.657052,6.829023,1.004 omega + -0.019 omega^2 + -0.186 omega^3,0.000,0.0000000000e+00,0.0000000000e+00,0.0000000000e+00,0.0000000000e+00,0.0000000000e+00,0.0000000000e+00,0.0000000000e+00,0.0000000000e+00,0.0000000000e+00,0.0000000000e+00
36680,2024-12-29 22:30:00,0.041874,5.083494,3.594695,-0.004 1 + 0.968 omega + 0.001 theta omega + -0.044 omega^2 + 0.006 theta omega^2,0.000,0.0000000000e+00,0.0000000000e+00,0.0000000000e+00,0.0000000000e+00,0.0000000000e+00,0.0000000000e+00,0.0000000000e+00,0.0000000000e+00,0.0000000000e+00,0.0000000000e+00
36681,2024-12-29 22:35:00,0.028034,1.061869,0.751117,0.001 1 + 1.005 omega + -0.007 omega^2,0.000,0.0000000000e+00,0.0000000000e+00,0.0000000000e+00,0.0000000000e+00,0.0000000000e+00,0.0000000000e+00,0.0000000000e+00,0.0000000000e+00,0.0000000000e+00,0.0000000000e+00
36682,2024-12-29 22:40:00,0.078108,8.614735,6.091788,0.001 1 + 1.017 omega + 0.084 omega^2,0.000,0.0000000000e+00,0.0000000000e+00,0.0000000000e+00,0.0000000000e+00,0.0000000000e+00,0.0000000000e+00,0.0000000000e+00,0.0000000000e+00,0.0000000000e+00,0.0000000000e+00
36683,2024-12-29 22:45:00,0.136812,14.084314,9.959584,1.002 omega + 0.031 omega^2,0.000,0.0000000000e+00,0.0000000000e+00,0.0000000000e+00,0.0000000000e+00,0.0000000000e+00,0.0000000000e+00,0.0000000000e+00,0.0000000000e+00,0.0000000000e+00,0.0000000000e+00
36684,2024-12-29 22:50:00,0.062685,8.997348,6.362240,-0.001 1 + 1.013 omega + -0.059 omega^2,0.000,0.0000000000e+00,0.0000000000e+00,0.0000000000e+00,0.0000000000e+00,0.0000000000e+00,0.0000000000e+00,0.0000000000e+00,0.0000000000e+00,0.0000000000e+00,0.0000000000e+00
36685,2024-12-29 22:55:00,0.163438,20.259065,14.325788,0.996 omega + -0.012 omega^2,0.000,0.0000000000e+00,0.0000000000e+00,0.0000000000e+00,0.0000000000e+00,0.0000000000e+00,0.0000000000e+00,0.0000000000e+00,0.0000000000e+00,0.0000000000e+00,0.0000000000e+00
36686,2024-12-29 23:00:00,0.094281,12.317579,8.710099,0.985 omega + -0.002 theta omega + -0.305 omega^2 + -0.041 theta omega^2,0.000,0.0000000000e+00,0.0000000000e+00,0.0000000000e+00,0.0000000000e+00,0.0000000000e+00,0.0000000000e+00,0.0000000000e+00,0.0000000000e+00,0.0000000000e+00,0.0000000000e+00
36687,2024-12-29 23:05:00,0.032295,3.207759,2.268343,0.998 omega + -0.014 omega^2,0.000,0.0000000000e+00,0.0000000000e+00,0.0000000000e+00,0.0000000000e+00,0.0000000000e+00,0.0000000000e+00,0.0000000000e+00,0.0000000000e+00,0.0000000000e+00,0.0000000000e+00
36688,2024-12-29 23:10:00,0.095712,14.255478,10.080373,1.001 omega + 0.001 theta omega + -0.004 omega^2,0.000,0.0000000000e+00,0.0000000000e+00,0.0000000000e+00,0.0000000000e+00,0.0000000000e+00,0.0000000000e+00,0.0000000000e+00,0.0000000000e+00,0.0000000000e+00,0.0000000000e+00
36689,2024-12-29 23:15:00,0.060153,6.009238,4.249386,1.000 omega,-0.107 theta omega^2,0.0000000000e+00,0.0000000000e+00,0.0000000000e+00,0.0000000000e+00,0.0000000000e+00,0.0000000000e+00,0.0000000000e+00,0.0000000000e+00,-1.0740730147e-01,0.0000000000e+00
36690,2024-12-29 23:20:00,0.096190,10.585387,7.485308,0.999 omega + 0.002 theta omega + 0.069 omega^2 + -0.023 theta omega^2,0.000,0.0000000000e+00,0.0000000000e+00,0.0000000000e+00,0.0000000000e+00,0.0000000000e+00,0.0000000000e+00,0.0000000000e+00,0.0000000000e+00,0.0000000000e+00,0.0000000000e+00
36691,2024-12-29 23:25:00,0.107395,12.453993,8.806630,1.000 omega + -0.028 omega^2,0.000,0.0000000000e+00,0.0000000000e+00,0.0000000000e+00,0.0000000000e+00,0.0000000000e+00,0.0000000000e+00,0.0000000000e+00,0.0000000000e+00,0.0000000000e+00,0.0000000000e+00
36692,2024-12-29 23:30:00,0.030540,4.017995,2.841234,-0.010 1 + 0.871 omega + -0.001 theta omega + -0.442 omega^2 + -0.004 theta omega^2,0.000,0.0000000000e+00,0.0000000000e+00,0.0000000000e+00,0.0000000000e+00,0.0000000000e+00,0.0000000000e+00,0.0000000000e+00,0.0000000000e+00,0.0000000000e+00,0.0000000000e+00
36693,2024-12-29 23:35:00,0.093130,14.803266,10.467697,0.987 omega + -0.002 theta omega + -0.060 omega^2 + -0.013 theta omega^2,0.000,0.0000000000e+00,0.0000000000e+00,0.0000000000e+00,0.0000000000e+00,0.0000000000e+00,0.0000000000e+00,0.0000000000e+00,0.0000000000e+00,0.0000000000e+00,0.0000000000e+00
36694,2024-12-29 23:40:00,0.066996,7.598266,5.372994,0.997 omega + -0.077 omega^2 + -0.004 theta omega^2,0.000,0.0000000000e+00,0.0000000000e+00,0.0000000000e+00,0.0000000000e+00,0.0000000000e+00,0.0000000000e+00,0.0000000000e+00,0.0000000000e+00,0.0000000000e+00,0.0000000000e+00
36695,2024-12-29 23:45:00,0.060844,6.100352,4.313815,1.000 omega + 0.170 omega^2 + -0.024 theta omega^2,0.000,0.0000000000e+00,0.0000000000e+00,0.0000000000e+00,0.0000000000e+00,0.0000000000e+00,0.0000000000e+00,0.0000000000e+00,0.0000000000e+00,0.0000000000e+00,0.0000000000e+00
36696,2024-12-29 23:50:00,0.137912,16.570598,11.717588,1.001 omega + -0.035 omega^2 + -0.003 theta omega^2,0.000,0.0000000000e+00,0.0000000000e+00,0.0000000000e+00,0.0000000000e+00,0.0000000000e+00,0.0000000000e+00,0.0000000000e+00,0.0000000000e+00,0.0000000000e+00,0.0000000000e+00
36697,2024-12-29 23:55:00,0.109041,12.399464,8.768084,0.999 omega + 0.001 omega^2,0.000,0.0000000000e+00,0.0000000000e+00,0.0000000000e+00,0.0000000000e+00,0.0000000000e+00,0.0000000000e+00,0.0000000000e+00,0.0000000000e+00,0.0000000000e+00,0.0000000000e+00
36698,2024-12-30 00:00:00,0.104114,13.315149,9.415520,1.017 omega + -0.229 omega^2 + -0.002 theta omega^2 + 0.732 omega^3,0.000,0.0000000000e+00,0.0000000000e+00,0.0000000000e+00,0.0000000000e+00,0.0000000000e+00,0.0000000000e+00,0.0000000000e+00,0.0000000000e+00,0.0000000000e+00,0.0000000000e+00
36699,2024-12-30 00:05:00,0.031257,1.169306,0.827120,1.029 omega + -0.026 theta omega + 0.005 theta^2 omega,0.000,0.0000000000e+00,0.0000000000e+00,0.0000000000e+00,0.0000000000e+00,0.0000000000e+00,0.0000000000e+00,0.0000000000e+00,0.0000000000e+00,0.0000000000e+00,0.0000000000e+00
36700,2024-12-30 00:10:00,0.116958,18.267153,12.917092,0.998 omega + 0.002 theta omega + -0.034 theta omega^2,0.000,0.0000000000e+00,0.0000000000e+00,0.0000000000e+00,0.0000000000e+00,0.0000000000e+00,0.0000000000e+00,0.0000000000e+00,0.0000000000e+00,0.0000000000e+00,0.0000000000e+00
36701,2024-12-30 00:15:00,0.040302,4.054784,2.867307,1.001 omega + -0.007 omega^2,0.000,0.0000000000e+00,0.0000000000e+00,0.0000000000e+00,0.0000000000e+00,0.0000000000e+00,0.0000000000e+00,0.0000000000e+00,0.0000000000e+00,0.0000000000e+00,0.0000000000e+00
36702,2024-12-30 00:20:00,0.082696,8.834408,6.247144,1.011 omega + -0.003 theta omega + -0.026 omega^2,0.000,0.0000000000e+00,0.0000000000e+00,0.0000000000e+00,0.0000000000e+00,0.0000000000e+00,0.0000000000e+00,0.0000000000e+00,0.0000000000e+00,0.0000000000e+00,0.0000000000e+00
36703,2024-12-30 00:25:00,0.062073,6.389955,4.518594,0.998 omega + -0.084 omega^2 + -0.006 theta omega^2,0.000,0.0000000000e+00,0.0000000000e+00,0.0000000000e+00,0.0000000000e+00,0.0000000000e+00,0.0000000000e+00,0.0000000000e+00,0.0000000000e+00,0.0000000000e+00,0.0000000000e+00
36704,2024-12-30 00:30:00,0.079599,4.547903,3.216345,1.001 omega + 0.005 omega^2,0.000,0.0000000000e+00,0.0000000000e+00,0.0000000000e+00,0.0000000000e+00,0.0000000000e+00,0.0000000000e+00,0.0000000000e+00,0.0000000000e+00,0.0000000000e+00,0.0000000000e+00
36705,2024-12-30 00:35:00,0.086733,11.780957,8.330620,1.004 omega + 0.064 omega^2 + -0.449 omega^3,0.000,0.0000000000e+00,0.0000000000e+00,0.0000000000e+00,0.0000000000e+00,0.0000000000e+00,0.0000000000e+00,0.0000000000e+00,0.0000000000e+00,0.0000000000e+00,0.0000000000e+00
36706,2024-12-30 00:40:00,0.141965,18.731965,13.245880,0.990 omega + 0.002 theta omega + 0.059 omega^2 + -0.021 theta omega^2,0.000,0.0000000000e+00,0.0000000000e+00,0.0000000000e+00,0.0000000000e+00,0.0000000000e+00,0.0000000000e+00,0.0000000000e+00,0.0000000000e+00,0.0000000000e+00,0.0000000000e+00
36707,2024-12-30 00:45:00,0.079763,11.341551,8.019886,0.992 omega + 0.053 omega^2 + 0.001 theta omega^2,0.000,0.0000000000e+00,0.0000000000e+00,0.0000000000e+00,0.0000000000e+00,0.0000000000e+00,0.0000000000e+00,0.0000000000e+00,0.0000000000e+00,0.0000000000e+00,0.0000000000e+00
36708,2024-12-30 00:50:00,0.040086,5.787784,4.092679,0.999 omega,0.000,0.0000000000e+00,0.0000000000e+00,0.0000000000e+00,0.0000000000e+00,0.0000000000e+00,0.0000000000e+00,0.0000000000e+00,0.0000000000e+00,0.0000000000e+00,0.0000000000e+00
36709,2024-12-30 00:55:00,0.072340,10.963344,7.752424,1.007 omega + -0.001 theta omega + 0.023 omega^2,0.000,0.0000000000e+00,0.0000000000e+00,0.0000000000e+00,0.0000000000e+00,0.0000000000e+00,0.0000000000e+00,0.0000000000e+00,0.0000000000e+00,0.0000000000e+00,0.0000000000e+00
36710,2024-12-30 01:00:00,0.066388,9.939240,7.028261,0.998 omega + 0.056 omega^2 + -0.003 theta omega^2,0.000,0.0000000000e+00,0.0000000000e+00,0.0000000000e+00,0.0000000000e+00,0.0000000000e+00,0.0000000000e+00,0.0000000000e+00,0.0000000000e+00,0.0000000000e+00,0.0000000000e+00
36711,2024-12-30 01:05:00,0.113319,18.395104,13.007549,0.001 1 + 0.985 omega + 0.098 omega^2 + -0.003 theta omega^2,0.000,0.0000000000e+00,0.0000000000e+00,0.0000000000e+00,0.0000000000e+00,0.0000000000e+00,0.0000000000e+00,0.0000000000e+00,0.0000000000e+00,0.0000000000e+00,0.0000000000e+00
36712,2024-12-30 01:10:00,0.112159,12.872088,9.102286,1.002 omega + -0.147 omega^3,0.000,0.0000000000e+00,0.0000000000e+00,0.0000000000e+00,0.0000000000e+00,0.0000000000e+00,0.0000000000e+00,0.0000000000e+00,0.0000000000e+00,0.0000000000e+00,0.0000000000e+00
36713,2024-12-30 01:15:00,0.120987,18.241211,12.898767,1.002 omega + 0.021 omega^2,0.000,0.0000000000e+00,0.0000000000e+00,0.0000000000e+00,0.0000000000e+00,0.0000000000e+00,0.0000000000e+00,0.0000000000e+00,0.0000000000e+00,0.0000000000e+00,0.0000000000e+00
36714,2024-12-30 01:20:00,0.104025,8.496852,6.008632,1.001 omega + 0.013 omega^2,0.000,0.0000000000e+00,0.0000000000e+00,0.0000000000e+00,0.0000000000e+00,0.0000000000e+00,0.0000000000e+00,0.0000000000e+00,0.0000000000e+00,0.0000000000e+00,0.0000000000e+00
36715,2024-12-30 01:25:00,0.040965,4.705477,3.327401,0.999 omega,0.000,0.0000000000e+00,0.0000000000e+00,0.0000000000e+00,0.0000000000e+00,0.0000000000e+00,0.0000000000e+00,0.0000000000e+00,0.0000000000e+00,0.0000000000e+00,0.0000000000e+00
36716,2024-12-30 01:30:00,0.036746,2.209398,1.562496,0.988 omega + 0.001 theta omega + 0.095 omega^2 + -0.008 theta omega^2,0.000,0.0000000000e+00,0.0000000000e+00,0.0000000000e+00,0.0000000000e+00,0.0000000000e+00,0.0000000000e+00,0.0000000000e+00,0.0000000000e+00,0.0000000000e+00,0.0000000000e+00
36717,2024-12-30 01:35:00,0.060847,9.033980,6.388133,0.993 omega + 0.001 theta omega + 0.053 omega^2 + -0.009 theta omega^2,0.000,0.0000000000e+00,0.0000000000e+00,0.0000000000e+00,0.0000000000e+00,0.0000000000e+00,0.0000000000e+00,0.0000000000e+00,0.0000000000e+00,0.0000000000e+00,0.0000000000e+00
36718,2024-12-30 01:40:00,0.073149,8.490694,6.004050,1.005 omega + 0.017 omega^2 + -0.003 theta omega^2,0.000,0.0000000000e+00,0.0000000000e+00,0.0000000000e+00,0.0000000000e+00,0.0000000000e+00,0.0000000000e+00,0.0000000000e+00,0.0000000000e+00,0.0000000000e+00,0.0000000000e+00
36719,2024-12-30 01:45:00,0.116539,13.194843,9.330527,1.006 omega + 0.002 theta omega + -0.045 omega^2 + -0.001 theta^2 omega,0.000,0.0000000000e+00,0.0000000000e+00,0.0000000000e+00,0.0000000000e+00,0.0000000000e+00,0.0000000000e+00,0.0000000000e+00,0.0000000000e+00,0.0000000000e+00,0.0000000000e+00
36720,2024-12-30 01:50:00,0.107028,17.376488,12.287266,0.001 1 + 0.991 omega + 0.029 omega^2 + -0.001 theta omega^2,0.000,0.0000000000e+00,0.0000000000e+00,0.0000000000e+00,0.0000000000e+00,0.0000000000e+00,0.0000000000e+00,0.0000000000e+00,0.0000000000e+00,0.0000000000e+00,0.0000000000e+00
36721,2024-12-30 01:55:00,0.042571,1.561250,1.104381,0.997 omega + 0.038 omega^2 + -0.002 theta omega^2,0.000,0.0000000000e+00,0.0000000000e+00,0.0000000000e+00,0.0000000000e+00,0.0000000000e+00,0.0000000000e+00,0.0000000000e+00,0.0000000000e+00,0.0000000000e+00,0.0000000000e+00
36722,2024-12-30 02:00:00,0.156374,24.515267,17.335264,1.000 omega + 0.037 omega^2 + -0.002 theta omega^2,0.000,0.0000000000e+00,0.0000000000e+00,0.0000000000e+00,0.0000000000e+00,0.0000000000e+00,0.0000000000e+00,0.0000000000e+00,0.0000000000e+00,0.0000000000e+00,0.0000000000e+00
36723,2024-12-30 02:05:00,0.131176,14.267849,10.089319,1.002 omega,0.000,0.0000000000e+00,0.0000000000e+00,0.0000000000e+00,0.0000000000e+00,0.0000000000e+00,0.0000000000e+00,0.0000000000e+00,0.0000000000e+00,0.0000000000e+00,0.0000000000e+00
36724,2024-12-30 02:10:00,0.163433,14.869844,10.515203,1.000 omega,0.000,0.0000000000e+00,0.0000000000e+00,0.0000000000e+00,0.0000000000e+00,0.0000000000e+00,0.0000000000e+00,0.0000000000e+00,0.0000000000e+00,0.0000000000e+00,0.0000000000e+00
36725,2024-12-30 02:15:00,0.018999,0.482063,0.341135,-0.002 1 + 1.018 omega + -0.045 omega^2,0.000,0.0000000000e+00,0.0000000000e+00,0.0000000000e+00,0.0000000000e+00,0.0000000000e+00,0.0000000000e+00,0.0000000000e+00,0.0000000000e+00,0.0000000000e+00,0.0000000000e+00
36726,2024-12-30 02:20:00,0.026800,3.855824,2.726545,1.001 omega + -0.006 omega^2,0.000,0.0000000000e+00,0.0000000000e+00,0.0000000000e+00,0.0000000000e+00,0.0000000000e+00,0.0000000000e+00,0.0000000000e+00,0.0000000000e+00,0.0000000000e+00,0.0000000000e+00
36727,2024-12-30 02:25:00,0.044420,5.316997,3.759816,1.000 omega + -0.002 omega^2,0.000,0.0000000000e+00,0.0000000000e+00,0.0000000000e+00,0.0000000000e+00,0.0000000000e+00,0.0000000000e+00,0.0000000000e+00,0.0000000000e+00,0.0000000000e+00,0.0000000000e+00
36728,2024-12-30 02:30:00,0.035751,4.484148,3.170872,1.002 omega + -0.005 omega^2,0.000,0.0000000000e+00,0.0000000000e+00,0.0000000000e+00,0.0000000000e+00,0.0000000000e+00,0.0000000000e+00,0.0000000000e+00,0.0000000000e+00,0.0000000000e+00,0.0000000000e+00
36729,2024-12-30 02:35:00,0.029740,4.855182,3.433196,0.012 1 + 0.796 omega + 1.177 omega^2 + -2.238 omega^3,0.000,0.0000000000e+00,0.0000000000e+00,0.0000000000e+00,0.0000000000e+00,0.0000000000e+00,0.0000000000e+00,0.0000000000e+00,0.0000000000e+00,0.0000000000e+00,0.0000000000e+00
36730,2024-12-30 02:40:00,0.112251,8.376926,5.923913,0.999 omega,0.000,0.0000000000e+00,0.0000000000e+00,0.0000000000e+00,0.0000000000e+00,0.0000000000e+00,0.0000000000e+00,0.0000000000e+00,0.0000000000e+00,0.0000000000e+00,0.0000000000e+00
36731,2024-12-30 02:45:00,0.142954,23.033652,16.287565,0.001 1 + 1.010 omega + -0.128 omega^2 + 0.303 omega^3,0.000,0.0000000000e+00,0.0000000000e+00,0.0000000000e+00,0.0000000000e+00,0.0000000000e+00,0.0000000000e+00,0.0000000000e+00,0.0000000000e+00,0.0000000000e+00,0.0000000000e+00
36732,2024-12-30 02:50:00,0.086080,4.265569,3.016827,0.987 omega + 0.067 omega^2,0.000,0.0000000000e+00,0.0000000000e+00,0.0000000000e+00,0.0000000000e+00,0.0000000000e+00,0.0000000000e+00,0.0000000000e+00,0.0000000000e+00,0.0000000000e+00,0.0000000000e+00
36733,2024-12-30 02:55:00,0.140558,17.253012,12.200126,1.034 omega + -0.001 theta omega + -0.227 omega^2 + 0.005 theta omega^2,0.000,0.0000000000e+00,0.0000000000e+00,0.0000000000e+00,0.0000000000e+00,0.0000000000e+00,0.0000000000e+00,0.0000000000e+00,0.0000000000e+00,0.0000000000e+00,0.0000000000e+00
36734,2024-12-30 03:00:00,0.156994,25.080246,17.734760,1.004 omega + -0.029 theta omega^2 + -0.418 omega^3,0.000,0.0000000000e+00,0.0000000000e+00,0.0000000000e+00,0.0000000000e+00,0.0000000000e+00,0.0000000000e+00,0.0000000000e+00,0.0000000000e+00,0.0000000000e+00,0.0000000000e+00
36735,2024-12-30 03:05:00,0.059743,5.307854,3.753457,1.005 omega + -0.047 omega^2,0.000,0.0000000000e+00,0.0000000000e+00,0.0000000000e+00,0.0000000000e+00,0.0000000000e+00,0.0000000000e+00,0.0000000000e+00,0.0000000000e+00,0.0000000000e+00,0.0000000000e+00
36736,2024-12-30 03:10:00,0.098459,13.827621,9.777852,1.000 omega + -0.001 theta omega + 0.089 omega^2,0.000,0.0000000000e+00,0.0000000000e+00,0.0000000000e+00,0.0000000000e+00,0.0000000000e+00,0.0000000000e+00,0.0000000000e+00,0.0000000000e+00,0.0000000000e+00,0.0000000000e+00
36737,2024-12-30 03:15:00,0.103206,13.712021,9.696137,1.000 omega + 0.001 omega^2 + -0.041 omega^3,-0.016 theta omega^2,0.0000000000e+00,0.0000000000e+00,0.0000000000e+00,0.0000000000e+00,0.0000000000e+00,0.0000000000e+00,0.0000000000e+00,0.0000000000e+00,-1.5776380205e-02,0.0000000000e+00
36738,2024-12-30 03:20:00,0.026727,3.479421,2.460395,0.001 1 + 0.976 omega + 0.180 omega^2 + -0.005 theta omega^2,0.000,0.0000000000e+00,0.0000000000e+00,0.0000000000e+00,0.0000000000e+00,0.0000000000e+00,0.0000000000e+00,0.0000000000e+00,0.0000000000e+00,0.0000000000e+00,0.0000000000e+00
36739,2024-12-30 03:25:00,0.033839,2.024123,1.431471,-0.004 1 + 1.051 omega + -0.178 omega^2 + 0.001 theta omega^2,0.000,0.0000000000e+00,0.0000000000e+00,0.0000000000e+00,0.0000000000e+00,0.0000000000e+00,0.0000000000e+00,0.0000000000e+00,0.0000000000e+00,0.0000000000e+00,0.0000000000e+00
36740,2024-12-30 03:30:00,0.036689,4.198510,2.968908,0.008 1 + 0.905 omega + 0.280 omega^2 + -0.002 theta omega^2,0.000,0.0000000000e+00,0.0000000000e+00,0.0000000000e+00,0.0000000000e+00,0.0000000000e+00,0.0000000000e+00,0.0000000000e+00,0.0000000000e+00,0.0000000000e+00,0.0000000000e+00
36741,2024-12-30 03:35:00,0.064425,4.713284,3.333107,0.989 omega + 0.066 omega^2,0.000,0.0000000000e+00,0.0000000000e+00,0.0000000000e+00,0.0000000000e+00,0.0000000000e+00,0.0000000000e+00,0.0000000000e+00,0.0000000000e+00,0.0000000000e+00,0.0000000000e+00
36742,2024-12-30 03:40:00,0.148059,17.256504,12.202640,1.002 omega + -0.004 theta omega^2,0.000,0.0000000000e+00,0.0000000000e+00,0.0000000000e+00,0.0000000000e+00,0.0000000000e+00,0.0000000000e+00,0.0000000000e+00,0.0000000000e+00,0.0000000000e+00,0.0000000000e+00
36743,2024-12-30 03:45:00,0.065528,5.286050,3.738089,1.001 omega + -0.002 theta omega^2,0.000,0.0000000000e+00,0.0000000000e+00,0.0000000000e+00,0.0000000000e+00,0.0000000000e+00,0.0000000000e+00,0.0000000000e+00,0.0000000000e+00,0.0000000000e+00,0.0000000000e+00
36744,2024-12-30 03:50:00,0.062917,7.928074,5.606171,1.002 omega + -0.004 theta omega^2,0.000,0.0000000000e+00,0.0000000000e+00,0.0000000000e+00,0.0000000000e+00,0.0000000000e+00,0.0000000000e+00,0.0000000000e+00,0.0000000000e+00,0.0000000000e+00,0.0000000000e+00
36745,2024-12-30 03:55:00,0.198560,27.291380,19.298430,0.999 omega + -0.010 omega^2,0.000,0.0000000000e+00,0.0000000000e+00,0.0000000000e+00,0.0000000000e+00,0.0000000000e+00,0.0000000000e+00,0.0000000000e+00,0.0000000000e+00,0.0000000000e+00,0.0000000000e+00
36746,2024-12-30 04:00:00,0.028698,2.093795,1.480675,0.069 1 + 1.862 omega + -0.003 theta omega + 3.618 omega^2 + -0.014 theta omega^2 + 5.298 omega^3,0.000,0.0000000000e+00,0.0000000000e+00,0.0000000000e+00,0.0000000000e+00,0.0000000000e+00,0.0000000000e+00,0.0000000000e+00,0.0000000000e+00,0.0000000000e+00,0.0000000000e+00
36747,2024-12-30 04:05:00,0.026436,0.987338,0.698403,-0.004 1 + 0.958 omega + 0.001 theta omega + -0.125 omega^2 + 0.003 theta omega^2,0.000,0.0000000000e+00,0.0000000000e+00,0.0000000000e+00,0.0000000000e+00,0.0000000000e+00,0.0000000000e+00,0.0000000000e+00,0.0000000000e+00,0.0000000000e+00,0.0000000000e+00
36748,2024-12-30 04:10:00,0.198377,26.665732,18.856042,0.992 omega + 0.035 omega^2 + -0.010 theta omega^2 + 0.622 omega^3,0.000,0.0000000000e+00,0.0000000000e+00,0.0000000000e+00,0.0000000000e+00,0.0000000000e+00,0.0000000000e+00,0.0000000000e+00,0.0000000000e+00,0.0000000000e+00,0.0000000000e+00
36749,2024-12-30 04:15:00,0.133814,7.502224,5.305718,0.998 omega + -0.026 omega^2 + 0.123 omega^3,0.000,0.0000000000e+00,0.0000000000e+00,0.0000000000e+00,0.0000000000e+00,0.0000000000e+00,0.0000000000e+00,0.0000000000e+00,0.0000000000e+00,0.0000000000e+00,0.0000000000e+00
36750,2024-12-30 04:20:00,0.068164,4.550005,3.217701,1.003 omega + 0.023 omega^2,0.000,0.0000000000e+00,0.0000000000e+00,0.0000000000e+00,0.0000000000e+00,0.0000000000e+00,0.0000000000e+00,0.0000000000e+00,0.0000000000e+00,0.0000000000e+00,0.0000000000e+00
36751,2024-12-30 04:25:00,0.066840,4.911722,3.473433,1.003 omega + -0.031 omega^2,0.000,0.0000000000e+00,0.0000000000e+00,0.0000000000e+00,0.0000000000e+00,0.0000000000e+00,0.0000000000e+00,0.0000000000e+00,0.0000000000e+00,0.0000000000e+00,0.0000000000e+00
36752,2024-12-30 04:30:00,0.088873,7.273979,5.143864,1.005 omega + -0.007 theta omega^2,0.000,0.0000000000e+00,0.0000000000e+00,0.0000000000e+00,0.0000000000e+00,0.0000000000e+00,0.0000000000e+00,0.0000000000e+00,0.0000000000e+00,0.0000000000e+00,0.0000000000e+00
36753,2024-12-30 04:35:00,0.064610,6.963842,4.924392,0.996 omega + 0.054 omega^2 + -0.003 theta omega^2,0.000,0.0000000000e+00,0.0000000000e+00,0.0000000000e+00,0.0000000000e+00,0.0000000000e+00,0.0000000000e+00,0.0000000000e+00,0.0000000000e+00,0.0000000000e+00,0.0000000000e+00
36754,2024-12-30 04:40:00,0.061119,3.045172,2.153695,1.005 omega + 0.029 omega^2 + -0.027 theta omega^2,0.000,0.0000000000e+00,0.0000000000e+00,0.0000000000e+00,0.0000000000e+00,0.0000000000e+00,0.0000000000e+00,0.0000000000e+00,0.0000000000e+00,0.0000000000e+00,0.0000000000e+00
36755,2024-12-30 04:45:00,0.065000,8.479225,5.995893,0.997 omega + 0.006 theta omega + -0.001 theta^2 omega,0.000,0.0000000000e+00,0.0000000000e+00,0.0000000000e+00,0.0000000000e+00,0.0000000000e+00,0.0000000000e+00,0.0000000000e+00,0.0000000000e+00,0.0000000000e+00,0.0000000000e+00
36756,2024-12-30 04:50:00,0.080740,10.469593,7.403340,1.003 omega + 0.036 omega^2 + -0.005 theta omega^2,0.000,0.0000000000e+00,0.0000000000e+00,0.0000000000e+00,0.0000000000e+00,0.0000000000e+00,0.0000000000e+00,0.0000000000e+00,0.0000000000e+00,0.0000000000e+00,0.0000000000e+00
36757,2024-12-30 04:55:00,0.097105,15.970096,11.292772,-0.001 1 + 0.989 omega + -0.033 omega^2,0.000,0.0000000000e+00,0.0000000000e+00,0.0000000000e+00,0.0000000000e+00,0.0000000000e+00,0.0000000000e+00,0.0000000000e+00,0.0000000000e+00,0.0000000000e+00,0.0000000000e+00
36758,2024-12-30 05:00:00,0.074381,3.433931,2.428725,1.000 omega + 0.084 omega^2 + -0.005 theta omega^2,0.000,0.0000000000e+00,0.0000000000e+00,0.0000000000e+00,0.0000000000e+00,0.0000000000e+00,0.0000000000e+00,0.0000000000e+00,0.0000000000e+00,0.0000000000e+00,0.0000000000e+00
36759,2024-12-30 05:05:00,0.074176,9.553560,6.755591,0.996 omega + 0.004 theta omega^2,0.000,0.0000000000e+00,0.0000000000e+00,0.0000000000e+00,0.0000000000e+00,0.0000000000e+00,0.0000000000e+00,0.0000000000e+00,0.0000000000e+00,0.0000000000e+00,0.0000000000e+00
36760,2024-12-30 05:10:00,0.052709,2.280354,1.612885,1.007 omega + -0.033 omega^2,0.000,0.0000000000e+00,0.0000000000e+00,0.0000000000e+00,0.0000000000e+00,0.0000000000e+00,0.0000000000e+00,0.0000000000e+00,0.0000000000e+00,0.0000000000e+00,0.0000000000e+00
36761,2024-12-30 05:15:00,0.073490,12.330693,8.719271,-0.002 1 + 1.030 omega + -0.147 omega^2 + 0.214 omega^3,0.000,0.0000000000e+00,0.0000000000e+00,0.0000000000e+00,0.0000000000e+00,0.0000000000e+00,0.0000000000e+00,0.0000000000e+00,0.0000000000e+00,0.0000000000e+00,0.0000000000e+00
36762,2024-12-30 05:20:00,0.058010,2.074334,1.467349,1.018 omega + -0.006 theta omega + 0.001 theta^2 omega,0.000,0.0000000000e+00,0.0000000000e+00,0.0000000000e+00,0.0000000000e+00,0.0000000000e+00,0.0000000000e+00,0.0000000000e+00,0.0000000000e+00,0.0000000000e+00,0.0000000000e+00
36763,2024-12-30 05:25:00,0.031795,1.079923,0.763952,1.002 omega + -0.012 omega^2,0.000,0.0000000000e+00,0.0000000000e+00,0.0000000000e+00,0.0000000000e+00,0.0000000000e+00,0.0000000000e+00,0.0000000000e+00,0.0000000000e+00,0.0000000000e+00,0.0000000000e+00
36764,2024-12-30 05:30:00,0.041129,2.465620,1.743699,-0.036 1 + 0.003 theta + 1.348 omega + -0.033 theta omega + -0.813 omega^2 + 0.079 theta omega^2,0.000,0.0000000000e+00,0.0000000000e+00,0.0000000000e+00,0.0000000000e+00,0.0000000000e+00,0.0000000000e+00,0.0000000000e+00,0.0000000000e+00,0.0000000000e+00,0.0000000000e+00
36765,2024-12-30 05:35:00,0.055235,7.064793,4.995716,0.001 1 + 0.958 omega + 0.001 theta omega + 0.188 omega^2 + -0.007 theta omega^2,0.000,0.0000000000e+00,0.0000000000e+00,0.0000000000e+00,0.0000000000e+00,0.0000000000e+00,0.0000000000e+00,0.0000000000e+00,0.0000000000e+00,0.0000000000e+00,0.0000000000e+00
36766,2024-12-30 05:40:00,0.026837,3.107090,2.197127,-0.002 1 + 1.013 omega + -0.001 theta omega^2,0.000,0.0000000000e+00,0.0000000000e+00,0.0000000000e+00,0.0000000000e+00,0.0000000000e+00,0.0000000000e+00,0.0000000000e+00,0.0000000000e+00,0.0000000000e+00,0.0000000000e+00
36767,2024-12-30 05:45:00,0.037129,3.880038,2.743727,-0.001 1 + 1.005 omega,0.000,0.0000000000e+00,0.0000000000e+00,0.0000000000e+00,0.0000000000e+00,0.0000000000e+00,0.0000000000e+00,0.0000000000e+00,0.0000000000e+00,0.0000000000e+00,0.0000000000e+00
36768,2024-12-30 05:50:00,0.047386,3.849476,2.722197,0.992 omega + 0.004 theta omega + -0.010 theta omega^2,-0.022 theta omega^2,0.0000000000e+00,0.0000000000e+00,0.0000000000e+00,0.0000000000e+00,0.0000000000e+00,0.0000000000e+00,0.0000000000e+00,0.0000000000e+00,-2.2359145492e-02,0.0000000000e+00
36769,2024-12-30 05:55:00,0.072182,5.603886,3.962874,1.003 omega + 0.022 omega^2,0.000,0.0000000000e+00,0.0000000000e+00,0.0000000000e+00,0.0000000000e+00,0.0000000000e+00,0.0000000000e+00,0.0000000000e+00,0.0000000000e+00,0.0000000000e+00,0.0000000000e+00
36770,2024-12-30 06:00:00,0.055620,8.635450,6.106312,0.002 1 + 0.976 omega + 0.104 omega^2 + -0.001 theta omega^2,0.000,0.0000000000e+00,0.0000000000e+00,0.0000000000e+00,0.0000000000e+00,0.0000000000e+00,0.0000000000e+00,0.0000000000e+00,0.0000000000e+00,0.0000000000e+00,0.0000000000e+00
36771,2024-12-30 06:05:00,0.124075,13.329601,9.425859,1.002 omega + 0.005 theta omega + -0.049 omega^2 + -0.001 theta^2 omega,0.000,0.0000000000e+00,0.0000000000e+00,0.0000000000e+00,0.0000000000e+00,0.0000000000e+00,0.0000000000e+00,0.0000000000e+00,0.0000000000e+00,0.0000000000e+00,0.0000000000e+00
36772,2024-12-30 06:10:00,0.050253,7.837823,5.542291,0.001 1 + 1.016 omega + 0.041 omega^2 + 0.001 theta omega^2,0.000,0.0000000000e+00,0.0000000000e+00,0.0000000000e+00,0.0000000000e+00,0.0000000000e+00,0.0000000000e+00,0.0000000000e+00,0.0000000000e+00,0.0000000000e+00,0.0000000000e+00
36773,2024-12-30 06:15:00,0.124354,13.565835,9.592897,1.007 omega + 0.001 theta omega + 0.017 omega^2,0.000,0.0000000000e+00,0.0000000000e+00,0.0000000000e+00,0.0000000000e+00,0.0000000000e+00,0.0000000000e+00,0.0000000000e+00,0.0000000000e+00,0.0000000000e+00,0.0000000000e+00
36774,2024-12-30 06:20:00,0.063393,2.338791,1.654383,0.997 omega + -0.003 omega^2 + 0.001 theta^2 omega,-0.136 theta omega^2,0.0000000000e+00,0.0000000000e+00,0.0000000000e+00,0.0000000000e+00,0.0000000000e+00,0.0000000000e+00,0.0000000000e+00,0.0000000000e+00,-1.3648634809e-01,0.0000000000e+00
36775,2024-12-30 06:25:00,0.070204,4.449422,3.146608,1.004 omega + -0.062 omega^2 + -0.015 theta omega^2 + -0.166 omega^3,0.000,0.0000000000e+00,0.0000000000e+00,0.0000000000e+00,0.0000000000e+00,0.0000000000e+00,0.0000000000e+00,0.0000000000e+00,0.0000000000e+00,0.0000000000e+00,0.0000000000e+00
36776,2024-12-30 06:30:00,0.180823,20.237331,14.310525,1.002 omega + 0.036 omega^2 + -0.223 omega^3,0.000,0.0000000000e+00,0.0000000000e+00,0.0000000000e+00,0.0000000000e+00,0.0000000000e+00,0.0000000000e+00,0.0000000000e+00,0.0000000000e+00,0.0000000000e+00,0.0000000000e+00
36777,2024-12-30 06:35:00,0.049208,3.673420,2.597733,0.991 omega + 0.048 omega^2,0.000,0.0000000000e+00,0.0000000000e+00,0.0000000000e+00,0.0000000000e+00,0.0000000000e+00,0.0000000000e+00,0.0000000000e+00,0.0000000000e+00,0.0000000000e+00,0.0000000000e+00
36778,2024-12-30 06:40:00,0.043885,2.451323,1.733625,0.993 omega + -0.206 omega^2 + -0.013 theta omega^2,0.000,0.0000000000e+00,0.0000000000e+00,0.0000000000e+00,0.0000000000e+00,0.0000000000e+00,0.0000000000e+00,0.0000000000e+00,0.0000000000e+00,0.0000000000e+00,0.0000000000e+00
36779,2024-12-30 06:45:00,0.048700,5.673811,4.012138,0.997 omega + -0.008 omega^2,0.000,0.0000000000e+00,0.0000000000e+00,0.0000000000e+00,0.0000000000e+00,0.0000000000e+00,0.0000000000e+00,0.0000000000e+00,0.0000000000e+00,0.0000000000e+00,0.0000000000e+00
36780,2024-12-30 06:50:00,0.072247,8.376045,5.922978,1.012 omega + 0.072 omega^2 + -0.856 omega^3,0.000,0.0000000000e+00,0.0000000000e+00,0.0000000000e+00,0.0000000000e+00,0.0000000000e+00,0.0000000000e+00,0.0000000000e+00,0.0000000000e+00,0.0000000000e+00,0.0000000000e+00
36781,2024-12-30 06:55:00,0.180243,24.057973,17.012033,1.000 omega + -0.035 omega^2 + -0.001 theta omega^2,0.000,0.0000000000e+00,0.0000000000e+00,0.0000000000e+00,0.0000000000e+00,0.0000000000e+00,0.0000000000e+00,0.0000000000e+00,0.0000000000e+00,0.0000000000e+00,0.0000000000e+00
36782,2024-12-30 07:00:00,0.057955,10.162344,7.185979,0.996 omega + 0.059 omega^2 + -0.169 omega^3,0.000,0.0000000000e+00,0.0000000000e+00,0.0000000000e+00,0.0000000000e+00,0.0000000000e+00,0.0000000000e+00,0.0000000000e+00,0.0000000000e+00,0.0000000000e+00,0.0000000000e+00
36783,2024-12-30 07:05:00,0.116080,8.627614,6.101196,1.013 omega + -0.120 omega^2 + -0.003 theta omega^2 + -1.080 omega^3,0.000,0.0000000000e+00,0.0000000000e+00,0.0000000000e+00,0.0000000000e+00,0.0000000000e+00,0.0000000000e+00,0.0000000000e+00,0.0000000000e+00,0.0000000000e+00,0.0000000000e+00
36784,2024-12-30 07:10:00,0.237644,31.506975,22.279430,1.003 omega + 0.049 omega^2 + -0.353 omega^3,0.000,0.0000000000e+00,0.0000000000e+00,0.0000000000e+00,0.0000000000e+00,0.0000000000e+00,0.0000000000e+00,0.0000000000e+00,0.0000000000e+00,0.0000000000e+00,0.0000000000e+00
36785,2024-12-30 07:15:00,0.046062,6.661972,4.710838,-0.015 1 + 1.212 omega + -0.996 omega^2 + 1.529 omega^3,0.000,0.0000000000e+00,0.0000000000e+00,0.0000000000e+00,0.0000000000e+00,0.0000000000e+00,0.0000000000e+00,0.0000000000e+00,0.0000000000e+00,0.0000000000e+00,0.0000000000e+00
36786,2024-12-30 07:20:00,0.024318,0.895259,0.633277,-0.003 1 + 1.004 omega + 0.001 theta omega + 0.082 omega^2 + -0.004 theta omega^2,0.000,0.0000000000e+00,0.0000000000e+00,0.0000000000e+00,0.0000000000e+00,0.0000000000e+00,0.0000000000e+00,0.0000000000e+00,0.0000000000e+00,0.0000000000e+00,0.0000000000e+00
36787,2024-12-30 07:25:00,0.200876,26.860048,18.993454,0.999 omega + -0.044 omega^2 + -0.002 theta omega^2,0.000,0.0000000000e+00,0.0000000000e+00,0.0000000000e+00,0.0000000000e+00,0.0000000000e+00,0.0000000000e+00,0.0000000000e+00,0.0000000000e+00,0.0000000000e+00,0.0000000000e+00
36788,2024-12-30 07:30:00,0.072169,7.850990,5.551723,0.999 omega + -0.089 omega^3,-0.020 theta omega^2,0.0000000000e+00,0.0000000000e+00,0.0000000000e+00,0.0000000000e+00,0.0000000000e+00,0.0000000000e+00,0.0000000000e+00,0.0000000000e+00,-1.9567505355e-02,0.0000000000e+00
36789,2024-12-30 07:35:00,0.106861,9.035390,6.389432,1.003 omega + -0.008 theta omega^2,-0.115 omega^2 + -0.026 theta omega^2,0.0000000000e+00,0.0000000000e+00,0.0000000000e+00,0.0000000000e+00,0.0000000000e+00,-1.1546792758e-01,0.0000000000e+00,0.0000000000e+00,-2.5699599037e-02,0.0000000000e+00
36790,2024-12-30 07:40:00,0.052324,2.228180,1.575996,1.003 omega + 0.001 theta omega + -0.010 theta omega^2,-0.021 theta omega^2,0.0000000000e+00,0.0000000000e+00,0.0000000000e+00,0.0000000000e+00,0.0000000000e+00,0.0000000000e+00,0.0000000000e+00,0.0000000000e+00,-2.0537601945e-02,0.0000000000e+00
36791,2024-12-30 07:45:00,0.075111,11.698451,8.272224,0.995 omega + 0.015 omega^2,0.000,0.0000000000e+00,0.0000000000e+00,0.0000000000e+00,0.0000000000e+00,0.0000000000e+00,0.0000000000e+00,0.0000000000e+00,0.0000000000e+00,0.0000000000e+00,0.0000000000e+00
36792,2024-12-30 07:50:00,0.090465,14.097851,9.968891,1.001 omega + 0.004 omega^2,0.000,0.0000000000e+00,0.0000000000e+00,0.0000000000e+00,0.0000000000e+00,0.0000000000e+00,0.0000000000e+00,0.0000000000e+00,0.0000000000e+00,0.0000000000e+00,0.0000000000e+00
36793,2024-12-30 07:55:00,0.055458,8.380636,5.926134,0.002 1 + 0.968 omega + 0.142 omega^2 + -0.002 theta omega^2,0.000,0.0000000000e+00,0.0000000000e+00,0.0000000000e+00,0.0000000000e+00,0.0000000000e+00,0.0000000000e+00,0.0000000000e+00,0.0000000000e+00,0.0000000000e+00,0.0000000000e+00
36794,2024-12-30 08:00:00,0.120390,13.320470,9.419380,1.002 omega + -0.019 omega^2 + -0.168 omega^3,-0.011 theta omega^2,0.0000000000e+00,0.0000000000e+00,0.0000000000e+00,0.0000000000e+00,0.0000000000e+00,0.0000000000e+00,0.0000000000e+00,0.0000000000e+00,-1.0545447350e-02,0.0000000000e+00
36795,2024-12-30 08:05:00,0.215055,29.995536,21.210592,1.001 omega + 0.039 omega^2 + -0.232 omega^3,0.000,0.0000000000e+00,0.0000000000e+00,0.0000000000e+00,0.0000000000e+00,0.0000000000e+00,0.0000000000e+00,0.0000000000e+00,0.0000000000e+00,0.0000000000e+00,0.0000000000e+00
36796,2024-12-30 08:10:00,0.045723,1.741422,1.231796,0.992 omega + 0.062 omega^2 + -0.001 theta omega^2,0.000,0.0000000000e+00,0.0000000000e+00,0.0000000000e+00,0.0000000000e+00,0.0000000000e+00,0.0000000000e+00,0.0000000000e+00,0.0000000000e+00,0.0000000000e+00,0.0000000000e+00
36797,2024-12-30 08:15:00,0.086762,5.584210,3.949109,1.006 omega + 0.022 omega^2 + -0.006 theta omega^2 + -0.338 omega^3,0.000,0.0000000000e+00,0.0000000000e+00,0.0000000000e+00,0.0000000000e+00,0.0000000000e+00,0.0000000000e+00,0.0000000000e+00,0.0000000000e+00,0.0000000000e+00,0.0000000000e+00
36798,2024-12-30 08:20:00,0.063750,3.520614,2.489858,1.016 omega + -0.001 theta omega + -0.014 theta omega^2,0.000,0.0000000000e+00,0.0000000000e+00,0.0000000000e+00,0.0000000000e+00,0.0000000000e+00,0.0000000000e+00,0.0000000000e+00,0.0000000000e+00,0.0000000000e+00,0.0000000000e+00
36799,2024-12-30 08:25:00,0.053588,2.665003,1.884823,0.993 omega + 0.195 omega^2 + -0.010 theta omega^2,0.000,0.0000000000e+00,0.0000000000e+00,0.0000000000e+00,0.0000000000e+00,0.0000000000e+00,0.0000000000e+00,0.0000000000e+00,0.0000000000e+00,0.0000000000e+00,0.0000000000e+00
36800,2024-12-30 08:30:00,0.073536,3.383657,2.393172,1.010 omega + -0.001 theta omega + -0.046 omega^2 + -0.503 omega^3,-0.032 theta omega^2,0.0000000000e+00,0.0000000000e+00,0.0000000000e+00,0.0000000000e+00,0.0000000000e+00,0.0000000000e+00,0.0000000000e+00,0.0000000000e+00,-3.1775692376e-02,0.0000000000e+00
36801,2024-12-30 08:35:00,0.147899,16.080195,11.370896,1.005 omega + 0.001 theta omega + 0.033 omega^2,0.000,0.0000000000e+00,0.0000000000e+00,0.0000000000e+00,0.0000000000e+00,0.0000000000e+00,0.0000000000e+00,0.0000000000e+00,0.0000000000e+00,0.0000000000e+00,0.0000000000e+00
36802,2024-12-30 08:40:00,0.048533,6.830918,4.830311,0.997 omega + 0.054 omega^2 + -0.003 theta omega^2,0.000,0.0000000000e+00,0.0000000000e+00,0.0000000000e+00,0.0000000000e+00,0.0000000000e+00,0.0000000000e+00,0.0000000000e+00,0.0000000000e+00,0.0000000000e+00,0.0000000000e+00
36803,2024-12-30 08:45:00,0.070330,9.553467,6.755504,0.005 1 + 0.941 omega + 0.257 omega^2 + -0.384 omega^3,0.000,0.0000000000e+00,0.0000000000e+00,0.0000000000e+00,0.0000000000e+00,0.0000000000e+00,0.0000000000e+00,0.0000000000e+00,0.0000000000e+00,0.0000000000e+00,0.0000000000e+00
36804,2024-12-30 08:50:00,0.071881,9.388983,6.639208,0.001 1 + 0.993 omega + 0.013 omega^2,0.000,0.0000000000e+00,0.0000000000e+00,0.0000000000e+00,0.0000000000e+00,0.0000000000e+00,0.0000000000e+00,0.0000000000e+00,0.0000000000e+00,0.0000000000e+00,0.0000000000e+00
36805,2024-12-30 08:55:00,0.032317,3.267406,2.310518,0.999 omega,0.000,0.0000000000e+00,0.0000000000e+00,0.0000000000e+00,0.0000000000e+00,0.0000000000e+00,0.0000000000e+00,0.0000000000e+00,0.0000000000e+00,0.0000000000e+00,0.0000000000e+00
36806,2024-12-30 09:00:00,0.043939,6.827631,4.827964,-0.057 1 + 2.001 omega + -0.001 theta omega + -5.712 omega^2 + 0.003 theta omega^2 + 10.630 omega^3,0.000,0.0000000000e+00,0.0000000000e+00,0.0000000000e+00,0.0000000000e+00,0.0000000000e+00,0.0000000000e+00,0.0000000000e+00,0.0000000000e+00,0.0000000000e+00,0.0000000000e+00
36807,2024-12-30 09:05:00,0.084831,9.841337,6.959135,0.997 omega + 0.012 omega^2,0.000,0.0000000000e+00,0.0000000000e+00,0.0000000000e+00,0.0000000000e+00,0.0000000000e+00,0.0000000000e+00,0.0000000000e+00,0.0000000000e+00,0.0000000000e+00,0.0000000000e+00
36808,2024-12-30 09:10:00,0.107646,10.859086,7.678911,1.010 omega + -0.046 omega^2 + -0.810 omega^3,-0.011 theta omega^2,0.0000000000e+00,0.0000000000e+00,0.0000000000e+00,0.0000000000e+00,0.0000000000e+00,0.0000000000e+00,0.0000000000e+00,0.0000000000e+00,-1.1210484694e-02,0.0000000000e+00
36809,2024-12-30 09:15:00,0.099658,6.176346,4.367905,0.998 omega + -0.002 omega^2,0.000,0.0000000000e+00,0.0000000000e+00,0.0000000000e+00,0.0000000000e+00,0.0000000000e+00,0.0000000000e+00,0.0000000000e+00,0.0000000000e+00,0.0000000000e+00,0.0000000000e+00
36810,2024-12-30 09:20:00,0.134283,19.778693,13.985970,1.001 omega + -0.006 omega^2,0.000,0.0000000000e+00,0.0000000000e+00,0.0000000000e+00,0.0000000000e+00,0.0000000000e+00,0.0000000000e+00,0.0000000000e+00,0.0000000000e+00,0.0000000000e+00,0.0000000000e+00
36811,2024-12-30 09:25:00,0.074256,7.502129,5.305066,0.983 omega + 0.002 theta omega + 0.246 omega^2 + -0.036 theta omega^2,0.000,0.0000000000e+00,0.0000000000e+00,0.0000000000e+00,0.0000000000e+00,0.0000000000e+00,0.0000000000e+00,0.0000000000e+00,0.0000000000e+00,0.0000000000e+00,0.0000000000e+00
36812,2024-12-30 09:30:00,0.083266,13.560852,9.589151,1.000 omega + 0.069 omega^2 + -0.005 theta omega^2,0.000,0.0000000000e+00,0.0000000000e+00,0.0000000000e+00,0.0000000000e+00,0.0000000000e+00,0.0000000000e+00,0.0000000000e+00,0.0000000000e+00,0.0000000000e+00,0.0000000000e+00
36813,2024-12-30 09:35:00,0.071671,4.612647,3.262028,0.998 omega + -0.012 omega^2,0.000,0.0000000000e+00,0.0000000000e+00,0.0000000000e+00,0.0000000000e+00,0.0000000000e+00,0.0000000000e+00,0.0000000000e+00,0.0000000000e+00,0.0000000000e+00,0.0000000000e+00
36814,2024-12-30 09:40:00,0.129557,20.479855,14.481734,0.994 omega + 0.136 omega^2 + -0.008 theta omega^2,0.000,0.0000000000e+00,0.0000000000e+00,0.0000000000e+00,0.0000000000e+00,0.0000000000e+00,0.0000000000e+00,0.0000000000e+00,0.0000000000e+00,0.0000000000e+00,0.0000000000e+00
36815,2024-12-30 09:45:00,0.155494,23.296140,16.473226,1.016 omega + 0.105 omega^2,0.000,0.0000000000e+00,0.0000000000e+00,0.0000000000e+00,0.0000000000e+00,0.0000000000e+00,0.0000000000e+00,0.0000000000e+00,0.0000000000e+00,0.0000000000e+00,0.0000000000e+00
36816,2024-12-30 09:50:00,0.038248,3.899996,2.757846,1.007 omega + 0.007 theta omega + 0.030 omega^2 + 0.001 theta^2 omega,-0.041 theta omega^2,0.0000000000e+00,0.0000000000e+00,0.0000000000e+00,0.0000000000e+00,0.0000000000e+00,0.0000000000e+00,0.0000000000e+00,0.0000000000e+00,-4.0520671429e-02,0.0000000000e+00
36817,2024-12-30 09:55:00,0.099532,8.159953,5.770387,1.004 omega + -0.044 omega^2 + -0.011 theta omega^2,0.000,0.0000000000e+00,0.0000000000e+00,0.0000000000e+00,0.0000000000e+00,0.0000000000e+00,0.0000000000e+00,0.0000000000e+00,0.0000000000e+00,0.0000000000e+00,0.0000000000e+00
36818,2024-12-30 10:00:00,0.057590,5.322358,3.763696,1.000 omega + 0.016 omega^2,0.000,0.0000000000e+00,0.0000000000e+00,0.0000000000e+00,0.0000000000e+00,0.0000000000e+00,0.0000000000e+00,0.0000000000e+00,0.0000000000e+00,0.0000000000e+00,0.0000000000e+00
36819,2024-12-30 10:05:00,0.117785,10.701040,7.567236,1.007 omega + 0.019 omega^2 + -0.012 theta omega^2 + -0.444 omega^3,0.000,0.0000000000e+00,0.0000000000e+00,0.0000000000e+00,0.0000000000e+00,0.0000000000e+00,0.0000000000e+00,0.0000000000e+00,0.0000000000e+00,0.0000000000e+00,0.0000000000e+00
36820,2024-12-30 10:10:00,0.111993,14.332125,10.134652,1.002 omega + -0.002 theta omega + -0.036 omega^2,0.000,0.0000000000e+00,0.0000000000e+00,0.0000000000e+00,0.0000000000e+00,0.0000000000e+00,0.0000000000e+00,0.0000000000e+00,0.0000000000e+00,0.0000000000e+00,0.0000000000e+00
36821,2024-12-30 10:15:00,0.051087,1.757375,1.243177,0.986 omega + 0.001 theta omega + 0.347 omega^2 + -0.032 theta omega^2,0.000,0.0000000000e+00,0.0000000000e+00,0.0000000000e+00,0.0000000000e+00,0.0000000000e+00,0.0000000000e+00,0.0000000000e+00,0.0000000000e+00,0.0000000000e+00,0.0000000000e+00
36822,2024-12-30 10:20:00,0.112272,11.134851,7.873929,1.002 omega + -0.034 omega^2,0.000,0.0000000000e+00,0.0000000000e+00,0.0000000000e+00,0.0000000000e+00,0.0000000000e+00,0.0000000000e+00,0.0000000000e+00,0.0000000000e+00,0.0000000000e+00,0.0000000000e+00
36823,2024-12-30 10:25:00,0.080621,6.784587,4.797766,1.003 omega + 0.027 omega^2,0.000,0.0000000000e+00,0.0000000000e+00,0.0000000000e+00,0.0000000000e+00,0.0000000000e+00,0.0000000000e+00,0.0000000000e+00,0.0000000000e+00,0.0000000000e+00,0.0000000000e+00
36824,2024-12-30 10:30:00,0.042685,3.846769,2.720244,0.999 omega + 0.040 omega^2,0.000,0.0000000000e+00,0.0000000000e+00,0.0000000000e+00,0.0000000000e+00,0.0000000000e+00,0.0000000000e+00,0.0000000000e+00,0.0000000000e+00,0.0000000000e+00,0.0000000000e+00
36825,2024-12-30 10:35:00,0.041403,5.488375,3.880977,0.001 1 + 0.988 omega + 0.062 omega^2 + 0.001 theta omega^2,0.000,0.0000000000e+00,0.0000000000e+00,0.0000000000e+00,0.0000000000e+00,0.0000000000e+00,0.0000000000e+00,0.0000000000e+00,0.0000000000e+00,0.0000000000e+00,0.0000000000e+00
36826,2024-12-30 10:40:00,0.032007,2.223677,1.572540,-0.001 1 + 1.011 omega + -0.028 omega^2 + -0.002 theta omega^2,0.000,0.0000000000e+00,0.0000000000e+00,0.0000000000e+00,0.0000000000e+00,0.0000000000e+00,0.0000000000e+00,0.0000000000e+00,0.0000000000e+00,0.0000000000e+00,0.0000000000e+00
36827,2024-12-30 10:45:00,0.031610,4.168659,2.947772,0.002 1 + 0.973 omega + 0.097 omega^2,0.000,0.0000000000e+00,0.0000000000e+00,0.0000000000e+00,0.0000000000e+00,0.0000000000e+00,0.0000000000e+00,0.0000000000e+00,0.0000000000e+00,0.0000000000e+00,0.0000000000e+00
36828,2024-12-30 10:50:00,0.035814,5.153906,3.644450,0.999 omega + 0.001 theta omega + 0.015 omega^2 + -0.003 theta omega^2,0.000,0.0000000000e+00,0.0000000000e+00,0.0000000000e+00,0.0000000000e+00,0.0000000000e+00,0.0000000000e+00,0.0000000000e+00,0.0000000000e+00,0.0000000000e+00,0.0000000000e+00
36829,2024-12-30 10:55:00,0.093507,11.668579,8.251196,0.998 omega + -0.005 omega^2,0.000,0.0000000000e+00,0.0000000000e+00,0.0000000000e+00,0.0000000000e+00,0.0000000000e+00,0.0000000000e+00,0.0000000000e+00,0.0000000000e+00,0.0000000000e+00,0.0000000000e+00
36830,2024-12-30 11:00:00,0.044135,3.124748,2.209751,1.001 omega + -0.006 omega^2,0.000,0.0000000000e+00,0.0000000000e+00,0.0000000000e+00,0.0000000000e+00,0.0000000000e+00,0.0000000000e+00,0.0000000000e+00,0.0000000000e+00,0.0000000000e+00,0.0000000000e+00
36831,2024-12-30 11:05:00,0.031917,2.761919,1.953102,-0.001 1 + 1.007 omega + 0.001 theta omega + -0.006 theta omega^2,0.000,0.0000000000e+00,0.0000000000e+00,0.0000000000e+00,0.0000000000e+00,0.0000000000e+00,0.0000000000e+00,0.0000000000e+00,0.0000000000e+00,0.0000000000e+00,0.0000000000e+00
36832,2024-12-30 11:10:00,0.078049,9.712505,6.868000,0.998 omega,0.000,0.0000000000e+00,0.0000000000e+00,0.0000000000e+00,0.0000000000e+00,0.0000000000e+00,0.0000000000e+00,0.0000000000e+00,0.0000000000e+00,0.0000000000e+00,0.0000000000e+00
36833,2024-12-30 11:15:00,0.033282,3.666185,2.592491,0.996 omega + 0.043 omega^2,0.000,0.0000000000e+00,0.0000000000e+00,0.0000000000e+00,0.0000000000e+00,0.0000000000e+00,0.0000000000e+00,0.0000000000e+00,0.0000000000e+00,0.0000000000e+00,0.0000000000e+00
36834,2024-12-30 11:20:00,0.028154,1.485904,1.050881,-0.001 1 + 0.998 omega + 0.002 theta omega + 0.149 omega^2 + -0.027 theta omega^2,0.000,0.0000000000e+00,0.0000000000e+00,0.0000000000e+00,0.0000000000e+00,0.0000000000e+00,0.0000000000e+00,0.0000000000e+00,0.0000000000e+00,0.0000000000e+00,0.0000000000e+00
36835,2024-12-30 11:25:00,0.059801,5.673862,4.012249,-0.001 1 + 1.017 omega + -0.074 omega^2 + 0.001 theta omega^2,0.000,0.0000000000e+00,0.0000000000e+00,0.0000000000e+00,0.0000000000e+00,0.0000000000e+00,0.0000000000e+00,0.0000000000e+00,0.0000000000e+00,0.0000000000e+00,0.0000000000e+00
36836,2024-12-30 11:30:00,0.033005,3.074520,2.174139,0.001 1 + 0.992 omega + 0.017 omega^2,0.000,0.0000000000e+00,0.0000000000e+00,0.0000000000e+00,0.0000000000e+00,0.0000000000e+00,0.0000000000e+00,0.0000000000e+00,0.0000000000e+00,0.0000000000e+00,0.0000000000e+00
36837,2024-12-30 11:35:00,0.018770,1.240007,0.876917,0.009 1 + 0.877 omega + 0.001 theta omega + 0.410 omega^2 + -0.005 theta omega^2,0.000,0.0000000000e+00,0.0000000000e+00,0.0000000000e+00,0.0000000000e+00,0.0000000000e+00,0.0000000000e+00,0.0000000000e+00,0.0000000000e+00,0.0000000000e+00,0.0000000000e+00
36838,2024-12-30 11:40:00,0.053650,6.905630,4.883165,0.017 1 + 0.858 omega + -0.001 theta omega + 0.287 omega^2 + 0.004 theta omega^2,0.000,0.0000000000e+00,0.0000000000e+00,0.0000000000e+00,0.0000000000e+00,0.0000000000e+00,0.0000000000e+00,0.0000000000e+00,0.0000000000e+00,0.0000000000e+00,0.0000000000e+00
36839,2024-12-30 11:45:00,0.024247,3.966767,2.804980,-0.015 1 + 1.165 omega + 0.001 theta omega + -0.432 omega^2 + -0.004 theta omega^2,0.000,0.0000000000e+00,0.0000000000e+00,0.0000000000e+00,0.0000000000e+00,0.0000000000e+00,0.0000000000e+00,0.0000000000e+00,0.0000000000e+00,0.0000000000e+00,0.0000000000e+00
36840,2024-12-30 11:50:00,0.025699,3.574483,2.527606,-0.020 1 + 1.234 omega + -0.676 omega^2 + -0.003 theta omega^2,0.000,0.0000000000e+00,0.0000000000e+00,0.0000000000e+00,0.0000000000e+00,0.0000000000e+00,0.0000000000e+00,0.0000000000e+00,0.0000000000e+00,0.0000000000e+00,0.0000000000e+00
36841,2024-12-30 11:55:00,0.025627,3.237803,2.289545,0.001 1 + 0.992 omega + 0.016 omega^2,0.000,0.0000000000e+00,0.0000000000e+00,0.0000000000e+00,0.0000000000e+00,0.0000000000e+00,0.0000000000e+00,0.0000000000e+00,0.0000000000e+00,0.0000000000e+00,0.0000000000e+00
36842,2024-12-30 12:00:00,0.067811,6.130673,4.335306,0.996 omega + 0.027 omega^2,0.000,0.0000000000e+00,0.0000000000e+00,0.0000000000e+00,0.0000000000e+00,0.0000000000e+00,0.0000000000e+00,0.0000000000e+00,0.0000000000e+00,0.0000000000e+00,0.0000000000e+00
36843,2024-12-30 12:05:00,0.024631,2.464886,1.743025,-0.001 1 + 1.011 omega + -0.034 omega^2,0.000,0.0000000000e+00,0.0000000000e+00,0.0000000000e+00,0.0000000000e+00,0.0000000000e+00,0.0000000000e+00,0.0000000000e+00,0.0000000000e+00,0.0000000000e+00,0.0000000000e+00
36844,2024-12-30 12:10:00,0.038498,5.795714,4.098279,-0.001 1 + 1.013 omega + -0.045 omega^2,0.000,0.0000000000e+00,0.0000000000e+00,0.0000000000e+00,0.0000000000e+00,0.0000000000e+00,0.0000000000e+00,0.0000000000e+00,0.0000000000e+00,0.0000000000e+00,0.0000000000e+00
36845,2024-12-30 12:15:00,0.021521,2.209110,1.562151,0.004 1 + 0.953 omega + 0.124 omega^2,0.000,0.0000000000e+00,0.0000000000e+00,0.0000000000e+00,0.0000000000e+00,0.0000000000e+00,0.0000000000e+00,0.0000000000e+00,0.0000000000e+00,0.0000000000e+00,0.0000000000e+00
36846,2024-12-30 12:20:00,0.010237,1.015141,0.717850,-0.033 1 + 1.340 omega + 0.002 theta omega + -0.866 omega^2 + -0.010 theta omega^2,0.000,0.0000000000e+00,0.0000000000e+00,0.0000000000e+00,0.0000000000e+00,0.0000000000e+00,0.0000000000e+00,0.0000000000e+00,0.0000000000e+00,0.0000000000e+00,0.0000000000e+00
36847,2024-12-30 12:25:00,0.044384,5.492289,3.883761,-0.006 1 + 1.065 omega + -0.152 omega^2,0.000,0.0000000000e+00,0.0000000000e+00,0.0000000000e+00,0.0000000000e+00,0.0000000000e+00,0.0000000000e+00,0.0000000000e+00,0.0000000000e+00,0.0000000000e+00,0.0000000000e+00
36848,2024-12-30 12:30:00,0.041200,2.162712,1.529545,0.001 1 + 0.982 omega + 0.061 omega^2,0.000,0.0000000000e+00,0.0000000000e+00,0.0000000000e+00,0.0000000000e+00,0.0000000000e+00,0.0000000000e+00,0.0000000000e+00,0.0000000000e+00,0.0000000000e+00,0.0000000000e+00
36849,2024-12-30 12:35:00,0.027562,4.193269,2.965153,0.006 1 + 0.922 omega + 0.242 omega^2,0.000,0.0000000000e+00,0.0000000000e+00,0.0000000000e+00,0.0000000000e+00,0.0000000000e+00,0.0000000000e+00,0.0000000000e+00,0.0000000000e+00,0.0000000000e+00,0.0000000000e+00
36850,2024-12-30 12:40:00,0.025292,2.248965,1.590359,1.006 omega + -0.052 omega^2 + 0.001 theta omega^2,0.000,0.0000000000e+00,0.0000000000e+00,0.0000000000e+00,0.0000000000e+00,0.0000000000e+00,0.0000000000e+00,0.0000000000e+00,0.0000000000e+00,0.0000000000e+00,0.0000000000e+00
36851,2024-12-30 12:45:00,0.039702,4.193983,2.965727,-0.003 1 + 1.033 omega + -0.081 omega^2,0.000,0.0000000000e+00,0.0000000000e+00,0.0000000000e+00,0.0000000000e+00,0.0000000000e+00,0.0000000000e+00,0.0000000000e+00,0.0000000000e+00,0.0000000000e+00,0.0000000000e+00
36852,2024-12-30 12:50:00,0.039607,5.070356,3.585392,0.023 1 + 0.790 omega + 0.001 theta omega + 0.487 omega^2 + -0.004 theta omega^2,0.000,0.0000000000e+00,0.0000000000e+00,0.0000000000e+00,0.0000000000e+00,0.0000000000e+00,0.0000000000e+00,0.0000000000e+00,0.0000000000e+00,0.0000000000e+00,0.0000000000e+00
36853,2024-12-30 12:55:00,0.035392,3.376103,2.387397,-0.015 1 + 1.117 omega + 0.001 theta omega + -0.218 omega^2 + -0.006 theta omega^2,0.000,0.0000000000e+00,0.0000000000e+00,0.0000000000e+00,0.0000000000e+00,0.0000000000e+00,0.0000000000e+00,0.0000000000e+00,0.0000000000e+00,0.0000000000e+00,0.0000000000e+00
36854,2024-12-30 13:00:00,0.137180,15.163664,10.722768,0.998 omega + -0.003 omega^2,0.000,0.0000000000e+00,0.0000000000e+00,0.0000000000e+00,0.0000000000e+00,0.0000000000e+00,0.0000000000e+00,0.0000000000e+00,0.0000000000e+00,0.0000000000e+00,0.0000000000e+00
36855,2024-12-30 13:05:00,0.129273,20.229496,14.304706,0.005 1 + 1.154 omega + 1.068 omega^2 + 2.158 omega^3,0.000,0.0000000000e+00,0.0000000000e+00,0.0000000000e+00,0.0000000000e+00,0.0000000000e+00,0.0000000000e+00,0.0000000000e+00,0.0000000000e+00,0.0000000000e+00,0.0000000000e+00
36856,2024-12-30 13:10:00,0.126870,20.193251,14.279067,0.998 omega + 0.019 omega^2 + 0.001 theta omega^2,0.000,0.0000000000e+00,0.0000000000e+00,0.0000000000e+00,0.0000000000e+00,0.0000000000e+00,0.0000000000e+00,0.0000000000e+00,0.0000000000e+00,0.0000000000e+00,0.0000000000e+00
36857,2024-12-30 13:15:00,0.080168,8.105066,5.731428,1.004 omega + 0.001 theta omega + -0.159 omega^2 + -0.022 theta omega^2,0.000,0.0000000000e+00,0.0000000000e+00,0.0000000000e+00,0.0000000000e+00,0.0000000000e+00,0.0000000000e+00,0.0000000000e+00,0.0000000000e+00,0.0000000000e+00,0.0000000000e+00
36858,2024-12-30 13:20:00,0.154734,25.186533,17.809904,1.011 omega + -0.036 omega^2 + -0.003 theta omega^2,0.000,0.0000000000e+00,0.0000000000e+00,0.0000000000e+00,0.0000000000e+00,0.0000000000e+00,0.0000000000e+00,0.0000000000e+00,0.0000000000e+00,0.0000000000e+00,0.0000000000e+00
36859,2024-12-30 13:25:00,0.030145,2.124529,1.502420,-0.001 1 + 1.009 omega + 0.058 omega^2 + -0.005 theta omega^2,0.000,0.0000000000e+00,0.0000000000e+00,0.0000000000e+00,0.0000000000e+00,0.0000000000e+00,0.0000000000e+00,0.0000000000e+00,0.0000000000e+00,0.0000000000e+00,0.0000000000e+00
36860,2024-12-30 13:30:00,0.017755,0.483483,0.342104,-0.001 1 + 1.012 omega + 0.001 theta omega + -0.006 theta omega^2,0.000,0.0000000000e+00,0.0000000000e+00,0.0000000000e+00,0.0000000000e+00,0.0000000000e+00,0.0000000000e+00,0.0000000000e+00,0.0000000000e+00,0.0000000000e+00,0.0000000000e+00
36861,2024-12-30 13:35:00,0.058153,9.138850,6.462274,-0.002 1 + 1.042 omega + -0.001 theta omega + -0.209 omega^2 + 0.005 theta omega^2,0.000,0.0000000000e+00,0.0000000000e+00,0.0000000000e+00,0.0000000000e+00,0.0000000000e+00,0.0000000000e+00,0.0000000000e+00,0.0000000000e+00,0.0000000000e+00,0.0000000000e+00
36862,2024-12-30 13:40:00,0.070448,9.161717,6.478504,0.002 1 + 0.968 omega + 0.094 omega^2 + 0.002 theta omega^2,0.000,0.0000000000e+00,0.0000000000e+00,0.0000000000e+00,0.0000000000e+00,0.0000000000e+00,0.0000000000e+00,0.0000000000e+00,0.0000000000e+00,0.0000000000e+00,0.0000000000e+00
36863,2024-12-30 13:45:00,0.042939,5.549723,3.924364,-0.002 1 + 1.032 omega + -0.127 omega^2,0.000,0.0000000000e+00,0.0000000000e+00,0.0000000000e+00,0.0000000000e+00,0.0000000000e+00,0.0000000000e+00,0.0000000000e+00,0.0000000000e+00,0.0000000000e+00,0.0000000000e+00
36864,2024-12-30 13:50:00,0.040244,5.128215,3.626307,1.000 omega + -0.014 omega^2 + 0.001 theta omega^2,0.000,0.0000000000e+00,0.0000000000e+00,0.0000000000e+00,0.0000000000e+00,0.0000000000e+00,0.0000000000e+00,0.0000000000e+00,0.0000000000e+00,0.0000000000e+00,0.0000000000e+00
36865,2024-12-30 13:55:00,0.098005,2.514540,1.779398,1.003 omega + -0.025 omega^2,0.000,0.0000000000e+00,0.0000000000e+00,0.0000000000e+00,0.0000000000e+00,0.0000000000e+00,0.0000000000e+00,0.0000000000e+00,0.0000000000e+00,0.0000000000e+00,0.0000000000e+00
36866,2024-12-30 14:00:00,0.041629,5.144862,3.638086,-0.086 1 + 0.150 omega + -2.878 omega^2 + 0.002 theta omega^2 + -3.320 omega^3,0.000,0.0000000000e+00,0.0000000000e+00,0.0000000000e+00,0.0000000000e+00,0.0000000000e+00,0.0000000000e+00,0.0000000000e+00,0.0000000000e+00,0.0000000000e+00,0.0000000000e+00
36867,2024-12-30 14:05:00,0.036320,4.024888,2.846141,-0.002 1 + 0.984 omega + -0.038 omega^2,0.000,0.0000000000e+00,0.0000000000e+00,0.0000000000e+00,0.0000000000e+00,0.0000000000e+00,0.0000000000e+00,0.0000000000e+00,0.0000000000e+00,0.0000000000e+00,0.0000000000e+00
36868,2024-12-30 14:10:00,0.100881,10.380166,7.340232,0.993 omega + -0.031 omega^2,0.000,0.0000000000e+00,0.0000000000e+00,0.0000000000e+00,0.0000000000e+00,0.0000000000e+00,0.0000000000e+00,0.0000000000e+00,0.0000000000e+00,0.0000000000e+00,0.0000000000e+00
36869,2024-12-30 14:15:00,0.052318,1.239742,0.877410,1.006 omega + 0.003 theta omega,0.000,0.0000000000e+00,0.0000000000e+00,0.0000000000e+00,0.0000000000e+00,0.0000000000e+00,0.0000000000e+00,0.0000000000e+00,0.0000000000e+00,0.0000000000e+00,0.0000000000e+00
36870,2024-12-30 14:20:00,0.142166,19.312383,13.656287,0.998 omega + 0.046 omega^2 + -0.003 theta omega^2,0.000,0.0000000000e+00,0.0000000000e+00,0.0000000000e+00,0.0000000000e+00,0.0000000000e+00,0.0000000000e+00,0.0000000000e+00,0.0000000000e+00,0.0000000000e+00,0.0000000000e+00
36871,2024-12-30 14:25:00,0.035851,2.952152,2.087640,0.003 1 + 0.960 omega + -0.001 theta omega + 0.134 omega^2 + 0.006 theta omega^2,0.000,0.0000000000e+00,0.0000000000e+00,0.0000000000e+00,0.0000000000e+00,0.0000000000e+00,0.0000000000e+00,0.0000000000e+00,0.0000000000e+00,0.0000000000e+00,0.0000000000e+00
36872,2024-12-30 14:30:00,0.103765,16.844766,11.911274,-0.015 1 + 1.356 omega + -2.444 omega^2 + 5.203 omega^3,0.000,0.0000000000e+00,0.0000000000e+00,0.0000000000e+00,0.0000000000e+00,0.0000000000e+00,0.0000000000e+00,0.0000000000e+00,0.0000000000e+00,0.0000000000e+00,0.0000000000e+00
36873,2024-12-30 14:35:00,0.042559,4.324419,3.057974,-0.001 1 + 0.989 omega + 0.216 omega^2 + -0.736 omega^3,0.000,0.0000000000e+00,0.0000000000e+00,0.0000000000e+00,0.0000000000e+00,0.0000000000e+00,0.0000000000e+00,0.0000000000e+00,0.0000000000e+00,0.0000000000e+00,0.0000000000e+00
36874,2024-12-30 14:40:00,0.148031,22.180416,15.684272,0.001 1 + 1.015 omega + -0.190 omega^2 + 0.475 omega^3,0.000,0.0000000000e+00,0.0000000000e+00,0.0000000000e+00,0.0000000000e+00,0.0000000000e+00,0.0000000000e+00,0.0000000000e+00,0.0000000000e+00,0.0000000000e+00,0.0000000000e+00
36875,2024-12-30 14:45:00,0.098860,15.108304,10.683413,0.965 omega + 0.004 theta omega + 0.238 omega^2 + -0.023 theta omega^2,0.000,0.0000000000e+00,0.0000000000e+00,0.0000000000e+00,0.0000000000e+00,0.0000000000e+00,0.0000000000e+00,0.0000000000e+00,0.0000000000e+00,0.0000000000e+00,0.0000000000e+00
36876,2024-12-30 14:50:00,0.085731,10.962000,7.751542,1.014 omega + -0.070 omega^2,0.000,0.0000000000e+00,0.0000000000e+00,0.0000000000e+00,0.0000000000e+00,0.0000000000e+00,0.0000000000e+00,0.0000000000e+00,0.0000000000e+00,0.0000000000e+00,0.0000000000e+00
36877,2024-12-30 14:55:00,0.041153,2.003012,1.416642,0.044 1 + 0.002 theta + 0.114 omega + -0.018 theta omega + 5.474 omega^2 + 0.041 theta omega^2 + -10.692 omega^3,0.000,0.0000000000e+00,0.0000000000e+00,0.0000000000e+00,0.0000000000e+00,0.0000000000e+00,0.0000000000e+00,0.0000000000e+00,0.0000000000e+00,0.0000000000e+00,0.0000000000e+00
36878,2024-12-30 15:00:00,0.091113,12.184260,8.615814,0.971 omega + 0.003 theta omega + 0.221 omega^2 + -0.017 theta omega^2,0.000,0.0000000000e+00,0.0000000000e+00,0.0000000000e+00,0.0000000000e+00,0.0000000000e+00,0.0000000000e+00,0.0000000000e+00,0.0000000000e+00,0.0000000000e+00,0.0000000000e+00
36879,2024-12-30 15:05:00,0.068603,5.094136,3.602425,0.993 omega + 0.043 omega^2,0.000,0.0000000000e+00,0.0000000000e+00,0.0000000000e+00,0.0000000000e+00,0.0000000000e+00,0.0000000000e+00,0.0000000000e+00,0.0000000000e+00,0.0000000000e+00,0.0000000000e+00
36880,2024-12-30 15:10:00,0.080389,12.277592,8.681755,0.999 omega + 0.018 omega^2,0.000,0.0000000000e+00,0.0000000000e+00,0.0000000000e+00,0.0000000000e+00,0.0000000000e+00,0.0000000000e+00,0.0000000000e+00,0.0000000000e+00,0.0000000000e+00,0.0000000000e+00
36881,2024-12-30 15:15:00,0.109922,16.965543,11.996702,1.000 omega + -0.009 omega^2,0.000,0.0000000000e+00,0.0000000000e+00,0.0000000000e+00,0.0000000000e+00,0.0000000000e+00,0.0000000000e+00,0.0000000000e+00,0.0000000000e+00,0.0000000000e+00,0.0000000000e+00
36882,2024-12-30 15:20:00,0.075888,10.683445,7.554527,0.002 1 + 0.967 omega + 0.161 omega^2 + -0.001 theta omega^2,0.000,0.0000000000e+00,0.0000000000e+00,0.0000000000e+00,0.0000000000e+00,0.0000000000e+00,0.0000000000e+00,0.0000000000e+00,0.0000000000e+00,0.0000000000e+00,0.0000000000e+00
36883,2024-12-30 15:25:00,0.087493,8.548961,6.045345,1.002 omega,0.000,0.0000000000e+00,0.0000000000e+00,0.0000000000e+00,0.0000000000e+00,0.0000000000e+00,0.0000000000e+00,0.0000000000e+00,0.0000000000e+00,0.0000000000e+00,0.0000000000e+00
36884,2024-12-30 15:30:00,0.049018,7.175240,5.073779,0.010 1 + 0.796 omega + 1.322 omega^2 + -2.851 omega^3,0.000,0.0000000000e+00,0.0000000000e+00,0.0000000000e+00,0.0000000000e+00,0.0000000000e+00,0.0000000000e+00,0.0000000000e+00,0.0000000000e+00,0.0000000000e+00,0.0000000000e+00
36885,2024-12-30 15:35:00,0.070914,7.805277,5.519392,0.998 omega + 0.012 omega^2,0.000,0.0000000000e+00,0.0000000000e+00,0.0000000000e+00,0.0000000000e+00,0.0000000000e+00,0.0000000000e+00,0.0000000000e+00,0.0000000000e+00,0.0000000000e+00,0.0000000000e+00
36886,2024-12-30 15:40:00,0.093606,4.876199,3.448629,1.000 omega + -0.007 omega^2,0.000,0.0000000000e+00,0.0000000000e+00,0.0000000000e+00,0.0000000000e+00,0.0000000000e+00,0.0000000000e+00,0.0000000000e+00,0.0000000000e+00,0.0000000000e+00,0.0000000000e+00
36887,2024-12-30 15:45:00,0.144655,20.944433,14.810304,0.999 omega + 0.003 theta omega^2,0.000,0.0000000000e+00,0.0000000000e+00,0.0000000000e+00,0.0000000000e+00,0.0000000000e+00,0.0000000000e+00,0.0000000000e+00,0.0000000000e+00,0.0000000000e+00,0.0000000000e+00
36888,2024-12-30 15:50:00,0.091791,4.208076,2.976267,1.003 omega + -0.028 omega^2,0.000,0.0000000000e+00,0.0000000000e+00,0.0000000000e+00,0.0000000000e+00,0.0000000000e+00,0.0000000000e+00,0.0000000000e+00,0.0000000000e+00,0.0000000000e+00,0.0000000000e+00
36889,2024-12-30 15:55:00,0.104307,12.806164,9.055626,0.999 omega + -0.011 omega^2 + 0.016 omega^3,0.000,0.0000000000e+00,0.0000000000e+00,0.0000000000e+00,0.0000000000e+00,0.0000000000e+00,0.0000000000e+00,0.0000000000e+00,0.0000000000e+00,0.0000000000e+00,0.0000000000e+00
36890,2024-12-30 16:00:00,0.133697,12.906625,9.126851,0.989 omega + -0.044 omega^2,0.000,0.0000000000e+00,0.0000000000e+00,0.0000000000e+00,0.0000000000e+00,0.0000000000e+00,0.0000000000e+00,0.0000000000e+00,0.0000000000e+00,0.0000000000e+00,0.0000000000e+00
36891,2024-12-30 16:05:00,0.260846,35.336557,24.987400,0.996 omega + 0.024 omega^2 + 0.095 omega^3,0.000,0.0000000000e+00,0.0000000000e+00,0.0000000000e+00,0.0000000000e+00,0.0000000000e+00,0.0000000000e+00,0.0000000000e+00,0.0000000000e+00,0.0000000000e+00,0.0000000000e+00
36892,2024-12-30 16:10:00,0.113436,17.816056,12.598110,0.999 omega + -0.014 omega^2 + 0.002 theta omega^2 + -0.065 omega^3,0.000,0.0000000000e+00,0.0000000000e+00,0.0000000000e+00,0.0000000000e+00,0.0000000000e+00,0.0000000000e+00,0.0000000000e+00,0.0000000000e+00,0.0000000000e+00,0.0000000000e+00
36893,2024-12-30 16:15:00,0.036032,5.467621,3.866276,0.997 omega + 0.004 omega^2,0.000,0.0000000000e+00,0.0000000000e+00,0.0000000000e+00,0.0000000000e+00,0.0000000000e+00,0.0000000000e+00,0.0000000000e+00,0.0000000000e+00,0.0000000000e+00,0.0000000000e+00
36894,2024-12-30 16:20:00,0.103402,13.086926,9.254143,-0.003 1 + 1.056 omega + -0.319 omega^2 + 0.547 omega^3,0.000,0.0000000000e+00,0.0000000000e+00,0.0000000000e+00,0.0000000000e+00,0.0000000000e+00,0.0000000000e+00,0.0000000000e+00,0.0000000000e+00,0.0000000000e+00,0.0000000000e+00
36895,2024-12-30 16:25:00,0.039105,3.362680,2.377934,-0.080 1 + 1.972 omega + -3.955 omega^2 + -0.001 theta omega^2 + 5.388 omega^3,0.000,0.0000000000e+00,0.0000000000e+00,0.0000000000e+00,0.0000000000e+00,0.0000000000e+00,0.0000000000e+00,0.0000000000e+00,0.0000000000e+00,0.0000000000e+00,0.0000000000e+00
36896,2024-12-30 16:30:00,0.046713,5.145381,3.638484,0.005 1 + 0.955 omega + 0.090 omega^2 + 0.002 theta omega^2,0.000,0.0000000000e+00,0.0000000000e+00,0.0000000000e+00,0.0000000000e+00,0.0000000000e+00,0.0000000000e+00,0.0000000000e+00,0.0000000000e+00,0.0000000000e+00,0.0000000000e+00
36897,2024-12-30 16:35:00,0.018360,0.590915,0.418041,-0.001 1 + 1.005 omega + -0.014 omega^2,0.000,0.0000000000e+00,0.0000000000e+00,0.0000000000e+00,0.0000000000e+00,0.0000000000e+00,0.0000000000e+00,0.0000000000e+00,0.0000000000e+00,0.0000000000e+00,0.0000000000e+00
36898,2024-12-30 16:40:00,0.032004,3.534145,2.499120,1.006 omega + -0.012 omega^2 + 0.001 theta omega^2,0.000,0.0000000000e+00,0.0000000000e+00,0.0000000000e+00,0.0000000000e+00,0.0000000000e+00,0.0000000000e+00,0.0000000000e+00,0.0000000000e+00,0.0000000000e+00,0.0000000000e+00
36899,2024-12-30 16:45:00,0.035297,5.518026,3.901913,0.002 1 + 0.984 omega + 0.032 omega^2 + 0.001 theta omega^2,0.000,0.0000000000e+00,0.0000000000e+00,0.0000000000e+00,0.0000000000e+00,0.0000000000e+00,0.0000000000e+00,0.0000000000e+00,0.0000000000e+00,0.0000000000e+00,0.0000000000e+00
36900,2024-12-30 16:50:00,0.175680,16.894806,11.947078,1.010 omega + -0.068 omega^2 + -0.789 omega^3,0.000,0.0000000000e+00,0.0000000000e+00,0.0000000000e+00,0.0000000000e+00,0.0000000000e+00,0.0000000000e+00,0.0000000000e+00,0.0000000000e+00,0.0000000000e+00,0.0000000000e+00
36901,2024-12-30 16:55:00,0.080796,12.613790,8.919479,-0.014 1 + 0.835 omega + -0.660 omega^2 + -0.875 omega^3,0.000,0.0000000000e+00,0.0000000000e+00,0.0000000000e+00,0.0000000000e+00,0.0000000000e+00,0.0000000000e+00,0.0000000000e+00,0.0000000000e+00,0.0000000000e+00,0.0000000000e+00
36902,2024-12-30 17:00:00,0.071905,9.264303,6.551049,0.049 1 + 1.591 omega + 2.331 omega^2 + 2.998 omega^3,0.000,0.0000000000e+00,0.0000000000e+00,0.0000000000e+00,0.0000000000e+00,0.0000000000e+00,0.0000000000e+00,0.0000000000e+00,0.0000000000e+00,0.0000000000e+00,0.0000000000e+00
36903,2024-12-30 17:05:00,0.138820,17.833899,12.610853,0.001 1 + 1.025 omega + 0.148 omega^2 + 0.240 omega^3,0.000,0.0000000000e+00,0.0000000000e+00,0.0000000000e+00,0.0000000000e+00,0.0000000000e+00,0.0000000000e+00,0.0000000000e+00,0.0000000000e+00,0.0000000000e+00,0.0000000000e+00
36904,2024-12-30 17:10:00,0.083224,9.394074,6.642874,0.999 omega + -0.019 omega^2 + -0.065 omega^3,0.000,0.0000000000e+00,0.0000000000e+00,0.0000000000e+00,0.0000000000e+00,0.0000000000e+00,0.0000000000e+00,0.0000000000e+00,0.0000000000e+00,0.0000000000e+00,0.0000000000e+00
36905,2024-12-30 17:15:00,0.074618,3.666494,2.593140,1.011 omega + 0.001 theta omega + 0.056 omega^2,0.000,0.0000000000e+00,0.0000000000e+00,0.0000000000e+00,0.0000000000e+00,0.0000000000e+00,0.0000000000e+00,0.0000000000e+00,0.0000000000e+00,0.0000000000e+00,0.0000000000e+00
36906,2024-12-30 17:20:00,0.063125,8.129863,5.748855,1.008 omega + 0.005 theta omega + 0.039 omega^2 + 0.001 theta^2 omega,-0.020 theta omega^2,0.0000000000e+00,0.0000000000e+00,0.0000000000e+00,0.0000000000e+00,0.0000000000e+00,0.0000000000e+00,0.0000000000e+00,0.0000000000e+00,-1.9741857593e-02,0.0000000000e+00
36907,2024-12-30 17:25:00,0.241400,35.166953,24.867377,0.994 omega + 0.068 omega^2 + -0.170 omega^3,0.000,0.0000000000e+00,0.0000000000e+00,0.0000000000e+00,0.0000000000e+00,0.0000000000e+00,0.0000000000e+00,0.0000000000e+00,0.0000000000e+00,0.0000000000e+00,0.0000000000e+00
36908,2024-12-30 17:30:00,0.057498,1.687834,1.194171,0.998 omega + 0.105 omega^2 + -0.011 theta omega^2,0.000,0.0000000000e+00,0.0000000000e+00,0.0000000000e+00,0.0000000000e+00,0.0000000000e+00,0.0000000000e+00,0.0000000000e+00,0.0000000000e+00,0.0000000000e+00,0.0000000000e+00
36909,2024-12-30 17:35:00,0.158008,25.172309,17.799861,1.001 omega + 0.017 omega^2 + 0.048 omega^3,0.000,0.0000000000e+00,0.0000000000e+00,0.0000000000e+00,0.0000000000e+00,0.0000000000e+00,0.0000000000e+00,0.0000000000e+00,0.0000000000e+00,0.0000000000e+00,0.0000000000e+00
36910,2024-12-30 17:40:00,0.133517,11.507552,8.137616,1.004 omega + 0.017 omega^2 + -0.128 omega^3,0.000,0.0000000000e+00,0.0000000000e+00,0.0000000000e+00,0.0000000000e+00,0.0000000000e+00,0.0000000000e+00,0.0000000000e+00,0.0000000000e+00,0.0000000000e+00,0.0000000000e+00
36911,2024-12-30 17:45:00,0.026407,1.221201,0.863721,-0.002 1 + 1.012 omega + -0.005 omega^2 + -0.002 theta omega^2,0.000,0.0000000000e+00,0.0000000000e+00,0.0000000000e+00,0.0000000000e+00,0.0000000000e+00,0.0000000000e+00,0.0000000000e+00,0.0000000000e+00,0.0000000000e+00,0.0000000000e+00
36912,2024-12-30 17:50:00,0.054140,6.533287,4.619890,-0.001 1 + 1.005 omega + -0.012 omega^2,0.000,0.0000000000e+00,0.0000000000e+00,0.0000000000e+00,0.0000000000e+00,0.0000000000e+00,0.0000000000e+00,0.0000000000e+00,0.0000000000e+00,0.0000000000e+00,0.0000000000e+00
36913,2024-12-30 17:55:00,0.068950,5.096150,3.603852,0.990 omega + 0.057 omega^2,0.000,0.0000000000e+00,0.0000000000e+00,0.0000000000e+00,0.0000000000e+00,0.0000000000e+00,0.0000000000e+00,0.0000000000e+00,0.0000000000e+00,0.0000000000e+00,0.0000000000e+00
36914,2024-12-30 18:00:00,0.092571,9.292836,6.571353,0.993 omega + -0.033 omega^2,0.000,0.0000000000e+00,0.0000000000e+00,0.0000000000e+00,0.0000000000e+00,0.0000000000e+00,0.0000000000e+00,0.0000000000e+00,0.0000000000e+00,0.0000000000e+00,0.0000000000e+00
36915,2024-12-30 18:05:00,0.088093,4.798390,3.393546,1.006 omega + -0.004 theta omega^2 + -0.207 omega^3,0.000,0.0000000000e+00,0.0000000000e+00,0.0000000000e+00,0.0000000000e+00,0.0000000000e+00,0.0000000000e+00,0.0000000000e+00,0.0000000000e+00,0.0000000000e+00,0.0000000000e+00
36916,2024-12-30 18:10:00,0.066179,3.939994,2.786389,1.005 omega + -0.004 theta omega + -0.024 omega^2 + 0.001 theta^2 omega,-0.056 theta omega^2,0.0000000000e+00,0.0000000000e+00,0.0000000000e+00,0.0000000000e+00,0.0000000000e+00,0.0000000000e+00,0.0000000000e+00,0.0000000000e+00,-5.5554071135e-02,0.0000000000e+00
36917,2024-12-30 18:15:00,0.138660,14.241541,10.070768,0.988 omega + 0.002 theta omega + 0.111 omega^2 + -0.023 theta omega^2,0.000,0.0000000000e+00,0.0000000000e+00,0.0000000000e+00,0.0000000000e+00,0.0000000000e+00,0.0000000000e+00,0.0000000000e+00,0.0000000000e+00,0.0000000000e+00,0.0000000000e+00
36918,2024-12-30 18:20:00,0.089497,11.809308,8.350682,0.995 omega + -0.002 theta omega,0.000,0.0000000000e+00,0.0000000000e+00,0.0000000000e+00,0.0000000000e+00,0.0000000000e+00,0.0000000000e+00,0.0000000000e+00,0.0000000000e+00,0.0000000000e+00,0.0000000000e+00
36919,2024-12-30 18:25:00,0.056811,2.919803,2.065003,1.005 omega + 0.003 omega^2 + -0.004 theta omega^2,0.000,0.0000000000e+00,0.0000000000e+00,0.0000000000e+00,0.0000000000e+00,0.0000000000e+00,0.0000000000e+00,0.0000000000e+00,0.0000000000e+00,0.0000000000e+00,0.0000000000e+00
36920,2024-12-30 18:30:00,0.075640,8.684135,6.140844,0.999 omega,0.000,0.0000000000e+00,0.0000000000e+00,0.0000000000e+00,0.0000000000e+00,0.0000000000e+00,0.0000000000e+00,0.0000000000e+00,0.0000000000e+00,0.0000000000e+00,0.0000000000e+00
36921,2024-12-30 18:35:00,0.131500,15.849984,11.208017,1.011 omega + 0.061 omega^2,0.000,0.0000000000e+00,0.0000000000e+00,0.0000000000e+00,0.0000000000e+00,0.0000000000e+00,0.0000000000e+00,0.0000000000e+00,0.0000000000e+00,0.0000000000e+00,0.0000000000e+00
36922,2024-12-30 18:40:00,0.130978,17.307813,12.238823,1.002 omega + 0.001 theta omega,0.000,0.0000000000e+00,0.0000000000e+00,0.0000000000e+00,0.0000000000e+00,0.0000000000e+00,0.0000000000e+00,0.0000000000e+00,0.0000000000e+00,0.0000000000e+00,0.0000000000e+00
36923,2024-12-30 18:45:00,0.120704,8.839539,6.251081,1.005 omega + 0.054 omega^2 + -0.436 omega^3,0.000,0.0000000000e+00,0.0000000000e+00,0.0000000000e+00,0.0000000000e+00,0.0000000000e+00,0.0000000000e+00,0.0000000000e+00,0.0000000000e+00,0.0000000000e+00,0.0000000000e+00
36924,2024-12-30 18:50:00,0.123091,15.283871,10.807680,0.991 omega + 0.001 theta omega + -0.002 omega^2,0.000,0.0000000000e+00,0.0000000000e+00,0.0000000000e+00,0.0000000000e+00,0.0000000000e+00,0.0000000000e+00,0.0000000000e+00,0.0000000000e+00,0.0000000000e+00,0.0000000000e+00
36925,2024-12-30 18:55:00,0.092388,5.723933,4.047959,1.005 omega + 0.043 omega^2 + -0.371 omega^3,0.000,0.0000000000e+00,0.0000000000e+00,0.0000000000e+00,0.0000000000e+00,0.0000000000e+00,0.0000000000e+00,0.0000000000e+00,0.0000000000e+00,0.0000000000e+00,0.0000000000e+00
36926,2024-12-30 19:00:00,0.059328,8.256152,5.838132,1.011 omega + 0.076 omega^2 + -0.003 theta omega^2,0.000,0.0000000000e+00,0.0000000000e+00,0.0000000000e+00,0.0000000000e+00,0.0000000000e+00,0.0000000000e+00,0.0000000000e+00,0.0000000000e+00,0.0000000000e+00,0.0000000000e+00
36927,2024-12-30 19:05:00,0.036130,4.704538,3.326709,-0.003 1 + 0.945 omega + -0.232 omega^2 + -0.003 theta omega^2,0.000,0.0000000000e+00,0.0000000000e+00,0.0000000000e+00,0.0000000000e+00,0.0000000000e+00,0.0000000000e+00,0.0000000000e+00,0.0000000000e+00,0.0000000000e+00,0.0000000000e+00
36928,2024-12-30 19:10:00,0.142650,9.730238,6.881057,1.000 omega,0.000,0.0000000000e+00,0.0000000000e+00,0.0000000000e+00,0.0000000000e+00,0.0000000000e+00,0.0000000000e+00,0.0000000000e+00,0.0000000000e+00,0.0000000000e+00,0.0000000000e+00
36929,2024-12-30 19:15:00,0.141868,19.807755,14.006557,0.998 omega + 0.011 omega^2 + -0.001 omega^3,0.000,0.0000000000e+00,0.0000000000e+00,0.0000000000e+00,0.0000000000e+00,0.0000000000e+00,0.0000000000e+00,0.0000000000e+00,0.0000000000e+00,0.0000000000e+00,0.0000000000e+00
36930,2024-12-30 19:20:00,0.093634,8.448962,5.974685,1.002 omega + 0.003 theta omega + -0.008 theta^2 omega,0.000,0.0000000000e+00,0.0000000000e+00,0.0000000000e+00,0.0000000000e+00,0.0000000000e+00,0.0000000000e+00,0.0000000000e+00,0.0000000000e+00,0.0000000000e+00,0.0000000000e+00
36931,2024-12-30 19:25:00,0.051760,5.030250,3.557112,-0.002 1 + 0.964 omega + -0.248 omega^2 + -0.002 theta omega^2,0.000,0.0000000000e+00,0.0000000000e+00,0.0000000000e+00,0.0000000000e+00,0.0000000000e+00,0.0000000000e+00,0.0000000000e+00,0.0000000000e+00,0.0000000000e+00,0.0000000000e+00
36932,2024-12-30 19:30:00,0.074901,2.262297,1.600562,1.001 omega,-0.010 theta omega^2,0.0000000000e+00,0.0000000000e+00,0.0000000000e+00,0.0000000000e+00,0.0000000000e+00,0.0000000000e+00,0.0000000000e+00,0.0000000000e+00,-1.0356516247e-02,0.0000000000e+00
36933,2024-12-30 19:35:00,0.178601,24.632303,17.418127,0.996 omega + -0.064 omega^2 + -0.003 theta omega^2,0.000,0.0000000000e+00,0.0000000000e+00,0.0000000000e+00,0.0000000000e+00,0.0000000000e+00,0.0000000000e+00,0.0000000000e+00,0.0000000000e+00,0.0000000000e+00,0.0000000000e+00
36934,2024-12-30 19:40:00,0.115926,6.665518,4.713946,1.000 omega,0.000,0.0000000000e+00,0.0000000000e+00,0.0000000000e+00,0.0000000000e+00,0.0000000000e+00,0.0000000000e+00,0.0000000000e+00,0.0000000000e+00,0.0000000000e+00,0.0000000000e+00
36935,2024-12-30 19:45:00,0.077483,3.951115,2.794397,1.001 omega + -0.045 omega^2,-0.024 theta omega^2,0.0000000000e+00,0.0000000000e+00,0.0000000000e+00,0.0000000000e+00,0.0000000000e+00,0.0000000000e+00,0.0000000000e+00,0.0000000000e+00,-2.4057395721e-02,0.0000000000e+00
36936,2024-12-30 19:50:00,0.139940,16.232941,11.478849,0.993 omega + -0.025 omega^2,0.000,0.0000000000e+00,0.0000000000e+00,0.0000000000e+00,0.0000000000e+00,0.0000000000e+00,0.0000000000e+00,0.0000000000e+00,0.0000000000e+00,0.0000000000e+00,0.0000000000e+00
36937,2024-12-30 19:55:00,0.176462,20.750888,14.673624,1.001 omega + -0.015 omega^2 + -0.118 omega^3,0.000,0.0000000000e+00,0.0000000000e+00,0.0000000000e+00,0.0000000000e+00,0.0000000000e+00,0.0000000000e+00,0.0000000000e+00,0.0000000000e+00,0.0000000000e+00,0.0000000000e+00
36938,2024-12-30 20:00:00,0.016257,1.615683,1.142518,0.007 1 + 1.073 omega + 0.195 omega^2,0.000,0.0000000000e+00,0.0000000000e+00,0.0000000000e+00,0.0000000000e+00,0.0000000000e+00,0.0000000000e+00,0.0000000000e+00,0.0000000000e+00,0.0000000000e+00,0.0000000000e+00
36939,2024-12-30 20:05:00,0.057347,4.406308,3.115994,0.997 omega + -0.013 omega^2,0.000,0.0000000000e+00,0.0000000000e+00,0.0000000000e+00,0.0000000000e+00,0.0000000000e+00,0.0000000000e+00,0.0000000000e+00,0.0000000000e+00,0.0000000000e+00,0.0000000000e+00
36940,2024-12-30 20:10:00,0.109769,4.324106,3.058590,1.007 omega + -0.001 theta omega,-0.012 theta omega^2,0.0000000000e+00,0.0000000000e+00,0.0000000000e+00,0.0000000000e+00,0.0000000000e+00,0.0000000000e+00,0.0000000000e+00,0.0000000000e+00,-1.1979333357e-02,0.0000000000e+00
36941,2024-12-30 20:15:00,0.094449,14.287732,10.103173,1.000 omega + -0.011 omega^2,0.000,0.0000000000e+00,0.0000000000e+00,0.0000000000e+00,0.0000000000e+00,0.0000000000e+00,0.0000000000e+00,0.0000000000e+00,0.0000000000e+00,0.0000000000e+00,0.0000000000e+00
36942,2024-12-30 20:20:00,0.156807,14.493549,10.249087,1.000 omega,0.000,0.0000000000e+00,0.0000000000e+00,0.0000000000e+00,0.0000000000e+00,0.0000000000e+00,0.0000000000e+00,0.0000000000e+00,0.0000000000e+00,0.0000000000e+00,0.0000000000e+00
36943,2024-12-30 20:25:00,0.203602,21.236236,15.016977,1.018 omega + -0.158 omega^2 + -1.234 omega^3,0.000,0.0000000000e+00,0.0000000000e+00,0.0000000000e+00,0.0000000000e+00,0.0000000000e+00,0.0000000000e+00,0.0000000000e+00,0.0000000000e+00,0.0000000000e+00,0.0000000000e+00
36944,2024-12-30 20:30:00,0.187565,20.906161,14.783483,0.999 omega + 0.004 omega^2,0.000,0.0000000000e+00,0.0000000000e+00,0.0000000000e+00,0.0000000000e+00,0.0000000000e+00,0.0000000000e+00,0.0000000000e+00,0.0000000000e+00,0.0000000000e+00,0.0000000000e+00
36945,2024-12-30 20:35:00,0.152379,20.718206,14.650380,1.004 omega + 0.036 omega^2 + -0.012 theta omega^2 + 0.023 omega^3,0.015 omega + -0.020 theta omega^2,0.0000000000e+00,0.0000000000e+00,1.5248968862e-02,0.0000000000e+00,0.0000000000e+00,0.0000000000e+00,0.0000000000e+00,0.0000000000e+00,-1.9714416321e-02,0.0000000000e+00
36946,2024-12-30 20:40:00,0.085844,5.737650,4.057586,0.998 omega + 0.003 theta omega + -0.015 omega^2 + -0.001 theta^2 omega,0.353 omega^2 + -0.121 theta omega^2,0.0000000000e+00,0.0000000000e+00,0.0000000000e+00,0.0000000000e+00,0.0000000000e+00,3.5309243653e-01,0.0000000000e+00,0.0000000000e+00,-1.2147694888e-01,0.0000000000e+00
36947,2024-12-30 20:45:00,0.057437,6.577216,4.650971,0.996 omega + -0.016 omega^2,0.000,0.0000000000e+00,0.0000000000e+00,0.0000000000e+00,0.0000000000e+00,0.0000000000e+00,0.0000000000e+00,0.0000000000e+00,0.0000000000e+00,0.0000000000e+00,0.0000000000e+00
36948,2024-12-30 20:50:00,0.111000,5.764863,4.077129,0.999 omega,0.000,0.0000000000e+00,0.0000000000e+00,0.0000000000e+00,0.0000000000e+00,0.0000000000e+00,0.0000000000e+00,0.0000000000e+00,0.0000000000e+00,0.0000000000e+00,0.0000000000e+00
36949,2024-12-30 20:55:00,0.061705,4.577861,3.237331,0.972 omega + 0.003 theta omega + 0.522 omega^2 + -0.064 theta omega^2,0.000,0.0000000000e+00,0.0000000000e+00,0.0000000000e+00,0.0000000000e+00,0.0000000000e+00,0.0000000000e+00,0.0000000000e+00,0.0000000000e+00,0.0000000000e+00,0.0000000000e+00
36950,2024-12-30 21:00:00,0.081949,5.749552,4.065960,1.003 omega + -0.014 omega^2,0.000,0.0000000000e+00,0.0000000000e+00,0.0000000000e+00,0.0000000000e+00,0.0000000000e+00,0.0000000000e+00,0.0000000000e+00,0.0000000000e+00,0.0000000000e+00,0.0000000000e+00
36951,2024-12-30 21:05:00,0.100032,7.256183,5.131383,0.996 omega + 0.019 omega^2,0.000,0.0000000000e+00,0.0000000000e+00,0.0000000000e+00,0.0000000000e+00,0.0000000000e+00,0.0000000000e+00,0.0000000000e+00,0.0000000000e+00,0.0000000000e+00,0.0000000000e+00
36952,2024-12-30 21:10:00,0.118316,13.095914,9.260587,1.005 omega + 0.034 omega^2 + 0.013 omega^3,0.000,0.0000000000e+00,0.0000000000e+00,0.0000000000e+00,0.0000000000e+00,0.0000000000e+00,0.0000000000e+00,0.0000000000e+00,0.0000000000e+00,0.0000000000e+00,0.0000000000e+00
36953,2024-12-30 21:15:00,0.041649,4.561683,3.225731,0.001 1 + 0.977 omega + 0.100 omega^2,0.000,0.0000000000e+00,0.0000000000e+00,0.0000000000e+00,0.0000000000e+00,0.0000000000e+00,0.0000000000e+00,0.0000000000e+00,0.0000000000e+00,0.0000000000e+00,0.0000000000e+00
36954,2024-12-30 21:20:00,0.061385,5.603752,3.962689,1.000 omega + 0.009 omega^2,0.000,0.0000000000e+00,0.0000000000e+00,0.0000000000e+00,0.0000000000e+00,0.0000000000e+00,0.0000000000e+00,0.0000000000e+00,0.0000000000e+00,0.0000000000e+00,0.0000000000e+00
36955,2024-12-30 21:25:00,0.080686,7.514806,5.314077,1.007 omega + -0.001 theta omega + -0.018 omega^2,0.000,0.0000000000e+00,0.0000000000e+00,0.0000000000e+00,0.0000000000e+00,0.0000000000e+00,0.0000000000e+00,0.0000000000e+00,0.0000000000e+00,0.0000000000e+00,0.0000000000e+00
36956,2024-12-30 21:30:00,0.173245,26.226627,18.545430,1.003 omega + -0.071 omega^2 + -0.007 theta omega^2 + -0.343 omega^3,0.000,0.0000000000e+00,0.0000000000e+00,0.0000000000e+00,0.0000000000e+00,0.0000000000e+00,0.0000000000e+00,0.0000000000e+00,0.0000000000e+00,0.0000000000e+00,0.0000000000e+00
36957,2024-12-30 21:35:00,0.058203,2.294467,1.622955,1.002 omega + -0.003 theta omega^2,0.000,0.0000000000e+00,0.0000000000e+00,0.0000000000e+00,0.0000000000e+00,0.0000000000e+00,0.0000000000e+00,0.0000000000e+00,0.0000000000e+00,0.0000000000e+00,0.0000000000e+00
36958,2024-12-30 21:40:00,0.042129,3.521818,2.490480,-0.001 1 + 1.021 omega + -0.089 omega^2,0.000,0.0000000000e+00,0.0000000000e+00,0.0000000000e+00,0.0000000000e+00,0.0000000000e+00,0.0000000000e+00,0.0000000000e+00,0.0000000000e+00,0.0000000000e+00,0.0000000000e+00
36959,2024-12-30 21:45:00,0.106765,10.310852,7.291264,0.999 omega + 0.010 omega^2,0.000,0.0000000000e+00,0.0000000000e+00,0.0000000000e+00,0.0000000000e+00,0.0000000000e+00,0.0000000000e+00,0.0000000000e+00,0.0000000000e+00,0.0000000000e+00,0.0000000000e+00
36960,2024-12-30 21:50:00,0.159329,19.953847,14.109950,0.997 omega,0.000,0.0000000000e+00,0.0000000000e+00,0.0000000000e+00,0.0000000000e+00,0.0000000000e+00,0.0000000000e+00,0.0000000000e+00,0.0000000000e+00,0.0000000000e+00,0.0000000000e+00
36961,2024-12-30 21:55:00,0.056996,1.762077,1.246628,0.001 1 + 0.981 omega + 0.122 omega^2 + -0.200 omega^3,0.000,0.0000000000e+00,0.0000000000e+00,0.0000000000e+00,0.0000000000e+00,0.0000000000e+00,0.0000000000e+00,0.0000000000e+00,0.0000000000e+00,0.0000000000e+00,0.0000000000e+00
36962,2024-12-30 22:00:00,0.082405,6.555455,4.635773,0.001 1 + 0.971 omega + 0.155 omega^2 + -0.241 omega^3,0.000,0.0000000000e+00,0.0000000000e+00,0.0000000000e+00,0.0000000000e+00,0.0000000000e+00,0.0000000000e+00,0.0000000000e+00,0.0000000000e+00,0.0000000000e+00,0.0000000000e+00
36963,2024-12-30 22:05:00,0.103802,7.853417,5.553689,1.007 omega + -0.199 omega^3,-0.029 omega^2,0.0000000000e+00,0.0000000000e+00,0.0000000000e+00,0.0000000000e+00,0.0000000000e+00,-2.8968379510e-02,0.0000000000e+00,0.0000000000e+00,0.0000000000e+00,0.0000000000e+00
36964,2024-12-30 22:10:00,0.123864,15.283256,10.807249,0.996 omega + -0.011 omega^2,0.000,0.0000000000e+00,0.0000000000e+00,0.0000000000e+00,0.0000000000e+00,0.0000000000e+00,0.0000000000e+00,0.0000000000e+00,0.0000000000e+00,0.0000000000e+00,0.0000000000e+00
36965,2024-12-30 22:15:00,0.074429,4.326389,3.059672,0.999 omega + -0.005 omega^2,0.000,0.0000000000e+00,0.0000000000e+00,0.0000000000e+00,0.0000000000e+00,0.0000000000e+00,0.0000000000e+00,0.0000000000e+00,0.0000000000e+00,0.0000000000e+00,0.0000000000e+00
36966,2024-12-30 22:20:00,0.181246,20.537317,14.522642,1.009 omega + -0.192 omega^2 + -0.040 theta omega^2 + -1.235 omega^3,0.000,0.0000000000e+00,0.0000000000e+00,0.0000000000e+00,0.0000000000e+00,0.0000000000e+00,0.0000000000e+00,0.0000000000e+00,0.0000000000e+00,0.0000000000e+00,0.0000000000e+00
36967,2024-12-30 22:25:00,0.056052,5.126049,3.624881,0.958 omega + 0.005 theta omega + 0.323 omega^2 + -0.051 theta omega^2,-0.019 theta omega^2,0.0000000000e+00,0.0000000000e+00,0.0000000000e+00,0.0000000000e+00,0.0000000000e+00,0.0000000000e+00,0.0000000000e+00,0.0000000000e+00,-1.9008653574e-02,0.0000000000e+00
36968,2024-12-30 22:30:00,0.108420,7.668384,5.422909,1.008 omega + 0.024 omega^2,0.000,0.0000000000e+00,0.0000000000e+00,0.0000000000e+00,0.0000000000e+00,0.0000000000e+00,0.0000000000e+00,0.0000000000e+00,0.0000000000e+00,0.0000000000e+00,0.0000000000e+00
36969,2024-12-30 22:35:00,0.040438,2.204619,1.559163,-0.009 1 + 0.905 omega + 0.001 theta omega + -0.242 omega^2 + 0.004 theta omega^2,0.000,0.0000000000e+00,0.0000000000e+00,0.0000000000e+00,0.0000000000e+00,0.0000000000e+00,0.0000000000e+00,0.0000000000e+00,0.0000000000e+00,0.0000000000e+00,0.0000000000e+00
36970,2024-12-30 22:40:00,0.085591,7.513798,5.313402,1.000 omega + 0.001 omega^2,0.000,0.0000000000e+00,0.0000000000e+00,0.0000000000e+00,0.0000000000e+00,0.0000000000e+00,0.0000000000e+00,0.0000000000e+00,0.0000000000e+00,0.0000000000e+00,0.0000000000e+00
36971,2024-12-30 22:45:00,0.066543,3.546995,2.508545,1.029 omega + 0.012 theta omega + 0.017 omega^2 + 0.001 theta^2 omega,0.000,0.0000000000e+00,0.0000000000e+00,0.0000000000e+00,0.0000000000e+00,0.0000000000e+00,0.0000000000e+00,0.0000000000e+00,0.0000000000e+00,0.0000000000e+00,0.0000000000e+00
36972,2024-12-30 22:50:00,0.089025,4.508844,3.188855,1.008 omega + -0.009 theta omega^2 + -0.339 omega^3,0.000,0.0000000000e+00,0.0000000000e+00,0.0000000000e+00,0.0000000000e+00,0.0000000000e+00,0.0000000000e+00,0.0000000000e+00,0.0000000000e+00,0.0000000000e+00,0.0000000000e+00
36973,2024-12-30 22:55:00,0.049066,3.085133,2.181795,0.975 omega + 0.004 theta omega + 0.356 omega^2 + -0.066 theta omega^2,-0.014 theta omega^2,0.0000000000e+00,0.0000000000e+00,0.0000000000e+00,0.0000000000e+00,0.0000000000e+00,0.0000000000e+00,0.0000000000e+00,0.0000000000e+00,-1.4019802046e-02,0.0000000000e+00
36974,2024-12-30 23:00:00,0.052911,6.608282,4.672911,1.029 omega + -0.006 theta omega + -0.029 theta omega^2,0.000,0.0000000000e+00,0.0000000000e+00,0.0000000000e+00,0.0000000000e+00,0.0000000000e+00,0.0000000000e+00,0.0000000000e+00,0.0000000000e+00,0.0000000000e+00,0.0000000000e+00
36975,2024-12-30 23:05:00,0.058115,3.624645,2.563341,1.000 omega + -0.002 omega^2,0.000,0.0000000000e+00,0.0000000000e+00,0.0000000000e+00,0.0000000000e+00,0.0000000000e+00,0.0000000000e+00,0.0000000000e+00,0.0000000000e+00,0.0000000000e+00,0.0000000000e+00
36976,2024-12-30 23:10:00,0.160632,25.675454,18.155643,1.001 omega + -0.003 theta omega^2,0.000,0.0000000000e+00,0.0000000000e+00,0.0000000000e+00,0.0000000000e+00,0.0000000000e+00,0.0000000000e+00,0.0000000000e+00,0.0000000000e+00,0.0000000000e+00,0.0000000000e+00
36977,2024-12-30 23:15:00,0.115748,15.158309,10.718855,1.017 omega + -0.069 omega^2 + -0.004 theta omega^2,0.000,0.0000000000e+00,0.0000000000e+00,0.0000000000e+00,0.0000000000e+00,0.0000000000e+00,0.0000000000e+00,0.0000000000e+00,0.0000000000e+00,0.0000000000e+00,0.0000000000e+00
36978,2024-12-30 23:20:00,0.080872,11.930900,8.436614,0.992 omega + 0.014 omega^2 + 0.001 theta omega^2,0.000,0.0000000000e+00,0.0000000000e+00,0.0000000000e+00,0.0000000000e+00,0.0000000000e+00,0.0000000000e+00,0.0000000000e+00,0.0000000000e+00,0.0000000000e+00,0.0000000000e+00
36979,2024-12-30 23:25:00,0.026015,0.992289,0.701896,0.992 omega + 0.001 theta omega + 0.098 omega^2 + -0.007 theta omega^2,0.000,0.0000000000e+00,0.0000000000e+00,0.0000000000e+00,0.0000000000e+00,0.0000000000e+00,0.0000000000e+00,0.0000000000e+00,0.0000000000e+00,0.0000000000e+00,0.0000000000e+00
36980,2024-12-30 23:30:00,0.042325,5.028842,3.556054,0.990 omega + 0.078 omega^2,0.000,0.0000000000e+00,0.0000000000e+00,0.0000000000e+00,0.0000000000e+00,0.0000000000e+00,0.0000000000e+00,0.0000000000e+00,0.0000000000e+00,0.0000000000e+00,0.0000000000e+00
36981,2024-12-30 23:35:00,0.095862,14.210776,10.048765,0.950 omega + 0.006 theta omega + 0.375 omega^2 + -0.051 theta omega^2,0.000,0.0000000000e+00,0.0000000000e+00,0.0000000000e+00,0.0000000000e+00,0.0000000000e+00,0.0000000000e+00,0.0000000000e+00,0.0000000000e+00,0.0000000000e+00,0.0000000000e+00
36982,2024-12-30 23:40:00,0.048589,5.476394,3.872547,1.005 omega + -0.033 omega^2,0.000,0.0000000000e+00,0.0000000000e+00,0.0000000000e+00,0.0000000000e+00,0.0000000000e+00,0.0000000000e+00,0.0000000000e+00,0.0000000000e+00,0.0000000000e+00,0.0000000000e+00
36983,2024-12-30 23:45:00,0.062865,5.982732,4.230664,0.997 omega + 0.030 omega^2 + -0.003 theta omega^2,0.000,0.0000000000e+00,0.0000000000e+00,0.0000000000e+00,0.0000000000e+00,0.0000000000e+00,0.0000000000e+00,0.0000000000e+00,0.0000000000e+00,0.0000000000e+00,0.0000000000e+00
36984,2024-12-30 23:50:00,0.075545,10.589068,7.487792,0.932 omega + 0.011 theta omega + 0.720 omega^2 + -0.119 theta omega^2,0.000,0.0000000000e+00,0.0000000000e+00,0.0000000000e+00,0.0000000000e+00,0.0000000000e+00,0.0000000000e+00,0.0000000000e+00,0.0000000000e+00,0.0000000000e+00,0.0000000000e+00
36985,2024-12-30 23:55:00,0.036471,1.832465,1.296005,1.002 omega + -0.005 omega^2 + -0.001 theta omega^2,0.000,0.0000000000e+00,0.0000000000e+00,0.0000000000e+00,0.0000000000e+00,0.0000000000e+00,0.0000000000e+00,0.0000000000e+00,0.0000000000e+00,0.0000000000e+00,0.0000000000e+00
36986,2024-12-31 00:00:00,0.096469,13.473140,9.527193,0.003 1 + 0.938 omega + 0.446 omega^2 + -1.029 omega^3,0.000,0.0000000000e+00,0.0000000000e+00,0.0000000000e+00,0.0000000000e+00,0.0000000000e+00,0.0000000000e+00,0.0000000000e+00,0.0000000000e+00,0.0000000000e+00,0.0000000000e+00
36987,2024-12-31 00:05:00,0.054912,3.451850,2.441135,-0.001 1 + 1.010 omega + -0.018 omega^2 + -0.001 theta omega^2,0.000,0.0000000000e+00,0.0000000000e+00,0.0000000000e+00,0.0000000000e+00,0.0000000000e+00,0.0000000000e+00,0.0000000000e+00,0.0000000000e+00,0.0000000000e+00,0.0000000000e+00
36988,2024-12-31 00:10:00,0.022694,3.530849,2.496739,-0.041 1 + 1.621 omega + -3.121 omega^2 + 5.191 omega^3,0.000,0.0000000000e+00,0.0000000000e+00,0.0000000000e+00,0.0000000000e+00,0.0000000000e+00,0.0000000000e+00,0.0000000000e+00,0.0000000000e+00,0.0000000000e+00,0.0000000000e+00
36989,2024-12-31 00:15:00,0.117159,12.892646,9.116854,1.003 omega + -0.040 omega^2,0.000,0.0000000000e+00,0.0000000000e+00,0.0000000000e+00,0.0000000000e+00,0.0000000000e+00,0.0000000000e+00,0.0000000000e+00,0.0000000000e+00,0.0000000000e+00,0.0000000000e+00
36990,2024-12-31 00:20:00,0.130783,15.674740,11.084101,1.007 omega + 0.043 omega^2,0.000,0.0000000000e+00,0.0000000000e+00,0.0000000000e+00,0.0000000000e+00,0.0000000000e+00,0.0000000000e+00,0.0000000000e+00,0.0000000000e+00,0.0000000000e+00,0.0000000000e+00
36991,2024-12-31 00:25:00,0.025825,1.167095,0.825463,-0.001 1 + 0.982 omega + -0.061 omega^2,0.000,0.0000000000e+00,0.0000000000e+00,0.0000000000e+00,0.0000000000e+00,0.0000000000e+00,0.0000000000e+00,0.0000000000e+00,0.0000000000e+00,0.0000000000e+00,0.0000000000e+00
36992,2024-12-31 00:30:00,0.054823,7.155677,5.059976,0.004 1 + 1.026 omega + -0.001 theta omega + -0.003 theta omega^2,0.000,0.0000000000e+00,0.0000000000e+00,0.0000000000e+00,0.0000000000e+00,0.0000000000e+00,0.0000000000e+00,0.0000000000e+00,0.0000000000e+00,0.0000000000e+00,0.0000000000e+00
36993,2024-12-31 00:35:00,0.057251,3.810667,2.694853,1.002 omega + 0.009 omega^2,0.000,0.0000000000e+00,0.0000000000e+00,0.0000000000e+00,0.0000000000e+00,0.0000000000e+00,0.0000000000e+00,0.0000000000e+00,0.0000000000e+00,0.0000000000e+00,0.0000000000e+00
36994,2024-12-31 00:40:00,0.079403,6.594913,4.663646,0.997 omega + -0.075 omega^2 + -0.004 theta omega^2,0.000,0.0000000000e+00,0.0000000000e+00,0.0000000000e+00,0.0000000000e+00,0.0000000000e+00,0.0000000000e+00,0.0000000000e+00,0.0000000000e+00,0.0000000000e+00,0.0000000000e+00
36995,2024-12-31 00:45:00,0.097975,12.879676,9.107569,1.005 omega + 0.056 omega^2 + 0.090 omega^3,0.000,0.0000000000e+00,0.0000000000e+00,0.0000000000e+00,0.0000000000e+00,0.0000000000e+00,0.0000000000e+00,0.0000000000e+00,0.0000000000e+00,0.0000000000e+00,0.0000000000e+00
36996,2024-12-31 00:50:00,0.050099,3.189531,2.255617,0.002 1 + 0.957 omega + 0.270 omega^2 + -0.527 omega^3,0.000,0.0000000000e+00,0.0000000000e+00,0.0000000000e+00,0.0000000000e+00,0.0000000000e+00,0.0000000000e+00,0.0000000000e+00,0.0000000000e+00,0.0000000000e+00,0.0000000000e+00
36997,2024-12-31 00:55:00,0.064728,5.853848,4.139548,1.011 omega + -0.001 theta omega + -0.033 omega^2 + -0.004 theta omega^2,-0.014 theta omega^2,0.0000000000e+00,0.0000000000e+00,0.0000000000e+00,0.0000000000e+00,0.0000000000e+00,0.0000000000e+00,0.0000000000e+00,0.0000000000e+00,-1.4132382765e-02,0.0000000000e+00
36998,2024-12-31 01:00:00,0.052528,2.415243,1.708238,1.001 omega + -0.001 theta omega,0.000,0.0000000000e+00,0.0000000000e+00,0.0000000000e+00,0.0000000000e+00,0.0000000000e+00,0.0000000000e+00,0.0000000000e+00,0.0000000000e+00,0.0000000000e+00,0.0000000000e+00
36999,2024-12-31 01:05:00,0.066899,11.016594,7.790052,0.006 1 + 1.170 omega + 0.001 theta omega + 1.246 omega^2 + 0.005 theta omega^2 + 2.727 omega^3,0.000,0.0000000000e+00,0.0000000000e+00,0.0000000000e+00,0.0000000000e+00,0.0000000000e+00,0.0000000000e+00,0.0000000000e+00,0.0000000000e+00,0.0000000000e+00,0.0000000000e+00
