Chunk_Index,Chunk_Start_Time,Sim_RMSE_Omega,Sim_RMSE_Theta,Sim_RMSE_Total,Eq_Theta,Eq_Omega,Coeff_Const,Coeff_Theta,Coeff_Omega,Coeff_Theta2,Coeff_ThetaOmega,Coeff_Omega2,Coeff_Theta3,Coeff_Theta2Omega,Coeff_ThetaOmega2,Coeff_Omega3
32000,2024-12-10 20:00:00,0.050008,3.910018,2.765026,0.001 1 + 0.977 omega + 0.083 omega^2,0.000,0.0000000000e+00,0.0000000000e+00,0.0000000000e+00,0.0000000000e+00,0.0000000000e+00,0.0000000000e+00,0.0000000000e+00,0.0000000000e+00,0.0000000000e+00,0.0000000000e+00
32001,2024-12-10 20:05:00,0.159153,25.187725,17.810767,0.997 omega + -0.088 omega^2 + -0.006 theta omega^2,0.000,0.0000000000e+00,0.0000000000e+00,0.0000000000e+00,0.0000000000e+00,0.0000000000e+00,0.0000000000e+00,0.0000000000e+00,0.0000000000e+00,0.0000000000e+00,0.0000000000e+00
32002,2024-12-10 20:10:00,0.095473,13.163845,9.308489,0.999 omega,0.000,0.0000000000e+00,0.0000000000e+00,0.0000000000e+00,0.0000000000e+00,0.0000000000e+00,0.0000000000e+00,0.0000000000e+00,0.0000000000e+00,0.0000000000e+00,0.0000000000e+00
32003,2024-12-10 20:15:00,0.098975,9.935104,7.025528,1.003 omega + 0.001 theta omega + -0.007 theta omega^2,0.000,0.0000000000e+00,0.0000000000e+00,0.0000000000e+00,0.0000000000e+00,0.0000000000e+00,0.0000000000e+00,0.0000000000e+00,0.0000000000e+00,0.0000000000e+00,0.0000000000e+00
32004,2024-12-10 20:20:00,0.193330,26.890775,19.015141,1.006 omega + -0.088 omega^2 + -0.003 theta omega^2 + -0.512 omega^3,0.000,0.0000000000e+00,0.0000000000e+00,0.0000000000e+00,0.0000000000e+00,0.0000000000e+00,0.0000000000e+00,0.0000000000e+00,0.0000000000e+00,0.0000000000e+00,0.0000000000e+00
32005,2024-12-10 20:25:00,0.289218,44.160034,31.226529,0.998 omega + 0.077 omega^2 + -0.281 omega^3,0.000,0.0000000000e+00,0.0000000000e+00,0.0000000000e+00,0.0000000000e+00,0.0000000000e+00,0.0000000000e+00,0.0000000000e+00,0.0000000000e+00,0.0000000000e+00,0.0000000000e+00
32006,2024-12-10 20:30:00,0.263219,34.143082,24.143522,0.999 omega + -0.031 omega^3,0.000,0.0000000000e+00,0.0000000000e+00,0.0000000000e+00,0.0000000000e+00,0.0000000000e+00,0.0000000000e+00,0.0000000000e+00,0.0000000000e+00,0.0000000000e+00,0.0000000000e+00
32007,2024-12-10 20:35:00,0.149832,20.191598,14.278009,1.011 omega + 0.001 theta omega + -0.015 omega^2 + -0.523 omega^3,0.000,0.0000000000e+00,0.0000000000e+00,0.0000000000e+00,0.0000000000e+00,0.0000000000e+00,0.0000000000e+00,0.0000000000e+00,0.0000000000e+00,0.0000000000e+00,0.0000000000e+00
32008,2024-12-10 20:40:00,0.034435,2.320872,1.641285,1.006 omega + 0.017 omega^2 + 0.001 theta omega^2,0.000,0.0000000000e+00,0.0000000000e+00,0.0000000000e+00,0.0000000000e+00,0.0000000000e+00,0.0000000000e+00,0.0000000000e+00,0.0000000000e+00,0.0000000000e+00,0.0000000000e+00
32009,2024-12-10 20:45:00,0.089502,14.439361,10.210366,1.000 omega + 0.056 omega^2 + -0.026 theta omega^2,-0.030 theta omega^2,0.0000000000e+00,0.0000000000e+00,0.0000000000e+00,0.0000000000e+00,0.0000000000e+00,0.0000000000e+00,0.0000000000e+00,0.0000000000e+00,-2.9702106347e-02,0.0000000000e+00
32010,2024-12-10 20:50:00,0.061502,6.520306,4.610758,1.003 omega + 0.003 theta omega + -0.006 omega^2,-0.082 theta omega^2,0.0000000000e+00,0.0000000000e+00,0.0000000000e+00,0.0000000000e+00,0.0000000000e+00,0.0000000000e+00,0.0000000000e+00,0.0000000000e+00,-8.2100696210e-02,0.0000000000e+00
32011,2024-12-10 20:55:00,0.080310,9.330199,6.597692,0.999 omega,0.000,0.0000000000e+00,0.0000000000e+00,0.0000000000e+00,0.0000000000e+00,0.0000000000e+00,0.0000000000e+00,0.0000000000e+00,0.0000000000e+00,0.0000000000e+00,0.0000000000e+00
32012,2024-12-10 21:00:00,0.059137,2.772171,1.960667,1.008 omega + 0.001 theta omega,0.000,0.0000000000e+00,0.0000000000e+00,0.0000000000e+00,0.0000000000e+00,0.0000000000e+00,0.0000000000e+00,0.0000000000e+00,0.0000000000e+00,0.0000000000e+00,0.0000000000e+00
32013,2024-12-10 21:05:00,0.123958,19.600415,13.859863,1.001 omega + -0.001 theta omega + -0.001 omega^2 + 0.001 theta omega^2,0.000,0.0000000000e+00,0.0000000000e+00,0.0000000000e+00,0.0000000000e+00,0.0000000000e+00,0.0000000000e+00,0.0000000000e+00,0.0000000000e+00,0.0000000000e+00,0.0000000000e+00
32014,2024-12-10 21:10:00,0.127134,20.175038,14.266190,0.999 omega + 0.017 omega^2 + -0.013 theta omega^2 + 0.094 omega^3,0.000,0.0000000000e+00,0.0000000000e+00,0.0000000000e+00,0.0000000000e+00,0.0000000000e+00,0.0000000000e+00,0.0000000000e+00,0.0000000000e+00,0.0000000000e+00,0.0000000000e+00
32015,2024-12-10 21:15:00,0.151957,18.145945,12.831571,1.007 omega + 0.075 omega^2 + -0.002 theta omega^2 + -0.612 omega^3,0.000,0.0000000000e+00,0.0000000000e+00,0.0000000000e+00,0.0000000000e+00,0.0000000000e+00,0.0000000000e+00,0.0000000000e+00,0.0000000000e+00,0.0000000000e+00,0.0000000000e+00
32016,2024-12-10 21:20:00,0.083916,11.927293,8.434079,-0.032 1 + 1.525 omega + -2.714 omega^2 + 4.503 omega^3,0.000,0.0000000000e+00,0.0000000000e+00,0.0000000000e+00,0.0000000000e+00,0.0000000000e+00,0.0000000000e+00,0.0000000000e+00,0.0000000000e+00,0.0000000000e+00,0.0000000000e+00
32017,2024-12-10 21:25:00,0.051127,3.859513,2.729327,1.001 omega + -0.002 omega^2,0.000,0.0000000000e+00,0.0000000000e+00,0.0000000000e+00,0.0000000000e+00,0.0000000000e+00,0.0000000000e+00,0.0000000000e+00,0.0000000000e+00,0.0000000000e+00,0.0000000000e+00
32018,2024-12-10 21:30:00,0.078641,4.333100,3.064469,0.995 omega + 0.147 omega^2 + -0.006 theta omega^2 + -0.239 omega^3,0.000,0.0000000000e+00,0.0000000000e+00,0.0000000000e+00,0.0000000000e+00,0.0000000000e+00,0.0000000000e+00,0.0000000000e+00,0.0000000000e+00,0.0000000000e+00,0.0000000000e+00
32019,2024-12-10 21:35:00,0.067280,6.127161,4.332818,1.002 omega + 0.016 omega^2,-0.047 theta omega^2,0.0000000000e+00,0.0000000000e+00,0.0000000000e+00,0.0000000000e+00,0.0000000000e+00,0.0000000000e+00,0.0000000000e+00,0.0000000000e+00,-4.6816654525e-02,0.0000000000e+00
32020,2024-12-10 21:40:00,0.117404,12.376550,8.751936,0.996 omega + 0.001 omega^2,0.000,0.0000000000e+00,0.0000000000e+00,0.0000000000e+00,0.0000000000e+00,0.0000000000e+00,0.0000000000e+00,0.0000000000e+00,0.0000000000e+00,0.0000000000e+00,0.0000000000e+00
32021,2024-12-10 21:45:00,0.116795,11.394540,8.057580,0.991 omega + 0.002 theta omega + -0.006 theta omega^2,0.000,0.0000000000e+00,0.0000000000e+00,0.0000000000e+00,0.0000000000e+00,0.0000000000e+00,0.0000000000e+00,0.0000000000e+00,0.0000000000e+00,0.0000000000e+00,0.0000000000e+00
32022,2024-12-10 21:50:00,0.044361,1.810212,1.280397,1.004 omega + -0.004 theta omega^2,0.000,0.0000000000e+00,0.0000000000e+00,0.0000000000e+00,0.0000000000e+00,0.0000000000e+00,0.0000000000e+00,0.0000000000e+00,0.0000000000e+00,0.0000000000e+00,0.0000000000e+00
32023,2024-12-10 21:55:00,0.173170,26.700353,18.880398,1.005 omega + -0.006 omega^2 + -0.146 omega^3,0.000,0.0000000000e+00,0.0000000000e+00,0.0000000000e+00,0.0000000000e+00,0.0000000000e+00,0.0000000000e+00,0.0000000000e+00,0.0000000000e+00,0.0000000000e+00,0.0000000000e+00
32024,2024-12-10 22:00:00,0.124267,19.279951,13.633267,1.000 omega + -0.025 theta omega^2,0.000,0.0000000000e+00,0.0000000000e+00,0.0000000000e+00,0.0000000000e+00,0.0000000000e+00,0.0000000000e+00,0.0000000000e+00,0.0000000000e+00,0.0000000000e+00,0.0000000000e+00
32025,2024-12-10 22:05:00,0.093963,10.730820,7.588127,1.012 omega + -0.121 omega^2 + -0.025 theta omega^2 + -1.421 omega^3,0.000,0.0000000000e+00,0.0000000000e+00,0.0000000000e+00,0.0000000000e+00,0.0000000000e+00,0.0000000000e+00,0.0000000000e+00,0.0000000000e+00,0.0000000000e+00,0.0000000000e+00
32026,2024-12-10 22:10:00,0.166903,21.354199,15.100160,1.000 omega + 0.033 omega^2 + -0.002 theta omega^2,0.000,0.0000000000e+00,0.0000000000e+00,0.0000000000e+00,0.0000000000e+00,0.0000000000e+00,0.0000000000e+00,0.0000000000e+00,0.0000000000e+00,0.0000000000e+00,0.0000000000e+00
32027,2024-12-10 22:15:00,0.135514,15.959989,11.285823,1.006 omega + -0.003 theta omega + -0.037 omega^2 + -0.001 theta^2 omega + -0.059 theta omega^2,0.000,0.0000000000e+00,0.0000000000e+00,0.0000000000e+00,0.0000000000e+00,0.0000000000e+00,0.0000000000e+00,0.0000000000e+00,0.0000000000e+00,0.0000000000e+00,0.0000000000e+00
32028,2024-12-10 22:20:00,0.131502,12.389245,8.761013,1.002 omega + -0.033 omega^2,0.000,0.0000000000e+00,0.0000000000e+00,0.0000000000e+00,0.0000000000e+00,0.0000000000e+00,0.0000000000e+00,0.0000000000e+00,0.0000000000e+00,0.0000000000e+00,0.0000000000e+00
32029,2024-12-10 22:25:00,0.069499,6.806348,4.813066,1.002 omega,0.000,0.0000000000e+00,0.0000000000e+00,0.0000000000e+00,0.0000000000e+00,0.0000000000e+00,0.0000000000e+00,0.0000000000e+00,0.0000000000e+00,0.0000000000e+00,0.0000000000e+00
32030,2024-12-10 22:30:00,0.112455,7.599885,5.374518,1.000 omega,0.000,0.0000000000e+00,0.0000000000e+00,0.0000000000e+00,0.0000000000e+00,0.0000000000e+00,0.0000000000e+00,0.0000000000e+00,0.0000000000e+00,0.0000000000e+00,0.0000000000e+00
32031,2024-12-10 22:35:00,0.051841,3.148823,2.226856,1.005 omega + 0.001 theta omega + 0.014 omega^2 + -0.002 theta omega^2,0.000,0.0000000000e+00,0.0000000000e+00,0.0000000000e+00,0.0000000000e+00,0.0000000000e+00,0.0000000000e+00,0.0000000000e+00,0.0000000000e+00,0.0000000000e+00,0.0000000000e+00
32032,2024-12-10 22:40:00,0.086120,14.707106,10.399672,0.998 omega,0.000,0.0000000000e+00,0.0000000000e+00,0.0000000000e+00,0.0000000000e+00,0.0000000000e+00,0.0000000000e+00,0.0000000000e+00,0.0000000000e+00,0.0000000000e+00,0.0000000000e+00
32033,2024-12-10 22:45:00,0.108073,7.222621,5.107736,1.004 omega + -0.019 omega^2,0.000,0.0000000000e+00,0.0000000000e+00,0.0000000000e+00,0.0000000000e+00,0.0000000000e+00,0.0000000000e+00,0.0000000000e+00,0.0000000000e+00,0.0000000000e+00,0.0000000000e+00
32034,2024-12-10 22:50:00,0.201322,28.064850,19.845356,0.998 omega + -0.004 theta omega^2 + 0.246 omega^3,0.000,0.0000000000e+00,0.0000000000e+00,0.0000000000e+00,0.0000000000e+00,0.0000000000e+00,0.0000000000e+00,0.0000000000e+00,0.0000000000e+00,0.0000000000e+00,0.0000000000e+00
32035,2024-12-10 22:55:00,0.068444,9.515986,6.728992,1.001 omega + -0.001 theta omega + -0.010 theta omega^2,0.000,0.0000000000e+00,0.0000000000e+00,0.0000000000e+00,0.0000000000e+00,0.0000000000e+00,0.0000000000e+00,0.0000000000e+00,0.0000000000e+00,0.0000000000e+00,0.0000000000e+00
32036,2024-12-10 23:00:00,0.076445,6.705456,4.741782,1.000 omega,-0.021 theta omega^2,0.0000000000e+00,0.0000000000e+00,0.0000000000e+00,0.0000000000e+00,0.0000000000e+00,0.0000000000e+00,0.0000000000e+00,0.0000000000e+00,-2.1020231841e-02,0.0000000000e+00
32037,2024-12-10 23:05:00,0.041804,3.978113,2.813106,0.989 omega + -0.011 theta omega + -0.002 theta^2 omega,0.000,0.0000000000e+00,0.0000000000e+00,0.0000000000e+00,0.0000000000e+00,0.0000000000e+00,0.0000000000e+00,0.0000000000e+00,0.0000000000e+00,0.0000000000e+00,0.0000000000e+00
32038,2024-12-10 23:10:00,0.083902,11.765596,8.319744,1.005 omega + 0.029 omega^2 + -0.005 theta omega^2,0.000,0.0000000000e+00,0.0000000000e+00,0.0000000000e+00,0.0000000000e+00,0.0000000000e+00,0.0000000000e+00,0.0000000000e+00,0.0000000000e+00,0.0000000000e+00,0.0000000000e+00
32039,2024-12-10 23:15:00,0.104206,13.699095,9.687003,1.005 omega + -0.001 theta omega,0.000,0.0000000000e+00,0.0000000000e+00,0.0000000000e+00,0.0000000000e+00,0.0000000000e+00,0.0000000000e+00,0.0000000000e+00,0.0000000000e+00,0.0000000000e+00,0.0000000000e+00
32040,2024-12-10 23:20:00,0.091490,4.250494,3.006249,1.012 omega + -0.045 omega^2 + -0.875 omega^3,-0.015 theta omega^2,0.0000000000e+00,0.0000000000e+00,0.0000000000e+00,0.0000000000e+00,0.0000000000e+00,0.0000000000e+00,0.0000000000e+00,0.0000000000e+00,-1.4945258142e-02,0.0000000000e+00
32041,2024-12-10 23:25:00,0.118067,10.253966,7.251130,0.997 omega + -0.011 omega^2,0.000,0.0000000000e+00,0.0000000000e+00,0.0000000000e+00,0.0000000000e+00,0.0000000000e+00,0.0000000000e+00,0.0000000000e+00,0.0000000000e+00,0.0000000000e+00,0.0000000000e+00
32042,2024-12-10 23:30:00,0.032070,2.487329,1.758953,0.002 1 + 1.039 omega + 0.180 omega^2 + 0.001 theta omega^2,0.000,0.0000000000e+00,0.0000000000e+00,0.0000000000e+00,0.0000000000e+00,0.0000000000e+00,0.0000000000e+00,0.0000000000e+00,0.0000000000e+00,0.0000000000e+00,0.0000000000e+00
32043,2024-12-10 23:35:00,0.086362,11.084913,7.838455,0.994 omega + -0.007 omega^2 + 0.001 theta omega^2,0.000,0.0000000000e+00,0.0000000000e+00,0.0000000000e+00,0.0000000000e+00,0.0000000000e+00,0.0000000000e+00,0.0000000000e+00,0.0000000000e+00,0.0000000000e+00,0.0000000000e+00
32044,2024-12-10 23:40:00,0.065626,7.220219,5.105676,0.995 omega + -0.057 omega^2 + -0.003 theta omega^2,0.000,0.0000000000e+00,0.0000000000e+00,0.0000000000e+00,0.0000000000e+00,0.0000000000e+00,0.0000000000e+00,0.0000000000e+00,0.0000000000e+00,0.0000000000e+00,0.0000000000e+00
32045,2024-12-10 23:45:00,0.095231,4.999713,3.535972,1.003 omega + -0.012 omega^2 + -0.006 theta omega^2,0.000,0.0000000000e+00,0.0000000000e+00,0.0000000000e+00,0.0000000000e+00,0.0000000000e+00,0.0000000000e+00,0.0000000000e+00,0.0000000000e+00,0.0000000000e+00,0.0000000000e+00
32046,2024-12-10 23:50:00,0.069480,3.762437,2.660898,0.983 omega + -0.125 omega^2,0.000,0.0000000000e+00,0.0000000000e+00,0.0000000000e+00,0.0000000000e+00,0.0000000000e+00,0.0000000000e+00,0.0000000000e+00,0.0000000000e+00,0.0000000000e+00,0.0000000000e+00
32047,2024-12-10 23:55:00,0.057098,2.177745,1.540427,1.039 omega + -0.015 theta omega + -0.017 omega^2 + 0.001 theta^2 omega,0.000,0.0000000000e+00,0.0000000000e+00,0.0000000000e+00,0.0000000000e+00,0.0000000000e+00,0.0000000000e+00,0.0000000000e+00,0.0000000000e+00,0.0000000000e+00,0.0000000000e+00
32048,2024-12-11 00:00:00,0.093329,12.175446,8.609593,0.003 1 + 0.882 omega + 0.002 theta omega + 0.681 omega^2 + -0.012 theta omega^2 + -0.938 omega^3,0.000,0.0000000000e+00,0.0000000000e+00,0.0000000000e+00,0.0000000000e+00,0.0000000000e+00,0.0000000000e+00,0.0000000000e+00,0.0000000000e+00,0.0000000000e+00,0.0000000000e+00
32049,2024-12-11 00:05:00,0.080742,2.883376,2.039654,0.999 omega + 0.005 omega^2,0.000,0.0000000000e+00,0.0000000000e+00,0.0000000000e+00,0.0000000000e+00,0.0000000000e+00,0.0000000000e+00,0.0000000000e+00,0.0000000000e+00,0.0000000000e+00,0.0000000000e+00
32050,2024-12-11 00:10:00,0.147543,22.599714,15.980751,0.998 omega + -0.049 omega^2 + -0.004 theta omega^2,0.000,0.0000000000e+00,0.0000000000e+00,0.0000000000e+00,0.0000000000e+00,0.0000000000e+00,0.0000000000e+00,0.0000000000e+00,0.0000000000e+00,0.0000000000e+00,0.0000000000e+00
32051,2024-12-11 00:15:00,0.061421,5.587559,3.951239,1.010 omega + 0.003 theta omega + -0.055 omega^2 + -0.001 theta^2 omega + -0.072 theta omega^2,0.000,0.0000000000e+00,0.0000000000e+00,0.0000000000e+00,0.0000000000e+00,0.0000000000e+00,0.0000000000e+00,0.0000000000e+00,0.0000000000e+00,0.0000000000e+00,0.0000000000e+00
32052,2024-12-11 00:20:00,0.062143,9.265762,6.552031,1.004 omega + -0.002 omega^2 + 0.001 theta omega^2,0.000,0.0000000000e+00,0.0000000000e+00,0.0000000000e+00,0.0000000000e+00,0.0000000000e+00,0.0000000000e+00,0.0000000000e+00,0.0000000000e+00,0.0000000000e+00,0.0000000000e+00
32053,2024-12-11 00:25:00,0.039858,4.067775,2.876489,1.019 omega + -0.004 theta omega + 0.076 omega^2 + -0.102 theta omega^2,0.000,0.0000000000e+00,0.0000000000e+00,0.0000000000e+00,0.0000000000e+00,0.0000000000e+00,0.0000000000e+00,0.0000000000e+00,0.0000000000e+00,0.0000000000e+00,0.0000000000e+00
32054,2024-12-11 00:30:00,0.071157,10.717137,7.578327,1.005 omega + 0.008 omega^2 + -0.009 theta omega^2,0.000,0.0000000000e+00,0.0000000000e+00,0.0000000000e+00,0.0000000000e+00,0.0000000000e+00,0.0000000000e+00,0.0000000000e+00,0.0000000000e+00,0.0000000000e+00,0.0000000000e+00
32055,2024-12-11 00:35:00,0.059331,7.786040,5.505722,1.006 omega + 0.007 theta omega + -0.072 omega^2 + -0.001 theta^2 omega,0.000,0.0000000000e+00,0.0000000000e+00,0.0000000000e+00,0.0000000000e+00,0.0000000000e+00,0.0000000000e+00,0.0000000000e+00,0.0000000000e+00,0.0000000000e+00,0.0000000000e+00
32056,2024-12-11 00:40:00,0.067952,6.736301,4.763526,0.999 omega + 0.012 omega^2,-0.067 theta omega^2,0.0000000000e+00,0.0000000000e+00,0.0000000000e+00,0.0000000000e+00,0.0000000000e+00,0.0000000000e+00,0.0000000000e+00,0.0000000000e+00,-6.6556507407e-02,0.0000000000e+00
32057,2024-12-11 00:45:00,0.070071,10.629236,7.516168,1.005 omega + 0.015 omega^2 + -0.006 theta omega^2,0.000,0.0000000000e+00,0.0000000000e+00,0.0000000000e+00,0.0000000000e+00,0.0000000000e+00,0.0000000000e+00,0.0000000000e+00,0.0000000000e+00,0.0000000000e+00,0.0000000000e+00
32058,2024-12-11 00:50:00,0.054996,6.094020,4.309299,1.003 omega + 0.014 omega^2 + -0.004 theta omega^2,0.000,0.0000000000e+00,0.0000000000e+00,0.0000000000e+00,0.0000000000e+00,0.0000000000e+00,0.0000000000e+00,0.0000000000e+00,0.0000000000e+00,0.0000000000e+00,0.0000000000e+00
32059,2024-12-11 00:55:00,0.094265,12.687369,8.971573,1.027 omega + -0.360 omega^2 + 1.206 omega^3,0.000,0.0000000000e+00,0.0000000000e+00,0.0000000000e+00,0.0000000000e+00,0.0000000000e+00,0.0000000000e+00,0.0000000000e+00,0.0000000000e+00,0.0000000000e+00,0.0000000000e+00
32060,2024-12-11 01:00:00,0.034154,1.348805,0.954055,0.001 1 + 0.933 omega + 0.004 theta omega + 0.455 omega^2 + -0.028 theta omega^2,0.000,0.0000000000e+00,0.0000000000e+00,0.0000000000e+00,0.0000000000e+00,0.0000000000e+00,0.0000000000e+00,0.0000000000e+00,0.0000000000e+00,0.0000000000e+00,0.0000000000e+00
32061,2024-12-11 01:05:00,0.049808,6.715270,4.748544,0.001 1 + 0.987 omega + 0.042 omega^2,0.000,0.0000000000e+00,0.0000000000e+00,0.0000000000e+00,0.0000000000e+00,0.0000000000e+00,0.0000000000e+00,0.0000000000e+00,0.0000000000e+00,0.0000000000e+00,0.0000000000e+00
32062,2024-12-11 01:10:00,0.103926,7.006349,4.954782,1.003 omega + -0.024 omega^2 + -0.173 omega^3,-0.011 theta omega^2,0.0000000000e+00,0.0000000000e+00,0.0000000000e+00,0.0000000000e+00,0.0000000000e+00,0.0000000000e+00,0.0000000000e+00,0.0000000000e+00,-1.1071959168e-02,0.0000000000e+00
32063,2024-12-11 01:15:00,0.127357,10.055160,7.110642,0.999 omega,0.000,0.0000000000e+00,0.0000000000e+00,0.0000000000e+00,0.0000000000e+00,0.0000000000e+00,0.0000000000e+00,0.0000000000e+00,0.0000000000e+00,0.0000000000e+00,0.0000000000e+00
32064,2024-12-11 01:20:00,0.079770,12.415974,8.779601,1.002 omega + 0.300 omega^2 + -0.012 theta omega^2 + -1.635 omega^3,0.000,0.0000000000e+00,0.0000000000e+00,0.0000000000e+00,0.0000000000e+00,0.0000000000e+00,0.0000000000e+00,0.0000000000e+00,0.0000000000e+00,0.0000000000e+00,0.0000000000e+00
32065,2024-12-11 01:25:00,0.053594,3.907616,2.763361,0.997 omega + 0.003 theta omega + -0.050 omega^2,-0.026 theta omega^2,0.0000000000e+00,0.0000000000e+00,0.0000000000e+00,0.0000000000e+00,0.0000000000e+00,0.0000000000e+00,0.0000000000e+00,0.0000000000e+00,-2.5671888918e-02,0.0000000000e+00
32066,2024-12-11 01:30:00,0.129528,17.421696,12.319340,0.998 omega + 0.062 omega^2 + -0.003 theta omega^2,0.000,0.0000000000e+00,0.0000000000e+00,0.0000000000e+00,0.0000000000e+00,0.0000000000e+00,0.0000000000e+00,0.0000000000e+00,0.0000000000e+00,0.0000000000e+00,0.0000000000e+00
32067,2024-12-11 01:35:00,0.138674,19.894604,14.067951,1.007 omega + -0.040 omega^2,0.000,0.0000000000e+00,0.0000000000e+00,0.0000000000e+00,0.0000000000e+00,0.0000000000e+00,0.0000000000e+00,0.0000000000e+00,0.0000000000e+00,0.0000000000e+00,0.0000000000e+00
32068,2024-12-11 01:40:00,0.052024,7.899611,5.585990,1.004 omega + -0.044 omega^2,0.000,0.0000000000e+00,0.0000000000e+00,0.0000000000e+00,0.0000000000e+00,0.0000000000e+00,0.0000000000e+00,0.0000000000e+00,0.0000000000e+00,0.0000000000e+00,0.0000000000e+00
32069,2024-12-11 01:45:00,0.053159,6.735697,4.763005,0.989 omega + 0.055 omega^2,0.000,0.0000000000e+00,0.0000000000e+00,0.0000000000e+00,0.0000000000e+00,0.0000000000e+00,0.0000000000e+00,0.0000000000e+00,0.0000000000e+00,0.0000000000e+00,0.0000000000e+00
32070,2024-12-11 01:50:00,0.025999,0.708974,0.501657,0.001 1 + 0.954 omega + 0.002 theta omega + 0.354 omega^2 + -0.016 theta omega^2,0.000,0.0000000000e+00,0.0000000000e+00,0.0000000000e+00,0.0000000000e+00,0.0000000000e+00,0.0000000000e+00,0.0000000000e+00,0.0000000000e+00,0.0000000000e+00,0.0000000000e+00
32071,2024-12-11 01:55:00,0.090130,5.554659,3.928254,1.001 omega + 0.012 omega^2 + -0.003 theta omega^2,0.000,0.0000000000e+00,0.0000000000e+00,0.0000000000e+00,0.0000000000e+00,0.0000000000e+00,0.0000000000e+00,0.0000000000e+00,0.0000000000e+00,0.0000000000e+00,0.0000000000e+00
32072,2024-12-11 02:00:00,0.127300,15.862281,11.216687,0.998 omega + 0.077 omega^2 + -0.006 theta omega^2,0.000,0.0000000000e+00,0.0000000000e+00,0.0000000000e+00,0.0000000000e+00,0.0000000000e+00,0.0000000000e+00,0.0000000000e+00,0.0000000000e+00,0.0000000000e+00,0.0000000000e+00
32073,2024-12-11 02:05:00,0.040780,2.420728,1.711956,0.989 omega + -0.002 theta omega + 0.632 omega^2 + 0.001 theta^2 omega + -0.148 theta omega^2,0.000,0.0000000000e+00,0.0000000000e+00,0.0000000000e+00,0.0000000000e+00,0.0000000000e+00,0.0000000000e+00,0.0000000000e+00,0.0000000000e+00,0.0000000000e+00,0.0000000000e+00
32074,2024-12-11 02:10:00,0.033888,3.224515,2.280202,1.004 omega + 0.050 omega^2 + -0.008 theta omega^2,0.000,0.0000000000e+00,0.0000000000e+00,0.0000000000e+00,0.0000000000e+00,0.0000000000e+00,0.0000000000e+00,0.0000000000e+00,0.0000000000e+00,0.0000000000e+00,0.0000000000e+00
32075,2024-12-11 02:15:00,0.059520,8.284765,5.858365,0.993 omega + 0.001 theta omega + 0.094 omega^2 + -0.011 theta omega^2,0.000,0.0000000000e+00,0.0000000000e+00,0.0000000000e+00,0.0000000000e+00,0.0000000000e+00,0.0000000000e+00,0.0000000000e+00,0.0000000000e+00,0.0000000000e+00,0.0000000000e+00
32076,2024-12-11 02:20:00,0.052812,3.481919,2.462372,-0.001 1 + 1.010 omega + -0.030 omega^2,0.000,0.0000000000e+00,0.0000000000e+00,0.0000000000e+00,0.0000000000e+00,0.0000000000e+00,0.0000000000e+00,0.0000000000e+00,0.0000000000e+00,0.0000000000e+00,0.0000000000e+00
32077,2024-12-11 02:25:00,0.078636,6.087557,4.304912,0.001 1 + 0.920 omega + 0.001 theta omega + 0.377 omega^2 + -0.006 theta omega^2,0.000,0.0000000000e+00,0.0000000000e+00,0.0000000000e+00,0.0000000000e+00,0.0000000000e+00,0.0000000000e+00,0.0000000000e+00,0.0000000000e+00,0.0000000000e+00,0.0000000000e+00
32078,2024-12-11 02:30:00,0.061549,7.711920,5.453325,1.010 omega + -0.049 omega^2,0.000,0.0000000000e+00,0.0000000000e+00,0.0000000000e+00,0.0000000000e+00,0.0000000000e+00,0.0000000000e+00,0.0000000000e+00,0.0000000000e+00,0.0000000000e+00,0.0000000000e+00
32079,2024-12-11 02:35:00,0.028454,1.718964,1.215658,0.001 1 + 0.980 omega + 0.074 omega^2,0.000,0.0000000000e+00,0.0000000000e+00,0.0000000000e+00,0.0000000000e+00,0.0000000000e+00,0.0000000000e+00,0.0000000000e+00,0.0000000000e+00,0.0000000000e+00,0.0000000000e+00
32080,2024-12-11 02:40:00,0.084109,9.928194,7.020545,-0.001 1 + 1.034 omega + -0.145 omega^2,0.000,0.0000000000e+00,0.0000000000e+00,0.0000000000e+00,0.0000000000e+00,0.0000000000e+00,0.0000000000e+00,0.0000000000e+00,0.0000000000e+00,0.0000000000e+00,0.0000000000e+00
32081,2024-12-11 02:45:00,0.009136,0.905897,0.640598,-0.011 1 + 1.120 omega + -0.330 omega^2 + -0.001 theta omega^2,0.000,0.0000000000e+00,0.0000000000e+00,0.0000000000e+00,0.0000000000e+00,0.0000000000e+00,0.0000000000e+00,0.0000000000e+00,0.0000000000e+00,0.0000000000e+00,0.0000000000e+00
32082,2024-12-11 02:50:00,0.066407,9.036721,6.390099,0.001 1 + 0.997 omega,0.000,0.0000000000e+00,0.0000000000e+00,0.0000000000e+00,0.0000000000e+00,0.0000000000e+00,0.0000000000e+00,0.0000000000e+00,0.0000000000e+00,0.0000000000e+00,0.0000000000e+00
32083,2024-12-11 02:55:00,0.077982,6.152426,4.350771,0.993 omega + 0.077 omega^2 + -0.167 omega^3,0.000,0.0000000000e+00,0.0000000000e+00,0.0000000000e+00,0.0000000000e+00,0.0000000000e+00,0.0000000000e+00,0.0000000000e+00,0.0000000000e+00,0.0000000000e+00,0.0000000000e+00
32084,2024-12-11 03:00:00,0.155806,13.062636,9.237336,0.998 omega + 0.047 omega^2 + 0.233 omega^3,0.000,0.0000000000e+00,0.0000000000e+00,0.0000000000e+00,0.0000000000e+00,0.0000000000e+00,0.0000000000e+00,0.0000000000e+00,0.0000000000e+00,0.0000000000e+00,0.0000000000e+00
32085,2024-12-11 03:05:00,0.142129,6.403761,4.529258,1.001 omega,0.000,0.0000000000e+00,0.0000000000e+00,0.0000000000e+00,0.0000000000e+00,0.0000000000e+00,0.0000000000e+00,0.0000000000e+00,0.0000000000e+00,0.0000000000e+00,0.0000000000e+00
32086,2024-12-11 03:10:00,0.158932,13.102588,9.265610,0.999 omega,0.000,0.0000000000e+00,0.0000000000e+00,0.0000000000e+00,0.0000000000e+00,0.0000000000e+00,0.0000000000e+00,0.0000000000e+00,0.0000000000e+00,0.0000000000e+00,0.0000000000e+00
32087,2024-12-11 03:15:00,0.144557,19.105676,13.510139,1.009 omega + -0.051 omega^2,0.000,0.0000000000e+00,0.0000000000e+00,0.0000000000e+00,0.0000000000e+00,0.0000000000e+00,0.0000000000e+00,0.0000000000e+00,0.0000000000e+00,0.0000000000e+00,0.0000000000e+00
32088,2024-12-11 03:20:00,0.110388,12.491291,8.833021,1.001 omega + 0.004 omega^2 + -0.003 theta omega^2,0.000,0.0000000000e+00,0.0000000000e+00,0.0000000000e+00,0.0000000000e+00,0.0000000000e+00,0.0000000000e+00,0.0000000000e+00,0.0000000000e+00,0.0000000000e+00,0.0000000000e+00
32089,2024-12-11 03:25:00,0.073321,7.831844,5.538193,1.000 omega + 0.002 omega^2,0.000,0.0000000000e+00,0.0000000000e+00,0.0000000000e+00,0.0000000000e+00,0.0000000000e+00,0.0000000000e+00,0.0000000000e+00,0.0000000000e+00,0.0000000000e+00,0.0000000000e+00
32090,2024-12-11 03:30:00,0.122450,16.961740,11.994074,0.996 omega + 0.124 omega^2 + -0.011 theta omega^2,0.000,0.0000000000e+00,0.0000000000e+00,0.0000000000e+00,0.0000000000e+00,0.0000000000e+00,0.0000000000e+00,0.0000000000e+00,0.0000000000e+00,0.0000000000e+00,0.0000000000e+00
32091,2024-12-11 03:35:00,0.071500,7.717114,5.457057,1.006 omega + -0.035 omega^2,0.000,0.0000000000e+00,0.0000000000e+00,0.0000000000e+00,0.0000000000e+00,0.0000000000e+00,0.0000000000e+00,0.0000000000e+00,0.0000000000e+00,0.0000000000e+00,0.0000000000e+00
32092,2024-12-11 03:40:00,0.061481,3.658539,2.587343,0.999 omega + 0.001 theta omega + 0.015 omega^2 + -0.008 theta omega^2,0.000,0.0000000000e+00,0.0000000000e+00,0.0000000000e+00,0.0000000000e+00,0.0000000000e+00,0.0000000000e+00,0.0000000000e+00,0.0000000000e+00,0.0000000000e+00,0.0000000000e+00
32093,2024-12-11 03:45:00,0.065643,6.970719,4.929261,-0.001 1 + 1.004 omega + 0.004 omega^2,0.000,0.0000000000e+00,0.0000000000e+00,0.0000000000e+00,0.0000000000e+00,0.0000000000e+00,0.0000000000e+00,0.0000000000e+00,0.0000000000e+00,0.0000000000e+00,0.0000000000e+00
32094,2024-12-11 03:50:00,0.039764,3.982564,2.816238,1.008 omega + -0.007 theta omega + -0.053 omega^2 + 0.001 theta^2 omega,-0.053 theta omega^2,0.0000000000e+00,0.0000000000e+00,0.0000000000e+00,0.0000000000e+00,0.0000000000e+00,0.0000000000e+00,0.0000000000e+00,0.0000000000e+00,-5.2919938342e-02,0.0000000000e+00
32095,2024-12-11 03:55:00,0.085800,14.729176,10.415277,0.010 1 + 1.241 omega + 1.574 omega^2 + 0.001 theta omega^2 + 3.146 omega^3,0.000,0.0000000000e+00,0.0000000000e+00,0.0000000000e+00,0.0000000000e+00,0.0000000000e+00,0.0000000000e+00,0.0000000000e+00,0.0000000000e+00,0.0000000000e+00,0.0000000000e+00
32096,2024-12-11 04:00:00,0.028055,2.219656,1.569659,0.995 omega + -0.016 omega^2,0.000,0.0000000000e+00,0.0000000000e+00,0.0000000000e+00,0.0000000000e+00,0.0000000000e+00,0.0000000000e+00,0.0000000000e+00,0.0000000000e+00,0.0000000000e+00,0.0000000000e+00
32097,2024-12-11 04:05:00,0.067382,10.503088,7.426958,1.001 omega + 0.001 theta omega + -0.023 omega^2,0.000,0.0000000000e+00,0.0000000000e+00,0.0000000000e+00,0.0000000000e+00,0.0000000000e+00,0.0000000000e+00,0.0000000000e+00,0.0000000000e+00,0.0000000000e+00,0.0000000000e+00
32098,2024-12-11 04:10:00,0.118217,16.297350,11.524270,1.004 omega + 0.003 omega^2 + -0.003 theta omega^2,0.000,0.0000000000e+00,0.0000000000e+00,0.0000000000e+00,0.0000000000e+00,0.0000000000e+00,0.0000000000e+00,0.0000000000e+00,0.0000000000e+00,0.0000000000e+00,0.0000000000e+00
32099,2024-12-11 04:15:00,0.170893,26.567341,18.786336,1.001 omega + -0.003 theta omega^2,0.000,0.0000000000e+00,0.0000000000e+00,0.0000000000e+00,0.0000000000e+00,0.0000000000e+00,0.0000000000e+00,0.0000000000e+00,0.0000000000e+00,0.0000000000e+00,0.0000000000e+00
32100,2024-12-11 04:20:00,0.061148,9.718123,6.871887,1.034 omega + -0.002 theta omega + -0.336 omega^2 + 0.018 theta omega^2,0.000,0.0000000000e+00,0.0000000000e+00,0.0000000000e+00,0.0000000000e+00,0.0000000000e+00,0.0000000000e+00,0.0000000000e+00,0.0000000000e+00,0.0000000000e+00,0.0000000000e+00
32101,2024-12-11 04:25:00,0.047481,5.681156,4.017324,1.003 omega + -0.031 omega^2 + -0.006 theta omega^2,0.000,0.0000000000e+00,0.0000000000e+00,0.0000000000e+00,0.0000000000e+00,0.0000000000e+00,0.0000000000e+00,0.0000000000e+00,0.0000000000e+00,0.0000000000e+00,0.0000000000e+00
32102,2024-12-11 04:30:00,0.136459,15.738086,11.128926,0.997 omega,0.000,0.0000000000e+00,0.0000000000e+00,0.0000000000e+00,0.0000000000e+00,0.0000000000e+00,0.0000000000e+00,0.0000000000e+00,0.0000000000e+00,0.0000000000e+00,0.0000000000e+00
32103,2024-12-11 04:35:00,0.123086,11.580002,8.188760,1.021 omega + 0.127 omega^2 + -0.008 theta omega^2 + -1.591 omega^3,0.000,0.0000000000e+00,0.0000000000e+00,0.0000000000e+00,0.0000000000e+00,0.0000000000e+00,0.0000000000e+00,0.0000000000e+00,0.0000000000e+00,0.0000000000e+00,0.0000000000e+00
32104,2024-12-11 04:40:00,0.053628,3.029322,2.142390,1.017 omega + -0.001 theta omega + -0.001 theta^2 omega,0.000,0.0000000000e+00,0.0000000000e+00,0.0000000000e+00,0.0000000000e+00,0.0000000000e+00,0.0000000000e+00,0.0000000000e+00,0.0000000000e+00,0.0000000000e+00,0.0000000000e+00
32105,2024-12-11 04:45:00,0.085316,14.074257,9.952186,0.994 omega + 0.488 omega^2 + -0.012 theta omega^2 + -2.540 omega^3,0.000,0.0000000000e+00,0.0000000000e+00,0.0000000000e+00,0.0000000000e+00,0.0000000000e+00,0.0000000000e+00,0.0000000000e+00,0.0000000000e+00,0.0000000000e+00,0.0000000000e+00
32106,2024-12-11 04:50:00,0.059574,6.475897,4.579344,1.006 omega + -0.001 theta omega,0.000,0.0000000000e+00,0.0000000000e+00,0.0000000000e+00,0.0000000000e+00,0.0000000000e+00,0.0000000000e+00,0.0000000000e+00,0.0000000000e+00,0.0000000000e+00,0.0000000000e+00
32107,2024-12-11 04:55:00,0.090621,12.770519,9.030348,1.008 omega + 0.001 theta omega,0.000,0.0000000000e+00,0.0000000000e+00,0.0000000000e+00,0.0000000000e+00,0.0000000000e+00,0.0000000000e+00,0.0000000000e+00,0.0000000000e+00,0.0000000000e+00,0.0000000000e+00
32108,2024-12-11 05:00:00,0.079514,10.500063,7.424879,0.983 omega + 0.002 theta omega + 0.167 omega^2 + -0.029 theta omega^2,0.000,0.0000000000e+00,0.0000000000e+00,0.0000000000e+00,0.0000000000e+00,0.0000000000e+00,0.0000000000e+00,0.0000000000e+00,0.0000000000e+00,0.0000000000e+00,0.0000000000e+00
32109,2024-12-11 05:05:00,0.066672,10.190384,7.205844,0.999 omega + 0.014 omega^2,0.000,0.0000000000e+00,0.0000000000e+00,0.0000000000e+00,0.0000000000e+00,0.0000000000e+00,0.0000000000e+00,0.0000000000e+00,0.0000000000e+00,0.0000000000e+00,0.0000000000e+00
32110,2024-12-11 05:10:00,0.047422,6.707660,4.743150,0.998 omega + -0.009 omega^2 + 0.001 theta omega^2,0.000,0.0000000000e+00,0.0000000000e+00,0.0000000000e+00,0.0000000000e+00,0.0000000000e+00,0.0000000000e+00,0.0000000000e+00,0.0000000000e+00,0.0000000000e+00,0.0000000000e+00
32111,2024-12-11 05:15:00,0.035920,3.905268,2.761558,0.978 omega + 0.001 theta omega + 0.154 omega^2 + -0.008 theta omega^2,0.000,0.0000000000e+00,0.0000000000e+00,0.0000000000e+00,0.0000000000e+00,0.0000000000e+00,0.0000000000e+00,0.0000000000e+00,0.0000000000e+00,0.0000000000e+00,0.0000000000e+00
32112,2024-12-11 05:20:00,0.098250,9.329657,6.597430,0.998 omega + 0.017 omega^2 + -0.002 theta omega^2,0.000,0.0000000000e+00,0.0000000000e+00,0.0000000000e+00,0.0000000000e+00,0.0000000000e+00,0.0000000000e+00,0.0000000000e+00,0.0000000000e+00,0.0000000000e+00,0.0000000000e+00
32113,2024-12-11 05:25:00,0.045919,6.398886,4.524812,0.999 omega + -0.002 omega^2,0.000,0.0000000000e+00,0.0000000000e+00,0.0000000000e+00,0.0000000000e+00,0.0000000000e+00,0.0000000000e+00,0.0000000000e+00,0.0000000000e+00,0.0000000000e+00,0.0000000000e+00
32114,2024-12-11 05:30:00,0.050514,5.867908,4.149391,1.005 omega + 0.068 omega^2 + -0.008 theta omega^2,0.000,0.0000000000e+00,0.0000000000e+00,0.0000000000e+00,0.0000000000e+00,0.0000000000e+00,0.0000000000e+00,0.0000000000e+00,0.0000000000e+00,0.0000000000e+00,0.0000000000e+00
32115,2024-12-11 05:35:00,0.116332,15.701204,11.102732,1.005 omega + -0.033 omega^2,0.000,0.0000000000e+00,0.0000000000e+00,0.0000000000e+00,0.0000000000e+00,0.0000000000e+00,0.0000000000e+00,0.0000000000e+00,0.0000000000e+00,0.0000000000e+00,0.0000000000e+00
32116,2024-12-11 05:40:00,0.045227,1.600781,1.132375,0.998 omega + 0.079 omega^2 + -0.004 theta omega^2,0.000,0.0000000000e+00,0.0000000000e+00,0.0000000000e+00,0.0000000000e+00,0.0000000000e+00,0.0000000000e+00,0.0000000000e+00,0.0000000000e+00,0.0000000000e+00,0.0000000000e+00
32117,2024-12-11 05:45:00,0.030189,0.987575,0.698647,1.002 omega + 0.001 theta omega + 0.065 omega^2 + -0.010 theta omega^2,0.000,0.0000000000e+00,0.0000000000e+00,0.0000000000e+00,0.0000000000e+00,0.0000000000e+00,0.0000000000e+00,0.0000000000e+00,0.0000000000e+00,0.0000000000e+00,0.0000000000e+00
32118,2024-12-11 05:50:00,0.096231,9.158156,6.476151,1.004 omega + 0.028 omega^2 + -0.394 omega^3,0.045 omega^2 + -0.015 theta omega^2,0.0000000000e+00,0.0000000000e+00,0.0000000000e+00,0.0000000000e+00,0.0000000000e+00,4.4551228827e-02,0.0000000000e+00,0.0000000000e+00,-1.4516436303e-02,0.0000000000e+00
32119,2024-12-11 05:55:00,0.091458,12.230275,8.648352,1.001 omega + -0.001 theta omega + -0.004 theta omega^2,0.000,0.0000000000e+00,0.0000000000e+00,0.0000000000e+00,0.0000000000e+00,0.0000000000e+00,0.0000000000e+00,0.0000000000e+00,0.0000000000e+00,0.0000000000e+00,0.0000000000e+00
32120,2024-12-11 06:00:00,0.045534,4.972859,3.516490,-0.002 1 + 1.018 omega + -0.048 omega^2,0.000,0.0000000000e+00,0.0000000000e+00,0.0000000000e+00,0.0000000000e+00,0.0000000000e+00,0.0000000000e+00,0.0000000000e+00,0.0000000000e+00,0.0000000000e+00,0.0000000000e+00
32121,2024-12-11 06:05:00,0.069582,9.837985,6.956680,1.012 omega + -0.010 theta omega^2,0.000,0.0000000000e+00,0.0000000000e+00,0.0000000000e+00,0.0000000000e+00,0.0000000000e+00,0.0000000000e+00,0.0000000000e+00,0.0000000000e+00,0.0000000000e+00,0.0000000000e+00
32122,2024-12-11 06:10:00,0.048790,5.615858,3.971161,1.002 omega + -0.001 theta omega + 0.067 omega^2,0.000,0.0000000000e+00,0.0000000000e+00,0.0000000000e+00,0.0000000000e+00,0.0000000000e+00,0.0000000000e+00,0.0000000000e+00,0.0000000000e+00,0.0000000000e+00,0.0000000000e+00
32123,2024-12-11 06:15:00,0.194296,29.552115,20.896953,0.991 omega + 0.039 omega^2 + -0.005 theta omega^2 + 0.460 omega^3,0.023 omega^2,0.0000000000e+00,0.0000000000e+00,0.0000000000e+00,0.0000000000e+00,0.0000000000e+00,2.3411998782e-02,0.0000000000e+00,0.0000000000e+00,0.0000000000e+00,0.0000000000e+00
32124,2024-12-11 06:20:00,0.043086,3.575733,2.528608,1.000 omega + 0.005 theta omega + 0.009 omega^2 + 0.002 theta^2 omega,0.000,0.0000000000e+00,0.0000000000e+00,0.0000000000e+00,0.0000000000e+00,0.0000000000e+00,0.0000000000e+00,0.0000000000e+00,0.0000000000e+00,0.0000000000e+00,0.0000000000e+00
32125,2024-12-11 06:25:00,0.072924,8.198426,5.797392,0.999 omega + 0.004 omega^2,0.000,0.0000000000e+00,0.0000000000e+00,0.0000000000e+00,0.0000000000e+00,0.0000000000e+00,0.0000000000e+00,0.0000000000e+00,0.0000000000e+00,0.0000000000e+00,0.0000000000e+00
32126,2024-12-11 06:30:00,0.069266,8.857906,6.263677,0.991 omega + 0.001 theta omega + -0.017 theta omega^2 + 0.561 omega^3,-0.030 theta omega^2,0.0000000000e+00,0.0000000000e+00,0.0000000000e+00,0.0000000000e+00,0.0000000000e+00,0.0000000000e+00,0.0000000000e+00,0.0000000000e+00,-3.0360483357e-02,0.0000000000e+00
32127,2024-12-11 06:35:00,0.056002,3.307621,2.339177,1.008 omega + -0.002 theta omega + -0.008 theta omega^2,0.000,0.0000000000e+00,0.0000000000e+00,0.0000000000e+00,0.0000000000e+00,0.0000000000e+00,0.0000000000e+00,0.0000000000e+00,0.0000000000e+00,0.0000000000e+00,0.0000000000e+00
32128,2024-12-11 06:40:00,0.069635,4.438739,3.139049,0.999 omega,0.000,0.0000000000e+00,0.0000000000e+00,0.0000000000e+00,0.0000000000e+00,0.0000000000e+00,0.0000000000e+00,0.0000000000e+00,0.0000000000e+00,0.0000000000e+00,0.0000000000e+00
32129,2024-12-11 06:45:00,0.083126,9.489579,6.710403,1.009 omega + -0.028 omega^2 + -0.002 theta omega^2,0.000,0.0000000000e+00,0.0000000000e+00,0.0000000000e+00,0.0000000000e+00,0.0000000000e+00,0.0000000000e+00,0.0000000000e+00,0.0000000000e+00,0.0000000000e+00,0.0000000000e+00
32130,2024-12-11 06:50:00,0.055801,3.431521,2.426773,0.989 omega + 0.066 omega^2,0.000,0.0000000000e+00,0.0000000000e+00,0.0000000000e+00,0.0000000000e+00,0.0000000000e+00,0.0000000000e+00,0.0000000000e+00,0.0000000000e+00,0.0000000000e+00,0.0000000000e+00
32131,2024-12-11 06:55:00,0.068680,5.789313,4.093950,0.999 omega + 0.003 theta omega + -0.001 theta^2 omega,-0.016 theta omega^2,0.0000000000e+00,0.0000000000e+00,0.0000000000e+00,0.0000000000e+00,0.0000000000e+00,0.0000000000e+00,0.0000000000e+00,0.0000000000e+00,-1.6404948619e-02,0.0000000000e+00
32132,2024-12-11 07:00:00,0.184971,13.636131,9.643088,0.998 omega + -0.042 omega^2 + 0.179 omega^3,0.000,0.0000000000e+00,0.0000000000e+00,0.0000000000e+00,0.0000000000e+00,0.0000000000e+00,0.0000000000e+00,0.0000000000e+00,0.0000000000e+00,0.0000000000e+00,0.0000000000e+00
32133,2024-12-11 07:05:00,0.234290,36.646152,25.913272,1.006 omega + 0.048 omega^2 + -0.006 theta omega^2 + -0.329 omega^3,0.000,0.0000000000e+00,0.0000000000e+00,0.0000000000e+00,0.0000000000e+00,0.0000000000e+00,0.0000000000e+00,0.0000000000e+00,0.0000000000e+00,0.0000000000e+00,0.0000000000e+00
32134,2024-12-11 07:10:00,0.159275,22.613016,15.990214,1.001 omega + -0.003 theta omega^2,0.000,0.0000000000e+00,0.0000000000e+00,0.0000000000e+00,0.0000000000e+00,0.0000000000e+00,0.0000000000e+00,0.0000000000e+00,0.0000000000e+00,0.0000000000e+00,0.0000000000e+00
32135,2024-12-11 07:15:00,0.075317,10.840350,7.665470,0.947 omega + -0.006 theta omega + -0.481 omega^2 + -0.066 theta omega^2,0.000,0.0000000000e+00,0.0000000000e+00,0.0000000000e+00,0.0000000000e+00,0.0000000000e+00,0.0000000000e+00,0.0000000000e+00,0.0000000000e+00,0.0000000000e+00,0.0000000000e+00
32136,2024-12-11 07:20:00,0.037712,2.633972,1.862691,1.010 omega + 0.002 theta omega + 0.046 omega^2 + 0.016 theta omega^2,0.000,0.0000000000e+00,0.0000000000e+00,0.0000000000e+00,0.0000000000e+00,0.0000000000e+00,0.0000000000e+00,0.0000000000e+00,0.0000000000e+00,0.0000000000e+00,0.0000000000e+00
32137,2024-12-11 07:25:00,0.079631,9.870057,6.979411,1.002 omega + -0.017 omega^2 + -0.003 theta^2 omega,0.000,0.0000000000e+00,0.0000000000e+00,0.0000000000e+00,0.0000000000e+00,0.0000000000e+00,0.0000000000e+00,0.0000000000e+00,0.0000000000e+00,0.0000000000e+00,0.0000000000e+00
32138,2024-12-11 07:30:00,0.055379,6.889556,4.871809,1.000 omega + -0.001 theta omega,0.000,0.0000000000e+00,0.0000000000e+00,0.0000000000e+00,0.0000000000e+00,0.0000000000e+00,0.0000000000e+00,0.0000000000e+00,0.0000000000e+00,0.0000000000e+00,0.0000000000e+00
32139,2024-12-11 07:35:00,0.057932,5.832664,4.124520,0.997 omega + -0.015 theta omega + -0.010 theta^2 omega,0.000,0.0000000000e+00,0.0000000000e+00,0.0000000000e+00,0.0000000000e+00,0.0000000000e+00,0.0000000000e+00,0.0000000000e+00,0.0000000000e+00,0.0000000000e+00,0.0000000000e+00
32140,2024-12-11 07:40:00,0.087771,8.890702,6.286982,1.008 omega + -0.063 omega^2,0.000,0.0000000000e+00,0.0000000000e+00,0.0000000000e+00,0.0000000000e+00,0.0000000000e+00,0.0000000000e+00,0.0000000000e+00,0.0000000000e+00,0.0000000000e+00,0.0000000000e+00
32141,2024-12-11 07:45:00,0.086418,10.900082,7.707764,1.000 omega + 0.038 omega^2,0.000,0.0000000000e+00,0.0000000000e+00,0.0000000000e+00,0.0000000000e+00,0.0000000000e+00,0.0000000000e+00,0.0000000000e+00,0.0000000000e+00,0.0000000000e+00,0.0000000000e+00
32142,2024-12-11 07:50:00,0.084545,5.562842,3.933978,0.991 omega + 0.041 omega^2,0.000,0.0000000000e+00,0.0000000000e+00,0.0000000000e+00,0.0000000000e+00,0.0000000000e+00,0.0000000000e+00,0.0000000000e+00,0.0000000000e+00,0.0000000000e+00,0.0000000000e+00
32143,2024-12-11 07:55:00,0.138990,23.533169,16.640754,0.999 omega + -0.007 theta omega^2,0.000,0.0000000000e+00,0.0000000000e+00,0.0000000000e+00,0.0000000000e+00,0.0000000000e+00,0.0000000000e+00,0.0000000000e+00,0.0000000000e+00,0.0000000000e+00,0.0000000000e+00
32144,2024-12-11 08:00:00,0.043158,4.931514,3.487240,1.000 omega + -0.001 omega^2 + 0.002 theta omega^2,0.000,0.0000000000e+00,0.0000000000e+00,0.0000000000e+00,0.0000000000e+00,0.0000000000e+00,0.0000000000e+00,0.0000000000e+00,0.0000000000e+00,0.0000000000e+00,0.0000000000e+00
32145,2024-12-11 08:05:00,0.091306,5.178511,3.662329,1.005 omega + 0.003 theta omega + -0.047 omega^2 + 0.014 theta omega^2,0.000,0.0000000000e+00,0.0000000000e+00,0.0000000000e+00,0.0000000000e+00,0.0000000000e+00,0.0000000000e+00,0.0000000000e+00,0.0000000000e+00,0.0000000000e+00,0.0000000000e+00
32146,2024-12-11 08:10:00,0.032271,2.144581,1.516620,-0.004 1 + 0.970 omega + -0.063 omega^2 + 0.001 theta omega^2,0.000,0.0000000000e+00,0.0000000000e+00,0.0000000000e+00,0.0000000000e+00,0.0000000000e+00,0.0000000000e+00,0.0000000000e+00,0.0000000000e+00,0.0000000000e+00,0.0000000000e+00
32147,2024-12-11 08:15:00,0.164430,19.654671,13.898438,0.998 omega + 0.032 omega^2,0.000,0.0000000000e+00,0.0000000000e+00,0.0000000000e+00,0.0000000000e+00,0.0000000000e+00,0.0000000000e+00,0.0000000000e+00,0.0000000000e+00,0.0000000000e+00,0.0000000000e+00
32148,2024-12-11 08:20:00,0.141488,19.428121,13.738120,1.003 omega + -0.003 theta omega^2,0.000,0.0000000000e+00,0.0000000000e+00,0.0000000000e+00,0.0000000000e+00,0.0000000000e+00,0.0000000000e+00,0.0000000000e+00,0.0000000000e+00,0.0000000000e+00,0.0000000000e+00
32149,2024-12-11 08:25:00,0.054339,4.835422,3.419376,0.993 omega + -0.001 theta omega + -0.137 omega^2 + -0.019 theta omega^2,0.000,0.0000000000e+00,0.0000000000e+00,0.0000000000e+00,0.0000000000e+00,0.0000000000e+00,0.0000000000e+00,0.0000000000e+00,0.0000000000e+00,0.0000000000e+00,0.0000000000e+00
32150,2024-12-11 08:30:00,0.030885,2.644401,1.870001,0.991 omega + -0.001 theta omega + 0.096 omega^2 + 0.005 theta omega^2,0.000,0.0000000000e+00,0.0000000000e+00,0.0000000000e+00,0.0000000000e+00,0.0000000000e+00,0.0000000000e+00,0.0000000000e+00,0.0000000000e+00,0.0000000000e+00,0.0000000000e+00
32151,2024-12-11 08:35:00,0.079623,11.158721,7.890608,1.008 omega + 0.001 theta omega + 0.029 omega^2,0.000,0.0000000000e+00,0.0000000000e+00,0.0000000000e+00,0.0000000000e+00,0.0000000000e+00,0.0000000000e+00,0.0000000000e+00,0.0000000000e+00,0.0000000000e+00,0.0000000000e+00
32152,2024-12-11 08:40:00,0.065698,8.547325,6.044050,0.996 omega + 0.142 omega^2,0.000,0.0000000000e+00,0.0000000000e+00,0.0000000000e+00,0.0000000000e+00,0.0000000000e+00,0.0000000000e+00,0.0000000000e+00,0.0000000000e+00,0.0000000000e+00,0.0000000000e+00
32153,2024-12-11 08:45:00,0.087980,13.007532,9.197924,0.993 omega + -0.001 theta omega + -0.331 omega^2 + -0.060 theta omega^2,0.000,0.0000000000e+00,0.0000000000e+00,0.0000000000e+00,0.0000000000e+00,0.0000000000e+00,0.0000000000e+00,0.0000000000e+00,0.0000000000e+00,0.0000000000e+00,0.0000000000e+00
32154,2024-12-11 08:50:00,0.047807,4.616202,3.264323,1.012 omega + -0.004 theta omega + 0.199 omega^2 + -0.084 theta omega^2,-0.038 theta omega^2,0.0000000000e+00,0.0000000000e+00,0.0000000000e+00,0.0000000000e+00,0.0000000000e+00,0.0000000000e+00,0.0000000000e+00,0.0000000000e+00,-3.7836127491e-02,0.0000000000e+00
32155,2024-12-11 08:55:00,0.072836,9.163584,6.479837,1.001 omega + 0.001 theta omega + -0.041 omega^2,0.000,0.0000000000e+00,0.0000000000e+00,0.0000000000e+00,0.0000000000e+00,0.0000000000e+00,0.0000000000e+00,0.0000000000e+00,0.0000000000e+00,0.0000000000e+00,0.0000000000e+00
32156,2024-12-11 09:00:00,0.041211,4.106955,2.904202,1.013 omega + -0.002 theta omega,0.000,0.0000000000e+00,0.0000000000e+00,0.0000000000e+00,0.0000000000e+00,0.0000000000e+00,0.0000000000e+00,0.0000000000e+00,0.0000000000e+00,0.0000000000e+00,0.0000000000e+00
32157,2024-12-11 09:05:00,0.128966,19.069088,13.484190,1.005 omega + 0.001 theta omega,0.000,0.0000000000e+00,0.0000000000e+00,0.0000000000e+00,0.0000000000e+00,0.0000000000e+00,0.0000000000e+00,0.0000000000e+00,0.0000000000e+00,0.0000000000e+00,0.0000000000e+00
32158,2024-12-11 09:10:00,0.048175,4.050852,2.864587,1.000 omega + 0.001 theta omega + 0.006 theta omega^2,0.000,0.0000000000e+00,0.0000000000e+00,0.0000000000e+00,0.0000000000e+00,0.0000000000e+00,0.0000000000e+00,0.0000000000e+00,0.0000000000e+00,0.0000000000e+00,0.0000000000e+00
32159,2024-12-11 09:15:00,0.046137,2.627889,1.858484,1.003 omega,0.000,0.0000000000e+00,0.0000000000e+00,0.0000000000e+00,0.0000000000e+00,0.0000000000e+00,0.0000000000e+00,0.0000000000e+00,0.0000000000e+00,0.0000000000e+00,0.0000000000e+00
32160,2024-12-11 09:20:00,0.044848,6.250991,4.420232,1.014 omega + -0.001 theta omega + -0.070 omega^2 + -0.008 theta omega^2,0.000,0.0000000000e+00,0.0000000000e+00,0.0000000000e+00,0.0000000000e+00,0.0000000000e+00,0.0000000000e+00,0.0000000000e+00,0.0000000000e+00,0.0000000000e+00,0.0000000000e+00
32161,2024-12-11 09:25:00,0.039282,2.212487,1.564711,0.984 omega + -0.012 theta omega + -0.429 omega^2 + -0.002 theta^2 omega + -0.143 theta omega^2,0.000,0.0000000000e+00,0.0000000000e+00,0.0000000000e+00,0.0000000000e+00,0.0000000000e+00,0.0000000000e+00,0.0000000000e+00,0.0000000000e+00,0.0000000000e+00,0.0000000000e+00
32162,2024-12-11 09:30:00,0.098672,12.408013,8.774068,0.998 omega + -0.071 omega^2 + -0.017 theta omega^2,0.000,0.0000000000e+00,0.0000000000e+00,0.0000000000e+00,0.0000000000e+00,0.0000000000e+00,0.0000000000e+00,0.0000000000e+00,0.0000000000e+00,0.0000000000e+00,0.0000000000e+00
32163,2024-12-11 09:35:00,0.042523,2.818433,1.993160,1.002 omega + 0.004 theta omega + -0.001 theta^2 omega,0.000,0.0000000000e+00,0.0000000000e+00,0.0000000000e+00,0.0000000000e+00,0.0000000000e+00,0.0000000000e+00,0.0000000000e+00,0.0000000000e+00,0.0000000000e+00,0.0000000000e+00
32164,2024-12-11 09:40:00,0.038455,2.509394,1.774618,1.011 omega + 0.001 theta omega + -0.019 theta omega^2,0.000,0.0000000000e+00,0.0000000000e+00,0.0000000000e+00,0.0000000000e+00,0.0000000000e+00,0.0000000000e+00,0.0000000000e+00,0.0000000000e+00,0.0000000000e+00,0.0000000000e+00
32165,2024-12-11 09:45:00,0.048352,2.738914,1.937006,1.007 omega + -0.013 omega^2 + -0.008 theta omega^2,0.000,0.0000000000e+00,0.0000000000e+00,0.0000000000e+00,0.0000000000e+00,0.0000000000e+00,0.0000000000e+00,0.0000000000e+00,0.0000000000e+00,0.0000000000e+00,0.0000000000e+00
32166,2024-12-11 09:50:00,0.051282,2.509709,1.775002,1.008 omega + -0.001 theta omega,0.000,0.0000000000e+00,0.0000000000e+00,0.0000000000e+00,0.0000000000e+00,0.0000000000e+00,0.0000000000e+00,0.0000000000e+00,0.0000000000e+00,0.0000000000e+00,0.0000000000e+00
32167,2024-12-11 09:55:00,0.013951,1.568064,1.108832,-0.002 1 + 1.034 omega + 0.001 theta omega + -0.126 omega^2 + -0.011 theta omega^2,0.000,0.0000000000e+00,0.0000000000e+00,0.0000000000e+00,0.0000000000e+00,0.0000000000e+00,0.0000000000e+00,0.0000000000e+00,0.0000000000e+00,0.0000000000e+00,0.0000000000e+00
32168,2024-12-11 10:00:00,0.058565,8.395700,5.936801,1.014 omega + -0.002 theta omega + -0.137 omega^2 + 0.017 theta omega^2,0.000,0.0000000000e+00,0.0000000000e+00,0.0000000000e+00,0.0000000000e+00,0.0000000000e+00,0.0000000000e+00,0.0000000000e+00,0.0000000000e+00,0.0000000000e+00,0.0000000000e+00
32169,2024-12-11 10:05:00,0.041085,1.706753,1.207206,1.017 omega + -0.016 theta omega + 0.111 omega^2 + 0.003 theta^2 omega + -0.082 theta omega^2,0.000,0.0000000000e+00,0.0000000000e+00,0.0000000000e+00,0.0000000000e+00,0.0000000000e+00,0.0000000000e+00,0.0000000000e+00,0.0000000000e+00,0.0000000000e+00,0.0000000000e+00
32170,2024-12-11 10:10:00,0.037123,3.420575,2.418854,0.996 omega + 0.001 theta omega + -0.115 omega^2,0.000,0.0000000000e+00,0.0000000000e+00,0.0000000000e+00,0.0000000000e+00,0.0000000000e+00,0.0000000000e+00,0.0000000000e+00,0.0000000000e+00,0.0000000000e+00,0.0000000000e+00
32171,2024-12-11 10:15:00,0.087189,12.142426,8.586213,0.999 omega + -0.002 theta omega + 0.135 omega^2,0.000,0.0000000000e+00,0.0000000000e+00,0.0000000000e+00,0.0000000000e+00,0.0000000000e+00,0.0000000000e+00,0.0000000000e+00,0.0000000000e+00,0.0000000000e+00,0.0000000000e+00
32172,2024-12-11 10:20:00,0.054625,4.577935,3.237319,1.008 omega + -0.006 theta omega + -0.014 omega^2 + 0.001 theta^2 omega,-0.038 theta omega^2,0.0000000000e+00,0.0000000000e+00,0.0000000000e+00,0.0000000000e+00,0.0000000000e+00,0.0000000000e+00,0.0000000000e+00,0.0000000000e+00,-3.8213937881e-02,0.0000000000e+00
32173,2024-12-11 10:25:00,0.174268,22.481621,15.897384,-0.001 1 + 0.991 omega + -0.033 omega^2 + -0.001 theta omega^2,0.000,0.0000000000e+00,0.0000000000e+00,0.0000000000e+00,0.0000000000e+00,0.0000000000e+00,0.0000000000e+00,0.0000000000e+00,0.0000000000e+00,0.0000000000e+00,0.0000000000e+00
32174,2024-12-11 10:30:00,0.162594,19.515658,13.800133,0.998 omega + -0.002 omega^2 + -0.001 theta omega^2,0.000,0.0000000000e+00,0.0000000000e+00,0.0000000000e+00,0.0000000000e+00,0.0000000000e+00,0.0000000000e+00,0.0000000000e+00,0.0000000000e+00,0.0000000000e+00,0.0000000000e+00
32175,2024-12-11 10:35:00,0.047599,6.227197,4.403422,1.001 omega,0.000,0.0000000000e+00,0.0000000000e+00,0.0000000000e+00,0.0000000000e+00,0.0000000000e+00,0.0000000000e+00,0.0000000000e+00,0.0000000000e+00,0.0000000000e+00,0.0000000000e+00
32176,2024-12-11 10:40:00,0.062146,8.472679,5.991250,0.999 omega + -0.130 omega^2 + -0.014 theta omega^2,0.000,0.0000000000e+00,0.0000000000e+00,0.0000000000e+00,0.0000000000e+00,0.0000000000e+00,0.0000000000e+00,0.0000000000e+00,0.0000000000e+00,0.0000000000e+00,0.0000000000e+00
32177,2024-12-11 10:45:00,0.035264,1.104185,0.781175,1.033 omega + -0.013 theta omega + -0.069 omega^2 + 0.001 theta^2 omega + -0.003 theta omega^2,0.000,0.0000000000e+00,0.0000000000e+00,0.0000000000e+00,0.0000000000e+00,0.0000000000e+00,0.0000000000e+00,0.0000000000e+00,0.0000000000e+00,0.0000000000e+00,0.0000000000e+00
32178,2024-12-11 10:50:00,0.031028,2.833789,2.003911,0.997 omega + 0.001 theta omega,0.000,0.0000000000e+00,0.0000000000e+00,0.0000000000e+00,0.0000000000e+00,0.0000000000e+00,0.0000000000e+00,0.0000000000e+00,0.0000000000e+00,0.0000000000e+00,0.0000000000e+00
32179,2024-12-11 10:55:00,0.104207,12.782329,9.038772,0.998 omega,0.000,0.0000000000e+00,0.0000000000e+00,0.0000000000e+00,0.0000000000e+00,0.0000000000e+00,0.0000000000e+00,0.0000000000e+00,0.0000000000e+00,0.0000000000e+00,0.0000000000e+00
32180,2024-12-11 11:00:00,0.072776,7.795171,5.512259,0.995 omega + 0.016 theta omega + -0.072 omega^2 + -0.007 theta^2 omega,0.000,0.0000000000e+00,0.0000000000e+00,0.0000000000e+00,0.0000000000e+00,0.0000000000e+00,0.0000000000e+00,0.0000000000e+00,0.0000000000e+00,0.0000000000e+00,0.0000000000e+00
32181,2024-12-11 11:05:00,0.033362,3.926868,2.776815,0.976 omega + -0.013 theta omega + -0.586 omega^2 + -0.002 theta^2 omega + -0.104 theta omega^2,0.000,0.0000000000e+00,0.0000000000e+00,0.0000000000e+00,0.0000000000e+00,0.0000000000e+00,0.0000000000e+00,0.0000000000e+00,0.0000000000e+00,0.0000000000e+00,0.0000000000e+00
32182,2024-12-11 11:10:00,0.073540,6.024197,4.260068,1.007 omega + 0.037 omega^2 + 0.001 theta omega^2,0.000,0.0000000000e+00,0.0000000000e+00,0.0000000000e+00,0.0000000000e+00,0.0000000000e+00,0.0000000000e+00,0.0000000000e+00,0.0000000000e+00,0.0000000000e+00,0.0000000000e+00
32183,2024-12-11 11:15:00,0.020082,1.722931,1.218379,0.007 1 + 1.044 omega + -0.001 theta omega + -0.008 theta omega^2,0.000,0.0000000000e+00,0.0000000000e+00,0.0000000000e+00,0.0000000000e+00,0.0000000000e+00,0.0000000000e+00,0.0000000000e+00,0.0000000000e+00,0.0000000000e+00,0.0000000000e+00
32184,2024-12-11 11:20:00,0.150942,18.632390,13.175521,0.997 omega + 0.010 omega^2,0.000,0.0000000000e+00,0.0000000000e+00,0.0000000000e+00,0.0000000000e+00,0.0000000000e+00,0.0000000000e+00,0.0000000000e+00,0.0000000000e+00,0.0000000000e+00,0.0000000000e+00
32185,2024-12-11 11:25:00,0.117974,16.273258,11.507234,0.997 omega + 0.003 theta omega + -0.152 omega^2,0.000,0.0000000000e+00,0.0000000000e+00,0.0000000000e+00,0.0000000000e+00,0.0000000000e+00,0.0000000000e+00,0.0000000000e+00,0.0000000000e+00,0.0000000000e+00,0.0000000000e+00
32186,2024-12-11 11:30:00,0.052219,5.889141,4.164416,0.997 omega + -0.004 theta omega + 0.027 omega^2,0.000,0.0000000000e+00,0.0000000000e+00,0.0000000000e+00,0.0000000000e+00,0.0000000000e+00,0.0000000000e+00,0.0000000000e+00,0.0000000000e+00,0.0000000000e+00,0.0000000000e+00
32187,2024-12-11 11:35:00,0.057749,8.268697,5.846994,0.995 omega + 0.002 theta omega + -0.511 omega^2 + -0.078 theta omega^2,0.000,0.0000000000e+00,0.0000000000e+00,0.0000000000e+00,0.0000000000e+00,0.0000000000e+00,0.0000000000e+00,0.0000000000e+00,0.0000000000e+00,0.0000000000e+00,0.0000000000e+00
32188,2024-12-11 11:40:00,0.059394,5.714408,4.040915,0.989 omega + -0.012 theta omega + -0.002 theta^2 omega,0.000,0.0000000000e+00,0.0000000000e+00,0.0000000000e+00,0.0000000000e+00,0.0000000000e+00,0.0000000000e+00,0.0000000000e+00,0.0000000000e+00,0.0000000000e+00,0.0000000000e+00
32189,2024-12-11 11:45:00,0.066630,4.432638,3.134702,1.000 omega + -0.001 theta omega,-0.012 theta omega^2,0.0000000000e+00,0.0000000000e+00,0.0000000000e+00,0.0000000000e+00,0.0000000000e+00,0.0000000000e+00,0.0000000000e+00,0.0000000000e+00,-1.1895472004e-02,0.0000000000e+00
32190,2024-12-11 11:50:00,0.031449,2.911707,2.059008,1.008 omega + -0.007 theta omega + 0.072 omega^2 + -0.007 theta^2 omega,0.000,0.0000000000e+00,0.0000000000e+00,0.0000000000e+00,0.0000000000e+00,0.0000000000e+00,0.0000000000e+00,0.0000000000e+00,0.0000000000e+00,0.0000000000e+00,0.0000000000e+00
32191,2024-12-11 11:55:00,0.075741,14.310935,10.119501,1.009 omega + -0.016 theta omega + 0.005 omega^2 + 0.004 theta^2 omega,0.000,0.0000000000e+00,0.0000000000e+00,0.0000000000e+00,0.0000000000e+00,0.0000000000e+00,0.0000000000e+00,0.0000000000e+00,0.0000000000e+00,0.0000000000e+00,0.0000000000e+00
32192,2024-12-11 12:00:00,0.114631,17.569316,12.423647,1.002 omega + -0.009 theta omega^2,0.000,0.0000000000e+00,0.0000000000e+00,0.0000000000e+00,0.0000000000e+00,0.0000000000e+00,0.0000000000e+00,0.0000000000e+00,0.0000000000e+00,0.0000000000e+00,0.0000000000e+00
32193,2024-12-11 12:05:00,0.049084,3.573872,2.527348,1.006 omega + 0.004 theta omega + -0.029 omega^2 + -0.001 theta^2 omega,0.000,0.0000000000e+00,0.0000000000e+00,0.0000000000e+00,0.0000000000e+00,0.0000000000e+00,0.0000000000e+00,0.0000000000e+00,0.0000000000e+00,0.0000000000e+00,0.0000000000e+00
32194,2024-12-11 12:10:00,0.034624,2.296518,1.624068,1.017 omega + 0.003 theta omega + 0.156 omega^2 + 0.027 theta omega^2,0.000,0.0000000000e+00,0.0000000000e+00,0.0000000000e+00,0.0000000000e+00,0.0000000000e+00,0.0000000000e+00,0.0000000000e+00,0.0000000000e+00,0.0000000000e+00,0.0000000000e+00
32195,2024-12-11 12:15:00,0.070225,10.097851,7.140432,0.975 omega + -0.003 theta omega + -0.206 omega^2 + -0.025 theta omega^2,0.000,0.0000000000e+00,0.0000000000e+00,0.0000000000e+00,0.0000000000e+00,0.0000000000e+00,0.0000000000e+00,0.0000000000e+00,0.0000000000e+00,0.0000000000e+00,0.0000000000e+00
32196,2024-12-11 12:20:00,0.093230,11.432444,8.084227,0.994 omega + -0.032 omega^2,0.000,0.0000000000e+00,0.0000000000e+00,0.0000000000e+00,0.0000000000e+00,0.0000000000e+00,0.0000000000e+00,0.0000000000e+00,0.0000000000e+00,0.0000000000e+00,0.0000000000e+00
32197,2024-12-11 12:25:00,0.039715,5.046143,3.568272,1.008 omega + 0.004 theta omega + 0.058 omega^2,-0.048 theta omega^2,0.0000000000e+00,0.0000000000e+00,0.0000000000e+00,0.0000000000e+00,0.0000000000e+00,0.0000000000e+00,0.0000000000e+00,0.0000000000e+00,-4.8489183673e-02,0.0000000000e+00
32198,2024-12-11 12:30:00,0.061251,7.683271,5.433066,1.003 omega + 0.035 omega^2 + -0.001 theta^2 omega,0.000,0.0000000000e+00,0.0000000000e+00,0.0000000000e+00,0.0000000000e+00,0.0000000000e+00,0.0000000000e+00,0.0000000000e+00,0.0000000000e+00,0.0000000000e+00,0.0000000000e+00
32199,2024-12-11 12:35:00,0.092341,13.168249,9.311587,1.007 omega + -0.004 omega^2 + -0.005 theta omega^2,0.000,0.0000000000e+00,0.0000000000e+00,0.0000000000e+00,0.0000000000e+00,0.0000000000e+00,0.0000000000e+00,0.0000000000e+00,0.0000000000e+00,0.0000000000e+00,0.0000000000e+00
32200,2024-12-11 12:40:00,0.042486,1.519049,1.074550,1.000 omega + -0.062 theta omega^2,0.000,0.0000000000e+00,0.0000000000e+00,0.0000000000e+00,0.0000000000e+00,0.0000000000e+00,0.0000000000e+00,0.0000000000e+00,0.0000000000e+00,0.0000000000e+00,0.0000000000e+00
32201,2024-12-11 12:45:00,0.088384,10.098998,7.141344,0.983 omega + -0.134 omega^2,0.000,0.0000000000e+00,0.0000000000e+00,0.0000000000e+00,0.0000000000e+00,0.0000000000e+00,0.0000000000e+00,0.0000000000e+00,0.0000000000e+00,0.0000000000e+00,0.0000000000e+00
32202,2024-12-11 12:50:00,0.035881,4.845038,3.426053,1.027 omega + -0.004 theta omega + -0.053 theta omega^2,0.000,0.0000000000e+00,0.0000000000e+00,0.0000000000e+00,0.0000000000e+00,0.0000000000e+00,0.0000000000e+00,0.0000000000e+00,0.0000000000e+00,0.0000000000e+00,0.0000000000e+00
32203,2024-12-11 12:55:00,0.042411,1.795159,1.269723,1.018 omega + 0.005 theta omega + 0.012 theta omega^2,0.000,0.0000000000e+00,0.0000000000e+00,0.0000000000e+00,0.0000000000e+00,0.0000000000e+00,0.0000000000e+00,0.0000000000e+00,0.0000000000e+00,0.0000000000e+00,0.0000000000e+00
32204,2024-12-11 13:00:00,0.144994,10.799013,7.636744,0.994 omega + -0.026 omega^2,0.000,0.0000000000e+00,0.0000000000e+00,0.0000000000e+00,0.0000000000e+00,0.0000000000e+00,0.0000000000e+00,0.0000000000e+00,0.0000000000e+00,0.0000000000e+00,0.0000000000e+00
32205,2024-12-11 13:05:00,0.088376,10.456319,7.393998,0.988 omega + -0.003 theta omega + -0.196 omega^2 + -0.028 theta omega^2,0.000,0.0000000000e+00,0.0000000000e+00,0.0000000000e+00,0.0000000000e+00,0.0000000000e+00,0.0000000000e+00,0.0000000000e+00,0.0000000000e+00,0.0000000000e+00,0.0000000000e+00
32206,2024-12-11 13:10:00,0.028693,1.186755,0.839407,1.009 omega + 0.024 omega^2,0.000,0.0000000000e+00,0.0000000000e+00,0.0000000000e+00,0.0000000000e+00,0.0000000000e+00,0.0000000000e+00,0.0000000000e+00,0.0000000000e+00,0.0000000000e+00,0.0000000000e+00
32207,2024-12-11 13:15:00,0.116189,14.751831,10.431443,1.000 omega + 0.015 omega^2 + 0.054 omega^3,0.000,0.0000000000e+00,0.0000000000e+00,0.0000000000e+00,0.0000000000e+00,0.0000000000e+00,0.0000000000e+00,0.0000000000e+00,0.0000000000e+00,0.0000000000e+00,0.0000000000e+00
32208,2024-12-11 13:20:00,0.061102,7.903090,5.588495,1.023 omega + -0.006 theta omega + -0.182 omega^2 + 0.058 theta omega^2,0.000,0.0000000000e+00,0.0000000000e+00,0.0000000000e+00,0.0000000000e+00,0.0000000000e+00,0.0000000000e+00,0.0000000000e+00,0.0000000000e+00,0.0000000000e+00,0.0000000000e+00
32209,2024-12-11 13:25:00,0.044283,4.003757,2.831257,1.003 omega + -0.001 theta omega + 0.010 theta omega^2,0.000,0.0000000000e+00,0.0000000000e+00,0.0000000000e+00,0.0000000000e+00,0.0000000000e+00,0.0000000000e+00,0.0000000000e+00,0.0000000000e+00,0.0000000000e+00,0.0000000000e+00
32210,2024-12-11 13:30:00,0.024564,0.837692,0.592592,1.013 omega + -0.012 theta omega^2,0.000,0.0000000000e+00,0.0000000000e+00,0.0000000000e+00,0.0000000000e+00,0.0000000000e+00,0.0000000000e+00,0.0000000000e+00,0.0000000000e+00,0.0000000000e+00,0.0000000000e+00
32211,2024-12-11 13:35:00,0.053170,3.285966,2.323833,0.993 omega + -0.060 omega^2,0.000,0.0000000000e+00,0.0000000000e+00,0.0000000000e+00,0.0000000000e+00,0.0000000000e+00,0.0000000000e+00,0.0000000000e+00,0.0000000000e+00,0.0000000000e+00,0.0000000000e+00
32212,2024-12-11 13:40:00,0.057453,4.766039,3.370344,1.000 omega + -0.004 omega^2,0.000,0.0000000000e+00,0.0000000000e+00,0.0000000000e+00,0.0000000000e+00,0.0000000000e+00,0.0000000000e+00,0.0000000000e+00,0.0000000000e+00,0.0000000000e+00,0.0000000000e+00
32213,2024-12-11 13:45:00,0.115966,7.928028,5.606562,0.996 omega + -0.021 omega^2,0.000,0.0000000000e+00,0.0000000000e+00,0.0000000000e+00,0.0000000000e+00,0.0000000000e+00,0.0000000000e+00,0.0000000000e+00,0.0000000000e+00,0.0000000000e+00,0.0000000000e+00
32214,2024-12-11 13:50:00,0.067781,7.169318,5.069700,1.008 omega + 0.004 theta omega + -0.008 theta^2 omega,0.000,0.0000000000e+00,0.0000000000e+00,0.0000000000e+00,0.0000000000e+00,0.0000000000e+00,0.0000000000e+00,0.0000000000e+00,0.0000000000e+00,0.0000000000e+00,0.0000000000e+00
32215,2024-12-11 13:55:00,0.114290,5.749305,4.066176,1.002 omega + -0.027 omega^2,0.000,0.0000000000e+00,0.0000000000e+00,0.0000000000e+00,0.0000000000e+00,0.0000000000e+00,0.0000000000e+00,0.0000000000e+00,0.0000000000e+00,0.0000000000e+00,0.0000000000e+00
32216,2024-12-11 14:00:00,0.157434,13.097237,9.261814,0.993 omega + 0.029 omega^2 + 0.202 omega^3,0.000,0.0000000000e+00,0.0000000000e+00,0.0000000000e+00,0.0000000000e+00,0.0000000000e+00,0.0000000000e+00,0.0000000000e+00,0.0000000000e+00,0.0000000000e+00,0.0000000000e+00
32217,2024-12-11 14:05:00,0.042072,5.123284,3.622831,1.011 omega + -0.002 theta omega,0.000,0.0000000000e+00,0.0000000000e+00,0.0000000000e+00,0.0000000000e+00,0.0000000000e+00,0.0000000000e+00,0.0000000000e+00,0.0000000000e+00,0.0000000000e+00,0.0000000000e+00
32218,2024-12-11 14:10:00,0.058131,2.705378,1.913433,1.002 omega,0.000,0.0000000000e+00,0.0000000000e+00,0.0000000000e+00,0.0000000000e+00,0.0000000000e+00,0.0000000000e+00,0.0000000000e+00,0.0000000000e+00,0.0000000000e+00,0.0000000000e+00
32219,2024-12-11 14:15:00,0.066980,9.213227,6.514907,0.999 omega + -0.017 omega^2 + 0.002 theta omega^2,0.000,0.0000000000e+00,0.0000000000e+00,0.0000000000e+00,0.0000000000e+00,0.0000000000e+00,0.0000000000e+00,0.0000000000e+00,0.0000000000e+00,0.0000000000e+00,0.0000000000e+00
32220,2024-12-11 14:20:00,0.102256,6.242261,4.414537,0.999 omega,0.000,0.0000000000e+00,0.0000000000e+00,0.0000000000e+00,0.0000000000e+00,0.0000000000e+00,0.0000000000e+00,0.0000000000e+00,0.0000000000e+00,0.0000000000e+00,0.0000000000e+00
32221,2024-12-11 14:25:00,0.132180,20.766292,14.684283,1.003 omega + 0.106 omega^2 + -0.022 theta omega^2,0.017 omega + -0.026 theta omega^2,0.0000000000e+00,0.0000000000e+00,1.6562325348e-02,0.0000000000e+00,0.0000000000e+00,0.0000000000e+00,0.0000000000e+00,0.0000000000e+00,-2.6262220343e-02,0.0000000000e+00
32222,2024-12-11 14:30:00,0.086956,7.079547,5.006374,1.001 omega + 0.024 omega^2 + -0.019 theta omega^2 + 0.246 omega^3,-0.023 theta omega^2,0.0000000000e+00,0.0000000000e+00,0.0000000000e+00,0.0000000000e+00,0.0000000000e+00,0.0000000000e+00,0.0000000000e+00,0.0000000000e+00,-2.2998734461e-02,0.0000000000e+00
32223,2024-12-11 14:35:00,0.101074,10.538605,7.452262,0.955 omega + -0.005 theta omega + -0.574 omega^2 + -0.072 theta omega^2,0.000,0.0000000000e+00,0.0000000000e+00,0.0000000000e+00,0.0000000000e+00,0.0000000000e+00,0.0000000000e+00,0.0000000000e+00,0.0000000000e+00,0.0000000000e+00,0.0000000000e+00
32224,2024-12-11 14:40:00,0.055812,4.639156,3.280616,1.005 omega + -0.005 theta omega^2,0.000,0.0000000000e+00,0.0000000000e+00,0.0000000000e+00,0.0000000000e+00,0.0000000000e+00,0.0000000000e+00,0.0000000000e+00,0.0000000000e+00,0.0000000000e+00,0.0000000000e+00
32225,2024-12-11 14:45:00,0.275506,38.358750,27.124432,1.003 omega + -0.043 omega^2 + -0.322 omega^3,0.000,0.0000000000e+00,0.0000000000e+00,0.0000000000e+00,0.0000000000e+00,0.0000000000e+00,0.0000000000e+00,0.0000000000e+00,0.0000000000e+00,0.0000000000e+00,0.0000000000e+00
32226,2024-12-11 14:50:00,0.192581,23.924074,16.917423,1.003 omega + 0.040 omega^2 + -0.406 omega^3,0.000,0.0000000000e+00,0.0000000000e+00,0.0000000000e+00,0.0000000000e+00,0.0000000000e+00,0.0000000000e+00,0.0000000000e+00,0.0000000000e+00,0.0000000000e+00,0.0000000000e+00
32227,2024-12-11 14:55:00,0.107834,17.027321,12.040376,1.004 omega + -0.001 theta omega,0.000,0.0000000000e+00,0.0000000000e+00,0.0000000000e+00,0.0000000000e+00,0.0000000000e+00,0.0000000000e+00,0.0000000000e+00,0.0000000000e+00,0.0000000000e+00,0.0000000000e+00
32228,2024-12-11 15:00:00,0.068805,7.495645,5.300445,1.017 omega + -0.016 theta omega^2,0.033 omega + -0.032 theta omega^2,0.0000000000e+00,0.0000000000e+00,3.2895423892e-02,0.0000000000e+00,0.0000000000e+00,0.0000000000e+00,0.0000000000e+00,0.0000000000e+00,-3.2097926907e-02,0.0000000000e+00
32229,2024-12-11 15:05:00,0.147589,22.652505,16.018080,1.000 omega + 0.031 omega^2 + 0.195 omega^3,0.000,0.0000000000e+00,0.0000000000e+00,0.0000000000e+00,0.0000000000e+00,0.0000000000e+00,0.0000000000e+00,0.0000000000e+00,0.0000000000e+00,0.0000000000e+00,0.0000000000e+00
32230,2024-12-11 15:10:00,0.130144,17.675308,12.498669,1.001 omega + -0.001 theta^2 omega,0.000,0.0000000000e+00,0.0000000000e+00,0.0000000000e+00,0.0000000000e+00,0.0000000000e+00,0.0000000000e+00,0.0000000000e+00,0.0000000000e+00,0.0000000000e+00,0.0000000000e+00
32231,2024-12-11 15:15:00,0.131356,17.298774,12.232433,0.996 omega + 0.043 omega^2,0.000,0.0000000000e+00,0.0000000000e+00,0.0000000000e+00,0.0000000000e+00,0.0000000000e+00,0.0000000000e+00,0.0000000000e+00,0.0000000000e+00,0.0000000000e+00,0.0000000000e+00
32232,2024-12-11 15:20:00,0.111579,12.285813,8.687740,1.001 omega,0.000,0.0000000000e+00,0.0000000000e+00,0.0000000000e+00,0.0000000000e+00,0.0000000000e+00,0.0000000000e+00,0.0000000000e+00,0.0000000000e+00,0.0000000000e+00,0.0000000000e+00
32233,2024-12-11 15:25:00,0.080014,6.535123,4.621376,1.001 omega + 0.012 omega^2,0.000,0.0000000000e+00,0.0000000000e+00,0.0000000000e+00,0.0000000000e+00,0.0000000000e+00,0.0000000000e+00,0.0000000000e+00,0.0000000000e+00,0.0000000000e+00,0.0000000000e+00
32234,2024-12-11 15:30:00,0.057228,5.766432,4.077684,0.998 omega + 0.048 omega^2 + -0.006 theta omega^2,0.000,0.0000000000e+00,0.0000000000e+00,0.0000000000e+00,0.0000000000e+00,0.0000000000e+00,0.0000000000e+00,0.0000000000e+00,0.0000000000e+00,0.0000000000e+00,0.0000000000e+00
32235,2024-12-11 15:35:00,0.101164,11.711383,8.281507,1.000 omega,0.000,0.0000000000e+00,0.0000000000e+00,0.0000000000e+00,0.0000000000e+00,0.0000000000e+00,0.0000000000e+00,0.0000000000e+00,0.0000000000e+00,0.0000000000e+00,0.0000000000e+00
32236,2024-12-11 15:40:00,0.049982,6.099388,4.313063,-0.001 1 + 1.017 omega + -0.073 omega^2,0.000,0.0000000000e+00,0.0000000000e+00,0.0000000000e+00,0.0000000000e+00,0.0000000000e+00,0.0000000000e+00,0.0000000000e+00,0.0000000000e+00,0.0000000000e+00,0.0000000000e+00
32237,2024-12-11 15:45:00,0.041792,1.652571,1.168917,1.004 omega + -0.010 omega^2 + -0.002 theta omega^2,0.000,0.0000000000e+00,0.0000000000e+00,0.0000000000e+00,0.0000000000e+00,0.0000000000e+00,0.0000000000e+00,0.0000000000e+00,0.0000000000e+00,0.0000000000e+00,0.0000000000e+00
32238,2024-12-11 15:50:00,0.068211,4.697910,3.322274,1.004 omega + -0.001 theta omega + 0.031 omega^2 + -0.022 theta omega^2,-0.025 theta omega^2,0.0000000000e+00,0.0000000000e+00,0.0000000000e+00,0.0000000000e+00,0.0000000000e+00,0.0000000000e+00,0.0000000000e+00,0.0000000000e+00,-2.5068228418e-02,0.0000000000e+00
32239,2024-12-11 15:55:00,0.083723,5.692165,4.025404,0.999 omega,0.000,0.0000000000e+00,0.0000000000e+00,0.0000000000e+00,0.0000000000e+00,0.0000000000e+00,0.0000000000e+00,0.0000000000e+00,0.0000000000e+00,0.0000000000e+00,0.0000000000e+00
32240,2024-12-11 16:00:00,0.079686,5.493035,3.884571,1.007 omega + 0.001 theta omega + 0.025 omega^2,0.000,0.0000000000e+00,0.0000000000e+00,0.0000000000e+00,0.0000000000e+00,0.0000000000e+00,0.0000000000e+00,0.0000000000e+00,0.0000000000e+00,0.0000000000e+00,0.0000000000e+00
32241,2024-12-11 16:05:00,0.140329,20.823807,14.724990,1.003 omega + -0.005 theta omega + -0.039 omega^2 + 0.001 theta^2 omega,0.000,0.0000000000e+00,0.0000000000e+00,0.0000000000e+00,0.0000000000e+00,0.0000000000e+00,0.0000000000e+00,0.0000000000e+00,0.0000000000e+00,0.0000000000e+00,0.0000000000e+00
32242,2024-12-11 16:10:00,0.146791,10.235475,7.238318,1.004 omega + 0.018 omega^2 + -0.210 omega^3,0.000,0.0000000000e+00,0.0000000000e+00,0.0000000000e+00,0.0000000000e+00,0.0000000000e+00,0.0000000000e+00,0.0000000000e+00,0.0000000000e+00,0.0000000000e+00,0.0000000000e+00
32243,2024-12-11 16:15:00,0.051149,3.054909,2.160450,1.001 omega,0.000,0.0000000000e+00,0.0000000000e+00,0.0000000000e+00,0.0000000000e+00,0.0000000000e+00,0.0000000000e+00,0.0000000000e+00,0.0000000000e+00,0.0000000000e+00,0.0000000000e+00
32244,2024-12-11 16:20:00,0.068790,10.813861,7.646709,1.002 omega + -0.032 theta omega^2,-0.047 theta omega^2,0.0000000000e+00,0.0000000000e+00,0.0000000000e+00,0.0000000000e+00,0.0000000000e+00,0.0000000000e+00,0.0000000000e+00,0.0000000000e+00,-4.6982193803e-02,0.0000000000e+00
32245,2024-12-11 16:25:00,0.083176,8.910829,6.301182,0.988 omega + -0.005 theta omega + 0.014 omega^2,0.000,0.0000000000e+00,0.0000000000e+00,0.0000000000e+00,0.0000000000e+00,0.0000000000e+00,0.0000000000e+00,0.0000000000e+00,0.0000000000e+00,0.0000000000e+00,0.0000000000e+00
32246,2024-12-11 16:30:00,0.066716,7.041307,4.979180,0.985 omega + 0.017 theta omega + -0.004 theta^2 omega,0.000,0.0000000000e+00,0.0000000000e+00,0.0000000000e+00,0.0000000000e+00,0.0000000000e+00,0.0000000000e+00,0.0000000000e+00,0.0000000000e+00,0.0000000000e+00,0.0000000000e+00
32247,2024-12-11 16:35:00,0.092304,14.236914,10.067230,1.001 omega,0.000,0.0000000000e+00,0.0000000000e+00,0.0000000000e+00,0.0000000000e+00,0.0000000000e+00,0.0000000000e+00,0.0000000000e+00,0.0000000000e+00,0.0000000000e+00,0.0000000000e+00
32248,2024-12-11 16:40:00,0.203524,32.440593,22.939415,1.007 omega + -0.048 omega^2 + -0.008 theta omega^2,0.027 omega + -0.015 theta omega^2,0.0000000000e+00,0.0000000000e+00,2.6943354818e-02,0.0000000000e+00,0.0000000000e+00,0.0000000000e+00,0.0000000000e+00,0.0000000000e+00,-1.5324667365e-02,0.0000000000e+00
32249,2024-12-11 16:45:00,0.101471,10.743658,7.597252,0.996 omega + -0.050 omega^2 + -0.004 theta omega^2,0.000,0.0000000000e+00,0.0000000000e+00,0.0000000000e+00,0.0000000000e+00,0.0000000000e+00,0.0000000000e+00,0.0000000000e+00,0.0000000000e+00,0.0000000000e+00,0.0000000000e+00
32250,2024-12-11 16:50:00,0.161086,9.992712,7.066833,1.001 omega,0.000,0.0000000000e+00,0.0000000000e+00,0.0000000000e+00,0.0000000000e+00,0.0000000000e+00,0.0000000000e+00,0.0000000000e+00,0.0000000000e+00,0.0000000000e+00,0.0000000000e+00
32251,2024-12-11 16:55:00,0.257528,21.885104,15.476177,1.000 omega + 0.009 omega^3,0.000,0.0000000000e+00,0.0000000000e+00,0.0000000000e+00,0.0000000000e+00,0.0000000000e+00,0.0000000000e+00,0.0000000000e+00,0.0000000000e+00,0.0000000000e+00,0.0000000000e+00
32252,2024-12-11 17:00:00,0.185338,19.153224,13.544009,0.999 omega,0.000,0.0000000000e+00,0.0000000000e+00,0.0000000000e+00,0.0000000000e+00,0.0000000000e+00,0.0000000000e+00,0.0000000000e+00,0.0000000000e+00,0.0000000000e+00,0.0000000000e+00
32253,2024-12-11 17:05:00,0.067763,10.964725,7.753379,0.001 1 + 1.016 omega + 0.045 omega^2,0.000,0.0000000000e+00,0.0000000000e+00,0.0000000000e+00,0.0000000000e+00,0.0000000000e+00,0.0000000000e+00,0.0000000000e+00,0.0000000000e+00,0.0000000000e+00,0.0000000000e+00
32254,2024-12-11 17:10:00,0.153387,19.964292,14.117303,1.000 omega + 0.023 omega^2 + -0.001 theta omega^2,0.000,0.0000000000e+00,0.0000000000e+00,0.0000000000e+00,0.0000000000e+00,0.0000000000e+00,0.0000000000e+00,0.0000000000e+00,0.0000000000e+00,0.0000000000e+00,0.0000000000e+00
32255,2024-12-11 17:15:00,0.056498,8.583260,6.069413,1.000 omega + -0.023 omega^2 + 0.001 theta omega^2,0.000,0.0000000000e+00,0.0000000000e+00,0.0000000000e+00,0.0000000000e+00,0.0000000000e+00,0.0000000000e+00,0.0000000000e+00,0.0000000000e+00,0.0000000000e+00,0.0000000000e+00
32256,2024-12-11 17:20:00,0.086982,9.344688,6.607979,1.003 omega + 0.001 omega^2,0.000,0.0000000000e+00,0.0000000000e+00,0.0000000000e+00,0.0000000000e+00,0.0000000000e+00,0.0000000000e+00,0.0000000000e+00,0.0000000000e+00,0.0000000000e+00,0.0000000000e+00
32257,2024-12-11 17:25:00,0.098283,12.311840,8.706063,1.015 omega + 0.001 theta omega + 0.114 omega^2 + 0.008 theta omega^2,0.000,0.0000000000e+00,0.0000000000e+00,0.0000000000e+00,0.0000000000e+00,0.0000000000e+00,0.0000000000e+00,0.0000000000e+00,0.0000000000e+00,0.0000000000e+00,0.0000000000e+00
32258,2024-12-11 17:30:00,0.177278,29.935435,21.167920,0.995 omega + 0.132 omega^2 + -0.005 theta omega^2 + -0.346 omega^3,0.000,0.0000000000e+00,0.0000000000e+00,0.0000000000e+00,0.0000000000e+00,0.0000000000e+00,0.0000000000e+00,0.0000000000e+00,0.0000000000e+00,0.0000000000e+00,0.0000000000e+00
32259,2024-12-11 17:35:00,0.070622,5.348091,3.782001,0.998 omega + -0.072 omega^2 + -0.010 theta omega^2,0.000,0.0000000000e+00,0.0000000000e+00,0.0000000000e+00,0.0000000000e+00,0.0000000000e+00,0.0000000000e+00,0.0000000000e+00,0.0000000000e+00,0.0000000000e+00,0.0000000000e+00
32260,2024-12-11 17:40:00,0.070762,7.743784,5.475911,1.001 omega,0.000,0.0000000000e+00,0.0000000000e+00,0.0000000000e+00,0.0000000000e+00,0.0000000000e+00,0.0000000000e+00,0.0000000000e+00,0.0000000000e+00,0.0000000000e+00,0.0000000000e+00
32261,2024-12-11 17:45:00,0.086484,13.424033,9.492422,1.026 omega + -0.003 theta omega + -0.225 omega^2 + 0.022 theta omega^2,0.000,0.0000000000e+00,0.0000000000e+00,0.0000000000e+00,0.0000000000e+00,0.0000000000e+00,0.0000000000e+00,0.0000000000e+00,0.0000000000e+00,0.0000000000e+00,0.0000000000e+00
32262,2024-12-11 17:50:00,0.056623,6.041013,4.271829,1.009 omega + 0.001 theta omega,0.000,0.0000000000e+00,0.0000000000e+00,0.0000000000e+00,0.0000000000e+00,0.0000000000e+00,0.0000000000e+00,0.0000000000e+00,0.0000000000e+00,0.0000000000e+00,0.0000000000e+00
32263,2024-12-11 17:55:00,0.076925,7.930777,5.608170,1.009 omega + 0.002 omega^2 + -0.004 theta omega^2,0.000,0.0000000000e+00,0.0000000000e+00,0.0000000000e+00,0.0000000000e+00,0.0000000000e+00,0.0000000000e+00,0.0000000000e+00,0.0000000000e+00,0.0000000000e+00,0.0000000000e+00
32264,2024-12-11 18:00:00,0.106545,15.361908,10.862770,0.999 omega + -0.001 theta omega + -0.026 theta omega^2,0.000,0.0000000000e+00,0.0000000000e+00,0.0000000000e+00,0.0000000000e+00,0.0000000000e+00,0.0000000000e+00,0.0000000000e+00,0.0000000000e+00,0.0000000000e+00,0.0000000000e+00
32265,2024-12-11 18:05:00,0.136552,16.250044,11.490922,0.992 omega + -0.001 theta omega + -0.007 omega^2,0.000,0.0000000000e+00,0.0000000000e+00,0.0000000000e+00,0.0000000000e+00,0.0000000000e+00,0.0000000000e+00,0.0000000000e+00,0.0000000000e+00,0.0000000000e+00,0.0000000000e+00
32266,2024-12-11 18:10:00,0.105508,16.628979,11.758700,0.997 omega + 0.001 theta omega,0.000,0.0000000000e+00,0.0000000000e+00,0.0000000000e+00,0.0000000000e+00,0.0000000000e+00,0.0000000000e+00,0.0000000000e+00,0.0000000000e+00,0.0000000000e+00,0.0000000000e+00
32267,2024-12-11 18:15:00,0.049538,6.085169,4.303007,1.014 omega + 0.008 theta omega + 0.006 omega^2 + 0.001 theta^2 omega,0.000,0.0000000000e+00,0.0000000000e+00,0.0000000000e+00,0.0000000000e+00,0.0000000000e+00,0.0000000000e+00,0.0000000000e+00,0.0000000000e+00,0.0000000000e+00,0.0000000000e+00
32268,2024-12-11 18:20:00,0.108311,16.438797,11.624237,1.000 omega + 0.035 omega^2 + -0.006 theta omega^2,0.000,0.0000000000e+00,0.0000000000e+00,0.0000000000e+00,0.0000000000e+00,0.0000000000e+00,0.0000000000e+00,0.0000000000e+00,0.0000000000e+00,0.0000000000e+00,0.0000000000e+00
32269,2024-12-11 18:25:00,0.073547,3.170698,2.242625,1.014 omega + 0.004 theta omega + 0.030 omega^2,-0.016 theta omega^2,0.0000000000e+00,0.0000000000e+00,0.0000000000e+00,0.0000000000e+00,0.0000000000e+00,0.0000000000e+00,0.0000000000e+00,0.0000000000e+00,-1.5892658724e-02,0.0000000000e+00
32270,2024-12-11 18:30:00,0.163603,22.663573,16.025984,0.999 omega + -0.053 omega^2 + -0.179 omega^3,0.000,0.0000000000e+00,0.0000000000e+00,0.0000000000e+00,0.0000000000e+00,0.0000000000e+00,0.0000000000e+00,0.0000000000e+00,0.0000000000e+00,0.0000000000e+00,0.0000000000e+00
32271,2024-12-11 18:35:00,0.097572,11.178920,7.904991,0.998 omega + -0.005 omega^2,0.000,0.0000000000e+00,0.0000000000e+00,0.0000000000e+00,0.0000000000e+00,0.0000000000e+00,0.0000000000e+00,0.0000000000e+00,0.0000000000e+00,0.0000000000e+00,0.0000000000e+00
32272,2024-12-11 18:40:00,0.154187,17.567620,12.422661,1.000 omega,0.000,0.0000000000e+00,0.0000000000e+00,0.0000000000e+00,0.0000000000e+00,0.0000000000e+00,0.0000000000e+00,0.0000000000e+00,0.0000000000e+00,0.0000000000e+00,0.0000000000e+00
32273,2024-12-11 18:45:00,0.125662,16.426254,11.615455,0.993 omega + 0.019 omega^2 + 0.001 theta omega^2,0.000,0.0000000000e+00,0.0000000000e+00,0.0000000000e+00,0.0000000000e+00,0.0000000000e+00,0.0000000000e+00,0.0000000000e+00,0.0000000000e+00,0.0000000000e+00,0.0000000000e+00
32274,2024-12-11 18:50:00,0.078207,9.069002,6.412991,1.001 omega + -0.107 omega^2 + -0.019 theta omega^2,0.016 omega + -0.022 theta omega^2,0.0000000000e+00,0.0000000000e+00,1.6109274822e-02,0.0000000000e+00,0.0000000000e+00,0.0000000000e+00,0.0000000000e+00,0.0000000000e+00,-2.2071746706e-02,0.0000000000e+00
32275,2024-12-11 18:55:00,0.075579,10.112823,7.151046,1.001 omega + 0.074 omega^2 + -0.036 theta omega^2 + -0.200 omega^3,-0.047 theta omega^2,0.0000000000e+00,0.0000000000e+00,0.0000000000e+00,0.0000000000e+00,0.0000000000e+00,0.0000000000e+00,0.0000000000e+00,0.0000000000e+00,-4.7357103802e-02,0.0000000000e+00
32276,2024-12-11 19:00:00,0.046006,5.259693,3.719307,0.999 omega + -0.029 omega^2 + -0.004 theta omega^2,0.000,0.0000000000e+00,0.0000000000e+00,0.0000000000e+00,0.0000000000e+00,0.0000000000e+00,0.0000000000e+00,0.0000000000e+00,0.0000000000e+00,0.0000000000e+00,0.0000000000e+00
32277,2024-12-11 19:05:00,0.095336,8.653950,6.119638,1.011 omega + -0.002 theta omega,0.000,0.0000000000e+00,0.0000000000e+00,0.0000000000e+00,0.0000000000e+00,0.0000000000e+00,0.0000000000e+00,0.0000000000e+00,0.0000000000e+00,0.0000000000e+00,0.0000000000e+00
32278,2024-12-11 19:10:00,0.120259,17.090078,12.084809,0.996 omega + -0.097 omega^2 + -0.007 theta omega^2,0.000,0.0000000000e+00,0.0000000000e+00,0.0000000000e+00,0.0000000000e+00,0.0000000000e+00,0.0000000000e+00,0.0000000000e+00,0.0000000000e+00,0.0000000000e+00,0.0000000000e+00
32279,2024-12-11 19:15:00,0.090993,5.036411,3.561862,1.002 omega + -0.026 omega^2,0.000,0.0000000000e+00,0.0000000000e+00,0.0000000000e+00,0.0000000000e+00,0.0000000000e+00,0.0000000000e+00,0.0000000000e+00,0.0000000000e+00,0.0000000000e+00,0.0000000000e+00
32280,2024-12-11 19:20:00,0.080415,6.749916,4.773250,1.015 omega + 0.002 theta omega + 0.016 omega^2,0.000,0.0000000000e+00,0.0000000000e+00,0.0000000000e+00,0.0000000000e+00,0.0000000000e+00,0.0000000000e+00,0.0000000000e+00,0.0000000000e+00,0.0000000000e+00,0.0000000000e+00
32281,2024-12-11 19:25:00,0.090646,6.820972,4.823581,1.005 omega + -0.024 omega^2 + -0.003 theta omega^2,0.000,0.0000000000e+00,0.0000000000e+00,0.0000000000e+00,0.0000000000e+00,0.0000000000e+00,0.0000000000e+00,0.0000000000e+00,0.0000000000e+00,0.0000000000e+00,0.0000000000e+00
32282,2024-12-11 19:30:00,0.163532,22.697234,16.049785,0.997 omega + 0.095 omega^2 + -0.007 theta omega^2,0.000,0.0000000000e+00,0.0000000000e+00,0.0000000000e+00,0.0000000000e+00,0.0000000000e+00,0.0000000000e+00,0.0000000000e+00,0.0000000000e+00,0.0000000000e+00,0.0000000000e+00
32283,2024-12-11 19:35:00,0.068508,3.710108,2.623889,0.983 omega + 0.002 theta omega + 0.275 omega^2 + -0.037 theta omega^2,0.000,0.0000000000e+00,0.0000000000e+00,0.0000000000e+00,0.0000000000e+00,0.0000000000e+00,0.0000000000e+00,0.0000000000e+00,0.0000000000e+00,0.0000000000e+00,0.0000000000e+00
32284,2024-12-11 19:40:00,0.075772,8.186082,5.788682,1.002 omega + -0.037 omega^2 + -0.024 theta omega^2,0.000,0.0000000000e+00,0.0000000000e+00,0.0000000000e+00,0.0000000000e+00,0.0000000000e+00,0.0000000000e+00,0.0000000000e+00,0.0000000000e+00,0.0000000000e+00,0.0000000000e+00
32285,2024-12-11 19:45:00,0.084732,13.138070,9.290212,1.002 omega + -0.166 omega^2 + -0.051 theta omega^2,-0.022 theta omega^2,0.0000000000e+00,0.0000000000e+00,0.0000000000e+00,0.0000000000e+00,0.0000000000e+00,0.0000000000e+00,0.0000000000e+00,0.0000000000e+00,-2.2427360796e-02,0.0000000000e+00
32286,2024-12-11 19:50:00,0.078480,6.329500,4.475976,1.002 omega + -0.025 omega^2,0.000,0.0000000000e+00,0.0000000000e+00,0.0000000000e+00,0.0000000000e+00,0.0000000000e+00,0.0000000000e+00,0.0000000000e+00,0.0000000000e+00,0.0000000000e+00,0.0000000000e+00
32287,2024-12-11 19:55:00,0.128785,14.243697,10.072226,0.939 omega + -0.005 theta omega + -0.467 omega^2 + -0.046 theta omega^2,0.000,0.0000000000e+00,0.0000000000e+00,0.0000000000e+00,0.0000000000e+00,0.0000000000e+00,0.0000000000e+00,0.0000000000e+00,0.0000000000e+00,0.0000000000e+00,0.0000000000e+00
32288,2024-12-11 20:00:00,0.129460,11.840229,8.372807,1.003 omega + -0.025 omega^2,0.000,0.0000000000e+00,0.0000000000e+00,0.0000000000e+00,0.0000000000e+00,0.0000000000e+00,0.0000000000e+00,0.0000000000e+00,0.0000000000e+00,0.0000000000e+00,0.0000000000e+00
32289,2024-12-11 20:05:00,0.067406,3.488381,2.467118,0.995 omega + -0.026 omega^2,0.000,0.0000000000e+00,0.0000000000e+00,0.0000000000e+00,0.0000000000e+00,0.0000000000e+00,0.0000000000e+00,0.0000000000e+00,0.0000000000e+00,0.0000000000e+00,0.0000000000e+00
32290,2024-12-11 20:10:00,0.054796,5.555420,3.928466,0.997 omega + 0.101 omega^2 + -0.007 theta omega^2,0.000,0.0000000000e+00,0.0000000000e+00,0.0000000000e+00,0.0000000000e+00,0.0000000000e+00,0.0000000000e+00,0.0000000000e+00,0.0000000000e+00,0.0000000000e+00,0.0000000000e+00
32291,2024-12-11 20:15:00,0.049758,4.787951,3.385776,0.995 omega + 0.056 omega^2 + -0.003 theta omega^2,0.000,0.0000000000e+00,0.0000000000e+00,0.0000000000e+00,0.0000000000e+00,0.0000000000e+00,0.0000000000e+00,0.0000000000e+00,0.0000000000e+00,0.0000000000e+00,0.0000000000e+00
32292,2024-12-11 20:20:00,0.138032,21.393456,15.127773,1.008 omega + -0.006 omega^2 + -0.016 theta omega^2 + -0.516 omega^3,0.000,0.0000000000e+00,0.0000000000e+00,0.0000000000e+00,0.0000000000e+00,0.0000000000e+00,0.0000000000e+00,0.0000000000e+00,0.0000000000e+00,0.0000000000e+00,0.0000000000e+00
32293,2024-12-11 20:25:00,0.093970,7.785711,5.505730,0.969 omega + 0.003 theta omega + 0.389 omega^2 + -0.046 theta omega^2,0.000,0.0000000000e+00,0.0000000000e+00,0.0000000000e+00,0.0000000000e+00,0.0000000000e+00,0.0000000000e+00,0.0000000000e+00,0.0000000000e+00,0.0000000000e+00,0.0000000000e+00
32294,2024-12-11 20:30:00,0.047848,2.545750,1.800435,1.005 omega + 0.064 omega^2 + -0.020 theta omega^2,0.000,0.0000000000e+00,0.0000000000e+00,0.0000000000e+00,0.0000000000e+00,0.0000000000e+00,0.0000000000e+00,0.0000000000e+00,0.0000000000e+00,0.0000000000e+00,0.0000000000e+00
32295,2024-12-11 20:35:00,0.031375,1.184468,0.837839,0.999 omega + -0.005 theta omega + 0.002 theta^2 omega,0.000,0.0000000000e+00,0.0000000000e+00,0.0000000000e+00,0.0000000000e+00,0.0000000000e+00,0.0000000000e+00,0.0000000000e+00,0.0000000000e+00,0.0000000000e+00,0.0000000000e+00
32296,2024-12-11 20:40:00,0.086006,12.458201,8.809488,1.011 omega + 0.001 theta omega + 0.056 omega^2,0.000,0.0000000000e+00,0.0000000000e+00,0.0000000000e+00,0.0000000000e+00,0.0000000000e+00,0.0000000000e+00,0.0000000000e+00,0.0000000000e+00,0.0000000000e+00,0.0000000000e+00
32297,2024-12-11 20:45:00,0.059788,6.226545,4.403035,0.958 omega + -0.014 theta omega + -0.312 omega^2 + -0.001 theta^2 omega + -0.072 theta omega^2,-0.019 theta omega^2,0.0000000000e+00,0.0000000000e+00,0.0000000000e+00,0.0000000000e+00,0.0000000000e+00,0.0000000000e+00,0.0000000000e+00,0.0000000000e+00,-1.8890178544e-02,0.0000000000e+00
32298,2024-12-11 20:50:00,0.055441,6.358646,4.496413,-0.001 1 + 0.985 omega + 0.002 theta omega + 0.361 omega^2 + -0.020 theta omega^2 + -0.972 omega^3,0.000,0.0000000000e+00,0.0000000000e+00,0.0000000000e+00,0.0000000000e+00,0.0000000000e+00,0.0000000000e+00,0.0000000000e+00,0.0000000000e+00,0.0000000000e+00,0.0000000000e+00
32299,2024-12-11 20:55:00,0.067792,6.155329,4.352739,1.037 omega + 0.011 theta omega + 0.035 omega^2 + 0.001 theta^2 omega,0.000,0.0000000000e+00,0.0000000000e+00,0.0000000000e+00,0.0000000000e+00,0.0000000000e+00,0.0000000000e+00,0.0000000000e+00,0.0000000000e+00,0.0000000000e+00,0.0000000000e+00
32300,2024-12-11 21:00:00,0.183708,26.717088,18.892281,1.000 omega + -0.008 omega^2 + -0.040 omega^3,0.000,0.0000000000e+00,0.0000000000e+00,0.0000000000e+00,0.0000000000e+00,0.0000000000e+00,0.0000000000e+00,0.0000000000e+00,0.0000000000e+00,0.0000000000e+00,0.0000000000e+00
32301,2024-12-11 21:05:00,0.123669,11.480149,8.118162,0.994 omega + 0.027 omega^2,0.000,0.0000000000e+00,0.0000000000e+00,0.0000000000e+00,0.0000000000e+00,0.0000000000e+00,0.0000000000e+00,0.0000000000e+00,0.0000000000e+00,0.0000000000e+00,0.0000000000e+00
32302,2024-12-11 21:10:00,0.036575,2.057191,1.454884,0.996 omega + 0.001 theta omega + 0.154 omega^2 + -0.036 theta omega^2,0.000,0.0000000000e+00,0.0000000000e+00,0.0000000000e+00,0.0000000000e+00,0.0000000000e+00,0.0000000000e+00,0.0000000000e+00,0.0000000000e+00,0.0000000000e+00,0.0000000000e+00
32303,2024-12-11 21:15:00,0.082543,11.888671,8.406763,1.001 omega + 0.021 omega^2,0.000,0.0000000000e+00,0.0000000000e+00,0.0000000000e+00,0.0000000000e+00,0.0000000000e+00,0.0000000000e+00,0.0000000000e+00,0.0000000000e+00,0.0000000000e+00,0.0000000000e+00
32304,2024-12-11 21:20:00,0.135659,18.897504,13.362898,1.004 omega + -0.003 theta omega + -0.029 omega^2,0.000,0.0000000000e+00,0.0000000000e+00,0.0000000000e+00,0.0000000000e+00,0.0000000000e+00,0.0000000000e+00,0.0000000000e+00,0.0000000000e+00,0.0000000000e+00,0.0000000000e+00
32305,2024-12-11 21:25:00,0.089258,8.553276,6.048409,0.935 omega + -0.026 theta omega + -0.696 omega^2 + -0.003 theta^2 omega + -0.193 theta omega^2,0.000,0.0000000000e+00,0.0000000000e+00,0.0000000000e+00,0.0000000000e+00,0.0000000000e+00,0.0000000000e+00,0.0000000000e+00,0.0000000000e+00,0.0000000000e+00,0.0000000000e+00
32306,2024-12-11 21:30:00,0.098091,9.041800,6.393894,1.008 omega + -0.007 theta omega^2,0.000,0.0000000000e+00,0.0000000000e+00,0.0000000000e+00,0.0000000000e+00,0.0000000000e+00,0.0000000000e+00,0.0000000000e+00,0.0000000000e+00,0.0000000000e+00,0.0000000000e+00
32307,2024-12-11 21:35:00,0.075457,4.135907,2.925014,0.988 omega + -0.064 omega^2,0.000,0.0000000000e+00,0.0000000000e+00,0.0000000000e+00,0.0000000000e+00,0.0000000000e+00,0.0000000000e+00,0.0000000000e+00,0.0000000000e+00,0.0000000000e+00,0.0000000000e+00
32308,2024-12-11 21:40:00,0.102248,13.901714,9.830262,0.999 omega,-0.017 theta omega^2,0.0000000000e+00,0.0000000000e+00,0.0000000000e+00,0.0000000000e+00,0.0000000000e+00,0.0000000000e+00,0.0000000000e+00,0.0000000000e+00,-1.6772352463e-02,0.0000000000e+00
32309,2024-12-11 21:45:00,0.102855,9.671290,6.839021,1.009 omega + 0.001 theta omega + 0.019 omega^2,0.000,0.0000000000e+00,0.0000000000e+00,0.0000000000e+00,0.0000000000e+00,0.0000000000e+00,0.0000000000e+00,0.0000000000e+00,0.0000000000e+00,0.0000000000e+00,0.0000000000e+00
32310,2024-12-11 21:50:00,0.066193,3.024104,2.138877,1.003 omega + 0.022 omega^2 + -0.008 theta omega^2,0.000,0.0000000000e+00,0.0000000000e+00,0.0000000000e+00,0.0000000000e+00,0.0000000000e+00,0.0000000000e+00,0.0000000000e+00,0.0000000000e+00,0.0000000000e+00,0.0000000000e+00
32311,2024-12-11 21:55:00,0.076342,4.062464,2.873103,1.003 omega + -0.040 omega^2,0.000,0.0000000000e+00,0.0000000000e+00,0.0000000000e+00,0.0000000000e+00,0.0000000000e+00,0.0000000000e+00,0.0000000000e+00,0.0000000000e+00,0.0000000000e+00,0.0000000000e+00
32312,2024-12-11 22:00:00,0.121381,13.528761,9.566664,0.998 omega,0.000,0.0000000000e+00,0.0000000000e+00,0.0000000000e+00,0.0000000000e+00,0.0000000000e+00,0.0000000000e+00,0.0000000000e+00,0.0000000000e+00,0.0000000000e+00,0.0000000000e+00
32313,2024-12-11 22:05:00,0.163165,24.177128,17.096200,1.003 omega + 0.008 omega^2,0.000,0.0000000000e+00,0.0000000000e+00,0.0000000000e+00,0.0000000000e+00,0.0000000000e+00,0.0000000000e+00,0.0000000000e+00,0.0000000000e+00,0.0000000000e+00,0.0000000000e+00
32314,2024-12-11 22:10:00,0.076206,8.499460,6.010267,0.997 omega + -0.011 omega^2,0.000,0.0000000000e+00,0.0000000000e+00,0.0000000000e+00,0.0000000000e+00,0.0000000000e+00,0.0000000000e+00,0.0000000000e+00,0.0000000000e+00,0.0000000000e+00,0.0000000000e+00
32315,2024-12-11 22:15:00,0.110404,16.435863,11.622172,1.000 omega + 0.005 theta omega + 0.095 omega^2 + -0.129 theta omega^2,0.000,0.0000000000e+00,0.0000000000e+00,0.0000000000e+00,0.0000000000e+00,0.0000000000e+00,0.0000000000e+00,0.0000000000e+00,0.0000000000e+00,0.0000000000e+00,0.0000000000e+00
32316,2024-12-11 22:20:00,0.053324,5.491613,3.883340,1.018 omega + 0.011 theta omega + 0.002 theta^2 omega,0.000,0.0000000000e+00,0.0000000000e+00,0.0000000000e+00,0.0000000000e+00,0.0000000000e+00,0.0000000000e+00,0.0000000000e+00,0.0000000000e+00,0.0000000000e+00,0.0000000000e+00
32317,2024-12-11 22:25:00,0.067054,6.576836,4.650767,1.001 omega + -0.001 theta omega + -0.021 omega^2 + -0.006 theta omega^2,0.000,0.0000000000e+00,0.0000000000e+00,0.0000000000e+00,0.0000000000e+00,0.0000000000e+00,0.0000000000e+00,0.0000000000e+00,0.0000000000e+00,0.0000000000e+00,0.0000000000e+00
32318,2024-12-11 22:30:00,0.050915,3.112346,2.201055,1.005 omega + 0.006 omega^2 + -0.002 theta omega^2,0.000,0.0000000000e+00,0.0000000000e+00,0.0000000000e+00,0.0000000000e+00,0.0000000000e+00,0.0000000000e+00,0.0000000000e+00,0.0000000000e+00,0.0000000000e+00,0.0000000000e+00
32319,2024-12-11 22:35:00,0.069567,5.494359,3.885410,1.007 omega + 0.042 omega^2,0.000,0.0000000000e+00,0.0000000000e+00,0.0000000000e+00,0.0000000000e+00,0.0000000000e+00,0.0000000000e+00,0.0000000000e+00,0.0000000000e+00,0.0000000000e+00,0.0000000000e+00
32320,2024-12-11 22:40:00,0.067210,6.939879,4.907466,0.997 omega + -0.041 theta omega^2 + -0.125 omega^3,-0.083 theta omega^2,0.0000000000e+00,0.0000000000e+00,0.0000000000e+00,0.0000000000e+00,0.0000000000e+00,0.0000000000e+00,0.0000000000e+00,0.0000000000e+00,-8.3005290341e-02,0.0000000000e+00
32321,2024-12-11 22:45:00,0.064804,9.030757,6.385874,1.024 omega + -0.002 theta omega + -0.018 theta omega^2,0.000,0.0000000000e+00,0.0000000000e+00,0.0000000000e+00,0.0000000000e+00,0.0000000000e+00,0.0000000000e+00,0.0000000000e+00,0.0000000000e+00,0.0000000000e+00,0.0000000000e+00
32322,2024-12-11 22:50:00,0.055620,6.384103,4.514414,0.984 omega + 0.003 theta omega + 0.127 omega^2 + -0.019 theta omega^2,0.000,0.0000000000e+00,0.0000000000e+00,0.0000000000e+00,0.0000000000e+00,0.0000000000e+00,0.0000000000e+00,0.0000000000e+00,0.0000000000e+00,0.0000000000e+00,0.0000000000e+00
32323,2024-12-11 22:55:00,0.118008,12.959947,9.164446,0.998 omega,0.000,0.0000000000e+00,0.0000000000e+00,0.0000000000e+00,0.0000000000e+00,0.0000000000e+00,0.0000000000e+00,0.0000000000e+00,0.0000000000e+00,0.0000000000e+00,0.0000000000e+00
32324,2024-12-11 23:00:00,0.068280,9.505149,6.721329,1.023 omega + -0.007 theta omega + 0.001 theta^2 omega + -0.013 theta omega^2,0.000,0.0000000000e+00,0.0000000000e+00,0.0000000000e+00,0.0000000000e+00,0.0000000000e+00,0.0000000000e+00,0.0000000000e+00,0.0000000000e+00,0.0000000000e+00,0.0000000000e+00
32325,2024-12-11 23:05:00,0.051950,3.758759,2.658098,0.997 omega + -0.001 theta omega + -0.015 omega^2 + -0.005 theta omega^2,0.000,0.0000000000e+00,0.0000000000e+00,0.0000000000e+00,0.0000000000e+00,0.0000000000e+00,0.0000000000e+00,0.0000000000e+00,0.0000000000e+00,0.0000000000e+00,0.0000000000e+00
32326,2024-12-11 23:10:00,0.115303,14.498045,10.251990,0.995 omega + -0.019 omega^2,0.000,0.0000000000e+00,0.0000000000e+00,0.0000000000e+00,0.0000000000e+00,0.0000000000e+00,0.0000000000e+00,0.0000000000e+00,0.0000000000e+00,0.0000000000e+00,0.0000000000e+00
32327,2024-12-11 23:15:00,0.094559,9.379823,6.632874,0.996 omega + 0.031 omega^2 + -0.024 theta omega^2 + 0.542 omega^3,-0.033 theta omega^2,0.0000000000e+00,0.0000000000e+00,0.0000000000e+00,0.0000000000e+00,0.0000000000e+00,0.0000000000e+00,0.0000000000e+00,0.0000000000e+00,-3.3276801307e-02,0.0000000000e+00
32328,2024-12-11 23:20:00,0.083518,9.153024,6.472435,0.999 omega,-0.076 omega^2 + -0.049 theta omega^2,0.0000000000e+00,0.0000000000e+00,0.0000000000e+00,0.0000000000e+00,0.0000000000e+00,-7.5546867071e-02,0.0000000000e+00,0.0000000000e+00,-4.9152786125e-02,0.0000000000e+00
32329,2024-12-11 23:25:00,0.041014,3.291726,2.327783,1.000 omega + 0.005 theta omega + -0.001 theta^2 omega + -0.024 theta omega^2,0.000,0.0000000000e+00,0.0000000000e+00,0.0000000000e+00,0.0000000000e+00,0.0000000000e+00,0.0000000000e+00,0.0000000000e+00,0.0000000000e+00,0.0000000000e+00,0.0000000000e+00
32330,2024-12-11 23:30:00,0.095359,11.677393,8.257439,1.004 omega + -0.005 theta omega^2,0.000,0.0000000000e+00,0.0000000000e+00,0.0000000000e+00,0.0000000000e+00,0.0000000000e+00,0.0000000000e+00,0.0000000000e+00,0.0000000000e+00,0.0000000000e+00,0.0000000000e+00
32331,2024-12-11 23:35:00,0.035838,5.049551,3.570662,0.002 1 + 1.037 omega + 0.147 omega^2 + 0.001 theta omega^2,0.000,0.0000000000e+00,0.0000000000e+00,0.0000000000e+00,0.0000000000e+00,0.0000000000e+00,0.0000000000e+00,0.0000000000e+00,0.0000000000e+00,0.0000000000e+00,0.0000000000e+00
32332,2024-12-11 23:40:00,0.036593,3.262887,2.307355,0.988 omega + 0.001 theta omega + 0.405 omega^2 + -0.062 theta omega^2,0.000,0.0000000000e+00,0.0000000000e+00,0.0000000000e+00,0.0000000000e+00,0.0000000000e+00,0.0000000000e+00,0.0000000000e+00,0.0000000000e+00,0.0000000000e+00,0.0000000000e+00
32333,2024-12-11 23:45:00,0.074019,11.336091,8.015998,0.997 omega + 0.036 omega^2 + -0.003 theta omega^2,0.000,0.0000000000e+00,0.0000000000e+00,0.0000000000e+00,0.0000000000e+00,0.0000000000e+00,0.0000000000e+00,0.0000000000e+00,0.0000000000e+00,0.0000000000e+00,0.0000000000e+00
32334,2024-12-11 23:50:00,0.095643,15.934200,11.267384,1.008 omega + -0.008 theta omega + -0.049 omega^2 + 0.001 theta^2 omega,0.000,0.0000000000e+00,0.0000000000e+00,0.0000000000e+00,0.0000000000e+00,0.0000000000e+00,0.0000000000e+00,0.0000000000e+00,0.0000000000e+00,0.0000000000e+00,0.0000000000e+00
32335,2024-12-11 23:55:00,0.122630,11.577096,8.186703,0.999 omega,0.000,0.0000000000e+00,0.0000000000e+00,0.0000000000e+00,0.0000000000e+00,0.0000000000e+00,0.0000000000e+00,0.0000000000e+00,0.0000000000e+00,0.0000000000e+00,0.0000000000e+00
32336,2024-12-12 00:00:00,0.126455,14.567066,10.300859,0.994 omega + 0.025 omega^2 + -0.026 omega^3,0.000,0.0000000000e+00,0.0000000000e+00,0.0000000000e+00,0.0000000000e+00,0.0000000000e+00,0.0000000000e+00,0.0000000000e+00,0.0000000000e+00,0.0000000000e+00,0.0000000000e+00
32337,2024-12-12 00:05:00,0.093102,9.223266,6.522166,1.002 omega + 0.004 theta omega + -0.006 theta^2 omega,0.000,0.0000000000e+00,0.0000000000e+00,0.0000000000e+00,0.0000000000e+00,0.0000000000e+00,0.0000000000e+00,0.0000000000e+00,0.0000000000e+00,0.0000000000e+00,0.0000000000e+00
32338,2024-12-12 00:10:00,0.073061,9.190380,6.498786,0.937 omega + 0.014 theta omega + 0.776 omega^2 + -0.001 theta^2 omega + -0.141 theta omega^2,0.000,0.0000000000e+00,0.0000000000e+00,0.0000000000e+00,0.0000000000e+00,0.0000000000e+00,0.0000000000e+00,0.0000000000e+00,0.0000000000e+00,0.0000000000e+00,0.0000000000e+00
32339,2024-12-12 00:15:00,0.047741,8.801690,6.223826,1.006 omega + 0.029 theta omega + -0.032 omega^2 + 0.012 theta^2 omega,0.000,0.0000000000e+00,0.0000000000e+00,0.0000000000e+00,0.0000000000e+00,0.0000000000e+00,0.0000000000e+00,0.0000000000e+00,0.0000000000e+00,0.0000000000e+00,0.0000000000e+00
32340,2024-12-12 00:20:00,0.114290,18.089168,12.791228,1.001 omega + -0.061 theta omega^2,0.000,0.0000000000e+00,0.0000000000e+00,0.0000000000e+00,0.0000000000e+00,0.0000000000e+00,0.0000000000e+00,0.0000000000e+00,0.0000000000e+00,0.0000000000e+00,0.0000000000e+00
32341,2024-12-12 00:25:00,0.041448,4.229310,2.990717,0.997 omega + 0.004 theta omega + 0.123 omega^2 + -0.024 theta omega^2,0.000,0.0000000000e+00,0.0000000000e+00,0.0000000000e+00,0.0000000000e+00,0.0000000000e+00,0.0000000000e+00,0.0000000000e+00,0.0000000000e+00,0.0000000000e+00,0.0000000000e+00
32342,2024-12-12 00:30:00,0.039603,5.532117,3.911898,1.004 omega + -0.087 omega^2 + 0.005 theta omega^2,0.000,0.0000000000e+00,0.0000000000e+00,0.0000000000e+00,0.0000000000e+00,0.0000000000e+00,0.0000000000e+00,0.0000000000e+00,0.0000000000e+00,0.0000000000e+00,0.0000000000e+00
32343,2024-12-12 00:35:00,0.075283,10.013197,7.080600,0.989 omega + 0.041 omega^2,0.000,0.0000000000e+00,0.0000000000e+00,0.0000000000e+00,0.0000000000e+00,0.0000000000e+00,0.0000000000e+00,0.0000000000e+00,0.0000000000e+00,0.0000000000e+00,0.0000000000e+00
32344,2024-12-12 00:40:00,0.090082,11.080500,7.835356,1.000 omega + 0.031 omega^2 + -0.017 theta omega^2,0.000,0.0000000000e+00,0.0000000000e+00,0.0000000000e+00,0.0000000000e+00,0.0000000000e+00,0.0000000000e+00,0.0000000000e+00,0.0000000000e+00,0.0000000000e+00,0.0000000000e+00
32345,2024-12-12 00:45:00,0.130405,15.664556,11.076897,1.001 omega + -0.003 theta omega^2,0.000,0.0000000000e+00,0.0000000000e+00,0.0000000000e+00,0.0000000000e+00,0.0000000000e+00,0.0000000000e+00,0.0000000000e+00,0.0000000000e+00,0.0000000000e+00,0.0000000000e+00
32346,2024-12-12 00:50:00,0.042245,5.635007,3.984663,0.997 omega + 0.043 omega^2,0.000,0.0000000000e+00,0.0000000000e+00,0.0000000000e+00,0.0000000000e+00,0.0000000000e+00,0.0000000000e+00,0.0000000000e+00,0.0000000000e+00,0.0000000000e+00,0.0000000000e+00
32347,2024-12-12 00:55:00,0.127270,7.517606,5.316512,1.001 omega + 0.013 omega^2,0.000,0.0000000000e+00,0.0000000000e+00,0.0000000000e+00,0.0000000000e+00,0.0000000000e+00,0.0000000000e+00,0.0000000000e+00,0.0000000000e+00,0.0000000000e+00,0.0000000000e+00
32348,2024-12-12 01:00:00,0.041230,3.089272,2.184639,-0.001 1 + 1.011 omega + -0.026 omega^2 + -0.003 theta omega^2,0.000,0.0000000000e+00,0.0000000000e+00,0.0000000000e+00,0.0000000000e+00,0.0000000000e+00,0.0000000000e+00,0.0000000000e+00,0.0000000000e+00,0.0000000000e+00,0.0000000000e+00
32349,2024-12-12 01:05:00,0.079418,12.710526,8.987875,1.002 omega + -0.032 omega^2,0.000,0.0000000000e+00,0.0000000000e+00,0.0000000000e+00,0.0000000000e+00,0.0000000000e+00,0.0000000000e+00,0.0000000000e+00,0.0000000000e+00,0.0000000000e+00,0.0000000000e+00
32350,2024-12-12 01:10:00,0.063063,1.926962,1.363297,1.002 omega + -0.004 omega^2,0.000,0.0000000000e+00,0.0000000000e+00,0.0000000000e+00,0.0000000000e+00,0.0000000000e+00,0.0000000000e+00,0.0000000000e+00,0.0000000000e+00,0.0000000000e+00,0.0000000000e+00
32351,2024-12-12 01:15:00,0.024173,2.288456,1.618273,-0.001 1 + 1.012 omega + -0.018 omega^2,0.000,0.0000000000e+00,0.0000000000e+00,0.0000000000e+00,0.0000000000e+00,0.0000000000e+00,0.0000000000e+00,0.0000000000e+00,0.0000000000e+00,0.0000000000e+00,0.0000000000e+00
32352,2024-12-12 01:20:00,0.035401,5.879082,4.157214,0.012 1 + 0.879 omega + 0.309 omega^2,0.000,0.0000000000e+00,0.0000000000e+00,0.0000000000e+00,0.0000000000e+00,0.0000000000e+00,0.0000000000e+00,0.0000000000e+00,0.0000000000e+00,0.0000000000e+00,0.0000000000e+00
32353,2024-12-12 01:25:00,0.107744,11.837930,8.371027,1.000 omega + -0.012 omega^3,-0.010 theta omega^2,0.0000000000e+00,0.0000000000e+00,0.0000000000e+00,0.0000000000e+00,0.0000000000e+00,0.0000000000e+00,0.0000000000e+00,0.0000000000e+00,-1.0198642838e-02,0.0000000000e+00
32354,2024-12-12 01:30:00,0.049989,2.910170,2.058105,0.998 omega,-0.014 theta omega^2,0.0000000000e+00,0.0000000000e+00,0.0000000000e+00,0.0000000000e+00,0.0000000000e+00,0.0000000000e+00,0.0000000000e+00,0.0000000000e+00,-1.3728815206e-02,0.0000000000e+00
32355,2024-12-12 01:35:00,0.092303,10.089798,7.134863,0.992 omega + 0.056 omega^2 + -0.001 theta omega^2,0.000,0.0000000000e+00,0.0000000000e+00,0.0000000000e+00,0.0000000000e+00,0.0000000000e+00,0.0000000000e+00,0.0000000000e+00,0.0000000000e+00,0.0000000000e+00,0.0000000000e+00
32356,2024-12-12 01:40:00,0.063023,4.665156,3.299065,0.999 omega + -0.002 theta omega + 0.133 omega^2 + -0.031 theta omega^2,-0.019 theta omega^2,0.0000000000e+00,0.0000000000e+00,0.0000000000e+00,0.0000000000e+00,0.0000000000e+00,0.0000000000e+00,0.0000000000e+00,0.0000000000e+00,-1.9391821679e-02,0.0000000000e+00
32357,2024-12-12 01:45:00,0.116551,15.683602,11.090287,1.006 omega + 0.020 omega^2 + -0.001 theta omega^2,0.000,0.0000000000e+00,0.0000000000e+00,0.0000000000e+00,0.0000000000e+00,0.0000000000e+00,0.0000000000e+00,0.0000000000e+00,0.0000000000e+00,0.0000000000e+00,0.0000000000e+00
32358,2024-12-12 01:50:00,0.082841,12.461551,8.811842,0.999 omega + 0.011 omega^2 + 0.001 theta omega^2,0.000,0.0000000000e+00,0.0000000000e+00,0.0000000000e+00,0.0000000000e+00,0.0000000000e+00,0.0000000000e+00,0.0000000000e+00,0.0000000000e+00,0.0000000000e+00,0.0000000000e+00
32359,2024-12-12 01:55:00,0.071063,7.835800,5.540975,1.000 omega + 0.003 omega^2,0.000,0.0000000000e+00,0.0000000000e+00,0.0000000000e+00,0.0000000000e+00,0.0000000000e+00,0.0000000000e+00,0.0000000000e+00,0.0000000000e+00,0.0000000000e+00,0.0000000000e+00
32360,2024-12-12 02:00:00,0.113890,10.773630,7.618533,1.009 omega + -0.058 omega^2 + -0.004 theta omega^2 + -0.628 omega^3,0.000,0.0000000000e+00,0.0000000000e+00,0.0000000000e+00,0.0000000000e+00,0.0000000000e+00,0.0000000000e+00,0.0000000000e+00,0.0000000000e+00,0.0000000000e+00,0.0000000000e+00
32361,2024-12-12 02:05:00,0.142455,23.124075,16.351501,1.001 omega + -0.007 omega^2,0.000,0.0000000000e+00,0.0000000000e+00,0.0000000000e+00,0.0000000000e+00,0.0000000000e+00,0.0000000000e+00,0.0000000000e+00,0.0000000000e+00,0.0000000000e+00,0.0000000000e+00
32362,2024-12-12 02:10:00,0.157305,16.343741,11.557305,1.001 omega,0.000,0.0000000000e+00,0.0000000000e+00,0.0000000000e+00,0.0000000000e+00,0.0000000000e+00,0.0000000000e+00,0.0000000000e+00,0.0000000000e+00,0.0000000000e+00,0.0000000000e+00
32363,2024-12-12 02:15:00,0.046390,2.878634,2.035766,-0.001 1 + 1.018 omega + -0.063 omega^2 + -0.001 theta omega^2,0.000,0.0000000000e+00,0.0000000000e+00,0.0000000000e+00,0.0000000000e+00,0.0000000000e+00,0.0000000000e+00,0.0000000000e+00,0.0000000000e+00,0.0000000000e+00,0.0000000000e+00
32364,2024-12-12 02:20:00,0.109955,13.793440,9.753745,1.000 omega,0.000,0.0000000000e+00,0.0000000000e+00,0.0000000000e+00,0.0000000000e+00,0.0000000000e+00,0.0000000000e+00,0.0000000000e+00,0.0000000000e+00,0.0000000000e+00,0.0000000000e+00
32365,2024-12-12 02:25:00,0.168141,24.592739,17.390099,1.004 omega + -0.002 theta omega + -0.026 omega^2,0.000,0.0000000000e+00,0.0000000000e+00,0.0000000000e+00,0.0000000000e+00,0.0000000000e+00,0.0000000000e+00,0.0000000000e+00,0.0000000000e+00,0.0000000000e+00,0.0000000000e+00
32366,2024-12-12 02:30:00,0.180625,26.389219,18.660433,1.001 omega,0.000,0.0000000000e+00,0.0000000000e+00,0.0000000000e+00,0.0000000000e+00,0.0000000000e+00,0.0000000000e+00,0.0000000000e+00,0.0000000000e+00,0.0000000000e+00,0.0000000000e+00
32367,2024-12-12 02:35:00,0.089718,10.136318,7.167740,0.992 omega + 0.042 omega^2,0.000,0.0000000000e+00,0.0000000000e+00,0.0000000000e+00,0.0000000000e+00,0.0000000000e+00,0.0000000000e+00,0.0000000000e+00,0.0000000000e+00,0.0000000000e+00,0.0000000000e+00
32368,2024-12-12 02:40:00,0.039374,3.299096,2.332979,0.966 omega + 0.002 theta omega + 0.198 omega^2 + -0.015 theta omega^2,0.000,0.0000000000e+00,0.0000000000e+00,0.0000000000e+00,0.0000000000e+00,0.0000000000e+00,0.0000000000e+00,0.0000000000e+00,0.0000000000e+00,0.0000000000e+00,0.0000000000e+00
32369,2024-12-12 02:45:00,0.046035,3.280325,2.319768,0.996 omega + 0.029 omega^2,0.000,0.0000000000e+00,0.0000000000e+00,0.0000000000e+00,0.0000000000e+00,0.0000000000e+00,0.0000000000e+00,0.0000000000e+00,0.0000000000e+00,0.0000000000e+00,0.0000000000e+00
32370,2024-12-12 02:50:00,0.040394,6.328235,4.474829,-0.001 1 + 1.037 omega + 0.001 theta omega + -0.498 omega^2 + -0.005 theta omega^2 + 1.789 omega^3,0.000,0.0000000000e+00,0.0000000000e+00,0.0000000000e+00,0.0000000000e+00,0.0000000000e+00,0.0000000000e+00,0.0000000000e+00,0.0000000000e+00,0.0000000000e+00,0.0000000000e+00
32371,2024-12-12 02:55:00,0.039011,4.615382,3.263685,0.002 1 + 0.930 omega + 0.002 theta omega + 0.409 omega^2 + -0.017 theta omega^2,0.000,0.0000000000e+00,0.0000000000e+00,0.0000000000e+00,0.0000000000e+00,0.0000000000e+00,0.0000000000e+00,0.0000000000e+00,0.0000000000e+00,0.0000000000e+00,0.0000000000e+00
32372,2024-12-12 03:00:00,0.120565,11.203864,7.922787,0.996 omega + 0.006 omega^2 + -0.012 theta omega^2 + 0.497 omega^3,0.031 omega^2,0.0000000000e+00,0.0000000000e+00,0.0000000000e+00,0.0000000000e+00,0.0000000000e+00,3.0800714213e-02,0.0000000000e+00,0.0000000000e+00,0.0000000000e+00,0.0000000000e+00
32373,2024-12-12 03:05:00,0.078261,11.139846,7.877255,1.007 omega + -0.001 theta omega + 0.007 omega^2,0.000,0.0000000000e+00,0.0000000000e+00,0.0000000000e+00,0.0000000000e+00,0.0000000000e+00,0.0000000000e+00,0.0000000000e+00,0.0000000000e+00,0.0000000000e+00,0.0000000000e+00
32374,2024-12-12 03:10:00,0.044647,3.068891,2.170263,1.001 omega + 0.035 omega^2 + -0.006 theta omega^2,0.000,0.0000000000e+00,0.0000000000e+00,0.0000000000e+00,0.0000000000e+00,0.0000000000e+00,0.0000000000e+00,0.0000000000e+00,0.0000000000e+00,0.0000000000e+00,0.0000000000e+00
32375,2024-12-12 03:15:00,0.088493,3.623777,2.563162,1.001 omega,0.000,0.0000000000e+00,0.0000000000e+00,0.0000000000e+00,0.0000000000e+00,0.0000000000e+00,0.0000000000e+00,0.0000000000e+00,0.0000000000e+00,0.0000000000e+00,0.0000000000e+00
32376,2024-12-12 03:20:00,0.051725,6.584598,4.656158,0.976 omega + 0.450 omega^2 + -0.007 theta omega^2 + -1.523 omega^3,0.000,0.0000000000e+00,0.0000000000e+00,0.0000000000e+00,0.0000000000e+00,0.0000000000e+00,0.0000000000e+00,0.0000000000e+00,0.0000000000e+00,0.0000000000e+00,0.0000000000e+00
32377,2024-12-12 03:25:00,0.106529,16.989326,12.013504,1.039 omega + -0.458 omega^2 + -0.001 theta omega^2 + 1.528 omega^3,0.000,0.0000000000e+00,0.0000000000e+00,0.0000000000e+00,0.0000000000e+00,0.0000000000e+00,0.0000000000e+00,0.0000000000e+00,0.0000000000e+00,0.0000000000e+00,0.0000000000e+00
32378,2024-12-12 03:30:00,0.099250,15.104174,10.680495,0.001 1 + 0.990 omega + 0.025 omega^2,0.000,0.0000000000e+00,0.0000000000e+00,0.0000000000e+00,0.0000000000e+00,0.0000000000e+00,0.0000000000e+00,0.0000000000e+00,0.0000000000e+00,0.0000000000e+00,0.0000000000e+00
32379,2024-12-12 03:35:00,0.125834,8.669406,6.130841,1.000 omega,0.000,0.0000000000e+00,0.0000000000e+00,0.0000000000e+00,0.0000000000e+00,0.0000000000e+00,0.0000000000e+00,0.0000000000e+00,0.0000000000e+00,0.0000000000e+00,0.0000000000e+00
32380,2024-12-12 03:40:00,0.070626,8.702295,6.153654,0.993 omega + -0.045 omega^2 + 0.001 theta omega^2,0.000,0.0000000000e+00,0.0000000000e+00,0.0000000000e+00,0.0000000000e+00,0.0000000000e+00,0.0000000000e+00,0.0000000000e+00,0.0000000000e+00,0.0000000000e+00,0.0000000000e+00
32381,2024-12-12 03:45:00,0.148270,17.152020,12.128763,1.003 omega + -0.047 omega^2 + -0.370 omega^3,0.000,0.0000000000e+00,0.0000000000e+00,0.0000000000e+00,0.0000000000e+00,0.0000000000e+00,0.0000000000e+00,0.0000000000e+00,0.0000000000e+00,0.0000000000e+00,0.0000000000e+00
32382,2024-12-12 03:50:00,0.106977,15.784927,11.161885,0.999 omega + 0.012 omega^2,0.000,0.0000000000e+00,0.0000000000e+00,0.0000000000e+00,0.0000000000e+00,0.0000000000e+00,0.0000000000e+00,0.0000000000e+00,0.0000000000e+00,0.0000000000e+00,0.0000000000e+00
32383,2024-12-12 03:55:00,0.115167,18.324164,12.957396,0.002 1 + 1.039 omega + 0.177 omega^2 + 0.244 omega^3,0.000,0.0000000000e+00,0.0000000000e+00,0.0000000000e+00,0.0000000000e+00,0.0000000000e+00,0.0000000000e+00,0.0000000000e+00,0.0000000000e+00,0.0000000000e+00,0.0000000000e+00
32384,2024-12-12 04:00:00,0.051537,4.035052,2.853446,0.994 omega + -0.042 omega^2 + -0.091 omega^3,0.000,0.0000000000e+00,0.0000000000e+00,0.0000000000e+00,0.0000000000e+00,0.0000000000e+00,0.0000000000e+00,0.0000000000e+00,0.0000000000e+00,0.0000000000e+00,0.0000000000e+00
32385,2024-12-12 04:05:00,0.023124,1.244708,0.880293,-0.004 1 + 0.958 omega + -0.125 omega^2,0.000,0.0000000000e+00,0.0000000000e+00,0.0000000000e+00,0.0000000000e+00,0.0000000000e+00,0.0000000000e+00,0.0000000000e+00,0.0000000000e+00,0.0000000000e+00,0.0000000000e+00
32386,2024-12-12 04:10:00,0.144002,19.207621,13.582221,1.000 omega + 0.009 omega^2 + -0.001 theta omega^2,0.000,0.0000000000e+00,0.0000000000e+00,0.0000000000e+00,0.0000000000e+00,0.0000000000e+00,0.0000000000e+00,0.0000000000e+00,0.0000000000e+00,0.0000000000e+00,0.0000000000e+00
32387,2024-12-12 04:15:00,0.085466,7.636814,5.400381,0.986 omega + -0.001 theta omega + 0.035 omega^2 + 0.418 omega^3,-0.018 theta omega^2,0.0000000000e+00,0.0000000000e+00,0.0000000000e+00,0.0000000000e+00,0.0000000000e+00,0.0000000000e+00,0.0000000000e+00,0.0000000000e+00,-1.8161583739e-02,0.0000000000e+00
32388,2024-12-12 04:20:00,0.075378,10.308966,7.289735,1.011 omega + -0.001 theta omega + -0.013 omega^2 + -0.002 theta omega^2,0.000,0.0000000000e+00,0.0000000000e+00,0.0000000000e+00,0.0000000000e+00,0.0000000000e+00,0.0000000000e+00,0.0000000000e+00,0.0000000000e+00,0.0000000000e+00,0.0000000000e+00
32389,2024-12-12 04:25:00,0.133012,11.236995,7.946312,0.999 omega + -0.004 omega^2,0.000,0.0000000000e+00,0.0000000000e+00,0.0000000000e+00,0.0000000000e+00,0.0000000000e+00,0.0000000000e+00,0.0000000000e+00,0.0000000000e+00,0.0000000000e+00,0.0000000000e+00
32390,2024-12-12 04:30:00,0.129651,8.262885,5.843462,1.012 omega + 0.065 omega^2 + -0.860 omega^3,0.000,0.0000000000e+00,0.0000000000e+00,0.0000000000e+00,0.0000000000e+00,0.0000000000e+00,0.0000000000e+00,0.0000000000e+00,0.0000000000e+00,0.0000000000e+00,0.0000000000e+00
32391,2024-12-12 04:35:00,0.110041,11.518680,8.145309,0.990 omega + 0.051 omega^2,0.000,0.0000000000e+00,0.0000000000e+00,0.0000000000e+00,0.0000000000e+00,0.0000000000e+00,0.0000000000e+00,0.0000000000e+00,0.0000000000e+00,0.0000000000e+00,0.0000000000e+00
32392,2024-12-12 04:40:00,0.142799,24.272526,17.163565,1.005 omega + -0.061 omega^2 + 0.179 omega^3,0.000,0.0000000000e+00,0.0000000000e+00,0.0000000000e+00,0.0000000000e+00,0.0000000000e+00,0.0000000000e+00,0.0000000000e+00,0.0000000000e+00,0.0000000000e+00,0.0000000000e+00
32393,2024-12-12 04:45:00,0.201516,30.350055,21.461203,1.025 omega + -0.201 omega^2 + 0.398 omega^3,0.000,0.0000000000e+00,0.0000000000e+00,0.0000000000e+00,0.0000000000e+00,0.0000000000e+00,0.0000000000e+00,0.0000000000e+00,0.0000000000e+00,0.0000000000e+00,0.0000000000e+00
32394,2024-12-12 04:50:00,0.062092,6.868173,4.856730,1.001 omega + -0.028 omega^2 + 0.002 theta omega^2,0.000,0.0000000000e+00,0.0000000000e+00,0.0000000000e+00,0.0000000000e+00,0.0000000000e+00,0.0000000000e+00,0.0000000000e+00,0.0000000000e+00,0.0000000000e+00,0.0000000000e+00
32395,2024-12-12 04:55:00,0.107866,12.115573,8.567344,1.002 omega,0.000,0.0000000000e+00,0.0000000000e+00,0.0000000000e+00,0.0000000000e+00,0.0000000000e+00,0.0000000000e+00,0.0000000000e+00,0.0000000000e+00,0.0000000000e+00,0.0000000000e+00
32396,2024-12-12 05:00:00,0.183203,17.354963,12.272495,1.000 omega,0.000,0.0000000000e+00,0.0000000000e+00,0.0000000000e+00,0.0000000000e+00,0.0000000000e+00,0.0000000000e+00,0.0000000000e+00,0.0000000000e+00,0.0000000000e+00,0.0000000000e+00
32397,2024-12-12 05:05:00,0.078829,9.096332,6.432319,0.998 omega + -0.006 omega^2,0.000,0.0000000000e+00,0.0000000000e+00,0.0000000000e+00,0.0000000000e+00,0.0000000000e+00,0.0000000000e+00,0.0000000000e+00,0.0000000000e+00,0.0000000000e+00,0.0000000000e+00
32398,2024-12-12 05:10:00,0.038367,3.079478,2.177689,1.011 omega + 0.079 omega^2 + 0.001 theta omega^2,0.000,0.0000000000e+00,0.0000000000e+00,0.0000000000e+00,0.0000000000e+00,0.0000000000e+00,0.0000000000e+00,0.0000000000e+00,0.0000000000e+00,0.0000000000e+00,0.0000000000e+00
32399,2024-12-12 05:15:00,0.085247,11.551836,8.168604,0.997 omega + 0.001 theta omega,0.107 omega^2,0.0000000000e+00,0.0000000000e+00,0.0000000000e+00,0.0000000000e+00,0.0000000000e+00,1.0682601609e-01,0.0000000000e+00,0.0000000000e+00,0.0000000000e+00,0.0000000000e+00
32400,2024-12-12 05:20:00,0.047680,1.538871,1.088668,1.001 omega + -0.003 theta omega^2,0.000,0.0000000000e+00,0.0000000000e+00,0.0000000000e+00,0.0000000000e+00,0.0000000000e+00,0.0000000000e+00,0.0000000000e+00,0.0000000000e+00,0.0000000000e+00,0.0000000000e+00
32401,2024-12-12 05:25:00,0.111127,13.103537,9.265933,0.996 omega + -0.003 theta omega^2,0.000,0.0000000000e+00,0.0000000000e+00,0.0000000000e+00,0.0000000000e+00,0.0000000000e+00,0.0000000000e+00,0.0000000000e+00,0.0000000000e+00,0.0000000000e+00,0.0000000000e+00
32402,2024-12-12 05:30:00,0.118635,18.344583,12.971850,0.973 omega + -0.006 theta omega + -0.203 omega^2 + -0.054 theta omega^2,0.000,0.0000000000e+00,0.0000000000e+00,0.0000000000e+00,0.0000000000e+00,0.0000000000e+00,0.0000000000e+00,0.0000000000e+00,0.0000000000e+00,0.0000000000e+00,0.0000000000e+00
32403,2024-12-12 05:35:00,0.220873,32.706124,23.127250,0.999 omega + 0.093 omega^2 + -0.489 omega^3,0.000,0.0000000000e+00,0.0000000000e+00,0.0000000000e+00,0.0000000000e+00,0.0000000000e+00,0.0000000000e+00,0.0000000000e+00,0.0000000000e+00,0.0000000000e+00,0.0000000000e+00
32404,2024-12-12 05:40:00,0.139675,13.256284,9.374129,1.002 omega + -0.029 omega^2,0.000,0.0000000000e+00,0.0000000000e+00,0.0000000000e+00,0.0000000000e+00,0.0000000000e+00,0.0000000000e+00,0.0000000000e+00,0.0000000000e+00,0.0000000000e+00,0.0000000000e+00
32405,2024-12-12 05:45:00,0.078803,11.468290,8.109497,1.005 omega + 0.001 theta omega + -0.013 omega^2,0.000,0.0000000000e+00,0.0000000000e+00,0.0000000000e+00,0.0000000000e+00,0.0000000000e+00,0.0000000000e+00,0.0000000000e+00,0.0000000000e+00,0.0000000000e+00,0.0000000000e+00
32406,2024-12-12 05:50:00,0.158482,19.015287,13.446305,1.003 omega + -0.004 theta omega^2,0.000,0.0000000000e+00,0.0000000000e+00,0.0000000000e+00,0.0000000000e+00,0.0000000000e+00,0.0000000000e+00,0.0000000000e+00,0.0000000000e+00,0.0000000000e+00,0.0000000000e+00
32407,2024-12-12 05:55:00,0.146610,17.670958,12.495684,0.996 omega + -0.003 omega^2,0.000,0.0000000000e+00,0.0000000000e+00,0.0000000000e+00,0.0000000000e+00,0.0000000000e+00,0.0000000000e+00,0.0000000000e+00,0.0000000000e+00,0.0000000000e+00,0.0000000000e+00
32408,2024-12-12 06:00:00,0.037732,2.714197,1.919412,0.987 omega + 0.060 omega^2,0.000,0.0000000000e+00,0.0000000000e+00,0.0000000000e+00,0.0000000000e+00,0.0000000000e+00,0.0000000000e+00,0.0000000000e+00,0.0000000000e+00,0.0000000000e+00,0.0000000000e+00
32409,2024-12-12 06:05:00,0.127584,9.546305,6.750860,0.999 omega,0.000,0.0000000000e+00,0.0000000000e+00,0.0000000000e+00,0.0000000000e+00,0.0000000000e+00,0.0000000000e+00,0.0000000000e+00,0.0000000000e+00,0.0000000000e+00,0.0000000000e+00
32410,2024-12-12 06:10:00,0.039854,2.061066,1.457666,1.005 omega + 0.036 omega^2 + 0.001 theta omega^2,0.000,0.0000000000e+00,0.0000000000e+00,0.0000000000e+00,0.0000000000e+00,0.0000000000e+00,0.0000000000e+00,0.0000000000e+00,0.0000000000e+00,0.0000000000e+00,0.0000000000e+00
32411,2024-12-12 06:15:00,0.090686,15.511390,10.968396,1.023 omega + -0.003 theta omega + -0.016 theta omega^2,0.016 omega + -0.036 theta omega^2,0.0000000000e+00,0.0000000000e+00,1.5899640937e-02,0.0000000000e+00,0.0000000000e+00,0.0000000000e+00,0.0000000000e+00,0.0000000000e+00,-3.6442736379e-02,0.0000000000e+00
32412,2024-12-12 06:20:00,0.034497,1.437152,1.016512,0.999 omega + 0.007 omega^2 + 0.001 theta omega^2,0.000,0.0000000000e+00,0.0000000000e+00,0.0000000000e+00,0.0000000000e+00,0.0000000000e+00,0.0000000000e+00,0.0000000000e+00,0.0000000000e+00,0.0000000000e+00,0.0000000000e+00
32413,2024-12-12 06:25:00,0.097538,12.100987,8.556968,1.000 omega + 0.065 omega^2 + -0.013 theta omega^2 + -0.120 omega^3,0.110 omega^2 + -0.028 theta omega^2,0.0000000000e+00,0.0000000000e+00,0.0000000000e+00,0.0000000000e+00,0.0000000000e+00,1.1039769594e-01,0.0000000000e+00,0.0000000000e+00,-2.8453060182e-02,0.0000000000e+00
32414,2024-12-12 06:30:00,0.127228,17.913986,12.667421,0.999 omega + 0.009 omega^2,0.000,0.0000000000e+00,0.0000000000e+00,0.0000000000e+00,0.0000000000e+00,0.0000000000e+00,0.0000000000e+00,0.0000000000e+00,0.0000000000e+00,0.0000000000e+00,0.0000000000e+00
32415,2024-12-12 06:35:00,0.071861,8.472145,5.990927,0.997 omega + -0.021 omega^2,0.000,0.0000000000e+00,0.0000000000e+00,0.0000000000e+00,0.0000000000e+00,0.0000000000e+00,0.0000000000e+00,0.0000000000e+00,0.0000000000e+00,0.0000000000e+00,0.0000000000e+00
32416,2024-12-12 06:40:00,0.050938,6.665245,4.713178,0.999 omega + -0.006 omega^2,0.000,0.0000000000e+00,0.0000000000e+00,0.0000000000e+00,0.0000000000e+00,0.0000000000e+00,0.0000000000e+00,0.0000000000e+00,0.0000000000e+00,0.0000000000e+00,0.0000000000e+00
32417,2024-12-12 06:45:00,0.088926,13.688417,9.679377,0.999 omega + 0.010 omega^2,0.000,0.0000000000e+00,0.0000000000e+00,0.0000000000e+00,0.0000000000e+00,0.0000000000e+00,0.0000000000e+00,0.0000000000e+00,0.0000000000e+00,0.0000000000e+00,0.0000000000e+00
32418,2024-12-12 06:50:00,0.065501,8.154490,5.766281,1.006 omega + 0.001 theta omega + -0.041 omega^2,0.000,0.0000000000e+00,0.0000000000e+00,0.0000000000e+00,0.0000000000e+00,0.0000000000e+00,0.0000000000e+00,0.0000000000e+00,0.0000000000e+00,0.0000000000e+00,0.0000000000e+00
32419,2024-12-12 06:55:00,0.083193,12.735676,9.005675,0.999 omega,0.000,0.0000000000e+00,0.0000000000e+00,0.0000000000e+00,0.0000000000e+00,0.0000000000e+00,0.0000000000e+00,0.0000000000e+00,0.0000000000e+00,0.0000000000e+00,0.0000000000e+00
32420,2024-12-12 07:00:00,0.066318,3.209063,2.269634,-0.001 1 + 1.001 omega + 0.011 omega^2,0.000,0.0000000000e+00,0.0000000000e+00,0.0000000000e+00,0.0000000000e+00,0.0000000000e+00,0.0000000000e+00,0.0000000000e+00,0.0000000000e+00,0.0000000000e+00,0.0000000000e+00
32421,2024-12-12 07:05:00,0.079170,6.844712,4.840266,1.001 omega + 0.025 omega^2 + -0.007 theta omega^2,0.000,0.0000000000e+00,0.0000000000e+00,0.0000000000e+00,0.0000000000e+00,0.0000000000e+00,0.0000000000e+00,0.0000000000e+00,0.0000000000e+00,0.0000000000e+00,0.0000000000e+00
32422,2024-12-12 07:10:00,0.081816,5.364721,3.793871,0.999 omega + 0.044 omega^2 + -0.007 theta omega^2,0.000,0.0000000000e+00,0.0000000000e+00,0.0000000000e+00,0.0000000000e+00,0.0000000000e+00,0.0000000000e+00,0.0000000000e+00,0.0000000000e+00,0.0000000000e+00,0.0000000000e+00
32423,2024-12-12 07:15:00,0.152916,24.041778,17.000448,1.009 omega + 0.078 omega^2 + -0.002 theta omega^2 + -0.682 omega^3,0.000,0.0000000000e+00,0.0000000000e+00,0.0000000000e+00,0.0000000000e+00,0.0000000000e+00,0.0000000000e+00,0.0000000000e+00,0.0000000000e+00,0.0000000000e+00,0.0000000000e+00
32424,2024-12-12 07:20:00,0.044200,1.973745,1.395998,0.001 1 + 0.996 omega + -0.001 theta omega + 0.009 theta omega^2,0.000,0.0000000000e+00,0.0000000000e+00,0.0000000000e+00,0.0000000000e+00,0.0000000000e+00,0.0000000000e+00,0.0000000000e+00,0.0000000000e+00,0.0000000000e+00,0.0000000000e+00
32425,2024-12-12 07:25:00,0.088997,7.608731,5.380554,0.981 omega + -0.010 theta omega + -0.001 theta^2 omega,0.000,0.0000000000e+00,0.0000000000e+00,0.0000000000e+00,0.0000000000e+00,0.0000000000e+00,0.0000000000e+00,0.0000000000e+00,0.0000000000e+00,0.0000000000e+00,0.0000000000e+00
32426,2024-12-12 07:30:00,0.036637,2.987519,2.112654,0.998 omega + 0.005 omega^2 + 0.001 theta omega^2,0.000,0.0000000000e+00,0.0000000000e+00,0.0000000000e+00,0.0000000000e+00,0.0000000000e+00,0.0000000000e+00,0.0000000000e+00,0.0000000000e+00,0.0000000000e+00,0.0000000000e+00
32427,2024-12-12 07:35:00,0.053243,1.853846,1.311408,0.996 omega + 0.074 omega^2 + -0.004 theta omega^2,0.000,0.0000000000e+00,0.0000000000e+00,0.0000000000e+00,0.0000000000e+00,0.0000000000e+00,0.0000000000e+00,0.0000000000e+00,0.0000000000e+00,0.0000000000e+00,0.0000000000e+00
32428,2024-12-12 07:40:00,0.071467,8.401461,5.940945,1.012 omega + 0.004 theta omega + -0.296 omega^2 + -0.142 theta omega^2,0.000,0.0000000000e+00,0.0000000000e+00,0.0000000000e+00,0.0000000000e+00,0.0000000000e+00,0.0000000000e+00,0.0000000000e+00,0.0000000000e+00,0.0000000000e+00,0.0000000000e+00
32429,2024-12-12 07:45:00,0.119585,18.554197,13.120071,1.002 omega + -0.021 omega^2,0.000,0.0000000000e+00,0.0000000000e+00,0.0000000000e+00,0.0000000000e+00,0.0000000000e+00,0.0000000000e+00,0.0000000000e+00,0.0000000000e+00,0.0000000000e+00,0.0000000000e+00
32430,2024-12-12 07:50:00,0.092799,14.125375,9.988364,0.001 1 + 0.992 omega + 0.056 omega^2 + -0.003 theta omega^2,0.000,0.0000000000e+00,0.0000000000e+00,0.0000000000e+00,0.0000000000e+00,0.0000000000e+00,0.0000000000e+00,0.0000000000e+00,0.0000000000e+00,0.0000000000e+00,0.0000000000e+00
32431,2024-12-12 07:55:00,0.012449,0.468299,0.331254,-0.006 1 + 1.032 omega + 0.001 theta omega + -0.005 theta omega^2,0.000,0.0000000000e+00,0.0000000000e+00,0.0000000000e+00,0.0000000000e+00,0.0000000000e+00,0.0000000000e+00,0.0000000000e+00,0.0000000000e+00,0.0000000000e+00,0.0000000000e+00
32432,2024-12-12 08:00:00,0.102755,11.628730,8.223075,0.998 omega + 0.003 omega^2,0.000,0.0000000000e+00,0.0000000000e+00,0.0000000000e+00,0.0000000000e+00,0.0000000000e+00,0.0000000000e+00,0.0000000000e+00,0.0000000000e+00,0.0000000000e+00,0.0000000000e+00
32433,2024-12-12 08:05:00,0.104222,16.816568,11.891337,0.960 omega + 0.006 theta omega + 0.259 omega^2 + -0.047 theta omega^2,0.000,0.0000000000e+00,0.0000000000e+00,0.0000000000e+00,0.0000000000e+00,0.0000000000e+00,0.0000000000e+00,0.0000000000e+00,0.0000000000e+00,0.0000000000e+00,0.0000000000e+00
32434,2024-12-12 08:10:00,0.042093,4.868280,3.442522,1.000 omega + 0.003 omega^2,0.000,0.0000000000e+00,0.0000000000e+00,0.0000000000e+00,0.0000000000e+00,0.0000000000e+00,0.0000000000e+00,0.0000000000e+00,0.0000000000e+00,0.0000000000e+00,0.0000000000e+00
32435,2024-12-12 08:15:00,0.109760,9.744185,6.890616,1.008 omega + 0.059 omega^2 + -0.345 omega^3,0.015 omega + -0.040 theta omega^2,0.0000000000e+00,0.0000000000e+00,1.4678636640e-02,0.0000000000e+00,0.0000000000e+00,0.0000000000e+00,0.0000000000e+00,0.0000000000e+00,-3.9625227931e-02,0.0000000000e+00
32436,2024-12-12 08:20:00,0.106602,12.805239,9.054985,0.994 omega + 0.023 omega^2,0.000,0.0000000000e+00,0.0000000000e+00,0.0000000000e+00,0.0000000000e+00,0.0000000000e+00,0.0000000000e+00,0.0000000000e+00,0.0000000000e+00,0.0000000000e+00,0.0000000000e+00
32437,2024-12-12 08:25:00,0.094212,10.173009,7.193712,1.001 omega + -0.005 omega^2,0.000,0.0000000000e+00,0.0000000000e+00,0.0000000000e+00,0.0000000000e+00,0.0000000000e+00,0.0000000000e+00,0.0000000000e+00,0.0000000000e+00,0.0000000000e+00,0.0000000000e+00
32438,2024-12-12 08:30:00,0.047862,6.280274,4.440953,0.997 omega + -0.002 omega^2 + 0.002 theta omega^2,0.000,0.0000000000e+00,0.0000000000e+00,0.0000000000e+00,0.0000000000e+00,0.0000000000e+00,0.0000000000e+00,0.0000000000e+00,0.0000000000e+00,0.0000000000e+00,0.0000000000e+00
32439,2024-12-12 08:35:00,0.068687,9.778443,6.914574,0.998 omega + 0.030 omega^2 + -0.002 theta omega^2,0.000,0.0000000000e+00,0.0000000000e+00,0.0000000000e+00,0.0000000000e+00,0.0000000000e+00,0.0000000000e+00,0.0000000000e+00,0.0000000000e+00,0.0000000000e+00,0.0000000000e+00
32440,2024-12-12 08:40:00,0.112305,14.548822,10.287877,1.002 omega + -0.014 omega^2,0.000,0.0000000000e+00,0.0000000000e+00,0.0000000000e+00,0.0000000000e+00,0.0000000000e+00,0.0000000000e+00,0.0000000000e+00,0.0000000000e+00,0.0000000000e+00,0.0000000000e+00
32441,2024-12-12 08:45:00,0.038510,5.078375,3.591057,-0.002 1 + 1.047 omega + -0.001 theta omega + -0.316 omega^2 + 0.006 theta omega^2,0.000,0.0000000000e+00,0.0000000000e+00,0.0000000000e+00,0.0000000000e+00,0.0000000000e+00,0.0000000000e+00,0.0000000000e+00,0.0000000000e+00,0.0000000000e+00,0.0000000000e+00
32442,2024-12-12 08:50:00,0.043215,2.257419,1.596529,-0.001 1 + 1.025 omega + -0.134 omega^2 + 0.002 theta omega^2,0.000,0.0000000000e+00,0.0000000000e+00,0.0000000000e+00,0.0000000000e+00,0.0000000000e+00,0.0000000000e+00,0.0000000000e+00,0.0000000000e+00,0.0000000000e+00,0.0000000000e+00
32443,2024-12-12 08:55:00,0.028165,3.208593,2.268905,-0.001 1 + 1.015 omega + -0.064 omega^2 + -0.001 theta omega^2,0.000,0.0000000000e+00,0.0000000000e+00,0.0000000000e+00,0.0000000000e+00,0.0000000000e+00,0.0000000000e+00,0.0000000000e+00,0.0000000000e+00,0.0000000000e+00,0.0000000000e+00
32444,2024-12-12 09:00:00,0.046117,2.011836,1.422956,-0.001 1 + 1.009 omega + -0.023 omega^2,0.000,0.0000000000e+00,0.0000000000e+00,0.0000000000e+00,0.0000000000e+00,0.0000000000e+00,0.0000000000e+00,0.0000000000e+00,0.0000000000e+00,0.0000000000e+00,0.0000000000e+00
32445,2024-12-12 09:05:00,0.111600,14.035209,9.924705,0.997 omega + 0.002 omega^2,0.000,0.0000000000e+00,0.0000000000e+00,0.0000000000e+00,0.0000000000e+00,0.0000000000e+00,0.0000000000e+00,0.0000000000e+00,0.0000000000e+00,0.0000000000e+00,0.0000000000e+00
32446,2024-12-12 09:10:00,0.071436,7.794980,5.512115,1.001 omega + -0.001 theta omega^2,0.000,0.0000000000e+00,0.0000000000e+00,0.0000000000e+00,0.0000000000e+00,0.0000000000e+00,0.0000000000e+00,0.0000000000e+00,0.0000000000e+00,0.0000000000e+00,0.0000000000e+00
32447,2024-12-12 09:15:00,0.062877,9.082643,6.422552,1.008 omega + -0.080 omega^2 + 0.002 theta omega^2,0.000,0.0000000000e+00,0.0000000000e+00,0.0000000000e+00,0.0000000000e+00,0.0000000000e+00,0.0000000000e+00,0.0000000000e+00,0.0000000000e+00,0.0000000000e+00,0.0000000000e+00
32448,2024-12-12 09:20:00,0.022623,0.694946,0.491661,0.999 omega + 0.001 theta omega + 0.057 omega^2 + -0.014 theta omega^2,0.000,0.0000000000e+00,0.0000000000e+00,0.0000000000e+00,0.0000000000e+00,0.0000000000e+00,0.0000000000e+00,0.0000000000e+00,0.0000000000e+00,0.0000000000e+00,0.0000000000e+00
32449,2024-12-12 09:25:00,0.056248,8.980872,6.350560,1.033 omega + -0.004 theta omega + -0.354 omega^2 + 0.031 theta omega^2,0.000,0.0000000000e+00,0.0000000000e+00,0.0000000000e+00,0.0000000000e+00,0.0000000000e+00,0.0000000000e+00,0.0000000000e+00,0.0000000000e+00,0.0000000000e+00,0.0000000000e+00
32450,2024-12-12 09:30:00,0.102380,16.865396,11.925856,1.001 omega + -0.005 theta omega + -0.051 omega^2 + 0.001 theta^2 omega,0.000,0.0000000000e+00,0.0000000000e+00,0.0000000000e+00,0.0000000000e+00,0.0000000000e+00,0.0000000000e+00,0.0000000000e+00,0.0000000000e+00,0.0000000000e+00,0.0000000000e+00
32451,2024-12-12 09:35:00,0.079914,10.844440,7.668385,0.997 omega + 0.010 omega^2,0.000,0.0000000000e+00,0.0000000000e+00,0.0000000000e+00,0.0000000000e+00,0.0000000000e+00,0.0000000000e+00,0.0000000000e+00,0.0000000000e+00,0.0000000000e+00,0.0000000000e+00
32452,2024-12-12 09:40:00,0.073365,9.150322,6.470463,1.014 omega + 0.042 omega^2 + -0.015 theta omega^2,0.000,0.0000000000e+00,0.0000000000e+00,0.0000000000e+00,0.0000000000e+00,0.0000000000e+00,0.0000000000e+00,0.0000000000e+00,0.0000000000e+00,0.0000000000e+00,0.0000000000e+00
32453,2024-12-12 09:45:00,0.070983,8.245542,5.830695,1.000 omega + 0.016 omega^2,0.000,0.0000000000e+00,0.0000000000e+00,0.0000000000e+00,0.0000000000e+00,0.0000000000e+00,0.0000000000e+00,0.0000000000e+00,0.0000000000e+00,0.0000000000e+00,0.0000000000e+00
32454,2024-12-12 09:50:00,0.053599,7.008798,4.956113,0.993 omega + 0.014 theta omega + -0.005 theta^2 omega,0.000,0.0000000000e+00,0.0000000000e+00,0.0000000000e+00,0.0000000000e+00,0.0000000000e+00,0.0000000000e+00,0.0000000000e+00,0.0000000000e+00,0.0000000000e+00,0.0000000000e+00
32455,2024-12-12 09:55:00,0.066082,119347403158.167221,84391358090.144821,0.999 omega + 0.007 theta omega + 0.011 theta^2 omega,0.000,0.0000000000e+00,0.0000000000e+00,0.0000000000e+00,0.0000000000e+00,0.0000000000e+00,0.0000000000e+00,0.0000000000e+00,0.0000000000e+00,0.0000000000e+00,0.0000000000e+00
32456,2024-12-12 10:00:00,0.054968,5.939485,4.200030,1.005 omega + 0.058 omega^2 + -0.001 theta^2 omega,0.000,0.0000000000e+00,0.0000000000e+00,0.0000000000e+00,0.0000000000e+00,0.0000000000e+00,0.0000000000e+00,0.0000000000e+00,0.0000000000e+00,0.0000000000e+00,0.0000000000e+00
32457,2024-12-12 10:05:00,0.089732,8.095616,5.724816,1.000 omega + -0.002 theta omega^2,0.000,0.0000000000e+00,0.0000000000e+00,0.0000000000e+00,0.0000000000e+00,0.0000000000e+00,0.0000000000e+00,0.0000000000e+00,0.0000000000e+00,0.0000000000e+00,0.0000000000e+00
32458,2024-12-12 10:10:00,0.087842,16.646360,11.770918,0.996 omega + 0.001 theta omega + 0.002 theta^2 omega + -0.030 theta omega^2,0.000,0.0000000000e+00,0.0000000000e+00,0.0000000000e+00,0.0000000000e+00,0.0000000000e+00,0.0000000000e+00,0.0000000000e+00,0.0000000000e+00,0.0000000000e+00,0.0000000000e+00
32459,2024-12-12 10:15:00,0.042181,2.449916,1.732609,1.004 omega + -0.006 omega^2 + -0.022 theta omega^2,0.000,0.0000000000e+00,0.0000000000e+00,0.0000000000e+00,0.0000000000e+00,0.0000000000e+00,0.0000000000e+00,0.0000000000e+00,0.0000000000e+00,0.0000000000e+00,0.0000000000e+00
32460,2024-12-12 10:20:00,0.036640,1.353211,0.957216,0.991 omega + -0.012 theta omega + -0.227 omega^2 + -0.001 theta^2 omega + -0.150 theta omega^2,0.000,0.0000000000e+00,0.0000000000e+00,0.0000000000e+00,0.0000000000e+00,0.0000000000e+00,0.0000000000e+00,0.0000000000e+00,0.0000000000e+00,0.0000000000e+00,0.0000000000e+00
32461,2024-12-12 10:25:00,0.141230,19.545673,13.821239,0.992 omega + -0.002 theta omega + -0.124 omega^2 + -0.014 theta omega^2,0.000,0.0000000000e+00,0.0000000000e+00,0.0000000000e+00,0.0000000000e+00,0.0000000000e+00,0.0000000000e+00,0.0000000000e+00,0.0000000000e+00,0.0000000000e+00,0.0000000000e+00
32462,2024-12-12 10:30:00,0.094321,7.310842,5.169976,0.993 omega + -0.004 theta omega,0.000,0.0000000000e+00,0.0000000000e+00,0.0000000000e+00,0.0000000000e+00,0.0000000000e+00,0.0000000000e+00,0.0000000000e+00,0.0000000000e+00,0.0000000000e+00,0.0000000000e+00
32463,2024-12-12 10:35:00,0.063846,8.463004,5.984418,0.995 omega + 0.001 theta omega + 0.020 omega^2 + -0.003 theta omega^2,0.000,0.0000000000e+00,0.0000000000e+00,0.0000000000e+00,0.0000000000e+00,0.0000000000e+00,0.0000000000e+00,0.0000000000e+00,0.0000000000e+00,0.0000000000e+00,0.0000000000e+00
32464,2024-12-12 10:40:00,0.054076,8.551392,6.046868,0.994 omega + 0.002 theta omega + -0.015 theta omega^2,0.000,0.0000000000e+00,0.0000000000e+00,0.0000000000e+00,0.0000000000e+00,0.0000000000e+00,0.0000000000e+00,0.0000000000e+00,0.0000000000e+00,0.0000000000e+00,0.0000000000e+00
32465,2024-12-12 10:45:00,0.044938,3.497214,2.473108,1.002 omega + 0.003 omega^2 + -0.004 theta omega^2,0.000,0.0000000000e+00,0.0000000000e+00,0.0000000000e+00,0.0000000000e+00,0.0000000000e+00,0.0000000000e+00,0.0000000000e+00,0.0000000000e+00,0.0000000000e+00,0.0000000000e+00
32466,2024-12-12 10:50:00,0.107106,10.975750,7.761397,1.004 omega + -0.051 omega^2,0.000,0.0000000000e+00,0.0000000000e+00,0.0000000000e+00,0.0000000000e+00,0.0000000000e+00,0.0000000000e+00,0.0000000000e+00,0.0000000000e+00,0.0000000000e+00,0.0000000000e+00
32467,2024-12-12 10:55:00,0.081521,12.350814,8.733534,0.996 omega + 0.001 theta^2 omega,0.000,0.0000000000e+00,0.0000000000e+00,0.0000000000e+00,0.0000000000e+00,0.0000000000e+00,0.0000000000e+00,0.0000000000e+00,0.0000000000e+00,0.0000000000e+00,0.0000000000e+00
32468,2024-12-12 11:00:00,0.039008,1.172936,0.829850,1.006 omega + -0.006 theta omega^2,0.000,0.0000000000e+00,0.0000000000e+00,0.0000000000e+00,0.0000000000e+00,0.0000000000e+00,0.0000000000e+00,0.0000000000e+00,0.0000000000e+00,0.0000000000e+00,0.0000000000e+00
32469,2024-12-12 11:05:00,0.133003,22.813935,16.132162,0.998 omega + -0.071 omega^2 + -0.011 theta omega^2,0.000,0.0000000000e+00,0.0000000000e+00,0.0000000000e+00,0.0000000000e+00,0.0000000000e+00,0.0000000000e+00,0.0000000000e+00,0.0000000000e+00,0.0000000000e+00,0.0000000000e+00
32470,2024-12-12 11:10:00,0.073253,7.381291,5.219618,0.994 omega + 0.004 theta omega + -0.084 omega^2,0.000,0.0000000000e+00,0.0000000000e+00,0.0000000000e+00,0.0000000000e+00,0.0000000000e+00,0.0000000000e+00,0.0000000000e+00,0.0000000000e+00,0.0000000000e+00,0.0000000000e+00
32471,2024-12-12 11:15:00,0.041953,6.326117,4.473339,1.001 omega + 0.014 theta omega + 0.007 theta^2 omega + -0.107 theta omega^2,0.000,0.0000000000e+00,0.0000000000e+00,0.0000000000e+00,0.0000000000e+00,0.0000000000e+00,0.0000000000e+00,0.0000000000e+00,0.0000000000e+00,0.0000000000e+00,0.0000000000e+00
32472,2024-12-12 11:20:00,0.049373,6.367780,4.502836,0.994 omega + 0.001 theta omega + 0.003 theta omega^2,0.000,0.0000000000e+00,0.0000000000e+00,0.0000000000e+00,0.0000000000e+00,0.0000000000e+00,0.0000000000e+00,0.0000000000e+00,0.0000000000e+00,0.0000000000e+00,0.0000000000e+00
32473,2024-12-12 11:25:00,0.106886,4.430491,3.133742,1.015 omega + -0.001 theta omega + -0.054 omega^2 + -0.656 omega^3,0.000,0.0000000000e+00,0.0000000000e+00,0.0000000000e+00,0.0000000000e+00,0.0000000000e+00,0.0000000000e+00,0.0000000000e+00,0.0000000000e+00,0.0000000000e+00,0.0000000000e+00
32474,2024-12-12 11:30:00,0.063776,9.279348,6.561645,0.999 omega + 0.012 omega^2,0.000,0.0000000000e+00,0.0000000000e+00,0.0000000000e+00,0.0000000000e+00,0.0000000000e+00,0.0000000000e+00,0.0000000000e+00,0.0000000000e+00,0.0000000000e+00,0.0000000000e+00
32475,2024-12-12 11:35:00,0.156942,22.211948,15.706611,0.998 omega + 0.001 theta omega,0.000,0.0000000000e+00,0.0000000000e+00,0.0000000000e+00,0.0000000000e+00,0.0000000000e+00,0.0000000000e+00,0.0000000000e+00,0.0000000000e+00,0.0000000000e+00,0.0000000000e+00
32476,2024-12-12 11:40:00,0.075682,11.996495,8.482972,1.001 omega,0.000,0.0000000000e+00,0.0000000000e+00,0.0000000000e+00,0.0000000000e+00,0.0000000000e+00,0.0000000000e+00,0.0000000000e+00,0.0000000000e+00,0.0000000000e+00,0.0000000000e+00
32477,2024-12-12 11:45:00,0.034440,3.124519,2.209502,-0.001 1 + 0.979 omega + -0.077 omega^2,0.000,0.0000000000e+00,0.0000000000e+00,0.0000000000e+00,0.0000000000e+00,0.0000000000e+00,0.0000000000e+00,0.0000000000e+00,0.0000000000e+00,0.0000000000e+00,0.0000000000e+00
32478,2024-12-12 11:50:00,0.048372,2.918925,2.064275,1.006 omega + -0.039 omega^2 + -0.016 theta omega^2,0.000,0.0000000000e+00,0.0000000000e+00,0.0000000000e+00,0.0000000000e+00,0.0000000000e+00,0.0000000000e+00,0.0000000000e+00,0.0000000000e+00,0.0000000000e+00,0.0000000000e+00
32479,2024-12-12 11:55:00,0.026990,1.290449,0.912685,1.000 omega,0.000,0.0000000000e+00,0.0000000000e+00,0.0000000000e+00,0.0000000000e+00,0.0000000000e+00,0.0000000000e+00,0.0000000000e+00,0.0000000000e+00,0.0000000000e+00,0.0000000000e+00
32480,2024-12-12 12:00:00,0.069596,4.074290,2.881378,1.002 omega + -0.009 theta omega^2 + 0.007 omega^3,-0.018 theta omega^2,0.0000000000e+00,0.0000000000e+00,0.0000000000e+00,0.0000000000e+00,0.0000000000e+00,0.0000000000e+00,0.0000000000e+00,0.0000000000e+00,-1.7864120761e-02,0.0000000000e+00
32481,2024-12-12 12:05:00,0.076225,9.430152,6.668343,0.994 omega + -0.013 omega^2 + 0.002 theta omega^2,0.000,0.0000000000e+00,0.0000000000e+00,0.0000000000e+00,0.0000000000e+00,0.0000000000e+00,0.0000000000e+00,0.0000000000e+00,0.0000000000e+00,0.0000000000e+00,0.0000000000e+00
32482,2024-12-12 12:10:00,0.065468,7.660810,5.417208,0.999 omega,0.000,0.0000000000e+00,0.0000000000e+00,0.0000000000e+00,0.0000000000e+00,0.0000000000e+00,0.0000000000e+00,0.0000000000e+00,0.0000000000e+00,0.0000000000e+00,0.0000000000e+00
32483,2024-12-12 12:15:00,0.110341,19.477080,13.772597,0.995 omega + -0.002 theta omega + -0.034 omega^2 + -0.019 theta omega^2,0.000,0.0000000000e+00,0.0000000000e+00,0.0000000000e+00,0.0000000000e+00,0.0000000000e+00,0.0000000000e+00,0.0000000000e+00,0.0000000000e+00,0.0000000000e+00,0.0000000000e+00
32484,2024-12-12 12:20:00,0.065715,5.168206,3.654769,1.002 omega + 0.002 omega^2 + -0.001 theta omega^2,0.000,0.0000000000e+00,0.0000000000e+00,0.0000000000e+00,0.0000000000e+00,0.0000000000e+00,0.0000000000e+00,0.0000000000e+00,0.0000000000e+00,0.0000000000e+00,0.0000000000e+00
32485,2024-12-12 12:25:00,0.111733,12.618651,8.923084,0.895 omega + -0.027 theta omega + -0.845 omega^2 + -0.001 theta^2 omega + -0.189 theta omega^2,0.000,0.0000000000e+00,0.0000000000e+00,0.0000000000e+00,0.0000000000e+00,0.0000000000e+00,0.0000000000e+00,0.0000000000e+00,0.0000000000e+00,0.0000000000e+00,0.0000000000e+00
32486,2024-12-12 12:30:00,0.061737,4.446536,3.144479,1.005 omega + -0.001 theta omega + -0.032 omega^2,-0.013 theta omega^2,0.0000000000e+00,0.0000000000e+00,0.0000000000e+00,0.0000000000e+00,0.0000000000e+00,0.0000000000e+00,0.0000000000e+00,0.0000000000e+00,-1.3081309061e-02,0.0000000000e+00
32487,2024-12-12 12:35:00,0.152151,20.353715,14.392652,1.002 omega + 0.011 omega^2 + 0.009 omega^3,0.000,0.0000000000e+00,0.0000000000e+00,0.0000000000e+00,0.0000000000e+00,0.0000000000e+00,0.0000000000e+00,0.0000000000e+00,0.0000000000e+00,0.0000000000e+00,0.0000000000e+00
32488,2024-12-12 12:40:00,0.033858,4.413617,3.120990,1.003 omega + -0.010 theta omega + 0.336 omega^2 + 0.004 theta^2 omega + -0.259 theta omega^2,0.000,0.0000000000e+00,0.0000000000e+00,0.0000000000e+00,0.0000000000e+00,0.0000000000e+00,0.0000000000e+00,0.0000000000e+00,0.0000000000e+00,0.0000000000e+00,0.0000000000e+00
32489,2024-12-12 12:45:00,0.050401,3.396355,2.401850,1.002 omega + -0.001 theta omega,0.000,0.0000000000e+00,0.0000000000e+00,0.0000000000e+00,0.0000000000e+00,0.0000000000e+00,0.0000000000e+00,0.0000000000e+00,0.0000000000e+00,0.0000000000e+00,0.0000000000e+00
32490,2024-12-12 12:50:00,0.032651,4.179656,2.955553,1.004 omega + 0.001 theta omega,0.000,0.0000000000e+00,0.0000000000e+00,0.0000000000e+00,0.0000000000e+00,0.0000000000e+00,0.0000000000e+00,0.0000000000e+00,0.0000000000e+00,0.0000000000e+00,0.0000000000e+00
32491,2024-12-12 12:55:00,0.127701,16.743309,11.839651,1.002 omega + -0.033 omega^2 + -0.001 theta^2 omega,0.000,0.0000000000e+00,0.0000000000e+00,0.0000000000e+00,0.0000000000e+00,0.0000000000e+00,0.0000000000e+00,0.0000000000e+00,0.0000000000e+00,0.0000000000e+00,0.0000000000e+00
32492,2024-12-12 13:00:00,0.064520,2.254810,1.595044,1.007 omega + 0.001 theta omega + 0.009 omega^2,-0.034 theta omega^2,0.0000000000e+00,0.0000000000e+00,0.0000000000e+00,0.0000000000e+00,0.0000000000e+00,0.0000000000e+00,0.0000000000e+00,0.0000000000e+00,-3.4253440943e-02,0.0000000000e+00
32493,2024-12-12 13:05:00,0.073741,10.841245,7.666095,0.001 1 + 0.940 omega + 0.003 theta omega + 0.322 omega^2 + -0.017 theta omega^2,0.000,0.0000000000e+00,0.0000000000e+00,0.0000000000e+00,0.0000000000e+00,0.0000000000e+00,0.0000000000e+00,0.0000000000e+00,0.0000000000e+00,0.0000000000e+00,0.0000000000e+00
32494,2024-12-12 13:10:00,0.095604,12.570711,8.889092,1.001 omega + -0.011 omega^2 + 0.024 omega^3,0.000,0.0000000000e+00,0.0000000000e+00,0.0000000000e+00,0.0000000000e+00,0.0000000000e+00,0.0000000000e+00,0.0000000000e+00,0.0000000000e+00,0.0000000000e+00,0.0000000000e+00
32495,2024-12-12 13:15:00,0.090173,10.166178,7.188856,0.999 omega + -0.009 omega^2,-0.029 theta omega^2,0.0000000000e+00,0.0000000000e+00,0.0000000000e+00,0.0000000000e+00,0.0000000000e+00,0.0000000000e+00,0.0000000000e+00,0.0000000000e+00,-2.9406444007e-02,0.0000000000e+00
32496,2024-12-12 13:20:00,0.117743,18.163337,12.843689,0.980 omega + 0.003 theta omega + 0.115 omega^2 + -0.028 theta omega^2,0.000,0.0000000000e+00,0.0000000000e+00,0.0000000000e+00,0.0000000000e+00,0.0000000000e+00,0.0000000000e+00,0.0000000000e+00,0.0000000000e+00,0.0000000000e+00,0.0000000000e+00
32497,2024-12-12 13:25:00,0.060418,2.326985,1.645981,1.009 omega + 0.002 theta omega + 0.001 omega^2,-0.017 theta omega^2,0.0000000000e+00,0.0000000000e+00,0.0000000000e+00,0.0000000000e+00,0.0000000000e+00,0.0000000000e+00,0.0000000000e+00,0.0000000000e+00,-1.6781908234e-02,0.0000000000e+00
32498,2024-12-12 13:30:00,0.031166,3.015785,2.132596,1.050 omega + -0.029 theta omega + -0.126 omega^2 + 0.004 theta^2 omega,0.000,0.0000000000e+00,0.0000000000e+00,0.0000000000e+00,0.0000000000e+00,0.0000000000e+00,0.0000000000e+00,0.0000000000e+00,0.0000000000e+00,0.0000000000e+00,0.0000000000e+00
32499,2024-12-12 13:35:00,0.053959,3.720812,2.631288,1.004 omega + -0.100 omega^2 + -0.044 theta omega^2,0.000,0.0000000000e+00,0.0000000000e+00,0.0000000000e+00,0.0000000000e+00,0.0000000000e+00,0.0000000000e+00,0.0000000000e+00,0.0000000000e+00,0.0000000000e+00,0.0000000000e+00
