Chunk_Index,Chunk_Start_Time,Sim_RMSE_Omega,Sim_RMSE_Theta,Sim_RMSE_Total,Eq_Theta,Eq_Omega,Coeff_Const,Coeff_Theta,Coeff_Omega,Coeff_Theta2,Coeff_ThetaOmega,Coeff_Omega2,Coeff_Theta3,Coeff_Theta2Omega,Coeff_ThetaOmega2,Coeff_Omega3
13000,2024-09-29 07:40:00,0.057505,8.613773,6.090993,0.065 1 + 1.991 omega + 4.998 omega^2 + 8.253 omega^3,0.000,0.0000000000e+00,0.0000000000e+00,0.0000000000e+00,0.0000000000e+00,0.0000000000e+00,0.0000000000e+00,0.0000000000e+00,0.0000000000e+00,0.0000000000e+00,0.0000000000e+00
13001,2024-09-29 07:45:00,0.104501,8.125787,5.746274,0.998 omega + 0.033 omega^2 + 0.279 omega^3,0.000,0.0000000000e+00,0.0000000000e+00,0.0000000000e+00,0.0000000000e+00,0.0000000000e+00,0.0000000000e+00,0.0000000000e+00,0.0000000000e+00,0.0000000000e+00,0.0000000000e+00
13002,2024-09-29 07:50:00,0.046590,3.627397,2.565169,0.996 omega + -0.001 theta omega + -0.027 theta omega^2,-0.054 theta omega^2,0.0000000000e+00,0.0000000000e+00,0.0000000000e+00,0.0000000000e+00,0.0000000000e+00,0.0000000000e+00,0.0000000000e+00,0.0000000000e+00,-5.4249542203e-02,0.0000000000e+00
13003,2024-09-29 07:55:00,0.034313,1.887966,1.335214,1.001 omega + -0.002 theta omega + -0.001 theta^2 omega,0.000,0.0000000000e+00,0.0000000000e+00,0.0000000000e+00,0.0000000000e+00,0.0000000000e+00,0.0000000000e+00,0.0000000000e+00,0.0000000000e+00,0.0000000000e+00,0.0000000000e+00
13004,2024-09-29 08:00:00,0.108237,7.314869,5.172960,1.001 omega + -0.032 omega^2 + 0.123 omega^3,0.000,0.0000000000e+00,0.0000000000e+00,0.0000000000e+00,0.0000000000e+00,0.0000000000e+00,0.0000000000e+00,0.0000000000e+00,0.0000000000e+00,0.0000000000e+00,0.0000000000e+00
13005,2024-09-29 08:05:00,0.081934,13.322989,9.420954,0.031 1 + 1.670 omega + 4.475 omega^2 + 9.516 omega^3,0.000,0.0000000000e+00,0.0000000000e+00,0.0000000000e+00,0.0000000000e+00,0.0000000000e+00,0.0000000000e+00,0.0000000000e+00,0.0000000000e+00,0.0000000000e+00,0.0000000000e+00
13006,2024-09-29 08:10:00,0.117875,13.058614,9.234210,0.997 omega + 0.007 omega^2 + 0.137 omega^3,-0.013 theta omega^2,0.0000000000e+00,0.0000000000e+00,0.0000000000e+00,0.0000000000e+00,0.0000000000e+00,0.0000000000e+00,0.0000000000e+00,0.0000000000e+00,-1.3180301869e-02,0.0000000000e+00
13007,2024-09-29 08:15:00,0.056106,3.457844,2.445387,0.997 omega + -0.002 theta omega + 0.062 omega^2,-0.063 theta omega^2,0.0000000000e+00,0.0000000000e+00,0.0000000000e+00,0.0000000000e+00,0.0000000000e+00,0.0000000000e+00,0.0000000000e+00,0.0000000000e+00,-6.3262166994e-02,0.0000000000e+00
13008,2024-09-29 08:20:00,0.058661,4.869748,3.443682,1.006 omega + 0.062 omega^2 + -0.023 theta omega^2,0.020 omega + -0.038 theta omega^2,0.0000000000e+00,0.0000000000e+00,2.0371812606e-02,0.0000000000e+00,0.0000000000e+00,0.0000000000e+00,0.0000000000e+00,0.0000000000e+00,-3.8106640277e-02,0.0000000000e+00
13009,2024-09-29 08:25:00,0.059032,7.166382,5.067569,1.009 omega + -0.036 omega^2,0.000,0.0000000000e+00,0.0000000000e+00,0.0000000000e+00,0.0000000000e+00,0.0000000000e+00,0.0000000000e+00,0.0000000000e+00,0.0000000000e+00,0.0000000000e+00,0.0000000000e+00
13010,2024-09-29 08:30:00,0.071008,8.298390,5.868062,1.000 omega,0.000,0.0000000000e+00,0.0000000000e+00,0.0000000000e+00,0.0000000000e+00,0.0000000000e+00,0.0000000000e+00,0.0000000000e+00,0.0000000000e+00,0.0000000000e+00,0.0000000000e+00
13011,2024-09-29 08:35:00,0.046788,1.818160,1.286059,1.004 omega + -0.017 omega^2,0.000,0.0000000000e+00,0.0000000000e+00,0.0000000000e+00,0.0000000000e+00,0.0000000000e+00,0.0000000000e+00,0.0000000000e+00,0.0000000000e+00,0.0000000000e+00,0.0000000000e+00
13012,2024-09-29 08:40:00,0.065109,8.303582,5.871700,0.991 omega + 0.032 omega^2,0.000,0.0000000000e+00,0.0000000000e+00,0.0000000000e+00,0.0000000000e+00,0.0000000000e+00,0.0000000000e+00,0.0000000000e+00,0.0000000000e+00,0.0000000000e+00,0.0000000000e+00
13013,2024-09-29 08:45:00,0.041361,3.440726,2.433137,1.003 omega + -0.015 omega^2 + -0.001 theta omega^2,0.000,0.0000000000e+00,0.0000000000e+00,0.0000000000e+00,0.0000000000e+00,0.0000000000e+00,0.0000000000e+00,0.0000000000e+00,0.0000000000e+00,0.0000000000e+00,0.0000000000e+00
13014,2024-09-29 08:50:00,0.084321,10.793304,7.632251,1.001 omega + -0.022 omega^2,0.000,0.0000000000e+00,0.0000000000e+00,0.0000000000e+00,0.0000000000e+00,0.0000000000e+00,0.0000000000e+00,0.0000000000e+00,0.0000000000e+00,0.0000000000e+00,0.0000000000e+00
13015,2024-09-29 08:55:00,0.081591,9.074307,6.416764,1.003 omega + 0.025 omega^2 + -0.003 theta omega^2,0.000,0.0000000000e+00,0.0000000000e+00,0.0000000000e+00,0.0000000000e+00,0.0000000000e+00,0.0000000000e+00,0.0000000000e+00,0.0000000000e+00,0.0000000000e+00,0.0000000000e+00
13016,2024-09-29 09:00:00,0.040134,2.220418,1.570329,0.001 1 + 0.981 omega + 0.158 omega^2 + -0.003 theta omega^2,0.000,0.0000000000e+00,0.0000000000e+00,0.0000000000e+00,0.0000000000e+00,0.0000000000e+00,0.0000000000e+00,0.0000000000e+00,0.0000000000e+00,0.0000000000e+00,0.0000000000e+00
13017,2024-09-29 09:05:00,0.092530,11.339760,8.018688,0.992 omega + 0.030 omega^2,0.000,0.0000000000e+00,0.0000000000e+00,0.0000000000e+00,0.0000000000e+00,0.0000000000e+00,0.0000000000e+00,0.0000000000e+00,0.0000000000e+00,0.0000000000e+00,0.0000000000e+00
13018,2024-09-29 09:10:00,0.060470,3.696402,2.614101,1.004 omega + 0.002 theta omega + -0.264 omega^2 + -0.107 theta omega^2,-0.044 theta omega^2,0.0000000000e+00,0.0000000000e+00,0.0000000000e+00,0.0000000000e+00,0.0000000000e+00,0.0000000000e+00,0.0000000000e+00,0.0000000000e+00,-4.4163733080e-02,0.0000000000e+00
13019,2024-09-29 09:15:00,0.152120,25.073491,17.729962,1.000 omega + 0.035 omega^2 + -0.003 theta omega^2,0.000,0.0000000000e+00,0.0000000000e+00,0.0000000000e+00,0.0000000000e+00,0.0000000000e+00,0.0000000000e+00,0.0000000000e+00,0.0000000000e+00,0.0000000000e+00,0.0000000000e+00
13020,2024-09-29 09:20:00,0.068503,6.638186,4.694157,0.992 omega + 0.002 theta omega + -0.017 theta omega^2,-0.034 theta omega^2,0.0000000000e+00,0.0000000000e+00,0.0000000000e+00,0.0000000000e+00,0.0000000000e+00,0.0000000000e+00,0.0000000000e+00,0.0000000000e+00,-3.4233698092e-02,0.0000000000e+00
13021,2024-09-29 09:25:00,0.070541,3.018901,2.135268,1.003 omega + -0.011 theta omega^2,0.000,0.0000000000e+00,0.0000000000e+00,0.0000000000e+00,0.0000000000e+00,0.0000000000e+00,0.0000000000e+00,0.0000000000e+00,0.0000000000e+00,0.0000000000e+00,0.0000000000e+00
13022,2024-09-29 09:30:00,0.065052,11.009938,7.785338,-0.001 1 + 1.000 omega + 0.023 omega^2 + 0.002 theta omega^2,0.000,0.0000000000e+00,0.0000000000e+00,0.0000000000e+00,0.0000000000e+00,0.0000000000e+00,0.0000000000e+00,0.0000000000e+00,0.0000000000e+00,0.0000000000e+00,0.0000000000e+00
13023,2024-09-29 09:35:00,0.219508,35.122801,24.836056,0.993 omega + 0.097 omega^2 + -0.336 omega^3,0.000,0.0000000000e+00,0.0000000000e+00,0.0000000000e+00,0.0000000000e+00,0.0000000000e+00,0.0000000000e+00,0.0000000000e+00,0.0000000000e+00,0.0000000000e+00,0.0000000000e+00
13024,2024-09-29 09:40:00,0.032590,2.423665,1.713945,1.000 omega + -0.005 omega^2,0.000,0.0000000000e+00,0.0000000000e+00,0.0000000000e+00,0.0000000000e+00,0.0000000000e+00,0.0000000000e+00,0.0000000000e+00,0.0000000000e+00,0.0000000000e+00,0.0000000000e+00
13025,2024-09-29 09:45:00,0.126392,19.939701,14.099781,0.001 1 + 0.989 omega + 0.027 omega^2,0.000,0.0000000000e+00,0.0000000000e+00,0.0000000000e+00,0.0000000000e+00,0.0000000000e+00,0.0000000000e+00,0.0000000000e+00,0.0000000000e+00,0.0000000000e+00,0.0000000000e+00
13026,2024-09-29 09:50:00,0.080176,12.973031,9.173494,1.044 omega + -0.001 theta omega + -0.350 omega^2 + 0.008 theta omega^2 + 0.619 omega^3,0.000,0.0000000000e+00,0.0000000000e+00,0.0000000000e+00,0.0000000000e+00,0.0000000000e+00,0.0000000000e+00,0.0000000000e+00,0.0000000000e+00,0.0000000000e+00,0.0000000000e+00
13027,2024-09-29 09:55:00,0.025964,2.587611,1.829809,-0.001 1 + 1.011 omega + -0.040 omega^2 + 0.001 theta omega^2,0.000,0.0000000000e+00,0.0000000000e+00,0.0000000000e+00,0.0000000000e+00,0.0000000000e+00,0.0000000000e+00,0.0000000000e+00,0.0000000000e+00,0.0000000000e+00,0.0000000000e+00
13028,2024-09-29 10:00:00,0.082955,12.797475,9.049372,1.010 omega + -0.080 omega^2 + 0.127 omega^3,0.000,0.0000000000e+00,0.0000000000e+00,0.0000000000e+00,0.0000000000e+00,0.0000000000e+00,0.0000000000e+00,0.0000000000e+00,0.0000000000e+00,0.0000000000e+00,0.0000000000e+00
13029,2024-09-29 10:05:00,0.058615,8.116428,5.739331,1.013 omega + -0.231 omega^2 + 0.001 theta omega^2 + 0.866 omega^3,0.000,0.0000000000e+00,0.0000000000e+00,0.0000000000e+00,0.0000000000e+00,0.0000000000e+00,0.0000000000e+00,0.0000000000e+00,0.0000000000e+00,0.0000000000e+00,0.0000000000e+00
13030,2024-09-29 10:10:00,0.072471,10.087016,7.132782,1.008 omega + -0.056 omega^2 + -0.003 theta omega^2,0.000,0.0000000000e+00,0.0000000000e+00,0.0000000000e+00,0.0000000000e+00,0.0000000000e+00,0.0000000000e+00,0.0000000000e+00,0.0000000000e+00,0.0000000000e+00,0.0000000000e+00
13031,2024-09-29 10:15:00,0.058082,8.736168,6.177540,0.995 omega + 0.001 theta omega,0.000,0.0000000000e+00,0.0000000000e+00,0.0000000000e+00,0.0000000000e+00,0.0000000000e+00,0.0000000000e+00,0.0000000000e+00,0.0000000000e+00,0.0000000000e+00,0.0000000000e+00
13032,2024-09-29 10:20:00,0.046425,5.090075,3.599376,0.998 omega + 0.002 theta omega^2,0.000,0.0000000000e+00,0.0000000000e+00,0.0000000000e+00,0.0000000000e+00,0.0000000000e+00,0.0000000000e+00,0.0000000000e+00,0.0000000000e+00,0.0000000000e+00,0.0000000000e+00
13033,2024-09-29 10:25:00,0.046555,1.969534,1.393060,1.003 omega + 0.002 omega^2 + -0.003 theta omega^2,0.000,0.0000000000e+00,0.0000000000e+00,0.0000000000e+00,0.0000000000e+00,0.0000000000e+00,0.0000000000e+00,0.0000000000e+00,0.0000000000e+00,0.0000000000e+00,0.0000000000e+00
13034,2024-09-29 10:30:00,0.052508,7.179257,5.076637,1.002 omega + 0.196 omega^2 + -0.005 theta omega^2 + -1.099 omega^3,0.000,0.0000000000e+00,0.0000000000e+00,0.0000000000e+00,0.0000000000e+00,0.0000000000e+00,0.0000000000e+00,0.0000000000e+00,0.0000000000e+00,0.0000000000e+00,0.0000000000e+00
13035,2024-09-29 10:35:00,0.072164,9.191507,6.499577,1.006 omega + -0.042 omega^2,0.000,0.0000000000e+00,0.0000000000e+00,0.0000000000e+00,0.0000000000e+00,0.0000000000e+00,0.0000000000e+00,0.0000000000e+00,0.0000000000e+00,0.0000000000e+00,0.0000000000e+00
13036,2024-09-29 10:40:00,0.043738,5.289341,3.740256,1.001 omega + -0.047 omega^2 + 0.002 theta omega^2,0.000,0.0000000000e+00,0.0000000000e+00,0.0000000000e+00,0.0000000000e+00,0.0000000000e+00,0.0000000000e+00,0.0000000000e+00,0.0000000000e+00,0.0000000000e+00,0.0000000000e+00
13037,2024-09-29 10:45:00,0.060625,3.883808,2.746602,0.991 omega + 0.064 omega^2,0.000,0.0000000000e+00,0.0000000000e+00,0.0000000000e+00,0.0000000000e+00,0.0000000000e+00,0.0000000000e+00,0.0000000000e+00,0.0000000000e+00,0.0000000000e+00,0.0000000000e+00
13038,2024-09-29 10:50:00,0.078834,11.077784,7.833375,-0.004 1 + 1.134 omega + -1.319 omega^2 + -0.001 theta omega^2 + 3.976 omega^3,0.000,0.0000000000e+00,0.0000000000e+00,0.0000000000e+00,0.0000000000e+00,0.0000000000e+00,0.0000000000e+00,0.0000000000e+00,0.0000000000e+00,0.0000000000e+00,0.0000000000e+00
13039,2024-09-29 10:55:00,0.063281,5.239119,3.704887,0.998 omega + -0.038 omega^2 + -0.208 omega^3,-0.111 theta omega^2,0.0000000000e+00,0.0000000000e+00,0.0000000000e+00,0.0000000000e+00,0.0000000000e+00,0.0000000000e+00,0.0000000000e+00,0.0000000000e+00,-1.1097432729e-01,0.0000000000e+00
13040,2024-09-29 11:00:00,0.146621,14.293186,10.107340,1.003 omega + 0.040 omega^2 + -0.001 theta omega^2 + -0.263 omega^3,0.000,0.0000000000e+00,0.0000000000e+00,0.0000000000e+00,0.0000000000e+00,0.0000000000e+00,0.0000000000e+00,0.0000000000e+00,0.0000000000e+00,0.0000000000e+00,0.0000000000e+00
13041,2024-09-29 11:05:00,0.085370,11.989021,8.477733,0.998 omega + 0.001 theta omega^2,0.000,0.0000000000e+00,0.0000000000e+00,0.0000000000e+00,0.0000000000e+00,0.0000000000e+00,0.0000000000e+00,0.0000000000e+00,0.0000000000e+00,0.0000000000e+00,0.0000000000e+00
13042,2024-09-29 11:10:00,0.136892,13.248866,9.368863,1.001 omega,0.000,0.0000000000e+00,0.0000000000e+00,0.0000000000e+00,0.0000000000e+00,0.0000000000e+00,0.0000000000e+00,0.0000000000e+00,0.0000000000e+00,0.0000000000e+00,0.0000000000e+00
13043,2024-09-29 11:15:00,0.142336,19.374274,13.700050,0.992 omega + 0.197 omega^2 + -0.012 theta omega^2,0.000,0.0000000000e+00,0.0000000000e+00,0.0000000000e+00,0.0000000000e+00,0.0000000000e+00,0.0000000000e+00,0.0000000000e+00,0.0000000000e+00,0.0000000000e+00,0.0000000000e+00
13044,2024-09-29 11:20:00,0.048397,4.453661,3.149400,0.983 omega + 0.227 omega^2 + -0.749 omega^3,0.000,0.0000000000e+00,0.0000000000e+00,0.0000000000e+00,0.0000000000e+00,0.0000000000e+00,0.0000000000e+00,0.0000000000e+00,0.0000000000e+00,0.0000000000e+00,0.0000000000e+00
13045,2024-09-29 11:25:00,0.061821,7.173514,5.072629,1.009 omega + -0.053 omega^2 + -0.002 theta omega^2,0.000,0.0000000000e+00,0.0000000000e+00,0.0000000000e+00,0.0000000000e+00,0.0000000000e+00,0.0000000000e+00,0.0000000000e+00,0.0000000000e+00,0.0000000000e+00,0.0000000000e+00
13046,2024-09-29 11:30:00,0.063765,7.423726,5.249561,0.990 omega + 0.121 omega^2 + -0.003 theta omega^2,0.000,0.0000000000e+00,0.0000000000e+00,0.0000000000e+00,0.0000000000e+00,0.0000000000e+00,0.0000000000e+00,0.0000000000e+00,0.0000000000e+00,0.0000000000e+00,0.0000000000e+00
13047,2024-09-29 11:35:00,0.043562,1.775013,1.255502,1.000 omega + 0.001 omega^2,0.000,0.0000000000e+00,0.0000000000e+00,0.0000000000e+00,0.0000000000e+00,0.0000000000e+00,0.0000000000e+00,0.0000000000e+00,0.0000000000e+00,0.0000000000e+00,0.0000000000e+00
13048,2024-09-29 11:40:00,0.054298,5.664302,4.005450,0.997 omega + 0.039 omega^2 + -0.002 theta omega^2,0.000,0.0000000000e+00,0.0000000000e+00,0.0000000000e+00,0.0000000000e+00,0.0000000000e+00,0.0000000000e+00,0.0000000000e+00,0.0000000000e+00,0.0000000000e+00,0.0000000000e+00
13049,2024-09-29 11:45:00,0.065471,11.119710,7.862959,-0.009 1 + 1.212 omega + -1.415 omega^2 + -0.004 theta omega^2 + 2.982 omega^3,0.000,0.0000000000e+00,0.0000000000e+00,0.0000000000e+00,0.0000000000e+00,0.0000000000e+00,0.0000000000e+00,0.0000000000e+00,0.0000000000e+00,0.0000000000e+00,0.0000000000e+00
13050,2024-09-29 11:50:00,0.101609,13.760652,9.730516,0.999 omega + 0.008 omega^2,0.000,0.0000000000e+00,0.0000000000e+00,0.0000000000e+00,0.0000000000e+00,0.0000000000e+00,0.0000000000e+00,0.0000000000e+00,0.0000000000e+00,0.0000000000e+00,0.0000000000e+00
13051,2024-09-29 11:55:00,0.052915,4.021394,2.843801,1.003 omega + -0.001 theta omega + 0.001 omega^2,-0.022 theta omega^2,0.0000000000e+00,0.0000000000e+00,0.0000000000e+00,0.0000000000e+00,0.0000000000e+00,0.0000000000e+00,0.0000000000e+00,0.0000000000e+00,-2.1530317061e-02,0.0000000000e+00
13052,2024-09-29 12:00:00,0.061527,7.492099,5.297892,1.006 omega + -0.047 omega^2,0.000,0.0000000000e+00,0.0000000000e+00,0.0000000000e+00,0.0000000000e+00,0.0000000000e+00,0.0000000000e+00,0.0000000000e+00,0.0000000000e+00,0.0000000000e+00,0.0000000000e+00
13053,2024-09-29 12:05:00,0.050439,4.461712,3.155109,1.007 omega + -0.001 theta omega + -0.011 omega^2,0.000,0.0000000000e+00,0.0000000000e+00,0.0000000000e+00,0.0000000000e+00,0.0000000000e+00,0.0000000000e+00,0.0000000000e+00,0.0000000000e+00,0.0000000000e+00,0.0000000000e+00
13054,2024-09-29 12:10:00,0.145359,20.766876,14.684759,0.997 omega + 0.001 theta omega,0.000,0.0000000000e+00,0.0000000000e+00,0.0000000000e+00,0.0000000000e+00,0.0000000000e+00,0.0000000000e+00,0.0000000000e+00,0.0000000000e+00,0.0000000000e+00,0.0000000000e+00
13055,2024-09-29 12:15:00,0.134245,21.791300,15.409069,1.126 omega + -1.684 omega^2 + -0.001 theta omega^2 + 5.872 omega^3,0.000,0.0000000000e+00,0.0000000000e+00,0.0000000000e+00,0.0000000000e+00,0.0000000000e+00,0.0000000000e+00,0.0000000000e+00,0.0000000000e+00,0.0000000000e+00,0.0000000000e+00
13056,2024-09-29 12:20:00,0.104213,15.427924,10.909439,1.010 omega + -0.061 omega^2 + -0.003 theta omega^2,0.000,0.0000000000e+00,0.0000000000e+00,0.0000000000e+00,0.0000000000e+00,0.0000000000e+00,0.0000000000e+00,0.0000000000e+00,0.0000000000e+00,0.0000000000e+00,0.0000000000e+00
13057,2024-09-29 12:25:00,0.104370,24.272472,17.163388,0.988 omega + 0.192 omega^2 + 0.001 theta^2 omega + -0.105 theta omega^2,0.000,0.0000000000e+00,0.0000000000e+00,0.0000000000e+00,0.0000000000e+00,0.0000000000e+00,0.0000000000e+00,0.0000000000e+00,0.0000000000e+00,0.0000000000e+00,0.0000000000e+00
13058,2024-09-29 12:30:00,0.148321,16.577672,11.722653,1.003 omega + 0.043 omega^2 + -0.008 theta omega^2,0.011 omega + -0.011 theta omega^2,0.0000000000e+00,0.0000000000e+00,1.0987870701e-02,0.0000000000e+00,0.0000000000e+00,0.0000000000e+00,0.0000000000e+00,0.0000000000e+00,-1.1230285818e-02,0.0000000000e+00
13059,2024-09-29 12:35:00,0.136578,19.715956,13.941621,1.006 omega + -0.013 omega^2 + -0.003 theta omega^2,0.000,0.0000000000e+00,0.0000000000e+00,0.0000000000e+00,0.0000000000e+00,0.0000000000e+00,0.0000000000e+00,0.0000000000e+00,0.0000000000e+00,0.0000000000e+00,0.0000000000e+00
13060,2024-09-29 12:40:00,0.073265,10.625481,7.513528,0.994 omega + 0.137 omega^2 + -0.007 theta omega^2,0.000,0.0000000000e+00,0.0000000000e+00,0.0000000000e+00,0.0000000000e+00,0.0000000000e+00,0.0000000000e+00,0.0000000000e+00,0.0000000000e+00,0.0000000000e+00,0.0000000000e+00
13061,2024-09-29 12:45:00,0.065066,2.235558,1.581448,1.003 omega + 0.008 omega^2,0.000,0.0000000000e+00,0.0000000000e+00,0.0000000000e+00,0.0000000000e+00,0.0000000000e+00,0.0000000000e+00,0.0000000000e+00,0.0000000000e+00,0.0000000000e+00,0.0000000000e+00
13062,2024-09-29 12:50:00,0.076086,8.694239,6.147991,0.997 omega + 0.001 theta omega + -0.013 omega^2,-0.020 theta omega^2,0.0000000000e+00,0.0000000000e+00,0.0000000000e+00,0.0000000000e+00,0.0000000000e+00,0.0000000000e+00,0.0000000000e+00,0.0000000000e+00,-1.9708314492e-02,0.0000000000e+00
13063,2024-09-29 12:55:00,0.139249,20.512985,14.505205,0.998 omega + 0.088 omega^2 + -0.008 theta omega^2,0.000,0.0000000000e+00,0.0000000000e+00,0.0000000000e+00,0.0000000000e+00,0.0000000000e+00,0.0000000000e+00,0.0000000000e+00,0.0000000000e+00,0.0000000000e+00,0.0000000000e+00
13064,2024-09-29 13:00:00,0.043228,3.621856,2.561221,0.991 omega + 0.001 theta omega + 0.057 omega^2 + -0.007 theta omega^2,0.000,0.0000000000e+00,0.0000000000e+00,0.0000000000e+00,0.0000000000e+00,0.0000000000e+00,0.0000000000e+00,0.0000000000e+00,0.0000000000e+00,0.0000000000e+00,0.0000000000e+00
13065,2024-09-29 13:05:00,0.015770,0.647156,0.457744,1.002 omega + -0.001 theta omega^2,0.000,0.0000000000e+00,0.0000000000e+00,0.0000000000e+00,0.0000000000e+00,0.0000000000e+00,0.0000000000e+00,0.0000000000e+00,0.0000000000e+00,0.0000000000e+00,0.0000000000e+00
13066,2024-09-29 13:10:00,0.053501,6.203093,4.386412,0.981 omega + 0.001 theta omega + 0.113 omega^2 + -0.004 theta omega^2,0.000,0.0000000000e+00,0.0000000000e+00,0.0000000000e+00,0.0000000000e+00,0.0000000000e+00,0.0000000000e+00,0.0000000000e+00,0.0000000000e+00,0.0000000000e+00,0.0000000000e+00
13067,2024-09-29 13:15:00,0.047902,6.866350,4.855361,1.000 omega + 0.001 theta omega + -0.002 theta omega^2,0.000,0.0000000000e+00,0.0000000000e+00,0.0000000000e+00,0.0000000000e+00,0.0000000000e+00,0.0000000000e+00,0.0000000000e+00,0.0000000000e+00,0.0000000000e+00,0.0000000000e+00
13068,2024-09-29 13:20:00,0.038409,3.804881,2.690595,-0.001 1 + 1.011 omega + 0.001 theta omega + -0.015 theta omega^2,0.000,0.0000000000e+00,0.0000000000e+00,0.0000000000e+00,0.0000000000e+00,0.0000000000e+00,0.0000000000e+00,0.0000000000e+00,0.0000000000e+00,0.0000000000e+00,0.0000000000e+00
13069,2024-09-29 13:25:00,0.106730,18.510225,13.088923,0.998 omega + 0.021 omega^2 + -0.068 omega^3,0.000,0.0000000000e+00,0.0000000000e+00,0.0000000000e+00,0.0000000000e+00,0.0000000000e+00,0.0000000000e+00,0.0000000000e+00,0.0000000000e+00,0.0000000000e+00,0.0000000000e+00
13070,2024-09-29 13:30:00,0.079241,9.467315,6.694637,1.009 omega + 0.001 theta omega + 0.042 omega^2 + -0.455 omega^3,-0.024 theta omega^2,0.0000000000e+00,0.0000000000e+00,0.0000000000e+00,0.0000000000e+00,0.0000000000e+00,0.0000000000e+00,0.0000000000e+00,0.0000000000e+00,-2.4170840435e-02,0.0000000000e+00
13071,2024-09-29 13:35:00,0.023614,2.853393,2.017723,0.001 1 + 0.975 omega + 0.147 omega^2 + -0.003 theta omega^2,0.000,0.0000000000e+00,0.0000000000e+00,0.0000000000e+00,0.0000000000e+00,0.0000000000e+00,0.0000000000e+00,0.0000000000e+00,0.0000000000e+00,0.0000000000e+00,0.0000000000e+00
13072,2024-09-29 13:40:00,0.099480,5.908136,4.178275,1.002 omega + 0.013 omega^2 + 0.012 omega^3,0.000,0.0000000000e+00,0.0000000000e+00,0.0000000000e+00,0.0000000000e+00,0.0000000000e+00,0.0000000000e+00,0.0000000000e+00,0.0000000000e+00,0.0000000000e+00,0.0000000000e+00
13073,2024-09-29 13:45:00,0.199739,24.167055,17.089272,0.998 omega + -0.004 omega^2,0.000,0.0000000000e+00,0.0000000000e+00,0.0000000000e+00,0.0000000000e+00,0.0000000000e+00,0.0000000000e+00,0.0000000000e+00,0.0000000000e+00,0.0000000000e+00,0.0000000000e+00
13074,2024-09-29 13:50:00,0.048477,3.983853,2.817218,1.011 omega + 0.015 theta omega + 0.072 omega^2 + 0.005 theta^2 omega,0.000,0.0000000000e+00,0.0000000000e+00,0.0000000000e+00,0.0000000000e+00,0.0000000000e+00,0.0000000000e+00,0.0000000000e+00,0.0000000000e+00,0.0000000000e+00,0.0000000000e+00
13075,2024-09-29 13:55:00,0.220796,30.838913,21.806963,1.001 omega + -0.052 omega^2 + -0.228 omega^3,0.000,0.0000000000e+00,0.0000000000e+00,0.0000000000e+00,0.0000000000e+00,0.0000000000e+00,0.0000000000e+00,0.0000000000e+00,0.0000000000e+00,0.0000000000e+00,0.0000000000e+00
13076,2024-09-29 14:00:00,0.329834,43.240077,30.576241,0.996 omega + 0.040 omega^2 + 0.122 omega^3,0.000,0.0000000000e+00,0.0000000000e+00,0.0000000000e+00,0.0000000000e+00,0.0000000000e+00,0.0000000000e+00,0.0000000000e+00,0.0000000000e+00,0.0000000000e+00,0.0000000000e+00
13077,2024-09-29 14:05:00,0.190792,24.369981,17.232707,1.002 omega + -0.040 omega^2 + -0.329 omega^3,0.000,0.0000000000e+00,0.0000000000e+00,0.0000000000e+00,0.0000000000e+00,0.0000000000e+00,0.0000000000e+00,0.0000000000e+00,0.0000000000e+00,0.0000000000e+00,0.0000000000e+00
13078,2024-09-29 14:10:00,0.086560,7.637527,5.400894,0.999 omega + -0.043 omega^3,-0.017 theta omega^2,0.0000000000e+00,0.0000000000e+00,0.0000000000e+00,0.0000000000e+00,0.0000000000e+00,0.0000000000e+00,0.0000000000e+00,0.0000000000e+00,-1.7067376000e-02,0.0000000000e+00
13079,2024-09-29 14:15:00,0.073044,10.790774,7.630404,1.000 omega + 0.001 theta omega,0.000,0.0000000000e+00,0.0000000000e+00,0.0000000000e+00,0.0000000000e+00,0.0000000000e+00,0.0000000000e+00,0.0000000000e+00,0.0000000000e+00,0.0000000000e+00,0.0000000000e+00
13080,2024-09-29 14:20:00,0.123962,21.031623,14.871861,1.007 omega + -0.193 omega^2 + -0.021 theta omega^2 + -1.292 omega^3,-0.011 theta omega^2,0.0000000000e+00,0.0000000000e+00,0.0000000000e+00,0.0000000000e+00,0.0000000000e+00,0.0000000000e+00,0.0000000000e+00,0.0000000000e+00,-1.1150946809e-02,0.0000000000e+00
13081,2024-09-29 14:25:00,0.083317,4.983081,3.524063,1.003 omega + 0.033 omega^2 + -0.006 theta omega^2,0.000,0.0000000000e+00,0.0000000000e+00,0.0000000000e+00,0.0000000000e+00,0.0000000000e+00,0.0000000000e+00,0.0000000000e+00,0.0000000000e+00,0.0000000000e+00,0.0000000000e+00
13082,2024-09-29 14:30:00,0.132878,20.474451,14.477928,1.002 omega + 0.016 omega^2,0.000,0.0000000000e+00,0.0000000000e+00,0.0000000000e+00,0.0000000000e+00,0.0000000000e+00,0.0000000000e+00,0.0000000000e+00,0.0000000000e+00,0.0000000000e+00,0.0000000000e+00
13083,2024-09-29 14:35:00,0.105815,5.703362,4.033580,0.999 omega + 0.001 omega^2,0.000,0.0000000000e+00,0.0000000000e+00,0.0000000000e+00,0.0000000000e+00,0.0000000000e+00,0.0000000000e+00,0.0000000000e+00,0.0000000000e+00,0.0000000000e+00,0.0000000000e+00
13084,2024-09-29 14:40:00,0.102752,15.451479,10.926087,0.998 omega + -0.101 omega^2 + -0.011 theta omega^2,0.000,0.0000000000e+00,0.0000000000e+00,0.0000000000e+00,0.0000000000e+00,0.0000000000e+00,0.0000000000e+00,0.0000000000e+00,0.0000000000e+00,0.0000000000e+00,0.0000000000e+00
13085,2024-09-29 14:45:00,0.106113,8.641595,6.110991,1.006 omega + -0.016 omega^2 + -0.009 theta omega^2 + -0.129 omega^3,0.000,0.0000000000e+00,0.0000000000e+00,0.0000000000e+00,0.0000000000e+00,0.0000000000e+00,0.0000000000e+00,0.0000000000e+00,0.0000000000e+00,0.0000000000e+00,0.0000000000e+00
13086,2024-09-29 14:50:00,0.077205,7.583028,5.362288,0.999 omega + -0.001 theta omega^2,0.000,0.0000000000e+00,0.0000000000e+00,0.0000000000e+00,0.0000000000e+00,0.0000000000e+00,0.0000000000e+00,0.0000000000e+00,0.0000000000e+00,0.0000000000e+00,0.0000000000e+00
13087,2024-09-29 14:55:00,0.096131,5.570806,3.939741,0.993 omega + 0.023 omega^2 + 0.423 omega^3,0.000,0.0000000000e+00,0.0000000000e+00,0.0000000000e+00,0.0000000000e+00,0.0000000000e+00,0.0000000000e+00,0.0000000000e+00,0.0000000000e+00,0.0000000000e+00,0.0000000000e+00
13088,2024-09-29 15:00:00,0.093343,13.758089,9.728662,0.973 omega + -0.004 theta omega + -0.213 omega^2 + -0.033 theta omega^2,0.000,0.0000000000e+00,0.0000000000e+00,0.0000000000e+00,0.0000000000e+00,0.0000000000e+00,0.0000000000e+00,0.0000000000e+00,0.0000000000e+00,0.0000000000e+00,0.0000000000e+00
13089,2024-09-29 15:05:00,0.111099,11.127082,7.868428,1.000 omega + 0.012 omega^2,0.022 omega^2,0.0000000000e+00,0.0000000000e+00,0.0000000000e+00,0.0000000000e+00,0.0000000000e+00,2.2185017136e-02,0.0000000000e+00,0.0000000000e+00,0.0000000000e+00,0.0000000000e+00
13090,2024-09-29 15:10:00,0.085364,10.184092,7.201493,1.005 omega + -0.005 omega^2 + -0.001 theta omega^2,0.000,0.0000000000e+00,0.0000000000e+00,0.0000000000e+00,0.0000000000e+00,0.0000000000e+00,0.0000000000e+00,0.0000000000e+00,0.0000000000e+00,0.0000000000e+00,0.0000000000e+00
13091,2024-09-29 15:15:00,0.085717,10.622677,7.511612,1.001 omega,0.000,0.0000000000e+00,0.0000000000e+00,0.0000000000e+00,0.0000000000e+00,0.0000000000e+00,0.0000000000e+00,0.0000000000e+00,0.0000000000e+00,0.0000000000e+00,0.0000000000e+00
13092,2024-09-29 15:20:00,0.156944,8.850536,6.259258,1.001 omega,0.000,0.0000000000e+00,0.0000000000e+00,0.0000000000e+00,0.0000000000e+00,0.0000000000e+00,0.0000000000e+00,0.0000000000e+00,0.0000000000e+00,0.0000000000e+00,0.0000000000e+00
13093,2024-09-29 15:25:00,0.182115,15.816390,11.184618,1.001 omega + 0.016 omega^2,0.000,0.0000000000e+00,0.0000000000e+00,0.0000000000e+00,0.0000000000e+00,0.0000000000e+00,0.0000000000e+00,0.0000000000e+00,0.0000000000e+00,0.0000000000e+00,0.0000000000e+00
13094,2024-09-29 15:30:00,0.120703,10.271443,7.263509,0.999 omega,0.000,0.0000000000e+00,0.0000000000e+00,0.0000000000e+00,0.0000000000e+00,0.0000000000e+00,0.0000000000e+00,0.0000000000e+00,0.0000000000e+00,0.0000000000e+00,0.0000000000e+00
13095,2024-09-29 15:35:00,0.054993,5.860425,4.144129,1.011 omega + -0.001 theta omega + -0.008 theta omega^2,0.000,0.0000000000e+00,0.0000000000e+00,0.0000000000e+00,0.0000000000e+00,0.0000000000e+00,0.0000000000e+00,0.0000000000e+00,0.0000000000e+00,0.0000000000e+00,0.0000000000e+00
13096,2024-09-29 15:40:00,0.082418,6.554557,4.635138,1.000 omega + -0.010 omega^2 + -0.008 theta omega^2,-0.014 theta omega^2,0.0000000000e+00,0.0000000000e+00,0.0000000000e+00,0.0000000000e+00,0.0000000000e+00,0.0000000000e+00,0.0000000000e+00,0.0000000000e+00,-1.3559354428e-02,0.0000000000e+00
13097,2024-09-29 15:45:00,0.091767,9.455098,6.686079,1.001 omega + -0.002 omega^2 + -0.029 theta omega^2 + 0.072 omega^3,-0.029 omega^2 + -0.056 theta omega^2,0.0000000000e+00,0.0000000000e+00,0.0000000000e+00,0.0000000000e+00,0.0000000000e+00,-2.9139675303e-02,0.0000000000e+00,0.0000000000e+00,-5.5809606477e-02,0.0000000000e+00
13098,2024-09-29 15:50:00,0.014887,0.538171,0.380690,0.004 1 + 1.041 omega + 0.100 omega^2,0.000,0.0000000000e+00,0.0000000000e+00,0.0000000000e+00,0.0000000000e+00,0.0000000000e+00,0.0000000000e+00,0.0000000000e+00,0.0000000000e+00,0.0000000000e+00,0.0000000000e+00
13099,2024-09-29 15:55:00,0.130828,11.600531,8.203335,1.003 omega + 0.039 omega^2,0.000,0.0000000000e+00,0.0000000000e+00,0.0000000000e+00,0.0000000000e+00,0.0000000000e+00,0.0000000000e+00,0.0000000000e+00,0.0000000000e+00,0.0000000000e+00,0.0000000000e+00
13100,2024-09-29 16:00:00,0.031129,3.182289,2.250325,-0.008 1 + 1.074 omega + 0.001 theta omega + -0.151 omega^2 + -0.009 theta omega^2,0.000,0.0000000000e+00,0.0000000000e+00,0.0000000000e+00,0.0000000000e+00,0.0000000000e+00,0.0000000000e+00,0.0000000000e+00,0.0000000000e+00,0.0000000000e+00,0.0000000000e+00
13101,2024-09-29 16:05:00,0.092606,11.577141,8.186537,0.998 omega + 0.173 omega^3,-0.015 theta omega^2,0.0000000000e+00,0.0000000000e+00,0.0000000000e+00,0.0000000000e+00,0.0000000000e+00,0.0000000000e+00,0.0000000000e+00,0.0000000000e+00,-1.4808982035e-02,0.0000000000e+00
13102,2024-09-29 16:10:00,0.125295,20.252889,14.321229,1.000 omega + -0.006 omega^2,0.000,0.0000000000e+00,0.0000000000e+00,0.0000000000e+00,0.0000000000e+00,0.0000000000e+00,0.0000000000e+00,0.0000000000e+00,0.0000000000e+00,0.0000000000e+00,0.0000000000e+00
13103,2024-09-29 16:15:00,0.156910,16.608332,11.744388,0.999 omega + 0.014 omega^2,0.000,0.0000000000e+00,0.0000000000e+00,0.0000000000e+00,0.0000000000e+00,0.0000000000e+00,0.0000000000e+00,0.0000000000e+00,0.0000000000e+00,0.0000000000e+00,0.0000000000e+00
13104,2024-09-29 16:20:00,0.148786,7.103817,5.024259,1.000 omega + -0.018 omega^2 + 0.094 omega^3,0.000,0.0000000000e+00,0.0000000000e+00,0.0000000000e+00,0.0000000000e+00,0.0000000000e+00,0.0000000000e+00,0.0000000000e+00,0.0000000000e+00,0.0000000000e+00,0.0000000000e+00
13105,2024-09-29 16:25:00,0.140004,16.235034,11.480330,0.998 omega,0.000,0.0000000000e+00,0.0000000000e+00,0.0000000000e+00,0.0000000000e+00,0.0000000000e+00,0.0000000000e+00,0.0000000000e+00,0.0000000000e+00,0.0000000000e+00,0.0000000000e+00
13106,2024-09-29 16:30:00,0.044970,4.934948,3.489680,0.985 omega + -0.001 theta omega + -0.122 omega^2 + -0.010 theta omega^2,0.000,0.0000000000e+00,0.0000000000e+00,0.0000000000e+00,0.0000000000e+00,0.0000000000e+00,0.0000000000e+00,0.0000000000e+00,0.0000000000e+00,0.0000000000e+00,0.0000000000e+00
13107,2024-09-29 16:35:00,0.168832,25.470362,18.010661,0.997 omega + 0.057 omega^2 + -0.007 theta omega^2 + 0.108 omega^3,0.000,0.0000000000e+00,0.0000000000e+00,0.0000000000e+00,0.0000000000e+00,0.0000000000e+00,0.0000000000e+00,0.0000000000e+00,0.0000000000e+00,0.0000000000e+00,0.0000000000e+00
13108,2024-09-29 16:40:00,0.117123,14.923252,10.552657,0.001 1 + 0.996 omega + 0.004 omega^2,0.000,0.0000000000e+00,0.0000000000e+00,0.0000000000e+00,0.0000000000e+00,0.0000000000e+00,0.0000000000e+00,0.0000000000e+00,0.0000000000e+00,0.0000000000e+00,0.0000000000e+00
13109,2024-09-29 16:45:00,0.146043,15.398437,10.888829,1.005 omega + -0.092 omega^2 + -0.845 omega^3,0.000,0.0000000000e+00,0.0000000000e+00,0.0000000000e+00,0.0000000000e+00,0.0000000000e+00,0.0000000000e+00,0.0000000000e+00,0.0000000000e+00,0.0000000000e+00,0.0000000000e+00
13110,2024-09-29 16:50:00,0.182182,26.143380,18.486610,1.000 omega + -0.005 omega^2 + 0.001 omega^3,0.000,0.0000000000e+00,0.0000000000e+00,0.0000000000e+00,0.0000000000e+00,0.0000000000e+00,0.0000000000e+00,0.0000000000e+00,0.0000000000e+00,0.0000000000e+00,0.0000000000e+00
13111,2024-09-29 16:55:00,0.168087,11.634925,8.227993,1.001 omega + 0.009 omega^2,0.000,0.0000000000e+00,0.0000000000e+00,0.0000000000e+00,0.0000000000e+00,0.0000000000e+00,0.0000000000e+00,0.0000000000e+00,0.0000000000e+00,0.0000000000e+00,0.0000000000e+00
13112,2024-09-29 17:00:00,0.323579,46.537717,32.907931,1.001 omega + -0.030 omega^2 + -0.144 omega^3,0.000,0.0000000000e+00,0.0000000000e+00,0.0000000000e+00,0.0000000000e+00,0.0000000000e+00,0.0000000000e+00,0.0000000000e+00,0.0000000000e+00,0.0000000000e+00,0.0000000000e+00
13113,2024-09-29 17:05:00,0.309525,48.161468,34.056004,0.999 omega + 0.020 omega^3,0.000,0.0000000000e+00,0.0000000000e+00,0.0000000000e+00,0.0000000000e+00,0.0000000000e+00,0.0000000000e+00,0.0000000000e+00,0.0000000000e+00,0.0000000000e+00,0.0000000000e+00
13114,2024-09-29 17:10:00,0.120663,19.168311,13.554312,0.997 omega + -0.070 omega^2 + -0.020 theta omega^2 + 0.166 omega^3,-0.015 theta omega^2,0.0000000000e+00,0.0000000000e+00,0.0000000000e+00,0.0000000000e+00,0.0000000000e+00,0.0000000000e+00,0.0000000000e+00,0.0000000000e+00,-1.5006722223e-02,0.0000000000e+00
13115,2024-09-29 17:15:00,0.111107,3.685843,2.607468,1.001 omega,0.000,0.0000000000e+00,0.0000000000e+00,0.0000000000e+00,0.0000000000e+00,0.0000000000e+00,0.0000000000e+00,0.0000000000e+00,0.0000000000e+00,0.0000000000e+00,0.0000000000e+00
13116,2024-09-29 17:20:00,0.154865,7.552609,5.341623,0.995 omega + 0.053 omega^2 + 0.269 omega^3,0.000,0.0000000000e+00,0.0000000000e+00,0.0000000000e+00,0.0000000000e+00,0.0000000000e+00,0.0000000000e+00,0.0000000000e+00,0.0000000000e+00,0.0000000000e+00,0.0000000000e+00
13117,2024-09-29 17:25:00,0.186961,20.264279,14.329619,0.988 omega + -0.066 omega^2 + 0.679 omega^3,0.000,0.0000000000e+00,0.0000000000e+00,0.0000000000e+00,0.0000000000e+00,0.0000000000e+00,0.0000000000e+00,0.0000000000e+00,0.0000000000e+00,0.0000000000e+00,0.0000000000e+00
13118,2024-09-29 17:30:00,0.162582,19.071038,13.485750,1.012 omega + -0.063 omega^2,0.000,0.0000000000e+00,0.0000000000e+00,0.0000000000e+00,0.0000000000e+00,0.0000000000e+00,0.0000000000e+00,0.0000000000e+00,0.0000000000e+00,0.0000000000e+00,0.0000000000e+00
13119,2024-09-29 17:35:00,0.152406,19.833084,14.024522,0.015 1 + -0.002 theta + 0.907 omega + 0.009 theta omega + -0.012 theta omega^2,0.000,0.0000000000e+00,0.0000000000e+00,0.0000000000e+00,0.0000000000e+00,0.0000000000e+00,0.0000000000e+00,0.0000000000e+00,0.0000000000e+00,0.0000000000e+00,0.0000000000e+00
13120,2024-09-29 17:40:00,0.151491,21.035728,14.874892,1.007 omega + -0.018 omega^2 + -0.072 omega^3,0.000,0.0000000000e+00,0.0000000000e+00,0.0000000000e+00,0.0000000000e+00,0.0000000000e+00,0.0000000000e+00,0.0000000000e+00,0.0000000000e+00,0.0000000000e+00,0.0000000000e+00
13121,2024-09-29 17:45:00,0.051673,8.451837,5.976463,0.003 1 + 1.013 omega + -0.021 omega^2 + -0.099 omega^3,0.000,0.0000000000e+00,0.0000000000e+00,0.0000000000e+00,0.0000000000e+00,0.0000000000e+00,0.0000000000e+00,0.0000000000e+00,0.0000000000e+00,0.0000000000e+00,0.0000000000e+00
13122,2024-09-29 17:50:00,0.120916,17.833213,12.610276,0.992 omega + -0.003 theta omega + -0.096 omega^2 + -0.025 theta omega^2,0.000,0.0000000000e+00,0.0000000000e+00,0.0000000000e+00,0.0000000000e+00,0.0000000000e+00,0.0000000000e+00,0.0000000000e+00,0.0000000000e+00,0.0000000000e+00,0.0000000000e+00
13123,2024-09-29 17:55:00,0.120639,9.597157,6.786751,0.998 omega + -0.005 omega^2,0.000,0.0000000000e+00,0.0000000000e+00,0.0000000000e+00,0.0000000000e+00,0.0000000000e+00,0.0000000000e+00,0.0000000000e+00,0.0000000000e+00,0.0000000000e+00,0.0000000000e+00
13124,2024-09-29 18:00:00,0.106730,6.773556,4.790222,1.001 omega + 0.011 omega^2,0.000,0.0000000000e+00,0.0000000000e+00,0.0000000000e+00,0.0000000000e+00,0.0000000000e+00,0.0000000000e+00,0.0000000000e+00,0.0000000000e+00,0.0000000000e+00,0.0000000000e+00
13125,2024-09-29 18:05:00,0.139232,17.452222,12.340977,1.002 omega,0.000,0.0000000000e+00,0.0000000000e+00,0.0000000000e+00,0.0000000000e+00,0.0000000000e+00,0.0000000000e+00,0.0000000000e+00,0.0000000000e+00,0.0000000000e+00,0.0000000000e+00
13126,2024-09-29 18:10:00,0.117216,6.777909,4.793422,0.999 omega,0.000,0.0000000000e+00,0.0000000000e+00,0.0000000000e+00,0.0000000000e+00,0.0000000000e+00,0.0000000000e+00,0.0000000000e+00,0.0000000000e+00,0.0000000000e+00,0.0000000000e+00
13127,2024-09-29 18:15:00,0.080011,8.698708,6.151175,0.992 omega + 0.003 theta omega + 0.227 omega^2 + -0.050 theta omega^2,0.000,0.0000000000e+00,0.0000000000e+00,0.0000000000e+00,0.0000000000e+00,0.0000000000e+00,0.0000000000e+00,0.0000000000e+00,0.0000000000e+00,0.0000000000e+00,0.0000000000e+00
13128,2024-09-29 18:20:00,0.276060,40.871092,28.900885,0.998 omega + -0.132 omega^2 + -0.538 omega^3,0.000,0.0000000000e+00,0.0000000000e+00,0.0000000000e+00,0.0000000000e+00,0.0000000000e+00,0.0000000000e+00,0.0000000000e+00,0.0000000000e+00,0.0000000000e+00,0.0000000000e+00
13129,2024-09-29 18:25:00,0.046475,5.328955,3.768283,-0.004 1 + 0.886 omega + -0.002 theta omega + -0.499 omega^2 + -0.011 theta omega^2,0.000,0.0000000000e+00,0.0000000000e+00,0.0000000000e+00,0.0000000000e+00,0.0000000000e+00,0.0000000000e+00,0.0000000000e+00,0.0000000000e+00,0.0000000000e+00,0.0000000000e+00
13130,2024-09-29 18:30:00,0.138585,20.995466,14.846360,0.975 omega + -0.003 theta omega + -0.148 omega^2 + -0.031 theta omega^2,0.000,0.0000000000e+00,0.0000000000e+00,0.0000000000e+00,0.0000000000e+00,0.0000000000e+00,0.0000000000e+00,0.0000000000e+00,0.0000000000e+00,0.0000000000e+00,0.0000000000e+00
13131,2024-09-29 18:35:00,0.087523,22495295843.421616,15906576235.680981,1.022 omega + 0.024 theta omega + 0.070 omega^2 + 0.005 theta^2 omega,0.000,0.0000000000e+00,0.0000000000e+00,0.0000000000e+00,0.0000000000e+00,0.0000000000e+00,0.0000000000e+00,0.0000000000e+00,0.0000000000e+00,0.0000000000e+00,0.0000000000e+00
13132,2024-09-29 18:40:00,0.076853,11.046506,7.811248,1.014 omega + -0.130 omega^2 + 0.001 theta omega^2,0.000,0.0000000000e+00,0.0000000000e+00,0.0000000000e+00,0.0000000000e+00,0.0000000000e+00,0.0000000000e+00,0.0000000000e+00,0.0000000000e+00,0.0000000000e+00,0.0000000000e+00
13133,2024-09-29 18:45:00,0.066096,8.845777,6.255084,1.004 omega + -0.029 omega^2,0.000,0.0000000000e+00,0.0000000000e+00,0.0000000000e+00,0.0000000000e+00,0.0000000000e+00,0.0000000000e+00,0.0000000000e+00,0.0000000000e+00,0.0000000000e+00,0.0000000000e+00
13134,2024-09-29 18:50:00,0.065523,4.347140,3.074241,1.009 omega + -0.007 theta omega^2,0.000,0.0000000000e+00,0.0000000000e+00,0.0000000000e+00,0.0000000000e+00,0.0000000000e+00,0.0000000000e+00,0.0000000000e+00,0.0000000000e+00,0.0000000000e+00,0.0000000000e+00
13135,2024-09-29 18:55:00,0.132005,20.602793,14.568674,1.001 omega + 0.007 omega^2,0.000,0.0000000000e+00,0.0000000000e+00,0.0000000000e+00,0.0000000000e+00,0.0000000000e+00,0.0000000000e+00,0.0000000000e+00,0.0000000000e+00,0.0000000000e+00,0.0000000000e+00
13136,2024-09-29 19:00:00,0.071603,7.936044,5.611859,0.999 omega + -0.001 theta omega^2,0.000,0.0000000000e+00,0.0000000000e+00,0.0000000000e+00,0.0000000000e+00,0.0000000000e+00,0.0000000000e+00,0.0000000000e+00,0.0000000000e+00,0.0000000000e+00,0.0000000000e+00
13137,2024-09-29 19:05:00,0.103451,9.857128,6.970426,1.005 omega + -0.014 omega^2,0.000,0.0000000000e+00,0.0000000000e+00,0.0000000000e+00,0.0000000000e+00,0.0000000000e+00,0.0000000000e+00,0.0000000000e+00,0.0000000000e+00,0.0000000000e+00,0.0000000000e+00
13138,2024-09-29 19:10:00,0.188706,13.169769,9.313389,1.000 omega,0.000,0.0000000000e+00,0.0000000000e+00,0.0000000000e+00,0.0000000000e+00,0.0000000000e+00,0.0000000000e+00,0.0000000000e+00,0.0000000000e+00,0.0000000000e+00,0.0000000000e+00
13139,2024-09-29 19:15:00,0.226201,25.627288,18.121935,0.998 omega + 0.005 omega^2,0.000,0.0000000000e+00,0.0000000000e+00,0.0000000000e+00,0.0000000000e+00,0.0000000000e+00,0.0000000000e+00,0.0000000000e+00,0.0000000000e+00,0.0000000000e+00,0.0000000000e+00
13140,2024-09-29 19:20:00,0.190574,23.416801,16.558727,1.002 omega + -0.030 omega^2 + -0.206 omega^3,0.000,0.0000000000e+00,0.0000000000e+00,0.0000000000e+00,0.0000000000e+00,0.0000000000e+00,0.0000000000e+00,0.0000000000e+00,0.0000000000e+00,0.0000000000e+00,0.0000000000e+00
13141,2024-09-29 19:25:00,0.071397,3.456927,2.444938,0.001 1 + 1.009 omega + 0.021 omega^2,0.000,0.0000000000e+00,0.0000000000e+00,0.0000000000e+00,0.0000000000e+00,0.0000000000e+00,0.0000000000e+00,0.0000000000e+00,0.0000000000e+00,0.0000000000e+00,0.0000000000e+00
13142,2024-09-29 19:30:00,0.148922,10.732916,7.590048,0.994 omega + -0.022 omega^2,0.000,0.0000000000e+00,0.0000000000e+00,0.0000000000e+00,0.0000000000e+00,0.0000000000e+00,0.0000000000e+00,0.0000000000e+00,0.0000000000e+00,0.0000000000e+00,0.0000000000e+00
13143,2024-09-29 19:35:00,0.129470,20.664656,14.612405,0.004 1 + 1.130 omega + 1.063 omega^2 + 2.553 omega^3,0.000,0.0000000000e+00,0.0000000000e+00,0.0000000000e+00,0.0000000000e+00,0.0000000000e+00,0.0000000000e+00,0.0000000000e+00,0.0000000000e+00,0.0000000000e+00,0.0000000000e+00
13144,2024-09-29 19:40:00,0.019259,2.337905,1.653205,0.005 1 + 1.068 omega + 0.219 omega^2,0.000,0.0000000000e+00,0.0000000000e+00,0.0000000000e+00,0.0000000000e+00,0.0000000000e+00,0.0000000000e+00,0.0000000000e+00,0.0000000000e+00,0.0000000000e+00,0.0000000000e+00
13145,2024-09-29 19:45:00,0.101250,7.036271,4.975910,1.003 omega + 0.035 omega^2,0.000,0.0000000000e+00,0.0000000000e+00,0.0000000000e+00,0.0000000000e+00,0.0000000000e+00,0.0000000000e+00,0.0000000000e+00,0.0000000000e+00,0.0000000000e+00,0.0000000000e+00
13146,2024-09-29 19:50:00,0.109866,4.415509,3.123203,1.001 omega + -0.009 omega^2,0.000,0.0000000000e+00,0.0000000000e+00,0.0000000000e+00,0.0000000000e+00,0.0000000000e+00,0.0000000000e+00,0.0000000000e+00,0.0000000000e+00,0.0000000000e+00,0.0000000000e+00
13147,2024-09-29 19:55:00,0.159319,20.392408,14.420050,0.999 omega + 0.013 omega^2,0.000,0.0000000000e+00,0.0000000000e+00,0.0000000000e+00,0.0000000000e+00,0.0000000000e+00,0.0000000000e+00,0.0000000000e+00,0.0000000000e+00,0.0000000000e+00,0.0000000000e+00
13148,2024-09-29 20:00:00,0.106396,14.433291,10.206155,1.008 omega + 0.047 omega^2,0.000,0.0000000000e+00,0.0000000000e+00,0.0000000000e+00,0.0000000000e+00,0.0000000000e+00,0.0000000000e+00,0.0000000000e+00,0.0000000000e+00,0.0000000000e+00,0.0000000000e+00
13149,2024-09-29 20:05:00,0.074454,4.373621,3.093065,1.002 omega + 0.007 omega^2,0.000,0.0000000000e+00,0.0000000000e+00,0.0000000000e+00,0.0000000000e+00,0.0000000000e+00,0.0000000000e+00,0.0000000000e+00,0.0000000000e+00,0.0000000000e+00,0.0000000000e+00
13150,2024-09-29 20:10:00,0.163222,22.115112,15.638171,0.996 omega + -0.001 theta omega + -0.003 omega^2,0.000,0.0000000000e+00,0.0000000000e+00,0.0000000000e+00,0.0000000000e+00,0.0000000000e+00,0.0000000000e+00,0.0000000000e+00,0.0000000000e+00,0.0000000000e+00,0.0000000000e+00
13151,2024-09-29 20:15:00,0.155311,7.659349,5.417091,0.999 omega + 0.002 omega^2,0.000,0.0000000000e+00,0.0000000000e+00,0.0000000000e+00,0.0000000000e+00,0.0000000000e+00,0.0000000000e+00,0.0000000000e+00,0.0000000000e+00,0.0000000000e+00,0.0000000000e+00
13152,2024-09-29 20:20:00,0.079385,5.979613,4.228598,0.001 1 + 0.981 omega + 0.112 omega^2 + -0.177 omega^3,0.000,0.0000000000e+00,0.0000000000e+00,0.0000000000e+00,0.0000000000e+00,0.0000000000e+00,0.0000000000e+00,0.0000000000e+00,0.0000000000e+00,0.0000000000e+00,0.0000000000e+00
13153,2024-09-29 20:25:00,0.143245,12.861026,9.094683,0.989 omega + 0.060 omega^2 + -0.078 omega^3,0.000,0.0000000000e+00,0.0000000000e+00,0.0000000000e+00,0.0000000000e+00,0.0000000000e+00,0.0000000000e+00,0.0000000000e+00,0.0000000000e+00,0.0000000000e+00,0.0000000000e+00
13154,2024-09-29 20:30:00,0.093434,4.847325,3.428213,0.994 omega + 0.031 omega^2 + 0.359 omega^3,0.000,0.0000000000e+00,0.0000000000e+00,0.0000000000e+00,0.0000000000e+00,0.0000000000e+00,0.0000000000e+00,0.0000000000e+00,0.0000000000e+00,0.0000000000e+00,0.0000000000e+00
13155,2024-09-29 20:35:00,0.121303,12.280081,8.683752,1.007 omega + 0.027 omega^2,0.000,0.0000000000e+00,0.0000000000e+00,0.0000000000e+00,0.0000000000e+00,0.0000000000e+00,0.0000000000e+00,0.0000000000e+00,0.0000000000e+00,0.0000000000e+00,0.0000000000e+00
13156,2024-09-29 20:40:00,0.184136,16.433014,11.620625,1.000 omega + -0.015 omega^3,0.000,0.0000000000e+00,0.0000000000e+00,0.0000000000e+00,0.0000000000e+00,0.0000000000e+00,0.0000000000e+00,0.0000000000e+00,0.0000000000e+00,0.0000000000e+00,0.0000000000e+00
13157,2024-09-29 20:45:00,0.222028,24.864016,17.582215,1.006 omega + -0.030 omega^2 + -0.340 omega^3,0.000,0.0000000000e+00,0.0000000000e+00,0.0000000000e+00,0.0000000000e+00,0.0000000000e+00,0.0000000000e+00,0.0000000000e+00,0.0000000000e+00,0.0000000000e+00,0.0000000000e+00
13158,2024-09-29 20:50:00,0.124184,10.383375,7.342680,1.001 omega + -0.004 omega^2,0.000,0.0000000000e+00,0.0000000000e+00,0.0000000000e+00,0.0000000000e+00,0.0000000000e+00,0.0000000000e+00,0.0000000000e+00,0.0000000000e+00,0.0000000000e+00,0.0000000000e+00
13159,2024-09-29 20:55:00,0.103119,14.389802,10.175388,1.009 omega + 0.060 omega^2,0.000,0.0000000000e+00,0.0000000000e+00,0.0000000000e+00,0.0000000000e+00,0.0000000000e+00,0.0000000000e+00,0.0000000000e+00,0.0000000000e+00,0.0000000000e+00,0.0000000000e+00
13160,2024-09-29 21:00:00,0.028414,1.554525,1.099399,0.004 1 + 1.038 omega + 0.064 omega^2 + -0.002 theta omega^2,0.000,0.0000000000e+00,0.0000000000e+00,0.0000000000e+00,0.0000000000e+00,0.0000000000e+00,0.0000000000e+00,0.0000000000e+00,0.0000000000e+00,0.0000000000e+00,0.0000000000e+00
13161,2024-09-29 21:05:00,0.067071,9.769402,6.908173,0.001 1 + 1.014 omega + 0.031 omega^2 + -0.001 theta omega^2,0.000,0.0000000000e+00,0.0000000000e+00,0.0000000000e+00,0.0000000000e+00,0.0000000000e+00,0.0000000000e+00,0.0000000000e+00,0.0000000000e+00,0.0000000000e+00,0.0000000000e+00
13162,2024-09-29 21:10:00,0.053816,5.839317,4.129196,-0.002 1 + 0.975 omega + -0.079 omega^2,0.000,0.0000000000e+00,0.0000000000e+00,0.0000000000e+00,0.0000000000e+00,0.0000000000e+00,0.0000000000e+00,0.0000000000e+00,0.0000000000e+00,0.0000000000e+00,0.0000000000e+00
13163,2024-09-29 21:15:00,0.136709,15.568271,11.008854,0.997 omega + -0.006 omega^2,0.000,0.0000000000e+00,0.0000000000e+00,0.0000000000e+00,0.0000000000e+00,0.0000000000e+00,0.0000000000e+00,0.0000000000e+00,0.0000000000e+00,0.0000000000e+00,0.0000000000e+00
13164,2024-09-29 21:20:00,0.112230,5.823478,4.118585,1.004 omega + -0.132 omega^3,-0.063 omega^2 + -0.029 theta omega^2,0.0000000000e+00,0.0000000000e+00,0.0000000000e+00,0.0000000000e+00,0.0000000000e+00,-6.3039957952e-02,0.0000000000e+00,0.0000000000e+00,-2.8658714173e-02,0.0000000000e+00
13165,2024-09-29 21:25:00,0.035152,2.570368,1.817695,-0.021 1 + 0.460 omega + -0.002 theta omega + -3.710 omega^2 + -0.008 theta omega^2 + -7.670 omega^3,0.000,0.0000000000e+00,0.0000000000e+00,0.0000000000e+00,0.0000000000e+00,0.0000000000e+00,0.0000000000e+00,0.0000000000e+00,0.0000000000e+00,0.0000000000e+00,0.0000000000e+00
13166,2024-09-29 21:30:00,0.178985,22.540965,15.939372,0.998 omega + 0.038 omega^2 + -0.002 theta omega^2,0.000,0.0000000000e+00,0.0000000000e+00,0.0000000000e+00,0.0000000000e+00,0.0000000000e+00,0.0000000000e+00,0.0000000000e+00,0.0000000000e+00,0.0000000000e+00,0.0000000000e+00
13167,2024-09-29 21:35:00,0.105337,11.811818,8.352548,0.998 omega + -0.003 theta omega^2,0.000,0.0000000000e+00,0.0000000000e+00,0.0000000000e+00,0.0000000000e+00,0.0000000000e+00,0.0000000000e+00,0.0000000000e+00,0.0000000000e+00,0.0000000000e+00,0.0000000000e+00
13168,2024-09-29 21:40:00,0.153553,23.603217,16.690348,1.009 omega + -0.056 omega^2,0.000,0.0000000000e+00,0.0000000000e+00,0.0000000000e+00,0.0000000000e+00,0.0000000000e+00,0.0000000000e+00,0.0000000000e+00,0.0000000000e+00,0.0000000000e+00,0.0000000000e+00
13169,2024-09-29 21:45:00,0.187070,15.693709,11.097917,1.000 omega,0.000,0.0000000000e+00,0.0000000000e+00,0.0000000000e+00,0.0000000000e+00,0.0000000000e+00,0.0000000000e+00,0.0000000000e+00,0.0000000000e+00,0.0000000000e+00,0.0000000000e+00
13170,2024-09-29 21:50:00,0.179457,18.632746,13.175952,1.000 omega,0.000,0.0000000000e+00,0.0000000000e+00,0.0000000000e+00,0.0000000000e+00,0.0000000000e+00,0.0000000000e+00,0.0000000000e+00,0.0000000000e+00,0.0000000000e+00,0.0000000000e+00
13171,2024-09-29 21:55:00,0.191828,30.794206,21.775214,0.998 omega + -0.042 omega^2 + -0.007 theta omega^2 + 0.037 omega^3,0.000,0.0000000000e+00,0.0000000000e+00,0.0000000000e+00,0.0000000000e+00,0.0000000000e+00,0.0000000000e+00,0.0000000000e+00,0.0000000000e+00,0.0000000000e+00,0.0000000000e+00
13172,2024-09-29 22:00:00,0.116652,5.993476,4.238830,1.006 omega + -0.028 omega^2 + -0.204 omega^3,0.000,0.0000000000e+00,0.0000000000e+00,0.0000000000e+00,0.0000000000e+00,0.0000000000e+00,0.0000000000e+00,0.0000000000e+00,0.0000000000e+00,0.0000000000e+00,0.0000000000e+00
13173,2024-09-29 22:05:00,0.125236,10.175362,7.195612,0.991 omega + -0.043 omega^2,0.000,0.0000000000e+00,0.0000000000e+00,0.0000000000e+00,0.0000000000e+00,0.0000000000e+00,0.0000000000e+00,0.0000000000e+00,0.0000000000e+00,0.0000000000e+00,0.0000000000e+00
13174,2024-09-29 22:10:00,0.163058,19.704280,13.933507,1.003 omega + 0.077 omega^2 + -0.595 omega^3,0.000,0.0000000000e+00,0.0000000000e+00,0.0000000000e+00,0.0000000000e+00,0.0000000000e+00,0.0000000000e+00,0.0000000000e+00,0.0000000000e+00,0.0000000000e+00,0.0000000000e+00
13175,2024-09-29 22:15:00,0.127362,17.024897,12.038757,0.006 1 + -0.001 theta + 0.958 omega + 0.003 theta omega,0.000,0.0000000000e+00,0.0000000000e+00,0.0000000000e+00,0.0000000000e+00,0.0000000000e+00,0.0000000000e+00,0.0000000000e+00,0.0000000000e+00,0.0000000000e+00,0.0000000000e+00
13176,2024-09-29 22:20:00,0.077396,5.187884,3.668796,1.005 omega + -0.036 omega^2,0.000,0.0000000000e+00,0.0000000000e+00,0.0000000000e+00,0.0000000000e+00,0.0000000000e+00,0.0000000000e+00,0.0000000000e+00,0.0000000000e+00,0.0000000000e+00,0.0000000000e+00
13177,2024-09-29 22:25:00,0.080411,4.966485,3.512296,1.005 omega + 0.025 omega^2,0.000,0.0000000000e+00,0.0000000000e+00,0.0000000000e+00,0.0000000000e+00,0.0000000000e+00,0.0000000000e+00,0.0000000000e+00,0.0000000000e+00,0.0000000000e+00,0.0000000000e+00
13178,2024-09-29 22:30:00,0.102869,5.533813,3.913672,1.003 omega + 0.013 omega^2 + -0.004 theta omega^2,0.000,0.0000000000e+00,0.0000000000e+00,0.0000000000e+00,0.0000000000e+00,0.0000000000e+00,0.0000000000e+00,0.0000000000e+00,0.0000000000e+00,0.0000000000e+00,0.0000000000e+00
13179,2024-09-29 22:35:00,0.073276,11.247640,7.953452,0.997 omega + -0.010 omega^2 + 0.001 theta omega^2,0.000,0.0000000000e+00,0.0000000000e+00,0.0000000000e+00,0.0000000000e+00,0.0000000000e+00,0.0000000000e+00,0.0000000000e+00,0.0000000000e+00,0.0000000000e+00,0.0000000000e+00
13180,2024-09-29 22:40:00,0.105992,15.919002,11.256684,0.974 omega + 0.001 theta omega + 0.112 omega^2 + -0.005 theta omega^2,0.000,0.0000000000e+00,0.0000000000e+00,0.0000000000e+00,0.0000000000e+00,0.0000000000e+00,0.0000000000e+00,0.0000000000e+00,0.0000000000e+00,0.0000000000e+00,0.0000000000e+00
13181,2024-09-29 22:45:00,0.126823,12.972719,9.173536,0.998 omega,0.000,0.0000000000e+00,0.0000000000e+00,0.0000000000e+00,0.0000000000e+00,0.0000000000e+00,0.0000000000e+00,0.0000000000e+00,0.0000000000e+00,0.0000000000e+00,0.0000000000e+00
13182,2024-09-29 22:50:00,0.086657,7.414034,5.242872,1.001 omega + -0.016 omega^2,0.000,0.0000000000e+00,0.0000000000e+00,0.0000000000e+00,0.0000000000e+00,0.0000000000e+00,0.0000000000e+00,0.0000000000e+00,0.0000000000e+00,0.0000000000e+00,0.0000000000e+00
13183,2024-09-29 22:55:00,0.048895,5.930651,4.193746,0.002 1 + 1.033 omega + 0.080 omega^2 + -0.003 theta omega^2,0.000,0.0000000000e+00,0.0000000000e+00,0.0000000000e+00,0.0000000000e+00,0.0000000000e+00,0.0000000000e+00,0.0000000000e+00,0.0000000000e+00,0.0000000000e+00,0.0000000000e+00
13184,2024-09-29 23:00:00,0.117025,15.935638,11.268501,1.007 omega + 0.048 omega^2,0.000,0.0000000000e+00,0.0000000000e+00,0.0000000000e+00,0.0000000000e+00,0.0000000000e+00,0.0000000000e+00,0.0000000000e+00,0.0000000000e+00,0.0000000000e+00,0.0000000000e+00
13185,2024-09-29 23:05:00,0.041619,3.531119,2.497051,0.997 omega + -0.008 omega^2,0.000,0.0000000000e+00,0.0000000000e+00,0.0000000000e+00,0.0000000000e+00,0.0000000000e+00,0.0000000000e+00,0.0000000000e+00,0.0000000000e+00,0.0000000000e+00,0.0000000000e+00
13186,2024-09-29 23:10:00,0.168249,16.456883,11.637381,1.003 omega + 0.020 omega^2 + -0.111 omega^3,0.000,0.0000000000e+00,0.0000000000e+00,0.0000000000e+00,0.0000000000e+00,0.0000000000e+00,0.0000000000e+00,0.0000000000e+00,0.0000000000e+00,0.0000000000e+00,0.0000000000e+00
13187,2024-09-29 23:15:00,0.083078,6.068281,4.291325,1.003 omega + -0.052 omega^2 + 0.168 omega^3,0.000,0.0000000000e+00,0.0000000000e+00,0.0000000000e+00,0.0000000000e+00,0.0000000000e+00,0.0000000000e+00,0.0000000000e+00,0.0000000000e+00,0.0000000000e+00,0.0000000000e+00
13188,2024-09-29 23:20:00,0.159518,14.327571,10.131750,0.999 omega + -0.003 omega^2,0.000,0.0000000000e+00,0.0000000000e+00,0.0000000000e+00,0.0000000000e+00,0.0000000000e+00,0.0000000000e+00,0.0000000000e+00,0.0000000000e+00,0.0000000000e+00,0.0000000000e+00
13189,2024-09-29 23:25:00,0.115474,17.523190,12.391035,0.001 1 + 0.986 omega + 0.127 omega^2 + -0.004 theta omega^2,0.000,0.0000000000e+00,0.0000000000e+00,0.0000000000e+00,0.0000000000e+00,0.0000000000e+00,0.0000000000e+00,0.0000000000e+00,0.0000000000e+00,0.0000000000e+00,0.0000000000e+00
13190,2024-09-29 23:30:00,0.120718,15.333573,10.842809,1.007 omega + -0.226 omega^2 + -0.007 theta omega^2 + -1.082 omega^3,0.000,0.0000000000e+00,0.0000000000e+00,0.0000000000e+00,0.0000000000e+00,0.0000000000e+00,0.0000000000e+00,0.0000000000e+00,0.0000000000e+00,0.0000000000e+00,0.0000000000e+00
13191,2024-09-29 23:35:00,0.043653,2.676232,1.892633,0.982 omega + 0.002 theta omega + 0.481 omega^2 + -0.076 theta omega^2,0.000,0.0000000000e+00,0.0000000000e+00,0.0000000000e+00,0.0000000000e+00,0.0000000000e+00,0.0000000000e+00,0.0000000000e+00,0.0000000000e+00,0.0000000000e+00,0.0000000000e+00
13192,2024-09-29 23:40:00,0.056409,2.759050,1.951351,0.001 1 + 1.008 omega + -0.053 omega^2 + -0.005 theta omega^2,0.000,0.0000000000e+00,0.0000000000e+00,0.0000000000e+00,0.0000000000e+00,0.0000000000e+00,0.0000000000e+00,0.0000000000e+00,0.0000000000e+00,0.0000000000e+00,0.0000000000e+00
13193,2024-09-29 23:45:00,0.077311,9.060484,6.406963,1.001 omega + -0.001 theta omega + 0.002 theta omega^2,0.000,0.0000000000e+00,0.0000000000e+00,0.0000000000e+00,0.0000000000e+00,0.0000000000e+00,0.0000000000e+00,0.0000000000e+00,0.0000000000e+00,0.0000000000e+00,0.0000000000e+00
13194,2024-09-29 23:50:00,0.016647,0.969132,0.685381,-0.002 1 + 1.017 omega + 0.001 theta omega + -0.036 omega^2 + -0.005 theta omega^2,0.000,0.0000000000e+00,0.0000000000e+00,0.0000000000e+00,0.0000000000e+00,0.0000000000e+00,0.0000000000e+00,0.0000000000e+00,0.0000000000e+00,0.0000000000e+00,0.0000000000e+00
13195,2024-09-29 23:55:00,0.272256,38.380987,27.140139,1.000 omega + -0.035 omega^2 + -0.151 omega^3,0.000,0.0000000000e+00,0.0000000000e+00,0.0000000000e+00,0.0000000000e+00,0.0000000000e+00,0.0000000000e+00,0.0000000000e+00,0.0000000000e+00,0.0000000000e+00,0.0000000000e+00
13196,2024-09-30 00:00:00,0.088591,4.377793,3.096201,0.991 omega + -0.042 omega^2,0.000,0.0000000000e+00,0.0000000000e+00,0.0000000000e+00,0.0000000000e+00,0.0000000000e+00,0.0000000000e+00,0.0000000000e+00,0.0000000000e+00,0.0000000000e+00,0.0000000000e+00
13197,2024-09-30 00:05:00,0.046473,4.017232,2.840802,-0.001 1 + 1.008 omega + 0.036 omega^2 + -0.002 theta omega^2,0.000,0.0000000000e+00,0.0000000000e+00,0.0000000000e+00,0.0000000000e+00,0.0000000000e+00,0.0000000000e+00,0.0000000000e+00,0.0000000000e+00,0.0000000000e+00,0.0000000000e+00
13198,2024-09-30 00:10:00,0.129950,17.012353,12.029901,1.004 omega + -0.047 omega^2 + -0.007 theta omega^2 + -0.415 omega^3,0.000,0.0000000000e+00,0.0000000000e+00,0.0000000000e+00,0.0000000000e+00,0.0000000000e+00,0.0000000000e+00,0.0000000000e+00,0.0000000000e+00,0.0000000000e+00,0.0000000000e+00
13199,2024-09-30 00:15:00,0.072682,8.856980,6.263042,-0.001 1 + 0.988 omega + -0.033 omega^2,0.000,0.0000000000e+00,0.0000000000e+00,0.0000000000e+00,0.0000000000e+00,0.0000000000e+00,0.0000000000e+00,0.0000000000e+00,0.0000000000e+00,0.0000000000e+00,0.0000000000e+00
13200,2024-09-30 00:20:00,0.063707,9.505966,6.721884,1.020 omega + 0.001 theta omega + 0.108 omega^2 + 0.003 theta omega^2,0.000,0.0000000000e+00,0.0000000000e+00,0.0000000000e+00,0.0000000000e+00,0.0000000000e+00,0.0000000000e+00,0.0000000000e+00,0.0000000000e+00,0.0000000000e+00,0.0000000000e+00
13201,2024-09-30 00:25:00,0.150857,14.386367,10.173257,1.001 omega,0.000,0.0000000000e+00,0.0000000000e+00,0.0000000000e+00,0.0000000000e+00,0.0000000000e+00,0.0000000000e+00,0.0000000000e+00,0.0000000000e+00,0.0000000000e+00,0.0000000000e+00
13202,2024-09-30 00:30:00,0.096060,9.435080,6.671955,0.995 omega + 0.025 omega^2,0.000,0.0000000000e+00,0.0000000000e+00,0.0000000000e+00,0.0000000000e+00,0.0000000000e+00,0.0000000000e+00,0.0000000000e+00,0.0000000000e+00,0.0000000000e+00,0.0000000000e+00
13203,2024-09-30 00:35:00,0.084845,4.436073,3.137351,1.004 omega,0.000,0.0000000000e+00,0.0000000000e+00,0.0000000000e+00,0.0000000000e+00,0.0000000000e+00,0.0000000000e+00,0.0000000000e+00,0.0000000000e+00,0.0000000000e+00,0.0000000000e+00
13204,2024-09-30 00:40:00,0.095216,14.900343,10.536349,1.000 omega,0.000,0.0000000000e+00,0.0000000000e+00,0.0000000000e+00,0.0000000000e+00,0.0000000000e+00,0.0000000000e+00,0.0000000000e+00,0.0000000000e+00,0.0000000000e+00,0.0000000000e+00
13205,2024-09-30 00:45:00,0.140545,11.293417,7.986270,0.999 omega,0.000,0.0000000000e+00,0.0000000000e+00,0.0000000000e+00,0.0000000000e+00,0.0000000000e+00,0.0000000000e+00,0.0000000000e+00,0.0000000000e+00,0.0000000000e+00,0.0000000000e+00
13206,2024-09-30 00:50:00,0.063775,1.593624,1.127765,1.003 omega,0.000,0.0000000000e+00,0.0000000000e+00,0.0000000000e+00,0.0000000000e+00,0.0000000000e+00,0.0000000000e+00,0.0000000000e+00,0.0000000000e+00,0.0000000000e+00,0.0000000000e+00
13207,2024-09-30 00:55:00,0.134777,13.396134,9.472976,1.000 omega + 0.020 omega^2,0.000,0.0000000000e+00,0.0000000000e+00,0.0000000000e+00,0.0000000000e+00,0.0000000000e+00,0.0000000000e+00,0.0000000000e+00,0.0000000000e+00,0.0000000000e+00,0.0000000000e+00
13208,2024-09-30 01:00:00,0.070450,11.712363,8.282041,-0.006 1 + 0.917 omega + 0.001 theta omega + -0.437 omega^2 + 0.004 theta omega^2 + -0.849 omega^3,0.000,0.0000000000e+00,0.0000000000e+00,0.0000000000e+00,0.0000000000e+00,0.0000000000e+00,0.0000000000e+00,0.0000000000e+00,0.0000000000e+00,0.0000000000e+00,0.0000000000e+00
13209,2024-09-30 01:05:00,0.105239,11.724395,8.290733,0.990 omega + -0.058 omega^2,0.000,0.0000000000e+00,0.0000000000e+00,0.0000000000e+00,0.0000000000e+00,0.0000000000e+00,0.0000000000e+00,0.0000000000e+00,0.0000000000e+00,0.0000000000e+00,0.0000000000e+00
13210,2024-09-30 01:10:00,0.049190,5.469193,3.867460,1.003 omega + 0.005 omega^2 + -0.001 theta omega^2,0.000,0.0000000000e+00,0.0000000000e+00,0.0000000000e+00,0.0000000000e+00,0.0000000000e+00,0.0000000000e+00,0.0000000000e+00,0.0000000000e+00,0.0000000000e+00,0.0000000000e+00
13211,2024-09-30 01:15:00,0.035544,2.037484,1.440938,-0.001 1 + 0.982 omega + -0.093 omega^2 + -0.001 theta omega^2,0.000,0.0000000000e+00,0.0000000000e+00,0.0000000000e+00,0.0000000000e+00,0.0000000000e+00,0.0000000000e+00,0.0000000000e+00,0.0000000000e+00,0.0000000000e+00,0.0000000000e+00
13212,2024-09-30 01:20:00,0.086683,10.773708,7.618408,1.001 omega,0.000,0.0000000000e+00,0.0000000000e+00,0.0000000000e+00,0.0000000000e+00,0.0000000000e+00,0.0000000000e+00,0.0000000000e+00,0.0000000000e+00,0.0000000000e+00,0.0000000000e+00
13213,2024-09-30 01:25:00,0.017319,0.541583,0.383153,-0.001 1 + 0.992 omega + -0.020 omega^2,0.000,0.0000000000e+00,0.0000000000e+00,0.0000000000e+00,0.0000000000e+00,0.0000000000e+00,0.0000000000e+00,0.0000000000e+00,0.0000000000e+00,0.0000000000e+00,0.0000000000e+00
13214,2024-09-30 01:30:00,0.101183,10.314625,7.293892,1.001 omega + 0.027 omega^2,0.000,0.0000000000e+00,0.0000000000e+00,0.0000000000e+00,0.0000000000e+00,0.0000000000e+00,0.0000000000e+00,0.0000000000e+00,0.0000000000e+00,0.0000000000e+00,0.0000000000e+00
13215,2024-09-30 01:35:00,0.099181,13.545649,9.578477,0.999 omega + 0.202 omega^3,-0.018 theta omega^2,0.0000000000e+00,0.0000000000e+00,0.0000000000e+00,0.0000000000e+00,0.0000000000e+00,0.0000000000e+00,0.0000000000e+00,0.0000000000e+00,-1.7973748146e-02,0.0000000000e+00
13216,2024-09-30 01:40:00,0.171454,16.622473,11.754489,1.000 omega + 0.011 omega^2,0.000,0.0000000000e+00,0.0000000000e+00,0.0000000000e+00,0.0000000000e+00,0.0000000000e+00,0.0000000000e+00,0.0000000000e+00,0.0000000000e+00,0.0000000000e+00,0.0000000000e+00
13217,2024-09-30 01:45:00,0.047806,3.551811,2.511737,0.999 omega + 0.001 theta omega + -0.003 theta omega^2,0.000,0.0000000000e+00,0.0000000000e+00,0.0000000000e+00,0.0000000000e+00,0.0000000000e+00,0.0000000000e+00,0.0000000000e+00,0.0000000000e+00,0.0000000000e+00,0.0000000000e+00
13218,2024-09-30 01:50:00,0.022421,2.572533,1.819124,-0.002 1 + 1.023 omega + -0.079 omega^2,0.000,0.0000000000e+00,0.0000000000e+00,0.0000000000e+00,0.0000000000e+00,0.0000000000e+00,0.0000000000e+00,0.0000000000e+00,0.0000000000e+00,0.0000000000e+00,0.0000000000e+00
13219,2024-09-30 01:55:00,0.041463,4.710897,3.331236,-0.004 1 + 1.021 omega + 0.001 theta omega + -0.006 theta omega^2,0.000,0.0000000000e+00,0.0000000000e+00,0.0000000000e+00,0.0000000000e+00,0.0000000000e+00,0.0000000000e+00,0.0000000000e+00,0.0000000000e+00,0.0000000000e+00,0.0000000000e+00
13220,2024-09-30 02:00:00,0.047481,1.629683,1.152849,0.005 1 + 0.870 omega + 0.867 omega^2 + -0.002 theta omega^2 + -1.650 omega^3,0.000,0.0000000000e+00,0.0000000000e+00,0.0000000000e+00,0.0000000000e+00,0.0000000000e+00,0.0000000000e+00,0.0000000000e+00,0.0000000000e+00,0.0000000000e+00,0.0000000000e+00
13221,2024-09-30 02:05:00,0.122651,16.736446,11.834772,0.992 omega + 0.037 omega^2,0.000,0.0000000000e+00,0.0000000000e+00,0.0000000000e+00,0.0000000000e+00,0.0000000000e+00,0.0000000000e+00,0.0000000000e+00,0.0000000000e+00,0.0000000000e+00,0.0000000000e+00
13222,2024-09-30 02:10:00,0.087666,4.298298,3.039988,1.009 omega + 0.001 theta omega + -0.026 omega^2 + -0.008 theta omega^2,0.000,0.0000000000e+00,0.0000000000e+00,0.0000000000e+00,0.0000000000e+00,0.0000000000e+00,0.0000000000e+00,0.0000000000e+00,0.0000000000e+00,0.0000000000e+00,0.0000000000e+00
13223,2024-09-30 02:15:00,0.080376,3.772534,2.668190,0.001 1 + 0.972 omega + 0.182 omega^2 + -0.326 omega^3,0.000,0.0000000000e+00,0.0000000000e+00,0.0000000000e+00,0.0000000000e+00,0.0000000000e+00,0.0000000000e+00,0.0000000000e+00,0.0000000000e+00,0.0000000000e+00,0.0000000000e+00
13224,2024-09-30 02:20:00,0.098826,13.050842,9.228603,1.006 omega + 0.028 omega^2,0.000,0.0000000000e+00,0.0000000000e+00,0.0000000000e+00,0.0000000000e+00,0.0000000000e+00,0.0000000000e+00,0.0000000000e+00,0.0000000000e+00,0.0000000000e+00,0.0000000000e+00
13225,2024-09-30 02:25:00,0.199299,30.719199,21.722211,0.996 omega + 0.069 omega^2 + -0.003 theta omega^2,0.000,0.0000000000e+00,0.0000000000e+00,0.0000000000e+00,0.0000000000e+00,0.0000000000e+00,0.0000000000e+00,0.0000000000e+00,0.0000000000e+00,0.0000000000e+00,0.0000000000e+00
13226,2024-09-30 02:30:00,0.062859,5.924027,4.189156,0.998 omega + 0.065 omega^2 + -0.001 theta omega^2,0.000,0.0000000000e+00,0.0000000000e+00,0.0000000000e+00,0.0000000000e+00,0.0000000000e+00,0.0000000000e+00,0.0000000000e+00,0.0000000000e+00,0.0000000000e+00,0.0000000000e+00
13227,2024-09-30 02:35:00,0.086284,4.941682,3.494829,0.998 omega + 0.009 omega^2,0.000,0.0000000000e+00,0.0000000000e+00,0.0000000000e+00,0.0000000000e+00,0.0000000000e+00,0.0000000000e+00,0.0000000000e+00,0.0000000000e+00,0.0000000000e+00,0.0000000000e+00
13228,2024-09-30 02:40:00,0.111713,3.567789,2.524044,1.000 omega + -0.003 omega^2,0.000,0.0000000000e+00,0.0000000000e+00,0.0000000000e+00,0.0000000000e+00,0.0000000000e+00,0.0000000000e+00,0.0000000000e+00,0.0000000000e+00,0.0000000000e+00,0.0000000000e+00
13229,2024-09-30 02:45:00,0.186996,32.046611,22.660762,0.999 omega + 0.004 omega^2,0.000,0.0000000000e+00,0.0000000000e+00,0.0000000000e+00,0.0000000000e+00,0.0000000000e+00,0.0000000000e+00,0.0000000000e+00,0.0000000000e+00,0.0000000000e+00,0.0000000000e+00
13230,2024-09-30 02:50:00,0.079240,7.785722,5.505622,1.008 omega + -0.004 theta omega + -0.027 omega^2,0.000,0.0000000000e+00,0.0000000000e+00,0.0000000000e+00,0.0000000000e+00,0.0000000000e+00,0.0000000000e+00,0.0000000000e+00,0.0000000000e+00,0.0000000000e+00,0.0000000000e+00
13231,2024-09-30 02:55:00,0.213631,25.540311,18.060359,1.011 omega + 0.073 omega^2 + -0.649 omega^3,0.018 omega^2,0.0000000000e+00,0.0000000000e+00,0.0000000000e+00,0.0000000000e+00,0.0000000000e+00,1.7914258149e-02,0.0000000000e+00,0.0000000000e+00,0.0000000000e+00,0.0000000000e+00
13232,2024-09-30 03:00:00,0.069285,7.982809,5.644911,0.001 1 + 0.980 omega + 0.062 omega^2,0.000,0.0000000000e+00,0.0000000000e+00,0.0000000000e+00,0.0000000000e+00,0.0000000000e+00,0.0000000000e+00,0.0000000000e+00,0.0000000000e+00,0.0000000000e+00,0.0000000000e+00
13233,2024-09-30 03:05:00,0.142864,11.578230,8.187668,0.998 omega + 0.005 omega^2,0.000,0.0000000000e+00,0.0000000000e+00,0.0000000000e+00,0.0000000000e+00,0.0000000000e+00,0.0000000000e+00,0.0000000000e+00,0.0000000000e+00,0.0000000000e+00,0.0000000000e+00
13234,2024-09-30 03:10:00,0.134072,19.683155,13.918415,1.008 omega + -0.054 omega^2,0.000,0.0000000000e+00,0.0000000000e+00,0.0000000000e+00,0.0000000000e+00,0.0000000000e+00,0.0000000000e+00,0.0000000000e+00,0.0000000000e+00,0.0000000000e+00,0.0000000000e+00
13235,2024-09-30 03:15:00,0.188853,22.646809,16.014269,1.007 omega + -0.225 omega^2 + -1.374 omega^3,0.000,0.0000000000e+00,0.0000000000e+00,0.0000000000e+00,0.0000000000e+00,0.0000000000e+00,0.0000000000e+00,0.0000000000e+00,0.0000000000e+00,0.0000000000e+00,0.0000000000e+00
13236,2024-09-30 03:20:00,0.084431,3.364552,2.379847,1.003 omega + 0.083 omega^2 + 0.298 omega^3,0.000,0.0000000000e+00,0.0000000000e+00,0.0000000000e+00,0.0000000000e+00,0.0000000000e+00,0.0000000000e+00,0.0000000000e+00,0.0000000000e+00,0.0000000000e+00,0.0000000000e+00
13237,2024-09-30 03:25:00,0.062245,3.381314,2.391355,1.001 omega + -0.006 omega^2,0.000,0.0000000000e+00,0.0000000000e+00,0.0000000000e+00,0.0000000000e+00,0.0000000000e+00,0.0000000000e+00,0.0000000000e+00,0.0000000000e+00,0.0000000000e+00,0.0000000000e+00
13238,2024-09-30 03:30:00,0.226327,24.692513,17.460977,1.000 omega + 0.014 omega^3,0.000,0.0000000000e+00,0.0000000000e+00,0.0000000000e+00,0.0000000000e+00,0.0000000000e+00,0.0000000000e+00,0.0000000000e+00,0.0000000000e+00,0.0000000000e+00,0.0000000000e+00
13239,2024-09-30 03:35:00,0.085604,9.561024,6.760936,0.991 omega + -0.052 omega^2,0.000,0.0000000000e+00,0.0000000000e+00,0.0000000000e+00,0.0000000000e+00,0.0000000000e+00,0.0000000000e+00,0.0000000000e+00,0.0000000000e+00,0.0000000000e+00,0.0000000000e+00
13240,2024-09-30 03:40:00,0.087284,11.419424,8.074988,1.008 omega + 0.054 omega^2,0.000,0.0000000000e+00,0.0000000000e+00,0.0000000000e+00,0.0000000000e+00,0.0000000000e+00,0.0000000000e+00,0.0000000000e+00,0.0000000000e+00,0.0000000000e+00,0.0000000000e+00
13241,2024-09-30 03:45:00,0.028111,3.915425,2.768695,1.000 omega + 0.007 omega^2,0.000,0.0000000000e+00,0.0000000000e+00,0.0000000000e+00,0.0000000000e+00,0.0000000000e+00,0.0000000000e+00,0.0000000000e+00,0.0000000000e+00,0.0000000000e+00,0.0000000000e+00
13242,2024-09-30 03:50:00,0.178834,25.137339,17.775233,1.004 omega + 0.018 omega^2,0.000,0.0000000000e+00,0.0000000000e+00,0.0000000000e+00,0.0000000000e+00,0.0000000000e+00,0.0000000000e+00,0.0000000000e+00,0.0000000000e+00,0.0000000000e+00,0.0000000000e+00
13243,2024-09-30 03:55:00,0.103045,16.695533,11.805750,1.000 omega + 0.002 theta omega^2 + -0.153 omega^3,0.000,0.0000000000e+00,0.0000000000e+00,0.0000000000e+00,0.0000000000e+00,0.0000000000e+00,0.0000000000e+00,0.0000000000e+00,0.0000000000e+00,0.0000000000e+00,0.0000000000e+00
13244,2024-09-30 04:00:00,0.106249,7.624188,5.391638,1.000 omega + -0.004 omega^2 + -0.040 omega^3,0.000,0.0000000000e+00,0.0000000000e+00,0.0000000000e+00,0.0000000000e+00,0.0000000000e+00,0.0000000000e+00,0.0000000000e+00,0.0000000000e+00,0.0000000000e+00,0.0000000000e+00
13245,2024-09-30 04:05:00,0.100770,11.531884,8.154585,1.010 omega + -0.021 theta omega^2 + -0.744 omega^3,-0.025 theta omega^2,0.0000000000e+00,0.0000000000e+00,0.0000000000e+00,0.0000000000e+00,0.0000000000e+00,0.0000000000e+00,0.0000000000e+00,0.0000000000e+00,-2.5184835290e-02,0.0000000000e+00
13246,2024-09-30 04:10:00,0.050901,7.143581,5.051402,-0.001 1 + 0.991 omega + -0.032 omega^2 + 0.001 theta omega^2,0.000,0.0000000000e+00,0.0000000000e+00,0.0000000000e+00,0.0000000000e+00,0.0000000000e+00,0.0000000000e+00,0.0000000000e+00,0.0000000000e+00,0.0000000000e+00,0.0000000000e+00
13247,2024-09-30 04:15:00,0.143508,19.431780,13.740718,0.999 omega + -0.096 omega^2 + -0.033 theta omega^2,0.000,0.0000000000e+00,0.0000000000e+00,0.0000000000e+00,0.0000000000e+00,0.0000000000e+00,0.0000000000e+00,0.0000000000e+00,0.0000000000e+00,0.0000000000e+00,0.0000000000e+00
13248,2024-09-30 04:20:00,0.055161,1.551842,1.098011,1.008 omega + 0.064 omega^2,-0.017 theta omega^2,0.0000000000e+00,0.0000000000e+00,0.0000000000e+00,0.0000000000e+00,0.0000000000e+00,0.0000000000e+00,0.0000000000e+00,0.0000000000e+00,-1.6553274554e-02,0.0000000000e+00
13249,2024-09-30 04:25:00,0.065446,2.185252,1.545900,1.010 omega + 0.010 theta omega + -0.461 omega^2 + 0.002 theta^2 omega + -0.132 theta omega^2,-0.026 theta omega^2,0.0000000000e+00,0.0000000000e+00,0.0000000000e+00,0.0000000000e+00,0.0000000000e+00,0.0000000000e+00,0.0000000000e+00,0.0000000000e+00,-2.5965263148e-02,0.0000000000e+00
13250,2024-09-30 04:30:00,0.084650,8.965571,6.339899,1.004 omega + -0.026 omega^2,0.000,0.0000000000e+00,0.0000000000e+00,0.0000000000e+00,0.0000000000e+00,0.0000000000e+00,0.0000000000e+00,0.0000000000e+00,0.0000000000e+00,0.0000000000e+00,0.0000000000e+00
13251,2024-09-30 04:35:00,0.062978,9.215548,6.516529,1.002 omega + -0.032 omega^2,0.000,0.0000000000e+00,0.0000000000e+00,0.0000000000e+00,0.0000000000e+00,0.0000000000e+00,0.0000000000e+00,0.0000000000e+00,0.0000000000e+00,0.0000000000e+00,0.0000000000e+00
13252,2024-09-30 04:40:00,0.037473,0.918239,0.649833,1.004 omega + -0.022 omega^2,0.000,0.0000000000e+00,0.0000000000e+00,0.0000000000e+00,0.0000000000e+00,0.0000000000e+00,0.0000000000e+00,0.0000000000e+00,0.0000000000e+00,0.0000000000e+00,0.0000000000e+00
13253,2024-09-30 04:45:00,0.072754,3.611579,2.554290,0.999 omega + 0.020 omega^2,0.000,0.0000000000e+00,0.0000000000e+00,0.0000000000e+00,0.0000000000e+00,0.0000000000e+00,0.0000000000e+00,0.0000000000e+00,0.0000000000e+00,0.0000000000e+00,0.0000000000e+00
13254,2024-09-30 05:00:00,0.165233,22.344988,15.800724,1.011 omega + -0.002 theta omega + -0.034 omega^2,0.000,0.0000000000e+00,0.0000000000e+00,0.0000000000e+00,0.0000000000e+00,0.0000000000e+00,0.0000000000e+00,0.0000000000e+00,0.0000000000e+00,0.0000000000e+00,0.0000000000e+00
13255,2024-09-30 05:05:00,0.031036,1.815786,1.284142,1.005 omega + -0.002 theta omega + 0.063 omega^2,0.000,0.0000000000e+00,0.0000000000e+00,0.0000000000e+00,0.0000000000e+00,0.0000000000e+00,0.0000000000e+00,0.0000000000e+00,0.0000000000e+00,0.0000000000e+00,0.0000000000e+00
13256,2024-09-30 05:10:00,0.043634,4.433936,3.135418,1.003 omega + 0.094 omega^2 + -0.086 theta omega^2,0.000,0.0000000000e+00,0.0000000000e+00,0.0000000000e+00,0.0000000000e+00,0.0000000000e+00,0.0000000000e+00,0.0000000000e+00,0.0000000000e+00,0.0000000000e+00,0.0000000000e+00
13257,2024-09-30 05:15:00,0.093658,14.366712,10.159016,0.994 omega + 0.005 theta omega + 0.091 omega^2 + -0.093 theta omega^2,0.000,0.0000000000e+00,0.0000000000e+00,0.0000000000e+00,0.0000000000e+00,0.0000000000e+00,0.0000000000e+00,0.0000000000e+00,0.0000000000e+00,0.0000000000e+00,0.0000000000e+00
13258,2024-09-30 05:20:00,0.067708,6.782001,4.795838,1.010 omega + -0.053 omega^2,0.000,0.0000000000e+00,0.0000000000e+00,0.0000000000e+00,0.0000000000e+00,0.0000000000e+00,0.0000000000e+00,0.0000000000e+00,0.0000000000e+00,0.0000000000e+00,0.0000000000e+00
13259,2024-09-30 05:25:00,0.040256,5.592722,3.954754,0.003 1 + 0.951 omega + 0.001 theta omega + 0.191 omega^2 + -0.003 theta omega^2,0.000,0.0000000000e+00,0.0000000000e+00,0.0000000000e+00,0.0000000000e+00,0.0000000000e+00,0.0000000000e+00,0.0000000000e+00,0.0000000000e+00,0.0000000000e+00,0.0000000000e+00
13260,2024-09-30 05:30:00,0.060432,6.021639,4.258156,0.001 1 + 0.981 omega + 0.067 omega^2,0.000,0.0000000000e+00,0.0000000000e+00,0.0000000000e+00,0.0000000000e+00,0.0000000000e+00,0.0000000000e+00,0.0000000000e+00,0.0000000000e+00,0.0000000000e+00,0.0000000000e+00
13261,2024-09-30 05:35:00,0.084758,8.093561,5.723325,1.001 omega + -0.002 theta omega^2,0.000,0.0000000000e+00,0.0000000000e+00,0.0000000000e+00,0.0000000000e+00,0.0000000000e+00,0.0000000000e+00,0.0000000000e+00,0.0000000000e+00,0.0000000000e+00,0.0000000000e+00
13262,2024-09-30 05:40:00,0.037070,4.555497,3.221330,-0.001 1 + 0.974 omega + -0.001 theta omega + -0.156 omega^2 + -0.007 theta omega^2,0.000,0.0000000000e+00,0.0000000000e+00,0.0000000000e+00,0.0000000000e+00,0.0000000000e+00,0.0000000000e+00,0.0000000000e+00,0.0000000000e+00,0.0000000000e+00,0.0000000000e+00
13263,2024-09-30 05:45:00,0.067651,5.454149,3.856963,0.996 omega + -0.001 theta omega + -0.245 omega^2 + -0.065 theta omega^2,-0.023 theta omega^2,0.0000000000e+00,0.0000000000e+00,0.0000000000e+00,0.0000000000e+00,0.0000000000e+00,0.0000000000e+00,0.0000000000e+00,0.0000000000e+00,-2.2611577168e-02,0.0000000000e+00
13264,2024-09-30 05:50:00,0.134482,23.535189,16.642164,1.003 omega + 0.032 omega^2,0.000,0.0000000000e+00,0.0000000000e+00,0.0000000000e+00,0.0000000000e+00,0.0000000000e+00,0.0000000000e+00,0.0000000000e+00,0.0000000000e+00,0.0000000000e+00,0.0000000000e+00
13265,2024-09-30 05:55:00,0.124347,16.950045,11.985814,1.008 omega + -0.004 omega^2 + -0.005 theta omega^2,0.000,0.0000000000e+00,0.0000000000e+00,0.0000000000e+00,0.0000000000e+00,0.0000000000e+00,0.0000000000e+00,0.0000000000e+00,0.0000000000e+00,0.0000000000e+00,0.0000000000e+00
13266,2024-09-30 06:00:00,0.037125,2.837935,2.006895,-0.001 1 + 1.014 omega + -0.086 omega^2 + 0.001 theta omega^2,0.000,0.0000000000e+00,0.0000000000e+00,0.0000000000e+00,0.0000000000e+00,0.0000000000e+00,0.0000000000e+00,0.0000000000e+00,0.0000000000e+00,0.0000000000e+00,0.0000000000e+00
13267,2024-09-30 06:05:00,0.038312,5.310982,3.755529,-0.003 1 + 1.035 omega + -0.134 omega^2 + 0.001 theta omega^2,0.000,0.0000000000e+00,0.0000000000e+00,0.0000000000e+00,0.0000000000e+00,0.0000000000e+00,0.0000000000e+00,0.0000000000e+00,0.0000000000e+00,0.0000000000e+00,0.0000000000e+00
13268,2024-09-30 06:10:00,0.041004,6.762612,4.781977,-0.004 1 + 1.041 omega + -0.108 omega^2,0.000,0.0000000000e+00,0.0000000000e+00,0.0000000000e+00,0.0000000000e+00,0.0000000000e+00,0.0000000000e+00,0.0000000000e+00,0.0000000000e+00,0.0000000000e+00,0.0000000000e+00
13269,2024-09-30 06:15:00,0.121961,9.221540,6.521184,1.003 omega,0.000,0.0000000000e+00,0.0000000000e+00,0.0000000000e+00,0.0000000000e+00,0.0000000000e+00,0.0000000000e+00,0.0000000000e+00,0.0000000000e+00,0.0000000000e+00,0.0000000000e+00
13270,2024-09-30 06:20:00,0.144702,17.972500,12.708889,0.996 omega + -0.001 omega^2,0.000,0.0000000000e+00,0.0000000000e+00,0.0000000000e+00,0.0000000000e+00,0.0000000000e+00,0.0000000000e+00,0.0000000000e+00,0.0000000000e+00,0.0000000000e+00,0.0000000000e+00
13271,2024-09-30 06:25:00,0.075281,10.219461,7.226446,0.999 omega,-0.030 theta omega^2,0.0000000000e+00,0.0000000000e+00,0.0000000000e+00,0.0000000000e+00,0.0000000000e+00,0.0000000000e+00,0.0000000000e+00,0.0000000000e+00,-3.0169792612e-02,0.0000000000e+00
13272,2024-09-30 06:30:00,0.192345,28.440815,20.111153,1.001 omega + 0.008 omega^2,0.000,0.0000000000e+00,0.0000000000e+00,0.0000000000e+00,0.0000000000e+00,0.0000000000e+00,0.0000000000e+00,0.0000000000e+00,0.0000000000e+00,0.0000000000e+00,0.0000000000e+00
13273,2024-09-30 06:35:00,0.067966,10.883059,7.695635,-0.002 1 + 1.058 omega + -0.489 omega^2 + -0.001 theta omega^2 + 1.229 omega^3,0.000,0.0000000000e+00,0.0000000000e+00,0.0000000000e+00,0.0000000000e+00,0.0000000000e+00,0.0000000000e+00,0.0000000000e+00,0.0000000000e+00,0.0000000000e+00,0.0000000000e+00
13274,2024-09-30 06:40:00,0.058833,1.464467,1.036370,1.007 omega + -0.051 omega^2,0.000,0.0000000000e+00,0.0000000000e+00,0.0000000000e+00,0.0000000000e+00,0.0000000000e+00,0.0000000000e+00,0.0000000000e+00,0.0000000000e+00,0.0000000000e+00,0.0000000000e+00
13275,2024-09-30 06:45:00,0.117628,18.091225,12.792698,0.001 1 + 0.988 omega + 0.032 omega^2,0.000,0.0000000000e+00,0.0000000000e+00,0.0000000000e+00,0.0000000000e+00,0.0000000000e+00,0.0000000000e+00,0.0000000000e+00,0.0000000000e+00,0.0000000000e+00,0.0000000000e+00
13276,2024-09-30 06:50:00,0.094043,13.501544,9.547265,-0.003 1 + 1.019 omega + 0.001 theta omega + -0.033 omega^2 + -0.008 theta omega^2,0.000,0.0000000000e+00,0.0000000000e+00,0.0000000000e+00,0.0000000000e+00,0.0000000000e+00,0.0000000000e+00,0.0000000000e+00,0.0000000000e+00,0.0000000000e+00,0.0000000000e+00
13277,2024-09-30 06:55:00,0.062998,4.360151,3.083414,-0.001 1 + 1.003 omega + 0.001 theta omega + 0.076 omega^2 + -0.008 theta omega^2,0.000,0.0000000000e+00,0.0000000000e+00,0.0000000000e+00,0.0000000000e+00,0.0000000000e+00,0.0000000000e+00,0.0000000000e+00,0.0000000000e+00,0.0000000000e+00,0.0000000000e+00
13278,2024-09-30 07:00:00,0.040754,3.493597,2.470514,-0.002 1 + 1.025 omega + 0.001 theta omega + -0.059 omega^2 + -0.005 theta omega^2,0.000,0.0000000000e+00,0.0000000000e+00,0.0000000000e+00,0.0000000000e+00,0.0000000000e+00,0.0000000000e+00,0.0000000000e+00,0.0000000000e+00,0.0000000000e+00,0.0000000000e+00
13279,2024-09-30 07:05:00,0.095210,8.244828,5.830363,0.989 omega + 0.002 theta omega + 0.015 omega^2,0.000,0.0000000000e+00,0.0000000000e+00,0.0000000000e+00,0.0000000000e+00,0.0000000000e+00,0.0000000000e+00,0.0000000000e+00,0.0000000000e+00,0.0000000000e+00,0.0000000000e+00
13280,2024-09-30 07:10:00,0.035268,2.786735,1.970677,1.004 omega + -0.002 theta omega,0.000,0.0000000000e+00,0.0000000000e+00,0.0000000000e+00,0.0000000000e+00,0.0000000000e+00,0.0000000000e+00,0.0000000000e+00,0.0000000000e+00,0.0000000000e+00,0.0000000000e+00
13281,2024-09-30 07:15:00,0.129737,14.076719,9.954166,1.001 omega + 0.056 omega^2 + -0.007 theta omega^2,0.000,0.0000000000e+00,0.0000000000e+00,0.0000000000e+00,0.0000000000e+00,0.0000000000e+00,0.0000000000e+00,0.0000000000e+00,0.0000000000e+00,0.0000000000e+00,0.0000000000e+00
13282,2024-09-30 07:20:00,0.072110,10.253407,7.250433,1.013 omega + -0.017 theta omega + 0.004 theta^2 omega,0.000,0.0000000000e+00,0.0000000000e+00,0.0000000000e+00,0.0000000000e+00,0.0000000000e+00,0.0000000000e+00,0.0000000000e+00,0.0000000000e+00,0.0000000000e+00,0.0000000000e+00
13283,2024-09-30 07:25:00,0.124263,13.667670,9.664902,0.999 omega + 0.046 omega^2,0.000,0.0000000000e+00,0.0000000000e+00,0.0000000000e+00,0.0000000000e+00,0.0000000000e+00,0.0000000000e+00,0.0000000000e+00,0.0000000000e+00,0.0000000000e+00,0.0000000000e+00
13284,2024-09-30 07:30:00,0.066469,3.618155,2.558853,0.995 omega + 0.175 omega^2 + -0.022 theta omega^2,0.000,0.0000000000e+00,0.0000000000e+00,0.0000000000e+00,0.0000000000e+00,0.0000000000e+00,0.0000000000e+00,0.0000000000e+00,0.0000000000e+00,0.0000000000e+00,0.0000000000e+00
13285,2024-09-30 07:35:00,0.044114,4.303591,3.043259,0.992 omega + 0.097 omega^2 + -0.004 theta omega^2,0.000,0.0000000000e+00,0.0000000000e+00,0.0000000000e+00,0.0000000000e+00,0.0000000000e+00,0.0000000000e+00,0.0000000000e+00,0.0000000000e+00,0.0000000000e+00,0.0000000000e+00
13286,2024-09-30 07:40:00,0.069914,10.705458,7.570063,0.997 omega + -0.296 omega^2 + -0.058 theta omega^2,0.000,0.0000000000e+00,0.0000000000e+00,0.0000000000e+00,0.0000000000e+00,0.0000000000e+00,0.0000000000e+00,0.0000000000e+00,0.0000000000e+00,0.0000000000e+00,0.0000000000e+00
13287,2024-09-30 07:45:00,0.060377,4.476236,3.165465,0.993 omega + 0.005 theta omega + -0.058 omega^2,0.000,0.0000000000e+00,0.0000000000e+00,0.0000000000e+00,0.0000000000e+00,0.0000000000e+00,0.0000000000e+00,0.0000000000e+00,0.0000000000e+00,0.0000000000e+00,0.0000000000e+00
13288,2024-09-30 07:50:00,0.055516,5.921198,4.187103,1.000 omega + 0.010 omega^2 + 0.001 theta omega^2,0.000,0.0000000000e+00,0.0000000000e+00,0.0000000000e+00,0.0000000000e+00,0.0000000000e+00,0.0000000000e+00,0.0000000000e+00,0.0000000000e+00,0.0000000000e+00,0.0000000000e+00
13289,2024-09-30 07:55:00,0.074850,3.346928,2.367227,1.002 omega + 0.023 omega^2 + -0.001 theta omega^2,0.000,0.0000000000e+00,0.0000000000e+00,0.0000000000e+00,0.0000000000e+00,0.0000000000e+00,0.0000000000e+00,0.0000000000e+00,0.0000000000e+00,0.0000000000e+00,0.0000000000e+00
13290,2024-09-30 08:00:00,0.039832,2.510782,1.775614,-0.024 1 + 1.304 omega + 0.001 theta omega + -1.293 omega^2 + -0.005 theta omega^2 + 1.952 omega^3,0.000,0.0000000000e+00,0.0000000000e+00,0.0000000000e+00,0.0000000000e+00,0.0000000000e+00,0.0000000000e+00,0.0000000000e+00,0.0000000000e+00,0.0000000000e+00,0.0000000000e+00
13291,2024-09-30 08:05:00,0.148765,18.102790,12.801038,0.999 omega,0.000,0.0000000000e+00,0.0000000000e+00,0.0000000000e+00,0.0000000000e+00,0.0000000000e+00,0.0000000000e+00,0.0000000000e+00,0.0000000000e+00,0.0000000000e+00,0.0000000000e+00
13292,2024-09-30 08:10:00,0.100517,13.879187,9.814325,1.000 omega + 0.016 omega^2,0.000,0.0000000000e+00,0.0000000000e+00,0.0000000000e+00,0.0000000000e+00,0.0000000000e+00,0.0000000000e+00,0.0000000000e+00,0.0000000000e+00,0.0000000000e+00,0.0000000000e+00
13293,2024-09-30 08:15:00,0.086095,8.493478,6.006104,1.004 omega + 0.001 theta omega,0.000,0.0000000000e+00,0.0000000000e+00,0.0000000000e+00,0.0000000000e+00,0.0000000000e+00,0.0000000000e+00,0.0000000000e+00,0.0000000000e+00,0.0000000000e+00,0.0000000000e+00
13294,2024-09-30 08:20:00,0.108468,5.608425,3.966497,1.002 omega + -0.018 omega^2,0.000,0.0000000000e+00,0.0000000000e+00,0.0000000000e+00,0.0000000000e+00,0.0000000000e+00,0.0000000000e+00,0.0000000000e+00,0.0000000000e+00,0.0000000000e+00,0.0000000000e+00
13295,2024-09-30 08:25:00,0.177867,27.933125,19.752103,1.011 omega + -0.014 omega^2 + -0.340 omega^3,0.000,0.0000000000e+00,0.0000000000e+00,0.0000000000e+00,0.0000000000e+00,0.0000000000e+00,0.0000000000e+00,0.0000000000e+00,0.0000000000e+00,0.0000000000e+00,0.0000000000e+00
13296,2024-09-30 08:30:00,0.055520,8.672610,6.132587,0.004 1 + 0.954 omega + 0.123 omega^2,0.000,0.0000000000e+00,0.0000000000e+00,0.0000000000e+00,0.0000000000e+00,0.0000000000e+00,0.0000000000e+00,0.0000000000e+00,0.0000000000e+00,0.0000000000e+00,0.0000000000e+00
13297,2024-09-30 08:35:00,0.077348,6.535575,4.621673,1.000 omega + -0.001 theta omega^2,0.000,0.0000000000e+00,0.0000000000e+00,0.0000000000e+00,0.0000000000e+00,0.0000000000e+00,0.0000000000e+00,0.0000000000e+00,0.0000000000e+00,0.0000000000e+00,0.0000000000e+00
13298,2024-09-30 08:40:00,0.058122,9.343291,6.606832,0.979 omega + 0.003 theta omega + 0.153 omega^2 + -0.021 theta omega^2,0.000,0.0000000000e+00,0.0000000000e+00,0.0000000000e+00,0.0000000000e+00,0.0000000000e+00,0.0000000000e+00,0.0000000000e+00,0.0000000000e+00,0.0000000000e+00,0.0000000000e+00
13299,2024-09-30 08:45:00,0.106566,14.421935,10.198126,1.000 omega + -0.029 omega^2,0.000,0.0000000000e+00,0.0000000000e+00,0.0000000000e+00,0.0000000000e+00,0.0000000000e+00,0.0000000000e+00,0.0000000000e+00,0.0000000000e+00,0.0000000000e+00,0.0000000000e+00
13300,2024-09-30 08:50:00,0.056284,6.468517,4.574105,1.002 omega,0.000,0.0000000000e+00,0.0000000000e+00,0.0000000000e+00,0.0000000000e+00,0.0000000000e+00,0.0000000000e+00,0.0000000000e+00,0.0000000000e+00,0.0000000000e+00,0.0000000000e+00
13301,2024-09-30 08:55:00,0.038030,6.180683,4.370486,1.011 omega + -0.056 omega^2,0.000,0.0000000000e+00,0.0000000000e+00,0.0000000000e+00,0.0000000000e+00,0.0000000000e+00,0.0000000000e+00,0.0000000000e+00,0.0000000000e+00,0.0000000000e+00,0.0000000000e+00
13302,2024-09-30 09:00:00,0.097254,15.697941,11.100333,0.001 1 + 0.987 omega + 0.072 omega^2 + -0.002 theta omega^2,0.000,0.0000000000e+00,0.0000000000e+00,0.0000000000e+00,0.0000000000e+00,0.0000000000e+00,0.0000000000e+00,0.0000000000e+00,0.0000000000e+00,0.0000000000e+00,0.0000000000e+00
13303,2024-09-30 09:05:00,0.039295,5.837213,4.127626,0.003 1 + 0.963 omega + -0.001 theta omega + 0.088 omega^2 + 0.009 theta omega^2,0.000,0.0000000000e+00,0.0000000000e+00,0.0000000000e+00,0.0000000000e+00,0.0000000000e+00,0.0000000000e+00,0.0000000000e+00,0.0000000000e+00,0.0000000000e+00,0.0000000000e+00
13304,2024-09-30 09:10:00,0.027143,1.626458,1.150239,-0.001 1 + 0.988 omega + 0.002 theta omega + 0.164 omega^2 + -0.015 theta omega^2,0.000,0.0000000000e+00,0.0000000000e+00,0.0000000000e+00,0.0000000000e+00,0.0000000000e+00,0.0000000000e+00,0.0000000000e+00,0.0000000000e+00,0.0000000000e+00,0.0000000000e+00
13305,2024-09-30 09:15:00,0.041430,5.978053,4.227223,1.006 omega + 0.001 theta omega + -0.118 omega^2,0.000,0.0000000000e+00,0.0000000000e+00,0.0000000000e+00,0.0000000000e+00,0.0000000000e+00,0.0000000000e+00,0.0000000000e+00,0.0000000000e+00,0.0000000000e+00,0.0000000000e+00
13306,2024-09-30 09:20:00,0.052832,5.151128,3.642589,0.001 1 + 0.998 omega + -0.001 theta omega + -0.029 omega^2 + 0.006 theta omega^2,0.000,0.0000000000e+00,0.0000000000e+00,0.0000000000e+00,0.0000000000e+00,0.0000000000e+00,0.0000000000e+00,0.0000000000e+00,0.0000000000e+00,0.0000000000e+00,0.0000000000e+00
13307,2024-09-30 09:25:00,0.039143,5.774346,4.083173,-0.001 1 + 0.998 omega + 0.002 theta omega + 0.051 omega^2 + -0.016 theta omega^2,0.000,0.0000000000e+00,0.0000000000e+00,0.0000000000e+00,0.0000000000e+00,0.0000000000e+00,0.0000000000e+00,0.0000000000e+00,0.0000000000e+00,0.0000000000e+00,0.0000000000e+00
13308,2024-09-30 09:30:00,0.071942,10.713004,7.575408,1.004 omega + -0.036 omega^2,0.000,0.0000000000e+00,0.0000000000e+00,0.0000000000e+00,0.0000000000e+00,0.0000000000e+00,0.0000000000e+00,0.0000000000e+00,0.0000000000e+00,0.0000000000e+00,0.0000000000e+00
13309,2024-09-30 09:35:00,0.023089,1.473422,1.041995,1.002 omega + -0.009 omega^2,0.000,0.0000000000e+00,0.0000000000e+00,0.0000000000e+00,0.0000000000e+00,0.0000000000e+00,0.0000000000e+00,0.0000000000e+00,0.0000000000e+00,0.0000000000e+00,0.0000000000e+00
13310,2024-09-30 09:40:00,0.063750,2.779604,1.965994,0.996 omega + 0.030 omega^2,0.000,0.0000000000e+00,0.0000000000e+00,0.0000000000e+00,0.0000000000e+00,0.0000000000e+00,0.0000000000e+00,0.0000000000e+00,0.0000000000e+00,0.0000000000e+00,0.0000000000e+00
13311,2024-09-30 09:45:00,0.031415,2.053895,1.452493,1.009 omega + -0.002 theta omega + -0.081 omega^2 + 0.012 theta omega^2,0.000,0.0000000000e+00,0.0000000000e+00,0.0000000000e+00,0.0000000000e+00,0.0000000000e+00,0.0000000000e+00,0.0000000000e+00,0.0000000000e+00,0.0000000000e+00,0.0000000000e+00
13312,2024-09-30 09:50:00,0.084331,6.218619,4.397632,1.001 omega + -0.004 omega^2 + -0.002 theta omega^2,0.000,0.0000000000e+00,0.0000000000e+00,0.0000000000e+00,0.0000000000e+00,0.0000000000e+00,0.0000000000e+00,0.0000000000e+00,0.0000000000e+00,0.0000000000e+00,0.0000000000e+00
13313,2024-09-30 09:55:00,0.061287,5.317829,3.760523,1.000 omega,0.000,0.0000000000e+00,0.0000000000e+00,0.0000000000e+00,0.0000000000e+00,0.0000000000e+00,0.0000000000e+00,0.0000000000e+00,0.0000000000e+00,0.0000000000e+00,0.0000000000e+00
13314,2024-09-30 10:00:00,0.057038,8.391247,5.933645,0.958 omega + 0.002 theta omega + 0.250 omega^2 + -0.016 theta omega^2,0.000,0.0000000000e+00,0.0000000000e+00,0.0000000000e+00,0.0000000000e+00,0.0000000000e+00,0.0000000000e+00,0.0000000000e+00,0.0000000000e+00,0.0000000000e+00,0.0000000000e+00
13315,2024-09-30 10:05:00,0.035346,2.431033,1.719181,1.002 omega + 0.001 theta omega + -0.004 theta omega^2,0.000,0.0000000000e+00,0.0000000000e+00,0.0000000000e+00,0.0000000000e+00,0.0000000000e+00,0.0000000000e+00,0.0000000000e+00,0.0000000000e+00,0.0000000000e+00,0.0000000000e+00
13316,2024-09-30 10:10:00,0.071557,9.324381,6.593527,1.000 omega + -0.007 omega^2,0.000,0.0000000000e+00,0.0000000000e+00,0.0000000000e+00,0.0000000000e+00,0.0000000000e+00,0.0000000000e+00,0.0000000000e+00,0.0000000000e+00,0.0000000000e+00,0.0000000000e+00
13317,2024-09-30 10:15:00,0.033510,2.833754,2.003907,1.002 omega + -0.030 omega^2 + 0.001 theta omega^2,0.000,0.0000000000e+00,0.0000000000e+00,0.0000000000e+00,0.0000000000e+00,0.0000000000e+00,0.0000000000e+00,0.0000000000e+00,0.0000000000e+00,0.0000000000e+00,0.0000000000e+00
13318,2024-09-30 10:20:00,0.071137,4.215617,2.981316,1.005 omega + 0.001 omega^2,0.000,0.0000000000e+00,0.0000000000e+00,0.0000000000e+00,0.0000000000e+00,0.0000000000e+00,0.0000000000e+00,0.0000000000e+00,0.0000000000e+00,0.0000000000e+00,0.0000000000e+00
13319,2024-09-30 10:25:00,0.029326,2.548131,1.801920,1.002 omega + -0.018 omega^2,0.000,0.0000000000e+00,0.0000000000e+00,0.0000000000e+00,0.0000000000e+00,0.0000000000e+00,0.0000000000e+00,0.0000000000e+00,0.0000000000e+00,0.0000000000e+00,0.0000000000e+00
13320,2024-09-30 10:30:00,0.030133,2.206230,1.560186,-0.001 1 + 1.009 omega + 0.001 theta omega + -0.011 omega^2 + -0.008 theta omega^2,0.000,0.0000000000e+00,0.0000000000e+00,0.0000000000e+00,0.0000000000e+00,0.0000000000e+00,0.0000000000e+00,0.0000000000e+00,0.0000000000e+00,0.0000000000e+00,0.0000000000e+00
13321,2024-09-30 10:35:00,0.030694,0.725740,0.513635,0.960 omega + 0.003 theta omega + 0.473 omega^2 + -0.034 theta omega^2,0.000,0.0000000000e+00,0.0000000000e+00,0.0000000000e+00,0.0000000000e+00,0.0000000000e+00,0.0000000000e+00,0.0000000000e+00,0.0000000000e+00,0.0000000000e+00,0.0000000000e+00
13322,2024-09-30 10:40:00,0.070518,4.104652,2.902855,0.998 omega + 0.087 omega^2 + -0.007 theta omega^2,0.000,0.0000000000e+00,0.0000000000e+00,0.0000000000e+00,0.0000000000e+00,0.0000000000e+00,0.0000000000e+00,0.0000000000e+00,0.0000000000e+00,0.0000000000e+00,0.0000000000e+00
13323,2024-09-30 10:45:00,0.046667,6.438307,4.552690,0.001 1 + 0.981 omega + 0.092 omega^2,0.000,0.0000000000e+00,0.0000000000e+00,0.0000000000e+00,0.0000000000e+00,0.0000000000e+00,0.0000000000e+00,0.0000000000e+00,0.0000000000e+00,0.0000000000e+00,0.0000000000e+00
13324,2024-09-30 10:50:00,0.041224,2.539085,1.795641,1.013 omega + -0.002 theta omega + -0.016 theta omega^2,-0.017 theta omega^2,0.0000000000e+00,0.0000000000e+00,0.0000000000e+00,0.0000000000e+00,0.0000000000e+00,0.0000000000e+00,0.0000000000e+00,0.0000000000e+00,-1.6525356181e-02,0.0000000000e+00
13325,2024-09-30 10:55:00,0.038415,1.904955,1.347281,-0.001 1 + 1.012 omega + -0.002 theta omega^2,0.000,0.0000000000e+00,0.0000000000e+00,0.0000000000e+00,0.0000000000e+00,0.0000000000e+00,0.0000000000e+00,0.0000000000e+00,0.0000000000e+00,0.0000000000e+00,0.0000000000e+00
13326,2024-09-30 11:00:00,0.123016,20.470036,14.474762,1.003 omega + 0.083 omega^2 + -0.022 theta omega^2,0.000,0.0000000000e+00,0.0000000000e+00,0.0000000000e+00,0.0000000000e+00,0.0000000000e+00,0.0000000000e+00,0.0000000000e+00,0.0000000000e+00,0.0000000000e+00,0.0000000000e+00
13327,2024-09-30 11:05:00,0.083817,7.609897,5.381336,0.983 omega + -0.001 theta omega + -0.085 omega^2 + -0.023 theta omega^2 + 0.338 omega^3,-0.014 theta omega^2,0.0000000000e+00,0.0000000000e+00,0.0000000000e+00,0.0000000000e+00,0.0000000000e+00,0.0000000000e+00,0.0000000000e+00,0.0000000000e+00,-1.3522607708e-02,0.0000000000e+00
13328,2024-09-30 11:10:00,0.092638,10.353394,7.321248,1.012 omega + -0.096 omega^2,0.000,0.0000000000e+00,0.0000000000e+00,0.0000000000e+00,0.0000000000e+00,0.0000000000e+00,0.0000000000e+00,0.0000000000e+00,0.0000000000e+00,0.0000000000e+00,0.0000000000e+00
13329,2024-09-30 11:15:00,0.072633,8.063248,5.701809,1.004 omega + -0.016 theta omega^2,0.000,0.0000000000e+00,0.0000000000e+00,0.0000000000e+00,0.0000000000e+00,0.0000000000e+00,0.0000000000e+00,0.0000000000e+00,0.0000000000e+00,0.0000000000e+00,0.0000000000e+00
13330,2024-09-30 11:20:00,0.142723,21.008861,14.855851,0.999 omega + -0.071 omega^2 + -0.005 theta omega^2,0.000,0.0000000000e+00,0.0000000000e+00,0.0000000000e+00,0.0000000000e+00,0.0000000000e+00,0.0000000000e+00,0.0000000000e+00,0.0000000000e+00,0.0000000000e+00,0.0000000000e+00
13331,2024-09-30 11:25:00,0.062297,6.124694,4.331036,0.937 omega + -0.027 theta omega + -1.005 omega^2 + -0.003 theta^2 omega + -0.262 theta omega^2,0.000,0.0000000000e+00,0.0000000000e+00,0.0000000000e+00,0.0000000000e+00,0.0000000000e+00,0.0000000000e+00,0.0000000000e+00,0.0000000000e+00,0.0000000000e+00,0.0000000000e+00
13332,2024-09-30 11:30:00,0.045407,1.610627,1.139338,1.013 omega + -0.011 theta omega + 0.063 omega^2 + -0.154 theta omega^2,0.012 omega + -0.015 theta omega,0.0000000000e+00,0.0000000000e+00,1.1516436258e-02,0.0000000000e+00,-1.4583585770e-02,0.0000000000e+00,0.0000000000e+00,0.0000000000e+00,0.0000000000e+00,0.0000000000e+00
13333,2024-09-30 11:35:00,0.048963,3.427002,2.423504,0.975 omega + -0.003 theta omega + -0.523 omega^2 + -0.074 theta omega^2,0.000,0.0000000000e+00,0.0000000000e+00,0.0000000000e+00,0.0000000000e+00,0.0000000000e+00,0.0000000000e+00,0.0000000000e+00,0.0000000000e+00,0.0000000000e+00,0.0000000000e+00
13334,2024-09-30 11:40:00,0.050448,6.177205,4.368089,1.009 omega + 0.003 theta omega + 0.019 theta omega^2,0.000,0.0000000000e+00,0.0000000000e+00,0.0000000000e+00,0.0000000000e+00,0.0000000000e+00,0.0000000000e+00,0.0000000000e+00,0.0000000000e+00,0.0000000000e+00,0.0000000000e+00
13335,2024-09-30 11:45:00,0.223205,28.553012,20.190645,0.999 omega + -0.064 omega^3,0.000,0.0000000000e+00,0.0000000000e+00,0.0000000000e+00,0.0000000000e+00,0.0000000000e+00,0.0000000000e+00,0.0000000000e+00,0.0000000000e+00,0.0000000000e+00,0.0000000000e+00
13336,2024-09-30 11:50:00,0.111639,52.252060,36.947870,1.016 omega + 0.016 theta omega + 0.037 omega^2 + 0.003 theta^2 omega,0.000,0.0000000000e+00,0.0000000000e+00,0.0000000000e+00,0.0000000000e+00,0.0000000000e+00,0.0000000000e+00,0.0000000000e+00,0.0000000000e+00,0.0000000000e+00,0.0000000000e+00
13337,2024-09-30 11:55:00,0.041322,3.074272,2.174035,1.011 omega + 0.002 theta omega + 0.026 omega^2 + 0.008 theta omega^2,0.000,0.0000000000e+00,0.0000000000e+00,0.0000000000e+00,0.0000000000e+00,0.0000000000e+00,0.0000000000e+00,0.0000000000e+00,0.0000000000e+00,0.0000000000e+00,0.0000000000e+00
13338,2024-09-30 12:00:00,0.082205,9.507063,6.722760,0.999 omega + -0.007 theta omega + 0.032 omega^2 + -0.002 theta^2 omega,0.000,0.0000000000e+00,0.0000000000e+00,0.0000000000e+00,0.0000000000e+00,0.0000000000e+00,0.0000000000e+00,0.0000000000e+00,0.0000000000e+00,0.0000000000e+00,0.0000000000e+00
13339,2024-09-30 12:05:00,0.120768,12.806127,9.055702,1.005 omega,0.000,0.0000000000e+00,0.0000000000e+00,0.0000000000e+00,0.0000000000e+00,0.0000000000e+00,0.0000000000e+00,0.0000000000e+00,0.0000000000e+00,0.0000000000e+00,0.0000000000e+00
13340,2024-09-30 12:10:00,0.084134,6.828942,4.829158,0.997 omega + -0.016 omega^2,0.000,0.0000000000e+00,0.0000000000e+00,0.0000000000e+00,0.0000000000e+00,0.0000000000e+00,0.0000000000e+00,0.0000000000e+00,0.0000000000e+00,0.0000000000e+00,0.0000000000e+00
13341,2024-09-30 12:15:00,0.054994,2.954764,2.089695,1.014 omega + -0.001 theta omega + 0.177 omega^2 + -0.058 theta omega^2,0.000,0.0000000000e+00,0.0000000000e+00,0.0000000000e+00,0.0000000000e+00,0.0000000000e+00,0.0000000000e+00,0.0000000000e+00,0.0000000000e+00,0.0000000000e+00,0.0000000000e+00
13342,2024-09-30 12:20:00,0.118637,16.081099,11.371363,0.993 omega + -0.025 omega^2 + 0.001 theta omega^2,0.000,0.0000000000e+00,0.0000000000e+00,0.0000000000e+00,0.0000000000e+00,0.0000000000e+00,0.0000000000e+00,0.0000000000e+00,0.0000000000e+00,0.0000000000e+00,0.0000000000e+00
13343,2024-09-30 12:25:00,0.106625,14.795190,10.462051,1.001 omega,0.000,0.0000000000e+00,0.0000000000e+00,0.0000000000e+00,0.0000000000e+00,0.0000000000e+00,0.0000000000e+00,0.0000000000e+00,0.0000000000e+00,0.0000000000e+00,0.0000000000e+00
13344,2024-09-30 12:30:00,0.079502,12.448762,8.802783,1.000 omega + -0.003 omega^2,0.000,0.0000000000e+00,0.0000000000e+00,0.0000000000e+00,0.0000000000e+00,0.0000000000e+00,0.0000000000e+00,0.0000000000e+00,0.0000000000e+00,0.0000000000e+00,0.0000000000e+00
13345,2024-09-30 12:35:00,0.038604,1.757925,1.243340,1.005 omega + 0.015 omega^2,0.000,0.0000000000e+00,0.0000000000e+00,0.0000000000e+00,0.0000000000e+00,0.0000000000e+00,0.0000000000e+00,0.0000000000e+00,0.0000000000e+00,0.0000000000e+00,0.0000000000e+00
13346,2024-09-30 12:40:00,0.068805,5.321127,3.762920,1.003 omega + -0.014 omega^2 + -0.006 theta omega^2,0.000,0.0000000000e+00,0.0000000000e+00,0.0000000000e+00,0.0000000000e+00,0.0000000000e+00,0.0000000000e+00,0.0000000000e+00,0.0000000000e+00,0.0000000000e+00,0.0000000000e+00
13347,2024-09-30 12:45:00,0.090558,11.768581,8.321890,1.000 omega + -0.005 omega^2,0.000,0.0000000000e+00,0.0000000000e+00,0.0000000000e+00,0.0000000000e+00,0.0000000000e+00,0.0000000000e+00,0.0000000000e+00,0.0000000000e+00,0.0000000000e+00,0.0000000000e+00
13348,2024-09-30 12:50:00,0.106317,18.659168,13.194238,0.955 omega + -0.009 theta omega + -0.250 omega^2 + -0.055 theta omega^2,0.000,0.0000000000e+00,0.0000000000e+00,0.0000000000e+00,0.0000000000e+00,0.0000000000e+00,0.0000000000e+00,0.0000000000e+00,0.0000000000e+00,0.0000000000e+00,0.0000000000e+00
13349,2024-09-30 12:55:00,0.027528,1.827267,1.292219,-0.001 1 + 0.975 omega + -0.130 omega^2 + -0.004 theta omega^2,0.000,0.0000000000e+00,0.0000000000e+00,0.0000000000e+00,0.0000000000e+00,0.0000000000e+00,0.0000000000e+00,0.0000000000e+00,0.0000000000e+00,0.0000000000e+00,0.0000000000e+00
13350,2024-09-30 13:00:00,0.039657,2.944122,2.081998,-0.002 1 + 0.972 omega + -0.102 omega^2,0.000,0.0000000000e+00,0.0000000000e+00,0.0000000000e+00,0.0000000000e+00,0.0000000000e+00,0.0000000000e+00,0.0000000000e+00,0.0000000000e+00,0.0000000000e+00,0.0000000000e+00
13351,2024-09-30 13:05:00,0.041709,3.811449,2.695263,1.000 omega + -0.001 theta omega^2,0.000,0.0000000000e+00,0.0000000000e+00,0.0000000000e+00,0.0000000000e+00,0.0000000000e+00,0.0000000000e+00,0.0000000000e+00,0.0000000000e+00,0.0000000000e+00,0.0000000000e+00
13352,2024-09-30 13:10:00,0.063726,4.719719,3.337650,1.000 omega + 0.003 omega^2,-0.080 theta omega^2,0.0000000000e+00,0.0000000000e+00,0.0000000000e+00,0.0000000000e+00,0.0000000000e+00,0.0000000000e+00,0.0000000000e+00,0.0000000000e+00,-8.0443039599e-02,0.0000000000e+00
13353,2024-09-30 13:15:00,0.195979,21.529962,15.224613,1.008 omega + 0.060 omega^2 + -0.574 omega^3,0.000,0.0000000000e+00,0.0000000000e+00,0.0000000000e+00,0.0000000000e+00,0.0000000000e+00,0.0000000000e+00,0.0000000000e+00,0.0000000000e+00,0.0000000000e+00,0.0000000000e+00
13354,2024-09-30 13:20:00,0.035670,5.232317,3.699893,-0.029 1 + 1.426 omega + -2.015 omega^2 + 0.001 theta omega^2 + 3.094 omega^3,0.000,0.0000000000e+00,0.0000000000e+00,0.0000000000e+00,0.0000000000e+00,0.0000000000e+00,0.0000000000e+00,0.0000000000e+00,0.0000000000e+00,0.0000000000e+00,0.0000000000e+00
13355,2024-09-30 13:25:00,0.018338,1.096158,0.775209,0.001 1 + 0.979 omega + 0.069 omega^2,0.000,0.0000000000e+00,0.0000000000e+00,0.0000000000e+00,0.0000000000e+00,0.0000000000e+00,0.0000000000e+00,0.0000000000e+00,0.0000000000e+00,0.0000000000e+00,0.0000000000e+00
13356,2024-09-30 13:30:00,0.019641,1.188325,0.840388,-0.002 1 + 1.024 omega + 0.001 theta omega + -0.047 omega^2 + -0.005 theta omega^2,0.000,0.0000000000e+00,0.0000000000e+00,0.0000000000e+00,0.0000000000e+00,0.0000000000e+00,0.0000000000e+00,0.0000000000e+00,0.0000000000e+00,0.0000000000e+00,0.0000000000e+00
13357,2024-09-30 13:35:00,0.007820,1.050887,0.743110,0.998 omega,0.000,0.0000000000e+00,0.0000000000e+00,0.0000000000e+00,0.0000000000e+00,0.0000000000e+00,0.0000000000e+00,0.0000000000e+00,0.0000000000e+00,0.0000000000e+00,0.0000000000e+00
13358,2024-09-30 13:40:00,0.056718,8.035842,5.682340,0.002 1 + 0.973 omega + 0.094 omega^2,0.000,0.0000000000e+00,0.0000000000e+00,0.0000000000e+00,0.0000000000e+00,0.0000000000e+00,0.0000000000e+00,0.0000000000e+00,0.0000000000e+00,0.0000000000e+00,0.0000000000e+00
13359,2024-09-30 13:45:00,0.050081,5.571333,3.939687,0.021 1 + 0.528 omega + 0.002 theta omega + 3.018 omega^2 + -0.010 theta omega^2 + -5.914 omega^3,0.000,0.0000000000e+00,0.0000000000e+00,0.0000000000e+00,0.0000000000e+00,0.0000000000e+00,0.0000000000e+00,0.0000000000e+00,0.0000000000e+00,0.0000000000e+00,0.0000000000e+00
13360,2024-09-30 13:50:00,0.031256,2.546289,1.800634,0.001 1 + 0.978 omega + 0.102 omega^2 + -0.001 theta omega^2,0.000,0.0000000000e+00,0.0000000000e+00,0.0000000000e+00,0.0000000000e+00,0.0000000000e+00,0.0000000000e+00,0.0000000000e+00,0.0000000000e+00,0.0000000000e+00,0.0000000000e+00
13361,2024-09-30 13:55:00,0.060010,3.021846,2.137189,0.998 omega + 0.009 omega^2,0.000,0.0000000000e+00,0.0000000000e+00,0.0000000000e+00,0.0000000000e+00,0.0000000000e+00,0.0000000000e+00,0.0000000000e+00,0.0000000000e+00,0.0000000000e+00,0.0000000000e+00
13362,2024-09-30 14:00:00,0.151963,15.907076,11.248515,0.998 omega + 0.007 omega^2,0.000,0.0000000000e+00,0.0000000000e+00,0.0000000000e+00,0.0000000000e+00,0.0000000000e+00,0.0000000000e+00,0.0000000000e+00,0.0000000000e+00,0.0000000000e+00,0.0000000000e+00
13363,2024-09-30 14:05:00,0.047400,7.592187,5.368591,-0.036 1 + 1.626 omega + -3.542 omega^2 + 6.584 omega^3,0.000,0.0000000000e+00,0.0000000000e+00,0.0000000000e+00,0.0000000000e+00,0.0000000000e+00,0.0000000000e+00,0.0000000000e+00,0.0000000000e+00,0.0000000000e+00,0.0000000000e+00
13364,2024-09-30 14:10:00,0.011366,0.514798,0.364106,-0.008 1 + 1.076 omega + -0.194 omega^2,0.000,0.0000000000e+00,0.0000000000e+00,0.0000000000e+00,0.0000000000e+00,0.0000000000e+00,0.0000000000e+00,0.0000000000e+00,0.0000000000e+00,0.0000000000e+00,0.0000000000e+00
13365,2024-09-30 14:15:00,0.072322,9.665133,6.834473,-0.003 1 + 1.032 omega + -0.101 omega^2,0.000,0.0000000000e+00,0.0000000000e+00,0.0000000000e+00,0.0000000000e+00,0.0000000000e+00,0.0000000000e+00,0.0000000000e+00,0.0000000000e+00,0.0000000000e+00,0.0000000000e+00
13366,2024-09-30 14:20:00,0.108759,14.304187,10.114880,1.004 omega + -0.090 theta omega^2,0.000,0.0000000000e+00,0.0000000000e+00,0.0000000000e+00,0.0000000000e+00,0.0000000000e+00,0.0000000000e+00,0.0000000000e+00,0.0000000000e+00,0.0000000000e+00,0.0000000000e+00
13367,2024-09-30 14:25:00,0.059928,3.918128,2.770859,1.011 omega + -0.049 omega^2 + 0.001 theta omega^2,0.000,0.0000000000e+00,0.0000000000e+00,0.0000000000e+00,0.0000000000e+00,0.0000000000e+00,0.0000000000e+00,0.0000000000e+00,0.0000000000e+00,0.0000000000e+00,0.0000000000e+00
13368,2024-09-30 14:30:00,0.018357,2.296712,1.624072,-0.022 1 + 1.227 omega + 0.002 theta omega + -0.554 omega^2 + -0.010 theta omega^2,0.000,0.0000000000e+00,0.0000000000e+00,0.0000000000e+00,0.0000000000e+00,0.0000000000e+00,0.0000000000e+00,0.0000000000e+00,0.0000000000e+00,0.0000000000e+00,0.0000000000e+00
13369,2024-09-30 14:35:00,0.060815,7.202103,5.092838,1.001 omega,0.000,0.0000000000e+00,0.0000000000e+00,0.0000000000e+00,0.0000000000e+00,0.0000000000e+00,0.0000000000e+00,0.0000000000e+00,0.0000000000e+00,0.0000000000e+00,0.0000000000e+00
13370,2024-09-30 14:40:00,0.096889,12.506643,8.843797,1.001 omega + -0.031 omega^2,0.000,0.0000000000e+00,0.0000000000e+00,0.0000000000e+00,0.0000000000e+00,0.0000000000e+00,0.0000000000e+00,0.0000000000e+00,0.0000000000e+00,0.0000000000e+00,0.0000000000e+00
13371,2024-09-30 14:45:00,0.078577,9.905128,7.004204,0.986 omega + 0.001 theta omega + 0.113 omega^2 + -0.009 theta omega^2,0.000,0.0000000000e+00,0.0000000000e+00,0.0000000000e+00,0.0000000000e+00,0.0000000000e+00,0.0000000000e+00,0.0000000000e+00,0.0000000000e+00,0.0000000000e+00,0.0000000000e+00
13372,2024-09-30 14:50:00,0.047794,1.719716,1.216492,-0.001 1 + 1.014 omega + -0.046 omega^2,0.000,0.0000000000e+00,0.0000000000e+00,0.0000000000e+00,0.0000000000e+00,0.0000000000e+00,0.0000000000e+00,0.0000000000e+00,0.0000000000e+00,0.0000000000e+00,0.0000000000e+00
13373,2024-09-30 14:55:00,0.037613,4.843827,3.425206,0.002 1 + 0.963 omega + 0.001 theta omega + 0.170 omega^2 + -0.006 theta omega^2,0.000,0.0000000000e+00,0.0000000000e+00,0.0000000000e+00,0.0000000000e+00,0.0000000000e+00,0.0000000000e+00,0.0000000000e+00,0.0000000000e+00,0.0000000000e+00,0.0000000000e+00
13374,2024-09-30 15:00:00,0.093582,8.439352,5.967890,1.012 omega + -0.063 omega^2,0.000,0.0000000000e+00,0.0000000000e+00,0.0000000000e+00,0.0000000000e+00,0.0000000000e+00,0.0000000000e+00,0.0000000000e+00,0.0000000000e+00,0.0000000000e+00,0.0000000000e+00
13375,2024-09-30 15:05:00,0.051737,4.327355,3.060121,0.996 omega + 0.026 omega^2,0.000,0.0000000000e+00,0.0000000000e+00,0.0000000000e+00,0.0000000000e+00,0.0000000000e+00,0.0000000000e+00,0.0000000000e+00,0.0000000000e+00,0.0000000000e+00,0.0000000000e+00
13376,2024-09-30 15:10:00,0.058284,8.728027,6.171785,-0.012 1 + 1.270 omega + -1.891 omega^2 + 0.002 theta omega^2 + 4.245 omega^3,0.000,0.0000000000e+00,0.0000000000e+00,0.0000000000e+00,0.0000000000e+00,0.0000000000e+00,0.0000000000e+00,0.0000000000e+00,0.0000000000e+00,0.0000000000e+00,0.0000000000e+00
13377,2024-09-30 15:15:00,0.074252,4.550334,3.218000,1.007 omega + -0.032 omega^2,0.000,0.0000000000e+00,0.0000000000e+00,0.0000000000e+00,0.0000000000e+00,0.0000000000e+00,0.0000000000e+00,0.0000000000e+00,0.0000000000e+00,0.0000000000e+00,0.0000000000e+00
13378,2024-09-30 15:20:00,0.086624,9.894791,6.996942,1.001 omega + -0.012 omega^2,0.000,0.0000000000e+00,0.0000000000e+00,0.0000000000e+00,0.0000000000e+00,0.0000000000e+00,0.0000000000e+00,0.0000000000e+00,0.0000000000e+00,0.0000000000e+00,0.0000000000e+00
13379,2024-09-30 15:25:00,0.182326,20.476715,14.479798,0.997 omega + 0.001 omega^2,0.000,0.0000000000e+00,0.0000000000e+00,0.0000000000e+00,0.0000000000e+00,0.0000000000e+00,0.0000000000e+00,0.0000000000e+00,0.0000000000e+00,0.0000000000e+00,0.0000000000e+00
13380,2024-09-30 15:30:00,0.139276,21.388242,15.124091,1.001 omega + 0.003 omega^2,0.000,0.0000000000e+00,0.0000000000e+00,0.0000000000e+00,0.0000000000e+00,0.0000000000e+00,0.0000000000e+00,0.0000000000e+00,0.0000000000e+00,0.0000000000e+00,0.0000000000e+00
13381,2024-09-30 15:35:00,0.084779,3.232122,2.286241,0.997 omega + -0.011 omega^2 + 0.172 omega^3,0.000,0.0000000000e+00,0.0000000000e+00,0.0000000000e+00,0.0000000000e+00,0.0000000000e+00,0.0000000000e+00,0.0000000000e+00,0.0000000000e+00,0.0000000000e+00,0.0000000000e+00
13382,2024-09-30 15:40:00,0.098877,8.935972,6.319073,1.001 omega + 0.018 omega^2 + -0.005 theta omega^2 + 0.055 omega^3,0.000,0.0000000000e+00,0.0000000000e+00,0.0000000000e+00,0.0000000000e+00,0.0000000000e+00,0.0000000000e+00,0.0000000000e+00,0.0000000000e+00,0.0000000000e+00,0.0000000000e+00
13383,2024-09-30 15:45:00,0.119718,15.289302,10.811500,1.008 omega + -0.012 omega^2 + -0.003 theta omega^2,0.000,0.0000000000e+00,0.0000000000e+00,0.0000000000e+00,0.0000000000e+00,0.0000000000e+00,0.0000000000e+00,0.0000000000e+00,0.0000000000e+00,0.0000000000e+00,0.0000000000e+00
13384,2024-09-30 15:50:00,0.039514,2.467005,1.744660,0.998 omega + 0.008 omega^2 + 0.001 theta omega^2,0.000,0.0000000000e+00,0.0000000000e+00,0.0000000000e+00,0.0000000000e+00,0.0000000000e+00,0.0000000000e+00,0.0000000000e+00,0.0000000000e+00,0.0000000000e+00,0.0000000000e+00
13385,2024-09-30 15:55:00,0.104476,10.615132,7.506395,1.005 omega + -0.009 theta omega^2,0.000,0.0000000000e+00,0.0000000000e+00,0.0000000000e+00,0.0000000000e+00,0.0000000000e+00,0.0000000000e+00,0.0000000000e+00,0.0000000000e+00,0.0000000000e+00,0.0000000000e+00
13386,2024-09-30 16:00:00,0.068045,10.340882,7.312266,0.999 omega + 0.008 omega^2 + -0.001 theta omega^2,0.000,0.0000000000e+00,0.0000000000e+00,0.0000000000e+00,0.0000000000e+00,0.0000000000e+00,0.0000000000e+00,0.0000000000e+00,0.0000000000e+00,0.0000000000e+00,0.0000000000e+00
13387,2024-09-30 16:05:00,0.076570,11.724037,8.290323,-0.001 1 + 1.060 omega + -0.001 theta omega + -0.479 omega^2 + 0.007 theta omega^2 + 0.940 omega^3,0.000,0.0000000000e+00,0.0000000000e+00,0.0000000000e+00,0.0000000000e+00,0.0000000000e+00,0.0000000000e+00,0.0000000000e+00,0.0000000000e+00,0.0000000000e+00,0.0000000000e+00
13388,2024-09-30 16:10:00,0.042413,1.573210,1.112832,-0.001 1 + 1.010 omega + 0.010 omega^2 + -0.001 theta omega^2,0.000,0.0000000000e+00,0.0000000000e+00,0.0000000000e+00,0.0000000000e+00,0.0000000000e+00,0.0000000000e+00,0.0000000000e+00,0.0000000000e+00,0.0000000000e+00,0.0000000000e+00
13389,2024-09-30 16:15:00,0.196882,27.083245,19.151252,0.997 omega + 0.004 omega^2 + 0.098 omega^3,0.000,0.0000000000e+00,0.0000000000e+00,0.0000000000e+00,0.0000000000e+00,0.0000000000e+00,0.0000000000e+00,0.0000000000e+00,0.0000000000e+00,0.0000000000e+00,0.0000000000e+00
13390,2024-09-30 16:20:00,0.076519,7.099547,5.020430,1.004 omega + -0.004 theta omega,0.000,0.0000000000e+00,0.0000000000e+00,0.0000000000e+00,0.0000000000e+00,0.0000000000e+00,0.0000000000e+00,0.0000000000e+00,0.0000000000e+00,0.0000000000e+00,0.0000000000e+00
13391,2024-09-30 16:25:00,0.092808,12.976828,9.176238,0.998 omega + 0.027 omega^2 + -0.002 theta omega^2,0.000,0.0000000000e+00,0.0000000000e+00,0.0000000000e+00,0.0000000000e+00,0.0000000000e+00,0.0000000000e+00,0.0000000000e+00,0.0000000000e+00,0.0000000000e+00,0.0000000000e+00
13392,2024-09-30 16:30:00,0.111727,14.258744,10.082764,1.002 omega + -0.008 omega^3,0.000,0.0000000000e+00,0.0000000000e+00,0.0000000000e+00,0.0000000000e+00,0.0000000000e+00,0.0000000000e+00,0.0000000000e+00,0.0000000000e+00,0.0000000000e+00,0.0000000000e+00
13393,2024-09-30 16:35:00,0.043031,3.067294,2.169118,-0.001 1 + 1.013 omega + -0.003 theta omega^2,0.000,0.0000000000e+00,0.0000000000e+00,0.0000000000e+00,0.0000000000e+00,0.0000000000e+00,0.0000000000e+00,0.0000000000e+00,0.0000000000e+00,0.0000000000e+00,0.0000000000e+00
13394,2024-09-30 16:40:00,0.067678,11.052210,7.815239,0.004 1 + 0.914 omega + 0.579 omega^2 + -1.290 omega^3,0.000,0.0000000000e+00,0.0000000000e+00,0.0000000000e+00,0.0000000000e+00,0.0000000000e+00,0.0000000000e+00,0.0000000000e+00,0.0000000000e+00,0.0000000000e+00,0.0000000000e+00
13395,2024-09-30 16:45:00,0.095585,9.980911,7.057893,1.000 omega,0.000,0.0000000000e+00,0.0000000000e+00,0.0000000000e+00,0.0000000000e+00,0.0000000000e+00,0.0000000000e+00,0.0000000000e+00,0.0000000000e+00,0.0000000000e+00,0.0000000000e+00
13396,2024-09-30 16:50:00,0.109960,16.521181,11.682498,1.000 omega + -0.013 omega^2,0.000,0.0000000000e+00,0.0000000000e+00,0.0000000000e+00,0.0000000000e+00,0.0000000000e+00,0.0000000000e+00,0.0000000000e+00,0.0000000000e+00,0.0000000000e+00,0.0000000000e+00
13397,2024-09-30 16:55:00,0.036693,2.218101,1.568649,0.002 1 + 0.941 omega + 0.001 theta omega + 0.297 omega^2 + -0.010 theta omega^2,0.000,0.0000000000e+00,0.0000000000e+00,0.0000000000e+00,0.0000000000e+00,0.0000000000e+00,0.0000000000e+00,0.0000000000e+00,0.0000000000e+00,0.0000000000e+00,0.0000000000e+00
13398,2024-09-30 17:00:00,0.086715,12.945361,9.153958,0.997 omega + 0.038 omega^2 + -0.003 theta omega^2,0.000,0.0000000000e+00,0.0000000000e+00,0.0000000000e+00,0.0000000000e+00,0.0000000000e+00,0.0000000000e+00,0.0000000000e+00,0.0000000000e+00,0.0000000000e+00,0.0000000000e+00
13399,2024-09-30 17:05:00,0.148801,23.222368,16.421031,1.057 omega + -0.516 omega^2 + 1.167 omega^3,0.000,0.0000000000e+00,0.0000000000e+00,0.0000000000e+00,0.0000000000e+00,0.0000000000e+00,0.0000000000e+00,0.0000000000e+00,0.0000000000e+00,0.0000000000e+00,0.0000000000e+00
13400,2024-09-30 17:10:00,0.073427,8.600325,6.081569,0.995 omega + 0.081 omega^2 + -0.007 theta omega^2,0.000,0.0000000000e+00,0.0000000000e+00,0.0000000000e+00,0.0000000000e+00,0.0000000000e+00,0.0000000000e+00,0.0000000000e+00,0.0000000000e+00,0.0000000000e+00,0.0000000000e+00
13401,2024-09-30 17:15:00,0.139568,12.853692,9.089469,1.006 omega + 0.041 omega^2 + -0.324 omega^3,0.000,0.0000000000e+00,0.0000000000e+00,0.0000000000e+00,0.0000000000e+00,0.0000000000e+00,0.0000000000e+00,0.0000000000e+00,0.0000000000e+00,0.0000000000e+00,0.0000000000e+00
13402,2024-09-30 17:20:00,0.168828,17.684150,12.505152,1.000 omega + -0.038 omega^3,0.000,0.0000000000e+00,0.0000000000e+00,0.0000000000e+00,0.0000000000e+00,0.0000000000e+00,0.0000000000e+00,0.0000000000e+00,0.0000000000e+00,0.0000000000e+00,0.0000000000e+00
13403,2024-09-30 17:25:00,0.144198,23.100967,16.335169,0.991 omega + 0.153 omega^2 + -0.005 theta omega^2,0.000,0.0000000000e+00,0.0000000000e+00,0.0000000000e+00,0.0000000000e+00,0.0000000000e+00,0.0000000000e+00,0.0000000000e+00,0.0000000000e+00,0.0000000000e+00,0.0000000000e+00
13404,2024-09-30 17:30:00,0.117485,15.109599,10.684423,1.004 omega + 0.012 omega^2 + -0.004 theta omega^2,0.000,0.0000000000e+00,0.0000000000e+00,0.0000000000e+00,0.0000000000e+00,0.0000000000e+00,0.0000000000e+00,0.0000000000e+00,0.0000000000e+00,0.0000000000e+00,0.0000000000e+00
13405,2024-09-30 17:35:00,0.093140,3.536948,2.501867,0.999 omega + -0.021 omega^2 + 0.146 omega^3,0.000,0.0000000000e+00,0.0000000000e+00,0.0000000000e+00,0.0000000000e+00,0.0000000000e+00,0.0000000000e+00,0.0000000000e+00,0.0000000000e+00,0.0000000000e+00,0.0000000000e+00
13406,2024-09-30 17:40:00,0.078587,4.796010,3.391746,0.999 omega + 0.001 omega^2 + 0.011 omega^3,-0.052 theta omega^2,0.0000000000e+00,0.0000000000e+00,0.0000000000e+00,0.0000000000e+00,0.0000000000e+00,0.0000000000e+00,0.0000000000e+00,0.0000000000e+00,-5.2394479267e-02,0.0000000000e+00
13407,2024-09-30 17:45:00,0.141555,23.879391,16.885576,0.001 1 + 1.001 omega + -0.140 omega^2 + 0.507 omega^3,0.000,0.0000000000e+00,0.0000000000e+00,0.0000000000e+00,0.0000000000e+00,0.0000000000e+00,0.0000000000e+00,0.0000000000e+00,0.0000000000e+00,0.0000000000e+00,0.0000000000e+00
13408,2024-09-30 17:50:00,0.063354,3.495100,2.471815,0.999 omega,0.000,0.0000000000e+00,0.0000000000e+00,0.0000000000e+00,0.0000000000e+00,0.0000000000e+00,0.0000000000e+00,0.0000000000e+00,0.0000000000e+00,0.0000000000e+00,0.0000000000e+00
13409,2024-09-30 17:55:00,0.042011,4.530611,3.203764,0.002 1 + 0.960 omega + 0.204 omega^2 + -0.003 theta omega^2,0.000,0.0000000000e+00,0.0000000000e+00,0.0000000000e+00,0.0000000000e+00,0.0000000000e+00,0.0000000000e+00,0.0000000000e+00,0.0000000000e+00,0.0000000000e+00,0.0000000000e+00
13410,2024-09-30 18:00:00,0.026948,1.406672,0.994850,0.003 1 + 0.963 omega + 0.127 omega^2 + 0.002 theta omega^2,0.000,0.0000000000e+00,0.0000000000e+00,0.0000000000e+00,0.0000000000e+00,0.0000000000e+00,0.0000000000e+00,0.0000000000e+00,0.0000000000e+00,0.0000000000e+00,0.0000000000e+00
13411,2024-09-30 18:05:00,0.031086,3.422828,2.420405,0.001 1 + 0.978 omega + 0.163 omega^2 + -0.004 theta omega^2,0.000,0.0000000000e+00,0.0000000000e+00,0.0000000000e+00,0.0000000000e+00,0.0000000000e+00,0.0000000000e+00,0.0000000000e+00,0.0000000000e+00,0.0000000000e+00,0.0000000000e+00
13412,2024-09-30 18:10:00,0.159095,19.420154,13.732583,1.003 omega + 0.028 omega^2 + -0.292 omega^3,0.000,0.0000000000e+00,0.0000000000e+00,0.0000000000e+00,0.0000000000e+00,0.0000000000e+00,0.0000000000e+00,0.0000000000e+00,0.0000000000e+00,0.0000000000e+00,0.0000000000e+00
13413,2024-09-30 18:15:00,0.042205,2.265839,1.602468,1.003 omega + -0.011 omega^2,0.000,0.0000000000e+00,0.0000000000e+00,0.0000000000e+00,0.0000000000e+00,0.0000000000e+00,0.0000000000e+00,0.0000000000e+00,0.0000000000e+00,0.0000000000e+00,0.0000000000e+00
13414,2024-09-30 18:20:00,0.095526,9.776234,6.913171,1.000 omega,0.000,0.0000000000e+00,0.0000000000e+00,0.0000000000e+00,0.0000000000e+00,0.0000000000e+00,0.0000000000e+00,0.0000000000e+00,0.0000000000e+00,0.0000000000e+00,0.0000000000e+00
13415,2024-09-30 18:25:00,0.031276,1.118784,0.791409,1.002 omega,0.000,0.0000000000e+00,0.0000000000e+00,0.0000000000e+00,0.0000000000e+00,0.0000000000e+00,0.0000000000e+00,0.0000000000e+00,0.0000000000e+00,0.0000000000e+00,0.0000000000e+00
13416,2024-09-30 18:30:00,0.041983,2.230368,1.577388,0.001 1 + 0.952 omega + 0.512 omega^2 + -1.483 omega^3,0.000,0.0000000000e+00,0.0000000000e+00,0.0000000000e+00,0.0000000000e+00,0.0000000000e+00,0.0000000000e+00,0.0000000000e+00,0.0000000000e+00,0.0000000000e+00,0.0000000000e+00
13417,2024-09-30 18:35:00,0.121589,15.412598,10.898692,1.002 omega + -0.012 omega^2,0.000,0.0000000000e+00,0.0000000000e+00,0.0000000000e+00,0.0000000000e+00,0.0000000000e+00,0.0000000000e+00,0.0000000000e+00,0.0000000000e+00,0.0000000000e+00,0.0000000000e+00
13418,2024-09-30 18:40:00,0.203300,21.254893,15.030167,0.999 omega + 0.023 omega^3,0.000,0.0000000000e+00,0.0000000000e+00,0.0000000000e+00,0.0000000000e+00,0.0000000000e+00,0.0000000000e+00,0.0000000000e+00,0.0000000000e+00,0.0000000000e+00,0.0000000000e+00
13419,2024-09-30 18:45:00,0.052662,5.516993,3.901281,1.011 omega + -0.036 omega^2 + -0.001 theta omega^2,0.000,0.0000000000e+00,0.0000000000e+00,0.0000000000e+00,0.0000000000e+00,0.0000000000e+00,0.0000000000e+00,0.0000000000e+00,0.0000000000e+00,0.0000000000e+00,0.0000000000e+00
13420,2024-09-30 18:50:00,0.045363,3.814637,2.697546,0.948 omega + 0.004 theta omega + 0.390 omega^2 + -0.023 theta omega^2,0.000,0.0000000000e+00,0.0000000000e+00,0.0000000000e+00,0.0000000000e+00,0.0000000000e+00,0.0000000000e+00,0.0000000000e+00,0.0000000000e+00,0.0000000000e+00,0.0000000000e+00
13421,2024-09-30 18:55:00,0.194560,19.110597,13.513933,1.000 omega,0.000,0.0000000000e+00,0.0000000000e+00,0.0000000000e+00,0.0000000000e+00,0.0000000000e+00,0.0000000000e+00,0.0000000000e+00,0.0000000000e+00,0.0000000000e+00,0.0000000000e+00
13422,2024-09-30 19:00:00,0.196070,18.704847,13.227051,1.004 omega + 0.019 omega^2 + -0.257 omega^3,0.000,0.0000000000e+00,0.0000000000e+00,0.0000000000e+00,0.0000000000e+00,0.0000000000e+00,0.0000000000e+00,0.0000000000e+00,0.0000000000e+00,0.0000000000e+00,0.0000000000e+00
13423,2024-09-30 19:05:00,0.089407,12.207934,8.632544,0.001 1 + 0.989 omega + 0.032 omega^2,0.000,0.0000000000e+00,0.0000000000e+00,0.0000000000e+00,0.0000000000e+00,0.0000000000e+00,0.0000000000e+00,0.0000000000e+00,0.0000000000e+00,0.0000000000e+00,0.0000000000e+00
13424,2024-09-30 19:10:00,0.123425,15.296308,10.816475,0.998 omega + -0.004 omega^2,0.000,0.0000000000e+00,0.0000000000e+00,0.0000000000e+00,0.0000000000e+00,0.0000000000e+00,0.0000000000e+00,0.0000000000e+00,0.0000000000e+00,0.0000000000e+00,0.0000000000e+00
13425,2024-09-30 19:15:00,0.154406,25.653659,18.140205,1.008 omega + -0.086 omega^2 + 0.219 omega^3,0.000,0.0000000000e+00,0.0000000000e+00,0.0000000000e+00,0.0000000000e+00,0.0000000000e+00,0.0000000000e+00,0.0000000000e+00,0.0000000000e+00,0.0000000000e+00,0.0000000000e+00
13426,2024-09-30 19:20:00,0.128447,20.157838,14.254033,1.003 omega + -0.039 omega^2 + -0.005 theta omega^2,0.000,0.0000000000e+00,0.0000000000e+00,0.0000000000e+00,0.0000000000e+00,0.0000000000e+00,0.0000000000e+00,0.0000000000e+00,0.0000000000e+00,0.0000000000e+00,0.0000000000e+00
13427,2024-09-30 19:25:00,0.075657,2.105087,1.489482,1.004 omega + 0.018 omega^2 + -0.004 theta omega^2,0.000,0.0000000000e+00,0.0000000000e+00,0.0000000000e+00,0.0000000000e+00,0.0000000000e+00,0.0000000000e+00,0.0000000000e+00,0.0000000000e+00,0.0000000000e+00,0.0000000000e+00
13428,2024-09-30 19:30:00,0.080089,12.578714,8.894674,-0.025 1 + 1.601 omega + -4.487 omega^2 + 10.613 omega^3,0.000,0.0000000000e+00,0.0000000000e+00,0.0000000000e+00,0.0000000000e+00,0.0000000000e+00,0.0000000000e+00,0.0000000000e+00,0.0000000000e+00,0.0000000000e+00,0.0000000000e+00
13429,2024-09-30 19:35:00,0.020075,0.805282,0.569597,0.001 1 + 0.990 omega + 0.032 omega^2,0.000,0.0000000000e+00,0.0000000000e+00,0.0000000000e+00,0.0000000000e+00,0.0000000000e+00,0.0000000000e+00,0.0000000000e+00,0.0000000000e+00,0.0000000000e+00,0.0000000000e+00
13430,2024-09-30 19:40:00,0.017460,2.397713,1.695484,-0.001 1 + 1.013 omega + 0.001 theta omega + -0.008 theta omega^2,0.000,0.0000000000e+00,0.0000000000e+00,0.0000000000e+00,0.0000000000e+00,0.0000000000e+00,0.0000000000e+00,0.0000000000e+00,0.0000000000e+00,0.0000000000e+00,0.0000000000e+00
13431,2024-09-30 19:45:00,0.130357,11.517014,8.144281,0.997 omega + 0.001 theta omega,0.000,0.0000000000e+00,0.0000000000e+00,0.0000000000e+00,0.0000000000e+00,0.0000000000e+00,0.0000000000e+00,0.0000000000e+00,0.0000000000e+00,0.0000000000e+00,0.0000000000e+00
13432,2024-09-30 19:50:00,0.082124,8.638735,6.108784,0.999 omega + -0.020 theta omega^2 + 0.226 omega^3,-0.029 theta omega^2,0.0000000000e+00,0.0000000000e+00,0.0000000000e+00,0.0000000000e+00,0.0000000000e+00,0.0000000000e+00,0.0000000000e+00,0.0000000000e+00,-2.8505868348e-02,0.0000000000e+00
13433,2024-09-30 19:55:00,0.062357,2.407533,1.702954,1.001 omega + -0.010 omega^2,0.000,0.0000000000e+00,0.0000000000e+00,0.0000000000e+00,0.0000000000e+00,0.0000000000e+00,0.0000000000e+00,0.0000000000e+00,0.0000000000e+00,0.0000000000e+00,0.0000000000e+00
13434,2024-09-30 20:00:00,0.055188,2.815721,1.991398,1.001 omega + -0.003 omega^2,0.000,0.0000000000e+00,0.0000000000e+00,0.0000000000e+00,0.0000000000e+00,0.0000000000e+00,0.0000000000e+00,0.0000000000e+00,0.0000000000e+00,0.0000000000e+00,0.0000000000e+00
13435,2024-09-30 20:05:00,0.076034,4.450497,3.147436,1.001 omega + -0.006 omega^2,0.000,0.0000000000e+00,0.0000000000e+00,0.0000000000e+00,0.0000000000e+00,0.0000000000e+00,0.0000000000e+00,0.0000000000e+00,0.0000000000e+00,0.0000000000e+00,0.0000000000e+00
13436,2024-09-30 20:10:00,0.178502,29.332284,20.741441,0.998 omega + -0.010 theta omega^2 + 0.426 omega^3,0.000,0.0000000000e+00,0.0000000000e+00,0.0000000000e+00,0.0000000000e+00,0.0000000000e+00,0.0000000000e+00,0.0000000000e+00,0.0000000000e+00,0.0000000000e+00,0.0000000000e+00
13437,2024-09-30 20:15:00,0.033897,3.131754,2.214614,0.001 1 + 0.967 omega + 0.002 theta omega + 0.245 omega^2 + -0.012 theta omega^2,0.000,0.0000000000e+00,0.0000000000e+00,0.0000000000e+00,0.0000000000e+00,0.0000000000e+00,0.0000000000e+00,0.0000000000e+00,0.0000000000e+00,0.0000000000e+00,0.0000000000e+00
13438,2024-09-30 20:20:00,0.097362,5.847428,4.135329,1.004 omega + -0.016 omega^2,0.000,0.0000000000e+00,0.0000000000e+00,0.0000000000e+00,0.0000000000e+00,0.0000000000e+00,0.0000000000e+00,0.0000000000e+00,0.0000000000e+00,0.0000000000e+00,0.0000000000e+00
13439,2024-09-30 20:25:00,0.018094,1.310258,0.926580,0.006 1 + 0.903 omega + 0.001 theta omega + 0.376 omega^2 + -0.004 theta omega^2,0.000,0.0000000000e+00,0.0000000000e+00,0.0000000000e+00,0.0000000000e+00,0.0000000000e+00,0.0000000000e+00,0.0000000000e+00,0.0000000000e+00,0.0000000000e+00,0.0000000000e+00
13440,2024-09-30 20:30:00,0.101239,9.275422,6.559105,1.004 omega + -0.001 theta omega + -0.003 theta omega^2,0.000,0.0000000000e+00,0.0000000000e+00,0.0000000000e+00,0.0000000000e+00,0.0000000000e+00,0.0000000000e+00,0.0000000000e+00,0.0000000000e+00,0.0000000000e+00,0.0000000000e+00
13441,2024-09-30 20:35:00,0.039984,4.685044,3.312947,-0.001 1 + 1.011 omega + -0.005 omega^2,0.000,0.0000000000e+00,0.0000000000e+00,0.0000000000e+00,0.0000000000e+00,0.0000000000e+00,0.0000000000e+00,0.0000000000e+00,0.0000000000e+00,0.0000000000e+00,0.0000000000e+00
13442,2024-09-30 20:40:00,0.114005,15.732826,11.125080,0.997 omega + 0.036 omega^2,0.000,0.0000000000e+00,0.0000000000e+00,0.0000000000e+00,0.0000000000e+00,0.0000000000e+00,0.0000000000e+00,0.0000000000e+00,0.0000000000e+00,0.0000000000e+00,0.0000000000e+00
13443,2024-09-30 20:45:00,0.089159,5.549870,3.924857,1.002 omega + 0.006 omega^2,0.000,0.0000000000e+00,0.0000000000e+00,0.0000000000e+00,0.0000000000e+00,0.0000000000e+00,0.0000000000e+00,0.0000000000e+00,0.0000000000e+00,0.0000000000e+00,0.0000000000e+00
13444,2024-09-30 20:50:00,0.079670,7.712706,5.453998,1.010 omega + -0.053 omega^2,0.000,0.0000000000e+00,0.0000000000e+00,0.0000000000e+00,0.0000000000e+00,0.0000000000e+00,0.0000000000e+00,0.0000000000e+00,0.0000000000e+00,0.0000000000e+00,0.0000000000e+00
13445,2024-09-30 20:55:00,0.113808,12.323991,8.714749,0.993 omega + 0.032 omega^2,0.000,0.0000000000e+00,0.0000000000e+00,0.0000000000e+00,0.0000000000e+00,0.0000000000e+00,0.0000000000e+00,0.0000000000e+00,0.0000000000e+00,0.0000000000e+00,0.0000000000e+00
13446,2024-09-30 21:00:00,0.090483,7.715345,5.455948,1.004 omega + -0.014 omega^2,0.000,0.0000000000e+00,0.0000000000e+00,0.0000000000e+00,0.0000000000e+00,0.0000000000e+00,0.0000000000e+00,0.0000000000e+00,0.0000000000e+00,0.0000000000e+00,0.0000000000e+00
13447,2024-09-30 21:05:00,0.026187,2.176344,1.539019,-0.006 1 + 1.057 omega + -0.136 omega^2 + -0.001 theta omega^2,0.000,0.0000000000e+00,0.0000000000e+00,0.0000000000e+00,0.0000000000e+00,0.0000000000e+00,0.0000000000e+00,0.0000000000e+00,0.0000000000e+00,0.0000000000e+00,0.0000000000e+00
13448,2024-09-30 21:10:00,0.086150,10.940946,7.736657,0.985 omega + 0.054 omega^2 + -0.001 theta omega^2,0.000,0.0000000000e+00,0.0000000000e+00,0.0000000000e+00,0.0000000000e+00,0.0000000000e+00,0.0000000000e+00,0.0000000000e+00,0.0000000000e+00,0.0000000000e+00,0.0000000000e+00
13449,2024-09-30 21:15:00,0.052554,2.810051,1.987354,-0.001 1 + 1.011 omega + -0.037 omega^2,0.000,0.0000000000e+00,0.0000000000e+00,0.0000000000e+00,0.0000000000e+00,0.0000000000e+00,0.0000000000e+00,0.0000000000e+00,0.0000000000e+00,0.0000000000e+00,0.0000000000e+00
13450,2024-09-30 21:20:00,0.143979,20.132545,14.236223,0.999 omega + -0.010 omega^2,0.000,0.0000000000e+00,0.0000000000e+00,0.0000000000e+00,0.0000000000e+00,0.0000000000e+00,0.0000000000e+00,0.0000000000e+00,0.0000000000e+00,0.0000000000e+00,0.0000000000e+00
13451,2024-09-30 21:25:00,0.141857,14.102751,9.972656,1.000 omega + -0.018 omega^2,0.000,0.0000000000e+00,0.0000000000e+00,0.0000000000e+00,0.0000000000e+00,0.0000000000e+00,0.0000000000e+00,0.0000000000e+00,0.0000000000e+00,0.0000000000e+00,0.0000000000e+00
13452,2024-09-30 21:30:00,0.074883,8.265158,5.844589,0.998 omega + -0.002 theta omega + -0.007 theta omega^2,0.000,0.0000000000e+00,0.0000000000e+00,0.0000000000e+00,0.0000000000e+00,0.0000000000e+00,0.0000000000e+00,0.0000000000e+00,0.0000000000e+00,0.0000000000e+00,0.0000000000e+00
13453,2024-09-30 21:35:00,0.158089,19.058779,13.477056,0.997 omega,0.000,0.0000000000e+00,0.0000000000e+00,0.0000000000e+00,0.0000000000e+00,0.0000000000e+00,0.0000000000e+00,0.0000000000e+00,0.0000000000e+00,0.0000000000e+00,0.0000000000e+00
13454,2024-09-30 21:40:00,0.058396,9.177167,6.489368,1.019 omega + -0.001 theta omega + -0.104 omega^2 + 0.007 theta omega^2,0.000,0.0000000000e+00,0.0000000000e+00,0.0000000000e+00,0.0000000000e+00,0.0000000000e+00,0.0000000000e+00,0.0000000000e+00,0.0000000000e+00,0.0000000000e+00,0.0000000000e+00
13455,2024-09-30 21:45:00,0.053192,1.830169,1.294672,1.000 omega + 0.005 theta omega + -0.001 theta^2 omega,0.000,0.0000000000e+00,0.0000000000e+00,0.0000000000e+00,0.0000000000e+00,0.0000000000e+00,0.0000000000e+00,0.0000000000e+00,0.0000000000e+00,0.0000000000e+00,0.0000000000e+00
13456,2024-09-30 21:50:00,0.064082,8.047242,5.690440,1.000 omega + -0.041 omega^2 + -0.004 theta omega^2,0.000,0.0000000000e+00,0.0000000000e+00,0.0000000000e+00,0.0000000000e+00,0.0000000000e+00,0.0000000000e+00,0.0000000000e+00,0.0000000000e+00,0.0000000000e+00,0.0000000000e+00
13457,2024-09-30 21:55:00,0.096305,4.733713,3.347933,1.002 omega + -0.027 omega^2,0.000,0.0000000000e+00,0.0000000000e+00,0.0000000000e+00,0.0000000000e+00,0.0000000000e+00,0.0000000000e+00,0.0000000000e+00,0.0000000000e+00,0.0000000000e+00,0.0000000000e+00
13458,2024-09-30 22:00:00,0.017572,0.717814,0.507723,0.977 omega + -0.001 theta omega + -0.128 omega^2 + -0.005 theta omega^2,0.000,0.0000000000e+00,0.0000000000e+00,0.0000000000e+00,0.0000000000e+00,0.0000000000e+00,0.0000000000e+00,0.0000000000e+00,0.0000000000e+00,0.0000000000e+00,0.0000000000e+00
13459,2024-09-30 22:05:00,0.187580,29.791694,21.066327,0.998 omega + 0.009 omega^2,0.000,0.0000000000e+00,0.0000000000e+00,0.0000000000e+00,0.0000000000e+00,0.0000000000e+00,0.0000000000e+00,0.0000000000e+00,0.0000000000e+00,0.0000000000e+00,0.0000000000e+00
13460,2024-09-30 22:10:00,0.068878,5.216521,3.688959,0.989 omega + 0.126 omega^2 + -0.003 theta omega^2,0.000,0.0000000000e+00,0.0000000000e+00,0.0000000000e+00,0.0000000000e+00,0.0000000000e+00,0.0000000000e+00,0.0000000000e+00,0.0000000000e+00,0.0000000000e+00,0.0000000000e+00
13461,2024-09-30 22:15:00,0.154716,19.118630,13.519356,1.002 omega + 0.040 omega^2 + -0.284 omega^3,0.000,0.0000000000e+00,0.0000000000e+00,0.0000000000e+00,0.0000000000e+00,0.0000000000e+00,0.0000000000e+00,0.0000000000e+00,0.0000000000e+00,0.0000000000e+00,0.0000000000e+00
13462,2024-09-30 22:20:00,0.108897,13.977766,9.884073,0.997 omega + -0.004 theta omega^2 + 0.322 omega^3,0.000,0.0000000000e+00,0.0000000000e+00,0.0000000000e+00,0.0000000000e+00,0.0000000000e+00,0.0000000000e+00,0.0000000000e+00,0.0000000000e+00,0.0000000000e+00,0.0000000000e+00
13463,2024-09-30 22:25:00,0.099621,11.710483,8.280861,-0.001 1 + 1.008 omega + 0.007 omega^2 + -0.001 theta omega^2,0.000,0.0000000000e+00,0.0000000000e+00,0.0000000000e+00,0.0000000000e+00,0.0000000000e+00,0.0000000000e+00,0.0000000000e+00,0.0000000000e+00,0.0000000000e+00,0.0000000000e+00
13464,2024-09-30 22:30:00,0.276316,39.799553,28.143212,1.002 omega + -0.052 omega^2 + -0.289 omega^3,0.000,0.0000000000e+00,0.0000000000e+00,0.0000000000e+00,0.0000000000e+00,0.0000000000e+00,0.0000000000e+00,0.0000000000e+00,0.0000000000e+00,0.0000000000e+00,0.0000000000e+00
13465,2024-09-30 22:35:00,0.159944,25.663027,18.146853,1.000 omega + -0.013 theta omega^2,0.000,0.0000000000e+00,0.0000000000e+00,0.0000000000e+00,0.0000000000e+00,0.0000000000e+00,0.0000000000e+00,0.0000000000e+00,0.0000000000e+00,0.0000000000e+00,0.0000000000e+00
13466,2024-09-30 22:40:00,0.128950,6.643891,4.698825,1.001 omega,0.000,0.0000000000e+00,0.0000000000e+00,0.0000000000e+00,0.0000000000e+00,0.0000000000e+00,0.0000000000e+00,0.0000000000e+00,0.0000000000e+00,0.0000000000e+00,0.0000000000e+00
13467,2024-09-30 22:45:00,0.055536,5.438396,3.845727,0.989 omega + 0.001 theta omega + 0.010 omega^2,-0.011 theta omega^2,0.0000000000e+00,0.0000000000e+00,0.0000000000e+00,0.0000000000e+00,0.0000000000e+00,0.0000000000e+00,0.0000000000e+00,0.0000000000e+00,-1.1175050569e-02,0.0000000000e+00
13468,2024-09-30 22:50:00,0.094902,12.569699,8.888373,0.996 omega + 0.126 omega^2 + -0.011 theta omega^2,0.000,0.0000000000e+00,0.0000000000e+00,0.0000000000e+00,0.0000000000e+00,0.0000000000e+00,0.0000000000e+00,0.0000000000e+00,0.0000000000e+00,0.0000000000e+00,0.0000000000e+00
13469,2024-09-30 22:55:00,0.122684,4.905697,3.469936,1.001 omega,0.000,0.0000000000e+00,0.0000000000e+00,0.0000000000e+00,0.0000000000e+00,0.0000000000e+00,0.0000000000e+00,0.0000000000e+00,0.0000000000e+00,0.0000000000e+00,0.0000000000e+00
13470,2024-09-30 23:00:00,0.079317,8.658748,6.122916,1.000 omega,0.000,0.0000000000e+00,0.0000000000e+00,0.0000000000e+00,0.0000000000e+00,0.0000000000e+00,0.0000000000e+00,0.0000000000e+00,0.0000000000e+00,0.0000000000e+00,0.0000000000e+00
13471,2024-09-30 23:05:00,0.082313,11.780219,8.330076,0.001 1 + 1.009 omega + 0.041 omega^2 + 0.030 omega^3,0.000,0.0000000000e+00,0.0000000000e+00,0.0000000000e+00,0.0000000000e+00,0.0000000000e+00,0.0000000000e+00,0.0000000000e+00,0.0000000000e+00,0.0000000000e+00,0.0000000000e+00
13472,2024-09-30 23:10:00,0.018071,2.139717,1.513063,0.006 1 + 1.067 omega + 0.177 omega^2 + -0.002 theta omega^2,0.000,0.0000000000e+00,0.0000000000e+00,0.0000000000e+00,0.0000000000e+00,0.0000000000e+00,0.0000000000e+00,0.0000000000e+00,0.0000000000e+00,0.0000000000e+00,0.0000000000e+00
13473,2024-09-30 23:15:00,0.198066,26.392239,18.662657,0.994 omega + 0.050 omega^2 + 0.448 omega^3,0.000,0.0000000000e+00,0.0000000000e+00,0.0000000000e+00,0.0000000000e+00,0.0000000000e+00,0.0000000000e+00,0.0000000000e+00,0.0000000000e+00,0.0000000000e+00,0.0000000000e+00
13474,2024-09-30 23:20:00,0.162371,11.206799,7.925236,1.004 omega + -0.014 omega^2 + -0.152 omega^3,0.000,0.0000000000e+00,0.0000000000e+00,0.0000000000e+00,0.0000000000e+00,0.0000000000e+00,0.0000000000e+00,0.0000000000e+00,0.0000000000e+00,0.0000000000e+00,0.0000000000e+00
13475,2024-09-30 23:25:00,0.028457,2.893349,2.046006,-0.002 1 + 0.969 omega + -0.093 omega^2,0.000,0.0000000000e+00,0.0000000000e+00,0.0000000000e+00,0.0000000000e+00,0.0000000000e+00,0.0000000000e+00,0.0000000000e+00,0.0000000000e+00,0.0000000000e+00,0.0000000000e+00
13476,2024-09-30 23:30:00,0.107750,11.888326,8.406661,1.007 omega + 0.040 omega^2,0.000,0.0000000000e+00,0.0000000000e+00,0.0000000000e+00,0.0000000000e+00,0.0000000000e+00,0.0000000000e+00,0.0000000000e+00,0.0000000000e+00,0.0000000000e+00,0.0000000000e+00
13477,2024-09-30 23:35:00,0.112967,13.989706,9.892538,0.995 omega + 0.002 theta omega + -0.012 theta omega^2,0.000,0.0000000000e+00,0.0000000000e+00,0.0000000000e+00,0.0000000000e+00,0.0000000000e+00,0.0000000000e+00,0.0000000000e+00,0.0000000000e+00,0.0000000000e+00,0.0000000000e+00
13478,2024-09-30 23:40:00,0.109350,11.620942,8.217611,1.005 omega,0.000,0.0000000000e+00,0.0000000000e+00,0.0000000000e+00,0.0000000000e+00,0.0000000000e+00,0.0000000000e+00,0.0000000000e+00,0.0000000000e+00,0.0000000000e+00,0.0000000000e+00
13479,2024-09-30 23:45:00,0.159078,19.869533,14.050332,1.001 omega + -0.017 omega^2,0.000,0.0000000000e+00,0.0000000000e+00,0.0000000000e+00,0.0000000000e+00,0.0000000000e+00,0.0000000000e+00,0.0000000000e+00,0.0000000000e+00,0.0000000000e+00,0.0000000000e+00
13480,2024-09-30 23:50:00,0.063162,6.852559,4.845697,1.011 omega + -0.004 theta omega + 0.002 theta omega^2,0.000,0.0000000000e+00,0.0000000000e+00,0.0000000000e+00,0.0000000000e+00,0.0000000000e+00,0.0000000000e+00,0.0000000000e+00,0.0000000000e+00,0.0000000000e+00,0.0000000000e+00
13481,2024-09-30 23:55:00,0.074267,8.552466,6.047735,1.024 omega + -0.151 omega^2 + -0.001 theta omega^2,0.000,0.0000000000e+00,0.0000000000e+00,0.0000000000e+00,0.0000000000e+00,0.0000000000e+00,0.0000000000e+00,0.0000000000e+00,0.0000000000e+00,0.0000000000e+00,0.0000000000e+00
13482,2024-10-01 00:00:00,0.054906,8.524383,6.027774,-0.009 1 + 1.221 omega + -1.595 omega^2 + 3.617 omega^3,0.000,0.0000000000e+00,0.0000000000e+00,0.0000000000e+00,0.0000000000e+00,0.0000000000e+00,0.0000000000e+00,0.0000000000e+00,0.0000000000e+00,0.0000000000e+00,0.0000000000e+00
13483,2024-10-01 00:05:00,0.051309,6.021211,4.257793,1.008 omega + 0.006 omega^2 + -0.002 theta omega^2,0.000,0.0000000000e+00,0.0000000000e+00,0.0000000000e+00,0.0000000000e+00,0.0000000000e+00,0.0000000000e+00,0.0000000000e+00,0.0000000000e+00,0.0000000000e+00,0.0000000000e+00
13484,2024-10-01 00:10:00,0.186992,14.256197,10.081521,1.006 omega + -0.023 omega^2 + -0.233 omega^3,0.000,0.0000000000e+00,0.0000000000e+00,0.0000000000e+00,0.0000000000e+00,0.0000000000e+00,0.0000000000e+00,0.0000000000e+00,0.0000000000e+00,0.0000000000e+00,0.0000000000e+00
13485,2024-10-01 00:15:00,0.077496,6.886038,4.869472,0.994 omega + 0.004 omega^2 + 0.152 omega^3,0.000,0.0000000000e+00,0.0000000000e+00,0.0000000000e+00,0.0000000000e+00,0.0000000000e+00,0.0000000000e+00,0.0000000000e+00,0.0000000000e+00,0.0000000000e+00,0.0000000000e+00
13486,2024-10-01 00:20:00,0.068754,7.602763,5.376185,1.015 omega + -0.002 theta omega + -0.018 omega^2,0.000,0.0000000000e+00,0.0000000000e+00,0.0000000000e+00,0.0000000000e+00,0.0000000000e+00,0.0000000000e+00,0.0000000000e+00,0.0000000000e+00,0.0000000000e+00,0.0000000000e+00
13487,2024-10-01 00:25:00,0.090029,13.558349,9.587412,1.003 omega + 0.030 omega^2,0.000,0.0000000000e+00,0.0000000000e+00,0.0000000000e+00,0.0000000000e+00,0.0000000000e+00,0.0000000000e+00,0.0000000000e+00,0.0000000000e+00,0.0000000000e+00,0.0000000000e+00
13488,2024-10-01 00:30:00,0.145053,16.482064,11.655031,1.001 omega + 0.019 omega^2 + -0.011 theta omega^2,0.000,0.0000000000e+00,0.0000000000e+00,0.0000000000e+00,0.0000000000e+00,0.0000000000e+00,0.0000000000e+00,0.0000000000e+00,0.0000000000e+00,0.0000000000e+00,0.0000000000e+00
13489,2024-10-01 00:35:00,0.075267,4.433183,3.135186,0.979 omega + 0.002 theta omega + 0.377 omega^2 + -0.046 theta omega^2,0.000,0.0000000000e+00,0.0000000000e+00,0.0000000000e+00,0.0000000000e+00,0.0000000000e+00,0.0000000000e+00,0.0000000000e+00,0.0000000000e+00,0.0000000000e+00,0.0000000000e+00
13490,2024-10-01 00:40:00,0.077682,3.748573,2.651210,0.998 omega + -0.001 theta omega + 0.006 omega^2,0.000,0.0000000000e+00,0.0000000000e+00,0.0000000000e+00,0.0000000000e+00,0.0000000000e+00,0.0000000000e+00,0.0000000000e+00,0.0000000000e+00,0.0000000000e+00,0.0000000000e+00
13491,2024-10-01 00:45:00,0.100008,8.049236,5.692109,1.005 omega + 0.001 omega^2 + -0.002 theta omega^2,0.000,0.0000000000e+00,0.0000000000e+00,0.0000000000e+00,0.0000000000e+00,0.0000000000e+00,0.0000000000e+00,0.0000000000e+00,0.0000000000e+00,0.0000000000e+00,0.0000000000e+00
13492,2024-10-01 00:50:00,0.196811,20.471623,14.476292,1.001 omega + -0.019 omega^2 + -0.158 omega^3,0.000,0.0000000000e+00,0.0000000000e+00,0.0000000000e+00,0.0000000000e+00,0.0000000000e+00,0.0000000000e+00,0.0000000000e+00,0.0000000000e+00,0.0000000000e+00,0.0000000000e+00
13493,2024-10-01 00:55:00,0.053369,5.140941,3.635390,1.015 omega + -0.051 omega^2 + -0.002 theta omega^2,0.000,0.0000000000e+00,0.0000000000e+00,0.0000000000e+00,0.0000000000e+00,0.0000000000e+00,0.0000000000e+00,0.0000000000e+00,0.0000000000e+00,0.0000000000e+00,0.0000000000e+00
13494,2024-10-01 01:00:00,0.075354,11.464002,8.106449,1.001 omega + 0.047 omega^2 + 0.228 omega^3,0.000,0.0000000000e+00,0.0000000000e+00,0.0000000000e+00,0.0000000000e+00,0.0000000000e+00,0.0000000000e+00,0.0000000000e+00,0.0000000000e+00,0.0000000000e+00,0.0000000000e+00
13495,2024-10-01 01:05:00,0.067629,10.032325,7.094086,0.001 1 + 0.986 omega + 0.218 omega^2 + -0.001 theta omega^2 + -0.685 omega^3,0.000,0.0000000000e+00,0.0000000000e+00,0.0000000000e+00,0.0000000000e+00,0.0000000000e+00,0.0000000000e+00,0.0000000000e+00,0.0000000000e+00,0.0000000000e+00,0.0000000000e+00
13496,2024-10-01 01:10:00,0.118744,13.258073,9.375249,0.998 omega,0.000,0.0000000000e+00,0.0000000000e+00,0.0000000000e+00,0.0000000000e+00,0.0000000000e+00,0.0000000000e+00,0.0000000000e+00,0.0000000000e+00,0.0000000000e+00,0.0000000000e+00
13497,2024-10-01 01:15:00,0.097284,8.074039,5.709622,1.001 omega + -0.003 theta omega^2,0.000,0.0000000000e+00,0.0000000000e+00,0.0000000000e+00,0.0000000000e+00,0.0000000000e+00,0.0000000000e+00,0.0000000000e+00,0.0000000000e+00,0.0000000000e+00,0.0000000000e+00
13498,2024-10-01 01:20:00,0.065852,9.314232,6.586322,1.007 omega + -0.003 theta omega^2 + -0.089 omega^3,0.000,0.0000000000e+00,0.0000000000e+00,0.0000000000e+00,0.0000000000e+00,0.0000000000e+00,0.0000000000e+00,0.0000000000e+00,0.0000000000e+00,0.0000000000e+00,0.0000000000e+00
13499,2024-10-01 01:25:00,0.093193,4.644058,3.284506,0.999 omega + 0.003 omega^2,0.000,0.0000000000e+00,0.0000000000e+00,0.0000000000e+00,0.0000000000e+00,0.0000000000e+00,0.0000000000e+00,0.0000000000e+00,0.0000000000e+00,0.0000000000e+00,0.0000000000e+00
