Chunk_Index,Chunk_Start_Time,Sim_RMSE_Omega,Sim_RMSE_Theta,Sim_RMSE_Total,Eq_Theta,Eq_Omega,Coeff_Const,Coeff_Theta,Coeff_Omega,Coeff_Theta2,Coeff_ThetaOmega,Coeff_Omega2,Coeff_Theta3,Coeff_Theta2Omega,Coeff_ThetaOmega2,Coeff_Omega3
68000,2025-04-18 01:00:00,0.153942,13.966971,9.876740,0.991 omega + -0.033 omega^2,0.000,0.0000000000e+00,0.0000000000e+00,0.0000000000e+00,0.0000000000e+00,0.0000000000e+00,0.0000000000e+00,0.0000000000e+00,0.0000000000e+00,0.0000000000e+00,0.0000000000e+00
68001,2025-04-18 01:05:00,0.162230,19.442612,13.748481,0.997 omega + 0.002 omega^2 + 0.094 omega^3,0.000,0.0000000000e+00,0.0000000000e+00,0.0000000000e+00,0.0000000000e+00,0.0000000000e+00,0.0000000000e+00,0.0000000000e+00,0.0000000000e+00,0.0000000000e+00,0.0000000000e+00
68002,2025-04-18 01:10:00,0.106473,12.564659,8.884874,1.006 omega + 0.029 omega^2,0.000,0.0000000000e+00,0.0000000000e+00,0.0000000000e+00,0.0000000000e+00,0.0000000000e+00,0.0000000000e+00,0.0000000000e+00,0.0000000000e+00,0.0000000000e+00,0.0000000000e+00
68003,2025-04-18 01:15:00,0.043421,5.816289,4.112852,0.002 1 + 1.018 omega + 0.040 omega^2,0.000,0.0000000000e+00,0.0000000000e+00,0.0000000000e+00,0.0000000000e+00,0.0000000000e+00,0.0000000000e+00,0.0000000000e+00,0.0000000000e+00,0.0000000000e+00,0.0000000000e+00
68004,2025-04-18 01:20:00,0.159388,10.851873,7.674260,1.002 omega,0.000,0.0000000000e+00,0.0000000000e+00,0.0000000000e+00,0.0000000000e+00,0.0000000000e+00,0.0000000000e+00,0.0000000000e+00,0.0000000000e+00,0.0000000000e+00,0.0000000000e+00
68005,2025-04-18 01:25:00,0.156884,19.981574,14.129542,0.996 omega + 0.001 theta omega + 0.017 omega^2,0.000,0.0000000000e+00,0.0000000000e+00,0.0000000000e+00,0.0000000000e+00,0.0000000000e+00,0.0000000000e+00,0.0000000000e+00,0.0000000000e+00,0.0000000000e+00,0.0000000000e+00
68006,2025-04-18 01:30:00,0.057772,6.970934,4.929364,0.877 omega + 0.046 theta omega + 0.712 omega^2 + -0.004 theta^2 omega + -0.161 theta omega^2 + -0.901 omega^3,-0.017 omega,0.0000000000e+00,0.0000000000e+00,-1.7059194054e-02,0.0000000000e+00,0.0000000000e+00,0.0000000000e+00,0.0000000000e+00,0.0000000000e+00,0.0000000000e+00,0.0000000000e+00
68007,2025-04-18 01:35:00,0.119173,16.833973,11.903715,0.997 omega + -0.062 omega^2,0.000,0.0000000000e+00,0.0000000000e+00,0.0000000000e+00,0.0000000000e+00,0.0000000000e+00,0.0000000000e+00,0.0000000000e+00,0.0000000000e+00,0.0000000000e+00,0.0000000000e+00
68008,2025-04-18 01:40:00,0.071823,9.010659,6.371700,1.007 omega + -0.004 omega^2 + -0.002 theta omega^2,0.000,0.0000000000e+00,0.0000000000e+00,0.0000000000e+00,0.0000000000e+00,0.0000000000e+00,0.0000000000e+00,0.0000000000e+00,0.0000000000e+00,0.0000000000e+00,0.0000000000e+00
68009,2025-04-18 01:45:00,0.074387,12.688673,8.972401,1.024 omega + 0.003 theta omega + 0.142 omega^2 + 0.008 theta omega^2,0.000,0.0000000000e+00,0.0000000000e+00,0.0000000000e+00,0.0000000000e+00,0.0000000000e+00,0.0000000000e+00,0.0000000000e+00,0.0000000000e+00,0.0000000000e+00,0.0000000000e+00
68010,2025-04-18 01:50:00,0.055013,3.315138,2.344480,1.002 omega + 0.003 theta omega + -0.062 omega^2,0.000,0.0000000000e+00,0.0000000000e+00,0.0000000000e+00,0.0000000000e+00,0.0000000000e+00,0.0000000000e+00,0.0000000000e+00,0.0000000000e+00,0.0000000000e+00,0.0000000000e+00
68011,2025-04-18 01:55:00,0.062379,4.572931,3.233851,1.003 omega + -0.003 theta omega + -0.081 theta omega^2,0.000,0.0000000000e+00,0.0000000000e+00,0.0000000000e+00,0.0000000000e+00,0.0000000000e+00,0.0000000000e+00,0.0000000000e+00,0.0000000000e+00,0.0000000000e+00,0.0000000000e+00
68012,2025-04-18 02:00:00,0.196807,23.814516,16.839981,1.001 omega + -0.022 omega^2,0.000,0.0000000000e+00,0.0000000000e+00,0.0000000000e+00,0.0000000000e+00,0.0000000000e+00,0.0000000000e+00,0.0000000000e+00,0.0000000000e+00,0.0000000000e+00,0.0000000000e+00
68013,2025-04-18 02:05:00,0.202740,24.526807,17.343664,0.998 omega + 0.004 omega^2,0.000,0.0000000000e+00,0.0000000000e+00,0.0000000000e+00,0.0000000000e+00,0.0000000000e+00,0.0000000000e+00,0.0000000000e+00,0.0000000000e+00,0.0000000000e+00,0.0000000000e+00
68014,2025-04-18 02:10:00,0.071056,8.731963,6.174635,1.005 omega + -0.040 omega^2 + -0.014 theta omega^2,0.000,0.0000000000e+00,0.0000000000e+00,0.0000000000e+00,0.0000000000e+00,0.0000000000e+00,0.0000000000e+00,0.0000000000e+00,0.0000000000e+00,0.0000000000e+00,0.0000000000e+00
68015,2025-04-18 02:15:00,0.254580,41.404719,29.278111,0.996 omega + -0.079 omega^2 + -0.288 omega^3,0.000,0.0000000000e+00,0.0000000000e+00,0.0000000000e+00,0.0000000000e+00,0.0000000000e+00,0.0000000000e+00,0.0000000000e+00,0.0000000000e+00,0.0000000000e+00,0.0000000000e+00
68016,2025-04-18 02:20:00,0.103554,9.349377,6.611413,0.980 omega + -0.014 theta omega + -0.338 omega^2 + -0.003 theta^2 omega + -0.329 theta omega^2,0.000,0.0000000000e+00,0.0000000000e+00,0.0000000000e+00,0.0000000000e+00,0.0000000000e+00,0.0000000000e+00,0.0000000000e+00,0.0000000000e+00,0.0000000000e+00,0.0000000000e+00
68017,2025-04-18 02:25:00,0.134563,21.053279,14.887220,1.007 omega + -0.090 omega^2 + 0.258 omega^3,0.000,0.0000000000e+00,0.0000000000e+00,0.0000000000e+00,0.0000000000e+00,0.0000000000e+00,0.0000000000e+00,0.0000000000e+00,0.0000000000e+00,0.0000000000e+00,0.0000000000e+00
68018,2025-04-18 02:30:00,0.057675,6.085782,4.303491,1.015 omega + -0.063 omega^2 + -0.001 theta omega^2,0.000,0.0000000000e+00,0.0000000000e+00,0.0000000000e+00,0.0000000000e+00,0.0000000000e+00,0.0000000000e+00,0.0000000000e+00,0.0000000000e+00,0.0000000000e+00,0.0000000000e+00
68019,2025-04-18 02:35:00,0.149634,20.760344,14.680161,1.000 omega + -0.008 omega^2 + -0.058 omega^3,-0.036 omega^2 + -0.013 theta omega^2,0.0000000000e+00,0.0000000000e+00,0.0000000000e+00,0.0000000000e+00,0.0000000000e+00,-3.6262537776e-02,0.0000000000e+00,0.0000000000e+00,-1.2619818711e-02,0.0000000000e+00
68020,2025-04-18 02:40:00,0.060808,7.323294,5.178530,-0.001 1 + 1.013 omega + -0.036 omega^2 + -0.001 theta omega^2,0.000,0.0000000000e+00,0.0000000000e+00,0.0000000000e+00,0.0000000000e+00,0.0000000000e+00,0.0000000000e+00,0.0000000000e+00,0.0000000000e+00,0.0000000000e+00,0.0000000000e+00
68021,2025-04-18 02:45:00,0.137181,20.375269,14.407817,1.002 omega + -0.018 omega^2 + 0.004 omega^3,0.000,0.0000000000e+00,0.0000000000e+00,0.0000000000e+00,0.0000000000e+00,0.0000000000e+00,0.0000000000e+00,0.0000000000e+00,0.0000000000e+00,0.0000000000e+00,0.0000000000e+00
68022,2025-04-18 02:50:00,0.116286,19.473799,13.770301,-0.015 1 + 1.310 omega + -0.001 theta omega + -2.018 omega^2 + 0.006 theta omega^2 + 3.942 omega^3,0.000,0.0000000000e+00,0.0000000000e+00,0.0000000000e+00,0.0000000000e+00,0.0000000000e+00,0.0000000000e+00,0.0000000000e+00,0.0000000000e+00,0.0000000000e+00,0.0000000000e+00
68023,2025-04-18 02:55:00,0.051668,3.472880,2.455969,0.999 omega + 0.007 theta omega + -0.002 theta^2 omega,0.000,0.0000000000e+00,0.0000000000e+00,0.0000000000e+00,0.0000000000e+00,0.0000000000e+00,0.0000000000e+00,0.0000000000e+00,0.0000000000e+00,0.0000000000e+00,0.0000000000e+00
68024,2025-04-18 03:00:00,0.106589,6.673984,4.719821,0.996 omega + -0.011 omega^2 + 0.016 omega^3,0.000,0.0000000000e+00,0.0000000000e+00,0.0000000000e+00,0.0000000000e+00,0.0000000000e+00,0.0000000000e+00,0.0000000000e+00,0.0000000000e+00,0.0000000000e+00,0.0000000000e+00
68025,2025-04-18 03:05:00,0.120821,19.416348,13.729697,-0.005 1 + -0.001 theta + 0.938 omega + -0.012 theta omega + -0.007 omega^2 + -0.037 theta omega^2 + 0.902 omega^3,0.000,0.0000000000e+00,0.0000000000e+00,0.0000000000e+00,0.0000000000e+00,0.0000000000e+00,0.0000000000e+00,0.0000000000e+00,0.0000000000e+00,0.0000000000e+00,0.0000000000e+00
68026,2025-04-18 03:10:00,0.083538,6.443719,4.556781,1.003 omega + 0.023 omega^2,0.000,0.0000000000e+00,0.0000000000e+00,0.0000000000e+00,0.0000000000e+00,0.0000000000e+00,0.0000000000e+00,0.0000000000e+00,0.0000000000e+00,0.0000000000e+00,0.0000000000e+00
68027,2025-04-18 03:15:00,0.205399,32.216647,22.781072,0.999 omega + -0.009 omega^2 + -0.033 omega^3,0.000,0.0000000000e+00,0.0000000000e+00,0.0000000000e+00,0.0000000000e+00,0.0000000000e+00,0.0000000000e+00,0.0000000000e+00,0.0000000000e+00,0.0000000000e+00,0.0000000000e+00
68028,2025-04-18 03:20:00,0.045355,3.938572,2.785176,-0.003 1 + 1.042 omega + -0.100 omega^2 + -0.001 theta omega^2,0.000,0.0000000000e+00,0.0000000000e+00,0.0000000000e+00,0.0000000000e+00,0.0000000000e+00,0.0000000000e+00,0.0000000000e+00,0.0000000000e+00,0.0000000000e+00,0.0000000000e+00
68029,2025-04-18 03:25:00,0.060827,7.853187,5.553209,1.004 omega + -0.017 omega^2,0.000,0.0000000000e+00,0.0000000000e+00,0.0000000000e+00,0.0000000000e+00,0.0000000000e+00,0.0000000000e+00,0.0000000000e+00,0.0000000000e+00,0.0000000000e+00,0.0000000000e+00
68030,2025-04-18 03:30:00,0.142372,17.019607,12.035100,0.995 omega + 0.015 omega^2,0.000,0.0000000000e+00,0.0000000000e+00,0.0000000000e+00,0.0000000000e+00,0.0000000000e+00,0.0000000000e+00,0.0000000000e+00,0.0000000000e+00,0.0000000000e+00,0.0000000000e+00
68031,2025-04-18 03:35:00,0.079054,3.240360,2.291963,1.011 omega + -0.005 theta omega + 0.005 omega^2,0.000,0.0000000000e+00,0.0000000000e+00,0.0000000000e+00,0.0000000000e+00,0.0000000000e+00,0.0000000000e+00,0.0000000000e+00,0.0000000000e+00,0.0000000000e+00,0.0000000000e+00
68032,2025-04-18 03:40:00,0.195818,22.528449,15.930621,1.002 omega + -0.030 omega^2,0.000,0.0000000000e+00,0.0000000000e+00,0.0000000000e+00,0.0000000000e+00,0.0000000000e+00,0.0000000000e+00,0.0000000000e+00,0.0000000000e+00,0.0000000000e+00,0.0000000000e+00
68033,2025-04-18 03:45:00,0.062908,6.115578,4.324596,0.988 omega + -0.004 theta omega + 0.013 omega^2,-0.045 theta omega^2,0.0000000000e+00,0.0000000000e+00,0.0000000000e+00,0.0000000000e+00,0.0000000000e+00,0.0000000000e+00,0.0000000000e+00,0.0000000000e+00,-4.5224414130e-02,0.0000000000e+00
68034,2025-04-18 03:50:00,0.063353,8.409606,5.946658,0.003 1 + 1.051 omega + 0.188 omega^2 + -0.001 theta omega^2,0.000,0.0000000000e+00,0.0000000000e+00,0.0000000000e+00,0.0000000000e+00,0.0000000000e+00,0.0000000000e+00,0.0000000000e+00,0.0000000000e+00,0.0000000000e+00,0.0000000000e+00
68035,2025-04-18 03:55:00,0.141688,18.815226,13.304751,0.997 omega + 0.047 omega^3,-0.049 omega^2 + -0.017 theta omega^2,0.0000000000e+00,0.0000000000e+00,0.0000000000e+00,0.0000000000e+00,0.0000000000e+00,-4.9468223686e-02,0.0000000000e+00,0.0000000000e+00,-1.6967233123e-02,0.0000000000e+00
68036,2025-04-18 04:00:00,0.081713,5.998644,4.242075,1.000 omega + 0.003 omega^2,0.000,0.0000000000e+00,0.0000000000e+00,0.0000000000e+00,0.0000000000e+00,0.0000000000e+00,0.0000000000e+00,0.0000000000e+00,0.0000000000e+00,0.0000000000e+00,0.0000000000e+00
68037,2025-04-18 04:05:00,0.046385,2.020728,1.429247,1.011 omega + 0.002 theta omega,0.000,0.0000000000e+00,0.0000000000e+00,0.0000000000e+00,0.0000000000e+00,0.0000000000e+00,0.0000000000e+00,0.0000000000e+00,0.0000000000e+00,0.0000000000e+00,0.0000000000e+00
68038,2025-04-18 04:10:00,0.299771,40.485173,28.628125,0.997 omega + -0.038 omega^2 + -0.006 theta omega^2 + 0.166 omega^3,0.000,0.0000000000e+00,0.0000000000e+00,0.0000000000e+00,0.0000000000e+00,0.0000000000e+00,0.0000000000e+00,0.0000000000e+00,0.0000000000e+00,0.0000000000e+00,0.0000000000e+00
68039,2025-04-18 04:15:00,0.210247,28.749568,20.329558,0.995 omega + 0.013 omega^2 + 0.160 omega^3,0.000,0.0000000000e+00,0.0000000000e+00,0.0000000000e+00,0.0000000000e+00,0.0000000000e+00,0.0000000000e+00,0.0000000000e+00,0.0000000000e+00,0.0000000000e+00,0.0000000000e+00
68040,2025-04-18 04:20:00,0.222300,33.840057,23.929050,1.002 omega + -0.111 omega^2 + -0.742 omega^3,0.000,0.0000000000e+00,0.0000000000e+00,0.0000000000e+00,0.0000000000e+00,0.0000000000e+00,0.0000000000e+00,0.0000000000e+00,0.0000000000e+00,0.0000000000e+00,0.0000000000e+00
68041,2025-04-18 04:25:00,0.124298,15.161905,10.721446,0.999 omega + 0.118 omega^2 + -0.122 theta omega^2 + 0.056 omega^3,0.000,0.0000000000e+00,0.0000000000e+00,0.0000000000e+00,0.0000000000e+00,0.0000000000e+00,0.0000000000e+00,0.0000000000e+00,0.0000000000e+00,0.0000000000e+00,0.0000000000e+00
68042,2025-04-18 04:30:00,0.039983,5.674649,4.012683,0.994 omega + -0.019 omega^2,0.000,0.0000000000e+00,0.0000000000e+00,0.0000000000e+00,0.0000000000e+00,0.0000000000e+00,0.0000000000e+00,0.0000000000e+00,0.0000000000e+00,0.0000000000e+00,0.0000000000e+00
68043,2025-04-18 04:35:00,0.153613,12.369926,8.747533,0.999 omega + 0.002 omega^2,0.000,0.0000000000e+00,0.0000000000e+00,0.0000000000e+00,0.0000000000e+00,0.0000000000e+00,0.0000000000e+00,0.0000000000e+00,0.0000000000e+00,0.0000000000e+00,0.0000000000e+00
68044,2025-04-18 04:40:00,0.047279,1.161188,0.821764,0.996 omega + 0.004 theta^2 omega,0.000,0.0000000000e+00,0.0000000000e+00,0.0000000000e+00,0.0000000000e+00,0.0000000000e+00,0.0000000000e+00,0.0000000000e+00,0.0000000000e+00,0.0000000000e+00,0.0000000000e+00
68045,2025-04-18 04:45:00,0.263518,41.524897,29.363128,1.000 omega + -0.005 omega^2 + -0.030 omega^3,0.000,0.0000000000e+00,0.0000000000e+00,0.0000000000e+00,0.0000000000e+00,0.0000000000e+00,0.0000000000e+00,0.0000000000e+00,0.0000000000e+00,0.0000000000e+00,0.0000000000e+00
68046,2025-04-18 04:50:00,0.088222,9.024274,6.381431,1.007 omega + -0.008 theta omega + 0.008 omega^2 + 0.001 theta^2 omega,0.000,0.0000000000e+00,0.0000000000e+00,0.0000000000e+00,0.0000000000e+00,0.0000000000e+00,0.0000000000e+00,0.0000000000e+00,0.0000000000e+00,0.0000000000e+00,0.0000000000e+00
68047,2025-04-18 04:55:00,0.131470,16.985435,12.010876,1.000 omega + -0.042 omega^2 + -0.003 theta omega^2,0.000,0.0000000000e+00,0.0000000000e+00,0.0000000000e+00,0.0000000000e+00,0.0000000000e+00,0.0000000000e+00,0.0000000000e+00,0.0000000000e+00,0.0000000000e+00,0.0000000000e+00
68048,2025-04-18 05:00:00,0.082833,6.898420,4.878271,1.001 omega + -0.017 omega^2 + -0.001 theta omega^2 + 0.014 omega^3,0.000,0.0000000000e+00,0.0000000000e+00,0.0000000000e+00,0.0000000000e+00,0.0000000000e+00,0.0000000000e+00,0.0000000000e+00,0.0000000000e+00,0.0000000000e+00,0.0000000000e+00
68049,2025-04-18 05:05:00,0.038410,2.904544,2.054002,0.995 omega + -0.014 omega^2,0.000,0.0000000000e+00,0.0000000000e+00,0.0000000000e+00,0.0000000000e+00,0.0000000000e+00,0.0000000000e+00,0.0000000000e+00,0.0000000000e+00,0.0000000000e+00,0.0000000000e+00
68050,2025-04-18 05:10:00,0.033979,2.484108,1.756694,0.990 omega + -0.078 omega^2,0.000,0.0000000000e+00,0.0000000000e+00,0.0000000000e+00,0.0000000000e+00,0.0000000000e+00,0.0000000000e+00,0.0000000000e+00,0.0000000000e+00,0.0000000000e+00,0.0000000000e+00
68051,2025-04-18 05:15:00,0.277766,35.047047,24.782783,1.002 omega + -0.039 omega^2 + -0.145 omega^3,0.000,0.0000000000e+00,0.0000000000e+00,0.0000000000e+00,0.0000000000e+00,0.0000000000e+00,0.0000000000e+00,0.0000000000e+00,0.0000000000e+00,0.0000000000e+00,0.0000000000e+00
68052,2025-04-18 05:20:00,0.134374,18.068393,12.776637,-0.002 1 + 0.943 omega + -0.346 omega^2 + -0.634 omega^3,0.000,0.0000000000e+00,0.0000000000e+00,0.0000000000e+00,0.0000000000e+00,0.0000000000e+00,0.0000000000e+00,0.0000000000e+00,0.0000000000e+00,0.0000000000e+00,0.0000000000e+00
68053,2025-04-18 05:25:00,0.180293,20.152962,14.250866,1.002 omega + 0.045 omega^2 + -0.196 omega^3,0.028 omega^2,0.0000000000e+00,0.0000000000e+00,0.0000000000e+00,0.0000000000e+00,0.0000000000e+00,2.8350405023e-02,0.0000000000e+00,0.0000000000e+00,0.0000000000e+00,0.0000000000e+00
68054,2025-04-18 05:30:00,0.174850,15.677468,11.086334,0.999 omega,0.000,0.0000000000e+00,0.0000000000e+00,0.0000000000e+00,0.0000000000e+00,0.0000000000e+00,0.0000000000e+00,0.0000000000e+00,0.0000000000e+00,0.0000000000e+00,0.0000000000e+00
68055,2025-04-18 05:35:00,0.111413,17.055770,12.060508,1.008 omega + 0.037 omega^2 + -0.137 omega^3,0.000,0.0000000000e+00,0.0000000000e+00,0.0000000000e+00,0.0000000000e+00,0.0000000000e+00,0.0000000000e+00,0.0000000000e+00,0.0000000000e+00,0.0000000000e+00,0.0000000000e+00
68056,2025-04-18 05:40:00,0.150830,20.510635,14.503601,0.993 omega + -0.001 theta omega + -0.093 omega^2 + -0.006 theta omega^2,0.000,0.0000000000e+00,0.0000000000e+00,0.0000000000e+00,0.0000000000e+00,0.0000000000e+00,0.0000000000e+00,0.0000000000e+00,0.0000000000e+00,0.0000000000e+00,0.0000000000e+00
68057,2025-04-18 05:45:00,0.093234,8.315154,5.880071,1.000 omega,0.000,0.0000000000e+00,0.0000000000e+00,0.0000000000e+00,0.0000000000e+00,0.0000000000e+00,0.0000000000e+00,0.0000000000e+00,0.0000000000e+00,0.0000000000e+00,0.0000000000e+00
68058,2025-04-18 05:50:00,0.079746,5.890327,4.165472,0.998 omega + 0.009 omega^2 + 0.045 omega^3,-0.184 theta omega^2,0.0000000000e+00,0.0000000000e+00,0.0000000000e+00,0.0000000000e+00,0.0000000000e+00,0.0000000000e+00,0.0000000000e+00,0.0000000000e+00,-1.8354486658e-01,0.0000000000e+00
68059,2025-04-18 05:55:00,0.059697,4.252225,3.007073,1.001 omega + 0.015 omega^2,0.000,0.0000000000e+00,0.0000000000e+00,0.0000000000e+00,0.0000000000e+00,0.0000000000e+00,0.0000000000e+00,0.0000000000e+00,0.0000000000e+00,0.0000000000e+00,0.0000000000e+00
68060,2025-04-18 06:00:00,0.192268,28.466092,20.129026,1.011 omega + 0.014 omega^2 + -0.042 theta omega^2 + -0.613 omega^3,0.000,0.0000000000e+00,0.0000000000e+00,0.0000000000e+00,0.0000000000e+00,0.0000000000e+00,0.0000000000e+00,0.0000000000e+00,0.0000000000e+00,0.0000000000e+00,0.0000000000e+00
68061,2025-04-18 06:05:00,0.074769,8.145057,5.759668,0.999 omega + -0.007 theta omega + -0.005 theta^2 omega,0.000,0.0000000000e+00,0.0000000000e+00,0.0000000000e+00,0.0000000000e+00,0.0000000000e+00,0.0000000000e+00,0.0000000000e+00,0.0000000000e+00,0.0000000000e+00,0.0000000000e+00
68062,2025-04-18 06:10:00,0.098588,12.251399,8.663328,1.013 omega + 0.073 omega^2 + -0.001 theta omega^2,0.000,0.0000000000e+00,0.0000000000e+00,0.0000000000e+00,0.0000000000e+00,0.0000000000e+00,0.0000000000e+00,0.0000000000e+00,0.0000000000e+00,0.0000000000e+00,0.0000000000e+00
68063,2025-04-18 06:15:00,0.075256,11.102185,7.850611,0.992 omega + -0.077 omega^2 + -0.003 theta omega^2,0.000,0.0000000000e+00,0.0000000000e+00,0.0000000000e+00,0.0000000000e+00,0.0000000000e+00,0.0000000000e+00,0.0000000000e+00,0.0000000000e+00,0.0000000000e+00,0.0000000000e+00
68064,2025-04-18 06:20:00,0.109494,16.724860,11.826516,1.009 omega + 0.037 omega^2 + -0.001 theta omega^2,0.000,0.0000000000e+00,0.0000000000e+00,0.0000000000e+00,0.0000000000e+00,0.0000000000e+00,0.0000000000e+00,0.0000000000e+00,0.0000000000e+00,0.0000000000e+00,0.0000000000e+00
68065,2025-04-18 06:25:00,0.063330,9.320978,6.591079,0.993 omega + -0.067 omega^2 + -0.001 theta omega^2,0.000,0.0000000000e+00,0.0000000000e+00,0.0000000000e+00,0.0000000000e+00,0.0000000000e+00,0.0000000000e+00,0.0000000000e+00,0.0000000000e+00,0.0000000000e+00,0.0000000000e+00
68066,2025-04-18 06:30:00,0.067798,5.687472,4.021936,0.993 omega + -0.001 theta omega + -0.237 omega^2 + -0.033 theta omega^2,0.000,0.0000000000e+00,0.0000000000e+00,0.0000000000e+00,0.0000000000e+00,0.0000000000e+00,0.0000000000e+00,0.0000000000e+00,0.0000000000e+00,0.0000000000e+00,0.0000000000e+00
68067,2025-04-18 06:35:00,0.061043,8.384520,5.928908,1.010 omega + 0.083 omega^2,0.000,0.0000000000e+00,0.0000000000e+00,0.0000000000e+00,0.0000000000e+00,0.0000000000e+00,0.0000000000e+00,0.0000000000e+00,0.0000000000e+00,0.0000000000e+00,0.0000000000e+00
68068,2025-04-18 06:40:00,0.065663,4.325442,3.058902,1.007 omega + 0.010 omega^2,0.000,0.0000000000e+00,0.0000000000e+00,0.0000000000e+00,0.0000000000e+00,0.0000000000e+00,0.0000000000e+00,0.0000000000e+00,0.0000000000e+00,0.0000000000e+00,0.0000000000e+00
68069,2025-04-18 06:45:00,0.025180,2.759142,1.951089,-0.056 1 + 0.184 omega + -3.907 omega^2 + -0.002 theta omega^2 + -6.081 omega^3,0.000,0.0000000000e+00,0.0000000000e+00,0.0000000000e+00,0.0000000000e+00,0.0000000000e+00,0.0000000000e+00,0.0000000000e+00,0.0000000000e+00,0.0000000000e+00,0.0000000000e+00
68070,2025-04-18 06:50:00,0.137154,8.949619,6.329080,1.009 omega + -0.019 omega^2 + -0.428 omega^3,0.000,0.0000000000e+00,0.0000000000e+00,0.0000000000e+00,0.0000000000e+00,0.0000000000e+00,0.0000000000e+00,0.0000000000e+00,0.0000000000e+00,0.0000000000e+00,0.0000000000e+00
68071,2025-04-18 06:55:00,0.040625,0.874770,0.619223,0.002 1 + 1.012 omega,0.000,0.0000000000e+00,0.0000000000e+00,0.0000000000e+00,0.0000000000e+00,0.0000000000e+00,0.0000000000e+00,0.0000000000e+00,0.0000000000e+00,0.0000000000e+00,0.0000000000e+00
68072,2025-04-18 07:00:00,0.091098,6.563848,4.641788,0.965 omega + 0.003 theta omega + 0.372 omega^2 + -0.042 theta omega^2,0.000,0.0000000000e+00,0.0000000000e+00,0.0000000000e+00,0.0000000000e+00,0.0000000000e+00,0.0000000000e+00,0.0000000000e+00,0.0000000000e+00,0.0000000000e+00,0.0000000000e+00
68073,2025-04-18 07:05:00,0.059033,5.820784,4.116127,1.008 omega + 0.025 omega^2 + -0.002 theta omega^2,0.000,0.0000000000e+00,0.0000000000e+00,0.0000000000e+00,0.0000000000e+00,0.0000000000e+00,0.0000000000e+00,0.0000000000e+00,0.0000000000e+00,0.0000000000e+00,0.0000000000e+00
68074,2025-04-18 07:10:00,0.076135,3.697203,2.614871,1.000 omega + -0.002 omega^2,0.000,0.0000000000e+00,0.0000000000e+00,0.0000000000e+00,0.0000000000e+00,0.0000000000e+00,0.0000000000e+00,0.0000000000e+00,0.0000000000e+00,0.0000000000e+00,0.0000000000e+00
68075,2025-04-18 07:15:00,0.096340,11.653209,8.240345,1.003 omega + -0.022 omega^2 + -0.221 omega^3,0.000,0.0000000000e+00,0.0000000000e+00,0.0000000000e+00,0.0000000000e+00,0.0000000000e+00,0.0000000000e+00,0.0000000000e+00,0.0000000000e+00,0.0000000000e+00,0.0000000000e+00
68076,2025-04-18 07:20:00,0.099014,11.782778,8.331976,1.000 omega + 0.005 omega^2,0.000,0.0000000000e+00,0.0000000000e+00,0.0000000000e+00,0.0000000000e+00,0.0000000000e+00,0.0000000000e+00,0.0000000000e+00,0.0000000000e+00,0.0000000000e+00,0.0000000000e+00
68077,2025-04-18 07:25:00,0.053630,3.847536,2.720883,0.998 omega + -0.002 theta omega + -0.008 theta omega^2,0.000,0.0000000000e+00,0.0000000000e+00,0.0000000000e+00,0.0000000000e+00,0.0000000000e+00,0.0000000000e+00,0.0000000000e+00,0.0000000000e+00,0.0000000000e+00,0.0000000000e+00
68078,2025-04-18 07:30:00,0.149693,19.154842,13.544932,1.002 omega + 0.006 omega^2,0.000,0.0000000000e+00,0.0000000000e+00,0.0000000000e+00,0.0000000000e+00,0.0000000000e+00,0.0000000000e+00,0.0000000000e+00,0.0000000000e+00,0.0000000000e+00,0.0000000000e+00
68079,2025-04-18 07:35:00,0.114372,14.876851,10.519833,0.985 omega + -0.008 theta omega + -0.018 omega^2 + -0.001 theta^2 omega,0.000,0.0000000000e+00,0.0000000000e+00,0.0000000000e+00,0.0000000000e+00,0.0000000000e+00,0.0000000000e+00,0.0000000000e+00,0.0000000000e+00,0.0000000000e+00,0.0000000000e+00
68080,2025-04-18 07:40:00,0.111027,14.233439,10.064868,1.005 omega + -0.017 omega^2 + -0.237 omega^3,0.000,0.0000000000e+00,0.0000000000e+00,0.0000000000e+00,0.0000000000e+00,0.0000000000e+00,0.0000000000e+00,0.0000000000e+00,0.0000000000e+00,0.0000000000e+00,0.0000000000e+00
68081,2025-04-18 07:45:00,0.134907,15.576117,11.014391,0.997 omega + -0.020 omega^2 + -0.002 theta omega^2,0.000,0.0000000000e+00,0.0000000000e+00,0.0000000000e+00,0.0000000000e+00,0.0000000000e+00,0.0000000000e+00,0.0000000000e+00,0.0000000000e+00,0.0000000000e+00,0.0000000000e+00
68082,2025-04-18 07:50:00,0.099600,7.675992,5.428203,1.014 omega + -0.002 theta omega + -0.052 omega^2 + 0.008 theta omega^2,0.000,0.0000000000e+00,0.0000000000e+00,0.0000000000e+00,0.0000000000e+00,0.0000000000e+00,0.0000000000e+00,0.0000000000e+00,0.0000000000e+00,0.0000000000e+00,0.0000000000e+00
68083,2025-04-18 07:55:00,0.073202,4.639768,3.281220,1.012 omega + -0.002 theta omega + -0.014 theta omega^2,0.000,0.0000000000e+00,0.0000000000e+00,0.0000000000e+00,0.0000000000e+00,0.0000000000e+00,0.0000000000e+00,0.0000000000e+00,0.0000000000e+00,0.0000000000e+00,0.0000000000e+00
68084,2025-04-18 08:00:00,0.095021,11.065926,7.825080,0.995 omega + 0.020 omega^2,0.000,0.0000000000e+00,0.0000000000e+00,0.0000000000e+00,0.0000000000e+00,0.0000000000e+00,0.0000000000e+00,0.0000000000e+00,0.0000000000e+00,0.0000000000e+00,0.0000000000e+00
68085,2025-04-18 08:10:00,0.057273,6.346353,4.487732,0.994 omega + -0.094 omega^2 + -0.005 theta omega^2,0.000,0.0000000000e+00,0.0000000000e+00,0.0000000000e+00,0.0000000000e+00,0.0000000000e+00,0.0000000000e+00,0.0000000000e+00,0.0000000000e+00,0.0000000000e+00,0.0000000000e+00
68086,2025-04-18 08:15:00,0.077341,9.317848,6.588940,1.002 omega + 0.001 theta omega,0.000,0.0000000000e+00,0.0000000000e+00,0.0000000000e+00,0.0000000000e+00,0.0000000000e+00,0.0000000000e+00,0.0000000000e+00,0.0000000000e+00,0.0000000000e+00,0.0000000000e+00
68087,2025-04-18 08:20:00,0.090795,12.905299,9.125650,1.007 omega + 0.040 omega^2,0.000,0.0000000000e+00,0.0000000000e+00,0.0000000000e+00,0.0000000000e+00,0.0000000000e+00,0.0000000000e+00,0.0000000000e+00,0.0000000000e+00,0.0000000000e+00,0.0000000000e+00
68088,2025-04-18 08:25:00,0.117914,11.387250,8.052433,0.909 omega + -0.037 theta omega + -0.582 omega^2 + -0.003 theta^2 omega + -0.170 theta omega^2,0.000,0.0000000000e+00,0.0000000000e+00,0.0000000000e+00,0.0000000000e+00,0.0000000000e+00,0.0000000000e+00,0.0000000000e+00,0.0000000000e+00,0.0000000000e+00,0.0000000000e+00
68089,2025-04-18 08:30:00,0.113711,16.307919,11.531721,0.002 1 + 0.985 omega + 0.025 omega^2 + 0.098 omega^3,0.000,0.0000000000e+00,0.0000000000e+00,0.0000000000e+00,0.0000000000e+00,0.0000000000e+00,0.0000000000e+00,0.0000000000e+00,0.0000000000e+00,0.0000000000e+00,0.0000000000e+00
68090,2025-04-18 08:35:00,0.062682,9.722091,6.874699,0.001 1 + 0.980 omega + 0.187 omega^2 + -0.573 omega^3,0.000,0.0000000000e+00,0.0000000000e+00,0.0000000000e+00,0.0000000000e+00,0.0000000000e+00,0.0000000000e+00,0.0000000000e+00,0.0000000000e+00,0.0000000000e+00,0.0000000000e+00
68091,2025-04-18 08:40:00,0.158578,23.022917,16.280047,1.000 omega + -0.005 omega^2,0.000,0.0000000000e+00,0.0000000000e+00,0.0000000000e+00,0.0000000000e+00,0.0000000000e+00,0.0000000000e+00,0.0000000000e+00,0.0000000000e+00,0.0000000000e+00,0.0000000000e+00
68092,2025-04-18 08:45:00,0.169951,24.090090,17.034690,0.999 omega + -0.017 omega^2,0.000,0.0000000000e+00,0.0000000000e+00,0.0000000000e+00,0.0000000000e+00,0.0000000000e+00,0.0000000000e+00,0.0000000000e+00,0.0000000000e+00,0.0000000000e+00,0.0000000000e+00
68093,2025-04-18 08:50:00,0.126697,15.313556,10.828690,0.996 omega + -0.007 omega^2,0.000,0.0000000000e+00,0.0000000000e+00,0.0000000000e+00,0.0000000000e+00,0.0000000000e+00,0.0000000000e+00,0.0000000000e+00,0.0000000000e+00,0.0000000000e+00,0.0000000000e+00
68094,2025-04-18 08:55:00,0.054310,2.844130,2.011470,0.992 omega + -0.009 theta omega + -0.001 theta^2 omega + -0.006 theta omega^2,0.000,0.0000000000e+00,0.0000000000e+00,0.0000000000e+00,0.0000000000e+00,0.0000000000e+00,0.0000000000e+00,0.0000000000e+00,0.0000000000e+00,0.0000000000e+00,0.0000000000e+00
68095,2025-04-18 09:00:00,0.112243,17.106970,12.096715,-0.002 1 + 1.091 omega + -0.873 omega^2 + 2.324 omega^3,0.000,0.0000000000e+00,0.0000000000e+00,0.0000000000e+00,0.0000000000e+00,0.0000000000e+00,0.0000000000e+00,0.0000000000e+00,0.0000000000e+00,0.0000000000e+00,0.0000000000e+00
68096,2025-04-18 09:05:00,0.119414,14.408946,10.189013,0.998 omega + -0.002 omega^2,0.000,0.0000000000e+00,0.0000000000e+00,0.0000000000e+00,0.0000000000e+00,0.0000000000e+00,0.0000000000e+00,0.0000000000e+00,0.0000000000e+00,0.0000000000e+00,0.0000000000e+00
68097,2025-04-18 09:10:00,0.052967,2.592945,1.833871,0.994 omega + 0.255 omega^2 + -0.004 theta omega^2 + -1.146 omega^3,0.000,0.0000000000e+00,0.0000000000e+00,0.0000000000e+00,0.0000000000e+00,0.0000000000e+00,0.0000000000e+00,0.0000000000e+00,0.0000000000e+00,0.0000000000e+00,0.0000000000e+00
68098,2025-04-18 09:15:00,0.114663,19.281786,13.634523,1.003 omega + 0.026 omega^2,0.000,0.0000000000e+00,0.0000000000e+00,0.0000000000e+00,0.0000000000e+00,0.0000000000e+00,0.0000000000e+00,0.0000000000e+00,0.0000000000e+00,0.0000000000e+00,0.0000000000e+00
68099,2025-04-18 09:20:00,0.160892,18.594872,13.149053,1.000 omega + -0.007 omega^2 + -0.005 theta omega^2 + 0.054 omega^3,0.000,0.0000000000e+00,0.0000000000e+00,0.0000000000e+00,0.0000000000e+00,0.0000000000e+00,0.0000000000e+00,0.0000000000e+00,0.0000000000e+00,0.0000000000e+00,0.0000000000e+00
68100,2025-04-18 09:25:00,0.090562,12.689272,8.972899,0.002 1 + 0.958 omega + 0.397 omega^2 + -1.203 omega^3,0.000,0.0000000000e+00,0.0000000000e+00,0.0000000000e+00,0.0000000000e+00,0.0000000000e+00,0.0000000000e+00,0.0000000000e+00,0.0000000000e+00,0.0000000000e+00,0.0000000000e+00
68101,2025-04-18 09:30:00,0.115245,15.299806,10.818903,1.003 omega + -0.001 theta omega + -0.019 omega^2,0.000,0.0000000000e+00,0.0000000000e+00,0.0000000000e+00,0.0000000000e+00,0.0000000000e+00,0.0000000000e+00,0.0000000000e+00,0.0000000000e+00,0.0000000000e+00,0.0000000000e+00
68102,2025-04-18 09:35:00,0.065062,5.110081,3.613665,0.997 omega + 0.049 omega^2 + -0.004 theta omega^2,0.000,0.0000000000e+00,0.0000000000e+00,0.0000000000e+00,0.0000000000e+00,0.0000000000e+00,0.0000000000e+00,0.0000000000e+00,0.0000000000e+00,0.0000000000e+00,0.0000000000e+00
68103,2025-04-18 09:40:00,0.062972,3.320951,2.348689,1.001 omega + 0.027 omega^2 + -0.003 theta omega^2,0.000,0.0000000000e+00,0.0000000000e+00,0.0000000000e+00,0.0000000000e+00,0.0000000000e+00,0.0000000000e+00,0.0000000000e+00,0.0000000000e+00,0.0000000000e+00,0.0000000000e+00
68104,2025-04-18 09:45:00,0.106571,10.556831,7.465187,1.006 omega + 0.001 omega^2 + -0.004 theta omega^2,0.000,0.0000000000e+00,0.0000000000e+00,0.0000000000e+00,0.0000000000e+00,0.0000000000e+00,0.0000000000e+00,0.0000000000e+00,0.0000000000e+00,0.0000000000e+00,0.0000000000e+00
68105,2025-04-18 09:50:00,0.100936,8.446960,5.973329,1.002 omega + -0.031 omega^2,0.000,0.0000000000e+00,0.0000000000e+00,0.0000000000e+00,0.0000000000e+00,0.0000000000e+00,0.0000000000e+00,0.0000000000e+00,0.0000000000e+00,0.0000000000e+00,0.0000000000e+00
68106,2025-04-18 09:55:00,0.078528,8.274084,5.850924,1.006 omega + -0.029 omega^2,0.000,0.0000000000e+00,0.0000000000e+00,0.0000000000e+00,0.0000000000e+00,0.0000000000e+00,0.0000000000e+00,0.0000000000e+00,0.0000000000e+00,0.0000000000e+00,0.0000000000e+00
68107,2025-04-18 10:00:00,0.069754,8.355836,5.908675,0.996 omega + 0.022 omega^2,0.000,0.0000000000e+00,0.0000000000e+00,0.0000000000e+00,0.0000000000e+00,0.0000000000e+00,0.0000000000e+00,0.0000000000e+00,0.0000000000e+00,0.0000000000e+00,0.0000000000e+00
68108,2025-04-18 10:05:00,0.085062,10.630486,7.517129,0.977 omega + 0.012 theta omega + 0.142 omega^2 + -0.001 theta^2 omega + -0.050 theta omega^2,0.000,0.0000000000e+00,0.0000000000e+00,0.0000000000e+00,0.0000000000e+00,0.0000000000e+00,0.0000000000e+00,0.0000000000e+00,0.0000000000e+00,0.0000000000e+00,0.0000000000e+00
68109,2025-04-18 10:10:00,0.073523,7.270561,5.141326,0.980 omega + 0.003 theta omega + 0.008 omega^2,-0.013 theta omega^2,0.0000000000e+00,0.0000000000e+00,0.0000000000e+00,0.0000000000e+00,0.0000000000e+00,0.0000000000e+00,0.0000000000e+00,0.0000000000e+00,-1.3278254458e-02,0.0000000000e+00
68110,2025-04-18 10:15:00,0.055072,3.781621,2.674293,1.008 omega + -0.005 theta omega^2,0.000,0.0000000000e+00,0.0000000000e+00,0.0000000000e+00,0.0000000000e+00,0.0000000000e+00,0.0000000000e+00,0.0000000000e+00,0.0000000000e+00,0.0000000000e+00,0.0000000000e+00
68111,2025-04-18 10:20:00,0.107840,4.556066,3.222527,0.997 omega + -0.007 omega^2 + 0.153 omega^3,0.000,0.0000000000e+00,0.0000000000e+00,0.0000000000e+00,0.0000000000e+00,0.0000000000e+00,0.0000000000e+00,0.0000000000e+00,0.0000000000e+00,0.0000000000e+00,0.0000000000e+00
68112,2025-04-18 10:25:00,0.088912,11.314889,8.001082,1.004 omega + 0.087 omega^2 + -0.007 theta omega^2 + -0.344 omega^3,0.000,0.0000000000e+00,0.0000000000e+00,0.0000000000e+00,0.0000000000e+00,0.0000000000e+00,0.0000000000e+00,0.0000000000e+00,0.0000000000e+00,0.0000000000e+00,0.0000000000e+00
68113,2025-04-18 10:30:00,0.155566,24.513356,17.333909,1.000 omega + -0.010 omega^2 + 0.045 omega^3,0.000,0.0000000000e+00,0.0000000000e+00,0.0000000000e+00,0.0000000000e+00,0.0000000000e+00,0.0000000000e+00,0.0000000000e+00,0.0000000000e+00,0.0000000000e+00,0.0000000000e+00
68114,2025-04-18 10:35:00,0.109038,15.024435,10.624160,1.016 omega + -0.001 theta omega + -0.113 omega^2 + 0.007 theta omega^2,0.000,0.0000000000e+00,0.0000000000e+00,0.0000000000e+00,0.0000000000e+00,0.0000000000e+00,0.0000000000e+00,0.0000000000e+00,0.0000000000e+00,0.0000000000e+00,0.0000000000e+00
68115,2025-04-18 10:40:00,0.024545,2.298528,1.625398,0.001 1 + 0.974 omega + 0.126 omega^2 + -0.003 theta omega^2,0.000,0.0000000000e+00,0.0000000000e+00,0.0000000000e+00,0.0000000000e+00,0.0000000000e+00,0.0000000000e+00,0.0000000000e+00,0.0000000000e+00,0.0000000000e+00,0.0000000000e+00
68116,2025-04-18 10:45:00,0.030729,3.635227,2.570586,0.002 1 + 0.958 omega + 0.001 theta omega + 0.170 omega^2 + -0.004 theta omega^2,0.000,0.0000000000e+00,0.0000000000e+00,0.0000000000e+00,0.0000000000e+00,0.0000000000e+00,0.0000000000e+00,0.0000000000e+00,0.0000000000e+00,0.0000000000e+00,0.0000000000e+00
68117,2025-04-18 10:50:00,0.035961,5.129100,3.626910,-0.120 1 + 2.824 omega + -9.130 omega^2 + 15.134 omega^3,0.000,0.0000000000e+00,0.0000000000e+00,0.0000000000e+00,0.0000000000e+00,0.0000000000e+00,0.0000000000e+00,0.0000000000e+00,0.0000000000e+00,0.0000000000e+00,0.0000000000e+00
68118,2025-04-18 10:55:00,0.176620,19.890854,14.065512,1.001 omega + -0.023 omega^2,0.000,0.0000000000e+00,0.0000000000e+00,0.0000000000e+00,0.0000000000e+00,0.0000000000e+00,0.0000000000e+00,0.0000000000e+00,0.0000000000e+00,0.0000000000e+00,0.0000000000e+00
68119,2025-04-18 11:00:00,0.088239,5.992569,4.237845,0.997 omega + 0.001 theta omega + -0.006 omega^2,0.222 omega^2 + -0.102 theta omega^2,0.0000000000e+00,0.0000000000e+00,0.0000000000e+00,0.0000000000e+00,0.0000000000e+00,2.2233267952e-01,0.0000000000e+00,0.0000000000e+00,-1.0177140607e-01,0.0000000000e+00
68120,2025-04-18 11:05:00,0.078105,8.660895,6.124427,1.003 omega + 0.059 omega^2 + -0.003 theta omega^2,0.000,0.0000000000e+00,0.0000000000e+00,0.0000000000e+00,0.0000000000e+00,0.0000000000e+00,0.0000000000e+00,0.0000000000e+00,0.0000000000e+00,0.0000000000e+00,0.0000000000e+00
68121,2025-04-18 11:10:00,0.049214,1.928183,1.363876,1.008 omega + -0.001 theta omega + -0.012 omega^2,0.000,0.0000000000e+00,0.0000000000e+00,0.0000000000e+00,0.0000000000e+00,0.0000000000e+00,0.0000000000e+00,0.0000000000e+00,0.0000000000e+00,0.0000000000e+00,0.0000000000e+00
68122,2025-04-18 11:15:00,0.176873,26.349900,18.632612,0.997 omega + 0.067 omega^2 + -0.003 theta omega^2,0.000,0.0000000000e+00,0.0000000000e+00,0.0000000000e+00,0.0000000000e+00,0.0000000000e+00,0.0000000000e+00,0.0000000000e+00,0.0000000000e+00,0.0000000000e+00,0.0000000000e+00
68123,2025-04-18 11:20:00,0.088217,9.139977,6.463241,1.007 omega + -0.032 omega^2 + -0.001 theta omega^2,0.000,0.0000000000e+00,0.0000000000e+00,0.0000000000e+00,0.0000000000e+00,0.0000000000e+00,0.0000000000e+00,0.0000000000e+00,0.0000000000e+00,0.0000000000e+00,0.0000000000e+00
68124,2025-04-18 11:25:00,0.122185,16.388846,11.588986,1.015 omega + -0.062 omega^2 + -0.023 theta omega^2 + -1.274 omega^3,0.000,0.0000000000e+00,0.0000000000e+00,0.0000000000e+00,0.0000000000e+00,0.0000000000e+00,0.0000000000e+00,0.0000000000e+00,0.0000000000e+00,0.0000000000e+00,0.0000000000e+00
68125,2025-04-18 11:30:00,0.093561,8.417262,5.952271,1.000 omega,0.000,0.0000000000e+00,0.0000000000e+00,0.0000000000e+00,0.0000000000e+00,0.0000000000e+00,0.0000000000e+00,0.0000000000e+00,0.0000000000e+00,0.0000000000e+00,0.0000000000e+00
68126,2025-04-18 11:35:00,0.060391,9.833978,6.953803,0.997 omega + 0.001 omega^2,0.000,0.0000000000e+00,0.0000000000e+00,0.0000000000e+00,0.0000000000e+00,0.0000000000e+00,0.0000000000e+00,0.0000000000e+00,0.0000000000e+00,0.0000000000e+00,0.0000000000e+00
68127,2025-04-18 11:40:00,0.119057,18.198792,12.868764,1.003 omega + -0.001 theta omega + -0.016 omega^2,0.000,0.0000000000e+00,0.0000000000e+00,0.0000000000e+00,0.0000000000e+00,0.0000000000e+00,0.0000000000e+00,0.0000000000e+00,0.0000000000e+00,0.0000000000e+00,0.0000000000e+00
68128,2025-04-18 11:45:00,0.173389,20.193674,14.279610,1.002 omega + 0.014 omega^2 + -0.143 omega^3,0.000,0.0000000000e+00,0.0000000000e+00,0.0000000000e+00,0.0000000000e+00,0.0000000000e+00,0.0000000000e+00,0.0000000000e+00,0.0000000000e+00,0.0000000000e+00,0.0000000000e+00
68129,2025-04-18 11:50:00,0.048315,4.547952,3.216069,0.999 omega + -0.007 omega^2,0.000,0.0000000000e+00,0.0000000000e+00,0.0000000000e+00,0.0000000000e+00,0.0000000000e+00,0.0000000000e+00,0.0000000000e+00,0.0000000000e+00,0.0000000000e+00,0.0000000000e+00
68130,2025-04-18 11:55:00,0.072276,10.333048,7.306747,1.008 omega + -0.011 theta omega + -0.014 omega^2,0.000,0.0000000000e+00,0.0000000000e+00,0.0000000000e+00,0.0000000000e+00,0.0000000000e+00,0.0000000000e+00,0.0000000000e+00,0.0000000000e+00,0.0000000000e+00,0.0000000000e+00
68131,2025-04-18 12:00:00,0.092566,14.257384,10.081706,0.002 1 + 0.982 omega + 0.038 omega^2,0.000,0.0000000000e+00,0.0000000000e+00,0.0000000000e+00,0.0000000000e+00,0.0000000000e+00,0.0000000000e+00,0.0000000000e+00,0.0000000000e+00,0.0000000000e+00,0.0000000000e+00
68132,2025-04-18 12:05:00,0.125312,17.209588,12.169339,0.999 omega + -0.001 omega^2,0.000,0.0000000000e+00,0.0000000000e+00,0.0000000000e+00,0.0000000000e+00,0.0000000000e+00,0.0000000000e+00,0.0000000000e+00,0.0000000000e+00,0.0000000000e+00,0.0000000000e+00
68133,2025-04-18 12:10:00,0.148890,17.340012,12.261692,0.999 omega + -0.003 omega^2,0.000,0.0000000000e+00,0.0000000000e+00,0.0000000000e+00,0.0000000000e+00,0.0000000000e+00,0.0000000000e+00,0.0000000000e+00,0.0000000000e+00,0.0000000000e+00,0.0000000000e+00
68134,2025-04-18 12:15:00,0.049286,3.984261,2.817514,-0.001 1 + 1.015 omega + -0.073 omega^2,0.000,0.0000000000e+00,0.0000000000e+00,0.0000000000e+00,0.0000000000e+00,0.0000000000e+00,0.0000000000e+00,0.0000000000e+00,0.0000000000e+00,0.0000000000e+00,0.0000000000e+00
68135,2025-04-18 12:20:00,0.066403,5.915309,4.183019,1.000 omega + -0.001 theta omega,-0.014 theta omega^2,0.0000000000e+00,0.0000000000e+00,0.0000000000e+00,0.0000000000e+00,0.0000000000e+00,0.0000000000e+00,0.0000000000e+00,0.0000000000e+00,-1.4339339079e-02,0.0000000000e+00
68136,2025-04-18 12:25:00,0.158437,26.402131,18.669462,1.003 omega + 0.025 omega^2,0.000,0.0000000000e+00,0.0000000000e+00,0.0000000000e+00,0.0000000000e+00,0.0000000000e+00,0.0000000000e+00,0.0000000000e+00,0.0000000000e+00,0.0000000000e+00,0.0000000000e+00
68137,2025-04-18 12:30:00,0.079167,8.237030,5.824729,0.998 omega + 0.003 omega^2,0.000,0.0000000000e+00,0.0000000000e+00,0.0000000000e+00,0.0000000000e+00,0.0000000000e+00,0.0000000000e+00,0.0000000000e+00,0.0000000000e+00,0.0000000000e+00,0.0000000000e+00
68138,2025-04-18 12:35:00,0.092203,5.682544,4.018695,0.999 omega + -0.001 omega^2 + 0.048 omega^3,-0.035 theta omega^2,0.0000000000e+00,0.0000000000e+00,0.0000000000e+00,0.0000000000e+00,0.0000000000e+00,0.0000000000e+00,0.0000000000e+00,0.0000000000e+00,-3.4946736258e-02,0.0000000000e+00
68139,2025-04-18 12:40:00,0.026856,0.911842,0.645049,0.999 omega + 0.032 omega^2 + -0.003 theta omega^2,0.000,0.0000000000e+00,0.0000000000e+00,0.0000000000e+00,0.0000000000e+00,0.0000000000e+00,0.0000000000e+00,0.0000000000e+00,0.0000000000e+00,0.0000000000e+00,0.0000000000e+00
68140,2025-04-18 12:45:00,0.080399,10.028062,7.091138,0.998 omega + 0.011 omega^2,0.000,0.0000000000e+00,0.0000000000e+00,0.0000000000e+00,0.0000000000e+00,0.0000000000e+00,0.0000000000e+00,0.0000000000e+00,0.0000000000e+00,0.0000000000e+00,0.0000000000e+00
68141,2025-04-18 12:50:00,0.078553,6.047872,4.276852,1.001 omega + 0.014 omega^2,-0.036 theta omega^2,0.0000000000e+00,0.0000000000e+00,0.0000000000e+00,0.0000000000e+00,0.0000000000e+00,0.0000000000e+00,0.0000000000e+00,0.0000000000e+00,-3.5594207736e-02,0.0000000000e+00
68142,2025-04-18 12:55:00,0.052382,8.370040,5.918628,0.967 omega + 0.003 theta omega + 0.299 omega^2 + -0.029 theta omega^2,0.000,0.0000000000e+00,0.0000000000e+00,0.0000000000e+00,0.0000000000e+00,0.0000000000e+00,0.0000000000e+00,0.0000000000e+00,0.0000000000e+00,0.0000000000e+00,0.0000000000e+00
68143,2025-04-18 13:00:00,0.128257,18.144802,12.830633,1.001 omega + -0.017 omega^2,0.000,0.0000000000e+00,0.0000000000e+00,0.0000000000e+00,0.0000000000e+00,0.0000000000e+00,0.0000000000e+00,0.0000000000e+00,0.0000000000e+00,0.0000000000e+00,0.0000000000e+00
68144,2025-04-18 13:05:00,0.145215,18.892272,13.359248,0.997 omega,0.000,0.0000000000e+00,0.0000000000e+00,0.0000000000e+00,0.0000000000e+00,0.0000000000e+00,0.0000000000e+00,0.0000000000e+00,0.0000000000e+00,0.0000000000e+00,0.0000000000e+00
68145,2025-04-18 13:10:00,0.096313,10.130882,7.163939,0.977 omega + 0.002 theta omega + 0.277 omega^2 + -0.048 theta omega^2,0.000,0.0000000000e+00,0.0000000000e+00,0.0000000000e+00,0.0000000000e+00,0.0000000000e+00,0.0000000000e+00,0.0000000000e+00,0.0000000000e+00,0.0000000000e+00,0.0000000000e+00
68146,2025-04-18 13:15:00,0.100126,8.186733,5.789327,1.001 omega,0.000,0.0000000000e+00,0.0000000000e+00,0.0000000000e+00,0.0000000000e+00,0.0000000000e+00,0.0000000000e+00,0.0000000000e+00,0.0000000000e+00,0.0000000000e+00,0.0000000000e+00
68147,2025-04-18 13:20:00,0.047790,2.448914,1.731973,1.003 omega,0.000,0.0000000000e+00,0.0000000000e+00,0.0000000000e+00,0.0000000000e+00,0.0000000000e+00,0.0000000000e+00,0.0000000000e+00,0.0000000000e+00,0.0000000000e+00,0.0000000000e+00
68148,2025-04-18 13:25:00,0.154129,23.594185,16.683964,-0.001 1 + 1.092 omega + -0.843 omega^2 + 2.050 omega^3,0.000,0.0000000000e+00,0.0000000000e+00,0.0000000000e+00,0.0000000000e+00,0.0000000000e+00,0.0000000000e+00,0.0000000000e+00,0.0000000000e+00,0.0000000000e+00,0.0000000000e+00
68149,2025-04-18 13:30:00,0.035751,5.644913,3.991636,-0.005 1 + 1.047 omega + -0.082 omega^2 + -0.002 theta omega^2,0.000,0.0000000000e+00,0.0000000000e+00,0.0000000000e+00,0.0000000000e+00,0.0000000000e+00,0.0000000000e+00,0.0000000000e+00,0.0000000000e+00,0.0000000000e+00,0.0000000000e+00
68150,2025-04-18 13:35:00,0.019822,0.791332,0.559732,0.997 omega + 0.046 omega^2 + -0.001 theta omega^2,0.000,0.0000000000e+00,0.0000000000e+00,0.0000000000e+00,0.0000000000e+00,0.0000000000e+00,0.0000000000e+00,0.0000000000e+00,0.0000000000e+00,0.0000000000e+00,0.0000000000e+00
68151,2025-04-18 13:40:00,0.048972,4.771619,3.374222,1.002 omega,0.000,0.0000000000e+00,0.0000000000e+00,0.0000000000e+00,0.0000000000e+00,0.0000000000e+00,0.0000000000e+00,0.0000000000e+00,0.0000000000e+00,0.0000000000e+00,0.0000000000e+00
68152,2025-04-18 13:45:00,0.080551,6.480768,4.582949,1.002 omega + -0.034 omega^2,0.000,0.0000000000e+00,0.0000000000e+00,0.0000000000e+00,0.0000000000e+00,0.0000000000e+00,0.0000000000e+00,0.0000000000e+00,0.0000000000e+00,0.0000000000e+00,0.0000000000e+00
68153,2025-04-18 13:50:00,0.059974,9.499598,6.717364,0.003 1 + 0.956 omega + 0.144 omega^2,0.000,0.0000000000e+00,0.0000000000e+00,0.0000000000e+00,0.0000000000e+00,0.0000000000e+00,0.0000000000e+00,0.0000000000e+00,0.0000000000e+00,0.0000000000e+00,0.0000000000e+00
68154,2025-04-18 13:55:00,0.077940,9.012985,6.373381,1.000 omega,0.000,0.0000000000e+00,0.0000000000e+00,0.0000000000e+00,0.0000000000e+00,0.0000000000e+00,0.0000000000e+00,0.0000000000e+00,0.0000000000e+00,0.0000000000e+00,0.0000000000e+00
68155,2025-04-18 14:00:00,0.030405,3.626916,2.564707,-0.002 1 + 0.979 omega + -0.061 omega^2,0.000,0.0000000000e+00,0.0000000000e+00,0.0000000000e+00,0.0000000000e+00,0.0000000000e+00,0.0000000000e+00,0.0000000000e+00,0.0000000000e+00,0.0000000000e+00,0.0000000000e+00
68156,2025-04-18 14:05:00,0.220071,34.540498,24.424316,0.995 omega + 0.057 omega^2 + -0.002 theta omega^2 + 0.123 omega^3,0.000,0.0000000000e+00,0.0000000000e+00,0.0000000000e+00,0.0000000000e+00,0.0000000000e+00,0.0000000000e+00,0.0000000000e+00,0.0000000000e+00,0.0000000000e+00,0.0000000000e+00
68157,2025-04-18 14:10:00,0.085225,9.208387,6.511592,0.994 omega + 0.095 omega^2 + -0.017 theta omega^2,0.000,0.0000000000e+00,0.0000000000e+00,0.0000000000e+00,0.0000000000e+00,0.0000000000e+00,0.0000000000e+00,0.0000000000e+00,0.0000000000e+00,0.0000000000e+00,0.0000000000e+00
68158,2025-04-18 14:15:00,0.052217,3.069769,2.170969,1.008 omega + -0.004 theta omega^2,0.000,0.0000000000e+00,0.0000000000e+00,0.0000000000e+00,0.0000000000e+00,0.0000000000e+00,0.0000000000e+00,0.0000000000e+00,0.0000000000e+00,0.0000000000e+00,0.0000000000e+00
68159,2025-04-18 14:20:00,0.063024,8.805605,6.226663,1.014 omega + -0.066 omega^2 + -0.004 theta omega^2,0.000,0.0000000000e+00,0.0000000000e+00,0.0000000000e+00,0.0000000000e+00,0.0000000000e+00,0.0000000000e+00,0.0000000000e+00,0.0000000000e+00,0.0000000000e+00,0.0000000000e+00
68160,2025-04-18 14:25:00,0.084082,9.227186,6.524876,1.013 omega + -0.094 omega^2 + 0.004 theta omega^2,0.000,0.0000000000e+00,0.0000000000e+00,0.0000000000e+00,0.0000000000e+00,0.0000000000e+00,0.0000000000e+00,0.0000000000e+00,0.0000000000e+00,0.0000000000e+00,0.0000000000e+00
68161,2025-04-18 14:30:00,0.050125,7.508888,5.309704,0.001 1 + 0.991 omega + 0.026 omega^2,0.000,0.0000000000e+00,0.0000000000e+00,0.0000000000e+00,0.0000000000e+00,0.0000000000e+00,0.0000000000e+00,0.0000000000e+00,0.0000000000e+00,0.0000000000e+00,0.0000000000e+00
68162,2025-04-18 14:35:00,0.058172,8.193394,5.793751,0.008 1 + 0.917 omega + 0.289 omega^2 + -0.319 omega^3,0.000,0.0000000000e+00,0.0000000000e+00,0.0000000000e+00,0.0000000000e+00,0.0000000000e+00,0.0000000000e+00,0.0000000000e+00,0.0000000000e+00,0.0000000000e+00,0.0000000000e+00
68163,2025-04-18 14:40:00,0.036885,3.803579,2.689663,-0.006 1 + 1.036 omega + -0.040 omega^2 + -0.001 theta omega^2,0.000,0.0000000000e+00,0.0000000000e+00,0.0000000000e+00,0.0000000000e+00,0.0000000000e+00,0.0000000000e+00,0.0000000000e+00,0.0000000000e+00,0.0000000000e+00,0.0000000000e+00
68164,2025-04-18 14:45:00,0.089105,13.659853,9.659180,0.026 1 + 0.637 omega + 1.567 omega^2 + -0.001 theta omega^2 + -2.195 omega^3,0.000,0.0000000000e+00,0.0000000000e+00,0.0000000000e+00,0.0000000000e+00,0.0000000000e+00,0.0000000000e+00,0.0000000000e+00,0.0000000000e+00,0.0000000000e+00,0.0000000000e+00
68165,2025-04-18 14:50:00,0.019632,1.925200,1.361393,-0.008 1 + 1.063 omega + 0.001 theta omega + -0.122 omega^2 + -0.005 theta omega^2,0.000,0.0000000000e+00,0.0000000000e+00,0.0000000000e+00,0.0000000000e+00,0.0000000000e+00,0.0000000000e+00,0.0000000000e+00,0.0000000000e+00,0.0000000000e+00,0.0000000000e+00
68166,2025-04-18 14:55:00,0.072666,9.070900,6.414301,0.001 1 + 0.996 omega + 0.006 omega^2,0.000,0.0000000000e+00,0.0000000000e+00,0.0000000000e+00,0.0000000000e+00,0.0000000000e+00,0.0000000000e+00,0.0000000000e+00,0.0000000000e+00,0.0000000000e+00,0.0000000000e+00
68167,2025-04-18 15:00:00,0.017188,1.670187,1.181063,0.041 1 + 0.497 omega + 2.027 omega^2 + -2.704 omega^3,0.000,0.0000000000e+00,0.0000000000e+00,0.0000000000e+00,0.0000000000e+00,0.0000000000e+00,0.0000000000e+00,0.0000000000e+00,0.0000000000e+00,0.0000000000e+00,0.0000000000e+00
68168,2025-04-18 15:05:00,0.014197,1.011870,0.715570,-0.060 1 + 1.422 omega + 0.002 theta omega + -0.724 omega^2 + -0.006 theta omega^2,0.000,0.0000000000e+00,0.0000000000e+00,0.0000000000e+00,0.0000000000e+00,0.0000000000e+00,0.0000000000e+00,0.0000000000e+00,0.0000000000e+00,0.0000000000e+00,0.0000000000e+00
68169,2025-04-18 15:10:00,0.023172,2.071464,1.464838,0.013 1 + 0.847 omega + 0.001 theta omega + 0.445 omega^2 + -0.005 theta omega^2,0.000,0.0000000000e+00,0.0000000000e+00,0.0000000000e+00,0.0000000000e+00,0.0000000000e+00,0.0000000000e+00,0.0000000000e+00,0.0000000000e+00,0.0000000000e+00,0.0000000000e+00
68170,2025-04-18 15:15:00,0.053115,7.391336,5.226598,0.006 1 + 0.927 omega + 0.196 omega^2,0.000,0.0000000000e+00,0.0000000000e+00,0.0000000000e+00,0.0000000000e+00,0.0000000000e+00,0.0000000000e+00,0.0000000000e+00,0.0000000000e+00,0.0000000000e+00,0.0000000000e+00
68171,2025-04-18 15:20:00,0.020546,0.785965,0.555951,0.001 1 + 0.980 omega + 0.065 omega^2,0.000,0.0000000000e+00,0.0000000000e+00,0.0000000000e+00,0.0000000000e+00,0.0000000000e+00,0.0000000000e+00,0.0000000000e+00,0.0000000000e+00,0.0000000000e+00,0.0000000000e+00
68172,2025-04-18 15:25:00,0.056668,6.059858,4.285154,1.000 omega + -0.001 theta omega^2,0.000,0.0000000000e+00,0.0000000000e+00,0.0000000000e+00,0.0000000000e+00,0.0000000000e+00,0.0000000000e+00,0.0000000000e+00,0.0000000000e+00,0.0000000000e+00,0.0000000000e+00
68173,2025-04-18 15:30:00,0.022081,1.328072,0.939218,-0.002 1 + 1.022 omega + 0.001 theta omega + -0.047 omega^2 + -0.005 theta omega^2,0.000,0.0000000000e+00,0.0000000000e+00,0.0000000000e+00,0.0000000000e+00,0.0000000000e+00,0.0000000000e+00,0.0000000000e+00,0.0000000000e+00,0.0000000000e+00,0.0000000000e+00
68174,2025-04-18 15:35:00,0.046134,5.136154,3.631956,-0.001 1 + 1.021 omega + -0.074 omega^2 + -0.001 theta omega^2,0.000,0.0000000000e+00,0.0000000000e+00,0.0000000000e+00,0.0000000000e+00,0.0000000000e+00,0.0000000000e+00,0.0000000000e+00,0.0000000000e+00,0.0000000000e+00,0.0000000000e+00
68175,2025-04-18 15:40:00,0.034886,5.258120,3.718134,-0.008 1 + 1.091 omega + -0.255 omega^2 + 0.002 theta omega^2,0.000,0.0000000000e+00,0.0000000000e+00,0.0000000000e+00,0.0000000000e+00,0.0000000000e+00,0.0000000000e+00,0.0000000000e+00,0.0000000000e+00,0.0000000000e+00,0.0000000000e+00
68176,2025-04-18 15:45:00,0.068112,6.603862,4.669884,0.986 omega + 0.061 omega^2,0.000,0.0000000000e+00,0.0000000000e+00,0.0000000000e+00,0.0000000000e+00,0.0000000000e+00,0.0000000000e+00,0.0000000000e+00,0.0000000000e+00,0.0000000000e+00,0.0000000000e+00
68177,2025-04-18 15:50:00,0.051606,5.628334,3.980000,0.990 omega + 0.126 omega^2 + -0.003 theta omega^2,0.000,0.0000000000e+00,0.0000000000e+00,0.0000000000e+00,0.0000000000e+00,0.0000000000e+00,0.0000000000e+00,0.0000000000e+00,0.0000000000e+00,0.0000000000e+00,0.0000000000e+00
68178,2025-04-18 15:55:00,0.046620,4.364810,3.086563,1.001 omega + -0.005 omega^2 + 0.005 theta omega^2,0.000,0.0000000000e+00,0.0000000000e+00,0.0000000000e+00,0.0000000000e+00,0.0000000000e+00,0.0000000000e+00,0.0000000000e+00,0.0000000000e+00,0.0000000000e+00,0.0000000000e+00
68179,2025-04-18 16:00:00,0.131976,18.281833,12.927545,1.005 omega + -0.162 omega^2 + -0.005 theta omega^2 + -0.869 omega^3,0.000,0.0000000000e+00,0.0000000000e+00,0.0000000000e+00,0.0000000000e+00,0.0000000000e+00,0.0000000000e+00,0.0000000000e+00,0.0000000000e+00,0.0000000000e+00,0.0000000000e+00
68180,2025-04-18 16:05:00,0.057052,3.055396,2.160868,1.001 omega + -0.024 omega^2 + -0.005 theta omega^2,0.000,0.0000000000e+00,0.0000000000e+00,0.0000000000e+00,0.0000000000e+00,0.0000000000e+00,0.0000000000e+00,0.0000000000e+00,0.0000000000e+00,0.0000000000e+00,0.0000000000e+00
68181,2025-04-18 16:10:00,0.101826,13.703025,9.689770,1.016 omega + 0.207 omega^2 + 0.620 omega^3,0.000,0.0000000000e+00,0.0000000000e+00,0.0000000000e+00,0.0000000000e+00,0.0000000000e+00,0.0000000000e+00,0.0000000000e+00,0.0000000000e+00,0.0000000000e+00,0.0000000000e+00
68182,2025-04-18 16:15:00,0.137606,20.563129,14.540654,0.999 omega + 0.009 omega^2,0.000,0.0000000000e+00,0.0000000000e+00,0.0000000000e+00,0.0000000000e+00,0.0000000000e+00,0.0000000000e+00,0.0000000000e+00,0.0000000000e+00,0.0000000000e+00,0.0000000000e+00
68183,2025-04-18 16:20:00,0.106098,5.981643,4.230325,1.004 omega + 0.036 omega^2,0.000,0.0000000000e+00,0.0000000000e+00,0.0000000000e+00,0.0000000000e+00,0.0000000000e+00,0.0000000000e+00,0.0000000000e+00,0.0000000000e+00,0.0000000000e+00,0.0000000000e+00
68184,2025-04-18 16:25:00,0.076022,1.896201,1.341894,0.992 omega + 0.036 omega^2,0.000,0.0000000000e+00,0.0000000000e+00,0.0000000000e+00,0.0000000000e+00,0.0000000000e+00,0.0000000000e+00,0.0000000000e+00,0.0000000000e+00,0.0000000000e+00,0.0000000000e+00
68185,2025-04-18 16:30:00,0.150273,12.780564,9.037848,1.002 omega + 0.022 omega^2,0.000,0.0000000000e+00,0.0000000000e+00,0.0000000000e+00,0.0000000000e+00,0.0000000000e+00,0.0000000000e+00,0.0000000000e+00,0.0000000000e+00,0.0000000000e+00,0.0000000000e+00
68186,2025-04-18 16:35:00,0.103009,15.398141,10.888374,1.007 omega + -0.032 omega^2 + -0.002 theta omega^2,0.000,0.0000000000e+00,0.0000000000e+00,0.0000000000e+00,0.0000000000e+00,0.0000000000e+00,0.0000000000e+00,0.0000000000e+00,0.0000000000e+00,0.0000000000e+00,0.0000000000e+00
68187,2025-04-18 16:40:00,0.070768,8.946916,6.326623,1.006 omega + -0.033 omega^2,0.000,0.0000000000e+00,0.0000000000e+00,0.0000000000e+00,0.0000000000e+00,0.0000000000e+00,0.0000000000e+00,0.0000000000e+00,0.0000000000e+00,0.0000000000e+00,0.0000000000e+00
68188,2025-04-18 16:45:00,0.088849,12.917091,9.133979,0.999 omega + 0.001 theta omega^2,0.000,0.0000000000e+00,0.0000000000e+00,0.0000000000e+00,0.0000000000e+00,0.0000000000e+00,0.0000000000e+00,0.0000000000e+00,0.0000000000e+00,0.0000000000e+00,0.0000000000e+00
68189,2025-04-18 16:50:00,0.051243,3.337678,2.360373,0.995 omega + 0.018 omega^2,0.000,0.0000000000e+00,0.0000000000e+00,0.0000000000e+00,0.0000000000e+00,0.0000000000e+00,0.0000000000e+00,0.0000000000e+00,0.0000000000e+00,0.0000000000e+00,0.0000000000e+00
68190,2025-04-18 16:55:00,0.063980,6.626077,4.685563,0.993 omega + 0.001 theta omega + 0.035 omega^2 + -0.008 theta omega^2,0.000,0.0000000000e+00,0.0000000000e+00,0.0000000000e+00,0.0000000000e+00,0.0000000000e+00,0.0000000000e+00,0.0000000000e+00,0.0000000000e+00,0.0000000000e+00,0.0000000000e+00
68191,2025-04-18 17:00:00,0.031588,3.028847,2.141835,-0.006 1 + 1.036 omega + 0.001 theta omega + -0.018 omega^2 + -0.005 theta omega^2,0.000,0.0000000000e+00,0.0000000000e+00,0.0000000000e+00,0.0000000000e+00,0.0000000000e+00,0.0000000000e+00,0.0000000000e+00,0.0000000000e+00,0.0000000000e+00,0.0000000000e+00
68192,2025-04-18 17:05:00,0.066743,9.812780,6.938844,1.000 omega + -0.002 omega^2,0.000,0.0000000000e+00,0.0000000000e+00,0.0000000000e+00,0.0000000000e+00,0.0000000000e+00,0.0000000000e+00,0.0000000000e+00,0.0000000000e+00,0.0000000000e+00,0.0000000000e+00
68193,2025-04-18 17:10:00,0.057517,2.346678,1.659851,1.002 omega,0.000,0.0000000000e+00,0.0000000000e+00,0.0000000000e+00,0.0000000000e+00,0.0000000000e+00,0.0000000000e+00,0.0000000000e+00,0.0000000000e+00,0.0000000000e+00,0.0000000000e+00
68194,2025-04-18 17:15:00,0.085804,9.826718,6.948804,0.998 omega,0.000,0.0000000000e+00,0.0000000000e+00,0.0000000000e+00,0.0000000000e+00,0.0000000000e+00,0.0000000000e+00,0.0000000000e+00,0.0000000000e+00,0.0000000000e+00,0.0000000000e+00
68195,2025-04-18 17:20:00,0.106410,12.455478,8.807674,1.002 omega + 0.019 omega^2 + -0.001 theta omega^2,0.000,0.0000000000e+00,0.0000000000e+00,0.0000000000e+00,0.0000000000e+00,0.0000000000e+00,0.0000000000e+00,0.0000000000e+00,0.0000000000e+00,0.0000000000e+00,0.0000000000e+00
68196,2025-04-18 17:25:00,0.148824,16.685614,11.798980,0.998 omega + -0.001 omega^2,0.000,0.0000000000e+00,0.0000000000e+00,0.0000000000e+00,0.0000000000e+00,0.0000000000e+00,0.0000000000e+00,0.0000000000e+00,0.0000000000e+00,0.0000000000e+00,0.0000000000e+00
68197,2025-04-18 17:30:00,0.080257,8.774093,6.204480,0.997 omega + 0.003 theta omega + 0.004 omega^2,0.000,0.0000000000e+00,0.0000000000e+00,0.0000000000e+00,0.0000000000e+00,0.0000000000e+00,0.0000000000e+00,0.0000000000e+00,0.0000000000e+00,0.0000000000e+00,0.0000000000e+00
68198,2025-04-18 17:35:00,0.106758,15.979471,11.299445,-0.001 1 + 1.034 omega + -0.109 omega^2 + -0.003 theta omega^2,0.000,0.0000000000e+00,0.0000000000e+00,0.0000000000e+00,0.0000000000e+00,0.0000000000e+00,0.0000000000e+00,0.0000000000e+00,0.0000000000e+00,0.0000000000e+00,0.0000000000e+00
68199,2025-04-18 17:40:00,0.107938,15.358268,10.860204,0.997 omega + -0.002 omega^2,0.000,0.0000000000e+00,0.0000000000e+00,0.0000000000e+00,0.0000000000e+00,0.0000000000e+00,0.0000000000e+00,0.0000000000e+00,0.0000000000e+00,0.0000000000e+00,0.0000000000e+00
68200,2025-04-18 17:45:00,0.055732,2.425175,1.715310,0.994 omega + 0.032 omega^2,0.000,0.0000000000e+00,0.0000000000e+00,0.0000000000e+00,0.0000000000e+00,0.0000000000e+00,0.0000000000e+00,0.0000000000e+00,0.0000000000e+00,0.0000000000e+00,0.0000000000e+00
68201,2025-04-18 17:50:00,0.133113,9.618711,6.802107,1.001 omega + -0.011 omega^2,0.000,0.0000000000e+00,0.0000000000e+00,0.0000000000e+00,0.0000000000e+00,0.0000000000e+00,0.0000000000e+00,0.0000000000e+00,0.0000000000e+00,0.0000000000e+00,0.0000000000e+00
68202,2025-04-18 17:55:00,0.054585,4.340485,3.069429,1.000 omega + 0.021 omega^2,0.000,0.0000000000e+00,0.0000000000e+00,0.0000000000e+00,0.0000000000e+00,0.0000000000e+00,0.0000000000e+00,0.0000000000e+00,0.0000000000e+00,0.0000000000e+00,0.0000000000e+00
68203,2025-04-18 18:00:00,0.145791,22.293737,15.764390,0.999 omega + -0.001 omega^2,0.000,0.0000000000e+00,0.0000000000e+00,0.0000000000e+00,0.0000000000e+00,0.0000000000e+00,0.0000000000e+00,0.0000000000e+00,0.0000000000e+00,0.0000000000e+00,0.0000000000e+00
68204,2025-04-18 18:05:00,0.131057,15.021710,10.622357,1.010 omega + -0.058 omega^2 + 0.002 theta omega^2,0.000,0.0000000000e+00,0.0000000000e+00,0.0000000000e+00,0.0000000000e+00,0.0000000000e+00,0.0000000000e+00,0.0000000000e+00,0.0000000000e+00,0.0000000000e+00,0.0000000000e+00
68205,2025-04-18 18:10:00,0.087229,11.131619,7.871485,0.987 omega + 0.004 theta omega + 0.018 omega^2,0.000,0.0000000000e+00,0.0000000000e+00,0.0000000000e+00,0.0000000000e+00,0.0000000000e+00,0.0000000000e+00,0.0000000000e+00,0.0000000000e+00,0.0000000000e+00,0.0000000000e+00
68206,2025-04-18 18:15:00,0.124040,8.917526,6.306253,0.990 omega + 0.048 omega^2,0.000,0.0000000000e+00,0.0000000000e+00,0.0000000000e+00,0.0000000000e+00,0.0000000000e+00,0.0000000000e+00,0.0000000000e+00,0.0000000000e+00,0.0000000000e+00,0.0000000000e+00
68207,2025-04-18 18:20:00,0.180481,19.637515,13.886407,0.990 omega + -0.010 theta omega^2 + 0.826 omega^3,0.000,0.0000000000e+00,0.0000000000e+00,0.0000000000e+00,0.0000000000e+00,0.0000000000e+00,0.0000000000e+00,0.0000000000e+00,0.0000000000e+00,0.0000000000e+00,0.0000000000e+00
68208,2025-04-18 18:25:00,0.082687,4.092226,2.894231,1.002 omega + -0.031 omega^2,0.000,0.0000000000e+00,0.0000000000e+00,0.0000000000e+00,0.0000000000e+00,0.0000000000e+00,0.0000000000e+00,0.0000000000e+00,0.0000000000e+00,0.0000000000e+00,0.0000000000e+00
68209,2025-04-18 18:30:00,0.148130,20.231680,14.306341,1.009 omega + -0.052 omega^2,0.000,0.0000000000e+00,0.0000000000e+00,0.0000000000e+00,0.0000000000e+00,0.0000000000e+00,0.0000000000e+00,0.0000000000e+00,0.0000000000e+00,0.0000000000e+00,0.0000000000e+00
68210,2025-04-18 18:35:00,0.066014,2.929663,2.072111,1.014 omega + -0.013 theta omega^2,0.000,0.0000000000e+00,0.0000000000e+00,0.0000000000e+00,0.0000000000e+00,0.0000000000e+00,0.0000000000e+00,0.0000000000e+00,0.0000000000e+00,0.0000000000e+00,0.0000000000e+00
68211,2025-04-18 18:40:00,0.036320,5.474105,3.870862,1.012 omega + -0.101 omega^2 + 0.002 theta omega^2,0.000,0.0000000000e+00,0.0000000000e+00,0.0000000000e+00,0.0000000000e+00,0.0000000000e+00,0.0000000000e+00,0.0000000000e+00,0.0000000000e+00,0.0000000000e+00,0.0000000000e+00
68212,2025-04-18 18:45:00,0.080287,4.868949,3.443335,0.996 omega + 0.019 omega^2,0.000,0.0000000000e+00,0.0000000000e+00,0.0000000000e+00,0.0000000000e+00,0.0000000000e+00,0.0000000000e+00,0.0000000000e+00,0.0000000000e+00,0.0000000000e+00,0.0000000000e+00
68213,2025-04-18 18:50:00,0.132576,23.269119,16.454019,1.005 omega + -0.064 omega^2 + 0.195 omega^3,0.000,0.0000000000e+00,0.0000000000e+00,0.0000000000e+00,0.0000000000e+00,0.0000000000e+00,0.0000000000e+00,0.0000000000e+00,0.0000000000e+00,0.0000000000e+00,0.0000000000e+00
68214,2025-04-18 18:55:00,0.209624,28.940579,20.464617,1.002 omega + 0.060 omega^2 + -0.425 omega^3,0.000,0.0000000000e+00,0.0000000000e+00,0.0000000000e+00,0.0000000000e+00,0.0000000000e+00,0.0000000000e+00,0.0000000000e+00,0.0000000000e+00,0.0000000000e+00,0.0000000000e+00
68215,2025-04-18 19:00:00,0.173667,12.072541,8.537459,1.002 omega + -0.016 omega^2,0.000,0.0000000000e+00,0.0000000000e+00,0.0000000000e+00,0.0000000000e+00,0.0000000000e+00,0.0000000000e+00,0.0000000000e+00,0.0000000000e+00,0.0000000000e+00,0.0000000000e+00
68216,2025-04-18 19:05:00,0.158537,19.282894,13.635526,0.990 omega + -0.001 theta omega + -0.011 theta omega^2 + 0.490 omega^3,0.000,0.0000000000e+00,0.0000000000e+00,0.0000000000e+00,0.0000000000e+00,0.0000000000e+00,0.0000000000e+00,0.0000000000e+00,0.0000000000e+00,0.0000000000e+00,0.0000000000e+00
68217,2025-04-18 19:10:00,0.091280,8.808225,6.228690,1.000 omega + -0.005 omega^2,0.000,0.0000000000e+00,0.0000000000e+00,0.0000000000e+00,0.0000000000e+00,0.0000000000e+00,0.0000000000e+00,0.0000000000e+00,0.0000000000e+00,0.0000000000e+00,0.0000000000e+00
68218,2025-04-18 19:15:00,0.035385,2.263779,1.600929,0.003 1 + 0.916 omega + 0.658 omega^2 + -0.002 theta omega^2 + -1.567 omega^3,0.000,0.0000000000e+00,0.0000000000e+00,0.0000000000e+00,0.0000000000e+00,0.0000000000e+00,0.0000000000e+00,0.0000000000e+00,0.0000000000e+00,0.0000000000e+00,0.0000000000e+00
68219,2025-04-18 19:20:00,0.099147,9.319119,6.589985,1.001 omega + 0.015 omega^2 + -0.001 theta omega^2,0.000,0.0000000000e+00,0.0000000000e+00,0.0000000000e+00,0.0000000000e+00,0.0000000000e+00,0.0000000000e+00,0.0000000000e+00,0.0000000000e+00,0.0000000000e+00,0.0000000000e+00
68220,2025-04-18 19:25:00,0.083237,12.524134,8.856095,1.001 omega + -0.010 omega^2,0.000,0.0000000000e+00,0.0000000000e+00,0.0000000000e+00,0.0000000000e+00,0.0000000000e+00,0.0000000000e+00,0.0000000000e+00,0.0000000000e+00,0.0000000000e+00,0.0000000000e+00
68221,2025-04-18 19:30:00,0.142368,17.932942,12.680905,0.986 omega + 0.056 omega^2 + 0.001 theta omega^2,0.000,0.0000000000e+00,0.0000000000e+00,0.0000000000e+00,0.0000000000e+00,0.0000000000e+00,0.0000000000e+00,0.0000000000e+00,0.0000000000e+00,0.0000000000e+00,0.0000000000e+00
68222,2025-04-18 19:35:00,0.043556,5.051946,3.572398,1.009 omega + -0.044 omega^2,0.000,0.0000000000e+00,0.0000000000e+00,0.0000000000e+00,0.0000000000e+00,0.0000000000e+00,0.0000000000e+00,0.0000000000e+00,0.0000000000e+00,0.0000000000e+00,0.0000000000e+00
68223,2025-04-18 19:40:00,0.080937,7.798639,5.514767,0.998 omega + 0.008 omega^2,0.000,0.0000000000e+00,0.0000000000e+00,0.0000000000e+00,0.0000000000e+00,0.0000000000e+00,0.0000000000e+00,0.0000000000e+00,0.0000000000e+00,0.0000000000e+00,0.0000000000e+00
68224,2025-04-18 19:45:00,0.153839,23.900139,16.900300,1.003 omega + -0.012 omega^2,0.000,0.0000000000e+00,0.0000000000e+00,0.0000000000e+00,0.0000000000e+00,0.0000000000e+00,0.0000000000e+00,0.0000000000e+00,0.0000000000e+00,0.0000000000e+00,0.0000000000e+00
68225,2025-04-18 19:50:00,0.268665,31.062901,21.965609,0.999 omega + -0.021 omega^3,0.000,0.0000000000e+00,0.0000000000e+00,0.0000000000e+00,0.0000000000e+00,0.0000000000e+00,0.0000000000e+00,0.0000000000e+00,0.0000000000e+00,0.0000000000e+00,0.0000000000e+00
68226,2025-04-18 19:55:00,0.089042,11.572954,8.183556,1.002 omega + -0.039 omega^2 + -0.006 theta omega^2,0.000,0.0000000000e+00,0.0000000000e+00,0.0000000000e+00,0.0000000000e+00,0.0000000000e+00,0.0000000000e+00,0.0000000000e+00,0.0000000000e+00,0.0000000000e+00,0.0000000000e+00
68227,2025-04-18 20:00:00,0.125416,14.885240,10.525828,0.996 omega + 0.030 omega^2 + 0.313 omega^3,0.000,0.0000000000e+00,0.0000000000e+00,0.0000000000e+00,0.0000000000e+00,0.0000000000e+00,0.0000000000e+00,0.0000000000e+00,0.0000000000e+00,0.0000000000e+00,0.0000000000e+00
68228,2025-04-18 20:05:00,0.086412,9.282676,6.564127,1.003 omega + 0.002 theta omega + 0.208 omega^2 + -0.001 theta^2 omega + -0.085 theta omega^2,0.000,0.0000000000e+00,0.0000000000e+00,0.0000000000e+00,0.0000000000e+00,0.0000000000e+00,0.0000000000e+00,0.0000000000e+00,0.0000000000e+00,0.0000000000e+00,0.0000000000e+00
68229,2025-04-18 20:10:00,0.094967,11.287956,7.982072,1.012 omega + -0.044 omega^2,0.000,0.0000000000e+00,0.0000000000e+00,0.0000000000e+00,0.0000000000e+00,0.0000000000e+00,0.0000000000e+00,0.0000000000e+00,0.0000000000e+00,0.0000000000e+00,0.0000000000e+00
68230,2025-04-18 20:15:00,0.243576,28.331203,20.033926,1.000 omega + -0.030 omega^2 + 0.065 omega^3,0.000,0.0000000000e+00,0.0000000000e+00,0.0000000000e+00,0.0000000000e+00,0.0000000000e+00,0.0000000000e+00,0.0000000000e+00,0.0000000000e+00,0.0000000000e+00,0.0000000000e+00
68231,2025-04-18 20:20:00,0.055020,3.027480,2.141105,1.010 omega + 0.001 theta omega + -0.002 theta omega^2,0.000,0.0000000000e+00,0.0000000000e+00,0.0000000000e+00,0.0000000000e+00,0.0000000000e+00,0.0000000000e+00,0.0000000000e+00,0.0000000000e+00,0.0000000000e+00,0.0000000000e+00
68232,2025-04-18 20:25:00,0.063651,8.169556,5.776923,1.000 omega,0.000,0.0000000000e+00,0.0000000000e+00,0.0000000000e+00,0.0000000000e+00,0.0000000000e+00,0.0000000000e+00,0.0000000000e+00,0.0000000000e+00,0.0000000000e+00,0.0000000000e+00
68233,2025-04-18 20:30:00,0.100818,10.434369,7.378557,0.998 omega + 0.046 omega^3,-0.012 theta omega^2,0.0000000000e+00,0.0000000000e+00,0.0000000000e+00,0.0000000000e+00,0.0000000000e+00,0.0000000000e+00,0.0000000000e+00,0.0000000000e+00,-1.1921913306e-02,0.0000000000e+00
68234,2025-04-18 20:35:00,0.084872,11.045877,7.810845,0.993 omega + 0.032 omega^2,0.000,0.0000000000e+00,0.0000000000e+00,0.0000000000e+00,0.0000000000e+00,0.0000000000e+00,0.0000000000e+00,0.0000000000e+00,0.0000000000e+00,0.0000000000e+00,0.0000000000e+00
68235,2025-04-18 20:40:00,0.177791,29.054018,20.544677,-0.003 1 + 1.139 omega + -1.043 omega^2 + 2.157 omega^3,0.000,0.0000000000e+00,0.0000000000e+00,0.0000000000e+00,0.0000000000e+00,0.0000000000e+00,0.0000000000e+00,0.0000000000e+00,0.0000000000e+00,0.0000000000e+00,0.0000000000e+00
68236,2025-04-18 20:45:00,0.213086,26.442251,18.698102,0.995 omega + -0.046 omega^2 + 0.330 omega^3,0.000,0.0000000000e+00,0.0000000000e+00,0.0000000000e+00,0.0000000000e+00,0.0000000000e+00,0.0000000000e+00,0.0000000000e+00,0.0000000000e+00,0.0000000000e+00,0.0000000000e+00
68237,2025-04-18 20:50:00,0.129638,13.827259,9.777778,1.002 omega + 0.062 omega^2 + -0.001 theta^2 omega,0.000,0.0000000000e+00,0.0000000000e+00,0.0000000000e+00,0.0000000000e+00,0.0000000000e+00,0.0000000000e+00,0.0000000000e+00,0.0000000000e+00,0.0000000000e+00,0.0000000000e+00
68238,2025-04-18 20:55:00,0.071417,5.244087,3.708473,0.994 omega + 0.064 omega^2 + -0.002 theta omega^2,0.000,0.0000000000e+00,0.0000000000e+00,0.0000000000e+00,0.0000000000e+00,0.0000000000e+00,0.0000000000e+00,0.0000000000e+00,0.0000000000e+00,0.0000000000e+00,0.0000000000e+00
68239,2025-04-18 21:00:00,0.091079,14.490775,10.246727,1.003 omega + -0.044 omega^2 + -0.003 theta omega^2 + -0.182 omega^3,0.000,0.0000000000e+00,0.0000000000e+00,0.0000000000e+00,0.0000000000e+00,0.0000000000e+00,0.0000000000e+00,0.0000000000e+00,0.0000000000e+00,0.0000000000e+00,0.0000000000e+00
68240,2025-04-18 21:05:00,0.094004,4.880217,3.451475,0.999 omega + 0.003 theta omega,0.000,0.0000000000e+00,0.0000000000e+00,0.0000000000e+00,0.0000000000e+00,0.0000000000e+00,0.0000000000e+00,0.0000000000e+00,0.0000000000e+00,0.0000000000e+00,0.0000000000e+00
68241,2025-04-18 21:10:00,0.157391,27.178302,19.218284,1.014 omega + -0.375 omega^2 + 0.005 theta omega^2 + 1.244 omega^3,0.000,0.0000000000e+00,0.0000000000e+00,0.0000000000e+00,0.0000000000e+00,0.0000000000e+00,0.0000000000e+00,0.0000000000e+00,0.0000000000e+00,0.0000000000e+00,0.0000000000e+00
68242,2025-04-18 21:15:00,0.198631,15.007699,10.612975,1.005 omega + -0.025 omega^2 + -0.178 omega^3,0.000,0.0000000000e+00,0.0000000000e+00,0.0000000000e+00,0.0000000000e+00,0.0000000000e+00,0.0000000000e+00,0.0000000000e+00,0.0000000000e+00,0.0000000000e+00,0.0000000000e+00
68243,2025-04-18 21:20:00,0.068505,8.932468,6.316395,-0.002 1 + 0.965 omega + -0.210 omega^2 + -0.377 omega^3,0.000,0.0000000000e+00,0.0000000000e+00,0.0000000000e+00,0.0000000000e+00,0.0000000000e+00,0.0000000000e+00,0.0000000000e+00,0.0000000000e+00,0.0000000000e+00,0.0000000000e+00
68244,2025-04-18 21:25:00,0.053768,5.188530,3.669041,1.017 omega + -0.002 theta omega,0.000,0.0000000000e+00,0.0000000000e+00,0.0000000000e+00,0.0000000000e+00,0.0000000000e+00,0.0000000000e+00,0.0000000000e+00,0.0000000000e+00,0.0000000000e+00,0.0000000000e+00
68245,2025-04-18 21:30:00,0.164283,23.120083,16.348780,0.997 omega + 0.040 omega^2 + -0.122 omega^3,0.000,0.0000000000e+00,0.0000000000e+00,0.0000000000e+00,0.0000000000e+00,0.0000000000e+00,0.0000000000e+00,0.0000000000e+00,0.0000000000e+00,0.0000000000e+00,0.0000000000e+00
68246,2025-04-18 21:35:00,0.156150,25.690060,18.165951,1.001 omega + -0.074 omega^2 + -0.009 theta omega^2,0.011 omega + -0.011 theta omega^2,0.0000000000e+00,0.0000000000e+00,1.1393467216e-02,0.0000000000e+00,0.0000000000e+00,0.0000000000e+00,0.0000000000e+00,0.0000000000e+00,-1.0769760290e-02,0.0000000000e+00
68247,2025-04-18 21:40:00,0.099431,13.297667,9.403133,0.999 omega + 0.001 theta omega + -0.064 omega^2,0.000,0.0000000000e+00,0.0000000000e+00,0.0000000000e+00,0.0000000000e+00,0.0000000000e+00,0.0000000000e+00,0.0000000000e+00,0.0000000000e+00,0.0000000000e+00,0.0000000000e+00
68248,2025-04-18 21:45:00,0.122034,12.930548,9.143685,1.003 omega + -0.036 omega^2 + -0.244 omega^3,0.009 omega + -0.079 omega^2 + -0.016 theta omega^2,0.0000000000e+00,0.0000000000e+00,9.4772038189e-03,0.0000000000e+00,0.0000000000e+00,-7.9079202454e-02,0.0000000000e+00,0.0000000000e+00,-1.6479711730e-02,0.0000000000e+00
68249,2025-04-18 21:50:00,0.061867,7.724632,5.462315,-0.003 1 + 0.916 omega + -0.002 theta omega + -0.343 omega^2 + -0.011 theta omega^2,0.000,0.0000000000e+00,0.0000000000e+00,0.0000000000e+00,0.0000000000e+00,0.0000000000e+00,0.0000000000e+00,0.0000000000e+00,0.0000000000e+00,0.0000000000e+00,0.0000000000e+00
68250,2025-04-18 21:55:00,0.138909,19.064580,13.481052,0.984 omega + -0.002 theta omega + -0.046 omega^2 + -0.010 theta omega^2 + 0.211 omega^3,0.000,0.0000000000e+00,0.0000000000e+00,0.0000000000e+00,0.0000000000e+00,0.0000000000e+00,0.0000000000e+00,0.0000000000e+00,0.0000000000e+00,0.0000000000e+00,0.0000000000e+00
68251,2025-04-18 22:00:00,0.128533,8.730002,6.173713,0.988 omega + -0.057 omega^2 + -0.058 omega^3,0.000,0.0000000000e+00,0.0000000000e+00,0.0000000000e+00,0.0000000000e+00,0.0000000000e+00,0.0000000000e+00,0.0000000000e+00,0.0000000000e+00,0.0000000000e+00,0.0000000000e+00
68252,2025-04-18 22:05:00,0.083583,12.517711,8.851556,1.002 omega + -0.058 omega^2 + -0.004 theta omega^2,0.000,0.0000000000e+00,0.0000000000e+00,0.0000000000e+00,0.0000000000e+00,0.0000000000e+00,0.0000000000e+00,0.0000000000e+00,0.0000000000e+00,0.0000000000e+00,0.0000000000e+00
68253,2025-04-18 22:10:00,0.087725,10.043243,7.101916,1.004 omega + -0.009 omega^2,0.000,0.0000000000e+00,0.0000000000e+00,0.0000000000e+00,0.0000000000e+00,0.0000000000e+00,0.0000000000e+00,0.0000000000e+00,0.0000000000e+00,0.0000000000e+00,0.0000000000e+00
68254,2025-04-18 22:15:00,0.141725,15.789470,11.165291,1.000 omega + 0.002 omega^2 + -0.017 omega^3,0.000,0.0000000000e+00,0.0000000000e+00,0.0000000000e+00,0.0000000000e+00,0.0000000000e+00,0.0000000000e+00,0.0000000000e+00,0.0000000000e+00,0.0000000000e+00,0.0000000000e+00
68255,2025-04-18 22:20:00,0.058894,2.597919,1.837478,0.997 omega + 0.011 omega^2,0.000,0.0000000000e+00,0.0000000000e+00,0.0000000000e+00,0.0000000000e+00,0.0000000000e+00,0.0000000000e+00,0.0000000000e+00,0.0000000000e+00,0.0000000000e+00,0.0000000000e+00
68256,2025-04-18 22:25:00,0.092940,14.008496,9.905721,0.995 omega + 0.001 theta omega + -0.149 omega^2 + -0.110 theta omega^2 + 1.778 omega^3,0.000,0.0000000000e+00,0.0000000000e+00,0.0000000000e+00,0.0000000000e+00,0.0000000000e+00,0.0000000000e+00,0.0000000000e+00,0.0000000000e+00,0.0000000000e+00,0.0000000000e+00
68257,2025-04-18 22:30:00,0.112307,5.343902,3.779544,0.999 omega,0.000,0.0000000000e+00,0.0000000000e+00,0.0000000000e+00,0.0000000000e+00,0.0000000000e+00,0.0000000000e+00,0.0000000000e+00,0.0000000000e+00,0.0000000000e+00,0.0000000000e+00
68258,2025-04-18 22:35:00,0.231275,32.445627,22.943106,1.001 omega + -0.003 omega^3,0.000,0.0000000000e+00,0.0000000000e+00,0.0000000000e+00,0.0000000000e+00,0.0000000000e+00,0.0000000000e+00,0.0000000000e+00,0.0000000000e+00,0.0000000000e+00,0.0000000000e+00
68259,2025-04-18 22:40:00,0.054399,2.495165,1.764768,0.993 omega + 0.036 omega^2,0.000,0.0000000000e+00,0.0000000000e+00,0.0000000000e+00,0.0000000000e+00,0.0000000000e+00,0.0000000000e+00,0.0000000000e+00,0.0000000000e+00,0.0000000000e+00,0.0000000000e+00
68260,2025-04-18 22:45:00,0.084316,5.761474,4.074413,0.993 omega + 0.001 theta omega,0.000,0.0000000000e+00,0.0000000000e+00,0.0000000000e+00,0.0000000000e+00,0.0000000000e+00,0.0000000000e+00,0.0000000000e+00,0.0000000000e+00,0.0000000000e+00,0.0000000000e+00
68261,2025-04-18 22:50:00,0.089405,10.933882,7.731681,1.003 omega + 0.069 omega^2 + 0.270 omega^3,0.000,0.0000000000e+00,0.0000000000e+00,0.0000000000e+00,0.0000000000e+00,0.0000000000e+00,0.0000000000e+00,0.0000000000e+00,0.0000000000e+00,0.0000000000e+00,0.0000000000e+00
68262,2025-04-18 22:55:00,0.121865,11.214388,7.930238,1.002 omega + -0.048 omega^2 + -0.248 omega^3,-0.021 omega^2 + -0.016 theta omega^2,0.0000000000e+00,0.0000000000e+00,0.0000000000e+00,0.0000000000e+00,0.0000000000e+00,-2.0624575490e-02,0.0000000000e+00,0.0000000000e+00,-1.6011696963e-02,0.0000000000e+00
68263,2025-04-18 23:00:00,0.155237,17.732183,12.539027,1.001 omega + 0.018 omega^2 + -0.001 theta omega^2,0.000,0.0000000000e+00,0.0000000000e+00,0.0000000000e+00,0.0000000000e+00,0.0000000000e+00,0.0000000000e+00,0.0000000000e+00,0.0000000000e+00,0.0000000000e+00,0.0000000000e+00
68264,2025-04-18 23:05:00,0.057352,6.903167,4.881444,0.996 omega + 0.081 omega^2 + -0.004 theta omega^2,0.000,0.0000000000e+00,0.0000000000e+00,0.0000000000e+00,0.0000000000e+00,0.0000000000e+00,0.0000000000e+00,0.0000000000e+00,0.0000000000e+00,0.0000000000e+00,0.0000000000e+00
68265,2025-04-18 23:10:00,0.129219,12.570427,8.889104,0.998 omega + -0.004 omega^2 + 0.044 omega^3,0.000,0.0000000000e+00,0.0000000000e+00,0.0000000000e+00,0.0000000000e+00,0.0000000000e+00,0.0000000000e+00,0.0000000000e+00,0.0000000000e+00,0.0000000000e+00,0.0000000000e+00
68266,2025-04-18 23:15:00,0.161550,18.659512,13.194762,1.003 omega + 0.009 omega^2 + -0.160 omega^3,0.000,0.0000000000e+00,0.0000000000e+00,0.0000000000e+00,0.0000000000e+00,0.0000000000e+00,0.0000000000e+00,0.0000000000e+00,0.0000000000e+00,0.0000000000e+00,0.0000000000e+00
68267,2025-04-18 23:20:00,0.172969,22.114008,15.637443,0.997 omega + 0.005 omega^2,0.000,0.0000000000e+00,0.0000000000e+00,0.0000000000e+00,0.0000000000e+00,0.0000000000e+00,0.0000000000e+00,0.0000000000e+00,0.0000000000e+00,0.0000000000e+00,0.0000000000e+00
68268,2025-04-18 23:25:00,0.122591,15.236120,10.773912,-0.001 1 + 0.986 omega + -0.106 omega^2 + -0.274 omega^3,0.000,0.0000000000e+00,0.0000000000e+00,0.0000000000e+00,0.0000000000e+00,0.0000000000e+00,0.0000000000e+00,0.0000000000e+00,0.0000000000e+00,0.0000000000e+00,0.0000000000e+00
68269,2025-04-18 23:30:00,0.181991,17.396932,12.302162,0.998 omega,0.000,0.0000000000e+00,0.0000000000e+00,0.0000000000e+00,0.0000000000e+00,0.0000000000e+00,0.0000000000e+00,0.0000000000e+00,0.0000000000e+00,0.0000000000e+00,0.0000000000e+00
68270,2025-04-18 23:35:00,0.128578,4.193086,2.966353,0.999 omega + 0.026 omega^2 + 0.109 omega^3,0.000,0.0000000000e+00,0.0000000000e+00,0.0000000000e+00,0.0000000000e+00,0.0000000000e+00,0.0000000000e+00,0.0000000000e+00,0.0000000000e+00,0.0000000000e+00,0.0000000000e+00
68271,2025-04-18 23:40:00,0.081202,8.289915,5.862136,1.018 omega + -0.004 theta omega + 0.028 omega^2 + -0.631 omega^3,-0.041 theta omega^2,0.0000000000e+00,0.0000000000e+00,0.0000000000e+00,0.0000000000e+00,0.0000000000e+00,0.0000000000e+00,0.0000000000e+00,0.0000000000e+00,-4.1276309913e-02,0.0000000000e+00
68272,2025-04-18 23:45:00,0.060751,1.832498,1.296483,1.015 omega + -0.002 theta omega,0.000,0.0000000000e+00,0.0000000000e+00,0.0000000000e+00,0.0000000000e+00,0.0000000000e+00,0.0000000000e+00,0.0000000000e+00,0.0000000000e+00,0.0000000000e+00,0.0000000000e+00
68273,2025-04-18 23:50:00,0.226397,30.260042,21.397680,0.993 omega + -0.024 omega^2 + 0.255 omega^3,0.000,0.0000000000e+00,0.0000000000e+00,0.0000000000e+00,0.0000000000e+00,0.0000000000e+00,0.0000000000e+00,0.0000000000e+00,0.0000000000e+00,0.0000000000e+00,0.0000000000e+00
68274,2025-04-18 23:55:00,0.152237,21.218212,15.003928,0.997 omega + -0.056 omega^2,0.000,0.0000000000e+00,0.0000000000e+00,0.0000000000e+00,0.0000000000e+00,0.0000000000e+00,0.0000000000e+00,0.0000000000e+00,0.0000000000e+00,0.0000000000e+00,0.0000000000e+00
68275,2025-04-19 00:00:00,0.071824,4.757452,3.364410,0.999 omega + -0.002 theta omega + -0.001 theta^2 omega + -0.023 theta omega^2,-0.426 omega^2 + -0.193 theta omega^2,0.0000000000e+00,0.0000000000e+00,0.0000000000e+00,0.0000000000e+00,0.0000000000e+00,-4.2617403291e-01,0.0000000000e+00,0.0000000000e+00,-1.9304376950e-01,0.0000000000e+00
68276,2025-04-19 00:05:00,0.158075,15.461333,10.933385,0.999 omega,0.000,0.0000000000e+00,0.0000000000e+00,0.0000000000e+00,0.0000000000e+00,0.0000000000e+00,0.0000000000e+00,0.0000000000e+00,0.0000000000e+00,0.0000000000e+00,0.0000000000e+00
68277,2025-04-19 00:10:00,0.075901,5.738082,4.057791,0.998 omega + 0.008 omega^2,0.000,0.0000000000e+00,0.0000000000e+00,0.0000000000e+00,0.0000000000e+00,0.0000000000e+00,0.0000000000e+00,0.0000000000e+00,0.0000000000e+00,0.0000000000e+00,0.0000000000e+00
68278,2025-04-19 00:15:00,0.094315,14.179687,10.026775,0.999 omega + 0.078 omega^2 + -0.023 theta omega^2,0.000,0.0000000000e+00,0.0000000000e+00,0.0000000000e+00,0.0000000000e+00,0.0000000000e+00,0.0000000000e+00,0.0000000000e+00,0.0000000000e+00,0.0000000000e+00,0.0000000000e+00
68279,2025-04-19 00:20:00,0.071518,10.106213,7.146351,0.993 omega + 0.001 theta omega + 0.006 omega^2,0.000,0.0000000000e+00,0.0000000000e+00,0.0000000000e+00,0.0000000000e+00,0.0000000000e+00,0.0000000000e+00,0.0000000000e+00,0.0000000000e+00,0.0000000000e+00,0.0000000000e+00
68280,2025-04-19 00:25:00,0.125553,7.622818,5.390877,0.998 omega + 0.004 omega^2,0.000,0.0000000000e+00,0.0000000000e+00,0.0000000000e+00,0.0000000000e+00,0.0000000000e+00,0.0000000000e+00,0.0000000000e+00,0.0000000000e+00,0.0000000000e+00,0.0000000000e+00
68281,2025-04-19 00:30:00,0.061773,4.967230,3.512634,1.004 omega + 0.017 omega^2 + -0.003 theta omega^2,0.000,0.0000000000e+00,0.0000000000e+00,0.0000000000e+00,0.0000000000e+00,0.0000000000e+00,0.0000000000e+00,0.0000000000e+00,0.0000000000e+00,0.0000000000e+00,0.0000000000e+00
68282,2025-04-19 00:35:00,0.102916,16.254351,11.493792,1.005 omega + -0.029 omega^2 + -0.458 omega^3,0.000,0.0000000000e+00,0.0000000000e+00,0.0000000000e+00,0.0000000000e+00,0.0000000000e+00,0.0000000000e+00,0.0000000000e+00,0.0000000000e+00,0.0000000000e+00,0.0000000000e+00
68283,2025-04-19 00:40:00,0.070447,6.102750,4.315583,1.007 omega + 0.030 omega^2,0.000,0.0000000000e+00,0.0000000000e+00,0.0000000000e+00,0.0000000000e+00,0.0000000000e+00,0.0000000000e+00,0.0000000000e+00,0.0000000000e+00,0.0000000000e+00,0.0000000000e+00
68284,2025-04-19 00:45:00,0.082776,10.438802,7.381579,0.998 omega + 0.070 omega^2,0.000,0.0000000000e+00,0.0000000000e+00,0.0000000000e+00,0.0000000000e+00,0.0000000000e+00,0.0000000000e+00,0.0000000000e+00,0.0000000000e+00,0.0000000000e+00,0.0000000000e+00
68285,2025-04-19 00:50:00,0.072793,4.388432,3.103517,1.003 omega + -0.012 omega^2,0.000,0.0000000000e+00,0.0000000000e+00,0.0000000000e+00,0.0000000000e+00,0.0000000000e+00,0.0000000000e+00,0.0000000000e+00,0.0000000000e+00,0.0000000000e+00,0.0000000000e+00
68286,2025-04-19 00:55:00,0.038413,5.277798,3.732065,0.002 1 + 0.963 omega + 0.147 omega^2 + -0.002 theta omega^2,0.000,0.0000000000e+00,0.0000000000e+00,0.0000000000e+00,0.0000000000e+00,0.0000000000e+00,0.0000000000e+00,0.0000000000e+00,0.0000000000e+00,0.0000000000e+00,0.0000000000e+00
68287,2025-04-19 01:00:00,0.178622,18.890245,13.358017,1.003 omega + 0.006 omega^2 + -0.001 theta omega^2,0.000,0.0000000000e+00,0.0000000000e+00,0.0000000000e+00,0.0000000000e+00,0.0000000000e+00,0.0000000000e+00,0.0000000000e+00,0.0000000000e+00,0.0000000000e+00,0.0000000000e+00
68288,2025-04-19 01:05:00,0.040371,2.042834,1.444784,-0.005 1 + 1.073 omega + -0.349 omega^2 + 0.538 omega^3,0.000,0.0000000000e+00,0.0000000000e+00,0.0000000000e+00,0.0000000000e+00,0.0000000000e+00,0.0000000000e+00,0.0000000000e+00,0.0000000000e+00,0.0000000000e+00,0.0000000000e+00
68289,2025-04-19 01:10:00,0.110983,12.298052,8.696390,1.001 omega + -0.022 omega^2,0.000,0.0000000000e+00,0.0000000000e+00,0.0000000000e+00,0.0000000000e+00,0.0000000000e+00,0.0000000000e+00,0.0000000000e+00,0.0000000000e+00,0.0000000000e+00,0.0000000000e+00
68290,2025-04-19 01:15:00,0.166974,9.026919,6.384088,1.007 omega + 0.016 omega^2,0.000,0.0000000000e+00,0.0000000000e+00,0.0000000000e+00,0.0000000000e+00,0.0000000000e+00,0.0000000000e+00,0.0000000000e+00,0.0000000000e+00,0.0000000000e+00,0.0000000000e+00
68291,2025-04-19 01:20:00,0.144220,19.570725,13.838968,0.023 1 + 1.240 omega + 0.817 omega^2 + 0.891 omega^3,0.000,0.0000000000e+00,0.0000000000e+00,0.0000000000e+00,0.0000000000e+00,0.0000000000e+00,0.0000000000e+00,0.0000000000e+00,0.0000000000e+00,0.0000000000e+00,0.0000000000e+00
68292,2025-04-19 01:25:00,0.130541,12.359689,8.740107,1.001 omega + 0.016 omega^2,0.000,0.0000000000e+00,0.0000000000e+00,0.0000000000e+00,0.0000000000e+00,0.0000000000e+00,0.0000000000e+00,0.0000000000e+00,0.0000000000e+00,0.0000000000e+00,0.0000000000e+00
68293,2025-04-19 01:30:00,0.083090,3.398689,2.403954,1.019 omega + -0.002 theta omega + -0.038 omega^2,0.000,0.0000000000e+00,0.0000000000e+00,0.0000000000e+00,0.0000000000e+00,0.0000000000e+00,0.0000000000e+00,0.0000000000e+00,0.0000000000e+00,0.0000000000e+00,0.0000000000e+00
68294,2025-04-19 01:35:00,0.036369,2.928312,2.070789,-0.005 1 + 0.889 omega + -0.669 omega^2 + -0.003 theta omega^2 + -1.141 omega^3,0.000,0.0000000000e+00,0.0000000000e+00,0.0000000000e+00,0.0000000000e+00,0.0000000000e+00,0.0000000000e+00,0.0000000000e+00,0.0000000000e+00,0.0000000000e+00,0.0000000000e+00
68295,2025-04-19 01:40:00,0.055841,7.513015,5.312651,1.000 omega + 0.005 omega^2,0.000,0.0000000000e+00,0.0000000000e+00,0.0000000000e+00,0.0000000000e+00,0.0000000000e+00,0.0000000000e+00,0.0000000000e+00,0.0000000000e+00,0.0000000000e+00,0.0000000000e+00
68296,2025-04-19 01:45:00,0.050399,5.289533,3.740435,0.990 omega + -0.081 omega^2 + -0.197 omega^3,0.000,0.0000000000e+00,0.0000000000e+00,0.0000000000e+00,0.0000000000e+00,0.0000000000e+00,0.0000000000e+00,0.0000000000e+00,0.0000000000e+00,0.0000000000e+00,0.0000000000e+00
68297,2025-04-19 01:50:00,0.071308,9.723073,6.875436,1.006 omega + 0.102 omega^2 + 0.293 omega^3,0.000,0.0000000000e+00,0.0000000000e+00,0.0000000000e+00,0.0000000000e+00,0.0000000000e+00,0.0000000000e+00,0.0000000000e+00,0.0000000000e+00,0.0000000000e+00,0.0000000000e+00
68298,2025-04-19 01:55:00,0.100028,9.584929,6.777938,1.003 omega + -0.027 omega^2 + -0.217 omega^3,0.000,0.0000000000e+00,0.0000000000e+00,0.0000000000e+00,0.0000000000e+00,0.0000000000e+00,0.0000000000e+00,0.0000000000e+00,0.0000000000e+00,0.0000000000e+00,0.0000000000e+00
68299,2025-04-19 02:00:00,0.160000,15.268292,10.796905,0.993 omega + -0.024 omega^2 + -0.003 omega^3,0.000,0.0000000000e+00,0.0000000000e+00,0.0000000000e+00,0.0000000000e+00,0.0000000000e+00,0.0000000000e+00,0.0000000000e+00,0.0000000000e+00,0.0000000000e+00,0.0000000000e+00
68300,2025-04-19 02:05:00,0.063554,4.165411,2.945733,1.016 omega + -0.012 theta omega + -0.043 omega^2 + 0.002 theta^2 omega,-0.032 theta omega^2,0.0000000000e+00,0.0000000000e+00,0.0000000000e+00,0.0000000000e+00,0.0000000000e+00,0.0000000000e+00,0.0000000000e+00,0.0000000000e+00,-3.2284560863e-02,0.0000000000e+00
68301,2025-04-19 02:10:00,0.058583,4.754294,3.362049,1.000 omega + -0.016 omega^2,0.000,0.0000000000e+00,0.0000000000e+00,0.0000000000e+00,0.0000000000e+00,0.0000000000e+00,0.0000000000e+00,0.0000000000e+00,0.0000000000e+00,0.0000000000e+00,0.0000000000e+00
68302,2025-04-19 02:15:00,0.113460,17.308615,12.239302,1.001 omega + -0.015 omega^2,0.000,0.0000000000e+00,0.0000000000e+00,0.0000000000e+00,0.0000000000e+00,0.0000000000e+00,0.0000000000e+00,0.0000000000e+00,0.0000000000e+00,0.0000000000e+00,0.0000000000e+00
68303,2025-04-19 02:20:00,0.127431,7.121683,5.036597,1.000 omega + 0.004 omega^2,0.000,0.0000000000e+00,0.0000000000e+00,0.0000000000e+00,0.0000000000e+00,0.0000000000e+00,0.0000000000e+00,0.0000000000e+00,0.0000000000e+00,0.0000000000e+00,0.0000000000e+00
68304,2025-04-19 02:25:00,0.087372,6.732410,4.760933,0.999 omega + 0.027 omega^3,-0.049 theta omega^2,0.0000000000e+00,0.0000000000e+00,0.0000000000e+00,0.0000000000e+00,0.0000000000e+00,0.0000000000e+00,0.0000000000e+00,0.0000000000e+00,-4.9061407601e-02,0.0000000000e+00
68305,2025-04-19 02:30:00,0.162573,11.831527,8.366943,0.999 omega,0.000,0.0000000000e+00,0.0000000000e+00,0.0000000000e+00,0.0000000000e+00,0.0000000000e+00,0.0000000000e+00,0.0000000000e+00,0.0000000000e+00,0.0000000000e+00,0.0000000000e+00
68306,2025-04-19 02:35:00,0.163376,22.651221,16.017249,1.001 omega + -0.001 theta omega + -0.013 omega^2,0.000,0.0000000000e+00,0.0000000000e+00,0.0000000000e+00,0.0000000000e+00,0.0000000000e+00,0.0000000000e+00,0.0000000000e+00,0.0000000000e+00,0.0000000000e+00,0.0000000000e+00
68307,2025-04-19 02:40:00,0.124069,19.645782,13.891943,1.004 omega + -0.020 omega^2 + -0.012 theta omega^2 + -0.230 omega^3,-0.019 theta omega^2,0.0000000000e+00,0.0000000000e+00,0.0000000000e+00,0.0000000000e+00,0.0000000000e+00,0.0000000000e+00,0.0000000000e+00,0.0000000000e+00,-1.8859007432e-02,0.0000000000e+00
68308,2025-04-19 02:45:00,0.074383,11.484423,8.120884,1.010 omega + 0.091 omega^2,0.000,0.0000000000e+00,0.0000000000e+00,0.0000000000e+00,0.0000000000e+00,0.0000000000e+00,0.0000000000e+00,0.0000000000e+00,0.0000000000e+00,0.0000000000e+00,0.0000000000e+00
68309,2025-04-19 02:50:00,0.146334,16.534230,11.691924,0.997 omega + 0.029 omega^2 + 0.171 omega^3,0.000,0.0000000000e+00,0.0000000000e+00,0.0000000000e+00,0.0000000000e+00,0.0000000000e+00,0.0000000000e+00,0.0000000000e+00,0.0000000000e+00,0.0000000000e+00,0.0000000000e+00
68310,2025-04-19 02:55:00,0.047303,4.114800,2.909796,0.993 omega + -0.051 omega^2 + -0.001 theta omega^2,0.000,0.0000000000e+00,0.0000000000e+00,0.0000000000e+00,0.0000000000e+00,0.0000000000e+00,0.0000000000e+00,0.0000000000e+00,0.0000000000e+00,0.0000000000e+00,0.0000000000e+00
68311,2025-04-19 03:00:00,0.104625,10.425661,7.372427,0.001 1 + 1.031 omega + 0.249 omega^2 + 0.568 omega^3,0.000,0.0000000000e+00,0.0000000000e+00,0.0000000000e+00,0.0000000000e+00,0.0000000000e+00,0.0000000000e+00,0.0000000000e+00,0.0000000000e+00,0.0000000000e+00,0.0000000000e+00
68312,2025-04-19 03:05:00,0.067795,8.874120,6.275134,1.014 omega + 0.047 omega^2 + 0.006 omega^3,0.027 omega + 0.085 omega^2,0.0000000000e+00,0.0000000000e+00,2.6973703894e-02,0.0000000000e+00,0.0000000000e+00,8.4916975052e-02,0.0000000000e+00,0.0000000000e+00,0.0000000000e+00,0.0000000000e+00
68313,2025-04-19 03:10:00,0.073298,5.910184,4.179452,0.001 1 + 1.017 omega + 0.118 omega^2 + 0.217 omega^3,0.000,0.0000000000e+00,0.0000000000e+00,0.0000000000e+00,0.0000000000e+00,0.0000000000e+00,0.0000000000e+00,0.0000000000e+00,0.0000000000e+00,0.0000000000e+00,0.0000000000e+00
68314,2025-04-19 03:15:00,0.057233,7.465069,5.278756,0.001 1 + 1.013 omega + 0.028 omega^2,0.000,0.0000000000e+00,0.0000000000e+00,0.0000000000e+00,0.0000000000e+00,0.0000000000e+00,0.0000000000e+00,0.0000000000e+00,0.0000000000e+00,0.0000000000e+00,0.0000000000e+00
68315,2025-04-19 03:20:00,0.052875,5.218930,3.690530,0.001 1 + 1.007 omega,0.000,0.0000000000e+00,0.0000000000e+00,0.0000000000e+00,0.0000000000e+00,0.0000000000e+00,0.0000000000e+00,0.0000000000e+00,0.0000000000e+00,0.0000000000e+00,0.0000000000e+00
68316,2025-04-19 03:25:00,0.097322,4.331512,3.063615,1.000 omega + -0.023 omega^2 + -0.070 omega^3,0.000,0.0000000000e+00,0.0000000000e+00,0.0000000000e+00,0.0000000000e+00,0.0000000000e+00,0.0000000000e+00,0.0000000000e+00,0.0000000000e+00,0.0000000000e+00,0.0000000000e+00
68317,2025-04-19 03:30:00,0.129208,21.450123,15.167802,1.011 omega + 0.061 omega^2 + 0.055 omega^3,0.000,0.0000000000e+00,0.0000000000e+00,0.0000000000e+00,0.0000000000e+00,0.0000000000e+00,0.0000000000e+00,0.0000000000e+00,0.0000000000e+00,0.0000000000e+00,0.0000000000e+00
68318,2025-04-19 03:35:00,0.129875,20.688959,14.629591,1.006 omega + 0.304 omega^2 + -0.012 theta omega^2 + -1.091 omega^3,0.000,0.0000000000e+00,0.0000000000e+00,0.0000000000e+00,0.0000000000e+00,0.0000000000e+00,0.0000000000e+00,0.0000000000e+00,0.0000000000e+00,0.0000000000e+00,0.0000000000e+00
68319,2025-04-19 03:40:00,0.112758,14.535780,10.278658,0.999 omega + 0.004 omega^2,0.000,0.0000000000e+00,0.0000000000e+00,0.0000000000e+00,0.0000000000e+00,0.0000000000e+00,0.0000000000e+00,0.0000000000e+00,0.0000000000e+00,0.0000000000e+00,0.0000000000e+00
68320,2025-04-19 03:45:00,0.126752,20.600953,14.567350,1.005 omega + -0.042 omega^2 + -0.006 theta omega^2,0.000,0.0000000000e+00,0.0000000000e+00,0.0000000000e+00,0.0000000000e+00,0.0000000000e+00,0.0000000000e+00,0.0000000000e+00,0.0000000000e+00,0.0000000000e+00,0.0000000000e+00
68321,2025-04-19 03:50:00,0.066356,10.186705,7.203241,1.014 omega + 0.072 omega^2 + -0.005 theta omega^2,0.000,0.0000000000e+00,0.0000000000e+00,0.0000000000e+00,0.0000000000e+00,0.0000000000e+00,0.0000000000e+00,0.0000000000e+00,0.0000000000e+00,0.0000000000e+00,0.0000000000e+00
68322,2025-04-19 03:55:00,0.154277,18.252871,12.907190,1.002 omega + -0.021 omega^2 + -0.002 theta omega^2,0.000,0.0000000000e+00,0.0000000000e+00,0.0000000000e+00,0.0000000000e+00,0.0000000000e+00,0.0000000000e+00,0.0000000000e+00,0.0000000000e+00,0.0000000000e+00,0.0000000000e+00
68323,2025-04-19 04:00:00,0.160245,7.198904,5.091655,0.997 omega + 0.005 omega^2 + 0.065 omega^3,0.000,0.0000000000e+00,0.0000000000e+00,0.0000000000e+00,0.0000000000e+00,0.0000000000e+00,0.0000000000e+00,0.0000000000e+00,0.0000000000e+00,0.0000000000e+00,0.0000000000e+00
68324,2025-04-19 04:05:00,0.096985,5.123942,3.623823,1.008 omega + 0.001 theta omega + 0.006 omega^2,0.000,0.0000000000e+00,0.0000000000e+00,0.0000000000e+00,0.0000000000e+00,0.0000000000e+00,0.0000000000e+00,0.0000000000e+00,0.0000000000e+00,0.0000000000e+00,0.0000000000e+00
68325,2025-04-19 04:10:00,0.152627,18.070482,12.778216,1.010 omega + 0.040 omega^2,0.000,0.0000000000e+00,0.0000000000e+00,0.0000000000e+00,0.0000000000e+00,0.0000000000e+00,0.0000000000e+00,0.0000000000e+00,0.0000000000e+00,0.0000000000e+00,0.0000000000e+00
68326,2025-04-19 04:15:00,0.130188,14.400493,10.183103,0.999 omega + 0.001 omega^2,0.000,0.0000000000e+00,0.0000000000e+00,0.0000000000e+00,0.0000000000e+00,0.0000000000e+00,0.0000000000e+00,0.0000000000e+00,0.0000000000e+00,0.0000000000e+00,0.0000000000e+00
68327,2025-04-19 04:20:00,0.118994,13.731116,9.709730,1.004 omega + 0.014 omega^2 + -0.039 omega^3,0.000,0.0000000000e+00,0.0000000000e+00,0.0000000000e+00,0.0000000000e+00,0.0000000000e+00,0.0000000000e+00,0.0000000000e+00,0.0000000000e+00,0.0000000000e+00,0.0000000000e+00
68328,2025-04-19 04:25:00,0.074895,2.469132,1.746743,0.998 omega + 0.010 omega^2,0.000,0.0000000000e+00,0.0000000000e+00,0.0000000000e+00,0.0000000000e+00,0.0000000000e+00,0.0000000000e+00,0.0000000000e+00,0.0000000000e+00,0.0000000000e+00,0.0000000000e+00
68329,2025-04-19 04:30:00,0.094781,11.856139,8.383824,1.002 omega + -0.026 omega^2 + 0.081 omega^3,0.000,0.0000000000e+00,0.0000000000e+00,0.0000000000e+00,0.0000000000e+00,0.0000000000e+00,0.0000000000e+00,0.0000000000e+00,0.0000000000e+00,0.0000000000e+00,0.0000000000e+00
68330,2025-04-19 04:35:00,0.099540,10.490964,7.418566,1.003 omega + 0.019 omega^2,0.000,0.0000000000e+00,0.0000000000e+00,0.0000000000e+00,0.0000000000e+00,0.0000000000e+00,0.0000000000e+00,0.0000000000e+00,0.0000000000e+00,0.0000000000e+00,0.0000000000e+00
68331,2025-04-19 04:40:00,0.144672,19.420398,13.732676,1.010 omega + 0.053 omega^2,0.000,0.0000000000e+00,0.0000000000e+00,0.0000000000e+00,0.0000000000e+00,0.0000000000e+00,0.0000000000e+00,0.0000000000e+00,0.0000000000e+00,0.0000000000e+00,0.0000000000e+00
68332,2025-04-19 04:45:00,0.157739,22.546493,15.943168,1.022 omega + 0.158 omega^2 + 0.289 omega^3,0.000,0.0000000000e+00,0.0000000000e+00,0.0000000000e+00,0.0000000000e+00,0.0000000000e+00,0.0000000000e+00,0.0000000000e+00,0.0000000000e+00,0.0000000000e+00,0.0000000000e+00
68333,2025-04-19 04:50:00,0.070994,6.919795,4.893291,1.005 omega + 0.008 omega^2,0.000,0.0000000000e+00,0.0000000000e+00,0.0000000000e+00,0.0000000000e+00,0.0000000000e+00,0.0000000000e+00,0.0000000000e+00,0.0000000000e+00,0.0000000000e+00,0.0000000000e+00
68334,2025-04-19 04:55:00,0.159965,12.172116,8.607729,1.000 omega + 0.008 omega^2,0.000,0.0000000000e+00,0.0000000000e+00,0.0000000000e+00,0.0000000000e+00,0.0000000000e+00,0.0000000000e+00,0.0000000000e+00,0.0000000000e+00,0.0000000000e+00,0.0000000000e+00
68335,2025-04-19 05:00:00,0.097370,4.728990,3.344610,0.998 omega + -0.006 theta omega + 0.004 omega^2 + -0.034 theta omega^2,0.000,0.0000000000e+00,0.0000000000e+00,0.0000000000e+00,0.0000000000e+00,0.0000000000e+00,0.0000000000e+00,0.0000000000e+00,0.0000000000e+00,0.0000000000e+00,0.0000000000e+00
68336,2025-04-19 05:05:00,0.074612,11.366389,8.037424,0.007 1 + 1.072 omega + 0.237 omega^2 + 0.254 omega^3,0.000,0.0000000000e+00,0.0000000000e+00,0.0000000000e+00,0.0000000000e+00,0.0000000000e+00,0.0000000000e+00,0.0000000000e+00,0.0000000000e+00,0.0000000000e+00,0.0000000000e+00
68337,2025-04-19 05:10:00,0.023567,1.061893,0.751057,-0.028 1 + 0.627 omega + -1.607 omega^2 + -2.281 omega^3,0.000,0.0000000000e+00,0.0000000000e+00,0.0000000000e+00,0.0000000000e+00,0.0000000000e+00,0.0000000000e+00,0.0000000000e+00,0.0000000000e+00,0.0000000000e+00,0.0000000000e+00
68338,2025-04-19 05:15:00,0.041354,1.823461,1.289713,0.959 omega + -0.001 theta omega + -0.207 omega^2 + -0.005 theta omega^2,0.000,0.0000000000e+00,0.0000000000e+00,0.0000000000e+00,0.0000000000e+00,0.0000000000e+00,0.0000000000e+00,0.0000000000e+00,0.0000000000e+00,0.0000000000e+00,0.0000000000e+00
68339,2025-04-19 05:20:00,0.150268,14.476879,10.237250,0.973 omega + -0.014 theta omega + -0.137 omega^2 + -0.002 theta^2 omega + -0.039 theta omega^2,0.000,0.0000000000e+00,0.0000000000e+00,0.0000000000e+00,0.0000000000e+00,0.0000000000e+00,0.0000000000e+00,0.0000000000e+00,0.0000000000e+00,0.0000000000e+00,0.0000000000e+00
68340,2025-04-19 05:25:00,0.075560,8.611214,6.089282,0.976 omega + -0.006 theta omega + -0.216 omega^2 + -0.041 theta omega^2,0.000,0.0000000000e+00,0.0000000000e+00,0.0000000000e+00,0.0000000000e+00,0.0000000000e+00,0.0000000000e+00,0.0000000000e+00,0.0000000000e+00,0.0000000000e+00,0.0000000000e+00
68341,2025-04-19 05:30:00,0.113596,9.645877,6.821138,1.000 omega + -0.025 omega^2 + -0.003 theta omega^2,0.000,0.0000000000e+00,0.0000000000e+00,0.0000000000e+00,0.0000000000e+00,0.0000000000e+00,0.0000000000e+00,0.0000000000e+00,0.0000000000e+00,0.0000000000e+00,0.0000000000e+00
68342,2025-04-19 05:35:00,0.193131,20.902171,14.780698,0.996 omega + -0.006 omega^2,0.000,0.0000000000e+00,0.0000000000e+00,0.0000000000e+00,0.0000000000e+00,0.0000000000e+00,0.0000000000e+00,0.0000000000e+00,0.0000000000e+00,0.0000000000e+00,0.0000000000e+00
68343,2025-04-19 05:40:00,0.168473,16.200853,11.456352,1.005 omega + -0.045 omega^2 + -0.310 omega^3,0.000,0.0000000000e+00,0.0000000000e+00,0.0000000000e+00,0.0000000000e+00,0.0000000000e+00,0.0000000000e+00,0.0000000000e+00,0.0000000000e+00,0.0000000000e+00,0.0000000000e+00
68344,2025-04-19 05:45:00,0.154600,20.724014,14.654499,1.001 omega + 0.046 omega^2,0.000,0.0000000000e+00,0.0000000000e+00,0.0000000000e+00,0.0000000000e+00,0.0000000000e+00,0.0000000000e+00,0.0000000000e+00,0.0000000000e+00,0.0000000000e+00,0.0000000000e+00
68345,2025-04-19 05:50:00,0.195049,20.436682,14.451574,1.000 omega + -0.006 omega^2 + -0.024 omega^3,0.000,0.0000000000e+00,0.0000000000e+00,0.0000000000e+00,0.0000000000e+00,0.0000000000e+00,0.0000000000e+00,0.0000000000e+00,0.0000000000e+00,0.0000000000e+00,0.0000000000e+00
68346,2025-04-19 05:55:00,0.113014,12.384690,8.757663,0.992 omega + 0.012 omega^2 + 0.357 omega^3,-0.091 omega^2 + -0.024 theta omega^2,0.0000000000e+00,0.0000000000e+00,0.0000000000e+00,0.0000000000e+00,0.0000000000e+00,-9.0697537086e-02,0.0000000000e+00,0.0000000000e+00,-2.3929546944e-02,0.0000000000e+00
68347,2025-04-19 06:00:00,0.153372,19.879629,14.057439,0.994 omega + 0.313 omega^3,0.000,0.0000000000e+00,0.0000000000e+00,0.0000000000e+00,0.0000000000e+00,0.0000000000e+00,0.0000000000e+00,0.0000000000e+00,0.0000000000e+00,0.0000000000e+00,0.0000000000e+00
68348,2025-04-19 06:05:00,0.136950,14.289144,10.104414,1.003 omega + -0.032 omega^2 + -0.199 omega^3,-0.034 omega^2,0.0000000000e+00,0.0000000000e+00,0.0000000000e+00,0.0000000000e+00,0.0000000000e+00,-3.3878561582e-02,0.0000000000e+00,0.0000000000e+00,0.0000000000e+00,0.0000000000e+00
68349,2025-04-19 06:10:00,0.044621,5.073413,3.587584,-0.004 1 + 0.957 omega + -0.131 omega^2,0.000,0.0000000000e+00,0.0000000000e+00,0.0000000000e+00,0.0000000000e+00,0.0000000000e+00,0.0000000000e+00,0.0000000000e+00,0.0000000000e+00,0.0000000000e+00,0.0000000000e+00
68350,2025-04-19 06:15:00,0.039114,3.721396,2.631569,0.002 1 + 1.024 omega + 0.036 omega^2 + -0.002 theta omega^2,0.000,0.0000000000e+00,0.0000000000e+00,0.0000000000e+00,0.0000000000e+00,0.0000000000e+00,0.0000000000e+00,0.0000000000e+00,0.0000000000e+00,0.0000000000e+00,0.0000000000e+00
68351,2025-04-19 06:20:00,0.071761,6.554640,4.635108,0.991 omega + -0.001 theta omega + -0.366 omega^2 + -0.073 theta omega^2,-0.011 theta omega^2,0.0000000000e+00,0.0000000000e+00,0.0000000000e+00,0.0000000000e+00,0.0000000000e+00,0.0000000000e+00,0.0000000000e+00,0.0000000000e+00,-1.1464816290e-02,0.0000000000e+00
68352,2025-04-19 06:25:00,0.057017,3.047005,2.154935,0.993 omega + -0.001 theta omega + -0.090 omega^2 + -0.009 theta omega^2,0.000,0.0000000000e+00,0.0000000000e+00,0.0000000000e+00,0.0000000000e+00,0.0000000000e+00,0.0000000000e+00,0.0000000000e+00,0.0000000000e+00,0.0000000000e+00,0.0000000000e+00
68353,2025-04-19 06:30:00,0.071692,6.018519,4.256038,0.985 omega + -0.002 theta omega + 0.386 omega^3,-0.026 theta omega^2,0.0000000000e+00,0.0000000000e+00,0.0000000000e+00,0.0000000000e+00,0.0000000000e+00,0.0000000000e+00,0.0000000000e+00,0.0000000000e+00,-2.6373316884e-02,0.0000000000e+00
68354,2025-04-19 06:35:00,0.067115,6.089253,4.306013,1.026 omega + -0.005 theta omega + -0.060 omega^2,-0.018 theta omega^2,0.0000000000e+00,0.0000000000e+00,0.0000000000e+00,0.0000000000e+00,0.0000000000e+00,0.0000000000e+00,0.0000000000e+00,0.0000000000e+00,-1.7951462383e-02,0.0000000000e+00
68355,2025-04-19 06:40:00,0.092053,6.227477,4.403972,1.002 omega + 0.003 omega^2,0.000,0.0000000000e+00,0.0000000000e+00,0.0000000000e+00,0.0000000000e+00,0.0000000000e+00,0.0000000000e+00,0.0000000000e+00,0.0000000000e+00,0.0000000000e+00,0.0000000000e+00
68356,2025-04-19 06:45:00,0.106539,14.172558,10.021795,0.991 omega + 0.001 theta omega + 0.073 omega^2 + -0.011 theta omega^2,0.000,0.0000000000e+00,0.0000000000e+00,0.0000000000e+00,0.0000000000e+00,0.0000000000e+00,0.0000000000e+00,0.0000000000e+00,0.0000000000e+00,0.0000000000e+00,0.0000000000e+00
68357,2025-04-19 06:50:00,0.131495,11.870765,8.394413,1.001 omega + -0.007 omega^2 + -0.002 omega^3,0.000,0.0000000000e+00,0.0000000000e+00,0.0000000000e+00,0.0000000000e+00,0.0000000000e+00,0.0000000000e+00,0.0000000000e+00,0.0000000000e+00,0.0000000000e+00,0.0000000000e+00
68358,2025-04-19 06:55:00,0.095290,8.316360,5.880941,0.996 omega + 0.010 omega^2 + 0.263 omega^3,0.000,0.0000000000e+00,0.0000000000e+00,0.0000000000e+00,0.0000000000e+00,0.0000000000e+00,0.0000000000e+00,0.0000000000e+00,0.0000000000e+00,0.0000000000e+00,0.0000000000e+00
68359,2025-04-19 07:00:00,0.046512,5.759875,4.072980,1.003 omega + -0.026 omega^2,0.000,0.0000000000e+00,0.0000000000e+00,0.0000000000e+00,0.0000000000e+00,0.0000000000e+00,0.0000000000e+00,0.0000000000e+00,0.0000000000e+00,0.0000000000e+00,0.0000000000e+00
68360,2025-04-19 07:05:00,0.049308,2.435726,1.722671,0.995 omega + 0.002 theta omega + -0.018 theta omega^2,0.000,0.0000000000e+00,0.0000000000e+00,0.0000000000e+00,0.0000000000e+00,0.0000000000e+00,0.0000000000e+00,0.0000000000e+00,0.0000000000e+00,0.0000000000e+00,0.0000000000e+00
68361,2025-04-19 07:10:00,0.069543,4.218904,2.983621,1.022 omega + -0.053 omega^2 + -0.003 theta^2 omega + -1.604 omega^3,0.000,0.0000000000e+00,0.0000000000e+00,0.0000000000e+00,0.0000000000e+00,0.0000000000e+00,0.0000000000e+00,0.0000000000e+00,0.0000000000e+00,0.0000000000e+00,0.0000000000e+00
68362,2025-04-19 07:15:00,0.063334,4.945638,3.497381,1.001 omega + 0.011 theta omega + -0.004 theta^2 omega + -0.039 theta omega^2,0.000,0.0000000000e+00,0.0000000000e+00,0.0000000000e+00,0.0000000000e+00,0.0000000000e+00,0.0000000000e+00,0.0000000000e+00,0.0000000000e+00,0.0000000000e+00,0.0000000000e+00
68363,2025-04-19 07:20:00,0.110916,11.330060,8.011946,1.009 omega + 0.059 omega^2,0.000,0.0000000000e+00,0.0000000000e+00,0.0000000000e+00,0.0000000000e+00,0.0000000000e+00,0.0000000000e+00,0.0000000000e+00,0.0000000000e+00,0.0000000000e+00,0.0000000000e+00
68364,2025-04-19 07:25:00,0.059711,7.556779,5.343617,0.931 omega + -0.013 theta omega + -0.837 omega^2 + -0.167 theta omega^2,0.000,0.0000000000e+00,0.0000000000e+00,0.0000000000e+00,0.0000000000e+00,0.0000000000e+00,0.0000000000e+00,0.0000000000e+00,0.0000000000e+00,0.0000000000e+00,0.0000000000e+00
68365,2025-04-19 07:30:00,0.092503,11.570650,8.181946,1.010 omega + 0.001 omega^2 + -0.032 theta omega^2,0.000,0.0000000000e+00,0.0000000000e+00,0.0000000000e+00,0.0000000000e+00,0.0000000000e+00,0.0000000000e+00,0.0000000000e+00,0.0000000000e+00,0.0000000000e+00,0.0000000000e+00
68366,2025-04-19 07:35:00,0.061677,4.327654,3.060425,1.015 omega + 0.008 theta omega + 0.001 theta^2 omega,0.000,0.0000000000e+00,0.0000000000e+00,0.0000000000e+00,0.0000000000e+00,0.0000000000e+00,0.0000000000e+00,0.0000000000e+00,0.0000000000e+00,0.0000000000e+00,0.0000000000e+00
68367,2025-04-19 07:40:00,0.120322,18.026284,12.746791,1.001 omega + -0.013 theta omega^2,0.000,0.0000000000e+00,0.0000000000e+00,0.0000000000e+00,0.0000000000e+00,0.0000000000e+00,0.0000000000e+00,0.0000000000e+00,0.0000000000e+00,0.0000000000e+00,0.0000000000e+00
68368,2025-04-19 07:45:00,0.058009,3.236178,2.288691,1.009 omega + 0.002 theta omega + -0.001 theta omega^2,0.000,0.0000000000e+00,0.0000000000e+00,0.0000000000e+00,0.0000000000e+00,0.0000000000e+00,0.0000000000e+00,0.0000000000e+00,0.0000000000e+00,0.0000000000e+00,0.0000000000e+00
68369,2025-04-19 07:50:00,0.063624,6.199337,4.383824,1.005 omega + -0.061 omega^2 + -0.013 theta omega^2,0.000,0.0000000000e+00,0.0000000000e+00,0.0000000000e+00,0.0000000000e+00,0.0000000000e+00,0.0000000000e+00,0.0000000000e+00,0.0000000000e+00,0.0000000000e+00,0.0000000000e+00
68370,2025-04-19 07:55:00,0.055690,3.731743,2.639034,0.986 omega + -0.008 theta omega,-0.063 theta omega^2,0.0000000000e+00,0.0000000000e+00,0.0000000000e+00,0.0000000000e+00,0.0000000000e+00,0.0000000000e+00,0.0000000000e+00,0.0000000000e+00,-6.2577051589e-02,0.0000000000e+00
68371,2025-04-19 08:00:00,0.065312,9.076538,6.418248,0.002 1 + 0.951 omega + 0.365 omega^2 + -0.793 omega^3,0.000,0.0000000000e+00,0.0000000000e+00,0.0000000000e+00,0.0000000000e+00,0.0000000000e+00,0.0000000000e+00,0.0000000000e+00,0.0000000000e+00,0.0000000000e+00,0.0000000000e+00
68372,2025-04-19 08:05:00,0.080674,11.051114,7.814526,0.998 omega + -0.130 omega^2 + -0.050 theta omega^2,-0.040 theta omega^2,0.0000000000e+00,0.0000000000e+00,0.0000000000e+00,0.0000000000e+00,0.0000000000e+00,0.0000000000e+00,0.0000000000e+00,0.0000000000e+00,-3.9586609042e-02,0.0000000000e+00
68373,2025-04-19 08:10:00,0.047311,2.999864,2.121488,0.991 omega + -0.012 theta omega + -0.002 theta^2 omega,0.000,0.0000000000e+00,0.0000000000e+00,0.0000000000e+00,0.0000000000e+00,0.0000000000e+00,0.0000000000e+00,0.0000000000e+00,0.0000000000e+00,0.0000000000e+00,0.0000000000e+00
68374,2025-04-19 08:15:00,0.069694,8.979416,6.349597,0.999 omega + -0.001 theta omega,0.000,0.0000000000e+00,0.0000000000e+00,0.0000000000e+00,0.0000000000e+00,0.0000000000e+00,0.0000000000e+00,0.0000000000e+00,0.0000000000e+00,0.0000000000e+00,0.0000000000e+00
68375,2025-04-19 08:20:00,0.057569,3.751074,2.652722,1.018 omega + -0.005 theta omega + 0.173 omega^2 + -0.065 theta omega^2,-0.035 theta omega^2,0.0000000000e+00,0.0000000000e+00,0.0000000000e+00,0.0000000000e+00,0.0000000000e+00,0.0000000000e+00,0.0000000000e+00,0.0000000000e+00,-3.5257379296e-02,0.0000000000e+00
68376,2025-04-19 08:25:00,0.077623,10.128744,7.162314,0.986 omega + -0.009 theta omega + -0.001 theta^2 omega,0.000,0.0000000000e+00,0.0000000000e+00,0.0000000000e+00,0.0000000000e+00,0.0000000000e+00,0.0000000000e+00,0.0000000000e+00,0.0000000000e+00,0.0000000000e+00,0.0000000000e+00
68377,2025-04-19 08:30:00,0.065678,4.956690,3.505217,0.988 omega + -0.008 theta omega + -0.265 omega^2 + -0.001 theta^2 omega + -0.056 theta omega^2,0.000,0.0000000000e+00,0.0000000000e+00,0.0000000000e+00,0.0000000000e+00,0.0000000000e+00,0.0000000000e+00,0.0000000000e+00,0.0000000000e+00,0.0000000000e+00,0.0000000000e+00
68378,2025-04-19 08:35:00,0.035379,2.813511,1.989610,1.004 omega + -0.037 omega^2 + -0.014 theta omega^2,0.000,0.0000000000e+00,0.0000000000e+00,0.0000000000e+00,0.0000000000e+00,0.0000000000e+00,0.0000000000e+00,0.0000000000e+00,0.0000000000e+00,0.0000000000e+00,0.0000000000e+00
68379,2025-04-19 08:40:00,0.111452,18.396097,13.008243,0.997 omega + -0.001 theta omega + -0.147 omega^2 + -0.048 theta omega^2,0.000,0.0000000000e+00,0.0000000000e+00,0.0000000000e+00,0.0000000000e+00,0.0000000000e+00,0.0000000000e+00,0.0000000000e+00,0.0000000000e+00,0.0000000000e+00,0.0000000000e+00
68380,2025-04-19 08:45:00,0.135899,17.602289,12.447069,1.002 omega + -0.004 theta omega^2,0.000,0.0000000000e+00,0.0000000000e+00,0.0000000000e+00,0.0000000000e+00,0.0000000000e+00,0.0000000000e+00,0.0000000000e+00,0.0000000000e+00,0.0000000000e+00,0.0000000000e+00
68381,2025-04-19 08:50:00,0.085113,11.547619,8.165621,1.001 omega + -0.003 theta omega^2,0.000,0.0000000000e+00,0.0000000000e+00,0.0000000000e+00,0.0000000000e+00,0.0000000000e+00,0.0000000000e+00,0.0000000000e+00,0.0000000000e+00,0.0000000000e+00,0.0000000000e+00
68382,2025-04-19 08:55:00,0.046522,2.231930,1.578556,1.024 omega + 0.007 theta omega + 0.185 omega^2 + 0.062 theta omega^2,0.000,0.0000000000e+00,0.0000000000e+00,0.0000000000e+00,0.0000000000e+00,0.0000000000e+00,0.0000000000e+00,0.0000000000e+00,0.0000000000e+00,0.0000000000e+00,0.0000000000e+00
68383,2025-04-19 09:00:00,0.041468,3.333369,2.357230,1.008 omega + 0.001 theta omega + 0.035 omega^2 + 0.003 theta omega^2,0.000,0.0000000000e+00,0.0000000000e+00,0.0000000000e+00,0.0000000000e+00,0.0000000000e+00,0.0000000000e+00,0.0000000000e+00,0.0000000000e+00,0.0000000000e+00,0.0000000000e+00
68384,2025-04-19 09:05:00,0.086503,11.350831,8.026483,1.003 omega + -0.052 omega^2,0.000,0.0000000000e+00,0.0000000000e+00,0.0000000000e+00,0.0000000000e+00,0.0000000000e+00,0.0000000000e+00,0.0000000000e+00,0.0000000000e+00,0.0000000000e+00,0.0000000000e+00
68385,2025-04-19 09:10:00,0.127262,16.211559,11.463657,0.996 omega + -0.008 omega^2,0.000,0.0000000000e+00,0.0000000000e+00,0.0000000000e+00,0.0000000000e+00,0.0000000000e+00,0.0000000000e+00,0.0000000000e+00,0.0000000000e+00,0.0000000000e+00,0.0000000000e+00
68386,2025-04-19 09:15:00,0.048311,4.803637,3.396856,1.005 omega + -0.003 theta omega + -0.003 theta^2 omega,0.000,0.0000000000e+00,0.0000000000e+00,0.0000000000e+00,0.0000000000e+00,0.0000000000e+00,0.0000000000e+00,0.0000000000e+00,0.0000000000e+00,0.0000000000e+00,0.0000000000e+00
68387,2025-04-19 09:20:00,0.126326,17.811658,12.595061,0.999 omega + -0.048 omega^2 + -0.331 omega^3,0.000,0.0000000000e+00,0.0000000000e+00,0.0000000000e+00,0.0000000000e+00,0.0000000000e+00,0.0000000000e+00,0.0000000000e+00,0.0000000000e+00,0.0000000000e+00,0.0000000000e+00
68388,2025-04-19 09:25:00,0.074609,10.953699,7.745614,1.006 omega + 0.011 omega^2 + -0.004 theta omega^2,0.000,0.0000000000e+00,0.0000000000e+00,0.0000000000e+00,0.0000000000e+00,0.0000000000e+00,0.0000000000e+00,0.0000000000e+00,0.0000000000e+00,0.0000000000e+00,0.0000000000e+00
68389,2025-04-19 09:30:00,0.061898,5.126535,3.625272,1.002 omega + -0.001 theta omega,0.012 omega,0.0000000000e+00,0.0000000000e+00,1.1513750411e-02,0.0000000000e+00,0.0000000000e+00,0.0000000000e+00,0.0000000000e+00,0.0000000000e+00,0.0000000000e+00,0.0000000000e+00
68390,2025-04-19 09:35:00,0.054830,6.041593,4.272227,0.984 omega + -0.014 theta omega + -0.003 theta^2 omega,0.000,0.0000000000e+00,0.0000000000e+00,0.0000000000e+00,0.0000000000e+00,0.0000000000e+00,0.0000000000e+00,0.0000000000e+00,0.0000000000e+00,0.0000000000e+00,0.0000000000e+00
68391,2025-04-19 09:40:00,0.147557,17.145437,12.124104,1.000 omega + 0.018 omega^2,0.000,0.0000000000e+00,0.0000000000e+00,0.0000000000e+00,0.0000000000e+00,0.0000000000e+00,0.0000000000e+00,0.0000000000e+00,0.0000000000e+00,0.0000000000e+00,0.0000000000e+00
68392,2025-04-19 09:45:00,0.074057,5.966732,4.219442,0.962 omega + 0.001 theta omega + 0.214 omega^2 + -0.006 theta omega^2,0.000,0.0000000000e+00,0.0000000000e+00,0.0000000000e+00,0.0000000000e+00,0.0000000000e+00,0.0000000000e+00,0.0000000000e+00,0.0000000000e+00,0.0000000000e+00,0.0000000000e+00
68393,2025-04-19 09:50:00,0.069582,10.021288,7.086292,0.997 omega + -0.005 theta omega + 0.190 omega^2 + -0.001 theta^2 omega,0.000,0.0000000000e+00,0.0000000000e+00,0.0000000000e+00,0.0000000000e+00,0.0000000000e+00,0.0000000000e+00,0.0000000000e+00,0.0000000000e+00,0.0000000000e+00,0.0000000000e+00
68394,2025-04-19 09:55:00,0.060498,9.246445,6.538364,1.014 omega + 0.002 theta omega + 0.042 omega^2 + -0.016 theta omega^2,0.000,0.0000000000e+00,0.0000000000e+00,0.0000000000e+00,0.0000000000e+00,0.0000000000e+00,0.0000000000e+00,0.0000000000e+00,0.0000000000e+00,0.0000000000e+00,0.0000000000e+00
68395,2025-04-19 10:00:00,0.056987,4.609672,3.259779,1.008 omega + -0.001 theta^2 omega + -0.107 theta omega^2,0.000,0.0000000000e+00,0.0000000000e+00,0.0000000000e+00,0.0000000000e+00,0.0000000000e+00,0.0000000000e+00,0.0000000000e+00,0.0000000000e+00,0.0000000000e+00,0.0000000000e+00
68396,2025-04-19 10:05:00,0.083813,12.978764,9.177563,-0.005 1 + -0.002 theta + 0.892 omega + -0.032 theta omega + -0.565 omega^2 + -0.159 theta omega^2,0.000,0.0000000000e+00,0.0000000000e+00,0.0000000000e+00,0.0000000000e+00,0.0000000000e+00,0.0000000000e+00,0.0000000000e+00,0.0000000000e+00,0.0000000000e+00,0.0000000000e+00
68397,2025-04-19 10:10:00,0.037278,2.038495,1.441675,0.992 omega + -0.131 omega^2 + -0.007 theta omega^2,0.000,0.0000000000e+00,0.0000000000e+00,0.0000000000e+00,0.0000000000e+00,0.0000000000e+00,0.0000000000e+00,0.0000000000e+00,0.0000000000e+00,0.0000000000e+00,0.0000000000e+00
68398,2025-04-19 10:15:00,0.023546,1.768583,1.250688,1.010 omega + -0.015 theta^2 omega,0.023 omega + -0.029 theta^2 omega,0.0000000000e+00,0.0000000000e+00,2.3341469652e-02,0.0000000000e+00,0.0000000000e+00,0.0000000000e+00,0.0000000000e+00,-2.8843425320e-02,0.0000000000e+00,0.0000000000e+00
68399,2025-04-19 10:20:00,0.063171,3.394413,2.400628,1.017 omega + 0.004 theta omega + -0.007 theta omega^2,-0.013 theta omega^2,0.0000000000e+00,0.0000000000e+00,0.0000000000e+00,0.0000000000e+00,0.0000000000e+00,0.0000000000e+00,0.0000000000e+00,0.0000000000e+00,-1.2675526510e-02,0.0000000000e+00
68400,2025-04-19 10:25:00,0.068684,7.391582,5.226863,1.004 omega + -0.009 omega^2 + -0.029 theta omega^2,-0.033 theta omega^2,0.0000000000e+00,0.0000000000e+00,0.0000000000e+00,0.0000000000e+00,0.0000000000e+00,0.0000000000e+00,0.0000000000e+00,0.0000000000e+00,-3.2721470669e-02,0.0000000000e+00
68401,2025-04-19 10:30:00,0.035618,2.157490,1.525783,1.036 omega + 0.033 theta omega + 0.006 theta^2 omega + -0.016 theta omega^2,0.000,0.0000000000e+00,0.0000000000e+00,0.0000000000e+00,0.0000000000e+00,0.0000000000e+00,0.0000000000e+00,0.0000000000e+00,0.0000000000e+00,0.0000000000e+00,0.0000000000e+00
68402,2025-04-19 10:35:00,0.078217,10.943271,7.738259,1.003 omega,0.000,0.0000000000e+00,0.0000000000e+00,0.0000000000e+00,0.0000000000e+00,0.0000000000e+00,0.0000000000e+00,0.0000000000e+00,0.0000000000e+00,0.0000000000e+00,0.0000000000e+00
68403,2025-04-19 10:40:00,0.079074,5.859738,4.143838,0.991 omega + -0.024 omega^2,0.000,0.0000000000e+00,0.0000000000e+00,0.0000000000e+00,0.0000000000e+00,0.0000000000e+00,0.0000000000e+00,0.0000000000e+00,0.0000000000e+00,0.0000000000e+00,0.0000000000e+00
68404,2025-04-19 10:45:00,0.051982,7.728733,5.465163,1.003 omega + 0.002 theta omega + 0.009 theta omega^2,0.000,0.0000000000e+00,0.0000000000e+00,0.0000000000e+00,0.0000000000e+00,0.0000000000e+00,0.0000000000e+00,0.0000000000e+00,0.0000000000e+00,0.0000000000e+00,0.0000000000e+00
68405,2025-04-19 10:50:00,0.056332,1.573999,1.113698,1.006 omega + -0.001 theta omega + -0.024 omega^2 + 0.005 theta omega^2,0.000,0.0000000000e+00,0.0000000000e+00,0.0000000000e+00,0.0000000000e+00,0.0000000000e+00,0.0000000000e+00,0.0000000000e+00,0.0000000000e+00,0.0000000000e+00,0.0000000000e+00
68406,2025-04-19 10:55:00,0.200039,27.096336,19.160525,0.962 omega + 0.003 theta omega + -0.028 omega^2 + 1.126 omega^3,0.000,0.0000000000e+00,0.0000000000e+00,0.0000000000e+00,0.0000000000e+00,0.0000000000e+00,0.0000000000e+00,0.0000000000e+00,0.0000000000e+00,0.0000000000e+00,0.0000000000e+00
68407,2025-04-19 11:00:00,0.111351,14.728600,10.414991,1.001 omega + 0.001 theta omega + -0.051 omega^2,0.000,0.0000000000e+00,0.0000000000e+00,0.0000000000e+00,0.0000000000e+00,0.0000000000e+00,0.0000000000e+00,0.0000000000e+00,0.0000000000e+00,0.0000000000e+00,0.0000000000e+00
68408,2025-04-19 11:05:00,0.067386,7.838211,5.542657,0.971 omega + -0.003 theta omega + -0.530 omega^2 + 0.001 theta^2 omega + -0.116 theta omega^2,0.000,0.0000000000e+00,0.0000000000e+00,0.0000000000e+00,0.0000000000e+00,0.0000000000e+00,0.0000000000e+00,0.0000000000e+00,0.0000000000e+00,0.0000000000e+00,0.0000000000e+00
68409,2025-04-19 11:10:00,0.093900,10.905962,7.711965,0.996 omega + -0.018 omega^2,0.000,0.0000000000e+00,0.0000000000e+00,0.0000000000e+00,0.0000000000e+00,0.0000000000e+00,0.0000000000e+00,0.0000000000e+00,0.0000000000e+00,0.0000000000e+00,0.0000000000e+00
68410,2025-04-19 11:15:00,0.050875,3.902480,2.759704,0.990 omega + -0.020 theta omega + -0.006 theta^2 omega,0.000,0.0000000000e+00,0.0000000000e+00,0.0000000000e+00,0.0000000000e+00,0.0000000000e+00,0.0000000000e+00,0.0000000000e+00,0.0000000000e+00,0.0000000000e+00,0.0000000000e+00
68411,2025-04-19 11:20:00,0.030590,3.073985,2.173743,1.000 omega,0.000,0.0000000000e+00,0.0000000000e+00,0.0000000000e+00,0.0000000000e+00,0.0000000000e+00,0.0000000000e+00,0.0000000000e+00,0.0000000000e+00,0.0000000000e+00,0.0000000000e+00
68412,2025-04-19 11:25:00,0.043556,2.863917,2.025329,1.002 omega + -0.083 omega^2,0.000,0.0000000000e+00,0.0000000000e+00,0.0000000000e+00,0.0000000000e+00,0.0000000000e+00,0.0000000000e+00,0.0000000000e+00,0.0000000000e+00,0.0000000000e+00,0.0000000000e+00
68413,2025-04-19 11:30:00,0.049595,4.332773,3.063934,1.007 omega + 0.002 theta omega + 0.042 omega^2 + -0.081 theta omega^2,0.000,0.0000000000e+00,0.0000000000e+00,0.0000000000e+00,0.0000000000e+00,0.0000000000e+00,0.0000000000e+00,0.0000000000e+00,0.0000000000e+00,0.0000000000e+00,0.0000000000e+00
68414,2025-04-19 11:35:00,0.049480,1.700341,1.202831,1.000 omega + 0.021 omega^2 + 0.001 theta^2 omega,0.000,0.0000000000e+00,0.0000000000e+00,0.0000000000e+00,0.0000000000e+00,0.0000000000e+00,0.0000000000e+00,0.0000000000e+00,0.0000000000e+00,0.0000000000e+00,0.0000000000e+00
68415,2025-04-19 11:40:00,0.112272,15.791298,11.166416,1.005 omega + 0.003 theta omega + -0.016 omega^2,0.000,0.0000000000e+00,0.0000000000e+00,0.0000000000e+00,0.0000000000e+00,0.0000000000e+00,0.0000000000e+00,0.0000000000e+00,0.0000000000e+00,0.0000000000e+00,0.0000000000e+00
68416,2025-04-19 11:45:00,0.073460,4.931335,3.487367,1.011 omega + 0.001 theta omega + 0.024 omega^2,0.000,0.0000000000e+00,0.0000000000e+00,0.0000000000e+00,0.0000000000e+00,0.0000000000e+00,0.0000000000e+00,0.0000000000e+00,0.0000000000e+00,0.0000000000e+00,0.0000000000e+00
68417,2025-04-19 11:50:00,0.050395,5.761046,4.073831,1.017 omega + -0.010 theta omega + -0.064 omega^2 + 0.002 theta^2 omega,-0.056 theta omega^2,0.0000000000e+00,0.0000000000e+00,0.0000000000e+00,0.0000000000e+00,0.0000000000e+00,0.0000000000e+00,0.0000000000e+00,0.0000000000e+00,-5.5877296518e-02,0.0000000000e+00
68418,2025-04-19 11:55:00,0.072073,9.644868,6.820142,0.999 omega + 0.002 omega^2,0.000,0.0000000000e+00,0.0000000000e+00,0.0000000000e+00,0.0000000000e+00,0.0000000000e+00,0.0000000000e+00,0.0000000000e+00,0.0000000000e+00,0.0000000000e+00,0.0000000000e+00
68419,2025-04-19 12:00:00,0.053337,5.348818,3.782374,0.994 omega + 0.004 theta omega + -0.022 omega^2 + 0.003 theta^2 omega,0.000,0.0000000000e+00,0.0000000000e+00,0.0000000000e+00,0.0000000000e+00,0.0000000000e+00,0.0000000000e+00,0.0000000000e+00,0.0000000000e+00,0.0000000000e+00,0.0000000000e+00
68420,2025-04-19 12:05:00,0.060387,1.753763,1.240833,1.001 omega,0.000,0.0000000000e+00,0.0000000000e+00,0.0000000000e+00,0.0000000000e+00,0.0000000000e+00,0.0000000000e+00,0.0000000000e+00,0.0000000000e+00,0.0000000000e+00,0.0000000000e+00
68421,2025-04-19 12:10:00,0.065796,6.784545,4.797623,0.995 omega + 0.001 theta omega + -0.067 omega^3,-0.076 theta omega^2,0.0000000000e+00,0.0000000000e+00,0.0000000000e+00,0.0000000000e+00,0.0000000000e+00,0.0000000000e+00,0.0000000000e+00,0.0000000000e+00,-7.6409407831e-02,0.0000000000e+00
68422,2025-04-19 12:15:00,0.053060,2.058658,1.456175,1.002 omega + -0.001 theta omega + 0.189 omega^2 + -0.021 theta omega^2,0.017 omega + -0.026 theta omega^2,0.0000000000e+00,0.0000000000e+00,1.6740975764e-02,0.0000000000e+00,0.0000000000e+00,0.0000000000e+00,0.0000000000e+00,0.0000000000e+00,-2.6402797682e-02,0.0000000000e+00
68423,2025-04-19 12:20:00,0.062776,4.021986,2.844320,1.001 omega + 0.002 theta omega,-0.027 theta omega^2,0.0000000000e+00,0.0000000000e+00,0.0000000000e+00,0.0000000000e+00,0.0000000000e+00,0.0000000000e+00,0.0000000000e+00,0.0000000000e+00,-2.6691208942e-02,0.0000000000e+00
68424,2025-04-19 12:25:00,0.102003,41.095640,29.059095,0.994 omega + 0.003 theta^2 omega,0.000,0.0000000000e+00,0.0000000000e+00,0.0000000000e+00,0.0000000000e+00,0.0000000000e+00,0.0000000000e+00,0.0000000000e+00,0.0000000000e+00,0.0000000000e+00,0.0000000000e+00
68425,2025-04-19 12:30:00,0.053821,4.616138,3.264325,1.004 omega + -0.117 omega^2 + -0.071 theta omega^2,0.000,0.0000000000e+00,0.0000000000e+00,0.0000000000e+00,0.0000000000e+00,0.0000000000e+00,0.0000000000e+00,0.0000000000e+00,0.0000000000e+00,0.0000000000e+00,0.0000000000e+00
68426,2025-04-19 12:35:00,0.112938,13.345259,9.436861,0.994 omega + 0.002 theta omega + -0.022 omega^2,0.000,0.0000000000e+00,0.0000000000e+00,0.0000000000e+00,0.0000000000e+00,0.0000000000e+00,0.0000000000e+00,0.0000000000e+00,0.0000000000e+00,0.0000000000e+00,0.0000000000e+00
68427,2025-04-19 12:40:00,0.076263,6.092584,4.308445,1.010 omega + -0.002 theta omega + 0.109 omega^2 + -0.035 theta omega^2,-0.020 theta omega^2,0.0000000000e+00,0.0000000000e+00,0.0000000000e+00,0.0000000000e+00,0.0000000000e+00,0.0000000000e+00,0.0000000000e+00,0.0000000000e+00,-2.0374745838e-02,0.0000000000e+00
68428,2025-04-19 12:45:00,0.083938,11.078168,7.833673,1.001 omega + 0.016 omega^2 + -0.003 theta omega^2,0.000,0.0000000000e+00,0.0000000000e+00,0.0000000000e+00,0.0000000000e+00,0.0000000000e+00,0.0000000000e+00,0.0000000000e+00,0.0000000000e+00,0.0000000000e+00,0.0000000000e+00
68429,2025-04-19 12:50:00,0.025189,2.147506,1.518621,0.992 omega + 0.041 omega^2,0.000,0.0000000000e+00,0.0000000000e+00,0.0000000000e+00,0.0000000000e+00,0.0000000000e+00,0.0000000000e+00,0.0000000000e+00,0.0000000000e+00,0.0000000000e+00,0.0000000000e+00
68430,2025-04-19 12:55:00,0.074576,10.888217,7.699312,0.998 omega + 0.072 omega^2 + -0.006 theta omega^2,0.000,0.0000000000e+00,0.0000000000e+00,0.0000000000e+00,0.0000000000e+00,0.0000000000e+00,0.0000000000e+00,0.0000000000e+00,0.0000000000e+00,0.0000000000e+00,0.0000000000e+00
68431,2025-04-19 13:00:00,0.037929,1.976159,1.397613,1.001 omega + -0.001 theta omega + 0.087 omega^2,-0.036 theta omega^2,0.0000000000e+00,0.0000000000e+00,0.0000000000e+00,0.0000000000e+00,0.0000000000e+00,0.0000000000e+00,0.0000000000e+00,0.0000000000e+00,-3.6393427225e-02,0.0000000000e+00
68432,2025-04-19 13:05:00,0.051910,6.055670,4.282162,0.993 omega + 0.069 omega^2 + -0.002 theta omega^2,0.000,0.0000000000e+00,0.0000000000e+00,0.0000000000e+00,0.0000000000e+00,0.0000000000e+00,0.0000000000e+00,0.0000000000e+00,0.0000000000e+00,0.0000000000e+00,0.0000000000e+00
68433,2025-04-19 13:10:00,0.070360,4.944790,3.496849,1.024 omega + -0.009 theta omega + 0.001 theta^2 omega + -0.010 theta omega^2,-0.020 theta omega^2,0.0000000000e+00,0.0000000000e+00,0.0000000000e+00,0.0000000000e+00,0.0000000000e+00,0.0000000000e+00,0.0000000000e+00,0.0000000000e+00,-2.0362758690e-02,0.0000000000e+00
68434,2025-04-19 13:15:00,0.109255,14.815267,10.476261,1.001 omega + 0.066 omega^2 + -0.005 theta omega^2,0.000,0.0000000000e+00,0.0000000000e+00,0.0000000000e+00,0.0000000000e+00,0.0000000000e+00,0.0000000000e+00,0.0000000000e+00,0.0000000000e+00,0.0000000000e+00,0.0000000000e+00
68435,2025-04-19 13:20:00,0.086856,9.500574,6.718201,1.016 omega + -0.107 omega^2 + -0.034 theta omega^2 + -1.525 omega^3,0.000,0.0000000000e+00,0.0000000000e+00,0.0000000000e+00,0.0000000000e+00,0.0000000000e+00,0.0000000000e+00,0.0000000000e+00,0.0000000000e+00,0.0000000000e+00,0.0000000000e+00
68436,2025-04-19 13:25:00,0.123062,18.283216,12.928479,0.001 1 + 0.998 omega + -0.009 omega^2,0.000,0.0000000000e+00,0.0000000000e+00,0.0000000000e+00,0.0000000000e+00,0.0000000000e+00,0.0000000000e+00,0.0000000000e+00,0.0000000000e+00,0.0000000000e+00,0.0000000000e+00
68437,2025-04-19 13:30:00,0.040967,3.805280,2.690895,-0.001 1 + 1.010 omega + 0.041 omega^2 + -0.003 theta omega^2,0.000,0.0000000000e+00,0.0000000000e+00,0.0000000000e+00,0.0000000000e+00,0.0000000000e+00,0.0000000000e+00,0.0000000000e+00,0.0000000000e+00,0.0000000000e+00,0.0000000000e+00
68438,2025-04-19 13:35:00,0.058794,10.261784,7.256296,0.999 omega + -0.024 omega^2 + 0.113 omega^3,0.000,0.0000000000e+00,0.0000000000e+00,0.0000000000e+00,0.0000000000e+00,0.0000000000e+00,0.0000000000e+00,0.0000000000e+00,0.0000000000e+00,0.0000000000e+00,0.0000000000e+00
68439,2025-04-19 13:40:00,0.084275,10.746625,7.599245,1.008 omega + -0.045 omega^2,0.000,0.0000000000e+00,0.0000000000e+00,0.0000000000e+00,0.0000000000e+00,0.0000000000e+00,0.0000000000e+00,0.0000000000e+00,0.0000000000e+00,0.0000000000e+00,0.0000000000e+00
68440,2025-04-19 13:45:00,0.025908,1.956042,1.383252,-0.001 1 + 1.025 omega + -0.138 omega^2 + 0.002 theta omega^2,0.000,0.0000000000e+00,0.0000000000e+00,0.0000000000e+00,0.0000000000e+00,0.0000000000e+00,0.0000000000e+00,0.0000000000e+00,0.0000000000e+00,0.0000000000e+00,0.0000000000e+00
68441,2025-04-19 13:50:00,0.114512,19.275424,13.630023,1.015 omega + -0.339 omega^2 + 0.002 theta omega^2 + 1.211 omega^3,0.000,0.0000000000e+00,0.0000000000e+00,0.0000000000e+00,0.0000000000e+00,0.0000000000e+00,0.0000000000e+00,0.0000000000e+00,0.0000000000e+00,0.0000000000e+00,0.0000000000e+00
68442,2025-04-19 13:55:00,0.073104,3.542082,2.505163,1.000 omega,0.000,0.0000000000e+00,0.0000000000e+00,0.0000000000e+00,0.0000000000e+00,0.0000000000e+00,0.0000000000e+00,0.0000000000e+00,0.0000000000e+00,0.0000000000e+00,0.0000000000e+00
68443,2025-04-19 14:00:00,0.126543,8.698101,6.151137,0.997 omega + -0.008 omega^2,0.000,0.0000000000e+00,0.0000000000e+00,0.0000000000e+00,0.0000000000e+00,0.0000000000e+00,0.0000000000e+00,0.0000000000e+00,0.0000000000e+00,0.0000000000e+00,0.0000000000e+00
68444,2025-04-19 14:05:00,0.106253,18.121102,12.813775,1.000 omega + 0.048 omega^2 + -0.003 theta omega^2,0.000,0.0000000000e+00,0.0000000000e+00,0.0000000000e+00,0.0000000000e+00,0.0000000000e+00,0.0000000000e+00,0.0000000000e+00,0.0000000000e+00,0.0000000000e+00,0.0000000000e+00
68445,2025-04-19 14:10:00,0.047326,5.593789,3.955548,0.999 omega + -0.004 theta omega^2,-0.012 theta omega^2,0.0000000000e+00,0.0000000000e+00,0.0000000000e+00,0.0000000000e+00,0.0000000000e+00,0.0000000000e+00,0.0000000000e+00,0.0000000000e+00,-1.1871275046e-02,0.0000000000e+00
68446,2025-04-19 14:15:00,0.154101,20.727793,14.657168,0.001 1 + 0.987 omega + 0.051 omega^2,0.000,0.0000000000e+00,0.0000000000e+00,0.0000000000e+00,0.0000000000e+00,0.0000000000e+00,0.0000000000e+00,0.0000000000e+00,0.0000000000e+00,0.0000000000e+00,0.0000000000e+00
68447,2025-04-19 14:20:00,0.016485,0.508301,0.359612,-0.001 1 + 1.009 omega + -0.020 omega^2,0.000,0.0000000000e+00,0.0000000000e+00,0.0000000000e+00,0.0000000000e+00,0.0000000000e+00,0.0000000000e+00,0.0000000000e+00,0.0000000000e+00,0.0000000000e+00,0.0000000000e+00
68448,2025-04-19 14:25:00,0.087730,10.799789,7.636856,1.004 omega + -0.016 omega^2 + -0.003 theta omega^2,0.000,0.0000000000e+00,0.0000000000e+00,0.0000000000e+00,0.0000000000e+00,0.0000000000e+00,0.0000000000e+00,0.0000000000e+00,0.0000000000e+00,0.0000000000e+00,0.0000000000e+00
68449,2025-04-19 14:30:00,0.047955,5.975778,4.225649,-0.001 1 + 1.005 omega + 0.017 omega^2 + -0.002 theta omega^2,0.000,0.0000000000e+00,0.0000000000e+00,0.0000000000e+00,0.0000000000e+00,0.0000000000e+00,0.0000000000e+00,0.0000000000e+00,0.0000000000e+00,0.0000000000e+00,0.0000000000e+00
68450,2025-04-19 14:35:00,0.120290,11.279090,7.975974,0.985 omega + 0.081 omega^2,0.000,0.0000000000e+00,0.0000000000e+00,0.0000000000e+00,0.0000000000e+00,0.0000000000e+00,0.0000000000e+00,0.0000000000e+00,0.0000000000e+00,0.0000000000e+00,0.0000000000e+00
68451,2025-04-19 14:40:00,0.062373,5.296699,3.745591,1.004 omega + 0.012 theta omega + -0.293 omega^2 + 0.002 theta^2 omega + -0.060 theta omega^2,0.000,0.0000000000e+00,0.0000000000e+00,0.0000000000e+00,0.0000000000e+00,0.0000000000e+00,0.0000000000e+00,0.0000000000e+00,0.0000000000e+00,0.0000000000e+00,0.0000000000e+00
68452,2025-04-19 14:45:00,0.069225,2.279164,1.612356,1.012 omega + 0.002 theta omega + 0.003 omega^2,0.000,0.0000000000e+00,0.0000000000e+00,0.0000000000e+00,0.0000000000e+00,0.0000000000e+00,0.0000000000e+00,0.0000000000e+00,0.0000000000e+00,0.0000000000e+00,0.0000000000e+00
68453,2025-04-19 14:50:00,0.235621,27.151554,19.199771,1.010 omega + -0.046 omega^2 + -0.425 omega^3,0.000,0.0000000000e+00,0.0000000000e+00,0.0000000000e+00,0.0000000000e+00,0.0000000000e+00,0.0000000000e+00,0.0000000000e+00,0.0000000000e+00,0.0000000000e+00,0.0000000000e+00
68454,2025-04-19 14:55:00,0.147815,16.873061,11.931514,0.998 omega,0.000,0.0000000000e+00,0.0000000000e+00,0.0000000000e+00,0.0000000000e+00,0.0000000000e+00,0.0000000000e+00,0.0000000000e+00,0.0000000000e+00,0.0000000000e+00,0.0000000000e+00
68455,2025-04-19 15:00:00,0.115824,16.868386,11.928031,1.008 omega + -0.004 theta omega^2,0.000,0.0000000000e+00,0.0000000000e+00,0.0000000000e+00,0.0000000000e+00,0.0000000000e+00,0.0000000000e+00,0.0000000000e+00,0.0000000000e+00,0.0000000000e+00,0.0000000000e+00
68456,2025-04-19 15:05:00,0.169737,23.293893,16.471707,0.986 omega + -0.002 theta omega + 0.005 omega^2 + 0.259 omega^3,0.000,0.0000000000e+00,0.0000000000e+00,0.0000000000e+00,0.0000000000e+00,0.0000000000e+00,0.0000000000e+00,0.0000000000e+00,0.0000000000e+00,0.0000000000e+00,0.0000000000e+00
68457,2025-04-19 15:10:00,0.068661,4.063741,2.873909,1.005 omega + 0.001 theta omega + -0.001 theta^2 omega + -0.018 theta omega^2,0.579 omega^2 + -0.205 theta omega^2,0.0000000000e+00,0.0000000000e+00,0.0000000000e+00,0.0000000000e+00,0.0000000000e+00,5.7934379163e-01,0.0000000000e+00,0.0000000000e+00,-2.0522266848e-01,0.0000000000e+00
68458,2025-04-19 15:15:00,0.060356,8.475732,5.993400,1.002 omega + -0.033 omega^2 + 0.001 theta omega^2,0.000,0.0000000000e+00,0.0000000000e+00,0.0000000000e+00,0.0000000000e+00,0.0000000000e+00,0.0000000000e+00,0.0000000000e+00,0.0000000000e+00,0.0000000000e+00,0.0000000000e+00
68459,2025-04-19 15:20:00,0.317536,41.088858,29.055078,1.004 omega + -0.018 omega^2 + -0.150 omega^3,0.000,0.0000000000e+00,0.0000000000e+00,0.0000000000e+00,0.0000000000e+00,0.0000000000e+00,0.0000000000e+00,0.0000000000e+00,0.0000000000e+00,0.0000000000e+00,0.0000000000e+00
68460,2025-04-19 15:25:00,0.077025,9.659105,6.830236,0.999 omega + -0.014 omega^2 + -0.043 omega^3,0.000,0.0000000000e+00,0.0000000000e+00,0.0000000000e+00,0.0000000000e+00,0.0000000000e+00,0.0000000000e+00,0.0000000000e+00,0.0000000000e+00,0.0000000000e+00,0.0000000000e+00
68461,2025-04-19 15:30:00,0.205046,20.463968,14.470937,0.999 omega + 0.057 omega^2 + 0.221 omega^3,0.000,0.0000000000e+00,0.0000000000e+00,0.0000000000e+00,0.0000000000e+00,0.0000000000e+00,0.0000000000e+00,0.0000000000e+00,0.0000000000e+00,0.0000000000e+00,0.0000000000e+00
68462,2025-04-19 15:35:00,0.161520,20.710859,14.645235,1.002 omega + -0.017 omega^2 + -0.141 omega^3,-0.023 omega^2,0.0000000000e+00,0.0000000000e+00,0.0000000000e+00,0.0000000000e+00,0.0000000000e+00,-2.3447397274e-02,0.0000000000e+00,0.0000000000e+00,0.0000000000e+00,0.0000000000e+00
68463,2025-04-19 15:40:00,0.085823,13.632513,9.639834,0.996 omega + 0.019 omega^2 + 0.006 theta omega^2,0.000,0.0000000000e+00,0.0000000000e+00,0.0000000000e+00,0.0000000000e+00,0.0000000000e+00,0.0000000000e+00,0.0000000000e+00,0.0000000000e+00,0.0000000000e+00,0.0000000000e+00
68464,2025-04-19 15:45:00,0.085931,5.180383,3.663588,1.007 omega + 0.060 omega^2 + -0.466 omega^3,-0.032 theta omega^2,0.0000000000e+00,0.0000000000e+00,0.0000000000e+00,0.0000000000e+00,0.0000000000e+00,0.0000000000e+00,0.0000000000e+00,0.0000000000e+00,-3.1904651090e-02,0.0000000000e+00
68465,2025-04-19 15:50:00,0.264978,31.604596,22.348610,1.003 omega + -0.023 omega^2 + -0.198 omega^3,0.000,0.0000000000e+00,0.0000000000e+00,0.0000000000e+00,0.0000000000e+00,0.0000000000e+00,0.0000000000e+00,0.0000000000e+00,0.0000000000e+00,0.0000000000e+00,0.0000000000e+00
68466,2025-04-19 15:55:00,0.062338,6.829081,4.829091,1.001 omega,0.000,0.0000000000e+00,0.0000000000e+00,0.0000000000e+00,0.0000000000e+00,0.0000000000e+00,0.0000000000e+00,0.0000000000e+00,0.0000000000e+00,0.0000000000e+00,0.0000000000e+00
68467,2025-04-19 16:00:00,0.117169,11.332050,8.013398,1.002 omega + 0.015 omega^2 + -0.147 omega^3,-0.013 theta omega^2,0.0000000000e+00,0.0000000000e+00,0.0000000000e+00,0.0000000000e+00,0.0000000000e+00,0.0000000000e+00,0.0000000000e+00,0.0000000000e+00,-1.2697195988e-02,0.0000000000e+00
68468,2025-04-19 16:05:00,0.222839,32.585513,23.041976,0.999 omega + -0.076 omega^2 + -0.429 omega^3,0.000,0.0000000000e+00,0.0000000000e+00,0.0000000000e+00,0.0000000000e+00,0.0000000000e+00,0.0000000000e+00,0.0000000000e+00,0.0000000000e+00,0.0000000000e+00,0.0000000000e+00
68469,2025-04-19 16:10:00,0.127197,15.842038,11.202374,0.999 omega + 0.024 omega^3,-0.011 theta omega^2,0.0000000000e+00,0.0000000000e+00,0.0000000000e+00,0.0000000000e+00,0.0000000000e+00,0.0000000000e+00,0.0000000000e+00,0.0000000000e+00,-1.1092390295e-02,0.0000000000e+00
68470,2025-04-19 16:15:00,0.096355,6.830096,4.830088,0.995 omega + -0.041 omega^2 + -0.059 theta omega^2 + 0.944 omega^3,0.014 omega + -0.068 theta omega^2,0.0000000000e+00,0.0000000000e+00,1.4214692054e-02,0.0000000000e+00,0.0000000000e+00,0.0000000000e+00,0.0000000000e+00,0.0000000000e+00,-6.7889466415e-02,0.0000000000e+00
68471,2025-04-19 16:20:00,0.097341,4.094048,2.895747,0.999 omega + -0.018 omega^2 + 0.094 omega^3,0.000,0.0000000000e+00,0.0000000000e+00,0.0000000000e+00,0.0000000000e+00,0.0000000000e+00,0.0000000000e+00,0.0000000000e+00,0.0000000000e+00,0.0000000000e+00,0.0000000000e+00
68472,2025-04-19 16:25:00,0.080509,4.176993,2.954128,1.004 omega + -0.001 theta omega + -0.006 omega^2,0.000,0.0000000000e+00,0.0000000000e+00,0.0000000000e+00,0.0000000000e+00,0.0000000000e+00,0.0000000000e+00,0.0000000000e+00,0.0000000000e+00,0.0000000000e+00,0.0000000000e+00
68473,2025-04-19 16:30:00,0.160648,23.251417,16.441627,1.001 omega + -0.006 omega^2,0.000,0.0000000000e+00,0.0000000000e+00,0.0000000000e+00,0.0000000000e+00,0.0000000000e+00,0.0000000000e+00,0.0000000000e+00,0.0000000000e+00,0.0000000000e+00,0.0000000000e+00
68474,2025-04-19 16:35:00,0.072228,9.516811,6.729595,0.992 omega + -0.162 omega^2 + -0.008 theta omega^2,0.000,0.0000000000e+00,0.0000000000e+00,0.0000000000e+00,0.0000000000e+00,0.0000000000e+00,0.0000000000e+00,0.0000000000e+00,0.0000000000e+00,0.0000000000e+00,0.0000000000e+00
68475,2025-04-19 16:40:00,0.110149,17.803059,12.588905,1.002 omega + -0.004 theta omega^2,0.000,0.0000000000e+00,0.0000000000e+00,0.0000000000e+00,0.0000000000e+00,0.0000000000e+00,0.0000000000e+00,0.0000000000e+00,0.0000000000e+00,0.0000000000e+00,0.0000000000e+00
68476,2025-04-19 16:45:00,0.087862,8.146929,5.761084,1.002 omega + 0.028 omega^2 + -0.003 theta omega^2,0.000,0.0000000000e+00,0.0000000000e+00,0.0000000000e+00,0.0000000000e+00,0.0000000000e+00,0.0000000000e+00,0.0000000000e+00,0.0000000000e+00,0.0000000000e+00,0.0000000000e+00
68477,2025-04-19 16:50:00,0.091562,13.795781,9.755305,0.984 omega + 0.001 theta omega + 0.079 omega^2 + -0.007 theta omega^2,0.000,0.0000000000e+00,0.0000000000e+00,0.0000000000e+00,0.0000000000e+00,0.0000000000e+00,0.0000000000e+00,0.0000000000e+00,0.0000000000e+00,0.0000000000e+00,0.0000000000e+00
68478,2025-04-19 16:55:00,0.049763,5.765003,4.076624,0.998 omega + 0.010 omega^2,0.000,0.0000000000e+00,0.0000000000e+00,0.0000000000e+00,0.0000000000e+00,0.0000000000e+00,0.0000000000e+00,0.0000000000e+00,0.0000000000e+00,0.0000000000e+00,0.0000000000e+00
68479,2025-04-19 17:00:00,0.211078,32.834368,23.217884,1.001 omega + -0.060 omega^2 + -0.350 omega^3,0.000,0.0000000000e+00,0.0000000000e+00,0.0000000000e+00,0.0000000000e+00,0.0000000000e+00,0.0000000000e+00,0.0000000000e+00,0.0000000000e+00,0.0000000000e+00,0.0000000000e+00
68480,2025-04-19 17:05:00,0.136055,10.925149,7.725846,1.000 omega + 0.006 omega^2,0.000,0.0000000000e+00,0.0000000000e+00,0.0000000000e+00,0.0000000000e+00,0.0000000000e+00,0.0000000000e+00,0.0000000000e+00,0.0000000000e+00,0.0000000000e+00,0.0000000000e+00
68481,2025-04-19 17:10:00,0.174735,24.785843,17.526673,1.007 omega + 0.029 omega^2,0.000,0.0000000000e+00,0.0000000000e+00,0.0000000000e+00,0.0000000000e+00,0.0000000000e+00,0.0000000000e+00,0.0000000000e+00,0.0000000000e+00,0.0000000000e+00,0.0000000000e+00
68482,2025-04-19 17:15:00,0.175370,21.768545,15.393185,1.003 omega + 0.045 omega^2 + -0.292 omega^3,0.034 omega^2,0.0000000000e+00,0.0000000000e+00,0.0000000000e+00,0.0000000000e+00,0.0000000000e+00,3.3844246556e-02,0.0000000000e+00,0.0000000000e+00,0.0000000000e+00,0.0000000000e+00
68483,2025-04-19 17:20:00,0.127773,21.072692,14.900918,0.992 omega + -0.040 omega^2 + 0.184 omega^3,-0.075 omega^2 + -0.014 theta omega^2,0.0000000000e+00,0.0000000000e+00,0.0000000000e+00,0.0000000000e+00,0.0000000000e+00,-7.5480090368e-02,0.0000000000e+00,0.0000000000e+00,-1.4304558460e-02,0.0000000000e+00
68484,2025-04-19 17:25:00,0.086394,10.489309,7.417313,1.011 omega + -0.067 omega^2,0.000,0.0000000000e+00,0.0000000000e+00,0.0000000000e+00,0.0000000000e+00,0.0000000000e+00,0.0000000000e+00,0.0000000000e+00,0.0000000000e+00,0.0000000000e+00,0.0000000000e+00
68485,2025-04-19 17:30:00,0.199285,29.244511,20.679472,1.000 omega + -0.163 omega^3,0.000,0.0000000000e+00,0.0000000000e+00,0.0000000000e+00,0.0000000000e+00,0.0000000000e+00,0.0000000000e+00,0.0000000000e+00,0.0000000000e+00,0.0000000000e+00,0.0000000000e+00
68486,2025-04-19 17:35:00,0.148822,19.419339,13.731949,0.999 omega + -0.001 theta omega + -0.005 theta omega^2,0.000,0.0000000000e+00,0.0000000000e+00,0.0000000000e+00,0.0000000000e+00,0.0000000000e+00,0.0000000000e+00,0.0000000000e+00,0.0000000000e+00,0.0000000000e+00,0.0000000000e+00
68487,2025-04-19 17:40:00,0.143141,18.064174,12.773701,0.995 omega + -0.011 omega^2,0.000,0.0000000000e+00,0.0000000000e+00,0.0000000000e+00,0.0000000000e+00,0.0000000000e+00,0.0000000000e+00,0.0000000000e+00,0.0000000000e+00,0.0000000000e+00,0.0000000000e+00
68488,2025-04-19 17:45:00,0.094294,11.245786,7.952251,1.001 omega + 0.045 omega^2 + -0.004 theta omega^2,0.000,0.0000000000e+00,0.0000000000e+00,0.0000000000e+00,0.0000000000e+00,0.0000000000e+00,0.0000000000e+00,0.0000000000e+00,0.0000000000e+00,0.0000000000e+00,0.0000000000e+00
68489,2025-04-19 17:50:00,0.081017,6.157192,4.354169,0.997 omega + -0.004 theta omega + -0.001 theta^2 omega + -0.013 theta omega^2,-0.539 omega^2 + -0.161 theta omega^2,0.0000000000e+00,0.0000000000e+00,0.0000000000e+00,0.0000000000e+00,0.0000000000e+00,-5.3920934515e-01,0.0000000000e+00,0.0000000000e+00,-1.6060636630e-01,0.0000000000e+00
68490,2025-04-19 17:55:00,0.112258,17.063130,12.065716,0.999 omega + 0.012 omega^2,0.000,0.0000000000e+00,0.0000000000e+00,0.0000000000e+00,0.0000000000e+00,0.0000000000e+00,0.0000000000e+00,0.0000000000e+00,0.0000000000e+00,0.0000000000e+00,0.0000000000e+00
68491,2025-04-19 18:00:00,0.144449,17.894400,12.653664,0.997 omega + 0.050 omega^2 + -0.071 theta omega^2 + 0.835 omega^3,0.000,0.0000000000e+00,0.0000000000e+00,0.0000000000e+00,0.0000000000e+00,0.0000000000e+00,0.0000000000e+00,0.0000000000e+00,0.0000000000e+00,0.0000000000e+00,0.0000000000e+00
68492,2025-04-19 18:05:00,0.049038,5.500633,3.889689,-0.008 1 + 0.860 omega + -0.752 omega^2 + -1.291 omega^3,0.000,0.0000000000e+00,0.0000000000e+00,0.0000000000e+00,0.0000000000e+00,0.0000000000e+00,0.0000000000e+00,0.0000000000e+00,0.0000000000e+00,0.0000000000e+00,0.0000000000e+00
68493,2025-04-19 18:10:00,0.121068,16.442811,11.627138,1.002 omega,0.000,0.0000000000e+00,0.0000000000e+00,0.0000000000e+00,0.0000000000e+00,0.0000000000e+00,0.0000000000e+00,0.0000000000e+00,0.0000000000e+00,0.0000000000e+00,0.0000000000e+00
68494,2025-04-19 18:15:00,0.106240,8.617829,6.094189,1.005 omega + -0.001 theta omega + -0.006 omega^2,0.000,0.0000000000e+00,0.0000000000e+00,0.0000000000e+00,0.0000000000e+00,0.0000000000e+00,0.0000000000e+00,0.0000000000e+00,0.0000000000e+00,0.0000000000e+00,0.0000000000e+00
68495,2025-04-19 18:20:00,0.138517,18.814233,13.304032,0.970 omega + -0.003 theta omega + -0.177 omega^2 + -0.021 theta omega^2,0.000,0.0000000000e+00,0.0000000000e+00,0.0000000000e+00,0.0000000000e+00,0.0000000000e+00,0.0000000000e+00,0.0000000000e+00,0.0000000000e+00,0.0000000000e+00,0.0000000000e+00
68496,2025-04-19 18:25:00,0.148069,24.484479,17.313457,1.000 omega + -0.001 omega^2 + -0.001 omega^3,0.000,0.0000000000e+00,0.0000000000e+00,0.0000000000e+00,0.0000000000e+00,0.0000000000e+00,0.0000000000e+00,0.0000000000e+00,0.0000000000e+00,0.0000000000e+00,0.0000000000e+00
68497,2025-04-19 18:30:00,0.116187,13.890819,9.822636,0.997 omega + -0.005 omega^2,0.000,0.0000000000e+00,0.0000000000e+00,0.0000000000e+00,0.0000000000e+00,0.0000000000e+00,0.0000000000e+00,0.0000000000e+00,0.0000000000e+00,0.0000000000e+00,0.0000000000e+00
68498,2025-04-19 18:35:00,0.175011,18.670884,13.202889,1.000 omega + 0.017 omega^2,0.000,0.0000000000e+00,0.0000000000e+00,0.0000000000e+00,0.0000000000e+00,0.0000000000e+00,0.0000000000e+00,0.0000000000e+00,0.0000000000e+00,0.0000000000e+00,0.0000000000e+00
68499,2025-04-19 18:40:00,0.087449,4.815872,3.405897,1.003 omega + 0.014 omega^2,0.000,0.0000000000e+00,0.0000000000e+00,0.0000000000e+00,0.0000000000e+00,0.0000000000e+00,0.0000000000e+00,0.0000000000e+00,0.0000000000e+00,0.0000000000e+00,0.0000000000e+00
