{
    "config": {
        "model": "integrator",
        "sigma": 5,
        "degree": 2,
        "lr": 0.001
    },
    "timestamp": "20260111_155428",
    "final_loss": 387.244140625,
    "equations": [
        "1.00000omega",
        "-0.001861 + -0.15341theta + -0.00003omega + -0.02904theta^2 + 0.00597theta omega + -0.00215omega^2"
    ]
}