{
    "total_chunks": 29055,
    "successful_chunks": 20000,
    "failed_chunks": 9055,
    "success_rate": 0.6883496816382723,
    "rmse_omega": {
        "mean": 0.0007649169,
        "std": 0.0010898156190835998,
        "median": 0.000543,
        "min": 0.000152,
        "max": 0.028073,
        "q25": 0.00042,
        "q75": 0.000739
    },
    "rmse_theta": {
        "mean": 0.01629075645,
        "std": 0.027824947124782794,
        "median": 0.012992
    },
    "rmse_total": {
        "mean": 0.0115342937,
        "std": 0.019688945317111968,
        "median": 0.0091965
    },
    "loss": {
        "mean": -79172.33028035,
        "std": 11218823.210907785,
        "median": 0.5507
    },
    "timestamp": "20260309_220148"
}