{
    "hyperparams": {
        "model": "integrator",
        "sigma": 10,
        "degree": 3,
        "tau": 0.5,
        "lr": 0.001,
        "n_tau": 100,
        "measurement_noise": 1e-05,
        "n_reparam_samples": 30
    },
    "chunk_range": [
        10923,
        11915
    ],
    "n_chunks_processed": 993,
    "n_chunks_succeeded": 541,
    "n_chunks_failed": 452,
    "mean_rmse_omega": 0.0008836150439537876,
    "std_rmse_omega": 0.0015498681956566194,
    "mean_rmse_theta": 0.020337728204209076,
    "std_rmse_theta": 0.05452683422086904,
    "mean_rmse_total": 0.014397452808761636,
    "mean_loss": 446665.2777114197,
    "std_loss": 4047839.107544578,
    "timestamp": "20260307_183200",
    "csv_file": "chunks_10923_to_11915_20260307_183200.csv",
    "early_stopping": {
        "max_epochs": 10000,
        "patience": 300
    },
    "elapsed_minutes": 2211.0242086
}