{
    "hyperparams": {
        "model": "integrator",
        "sigma": 10,
        "degree": 3,
        "tau": 0.5,
        "lr": 0.001,
        "n_tau": 100,
        "measurement_noise": 1e-05,
        "n_reparam_samples": 30
    },
    "chunk_range": [
        7944,
        8936
    ],
    "n_chunks_processed": 993,
    "n_chunks_succeeded": 700,
    "n_chunks_failed": 293,
    "mean_rmse_omega": 0.0007449778478517795,
    "std_rmse_omega": 0.0010288523833943887,
    "mean_rmse_theta": 0.01634484645844038,
    "std_rmse_theta": 0.04028879395107378,
    "mean_rmse_total": 0.011572832871294979,
    "mean_loss": 72067.91756799958,
    "std_loss": 701474.4444093202,
    "timestamp": "20260307_173200",
    "csv_file": "chunks_07944_to_08936_20260307_173200.csv",
    "early_stopping": {
        "max_epochs": 10000,
        "patience": 300
    },
    "elapsed_minutes": 2233.836401733334
}