{
    "hyperparams": {
        "model": "integrator",
        "sigma": 10,
        "degree": 3,
        "tau": 0.5,
        "lr": 0.001,
        "n_tau": 100,
        "measurement_noise": 1e-05,
        "n_reparam_samples": 30
    },
    "chunk_range": [
        7944,
        8936
    ],
    "n_chunks_processed": 993,
    "n_chunks_succeeded": 694,
    "n_chunks_failed": 299,
    "mean_rmse_omega": 0.000768654949634144,
    "std_rmse_omega": 0.0011389588212463043,
    "mean_rmse_theta": 0.015198603302296734,
    "std_rmse_theta": 0.020609868472074,
    "mean_rmse_total": 0.010763029446449635,
    "mean_loss": 72894.53625368011,
    "std_loss": 707403.2428462987,
    "timestamp": "20260307_173000",
    "csv_file": "chunks_07944_to_08936_20260307_173000.csv",
    "early_stopping": {
        "max_epochs": 10000,
        "patience": 300
    },
    "elapsed_minutes": 2445.4193177166667
}