{
    "hyperparams": {
        "model": "integrator",
        "sigma": 10,
        "degree": 3,
        "tau": 0.5,
        "lr": 0.001,
        "n_tau": 100,
        "measurement_noise": 1e-05,
        "n_reparam_samples": 30
    },
    "chunk_range": [
        11916,
        12908
    ],
    "n_chunks_processed": 993,
    "n_chunks_succeeded": 609,
    "n_chunks_failed": 384,
    "mean_rmse_omega": 0.0007656695826481095,
    "std_rmse_omega": 0.0011071638617332349,
    "mean_rmse_theta": 0.01868398920120595,
    "std_rmse_theta": 0.06265954325361765,
    "mean_rmse_total": 0.013226704972097268,
    "mean_loss": 737978.7655411259,
    "std_loss": 5239665.819896354,
    "timestamp": "20260307_173159",
    "csv_file": "chunks_11916_to_12908_20260307_173159.csv",
    "early_stopping": {
        "max_epochs": 10000,
        "patience": 300
    },
    "elapsed_minutes": 2026.5289075666667
}