{
    "hyperparams": {
        "model": "integrator",
        "sigma": 10,
        "degree": 3,
        "tau": 0.5,
        "lr": 0.001,
        "n_tau": 100,
        "measurement_noise": 1e-05,
        "n_reparam_samples": 30
    },
    "chunk_range": [
        17874,
        18866
    ],
    "n_chunks_processed": 993,
    "n_chunks_succeeded": 648,
    "n_chunks_failed": 345,
    "mean_rmse_omega": 0.000839421063956027,
    "std_rmse_omega": 0.0010826223129456116,
    "mean_rmse_theta": 0.017611954473303975,
    "std_rmse_theta": 0.02506529672044969,
    "mean_rmse_total": 0.012470277167143828,
    "mean_loss": 151622.85503763356,
    "std_loss": 1200035.2917785463,
    "timestamp": "20260307_173000",
    "csv_file": "chunks_17874_to_18866_20260307_173000.csv",
    "early_stopping": {
        "max_epochs": 10000,
        "patience": 300
    },
    "elapsed_minutes": 2287.313986816667
}