{
    "hyperparams": {
        "model": "integrator",
        "sigma": 10,
        "degree": 3,
        "tau": 0.5,
        "lr": 0.001,
        "n_tau": 100,
        "measurement_noise": 1e-05,
        "n_reparam_samples": 30
    },
    "chunk_range": [
        13902,
        14894
    ],
    "n_chunks_processed": 993,
    "n_chunks_succeeded": 706,
    "n_chunks_failed": 287,
    "mean_rmse_omega": 0.0007749562674939432,
    "std_rmse_omega": 0.0009176408300821775,
    "mean_rmse_theta": 0.015979733793645378,
    "std_rmse_theta": 0.01167182850365364,
    "mean_rmse_total": 0.011314510996387507,
    "mean_loss": 203877.62902916363,
    "std_loss": 2381457.931889279,
    "timestamp": "20260307_173159",
    "csv_file": "chunks_13902_to_14894_20260307_173159.csv",
    "early_stopping": {
        "max_epochs": 10000,
        "patience": 300
    },
    "elapsed_minutes": 2544.838925533333
}