{
    "hyperparams": {
        "model": "integrator",
        "sigma": 10,
        "degree": 3,
        "tau": 0.5,
        "lr": 0.001,
        "n_tau": 100,
        "measurement_noise": 1e-05,
        "n_reparam_samples": 30
    },
    "chunk_range": [
        17874,
        18866
    ],
    "n_chunks_processed": 993,
    "n_chunks_succeeded": 641,
    "n_chunks_failed": 352,
    "mean_rmse_omega": 0.0008908430173504202,
    "std_rmse_omega": 0.0015791986274755307,
    "mean_rmse_theta": 0.018517499321754935,
    "std_rmse_theta": 0.035790992386961006,
    "mean_rmse_total": 0.013112280559588033,
    "mean_loss": 346061.6386115866,
    "std_loss": 4631582.672285663,
    "timestamp": "20260307_173200",
    "csv_file": "chunks_17874_to_18866_20260307_173200.csv",
    "early_stopping": {
        "max_epochs": 10000,
        "patience": 300
    },
    "elapsed_minutes": 2365.3322851166668
}