{
    "hyperparams": {
        "model": "integrator",
        "sigma": 10,
        "degree": 3,
        "tau": 0.5,
        "lr": 0.001,
        "n_tau": 100,
        "measurement_noise": 1e-05,
        "n_reparam_samples": 30
    },
    "chunk_range": [
        28797,
        29789
    ],
    "n_chunks_processed": 993,
    "n_chunks_succeeded": 734,
    "n_chunks_failed": 259,
    "mean_rmse_omega": 0.0007617811735275985,
    "std_rmse_omega": 0.0007927594482374749,
    "mean_rmse_theta": 0.016284059752184867,
    "std_rmse_theta": 0.014384246767783798,
    "mean_rmse_total": 0.011528969097156738,
    "mean_loss": 54543.643384365714,
    "std_loss": 606609.7030814296,
    "timestamp": "20260307_173200",
    "csv_file": "chunks_28797_to_29789_20260307_173200.csv",
    "early_stopping": {
        "max_epochs": 10000,
        "patience": 300
    },
    "elapsed_minutes": 2689.1752932500003
}