{
    "hyperparams": {
        "model": "integrator",
        "sigma": 10,
        "degree": 3,
        "tau": 0.5,
        "lr": 0.001,
        "n_tau": 100,
        "measurement_noise": 1e-05,
        "n_reparam_samples": 30
    },
    "chunk_range": [
        15888,
        16880
    ],
    "n_chunks_processed": 993,
    "n_chunks_succeeded": 644,
    "n_chunks_failed": 349,
    "mean_rmse_omega": 0.0008002626322342158,
    "std_rmse_omega": 0.001104809096466821,
    "mean_rmse_theta": 0.01631386948587454,
    "std_rmse_theta": 0.019541291306979316,
    "mean_rmse_total": 0.011551944705258523,
    "mean_loss": 105236.92758791771,
    "std_loss": 898798.5977353544,
    "timestamp": "20260307_173200",
    "csv_file": "chunks_15888_to_16880_20260307_173200.csv",
    "early_stopping": {
        "max_epochs": 10000,
        "patience": 300
    },
    "elapsed_minutes": 2257.8191978
}