{
    "hyperparams": {
        "model": "integrator",
        "sigma": 10,
        "degree": 3,
        "tau": 0.5,
        "lr": 0.001,
        "n_tau": 100,
        "measurement_noise": 1e-05,
        "n_reparam_samples": 30
    },
    "chunk_range": [
        3972,
        4964
    ],
    "n_chunks_processed": 993,
    "n_chunks_succeeded": 605,
    "n_chunks_failed": 388,
    "mean_rmse_omega": 0.0008300789281695096,
    "std_rmse_omega": 0.000991070008268845,
    "mean_rmse_theta": 0.016800142189657145,
    "std_rmse_theta": 0.016509055363942336,
    "mean_rmse_total": 0.011896250502414201,
    "mean_loss": 128127.87284295107,
    "std_loss": 981120.7546885322,
    "timestamp": "20260307_213148",
    "csv_file": "chunks_03972_to_04964_20260307_213148.csv",
    "early_stopping": {
        "max_epochs": 10000,
        "patience": 300
    },
    "elapsed_minutes": 2200.6772517833333
}