{
    "hyperparams": {
        "model": "integrator",
        "sigma": 10,
        "degree": 3,
        "tau": 0.5,
        "lr": 0.001,
        "n_tau": 100,
        "measurement_noise": 1e-05,
        "n_reparam_samples": 30
    },
    "chunk_range": [
        3972,
        4964
    ],
    "n_chunks_processed": 993,
    "n_chunks_succeeded": 614,
    "n_chunks_failed": 379,
    "mean_rmse_omega": 0.0008905027098673114,
    "std_rmse_omega": 0.0012771834277626386,
    "mean_rmse_theta": 0.017624815077299454,
    "std_rmse_theta": 0.022090452077631537,
    "mean_rmse_total": 0.012481074121929342,
    "mean_loss": 205075.03916723808,
    "std_loss": 1894709.5670512912,
    "timestamp": "20260307_173000",
    "csv_file": "chunks_03972_to_04964_20260307_173000.csv",
    "early_stopping": {
        "max_epochs": 10000,
        "patience": 300
    },
    "elapsed_minutes": 2779.7284813
}