{
    "hyperparams": {
        "model": "integrator",
        "sigma": 10,
        "degree": 3,
        "tau": 0.5,
        "lr": 0.001,
        "n_tau": 100,
        "measurement_noise": 1e-05,
        "n_reparam_samples": 30
    },
    "chunk_range": [
        27804,
        28796
    ],
    "n_chunks_processed": 993,
    "n_chunks_succeeded": 644,
    "n_chunks_failed": 349,
    "mean_rmse_omega": 0.0008069485726613357,
    "std_rmse_omega": 0.0010051835632529358,
    "mean_rmse_theta": 0.016813118052697792,
    "std_rmse_theta": 0.023835129708926792,
    "mean_rmse_total": 0.011904760413898607,
    "mean_loss": 203985.28276507714,
    "std_loss": 2080803.460127334,
    "timestamp": "20260307_173200",
    "csv_file": "chunks_27804_to_28796_20260307_173200.csv",
    "early_stopping": {
        "max_epochs": 10000,
        "patience": 300
    },
    "elapsed_minutes": 2454.5278592333334
}