{
    "hyperparams": {
        "model": "integrator",
        "sigma": 10,
        "degree": 3,
        "tau": 0.5,
        "lr": 0.001,
        "n_tau": 100,
        "measurement_noise": 1e-05,
        "n_reparam_samples": 30
    },
    "chunk_range": [
        2979,
        3971
    ],
    "n_chunks_processed": 993,
    "n_chunks_succeeded": 658,
    "n_chunks_failed": 335,
    "mean_rmse_omega": 0.0007073596269115211,
    "std_rmse_omega": 0.0012614447279756216,
    "mean_rmse_theta": 0.014677306000599043,
    "std_rmse_theta": 0.024477938379073624,
    "mean_rmse_total": 0.010392067154960022,
    "mean_loss": 112742.71900967634,
    "std_loss": 1094459.1656474047,
    "timestamp": "20260307_173200",
    "csv_file": "chunks_02979_to_03971_20260307_173200.csv",
    "early_stopping": {
        "max_epochs": 10000,
        "patience": 300
    },
    "elapsed_minutes": 2491.7139797333334
}