{
    "hyperparams": {
        "model": "integrator",
        "sigma": 10,
        "degree": 3,
        "tau": 0.5,
        "lr": 0.001,
        "n_tau": 100,
        "measurement_noise": 1e-05,
        "n_reparam_samples": 30
    },
    "chunk_range": [
        14895,
        15887
    ],
    "n_chunks_processed": 993,
    "n_chunks_succeeded": 702,
    "n_chunks_failed": 291,
    "mean_rmse_omega": 0.0007583463894607277,
    "std_rmse_omega": 0.0008603048469316128,
    "mean_rmse_theta": 0.015499959287215077,
    "std_rmse_theta": 0.011379164777025106,
    "mean_rmse_total": 0.010975599780803456,
    "mean_loss": 114659.34828965906,
    "std_loss": 901878.2522062233,
    "timestamp": "20260307_173000",
    "csv_file": "chunks_14895_to_15887_20260307_173000.csv",
    "early_stopping": {
        "max_epochs": 10000,
        "patience": 300
    },
    "elapsed_minutes": 2320.7732588666668
}