{
    "hyperparams": {
        "model": "integrator",
        "sigma": 10,
        "degree": 3,
        "tau": 0.5,
        "lr": 0.001,
        "n_tau": 100,
        "measurement_noise": 1e-05,
        "n_reparam_samples": 30
    },
    "chunk_range": [
        6951,
        7943
    ],
    "n_chunks_processed": 993,
    "n_chunks_succeeded": 581,
    "n_chunks_failed": 412,
    "mean_rmse_omega": 0.0007664619604810486,
    "std_rmse_omega": 0.0010121793794403342,
    "mean_rmse_theta": 0.017025206846356545,
    "std_rmse_theta": 0.041816442703020665,
    "mean_rmse_total": 0.012053294050412673,
    "mean_loss": 456247.7667717477,
    "std_loss": 4209734.374014948,
    "timestamp": "20260307_173000",
    "csv_file": "chunks_06951_to_07943_20260307_173000.csv",
    "early_stopping": {
        "max_epochs": 10000,
        "patience": 300
    },
    "elapsed_minutes": 2170.3491002833334
}