{
    "hyperparams": {
        "model": "integrator",
        "sigma": 10,
        "degree": 3,
        "tau": 0.5,
        "lr": 0.001,
        "n_tau": 100,
        "measurement_noise": 1e-05,
        "n_reparam_samples": 30
    },
    "chunk_range": [
        24825,
        25817
    ],
    "n_chunks_processed": 993,
    "n_chunks_succeeded": 692,
    "n_chunks_failed": 301,
    "mean_rmse_omega": 0.0007887712038720007,
    "std_rmse_omega": 0.001103975817278347,
    "mean_rmse_theta": 0.01701328639718946,
    "std_rmse_theta": 0.02980057590000401,
    "mean_rmse_total": 0.012045231775980917,
    "mean_loss": 101588.03581220862,
    "std_loss": 906158.9570935554,
    "timestamp": "20260307_173201",
    "csv_file": "chunks_24825_to_25817_20260307_173201.csv",
    "early_stopping": {
        "max_epochs": 10000,
        "patience": 300
    },
    "elapsed_minutes": 2571.874749416667
}