{
    "hyperparams": {
        "model": "integrator",
        "sigma": 10,
        "degree": 3,
        "tau": 0.5,
        "lr": 0.001,
        "n_tau": 100,
        "measurement_noise": 1e-05,
        "n_reparam_samples": 30
    },
    "chunk_range": [
        21846,
        22838
    ],
    "n_chunks_processed": 993,
    "n_chunks_succeeded": 745,
    "n_chunks_failed": 248,
    "mean_rmse_omega": 0.0007293695691955783,
    "std_rmse_omega": 0.0009703628326387812,
    "mean_rmse_theta": 0.01547401392607381,
    "std_rmse_theta": 0.012977134238629567,
    "mean_rmse_total": 0.010955648607693163,
    "mean_loss": 113958.66141524538,
    "std_loss": 1108886.0497202324,
    "timestamp": "20260307_173200",
    "csv_file": "chunks_21846_to_22838_20260307_173200.csv",
    "early_stopping": {
        "max_epochs": 10000,
        "patience": 300
    },
    "elapsed_minutes": 2321.38166245
}