{
    "hyperparams": {
        "model": "integrator",
        "sigma": 10,
        "degree": 3,
        "tau": 0.5,
        "lr": 0.001,
        "n_tau": 100,
        "measurement_noise": 1e-05,
        "n_reparam_samples": 30
    },
    "chunk_range": [
        8937,
        9929
    ],
    "n_chunks_processed": 993,
    "n_chunks_succeeded": 720,
    "n_chunks_failed": 273,
    "mean_rmse_omega": 0.0005994439712392502,
    "std_rmse_omega": 0.0007746527943541018,
    "mean_rmse_theta": 0.013016615625626097,
    "std_rmse_theta": 0.012164471908045593,
    "mean_rmse_total": 0.009215026981029143,
    "mean_loss": 167182.92694228078,
    "std_loss": 1661026.9561054711,
    "timestamp": "20260307_173159",
    "csv_file": "chunks_08937_to_09929_20260307_173159.csv",
    "early_stopping": {
        "max_epochs": 10000,
        "patience": 300
    },
    "elapsed_minutes": 2227.0731243
}