{
    "hyperparams": {
        "model": "integrator",
        "sigma": 10,
        "degree": 3,
        "tau": 0.5,
        "lr": 0.001,
        "n_tau": 100,
        "measurement_noise": 1e-05,
        "n_reparam_samples": 30
    },
    "chunk_range": [
        26811,
        27803
    ],
    "n_chunks_processed": 993,
    "n_chunks_succeeded": 806,
    "n_chunks_failed": 187,
    "mean_rmse_omega": 0.000774207675872716,
    "std_rmse_omega": 0.0011102558754764378,
    "mean_rmse_theta": 0.016994558692165644,
    "std_rmse_theta": 0.022482217122675403,
    "mean_rmse_total": 0.012030839581486236,
    "mean_loss": 78380.21739064551,
    "std_loss": 752825.8098235229,
    "timestamp": "20260307_173200",
    "csv_file": "chunks_26811_to_27803_20260307_173200.csv",
    "early_stopping": {
        "max_epochs": 10000,
        "patience": 300
    },
    "elapsed_minutes": 2695.29659995
}