{
    "hyperparams": {
        "model": "integrator",
        "sigma": 10,
        "degree": 3,
        "tau": 0.5,
        "lr": 0.001,
        "n_tau": 100,
        "measurement_noise": 1e-05,
        "n_reparam_samples": 30
    },
    "chunk_range": [
        20853,
        21845
    ],
    "n_chunks_processed": 993,
    "n_chunks_succeeded": 727,
    "n_chunks_failed": 266,
    "mean_rmse_omega": 0.0007701254279205084,
    "std_rmse_omega": 0.000762691551541731,
    "mean_rmse_theta": 0.01657795478260603,
    "std_rmse_theta": 0.01344927550042943,
    "mean_rmse_total": 0.011737055939134143,
    "mean_loss": 50056.84264513217,
    "std_loss": 489253.8005833198,
    "timestamp": "20260307_173000",
    "csv_file": "chunks_20853_to_21845_20260307_173000.csv",
    "early_stopping": {
        "max_epochs": 10000,
        "patience": 300
    },
    "elapsed_minutes": 2497.241905733333
}