{
    "hyperparams": {
        "model": "integrator",
        "sigma": 10,
        "degree": 3,
        "tau": 0.5,
        "lr": 0.001,
        "n_tau": 100,
        "measurement_noise": 1e-05,
        "n_reparam_samples": 30
    },
    "chunk_range": [
        30783,
        31759
    ],
    "n_chunks_processed": 977,
    "n_chunks_succeeded": 704,
    "n_chunks_failed": 273,
    "mean_rmse_omega": 0.0006832000967320214,
    "std_rmse_omega": 0.0007845990641973208,
    "mean_rmse_theta": 0.014279828117816412,
    "std_rmse_theta": 0.01337105616065814,
    "mean_rmse_total": 0.01011072180699557,
    "mean_loss": 89722.79885063149,
    "std_loss": 1436316.483560198,
    "timestamp": "20260307_172959",
    "csv_file": "chunks_30783_to_31759_20260307_172959.csv",
    "early_stopping": {
        "max_epochs": 10000,
        "patience": 300
    },
    "elapsed_minutes": 2371.45882735
}