{
    "hyperparams": {
        "model": "integrator",
        "sigma": 10,
        "degree": 3,
        "tau": 0.5,
        "lr": 0.001,
        "n_tau": 100,
        "measurement_noise": 1e-05,
        "n_reparam_samples": 30
    },
    "chunk_range": [
        8937,
        9929
    ],
    "n_chunks_processed": 993,
    "n_chunks_succeeded": 741,
    "n_chunks_failed": 252,
    "mean_rmse_omega": 0.0006263016960090316,
    "std_rmse_omega": 0.0007263741809904572,
    "mean_rmse_theta": 0.013262880556335656,
    "std_rmse_theta": 0.009691359356568377,
    "mean_rmse_total": 0.00939012751644339,
    "mean_loss": 86833.6860924642,
    "std_loss": 838665.3840900603,
    "timestamp": "20260307_173000",
    "csv_file": "chunks_08937_to_09929_20260307_173000.csv",
    "early_stopping": {
        "max_epochs": 10000,
        "patience": 300
    },
    "elapsed_minutes": 2477.00386015
}