{
    "hyperparams": {
        "model": "integrator",
        "sigma": 10,
        "degree": 3,
        "tau": 0.5,
        "lr": 0.001,
        "n_tau": 100,
        "measurement_noise": 1e-05,
        "n_reparam_samples": 30
    },
    "chunk_range": [
        25818,
        26810
    ],
    "n_chunks_processed": 993,
    "n_chunks_succeeded": 756,
    "n_chunks_failed": 237,
    "mean_rmse_omega": 0.0006867933536735893,
    "std_rmse_omega": 0.0008216496054578016,
    "mean_rmse_theta": 0.014948418652195306,
    "std_rmse_theta": 0.013511035391995102,
    "mean_rmse_total": 0.01058309923742883,
    "mean_loss": -25190432.423342932,
    "std_loss": 795359664.6886876,
    "timestamp": "20260307_173000",
    "csv_file": "chunks_25818_to_26810_20260307_173000.csv",
    "early_stopping": {
        "max_epochs": 10000,
        "patience": 300
    },
    "elapsed_minutes": 2462.2419608
}