{
    "hyperparams": {
        "model": "integrator",
        "sigma": 10,
        "degree": 3,
        "tau": 0.5,
        "lr": 0.001,
        "n_tau": 100,
        "measurement_noise": 1e-05,
        "n_reparam_samples": 30
    },
    "chunk_range": [
        10923,
        11915
    ],
    "n_chunks_processed": 993,
    "n_chunks_succeeded": 552,
    "n_chunks_failed": 441,
    "mean_rmse_omega": 0.0008557694918504305,
    "std_rmse_omega": 0.0011622982017536658,
    "mean_rmse_theta": 0.017881703278744943,
    "std_rmse_theta": 0.03677574873006986,
    "mean_rmse_total": 0.012662083423018212,
    "mean_loss": 463785.7300040082,
    "std_loss": 3765391.533112095,
    "timestamp": "20260307_173159",
    "csv_file": "chunks_10923_to_11915_20260307_173159.csv",
    "early_stopping": {
        "max_epochs": 10000,
        "patience": 300
    },
    "elapsed_minutes": 1906.5888786333335
}