{
    "hyperparams": {
        "model": "integrator",
        "sigma": 10,
        "degree": 3,
        "tau": 0.5,
        "lr": 0.001,
        "n_tau": 100,
        "measurement_noise": 1e-05,
        "n_reparam_samples": 30
    },
    "chunk_range": [
        15888,
        16880
    ],
    "n_chunks_processed": 993,
    "n_chunks_succeeded": 643,
    "n_chunks_failed": 350,
    "mean_rmse_omega": 0.0007967685247806927,
    "std_rmse_omega": 0.00103586187488963,
    "mean_rmse_theta": 0.01620368114607423,
    "std_rmse_theta": 0.018096506045551918,
    "mean_rmse_total": 0.011473931748388136,
    "mean_loss": 141607.94817180012,
    "std_loss": 1159382.0809790138,
    "timestamp": "20260307_173000",
    "csv_file": "chunks_15888_to_16880_20260307_173000.csv",
    "early_stopping": {
        "max_epochs": 10000,
        "patience": 300
    },
    "elapsed_minutes": 2225.3278029
}