{
    "hyperparams": {
        "model": "integrator",
        "sigma": 10,
        "degree": 3,
        "tau": 0.5,
        "lr": 0.001,
        "n_tau": 100,
        "measurement_noise": 1e-05,
        "n_reparam_samples": 30
    },
    "chunk_range": [
        0,
        992
    ],
    "n_chunks_processed": 993,
    "n_chunks_succeeded": 662,
    "n_chunks_failed": 331,
    "mean_rmse_omega": 0.000702238662715817,
    "std_rmse_omega": 0.001052844582315461,
    "mean_rmse_theta": 0.01425640476062849,
    "std_rmse_theta": 0.01554001531635387,
    "mean_rmse_total": 0.01009497472424105,
    "mean_loss": 76076.6758503416,
    "std_loss": 971254.0203255089,
    "timestamp": "20260307_173153",
    "csv_file": "chunks_00000_to_00992_20260307_173153.csv",
    "early_stopping": {
        "max_epochs": 10000,
        "patience": 300
    },
    "elapsed_minutes": 2270.369568583333
}