{
    "hyperparams": {
        "model": "integrator",
        "sigma": 10,
        "degree": 3,
        "tau": 0.5,
        "lr": 0.001,
        "n_tau": 100,
        "measurement_noise": 1e-05,
        "n_reparam_samples": 30
    },
    "chunk_range": [
        14895,
        15887
    ],
    "n_chunks_processed": 993,
    "n_chunks_succeeded": 708,
    "n_chunks_failed": 285,
    "mean_rmse_omega": 0.0006972635800167221,
    "std_rmse_omega": 0.0007673384031446156,
    "mean_rmse_theta": 0.014922392532876614,
    "std_rmse_theta": 0.010784071539100524,
    "mean_rmse_total": 0.010564995721432428,
    "mean_loss": 96915.98165106041,
    "std_loss": 963665.7946991636,
    "timestamp": "20260307_173159",
    "csv_file": "chunks_14895_to_15887_20260307_173159.csv",
    "early_stopping": {
        "max_epochs": 10000,
        "patience": 300
    },
    "elapsed_minutes": 2839.9479582
}