{
    "hyperparams": {
        "model": "integrator",
        "sigma": 10,
        "degree": 3,
        "tau": 0.5,
        "lr": 0.001,
        "n_tau": 100,
        "measurement_noise": 1e-05,
        "n_reparam_samples": 30
    },
    "chunk_range": [
        1986,
        2978
    ],
    "n_chunks_processed": 993,
    "n_chunks_succeeded": 688,
    "n_chunks_failed": 305,
    "mean_rmse_omega": 0.0007563674665128252,
    "std_rmse_omega": 0.0011783647049080823,
    "mean_rmse_theta": 0.01634877915480607,
    "std_rmse_theta": 0.03851756892300836,
    "mean_rmse_total": 0.011575863470234041,
    "mean_loss": 213818.8021060905,
    "std_loss": 1855516.1832779974,
    "timestamp": "20260307_173159",
    "csv_file": "chunks_01986_to_02978_20260307_173159.csv",
    "early_stopping": {
        "max_epochs": 10000,
        "patience": 300
    },
    "elapsed_minutes": 2200.4886888833335
}