{
    "hyperparams": {
        "model": "integrator",
        "sigma": 10,
        "degree": 3,
        "tau": 0.5,
        "lr": 0.001,
        "n_tau": 100,
        "measurement_noise": 1e-05,
        "n_reparam_samples": 30
    },
    "chunk_range": [
        23832,
        24824
    ],
    "n_chunks_processed": 993,
    "n_chunks_succeeded": 776,
    "n_chunks_failed": 217,
    "mean_rmse_omega": 0.0007410412229162211,
    "std_rmse_omega": 0.0009568971750121979,
    "mean_rmse_theta": 0.01599585336870658,
    "std_rmse_theta": 0.01641277930499293,
    "mean_rmse_total": 0.011324741108014161,
    "mean_loss": 51852.78905180212,
    "std_loss": 802187.7016131225,
    "timestamp": "20260307_173000",
    "csv_file": "chunks_23832_to_24824_20260307_173000.csv",
    "early_stopping": {
        "max_epochs": 10000,
        "patience": 300
    },
    "elapsed_minutes": 2510.1836571500003
}