{
    "hyperparams": {
        "model": "integrator",
        "sigma": 10,
        "degree": 3,
        "tau": 0.5,
        "lr": 0.001,
        "n_tau": 100,
        "measurement_noise": 1e-05,
        "n_reparam_samples": 30
    },
    "chunk_range": [
        9930,
        10922
    ],
    "n_chunks_processed": 993,
    "n_chunks_succeeded": 624,
    "n_chunks_failed": 369,
    "mean_rmse_omega": 0.0007866794497973528,
    "std_rmse_omega": 0.0014928491347747947,
    "mean_rmse_theta": 0.016907988258306153,
    "std_rmse_theta": 0.040821292102026153,
    "mean_rmse_total": 0.011971249131303735,
    "mean_loss": 307389.49234913796,
    "std_loss": 2992265.959255725,
    "timestamp": "20260307_173200",
    "csv_file": "chunks_09930_to_10922_20260307_173200.csv",
    "early_stopping": {
        "max_epochs": 10000,
        "patience": 300
    },
    "elapsed_minutes": 2044.4865311166666
}