{
    "hyperparams": {
        "model": "integrator",
        "sigma": 10,
        "degree": 3,
        "tau": 0.5,
        "lr": 0.001,
        "n_tau": 100,
        "measurement_noise": 1e-05,
        "n_reparam_samples": 30
    },
    "chunk_range": [
        18867,
        19859
    ],
    "n_chunks_processed": 993,
    "n_chunks_succeeded": 729,
    "n_chunks_failed": 264,
    "mean_rmse_omega": 0.0007899317089790818,
    "std_rmse_omega": 0.0008515180015914044,
    "mean_rmse_theta": 0.017543984300473547,
    "std_rmse_theta": 0.03578718302803201,
    "mean_rmse_total": 0.012420411942212425,
    "mean_loss": 43735.45193340226,
    "std_loss": 403340.54696374753,
    "timestamp": "20260307_173200",
    "csv_file": "chunks_18867_to_19859_20260307_173200.csv",
    "early_stopping": {
        "max_epochs": 10000,
        "patience": 300
    },
    "elapsed_minutes": 2567.8915530666663
}