{
    "hyperparams": {
        "model": "integrator",
        "sigma": 10,
        "degree": 3,
        "tau": 0.5,
        "lr": 0.001,
        "n_tau": 100,
        "measurement_noise": 1e-05,
        "n_reparam_samples": 30
    },
    "chunk_range": [
        29790,
        30782
    ],
    "n_chunks_processed": 993,
    "n_chunks_succeeded": 606,
    "n_chunks_failed": 387,
    "mean_rmse_omega": 0.0008755695055970436,
    "std_rmse_omega": 0.0013819267403680803,
    "mean_rmse_theta": 0.0196802617241275,
    "std_rmse_theta": 0.05179026004284132,
    "mean_rmse_total": 0.013933940060980766,
    "mean_loss": 169361.7608250894,
    "std_loss": 1764897.320476803,
    "timestamp": "20260307_173200",
    "csv_file": "chunks_29790_to_30782_20260307_173200.csv",
    "early_stopping": {
        "max_epochs": 10000,
        "patience": 300
    },
    "elapsed_minutes": 2463.3234269500003
}