{
    "hyperparams": {
        "model": "integrator",
        "sigma": 10,
        "degree": 3,
        "tau": 0.5,
        "lr": 0.001,
        "n_tau": 100,
        "measurement_noise": 1e-05,
        "n_reparam_samples": 30
    },
    "chunk_range": [
        25818,
        26810
    ],
    "n_chunks_processed": 993,
    "n_chunks_succeeded": 755,
    "n_chunks_failed": 238,
    "mean_rmse_omega": 0.0007273024410843565,
    "std_rmse_omega": 0.0006928551406020703,
    "mean_rmse_theta": 0.015071669186693648,
    "std_rmse_theta": 0.008937824615428486,
    "mean_rmse_total": 0.010671265394926466,
    "mean_loss": 31594.514752644907,
    "std_loss": 294921.6776447941,
    "timestamp": "20260307_173201",
    "csv_file": "chunks_25818_to_26810_20260307_173201.csv",
    "early_stopping": {
        "max_epochs": 10000,
        "patience": 300
    },
    "elapsed_minutes": 2676.2081036833333
}