{
    "hyperparams": {
        "model": "integrator",
        "sigma": 10,
        "degree": 3,
        "tau": 0.5,
        "lr": 0.001,
        "n_tau": 100,
        "measurement_noise": 1e-05,
        "n_reparam_samples": 30
    },
    "chunk_range": [
        23832,
        24824
    ],
    "n_chunks_processed": 993,
    "n_chunks_succeeded": 769,
    "n_chunks_failed": 224,
    "mean_rmse_omega": 0.0007748811024178173,
    "std_rmse_omega": 0.0013247364898121474,
    "mean_rmse_theta": 0.016039007998547565,
    "std_rmse_theta": 0.015797136216784215,
    "mean_rmse_total": 0.011356622487505212,
    "mean_loss": -1475406.1089403853,
    "std_loss": 50352746.569378465,
    "timestamp": "20260307_173159",
    "csv_file": "chunks_23832_to_24824_20260307_173159.csv",
    "early_stopping": {
        "max_epochs": 10000,
        "patience": 300
    },
    "elapsed_minutes": 2322.9480149666665
}