{
    "hyperparams": {
        "model": "integrator",
        "sigma": 10,
        "degree": 3,
        "tau": 0.5,
        "lr": 0.001,
        "n_tau": 100,
        "measurement_noise": 1e-05,
        "n_reparam_samples": 30
    },
    "chunk_range": [
        16881,
        17873
    ],
    "n_chunks_processed": 993,
    "n_chunks_succeeded": 701,
    "n_chunks_failed": 292,
    "mean_rmse_omega": 0.0008719673953779685,
    "std_rmse_omega": 0.0012252965258975092,
    "mean_rmse_theta": 0.01721998292105153,
    "std_rmse_theta": 0.01919123216847088,
    "mean_rmse_total": 0.012194635787614741,
    "mean_loss": 166214.57082047622,
    "std_loss": 3055568.214933354,
    "timestamp": "20260307_173000",
    "csv_file": "chunks_16881_to_17873_20260307_173000.csv",
    "early_stopping": {
        "max_epochs": 10000,
        "patience": 300
    },
    "elapsed_minutes": 2453.2006771
}