{
    "hyperparams": {
        "model": "integrator",
        "sigma": 10,
        "degree": 3,
        "tau": 0.5,
        "lr": 0.001,
        "n_tau": 100,
        "measurement_noise": 1e-05,
        "n_reparam_samples": 30
    },
    "chunk_range": [
        5958,
        6950
    ],
    "n_chunks_processed": 993,
    "n_chunks_succeeded": 696,
    "n_chunks_failed": 297,
    "mean_rmse_omega": 0.0007803078873642324,
    "std_rmse_omega": 0.0012776591724339096,
    "mean_rmse_theta": 0.01637358061739126,
    "std_rmse_theta": 0.04326811965665106,
    "mean_rmse_total": 0.01159404320428255,
    "mean_loss": 135323.28967605333,
    "std_loss": 1519693.210644742,
    "timestamp": "20260307_173000",
    "csv_file": "chunks_05958_to_06950_20260307_173000.csv",
    "early_stopping": {
        "max_epochs": 10000,
        "patience": 300
    },
    "elapsed_minutes": 2735.656419666667
}