{
    "hyperparams": {
        "model": "integrator",
        "sigma": 10,
        "degree": 3,
        "tau": 0.5,
        "lr": 0.001,
        "n_tau": 100,
        "measurement_noise": 1e-05,
        "n_reparam_samples": 30
    },
    "chunk_range": [
        9930,
        10922
    ],
    "n_chunks_processed": 993,
    "n_chunks_succeeded": 619,
    "n_chunks_failed": 374,
    "mean_rmse_omega": 0.0006622474465984851,
    "std_rmse_omega": 0.0008938943535013341,
    "mean_rmse_theta": 0.013373517036371787,
    "std_rmse_theta": 0.01628680910771557,
    "mean_rmse_total": 0.009470046455001456,
    "mean_loss": 230631.72920275666,
    "std_loss": 3292408.8654984063,
    "timestamp": "20260307_183153",
    "csv_file": "chunks_09930_to_10922_20260307_183153.csv",
    "early_stopping": {
        "max_epochs": 10000,
        "patience": 300
    },
    "elapsed_minutes": 2322.4325774000004
}