{
    "hyperparams": {
        "model": "integrator",
        "sigma": 10,
        "degree": 3,
        "tau": 0.5,
        "lr": 0.001,
        "n_tau": 100,
        "measurement_noise": 1e-05,
        "n_reparam_samples": 30
    },
    "chunk_range": [
        30783,
        31759
    ],
    "n_chunks_processed": 977,
    "n_chunks_succeeded": 730,
    "n_chunks_failed": 247,
    "mean_rmse_omega": 0.0006770711119864008,
    "std_rmse_omega": 0.0010437711059881612,
    "mean_rmse_theta": 0.014568315205891452,
    "std_rmse_theta": 0.021704214740871537,
    "mean_rmse_total": 0.010314665423795479,
    "mean_loss": 114211.25410820772,
    "std_loss": 2108564.8473021453,
    "timestamp": "20260307_173159",
    "csv_file": "chunks_30783_to_31759_20260307_173159.csv",
    "early_stopping": {
        "max_epochs": 10000,
        "patience": 300
    },
    "elapsed_minutes": 2313.69326295
}