{
    "hyperparams": {
        "model": "integrator",
        "sigma": 10,
        "degree": 3,
        "tau": 0.5,
        "lr": 0.001,
        "n_tau": 100,
        "measurement_noise": 1e-05,
        "n_reparam_samples": 30
    },
    "chunk_range": [
        993,
        1985
    ],
    "n_chunks_processed": 993,
    "n_chunks_succeeded": 671,
    "n_chunks_failed": 322,
    "mean_rmse_omega": 0.0007614457029955123,
    "std_rmse_omega": 0.0013315258542542052,
    "mean_rmse_theta": 0.015877286458718307,
    "std_rmse_theta": 0.028464227282992124,
    "mean_rmse_total": 0.01124227430980969,
    "mean_loss": 178915.64894000912,
    "std_loss": 1950389.663569362,
    "timestamp": "20260307_173200",
    "csv_file": "chunks_00993_to_01985_20260307_173200.csv",
    "early_stopping": {
        "max_epochs": 10000,
        "patience": 300
    },
    "elapsed_minutes": 2194.369528516667
}