{
    "hyperparams": {
        "model": "integrator",
        "sigma": 10,
        "degree": 3,
        "tau": 0.5,
        "lr": 0.001,
        "n_tau": 100,
        "measurement_noise": 1e-05,
        "n_reparam_samples": 30
    },
    "chunk_range": [
        18867,
        19859
    ],
    "n_chunks_processed": 993,
    "n_chunks_succeeded": 733,
    "n_chunks_failed": 260,
    "mean_rmse_omega": 0.0008035924457851226,
    "std_rmse_omega": 0.0008937452124287931,
    "mean_rmse_theta": 0.01668607200512416,
    "std_rmse_theta": 0.011861616666648995,
    "mean_rmse_total": 0.01181465474759085,
    "mean_loss": 49369.170274905075,
    "std_loss": 400260.0161532051,
    "timestamp": "20260307_173000",
    "csv_file": "chunks_18867_to_19859_20260307_173000.csv",
    "early_stopping": {
        "max_epochs": 10000,
        "patience": 300
    },
    "elapsed_minutes": 2424.5979465
}