{
    "hyperparams": {
        "model": "integrator",
        "sigma": 10,
        "degree": 3,
        "tau": 0.5,
        "lr": 0.001,
        "n_tau": 100,
        "measurement_noise": 1e-05,
        "n_reparam_samples": 30
    },
    "chunk_range": [
        29790,
        30782
    ],
    "n_chunks_processed": 993,
    "n_chunks_succeeded": 605,
    "n_chunks_failed": 388,
    "mean_rmse_omega": 0.0008903874936061411,
    "std_rmse_omega": 0.0014488393780639345,
    "mean_rmse_theta": 0.017756314561817765,
    "std_rmse_theta": 0.0272069513162814,
    "mean_rmse_total": 0.012573733925434554,
    "mean_loss": 173066.90585241254,
    "std_loss": 1465784.0437457478,
    "timestamp": "20260307_172959",
    "csv_file": "chunks_29790_to_30782_20260307_172959.csv",
    "early_stopping": {
        "max_epochs": 10000,
        "patience": 300
    },
    "elapsed_minutes": 2433.5298267499998
}