{
    "hyperparams": {
        "model": "integrator",
        "sigma": 10,
        "degree": 3,
        "tau": 0.5,
        "lr": 0.001,
        "n_tau": 100,
        "measurement_noise": 1e-05,
        "n_reparam_samples": 30
    },
    "chunk_range": [
        22839,
        23831
    ],
    "n_chunks_processed": 993,
    "n_chunks_succeeded": 698,
    "n_chunks_failed": 295,
    "mean_rmse_omega": 0.0007873323001251036,
    "std_rmse_omega": 0.001164970846850283,
    "mean_rmse_theta": 0.016913941507641344,
    "std_rmse_theta": 0.019154760458361574,
    "mean_rmse_total": 0.011974657869718991,
    "mean_loss": 135682.3317846479,
    "std_loss": 1262413.7235333659,
    "timestamp": "20260307_173200",
    "csv_file": "chunks_22839_to_23831_20260307_173200.csv",
    "early_stopping": {
        "max_epochs": 10000,
        "patience": 300
    },
    "elapsed_minutes": 2202.57080765
}