{
    "hyperparams": {
        "model": "integrator",
        "sigma": 10,
        "degree": 3,
        "tau": 0.5,
        "lr": 0.001,
        "n_tau": 100,
        "measurement_noise": 1e-05,
        "n_reparam_samples": 30
    },
    "chunk_range": [
        19860,
        20852
    ],
    "n_chunks_processed": 993,
    "n_chunks_succeeded": 686,
    "n_chunks_failed": 307,
    "mean_rmse_omega": 0.000763970502732327,
    "std_rmse_omega": 0.0011564785284295298,
    "mean_rmse_theta": 0.01733030882832369,
    "std_rmse_theta": 0.03781487743853952,
    "mean_rmse_total": 0.012268529532194877,
    "mean_loss": 198699.25356660585,
    "std_loss": 1476453.3765484144,
    "timestamp": "20260307_173000",
    "csv_file": "chunks_19860_to_20852_20260307_173000.csv",
    "early_stopping": {
        "max_epochs": 10000,
        "patience": 300
    },
    "elapsed_minutes": 2417.41197355
}