{
    "hyperparams": {
        "model": "integrator",
        "sigma": 10,
        "degree": 3,
        "tau": 0.5,
        "lr": 0.001,
        "n_tau": 100,
        "measurement_noise": 1e-05,
        "n_reparam_samples": 30
    },
    "chunk_range": [
        12909,
        13901
    ],
    "n_chunks_processed": 993,
    "n_chunks_succeeded": 670,
    "n_chunks_failed": 323,
    "mean_rmse_omega": 0.0008260619750380196,
    "std_rmse_omega": 0.0009392526610549368,
    "mean_rmse_theta": 0.017989015333882686,
    "std_rmse_theta": 0.03449149407978909,
    "mean_rmse_total": 0.012736228050024652,
    "mean_loss": 131680.81670460576,
    "std_loss": 1119371.5033891255,
    "timestamp": "20260307_173159",
    "csv_file": "chunks_12909_to_13901_20260307_173159.csv",
    "early_stopping": {
        "max_epochs": 10000,
        "patience": 300
    },
    "elapsed_minutes": 2225.833242066667
}