{
    "hyperparams": {
        "model": "integrator",
        "sigma": 10,
        "degree": 3,
        "tau": 0.5,
        "lr": 0.001,
        "n_tau": 100,
        "measurement_noise": 1e-05,
        "n_reparam_samples": 30
    },
    "chunk_range": [
        16881,
        17873
    ],
    "n_chunks_processed": 993,
    "n_chunks_succeeded": 698,
    "n_chunks_failed": 295,
    "mean_rmse_omega": 0.0008357179747346688,
    "std_rmse_omega": 0.0010757289434190846,
    "mean_rmse_theta": 0.016759922666565907,
    "std_rmse_theta": 0.015009704644075845,
    "mean_rmse_total": 0.011868190473642062,
    "mean_loss": 64146.82964039387,
    "std_loss": 582086.844549464,
    "timestamp": "20260307_173200",
    "csv_file": "chunks_16881_to_17873_20260307_173200.csv",
    "early_stopping": {
        "max_epochs": 10000,
        "patience": 300
    },
    "elapsed_minutes": 2386.7544071
}