{
    "hyperparams": {
        "model": "integrator",
        "sigma": 10,
        "degree": 3,
        "tau": 0.5,
        "lr": 0.001,
        "n_tau": 100,
        "measurement_noise": 1e-05,
        "n_reparam_samples": 30
    },
    "chunk_range": [
        22839,
        23831
    ],
    "n_chunks_processed": 993,
    "n_chunks_succeeded": 685,
    "n_chunks_failed": 308,
    "mean_rmse_omega": 0.0007519475140406607,
    "std_rmse_omega": 0.0008097646582175147,
    "mean_rmse_theta": 0.017093144828304103,
    "std_rmse_theta": 0.0308336533888811,
    "mean_rmse_total": 0.012100601538227205,
    "mean_loss": 113041.64387938852,
    "std_loss": 1424456.6679332473,
    "timestamp": "20260307_173000",
    "csv_file": "chunks_22839_to_23831_20260307_173000.csv",
    "early_stopping": {
        "max_epochs": 10000,
        "patience": 300
    },
    "elapsed_minutes": 2375.7862938000003
}