{
    "hyperparams": {
        "model": "integrator",
        "sigma": 10,
        "degree": 3,
        "tau": 0.5,
        "lr": 0.001,
        "n_tau": 100,
        "measurement_noise": 1e-05,
        "n_reparam_samples": 30
    },
    "chunk_range": [
        21846,
        22838
    ],
    "n_chunks_processed": 993,
    "n_chunks_succeeded": 765,
    "n_chunks_failed": 228,
    "mean_rmse_omega": 0.0007243326558309967,
    "std_rmse_omega": 0.0008040083449773031,
    "mean_rmse_theta": 0.016127849467025668,
    "std_rmse_theta": 0.018775627340753658,
    "mean_rmse_total": 0.011417220226409876,
    "mean_loss": 68058.3084321623,
    "std_loss": 666184.6905456105,
    "timestamp": "20260307_173000",
    "csv_file": "chunks_21846_to_22838_20260307_173000.csv",
    "early_stopping": {
        "max_epochs": 10000,
        "patience": 300
    },
    "elapsed_minutes": 2555.9204764833335
}