{
    "hyperparams": {
        "model": "integrator",
        "sigma": 10,
        "degree": 3,
        "tau": 0.5,
        "lr": 0.001,
        "n_tau": 100,
        "measurement_noise": 1e-05,
        "n_reparam_samples": 30
    },
    "chunk_range": [
        24825,
        25817
    ],
    "n_chunks_processed": 993,
    "n_chunks_succeeded": 700,
    "n_chunks_failed": 293,
    "mean_rmse_omega": 0.0007911076629950133,
    "std_rmse_omega": 0.0011340223738026025,
    "mean_rmse_theta": 0.01608196916923459,
    "std_rmse_theta": 0.017555916848723346,
    "mean_rmse_total": 0.011387223682499358,
    "mean_loss": 71025.50236895386,
    "std_loss": 948591.6149399584,
    "timestamp": "20260307_173000",
    "csv_file": "chunks_24825_to_25817_20260307_173000.csv",
    "early_stopping": {
        "max_epochs": 10000,
        "patience": 300
    },
    "elapsed_minutes": 2393.7149169
}