{
    "config": {
        "model": "integrator",
        "sigma": 60.0,
        "degree": 2,
        "lr": 0.001,
        "epochs": 200
    },
    "timestamp": "20260118_001206",
    "final_loss": NaN,
    "equations": [
        "1.00000omega",
        "nan1 + nantheta + nanomega + nantheta^2 + nantheta omega + nanomega^2"
    ],
    "loss_history": {
        "0": 17445.146484375,
        "100": NaN
    },
    "scaling_params": {
        "mean_x": [
            -1.086622714996338,
            0.00160964613314718
        ],
        "std_x": [
            0.988487720489502,
            0.007723118644207716
        ],
        "t_scale": 90.0
    }
}