Chunk_Index,Chunk_Start_Time,Sim_RMSE_Omega,Sim_RMSE_Theta,Sim_RMSE_Total,Eq_Theta,Eq_Omega,Coeff_Const,Coeff_Theta,Coeff_Omega,Coeff_Theta2,Coeff_ThetaOmega,Coeff_Omega2
40500,2025-01-12 05:20:00,nan,nan,nan,-0.002 1 + 1.008 omega + 0.146 omega^2,-0.005 1 + 0.001 theta + 0.017 omega + 0.001 theta omega + 0.296 omega^2,-4.7309932490e-03,7.3971044913e-04,1.7496657234e-02,6.7156118812e-05,8.7805856020e-04,2.9585729022e-01
40501,2025-01-12 05:25:00,0.055168,5.849542,4.136435,1.011 omega + 0.053 omega^2,0.023 omega + 0.116 omega^2,-4.6908876820e-04,-1.5071487981e-04,2.3258486935e-02,-7.6453430031e-06,3.9225904764e-04,1.1600299910e-01
40502,2025-01-12 05:30:00,0.036409,1.412026,0.998785,1.003 omega + 0.001 theta omega + 0.014 omega^2,-0.001 1 + 0.001 theta + 0.007 omega + 0.001 theta omega + 0.032 omega^2,-6.6651745212e-04,6.8951634456e-04,7.1733684460e-03,7.0961637641e-05,9.9288418755e-04,3.1987157564e-02
40503,2025-01-12 05:35:00,0.134705,8.165509,5.774672,-0.001 theta + 1.003 omega + 0.001 theta omega + -0.117 omega^2,-0.001 1 + -0.001 theta + 0.009 omega + 0.002 theta omega + -0.224 omega^2,-5.5284151086e-04,-1.3264220103e-03,9.1120073403e-03,-9.0862595455e-05,2.1665749057e-03,-2.2363954922e-01
40504,2025-01-12 05:40:00,0.108556,12.348742,8.732217,0.001 1 + 1.000 omega + 0.001 theta omega + -0.036 omega^2,0.002 1 + 0.001 theta omega + -0.068 omega^2,1.8885668056e-03,3.8375282651e-04,4.1555640419e-04,7.4279492152e-06,1.2111141085e-03,-6.7523247090e-02
40505,2025-01-12 05:45:00,0.052139,3.020622,2.136221,-0.001 1 + 1.012 omega + 0.002 theta omega + -0.054 omega^2,-0.001 1 + -0.001 theta + 0.023 omega + 0.003 theta omega + -0.107 omega^2,-1.0376634292e-03,-5.8621188337e-04,2.3448357826e-02,5.8032749637e-06,3.2408636873e-03,-1.0701963964e-01
40506,2025-01-12 05:50:00,0.073501,4.488786,3.174477,0.997 omega + 0.001 theta omega + -0.001 omega^2,-0.001 1 + -0.006 omega + 0.001 theta omega + 0.002 omega^2,-9.4177157352e-04,2.4894603492e-04,-5.8285020375e-03,-2.3890237500e-05,1.1224000882e-03,2.2147965224e-03
40507,2025-01-12 05:55:00,nan,nan,nan,0.018 1 + 0.001 theta + 1.033 omega + 0.002 theta omega + -0.128 omega^2,0.036 1 + 0.003 theta + 0.067 omega + 0.004 theta omega + -0.254 omega^2,3.6188840224e-02,3.0073784847e-03,6.7122680990e-02,5.9811923914e-05,4.4715398427e-03,-2.5422988212e-01
40508,2025-01-12 06:00:00,0.053665,4.251477,3.006488,-0.001 1 + 1.030 omega + -0.124 omega^2,-0.002 1 + 0.062 omega + -0.001 theta omega + -0.246 omega^2,-1.5544670946e-03,1.9454071737e-04,6.1701081267e-02,-6.1933266955e-06,-5.2572944401e-04,-2.4633958960e-01
40509,2025-01-12 06:05:00,0.047298,2.671923,1.889631,-0.001 1 + 1.009 omega + 0.001 theta omega + 0.053 omega^2,-0.001 1 + 0.001 theta + 0.019 omega + 0.001 theta omega + 0.105 omega^2,-1.3788540403e-03,5.6761498889e-04,1.8556024715e-02,3.1124062400e-05,1.4769666438e-03,1.0457347367e-01
40510,2025-01-12 06:10:00,0.055050,1.030287,0.729562,-0.015 1 + 0.933 omega + -0.002 theta omega + 0.150 omega^2,-0.028 1 + -0.130 omega + -0.004 theta omega + 0.297 omega^2,-2.8368185001e-02,1.6683385839e-04,-1.3033968345e-01,3.8882831288e-05,-4.3567348675e-03,2.9726158339e-01
40511,2025-01-12 06:15:00,0.076421,1.891121,1.338316,-0.001 theta + 1.003 omega + 0.003 theta omega + 0.085 omega^2,-0.001 theta + 0.008 omega + 0.006 theta omega + 0.163 omega^2,-7.4995735865e-05,-1.4059779615e-03,7.9238884065e-03,-3.8534032957e-05,6.2051282238e-03,1.6270841446e-01
40512,2025-01-12 06:20:00,0.089561,5.680322,4.017094,-0.002 1 + 1.001 omega + 0.061 omega^2,-0.004 1 + -0.001 theta + 0.005 omega + 0.128 omega^2,-4.4860271520e-03,-6.5514925639e-04,4.9772385868e-03,-2.3732184856e-05,-1.8777736491e-04,1.2811354371e-01
40513,2025-01-12 06:25:00,0.011631,0.306153,0.216639,0.001 1 + 1.006 omega + -0.039 omega^2,0.003 1 + 0.012 omega + -0.073 omega^2,2.8272587837e-03,2.7748122480e-04,1.1670932370e-02,-1.2383878732e-05,-4.6810091064e-04,-7.2925716406e-02
40514,2025-01-12 06:30:00,0.078597,6.127669,4.333273,1.014 omega + 0.001 theta omega + 0.025 omega^2,0.002 1 + 0.040 omega + 0.002 theta omega + 0.086 omega^2,1.7076706256e-03,-2.0630258857e-04,3.9956631045e-02,-1.6592802064e-05,1.7531256667e-03,8.5592720974e-02
40515,2025-01-12 06:35:00,0.057424,1.455568,1.030042,0.002 1 + 0.001 theta + 0.985 omega + -0.051 omega^2,0.004 1 + 0.002 theta + -0.028 omega + -0.001 theta omega + -0.097 omega^2,4.1811711067e-03,1.8121332695e-03,-2.7727423605e-02,1.0702852461e-04,-7.6208993930e-04,-9.7195201099e-02
40516,2025-01-12 06:40:00,0.034830,1.945465,1.375872,-0.001 1 + 0.996 omega + -0.025 omega^2,-0.002 1 + -0.003 omega + -0.029 omega^2,-1.8001681161e-03,-1.8561592348e-04,-3.1320400367e-03,-4.0004348509e-06,-5.3326173168e-06,-2.9472916305e-02
40517,2025-01-12 06:45:00,0.065966,4.082488,2.887132,-0.002 1 + 0.972 omega + -0.001 theta omega + -0.070 omega^2,-0.004 1 + -0.057 omega + -0.002 theta omega + -0.139 omega^2,-3.8161633450e-03,-1.3579524257e-04,-5.7399100675e-02,7.8606036925e-06,-2.4699574208e-03,-1.3929372121e-01
40518,2025-01-12 06:50:00,0.059428,1.552062,1.098278,-0.001 1 + 0.996 omega + 0.001 theta omega + -0.050 omega^2,-0.001 1 + -0.005 omega + 0.002 theta omega + -0.088 omega^2,-1.1749564826e-03,3.3788113432e-04,-4.5705816186e-03,3.7886447630e-05,1.5530960986e-03,-8.8461555778e-02
40519,2025-01-12 06:55:00,nan,nan,nan,-0.004 1 + -0.002 theta + 0.983 omega + -0.002 theta omega + -0.066 omega^2,-0.008 1 + -0.003 theta + -0.033 omega + -0.005 theta omega + -0.130 omega^2,-8.4538959869e-03,-3.1895005984e-03,-3.3011363646e-02,-1.2133776965e-04,-4.5739036055e-03,-1.3038230932e-01
40520,2025-01-12 07:00:00,0.012583,0.419376,0.296677,0.002 1 + 1.017 omega + -0.069 omega^2,0.003 1 + 0.037 omega + -0.001 theta omega + -0.143 omega^2,3.2005410701e-03,-2.8895433923e-04,3.7316791069e-02,4.9592820766e-06,-6.4512251589e-04,-1.4267377158e-01
40521,2025-01-12 07:05:00,0.046065,4.792988,3.389311,-0.001 1 + 1.017 omega + 0.129 omega^2,-0.002 1 + 0.035 omega + -0.001 theta omega + 0.264 omega^2,-2.1603815978e-03,-4.5118281590e-04,3.4568604845e-02,-1.0810407562e-05,-9.0519496528e-04,2.6373530466e-01
40522,2025-01-12 07:10:00,nan,nan,nan,0.997 omega + -0.042 omega^2,-0.001 1 + -0.004 omega + 0.001 theta omega + -0.072 omega^2,-8.4079147869e-04,-2.5909604273e-04,-4.0090391194e-03,-1.4889448973e-05,5.9057745615e-04,-7.2082383471e-02
40523,2025-01-12 07:15:00,0.047097,1.207043,0.854158,-0.010 1 + -0.001 theta + 0.937 omega + -0.003 theta omega + -0.039 omega^2,-0.021 1 + -0.001 theta + -0.131 omega + -0.006 theta omega + -0.080 omega^2,-2.1454434621e-02,-1.4172059113e-03,-1.3083616047e-01,-1.4647432653e-05,-6.0894353439e-03,-7.9523719432e-02
40524,2025-01-12 07:20:00,nan,nan,nan,-0.002 1 + 0.979 omega + -0.001 theta omega + -0.091 omega^2,-0.003 1 + -0.040 omega + -0.001 theta omega + -0.181 omega^2,-3.1369968196e-03,-8.9656227453e-05,-4.0478953239e-02,1.0465955391e-05,-1.2712092286e-03,-1.8112492714e-01
40525,2025-01-12 07:25:00,0.032130,2.247232,1.589195,-0.002 1 + 0.993 omega + 0.008 omega^2,-0.003 1 + -0.009 omega + 0.022 omega^2,-2.8092763151e-03,-4.6272216522e-04,-9.0677127655e-03,-1.8834540587e-05,-2.8503527612e-04,2.1710022260e-02
40526,2025-01-12 07:30:00,0.071873,4.552867,3.219764,1.006 omega + -0.026 omega^2,0.013 omega + -0.050 omega^2,-4.9472327233e-04,-4.3556503854e-04,1.2664778418e-02,3.4716516162e-05,-2.3123523396e-04,-4.9743648972e-02
40527,2025-01-12 07:35:00,0.120744,4.420682,3.127060,0.001 1 + 0.982 omega + 0.001 theta omega + 0.004 omega^2,0.002 1 + -0.033 omega + 0.002 theta omega + 0.008 omega^2,1.6634214528e-03,4.5454838401e-04,-3.3094502128e-02,-3.4072005775e-05,2.0076136506e-03,8.4754582923e-03
40528,2025-01-12 07:40:00,0.030911,1.521153,1.075840,0.979 omega + -0.001 theta omega + 0.154 omega^2,-0.037 omega + -0.002 theta omega + 0.294 omega^2,9.3522078077e-05,3.8453354008e-04,-3.7098706116e-02,-7.0591684978e-06,-2.1859929234e-03,2.9397245994e-01
40529,2025-01-12 07:45:00,0.008076,0.170105,0.120418,-0.001 1 + 1.012 omega + -0.029 omega^2,-0.002 1 + 0.027 omega + -0.001 theta omega + -0.058 omega^2,-1.8405710804e-03,9.1195116128e-05,2.6812078295e-02,-1.9145871502e-06,-5.9738115119e-04,-5.8243392944e-02
40530,2025-01-12 07:50:00,0.081890,4.064812,2.874839,1.001 omega + -0.079 omega^2,0.003 omega + -0.156 omega^2,2.8678354763e-04,-1.2673829475e-04,2.5287931412e-03,7.8731143833e-05,4.8842245229e-05,-1.5615523009e-01
40531,2025-01-12 07:55:00,0.160825,7.709389,5.452548,0.003 1 + 0.986 omega + 0.016 omega^2,0.006 1 + -0.025 omega + 0.001 theta omega + 0.030 omega^2,5.5057501459e-03,-3.8007071799e-04,-2.4913756662e-02,6.3624280512e-06,6.3332768636e-04,3.0177603658e-02
40532,2025-01-12 08:00:00,0.324278,3.168798,2.252380,-0.001 1 + 0.002 theta + 0.998 omega + -0.035 omega^2,-0.002 1 + 0.003 theta + -0.004 omega + -0.001 theta^2 + -0.077 omega^2,-2.3036843413e-03,3.1835188845e-03,-4.4940027887e-03,-6.0996192432e-04,6.0620768342e-05,-7.6604044088e-02
40533,2025-01-12 08:05:00,0.019409,0.486585,0.344341,0.001 1 + 1.036 omega + -0.003 theta omega + -0.225 omega^2,0.003 1 + 0.001 theta + 0.075 omega + -0.006 theta omega + -0.453 omega^2,2.5530261801e-03,5.1059656599e-04,7.4691232874e-02,-5.8340283511e-05,-6.4691733414e-03,-4.5328399144e-01
40534,2025-01-12 08:10:00,nan,nan,nan,0.002 1 + -0.001 theta + 0.992 omega + 0.001 theta omega + 0.036 omega^2,0.004 1 + -0.002 theta + -0.017 omega + 0.002 theta omega + 0.075 omega^2,4.2052336127e-03,-2.0899259419e-03,-1.6525704616e-02,1.5336494853e-04,2.2905184476e-03,7.4805264393e-02
40535,2025-01-12 08:15:00,0.007310,0.121568,0.086117,0.001 1 + 0.996 omega + -0.006 omega^2,0.001 1 + -0.007 omega + -0.011 omega^2,1.3981231261e-03,1.6109821611e-04,-6.9464380088e-03,-1.7336527447e-05,3.9561999278e-04,-1.0605868969e-02
40536,2025-01-12 08:20:00,0.026905,1.143753,0.808979,-0.001 1 + 1.013 omega + 0.006 theta omega + -0.111 omega^2,-0.001 1 + -0.001 theta + 0.027 omega + 0.012 theta omega + -0.224 omega^2,-1.0303523723e-03,-8.1353614600e-04,2.7005280216e-02,7.1056055094e-05,1.2169958957e-02,-2.2421322375e-01
40537,2025-01-12 08:25:00,nan,nan,nan,-0.004 1 + 1.028 omega + -0.004 theta omega + 0.120 omega^2,-0.007 1 + 0.001 theta + 0.061 omega + -0.008 theta omega + 0.235 omega^2,-7.2740586670e-03,9.0689836296e-04,6.0748107261e-02,-7.9368631382e-06,-7.7704201610e-03,2.3462907809e-01
40538,2025-01-12 08:30:00,0.055147,4.872170,3.445365,1.000 omega + -0.001 theta omega + 0.034 omega^2,0.001 omega + -0.001 theta omega + 0.072 omega^2,-2.8214717422e-04,-2.6854645391e-05,1.2585484456e-03,7.8431684155e-06,-1.1117615347e-03,7.2421488201e-02
40539,2025-01-12 08:35:00,0.015911,0.819786,0.579785,-0.001 1 + 1.018 omega + -0.093 omega^2,-0.003 1 + 0.045 omega + -0.001 theta omega + -0.205 omega^2,-3.4642252846e-03,4.5700070046e-04,4.4678404646e-02,-1.4343294578e-05,-1.0683272211e-03,-2.0516752685e-01
40540,2025-01-12 08:40:00,nan,nan,nan,0.001 theta + 1.016 omega + -0.007 theta omega + -0.138 omega^2,-0.001 1 + 0.001 theta + 0.035 omega + -0.015 theta omega + -0.293 omega^2,-8.3273610836e-04,1.3906552440e-03,3.5181207236e-02,-3.7864199547e-04,-1.4512046012e-02,-2.9278257094e-01
40541,2025-01-12 08:45:00,0.014515,0.679481,0.480575,-0.001 1 + 1.000 omega + 0.001 theta omega + -0.069 omega^2,-0.001 1 + 0.001 omega + 0.002 theta omega + -0.141 omega^2,-1.1131338428e-03,-3.9805767871e-04,1.2076618842e-03,-1.7583243963e-05,1.7297216632e-03,-1.4131438497e-01
40542,2025-01-12 08:50:00,0.046274,0.980172,0.693858,0.002 1 + 0.983 omega + -0.096 omega^2,0.004 1 + 0.001 theta + -0.033 omega + -0.001 theta omega + -0.195 omega^2,3.5134514161e-03,8.2306346056e-04,-3.3255105924e-02,3.6336119485e-05,-6.6158240007e-04,-1.9506040486e-01
40543,2025-01-12 08:55:00,0.038956,5.147259,3.639766,1.008 omega + -0.002 theta omega + -0.017 omega^2,0.020 omega + -0.003 theta omega + -0.056 omega^2,6.2357806235e-05,-8.4154019849e-05,1.9717486613e-02,1.1190779239e-05,-2.6986297320e-03,-5.6305747008e-02
40544,2025-01-12 09:00:00,0.056943,1.654812,1.170821,0.002 1 + 0.979 omega + 0.003 theta omega + -0.067 omega^2,0.004 1 + -0.041 omega + 0.006 theta omega + -0.114 omega^2,3.8288259598e-03,1.1160751036e-04,-4.1383599000e-02,-9.8361324400e-05,5.6613941586e-03,-1.1443172566e-01
40545,2025-01-12 09:05:00,0.035334,1.650896,1.167627,-0.001 1 + 0.001 theta + 1.024 omega + -0.002 theta omega + -0.140 omega^2,-0.003 1 + 0.001 theta + 0.056 omega + -0.004 theta omega + -0.303 omega^2,-2.8504802763e-03,1.1285911114e-03,5.5663871553e-02,-5.4745234543e-05,-3.7325273932e-03,-3.0281205693e-01
40546,2025-01-12 09:10:00,nan,nan,nan,0.001 1 + -0.002 theta + 1.005 omega + -0.003 theta omega + 0.216 omega^2,0.002 1 + -0.004 theta + 0.011 omega + 0.001 theta^2 + -0.006 theta omega + 0.434 omega^2,1.7288907880e-03,-3.8947397419e-03,1.1230154576e-02,8.4504761496e-04,-6.0932564143e-03,4.3400642908e-01
40547,2025-01-12 09:15:00,nan,nan,nan,0.001 1 + 0.988 omega + 0.014 theta omega + -0.157 omega^2,0.002 1 + -0.022 omega + 0.028 theta omega + -0.307 omega^2,1.7603574941e-03,-4.2356916823e-04,-2.2413846123e-02,-2.8568659134e-04,2.7501477100e-02,-3.0711257429e-01
40548,2025-01-12 09:20:00,nan,nan,nan,-0.003 1 + 1.049 omega + -0.001 theta omega + -0.111 omega^2,-0.007 1 + 0.108 omega + -0.003 theta omega + -0.250 omega^2,-7.1463028834e-03,3.1223143901e-04,1.0755650331e-01,-3.9819595635e-06,-2.9841350211e-03,-2.5009565807e-01
40549,2025-01-12 09:25:00,nan,nan,nan,-0.001 1 + 0.001 theta + 1.021 omega + -0.005 theta omega + -0.077 omega^2,-0.002 1 + 0.001 theta + 0.044 omega + -0.011 theta omega + -0.161 omega^2,-1.5514315515e-03,1.2701011215e-03,4.3828002276e-02,-2.2893867889e-04,-1.0607615249e-02,-1.6107212631e-01
40550,2025-01-12 09:30:00,0.085453,4.692682,3.318778,0.997 omega + -0.001 theta omega + 0.137 omega^2,-0.001 1 + -0.003 omega + -0.003 theta omega + 0.261 omega^2,-8.2526235267e-04,3.6372054113e-04,-2.7364957876e-03,-2.6407152159e-05,-2.6536136939e-03,2.6132076174e-01
40551,2025-01-12 09:35:00,0.066271,5.612596,3.968981,0.996 omega + -0.008 omega^2,-0.009 omega + 0.001 theta omega + -0.008 omega^2,-4.4104067818e-04,1.1220224657e-04,-9.0393361038e-03,-4.6916513477e-06,9.2013733760e-04,-8.4702840787e-03
40552,2025-01-12 09:40:00,0.029951,1.032231,0.730205,0.001 1 + 0.981 omega + 0.117 omega^2,0.002 1 + -0.030 omega + 0.219 omega^2,1.7222973683e-03,2.7316049805e-05,-2.9911143625e-02,-6.4794883292e-06,-4.0762225649e-04,2.1943996026e-01
40553,2025-01-12 09:45:00,0.109619,6.197713,4.383130,1.041 omega + -0.001 theta omega + -0.149 omega^2,-0.001 1 + -0.001 theta + 0.084 omega + -0.002 theta omega + -0.308 omega^2,-8.2604147725e-04,-8.2112332254e-04,8.4045153445e-02,4.3052018794e-05,-1.5682131265e-03,-3.0823485680e-01
40554,2025-01-12 09:50:00,0.039289,4.160140,2.941795,0.997 omega + -0.003 omega^2,-0.001 1 + 0.003 omega + -0.028 omega^2,-7.0212896128e-04,1.6244096818e-04,3.3471469219e-03,-8.3992541656e-06,1.9194571875e-04,-2.7948361988e-02
40555,2025-01-12 09:55:00,nan,nan,nan,0.991 omega + 0.002 theta omega + 0.015 omega^2,0.001 1 + -0.018 omega + 0.004 theta omega + 0.001 omega^2,1.0479036813e-03,-1.1873538976e-04,-1.7724493170e-02,-1.7902308281e-05,4.2231345016e-03,6.1233405445e-04
40556,2025-01-12 10:00:00,0.011032,0.809343,0.572345,-0.016 1 + 0.001 theta + 1.183 omega + -0.004 theta omega + -0.513 omega^2,-0.035 1 + 0.001 theta + 0.395 omega + -0.008 theta omega + -1.110 omega^2,-3.4895454148e-02,1.3131432526e-03,3.9515357252e-01,-1.0265373520e-05,-8.0301768823e-03,-1.1095441192e+00
40557,2025-01-12 10:05:00,nan,nan,nan,0.001 1 + 0.980 omega + -0.001 theta omega + 0.241 omega^2,0.001 1 + -0.038 omega + -0.003 theta omega + 0.482 omega^2,1.4554731166e-03,6.6544051263e-05,-3.7933474669e-02,8.5689325114e-07,-3.0004805689e-03,4.8162209202e-01
40558,2025-01-12 10:10:00,0.023801,0.691135,0.488996,-0.001 1 + 1.003 omega + 0.014 omega^2,-0.002 1 + 0.007 omega + 0.001 theta omega + 0.025 omega^2,-2.3130373543e-03,3.7049334441e-06,6.7496618450e-03,6.1513684485e-06,6.9109144732e-04,2.4859238700e-02
40559,2025-01-12 10:15:00,nan,nan,nan,0.001 1 + 0.999 omega + 0.002 theta omega + -0.149 omega^2,0.002 1 + 0.004 theta omega + -0.291 omega^2,2.2580933183e-03,-4.5559491750e-04,2.1453779139e-04,-1.6633319115e-04,4.0430138418e-03,-2.9114909407e-01
40560,2025-01-12 10:20:00,0.105896,5.720402,4.045628,-0.001 1 + 0.997 omega + -0.009 omega^2,-0.001 1 + 0.001 theta + -0.004 omega + -0.016 omega^2,-1.1951840567e-03,5.1239316307e-04,-4.3006450925e-03,-3.2097402929e-05,3.0775628681e-04,-1.5740556259e-02
40561,2025-01-12 10:25:00,0.026058,2.537577,1.794433,1.004 omega + -0.024 omega^2,0.014 omega + -0.001 theta omega + -0.086 omega^2,-3.6166725334e-04,4.0407987066e-05,1.4494445199e-02,7.2940924241e-07,-9.5200385925e-04,-8.6452553002e-02
40562,2025-01-12 10:30:00,nan,nan,nan,0.001 1 + 1.004 omega + -0.133 omega^2,0.002 1 + 0.008 omega + -0.001 theta omega + -0.249 omega^2,1.9754607710e-03,2.9405115714e-04,8.1072477973e-03,-5.9782452594e-05,-7.9938608837e-04,-2.4913878055e-01
40563,2025-01-12 10:35:00,nan,nan,nan,0.998 omega + -0.002 theta omega + 0.221 omega^2,-0.001 theta + -0.001 omega + -0.004 theta omega + 0.429 omega^2,1.8629593555e-04,-7.6831638238e-04,-6.2866887213e-04,4.9600767474e-05,-4.2196047903e-03,4.2944629310e-01
40564,2025-01-12 10:40:00,0.044518,1.352490,0.956873,-0.001 1 + 0.001 theta + 1.005 omega + -0.001 theta omega + -0.161 omega^2,-0.002 1 + 0.002 theta + 0.015 omega + -0.003 theta omega + -0.311 omega^2,-2.2215211643e-03,2.2997664684e-03,1.5228809019e-02,-3.0772907045e-04,-2.6729585533e-03,-3.1142703621e-01
40565,2025-01-12 10:45:00,0.030608,3.066995,2.168801,0.975 omega + -0.001 theta omega + 0.302 omega^2,0.001 1 + -0.041 omega + -0.003 theta omega + 0.562 omega^2,6.0634890603e-04,2.4957833520e-04,-4.1327201507e-02,-9.7285891326e-06,-2.7237168994e-03,5.6172770723e-01
40566,2025-01-12 10:50:00,0.032600,2.190932,1.549394,0.990 omega + 0.064 omega^2,-0.006 omega + 0.065 omega^2,1.8298572977e-04,-7.1363046460e-05,-6.2810214801e-03,2.8013119069e-06,-4.9863583381e-05,6.4660896143e-02
40567,2025-01-12 10:55:00,nan,nan,nan,1.002 omega + 0.003 theta omega + -0.064 omega^2,0.008 omega + 0.007 theta omega + -0.172 omega^2,1.1394808073e-04,-5.9122824014e-05,8.4644227733e-03,-5.5655242281e-05,6.7495369062e-03,-1.7207766776e-01
40568,2025-01-12 11:00:00,0.019636,0.540327,0.382321,-0.001 1 + 1.004 omega + -0.001 theta omega + 0.031 omega^2,-0.003 1 + 0.012 omega + -0.002 theta omega + 0.059 omega^2,-2.6050010468e-03,2.5396830627e-04,1.2216345216e-02,-1.1405447431e-06,-1.6475449899e-03,5.8946267438e-02
40569,2025-01-12 11:05:00,0.027969,2.435563,1.722317,1.003 omega + -0.017 omega^2,0.009 omega + -0.001 theta omega + -0.040 omega^2,-4.8252512798e-04,-4.3061580532e-05,9.1674758439e-03,5.5104269666e-06,-8.7933854382e-04,-4.0054900158e-02
40570,2025-01-12 11:10:00,0.045929,1.609352,1.138447,0.001 1 + -0.001 theta + 0.998 omega + -0.036 omega^2,0.002 1 + -0.001 theta + -0.002 omega + -0.079 omega^2,1.9101906755e-03,-1.0706864295e-03,-2.4974790366e-03,8.0942329573e-05,4.9861829009e-04,-7.9384190207e-02
40571,2025-01-12 11:15:00,nan,nan,nan,1.026 omega + 0.111 omega^2,-0.001 theta + 0.055 omega + 0.236 omega^2,-4.5145271044e-04,-8.0289614010e-04,5.5194497745e-02,-3.6097083147e-05,1.9952015674e-04,2.3607471913e-01
40572,2025-01-12 11:20:00,nan,nan,nan,1.002 omega + 0.001 theta omega + -0.135 omega^2,0.001 1 + -0.001 theta + 0.004 omega + 0.002 theta omega + -0.277 omega^2,7.5736576145e-04,-5.6076149609e-04,4.2289457075e-03,-2.9964084765e-05,1.7452541107e-03,-2.7720423940e-01
40573,2025-01-12 11:30:00,1.371727,19.444891,13.783784,0.995 omega + -0.004 theta omega + 0.081 omega^2,-0.001 theta + -0.007 omega + -0.008 theta omega + 0.138 omega^2,-2.8261253573e-04,-5.8421199627e-04,-7.4143380132e-03,-1.7228400609e-04,-8.2242770225e-03,1.3783230491e-01
40574,2025-01-12 11:35:00,nan,nan,nan,0.999 omega + -0.008 theta omega + 0.274 omega^2,-0.016 theta omega + 0.555 omega^2,-1.3194759360e-04,-4.5400884878e-04,-1.9480643902e-04,1.6234601838e-04,-1.5954586411e-02,5.5515177986e-01
40575,2025-01-12 11:40:00,0.022803,1.548627,1.095164,0.001 1 + 0.991 omega + -0.002 theta omega + 0.152 omega^2,0.001 1 + -0.016 omega + -0.004 theta omega + 0.307 omega^2,1.1614952046e-03,1.5040809558e-06,-1.5844363998e-02,1.5285327251e-05,-4.1453747791e-03,3.0728641584e-01
40576,2025-01-12 11:45:00,0.008959,0.374983,0.265229,-0.007 1 + 1.089 omega + -0.272 omega^2,-0.011 1 + 0.138 omega + -0.001 theta omega + -0.412 omega^2,-1.1279337998e-02,1.0727789786e-04,1.3811342917e-01,2.9945679917e-07,-8.1670936371e-04,-4.1164207112e-01
40577,2025-01-12 11:50:00,0.028759,0.737054,0.521572,0.998 omega + -0.001 theta omega + 0.061 omega^2,0.001 1 + -0.001 omega + -0.002 theta omega + 0.111 omega^2,7.5770989450e-04,-1.1905551310e-04,-8.5473739365e-04,-3.3288455376e-06,-1.6741395053e-03,1.1074352923e-01
40578,2025-01-12 11:55:00,nan,nan,nan,0.996 omega + 0.001 theta omega + -0.083 omega^2,-0.005 omega + 0.001 theta omega + -0.161 omega^2,9.9381005945e-05,-2.3543563179e-05,-5.1700628877e-03,-2.6535879608e-06,1.2950230501e-03,-1.6118985533e-01
40579,2025-01-12 12:00:00,0.012580,0.324161,0.229389,1.009 omega + 0.001 theta omega + 0.002 omega^2,0.019 omega + 0.002 theta omega + 0.003 omega^2,-2.8425654342e-04,-1.2866732300e-04,1.8781945397e-02,-1.3897236635e-06,1.9844206949e-03,2.8336996383e-03
40580,2025-01-12 12:05:00,nan,nan,nan,0.002 1 + 0.965 omega + 0.002 theta omega + 0.081 omega^2,0.003 1 + -0.064 omega + 0.005 theta omega + 0.158 omega^2,3.2152006301e-03,-2.5323453030e-04,-6.4327986613e-02,-2.6600315366e-06,4.6403037500e-03,1.5844838817e-01
40581,2025-01-12 12:10:00,0.044017,1.251427,0.885440,0.005 1 + 0.003 theta + 1.049 omega + 0.008 theta omega + 0.224 omega^2,0.011 1 + 0.006 theta + 0.103 omega + 0.001 theta^2 + 0.016 theta omega + 0.463 omega^2,1.0874567192e-02,5.7090044204e-03,1.0287988157e-01,5.9642356695e-04,1.6102283910e-02,4.6335753034e-01
40582,2025-01-12 12:15:00,0.070339,5.028618,3.556117,0.001 1 + 1.006 omega + -0.001 theta omega + 0.026 omega^2,0.001 1 + -0.001 theta + 0.015 omega + -0.003 theta omega + 0.034 omega^2,1.4635812733e-03,-6.3087518308e-04,1.4827861099e-02,2.5815392770e-05,-2.7112334662e-03,3.4402262363e-02
40583,2025-01-12 12:20:00,nan,nan,nan,-0.001 theta + 1.005 omega + 0.010 theta omega + -0.183 omega^2,0.001 1 + -0.002 theta + 0.012 omega + -0.001 theta^2 + 0.020 theta omega + -0.346 omega^2,6.6709145861e-04,-2.1012365258e-03,1.1994513125e-02,-8.1489400109e-04,1.9537733140e-02,-3.4611660338e-01
40584,2025-01-12 12:25:00,0.027398,3.467672,2.452091,1.000 omega + 0.002 theta omega + -0.110 omega^2,0.001 1 + 0.002 omega + 0.004 theta omega + -0.195 omega^2,9.5510330142e-04,3.2539651556e-04,1.9166211490e-03,-1.2828219512e-06,4.0300483418e-03,-1.9495908350e-01
40585,2025-01-12 12:30:00,0.062506,3.924257,2.775220,1.006 omega + -0.004 theta omega + -0.005 omega^2,-0.001 theta + 0.015 omega + -0.008 theta omega + -0.026 omega^2,3.7761610511e-04,-6.1364603742e-04,1.4887222091e-02,1.5056952294e-04,-8.0105435871e-03,-2.6292519907e-02
40586,2025-01-12 12:35:00,0.036132,1.279183,0.904880,1.013 omega + -0.090 omega^2,0.029 omega + -0.001 theta omega + -0.187 omega^2,4.6320991087e-04,-4.0843905622e-05,2.8893392916e-02,-3.6132998065e-06,-8.1232122645e-04,-1.8747586586e-01
40587,2025-01-12 12:40:00,nan,nan,nan,1.001 omega + 0.004 theta omega + 0.005 omega^2,-0.001 theta + 0.003 omega + 0.008 theta omega + -0.019 omega^2,-8.9209054246e-05,-7.0085626202e-04,2.5967366324e-03,2.3535048452e-04,8.4166369042e-03,-1.9163685269e-02
40588,2025-01-12 12:45:00,0.026936,1.046708,0.740379,-0.002 1 + 1.000 omega + 0.001 theta omega + 0.283 omega^2,-0.004 1 + 0.001 omega + 0.002 theta omega + 0.569 omega^2,-3.5703207691e-03,-3.2878256985e-04,1.2257057649e-03,1.3074530845e-04,1.6619536747e-03,5.6900399730e-01
40589,2025-01-12 12:50:00,0.020683,0.818220,0.578754,-0.001 1 + 1.005 omega + 0.001 theta omega + 0.034 omega^2,-0.001 1 + -0.001 theta + 0.011 omega + 0.002 theta omega + 0.049 omega^2,-1.1316401472e-03,-6.2634459324e-04,1.1160419754e-02,-2.8146954655e-05,1.9816535135e-03,4.9068761773e-02
40590,2025-01-12 12:55:00,nan,nan,nan,0.003 1 + -0.001 theta + 1.001 omega + 0.002 theta omega + -0.168 omega^2,0.006 1 + -0.003 theta + 0.003 omega + 0.005 theta omega + -0.338 omega^2,6.0853626628e-03,-2.7127642238e-03,2.8739184838e-03,2.2591653731e-04,4.8310098089e-03,-3.3752902819e-01
40591,2025-01-12 13:00:00,0.042750,1.446311,1.023143,0.983 omega + -0.089 omega^2,-0.033 omega + -0.001 theta omega + -0.179 omega^2,-2.5381057786e-04,2.9110713831e-04,-3.2583328207e-02,1.9509983057e-05,-7.6914968937e-04,-1.7923478421e-01
40592,2025-01-12 13:05:00,0.043959,2.200333,1.556181,0.994 omega + 0.001 theta omega + -0.080 omega^2,0.001 1 + 0.001 theta + -0.009 omega + 0.002 theta omega + -0.164 omega^2,6.0361103298e-04,5.2698938590e-04,-9.2331860392e-03,3.3131166039e-05,1.7549045498e-03,-1.6361515056e-01
40593,2025-01-12 13:10:00,nan,nan,nan,-0.001 1 + 1.001 omega + -0.002 theta omega + 0.147 omega^2,-0.001 1 + -0.001 theta + 0.002 omega + -0.004 theta omega + 0.299 omega^2,-1.2868863493e-03,-5.5826585224e-04,2.4091435435e-03,1.0069724074e-04,-4.1517404319e-03,2.9925585392e-01
40594,2025-01-12 13:15:00,0.090573,2.285863,1.617618,-0.001 theta + 1.006 omega + 0.004 theta omega + -0.118 omega^2,-0.001 1 + -0.001 theta + 0.012 omega + 0.009 theta omega + -0.233 omega^2,-5.8688241841e-04,-1.1904377639e-03,1.2148233413e-02,3.2775051673e-05,8.8460441139e-03,-2.3298638729e-01
40595,2025-01-12 13:20:00,0.042630,2.709609,1.916220,0.004 1 + 0.001 theta + 1.046 omega + 0.003 theta omega + 0.097 omega^2,0.009 1 + 0.001 theta + 0.100 omega + 0.006 theta omega + 0.219 omega^2,8.9193514086e-03,1.0829490757e-03,1.0035257246e-01,3.0858751094e-05,5.6621073966e-03,2.1886762992e-01
40596,2025-01-12 13:25:00,0.109048,8.211120,5.806651,1.024 omega + -0.006 theta omega + 0.033 omega^2,-0.001 theta + 0.052 omega + -0.012 theta omega + 0.029 omega^2,2.7437061089e-04,-9.6522960115e-04,5.2348731821e-02,1.4269541405e-04,-1.2270692041e-02,2.8560239955e-02
40597,2025-01-12 13:30:00,nan,nan,nan,0.001 1 + 1.005 omega + -0.001 theta omega + -0.120 omega^2,0.002 1 + 0.001 theta + 0.011 omega + -0.001 theta^2 + -0.002 theta omega + -0.231 omega^2,1.5010882925e-03,5.6214314215e-04,1.0572372732e-02,-6.0874552130e-04,-1.8366704612e-03,-2.3125271868e-01
40598,2025-01-12 13:35:00,0.081467,3.357082,2.374514,0.992 omega + 0.002 theta omega + 0.019 omega^2,0.001 1 + -0.014 omega + 0.005 theta omega + 0.056 omega^2,6.8754576941e-04,4.3674395611e-05,-1.4124062106e-02,-6.0501393090e-05,4.8568832391e-03,5.6404692907e-02
40599,2025-01-12 13:40:00,0.053819,3.990999,2.822319,0.990 omega + -0.001 theta omega + -0.019 omega^2,-0.018 omega + -0.002 theta omega + -0.039 omega^2,4.3509277609e-04,2.4905244827e-04,-1.8470700713e-02,1.6887465006e-05,-1.6639161734e-03,-3.8735735837e-02
40600,2025-01-12 13:45:00,0.064674,1.729606,1.223871,-0.006 1 + 0.968 omega + -0.002 theta omega + -0.001 omega^2,-0.012 1 + -0.001 theta + -0.067 omega + -0.004 theta omega + -0.005 omega^2,-1.1647311280e-02,-9.6349048967e-04,-6.6938899442e-02,-1.0132772553e-05,-4.0850498036e-03,-4.5917899381e-03
40601,2025-01-12 13:50:00,nan,nan,nan,0.001 1 + 1.009 omega + -0.003 theta omega + -0.031 omega^2,0.002 1 + 0.019 omega + -0.006 theta omega + -0.063 omega^2,1.8644919087e-03,-8.7019569480e-05,1.9312876884e-02,-1.4805253027e-04,-5.6806293105e-03,-6.2978095047e-02
40602,2025-01-12 13:55:00,0.232364,16.865914,11.927134,1.008 omega + 0.001 theta omega + 0.023 omega^2,0.001 1 + 0.018 omega + 0.001 theta omega + 0.064 omega^2,9.4720829643e-04,-1.0139326067e-04,1.8260761409e-02,-2.2141799104e-05,1.0491477064e-03,6.4115184147e-02
40603,2025-01-12 14:00:00,0.078512,2.430295,1.719375,-0.019 1 + -0.001 theta + 0.903 omega + -0.004 theta omega + -0.092 omega^2,-0.039 1 + -0.003 theta + -0.196 omega + -0.008 theta omega + -0.186 omega^2,-3.9197907864e-02,-2.8073446753e-03,-1.9639329583e-01,-4.2563819139e-05,-7.8920017980e-03,-1.8626485628e-01
40604,2025-01-12 14:05:00,0.099862,4.035564,2.854449,0.999 omega + -0.013 omega^2,0.001 1 + -0.002 omega + 0.001 theta omega + -0.038 omega^2,5.6765415483e-04,-1.0410133551e-04,-1.9952139326e-03,-5.1515695680e-05,6.2430374715e-04,-3.7982910065e-02
40605,2025-01-12 14:10:00,0.034375,0.711762,0.503878,0.003 1 + 0.001 theta + 0.989 omega + -0.085 omega^2,0.007 1 + 0.002 theta + -0.015 omega + -0.152 omega^2,6.6806752573e-03,1.9718643072e-03,-1.5325703399e-02,1.2830085167e-04,3.1163432987e-04,-1.5236965536e-01
40606,2025-01-12 14:15:00,0.043110,2.895746,2.047829,-0.001 1 + 1.004 omega + 0.001 theta omega + 0.022 omega^2,-0.002 1 + 0.001 omega + 0.001 theta omega + 0.042 omega^2,-2.2162808014e-03,-3.5768905196e-04,1.4795831841e-03,-1.3837833955e-05,1.1436617800e-03,4.2006881872e-02
40607,2025-01-12 14:20:00,0.064539,6.026678,4.261749,0.002 1 + 1.008 omega + 0.011 omega^2,0.003 1 + 0.019 omega + 0.001 theta omega + 0.036 omega^2,3.4258916562e-03,4.7598597327e-04,1.8898022007e-02,1.1758756452e-05,6.2769427311e-04,3.6423774827e-02
40608,2025-01-12 14:25:00,0.033020,1.625218,1.149440,-0.006 1 + 0.961 omega + -0.001 theta omega + -0.049 omega^2,-0.012 1 + -0.077 omega + -0.001 theta omega + -0.098 omega^2,-1.1651250819e-02,-1.7895643316e-04,-7.6856305852e-02,3.4041235518e-06,-1.3402735013e-03,-9.8301403582e-02
40609,2025-01-12 14:30:00,0.488184,19.658497,13.904942,1.005 omega + 0.001 theta omega + 0.018 omega^2,-0.001 1 + -0.001 theta + 0.012 omega + 0.002 theta omega + 0.049 omega^2,-9.4958852962e-04,-6.6507020035e-04,1.1857754279e-02,-8.9903829671e-05,2.0213173039e-03,4.8731585250e-02
40610,2025-01-12 14:35:00,0.130120,15.568703,11.009120,-0.001 theta + 1.001 omega + 0.003 theta omega + -0.283 omega^2,-0.001 1 + -0.001 theta + 0.005 omega + 0.005 theta omega + -0.565 omega^2,-8.9150801938e-04,-1.0488935918e-03,4.9384443121e-03,-4.7344149836e-05,5.2583139414e-03,-5.6454172929e-01
40611,2025-01-12 14:40:00,0.091738,7.331500,5.184559,0.001 1 + 0.995 omega + -0.043 omega^2,0.001 1 + -0.007 omega + -0.070 omega^2,1.1255435121e-03,2.7617827081e-04,-7.3841376206e-03,1.0202337259e-05,4.3841407183e-04,-7.0159065550e-02
40612,2025-01-12 14:45:00,0.539716,37.645110,26.621849,0.002 1 + 0.996 omega + -0.106 omega^2,0.003 1 + 0.001 theta + -0.006 omega + -0.210 omega^2,3.4832278018e-03,9.1356386316e-04,-5.8442358914e-03,5.7525996371e-05,2.5700315389e-04,-2.0960432973e-01
40613,2025-01-12 14:50:00,0.096649,8.582222,6.068932,-0.001 1 + 1.001 omega + -0.021 omega^2,-0.001 1 + 0.003 omega + -0.034 omega^2,-1.4909788643e-03,-3.2383863660e-04,3.4681145371e-03,-4.1661202297e-06,-4.9454721954e-04,-3.4136862928e-02
40614,2025-01-12 14:55:00,1.712144,30.019365,21.261393,0.999 omega + 0.001 theta omega + -0.025 omega^2,-0.001 omega + 0.002 theta omega + -0.045 omega^2,2.4112598397e-05,-1.6326975500e-04,-9.3153517001e-04,7.8864140423e-05,1.8429201775e-03,-4.5425157084e-02
40615,2025-01-12 15:00:00,0.014169,0.569785,0.403024,-0.001 1 + 1.030 omega + 0.096 omega^2,-0.002 1 + 0.061 omega + 0.192 omega^2,-2.4448038026e-03,-3.4249128943e-04,6.1448521518e-02,-3.2852145660e-06,-2.7172929224e-04,1.9154337564e-01
40616,2025-01-12 15:05:00,0.037483,3.263954,2.308116,-0.004 1 + 0.969 omega + -0.001 theta omega + -0.053 omega^2,-0.006 1 + -0.051 omega + -0.001 theta omega + -0.087 omega^2,-6.4171155693e-03,-2.7492694461e-04,-5.0660864545e-02,-2.7173570746e-06,-9.8330909667e-04,-8.6755935600e-02
40617,2025-01-12 15:10:00,0.230177,28.036901,19.825751,0.004 1 + 0.001 theta + 0.967 omega + 0.002 theta omega + -0.235 omega^2,0.007 1 + 0.001 theta + -0.066 omega + 0.003 theta omega + -0.464 omega^2,7.4170426337e-03,1.0890687456e-03,-6.6025482777e-02,1.2358539616e-05,3.0299332143e-03,-4.6406662206e-01
40618,2025-01-12 15:15:00,nan,nan,nan,0.002 1 + 0.001 theta + 1.027 omega + 0.005 theta omega + 0.001 omega^2,0.004 1 + 0.003 theta + 0.059 omega + 0.011 theta omega + 0.018 omega^2,4.3929950432e-03,2.8789499298e-03,5.9310317079e-02,3.4828464171e-04,1.1093656394e-02,1.8209754237e-02
40619,2025-01-12 15:20:00,0.053459,1.908604,1.350116,-0.001 1 + 1.007 omega + 0.031 omega^2,-0.001 1 + 0.015 omega + 0.061 omega^2,-1.2707421958e-03,-4.8863509876e-04,1.5234972622e-02,-2.0807512973e-05,2.3867602328e-04,6.0502866682e-02
40620,2025-01-12 15:25:00,0.076275,5.981694,4.230040,-0.001 1 + 0.999 omega + 0.007 omega^2,-0.003 1 + -0.001 omega + 0.013 omega^2,-2.6200071799e-03,-2.1101952036e-04,-1.0817106920e-03,-3.3090582884e-06,-1.2886393620e-04,1.2743014955e-02
40621,2025-01-12 15:30:00,0.057923,1.854618,1.312052,0.002 1 + 1.000 omega + 0.001 theta omega + -0.047 omega^2,0.005 1 + 0.001 theta + 0.004 omega + 0.001 theta omega + -0.082 omega^2,4.9324105543e-03,8.4454530443e-04,3.8945804955e-03,3.1357403669e-05,1.3362466501e-03,-8.1514502693e-02
40622,2025-01-12 15:35:00,0.113230,3.680138,2.603482,0.001 1 + 0.001 theta + 0.986 omega + -0.002 theta omega + -0.076 omega^2,0.002 1 + 0.001 theta + -0.027 omega + -0.003 theta omega + -0.147 omega^2,1.9770646096e-03,1.3704418701e-03,-2.6731878962e-02,1.6956744451e-04,-3.0387250308e-03,-1.4686752886e-01
40623,2025-01-12 15:40:00,nan,nan,nan,0.001 1 + 1.031 omega + 0.002 theta omega + 0.083 omega^2,0.002 1 + 0.001 theta + 0.064 omega + 0.005 theta omega + 0.177 omega^2,1.9086130543e-03,8.6311123904e-04,6.3961980381e-02,5.4804808447e-05,4.9472888411e-03,1.7659251482e-01
40624,2025-01-12 15:45:00,0.093072,9.801534,6.931044,1.015 omega + 0.003 theta omega + -0.073 omega^2,0.033 omega + 0.005 theta omega + -0.118 omega^2,-1.5017942689e-04,-4.1034913456e-04,3.3156161569e-02,-4.0816285152e-05,5.4108154771e-03,-1.1805588003e-01
40625,2025-01-12 15:50:00,0.109774,5.183427,3.666059,-0.004 1 + 0.993 omega + 0.036 omega^2,-0.008 1 + -0.001 theta + -0.014 omega + -0.001 theta omega + 0.071 omega^2,-7.5160796031e-03,-7.2682732581e-04,-1.3909458264e-02,-7.1339194135e-06,-8.1709650218e-04,7.1224120934e-02
40626,2025-01-12 15:55:00,0.026957,0.891871,0.630936,-0.001 1 + 0.985 omega + -0.001 theta omega + -0.046 omega^2,-0.002 1 + -0.030 omega + -0.003 theta omega + -0.090 omega^2,-1.5673919449e-03,-1.1921261093e-04,-2.9512883916e-02,1.6776913912e-05,-2.6572310235e-03,-8.9688929560e-02
40627,2025-01-12 16:00:00,nan,nan,nan,0.001 1 + -0.001 theta + 1.004 omega + 0.002 theta omega + -0.169 omega^2,0.003 1 + -0.001 theta + 0.008 omega + 0.003 theta omega + -0.331 omega^2,2.5451163416e-03,-1.3423701040e-03,8.4396402207e-03,-7.5007066253e-05,2.9386048023e-03,-3.3056131473e-01
40628,2025-01-12 16:05:00,0.105581,2.435938,1.724085,-0.004 1 + 0.951 omega + -0.005 theta omega + -0.050 omega^2,-0.008 1 + -0.098 omega + -0.011 theta omega + -0.104 omega^2,-8.4445573261e-03,-3.5332325002e-04,-9.8435202794e-02,9.3752398161e-05,-1.0958488174e-02,-1.0421017348e-01
40629,2025-01-12 16:10:00,0.023558,0.673531,0.476550,-0.001 1 + 0.996 omega + 0.055 omega^2,-0.003 1 + 0.001 theta + -0.009 omega + 0.001 theta omega + 0.107 omega^2,-2.7793818380e-03,8.3009575376e-04,-8.8351044955e-03,-6.5586976477e-05,7.6060455621e-04,1.0743045131e-01
40630,2025-01-12 16:15:00,0.044597,1.712697,1.211470,-0.002 1 + 0.980 omega + -0.001 theta omega + -0.079 omega^2,-0.003 1 + -0.039 omega + -0.002 theta omega + -0.176 omega^2,-3.1228020940e-03,-3.4252761169e-04,-3.9303149222e-02,-1.9373797508e-06,-1.9688465259e-03,-1.7632441392e-01
40631,2025-01-12 16:20:00,0.023298,0.529657,0.374886,-0.001 1 + 1.004 omega + 0.004 theta omega + -0.064 omega^2,-0.002 1 + 0.009 omega + 0.009 theta omega + -0.124 omega^2,-1.7179469806e-03,6.4612422050e-05,8.9236131745e-03,2.9155572944e-04,8.7504929905e-03,-1.2359731119e-01
40632,2025-01-12 16:25:00,nan,nan,nan,-0.002 1 + 1.003 omega + -0.012 omega^2,-0.003 1 + -0.001 theta + 0.007 omega + -0.001 theta omega + -0.026 omega^2,-3.0292570992e-03,-7.0781934689e-04,6.7982423018e-03,-8.6084860240e-06,-7.3041525384e-04,-2.5665141198e-02
40633,2025-01-12 16:30:00,0.115664,3.290343,2.328061,0.979 omega + -0.002 theta omega + -0.060 omega^2,0.001 theta + -0.043 omega + -0.005 theta omega + -0.123 omega^2,-4.7825222115e-04,6.1189130853e-04,-4.3424085405e-02,1.0818717776e-04,-5.0168192864e-03,-1.2340851860e-01
40634,2025-01-12 16:35:00,0.162840,9.510830,6.726158,0.001 1 + 1.003 omega + -0.001 theta omega + 0.077 omega^2,0.002 1 + -0.001 theta + 0.007 omega + -0.002 theta omega + 0.152 omega^2,1.9858550489e-03,-9.0209072108e-04,7.4137653974e-03,2.7480398496e-05,-2.4401951185e-03,1.5185260861e-01
40635,2025-01-12 16:40:00,nan,nan,nan,0.001 1 + -0.001 theta + 1.005 omega + 0.001 theta omega + -0.092 omega^2,0.002 1 + -0.001 theta + 0.012 omega + 0.001 theta omega + -0.186 omega^2,1.5551747619e-03,-1.1101107390e-03,1.1895473068e-02,-9.8154570003e-05,1.4631076112e-03,-1.8560977620e-01
40636,2025-01-12 16:45:00,0.055168,3.900606,2.758421,-0.002 1 + 0.973 omega + -0.001 theta omega + -0.098 omega^2,-0.004 1 + -0.051 omega + -0.001 theta omega + -0.197 omega^2,-4.3158569092e-03,-2.0834466294e-04,-5.0535577787e-02,2.2953480330e-06,-1.1404348701e-03,-1.9666115222e-01
40637,2025-01-12 16:50:00,nan,nan,nan,-0.001 1 + -0.001 theta + 1.000 omega + -0.127 omega^2,-0.001 1 + -0.001 theta + 0.001 theta omega + -0.256 omega^2,-1.3302201296e-03,-1.4336399533e-03,3.5228124123e-04,-6.5967598165e-05,6.6394487725e-04,-2.5582415390e-01
40638,2025-01-12 16:55:00,nan,nan,nan,0.001 1 + 1.020 omega + 0.001 theta omega + -0.181 omega^2,0.002 1 + -0.001 theta + 0.040 omega + 0.003 theta omega + -0.355 omega^2,1.7189966354e-03,-6.4379836629e-04,4.0376009155e-02,1.3358077005e-05,2.6606462680e-03,-3.5506608159e-01
40639,2025-01-12 17:00:00,0.090945,5.856277,4.141513,0.001 1 + 0.994 omega + 0.001 theta omega + 0.055 omega^2,0.001 1 + -0.001 theta + -0.010 omega + 0.002 theta omega + 0.126 omega^2,9.5084321901e-04,-6.5310906476e-04,-9.7813123089e-03,3.7621222727e-05,2.1507353452e-03,1.2555433440e-01
40640,2025-01-12 17:05:00,0.019983,0.537209,0.380127,0.001 theta + 0.994 omega + 0.063 omega^2,0.001 1 + 0.001 theta + -0.008 omega + 0.135 omega^2,1.0511555124e-03,1.4874640091e-03,-7.9147440606e-03,1.1635173247e-04,4.5579503298e-04,1.3492659013e-01
40641,2025-01-12 17:10:00,0.558865,20.226198,14.307540,0.002 1 + -0.001 theta + 1.004 omega + -0.045 omega^2,0.004 1 + -0.001 theta + 0.011 omega + -0.096 omega^2,4.1213781405e-03,-1.1473756747e-03,1.1366467337e-02,5.7010644483e-05,4.5213000884e-04,-9.5651064701e-02
40642,2025-01-12 17:15:00,0.132063,4.531301,3.205474,0.002 1 + 0.992 omega + 0.002 theta omega + -0.169 omega^2,0.005 1 + -0.017 omega + 0.004 theta omega + -0.335 omega^2,4.7775687777e-03,2.7346032095e-04,-1.6600088235e-02,-2.3216775223e-04,3.8626085192e-03,-3.3468202923e-01
40643,2025-01-12 17:20:00,0.131712,3.577405,2.531321,-0.001 1 + -0.001 theta + 1.004 omega + -0.002 theta omega + -0.011 omega^2,-0.001 1 + -0.001 theta + 0.009 omega + -0.004 theta omega + -0.021 omega^2,-1.0800753149e-03,-1.4066311217e-03,8.5378342698e-03,2.6255072043e-04,-3.8680169681e-03,-2.0838475035e-02
40644,2025-01-12 17:25:00,0.144375,6.707355,4.743915,-0.002 1 + 0.974 omega + -0.001 theta omega + -0.056 omega^2,-0.004 1 + -0.053 omega + -0.003 theta omega + -0.115 omega^2,-3.6686378493e-03,-2.2642672061e-04,-5.3247735638e-02,1.1566269604e-05,-3.0650799086e-03,-1.1530505725e-01
40645,2025-01-12 17:30:00,nan,nan,nan,-0.002 1 + 1.003 omega + 0.085 omega^2,-0.003 1 + 0.008 omega + 0.176 omega^2,-3.4760122315e-03,-4.8033574286e-04,7.7305442275e-03,3.8467455795e-05,-2.9216717316e-04,1.7611906990e-01
40646,2025-01-12 17:35:00,0.093899,10.175138,7.195215,1.001 omega + 0.001 theta omega + 0.083 omega^2,-0.001 1 + 0.001 theta + 0.004 omega + 0.001 theta omega + 0.174 omega^2,-8.6883512956e-04,5.0003673316e-04,3.8353804079e-03,-7.8632405540e-05,1.3392569965e-03,1.7417464495e-01
40647,2025-01-12 17:40:00,nan,nan,nan,0.001 1 + 1.000 omega + 0.007 theta omega + -0.086 omega^2,0.001 1 + -0.001 theta + 0.002 omega + 0.014 theta omega + -0.165 omega^2,9.8588188194e-04,-8.9585296711e-04,2.3117433836e-03,-4.2795358747e-04,1.3840516748e-02,-1.6525746552e-01
40648,2025-01-12 17:45:00,0.008335,0.158680,0.112358,-0.005 1 + 0.975 omega + -0.001 theta omega + 0.009 omega^2,-0.010 1 + -0.050 omega + -0.003 theta omega + 0.020 omega^2,-9.7570345100e-03,-1.2223997798e-04,-5.0383407960e-02,4.2062126065e-05,-3.0300267916e-03,2.0178431910e-02
40649,2025-01-12 17:50:00,0.038255,2.902023,2.052219,-0.001 1 + 1.003 omega + -0.001 theta omega + 0.041 omega^2,-0.002 1 + 0.006 omega + -0.002 theta omega + 0.082 omega^2,-2.0489340964e-03,1.6366651955e-04,5.6290919054e-03,2.7837599133e-06,-1.7218008535e-03,8.1799014120e-02
40650,2025-01-12 17:55:00,0.024141,0.743737,0.526178,-0.001 1 + 0.998 omega + 0.005 omega^2,-0.003 1 + 0.001 theta + -0.003 omega + 0.011 omega^2,-2.9082715380e-03,7.6034038508e-04,-3.1851216977e-03,-3.6514072677e-05,9.2393864418e-05,1.1393149558e-02
40651,2025-01-12 18:00:00,0.028718,0.608742,0.430924,-0.002 1 + 0.986 omega + 0.001 theta omega + -0.060 omega^2,-0.003 1 + -0.025 omega + 0.001 theta omega + -0.116 omega^2,-3.4681039832e-03,7.5578824904e-05,-2.4823098968e-02,-1.8113348765e-06,1.2400308057e-03,-1.1625957933e-01
40652,2025-01-12 18:05:00,0.058959,1.836132,1.299011,0.002 1 + 0.998 omega + -0.001 theta omega + -0.057 omega^2,0.003 1 + -0.003 omega + -0.001 theta omega + -0.114 omega^2,3.4516414161e-03,-3.7791681930e-04,-2.5392952121e-03,-4.4962135439e-05,-1.3841835078e-03,-1.1425993271e-01
40653,2025-01-12 18:10:00,nan,nan,nan,0.003 1 + 0.958 omega + 0.003 theta omega + 0.076 omega^2,0.005 1 + -0.079 omega + 0.005 theta omega + 0.144 omega^2,5.4047788158e-03,-6.5463953742e-05,-7.9217638883e-02,-3.0428278181e-05,5.2614581539e-03,1.4425992040e-01
40654,2025-01-12 18:15:00,0.067374,2.620536,1.853611,0.001 1 + 0.988 omega + 0.001 theta omega + -0.035 omega^2,0.003 1 + -0.024 omega + 0.001 theta omega + -0.062 omega^2,2.7351771360e-03,2.3946810018e-04,-2.4379988044e-02,-2.6518231093e-05,1.4872522608e-03,-6.1915468603e-02
40655,2025-01-12 18:20:00,0.022217,0.487859,0.345326,0.001 1 + 1.007 omega + 0.001 theta omega + 0.036 omega^2,0.002 1 + 0.001 theta + 0.013 omega + 0.001 theta omega + 0.067 omega^2,2.4759635428e-03,7.5151723548e-04,1.3219374539e-02,3.2407094137e-05,1.1148512588e-03,6.6942038944e-02
40656,2025-01-12 18:25:00,0.040615,1.574409,1.113646,-0.002 1 + 0.001 theta + 0.991 omega + 0.002 theta omega + 0.064 omega^2,-0.004 1 + 0.002 theta + -0.018 omega + 0.004 theta omega + 0.124 omega^2,-4.2294343386e-03,1.6548250610e-03,-1.8051435546e-02,-1.6839719960e-04,3.7929066120e-03,1.2393948468e-01
40657,2025-01-12 18:30:00,0.046545,1.302837,0.921832,0.001 1 + 0.995 omega + 0.001 theta omega + -0.035 omega^2,0.002 1 + -0.010 omega + 0.001 theta omega + -0.068 omega^2,2.1646304095e-03,-3.3755196841e-04,-1.0097505773e-02,-4.1302284057e-05,1.1194398953e-03,-6.7777757059e-02
40658,2025-01-12 18:35:00,0.080627,7.072632,5.001431,-0.001 1 + 1.008 omega + 0.079 omega^2,-0.003 1 + 0.018 omega + 0.167 omega^2,-2.9157700016e-03,-2.8097503318e-04,1.7693963513e-02,-8.1608444060e-06,-4.0225144079e-05,1.6701940548e-01
40659,2025-01-12 18:40:00,0.285907,10.544388,7.458749,0.999 omega + 0.032 omega^2,0.001 1 + -0.001 omega + 0.001 theta omega + 0.070 omega^2,6.2678481317e-04,-3.8024144759e-04,-9.2718045917e-04,3.2827065941e-06,5.3360734827e-04,7.0134748231e-02
40660,2025-01-12 18:45:00,0.038025,1.004237,0.710612,0.001 1 + 1.006 omega + -0.001 theta omega + -0.001 omega^2,0.002 1 + -0.001 theta + 0.013 omega + -0.002 theta omega + 0.001 omega^2,1.9446162714e-03,-5.0140705442e-04,1.3286114671e-02,-3.2866924080e-05,-2.4795262953e-03,1.0535429529e-03
40661,2025-01-12 18:50:00,0.105383,3.428703,2.425604,-0.002 theta + 1.005 omega + -0.002 theta omega + 0.128 omega^2,-0.003 theta + 0.011 omega + -0.004 theta omega + 0.251 omega^2,4.4492149567e-04,-3.0592580616e-03,1.0649168324e-02,3.1754948887e-04,-3.5664696069e-03,2.5149089819e-01
40662,2025-01-12 18:55:00,0.018839,0.413796,0.292901,1.007 omega + 0.002 theta omega + 0.033 omega^2,-0.001 1 + 0.014 omega + 0.004 theta omega + 0.060 omega^2,-5.2450524074e-04,-1.5846349994e-04,1.3729193929e-02,-3.8615544605e-05,3.9702414745e-03,6.0397353328e-02
40663,2025-01-12 19:00:00,0.045721,1.187489,0.840303,0.001 1 + 1.003 omega + 0.002 theta omega + -0.068 omega^2,0.003 1 + 0.006 omega + 0.003 theta omega + -0.132 omega^2,2.6250448227e-03,-4.3805308034e-04,5.7682441189e-03,-6.7842790400e-06,3.3891586555e-03,-1.3171048236e-01
40664,2025-01-12 19:05:00,nan,nan,nan,0.997 omega + -0.001 theta omega + -0.057 omega^2,-0.001 1 + -0.001 theta + -0.006 omega + -0.001 theta omega + -0.124 omega^2,-8.8196042939e-04,-5.4048077570e-04,-5.6284712338e-03,-1.0676347425e-05,-1.3335081898e-03,-1.2350568798e-01
40665,2025-01-12 19:10:00,0.014154,0.324951,0.229993,-0.002 1 + 0.001 theta + 1.011 omega + -0.001 theta omega + -0.065 omega^2,-0.003 1 + 0.001 theta + 0.023 omega + -0.001 theta omega + -0.129 omega^2,-3.4596970356e-03,1.0959605525e-03,2.2787339524e-02,-4.5616380131e-05,-1.3325723465e-03,-1.2892373094e-01
40666,2025-01-12 19:15:00,0.154616,5.316625,3.761011,-0.001 1 + 1.001 omega + 0.009 omega^2,-0.001 1 + 0.004 omega + 0.025 omega^2,-1.4810322987e-03,-1.5111740751e-04,4.0483692925e-03,5.2140964558e-06,-3.8099962277e-04,2.4847168762e-02
40667,2025-01-12 19:20:00,0.028819,1.499689,1.060636,-0.001 1 + 1.016 omega + 0.001 theta omega + 0.028 omega^2,-0.002 1 + 0.033 omega + 0.002 theta omega + 0.061 omega^2,-1.7942387191e-03,-3.5354011189e-04,3.2803738709e-02,-1.4769651227e-05,2.2934783805e-03,6.1229132095e-02
40668,2025-01-12 19:25:00,0.050650,4.151307,2.935636,0.001 1 + 0.997 omega + -0.001 theta omega + 0.062 omega^2,0.001 1 + -0.005 omega + -0.001 theta omega + 0.126 omega^2,1.2109258609e-03,-4.4641553878e-05,-5.4242896606e-03,1.8930043672e-06,-1.4122200900e-03,1.2601156310e-01
40669,2025-01-12 19:30:00,nan,nan,nan,-0.001 1 + 0.999 omega + -0.002 theta omega + 0.113 omega^2,-0.001 1 + -0.001 theta + -0.003 theta omega + 0.224 omega^2,-1.4205069921e-03,-5.1724620904e-04,-4.5773834162e-04,6.0095889077e-05,-3.0923573822e-03,2.2430377259e-01
40670,2025-01-12 19:35:00,0.034788,3.956369,2.797684,0.001 1 + 1.006 omega + 0.003 theta omega + -0.125 omega^2,0.002 1 + 0.001 theta + 0.012 omega + 0.007 theta omega + -0.255 omega^2,2.3173833999e-03,5.4632932110e-04,1.2331239146e-02,-3.5162913024e-06,6.5597658491e-03,-2.5531204825e-01
40671,2025-01-12 19:40:00,0.022256,0.671772,0.475275,0.003 1 + 1.077 omega + 0.246 omega^2,0.007 1 + 0.157 omega + 0.499 omega^2,7.0861196119e-03,-3.9027191952e-04,1.5726896107e-01,-5.4126258432e-06,-2.5304433103e-04,4.9867921293e-01
40672,2025-01-12 19:45:00,0.071099,3.239662,2.291339,0.001 1 + 0.994 omega + -0.001 theta omega + -0.015 omega^2,0.001 1 + -0.012 omega + -0.002 theta omega + -0.034 omega^2,1.4082270968e-03,4.5608646675e-04,-1.2276238902e-02,4.1218599368e-05,-1.6117902126e-03,-3.4314361782e-02
40673,2025-01-12 19:50:00,0.034847,0.557366,0.394887,0.024 1 + -0.003 theta + 0.862 omega + 0.015 theta omega + -0.296 omega^2,0.048 1 + -0.007 theta + -0.273 omega + 0.030 theta omega + -0.617 omega^2,4.7915170805e-02,-6.9845893265e-03,-2.7340144446e-01,1.7878874722e-04,3.0170496271e-02,-6.1728392767e-01
40674,2025-01-12 19:55:00,0.041233,3.618131,2.558571,1.008 omega + -0.001 theta omega + -0.090 omega^2,0.001 1 + -0.001 theta + 0.016 omega + -0.002 theta omega + -0.172 omega^2,9.6410621527e-04,-6.3974094228e-04,1.6107396367e-02,7.0501561032e-05,-1.5829255769e-03,-1.7206321584e-01
40675,2025-01-12 20:00:00,0.048286,4.190090,2.963038,-0.001 1 + 1.018 omega + 0.001 theta omega + 0.078 omega^2,-0.002 1 + 0.039 omega + 0.001 theta omega + 0.167 omega^2,-2.1117728912e-03,-4.0513454586e-04,3.8857571935e-02,-1.5502524459e-05,1.0485394317e-03,1.6698736036e-01
40676,2025-01-12 20:05:00,nan,nan,nan,-0.004 1 + 0.959 omega + -0.001 theta omega + -0.083 omega^2,-0.008 1 + -0.078 omega + -0.002 theta omega + -0.167 omega^2,-7.5664877175e-03,-1.7031446010e-04,-7.7625816073e-02,2.6718053296e-06,-1.5827721361e-03,-1.6656810724e-01
40677,2025-01-12 20:10:00,0.089138,13.880100,9.814915,1.001 omega + -0.002 theta omega + 0.103 omega^2,-0.001 1 + 0.004 omega + -0.004 theta omega + 0.201 omega^2,-5.9510962122e-04,1.8463760093e-04,3.5601896827e-03,3.3964664086e-06,-3.6237164822e-03,2.0096128848e-01
40678,2025-01-12 20:15:00,0.043654,4.403959,3.114222,-0.001 1 + 1.014 omega + -0.001 theta omega + -0.004 omega^2,-0.003 1 + 0.036 omega + -0.002 theta omega + -0.031 omega^2,-3.1724042632e-03,3.5221897244e-04,3.5809439830e-02,-4.5261678613e-06,-2.2370535346e-03,-3.1203976137e-02
40679,2025-01-12 20:20:00,0.146611,5.030812,3.558832,0.001 1 + 1.007 omega + -0.001 theta omega + 0.017 omega^2,0.002 1 + -0.001 theta + 0.015 omega + -0.003 theta omega + 0.042 omega^2,2.2189278509e-03,-7.3338650423e-04,1.4567778935e-02,-2.0920663692e-04,-2.6512035004e-03,4.2182839777e-02
40680,2025-01-12 20:25:00,nan,nan,nan,0.004 1 + 0.947 omega + 0.002 theta omega + 0.103 omega^2,0.007 1 + -0.107 omega + 0.005 theta omega + 0.206 omega^2,7.4251119117e-03,-7.4541565917e-05,-1.0730559959e-01,-2.3227574825e-05,5.0133149968e-03,2.0575665435e-01
40681,2025-01-12 20:30:00,0.054648,2.077505,1.469526,0.998 omega + 0.002 theta omega + 0.158 omega^2,-0.001 theta + -0.001 omega + 0.003 theta omega + 0.300 omega^2,2.8309123121e-04,-8.0482979577e-04,-1.4705634541e-03,-5.1556839586e-05,3.3809172716e-03,3.0023291830e-01
40682,2025-01-12 20:35:00,0.034677,1.125503,0.796228,0.995 omega + -0.054 omega^2,-0.001 1 + -0.008 omega + -0.108 omega^2,-9.3803503143e-04,-1.2435472615e-04,-8.0942207065e-03,1.2174692351e-05,-4.0796683707e-04,-1.0837691696e-01
40683,2025-01-12 20:40:00,0.016605,0.483467,0.342064,0.001 1 + 0.994 omega + 0.018 omega^2,0.002 1 + -0.010 omega + 0.025 omega^2,2.2057203804e-03,-1.2992328149e-04,-9.5663585586e-03,1.1951066262e-06,2.8331707469e-04,2.4527788858e-02
40684,2025-01-12 20:45:00,0.064779,1.756730,1.243040,-0.003 1 + 1.016 omega + 0.063 omega^2,-0.007 1 + -0.001 theta + 0.034 omega + -0.001 theta omega + 0.126 omega^2,-6.8497461009e-03,-6.5565851050e-04,3.3872023022e-02,-4.9154856144e-06,-9.7653164645e-04,1.2567634124e-01
40685,2025-01-12 20:50:00,0.433474,18.405944,13.018577,-0.003 1 + 0.988 omega + -0.001 theta omega + 0.006 omega^2,-0.006 1 + -0.023 omega + -0.002 theta omega + 0.019 omega^2,-5.5386851976e-03,-4.5559183093e-04,-2.2692815215e-02,-1.7130280882e-06,-2.0034314402e-03,1.9296747147e-02
40686,2025-01-12 20:55:00,0.017485,0.336053,0.237947,-0.003 1 + 0.987 omega + 0.013 omega^2,-0.005 1 + -0.026 omega + -0.001 theta omega + 0.025 omega^2,-5.2898222942e-03,-9.2608248622e-05,-2.5640018772e-02,7.0187101642e-06,-1.0332053640e-03,2.4731256847e-02
40687,2025-01-12 21:00:00,nan,nan,nan,-0.001 1 + -0.001 theta + 1.005 omega + 0.002 theta omega + -0.251 omega^2,-0.002 1 + -0.002 theta + 0.011 omega + 0.005 theta omega + -0.499 omega^2,-1.6456077921e-03,-1.8692479642e-03,1.1005666898e-02,-9.3088404811e-05,4.7251099540e-03,-4.9882735002e-01
40688,2025-01-12 21:05:00,0.011710,0.321574,0.227538,1.006 omega + 0.001 theta omega + -0.062 omega^2,0.001 1 + 0.011 omega + 0.003 theta omega + -0.121 omega^2,8.6652380597e-04,-3.1440651857e-04,1.1419783133e-02,-1.1306538565e-06,2.8898547830e-03,-1.2052958338e-01
40689,2025-01-12 21:10:00,0.091431,12.626578,8.928573,-0.004 1 + 1.003 omega + 0.032 omega^2,-0.009 1 + 0.001 theta + 0.006 omega + -0.001 theta omega + 0.064 omega^2,-8.5577279702e-03,8.7895381824e-04,6.1711166932e-03,-2.0313888881e-05,-8.5772475702e-04,6.4248662299e-02
40690,2025-01-12 21:15:00,0.047386,5.611737,3.968239,1.024 omega + 0.157 omega^2,-0.001 1 + 0.053 omega + 0.341 omega^2,-6.9829820079e-04,-3.5812521848e-04,5.2645030131e-02,-1.0793836819e-05,-3.6474066564e-04,3.4125360518e-01
40691,2025-01-12 21:20:00,0.129986,5.236524,3.703922,0.997 omega + 0.097 omega^2,0.001 1 + -0.004 omega + -0.001 theta omega + 0.194 omega^2,8.5073876277e-04,-2.3565956601e-04,-4.3829351635e-03,-2.6401119981e-05,-5.5471211588e-04,1.9397092224e-01
40692,2025-01-12 21:25:00,nan,nan,nan,0.002 1 + 1.016 omega + -0.119 omega^2,0.004 1 + 0.033 omega + 0.001 theta omega + -0.240 omega^2,3.8967286079e-03,-2.9560557024e-04,3.2785413115e-02,-1.1142951120e-05,7.5359144756e-04,-2.3991305008e-01
40693,2025-01-12 21:30:00,0.023080,1.373360,0.971249,1.011 omega + -0.003 theta omega + 0.124 omega^2,0.021 omega + -0.006 theta omega + 0.243 omega^2,1.6511846448e-04,-4.8167402492e-04,2.1266019540e-02,-1.3071796936e-05,-5.9325350489e-03,2.4287321162e-01
40694,2025-01-12 21:35:00,nan,nan,nan,-0.001 1 + 0.983 omega + -0.097 omega^2,-0.003 1 + -0.035 omega + -0.193 omega^2,-2.5341584102e-03,-6.3641328301e-05,-3.5317284079e-02,6.0984394568e-06,-3.6229151142e-04,-1.9257874221e-01
40695,2025-01-12 21:40:00,nan,nan,nan,0.001 1 + 1.000 omega + -0.066 omega^2,0.001 1 + -0.001 theta + 0.001 omega + 0.001 theta omega + -0.142 omega^2,1.3445859822e-03,-5.7885603695e-04,1.3128601123e-03,-5.1692734072e-05,6.2619801892e-04,-1.4167373421e-01
40696,2025-01-12 21:45:00,0.071660,3.589675,2.538789,0.002 1 + 1.007 omega + -0.034 omega^2,0.003 1 + 0.015 omega + -0.067 omega^2,3.1943968287e-03,-3.8440084088e-04,1.5072050602e-02,9.1124115188e-06,-1.7599166760e-04,-6.6716345575e-02
40697,2025-01-12 21:50:00,0.160948,5.615324,3.972264,1.008 omega + -0.002 theta omega,0.001 1 + -0.001 theta + 0.018 omega + -0.004 theta omega + 0.006 omega^2,6.8772324602e-04,-8.6298669229e-04,1.8025612307e-02,8.9076129421e-05,-3.8420608257e-03,5.6589059789e-03
40698,2025-01-12 21:55:00,0.148679,19.599410,13.859274,0.003 1 + 0.995 omega + -0.059 omega^2,0.006 1 + 0.001 theta + -0.010 omega + -0.001 theta omega + -0.122 omega^2,5.7832071633e-03,6.7502745841e-04,-1.0371337097e-02,2.5501743919e-05,-7.2673070920e-04,-1.2247532479e-01
40699,2025-01-12 22:00:00,0.068538,4.789870,3.387296,-0.001 1 + 1.004 omega + -0.001 theta omega + 0.082 omega^2,-0.003 1 + 0.009 omega + -0.001 theta omega + 0.165 omega^2,-2.8282092427e-03,-4.3732489294e-04,9.3528640375e-03,-1.0326769736e-05,-1.0661273825e-03,1.6460308476e-01
40700,2025-01-12 22:05:00,0.011191,0.177100,0.125479,-0.003 1 + 0.980 omega + -0.001 theta omega + 0.021 omega^2,-0.006 1 + -0.041 omega + -0.002 theta omega + 0.044 omega^2,-6.3011772745e-03,4.4093962108e-04,-4.0831245307e-02,3.8118795293e-05,-1.7815506443e-03,4.3799005446e-02
40701,2025-01-12 22:10:00,0.084072,2.337055,1.653616,-0.006 1 + 0.980 omega + -0.002 theta omega + 0.146 omega^2,-0.012 1 + -0.001 theta + -0.041 omega + -0.004 theta omega + 0.300 omega^2,-1.1881726138e-02,-8.4819652497e-04,-4.1057766870e-02,2.3079218835e-05,-4.0643563000e-03,2.9954110643e-01
40702,2025-01-12 22:15:00,0.027603,2.938290,2.077776,-0.001 1 + 0.990 omega + -0.003 theta omega + 0.123 omega^2,-0.001 1 + 0.001 theta + -0.016 omega + -0.006 theta omega + 0.227 omega^2,-1.1270535718e-03,7.2983612266e-04,-1.5921149247e-02,-8.9608296908e-06,-5.7010310699e-03,2.2727306071e-01
40703,2025-01-12 22:20:00,0.087569,6.833253,4.832236,1.000 omega + 0.005 theta omega + -0.098 omega^2,0.001 omega + 0.010 theta omega + -0.198 omega^2,-2.3516175232e-04,-1.9859044940e-04,1.1114166586e-03,-8.9937704072e-05,9.5102242317e-03,-1.9846158873e-01
40704,2025-01-12 22:25:00,0.099738,3.589457,2.539109,1.000 omega + 0.001 theta omega + 0.005 omega^2,0.001 1 + 0.001 omega + 0.003 theta omega + 0.020 omega^2,7.4890511149e-04,-3.1901912081e-04,1.3736488054e-03,-2.4397101536e-05,2.5299954928e-03,1.9992630770e-02
40705,2025-01-12 22:30:00,nan,nan,nan,0.002 1 + 0.963 omega + 0.003 theta omega + 0.122 omega^2,0.004 1 + -0.073 omega + 0.006 theta omega + 0.248 omega^2,3.5051206108e-03,-4.5624725879e-04,-7.2992077061e-02,2.9453086230e-06,5.9340265865e-03,2.4815485609e-01
40706,2025-01-12 22:35:00,0.065181,2.161485,1.529095,0.002 1 + 0.997 omega + -0.087 omega^2,0.003 1 + -0.005 omega + -0.178 omega^2,3.3792157735e-03,4.2173550390e-04,-5.2417245613e-03,-4.4282638709e-05,2.5397071373e-04,-1.7772922972e-01
40707,2025-01-12 22:40:00,0.072446,4.541654,3.211843,0.004 1 + 0.001 theta + 1.006 omega + -0.001 theta omega + -0.211 omega^2,0.008 1 + 0.001 theta + 0.011 omega + -0.002 theta omega + -0.424 omega^2,7.5537900436e-03,1.1378488650e-03,1.1098984748e-02,-2.3487795188e-04,-2.1641186516e-03,-4.2370217194e-01
40708,2025-01-12 22:45:00,nan,nan,nan,-0.001 1 + 1.012 omega + -0.001 theta omega + 0.066 omega^2,-0.001 1 + 0.027 omega + -0.002 theta omega + 0.134 omega^2,-1.2214921571e-03,-4.8713509785e-04,2.6530315882e-02,2.0680918718e-06,-2.3547203864e-03,1.3423752799e-01
40709,2025-01-12 22:50:00,0.006158,0.272790,0.192941,0.012 1 + 1.103 omega + 0.196 omega^2,0.025 1 + 0.211 omega + 0.402 omega^2,2.4855020497e-02,1.7589010933e-05,2.1142274336e-01,-7.5752849112e-07,4.8342131079e-04,4.0238795533e-01
40710,2025-01-12 22:55:00,0.015369,0.431792,0.305516,0.009 1 + 1.065 omega + 0.001 theta omega + 0.105 omega^2,0.018 1 + 0.001 theta + 0.132 omega + 0.003 theta omega + 0.210 omega^2,1.7914333497e-02,6.6215804508e-04,1.3164174128e-01,6.3596482041e-06,2.7568322661e-03,2.0991212419e-01
40711,2025-01-12 23:00:00,nan,nan,nan,-0.001 theta + 1.002 omega + 0.001 theta omega + -0.139 omega^2,-0.002 theta + 0.006 omega + 0.002 theta omega + -0.290 omega^2,3.0819275384e-04,-2.3202832412e-03,5.7837980079e-03,-3.8028968119e-04,2.0057966185e-03,-2.8973482722e-01
40712,2025-01-12 23:05:00,0.047563,1.588075,1.123442,0.001 1 + 1.007 omega + 0.001 theta omega + -0.031 omega^2,0.003 1 + 0.017 omega + 0.003 theta omega + -0.052 omega^2,2.7743748979e-03,4.3843215583e-04,1.7463390122e-02,1.3895534069e-05,2.5332038165e-03,-5.1540497133e-02
40713,2025-01-12 23:10:00,0.029096,0.657906,0.465665,0.002 1 + 1.001 omega + 0.002 theta omega + -0.110 omega^2,0.004 1 + 0.004 omega + 0.003 theta omega + -0.224 omega^2,3.8885024261e-03,-3.7973115303e-04,3.8702148836e-03,-2.5310849959e-06,3.1531208464e-03,-2.2403032289e-01
40714,2025-01-12 23:15:00,0.025041,1.614012,1.141416,1.002 omega + -0.001 theta omega + -0.052 omega^2,0.001 1 + 0.005 omega + -0.003 theta omega + -0.121 omega^2,6.4854764790e-04,-4.0182973210e-04,5.3440203081e-03,1.9877907186e-05,-2.7422290296e-03,-1.2112875425e-01
40715,2025-01-12 23:20:00,0.069171,10.697373,7.564343,0.001 1 + 1.029 omega + 0.002 theta omega + 0.076 omega^2,0.002 1 + 0.058 omega + 0.003 theta omega + 0.153 omega^2,1.8871714938e-03,8.7042600406e-05,5.7665380258e-02,-7.5933575185e-06,2.9587895823e-03,1.5268664432e-01
40716,2025-01-12 23:25:00,0.005569,0.323086,0.228490,0.011 1 + 1.139 omega + -0.001 theta omega + 0.392 omega^2,0.023 1 + 0.285 omega + -0.002 theta omega + 0.801 omega^2,2.2988939222e-02,-4.0080623977e-04,2.8493402436e-01,-4.7736305272e-07,-1.7008148703e-03,8.0088969279e-01
40717,2025-01-12 23:30:00,nan,nan,nan,0.001 1 + 0.983 omega + 0.001 theta omega + -0.095 omega^2,0.001 1 + -0.039 omega + 0.001 theta omega + -0.200 omega^2,1.2081932952e-03,1.9284435614e-04,-3.8615976094e-02,-7.4114489685e-07,1.2000525057e-03,-1.9999069696e-01
40718,2025-01-12 23:35:00,0.022501,2.049407,1.449237,0.002 1 + 1.018 omega + 0.066 omega^2,0.004 1 + 0.041 omega + 0.145 omega^2,4.0558217729e-03,1.2348774578e-04,4.0977804036e-02,-6.1481062790e-08,4.1736543070e-04,1.4468147885e-01
40719,2025-01-12 23:40:00,0.036346,2.885492,2.040513,-0.011 1 + 0.884 omega + -0.002 theta omega + -0.288 omega^2,-0.021 1 + -0.001 theta + -0.226 omega + -0.004 theta omega + -0.573 omega^2,-2.1031490020e-02,-5.5949978903e-04,-2.2640803762e-01,2.8104835414e-07,-3.7181921130e-03,-5.7283416903e-01
40720,2025-01-12 23:45:00,0.029915,1.577477,1.115645,0.001 1 + 1.000 omega + -0.017 omega^2,0.002 1 + -0.035 omega^2,1.5637281775e-03,-1.1819764542e-04,-2.0712114757e-04,2.2217411083e-06,4.8754302018e-04,-3.5125060173e-02
40721,2025-01-12 23:50:00,nan,nan,nan,-0.025 1 + 0.001 theta + 1.208 omega + -0.003 theta omega + -0.399 omega^2,-0.052 1 + 0.001 theta + 0.424 omega + -0.007 theta omega + -0.812 omega^2,-5.1510147866e-02,1.3095273038e-03,4.2370615231e-01,-4.4743493553e-06,-6.6377898243e-03,-8.1162617671e-01
40722,2025-01-12 23:55:00,0.142880,3.667272,2.595120,-0.001 theta + 1.003 omega + 0.036 omega^2,0.001 1 + -0.001 theta + 0.006 omega + 0.068 omega^2,6.3047027411e-04,-1.0304234404e-03,6.4454962913e-03,-2.0921026558e-04,2.8200653706e-04,6.8070847896e-02
40723,2025-01-13 00:00:00,0.007828,0.228720,0.161824,-0.001 1 + 1.017 omega + -0.052 omega^2,-0.002 1 + 0.036 omega + -0.105 omega^2,-1.5150351928e-03,-7.8093095690e-06,3.6362640454e-02,-3.1052087559e-08,-4.9861470070e-04,-1.0485349019e-01
40724,2025-01-13 00:05:00,0.032101,3.969543,2.806983,1.011 omega + 0.001 theta omega,0.023 omega + 0.002 theta omega + -0.001 omega^2,-2.5231263366e-04,-9.6010298861e-05,2.3232617721e-02,-7.3521973102e-06,1.5719721209e-03,-1.0451775824e-03
40725,2025-01-13 00:10:00,0.036867,2.453484,1.735071,0.007 1 + 0.001 theta + 1.053 omega + 0.002 theta omega + 0.098 omega^2,0.014 1 + 0.001 theta + 0.102 omega + 0.004 theta omega + 0.177 omega^2,1.4023015173e-02,1.0790311869e-03,1.0175580302e-01,1.9650303904e-05,4.2773773892e-03,1.7684404967e-01
40726,2025-01-13 00:15:00,0.035662,2.561390,1.811352,-0.001 1 + 1.026 omega + -0.009 theta omega + 0.156 omega^2,-0.003 1 + 0.001 theta + 0.057 omega + -0.018 theta omega + 0.293 omega^2,-2.5310219906e-03,6.8031338298e-04,5.7051582809e-02,1.9168687025e-05,-1.7813875137e-02,2.9305709782e-01
40727,2025-01-13 00:20:00,0.059775,5.044573,3.567303,0.002 1 + 0.961 omega + 0.002 theta omega + 0.191 omega^2,0.004 1 + -0.076 omega + 0.003 theta omega + 0.384 omega^2,4.0805808490e-03,-3.1451174512e-04,-7.5726775342e-02,-3.5016129750e-06,3.0883984284e-03,3.8375747970e-01
40728,2025-01-13 00:25:00,0.032519,3.113942,2.202009,1.002 omega + -0.011 omega^2,0.009 omega + -0.001 theta omega + -0.035 omega^2,3.8429839473e-04,-1.3643132567e-04,8.9974595397e-03,8.3663886858e-06,-5.1888145492e-04,-3.4667815291e-02
40729,2025-01-13 00:30:00,nan,nan,nan,0.008 1 + -0.001 theta + 0.908 omega + 0.007 theta omega + 0.198 omega^2,0.018 1 + -0.002 theta + -0.195 omega + 0.015 theta omega + 0.429 omega^2,1.7532424471e-02,-2.3024373651e-03,-1.9496976288e-01,6.1972206919e-05,1.4755175116e-02,4.2865849252e-01
40730,2025-01-13 00:35:00,0.035054,2.410548,1.704695,1.004 omega + -0.001 theta omega + -0.006 omega^2,0.001 1 + 0.012 omega + -0.001 theta omega + -0.016 omega^2,8.5195966579e-04,-3.1099175707e-04,1.2173306631e-02,2.1471233658e-05,-1.1317381254e-03,-1.6456104879e-02
40731,2025-01-13 00:40:00,0.058571,6.440359,4.554210,-0.007 1 + 1.100 omega + -0.002 theta omega + -0.232 omega^2,-0.015 1 + 0.204 omega + -0.004 theta omega + -0.480 omega^2,-1.5010048819e-02,1.6438420291e-04,2.0428168327e-01,6.2314410576e-06,-3.7750814007e-03,-4.7975997102e-01
40732,2025-01-13 00:45:00,0.018334,0.381494,0.270068,-0.001 1 + 0.999 omega + -0.001 theta omega + 0.067 omega^2,-0.002 1 + 0.004 omega + -0.002 theta omega + 0.109 omega^2,-1.8359118833e-03,2.8229009449e-04,3.6873432974e-03,-5.2529005419e-06,-1.9741575963e-03,1.0858857183e-01
40733,2025-01-13 00:50:00,0.024530,0.797035,0.563856,0.001 1 + 1.014 omega + -0.002 theta omega + -0.073 omega^2,0.001 1 + 0.029 omega + -0.004 theta omega + -0.144 omega^2,1.1003979227e-03,4.5089124708e-05,2.8505295392e-02,-2.4409078455e-05,-3.8981600871e-03,-1.4420492232e-01
40734,2025-01-13 00:55:00,nan,nan,nan,0.001 1 + 1.021 omega + 0.003 theta omega + -0.070 omega^2,0.003 1 + 0.045 omega + 0.005 theta omega + -0.130 omega^2,2.6888272341e-03,3.0970828868e-04,4.5378753259e-02,2.4658709071e-06,5.4763493684e-03,-1.3025035143e-01
40735,2025-01-13 01:00:00,0.024866,2.085169,1.474542,0.988 omega + 0.001 theta omega + -0.084 omega^2,-0.020 omega + 0.002 theta omega + -0.156 omega^2,-1.7304417391e-05,2.7037203595e-04,-2.0018778413e-02,-9.7572266170e-07,1.9431085268e-03,-1.5560902571e-01
40736,2025-01-13 01:05:00,0.028077,3.036467,2.147198,0.004 1 + 1.041 omega + 0.001 theta omega + 0.075 omega^2,0.009 1 + 0.088 omega + 0.002 theta omega + 0.156 omega^2,9.4814780868e-03,2.7330403229e-04,8.7864460218e-02,3.2576603021e-07,1.9286036332e-03,1.5589526195e-01
40737,2025-01-13 01:10:00,0.037428,1.727072,1.221511,0.001 1 + 1.000 omega + -0.036 omega^2,0.003 1 + 0.001 theta + -0.001 theta omega + -0.079 omega^2,3.0260596007e-03,8.5372705389e-04,4.4112514099e-04,7.3075596536e-05,-9.1208694314e-04,-7.8957125436e-02
40738,2025-01-13 01:15:00,0.024813,2.110637,1.492549,1.009 omega + -0.003 theta omega + 0.088 omega^2,-0.001 theta + 0.018 omega + -0.007 theta omega + 0.166 omega^2,-1.6292035879e-04,-5.6373219432e-04,1.8076579180e-02,3.3990580314e-05,-6.6363876316e-03,1.6562706111e-01
40739,2025-01-13 01:20:00,0.010798,0.272729,0.193000,1.000 omega + -0.009 omega^2,0.001 1 + -0.030 omega^2,7.5675858854e-04,-1.2675184840e-04,6.7984344748e-06,8.9896937813e-06,-2.6433336908e-04,-3.0469604770e-02
40740,2025-01-13 01:25:00,0.018985,0.479706,0.339469,-0.002 1 + 1.013 omega + -0.001 theta omega + 0.005 omega^2,-0.005 1 + 0.031 omega + -0.002 theta omega + -0.013 omega^2,-4.6042664544e-03,3.3872082625e-04,3.0859413839e-02,-3.9297078199e-06,-1.5540879162e-03,-1.2706589986e-02
40741,2025-01-13 01:30:00,0.007244,0.143603,0.101672,-0.003 1 + 1.036 omega + -0.097 omega^2,-0.006 1 + 0.078 omega + -0.205 omega^2,-6.0959951566e-03,-5.6065550677e-05,7.8152260507e-02,8.9432146921e-07,-7.1007705580e-05,-2.0516349631e-01
40742,2025-01-13 01:35:00,0.010166,0.278526,0.197079,1.004 omega + -0.008 omega^2,-0.001 1 + 0.017 omega + -0.041 omega^2,-1.3924859233e-03,-7.0064073438e-05,1.6769377110e-02,1.9965283600e-06,-3.4989694601e-05,-4.0680373491e-02
40743,2025-01-13 01:40:00,nan,nan,nan,-0.005 1 + 1.019 omega + -0.001 theta omega + 0.043 omega^2,-0.010 1 + 0.040 omega + -0.002 theta omega + 0.085 omega^2,-1.0447280696e-02,3.5482165813e-04,3.9542259604e-02,6.2929040289e-07,-2.0819885235e-03,8.4579707050e-02
40744,2025-01-13 01:45:00,0.042900,2.032644,1.437617,-0.002 1 + 1.008 omega + -0.001 theta omega + 0.005 omega^2,-0.004 1 + 0.019 omega + -0.002 theta omega + 0.005 omega^2,-3.9802296693e-03,3.7481677335e-04,1.8907586635e-02,-5.7049677323e-06,-1.7702844949e-03,5.4147378227e-03
40745,2025-01-13 01:50:00,0.019562,1.006841,0.712078,0.001 1 + 1.004 omega + 0.001 theta omega + -0.072 omega^2,0.002 1 + 0.010 omega + 0.002 theta omega + -0.149 omega^2,1.8428437379e-03,-1.7602712262e-04,9.9617367051e-03,-3.2335419353e-06,1.7730996863e-03,-1.4893601948e-01
40746,2025-01-13 01:55:00,0.019734,1.718241,1.215060,-0.007 1 + 1.067 omega + -0.156 omega^2,-0.014 1 + 0.134 omega + -0.307 omega^2,-1.3625240853e-02,-3.6532455835e-06,1.3394512846e-01,5.2327510486e-07,-1.8508046010e-04,-3.0722159855e-01
40747,2025-01-13 02:00:00,0.029602,2.360348,1.669149,-0.004 1 + 1.014 omega + -0.001 theta omega + -0.007 omega^2,-0.007 1 + 0.001 theta + 0.030 omega + -0.002 theta omega + -0.012 omega^2,-7.3756565827e-03,5.7589937489e-04,2.9621211870e-02,-7.6480026016e-06,-1.7355809764e-03,-1.1807262219e-02
40748,2025-01-13 02:05:00,0.019224,2.048138,1.448316,-0.008 1 + 1.064 omega + -0.001 theta omega + -0.112 omega^2,-0.016 1 + 0.001 theta + 0.119 omega + -0.003 theta omega + -0.200 omega^2,-1.5775703510e-02,6.3161475062e-04,1.1876141999e-01,-5.5023961294e-06,-2.6152035013e-03,-1.9986288065e-01
40749,2025-01-13 02:10:00,0.079545,11.642964,8.233011,1.015 omega + -0.004 theta omega + 0.103 omega^2,0.033 omega + -0.009 theta omega + 0.214 omega^2,-2.5146994652e-04,-4.4603624897e-05,3.3196257935e-02,2.6773807292e-05,-8.6297279194e-03,2.1447867722e-01
40750,2025-01-13 02:15:00,nan,nan,nan,-0.006 1 + 0.001 theta + 1.044 omega + -0.003 theta omega + -0.036 omega^2,-0.013 1 + 0.001 theta + 0.092 omega + -0.006 theta omega + -0.064 omega^2,-1.2504015911e-02,1.2365814376e-03,9.1605104769e-02,-2.9913846857e-05,-5.5816992920e-03,-6.4245024223e-02
40751,2025-01-13 02:20:00,0.024036,3.843826,2.718048,0.003 1 + 0.895 omega + -0.002 theta omega + 0.684 omega^2,0.005 1 + 0.001 theta + -0.205 omega + -0.004 theta omega + 1.354 omega^2,5.4480174916e-03,6.5537672079e-04,-2.0545921550e-01,-6.0609126212e-06,-4.4140953430e-03,1.3535710382e+00
40752,2025-01-13 02:25:00,0.018428,0.745674,0.527432,0.001 1 + 0.995 omega + 0.001 theta omega + -0.024 omega^2,0.002 1 + -0.009 omega + 0.001 theta omega + -0.034 omega^2,1.5733737794e-03,-2.6220219710e-04,-8.8818500229e-03,1.3796473320e-06,1.4202189576e-03,-3.4135523051e-02
40753,2025-01-13 02:30:00,nan,nan,nan,-0.002 1 + 0.999 omega + 0.053 omega^2,-0.004 1 + -0.003 omega + -0.001 theta omega + 0.117 omega^2,-3.5675649575e-03,3.4014312488e-04,-2.9111702892e-03,6.2514167752e-05,-6.0906954107e-04,1.1714571634e-01
40754,2025-01-13 02:35:00,nan,nan,nan,-0.004 1 + 0.988 omega + -0.003 theta omega + 0.265 omega^2,-0.007 1 + 0.001 theta + -0.022 omega + -0.005 theta omega + 0.526 omega^2,-7.3168969012e-03,7.4360607134e-04,-2.2027211945e-02,-4.6691847856e-07,-4.9709217705e-03,5.2636713014e-01
40755,2025-01-13 02:40:00,0.128474,18.331963,12.962974,-0.017 1 + 0.001 theta + 1.126 omega + -0.005 theta omega + -0.111 omega^2,-0.035 1 + 0.001 theta + 0.255 omega + -0.010 theta omega + -0.223 omega^2,-3.4746773321e-02,1.3498127635e-03,2.5533314317e-01,5.7783313178e-06,-9.7851829148e-03,-2.2303687782e-01
40756,2025-01-13 02:45:00,nan,nan,nan,-0.033 1 + 0.002 theta + 1.164 omega + -0.007 theta omega + 0.093 omega^2,-0.066 1 + 0.003 theta + 0.325 omega + -0.015 theta omega + 0.180 omega^2,-6.5790566625e-02,3.0809689709e-03,3.2465314553e-01,-1.5605477719e-05,-1.4519417796e-02,1.7976606030e-01
40757,2025-01-13 02:50:00,0.016775,2.390566,1.690427,-0.008 1 + 1.101 omega + 0.001 theta omega + -0.271 omega^2,-0.017 1 + 0.204 omega + 0.002 theta omega + -0.544 omega^2,-1.6886834357e-02,-4.7838175265e-04,2.0388662834e-01,-1.6899929216e-06,2.1996476819e-03,-5.4404164820e-01
40758,2025-01-13 02:55:00,0.038187,5.952584,4.209199,0.003 1 + 0.937 omega + -0.001 theta omega + 0.197 omega^2,0.005 1 + 0.001 theta + -0.125 omega + -0.002 theta omega + 0.392 omega^2,5.3290541160e-03,5.4503343551e-04,-1.2510786642e-01,4.1528208094e-07,-2.0040340232e-03,3.9168943699e-01
40759,2025-01-13 03:00:00,0.012130,0.940684,0.665219,-0.048 1 + 0.001 theta + 1.272 omega + -0.002 theta omega + -0.387 omega^2,-0.098 1 + 0.001 theta + 0.550 omega + -0.004 theta omega + -0.779 omega^2,-9.7615202823e-02,1.4302383640e-03,5.5009957593e-01,-5.3048502010e-06,-4.0472812766e-03,-7.7874690242e-01
40760,2025-01-13 03:05:00,0.060048,8.971613,6.344030,1.005 omega + -0.002 theta omega + 0.063 omega^2,0.013 omega + -0.003 theta omega + 0.097 omega^2,-8.7730944344e-05,2.8497071055e-05,1.3160485007e-02,1.6304626879e-05,-3.2249084636e-03,9.6667277286e-02
40761,2025-01-13 03:10:00,0.194295,18.134374,12.823675,-0.011 1 + 1.054 omega + -0.001 theta omega + -0.019 omega^2,-0.022 1 + 0.001 theta + 0.111 omega + -0.003 theta omega + -0.042 omega^2,-2.2186120330e-02,8.3389254547e-04,1.1057415448e-01,-6.9444041397e-06,-2.8532301844e-03,-4.1608415023e-02
40762,2025-01-13 03:15:00,0.014768,0.372487,0.263595,0.994 omega + 0.029 omega^2,-0.001 1 + -0.012 omega + 0.063 omega^2,-7.7466437595e-04,2.8516540889e-04,-1.1881183563e-02,-7.6925664396e-06,-2.8464001124e-04,6.2707294560e-02
40763,2025-01-13 03:20:00,0.091185,6.863033,4.853325,1.006 omega + 0.011 theta omega + -0.080 omega^2,-0.001 theta + 0.013 omega + 0.021 theta omega + -0.139 omega^2,2.6224909320e-04,-8.9450360573e-04,1.3341080947e-02,-1.8712725510e-04,2.0776156673e-02,-1.3928393747e-01
40764,2025-01-13 03:25:00,nan,nan,nan,-0.009 1 + 1.124 omega + -0.004 theta omega + -0.352 omega^2,-0.019 1 + 0.001 theta + 0.258 omega + -0.008 theta omega + -0.736 omega^2,-1.8966520495e-02,7.7041994503e-04,2.5784965509e-01,1.5751251981e-06,-7.8041172113e-03,-7.3561443315e-01
40765,2025-01-13 03:30:00,0.019613,2.275237,1.608896,-0.007 1 + 1.086 omega + -0.001 theta omega + -0.222 omega^2,-0.014 1 + 0.171 omega + -0.002 theta omega + -0.439 omega^2,-1.3515882983e-02,1.2449250607e-04,1.7129630080e-01,2.6334020836e-06,-1.9810387144e-03,-4.3861189225e-01
40766,2025-01-13 03:35:00,0.022693,1.522343,1.076579,0.995 omega + 0.041 omega^2,-0.001 1 + -0.005 omega + 0.059 omega^2,-6.7857361165e-04,1.7042934938e-04,-5.0980269019e-03,-3.0570142020e-06,-4.5372465789e-04,5.8752933011e-02
40767,2025-01-13 03:40:00,0.010804,0.685934,0.485088,0.003 1 + 0.961 omega + 0.109 omega^2,0.005 1 + -0.075 omega + 0.217 omega^2,5.0062199356e-03,8.8981368009e-05,-7.4793792281e-02,-1.2660429748e-06,-3.2898039518e-05,2.1671247328e-01
40768,2025-01-13 03:45:00,0.011907,0.456227,0.322711,0.988 omega + 0.062 omega^2,-0.001 1 + -0.004 omega + -0.001 theta omega + 0.053 omega^2,-5.1688575187e-04,1.1233993227e-04,-4.4180568481e-03,-5.0019805211e-07,-6.0052337391e-04,5.2677246418e-02
40769,2025-01-13 03:50:00,2.265759,122.062732,86.326254,-0.004 1 + 0.001 theta + 1.005 omega + 0.077 omega^2,-0.008 1 + 0.001 theta + 0.010 omega + 0.154 omega^2,-7.9340212802e-03,1.0343110718e-03,1.0144787644e-02,-4.8061880003e-05,-4.5315671681e-04,1.5392995799e-01
40770,2025-01-13 03:55:00,0.005486,0.267678,0.189316,0.010 1 + 1.051 omega + 0.001 theta omega + 0.047 omega^2,0.021 1 + 0.001 theta + 0.105 omega + 0.003 theta omega + 0.099 omega^2,2.0872867556e-02,7.4797915046e-04,1.0520579591e-01,3.2915092200e-06,2.9592864537e-03,9.8928574696e-02
40771,2025-01-13 04:00:00,0.009026,0.167118,0.118342,-0.005 1 + 0.966 omega + -0.001 theta omega + -0.046 omega^2,-0.009 1 + -0.068 omega + -0.001 theta omega + -0.092 omega^2,-9.1169822510e-03,-5.5156309957e-06,-6.8379159619e-02,5.9476863124e-06,-1.0545572857e-03,-9.1800125446e-02
40772,2025-01-13 04:05:00,nan,nan,nan,0.003 1 + 0.988 omega + 0.003 theta omega + -0.029 omega^2,0.005 1 + -0.001 theta + -0.023 omega + 0.006 theta omega + -0.058 omega^2,5.2904566623e-03,-6.4225506912e-04,-2.2557795584e-02,-2.5301565278e-05,5.6753197231e-03,-5.8332850866e-02
40773,2025-01-13 04:10:00,0.037314,3.415152,2.415021,-0.001 1 + 0.985 omega + 0.089 omega^2,-0.003 1 + -0.029 omega + 0.174 omega^2,-2.7151931999e-03,2.7373180032e-04,-2.8518472345e-02,-2.4546875126e-06,-3.9684239093e-04,1.7443900908e-01
40774,2025-01-13 04:15:00,0.102074,14.473875,10.234829,-0.006 1 + 1.044 omega + -0.003 theta omega + 0.025 omega^2,-0.012 1 + 0.001 theta + 0.088 omega + -0.006 theta omega + 0.052 omega^2,-1.2106493729e-02,7.6774443444e-04,8.7909073209e-02,-2.5551228612e-06,-6.3067098624e-03,5.1845254059e-02
40775,2025-01-13 04:20:00,0.027395,1.018998,0.720801,0.002 1 + 1.012 omega + -0.003 theta omega + -0.260 omega^2,0.003 1 + 0.025 omega + -0.005 theta omega + -0.529 omega^2,3.0229136230e-03,6.3584055741e-05,2.5401696457e-02,-1.2030610045e-04,-5.2989977271e-03,-5.2880793707e-01
40776,2025-01-13 04:25:00,0.047424,1.971699,1.394605,1.004 omega + -0.001 theta omega + 0.060 omega^2,0.008 omega + -0.002 theta omega + 0.122 omega^2,2.4860905106e-06,-8.2104033739e-05,7.9872409091e-03,1.0778414841e-05,-2.4181616023e-03,1.2245947435e-01
40777,2025-01-13 04:30:00,1.602974,22.828954,16.182254,-0.001 theta + 1.003 omega + 0.001 theta omega + -0.028 omega^2,0.001 1 + -0.002 theta + 0.007 omega + 0.003 theta omega + -0.062 omega^2,7.8256267926e-04,-1.5607679554e-03,6.5893486645e-03,1.5377976947e-04,3.0245947293e-03,-6.1811797605e-02
40778,2025-01-13 04:35:00,0.015348,0.451941,0.319755,0.001 1 + 0.998 omega + -0.034 omega^2,0.002 1 + -0.003 omega + -0.065 omega^2,1.8217318864e-03,-4.6285775864e-05,-3.0125522363e-03,-1.9192799295e-05,4.4835716783e-04,-6.5431058346e-02
40779,2025-01-13 04:40:00,0.018748,0.499869,0.353710,1.008 omega + 0.001 theta omega + -0.035 omega^2,-0.001 1 + 0.016 omega + 0.001 theta omega + -0.071 omega^2,-9.5548067753e-04,-4.8695656343e-04,1.5879079279e-02,2.5535818954e-05,1.0824069197e-03,-7.0817942944e-02
40780,2025-01-13 04:45:00,0.033733,3.200293,2.263074,0.969 omega + 0.259 omega^2,0.001 1 + -0.060 omega + 0.515 omega^2,7.7286432329e-04,3.2684549492e-04,-6.0405694093e-02,-1.8831932268e-05,-4.6542408468e-04,5.1493570848e-01
40781,2025-01-13 04:50:00,0.825648,15.716865,11.128826,-0.001 1 + 1.000 omega + -0.010 omega^2,-0.002 1 + -0.001 theta + 0.001 omega + -0.003 omega^2,-1.9021500144e-03,-7.9059430539e-04,1.2475487041e-03,-6.1148061634e-05,-3.3034790972e-05,-2.9955525972e-03
40782,2025-01-13 04:55:00,0.012542,0.329469,0.233138,0.998 omega + -0.001 theta omega + -0.035 omega^2,-0.003 omega + -0.002 theta omega + -0.061 omega^2,3.3729383846e-04,-1.1497906202e-04,-3.1827696581e-03,3.6326704215e-05,-1.6540021061e-03,-6.1175456486e-02
40783,2025-01-13 05:00:00,nan,nan,nan,0.001 1 + 1.021 omega + 0.002 theta omega + -0.151 omega^2,0.002 1 + -0.001 theta + 0.042 omega + 0.004 theta omega + -0.300 omega^2,2.2087479520e-03,-8.1829429021e-04,4.1696033620e-02,6.4089212215e-06,3.8586449325e-03,-2.9984459068e-01
40784,2025-01-13 05:05:00,0.030630,1.465783,1.036691,0.999 omega + -0.047 omega^2,0.001 1 + -0.002 omega + -0.098 omega^2,7.5585299991e-04,2.7637834095e-04,-1.8432903795e-03,-4.7072167638e-05,6.1104979103e-05,-9.8289086333e-02
40785,2025-01-13 05:10:00,nan,nan,nan,1.001 omega + -0.001 theta omega + 0.111 omega^2,0.001 1 + 0.005 omega + -0.003 theta omega + 0.210 omega^2,9.1984253298e-04,-3.5472586710e-04,4.7018599826e-03,1.9104032222e-05,-2.5092693315e-03,2.0964903801e-01
40786,2025-01-13 05:15:00,nan,nan,nan,0.003 1 + -0.001 theta + 0.967 omega + 0.007 theta omega + 0.013 omega^2,0.007 1 + -0.002 theta + -0.065 omega + 0.014 theta omega + 0.020 omega^2,6.9042410825e-03,-1.7778807191e-03,-6.5315299465e-02,4.9875817503e-05,1.3958652962e-02,2.0445050502e-02
40787,2025-01-13 05:20:00,0.009268,0.289027,0.204478,0.995 omega + 0.001 theta omega + 0.025 omega^2,-0.001 1 + -0.011 omega + 0.002 theta omega + 0.057 omega^2,-5.2129085184e-04,7.3271550483e-05,-1.1012843145e-02,-1.6803347363e-05,2.2779682820e-03,5.7496733590e-02
40788,2025-01-13 05:25:00,nan,nan,nan,0.005 1 + 1.063 omega + 0.003 theta omega + 0.052 omega^2,0.011 1 + 0.133 omega + 0.007 theta omega + 0.116 omega^2,1.0616675252e-02,2.3980186105e-04,1.3302705371e-01,-2.4426010775e-05,6.8642003497e-03,1.1637831238e-01
40789,2025-01-13 05:30:00,0.029163,1.209448,0.855458,-0.001 1 + 0.967 omega + 0.001 theta omega + -0.147 omega^2,-0.002 1 + -0.059 omega + 0.002 theta omega + -0.274 omega^2,-1.5972816078e-03,3.9843921600e-04,-5.8777319545e-02,2.1150161991e-06,1.9878302673e-03,-2.7382111661e-01
40790,2025-01-13 05:35:00,0.093499,4.658354,3.294617,0.989 omega + -0.001 theta omega + -0.049 omega^2,-0.022 omega + -0.002 theta omega + -0.106 omega^2,4.9060044894e-04,3.3069968974e-04,-2.2293546569e-02,2.9188671045e-05,-1.5026434032e-03,-1.0649227109e-01
40791,2025-01-13 05:40:00,0.019570,0.921160,0.651506,-0.008 1 + 0.001 theta + 1.099 omega + -0.004 theta omega + -0.209 omega^2,-0.017 1 + 0.001 theta + 0.204 omega + -0.009 theta omega + -0.426 omega^2,-1.7264460003e-02,1.2702408326e-03,2.0406635986e-01,-2.3074234518e-05,-8.9470868356e-03,-4.2625796217e-01
40792,2025-01-13 05:45:00,0.052856,1.698049,1.201283,-0.001 1 + -0.001 theta + 1.011 omega + 0.007 theta omega + 0.028 omega^2,-0.002 1 + -0.001 theta + 0.023 omega + 0.013 theta omega + 0.077 omega^2,-1.7204790890e-03,-1.0956759023e-03,2.3292048550e-02,-5.9498631651e-05,1.3327620662e-02,7.6852273158e-02
40793,2025-01-13 05:50:00,0.058601,2.402465,1.699305,0.001 1 + 0.001 theta + 0.978 omega + 0.005 theta omega + -0.044 omega^2,0.002 1 + 0.001 theta + -0.042 omega + 0.010 theta omega + -0.089 omega^2,1.9689398650e-03,1.2760085528e-03,-4.2314164677e-02,-3.2071994231e-04,9.8178526318e-03,-8.8707314569e-02
40794,2025-01-13 05:55:00,0.017496,1.934320,1.367827,-0.018 1 + 0.001 theta + 1.190 omega + -0.003 theta omega + -0.486 omega^2,-0.038 1 + 0.001 theta + 0.398 omega + -0.006 theta omega + -1.009 omega^2,-3.8308683388e-02,1.0803127539e-03,3.9753081431e-01,-5.1546174257e-06,-6.1908111867e-03,-1.0088303842e+00
40795,2025-01-13 06:00:00,nan,nan,nan,0.001 1 + 0.961 omega + 0.003 theta omega + 0.120 omega^2,0.002 1 + 0.001 theta + -0.077 omega + 0.006 theta omega + 0.240 omega^2,1.7177949919e-03,6.6178311520e-04,-7.6750181730e-02,-7.8176469776e-05,5.5730228332e-03,2.4004765139e-01
40796,2025-01-13 06:05:00,0.039474,1.359991,0.962064,-0.001 1 + 0.996 omega + -0.001 theta omega + -0.001 omega^2,-0.002 1 + -0.007 omega + -0.001 theta omega + -0.009 omega^2,-1.9112797260e-03,-3.9595550069e-04,-7.3008675021e-03,-8.6957818986e-06,-1.2614274690e-03,-8.5109150421e-03
40797,2025-01-13 06:10:00,0.044963,3.211773,2.271289,1.008 omega + 0.006 theta omega + 0.028 omega^2,-0.001 theta + 0.018 omega + 0.012 theta omega + 0.058 omega^2,-1.8154874936e-04,-9.2648860124e-04,1.7661650744e-02,-1.9736594199e-04,1.2106474147e-02,5.8256769833e-02
40798,2025-01-13 06:15:00,0.062005,6.951098,4.915364,-0.002 1 + 0.989 omega + 0.085 omega^2,-0.004 1 + 0.001 theta + -0.023 omega + 0.001 theta omega + 0.175 omega^2,-3.8761181226e-03,5.1071262121e-04,-2.3376452274e-02,-2.2975136358e-05,5.5862823992e-04,1.7486241573e-01
40799,2025-01-13 06:20:00,nan,nan,nan,-0.001 1 + -0.001 theta + 1.014 omega + 0.008 theta omega + -0.150 omega^2,-0.001 1 + -0.002 theta + 0.030 omega + 0.016 theta omega + -0.296 omega^2,-1.4479226636e-03,-1.9776863336e-03,2.9531884340e-02,-3.3161944464e-04,1.5723797673e-02,-2.9588833902e-01
40800,2025-01-13 06:25:00,0.025749,0.763092,0.539895,-0.002 1 + -0.001 theta + 0.991 omega + -0.001 theta omega + -0.022 omega^2,-0.004 1 + -0.002 theta + -0.016 omega + -0.001 theta omega + -0.031 omega^2,-3.5231303979e-03,-1.9489580782e-03,-1.6273079487e-02,-1.4162860564e-04,-1.4863682684e-03,-3.0583865100e-02
40801,2025-01-13 06:30:00,0.027601,2.311859,1.634847,1.038 omega + -0.001 theta omega + 0.381 omega^2,-0.001 theta + 0.080 omega + -0.002 theta omega + 0.782 omega^2,-6.9273125739e-05,-5.7972533197e-04,8.0031581264e-02,-2.7997720026e-05,-1.5699316793e-03,7.8176239517e-01
40802,2025-01-13 06:35:00,0.041577,2.913831,2.060599,0.999 omega + -0.005 omega^2,0.001 1 + 0.002 omega + 0.001 theta omega + -0.002 omega^2,7.5275829737e-04,7.2791619150e-05,2.3890386922e-03,1.7065964398e-06,5.7118603801e-04,-2.2748590158e-03
40803,2025-01-13 06:40:00,0.014938,0.538341,0.380811,-0.001 1 + 1.012 omega + 0.066 omega^2,-0.002 1 + 0.027 omega + 0.145 omega^2,-1.8467696228e-03,-3.1007726721e-04,2.7392528878e-02,-7.5968192327e-06,1.3488870658e-04,1.4515258296e-01
40804,2025-01-13 06:45:00,0.012360,0.547815,0.387462,0.005 1 + 1.080 omega + 0.267 omega^2,0.010 1 + 0.162 omega + 0.001 theta omega + 0.536 omega^2,1.0398752316e-02,-5.2316133839e-05,1.6161260856e-01,-2.3452747860e-06,5.6465353256e-04,5.3610518309e-01
40805,2025-01-13 06:50:00,0.045726,5.042676,3.565857,0.011 1 + 1.153 omega + 0.001 theta omega + 0.417 omega^2,0.023 1 + 0.309 omega + 0.002 theta omega + 0.842 omega^2,2.3258961549e-02,4.0869753680e-05,3.0928863320e-01,-4.7421232856e-06,2.2258954567e-03,8.4165161071e-01
40806,2025-01-13 06:55:00,nan,nan,nan,0.001 1 + -0.001 theta + 0.990 omega + 0.007 theta omega + -0.092 omega^2,0.002 1 + -0.001 theta + -0.017 omega + 0.012 theta omega + -0.153 omega^2,2.4395935951e-03,-1.4314425133e-03,-1.6980030576e-02,1.2962731956e-04,1.2077723272e-02,-1.5266948295e-01
40807,2025-01-13 07:00:00,nan,nan,nan,0.011 1 + 0.909 omega + 0.002 theta omega + 0.171 omega^2,0.022 1 + -0.001 theta + -0.179 omega + 0.004 theta omega + 0.338 omega^2,2.1947085015e-02,-9.1649288099e-04,-1.7856596099e-01,6.5460144836e-06,4.2003055449e-03,3.3800544609e-01
40808,2025-01-13 07:05:00,0.022544,0.892862,0.631550,0.002 1 + 1.021 omega + 0.002 theta omega + 0.042 omega^2,0.005 1 + 0.001 theta + 0.044 omega + 0.003 theta omega + 0.064 omega^2,4.5131413775e-03,7.7946078348e-04,4.3955007643e-02,3.8049784564e-05,3.4482993467e-03,6.3838183403e-02
40809,2025-01-13 07:10:00,0.031518,3.183173,2.250954,-0.001 1 + 1.018 omega + -0.002 theta omega + -0.038 omega^2,-0.002 1 + 0.038 omega + -0.005 theta omega + -0.081 omega^2,-2.1365223954e-03,3.2617892795e-04,3.8428616303e-02,-7.6420982663e-06,-4.6509133322e-03,-8.1379081184e-02
40810,2025-01-13 07:15:00,0.017215,0.479417,0.339217,1.010 omega + 0.001 theta omega + 0.012 omega^2,0.022 omega + 0.003 theta omega + 0.018 omega^2,-5.3864988353e-05,1.5470429139e-04,2.2323514875e-02,2.7378311033e-05,2.8681869019e-03,1.7565495302e-02
40811,2025-01-13 07:20:00,nan,nan,nan,0.005 1 + -0.001 theta + 0.953 omega + 0.004 theta omega + 0.069 omega^2,0.010 1 + -0.001 theta + -0.096 omega + 0.008 theta omega + 0.149 omega^2,9.6210239075e-03,-1.1695066370e-03,-9.5585645885e-02,2.3391670469e-05,7.6709101395e-03,1.4865714550e-01
40812,2025-01-13 07:25:00,nan,nan,nan,-0.001 1 + 1.002 omega + 0.012 omega^2,-0.001 1 + -0.001 theta + 0.004 omega + 0.017 omega^2,-1.3734222529e-03,-7.8714956400e-04,4.4528836675e-03,-1.0034540180e-04,4.6019424832e-04,1.7362070392e-02
40813,2025-01-13 07:30:00,0.035072,1.056657,0.747581,0.991 omega + 0.026 omega^2,-0.010 omega + 0.073 omega^2,-1.3504290795e-04,4.4245726320e-04,-9.5885710456e-03,3.1324876234e-05,-1.6022225310e-04,7.2877401015e-02
40814,2025-01-13 07:35:00,0.045329,1.097607,0.776787,0.002 1 + 0.992 omega + 0.002 theta omega + -0.163 omega^2,0.003 1 + 0.001 theta + -0.012 omega + -0.001 theta^2 + 0.003 theta omega + -0.339 omega^2,3.1143246192e-03,1.0872384929e-03,-1.2360486616e-02,-5.1044657140e-04,3.2771001498e-03,-3.3942892796e-01
40815,2025-01-13 07:40:00,0.058382,2.385461,1.687281,0.987 omega + -0.002 theta omega + 0.003 omega^2,0.001 theta + -0.021 omega + -0.003 theta omega + 0.021 omega^2,2.3220902975e-04,7.2148791884e-04,-2.1492726967e-02,9.1109367083e-05,-2.7746573689e-03,2.0981910666e-02
40816,2025-01-13 07:45:00,0.079745,2.992384,2.116686,-0.001 1 + 1.000 omega + -0.001 theta omega + 0.093 omega^2,-0.001 1 + -0.001 theta + 0.001 omega + -0.003 theta omega + 0.178 omega^2,-1.0029596969e-03,-8.7348145019e-04,6.6893351919e-04,1.6058960435e-04,-3.0791871761e-03,1.7780318878e-01
40817,2025-01-13 07:50:00,nan,nan,nan,0.001 1 + -0.001 theta + 0.995 omega + 0.001 theta omega + -0.040 omega^2,0.003 1 + -0.001 theta + -0.004 omega + 0.002 theta omega + -0.101 omega^2,2.5994599777e-03,-1.0000799813e-03,-4.1482257158e-03,9.0005608213e-05,1.6478301793e-03,-1.0143677847e-01
40818,2025-01-13 07:55:00,0.012215,1.255682,0.887943,-0.002 1 + 1.004 omega + -0.003 theta omega + 0.106 omega^2,-0.004 1 + 0.001 theta + 0.015 omega + -0.005 theta omega + 0.158 omega^2,-4.2465625771e-03,6.3644154142e-04,1.5107776717e-02,2.7623598438e-07,-5.4554266053e-03,1.5840112377e-01
40819,2025-01-13 08:00:00,0.016540,0.363966,0.257628,0.005 1 + 0.959 omega + 0.001 theta omega + 0.070 omega^2,0.010 1 + -0.076 omega + 0.002 theta omega + 0.134 omega^2,9.5100229332e-03,-4.0140735532e-04,-7.5508649473e-02,1.4342191242e-06,1.8887023051e-03,1.3428582576e-01
40820,2025-01-13 08:05:00,0.024537,0.808082,0.571664,1.005 omega + 0.003 theta omega + -0.051 omega^2,-0.001 1 + -0.001 theta + 0.011 omega + 0.006 theta omega + -0.092 omega^2,-9.1708788124e-04,-6.0389520917e-04,1.0681866190e-02,-1.1894140432e-05,5.5239188316e-03,-9.2420132650e-02
40821,2025-01-13 08:10:00,0.013189,1.031617,0.729523,1.013 omega + -0.026 omega^2,0.028 omega + -0.001 theta omega + -0.052 omega^2,8.3895078652e-05,-1.1645619428e-04,2.7586638278e-02,2.5135404258e-06,-8.2032907491e-04,-5.1770146880e-02
40822,2025-01-13 08:15:00,0.071998,2.055885,1.454622,0.001 1 + 0.964 omega + 0.005 theta omega + 0.154 omega^2,0.003 1 + -0.073 omega + 0.010 theta omega + 0.314 omega^2,2.6602818720e-03,2.9011562147e-04,-7.3355509415e-02,-1.5516022970e-04,1.0236872863e-02,3.1418459256e-01
40823,2025-01-13 08:20:00,nan,nan,nan,0.001 1 + 0.998 omega + 0.012 theta omega + -0.263 omega^2,0.001 1 + -0.001 theta + -0.001 omega + 0.025 theta omega + -0.535 omega^2,1.0251642725e-03,-9.8723572976e-04,-1.4652668086e-03,-6.0470574249e-05,2.4548686609e-02,-5.3461408597e-01
40824,2025-01-13 08:25:00,nan,nan,nan,0.002 1 + -0.001 theta + 0.992 omega + 0.002 theta omega + -0.019 omega^2,0.003 1 + -0.001 theta + -0.016 omega + 0.004 theta omega + -0.037 omega^2,3.0965739959e-03,-1.0987103893e-03,-1.5546471273e-02,8.4718440070e-05,3.5891811851e-03,-3.6951403995e-02
40825,2025-01-13 08:30:00,0.128044,3.759418,2.659851,-0.001 1 + 1.009 omega + -0.001 theta omega + -0.070 omega^2,-0.001 1 + 0.001 theta + 0.017 omega + -0.002 theta omega + -0.132 omega^2,-1.2102941941e-03,5.4779702460e-04,1.6947096864e-02,-4.6272193096e-05,-1.6436238530e-03,-1.3172117842e-01
40826,2025-01-13 08:35:00,0.146604,2.373901,1.681800,0.001 1 + 0.991 omega + 0.003 theta omega + -0.106 omega^2,0.002 1 + -0.016 omega + 0.005 theta omega + -0.222 omega^2,1.8378929756e-03,-3.7446533970e-04,-1.5818973534e-02,-2.4327381245e-06,5.2832887425e-03,-2.2167872178e-01
40827,2025-01-13 08:40:00,nan,nan,nan,0.002 theta + 0.981 omega + 0.004 theta omega + -0.195 omega^2,0.001 1 + 0.003 theta + -0.037 omega + -0.001 theta^2 + 0.008 theta omega + -0.394 omega^2,8.8377869150e-04,3.0423288692e-03,-3.6958501494e-02,-5.2011141789e-04,8.3570058609e-03,-3.9407353469e-01
40828,2025-01-13 08:45:00,nan,nan,nan,-0.002 1 + 1.011 omega + -0.002 theta omega + 0.072 omega^2,-0.003 1 + 0.001 theta + 0.023 omega + -0.004 theta omega + 0.148 omega^2,-3.2024939613e-03,9.6035257496e-04,2.2991353332e-02,-7.0075763251e-05,-3.5997978652e-03,1.4804749214e-01
40829,2025-01-13 08:50:00,0.023897,0.678041,0.479745,1.010 omega + -0.055 omega^2,-0.001 1 + 0.025 omega + -0.001 theta omega + -0.116 omega^2,-1.0714539703e-03,1.7323969598e-04,2.5058617747e-02,-1.2045900300e-05,-8.6105538841e-04,-1.1572144410e-01
40830,2025-01-13 08:55:00,0.013948,0.462037,0.326858,-0.003 1 + 1.039 omega + -0.125 omega^2,-0.006 1 + 0.082 omega + -0.001 theta omega + -0.256 omega^2,-5.7839085167e-03,6.8094974286e-05,8.2423156675e-02,9.1216539523e-07,-8.7664611333e-04,-2.5646873101e-01
40831,2025-01-13 09:00:00,0.009918,0.327140,0.231429,0.001 1 + 0.974 omega + -0.001 theta omega + 0.129 omega^2,0.002 1 + -0.047 omega + -0.001 theta omega + 0.248 omega^2,2.1815866942e-03,1.9535110145e-04,-4.6796541572e-02,-2.8446472033e-06,-1.1397211636e-03,2.4828985373e-01
40832,2025-01-13 09:05:00,0.017191,1.579448,1.116905,-0.001 1 + 0.001 theta + 0.971 omega + -0.003 theta omega + 0.218 omega^2,-0.002 1 + 0.001 theta + -0.056 omega + -0.007 theta omega + 0.429 omega^2,-2.4219369712e-03,1.3922675943e-03,-5.5749231676e-02,-1.3959511355e-05,-6.8300264376e-03,4.2867448676e-01
40833,2025-01-13 09:10:00,0.055459,4.328773,3.061156,0.992 omega + 0.003 theta omega + -0.066 omega^2,-0.016 omega + 0.006 theta omega + -0.130 omega^2,3.7706698342e-04,1.2247403150e-04,-1.6271880365e-02,-8.7816575437e-05,5.6899186835e-03,-1.2973609511e-01
40834,2025-01-13 09:15:00,0.028984,3.454352,2.442682,1.047 omega + 0.001 theta omega + -0.371 omega^2,-0.001 1 + 0.096 omega + 0.003 theta omega + -0.755 omega^2,-1.0168140368e-03,-4.4312918599e-04,9.6351020328e-02,6.2257872913e-06,2.6673988027e-03,-7.5462349941e-01
40835,2025-01-13 09:20:00,nan,nan,nan,-0.002 1 + 1.025 omega + -0.002 theta omega + 0.018 omega^2,-0.004 1 + 0.001 theta + 0.052 omega + -0.005 theta omega + 0.034 omega^2,-4.2005502315e-03,5.1041098726e-04,5.1854222305e-02,-6.2271412019e-06,-4.5503458066e-03,3.4145815873e-02
40836,2025-01-13 09:25:00,0.032057,1.999218,1.413842,1.003 omega + 0.001 theta omega + -0.012 omega^2,0.007 omega + 0.002 theta omega + -0.020 omega^2,2.8909490547e-04,-2.7861941554e-04,7.1876615436e-03,-3.4127399905e-05,1.7553273687e-03,-1.9883204777e-02
40837,2025-01-13 09:30:00,0.018866,0.721240,0.510168,0.001 1 + 1.001 omega + -0.036 omega^2,0.002 1 + 0.001 theta + 0.002 omega + -0.055 omega^2,1.9885230211e-03,8.2825702218e-04,2.3126386490e-03,9.6163945500e-05,-1.3098843452e-04,-5.5435950052e-02
40838,2025-01-13 09:35:00,0.143065,7.826267,5.534931,0.995 omega + 0.001 theta omega,-0.006 omega + 0.001 theta omega + -0.018 omega^2,1.9279470589e-04,-8.5883836757e-05,-6.4850062235e-03,5.7056023383e-06,1.0646887462e-03,-1.8028128607e-02
40839,2025-01-13 09:40:00,0.026573,2.315976,1.637750,-0.001 1 + 1.008 omega + -0.001 theta omega + -0.015 omega^2,-0.002 1 + 0.022 omega + -0.002 theta omega + -0.054 omega^2,-1.5637637439e-03,1.4632503322e-04,2.2163706764e-02,-1.6459230962e-06,-1.6376321907e-03,-5.4188824816e-02
40840,2025-01-13 09:45:00,0.036891,1.166127,0.824989,-0.001 1 + 0.001 theta + 1.000 omega + 0.011 omega^2,-0.003 1 + 0.002 theta + 0.003 omega + -0.001 theta omega + 0.018 omega^2,-2.8445301668e-03,1.8981316252e-03,2.6116503409e-03,-2.0460035011e-04,-7.6321899957e-04,1.7929999801e-02
40841,2025-01-13 09:50:00,0.039647,2.458108,1.738371,-0.001 1 + 1.003 omega + -0.002 theta omega + 0.062 omega^2,-0.003 1 + 0.001 theta + 0.009 omega + -0.003 theta omega + 0.094 omega^2,-2.9690012442e-03,8.1547892955e-04,8.7722134656e-03,-4.1692322668e-05,-3.2707180508e-03,9.3654699759e-02
40842,2025-01-13 09:55:00,0.082355,6.430195,4.547207,0.001 1 + 1.003 omega + 0.001 theta omega + -0.063 omega^2,0.002 1 + -0.001 theta + 0.007 omega + 0.001 theta omega + -0.130 omega^2,1.6100353971e-03,-6.9348137892e-04,7.0861965268e-03,-3.5034733314e-05,8.1341805661e-04,-1.3023470827e-01
40843,2025-01-13 10:00:00,0.032911,1.745733,1.234639,-0.002 1 + -0.001 theta + 1.008 omega + -0.001 theta omega + 0.174 omega^2,-0.004 1 + -0.001 theta + 0.018 omega + -0.001 theta omega + 0.350 omega^2,-3.6624916754e-03,-1.0934412212e-03,1.7778197744e-02,-6.3404192914e-05,-1.1669279447e-03,3.4989457816e-01
40844,2025-01-13 10:05:00,0.028830,1.814471,1.283187,0.002 1 + 0.997 omega + -0.086 omega^2,0.003 1 + -0.001 theta + -0.003 omega + -0.174 omega^2,3.1336089733e-03,-5.8850884563e-04,-2.8622846819e-03,2.6297994153e-05,1.2657112238e-04,-1.7406722099e-01
40845,2025-01-13 10:10:00,0.027978,1.124694,0.795525,0.001 1 + -0.001 theta + 0.989 omega + 0.004 theta omega,0.002 1 + -0.002 theta + -0.022 omega + 0.009 theta omega + -0.001 omega^2,1.9120401514e-03,-1.5598165596e-03,-2.1517585150e-02,1.4705827419e-04,8.7161674152e-03,-8.0770539827e-04
40846,2025-01-13 10:15:00,0.015312,0.850970,0.601824,1.000 omega + -0.001 theta omega + 0.068 omega^2,0.007 omega + -0.002 theta omega + 0.120 omega^2,-4.3617919057e-04,1.6724363038e-04,6.8118512511e-03,-9.0671751372e-06,-2.3066285875e-03,1.1955099586e-01
40847,2025-01-13 10:20:00,0.032225,1.145113,0.810038,0.984 omega + -0.008 theta omega + -0.098 omega^2,0.001 1 + 0.001 theta + -0.032 omega + -0.016 theta omega + -0.194 omega^2,7.2912893491e-04,8.5818123453e-04,-3.1847028659e-02,3.6861385435e-04,-1.5886233019e-02,-1.9434076980e-01
40848,2025-01-13 10:25:00,0.060397,1.481009,1.048102,-0.003 1 + 1.010 omega + 0.002 theta omega + 0.228 omega^2,-0.005 1 + -0.001 theta + 0.021 omega + 0.004 theta omega + 0.460 omega^2,-5.1016555908e-03,-6.7613094399e-04,2.1202993332e-02,4.2602956246e-05,4.0969590602e-03,4.6003684107e-01
40849,2025-01-13 10:30:00,0.046973,5.316925,3.759780,0.998 omega + -0.002 theta omega + 0.168 omega^2,0.001 1 + -0.002 omega + -0.004 theta omega + 0.331 omega^2,6.2630227665e-04,-2.7813202648e-04,-1.6076205276e-03,2.2372427883e-05,-3.9718478168e-03,3.3058186303e-01
40850,2025-01-13 10:35:00,0.045584,3.979239,2.813931,1.003 omega + -0.001 theta omega + 0.003 omega^2,0.009 omega + -0.001 theta omega + 0.002 omega^2,1.2985488473e-04,-1.2395841868e-04,8.9369286885e-03,9.0489049552e-06,-1.2851492914e-03,2.0206584351e-03
40851,2025-01-13 10:40:00,0.031645,0.773044,0.547082,0.004 1 + 0.943 omega + 0.006 theta omega + 0.043 omega^2,0.009 1 + -0.001 theta + -0.114 omega + 0.012 theta omega + 0.081 omega^2,9.0269827886e-03,-5.1078994348e-04,-1.1438977538e-01,-7.1608798348e-05,1.2009641430e-02,8.1362235492e-02
40852,2025-01-13 10:45:00,0.078924,2.683395,1.898267,-0.001 theta + 1.005 omega + -0.002 theta omega + 0.109 omega^2,0.001 1 + -0.002 theta + 0.011 omega + -0.005 theta omega + 0.219 omega^2,7.7535745462e-04,-2.3775206081e-03,1.0780424824e-02,3.7682203287e-04,-4.8033525498e-03,2.1934216462e-01
40853,2025-01-13 10:50:00,0.029050,4.370647,3.090583,1.018 omega + -0.108 omega^2,-0.001 1 + 0.040 omega + 0.001 theta omega + -0.239 omega^2,-5.4406803838e-04,-1.5453811268e-04,3.9893786717e-02,1.4806064889e-06,8.1632815378e-04,-2.3939336657e-01
40854,2025-01-13 10:55:00,0.049582,1.207287,0.854401,-0.002 1 + 0.998 omega + 0.114 omega^2,-0.003 1 + -0.001 theta + -0.003 omega + -0.001 theta omega + 0.226 omega^2,-3.4237623000e-03,-8.9647099931e-04,-2.6739060168e-03,-1.7716988722e-06,-8.3491326140e-04,2.2566854974e-01
40855,2025-01-13 11:00:00,0.008235,0.436620,0.308792,-0.003 1 + 1.017 omega + -0.012 omega^2,-0.007 1 + 0.034 omega + -0.001 theta omega + -0.012 omega^2,-6.8593691067e-03,2.7269379138e-04,3.3711831914e-02,-2.1703057137e-06,-9.1184999970e-04,-1.1724837181e-02
40856,2025-01-13 11:05:00,nan,nan,nan,0.003 1 + 0.983 omega + 0.001 theta omega + 0.013 omega^2,0.007 1 + -0.001 theta + -0.039 omega + 0.002 theta omega + 0.021 omega^2,6.5266510732e-03,-1.1179808528e-03,-3.9350455097e-02,4.7298884436e-05,2.3601936276e-03,2.0907767614e-02
40857,2025-01-13 11:10:00,0.011843,0.294028,0.208078,0.001 1 + 1.009 omega + -0.030 omega^2,0.001 1 + 0.022 omega + -0.067 omega^2,9.2025843685e-04,-2.7231055704e-04,2.1605709238e-02,6.1591231216e-06,-1.0372044186e-04,-6.6518150300e-02
40858,2025-01-13 11:15:00,0.093220,5.064823,3.581977,1.001 omega + -0.001 theta omega + 0.060 omega^2,0.005 omega + -0.001 theta omega + 0.118 omega^2,7.7829640806e-05,9.4173583931e-05,5.0659567173e-03,-2.4161719066e-05,-1.3901694455e-03,1.1824260528e-01
40859,2025-01-13 11:20:00,0.023356,0.530005,0.375134,0.002 1 + 1.001 omega + -0.023 omega^2,0.004 1 + 0.006 omega + -0.048 omega^2,3.6284454475e-03,-2.8514617859e-04,5.5670500626e-03,3.7129204228e-06,2.1371865721e-04,-4.8475496635e-02
40860,2025-01-13 11:25:00,0.117427,1.821290,1.290521,-0.002 1 + -0.001 theta + 0.984 omega + -0.007 theta omega + -0.036 omega^2,-0.003 1 + -0.001 theta + -0.032 omega + -0.014 theta omega + -0.075 omega^2,-3.1026620829e-03,-1.3928548944e-03,-3.2261844802e-02,-2.1453616499e-05,-1.3803148028e-02,-7.4748316566e-02
40861,2025-01-13 11:30:00,0.026691,0.593609,0.420169,1.006 omega + 0.001 theta omega + -0.031 omega^2,0.001 1 + 0.016 omega + 0.002 theta omega + -0.051 omega^2,7.4205467016e-04,5.3424546871e-05,1.6049666975e-02,1.4461336232e-07,1.6100870335e-03,-5.1365155160e-02
40862,2025-01-13 11:35:00,0.034706,1.654051,1.169848,1.005 omega + -0.007 omega^2,0.012 omega + -0.027 omega^2,1.3754450974e-05,-1.9348985292e-05,1.2023682571e-02,2.8383114969e-07,-3.3950187215e-04,-2.7121724797e-02
40863,2025-01-13 11:40:00,0.250036,11.854781,8.384460,0.002 1 + -0.001 theta + 1.006 omega + -0.209 omega^2,0.003 1 + -0.002 theta + 0.013 omega + -0.409 omega^2,3.4584618674e-03,-1.8464246304e-03,1.2537437580e-02,2.1175440946e-04,-1.4122398013e-04,-4.0889227967e-01
40864,2025-01-13 11:45:00,0.023356,1.486936,1.051552,-0.001 1 + 0.999 omega + 0.025 omega^2,-0.002 1 + -0.001 omega + -0.001 theta omega + 0.055 omega^2,-2.0994062572e-03,2.2093298953e-04,-1.4971644417e-03,-2.2988913151e-06,-6.8945223540e-04,5.5376492742e-02
40865,2025-01-13 11:50:00,0.120464,7.389784,5.226060,1.001 omega + -0.001 theta omega + 0.045 omega^2,-0.001 1 + 0.004 omega + -0.001 theta omega + 0.084 omega^2,-1.0471586260e-03,3.1195195527e-04,4.4665252897e-03,-1.6633290819e-05,-1.1519917391e-03,8.4159534359e-02
40866,2025-01-13 11:55:00,nan,nan,nan,0.002 1 + 0.953 omega + 0.005 theta omega + 0.142 omega^2,0.003 1 + -0.087 omega + 0.009 theta omega + 0.278 omega^2,3.3753733216e-03,2.0779938631e-04,-8.7404116115e-02,-8.3483664164e-05,9.3575659672e-03,2.7760987467e-01
40867,2025-01-13 12:00:00,0.027688,0.529765,0.375112,-0.001 1 + 1.011 omega + 0.003 theta omega + -0.036 omega^2,-0.001 1 + -0.001 theta + 0.023 omega + 0.007 theta omega + -0.070 omega^2,-1.0529142522e-03,-6.9240157471e-04,2.2972288921e-02,-3.8204005234e-05,6.5876595557e-03,-7.0120112784e-02
40868,2025-01-13 12:05:00,0.118252,2.788773,1.973732,0.996 omega + 0.001 theta omega + -0.045 omega^2,0.001 1 + -0.006 omega + 0.001 theta omega + -0.098 omega^2,5.0072177078e-04,4.8840876423e-04,-6.2095578125e-03,-4.3679802108e-05,1.0665806307e-03,-9.8082909315e-02
40869,2025-01-13 12:10:00,nan,nan,nan,-0.001 1 + 0.997 omega + -0.006 theta omega + 0.227 omega^2,-0.002 1 + 0.001 theta + -0.005 omega + -0.012 theta omega + 0.454 omega^2,-1.8763056748e-03,8.5201176621e-04,-5.1538586115e-03,1.8662625220e-05,-1.2454093527e-02,4.5397032630e-01
40870,2025-01-13 12:15:00,0.031315,0.917246,0.648969,0.001 1 + 1.000 omega + -0.051 omega^2,0.002 1 + -0.107 omega^2,1.6832269856e-03,6.6964698863e-05,-1.9462819705e-04,-3.5347535247e-05,-4.7845189916e-04,-1.0718793480e-01
40871,2025-01-13 12:20:00,nan,nan,nan,0.001 1 + 0.957 omega + -0.003 theta omega + 0.413 omega^2,0.002 1 + -0.079 omega + -0.005 theta omega + 0.807 omega^2,2.0980256707e-03,4.2016432061e-04,-7.9120042130e-02,-6.2771911977e-06,-5.3574005504e-03,8.0688401211e-01
40872,2025-01-13 12:25:00,0.026870,1.416053,1.001481,-0.001 1 + 1.017 omega + -0.002 theta omega + -0.026 omega^2,-0.002 1 + 0.037 omega + -0.004 theta omega + -0.061 omega^2,-1.6992622945e-03,7.7487541878e-06,3.6941866857e-02,1.9323025108e-05,-3.7742489498e-03,-6.0668124939e-02
40873,2025-01-13 12:30:00,0.320241,17.497081,12.374377,1.015 omega + -0.001 theta omega + 0.022 omega^2,0.001 1 + -0.001 theta + 0.032 omega + -0.001 theta omega + 0.040 omega^2,5.8158289774e-04,-8.5597428949e-04,3.1764611437e-02,4.1235504828e-05,-1.2066930666e-03,4.0237878930e-02
40874,2025-01-13 12:35:00,0.040465,2.437854,1.724060,1.014 omega + -0.001 theta omega + -0.032 omega^2,0.032 omega + -0.002 theta omega + -0.074 omega^2,-3.9235243368e-04,-6.9099546652e-05,3.1518314572e-02,4.6199065162e-06,-1.5559900371e-03,-7.3832810662e-02
40875,2025-01-13 12:40:00,nan,nan,nan,0.001 1 + -0.001 theta + 0.995 omega + 0.001 theta omega + 0.066 omega^2,0.003 1 + -0.002 theta + -0.009 omega + 0.002 theta omega + 0.135 omega^2,2.5646883818e-03,-1.5669685656e-03,-9.1862349754e-03,1.0439824436e-04,1.5890998186e-03,1.3516048140e-01
40876,2025-01-13 12:45:00,0.044786,6.402496,4.527359,-0.002 1 + 1.007 omega + -0.001 theta omega + 0.031 omega^2,-0.004 1 + 0.021 omega + -0.001 theta omega + 0.044 omega^2,-4.1125367059e-03,3.0282263294e-04,2.0526750046e-02,-3.4844394842e-06,-1.4717078192e-03,4.3948050070e-02
40877,2025-01-13 12:50:00,nan,nan,nan,0.001 1 + -0.001 theta + 1.002 omega + -0.001 theta omega + 0.089 omega^2,0.002 1 + -0.002 theta + 0.006 omega + -0.002 theta omega + 0.165 omega^2,1.6686666624e-03,-1.6201419847e-03,6.1464850746e-03,1.4848844645e-04,-1.6064279344e-03,1.6518768379e-01
40878,2025-01-13 12:55:00,0.029068,0.806483,0.570640,0.001 1 + 0.998 omega + -0.173 omega^2,0.002 1 + -0.003 omega + -0.320 omega^2,1.9336560645e-03,3.7590597269e-04,-3.2253208745e-03,-9.1760547629e-05,2.3812079220e-04,-3.2039583015e-01
40879,2025-01-13 13:00:00,0.020184,0.757296,0.535679,-0.004 1 + 0.955 omega + -0.001 theta omega + -0.133 omega^2,-0.008 1 + -0.088 omega + -0.001 theta omega + -0.273 omega^2,-7.6599772459e-03,-2.6844102243e-04,-8.8124455471e-02,-2.2680218947e-06,-1.1784662471e-03,-2.7251709940e-01
40880,2025-01-13 13:05:00,nan,nan,nan,0.001 1 + 1.011 omega + -0.002 theta omega + 0.010 omega^2,0.001 1 + 0.024 omega + -0.004 theta omega + 0.021 omega^2,9.9308418249e-04,1.5493498015e-04,2.3748386401e-02,-1.6479121249e-05,-4.1076442748e-03,2.0722847182e-02
40881,2025-01-13 13:10:00,0.036438,3.099427,2.191777,0.001 1 + 1.014 omega + -0.085 omega^2,0.001 1 + 0.029 omega + 0.001 theta omega + -0.170 omega^2,1.3309020724e-03,-2.9225278699e-04,2.8931448126e-02,2.5925858153e-06,9.1821634469e-04,-1.6970042283e-01
40882,2025-01-13 13:15:00,0.034874,1.155141,0.817180,0.002 1 + 0.988 omega + 0.014 omega^2,0.003 1 + -0.022 omega + 0.001 theta omega + 0.023 omega^2,2.9463036298e-03,-1.2309107681e-04,-2.2378021351e-02,-1.6502616666e-06,8.9850192606e-04,2.3224844037e-02
40883,2025-01-13 13:20:00,0.412883,17.420740,12.321782,0.001 1 + -0.001 theta + 1.008 omega + -0.001 theta omega + -0.036 omega^2,0.002 1 + -0.001 theta + 0.018 omega + -0.001 theta omega + -0.075 omega^2,1.9051066543e-03,-1.1358339211e-03,1.7666178193e-02,8.3714609051e-05,-1.2146402381e-03,-7.5336433521e-02
40884,2025-01-13 13:25:00,0.069340,2.733646,1.933602,0.990 omega + 0.003 theta omega + 0.025 omega^2,-0.018 omega + 0.007 theta omega + 0.058 omega^2,3.6117735395e-04,6.7670602140e-05,-1.7965615783e-02,-1.2519242292e-04,6.6292126837e-03,5.7798110984e-02
40885,2025-01-13 13:30:00,0.201078,5.892243,4.168870,0.001 1 + -0.001 theta + 1.007 omega + 0.001 theta omega + -0.048 omega^2,0.001 1 + -0.001 theta + 0.015 omega + 0.002 theta omega + -0.095 omega^2,1.4317725769e-03,-1.1944748915e-03,1.5036085768e-02,6.0577949714e-05,2.4358261623e-03,-9.4966791494e-02
40886,2025-01-13 13:35:00,0.023234,2.021807,1.429728,-0.001 1 + 1.007 omega + 0.059 omega^2,-0.001 1 + 0.016 omega + -0.001 theta omega + 0.126 omega^2,-1.4526508047e-03,1.7127219325e-04,1.6171677953e-02,-1.6246833291e-05,-1.0308152053e-03,1.2629905122e-01
40887,2025-01-13 13:40:00,0.054870,2.503135,1.770409,0.002 1 + 1.001 omega + -0.010 omega^2,0.003 1 + 0.001 theta + 0.004 omega + -0.028 omega^2,3.4810807217e-03,6.9554364567e-04,4.3843862983e-03,3.9515496200e-05,2.2661174232e-04,-2.7984009555e-02
40888,2025-01-13 13:45:00,nan,nan,nan,0.001 1 + 0.993 omega + 0.001 theta omega + 0.031 omega^2,0.001 1 + -0.009 omega + 0.002 theta omega + 0.053 omega^2,1.1886924584e-03,-3.0283206194e-04,-9.4272205256e-03,1.7359480054e-05,1.5326060264e-03,5.2615683136e-02
40889,2025-01-13 13:50:00,0.051647,2.413201,1.706781,1.000 omega + -0.001 theta omega + 0.045 omega^2,0.001 1 + 0.001 omega + -0.001 theta omega + 0.093 omega^2,6.4834899975e-04,-2.9477087558e-04,6.1751772024e-04,-1.3716465060e-05,-1.0788518005e-03,9.2571938774e-02
40890,2025-01-13 13:55:00,0.048070,3.609782,2.552728,0.001 1 + 0.966 omega + 0.003 theta omega + 0.134 omega^2,0.003 1 + -0.066 omega + 0.005 theta omega + 0.272 omega^2,2.5430396105e-03,-1.1818216715e-04,-6.5938659266e-02,-1.5388746192e-05,4.9750880325e-03,2.7176980434e-01
40891,2025-01-13 14:00:00,0.014386,0.259675,0.183899,-0.002 1 + 1.001 omega + 0.014 omega^2,-0.005 1 + -0.003 omega + 0.016 omega^2,-5.0680454638e-03,-2.4482315733e-04,-2.6039443128e-03,-1.9562395621e-06,3.2521351534e-05,1.6107514052e-02
40892,2025-01-13 14:05:00,0.174351,22.122163,15.643218,-0.001 1 + 1.002 omega + -0.001 theta omega + 0.086 omega^2,-0.002 1 + 0.010 omega + -0.002 theta omega + 0.164 omega^2,-1.8817033281e-03,-6.2677750795e-05,1.0450825501e-02,4.3574203503e-06,-1.5402696110e-03,1.6403738779e-01
40893,2025-01-13 14:10:00,0.046755,4.640435,3.281449,1.017 omega + 0.001 theta omega + 0.039 omega^2,-0.001 1 + 0.034 omega + 0.002 theta omega + 0.077 omega^2,-6.0613998843e-04,-1.9569041342e-04,3.3973256000e-02,-1.4340871578e-05,2.3592360877e-03,7.7469421508e-02
40894,2025-01-13 14:15:00,nan,nan,nan,-0.002 1 + -0.002 theta + 0.983 omega + -0.009 theta omega + 0.086 omega^2,-0.004 1 + -0.004 theta + -0.031 omega + -0.001 theta^2 + -0.019 theta omega + 0.168 omega^2,-4.1602847645e-03,-4.2656390293e-03,-3.1412736353e-02,-8.8602159838e-04,-1.8928329185e-02,1.6806609976e-01
40895,2025-01-13 14:20:00,nan,nan,nan,0.001 1 + 1.006 omega + -0.002 theta omega + -0.108 omega^2,0.003 1 + -0.001 theta + 0.013 omega + -0.003 theta omega + -0.215 omega^2,2.7468827183e-03,-7.7458901783e-04,1.2975587552e-02,-1.5009709977e-04,-3.0760460436e-03,-2.1462369799e-01
40896,2025-01-13 14:25:00,0.021389,0.510109,0.361018,0.004 1 + 0.977 omega + 0.002 theta omega + -0.029 omega^2,0.008 1 + -0.001 theta + -0.046 omega + 0.005 theta omega + -0.063 omega^2,7.7194817376e-03,-5.2651096457e-04,-4.6464738970e-02,-5.9642049652e-05,4.9519018696e-03,-6.2722011268e-02
40897,2025-01-13 14:30:00,nan,nan,nan,-0.001 1 + -0.001 theta + 1.006 omega + 0.004 theta omega + 0.201 omega^2,-0.003 1 + -0.001 theta + 0.012 omega + 0.008 theta omega + 0.415 omega^2,-2.7492792788e-03,-1.1546369751e-03,1.2228697587e-02,2.8679960065e-04,7.5259560799e-03,4.1499753663e-01
40898,2025-01-13 14:35:00,0.022228,0.610348,0.431868,-0.002 1 + 1.002 omega + 0.064 omega^2,-0.004 1 + 0.005 omega + 0.125 omega^2,-4.1269276271e-03,-2.9413005945e-04,5.3151615159e-03,-2.4398889591e-06,-3.3695582928e-04,1.2469766125e-01
40899,2025-01-13 14:40:00,nan,nan,nan,-0.001 theta + 1.010 omega + -0.005 theta omega + 0.037 omega^2,-0.001 theta + 0.022 omega + -0.010 theta omega + 0.079 omega^2,4.5625564157e-04,-1.1953583833e-03,2.1524649010e-02,3.1605637713e-05,-1.0483080341e-02,7.8875839343e-02
40900,2025-01-13 14:45:00,0.053903,4.773870,3.375851,0.997 omega + -0.039 omega^2,0.001 1 + -0.005 omega + 0.001 theta omega + -0.063 omega^2,9.3432019147e-04,8.2203132909e-05,-4.5277530813e-03,-9.3089129926e-07,6.0287147910e-04,-6.3372902110e-02
40901,2025-01-13 14:50:00,0.049320,2.376800,1.681013,0.002 1 + 0.001 theta + 1.004 omega + 0.001 theta omega + 0.036 omega^2,0.004 1 + 0.002 theta + 0.013 omega + 0.002 theta omega + 0.083 omega^2,3.8628459183e-03,1.5556569322e-03,1.3281962836e-02,1.3800358977e-04,2.1414528457e-03,8.3299354716e-02
40902,2025-01-13 14:55:00,0.032403,3.351822,2.370207,0.002 1 + 1.011 omega + 0.002 theta omega + -0.175 omega^2,0.004 1 + -0.001 theta + 0.022 omega + 0.005 theta omega + -0.343 omega^2,4.4933312224e-03,-6.1384833007e-04,2.1657614799e-02,-5.3753556404e-06,4.7428486885e-03,-3.4269820914e-01
40903,2025-01-13 15:00:00,nan,nan,nan,-0.001 1 + 1.018 omega + 0.001 theta omega + 0.134 omega^2,-0.002 1 + 0.039 omega + 0.001 theta omega + 0.281 omega^2,-2.4304273405e-03,-2.8063589424e-04,3.9238309113e-02,-4.0569389613e-06,1.3220498319e-03,2.8058195633e-01
40904,2025-01-13 15:05:00,0.019349,0.718652,0.508348,-0.001 1 + 1.010 omega + -0.001 theta omega + 0.069 omega^2,-0.001 1 + 0.022 omega + -0.001 theta omega + 0.143 omega^2,-1.4149380243e-03,-2.4933126285e-04,2.2166619848e-02,5.7705349920e-07,-1.2642589289e-03,1.4259155754e-01
40905,2025-01-13 15:10:00,0.105123,12.577823,8.894174,0.001 1 + 0.999 omega + -0.017 omega^2,0.001 1 + -0.017 omega^2,1.2215700069e-03,2.5247166087e-04,-2.3948740938e-04,1.0131256123e-05,-2.6005649294e-04,-1.7263901344e-02
40906,2025-01-13 15:15:00,0.028546,0.951575,0.673168,-0.004 1 + 0.947 omega + -0.004 theta omega + -0.035 omega^2,-0.009 1 + -0.108 omega + -0.008 theta omega + -0.072 omega^2,-8.5359396732e-03,1.3552108296e-04,-1.0788448147e-01,6.8160178157e-05,-7.5671894006e-03,-7.2372663270e-02
40907,2025-01-13 15:20:00,0.061808,2.227892,1.575964,0.002 1 + 0.993 omega + 0.001 theta omega + -0.011 omega^2,0.003 1 + -0.013 omega + 0.001 theta omega + -0.020 omega^2,3.0181824390e-03,-2.5972550800e-04,-1.3425226282e-02,-3.2130972397e-06,1.3281416371e-03,-1.9952629334e-02
40908,2025-01-13 15:25:00,nan,nan,nan,0.001 1 + 0.001 theta + 1.014 omega + 0.004 theta omega + 0.123 omega^2,0.001 1 + 0.002 theta + 0.029 omega + 0.001 theta^2 + 0.008 theta omega + 0.252 omega^2,1.0742639850e-03,2.3821240350e-03,2.8870754804e-02,5.3624575914e-04,8.4911284108e-03,2.5232060151e-01
40909,2025-01-13 15:30:00,nan,nan,nan,0.001 1 + 1.020 omega + 0.001 theta omega + 0.053 omega^2,0.002 1 + 0.044 omega + 0.002 theta omega + 0.124 omega^2,2.0792740300e-03,3.4218714518e-04,4.3902536874e-02,9.3938624383e-06,1.9531453703e-03,1.2393117756e-01
40910,2025-01-13 15:35:00,0.176882,8.276931,5.854010,0.001 1 + 0.987 omega + -0.002 theta omega + -0.048 omega^2,0.002 1 + 0.001 theta + -0.023 omega + -0.005 theta omega + -0.092 omega^2,1.5360881933e-03,9.1632483780e-04,-2.3200958754e-02,1.1852631401e-04,-4.6760129623e-03,-9.1994198218e-02
40911,2025-01-13 15:40:00,0.025209,0.530137,0.375287,-0.001 1 + 1.025 omega + 0.003 theta omega + 0.190 omega^2,-0.003 1 + 0.001 theta + 0.053 omega + 0.007 theta omega + 0.382 omega^2,-2.8225677738e-03,6.3311193038e-04,5.3093490689e-02,7.5817356532e-05,6.5745059840e-03,3.8188860299e-01
40912,2025-01-13 15:45:00,0.064199,3.458519,2.445964,0.995 omega + 0.001 theta omega + -0.009 omega^2,-0.010 omega + 0.001 theta omega + -0.011 omega^2,-3.4253690847e-04,1.7064132830e-04,-1.0181839585e-02,-2.5517238503e-05,1.2054813184e-03,-1.1011665574e-02
40913,2025-01-13 15:50:00,0.065581,3.912896,2.767224,1.019 omega + -0.002 theta omega + -0.098 omega^2,0.040 omega + -0.004 theta omega + -0.202 omega^2,4.9606660789e-04,-1.6005609750e-05,3.9920671213e-02,-6.5519597425e-06,-3.9408936953e-03,-2.0168348023e-01
40914,2025-01-13 15:55:00,0.035578,1.409096,0.996699,-0.001 1 + 1.011 omega + -0.001 theta omega + 0.102 omega^2,-0.002 1 + 0.023 omega + -0.002 theta omega + 0.199 omega^2,-2.1312224931e-03,-3.8921564180e-04,2.2929683310e-02,1.4852935907e-06,-2.3800884662e-03,1.9928217159e-01
40915,2025-01-13 16:00:00,nan,nan,nan,-0.002 1 + 1.001 omega + 0.093 omega^2,-0.004 1 + 0.001 theta + 0.006 omega + 0.197 omega^2,-3.9732855202e-03,5.3872443511e-04,5.8747494179e-03,5.8595664912e-05,2.8248050857e-04,1.9697922052e-01
40916,2025-01-13 16:05:00,0.134944,7.162343,5.065440,1.004 omega + 0.001 theta omega + -0.120 omega^2,0.008 omega + 0.003 theta omega + -0.233 omega^2,5.9642823303e-05,-1.7500028743e-04,8.4600634640e-03,9.9864641293e-05,2.8147989413e-03,-2.3279033105e-01
40917,2025-01-13 16:10:00,0.076014,2.915590,2.062334,-0.003 1 + 1.002 omega + 0.001 theta omega + 0.142 omega^2,-0.006 1 + 0.006 omega + 0.003 theta omega + 0.278 omega^2,-6.1405319810e-03,-4.0401463587e-04,5.5815033364e-03,2.5108229012e-04,2.7087939753e-03,2.7769830700e-01
40918,2025-01-13 16:15:00,nan,nan,nan,-0.001 1 + 0.001 theta + 0.975 omega + -0.003 theta omega + 0.110 omega^2,-0.002 1 + 0.001 theta + -0.048 omega + -0.006 theta omega + 0.223 omega^2,-1.9818694591e-03,1.2838331933e-03,-4.8019905806e-02,1.4832771892e-04,-5.5268798298e-03,2.2328752523e-01
40919,2025-01-13 16:20:00,nan,nan,nan,-0.001 theta + 1.012 omega + 0.006 theta omega + -0.086 omega^2,-0.001 1 + -0.001 theta + 0.025 omega + 0.010 theta omega + -0.163 omega^2,-1.0097126222e-03,-1.0300793249e-03,2.5452035156e-02,1.2339275458e-04,1.0310925152e-02,-1.6330557476e-01
40920,2025-01-13 16:25:00,0.082177,11.727986,8.293142,1.007 omega + 0.001 theta omega + -0.008 omega^2,0.016 omega + 0.002 theta omega + -0.008 omega^2,-2.0140399201e-04,-1.1030335271e-04,1.6353989380e-02,-8.9119437611e-06,1.5688941191e-03,-8.3970563113e-03
40921,2025-01-13 16:30:00,0.024415,1.373429,0.971315,-0.001 1 + 1.001 omega + 0.077 omega^2,-0.002 1 + 0.002 omega + 0.001 theta omega + 0.158 omega^2,-2.4235613534e-03,-4.1851931360e-04,2.3726760323e-03,3.6796677891e-06,9.7623924412e-04,1.5772494106e-01
40922,2025-01-13 16:35:00,0.025928,2.760388,1.951975,0.002 1 + 0.979 omega + 0.079 omega^2,0.005 1 + -0.042 omega + 0.001 theta omega + 0.160 omega^2,4.6573334507e-03,-3.4052800293e-04,-4.1656437835e-02,2.3151924579e-06,9.9168194558e-04,1.6030057528e-01
40923,2025-01-13 16:40:00,0.012117,0.392514,0.277681,0.003 1 + 1.024 omega + 0.001 theta omega + 0.033 omega^2,0.006 1 + 0.050 omega + 0.001 theta omega + 0.066 omega^2,5.8288155880e-03,1.9814422698e-04,5.0317719190e-02,1.7245637387e-06,1.0646863575e-03,6.5965566088e-02
40924,2025-01-13 16:45:00,0.092795,5.298179,3.746953,1.001 omega + -0.001 theta omega + 0.040 omega^2,-0.001 theta + 0.002 omega + -0.002 theta omega + 0.089 omega^2,1.3899603772e-04,-5.2725786492e-04,1.9869023769e-03,4.0908754741e-05,-1.7216062247e-03,8.8721214793e-02
40925,2025-01-13 16:50:00,0.084637,4.518018,3.195282,-0.001 1 + 1.006 omega + 0.001 theta omega + 0.050 omega^2,-0.002 1 + 0.012 omega + 0.002 theta omega + 0.098 omega^2,-1.7328147793e-03,2.8642220267e-04,1.2256372255e-02,6.9428658340e-05,1.9194199094e-03,9.8281032266e-02
40926,2025-01-13 16:55:00,0.114815,3.898330,2.757731,0.001 1 + -0.001 theta + 0.998 omega + 0.002 theta omega + 0.045 omega^2,0.003 1 + -0.003 theta + -0.003 omega + 0.003 theta omega + 0.092 omega^2,2.7011840327e-03,-2.7740133923e-03,-3.1478741639e-03,2.3349383615e-04,3.0495984203e-03,9.1744248243e-02
40927,2025-01-13 17:00:00,0.026310,0.513957,0.363898,-0.019 1 + -0.001 theta + 0.908 omega + -0.003 theta omega + -0.058 omega^2,-0.038 1 + -0.002 theta + -0.184 omega + -0.007 theta omega + -0.115 omega^2,-3.8352836555e-02,-2.2422234529e-03,-1.8417531340e-01,-2.5041527564e-05,-6.8067911250e-03,-1.1548385225e-01
40928,2025-01-13 17:05:00,nan,nan,nan,0.999 omega + 0.001 theta omega + -0.010 omega^2,0.001 1 + -0.002 omega + 0.003 theta omega + -0.017 omega^2,7.2442757962e-04,2.7977586791e-04,-1.9998653909e-03,-1.9651649640e-04,3.0023862280e-03,-1.7293221085e-02
40929,2025-01-13 17:10:00,0.069729,5.868427,4.149897,0.001 1 + 0.977 omega + -0.001 theta omega + -0.100 omega^2,0.001 1 + -0.043 omega + -0.001 theta omega + -0.194 omega^2,1.4161146081e-03,3.6105245185e-04,-4.2922437222e-02,1.7850497628e-05,-1.3812697069e-03,-1.9389576965e-01
40930,2025-01-13 17:15:00,nan,nan,nan,-0.005 1 + 0.933 omega + 0.001 theta omega + -0.255 omega^2,-0.009 1 + -0.130 omega + 0.003 theta omega + -0.507 omega^2,-9.2207573058e-03,3.5339129108e-04,-1.3032269969e-01,-2.0786743412e-06,2.6457572511e-03,-5.0662613448e-01
40931,2025-01-13 17:20:00,0.051955,1.432448,1.013560,0.997 omega + 0.005 omega^2,-0.001 1 + -0.006 omega + 0.016 omega^2,-9.3547360147e-04,-4.7382224134e-04,-5.7749533340e-03,-1.0799334612e-05,-3.8707454677e-04,1.6107313467e-02
40932,2025-01-13 17:25:00,0.029328,0.965879,0.683294,0.001 1 + 1.005 omega + -0.002 theta omega + -0.013 omega^2,0.002 1 + 0.011 omega + -0.003 theta omega + -0.044 omega^2,1.7769440264e-03,-2.7075536355e-04,1.0683128926e-02,-4.3644273080e-05,-3.2023578834e-03,-4.4110502579e-02
40933,2025-01-13 17:30:00,0.073910,3.512351,2.484157,1.003 omega + -0.001 theta omega + 0.031 omega^2,-0.001 theta + 0.007 omega + -0.001 theta omega + 0.059 omega^2,-4.3867437558e-04,-7.7075293087e-04,7.4558598029e-03,1.1297824069e-04,-1.2546560854e-03,5.9176843375e-02
40934,2025-01-13 17:35:00,0.412773,40.664770,28.755816,0.001 1 + 1.045 omega + 0.004 theta omega + 0.009 omega^2,0.002 1 + -0.001 theta + 0.091 omega + 0.008 theta omega + 0.021 omega^2,2.0068736897e-03,-7.6057120372e-04,9.0732255832e-02,-7.1738941803e-05,7.9162630580e-03,2.1071696847e-02
40935,2025-01-13 17:40:00,nan,nan,nan,-0.002 1 + 0.972 omega + -0.003 theta omega + -0.040 omega^2,-0.004 1 + -0.001 theta + -0.051 omega + -0.006 theta omega + -0.061 omega^2,-4.4007374533e-03,-8.1245938301e-04,-5.0525660650e-02,-2.9388563081e-05,-6.0441161306e-03,-6.0926124433e-02
40936,2025-01-13 17:45:00,0.119224,6.588591,4.659600,0.002 1 + -0.001 theta + 0.999 omega + 0.001 theta omega + -0.126 omega^2,0.004 1 + -0.001 theta + -0.001 omega + 0.002 theta omega + -0.249 omega^2,3.6278258585e-03,-1.1346247525e-03,-9.4572730635e-04,-1.3201430514e-04,1.8526980407e-03,-2.4930667302e-01
40937,2025-01-13 17:50:00,0.034208,2.570965,1.818108,0.001 1 + 0.985 omega + -0.001 theta omega + 0.100 omega^2,0.002 1 + -0.028 omega + -0.001 theta omega + 0.204 omega^2,2.1769115677e-03,2.9647397958e-05,-2.7766156785e-02,1.5998141485e-06,-1.3113270948e-03,2.0395723615e-01
40938,2025-01-13 17:55:00,0.060607,2.465589,1.743961,1.007 omega + 0.001 theta omega + 0.029 omega^2,0.016 omega + 0.001 theta omega + 0.057 omega^2,-4.8057347803e-04,-3.4499276152e-04,1.5940378021e-02,-1.4479230646e-05,9.6433426125e-04,5.6820819549e-02
40939,2025-01-13 18:00:00,0.046532,3.085012,2.181681,-0.001 1 + 1.001 omega + 0.064 omega^2,-0.001 1 + 0.002 omega + 0.136 omega^2,-1.4755936867e-03,-1.6499221879e-04,2.4186909059e-03,2.5009551045e-05,3.8986120667e-04,1.3616438357e-01
40940,2025-01-13 18:05:00,nan,nan,nan,-0.002 1 + 0.001 theta + 1.016 omega + -0.002 theta omega + -0.040 omega^2,-0.005 1 + 0.002 theta + 0.033 omega + -0.004 theta omega + -0.077 omega^2,-5.0192166739e-03,2.0599413174e-03,3.3475320124e-02,-1.8353416355e-04,-3.9857379385e-03,-7.7170840904e-02
40941,2025-01-13 18:10:00,0.355372,18.853703,13.333949,-0.001 1 + 1.000 omega + -0.001 theta omega + 0.086 omega^2,-0.003 1 + -0.001 theta + -0.002 theta omega + 0.173 omega^2,-2.9770130630e-03,-6.7129586154e-04,2.9986595539e-05,-2.8806312492e-05,-2.0392031878e-03,1.7270658183e-01
40942,2025-01-13 18:15:00,0.077098,9.925521,7.018615,0.002 1 + 1.007 omega + 0.002 theta omega + -0.095 omega^2,0.003 1 + 0.014 omega + 0.003 theta omega + -0.181 omega^2,3.3611200702e-03,1.5115265993e-04,1.4246305349e-02,1.7477808600e-06,3.4764124184e-03,-1.8100461940e-01
40943,2025-01-13 18:20:00,0.052530,2.778486,1.965037,0.999 omega + 0.001 theta omega + -0.065 omega^2,-0.002 omega + 0.001 theta omega + -0.136 omega^2,-7.5318467183e-05,-2.9557911568e-04,-1.5852739503e-03,2.5026970722e-05,1.2581204271e-03,-1.3565960232e-01
40944,2025-01-13 18:25:00,0.050325,3.191341,2.256899,1.000 omega + -0.001 theta omega + 0.011 omega^2,-0.001 1 + 0.001 omega + -0.001 theta omega + 0.021 omega^2,-8.4359470139e-04,-6.1932843946e-06,8.5611325610e-04,1.1483395625e-05,-1.3556825579e-03,2.1337852211e-02
40945,2025-01-13 18:30:00,0.030322,0.651984,0.461520,-0.041 1 + -0.001 theta + 0.842 omega + -0.003 theta omega + -0.033 omega^2,-0.081 1 + -0.002 theta + -0.312 omega + -0.007 theta omega + -0.059 omega^2,-8.1190082504e-02,-2.2981110188e-03,-3.1176545318e-01,-9.9553206680e-06,-6.6301168038e-03,-5.8749003016e-02
40946,2025-01-13 18:35:00,nan,nan,nan,0.999 omega + -0.002 theta omega + 0.034 omega^2,-0.001 1 + -0.005 theta omega + 0.093 omega^2,-6.6070500866e-04,-1.6441416812e-04,-2.3062380508e-04,3.7213958327e-05,-5.3714866675e-03,9.2719512843e-02
40947,2025-01-13 18:40:00,0.492204,50.625939,35.799637,0.004 1 + 1.001 omega + 0.001 theta omega + -0.127 omega^2,0.008 1 + 0.006 omega + 0.003 theta omega + -0.235 omega^2,8.0673483188e-03,3.9040560437e-04,5.7831698471e-03,-1.6227644981e-06,2.6149317107e-03,-2.3521143204e-01
40948,2025-01-13 18:45:00,0.040533,1.176324,0.832280,-0.001 1 + 0.997 omega + -0.001 theta omega + 0.068 omega^2,-0.002 1 + -0.001 theta + -0.006 omega + -0.001 theta omega + 0.131 omega^2,-2.1858354885e-03,-5.7276479080e-04,-5.7282365758e-03,-1.6053945843e-05,-1.1950269077e-03,1.3136862175e-01
40949,2025-01-13 18:50:00,0.107167,4.280450,3.027683,0.001 1 + 0.001 theta + 1.000 omega + 0.002 omega^2,0.003 1 + 0.001 theta + 0.001 omega + -0.001 theta omega + -0.010 omega^2,2.6245456277e-03,1.1819653794e-03,5.1424609520e-04,1.2421440777e-04,-7.8461162126e-04,-1.0035254427e-02
40950,2025-01-13 18:55:00,0.060403,2.666758,1.886167,0.997 omega + -0.001 theta omega + -0.007 omega^2,0.001 1 + -0.004 omega + -0.002 theta omega + -0.021 omega^2,8.4471672939e-04,4.5405869212e-04,-4.4606806102e-03,-2.5604203229e-04,-2.1131439517e-03,-2.1218827076e-02
40951,2025-01-13 19:00:00,0.051118,3.565359,2.521348,1.006 omega + 0.049 omega^2,0.013 omega + -0.001 theta omega + 0.103 omega^2,-7.2718807739e-05,-2.7733767792e-04,1.3372043712e-02,-2.8547677261e-05,-1.1744051409e-03,1.0285710085e-01
40952,2025-01-13 19:05:00,0.028717,0.732942,0.518666,0.001 1 + 0.998 omega + -0.013 omega^2,0.003 1 + -0.004 omega + -0.021 omega^2,2.5733467568e-03,-2.8330743427e-04,-3.8762928259e-03,2.7822981348e-07,2.5113920263e-04,-2.0673996943e-02
40953,2025-01-13 19:10:00,nan,nan,nan,0.011 1 + 0.002 theta + 1.075 omega + 0.007 theta omega + 0.105 omega^2,0.023 1 + 0.005 theta + 0.154 omega + 0.014 theta omega + 0.212 omega^2,2.2505690783e-02,4.8679479883e-03,1.5367984862e-01,2.5689080272e-04,1.4094118188e-02,2.1206873396e-01
40954,2025-01-13 19:15:00,0.047262,0.933383,0.660847,-0.002 1 + 0.002 theta + 1.005 omega + -0.001 theta omega + -0.156 omega^2,-0.004 1 + 0.004 theta + 0.011 omega + -0.002 theta omega + -0.316 omega^2,-3.5859849921e-03,3.9624750347e-03,1.1266512817e-02,-4.0446689976e-04,-1.6742561236e-03,-3.1602516328e-01
40955,2025-01-13 19:20:00,0.026608,1.131608,0.800389,1.001 omega + -0.002 theta omega + 0.074 omega^2,-0.001 theta + 0.004 omega + -0.003 theta omega + 0.147 omega^2,3.0493017871e-04,-6.1320956623e-04,3.8535728031e-03,6.8043975655e-05,-3.3674099014e-03,1.4660326603e-01
40956,2025-01-13 19:25:00,0.015256,0.545133,0.385618,0.997 omega + 0.001 theta omega + -0.081 omega^2,-0.001 1 + -0.006 omega + 0.001 theta omega + -0.162 omega^2,-8.3121311826e-04,1.0422782987e-05,-5.5497299899e-03,6.6652633044e-06,1.1709018673e-03,-1.6230532740e-01
40957,2025-01-13 19:30:00,0.102880,5.978487,4.228055,1.007 omega + -0.004 theta omega + 0.158 omega^2,0.015 omega + -0.007 theta omega + 0.315 omega^2,3.9854654209e-04,-2.2349713265e-04,1.5445378987e-02,-3.4220677357e-06,-7.2037710168e-03,3.1463086095e-01
40958,2025-01-13 19:35:00,0.059127,2.326212,1.645412,-0.001 1 + 1.010 omega + 0.081 omega^2,-0.002 1 + 0.021 omega + 0.161 omega^2,-2.2821550536e-03,-3.2139040877e-04,2.1009614729e-02,-4.6807250103e-06,-4.3127967654e-05,1.6089586953e-01
40959,2025-01-13 19:40:00,0.024630,1.505557,1.064732,0.992 omega + 0.001 theta omega + 0.003 omega^2,0.001 1 + -0.015 omega + 0.003 theta omega + 0.012 omega^2,9.2779719145e-04,-2.8856670893e-04,-1.5488034195e-02,7.2528478446e-06,2.5792867728e-03,1.2329362144e-02
40960,2025-01-13 19:45:00,0.073026,3.271474,2.313858,0.002 1 + 0.001 theta + 1.001 omega + -0.064 omega^2,0.004 1 + 0.002 theta + 0.001 omega + -0.001 theta omega + -0.132 omega^2,4.2730200368e-03,1.6007515335e-03,9.8051914148e-04,1.6023962153e-04,-9.1893375059e-04,-1.3194907889e-01
40961,2025-01-13 19:50:00,nan,nan,nan,0.004 1 + 0.966 omega + 0.002 theta omega + 0.041 omega^2,0.006 1 + -0.062 omega + 0.003 theta omega + 0.076 omega^2,6.2620687235e-03,-3.0358739618e-04,-6.2456040510e-02,-1.9894970881e-06,2.9110160432e-03,7.5664856437e-02
40962,2025-01-13 19:55:00,0.206354,9.072233,6.416696,1.001 omega + 0.009 omega^2,0.002 omega + 0.001 theta omega + 0.009 omega^2,4.9174576674e-04,-1.3829860280e-04,2.2375821268e-03,-7.4826483498e-05,1.1926454988e-03,9.4340787525e-03
40963,2025-01-13 20:00:00,0.073249,2.692118,1.904319,-0.001 1 + 0.997 omega + 0.080 omega^2,-0.001 1 + -0.004 omega + 0.170 omega^2,-1.3796590769e-03,-2.6754637461e-04,-4.3037738436e-03,6.4541116496e-05,-4.9288502764e-04,1.7040415974e-01
40964,2025-01-13 20:05:00,0.127192,6.151388,4.350618,0.001 1 + 0.983 omega + 0.005 theta omega + -0.002 omega^2,0.003 1 + -0.034 omega + 0.010 theta omega + -0.002 omega^2,2.8635038802e-03,-4.5803163631e-04,-3.4112721150e-02,-7.2440921163e-05,1.0062653008e-02,-1.7418635056e-03
40965,2025-01-13 20:10:00,0.045554,3.300301,2.333888,-0.001 1 + 0.985 omega + 0.002 theta omega + 0.138 omega^2,-0.002 1 + -0.029 omega + 0.004 theta omega + 0.270 omega^2,-1.7643977045e-03,3.4603852737e-04,-2.9403220883e-02,-6.0037518385e-05,3.9994063061e-03,2.6964005794e-01
40966,2025-01-13 20:15:00,0.044951,1.358360,0.961032,-0.002 1 + 0.990 omega + -0.002 theta omega + 0.083 omega^2,-0.003 1 + -0.001 theta + -0.018 omega + -0.004 theta omega + 0.157 omega^2,-3.0012552642e-03,-6.4740201389e-04,-1.8172695108e-02,2.7546226497e-05,-3.8873883347e-03,1.5697621246e-01
40967,2025-01-13 20:20:00,nan,nan,nan,1.013 omega + -0.005 theta omega + 0.163 omega^2,-0.001 theta + 0.026 omega + -0.010 theta omega + 0.325 omega^2,-3.9361180886e-04,-9.6396914797e-04,2.6376078607e-02,4.3312527592e-06,-1.0335991973e-02,3.2507340529e-01
40968,2025-01-13 20:25:00,nan,nan,nan,1.005 omega + 0.002 theta omega + -0.145 omega^2,-0.001 theta + 0.011 omega + 0.004 theta omega + -0.290 omega^2,9.6604483405e-05,-9.7767601883e-04,1.0725757812e-02,-8.2766829942e-05,3.7521436390e-03,-2.9005739430e-01
40969,2025-01-13 20:30:00,0.020246,3.058912,2.163025,0.001 1 + 1.004 omega + 0.001 theta omega + -0.060 omega^2,0.002 1 + 0.008 omega + 0.001 theta omega + -0.116 omega^2,2.3302903580e-03,-1.9492146180e-04,7.9552173295e-03,-7.1446015159e-06,1.0568266873e-03,-1.1630793833e-01
40970,2025-01-13 20:35:00,nan,nan,nan,1.006 omega + -0.002 theta omega + -0.082 omega^2,0.001 1 + 0.001 theta + 0.013 omega + -0.003 theta omega + -0.166 omega^2,5.5184117683e-04,6.8187579139e-04,1.2964435224e-02,-1.4857324539e-04,-3.0233898603e-03,-1.6601612624e-01
40971,2025-01-13 20:40:00,0.163975,4.716456,3.337053,0.994 omega + 0.001 theta omega + -0.009 omega^2,-0.009 omega + 0.002 theta omega + -0.018 omega^2,1.1232791670e-04,2.4813318427e-04,-8.6017468284e-03,-2.7465573122e-05,1.6906001949e-03,-1.8373269127e-02
40972,2025-01-13 20:45:00,0.219546,19.335352,13.673040,-0.001 1 + 1.004 omega + -0.001 theta omega + 0.084 omega^2,-0.002 1 + 0.010 omega + -0.002 theta omega + 0.149 omega^2,-1.6757454806e-03,1.6688760571e-04,9.7466051317e-03,3.0205602450e-06,-2.3677706048e-03,1.4893210309e-01
40973,2025-01-13 20:50:00,0.025326,0.906877,0.641509,-0.001 1 + 1.001 omega + 0.035 omega^2,-0.001 1 + 0.003 omega + 0.057 omega^2,-8.5273898978e-04,-7.1921963415e-05,2.5060379391e-03,-6.4448031103e-06,-4.5347656755e-04,5.6605107220e-02
40974,2025-01-13 20:55:00,nan,nan,nan,-0.005 1 + -0.001 theta + 0.982 omega + -0.003 theta omega + 0.117 omega^2,-0.010 1 + -0.002 theta + -0.034 omega + -0.007 theta omega + 0.242 omega^2,-1.0026707114e-02,-2.1843508913e-03,-3.4003664842e-02,-9.7133202070e-05,-6.7218727290e-03,2.4204606601e-01
40975,2025-01-13 21:00:00,nan,nan,nan,0.001 1 + 0.999 omega + 0.001 theta omega + -0.118 omega^2,0.002 1 + 0.001 omega + 0.003 theta omega + -0.226 omega^2,1.8234508838e-03,2.2443600906e-04,8.3311566002e-04,-1.7713024174e-06,2.8921470301e-03,-2.2580480646e-01
40976,2025-01-13 21:05:00,0.018102,0.349763,0.247651,0.002 1 + 1.001 omega + -0.009 omega^2,0.003 1 + 0.001 theta + 0.001 omega + -0.021 omega^2,3.0642312313e-03,7.6628837449e-04,7.1674239729e-04,4.0802507556e-05,-7.9336304475e-05,-2.0870803174e-02
40977,2025-01-13 21:10:00,0.034190,0.674007,0.477208,0.009 1 + 0.903 omega + 0.006 theta omega + 0.035 omega^2,0.019 1 + -0.001 theta + -0.194 omega + 0.012 theta omega + 0.059 omega^2,1.9139156359e-02,-7.0172756744e-04,-1.9415165257e-01,-3.5239082165e-05,1.1687790892e-02,5.9211782816e-02
40978,2025-01-13 21:15:00,nan,nan,nan,0.003 1 + 0.001 theta + 1.006 omega + 0.001 theta omega + 0.001 omega^2,0.005 1 + 0.001 theta + 0.014 omega + 0.002 theta omega + 0.007 omega^2,5.1624149499e-03,1.3159091360e-03,1.3846574058e-02,5.9961615148e-05,1.5014747857e-03,6.5614231560e-03
40979,2025-01-13 21:20:00,0.045872,1.650192,1.167313,-0.001 1 + 1.004 omega + -0.001 theta omega + 0.098 omega^2,-0.001 1 + -0.001 theta + 0.009 omega + -0.002 theta omega + 0.189 omega^2,-1.4791863004e-03,-5.0233361345e-04,9.3554949101e-03,-1.7037292491e-05,-1.7260610687e-03,1.8863304586e-01
40980,2025-01-13 21:25:00,nan,nan,nan,0.001 1 + 1.009 omega + -0.150 omega^2,0.002 1 + 0.018 omega + 0.001 theta omega + -0.292 omega^2,1.8860332065e-03,-4.0917799840e-04,1.8485421939e-02,1.7487739160e-05,7.9785643926e-04,-2.9198276656e-01
40981,2025-01-13 21:30:00,0.032074,1.619191,1.145166,-0.001 1 + 1.008 omega + 0.047 omega^2,-0.001 1 + 0.016 omega + -0.001 theta omega + 0.090 omega^2,-9.9022133026e-04,-1.6248906298e-04,1.5694806506e-02,1.2979476660e-06,-6.3712413935e-04,8.9668309620e-02
40982,2025-01-13 21:35:00,0.023679,1.557019,1.101106,0.001 1 + 1.024 omega + -0.110 omega^2,0.002 1 + 0.049 omega + -0.001 theta omega + -0.225 omega^2,2.4056729879e-03,-4.1294813483e-04,4.9486650749e-02,1.1085734169e-05,-7.8691651629e-04,-2.2499695943e-01
40983,2025-01-13 21:40:00,0.042223,2.118571,1.498354,-0.001 1 + 1.003 omega + -0.001 theta omega + 0.039 omega^2,-0.001 1 + 0.007 omega + -0.001 theta omega + 0.075 omega^2,-1.3993557500e-03,-3.3576502232e-04,7.4072815891e-03,-4.7683128099e-06,-1.1594202547e-03,7.4965805112e-02
40984,2025-01-13 21:45:00,0.061015,4.803407,3.396796,1.012 omega + -0.001 theta omega + -0.044 omega^2,0.025 omega + -0.001 theta omega + -0.099 omega^2,4.2614468756e-04,-2.5319707251e-04,2.4928771140e-02,2.2551273190e-05,-1.1284738616e-03,-9.9106410498e-02
40985,2025-01-13 21:50:00,0.056023,1.830744,1.295138,0.001 1 + 1.000 omega + -0.001 theta omega + 0.022 omega^2,0.001 1 + -0.001 theta + -0.001 theta omega + 0.030 omega^2,1.3215290274e-03,-8.8962799253e-04,4.5829025084e-04,3.1741695079e-05,-1.4180969609e-03,2.9646280664e-02
40986,2025-01-13 21:55:00,0.181652,6.129974,4.336449,-0.004 1 + 0.961 omega + -0.003 theta omega + -0.014 omega^2,-0.007 1 + -0.069 omega + -0.005 theta omega + -0.028 omega^2,-6.9571400350e-03,-4.3112731261e-04,-6.9339597114e-02,3.4437336522e-06,-4.6143344259e-03,-2.7870092195e-02
40987,2025-01-13 22:00:00,0.046446,1.551660,1.097680,0.002 1 + 0.001 theta + 0.997 omega + 0.005 omega^2,0.004 1 + 0.001 theta + -0.003 omega + 0.017 omega^2,3.6870811383e-03,1.1343014493e-03,-2.6888062832e-03,5.9807368800e-05,3.4615382373e-04,1.6716838321e-02
40988,2025-01-13 22:05:00,0.082978,3.019063,2.135606,-0.001 1 + 0.999 omega + 0.107 omega^2,-0.002 1 + 0.001 theta + 0.001 omega + 0.214 omega^2,-1.5698878407e-03,5.8642034361e-04,1.1734230427e-03,-5.9563969145e-05,-4.7508039075e-04,2.1387027142e-01
40989,2025-01-13 22:10:00,0.370092,10.280798,7.274331,0.998 omega + -0.001 theta omega + 0.012 omega^2,-0.003 omega + -0.002 theta omega + 0.038 omega^2,4.1143731450e-04,1.7904869905e-04,-3.3276473095e-03,1.6757594810e-05,-1.6027287173e-03,3.7750580244e-02
40990,2025-01-13 22:15:00,0.073239,7.235456,5.116502,0.999 omega + -0.012 omega^2,-0.013 omega^2,2.0800421776e-04,9.0845937591e-05,3.5650401632e-04,4.5439296614e-06,4.2477220482e-04,-1.3170368751e-02
40991,2025-01-13 22:20:00,0.040146,1.724597,1.219804,-0.001 1 + 0.991 omega + -0.033 omega^2,-0.002 1 + -0.014 omega + -0.057 omega^2,-2.0555989315e-03,-2.2950122292e-04,-1.3914253228e-02,-5.4019753863e-06,-1.5250847650e-04,-5.7296307242e-02
40992,2025-01-13 22:25:00,nan,nan,nan,-0.003 1 + -0.002 theta + 0.985 omega + -0.003 theta omega + -0.112 omega^2,-0.005 1 + -0.003 theta + -0.028 omega + -0.005 theta omega + -0.225 omega^2,-5.0882151831e-03,-3.0636279965e-03,-2.7713472529e-02,-2.2830034023e-04,-5.2326300879e-03,-2.2526791990e-01
40993,2025-01-13 22:30:00,nan,nan,nan,0.001 1 + 1.012 omega + -0.003 theta omega + 0.052 omega^2,0.001 1 + -0.001 theta + 0.024 omega + -0.006 theta omega + 0.101 omega^2,1.1905351263e-03,-8.7265784183e-04,2.4150054557e-02,9.9561401940e-07,-5.8702345814e-03,1.0101572654e-01
40994,2025-01-13 22:35:00,0.079418,13.133694,9.287094,0.983 omega + 0.002 theta omega + -0.175 omega^2,-0.031 omega + 0.005 theta omega + -0.339 omega^2,3.0572038196e-04,3.5254679331e-04,-3.0913693422e-02,-9.7513032908e-06,4.6544062956e-03,-3.3919789902e-01
40995,2025-01-13 22:40:00,0.017074,1.681168,1.188826,-0.007 1 + 0.922 omega + -0.001 theta omega + -0.198 omega^2,-0.014 1 + -0.152 omega + -0.002 theta omega + -0.394 omega^2,-1.3608295703e-02,-1.9686103462e-04,-1.5234721118e-01,2.1043576657e-06,-1.7318073476e-03,-3.9379132379e-01
40996,2025-01-13 22:45:00,0.012909,0.214464,0.151923,0.001 1 + 1.012 omega + 0.013 omega^2,0.004 1 + 0.038 omega + 0.001 theta omega + 0.061 omega^2,3.9292327112e-03,9.5187527447e-05,3.7564861061e-02,-4.0803283754e-07,8.9954736811e-04,6.1110416329e-02
40997,2025-01-13 22:50:00,0.030700,1.141906,0.807742,0.001 1 + 1.002 omega + -0.001 theta omega + -0.127 omega^2,0.001 1 + 0.001 theta + 0.006 omega + -0.001 theta omega + -0.259 omega^2,1.3129547585e-03,6.5772844150e-04,5.8287026347e-03,-8.3694639036e-05,-1.1596908620e-03,-2.5868614868e-01
40998,2025-01-13 22:55:00,0.170881,5.261944,3.722718,1.004 omega + -0.001 theta omega + -0.058 omega^2,0.001 1 + -0.001 theta + 0.009 omega + -0.002 theta omega + -0.099 omega^2,7.6811419650e-04,-6.7757075725e-04,9.2148118427e-03,-1.0432282573e-05,-1.6487176195e-03,-9.8883201318e-02
40999,2025-01-13 23:00:00,nan,nan,nan,-0.001 1 + 0.994 omega + -0.005 theta omega + 0.116 omega^2,-0.002 1 + -0.001 theta + -0.011 omega + -0.010 theta omega + 0.233 omega^2,-2.1033801959e-03,-7.1677629935e-04,-1.0543714977e-02,1.5828426897e-05,-1.0080040900e-02,2.3324426383e-01
