Chunk_Index,Chunk_Start_Time,Sim_RMSE_Omega,Sim_RMSE_Theta,Sim_RMSE_Total,Eq_Theta,Eq_Omega,Coeff_Const,Coeff_Theta,Coeff_Omega,Coeff_Theta2,Coeff_ThetaOmega,Coeff_Omega2
19000,2024-10-24 23:45:00,nan,nan,nan,0.005 1 + 0.935 omega + 0.005 theta omega + 0.041 omega^2,0.010 1 + -0.129 omega + 0.009 theta omega + 0.087 omega^2,1.0054680302e-02,-1.8950716987e-04,-1.2941301512e-01,-4.4506084524e-05,9.4180604019e-03,8.6823168457e-02
19001,2024-10-24 23:50:00,0.083796,2.838353,2.007893,0.002 1 + 0.966 omega + 0.004 theta omega + 0.078 omega^2,0.003 1 + -0.069 omega + 0.007 theta omega + 0.159 omega^2,3.3652869778e-03,-4.7962195003e-04,-6.8538870389e-02,-8.7053081180e-06,7.4329344342e-03,1.5916038455e-01
19002,2024-10-24 23:55:00,0.041897,3.967354,2.805499,1.002 omega + -0.004 theta omega + 0.127 omega^2,0.004 omega + -0.008 theta omega + 0.255 omega^2,2.8186119251e-04,-1.4824308730e-04,4.4949536483e-03,5.6246930109e-05,-8.2361588712e-03,2.5485891738e-01
19003,2024-10-25 00:00:00,0.036750,1.601205,1.132521,-0.005 1 + 1.021 omega + -0.001 theta omega + -0.018 omega^2,-0.011 1 + 0.001 theta + 0.050 omega + -0.002 theta omega + -0.048 omega^2,-1.1135460654e-02,8.6553619786e-04,4.9863865138e-02,-1.5318768368e-05,-1.7632176415e-03,-4.8240302670e-02
19004,2024-10-25 00:05:00,nan,nan,nan,0.003 1 + 0.001 theta + 1.032 omega + 0.002 theta omega + 0.150 omega^2,0.006 1 + 0.003 theta + 0.064 omega + 0.004 theta omega + 0.308 omega^2,6.3345530312e-03,2.6771501380e-03,6.3629947347e-02,1.4736535725e-04,4.2771830297e-03,3.0827218480e-01
19005,2024-10-25 00:10:00,nan,nan,nan,-0.001 1 + 0.999 omega + 0.067 omega^2,-0.002 1 + -0.001 theta + -0.001 omega + 0.001 theta^2 + -0.001 theta omega + 0.129 omega^2,-2.3938503128e-03,-6.9658588064e-04,-5.1383759930e-04,9.9710730447e-04,-8.8417972998e-04,1.2897954911e-01
19006,2024-10-25 00:15:00,0.027012,0.836334,0.591686,1.003 omega + -0.007 omega^2,0.006 omega + 0.001 theta omega + -0.011 omega^2,-5.4797541900e-05,-3.5910819949e-04,6.4603519555e-03,4.1861187842e-06,8.9958870598e-04,-1.1018787785e-02
19007,2024-10-25 00:20:00,nan,nan,nan,0.003 1 + 0.960 omega + 0.002 theta omega + 0.127 omega^2,0.006 1 + -0.076 omega + 0.005 theta omega + 0.245 omega^2,5.7443286590e-03,-4.1236245944e-04,-7.6216770931e-02,-5.4705855119e-06,4.6198665831e-03,2.4512951842e-01
19008,2024-10-25 00:25:00,0.104288,4.539148,3.210509,0.001 1 + 1.004 omega + 0.001 theta omega + -0.002 omega^2,0.002 1 + 0.001 theta + 0.009 omega + 0.002 theta omega + 0.002 omega^2,1.9284173635e-03,7.1039987007e-04,9.2518962444e-03,5.7263188171e-05,1.5143516584e-03,1.6745306927e-03
19009,2024-10-25 00:30:00,0.060300,1.545737,1.093833,-0.001 1 + 1.000 omega + 0.002 theta omega + -0.119 omega^2,-0.002 1 + -0.001 theta + 0.001 omega + 0.003 theta omega + -0.235 omega^2,-1.5836077064e-03,-8.6578435260e-04,7.9801185364e-04,2.3820861205e-04,3.2171531493e-03,-2.3513256735e-01
19010,2024-10-25 00:35:00,0.114437,6.625322,4.685509,1.001 omega + -0.026 omega^2,-0.001 1 + 0.004 omega + -0.049 omega^2,-8.9984280337e-04,-2.9506029519e-04,3.6947446578e-03,7.3437105827e-06,-4.1679296168e-04,-4.8754259079e-02
19011,2024-10-25 00:40:00,0.032143,1.177175,0.832699,-0.003 1 + 1.009 omega + -0.001 theta omega + 0.111 omega^2,-0.005 1 + 0.019 omega + -0.002 theta omega + 0.224 omega^2,-4.9866763573e-03,-4.8621030906e-04,1.8518950402e-02,-3.2924973365e-06,-1.8905496888e-03,2.2419690353e-01
19012,2024-10-25 00:45:00,0.057613,2.979642,2.107319,0.004 1 + 0.001 theta + 1.024 omega + 0.002 theta omega + -0.012 omega^2,0.010 1 + 0.001 theta + 0.055 omega + 0.004 theta omega + -0.009 omega^2,9.6771170817e-03,1.1316466674e-03,5.4852538484e-02,2.8639590286e-05,3.5572799983e-03,-8.5928275417e-03
19013,2024-10-25 00:50:00,0.279518,21.174023,14.973600,1.003 omega + -0.002 omega^2,-0.001 1 + 0.010 omega + 0.003 omega^2,-8.6333987491e-04,-1.8787181446e-04,1.0295990234e-02,-9.1617110748e-06,4.0704558489e-04,2.6979046425e-03
19014,2024-10-25 00:55:00,nan,nan,nan,0.010 1 + 0.002 theta + 1.045 omega + 0.004 theta omega + -0.033 omega^2,0.021 1 + 0.004 theta + 0.092 omega + 0.008 theta omega + -0.062 omega^2,2.0747535160e-02,3.8935143126e-03,9.1722239242e-02,1.7769591425e-04,8.1128461604e-03,-6.2379289750e-02
19015,2024-10-25 01:00:00,0.014633,0.595442,0.421168,-0.006 1 + 0.954 omega + -0.096 omega^2,-0.011 1 + -0.088 omega + -0.186 omega^2,-1.1066264335e-02,-1.0606929528e-04,-8.7506272610e-02,-1.5452484450e-06,-6.7449198393e-06,-1.8567000498e-01
19016,2024-10-25 01:05:00,0.079767,11.257690,7.960589,0.003 1 + 1.022 omega + 0.001 theta omega + 0.022 omega^2,0.006 1 + 0.050 omega + 0.002 theta omega + 0.054 omega^2,6.2035213962e-03,1.7284366809e-04,4.9946349567e-02,-2.4567635124e-06,1.5828615312e-03,5.3866681276e-02
19017,2024-10-25 01:10:00,nan,nan,nan,0.006 1 + 1.020 omega + 0.002 theta omega + -0.051 omega^2,0.012 1 + 0.001 theta + 0.041 omega + 0.003 theta omega + -0.098 omega^2,1.2058809560e-02,9.2058425210e-04,4.1262127466e-02,1.1056628681e-05,3.1143120135e-03,-9.8168423408e-02
19018,2024-10-25 01:15:00,0.514815,47.575168,33.642693,0.003 1 + 0.995 omega + 0.001 theta omega + -0.110 omega^2,0.006 1 + 0.001 theta + -0.003 omega + 0.002 theta omega + -0.195 omega^2,6.2758477216e-03,6.0342059743e-04,-2.7996806211e-03,8.9440781214e-06,2.0431111755e-03,-1.9506084780e-01
19019,2024-10-25 01:20:00,0.118847,3.402050,2.407080,0.001 1 + 1.004 omega + -0.002 theta omega + -0.063 omega^2,0.003 1 + -0.001 theta + 0.009 omega + -0.004 theta omega + -0.119 omega^2,2.5025293291e-03,-8.4506551294e-04,8.7138348659e-03,-8.0759356330e-05,-3.8779546946e-03,-1.1866421320e-01
19020,2024-10-25 01:25:00,5.223141,267.175625,188.957794,0.004 1 + 1.008 omega + 0.002 theta omega + -0.091 omega^2,0.008 1 + 0.001 theta + 0.019 omega + 0.003 theta omega + -0.172 omega^2,8.4361612112e-03,7.8881902326e-04,1.8992420043e-02,9.9272467883e-06,3.0205185560e-03,-1.7239840665e-01
19021,2024-10-25 01:30:00,0.361367,9.718956,6.877089,0.001 1 + 0.997 omega + -0.001 theta omega + -0.011 omega^2,0.001 1 + 0.001 theta + -0.005 omega + -0.001 theta omega + -0.010 omega^2,1.1197858807e-03,6.7170123335e-04,-4.9735791259e-03,1.2428067171e-04,-1.4483693358e-03,-1.0489524338e-02
19022,2024-10-25 01:35:00,nan,nan,nan,0.001 1 + -0.001 theta + 0.990 omega + 0.005 theta omega + 0.019 omega^2,0.003 1 + -0.001 theta + -0.017 omega + 0.009 theta omega + 0.039 omega^2,2.5318759293e-03,-1.2422061434e-03,-1.6885840845e-02,-6.0959131242e-06,8.6551949041e-03,3.8663403631e-02
19023,2024-10-25 01:40:00,0.117118,5.315037,3.759211,0.001 1 + 1.012 omega + -0.001 theta omega + -0.039 omega^2,0.002 1 + 0.025 omega + -0.002 theta omega + -0.076 omega^2,2.4945968050e-03,-2.7762912809e-04,2.4717883563e-02,3.4958416336e-06,-2.0242596095e-03,-7.5758927135e-02
19024,2024-10-25 01:45:00,nan,nan,nan,0.002 1 + -0.001 theta + 1.003 omega + -0.031 omega^2,0.005 1 + -0.002 theta + 0.007 omega + -0.060 omega^2,4.8830815221e-03,-1.5440535721e-03,7.1024992330e-03,1.0094538584e-04,6.7286740716e-05,-5.9946989117e-02
19025,2024-10-25 01:50:00,0.137610,6.264411,4.430676,0.981 omega + 0.001 theta omega + 0.080 omega^2,-0.001 1 + -0.037 omega + 0.002 theta omega + 0.161 omega^2,-1.1862128637e-03,3.4184684939e-04,-3.6826422308e-02,-2.7492677966e-05,1.8922210265e-03,1.6052230719e-01
19026,2024-10-25 01:55:00,0.039228,1.372413,0.970839,1.004 omega + 0.033 omega^2,0.001 1 + 0.010 omega + 0.068 omega^2,6.3930007958e-04,1.8123540011e-04,1.0213925877e-02,7.4397215950e-06,-1.5910113200e-04,6.8054109777e-02
19027,2024-10-25 02:00:00,0.208538,7.867076,5.564817,0.001 1 + 1.008 omega + -0.021 omega^2,0.002 1 + -0.001 theta + 0.017 omega + -0.001 theta omega + -0.045 omega^2,2.4303351110e-03,-6.2853816873e-04,1.6829152089e-02,2.2257879027e-05,-9.1350620778e-04,-4.4656431056e-02
19028,2024-10-25 02:05:00,0.092156,4.652332,3.290341,-0.001 1 + 0.997 omega + -0.047 omega^2,-0.001 1 + -0.005 omega + -0.001 theta omega + -0.100 omega^2,-9.9440161700e-04,-2.3927897432e-04,-4.8064769858e-03,5.5810318484e-06,-7.5972604420e-04,-9.9608114917e-02
19029,2024-10-25 02:10:00,0.120768,3.972774,2.810473,-0.005 1 + 0.001 theta + 1.029 omega + -0.002 theta omega + -0.073 omega^2,-0.010 1 + 0.002 theta + 0.059 omega + -0.003 theta omega + -0.144 omega^2,-9.8647403188e-03,2.1983759084e-03,5.8803315687e-02,-8.5826674994e-05,-3.2990955285e-03,-1.4370593724e-01
19030,2024-10-25 02:15:00,0.032267,1.349914,0.954806,0.001 1 + 0.997 omega + 0.012 omega^2,0.001 1 + -0.005 omega + 0.001 theta omega + 0.030 omega^2,1.0887184284e-03,-2.9930744837e-04,-5.1506527581e-03,9.6092728416e-06,6.6627841779e-04,2.9925203315e-02
19031,2024-10-25 02:20:00,0.071382,2.729878,1.930975,-0.001 1 + 0.993 omega + 0.033 omega^2,-0.002 1 + -0.011 omega + 0.063 omega^2,-2.0266288522e-03,3.4035828343e-04,-1.1026598698e-02,-1.2605127038e-05,2.0857787357e-04,6.3309161574e-02
19032,2024-10-25 02:25:00,0.083971,8.480599,5.996983,1.018 omega + -0.069 omega^2,0.042 omega + -0.001 theta omega + -0.153 omega^2,-2.4468003489e-05,-2.4750771448e-04,4.1784148826e-02,1.2255437822e-05,-1.0312638617e-03,-1.5337380706e-01
19033,2024-10-25 02:30:00,0.018084,0.462074,0.326986,-0.001 1 + 1.004 omega + 0.009 omega^2,-0.003 1 + 0.012 omega + -0.001 theta omega + 0.019 omega^2,-2.5075603543e-03,2.9074578494e-04,1.2311637221e-02,-7.5610165576e-06,-8.0657384105e-04,1.9272103912e-02
19034,2024-10-25 02:35:00,0.026307,0.619169,0.438214,0.002 1 + 0.997 omega + -0.024 omega^2,0.003 1 + -0.005 omega + 0.001 theta omega + -0.049 omega^2,3.3370457522e-03,-2.3547975091e-04,-4.8928374994e-03,1.2511756010e-06,7.1655896858e-04,-4.8626556857e-02
19035,2024-10-25 02:40:00,0.113276,6.052280,4.280358,1.008 omega + -0.002 theta omega + 0.080 omega^2,0.017 omega + -0.004 theta omega + 0.163 omega^2,1.5186264024e-04,-8.7424491326e-05,1.6824841085e-02,-1.3287742974e-05,-3.9470983445e-03,1.6252134359e-01
19036,2024-10-25 02:45:00,0.026772,0.737047,0.521515,0.002 1 + 0.995 omega + -0.023 omega^2,0.004 1 + -0.008 omega + 0.001 theta omega + -0.042 omega^2,3.8899238640e-03,-2.2785722706e-04,-7.8993937399e-03,1.0295514717e-06,6.6005350495e-04,-4.1973517504e-02
19037,2024-10-25 02:50:00,0.022068,2.695997,1.906421,1.001 omega + -0.001 theta omega + 0.020 omega^2,0.005 omega + -0.001 theta omega + 0.033 omega^2,-2.8643955284e-04,1.6618671503e-04,5.1244250241e-03,-4.5907198737e-07,-1.1284883841e-03,3.3426879160e-02
19038,2024-10-25 02:55:00,nan,nan,nan,0.003 1 + 0.957 omega + 0.139 omega^2,0.006 1 + -0.080 omega + 0.267 omega^2,5.8308876323e-03,-9.6921907391e-06,-8.0378280146e-02,-2.5658854430e-06,4.9697006637e-04,2.6706090655e-01
19039,2024-10-25 03:00:00,0.030310,1.055602,0.746731,0.998 omega + 0.002 theta omega + -0.066 omega^2,0.001 1 + -0.001 theta + -0.004 omega + 0.003 theta omega + -0.132 omega^2,8.2717097629e-04,-7.5584234624e-04,-4.3989800693e-03,-3.9018088434e-05,3.2604212559e-03,-1.3201961725e-01
19040,2024-10-25 03:05:00,nan,nan,nan,0.011 1 + 1.125 omega + 0.283 omega^2,0.022 1 + 0.246 omega + 0.001 theta omega + 0.554 omega^2,2.1936484587e-02,-7.9563197945e-05,2.4606178329e-01,-3.0200467436e-06,9.4239383292e-04,5.5403741166e-01
19041,2024-10-25 03:10:00,0.039048,1.950617,1.379571,-0.002 1 + 0.983 omega + -0.039 omega^2,-0.003 1 + -0.034 omega + -0.001 theta omega + -0.080 omega^2,-3.2666748154e-03,1.2905895632e-04,-3.4186374370e-02,9.0830572758e-06,-6.2493278797e-04,-7.9695713546e-02
19042,2024-10-25 03:15:00,0.201726,8.257333,5.840558,0.001 1 + 1.005 omega + -0.001 theta omega + -0.006 omega^2,0.001 1 + 0.009 omega + -0.002 theta omega + -0.021 omega^2,1.3282970030e-03,-3.4495932237e-04,9.1971037045e-03,-5.3291988568e-06,-1.5477805662e-03,-2.1356449944e-02
19043,2024-10-25 03:20:00,0.014468,0.372111,0.263321,-0.001 1 + 0.984 omega + -0.058 omega^2,-0.002 1 + -0.030 omega + 0.001 theta omega + -0.113 omega^2,-1.7359658932e-03,1.4173061228e-04,-2.9956771824e-02,1.2427010313e-06,5.5613614927e-04,-1.1330709676e-01
19044,2024-10-25 03:25:00,0.119711,19.032566,13.458323,0.002 1 + 0.927 omega + 0.001 theta omega + -0.334 omega^2,0.004 1 + 0.001 theta + -0.137 omega + 0.002 theta omega + -0.640 omega^2,3.8944011023e-03,8.6500528845e-04,-1.3659822575e-01,5.7207664498e-06,2.3852529233e-03,-6.4039322900e-01
19045,2024-10-25 03:30:00,0.029294,4.599054,3.252088,0.001 1 + 1.012 omega + 0.001 theta omega + -0.021 omega^2,0.003 1 + 0.032 omega + 0.002 theta omega + -0.029 omega^2,3.4587322045e-03,1.8845985410e-04,3.1704085000e-02,-1.5826199366e-06,2.0721908754e-03,-2.8786370020e-02
19046,2024-10-25 03:35:00,0.028745,0.850148,0.601489,-0.007 1 + 0.933 omega + -0.001 theta omega + -0.156 omega^2,-0.014 1 + -0.130 omega + -0.002 theta omega + -0.309 omega^2,-1.3520522616e-02,-4.1603972036e-04,-1.2958328794e-01,-2.2631603271e-06,-1.9336677207e-03,-3.0901135758e-01
19047,2024-10-25 03:40:00,nan,nan,nan,0.002 1 + 0.994 omega + 0.001 theta omega + -0.077 omega^2,0.004 1 + -0.011 omega + 0.002 theta omega + -0.154 omega^2,4.4757569011e-03,-1.3006719757e-04,-1.1057584637e-02,-5.6497386666e-05,2.1795882657e-03,-1.5403255249e-01
19048,2024-10-25 03:45:00,0.023984,1.189610,0.841352,-0.004 1 + 0.935 omega + 0.001 theta omega + -0.287 omega^2,-0.008 1 + -0.124 omega + 0.002 theta omega + -0.558 omega^2,-7.6168056856e-03,1.4868606535e-04,-1.2390636302e-01,1.7417077271e-07,1.6082268799e-03,-5.5837160920e-01
19049,2024-10-25 03:50:00,0.070408,1.727800,1.222753,0.002 1 + 1.000 omega + -0.001 theta omega + -0.105 omega^2,0.005 1 + -0.001 theta + 0.001 omega + -0.002 theta omega + -0.226 omega^2,4.7551547166e-03,-5.7622205809e-04,8.0772852121e-04,-1.0819909390e-04,-1.9195719680e-03,-2.2637835524e-01
19050,2024-10-25 03:55:00,0.116910,3.332700,2.358024,0.001 1 + 1.006 omega + -0.001 theta omega + 0.014 omega^2,0.002 1 + -0.001 theta + 0.014 omega + -0.003 theta omega + 0.028 omega^2,1.9455262166e-03,-8.3395227233e-04,1.3846536745e-02,2.0335689652e-05,-2.8123549193e-03,2.7599064736e-02
19051,2024-10-25 04:00:00,0.219967,6.430959,4.550034,0.002 1 + 0.980 omega + 0.001 theta omega + 0.005 omega^2,0.004 1 + -0.037 omega + 0.002 theta omega + 0.002 omega^2,4.1994662426e-03,1.6526885271e-04,-3.6873914135e-02,-1.3871836274e-05,1.5402281198e-03,2.0843808992e-03
19052,2024-10-25 04:05:00,0.052421,2.310409,1.634126,-0.003 1 + 1.004 omega + 0.089 omega^2,-0.005 1 + -0.001 theta + 0.008 omega + 0.001 theta omega + 0.170 omega^2,-5.3182522482e-03,-5.1622896730e-04,8.4319298848e-03,-3.3203949460e-06,7.8758936477e-04,1.7035512902e-01
19053,2024-10-25 04:10:00,0.078426,8.163080,5.772436,0.001 1 + 1.013 omega + -0.098 omega^2,0.002 1 + -0.001 theta + 0.029 omega + 0.001 theta omega + -0.205 omega^2,2.1509658749e-03,-5.6202052100e-04,2.9049410831e-02,1.8034615754e-05,5.7009922114e-04,-2.0494571482e-01
19054,2024-10-25 04:15:00,nan,nan,nan,-0.004 1 + 1.015 omega + -0.002 theta omega + 0.047 omega^2,-0.009 1 + 0.001 theta + 0.030 omega + -0.004 theta omega + 0.097 omega^2,-9.0602701133e-03,8.6106321397e-04,2.9948584467e-02,-5.0672363977e-06,-4.0973478976e-03,9.6550415207e-02
19055,2024-10-25 04:20:00,0.044738,3.082835,2.180123,-0.003 1 + 1.045 omega + -0.001 theta omega + -0.131 omega^2,-0.007 1 + 0.098 omega + -0.001 theta omega + -0.281 omega^2,-6.8405556989e-03,-4.5706336189e-05,9.7842859332e-02,6.5495994748e-06,-1.3196314892e-03,-2.8085438626e-01
19056,2024-10-25 04:25:00,0.080453,5.692800,4.025819,-0.001 1 + 0.997 omega + -0.001 theta omega + 0.043 omega^2,-0.003 1 + -0.004 omega + -0.001 theta omega + 0.080 omega^2,-2.6977105281e-03,4.8921484733e-04,-4.1421689695e-03,-1.6203788241e-05,-1.1096706099e-03,7.9505929201e-02
19057,2024-10-25 04:30:00,0.085502,11.479237,8.117271,1.007 omega + -0.001 theta omega + 0.023 omega^2,0.017 omega + -0.002 theta omega + 0.025 omega^2,2.2235663488e-04,-1.6878175002e-04,1.6953781023e-02,1.5411558707e-05,-2.2984480035e-03,2.5008864045e-02
19058,2024-10-25 04:35:00,0.036071,2.461683,1.740859,0.001 1 + 0.983 omega + 0.103 omega^2,0.001 1 + -0.031 omega + 0.001 theta omega + 0.195 omega^2,9.6383107992e-04,1.2035457053e-04,-3.0925633146e-02,-1.1400607054e-05,6.0272300470e-04,1.9491932994e-01
19059,2024-10-25 04:40:00,0.022907,0.765730,0.541695,0.001 1 + 1.021 omega + -0.001 theta omega + -0.150 omega^2,0.002 1 + 0.043 omega + -0.002 theta omega + -0.288 omega^2,1.8662901874e-03,-1.9913870308e-04,4.3010161206e-02,2.7525677077e-06,-2.0872082943e-03,-2.8819331213e-01
19060,2024-10-25 04:45:00,0.050885,7.780104,5.501482,0.994 omega + -0.001 theta omega + 0.097 omega^2,-0.007 omega + -0.002 theta omega + 0.183 omega^2,-5.2003750731e-05,2.8614277346e-05,-7.4805791611e-03,5.8131069054e-06,-2.0522509662e-03,1.8337717695e-01
19061,2024-10-25 04:50:00,0.202242,5.449418,3.855973,0.004 1 + 0.964 omega + 0.001 theta omega + 0.062 omega^2,0.008 1 + -0.071 omega + 0.002 theta omega + 0.130 omega^2,8.1228185682e-03,-2.2564559729e-04,-7.1416221458e-02,-2.4360588908e-06,1.7569249750e-03,1.2953000014e-01
19062,2024-10-25 04:55:00,0.090719,3.068162,2.170467,0.001 1 + -0.001 theta + 0.999 omega + 0.104 omega^2,0.002 1 + -0.002 theta + -0.001 omega + 0.205 omega^2,1.8478223790e-03,-1.8307516189e-03,-6.0046509314e-04,1.1015929100e-04,4.9082836692e-04,2.0500883186e-01
19063,2024-10-25 05:00:00,0.024965,1.256781,0.888854,-0.001 1 + 1.004 omega + 0.007 omega^2,-0.003 1 + 0.016 omega + -0.001 theta omega + -0.004 omega^2,-2.7779889732e-03,3.0507990954e-04,1.6125196866e-02,-7.2286818315e-06,-1.0382160294e-03,-4.4129195168e-03
19064,2024-10-25 05:05:00,0.076506,4.642782,3.283388,0.001 1 + 1.004 omega + -0.015 omega^2,0.002 1 + 0.008 omega + -0.001 theta omega + -0.030 omega^2,1.5717256935e-03,-2.9096944043e-04,8.3920155412e-03,8.5761268026e-06,-6.5635483626e-04,-3.0321028533e-02
19065,2024-10-25 05:10:00,nan,nan,nan,-0.001 1 + 0.995 omega + 0.003 theta omega + 0.019 omega^2,-0.002 1 + -0.001 theta + -0.009 omega + 0.006 theta omega + 0.029 omega^2,-1.7040676087e-03,-5.7021464164e-04,-9.1257276691e-03,2.3437718006e-04,5.6987401640e-03,2.9006859170e-02
19066,2024-10-25 05:15:00,0.036487,1.005277,0.711306,1.002 omega + 0.001 theta omega + -0.050 omega^2,0.003 omega + 0.003 theta omega + -0.118 omega^2,1.6118941742e-05,-2.8832108838e-04,3.0207140913e-03,9.6724291358e-06,2.9861838348e-03,-1.1796247483e-01
19067,2024-10-25 05:20:00,0.103344,7.455931,5.272646,-0.001 theta + 1.011 omega + 0.148 omega^2,-0.002 theta + 0.024 omega + 0.288 omega^2,-1.1199642759e-04,-2.0684822595e-03,2.3709823177e-02,5.3592412084e-05,3.6179989661e-04,2.8786677003e-01
19068,2024-10-25 05:25:00,0.027444,0.736813,0.521367,0.003 1 + 0.972 omega + 0.001 theta omega + 0.040 omega^2,0.006 1 + -0.056 omega + 0.002 theta omega + 0.069 omega^2,5.9703535813e-03,1.8810500806e-05,-5.5520523169e-02,-1.5788423655e-05,1.9324842135e-03,6.9333116965e-02
19069,2024-10-25 05:30:00,nan,nan,nan,-0.001 1 + 0.997 omega + -0.004 theta omega + -0.118 omega^2,-0.001 1 + -0.005 omega + -0.008 theta omega + -0.263 omega^2,-1.0075335776e-03,-3.3987743508e-04,-5.4963738354e-03,2.3032030868e-04,-7.5417140672e-03,-2.6326704811e-01
19070,2024-10-25 05:35:00,0.066246,1.636814,1.158350,0.003 1 + 0.991 omega + 0.001 theta omega + -0.089 omega^2,0.006 1 + -0.019 omega + 0.002 theta omega + -0.177 omega^2,6.0740150779e-03,-3.8646483086e-04,-1.8536593883e-02,-3.6862256984e-05,1.9984371583e-03,-1.7695644386e-01
19071,2024-10-25 05:40:00,0.573642,16.050549,11.356698,0.001 1 + 0.001 theta + 0.991 omega + -0.002 theta omega + 0.010 omega^2,0.002 1 + 0.001 theta + -0.016 omega + -0.004 theta omega + 0.011 omega^2,2.3007241584e-03,1.4580218859e-03,-1.6437948590e-02,1.6689529875e-04,-3.7392333636e-03,1.0728701575e-02
19072,2024-10-25 05:45:00,0.017403,1.575939,1.114425,0.008 1 + 0.902 omega + -0.001 theta omega + 0.282 omega^2,0.016 1 + -0.193 omega + -0.001 theta omega + 0.563 omega^2,1.6107097658e-02,3.2370020471e-04,-1.9261658411e-01,-1.7743840716e-06,-1.3411086917e-03,5.6319986999e-01
19073,2024-10-25 05:50:00,0.042474,4.924800,3.482489,-0.008 1 + 1.049 omega + -0.001 theta omega + -0.033 omega^2,-0.016 1 + 0.104 omega + -0.002 theta omega + -0.074 omega^2,-1.6064827335e-02,4.4390734214e-04,1.0353227207e-01,-1.3374588621e-06,-2.2302015073e-03,-7.4255879598e-02
19074,2024-10-25 05:55:00,0.016623,0.813736,0.575518,0.004 1 + 0.944 omega + 0.181 omega^2,0.009 1 + -0.123 omega + 0.399 omega^2,8.9697606636e-03,6.1970065072e-05,-1.2347188092e-01,-1.0000281764e-06,-9.3762748380e-05,3.9894156567e-01
19075,2024-10-25 06:00:00,0.143829,6.985753,4.940720,0.001 1 + -0.001 theta + 1.007 omega + -0.002 theta omega + -0.062 omega^2,0.002 1 + -0.001 theta + 0.016 omega + -0.004 theta omega + -0.121 omega^2,2.0006497191e-03,-1.4571028383e-03,1.6230329210e-02,1.7319392947e-04,-4.0792416392e-03,-1.2109902168e-01
19076,2024-10-25 06:05:00,0.060073,8.656973,6.121551,-0.005 1 + 1.065 omega + -0.002 theta omega + -0.144 omega^2,-0.010 1 + 0.133 omega + -0.004 theta omega + -0.288 omega^2,-9.9214959395e-03,2.4964393606e-04,1.3282917813e-01,7.3165224195e-06,-4.2290333214e-03,-2.8840810071e-01
19077,2024-10-25 06:10:00,0.050520,4.201957,2.971447,1.004 omega + -0.024 omega^2,-0.001 1 + 0.012 omega + -0.068 omega^2,-7.9060102644e-04,-1.6261791900e-05,1.2251297650e-02,3.3183587779e-06,-7.0023071227e-05,-6.7793623672e-02
19078,2024-10-25 06:15:00,0.065609,2.088600,1.477591,0.996 omega + 0.001 theta omega + -0.056 omega^2,-0.001 theta + -0.006 omega + 0.002 theta omega + -0.105 omega^2,8.5613291000e-05,-8.9315785118e-04,-6.1243568006e-03,1.0382546838e-04,1.9512141937e-03,-1.0516714916e-01
19079,2024-10-25 06:20:00,0.119906,3.788817,2.680439,1.005 omega + -0.003 theta omega + 0.012 omega^2,-0.001 theta + 0.011 omega + -0.007 theta omega + 0.035 omega^2,1.9593728104e-04,-9.5650208097e-04,1.1459633551e-02,3.4564191510e-05,-6.6612878432e-03,3.4616410919e-02
19080,2024-10-25 06:25:00,0.008789,0.133971,0.094935,0.002 1 + 0.997 omega + -0.054 omega^2,0.003 1 + -0.004 omega + 0.001 theta omega + -0.110 omega^2,3.2430456176e-03,-3.7189866701e-05,-4.3966331073e-03,-4.5696892355e-06,8.2770261594e-04,-1.0974870930e-01
19081,2024-10-25 06:30:00,0.120623,3.921707,2.774377,0.008 1 + -0.001 theta + 0.944 omega + 0.004 theta omega + 0.001 omega^2,0.016 1 + -0.001 theta + -0.111 omega + 0.009 theta omega + 0.002 omega^2,1.6310047387e-02,-1.4550082479e-03,-1.1081870288e-01,1.0303129197e-05,8.8708126225e-03,1.7012249394e-03
19082,2024-10-25 06:35:00,0.021748,1.005004,0.710811,0.002 1 + 1.006 omega + -0.076 omega^2,0.003 1 + 0.013 omega + 0.001 theta omega + -0.160 omega^2,3.1116823135e-03,-2.7576486135e-04,1.3232532331e-02,1.8293473967e-06,1.0525289235e-03,-1.6004531166e-01
19083,2024-10-25 06:40:00,0.017957,0.468192,0.331305,1.003 omega + -0.013 omega^2,0.001 theta + 0.006 omega + -0.001 theta omega + -0.033 omega^2,-3.9192776212e-04,6.1867468125e-04,5.7416077867e-03,-7.1361525214e-05,-6.7355863576e-04,-3.2947193644e-02
19084,2024-10-25 06:45:00,0.025484,0.906120,0.640977,0.001 1 + 1.001 omega + -0.001 theta omega + 0.004 omega^2,0.001 1 + 0.003 omega + -0.001 theta omega + 0.008 omega^2,1.4997292449e-03,-9.7442149588e-05,2.8436845636e-03,5.3446928950e-06,-9.8811914141e-04,7.8541621979e-03
19085,2024-10-25 06:50:00,nan,nan,nan,0.004 1 + 0.974 omega + 0.004 theta omega + -0.066 omega^2,0.008 1 + -0.050 omega + 0.007 theta omega + -0.130 omega^2,7.5017668442e-03,-3.2638866498e-04,-5.0063305537e-02,-4.6966197100e-05,6.9207500005e-03,-1.2956473050e-01
19086,2024-10-25 06:55:00,nan,nan,nan,0.004 1 + 0.958 omega + 0.005 theta omega + 0.068 omega^2,0.009 1 + -0.001 theta + -0.082 omega + 0.010 theta omega + 0.129 omega^2,8.8168696936e-03,-9.3872557087e-04,-8.2440626523e-02,-4.4827256211e-05,1.0005328451e-02,1.2929023895e-01
19087,2024-10-25 07:00:00,0.020080,0.700960,0.495857,0.008 1 + 0.938 omega + 0.001 theta omega + 0.125 omega^2,0.015 1 + -0.122 omega + 0.001 theta omega + 0.247 omega^2,1.5147540564e-02,-3.4680043623e-04,-1.2185202137e-01,1.7579792760e-06,1.3318786904e-03,2.4665165039e-01
19088,2024-10-25 07:05:00,0.067581,3.257211,2.303691,0.001 1 + 0.992 omega + 0.014 omega^2,0.002 1 + -0.021 omega + 0.001 theta omega + 0.056 omega^2,2.0990721012e-03,-3.6890473705e-04,-2.0815949759e-02,1.5603712172e-05,9.8728714908e-04,5.5889569006e-02
19089,2024-10-25 07:10:00,0.013146,0.609005,0.430732,0.001 1 + 1.016 omega + -0.121 omega^2,0.002 1 + -0.001 theta + 0.033 omega + -0.242 omega^2,2.1537151571e-03,-5.6339008016e-04,3.3351627266e-02,2.0237400599e-05,2.4169171125e-04,-2.4164299411e-01
19090,2024-10-25 07:15:00,0.010425,0.378091,0.267453,0.998 omega + 0.031 omega^2,-0.005 omega + 0.060 omega^2,-3.2407803409e-04,3.6995860742e-04,-4.5729461288e-03,-4.9370288099e-05,4.9919503507e-04,6.0276968906e-02
19091,2024-10-25 07:20:00,0.025379,0.559537,0.396059,0.002 1 + 1.004 omega + -0.074 omega^2,0.004 1 + 0.010 omega + -0.001 theta omega + -0.150 omega^2,3.9758382309e-03,1.9907918300e-04,1.0335712629e-02,-1.5005998612e-05,-8.3858669003e-04,-1.4995789698e-01
19092,2024-10-25 07:25:00,0.234177,11.298878,7.991229,0.001 1 + 1.004 omega + -0.007 omega^2,0.003 1 + -0.001 theta + 0.010 omega + -0.015 omega^2,2.6749462656e-03,-6.5231375745e-04,1.0295706073e-02,2.7882925019e-05,-4.7660594394e-04,-1.5363163143e-02
19093,2024-10-25 07:30:00,0.039226,4.060179,2.871114,-0.006 1 + 1.048 omega + -0.001 theta omega + -0.111 omega^2,-0.013 1 + 0.001 theta + 0.104 omega + -0.003 theta omega + -0.244 omega^2,-1.2961303742e-02,8.6478831015e-04,1.0376703008e-01,-1.4811276792e-05,-2.8292374272e-03,-2.4389224396e-01
19094,2024-10-25 07:35:00,0.053108,5.535366,3.914275,0.997 omega + 0.033 omega^2,-0.006 omega + -0.001 theta omega + 0.068 omega^2,-1.7289964832e-04,6.3237131048e-05,-6.0462591353e-03,5.3325156131e-07,-7.1274800097e-04,6.8451259116e-02
19095,2024-10-25 07:40:00,nan,nan,nan,-0.005 1 + 0.001 theta + 1.028 omega + -0.002 theta omega + -0.008 omega^2,-0.009 1 + 0.001 theta + 0.058 omega + -0.003 theta omega + -0.017 omega^2,-9.4913574233e-03,1.1317797142e-03,5.7780470655e-02,-3.4560475263e-05,-3.4059105390e-03,-1.6914113989e-02
19096,2024-10-25 07:45:00,0.050582,3.203373,2.265409,0.001 1 + 0.994 omega + 0.026 omega^2,0.003 1 + -0.010 omega + 0.048 omega^2,2.7114417022e-03,-2.5484778045e-04,-1.0424456775e-02,3.1823988681e-06,3.2290143391e-04,4.7781662270e-02
19097,2024-10-25 07:50:00,0.035360,2.845910,2.012518,-0.001 1 + 1.006 omega + -0.001 theta omega + 0.027 omega^2,-0.003 1 + 0.011 omega + -0.002 theta omega + 0.057 omega^2,-2.6367129633e-03,1.6281889749e-04,1.1401526180e-02,4.6797657687e-06,-1.8624156127e-03,5.7116900304e-02
19098,2024-10-25 07:55:00,0.069113,6.200796,4.384897,-0.004 1 + 1.019 omega + -0.001 theta omega + -0.011 omega^2,-0.009 1 + 0.043 omega + -0.002 theta omega + -0.028 omega^2,-8.7391030655e-03,4.2995313538e-04,4.3151932237e-02,-2.1424592787e-06,-1.5526538487e-03,-2.8081886687e-02
19099,2024-10-25 08:00:00,0.026146,0.686888,0.486055,-0.014 1 + 1.098 omega + -0.001 theta omega + -0.143 omega^2,-0.029 1 + 0.001 theta + 0.199 omega + -0.002 theta omega + -0.289 omega^2,-2.9108699714e-02,5.8785544484e-04,1.9867343878e-01,-2.4693203602e-06,-2.4319331313e-03,-2.8859674099e-01
19100,2024-10-25 08:05:00,nan,nan,nan,0.004 1 + -0.001 theta + 0.954 omega + 0.012 theta omega + 0.032 omega^2,0.008 1 + -0.001 theta + -0.091 omega + 0.024 theta omega + 0.048 omega^2,7.6222527608e-03,-1.1942739717e-03,-9.0573411752e-02,-2.1252982824e-04,2.4347321377e-02,4.8189313929e-02
19101,2024-10-25 08:10:00,0.092146,12.257604,8.667680,-0.001 1 + 0.001 theta + 1.019 omega + -0.002 theta omega + -0.119 omega^2,-0.002 1 + 0.001 theta + 0.040 omega + -0.003 theta omega + -0.235 omega^2,-2.1625294872e-03,1.1021173847e-03,3.9740874245e-02,-1.8398122402e-05,-2.9125451905e-03,-2.3511919617e-01
19102,2024-10-25 08:15:00,0.017987,0.496040,0.350984,0.001 1 + 1.003 omega + -0.011 omega^2,0.001 1 + 0.007 omega + -0.026 omega^2,1.0279153805e-03,-1.6409278787e-04,7.2600075603e-03,1.3197966213e-06,-4.9711973374e-04,-2.6272629214e-02
19103,2024-10-25 08:20:00,0.127049,5.268473,3.726456,0.990 omega + -0.002 theta omega + -0.005 omega^2,0.001 1 + 0.001 theta + -0.020 omega + -0.003 theta omega + -0.011 omega^2,8.6355232087e-04,7.9842708949e-04,-2.0239074057e-02,1.1913790415e-04,-3.3652666920e-03,-1.0682182987e-02
19104,2024-10-25 08:25:00,0.049384,1.289487,0.912474,-0.002 1 + 0.978 omega + -0.001 theta omega + -0.012 omega^2,-0.004 1 + -0.042 omega + -0.001 theta omega + -0.026 omega^2,-4.2508994347e-03,2.5787064388e-04,-4.2415735185e-02,2.7807381162e-05,-1.4930723790e-03,-2.6177556810e-02
19105,2024-10-25 08:30:00,0.090770,6.702516,4.739829,1.006 omega + 0.001 theta omega + -0.063 omega^2,0.013 omega + 0.003 theta omega + -0.120 omega^2,-1.8034312692e-04,-8.9465700419e-05,1.3489760624e-02,-4.3123150806e-06,2.9558092595e-03,-1.2023461055e-01
19106,2024-10-25 08:35:00,0.031829,1.330402,0.941006,-0.002 1 + 0.977 omega + -0.088 omega^2,-0.004 1 + -0.046 omega + -0.001 theta omega + -0.180 omega^2,-3.8043872043e-03,-1.2249285049e-04,-4.5814962230e-02,4.2653944515e-06,-9.2297098887e-04,-1.8033893220e-01
19107,2024-10-25 08:40:00,0.049814,2.010363,1.421978,-0.001 1 + -0.001 theta + 1.000 omega + 0.179 omega^2,-0.002 1 + -0.001 theta + 0.002 omega + 0.001 theta omega + 0.354 omega^2,-1.8358522327e-03,-1.3391776531e-03,1.7528053997e-03,1.2582026577e-04,5.1126326837e-04,3.5420545630e-01
19108,2024-10-25 08:45:00,0.041608,1.358692,0.961191,0.001 1 + 1.007 omega + 0.002 omega^2,0.002 1 + 0.015 omega + 0.001 omega^2,2.2243432976e-03,-4.5387788895e-04,1.5017787879e-02,1.1298029763e-05,-4.4731171155e-04,7.6534243421e-04
19109,2024-10-25 08:50:00,0.064305,2.727436,1.929124,-0.001 1 + 1.022 omega + -0.001 theta omega + -0.098 omega^2,-0.002 1 + 0.048 omega + -0.001 theta omega + -0.207 omega^2,-1.7799395620e-03,1.2857113291e-04,4.8017600973e-02,-5.4724332577e-06,-1.3515056495e-03,-2.0679469920e-01
19110,2024-10-25 08:55:00,0.034476,1.274149,0.901289,0.001 1 + 1.001 omega + -0.001 theta omega + 0.007 omega^2,0.002 1 + 0.003 omega + -0.001 theta omega + 0.013 omega^2,1.6685044871e-03,-2.7991625207e-04,3.3802769797e-03,1.0845849139e-05,-1.0378885770e-03,1.2737410694e-02
19111,2024-10-25 09:00:00,0.050041,5.829006,4.121881,1.019 omega + -0.001 theta omega + -0.073 omega^2,0.001 1 + 0.041 omega + -0.003 theta omega + -0.154 omega^2,6.0536590426e-04,-2.9792280260e-04,4.0572109339e-02,2.1617715436e-05,-2.7689159199e-03,-1.5436436573e-01
19112,2024-10-25 09:05:00,0.100178,4.917330,3.477799,1.011 omega + -0.048 omega^2,0.001 1 + 0.024 omega + -0.088 omega^2,7.0005331746e-04,-1.7170308459e-04,2.3552214533e-02,-1.4561086775e-06,2.4012505821e-04,-8.8405903336e-02
19113,2024-10-25 09:10:00,0.078338,3.665782,2.592691,0.001 1 + 1.006 omega + -0.001 theta omega + -0.038 omega^2,0.001 1 + -0.001 theta + 0.013 omega + -0.001 theta omega + -0.069 omega^2,1.1673384134e-03,-6.2076976202e-04,1.2787177528e-02,4.4344682570e-05,-1.3047929515e-03,-6.8702886638e-02
19114,2024-10-25 09:15:00,nan,nan,nan,-0.001 1 + 1.001 omega + -0.002 theta omega + 0.160 omega^2,-0.001 1 + 0.008 omega + -0.004 theta omega + 0.301 omega^2,-1.2989227264e-03,8.7540795989e-05,7.9793964195e-03,1.0087703708e-05,-4.1826314928e-03,3.0141289798e-01
19115,2024-10-25 09:20:00,1.360965,63.758397,45.094265,-0.002 1 + 0.001 theta + 1.001 omega + -0.004 theta omega + 0.191 omega^2,-0.005 1 + 0.001 theta + 0.004 omega + -0.007 theta omega + 0.339 omega^2,-4.6806512935e-03,1.1150383445e-03,3.8673702666e-03,-2.4584600964e-05,-6.5792757538e-03,3.3886145920e-01
19116,2024-10-25 09:25:00,0.040466,1.133828,0.802248,0.007 1 + 0.932 omega + 0.002 theta omega + 0.136 omega^2,0.014 1 + -0.001 theta + -0.136 omega + 0.005 theta omega + 0.279 omega^2,1.3588893552e-02,-6.3878444406e-04,-1.3585115783e-01,-3.4992910083e-06,4.8148560149e-03,2.7856659988e-01
19117,2024-10-25 09:30:00,nan,nan,nan,0.001 1 + 1.007 omega + -0.001 theta omega + -0.028 omega^2,0.001 1 + -0.001 theta + 0.013 omega + -0.002 theta omega + -0.061 omega^2,1.2628836037e-03,-6.3258787470e-04,1.3123041716e-02,-3.6926806595e-05,-2.3338751215e-03,-6.1003437436e-02
19118,2024-10-25 09:35:00,0.023864,1.042708,0.737499,0.977 omega + 0.001 theta omega + -0.128 omega^2,-0.043 omega + 0.001 theta omega + -0.245 omega^2,-2.1085237705e-05,3.1346695515e-04,-4.2769370633e-02,3.4019525991e-06,1.1230321837e-03,-2.4497002678e-01
19119,2024-10-25 09:40:00,0.031705,0.690133,0.488512,0.001 1 + 0.001 theta + 1.039 omega + 0.003 theta omega + 0.263 omega^2,0.002 1 + 0.002 theta + 0.082 omega + 0.006 theta omega + 0.530 omega^2,1.9268668268e-03,1.5224963729e-03,8.2051456669e-02,9.3753515085e-05,6.0148400570e-03,5.3016978915e-01
19120,2024-10-25 09:45:00,0.033213,3.908164,2.763589,0.997 omega + -0.001 theta omega + 0.038 omega^2,-0.001 1 + -0.002 omega + -0.001 theta omega + 0.047 omega^2,-8.5466430742e-04,2.5515461177e-04,-1.9107590220e-03,-1.1710477363e-06,-1.4599370747e-03,4.6508785068e-02
19121,2024-10-25 09:50:00,0.039436,0.989766,0.700425,0.004 1 + 0.972 omega + 0.002 theta omega + -0.041 omega^2,0.009 1 + -0.056 omega + 0.005 theta omega + -0.088 omega^2,8.6553117522e-03,-4.9724568416e-04,-5.6454876541e-02,-2.7609557696e-05,4.7184485263e-03,-8.7542245127e-02
19122,2024-10-25 09:55:00,0.034522,2.700753,1.909876,0.001 1 + 1.007 omega + 0.002 theta omega + -0.138 omega^2,0.002 1 + -0.001 theta + 0.015 omega + 0.003 theta omega + -0.268 omega^2,1.5871889210e-03,-5.3739864658e-04,1.4868542450e-02,1.4626746312e-05,3.3730718511e-03,-2.6795446036e-01
19123,2024-10-25 10:00:00,nan,nan,nan,0.004 1 + 0.957 omega + 0.002 theta omega + 0.060 omega^2,0.008 1 + -0.001 theta + -0.078 omega + 0.004 theta omega + 0.103 omega^2,7.9752428738e-03,-5.4924671705e-04,-7.7523408195e-02,6.3664623317e-06,3.6053045481e-03,1.0322514934e-01
19124,2024-10-25 10:05:00,0.046633,3.895890,2.755008,-0.001 1 + 0.997 omega + -0.002 theta omega + 0.143 omega^2,-0.001 1 + -0.004 omega + -0.004 theta omega + 0.282 omega^2,-1.1962495800e-03,3.6999058973e-04,-4.3354364438e-03,-6.0783251672e-06,-3.7853324895e-03,2.8217635236e-01
19125,2024-10-25 10:10:00,0.177478,3.153492,2.233384,0.001 1 + 1.012 omega + -0.003 theta omega + 0.028 omega^2,0.001 1 + -0.001 theta + 0.022 omega + -0.005 theta omega + 0.040 omega^2,1.2246269189e-03,-7.7116826606e-04,2.2254232570e-02,3.8178582605e-05,-5.3502664304e-03,4.0427973695e-02
19126,2024-10-25 10:15:00,0.076477,2.683270,1.898129,0.989 omega + -0.001 theta omega + -0.041 omega^2,0.001 1 + 0.001 theta + -0.019 omega + -0.001 theta omega + -0.071 omega^2,1.0926111062e-03,9.2901879068e-04,-1.8672256492e-02,1.2224309159e-04,-1.1290877045e-03,-7.1085850243e-02
19127,2024-10-25 10:20:00,0.043965,1.643363,1.162449,1.004 omega + -0.001 theta omega + 0.007 omega^2,0.001 1 + 0.009 omega + -0.001 theta omega + 0.011 omega^2,9.0755406364e-04,-4.5777685558e-04,8.8218955636e-03,-7.5974383781e-05,-9.5684700834e-04,1.0928534489e-02
19128,2024-10-25 10:25:00,nan,nan,nan,0.003 1 + -0.001 theta + 1.003 omega + -0.001 theta omega + 0.061 omega^2,0.005 1 + -0.002 theta + 0.007 omega + -0.003 theta omega + 0.123 omega^2,5.4219589021e-03,-2.2371753657e-03,7.0812255502e-03,1.5130729863e-04,-2.6467614794e-03,1.2329893692e-01
19129,2024-10-25 10:30:00,nan,nan,nan,0.001 1 + 1.005 omega + 0.002 theta omega + -0.145 omega^2,0.001 1 + 0.009 omega + 0.003 theta omega + -0.293 omega^2,1.4248123274e-03,-8.0288277636e-05,9.1540752077e-03,2.2310877032e-05,2.9988096081e-03,-2.9308631300e-01
19130,2024-10-25 10:35:00,nan,nan,nan,0.999 omega + 0.001 theta omega + -0.108 omega^2,-0.001 theta + -0.001 omega + 0.003 theta omega + -0.229 omega^2,-2.8391292797e-04,-6.2181829120e-04,-6.8189953499e-04,-4.9600799602e-05,3.2853633768e-03,-2.2904480893e-01
19131,2024-10-25 10:40:00,0.312017,4.604608,3.263416,-0.001 1 + 0.998 omega + 0.039 omega^2,-0.002 1 + -0.004 omega + -0.001 theta omega + 0.082 omega^2,-1.5190093063e-03,3.7881696317e-04,-3.9491793593e-03,9.1180466493e-05,-6.1932537821e-04,8.1876192397e-02
19132,2024-10-25 10:45:00,nan,nan,nan,-0.001 1 + 0.974 omega + -0.002 theta omega + -0.062 omega^2,-0.002 1 + -0.043 omega + -0.003 theta omega + -0.113 omega^2,-1.6225637266e-03,8.4053327038e-05,-4.3096879080e-02,1.7380645396e-05,-2.9169196260e-03,-1.1290191877e-01
19133,2024-10-25 10:50:00,0.015508,0.318481,0.225467,0.005 1 + 0.956 omega + 0.004 theta omega + -0.104 omega^2,0.010 1 + -0.087 omega + 0.009 theta omega + -0.208 omega^2,1.0492132542e-02,-3.8678010031e-04,-8.7147555829e-02,-6.7260948398e-05,8.8797115440e-03,-2.0810669496e-01
19134,2024-10-25 10:55:00,0.070822,2.201906,1.557788,-0.001 theta + 1.007 omega + -0.003 theta omega + 0.019 omega^2,0.001 1 + -0.001 theta + 0.015 omega + -0.005 theta omega + 0.041 omega^2,9.0176492322e-04,-1.4369805250e-03,1.4548774554e-02,1.9537465838e-04,-5.3564692384e-03,4.0839516947e-02
19135,2024-10-25 11:00:00,0.019671,0.609545,0.431238,0.999 omega + 0.003 omega^2,0.002 omega + -0.001 theta omega + -0.001 omega^2,7.9610002370e-05,9.2538934756e-05,2.2742590384e-03,-4.6937845204e-06,-8.7945713159e-04,-7.6144485731e-04
19136,2024-10-25 11:05:00,0.301505,8.368541,5.921291,-0.001 1 + 1.012 omega + 0.003 theta omega + -0.033 omega^2,-0.001 1 + -0.001 theta + 0.024 omega + 0.007 theta omega + -0.067 omega^2,-1.3160777561e-03,-9.6114388534e-04,2.3591571390e-02,-4.8835703119e-05,6.8013223737e-03,-6.6704043949e-02
19137,2024-10-25 11:10:00,0.102097,4.987088,3.527143,-0.001 1 + 0.999 omega + -0.001 theta omega + -0.058 omega^2,-0.001 1 + -0.001 theta + -0.002 omega + -0.002 theta omega + -0.126 omega^2,-1.4501356954e-03,-7.5461891781e-04,-1.8359527052e-03,-3.4548811936e-05,-1.9375829656e-03,-1.2584395375e-01
19138,2024-10-25 11:15:00,0.045596,3.386557,2.394875,1.003 omega + 0.004 theta omega + -0.116 omega^2,0.010 omega + 0.007 theta omega + -0.189 omega^2,-1.2875891095e-04,-2.6411350788e-04,9.7001930833e-03,-4.8059186094e-05,6.6012262097e-03,-1.8853156264e-01
19139,2024-10-25 11:20:00,nan,nan,nan,0.004 1 + 0.001 theta + 1.034 omega + 0.003 theta omega + 0.011 omega^2,0.008 1 + 0.002 theta + 0.074 omega + 0.007 theta omega + 0.027 omega^2,7.6214564860e-03,1.9039880466e-03,7.4399494866e-02,1.2152643179e-04,6.9215792040e-03,2.7235551923e-02
19140,2024-10-25 11:25:00,0.165265,11.887138,8.406288,0.001 1 + -0.001 theta + 1.009 omega + -0.004 theta omega + 0.120 omega^2,0.002 1 + -0.001 theta + 0.022 omega + -0.009 theta omega + 0.239 omega^2,1.5341832503e-03,-1.0839820823e-03,2.1593266915e-02,1.0951418514e-04,-8.8761028589e-03,2.3937041252e-01
19141,2024-10-25 11:30:00,0.049562,2.523701,1.784870,1.006 omega + -0.001 theta omega + 0.055 omega^2,0.014 omega + -0.003 theta omega + 0.101 omega^2,3.0114131048e-04,-1.9365259776e-04,1.4359891098e-02,1.2678267172e-05,-2.8092593259e-03,1.0051637905e-01
19142,2024-10-25 11:35:00,0.112484,3.300874,2.335425,0.001 1 + -0.001 theta + 1.004 omega + -0.001 theta omega + -0.040 omega^2,0.002 1 + -0.001 theta + 0.009 omega + -0.001 theta omega + -0.081 omega^2,1.5538100091e-03,-1.4030636659e-03,8.7512452518e-03,1.1680347450e-04,-1.0704232406e-03,-8.1451956653e-02
19143,2024-10-25 11:40:00,0.049345,2.484462,1.757126,0.002 1 + 0.977 omega + 0.002 theta omega + 0.060 omega^2,0.004 1 + -0.045 omega + 0.004 theta omega + 0.122 omega^2,3.8794209733e-03,-4.3073628112e-04,-4.5259517640e-02,-3.3399558622e-06,4.0417824805e-03,1.2227977708e-01
19144,2024-10-25 11:45:00,0.062095,3.390535,2.397873,0.001 1 + 0.997 omega + 0.003 theta omega + -0.174 omega^2,0.002 1 + -0.001 theta + -0.004 omega + 0.006 theta omega + -0.317 omega^2,1.5080461396e-03,-7.7392355215e-04,-4.4477964804e-03,-1.1715037441e-04,5.9836419220e-03,-3.1664758041e-01
19145,2024-10-25 11:50:00,nan,nan,nan,0.005 1 + 0.001 theta + 1.003 omega + -0.095 omega^2,0.009 1 + 0.003 theta + 0.005 omega + -0.188 omega^2,9.3081375524e-03,2.7569692320e-03,5.3768113173e-03,2.1213455163e-04,2.3946724485e-04,-1.8818132033e-01
19146,2024-10-25 11:55:00,nan,nan,nan,0.001 1 + 1.003 omega + 0.003 theta omega + -0.085 omega^2,0.001 1 + -0.001 theta + 0.007 omega + 0.005 theta omega + -0.166 omega^2,9.9015139686e-04,-9.3178032146e-04,6.8565643162e-03,4.1266884747e-05,5.1763997953e-03,-1.6593082933e-01
19147,2024-10-25 12:00:00,0.023525,1.101774,0.779250,1.010 omega + -0.036 omega^2,-0.001 1 + 0.017 omega + -0.001 theta omega + -0.035 omega^2,-9.8446033217e-04,9.7023125308e-05,1.7369530744e-02,2.7070135647e-07,-9.8227895431e-04,-3.5290395985e-02
19148,2024-10-25 12:05:00,0.052937,4.390840,3.105019,1.005 omega + -0.001 theta omega + -0.019 omega^2,-0.001 1 + 0.014 omega + -0.001 theta omega + -0.050 omega^2,-6.7519279302e-04,1.3355104530e-04,1.3865222366e-02,-5.4500893222e-06,-1.2206273133e-03,-5.0155375595e-02
19149,2024-10-25 12:10:00,nan,nan,nan,-0.003 1 + 1.025 omega + -0.005 theta omega + 0.076 omega^2,-0.005 1 + 0.001 theta + 0.053 omega + -0.008 theta omega + 0.115 omega^2,-5.4337592634e-03,5.9543001110e-04,5.3284444027e-02,2.7593545257e-05,-8.4963685687e-03,1.1491428885e-01
19150,2024-10-25 12:15:00,0.031393,2.496199,1.765219,-0.002 1 + 1.022 omega + -0.074 omega^2,-0.005 1 + 0.048 omega + -0.001 theta omega + -0.143 omega^2,-4.8278088843e-03,1.5778190689e-04,4.7891042401e-02,1.6590816510e-06,-1.1224429105e-03,-1.4255149412e-01
19151,2024-10-25 12:20:00,0.024066,1.718563,1.215327,0.003 1 + 0.953 omega + 0.216 omega^2,0.005 1 + -0.094 omega + -0.001 theta omega + 0.440 omega^2,5.0889651865e-03,1.2009328900e-04,-9.3987196523e-02,-1.8381114632e-06,-7.4069438126e-04,4.4032442456e-01
19152,2024-10-25 12:25:00,0.013299,0.302957,0.214430,-0.001 1 + 1.003 omega + -0.001 theta omega + 0.029 omega^2,-0.001 1 + 0.006 omega + -0.001 theta omega + 0.050 omega^2,-1.1669904109e-03,-1.8233696780e-04,5.9393379508e-03,4.3734934220e-06,-1.0766950141e-03,5.0454650798e-02
19153,2024-10-25 12:30:00,0.047526,2.125954,1.503652,0.001 1 + 0.001 theta + 1.006 omega + 0.001 theta omega + 0.029 omega^2,0.001 1 + 0.001 theta + 0.012 omega + 0.002 theta omega + 0.046 omega^2,1.4491993536e-03,1.0826986028e-03,1.1887312444e-02,1.5572307913e-04,1.7052852204e-03,4.5673005124e-02
19154,2024-10-25 12:35:00,0.110768,5.135505,3.632195,1.005 omega + 0.001 theta omega + -0.026 omega^2,-0.001 1 + 0.011 omega + 0.001 theta omega + -0.038 omega^2,-5.3660133447e-04,-2.8775074558e-04,1.1296648820e-02,-1.0053382430e-05,1.0414237935e-03,-3.8039000347e-02
19155,2024-10-25 12:40:00,nan,nan,nan,0.002 1 + 0.951 omega + 0.003 theta omega + 0.156 omega^2,0.004 1 + -0.097 omega + 0.007 theta omega + 0.311 omega^2,3.6184098900e-03,4.8195965553e-04,-9.7267070861e-02,-8.4057243511e-05,6.6283704321e-03,3.1134163831e-01
19156,2024-10-25 12:45:00,0.011731,0.225342,0.159557,0.001 1 + 0.001 theta + 0.972 omega + 0.002 theta omega + 0.004 omega^2,0.001 1 + 0.001 theta + -0.057 omega + 0.004 theta omega + 0.005 omega^2,1.2303991296e-03,1.4254469597e-03,-5.6547287064e-02,-1.3074662278e-04,3.9988200724e-03,5.3491468035e-03
19157,2024-10-25 12:50:00,0.035042,1.388319,0.982002,0.993 omega + -0.002 theta omega + -0.124 omega^2,-0.012 omega + -0.004 theta omega + -0.235 omega^2,6.7388665262e-05,-3.6006033429e-04,-1.2063645539e-02,1.4666625662e-04,-4.3613552543e-03,-2.3473600743e-01
19158,2024-10-25 12:55:00,0.031501,1.492763,1.055778,0.001 1 + 1.004 omega + -0.100 omega^2,0.002 1 + 0.009 omega + -0.001 theta omega + -0.195 omega^2,1.9130735517e-03,-2.8631670855e-04,9.4840495250e-03,2.1524579224e-06,-1.0503088550e-03,-1.9472919986e-01
19159,2024-10-25 13:00:00,0.054786,1.544385,1.092732,-0.002 1 + 0.995 omega + 0.024 omega^2,-0.003 1 + -0.008 omega + -0.001 theta omega + 0.050 omega^2,-2.8488942950e-03,-3.4790698021e-05,-7.7865553589e-03,4.2041112550e-06,-5.8197436736e-04,5.0216485567e-02
19160,2024-10-25 13:05:00,0.027318,1.327509,0.938890,0.993 omega + 0.010 omega^2,-0.006 omega + 0.003 omega^2,-2.9957273293e-04,1.7463659512e-05,-6.3123076800e-03,-1.8834108234e-08,2.2631815334e-04,3.4817009183e-03
19161,2024-10-25 13:10:00,0.061425,3.058913,2.163414,-0.001 1 + 1.009 omega + 0.001 theta omega + 0.030 omega^2,-0.001 1 + 0.020 omega + 0.001 theta omega + 0.074 omega^2,-1.1418761789e-03,-1.6502919004e-04,1.9790712565e-02,-6.5007599462e-06,1.3698135105e-03,7.3567282732e-02
19162,2024-10-25 13:15:00,0.024436,0.473909,0.335550,-0.001 1 + 0.997 omega + 0.010 omega^2,-0.002 1 + -0.006 omega + 0.001 theta omega + 0.015 omega^2,-2.2651107632e-03,3.3054585650e-04,-5.7448181969e-03,4.3398922978e-05,9.3803747260e-04,1.4570412970e-02
19163,2024-10-25 13:20:00,nan,nan,nan,0.002 1 + 0.973 omega + 0.006 theta omega + 0.078 omega^2,0.004 1 + -0.052 omega + 0.012 theta omega + 0.157 omega^2,3.8806044798e-03,-3.1272889798e-04,-5.2425481175e-02,-1.4862443863e-04,1.1645760771e-02,1.5674346527e-01
19164,2024-10-25 13:25:00,0.059778,2.760484,1.952415,1.008 omega + -0.004 theta omega + 0.167 omega^2,0.016 omega + -0.007 theta omega + 0.303 omega^2,4.8731353910e-05,-3.2795692849e-04,1.5554378168e-02,-7.1341861132e-05,-7.4331817822e-03,3.0313681706e-01
19165,2024-10-25 13:30:00,0.024801,0.613577,0.434218,-0.001 1 + 1.009 omega + -0.001 theta omega + -0.009 omega^2,-0.002 1 + 0.028 omega + -0.001 theta omega + -0.047 omega^2,-1.8691576507e-03,1.8445399203e-04,2.7782428024e-02,-5.0918730326e-06,-1.2885248133e-03,-4.6567885999e-02
19166,2024-10-25 13:35:00,0.042928,4.491046,3.175794,-0.001 1 + 1.040 omega + -0.001 theta omega + -0.180 omega^2,-0.002 1 + 0.080 omega + -0.002 theta omega + -0.355 omega^2,-1.7232307493e-03,-5.5800463701e-05,7.9895328897e-02,2.9969246896e-06,-1.6743554533e-03,-3.5517032558e-01
19167,2024-10-25 13:40:00,0.182581,8.040070,5.686654,0.001 1 + -0.001 theta + 0.996 omega + 0.003 theta omega + -0.007 omega^2,0.003 1 + -0.001 theta + -0.006 omega + 0.006 theta omega + -0.001 omega^2,2.8461733151e-03,-1.3279594595e-03,-6.0117374798e-03,6.1644771524e-05,5.7974420111e-03,-1.1052131850e-03
19168,2024-10-25 13:45:00,nan,nan,nan,1.003 omega + -0.001 theta omega + 0.061 omega^2,0.011 omega + -0.001 theta omega + 0.111 omega^2,-4.9517607419e-04,-2.0797019323e-04,1.0917526380e-02,8.5148706944e-06,-1.1249460264e-03,1.1140630699e-01
19169,2024-10-25 13:50:00,nan,nan,nan,-0.002 1 + -0.001 theta + 1.007 omega + 0.003 theta omega + 0.067 omega^2,-0.003 1 + -0.001 theta + 0.015 omega + 0.005 theta omega + 0.140 omega^2,-3.4595956739e-03,-1.1947611414e-03,1.5343782938e-02,1.0999755147e-04,4.8609455548e-03,1.4005668812e-01
19170,2024-10-25 13:55:00,0.021155,0.726621,0.514016,-0.001 1 + 1.013 omega + -0.001 theta omega + 0.018 omega^2,-0.001 1 + 0.023 omega + -0.001 theta omega + 0.025 omega^2,-1.4060155141e-03,5.8025609986e-05,2.3224688653e-02,-5.8160426290e-06,-1.2699483363e-03,2.4707768944e-02
19171,2024-10-25 14:00:00,0.050925,5.243816,3.708113,-0.021 1 + -0.001 theta + 0.876 omega + -0.002 theta omega + -0.171 omega^2,-0.041 1 + -0.002 theta + -0.246 omega + -0.005 theta omega + -0.344 omega^2,-4.1484827066e-02,-1.6371687867e-03,-2.4620774494e-01,-1.4446745616e-05,-4.9562687387e-03,-3.4449507749e-01
19172,2024-10-25 14:05:00,nan,nan,nan,1.013 omega + 0.001 theta omega + -0.038 omega^2,-0.001 theta + 0.028 omega + 0.001 theta omega + -0.080 omega^2,3.4899633946e-04,-7.7994688108e-04,2.7627207709e-02,3.0593345218e-05,1.2484960893e-03,-7.9731492547e-02
19173,2024-10-25 14:10:00,0.261430,12.493125,8.835907,0.003 1 + -0.001 theta + 0.982 omega + 0.005 theta omega + -0.080 omega^2,0.006 1 + -0.002 theta + -0.035 omega + 0.010 theta omega + -0.150 omega^2,5.8936214365e-03,-1.5021715463e-03,-3.4549101474e-02,3.3247044527e-05,1.0471910072e-02,-1.5021799537e-01
19174,2024-10-25 14:15:00,0.127075,5.584401,3.949790,-0.001 theta + 1.005 omega + -0.004 theta omega + 0.018 omega^2,-0.001 theta + 0.011 omega + -0.008 theta omega + 0.041 omega^2,-3.8942402819e-04,-1.1358353020e-03,1.0900278283e-02,1.4557432188e-04,-7.7249897040e-03,4.1347749396e-02
19175,2024-10-25 14:20:00,0.013828,0.708738,0.501249,0.998 omega + -0.001 theta omega + 0.056 omega^2,0.001 1 + -0.003 omega + -0.002 theta omega + 0.114 omega^2,8.0752610045e-04,-1.5764679243e-04,-3.0791291040e-03,1.8445110977e-05,-2.0120119289e-03,1.1415102098e-01
19176,2024-10-25 14:25:00,0.019509,0.398280,0.281964,0.001 1 + 0.992 omega + 0.002 theta omega + 0.016 omega^2,0.002 1 + -0.001 theta + -0.015 omega + 0.005 theta omega + 0.028 omega^2,1.6929444663e-03,-7.8355851230e-04,-1.5219147910e-02,-2.0443727813e-04,4.5785773780e-03,2.8310892058e-02
19177,2024-10-25 14:30:00,nan,nan,nan,-0.001 1 + 1.007 omega + -0.005 theta omega + 0.173 omega^2,-0.002 1 + 0.018 omega + -0.010 theta omega + 0.342 omega^2,-1.6676173758e-03,3.9525135623e-04,1.7621236995e-02,2.3612226723e-05,-9.7535529964e-03,3.4202779121e-01
19178,2024-10-25 14:35:00,nan,nan,nan,-0.001 1 + 0.001 theta + 1.002 omega + -0.123 omega^2,-0.002 1 + 0.002 theta + 0.005 omega + -0.241 omega^2,-2.2109124590e-03,1.9180393110e-03,4.6299481480e-03,-1.2127085951e-04,-2.5669792494e-04,-2.4133859254e-01
19179,2024-10-25 14:40:00,0.033837,1.725783,1.220548,0.001 1 + 1.004 omega + -0.041 omega^2,0.001 1 + 0.007 omega + 0.001 theta omega + -0.077 omega^2,1.2304146563e-03,4.9265660314e-04,7.1717170274e-03,5.1649022438e-05,8.6358037368e-04,-7.7095603632e-02
19180,2024-10-25 14:45:00,nan,nan,nan,-0.001 1 + 1.001 omega + -0.021 omega^2,-0.002 1 + 0.003 omega + -0.001 theta omega + -0.035 omega^2,-1.8149282909e-03,-4.3669126709e-04,3.4023608248e-03,-7.1097572790e-06,-7.2328109786e-04,-3.4732411185e-02
19181,2024-10-25 14:50:00,nan,nan,nan,-0.004 1 + 0.980 omega + -0.001 theta omega + -0.006 omega^2,-0.009 1 + -0.001 theta + -0.046 omega + -0.003 theta omega + -0.019 omega^2,-9.0439346442e-03,-1.0829781089e-03,-4.6135682060e-02,-3.0841504562e-05,-2.7777778978e-03,-1.8757250349e-02
19182,2024-10-25 14:55:00,nan,nan,nan,0.002 theta + 0.999 omega + 0.107 omega^2,0.003 theta + -0.002 omega + 0.001 theta^2 + -0.001 theta omega + 0.223 omega^2,-2.1155114315e-04,3.3546629752e-03,-1.5615666522e-03,5.9356951794e-04,-5.5517427397e-04,2.2346647517e-01
19183,2024-10-25 15:00:00,0.025706,0.736103,0.520821,0.001 1 + 0.998 omega + 0.012 omega^2,0.001 1 + -0.002 omega + -0.001 theta omega + 0.018 omega^2,1.0483974660e-03,-3.3210794646e-05,-1.5290807024e-03,-9.3861172492e-07,-5.9319803770e-04,1.7729583788e-02
19184,2024-10-25 15:05:00,0.037177,1.428139,1.010189,0.004 1 + 0.982 omega + 0.001 theta omega + -0.035 omega^2,0.007 1 + -0.038 omega + 0.003 theta omega + -0.068 omega^2,7.3611071782e-03,-3.7936955832e-04,-3.7547482177e-02,-1.7759067823e-05,3.0393437403e-03,-6.8123588920e-02
19185,2024-10-25 15:10:00,0.038165,1.298697,0.918714,0.002 1 + 0.990 omega + 0.001 theta omega + -0.004 omega^2,0.003 1 + -0.018 omega + 0.001 theta omega + -0.006 omega^2,3.0999924354e-03,-2.2611638618e-04,-1.8411845526e-02,-1.3572023082e-06,1.4661539032e-03,-5.6592866084e-03
19186,2024-10-25 15:15:00,0.040953,4.888192,3.456595,0.005 1 + 1.018 omega + 0.002 theta omega + -0.020 omega^2,0.010 1 + 0.001 theta + 0.037 omega + 0.004 theta omega + -0.032 omega^2,9.7677103673e-03,7.4374830864e-04,3.7328316378e-02,-2.8488866064e-06,3.8158472295e-03,-3.1840983140e-02
19187,2024-10-25 15:20:00,0.016717,0.763907,0.540293,0.002 1 + 1.018 omega + -0.152 omega^2,0.004 1 + -0.001 theta + 0.036 omega + 0.001 theta omega + -0.299 omega^2,3.5043039017e-03,-6.6223722768e-04,3.5563938052e-02,1.7811451541e-05,8.8174012250e-04,-2.9923924527e-01
19188,2024-10-25 15:25:00,nan,nan,nan,0.010 1 + 0.905 omega + 0.004 theta omega + 0.060 omega^2,0.020 1 + -0.001 theta + -0.184 omega + 0.008 theta omega + 0.113 omega^2,2.0219172083e-02,-8.4127088200e-04,-1.8385368000e-01,-3.4355756345e-06,7.8408498422e-03,1.1338981121e-01
19189,2024-10-25 15:30:00,0.063157,7.265202,5.137467,1.003 omega + 0.002 omega^2,-0.001 1 + 0.010 omega + -0.014 omega^2,-7.3862918512e-04,4.6339296780e-05,9.5358239799e-03,-1.6261271401e-07,-3.6601528029e-04,-1.4304802333e-02
19190,2024-10-25 15:35:00,0.055816,4.161657,2.943001,1.013 omega + -0.031 omega^2,-0.001 1 + 0.028 omega + -0.001 theta omega + -0.070 omega^2,-9.1363074820e-04,9.1753578022e-06,2.7615852437e-02,1.2839996813e-06,-6.5288649348e-04,-6.9995361282e-02
19191,2024-10-25 15:40:00,0.075751,5.024825,3.553491,1.004 omega + -0.001 theta omega + -0.010 omega^2,0.001 1 + 0.007 omega + -0.001 theta omega + -0.030 omega^2,8.1102901593e-04,-3.9800417116e-04,7.4593426335e-03,-1.0732455276e-05,-9.8839897091e-04,-3.0206194423e-02
19192,2024-10-25 15:45:00,nan,nan,nan,-0.002 1 + 0.988 omega + -0.001 theta omega + -0.012 omega^2,-0.004 1 + -0.023 omega + -0.001 theta omega + -0.009 omega^2,-3.6356564887e-03,-4.3305989721e-04,-2.3082847691e-02,-1.2478081632e-05,-1.3428951394e-03,-9.1143249583e-03
19193,2024-10-25 15:50:00,0.136406,5.300312,3.749127,0.001 1 + 1.007 omega + 0.034 omega^2,0.001 1 + 0.015 omega + 0.001 theta omega + 0.067 omega^2,1.4675886196e-03,4.8947811850e-04,1.5343893491e-02,2.6526615358e-05,9.0805110668e-04,6.7327184132e-02
19194,2024-10-25 15:55:00,nan,nan,nan,-0.001 1 + 1.002 omega + 0.056 omega^2,-0.002 1 + -0.001 theta + 0.005 omega + 0.001 theta omega + 0.113 omega^2,-1.7045907250e-03,-5.2979456431e-04,4.5147599480e-03,9.7873465574e-06,5.1788466349e-04,1.1333037306e-01
19195,2024-10-25 16:00:00,0.028581,0.693639,0.490893,-0.003 1 + 0.001 theta + 1.035 omega + -0.004 theta omega + -0.096 omega^2,-0.006 1 + 0.002 theta + 0.065 omega + -0.007 theta omega + -0.172 omega^2,-6.2637697571e-03,1.8436285070e-03,6.4578544716e-02,-1.1877913196e-04,-7.0428373623e-03,-1.7245981624e-01
19196,2024-10-25 16:05:00,0.049834,1.848244,1.307381,0.001 1 + 0.994 omega + 0.004 theta omega + -0.115 omega^2,0.002 1 + -0.001 theta + -0.011 omega + 0.008 theta omega + -0.224 omega^2,1.9929698141e-03,-9.0556688086e-04,-1.0679585676e-02,-1.6694806999e-04,7.7099032229e-03,-2.2435536902e-01
19197,2024-10-25 16:10:00,0.019866,1.868577,1.321358,0.003 1 + 1.009 omega + -0.150 omega^2,0.006 1 + 0.018 omega + -0.293 omega^2,6.1907016328e-03,-3.4376136422e-05,1.7924831558e-02,-9.1292872485e-06,4.9014531977e-04,-2.9320310892e-01
19198,2024-10-25 16:15:00,0.086805,5.839876,4.129872,1.000 omega + 0.274 omega^2,-0.001 theta + 0.556 omega^2,4.1809308726e-04,-8.6862855114e-04,-6.1951339938e-05,2.8120187345e-05,-2.3080651359e-04,5.5609104943e-01
19199,2024-10-25 16:20:00,0.031681,0.966998,0.684137,1.002 omega + -0.005 omega^2,0.005 omega + -0.005 omega^2,3.4264081330e-04,-4.2562437477e-04,4.7899725178e-03,1.5155329134e-05,-9.9263029295e-06,-4.8671187313e-03
19200,2024-10-25 16:25:00,0.084885,2.780995,1.967376,-0.001 theta + 1.001 omega + 0.002 theta omega + -0.107 omega^2,-0.001 theta + 0.004 omega + 0.004 theta omega + -0.234 omega^2,1.4994403660e-04,-1.0742814944e-03,4.2242226299e-03,1.1642505318e-04,4.1087128807e-03,-2.3392706230e-01
19201,2024-10-25 16:30:00,0.059115,2.075083,1.467901,1.008 omega + 0.001 theta omega + -0.029 omega^2,0.001 1 + 0.017 omega + 0.001 theta omega + -0.056 omega^2,5.4028226416e-04,-4.2560405291e-04,1.7167459224e-02,3.7592672759e-06,1.2329279726e-03,-5.5686925366e-02
19202,2024-10-25 16:35:00,0.074682,4.483672,3.170874,0.003 1 + 0.971 omega + 0.003 theta omega + 0.018 omega^2,0.006 1 + -0.001 theta + -0.057 omega + 0.007 theta omega + 0.034 omega^2,5.6197835196e-03,-7.9788330027e-04,-5.6707534854e-02,2.5737863088e-06,6.7614151939e-03,3.3686787559e-02
19203,2024-10-25 16:40:00,0.015220,0.455370,0.322175,1.023 omega + -0.110 omega^2,0.053 omega + 0.001 theta omega + -0.241 omega^2,-1.8049172943e-04,-2.6824101101e-04,5.2949432600e-02,1.3363455483e-06,9.6623615528e-04,-2.4147409029e-01
19204,2024-10-25 16:45:00,0.027695,4.372795,3.092095,0.003 1 + 0.920 omega + 0.331 omega^2,0.006 1 + -0.161 omega + 0.664 omega^2,5.7467794568e-03,3.1891351367e-04,-1.6072146864e-01,-6.3138576789e-06,-3.1874115394e-05,6.6421263410e-01
19205,2024-10-25 16:50:00,0.068477,2.286482,1.617512,-0.001 theta + 0.999 omega + 0.008 theta omega + -0.047 omega^2,-0.001 theta + 0.001 omega + 0.016 theta omega + -0.094 omega^2,3.5740178798e-04,-1.0274137048e-03,5.0713562433e-04,3.0851671187e-05,1.5858727592e-02,-9.3622232755e-02
19206,2024-10-25 16:55:00,0.120941,11.742992,8.303990,1.006 omega + -0.010 omega^2,0.014 omega + -0.029 omega^2,3.7678039866e-04,-1.0972352153e-04,1.3655478705e-02,6.8227376996e-06,-4.1721593556e-04,-2.9327922318e-02
19207,2024-10-25 17:00:00,0.057288,5.371428,3.798389,0.006 1 + 0.948 omega + 0.001 theta omega + 0.114 omega^2,0.011 1 + -0.099 omega + 0.002 theta omega + 0.226 omega^2,1.0743835660e-02,-4.0403378887e-04,-9.9424124584e-02,1.1132376017e-06,2.0825159037e-03,2.2582275190e-01
19208,2024-10-25 17:05:00,0.260485,10.275564,7.268255,-0.001 1 + 1.005 omega + 0.008 omega^2,-0.001 1 + -0.001 theta + 0.012 omega + 0.023 omega^2,-1.1548223050e-03,-1.0351403763e-03,1.2450533955e-02,-7.2803586662e-05,7.1654720029e-05,2.2891137537e-02
19209,2024-10-25 17:10:00,0.135749,3.097868,2.192626,0.001 1 + -0.002 theta + 1.004 omega + 0.003 theta omega + -0.022 omega^2,0.001 1 + -0.003 theta + 0.009 omega + 0.005 theta omega + -0.044 omega^2,1.3779071065e-03,-3.0459095136e-03,8.9983093928e-03,4.6068674672e-04,4.6402415028e-03,-4.4266478036e-02
19210,2024-10-25 17:15:00,0.054535,1.387712,0.982018,0.003 1 + 0.980 omega + 0.001 theta omega + -0.028 omega^2,0.005 1 + 0.001 theta + -0.036 omega + 0.001 theta omega + -0.067 omega^2,5.2069255612e-03,5.0246003721e-04,-3.6051857557e-02,-2.9929764348e-05,1.2029027423e-03,-6.6929019553e-02
19211,2024-10-25 17:20:00,0.070644,1.934964,1.369138,-0.001 1 + 0.986 omega + -0.002 theta omega + -0.024 omega^2,-0.001 1 + -0.029 omega + -0.003 theta omega + -0.059 omega^2,-1.4038344546e-03,3.6122948960e-04,-2.8691076205e-02,8.4209917856e-05,-3.2890685232e-03,-5.9184504361e-02
19212,2024-10-25 17:25:00,0.044424,3.668644,2.594313,0.991 omega + -0.046 omega^2,0.001 1 + -0.016 omega + -0.086 omega^2,5.9590327307e-04,1.2526358756e-04,-1.6191170795e-02,1.7034579216e-06,1.0076987201e-04,-8.6450508649e-02
19213,2024-10-25 17:30:00,0.034766,0.761138,0.538767,0.985 omega + -0.001 theta omega + -0.064 omega^2,-0.001 1 + -0.030 omega + -0.002 theta omega + -0.150 omega^2,-7.3381219890e-04,1.7917385833e-04,-2.9635270734e-02,2.6333765730e-05,-2.1535850983e-03,-1.4997704745e-01
19214,2024-10-25 17:35:00,0.004366,0.168699,0.119328,0.010 1 + 0.884 omega + 0.001 theta omega + 0.338 omega^2,0.018 1 + -0.217 omega + 0.002 theta omega + 0.646 omega^2,1.7888609324e-02,-2.6736104436e-04,-2.1709725525e-01,-1.7763211630e-06,2.0379059783e-03,6.4643160756e-01
19215,2024-10-25 17:40:00,0.089964,2.056217,1.455356,-0.001 1 + 0.999 omega + 0.061 omega^2,-0.003 1 + -0.003 omega + -0.001 theta omega + 0.109 omega^2,-2.8780051150e-03,-3.5244148668e-04,-2.9160446076e-03,4.2691066068e-04,-6.3123698565e-04,1.0945036789e-01
19216,2024-10-25 17:45:00,0.020775,0.473170,0.334904,0.006 1 + 0.955 omega + 0.001 theta omega + 0.018 omega^2,0.012 1 + -0.088 omega + 0.003 theta omega + 0.046 omega^2,1.2276651417e-02,-3.5509798091e-04,-8.8130118918e-02,-3.4197200762e-06,2.7436098810e-03,4.5529471089e-02
19217,2024-10-25 17:50:00,nan,nan,nan,0.002 1 + 0.975 omega + 0.002 theta omega + 0.105 omega^2,0.004 1 + -0.001 theta + -0.050 omega + 0.004 theta omega + 0.216 omega^2,3.9219152791e-03,-5.1405965119e-04,-5.0174694363e-02,3.1538964112e-06,3.8791640985e-03,2.1616283962e-01
19218,2024-10-25 17:55:00,0.039439,1.046492,0.740507,-0.001 theta + 1.004 omega + -0.003 theta omega + 0.096 omega^2,-0.002 theta + 0.011 omega + -0.007 theta omega + 0.180 omega^2,-3.9981206058e-04,-2.1917936578e-03,1.1186778569e-02,3.7721262439e-04,-7.4417990649e-03,1.7955371185e-01
19219,2024-10-25 18:00:00,0.032400,0.804661,0.569442,0.002 1 + 0.987 omega + 0.027 omega^2,0.003 1 + -0.024 omega + 0.053 omega^2,3.2765960218e-03,-1.1886248850e-04,-2.3568392954e-02,-6.0139094569e-06,4.0887206632e-04,5.3270584360e-02
19220,2024-10-25 18:05:00,0.229996,7.144211,5.054338,-0.001 1 + -0.001 theta + 1.006 omega + 0.054 omega^2,-0.002 1 + -0.001 theta + 0.014 omega + 0.001 theta omega + 0.099 omega^2,-2.0175222637e-03,-1.1588396624e-03,1.4233698771e-02,5.3189509867e-05,5.3836233719e-04,9.8795602860e-02
19221,2024-10-25 18:10:00,0.055260,8.396241,5.937168,-0.013 1 + 1.111 omega + -0.002 theta omega + -0.207 omega^2,-0.027 1 + 0.001 theta + 0.227 omega + -0.004 theta omega + -0.423 omega^2,-2.6625154848e-02,6.9617108203e-04,2.2739125694e-01,2.8571343229e-07,-4.2461876740e-03,-4.2295604974e-01
19222,2024-10-25 18:15:00,nan,nan,nan,0.984 omega + 0.005 theta omega + 0.080 omega^2,0.001 1 + -0.029 omega + 0.011 theta omega + 0.137 omega^2,7.3407457111e-04,4.5247122876e-05,-2.9474460322e-02,-1.2788749918e-04,1.0537739236e-02,1.3651601741e-01
19223,2024-10-25 18:20:00,0.040601,4.857309,3.434756,-0.001 1 + 1.022 omega + -0.002 theta omega + -0.045 omega^2,-0.003 1 + 0.046 omega + -0.003 theta omega + -0.098 omega^2,-2.8256980968e-03,4.1663194098e-04,4.5834008208e-02,4.1039357562e-07,-3.3120243899e-03,-9.7732961726e-02
19224,2024-10-25 18:25:00,0.019143,0.599961,0.424452,-0.001 1 + 1.001 omega + 0.001 theta omega + 0.025 omega^2,-0.002 1 + 0.004 omega + 0.001 theta omega + 0.046 omega^2,-1.5896734777e-03,-3.5115311474e-04,3.5005185102e-03,-1.7952872772e-05,1.4656983521e-03,4.6430678015e-02
19225,2024-10-25 18:30:00,nan,nan,nan,1.036 omega + 0.001 theta omega + -0.159 omega^2,0.001 1 + -0.001 theta + 0.072 omega + 0.001 theta omega + -0.318 omega^2,5.5588145355e-04,-6.2317036540e-04,7.2113083529e-02,9.1289215896e-06,1.3283311994e-03,-3.1835990533e-01
19226,2024-10-25 18:35:00,0.077595,2.449044,1.732604,0.001 1 + 1.002 omega + -0.001 theta omega + 0.034 omega^2,0.002 1 + -0.001 theta + 0.007 omega + -0.003 theta omega + 0.058 omega^2,2.0936510097e-03,-6.9312993930e-04,6.5729581042e-03,-2.7256303533e-05,-2.8827137687e-03,5.8007198300e-02
19227,2024-10-25 18:40:00,0.075606,4.005290,2.832672,-0.003 1 + 1.068 omega + -0.002 theta omega + -0.168 omega^2,-0.006 1 + 0.137 omega + -0.004 theta omega + -0.336 omega^2,-5.9456620956e-03,1.6376778987e-04,1.3722440714e-01,-5.2167123984e-07,-3.5775961945e-03,-3.3639747592e-01
19228,2024-10-25 18:45:00,0.100328,5.751021,4.067204,-0.001 1 + 0.997 omega + -0.015 omega^2,-0.002 1 + -0.001 theta + -0.004 omega + -0.001 theta omega + -0.035 omega^2,-1.9243681179e-03,-1.0143980029e-03,-4.3004261412e-03,-6.7813020826e-05,-5.2346298769e-04,-3.4911190963e-02
19229,2024-10-25 18:50:00,nan,nan,nan,0.001 1 + 0.985 omega + 0.003 theta omega + -0.079 omega^2,0.002 1 + -0.001 theta + -0.027 omega + 0.006 theta omega + -0.135 omega^2,2.4615002864e-03,-7.9300621974e-04,-2.7446992067e-02,6.3019776041e-05,5.6076892961e-03,-1.3451585187e-01
19230,2024-10-25 18:55:00,0.025364,0.656306,0.464425,0.001 1 + 0.983 omega + 0.001 theta omega + 0.112 omega^2,0.002 1 + -0.032 omega + 0.001 theta omega + 0.219 omega^2,1.6614771522e-03,-3.0663037764e-05,-3.2373394146e-02,-1.6709227433e-05,1.2798935184e-03,2.1944791459e-01
19231,2024-10-25 19:00:00,0.067487,1.833571,1.297409,0.002 1 + 1.015 omega + -0.001 theta omega + -0.107 omega^2,0.003 1 + -0.001 theta + 0.032 omega + -0.001 theta omega + -0.214 omega^2,2.9161814510e-03,-5.0068182644e-04,3.1563165498e-02,1.6400464822e-05,-1.4000925048e-03,-2.1401709628e-01
19232,2024-10-25 19:05:00,0.097161,4.101623,2.901099,0.001 1 + 0.001 theta + 1.000 omega + -0.087 omega^2,0.002 1 + 0.001 theta + -0.178 omega^2,1.8598558924e-03,1.1795419988e-03,2.4711669335e-04,1.3766327143e-04,4.8804493164e-04,-1.7782967995e-01
19233,2024-10-25 19:10:00,0.034054,0.925414,0.654810,0.979 omega + 0.002 theta omega + 0.066 omega^2,-0.037 omega + 0.003 theta omega + 0.124 omega^2,1.6722251115e-04,2.1320632610e-04,-3.7128177592e-02,-2.2784733658e-05,3.1130615297e-03,1.2376831570e-01
19234,2024-10-25 19:15:00,nan,nan,nan,0.996 omega + -0.002 theta omega + 0.038 omega^2,-0.001 1 + -0.006 omega + -0.004 theta omega + 0.067 omega^2,-9.0380657022e-04,-1.7189456744e-04,-5.7616153373e-03,1.7327046236e-04,-3.8852012615e-03,6.7436994457e-02
19235,2024-10-25 19:20:00,0.102107,4.300504,3.041773,-0.001 1 + 0.001 theta + 0.996 omega + 0.023 omega^2,-0.002 1 + 0.001 theta + -0.007 omega + 0.039 omega^2,-1.5830471444e-03,1.2241386059e-03,-6.9325211591e-03,-1.6191422456e-04,4.8354788892e-04,3.9031123074e-02
19236,2024-10-25 19:25:00,0.046630,2.766110,1.956213,-0.001 1 + 1.015 omega + -0.039 omega^2,-0.002 1 + 0.033 omega + -0.084 omega^2,-2.0236860884e-03,4.1251101545e-05,3.2506903118e-02,7.1604452228e-08,-4.6879243368e-04,-8.3975071652e-02
19237,2024-10-25 19:30:00,0.021298,3.307098,2.338520,0.002 1 + 0.968 omega + 0.122 omega^2,0.004 1 + -0.073 omega + 0.280 omega^2,3.6886964155e-03,1.2827193345e-04,-7.3437448576e-02,-2.1809867477e-06,-2.3984269051e-04,2.8017139911e-01
19238,2024-10-25 19:35:00,0.047188,2.451247,1.733614,-0.001 1 + 1.006 omega + 0.001 theta omega + 0.059 omega^2,-0.002 1 + 0.012 omega + 0.002 theta omega + 0.107 omega^2,-2.1707071367e-03,-3.4370248864e-04,1.1666850051e-02,1.2756417996e-05,2.0032785401e-03,1.0688826909e-01
19239,2024-10-25 19:40:00,0.114911,5.785725,4.091932,0.997 omega + -0.004 omega^2,-0.004 omega + 0.001 theta omega + -0.022 omega^2,2.8204938519e-04,2.9751814841e-06,-4.0795971576e-03,-6.8034285173e-06,6.8339492406e-04,-2.2203551268e-02
19240,2024-10-25 19:45:00,nan,nan,nan,-0.001 1 + 1.008 omega + 0.002 theta omega + 0.050 omega^2,-0.003 1 + -0.001 theta + 0.018 omega + 0.004 theta omega + 0.093 omega^2,-2.7523168244e-03,-6.6492320988e-04,1.7623280105e-02,6.0054963844e-06,3.5804715716e-03,9.3397420328e-02
19241,2024-10-25 19:50:00,nan,nan,nan,-0.003 1 + 0.004 theta + 1.022 omega + -0.001 theta^2 + -0.005 theta omega + -0.275 omega^2,-0.006 1 + 0.007 theta + 0.047 omega + -0.001 theta^2 + -0.010 theta omega + -0.556 omega^2,-6.2078599330e-03,7.4868710681e-03,4.6521560793e-02,-1.1490975143e-03,-9.7939605360e-03,-5.5578302206e-01
19242,2024-10-25 19:55:00,0.072008,7.520940,5.318351,-0.004 1 + 1.060 omega + -0.003 theta omega + -0.091 omega^2,-0.008 1 + 0.125 omega + -0.005 theta omega + -0.192 omega^2,-7.6069370977e-03,1.6798278452e-04,1.2477974165e-01,8.4803503193e-06,-5.4414104384e-03,-1.9208993229e-01
19243,2024-10-25 20:00:00,0.073363,2.356393,1.667029,0.002 1 + 1.003 omega + -0.001 theta omega + -0.134 omega^2,0.004 1 + -0.001 theta + 0.006 omega + -0.003 theta omega + -0.267 omega^2,4.0024653375e-03,-8.1892514304e-04,6.1373591162e-03,-1.0651615307e-04,-2.6761229182e-03,-2.6708484308e-01
19244,2024-10-25 20:05:00,0.046990,1.518797,1.074465,0.001 1 + 1.012 omega + -0.002 theta omega + -0.058 omega^2,0.001 1 + 0.025 omega + -0.003 theta omega + -0.118 omega^2,1.1535269690e-03,3.6834451011e-04,2.4622195113e-02,-4.1996851009e-05,-3.1953276087e-03,-1.1751576545e-01
19245,2024-10-25 20:10:00,0.086868,2.314894,1.638029,-0.001 1 + 1.000 omega + 0.001 theta omega + 0.037 omega^2,-0.002 1 + -0.001 theta + 0.001 omega + 0.002 theta omega + 0.054 omega^2,-2.1933537584e-03,-7.0057932690e-04,1.1832781899e-03,4.4845455965e-04,1.5926431492e-03,5.3805391913e-02
19246,2024-10-25 20:15:00,0.027853,3.117374,2.204404,0.003 1 + 0.944 omega + -0.001 theta omega + 0.252 omega^2,0.005 1 + -0.111 omega + -0.002 theta omega + 0.503 omega^2,4.9062420416e-03,3.6056834609e-04,-1.1077237128e-01,-4.2895049726e-06,-1.5679919382e-03,5.0316846038e-01
19247,2024-10-25 20:20:00,nan,nan,nan,0.001 1 + 0.001 theta + 0.985 omega + 0.006 theta omega + -0.154 omega^2,0.003 1 + 0.001 theta + -0.031 omega + -0.001 theta^2 + 0.012 theta omega + -0.321 omega^2,2.5043512437e-03,1.2842224809e-03,-3.1426280809e-02,-5.7639351214e-04,1.2267480985e-02,-3.2114889731e-01
19248,2024-10-25 20:25:00,0.026050,0.481344,0.340860,-0.001 1 + -0.002 theta + 1.006 omega + 0.005 theta omega + 0.060 omega^2,-0.002 1 + -0.003 theta + 0.014 omega + 0.009 theta omega + 0.111 omega^2,-1.6457152857e-03,-3.2948856686e-03,1.4349531523e-02,4.7994221956e-04,8.8218288485e-03,1.1146759472e-01
19249,2024-10-25 20:30:00,0.119434,6.472278,4.577371,1.001 omega + -0.001 theta omega + 0.057 omega^2,0.004 omega + -0.001 theta omega + 0.110 omega^2,3.4928602177e-04,-1.0666567146e-04,3.8550448412e-03,-6.1389320665e-06,-1.3243246956e-03,1.1033054505e-01
19250,2024-10-25 20:35:00,0.048065,2.306787,1.631499,0.999 omega + -0.001 theta omega + 0.055 omega^2,0.001 1 + 0.002 omega + -0.002 theta omega + 0.104 omega^2,8.0619251222e-04,1.9908063745e-05,1.7929341403e-03,3.9253306840e-06,-1.6823789022e-03,1.0376173622e-01
19251,2024-10-25 20:40:00,nan,nan,nan,0.019 1 + -0.001 theta + 0.868 omega + 0.003 theta omega + 0.221 omega^2,0.038 1 + -0.001 theta + -0.264 omega + 0.005 theta omega + 0.445 omega^2,3.7834658797e-02,-1.3586159862e-03,-2.6417481071e-01,1.0038986661e-05,5.0291006533e-03,4.4452569188e-01
19252,2024-10-25 20:45:00,0.494203,10.716875,7.586028,1.006 omega + 0.001 theta omega + -0.022 omega^2,-0.001 1 + -0.001 theta + 0.014 omega + 0.001 theta omega + -0.051 omega^2,-8.9603864808e-04,-1.0062233955e-03,1.4107944798e-02,9.1455026840e-05,1.4490071087e-03,-5.0755349889e-02
19253,2024-10-25 20:50:00,0.028236,0.689056,0.487645,0.973 omega + 0.001 theta omega + 0.088 omega^2,0.001 theta + -0.051 omega + 0.003 theta omega + 0.167 omega^2,3.2856728090e-04,9.2786016256e-04,-5.0522601046e-02,-8.7274495212e-05,2.5109289709e-03,1.6738525341e-01
19254,2024-10-25 20:55:00,0.201932,7.466147,5.281293,-0.001 1 + -0.001 theta + 1.004 omega + 0.003 omega^2,-0.002 1 + -0.001 theta + 0.010 omega + 0.001 theta omega + 0.005 omega^2,-1.8924775354e-03,-1.0475634551e-03,1.0063633116e-02,-5.5857050081e-05,5.3810746923e-04,5.0681145884e-03
19255,2024-10-25 21:00:00,0.066299,6.806990,4.813497,-0.007 1 + 1.091 omega + -0.002 theta omega + -0.202 omega^2,-0.015 1 + 0.183 omega + -0.003 theta omega + -0.406 omega^2,-1.4801128768e-02,3.0647934091e-04,1.8331090111e-01,7.9850953622e-07,-3.0712539310e-03,-4.0607827072e-01
19256,2024-10-25 21:05:00,0.038194,0.857329,0.606824,0.001 1 + 0.988 omega + 0.023 omega^2,0.002 1 + -0.024 omega + 0.049 omega^2,2.3598498100e-03,1.9941718717e-04,-2.3898294334e-02,-1.0792212265e-05,2.5429454854e-04,4.8599451216e-02
19257,2024-10-25 21:10:00,0.105387,2.467113,1.746104,0.001 1 + 0.001 theta + 0.990 omega + 0.001 theta omega + -0.116 omega^2,0.003 1 + 0.001 theta + -0.019 omega + 0.002 theta omega + -0.217 omega^2,2.6637378041e-03,1.0679037092e-03,-1.9020236971e-02,-1.2924329016e-04,1.9805934676e-03,-2.1749704276e-01
19258,2024-10-25 21:15:00,0.121350,12.170594,8.606337,1.029 omega + 0.002 theta omega + 0.125 omega^2,-0.001 theta + 0.061 omega + 0.004 theta omega + 0.266 omega^2,-3.4256871549e-04,-5.6448001178e-04,6.1253466792e-02,-4.7797063445e-05,3.5006109259e-03,2.6603978485e-01
19259,2024-10-25 21:20:00,0.487224,9.622509,6.812858,0.998 omega + -0.001 omega^2,-0.005 omega + 0.006 omega^2,-1.6378861122e-04,4.0518996096e-04,-4.7023338208e-03,-1.3986685421e-04,1.7551378471e-04,5.7330287489e-03
19260,2024-10-25 21:25:00,0.022742,0.710672,0.502778,-0.001 1 + 0.996 omega + 0.037 omega^2,-0.001 1 + 0.001 theta + -0.006 omega + 0.082 omega^2,-1.3644590598e-03,6.2604406178e-04,-6.1170382599e-03,4.5120087193e-05,-1.0773023502e-05,8.1535295039e-02
19261,2024-10-25 21:30:00,nan,nan,nan,0.006 1 + 0.002 theta + 1.038 omega + 0.004 theta omega + 0.066 omega^2,0.012 1 + 0.004 theta + 0.080 omega + 0.009 theta omega + 0.138 omega^2,1.1662028823e-02,4.1416456790e-03,8.0120047366e-02,2.9396117513e-04,9.1305323241e-03,1.3794846545e-01
19262,2024-10-25 21:35:00,0.015024,0.244850,0.173461,0.998 omega + -0.016 omega^2,0.001 1 + 0.001 theta + -0.004 omega + -0.036 omega^2,5.8120315890e-04,6.1096482792e-04,-3.9682782142e-03,-5.1728277420e-05,3.9822857270e-05,-3.5643175131e-02
19263,2024-10-25 21:40:00,nan,nan,nan,0.008 1 + -0.003 theta + 0.958 omega + 0.013 theta omega + -0.185 omega^2,0.017 1 + -0.006 theta + -0.082 omega + 0.026 theta omega + -0.388 omega^2,1.7008126614e-02,-5.9438220784e-03,-8.2365473904e-02,4.0184113180e-04,2.5981982078e-02,-3.8831568803e-01
19264,2024-10-25 21:45:00,nan,nan,nan,0.996 omega + 0.031 omega^2,-0.007 omega + 0.001 theta omega + 0.051 omega^2,4.8633441456e-04,-1.8446450522e-04,-6.7638300787e-03,7.1681119066e-06,9.5050636060e-04,5.0998097553e-02
19265,2024-10-25 21:50:00,0.045883,6.172355,4.364635,-0.009 1 + 1.071 omega + -0.002 theta omega + -0.111 omega^2,-0.018 1 + 0.001 theta + 0.146 omega + -0.004 theta omega + -0.222 omega^2,-1.7736795879e-02,7.8981987858e-04,1.4625777739e-01,-7.0877987753e-06,-4.1499527706e-03,-2.2202096676e-01
19266,2024-10-25 21:55:00,nan,nan,nan,-0.001 theta + 0.998 omega + -0.003 theta omega + 0.079 omega^2,-0.001 1 + -0.002 theta + -0.001 omega + -0.007 theta omega + 0.156 omega^2,-8.7012581890e-04,-1.6974416343e-03,-1.1689171396e-03,-3.3821619702e-04,-6.9312321451e-03,1.5604357438e-01
19267,2024-10-25 22:00:00,0.084498,2.652050,1.876234,-0.001 1 + 0.976 omega + -0.002 theta omega + -0.046 omega^2,-0.001 1 + -0.048 omega + -0.003 theta omega + -0.109 omega^2,-1.3493228841e-03,3.7968636239e-04,-4.8092029418e-02,4.0369224719e-05,-3.2024041190e-03,-1.0850712030e-01
19268,2024-10-25 22:05:00,0.033066,0.904678,0.640131,0.991 omega + 0.066 omega^2,-0.016 omega + -0.001 theta omega + 0.127 omega^2,4.2889182514e-04,1.3103824546e-04,-1.6003166746e-02,-2.6736583706e-06,-7.2537706904e-04,1.2670112645e-01
19269,2024-10-25 22:10:00,0.104792,2.641023,1.868955,0.004 1 + -0.001 theta + 1.000 omega + -0.094 omega^2,0.007 1 + -0.001 theta + -0.199 omega^2,7.4226493549e-03,-1.4910320810e-03,3.9025666227e-04,1.8501981260e-05,6.8157485298e-05,-1.9880518462e-01
19270,2024-10-25 22:15:00,0.565889,32.670038,23.104671,1.005 omega + 0.001 theta omega + -0.016 omega^2,0.001 1 + 0.012 omega + 0.002 theta omega + -0.027 omega^2,9.2322729450e-04,-3.9320866894e-04,1.1983031274e-02,-1.0094406724e-05,2.3321404904e-03,-2.6525813831e-02
19271,2024-10-25 22:20:00,0.006196,0.285101,0.201644,0.001 1 + 0.977 omega + 0.085 omega^2,0.004 1 + -0.073 omega + -0.001 theta omega + 0.259 omega^2,3.9781440628e-03,2.4368638860e-04,-7.2872645561e-02,-1.4841270468e-06,-9.3737952583e-04,2.5877483232e-01
19272,2024-10-25 22:25:00,0.021675,0.690452,0.488464,-0.011 1 + 1.120 omega + -0.001 theta omega + -0.305 omega^2,-0.023 1 + 0.252 omega + -0.003 theta omega + -0.640 omega^2,-2.2721385896e-02,2.9602733925e-04,2.5245283206e-01,1.9432451524e-06,-2.6565370511e-03,-6.3983929036e-01
19273,2024-10-25 22:30:00,0.108012,15.302354,10.820668,-0.001 1 + 1.002 omega + -0.001 theta omega + 0.017 omega^2,-0.003 1 + 0.005 omega + -0.001 theta omega + 0.021 omega^2,-2.5241655202e-03,3.5984934529e-04,4.6793535968e-03,-3.8931519095e-06,-9.4502950584e-04,2.1469674246e-02
19274,2024-10-25 22:35:00,0.011545,1.339510,0.947212,0.002 1 + 0.966 omega + 0.086 omega^2,0.005 1 + -0.073 omega + 0.189 omega^2,5.0366688617e-03,1.4644738909e-04,-7.2925481095e-02,-2.9028533080e-07,-4.5028890670e-04,1.8855568170e-01
19275,2024-10-25 22:40:00,0.031544,0.903001,0.638908,-0.002 1 + 0.982 omega + -0.001 theta omega + 0.140 omega^2,-0.005 1 + 0.001 theta + -0.028 omega + -0.002 theta omega + 0.254 omega^2,-4.6235861861e-03,8.7626047110e-04,-2.8381624323e-02,-1.9414294040e-05,-2.1550558374e-03,2.5379918155e-01
19276,2024-10-25 22:45:00,0.028560,1.879682,1.329290,1.025 omega + -0.084 omega^2,-0.001 1 + 0.050 omega + 0.001 theta omega + -0.166 omega^2,-6.2866345553e-04,-3.1627080250e-04,5.0240783879e-02,2.5001430969e-06,6.9653024961e-04,-1.6585193409e-01
19277,2024-10-25 22:50:00,0.034995,2.782863,1.967937,-0.025 1 + 1.200 omega + -0.372 omega^2,-0.051 1 + 0.404 omega + -0.748 omega^2,-5.1461655489e-02,-1.2353966809e-04,4.0447266224e-01,3.5374367519e-06,-3.8833300651e-04,-7.4831247736e-01
19278,2024-10-25 22:55:00,0.009732,0.578186,0.408897,-0.013 1 + 1.047 omega + -0.036 omega^2,-0.026 1 + 0.098 omega + -0.001 theta omega + -0.074 omega^2,-2.6147713513e-02,2.0187797110e-04,9.8259610589e-02,1.6963255383e-07,-6.6110680991e-04,-7.3863298421e-02
19279,2024-10-25 23:00:00,0.021318,0.543936,0.384916,0.040 1 + -0.002 theta + 0.846 omega + 0.006 theta omega + 0.004 omega^2,0.081 1 + -0.004 theta + -0.309 omega + 0.011 theta omega + 0.003 omega^2,8.1406906518e-02,-4.3523834344e-03,-3.0864911322e-01,4.6441689121e-05,1.1285802090e-02,3.2311792625e-03
19280,2024-10-25 23:05:00,nan,nan,nan,0.001 1 + 1.000 omega + 0.002 theta omega + -0.069 omega^2,0.002 1 + 0.001 omega + 0.004 theta omega + -0.139 omega^2,2.1001245617e-03,-4.6317343042e-04,6.8848008837e-04,-5.6967513789e-05,4.1222303648e-03,-1.3860927890e-01
19281,2024-10-25 23:10:00,nan,nan,nan,0.007 1 + 0.001 theta + 1.030 omega + 0.002 theta omega + 0.036 omega^2,0.014 1 + 0.002 theta + 0.064 omega + 0.004 theta omega + 0.078 omega^2,1.4120697013e-02,2.1119405592e-03,6.3523199265e-02,7.7959311440e-05,4.1106765831e-03,7.7525003379e-02
19282,2024-10-25 23:15:00,nan,nan,nan,-0.001 theta + 1.010 omega + 0.001 theta omega + 0.014 omega^2,-0.001 1 + -0.001 theta + 0.021 omega + 0.002 theta omega + 0.029 omega^2,-8.5591162138e-04,-1.1436030634e-03,2.1493350785e-02,1.8768192514e-05,2.3198272018e-03,2.9243210969e-02
19283,2024-10-25 23:20:00,0.012675,0.366725,0.259469,0.008 1 + 0.935 omega + 0.001 theta omega + 0.134 omega^2,0.016 1 + -0.126 omega + 0.001 theta omega + 0.259 omega^2,1.5610502967e-02,-3.1920920422e-04,-1.2607734379e-01,1.8406880735e-06,1.1258632394e-03,2.5881092625e-01
19284,2024-10-25 23:25:00,nan,nan,nan,1.007 omega + -0.002 theta omega + 0.111 omega^2,-0.001 1 + -0.001 theta + 0.016 omega + -0.004 theta omega + 0.219 omega^2,-5.2517272008e-04,-5.0498925851e-04,1.5951540689e-02,3.0436335479e-05,-3.5076621934e-03,2.1944719946e-01
19285,2024-10-25 23:30:00,0.066741,4.266029,3.016907,-0.001 1 + 1.001 omega + -0.001 theta omega + 0.055 omega^2,-0.002 1 + 0.002 omega + -0.001 theta omega + 0.111 omega^2,-2.2614846347e-03,3.3002970278e-04,1.9243597807e-03,-8.4144449763e-06,-1.3508887221e-03,1.1089613719e-01
19286,2024-10-25 23:35:00,0.009491,0.244130,0.172756,-0.003 1 + 1.066 omega + -0.001 theta omega + -0.170 omega^2,-0.007 1 + 0.135 omega + -0.002 theta omega + -0.343 omega^2,-6.8136477726e-03,1.3942245179e-05,1.3467699771e-01,3.4277947487e-06,-2.1576408645e-03,-3.4285445044e-01
19287,2024-10-25 23:40:00,0.176291,8.899457,6.294101,0.002 1 + 0.984 omega + 0.002 theta omega + -0.016 omega^2,0.005 1 + -0.001 theta + -0.032 omega + 0.004 theta omega + -0.041 omega^2,4.9338055318e-03,-7.3046629803e-04,-3.1733370841e-02,1.5462287115e-05,4.0126145508e-03,-4.1366930833e-02
19288,2024-10-25 23:45:00,0.051048,1.369435,0.969009,-0.002 1 + 1.009 omega + -0.001 theta omega + 0.075 omega^2,-0.003 1 + -0.001 theta + 0.018 omega + -0.002 theta omega + 0.144 omega^2,-3.2920589002e-03,-7.7582557083e-04,1.8099483539e-02,-1.1149651726e-05,-2.4495251644e-03,1.4379832636e-01
19289,2024-10-25 23:50:00,0.036967,5.014241,3.545700,0.002 1 + 1.018 omega + 0.001 theta omega + -0.018 omega^2,0.005 1 + 0.040 omega + 0.002 theta omega + -0.030 omega^2,4.5290455636e-03,1.5390650628e-04,3.9944460991e-02,-2.6694948420e-08,1.9862314088e-03,-2.9907267507e-02
19290,2024-10-25 23:55:00,0.046754,1.299437,0.919435,0.996 omega + 0.018 omega^2,-0.007 omega + 0.040 omega^2,9.4528470857e-05,1.8415601562e-04,-7.0140449287e-03,-1.0858078961e-05,-1.0171090774e-04,3.9883868764e-02
19291,2024-10-26 00:00:00,0.023843,1.679558,1.187746,-0.003 1 + 1.067 omega + -0.001 theta omega + -0.215 omega^2,-0.006 1 + 0.137 omega + -0.001 theta omega + -0.439 omega^2,-5.7267457017e-03,-2.2096454377e-04,1.3719596198e-01,8.5126748406e-06,-1.3164042236e-03,-4.3908979575e-01
19292,2024-10-26 00:05:00,0.037497,1.930966,1.365656,0.001 1 + 1.002 omega + -0.009 omega^2,0.010 omega + -0.030 omega^2,4.2244447687e-04,-6.5204249757e-05,1.0202475127e-02,1.5192191649e-06,-1.8852695020e-04,-2.9760361500e-02
19293,2024-10-26 00:10:00,nan,nan,nan,-0.016 1 + 0.001 theta + 1.081 omega + -0.002 theta omega + -0.070 omega^2,-0.034 1 + 0.001 theta + 0.167 omega + -0.003 theta omega + -0.145 omega^2,-3.3681359191e-02,1.2679258978e-03,1.6657695017e-01,-1.1527025600e-05,-3.4659409518e-03,-1.4526643386e-01
19294,2024-10-26 00:15:00,nan,nan,nan,-0.005 1 + 1.068 omega + -0.001 theta omega + -0.182 omega^2,-0.010 1 + 0.141 omega + -0.001 theta omega + -0.374 omega^2,-9.5392376975e-03,1.0079231001e-04,1.4123099945e-01,-1.1936896148e-06,-1.0907058923e-03,-3.7424175841e-01
19295,2024-10-26 00:20:00,0.098728,8.431570,5.962429,-0.002 1 + 0.988 omega + -0.001 theta omega + -0.030 omega^2,-0.004 1 + -0.023 omega + -0.001 theta omega + -0.065 omega^2,-4.4379359654e-03,-4.2911021723e-04,-2.2776251066e-02,-2.2412552415e-06,-1.3274297700e-03,-6.5050683933e-02
19296,2024-10-26 00:25:00,0.126198,7.824351,5.533371,-0.001 1 + 1.001 omega + -0.007 omega^2,-0.002 1 + 0.003 omega + -0.015 omega^2,-1.6203390438e-03,-2.7691525918e-04,3.0909148206e-03,-4.0045947071e-06,9.8670696532e-05,-1.5362562359e-02
19297,2024-10-26 00:30:00,0.103929,6.670112,4.717054,-0.002 1 + 0.979 omega + -0.003 theta omega + -0.040 omega^2,-0.005 1 + -0.001 theta + -0.039 omega + -0.006 theta omega + -0.079 omega^2,-4.6441143733e-03,-7.6255889814e-04,-3.9363690984e-02,2.1938695620e-05,-6.1792853234e-03,-7.8805324053e-02
19298,2024-10-26 00:35:00,nan,nan,nan,0.001 theta + 1.006 omega + 0.045 omega^2,0.001 1 + 0.001 theta + 0.015 omega + 0.001 theta omega + 0.092 omega^2,9.2772153665e-04,1.3005954699e-03,1.4821370266e-02,1.0779200955e-04,8.9540900395e-04,9.2242153099e-02
19299,2024-10-26 00:40:00,0.142751,6.796708,4.807058,0.001 1 + 1.005 omega + -0.017 omega^2,0.001 1 + -0.001 theta + 0.010 omega + 0.001 theta omega + -0.035 omega^2,1.1686387825e-03,-6.6094999357e-04,9.9857574269e-03,-3.7866797425e-05,7.1759362985e-04,-3.5010920387e-02
19300,2024-10-26 00:45:00,0.123698,4.873934,3.447501,0.001 1 + 1.006 omega + -0.045 omega^2,0.002 1 + 0.013 omega + 0.001 theta omega + -0.089 omega^2,2.4132780459e-03,-3.8986075208e-04,1.3390987976e-02,3.2058228021e-06,6.7866846722e-04,-8.8603247477e-02
19301,2024-10-26 00:50:00,0.013990,0.462622,0.327273,0.002 1 + 1.003 omega + -0.038 omega^2,0.003 1 + 0.007 omega + -0.079 omega^2,3.4165169920e-03,-3.8287453707e-04,7.1815497167e-03,9.1525235358e-06,2.1286615548e-04,-7.8608167410e-02
19302,2024-10-26 00:55:00,0.029058,2.162082,1.528961,-0.019 1 + 1.184 omega + -0.002 theta omega + -0.394 omega^2,-0.037 1 + 0.366 omega + -0.003 theta omega + -0.782 omega^2,-3.7232341681e-02,4.4854491262e-04,3.6564874328e-01,1.4084805365e-06,-3.4734931878e-03,-7.8174850450e-01
19303,2024-10-26 01:00:00,0.051095,2.856904,2.020459,-0.001 1 + 0.997 omega + -0.001 theta omega + 0.019 omega^2,-0.002 1 + -0.006 omega + -0.002 theta omega + 0.033 omega^2,-1.7892745788e-03,-1.8967844980e-04,-6.1570959861e-03,2.8343761991e-05,-2.4357143514e-03,3.3355889186e-02
19304,2024-10-26 01:05:00,nan,nan,nan,1.008 omega + -0.002 theta omega + 0.037 omega^2,-0.001 theta + 0.016 omega + -0.004 theta omega + 0.068 omega^2,-3.9369003914e-04,-6.2202902341e-04,1.6286186081e-02,2.8786020739e-05,-3.6488484743e-03,6.8083664755e-02
19305,2024-10-26 01:10:00,0.116805,14.015951,9.911118,0.997 omega + 0.009 omega^2,-0.001 1 + -0.005 omega + 0.018 omega^2,-7.1860194468e-04,-7.7842485130e-05,-4.8600765784e-03,-1.3748685709e-06,-3.0268875568e-04,1.7831921177e-02
19306,2024-10-26 01:15:00,0.109271,14.105784,9.974595,1.008 omega + 0.001 theta omega + -0.004 omega^2,0.001 1 + 0.019 omega + 0.001 theta omega + -0.002 omega^2,5.6176202283e-04,-6.8434734332e-05,1.9126736987e-02,-6.6999375299e-06,1.3000295453e-03,-1.5936590113e-03
19307,2024-10-26 01:20:00,0.022372,1.116639,0.789742,-0.007 1 + 0.918 omega + -0.195 omega^2,-0.014 1 + -0.161 omega + -0.001 theta omega + -0.390 omega^2,-1.3828291064e-02,8.6732554414e-06,-1.6129574169e-01,2.1820442573e-06,-8.2301739370e-04,-3.8987897471e-01
19308,2024-10-26 01:25:00,0.071347,9.328598,6.596508,0.975 omega + -0.173 omega^2,0.002 1 + 0.001 theta + -0.040 omega + -0.321 omega^2,1.6506822689e-03,5.0941684485e-04,-4.0379973443e-02,2.2161830443e-05,5.0519302739e-05,-3.2056821994e-01
19309,2024-10-26 01:30:00,nan,nan,nan,0.001 1 + 1.009 omega + -0.017 omega^2,0.001 1 + -0.001 theta + 0.020 omega + -0.001 theta omega + -0.038 omega^2,1.0881270458e-03,-8.1680081541e-04,1.9837050724e-02,3.8971437797e-05,-6.9095945631e-04,-3.7966147771e-02
19310,2024-10-26 01:35:00,0.093501,2.735416,1.935361,0.004 1 + -0.001 theta + 0.981 omega + 0.002 theta omega + -0.015 omega^2,0.008 1 + -0.001 theta + -0.036 omega + 0.004 theta omega + -0.034 omega^2,8.2341905050e-03,-1.1246062096e-03,-3.6110587385e-02,1.1214688607e-05,4.3831333148e-03,-3.3571197940e-02
19311,2024-10-26 01:40:00,0.298130,7.917162,5.602247,-0.001 1 + -0.001 theta + 1.009 omega + 0.003 theta omega + -0.033 omega^2,-0.002 1 + -0.001 theta + 0.019 omega + 0.005 theta omega + -0.064 omega^2,-2.2208453229e-03,-1.1377364410e-03,1.8510522566e-02,8.0044123460e-05,5.1341217113e-03,-6.3934084508e-02
19312,2024-10-26 01:45:00,0.052196,3.203213,2.265314,0.002 1 + 0.995 omega + 0.028 omega^2,0.005 1 + -0.008 omega + 0.057 omega^2,4.6274120181e-03,-4.4872337453e-04,-7.5504617895e-03,8.9065058497e-06,-3.0271316671e-04,5.6839599446e-02
19313,2024-10-26 01:50:00,0.097637,4.376362,3.095325,-0.002 1 + 1.000 omega + 0.095 omega^2,-0.004 1 + 0.001 theta + 0.001 theta omega + 0.190 omega^2,-3.7859593002e-03,9.3158319664e-04,-1.7699054981e-04,1.3528420834e-04,6.0702824442e-04,1.8971198382e-01
19314,2024-10-26 01:55:00,0.097566,12.667895,8.957820,0.997 omega + 0.001 theta omega + -0.046 omega^2,-0.003 omega + 0.001 theta omega + -0.082 omega^2,1.7248296748e-04,-5.9211630016e-06,-3.3209619703e-03,-4.7624674315e-06,1.0942057530e-03,-8.2108682380e-02
19315,2024-10-26 02:00:00,nan,nan,nan,-0.054 1 + -0.002 theta + 0.786 omega + -0.006 theta omega + -0.027 omega^2,-0.106 1 + -0.004 theta + -0.417 omega + -0.011 theta omega + -0.048 omega^2,-1.0558319174e-01,-3.9596882133e-03,-4.1748511357e-01,-3.0563548300e-05,-1.0851429024e-02,-4.7859003679e-02
19316,2024-10-26 02:05:00,0.152574,10.747544,7.600427,1.006 omega + -0.032 omega^2,0.001 1 + 0.015 omega + -0.070 omega^2,7.8077650221e-04,-2.2577035116e-04,1.5324362713e-02,1.2349400664e-05,6.6467253713e-06,-6.9745308385e-02
19317,2024-10-26 02:10:00,0.064894,2.803517,1.982917,-0.002 1 + 1.009 omega + -0.011 omega^2,-0.003 1 + 0.018 omega + -0.020 omega^2,-3.3514783816e-03,2.7282477809e-04,1.7622734014e-02,-4.2164897871e-06,-3.0366706820e-04,-1.9773341660e-02
19318,2024-10-26 02:15:00,0.020827,0.902869,0.638595,0.001 1 + 1.013 omega + 0.001 theta omega + 0.019 omega^2,0.002 1 + 0.025 omega + 0.001 theta omega + 0.032 omega^2,2.3133308222e-03,3.5264641107e-04,2.5458673733e-02,1.4556174268e-05,1.4699427007e-03,3.2226802291e-02
19319,2024-10-26 02:20:00,0.128099,6.319930,4.469783,0.002 1 + 0.992 omega + 0.001 theta omega + -0.011 omega^2,0.004 1 + -0.014 omega + 0.001 theta omega + -0.026 omega^2,3.7449174695e-03,-4.5555933715e-04,-1.3929863629e-02,-3.8623102771e-06,1.2025369373e-03,-2.6372822259e-02
19320,2024-10-26 02:25:00,nan,nan,nan,1.000 omega + 0.001 theta omega + 0.031 omega^2,0.001 omega + 0.002 theta omega + 0.076 omega^2,1.4766868506e-04,-4.7297653790e-04,6.1337018784e-04,-2.1121030263e-06,1.6297004317e-03,7.5763959893e-02
19321,2024-10-26 02:30:00,0.108660,3.315500,2.345671,-0.005 1 + 0.002 theta + 1.007 omega + -0.001 theta omega + 0.028 omega^2,-0.010 1 + 0.003 theta + 0.015 omega + -0.002 theta omega + 0.052 omega^2,-9.5414661050e-03,3.0923744703e-03,1.5267148785e-02,-2.1365551835e-04,-2.1893651891e-03,5.1845637639e-02
19322,2024-10-26 02:35:00,nan,nan,nan,1.016 omega + -0.052 omega^2,0.001 1 + -0.001 theta + 0.033 omega + -0.001 theta omega + -0.107 omega^2,8.5995060801e-04,-5.0560758869e-04,3.2618911167e-02,1.6144958085e-05,-5.9016577082e-04,-1.0681062347e-01
19323,2024-10-26 02:40:00,0.041185,4.549271,3.216952,0.006 1 + 0.001 theta + 1.050 omega + 0.004 theta omega + 0.084 omega^2,0.014 1 + 0.001 theta + 0.110 omega + 0.008 theta omega + 0.191 omega^2,1.3875091991e-02,1.3122039409e-03,1.1024419698e-01,1.9567253008e-05,7.8185028007e-03,1.9129361664e-01
19324,2024-10-26 02:45:00,nan,nan,nan,0.974 omega + 0.001 theta omega + 0.098 omega^2,-0.001 1 + 0.001 theta + -0.048 omega + 0.003 theta omega + 0.190 omega^2,-7.6303211172e-04,5.7941421898e-04,-4.8225784671e-02,-4.0930103768e-05,2.6480225952e-03,1.8950343470e-01
19325,2024-10-26 02:50:00,nan,nan,nan,0.013 1 + -0.002 theta + 0.954 omega + 0.004 theta omega + -0.029 omega^2,0.026 1 + -0.004 theta + -0.090 omega + 0.009 theta omega + -0.062 omega^2,2.6016955108e-02,-4.1751512668e-03,-9.0367534218e-02,1.5517230008e-04,8.5268701692e-03,-6.1742246155e-02
19326,2024-10-26 02:55:00,nan,nan,nan,1.013 omega + 0.001 theta omega + -0.064 omega^2,0.001 1 + -0.001 theta + 0.027 omega + 0.002 theta omega + -0.124 omega^2,7.7513492995e-04,-6.4603742931e-04,2.6589722033e-02,4.6025352387e-06,2.3846549555e-03,-1.2421109999e-01
19327,2024-10-26 03:00:00,0.084245,2.078523,1.470945,-0.002 1 + 0.001 theta + 0.997 omega + -0.032 omega^2,-0.004 1 + 0.003 theta + -0.006 omega + -0.064 omega^2,-4.3605148470e-03,2.8998702472e-03,-5.8419078996e-03,-2.2675439278e-04,2.3678826620e-04,-6.4233049613e-02
19328,2024-10-26 03:05:00,0.024594,0.832836,0.589161,0.002 1 + 0.986 omega + 0.061 omega^2,0.004 1 + -0.027 omega + 0.001 theta omega + 0.111 omega^2,4.2686440059e-03,-3.4883584683e-04,-2.6641584999e-02,5.2148115369e-07,6.3822609476e-04,1.1128588344e-01
19329,2024-10-26 03:10:00,0.053562,1.446297,1.023388,-0.001 1 + 0.995 omega + -0.017 omega^2,-0.003 1 + 0.001 theta + -0.010 omega + -0.001 theta omega + -0.026 omega^2,-2.7962455318e-03,8.8638499855e-04,-9.8982188124e-03,2.7067790106e-04,-6.7583956920e-04,-2.6143832175e-02
19330,2024-10-26 03:15:00,0.059992,4.026077,2.847182,1.023 omega + -0.001 theta omega + -0.078 omega^2,-0.001 1 + 0.050 omega + -0.002 theta omega + -0.165 omega^2,-7.8285006163e-04,3.4825360678e-04,5.0056736482e-02,-1.2376081066e-05,-1.8219765248e-03,-1.6519363133e-01
19331,2024-10-26 03:20:00,nan,nan,nan,0.002 1 + -0.001 theta + 0.993 omega + 0.002 theta omega + -0.008 omega^2,0.004 1 + -0.002 theta + -0.013 omega + 0.004 theta omega + -0.017 omega^2,3.7922287722e-03,-1.5395547985e-03,-1.3442999657e-02,1.2019859739e-04,3.5696685070e-03,-1.7327645282e-02
19332,2024-10-26 03:25:00,0.255344,10.413873,7.365934,0.002 1 + -0.001 theta + 0.992 omega + 0.002 theta omega + -0.023 omega^2,0.005 1 + -0.001 theta + -0.015 omega + 0.004 theta omega + -0.046 omega^2,4.9869208154e-03,-1.4871235337e-03,-1.4672738216e-02,5.0760097558e-05,4.3568806836e-03,-4.5504072043e-02
19333,2024-10-26 03:30:00,0.053576,5.971804,4.222873,-0.004 1 + 1.030 omega + -0.001 theta omega + -0.051 omega^2,-0.008 1 + 0.001 theta + 0.063 omega + -0.002 theta omega + -0.113 omega^2,-7.7218863734e-03,5.3450466346e-04,6.3416669622e-02,-6.1325149224e-06,-2.0940704254e-03,-1.1311586581e-01
19334,2024-10-26 03:35:00,0.235499,9.258244,6.548684,-0.001 1 + 0.998 omega + 0.057 omega^2,-0.001 1 + 0.001 theta + -0.005 omega + 0.001 theta omega + 0.112 omega^2,-1.3825292169e-03,7.7490050241e-04,-4.5129332649e-03,-1.2163917346e-04,7.3528391873e-04,1.1225675263e-01
19335,2024-10-26 03:40:00,nan,nan,nan,0.001 1 + -0.001 theta + 1.012 omega + -0.003 theta omega + 0.014 omega^2,0.002 1 + -0.002 theta + 0.024 omega + -0.006 theta omega + 0.021 omega^2,1.7512272282e-03,-2.3622865486e-03,2.3518544159e-02,3.0840137895e-04,-6.0886478003e-03,2.1299855006e-02
19336,2024-10-26 03:45:00,0.018672,0.393592,0.278624,0.002 1 + 1.004 omega + -0.086 omega^2,0.005 1 + 0.008 omega + -0.165 omega^2,4.7008364999e-03,-4.6599650333e-04,7.6644939870e-03,6.2027024462e-06,-4.5013563175e-04,-1.6547254129e-01
19337,2024-10-26 03:50:00,0.013647,0.519566,0.367515,0.002 1 + 0.998 omega + 0.019 omega^2,0.003 1 + -0.004 omega + 0.034 omega^2,3.2556162242e-03,-4.4093561265e-04,-3.6430086053e-03,1.1774353163e-05,-2.0814243824e-04,3.4282889247e-02
19338,2024-10-26 03:55:00,0.074363,3.142148,2.222456,0.999 omega + 0.001 theta omega + -0.014 omega^2,-0.001 1 + -0.001 omega + 0.001 theta omega + -0.035 omega^2,-8.6908523434e-04,-4.8324271043e-04,-9.5963345861e-04,-2.8906314549e-05,1.0910030789e-03,-3.5306973025e-02
19339,2024-10-26 04:00:00,0.039463,1.303947,0.922452,-0.001 1 + 0.990 omega + -0.001 theta omega + 0.003 omega^2,-0.001 1 + -0.020 omega + -0.002 theta omega + -0.002 omega^2,-1.3937614280e-03,2.2056839063e-04,-1.9896361157e-02,3.0857493672e-05,-1.8569572513e-03,-2.4949003293e-03
19340,2024-10-26 04:05:00,nan,nan,nan,-0.001 1 + 1.006 omega + 0.001 theta omega + 0.071 omega^2,-0.001 1 + -0.001 theta + 0.013 omega + 0.002 theta omega + 0.133 omega^2,-1.1959807891e-03,-9.7074978516e-04,1.3283610943e-02,-9.4539118183e-05,1.9833205952e-03,1.3263164585e-01
19341,2024-10-26 04:10:00,0.173960,7.174077,5.074330,1.006 omega + 0.001 omega^2,0.001 1 + -0.001 theta + 0.014 omega + 0.007 omega^2,7.8627593590e-04,-7.1266738191e-04,1.3637373691e-02,2.9727241747e-05,-1.6722722776e-05,7.2733129817e-03
19342,2024-10-26 04:15:00,0.068790,1.934477,1.368746,0.002 1 + 1.005 omega + -0.001 theta omega + -0.048 omega^2,0.004 1 + 0.011 omega + -0.003 theta omega + -0.104 omega^2,4.2610531004e-03,-4.3405411083e-05,1.0603189786e-02,-9.3563240271e-05,-2.5845677167e-03,-1.0431814150e-01
19343,2024-10-26 04:20:00,nan,nan,nan,-0.005 1 + -0.001 theta + 0.971 omega + -0.006 theta omega + 0.019 omega^2,-0.010 1 + -0.002 theta + -0.056 omega + -0.012 theta omega + 0.041 omega^2,-1.0090452648e-02,-1.8949392117e-03,-5.6493140489e-02,1.0537535430e-05,-1.2446238322e-02,4.0739059618e-02
19344,2024-10-26 04:25:00,0.037271,2.478438,1.752718,0.001 1 + 1.018 omega + 0.001 theta omega + 0.046 omega^2,0.001 1 + 0.036 omega + 0.001 theta omega + 0.087 omega^2,1.3649627641e-03,-3.7751062035e-05,3.5540558581e-02,-3.3123535029e-06,1.0573395141e-03,8.7098886768e-02
19345,2024-10-26 04:30:00,0.048746,1.265922,0.895805,0.002 1 + 0.001 theta + 1.034 omega + -0.006 theta omega + -0.224 omega^2,0.004 1 + 0.002 theta + 0.069 omega + -0.013 theta omega + -0.455 omega^2,3.5165351421e-03,1.9781229172e-03,6.9476002747e-02,-4.1325063790e-04,-1.2688581952e-02,-4.5466339622e-01
19346,2024-10-26 04:35:00,0.083570,2.527191,1.787971,0.002 1 + 0.001 theta + 1.009 omega + 0.001 theta omega + 0.007 omega^2,0.005 1 + 0.001 theta + 0.026 omega + 0.002 theta omega + 0.024 omega^2,4.9233863223e-03,1.0919713122e-03,2.5917437788e-02,5.4552264522e-05,2.0488859977e-03,2.4469592072e-02
19347,2024-10-26 04:40:00,0.358996,9.202929,6.512403,1.007 omega + 0.007 theta omega + -0.169 omega^2,-0.001 theta + 0.016 omega + 0.015 theta omega + -0.323 omega^2,4.2167962701e-04,-9.1769022213e-04,1.5519156126e-02,-2.2529096476e-04,1.4518795365e-02,-3.2275339326e-01
19348,2024-10-26 04:45:00,0.280975,10.119147,7.158075,0.002 1 + -0.001 theta + 1.002 omega + 0.003 theta omega + -0.054 omega^2,0.003 1 + -0.001 theta + 0.006 omega + 0.007 theta omega + -0.107 omega^2,2.9921780884e-03,-1.4920333289e-03,6.0204854604e-03,3.1328575325e-05,6.5676683198e-03,-1.0707454159e-01
19349,2024-10-26 04:50:00,nan,nan,nan,-0.001 1 + -0.001 theta + 1.011 omega + 0.001 theta omega + -0.046 omega^2,-0.002 1 + -0.001 theta + 0.023 omega + 0.003 theta omega + -0.088 omega^2,-1.9054077317e-03,-1.3711409647e-03,2.3344793049e-02,-7.9394434006e-05,2.9121746910e-03,-8.7715582470e-02
19350,2024-10-26 04:55:00,0.093599,6.135194,4.338742,-0.001 1 + 0.998 omega + -0.001 theta omega + 0.032 omega^2,-0.002 1 + -0.004 omega + -0.002 theta omega + 0.059 omega^2,-2.0596353333e-03,-2.1949670989e-04,-3.5841153168e-03,3.8178900179e-05,-2.2957865403e-03,5.8633247045e-02
19351,2024-10-26 05:00:00,nan,nan,nan,-0.007 1 + 0.001 theta + 1.053 omega + -0.002 theta omega + -0.048 omega^2,-0.015 1 + 0.002 theta + 0.109 omega + -0.005 theta omega + -0.097 omega^2,-1.4988630436e-02,1.7297345410e-03,1.0927644585e-01,-4.9726633784e-05,-4.9267659140e-03,-9.7114945580e-02
19352,2024-10-26 05:05:00,nan,nan,nan,-0.032 1 + -0.004 theta + 0.921 omega + -0.007 theta omega + 0.039 omega^2,-0.063 1 + -0.007 theta + -0.156 omega + -0.013 theta omega + 0.082 omega^2,-6.2940535943e-02,-7.3873332364e-03,-1.5593471741e-01,-1.8509562410e-04,-1.3015480012e-02,8.1571557632e-02
19353,2024-10-26 05:10:00,0.045888,5.811100,4.109196,0.003 1 + 1.023 omega + 0.001 theta omega + 0.003 omega^2,0.007 1 + 0.055 omega + 0.003 theta omega + 0.026 omega^2,6.7340178219e-03,3.0672462619e-04,5.5066728927e-02,-2.2170713564e-06,2.7425212154e-03,2.5646941954e-02
19354,2024-10-26 05:15:00,0.062155,2.311591,1.635133,0.003 1 + 0.001 theta + 0.992 omega + -0.049 omega^2,0.005 1 + 0.002 theta + -0.016 omega + -0.001 theta omega + -0.099 omega^2,5.0608281318e-03,1.9917138356e-03,-1.6271083674e-02,1.9124197440e-04,-9.5798022037e-04,-9.8827808477e-02
19355,2024-10-26 05:20:00,0.063303,5.826135,4.119943,0.995 omega + -0.014 omega^2,0.001 1 + -0.005 omega + -0.014 omega^2,1.2666352854e-03,1.4958024375e-04,-4.6387495971e-03,3.5349607633e-06,1.6433438497e-05,-1.3818754215e-02
19356,2024-10-26 05:25:00,nan,nan,nan,0.002 1 + 1.019 omega + 0.002 theta omega + -0.071 omega^2,0.003 1 + 0.044 omega + 0.004 theta omega + -0.133 omega^2,3.3999843833e-03,4.4203833947e-04,4.3670197277e-02,1.2130632849e-05,3.8821706562e-03,-1.3260307779e-01
19357,2024-10-26 05:30:00,0.059276,2.213646,1.565845,-0.001 1 + 1.000 omega + -0.001 theta omega + 0.055 omega^2,-0.003 1 + -0.002 theta omega + 0.106 omega^2,-2.6020512408e-03,-3.3898937747e-04,4.0576981712e-04,-2.2493368865e-06,-1.5673118948e-03,1.0588316396e-01
19358,2024-10-26 05:35:00,0.057521,1.669673,1.181337,-0.003 1 + 0.968 omega + -0.002 theta omega + -0.069 omega^2,-0.006 1 + -0.063 omega + -0.003 theta omega + -0.136 omega^2,-5.6751078232e-03,-7.0319689679e-05,-6.3338406290e-02,2.4730776685e-05,-3.1400091498e-03,-1.3583448807e-01
19359,2024-10-26 05:40:00,0.036395,1.126219,0.796773,0.003 1 + -0.002 theta + 0.993 omega + 0.002 theta omega + -0.025 omega^2,0.007 1 + -0.003 theta + -0.013 omega + 0.003 theta omega + -0.057 omega^2,6.9009795317e-03,-3.1456111217e-03,-1.3469315568e-02,2.6120226405e-04,3.0820561734e-03,-5.7128287702e-02
19360,2024-10-26 05:45:00,0.128790,13.011250,9.200793,0.994 omega + -0.005 omega^2,-0.009 omega + -0.001 theta omega + -0.002 omega^2,-5.0178255137e-05,7.0552565169e-05,-9.0533499266e-03,5.8319515438e-06,-8.1255892143e-04,-2.4908073458e-03
19361,2024-10-26 05:50:00,0.095776,6.145133,4.345793,0.004 1 + -0.001 theta + 1.024 omega + -0.001 theta omega + -0.066 omega^2,0.008 1 + -0.001 theta + 0.049 omega + -0.002 theta omega + -0.133 omega^2,7.5672036830e-03,-1.0557682229e-03,4.8837099502e-02,2.9036796148e-05,-1.5296249957e-03,-1.3254412256e-01
19362,2024-10-26 05:55:00,0.038473,2.633406,1.862298,1.006 omega + -0.098 omega^2,0.001 1 + 0.012 omega + -0.191 omega^2,9.0189659464e-04,-4.4421118620e-04,1.2214158231e-02,5.6085008096e-05,8.2731909095e-05,-1.9136437589e-01
19363,2024-10-26 06:00:00,0.083313,8.166041,5.774563,-0.001 1 + 1.009 omega + -0.001 theta omega + 0.024 omega^2,-0.001 1 + 0.020 omega + -0.002 theta omega + 0.038 omega^2,-1.2187548390e-03,4.2418906353e-05,2.0483163347e-02,3.1702409375e-06,-1.7027304756e-03,3.7733454342e-02
19364,2024-10-26 06:05:00,0.088783,3.700900,2.617684,-0.001 1 + 0.994 omega + 0.028 omega^2,-0.003 1 + 0.001 theta + -0.013 omega + 0.001 theta omega + 0.064 omega^2,-2.7267207408e-03,8.3800933000e-04,-1.3063398079e-02,-4.9262816679e-05,5.2073266760e-04,6.3500566849e-02
19365,2024-10-26 06:10:00,nan,nan,nan,-0.001 1 + 1.013 omega + 0.043 omega^2,-0.002 1 + -0.001 theta + 0.029 omega + 0.095 omega^2,-1.7329880439e-03,-5.2234394128e-04,2.9042195786e-02,-1.3524066298e-05,7.1661538094e-05,9.5460624109e-02
19366,2024-10-26 06:15:00,nan,nan,nan,-0.004 1 + -0.001 theta + 0.986 omega + -0.002 theta omega + 0.012 omega^2,-0.008 1 + -0.001 theta + -0.027 omega + -0.004 theta omega + 0.022 omega^2,-7.9510947636e-03,-1.0082610114e-03,-2.7445641094e-02,-7.9473041920e-06,-4.1180221023e-03,2.1848953734e-02
19367,2024-10-26 06:20:00,0.118593,7.554956,5.342819,0.003 1 + 1.013 omega + 0.001 theta omega + 0.010 omega^2,0.006 1 + 0.001 theta + 0.028 omega + 0.001 theta omega + 0.024 omega^2,5.8177701696e-03,5.3602612597e-04,2.7852771750e-02,1.0936241455e-05,1.1580000561e-03,2.3847413803e-02
19368,2024-10-26 06:25:00,0.069418,7.771796,5.495709,-0.001 1 + 1.012 omega + -0.001 theta omega + -0.019 omega^2,-0.002 1 + 0.027 omega + -0.001 theta omega + -0.040 omega^2,-2.4417567255e-03,1.0855067127e-04,2.6567998417e-02,5.3673378116e-07,-1.1137750162e-03,-3.9528910544e-02
19369,2024-10-26 06:30:00,nan,nan,nan,-0.002 1 + 1.002 omega + 0.064 omega^2,-0.004 1 + 0.004 omega + -0.001 theta omega + 0.127 omega^2,-4.4904991072e-03,-3.4130416558e-04,3.9181293782e-03,5.9732052037e-06,-6.6376528794e-04,1.2683095567e-01
19370,2024-10-26 06:35:00,0.110635,4.037479,2.856000,-0.001 1 + -0.001 theta + 1.005 omega + 0.001 theta omega + 0.064 omega^2,-0.002 1 + -0.002 theta + 0.013 omega + 0.002 theta omega + 0.116 omega^2,-1.5555521600e-03,-2.2190351081e-03,1.2699740529e-02,1.6856304279e-04,1.6876824181e-03,1.1611958541e-01
19371,2024-10-26 06:40:00,0.049462,1.344359,0.951248,0.001 1 + 0.993 omega + 0.001 theta omega + 0.058 omega^2,0.002 1 + -0.014 omega + 0.001 theta omega + 0.112 omega^2,2.2678303932e-03,-2.5165626814e-04,-1.3596106171e-02,-3.6713534087e-05,1.2071811413e-03,1.1190326746e-01
19372,2024-10-26 06:45:00,0.057783,1.586215,1.122367,1.007 omega + 0.014 omega^2,0.014 omega + 0.025 omega^2,-4.7414068857e-04,-3.3070269998e-04,1.4153763482e-02,-3.3204731126e-06,-3.3450553151e-04,2.5497364939e-02
19373,2024-10-26 06:50:00,0.115855,8.783778,6.211609,0.996 omega + 0.001 theta omega + -0.033 omega^2,0.001 1 + -0.008 omega + 0.003 theta omega + -0.071 omega^2,1.0855396389e-03,-2.0235861223e-04,-8.0665976965e-03,-2.8209656022e-05,2.5764425634e-03,-7.1242857166e-02
19374,2024-10-26 06:55:00,nan,nan,nan,-0.001 1 + -0.001 theta + 0.999 omega + 0.001 theta omega + 0.041 omega^2,-0.002 1 + -0.001 theta + 0.001 omega + 0.002 theta omega + 0.085 omega^2,-1.5017824885e-03,-1.1493188712e-03,1.1282680557e-03,2.3698106881e-04,1.9095022112e-03,8.4538112935e-02
19375,2024-10-26 07:00:00,0.308638,13.285586,9.396862,0.001 1 + -0.001 theta + 1.024 omega + 0.001 theta omega + -0.091 omega^2,0.002 1 + -0.001 theta + 0.049 omega + 0.002 theta omega + -0.185 omega^2,1.9518487039e-03,-1.0554348725e-03,4.9351799974e-02,1.5427779243e-05,2.3851287754e-03,-1.8473072096e-01
19376,2024-10-26 07:05:00,0.009701,0.178440,0.126362,1.000 omega + 0.010 omega^2,0.016 omega^2,-2.8705245447e-04,-4.9775544291e-05,4.0268007322e-04,-1.6073184034e-05,4.1920414558e-04,1.6362912385e-02
19377,2024-10-26 07:10:00,0.036518,0.822029,0.581836,0.993 omega + -0.027 omega^2,-0.001 1 + -0.016 omega + -0.064 omega^2,-5.8876986888e-04,2.6889748011e-04,-1.5760792259e-02,1.5131632852e-05,-1.6003192107e-04,-6.4257934914e-02
19378,2024-10-26 07:15:00,nan,nan,nan,-0.005 1 + 0.002 theta + 1.025 omega + -0.002 theta omega + -0.060 omega^2,-0.011 1 + 0.003 theta + 0.054 omega + -0.005 theta omega + -0.130 omega^2,-1.1270308899e-02,3.0715314478e-03,5.4112539967e-02,-1.7096965369e-04,-5.0391931295e-03,-1.3009579477e-01
19379,2024-10-26 07:20:00,nan,nan,nan,0.005 1 + 0.957 omega + 0.002 theta omega + 0.057 omega^2,0.009 1 + -0.080 omega + 0.003 theta omega + 0.111 omega^2,9.0849980806e-03,-4.0439067538e-04,-8.0440164846e-02,1.1535041259e-07,3.0190033024e-03,1.1072787584e-01
19380,2024-10-26 07:25:00,0.011569,0.243762,0.172560,0.986 omega + 0.038 omega^2,0.001 1 + -0.028 omega + -0.001 theta omega + 0.081 omega^2,6.5227280748e-04,3.6098268149e-04,-2.7512720416e-02,-4.1819743177e-06,-8.7115889186e-04,8.1353650401e-02
19381,2024-10-26 07:30:00,0.245929,30.948326,21.884462,-0.004 1 + 0.998 omega + -0.002 theta omega + 0.156 omega^2,-0.009 1 + 0.001 theta + -0.001 omega + -0.004 theta omega + 0.311 omega^2,-9.3754722098e-03,6.8918088781e-04,-1.0182175093e-03,1.9247383089e-06,-4.2783841079e-03,3.1142689060e-01
19382,2024-10-26 07:35:00,0.021780,3.004082,2.124263,-0.002 1 + 1.008 omega + -0.001 theta omega + 0.031 omega^2,-0.003 1 + 0.018 omega + -0.002 theta omega + 0.050 omega^2,-3.1917231688e-03,1.8244748062e-04,1.7885320223e-02,2.3217045563e-06,-1.7887044896e-03,4.9930463222e-02
19383,2024-10-26 07:40:00,0.006134,0.101993,0.072250,-0.001 1 + 1.010 omega + -0.020 omega^2,-0.005 1 + 0.045 omega + -0.001 theta omega + -0.086 omega^2,-5.1501477261e-03,1.0905781258e-04,4.5145859780e-02,-9.7168650234e-07,-5.2318591002e-04,-8.5826706419e-02
19384,2024-10-26 07:45:00,0.027002,1.852726,1.310214,0.001 1 + 0.979 omega + 0.122 omega^2,0.002 1 + -0.045 omega + -0.001 theta omega + 0.275 omega^2,1.8186491072e-03,1.0170968175e-04,-4.4677489901e-02,-1.2885966686e-06,-8.6315726335e-04,2.7521627042e-01
19385,2024-10-26 07:50:00,0.005118,0.192409,0.136102,0.007 1 + 0.888 omega + -0.001 theta omega + 0.410 omega^2,0.014 1 + 0.001 theta + -0.222 omega + -0.003 theta omega + 0.823 omega^2,1.4181213283e-02,5.4220069115e-04,-2.2192295922e-01,-6.8934519227e-07,-3.0197597283e-03,8.2301450649e-01
19386,2024-10-26 07:55:00,0.021638,1.561222,1.104057,0.003 1 + 0.959 omega + 0.140 omega^2,0.006 1 + -0.080 omega + -0.001 theta omega + 0.281 omega^2,5.9234020137e-03,1.1303115824e-04,-8.0341046805e-02,-1.0588143515e-06,-5.8323272965e-04,2.8061791411e-01
19387,2024-10-26 08:00:00,0.011856,0.300172,0.212419,-0.003 1 + 1.037 omega + -0.078 omega^2,-0.008 1 + 0.081 omega + -0.168 omega^2,-7.6013302141e-03,-6.5587898151e-05,8.0756495937e-02,8.4263865928e-07,-1.2314259607e-04,-1.6785230244e-01
19388,2024-10-26 08:05:00,0.049861,5.210687,3.684681,-0.027 1 + 0.001 theta + 1.165 omega + -0.002 theta omega + -0.209 omega^2,-0.054 1 + 0.001 theta + 0.326 omega + -0.005 theta omega + -0.410 omega^2,-5.3990707449e-02,1.1123041262e-03,3.2578470510e-01,-1.5817258898e-06,-4.6461530968e-03,-4.0967828730e-01
19389,2024-10-26 08:10:00,0.015288,0.262340,0.185817,-0.002 1 + 1.009 omega + -0.001 theta omega + 0.004 omega^2,-0.005 1 + 0.030 omega + -0.001 theta omega + -0.027 omega^2,-4.6219226123e-03,2.7958136524e-04,3.0317748034e-02,-1.8773296833e-06,-1.3350496022e-03,-2.7448574451e-02
19390,2024-10-26 08:15:00,0.019184,0.426767,0.302074,0.002 1 + 0.970 omega + 0.001 theta omega + 0.145 omega^2,0.002 1 + -0.048 omega + 0.001 theta omega + 0.248 omega^2,2.2649375857e-03,-4.6753440137e-05,-4.7538279027e-02,-3.0036831050e-06,8.7876726120e-04,2.4755810010e-01
19391,2024-10-26 08:20:00,0.038539,1.582693,1.119465,0.001 1 + 0.997 omega + -0.092 omega^2,0.001 1 + -0.007 omega + 0.001 theta omega + -0.178 omega^2,1.1478253183e-03,1.1426389523e-04,-6.8399547203e-03,-6.2447356617e-05,8.4744302359e-04,-1.7804605307e-01
19392,2024-10-26 08:25:00,0.104404,7.380982,5.219664,0.994 omega + 0.007 theta omega + -0.060 omega^2,-0.012 omega + 0.014 theta omega + -0.131 omega^2,-3.9167194351e-04,1.4180049935e-04,-1.1693303880e-02,-1.3813891568e-04,1.4072704803e-02,-1.3125042334e-01
19393,2024-10-26 08:30:00,0.021534,0.911382,0.644624,0.001 1 + 0.001 theta + 1.009 omega + 0.001 theta omega + 0.104 omega^2,0.003 1 + 0.002 theta + 0.020 omega + 0.002 theta omega + 0.210 omega^2,3.0678995065e-03,1.6890648863e-03,2.0037244715e-02,1.1697697423e-04,1.8126270070e-03,2.1003373159e-01
19394,2024-10-26 08:35:00,0.680947,27.169250,19.217594,1.000 omega + -0.045 omega^2,-0.001 1 + 0.001 omega + -0.101 omega^2,-5.9289599454e-04,-1.4838726958e-04,6.7992748999e-04,6.5194389048e-05,3.8238424725e-04,-1.0136907733e-01
19395,2024-10-26 08:40:00,0.040283,2.431531,1.719588,-0.004 1 + 0.960 omega + -0.002 theta omega + -0.068 omega^2,-0.008 1 + -0.081 omega + -0.003 theta omega + -0.140 omega^2,-8.1793663701e-03,-3.6642591994e-04,-8.0649909905e-02,2.7902864528e-06,-3.0811782607e-03,-1.4023197408e-01
19396,2024-10-26 08:45:00,0.011908,0.564302,0.399110,0.004 1 + 0.955 omega + 0.001 theta omega + 0.096 omega^2,0.007 1 + -0.086 omega + 0.002 theta omega + 0.197 omega^2,7.2616744306e-03,-1.6266042023e-05,-8.6062954702e-02,-8.5092412778e-06,1.6862853578e-03,1.9749569245e-01
19397,2024-10-26 08:50:00,0.013282,0.228473,0.161827,-0.001 1 + 0.988 omega + -0.055 omega^2,-0.003 1 + -0.020 omega + -0.110 omega^2,-2.5468862193e-03,-1.4126411503e-04,-2.0298306738e-02,-3.0033676081e-06,2.1080024180e-04,-1.0974972145e-01
19398,2024-10-26 08:55:00,0.033418,1.917962,1.356410,1.009 omega + -0.011 omega^2,0.001 1 + 0.019 omega + -0.001 theta omega + -0.016 omega^2,5.1678022138e-04,-3.1602958198e-04,1.9331406754e-02,1.0689174891e-05,-8.1276504836e-04,-1.5605629747e-02
19399,2024-10-26 09:00:00,0.088328,12.739211,9.008199,-0.003 1 + 0.989 omega + -0.002 theta omega + 0.142 omega^2,-0.005 1 + 0.001 theta + -0.019 omega + -0.004 theta omega + 0.276 omega^2,-5.1317254380e-03,9.1948297255e-04,-1.9200385202e-02,-1.0225455229e-05,-3.7282348220e-03,2.7571797569e-01
19400,2024-10-26 09:05:00,0.028633,3.068095,2.169565,0.003 1 + 0.932 omega + -0.002 theta omega + 0.425 omega^2,0.006 1 + -0.133 omega + -0.003 theta omega + 0.845 omega^2,6.0463273310e-03,1.1075918722e-04,-1.3339004187e-01,7.2053641214e-06,-3.4599145330e-03,8.4457008525e-01
19401,2024-10-26 09:10:00,0.016451,2.433039,1.720458,-0.008 1 + 1.114 omega + -0.346 omega^2,-0.016 1 + 0.213 omega + -0.001 theta omega + -0.644 omega^2,-1.5927770748e-02,-1.7373948765e-05,2.1315363960e-01,1.3699656169e-06,-5.1069783072e-04,-6.4385338829e-01
19402,2024-10-26 09:15:00,0.015485,0.852895,0.603187,-0.004 1 + 1.062 omega + -0.001 theta omega + -0.173 omega^2,-0.009 1 + 0.128 omega + -0.001 theta omega + -0.352 omega^2,-9.4406569982e-03,2.8076246609e-05,1.2761108137e-01,2.9863992896e-06,-1.2685413437e-03,-3.5198275348e-01
19403,2024-10-26 09:20:00,0.025143,3.708844,2.622609,0.007 1 + 0.858 omega + 0.555 omega^2,0.014 1 + -0.271 omega + 0.001 theta omega + 1.069 omega^2,1.3557383741e-02,1.8985243591e-04,-2.7143872371e-01,-6.5293591163e-06,9.4241792541e-04,1.0687522836e+00
19404,2024-10-26 09:25:00,0.025516,1.608159,1.137284,0.992 omega + 0.033 omega^2,-0.001 1 + -0.016 omega + 0.001 theta omega + 0.075 omega^2,-7.0225596515e-04,1.7400688615e-04,-1.5726684179e-02,-4.8470540031e-06,5.6879049809e-04,7.4939355861e-02
19405,2024-10-26 09:30:00,0.032882,4.052658,2.865756,0.004 1 + 0.917 omega + 0.388 omega^2,0.007 1 + -0.166 omega + 0.001 theta omega + 0.787 omega^2,7.3353335973e-03,1.0029369080e-04,-1.6602264341e-01,-7.7735620963e-06,9.8562508480e-04,7.8682889492e-01
19406,2024-10-26 09:35:00,0.025142,0.650707,0.460462,0.001 1 + 0.981 omega + 0.084 omega^2,0.002 1 + -0.035 omega + 0.158 omega^2,2.3314844456e-03,-3.0628173710e-05,-3.4605317015e-02,-4.5243172660e-07,-1.1116514741e-04,1.5846473343e-01
19407,2024-10-26 09:40:00,0.029157,2.862103,2.023918,0.001 1 + 0.977 omega + -0.001 theta omega + 0.161 omega^2,0.002 1 + -0.046 omega + -0.003 theta omega + 0.342 omega^2,2.0767943246e-03,1.9812324458e-04,-4.6357818516e-02,3.8516911705e-06,-2.7446813627e-03,3.4220453622e-01
19408,2024-10-26 09:45:00,0.074556,5.400122,3.818827,1.012 omega + 0.001 theta omega + -0.115 omega^2,0.025 omega + 0.001 theta omega + -0.232 omega^2,3.2221259344e-04,-3.0146205567e-04,2.5497998497e-02,9.9918468857e-06,1.1258489337e-03,-2.3164001771e-01
19409,2024-10-26 09:50:00,0.014960,0.443000,0.313427,-0.003 1 + 1.044 omega + -0.121 omega^2,-0.009 1 + 0.103 omega + -0.275 omega^2,-8.5050256088e-03,-4.9479802473e-05,1.0293894692e-01,2.2617555744e-06,-3.9378319734e-04,-2.7493332552e-01
19410,2024-10-26 09:55:00,0.018091,1.328633,0.939573,-0.004 1 + 1.040 omega + -0.003 theta omega + -0.088 omega^2,-0.008 1 + 0.001 theta + 0.085 omega + -0.006 theta omega + -0.186 omega^2,-8.2709253953e-03,7.4152549219e-04,8.5224105052e-02,-1.1394418389e-05,-6.3130900764e-03,-1.8551882228e-01
19411,2024-10-26 10:00:00,nan,nan,nan,0.934 omega + -0.001 theta omega + -0.414 omega^2,-0.001 1 + 0.001 theta + -0.125 omega + -0.001 theta omega + -0.791 omega^2,-7.7334423795e-04,7.0626612450e-04,-1.2506932393e-01,3.5393153384e-05,-1.4583239520e-03,-7.9122228460e-01
19412,2024-10-26 10:05:00,0.034998,3.463582,2.449248,1.015 omega + -0.002 theta omega + 0.163 omega^2,-0.001 1 + 0.036 omega + -0.005 theta omega + 0.371 omega^2,-6.5647581845e-04,-3.2885328178e-04,3.5716127640e-02,1.4761101169e-05,-5.0415501397e-03,3.7140308511e-01
19413,2024-10-26 10:10:00,0.021798,0.424324,0.300438,-0.001 1 + 0.979 omega + -0.062 omega^2,-0.001 1 + -0.040 omega + -0.122 omega^2,-5.0452147853e-04,1.6203636843e-04,-4.0138518229e-02,3.2281484636e-06,-1.5211824279e-04,-1.2218049658e-01
19414,2024-10-26 10:15:00,0.024509,2.393291,1.692401,0.002 1 + 1.053 omega + 0.001 theta omega + 0.191 omega^2,0.005 1 + 0.113 omega + 0.003 theta omega + 0.412 omega^2,4.9979184963e-03,2.9102961537e-05,1.1302850989e-01,-4.9062715287e-06,2.5412342520e-03,4.1195115226e-01
19415,2024-10-26 10:20:00,0.042399,1.514911,1.071623,-0.002 1 + 0.973 omega + -0.003 theta omega + -0.097 omega^2,-0.003 1 + -0.052 omega + -0.007 theta omega + -0.179 omega^2,-2.9034095253e-03,-1.0909868339e-04,-5.1920583552e-02,8.8316278363e-05,-6.8822598446e-03,-1.7872845533e-01
19416,2024-10-26 10:25:00,0.039313,1.824044,1.290093,0.002 1 + 1.029 omega + 0.003 theta omega + 0.106 omega^2,0.003 1 + 0.001 theta + 0.063 omega + 0.007 theta omega + 0.217 omega^2,3.3425775639e-03,9.4608838051e-04,6.3349542256e-02,5.9153579347e-05,6.8656323763e-03,2.1735303315e-01
19417,2024-10-26 10:30:00,0.026447,1.105690,0.782065,-0.001 theta + 1.005 omega + 0.001 theta omega + -0.018 omega^2,-0.001 theta + 0.010 omega + 0.002 theta omega + -0.033 omega^2,4.3961374060e-05,-1.0033229990e-03,1.0296957088e-02,1.2723760523e-04,2.0414618203e-03,-3.2733383095e-02
19418,2024-10-26 10:35:00,nan,nan,nan,-0.002 1 + 1.042 omega + -0.001 theta omega + -0.136 omega^2,-0.005 1 + 0.086 omega + -0.002 theta omega + -0.270 omega^2,-5.0874184188e-03,1.5306710185e-04,8.6033943988e-02,1.1539214765e-06,-1.8883401276e-03,-2.6967095981e-01
19419,2024-10-26 10:40:00,0.032067,1.532663,1.083994,-0.001 1 + 1.022 omega + -0.001 theta omega + -0.076 omega^2,-0.004 1 + 0.058 omega + -0.002 theta omega + -0.188 omega^2,-3.9450626970e-03,2.6155316860e-04,5.8017127418e-02,-5.9509341594e-06,-1.8067449136e-03,-1.8832534559e-01
19420,2024-10-26 10:45:00,0.023682,0.778509,0.550743,0.001 1 + 0.982 omega + 0.082 omega^2,0.002 1 + -0.038 omega + 0.179 omega^2,1.5573346436e-03,9.7203561935e-05,-3.8099172308e-02,-5.5912061724e-06,2.3553695209e-04,1.7879809179e-01
19421,2024-10-26 10:50:00,0.028663,2.529089,1.788451,1.000 omega + 0.001 theta omega + -0.046 omega^2,-0.001 1 + 0.004 omega + 0.001 theta omega + -0.116 omega^2,-7.5620157073e-04,1.3796913990e-04,4.3186503993e-03,-8.9839092636e-06,1.3249874233e-03,-1.1613169654e-01
19422,2024-10-26 10:55:00,nan,nan,nan,0.004 1 + 0.953 omega + 0.002 theta omega + 0.053 omega^2,0.007 1 + -0.087 omega + 0.004 theta omega + 0.093 omega^2,7.0746121838e-03,-3.1176151690e-04,-8.6612681869e-02,-4.5771105565e-06,4.3789158401e-03,9.3238623943e-02
19423,2024-10-26 11:00:00,nan,nan,nan,-0.001 1 + 1.019 omega + -0.110 omega^2,-0.002 1 + 0.046 omega + -0.249 omega^2,-1.6725242396e-03,-3.0113467947e-04,4.6283709130e-02,1.9624543741e-05,3.4956130209e-04,-2.4915061565e-01
19424,2024-10-26 11:05:00,0.070734,10.477896,7.409160,1.019 omega + -0.002 theta omega + 0.002 omega^2,-0.001 1 + 0.044 omega + -0.005 theta omega + -0.015 omega^2,-6.1552475303e-04,-8.0787207114e-05,4.3603321366e-02,1.8748558131e-05,-5.0539316235e-03,-1.5285117394e-02
19425,2024-10-26 11:10:00,0.467960,37.838275,26.757747,1.029 omega + 0.002 theta omega + 0.041 omega^2,-0.001 theta + 0.062 omega + 0.004 theta omega + 0.098 omega^2,3.5571614856e-05,-7.4716425857e-04,6.2187836647e-02,-6.6625129388e-05,4.1740441966e-03,9.7838043034e-02
19426,2024-10-26 11:15:00,0.125334,16.641775,11.767846,0.009 1 + 1.068 omega + 0.002 theta omega + 0.059 omega^2,0.018 1 + 0.136 omega + 0.004 theta omega + 0.115 omega^2,1.8363480006e-02,4.7170553613e-04,1.3550048496e-01,-2.3527599005e-06,3.6515136042e-03,1.1518580506e-01
19427,2024-10-26 11:20:00,0.018025,1.085613,0.767750,0.004 1 + 1.026 omega + 0.001 theta omega + 0.047 omega^2,0.008 1 + 0.001 theta + 0.054 omega + 0.002 theta omega + 0.100 omega^2,8.0261579442e-03,5.5538862619e-04,5.3741272807e-02,8.3580312054e-06,1.5380369962e-03,9.9508273204e-02
19428,2024-10-26 11:25:00,nan,nan,nan,0.968 omega + 0.001 theta omega + -0.188 omega^2,-0.063 omega + 0.003 theta omega + -0.386 omega^2,-3.0196296264e-04,4.6810750607e-04,-6.3291096084e-02,-1.1974470363e-06,3.0685431888e-03,-3.8558531621e-01
19429,2024-10-26 11:30:00,0.034154,2.824578,1.997424,0.002 1 + 1.022 omega + 0.001 theta omega + 0.059 omega^2,0.005 1 + 0.048 omega + 0.001 theta omega + 0.124 omega^2,4.6744449031e-03,1.4935535015e-04,4.8395136741e-02,-1.2046526883e-06,1.2966148819e-03,1.2391908809e-01
19430,2024-10-26 11:35:00,0.039821,2.345803,1.658973,0.002 1 + 1.045 omega + 0.002 theta omega + 0.161 omega^2,0.004 1 + 0.092 omega + 0.004 theta omega + 0.318 omega^2,3.8035179792e-03,4.9682249309e-04,9.1771977989e-02,1.7380186480e-05,3.8608134955e-03,3.1847191459e-01
19431,2024-10-26 11:40:00,0.235881,2.966362,2.104156,0.001 1 + 1.011 omega + -0.004 theta omega + -0.111 omega^2,0.001 1 + 0.024 omega + -0.007 theta omega + -0.214 omega^2,1.0302912169e-03,-2.8594996106e-04,2.4116062019e-02,-2.5755340208e-05,-7.4875179848e-03,-2.1378094457e-01
19432,2024-10-26 11:45:00,nan,nan,nan,0.009 1 + 0.001 theta + 1.071 omega + 0.003 theta omega + 0.092 omega^2,0.017 1 + 0.002 theta + 0.140 omega + 0.007 theta omega + 0.190 omega^2,1.7113918675e-02,1.5732602971e-03,1.3950045429e-01,3.5683710255e-05,6.5037595717e-03,1.9004384772e-01
19433,2024-10-26 11:50:00,0.200818,8.953764,6.332860,1.008 omega + -0.004 theta omega + 0.012 omega^2,0.001 1 + -0.001 theta + 0.018 omega + -0.007 theta omega + 0.005 omega^2,8.3737496018e-04,-8.9922035666e-04,1.8342201778e-02,1.6512448686e-04,-6.8969680140e-03,5.0630338350e-03
19434,2024-10-26 11:55:00,0.032550,2.113814,1.494870,1.004 omega + 0.018 omega^2,0.009 omega + -0.001 theta omega + 0.047 omega^2,1.9313799427e-04,-1.5529506526e-04,9.4052631963e-03,-1.6564548648e-05,-9.3401547959e-04,4.6988058087e-02
19435,2024-10-26 12:00:00,nan,nan,nan,-0.001 1 + 0.969 omega + -0.161 omega^2,-0.053 omega + 0.001 theta omega + -0.307 omega^2,-3.6015535502e-04,5.6860431921e-05,-5.2679790115e-02,-6.6880596130e-07,8.2357237215e-04,-3.0695637069e-01
19436,2024-10-26 12:05:00,0.009219,0.217822,0.154161,0.006 1 + 1.066 omega + 0.001 theta omega + 0.157 omega^2,0.012 1 + 0.135 omega + 0.002 theta omega + 0.315 omega^2,1.2375340835e-02,2.0343020482e-04,1.3475335527e-01,-1.9732315957e-07,1.7168086715e-03,3.1518323311e-01
19437,2024-10-26 12:10:00,0.014886,0.510091,0.360843,0.001 1 + 1.027 omega + 0.074 omega^2,0.002 1 + 0.056 omega + 0.001 theta omega + 0.152 omega^2,2.1324836141e-03,-1.0680073298e-04,5.6057365811e-02,-2.4062310731e-06,5.9623167078e-04,1.5249906952e-01
19438,2024-10-26 12:15:00,0.010003,0.239249,0.169322,0.002 1 + 1.028 omega + 0.065 omega^2,0.005 1 + 0.062 omega + 0.143 omega^2,4.7008602150e-03,-1.0998879024e-04,6.2343261173e-02,-1.9342719869e-06,1.5592254951e-04,1.4319141001e-01
19439,2024-10-26 12:20:00,0.033221,2.551325,1.804212,0.997 omega + 0.024 omega^2,0.001 1 + 0.002 omega + -0.001 theta omega + 0.076 omega^2,6.2115957936e-04,1.4184280796e-04,1.9841838495e-03,7.5613534101e-06,-5.9922129705e-04,7.5533971721e-02
19440,2024-10-26 12:25:00,nan,nan,nan,-0.001 1 + 1.018 omega + 0.001 theta omega + 0.133 omega^2,-0.001 1 + -0.001 theta + 0.038 omega + 0.002 theta omega + 0.282 omega^2,-1.1401070267e-03,-7.9932007361e-04,3.8125582721e-02,-6.2166461189e-05,1.5455960947e-03,2.8226412960e-01
19441,2024-10-26 12:30:00,3.016177,76.509809,54.142627,-0.002 1 + 0.994 omega + 0.016 omega^2,-0.003 1 + -0.001 theta + -0.010 omega + -0.001 theta omega + 0.043 omega^2,-2.9280737479e-03,-7.1097054945e-04,-9.6568727456e-03,-3.9295361109e-05,-8.6834613416e-04,4.2781024320e-02
19442,2024-10-26 12:35:00,0.417588,15.113388,10.690858,-0.001 1 + 0.997 omega + 0.019 omega^2,-0.002 1 + -0.001 theta + -0.003 omega + -0.001 theta omega + 0.045 omega^2,-2.1895113967e-03,-5.8151723127e-04,-2.8843389581e-03,-3.4133165468e-05,-6.5354710574e-04,4.5448461548e-02
19443,2024-10-26 12:40:00,nan,nan,nan,1.004 omega + -0.012 omega^2,0.012 omega + -0.028 omega^2,4.3848003098e-04,-4.9499033109e-04,1.1745562007e-02,6.2693847389e-05,3.7893119504e-05,-2.8369227042e-02
19444,2024-10-26 12:45:00,0.068714,1.730936,1.224921,0.001 1 + -0.001 theta + 1.005 omega + -0.001 theta^2 + -0.007 theta omega + -0.160 omega^2,0.002 1 + -0.001 theta + 0.011 omega + -0.001 theta^2 + -0.014 theta omega + -0.316 omega^2,2.3613356818e-03,-1.4661930310e-03,1.0816680789e-02,-1.4654025663e-03,-1.3542827620e-02,-3.1616254078e-01
19445,2024-10-26 12:50:00,nan,nan,nan,-0.001 1 + -0.001 theta + 1.005 omega + -0.002 theta omega + 0.292 omega^2,-0.001 1 + -0.002 theta + 0.014 omega + -0.004 theta omega + 0.551 omega^2,-1.0562433383e-03,-1.8083634456e-03,1.4318613426e-02,1.7023114041e-04,-4.4059238514e-03,5.5099040062e-01
19446,2024-10-26 12:55:00,nan,nan,nan,0.001 1 + -0.001 theta + 0.990 omega + 0.003 theta omega + 0.075 omega^2,0.001 1 + -0.001 theta + -0.019 omega + 0.006 theta omega + 0.138 omega^2,1.0355665400e-03,-1.0323421248e-03,-1.8571640342e-02,3.2708882167e-05,6.0047541493e-03,1.3780810841e-01
19447,2024-10-26 13:00:00,0.030537,1.588375,1.123359,0.003 1 + 1.026 omega + 0.001 theta omega + 0.043 omega^2,0.007 1 + 0.058 omega + 0.001 theta omega + 0.101 omega^2,6.6412393291e-03,2.9118698117e-04,5.8031064597e-02,3.7855577416e-06,1.2443312405e-03,1.0090379946e-01
19448,2024-10-26 13:05:00,0.033556,3.333839,2.357500,-0.001 1 + 0.968 omega + 0.002 theta omega + -0.312 omega^2,-0.002 1 + -0.058 omega + 0.005 theta omega + -0.600 omega^2,-1.9317296224e-03,2.1948489436e-04,-5.7889179237e-02,-7.0710423292e-07,4.6012532034e-03,-6.0002080758e-01
19449,2024-10-26 13:10:00,0.035497,2.817341,1.992319,0.983 omega + 0.002 theta omega + -0.191 omega^2,0.001 1 + 0.001 theta + -0.030 omega + 0.004 theta omega + -0.381 omega^2,7.9608831010e-04,5.9568024644e-04,-2.9507972774e-02,1.3384617419e-05,3.9133812413e-03,-3.8075211145e-01
19450,2024-10-26 13:15:00,0.051534,1.485061,1.050729,-0.002 1 + 0.976 omega + -0.003 theta omega + -0.028 omega^2,-0.004 1 + -0.049 omega + -0.006 theta omega + -0.061 omega^2,-4.0581406765e-03,-2.0796390228e-04,-4.8651600383e-02,4.6347689774e-05,-5.5687734658e-03,-6.1073568847e-02
19451,2024-10-26 13:20:00,nan,nan,nan,0.001 1 + 0.998 omega + 0.001 theta omega + -0.108 omega^2,0.002 1 + -0.003 omega + 0.003 theta omega + -0.229 omega^2,1.8597432760e-03,-4.1178408006e-04,-3.4741981337e-03,-6.8330315767e-05,2.6502024414e-03,-2.2872248114e-01
19452,2024-10-26 13:25:00,0.052033,0.969184,0.686304,0.001 1 + -0.001 theta + 1.011 omega + -0.013 theta omega + 0.054 omega^2,0.002 1 + -0.002 theta + 0.023 omega + -0.001 theta^2 + -0.024 theta omega + 0.124 omega^2,1.7977112408e-03,-2.3302922903e-03,2.3101681109e-02,-5.3049894434e-04,-2.4445907206e-02,1.2447946106e-01
19453,2024-10-26 13:30:00,0.067412,4.603216,3.255314,1.019 omega + 0.002 theta omega + -0.004 omega^2,0.001 1 + 0.039 omega + 0.005 theta omega,5.2557867427e-04,6.8255824832e-05,3.9308894890e-02,1.4209714317e-06,4.5256453419e-03,4.6179554343e-04
19454,2024-10-26 13:35:00,0.343916,12.394072,8.767306,-0.001 1 + 0.990 omega + -0.001 theta omega + 0.047 omega^2,-0.003 1 + -0.001 theta + -0.019 omega + -0.003 theta omega + 0.109 omega^2,-2.6545631222e-03,-5.1672266066e-04,-1.8527089083e-02,-2.3784213594e-05,-2.8840755232e-03,1.0893979480e-01
19455,2024-10-26 13:40:00,0.012701,0.414617,0.293316,0.974 omega + 0.003 theta omega + -0.258 omega^2,0.001 1 + 0.001 theta + -0.048 omega + 0.005 theta omega + -0.482 omega^2,7.5342599848e-04,6.8703047117e-04,-4.7701065413e-02,5.1261514609e-06,4.8840756776e-03,-4.8191695563e-01
19456,2024-10-26 13:45:00,0.140709,20.897499,14.777098,0.001 1 + 0.969 omega + 0.003 theta omega + -0.312 omega^2,0.002 1 + 0.001 theta + -0.060 omega + 0.006 theta omega + -0.621 omega^2,1.9801529738e-03,7.1884301046e-04,-6.0124564145e-02,-5.4503440658e-06,6.2844033796e-03,-6.2140272133e-01
19457,2024-10-26 13:50:00,nan,nan,nan,0.013 1 + 1.062 omega + 0.003 theta omega + -0.016 omega^2,0.027 1 + 0.001 theta + 0.124 omega + 0.006 theta omega + -0.032 omega^2,2.6657300323e-02,8.9798867999e-04,1.2366143640e-01,-1.0975136864e-05,5.9336861144e-03,-3.1646992446e-02
19458,2024-10-26 13:55:00,0.074203,7.443746,5.263785,1.005 omega + 0.001 theta omega + -0.020 omega^2,0.015 omega + 0.002 theta omega + -0.022 omega^2,3.4459759860e-04,-1.4921106926e-04,1.4718322207e-02,-1.5230496138e-05,1.9644856790e-03,-2.2471173148e-02
19459,2024-10-26 14:00:00,nan,nan,nan,0.002 1 + 1.002 omega + -0.045 omega^2,0.006 1 + 0.009 omega + 0.001 theta omega + -0.082 omega^2,5.6028935976e-03,-4.7326285870e-05,9.3363864312e-03,-2.2249730303e-06,5.1266307428e-04,-8.2218633750e-02
19460,2024-10-26 14:05:00,0.038963,4.705828,3.327637,0.011 1 + 1.092 omega + 0.001 theta omega + 0.169 omega^2,0.022 1 + 0.001 theta + 0.179 omega + 0.002 theta omega + 0.328 omega^2,2.2091832098e-02,5.4601350313e-04,1.7906268138e-01,3.3064718036e-06,2.4296132569e-03,3.2843153108e-01
19461,2024-10-26 14:10:00,nan,nan,nan,-0.001 1 + 0.998 omega + -0.002 theta omega + 0.029 omega^2,-0.002 1 + -0.001 omega + -0.004 theta omega + 0.070 omega^2,-2.4226792661e-03,-3.8852537858e-04,-1.2582825766e-03,2.7528260337e-05,-4.4107631453e-03,6.9674783731e-02
19462,2024-10-26 14:15:00,0.044052,1.660681,1.174692,0.001 1 + 0.994 omega + -0.037 omega^2,0.002 1 + 0.001 theta + -0.012 omega + -0.086 omega^2,1.7901054342e-03,6.3067892039e-04,-1.2279345058e-02,3.8569484463e-05,1.7791842426e-04,-8.5887667193e-02
19463,2024-10-26 14:20:00,nan,nan,nan,0.998 omega + 0.001 theta omega + -0.044 omega^2,-0.001 omega + 0.001 theta omega + -0.078 omega^2,3.2891374619e-05,-1.3498009196e-04,-8.3421060137e-04,-1.3467983525e-05,1.1151172403e-03,-7.8040935279e-02
19464,2024-10-26 14:25:00,nan,nan,nan,0.005 1 + 0.001 theta + 1.000 omega + 0.002 theta omega + -0.141 omega^2,0.010 1 + 0.002 theta + 0.002 omega + 0.004 theta omega + -0.280 omega^2,1.0178985750e-02,2.0000099269e-03,1.7197842198e-03,7.7353443731e-05,3.6672656457e-03,-2.8047593662e-01
19465,2024-10-26 14:30:00,0.016190,0.656108,0.464079,1.006 omega + 0.033 omega^2,0.021 omega + 0.081 omega^2,1.5726597916e-04,-2.5748310871e-04,2.0773738054e-02,-7.0466464544e-06,-2.4672812822e-04,8.1030052893e-02
19466,2024-10-26 14:35:00,0.074676,2.744866,1.941632,0.999 omega + 0.003 omega^2,0.001 omega + 0.010 omega^2,-2.2944023937e-04,1.6323832161e-04,8.9705152680e-04,1.3989202899e-05,6.5001286851e-05,9.6274113626e-03
19467,2024-10-26 14:40:00,0.052705,2.066401,1.461641,0.002 1 + 0.992 omega + -0.002 omega^2,0.003 1 + -0.010 omega + -0.017 omega^2,2.7143775046e-03,-3.2395043874e-04,-1.0212900323e-02,-1.1487709246e-05,-1.2649424892e-04,-1.6727943242e-02
19468,2024-10-26 14:45:00,0.043457,1.804802,1.276557,0.992 omega + -0.075 omega^2,0.001 1 + -0.014 omega + -0.143 omega^2,7.7451097464e-04,3.0223874001e-04,-1.3693632861e-02,1.3374994370e-05,4.5743755723e-04,-1.4262827657e-01
19469,2024-10-26 14:50:00,0.067058,3.908104,2.763854,1.004 omega + -0.003 theta omega + 0.026 omega^2,-0.001 1 + 0.009 omega + -0.005 theta omega + 0.035 omega^2,-7.0466022236e-04,-4.6570023405e-04,9.1933098568e-03,8.1851477954e-05,-5.0579128108e-03,3.5266791949e-02
19470,2024-10-26 14:55:00,0.040216,1.574355,1.113600,-0.001 1 + 1.000 omega + 0.048 omega^2,-0.002 1 + 0.092 omega^2,-1.6624617355e-03,-4.4422597390e-04,4.0922262256e-04,-2.0478182278e-05,-3.4312852570e-04,9.2031268483e-02
19471,2024-10-26 15:00:00,nan,nan,nan,-0.001 1 + 0.001 theta + 1.008 omega + 0.002 theta omega + 0.128 omega^2,-0.002 1 + 0.001 theta + 0.016 omega + 0.004 theta omega + 0.252 omega^2,-1.9279199609e-03,1.1857175107e-03,1.6234446577e-02,4.5087866214e-04,3.5453883947e-03,2.5249332126e-01
19472,2024-10-26 15:05:00,0.079742,5.154696,3.645357,0.002 1 + 0.998 omega + 0.001 theta omega + -0.080 omega^2,0.004 1 + -0.001 theta + -0.003 omega + 0.001 theta omega + -0.157 omega^2,3.7589146593e-03,-5.1755230262e-04,-3.1927513755e-03,1.8626834972e-05,1.2091199024e-03,-1.5657781651e-01
19473,2024-10-26 15:10:00,1.691939,63.691335,45.052463,-0.001 1 + 0.994 omega + 0.001 theta omega + -0.052 omega^2,-0.002 1 + 0.001 theta + -0.010 omega + 0.002 theta omega + -0.102 omega^2,-1.6976318130e-03,5.2464754774e-04,-1.0421099235e-02,5.3372490154e-05,1.5056062757e-03,-1.0215032530e-01
19474,2024-10-26 15:15:00,0.083885,5.426975,3.837909,-0.001 1 + -0.001 theta + 1.000 omega + 0.243 omega^2,-0.003 1 + -0.002 theta + 0.001 omega + -0.001 theta omega + 0.488 omega^2,-2.9151747274e-03,-1.8144456344e-03,5.7716961568e-04,1.7888379919e-04,-9.0090572144e-04,4.8839503579e-01
19475,2024-10-26 15:20:00,0.034527,1.129157,0.798808,0.001 1 + 1.000 omega + 0.001 theta omega + -0.028 omega^2,0.001 1 + 0.001 omega + 0.001 theta omega + -0.052 omega^2,1.3368382075e-03,-2.9191163175e-04,1.1519688251e-03,-4.1107010152e-05,1.0027782049e-03,-5.2238422965e-02
19476,2024-10-26 15:25:00,0.030361,1.040087,0.735766,1.009 omega + 0.001 theta omega + 0.007 omega^2,0.001 1 + 0.020 omega + 0.002 theta omega + 0.020 omega^2,9.9542306159e-04,3.8403268904e-04,2.0133699414e-02,2.2057596187e-05,1.5635827504e-03,1.9858943925e-02
19477,2024-10-26 15:30:00,0.073174,5.766098,4.077575,1.006 omega + 0.002 theta omega + -0.023 omega^2,-0.001 1 + 0.014 omega + 0.003 theta omega + -0.044 omega^2,-8.2296699883e-04,-4.1885791679e-04,1.3776772817e-02,-3.7264630875e-05,3.2078280080e-03,-4.3787804017e-02
19478,2024-10-26 15:35:00,nan,nan,nan,-0.015 1 + 0.902 omega + -0.003 theta omega + -0.007 omega^2,-0.031 1 + -0.001 theta + -0.201 omega + -0.006 theta omega + -0.003 omega^2,-3.1487340673e-02,-6.8195735835e-04,-2.0129693222e-01,7.4342883511e-06,-5.9953939334e-03,-3.3187803416e-03
19479,2024-10-26 15:40:00,0.097208,8.432112,5.962800,-0.001 1 + 1.020 omega + 0.001 theta omega + 0.060 omega^2,-0.001 1 + -0.001 theta + 0.042 omega + 0.002 theta omega + 0.128 omega^2,-9.5882675293e-04,-5.1165302826e-04,4.1904692017e-02,-2.6819215265e-05,2.0327633999e-03,1.2750132531e-01
19480,2024-10-26 15:45:00,0.315080,9.188033,6.500739,-0.006 1 + -0.002 theta + 0.972 omega + -0.009 theta omega + 0.053 omega^2,-0.011 1 + -0.003 theta + -0.055 omega + -0.018 theta omega + 0.110 omega^2,-1.1312037948e-02,-3.0455859238e-03,-5.5054817921e-02,-1.6133515872e-05,-1.7939321399e-02,1.1048568989e-01
19481,2024-10-26 15:50:00,0.021785,1.110815,0.785616,-0.003 1 + 0.982 omega + -0.023 omega^2,-0.007 1 + -0.042 omega + -0.060 omega^2,-7.0505470614e-03,-1.0043523930e-04,-4.1551750378e-02,-1.1807280824e-07,-3.1428450199e-04,-5.9689546985e-02
19482,2024-10-26 15:55:00,1.266679,74.427081,52.635515,0.003 1 + 1.008 omega + 0.001 theta omega + -0.053 omega^2,0.006 1 + 0.014 omega + 0.002 theta omega + -0.095 omega^2,6.0016105702e-03,4.0767111032e-04,1.4437909760e-02,8.1725622901e-07,1.7271402117e-03,-9.5452796328e-02
19483,2024-10-26 16:00:00,0.020122,1.065800,0.753768,0.012 1 + 1.070 omega + 0.001 theta omega + 0.093 omega^2,0.023 1 + 0.001 theta + 0.136 omega + 0.002 theta omega + 0.176 omega^2,2.3233971097e-02,6.4207152500e-04,1.3561140413e-01,3.0492401032e-06,2.3580518986e-03,1.7578149763e-01
19484,2024-10-26 16:05:00,nan,nan,nan,-0.002 1 + 0.993 omega + -0.002 theta omega + 0.051 omega^2,-0.003 1 + -0.014 omega + -0.005 theta omega + 0.102 omega^2,-3.2124329917e-03,-7.0493606020e-05,-1.4289312079e-02,1.1126124934e-04,-4.5597918074e-03,1.0238104918e-01
19485,2024-10-26 16:10:00,0.020142,0.926262,0.655121,-0.001 1 + 1.041 omega + 0.001 theta omega + 0.250 omega^2,-0.002 1 + 0.084 omega + 0.003 theta omega + 0.506 omega^2,-1.6965014446e-03,-4.6426995268e-04,8.4470528501e-02,-1.7251003894e-05,2.5352569041e-03,5.0637127341e-01
19486,2024-10-26 16:15:00,0.155389,5.655674,4.000675,0.001 1 + -0.001 theta + 1.008 omega + -0.002 theta omega + -0.018 omega^2,0.001 1 + -0.001 theta + 0.019 omega + -0.003 theta omega + -0.047 omega^2,1.0054330386e-03,-1.0820820356e-03,1.8562526373e-02,1.1662105971e-04,-2.9271093487e-03,-4.6534679114e-02
19487,2024-10-26 16:20:00,0.021106,1.792624,1.267664,1.009 omega + -0.002 theta omega + 0.076 omega^2,-0.001 1 + 0.019 omega + -0.003 theta omega + 0.143 omega^2,-7.3797725842e-04,-2.4698037200e-04,1.8622969667e-02,1.2138425280e-05,-2.9564809202e-03,1.4283444027e-01
19488,2024-10-26 16:25:00,0.830709,12.406082,8.792069,0.999 omega + 0.048 omega^2,-0.002 omega + -0.001 theta omega + 0.099 omega^2,-1.1991294668e-04,-2.9728994240e-04,-1.6626235019e-03,-2.8964273122e-07,-6.7053313481e-04,9.8817746218e-02
19489,2024-10-26 16:30:00,0.044924,1.128474,0.798584,0.002 1 + 0.001 theta + 0.995 omega + -0.070 omega^2,0.004 1 + 0.001 theta + -0.011 omega + -0.001 theta omega + -0.153 omega^2,4.4302575535e-03,1.2692030687e-03,-1.0724483574e-02,8.0784839933e-05,-5.1657338465e-04,-1.5279310306e-01
19490,2024-10-26 16:35:00,0.495701,13.555430,9.591543,-0.001 1 + 1.011 omega + 0.001 theta omega + -0.022 omega^2,-0.001 1 + -0.001 theta + 0.023 omega + 0.001 theta omega + -0.037 omega^2,-1.1180777929e-03,-9.1742036426e-04,2.3494236728e-02,-4.8050338455e-05,1.2590140104e-03,-3.7456105446e-02
19491,2024-10-26 16:40:00,nan,nan,nan,-0.004 1 + 0.953 omega + -0.001 theta omega + -0.136 omega^2,-0.007 1 + -0.092 omega + -0.002 theta omega + -0.268 omega^2,-7.0502950742e-03,-1.8030515066e-04,-9.1749631941e-02,4.4144319668e-06,-2.1101880665e-03,-2.6847101512e-01
19492,2024-10-26 16:45:00,0.155259,15.261746,10.792242,0.008 1 + 1.094 omega + 0.002 theta omega + 0.099 omega^2,0.016 1 + 0.191 omega + 0.005 theta omega + 0.201 omega^2,1.5856223717e-02,-9.7032356242e-05,1.9108783650e-01,-1.5253475642e-05,4.6948210221e-03,2.0103687608e-01
19493,2024-10-26 16:50:00,nan,nan,nan,-0.001 1 + 0.998 omega + -0.001 theta omega + 0.077 omega^2,-0.003 1 + -0.001 theta + -0.004 omega + -0.003 theta omega + 0.155 omega^2,-2.6982323384e-03,-7.9078800534e-04,-3.6489184685e-03,1.5390596464e-04,-2.6678060149e-03,1.5543542673e-01
19494,2024-10-26 16:55:00,0.070591,3.017691,2.134413,1.002 omega + 0.003 theta omega + -0.149 omega^2,-0.001 theta + 0.005 omega + 0.006 theta omega + -0.294 omega^2,-3.4390269262e-04,-6.2777065183e-04,4.8699887956e-03,-3.5521129610e-05,6.0492060574e-03,-2.9413847371e-01
19495,2024-10-26 17:00:00,0.078008,4.035275,2.853903,0.001 1 + 1.002 omega + 0.010 omega^2,0.001 1 + 0.005 omega + 0.024 omega^2,1.0110405062e-03,-3.6508946482e-04,4.7789041406e-03,-6.1648059022e-06,1.7718259032e-05,2.4387387073e-02
19496,2024-10-26 17:05:00,0.026260,1.956433,1.383532,0.989 omega + 0.001 theta omega + -0.075 omega^2,0.001 1 + -0.023 omega + 0.002 theta omega + -0.152 omega^2,9.0284142436e-04,3.6542816268e-04,-2.2601121632e-02,1.6518304669e-06,1.8453832415e-03,-1.5172130604e-01
19497,2024-10-26 17:10:00,0.026610,1.333985,0.943458,0.990 omega + -0.038 omega^2,0.001 1 + -0.017 omega + -0.065 omega^2,9.1645017432e-04,3.7387078219e-04,-1.7258049299e-02,8.3987009052e-06,3.8267259287e-04,-6.5257439371e-02
19498,2024-10-26 17:15:00,nan,nan,nan,-0.002 1 + 0.973 omega + -0.096 omega^2,-0.005 1 + -0.051 omega + -0.190 omega^2,-4.6379035201e-03,-3.9736423041e-05,-5.1078000960e-02,1.2936203639e-06,-4.1905619226e-05,-1.8988911742e-01
19499,2024-10-26 17:20:00,0.182193,9.028476,6.385397,1.007 omega + -0.006 omega^2,-0.001 theta + 0.014 omega + -0.001 theta omega + -0.009 omega^2,3.7627915042e-04,-9.7859835972e-04,1.4228398168e-02,-4.3716540580e-05,-7.7963346865e-04,-9.1135876400e-03
