Chunk_Index,Chunk_Start_Time,Sim_RMSE_Omega,Sim_RMSE_Theta,Sim_RMSE_Total,Eq_Theta,Eq_Omega,Coeff_Const,Coeff_Theta,Coeff_Omega,Coeff_Theta2,Coeff_ThetaOmega,Coeff_Omega2
87500,2025-06-24 21:30:00,0.023104,1.800224,1.273056,0.001 1 + 0.963 omega + 0.159 omega^2,0.001 1 + -0.066 omega + 0.297 omega^2,7.6091549416e-04,3.5706361453e-04,-6.5963758344e-02,-1.2018547502e-05,2.9390801122e-04,2.9702842168e-01
87501,2025-06-24 21:35:00,0.026402,2.988070,2.112967,-0.001 1 + 1.007 omega + -0.002 theta omega + 0.055 omega^2,-0.001 1 + 0.015 omega + -0.004 theta omega + 0.111 omega^2,-1.3232763032e-03,2.5482541435e-04,1.4638275495e-02,4.3513064657e-06,-3.9671158356e-03,1.1127665038e-01
87502,2025-06-24 21:40:00,0.021633,0.478555,0.338735,1.003 omega + -0.003 omega^2,-0.001 1 + 0.006 omega + -0.005 omega^2,-6.2034024399e-04,9.8509719941e-05,5.6682933928e-03,-6.0300933462e-06,-2.6635580482e-04,-5.4345511659e-03
87503,2025-06-24 21:45:00,0.023127,0.727407,0.514614,1.002 omega + 0.018 omega^2,0.001 1 + 0.005 omega + 0.032 omega^2,6.0596006476e-04,-6.6739718781e-06,5.2796918393e-03,1.3400322899e-07,-2.3786392624e-04,3.2013206718e-02
87504,2025-06-24 21:50:00,0.022970,3.103066,2.194259,-0.003 1 + 0.933 omega + 0.002 theta omega + -0.263 omega^2,-0.006 1 + 0.001 theta + -0.135 omega + 0.004 theta omega + -0.528 omega^2,-5.9172825481e-03,7.6820950949e-04,-1.3532489942e-01,-1.8570287974e-06,3.8764806683e-03,-5.2788761929e-01
87505,2025-06-24 21:55:00,0.063311,3.387006,2.395394,0.003 1 + 0.997 omega + -0.027 omega^2,0.006 1 + 0.001 theta + -0.003 omega + -0.051 omega^2,6.2190023833e-03,6.5409391189e-04,-3.4870629556e-03,1.5278578489e-05,3.3438606576e-04,-5.1434102368e-02
87506,2025-06-24 22:00:00,0.008431,0.589762,0.417068,0.032 1 + 1.352 omega + 0.002 theta omega + 0.967 omega^2,0.067 1 + 0.001 theta + 0.747 omega + 0.004 theta omega + 2.045 omega^2,6.7350893017e-02,6.9956210474e-04,7.4727066442e-01,3.5642373022e-07,4.3571731622e-03,2.0454350159e+00
87507,2025-06-24 22:05:00,0.097415,4.635268,3.278354,0.997 omega + 0.001 theta omega + 0.013 omega^2,0.001 1 + -0.006 omega + 0.001 theta omega + 0.033 omega^2,6.5557073285e-04,-2.5344537537e-04,-5.7426588761e-03,2.2877000675e-05,1.0471793709e-03,3.3263254701e-02
87508,2025-06-24 22:10:00,0.012465,0.421512,0.298184,0.003 1 + 0.959 omega + 0.001 theta omega + 0.107 omega^2,0.006 1 + -0.082 omega + 0.002 theta omega + 0.220 omega^2,6.3093954701e-03,-6.4660588315e-05,-8.2412915566e-02,-7.4107523032e-06,1.7986818829e-03,2.1971739320e-01
87509,2025-06-24 22:15:00,0.010014,0.327079,0.231388,1.016 omega + 0.080 omega^2,0.034 omega + -0.001 theta omega + 0.159 omega^2,3.5452648853e-04,-1.6572605854e-04,3.3790905375e-02,6.4825739996e-07,-9.3762263114e-04,1.5928790466e-01
87510,2025-06-24 22:20:00,0.065121,1.918817,1.357590,0.001 1 + 0.001 theta + 1.020 omega + 0.002 theta omega + 0.091 omega^2,0.003 1 + 0.002 theta + 0.041 omega + 0.005 theta omega + 0.197 omega^2,2.7908515309e-03,1.5090900084e-03,4.1202044454e-02,1.2339198448e-04,4.7977784774e-03,1.9671709252e-01
87511,2025-06-24 22:25:00,nan,nan,nan,-0.001 1 + 0.987 omega + -0.004 theta omega + 0.226 omega^2,-0.003 1 + 0.001 theta + -0.026 omega + -0.007 theta omega + 0.453 omega^2,-2.5152882258e-03,8.1156022261e-04,-2.5889372412e-02,3.6334823123e-06,-7.0351095546e-03,4.5260266231e-01
87512,2025-06-24 22:30:00,0.032822,1.627712,1.151200,0.001 1 + 1.001 omega + -0.028 omega^2,0.002 1 + 0.002 omega + -0.067 omega^2,1.7368413887e-03,-1.4614744110e-04,1.5411415975e-03,-8.0529041436e-06,-3.2685291415e-04,-6.7151398147e-02
87513,2025-06-24 22:35:00,0.016492,0.548233,0.387835,1.013 omega + 0.005 theta omega + -0.095 omega^2,-0.001 1 + -0.001 theta + 0.026 omega + 0.010 theta omega + -0.187 omega^2,-5.0728429826e-04,-8.0157218800e-04,2.5987723900e-02,-3.7103955031e-05,1.0010500624e-02,-1.8688555538e-01
87514,2025-06-24 22:40:00,nan,nan,nan,1.002 omega + -0.039 omega^2,-0.001 1 + 0.004 omega + -0.076 omega^2,-7.4344930410e-04,-3.4105132881e-04,4.0511301084e-03,2.3098987522e-04,1.5283692768e-04,-7.5752026513e-02
87515,2025-06-24 22:45:00,0.058284,2.073411,1.466702,0.001 1 + 1.002 omega + -0.001 theta omega + -0.116 omega^2,0.002 1 + 0.005 omega + -0.001 theta omega + -0.241 omega^2,1.8280358761e-03,4.8690281693e-04,4.6750879554e-03,-1.7460675659e-04,-1.2151157291e-03,-2.4097134582e-01
87516,2025-06-24 22:50:00,0.013044,0.912048,0.644981,1.002 omega + 0.027 omega^2,0.001 1 + 0.005 omega + -0.001 theta omega + 0.054 omega^2,6.7940770911e-04,-8.5008946493e-05,4.8214931661e-03,2.6038573042e-06,-6.7946916708e-04,5.4353683696e-02
87517,2025-06-24 22:55:00,0.070562,12.272433,8.678064,-0.001 1 + 0.001 theta + 0.935 omega + -0.001 theta omega + 0.326 omega^2,-0.003 1 + 0.001 theta + -0.129 omega + -0.002 theta omega + 0.653 omega^2,-2.7071050112e-03,1.0146327120e-03,-1.2949666444e-01,-1.4116160920e-05,-2.3656890698e-03,6.5297272563e-01
87518,2025-06-24 23:00:00,0.024177,0.938985,0.664183,0.002 1 + 0.990 omega + 0.001 theta omega + -0.012 omega^2,0.003 1 + -0.019 omega + 0.001 theta omega + -0.015 omega^2,3.0648424624e-03,-2.7736064925e-04,-1.9450853765e-02,2.0645899970e-06,1.3375480806e-03,-1.4678332733e-02
87519,2025-06-24 23:05:00,nan,nan,nan,0.005 1 + 0.001 theta + 1.006 omega + 0.002 theta omega + -0.118 omega^2,0.011 1 + 0.001 theta + 0.021 omega + 0.005 theta omega + -0.212 omega^2,1.1042029773e-02,1.0894066923e-03,2.0965959507e-02,8.9043277876e-06,4.7463064759e-03,-2.1181443143e-01
87520,2025-06-24 23:10:00,0.072294,3.330073,2.355272,-0.003 1 + 0.976 omega + -0.002 theta omega + -0.021 omega^2,-0.006 1 + -0.001 theta + -0.053 omega + -0.005 theta omega + -0.058 omega^2,-5.5985598596e-03,-7.7059856127e-04,-5.2701570176e-02,-1.6102191102e-05,-4.6618444258e-03,-5.8061226665e-02
87521,2025-06-24 23:15:00,0.012173,0.507393,0.358884,0.997 omega + 0.001 theta omega + -0.031 omega^2,-0.005 omega + 0.002 theta omega + -0.065 omega^2,-1.5063737862e-04,-6.0039133337e-06,-5.3445387771e-03,-1.5824039766e-05,2.0377917161e-03,-6.5294360556e-02
87522,2025-06-24 23:20:00,nan,nan,nan,0.997 omega + 0.007 theta omega + -0.390 omega^2,-0.005 omega + 0.013 theta omega + -0.771 omega^2,1.1024978231e-04,-5.7078434324e-06,-4.5932995179e-03,-5.8882172412e-05,1.3486799690e-02,-7.7132530556e-01
87523,2025-06-24 23:25:00,0.025821,2.207486,1.561035,-0.001 1 + 0.987 omega + -0.045 omega^2,-0.001 1 + -0.021 omega + 0.001 theta omega + -0.080 omega^2,-7.4926297040e-04,1.2980305113e-04,-2.1049018563e-02,1.4776364137e-07,5.3031344546e-04,-8.0366030058e-02
87524,2025-06-24 23:30:00,0.011899,0.245941,0.174110,-0.003 1 + 0.967 omega + -0.082 omega^2,-0.005 1 + -0.061 omega + -0.155 omega^2,-5.4060218480e-03,4.8289855100e-05,-6.0821336635e-02,1.0061319038e-06,-1.1450671436e-05,-1.5517628482e-01
87525,2025-06-24 23:35:00,0.014469,0.629384,0.445160,0.007 1 + 1.074 omega + 0.002 theta omega + 0.173 omega^2,0.016 1 + 0.001 theta + 0.159 omega + 0.004 theta omega + 0.374 omega^2,1.5866360141e-02,7.5712021643e-04,1.5916557468e-01,8.9152664697e-06,4.1763758595e-03,3.7447973706e-01
87526,2025-06-24 23:40:00,0.008928,0.174322,0.123426,0.001 1 + 1.004 omega + 0.001 theta omega + -0.033 omega^2,0.002 1 + 0.008 omega + 0.001 theta omega + -0.062 omega^2,1.7146635719e-03,-2.0815334529e-04,8.2619667267e-03,-2.5251006964e-06,1.2171314346e-03,-6.1592435008e-02
87527,2025-06-24 23:45:00,0.005958,0.085564,0.060649,0.003 1 + 1.003 omega + -0.078 omega^2,0.006 1 + 0.010 omega + -0.001 theta omega + -0.169 omega^2,5.7417510702e-03,2.5891403420e-04,1.0289196483e-02,-1.7338359259e-05,-6.7150476858e-04,-1.6924394695e-01
87528,2025-06-24 23:50:00,0.058776,3.783680,2.675789,1.006 omega + 0.016 omega^2,0.001 1 + 0.013 omega + 0.040 omega^2,5.3702771457e-04,-2.3905909721e-04,1.3230835513e-02,-2.5662263876e-05,-6.1732062922e-05,3.9842770227e-02
87529,2025-06-24 23:55:00,nan,nan,nan,-0.009 1 + -0.001 theta + 0.936 omega + -0.003 theta omega + -0.093 omega^2,-0.019 1 + -0.001 theta + -0.129 omega + -0.005 theta omega + -0.191 omega^2,-1.8899351078e-02,-1.4625223309e-03,-1.2920791792e-01,-2.3910274537e-05,-5.3376392881e-03,-1.9107213411e-01
87530,2025-06-25 00:00:00,0.015724,0.690556,0.488424,1.013 omega + -0.085 omega^2,0.026 omega + 0.001 theta omega + -0.165 omega^2,3.8612489675e-04,-1.6423739859e-04,2.6421549884e-02,1.1671778325e-06,5.5802009195e-04,-1.6464697696e-01
87531,2025-06-25 00:05:00,0.024246,0.857448,0.606550,0.001 1 + 0.989 omega + -0.001 theta omega + 0.090 omega^2,0.001 1 + -0.017 omega + -0.001 theta omega + 0.169 omega^2,1.2794151668e-03,-5.2898503993e-05,-1.6890616018e-02,4.2969511360e-06,-1.1758580246e-03,1.6872755749e-01
87532,2025-06-25 00:10:00,0.062793,6.673004,4.718735,1.015 omega + -0.075 omega^2,-0.001 1 + 0.031 omega + -0.001 theta omega + -0.148 omega^2,-5.9256950590e-04,-8.0320226876e-05,3.1490778216e-02,7.6244928428e-06,-6.6878910969e-04,-1.4814482925e-01
87533,2025-06-25 00:15:00,0.085845,5.222489,3.693356,0.004 1 + 0.991 omega + 0.001 theta omega + -0.216 omega^2,0.008 1 + -0.016 omega + 0.002 theta omega + -0.415 omega^2,7.8942996986e-03,-4.1038341804e-04,-1.6158975118e-02,-1.9909356907e-04,1.7895606244e-03,-4.1519719359e-01
87534,2025-06-25 00:20:00,0.045453,5.334745,3.772371,0.001 1 + 0.983 omega + -0.002 theta omega + 0.282 omega^2,0.001 1 + -0.032 omega + -0.004 theta omega + 0.556 omega^2,1.3395208564e-03,-9.4878111915e-05,-3.2310633521e-02,1.2832043806e-05,-4.2853975731e-03,5.5604897706e-01
87535,2025-06-25 00:25:00,0.019327,0.955760,0.675962,1.011 omega + 0.001 theta omega + 0.068 omega^2,0.022 omega + 0.002 theta omega + 0.125 omega^2,-2.1446090151e-04,3.4047915125e-04,2.2386113063e-02,2.5612319956e-05,1.7431248396e-03,1.2502982293e-01
87536,2025-06-25 00:30:00,0.019356,0.444300,0.314465,0.005 1 + -0.001 theta + 0.948 omega + 0.005 theta omega + 0.082 omega^2,0.010 1 + -0.002 theta + -0.102 omega + 0.011 theta omega + 0.156 omega^2,1.0225153982e-02,-1.6798570521e-03,-1.0246544805e-01,4.4728050932e-05,1.0632697887e-02,1.5628397474e-01
87537,2025-06-25 00:35:00,0.041265,1.890760,1.337288,0.001 1 + 0.995 omega + 0.002 omega^2,0.002 1 + -0.008 omega + 0.005 omega^2,2.0316933354e-03,-2.6739808030e-04,-8.4723274513e-03,7.0931907349e-06,-7.7513467834e-05,4.8388706230e-03
87538,2025-06-25 00:40:00,0.039372,1.401212,0.991197,0.002 1 + 0.986 omega + 0.001 theta omega + -0.040 omega^2,0.004 1 + -0.001 theta + -0.022 omega + 0.002 theta omega + -0.094 omega^2,3.8523282956e-03,-7.4995841844e-04,-2.2131470300e-02,4.4166270223e-06,2.0781621195e-03,-9.4232951526e-02
87539,2025-06-25 00:45:00,0.028757,2.831256,2.002104,0.001 1 + 1.006 omega + -0.166 omega^2,0.001 1 + 0.015 omega + 0.001 theta omega + -0.328 omega^2,1.0294802821e-03,-3.9184501904e-04,1.4648549694e-02,2.9461577882e-05,8.9032003151e-04,-3.2833120588e-01
87540,2025-06-25 00:50:00,0.028657,2.092643,1.479860,1.010 omega + -0.058 omega^2,0.022 omega + -0.124 omega^2,-1.7683593888e-04,-5.9334745198e-05,2.2017072400e-02,2.4379001483e-06,-4.0916326445e-04,-1.2376404620e-01
87541,2025-06-25 00:55:00,0.021041,1.674273,1.183983,0.001 1 + 0.979 omega + -0.001 theta omega + 0.100 omega^2,0.003 1 + -0.041 omega + -0.001 theta omega + 0.204 omega^2,2.7106228609e-03,1.5492622574e-04,-4.1269448885e-02,3.3561942121e-07,-1.2407050357e-03,2.0371468386e-01
87542,2025-06-25 01:00:00,0.031423,4.942923,3.495245,-0.016 1 + 1.153 omega + -0.001 theta omega + -0.321 omega^2,-0.032 1 + 0.294 omega + -0.003 theta omega + -0.612 omega^2,-3.1908273438e-02,3.9780889314e-04,2.9387443315e-01,1.2915034982e-06,-2.6307941077e-03,-6.1200121132e-01
87543,2025-06-25 01:05:00,0.013693,0.596622,0.421987,0.006 1 + 0.910 omega + 0.289 omega^2,0.012 1 + -0.173 omega + 0.567 omega^2,1.2098059197e-02,9.7623650641e-05,-1.7331304141e-01,-1.7648785559e-06,-3.8250324504e-05,5.6702649880e-01
87544,2025-06-25 01:10:00,0.019028,1.321193,0.934322,0.995 omega + 0.013 omega^2,-0.001 1 + -0.001 omega + -0.004 omega^2,-8.3883543778e-04,1.3905357021e-04,-1.2091740146e-03,-4.8033131665e-06,-1.2708554162e-04,-4.3663500571e-03
87545,2025-06-25 01:15:00,0.072295,2.092891,1.480780,0.002 1 + 0.982 omega + 0.002 theta omega + -0.111 omega^2,0.003 1 + 0.001 theta + -0.036 omega + 0.004 theta omega + -0.231 omega^2,3.4728809469e-03,9.8128316427e-04,-3.5905674115e-02,-1.5914777123e-04,4.4230543088e-03,-2.3052107154e-01
87546,2025-06-25 01:20:00,0.011843,0.723183,0.511436,1.006 omega + 0.001 theta omega + -0.065 omega^2,0.001 1 + 0.015 omega + 0.002 theta omega + -0.137 omega^2,5.0937261099e-04,-1.1470288725e-04,1.4651827799e-02,-3.4775290581e-06,1.5122852024e-03,-1.3739555310e-01
87547,2025-06-25 01:25:00,0.008826,0.373772,0.264370,0.001 1 + 0.977 omega + 0.084 omega^2,0.001 1 + -0.044 omega + 0.164 omega^2,1.0628935278e-03,1.2937007097e-04,-4.3665161930e-02,-1.2989463348e-06,-2.3690643362e-04,1.6430170619e-01
87548,2025-06-25 01:30:00,nan,nan,nan,-0.015 1 + 0.001 theta + 1.111 omega + -0.003 theta omega + -0.117 omega^2,-0.031 1 + 0.001 theta + 0.228 omega + -0.006 theta omega + -0.245 omega^2,-3.1345957736e-02,1.1113365287e-03,2.2786439651e-01,-6.8550344353e-06,-5.8019715582e-03,-2.4484334518e-01
87549,2025-06-25 01:35:00,nan,nan,nan,0.001 1 + 0.981 omega + 0.003 theta omega + 0.016 omega^2,0.003 1 + -0.001 theta + -0.040 omega + 0.007 theta omega + 0.058 omega^2,2.5624663513e-03,-5.3471864757e-04,-4.0092626543e-02,1.0317921846e-05,6.6079082807e-03,5.8213084617e-02
87550,2025-06-25 01:40:00,0.009678,0.215864,0.152792,1.000 omega + -0.001 theta omega + 0.014 omega^2,0.001 1 + 0.001 omega + -0.002 theta omega + 0.036 omega^2,7.8309793717e-04,-1.5578880817e-05,1.3438332641e-03,5.8820987144e-06,-1.6816747886e-03,3.6112642361e-02
87551,2025-06-25 01:45:00,0.017035,1.906751,1.348330,0.995 omega + 0.002 theta omega + -0.147 omega^2,-0.001 1 + -0.008 omega + 0.003 theta omega + -0.297 omega^2,-6.6398374387e-04,-1.9202421324e-04,-8.3248481329e-03,-7.2407871004e-06,3.0458826575e-03,-2.9745295388e-01
87552,2025-06-25 01:50:00,0.028903,1.775218,1.255435,1.017 omega + -0.001 theta omega + -0.075 omega^2,0.035 omega + -0.002 theta omega + -0.161 omega^2,-2.6901720027e-05,-1.3475896454e-04,3.5405961647e-02,1.1802469857e-05,-2.0454712023e-03,-1.6141656153e-01
87553,2025-06-25 01:55:00,0.016369,0.377310,0.267049,-0.001 1 + 1.005 omega + -0.001 theta omega + 0.005 omega^2,-0.001 1 + 0.001 theta + 0.011 omega + -0.001 theta omega + 0.001 omega^2,-1.0868929382e-03,5.1184727463e-04,1.0714220167e-02,-3.3263771060e-05,-1.1549044011e-03,7.1031925874e-04
87554,2025-06-25 02:00:00,0.011234,0.256410,0.181483,0.001 1 + 1.003 omega + -0.006 omega^2,0.002 1 + 0.010 omega + -0.020 omega^2,1.9225094897e-03,-2.5119170413e-04,1.0020779189e-02,5.6487662759e-06,-3.6364215911e-04,-1.9857362747e-02
87555,2025-06-25 02:05:00,nan,nan,nan,-0.001 1 + 1.007 omega + 0.001 theta omega + 0.077 omega^2,-0.002 1 + -0.001 theta + 0.014 omega + 0.003 theta omega + 0.142 omega^2,-2.0171673782e-03,-9.1345227552e-04,1.4460843708e-02,1.9808699741e-05,3.0319649968e-03,1.4220901584e-01
87556,2025-06-25 02:10:00,0.010564,0.289097,0.204559,-0.001 1 + 1.009 omega + -0.017 omega^2,-0.004 1 + 0.019 omega + -0.001 theta omega + -0.025 omega^2,-3.6611287330e-03,1.4985999202e-04,1.9054053339e-02,-7.4822836244e-07,-6.3599497716e-04,-2.5064284906e-02
87557,2025-06-25 02:15:00,0.041165,4.784288,3.383128,-0.002 1 + 0.982 omega + -0.001 theta omega + 0.154 omega^2,-0.003 1 + 0.001 theta + -0.036 omega + -0.002 theta omega + 0.302 omega^2,-3.4009392089e-03,6.3024345153e-04,-3.5515645886e-02,-8.5097884080e-06,-2.2306960799e-03,3.0231883578e-01
87558,2025-06-25 02:20:00,0.018962,0.498556,0.352787,-0.001 1 + 0.990 omega + -0.001 theta omega + 0.073 omega^2,-0.003 1 + -0.019 omega + -0.002 theta omega + 0.147 omega^2,-2.8316235796e-03,-3.5636062329e-05,-1.9075565544e-02,2.6555396025e-05,-1.7410436926e-03,1.4661142069e-01
87559,2025-06-25 02:25:00,0.010316,1.043938,0.738212,-0.001 1 + 1.036 omega + -0.001 theta omega + -0.213 omega^2,-0.001 1 + 0.072 omega + -0.001 theta omega + -0.427 omega^2,-1.2100945899e-03,-1.8339622578e-04,7.2237401377e-02,1.0084346354e-05,-1.3329161489e-03,-4.2698443360e-01
87560,2025-06-25 02:30:00,0.029839,0.913574,0.646339,-0.001 1 + 1.001 omega + 0.001 theta omega + 0.018 omega^2,-0.002 1 + 0.003 omega + 0.001 theta omega + 0.035 omega^2,-1.5568985283e-03,-2.5354643846e-04,2.7812815562e-03,-6.5928998883e-06,1.1631973684e-03,3.4861375376e-02
87561,2025-06-25 02:35:00,0.017180,0.637800,0.451156,-0.001 1 + 1.008 omega + 0.002 theta omega + 0.061 omega^2,-0.003 1 + -0.001 theta + 0.017 omega + 0.003 theta omega + 0.114 omega^2,-2.6929498927e-03,-9.8766196251e-04,1.7275607823e-02,-7.1061973017e-05,3.4217147580e-03,1.1390709438e-01
87562,2025-06-25 02:40:00,0.031234,0.901228,0.637647,-0.001 1 + 0.996 omega + -0.012 omega^2,-0.002 1 + -0.007 omega + 0.001 theta omega + -0.027 omega^2,-1.7747062756e-03,-1.0287243768e-04,-7.4528635149e-03,7.7473527163e-06,6.1281283832e-04,-2.7085786256e-02
87563,2025-06-25 02:45:00,0.012455,0.624913,0.441968,1.003 omega + -0.001 theta omega + 0.064 omega^2,0.010 omega + -0.002 theta omega + 0.134 omega^2,-9.8550541090e-05,1.2741253014e-04,9.9144582377e-03,-1.3895167487e-05,-2.4966481218e-03,1.3370746872e-01
87564,2025-06-25 02:50:00,0.014661,0.601034,0.425122,0.001 1 + 1.017 omega + 0.002 theta omega + -0.194 omega^2,0.002 1 + 0.035 omega + 0.004 theta omega + -0.382 omega^2,1.7079546319e-03,-3.7486388796e-04,3.4858859532e-02,-4.5466256289e-06,3.7450507415e-03,-3.8227356561e-01
87565,2025-06-25 02:55:00,0.034288,3.509155,2.481466,-0.008 1 + 1.056 omega + -0.001 theta omega + -0.088 omega^2,-0.017 1 + 0.001 theta + 0.118 omega + -0.003 theta omega + -0.185 omega^2,-1.6624975008e-02,7.4786791747e-04,1.1811772767e-01,-9.3583692981e-06,-2.6163616050e-03,-1.8529928618e-01
87566,2025-06-25 03:00:00,0.039346,4.773577,3.375543,0.002 1 + 0.975 omega + -0.167 omega^2,0.003 1 + 0.001 theta + -0.047 omega + -0.328 omega^2,3.3751920581e-03,8.8048770831e-04,-4.6568245565e-02,4.2756540304e-05,-4.2338280615e-04,-3.2810210642e-01
87567,2025-06-25 03:05:00,0.053447,1.648783,1.166478,1.003 omega + 0.001 theta omega + -0.046 omega^2,-0.001 1 + 0.007 omega + 0.002 theta omega + -0.090 omega^2,-9.5791878717e-04,-4.5493857689e-04,6.7703924427e-03,6.1747230388e-06,1.8804747427e-03,-8.9954851328e-02
87568,2025-06-25 03:10:00,0.024846,0.903961,0.639439,0.001 1 + 0.999 omega + 0.003 omega^2,0.001 1 + 0.002 omega + 0.002 omega^2,1.0690255001e-03,-1.1350989271e-04,1.5402876866e-03,-7.7495769955e-07,2.0409660952e-04,2.2691064573e-03
87569,2025-06-25 03:15:00,0.040535,4.770444,3.373335,1.004 omega + 0.001 theta omega + -0.073 omega^2,0.010 omega + 0.002 theta omega + -0.143 omega^2,4.9773506344e-04,-1.0454654108e-04,9.6188481380e-03,-4.5497029960e-06,1.8497744653e-03,-1.4298374258e-01
87570,2025-06-25 03:20:00,0.020469,3.096135,2.189346,-0.002 1 + 1.007 omega + -0.001 theta omega + 0.023 omega^2,-0.003 1 + 0.009 omega + -0.001 theta omega + 0.071 omega^2,-3.3752745297e-03,2.5162265167e-04,9.2555626953e-03,-2.6467545323e-06,-1.1568454115e-03,7.1185308621e-02
87571,2025-06-25 03:25:00,0.010284,0.500244,0.353801,-0.003 1 + 1.052 omega + 0.001 theta omega + -0.172 omega^2,-0.007 1 + 0.113 omega + 0.001 theta omega + -0.364 omega^2,-6.7118525397e-03,-2.7581530582e-04,1.1278816915e-01,2.7984876175e-08,1.1953428174e-03,-3.6410065581e-01
87572,2025-06-25 03:30:00,0.011580,0.585574,0.414144,0.030 1 + 0.753 omega + 0.001 theta omega + 0.517 omega^2,0.061 1 + -0.513 omega + 0.001 theta omega + 1.080 omega^2,6.0970690158e-02,-2.8268268557e-04,-5.1252773906e-01,2.5605933335e-07,1.1477189072e-03,1.0803174781e+00
87573,2025-06-25 03:35:00,0.006883,0.116715,0.082674,1.004 omega + 0.001 omega^2,-0.002 1 + 0.017 omega + -0.014 omega^2,-2.1132242916e-03,4.6448350070e-05,1.6947545431e-02,2.3800782264e-07,-3.9286799110e-04,-1.3686530423e-02
87574,2025-06-25 03:40:00,0.016557,0.505554,0.357672,0.012 1 + -0.001 theta + 0.910 omega + 0.004 theta omega + 0.135 omega^2,0.024 1 + -0.002 theta + -0.184 omega + 0.008 theta omega + 0.284 omega^2,2.4020159133e-02,-1.9102659110e-03,-1.8388862399e-01,3.5256020686e-05,7.7171616702e-03,2.8440794197e-01
87575,2025-06-25 03:45:00,0.021148,0.633259,0.448031,-0.001 1 + -0.001 theta + 1.016 omega + 0.010 theta omega + -0.033 omega^2,-0.001 1 + -0.001 theta + 0.033 omega + 0.020 theta omega + -0.069 omega^2,-1.3870738549e-03,-1.1915609972e-03,3.3130963250e-02,-9.6329465824e-05,2.0053705088e-02,-6.9208876378e-02
87576,2025-06-25 03:50:00,0.036712,1.772506,1.253620,1.006 omega + 0.053 omega^2,0.001 1 + 0.019 omega + -0.001 theta omega + 0.134 omega^2,6.2279468341e-04,-1.0441750510e-04,1.9040792943e-02,-2.0008063977e-06,-7.2987853063e-04,1.3359774709e-01
87577,2025-06-25 03:55:00,0.016249,1.520201,1.075006,0.004 1 + 1.026 omega + 0.001 theta omega + 0.046 omega^2,0.009 1 + 0.067 omega + 0.001 theta omega + 0.119 omega^2,8.9281657393e-03,3.1917674136e-04,6.6830756028e-02,1.9694757579e-06,1.4514740436e-03,1.1905671015e-01
87578,2025-06-25 04:00:00,0.132431,9.674396,6.841472,1.005 omega + 0.001 theta omega + -0.025 omega^2,0.012 omega + 0.001 theta omega + -0.047 omega^2,-3.7615969623e-04,-4.5209733750e-04,1.1727144524e-02,-2.5287720180e-05,1.1688078763e-03,-4.7449956726e-02
87579,2025-06-25 04:05:00,0.184742,9.684530,6.849243,-0.001 1 + 0.997 omega + -0.001 theta omega + 0.041 omega^2,-0.002 1 + -0.006 omega + -0.003 theta omega + 0.087 omega^2,-1.5702501211e-03,-2.4915167717e-04,-5.8016643025e-03,3.1881118130e-06,-2.9502346766e-03,8.7074175422e-02
87580,2025-06-25 04:10:00,0.055563,1.414462,1.000947,1.005 omega + 0.003 theta omega + 0.015 omega^2,-0.001 1 + -0.001 theta + 0.011 omega + 0.005 theta omega + 0.041 omega^2,-8.0857299048e-04,-5.9919013439e-04,1.0585979783e-02,-3.9051080654e-05,4.9819120203e-03,4.1335331377e-02
87581,2025-06-25 04:15:00,0.589179,69.518955,49.159090,-0.009 1 + 1.104 omega + -0.006 theta omega + -0.010 omega^2,-0.018 1 + 0.208 omega + -0.012 theta omega + -0.021 omega^2,-1.8398802665e-02,-3.1945090454e-04,2.0758813074e-01,7.5889893044e-05,-1.1867748405e-02,-2.1172342135e-02
87582,2025-06-25 04:20:00,0.007626,0.156943,0.111107,-0.004 1 + 1.031 omega + -0.002 theta omega + -0.040 omega^2,-0.008 1 + 0.001 theta + 0.063 omega + -0.003 theta omega + -0.078 omega^2,-7.8354788679e-03,9.8097777514e-04,6.2903980090e-02,-3.1204461545e-05,-3.2083539892e-03,-7.7764755451e-02
87583,2025-06-25 04:25:00,0.193331,9.415877,6.659434,0.998 omega + -0.002 theta omega + 0.066 omega^2,0.001 1 + -0.002 omega + -0.004 theta omega + 0.133 omega^2,6.4331846102e-04,-4.5308503987e-04,-2.3732941873e-03,5.5924444467e-05,-3.6934545698e-03,1.3274908074e-01
87584,2025-06-25 04:30:00,0.031364,3.125836,2.210411,-0.001 1 + 1.018 omega + -0.127 omega^2,-0.002 1 + 0.039 omega + -0.267 omega^2,-1.6759134247e-03,7.1112972167e-05,3.8775062010e-02,-1.2461710900e-06,-6.4555167727e-05,-2.6706004595e-01
87585,2025-06-25 04:35:00,0.010809,0.244531,0.173079,1.003 omega,0.001 1 + 0.006 omega + -0.002 omega^2,9.7072729653e-04,-3.8566792940e-04,6.2541470713e-03,-3.9074949420e-05,9.7105907312e-05,-1.5581694626e-03
87586,2025-06-25 04:40:00,nan,nan,nan,0.957 omega + -0.414 omega^2,0.001 theta + -0.083 omega + -0.826 omega^2,3.7418012785e-04,9.3287488266e-04,-8.2719070179e-02,7.2346862622e-05,1.2565471650e-04,-8.2567974892e-01
87587,2025-06-25 04:45:00,0.022944,2.299343,1.625962,-0.001 1 + 1.041 omega + 0.001 theta omega + -0.309 omega^2,-0.002 1 + 0.091 omega + 0.002 theta omega + -0.686 omega^2,-2.2076508653e-03,-3.1598832306e-04,9.1408569487e-02,6.8739113842e-06,2.3141706809e-03,-6.8609889191e-01
87588,2025-06-25 04:50:00,0.013514,0.885327,0.626093,-0.001 1 + 1.000 omega + -0.001 theta omega + 0.041 omega^2,-0.002 1 + -0.001 theta omega + 0.082 omega^2,-2.0638195135e-03,2.3262518136e-04,-2.6069366234e-04,-3.8177375002e-06,-1.0053806904e-03,8.2193102871e-02
87589,2025-06-25 04:55:00,nan,nan,nan,0.005 1 + -0.001 theta + 0.976 omega + 0.005 theta omega + -0.106 omega^2,0.011 1 + -0.003 theta + -0.047 omega + 0.010 theta omega + -0.212 omega^2,1.0581652050e-02,-2.5594190195e-03,-4.7232416349e-02,1.2697264346e-04,9.8598426515e-03,-2.1213196759e-01
87590,2025-06-25 05:00:00,0.016394,0.744832,0.526803,-0.003 1 + 1.026 omega + -0.001 theta omega + -0.099 omega^2,-0.006 1 + 0.001 theta + 0.054 omega + -0.002 theta omega + -0.202 omega^2,-6.2132567785e-03,9.6908123938e-04,5.4107571162e-02,-2.9505794847e-05,-2.1479915480e-03,-2.0165695641e-01
87591,2025-06-25 05:05:00,0.511417,25.223416,17.839314,0.001 1 + -0.001 theta + 1.010 omega + -0.001 theta omega + -0.147 omega^2,0.003 1 + -0.001 theta + 0.021 omega + -0.003 theta omega + -0.291 omega^2,2.7651429488e-03,-1.4911706927e-03,2.0843400025e-02,1.9369573273e-04,-2.6350147877e-03,-2.9051584590e-01
87592,2025-06-25 05:10:00,nan,nan,nan,0.009 1 + 0.891 omega + 0.002 theta omega + 0.318 omega^2,0.017 1 + -0.001 theta + -0.215 omega + 0.004 theta omega + 0.638 omega^2,1.7366642143e-02,-5.3101896090e-04,-2.1520504704e-01,-2.2489196115e-06,4.2565503973e-03,6.3822693759e-01
87593,2025-06-25 05:15:00,0.043171,3.841092,2.716234,1.004 omega + -0.022 omega^2,-0.001 1 + 0.012 omega + -0.001 theta omega + -0.080 omega^2,-6.1339122568e-04,1.8684753751e-04,1.1881392985e-02,-1.0922360310e-05,-9.1385190114e-04,-7.9535693232e-02
87594,2025-06-25 05:20:00,0.014368,0.823460,0.582363,0.979 omega + -0.003 theta omega + 0.231 omega^2,-0.040 omega + -0.005 theta omega + 0.456 omega^2,3.6978036270e-04,3.9514163624e-04,-3.9558303223e-02,5.6105189088e-06,-5.1230209121e-03,4.5595293950e-01
87595,2025-06-25 05:25:00,0.012409,0.285573,0.202121,1.008 omega + -0.001 theta omega + 0.007 omega^2,-0.001 1 + 0.019 omega + -0.002 theta omega + -0.012 omega^2,-7.1516000100e-04,1.3447232731e-05,1.8956344351e-02,1.1116336165e-05,-2.4352214411e-03,-1.2341775638e-02
87596,2025-06-25 05:30:00,nan,nan,nan,0.018 1 + -0.003 theta + 0.844 omega + 0.015 theta omega + 0.031 omega^2,0.035 1 + -0.006 theta + -0.312 omega + 0.031 theta omega + 0.050 omega^2,3.5394200825e-02,-5.5917407143e-03,-3.1167344092e-01,2.0587584985e-04,3.0756782101e-02,4.9670610406e-02
87597,2025-06-25 05:35:00,nan,nan,nan,1.017 omega + 0.169 omega^2,-0.001 theta + 0.035 omega + -0.001 theta omega + 0.347 omega^2,-2.3025853865e-04,-5.7832651733e-04,3.4618931028e-02,-5.2610283892e-05,-1.3183547546e-03,3.4717210545e-01
87598,2025-06-25 05:40:00,0.017264,0.755878,0.534626,0.998 omega + -0.008 omega^2,-0.005 omega + -0.001 theta omega + -0.016 omega^2,4.3889180545e-04,4.1467249255e-04,-4.8017547674e-03,1.0647819464e-04,-7.2124805151e-04,-1.6350951251e-02
87599,2025-06-25 05:45:00,0.029513,1.664497,1.177162,0.986 omega + 0.001 theta omega + 0.080 omega^2,-0.001 1 + -0.025 omega + 0.002 theta omega + 0.153 omega^2,-7.2193846620e-04,4.1377164070e-04,-2.5103170878e-02,-3.7729069483e-05,1.9451978121e-03,1.5308531753e-01
87600,2025-06-25 05:50:00,0.028994,3.402937,2.406327,0.995 omega + 0.003 omega^2,-0.001 1 + -0.011 omega + 0.001 theta omega + 0.033 omega^2,-8.7731911383e-04,2.5332154751e-04,-1.0744767613e-02,-1.4971367421e-05,1.0857794982e-03,3.3026988578e-02
87601,2025-06-25 05:55:00,0.010785,0.381026,0.269534,-0.001 1 + 1.014 omega + -0.050 omega^2,-0.002 1 + 0.035 omega + -0.001 theta omega + -0.118 omega^2,-1.7946365444e-03,-1.9469429121e-05,3.4670314751e-02,2.4246385208e-06,-5.8312195080e-04,-1.1842897812e-01
87602,2025-06-25 06:00:00,0.007052,0.310201,0.219402,-0.004 1 + 1.050 omega + -0.156 omega^2,-0.008 1 + 0.108 omega + 0.001 theta omega + -0.324 omega^2,-8.3073408715e-03,-1.2072468423e-04,1.0793294320e-01,1.0185288570e-07,5.4618515802e-04,-3.2410870723e-01
87603,2025-06-25 06:05:00,0.019509,2.055482,1.453511,-0.009 1 + 1.083 omega + -0.002 theta omega + -0.181 omega^2,-0.018 1 + 0.172 omega + -0.003 theta omega + -0.369 omega^2,-1.8247198210e-02,4.5318279409e-04,1.7160784973e-01,1.7151506008e-06,-3.2200018640e-03,-3.6915004177e-01
87604,2025-06-25 06:10:00,0.006839,0.188621,0.133463,0.002 1 + 0.976 omega + 0.093 omega^2,0.003 1 + -0.045 omega + -0.001 theta omega + 0.180 omega^2,3.0124803795e-03,1.6350279299e-04,-4.4666317447e-02,-1.1275313446e-06,-9.0862130555e-04,1.8019635129e-01
87605,2025-06-25 06:15:00,0.012849,0.274885,0.194585,0.001 1 + 0.995 omega + 0.001 theta omega + -0.032 omega^2,0.001 1 + -0.010 omega + 0.002 theta omega + -0.065 omega^2,1.0767251194e-03,2.4067658266e-05,-1.0411674455e-02,-2.2369510242e-05,1.6491999103e-03,-6.5078542815e-02
87606,2025-06-25 06:20:00,1.000567,34.921876,24.703629,-0.002 1 + 0.995 omega + -0.001 theta omega + 0.031 omega^2,-0.005 1 + -0.001 theta + -0.012 omega + -0.002 theta omega + 0.062 omega^2,-4.6243674144e-03,-5.6828170278e-04,-1.2122811084e-02,-1.3890074386e-05,-1.5820585609e-03,6.1765711508e-02
87607,2025-06-25 06:25:00,0.023276,0.855093,0.604866,0.985 omega + -0.002 theta omega + -0.048 omega^2,-0.029 omega + -0.004 theta omega + -0.085 omega^2,3.8795151222e-04,2.2183046916e-04,-2.8848021682e-02,4.5003820000e-05,-3.6517264271e-03,-8.4734146269e-02
87608,2025-06-25 06:30:00,0.037473,2.984178,2.110299,0.004 1 + 1.029 omega + 0.001 theta omega + 0.072 omega^2,0.008 1 + 0.001 theta + 0.060 omega + 0.003 theta omega + 0.152 omega^2,7.5453854213e-03,8.3127900873e-04,5.9736873435e-02,2.1201960970e-05,2.5156279602e-03,1.5232625016e-01
87609,2025-06-25 06:35:00,0.028446,0.829344,0.586779,-0.001 1 + 0.997 omega + -0.002 theta omega + 0.028 omega^2,-0.001 1 + -0.001 theta + -0.005 omega + -0.005 theta omega + 0.042 omega^2,-1.0882852958e-03,-7.4877755337e-04,-5.2749088196e-03,-2.7027865614e-06,-4.7660453233e-03,4.2465276435e-02
87610,2025-06-25 06:40:00,0.039295,1.974083,1.396164,0.992 omega + -0.059 omega^2,-0.015 omega + 0.001 theta omega + -0.116 omega^2,-2.6638894898e-05,7.7961188816e-05,-1.4821276181e-02,-6.1545845941e-07,7.2574654250e-04,-1.1591459799e-01
87611,2025-06-25 06:45:00,nan,nan,nan,0.005 1 + 0.002 theta + 1.036 omega + 0.004 theta omega + 0.090 omega^2,0.010 1 + 0.004 theta + 0.071 omega + 0.007 theta omega + 0.182 omega^2,1.0295448942e-02,3.5717692049e-03,7.0794529215e-02,2.4848207489e-04,7.4770376350e-03,1.8230765170e-01
87612,2025-06-25 06:50:00,nan,nan,nan,1.000 omega + 0.001 theta omega + -0.084 omega^2,-0.001 1 + 0.001 omega + 0.003 theta omega + -0.176 omega^2,-8.5070122910e-04,-2.7043868043e-04,9.8903850139e-04,-1.9121772191e-05,2.6729177182e-03,-1.7607420348e-01
87613,2025-06-25 06:55:00,0.026076,1.156042,0.817653,0.997 omega + -0.001 theta omega + -0.013 omega^2,0.001 1 + -0.007 omega + -0.001 theta omega + -0.038 omega^2,1.1688523028e-03,2.5683347522e-04,-6.9765725075e-03,3.0197631335e-05,-1.2411666031e-03,-3.7897721018e-02
87614,2025-06-25 07:00:00,0.012047,1.294572,0.915440,-0.005 1 + 1.079 omega + -0.273 omega^2,-0.010 1 + 0.153 omega + -0.001 theta omega + -0.518 omega^2,-9.5466644104e-03,-2.5994643415e-05,1.5287103390e-01,2.3147406415e-06,-7.9806805020e-04,-5.1816195884e-01
87615,2025-06-25 07:05:00,0.010651,0.487277,0.344639,1.005 omega + 0.015 omega^2,-0.001 1 + 0.010 omega + 0.021 omega^2,-8.4085550175e-04,-2.4628279095e-04,9.5333177036e-03,-3.9891469536e-06,-4.4816517507e-04,2.1279423707e-02
87616,2025-06-25 07:10:00,nan,nan,nan,0.002 1 + 1.015 omega + 0.003 theta omega + -0.101 omega^2,0.003 1 + 0.030 omega + 0.005 theta omega + -0.205 omega^2,3.0969758132e-03,3.5232360868e-04,3.0303233662e-02,-7.3028415555e-06,5.4361194156e-03,-2.0466699839e-01
87617,2025-06-25 07:15:00,0.026499,2.241642,1.585191,-0.002 1 + 0.979 omega + -0.085 omega^2,-0.003 1 + -0.038 omega + -0.165 omega^2,-3.1112113050e-03,-1.2403584884e-05,-3.8323737448e-02,9.2826021815e-07,1.8685367908e-04,-1.6453056083e-01
87618,2025-06-25 07:20:00,0.044868,1.491365,1.055032,0.999 omega + -0.001 theta omega + -0.030 omega^2,-0.001 omega + -0.002 theta omega + -0.054 omega^2,4.0168128107e-04,-4.2507761311e-04,-1.0880215963e-03,-3.0417600921e-07,-1.8723933501e-03,-5.3764929863e-02
87619,2025-06-25 07:25:00,0.060135,4.204154,2.973090,1.019 omega + 0.003 theta omega + -0.045 omega^2,-0.001 theta + 0.037 omega + 0.006 theta omega + -0.081 omega^2,-1.9882974602e-04,-5.5313326099e-04,3.6821496075e-02,-5.8933730032e-05,5.7982156235e-03,-8.0999781494e-02
87620,2025-06-25 07:30:00,0.039323,1.664834,1.177544,0.998 omega + 0.021 omega^2,0.001 theta omega + 0.050 omega^2,-1.5240222526e-05,8.0022429985e-05,-4.7158329797e-04,1.3570261140e-05,8.0531785894e-04,4.9863135714e-02
87621,2025-06-25 07:35:00,0.026994,1.520174,1.075095,0.001 1 + 1.017 omega + 0.068 omega^2,0.002 1 + 0.036 omega + 0.125 omega^2,1.9585037322e-03,-2.1140674291e-05,3.5942264993e-02,1.5044461184e-07,-1.2905106889e-04,1.2488740750e-01
87622,2025-06-25 07:40:00,0.032070,0.992891,0.702446,0.004 1 + 1.024 omega + 0.001 theta omega + 0.028 omega^2,0.009 1 + 0.001 theta + 0.048 omega + 0.002 theta omega + 0.051 omega^2,8.8388589971e-03,7.1933106079e-04,4.8328219086e-02,1.5418149583e-05,2.1997150077e-03,5.1067255921e-02
87623,2025-06-25 07:45:00,0.016825,2.056972,1.454547,0.004 1 + 0.926 omega + -0.002 theta omega + 0.368 omega^2,0.007 1 + -0.144 omega + -0.004 theta omega + 0.733 omega^2,7.2750573435e-03,4.6595457989e-04,-1.4373604187e-01,2.9341036449e-06,-4.1334936975e-03,7.3307536980e-01
87624,2025-06-25 07:50:00,0.060663,3.231176,2.285189,0.005 1 + 0.987 omega + 0.001 theta omega + -0.136 omega^2,0.011 1 + -0.001 theta + -0.029 omega + 0.002 theta omega + -0.268 omega^2,1.1159949782e-02,-1.0183585786e-03,-2.8985152557e-02,1.1530414970e-05,2.4584569077e-03,-2.6789565522e-01
87625,2025-06-25 07:55:00,0.076946,9.033615,6.387962,0.001 1 + 0.997 omega + -0.030 omega^2,0.001 1 + -0.004 omega + -0.053 omega^2,1.2109331380e-03,2.7580094946e-04,-4.4120671323e-03,1.0046745708e-05,7.6499446552e-05,-5.3372233499e-02
87626,2025-06-25 08:00:00,0.113879,6.196037,4.382000,0.001 1 + 0.992 omega + -0.101 omega^2,0.002 1 + 0.001 theta + -0.013 omega + -0.195 omega^2,1.7605725352e-03,7.3713898828e-04,-1.2838243679e-02,6.8083456701e-05,-1.1125321403e-04,-1.9541667796e-01
87627,2025-06-25 08:05:00,0.023773,1.915380,1.354483,0.001 1 + 1.046 omega + 0.222 omega^2,0.002 1 + 0.097 omega + 0.463 omega^2,1.6762639518e-03,-4.5501672887e-04,9.7303026118e-02,-1.2154122833e-05,-2.2638836865e-04,4.6300833991e-01
87628,2025-06-25 08:10:00,0.044175,2.974120,2.103253,0.006 1 + 1.064 omega + 0.001 theta omega + 0.179 omega^2,0.012 1 + 0.135 omega + 0.001 theta omega + 0.376 omega^2,1.1946091018e-02,1.0754115459e-04,1.3508319758e-01,-2.3350595921e-06,1.0944126647e-03,3.7599315068e-01
87629,2025-06-25 08:15:00,nan,nan,nan,0.007 1 + 0.001 theta + 1.023 omega + 0.002 theta omega + -0.087 omega^2,0.013 1 + 0.001 theta + 0.043 omega + 0.004 theta omega + -0.186 omega^2,1.3356935541e-02,1.0844078726e-03,4.2938683520e-02,1.5504292394e-05,4.2580575487e-03,-1.8577905123e-01
87630,2025-06-25 08:20:00,nan,nan,nan,1.009 omega + -0.002 theta omega + 0.056 omega^2,-0.001 1 + -0.001 theta + 0.019 omega + -0.005 theta omega + 0.121 omega^2,-5.5304839900e-04,-6.4444419846e-04,1.8965115427e-02,2.7742456468e-06,-4.5153809550e-03,1.2051445400e-01
87631,2025-06-25 08:25:00,0.023846,2.945812,2.083072,0.001 1 + 1.019 omega + 0.111 omega^2,0.003 1 + 0.042 omega + 0.234 omega^2,3.0084145122e-03,3.8879295915e-04,4.1515563792e-02,9.1432573952e-06,-1.0876258724e-04,2.3434503047e-01
87632,2025-06-25 08:30:00,0.053180,2.575716,1.821694,-0.003 1 + -0.001 theta + 0.964 omega + -0.003 theta omega + -0.089 omega^2,-0.007 1 + -0.001 theta + -0.074 omega + -0.006 theta omega + -0.181 omega^2,-6.7747186785e-03,-1.1313887676e-03,-7.3508859495e-02,-2.7365197943e-05,-6.3368931717e-03,-1.8108584096e-01
87633,2025-06-25 08:35:00,0.026432,1.925871,1.361925,-0.001 1 + 1.026 omega + -0.001 theta omega + 0.192 omega^2,-0.001 1 + 0.052 omega + -0.003 theta omega + 0.382 omega^2,-9.8612336545e-04,-3.9480876420e-04,5.1943649633e-02,-4.8228841848e-07,-2.5141623181e-03,3.8215585592e-01
87634,2025-06-25 08:40:00,0.015009,1.113805,0.787651,-0.007 1 + 0.930 omega + -0.178 omega^2,-0.016 1 + -0.149 omega + 0.001 theta omega + -0.377 omega^2,-1.5541530314e-02,6.3782965531e-05,-1.4870746523e-01,-1.0666256887e-06,6.5352484499e-04,-3.7721402774e-01
87635,2025-06-25 08:45:00,0.033441,0.826891,0.585179,-0.010 1 + -0.001 theta + 0.930 omega + -0.004 theta omega + -0.102 omega^2,-0.020 1 + -0.002 theta + -0.147 omega + -0.008 theta omega + -0.218 omega^2,-2.0306485946e-02,-2.2260839953e-03,-1.4677714490e-01,-5.1467062052e-05,-8.4066452737e-03,-2.1820356179e-01
87636,2025-06-25 08:50:00,nan,nan,nan,1.002 omega + -0.001 theta omega + -0.334 omega^2,0.001 1 + -0.001 theta + 0.004 omega + -0.003 theta omega + -0.646 omega^2,9.0039419792e-04,-6.7448970054e-04,4.3709198902e-03,1.2913772057e-04,-2.6285278895e-03,-6.4587313050e-01
87637,2025-06-25 08:55:00,0.071409,8.242144,5.828295,-0.002 1 + 1.007 omega + -0.002 theta omega + 0.122 omega^2,-0.005 1 + 0.001 theta + 0.019 omega + -0.005 theta omega + 0.225 omega^2,-4.6231665804e-03,7.3242479267e-04,1.9125451372e-02,-1.4971278397e-05,-4.6557802456e-03,2.2535094885e-01
87638,2025-06-25 09:00:00,0.021527,0.661950,0.468317,-0.001 1 + 0.997 omega + -0.005 omega^2,-0.002 1 + -0.005 omega + -0.011 omega^2,-1.9414460759e-03,-8.1360563586e-05,-4.6662260560e-03,3.0449275775e-07,-7.9847348395e-05,-1.1216544827e-02
87639,2025-06-25 09:10:00,0.022892,0.512935,0.363061,0.001 1 + 1.012 omega + 0.001 theta omega + 0.069 omega^2,0.003 1 + 0.001 theta + 0.025 omega + 0.002 theta omega + 0.135 omega^2,2.7164305787e-03,9.6052104402e-04,2.4901877826e-02,5.2360957684e-05,2.0580978425e-03,1.3458013815e-01
87640,2025-06-25 09:15:00,0.142402,3.663084,2.592148,0.001 1 + -0.001 theta + 0.997 omega + 0.002 theta omega + 0.122 omega^2,0.002 1 + -0.002 theta + -0.004 omega + 0.003 theta omega + 0.246 omega^2,2.0113928369e-03,-1.7634368460e-03,-4.0573423896e-03,5.7363865621e-05,2.9570444139e-03,2.4626079810e-01
87641,2025-06-25 09:20:00,0.019537,0.706706,0.499908,-0.007 1 + 1.081 omega + -0.002 theta omega + -0.210 omega^2,-0.014 1 + 0.001 theta + 0.164 omega + -0.005 theta omega + -0.422 omega^2,-1.3610457219e-02,6.2029966636e-04,1.6405022050e-01,-5.5505886146e-06,-4.7380389559e-03,-4.2196533116e-01
87642,2025-06-25 09:25:00,0.012760,0.367700,0.260160,-0.001 1 + 1.004 omega + -0.008 omega^2,-0.001 1 + 0.008 omega + -0.028 omega^2,-1.0764913290e-03,-2.0530261244e-04,8.2970655681e-03,-3.7241702132e-06,2.5699804272e-04,-2.8462957528e-02
87643,2025-06-25 09:30:00,0.081852,3.210177,2.270676,-0.006 1 + 0.951 omega + -0.002 theta omega + -0.090 omega^2,-0.012 1 + -0.001 theta + -0.102 omega + -0.003 theta omega + -0.190 omega^2,-1.2013012141e-02,-7.2335331585e-04,-1.0227816441e-01,-8.8416755144e-06,-3.3614919018e-03,-1.9028908969e-01
87644,2025-06-25 09:35:00,0.081567,1.936052,1.370210,-0.001 theta + 0.997 omega + 0.013 theta omega + 0.119 omega^2,0.001 1 + -0.001 theta + -0.005 omega + 0.025 theta omega + 0.236 omega^2,9.8312113479e-04,-1.3594457141e-03,-5.1864218896e-03,-4.9862234848e-04,2.5349523828e-02,2.3576891079e-01
87645,2025-06-25 09:40:00,0.027848,1.930673,1.365334,-0.004 1 + 1.061 omega + -0.240 omega^2,-0.009 1 + 0.132 omega + 0.001 theta omega + -0.495 omega^2,-8.5947399656e-03,-1.1296999285e-04,1.3161890285e-01,1.2829271043e-06,6.0046039960e-04,-4.9473264151e-01
87646,2025-06-25 09:45:00,0.038573,6.039145,4.270407,-0.007 1 + 1.078 omega + -0.002 theta omega + -0.169 omega^2,-0.014 1 + 0.157 omega + -0.004 theta omega + -0.335 omega^2,-1.4276599761e-02,3.8079134998e-04,1.5701685500e-01,3.6700464377e-06,-3.7360505505e-03,-3.3518610697e-01
87647,2025-06-25 09:50:00,0.005931,0.125150,0.088594,0.002 1 + 0.983 omega + 0.043 omega^2,0.003 1 + -0.025 omega + 0.065 omega^2,2.7158568319e-03,-9.9757549443e-06,-2.4603356449e-02,-6.6250657527e-08,9.9315074536e-07,6.5224729566e-02
87648,2025-06-25 09:55:00,0.019725,1.840866,1.301764,-0.003 1 + 1.029 omega + -0.001 theta omega + -0.051 omega^2,-0.007 1 + 0.001 theta + 0.063 omega + -0.003 theta omega + -0.116 omega^2,-6.7010243283e-03,5.3790101579e-04,6.2605261362e-02,-9.8368524697e-06,-2.8589364959e-03,-1.1564920140e-01
87649,2025-06-25 10:00:00,0.082027,8.275313,5.851817,-0.002 1 + 1.004 omega + -0.001 theta omega + 0.075 omega^2,-0.004 1 + 0.013 omega + -0.002 theta omega + 0.119 omega^2,-4.2777075676e-03,4.3585644663e-04,1.3178204438e-02,-1.0473002771e-05,-1.6910359688e-03,1.1856350417e-01
87650,2025-06-25 10:05:00,0.014400,0.289521,0.204975,-0.006 1 + 0.003 theta + 1.116 omega + -0.026 theta omega + -0.517 omega^2,-0.013 1 + 0.006 theta + 0.232 omega + -0.001 theta^2 + -0.052 theta omega + -1.042 omega^2,-1.2508750490e-02,6.3512599056e-03,2.3209199218e-01,-7.7522158759e-04,-5.1706391684e-02,-1.0417432413e+00
87651,2025-06-25 10:10:00,0.078713,2.458972,1.739647,-0.001 1 + 0.998 omega + -0.006 theta omega + 0.132 omega^2,-0.002 1 + -0.001 theta + -0.002 omega + -0.012 theta omega + 0.239 omega^2,-1.6219162612e-03,-8.3472615601e-04,-2.1290763592e-03,4.6266989540e-04,-1.1560385040e-02,2.3870805987e-01
87652,2025-06-25 10:15:00,0.096273,2.792973,1.976103,0.001 1 + 1.005 omega + 0.087 omega^2,0.001 1 + 0.001 theta + 0.013 omega + 0.185 omega^2,1.1743606501e-03,7.6169713084e-04,1.3031160485e-02,8.3372968828e-05,3.4716972750e-04,1.8457280638e-01
87653,2025-06-25 10:20:00,0.035703,1.466782,1.037479,-0.002 1 + 0.980 omega + -0.001 theta omega + -0.083 omega^2,-0.003 1 + -0.038 omega + -0.001 theta omega + -0.161 omega^2,-3.0313987034e-03,-1.4447336954e-04,-3.7546208988e-02,7.8604632205e-06,-1.2441832256e-03,-1.6096454045e-01
87654,2025-06-25 10:25:00,0.074359,4.954162,3.503516,1.009 omega + -0.002 theta omega + -0.184 omega^2,0.001 1 + -0.001 theta + 0.019 omega + -0.003 theta omega + -0.411 omega^2,8.2083622062e-04,-7.0069267025e-04,1.8909548043e-02,1.4880135950e-04,-2.7997375365e-03,-4.1066890154e-01
87655,2025-06-25 10:30:00,0.060148,2.813580,1.989956,-0.001 theta + 1.006 omega + -0.004 theta omega + 0.156 omega^2,-0.003 theta + 0.013 omega + -0.008 theta omega + 0.309 omega^2,1.1226017043e-06,-2.7849314815e-03,1.3070660408e-02,4.9706732318e-04,-8.1264634912e-03,3.0938493843e-01
87656,2025-06-25 10:35:00,0.057907,2.014441,1.425013,1.005 omega + -0.003 theta omega + -0.007 omega^2,0.001 1 + -0.001 theta + 0.012 omega + -0.005 theta omega + -0.029 omega^2,5.6429668333e-04,-6.5775399619e-04,1.1801286667e-02,6.5543486795e-05,-5.3984051007e-03,-2.9039773096e-02
87657,2025-06-25 10:40:00,nan,nan,nan,1.007 omega + 0.001 theta omega + -0.136 omega^2,-0.001 theta + 0.016 omega + 0.003 theta omega + -0.273 omega^2,-3.9210181791e-04,-7.2161727082e-04,1.5764719135e-02,-3.2633477742e-05,2.8125039481e-03,-2.7319763845e-01
87658,2025-06-25 10:45:00,0.038874,1.539229,1.088746,0.001 1 + 0.994 omega + 0.002 theta omega + 0.003 omega^2,0.001 1 + -0.011 omega + 0.003 theta omega + 0.027 omega^2,1.0682091709e-03,-1.1157428893e-04,-1.0965208618e-02,-3.6941614480e-05,3.3008979869e-03,2.6579297581e-02
87659,2025-06-25 10:50:00,nan,nan,nan,-0.001 1 + 0.996 omega + -0.003 theta omega + 0.006 omega^2,-0.002 1 + -0.001 theta + -0.006 omega + -0.006 theta omega + 0.018 omega^2,-1.7183400230e-03,-6.0074194332e-04,-6.2406299303e-03,9.6400434723e-06,-5.6614348973e-03,1.7749616793e-02
87660,2025-06-25 10:55:00,0.032582,1.313329,0.928949,1.005 omega + 0.021 omega^2,0.016 omega + 0.001 theta omega + 0.055 omega^2,1.3539342874e-04,1.5394492629e-05,1.6248098005e-02,3.9188762123e-07,7.0054186819e-04,5.5430727824e-02
87661,2025-06-25 11:00:00,nan,nan,nan,1.047 omega + -0.002 theta omega + -0.242 omega^2,0.001 1 + -0.001 theta + 0.096 omega + -0.004 theta omega + -0.486 omega^2,7.9165366765e-04,-5.6026825806e-04,9.5542401066e-02,2.7742448296e-05,-3.7502724013e-03,-4.8599109137e-01
87662,2025-06-25 11:05:00,0.026371,1.282939,0.907366,-0.001 1 + -0.001 theta + 0.987 omega + -0.006 theta omega + -0.128 omega^2,-0.001 1 + -0.001 theta + -0.025 omega + -0.012 theta omega + -0.252 omega^2,-1.4036969982e-03,-1.1054233504e-03,-2.5089858547e-02,-6.2615267686e-05,-1.1737836277e-02,-2.5230980332e-01
87663,2025-06-25 11:10:00,nan,nan,nan,0.999 omega + -0.133 omega^2,-0.001 theta + -0.002 omega + -0.266 omega^2,-4.7151026363e-04,-7.0001384484e-04,-1.5856249383e-03,-2.5524358883e-05,3.8819783058e-04,-2.6571577924e-01
87664,2025-06-25 11:15:00,0.022479,0.770911,0.545348,0.001 1 + 0.999 omega + -0.032 omega^2,0.002 1 + -0.001 omega + -0.001 theta omega + -0.051 omega^2,1.7897650655e-03,-2.1147847293e-04,-8.4132917684e-04,4.2126561643e-06,-5.0514482347e-04,-5.1381517271e-02
87665,2025-06-25 11:20:00,0.072856,3.672079,2.597063,1.002 omega + -0.001 theta omega + 0.048 omega^2,-0.001 1 + -0.001 theta + 0.005 omega + -0.002 theta omega + 0.080 omega^2,-7.6580622392e-04,-8.3612860359e-04,4.7301155070e-03,-8.4187857296e-05,-2.0931007353e-03,7.9915903217e-02
87666,2025-06-25 11:25:00,0.011473,0.283120,0.200361,0.006 1 + 0.935 omega + 0.003 theta omega + 0.086 omega^2,0.013 1 + -0.001 theta + -0.131 omega + 0.007 theta omega + 0.170 omega^2,1.2720942232e-02,-5.7130729273e-04,-1.3077782549e-01,-1.5105569978e-05,6.7317654727e-03,1.7031209421e-01
87667,2025-06-25 11:30:00,0.023195,1.237397,0.875126,0.001 1 + 1.005 omega + 0.001 theta omega + -0.015 omega^2,0.002 1 + 0.010 omega + 0.001 theta omega + -0.039 omega^2,2.0340514997e-03,4.2227954469e-04,1.0039099918e-02,1.6251730625e-05,1.2524686607e-03,-3.8888693792e-02
87668,2025-06-25 11:35:00,0.037098,1.230288,0.870340,0.001 1 + -0.001 theta + 0.976 omega + 0.012 theta omega + 0.009 omega^2,0.002 1 + -0.001 theta + -0.048 omega + 0.023 theta omega + 0.017 omega^2,1.5585042551e-03,-1.1542971177e-03,-4.7933839467e-02,1.0044095444e-04,2.3017327872e-02,1.7427946151e-02
87669,2025-06-25 11:40:00,0.015309,0.790808,0.559290,0.999 omega + 0.001 theta omega + -0.058 omega^2,0.003 theta omega + -0.148 omega^2,-4.2621787775e-04,-2.0726690612e-04,-4.1767762678e-04,-2.3358882260e-05,2.5188855046e-03,-1.4759610962e-01
87670,2025-06-25 11:45:00,nan,nan,nan,-0.001 1 + 1.005 omega + 0.002 theta omega + 0.092 omega^2,-0.002 1 + 0.010 omega + 0.003 theta omega + 0.178 omega^2,-2.3846160582e-03,-4.2484480831e-04,1.0316263863e-02,1.1634444187e-04,3.2884496372e-03,1.7844571626e-01
87671,2025-06-25 11:50:00,0.040991,0.977401,0.691734,0.001 theta + 0.994 omega + 0.191 omega^2,0.002 theta + -0.012 omega + -0.001 theta omega + 0.373 omega^2,-2.2701716841e-04,1.5111978879e-03,-1.1519144293e-02,1.8079385060e-04,-1.0120874482e-03,3.7288713900e-01
87672,2025-06-25 11:55:00,0.065074,1.477088,1.045472,0.005 1 + -0.003 theta + 0.961 omega + 0.020 theta omega + -0.141 omega^2,0.009 1 + -0.006 theta + -0.077 omega + 0.001 theta^2 + 0.041 theta omega + -0.294 omega^2,9.3973468027e-03,-6.3395569802e-03,-7.6847091747e-02,7.7123685149e-04,4.0808640831e-02,-2.9361419673e-01
87673,2025-06-25 12:00:00,0.020972,1.351612,0.955849,0.001 1 + 1.010 omega + -0.001 theta omega + -0.118 omega^2,0.003 1 + -0.001 theta + 0.022 omega + -0.001 theta omega + -0.250 omega^2,2.6245072190e-03,-6.3385685333e-04,2.1576766606e-02,3.5282100980e-05,-1.4213087502e-03,-2.4963579794e-01
87674,2025-06-25 12:05:00,nan,nan,nan,-0.002 1 + 0.002 theta + 1.044 omega + -0.011 theta omega + -0.197 omega^2,-0.003 1 + 0.003 theta + 0.090 omega + -0.001 theta^2 + -0.022 theta omega + -0.397 omega^2,-3.1774276331e-03,3.4278338420e-03,9.0411807828e-02,-5.8495666026e-04,-2.1600944813e-02,-3.9739615372e-01
87675,2025-06-25 12:10:00,0.065532,3.462972,2.449130,1.003 omega + -0.002 theta omega + 0.033 omega^2,-0.001 1 + 0.007 omega + -0.004 theta omega + 0.063 omega^2,-5.8270470861e-04,-3.3228686526e-04,7.0234418229e-03,2.2924834326e-05,-3.8389635684e-03,6.2844411450e-02
87676,2025-06-25 12:15:00,0.019998,1.403402,0.992456,0.001 1 + 1.021 omega + 0.002 theta omega + 0.088 omega^2,0.002 1 + 0.046 omega + 0.004 theta omega + 0.179 omega^2,2.4933934813e-03,3.3988487952e-04,4.5548936888e-02,1.0436632365e-05,4.2465807524e-03,1.7906370702e-01
87677,2025-06-25 12:20:00,nan,nan,nan,1.010 omega + 0.001 theta omega + 0.093 omega^2,0.019 omega + 0.002 theta omega + 0.191 omega^2,-7.4118259023e-05,2.5587547347e-04,1.8628863505e-02,3.0228688401e-05,1.6697068923e-03,1.9061471841e-01
87678,2025-06-25 12:25:00,0.053976,1.829002,1.293862,0.001 1 + 1.007 omega + -0.006 theta omega + -0.010 omega^2,0.001 1 + 0.015 omega + -0.012 theta omega + -0.031 omega^2,1.2629631225e-03,-4.9928316757e-04,1.5465540708e-02,-6.1986973249e-05,-1.1652259991e-02,-3.1026700711e-02
87679,2025-06-25 12:30:00,0.014688,0.329419,0.233166,0.004 1 + 0.938 omega + 0.003 theta omega + 0.146 omega^2,0.008 1 + -0.122 omega + 0.006 theta omega + 0.270 omega^2,8.2623056019e-03,2.0313353232e-05,-1.2192285631e-01,-4.0382741077e-05,5.5701654416e-03,2.6985867401e-01
87680,2025-06-25 12:35:00,0.118305,3.029513,2.143822,-0.001 theta + 1.003 omega + 0.027 theta omega + -0.163 omega^2,-0.003 theta + 0.009 omega + 0.053 theta omega + -0.316 omega^2,4.4378635997e-04,-2.5144804952e-03,8.9839239879e-03,-3.0465014223e-04,5.2817909229e-02,-3.1603838353e-01
87681,2025-06-25 12:40:00,0.068357,2.559834,1.810721,1.000 omega + -0.063 omega^2,-0.001 1 + -0.001 theta + 0.003 omega + -0.001 theta omega + -0.110 omega^2,-6.5713137771e-04,-5.4446005795e-04,2.5651928801e-03,-3.7475154404e-05,-6.5097614679e-04,-1.1003246797e-01
87682,2025-06-25 12:45:00,0.016322,0.406833,0.287906,-0.001 1 + 0.989 omega + -0.003 theta omega + -0.039 omega^2,-0.002 1 + -0.001 theta + -0.021 omega + -0.007 theta omega + -0.082 omega^2,-2.0348832689e-03,-7.1745454535e-04,-2.1329799565e-02,3.6155849715e-05,-6.5363958795e-03,-8.1951340952e-02
87683,2025-06-25 12:50:00,0.020098,0.996920,0.705072,-0.001 1 + 1.008 omega + -0.002 theta omega + 0.164 omega^2,-0.002 1 + 0.017 omega + -0.003 theta omega + 0.310 omega^2,-2.1404710138e-03,-3.4713047216e-04,1.7210753003e-02,2.4755283068e-06,-3.4312562278e-03,3.0992392962e-01
87684,2025-06-25 12:55:00,0.013488,0.834056,0.589843,0.010 1 + 1.087 omega + 0.002 theta omega + 0.167 omega^2,0.021 1 + 0.001 theta + 0.187 omega + 0.003 theta omega + 0.367 omega^2,2.0740572160e-02,5.4300143136e-04,1.8686260872e-01,2.1361227187e-06,3.1260171594e-03,3.6694754995e-01
87685,2025-06-25 13:00:00,nan,nan,nan,-0.010 1 + -0.001 theta + 0.931 omega + -0.003 theta omega + -0.072 omega^2,-0.021 1 + -0.002 theta + -0.140 omega + -0.006 theta omega + -0.155 omega^2,-2.0680420694e-02,-1.6472389495e-03,-1.3994866748e-01,-2.9039937464e-05,-6.4578476686e-03,-1.5451785666e-01
87686,2025-06-25 13:05:00,0.011359,0.680273,0.481093,-0.001 1 + 1.045 omega + -0.182 omega^2,-0.001 1 + 0.092 omega + -0.367 omega^2,-1.2192416079e-03,-3.1214197191e-04,9.1946996395e-02,5.6357934371e-06,-1.4462209462e-04,-3.6677571448e-01
87687,2025-06-25 13:10:00,0.038298,2.906139,2.055129,0.995 omega + 0.034 omega^2,-0.005 omega + -0.001 theta omega + 0.057 omega^2,-3.9691897323e-04,2.1062278053e-04,-5.4000940686e-03,-3.1112101836e-06,-9.7991420492e-04,5.6669194392e-02
87688,2025-06-25 13:15:00,0.303312,5.909992,4.184496,1.003 omega + -0.002 theta omega + 0.007 omega^2,-0.001 1 + -0.001 theta + 0.007 omega + -0.003 theta omega + 0.010 omega^2,-9.6554629403e-04,-5.2896318798e-04,7.1741648316e-03,1.8857389892e-06,-2.9927157771e-03,1.0365330441e-02
87689,2025-06-25 13:20:00,0.010504,0.481298,0.340410,-0.002 1 + 0.974 omega + -0.101 omega^2,-0.003 1 + -0.049 omega + 0.001 theta omega + -0.196 omega^2,-2.7462352825e-03,1.8286289270e-04,-4.9154962668e-02,1.8176918898e-06,7.4964916591e-04,-1.9644181703e-01
87690,2025-06-25 13:25:00,0.052617,2.529265,1.788847,-0.001 1 + 0.994 omega + 0.032 omega^2,-0.001 1 + -0.011 omega + -0.001 theta omega + 0.077 omega^2,-1.4926482045e-03,-2.2614778313e-04,-1.1249063657e-02,2.8112862449e-06,-8.4727325879e-04,7.6503882648e-02
87691,2025-06-25 13:30:00,0.048083,5.563217,3.933935,1.003 omega + 0.025 omega^2,0.008 omega + 0.067 omega^2,4.0646365256e-04,1.1020279792e-04,7.6364861235e-03,6.5829923992e-06,-1.8424799622e-04,6.7072777928e-02
87692,2025-06-25 13:35:00,nan,nan,nan,-0.002 1 + -0.001 theta + 0.983 omega + -0.010 theta omega + -0.075 omega^2,-0.004 1 + -0.003 theta + -0.031 omega + -0.019 theta omega + -0.148 omega^2,-3.8287319729e-03,-2.9646059157e-03,-3.1343660694e-02,-1.7269390267e-04,-1.8973665447e-02,-1.4832458791e-01
87693,2025-06-25 13:40:00,0.031980,0.696311,0.492885,-0.001 1 + -0.001 theta + 1.010 omega + 0.007 theta omega + 0.100 omega^2,-0.001 1 + -0.003 theta + 0.022 omega + 0.015 theta omega + 0.188 omega^2,-1.4681142763e-03,-2.5974353733e-03,2.1956083903e-02,-4.8477650992e-04,1.4580925703e-02,1.8774999758e-01
87694,2025-06-25 13:45:00,nan,nan,nan,1.000 omega + 0.001 theta omega + -0.118 omega^2,0.001 1 + -0.001 theta + 0.001 omega + 0.002 theta omega + -0.237 omega^2,1.0284052292e-03,-1.0090088091e-03,7.0980622258e-04,-1.0804654049e-04,1.7957205359e-03,-2.3686088199e-01
87695,2025-06-25 13:50:00,0.097874,12.314036,8.707613,-0.001 1 + 1.000 omega + -0.001 theta omega + 0.105 omega^2,-0.002 1 + 0.006 omega + -0.002 theta omega + 0.202 omega^2,-1.5114221838e-03,1.0578212687e-05,6.0135999341e-03,3.5398202186e-06,-1.9531746927e-03,2.0155349444e-01
87696,2025-06-25 13:55:00,0.024418,0.666603,0.471676,0.011 1 + -0.003 theta + 0.898 omega + 0.015 theta omega + -0.065 omega^2,0.023 1 + -0.006 theta + -0.210 omega + 0.031 theta omega + -0.103 omega^2,2.3017790560e-02,-5.6561871850e-03,-2.1038143590e-01,3.1906631753e-04,3.1214177836e-02,-1.0341648253e-01
87697,2025-06-25 14:00:00,0.014759,0.598947,0.423648,0.004 1 + 1.059 omega + 0.001 theta omega + 0.166 omega^2,0.009 1 + 0.120 omega + 0.003 theta omega + 0.332 omega^2,8.9757057330e-03,2.6828675203e-04,1.1951580035e-01,5.3318001534e-08,2.7150214328e-03,3.3225356831e-01
87698,2025-06-25 14:05:00,0.028522,0.988038,0.698940,0.998 omega + 0.002 theta omega + 0.089 omega^2,-0.001 theta + -0.004 omega + 0.003 theta omega + 0.157 omega^2,1.4195139519e-04,-5.0794172284e-04,-3.9666975280e-03,-1.2831020187e-04,2.9966341661e-03,1.5694345245e-01
87699,2025-06-25 14:10:00,0.088364,2.513720,1.778567,-0.001 1 + 0.999 omega + -0.001 theta omega + 0.089 omega^2,-0.002 1 + 0.001 omega + -0.001 theta omega + 0.156 omega^2,-1.7542422958e-03,-4.9877331312e-04,7.8149496464e-04,2.4007815426e-05,-1.1533017366e-03,1.5633823756e-01
87700,2025-06-25 14:15:00,0.044933,3.768469,2.664899,-0.009 1 + 1.081 omega + -0.001 theta omega + -0.174 omega^2,-0.018 1 + 0.171 omega + -0.002 theta omega + -0.370 omega^2,-1.8085487006e-02,2.6526327021e-04,1.7106467759e-01,3.4356164979e-06,-2.2512780979e-03,-3.7023083481e-01
87701,2025-06-25 14:20:00,0.015409,0.390132,0.276080,0.972 omega + 0.145 omega^2,-0.053 omega + 0.292 omega^2,3.7236664152e-04,3.6723148947e-04,-5.2949091446e-02,-1.3545730543e-05,-1.0138020875e-04,2.9223113831e-01
87702,2025-06-25 14:25:00,0.024325,0.347547,0.246354,0.001 1 + 0.001 theta + 1.006 omega + -0.001 theta omega + -0.438 omega^2,0.001 1 + 0.003 theta + 0.013 omega + -0.003 theta omega + -0.860 omega^2,1.4593283043e-03,2.5908763302e-03,1.2762289599e-02,-2.6897077732e-04,-2.6501902431e-03,-8.6048416412e-01
87703,2025-06-25 14:30:00,0.721221,28.969129,20.490615,0.002 1 + -0.001 theta + 1.010 omega + -0.002 theta omega + -0.039 omega^2,0.004 1 + -0.002 theta + 0.022 omega + -0.004 theta omega + -0.086 omega^2,3.9703774117e-03,-1.7905586949e-03,2.1718752815e-02,1.6154143278e-04,-4.2129002627e-03,-8.5707580541e-02
87704,2025-06-25 14:35:00,0.013524,1.169153,0.826771,1.013 omega + -0.036 omega^2,-0.001 1 + 0.030 omega + -0.080 omega^2,-8.8089533155e-04,-6.6111813654e-05,3.0412078317e-02,9.8399131981e-07,-2.0654609847e-04,-8.0175367238e-02
87705,2025-06-25 14:40:00,0.017213,0.509223,0.360281,-0.001 1 + 1.010 omega + 0.039 omega^2,-0.001 1 + 0.019 omega + 0.077 omega^2,-1.0775337395e-03,-2.1778096438e-04,1.9373254539e-02,-1.7104601998e-06,-4.9315940493e-04,7.7436852293e-02
87706,2025-06-25 14:45:00,0.037891,1.603894,1.134441,-0.002 1 + 0.989 omega + -0.025 omega^2,-0.003 1 + -0.020 omega + -0.044 omega^2,-2.8969927568e-03,-1.6601931834e-04,-2.0111282397e-02,-2.5404992305e-06,-1.0607607639e-04,-4.4122724490e-02
87707,2025-06-25 14:50:00,0.036914,1.783946,1.261710,1.002 omega + -0.004 theta omega + 0.071 omega^2,-0.001 theta + 0.006 omega + -0.008 theta omega + 0.125 omega^2,-4.9047837798e-04,-5.2867589109e-04,5.7811403531e-03,1.4367918718e-04,-8.0559786315e-03,1.2509477658e-01
87708,2025-06-25 14:55:00,0.045760,6.288980,4.447098,1.005 omega + -0.001 theta omega + 0.032 omega^2,0.013 omega + -0.002 theta omega + 0.060 omega^2,1.0996145232e-04,1.0512634812e-06,1.3304172730e-02,5.2923079980e-06,-1.6535315307e-03,6.0101791095e-02
87709,2025-06-25 15:00:00,0.241635,9.436079,6.674503,0.001 1 + 0.993 omega + 0.014 omega^2,0.001 1 + -0.008 omega + 0.015 omega^2,1.2431570214e-03,-3.3733959955e-04,-8.3440681863e-03,1.2870573818e-05,2.0803210009e-04,1.4941446812e-02
87710,2025-06-25 15:05:00,0.017775,1.247926,0.882506,-0.005 1 + 1.052 omega + -0.097 omega^2,-0.010 1 + 0.105 omega + -0.195 omega^2,-1.0399454259e-02,-1.5669931901e-04,1.0502570772e-01,1.1106300961e-06,6.2884714241e-05,-1.9456672664e-01
87711,2025-06-25 15:10:00,nan,nan,nan,-0.009 1 + 0.001 theta + 1.021 omega + -0.003 theta omega + 0.071 omega^2,-0.017 1 + 0.002 theta + 0.043 omega + -0.005 theta omega + 0.137 omega^2,-1.7400253923e-02,1.7598347278e-03,4.3046098630e-02,-2.3859889186e-05,-5.3815290421e-03,1.3666129676e-01
87712,2025-06-25 15:15:00,0.034471,4.854293,3.432590,-0.001 1 + 1.003 omega + 0.048 omega^2,-0.002 1 + 0.007 omega + 0.097 omega^2,-2.1055366356e-03,-1.4060821672e-04,6.8018033176e-03,3.2409810704e-06,-3.7814347561e-04,9.7134895934e-02
87713,2025-06-25 15:20:00,0.032974,1.312521,0.928385,0.002 1 + 0.001 theta + 1.015 omega + 0.003 theta omega + 0.073 omega^2,0.005 1 + 0.002 theta + 0.034 omega + 0.005 theta omega + 0.169 omega^2,4.5972170084e-03,2.0702141544e-03,3.4122642023e-02,1.7141605053e-04,5.3685585017e-03,1.6897488828e-01
87714,2025-06-25 15:25:00,0.039801,1.755642,1.241746,0.001 1 + 1.000 omega + -0.036 omega^2,0.002 1 + -0.001 theta omega + -0.068 omega^2,2.2674939178e-03,-3.1666296358e-04,4.1142168278e-04,7.6139880908e-06,-5.0642110745e-04,-6.7666386766e-02
87715,2025-06-25 15:30:00,0.103907,4.271218,3.021101,-0.001 1 + 0.001 theta + 1.029 omega + 0.003 theta omega + 0.228 omega^2,-0.002 1 + 0.002 theta + 0.059 omega + 0.007 theta omega + 0.451 omega^2,-1.8299102747e-03,1.7528022929e-03,5.8843783853e-02,2.1754659559e-04,6.8548732649e-03,4.5091657491e-01
87716,2025-06-25 15:35:00,0.048660,2.520671,1.782716,0.996 omega + 0.054 omega^2,-0.007 omega + 0.115 omega^2,1.6129367258e-05,1.8054183070e-04,-6.8721146599e-03,-2.4508450022e-05,2.9520054227e-04,1.1507614264e-01
87717,2025-06-25 15:40:00,0.032260,2.394729,1.693482,0.001 1 + 1.030 omega + 0.001 theta omega + 0.074 omega^2,0.003 1 + 0.063 omega + 0.001 theta omega + 0.148 omega^2,3.0463166338e-03,5.7550371184e-05,6.2651350838e-02,1.1335010278e-06,1.0133182509e-03,1.4809546705e-01
87718,2025-06-25 15:45:00,nan,nan,nan,-0.003 1 + 0.001 theta + 1.014 omega + -0.001 theta omega + 0.092 omega^2,-0.006 1 + 0.002 theta + 0.027 omega + -0.003 theta omega + 0.192 omega^2,-6.1020239052e-03,1.6789825889e-03,2.6790843256e-02,-1.2661206915e-04,-2.6773533802e-03,1.9248718607e-01
87719,2025-06-25 15:50:00,0.024121,1.591195,1.125274,1.006 omega + 0.003 theta omega + -0.103 omega^2,0.013 omega + 0.005 theta omega + -0.182 omega^2,2.6670857580e-04,-3.9770709312e-04,1.2771270762e-02,3.3151767125e-08,5.0055740030e-03,-1.8223917787e-01
87720,2025-06-25 15:55:00,0.006773,0.325129,0.229951,-0.004 1 + 1.069 omega + -0.168 omega^2,-0.009 1 + 0.139 omega + -0.001 theta omega + -0.337 omega^2,-8.7142404282e-03,-1.6339367506e-04,1.3898951058e-01,3.3268353709e-06,-6.5879628532e-04,-3.3732895159e-01
87721,2025-06-25 16:00:00,0.060534,6.860362,4.851197,-0.001 1 + 1.016 omega + -0.001 theta omega + -0.006 omega^2,-0.002 1 + 0.032 omega + -0.003 theta omega + -0.014 omega^2,-2.0105058131e-03,-5.3016336895e-05,3.1546868827e-02,1.2798432325e-05,-2.7097639782e-03,-1.4482391769e-02
87722,2025-06-25 16:05:00,nan,nan,nan,0.999 omega + -0.052 omega^2,0.001 1 + -0.003 omega + 0.001 theta omega + -0.122 omega^2,1.2291088882e-03,2.6215529811e-04,-2.7142843342e-03,-3.9947870642e-05,5.7177816816e-04,-1.2164355480e-01
87723,2025-06-25 16:10:00,0.029377,2.543850,1.798893,0.001 1 + 0.978 omega + -0.137 omega^2,0.001 1 + 0.001 theta + -0.051 omega + -0.001 theta omega + -0.308 omega^2,1.2136899893e-03,5.6012295355e-04,-5.0961249618e-02,2.8324180258e-05,-8.9912198827e-04,-3.0808012867e-01
87724,2025-06-25 16:15:00,0.032408,1.495869,1.057988,-0.001 1 + 0.994 omega + -0.001 theta omega + 0.017 omega^2,-0.002 1 + -0.001 theta + -0.011 omega + -0.002 theta omega + 0.019 omega^2,-2.0407367703e-03,-5.9792580986e-04,-1.0699390413e-02,-2.5222903801e-05,-2.1739890889e-03,1.8782726581e-02
87725,2025-06-25 16:20:00,0.034950,3.136383,2.217895,-0.002 1 + 1.046 omega + -0.001 theta omega + -0.174 omega^2,-0.003 1 + 0.093 omega + -0.002 theta omega + -0.341 omega^2,-3.4294916182e-03,-2.1846165694e-04,9.3063913464e-02,1.4452845307e-05,-1.8206705720e-03,-3.4143704969e-01
87726,2025-06-25 16:25:00,nan,nan,nan,-0.001 1 + 1.011 omega + -0.001 theta omega + -0.045 omega^2,-0.002 1 + 0.001 theta + 0.022 omega + -0.003 theta omega + -0.097 omega^2,-1.7294529414e-03,6.0642550329e-04,2.1906483816e-02,-5.1262832840e-05,-2.6634860215e-03,-9.7094125413e-02
87727,2025-06-25 16:30:00,0.036399,3.228426,2.282987,0.001 1 + 1.026 omega + 0.001 theta omega + -0.291 omega^2,0.002 1 + -0.001 theta + 0.055 omega + 0.002 theta omega + -0.594 omega^2,2.0184243442e-03,-6.4222232356e-04,5.4913140493e-02,2.2783393959e-05,2.3826642713e-03,-5.9441506757e-01
87728,2025-06-25 16:35:00,0.042425,1.649754,1.166938,0.997 omega + -0.002 theta omega + 0.050 omega^2,-0.001 theta + -0.005 omega + -0.004 theta omega + 0.095 omega^2,-1.4259871350e-04,-6.7130564554e-04,-5.1591663586e-03,-6.2514372351e-05,-3.7284875686e-03,9.5348800833e-02
87729,2025-06-25 16:40:00,0.020894,1.550108,1.096192,-0.009 1 + 1.110 omega + -0.293 omega^2,-0.018 1 + 0.216 omega + -0.573 omega^2,-1.8464544700e-02,-1.8086270690e-04,2.1640632846e-01,1.2144480919e-06,4.0485933860e-04,-5.7346821092e-01
87730,2025-06-25 16:45:00,0.024426,1.589380,1.123994,0.001 1 + 0.976 omega + -0.001 theta omega + 0.116 omega^2,0.001 1 + -0.049 omega + -0.002 theta omega + 0.235 omega^2,1.1616565966e-03,3.3083680170e-04,-4.8633335058e-02,-7.1584678464e-07,-1.7222494973e-03,2.3458103232e-01
87731,2025-06-25 16:50:00,0.458216,43.527239,30.780111,-0.004 1 + 0.999 omega + -0.002 theta omega + 0.150 omega^2,-0.009 1 + 0.001 theta + 0.005 omega + -0.004 theta omega + 0.279 omega^2,-8.7181581032e-03,5.8740980464e-04,4.6530197654e-03,3.8643858613e-07,-3.7199313901e-03,2.7943051728e-01
87732,2025-06-25 16:55:00,0.011886,0.341153,0.241378,0.001 1 + 0.977 omega + 0.091 omega^2,0.002 1 + -0.038 omega + 0.150 omega^2,1.7976748293e-03,1.1810349212e-04,-3.7904647889e-02,-1.9949504535e-07,-4.8618167706e-04,1.5003495180e-01
87733,2025-06-25 17:00:00,0.012877,1.047411,0.740687,0.013 1 + 0.882 omega + -0.001 theta omega + 0.260 omega^2,-0.006 1 + 0.039 omega + -0.058 omega^2,-5.9784705773e-03,8.0048730220e-05,3.8606340443e-02,0.0000000000e+00,-3.0279274050e-04,-5.7546179461e-02
87734,2025-06-25 17:05:00,0.011648,0.406731,0.287720,0.005 1 + 0.955 omega + 0.095 omega^2,0.010 1 + -0.083 omega + 0.177 omega^2,9.9048428197e-03,-9.2738333146e-05,-8.3475434203e-02,8.7685990068e-07,1.9730204155e-04,1.7676843604e-01
87735,2025-06-25 17:10:00,0.018234,1.844129,1.304060,-0.005 1 + 1.057 omega + -0.155 omega^2,-0.011 1 + 0.114 omega + -0.001 theta omega + -0.299 omega^2,-1.1021628937e-02,1.8757229052e-04,1.1443894278e-01,1.0400764097e-08,-1.0153274511e-03,-2.9871862967e-01
87736,2025-06-25 17:15:00,0.013573,0.230973,0.163604,0.002 1 + 0.992 omega + -0.001 omega^2,0.003 1 + -0.013 omega + -0.007 omega^2,2.9039136740e-03,-1.3433853645e-04,-1.3194118594e-02,-1.4026437876e-05,3.7128020168e-04,-6.9288180471e-03
87737,2025-06-25 17:20:00,nan,nan,nan,0.001 1 + 0.001 theta + 1.018 omega + 0.001 theta omega + 0.122 omega^2,0.001 1 + 0.002 theta + 0.037 omega + 0.003 theta omega + 0.248 omega^2,1.3603462654e-03,1.7837767612e-03,3.6592131297e-02,1.2918071722e-04,2.8293212288e-03,2.4807718348e-01
87738,2025-06-25 17:25:00,0.013045,0.584353,0.413303,-0.002 1 + 1.038 omega + -0.112 omega^2,-0.004 1 + 0.078 omega + -0.225 omega^2,-4.4640679080e-03,-1.8798006805e-04,7.8079518471e-02,1.8048038531e-06,2.6793748589e-04,-2.2497537735e-01
87739,2025-06-25 17:30:00,0.048110,6.140849,4.342369,-0.002 1 + 1.008 omega + -0.001 theta omega + 0.028 omega^2,-0.005 1 + 0.016 omega + -0.001 theta omega + 0.055 omega^2,-4.5238048078e-03,3.0168804331e-04,1.6439311107e-02,-3.4878795043e-06,-1.3425243552e-03,5.5228406811e-02
87740,2025-06-25 17:35:00,0.011682,0.463259,0.327678,0.005 1 + 0.925 omega + -0.001 theta omega + 0.260 omega^2,0.010 1 + 0.001 theta + -0.152 omega + -0.003 theta omega + 0.528 omega^2,1.0225978880e-02,5.4538950558e-04,-1.5169140104e-01,1.4501303744e-06,-2.8964425250e-03,5.2828755382e-01
87741,2025-06-25 17:40:00,0.023731,0.762137,0.539173,0.001 1 + 0.996 omega + 0.004 omega^2,0.001 1 + -0.005 omega^2,1.0568557467e-03,-9.0910015190e-05,-3.0181708419e-04,1.6896907002e-06,-6.9476059653e-05,-5.3824151107e-03
87742,2025-06-25 17:45:00,0.018694,2.089221,1.477361,-0.006 1 + 1.077 omega + -0.001 theta omega + -0.214 omega^2,-0.012 1 + 0.153 omega + -0.002 theta omega + -0.418 omega^2,-1.2385772447e-02,3.0039331048e-04,1.5283329127e-01,-1.0732798393e-06,-2.2940164123e-03,-4.1844157516e-01
87743,2025-06-25 17:50:00,0.012425,0.774328,0.547603,-0.002 1 + 1.036 omega + -0.147 omega^2,-0.003 1 + 0.061 omega + 0.001 theta omega + -0.245 omega^2,-3.4215248679e-03,-9.9635159200e-05,6.1356690633e-02,-4.2883238901e-07,6.9230937948e-04,-2.4463593714e-01
87744,2025-06-25 17:55:00,0.022065,0.764617,0.540891,0.003 1 + 0.969 omega + 0.105 omega^2,0.005 1 + -0.060 omega + 0.204 omega^2,5.0012253722e-03,3.7918103891e-06,-6.0230836121e-02,3.7452910034e-07,-2.4688778664e-04,2.0356614687e-01
87745,2025-06-25 18:00:00,nan,nan,nan,-0.007 1 + 1.092 omega + -0.002 theta omega + -0.226 omega^2,-0.015 1 + 0.191 omega + -0.005 theta omega + -0.468 omega^2,-1.5493032467e-02,4.7862371397e-04,1.9130385783e-01,2.5827427548e-06,-4.8122665346e-03,-4.6811035637e-01
87746,2025-06-25 18:05:00,0.011568,0.201199,0.142504,0.014 1 + 0.889 omega + 0.004 theta omega + 0.053 omega^2,0.028 1 + -0.001 theta + -0.219 omega + 0.007 theta omega + 0.098 omega^2,2.8279084923e-02,-8.2125829905e-04,-2.1893302291e-01,-1.0826937651e-05,7.4917291328e-03,9.7636871710e-02
87747,2025-06-25 18:10:00,nan,nan,nan,1.018 omega + -0.004 theta omega + 0.095 omega^2,-0.001 1 + 0.037 omega + -0.008 theta omega + 0.201 omega^2,-1.0304664454e-03,2.8398416590e-04,3.6783372076e-02,-5.1423967559e-05,-8.3875769737e-03,2.0132703142e-01
87748,2025-06-25 18:15:00,nan,nan,nan,-0.009 1 + -0.001 theta + 0.929 omega + -0.005 theta omega + -0.021 omega^2,-0.018 1 + -0.002 theta + -0.142 omega + -0.010 theta omega + -0.040 omega^2,-1.7977859088e-02,-1.7897150283e-03,-1.4157081625e-01,-3.4762465632e-05,-1.0133609870e-02,-4.0214729936e-02
87749,2025-06-25 18:20:00,0.019387,0.776437,0.549195,-0.001 1 + 0.995 omega + -0.004 theta omega + 0.119 omega^2,-0.002 1 + -0.001 theta + -0.009 omega + -0.008 theta omega + 0.218 omega^2,-1.6338670237e-03,-6.3469196490e-04,-9.3345861906e-03,2.2123062101e-04,-8.4805421944e-03,2.1771046585e-01
87750,2025-06-25 18:25:00,0.039847,5.672467,4.011139,0.001 1 + 1.013 omega + 0.001 theta omega + -0.127 omega^2,0.002 1 + 0.026 omega + 0.001 theta omega + -0.243 omega^2,1.9147651891e-03,-2.1764735526e-04,2.5882977606e-02,-4.0528049813e-07,1.4868434854e-03,-2.4268566200e-01
87751,2025-06-25 18:30:00,0.008022,0.286458,0.202636,-0.008 1 + 1.083 omega + -0.003 theta omega + -0.204 omega^2,-0.017 1 + 0.001 theta + 0.167 omega + -0.005 theta omega + -0.406 omega^2,-1.7034230025e-02,9.3385295722e-04,1.6717925828e-01,-1.1366384791e-05,-5.1398575030e-03,-4.0609238533e-01
87752,2025-06-25 18:35:00,nan,nan,nan,0.001 1 + 1.012 omega + 0.001 theta omega + -0.075 omega^2,0.001 1 + -0.001 theta + 0.026 omega + 0.002 theta omega + -0.151 omega^2,1.2327808486e-03,-5.1370650328e-04,2.5820618058e-02,4.4294432798e-06,2.1434114710e-03,-1.5105211893e-01
87753,2025-06-25 18:40:00,nan,nan,nan,0.004 1 + 0.994 omega + 0.001 theta omega + -0.115 omega^2,0.009 1 + -0.011 omega + 0.002 theta omega + -0.233 omega^2,8.7681847779e-03,-4.2474631037e-04,-1.1113700880e-02,-5.7149423731e-05,1.6762285643e-03,-2.3303848835e-01
87754,2025-06-25 18:45:00,nan,nan,nan,-0.015 1 + -0.001 theta + 0.908 omega + -0.002 theta omega + -0.109 omega^2,-0.029 1 + -0.001 theta + -0.181 omega + -0.004 theta omega + -0.223 omega^2,-2.9226627353e-02,-1.0272483195e-03,-1.8105922480e-01,-6.1079230169e-06,-3.9648914725e-03,-2.2343462290e-01
87755,2025-06-25 18:50:00,0.046856,1.204954,0.852675,-0.001 1 + 0.988 omega + -0.003 theta omega + -0.007 omega^2,-0.001 1 + -0.026 omega + -0.008 theta omega + -0.017 omega^2,-1.2136437113e-03,1.8519794844e-04,-2.6041614407e-02,1.5713581886e-04,-7.5398355311e-03,-1.6613853610e-02
87756,2025-06-25 18:55:00,0.047702,5.778392,4.086080,1.008 omega + -0.003 theta omega + 0.091 omega^2,0.001 1 + 0.018 omega + -0.007 theta omega + 0.194 omega^2,5.8472710466e-04,-4.1793986560e-04,1.8474922149e-02,5.4801869789e-05,-6.7361015403e-03,1.9397999103e-01
87757,2025-06-25 19:00:00,0.023359,0.659718,0.466783,0.001 1 + 0.997 omega + -0.104 omega^2,0.001 1 + -0.005 omega + -0.203 omega^2,1.4326067807e-03,1.8480257680e-04,-4.7907346661e-03,-4.7734707552e-05,-3.0443709064e-04,-2.0332387137e-01
87758,2025-06-25 19:10:00,0.115827,6.548518,4.631226,0.993 omega + -0.019 omega^2,0.001 1 + -0.009 omega + -0.001 theta omega + -0.035 omega^2,9.6640426693e-04,2.0631593580e-04,-9.3124659009e-03,1.1119060791e-05,-5.6416292552e-04,-3.5337761442e-02
87759,2025-06-25 19:15:00,0.040699,2.556700,1.808089,-0.001 1 + 0.987 omega + -0.002 theta omega + 0.100 omega^2,-0.002 1 + 0.001 theta + -0.026 omega + -0.004 theta omega + 0.209 omega^2,-2.1071827488e-03,5.4869730218e-04,-2.5516121961e-02,1.0522453071e-04,-3.7995752391e-03,2.0903535544e-01
87760,2025-06-25 19:20:00,0.026648,1.132859,0.801274,1.008 omega + -0.001 theta omega + 0.069 omega^2,0.015 omega + -0.001 theta omega + 0.131 omega^2,1.8326720397e-04,-2.8294474969e-04,1.4789051489e-02,-2.0133486419e-05,-1.4874894459e-03,1.3098584438e-01
87761,2025-06-25 19:25:00,0.058726,2.003794,1.417505,-0.001 1 + 0.971 omega + -0.005 theta omega + -0.026 omega^2,-0.002 1 + -0.059 omega + -0.010 theta omega + -0.053 omega^2,-2.1527441946e-03,4.8941599218e-04,-5.8816040053e-02,1.4054315751e-04,-9.9378140052e-03,-5.2612101558e-02
87762,2025-06-25 19:30:00,0.007253,0.291412,0.206123,0.987 omega + 0.001 theta omega + -0.082 omega^2,-0.021 omega + 0.002 theta omega + -0.150 omega^2,-3.3564841285e-04,2.9942431791e-04,-2.0524004271e-02,-5.4467485601e-07,1.8107698332e-03,-1.4983161036e-01
87763,2025-06-25 19:35:00,nan,nan,nan,0.001 1 + 0.001 theta + 1.072 omega + 0.004 theta omega + 0.295 omega^2,0.002 1 + 0.003 theta + 0.145 omega + 0.008 theta omega + 0.597 omega^2,1.6721200499e-03,2.5726339025e-03,1.4546314747e-01,1.2999660961e-04,7.7021071543e-03,5.9716610077e-01
87764,2025-06-25 19:40:00,0.117676,5.439188,3.846987,1.004 omega + 0.035 omega^2,0.009 omega + 0.078 omega^2,-1.5669117013e-05,9.8915293751e-05,9.4564648131e-03,-4.6410565607e-05,-3.7679419798e-04,7.7940338308e-02
87765,2025-06-25 19:45:00,nan,nan,nan,0.001 1 + 0.972 omega + 0.005 theta omega + 0.079 omega^2,0.002 1 + -0.054 omega + 0.009 theta omega + 0.165 omega^2,2.1057336946e-03,2.7598176455e-04,-5.4053995063e-02,-1.2734695646e-04,9.4681532124e-03,1.6502683317e-01
87766,2025-06-25 19:50:00,0.026665,1.904506,1.346821,-0.001 1 + 1.047 omega + -0.007 theta omega + -0.145 omega^2,-0.002 1 + 0.097 omega + -0.014 theta omega + -0.304 omega^2,-1.6925127591e-03,9.5366702653e-05,9.6897313442e-02,1.5237713219e-05,-1.3805642652e-02,-3.0429553275e-01
87767,2025-06-25 19:55:00,0.057749,4.685404,3.313333,1.001 omega + -0.002 theta omega + 0.105 omega^2,0.001 1 + 0.004 omega + -0.005 theta omega + 0.216 omega^2,7.8443077739e-04,-3.8789473906e-04,3.9550236178e-03,3.9742316161e-05,-4.5758374259e-03,2.1565828795e-01
87768,2025-06-25 20:00:00,nan,nan,nan,0.001 1 + 1.028 omega + -0.001 theta omega + 0.178 omega^2,0.002 1 + 0.058 omega + -0.003 theta omega + 0.343 omega^2,2.0077625519e-03,-1.4996452108e-04,5.8273072293e-02,7.4159721495e-06,-2.6301992477e-03,3.4335095176e-01
87769,2025-06-25 20:05:00,0.032684,0.952245,0.673736,1.011 omega + 0.001 theta omega + 0.039 omega^2,0.001 1 + 0.001 theta + 0.022 omega + 0.001 theta omega + 0.075 omega^2,9.3912199993e-04,6.3059533291e-04,2.1656626903e-02,2.8382261549e-05,1.1964803356e-03,7.4704729643e-02
87770,2025-06-25 20:10:00,0.074600,9.341419,6.605591,0.985 omega + 0.087 omega^2,-0.032 omega + 0.001 theta omega + 0.178 omega^2,-4.0569131867e-04,5.1021310121e-05,-3.2444923449e-02,-6.2892091895e-06,1.0183289552e-03,1.7772503646e-01
87771,2025-06-25 20:15:00,0.044447,1.487636,1.052387,-0.003 1 + 0.978 omega + -0.001 theta omega + -0.002 omega^2,-0.006 1 + -0.040 omega + -0.001 theta omega + 0.002 omega^2,-6.2510300763e-03,-2.2239269409e-04,-4.0013773504e-02,4.1542320473e-06,-1.3620986096e-03,2.2272276748e-03
87772,2025-06-25 20:20:00,0.095404,6.486638,4.587242,1.006 omega + 0.001 theta omega + -0.019 omega^2,-0.001 theta + 0.014 omega + 0.002 theta omega + -0.028 omega^2,-2.2835119996e-04,-6.4839799732e-04,1.3939931286e-02,-8.2340366475e-05,1.7756697151e-03,-2.7618685693e-02
87773,2025-06-25 20:25:00,nan,nan,nan,0.001 1 + -0.001 theta + 1.001 omega + 0.003 theta omega + -0.250 omega^2,0.002 1 + -0.001 theta + 0.002 omega + 0.006 theta omega + -0.497 omega^2,2.4863758774e-03,-1.3431980095e-03,2.1792556296e-03,-1.6774249725e-04,6.2909519661e-03,-4.9657936086e-01
87774,2025-06-25 20:30:00,0.032930,1.104871,0.781609,-0.003 1 + 0.996 omega + 0.108 omega^2,-0.006 1 + -0.006 omega + 0.220 omega^2,-6.3876346702e-03,1.0455348830e-04,-5.8223079497e-03,3.7918098837e-05,2.4614432501e-05,2.2034637232e-01
87775,2025-06-25 20:35:00,0.120738,6.913854,4.889578,1.004 omega + -0.019 omega^2,0.010 omega + -0.044 omega^2,-1.9352230677e-04,1.8927932261e-05,9.8197709274e-03,2.8265338768e-05,1.4898432092e-04,-4.4396770115e-02
87776,2025-06-25 20:40:00,0.016509,0.738646,0.522432,0.001 1 + 0.986 omega + 0.059 omega^2,-0.017 omega + -0.001 theta omega + 0.103 omega^2,-2.2583469576e-04,1.6248413685e-04,-1.7287399057e-02,-2.8364289703e-06,-5.9088145310e-04,1.0260029619e-01
87777,2025-06-25 20:45:00,0.044598,6.168816,4.362126,0.001 1 + 1.007 omega + 0.002 theta omega + -0.048 omega^2,0.002 1 + 0.016 omega + 0.004 theta omega + -0.078 omega^2,1.6035589302e-03,4.0261052062e-04,1.5865310874e-02,-5.6063526291e-06,3.6999807686e-03,-7.7890668073e-02
87778,2025-06-25 20:50:00,0.025696,0.663562,0.469561,1.022 omega + 0.002 theta omega + 0.110 omega^2,0.001 theta + 0.043 omega + 0.003 theta omega + 0.215 omega^2,1.0026224576e-04,9.5372147371e-04,4.2815167273e-02,5.8660472559e-05,3.1545908514e-03,2.1537697255e-01
87779,2025-06-25 20:55:00,0.056833,5.428901,3.839023,0.003 1 + 1.042 omega + 0.002 theta omega + 0.094 omega^2,0.007 1 + 0.001 theta + 0.088 omega + 0.003 theta omega + 0.199 omega^2,6.7563535903e-03,5.1032303275e-04,8.8369039060e-02,8.6437538981e-06,3.3063437193e-03,1.9941490630e-01
87780,2025-06-25 21:00:00,0.094784,11.316262,8.002086,0.001 1 + 0.993 omega + 0.002 theta omega + -0.180 omega^2,0.002 1 + -0.015 omega + 0.004 theta omega + -0.377 omega^2,2.3517926246e-03,3.7057584951e-04,-1.4648827120e-02,-6.0380928174e-06,4.2466568496e-03,-3.7714941064e-01
87781,2025-06-25 21:05:00,0.013225,0.604792,0.427755,0.992 omega + -0.031 omega^2,-0.016 omega + 0.001 theta omega + -0.065 omega^2,-4.9129527822e-04,8.7752725217e-05,-1.5914743553e-02,-1.0081393500e-06,5.5678230327e-04,-6.5249599098e-02
87782,2025-06-25 21:10:00,0.016733,1.301101,0.920094,0.056 1 + 1.417 omega + 0.002 theta omega + 0.769 omega^2,0.113 1 + 0.001 theta + 0.832 omega + 0.003 theta omega + 1.529 omega^2,1.1298955441e-01,8.9579375081e-04,8.3214631742e-01,1.0067442539e-06,3.4712722292e-03,1.5287251120e+00
87783,2025-06-25 21:15:00,nan,nan,nan,0.006 1 + 1.012 omega + 0.001 theta omega + -0.064 omega^2,0.012 1 + 0.024 omega + 0.002 theta omega + -0.127 omega^2,1.2156117691e-02,4.9569022081e-04,2.4368888506e-02,-1.2396999116e-06,2.2339519777e-03,-1.2733540761e-01
87784,2025-06-25 21:20:00,0.158793,26.322465,18.613132,0.002 1 + 0.974 omega + -0.086 omega^2,0.006 1 + -0.045 omega + -0.166 omega^2,5.6414374289e-03,4.2096439675e-04,-4.5367618991e-02,5.5142490439e-06,1.9620705833e-04,-1.6615868581e-01
87785,2025-06-25 21:25:00,0.015767,0.284283,0.201327,0.001 1 + 1.000 omega + -0.018 omega^2,0.002 1 + -0.001 omega + -0.027 omega^2,1.9795685821e-03,-4.1595775153e-04,-8.5020303280e-04,-9.5868693049e-07,1.6108127821e-04,-2.6554418811e-02
87786,2025-06-25 21:30:00,nan,nan,nan,0.989 omega + -0.002 theta omega + 0.303 omega^2,0.001 1 + -0.021 omega + -0.004 theta omega + 0.617 omega^2,5.1135964709e-04,1.6999465178e-04,-2.1201965945e-02,-3.1795510448e-05,-4.4293524105e-03,6.1740758859e-01
87787,2025-06-25 21:35:00,0.089516,4.959688,3.507600,0.996 omega + -0.001 theta omega + -0.059 omega^2,-0.008 omega + -0.002 theta omega + -0.128 omega^2,-3.8332601913e-04,-1.0353894419e-04,-8.0563215374e-03,3.5264689464e-05,-2.3979015203e-03,-1.2810322041e-01
87788,2025-06-25 21:40:00,nan,nan,nan,-0.005 1 + 0.946 omega + -0.001 theta omega + -0.117 omega^2,-0.011 1 + -0.106 omega + -0.003 theta omega + -0.231 omega^2,-1.0609516143e-02,-3.3713276538e-04,-1.0573659284e-01,5.5532672593e-06,-2.9164930901e-03,-2.3107960107e-01
87789,2025-06-25 21:45:00,nan,nan,nan,0.001 1 + 0.995 omega + 0.004 theta omega + -0.259 omega^2,0.003 1 + 0.001 theta + -0.009 omega + 0.008 theta omega + -0.522 omega^2,2.7861323318e-03,5.4716771434e-04,-8.8026771912e-03,-1.6532047298e-05,8.0177000720e-03,-5.2202343935e-01
87790,2025-06-25 21:50:00,0.027568,0.610111,0.431854,-0.011 1 + 0.934 omega + -0.002 theta omega + -0.059 omega^2,-0.020 1 + -0.001 theta + -0.123 omega + -0.003 theta omega + -0.109 omega^2,-2.0465396279e-02,-9.2791661237e-04,-1.2291764204e-01,-8.2800548135e-06,-3.4678525412e-03,-1.0858097622e-01
87791,2025-06-25 21:55:00,0.048484,3.065656,2.168017,0.997 omega + 0.001 theta omega + -0.022 omega^2,-0.006 omega + 0.002 theta omega + -0.035 omega^2,-1.7721697219e-04,2.6497998378e-04,-5.7533276563e-03,-4.9106417986e-05,1.5515183436e-03,-3.5368271493e-02
87792,2025-06-25 22:00:00,0.057442,5.446828,3.851703,0.002 1 + 1.023 omega + 0.001 theta omega + 0.067 omega^2,0.005 1 + 0.051 omega + 0.001 theta omega + 0.141 omega^2,4.6263034709e-03,1.0752600309e-04,5.0728858511e-02,-2.9106420888e-06,1.2406116218e-03,1.4107201015e-01
87793,2025-06-25 22:05:00,0.042338,3.149834,2.227470,0.001 1 + 1.006 omega + -0.058 omega^2,0.001 1 + 0.016 omega + -0.121 omega^2,1.1724490035e-03,-1.9025948337e-04,1.5506544048e-02,5.8354363803e-06,1.3153204380e-04,-1.2071115262e-01
87794,2025-06-25 22:10:00,0.144935,4.108922,2.907254,0.003 1 + 0.981 omega + 0.001 theta omega + -0.028 omega^2,0.006 1 + -0.042 omega + 0.002 theta omega + -0.053 omega^2,5.5153758422e-03,-2.0047790433e-05,-4.1980980458e-02,-1.3898302331e-05,2.3102748183e-03,-5.2890584981e-02
87795,2025-06-25 22:15:00,0.072776,6.701817,4.739180,0.001 1 + 1.008 omega + -0.040 omega^2,0.001 1 + 0.017 omega + -0.001 theta omega + -0.067 omega^2,1.4176352370e-03,-3.9101963798e-04,1.7000855342e-02,1.9694389942e-05,-7.0640087741e-04,-6.7274736168e-02
87796,2025-06-25 22:20:00,0.089985,12.927725,9.141503,0.998 omega + -0.012 omega^2,-0.002 omega + 0.001 theta omega + -0.031 omega^2,-2.2939373950e-04,7.0431802351e-05,-2.3134344012e-03,-4.5279506208e-06,7.4802381775e-04,-3.1181533291e-02
87797,2025-06-25 22:25:00,nan,nan,nan,0.015 1 + -0.001 theta + 0.902 omega + 0.004 theta omega + 0.121 omega^2,0.029 1 + -0.002 theta + -0.199 omega + 0.009 theta omega + 0.252 omega^2,2.9499205960e-02,-2.1826653117e-03,-1.9929451211e-01,3.4190949901e-05,8.5140657993e-03,2.5196844084e-01
87798,2025-06-25 22:30:00,0.036047,1.788703,1.265061,1.000 omega + 0.001 theta omega + 0.009 omega^2,0.001 omega + 0.001 theta omega + 0.028 omega^2,-3.4396125275e-04,8.2000431504e-05,7.3890703716e-04,-2.8108222124e-05,1.0567585877e-03,2.7815369679e-02
87799,2025-06-25 22:35:00,nan,nan,nan,-0.020 1 + -0.002 theta + 0.888 omega + -0.004 theta omega + -0.114 omega^2,-0.039 1 + -0.003 theta + -0.218 omega + -0.009 theta omega + -0.223 omega^2,-3.9434853322e-02,-2.9618117104e-03,-2.1826483609e-01,-5.3940358342e-05,-8.7176302152e-03,-2.2269709194e-01
87800,2025-06-25 22:40:00,0.041521,5.074966,3.588663,0.002 1 + 0.968 omega + 0.191 omega^2,0.004 1 + -0.062 omega + 0.386 omega^2,3.6091837364e-03,-1.6550044262e-04,-6.1606765403e-02,3.4845465494e-06,-2.8496921812e-04,3.8611736512e-01
87801,2025-06-25 22:45:00,0.057856,1.748857,1.237305,0.004 1 + 0.973 omega + 0.002 theta omega + -0.015 omega^2,0.008 1 + -0.057 omega + 0.003 theta omega + -0.031 omega^2,7.5158351797e-03,-2.1597342735e-04,-5.6807976836e-02,-1.9567041546e-05,3.3177130187e-03,-3.1179689597e-02
87802,2025-06-25 22:50:00,0.008064,0.151888,0.107552,0.001 1 + 1.000 omega + -0.048 omega^2,0.002 1 + -0.094 omega^2,1.9408749504e-03,-3.0912150804e-04,2.3334989751e-04,1.3717426139e-05,4.5231663720e-04,-9.3656956286e-02
87803,2025-06-25 22:55:00,0.032420,4.406885,3.116222,-0.001 1 + 1.009 omega + -0.001 theta omega + 0.053 omega^2,-0.002 1 + 0.018 omega + -0.001 theta omega + 0.101 omega^2,-1.9495812360e-03,-2.5396054569e-04,1.7787406424e-02,1.2102891589e-06,-1.1381601678e-03,1.0077524594e-01
87804,2025-06-25 23:00:00,0.019682,0.637674,0.451118,-0.006 1 + 0.954 omega + -0.088 omega^2,-0.011 1 + -0.079 omega + -0.151 omega^2,-1.0855844187e-02,-1.5415763967e-04,-7.8697915456e-02,-7.9562379244e-07,-4.1098958861e-04,-1.5111756112e-01
87805,2025-06-25 23:05:00,0.029079,3.553778,2.512985,0.004 1 + 1.090 omega + 0.324 omega^2,0.009 1 + 0.183 omega + 0.001 theta omega + 0.655 omega^2,9.0567687388e-03,-2.3508141809e-04,1.8267473293e-01,-6.3737585533e-06,5.7214277639e-04,6.5548267114e-01
87806,2025-06-25 23:10:00,0.024719,1.124500,0.795333,0.001 1 + 0.995 omega + 0.001 theta omega + -0.026 omega^2,0.001 1 + -0.010 omega + 0.003 theta omega + -0.050 omega^2,1.4906594704e-03,-1.5727788290e-04,-9.9674735358e-03,-1.0069556985e-05,2.9481067261e-03,-4.9541627468e-02
87807,2025-06-25 23:15:00,0.044844,5.884687,4.161223,-0.003 1 + 1.045 omega + -0.002 theta omega + -0.101 omega^2,-0.007 1 + 0.094 omega + -0.003 theta omega + -0.213 omega^2,-7.2248265682e-03,2.6637730178e-04,9.4004991502e-02,1.0675042215e-06,-3.0142681645e-03,-2.1260286684e-01
87808,2025-06-25 23:20:00,0.025712,1.973435,1.395548,1.001 omega + -0.012 omega^2,-0.001 1 + 0.009 omega + -0.059 omega^2,-6.5957217415e-04,5.6990296599e-05,8.5580720757e-03,-1.9122634472e-06,1.9087530563e-04,-5.9238956357e-02
87809,2025-06-25 23:25:00,0.039566,4.911747,3.473243,-0.003 1 + 1.033 omega + -0.003 theta omega + -0.010 omega^2,-0.006 1 + 0.065 omega + -0.006 theta omega + -0.031 omega^2,-6.1443321789e-03,4.7685230965e-04,6.5238917463e-02,-8.1100524587e-07,-5.8346489610e-03,-3.1344511034e-02
87810,2025-06-25 23:30:00,0.095796,8.302046,5.870824,1.000 omega + 0.001 theta omega + -0.054 omega^2,0.001 1 + 0.002 theta omega + -0.110 omega^2,5.0076675581e-04,-3.1155595870e-04,4.3335842059e-04,-2.9398028664e-05,1.6619984345e-03,-1.0996712670e-01
87811,2025-06-25 23:35:00,0.029889,1.777052,1.256743,1.037 omega + 0.002 theta omega + 0.166 omega^2,0.001 1 + 0.075 omega + 0.003 theta omega + 0.340 omega^2,6.5980665261e-04,1.4669039436e-05,7.5351917741e-02,5.5270617128e-07,3.4335305596e-03,3.4045973770e-01
87812,2025-06-25 23:40:00,0.018243,0.368549,0.260922,0.009 1 + 0.971 omega + 0.001 theta omega + -0.219 omega^2,0.017 1 + 0.001 theta + -0.050 omega + 0.002 theta omega + -0.462 omega^2,1.7079775522e-02,5.0533447090e-04,-4.9578287296e-02,-9.6941487379e-05,1.8384561023e-03,-4.6160705224e-01
87813,2025-06-25 23:45:00,0.033007,1.897774,1.342132,1.007 omega + -0.038 omega^2,0.020 omega + -0.001 theta omega + -0.091 omega^2,-3.2463093779e-04,-1.7574030694e-05,2.0081054803e-02,5.5980789116e-07,-6.6989679072e-04,-9.1119804785e-02
87814,2025-06-25 23:50:00,0.026021,0.896631,0.634281,1.002 omega + 0.001 theta omega + 0.036 omega^2,0.005 omega + 0.001 theta omega + 0.067 omega^2,-4.2645488119e-04,-2.7079494211e-04,5.3156486014e-03,-2.6307667538e-05,1.2446528133e-03,6.6793400213e-02
87815,2025-06-25 23:55:00,0.040744,3.994152,2.824439,1.016 omega + -0.002 theta omega + 0.011 omega^2,-0.001 1 + 0.036 omega + -0.003 theta omega + 0.013 omega^2,-5.3394213742e-04,-6.7078846065e-05,3.6210994540e-02,7.4506230951e-06,-3.2790175325e-03,1.2716408944e-02
87816,2025-06-26 00:00:00,nan,nan,nan,0.001 1 + -0.001 theta + 1.007 omega + -0.002 theta omega + -0.121 omega^2,0.002 1 + -0.001 theta + 0.015 omega + -0.004 theta omega + -0.220 omega^2,2.1534292997e-03,-1.1310210502e-03,1.4971979704e-02,1.0756853217e-04,-3.9762282688e-03,-2.2001887345e-01
87817,2025-06-26 00:05:00,nan,nan,nan,1.018 omega + -0.094 omega^2,0.001 1 + -0.001 theta + 0.037 omega + -0.001 theta omega + -0.187 omega^2,7.4308017027e-04,-5.7917996855e-04,3.6698689259e-02,2.2989538798e-05,-5.4542287801e-04,-1.8744775145e-01
87818,2025-06-26 00:10:00,0.145200,5.373316,3.800895,0.996 omega + 0.001 theta omega + 0.046 omega^2,-0.005 omega + 0.002 theta omega + 0.091 omega^2,2.5648749806e-04,1.6025234430e-05,-5.4274151389e-03,-3.0319070284e-05,2.4500627918e-03,9.1125532964e-02
87819,2025-06-26 00:15:00,0.040773,1.196695,0.846682,0.016 1 + -0.001 theta + 0.929 omega + 0.003 theta omega + -0.089 omega^2,0.031 1 + -0.002 theta + -0.136 omega + 0.006 theta omega + -0.173 omega^2,3.0931142162e-02,-1.8017446675e-03,-1.3570611646e-01,1.2335638534e-05,6.4109158644e-03,-1.7305197161e-01
87820,2025-06-26 00:20:00,0.010361,0.267649,0.189398,0.001 1 + 1.005 omega + 0.001 theta omega + -0.078 omega^2,0.001 1 + 0.010 omega + 0.002 theta omega + -0.134 omega^2,1.2903607546e-03,-2.7955654576e-04,9.6862356846e-03,2.3400099369e-06,1.6383570793e-03,-1.3358271660e-01
87821,2025-06-26 00:25:00,0.016730,0.820532,0.580325,0.007 1 + 0.911 omega + 0.285 omega^2,0.014 1 + -0.180 omega + 0.001 theta omega + 0.585 omega^2,1.3742799109e-02,-8.6689167257e-05,-1.8031384042e-01,-1.7683154592e-06,8.8719805661e-04,5.8519462550e-01
87822,2025-06-26 00:30:00,nan,nan,nan,-0.005 1 + 1.038 omega + -0.004 theta omega + 0.125 omega^2,-0.010 1 + 0.001 theta + 0.080 omega + -0.008 theta omega + 0.249 omega^2,-1.0137985572e-02,8.0731816686e-04,7.9960378117e-02,-2.1854041767e-06,-7.6848482266e-03,2.4912131481e-01
87823,2025-06-26 00:35:00,0.046272,6.615363,4.677883,-0.002 1 + 0.001 theta + 0.986 omega + -0.003 theta omega + 0.183 omega^2,-0.005 1 + 0.001 theta + -0.025 omega + -0.005 theta omega + 0.356 omega^2,-5.0040690355e-03,1.0227998113e-03,-2.5419726302e-02,-8.5638833346e-06,-5.3151522837e-03,3.5580710368e-01
87824,2025-06-26 00:40:00,nan,nan,nan,-0.002 1 + 0.942 omega + -0.004 theta omega + -0.283 omega^2,-0.005 1 + -0.115 omega + -0.008 theta omega + -0.580 omega^2,-4.6854082442e-03,-2.5600443017e-04,-1.1542279298e-01,2.3325430785e-05,-7.7129089497e-03,-5.8037254925e-01
87825,2025-06-26 00:45:00,nan,nan,nan,0.009 1 + -0.002 theta + 0.932 omega + 0.008 theta omega + -0.040 omega^2,0.018 1 + -0.003 theta + -0.133 omega + 0.016 theta omega + -0.078 omega^2,1.7636517510e-02,-3.1907833002e-03,-1.3311175347e-01,1.2871618377e-04,1.6004219725e-02,-7.7848341862e-02
87826,2025-06-26 00:50:00,0.085656,4.856732,3.434762,0.998 omega + 0.043 omega^2,-0.003 omega + 0.074 omega^2,1.2634730139e-04,-6.0986363582e-05,-3.0837707415e-03,-1.3850399454e-05,2.9487614046e-04,7.4381205308e-02
87827,2025-06-26 00:55:00,0.081907,6.892980,4.874417,1.009 omega + 0.002 theta omega + -0.021 omega^2,-0.001 1 + 0.021 omega + 0.004 theta omega + -0.039 omega^2,-6.5789158555e-04,-3.9044036662e-04,2.0658428567e-02,-4.5361182939e-05,4.0403562309e-03,-3.9216177945e-02
87828,2025-06-26 01:00:00,0.028363,0.975917,0.690369,-0.012 1 + -0.001 theta + 0.904 omega + -0.006 theta omega + -0.138 omega^2,-0.023 1 + -0.003 theta + -0.191 omega + -0.012 theta omega + -0.275 omega^2,-2.2997110643e-02,-2.5010911915e-03,-1.9063999256e-01,-6.0120441001e-05,-1.1668939004e-02,-2.7526505615e-01
87829,2025-06-26 01:05:00,0.078264,8.260158,5.841076,0.001 1 + 1.059 omega + 0.005 theta omega + 0.343 omega^2,0.002 1 + -0.001 theta + 0.122 omega + 0.011 theta omega + 0.703 omega^2,1.7152179872e-03,-5.8296234934e-04,1.2227571092e-01,-1.1105055492e-04,1.0723760193e-02,7.0283709962e-01
87830,2025-06-26 01:10:00,nan,nan,nan,-0.004 1 + 0.942 omega + -0.223 omega^2,-0.008 1 + -0.112 omega + -0.001 theta omega + -0.443 omega^2,-7.8217940380e-03,-1.2930918677e-04,-1.1212678335e-01,2.3778802885e-06,-7.7183713773e-04,-4.4347818682e-01
87831,2025-06-26 01:15:00,nan,nan,nan,-0.001 1 + 0.998 omega + -0.052 omega^2,-0.002 1 + -0.001 theta + -0.001 omega + -0.001 theta omega + -0.098 omega^2,-2.1341485991e-03,-7.1954279909e-04,-9.7818494590e-04,-1.7042048823e-05,-7.4995427516e-04,-9.7905441757e-02
87832,2025-06-26 01:20:00,0.056067,3.925512,2.776040,0.001 1 + 1.005 omega + 0.001 theta omega + 0.017 omega^2,0.002 1 + 0.001 theta + 0.012 omega + 0.002 theta omega + 0.032 omega^2,2.0910620796e-03,5.5835318412e-04,1.1915711076e-02,3.1126815704e-05,1.8353200053e-03,3.2495134859e-02
87833,2025-06-26 01:25:00,0.034652,0.824826,0.583755,-0.001 1 + 0.975 omega + -0.001 theta omega + -0.056 omega^2,-0.003 1 + -0.051 omega + -0.001 theta omega + -0.117 omega^2,-2.8048401361e-03,1.1378412653e-04,-5.0598778934e-02,9.6227874523e-06,-1.3390298115e-03,-1.1741830683e-01
87834,2025-06-26 01:30:00,0.065689,5.457248,3.859136,1.005 omega + -0.001 theta omega + 0.048 omega^2,-0.001 1 + 0.010 omega + -0.001 theta omega + 0.085 omega^2,-8.7317419785e-04,-1.2064074062e-04,9.7683117369e-03,3.7540857316e-06,-1.2103471043e-03,8.5200733945e-02
87835,2025-06-26 01:35:00,nan,nan,nan,-0.004 1 + -0.001 theta + 0.966 omega + -0.009 theta omega + 0.089 omega^2,-0.008 1 + -0.001 theta + -0.068 omega + -0.017 theta omega + 0.186 omega^2,-7.6371067067e-03,-1.3148288947e-03,-6.7911456340e-02,4.1120807283e-05,-1.7246171055e-02,1.8590571284e-01
87836,2025-06-26 01:40:00,0.012064,0.336651,0.238201,0.002 1 + 1.010 omega + 0.001 theta omega + -0.004 omega^2,0.004 1 + 0.031 omega + 0.002 theta omega + 0.009 omega^2,4.2930245847e-03,3.3069042421e-04,3.1468852353e-02,6.0216967613e-06,1.7651096791e-03,9.3730761214e-03
87837,2025-06-26 01:45:00,0.043897,2.612360,1.847478,1.031 omega + -0.001 theta omega + -0.113 omega^2,-0.001 1 + 0.067 omega + -0.002 theta omega + -0.239 omega^2,-1.1480825988e-03,-1.9683321199e-04,6.6964059906e-02,1.0861117967e-05,-2.0294907020e-03,-2.3938787305e-01
87838,2025-06-26 01:50:00,nan,nan,nan,0.999 omega + 0.002 theta omega + -0.082 omega^2,-0.001 1 + 0.004 theta omega + -0.168 omega^2,-9.2171364132e-04,-4.7355350650e-04,4.0552569240e-05,-4.2908405606e-05,3.5455236350e-03,-1.6774498280e-01
87839,2025-06-26 01:55:00,nan,nan,nan,1.011 omega + -0.135 omega^2,0.025 omega + -0.001 theta omega + -0.262 omega^2,3.4260370334e-05,-3.6471379773e-05,2.4864650892e-02,-9.3978177779e-06,-7.1067542418e-04,-2.6221460561e-01
87840,2025-06-26 02:00:00,0.009207,0.162684,0.115219,0.001 1 + 0.998 omega + -0.001 omega^2,0.002 1 + -0.013 omega^2,1.5630959211e-03,-9.3525902680e-05,-2.8371921386e-04,1.3119847923e-06,5.2398084591e-05,-1.2684957559e-02
87841,2025-06-26 02:05:00,nan,nan,nan,-0.007 1 + 1.080 omega + -0.218 omega^2,-0.015 1 + 0.174 omega + -0.478 omega^2,-1.5341154732e-02,9.4896246425e-05,1.7434946166e-01,-1.2297104517e-06,-3.5253766575e-04,-4.7789879550e-01
87842,2025-06-26 02:10:00,0.011458,0.477948,0.338057,-0.006 1 + 1.078 omega + 0.001 theta omega + -0.230 omega^2,-0.012 1 + 0.150 omega + 0.001 theta omega + -0.437 omega^2,-1.2234978530e-02,-1.8616317321e-04,1.4954386827e-01,-4.1214522516e-07,1.0199166521e-03,-4.3691396342e-01
87843,2025-06-26 02:15:00,0.012875,0.673946,0.476638,0.016 1 + 0.001 theta + 0.799 omega + -0.003 theta omega + 0.560 omega^2,0.031 1 + 0.001 theta + -0.397 omega + -0.005 theta omega + 1.106 omega^2,3.0882707436e-02,1.2943422572e-03,-3.9684701910e-01,-1.8832801390e-07,-5.2423506627e-03,1.1063796293e+00
87844,2025-06-26 02:20:00,0.010756,1.522466,1.076573,0.001 1 + 0.974 omega + -0.001 theta omega + 0.107 omega^2,-0.001 1 + -0.036 omega + -0.001 theta omega + 0.175 omega^2,-5.7699876476e-04,2.8233821420e-04,-3.6465899919e-02,-1.1490066731e-06,-1.0657111093e-03,1.7459946254e-01
87845,2025-06-26 02:25:00,0.017821,0.276663,0.196035,-0.002 1 + 1.020 omega + -0.001 theta omega + -0.052 omega^2,-0.004 1 + 0.001 theta + 0.040 omega + -0.002 theta omega + -0.108 omega^2,-3.9073485023e-03,6.7836933189e-04,4.0238419151e-02,-2.4126684682e-05,-2.0815520508e-03,-1.0794247219e-01
87846,2025-06-26 02:30:00,0.051968,1.589453,1.124514,-0.005 1 + 0.970 omega + -0.001 theta omega + 0.024 omega^2,-0.010 1 + -0.060 omega + -0.002 theta omega + 0.045 omega^2,-9.9311285074e-03,-2.8416026906e-04,-5.9871504278e-02,1.0273982397e-05,-2.4618022755e-03,4.5270799477e-02
87847,2025-06-26 02:35:00,0.012800,0.230236,0.163053,-0.001 1 + 0.996 omega + -0.039 omega^2,-0.001 1 + -0.007 omega + 0.001 theta omega + -0.080 omega^2,-1.2307455621e-03,7.8475384568e-05,-6.8609895475e-03,4.0469929409e-06,8.8330383053e-04,-8.0480884645e-02
87848,2025-06-26 02:40:00,nan,nan,nan,1.008 omega + 0.002 theta omega + -0.083 omega^2,0.001 1 + -0.001 theta + 0.017 omega + 0.005 theta omega + -0.175 omega^2,7.3529031458e-04,-5.2406254353e-04,1.6839446634e-02,-6.8372594638e-06,4.7462870773e-03,-1.7546083500e-01
87849,2025-06-26 02:45:00,0.018945,1.008172,0.713011,-0.007 1 + 1.129 omega + -0.483 omega^2,-0.015 1 + 0.258 omega + -0.001 theta omega + -0.960 omega^2,-1.4549603593e-02,-1.8160317190e-04,2.5813601189e-01,6.4099133020e-06,-7.3228704690e-04,-9.6048237485e-01
87850,2025-06-26 02:50:00,0.078167,2.051077,1.451383,-0.002 1 + -0.001 theta + 0.994 omega + -0.003 theta omega + 0.049 omega^2,-0.004 1 + -0.001 theta + -0.011 omega + -0.006 theta omega + 0.089 omega^2,-3.5263480272e-03,-9.8513102964e-04,-1.0687792453e-02,1.1443684941e-04,-6.0528660052e-03,8.8739749986e-02
87851,2025-06-26 02:55:00,0.022929,0.627512,0.444014,1.004 omega + -0.016 omega^2,0.008 omega + -0.036 omega^2,-4.0754487974e-04,8.0933982459e-05,8.0279193157e-03,4.2806020835e-05,3.2237372108e-04,-3.6364883310e-02
87852,2025-06-26 03:00:00,0.023030,0.626062,0.442992,-0.001 1 + 0.999 omega + -0.001 theta omega + 0.046 omega^2,-0.003 1 + -0.002 theta omega + 0.093 omega^2,-2.8395685875e-03,-4.3526281230e-04,-2.0068875703e-04,-7.4857299111e-06,-1.6946129284e-03,9.3462845362e-02
87853,2025-06-26 03:05:00,0.042926,1.547469,1.094647,0.998 omega + -0.007 theta omega + 0.076 omega^2,-0.001 theta + -0.002 omega + -0.014 theta omega + 0.146 omega^2,-2.7679712565e-04,-8.8124458434e-04,-1.9557351312e-03,-4.8509417492e-06,-1.3696680210e-02,1.4600239535e-01
87854,2025-06-26 03:10:00,0.053886,1.751166,1.238847,-0.001 1 + 0.983 omega + -0.058 omega^2,-0.001 1 + -0.030 omega + -0.001 theta omega + -0.112 omega^2,-1.2176288439e-03,2.7519787089e-04,-2.9959670106e-02,2.5855975540e-05,-7.4417124919e-04,-1.1181623229e-01
87855,2025-06-26 03:15:00,0.021461,0.725839,0.513470,-0.002 1 + 0.001 theta + 1.023 omega + -0.002 theta omega + -0.104 omega^2,-0.004 1 + 0.001 theta + 0.048 omega + -0.005 theta omega + -0.205 omega^2,-3.5109299136e-03,1.0406815266e-03,4.8033607422e-02,-5.7531200645e-05,-4.5449272151e-03,-2.0513214831e-01
87856,2025-06-26 03:20:00,0.058791,5.663595,4.004982,1.026 omega + -0.002 theta omega + -0.070 omega^2,0.056 omega + -0.003 theta omega + -0.165 omega^2,-2.4108964476e-04,-3.1270551392e-04,5.6439856647e-02,2.1043016784e-05,-3.1518785580e-03,-1.6460338360e-01
87857,2025-06-26 03:25:00,0.075357,7.601703,5.375480,1.001 omega + -0.005 omega^2,0.003 omega + 0.001 theta omega + -0.008 omega^2,3.5592580282e-04,-1.5203866922e-05,2.6599661504e-03,-6.6983503709e-06,8.5511451124e-04,-7.5865612920e-03
87858,2025-06-26 03:30:00,0.014898,0.387487,0.274197,-0.001 1 + 1.015 omega + -0.045 omega^2,-0.002 1 + 0.028 omega + -0.078 omega^2,-1.7356180471e-03,3.0605707587e-05,2.7866562269e-02,-7.9641305284e-07,-3.6493954918e-04,-7.8434228465e-02
87859,2025-06-26 03:35:00,0.034025,1.365025,0.965518,0.001 1 + 1.003 omega + -0.060 omega^2,0.002 1 + 0.006 omega + -0.001 theta omega + -0.100 omega^2,1.9642896129e-03,-4.8945212852e-04,6.3012157304e-03,2.0801837355e-05,-6.2165637828e-04,-1.0037684724e-01
87860,2025-06-26 03:40:00,nan,nan,nan,1.048 omega + 0.401 omega^2,-0.001 theta + 0.094 omega + 0.771 omega^2,2.7100792490e-04,-7.6879504090e-04,9.4242053712e-02,-4.6402493243e-05,-2.6323096489e-04,7.7090455310e-01
87861,2025-06-26 03:45:00,nan,nan,nan,0.001 1 + -0.001 theta + 1.007 omega + -0.004 theta omega + -0.197 omega^2,0.002 1 + -0.001 theta + 0.016 omega + -0.008 theta omega + -0.374 omega^2,1.7625321690e-03,-1.4531263481e-03,1.6259630388e-02,2.1061306073e-04,-7.6178176435e-03,-3.7352848590e-01
87862,2025-06-26 03:50:00,0.015386,0.669204,0.473323,-0.001 1 + 0.987 omega + -0.065 omega^2,-0.002 1 + -0.026 omega + 0.001 theta omega + -0.142 omega^2,-1.7593673527e-03,9.8879083242e-05,-2.5971923714e-02,-5.9269822643e-07,9.1008450465e-04,-1.4208957289e-01
87863,2025-06-26 03:55:00,0.028400,0.665253,0.470833,1.000 omega + 0.001 theta omega + -0.007 omega^2,0.001 theta omega + -0.006 omega^2,-1.1880105104e-04,-4.2247037563e-04,1.4667246778e-04,2.0559016331e-05,1.4545085489e-03,-5.7429995209e-03
87864,2025-06-26 04:00:00,0.026574,3.296804,2.331268,0.004 1 + 1.067 omega + 0.175 omega^2,0.008 1 + 0.134 omega + -0.001 theta omega + 0.348 omega^2,8.3292836769e-03,-2.8375486718e-04,1.3411647957e-01,-4.5384158992e-07,-7.5842961965e-04,3.4782808367e-01
87865,2025-06-26 04:05:00,0.273674,15.397187,10.889175,-0.002 1 + 0.996 omega + 0.038 omega^2,-0.004 1 + -0.001 theta + -0.007 omega + -0.001 theta omega + 0.083 omega^2,-3.5086616461e-03,-6.3588396523e-04,-7.4020305734e-03,-2.9325199233e-05,-5.4250299939e-04,8.2506691483e-02
87866,2025-06-26 04:10:00,0.013524,0.256041,0.181301,-0.001 1 + 0.991 omega,-0.003 1 + -0.017 omega + -0.001 theta omega + -0.007 omega^2,-2.5989885191e-03,-5.2466196850e-05,-1.6535255583e-02,3.9724547797e-06,-6.8200704994e-04,-7.4172739564e-03
87867,2025-06-26 04:15:00,0.012054,0.308158,0.218067,-0.004 1 + 1.026 omega + -0.001 theta omega + -0.042 omega^2,-0.009 1 + 0.001 theta + 0.064 omega + -0.002 theta omega + -0.104 omega^2,-8.9066256373e-03,5.6242652316e-04,6.4453588219e-02,-8.7232191440e-06,-1.9419328617e-03,-1.0356938850e-01
87868,2025-06-26 04:20:00,0.043828,2.918337,2.063809,-0.001 1 + 1.004 omega + 0.001 theta omega + 0.039 omega^2,-0.002 1 + 0.008 omega + 0.001 theta omega + 0.086 omega^2,-1.7395907435e-03,1.0993752121e-04,7.6363839737e-03,6.8194604590e-05,1.1903715687e-03,8.5587994228e-02
87869,2025-06-26 04:25:00,0.018430,0.345038,0.244326,0.001 1 + 0.980 omega + 0.001 theta omega + 0.024 omega^2,0.003 1 + -0.038 omega + 0.002 theta omega + 0.029 omega^2,2.6804352934e-03,2.8792534591e-04,-3.7592142191e-02,-5.2491211004e-05,2.3880052360e-03,2.9114451000e-02
87870,2025-06-26 04:30:00,0.279513,21.240864,15.020860,0.001 1 + 1.001 omega + -0.134 omega^2,0.002 1 + 0.002 omega + -0.001 theta omega + -0.260 omega^2,2.2153841895e-03,4.6784951757e-04,1.7283744929e-03,7.1424358014e-05,-8.4223186654e-04,-2.6002788541e-01
87871,2025-06-26 04:35:00,0.029999,1.051816,0.744049,-0.002 1 + 1.020 omega + -0.001 theta omega + -0.066 omega^2,-0.004 1 + 0.042 omega + -0.001 theta omega + -0.133 omega^2,-3.8636991046e-03,3.0096062346e-04,4.1892351332e-02,-8.1658669761e-06,-1.0500584561e-03,-1.3253875218e-01
87872,2025-06-26 04:40:00,0.031182,2.080838,1.471540,0.001 1 + 0.997 omega + 0.001 theta omega + -0.049 omega^2,0.001 1 + -0.003 omega + 0.001 theta omega + -0.091 omega^2,1.3543333218e-03,2.5778775270e-04,-3.4316321746e-03,4.3875842390e-06,1.2094452905e-03,-9.0625173164e-02
87873,2025-06-26 04:45:00,0.038625,1.827599,1.292596,0.002 1 + 1.010 omega + -0.002 theta omega + -0.129 omega^2,0.004 1 + 0.020 omega + -0.004 theta omega + -0.256 omega^2,3.5409106497e-03,-4.8803502125e-04,2.0455414417e-02,-1.3938126048e-05,-3.6940866883e-03,-2.5624302715e-01
87874,2025-06-26 04:50:00,0.057482,3.509912,2.482215,1.002 omega + 0.001 theta omega + -0.021 omega^2,0.006 omega + 0.002 theta omega + -0.033 omega^2,-8.1249835625e-05,-5.9935912655e-06,5.7506757458e-03,4.0128266875e-06,2.4355814222e-03,-3.3100325918e-02
87875,2025-06-26 04:55:00,nan,nan,nan,0.002 1 + 0.993 omega + 0.001 theta omega + -0.029 omega^2,0.004 1 + -0.001 theta + -0.014 omega + 0.002 theta omega + -0.061 omega^2,4.2896276818e-03,-7.4021334119e-04,-1.4106106056e-02,3.0768376204e-05,1.8025023700e-03,-6.1367787523e-02
87876,2025-06-26 05:00:00,0.016030,0.508201,0.359531,-0.002 1 + 1.020 omega + -0.001 theta omega + -0.045 omega^2,-0.006 1 + 0.001 theta + 0.049 omega + -0.003 theta omega + -0.104 omega^2,-5.5395581249e-03,5.1050353119e-04,4.9377157523e-02,-1.1831387689e-05,-2.8561177341e-03,-1.0403287116e-01
87877,2025-06-26 05:05:00,0.036655,2.426003,1.715639,0.001 1 + 0.967 omega + 0.203 omega^2,0.001 1 + -0.062 omega + 0.001 theta omega + 0.394 omega^2,1.3818009995e-03,2.1968424700e-04,-6.1925708938e-02,-1.4992788549e-05,7.1639923250e-04,3.9426054051e-01
87878,2025-06-26 05:10:00,nan,nan,nan,-0.001 theta + 1.017 omega + -0.003 theta omega + 0.117 omega^2,-0.001 theta + 0.034 omega + -0.006 theta omega + 0.232 omega^2,4.3267621438e-04,-1.0292514267e-03,3.4162772351e-02,-3.2204853359e-05,-5.7228427767e-03,2.3170895624e-01
87879,2025-06-26 05:15:00,0.016990,0.425445,0.301075,0.003 1 + 1.008 omega + 0.001 theta omega + -0.160 omega^2,0.006 1 + -0.001 theta + 0.017 omega + 0.002 theta omega + -0.323 omega^2,5.5205363074e-03,-5.2860802757e-04,1.6617763681e-02,5.8737979581e-06,2.0859890095e-03,-3.2333401159e-01
87880,2025-06-26 05:20:00,0.012237,1.203842,0.851289,-0.001 1 + 1.011 omega + -0.001 theta omega + -0.096 omega^2,-0.002 1 + 0.001 theta + 0.025 omega + -0.001 theta omega + -0.205 omega^2,-1.6236501706e-03,5.1753050184e-04,2.5045731153e-02,-1.5424974205e-05,-1.3370726450e-03,-2.0520154209e-01
87881,2025-06-26 05:25:00,0.076830,2.731434,1.932179,0.001 1 + 1.009 omega + -0.005 theta omega,0.001 1 + -0.001 theta + 0.019 omega + -0.010 theta omega + -0.006 omega^2,1.3541143668e-03,-7.7651337267e-04,1.9489830882e-02,-8.0640919481e-05,-9.5001210093e-03,-6.4471713411e-03
87882,2025-06-26 05:30:00,0.149707,19.405238,13.721984,-0.003 1 + 0.965 omega + -0.169 omega^2,-0.005 1 + -0.068 omega + 0.001 theta omega + -0.342 omega^2,-5.4961143380e-03,-3.4680359733e-04,-6.7691740871e-02,-6.2799552182e-06,8.1320684248e-04,-3.4188944530e-01
87883,2025-06-26 05:35:00,nan,nan,nan,0.001 1 + 1.008 omega + 0.003 theta omega + -0.243 omega^2,0.002 1 + -0.001 theta + 0.018 omega + 0.006 theta omega + -0.480 omega^2,1.7356000358e-03,-5.2400909267e-04,1.8480180540e-02,5.5907434332e-06,5.5695901176e-03,-4.8039848690e-01
87884,2025-06-26 05:40:00,nan,nan,nan,0.001 1 + 1.003 omega + 0.002 theta omega + -0.125 omega^2,0.002 1 + 0.010 omega + 0.003 theta omega + -0.259 omega^2,2.0036057182e-03,-4.5197875273e-04,1.0172412832e-02,5.9535232418e-06,3.3190427951e-03,-2.5946647591e-01
87885,2025-06-26 05:45:00,0.810410,26.997257,19.098543,0.995 omega + 0.006 theta omega + -0.066 omega^2,-0.009 omega + 0.011 theta omega + -0.145 omega^2,4.0945990858e-04,-1.0506303858e-04,-9.3223771067e-03,-2.2403864482e-04,1.1254689985e-02,-1.4543328747e-01
87886,2025-06-26 05:50:00,0.020875,0.532903,0.377108,-0.001 1 + 1.004 omega + 0.002 theta omega + 0.110 omega^2,-0.001 1 + -0.001 theta + 0.008 omega + 0.004 theta omega + 0.231 omega^2,-1.2088150535e-03,-9.2890813491e-04,7.8181237358e-03,-1.2974970270e-04,4.3792344724e-03,2.3129963135e-01
87887,2025-06-26 05:55:00,0.162828,23.329009,16.496502,-0.001 1 + 1.007 omega + -0.001 theta omega + 0.055 omega^2,-0.003 1 + 0.010 omega + -0.002 theta omega + 0.124 omega^2,-2.6244755652e-03,1.4736093305e-04,1.0364535464e-02,2.3154827109e-06,-2.0241422751e-03,1.2357211013e-01
87888,2025-06-26 06:00:00,0.036807,1.607325,1.136848,0.001 1 + 0.997 omega + -0.017 omega^2,0.002 1 + -0.006 omega + 0.001 theta omega + -0.028 omega^2,1.7679152005e-03,-1.4855783016e-04,-5.5047622114e-03,-7.0337371134e-06,6.3246647838e-04,-2.8163155125e-02
87889,2025-06-26 06:05:00,0.014693,0.356118,0.252028,0.003 1 + 1.036 omega + 0.002 theta omega + 0.110 omega^2,0.007 1 + 0.001 theta + 0.078 omega + 0.003 theta omega + 0.221 omega^2,6.7665245688e-03,6.2522558757e-04,7.7905858985e-02,1.6125811814e-05,3.4378808086e-03,2.2126096810e-01
87890,2025-06-26 06:10:00,0.015375,1.139961,0.806147,1.008 omega + -0.001 theta omega + -0.026 omega^2,-0.001 theta + 0.017 omega + -0.002 theta omega + -0.048 omega^2,4.1885476516e-04,-6.0041163710e-04,1.7320695769e-02,-3.2765474681e-06,-1.8218738471e-03,-4.8181431803e-02
87891,2025-06-26 06:15:00,0.021728,0.954800,0.675321,-0.003 1 + 0.950 omega + -0.162 omega^2,-0.005 1 + -0.084 omega + -0.277 omega^2,-4.7619847021e-03,1.1783725482e-04,-8.3567744882e-02,2.1804030985e-06,5.2757892089e-05,-2.7747632609e-01
87892,2025-06-26 06:20:00,0.013645,1.054964,0.746034,0.026 1 + 1.267 omega + 0.002 theta omega + 0.672 omega^2,0.050 1 + 0.001 theta + 0.520 omega + 0.005 theta omega + 1.305 omega^2,4.9933469510e-02,7.8619089032e-04,5.1950545720e-01,1.8156932056e-06,4.6756808017e-03,1.3045478882e+00
87893,2025-06-26 06:25:00,nan,nan,nan,-0.001 theta + 1.009 omega + 0.003 theta omega + -0.301 omega^2,-0.001 1 + -0.002 theta + 0.018 omega + 0.006 theta omega + -0.582 omega^2,-8.8799763032e-04,-1.7311088252e-03,1.7814298344e-02,-9.0325258881e-05,5.6476070055e-03,-5.8171336356e-01
87894,2025-06-26 06:30:00,0.018023,0.582652,0.412194,0.994 omega + -0.001 theta omega + 0.009 omega^2,-0.012 omega + -0.002 theta omega + 0.015 omega^2,1.7885327426e-04,4.3816989372e-04,-1.2196941127e-02,5.7958912551e-05,-1.9801718109e-03,1.4553589859e-02
87895,2025-06-26 06:35:00,0.058439,1.449417,1.025725,0.013 1 + -0.002 theta + 0.912 omega + 0.009 theta omega + -0.008 omega^2,0.026 1 + -0.004 theta + -0.178 omega + 0.018 theta omega + -0.012 omega^2,2.6291858637e-02,-3.7598386983e-03,-1.7835321547e-01,1.0179852511e-04,1.7574869868e-02,-1.1761673349e-02
87896,2025-06-26 06:40:00,0.044670,2.354600,1.665253,-0.001 1 + 1.002 omega + 0.001 theta omega + 0.034 omega^2,-0.003 1 + 0.001 theta + 0.004 omega + 0.001 theta omega + 0.072 omega^2,-2.7664679210e-03,7.5279040891e-04,4.3615521055e-03,-6.2521886814e-05,1.0627352704e-03,7.2440121663e-02
87897,2025-06-26 06:45:00,0.006813,0.158424,0.112127,0.003 1 + 1.034 omega + 0.065 omega^2,0.006 1 + 0.069 omega + 0.132 omega^2,5.9106696169e-03,-9.6557274078e-05,6.8507334793e-02,-3.0046491143e-06,4.3167642001e-04,1.3150619133e-01
87898,2025-06-26 06:50:00,nan,nan,nan,0.010 1 + 1.044 omega + 0.001 theta omega + -0.021 omega^2,0.021 1 + 0.001 theta + 0.089 omega + 0.003 theta omega + -0.036 omega^2,2.0973306451e-02,7.5014350580e-04,8.9223340586e-02,5.1823469474e-06,2.9093236958e-03,-3.6327117138e-02
87899,2025-06-26 06:55:00,0.036426,2.268803,1.604493,1.000 omega + -0.068 omega^2,-0.131 omega^2,8.6459298146e-05,-9.8778689963e-05,3.6597237580e-04,2.1149933969e-05,-2.8797868345e-04,-1.3122845973e-01
87900,2025-06-26 07:00:00,0.042850,3.544370,2.506431,-0.001 1 + 1.001 omega + -0.001 theta omega + 0.037 omega^2,-0.002 1 + 0.004 omega + -0.001 theta omega + 0.065 omega^2,-1.5277811599e-03,1.4266984437e-04,3.5346790006e-03,-6.6177008155e-07,-1.0046615775e-03,6.5144725708e-02
87901,2025-06-26 07:05:00,0.012427,0.350658,0.248108,-0.001 1 + 1.009 omega + -0.001 theta omega + 0.049 omega^2,-0.001 1 + -0.001 theta + 0.019 omega + -0.002 theta omega + 0.096 omega^2,-1.3038764872e-03,-5.1525151625e-04,1.8813743055e-02,-1.9617402429e-07,-2.1072319028e-03,9.5757062076e-02
87902,2025-06-26 07:10:00,0.094575,14.548942,10.287873,0.931 omega + 0.004 theta omega + -0.487 omega^2,0.001 1 + 0.001 theta + -0.140 omega + 0.008 theta omega + -0.979 omega^2,8.1360580492e-04,9.9312371245e-04,-1.3991226617e-01,-7.8976413595e-06,7.7236402770e-03,-9.7938842797e-01
87903,2025-06-26 07:15:00,0.010661,0.264845,0.187425,0.003 1 + 1.027 omega + 0.061 omega^2,0.006 1 + 0.054 omega + 0.114 omega^2,5.7210418509e-03,4.9220569175e-05,5.4066608387e-02,-9.5139112316e-08,3.5222007833e-04,1.1414279145e-01
87904,2025-06-26 07:20:00,0.011793,0.183988,0.130366,-0.001 1 + 0.993 omega + -0.001 theta omega + 0.011 omega^2,-0.003 1 + -0.013 omega + -0.001 theta omega + 0.026 omega^2,-2.5368177384e-03,-1.9997770541e-04,-1.3272311770e-02,3.6201297703e-06,-1.1165708115e-03,2.6317973183e-02
87905,2025-06-26 07:25:00,0.012200,0.418543,0.296080,-0.004 1 + 1.053 omega + -0.158 omega^2,-0.008 1 + 0.111 omega + -0.324 omega^2,-8.2956143284e-03,-1.2530036738e-04,1.1118533955e-01,9.7225994737e-07,2.9809936287e-04,-3.2432421321e-01
87906,2025-06-26 07:30:00,0.396040,38.562175,27.269014,-0.004 1 + 0.999 omega + -0.001 theta omega + 0.089 omega^2,-0.008 1 + 0.001 theta + -0.001 theta omega + 0.170 omega^2,-7.9493143319e-03,5.6631505967e-04,4.6042559151e-04,-9.0184442414e-06,-1.1366031959e-03,1.7031229159e-01
87907,2025-06-26 07:35:00,0.052015,1.236183,0.874887,0.001 1 + 1.008 omega + -0.002 theta omega + -0.164 omega^2,0.002 1 + 0.001 theta + 0.016 omega + -0.004 theta omega + -0.327 omega^2,1.7171409299e-03,8.0690768015e-04,1.5711137586e-02,-2.1176831188e-04,-3.5990572228e-03,-3.2706530329e-01
87908,2025-06-26 07:40:00,0.023554,0.658572,0.465978,-0.008 1 + -0.001 theta + 0.951 omega + -0.002 theta omega + -0.023 omega^2,-0.015 1 + -0.001 theta + -0.094 omega + -0.005 theta omega + -0.045 omega^2,-1.5140047440e-02,-1.3300158297e-03,-9.3967548547e-02,-2.6020542745e-05,-4.6111157338e-03,-4.4595142081e-02
87909,2025-06-26 07:45:00,nan,nan,nan,-0.006 1 + 1.040 omega + -0.002 theta omega + -0.042 omega^2,-0.012 1 + 0.001 theta + 0.082 omega + -0.004 theta omega + -0.080 omega^2,-1.1593896409e-02,9.7491320765e-04,8.1701929239e-02,-2.2262435390e-05,-3.6026471456e-03,-8.0413800853e-02
87910,2025-06-26 07:50:00,0.031450,3.750393,2.652021,0.018 1 + 1.166 omega + 0.002 theta omega + 0.349 omega^2,0.037 1 + 0.001 theta + 0.339 omega + 0.004 theta omega + 0.713 omega^2,3.6970263279e-02,6.8763783639e-04,3.3876505565e-01,2.0495219581e-06,3.7077913457e-03,7.1259320825e-01
87911,2025-06-26 07:55:00,0.014374,0.311707,0.220644,-0.002 1 + 0.990 omega + -0.001 theta omega + 0.018 omega^2,-0.003 1 + -0.019 omega + -0.001 theta omega + 0.035 omega^2,-3.3932963826e-03,-1.4566421126e-04,-1.9425848417e-02,4.0258503399e-06,-1.1137388657e-03,3.4534643820e-02
87912,2025-06-26 08:00:00,0.012195,0.516735,0.365488,-0.005 1 + 1.070 omega + -0.001 theta omega + -0.200 omega^2,-0.010 1 + 0.145 omega + -0.001 theta omega + -0.415 omega^2,-9.7287392575e-03,-9.1277201360e-06,1.4498897645e-01,2.4398876778e-06,-1.1347496065e-03,-4.1494996228e-01
87913,2025-06-26 08:05:00,0.030886,3.282403,2.321112,-0.002 1 + 1.063 omega + -0.309 omega^2,-0.004 1 + 0.127 omega + 0.001 theta omega + -0.618 omega^2,-3.5657327959e-03,-2.4242480919e-04,1.2685242367e-01,2.6064138877e-06,5.1181138074e-04,-6.1766146154e-01
87914,2025-06-26 08:10:00,0.015219,0.624410,0.441656,1.010 omega + -0.001 theta omega + -0.036 omega^2,0.001 1 + 0.023 omega + -0.002 theta omega + -0.077 omega^2,5.0140168151e-04,-2.0763108550e-04,2.2733102568e-02,9.5833756195e-06,-1.7504513624e-03,-7.7391141843e-02
87915,2025-06-26 08:15:00,0.117917,5.755044,4.070285,1.002 omega + 0.023 omega^2,0.003 omega + 0.001 theta omega + 0.050 omega^2,4.5446919479e-06,2.9793309753e-04,3.3015394918e-03,-5.9372170362e-05,8.0311977304e-04,5.0154968861e-02
87916,2025-06-26 08:20:00,0.044638,3.452150,2.441243,-0.007 1 + 0.924 omega + -0.001 theta omega + -0.194 omega^2,-0.013 1 + -0.149 omega + -0.002 theta omega + -0.390 omega^2,-1.3047437198e-02,-2.2719914305e-04,-1.4908502895e-01,4.9554971122e-06,-2.3333455680e-03,-3.8966896848e-01
87917,2025-06-26 08:25:00,0.032110,1.028700,0.727755,0.002 1 + 0.972 omega + 0.101 omega^2,0.004 1 + -0.049 omega + 0.182 omega^2,4.2388382081e-03,-1.1050145066e-04,-4.9432608357e-02,7.8671086567e-07,2.3721298349e-04,1.8206321510e-01
87918,2025-06-26 08:30:00,0.021371,0.557815,0.394724,0.001 1 + 1.007 omega + -0.049 omega^2,0.001 1 + 0.020 omega + -0.114 omega^2,1.0176854891e-03,-2.1290593287e-04,2.0031639046e-02,4.2754679215e-06,1.7315888512e-04,-1.1417010585e-01
87919,2025-06-26 08:35:00,0.011880,0.443328,0.313593,0.998 omega + 0.002 theta omega + -0.068 omega^2,-0.001 1 + -0.004 omega + 0.003 theta omega + -0.143 omega^2,-8.3948140348e-04,7.5895876588e-05,-3.8532457050e-03,-1.0361976106e-05,3.0851601183e-03,-1.4254050461e-01
87920,2025-06-26 08:40:00,0.018056,1.000440,0.707533,0.005 1 + 1.063 omega + 0.001 theta omega + 0.170 omega^2,0.009 1 + 0.124 omega + 0.002 theta omega + 0.336 omega^2,9.4132054273e-03,1.4879690584e-04,1.2425025484e-01,-6.9364928905e-07,1.7122774949e-03,3.3571286774e-01
87921,2025-06-26 08:45:00,0.013473,0.273210,0.193423,-0.001 1 + -0.001 theta + 0.995 omega + 0.050 omega^2,-0.002 1 + -0.001 theta + -0.010 omega + -0.001 theta omega + 0.104 omega^2,-2.0018347757e-03,-1.0969217866e-03,-9.6040174279e-03,-1.1432494868e-04,-6.1504191967e-04,1.0388595697e-01
87922,2025-06-26 08:50:00,0.372967,21.747727,15.380226,0.984 omega + 0.006 theta omega + -0.059 omega^2,0.001 1 + -0.031 omega + 0.012 theta omega + -0.102 omega^2,8.5815652851e-04,1.9337670900e-04,-3.0659285848e-02,-1.1947252379e-04,1.2473215358e-02,-1.0236822101e-01
87923,2025-06-26 08:55:00,0.062534,9.945759,7.032852,-0.003 1 + 0.985 omega + -0.001 theta omega + 0.110 omega^2,-0.007 1 + 0.001 theta + -0.009 omega + -0.002 theta omega + 0.165 omega^2,-7.0335167569e-03,6.4902945195e-04,-8.5744762140e-03,-7.0888318416e-06,-1.9153068012e-03,1.6460779000e-01
87924,2025-06-26 09:00:00,0.035979,2.128206,1.505084,0.001 1 + 1.002 omega + -0.018 omega^2,0.001 1 + 0.006 omega + -0.037 omega^2,8.9990935825e-04,-9.9839591097e-05,5.8409603646e-03,2.7309678375e-06,-4.6954111252e-04,-3.7159294655e-02
87925,2025-06-26 09:05:00,nan,nan,nan,-0.002 1 + 1.012 omega + -0.002 theta omega + 0.116 omega^2,-0.004 1 + -0.001 theta + 0.026 omega + -0.003 theta omega + 0.241 omega^2,-3.5566098679e-03,-6.3312203204e-04,2.6054704826e-02,3.4126564614e-07,-3.4267509343e-03,2.4099888968e-01
87926,2025-06-26 09:10:00,nan,nan,nan,0.012 1 + 0.001 theta + 1.035 omega + 0.002 theta omega + -0.095 omega^2,0.025 1 + 0.001 theta + 0.081 omega + 0.004 theta omega + -0.162 omega^2,2.5062814220e-02,1.1024324226e-03,8.1264068400e-02,9.0487316328e-06,3.5767933628e-03,-1.6245343057e-01
87927,2025-06-26 09:15:00,nan,nan,nan,0.003 1 + 1.017 omega + 0.003 theta omega + -0.134 omega^2,0.006 1 + 0.001 theta + 0.034 omega + 0.007 theta omega + -0.262 omega^2,6.4412841813e-03,7.9707096012e-04,3.4399398741e-02,2.9158549667e-06,6.5741724383e-03,-2.6199208857e-01
87928,2025-06-26 09:20:00,nan,nan,nan,0.001 1 + -0.001 theta + 1.001 omega + 0.001 theta omega + -0.084 omega^2,0.001 1 + -0.001 theta + 0.003 omega + 0.001 theta omega + -0.161 omega^2,1.2538787331e-03,-1.1108295478e-03,2.7737651853e-03,-1.1211726567e-04,1.4380504275e-03,-1.6096065903e-01
87929,2025-06-26 09:25:00,0.011324,0.307420,0.217526,-0.001 1 + 1.000 omega + 0.008 omega^2,-0.002 1 + 0.008 omega + 0.005 omega^2,-1.9396520324e-03,2.2470601710e-04,8.3077853745e-03,-5.8351493893e-06,-3.5953360229e-04,5.1464688039e-03
87930,2025-06-26 09:30:00,nan,nan,nan,-0.002 1 + 1.023 omega + -0.001 theta omega + 0.282 omega^2,-0.003 1 + -0.001 theta + 0.047 omega + -0.002 theta omega + 0.559 omega^2,-3.4142074065e-03,-8.7355321443e-04,4.7074306586e-02,-2.9558707237e-05,-2.1952991389e-03,5.5887882137e-01
87931,2025-06-26 09:35:00,0.034151,2.749387,1.944260,0.002 1 + 0.954 omega + -0.001 theta omega + 0.308 omega^2,0.004 1 + -0.089 omega + -0.001 theta omega + 0.610 omega^2,3.7856483267e-03,6.7902527230e-05,-8.9310208858e-02,-2.3991820118e-06,-1.2303903022e-03,6.1036699473e-01
87932,2025-06-26 09:40:00,nan,nan,nan,0.001 1 + 0.992 omega + 0.001 theta omega + 0.038 omega^2,0.002 1 + -0.015 omega + 0.003 theta omega + 0.082 omega^2,1.5245938778e-03,-3.2999552560e-04,-1.5219288974e-02,1.4611471456e-06,2.8286348538e-03,8.2292418338e-02
87933,2025-06-26 09:45:00,0.030583,2.500844,1.768496,1.000 omega + 0.018 omega^2,0.001 1 + 0.003 omega + 0.050 omega^2,7.3695899562e-04,1.0229455493e-04,3.2201925445e-03,4.0643209255e-06,-4.8665821414e-04,5.0127613326e-02
87934,2025-06-26 09:50:00,0.027645,2.608995,1.844941,0.008 1 + 1.090 omega + 0.001 theta omega + 0.241 omega^2,0.018 1 + 0.192 omega + 0.001 theta omega + 0.514 omega^2,1.7987386068e-02,2.3950153600e-04,1.9235008051e-01,-4.5603397309e-07,1.4703037645e-03,5.1386412995e-01
87935,2025-06-26 09:55:00,0.039370,4.477137,3.165936,-0.003 1 + 0.939 omega + -0.233 omega^2,-0.006 1 + -0.116 omega + -0.459 omega^2,-6.3481291801e-03,1.1260503393e-04,-1.1631823289e-01,5.8413841020e-06,-4.0682086350e-04,-4.5900869647e-01
87936,2025-06-26 10:00:00,0.033146,3.920952,2.772631,-0.001 1 + 1.039 omega + -0.135 omega^2,-0.002 1 + 0.080 omega + -0.271 omega^2,-2.4737480168e-03,-1.4163331579e-04,8.0123917839e-02,1.8059248810e-06,-2.2590435195e-04,-2.7141222141e-01
87937,2025-06-26 10:05:00,nan,nan,nan,-0.007 1 + 0.001 theta + 0.988 omega + -0.003 theta omega + 0.326 omega^2,-0.014 1 + 0.001 theta + -0.022 omega + -0.006 theta omega + 0.655 omega^2,-1.3708880724e-02,1.3114024560e-03,-2.2411422680e-02,-1.1864931742e-05,-6.0097143543e-03,6.5471617529e-01
87938,2025-06-26 10:10:00,nan,nan,nan,-0.004 1 + 1.036 omega + -0.002 theta omega + 0.006 omega^2,-0.008 1 + 0.073 omega + -0.005 theta omega + 0.003 omega^2,-8.0398353780e-03,2.0019034710e-04,7.2846235610e-02,1.4820319743e-05,-4.5767830119e-03,2.5782701857e-03
87939,2025-06-26 10:15:00,0.041116,4.344805,3.072378,-0.005 1 + 1.052 omega + -0.001 theta omega + -0.128 omega^2,-0.011 1 + 0.001 theta + 0.105 omega + -0.002 theta omega + -0.252 omega^2,-1.0631603294e-02,6.8062076995e-04,1.0519514559e-01,-6.2523544142e-06,-2.0138603419e-03,-2.5205996819e-01
87940,2025-06-26 10:20:00,0.020803,0.527350,0.373183,-0.001 1 + 1.000 omega + -0.001 theta omega + 0.052 omega^2,-0.001 1 + 0.001 omega + -0.001 theta omega + 0.097 omega^2,-1.2422092383e-03,-3.2647846144e-04,7.3066583695e-04,6.7846779602e-07,-1.0485547199e-03,9.7078702938e-02
87941,2025-06-26 10:25:00,0.032820,0.912180,0.645426,-0.001 1 + 0.001 theta + 1.004 omega + 0.003 theta omega + 0.102 omega^2,-0.002 1 + 0.001 theta + 0.010 omega + 0.001 theta^2 + 0.006 theta omega + 0.205 omega^2,-2.2820867291e-03,1.1564171754e-03,9.7681519718e-03,7.2780383712e-04,5.6564944168e-03,2.0509650812e-01
87942,2025-06-26 10:30:00,0.018346,0.783630,0.554262,-0.002 1 + 1.064 omega + -0.285 omega^2,-0.005 1 + 0.134 omega + -0.593 omega^2,-4.5856515548e-03,-3.3860050248e-04,1.3377961088e-01,1.0776228046e-05,-3.3762839539e-04,-5.9289917384e-01
87943,2025-06-26 10:35:00,0.022191,0.643077,0.454995,0.001 1 + 0.974 omega + 0.102 omega^2,0.002 1 + -0.053 omega + -0.001 theta omega + 0.217 omega^2,1.8618531129e-03,2.9218578859e-04,-5.3456280141e-02,-7.6176748374e-06,-5.0688677147e-04,2.1723837720e-01
87944,2025-06-26 10:40:00,0.030120,0.947375,0.670234,0.001 1 + 1.004 omega + -0.001 theta omega + -0.008 omega^2,0.001 1 + -0.001 theta + 0.008 omega + -0.002 theta omega + -0.017 omega^2,1.4329396940e-03,-5.7018988828e-04,7.9088269764e-03,2.7051106062e-06,-2.3693902159e-03,-1.6994352897e-02
87945,2025-06-26 10:45:00,0.039262,2.597868,1.837180,-0.001 1 + 0.995 omega + -0.062 omega^2,-0.002 1 + -0.008 omega + 0.001 theta omega + -0.116 omega^2,-1.8766880859e-03,-3.5230473905e-04,-7.9765807635e-03,-1.5684613753e-05,6.4403246453e-04,-1.1645528127e-01
87946,2025-06-26 10:50:00,nan,nan,nan,1.014 omega + 0.003 theta omega + -0.078 omega^2,-0.001 theta + 0.027 omega + 0.006 theta omega + -0.150 omega^2,2.3266887509e-06,-7.7093629754e-04,2.7198015109e-02,-7.8455974186e-06,5.9140765150e-03,-1.4960142583e-01
87947,2025-06-26 10:55:00,0.012984,0.671770,0.475102,-0.009 1 + 0.001 theta + 1.077 omega + -0.002 theta omega + -0.173 omega^2,-0.018 1 + 0.001 theta + 0.158 omega + -0.004 theta omega + -0.352 omega^2,-1.7500459274e-02,1.0739862062e-03,1.5762966105e-01,-1.6644934019e-05,-4.1431756463e-03,-3.5199234594e-01
87948,2025-06-26 11:00:00,nan,nan,nan,0.998 omega + -0.004 theta omega + 0.264 omega^2,-0.001 omega + -0.008 theta omega + 0.525 omega^2,8.9088634546e-05,-1.1511331942e-04,-1.0596515365e-03,3.7797936042e-05,-8.1263736448e-03,5.2534651499e-01
87949,2025-06-26 11:05:00,nan,nan,nan,-0.002 1 + 0.003 theta + 1.048 omega + -0.001 theta^2 + -0.021 theta omega + -0.087 omega^2,-0.004 1 + 0.005 theta + 0.096 omega + -0.002 theta^2 + -0.041 theta omega + -0.171 omega^2,-3.6497396464e-03,5.3278397574e-03,9.5989544072e-02,-1.5484481453e-03,-4.1395939385e-02,-1.7114741637e-01
87950,2025-06-26 11:10:00,nan,nan,nan,0.998 omega + -0.002 theta omega + 0.043 omega^2,0.001 1 + -0.001 omega + -0.004 theta omega + 0.080 omega^2,5.3457179950e-04,4.4326765207e-04,-5.3875090071e-04,7.4334856232e-05,-4.0673007816e-03,8.0264972736e-02
87951,2025-06-26 11:15:00,nan,nan,nan,0.004 1 + 1.041 omega + 0.001 theta omega + 0.062 omega^2,0.008 1 + 0.087 omega + 0.001 theta omega + 0.134 omega^2,8.3458815517e-03,1.0534916771e-04,8.7445777066e-02,-1.7975079568e-06,1.3672450193e-03,1.3448333432e-01
87952,2025-06-26 11:25:00,0.017512,1.391568,0.984065,-0.016 1 + 1.136 omega + -0.001 theta omega + -0.249 omega^2,-0.032 1 + 0.276 omega + -0.002 theta omega + -0.503 omega^2,-3.2242552986e-02,2.9858313927e-04,2.7558567919e-01,2.3076084478e-06,-2.4494875740e-03,-5.0268892005e-01
87953,2025-06-26 11:30:00,nan,nan,nan,-0.001 1 + 0.983 omega + 0.001 theta omega + 0.083 omega^2,-0.001 1 + -0.031 omega + 0.002 theta omega + 0.155 omega^2,-1.0647602520e-03,4.1784516652e-04,-3.0879186716e-02,-2.6969744516e-05,2.0481735989e-03,1.5540182878e-01
87954,2025-06-26 11:35:00,0.031275,1.183138,0.836897,0.001 1 + 0.988 omega + 0.002 theta omega + -0.016 omega^2,0.002 1 + -0.024 omega + 0.003 theta omega + -0.031 omega^2,2.3008264951e-03,-3.4053628976e-04,-2.4380400174e-02,5.5345187363e-08,3.1442557034e-03,-3.0613618081e-02
87955,2025-06-26 11:40:00,0.034617,1.647523,1.165232,-0.002 1 + 1.010 omega + -0.001 theta omega + -0.057 omega^2,-0.003 1 + 0.001 theta + 0.020 omega + -0.002 theta omega + -0.104 omega^2,-3.3446933720e-03,8.2759088001e-04,2.0398206489e-02,-4.5642503492e-05,-1.5787949485e-03,-1.0413821805e-01
87956,2025-06-26 11:45:00,0.017015,1.194351,0.844620,0.004 1 + 0.001 theta + 1.008 omega + 0.001 theta omega + -0.036 omega^2,0.008 1 + 0.001 theta + 0.016 omega + 0.002 theta omega + -0.083 omega^2,7.5543428395e-03,1.1847637325e-03,1.5652226230e-02,5.2145987286e-05,2.0525750935e-03,-8.3167664041e-02
87957,2025-06-26 11:50:00,0.023590,0.481683,0.341010,-0.002 1 + 0.998 omega + 0.030 omega^2,-0.004 1 + -0.004 omega + 0.053 omega^2,-4.2596739154e-03,-2.4053205193e-04,-4.3785894225e-03,1.5950845202e-06,-2.2140984266e-04,5.2749635678e-02
87958,2025-06-26 11:55:00,0.026346,2.030727,1.436061,-0.001 1 + 0.988 omega + 0.057 omega^2,-0.001 1 + -0.021 omega + 0.110 omega^2,-1.2510209911e-03,2.8014458301e-04,-2.0865040003e-02,-1.1353645602e-05,4.8029399091e-04,1.1005081715e-01
87959,2025-06-26 12:00:00,0.013420,0.826778,0.584697,1.017 omega + 0.005 theta omega + -0.135 omega^2,-0.001 theta + 0.034 omega + 0.009 theta omega + -0.257 omega^2,-1.0620649407e-06,-6.9778906848e-04,3.4299775200e-02,-5.4067528765e-05,8.7851471492e-03,-2.5730863138e-01
87960,2025-06-26 12:05:00,0.024848,1.043740,0.738245,1.005 omega + -0.029 omega^2,-0.001 1 + 0.009 omega + -0.001 theta omega + -0.063 omega^2,-8.0426105417e-04,4.1826493454e-04,9.3512752519e-03,-2.2796347261e-05,-5.0255905343e-04,-6.3043181712e-02
87961,2025-06-26 12:10:00,0.073723,8.684482,6.141078,0.002 1 + 0.994 omega + -0.069 omega^2,0.004 1 + -0.010 omega + 0.001 theta omega + -0.138 omega^2,4.0632326243e-03,2.8756326521e-04,-9.7755976042e-03,2.6748152237e-06,8.0052394598e-04,-1.3788862678e-01
87962,2025-06-26 12:15:00,0.031554,1.683819,1.190849,0.001 1 + 1.013 omega + 0.028 omega^2,0.003 1 + 0.033 omega + 0.069 omega^2,3.1917370630e-03,4.3267806857e-05,3.3162047526e-02,-5.7314799033e-07,4.7770270214e-04,6.9421833127e-02
87963,2025-06-26 12:20:00,0.019343,0.572849,0.405296,-0.001 1 + 0.992 omega + -0.001 theta omega + 0.008 omega^2,-0.001 1 + -0.015 omega + -0.002 theta omega + 0.017 omega^2,-1.4460727721e-03,4.5730650601e-04,-1.5276668342e-02,7.4569529324e-05,-1.5571834258e-03,1.7236002608e-02
87964,2025-06-26 12:25:00,nan,nan,nan,0.001 1 + 0.990 omega + 0.003 theta omega + 0.063 omega^2,0.002 1 + -0.019 omega + 0.006 theta omega + 0.120 omega^2,1.6043507263e-03,-3.8648662689e-04,-1.8724708044e-02,-5.9969454498e-05,5.8123644091e-03,1.1962672058e-01
87965,2025-06-26 12:30:00,0.078244,7.626822,5.393261,1.001 omega + 0.010 omega^2,0.003 omega + 0.016 omega^2,-4.0448681336e-04,1.0449258978e-04,3.2175988148e-03,-2.4365789457e-06,-4.9995879156e-04,1.6438907239e-02
87966,2025-06-26 12:35:00,0.026509,0.997039,0.705262,1.008 omega + -0.034 omega^2,0.020 omega + -0.070 omega^2,4.1894765639e-04,-1.3521343467e-04,1.9822404784e-02,2.1728672749e-06,-1.0699424695e-04,-6.9650079492e-02
87967,2025-06-26 12:40:00,0.049861,1.765646,1.248998,0.994 omega + 0.001 theta omega + -0.034 omega^2,0.001 theta + -0.014 omega + 0.002 theta omega + -0.045 omega^2,-1.3774234457e-04,8.4498310919e-04,-1.4161074698e-02,-1.4447763353e-04,2.4307338077e-03,-4.4583757037e-02
87968,2025-06-26 12:45:00,0.018689,0.967618,0.684337,0.002 1 + 1.045 omega + 0.002 theta omega + 0.171 omega^2,0.004 1 + 0.095 omega + 0.003 theta omega + 0.360 omega^2,3.8957864315e-03,1.2190324217e-04,9.4571159420e-02,-2.2417482283e-06,3.3156922215e-03,3.5988218685e-01
87969,2025-06-26 12:50:00,0.053054,1.393458,0.986037,1.005 omega + -0.001 theta omega + -0.068 omega^2,0.001 1 + 0.001 theta + 0.010 omega + -0.002 theta omega + -0.135 omega^2,6.3320550956e-04,6.4128812655e-04,9.9510232507e-03,-1.0944975119e-04,-1.9455473843e-03,-1.3496793652e-01
87970,2025-06-26 12:55:00,0.011597,0.541924,0.383286,0.001 1 + 1.006 omega + -0.030 omega^2,0.001 1 + 0.012 omega + -0.035 omega^2,1.4089749833e-03,-3.3425680191e-04,1.1553991835e-02,8.8394805661e-06,-3.5017560497e-04,-3.4814274760e-02
87971,2025-06-26 13:00:00,0.052916,3.698415,2.615442,0.004 1 + 1.044 omega + 0.001 theta omega + 0.082 omega^2,0.008 1 + 0.001 theta + 0.088 omega + 0.003 theta omega + 0.162 omega^2,8.4936615912e-03,5.8575764222e-04,8.7920664512e-02,1.0430782467e-05,2.7341612408e-03,1.6194421025e-01
87972,2025-06-26 13:05:00,0.011106,0.211691,0.149894,0.001 1 + 1.003 omega + -0.004 omega^2,0.002 1 + 0.008 omega + -0.004 omega^2,1.5999561919e-03,-2.5171809269e-04,7.8092136599e-03,4.6631857262e-06,-1.5937595405e-04,-3.5209217534e-03
87973,2025-06-26 13:10:00,0.030302,1.628183,1.151499,-0.001 1 + 0.984 omega + 0.001 theta omega + -0.092 omega^2,-0.001 1 + -0.024 omega + 0.002 theta omega + -0.169 omega^2,-1.4425021428e-03,1.0426482559e-04,-2.4255679954e-02,-1.0508639059e-06,1.5367935816e-03,-1.6924990240e-01
87974,2025-06-26 13:15:00,0.041706,1.921632,1.359119,1.004 omega + -0.011 omega^2,0.007 omega + -0.013 omega^2,4.2115667606e-05,-2.8505733288e-04,7.3555914735e-03,8.2857569360e-06,3.0355876472e-04,-1.2526370393e-02
87975,2025-06-26 13:20:00,0.020449,1.801061,1.273625,-0.005 1 + 1.065 omega + -0.003 theta omega + -0.156 omega^2,-0.012 1 + 0.001 theta + 0.137 omega + -0.007 theta omega + -0.327 omega^2,-1.1643478651e-02,6.1582452974e-04,1.3676447845e-01,3.3943589439e-06,-6.5267822150e-03,-3.2686158990e-01
87976,2025-06-26 13:25:00,0.074728,3.189684,2.256066,0.001 1 + 0.981 omega + 0.006 theta omega + 0.033 omega^2,0.001 1 + -0.036 omega + 0.012 theta omega + 0.042 omega^2,1.2192240311e-03,-2.4629386107e-04,-3.5776773547e-02,-6.2856084764e-05,1.1717257284e-02,4.2396761708e-02
87977,2025-06-26 13:30:00,nan,nan,nan,-0.001 theta + 1.008 omega + 0.053 omega^2,-0.001 1 + -0.001 theta + 0.017 omega + 0.106 omega^2,-9.7758742423e-04,-1.0748600891e-03,1.7335004575e-02,6.9600446726e-05,3.7337854823e-04,1.0556640706e-01
87978,2025-06-26 13:35:00,0.049749,1.711145,1.210473,0.007 1 + 0.955 omega + 0.002 theta omega + 0.019 omega^2,0.013 1 + -0.001 theta + -0.090 omega + 0.005 theta omega + 0.036 omega^2,1.3466713317e-02,-8.1114978792e-04,-8.9761605537e-02,3.4939383692e-06,4.5650676588e-03,3.5565305105e-02
87979,2025-06-26 13:40:00,0.015364,0.572046,0.404644,1.001 omega + -0.002 theta omega + 0.067 omega^2,0.001 1 + 0.003 omega + -0.003 theta omega + 0.135 omega^2,5.8358046838e-04,-4.7948446238e-04,3.0731927067e-03,4.5157442400e-05,-3.1892934664e-03,1.3461002649e-01
87980,2025-06-26 13:45:00,nan,nan,nan,1.009 omega + 0.101 omega^2,-0.001 1 + 0.018 omega + 0.211 omega^2,-6.1001060532e-04,-2.2222418616e-04,1.8133289769e-02,-3.1413957774e-05,4.3967565881e-04,2.1075064733e-01
87981,2025-06-26 13:50:00,0.017971,0.442577,0.313207,0.001 1 + 1.003 omega + -0.081 omega^2,0.003 1 + 0.007 omega + -0.160 omega^2,2.7106345264e-03,-1.6544222386e-04,7.4515283977e-03,-6.4355069840e-07,3.7163242326e-05,-1.5952959277e-01
87982,2025-06-26 13:55:00,0.049923,1.503824,1.063950,0.999 omega + 0.049 omega^2,0.001 1 + -0.001 omega + -0.001 theta omega + 0.094 omega^2,8.1600266376e-04,-9.6027832439e-05,-6.7692148847e-04,-8.4122507815e-06,-5.9301680643e-04,9.3505160927e-02
87983,2025-06-26 14:00:00,0.051216,5.863540,4.146307,0.002 1 + 0.999 omega + -0.077 omega^2,0.003 1 + 0.001 theta + -0.002 omega + -0.151 omega^2,3.2004285625e-03,6.3383460475e-04,-2.2867191346e-03,4.7653113845e-05,-4.6456948152e-04,-1.5068543560e-01
87984,2025-06-26 14:05:00,nan,nan,nan,0.004 1 + 0.942 omega + 0.001 theta omega + 0.196 omega^2,0.007 1 + -0.115 omega + 0.002 theta omega + 0.392 omega^2,7.2014885267e-03,1.5375771801e-05,-1.1472765615e-01,-8.4014553899e-06,1.6143050992e-03,3.9225196132e-01
87985,2025-06-26 14:10:00,0.020156,0.627310,0.443804,1.005 omega + 0.001 theta omega + -0.007 omega^2,-0.001 1 + 0.011 omega + 0.002 theta omega + -0.009 omega^2,-5.7844843388e-04,-3.3109500289e-04,1.0934493915e-02,-2.5154007376e-05,1.8113327045e-03,-9.0150261135e-03
87986,2025-06-26 14:15:00,0.061119,1.915734,1.355318,-0.006 1 + 0.943 omega + -0.003 theta omega + -0.059 omega^2,-0.012 1 + -0.001 theta + -0.113 omega + -0.005 theta omega + -0.121 omega^2,-1.2218107117e-02,-5.1248750461e-04,-1.1254659695e-01,1.2782356264e-05,-5.4850204484e-03,-1.2122487943e-01
87987,2025-06-26 14:20:00,0.017256,1.022637,0.723216,0.004 1 + 0.001 theta + 1.050 omega + 0.003 theta omega + 0.161 omega^2,0.009 1 + 0.002 theta + 0.103 omega + 0.007 theta omega + 0.330 omega^2,9.0987885465e-03,1.9598251047e-03,1.0299708144e-01,4.4069195578e-05,6.6111611854e-03,3.2951422879e-01
87988,2025-06-26 14:25:00,0.138679,4.786321,3.385861,-0.001 1 + 1.002 omega + -0.044 omega^2,-0.002 1 + -0.001 theta + 0.005 omega + -0.094 omega^2,-1.6228490293e-03,-9.2422786636e-04,5.4993940664e-03,-4.2964326784e-05,8.3159092509e-05,-9.4170489351e-02
87989,2025-06-26 14:30:00,nan,nan,nan,-0.006 1 + 1.057 omega + -0.102 omega^2,-0.013 1 + 0.116 omega + -0.001 theta omega + -0.203 omega^2,-1.2777612567e-02,4.3531316761e-05,1.1597965964e-01,2.0517151032e-06,-8.6349215787e-04,-2.0265768813e-01
87990,2025-06-26 14:35:00,0.021613,0.697736,0.493610,0.003 1 + 0.974 omega + 0.063 omega^2,0.006 1 + -0.052 omega + 0.128 omega^2,5.6766869886e-03,-4.7633302336e-05,-5.2419829725e-02,3.6237710846e-07,7.4279917158e-05,1.2804674299e-01
87991,2025-06-26 14:40:00,0.055985,2.071701,1.465449,0.999 omega + 0.007 omega^2,-0.001 omega + 0.017 omega^2,-1.7070893108e-04,1.3669963520e-04,-5.7278446666e-04,-9.9281245434e-06,-3.7833282978e-04,1.7224440434e-02
87992,2025-06-26 14:45:00,0.019348,0.886823,0.627228,-0.002 1 + 0.961 omega + -0.004 theta omega + -0.110 omega^2,-0.005 1 + -0.001 theta + -0.079 omega + -0.008 theta omega + -0.218 omega^2,-4.7524463709e-03,-7.0961138476e-04,-7.9067994314e-02,-8.6213028943e-06,-8.2645480753e-03,-2.1775031537e-01
87993,2025-06-26 14:50:00,nan,nan,nan,-0.001 1 + 0.001 theta + 1.015 omega + -0.002 theta omega + -0.104 omega^2,-0.003 1 + 0.001 theta + 0.034 omega + -0.003 theta omega + -0.219 omega^2,-2.6391958429e-03,1.4523433321e-03,3.3596998753e-02,-9.0551766995e-05,-3.3719414382e-03,-2.1850727066e-01
87994,2025-06-26 14:55:00,0.026698,1.374840,0.972342,1.006 omega + 0.001 theta omega + -0.007 omega^2,0.013 omega + 0.002 theta omega + -0.005 omega^2,2.0469056961e-04,-3.4438424008e-04,1.2536694007e-02,-2.1656788306e-05,2.3213013412e-03,-4.9076919529e-03
87995,2025-06-26 15:00:00,nan,nan,nan,-0.011 1 + 1.051 omega + -0.002 theta omega + 0.005 omega^2,-0.022 1 + 0.001 theta + 0.103 omega + -0.004 theta omega + 0.011 omega^2,-2.1603794524e-02,5.9236089250e-04,1.0264788786e-01,4.2344811527e-06,-3.5402152101e-03,1.1486935877e-02
87996,2025-06-26 15:05:00,0.011390,0.532776,0.376816,-0.022 1 + 1.152 omega + -0.250 omega^2,-0.045 1 + 0.313 omega + -0.001 theta omega + -0.511 omega^2,-4.4802673633e-02,2.4685029899e-05,3.1275886189e-01,1.1475249977e-06,-5.2064091620e-04,-5.1149886774e-01
87997,2025-06-26 15:10:00,0.011551,0.271627,0.192243,0.005 1 + 0.973 omega + 0.038 omega^2,0.009 1 + -0.053 omega + 0.001 theta omega + 0.078 omega^2,9.1476197736e-03,-2.0935398475e-04,-5.3175472438e-02,7.9322500280e-07,5.9859885076e-04,7.8305796436e-02
87998,2025-06-26 15:15:00,0.038858,1.833884,1.297043,0.001 theta + 1.012 omega + 0.002 theta omega + 0.217 omega^2,-0.001 1 + 0.001 theta + 0.024 omega + 0.004 theta omega + 0.427 omega^2,-8.9999525735e-04,1.2969942620e-03,2.3563485460e-02,1.4370680859e-04,3.6452072976e-03,4.2743274415e-01
87999,2025-06-26 15:20:00,0.013172,0.236557,0.167530,0.002 1 + 1.009 omega + -0.001 theta omega + -0.120 omega^2,0.004 1 + 0.019 omega + -0.001 theta omega + -0.226 omega^2,3.9143294428e-03,-2.3767475700e-04,1.9068810007e-02,-1.8462095685e-06,-1.1251797380e-03,-2.2562608878e-01
