Chunk_Index,Chunk_Start_Time,Orig_RMSE_Omega,Orig_RMSE_Theta,Orig_RMSE_Total,Sim_RMSE_Omega,Sim_RMSE_Theta,Sim_RMSE_Total,Final_Loss,Stopped_Epoch,NaN_Recoveries,Eq_Theta,Eq_Omega,Eq_Omega_Physical,Diffusion_Theta,Diffusion_Omega
81180,2025-06-02 22:10:00,0.004654,0.006284,0.005529,0.097255,3.535464,2.500897,140.0850,5762,0,1.00000omega,-0.013991 + -0.20629theta + -0.29501omega + 0.89962theta^2 + -0.09102theta omega + -0.20196omega^2 + -1.01323theta^3 + -0.13687theta^2 omega + 0.35044theta omega^2 + -0.07348omega^3,-0.319926*omega**3 + 0.05086*omega**2*theta + 0.225643*omega**2 - 0.000662*omega*theta**2 - 0.009034*omega*theta - 0.040146*omega - 0.000163*theta**3 - 0.002535*theta**2 - 0.013048*theta - 0.022332,6.743996e-05,1.768912e-05
81181,2025-06-02 22:15:00,0.004668,0.006382,0.005591,0.213444,6.973548,4.933353,96.8891,4635,0,1.00000omega,0.020241 + -0.12187theta + -0.04303omega + -0.35735theta^2 + -0.06862theta omega + 0.07466omega^2 + -0.17948theta^3 + 0.10247theta^2 omega + -0.08088theta omega^2 + -0.03888omega^3,-0.117969*omega**3 - 0.00818*omega**2*theta + 0.081442*omega**2 + 0.000345*omega*theta**2 - 0.005601*omega*theta + 0.020884*omega - 2.0e-5*theta**3 + 0.000301*theta**2 - 0.001364*theta + 0.001821,8.518615e-05,2.256633e-05
81182,2025-06-02 22:20:00,0.005031,0.007067,0.006134,0.085441,2.752783,1.947449,116.7979,9120,1,1.00000omega,0.007881 + -0.01991theta + 0.02028omega + 0.04288theta^2 + -0.01571theta omega + -0.02034omega^2 + -0.00076theta^3 + 0.00311theta^2 omega + -0.00674theta omega^2 + -0.04604omega^3,-0.143721*omega**3 - 0.000701*omega**2*theta - 0.002261*omega**2 + 1.1e-5*omega*theta**2 - 0.000301*omega*theta + 0.002117*omega + 1.7e-5*theta**2 - 0.00022*theta + 0.000761,1.054387e-04,2.057441e-05
81183,2025-06-02 22:25:00,0.005230,0.005513,0.005373,2.700664,113.271102,80.117526,182.0646,9342,0,1.00000omega,-0.045611 + -0.00714theta + 0.06820omega + 0.00254theta^2 + -0.00615theta omega + -0.00561omega^2 + 0.00479theta^3 + 0.00332theta^2 omega + -0.00596theta omega^2 + -0.01168omega^3,-0.051991*omega**3 - 0.000884*omega**2*theta + 0.007331*omega**2 + 1.6e-5*omega*theta**2 - 0.000431*omega*theta + 0.005013*omega + 1.0e-6*theta**3 - 2.4e-5*theta**2 + 0.000242*theta - 0.000898,9.799105e-05,1.319361e-05
81184,2025-06-02 22:30:00,nan,nan,nan,nan,nan,nan,30472.4766,1158,5,1.00000omega,nan1 + nantheta + nanomega + nantheta^2 + nantheta omega + nanomega^2 + nantheta^3 + nantheta^2 omega + nantheta omega^2 + nanomega^3,N/A,nan,nan
81185,2025-06-02 22:35:00,0.005148,0.005300,0.005224,0.097375,2.998911,2.121668,192.6347,4688,0,1.00000omega,0.082161 + -0.42245theta + -0.21643omega + 0.02263theta^2 + -0.15270theta omega + -0.05433omega^2 + -0.26754theta^3 + -0.01399theta^2 omega + -0.02064theta omega^2 + -0.00384omega^3,-0.018745*omega**3 - 0.003358*omega**2*theta - 0.023584*omega**2 - 7.6e-5*omega*theta**2 - 0.002129*omega*theta - 0.008253*omega - 4.8e-5*theta**3 - 6.2e-5*theta**2 - 0.000495*theta - 1.0e-5,7.745629e-05,1.497935e-05
81186,2025-06-02 22:40:00,0.007378,0.036084,0.026043,0.060410,3.978696,2.813687,124.6546,9999,1,1.00000omega,-0.113031 + -0.10903theta + -0.10187omega + -0.02746theta^2 + -0.06379theta omega + 0.01688omega^2 + -0.00102theta^3 + -0.00436theta^2 omega + 0.01224theta omega^2 + 0.04528omega^3,0.069013*omega**3 + 0.000622*omega**2*theta - 0.014188*omega**2 - 7.0e-6*omega*theta**2 - 5.2e-5*omega*theta + 0.00429*omega - 2.0e-6*theta**2 + 0.000132*theta - 0.001415,8.399584e-04,1.562364e-05
81187,2025-06-02 22:45:00,nan,nan,nan,nan,nan,nan,97.0887,4984,5,1.00000omega,nan1 + nantheta + nanomega + nantheta^2 + nantheta omega + nanomega^2 + nantheta^3 + nantheta^2 omega + nantheta omega^2 + nanomega^3,N/A,nan,nan
81188,2025-06-02 22:50:00,0.006199,0.017685,0.013251,0.089331,2.732519,1.933215,91.9565,9999,0,1.00000omega,-0.027961 + -0.02031theta + -0.01943omega + -0.12718theta^2 + 0.03587theta omega + 0.04541omega^2 + -0.06160theta^3 + 0.00796theta^2 omega + 0.06324theta omega^2 + -0.01062omega^3,-0.017224*omega**3 + 0.003419*omega**2*theta - 0.035206*omega**2 + 1.4e-5*omega*theta**2 - 0.000106*omega*theta - 0.001799*omega - 4.0e-6*theta**3 + 0.000116*theta**2 - 0.001132*theta + 0.003156,4.628692e-04,1.816525e-05
81189,2025-06-02 22:55:00,nan,nan,nan,nan,nan,nan,23429.1094,1054,5,1.00000omega,nan1 + nantheta + nanomega + nantheta^2 + nantheta omega + nanomega^2 + nantheta^3 + nantheta^2 omega + nantheta omega^2 + nanomega^3,N/A,nan,nan
81190,2025-06-02 23:00:00,0.005489,0.005975,0.005737,nan,nan,nan,155.8526,7441,0,1.00000omega,0.178761 + -0.00442theta + 0.02322omega + 0.33194theta^2 + 0.12424theta omega + -0.10084omega^2 + -0.40628theta^3 + 0.29159theta^2 omega + 0.49212theta omega^2 + -0.00565omega^3,-0.019408*omega**3 + 0.056349*omega**2*theta + 0.264976*omega**2 + 0.001113*omega*theta**2 + 0.013216*omega*theta + 0.039568*omega - 5.2e-5*theta**3 - 0.000698*theta**2 - 0.003049*theta - 0.003653,3.396188e-04,1.891369e-05
81191,2025-06-02 23:05:00,nan,nan,nan,nan,nan,nan,23951.8105,961,5,1.00000omega,nan1 + nantheta + nanomega + nantheta^2 + nantheta omega + nanomega^2 + nantheta^3 + nantheta^2 omega + nantheta omega^2 + nanomega^3,N/A,nan,nan
81192,2025-06-02 23:10:00,nan,nan,nan,nan,nan,nan,21782.5430,1209,5,1.00000omega,nan1 + nantheta + nanomega + nantheta^2 + nantheta omega + nanomega^2 + nantheta^3 + nantheta^2 omega + nantheta omega^2 + nanomega^3,N/A,nan,nan
81193,2025-06-02 23:15:00,nan,nan,nan,nan,nan,nan,1149.8397,5629,5,1.00000omega,nan1 + nantheta + nanomega + nantheta^2 + nantheta omega + nanomega^2 + nantheta^3 + nantheta^2 omega + nantheta omega^2 + nanomega^3,N/A,nan,nan
81194,2025-06-02 23:20:00,0.005578,0.005992,0.005789,nan,nan,nan,144.5668,9039,1,1.00000omega,-1.600031 + -0.92779theta + -0.09399omega + 1.16709theta^2 + 0.43300theta omega + -0.50114omega^2 + -0.22063theta^3 + -0.15106theta^2 omega + 0.00288theta omega^2 + 0.44954omega^3,1.417455*omega**3 + 0.000303*omega**2*theta - 0.164061*omega**2 - 0.000529*omega*theta**2 + 0.010248*omega*theta - 0.042397*omega - 2.6e-5*theta**3 + 0.000827*theta**2 - 0.007594*theta + 0.015327,1.224981e-04,1.680198e-05
81195,2025-06-02 23:25:00,0.005233,0.039331,0.028056,0.066922,5.478019,3.873833,71.9044,9999,0,1.00000omega,-0.068211 + -0.23098theta + 0.18461omega + -0.03894theta^2 + 0.00306theta omega + 0.04024omega^2 + -0.00159theta^3 + 0.00060theta^2 omega + 0.01539theta omega^2 + -0.00563omega^3,-0.009517*omega**3 + 0.000867*omega**2*theta + 0.01214*omega**2 + 1.0e-6*omega*theta**2 + 3.1e-5*omega*theta + 0.006236*omega - 1.1e-5*theta**2 - 0.000321*theta - 0.001179,8.955683e-04,1.645434e-05
81196,2025-06-02 23:30:00,nan,nan,nan,nan,nan,nan,631.2072,5572,5,1.00000omega,nan1 + nantheta + nanomega + nantheta^2 + nantheta omega + nanomega^2 + nantheta^3 + nantheta^2 omega + nantheta omega^2 + nanomega^3,N/A,nan,nan
81197,2025-06-02 23:35:00,0.004193,0.007649,0.006168,0.177378,5.425269,3.838294,54.4997,5369,1,1.00000omega,0.007171 + -0.67016theta + -0.06035omega + 0.16655theta^2 + -0.14291theta omega + 0.00381omega^2 + -0.08639theta^3 + 0.01595theta^2 omega + 0.13612theta omega^2 + -0.02075omega^3,-0.045442*omega**3 + 0.009937*omega**2*theta + 0.088233*omega**2 + 3.9e-5*omega*theta**2 - 0.000606*omega*theta - 0.010318*omega - 7.0e-6*theta**3 - 0.000134*theta**2 - 0.001486*theta - 0.007391,1.748288e-04,1.561180e-05
81198,2025-06-02 23:40:00,nan,nan,nan,nan,nan,nan,307.3121,3444,5,1.00000omega,nan1 + nantheta + nanomega + nantheta^2 + nantheta omega + nanomega^2 + nantheta^3 + nantheta^2 omega + nantheta omega^2 + nanomega^3,N/A,nan,nan
81199,2025-06-02 23:45:00,0.005661,0.016456,0.012305,nan,nan,nan,235.6180,9999,0,1.00000omega,-0.061001 + -0.00790theta + 0.00035omega + -0.00194theta^2 + 0.00275theta omega + -0.02466omega^2 + 0.00011theta^3 + 0.00046theta^2 omega + -0.00018theta omega^2 + 0.00496omega^3,0.023938*omega**3 - 2.9e-5*omega**2*theta - 0.010514*omega**2 + 2.0e-6*omega*theta**2 + 0.000143*omega*theta + 0.001946*omega - 1.9e-5*theta - 0.000562,3.510843e-04,1.826900e-05
81200,2025-06-02 23:50:00,0.005291,0.008113,0.006849,0.229199,21.259484,15.033599,183.7704,9999,0,1.00000omega,-0.037211 + 0.00684theta + -0.03266omega + 0.00180theta^2 + -0.01586theta omega + 0.00443omega^2 + 0.00025theta^3 + -0.00065theta^2 omega + 0.00351theta omega^2 + -0.00171omega^3,-0.007465*omega**3 + 0.000511*omega**2*theta + 0.009043*omega**2 - 3.0e-6*omega*theta**2 - 0.000292*omega*theta - 0.004645*omega + 3.0e-6*theta**2 + 5.5e-5*theta + 0.00028,1.895276e-04,1.541233e-05
81201,2025-06-02 23:55:00,0.004840,0.005584,0.005225,0.101826,2.723049,1.926832,66.3933,7461,0,1.00000omega,0.020731 + -0.05723theta + 0.01740omega + 0.02368theta^2 + -0.04466theta omega + 0.00658omega^2 + -0.11146theta^3 + -0.06169theta^2 omega + 0.13350theta omega^2 + 0.00066omega^3,0.001296*omega**3 + 0.008737*omega**2*theta + 0.091595*omega**2 - 0.000135*omega*theta**2 - 0.003151*omega*theta - 0.017591*omega - 8.0e-6*theta**3 - 0.000243*theta**2 - 0.0025*theta - 0.008684,1.005044e-04,1.951656e-05
81202,2025-06-03 00:00:00,0.009216,0.064292,0.045926,0.077111,4.188745,2.962392,744.3552,9999,0,1.00000omega,-0.002101 + -0.00631theta + -0.00223omega + -0.00106theta^2 + 0.00748theta omega + -0.00203omega^2 + -0.00006theta^3 + 0.00017theta^2 omega + -0.00047theta omega^2 + -0.00118omega^3,-0.006526*omega**3 - 8.7e-5*omega**2*theta - 0.002692*omega**2 + 1.0e-6*omega*theta**2 + 0.000151*omega*theta + 0.002636*omega - 1.0e-6*theta**2 - 4.5e-5*theta - 0.00049,6.973410e-04,1.066186e-05
81203,2025-06-03 00:05:00,0.005158,0.025981,0.018730,0.238902,7.281106,5.151290,73.7526,9999,0,1.00000omega,-0.001151 + -0.21933theta + -0.14208omega + 0.53348theta^2 + -0.01233theta omega + -0.50583omega^2 + -0.17638theta^3 + -0.00943theta^2 omega + 0.10028theta omega^2 + -0.05643omega^3,-0.104826*omega**3 + 0.006209*omega**2*theta - 0.039507*omega**2 - 1.9e-5*omega*theta**2 - 0.000644*omega*theta - 0.009924*omega - 1.2e-5*theta**3 - 0.000359*theta**2 - 0.003183*theta - 0.007511,5.506050e-04,2.082398e-05
81204,2025-06-03 00:10:00,0.006045,0.005690,0.005870,0.080022,1.136520,0.805631,256.8326,5007,0,1.00000omega,-0.018981 + -0.05953theta + -0.06116omega + -0.01836theta^2 + -0.03934theta omega + 0.18579omega^2 + -0.38221theta^3 + 0.14773theta^2 omega + -0.17562theta omega^2 + -0.12202omega^3,-0.570119*omega**3 - 0.027352*omega**2*theta + 0.085139*omega**2 + 0.000767*omega*theta**2 - 0.00118*omega*theta - 0.001672*omega - 6.6e-5*theta**3 + 7.8e-5*theta**2 - 9.6e-5*theta - 2.1e-5,1.300375e-04,1.521181e-05
81205,2025-06-03 00:15:00,0.005759,0.007709,0.006804,0.119541,10.840276,7.665699,184.9715,9225,0,1.00000omega,-0.176281 + -0.06815theta + -0.00525omega + 0.09969theta^2 + 0.04626theta omega + -0.08918omega^2 + -0.01158theta^3 + 0.00097theta^2 omega + 0.00887theta omega^2 + -0.00701omega^3,-0.026086*omega**3 + 0.0011*omega**2*theta - 0.043297*omega**2 + 4.0e-6*omega*theta**2 + 0.000456*omega*theta - 0.005575*omega - 2.0e-6*theta**3 + 9.1e-5*theta**2 - 0.001478*theta + 0.006829,2.035661e-04,1.867645e-05
81206,2025-06-03 00:20:00,0.005138,0.009588,0.007692,0.150870,3.415646,2.417582,98.3373,6396,0,1.00000omega,-0.207591 + -0.92547theta + -0.02274omega + -0.02744theta^2 + 0.23091theta omega + -0.00414omega^2 + -0.02955theta^3 + 0.00654theta^2 omega + 0.06158theta omega^2 + -0.00031omega^3,-0.000778*omega**3 + 0.005154*omega**2*theta - 0.023955*omega**2 + 1.8e-5*omega*theta**2 + 0.002066*omega*theta - 0.010235*omega - 3.0e-6*theta**3 + 2.8e-5*theta**2 - 0.001111*theta + 0.003808,2.729194e-04,1.998101e-05
81207,2025-06-03 00:25:00,0.005551,0.015909,0.011914,0.096438,6.033502,4.266875,189.9636,9999,0,1.00000omega,-0.003121 + 0.02834theta + -0.00389omega + 0.00115theta^2 + 0.00057theta omega + -0.00233omega^2 + -0.00496theta^3 + 0.00108theta^2 omega + 0.00026theta omega^2 + -0.00205omega^3,-0.008441*omega**3 + 3.6e-5*omega**2*theta - 0.001293*omega**2 + 5.0e-6*omega*theta**2 - 0.000112*omega*theta + 0.000501*omega - 0.e-6*theta**3 + 2.8e-5*theta**2 - 0.000308*theta + 0.000998,3.097211e-04,1.386517e-05
81208,2025-06-03 00:30:00,0.005019,0.005552,0.005292,0.364349,9.376246,6.635011,152.6742,6420,0,1.00000omega,0.072351 + -0.06955theta + -0.34667omega + -0.18105theta^2 + -0.18442theta omega + 0.55389omega^2 + -0.07200theta^3 + -0.00577theta^2 omega + -0.07521theta omega^2 + -0.00838omega^3,-0.034248*omega**3 - 0.010246*omega**2*theta + 0.282793*omega**2 - 2.6e-5*omega*theta**2 - 0.001868*omega*theta + 0.004264*omega - 1.1e-5*theta**3 + 0.000176*theta**2 - 0.000854*theta + 0.001341,2.618809e-04,1.409409e-05
81209,2025-06-03 00:35:00,0.004541,0.006248,0.005461,0.123752,3.939574,2.787074,149.5568,8868,0,1.00000omega,1.275771 + -0.02488theta + -0.10038omega + -0.24601theta^2 + 0.09740theta omega + 0.01330omega^2 + -0.08266theta^3 + 0.00142theta^2 omega + 0.00287theta omega^2 + -0.06309omega^3,-0.308203*omega**3 + 0.000467*omega**2*theta + 0.000426*omega**2 + 8.0e-6*omega*theta**2 + 0.001147*omega*theta - 0.016336*omega - 1.5e-5*theta**3 + 0.000364*theta**2 - 0.00271*theta + 0.009149,9.822896e-05,1.247712e-05
81210,2025-06-03 00:40:00,0.004509,0.012538,0.009422,nan,nan,nan,102.5535,9999,0,1.00000omega,0.304401 + 0.00812theta + -0.01113omega + 0.00060theta^2 + 0.04283theta omega + 0.01976omega^2 + -0.05300theta^3 + -0.00442theta^2 omega + 0.24051theta omega^2 + -0.01267omega^3,-0.042802*omega**3 + 0.027083*omega**2*theta - 0.197277*omega**2 - 1.7e-5*omega*theta**2 + 0.000729*omega*theta - 0.004918*omega - 7.0e-6*theta**3 + 0.00015*theta**2 - 0.001122*theta + 0.003783,2.706783e-04,1.383986e-05
81211,2025-06-03 00:45:00,0.005120,0.007920,0.006668,2.893676,76.052378,53.816064,125.6190,7779,0,1.00000omega,0.148891 + -0.27482theta + 0.10041omega + 0.00670theta^2 + 0.01265theta omega + 0.39171omega^2 + -0.01071theta^3 + 0.02207theta^2 omega + -0.00959theta omega^2 + -0.00602omega^3,-0.019405*omega**3 - 0.00103*omega**2*theta + 0.117977*omega**2 + 7.9e-5*omega*theta**2 + 0.001737*omega*theta + 0.012833*omega - 1.0e-6*theta**3 - 3.6e-5*theta**2 - 0.000648*theta - 0.003658,2.371599e-04,1.691475e-05
81212,2025-06-03 00:50:00,0.004599,0.004940,0.004773,0.146489,5.927321,4.192529,129.1397,8173,0,1.00000omega,-0.017421 + -0.23660theta + -0.01571omega + -0.00138theta^2 + -0.13015theta omega + -0.06353omega^2 + -0.08838theta^3 + -0.00661theta^2 omega + 0.06311theta omega^2 + -0.02354omega^3,-0.097072*omega**3 + 0.008675*omega**2*theta + 0.050789*omega**2 - 3.0e-5*omega*theta**2 - 0.002128*omega*theta - 0.016532*omega - 1.3e-5*theta**3 - 0.000348*theta**2 - 0.003247*theta - 0.010842,1.147358e-04,1.517974e-05
81213,2025-06-03 00:55:00,0.004992,0.005875,0.005452,0.966509,34.615153,24.486149,86.9801,8492,0,1.00000omega,0.016521 + -0.09251theta + 0.05941omega + 0.22315theta^2 + -0.19450theta omega + 0.00532omega^2 + -0.02918theta^3 + 0.09209theta^2 omega + -0.08266theta omega^2 + 0.01475omega^3,0.03545*omega**3 - 0.006622*omega**2*theta - 0.052781*omega**2 + 0.000246*omega*theta**2 + 0.002197*omega*theta + 0.003464*omega - 3.0e-6*theta**3 + 6.0e-6*theta**2 + 0.000524*theta + 0.002508,1.724586e-04,1.641998e-05
81214,2025-06-03 01:00:00,0.004499,0.008345,0.006704,0.201610,11.349445,8.026536,91.4157,5765,0,1.00000omega,0.060381 + -0.83417theta + -0.06172omega + -0.36661theta^2 + 0.22403theta omega + 0.29131omega^2 + 0.00275theta^3 + 0.01401theta^2 omega + -0.10458theta omega^2 + -0.01651omega^3,-0.050182*omega**3 - 0.010596*omega**2*theta + 0.184839*omega**2 + 4.7e-5*omega*theta**2 + 0.001554*omega*theta - 0.019146*omega - 0.000138*theta**2 + 0.001398*theta - 0.001734,1.487707e-04,1.687589e-05
81215,2025-06-03 01:05:00,0.005596,0.007072,0.006377,nan,nan,nan,114.5063,9396,0,1.00000omega,-0.014711 + -0.22050theta + 0.77920omega + -0.00325theta^2 + -0.03395theta omega + 0.06343omega^2 + -0.00422theta^3 + -0.01025theta^2 omega + -0.03176theta omega^2 + 0.02234omega^3,0.054467*omega**3 - 0.002581*omega**2*theta + 0.026153*omega**2 - 2.8e-5*omega*theta**2 - 0.000149*omega*theta + 0.026711*omega + 3.0e-6*theta**2 - 0.00025*theta + 0.00071,4.115317e-04,2.287157e-05
81216,2025-06-03 01:10:00,0.004538,0.007264,0.006057,nan,nan,nan,90.1414,6221,1,1.00000omega,-0.008721 + -0.05429theta + 0.32731omega + -0.03294theta^2 + 0.51777theta omega + 0.10316omega^2 + -0.06723theta^3 + 0.01917theta^2 omega + 0.02084theta omega^2 + 0.19677omega^3,0.596037*omega**3 + 0.002104*omega**2*theta + 0.018967*omega**2 + 6.5e-5*omega*theta**2 + 0.004637*omega*theta - 0.022309*omega - 8.0e-6*theta**3 + 0.000137*theta**2 - 0.000883*theta + 0.001998,4.750574e-05,1.897754e-05
81217,2025-06-03 01:15:00,0.004428,0.006605,0.005623,0.250928,15.196706,10.747159,78.6700,9132,0,1.00000omega,0.035491 + -0.34446theta + 0.00278omega + 0.06150theta^2 + 0.08495theta omega + -0.05518omega^2 + 0.00095theta^3 + -0.00148theta^2 omega + -0.07852theta omega^2 + 0.01693omega^3,0.046303*omega**3 - 0.007158*omega**2*theta - 0.107802*omega**2 - 4.0e-6*omega*theta**2 + 0.00074*omega*theta + 0.010249*omega + 2.4e-5*theta**2 + 0.000189*theta - 0.001199,7.136106e-05,2.029479e-05
81218,2025-06-03 01:20:00,0.005001,0.005889,0.005463,nan,nan,nan,103.0049,5642,0,1.00000omega,0.110461 + -0.04830theta + 0.04914omega + 0.09378theta^2 + -0.04226theta omega + 0.29631omega^2 + -0.32938theta^3 + 0.07835theta^2 omega + 0.16833theta omega^2 + 0.06018omega^3,0.167379*omega**3 + 0.015606*omega**2*theta + 0.033877*omega**2 + 0.000242*omega*theta**2 - 0.002177*omega*theta + 0.006343*omega - 3.4e-5*theta**3 + 0.000399*theta**2 - 0.00161*theta + 0.002607,2.021353e-04,1.664281e-05
81219,2025-06-03 01:25:00,nan,nan,nan,nan,nan,nan,6621.0283,1159,5,1.00000omega,nan1 + nantheta + nanomega + nantheta^2 + nantheta omega + nanomega^2 + nantheta^3 + nantheta^2 omega + nantheta omega^2 + nanomega^3,N/A,nan,nan
81220,2025-06-03 01:30:00,0.004709,0.009400,0.007434,nan,nan,nan,49.9631,7980,0,1.00000omega,0.041091 + -0.82291theta + -0.01332omega + -0.35144theta^2 + 0.06427theta omega + 0.23908omega^2 + -0.00055theta^3 + 0.00051theta^2 omega + -0.01179theta omega^2 + 0.04077omega^3,0.064543*omega**3 - 0.000622*omega**2*theta + 0.064075*omega**2 + 1.0e-6*omega*theta**2 + 0.000466*omega*theta - 0.007491*omega - 8.8e-5*theta**2 + 0.001704*theta - 0.005665,5.238458e-04,2.326794e-05
81221,2025-06-03 01:35:00,0.005499,0.006090,0.005803,0.090895,2.160272,1.528895,140.8311,6687,0,1.00000omega,-0.126731 + -0.07708theta + -0.19312omega + -0.05142theta^2 + -0.01909theta omega + -0.04252omega^2 + -0.19541theta^3 + -0.07327theta^2 omega + 0.07173theta omega^2 + -0.01485omega^3,-0.047012*omega**3 + 0.007569*omega**2*theta - 0.023955*omega**2 - 0.000258*omega*theta**2 + 0.000484*omega*theta - 0.006623*omega - 2.3e-5*theta**3 + 7.4e-5*theta**2 - 0.000159*theta - 0.000297,1.374691e-04,1.689750e-05
81222,2025-06-03 01:40:00,0.004930,0.006955,0.006028,0.149264,6.962283,4.924209,81.0960,8848,0,1.00000omega,-0.020631 + -0.32469theta + 0.01817omega + 0.23774theta^2 + 0.03818theta omega + -0.04266omega^2 + -0.06704theta^3 + -0.00299theta^2 omega + 0.08026theta omega^2 + -0.03615omega^3,-0.083002*omega**3 + 0.006143*omega**2*theta - 0.017644*omega**2 - 8.0e-6*omega*theta**2 + 0.000367*omega*theta + 0.000264*omega - 6.0e-6*theta**3 + 8.9e-5*theta**2 - 0.000515*theta + 0.000331,7.995437e-05,1.847869e-05
81223,2025-06-03 01:45:00,nan,nan,nan,nan,nan,nan,17722.6543,931,5,1.00000omega,nan1 + nantheta + nanomega + nantheta^2 + nantheta omega + nanomega^2 + nantheta^3 + nantheta^2 omega + nantheta omega^2 + nanomega^3,N/A,nan,nan
81224,2025-06-03 01:50:00,0.004809,0.016100,0.011881,nan,nan,nan,143.4490,9999,0,1.00000omega,-0.115591 + -0.03877theta + 0.12196omega + -0.00202theta^2 + 0.00306theta omega + -0.08656omega^2 + -0.00626theta^3 + 0.00112theta^2 omega + 0.00244theta omega^2 + 0.03056omega^3,0.123421*omega**3 + 0.000328*omega**2*theta - 0.028*omega**2 + 5.0e-6*omega*theta**2 + 0.000152*omega*theta + 0.005152*omega - 0.e-6*theta**3 - 3.3e-5*theta**2 - 0.00043*theta - 0.002355,2.741006e-04,1.979332e-05
81225,2025-06-03 01:55:00,0.004536,0.006871,0.005822,0.125448,4.437113,3.138767,99.6467,6056,0,1.00000omega,-0.012591 + -0.06010theta + -0.32884omega + 0.00163theta^2 + 0.21700theta omega + 0.00888omega^2 + -0.20013theta^3 + -0.04550theta^2 omega + 0.02370theta omega^2 + -0.06933omega^3,-0.22608*omega**3 + 0.002576*omega**2*theta + 0.022961*omega**2 - 0.000165*omega*theta**2 - 0.000179*omega*theta - 0.002386*omega - 2.4e-5*theta**3 - 0.000563*theta**2 - 0.004442*theta - 0.011892,1.016325e-04,2.179357e-05
81226,2025-06-03 02:00:00,0.005909,0.023184,0.016918,0.057584,0.855053,0.605983,173.4201,9999,0,1.00000omega,0.428171 + -0.02350theta + -0.03794omega + -0.00970theta^2 + -0.00204theta omega + -0.07480omega^2 + -0.01603theta^3 + -0.01235theta^2 omega + -0.00154theta omega^2 + -0.14993omega^3,-0.492809*omega**3 - 0.000169*omega**2*theta - 0.021135*omega**2 - 4.5e-5*omega*theta**2 + 0.001915*omega*theta - 0.021589*omega - 2.0e-6*theta**3 + 0.000122*theta**2 - 0.002574*theta + 0.019689,4.936560e-04,1.470994e-05
81227,2025-06-03 02:05:00,0.005596,0.021120,0.015449,0.060477,1.271108,0.899826,93.6779,9999,1,1.00000omega,0.024791 + -0.07450theta + -0.01469omega + 0.00700theta^2 + -0.02270theta omega + -0.08921omega^2 + -0.04491theta^3 + -0.00040theta^2 omega + 0.04180theta omega^2 + -0.23387omega^3,-0.465338*omega**3 + 0.002772*omega**2*theta + 0.021368*omega**2 - 0.e-6*omega*theta**2 - 0.000223*omega*theta - 0.003833*omega - 3.0e-6*theta**3 - 0.000157*theta**2 - 0.002559*theta - 0.014247,5.312414e-04,1.830316e-05
81228,2025-06-03 02:10:00,0.004794,0.014809,0.011007,0.081302,7.635328,5.399298,177.3509,9999,0,1.00000omega,-0.397281 + -0.06014theta + -0.23582omega + -0.00718theta^2 + -0.00660theta omega + 0.00100omega^2 + -0.00109theta^3 + 0.00226theta^2 omega + -0.00150theta omega^2 + -0.00051omega^3,-0.002579*omega**3 - 0.000253*omega**2*theta + 0.004374*omega**2 + 1.3e-5*omega*theta**2 - 0.000488*omega*theta - 0.003325*omega + 6.0e-6*theta**2 - 0.000115*theta - 4.6e-5,2.760201e-04,1.233354e-05
81229,2025-06-03 02:15:00,0.006691,0.042768,0.030610,0.155457,7.438214,5.260760,84.2214,9999,0,1.00000omega,-0.034911 + -0.01606theta + 0.04224omega + -0.00060theta^2 + 0.00310theta omega + -0.00056omega^2 + -0.00001theta^3 + 0.00000theta^2 omega + -0.00255theta omega^2 + -0.00147omega^3,-0.001829*omega**3 - 0.000106*omega**2*theta - 0.001175*omega**2 + 2.1e-5*omega*theta + 0.001619*omega - 2.1e-5*theta - 0.000384,1.000072e-03,2.521011e-05
81230,2025-06-03 02:20:00,0.006743,0.032282,0.023319,0.140397,12.717492,8.993173,105.2129,9999,0,1.00000omega,0.005081 + -0.00380theta + -0.01582omega + 0.00045theta^2 + 0.00015theta omega + 0.02614omega^2 + 0.00006theta^3 + 0.00008theta^2 omega + 0.00021theta omega^2 + -0.00288omega^3,-0.004383*omega**3 + 1.1e-5*omega**2*theta + 0.006252*omega**2 + 1.0e-5*omega*theta - 0.00033*omega + 1.5e-5*theta + 0.000148,8.032296e-04,2.637529e-05
81231,2025-06-03 02:25:00,0.004596,0.007512,0.006227,0.098587,4.780556,3.381082,93.7362,6775,0,1.00000omega,-0.018751 + -0.62306theta + -0.14116omega + 0.07103theta^2 + -0.02791theta omega + -0.03317omega^2 + 0.04491theta^3 + 0.02687theta^2 omega + -0.00072theta omega^2 + 0.01530omega^3,0.04543*omega**3 - 7.1e-5*omega**2*theta - 0.010972*omega**2 + 8.9e-5*omega*theta**2 + 0.001043*omega*theta - 0.00188*omega + 5.0e-6*theta**3 + 0.000136*theta**2 + 0.000523*theta - 0.001761,2.155707e-04,2.194450e-05
81232,2025-06-03 02:30:00,nan,nan,nan,nan,nan,nan,102050.7578,1227,5,1.00000omega,nan1 + nantheta + nanomega + nantheta^2 + nantheta omega + nanomega^2 + nantheta^3 + nantheta^2 omega + nantheta omega^2 + nanomega^3,N/A,nan,nan
81233,2025-06-03 02:35:00,nan,nan,nan,nan,nan,nan,56680.0664,1154,5,1.00000omega,nan1 + nantheta + nanomega + nantheta^2 + nantheta omega + nanomega^2 + nantheta^3 + nantheta^2 omega + nantheta omega^2 + nanomega^3,N/A,nan,nan
81234,2025-06-03 02:40:00,0.006616,0.026235,0.019131,0.076532,5.972943,4.223855,380.7675,9999,0,1.00000omega,0.015521 + 0.00251theta + 0.00042omega + -0.00003theta^2 + -0.00108theta omega + -0.00175omega^2 + 0.00000theta^3 + -0.00003theta^2 omega + 0.00016theta omega^2 + 0.00084omega^3,0.004762*omega**3 + 3.0e-5*omega**2*theta - 0.000131*omega**2 - 2.4e-5*omega*theta - 0.000394*omega + 2.0e-6*theta + 9.1e-5,4.812581e-04,1.461138e-05
81235,2025-06-03 02:45:00,0.005490,0.007078,0.006334,0.200678,13.458996,9.518005,104.1272,6426,0,1.00000omega,0.124481 + -0.62590theta + 0.01807omega + 0.07599theta^2 + -0.02342theta omega + 0.02650omega^2 + -0.00024theta^3 + -0.00260theta^2 omega + 0.00794theta omega^2 + -0.00073omega^3,-0.001704*omega**3 + 0.000618*omega**2*theta + 0.017603*omega**2 - 7.0e-6*omega*theta**2 - 0.000441*omega*theta - 0.004841*omega + 2.3e-5*theta**2 + 6.6e-5*theta - 0.004659,1.693710e-04,2.175048e-05
81236,2025-06-03 02:50:00,0.004829,0.006837,0.005919,0.115146,12.553034,8.876709,157.6816,7947,0,1.00000omega,-0.009481 + -0.05630theta + -0.01491omega + 0.00557theta^2 + -0.00662theta omega + 0.04132omega^2 + -0.00047theta^3 + -0.00064theta^2 omega + 0.00003theta omega^2 + 0.00503omega^3,0.022689*omega**3 + 5.0e-6*omega**2*theta + 0.015991*omega**2 - 3.0e-6*omega*theta**2 - 4.1e-5*omega*theta - 5.9e-5*omega + 4.0e-6*theta**2 - 0.000107*theta + 0.000544,1.082969e-04,2.179546e-05
81237,2025-06-03 02:55:00,0.005976,0.006191,0.006084,nan,nan,nan,110.5771,7761,0,1.00000omega,-0.168461 + -0.03715theta + 0.04642omega + -0.14494theta^2 + 0.06616theta omega + 0.09129omega^2 + -0.13570theta^3 + 0.00488theta^2 omega + 0.47089theta omega^2 + 0.05732omega^3,0.121391*omega**3 + 0.033241*omega**2*theta + 0.313758*omega**2 + 1.1e-5*omega*theta**2 + 0.000786*omega*theta + 0.007521*omega - 1.1e-5*theta**3 - 0.000321*theta**2 - 0.003209*theta - 0.01134,2.000604e-04,1.877589e-05
81238,2025-06-03 03:00:00,0.007811,0.043137,0.030999,0.089070,6.283758,4.443734,110.6989,9999,0,1.00000omega,-0.031431 + -0.12681theta + 0.02485omega + -0.00292theta^2 + -0.00370theta omega + -0.00651omega^2 + -0.00385theta^3 + -0.00080theta^2 omega + 0.00563theta omega^2 + 0.02138omega^3,0.025413*omega**3 + 0.000223*omega**2*theta - 0.001609*omega**2 - 1.0e-6*omega*theta**2 - 2.2e-5*omega*theta + 0.000861*omega - 0.00014*theta + 2.2e-5,1.178079e-03,2.441089e-05
81239,2025-06-03 03:05:00,nan,nan,nan,nan,nan,nan,41302.3555,736,5,1.00000omega,nan1 + nantheta + nanomega + nantheta^2 + nantheta omega + nanomega^2 + nantheta^3 + nantheta^2 omega + nantheta omega^2 + nanomega^3,N/A,nan,nan
81240,2025-06-03 03:10:00,0.005338,0.006862,0.006147,0.162805,8.051177,5.694206,92.6937,6848,0,1.00000omega,0.024501 + 0.02464theta + -0.06346omega + -0.07174theta^2 + 0.00972theta omega + 0.05801omega^2 + -0.11567theta^3 + 0.00817theta^2 omega + 0.20556theta omega^2 + -0.00317omega^3,-0.00692*omega**3 + 0.014958*omega**2*theta + 0.101359*omega**2 + 2.0e-5*omega*theta**2 + 0.000315*omega*theta - 0.000964*omega - 9.0e-6*theta**3 - 0.000182*theta**2 - 0.00114*theta - 0.002208,3.064426e-04,2.621443e-05
81241,2025-06-03 03:15:00,0.006112,0.031779,0.022883,0.214659,6.074268,4.297838,47.1535,9999,0,1.00000omega,-0.500061 + -0.12726theta + -0.05396omega + 0.16387theta^2 + -0.35590theta omega + -0.06032omega^2 + -0.11840theta^3 + 0.02088theta^2 omega + 0.04340theta omega^2 + -0.09510omega^3,-0.082767*omega**3 + 0.001259*omega**2*theta + 0.015562*omega**2 + 2.0e-5*omega*theta**2 - 0.001192*omega*theta - 0.03476*omega - 4.0e-6*theta**3 - 0.000204*theta**2 - 0.00369*theta - 0.026083,9.968400e-04,2.621938e-05
81242,2025-06-03 03:20:00,0.004844,0.017576,0.012892,0.124314,4.673732,3.305997,109.1518,8480,0,1.00000omega,-0.019521 + -0.13005theta + -0.07056omega + 0.00326theta^2 + 0.03087theta omega + -0.00191omega^2 + -0.00961theta^3 + -0.00138theta^2 omega + 0.00150theta omega^2 + -0.03391omega^3,-0.10523*omega**3 + 0.000155*omega**2*theta + 0.001814*omega**2 - 5.0e-6*omega*theta**2 + 0.000182*omega*theta + 0.001662*omega - 1.0e-6*theta**3 - 5.1e-5*theta**2 - 0.000919*theta - 0.006276,3.243203e-04,1.768243e-05
81243,2025-06-03 03:25:00,0.006047,0.011832,0.009396,0.176588,7.494375,5.300794,106.4828,9999,0,1.00000omega,-0.017501 + -0.20522theta + 0.08987omega + -0.01686theta^2 + 0.00776theta omega + -0.01842omega^2 + -0.00070theta^3 + 0.00151theta^2 omega + -0.00096theta omega^2 + 0.00882omega^3,0.017499*omega**3 - 6.3e-5*omega**2*theta - 0.005107*omega**2 + 3.0e-6*omega*theta**2 + 0.000105*omega*theta + 0.003497*omega - 6.0e-6*theta**2 - 0.000289*theta - 0.00158,2.761133e-04,1.824905e-05
81244,2025-06-03 03:30:00,nan,nan,nan,nan,nan,nan,7757.7261,859,5,1.00000omega,nan1 + nantheta + nanomega + nantheta^2 + nantheta omega + nanomega^2 + nantheta^3 + nantheta^2 omega + nantheta omega^2 + nanomega^3,N/A,nan,nan
81245,2025-06-03 03:35:00,0.018748,0.079714,0.057904,0.093138,5.509053,3.896046,2396.2991,9999,0,1.00000omega,0.003531 + -0.00128theta + -0.00389omega + -0.00038theta^2 + 0.00019theta omega + 0.00332omega^2 + -0.00004theta^3 + 0.00003theta^2 omega + -0.00011theta omega^2 + -0.00059omega^3,-0.00263*omega**3 - 1.6e-5*omega**2*theta + 0.000729*omega**2 + 1.2e-5*omega*theta + 0.000121*omega - 0.e-6*theta**2 - 3.5e-5*theta - 0.000475,5.635277e-04,7.879684e-06
81246,2025-06-03 03:40:00,0.005609,0.032780,0.023516,nan,nan,nan,333.5141,9999,0,1.00000omega,0.022101 + -0.05731theta + 0.28839omega + 0.04365theta^2 + 0.00140theta omega + -0.01804omega^2 + -0.00090theta^3 + -0.00064theta^2 omega + -0.00082theta omega^2 + 0.02203omega^3,0.150322*omega**3 - 0.000187*omega**2*theta - 0.012258*omega**2 - 5.0e-6*omega*theta**2 - 0.000168*omega*theta + 0.008186*omega + 1.0e-5*theta**2 + 0.000581*theta + 0.005974,3.612570e-04,1.124394e-05
81247,2025-06-03 03:45:00,0.005530,0.006851,0.006225,0.131108,4.268979,3.020047,104.5625,7029,0,1.00000omega,0.086931 + -0.25190theta + 0.00124omega + -0.10229theta^2 + -0.18209theta omega + 0.06617omega^2 + -0.02275theta^3 + -0.04193theta^2 omega + -0.04518theta omega^2 + 0.00865omega^3,0.020097*omega**3 - 0.003499*omega**2*theta + 0.019778*omega**2 - 0.000108*omega*theta**2 - 0.001605*omega*theta + 0.000683*omega - 2.0e-6*theta**3 - 2.9e-5*theta**2 - 0.000256*theta + 0.000451,1.476439e-04,2.060469e-05
81248,2025-06-03 03:50:00,0.006080,0.019111,0.014181,0.054825,1.634146,1.156166,179.2635,9999,0,1.00000omega,0.048771 + -0.17473theta + -0.58170omega + 0.00973theta^2 + 0.11470theta omega + -0.02704omega^2 + 0.00036theta^3 + -0.00072theta^2 omega + -0.01245theta omega^2 + 0.00917omega^3,0.029173*omega**3 - 0.00132*omega**2*theta - 0.032415*omega**2 - 3.0e-6*omega*theta**2 + 0.001154*omega*theta + 0.002061*omega + 6.0e-6*theta**2 - 2.8e-5*theta - 0.001937,4.442773e-04,1.844082e-05
81249,2025-06-03 03:55:00,0.005943,0.012936,0.010067,nan,nan,nan,132.4082,9190,0,1.00000omega,-0.033671 + -0.12539theta + 0.08855omega + -0.00706theta^2 + 0.01903theta omega + -0.09666omega^2 + -0.00109theta^3 + 0.00174theta^2 omega + -0.00532theta omega^2 + 0.01712omega^3,0.0435*omega**3 - 0.000451*omega**2*theta - 0.032371*omega**2 + 5.0e-6*omega*theta**2 + 0.000277*omega*theta + 0.005124*omega - 5.0e-6*theta**2 - 0.00021*theta - 0.001727,3.387537e-04,1.539653e-05
81250,2025-06-03 04:00:00,0.004717,0.009990,0.007812,nan,nan,nan,58.3073,7100,0,1.00000omega,0.117181 + -0.22226theta + 0.04134omega + 0.01112theta^2 + -0.32676theta omega + -0.01048omega^2 + -0.00572theta^3 + -0.00842theta^2 omega + 0.02661theta omega^2 + 0.01117omega^3,0.020529*omega**3 + 0.00163*omega**2*theta + 0.004683*omega**2 - 1.7e-5*omega*theta**2 - 0.002849*omega*theta - 0.010998*omega - 2.0e-6*theta**2 - 0.000243*theta - 0.00055,1.422653e-04,2.252118e-05
81251,2025-06-03 04:05:00,0.007039,0.047583,0.034013,0.071503,4.293726,3.036544,229.0072,9999,0,1.00000omega,-0.032371 + -0.08118theta + 0.05800omega + -0.01816theta^2 + 0.00948theta omega + -0.01892omega^2 + -0.00067theta^3 + 0.00065theta^2 omega + -0.00248theta omega^2 + 0.02841omega^3,0.083313*omega**3 - 0.000242*omega**2*theta - 0.007803*omega**2 + 2.0e-6*omega*theta**2 + 0.000132*omega*theta + 0.002831*omega - 8.0e-6*theta**2 - 0.000202*theta - 0.001234,8.787818e-04,1.298885e-05
81252,2025-06-03 04:10:00,0.007085,0.057779,0.041162,0.100761,6.815447,4.819775,91.7792,9999,0,1.00000omega,0.077281 + -0.01517theta + 0.06963omega + 0.03892theta^2 + -0.01314theta omega + 0.01716omega^2 + -0.00044theta^3 + 0.00487theta^2 omega + -0.13883theta omega^2 + 0.00811omega^3,0.00939*omega**3 - 0.005358*omega**2*theta + 0.060866*omega**2 + 6.0e-6*omega*theta**2 - 0.000221*omega*theta + 0.003966*omega + 9.0e-6*theta**2 - 0.000206*theta + 0.00162,1.163274e-03,3.114319e-05
81253,2025-06-03 04:15:00,0.005895,0.034828,0.024978,0.080853,3.144554,2.224270,196.5502,9999,0,1.00000omega,-0.080531 + -0.00577theta + -0.08761omega + -0.02496theta^2 + 0.00218theta omega + -0.00487omega^2 + -0.00455theta^3 + 0.00038theta^2 omega + 0.00176theta omega^2 + 0.00296omega^3,0.010793*omega**3 + 0.000214*omega**2*theta - 0.007106*omega**2 + 2.0e-6*omega*theta**2 - 5.3e-5*omega*theta - 0.002577*omega - 0.e-6*theta**3 + 3.7e-5*theta**2 - 0.000696*theta + 0.003655,6.116399e-04,1.432282e-05
81254,2025-06-03 04:20:00,0.004705,0.006295,0.005557,nan,nan,nan,91.2242,9287,0,1.00000omega,0.068051 + -0.37829theta + 0.56838omega + 0.07960theta^2 + -0.02627theta omega + 0.01715omega^2 + -0.00244theta^3 + 0.00682theta^2 omega + -0.06489theta omega^2 + 0.02917omega^3,0.079489*omega**3 - 0.005894*omega**2*theta - 0.060997*omega**2 + 2.1e-5*omega*theta**2 + 0.0002*omega*theta + 0.018586*omega + 1.8e-5*theta**2 + 8.5e-5*theta - 0.001457,3.393954e-04,2.704494e-05
81255,2025-06-03 04:25:00,0.004776,0.005539,0.005172,0.082647,2.430177,1.719388,84.5065,8732,0,1.00000omega,-0.190091 + -0.22208theta + -0.08788omega + 0.34394theta^2 + -0.06178theta omega + -0.57701omega^2 + -0.17652theta^3 + 0.00359theta^2 omega + 0.02824theta omega^2 + -0.37566omega^3,-0.948418*omega**3 + 0.002377*omega**2*theta - 0.151653*omega**2 + 1.0e-5*omega*theta**2 - 0.000464*omega*theta - 0.006443*omega - 1.7e-5*theta**3 - 0.000217*theta**2 - 0.000949*theta - 0.002293,1.785446e-04,1.635837e-05
81256,2025-06-03 04:30:00,0.004687,0.013459,0.010078,nan,nan,nan,32.2776,9999,0,1.00000omega,0.013111 + -0.57093theta + -0.06973omega + 0.15264theta^2 + 0.39617theta omega + -0.00143omega^2 + -0.14402theta^3 + -0.19379theta^2 omega + 0.64450theta omega^2 + 0.67589omega^3,0.739196*omega**3 + 0.023496*omega**2*theta + 0.154637*omega**2 - 0.000235*omega*theta**2 - 0.000584*omega*theta + 0.004063*omega - 6.0e-6*theta**3 - 8.3e-5*theta**2 - 0.000968*theta - 0.00437,4.127071e-04,2.428478e-05
81257,2025-06-03 04:35:00,0.012974,0.089484,0.063936,0.097373,6.233185,4.408065,209.4274,9999,0,1.00000omega,-0.005261 + -0.20501theta + 0.01495omega + -0.14614theta^2 + 0.12637theta omega + -0.00181omega^2 + -0.00210theta^3 + 0.00093theta^2 omega + -0.01503theta omega^2 + 0.01052omega^3,0.00853*omega**3 - 0.000406*omega**2*theta + 0.0055*omega**2 + 1.0e-6*omega*theta**2 + 0.000669*omega*theta - 0.009214*omega - 2.4e-5*theta**2 + 0.000496*theta - 0.002038,7.489140e-04,9.343020e-06
81258,2025-06-03 04:40:00,0.008478,0.036873,0.026753,0.101877,7.727439,5.464600,210.0398,9999,0,1.00000omega,0.087871 + -0.08029theta + -0.03689omega + 0.00053theta^2 + -0.00090theta omega + 0.00606omega^2 + -0.00006theta^3 + 0.00047theta^2 omega + -0.00111theta omega^2 + -0.00236omega^3,-0.00456*omega**3 - 7.1e-5*omega**2*theta - 0.0008*omega**2 + 1.0e-6*omega*theta**2 + 5.8e-5*omega*theta - 0.0004*omega - 9.3e-5*theta - 0.002523,6.878618e-04,1.195026e-05
81259,2025-06-03 04:45:00,0.007263,0.007628,0.007448,nan,nan,nan,135.6281,7020,0,1.00000omega,0.233301 + -1.13571theta + 0.01682omega + -0.07137theta^2 + 0.10126theta omega + -0.10395omega^2 + -0.02498theta^3 + 0.28162theta^2 omega + 0.09346theta omega^2 + -0.03454omega^3,-0.060001*omega**3 + 0.005412*omega**2*theta - 0.05829*omega**2 + 0.000544*omega*theta**2 - 0.005873*omega*theta + 0.016118*omega - 2.0e-6*theta**3 + 1.1e-5*theta**2 - 0.00121*theta + 0.008489,2.640744e-04,2.213652e-05
81260,2025-06-03 04:50:00,0.004519,0.005733,0.005162,0.083746,2.326899,1.646432,65.7288,6065,0,1.00000omega,-0.004371 + -0.09056theta + 0.02097omega + 0.17192theta^2 + 0.06657theta omega + -0.01229omega^2 + -0.13003theta^3 + -0.14772theta^2 omega + -0.01214theta omega^2 + 0.00945omega^3,0.020966*omega**3 - 0.000898*omega**2*theta - 0.008724*omega**2 - 0.000364*omega*theta**2 - 0.003763*omega*theta - 0.008771*omega - 1.1e-5*theta**3 - 0.00014*theta**2 - 0.00063*theta - 0.001056,1.915180e-04,2.225239e-05
81261,2025-06-03 04:55:00,0.009752,0.044863,0.032464,0.045678,1.416649,1.002243,1325.8765,9999,0,1.00000omega,-0.031441 + -0.00863theta + -0.01851omega + -0.00448theta^2 + -0.00091theta omega + 0.00867omega^2 + -0.00051theta^3 + 0.00006theta^2 omega + 0.00181theta omega^2 + -0.00095omega^3,-0.008616*omega**3 + 0.000547*omega**2*theta + 0.019894*omega**2 + 1.0e-6*omega*theta**2 + 1.7e-5*omega*theta - 0.000616*omega - 1.7e-5*theta**2 - 0.000554*theta - 0.00604,4.037127e-04,6.725068e-06
81262,2025-06-03 05:00:00,0.004990,0.007246,0.006221,0.542438,8.525366,6.040534,55.7098,7490,0,1.00000omega,0.125671 + 0.23321theta + 0.02270omega + -0.06045theta^2 + -0.13544theta omega + 0.00143omega^2 + -0.67680theta^3 + 0.33568theta^2 omega + 0.10808theta omega^2 + -0.01117omega^3,-0.017473*omega**3 + 0.005636*omega**2*theta + 0.030126*omega**2 + 0.000583*omega*theta**2 + 0.005139*omega*theta + 0.011619*omega - 3.9e-5*theta**3 - 0.000637*theta**2 - 0.003192*theta - 0.004244,4.137823e-04,2.020699e-05
81263,2025-06-03 05:05:00,0.004610,0.007488,0.006218,0.234267,18.255995,12.910001,113.9488,9999,0,1.00000omega,0.068201 + 0.00671theta + 0.03085omega + -0.00530theta^2 + 0.00039theta omega + 0.02034omega^2 + 0.00038theta^3 + -0.00118theta^2 omega + -0.11746theta omega^2 + 0.00225omega^3,0.007875*omega**3 - 0.013704*omega**2*theta + 0.234686*omega**2 - 5.0e-6*omega*theta**2 + 0.000157*omega*theta - 0.000313*omega - 4.0e-6*theta**2 + 0.000115*theta - 0.000684,3.402174e-04,2.372503e-05
81264,2025-06-03 05:10:00,0.004280,0.006831,0.005700,0.121369,4.123220,2.916820,49.6431,6878,0,1.00000omega,-0.006761 + -0.03210theta + 0.04851omega + 0.00335theta^2 + 0.00046theta omega + -0.01088omega^2 + -0.14652theta^3 + 0.41811theta^2 omega + -0.01100theta omega^2 + -0.61036omega^3,-1.179721*omega**3 - 0.000709*omega**2*theta - 0.006281*omega**2 + 0.000898*omega*theta**2 + 0.008922*omega*theta + 0.023778*omega - 1.0e-5*theta**3 - 0.000155*theta**2 - 0.000802*theta - 0.001468,1.137968e-04,1.966341e-05
81265,2025-06-03 05:15:00,0.006586,0.035769,0.025718,0.124127,5.536842,3.916122,64.5174,9999,0,1.00000omega,-0.191761 + -0.18690theta + 0.12222omega + -0.00550theta^2 + 0.02985theta omega + 0.00539omega^2 + -0.00196theta^3 + -0.00094theta^2 omega + -0.01006theta omega^2 + -0.00204omega^3,-0.002054*omega**3 - 0.000338*omega**2*theta + 0.001765*omega**2 - 1.0e-6*omega*theta**2 + 0.000187*omega*theta + 0.003649*omega - 0.e-6*theta**2 - 0.000204*theta - 0.00069,7.156070e-04,2.494434e-05
81266,2025-06-03 05:20:00,0.007746,0.038995,0.028112,0.076629,3.568324,2.523768,424.5722,9999,0,1.00000omega,0.006191 + -0.00253theta + -0.00831omega + 0.00345theta^2 + 0.00545theta omega + 0.00514omega^2 + 0.00001theta^3 + -0.00131theta^2 omega + -0.00242theta omega^2 + 0.00030omega^3,0.001371*omega**3 - 0.000369*omega**2*theta - 0.007438*omega**2 - 7.0e-6*omega*theta**2 - 0.00027*omega*theta - 0.002825*omega + 2.0e-6*theta**2 + 7.7e-5*theta + 0.000956,6.043149e-04,1.287705e-05
81267,2025-06-03 05:25:00,0.005872,0.009888,0.008131,nan,nan,nan,55.4464,9993,0,1.00000omega,-0.010231 + -0.11322theta + -0.09939omega + 0.48794theta^2 + -0.44840theta omega + -0.15671omega^2 + -0.64228theta^3 + 1.13243theta^2 omega + 0.27421theta omega^2 + -0.31221omega^3,-0.352152*omega**3 + 0.01031*omega**2*theta - 0.124004*omega**2 + 0.001419*omega*theta**2 - 0.028673*omega*theta + 0.140029*omega - 2.7e-5*theta**3 + 0.000836*theta**2 - 0.008672*theta + 0.029842,2.905471e-04,3.084522e-05
81268,2025-06-03 05:30:00,nan,nan,nan,nan,nan,nan,20184.5371,976,5,1.00000omega,nan1 + nantheta + nanomega + nantheta^2 + nantheta omega + nanomega^2 + nantheta^3 + nantheta^2 omega + nantheta omega^2 + nanomega^3,N/A,nan,nan
81269,2025-06-03 05:35:00,nan,nan,nan,nan,nan,nan,5992.1274,1183,5,1.00000omega,nan1 + nantheta + nanomega + nantheta^2 + nantheta omega + nanomega^2 + nantheta^3 + nantheta^2 omega + nantheta omega^2 + nanomega^3,N/A,nan,nan
81270,2025-06-03 05:40:00,0.005873,0.011062,0.008856,0.215931,6.158382,4.357310,58.4615,8680,0,1.00000omega,0.012161 + -0.26037theta + 0.01658omega + -0.01577theta^2 + -0.19930theta omega + -0.00960omega^2 + -0.19199theta^3 + -0.22491theta^2 omega + -0.01944theta omega^2 + 0.02438omega^3,0.028274*omega**3 - 0.000751*omega**2*theta + 0.005284*omega**2 - 0.00029*omega*theta**2 + 0.004225*omega*theta - 0.013374*omega - 8.0e-6*theta**3 + 0.000233*theta**2 - 0.002476*theta + 0.009682,5.593256e-04,3.736941e-05
81271,2025-06-03 05:45:00,0.005090,0.015383,0.011457,0.111778,3.361523,2.378269,78.1333,7367,0,1.00000omega,-0.051221 + -0.09401theta + -0.03927omega + 0.08595theta^2 + 0.00329theta omega + -0.01718omega^2 + -0.02861theta^3 + 0.01270theta^2 omega + 0.00090theta omega^2 + 0.01568omega^3,0.031741*omega**3 + 6.1e-5*omega**2*theta - 0.003581*omega**2 + 2.9e-5*omega*theta**2 + 0.000858*omega*theta + 0.00512*omega - 2.0e-6*theta**3 - 6.9e-5*theta**2 - 0.00074*theta - 0.003066,2.412801e-04,2.615600e-05
81272,2025-06-03 05:50:00,0.005405,0.006766,0.006124,nan,nan,nan,109.1037,7612,0,1.00000omega,-0.161221 + -0.10980theta + -0.07852omega + -0.07785theta^2 + 0.65308theta omega + 0.00542omega^2 + -0.01580theta^3 + 0.43794theta^2 omega + -0.19551theta omega^2 + -0.19862omega^3,-0.504857*omega**3 - 0.016565*omega**2*theta + 0.170803*omega**2 + 0.001237*omega*theta**2 - 0.018934*omega*theta + 0.06173*omega - 1.0e-6*theta**3 + 2.0e-5*theta**2 - 7.3e-5*theta - 0.000411,1.586171e-04,1.908968e-05
81273,2025-06-03 05:55:00,0.012047,0.070094,0.050291,0.043885,1.104782,0.781815,455.6353,9999,0,1.00000omega,0.057931 + -0.04843theta + -0.01495omega + 0.00580theta^2 + 0.01319theta omega + -0.00422omega^2 + -0.00132theta^3 + -0.00049theta^2 omega + -0.00053theta omega^2 + -0.00097omega^3,-0.001964*omega**3 - 3.6e-5*omega**2*theta - 0.002216*omega**2 - 1.0e-6*omega*theta**2 + 4.5e-5*omega*theta + 0.001996*omega - 8.0e-6*theta**2 - 0.00024*theta - 0.002828,1.176037e-03,1.276855e-05
81274,2025-06-03 06:00:00,0.028278,0.120576,0.087573,0.100878,3.300931,2.335201,1935.0770,3156,5,1.00000omega,-0.022221 + -0.04382theta + -0.00489omega + -0.00967theta^2 + -0.03476theta omega + 0.00382omega^2 + -0.00034theta^3 + -0.00186theta^2 omega + -0.01173theta omega^2 + -0.00047omega^3,-0.000744*omega**3 - 0.000619*omega**2*theta + 0.018611*omega**2 - 3.0e-6*omega*theta**2 - 7.9e-5*omega*theta + 0.004778*omega - 0.e-6*theta**2 + 4.4e-5*theta - 0.00027,1.092878e-03,1.039670e-05
81275,2025-06-03 06:05:00,0.004594,0.021472,0.015527,0.077000,2.841736,2.010148,90.9050,9999,0,1.00000omega,-0.051691 + -0.01366theta + -0.00803omega + -0.00044theta^2 + -0.00350theta omega + 0.04325omega^2 + -0.00812theta^3 + -0.00014theta^2 omega + 0.00504theta omega^2 + -0.03476omega^3,-0.099937*omega**3 + 0.000483*omega**2*theta + 0.024991*omega**2 - 5.8e-5*omega*theta - 0.001393*omega - 0.e-6*theta**3 - 6.2e-5*theta**2 - 0.001519*theta - 0.01262,4.159213e-04,1.417185e-05
81276,2025-06-03 06:10:00,0.005380,0.006195,0.005802,nan,nan,nan,77.3756,6383,0,1.00000omega,-0.168151 + -0.05472theta + 0.05325omega + -0.20558theta^2 + 0.02291theta omega + -0.08418omega^2 + -0.38465theta^3 + 0.17125theta^2 omega + 0.31077theta omega^2 + -0.05371omega^3,-0.09848*omega**3 + 0.018994*omega**2*theta - 0.178054*omega**2 + 0.000349*omega*theta**2 - 0.005588*omega*theta + 0.024123*omega - 2.6e-5*theta**3 + 0.000592*theta**2 - 0.004497*theta + 0.010698,2.635849e-04,2.705823e-05
81277,2025-06-03 06:15:00,nan,nan,nan,nan,nan,nan,53882.4102,1199,5,1.00000omega,nan1 + nantheta + nanomega + nantheta^2 + nantheta omega + nanomega^2 + nantheta^3 + nantheta^2 omega + nantheta omega^2 + nanomega^3,N/A,nan,nan
81278,2025-06-03 06:20:00,0.005969,0.008246,0.007198,0.081398,5.023887,3.552891,335.9434,9785,0,1.00000omega,-0.099541 + -0.01339theta + 0.00439omega + -0.00003theta^2 + 0.00123theta omega + -0.00342omega^2 + -0.00059theta^3 + 0.00035theta^2 omega + -0.00052theta omega^2 + -0.00223omega^3,-0.013904*omega**3 - 0.000108*omega**2*theta - 0.003288*omega**2 + 2.0e-6*omega*theta**2 + 9.6e-5*omega*theta + 0.001066*omega - 7.0e-6*theta**2 - 0.00012*theta - 0.001042,1.610075e-04,1.311739e-05
81279,2025-06-03 06:25:00,nan,nan,nan,nan,nan,nan,28699.3047,1055,5,1.00000omega,nan1 + nantheta + nanomega + nantheta^2 + nantheta omega + nanomega^2 + nantheta^3 + nantheta^2 omega + nantheta omega^2 + nanomega^3,N/A,nan,nan
81280,2025-06-03 06:30:00,0.005165,0.017856,0.013143,0.236419,11.250841,7.957302,87.2114,9999,0,1.00000omega,0.053011 + -0.09049theta + 0.31403omega + -0.07942theta^2 + 0.00003theta omega + 0.00839omega^2 + -0.02016theta^3 + -0.01542theta^2 omega + -0.00401theta omega^2 + 0.04370omega^3,0.098251*omega**3 - 0.000301*omega**2*theta + 0.000776*omega**2 - 3.9e-5*omega*theta**2 - 0.00039*omega*theta + 0.009483*omega - 2.0e-6*theta**3 - 5.0e-5*theta**2 - 0.000474*theta - 0.001129,2.925766e-04,1.503790e-05
81281,2025-06-03 06:35:00,nan,nan,nan,nan,nan,nan,169.5176,2386,5,1.00000omega,nan1 + nantheta + nanomega + nantheta^2 + nantheta omega + nanomega^2 + nantheta^3 + nantheta^2 omega + nantheta omega^2 + nanomega^3,N/A,nan,nan
81282,2025-06-03 06:40:00,0.004451,0.005100,0.004787,0.966490,12.852094,9.113463,94.6809,7331,0,1.00000omega,0.289671 + -0.14062theta + 0.07896omega + -0.42587theta^2 + -0.04845theta omega + 0.05663omega^2 + -0.08600theta^3 + 0.03441theta^2 omega + -0.19691theta omega^2 + 0.00085omega^3,0.002721*omega**3 - 0.021008*omega**2*theta + 0.189081*omega**2 + 0.000122*omega*theta**2 - 0.002515*omega*theta + 0.014984*omega - 1.0e-5*theta**3 + 9.4e-5*theta**2 + 0.000337*theta - 0.002479,2.275229e-04,1.826427e-05
81283,2025-06-03 06:45:00,0.004825,0.009382,0.007460,0.089449,2.277116,1.611406,116.1826,7325,0,1.00000omega,-0.294551 + -0.92868theta + -0.04702omega + 0.01641theta^2 + -0.04932theta omega + -0.20054omega^2 + -0.01356theta^3 + -0.04861theta^2 omega + 0.02314theta omega^2 + -0.34431omega^3,-1.14599*omega**3 + 0.002567*omega**2*theta - 0.040571*omega**2 - 0.00018*omega*theta**2 - 0.00422*omega*theta - 0.025921*omega - 2.0e-6*theta**3 - 4.5e-5*theta**2 - 0.001431*theta - 0.012672,2.903888e-04,1.748370e-05
81284,2025-06-03 06:50:00,0.005100,0.010203,0.008066,0.175213,7.439773,5.262173,149.2112,9545,0,1.00000omega,0.156041 + -0.18921theta + -0.01493omega + -0.00242theta^2 + 0.01607theta omega + 0.02495omega^2 + -0.01366theta^3 + -0.01176theta^2 omega + 0.00844theta omega^2 + 0.00117omega^3,0.004428*omega**3 + 0.001065*omega**2*theta - 0.001949*omega**2 - 4.9e-5*omega*theta**2 + 0.001194*omega*theta - 0.007527*omega - 2.0e-6*theta**3 + 5.7e-5*theta**2 - 0.000783*theta + 0.004528,2.176246e-04,1.949467e-05
81285,2025-06-03 06:55:00,0.004329,0.005490,0.004944,0.133057,2.204980,1.561993,88.0704,6180,0,1.00000omega,0.289361 + -2.83405theta + 0.12598omega + -1.47119theta^2 + 1.31031theta omega + 0.28871omega^2 + -0.06396theta^3 + 1.12398theta^2 omega + 0.18369theta omega^2 + -0.34051omega^3,-1.083346*omega**3 + 0.019481*omega**2*theta - 0.008943*omega**2 + 0.003973*omega*theta**2 - 0.027778*omega*theta + 0.040019*omega - 8.0e-6*theta**3 - 0.000413*theta**2 + 0.001847*theta + 0.003872,1.733471e-04,1.524454e-05
81286,2025-06-03 07:00:00,0.005284,0.033152,0.023738,0.198186,9.487312,6.710006,90.0714,7678,0,1.00000omega,-0.200921 + 0.03179theta + -0.02378omega + 0.02029theta^2 + -0.02328theta omega + -0.26297omega^2 + -0.04971theta^3 + 0.15137theta^2 omega + 0.03906theta omega^2 + -0.10203omega^3,-0.211159*omega**3 + 0.002695*omega**2*theta - 0.10739*omega**2 + 0.000348*omega*theta**2 - 0.010104*omega*theta + 0.072502*omega - 4.0e-6*theta**3 + 0.000168*theta**2 - 0.002445*theta + 0.010804,7.917586e-04,2.699784e-05
81287,2025-06-03 07:05:00,0.005250,0.034794,0.024881,0.173661,13.629602,9.638366,87.5506,6041,5,1.00000omega,-0.021741 + -0.10330theta + 0.01896omega + -0.05121theta^2 + 0.09292theta omega + 0.04401omega^2 + 0.00097theta^3 + 0.01032theta^2 omega + -0.03855theta omega^2 + -0.01107omega^3,-0.022753*omega**3 - 0.002641*omega**2*theta - 0.019204*omega**2 + 2.4e-5*omega*theta**2 + 0.001359*omega*theta + 0.013252*omega - 1.2e-5*theta**2 - 0.000431*theta - 0.003327,nan,nan
81288,2025-06-03 07:10:00,0.004621,0.006965,0.005910,0.137616,6.105785,4.318538,104.2279,8813,1,1.00000omega,0.122881 + 0.00010theta + 0.02426omega + 0.00221theta^2 + 0.01216theta omega + 0.19992omega^2 + -0.03675theta^3 + -0.00373theta^2 omega + 0.02344theta omega^2 + -0.00675omega^3,-0.021632*omega**3 + 0.002504*omega**2*theta + 0.090519*omega**2 - 1.3e-5*omega*theta**2 - 0.000135*omega*theta + 0.000798*omega - 4.0e-6*theta**3 - 0.000131*theta**2 - 0.001307*theta - 0.003934,1.363966e-04,3.078066e-05
81289,2025-06-03 07:15:00,0.005622,0.011057,0.008771,nan,nan,nan,328.1402,9999,0,1.00000omega,0.012671 + -0.04041theta + 0.11569omega + -0.00309theta^2 + 0.00491theta omega + -0.03290omega^2 + -0.00011theta^3 + 0.00174theta^2 omega + -0.00092theta omega^2 + 0.01017omega^3,0.069702*omega**3 - 0.00021*omega**2*theta - 0.019446*omega**2 + 1.3e-5*omega*theta**2 + 0.000547*omega*theta + 0.009394*omega - 3.0e-6*theta**2 - 0.000129*theta - 0.001435,1.526416e-04,1.409847e-05
81290,2025-06-03 07:20:00,0.005322,0.007524,0.006516,0.211461,5.725397,4.051227,78.3207,6769,0,1.00000omega,-0.262031 + -1.51281theta + 0.10534omega + 0.57374theta^2 + -0.32190theta omega + 0.02051omega^2 + -0.05018theta^3 + -0.01258theta^2 omega + 0.14555theta omega^2 + -0.02695omega^3,-0.051131*omega**3 + 0.009205*omega**2*theta + 0.099405*omega**2 - 2.7e-5*omega*theta**2 - 0.003241*omega*theta - 0.026897*omega - 4.0e-6*theta**3 + 5.2e-5*theta**2 + 0.000493*theta - 0.005347,3.724405e-04,2.418406e-05
81291,2025-06-03 07:25:00,0.005116,0.008231,0.006853,0.149415,3.506976,2.482056,78.7756,5958,0,1.00000omega,-0.069921 + -0.90111theta + 0.05817omega + -0.35872theta^2 + 0.07392theta omega + 0.60633omega^2 + -0.49516theta^3 + 0.15763theta^2 omega + -0.03189theta omega^2 + -0.02733omega^3,-0.055757*omega**3 - 0.002169*omega**2*theta + 0.155927*omega**2 + 0.000357*omega*theta**2 + 0.001364*omega*theta + 0.002952*omega - 3.7e-5*theta**3 - 0.000217*theta**2 - 0.001325*theta - 0.001453,7.796832e-05,2.731170e-05
81292,2025-06-03 07:30:00,0.004447,0.006389,0.005504,0.363042,6.014068,4.260329,100.7812,8137,0,1.00000omega,-0.101251 + -0.04452theta + 0.31813omega + 0.72123theta^2 + -0.19050theta omega + -0.15531omega^2 + -0.81162theta^3 + 0.06954theta^2 omega + 0.08742theta omega^2 + -0.01485omega^3,-0.051211*omega**3 + 0.010049*omega**2*theta - 0.082038*omega**2 + 0.000266*omega*theta**2 - 0.003711*omega*theta + 0.019177*omega - 0.000104*theta**3 + 0.001181*theta**2 - 0.004297*theta + 0.004726,4.544433e-05,1.771042e-05
81293,2025-06-03 07:35:00,0.005437,0.014538,0.010975,0.114506,8.945119,6.325673,92.1781,9999,0,1.00000omega,-0.019421 + -0.15174theta + 0.02083omega + -0.10391theta^2 + 0.00831theta omega + 0.04736omega^2 + -0.01516theta^3 + -0.00013theta^2 omega + 0.00904theta omega^2 + -0.00541omega^3,-0.011406*omega**3 + 0.000635*omega**2*theta + 0.01651*omega**2 + 7.0e-5*omega*theta + 0.00114*omega - 1.0e-6*theta**3 - 5.3e-5*theta**2 - 0.000687*theta - 0.002602,3.595335e-04,1.791809e-05
81294,2025-06-03 07:40:00,0.005371,0.006319,0.005864,0.140520,3.760110,2.660655,103.5352,8959,0,1.00000omega,-0.442661 + -0.22057theta + -0.16235omega + 0.73973theta^2 + -0.56793theta omega + -0.51387omega^2 + -0.21737theta^3 + 0.13350theta^2 omega + 0.00277theta omega^2 + -0.17087omega^3,-0.417373*omega**3 + 0.000226*omega**2*theta - 0.143642*omega**2 + 0.000362*omega*theta**2 + 0.004198*omega*theta - 0.013384*omega - 2.0e-5*theta**3 - 0.000547*theta**2 - 0.004385*theta - 0.009532,1.322188e-04,1.810297e-05
81295,2025-06-03 07:45:00,0.004391,0.004436,0.004414,0.160322,7.081287,5.008509,87.3700,5338,0,1.00000omega,0.197641 + -0.06671theta + 0.03459omega + -0.06604theta^2 + -0.04877theta omega + 0.15523omega^2 + -0.00263theta^3 + -0.01049theta^2 omega + -0.16112theta omega^2 + -0.00058omega^3,-0.001818*omega**3 - 0.016837*omega**2*theta + 0.181646*omega**2 - 3.7e-5*omega*theta**2 + 4.5e-5*omega*theta + 0.003029*omega - 1.7e-5*theta**2 + 0.00024*theta - 4.3e-5,1.452904e-04,1.889421e-05
81296,2025-06-03 07:50:00,0.005385,0.013799,0.010474,0.112120,1.938590,1.373081,79.6865,9999,0,1.00000omega,-1.864741 + -1.40130theta + 0.02223omega + 1.40500theta^2 + -0.03939theta omega + 0.06195omega^2 + -0.44781theta^3 + 0.30767theta^2 omega + 0.69598theta omega^2 + -0.24576omega^3,-0.460914*omega**3 + 0.04351*omega**2*theta + 0.392228*omega**2 + 0.000641*omega*theta**2 + 0.010775*omega*theta + 0.045967*omega - 3.1e-5*theta**3 - 0.000418*theta**2 - 0.001794*theta - 0.012697,3.443037e-04,1.425219e-05
81297,2025-06-03 07:55:00,0.004486,0.006249,0.005440,0.141909,4.572583,3.234861,77.0863,7449,0,1.00000omega,0.052561 + -0.80247theta + -0.10235omega + 0.19086theta^2 + 0.02487theta omega + 0.05768omega^2 + -0.06845theta^3 + 0.00272theta^2 omega + 0.00097theta omega^2 + 0.02802omega^3,0.073563*omega**3 + 8.5e-5*omega**2*theta + 0.017619*omega**2 + 8.0e-6*omega*theta**2 + 0.000349*omega*theta - 0.001467*omega - 7.0e-6*theta**3 - 6.8e-5*theta**2 - 0.000926*theta - 0.004815,1.262055e-04,1.724990e-05
81298,2025-06-03 08:00:00,0.004611,0.007104,0.005988,0.110041,2.650457,1.875771,119.9858,9999,0,1.00000omega,-0.084971 + 0.03809theta + 0.02736omega + -0.02275theta^2 + 0.04945theta omega + 0.02609omega^2 + -0.02678theta^3 + -0.01514theta^2 omega + 0.05110theta omega^2 + 0.00407omega^3,0.015284*omega**3 + 0.006396*omega**2*theta - 0.097842*omega**2 - 6.3e-5*omega*theta**2 + 0.002698*omega*theta - 0.026551*omega - 4.0e-6*theta**3 + 0.000178*theta**2 - 0.002789*theta + 0.013989,1.543948e-04,1.815262e-05
81299,2025-06-03 08:05:00,0.005013,0.007073,0.006130,nan,nan,nan,115.8256,9585,0,1.00000omega,0.088251 + -0.51732theta + 0.26760omega + -0.07941theta^2 + 0.00244theta omega + -0.08073omega^2 + -0.00055theta^3 + 0.00570theta^2 omega + 0.00612theta omega^2 + 0.22002omega^3,0.684318*omega**3 + 0.000634*omega**2*theta - 0.02269*omega**2 + 2.0e-5*omega*theta**2 + 0.000231*omega*theta + 0.009591*omega - 2.9e-5*theta**2 - 0.000876*theta - 0.003468,1.796994e-04,1.313863e-05
81300,2025-06-03 08:10:00,nan,nan,nan,nan,nan,nan,50740.3047,1171,5,1.00000omega,nan1 + nantheta + nanomega + nantheta^2 + nantheta omega + nanomega^2 + nantheta^3 + nantheta^2 omega + nantheta omega^2 + nanomega^3,N/A,nan,nan
81301,2025-06-03 08:15:00,nan,nan,nan,nan,nan,nan,216460.0312,5,5,1.00000omega,nan1 + nantheta + nanomega + nantheta^2 + nantheta omega + nanomega^2 + nantheta^3 + nantheta^2 omega + nantheta omega^2 + nanomega^3,N/A,nan,nan
81302,2025-06-03 08:20:00,nan,nan,nan,nan,nan,nan,170.5976,4152,5,1.00000omega,nan1 + nantheta + nanomega + nantheta^2 + nantheta omega + nanomega^2 + nantheta^3 + nantheta^2 omega + nantheta omega^2 + nanomega^3,N/A,nan,nan
81303,2025-06-03 08:25:00,0.004441,0.005746,0.005135,nan,nan,nan,75.9863,6385,0,1.00000omega,-0.004531 + -0.12623theta + 0.07289omega + -0.01168theta^2 + -0.03965theta omega + 0.48050omega^2 + -0.15383theta^3 + -0.00300theta^2 omega + 0.06541theta omega^2 + 0.06886omega^3,0.178484*omega**3 + 0.005651*omega**2*theta + 0.119104*omega**2 - 9.0e-6*omega*theta**2 - 0.000321*omega*theta + 0.003819*omega - 1.5e-5*theta**3 + 0.00017*theta**2 - 0.00079*theta + 0.001361,3.406917e-04,2.305210e-05
81304,2025-06-03 08:30:00,0.005113,0.006274,0.005723,0.066563,1.270647,0.899715,245.6006,6535,0,1.00000omega,-0.022501 + -0.02752theta + -0.14733omega + 0.00496theta^2 + 0.02489theta omega + 0.08431omega^2 + -0.00281theta^3 + -0.00004theta^2 omega + -0.01302theta omega^2 + -0.09080omega^3,-0.560491*omega**3 - 0.002679*omega**2*theta + 0.007046*omega**2 + 0.00037*omega*theta - 0.000566*omega - 0.e-6*theta**3 - 2.0e-5*theta**2 - 0.000234*theta - 0.001087,2.623117e-04,1.744162e-05
81305,2025-06-03 08:35:00,0.005324,0.005040,0.005184,nan,nan,nan,143.1568,5609,0,1.00000omega,0.058791 + 0.65962theta + 0.29565omega + 0.36750theta^2 + 0.09318theta omega + 0.47947omega^2 + -1.52109theta^3 + 0.16126theta^2 omega + 0.11805theta omega^2 + 0.06796omega^3,0.228661*omega**3 + 0.01324*omega**2*theta + 0.209726*omega**2 + 0.000603*omega*theta**2 + 0.005517*omega*theta + 0.022026*omega - 0.00019*theta**3 - 0.001974*theta**2 - 0.00609*theta - 0.004899,2.273270e-04,1.764931e-05
81306,2025-06-03 08:40:00,0.004607,0.006287,0.005511,0.448151,12.390270,8.766973,97.2213,6526,0,1.00000omega,0.038131 + 0.00111theta + -0.02893omega + -0.00175theta^2 + -0.20783theta omega + -0.51151omega^2 + -0.13288theta^3 + 0.00036theta^2 omega + 0.00696theta omega^2 + -0.03354omega^3,-0.103204*omega**3 + 0.000714*omega**2*theta - 0.157894*omega**2 + 1.0e-6*omega*theta**2 - 0.002198*omega*theta - 0.01929*omega - 1.5e-5*theta**3 - 0.000378*theta**2 - 0.003137*theta - 0.008552,2.047529e-04,1.860323e-05
81307,2025-06-03 08:45:00,0.004517,0.013473,0.010048,0.147407,6.142294,4.344508,95.7662,9062,1,1.00000omega,-0.005661 + -0.08247theta + -0.02868omega + -0.02802theta^2 + -0.01917theta omega + 0.00711omega^2 + -0.00232theta^3 + -0.00201theta^2 omega + -0.01361theta omega^2 + 0.00219omega^3,0.006875*omega**3 - 0.001424*omega**2*theta + 0.026133*omega**2 - 7.0e-6*omega*theta**2 + 2.8e-5*omega*theta + 0.00054*omega + 3.0e-6*theta**2 + 1.9e-5*theta - 4.2e-5,2.434179e-04,1.836109e-05
81308,2025-06-03 08:50:00,0.005644,0.013846,0.010573,1.190726,33.540788,23.731859,127.8901,9023,0,1.00000omega,0.006961 + 0.12460theta + -0.20281omega + 0.18948theta^2 + 0.13263theta omega + -0.72171omega^2 + -0.06487theta^3 + 0.05176theta^2 omega + 0.04961theta omega^2 + -0.05504omega^3,-0.149017*omega**3 + 0.004477*omega**2*theta - 0.160356*omega**2 + 0.000156*omega*theta**2 + 0.005255*omega*theta + 0.034743*omega - 7.0e-6*theta**3 - 0.000183*theta**2 - 0.001369*theta - 0.001214,4.176554e-04,2.169181e-05
81309,2025-06-03 08:55:00,0.004020,0.005532,0.004835,nan,nan,nan,62.9598,7195,0,1.00000omega,0.086071 + -0.79148theta + 0.08507omega + -0.78448theta^2 + 0.02565theta omega + 0.25186omega^2 + -0.24618theta^3 + 0.02935theta^2 omega + 0.08094theta omega^2 + 0.44137omega^3,1.187882*omega**3 + 0.007261*omega**2*theta + 0.050118*omega**2 + 8.8e-5*omega*theta**2 - 0.000356*omega*theta + 0.00301*omega - 2.5e-5*theta**3 - 4.0e-6*theta**2 + 4.6e-5*theta + 0.001252,6.635592e-05,1.568347e-05
81310,2025-06-03 09:00:00,0.004586,0.004924,0.004758,nan,nan,nan,88.0486,5704,0,1.00000omega,0.062891 + -0.42315theta + 0.06318omega + -0.09870theta^2 + -0.01900theta omega + -0.01129omega^2 + -0.00766theta^3 + 0.00028theta^2 omega + -0.00140theta omega^2 + 0.07595omega^3,0.212426*omega**3 - 0.000131*omega**2*theta - 0.003776*omega**2 + 1.0e-6*omega*theta**2 - 0.000189*omega*theta + 0.001624*omega - 0.e-6*theta**3 - 3.9e-5*theta**2 - 0.000654*theta - 0.001181,1.977111e-04,2.020416e-05
81311,2025-06-03 09:05:00,0.003619,0.007898,0.006143,0.184259,5.830226,4.124651,55.9111,6093,0,1.00000omega,0.021421 + -0.28179theta + -0.00689omega + 0.04510theta^2 + -0.07962theta omega + 0.00517omega^2 + -0.23333theta^3 + -0.00996theta^2 omega + 0.10483theta omega^2 + -0.00289omega^3,-0.008337*omega**3 + 0.01008*omega**2*theta - 0.009026*omega**2 - 3.2e-5*omega*theta**2 - 0.000756*omega*theta + 0.000603*omega - 2.5e-5*theta**3 + 9.4e-5*theta**2 - 0.000429*theta + 0.000453,3.090985e-04,1.675370e-05
81312,2025-06-03 09:10:00,0.003998,0.007391,0.005942,0.155418,3.527519,2.496753,64.1701,6311,0,1.00000omega,0.052501 + -1.28175theta + 0.00800omega + -1.00243theta^2 + 0.24488theta omega + 0.00369omega^2 + -0.71525theta^3 + 0.16571theta^2 omega + 0.06662theta omega^2 + -0.04875omega^3,-0.134868*omega**3 + 0.006144*omega**2*theta - 0.031631*omega**2 + 0.000509*omega*theta**2 - 0.002952*omega*theta + 0.001529*omega - 7.3e-5*theta**3 + 0.000834*theta**2 - 0.004066*theta + 0.009276,1.479797e-04,1.517205e-05
81313,2025-06-03 09:15:00,0.004311,0.005037,0.004688,0.108463,2.118170,1.499735,97.2712,5533,0,1.00000omega,0.199541 + -0.93604theta + -0.46952omega + -0.79005theta^2 + -0.42090theta omega + -0.07964omega^2 + -1.55447theta^3 + 0.30228theta^2 omega + -0.04912theta omega^2 + -0.07036omega^3,-0.246195*omega**3 - 0.005729*omega**2*theta - 0.018841*omega**2 + 0.001175*omega*theta**2 - 0.008221*omega*theta - 0.006159*omega - 0.000201*theta**3 + 0.000582*theta**2 - 0.001452*theta + 0.002154,2.812108e-04,1.715549e-05
81314,2025-06-03 09:20:00,0.004346,0.005467,0.004938,0.134928,2.152964,1.525362,121.5254,4722,0,1.00000omega,-0.052221 + -2.39120theta + 0.01399omega + 0.06925theta^2 + -0.03553theta omega + -0.57714omega^2 + -1.02749theta^3 + 1.50252theta^2 omega + -0.98270theta omega^2 + -0.11045omega^3,-0.471561*omega**3 - 0.139853*omega**2*theta + 0.036202*omega**2 + 0.007128*omega*theta**2 - 0.02633*omega*theta + 0.024775*omega - 0.000162*theta**3 + 0.000914*theta**2 - 0.004369*theta + 0.005738,9.336598e-05,2.251577e-05
81315,2025-06-03 09:25:00,0.005422,0.016571,0.012328,0.185881,7.433255,5.257748,93.8785,9999,1,1.00000omega,-0.013621 + -0.03334theta + 0.00406omega + -0.09965theta^2 + 0.08666theta omega + 0.00790omega^2 + -0.04927theta^3 + 0.05378theta^2 omega + 0.05974theta omega^2 + -0.07233omega^3,-0.154831*omega**3 + 0.004263*omega**2*theta + 0.019196*omega**2 + 0.000128*omega*theta**2 + 0.001797*omega*theta + 0.005283*omega - 4.0e-6*theta**3 - 7.7e-5*theta**2 - 0.000462*theta - 0.000932,4.055006e-04,1.949135e-05
81316,2025-06-03 09:30:00,0.004436,0.004706,0.004573,0.102056,4.000236,2.829515,110.0847,5363,0,1.00000omega,-0.165721 + -0.24618theta + 0.10337omega + 0.61271theta^2 + 0.13138theta omega + -0.33531omega^2 + -0.13952theta^3 + -0.21698theta^2 omega + -0.00643theta omega^2 + -0.01216omega^3,-0.04486*omega**3 - 0.000791*omega**2*theta - 0.116703*omega**2 - 0.000889*omega*theta**2 + 0.003516*omega*theta + 0.000633*omega - 1.9e-5*theta**3 + 0.000302*theta**2 - 0.000876*theta + 0.000102,3.088763e-04,2.055874e-05
81317,2025-06-03 09:35:00,0.004533,0.004921,0.004731,0.154946,3.808016,2.694902,113.0359,5547,0,1.00000omega,0.071071 + -1.24374theta + -0.17972omega + -0.22684theta^2 + -0.18551theta omega + -0.02555omega^2 + -0.13440theta^3 + -0.03696theta^2 omega + -0.07195theta omega^2 + 0.02108omega^3,0.076206*omega**3 - 0.00867*omega**2*theta + 0.042326*omega**2 - 0.000148*omega*theta**2 - 0.000393*omega*theta + 0.001508*omega - 1.8e-5*theta**3 + 0.000231*theta**2 - 0.002231*theta + 0.009042,2.244665e-04,2.199703e-05
81318,2025-06-03 09:40:00,0.005144,0.005550,0.005351,0.115514,6.762382,4.782424,145.0832,6936,0,1.00000omega,-0.009261 + -0.23566theta + 0.07650omega + 0.03257theta^2 + 0.03985theta omega + 0.26336omega^2 + 0.00202theta^3 + -0.00487theta^2 omega + -0.06242theta omega^2 + 0.02113omega^3,0.078364*omega**3 - 0.007716*omega**2*theta + 0.08085*omega**2 - 2.0e-5*omega*theta**2 + 0.000406*omega*theta + 0.003214*omega + 1.4e-5*theta**2 - 0.000221*theta - 0.000397,1.159147e-04,1.331092e-05
81319,2025-06-03 09:45:00,0.004511,0.017664,0.012891,0.078116,5.158438,3.647985,164.9900,9999,2,1.00000omega,-0.024621 + -0.01330theta + -0.00510omega + -0.00225theta^2 + -0.01538theta omega + 0.00986omega^2 + -0.00048theta^3 + -0.00188theta^2 omega + -0.00167theta omega^2 + 0.00076omega^3,0.003995*omega**3 - 0.000293*omega**2*theta + 0.008516*omega**2 - 1.1e-5*omega*theta**2 + 0.000115*omega*theta + 0.000578*omega + 3.0e-6*theta**2 - 4.6e-5*theta + 0.000236,3.079012e-04,1.248264e-05
81320,2025-06-03 09:50:00,0.003513,0.003718,0.003617,nan,nan,nan,142.7489,6465,0,1.00000omega,0.014801 + -0.32688theta + -0.05753omega + 0.02224theta^2 + 0.09384theta omega + -0.02716omega^2 + -0.19208theta^3 + 0.01269theta^2 omega + 0.01831theta omega^2 + 0.04192omega^3,0.318798*omega**3 + 0.004642*omega**2*theta - 0.033436*omega**2 + 0.000107*omega*theta**2 + 0.000662*omega*theta - 0.006679*omega - 5.4e-5*theta**3 + 0.000703*theta**2 - 0.003411*theta + 0.005979,7.159483e-05,1.274243e-05
81321,2025-06-03 09:55:00,0.004812,0.006191,0.005545,nan,nan,nan,154.4431,8481,0,1.00000omega,-0.018401 + -0.06454theta + 0.18468omega + 0.00415theta^2 + -0.03575theta omega + 0.04835omega^2 + 0.00005theta^3 + 0.00398theta^2 omega + -0.01838theta omega^2 + 0.04828omega^3,0.216939*omega**3 - 0.002753*omega**2*theta + 0.044223*omega**2 + 2.0e-5*omega*theta**2 - 0.000829*omega*theta + 0.012136*omega + 2.0e-6*theta**2 - 0.000103*theta + 0.000758,8.580131e-05,1.189612e-05
81322,2025-06-03 10:00:00,0.004158,0.027560,0.019709,nan,nan,nan,201.5712,9999,0,1.00000omega,-0.000781 + 0.00437theta + 0.06429omega + -0.00044theta^2 + 0.01224theta omega + 0.00752omega^2 + -0.00002theta^3 + -0.00034theta^2 omega + 0.00310theta omega^2 + 0.00373omega^3,0.027217*omega**3 + 0.000754*omega**2*theta - 0.010602*omega**2 - 3.0e-6*omega*theta**2 + 0.000306*omega*theta - 0.002669*omega + 8.0e-6*theta - 0.000144,4.231736e-04,1.254560e-05
81323,2025-06-03 10:05:00,0.003520,0.004690,0.004147,nan,nan,nan,69.9363,5737,0,1.00000omega,-0.131121 + -0.75423theta + 0.19928omega + 0.24483theta^2 + -0.75566theta omega + 0.64124omega^2 + -0.16902theta^3 + 0.17364theta^2 omega + -0.24099theta omega^2 + 0.07626omega^3,0.30196*omega**3 - 0.031808*omega**2*theta + 0.086032*omega**2 + 0.000764*omega*theta**2 - 0.002093*omega*theta - 0.019328*omega - 2.5e-5*theta**3 - 0.000245*theta**2 - 0.001512*theta - 0.004607,1.996487e-04,1.040408e-05
81324,2025-06-03 10:10:00,0.004980,0.005536,0.005265,0.156338,7.220226,5.106668,126.5045,6200,0,1.00000omega,-0.150611 + -0.03998theta + -0.07852omega + 0.09154theta^2 + 0.04981theta omega + -0.02307omega^2 + -0.07246theta^3 + 0.01099theta^2 omega + 0.00579theta omega^2 + -0.02224omega^3,-0.076426*omega**3 + 0.000663*omega**2*theta - 0.010193*omega**2 + 4.2e-5*omega*theta**2 + 0.00026*omega*theta - 0.004095*omega - 9.0e-6*theta**3 + 0.000134*theta**2 - 0.00065*theta + 0.000539,1.759972e-04,1.878797e-05
81325,2025-06-03 10:15:00,0.004400,0.004612,0.004507,nan,nan,nan,116.8435,5420,0,1.00000omega,-0.713571 + -0.03189theta + 0.09984omega + 1.43962theta^2 + -0.31574theta omega + -0.26796omega^2 + -0.74794theta^3 + 0.34921theta^2 omega + -0.02267theta omega^2 + 0.06260omega^3,0.256476*omega**3 - 0.003096*omega**2*theta - 0.095666*omega**2 + 0.00159*omega*theta**2 - 0.007339*omega*theta + 0.009418*omega - 0.000113*theta**3 + 0.000961*theta**2 - 0.001719*theta - 0.001266,2.060460e-04,1.346782e-05
81326,2025-06-03 10:20:00,0.004229,0.010962,0.008308,0.113057,13.289164,9.397198,104.9162,9999,0,1.00000omega,-0.003971 + -0.00330theta + -0.00340omega + 0.00018theta^2 + -0.00280theta omega + -0.00361omega^2 + -0.00008theta^3 + -0.00039theta^2 omega + -0.00172theta omega^2 + 0.00198omega^3,0.007746*omega**3 - 0.000224*omega**2*theta + 0.000596*omega**2 - 2.0e-6*omega*theta**2 - 5.0e-6*omega*theta + 5.1e-5*omega - 7.0e-6*theta + 3.1e-5,1.233133e-04,1.356012e-05
81327,2025-06-03 10:25:00,0.004816,0.023708,0.017106,0.097406,4.932274,3.488325,142.3005,9999,0,1.00000omega,-0.012421 + -0.03077theta + -0.05880omega + -0.00375theta^2 + -0.00526theta omega + -0.02689omega^2 + -0.00320theta^3 + 0.00038theta^2 omega + 0.00134theta omega^2 + -0.00299omega^3,-0.012041*omega**3 + 0.00018*omega**2*theta - 0.013041*omega**2 + 2.0e-6*omega*theta**2 - 0.000125*omega*theta - 0.000286*omega + 2.4e-5*theta**2 - 0.00043*theta + 0.00275,3.133220e-04,1.511901e-05
81328,2025-06-03 10:30:00,0.004729,0.008833,0.007085,0.138926,10.628200,7.515915,335.4430,9999,0,1.00000omega,-0.026961 + -0.00623theta + -0.20706omega + 0.02586theta^2 + -0.00734theta omega + -0.00792omega^2 + -0.00082theta^3 + 0.00203theta^2 omega + -0.00382theta omega^2 + 0.00287omega^3,0.028648*omega**3 - 0.001271*omega**2*theta + 0.014081*omega**2 + 2.3e-5*omega*theta**2 - 0.000802*omega*theta + 1.6e-5*omega + 3.0e-5*theta**2 - 0.000689*theta + 0.004575,1.251921e-04,7.789278e-06
81329,2025-06-03 10:35:00,0.004240,0.013326,0.009888,nan,nan,nan,204.1198,9999,0,1.00000omega,-0.067161 + -0.01777theta + 0.08021omega + -0.00219theta^2 + -0.01219theta omega + 0.05680omega^2 + -0.00014theta^3 + -0.00088theta^2 omega + -0.00239theta omega^2 + 0.01223omega^3,0.091113*omega**3 - 0.000594*omega**2*theta + 0.039615*omega**2 - 7.0e-6*omega*theta**2 + 7.5e-5*omega*theta + 0.003887*omega + 1.0e-6*theta**2 - 1.6e-5*theta + 5.3e-5,2.522942e-04,1.279152e-05
81330,2025-06-03 10:40:00,0.004073,0.004927,0.004520,0.138200,12.845872,9.083929,269.0930,9999,0,1.00000omega,-0.004081 + 0.00038theta + -0.00645omega + 0.00253theta^2 + -0.00146theta omega + -0.00097omega^2 + 0.00001theta^3 + 0.00125theta^2 omega + 0.00004theta omega^2 + -0.00049omega^3,-0.005234*omega**3 + 1.4e-5*omega**2*theta - 0.000696*omega**2 + 1.5e-5*omega*theta**2 - 0.000273*omega*theta + 0.001029*omega + 2.0e-6*theta**2 - 2.6e-5*theta + 0.0001,1.433726e-04,9.534328e-06
81331,2025-06-03 10:45:00,0.003588,0.004469,0.004052,nan,nan,nan,160.4825,7146,0,1.00000omega,-0.007181 + -0.00602theta + 0.34642omega + -0.00409theta^2 + 0.12411theta omega + 0.01155omega^2 + -0.00232theta^3 + 0.00075theta^2 omega + 0.00940theta omega^2 + 0.00009omega^3,0.000729*omega**3 + 0.002538*omega**2*theta - 0.016229*omega**2 + 7.0e-6*omega*theta**2 + 0.002031*omega*theta - 0.006763*omega - 0.e-6*theta**3 + 1.6e-5*theta**2 - 0.000126*theta + 0.00033,7.913138e-05,1.810906e-05
81332,2025-06-03 10:50:00,0.004402,0.005410,0.004932,0.127446,9.664420,6.834371,206.7956,9999,0,1.00000omega,-0.001031 + -0.02528theta + -0.02037omega + 0.00027theta^2 + -0.03227theta omega + 0.04487omega^2 + -0.00108theta^3 + -0.00124theta^2 omega + -0.01140theta omega^2 + 0.00239omega^3,0.016988*omega**3 - 0.002701*omega**2*theta + 0.052628*omega**2 - 1.0e-5*omega*theta**2 - 0.0003*omega*theta + 0.004017*omega + 1.0e-5*theta**2 - 0.000142*theta + 0.000758,6.109474e-05,1.240866e-05
81333,2025-06-03 10:55:00,0.004746,0.007112,0.006046,nan,nan,nan,187.1303,9644,0,1.00000omega,0.002911 + -0.02587theta + 0.01420omega + 0.00372theta^2 + -0.04325theta omega + 0.16735omega^2 + -0.00921theta^3 + -0.01271theta^2 omega + 0.02200theta omega^2 + 0.06168omega^3,0.341646*omega**3 + 0.004062*omega**2*theta + 0.044792*omega**2 - 7.8e-5*omega*theta**2 + 0.000425*omega*theta + 0.001123*omega - 2.0e-6*theta**3 + 4.0e-5*theta**2 - 0.000305*theta + 0.000841,1.439878e-04,1.352745e-05
81334,2025-06-03 11:00:00,0.004587,0.008085,0.006573,nan,nan,nan,292.2470,8346,0,1.00000omega,-0.025931 + -0.01443theta + -0.02087omega + -0.00076theta^2 + -0.00870theta omega + 0.01301omega^2 + -0.00315theta^3 + 0.00092theta^2 omega + -0.00163theta omega^2 + 0.02548omega^3,0.233161*omega**3 - 0.000497*omega**2*theta + 0.013237*omega**2 + 9.0e-6*omega*theta**2 - 0.000388*omega*theta + 0.00264*omega - 1.0e-6*theta**3 + 3.9e-5*theta**2 - 0.000479*theta + 0.001999,2.064648e-04,1.174093e-05
81335,2025-06-03 11:05:00,0.005162,0.005892,0.005539,nan,nan,nan,261.2065,6864,0,1.00000omega,-0.395731 + 0.01153theta + 0.44999omega + 0.02087theta^2 + -0.01025theta omega + -0.05817omega^2 + -0.00715theta^3 + 0.01289theta^2 omega + 0.00777theta omega^2 + -0.00295omega^3,-0.019042*omega**3 + 0.001672*omega**2*theta - 0.035704*omega**2 + 9.2e-5*omega*theta**2 - 0.001123*omega*theta + 0.018343*omega - 2.0e-6*theta**3 + 3.8e-5*theta**2 - 0.000239*theta - 0.000479,1.969039e-04,1.457494e-05
81336,2025-06-03 11:10:00,0.004971,0.007055,0.006103,0.072084,6.556453,4.636392,353.0734,8145,0,1.00000omega,-0.053421 + 0.00338theta + 0.02226omega + -0.00068theta^2 + 0.00458theta omega + 0.09307omega^2 + 0.00004theta^3 + 0.00183theta^2 omega + 0.02388theta omega^2 + 0.05629omega^3,0.532672*omega**3 + 0.007533*omega**2*theta - 0.065931*omega**2 + 1.9e-5*omega*theta**2 - 0.000518*omega*theta + 0.004135*omega - 1.0e-6*theta**2 + 2.7e-5*theta - 0.000323,1.439371e-04,1.081701e-05
81337,2025-06-03 11:15:00,nan,nan,nan,nan,nan,nan,183.2041,4925,5,1.00000omega,nan1 + nantheta + nanomega + nantheta^2 + nantheta omega + nanomega^2 + nantheta^3 + nantheta^2 omega + nantheta omega^2 + nanomega^3,N/A,nan,nan
81338,2025-06-03 11:20:00,0.004376,0.015897,0.011659,0.254280,13.242989,9.365934,176.4200,9999,0,1.00000omega,-0.034061 + -0.05771theta + 0.02384omega + -0.02269theta^2 + -0.03209theta omega + -0.00382omega^2 + -0.00122theta^3 + -0.00070theta^2 omega + -0.00274theta omega^2 + 0.00986omega^3,0.059025*omega**3 - 0.000547*omega**2*theta + 0.006843*omega**2 - 5.0e-6*omega*theta**2 - 0.000332*omega*theta + 0.007128*omega + 1.0e-6*theta**2 + 9.0e-5*theta - 0.000802,3.395858e-04,1.213567e-05
81339,2025-06-03 11:25:00,0.004732,0.004793,0.004763,0.100214,5.404749,3.822392,150.5356,7331,0,1.00000omega,0.037531 + 0.00205theta + 0.01118omega + 0.08545theta^2 + -0.00454theta omega + -0.01429omega^2 + -0.02433theta^3 + -0.00382theta^2 omega + -0.00525theta omega^2 + -0.03753omega^3,-0.16767*omega**3 - 0.000782*omega**2*theta - 0.000346*omega**2 - 1.9e-5*omega*theta**2 + 0.000192*omega*theta - 7.0e-5*omega - 4.0e-6*theta**3 + 0.000116*theta**2 - 0.00101*theta + 0.002858,2.308641e-04,1.652723e-05
81340,2025-06-03 11:30:00,0.004962,0.008023,0.006671,0.100682,4.185991,2.960799,174.5229,7454,1,1.00000omega,-0.008071 + -0.02510theta + -0.05364omega + 0.00375theta^2 + -0.00497theta omega + -0.02028omega^2 + -0.00491theta^3 + 0.00342theta^2 omega + -0.00085theta omega^2 + -0.01407omega^3,-0.067478*omega**3 - 0.000136*omega**2*theta - 0.006614*omega**2 + 1.8e-5*omega*theta**2 - 0.000467*omega*theta + 0.001145*omega - 0.e-6*theta**3 + 3.0e-5*theta**2 - 0.000381*theta + 0.001646,1.770076e-04,1.186668e-05
81341,2025-06-03 11:35:00,0.008038,0.042154,0.030344,0.070233,8.054967,5.695938,725.7700,9999,0,1.00000omega,0.024691 + -0.00826theta + 0.02097omega + -0.00067theta^2 + -0.00098theta omega + 0.01773omega^2 + -0.00007theta^3 + 0.00011theta^2 omega + -0.00139theta omega^2 + 0.00188omega^3,0.013631*omega**3 - 0.000336*omega**2*theta + 0.013813*omega**2 + 1.0e-6*omega*theta**2 - 4.3e-5*omega*theta + 0.001147*omega - 1.1e-5*theta + 0.000176,3.760425e-04,1.064570e-05
81342,2025-06-03 11:40:00,0.004720,0.029083,0.020834,nan,nan,nan,369.8827,9999,1,1.00000omega,0.008941 + -0.00864theta + -0.00906omega + 0.00109theta^2 + -0.00409theta omega + 0.00621omega^2 + -0.00014theta^3 + 0.00143theta^2 omega + -0.00088theta omega^2 + 0.00668omega^3,0.070256*omega**3 - 0.000309*omega**2*theta + 0.008525*omega**2 + 1.7e-5*omega*theta**2 - 0.000606*omega*theta + 0.005093*omega + 3.0e-6*theta**2 - 7.3e-5*theta + 0.000556,3.355641e-04,9.641407e-06
81343,2025-06-03 11:45:00,0.004881,0.005820,0.005371,nan,nan,nan,191.3493,5456,0,1.00000omega,0.022831 + -0.02431theta + 0.07772omega + 0.00111theta^2 + -0.00468theta omega + 0.01551omega^2 + -0.00048theta^3 + -0.00040theta^2 omega + -0.00713theta omega^2 + 0.04678omega^3,0.249848*omega**3 - 0.001269*omega**2*theta + 0.018279*omega**2 - 2.0e-6*omega*theta**2 - 2.2e-5*omega*theta + 0.002996*omega + 3.0e-6*theta**2 - 6.1e-5*theta + 0.000429,6.127985e-05,1.933358e-05
81344,2025-06-03 11:50:00,0.004538,0.005728,0.005167,0.159710,12.630379,8.931741,173.4419,8756,0,1.00000omega,0.159841 + 0.00862theta + -0.00639omega + 0.00659theta^2 + -0.03135theta omega + 0.01019omega^2 + -0.00292theta^3 + 0.00041theta^2 omega + -0.00326theta omega^2 + 0.00332omega^3,0.018609*omega**3 - 0.000609*omega**2*theta + 0.010106*omega**2 + 3.0e-6*omega*theta**2 - 0.0005*omega*theta + 0.004239*omega - 0.e-6*theta**3 + 2.0e-5*theta**2 - 0.000209*theta + 0.001096,1.113377e-04,1.522787e-05
81345,2025-06-03 11:55:00,0.005005,0.008030,0.006690,0.113566,16.749708,11.844104,196.4369,9999,0,1.00000omega,0.016691 + 0.00022theta + 0.10207omega + 0.00265theta^2 + -0.01050theta omega + 0.03414omega^2 + 0.00051theta^3 + 0.00070theta^2 omega + -0.03517theta omega^2 + 0.00348omega^3,0.018079*omega**3 - 0.00609*omega**2*theta + 0.057214*omega**2 + 4.0e-6*omega*theta**2 - 0.000203*omega*theta + 0.004632*omega - 0.e-6*theta**2 - 2.0e-6*theta + 6.9e-5,1.819410e-04,1.366935e-05
81346,2025-06-03 12:00:00,0.004324,0.006358,0.005437,0.070641,2.523529,1.785103,108.0930,7336,0,1.00000omega,-0.098471 + -0.00416theta + -0.00794omega + -0.08604theta^2 + 0.11203theta omega + 0.00611omega^2 + -0.07275theta^3 + 0.00852theta^2 omega + 0.07057theta omega^2 + -0.07686omega^3,-0.293296*omega**3 + 0.008976*omega**2*theta - 0.009077*omega**2 + 3.6e-5*omega*theta**2 + 0.001241*omega*theta - 0.001878*omega - 1.0e-5*theta**3 + 5.0e-6*theta**2 + 3.2e-5*theta - 0.000334,1.947869e-04,1.723153e-05
81347,2025-06-03 12:05:00,0.005107,0.005861,0.005497,nan,nan,nan,192.4116,7903,0,1.00000omega,0.036831 + -0.02092theta + 0.36074omega + -0.16271theta^2 + 0.00521theta omega + 0.03465omega^2 + -0.16104theta^3 + -0.07187theta^2 omega + 0.21199theta omega^2 + 0.33676omega^3,1.648707*omega**3 + 0.034595*omega**2*theta - 0.193477*omega**2 - 0.000391*omega*theta**2 + 0.004759*omega*theta - 0.002457*omega - 2.9e-5*theta**3 + 0.000452*theta**2 - 0.002298*theta + 0.003912,1.504796e-04,1.836921e-05
81348,2025-06-03 12:10:00,0.005098,0.005419,0.005261,0.136426,4.811704,3.403756,253.9645,7022,3,1.00000omega,0.006271 + -0.21391theta + -0.06426omega + -0.09738theta^2 + -0.00979theta omega + -0.02678omega^2 + -0.17914theta^3 + -0.01450theta^2 omega + 0.11275theta omega^2 + -0.00127omega^3,-0.008209*omega**3 + 0.024293*omega**2*theta + 0.114989*omega**2 - 0.000104*omega*theta**2 - 0.001244*omega*theta - 0.005801*omega - 4.3e-5*theta**3 - 0.000725*theta**2 - 0.004304*theta - 0.008802,5.305592e-05,1.684027e-05
81349,2025-06-03 12:15:00,0.004120,0.006599,0.005501,0.119553,6.225167,4.402669,101.4280,8522,0,1.00000omega,0.009381 + -0.00067theta + -0.02396omega + -0.00807theta^2 + -0.16065theta omega + 0.03247omega^2 + -0.02333theta^3 + -0.00438theta^2 omega + -0.00907theta omega^2 + 0.00455omega^3,0.018209*omega**3 - 0.00121*omega**2*theta + 0.022623*omega**2 - 1.9e-5*omega*theta**2 - 0.001609*omega*theta + 0.015059*omega - 3.0e-6*theta**3 + 8.9e-5*theta**2 - 0.000763*theta + 0.00221,1.850218e-04,1.608192e-05
81350,2025-06-03 12:20:00,0.004098,0.005644,0.004932,0.100472,1.939923,1.373571,88.4060,5430,0,1.00000omega,0.339671 + -2.63715theta + -0.31123omega + -0.51152theta^2 + 0.64206theta omega + 0.07007omega^2 + -0.82705theta^3 + -0.38337theta^2 omega + 1.48431theta omega^2 + -0.22558omega^3,-0.803222*omega**3 + 0.176173*omega**2*theta + 0.25337*omega**2 - 0.001517*omega*theta**2 + 0.003426*omega*theta - 0.003348*omega - 0.000109*theta**3 - 0.000622*theta**2 - 0.003994*theta - 0.003289,2.305775e-04,1.721202e-05
81351,2025-06-03 12:25:00,0.004297,0.005274,0.004810,0.129988,6.333662,4.479519,115.7179,6521,0,1.00000omega,-0.007041 + -0.04410theta + 0.02014omega + -0.00671theta^2 + -0.00208theta omega + -0.01271omega^2 + -0.00237theta^3 + -0.00004theta^2 omega + -0.00340theta omega^2 + 0.00419omega^3,0.017622*omega**3 - 0.000477*omega**2*theta + 0.001277*omega**2 - 2.1e-5*omega*theta + 0.00097*omega + 1.1e-5*theta**2 - 0.000156*theta + 0.000901,5.217070e-05,1.654340e-05
81352,2025-06-03 12:30:00,0.003965,0.010773,0.008117,0.123842,4.971767,3.516661,115.5600,6867,0,1.00000omega,-0.206591 + -0.01827theta + -0.07075omega + -0.00529theta^2 + -0.00272theta omega + 0.02751omega^2 + -0.00455theta^3 + 0.00845theta^2 omega + -0.01805theta omega^2 + 0.00404omega^3,0.019478*omega**3 - 0.002901*omega**2*theta + 0.049191*omega**2 + 4.5e-5*omega*theta**2 - 0.001227*omega*theta + 0.005954*omega - 0.e-6*theta**3 + 3.0e-5*theta**2 - 0.00038*theta + 0.001137,3.123086e-04,1.832889e-05
81353,2025-06-03 12:35:00,0.004866,0.006055,0.005493,0.136064,6.773683,4.790684,162.7160,6309,0,1.00000omega,-0.031191 + -0.06253theta + 0.11312omega + 0.00165theta^2 + -0.20428theta omega + 0.03744omega^2 + -0.00890theta^3 + 0.01988theta^2 omega + -0.09128theta omega^2 + 0.02807omega^3,0.128047*omega**3 - 0.01388*omega**2*theta + 0.073085*omega**2 + 0.000101*omega*theta**2 - 0.003504*omega*theta + 0.016748*omega - 2.0e-6*theta**3 + 2.0e-5*theta**2 - 0.000156*theta + 0.000329,6.228118e-05,2.296767e-05
81354,2025-06-03 12:40:00,nan,nan,nan,nan,nan,nan,799.5316,4379,5,1.00000omega,nan1 + nantheta + nanomega + nantheta^2 + nantheta omega + nanomega^2 + nantheta^3 + nantheta^2 omega + nantheta omega^2 + nanomega^3,N/A,nan,nan
81355,2025-06-03 12:45:00,0.004360,0.012032,0.009049,0.073228,4.405791,3.115795,136.4358,9656,1,1.00000omega,0.012061 + -0.00839theta + -0.00186omega + -0.01142theta^2 + -0.00104theta omega + -0.00723omega^2 + -0.00039theta^3 + 0.00094theta^2 omega + -0.01356theta omega^2 + -0.00917omega^3,-0.043766*omega**3 - 0.002157*omega**2*theta + 0.028573*omega**2 + 5.0e-6*omega*theta**2 - 0.000159*omega*theta + 0.0012*omega - 2.0e-6*theta**2 + 9.4e-5*theta - 0.000693,1.346959e-04,1.409526e-05
81356,2025-06-03 12:50:00,0.004267,0.004855,0.004571,0.066206,0.977965,0.693108,120.8076,5991,0,1.00000omega,-0.027791 + -0.20316theta + -0.00936omega + -0.05337theta^2 + -0.00463theta omega + 0.07976omega^2 + -4.42911theta^3 + 2.24652theta^2 omega + 1.37255theta omega^2 + -0.51682omega^3,-2.329985*omega**3 + 0.206263*omega**2*theta - 0.131288*omega**2 + 0.011253*omega*theta**2 - 0.017759*omega*theta + 0.006695*omega - 0.00074*theta**3 + 0.001722*theta**2 - 0.001562*theta + 0.000443,1.519490e-04,1.197393e-05
81357,2025-06-03 12:55:00,0.004813,0.005329,0.005077,0.128869,6.276503,4.439093,106.6799,7724,1,1.00000omega,-0.190981 + -0.00010theta + 0.11627omega + 0.28066theta^2 + -0.16804theta omega + -0.29313omega^2 + -0.15756theta^3 + -0.03028theta^2 omega + 0.00881theta omega^2 + 0.01265omega^3,0.039143*omega**3 + 0.000909*omega**2*theta - 0.098923*omega**2 - 0.000104*omega*theta**2 - 0.000703*omega*theta + 0.010459*omega - 1.8e-5*theta**3 + 0.000385*theta**2 - 0.002554*theta + 0.004743,1.886226e-04,1.765733e-05
81358,2025-06-03 13:00:00,0.003664,0.005384,0.004605,0.149094,7.683251,5.433902,106.6966,9595,2,1.00000omega,-0.021681 + 0.00136theta + -0.07261omega + 0.02416theta^2 + 0.22228theta omega + -0.01497omega^2 + -0.00563theta^3 + -0.03006theta^2 omega + -0.11101theta omega^2 + -0.00013omega^3,-0.000684*omega**3 - 0.019483*omega**2*theta - 0.171686*omega**2 - 0.000176*omega*theta**2 + 0.000118*omega*theta + 0.011257*omega - 1.0e-6*theta**3 - 1.7e-5*theta**2 - 4.5e-5*theta + 9.4e-5,1.231424e-04,1.287848e-05
81359,2025-06-03 13:05:00,0.005517,0.006427,0.005989,0.085624,1.991301,1.409364,192.1234,7263,0,1.00000omega,0.020721 + -0.03010theta + -0.04565omega + 0.26823theta^2 + -0.25332theta omega + 0.06712omega^2 + -0.57262theta^3 + -0.07348theta^2 omega + 0.18029theta omega^2 + 0.08278omega^3,0.351007*omega**3 + 0.025482*omega**2*theta + 0.016219*omega**2 - 0.000346*omega*theta**2 - 0.00293*omega*theta - 0.000442*omega - 9.0e-5*theta**3 + 0.000207*theta**2 - 0.000146*theta + 9.1e-5,2.129483e-04,1.408375e-05
81360,2025-06-03 13:10:00,0.005436,0.004657,0.005062,0.119032,2.039515,1.444609,181.8873,6084,0,1.00000omega,-0.012701 + -3.10712theta + -0.01847omega + 0.12622theta^2 + -0.00316theta omega + -0.37376omega^2 + -0.26158theta^3 + 0.46254theta^2 omega + 1.05108theta omega^2 + -0.00353omega^3,-0.014409*omega**3 + 0.143011*omega**2*theta - 0.217575*omega**2 + 0.002098*omega*theta**2 - 0.002377*omega*theta + 5.8e-5*omega - 4.0e-5*theta**3 + 0.000118*theta**2 - 0.003547*theta + 0.001909,1.561649e-04,2.042779e-05
81361,2025-06-03 13:15:00,0.004441,0.006701,0.005684,0.109860,3.235315,2.289032,83.8222,6063,0,1.00000omega,0.164231 + -0.08518theta + -0.27334omega + -0.19069theta^2 + 0.01954theta omega + -0.05054omega^2 + -0.15432theta^3 + -0.00024theta^2 omega + 0.09261theta omega^2 + -0.23228omega^3,-0.667637*omega**3 + 0.008873*omega**2*theta - 0.073128*omega**2 - 0.e-6*omega*theta**2 + 0.000212*omega*theta - 0.01045*omega - 1.6e-5*theta**3 + 0.000254*theta**2 - 0.001313*theta + 0.002917,1.391961e-04,1.928624e-05
81362,2025-06-03 13:20:00,0.004238,0.004867,0.004563,0.195236,31.966067,22.603844,157.8141,5409,0,1.00000omega,0.020081 + -0.05045theta + -0.03993omega + 0.07183theta^2 + -0.03246theta omega + 0.04311omega^2 + -0.00163theta^3 + -0.00092theta^2 omega + -0.08089theta omega^2 + 0.05571omega^3,0.324233*omega**3 - 0.015693*omega**2*theta + 0.078747*omega**2 - 6.0e-6*omega*theta**2 - 0.000431*omega*theta + 0.000398*omega + 3.9e-5*theta**2 - 0.000339*theta + 0.000793,2.134656e-04,1.899934e-05
81363,2025-06-03 13:25:00,0.004389,0.008356,0.006674,nan,nan,nan,165.8806,7743,1,1.00000omega,-0.116681 + 0.00327theta + 0.15959omega + -0.05338theta^2 + 0.02354theta omega + 0.12326omega^2 + -0.01098theta^3 + 0.00332theta^2 omega + 0.02523theta omega^2 + 0.01243omega^3,0.070659*omega**3 + 0.004781*omega**2*theta - 0.014784*omega**2 + 2.1e-5*omega*theta**2 - 0.000259*omega*theta + 0.004727*omega - 2.0e-6*theta**3 + 7.3e-5*theta**2 - 0.000678*theta + 0.001141,1.071956e-04,1.820017e-05
81364,2025-06-03 13:30:00,0.004704,0.007281,0.006130,0.561050,28.950498,20.474938,123.8506,7582,0,1.00000omega,0.036931 + -0.51311theta + 0.08723omega + 0.05666theta^2 + 0.02507theta omega + 0.21471omega^2 + -0.00605theta^3 + 0.00852theta^2 omega + 0.00024theta omega^2 + -0.02718omega^3,-0.100817*omega**3 + 3.0e-5*omega**2*theta + 0.075347*omega**2 + 3.5e-5*omega*theta**2 - 6.2e-5*omega*theta + 0.00232*omega - 0.e-6*theta**3 + 3.5e-5*theta**2 - 0.000858*theta + 0.003676,9.507198e-05,2.482935e-05
81365,2025-06-03 13:35:00,0.004440,0.004643,0.004543,0.125576,6.505960,4.601265,106.0026,7516,0,1.00000omega,-0.216741 + -0.02431theta + -0.09760omega + 0.06445theta^2 + 0.08372theta omega + 0.03230omega^2 + -0.11103theta^3 + 0.00278theta^2 omega + 0.30024theta omega^2 + 0.00846omega^3,0.030433*omega**3 + 0.036001*omega**2*theta - 0.160946*omega**2 + 1.1e-5*omega*theta**2 + 0.00086*omega*theta - 0.00762*omega - 1.5e-5*theta**3 + 0.000237*theta**2 - 0.001279*theta + 0.001617,2.497030e-04,1.665492e-05
81366,2025-06-03 13:40:00,0.005508,0.006654,0.006108,0.109767,8.505320,6.014670,206.6878,5896,1,1.00000omega,-0.037211 + -0.00941theta + -0.05938omega + 0.11899theta^2 + -0.07756theta omega + 0.03116omega^2 + -0.00210theta^3 + 0.01125theta^2 omega + -0.11063theta omega^2 + 0.01205omega^3,0.055575*omega**3 - 0.017008*omega**2*theta + 0.091366*omega**2 + 5.8e-5*omega*theta**2 - 0.00155*omega*theta + 0.003987*omega + 5.7e-5*theta**2 - 0.000516*theta + 0.001102,1.302056e-04,1.457337e-05
81367,2025-06-03 13:45:00,0.004916,0.006444,0.005732,nan,nan,nan,180.7318,7559,0,1.00000omega,0.002871 + -0.13431theta + -0.07700omega + -0.01654theta^2 + -0.01607theta omega + 0.18144omega^2 + -0.00318theta^3 + -0.02107theta^2 omega + 0.00946theta omega^2 + 0.08230omega^3,0.409674*omega**3 + 0.00157*omega**2*theta + 0.055506*omega**2 - 0.000117*omega*theta**2 + 0.002514*omega*theta - 0.016026*omega - 0.e-6*theta**3 + 1.3e-5*theta**2 - 0.000215*theta + 0.001673,8.444349e-05,1.907942e-05
81368,2025-06-03 13:50:00,0.004587,0.004737,0.004663,0.076804,2.217465,1.568925,130.0843,5413,0,1.00000omega,0.214301 + -0.17073theta + -0.03107omega + -0.00904theta^2 + 0.03091theta omega + -0.01159omega^2 + -0.11037theta^3 + -0.02130theta^2 omega + 0.01512theta omega^2 + -0.08436omega^3,-0.344853*omega**3 + 0.00206*omega**2*theta - 0.016968*omega**2 - 9.7e-5*omega*theta**2 + 0.001572*omega*theta - 0.007049*omega - 1.7e-5*theta**3 + 0.000305*theta**2 - 0.002046*theta + 0.005578,1.273867e-04,2.068788e-05
81369,2025-06-03 13:55:00,0.004900,0.005792,0.005365,nan,nan,nan,115.4690,6000,0,1.00000omega,-0.156811 + -0.10339theta + 0.38747omega + -0.08672theta^2 + 0.33738theta omega + -0.01803omega^2 + -0.24399theta^3 + 0.03171theta^2 omega + 0.11207theta omega^2 + -0.01438omega^3,-0.046078*omega**3 + 0.01197*omega**2*theta - 0.0834*omega**2 + 0.000113*omega*theta**2 + 0.002213*omega*theta - 0.006149*omega - 2.9e-5*theta**3 + 0.000531*theta**2 - 0.003349*theta + 0.006751,3.205549e-04,2.507088e-05
81370,2025-06-03 14:00:00,0.004567,0.009615,0.007527,nan,nan,nan,96.3284,7580,0,1.00000omega,-0.009651 + -0.08106theta + -0.05509omega + 0.03221theta^2 + -0.00420theta omega + 0.00145omega^2 + -0.04698theta^3 + 0.00176theta^2 omega + 0.03689theta omega^2 + 0.08306omega^3,0.257439*omega**3 + 0.003811*omega**2*theta - 0.003691*omega**2 + 6.0e-6*omega*theta**2 - 5.8e-5*omega*theta - 0.00178*omega - 5.0e-6*theta**3 + 2.9e-5*theta**2 - 0.000134*theta + 8.6e-5,3.393032e-04,1.646990e-05
81371,2025-06-03 14:05:00,0.004514,0.004079,0.004302,nan,nan,nan,112.2756,6547,0,1.00000omega,0.098691 + -0.62433theta + 0.02522omega + -0.28354theta^2 + 0.10922theta omega + -0.61873omega^2 + -0.97126theta^3 + 1.02936theta^2 omega + 0.10910theta omega^2 + -0.24056omega^3,-0.881819*omega**3 + 0.013331*omega**2*theta - 0.280901*omega**2 + 0.004193*omega*theta**2 - 0.039373*omega*theta + 0.093185*omega - 0.000132*theta**3 + 0.001807*theta**2 - 0.008921*theta + 0.016108,1.941127e-04,1.821394e-05
81372,2025-06-03 14:10:00,0.004619,0.012409,0.009363,0.075906,2.093492,1.481295,218.7198,9971,0,1.00000omega,-0.098561 + -0.00242theta + -0.00265omega + 0.00097theta^2 + 0.00491theta omega + -0.01188omega^2 + -0.00022theta^3 + -0.00109theta^2 omega + 0.01051theta omega^2 + -0.00038omega^3,-0.002599*omega**3 + 0.002396*omega**2*theta - 0.032808*omega**2 - 8.0e-6*omega*theta**2 + 0.000266*omega*theta - 0.002035*omega + 2.0e-6*theta**2 - 3.6e-5*theta - 5.2e-5,1.646742e-04,1.101927e-05
81373,2025-06-03 14:15:00,0.004353,0.008140,0.006527,0.089112,3.783970,2.676413,124.3008,7404,0,1.00000omega,-0.008671 + 0.00128theta + -0.00625omega + 0.00681theta^2 + -0.00065theta omega + -0.00971omega^2 + -0.00034theta^3 + 0.00095theta^2 omega + 0.00038theta omega^2 + -0.00885omega^3,-0.038664*omega**3 + 5.5e-5*omega**2*theta - 0.004507*omega**2 + 5.0e-6*omega*theta**2 - 0.000142*omega*theta + 0.00088*omega + 5.0e-6*theta**2 - 0.000117*theta + 0.000728,8.952458e-05,2.293217e-05
81374,2025-06-03 14:20:00,0.005416,0.018874,0.013885,0.083735,10.064002,7.116570,368.4178,9999,0,1.00000omega,-0.003811 + 0.00131theta + -0.00752omega + -0.00177theta^2 + 0.00004theta omega + -0.00031omega^2 + 0.00006theta^3 + -0.00123theta^2 omega + -0.00066theta omega^2 + 0.00070omega^3,0.005737*omega**3 - 0.00018*omega**2*theta + 0.00278*omega**2 - 1.1e-5*omega*theta**2 + 0.000366*omega*theta - 0.003244*omega - 2.0e-6*theta**2 + 5.0e-5*theta - 0.000385,1.793777e-04,1.308597e-05
81375,2025-06-03 14:25:00,0.004748,0.010226,0.007972,0.080716,3.891139,2.752043,213.7259,9133,0,1.00000omega,0.014671 + 0.00823theta + -0.00286omega + -0.00276theta^2 + 0.00580theta omega + 0.01856omega^2 + -0.00029theta^3 + -0.00368theta^2 omega + 0.02076theta omega^2 + 0.00448omega^3,0.028099*omega**3 + 0.00434*omega**2*theta - 0.04518*omega**2 - 2.6e-5*omega*theta**2 + 0.000723*omega*theta - 0.005109*omega + 1.0e-6*theta**2 + 1.3e-5*theta - 0.000164,2.118018e-04,1.261467e-05
81376,2025-06-03 14:30:00,0.005810,0.007916,0.006943,0.085323,2.359090,1.669219,256.4985,8902,0,1.00000omega,0.253401 + 0.01362theta + -0.03500omega + 0.01223theta^2 + -0.00875theta omega + -0.20503omega^2 + -0.00022theta^3 + 0.01866theta^2 omega + -0.01575theta omega^2 + -0.15797omega^3,-0.793729*omega**3 - 0.002638*omega**2*theta - 0.049217*omega**2 + 0.000104*omega*theta**2 - 0.002859*omega*theta + 0.018421*omega + 7.0e-6*theta**2 - 0.000152*theta + 0.001544,1.926129e-04,2.146837e-05
81377,2025-06-03 14:35:00,0.005911,0.025475,0.018492,0.107833,14.241082,10.070254,259.2265,9999,0,1.00000omega,0.003971 + 0.00375theta + 0.00407omega + 0.00169theta^2 + 0.00096theta omega + 0.00393omega^2 + 0.00003theta^3 + 0.00010theta^2 omega + 0.00020theta omega^2 + -0.00052omega^3,-0.002496*omega**3 + 3.2e-5*omega**2*theta + 0.001036*omega**2 + 1.0e-6*omega*theta**2 - 5.0e-6*omega*theta + 7.1e-5*omega - 1.6e-5*theta + 0.000127,4.660149e-04,1.765593e-05
81378,2025-06-03 14:40:00,nan,nan,nan,nan,nan,nan,201112.8281,1337,5,1.00000omega,nan1 + nantheta + nanomega + nantheta^2 + nantheta omega + nanomega^2 + nantheta^3 + nantheta^2 omega + nantheta omega^2 + nanomega^3,N/A,nan,nan
81379,2025-06-03 14:45:00,nan,nan,nan,nan,nan,nan,29932.1328,1147,5,1.00000omega,nan1 + nantheta + nanomega + nantheta^2 + nantheta omega + nanomega^2 + nantheta^3 + nantheta^2 omega + nantheta omega^2 + nanomega^3,N/A,nan,nan
81380,2025-06-03 14:50:00,0.006118,0.006030,0.006074,0.141481,5.288812,3.741093,190.1370,7403,0,1.00000omega,-0.000981 + -0.12608theta + -0.06150omega + -0.10399theta^2 + -0.00824theta omega + 0.02269omega^2 + -0.04763theta^3 + -0.01055theta^2 omega + 0.02832theta omega^2 + 0.00141omega^3,0.004708*omega**3 + 0.003152*omega**2*theta - 0.023679*omega**2 - 3.9e-5*omega*theta**2 + 0.000684*omega*theta - 0.004988*omega - 6.0e-6*theta**3 + 0.000137*theta**2 - 0.001112*theta + 0.003336,1.826865e-04,2.573268e-05
81381,2025-06-03 14:55:00,0.006203,0.010196,0.008439,0.108054,11.899612,8.414643,361.2211,9999,1,1.00000omega,-0.026931 + -0.00756theta + 0.00436omega + -0.00055theta^2 + -0.01592theta omega + -0.00268omega^2 + 0.00011theta^3 + 0.00082theta^2 omega + -0.00977theta omega^2 + 0.00145omega^3,0.009046*omega**3 - 0.002032*omega**2*theta + 0.0229*omega**2 + 6.0e-6*omega*theta**2 - 0.000377*omega*theta + 0.00382*omega - 1.0e-6*theta**2 + 9.0e-6*theta - 4.8e-5,1.949621e-04,1.234310e-05
81382,2025-06-03 15:00:00,0.005820,0.029794,0.021466,0.119751,8.330703,5.891305,113.7071,9926,0,1.00000omega,-0.153601 + -0.08598theta + 0.02433omega + 0.11274theta^2 + -0.01532theta omega + -0.01219omega^2 + -0.00879theta^3 + -0.00082theta^2 omega + -0.01912theta omega^2 + 0.01287omega^3,0.028806*omega**3 - 0.001427*omega**2*theta + 0.003931*omega**2 - 2.0e-6*omega*theta**2 - 0.000119*omega*theta + 0.001468*omega - 0.e-6*theta**3 + 4.5e-5*theta**2 - 0.0005*theta + 0.000844,6.175781e-04,1.700349e-05
81383,2025-06-03 15:05:00,nan,nan,nan,nan,nan,nan,98886.8438,755,5,1.00000omega,nan1 + nantheta + nanomega + nantheta^2 + nantheta omega + nanomega^2 + nantheta^3 + nantheta^2 omega + nantheta omega^2 + nanomega^3,N/A,nan,nan
81384,2025-06-03 15:10:00,0.005465,0.016394,0.012220,nan,nan,nan,581.2142,9999,0,1.00000omega,0.015461 + 0.00504theta + 0.05011omega + 0.00057theta^2 + 0.00298theta omega + 0.02043omega^2 + 0.00001theta^3 + 0.00026theta^2 omega + 0.00241theta omega^2 + 0.00715omega^3,0.091099*omega**3 + 0.001024*omega**2*theta - 0.008262*omega**2 + 4.0e-6*omega*theta**2 - 9.0e-5*omega*theta + 0.001941*omega - 6.0e-6*theta + 4.8e-5,2.056089e-04,1.070999e-05
81385,2025-06-03 15:15:00,0.006929,0.039524,0.028374,0.092189,11.743235,8.303977,577.4333,9829,5,1.00000omega,0.004611 + 0.00285theta + 0.00737omega + -0.00286theta^2 + -0.00010theta omega + -0.00059omega^2 + 0.00004theta^3 + -0.00032theta^2 omega + 0.00014theta omega^2 + 0.00281omega^3,0.021585*omega**3 + 3.6e-5*omega**2*theta - 0.00087*omega**2 - 3.0e-6*omega*theta**2 + 8.5e-5*omega*theta - 0.000422*omega - 2.0e-6*theta**2 + 6.3e-5*theta - 0.000495,nan,nan
81386,2025-06-03 15:20:00,nan,nan,nan,nan,nan,nan,15212.6152,1394,5,1.00000omega,nan1 + nantheta + nanomega + nantheta^2 + nantheta omega + nanomega^2 + nantheta^3 + nantheta^2 omega + nantheta omega^2 + nanomega^3,N/A,nan,nan
81387,2025-06-03 15:25:00,nan,nan,nan,nan,nan,nan,1048.6909,3266,5,1.00000omega,nan1 + nantheta + nanomega + nantheta^2 + nantheta omega + nanomega^2 + nantheta^3 + nantheta^2 omega + nantheta omega^2 + nanomega^3,N/A,nan,nan
81388,2025-06-03 15:30:00,0.006891,0.033258,0.024016,0.108882,5.060791,3.579348,113.7108,9999,0,1.00000omega,0.039271 + 0.00789theta + -0.01022omega + 0.03733theta^2 + 0.02371theta omega + 0.00442omega^2 + -0.02002theta^3 + 0.00693theta^2 omega + 0.00280theta omega^2 + 0.00200omega^3,0.003156*omega**3 + 0.000147*omega**2*theta + 0.003754*omega**2 + 1.2e-5*omega*theta**2 + 0.000633*omega*theta + 0.00724*omega - 1.0e-6*theta**3 - 5.6e-5*theta**2 - 0.000853*theta - 0.003892,8.042507e-04,2.094750e-05
81389,2025-06-03 15:35:00,0.005356,0.005609,0.005484,0.181242,9.139040,6.463548,194.3038,8492,0,1.00000omega,0.475371 + -0.03762theta + -0.09418omega + -0.02175theta^2 + 0.07205theta omega + -0.01910omega^2 + -0.03885theta^3 + -0.00077theta^2 omega + 0.02111theta omega^2 + -0.01636omega^3,-0.073841*omega**3 + 0.003176*omega**2*theta - 0.044775*omega**2 - 4.0e-6*omega*theta**2 + 0.001022*omega*theta - 0.014634*omega - 6.0e-6*theta**3 + 0.00022*theta**2 - 0.002518*theta + 0.011132,2.432645e-04,1.375646e-05
81390,2025-06-03 15:40:00,0.005468,0.005838,0.005656,0.075995,2.091585,1.479950,219.0536,6278,0,1.00000omega,-0.029501 + -0.04147theta + -0.03302omega + -0.01835theta^2 + 0.01129theta omega + 0.23619omega^2 + -0.00399theta^3 + 0.00917theta^2 omega + -0.01348theta omega^2 + -0.03759omega^3,-0.184025*omega**3 - 0.0022*omega**2*theta + 0.068362*omega**2 + 5.0e-5*omega*theta**2 + 0.001379*omega*theta + 0.008311*omega - 0.e-6*theta**3 - 3.5e-5*theta**2 - 0.000577*theta - 0.003238,1.890918e-04,1.370906e-05
81391,2025-06-03 15:45:00,0.004576,0.008459,0.006800,0.146460,4.224083,2.988673,90.0785,8176,0,1.00000omega,-1.041581 + 0.33519theta + -0.41615omega + 0.32990theta^2 + -0.61439theta omega + -0.32597omega^2 + -0.48226theta^3 + -0.09695theta^2 omega + 0.02560theta omega^2 + -0.42369omega^3,-1.239017*omega**3 + 0.002495*omega**2*theta - 0.080401*omega**2 - 0.000315*omega*theta**2 - 0.01179*omega*theta - 0.091739*omega - 5.2e-5*theta**3 - 0.001228*theta**2 - 0.009161*theta - 0.024935,1.893700e-04,1.699715e-05
81392,2025-06-03 15:50:00,0.005354,0.006751,0.006093,0.118336,5.102784,3.609183,137.8242,5536,0,1.00000omega,-0.072281 + -0.34506theta + -0.01512omega + 0.38599theta^2 + -0.00874theta omega + 0.05916omega^2 + -0.19884theta^3 + -0.03620theta^2 omega + 0.02087theta omega^2 + -0.10365omega^3,-0.331812*omega**3 + 0.002227*omega**2*theta + 0.034577*omega**2 - 0.000129*omega*theta**2 - 0.001859*omega*theta - 0.007195*omega - 2.4e-5*theta**3 - 0.000344*theta**2 - 0.001782*theta - 0.003873,6.322969e-05,2.541304e-05
81393,2025-06-03 15:55:00,0.004379,0.005193,0.004803,0.092952,4.287688,3.032565,163.5891,5794,2,1.00000omega,0.014041 + -0.27774theta + -0.11797omega + 0.00428theta^2 + 0.05583theta omega + -0.10246omega^2 + -0.01370theta^3 + 0.00207theta^2 omega + -0.06636theta omega^2 + -0.02740omega^3,-0.156009*omega**3 - 0.012595*omega**2*theta - 0.140118*omega**2 + 1.3e-5*omega*theta**2 + 0.001009*omega*theta + 0.002967*omega - 3.0e-6*theta**3 - 6.4e-5*theta**2 - 0.000775*theta - 0.003443,5.759228e-05,1.584098e-05
81394,2025-06-03 16:05:00,nan,nan,nan,nan,nan,nan,3344.7520,1259,5,1.00000omega,nan1 + nantheta + nanomega + nantheta^2 + nantheta omega + nanomega^2 + nantheta^3 + nantheta^2 omega + nantheta omega^2 + nanomega^3,N/A,nan,nan
81395,2025-06-03 16:10:00,0.004275,0.004122,0.004199,0.102647,1.560164,1.105588,188.4516,4404,0,1.00000omega,0.081321 + -1.05553theta + -0.04676omega + -0.29504theta^2 + 0.46786theta omega + -0.02272omega^2 + -3.39295theta^3 + 0.21782theta^2 omega + -0.52897theta omega^2 + 0.00259omega^3,0.017939*omega**3 - 0.122128*omega**2*theta - 0.005722*omega**2 + 0.001676*omega*theta**2 + 0.007351*omega*theta - 0.001874*omega - 0.00087*theta**3 - 4.6e-5*theta**2 - 0.001164*theta + 0.000238,1.169681e-04,1.091288e-05
81396,2025-06-03 16:15:00,nan,nan,nan,nan,nan,nan,488.5599,2477,5,1.00000omega,nan1 + nantheta + nanomega + nantheta^2 + nantheta omega + nanomega^2 + nantheta^3 + nantheta^2 omega + nantheta omega^2 + nanomega^3,N/A,nan,nan
81397,2025-06-03 16:20:00,0.004498,0.006978,0.005870,nan,nan,nan,147.3016,4627,0,1.00000omega,-0.614691 + -0.48978theta + 0.08213omega + -0.00289theta^2 + -0.98703theta omega + 0.95143omega^2 + -0.07638theta^3 + 0.11221theta^2 omega + -0.21487theta omega^2 + 0.00686omega^3,0.033244*omega**3 - 0.034709*omega**2*theta + 0.146915*omega**2 + 0.000604*omega*theta**2 - 0.005025*omega*theta - 0.059165*omega - 1.4e-5*theta**3 - 0.00028*theta**2 - 0.002455*theta - 0.009732,2.133080e-04,1.673385e-05
81398,2025-06-03 16:25:00,0.004985,0.005668,0.005337,nan,nan,nan,136.4521,6521,0,1.00000omega,-0.046021 + -1.02111theta + -0.02626omega + -0.23522theta^2 + -0.07987theta omega + 0.01191omega^2 + -0.37446theta^3 + 0.44044theta^2 omega + -0.00017theta omega^2 + -0.01110omega^3,-0.04031*omega**3 - 2.1e-5*omega**2*theta + 0.004212*omega**2 + 0.001777*omega*theta**2 - 0.012686*omega*theta + 0.021644*omega - 5.0e-5*theta**3 + 0.000409*theta**2 - 0.002187*theta + 0.004436,1.951310e-04,2.100306e-05
81399,2025-06-03 16:30:00,0.005213,0.005420,0.005318,nan,nan,nan,108.5536,5923,0,1.00000omega,-0.199281 + -1.07294theta + 0.05451omega + 1.15588theta^2 + 0.01527theta omega + -0.68916omega^2 + -0.02647theta^3 + -0.02596theta^2 omega + -0.11270theta omega^2 + 0.19326omega^3,0.514275*omega**3 - 0.009997*omega**2*theta - 0.296925*omega**2 - 7.7e-5*omega*theta**2 - 0.001256*omega*theta - 0.003248*omega - 3.0e-6*theta**3 + 0.000311*theta**2 + 0.005165*theta + 0.018479,2.287077e-04,2.496756e-05
