Chunk_Index,Chunk_Start_Time,Orig_RMSE_Omega,Orig_RMSE_Theta,Orig_RMSE_Total,Sim_RMSE_Omega,Sim_RMSE_Theta,Sim_RMSE_Total,Final_Loss,Stopped_Epoch,NaN_Recoveries,Eq_Theta,Eq_Omega,Eq_Omega_Physical,Diffusion_Theta,Diffusion_Omega
90640,2025-07-05 19:55:00,0.005392,0.015130,0.011358,0.086296,2.484857,1.758118,239.5069,3055,5,1.00000omega,0.192971 + -0.63906theta + -0.17091omega + 0.06528theta^2 + 0.13853theta omega + -0.03528omega^2 + -0.32606theta^3 + 0.02800theta^2 omega + -0.61586theta omega^2 + -0.20025omega^3,-1.085364*omega**3 - 0.111266*omega**2*theta + 0.369204*omega**2 + 0.000169*omega*theta**2 + 0.000798*omega*theta - 0.010464*omega - 6.5e-5*theta**3 + 0.000709*theta**2 - 0.003264*theta + 0.006019,nan,nan
90641,2025-07-05 20:00:00,0.004600,0.012507,0.009423,0.061075,4.858172,3.435518,431.8062,9999,0,1.00000omega,0.034621 + -0.01100theta + 0.01185omega + -0.00009theta^2 + -0.00116theta omega + 0.00489omega^2 + -0.00030theta^3 + 0.00001theta^2 omega + -0.00026theta omega^2 + 0.00087omega^3,0.011658*omega**3 - 0.000116*omega**2*theta + 0.004998*omega**2 - 3.0e-5*omega*theta + 0.000813*omega + 7.0e-6*theta**2 - 0.000109*theta + 0.000717,1.414693e-04,7.596610e-06
90642,2025-07-05 20:05:00,0.004006,0.004335,0.004174,0.165827,3.929532,2.781072,142.8353,6831,0,1.00000omega,-0.248491 + -0.85121theta + 0.18639omega + 0.00140theta^2 + -0.01670theta omega + -0.17262omega^2 + -0.11568theta^3 + -0.31862theta^2 omega + -0.46826theta omega^2 + 0.03955omega^3,0.235097*omega**3 - 0.092783*omega**2*theta + 0.241277*omega**2 - 0.002104*omega*theta**2 + 0.014183*omega*theta - 0.017676*omega - 2.5e-5*theta**3 + 0.000263*theta**2 - 0.001849*theta + 0.003657,1.087696e-04,1.228311e-05
90643,2025-07-05 20:10:00,0.004002,0.010183,0.007736,0.082922,2.680646,1.896409,321.5264,9999,0,1.00000omega,-0.098301 + -0.02526theta + 0.01287omega + 0.00108theta^2 + -0.00620theta omega + 0.01049omega^2 + -0.00320theta^3 + -0.00104theta^2 omega + -0.00595theta omega^2 + 0.00198omega^3,0.026285*omega**3 - 0.002633*omega**2*theta + 0.032514*omega**2 - 1.5e-5*omega*theta**2 + 0.00016*omega*theta + 0.000319*omega - 2.0e-6*theta**3 + 4.7e-5*theta**2 - 0.000488*theta + 0.001618,1.247657e-04,7.573181e-06
90644,2025-07-05 20:15:00,0.004083,0.004518,0.004306,nan,nan,nan,235.7795,5342,0,1.00000omega,-0.028281 + -0.11143theta + 0.25304omega + -0.03812theta^2 + 0.03147theta omega + 0.01114omega^2 + -0.03604theta^3 + 0.00989theta^2 omega + 0.02721theta omega^2 + 0.03970omega^3,0.37613*omega**3 + 0.008593*omega**2*theta - 0.048664*omega**2 + 0.000104*omega*theta**2 - 0.000741*omega*theta + 0.00892*omega - 1.3e-5*theta**3 + 0.000219*theta**2 - 0.001369*theta + 0.003065,2.780967e-05,8.934755e-06
90645,2025-07-05 20:20:00,0.003659,0.006076,0.005015,0.052363,2.509846,1.775115,259.0349,6245,0,1.00000omega,0.005671 + -0.02688theta + 0.01232omega + -0.00031theta^2 + 0.00291theta omega + 0.01246omega^2 + -0.00295theta^3 + 0.00015theta^2 omega + -0.00086theta omega^2 + 0.00044omega^3,0.005555*omega**3 - 0.000362*omega**2*theta + 0.010194*omega**2 + 2.0e-6*omega*theta**2 + 3.8e-5*omega*theta + 0.000115*omega - 1.0e-6*theta**3 + 2.4e-5*theta**2 - 0.000168*theta + 0.00045,1.355265e-04,9.438878e-06
90646,2025-07-05 20:25:00,0.004518,0.006201,0.005426,0.076351,2.436959,1.724036,165.2271,7036,1,1.00000omega,0.049231 + -0.03870theta + 0.00199omega + -0.00968theta^2 + 0.00936theta omega + -0.04502omega^2 + -0.00602theta^3 + 0.00126theta^2 omega + -0.01368theta omega^2 + -0.04698omega^3,-0.253168*omega**3 - 0.002457*omega**2*theta + 0.001987*omega**2 + 8.0e-6*omega*theta**2 + 3.0e-6*omega*theta - 0.000513*omega - 1.0e-6*theta**3 + 2.6e-5*theta**2 - 0.00023*theta + 0.00092,8.227793e-05,1.434087e-05
90647,2025-07-05 20:30:00,0.004639,0.005575,0.005129,0.076415,4.765913,3.370443,154.9765,5889,0,1.00000omega,-0.158371 + -0.18909theta + -0.02391omega + 0.78325theta^2 + 0.10715theta omega + -0.04734omega^2 + -0.36429theta^3 + -0.35601theta^2 omega + -0.18413theta omega^2 + 0.14299omega^3,0.692585*omega**3 - 0.029728*omega**2*theta - 0.016809*omega**2 - 0.001916*omega*theta**2 + 0.00172*omega*theta - 0.000914*omega - 6.5e-5*theta**3 + 0.000364*theta**2 - 0.000263*theta - 0.00042,7.955482e-05,1.221226e-05
90648,2025-07-05 20:35:00,0.003956,0.005183,0.004611,nan,nan,nan,136.8024,9999,1,1.00000omega,-0.063081 + -0.00201theta + 0.09103omega + 0.01273theta^2 + -0.02129theta omega + -0.01254omega^2 + -0.02579theta^3 + 0.07565theta^2 omega + -0.00030theta omega^2 + -0.01180omega^3,-0.06924*omega**3 - 5.9e-5*omega**2*theta - 0.005116*omega**2 + 0.000493*omega*theta**2 - 0.007535*omega*theta + 0.03176*omega - 6.0e-6*theta**3 + 0.000129*theta**2 - 0.000995*theta + 0.002391,5.230166e-05,1.331689e-05
90649,2025-07-05 20:40:00,0.003740,0.005060,0.004449,0.178512,4.624737,3.272618,84.3395,6400,0,1.00000omega,0.012021 + 0.17399theta + 0.05260omega + 0.61934theta^2 + 0.01025theta omega + -0.22026omega^2 + -0.73671theta^3 + 0.07477theta^2 omega + 0.01027theta omega^2 + -0.01271omega^3,-0.050905*omega**3 + 0.001371*omega**2*theta - 0.086648*omega**2 + 0.000333*omega*theta**2 - 0.00287*omega*theta + 0.007928*omega - 0.000109*theta**3 + 0.001727*theta**2 - 0.008707*theta + 0.014213,1.494898e-04,1.522940e-05
90650,2025-07-05 20:45:00,0.004574,0.008583,0.006877,0.109751,5.177450,3.661833,78.2989,7798,0,1.00000omega,0.184941 + -0.47703theta + -0.06833omega + -0.20975theta^2 + -0.03367theta omega + 0.06890omega^2 + -0.01497theta^3 + 0.00655theta^2 omega + -0.00837theta omega^2 + -0.04871omega^3,-0.126701*omega**3 - 0.000726*omega**2*theta + 0.029456*omega**2 + 1.9e-5*omega*theta**2 - 0.000809*omega*theta + 0.004918*omega - 1.0e-6*theta**3 - 1.4e-5*theta**2 + 0.000513*theta - 0.00065,1.849723e-04,1.605497e-05
90651,2025-07-05 20:50:00,0.005627,0.026824,0.019380,0.196592,13.888910,9.821926,60.0480,9999,0,1.00000omega,0.030501 + -0.30843theta + 0.07578omega + 0.10586theta^2 + -0.05310theta omega + -0.01514omega^2 + -0.00030theta^3 + 0.00347theta^2 omega + -0.01524theta omega^2 + -0.03623omega^3,-0.047147*omega**3 - 0.000661*omega**2*theta + 0.000365*omega**2 + 5.0e-6*omega*theta**2 - 0.000422*omega*theta + 0.00463*omega + 2.5e-5*theta**2 - 0.000605*theta + 0.002682,9.238475e-04,1.926020e-05
90652,2025-07-05 20:55:00,0.007232,0.035629,0.025707,0.053137,1.765327,1.248840,189.2972,9999,0,1.00000omega,-0.107371 + -0.01220theta + -0.04631omega + -0.00887theta^2 + -0.00077theta omega + -0.00706omega^2 + -0.00006theta^3 + 0.00017theta^2 omega + -0.00108theta omega^2 + -0.00246omega^3,-0.005925*omega**3 - 8.7e-5*omega**2*theta + 0.000329*omega**2 - 3.2e-5*omega*theta - 0.00102*omega - 2.0e-6*theta**2 + 0.000125*theta - 0.001968,4.221947e-04,7.886126e-06
90653,2025-07-05 21:00:00,0.004919,0.014794,0.011024,0.201254,5.785941,4.093752,88.1629,7777,4,1.00000omega,0.035481 + -0.12800theta + 0.02118omega + 0.02911theta^2 + -0.02295theta omega + 0.19642omega^2 + -0.21832theta^3 + 0.07689theta^2 omega + 0.08695theta omega^2 + -0.03557omega^3,-0.087778*omega**3 + 0.007152*omega**2*theta + 0.121663*omega**2 + 0.000211*omega*theta**2 + 0.003632*omega*theta + 0.01629*omega - 2.0e-5*theta**3 - 0.000537*theta**2 - 0.004967*theta - 0.015592,3.118313e-04,1.562516e-05
90654,2025-07-05 21:05:00,nan,nan,nan,nan,nan,nan,735.3825,3888,5,1.00000omega,nan1 + nantheta + nanomega + nantheta^2 + nantheta omega + nanomega^2 + nantheta^3 + nantheta^2 omega + nantheta omega^2 + nanomega^3,N/A,nan,nan
90655,2025-07-05 21:10:00,0.003983,0.005235,0.004651,0.147697,1.936507,1.373294,147.4051,5803,0,1.00000omega,-0.256091 + -4.67764theta + 0.18653omega + -0.51154theta^2 + 0.98073theta omega + 0.18848omega^2 + -0.52756theta^3 + -0.28481theta^2 omega + -0.16790theta omega^2 + 0.02446omega^3,0.149011*omega**3 - 0.034095*omega**2*theta + 0.045628*omega**2 - 0.001928*omega*theta**2 + 0.010286*omega*theta + 0.020639*omega - 0.000119*theta**3 - 0.000668*theta**2 - 0.006263*theta - 0.007146,1.211925e-04,1.695819e-05
90656,2025-07-05 21:15:00,nan,nan,nan,nan,nan,nan,6936.8521,955,5,1.00000omega,nan1 + nantheta + nanomega + nantheta^2 + nantheta omega + nanomega^2 + nantheta^3 + nantheta^2 omega + nantheta omega^2 + nanomega^3,N/A,nan,nan
90657,2025-07-05 21:20:00,0.006271,0.028549,0.020668,0.168213,8.171883,5.779618,84.0830,9999,0,1.00000omega,-0.013051 + -0.00462theta + -0.02808omega + -0.08492theta^2 + -0.30586theta omega + 0.04346omega^2 + -0.02903theta^3 + 0.04783theta^2 omega + 0.03504theta omega^2 + -0.19737omega^3,-0.285132*omega**3 + 0.001687*omega**2*theta - 0.021045*omega**2 + 7.7e-5*omega*theta**2 - 0.00502*omega*theta + 0.064833*omega - 2.0e-6*theta**3 + 6.4e-5*theta**2 - 0.000785*theta + 0.002473,7.935655e-04,1.735216e-05
90658,2025-07-05 21:25:00,0.004536,0.005061,0.004806,nan,nan,nan,113.7991,8911,0,1.00000omega,-0.003251 + -0.00131theta + 0.00607omega + 0.00165theta^2 + 0.00102theta omega + -0.08282omega^2 + 0.00001theta^3 + -0.00515theta^2 omega + 0.00079theta omega^2 + 0.02850omega^3,0.106609*omega**3 + 9.9e-5*omega**2*theta - 0.027979*omega**2 - 2.1e-5*omega*theta**2 - 0.000538*omega*theta - 0.00318*omega + 1.0e-6*theta**2 + 1.6e-5*theta + 8.1e-5,1.637205e-04,1.298125e-05
90659,2025-07-05 21:30:00,0.004715,0.012491,0.009441,0.240555,11.958350,8.457541,127.3418,9999,0,1.00000omega,-0.052011 + 0.00175theta + 0.00111omega + -0.00315theta^2 + 0.00218theta omega + 0.08827omega^2 + -0.00630theta^3 + -0.00118theta^2 omega + -0.00840theta omega^2 + 0.02791omega^3,0.106544*omega**3 - 0.001069*omega**2*theta + 0.042009*omega**2 - 5.0e-6*omega*theta**2 + 0.000124*omega*theta - 0.000703*omega - 0.e-6*theta**3 + 2.5e-5*theta**2 - 0.000232*theta + 0.000547,2.822501e-04,1.402172e-05
90660,2025-07-05 21:35:00,0.004373,0.005031,0.004713,0.154905,17.124064,12.109038,123.1765,7613,0,1.00000omega,-0.038671 + -0.13954theta + 0.04957omega + 0.14839theta^2 + -0.02387theta omega + -0.00959omega^2 + -0.00224theta^3 + 0.00572theta^2 omega + -0.11023theta omega^2 + -0.02811omega^3,-0.121204*omega**3 - 0.015843*omega**2*theta + 0.094589*omega**2 + 2.7e-5*omega*theta**2 - 0.000641*omega*theta + 0.004576*omega + 6.9e-5*theta**2 - 0.000971*theta + 0.003336,5.545025e-05,1.533784e-05
90661,2025-07-05 21:40:00,nan,nan,nan,nan,nan,nan,788.9708,4185,5,1.00000omega,nan1 + nantheta + nanomega + nantheta^2 + nantheta omega + nanomega^2 + nantheta^3 + nantheta^2 omega + nantheta omega^2 + nanomega^3,N/A,nan,nan
90662,2025-07-05 21:45:00,0.026131,0.198381,0.141488,0.081869,4.314711,3.051510,2235.9841,9999,0,1.00000omega,0.048831 + -0.00148theta + -0.09418omega + -0.08936theta^2 + 0.00257theta omega + 0.01008omega^2 + -0.02598theta^3 + -0.00019theta^2 omega + 0.00394theta omega^2 + -0.00668omega^3,-0.013745*omega**3 + 0.00027*omega**2*theta - 0.003008*omega**2 + 4.1e-5*omega*theta - 0.003798*omega - 2.0e-6*theta**3 + 9.8e-5*theta**2 - 0.001509*theta + 0.006956,4.173426e-04,2.688003e-06
90663,2025-07-05 21:50:00,0.004252,0.004993,0.004637,0.084733,3.252127,2.300381,155.1746,5400,0,1.00000omega,0.044531 + -0.44436theta + -0.10998omega + 0.55286theta^2 + 0.11741theta omega + -0.02067omega^2 + -0.31238theta^3 + 0.05246theta^2 omega + 0.00234theta omega^2 + -0.06430omega^3,-0.36748*omega**3 + 0.000446*omega**2*theta - 0.006758*omega**2 + 0.000333*omega*theta**2 + 0.005092*omega*theta + 0.013605*omega - 6.6e-5*theta**3 - 0.000739*theta**2 - 0.002888*theta - 0.004142,5.365700e-05,1.461532e-05
90664,2025-07-05 21:55:00,0.005317,0.005915,0.005624,0.086988,2.074646,1.468285,190.7679,7700,0,1.00000omega,0.100201 + 0.06081theta + -0.30784omega + -0.47426theta^2 + -0.05349theta omega + -0.01837omega^2 + -0.41149theta^3 + -0.09580theta^2 omega + -0.00979theta omega^2 + -0.02938omega^3,-0.131808*omega**3 - 0.001464*omega**2*theta - 0.000154*omega**2 - 0.000478*omega*theta**2 + 0.003844*omega*theta - 0.017749*omega - 6.8e-5*theta**3 + 0.00077*theta**2 - 0.00262*theta + 0.002689,2.839669e-04,1.745891e-05
90665,2025-07-05 22:00:00,0.004636,0.006449,0.005616,0.084938,8.799139,6.222221,190.7033,9065,0,1.00000omega,-0.042641 + 0.00685theta + 0.09189omega + 0.08807theta^2 + -0.01625theta omega + -0.16261omega^2 + -0.02630theta^3 + 0.00702theta^2 omega + -0.05673theta omega^2 + -0.02462omega^3,-0.144639*omega**3 - 0.011109*omega**2*theta - 0.151484*omega**2 + 4.6e-5*omega*theta**2 + 0.000416*omega*theta + 0.003695*omega - 6.0e-6*theta**3 - 8.0e-5*theta**2 - 0.000252*theta + 6.7e-5,1.419491e-04,1.509009e-05
90666,2025-07-05 22:05:00,0.010156,0.044896,0.032548,0.097316,3.213615,2.273411,396.0349,9999,0,1.00000omega,0.007681 + -0.16096theta + -0.86092omega + -0.10123theta^2 + -0.00451theta omega + 0.83634omega^2 + -0.02310theta^3 + -0.00039theta^2 omega + 0.05625theta omega^2 + -0.14321omega^3,-0.359962*omega**3 + 0.004713*omega**2*theta + 0.149142*omega**2 - 1.0e-6*omega*theta**2 - 0.e-6*omega*theta - 0.028263*omega - 2.0e-6*theta**3 + 9.5e-5*theta**2 - 0.001404*theta + 0.007388,6.537756e-04,1.393428e-05
90667,2025-07-05 22:10:00,0.004379,0.007486,0.006132,0.083549,3.198227,2.262260,230.3281,9999,0,1.00000omega,0.011591 + -0.02100theta + -0.18602omega + -0.01067theta^2 + 0.00148theta omega + 0.00356omega^2 + -0.00316theta^3 + -0.00147theta^2 omega + -0.00287theta omega^2 + 0.00295omega^3,0.023359*omega**3 - 0.000758*omega**2*theta - 0.008656*omega**2 - 1.3e-5*omega*theta**2 - 0.000333*omega*theta - 0.008327*omega - 0.e-6*theta**3 - 4.5e-5*theta**2 - 0.000725*theta - 0.003922,1.627597e-04,1.173957e-05
90668,2025-07-05 22:15:00,0.005146,0.019377,0.014177,0.309490,10.368089,7.334611,191.9520,9999,0,1.00000omega,0.045871 + -0.00107theta + 0.03099omega + 0.00520theta^2 + 0.02697theta omega + 0.03434omega^2 + -0.00734theta^3 + 0.00442theta^2 omega + -0.00193theta omega^2 + 0.00018omega^3,0.000854*omega**3 - 0.000305*omega**2*theta + 0.017632*omega**2 + 2.3e-5*omega*theta**2 - 0.000249*omega*theta + 0.000329*omega - 1.0e-6*theta**3 + 5.3e-5*theta**2 - 0.000717*theta + 0.003383,3.031578e-04,1.324990e-05
90669,2025-07-05 22:20:00,0.005227,0.009884,0.007906,0.187549,7.571401,5.355431,420.5038,9999,0,1.00000omega,0.136851 + -0.00702theta + -0.03451omega + 0.02311theta^2 + 0.04408theta omega + -0.00991omega^2 + -0.00467theta^3 + -0.00304theta^2 omega + 0.01283theta omega^2 + 0.00230omega^3,0.023385*omega**3 + 0.004348*omega**2*theta - 0.061506*omega**2 - 3.4e-5*omega*theta**2 + 0.001736*omega*theta - 0.017758*omega - 2.0e-6*theta**3 + 8.3e-5*theta**2 - 0.001258*theta + 0.006521,1.499471e-04,9.772744e-06
90670,2025-07-05 22:25:00,0.004082,0.005001,0.004565,nan,nan,nan,175.9341,5889,0,1.00000omega,-0.056141 + -0.71993theta + 0.86236omega + 0.70635theta^2 + -0.02034theta omega + -0.01337omega^2 + -0.07951theta^3 + 0.01195theta^2 omega + 0.00962theta omega^2 + 0.02101omega^3,0.146265*omega**3 + 0.002232*omega**2*theta - 0.014768*omega**2 + 9.2e-5*omega*theta**2 - 0.001016*omega*theta + 0.03125*omega - 2.1e-5*theta**3 + 0.000607*theta**2 - 0.004476*theta + 0.009179,7.262927e-05,1.890474e-05
90671,2025-07-05 22:30:00,0.004400,0.004780,0.004594,0.056759,1.573940,1.113667,88.9368,7714,0,1.00000omega,-0.082721 + -0.07286theta + 0.05593omega + -0.01663theta^2 + 0.03536theta omega + -0.09464omega^2 + -0.15165theta^3 + 0.03815theta^2 omega + -0.01066theta omega^2 + -0.39253omega^3,-1.216123*omega**3 - 0.001101*omega**2*theta - 0.023391*omega**2 + 0.000131*omega*theta**2 - 0.001297*omega*theta + 0.004792*omega - 1.7e-5*theta**3 + 0.000327*theta**2 - 0.002129*theta + 0.004505,1.910913e-04,1.808903e-05
90672,2025-07-05 22:35:00,0.005771,0.006618,0.006209,0.079113,4.208411,2.976321,327.5294,9145,0,1.00000omega,-0.017531 + 0.04685theta + 0.00072omega + -0.00749theta^2 + 0.01503theta omega + -0.01938omega^2 + -0.00031theta^3 + -0.00237theta^2 omega + 0.03740theta omega^2 + -0.00261omega^3,-0.017147*omega**3 + 0.00819*omega**2*theta - 0.060733*omega**2 - 1.7e-5*omega*theta**2 + 0.000453*omega*theta - 0.002143*omega - 2.0e-6*theta**2 + 9.2e-5*theta - 0.000506,1.397907e-04,1.106676e-05
90673,2025-07-05 22:40:00,0.005139,0.005586,0.005367,nan,nan,nan,163.5034,5244,0,1.00000omega,-0.135451 + -0.64549theta + 0.45484omega + -0.63056theta^2 + 0.01671theta omega + 0.32685omega^2 + -1.13950theta^3 + 0.31270theta^2 omega + -1.39502theta omega^2 + 0.01256omega^3,0.052805*omega**3 - 0.1955*omega**2*theta + 0.271394*omega**2 + 0.001461*omega*theta**2 - 0.002019*omega*theta + 0.015851*omega - 0.000177*theta**3 + 0.000144*theta**2 - 0.000627*theta + 7.1e-5,1.450643e-04,1.059425e-05
90674,2025-07-05 22:45:00,0.004010,0.004749,0.004395,0.135182,3.235626,2.289929,89.0171,6377,1,1.00000omega,0.054591 + -2.38254theta + 0.00691omega + 0.39153theta^2 + 0.13396theta omega + -0.14642omega^2 + 0.04307theta^3 + 0.51992theta^2 omega + 0.07788theta omega^2 + -0.08668omega^3,-0.321881*omega**3 + 0.00964*omega**2*theta - 0.090213*omega**2 + 0.002145*omega*theta**2 - 0.015652*omega*theta + 0.028493*omega + 6.0e-6*theta**3 + 8.2e-5*theta**2 - 0.00359*theta + 0.012883,1.230138e-04,1.568600e-05
90675,2025-07-05 22:50:00,0.004431,0.008605,0.006844,0.062497,5.814031,4.111378,666.1807,9999,0,1.00000omega,-0.273281 + 0.01939theta + 0.01663omega + -0.00051theta^2 + -0.00079theta omega + 0.01089omega^2 + 0.00001theta^3 + 0.00004theta^2 omega + 0.00077theta omega^2 + 0.01053omega^3,0.234102*omega**3 + 0.000571*omega**2*theta + 0.001941*omega**2 + 1.0e-6*omega*theta**2 - 4.8e-5*omega*theta + 0.001017*omega - 0.e-6*theta**2 + 3.8e-5*theta - 0.000734,1.014635e-04,8.751007e-06
90676,2025-07-05 22:55:00,0.004748,0.004481,0.004616,0.089996,2.308091,1.633307,169.8102,5171,0,1.00000omega,0.056971 + -0.96578theta + -0.34279omega + 0.12137theta^2 + 0.23742theta omega + 0.12168omega^2 + 0.01702theta^3 + 0.03607theta^2 omega + 0.01818theta omega^2 + -0.16307omega^3,-0.808977*omega**3 + 0.003006*omega**2*theta + 0.040762*omega**2 + 0.000199*omega*theta**2 + 0.002065*omega*theta - 0.019087*omega + 3.0e-6*theta**3 + 2.8e-5*theta**2 - 0.001312*theta + 0.003653,1.579364e-04,1.796290e-05
90677,2025-07-05 23:00:00,0.005715,0.040133,0.028665,0.057359,3.354519,2.372350,174.2952,9999,0,1.00000omega,-0.052221 + -0.04222theta + -0.00265omega + -0.00695theta^2 + -0.00304theta omega + -0.00917omega^2 + -0.00050theta^3 + -0.00072theta^2 omega + -0.00065theta omega^2 + -0.00560omega^3,-0.018955*omega**3 - 7.3e-5*omega**2*theta - 0.001541*omega**2 - 3.0e-6*omega*theta**2 + 8.0e-5*omega*theta - 0.000567*omega + 1.0e-6*theta**2 - 2.1e-5*theta + 0.000249,8.160346e-04,1.306073e-05
90678,2025-07-05 23:05:00,0.004719,0.005412,0.005077,0.127561,4.683495,3.312959,149.9223,5694,1,1.00000omega,0.091981 + -0.60174theta + 0.09920omega + 0.43975theta^2 + -0.14626theta omega + 0.06147omega^2 + -0.19228theta^3 + -0.01405theta^2 omega + 0.02849theta omega^2 + 0.04891omega^3,0.220375*omega**3 + 0.004279*omega**2*theta + 0.037425*omega**2 - 7.0e-5*omega*theta**2 - 0.002337*omega*theta - 0.00341*omega - 3.2e-5*theta**3 - 0.000117*theta**2 - 0.000437*theta - 0.000979,7.144261e-05,1.943346e-05
90679,2025-07-05 23:10:00,0.005042,0.008055,0.006719,0.075975,3.183816,2.251939,154.8215,6066,0,1.00000omega,-0.022621 + -0.01971theta + 0.02948omega + -0.07888theta^2 + 0.00508theta omega + 0.04507omega^2 + -0.02684theta^3 + -0.01112theta^2 omega + -0.02958theta omega^2 + -0.00017omega^3,-0.000682*omega**3 - 0.003956*omega**2*theta + 0.011751*omega**2 - 5.0e-5*omega*theta**2 - 5.7e-5*omega*theta + 0.000986*omega - 4.0e-6*theta**3 - 4.6e-5*theta**2 - 0.000116*theta - 0.000148,3.799482e-04,1.874191e-05
90680,2025-07-05 23:15:00,0.004588,0.004595,0.004592,0.471631,12.939954,9.156005,276.0462,7650,0,1.00000omega,0.073731 + -0.05201theta + 0.22642omega + 0.01968theta^2 + 0.02340theta omega + -0.01255omega^2 + -0.00863theta^3 + 0.00897theta^2 omega + -0.02800theta omega^2 + -0.00046omega^3,-0.003992*omega**3 - 0.008101*omega**2*theta - 0.091155*omega**2 + 8.7e-5*omega*theta**2 + 0.002222*omega*theta + 0.02131*omega - 3.0e-6*theta**3 - 7.5e-5*theta**2 - 0.000716*theta - 0.002311,1.214579e-04,1.231309e-05
90681,2025-07-05 23:20:00,0.004730,0.005714,0.005245,0.364815,8.314362,5.884798,169.8072,4271,0,1.00000omega,-0.682111 + -0.43308theta + 0.01134omega + -0.33658theta^2 + -0.02206theta omega + 0.04139omega^2 + -0.11957theta^3 + 0.13346theta^2 omega + -0.04594theta omega^2 + -0.02098omega^3,-0.107453*omega**3 - 0.007843*omega**2*theta + 0.029524*omega**2 + 0.000759*omega*theta**2 - 0.00271*omega*theta + 0.002765*omega - 2.3e-5*theta**3 - 4.7e-5*theta**2 - 0.000162*theta - 0.00137,2.197799e-04,1.042247e-05
90682,2025-07-05 23:25:00,0.004537,0.005491,0.005037,0.059790,4.924993,3.482753,347.4275,8121,1,1.00000omega,-0.015291 + -0.00222theta + -0.02526omega + 0.00358theta^2 + 0.00701theta omega + 0.00144omega^2 + -0.00121theta^3 + 0.00132theta^2 omega + -0.00131theta omega^2 + -0.00091omega^3,-0.010151*omega**3 - 0.000487*omega**2*theta + 0.004813*omega**2 + 1.6e-5*omega*theta**2 - 0.000122*omega*theta - 0.000925*omega + 1.5e-5*theta**2 - 0.000139*theta + 0.000414,4.933280e-05,1.219762e-05
90683,2025-07-05 23:30:00,0.005298,0.007340,0.006401,nan,nan,nan,189.4664,5078,0,1.00000omega,0.043821 + -0.65167theta + 0.14890omega + -0.19868theta^2 + 0.06048theta omega + -0.10931omega^2 + -1.32653theta^3 + 0.50120theta^2 omega + 0.40542theta omega^2 + -0.04587omega^3,-0.207534*omega**3 + 0.061143*omega**2*theta + 0.094745*omega**2 + 0.00252*omega*theta**2 + 0.01209*omega*theta + 0.019406*omega - 0.000222*theta**3 - 0.001582*theta**2 - 0.004466*theta - 0.004442,1.166349e-04,1.482379e-05
90684,2025-07-05 23:35:00,0.004796,0.006063,0.005466,0.204342,15.385098,10.879866,186.7794,8616,0,1.00000omega,0.386641 + -0.04495theta + 0.09633omega + 0.00759theta^2 + -0.00972theta omega + 0.06417omega^2 + -0.00181theta^3 + -0.01162theta^2 omega + -0.06099theta omega^2 + 0.01477omega^3,0.079621*omega**3 - 0.010959*omega**2*theta + 0.131084*omega**2 - 7.0e-5*omega*theta**2 + 0.001182*omega*theta - 0.001741*omega + 1.4e-5*theta**2 - 0.000215*theta + 0.002116,1.757413e-04,1.526776e-05
90685,2025-07-05 23:40:00,0.003783,0.005178,0.004534,0.123210,8.197207,5.796955,172.6656,9999,0,1.00000omega,0.034391 + -0.00305theta + 0.07472omega + -0.00346theta^2 + 0.00128theta omega + 0.00593omega^2 + -0.00251theta^3 + -0.00016theta^2 omega + 0.00262theta omega^2 + -0.00064omega^3,-0.005083*omega**3 + 0.000694*omega**2*theta - 0.00432*omega**2 - 1.0e-6*omega*theta**2 + 5.2e-5*omega*theta + 0.002098*omega - 0.e-6*theta**3 + 2.2e-5*theta**2 - 0.000212*theta + 0.000773,1.099947e-04,1.053837e-05
90686,2025-07-05 23:45:00,nan,nan,nan,nan,nan,nan,15201.6260,1079,5,1.00000omega,nan1 + nantheta + nanomega + nantheta^2 + nantheta omega + nanomega^2 + nantheta^3 + nantheta^2 omega + nantheta omega^2 + nanomega^3,N/A,nan,nan
90687,2025-07-05 23:50:00,nan,nan,nan,nan,nan,nan,502.1351,3493,5,1.00000omega,nan1 + nantheta + nanomega + nantheta^2 + nantheta omega + nanomega^2 + nantheta^3 + nantheta^2 omega + nantheta omega^2 + nanomega^3,N/A,nan,nan
90688,2025-07-05 23:55:00,0.004800,0.006125,0.005502,nan,nan,nan,272.6896,9999,0,1.00000omega,-0.201491 + -0.07652theta + 0.12258omega + -0.04502theta^2 + -0.00468theta omega + 0.21064omega^2 + -0.00087theta^3 + -0.00267theta^2 omega + 0.00223theta omega^2 + 0.05259omega^3,0.417491*omega**3 + 0.00059*omega**2*theta + 0.099902*omega**2 - 2.4e-5*omega*theta**2 + 0.000595*omega*theta + 0.000402*omega - 1.5e-5*theta**2 + 0.000495*theta - 0.003746,5.226660e-05,9.778261e-06
90689,2025-07-06 00:00:00,0.004796,0.006771,0.005867,0.093326,3.608941,2.552760,105.1586,7913,0,1.00000omega,0.027851 + 0.02570theta + 0.06120omega + -0.16551theta^2 + -0.01006theta omega + 0.07226omega^2 + -0.13874theta^3 + 0.02989theta^2 omega + -0.46425theta omega^2 + -0.14392omega^3,-0.450105*omega**3 - 0.048398*omega**2*theta + 0.278701*omega**2 + 0.000104*omega*theta**2 - 0.001204*omega*theta + 0.005503*omega - 1.6e-5*theta**3 + 0.000195*theta**2 - 0.000687*theta + 0.000653,7.816061e-05,1.503946e-05
90690,2025-07-06 00:05:00,0.004350,0.005208,0.004798,nan,nan,nan,171.2479,9999,1,1.00000omega,0.004241 + -0.01894theta + 0.00420omega + 0.00826theta^2 + 0.02380theta omega + -0.01711omega^2 + 0.00008theta^3 + -0.00101theta^2 omega + -0.00486theta omega^2 + 0.01992omega^3,0.119402*omega**3 - 0.000971*omega**2*theta - 0.021018*omega**2 - 7.0e-6*omega*theta**2 + 0.000169*omega*theta + 0.003747*omega + 5.0e-6*theta**2 + 0.000102*theta + 0.000545,1.271275e-04,1.226543e-05
90691,2025-07-06 00:10:00,0.005423,0.006786,0.006143,0.089123,3.746781,2.650124,207.9026,6450,0,1.00000omega,-0.003981 + -0.59886theta + -0.38396omega + 0.00158theta^2 + 0.05586theta omega + 0.07279omega^2 + 0.02966theta^3 + 0.04738theta^2 omega + -0.02112theta omega^2 + -0.08874omega^3,-0.418061*omega**3 - 0.003317*omega**2*theta + 0.055888*omega**2 + 0.000248*omega*theta**2 - 0.003307*omega*theta - 0.002326*omega + 5.0e-6*theta**3 - 0.000126*theta**2 + 0.000356*theta + 0.002655,4.634752e-05,1.616188e-05
90692,2025-07-06 00:15:00,0.005289,0.014721,0.011061,0.138962,13.608372,9.623074,184.5042,9999,0,1.00000omega,0.009231 + -0.00899theta + 0.00553omega + -0.00066theta^2 + -0.00484theta omega + 0.00401omega^2 + 0.00007theta^3 + 0.00105theta^2 omega + -0.00141theta omega^2 + 0.00036omega^3,0.00157*omega**3 - 0.000205*omega**2*theta + 0.004919*omega**2 + 5.0e-6*omega*theta**2 - 0.00023*omega*theta + 0.002593*omega - 0.e-6*theta**2 + 9.0e-6*theta + 6.4e-5,2.726806e-04,1.343319e-05
90693,2025-07-06 00:20:00,0.003832,0.003973,0.003903,nan,nan,nan,109.6055,5009,0,1.00000omega,-0.017631 + -0.24205theta + 0.08425omega + -0.03638theta^2 + -0.44731theta omega + 0.11916omega^2 + -0.47893theta^3 + -0.14477theta^2 omega + 0.19348theta omega^2 + 0.08470omega^3,0.42296*omega**3 + 0.032206*omega**2*theta - 0.076685*omega**2 - 0.000803*omega*theta**2 + 0.000167*omega*theta + 0.014317*omega - 8.9e-5*theta**3 + 0.001017*theta**2 - 0.004163*theta + 0.005965,1.358775e-04,1.295857e-05
90694,2025-07-06 00:25:00,0.004039,0.004478,0.004264,0.142545,4.397681,3.111264,99.2583,7675,0,1.00000omega,0.011421 + -0.03230theta + 0.01739omega + -0.05575theta^2 + 0.03697theta omega + -0.02939omega^2 + -0.17832theta^3 + 0.00555theta^2 omega + -0.70008theta omega^2 + 0.00649omega^3,0.026451*omega**3 - 0.09511*omega**2*theta + 0.384706*omega**2 + 2.5e-5*omega*theta**2 + 0.000245*omega*theta - 0.000875*omega - 2.7e-5*theta**3 + 0.000313*theta**2 - 0.001243*theta + 0.001725,2.114394e-04,1.314454e-05
90695,2025-07-06 00:30:00,0.004498,0.005104,0.004810,0.088400,4.610102,3.260434,223.4346,8290,0,1.00000omega,0.418061 + -0.04562theta + -0.01513omega + 0.02406theta^2 + 0.01170theta omega + -0.05890omega^2 + -0.00987theta^3 + -0.01641theta^2 omega + -0.01590theta omega^2 + -0.02354omega^3,-0.169955*omega**3 - 0.003827*omega**2*theta + 0.014927*omega**2 - 0.000132*omega*theta**2 + 0.003206*omega*theta - 0.01996*omega - 3.0e-6*theta**3 + 0.000104*theta**2 - 0.001389*theta + 0.007211,1.409406e-04,1.896916e-05
90696,2025-07-06 00:35:00,0.004018,0.006737,0.005546,0.153673,7.226802,5.111276,123.8161,8024,0,1.00000omega,0.296411 + -0.01015theta + -0.01608omega + -0.00470theta^2 + 0.05038theta omega + -0.00510omega^2 + -0.01092theta^3 + 0.00469theta^2 omega + 0.02588theta omega^2 + -0.02553omega^3,-0.130326*omega**3 + 0.004404*omega**2*theta - 0.053505*omega**2 + 2.7e-5*omega*theta**2 + 7.2e-5*omega*theta - 0.004997*omega - 2.0e-6*theta**3 + 7.0e-5*theta**2 - 0.000805*theta + 0.00392,2.171270e-04,1.265092e-05
90697,2025-07-06 00:40:00,0.004612,0.004474,0.004544,0.086441,3.170822,2.242943,191.1281,5533,0,1.00000omega,-0.018141 + -0.19882theta + 0.01696omega + 0.22677theta^2 + 0.08907theta omega + -0.24367omega^2 + -0.15833theta^3 + -0.01796theta^2 omega + -0.00022theta omega^2 + 0.00864omega^3,0.0519*omega**3 - 4.4e-5*omega**2*theta - 0.108974*omega**2 - 0.00012*omega*theta**2 + 0.001667*omega*theta - 0.001549*omega - 3.5e-5*theta**3 + 0.000262*theta**2 - 0.00075*theta + 0.000591,9.702525e-05,1.090647e-05
90698,2025-07-06 00:45:00,0.004388,0.006465,0.005525,nan,nan,nan,112.8473,6875,0,1.00000omega,-0.173891 + -1.85765theta + 0.18185omega + 0.41082theta^2 + 0.01964theta omega + -0.40627omega^2 + -0.00046theta^3 + 0.05930theta^2 omega + 0.07534theta omega^2 + 0.15335omega^3,0.604747*omega**3 + 0.009904*omega**2*theta - 0.160015*omega**2 + 0.00026*omega*theta**2 - 0.00043*omega*theta + 0.006185*omega + 0.000166*theta**2 - 0.002489*theta + 0.00239,6.681369e-05,1.732713e-05
90699,2025-07-06 00:50:00,0.004506,0.006651,0.005681,nan,nan,nan,174.2360,7784,0,1.00000omega,0.024661 + -0.04530theta + 0.07943omega + -0.00539theta^2 + -0.00504theta omega + 0.01891omega^2 + -0.01909theta^3 + -0.00077theta^2 omega + -0.00208theta omega^2 + 0.02292omega^3,0.13036*omega**3 - 0.000394*omega**2*theta + 0.01257*omega**2 - 5.0e-6*omega*theta**2 + 3.4e-5*omega*theta + 0.002864*omega - 4.0e-6*theta**3 + 0.00013*theta**2 - 0.001451*theta + 0.005646,1.003285e-04,1.629151e-05
90700,2025-07-06 00:55:00,nan,nan,nan,nan,nan,nan,15739.8018,1086,5,1.00000omega,nan1 + nantheta + nanomega + nantheta^2 + nantheta omega + nanomega^2 + nantheta^3 + nantheta^2 omega + nantheta omega^2 + nanomega^3,N/A,nan,nan
90701,2025-07-06 01:00:00,nan,nan,nan,nan,nan,nan,8347.5654,958,5,1.00000omega,nan1 + nantheta + nanomega + nantheta^2 + nantheta omega + nanomega^2 + nantheta^3 + nantheta^2 omega + nantheta omega^2 + nanomega^3,N/A,nan,nan
90702,2025-07-06 01:05:00,nan,nan,nan,nan,nan,nan,215278.5156,1454,5,1.00000omega,nan1 + nantheta + nanomega + nantheta^2 + nantheta omega + nanomega^2 + nantheta^3 + nantheta^2 omega + nantheta omega^2 + nanomega^3,N/A,nan,nan
90703,2025-07-06 01:10:00,nan,nan,nan,nan,nan,nan,50198.7109,1472,5,1.00000omega,nan1 + nantheta + nanomega + nantheta^2 + nantheta omega + nanomega^2 + nantheta^3 + nantheta^2 omega + nantheta omega^2 + nanomega^3,N/A,nan,nan
90704,2025-07-06 01:15:00,0.006244,0.035411,0.025426,0.052558,2.230084,1.577346,981.4861,9999,0,1.00000omega,-0.026591 + -0.00407theta + 0.00308omega + -0.00329theta^2 + -0.00027theta omega + 0.00364omega^2 + -0.00048theta^3 + -0.00034theta^2 omega + 0.00008theta omega^2 + 0.00242omega^3,0.038997*omega**3 + 4.3e-5*omega**2*theta + 0.001929*omega**2 - 6.0e-6*omega*theta**2 + 0.000203*omega*theta - 0.001582*omega + 1.2e-5*theta**2 - 0.000166*theta + 0.000701,3.540922e-04,6.025394e-06
90705,2025-07-06 01:20:00,nan,nan,nan,nan,nan,nan,37321.8164,1166,5,1.00000omega,nan1 + nantheta + nanomega + nantheta^2 + nantheta omega + nanomega^2 + nantheta^3 + nantheta^2 omega + nantheta omega^2 + nanomega^3,N/A,nan,nan
90706,2025-07-06 01:25:00,nan,nan,nan,nan,nan,nan,22712.4590,1226,5,1.00000omega,nan1 + nantheta + nanomega + nantheta^2 + nantheta omega + nanomega^2 + nantheta^3 + nantheta^2 omega + nantheta omega^2 + nanomega^3,N/A,nan,nan
90707,2025-07-06 01:30:00,nan,nan,nan,nan,nan,nan,22757.5449,1085,5,1.00000omega,nan1 + nantheta + nanomega + nantheta^2 + nantheta omega + nanomega^2 + nantheta^3 + nantheta^2 omega + nantheta omega^2 + nanomega^3,N/A,nan,nan
90708,2025-07-06 01:35:00,0.004933,0.018946,0.013844,0.038760,0.873579,0.618321,436.3590,9999,0,1.00000omega,-0.011701 + -0.01579theta + 0.00674omega + -0.00785theta^2 + -0.00074theta omega + 0.00101omega^2 + -0.00008theta^3 + -0.00014theta^2 omega + -0.00157theta omega^2 + 0.00298omega^3,0.034802*omega**3 - 0.000611*omega**2*theta + 0.00962*omega**2 - 2.0e-6*omega*theta**2 + 3.8e-5*omega*theta + 5.8e-5*omega - 4.0e-6*theta**2 + 0.00012*theta - 0.00083,2.368805e-04,7.542633e-06
90709,2025-07-06 01:40:00,0.004710,0.005095,0.004906,0.081723,3.134470,2.217158,136.8234,7795,0,1.00000omega,0.190651 + -0.39107theta + -0.45597omega + 0.01690theta^2 + -0.01691theta omega + 0.33089omega^2 + -0.02915theta^3 + -0.00251theta^2 omega + -0.17487theta omega^2 + -0.05024omega^3,-0.207197*omega**3 - 0.02404*omega**2*theta - 0.083026*omega**2 - 1.2e-5*omega*theta**2 - 0.000406*omega*theta - 0.01783*omega - 4.0e-6*theta**3 - 0.000107*theta**2 - 0.001293*theta - 0.005427,2.224445e-04,1.354249e-05
90710,2025-07-06 01:45:00,nan,nan,nan,nan,nan,nan,30172.0195,1129,5,1.00000omega,nan1 + nantheta + nanomega + nantheta^2 + nantheta omega + nanomega^2 + nantheta^3 + nantheta^2 omega + nantheta omega^2 + nanomega^3,N/A,nan,nan
90711,2025-07-06 01:50:00,nan,nan,nan,nan,nan,nan,48071.4766,1144,5,1.00000omega,nan1 + nantheta + nanomega + nantheta^2 + nantheta omega + nanomega^2 + nantheta^3 + nantheta^2 omega + nantheta omega^2 + nanomega^3,N/A,nan,nan
90712,2025-07-06 01:55:00,nan,nan,nan,nan,nan,nan,24034.8906,1185,5,1.00000omega,nan1 + nantheta + nanomega + nantheta^2 + nantheta omega + nanomega^2 + nantheta^3 + nantheta^2 omega + nantheta omega^2 + nanomega^3,N/A,nan,nan
90713,2025-07-06 02:00:00,nan,nan,nan,nan,nan,nan,10958.9824,1218,5,1.00000omega,nan1 + nantheta + nanomega + nantheta^2 + nantheta omega + nanomega^2 + nantheta^3 + nantheta^2 omega + nantheta omega^2 + nanomega^3,N/A,nan,nan
90714,2025-07-06 02:05:00,0.003514,0.005035,0.004342,0.104946,3.959774,2.800966,119.2121,5693,0,1.00000omega,0.020641 + -1.14215theta + -0.00581omega + 0.30403theta^2 + 0.21533theta omega + 0.48600omega^2 + -0.05434theta^3 + 0.01189theta^2 omega + -0.24897theta omega^2 + 0.01573omega^3,0.102961*omega**3 - 0.054321*omega**2*theta + 0.052392*omega**2 + 8.6e-5*omega*theta**2 + 0.003909*omega*theta + 0.011477*omega - 1.3e-5*theta**3 + 3.1e-5*theta**2 - 0.000663*theta - 0.002837,5.281671e-05,1.140403e-05
90715,2025-07-06 02:10:00,0.005942,0.028454,0.020554,0.059456,4.992113,3.530207,844.2259,9999,0,1.00000omega,-0.007761 + 0.00245theta + 0.00589omega + 0.00063theta^2 + 0.00024theta omega + 0.00016omega^2 + 0.00001theta^3 + 0.00005theta^2 omega + -0.00007theta omega^2 + -0.00018omega^3,-0.002785*omega**3 - 3.6e-5*omega**2*theta + 0.000737*omega**2 + 1.0e-6*omega*theta**2 - 2.4e-5*omega*theta + 0.000353*omega - 9.0e-6*theta + 6.1e-5,2.743992e-04,7.539411e-06
90716,2025-07-06 02:15:00,0.005014,0.013541,0.010211,0.089335,5.653048,3.997807,77.2509,9999,2,1.00000omega,-0.343421 + -0.42254theta + -0.02434omega + -0.07059theta^2 + 0.01386theta omega + -0.00098omega^2 + -0.00257theta^3 + -0.00057theta^2 omega + 0.00286theta omega^2 + -0.08089omega^3,-0.169441*omega**3 + 0.0002*omega**2*theta - 0.00327*omega**2 - 1.0e-6*omega*theta**2 + 0.000162*omega*theta - 0.002954*omega - 1.2e-5*theta**2 + 2.0e-5*theta + 0.001607,3.198593e-04,1.742348e-05
90717,2025-07-06 02:20:00,0.005453,0.018479,0.013624,0.094926,5.092698,3.601707,183.0211,9999,0,1.00000omega,0.010231 + -0.02603theta + 0.00854omega + 0.01022theta^2 + 0.00049theta omega + 0.02157omega^2 + 0.00017theta^3 + 0.00073theta^2 omega + 0.00302theta omega^2 + -0.01009omega^3,-0.040933*omega**3 + 0.000408*omega**2*theta + 0.013812*omega**2 + 3.0e-6*omega*theta**2 + 0.000101*omega*theta + 0.001053*omega + 5.0e-6*theta**2 + 0.000107*theta + 0.000556,3.569062e-04,1.392983e-05
90718,2025-07-06 02:25:00,nan,nan,nan,nan,nan,nan,16434.7246,1354,5,1.00000omega,nan1 + nantheta + nanomega + nantheta^2 + nantheta omega + nanomega^2 + nantheta^3 + nantheta^2 omega + nantheta omega^2 + nanomega^3,N/A,nan,nan
90719,2025-07-06 02:30:00,0.003790,0.007292,0.005811,nan,nan,nan,116.8937,7477,0,1.00000omega,-0.008461 + -0.01924theta + -0.00968omega + 0.00120theta^2 + -0.00790theta omega + -0.00962omega^2 + -0.00075theta^3 + 0.03826theta^2 omega + 0.00616theta omega^2 + -0.02352omega^3,-0.127656*omega**3 + 0.001114*omega**2*theta + 0.008758*omega**2 + 0.000231*omega*theta**2 + 0.005209*omega*theta + 0.029062*omega - 5.0e-6*theta**2 - 6.8e-5*theta - 0.000424,6.676157e-05,1.419855e-05
90720,2025-07-06 02:35:00,0.004111,0.004950,0.004550,0.092234,4.336796,3.067272,132.2649,7849,0,1.00000omega,0.013481 + -0.18319theta + -0.07401omega + 0.02554theta^2 + 0.07412theta omega + 0.02610omega^2 + -0.00051theta^3 + -0.00468theta^2 omega + -0.01573theta omega^2 + -0.01429omega^3,-0.07437*omega**3 - 0.002729*omega**2*theta - 0.021444*omega**2 - 2.7e-5*omega*theta**2 + 0.000388*omega*theta + 0.005924*omega + 8.0e-6*theta**2 + 3.5e-5*theta - 0.00088,1.722260e-04,1.300637e-05
90721,2025-07-06 02:40:00,0.006374,0.039415,0.028232,0.067543,8.139032,5.755363,425.7155,9999,0,1.00000omega,0.018771 + -0.01256theta + -0.02875omega + -0.00846theta^2 + 0.00222theta omega + 0.01158omega^2 + -0.00002theta^3 + 0.00065theta^2 omega + -0.00006theta omega^2 + -0.00067omega^3,-0.004487*omega**3 - 1.3e-5*omega**2*theta + 0.005253*omega**2 + 5.0e-6*omega*theta**2 + 0.000192*omega*theta + 0.000889*omega - 5.0e-6*theta**2 - 0.000162*theta - 0.001379,4.877668e-04,7.456205e-06
90722,2025-07-06 02:45:00,nan,nan,nan,nan,nan,nan,68110.1875,1265,5,1.00000omega,nan1 + nantheta + nanomega + nantheta^2 + nantheta omega + nanomega^2 + nantheta^3 + nantheta^2 omega + nantheta omega^2 + nanomega^3,N/A,nan,nan
90723,2025-07-06 02:50:00,0.004507,0.006031,0.005324,0.068535,2.091467,1.479684,239.4420,7510,0,1.00000omega,0.070351 + -0.06801theta + -0.03858omega + -0.00202theta^2 + 0.00237theta omega + 0.05780omega^2 + -0.00069theta^3 + -0.00104theta^2 omega + 0.00162theta omega^2 + -0.04878omega^3,-0.379907*omega**3 + 0.000421*omega**2*theta + 0.034447*omega**2 - 9.0e-6*omega*theta**2 - 0.000174*omega*theta - 0.002078*omega - 8.0e-6*theta**2 - 0.000187*theta - 0.00124,1.880970e-04,1.180918e-05
90724,2025-07-06 02:55:00,0.005026,0.006064,0.005569,0.118606,3.709445,2.624314,89.0002,9581,0,1.00000omega,-0.194001 + 0.00289theta + -0.02020omega + 0.23645theta^2 + 0.84458theta omega + -0.03795omega^2 + -0.17135theta^3 + -0.38042theta^2 omega + -0.01791theta omega^2 + 0.00687omega^3,0.016578*omega**3 - 0.001441*omega**2*theta - 0.024019*omega**2 - 0.00102*omega*theta**2 - 0.010787*omega*theta - 0.013566*omega - 1.5e-5*theta**3 - 0.000348*theta**2 - 0.002516*theta - 0.006353,1.601277e-04,1.783503e-05
90725,2025-07-06 03:00:00,0.004967,0.006611,0.005847,0.107330,3.509832,2.482986,73.5686,9782,0,1.00000omega,0.095071 + -0.28159theta + -0.07809omega + -0.04342theta^2 + -0.35416theta omega + -0.14116omega^2 + -0.09120theta^3 + 0.00489theta^2 omega + 0.16219theta omega^2 + -0.02716omega^3,-0.056097*omega**3 + 0.011166*omega**2*theta - 0.096167*omega**2 + 1.1e-5*omega*theta**2 - 0.003216*omega*theta + 0.014114*omega - 7.0e-6*theta**3 + 9.8e-5*theta**2 - 0.000766*theta + 0.00274,1.934016e-04,1.529238e-05
90726,2025-07-06 03:05:00,0.004443,0.004214,0.004330,0.126045,6.054115,4.281834,206.6207,6922,0,1.00000omega,0.038781 + -0.37855theta + 0.01193omega + 0.02801theta^2 + 0.01486theta omega + 0.06446omega^2 + -0.04307theta^3 + -0.02527theta^2 omega + -0.03046theta omega^2 + 0.04430omega^3,0.304849*omega**3 - 0.006987*omega**2*theta + 0.054658*omega**2 - 0.000193*omega*theta**2 + 0.001553*omega*theta - 0.002649*omega - 1.1e-5*theta**3 + 0.000127*theta**2 - 0.000904*theta + 0.002128,1.821853e-04,1.595483e-05
90727,2025-07-06 03:10:00,0.004184,0.018734,0.013573,0.069093,5.414635,3.829037,229.7747,9999,0,1.00000omega,-0.028711 + -0.00369theta + 0.00942omega + 0.00002theta^2 + 0.00187theta omega + -0.00131omega^2 + -0.00009theta^3 + -0.00005theta^2 omega + 0.00058theta omega^2 + 0.00012omega^3,0.001015*omega**3 + 0.000164*omega**2*theta + 0.001623*omega**2 + 2.0e-5*omega*theta + 0.000689*omega - 1.0e-6*theta**2 - 2.1e-5*theta - 0.000196,1.892413e-04,1.019915e-05
90728,2025-07-06 03:15:00,0.005361,0.013455,0.010242,nan,nan,nan,58.5441,9999,1,1.00000omega,0.096851 + 0.04408theta + 0.07308omega + 0.12935theta^2 + 0.23534theta omega + 0.03096omega^2 + -0.08553theta^3 + -0.14451theta^2 omega + 0.10063theta omega^2 + 0.16967omega^3,0.242324*omega**3 + 0.004791*omega**2*theta + 0.050036*omega**2 - 0.000229*omega*theta**2 - 0.002432*omega*theta - 0.000818*omega - 5.0e-6*theta**3 - 9.1e-5*theta**2 - 0.000492*theta + 0.000159,2.333043e-04,1.868397e-05
90729,2025-07-06 03:20:00,0.005422,0.032132,0.023042,0.053019,1.805753,1.277410,106.9832,9999,0,1.00000omega,-0.359481 + -0.03294theta + -0.00889omega + -0.01166theta^2 + 0.00406theta omega + 0.00210omega^2 + -0.00015theta^3 + -0.00236theta^2 omega + -0.02916theta omega^2 + -0.01970omega^3,-0.046964*omega**3 - 0.002317*omega**2*theta - 0.019211*omega**2 - 6.0e-6*omega*theta**2 - 6.9e-5*omega*theta - 0.000427*omega - 4.0e-6*theta**2 - 0.000102*theta - 0.002005,5.958512e-04,1.518922e-05
90730,2025-07-06 03:25:00,nan,nan,nan,nan,nan,nan,929.7283,7630,5,1.00000omega,nan1 + nantheta + nanomega + nantheta^2 + nantheta omega + nanomega^2 + nantheta^3 + nantheta^2 omega + nantheta omega^2 + nanomega^3,N/A,nan,nan
90731,2025-07-06 03:30:00,0.007887,0.029631,0.021682,nan,nan,nan,837.7734,9999,0,1.00000omega,0.008331 + -0.00284theta + 0.20964omega + 0.02043theta^2 + -0.02298theta omega + -0.01336omega^2 + -0.00094theta^3 + 0.00016theta^2 omega + 0.00081theta omega^2 + 0.00439omega^3,0.038765*omega**3 + 0.000238*omega**2*theta - 0.001115*omega**2 + 2.0e-6*omega*theta**2 - 0.000335*omega*theta - 0.002663*omega - 1.1e-5*theta**2 + 2.0e-5*theta + 0.002852,3.332128e-04,6.011754e-06
90732,2025-07-06 03:35:00,0.003796,0.005984,0.005011,0.063377,2.817923,1.993076,126.2741,9999,0,1.00000omega,-0.346431 + -0.05840theta + 0.06465omega + 0.00048theta^2 + 0.00439theta omega + -0.01037omega^2 + -0.00246theta^3 + -0.00410theta^2 omega + -0.02108theta omega^2 + -0.00273omega^3,-0.015969*omega**3 - 0.00411*omega**2*theta - 0.026399*omega**2 - 2.7e-5*omega*theta**2 - 0.000218*omega*theta + 0.001747*omega - 0.e-6*theta**3 - 8.0e-6*theta**2 - 0.000107*theta - 0.001289,7.915196e-05,1.120452e-05
90733,2025-07-06 03:40:00,0.004116,0.005627,0.004930,0.203390,6.618440,4.682153,212.7605,5746,0,1.00000omega,0.076371 + -0.28884theta + 0.28609omega + 0.09045theta^2 + -0.09348theta omega + 0.04914omega^2 + -0.05135theta^3 + 0.03449theta^2 omega + -0.00912theta omega^2 + -0.01615omega^3,-0.132457*omega**3 - 0.002493*omega**2*theta + 0.012003*omega**2 + 0.000314*omega*theta**2 + 0.001822*omega*theta + 0.010066*omega - 1.6e-5*theta**3 - 0.000204*theta**2 - 0.001155*theta - 0.002598,6.868115e-05,1.772526e-05
90734,2025-07-06 03:45:00,nan,nan,nan,nan,nan,nan,3300.9775,1389,5,1.00000omega,nan1 + nantheta + nanomega + nantheta^2 + nantheta omega + nanomega^2 + nantheta^3 + nantheta^2 omega + nantheta omega^2 + nanomega^3,N/A,nan,nan
90735,2025-07-06 03:50:00,0.004827,0.005441,0.005143,nan,nan,nan,267.0135,9146,0,1.00000omega,-0.042421 + 0.01650theta + 0.00370omega + -0.03577theta^2 + -0.01856theta omega + -0.00574omega^2 + -0.00019theta^3 + 0.01660theta^2 omega + -0.00301theta omega^2 + -0.01003omega^3,-0.076404*omega**3 - 0.000764*omega**2*theta - 0.010525*omega**2 + 0.000141*omega*theta**2 + 0.002494*omega*theta + 0.011022*omega - 2.2e-5*theta**2 - 0.000398*theta - 0.001961,5.980455e-05,1.042107e-05
90736,2025-07-06 03:55:00,0.004434,0.005182,0.004823,0.097897,2.632473,1.862726,124.5449,9057,0,1.00000omega,-0.799101 + -0.91446theta + -0.10563omega + 0.28932theta^2 + -0.00652theta omega + 0.18728omega^2 + 0.00081theta^3 + -0.04177theta^2 omega + 0.01637theta omega^2 + -0.07927omega^3,-0.334261*omega**3 + 0.002301*omega**2*theta + 0.094033*omega**2 - 0.000196*omega*theta**2 - 0.004133*omega*theta - 0.025338*omega + 0.000124*theta**2 + 0.00152*theta + 0.00017,1.262455e-04,1.667372e-05
90737,2025-07-06 04:00:00,0.004098,0.005547,0.004877,0.196824,8.221495,5.815140,128.8418,5388,0,1.00000omega,0.272841 + -0.13879theta + 0.11072omega + 0.00450theta^2 + -0.00979theta omega + 0.01375omega^2 + -0.01556theta^3 + 0.02806theta^2 omega + -0.02320theta omega^2 + -0.00724omega^3,-0.037556*omega**3 - 0.004012*omega**2*theta + 0.026089*omega**2 + 0.000162*omega*theta**2 - 0.001778*omega*theta + 0.00855*omega - 3.0e-6*theta**3 + 4.8e-5*theta**2 - 0.000407*theta + 0.001957,1.297593e-04,1.046302e-05
90738,2025-07-06 04:05:00,0.004942,0.006324,0.005675,0.192393,8.401150,5.942067,195.8352,8203,0,1.00000omega,-0.045071 + -0.45026theta + 0.00596omega + -0.17324theta^2 + -0.02531theta omega + -0.04379omega^2 + -0.05977theta^3 + 0.01809theta^2 omega + 0.02007theta omega^2 + 0.01285omega^3,0.068789*omega**3 + 0.003581*omega**2*theta - 0.016349*omega**2 + 0.000108*omega*theta**2 - 0.000227*omega*theta + 2.4e-5*omega - 1.2e-5*theta**3 - 0.000103*theta**2 - 0.000611*theta - 0.000451,2.090112e-04,1.135231e-05
90739,2025-07-06 04:10:00,0.003966,0.004278,0.004125,nan,nan,nan,62.2380,5522,1,1.00000omega,-0.188961 + -0.73147theta + 0.06321omega + 0.16702theta^2 + -0.00113theta omega + -0.12006omega^2 + -0.13484theta^3 + 0.91849theta^2 omega + -0.16465theta omega^2 + -0.01635omega^3,-0.047181*omega**3 - 0.015838*omega**2*theta - 0.015343*omega**2 + 0.002945*omega*theta**2 - 0.008153*omega*theta + 0.00775*omega - 1.4e-5*theta**3 + 0.000117*theta**2 - 0.001054*theta + 0.000595,1.639992e-04,1.340810e-05
90740,2025-07-06 04:15:00,0.003905,0.004013,0.003959,0.088485,2.282162,1.614945,177.8392,6133,1,1.00000omega,-0.002041 + -1.16861theta + -0.05353omega + -0.04734theta^2 + 0.17747theta omega + -0.17315omega^2 + -0.04385theta^3 + -0.31231theta^2 omega + -0.24909theta omega^2 + -0.02375omega^3,-0.184522*omega**3 - 0.064509*omega**2*theta + 0.167998*omega**2 - 0.002696*omega*theta**2 + 0.024418*omega*theta - 0.056233*omega - 1.3e-5*theta**3 + 0.000124*theta**2 - 0.001683*theta + 0.005518,1.264484e-04,9.744910e-06
90741,2025-07-06 04:20:00,0.004740,0.012611,0.009527,0.063760,2.001295,1.415847,147.3089,5195,5,1.00000omega,0.005561 + -0.41877theta + -0.02573omega + -0.01312theta^2 + 0.29233theta omega + -0.26423omega^2 + -0.03727theta^3 + 0.00343theta^2 omega + -0.00370theta omega^2 + -0.07855omega^3,-0.340317*omega**3 - 0.000534*omega**2*theta - 0.095634*omega**2 + 1.7e-5*omega*theta**2 + 0.003408*omega*theta - 0.032657*omega - 6.0e-6*theta**3 + 0.000155*theta**2 - 0.001801*theta + 0.008014,nan,nan
90742,2025-07-06 04:25:00,0.004607,0.005842,0.005261,0.147414,5.379369,3.805216,164.9387,6549,0,1.00000omega,-0.034351 + -0.07614theta + 0.01623omega + -0.00597theta^2 + -0.01368theta omega + -0.00948omega^2 + -0.02383theta^3 + 0.00207theta^2 omega + 0.01023theta omega^2 + -0.00912omega^3,-0.046922*omega**3 + 0.001754*omega**2*theta + 0.007548*omega**2 + 1.2e-5*omega*theta**2 - 3.4e-5*omega*theta - 0.000188*omega - 5.0e-6*theta**3 - 9.2e-5*theta**2 - 0.000703*theta - 0.002033,1.841594e-04,1.463737e-05
90743,2025-07-06 04:30:00,0.003972,0.004904,0.004463,0.364638,6.542333,4.633308,113.1062,7279,0,1.00000omega,-0.019261 + -0.01578theta + 0.01402omega + 0.00516theta^2 + -0.04732theta omega + -0.07826omega^2 + -0.17714theta^3 + 0.20222theta^2 omega + -0.10561theta omega^2 + -0.00958omega^3,-0.046429*omega**3 - 0.017061*omega**2*theta - 0.102708*omega**2 + 0.001089*omega*theta**2 + 0.008462*omega*theta + 0.016813*omega - 3.2e-5*theta**3 - 0.000396*theta**2 - 0.001662*theta - 0.002402,9.756130e-05,1.173116e-05
90744,2025-07-06 04:35:00,0.003947,0.014165,0.010398,0.142167,7.670500,5.424794,56.2687,9999,0,1.00000omega,-0.059521 + 0.00447theta + -0.01384omega + -0.05798theta^2 + -0.19154theta omega + 0.04093omega^2 + -0.03051theta^3 + 0.02063theta^2 omega + 0.00811theta omega^2 + -0.00556omega^3,-0.013609*omega**3 + 0.000662*omega**2*theta + 0.003782*omega**2 + 5.6e-5*omega*theta**2 - 0.003165*omega*theta + 0.029356*omega - 3.0e-6*theta**3 + 8.1e-5*theta**2 - 0.000741*theta + 0.001804,2.461402e-04,1.740741e-05
90745,2025-07-06 04:40:00,0.004603,0.004215,0.004413,0.076909,3.992914,2.823940,305.9211,6575,0,1.00000omega,0.197061 + -0.41145theta + -0.08694omega + 0.02416theta^2 + -0.10618theta omega + 0.02332omega^2 + -0.00633theta^3 + -0.00685theta^2 omega + 0.02342theta omega^2 + -0.05210omega^3,-0.502563*omega**3 + 0.00753*omega**2*theta + 0.073495*omega**2 - 7.3e-5*omega*theta**2 - 0.003182*omega*theta - 0.023664*omega - 2.0e-6*theta**3 - 3.9e-5*theta**2 - 0.000648*theta - 0.003457,1.083385e-04,7.692567e-06
90746,2025-07-06 04:45:00,0.004527,0.005481,0.005027,0.094846,4.037275,2.855572,98.6610,6106,0,1.00000omega,0.092771 + -0.53284theta + -0.08546omega + 0.00018theta^2 + 0.06141theta omega + 0.07579omega^2 + -0.00258theta^3 + 0.01222theta^2 omega + 0.04102theta omega^2 + 0.00542omega^3,0.017831*omega**3 + 0.004498*omega**2*theta + 0.006863*omega**2 + 4.5e-5*omega*theta**2 + 0.000316*omega*theta - 0.004863*omega + 4.0e-6*theta**2 - 0.000608*theta + 0.002733,1.268720e-04,1.420257e-05
90747,2025-07-06 04:50:00,0.004837,0.004445,0.004645,0.152263,5.336674,3.775134,102.0117,5008,0,1.00000omega,-0.071521 + -0.51051theta + -0.08992omega + -0.08588theta^2 + 0.01389theta omega + -0.14695omega^2 + -0.01818theta^3 + -0.00491theta^2 omega + -0.00523theta omega^2 + -0.02135omega^3,-0.062861*omega**3 - 0.000513*omega**2*theta - 0.043045*omega**2 - 1.6e-5*omega*theta**2 + 0.000332*omega*theta - 0.004388*omega - 2.0e-6*theta**3 + 5.0e-6*theta**2 - 0.000421*theta + 0.002429,3.248751e-04,1.375699e-05
90748,2025-07-06 04:55:00,0.004307,0.006136,0.005301,nan,nan,nan,84.3599,8440,0,1.00000omega,-0.039461 + -1.05823theta + 0.26996omega + 0.04834theta^2 + -0.01549theta omega + 0.08956omega^2 + 0.02830theta^3 + 0.01454theta^2 omega + -0.24437theta omega^2 + 0.07297omega^3,0.222203*omega**3 - 0.024805*omega**2*theta - 0.112555*omega**2 + 4.9e-5*omega*theta**2 + 0.000395*omega*theta + 0.009655*omega + 3.0e-6*theta**3 + 7.2e-5*theta**2 - 0.000671*theta - 0.005685,1.325184e-04,2.035031e-05
90749,2025-07-06 05:00:00,0.004145,0.013285,0.009841,0.105003,4.239799,2.998910,56.8246,9450,0,1.00000omega,0.108671 + -0.16560theta + -0.06614omega + -0.05359theta^2 + -0.00326theta omega + -0.00162omega^2 + 0.00118theta^3 + 0.00068theta^2 omega + 0.00440theta omega^2 + -0.03132omega^3,-0.071744*omega**3 + 0.000336*omega**2*theta - 0.005816*omega**2 + 2.0e-6*omega*theta**2 - 8.5e-5*omega*theta - 0.001283*omega - 2.1e-5*theta**2 + 0.000419*theta - 0.001233,3.159104e-04,1.710429e-05
90750,2025-07-06 05:05:00,0.004276,0.005384,0.004862,0.073886,4.124821,2.917156,224.4048,6668,0,1.00000omega,0.179301 + -0.33472theta + -0.14844omega + 0.00949theta^2 + 0.00479theta omega + 0.12436omega^2 + -0.00701theta^3 + 0.00156theta^2 omega + -0.00244theta omega^2 + -0.00626omega^3,-0.051028*omega**3 - 0.000663*omega**2*theta + 0.058105*omega**2 + 1.4e-5*omega*theta**2 + 0.00037*omega*theta - 0.002653*omega - 2.0e-6*theta**3 - 5.9e-5*theta**2 - 0.000913*theta - 0.005026,1.520453e-04,1.055159e-05
90751,2025-07-06 05:10:00,0.004557,0.004211,0.004388,0.269304,22.548932,15.945640,191.9106,6582,0,1.00000omega,1.084491 + -0.03897theta + 0.10897omega + 0.13218theta^2 + 0.06318theta omega + -0.70141omega^2 + 0.05935theta^3 + -0.00513theta^2 omega + -0.46020theta omega^2 + -0.03276omega^3,-0.201724*omega**3 - 0.094458*omega**2*theta + 0.183198*omega**2 - 3.5e-5*omega*theta**2 + 0.001326*omega*theta - 0.002415*omega + 1.4e-5*theta**3 - 0.000149*theta**2 + 0.000393*theta + 0.002742,1.345131e-04,9.851854e-06
90752,2025-07-06 05:15:00,0.003778,0.008297,0.006447,nan,nan,nan,109.2718,8402,0,1.00000omega,0.069061 + -0.66796theta + 0.07504omega + -0.04391theta^2 + 0.34684theta omega + 0.06359omega^2 + -0.00514theta^3 + 0.01166theta^2 omega + 0.10315theta omega^2 + -0.00656omega^3,-0.033303*omega**3 + 0.017455*omega**2*theta - 0.107774*omega**2 + 6.6e-5*omega*theta**2 + 0.003747*omega*theta - 0.030118*omega - 0.e-6*theta**3 + 2.0e-6*theta**2 - 0.000605*theta + 0.005136,2.848469e-04,1.148358e-05
90753,2025-07-06 05:20:00,0.004579,0.004483,0.004531,0.136438,3.833588,2.712473,85.4896,5925,0,1.00000omega,-0.049481 + -0.34934theta + -0.01830omega + 0.06919theta^2 + 0.28213theta omega + -0.03582omega^2 + -0.25338theta^3 + 0.02206theta^2 omega + 0.00456theta omega^2 + -0.06726omega^3,-0.187345*omega**3 + 0.000423*omega**2*theta - 0.014098*omega**2 + 6.8e-5*omega*theta**2 + 0.001839*omega*theta - 0.018295*omega - 2.6e-5*theta**3 + 0.000613*theta**2 - 0.005173*theta + 0.01517,2.468406e-04,1.201569e-05
90754,2025-07-06 05:25:00,0.006412,0.039681,0.028423,0.240838,9.873226,6.983502,306.4583,9999,1,1.00000omega,0.041541 + -0.00130theta + 0.06203omega + 0.01116theta^2 + -0.00809theta omega + 0.01321omega^2 + -0.00470theta^3 + 0.00981theta^2 omega + -0.00320theta omega^2 + -0.00498omega^3,-0.023742*omega**3 - 0.000509*omega**2*theta - 0.003264*omega**2 + 5.2e-5*omega*theta**2 + 0.001636*omega*theta + 0.014886*omega - 0.e-6*theta**3 - 3.7e-5*theta**2 - 0.000536*theta - 0.002435,5.539132e-04,9.023843e-06
90755,2025-07-06 05:30:00,0.004154,0.007679,0.006173,0.121655,6.960136,4.922311,110.3614,6914,0,1.00000omega,-0.421371 + -0.00077theta + -0.06217omega + 0.16649theta^2 + 0.33775theta omega + -0.29732omega^2 + -0.07601theta^3 + -0.00465theta^2 omega + 0.04093theta omega^2 + 0.00341omega^3,0.01485*omega**3 + 0.005941*omega**2*theta - 0.126599*omega**2 - 2.2e-5*omega*theta**2 + 0.00439*omega*theta - 0.011803*omega - 1.2e-5*theta**3 + 0.000153*theta**2 - 0.000502*theta - 0.000734,2.306118e-04,8.680535e-06
90756,2025-07-06 05:35:00,0.004436,0.005877,0.005207,0.168597,5.499172,3.890329,98.7445,5875,0,1.00000omega,-0.165491 + -0.25492theta + 0.05685omega + -0.08248theta^2 + -0.38575theta omega + 0.05433omega^2 + -0.14344theta^3 + 0.00075theta^2 omega + -0.11671theta omega^2 + 0.01439omega^3,0.049089*omega**3 - 0.013271*omega**2*theta + 0.018316*omega**2 + 3.0e-6*omega*theta**2 - 0.004336*omega*theta + 0.001894*omega - 1.8e-5*theta**3 - 3.1e-5*theta**2 - 0.000283*theta - 0.000545,1.521770e-04,1.530534e-05
90757,2025-07-06 05:40:00,nan,nan,nan,nan,nan,nan,575.4575,2853,5,1.00000omega,nan1 + nantheta + nanomega + nantheta^2 + nantheta omega + nanomega^2 + nantheta^3 + nantheta^2 omega + nantheta omega^2 + nanomega^3,N/A,nan,nan
90758,2025-07-06 05:45:00,0.004026,0.006032,0.005128,0.179575,9.585212,6.778958,122.5811,7533,0,1.00000omega,-0.019121 + -0.36442theta + 0.09054omega + 0.05572theta^2 + -0.15872theta omega + 0.06889omega^2 + 0.00112theta^3 + -0.01104theta^2 omega + 0.00715theta omega^2 + 0.00158omega^3,0.008123*omega**3 + 0.001225*omega**2*theta + 0.041192*omega**2 - 6.3e-5*omega*theta**2 - 0.003495*omega*theta - 0.026383*omega + 3.2e-5*theta**2 + 0.000194*theta - 0.001262,5.012069e-05,1.342591e-05
90759,2025-07-06 05:50:00,0.004382,0.005763,0.005119,0.246304,7.328160,5.184718,85.5920,5770,0,1.00000omega,-0.010331 + -0.32899theta + 0.10694omega + 0.03759theta^2 + -0.13200theta omega + -0.00201omega^2 + -0.04436theta^3 + -0.00770theta^2 omega + -0.05752theta omega^2 + 0.01115omega^3,0.034466*omega**3 - 0.005927*omega**2*theta - 0.048359*omega**2 - 2.6e-5*omega*theta**2 - 0.001838*omega*theta - 0.00952*omega - 5.0e-6*theta**3 - 0.000109*theta**2 - 0.001137*theta - 0.00476,1.025442e-04,1.510315e-05
90760,2025-07-06 05:55:00,0.004305,0.005022,0.004677,0.075427,2.072712,1.466599,206.8533,5057,0,1.00000omega,-0.237951 + -0.29393theta + 0.17162omega + -0.18185theta^2 + 0.21056theta omega + 0.02739omega^2 + -0.97194theta^3 + -0.66262theta^2 omega + -0.02125theta omega^2 + 0.33817omega^3,2.517092*omega**3 - 0.005272*omega**2*theta + 0.016308*omega**2 - 0.00548*omega*theta**2 + 0.009035*omega*theta + 0.002554*omega - 0.000268*theta**3 + 0.000306*theta**2 - 0.00043*theta - 0.000357,1.741847e-04,8.789025e-06
90761,2025-07-06 06:00:00,0.003871,0.004724,0.004319,0.231637,9.248359,6.541629,99.2081,6752,0,1.00000omega,0.048941 + 0.08871theta + 0.10447omega + 0.02117theta^2 + -0.01030theta omega + 0.02028omega^2 + -0.10360theta^3 + 0.00307theta^2 omega + 0.07513theta omega^2 + 0.01649omega^3,0.072417*omega**3 + 0.010998*omega**2*theta - 0.05849*omega**2 + 1.5e-5*omega*theta**2 - 0.000312*omega*theta + 0.004817*omega - 1.7e-5*theta**3 + 0.000314*theta**2 - 0.001844*theta + 0.003558,2.192378e-04,1.536541e-05
90762,2025-07-06 06:05:00,0.004760,0.006282,0.005573,0.113816,4.132675,2.923351,148.3279,4824,0,1.00000omega,-0.430031 + -0.76768theta + -0.13893omega + -0.06314theta^2 + -0.41400theta omega + -0.09270omega^2 + -0.06588theta^3 + 0.00689theta^2 omega + 0.00433theta omega^2 + -0.02253omega^3,-0.097806*omega**3 + 0.000627*omega**2*theta - 0.034564*omega**2 + 3.3e-5*omega*theta**2 - 0.005175*omega*theta - 0.010449*omega - 1.1e-5*theta**3 - 6.2e-5*theta**2 - 0.000952*theta - 0.002256,2.174147e-04,1.569020e-05
90763,2025-07-06 06:10:00,0.004107,0.005545,0.004879,0.046359,2.240575,1.584665,410.6261,9999,0,1.00000omega,-0.344151 + 0.00457theta + 0.15761omega + 0.00750theta^2 + -0.00334theta omega + 0.10281omega^2 + -0.00032theta^3 + -0.00956theta^2 omega + -0.01525theta omega^2 + -0.01833omega^3,-0.294091*omega**3 - 0.008156*omega**2*theta - 0.015287*omega**2 - 0.00017*omega*theta**2 - 0.003862*omega*theta - 0.016621*omega + 7.0e-5*theta + 2.4e-5,7.487498e-05,8.162171e-06
90764,2025-07-06 06:15:00,0.004023,0.005729,0.004950,nan,nan,nan,115.0426,5170,0,1.00000omega,0.331261 + -0.25626theta + 0.04006omega + -0.07461theta^2 + 0.07752theta omega + 0.08611omega^2 + -0.04882theta^3 + 0.00860theta^2 omega + -0.00359theta omega^2 + 0.01850omega^3,0.08745*omega**3 - 0.000566*omega**2*theta + 0.037311*omega**2 + 4.5e-5*omega*theta**2 + 0.000526*omega*theta - 0.002958*omega - 9.0e-6*theta**3 + 0.000109*theta**2 - 0.000706*theta + 0.002944,1.589786e-04,1.359892e-05
90765,2025-07-06 06:20:00,0.005893,0.024444,0.017779,0.072551,4.232338,2.993155,329.5238,9999,0,1.00000omega,-0.036081 + -0.00389theta + -0.00477omega + -0.00075theta^2 + 0.00113theta omega + -0.00041omega^2 + -0.00005theta^3 + -0.00005theta^2 omega + -0.00100theta omega^2 + -0.00029omega^3,-0.001799*omega**3 - 0.000207*omega**2*theta - 0.003543*omega**2 + 6.0e-6*omega*theta + 2.8e-5*omega - 0.e-6*theta**2 - 2.6e-5*theta - 0.000307,3.293834e-04,9.376616e-06
90766,2025-07-06 06:25:00,0.004476,0.014109,0.010467,0.058333,1.128700,0.799177,138.5432,9999,0,1.00000omega,0.333071 + 0.18985theta + -0.00189omega + 0.16053theta^2 + 0.05348theta omega + -0.88945omega^2 + -0.39299theta^3 + 0.12086theta^2 omega + 0.28251theta omega^2 + -0.76733omega^3,-3.54201*omega**3 + 0.043469*omega**2*theta - 0.169503*omega**2 + 0.00062*omega*theta**2 + 0.005816*omega*theta + 0.01338*omega - 6.7e-5*theta**3 - 0.000762*theta**2 - 0.002644*theta - 0.001717,1.574801e-04,1.352469e-05
90767,2025-07-06 06:30:00,0.005374,0.031250,0.022421,0.103008,6.953829,4.917639,190.1043,9999,0,1.00000omega,0.003881 + -0.00467theta + 0.00442omega + -0.00170theta^2 + -0.00032theta omega + -0.00397omega^2 + -0.00022theta^3 + 0.00018theta^2 omega + -0.00175theta omega^2 + -0.00083omega^3,-0.003513*omega**3 - 0.000247*omega**2*theta - 0.003737*omega**2 + 1.0e-6*omega*theta**2 + 1.1e-5*omega*theta + 0.000181*omega - 2.0e-6*theta**2 - 2.7e-5*theta - 0.00012,4.338163e-04,1.155354e-05
90768,2025-07-06 06:35:00,nan,nan,nan,nan,nan,nan,25053.2441,1715,5,1.00000omega,nan1 + nantheta + nanomega + nantheta^2 + nantheta omega + nanomega^2 + nantheta^3 + nantheta^2 omega + nantheta omega^2 + nanomega^3,N/A,nan,nan
90769,2025-07-06 06:40:00,nan,nan,nan,nan,nan,nan,15577.7295,1356,5,1.00000omega,nan1 + nantheta + nanomega + nantheta^2 + nantheta omega + nanomega^2 + nantheta^3 + nantheta^2 omega + nantheta omega^2 + nanomega^3,N/A,nan,nan
90770,2025-07-06 06:45:00,0.004749,0.008752,0.007041,0.090671,4.018990,2.842578,116.8997,6503,0,1.00000omega,0.030561 + -0.15406theta + -0.02612omega + -0.10768theta^2 + 0.01966theta omega + 0.02739omega^2 + -0.13257theta^3 + 0.14689theta^2 omega + 0.05527theta omega^2 + -0.12438omega^3,-0.433138*omega**3 + 0.006416*omega**2*theta - 0.035428*omega**2 + 0.000568*omega*theta**2 - 0.007707*omega*theta + 0.025235*omega - 1.7e-5*theta**3 + 0.000317*theta**2 - 0.002099*theta + 0.005116,2.962755e-04,1.309159e-05
90771,2025-07-06 06:50:00,0.004771,0.013062,0.009833,0.123854,3.974243,2.811579,139.9734,9999,0,1.00000omega,-0.014731 + -0.06385theta + 0.01383omega + 0.02036theta^2 + 0.00427theta omega + -0.01054omega^2 + -0.00417theta^3 + -0.00279theta^2 omega + 0.00310theta omega^2 + 0.00573omega^3,0.023444*omega**3 + 0.000423*omega**2*theta + 0.003266*omega**2 - 1.3e-5*omega*theta**2 - 0.000377*omega*theta - 0.002285*omega - 0.e-6*theta**3 - 2.4e-5*theta**2 - 0.000332*theta - 0.001918,2.093491e-04,1.504401e-05
90772,2025-07-06 06:55:00,0.004685,0.007426,0.006209,0.116026,5.049508,3.571484,121.0395,8414,0,1.00000omega,-0.102551 + -0.08949theta + 0.03107omega + 0.12815theta^2 + -0.01357theta omega + -0.13173omega^2 + -0.03210theta^3 + 0.00527theta^2 omega + 0.01982theta omega^2 + -0.00510omega^3,-0.019217*omega**3 + 0.002489*omega**2*theta - 0.053766*omega**2 + 2.2e-5*omega*theta**2 - 0.000286*omega*theta + 0.00167*omega - 4.0e-6*theta**3 + 8.9e-5*theta**2 - 0.000495*theta + 0.000473,1.675856e-04,9.863920e-06
90773,2025-07-06 07:00:00,0.004505,0.015352,0.011314,0.140240,7.273990,5.144443,87.4011,8924,0,1.00000omega,0.011421 + -0.13176theta + 0.01516omega + -0.02973theta^2 + -0.00510theta omega + -0.03336omega^2 + -0.00863theta^3 + 0.00743theta^2 omega + -0.02128theta omega^2 + -0.04572omega^3,-0.131641*omega**3 - 0.002042*omega**2*theta + 0.022881*omega**2 + 2.4e-5*omega*theta**2 - 0.000826*omega*theta + 0.007649*omega - 0.e-6*theta**3 + 3.5e-5*theta**2 - 0.000544*theta + 0.003674,3.521602e-04,1.963168e-05
90774,2025-07-06 07:05:00,0.005293,0.035443,0.025340,0.070859,5.229421,3.698098,391.3155,9999,0,1.00000omega,0.002291 + -0.00705theta + -0.01125omega + 0.00011theta^2 + -0.00104theta omega + 0.00100omega^2 + -0.00058theta^3 + -0.00002theta^2 omega + 0.00017theta omega^2 + -0.00057omega^3,-0.005034*omega**3 + 5.0e-5*omega**2*theta + 0.001854*omega**2 - 2.9e-5*omega*theta - 0.001002*omega - 1.5e-5*theta**2 - 0.000395*theta - 0.003567,4.004640e-04,7.969988e-06
90775,2025-07-06 07:10:00,0.004880,0.016351,0.012066,0.078639,2.705106,1.913607,447.9884,8952,5,1.00000omega,0.082371 + -0.01482theta + -0.01909omega + 0.00297theta^2 + 0.00229theta omega + -0.00596omega^2 + -0.00177theta^3 + 0.00005theta^2 omega + 0.00225theta omega^2 + -0.00163omega^3,-0.020131*omega**3 + 0.000926*omega**2*theta - 0.016971*omega**2 + 1.0e-6*omega*theta**2 + 2.9e-5*omega*theta - 0.001193*omega - 0.e-6*theta**3 + 3.7e-5*theta**2 - 0.000566*theta + 0.003118,nan,nan
90776,2025-07-06 07:15:00,0.004790,0.006747,0.005851,0.053594,2.282111,1.614141,529.2883,8503,0,1.00000omega,0.010041 + -0.01818theta + -0.01361omega + 0.00030theta^2 + -0.00262theta omega + -0.00294omega^2 + -0.00017theta^3 + -0.00056theta^2 omega + -0.00063theta omega^2 + 0.00165omega^3,0.025192*omega**3 - 0.000321*omega**2*theta + 0.001962*omega**2 - 9.0e-6*omega*theta**2 + 0.000178*omega*theta - 0.001187*omega + 4.0e-6*theta**2 - 7.2e-5*theta + 0.000505,9.870210e-05,7.479213e-06
90777,2025-07-06 07:20:00,0.005199,0.006541,0.005908,0.154260,6.396651,4.524431,213.3322,6078,0,1.00000omega,0.152401 + -0.02253theta + -0.09523omega + -0.08413theta^2 + -0.46363theta omega + 0.04331omega^2 + -0.00587theta^3 + -0.00494theta^2 omega + -0.06355theta omega^2 + -0.00339omega^3,-0.017977*omega**3 - 0.011233*omega**2*theta + 0.1144*omega**2 - 2.9e-5*omega*theta**2 - 0.005999*omega*theta + 0.05033*omega - 1.0e-6*theta**3 - 1.0e-5*theta**2 + 0.000394*theta - 0.001541,1.042813e-04,1.405120e-05
90778,2025-07-06 07:25:00,0.004485,0.013094,0.009787,nan,nan,nan,119.3879,9999,0,1.00000omega,0.158051 + 0.10984theta + 0.01079omega + 0.02381theta^2 + 0.08013theta omega + 0.01516omega^2 + -0.00463theta^3 + 0.06517theta^2 omega + 0.10700theta omega^2 + -0.02850omega^3,-0.112384*omega**3 + 0.014064*omega**2*theta - 0.209199*omega**2 + 0.000286*omega*theta**2 - 0.007749*omega*theta + 0.052115*omega - 0.e-6*theta**3 + 4.1e-5*theta**2 - 0.000643*theta + 0.003262,1.935556e-04,1.313730e-05
90779,2025-07-06 07:30:00,0.004237,0.008164,0.006504,0.130855,6.361949,4.499529,48.6639,7896,0,1.00000omega,-0.019591 + -0.14621theta + 0.14894omega + 0.12644theta^2 + 0.03884theta omega + -0.02299omega^2 + -0.07196theta^3 + 0.02568theta^2 omega + -0.05193theta omega^2 + -0.00228omega^3,-0.004559*omega**3 - 0.003461*omega**2*theta - 0.024135*omega**2 + 5.7e-5*omega*theta**2 + 0.000934*omega*theta + 0.0083*omega - 5.0e-6*theta**3 - 4.8e-5*theta**2 - 0.000223*theta - 0.000711,7.934657e-05,1.453601e-05
90780,2025-07-06 07:35:00,0.004343,0.005348,0.004872,0.071432,2.722697,1.925900,142.1976,7478,0,1.00000omega,-0.073101 + -0.24894theta + -0.06035omega + -0.02451theta^2 + 0.04900theta omega + -0.05451omega^2 + -0.03050theta^3 + -0.00514theta^2 omega + 0.10170theta omega^2 + -0.00273omega^3,-0.013678*omega**3 + 0.016985*omega**2*theta - 0.216607*omega**2 - 2.9e-5*omega*theta**2 + 0.001322*omega*theta - 0.013394*omega - 6.0e-6*theta**3 + 0.000183*theta**2 - 0.002245*theta + 0.009986,1.225511e-04,1.404876e-05
90781,2025-07-06 07:40:00,0.004379,0.006860,0.005755,0.063015,3.938338,2.785182,129.0295,9611,0,1.00000omega,0.050491 + -0.09949theta + -0.03257omega + 0.05301theta^2 + -0.00173theta omega + -0.36580omega^2 + -0.00098theta^3 + 0.00147theta^2 omega + -0.02147theta omega^2 + -0.03641omega^3,-0.167339*omega**3 - 0.003289*omega**2*theta - 0.144275*omega**2 + 8.0e-6*omega*theta**2 - 1.8e-5*omega*theta - 0.001092*omega + 2.3e-5*theta**2 - 9.5e-5*theta + 0.000109,2.831189e-05,1.281022e-05
90782,2025-07-06 07:45:00,0.004385,0.006871,0.005763,0.066155,1.546500,1.094541,131.5575,9988,0,1.00000omega,-0.024111 + -0.14232theta + 0.02655omega + -0.00183theta^2 + 0.00844theta omega + 0.00117omega^2 + -0.00431theta^3 + -0.00110theta^2 omega + 0.00312theta omega^2 + 0.00197omega^3,0.009101*omega**3 + 0.00048*omega**2*theta + 0.002283*omega**2 - 6.0e-6*omega*theta**2 + 6.8e-5*omega*theta + 0.001223*omega - 0.e-6*theta**3 - 9.0e-6*theta**2 - 0.000196*theta - 0.000721,9.902881e-05,1.252476e-05
90783,2025-07-06 07:50:00,0.004506,0.008356,0.006713,0.100925,5.910473,4.179945,135.6748,7141,1,1.00000omega,0.028121 + -0.49587theta + 0.00662omega + 0.10412theta^2 + -0.00433theta omega + 0.04251omega^2 + -0.00211theta^3 + 0.00806theta^2 omega + -0.01660theta omega^2 + -0.00756omega^3,-0.03454*omega**3 - 0.002528*omega**2*theta - 0.006521*omega**2 + 4.1e-5*omega*theta**2 + 0.000692*omega*theta + 0.003125*omega + 3.5e-5*theta**2 + 0.000185*theta - 0.001457,1.963675e-04,9.780691e-06
90784,2025-07-06 07:55:00,0.003835,0.004980,0.004444,0.090018,2.353977,1.665730,133.7304,7124,0,1.00000omega,0.050861 + 0.65951theta + -0.10592omega + -1.28124theta^2 + 0.19582theta omega + -0.01104omega^2 + -1.92169theta^3 + -0.20841theta^2 omega + 0.39813theta omega^2 + 0.10942omega^3,0.668543*omega**3 + 0.081084*omega**2*theta + 0.199721*omega**2 - 0.001415*omega*theta**2 - 0.004198*omega*theta - 0.005111*omega - 0.000435*theta**3 - 0.003936*theta**2 - 0.010826*theta - 0.009117,8.505819e-05,1.038889e-05
90785,2025-07-06 08:00:00,0.003974,0.005551,0.004827,0.150976,6.620823,4.682846,136.7023,8072,2,1.00000omega,-0.002911 + -0.23992theta + 0.24026omega + 0.05203theta^2 + -0.03046theta omega + -0.04279omega^2 + -0.05479theta^3 + 0.00531theta^2 omega + -0.00842theta omega^2 + 0.00418omega^3,0.024443*omega**3 - 0.001641*omega**2*theta - 0.015407*omega**2 + 3.5e-5*omega*theta**2 - 0.000595*omega*theta + 0.009116*omega - 1.2e-5*theta**3 + 0.000101*theta**2 - 0.000535*theta + 0.000787,5.204758e-05,1.162551e-05
90786,2025-07-06 08:05:00,0.004101,0.004159,0.004130,0.084822,4.163959,2.944974,224.0284,7104,0,1.00000omega,0.021281 + -0.07589theta + -0.07232omega + -0.00315theta^2 + 0.00301theta omega + 0.06767omega^2 + -0.00378theta^3 + 0.00007theta^2 omega + 0.01368theta omega^2 + -0.01435omega^3,-0.125688*omega**3 + 0.003994*omega**2*theta + 0.052169*omega**2 + 1.0e-6*omega*theta**2 + 6.0e-5*omega*theta - 0.002188*omega - 1.0e-6*theta**3 - 1.6e-5*theta**2 - 0.000155*theta - 0.000388,1.725801e-04,1.131454e-05
90787,2025-07-06 08:10:00,0.009174,0.048938,0.035208,0.054730,2.599156,1.838288,1419.3934,9999,1,1.00000omega,0.010571 + -0.01670theta + -0.00945omega + -0.00422theta^2 + 0.00160theta omega + 0.00228omega^2 + -0.00008theta^3 + 0.00094theta^2 omega + -0.00019theta omega^2 + -0.00212omega^3,-0.023046*omega**3 - 6.9e-5*omega**2*theta - 0.000121*omega**2 + 1.1e-5*omega*theta**2 + 0.000525*omega*theta + 0.005724*omega - 5.0e-6*theta**2 - 0.000186*theta - 0.00204,3.905523e-04,4.940890e-06
90788,2025-07-06 08:15:00,0.007778,0.070481,0.050140,0.074273,3.875303,2.740756,254.8616,9999,0,1.00000omega,0.138021 + -0.10154theta + -0.00612omega + 0.00909theta^2 + 0.00007theta omega + 0.00486omega^2 + -0.00006theta^3 + -0.00097theta^2 omega + 0.00089theta omega^2 + 0.00114omega^3,0.00295*omega**3 + 7.7e-5*omega**2*theta + 0.003125*omega**2 - 3.0e-6*omega*theta**2 - 0.000123*omega*theta - 0.001553*omega + 3.0e-6*theta**2 + 1.0e-5*theta - 0.000584,9.536211e-04,1.001046e-05
90789,2025-07-06 08:20:00,0.004119,0.007620,0.006125,0.237052,12.241725,8.657830,91.5881,9534,0,1.00000omega,-0.039211 + -0.00539theta + 0.04382omega + -0.00252theta^2 + -0.00047theta omega + -0.00061omega^2 + -0.01047theta^3 + -0.00087theta^2 omega + -0.00486theta omega^2 + 0.00763omega^3,0.027462*omega**3 - 0.000583*omega**2*theta + 0.006795*omega**2 - 3.0e-6*omega*theta**2 + 7.8e-5*omega*theta + 0.001024*omega - 1.0e-6*theta**3 + 4.9e-5*theta**2 - 0.000587*theta + 0.002228,1.910597e-04,1.797757e-05
90790,2025-07-06 08:25:00,nan,nan,nan,nan,nan,nan,2406.5603,1557,5,1.00000omega,nan1 + nantheta + nanomega + nantheta^2 + nantheta omega + nanomega^2 + nantheta^3 + nantheta^2 omega + nantheta omega^2 + nanomega^3,N/A,nan,nan
90791,2025-07-06 08:30:00,0.003691,0.009288,0.007067,0.113249,8.655194,6.120670,142.8180,8318,0,1.00000omega,0.058571 + -0.00964theta + 0.04095omega + 0.00185theta^2 + 0.00707theta omega + -0.01536omega^2 + -0.00107theta^3 + -0.00582theta^2 omega + -0.00144theta omega^2 + 0.03662omega^3,0.258277*omega**3 - 0.000339*omega**2*theta - 0.009885*omega**2 - 4.6e-5*omega*theta**2 - 0.000543*omega*theta - 0.000177*omega - 5.0e-6*theta**2 - 4.0e-5*theta + 4.0e-6,1.441676e-04,9.561069e-06
90792,2025-07-06 08:35:00,0.003562,0.004064,0.003821,0.153057,3.233096,2.288704,90.6099,6891,0,1.00000omega,0.269491 + -0.09650theta + 0.09692omega + -0.14518theta^2 + -0.00880theta omega + 0.05631omega^2 + -0.82988theta^3 + 0.03429theta^2 omega + -0.08565theta omega^2 + -0.00731omega^3,-0.035955*omega**3 - 0.014043*omega**2*theta - 0.017383*omega**2 + 0.000187*omega*theta**2 + 0.000954*omega*theta + 0.004425*omega - 0.000151*theta**3 - 0.001363*theta**2 - 0.004195*theta - 0.003644,5.150693e-05,7.607709e-06
90793,2025-07-06 08:40:00,0.004314,0.005149,0.004750,0.108787,4.572922,3.234459,137.5339,5789,0,1.00000omega,-0.091521 + -0.12248theta + 0.00202omega + -0.03164theta^2 + 0.11607theta omega + 0.01632omega^2 + -0.14860theta^3 + 0.03623theta^2 omega + -0.33725theta omega^2 + -0.01749omega^3,-0.086999*omega**3 - 0.055918*omega**2*theta - 0.164077*omega**2 + 0.0002*omega*theta**2 + 0.002798*omega*theta + 0.006744*omega - 2.7e-5*theta**3 - 0.000265*theta**2 - 0.000989*theta - 0.001578,5.618594e-05,1.286122e-05
90794,2025-07-06 08:45:00,0.004480,0.004851,0.004669,0.071921,1.809167,1.280284,202.6035,5350,0,1.00000omega,0.213491 + -0.33212theta + 0.07404omega + -0.30521theta^2 + 0.06173theta omega + -0.07865omega^2 + -1.26240theta^3 + -0.21456theta^2 omega + -0.00283theta omega^2 + -0.01073omega^3,-0.072027*omega**3 - 0.000633*omega**2*theta - 0.037587*omega**2 - 0.0016*omega*theta**2 - 0.000965*omega*theta + 0.002471*omega - 0.000314*theta**3 - 0.000731*theta**2 - 0.000909*theta + 0.000149,1.738767e-04,1.189154e-05
90795,2025-07-06 08:50:00,0.004122,0.009192,0.007123,0.095211,5.117211,3.619041,136.0068,9105,0,1.00000omega,-0.080721 + -0.31747theta + -0.11571omega + -0.02946theta^2 + -0.01675theta omega + -0.07341omega^2 + -0.00724theta^3 + -0.00542theta^2 omega + -0.03182theta omega^2 + -0.02215omega^3,-0.11776*omega**3 - 0.005639*omega**2*theta + 0.040297*omega**2 - 3.2e-5*omega*theta**2 + 0.000573*omega*theta - 0.005994*omega - 1.0e-6*theta**3 + 4.0e-5*theta**2 - 0.000687*theta + 0.004914,1.472587e-04,1.300036e-05
90796,2025-07-06 08:55:00,0.003491,0.004803,0.004198,0.080158,2.175079,1.539057,122.2844,6277,0,1.00000omega,-0.534111 + 0.61562theta + 0.04646omega + -0.25165theta^2 + 0.26273theta omega + 0.06100omega^2 + -2.61593theta^3 + -1.16680theta^2 omega + 0.10890theta omega^2 + -0.15062omega^3,-1.007612*omega**3 + 0.024284*omega**2*theta + 0.059995*omega**2 - 0.008673*omega*theta**2 - 0.018143*omega*theta - 0.007447*omega - 0.000648*theta**3 - 0.002629*theta**2 - 0.002863*theta - 0.001969,1.479583e-04,9.177792e-06
90797,2025-07-06 09:00:00,0.004179,0.004148,0.004164,0.187989,4.042166,2.861333,195.6583,4658,1,1.00000omega,-0.234551 + -1.49790theta + 0.04943omega + 0.44471theta^2 + -0.35482theta omega + -0.19035omega^2 + -0.02807theta^3 + -0.00482theta^2 omega + 0.08278theta omega^2 + -0.02366omega^3,-0.175977*omega**3 + 0.020523*omega**2*theta + 0.028643*omega**2 - 4.0e-5*omega*theta**2 - 0.006368*omega*theta - 0.035208*omega - 8.0e-6*theta**3 + 0.000107*theta**2 + 0.000456*theta - 0.003316,1.406607e-04,1.087141e-05
90798,2025-07-06 09:05:00,0.004132,0.005265,0.004733,0.080909,1.813899,1.283896,231.3115,7958,1,1.00000omega,0.064791 + -0.04736theta + -0.00507omega + 0.00205theta^2 + 0.02326theta omega + 0.00473omega^2 + -0.00743theta^3 + 0.00155theta^2 omega + -0.00806theta omega^2 + -0.00660omega^3,-0.059669*omega**3 - 0.002429*omega**2*theta - 0.017931*omega**2 + 1.6e-5*omega*theta**2 + 0.000689*omega*theta + 0.00454*omega - 2.0e-6*theta**3 - 6.2e-5*theta**2 - 0.000565*theta - 0.001726,6.074852e-05,8.226403e-06
90799,2025-07-06 09:10:00,0.004956,0.025962,0.018690,0.082744,3.101540,2.193900,276.7151,3594,5,1.00000omega,0.033951 + -0.09918theta + -0.06012omega + 0.00531theta^2 + -0.00420theta omega + 0.04711omega^2 + -0.01991theta^3 + -0.02322theta^2 omega + 0.00806theta omega^2 + -0.06855omega^3,-0.493984*omega**3 + 0.001936*omega**2*theta + 0.035485*omega**2 - 0.000186*omega*theta**2 - 0.002449*omega*theta - 0.010065*omega - 5.0e-6*theta**3 - 9.9e-5*theta**2 - 0.000727*theta - 0.001905,nan,nan
90800,2025-07-06 09:15:00,0.003287,0.004289,0.003821,0.101934,4.476180,3.165958,125.2856,5250,1,1.00000omega,-0.082741 + -0.28156theta + -0.11013omega + -0.09009theta^2 + -0.02393theta omega + 0.07214omega^2 + -0.10794theta^3 + 0.00306theta^2 omega + 0.00933theta omega^2 + -0.01202omega^3,-0.091624*omega**3 + 0.002371*omega**2*theta + 0.046413*omega**2 + 2.6e-5*omega*theta**2 - 0.000182*omega*theta - 0.00491*omega - 3.0e-5*theta**3 - 0.000438*theta**2 - 0.002383*theta - 0.004736,5.048662e-05,1.399574e-05
90801,2025-07-06 09:20:00,0.003764,0.004798,0.004312,0.066668,2.535722,1.793646,124.3197,6946,0,1.00000omega,-0.577111 + -0.45525theta + -0.01674omega + 0.00383theta^2 + 1.06067theta omega + 0.60279omega^2 + -0.39018theta^3 + 0.03865theta^2 omega + -0.01813theta omega^2 + 0.01172omega^3,0.069978*omega**3 - 0.003608*omega**2*theta + 0.262664*omega**2 + 0.000256*omega*theta**2 + 0.016662*omega*theta + 0.027557*omega - 8.6e-5*theta**3 - 0.000447*theta**2 - 0.001277*theta - 0.002758,9.127254e-05,7.267576e-06
90802,2025-07-06 09:25:00,0.003815,0.006050,0.005057,0.078570,1.522725,1.078161,109.7242,6502,0,1.00000omega,0.274641 + -1.78216theta + -0.16458omega + -0.21961theta^2 + 0.17869theta omega + -0.48650omega^2 + 0.01116theta^3 + -0.17497theta^2 omega + -0.20840theta omega^2 + -0.16072omega^3,-0.805247*omega**3 - 0.034804*omega**2*theta + 0.010428*omega**2 - 0.000974*omega*theta**2 + 0.014146*omega*theta - 0.055326*omega + 2.0e-6*theta**3 - 0.000137*theta**2 - 0.000557*theta + 0.008597,3.439223e-05,1.735229e-05
90803,2025-07-06 09:35:00,0.004831,0.004935,0.004883,nan,nan,nan,160.1910,6228,0,1.00000omega,-0.627211 + -0.53809theta + -0.13630omega + 0.99988theta^2 + 0.32552theta omega + -0.84207omega^2 + -0.53500theta^3 + -0.21991theta^2 omega + -0.61814theta omega^2 + 0.03348omega^3,0.154705*omega**3 - 0.095211*omega**2*theta - 0.644081*omega**2 - 0.001129*omega*theta**2 - 0.003179*omega*theta - 0.002766*omega - 9.2e-5*theta**3 - 0.000469*theta**2 - 0.000706*theta - 0.002286,1.496239e-04,1.156297e-05
90804,2025-07-06 09:40:00,0.003961,0.004465,0.004221,0.098527,7.303250,5.164648,134.7112,7203,0,1.00000omega,0.014371 + -0.04141theta + -0.02416omega + 0.03313theta^2 + -0.00332theta omega + 0.12523omega^2 + 0.00782theta^3 + -0.05644theta^2 omega + -0.09897theta omega^2 + -0.03379omega^3,-0.193767*omega**3 - 0.018918*omega**2*theta + 0.12315*omega**2 - 0.00036*omega*theta**2 + 0.002552*omega*theta - 0.005331*omega + 2.0e-6*theta**3 - 2.0e-6*theta**2 - 9.7e-5*theta + 0.000335,1.003978e-04,1.145598e-05
90805,2025-07-06 09:45:00,0.003866,0.004858,0.004390,nan,nan,nan,329.1853,9077,0,1.00000omega,-0.038381 + 0.00709theta + 0.12177omega + 0.03371theta^2 + -0.01207theta omega + -0.08991omega^2 + -0.01723theta^3 + -0.00529theta^2 omega + -0.00162theta omega^2 + 0.01372omega^3,0.200143*omega**3 - 0.000788*omega**2*theta - 0.068969*omega**2 - 8.6e-5*omega*theta**2 - 0.001646*omega*theta - 0.003612*omega - 9.0e-6*theta**3 - 0.000196*theta**2 - 0.001347*theta - 0.003043,4.711005e-05,6.570264e-06
90806,2025-07-06 09:50:00,0.003418,0.004208,0.003834,nan,nan,nan,125.7750,6254,0,1.00000omega,0.062101 + -0.02218theta + -0.00741omega + -0.10272theta^2 + -0.25846theta omega + 0.27820omega^2 + -0.04293theta^3 + -0.04401theta^2 omega + -0.03405theta omega^2 + 0.04167omega^3,0.302828*omega**3 - 0.008248*omega**2*theta + 0.184733*omega**2 - 0.000355*omega*theta**2 - 0.000121*omega*theta + 0.012392*omega - 1.2e-5*theta**3 + 0.000145*theta**2 - 0.000538*theta + 0.000646,5.038166e-05,1.075826e-05
90807,2025-07-06 09:55:00,0.003840,0.005193,0.004567,nan,nan,nan,126.8334,5186,0,1.00000omega,-0.060231 + -2.42008theta + 0.22817omega + 1.51562theta^2 + 0.07367theta omega + -0.75645omega^2 + -0.75913theta^3 + -0.03132theta^2 omega + 0.12725theta omega^2 + 0.23490omega^3,1.362417*omega**3 + 0.024602*omega**2*theta - 0.344435*omega**2 - 0.000202*omega*theta**2 + 0.001274*omega*theta + 0.00704*omega - 0.000163*theta**3 + 0.000976*theta**2 - 0.003514*theta + 0.00133,1.021914e-04,9.079784e-06
90808,2025-07-06 10:00:00,0.004660,0.005917,0.005326,0.078103,3.717449,2.629214,203.6259,6305,0,1.00000omega,0.229631 + 0.00368theta + -0.02636omega + -0.11873theta^2 + -0.04154theta omega + 0.06754omega^2 + -0.02169theta^3 + 0.01022theta^2 omega + 0.01953theta omega^2 + -0.01660omega^3,-0.104326*omega**3 + 0.004091*omega**2*theta + 0.044235*omega**2 + 7.1e-5*omega*theta**2 - 0.000169*omega*theta - 0.002186*omega - 5.0e-6*theta**3 - 0.00011*theta**2 - 0.00055*theta - 0.000244,1.202402e-04,8.965466e-06
90809,2025-07-06 10:05:00,0.004142,0.003436,0.003805,0.076020,2.793824,1.976263,183.4469,5254,0,1.00000omega,0.106511 + -0.59090theta + -0.28653omega + -0.06442theta^2 + -0.04162theta omega + 0.01535omega^2 + -0.05959theta^3 + -0.00256theta^2 omega + 0.08220theta omega^2 + 0.00944omega^3,0.067471*omega**3 + 0.019584*omega**2*theta + 0.065159*omega**2 - 2.0e-5*omega*theta**2 - 0.000797*omega*theta - 0.011721*omega - 1.6e-5*theta**3 - 0.000174*theta**2 - 0.001273*theta - 0.002397,1.600468e-04,9.551052e-06
90810,2025-07-06 10:10:00,0.003946,0.004712,0.004346,0.092338,1.536735,1.088596,133.1444,3814,0,1.00000omega,0.127761 + -1.32426theta + 0.11947omega + 0.01853theta^2 + 0.34304theta omega + -0.07032omega^2 + -2.20242theta^3 + 0.13403theta^2 omega + -0.00565theta omega^2 + -0.03713omega^3,-0.211285*omega**3 - 0.001072*omega**2*theta - 0.031986*omega**2 + 0.000847*omega*theta**2 + 0.00713*omega*theta + 0.011664*omega - 0.000464*theta**3 - 0.001758*theta**2 - 0.00369*theta - 0.002474,1.612629e-04,1.235689e-05
90811,2025-07-06 10:15:00,0.003602,0.003817,0.003711,0.091461,1.128056,0.800274,108.3398,5440,0,1.00000omega,-0.240631 + -1.98703theta + -0.17180omega + 1.00320theta^2 + 1.27767theta omega + -0.08806omega^2 + -2.82576theta^3 + 0.44598theta^2 omega + 0.13664theta omega^2 + -0.02956omega^3,-0.16504*omega**3 + 0.02543*omega**2*theta - 0.060426*omega**2 + 0.002767*omega*theta**2 + 0.013491*omega*theta - 0.019783*omega - 0.000584*theta**3 + 0.002028*theta**2 - 0.004421*theta + 0.002104,1.016924e-04,1.263581e-05
90812,2025-07-06 10:20:00,0.004142,0.004206,0.004174,0.132410,2.142774,1.518060,235.5565,4597,0,1.00000omega,-0.063981 + -0.83360theta + 0.23399omega + -0.42155theta^2 + 1.41308theta omega + -0.00455omega^2 + -1.99774theta^3 + 0.08332theta^2 omega + 0.11189theta omega^2 + -0.06614omega^3,-0.601934*omega**3 + 0.033943*omega**2*theta - 0.083403*omega**2 + 0.000843*omega*theta**2 + 0.021927*omega*theta - 0.049245*omega - 0.000673*theta**3 + 0.004557*theta**2 - 0.011171*theta + 0.009729,5.260780e-05,1.091538e-05
90813,2025-07-06 10:25:00,0.003814,0.004067,0.003942,nan,nan,nan,211.6388,5510,0,1.00000omega,-0.063061 + -0.04222theta + 0.13311omega + 0.48458theta^2 + 0.00052theta omega + -0.30378omega^2 + -0.51406theta^3 + -0.13857theta^2 omega + 0.25838theta omega^2 + 0.15129omega^3,1.462186*omega**3 + 0.08324*omega**2*theta + 0.155307*omega**2 - 0.001488*omega*theta**2 - 0.011708*omega*theta - 0.018591*omega - 0.000184*theta**3 - 0.001868*theta**2 - 0.006198*theta - 0.006801,4.364548e-05,1.054068e-05
90814,2025-07-06 10:30:00,0.003969,0.003755,0.003864,nan,nan,nan,145.5138,5761,0,1.00000omega,0.022821 + -2.75284theta + -0.00014omega + 0.22684theta^2 + -1.10306theta omega + -0.65170omega^2 + -0.48043theta^3 + -0.00880theta^2 omega + 0.02088theta omega^2 + 0.02075omega^3,0.127106*omega**3 + 0.004263*omega**2*theta - 0.283885*omega**2 - 6.0e-5*omega*theta**2 - 0.016912*omega*theta - 0.041677*omega - 0.000109*theta**3 - 0.000699*theta**2 - 0.004513*theta - 0.008518,1.475304e-04,1.094228e-05
90815,2025-07-06 10:35:00,0.004172,0.004969,0.004588,0.074894,1.408146,0.997117,217.2067,5523,0,1.00000omega,-0.076861 + -1.03328theta + -0.08171omega + 0.45573theta^2 + -0.05803theta omega + -0.27678omega^2 + -0.58866theta^3 + -0.06556theta^2 omega + 0.54884theta omega^2 + -0.21422omega^3,-1.762179*omega**3 + 0.150492*omega**2*theta + 0.368056*omega**2 - 0.000599*omega*theta**2 - 0.005098*omega*theta - 0.013139*omega - 0.000179*theta**3 - 0.001569*theta**2 - 0.005592*theta - 0.008099,5.014773e-05,1.385084e-05
90816,2025-07-06 10:40:00,0.004647,0.004644,0.004646,0.085625,2.572981,1.820380,186.4812,6594,0,1.00000omega,-0.243211 + -0.27974theta + -0.16713omega + -0.09818theta^2 + -0.06380theta omega + 0.13207omega^2 + -0.16837theta^3 + -0.11776theta^2 omega + 0.02827theta omega^2 + -0.07776omega^3,-0.447556*omega**3 + 0.005424*omega**2*theta + 0.051329*omega**2 - 0.000753*omega*theta**2 + 0.000879*omega*theta - 0.005539*omega - 3.6e-5*theta**3 + 8.2e-5*theta**2 - 0.000352*theta - 0.00025,1.318063e-04,1.067708e-05
90817,2025-07-06 10:45:00,0.003614,0.004290,0.003966,0.142392,5.877377,4.157153,129.4632,7341,0,1.00000omega,0.005981 + 0.00643theta + 0.01055omega + -0.00434theta^2 + 0.00054theta omega + -0.06920omega^2 + -0.02565theta^3 + 0.01341theta^2 omega + 0.00104theta omega^2 + 0.02194omega^3,0.14303*omega**3 + 0.000226*omega**2*theta - 0.030904*omega**2 + 9.7e-5*omega*theta**2 + 0.001173*omega*theta + 0.00389*omega - 6.0e-6*theta**3 - 0.000114*theta**2 - 0.000687*theta - 0.001357,1.279150e-04,1.248556e-05
90818,2025-07-06 10:50:00,0.004375,0.004797,0.004591,0.084515,3.622016,2.561850,152.4633,4553,5,1.00000omega,0.059851 + -0.40515theta + 0.03209omega + 0.12155theta^2 + 0.00870theta omega + 0.00860omega^2 + -0.01464theta^3 + -0.00448theta^2 omega + -0.04737theta omega^2 + 0.05652omega^3,0.297835*omega**3 - 0.008321*omega**2*theta - 0.000751*omega**2 - 2.6e-5*omega*theta**2 + 9.4e-5*omega*theta + 0.001126*omega - 3.0e-6*theta**3 + 5.2e-5*theta**2 - 0.000393*theta - 6.2e-5,nan,nan
90819,2025-07-06 10:55:00,0.003781,0.005738,0.004859,0.129217,3.776749,2.672127,99.0929,5145,2,1.00000omega,-0.079911 + -1.12889theta + -0.06576omega + -0.37992theta^2 + -0.03660theta omega + 0.20254omega^2 + -0.09338theta^3 + -0.00351theta^2 omega + -0.11019theta omega^2 + -0.02653omega^3,-0.124382*omega**3 - 0.01722*omega**2*theta + 0.156688*omega**2 - 1.8e-5*omega*theta**2 - 0.00032*omega*theta - 0.000408*omega - 1.6e-5*theta**3 + 5.0e-5*theta**2 - 0.000732*theta + 0.003481,2.655617e-05,1.261114e-05
90820,2025-07-06 11:00:00,0.003918,0.003927,0.003922,nan,nan,nan,133.3581,5472,0,1.00000omega,-0.210281 + -0.11860theta + -0.14880omega + 0.72479theta^2 + -0.00895theta omega + -0.68858omega^2 + -0.29527theta^3 + -0.03850theta^2 omega + 0.11136theta omega^2 + 0.03789omega^3,0.22236*omega**3 + 0.021784*omega**2*theta - 0.15388*omega**2 - 0.000251*omega*theta**2 - 0.003605*omega*theta - 0.017882*omega - 6.4e-5*theta**3 - 0.000975*theta**2 - 0.004415*theta - 0.005636,1.257760e-04,7.881215e-06
90821,2025-07-06 11:05:00,0.003557,0.005760,0.004787,0.081289,3.942287,2.788210,99.7551,7243,0,1.00000omega,-0.059521 + 0.28696theta + -0.01553omega + -0.09348theta^2 + -0.00458theta omega + 0.03345omega^2 + -0.29987theta^3 + 0.00217theta^2 omega + 0.03327theta omega^2 + -0.14787omega^3,-0.777806*omega**3 + 0.005833*omega**2*theta + 0.01147*omega**2 + 1.3e-5*omega*theta**2 - 7.5e-5*omega*theta - 0.000487*omega - 5.8e-5*theta**3 + 3.3e-5*theta**2 + 0.000324*theta - 0.0003,1.646487e-04,1.050617e-05
90822,2025-07-06 11:10:00,0.003493,0.003968,0.003738,0.101098,2.865809,2.027693,129.1709,5966,1,1.00000omega,0.413301 + -0.04008theta + -0.01163omega + 0.00205theta^2 + -0.11712theta omega + -0.02499omega^2 + -0.80003theta^3 + -0.00104theta^2 omega + -0.07621theta omega^2 + -0.02143omega^3,-0.147145*omega**3 - 0.017443*omega**2*theta - 0.049813*omega**2 - 8.0e-6*omega*theta**2 - 0.001902*omega*theta - 0.004479*omega - 0.000203*theta**3 - 0.001324*theta**2 - 0.002915*theta - 0.001212,2.307896e-04,1.369957e-05
90823,2025-07-06 11:15:00,0.004101,0.003978,0.004040,0.100190,4.069137,2.878186,139.0561,5880,0,1.00000omega,-0.015521 + -0.17490theta + 0.00110omega + -0.04810theta^2 + 0.00528theta omega + -0.09404omega^2 + -0.00178theta^3 + -0.01478theta^2 omega + -0.00383theta omega^2 + -0.01050omega^3,-0.056517*omega**3 - 0.000687*omega**2*theta - 0.033655*omega**2 - 8.8e-5*omega*theta**2 + 0.001664*omega*theta - 0.007779*omega - 1.3e-5*theta**2 + 0.000127*theta + 0.000134,2.021455e-04,1.742930e-05
90824,2025-07-06 11:20:00,0.004043,0.005289,0.004707,0.081097,4.902752,3.467244,190.1728,6976,0,1.00000omega,0.483561 + -0.19182theta + -0.36068omega + 0.02631theta^2 + 0.01698theta omega + 0.02914omega^2 + -0.00173theta^3 + -0.00106theta^2 omega + -0.01455theta omega^2 + -0.01638omega^3,-0.128497*omega**3 - 0.003805*omega**2*theta + 0.03605*omega**2 - 9.0e-6*omega*theta**2 + 0.000392*omega*theta - 0.013917*omega - 0.e-6*theta**3 + 2.3e-5*theta**2 - 0.000426*theta + 0.002784,1.817102e-04,1.087292e-05
90825,2025-07-06 11:25:00,0.003705,0.005698,0.004806,0.071247,3.195062,2.259812,185.0428,7681,0,1.00000omega,-0.007091 + 0.00049theta + -0.10240omega + -0.08318theta^2 + -0.06650theta omega + -0.00008omega^2 + -0.00436theta^3 + -0.00078theta^2 omega + -0.06454theta omega^2 + -0.01040omega^3,-0.093031*omega**3 - 0.019244*omega**2*theta + 0.170519*omega**2 - 8.0e-6*omega*theta**2 - 0.001073*omega*theta + 0.006706*omega - 1.0e-6*theta**3 - 1.2e-5*theta**2 + 0.000555*theta - 0.002978,4.829951e-05,1.069761e-05
90826,2025-07-06 11:30:00,0.003694,0.004198,0.003954,nan,nan,nan,121.9183,5767,0,1.00000omega,0.029891 + -0.11961theta + 0.01347omega + 0.09894theta^2 + 0.01380theta omega + -0.10954omega^2 + -0.95203theta^3 + 0.07351theta^2 omega + -0.03710theta omega^2 + 0.03555omega^3,0.210724*omega**3 - 0.00733*omega**2*theta - 0.029976*omega**2 + 0.000484*omega*theta**2 - 0.002268*omega*theta + 0.003083*omega - 0.000209*theta**3 + 0.00165*theta**2 - 0.004469*theta + 0.00421,1.691679e-04,1.110737e-05
90827,2025-07-06 11:35:00,0.004466,0.014571,0.010776,0.081323,3.772859,2.668434,184.4578,9999,0,1.00000omega,-0.015381 + -0.01003theta + -0.10251omega + 0.02130theta^2 + 0.02022theta omega + 0.13871omega^2 + -0.00687theta^3 + -0.00096theta^2 omega + -0.01408theta omega^2 + -0.01973omega^3,-0.121283*omega**3 - 0.002885*omega**2*theta + 0.074269*omega**2 - 7.0e-6*omega*theta**2 + 0.000357*omega*theta - 0.004735*omega - 2.0e-6*theta**3 + 2.9e-5*theta**2 - 0.000171*theta + 0.000275,2.009650e-04,8.517966e-06
90828,2025-07-06 11:40:00,0.003448,0.005206,0.004416,0.133858,10.410911,7.362234,143.0882,7040,0,1.00000omega,-0.005091 + -0.00873theta + 0.00406omega + 0.00122theta^2 + 0.00967theta omega + -0.00758omega^2 + -0.00068theta^3 + 0.00664theta^2 omega + -0.00024theta omega^2 + -0.00605omega^3,-0.047967*omega**3 - 6.3e-5*omega**2*theta - 0.003323*omega**2 + 5.8e-5*omega*theta**2 - 0.000893*omega*theta + 0.003424*omega + 6.0e-6*theta**2 - 7.1e-5*theta + 0.000282,9.166003e-05,1.137450e-05
90829,2025-07-06 11:45:00,0.002809,0.006478,0.004993,0.084065,2.966124,2.098208,99.7607,5275,0,1.00000omega,-0.034421 + -0.90325theta + -0.00638omega + 0.00664theta^2 + 0.32870theta omega + -0.05932omega^2 + -0.03395theta^3 + 0.02717theta^2 omega + 0.00700theta omega^2 + -0.06813omega^3,-0.563707*omega**3 + 0.001931*omega**2*theta - 0.041684*omega**2 + 0.00025*omega*theta**2 + 0.003029*omega*theta - 0.024168*omega - 1.0e-5*theta**3 + 0.000174*theta**2 - 0.001975*theta + 0.007205,2.350748e-04,1.055991e-05
90830,2025-07-06 11:50:00,0.003194,0.003197,0.003195,0.081191,1.773046,1.255047,175.6401,6188,0,1.00000omega,-0.884601 + -1.33478theta + 0.04776omega + 0.80985theta^2 + 0.08308theta omega + 0.16248omega^2 + 0.00855theta^3 + -0.08387theta^2 omega + -0.03824theta omega^2 + -0.06085omega^3,-0.689092*omega**3 - 0.014435*omega**2*theta + 0.040376*omega**2 - 0.001055*omega*theta**2 - 0.006991*omega*theta - 0.009301*omega + 4.0e-6*theta**3 + 0.000597*theta**2 + 0.003253*theta + 0.00192,7.894300e-05,7.967572e-06
90831,2025-07-06 11:55:00,nan,nan,nan,nan,nan,nan,348.4489,2166,5,1.00000omega,nan1 + nantheta + nanomega + nantheta^2 + nantheta omega + nanomega^2 + nantheta^3 + nantheta^2 omega + nantheta omega^2 + nanomega^3,N/A,nan,nan
90832,2025-07-06 12:00:00,0.003990,0.004303,0.004149,0.104559,2.074318,1.468627,91.9894,7263,0,1.00000omega,0.128641 + -0.20062theta + -0.55998omega + 0.40475theta^2 + 0.07685theta omega + 0.43129omega^2 + -1.17822theta^3 + -0.05885theta^2 omega + 0.43476theta omega^2 + -0.07865omega^3,-0.312652*omega**3 + 0.057609*omega**2*theta - 0.096718*omega**2 - 0.00026*omega*theta**2 + 0.003222*omega*theta - 0.027814*omega - 0.000173*theta**3 + 0.002456*theta**2 - 0.011759*theta + 0.019368,1.065451e-04,9.522490e-06
90833,2025-07-06 12:05:00,0.004533,0.004553,0.004543,nan,nan,nan,192.6692,6729,0,1.00000omega,-0.110611 + -1.42284theta + 0.02515omega + -0.23983theta^2 + -0.03751theta omega + 0.19643omega^2 + -0.11199theta^3 + -0.00972theta^2 omega + 0.50022theta omega^2 + 0.06889omega^3,0.431109*omega**3 + 0.104345*omega**2*theta - 0.07847*omega**2 - 6.8e-5*omega*theta**2 - 0.000353*omega*theta + 0.001583*omega - 2.6e-5*theta**3 + 4.0e-6*theta**2 - 0.001391*theta + 0.002072,1.466275e-04,9.347660e-06
90834,2025-07-06 12:10:00,0.003749,0.004797,0.004305,0.192679,8.802732,6.225963,122.4868,4544,0,1.00000omega,0.085371 + -0.25427theta + -0.11525omega + 0.23651theta^2 + -0.02119theta omega + 0.43598omega^2 + -0.05467theta^3 + -0.02984theta^2 omega + -0.02105theta omega^2 + -0.01323omega^3,-0.076674*omega**3 - 0.004066*omega**2*theta + 0.205177*omega**2 - 0.000192*omega*theta**2 + 0.00097*omega*theta - 0.004942*omega - 1.2e-5*theta**3 + 0.000233*theta**2 - 0.001444*theta + 0.002875,1.730762e-04,1.270882e-05
90835,2025-07-06 12:15:00,0.003925,0.011550,0.008626,0.080317,5.721104,4.045830,130.3622,9999,0,1.00000omega,1.269491 + -0.10804theta + -1.13433omega + -0.00260theta^2 + -0.01000theta omega + 0.03099omega^2 + -0.00894theta^3 + -0.00116theta^2 omega + -0.00052theta omega^2 + -0.00262omega^3,-0.014738*omega**3 - 9.8e-5*omega**2*theta + 0.014331*omega**2 - 7.0e-6*omega*theta**2 - 9.0e-6*omega*theta - 0.037095*omega - 2.0e-6*theta**3 + 5.1e-5*theta**2 - 0.000585*theta + 0.005794,2.399265e-04,1.004358e-05
90836,2025-07-06 12:20:00,0.003844,0.005024,0.004473,nan,nan,nan,74.7878,6990,0,1.00000omega,-0.304491 + -0.16384theta + 0.67106omega + 0.00514theta^2 + 0.03755theta omega + -0.29392omega^2 + -0.02298theta^3 + 0.00065theta^2 omega + -0.01781theta omega^2 + 0.05365omega^3,0.185681*omega**3 - 0.002055*omega**2*theta - 0.103378*omega**2 + 2.0e-6*omega*theta**2 + 0.000434*omega*theta + 0.02311*omega - 3.0e-6*theta**3 - 1.3e-5*theta**2 - 0.000202*theta - 0.00132,1.449829e-04,1.427994e-05
90837,2025-07-06 12:25:00,0.003697,0.003607,0.003652,nan,nan,nan,303.0149,4709,0,1.00000omega,-0.052881 + -0.67808theta + 0.37984omega + -0.32320theta^2 + -0.03689theta omega + -0.07235omega^2 + -0.40159theta^3 + 0.11887theta^2 omega + -0.10305theta omega^2 + 0.11856omega^3,1.732646*omega**3 - 0.050199*omega**2*theta + 0.094784*omega**2 + 0.00193*omega*theta**2 - 0.012031*omega*theta + 0.031312*omega - 0.000217*theta**3 + 0.001637*theta**2 - 0.004764*theta + 0.005266,1.005122e-04,7.924791e-06
90838,2025-07-06 12:30:00,0.003300,0.003501,0.003402,0.062574,2.289027,1.619191,169.5266,6721,0,1.00000omega,0.000091 + -0.10002theta + -0.09650omega + -0.29319theta^2 + 0.33661theta omega + 0.09206omega^2 + -0.39801theta^3 + -0.06106theta^2 omega + -0.04117theta omega^2 + 0.00849omega^3,0.087616*omega**3 - 0.014162*omega**2*theta + 0.03346*omega**2 - 0.0007*omega*theta**2 + 0.004551*omega*theta + 0.004853*omega - 0.000152*theta**3 - 0.000853*theta**2 - 0.001625*theta - 0.001026,8.884228e-05,8.192698e-06
90839,2025-07-06 12:35:00,0.003331,0.004644,0.004041,0.159266,8.006159,5.662329,104.7021,8340,0,1.00000omega,0.706721 + -0.44376theta + 0.05173omega + 0.01842theta^2 + -0.02655theta omega + -0.03070omega^2 + -0.00337theta^3 + 0.00524theta^2 omega + -0.00157theta omega^2 + -0.01755omega^3,-0.112357*omega**3 - 0.000335*omega**2*theta - 0.013486*omega**2 + 3.7e-5*omega*theta**2 - 0.000564*omega*theta + 0.002734*omega - 0.e-6*theta**3 + 1.4e-5*theta**2 - 0.000543*theta + 0.002772,1.325397e-04,7.266688e-06
90840,2025-07-06 12:40:00,0.004292,0.020831,0.015039,0.177811,8.912905,6.303629,322.4496,9999,0,1.00000omega,0.011771 + -0.00719theta + 0.09982omega + -0.00518theta^2 + -0.00836theta omega + 0.03456omega^2 + -0.00103theta^3 + -0.00067theta^2 omega + -0.00742theta omega^2 + 0.00863omega^3,0.097194*omega**3 - 0.002786*omega**2*theta + 0.051432*omega**2 - 8.0e-6*omega*theta**2 + 1.1e-5*omega*theta + 0.004193*omega + 1.0e-5*theta**2 - 8.3e-5*theta + 0.000243,1.863738e-04,9.069495e-06
90841,2025-07-06 12:45:00,0.004014,0.020587,0.014831,0.042231,2.330659,1.648296,348.7635,9999,0,1.00000omega,-0.133621 + -0.02749theta + -0.14563omega + -0.00385theta^2 + -0.00317theta omega + -0.02003omega^2 + -0.00213theta^3 + 0.00021theta^2 omega + -0.00355theta omega^2 + 0.00034omega^3,0.004759*omega**3 - 0.001656*omega**2*theta + 0.009896*omega**2 + 3.0e-6*omega*theta**2 - 0.000165*omega*theta - 0.003165*omega - 1.0e-6*theta**3 + 4.4e-5*theta**2 - 0.000619*theta + 0.002811,1.538005e-04,5.282371e-06
90842,2025-07-06 12:50:00,0.003978,0.003796,0.003888,nan,nan,nan,171.0495,4753,0,1.00000omega,-0.153681 + -1.29417theta + 0.14023omega + -0.00519theta^2 + 0.02902theta omega + -0.12745omega^2 + -0.25111theta^3 + 0.02800theta^2 omega + 0.38030theta omega^2 + -0.01634omega^3,-0.118269*omega**3 + 0.091754*omega**2*theta - 0.314203*omega**2 + 0.000225*omega*theta**2 - 0.00076*omega*theta + 0.005065*omega - 6.7e-5*theta**3 + 0.000551*theta**2 - 0.002941*theta + 0.004962,1.443032e-04,9.393691e-06
90843,2025-07-06 12:55:00,0.003618,0.007256,0.005733,0.086493,2.828677,2.001112,122.4543,7935,0,1.00000omega,-0.151591 + 0.00305theta + -0.03497omega + 0.03670theta^2 + -0.02509theta omega + -0.00893omega^2 + -0.02777theta^3 + 0.00198theta^2 omega + -0.01506theta omega^2 + -0.01479omega^3,-0.093589*omega**3 - 0.003177*omega**2*theta + 0.017145*omega**2 + 1.4e-5*omega*theta**2 - 0.00057*omega*theta + 0.002026*omega - 7.0e-6*theta**3 + 0.000149*theta**2 - 0.001121*theta + 0.002396,1.320954e-04,8.414421e-06
90844,2025-07-06 13:00:00,nan,nan,nan,nan,nan,nan,2511.3679,1342,5,1.00000omega,nan1 + nantheta + nanomega + nantheta^2 + nantheta omega + nanomega^2 + nantheta^3 + nantheta^2 omega + nantheta omega^2 + nanomega^3,N/A,nan,nan
90845,2025-07-06 13:05:00,0.003942,0.004198,0.004072,1.189360,57.382728,40.584431,246.5364,4953,0,1.00000omega,0.095521 + -1.01372theta + 0.16977omega + -0.95663theta^2 + 0.11364theta omega + -0.24891omega^2 + 0.03088theta^3 + 0.03508theta^2 omega + -0.15683theta omega^2 + -0.02082omega^3,-0.219875*omega**3 - 0.055208*omega**2*theta + 0.037194*omega**2 + 0.000412*omega*theta**2 - 0.000509*omega*theta + 0.002749*omega + 1.2e-5*theta**3 - 0.000752*theta**2 + 0.003504*theta - 0.003575,7.453267e-05,9.239590e-06
90846,2025-07-06 13:10:00,nan,nan,nan,nan,nan,nan,19640.8633,706,5,1.00000omega,nan1 + nantheta + nanomega + nantheta^2 + nantheta omega + nanomega^2 + nantheta^3 + nantheta^2 omega + nantheta omega^2 + nanomega^3,N/A,nan,nan
90847,2025-07-06 13:15:00,0.004130,0.005180,0.004685,0.115257,4.759568,3.366510,83.6167,7354,0,1.00000omega,0.103851 + -0.07164theta + 0.02998omega + 0.02839theta^2 + -0.02387theta omega + -0.03424omega^2 + -0.24271theta^3 + 0.00693theta^2 omega + -0.05332theta omega^2 + 0.08164omega^3,0.271591*omega**3 - 0.005913*omega**2*theta - 0.011477*omega**2 + 2.6e-5*omega*theta**2 - 0.000264*omega*theta + 0.000996*omega - 3.0e-5*theta**3 + 9.0e-6*theta**2 - 7.9e-5*theta + 0.000346,7.446355e-05,1.751530e-05
90848,2025-07-06 13:20:00,nan,nan,nan,nan,nan,nan,221212.2969,5,5,1.00000omega,nan1 + nantheta + nanomega + nantheta^2 + nantheta omega + nanomega^2 + nantheta^3 + nantheta^2 omega + nantheta omega^2 + nanomega^3,N/A,nan,nan
90849,2025-07-06 13:25:00,0.003852,0.004027,0.003941,nan,nan,nan,113.5208,7507,0,1.00000omega,0.570261 + -0.00144theta + 0.61317omega + 0.02240theta^2 + 0.07297theta omega + 0.15073omega^2 + -0.08778theta^3 + -0.12373theta^2 omega + 0.01082theta omega^2 + 0.06922omega^3,0.36352*omega**3 + 0.001894*omega**2*theta + 0.065826*omega**2 - 0.000722*omega*theta**2 - 0.001088*omega*theta + 0.020388*omega - 1.7e-5*theta**3 - 6.4e-5*theta**2 - 8.0e-5*theta + 0.001481,1.394179e-04,1.090648e-05
90850,2025-07-06 13:30:00,0.003837,0.004862,0.004380,0.067806,3.124657,2.209987,283.5066,7939,0,1.00000omega,0.019161 + -0.02252theta + 0.03416omega + -0.00990theta^2 + -0.10280theta omega + 0.15397omega^2 + -0.00387theta^3 + -0.00298theta^2 omega + 0.00479theta omega^2 + -0.08081omega^3,-1.028624*omega**3 + 0.002032*omega**2*theta + 0.084284*omega**2 - 4.2e-5*omega*theta**2 - 0.001568*omega*theta + 0.016106*omega - 2.0e-6*theta**3 + 3.6e-5*theta**2 - 0.000252*theta + 0.000677,6.542740e-05,8.536957e-06
90851,2025-07-06 13:35:00,nan,nan,nan,nan,nan,nan,7344.9209,936,5,1.00000omega,nan1 + nantheta + nanomega + nantheta^2 + nantheta omega + nanomega^2 + nantheta^3 + nantheta^2 omega + nantheta omega^2 + nanomega^3,N/A,nan,nan
90852,2025-07-06 13:40:00,0.004436,0.015455,0.011370,0.045872,0.846009,0.599097,62.5735,8091,0,1.00000omega,-0.184851 + -0.05454theta + -0.00495omega + -0.04745theta^2 + 0.00258theta omega + -0.02019omega^2 + -0.00863theta^3 + 0.00403theta^2 omega + -0.01495theta omega^2 + -0.00943omega^3,-0.020887*omega**3 - 0.001104*omega**2*theta + 0.008595*omega**2 + 1.0e-5*omega*theta**2 - 0.00023*omega*theta + 0.001151*omega - 0.e-6*theta**3 + 1.3e-5*theta**2 - 4.1e-5*theta - 0.000844,3.406144e-04,1.323098e-05
90853,2025-07-06 13:45:00,nan,nan,nan,nan,nan,nan,337.4144,2987,5,1.00000omega,nan1 + nantheta + nanomega + nantheta^2 + nantheta omega + nanomega^2 + nantheta^3 + nantheta^2 omega + nantheta omega^2 + nanomega^3,N/A,nan,nan
90854,2025-07-06 13:50:00,0.004638,0.006267,0.005513,0.063950,2.376636,1.681144,228.8974,9999,0,1.00000omega,0.055161 + -0.08857theta + -0.07420omega + 0.04319theta^2 + 0.13849theta omega + -0.00349omega^2 + -0.01624theta^3 + -0.03508theta^2 omega + 0.06837theta omega^2 + -0.00695omega^3,-0.049158*omega**3 + 0.01612*omega**2*theta - 0.188929*omega**2 - 0.000276*omega*theta**2 + 0.008646*omega*theta - 0.065704*omega - 4.0e-6*theta**3 + 0.000172*theta**2 - 0.002362*theta + 0.01108,9.982914e-05,1.211068e-05
90855,2025-07-06 13:55:00,0.004362,0.007259,0.005988,0.077926,3.049627,2.157116,214.0095,6235,0,1.00000omega,-0.043911 + 0.00446theta + -0.00542omega + -0.04731theta^2 + 0.00347theta omega + -0.36291omega^2 + -0.01880theta^3 + 0.03310theta^2 omega + -0.02738theta omega^2 + 0.00199omega^3,0.014871*omega**3 - 0.00682*omega**2*theta - 0.122875*omega**2 + 0.000275*omega*theta**2 - 0.004637*omega*theta + 0.019375*omega - 5.0e-6*theta**3 + 0.000107*theta**2 - 0.000686*theta + 0.001188,1.228568e-04,1.243250e-05
90856,2025-07-06 14:00:00,0.004341,0.021630,0.015600,0.092970,4.859202,3.436603,100.9563,9999,0,1.00000omega,-0.007641 + -0.07585theta + 0.02312omega + 0.02965theta^2 + -0.01373theta omega + -0.00902omega^2 + -0.00189theta^3 + -0.00417theta^2 omega + 0.02470theta omega^2 + -0.01531omega^3,-0.053556*omega**3 + 0.00288*omega**2*theta + 0.042586*omega**2 - 1.6e-5*omega*theta**2 - 0.00067*omega*theta - 0.005782*omega + 8.8e-5*theta + 0.000491,3.311872e-04,1.526142e-05
90857,2025-07-06 14:05:00,0.023296,0.195980,0.139554,0.081689,10.857474,7.677611,7896.4131,9999,0,1.00000omega,-0.021971 + 0.00311theta + 0.00006omega + -0.00012theta^2 + -0.00047theta omega + 0.00610omega^2 + 0.00039theta^3 + -0.00014theta^2 omega + -0.01369theta omega^2 + 0.00249omega^3,0.022398*omega**3 - 0.004105*omega**2*theta + 0.115737*omega**2 - 1.0e-6*omega*theta**2 + 6.8e-5*omega*theta - 0.000812*omega - 1.1e-5*theta**2 + 0.0003*theta - 0.002861,3.847482e-04,1.551723e-06
90858,2025-07-06 14:10:00,0.003843,0.015395,0.011220,0.047831,1.181049,0.835812,66.4901,8791,0,1.00000omega,-0.043781 + -0.09489theta + -0.10058omega + -0.12224theta^2 + -0.10989theta omega + 0.17200omega^2 + -0.04700theta^3 + 0.00619theta^2 omega + -0.00193theta omega^2 + -0.02084omega^3,-0.06585*omega**3 - 0.000203*omega**2*theta + 0.056533*omega**2 + 2.2e-5*omega*theta**2 - 0.001341*omega*theta + 0.00108*omega - 6.0e-6*theta**3 + 1.4e-5*theta**2 + 1.0e-6*theta - 8.5e-5,2.304081e-04,8.369424e-06
90859,2025-07-06 14:15:00,0.003925,0.005603,0.004837,0.062246,2.382478,1.685241,84.5367,9621,0,1.00000omega,-0.005591 + -0.40481theta + 0.03013omega + 0.15033theta^2 + 0.09026theta omega + -0.04319omega^2 + -0.02603theta^3 + -0.28286theta^2 omega + 0.00538theta omega^2 + 0.08105omega^3,0.300279*omega**3 + 0.000664*omega**2*theta - 0.013028*omega**2 - 0.001164*omega*theta**2 - 0.006477*omega*theta - 0.007764*omega - 4.0e-6*theta**3 + 2.4e-5*theta**2 - 0.000182*theta - 0.000979,1.728872e-04,1.232197e-05
