Array task 194: processing chunks 42680 to 42899
Loading data from /pfs/data6/home/ka/ka_iai/ka_bj2362/dsr/svise/../dataset/South_Korea_2024-08-15_2025-08-31_1s.parquet...
Finding all valid 5-minute chunks in the dataset...
Found 107059 valid 5-minute chunks in total.

============================================================
SVISE FINAL EVALUATION — ALL CHUNKS
============================================================
Hyperparameters: {
  "model": "integrator",
  "sigma": 0,
  "degree": 3,
  "tau": 0.01,
  "lr": 0.001,
  "n_tau": 100,
  "measurement_noise": 1e-05,
  "n_reparam_samples": 15
}
Total valid chunks in dataset: 107059
Processing chunk range: [42680, 42899] (220 chunks)
Early stopping: patience=300, max_epochs=10000
============================================================


--- Chunk 42680 (1/220) | Start: 2025-01-19 19:10:00 ---
/pfs/data6/home/ka/ka_iai/ka_bj2362/dsr/svise/svise/sde_learning/_marginal_sde.py:284: UserWarning: torch.triangular_solve is deprecated in favor of torch.linalg.solve_triangularand will be removed in a future PyTorch release.
torch.linalg.solve_triangular has its arguments reversed and does not return a copy of one of the inputs.
X = torch.triangular_solve(B, A).solution
should be replaced with
X = torch.linalg.solve_triangular(A, B). (Triggered internally at ../aten/src/ATen/native/BatchLinearAlgebra.cpp:2192.)
  return torch.triangular_solve(self.raw_w, self.C.t()).solution
/pfs/data6/home/ka/ka_iai/ka_bj2362/dsr/svise/svise/quadrature/_unbiased_quadrature.py:196: UserWarning: Interp is nan, reducing interp degree.
  warnings.warn("Interp is nan, reducing interp degree.")
    RMSE omega (GP): 0.004541 | RMSE omega (Sim): 0.091418
    Loss: 108.1135 | Epoch: 6956
    Eq omega: 0.008721 + -0.16570theta + -0.03082omega + -0.22110theta^2 + -0.07887theta omega + -0.25927omega^2 + -0.20621theta^3 + 0.26234theta^2 omega + -0.01728theta omega^2 + -0.01033omega^3
    Eq omega Phys: -0.036622*omega**3 - 0.002042*omega**2*theta - 0.082412*omega**2 + 0.001033*omega*theta**2 - 0.007701*omega*theta + 0.013121*omega - 2.7e-5*theta**3 + 0.000183*theta**2 - 0.000507*theta + 0.000683
    Diffusion: theta=1.723613e-04, omega=1.252199e-05

--- Chunk 42681 (2/220) | Start: 2025-01-19 19:15:00 ---
    RMSE omega (GP): 0.003930 | RMSE omega (Sim): 0.158677
    Loss: 94.4979 | Epoch: 6823
    Eq omega: 0.020051 + -0.04172theta + 0.01617omega + 0.00192theta^2 + -0.01104theta omega + -0.00295omega^2 + -0.00586theta^3 + 0.00233theta^2 omega + 0.00225theta omega^2 + 0.00149omega^3
    Eq omega Phys: 0.006151*omega**3 + 0.00031*omega**2*theta + 0.002038*omega**2 + 1.1e-5*omega*theta**2 + 8.0e-5*omega*theta + 0.000252*omega - 0.e-6*theta**3 - 2.6e-5*theta**2 - 0.000305*theta - 0.001256
    Diffusion: theta=1.081397e-04, omega=1.617795e-05

--- Chunk 42682 (3/220) | Start: 2025-01-19 19:20:00 ---
/pfs/data6/home/ka/ka_iai/ka_bj2362/dsr/svise/svise/quadrature/_unbiased_quadrature.py:174: UserWarning: NaN detected in fxq (quadrature node evaluations). Clamping to 0.
  warnings.warn("NaN detected in fxq (quadrature node evaluations). Clamping to 0.")
/pfs/data6/home/ka/ka_iai/ka_bj2362/dsr/svise/svise/quadrature/_unbiased_quadrature.py:177: UserWarning: NaN detected in fmc (Monte-Carlo node evaluations). Clamping to 0.
  warnings.warn("NaN detected in fmc (Monte-Carlo node evaluations). Clamping to 0.")
    RMSE omega (GP): nan | RMSE omega (Sim): nan
    Loss: 11656.2490 | Epoch: 839
    Eq omega: nan1 + nantheta + nanomega + nantheta^2 + nantheta omega + nanomega^2 + nantheta^3 + nantheta^2 omega + nantheta omega^2 + nanomega^3
    Eq omega Phys: N/A
    Diffusion: theta=nan, omega=nan

--- Chunk 42683 (4/220) | Start: 2025-01-19 19:25:00 ---
    RMSE omega (GP): 0.005507 | RMSE omega (Sim): 0.064077
    Loss: 191.0897 | Epoch: 9999
    Eq omega: -0.012171 + 0.01795theta + -0.09742omega + -0.08987theta^2 + 0.04975theta omega + -0.04355omega^2 + -0.04708theta^3 + -0.00447theta^2 omega + -0.01672theta omega^2 + 0.00072omega^3
    Eq omega Phys: 0.002945*omega**3 - 0.002279*omega**2*theta + 0.013339*omega**2 - 2.0e-5*omega*theta**2 + 0.001137*omega*theta - 0.014534*omega - 7.0e-6*theta**3 + 0.000239*theta**2 - 0.002592*theta + 0.008896
    Diffusion: theta=6.620540e-04, omega=1.267192e-05

--- Chunk 42684 (5/220) | Start: 2025-01-19 19:30:00 ---
/pfs/data6/home/ka/ka_iai/ka_bj2362/dsr/svise/run_analysis_5min_all_chunks_combo5.py:212: ODEintWarning: Excess work done on this call (perhaps wrong Dfun type). Run with full_output = 1 to get quantitative information.
  sol_scaled = odeint(drift, x0_scaled, t_scaled, full_output=False)
    RMSE omega (GP): 0.004644 | RMSE omega (Sim): nan
    Loss: 106.8220 | Epoch: 9223
    Eq omega: -0.093311 + -0.09730theta + 0.06747omega + 0.15439theta^2 + 0.02999theta omega + -0.64976omega^2 + -0.02984theta^3 + 0.01583theta^2 omega + -0.01791theta omega^2 + 0.01678omega^3
    Eq omega Phys: 0.057331*omega**3 - 0.00204*omega**2*theta - 0.24336*omega**2 + 6.0e-5*omega*theta**2 + 0.001757*omega*theta + 0.014611*omega - 4.0e-6*theta**3 - 7.6e-5*theta**2 - 0.00032*theta + 0.000271
    Diffusion: theta=5.145068e-05, omega=1.300170e-05

--- Chunk 42685 (6/220) | Start: 2025-01-19 19:35:00 ---
    RMSE omega (GP): 0.004469 | RMSE omega (Sim): 0.066228
    Loss: 100.2646 | Epoch: 8829
    Eq omega: -0.011891 + -0.01023theta + -0.01215omega + -0.02236theta^2 + -0.09654theta omega + -0.16380omega^2 + -0.01470theta^3 + 0.00283theta^2 omega + -0.06142theta omega^2 + 0.02971omega^3
    Eq omega Phys: 0.102081*omega**3 - 0.007034*omega**2*theta + 0.023575*omega**2 + 1.1e-5*omega*theta**2 - 0.001332*omega*theta + 0.01319*omega - 2.0e-6*theta**3 + 5.5e-5*theta**2 - 0.00053*theta + 0.001678
    Diffusion: theta=1.645574e-04, omega=1.136130e-05

--- Chunk 42686 (7/220) | Start: 2025-01-19 19:40:00 ---
    RMSE omega (GP): 0.004487 | RMSE omega (Sim): 0.057749
    Loss: 208.5320 | Epoch: 9999
    Eq omega: -0.031151 + -0.01055theta + -0.00373omega + 0.00574theta^2 + -0.00220theta omega + 0.02635omega^2 + 0.00002theta^3 + -0.00135theta^2 omega + 0.00156theta omega^2 + -0.00805omega^3
    Eq omega Phys: -0.054356*omega**3 + 0.000351*omega**2*theta + 0.018993*omega**2 - 1.0e-5*omega*theta**2 - 0.000409*omega*theta - 0.00423*omega + 3.0e-6*theta**2 + 0.000105*theta + 0.000776
    Diffusion: theta=2.194112e-04, omega=1.029426e-05

--- Chunk 42687 (8/220) | Start: 2025-01-19 19:45:00 ---
    RMSE omega (GP): 0.004062 | RMSE omega (Sim): 0.066476
    Loss: 167.3143 | Epoch: 6647
    Eq omega: 0.005471 + -0.01921theta + -0.10599omega + -0.01230theta^2 + -0.01591theta omega + 0.07818omega^2 + -0.09751theta^3 + -0.00405theta^2 omega + 0.00182theta omega^2 + -0.00213omega^3
    Eq omega Phys: -0.014404*omega**3 + 0.00041*omega**2*theta + 0.036282*omega**2 - 3.0e-5*omega*theta**2 - 0.000128*omega*theta - 0.003146*omega - 2.4e-5*theta**3 + 0.000143*theta**2 - 0.000299*theta + 0.000236
    Diffusion: theta=3.576768e-05, omega=1.034485e-05

--- Chunk 42688 (9/220) | Start: 2025-01-19 19:50:00 ---
    RMSE omega (GP): 0.005386 | RMSE omega (Sim): 0.129907
    Loss: 322.8719 | Epoch: 7237
    Eq omega: -0.030821 + -0.05258theta + 0.01366omega + -0.01628theta^2 + 0.03446theta omega + 0.01997omega^2 + -0.04247theta^3 + 0.00531theta^2 omega + 0.01121theta omega^2 + 0.00709omega^3
    Eq omega Phys: 0.052197*omega**3 + 0.002751*omega**2*theta - 0.007397*omega**2 + 4.3e-5*omega*theta**2 + 2.3e-5*omega*theta - 0.001405*omega - 1.2e-5*theta**3 + 0.000209*theta**2 - 0.001318*theta + 0.002819
    Diffusion: theta=1.668853e-04, omega=1.463943e-05

--- Chunk 42689 (10/220) | Start: 2025-01-19 19:55:00 ---
    RMSE omega (GP): 0.004177 | RMSE omega (Sim): 0.068683
    Loss: 206.8395 | Epoch: 9999
    Eq omega: 0.009961 + -0.04023theta + -0.00286omega + -0.00211theta^2 + 0.02908theta omega + 0.00610omega^2 + -0.00346theta^3 + 0.00081theta^2 omega + -0.01191theta omega^2 + -0.00575omega^3
    Eq omega Phys: -0.044928*omega**3 - 0.003102*omega**2*theta - 0.030142*omega**2 + 7.0e-6*omega*theta**2 + 0.000645*omega*theta + 0.006016*omega - 1.0e-6*theta**3 - 3.3e-5*theta**2 - 0.000416*theta - 0.001829
    Diffusion: theta=4.232588e-05, omega=1.422320e-05

--- Chunk 42690 (11/220) | Start: 2025-01-19 20:00:00 ---
    RMSE omega (GP): 0.003608 | RMSE omega (Sim): 0.116879
    Loss: 114.7784 | Epoch: 9513
    Eq omega: 0.029431 + -0.51144theta + 0.04202omega + -0.14291theta^2 + 0.00638theta omega + 0.01435omega^2 + -0.00085theta^3 + -0.00260theta^2 omega + -0.00435theta omega^2 + 0.01019omega^3
    Eq omega Phys: 0.060545*omega**3 - 0.000862*omega**2*theta + 0.00458*omega**2 - 1.7e-5*omega*theta**2 + 2.3e-5*omega*theta + 0.001524*omega - 7.2e-5*theta**2 - 0.000867*theta - 0.00143
    Diffusion: theta=8.815692e-05, omega=8.761209e-06

--- Chunk 42691 (12/220) | Start: 2025-01-19 20:05:00 ---
    RMSE omega (GP): 0.003262 | RMSE omega (Sim): 0.094668
    Loss: 59.0163 | Epoch: 9793
    Eq omega: 0.095781 + 0.00805theta + 0.09081omega + -0.00041theta^2 + -0.04665theta omega + 0.07342omega^2 + -0.00406theta^3 + 0.00422theta^2 omega + 0.00505theta omega^2 + 0.01203omega^3
    Eq omega Phys: 0.045534*omega**3 + 0.000637*omega**2*theta + 0.032161*omega**2 + 1.8e-5*omega*theta**2 - 0.000214*omega*theta - 0.000628*omega - 0.e-6*theta**3 - 1.6e-5*theta**2 - 0.00015*theta - 0.000125
    Diffusion: theta=1.624026e-04, omega=9.149188e-06

--- Chunk 42692 (13/220) | Start: 2025-01-19 20:10:00 ---
    RMSE omega (GP): 0.003246 | RMSE omega (Sim): 0.123932
    Loss: 71.4015 | Epoch: 8587
    Eq omega: -0.045161 + 0.00160theta + 0.06139omega + 0.00005theta^2 + 0.01193theta omega + -0.00334omega^2 + -0.00166theta^3 + 0.00067theta^2 omega + -0.00054theta omega^2 + -0.00219omega^3
    Eq omega Phys: -0.009874*omega**3 - 8.1e-5*omega**2*theta - 0.000134*omega**2 + 3.0e-6*omega*theta**2 + 5.8e-5*omega*theta + 0.000528*omega + 1.2e-5*theta**2 - 0.000169*theta + 0.000662
    Diffusion: theta=2.210030e-04, omega=1.232518e-05

--- Chunk 42693 (14/220) | Start: 2025-01-19 20:15:00 ---
    RMSE omega (GP): 0.003687 | RMSE omega (Sim): 0.059971
    Loss: 114.7974 | Epoch: 9999
    Eq omega: -0.002511 + -0.00710theta + -0.06206omega + 0.01974theta^2 + -0.06262theta omega + -0.02653omega^2 + -0.00761theta^3 + -0.04432theta^2 omega + 0.00463theta omega^2 + 0.00279omega^3
    Eq omega Phys: 0.0157*omega**3 + 0.000868*omega**2*theta - 0.019409*omega**2 - 0.000277*omega*theta**2 + 0.004149*omega*theta - 0.016864*omega - 2.0e-6*theta**3 + 5.3e-5*theta**2 - 0.000577*theta + 0.002057
    Diffusion: theta=1.934072e-04, omega=7.237716e-06

--- Chunk 42694 (15/220) | Start: 2025-01-19 20:20:00 ---
    RMSE omega (GP): 0.004535 | RMSE omega (Sim): 0.073612
    Loss: 263.9206 | Epoch: 9999
    Eq omega: -0.424191 + -0.00487theta + -0.03627omega + -0.02133theta^2 + -0.04668theta omega + 0.13808omega^2 + -0.01012theta^3 + -0.00359theta^2 omega + 0.03758theta omega^2 + -0.03527omega^3
    Eq omega Phys: -0.300719*omega**3 + 0.01068*omega**2*theta + 0.210163*omega**2 - 3.4e-5*omega*theta**2 - 0.001699*omega*theta - 0.017374*omega - 3.0e-6*theta**3 - 0.000135*theta**2 - 0.001896*theta - 0.009697
    Diffusion: theta=1.033872e-04, omega=9.315138e-06

--- Chunk 42695 (16/220) | Start: 2025-01-19 20:25:00 ---
    RMSE omega (GP): 0.005235 | RMSE omega (Sim): 0.062190
    Loss: 393.9737 | Epoch: 7986
    Eq omega: 0.016641 + 0.00128theta + 0.01492omega + 0.00064theta^2 + -0.00840theta omega + -0.00715omega^2 + -0.00016theta^3 + 0.00054theta^2 omega + 0.00015theta omega^2 + 0.00697omega^3
    Eq omega Phys: 0.066314*omega**3 + 4.8e-5*omega**2*theta - 0.003296*omega**2 + 6.0e-6*omega*theta**2 + 1.8e-5*omega*theta - 0.000578*omega - 2.0e-6*theta**2 - 2.6e-5*theta - 5.5e-5
    Diffusion: theta=1.619624e-04, omega=1.155019e-05

--- Chunk 42696 (17/220) | Start: 2025-01-19 20:30:00 ---
    RMSE omega (GP): 0.005542 | RMSE omega (Sim): 0.050499
    Loss: 170.4796 | Epoch: 9999
    Eq omega: 0.053591 + -0.08090theta + 0.02632omega + 0.02848theta^2 + -0.00185theta omega + 0.01409omega^2 + -0.00159theta^3 + -0.00094theta^2 omega + -0.00899theta omega^2 + -0.00304omega^3
    Eq omega Phys: -0.011201*omega**3 - 0.001104*omega**2*theta + 0.011387*omega**2 - 4.0e-6*omega*theta**2 + 2.3e-5*omega*theta + 0.000872*omega + 1.5e-5*theta**2 - 0.000242*theta + 0.001117
    Diffusion: theta=3.068890e-04, omega=1.449964e-05

--- Chunk 42697 (18/220) | Start: 2025-01-19 20:35:00 ---
    RMSE omega (GP): 0.004268 | RMSE omega (Sim): nan
    Loss: 226.7882 | Epoch: 9999
    Eq omega: 0.140451 + -0.00773theta + 0.14033omega + -0.01241theta^2 + -0.00682theta omega + 0.06717omega^2 + 0.00001theta^3 + -0.00834theta^2 omega + -0.00655theta omega^2 + 0.01775omega^3
    Eq omega Phys: 0.143941*omega**3 - 0.001771*omega**2*theta + 0.056737*omega**2 - 7.5e-5*omega*theta**2 + 0.001734*omega*theta - 0.005274*omega - 7.0e-6*theta**2 + 0.000169*theta - 0.000688
    Diffusion: theta=2.884735e-04, omega=8.029066e-06

--- Chunk 42698 (19/220) | Start: 2025-01-19 20:40:00 ---
    RMSE omega (GP): 0.005317 | RMSE omega (Sim): 0.059559
    Loss: 135.3407 | Epoch: 9967
    Eq omega: -0.043691 + -0.09155theta + -0.00664omega + -0.00090theta^2 + -0.00131theta omega + -0.04168omega^2 + -0.00151theta^3 + 0.00265theta^2 omega + 0.00630theta omega^2 + -0.03257omega^3
    Eq omega Phys: -0.105129*omega**3 + 0.000678*omega**2*theta - 0.026358*omega**2 + 1.0e-5*omega*theta**2 - 0.00037*omega*theta + 0.003376*omega + 1.0e-5*theta**2 - 0.000279*theta + 0.002825
    Diffusion: theta=2.143800e-04, omega=1.493787e-05

--- Chunk 42699 (20/220) | Start: 2025-01-19 20:45:00 ---
    RMSE omega (GP): nan | RMSE omega (Sim): nan
    Loss: 12663.1152 | Epoch: 1189
    Eq omega: nan1 + nantheta + nanomega + nantheta^2 + nantheta omega + nanomega^2 + nantheta^3 + nantheta^2 omega + nantheta omega^2 + nanomega^3
    Eq omega Phys: N/A
    Diffusion: theta=nan, omega=nan

--- Chunk 42700 (21/220) | Start: 2025-01-19 20:50:00 ---
    RMSE omega (GP): 0.004286 | RMSE omega (Sim): 0.082987
    Loss: 136.8818 | Epoch: 9999
    Eq omega: 0.004931 + -0.06211theta + 0.04990omega + 0.00607theta^2 + -0.03592theta omega + 0.00657omega^2 + -0.00192theta^3 + 0.00221theta^2 omega + -0.00642theta omega^2 + 0.00275omega^3
    Eq omega Phys: 0.013529*omega**3 - 0.001053*omega**2*theta + 0.012427*omega**2 + 1.2e-5*omega*theta**2 - 0.000709*omega*theta + 0.007201*omega + 1.2e-5*theta**2 - 0.00021*theta + 0.001168
    Diffusion: theta=1.600833e-04, omega=1.104598e-05

--- Chunk 42701 (22/220) | Start: 2025-01-19 20:55:00 ---
    RMSE omega (GP): 0.003906 | RMSE omega (Sim): nan
    Loss: 168.8115 | Epoch: 9999
    Eq omega: -0.016851 + -0.00120theta + 0.14782omega + -0.05945theta^2 + 0.00307theta omega + 0.01302omega^2 + -0.01813theta^3 + 0.01516theta^2 omega + 0.03295theta omega^2 + 0.00508omega^3
    Eq omega Phys: 0.036879*omega**3 + 0.007973*omega**2*theta - 0.07672*omega**2 + 0.000122*omega*theta**2 - 0.002499*omega*theta + 0.017693*omega - 5.0e-6*theta**3 + 0.00012*theta**2 - 0.000913*theta + 0.001968
    Diffusion: theta=1.703665e-04, omega=9.462476e-06

--- Chunk 42702 (23/220) | Start: 2025-01-19 21:00:00 ---
    RMSE omega (GP): 0.004017 | RMSE omega (Sim): 0.166034
    Loss: 215.2203 | Epoch: 9999
    Eq omega: -0.016801 + -0.01006theta + 0.08470omega + 0.00245theta^2 + 0.01576theta omega + -0.02873omega^2 + -0.00066theta^3 + 0.00065theta^2 omega + -0.00523theta omega^2 + 0.00236omega^3
    Eq omega Phys: 0.020561*omega**3 - 0.001519*omega**2*theta - 0.036922*omega**2 + 6.0e-6*omega*theta**2 + 0.000461*omega*theta + 0.008073*omega - 8.0e-6*theta**2 - 9.7e-5*theta - 0.000499
    Diffusion: theta=1.486447e-04, omega=8.931393e-06

--- Chunk 42703 (24/220) | Start: 2025-01-19 21:05:00 ---
    RMSE omega (GP): nan | RMSE omega (Sim): nan
    Loss: 243.4907 | Epoch: 3082
    Eq omega: nan1 + nantheta + nanomega + nantheta^2 + nantheta omega + nanomega^2 + nantheta^3 + nantheta^2 omega + nantheta omega^2 + nanomega^3
    Eq omega Phys: N/A
    Diffusion: theta=nan, omega=nan

--- Chunk 42704 (25/220) | Start: 2025-01-19 21:10:00 ---
    RMSE omega (GP): 0.005904 | RMSE omega (Sim): 0.065965
    Loss: 65.0556 | Epoch: 9999
    Eq omega: -0.120621 + -0.07076theta + -0.06390omega + -0.00019theta^2 + -0.00310theta omega + -0.01397omega^2 + -0.01030theta^3 + 0.00401theta^2 omega + 0.00294theta omega^2 + -0.02568omega^3
    Eq omega Phys: -0.032221*omega**3 + 0.000123*omega**2*theta - 0.00597*omega**2 + 6.0e-6*omega*theta**2 - 0.000304*omega*theta + 0.001988*omega + 3.6e-5*theta**2 - 0.000997*theta + 0.009072
    Diffusion: theta=1.089300e-03, omega=1.806292e-05

--- Chunk 42705 (26/220) | Start: 2025-01-19 21:15:00 ---
    RMSE omega (GP): 0.004318 | RMSE omega (Sim): 0.077353
    Loss: 132.8088 | Epoch: 9071
    Eq omega: -1.028381 + -0.19604theta + -0.52375omega + 0.99779theta^2 + -0.02520theta omega + -0.13135omega^2 + -0.24827theta^3 + 0.00832theta^2 omega + -0.02171theta omega^2 + 0.03966omega^3
    Eq omega Phys: 0.188357*omega**3 - 0.003437*omega**2*theta - 0.051216*omega**2 + 4.4e-5*omega*theta**2 - 0.000361*omega*theta - 0.017353*omega - 4.4e-5*theta**3 + 0.000481*theta**2 - 0.000498*theta - 0.002763
    Diffusion: theta=1.067054e-04, omega=1.267684e-05

--- Chunk 42706 (27/220) | Start: 2025-01-19 21:20:00 ---
    RMSE omega (GP): 0.005902 | RMSE omega (Sim): 0.120890
    Loss: 159.5686 | Epoch: 9999
    Eq omega: -0.041121 + -0.02855theta + -0.03589omega + -0.00019theta^2 + -0.00628theta omega + -0.02100omega^2 + -0.00480theta^3 + 0.00178theta^2 omega + 0.00060theta omega^2 + -0.01108omega^3
    Eq omega Phys: -0.032691*omega**3 + 5.9e-5*omega**2*theta - 0.008094*omega**2 + 6.0e-6*omega*theta**2 - 0.000364*omega*theta + 0.004294*omega - 0.e-6*theta**3 + 4.0e-5*theta**2 - 0.001056*theta + 0.00938
    Diffusion: theta=6.928190e-04, omega=1.346746e-05

--- Chunk 42707 (28/220) | Start: 2025-01-19 21:25:00 ---
    RMSE omega (GP): 0.004834 | RMSE omega (Sim): 0.076245
    Loss: 162.8185 | Epoch: 9999
    Eq omega: 0.006371 + -0.02766theta + 0.00725omega + 0.01159theta^2 + -0.00127theta omega + 0.01382omega^2 + -0.00119theta^3 + 0.00094theta^2 omega + -0.00086theta omega^2 + 0.00262omega^3
    Eq omega Phys: 0.011926*omega**3 - 0.00013*omega**2*theta + 0.006523*omega**2 + 5.0e-6*omega*theta**2 - 0.0001*omega*theta + 0.000749*omega + 1.0e-5*theta**2 - 0.000164*theta + 0.000803
    Diffusion: theta=3.556657e-04, omega=1.084791e-05

--- Chunk 42708 (29/220) | Start: 2025-01-19 21:30:00 ---
    RMSE omega (GP): 0.003438 | RMSE omega (Sim): 0.161441
    Loss: 123.5940 | Epoch: 4301
    Eq omega: -0.085151 + -0.28906theta + 0.02409omega + -0.00289theta^2 + -0.03952theta omega + -0.00639omega^2 + -0.57631theta^3 + 0.00778theta^2 omega + -0.01171theta omega^2 + 0.00721omega^3
    Eq omega Phys: 0.050202*omega**3 - 0.002718*omega**2*theta + 0.002119*omega**2 + 6.0e-5*omega*theta**2 - 0.000865*omega*theta + 0.002237*omega - 0.000149*theta**3 + 0.000851*theta**2 - 0.001946*theta + 0.001452
    Diffusion: theta=7.679746e-05, omega=1.122883e-05

--- Chunk 42709 (30/220) | Start: 2025-01-19 21:35:00 ---
    RMSE omega (GP): nan | RMSE omega (Sim): nan
    Loss: 10119.4160 | Epoch: 1096
    Eq omega: nan1 + nantheta + nanomega + nantheta^2 + nantheta omega + nanomega^2 + nantheta^3 + nantheta^2 omega + nantheta omega^2 + nanomega^3
    Eq omega Phys: N/A
    Diffusion: theta=nan, omega=nan

--- Chunk 42710 (31/220) | Start: 2025-01-19 21:40:00 ---
    RMSE omega (GP): 0.004514 | RMSE omega (Sim): 0.093626
    Loss: 177.0738 | Epoch: 9684
    Eq omega: -0.008331 + -0.00148theta + -0.01986omega + -0.00052theta^2 + -0.00024theta omega + 0.01527omega^2 + 0.00002theta^3 + -0.00005theta^2 omega + -0.00171theta omega^2 + 0.00649omega^3
    Eq omega Phys: 0.037512*omega**3 - 0.000329*omega**2*theta + 0.012371*omega**2 + 8.0e-6*omega*theta - 0.000697*omega + 1.1e-5*theta - 9.0e-5
    Diffusion: theta=1.431770e-04, omega=1.345998e-05

--- Chunk 42711 (32/220) | Start: 2025-01-19 21:45:00 ---
    RMSE omega (GP): 0.004173 | RMSE omega (Sim): 0.072679
    Loss: 268.3341 | Epoch: 9999
    Eq omega: -0.002671 + -0.00256theta + -0.00494omega + 0.00037theta^2 + -0.00191theta omega + -0.00429omega^2 + -0.00037theta^3 + -0.00064theta^2 omega + -0.00361theta omega^2 + 0.00155omega^3
    Eq omega Phys: 0.015604*omega**3 - 0.001211*omega**2*theta + 0.011637*omega**2 - 7.0e-6*omega*theta**2 + 0.00013*omega*theta - 0.000708*omega + 5.0e-6*theta**2 - 6.5e-5*theta + 0.000279
    Diffusion: theta=2.414557e-04, omega=7.737347e-06

--- Chunk 42712 (33/220) | Start: 2025-01-19 21:50:00 ---
    RMSE omega (GP): 0.004562 | RMSE omega (Sim): 0.064055
    Loss: 123.2503 | Epoch: 8105
    Eq omega: -0.105621 + -0.04230theta + -0.25398omega + 0.00501theta^2 + 0.18138theta omega + 0.02421omega^2 + -0.10556theta^3 + -0.06044theta^2 omega + 0.03951theta omega^2 + -0.00062omega^3
    Eq omega Phys: -0.002467*omega**3 + 0.00524*omega**2*theta + 0.032063*omega**2 - 0.000267*omega*theta**2 - 0.000169*omega*theta - 0.003957*omega - 1.6e-5*theta**3 - 0.000205*theta**2 - 0.000948*theta - 0.001849
    Diffusion: theta=1.831296e-04, omega=1.419594e-05

--- Chunk 42713 (34/220) | Start: 2025-01-19 21:55:00 ---
    RMSE omega (GP): 0.004497 | RMSE omega (Sim): 0.094818
    Loss: 222.6914 | Epoch: 9999
    Eq omega: 0.014761 + 0.00091theta + -0.06280omega + 0.00257theta^2 + -0.01064theta omega + -0.01241omega^2 + -0.00220theta^3 + 0.00270theta^2 omega + -0.02063theta omega^2 + -0.00199omega^3
    Eq omega Phys: -0.014265*omega**3 - 0.004929*omega**2*theta + 0.074587*omega**2 + 2.2e-5*omega*theta**2 - 0.000877*omega*theta + 0.0065*omega - 0.e-6*theta**3 + 3.0e-5*theta**2 - 0.000514*theta + 0.002949
    Diffusion: theta=3.277968e-04, omega=6.889074e-06

--- Chunk 42714 (35/220) | Start: 2025-01-19 22:00:00 ---
    RMSE omega (GP): nan | RMSE omega (Sim): nan
    Loss: 23801.6211 | Epoch: 1111
    Eq omega: nan1 + nantheta + nanomega + nantheta^2 + nantheta omega + nanomega^2 + nantheta^3 + nantheta^2 omega + nantheta omega^2 + nanomega^3
    Eq omega Phys: N/A
    Diffusion: theta=nan, omega=nan

--- Chunk 42715 (36/220) | Start: 2025-01-19 22:05:00 ---
    RMSE omega (GP): 0.003793 | RMSE omega (Sim): 0.062478
    Loss: 104.9254 | Epoch: 6031
    Eq omega: -0.310921 + -0.92799theta + -0.65747omega + 0.20976theta^2 + 0.13815theta omega + -0.02042omega^2 + 0.00004theta^3 + -0.03094theta^2 omega + -0.01107theta omega^2 + -0.04812omega^3
    Eq omega Phys: -0.236237*omega**3 - 0.001812*omega**2*theta - 0.023292*omega**2 - 0.000169*omega*theta**2 - 0.000938*omega*theta - 0.018078*omega + 9.4e-5*theta**2 + 0.000535*theta - 0.002914
    Diffusion: theta=7.646245e-05, omega=1.219333e-05

--- Chunk 42716 (37/220) | Start: 2025-01-19 22:10:00 ---
    RMSE omega (GP): 0.008712 | RMSE omega (Sim): 0.063964
    Loss: 785.3250 | Epoch: 9999
    Eq omega: -0.081541 + -0.14007theta + -0.12855omega + 0.05478theta^2 + -0.04624theta omega + 0.07965omega^2 + -0.04502theta^3 + -0.03096theta^2 omega + 0.00767theta omega^2 + -0.00984omega^3
    Eq omega Phys: -0.064417*omega**3 + 0.001674*omega**2*theta + 0.053877*omega**2 - 0.000225*omega*theta**2 - 0.005206*omega*theta - 0.033796*omega - 1.1e-5*theta**3 - 0.000298*theta**2 - 0.002838*theta - 0.009709
    Diffusion: theta=5.759610e-04, omega=7.556815e-06

--- Chunk 42717 (38/220) | Start: 2025-01-19 22:15:00 ---
    RMSE omega (GP): nan | RMSE omega (Sim): nan
    Loss: 2039.0599 | Epoch: 1528
    Eq omega: nan1 + nantheta + nanomega + nantheta^2 + nantheta omega + nanomega^2 + nantheta^3 + nantheta^2 omega + nantheta omega^2 + nanomega^3
    Eq omega Phys: N/A
    Diffusion: theta=nan, omega=nan

--- Chunk 42718 (39/220) | Start: 2025-01-19 22:20:00 ---
    RMSE omega (GP): 0.004632 | RMSE omega (Sim): 0.173176
    Loss: 247.4910 | Epoch: 9999
    Eq omega: -0.348481 + -0.03350theta + -0.05088omega + -0.01503theta^2 + 0.00876theta omega + -0.00099omega^2 + -0.00475theta^3 + -0.00150theta^2 omega + -0.11361theta omega^2 + 0.00567omega^3
    Eq omega Phys: 0.042869*omega**3 - 0.028632*omega**2*theta + 0.327858*omega**2 - 1.3e-5*omega*theta**2 + 0.000436*omega*theta - 0.005034*omega - 1.0e-6*theta**3 + 3.7e-5*theta**2 - 0.00037*theta + 0.000559
    Diffusion: theta=2.845800e-04, omega=8.750098e-06

--- Chunk 42719 (40/220) | Start: 2025-01-19 22:25:00 ---
    RMSE omega (GP): 0.004983 | RMSE omega (Sim): nan
    Loss: 235.3851 | Epoch: 9999
    Eq omega: -0.008091 + -0.00193theta + 0.03056omega + 0.00111theta^2 + -0.02011theta omega + -0.01731omega^2 + 0.00038theta^3 + 0.00071theta^2 omega + 0.00890theta omega^2 + 0.00381omega^3
    Eq omega Phys: 0.023688*omega**3 + 0.001845*omega**2*theta + 0.013367*omega**2 + 5.0e-6*omega*theta**2 - 0.000192*omega*theta - 0.001846*omega + 4.0e-6*theta**2 + 4.6e-5*theta + 0.000164
    Diffusion: theta=3.120717e-04, omega=7.806834e-06

--- Chunk 42720 (41/220) | Start: 2025-01-19 22:30:00 ---
    RMSE omega (GP): 0.003588 | RMSE omega (Sim): nan
    Loss: 63.4716 | Epoch: 9999
    Eq omega: -0.118651 + 0.00770theta + -0.06422omega + 0.15304theta^2 + -0.00406theta omega + -0.43401omega^2 + -0.03557theta^3 + -0.00496theta^2 omega + 0.04009theta omega^2 + -0.00346omega^3
    Eq omega Phys: -0.011809*omega**3 + 0.004561*omega**2*theta - 0.083876*omega**2 - 1.9e-5*omega*theta**2 - 0.000561*omega*theta - 0.0063*omega - 4.0e-6*theta**3 - 0.000128*theta**2 - 0.000953*theta - 0.001076
    Diffusion: theta=1.033081e-04, omega=1.160328e-05

--- Chunk 42721 (42/220) | Start: 2025-01-19 22:35:00 ---
    RMSE omega (GP): 0.003336 | RMSE omega (Sim): 0.167245
    Loss: 76.4710 | Epoch: 5382
    Eq omega: 0.589431 + -0.03709theta + 0.01290omega + -0.09696theta^2 + 0.02334theta omega + 0.17614omega^2 + -0.60366theta^3 + -0.06527theta^2 omega + 0.04351theta omega^2 + 0.10362omega^3
    Eq omega Phys: 0.485395*omega**3 + 0.006794*omega**2*theta + 0.064533*omega**2 - 0.00034*omega*theta**2 + 0.000814*omega*theta + 1.2e-5*omega - 0.000105*theta**3 + 0.000192*theta**2 - 0.000153*theta + 0.001708
    Diffusion: theta=1.251191e-04, omega=1.081392e-05

--- Chunk 42722 (43/220) | Start: 2025-01-19 22:40:00 ---
    RMSE omega (GP): 0.003957 | RMSE omega (Sim): 0.080543
    Loss: 56.2402 | Epoch: 9999
    Eq omega: -0.065671 + -0.06496theta + -0.10354omega + -0.12121theta^2 + 0.17275theta omega + -0.04921omega^2 + -0.14219theta^3 + 0.01012theta^2 omega + 0.00725theta omega^2 + -0.09835omega^3
    Eq omega Phys: -0.244112*omega**3 + 0.0006*omega**2*theta - 0.020926*omega**2 + 2.8e-5*omega*theta**2 + 0.001026*omega*theta - 0.018592*omega - 1.3e-5*theta**3 + 0.000404*theta**2 - 0.004194*theta + 0.014426
    Diffusion: theta=2.905909e-04, omega=1.096887e-05

--- Chunk 42723 (44/220) | Start: 2025-01-19 22:45:00 ---
    RMSE omega (GP): 0.003530 | RMSE omega (Sim): 0.222421
    Loss: 168.9458 | Epoch: 9999
    Eq omega: -0.087931 + -0.00314theta + 0.00742omega + -0.00113theta^2 + -0.00077theta omega + -0.01033omega^2 + -0.00313theta^3 + -0.00051theta^2 omega + -0.00017theta omega^2 + 0.00185omega^3
    Eq omega Phys: 0.01658*omega**3 - 5.1e-5*omega**2*theta - 0.006343*omega**2 - 5.0e-6*omega*theta**2 - 0.000153*omega*theta - 0.000902*omega - 1.0e-6*theta**3 - 4.3e-5*theta**2 - 0.000609*theta - 0.003041
    Diffusion: theta=9.504935e-05, omega=9.177714e-06

--- Chunk 42724 (45/220) | Start: 2025-01-19 22:50:00 ---
    RMSE omega (GP): nan | RMSE omega (Sim): nan
    Loss: 24163.5723 | Epoch: 1064
    Eq omega: nan1 + nantheta + nanomega + nantheta^2 + nantheta omega + nanomega^2 + nantheta^3 + nantheta^2 omega + nantheta omega^2 + nanomega^3
    Eq omega Phys: N/A
    Diffusion: theta=nan, omega=nan

--- Chunk 42725 (46/220) | Start: 2025-01-19 22:55:00 ---
    RMSE omega (GP): 0.004140 | RMSE omega (Sim): nan
    Loss: 122.1501 | Epoch: 6893
    Eq omega: 0.069291 + -0.08370theta + 0.28565omega + 0.04768theta^2 + 0.17545theta omega + -0.04319omega^2 + -0.18843theta^3 + -0.09685theta^2 omega + 0.12659theta omega^2 + 0.23349omega^3
    Eq omega Phys: 1.119621*omega**3 + 0.020234*omega**2*theta - 0.043366*omega**2 - 0.000516*omega*theta**2 + 0.003669*omega*theta + 0.005647*omega - 3.3e-5*theta**3 + 0.000151*theta**2 - 0.000315*theta + 0.00042
    Diffusion: theta=8.718247e-05, omega=1.188233e-05

--- Chunk 42726 (47/220) | Start: 2025-01-19 23:00:00 ---
    RMSE omega (GP): nan | RMSE omega (Sim): nan
    Loss: 17290.9805 | Epoch: 1094
    Eq omega: nan1 + nantheta + nanomega + nantheta^2 + nantheta omega + nanomega^2 + nantheta^3 + nantheta^2 omega + nantheta omega^2 + nanomega^3
    Eq omega Phys: N/A
    Diffusion: theta=nan, omega=nan

--- Chunk 42727 (48/220) | Start: 2025-01-19 23:05:00 ---
    RMSE omega (GP): 0.004203 | RMSE omega (Sim): 0.111034
    Loss: 48.9147 | Epoch: 9999
    Eq omega: 0.341581 + -0.20852theta + -0.04609omega + 0.01165theta^2 + 0.01387theta omega + 0.03472omega^2 + 0.00036theta^3 + -0.00114theta^2 omega + -0.00059theta omega^2 + -0.01766omega^3
    Eq omega Phys: -0.032897*omega**3 - 3.7e-5*omega**2*theta + 0.008526*omega**2 - 2.0e-6*omega*theta**2 + 9.9e-5*omega*theta - 0.001168*omega + 3.0e-6*theta**2 - 0.000209*theta + 0.000765
    Diffusion: theta=5.488744e-04, omega=1.497464e-05

--- Chunk 42728 (49/220) | Start: 2025-01-19 23:10:00 ---
    RMSE omega (GP): 0.006362 | RMSE omega (Sim): 0.071427
    Loss: 107.1618 | Epoch: 9999
    Eq omega: -0.015241 + -0.07535theta + 0.00480omega + -0.11799theta^2 + -0.00985theta omega + 0.00897omega^2 + -0.00015theta^3 + 0.00269theta^2 omega + 0.00175theta omega^2 + 0.00097omega^3
    Eq omega Phys: 0.001682*omega**3 + 0.000101*omega**2*theta + 0.000545*omega**2 + 5.0e-6*omega*theta**2 - 0.000244*omega*theta + 0.002732*omega - 3.1e-5*theta**2 + 0.000913*theta - 0.006695
    Diffusion: theta=6.907078e-04, omega=1.195374e-05

--- Chunk 42729 (50/220) | Start: 2025-01-19 23:15:00 ---
    RMSE omega (GP): 0.004677 | RMSE omega (Sim): 0.050183
    Loss: 193.2999 | Epoch: 9975
    Eq omega: 0.126651 + -0.02101theta + -0.03396omega + 0.00152theta^2 + 0.00663theta omega + 0.00338omega^2 + -0.00099theta^3 + -0.00006theta^2 omega + -0.00091theta omega^2 + 0.00083omega^3
    Eq omega Phys: 0.00495*omega**3 - 0.000181*omega**2*theta - 0.002006*omega**2 + 8.3e-5*omega*theta + 0.000632*omega - 1.2e-5*theta**2 - 0.000242*theta - 0.001455
    Diffusion: theta=2.266545e-04, omega=8.266772e-06

  [Progress 50/220] Mean RMSE omega (GP): 0.004528 | (Sim): 0.095086 | Mean loss: 2184.0047 | Valid GP: 42/50 | Valid Sim: 36/50 | Elapsed: 145.6min | ETA: 495.2min

--- Chunk 42730 (51/220) | Start: 2025-01-19 23:20:00 ---
    RMSE omega (GP): 0.003601 | RMSE omega (Sim): 0.096925
    Loss: 71.7860 | Epoch: 9999
    Eq omega: 0.132971 + -0.03221theta + -0.00354omega + -0.08126theta^2 + 0.01260theta omega + 0.03532omega^2 + -0.02659theta^3 + 0.00601theta^2 omega + -0.01077theta omega^2 + -0.01285omega^3
    Eq omega Phys: -0.047797*omega**3 - 0.001335*omega**2*theta + 0.010472*omega**2 + 2.5e-5*omega*theta**2 + 0.000221*omega*theta + 0.000153*omega - 4.0e-6*theta**3 - 4.8e-5*theta**2 - 0.000153*theta + 0.000286
    Diffusion: theta=1.659058e-04, omega=1.378088e-05

--- Chunk 42731 (52/220) | Start: 2025-01-19 23:25:00 ---
    RMSE omega (GP): nan | RMSE omega (Sim): nan
    Loss: 560.2452 | Epoch: 5946
    Eq omega: nan1 + nantheta + nanomega + nantheta^2 + nantheta omega + nanomega^2 + nantheta^3 + nantheta^2 omega + nantheta omega^2 + nanomega^3
    Eq omega Phys: N/A
    Diffusion: theta=nan, omega=nan

--- Chunk 42732 (53/220) | Start: 2025-01-19 23:30:00 ---
    RMSE omega (GP): nan | RMSE omega (Sim): nan
    Loss: 435.9019 | Epoch: 2605
    Eq omega: nan1 + nantheta + nanomega + nantheta^2 + nantheta omega + nanomega^2 + nantheta^3 + nantheta^2 omega + nantheta omega^2 + nanomega^3
    Eq omega Phys: N/A
    Diffusion: theta=nan, omega=nan

--- Chunk 42733 (54/220) | Start: 2025-01-19 23:35:00 ---
    RMSE omega (GP): 0.003683 | RMSE omega (Sim): 0.138236
    Loss: 83.7675 | Epoch: 8070
    Eq omega: 1.567011 + -0.00016theta + -0.05722omega + -1.55927theta^2 + 0.01695theta omega + -0.19148omega^2 + -0.73939theta^3 + -0.01750theta^2 omega + -0.07337theta omega^2 + -0.01470omega^3
    Eq omega Phys: -0.061413*omega**3 - 0.010217*omega**2*theta - 0.009911*omega**2 - 8.1e-5*omega*theta**2 + 0.001189*omega*theta - 0.006125*omega - 0.000114*theta**3 + 0.001421*theta**2 - 0.004664*theta + 0.006212
    Diffusion: theta=1.229364e-04, omega=1.136863e-05

--- Chunk 42734 (55/220) | Start: 2025-01-19 23:40:00 ---
    RMSE omega (GP): 0.004143 | RMSE omega (Sim): 0.067009
    Loss: 223.9833 | Epoch: 7223
    Eq omega: -0.059081 + -0.00492theta + -0.01676omega + -0.01541theta^2 + -0.00591theta omega + 0.01574omega^2 + -0.00520theta^3 + 0.00145theta^2 omega + -0.03735theta omega^2 + -0.00132omega^3
    Eq omega Phys: -0.011412*omega**3 - 0.010763*omega**2*theta + 0.094653*omega**2 + 1.4e-5*omega*theta**2 - 0.000329*omega*theta + 0.001182*omega - 2.0e-6*theta**3 + 3.1e-5*theta**2 - 0.000179*theta + 0.000187
    Diffusion: theta=1.293355e-04, omega=9.784356e-06

--- Chunk 42735 (56/220) | Start: 2025-01-19 23:45:00 ---
    RMSE omega (GP): 0.004012 | RMSE omega (Sim): 0.246876
    Loss: 205.6209 | Epoch: 9224
    Eq omega: 0.096061 + -0.12776theta + 0.16158omega + 0.02221theta^2 + -0.01390theta omega + -0.04027omega^2 + -0.28455theta^3 + 0.26300theta^2 omega + -0.00558theta omega^2 + -0.03738omega^3
    Eq omega Phys: -0.315271*omega**3 - 0.001569*omega**2*theta - 0.022955*omega**2 + 0.002465*omega*theta**2 + 0.00479*omega*theta + 0.007707*omega - 8.9e-5*theta**3 - 0.000259*theta**2 - 0.000394*theta - 2.5e-5
    Diffusion: theta=9.907039e-05, omega=9.884154e-06

--- Chunk 42736 (57/220) | Start: 2025-01-19 23:50:00 ---
    RMSE omega (GP): 0.004266 | RMSE omega (Sim): 0.117450
    Loss: 142.8667 | Epoch: 9178
    Eq omega: -0.131231 + -0.06362theta + 0.02575omega + -0.01635theta^2 + -0.03640theta omega + 0.00887omega^2 + -0.05685theta^3 + -0.00475theta^2 omega + 0.03260theta omega^2 + 0.02597omega^3
    Eq omega Phys: 0.135998*omega**3 + 0.005691*omega**2*theta + 0.015573*omega**2 - 2.8e-5*omega*theta**2 - 0.000622*omega*theta - 0.000319*omega - 1.1e-5*theta**3 - 7.7e-5*theta**2 - 0.000246*theta - 0.000629
    Diffusion: theta=2.667179e-04, omega=1.078479e-05

--- Chunk 42737 (58/220) | Start: 2025-01-19 23:55:00 ---
    RMSE omega (GP): 0.003465 | RMSE omega (Sim): nan
    Loss: 82.4381 | Epoch: 6411
    Eq omega: -0.040481 + -0.11498theta + 0.02206omega + -0.02299theta^2 + 0.04583theta omega + -0.02533omega^2 + -0.01531theta^3 + 0.04816theta^2 omega + 0.00254theta omega^2 + 0.02256omega^3
    Eq omega Phys: 0.102281*omega**3 + 0.000384*omega**2*theta - 0.012379*omega**2 + 0.000243*omega*theta**2 - 0.002606*omega*theta + 0.007373*omega - 3.0e-6*theta**3 + 4.1e-5*theta**2 - 0.000332*theta + 0.001033
    Diffusion: theta=5.869878e-05, omega=1.748829e-05

--- Chunk 42738 (59/220) | Start: 2025-01-20 00:00:00 ---
    RMSE omega (GP): nan | RMSE omega (Sim): nan
    Loss: 3624.9517 | Epoch: 1115
    Eq omega: nan1 + nantheta + nanomega + nantheta^2 + nantheta omega + nanomega^2 + nantheta^3 + nantheta^2 omega + nantheta omega^2 + nanomega^3
    Eq omega Phys: N/A
    Diffusion: theta=nan, omega=nan

--- Chunk 42739 (60/220) | Start: 2025-01-20 00:05:00 ---
    RMSE omega (GP): 0.003919 | RMSE omega (Sim): 0.066802
    Loss: 227.4579 | Epoch: 9999
    Eq omega: 0.088551 + -0.02971theta + -0.07529omega + 0.00286theta^2 + -0.01189theta omega + -0.00176omega^2 + -0.00011theta^3 + 0.00053theta^2 omega + -0.00117theta omega^2 + -0.00159omega^3
    Eq omega Phys: -0.015332*omega**3 - 0.000376*omega**2*theta + 0.003904*omega**2 + 6.0e-6*omega*theta**2 - 0.000373*omega*theta + 0.001384*omega + 3.0e-6*theta**2 - 0.0001*theta + 0.000997
    Diffusion: theta=1.539188e-04, omega=1.083311e-05

--- Chunk 42740 (61/220) | Start: 2025-01-20 00:10:00 ---
    RMSE omega (GP): nan | RMSE omega (Sim): nan
    Loss: 808.1485 | Epoch: 3575
    Eq omega: nan1 + nantheta + nanomega + nantheta^2 + nantheta omega + nanomega^2 + nantheta^3 + nantheta^2 omega + nantheta omega^2 + nanomega^3
    Eq omega Phys: N/A
    Diffusion: theta=nan, omega=nan

--- Chunk 42741 (62/220) | Start: 2025-01-20 00:15:00 ---
    RMSE omega (GP): 0.003735 | RMSE omega (Sim): 0.075975
    Loss: 96.3321 | Epoch: 5581
    Eq omega: -0.016311 + -0.66398theta + -0.01954omega + -0.38662theta^2 + -0.00759theta omega + 0.00986omega^2 + -0.11961theta^3 + -0.00256theta^2 omega + -0.00771theta omega^2 + -0.02463omega^3
    Eq omega Phys: -0.114216*omega**3 - 0.001192*omega**2*theta + 0.002821*omega**2 - 1.3e-5*omega*theta**2 - 0.000123*omega*theta - 0.00075*omega - 2.1e-5*theta**3 - 0.000223*theta**2 - 0.001085*theta - 0.000846
    Diffusion: theta=1.140097e-04, omega=1.068000e-05

--- Chunk 42742 (63/220) | Start: 2025-01-20 00:20:00 ---
    RMSE omega (GP): nan | RMSE omega (Sim): nan
    Loss: 25499.6426 | Epoch: 1061
    Eq omega: nan1 + nantheta + nanomega + nantheta^2 + nantheta omega + nanomega^2 + nantheta^3 + nantheta^2 omega + nantheta omega^2 + nanomega^3
    Eq omega Phys: N/A
    Diffusion: theta=nan, omega=nan

--- Chunk 42743 (64/220) | Start: 2025-01-20 00:25:00 ---
    RMSE omega (GP): nan | RMSE omega (Sim): nan
    Loss: 45806.0039 | Epoch: 1023
    Eq omega: nan1 + nantheta + nanomega + nantheta^2 + nantheta omega + nanomega^2 + nantheta^3 + nantheta^2 omega + nantheta omega^2 + nanomega^3
    Eq omega Phys: N/A
    Diffusion: theta=nan, omega=nan

--- Chunk 42744 (65/220) | Start: 2025-01-20 00:30:00 ---
    RMSE omega (GP): 0.004166 | RMSE omega (Sim): 0.044155
    Loss: 293.6788 | Epoch: 9999
    Eq omega: -0.071911 + -0.00029theta + -0.03499omega + -0.00028theta^2 + -0.00001theta omega + -0.00901omega^2 + -0.00007theta^3 + -0.00000theta^2 omega + -0.00028theta omega^2 + -0.00200omega^3
    Eq omega Phys: -0.021452*omega**3 - 0.0001*omega**2*theta - 0.003395*omega**2 - 0.001162*omega + 1.0e-6*theta**2 - 2.6e-5*theta + 1.8e-5
    Diffusion: theta=2.975604e-04, omega=6.880665e-06

--- Chunk 42745 (66/220) | Start: 2025-01-20 00:35:00 ---
    RMSE omega (GP): 0.004621 | RMSE omega (Sim): nan
    Loss: 403.7839 | Epoch: 9999
    Eq omega: -0.002081 + -0.00326theta + 0.07734omega + 0.00053theta^2 + -0.00071theta omega + 0.02650omega^2 + 0.00004theta^3 + 0.00193theta^2 omega + -0.00042theta omega^2 + 0.01724omega^3
    Eq omega Phys: 0.213475*omega**3 - 0.000173*omega**2*theta + 0.01947*omega**2 + 2.7e-5*omega*theta**2 - 0.000764*omega*theta + 0.008076*omega - 3.0e-6*theta + 7.1e-5
    Diffusion: theta=1.853032e-04, omega=6.804662e-06

--- Chunk 42746 (67/220) | Start: 2025-01-20 00:40:00 ---
    RMSE omega (GP): 0.003831 | RMSE omega (Sim): 0.075038
    Loss: 189.8017 | Epoch: 9999
    Eq omega: -0.005611 + 0.00079theta + -0.02235omega + -0.00026theta^2 + -0.00018theta omega + -0.00922omega^2 + 0.00017theta^3 + -0.00220theta^2 omega + 0.00202theta omega^2 + -0.00417omega^3
    Eq omega Phys: -0.035019*omega**3 + 0.000565*omega**2*theta - 0.012322*omega**2 - 2.1e-5*omega*theta**2 + 0.000537*omega*theta - 0.004261*omega - 2.0e-6*theta**2 + 3.2e-5*theta - 0.00017
    Diffusion: theta=2.261767e-04, omega=8.943967e-06

--- Chunk 42747 (68/220) | Start: 2025-01-20 00:45:00 ---
    RMSE omega (GP): 0.006475 | RMSE omega (Sim): nan
    Loss: 657.4445 | Epoch: 9999
    Eq omega: 0.027081 + 0.00828theta + 0.05726omega + -0.01600theta^2 + 0.00750theta omega + 0.02436omega^2 + -0.00301theta^3 + 0.00004theta^2 omega + 0.00749theta omega^2 + 0.00732omega^3
    Eq omega Phys: 0.074648*omega**3 + 0.002546*omega**2*theta - 0.025098*omega**2 + 0.000132*omega*theta - 0.000233*omega - 1.0e-6*theta**3 + 4.2e-5*theta**2 - 0.000483*theta + 0.001621
    Diffusion: theta=2.357512e-04, omega=5.657590e-06

--- Chunk 42748 (69/220) | Start: 2025-01-20 00:50:00 ---
    RMSE omega (GP): 0.004245 | RMSE omega (Sim): 0.085259
    Loss: 215.8824 | Epoch: 9999
    Eq omega: -0.016741 + -0.01306theta + -0.01437omega + -0.00380theta^2 + -0.01846theta omega + -0.02614omega^2 + -0.00896theta^3 + 0.00077theta^2 omega + 0.00222theta omega^2 + -0.00427omega^3
    Eq omega Phys: -0.033545*omega**3 + 0.000581*omega**2*theta - 0.020145*omega**2 + 7.0e-6*omega*theta**2 - 0.000471*omega*theta + 0.004098*omega - 3.0e-6*theta**3 + 8.9e-5*theta**2 - 0.001024*theta + 0.003954
    Diffusion: theta=1.976978e-04, omega=8.576916e-06

--- Chunk 42749 (70/220) | Start: 2025-01-20 00:55:00 ---
    RMSE omega (GP): nan | RMSE omega (Sim): nan
    Loss: 63249.3125 | Epoch: 807
    Eq omega: nan1 + nantheta + nanomega + nantheta^2 + nantheta omega + nanomega^2 + nantheta^3 + nantheta^2 omega + nantheta omega^2 + nanomega^3
    Eq omega Phys: N/A
    Diffusion: theta=nan, omega=nan

--- Chunk 42750 (71/220) | Start: 2025-01-20 01:00:00 ---
 lsoda--  warning..internal t (=r1) and h (=r2) are  
       such that in the machine, t + h = t on the next step  
       (h = step size). solver will continue anyway  
      in above,  r1 =  0.8106258674648D+01   r2 =  0.8035041896288D-15
 lsoda--  warning..internal t (=r1) and h (=r2) are  
       such that in the machine, t + h = t on the next step  
       (h = step size). solver will continue anyway  
      in above,  r1 =  0.8106258674648D+01   r2 =  0.8035041896288D-15
 lsoda--  warning..internal t (=r1) and h (=r2) are  
       such that in the machine, t + h = t on the next step  
       (h = step size). solver will continue anyway  
      in above,  r1 =  0.8106258674648D+01   r2 =  0.8035041896288D-15
 lsoda--  warning..internal t (=r1) and h (=r2) are  
       such that in the machine, t + h = t on the next step  
       (h = step size). solver will continue anyway  
      in above,  r1 =  0.8106258674648D+01   r2 =  0.6603731011149D-15
 lsoda--  warning..internal t (=r1) and h (=r2) are  
       such that in the machine, t + h = t on the next step  
       (h = step size). solver will continue anyway  
      in above,  r1 =  0.8106258674648D+01   r2 =  0.6603731011149D-15
 lsoda--  warning..internal t (=r1) and h (=r2) are  
       such that in the machine, t + h = t on the next step  
       (h = step size). solver will continue anyway  
      in above,  r1 =  0.8106258674648D+01   r2 =  0.6603731011149D-15
 lsoda--  warning..internal t (=r1) and h (=r2) are  
       such that in the machine, t + h = t on the next step  
       (h = step size). solver will continue anyway  
      in above,  r1 =  0.8106258674648D+01   r2 =  0.5427384677221D-15
 lsoda--  warning..internal t (=r1) and h (=r2) are  
       such that in the machine, t + h = t on the next step  
       (h = step size). solver will continue anyway  
      in above,  r1 =  0.8106258674648D+01   r2 =  0.5427384677221D-15
 lsoda--  warning..internal t (=r1) and h (=r2) are  
       such that in the machine, t + h = t on the next step  
       (h = step size). solver will continue anyway  
      in above,  r1 =  0.8106258674648D+01   r2 =  0.5427384677221D-15
 lsoda--  warning..internal t (=r1) and h (=r2) are  
       such that in the machine, t + h = t on the next step  
       (h = step size). solver will continue anyway  
      in above,  r1 =  0.8106258674648D+01   r2 =  0.4460585143106D-15
 lsoda--  above warning has been issued i1 times.    
       it will not be issued again for this problem  
      in above message,  i1 =        10
 lsoda--  warning..internal t (=r1) and h (=r2) are  
       such that in the machine, t + h = t on the next step  
       (h = step size). solver will continue anyway  
      in above,  r1 =  0.9436101195310D+01   r2 =  0.7959913752576D-15
 lsoda--  warning..internal t (=r1) and h (=r2) are  
       such that in the machine, t + h = t on the next step  
       (h = step size). solver will continue anyway  
      in above,  r1 =  0.9436101195310D+01   r2 =  0.7959913752576D-15
 lsoda--  warning..internal t (=r1) and h (=r2) are  
       such that in the machine, t + h = t on the next step  
       (h = step size). solver will continue anyway  
      in above,  r1 =  0.9436101195310D+01   r2 =  0.7959913752576D-15
 lsoda--  warning..internal t (=r1) and h (=r2) are  
       such that in the machine, t + h = t on the next step  
       (h = step size). solver will continue anyway  
      in above,  r1 =  0.9436101195310D+01   r2 =  0.7959913752576D-15
 lsoda--  warning..internal t (=r1) and h (=r2) are  
       such that in the machine, t + h = t on the next step  
       (h = step size). solver will continue anyway  
      in above,  r1 =  0.9436101195310D+01   r2 =  0.6420423454593D-15
 lsoda--  warning..internal t (=r1) and h (=r2) are  
       such that in the machine, t + h = t on the next step  
       (h = step size). solver will continue anyway  
      in above,  r1 =  0.9436101195310D+01   r2 =  0.6420423454593D-15
 lsoda--  warning..internal t (=r1) and h (=r2) are  
       such that in the machine, t + h = t on the next step  
    RMSE omega (GP): 0.003576 | RMSE omega (Sim): nan
    Loss: 296.5478 | Epoch: 9999
    Eq omega: -0.066831 + -0.01847theta + -0.00066omega + 0.00591theta^2 + -0.00177theta omega + 0.00985omega^2 + -0.00008theta^3 + 0.00013theta^2 omega + 0.00009theta omega^2 + 0.00740omega^3
    Eq omega Phys: 0.113118*omega**3 + 4.6e-5*omega**2*theta + 0.006332*omega**2 + 2.0e-6*omega*theta**2 - 0.000109*omega*theta + 0.001132*omega + 7.0e-6*theta**2 - 0.000195*theta + 0.001457
    Diffusion: theta=1.140704e-04, omega=4.887240e-06

--- Chunk 42751 (72/220) | Start: 2025-01-20 01:05:00 ---
    RMSE omega (GP): 0.004018 | RMSE omega (Sim): 0.060719
    Loss: 246.3017 | Epoch: 9490
    Eq omega: 0.015661 + -0.00042theta + -0.05290omega + -0.00098theta^2 + 0.00749theta omega + -0.02218omega^2 + 0.00082theta^3 + -0.00097theta^2 omega + 0.00547theta omega^2 + -0.00345omega^3
    Eq omega Phys: -0.034655*omega**3 + 0.001832*omega**2*theta - 0.036538*omega**2 - 1.1e-5*omega*theta**2 + 0.000425*omega*theta - 0.005446*omega - 1.2e-5*theta**2 + 0.000169*theta - 0.000731
    Diffusion: theta=1.372726e-04, omega=8.684287e-06

--- Chunk 42752 (73/220) | Start: 2025-01-20 01:10:00 ---
    RMSE omega (GP): 0.004112 | RMSE omega (Sim): 0.079312
    Loss: 151.2404 | Epoch: 9999
    Eq omega: -0.010521 + -0.00389theta + -0.00578omega + -0.00068theta^2 + -0.00253theta omega + -0.00133omega^2 + -0.00012theta^3 + -0.00008theta^2 omega + 0.00001theta omega^2 + 0.00030omega^3
    Eq omega Phys: 0.001598*omega**3 + 2.0e-6*omega**2*theta - 0.000599*omega**2 - 1.5e-5*omega*theta + 0.000355*omega + 1.0e-6*theta**2 - 2.4e-5*theta + 0.000157
    Diffusion: theta=6.472331e-04, omega=7.533511e-06

--- Chunk 42753 (74/220) | Start: 2025-01-20 01:15:00 ---
    RMSE omega (GP): 0.003727 | RMSE omega (Sim): 0.038456
    Loss: 473.8355 | Epoch: 9999
    Eq omega: -0.017841 + -0.00135theta + 0.00083omega + -0.00039theta^2 + -0.00140theta omega + -0.00179omega^2 + -0.00003theta^3 + -0.00016theta^2 omega + -0.00021theta omega^2 + -0.00141omega^3
    Eq omega Phys: -0.031414*omega**3 - 0.000156*omega**2*theta + 0.000381*omega**2 - 4.0e-6*omega*theta**2 + 5.7e-5*omega*theta - 7.9e-5*omega + 1.0e-6*theta**2 - 4.0e-6*theta - 1.5e-5
    Diffusion: theta=8.981625e-05, omega=5.229356e-06

--- Chunk 42754 (75/220) | Start: 2025-01-20 01:20:00 ---
    RMSE omega (GP): 0.004718 | RMSE omega (Sim): 0.064783
    Loss: 161.1567 | Epoch: 9999
    Eq omega: -0.004161 + -0.05088theta + -0.00071omega + -0.02122theta^2 + 0.00591theta omega + 0.00825omega^2 + -0.00123theta^3 + 0.00006theta^2 omega + -0.00062theta omega^2 + 0.00382omega^3
    Eq omega Phys: 0.017994*omega**3 - 9.7e-5*omega**2*theta + 0.002161*omega**2 + 8.5e-5*omega*theta + 0.000905*omega - 1.7e-5*theta**2 - 0.000352*theta - 0.00218
    Diffusion: theta=3.704075e-04, omega=8.255733e-06

--- Chunk 42755 (76/220) | Start: 2025-01-20 01:25:00 ---
    RMSE omega (GP): nan | RMSE omega (Sim): nan
    Loss: 4062.6301 | Epoch: 1187
    Eq omega: nan1 + nantheta + nanomega + nantheta^2 + nantheta omega + nanomega^2 + nantheta^3 + nantheta^2 omega + nantheta omega^2 + nanomega^3
    Eq omega Phys: N/A
    Diffusion: theta=nan, omega=nan

--- Chunk 42756 (77/220) | Start: 2025-01-20 01:30:00 ---
    RMSE omega (GP): 0.004389 | RMSE omega (Sim): 0.056459
    Loss: 293.6978 | Epoch: 9999
    Eq omega: -0.061161 + -0.02149theta + -0.26930omega + -0.00047theta^2 + -0.00986theta omega + -0.02491omega^2 + -0.00112theta^3 + 0.00010theta^2 omega + -0.00205theta omega^2 + -0.00065omega^3
    Eq omega Phys: -0.006453*omega**3 - 0.000678*omega**2*theta - 0.002576*omega**2 + 1.0e-6*omega*theta**2 - 0.000227*omega*theta - 0.00537*omega + 2.1e-5*theta**2 - 0.000384*theta + 0.002347
    Diffusion: theta=2.553129e-04, omega=7.840108e-06

--- Chunk 42757 (78/220) | Start: 2025-01-20 01:35:00 ---
    RMSE omega (GP): nan | RMSE omega (Sim): nan
    Loss: 105.6703 | Epoch: 4109
    Eq omega: nan1 + nantheta + nanomega + nantheta^2 + nantheta omega + nanomega^2 + nantheta^3 + nantheta^2 omega + nantheta omega^2 + nanomega^3
    Eq omega Phys: N/A
    Diffusion: theta=nan, omega=nan

--- Chunk 42758 (79/220) | Start: 2025-01-20 01:40:00 ---
    RMSE omega (GP): nan | RMSE omega (Sim): nan
    Loss: 40382.4141 | Epoch: 1122
    Eq omega: nan1 + nantheta + nanomega + nantheta^2 + nantheta omega + nanomega^2 + nantheta^3 + nantheta^2 omega + nantheta omega^2 + nanomega^3
    Eq omega Phys: N/A
    Diffusion: theta=nan, omega=nan

--- Chunk 42759 (80/220) | Start: 2025-01-20 01:45:00 ---
    RMSE omega (GP): nan | RMSE omega (Sim): nan
    Loss: 81099.4297 | Epoch: 760
    Eq omega: nan1 + nantheta + nanomega + nantheta^2 + nantheta omega + nanomega^2 + nantheta^3 + nantheta^2 omega + nantheta omega^2 + nanomega^3
    Eq omega Phys: N/A
    Diffusion: theta=nan, omega=nan

--- Chunk 42760 (81/220) | Start: 2025-01-20 01:50:00 ---
    RMSE omega (GP): 0.003543 | RMSE omega (Sim): 0.101770
    Loss: 138.1286 | Epoch: 9999
    Eq omega: 0.002031 + -0.01427theta + -0.00931omega + 0.00734theta^2 + -0.00125theta omega + 0.01169omega^2 + -0.00097theta^3 + -0.00090theta^2 omega + -0.00007theta omega^2 + -0.00883omega^3
    Eq omega Phys: -0.064808*omega**3 - 1.7e-5*omega**2*theta + 0.005595*omega**2 - 7.0e-6*omega*theta**2 - 0.000181*omega*theta - 0.00141*omega - 5.0e-6*theta**2 - 2.2e-5*theta - 3.1e-5
    Diffusion: theta=8.280851e-05, omega=7.679136e-06

--- Chunk 42761 (82/220) | Start: 2025-01-20 01:55:00 ---
    RMSE omega (GP): nan | RMSE omega (Sim): nan
    Loss: 16408.9961 | Epoch: 1170
    Eq omega: nan1 + nantheta + nanomega + nantheta^2 + nantheta omega + nanomega^2 + nantheta^3 + nantheta^2 omega + nantheta omega^2 + nanomega^3
    Eq omega Phys: N/A
    Diffusion: theta=nan, omega=nan

--- Chunk 42762 (83/220) | Start: 2025-01-20 02:00:00 ---
    RMSE omega (GP): nan | RMSE omega (Sim): nan
    Loss: 321.4011 | Epoch: 2555
    Eq omega: nan1 + nantheta + nanomega + nantheta^2 + nantheta omega + nanomega^2 + nantheta^3 + nantheta^2 omega + nantheta omega^2 + nanomega^3
    Eq omega Phys: N/A
    Diffusion: theta=nan, omega=nan

--- Chunk 42763 (84/220) | Start: 2025-01-20 02:05:00 ---
    RMSE omega (GP): 0.003111 | RMSE omega (Sim): 0.070280
    Loss: 180.0597 | Epoch: 8944
    Eq omega: -0.005241 + -0.02864theta + 0.04207omega + -0.03320theta^2 + 0.00124theta omega + 0.00486omega^2 + -0.00072theta^3 + -0.00205theta^2 omega + 0.00186theta omega^2 + 0.00092omega^3
    Eq omega Phys: 0.011413*omega**3 + 0.000769*omega**2*theta - 0.002518*omega**2 - 2.8e-5*omega*theta**2 + 0.000441*omega*theta - 0.000314*omega - 1.6e-5*theta**2 + 0.000263*theta - 0.000922
    Diffusion: theta=6.442874e-05, omega=5.934840e-06

--- Chunk 42764 (85/220) | Start: 2025-01-20 02:10:00 ---
    RMSE omega (GP): 0.002995 | RMSE omega (Sim): 0.082224
    Loss: 82.6098 | Epoch: 8591
    Eq omega: -0.014031 + -0.00328theta + -0.04159omega + -0.03103theta^2 + -0.00663theta omega + -0.00338omega^2 + -0.01016theta^3 + -0.00383theta^2 omega + -0.05563theta omega^2 + -0.01038omega^3
    Eq omega Phys: -0.064086*omega**3 - 0.011449*omega**2*theta + 0.097583*omega**2 - 2.6e-5*omega*theta**2 + 0.000355*omega*theta - 0.002488*omega - 2.0e-6*theta**3 + 4.5e-5*theta**2 - 0.000255*theta + 0.000332
    Diffusion: theta=1.335486e-04, omega=9.468360e-06

--- Chunk 42765 (86/220) | Start: 2025-01-20 02:15:00 ---
    RMSE omega (GP): 0.003716 | RMSE omega (Sim): 0.095082
    Loss: 169.5733 | Epoch: 9999
    Eq omega: -0.013161 + -0.00089theta + -0.00079omega + 0.00070theta^2 + 0.00169theta omega + -0.00680omega^2 + -0.00004theta^3 + 0.00392theta^2 omega + 0.00249theta omega^2 + 0.00150omega^3
    Eq omega Phys: 0.012004*omega**3 + 0.000664*omega**2*theta - 0.011773*omega**2 + 3.5e-5*omega*theta**2 - 0.000838*omega*theta + 0.005004*omega + 1.0e-6*theta**2 - 1.6e-5*theta + 6.9e-5
    Diffusion: theta=1.914377e-04, omega=6.434272e-06

--- Chunk 42766 (87/220) | Start: 2025-01-20 02:20:00 ---
    RMSE omega (GP): 0.004304 | RMSE omega (Sim): 0.130398
    Loss: 103.6337 | Epoch: 6942
    Eq omega: 0.236451 + -0.01947theta + 0.05056omega + -0.22942theta^2 + -0.05651theta omega + 0.13248omega^2 + -0.16277theta^3 + -0.22703theta^2 omega + 0.07352theta omega^2 + 0.02937omega^3
    Eq omega Phys: 0.110977*omega**3 + 0.00926*omega**2*theta - 0.027475*omega**2 - 0.000953*omega*theta**2 + 0.014667*omega*theta - 0.05462*omega - 2.3e-5*theta**3 + 0.000459*theta**2 - 0.002988*theta + 0.006918
    Diffusion: theta=4.091824e-05, omega=1.463027e-05

--- Chunk 42767 (88/220) | Start: 2025-01-20 02:25:00 ---
    RMSE omega (GP): 0.004802 | RMSE omega (Sim): 0.088435
    Loss: 264.3538 | Epoch: 9999
    Eq omega: -0.046031 + -0.01239theta + -0.03475omega + -0.00097theta^2 + -0.00066theta omega + -0.04247omega^2 + -0.00041theta^3 + -0.00159theta^2 omega + -0.00020theta omega^2 + -0.02452omega^3
    Eq omega Phys: -0.184516*omega**3 - 5.0e-5*omega**2*theta - 0.020689*omega**2 - 1.3e-5*omega*theta**2 + 0.000297*omega*theta - 0.002817*omega + 3.0e-6*theta**2 - 4.7e-5*theta + 0.000163
    Diffusion: theta=2.537247e-04, omega=7.717611e-06

--- Chunk 42768 (89/220) | Start: 2025-01-20 02:30:00 ---
    RMSE omega (GP): 0.003843 | RMSE omega (Sim): 0.063994
    Loss: 159.4663 | Epoch: 9999
    Eq omega: -0.040831 + 0.00027theta + -0.01138omega + -0.02737theta^2 + 0.00195theta omega + -0.00651omega^2 + -0.01041theta^3 + -0.00104theta^2 omega + 0.00475theta omega^2 + -0.01358omega^3
    Eq omega Phys: -0.09236*omega**3 + 0.001077*omega**2*theta - 0.017745*omega**2 - 8.0e-6*omega*theta**2 + 0.000245*omega*theta - 0.002254*omega - 3.0e-6*theta**3 + 9.3e-5*theta**2 - 0.001061*theta + 0.003819
    Diffusion: theta=3.993946e-04, omega=7.564065e-06

--- Chunk 42769 (90/220) | Start: 2025-01-20 02:35:00 ---
    RMSE omega (GP): 0.003692 | RMSE omega (Sim): 0.057989
    Loss: 248.5457 | Epoch: 9999
    Eq omega: 0.035991 + -0.01191theta + -0.00520omega + 0.00097theta^2 + -0.00157theta omega + 0.00076omega^2 + -0.00031theta^3 + -0.00041theta^2 omega + -0.00010theta omega^2 + -0.00132omega^3
    Eq omega Phys: -0.015616*omega**3 - 3.9e-5*omega**2*theta + 0.000907*omega**2 - 5.0e-6*omega*theta**2 + 8.5e-5*omega*theta - 0.000455*omega + 5.0e-6*theta**2 - 7.6e-5*theta + 0.000463
    Diffusion: theta=1.590870e-04, omega=4.729792e-06

--- Chunk 42770 (91/220) | Start: 2025-01-20 02:40:00 ---
    RMSE omega (GP): 0.004229 | RMSE omega (Sim): 0.063323
    Loss: 264.2989 | Epoch: 9999
    Eq omega: 0.019611 + -0.00026theta + -0.01234omega + -0.00005theta^2 + -0.00020theta omega + -0.00113omega^2 + -0.00005theta^3 + -0.00003theta^2 omega + -0.00016theta omega^2 + -0.00067omega^3
    Eq omega Phys: -0.006494*omega**3 - 5.2e-5*omega**2*theta - 2.1e-5*omega**2 + 4.0e-6*omega*theta - 0.000412*omega + 1.0e-6*theta**2 - 7.0e-6*theta + 6.8e-5
    Diffusion: theta=1.534279e-04, omega=8.528764e-06

--- Chunk 42771 (92/220) | Start: 2025-01-20 02:45:00 ---
    RMSE omega (GP): nan | RMSE omega (Sim): nan
    Loss: 51240.3555 | Epoch: 765
    Eq omega: nan1 + nantheta + nanomega + nantheta^2 + nantheta omega + nanomega^2 + nantheta^3 + nantheta^2 omega + nantheta omega^2 + nanomega^3
    Eq omega Phys: N/A
    Diffusion: theta=nan, omega=nan

--- Chunk 42772 (93/220) | Start: 2025-01-20 02:50:00 ---
    RMSE omega (GP): 0.004609 | RMSE omega (Sim): 0.086210
    Loss: 173.4380 | Epoch: 7112
    Eq omega: 0.010611 + -0.05558theta + -0.06214omega + -0.00245theta^2 + 0.00410theta omega + 0.01683omega^2 + -0.00017theta^3 + 0.00114theta^2 omega + 0.00072theta omega^2 + -0.01169omega^3
    Eq omega Phys: -0.063143*omega**3 + 0.00013*omega**2*theta + 0.005697*omega**2 + 7.0e-6*omega*theta**2 - 9.4e-5*omega*theta - 0.001868*omega - 4.9e-5*theta + 0.00062
    Diffusion: theta=2.768700e-04, omega=1.106457e-05

--- Chunk 42773 (94/220) | Start: 2025-01-20 02:55:00 ---
    RMSE omega (GP): 0.003837 | RMSE omega (Sim): nan
    Loss: 83.7897 | Epoch: 9563
    Eq omega: 0.071081 + 0.00830theta + -0.09326omega + -0.09029theta^2 + -0.03029theta omega + 0.21084omega^2 + -0.03244theta^3 + -0.02676theta^2 omega + -0.00245theta omega^2 + 0.08517omega^3
    Eq omega Phys: 0.329631*omega**3 - 0.000316*omega**2*theta + 0.079465*omega**2 - 0.000115*omega*theta**2 + 0.002357*omega*theta - 0.014896*omega - 5.0e-6*theta**3 + 0.000129*theta**2 - 0.001088*theta + 0.002754
    Diffusion: theta=2.528302e-04, omega=9.908387e-06

--- Chunk 42774 (95/220) | Start: 2025-01-20 03:00:00 ---
    RMSE omega (GP): 0.009620 | RMSE omega (Sim): 0.130734
    Loss: 255.9527 | Epoch: 7977
    Eq omega: -0.192521 + -0.23544theta + 0.15361omega + 0.06491theta^2 + 0.01493theta omega + -0.00477omega^2 + -0.00262theta^3 + -0.00111theta^2 omega + -0.00067theta omega^2 + 0.00436omega^3
    Eq omega Phys: 0.007963*omega**3 - 4.1e-5*omega**2*theta - 0.001209*omega**2 - 2.0e-6*omega*theta**2 + 0.000119*omega*theta + 0.005216*omega + 1.7e-5*theta**2 - 0.000234*theta - 0.001062
    Diffusion: theta=nan, omega=nan

--- Chunk 42775 (96/220) | Start: 2025-01-20 03:05:00 ---
    RMSE omega (GP): 0.004411 | RMSE omega (Sim): nan
    Loss: 109.1538 | Epoch: 9999
    Eq omega: -0.019821 + -0.11723theta + -0.17123omega + -0.07825theta^2 + 0.03235theta omega + 0.00172omega^2 + -0.07102theta^3 + -0.01147theta^2 omega + 0.32955theta omega^2 + -0.01261omega^3
    Eq omega Phys: -0.047095*omega**3 + 0.041026*omega**2*theta + 0.042747*omega**2 - 4.8e-5*omega*theta**2 + 0.000283*omega*theta - 0.005367*omega - 1.0e-5*theta**3 - 6.1e-5*theta**2 - 0.000224*theta - 0.000239
    Diffusion: theta=2.797019e-04, omega=7.640666e-06

--- Chunk 42776 (97/220) | Start: 2025-01-20 03:10:00 ---
    RMSE omega (GP): 0.003593 | RMSE omega (Sim): 0.063602
    Loss: 111.4842 | Epoch: 6825
    Eq omega: 0.026941 + 0.14752theta + -0.02183omega + -0.27681theta^2 + 0.10683theta omega + -0.00806omega^2 + -0.84392theta^3 + -0.04574theta^2 omega + 0.27581theta omega^2 + 0.00109omega^3
    Eq omega Phys: 0.006351*omega**3 + 0.053566*omega**2*theta - 0.154953*omega**2 - 0.000296*omega*theta**2 + 0.003243*omega*theta - 0.007529*omega - 0.000182*theta**3 + 0.001409*theta**2 - 0.003434*theta + 0.002634
    Diffusion: theta=7.915982e-05, omega=8.039176e-06

--- Chunk 42777 (98/220) | Start: 2025-01-20 03:15:00 ---
    RMSE omega (GP): 0.004065 | RMSE omega (Sim): 0.040973
    Loss: 96.9316 | Epoch: 9999
    Eq omega: 0.025641 + -0.10526theta + 0.00638omega + 0.00729theta^2 + 0.00076theta omega + -0.02425omega^2 + -0.00073theta^3 + 0.00274theta^2 omega + -0.05214theta omega^2 + 0.00380omega^3
    Eq omega Phys: 0.014605*omega**3 - 0.00668*omega**2*theta - 0.08635*omega**2 + 1.2e-5*omega*theta**2 + 0.000281*omega*theta + 0.0019*omega - 0.e-6*theta**2 - 9.2e-5*theta - 0.001052
    Diffusion: theta=3.285048e-04, omega=9.480473e-06

--- Chunk 42778 (99/220) | Start: 2025-01-20 03:20:00 ---
    RMSE omega (GP): 0.004096 | RMSE omega (Sim): 0.051060
    Loss: 364.0892 | Epoch: 8443
    Eq omega: 0.147021 + 0.00136theta + -0.10168omega + 0.00020theta^2 + -0.00517theta omega + -0.06380omega^2 + 0.00012theta^3 + -0.00031theta^2 omega + 0.00081theta omega^2 + -0.01993omega^3
    Eq omega Phys: -0.285609*omega**3 + 0.000387*omega**2*theta - 0.048301*omega**2 - 5.0e-6*omega*theta**2 - 1.2e-5*omega*theta - 0.002678*omega - 2.0e-6*theta**2 + 2.1e-5*theta + 0.000156
    Diffusion: theta=7.580625e-05, omega=7.559147e-06

--- Chunk 42779 (100/220) | Start: 2025-01-20 03:25:00 ---
    RMSE omega (GP): 0.003439 | RMSE omega (Sim): 0.062648
    Loss: 283.6304 | Epoch: 9999
    Eq omega: -0.088911 + -0.01002theta + -0.09562omega + -0.00052theta^2 + -0.00225theta omega + -0.00250omega^2 + -0.00007theta^3 + -0.00018theta^2 omega + -0.00011theta omega^2 + -0.00261omega^3
    Eq omega Phys: -0.041223*omega**3 - 5.8e-5*omega**2*theta - 0.00132*omega**2 - 3.0e-6*omega*theta**2 - 0.e-6*omega*theta - 0.002953*omega + 1.0e-6*theta**2 - 1.3e-5*theta - 4.6e-5
    Diffusion: theta=8.365857e-05, omega=6.312695e-06

  [Progress 100/220] Mean RMSE omega (GP): 0.004369 | (Sim): 0.089777 | Mean loss: 4504.1210 | Valid GP: 78/100 | Valid Sim: 66/100 | Elapsed: 278.8min | ETA: 334.6min

--- Chunk 42780 (101/220) | Start: 2025-01-20 03:30:00 ---
    RMSE omega (GP): nan | RMSE omega (Sim): nan
    Loss: 109180.7422 | Epoch: 760
    Eq omega: nan1 + nantheta + nanomega + nantheta^2 + nantheta omega + nanomega^2 + nantheta^3 + nantheta^2 omega + nantheta omega^2 + nanomega^3
    Eq omega Phys: N/A
    Diffusion: theta=nan, omega=nan

--- Chunk 42781 (102/220) | Start: 2025-01-20 03:35:00 ---
    RMSE omega (GP): 0.004213 | RMSE omega (Sim): 0.188836
    Loss: 203.6651 | Epoch: 9999
    Eq omega: -0.153871 + -0.01706theta + -0.03375omega + 0.00412theta^2 + 0.00058theta omega + 0.00271omega^2 + -0.01206theta^3 + 0.00651theta^2 omega + -0.00101theta omega^2 + 0.00540omega^3
    Eq omega Phys: 0.040902*omega**3 - 0.000255*omega**2*theta + 0.004037*omega**2 + 5.5e-5*omega*theta**2 - 0.00114*omega*theta + 0.004802*omega - 3.0e-6*theta**3 + 0.000109*theta**2 - 0.001184*theta + 0.004017
    Diffusion: theta=1.615039e-04, omega=8.673217e-06

--- Chunk 42782 (103/220) | Start: 2025-01-20 03:40:00 ---
    RMSE omega (GP): nan | RMSE omega (Sim): nan
    Loss: 414.2359 | Epoch: 2162
    Eq omega: nan1 + nantheta + nanomega + nantheta^2 + nantheta omega + nanomega^2 + nantheta^3 + nantheta^2 omega + nantheta omega^2 + nanomega^3
    Eq omega Phys: N/A
    Diffusion: theta=nan, omega=nan

--- Chunk 42783 (104/220) | Start: 2025-01-20 03:45:00 ---
    RMSE omega (GP): 0.004295 | RMSE omega (Sim): 0.106461
    Loss: 138.5779 | Epoch: 7388
    Eq omega: 0.006171 + -0.00276theta + -0.00191omega + -0.00097theta^2 + -0.00383theta omega + 0.00353omega^2 + 0.00007theta^3 + -0.00108theta^2 omega + 0.00116theta omega^2 + -0.00421omega^3
    Eq omega Phys: -0.021145*omega**3 + 0.000194*omega**2*theta + 0.000114*omega**2 - 6.0e-6*omega*theta**2 + 3.0e-5*omega*theta + 1.1e-5*omega - 0.e-6*theta**2 + 5.0e-6*theta + 1.3e-5
    Diffusion: theta=2.017329e-04, omega=1.171342e-05

--- Chunk 42784 (105/220) | Start: 2025-01-20 03:50:00 ---
    RMSE omega (GP): nan | RMSE omega (Sim): nan
    Loss: 183.3524 | Epoch: 5975
    Eq omega: nan1 + nantheta + nanomega + nantheta^2 + nantheta omega + nanomega^2 + nantheta^3 + nantheta^2 omega + nantheta omega^2 + nanomega^3
    Eq omega Phys: N/A
    Diffusion: theta=nan, omega=nan

--- Chunk 42785 (106/220) | Start: 2025-01-20 03:55:00 ---
    RMSE omega (GP): 0.003987 | RMSE omega (Sim): 0.102768
    Loss: 105.1070 | Epoch: 9999
    Eq omega: -0.000801 + 0.00046theta + 0.03573omega + 0.00003theta^2 + -0.00021theta omega + -0.00803omega^2 + -0.00002theta^3 + -0.00006theta^2 omega + 0.00032theta omega^2 + 0.00362omega^3
    Eq omega Phys: 0.015579*omega**3 + 4.6e-5*omega**2*theta - 0.002495*omega**2 - 9.0e-6*omega*theta + 0.001119*omega - 0.e-6*theta
    Diffusion: theta=2.726525e-04, omega=1.051872e-05

--- Chunk 42786 (107/220) | Start: 2025-01-20 04:00:00 ---
    RMSE omega (GP): 0.015673 | RMSE omega (Sim): 0.046604
    Loss: 6011.2158 | Epoch: 9999
    Eq omega: -0.009871 + 0.00124theta + -0.00261omega + -0.00025theta^2 + -0.00026theta omega + 0.00026omega^2 + 0.00001theta^3 + 0.00002theta^2 omega + 0.00005theta omega^2 + 0.00006omega^3
    Eq omega Phys: 0.000955*omega**3 + 2.7e-5*omega**2*theta + 0.001038*omega**2 + 1.6e-5*omega*theta + 7.3e-5*omega + 7.0e-6*theta + 1.5e-5
    Diffusion: theta=2.565762e-04, omega=3.112382e-06

--- Chunk 42787 (108/220) | Start: 2025-01-20 04:05:00 ---
    RMSE omega (GP): nan | RMSE omega (Sim): nan
    Loss: 78033.2266 | Epoch: 822
    Eq omega: nan1 + nantheta + nanomega + nantheta^2 + nantheta omega + nanomega^2 + nantheta^3 + nantheta^2 omega + nantheta omega^2 + nanomega^3
    Eq omega Phys: N/A
    Diffusion: theta=nan, omega=nan

--- Chunk 42788 (109/220) | Start: 2025-01-20 04:10:00 ---
    RMSE omega (GP): nan | RMSE omega (Sim): nan
    Loss: 12016.0469 | Epoch: 999
    Eq omega: nan1 + nantheta + nanomega + nantheta^2 + nantheta omega + nanomega^2 + nantheta^3 + nantheta^2 omega + nantheta omega^2 + nanomega^3
    Eq omega Phys: N/A
    Diffusion: theta=nan, omega=nan

--- Chunk 42789 (110/220) | Start: 2025-01-20 04:15:00 ---
    RMSE omega (GP): nan | RMSE omega (Sim): nan
    Loss: 952.2701 | Epoch: 3763
    Eq omega: nan1 + nantheta + nanomega + nantheta^2 + nantheta omega + nanomega^2 + nantheta^3 + nantheta^2 omega + nantheta omega^2 + nanomega^3
    Eq omega Phys: N/A
    Diffusion: theta=nan, omega=nan

--- Chunk 42790 (111/220) | Start: 2025-01-20 04:20:00 ---
    RMSE omega (GP): 0.004699 | RMSE omega (Sim): 0.082442
    Loss: 111.5834 | Epoch: 9999
    Eq omega: -0.052021 + -0.14246theta + 0.02588omega + -0.06429theta^2 + 0.00654theta omega + -0.02680omega^2 + -0.00427theta^3 + 0.00149theta^2 omega + -0.00734theta omega^2 + -0.00494omega^3
    Eq omega Phys: -0.01631*omega**3 - 0.000808*omega**2*theta + 0.005802*omega**2 + 5.0e-6*omega*theta**2 - 0.000127*omega*theta + 0.001356*omega - 0.e-6*theta**3 + 5.0e-6*theta**2 + 0.000186*theta - 0.001993
    Diffusion: theta=4.248280e-04, omega=1.025856e-05

--- Chunk 42791 (112/220) | Start: 2025-01-20 04:25:00 ---
    RMSE omega (GP): nan | RMSE omega (Sim): nan
    Loss: 209.6508 | Epoch: 4292
    Eq omega: nan1 + nantheta + nanomega + nantheta^2 + nantheta omega + nanomega^2 + nantheta^3 + nantheta^2 omega + nantheta omega^2 + nanomega^3
    Eq omega Phys: N/A
    Diffusion: theta=nan, omega=nan

--- Chunk 42792 (113/220) | Start: 2025-01-20 04:30:00 ---
    RMSE omega (GP): nan | RMSE omega (Sim): nan
    Loss: 18339.2227 | Epoch: 1134
    Eq omega: nan1 + nantheta + nanomega + nantheta^2 + nantheta omega + nanomega^2 + nantheta^3 + nantheta^2 omega + nantheta omega^2 + nanomega^3
    Eq omega Phys: N/A
    Diffusion: theta=nan, omega=nan

--- Chunk 42793 (114/220) | Start: 2025-01-20 04:35:00 ---
    RMSE omega (GP): 0.003964 | RMSE omega (Sim): nan
    Loss: 212.5032 | Epoch: 7186
    Eq omega: 0.001301 + 0.01841theta + -0.04251omega + 0.02974theta^2 + 0.03242theta omega + -0.15300omega^2 + -0.04028theta^3 + 0.00638theta^2 omega + 0.19078theta omega^2 + -0.06916omega^3
    Eq omega Phys: -0.627508*omega**3 + 0.0577*omega**2*theta - 0.203678*omega**2 + 6.4e-5*omega*theta**2 + 0.000328*omega*theta - 0.002372*omega - 1.4e-5*theta**3 + 0.000102*theta**2 - 0.000229*theta + 0.000159
    Diffusion: theta=6.019083e-05, omega=7.317787e-06

--- Chunk 42794 (115/220) | Start: 2025-01-20 04:40:00 ---
    RMSE omega (GP): 0.003629 | RMSE omega (Sim): 0.108988
    Loss: 94.2528 | Epoch: 9120
    Eq omega: -0.013151 + -0.04609theta + 0.27412omega + 0.00324theta^2 + -0.02785theta omega + -0.01566omega^2 + 0.00701theta^3 + -0.02466theta^2 omega + -0.11626theta omega^2 + -0.00339omega^3
    Eq omega Phys: -0.016459*omega**3 - 0.018815*omega**2*theta + 0.137787*omega**2 - 0.000133*omega*theta**2 + 0.001664*omega*theta + 0.004196*omega + 1.0e-6*theta**3 - 2.8e-5*theta**2 + 0.000148*theta - 0.000125
    Diffusion: theta=9.213600e-05, omega=1.167087e-05

--- Chunk 42795 (116/220) | Start: 2025-01-20 04:45:00 ---
    RMSE omega (GP): nan | RMSE omega (Sim): nan
    Loss: 98064.2500 | Epoch: 1073
    Eq omega: nan1 + nantheta + nanomega + nantheta^2 + nantheta omega + nanomega^2 + nantheta^3 + nantheta^2 omega + nantheta omega^2 + nanomega^3
    Eq omega Phys: N/A
    Diffusion: theta=nan, omega=nan

--- Chunk 42796 (117/220) | Start: 2025-01-20 04:50:00 ---
    RMSE omega (GP): nan | RMSE omega (Sim): nan
    Loss: 62506.0781 | Epoch: 1218
    Eq omega: nan1 + nantheta + nanomega + nantheta^2 + nantheta omega + nanomega^2 + nantheta^3 + nantheta^2 omega + nantheta omega^2 + nanomega^3
    Eq omega Phys: N/A
    Diffusion: theta=nan, omega=nan

--- Chunk 42797 (118/220) | Start: 2025-01-20 04:55:00 ---
    RMSE omega (GP): nan | RMSE omega (Sim): nan
    Loss: 37277.0430 | Epoch: 1033
    Eq omega: nan1 + nantheta + nanomega + nantheta^2 + nantheta omega + nanomega^2 + nantheta^3 + nantheta^2 omega + nantheta omega^2 + nanomega^3
    Eq omega Phys: N/A
    Diffusion: theta=nan, omega=nan

--- Chunk 42798 (119/220) | Start: 2025-01-20 05:00:00 ---
       (h = step size). solver will continue anyway  
      in above,  r1 =  0.9436101195310D+01   r2 =  0.6420423454593D-15
 lsoda--  warning..internal t (=r1) and h (=r2) are  
       such that in the machine, t + h = t on the next step  
       (h = step size). solver will continue anyway  
      in above,  r1 =  0.9436101195310D+01   r2 =  0.6420423454593D-15
 lsoda--  warning..internal t (=r1) and h (=r2) are  
       such that in the machine, t + h = t on the next step  
       (h = step size). solver will continue anyway  
      in above,  r1 =  0.9436101195310D+01   r2 =  0.5178678892890D-15
 lsoda--  warning..internal t (=r1) and h (=r2) are  
       such that in the machine, t + h = t on the next step  
       (h = step size). solver will continue anyway  
      in above,  r1 =  0.9436101195310D+01   r2 =  0.5178678892890D-15
 lsoda--  above warning has been issued i1 times.    
       it will not be issued again for this problem  
      in above message,  i1 =        10
 lsoda--  warning..internal t (=r1) and h (=r2) are  
       such that in the machine, t + h = t on the next step  
       (h = step size). solver will continue anyway  
      in above,  r1 =  0.5760731471927D+01   r2 =  0.3736565752876D-15
 lsoda--  warning..internal t (=r1) and h (=r2) are  
       such that in the machine, t + h = t on the next step  
       (h = step size). solver will continue anyway  
      in above,  r1 =  0.5760731471927D+01   r2 =  0.3736565752876D-15
 lsoda--  warning..internal t (=r1) and h (=r2) are  
       such that in the machine, t + h = t on the next step  
       (h = step size). solver will continue anyway  
      in above,  r1 =  0.5760731471927D+01   r2 =  0.3736565752876D-15
 lsoda--  warning..internal t (=r1) and h (=r2) are  
       such that in the machine, t + h = t on the next step  
       (h = step size). solver will continue anyway  
      in above,  r1 =  0.5760731471927D+01   r2 =  0.3070957869087D-15
 lsoda--  warning..internal t (=r1) and h (=r2) are  
       such that in the machine, t + h = t on the next step  
       (h = step size). solver will continue anyway  
      in above,  r1 =  0.5760731471927D+01   r2 =  0.3070957869087D-15
 lsoda--  warning..internal t (=r1) and h (=r2) are  
       such that in the machine, t + h = t on the next step  
       (h = step size). solver will continue anyway  
      in above,  r1 =  0.5760731471927D+01   r2 =  0.3070957869087D-15
 lsoda--  warning..internal t (=r1) and h (=r2) are  
       such that in the machine, t + h = t on the next step  
       (h = step size). solver will continue anyway  
      in above,  r1 =  0.5760731471927D+01   r2 =  0.2523917109458D-15
 lsoda--  warning..internal t (=r1) and h (=r2) are  
       such that in the machine, t + h = t on the next step  
       (h = step size). solver will continue anyway  
      in above,  r1 =  0.5760731471927D+01   r2 =  0.2523917109458D-15
 lsoda--  warning..internal t (=r1) and h (=r2) are  
       such that in the machine, t + h = t on the next step  
       (h = step size). solver will continue anyway  
      in above,  r1 =  0.5760731471927D+01   r2 =  0.2523917109458D-15
 lsoda--  warning..internal t (=r1) and h (=r2) are  
       such that in the machine, t + h = t on the next step  
       (h = step size). solver will continue anyway  
      in above,  r1 =  0.5760731471927D+01   r2 =  0.2074322685945D-15
 lsoda--  above warning has been issued i1 times.    
       it will not be issued again for this problem  
      in above message,  i1 =        10
 lsoda--  warning..internal t (=r1) and h (=r2) are  
       such that in the machine, t + h = t on the next step  
       (h = step size). solver will continue anyway  
      in above,  r1 =  0.3543258384945D+01   r2 =  0.1887283649022D-15
 lsoda--  warning..internal t (=r1) and h (=r2) are  
       such that in the machine, t + h = t on the next step  
       (h = step size). solver will continue anyway  
      in above,  r1 =  0.3543258384945D+01   r2 =  0.1887283649022D-15
 lsoda--  warning..internal t (=r1) and h (=r2) are  
       such that in the machine, t + h = t on the next step  
    RMSE omega (GP): 0.003490 | RMSE omega (Sim): nan
    Loss: 52.5297 | Epoch: 7389
    Eq omega: 0.223221 + -0.38055theta + 0.37420omega + -0.56236theta^2 + 0.06426theta omega + 0.11994omega^2 + -0.01785theta^3 + -0.05657theta^2 omega + 0.00468theta omega^2 + 0.03529omega^3
    Eq omega Phys: 0.107344*omega**3 + 0.000475*omega**2*theta + 0.03504*omega**2 - 0.000191*omega*theta**2 + 0.003221*omega*theta - 0.000488*omega - 2.0e-6*theta**3 - 0.000159*theta**2 + 0.001954*theta - 0.004599
    Diffusion: theta=1.318723e-04, omega=1.256394e-05

--- Chunk 42799 (120/220) | Start: 2025-01-20 05:05:00 ---
    RMSE omega (GP): 0.006204 | RMSE omega (Sim): 0.036336
    Loss: 1408.1935 | Epoch: 9999
    Eq omega: 0.025741 + -0.00472theta + -0.00616omega + 0.00085theta^2 + 0.00050theta omega + 0.00014omega^2 + -0.00000theta^3 + -0.00006theta^2 omega + -0.00012theta omega^2 + -0.00038omega^3
    Eq omega Phys: -0.008679*omega**3 - 9.1e-5*omega**2*theta - 0.002426*omega**2 - 2.0e-6*omega*theta**2 - 7.0e-5*omega*theta - 0.000984*omega + 1.0e-6*theta**2 + 4.1e-5*theta + 0.000528
    Diffusion: theta=3.276213e-04, omega=3.652598e-06

--- Chunk 42800 (121/220) | Start: 2025-01-20 05:10:00 ---
    RMSE omega (GP): 0.004537 | RMSE omega (Sim): 0.107041
    Loss: 212.9192 | Epoch: 4605
    Eq omega: -0.024471 + -2.21500theta + 0.05560omega + 0.11955theta^2 + -0.17884theta omega + 0.00716omega^2 + -0.52935theta^3 + -0.11320theta^2 omega + -0.50414theta omega^2 + 0.07162omega^3
    Eq omega Phys: 0.495759*omega**3 - 0.116323*omega**2*theta + 0.063687*omega**2 - 0.000871*omega*theta**2 - 0.001962*omega*theta + 0.003103*omega - 0.000136*theta**3 + 0.000275*theta**2 - 0.002636*theta + 0.001254
    Diffusion: theta=8.851153e-05, omega=8.205907e-06

--- Chunk 42801 (122/220) | Start: 2025-01-20 05:15:00 ---
    RMSE omega (GP): 0.018299 | RMSE omega (Sim): 0.083197
    Loss: 11616.6572 | Epoch: 9999
    Eq omega: -0.040821 + -0.00201theta + 0.02714omega + 0.00197theta^2 + -0.00017theta omega + -0.00305omega^2 + -0.00000theta^3 + -0.00042theta^2 omega + 0.00009theta omega^2 + 0.00071omega^3
    Eq omega Phys: 0.01576*omega**3 + 6.7e-5*omega**2*theta - 0.001144*omega**2 - 1.0e-5*omega*theta**2 - 0.000465*omega*theta - 0.004319*omega + 2.0e-6*theta**2 + 8.1e-5*theta + 0.000827
    Diffusion: theta=1.105938e-04, omega=1.148438e-06

--- Chunk 42802 (123/220) | Start: 2025-01-20 05:20:00 ---
    RMSE omega (GP): 0.003504 | RMSE omega (Sim): 0.150266
    Loss: 87.9792 | Epoch: 7706
    Eq omega: 0.000981 + -0.05892theta + -0.00370omega + 0.13164theta^2 + -0.06916theta omega + 0.01172omega^2 + -0.00777theta^3 + 0.01764theta^2 omega + -0.03434theta omega^2 + -0.00439omega^3
    Eq omega Phys: -0.021262*omega**3 - 0.005544*omega**2*theta - 0.002733*omega**2 + 9.5e-5*omega*theta**2 - 0.000671*omega*theta - 0.001196*omega - 1.0e-6*theta**3 + 5.3e-5*theta**2 + 8.5e-5*theta + 1.7e-5
    Diffusion: theta=1.330091e-04, omega=9.408914e-06

--- Chunk 42803 (124/220) | Start: 2025-01-20 05:25:00 ---
    RMSE omega (GP): 0.003669 | RMSE omega (Sim): 0.058178
    Loss: 278.4243 | Epoch: 9999
    Eq omega: 0.020831 + -0.00304theta + 0.00506omega + -0.00130theta^2 + -0.00129theta omega + -0.00353omega^2 + -0.00001theta^3 + -0.00006theta^2 omega + -0.00008theta omega^2 + -0.00116omega^3
    Eq omega Phys: -0.015273*omega**3 - 3.5e-5*omega**2*theta - 0.001751*omega**2 - 0.e-6*omega*theta**2 + 1.0e-6*omega*theta + 0.0004*omega - 0.e-6*theta**2 + 2.5e-5*theta - 0.000153
    Diffusion: theta=2.403998e-04, omega=5.419509e-06

--- Chunk 42804 (125/220) | Start: 2025-01-20 05:30:00 ---
    RMSE omega (GP): 0.003549 | RMSE omega (Sim): 0.112709
    Loss: 56.6727 | Epoch: 6642
    Eq omega: -0.030301 + -0.95399theta + 0.01236omega + -0.36953theta^2 + -0.00461theta omega + 0.09050omega^2 + -0.01340theta^3 + -0.05357theta^2 omega + 0.11278theta omega^2 + 0.01201omega^3
    Eq omega Phys: 0.037616*omega**3 + 0.011774*omega**2*theta - 0.076014*omega**2 - 0.000186*omega*theta**2 + 0.003283*omega*theta - 0.014042*omega - 2.0e-6*theta**3 - 9.1e-5*theta**2 + 0.000939*theta - 0.00012
    Diffusion: theta=1.455005e-04, omega=1.203469e-05

--- Chunk 42805 (126/220) | Start: 2025-01-20 05:35:00 ---
    RMSE omega (GP): 0.003478 | RMSE omega (Sim): 0.123893
    Loss: 97.5064 | Epoch: 9999
    Eq omega: -0.023551 + 0.01708theta + -0.02086omega + 0.00098theta^2 + -0.00901theta omega + 0.04031omega^2 + -0.02216theta^3 + -0.00411theta^2 omega + 0.00508theta omega^2 + -0.02658omega^3
    Eq omega Phys: -0.138738*omega**3 + 0.000884*omega**2*theta + 0.023221*omega**2 - 2.4e-5*omega*theta**2 - 0.000471*omega*theta - 0.002856*omega - 4.0e-6*theta**3 - 9.3e-5*theta**2 - 0.00065*theta - 0.001533
    Diffusion: theta=1.865664e-04, omega=1.317542e-05

--- Chunk 42806 (127/220) | Start: 2025-01-20 05:40:00 ---
    RMSE omega (GP): 0.003654 | RMSE omega (Sim): 0.215732
    Loss: 87.1664 | Epoch: 8273
    Eq omega: -0.136091 + -0.34896theta + -0.00728omega + -0.03050theta^2 + -0.05953theta omega + -0.12614omega^2 + -0.18856theta^3 + 0.00547theta^2 omega + 0.06381theta omega^2 + -0.00642omega^3
    Eq omega Phys: -0.028329*omega**3 + 0.009386*omega**2*theta + 0.003156*omega**2 + 2.7e-5*omega*theta**2 - 0.000467*omega*theta - 0.003613*omega - 3.1e-5*theta**3 - 0.000521*theta**2 - 0.003318*theta - 0.008016
    Diffusion: theta=9.569592e-05, omega=1.362234e-05

--- Chunk 42807 (128/220) | Start: 2025-01-20 05:45:00 ---
    RMSE omega (GP): 0.004325 | RMSE omega (Sim): 0.092964
    Loss: 269.2470 | Epoch: 9999
    Eq omega: 0.001151 + 0.00037theta + 0.00484omega + 0.00030theta^2 + -0.00076theta omega + -0.00015omega^2 + 0.00022theta^3 + -0.00062theta^2 omega + -0.00000theta omega^2 + -0.00012omega^3
    Eq omega Phys: -0.001114*omega**3 - 8.3e-5*omega**2 - 6.0e-6*omega*theta**2 - 0.000195*omega*theta - 0.001315*omega + 3.0e-6*theta**2 + 5.1e-5*theta + 0.000259
    Diffusion: theta=2.505390e-04, omega=8.000813e-06

--- Chunk 42808 (129/220) | Start: 2025-01-20 05:50:00 ---
    RMSE omega (GP): nan | RMSE omega (Sim): nan
    Loss: 10104.2422 | Epoch: 907
    Eq omega: nan1 + nantheta + nanomega + nantheta^2 + nantheta omega + nanomega^2 + nantheta^3 + nantheta^2 omega + nantheta omega^2 + nanomega^3
    Eq omega Phys: N/A
    Diffusion: theta=nan, omega=nan

--- Chunk 42809 (130/220) | Start: 2025-01-20 05:55:00 ---
    RMSE omega (GP): 0.004001 | RMSE omega (Sim): 0.054870
    Loss: 65.9358 | Epoch: 7322
    Eq omega: 0.023691 + -0.07508theta + -0.20237omega + 0.06444theta^2 + 0.01943theta omega + -0.02440omega^2 + -0.05629theta^3 + 0.01938theta^2 omega + -0.03150theta omega^2 + -0.05603omega^3
    Eq omega Phys: -0.164593*omega**3 - 0.003084*omega**2*theta + 0.021591*omega**2 + 6.3e-5*omega*theta**2 - 0.000996*omega*theta - 0.002987*omega - 6.0e-6*theta**3 + 0.000196*theta**2 - 0.002158*theta + 0.008096
    Diffusion: theta=2.479696e-04, omega=9.170461e-06

--- Chunk 42810 (131/220) | Start: 2025-01-20 06:00:00 ---
    RMSE omega (GP): 0.006651 | RMSE omega (Sim): 0.067888
    Loss: 455.8985 | Epoch: 9999
    Eq omega: 0.084011 + 0.00495theta + -0.05279omega + 0.05039theta^2 + 0.01969theta omega + -0.04382omega^2 + -0.00814theta^3 + -0.01451theta^2 omega + 0.04496theta omega^2 + -0.01976omega^3
    Eq omega Phys: -0.131605*omega**3 + 0.009981*omega**2*theta - 0.258768*omega**2 - 0.000107*omega*theta**2 + 0.005433*omega*theta - 0.070249*omega - 2.0e-6*theta**3 + 0.00017*theta**2 - 0.004682*theta + 0.042343
    Diffusion: theta=4.224461e-04, omega=7.599418e-06

--- Chunk 42811 (132/220) | Start: 2025-01-20 06:05:00 ---
    RMSE omega (GP): 0.004458 | RMSE omega (Sim): 0.213891
    Loss: 66.0787 | Epoch: 9999
    Eq omega: 0.122241 + -0.11939theta + -0.00225omega + 0.02184theta^2 + -0.24096theta omega + -0.09262omega^2 + -0.03809theta^3 + -0.01400theta^2 omega + -0.00248theta omega^2 + 0.02231omega^3
    Eq omega Phys: 0.050719*omega**3 - 0.000188*omega**2*theta - 0.028387*omega**2 - 3.5e-5*omega*theta**2 - 0.003299*omega*theta - 0.042446*omega - 3.0e-6*theta**3 - 0.000141*theta**2 - 0.002203*theta - 0.011634
    Diffusion: theta=3.825967e-04, omega=1.244332e-05

--- Chunk 42812 (133/220) | Start: 2025-01-20 06:15:00 ---
    RMSE omega (GP): 0.004606 | RMSE omega (Sim): 0.051738
    Loss: 240.8920 | Epoch: 9999
    Eq omega: -0.209621 + -0.09065theta + -0.02637omega + -0.00714theta^2 + -0.00365theta omega + -0.00813omega^2 + -0.00005theta^3 + -0.00013theta^2 omega + -0.00237theta omega^2 + -0.00312omega^3
    Eq omega Phys: -0.023383*omega**3 - 0.000592*omega**2*theta + 0.006855*omega**2 - 1.0e-6*omega*theta**2 - 2.1e-5*omega*theta - 0.000126*omega - 3.0e-6*theta**2 + 3.1e-5*theta + 0.00013
    Diffusion: theta=1.663849e-04, omega=7.206333e-06

--- Chunk 42813 (134/220) | Start: 2025-01-20 06:20:00 ---
    RMSE omega (GP): 0.003682 | RMSE omega (Sim): 0.085013
    Loss: 161.6928 | Epoch: 6675
    Eq omega: -0.017981 + -0.28811theta + -0.07388omega + -0.00334theta^2 + -0.06548theta omega + 0.04180omega^2 + -0.04174theta^3 + -0.01434theta^2 omega + 0.00846theta omega^2 + -0.01053omega^3
    Eq omega Phys: -0.083445*omega**3 + 0.002235*omega**2*theta + 0.030305*omega**2 - 0.000126*omega*theta**2 - 0.002119*omega*theta - 0.008859*omega - 1.2e-5*theta**3 - 0.000147*theta**2 - 0.000908*theta - 0.002086
    Diffusion: theta=3.612476e-05, omega=1.183478e-05

--- Chunk 42814 (135/220) | Start: 2025-01-20 06:25:00 ---
    RMSE omega (GP): 0.003352 | RMSE omega (Sim): nan
    Loss: 128.0018 | Epoch: 6263
    Eq omega: -0.245571 + 0.05579theta + -0.00457omega + 2.79124theta^2 + 0.36005theta omega + -0.81285omega^2 + -2.38781theta^3 + 0.11815theta^2 omega + 0.54690theta omega^2 + -0.05905omega^3
    Eq omega Phys: -0.451543*omega**3 + 0.139401*omega**2*theta - 0.012814*omega**2 + 0.001004*omega*theta**2 + 0.011785*omega*theta + 0.025294*omega - 0.000676*theta**3 - 0.00422*theta**2 - 0.007509*theta - 0.003315
    Diffusion: theta=7.194329e-05, omega=8.745949e-06

--- Chunk 42815 (136/220) | Start: 2025-01-20 06:30:00 ---
    RMSE omega (GP): 0.003240 | RMSE omega (Sim): 0.061094
    Loss: 170.5828 | Epoch: 7788
    Eq omega: -0.059691 + -0.08847theta + -0.03001omega + 0.01973theta^2 + 0.05905theta omega + -0.09539omega^2 + -0.02369theta^3 + -0.02168theta^2 omega + 0.02114theta omega^2 + -0.03142omega^3
    Eq omega Phys: -0.333912*omega**3 + 0.007489*omega**2*theta - 0.00316*omega**2 - 0.000256*omega*theta**2 - 0.002494*omega*theta - 0.005735*omega - 9.0e-6*theta**3 - 0.000187*theta**2 - 0.001345*theta - 0.003568
    Diffusion: theta=1.137325e-04, omega=8.624355e-06

--- Chunk 42816 (137/220) | Start: 2025-01-20 06:35:00 ---
    RMSE omega (GP): 0.003660 | RMSE omega (Sim): 0.094679
    Loss: 116.9356 | Epoch: 6756
    Eq omega: 0.010741 + -0.59905theta + -0.02467omega + -0.05932theta^2 + -0.09081theta omega + 0.01074omega^2 + -0.03196theta^3 + 0.03161theta^2 omega + -0.10203theta omega^2 + -0.01219omega^3
    Eq omega Phys: -0.072284*omega**3 - 0.020167*omega**2*theta - 0.040974*omega**2 + 0.000208*omega*theta**2 - 0.000401*omega*theta - 0.002803*omega - 7.0e-6*theta**3 - 7.7e-5*theta**2 - 0.000907*theta - 0.001716
    Diffusion: theta=5.135104e-05, omega=8.341967e-06

--- Chunk 42817 (138/220) | Start: 2025-01-20 06:40:00 ---
    RMSE omega (GP): nan | RMSE omega (Sim): nan
    Loss: 27616.3945 | Epoch: 968
    Eq omega: nan1 + nantheta + nanomega + nantheta^2 + nantheta omega + nanomega^2 + nantheta^3 + nantheta^2 omega + nantheta omega^2 + nanomega^3
    Eq omega Phys: N/A
    Diffusion: theta=nan, omega=nan

--- Chunk 42818 (139/220) | Start: 2025-01-20 06:45:00 ---
    RMSE omega (GP): 0.003112 | RMSE omega (Sim): 0.091106
    Loss: 101.8532 | Epoch: 5453
    Eq omega: -0.072401 + -1.56853theta + -0.02894omega + 0.33735theta^2 + -0.15657theta omega + 0.02526omega^2 + -0.37170theta^3 + -0.51283theta^2 omega + 0.05109theta omega^2 + 0.01219omega^3
    Eq omega Phys: 0.085268*omega**3 + 0.011912*omega**2*theta + 0.064459*omega**2 - 0.003986*omega*theta**2 - 0.037493*omega*theta - 0.088738*omega - 9.6e-5*theta**3 - 0.001086*theta**2 - 0.005715*theta - 0.012461
    Diffusion: theta=7.105050e-05, omega=1.004602e-05

--- Chunk 42819 (140/220) | Start: 2025-01-20 06:50:00 ---
    RMSE omega (GP): nan | RMSE omega (Sim): nan
    Loss: 379.5863 | Epoch: 3888
    Eq omega: nan1 + nantheta + nanomega + nantheta^2 + nantheta omega + nanomega^2 + nantheta^3 + nantheta^2 omega + nantheta omega^2 + nanomega^3
    Eq omega Phys: N/A
    Diffusion: theta=nan, omega=nan

--- Chunk 42820 (141/220) | Start: 2025-01-20 06:55:00 ---
    RMSE omega (GP): 0.003709 | RMSE omega (Sim): 0.067428
    Loss: 199.6290 | Epoch: 6491
    Eq omega: -0.292271 + -0.06188theta + -0.52060omega + 0.51659theta^2 + 0.18037theta omega + -0.07191omega^2 + -0.24081theta^3 + 0.08738theta^2 omega + 0.03042theta omega^2 + -0.03126omega^3
    Eq omega Phys: -0.304606*omega**3 + 0.009881*omega**2*theta - 0.078519*omega**2 + 0.000946*omega*theta**2 - 0.003761*omega*theta - 0.016717*omega - 8.7e-5*theta**3 + 0.001318*theta**2 - 0.006317*theta + 0.009177
    Diffusion: theta=4.869589e-05, omega=7.233345e-06

--- Chunk 42821 (142/220) | Start: 2025-01-20 07:00:00 ---
    RMSE omega (GP): nan | RMSE omega (Sim): nan
    Loss: 4419.8486 | Epoch: 875
    Eq omega: nan1 + nantheta + nanomega + nantheta^2 + nantheta omega + nanomega^2 + nantheta^3 + nantheta^2 omega + nantheta omega^2 + nanomega^3
    Eq omega Phys: N/A
    Diffusion: theta=nan, omega=nan

--- Chunk 42822 (143/220) | Start: 2025-01-20 07:05:00 ---
    RMSE omega (GP): 0.003565 | RMSE omega (Sim): nan
    Loss: 51.4981 | Epoch: 5713
    Eq omega: 0.369211 + -1.30672theta + 0.01952omega + 0.03462theta^2 + -0.65495theta omega + -0.00513omega^2 + -0.57097theta^3 + 0.97565theta^2 omega + 0.08662theta omega^2 + -0.10475omega^3
    Eq omega Phys: -0.297953*omega**3 + 0.008213*omega**2*theta + 0.030054*omega**2 + 0.003084*omega*theta**2 + 0.017032*omega*theta + 0.020506*omega - 6.0e-5*theta**3 - 0.000683*theta**2 - 0.004038*theta - 0.007522
    Diffusion: theta=1.591819e-04, omega=1.227176e-05

--- Chunk 42823 (144/220) | Start: 2025-01-20 07:10:00 ---
    RMSE omega (GP): 0.003708 | RMSE omega (Sim): 0.158300
    Loss: 62.2208 | Epoch: 6365
    Eq omega: -0.016271 + -0.36156theta + -0.09105omega + 0.51907theta^2 + -0.07616theta omega + -0.02004omega^2 + -0.40970theta^3 + 0.19872theta^2 omega + -0.25777theta omega^2 + -0.09009omega^3
    Eq omega Phys: -0.285281*omega**3 - 0.027209*omega**2*theta + 0.092191*omega**2 + 0.000699*omega*theta**2 - 0.005898*omega*theta + 0.009158*omega - 4.8e-5*theta**3 + 0.00071*theta**2 - 0.003658*theta + 0.006161
    Diffusion: theta=5.388027e-05, omega=1.494164e-05

--- Chunk 42824 (145/220) | Start: 2025-01-20 07:15:00 ---
       (h = step size). solver will continue anyway  
      in above,  r1 =  0.3543258384945D+01   r2 =  0.1887283649022D-15
 lsoda--  warning..internal t (=r1) and h (=r2) are  
       such that in the machine, t + h = t on the next step  
       (h = step size). solver will continue anyway  
      in above,  r1 =  0.3543258384945D+01   r2 =  0.1551095029345D-15
 lsoda--  warning..internal t (=r1) and h (=r2) are  
       such that in the machine, t + h = t on the next step  
       (h = step size). solver will continue anyway  
      in above,  r1 =  0.3543258384945D+01   r2 =  0.1551095029345D-15
 lsoda--  warning..internal t (=r1) and h (=r2) are  
       such that in the machine, t + h = t on the next step  
       (h = step size). solver will continue anyway  
      in above,  r1 =  0.3543258384945D+01   r2 =  0.1551095029345D-15
 lsoda--  warning..internal t (=r1) and h (=r2) are  
       such that in the machine, t + h = t on the next step  
       (h = step size). solver will continue anyway  
      in above,  r1 =  0.3543258384945D+01   r2 =  0.1274792897154D-15
 lsoda--  warning..internal t (=r1) and h (=r2) are  
       such that in the machine, t + h = t on the next step  
       (h = step size). solver will continue anyway  
      in above,  r1 =  0.3543258384945D+01   r2 =  0.1274792897154D-15
 lsoda--  warning..internal t (=r1) and h (=r2) are  
       such that in the machine, t + h = t on the next step  
       (h = step size). solver will continue anyway  
      in above,  r1 =  0.3543258384945D+01   r2 =  0.1274792897154D-15
 lsoda--  warning..internal t (=r1) and h (=r2) are  
       such that in the machine, t + h = t on the next step  
       (h = step size). solver will continue anyway  
      in above,  r1 =  0.3543258384945D+01   r2 =  0.1047709456887D-15
 lsoda--  above warning has been issued i1 times.    
       it will not be issued again for this problem  
      in above message,  i1 =        10
 lsoda--  warning..internal t (=r1) and h (=r2) are  
       such that in the machine, t + h = t on the next step  
       (h = step size). solver will continue anyway  
      in above,  r1 =  0.5871871366903D+01   r2 =  0.3952255736571D-15
 lsoda--  warning..internal t (=r1) and h (=r2) are  
       such that in the machine, t + h = t on the next step  
       (h = step size). solver will continue anyway  
      in above,  r1 =  0.5871871366903D+01   r2 =  0.3952255736571D-15
 lsoda--  warning..internal t (=r1) and h (=r2) are  
       such that in the machine, t + h = t on the next step  
       (h = step size). solver will continue anyway  
      in above,  r1 =  0.5871871366903D+01   r2 =  0.3952255736571D-15
 lsoda--  warning..internal t (=r1) and h (=r2) are  
       such that in the machine, t + h = t on the next step  
       (h = step size). solver will continue anyway  
      in above,  r1 =  0.5871871366903D+01   r2 =  0.3248226217049D-15
 lsoda--  warning..internal t (=r1) and h (=r2) are  
       such that in the machine, t + h = t on the next step  
       (h = step size). solver will continue anyway  
      in above,  r1 =  0.5871871366903D+01   r2 =  0.3248226217049D-15
 lsoda--  warning..internal t (=r1) and h (=r2) are  
       such that in the machine, t + h = t on the next step  
       (h = step size). solver will continue anyway  
      in above,  r1 =  0.5871871366903D+01   r2 =  0.3248226217049D-15
 lsoda--  warning..internal t (=r1) and h (=r2) are  
       such that in the machine, t + h = t on the next step  
       (h = step size). solver will continue anyway  
      in above,  r1 =  0.5871871366903D+01   r2 =  0.2669608006910D-15
 lsoda--  warning..internal t (=r1) and h (=r2) are  
       such that in the machine, t + h = t on the next step  
       (h = step size). solver will continue anyway  
      in above,  r1 =  0.5871871366903D+01   r2 =  0.2669608006910D-15
 lsoda--  warning..internal t (=r1) and h (=r2) are  
       such that in the machine, t + h = t on the next step  
       (h = step size). solver will continue anyway  
      in above,  r1 =  0.5871871366903D+01   r2 =  0.2669608006910D-15
    RMSE omega (GP): 0.003548 | RMSE omega (Sim): nan
    Loss: 121.9790 | Epoch: 8185
    Eq omega: 0.051241 + -0.54244theta + 0.07461omega + -0.00795theta^2 + 0.04817theta omega + 0.00207omega^2 + -0.00340theta^3 + 0.00045theta^2 omega + -0.00808theta omega^2 + 0.05904omega^3
    Eq omega Phys: 0.383359*omega**3 - 0.001749*omega**2*theta - 0.007742*omega**2 + 3.0e-6*omega*theta**2 + 0.000779*omega*theta + 0.006286*omega - 0.e-6*theta**3 - 1.6e-5*theta**2 - 0.000704*theta - 0.00308
    Diffusion: theta=8.421977e-05, omega=8.555559e-06

--- Chunk 42825 (146/220) | Start: 2025-01-20 07:20:00 ---
    RMSE omega (GP): 0.002873 | RMSE omega (Sim): nan
    Loss: 77.1873 | Epoch: 7351
    Eq omega: -0.054301 + -0.35328theta + 0.03353omega + -0.01546theta^2 + 0.24942theta omega + 0.03511omega^2 + -1.24196theta^3 + 1.38157theta^2 omega + 0.33825theta omega^2 + -0.00679omega^3
    Eq omega Phys: -0.043131*omega**3 + 0.071621*omega**2*theta + 0.110268*omega**2 + 0.009751*omega*theta**2 + 0.029452*omega*theta + 0.022982*omega - 0.000292*theta**3 - 0.00116*theta**2 - 0.001927*theta - 0.001324
    Diffusion: theta=7.982710e-05, omega=8.243086e-06

--- Chunk 42826 (147/220) | Start: 2025-01-20 07:25:00 ---
    RMSE omega (GP): 0.003120 | RMSE omega (Sim): 0.142711
    Loss: 122.3139 | Epoch: 7653
    Eq omega: 0.054671 + -0.00233theta + 0.07482omega + -0.00499theta^2 + -0.01144theta omega + -0.01987omega^2 + -0.00680theta^3 + 0.00003theta^2 omega + 0.00150theta omega^2 + 0.00708omega^3
    Eq omega Phys: 0.058554*omega**3 + 0.000414*omega**2*theta - 0.007468*omega**2 - 0.000196*omega*theta + 0.001073*omega - 2.0e-6*theta**3 - 4.8e-5*theta**2 - 0.000365*theta - 0.00082
    Diffusion: theta=1.995890e-04, omega=7.555153e-06

--- Chunk 42827 (148/220) | Start: 2025-01-20 07:30:00 ---
    RMSE omega (GP): 0.008381 | RMSE omega (Sim): 0.067698
    Loss: 809.8982 | Epoch: 9999
    Eq omega: -0.002711 + -0.00012theta + -0.00188omega + 0.00009theta^2 + 0.00246theta omega + 0.00315omega^2 + -0.00005theta^3 + -0.00008theta^2 omega + -0.00179theta omega^2 + -0.00158omega^3
    Eq omega Phys: -0.011495*omega**3 - 0.000434*omega**2*theta - 0.005968*omega**2 - 0.e-6*omega*theta**2 + 1.8e-5*omega*theta + 0.000443*omega - 0.e-6*theta**2 - 1.1e-5*theta - 6.4e-5
    Diffusion: theta=4.717827e-04, omega=9.955796e-06

--- Chunk 42828 (149/220) | Start: 2025-01-20 07:35:00 ---
    RMSE omega (GP): 0.004192 | RMSE omega (Sim): 0.105334
    Loss: 154.1074 | Epoch: 9999
    Eq omega: 0.026331 + -0.00468theta + -0.17771omega + -0.00266theta^2 + -0.00600theta omega + 0.03289omega^2 + -0.00132theta^3 + 0.00020theta^2 omega + -0.00763theta omega^2 + -0.03300omega^3
    Eq omega Phys: -0.187959*omega**3 - 0.001449*omega**2*theta + 0.001059*omega**2 + 1.0e-6*omega*theta**2 - 6.4e-5*omega*theta - 0.006616*omega - 9.0e-6*theta**2 - 9.9e-5*theta - 0.000303
    Diffusion: theta=2.131612e-04, omega=1.272764e-05

--- Chunk 42829 (150/220) | Start: 2025-01-20 07:40:00 ---
    RMSE omega (GP): 0.004878 | RMSE omega (Sim): 0.056805
    Loss: 461.7405 | Epoch: 9999
    Eq omega: 0.007391 + -0.00048theta + 0.03113omega + -0.00023theta^2 + -0.00002theta omega + -0.00232omega^2 + 0.00000theta^3 + 0.00001theta^2 omega + -0.00007theta omega^2 + 0.00099omega^3
    Eq omega Phys: 0.012128*omega**3 - 2.9e-5*omega**2*theta - 0.001872*omega**2 + 3.0e-6*omega*theta + 0.001057*omega - 5.0e-6*theta - 2.5e-5
    Diffusion: theta=2.716701e-04, omega=5.414636e-06

  [Progress 150/220] Mean RMSE omega (GP): 0.004519 | (Sim): 0.093266 | Mean loss: 6231.4729 | Valid GP: 113/150 | Valid Sim: 95/150 | Elapsed: 397.6min | ETA: 185.6min

--- Chunk 42830 (151/220) | Start: 2025-01-20 07:45:00 ---
    RMSE omega (GP): nan | RMSE omega (Sim): nan
    Loss: 125485.5625 | Epoch: 1179
    Eq omega: nan1 + nantheta + nanomega + nantheta^2 + nantheta omega + nanomega^2 + nantheta^3 + nantheta^2 omega + nantheta omega^2 + nanomega^3
    Eq omega Phys: N/A
    Diffusion: theta=nan, omega=nan

--- Chunk 42831 (152/220) | Start: 2025-01-20 07:50:00 ---
    RMSE omega (GP): 0.005894 | RMSE omega (Sim): 0.043556
    Loss: 619.8940 | Epoch: 9999
    Eq omega: 0.019681 + -0.05351theta + -0.00715omega + 0.01424theta^2 + -0.00074theta omega + 0.00267omega^2 + -0.00004theta^3 + 0.00006theta^2 omega + 0.00071theta omega^2 + -0.00331omega^3
    Eq omega Phys: -0.037061*omega**3 + 0.000265*omega**2*theta + 0.006981*omega**2 + 1.0e-6*omega*theta**2 + 1.5e-5*omega*theta - 0.000238*omega + 9.0e-6*theta**2 + 0.000311*theta + 0.002639
    Diffusion: theta=4.602079e-04, omega=5.616355e-06

--- Chunk 42832 (153/220) | Start: 2025-01-20 07:55:00 ---
    RMSE omega (GP): 0.003384 | RMSE omega (Sim): 0.119069
    Loss: 126.2337 | Epoch: 5701
    Eq omega: -0.236791 + -0.06630theta + -0.01255omega + -0.11559theta^2 + -0.11322theta omega + 0.01423omega^2 + -0.21038theta^3 + 0.01877theta^2 omega + -0.00244theta omega^2 + -0.02496omega^3
    Eq omega Phys: -0.182383*omega**3 - 0.000594*omega**2*theta + 0.005677*omega**2 + 0.000152*omega*theta**2 - 0.001172*omega*theta - 0.003855*omega - 5.7e-5*theta**3 - 0.00045*theta**2 - 0.001237*theta - 0.001686
    Diffusion: theta=3.864408e-05, omega=1.281175e-05

--- Chunk 42833 (154/220) | Start: 2025-01-20 08:00:00 ---
    RMSE omega (GP): 0.003755 | RMSE omega (Sim): 0.059463
    Loss: 73.5294 | Epoch: 6093
    Eq omega: -0.020941 + -0.22250theta + -0.06561omega + -0.00803theta^2 + 0.43276theta omega + 0.08767omega^2 + -0.07025theta^3 + -0.01012theta^2 omega + -0.04132theta omega^2 + 0.00663omega^3
    Eq omega Phys: 0.024748*omega**3 - 0.005141*omega**2*theta + 0.065931*omega**2 - 4.2e-5*omega*theta**2 + 0.00566*omega*theta - 0.038779*omega - 1.0e-5*theta**3 + 0.000195*theta**2 - 0.001555*theta + 0.004537
    Diffusion: theta=2.030264e-04, omega=6.915715e-06

--- Chunk 42834 (155/220) | Start: 2025-01-20 08:05:00 ---
    RMSE omega (GP): 0.003584 | RMSE omega (Sim): 0.108234
    Loss: 98.4813 | Epoch: 9999
    Eq omega: -0.039301 + -0.00539theta + -0.00062omega + -0.00147theta^2 + -0.00168theta omega + -0.00447omega^2 + -0.00001theta^3 + 0.00047theta^2 omega + -0.00038theta omega^2 + -0.00923omega^3
    Eq omega Phys: -0.046506*omega**3 - 6.4e-5*omega**2*theta - 0.002116*omega**2 + 3.0e-6*omega*theta**2 - 7.1e-5*omega - 0.e-6*theta**2 - 1.2e-5*theta - 0.000147
    Diffusion: theta=2.443773e-04, omega=1.153767e-05

--- Chunk 42835 (156/220) | Start: 2025-01-20 08:10:00 ---
    RMSE omega (GP): nan | RMSE omega (Sim): nan
    Loss: 17539.7168 | Epoch: 998
    Eq omega: nan1 + nantheta + nanomega + nantheta^2 + nantheta omega + nanomega^2 + nantheta^3 + nantheta^2 omega + nantheta omega^2 + nanomega^3
    Eq omega Phys: N/A
    Diffusion: theta=nan, omega=nan

--- Chunk 42836 (157/220) | Start: 2025-01-20 08:15:00 ---
    RMSE omega (GP): 0.003937 | RMSE omega (Sim): 0.086192
    Loss: 137.5051 | Epoch: 6637
    Eq omega: 0.000851 + -0.08348theta + -0.03392omega + 0.04327theta^2 + 0.07810theta omega + 0.11058omega^2 + -0.01335theta^3 + -0.00341theta^2 omega + -0.00583theta omega^2 + -0.02936omega^3
    Eq omega Phys: -0.173569*omega**3 - 0.001149*omega**2*theta + 0.037417*omega**2 - 2.2e-5*omega*theta**2 + 0.000701*omega*theta + 0.008298*omega - 3.0e-6*theta**3 - 6.8e-5*theta**2 - 0.000564*theta - 0.001802
    Diffusion: theta=7.528859e-05, omega=1.148078e-05

--- Chunk 42837 (158/220) | Start: 2025-01-20 08:20:00 ---
    RMSE omega (GP): 0.003917 | RMSE omega (Sim): 0.084640
    Loss: 177.6291 | Epoch: 9784
    Eq omega: -0.051971 + -0.09809theta + -0.00346omega + 0.00423theta^2 + -0.02078theta omega + 0.00255omega^2 + -0.00641theta^3 + 0.00615theta^2 omega + -0.00078theta omega^2 + 0.00148omega^3
    Eq omega Phys: 0.011403*omega**3 - 0.0002*omega**2*theta + 0.002574*omega**2 + 5.3e-5*omega*theta**2 - 0.001025*omega*theta + 0.004286*omega - 2.0e-6*theta**3 + 3.7e-5*theta**2 - 0.000364*theta + 0.00116
    Diffusion: theta=1.469935e-04, omega=8.802321e-06

--- Chunk 42838 (159/220) | Start: 2025-01-20 08:25:00 ---
    RMSE omega (GP): 0.003524 | RMSE omega (Sim): 0.154942
    Loss: 141.5023 | Epoch: 5390
    Eq omega: 0.002641 + -1.00285theta + -0.03254omega + -0.25675theta^2 + 1.14947theta omega + 0.13377omega^2 + -4.05323theta^3 + 1.68957theta^2 omega + -0.13777theta omega^2 + -0.03832omega^3
    Eq omega Phys: -0.287957*omega**3 - 0.034509*omega**2*theta + 0.108308*omega**2 + 0.014107*omega*theta**2 - 0.014637*omega*theta - 0.003805*omega - 0.001128*theta**3 + 0.003913*theta**2 - 0.005633*theta + 0.003078
    Diffusion: theta=5.035956e-05, omega=1.205903e-05

--- Chunk 42839 (160/220) | Start: 2025-01-20 08:30:00 ---
    RMSE omega (GP): 0.003366 | RMSE omega (Sim): 0.105454
    Loss: 128.7673 | Epoch: 7007
    Eq omega: 0.209861 + -1.62904theta + -0.00329omega + -0.31918theta^2 + -0.15652theta omega + 0.05583omega^2 + -0.01016theta^3 + 0.03480theta^2 omega + 0.24798theta omega^2 + -0.05914omega^3
    Eq omega Phys: -0.453106*omega**3 + 0.063331*omega**2*theta + 0.227284*omega**2 + 0.000296*omega*theta**2 - 0.000774*omega*theta - 0.00547*omega - 3.0e-6*theta**3 - 0.000206*theta**2 - 0.003022*theta - 0.007089
    Diffusion: theta=6.819780e-05, omega=7.152000e-06

--- Chunk 42840 (161/220) | Start: 2025-01-20 08:35:00 ---
    RMSE omega (GP): nan | RMSE omega (Sim): nan
    Loss: 333.8102 | Epoch: 2489
    Eq omega: nan1 + nantheta + nanomega + nantheta^2 + nantheta omega + nanomega^2 + nantheta^3 + nantheta^2 omega + nantheta omega^2 + nanomega^3
    Eq omega Phys: N/A
    Diffusion: theta=nan, omega=nan

--- Chunk 42841 (162/220) | Start: 2025-01-20 08:40:00 ---
    RMSE omega (GP): 0.003465 | RMSE omega (Sim): 0.100831
    Loss: 69.4936 | Epoch: 9897
    Eq omega: 0.003011 + -0.45521theta + -0.12948omega + 0.03095theta^2 + -0.46544theta omega + 0.04870omega^2 + 0.00771theta^3 + -0.00382theta^2 omega + -0.25343theta omega^2 + 0.00143omega^3
    Eq omega Phys: 0.005831*omega**3 - 0.034447*omega**2*theta - 0.343065*omega**2 - 1.7e-5*omega*theta**2 - 0.006083*omega*theta - 0.066164*omega + 1.0e-6*theta**3 + 4.9e-5*theta**2 + 0.000144*theta - 0.002559
    Diffusion: theta=7.145877e-05, omega=8.370632e-06

--- Chunk 42842 (163/220) | Start: 2025-01-20 08:45:00 ---
    RMSE omega (GP): 0.003874 | RMSE omega (Sim): 0.115824
    Loss: 177.0310 | Epoch: 6216
    Eq omega: -0.000011 + -0.04331theta + 0.03079omega + 0.12470theta^2 + -0.46221theta omega + 0.00804omega^2 + -0.16821theta^3 + 0.07502theta^2 omega + -0.02760theta omega^2 + -0.00016omega^3
    Eq omega Phys: -0.001254*omega**3 - 0.007213*omega**2*theta + 0.02889*omega**2 + 0.000654*omega*theta**2 - 0.012367*omega*theta + 0.035797*omega - 4.9e-5*theta**3 + 0.000574*theta**2 - 0.002264*theta + 0.002981
    Diffusion: theta=6.467241e-05, omega=1.050061e-05

--- Chunk 42843 (164/220) | Start: 2025-01-20 08:50:00 ---
    RMSE omega (GP): 0.003226 | RMSE omega (Sim): 0.124418
    Loss: 46.7813 | Epoch: 9999
    Eq omega: -0.051351 + -0.13626theta + -0.09764omega + 0.08779theta^2 + -0.03184theta omega + -0.06260omega^2 + -0.04197theta^3 + -0.01715theta^2 omega + -0.00497theta omega^2 + 0.01288omega^3
    Eq omega Phys: 0.040363*omega**3 - 0.000519*omega**2*theta - 0.02625*omega**2 - 6.0e-5*omega*theta**2 - 0.001727*omega*theta - 0.015254*omega - 5.0e-6*theta**3 - 0.000138*theta**2 - 0.001384*theta - 0.005282
    Diffusion: theta=7.301720e-05, omega=1.263646e-05

--- Chunk 42844 (165/220) | Start: 2025-01-20 08:55:00 ---
    RMSE omega (GP): 0.003336 | RMSE omega (Sim): 0.074503
    Loss: 106.5703 | Epoch: 7102
    Eq omega: 1.200791 + -1.99679theta + 0.01713omega + -1.22960theta^2 + 0.10966theta omega + 0.03625omega^2 + -0.00386theta^3 + 0.06703theta^2 omega + -0.05513theta omega^2 + -0.14846omega^3
    Eq omega Phys: -0.951375*omega**3 - 0.011776*omega**2*theta + 0.0651*omega**2 + 0.000477*omega*theta**2 - 0.002229*omega*theta + 0.001679*omega - 0.e-6*theta**3 - 0.00062*theta**2 + 0.00292*theta + 0.001416
    Diffusion: theta=1.478414e-04, omega=8.844142e-06

--- Chunk 42845 (166/220) | Start: 2025-01-20 09:00:00 ---
    RMSE omega (GP): 0.004155 | RMSE omega (Sim): 0.088410
    Loss: 187.5896 | Epoch: 7491
    Eq omega: -0.003391 + -0.00214theta + -0.03696omega + 0.00424theta^2 + -0.03980theta omega + -0.12439omega^2 + -0.03923theta^3 + -0.00650theta^2 omega + 0.00681theta omega^2 + -0.02873omega^3
    Eq omega Phys: -0.205326*omega**3 + 0.001622*omega**2*theta - 0.071427*omega**2 - 5.2e-5*omega*theta**2 + 3.4e-5*omega*theta + 0.000793*omega - 1.0e-5*theta**3 + 0.000208*theta**2 - 0.001392*theta + 0.0031
    Diffusion: theta=1.717791e-04, omega=1.367198e-05

--- Chunk 42846 (167/220) | Start: 2025-01-20 09:05:00 ---
    RMSE omega (GP): 0.003268 | RMSE omega (Sim): 0.078935
    Loss: 121.5758 | Epoch: 4670
    Eq omega: -0.096381 + -0.21327theta + -0.02775omega + -0.21913theta^2 + -0.06963theta omega + -0.01451omega^2 + -0.45586theta^3 + 0.08935theta^2 omega + 0.07705theta omega^2 + -0.04140omega^3
    Eq omega Phys: -0.312166*omega**3 + 0.019366*omega**2*theta - 0.067124*omega**2 + 0.000749*omega*theta**2 - 0.005791*omega*theta + 0.009821*omega - 0.000127*theta**3 + 0.001058*theta**2 - 0.00313*theta + 0.003111
    Diffusion: theta=1.641823e-04, omega=8.468533e-06

--- Chunk 42847 (168/220) | Start: 2025-01-20 09:10:00 ---
    RMSE omega (GP): 0.003716 | RMSE omega (Sim): 0.080916
    Loss: 103.6137 | Epoch: 5425
    Eq omega: 0.029821 + -0.65049theta + 0.12392omega + -1.12535theta^2 + 0.09354theta omega + -0.08601omega^2 + -1.71580theta^3 + -0.17906theta^2 omega + -0.14580theta omega^2 + 0.00948omega^3
    Eq omega Phys: 0.04753*omega**3 - 0.024366*omega**2*theta - 0.038031*omega**2 - 0.000997*omega*theta**2 + 0.00104*omega*theta + 0.004267*omega - 0.000319*theta**3 - 0.000624*theta**2 - 0.000856*theta - 1.2e-5
    Diffusion: theta=7.298561e-05, omega=1.244225e-05

--- Chunk 42848 (169/220) | Start: 2025-01-20 09:15:00 ---
    RMSE omega (GP): nan | RMSE omega (Sim): nan
    Loss: 260.5637 | Epoch: 3223
    Eq omega: nan1 + nantheta + nanomega + nantheta^2 + nantheta omega + nanomega^2 + nantheta^3 + nantheta^2 omega + nantheta omega^2 + nanomega^3
    Eq omega Phys: N/A
    Diffusion: theta=nan, omega=nan

--- Chunk 42849 (170/220) | Start: 2025-01-20 09:20:00 ---
    RMSE omega (GP): 0.003188 | RMSE omega (Sim): 0.059778
    Loss: 115.3934 | Epoch: 6227
    Eq omega: -0.038051 + -2.14786theta + -1.10822omega + -0.74941theta^2 + 0.12471theta omega + 0.20089omega^2 + 0.01612theta^3 + -0.10556theta^2 omega + -0.05050theta omega^2 + 0.01098omega^3
    Eq omega Phys: 0.083604*omega**3 - 0.012817*omega**2*theta + 0.163751*omega**2 - 0.000893*omega*theta**2 + 0.01081*omega*theta - 0.068424*omega + 5.0e-6*theta**3 - 0.000486*theta**2 + 0.002032*theta + 0.001045
    Diffusion: theta=6.718847e-05, omega=8.313293e-06

--- Chunk 42850 (171/220) | Start: 2025-01-20 09:25:00 ---
    RMSE omega (GP): 0.003788 | RMSE omega (Sim): 0.097686
    Loss: 142.8175 | Epoch: 4960
    Eq omega: 0.090451 + -0.66110theta + 0.00639omega + -0.30761theta^2 + -0.00673theta omega + 0.03807omega^2 + -0.20044theta^3 + -0.03238theta^2 omega + -0.04405theta omega^2 + -0.05935omega^3
    Eq omega Phys: -0.398151*omega**3 - 0.00985*omega**2*theta + 0.063367*omega**2 - 0.000241*omega*theta**2 + 0.002117*omega*theta - 0.004417*omega - 5.0e-5*theta**3 + 0.000526*theta**2 - 0.002415*theta + 0.005032
    Diffusion: theta=8.851067e-05, omega=1.140806e-05

--- Chunk 42851 (172/220) | Start: 2025-01-20 09:30:00 ---
    RMSE omega (GP): 0.003828 | RMSE omega (Sim): 0.071717
    Loss: 213.8659 | Epoch: 7037
    Eq omega: 0.224861 + -0.00062theta + -0.03654omega + 0.09341theta^2 + 0.27487theta omega + -0.30429omega^2 + -0.58920theta^3 + -0.27564theta^2 omega + -0.00615theta omega^2 + -0.04335omega^3
    Eq omega Phys: -0.422324*omega**3 - 0.001997*omega**2*theta - 0.16712*omega**2 - 0.002984*omega*theta**2 + 0.023993*omega*theta - 0.047167*omega - 0.000213*theta**3 + 0.002065*theta**2 - 0.006684*theta + 0.007643
    Diffusion: theta=3.055815e-05, omega=8.777354e-06

--- Chunk 42852 (173/220) | Start: 2025-01-20 09:35:00 ---
    RMSE omega (GP): 0.003601 | RMSE omega (Sim): 0.109600
    Loss: 178.3219 | Epoch: 6958
    Eq omega: -0.009091 + 0.07203theta + -0.01497omega + 0.04087theta^2 + 0.04147theta omega + -0.05534omega^2 + -1.25765theta^3 + -0.09105theta^2 omega + 0.07561theta omega^2 + 0.00818omega^3
    Eq omega Phys: 0.075615*omega**3 + 0.023298*omega**2*theta - 0.108044*omega**2 - 0.000935*omega*theta**2 + 0.006975*omega*theta - 0.013347*omega - 0.000431*theta**3 + 0.004312*theta**2 - 0.014317*theta + 0.015736
    Diffusion: theta=1.038054e-04, omega=9.727669e-06

--- Chunk 42853 (174/220) | Start: 2025-01-20 09:40:00 ---
    RMSE omega (GP): 0.002819 | RMSE omega (Sim): nan
    Loss: 119.8638 | Epoch: 7380
    Eq omega: 0.100631 + 0.01771theta + -0.04516omega + -0.68725theta^2 + 0.17220theta omega + 0.34381omega^2 + -0.51280theta^3 + 0.09146theta^2 omega + 0.38983theta omega^2 + 0.00887omega^3
    Eq omega Phys: 0.087892*omega**3 + 0.12876*omega**2*theta - 0.353035*omega**2 + 0.001007*omega*theta**2 - 0.005314*omega*theta + 0.002802*omega - 0.000188*theta**3 + 0.001976*theta**2 - 0.006552*theta + 0.006803
    Diffusion: theta=8.716460e-05, omega=8.980709e-06

--- Chunk 42854 (175/220) | Start: 2025-01-20 09:45:00 ---
    RMSE omega (GP): 0.003080 | RMSE omega (Sim): 0.101732
    Loss: 108.9243 | Epoch: 6492
    Eq omega: -0.027301 + -0.42834theta + 0.05608omega + -0.00421theta^2 + -0.09288theta omega + -0.00636omega^2 + -0.01345theta^3 + 0.01292theta^2 omega + -0.04936theta omega^2 + 0.01881omega^3
    Eq omega Phys: 0.145124*omega**3 - 0.012694*omega**2*theta + 0.044166*omega**2 + 0.000111*omega*theta**2 - 0.002397*omega*theta + 0.009275*omega - 4.0e-6*theta**3 + 4.1e-5*theta**2 - 0.000619*theta + 0.001884
    Diffusion: theta=7.770353e-05, omega=8.152841e-06

--- Chunk 42855 (176/220) | Start: 2025-01-20 09:50:00 ---
    RMSE omega (GP): 0.003271 | RMSE omega (Sim): 0.089088
    Loss: 102.9600 | Epoch: 6580
    Eq omega: -0.085331 + -2.78163theta + 0.05212omega + 0.63356theta^2 + 0.24971theta omega + 0.04145omega^2 + -0.01854theta^3 + 0.01166theta^2 omega + -0.00475theta omega^2 + -0.00442omega^3
    Eq omega Phys: -0.028249*omega**3 - 0.001012*omega**2*theta + 0.019377*omega**2 + 8.3e-5*omega*theta**2 + 0.003802*omega*theta + 0.000813*omega - 4.0e-6*theta**3 + 0.000328*theta**2 - 0.003249*theta + 0.000561
    Diffusion: theta=4.615321e-05, omega=1.072340e-05

--- Chunk 42856 (177/220) | Start: 2025-01-20 09:55:00 ---
    RMSE omega (GP): 0.003852 | RMSE omega (Sim): 0.049413
    Loss: 325.8134 | Epoch: 9999
    Eq omega: 0.060981 + 0.00247theta + -0.01238omega + 0.01292theta^2 + -0.00629theta omega + -0.01578omega^2 + -0.00200theta^3 + 0.00056theta^2 omega + -0.00162theta omega^2 + -0.01521omega^3
    Eq omega Phys: -0.217544*omega**3 - 0.000772*omega**2*theta - 0.003001*omega**2 + 9.0e-6*omega*theta**2 - 0.000327*omega*theta + 0.001997*omega - 1.0e-6*theta**3 + 4.2e-5*theta**2 - 0.000532*theta + 0.002237
    Diffusion: theta=9.861421e-05, omega=8.773376e-06

--- Chunk 42857 (178/220) | Start: 2025-01-20 10:00:00 ---
    RMSE omega (GP): 0.004247 | RMSE omega (Sim): 0.075033
    Loss: 175.5221 | Epoch: 5904
    Eq omega: 0.027391 + -0.80257theta + -0.05735omega + -1.02139theta^2 + 0.96837theta omega + 0.23110omega^2 + -1.43915theta^3 + 0.42494theta^2 omega + -0.74001theta omega^2 + -0.19015omega^3
    Eq omega Phys: -1.245711*omega**3 - 0.161599*omega**2*theta + 0.14301*omega**2 + 0.003093*omega*theta**2 + 0.013744*omega*theta - 0.005035*omega - 0.000349*theta**3 - 0.000303*theta**2 - 0.000711*theta + 0.000237
    Diffusion: theta=4.285642e-05, omega=7.621768e-06

--- Chunk 42858 (179/220) | Start: 2025-01-20 10:05:00 ---
    RMSE omega (GP): 0.003821 | RMSE omega (Sim): nan
    Loss: 155.2853 | Epoch: 4875
    Eq omega: 0.094171 + -0.31115theta + 0.49305omega + -0.20695theta^2 + 0.27857theta omega + -0.27559omega^2 + -1.67356theta^3 + 0.30990theta^2 omega + 0.24810theta omega^2 + 0.02107omega^3
    Eq omega Phys: 0.15133*omega**3 + 0.059397*omega**2*theta - 0.276378*omega**2 + 0.002473*omega*theta**2 - 0.007243*omega*theta + 0.019651*omega - 0.000445*theta**3 + 0.00307*theta**2 - 0.007393*theta + 0.006422
    Diffusion: theta=1.000808e-04, omega=8.175733e-06

--- Chunk 42859 (180/220) | Start: 2025-01-20 10:10:00 ---
    RMSE omega (GP): 0.003491 | RMSE omega (Sim): 0.098149
    Loss: 120.1495 | Epoch: 6191
    Eq omega: -0.140011 + -0.03216theta + 0.01490omega + -0.44002theta^2 + -0.17721theta omega + -0.26383omega^2 + -1.07789theta^3 + -0.14193theta^2 omega + -0.33568theta omega^2 + -0.03621omega^3
    Eq omega Phys: -0.238502*omega**3 - 0.0737*omega**2*theta - 0.02488*omega**2 - 0.001039*omega*theta**2 + 1.5e-5*omega*theta + 0.00234*omega - 0.000263*theta**3 + 0.000828*theta**2 - 0.000838*theta - 6.3e-5
    Diffusion: theta=7.588539e-05, omega=9.488886e-06

--- Chunk 42860 (181/220) | Start: 2025-01-20 10:15:00 ---
    RMSE omega (GP): 0.003854 | RMSE omega (Sim): 0.083021
    Loss: 185.6324 | Epoch: 7779
    Eq omega: -0.193941 + 0.01958theta + -0.01229omega + 0.04003theta^2 + -0.13903theta omega + -0.00758omega^2 + -0.04224theta^3 + 0.00429theta^2 omega + 0.07063theta omega^2 + -0.09937omega^3
    Eq omega Phys: -0.828685*omega**3 + 0.019634*omega**2*theta + 0.157127*omega**2 + 4.0e-5*omega*theta**2 - 0.001791*omega*theta - 0.017784*omega - 1.3e-5*theta**3 - 0.000298*theta**2 - 0.002229*theta - 0.005861
    Diffusion: theta=1.976952e-04, omega=6.876995e-06

--- Chunk 42861 (182/220) | Start: 2025-01-20 10:20:00 ---
    RMSE omega (GP): 0.003260 | RMSE omega (Sim): 0.074862
    Loss: 139.0531 | Epoch: 8548
    Eq omega: -0.111711 + 0.05053theta + -0.01561omega + -0.00267theta^2 + 0.00075theta omega + -0.08341omega^2 + -0.00064theta^3 + -0.00067theta^2 omega + 0.00666theta omega^2 + -0.09576omega^3
    Eq omega Phys: -0.839124*omega**3 + 0.001945*omega**2*theta - 0.053045*omega**2 - 7.0e-6*omega*theta**2 + 6.7e-5*omega*theta - 0.000685*omega + 1.0e-6*theta**2 + 5.9e-5*theta - 0.000472
    Diffusion: theta=9.542664e-05, omega=7.572286e-06

--- Chunk 42862 (183/220) | Start: 2025-01-20 10:25:00 ---
    RMSE omega (GP): 0.003371 | RMSE omega (Sim): 0.062672
    Loss: 149.3966 | Epoch: 7810
    Eq omega: -0.033351 + -0.02938theta + -0.12940omega + -0.12959theta^2 + 0.00971theta omega + 0.02766omega^2 + -0.05429theta^3 + -0.03148theta^2 omega + 0.02874theta omega^2 + -0.02865omega^3
    Eq omega Phys: -0.250813*omega**3 + 0.008387*omega**2*theta - 0.038276*omega**2 - 0.000306*omega*theta**2 + 0.004061*omega*theta - 0.017753*omega - 1.8e-5*theta**3 + 0.000257*theta**2 - 0.001172*theta + 0.001504
    Diffusion: theta=3.155068e-05, omega=9.340253e-06

--- Chunk 42863 (184/220) | Start: 2025-01-20 10:30:00 ---
    RMSE omega (GP): 0.003506 | RMSE omega (Sim): 0.068493
    Loss: 140.5133 | Epoch: 8350
    Eq omega: -0.043291 + -0.55192theta + 0.12024omega + 0.00991theta^2 + -0.02057theta omega + 0.04466omega^2 + -0.00619theta^3 + 0.01298theta^2 omega + -0.00079theta omega^2 + -0.01095omega^3
    Eq omega Phys: -0.08349*omega**3 - 0.000201*omega**2*theta + 0.022629*omega**2 + 0.00011*omega*theta**2 - 0.000471*omega*theta + 0.004241*omega - 2.0e-6*theta**3 + 9.0e-6*theta**2 - 0.000621*theta + 0.000257
    Diffusion: theta=8.139191e-05, omega=8.409504e-06

--- Chunk 42864 (185/220) | Start: 2025-01-20 10:35:00 ---
    RMSE omega (GP): 0.003993 | RMSE omega (Sim): 0.049077
    Loss: 293.6092 | Epoch: 5204
    Eq omega: 0.000501 + -1.11673theta + -0.91100omega + 0.05957theta^2 + 0.08947theta omega + 0.03298omega^2 + -0.04081theta^3 + -0.07797theta^2 omega + -0.04168theta omega^2 + -0.10505omega^3
    Eq omega Phys: -1.277623*omega**3 - 0.016897*omega**2*theta - 0.062243*omega**2 - 0.001054*omega*theta**2 - 0.008482*omega*theta - 0.046583*omega - 1.8e-5*theta**3 - 0.00023*theta**2 - 0.002164*theta - 0.007287
    Diffusion: theta=9.322674e-05, omega=8.197097e-06

--- Chunk 42865 (186/220) | Start: 2025-01-20 10:40:00 ---
    RMSE omega (GP): 0.004065 | RMSE omega (Sim): 0.081543
    Loss: 95.4655 | Epoch: 9999
    Eq omega: -0.091651 + -0.00846theta + 0.02493omega + -0.02937theta^2 + 0.17261theta omega + 0.03640omega^2 + -0.01977theta^3 + 0.00480theta^2 omega + -0.00596theta omega^2 + -0.00094omega^3
    Eq omega Phys: -0.003687*omega**3 - 0.000779*omega**2*theta + 0.022356*omega**2 + 2.1e-5*omega*theta**2 + 0.001587*omega*theta - 0.020802*omega - 3.0e-6*theta**3 + 9.0e-5*theta**2 - 0.00093*theta + 0.002903
    Diffusion: theta=6.402579e-05, omega=1.136434e-05

--- Chunk 42866 (187/220) | Start: 2025-01-20 10:45:00 ---
    RMSE omega (GP): 0.004093 | RMSE omega (Sim): 0.077185
    Loss: 135.7696 | Epoch: 8308
    Eq omega: -0.001531 + -0.00707theta + 0.01821omega + 0.03310theta^2 + -0.08694theta omega + 0.00350omega^2 + -0.00200theta^3 + 0.00134theta^2 omega + -0.00084theta omega^2 + 0.00987omega^3
    Eq omega Phys: 0.05307*omega**3 - 0.000151*omega**2*theta - 3.0e-5*omega**2 + 8.0e-6*omega*theta**2 - 0.001066*omega*theta - 0.010902*omega + 4.0e-6*theta**2 + 0.000184*theta + 0.001083
    Diffusion: theta=1.841207e-04, omega=1.188429e-05

--- Chunk 42867 (188/220) | Start: 2025-01-20 10:50:00 ---
    RMSE omega (GP): 0.003619 | RMSE omega (Sim): 0.080686
    Loss: 101.3116 | Epoch: 6297
    Eq omega: -0.240351 + -0.55290theta + -0.26556omega + 0.48355theta^2 + -0.41860theta omega + -0.00151omega^2 + 0.00268theta^3 + 0.09024theta^2 omega + -0.06084theta omega^2 + -0.06050omega^3
    Eq omega Phys: -0.31498*omega**3 - 0.010558*omega**2*theta + 0.026108*omega**2 + 0.000522*omega*theta**2 - 0.008457*omega*theta + 0.009215*omega + 1.0e-6*theta**3 + 0.00022*theta**2 - 0.001738*theta + 0.002342
    Diffusion: theta=9.635394e-05, omega=1.105733e-05

--- Chunk 42868 (189/220) | Start: 2025-01-20 10:55:00 ---
    RMSE omega (GP): 0.003591 | RMSE omega (Sim): 0.148189
    Loss: 74.3079 | Epoch: 9999
    Eq omega: -0.081711 + -0.12438theta + 0.07770omega + -0.25922theta^2 + 0.20881theta omega + 0.09447omega^2 + -0.04147theta^3 + 0.00892theta^2 omega + 0.00104theta omega^2 + -0.00231omega^3
    Eq omega Phys: -0.008908*omega**3 + 0.000134*omega**2*theta + 0.033318*omega**2 + 3.8e-5*omega*theta**2 + 0.00218*omega*theta - 0.007058*omega - 6.0e-6*theta**3 - 3.0e-5*theta**2 + 0.000412*theta - 0.001025
    Diffusion: theta=1.479535e-04, omega=1.422881e-05

--- Chunk 42869 (190/220) | Start: 2025-01-20 11:00:00 ---
    RMSE omega (GP): 0.004134 | RMSE omega (Sim): 0.081806
    Loss: 74.0470 | Epoch: 9464
    Eq omega: 0.010891 + -0.06356theta + 0.08369omega + 0.05903theta^2 + -0.12516theta omega + -0.03939omega^2 + -0.01817theta^3 + 0.03860theta^2 omega + -0.46196theta omega^2 + 0.00054omega^3
    Eq omega Phys: 0.001633*omega**3 - 0.046578*omega**2*theta - 0.077366*omega**2 + 0.00013*omega*theta**2 - 0.000963*omega*theta + 0.001197*omega - 2.0e-6*theta**3 + 1.2e-5*theta**2 - 2.4e-5*theta - 2.5e-5
    Diffusion: theta=1.294689e-04, omega=9.496396e-06

--- Chunk 42870 (191/220) | Start: 2025-01-20 11:05:00 ---
    RMSE omega (GP): 0.003441 | RMSE omega (Sim): 0.065219
    Loss: 148.2455 | Epoch: 4934
    Eq omega: -0.067991 + -0.55324theta + -0.47546omega + 0.42179theta^2 + 0.13474theta omega + -0.16229omega^2 + -0.18406theta^3 + -0.06591theta^2 omega + 0.00017theta omega^2 + -0.05128omega^3
    Eq omega Phys: -0.430083*omega**3 + 4.8e-5*omega**2*theta - 0.085564*omega**2 - 0.000614*omega*theta**2 - 0.003971*omega*theta - 0.019973*omega - 5.7e-5*theta**3 - 0.000638*theta**2 - 0.002632*theta - 0.004588
    Diffusion: theta=3.948683e-05, omega=1.034741e-05

--- Chunk 42871 (192/220) | Start: 2025-01-20 11:10:00 ---
    RMSE omega (GP): 0.003306 | RMSE omega (Sim): nan
    Loss: 63.0050 | Epoch: 9319
    Eq omega: -0.063611 + -0.08040theta + 0.00182omega + 0.06528theta^2 + -0.27587theta omega + -0.02604omega^2 + -0.08731theta^3 + 0.25492theta^2 omega + 0.05085theta omega^2 + -0.05440omega^3
    Eq omega Phys: -0.212342*omega**3 + 0.006616*omega**2*theta + 0.043196*omega**2 + 0.001106*omega*theta**2 + 0.014259*omega*theta + 0.043546*omega - 1.3e-5*theta**3 - 0.000275*theta**2 - 0.002066*theta - 0.005592
    Diffusion: theta=1.071344e-04, omega=1.378722e-05

--- Chunk 42872 (193/220) | Start: 2025-01-20 11:15:00 ---
    RMSE omega (GP): 0.003720 | RMSE omega (Sim): nan
    Loss: 130.0541 | Epoch: 9999
    Eq omega: -0.135791 + -0.11364theta + -0.00429omega + -0.00322theta^2 + 0.00533theta omega + 0.04422omega^2 + -0.00643theta^3 + -0.00404theta^2 omega + 0.00048theta omega^2 + 0.03183omega^3
    Eq omega Phys: 0.200344*omega**3 + 0.000101*omega**2*theta + 0.019094*omega**2 - 2.8e-5*omega*theta**2 + 0.000733*omega*theta - 0.004835*omega - 1.0e-6*theta**3 + 5.0e-5*theta**2 - 0.000686*theta + 0.003204
    Diffusion: theta=1.224795e-04, omega=8.967649e-06

--- Chunk 42873 (194/220) | Start: 2025-01-20 11:20:00 ---
 lsoda--  warning..internal t (=r1) and h (=r2) are  
       such that in the machine, t + h = t on the next step  
       (h = step size). solver will continue anyway  
      in above,  r1 =  0.5871871366903D+01   r2 =  0.2194061138201D-15
 lsoda--  above warning has been issued i1 times.    
       it will not be issued again for this problem  
      in above message,  i1 =        10
 lsoda--  warning..internal t (=r1) and h (=r2) are  
       such that in the machine, t + h = t on the next step  
       (h = step size). solver will continue anyway  
      in above,  r1 =  0.3255195202570D+01   r2 =  0.2023068064975D-15
 lsoda--  warning..internal t (=r1) and h (=r2) are  
       such that in the machine, t + h = t on the next step  
       (h = step size). solver will continue anyway  
      in above,  r1 =  0.3255195202570D+01   r2 =  0.2023068064975D-15
 lsoda--  warning..internal t (=r1) and h (=r2) are  
       such that in the machine, t + h = t on the next step  
       (h = step size). solver will continue anyway  
      in above,  r1 =  0.3255195202570D+01   r2 =  0.2023068064975D-15
 lsoda--  warning..internal t (=r1) and h (=r2) are  
       such that in the machine, t + h = t on the next step  
       (h = step size). solver will continue anyway  
      in above,  r1 =  0.3255195202570D+01   r2 =  0.1662691730448D-15
 lsoda--  warning..internal t (=r1) and h (=r2) are  
       such that in the machine, t + h = t on the next step  
       (h = step size). solver will continue anyway  
      in above,  r1 =  0.3255195202570D+01   r2 =  0.1662691730448D-15
 lsoda--  warning..internal t (=r1) and h (=r2) are  
       such that in the machine, t + h = t on the next step  
       (h = step size). solver will continue anyway  
      in above,  r1 =  0.3255195202570D+01   r2 =  0.1662691730448D-15
 lsoda--  warning..internal t (=r1) and h (=r2) are  
       such that in the machine, t + h = t on the next step  
       (h = step size). solver will continue anyway  
      in above,  r1 =  0.3255195202570D+01   r2 =  0.1366510514717D-15
 lsoda--  warning..internal t (=r1) and h (=r2) are  
       such that in the machine, t + h = t on the next step  
       (h = step size). solver will continue anyway  
      in above,  r1 =  0.3255195202570D+01   r2 =  0.1366510514717D-15
 lsoda--  warning..internal t (=r1) and h (=r2) are  
       such that in the machine, t + h = t on the next step  
       (h = step size). solver will continue anyway  
      in above,  r1 =  0.3255195202570D+01   r2 =  0.1366510514717D-15
 lsoda--  warning..internal t (=r1) and h (=r2) are  
       such that in the machine, t + h = t on the next step  
       (h = step size). solver will continue anyway  
      in above,  r1 =  0.3255195202570D+01   r2 =  0.1123089114006D-15
 lsoda--  above warning has been issued i1 times.    
       it will not be issued again for this problem  
      in above message,  i1 =        10
 lsoda--  warning..internal t (=r1) and h (=r2) are  
       such that in the machine, t + h = t on the next step  
       (h = step size). solver will continue anyway  
      in above,  r1 =  0.6361394656891D+01   r2 =  0.4370474585330D-15
 lsoda--  warning..internal t (=r1) and h (=r2) are  
       such that in the machine, t + h = t on the next step  
       (h = step size). solver will continue anyway  
      in above,  r1 =  0.6361394656891D+01   r2 =  0.4370474585330D-15
 lsoda--  warning..internal t (=r1) and h (=r2) are  
       such that in the machine, t + h = t on the next step  
       (h = step size). solver will continue anyway  
      in above,  r1 =  0.6361394656891D+01   r2 =  0.4370474585330D-15
 lsoda--  warning..internal t (=r1) and h (=r2) are  
       such that in the machine, t + h = t on the next step  
       (h = step size). solver will continue anyway  
      in above,  r1 =  0.6361394656891D+01   r2 =  0.3591946231688D-15
 lsoda--  warning..internal t (=r1) and h (=r2) are  
       such that in the machine, t + h = t on the next step  
       (h = step size). solver will continue anyway  
      in above,  r1 =  0.6361394656891D+01   r2 =  0.3591946231688D-15
    RMSE omega (GP): 0.004811 | RMSE omega (Sim): nan
    Loss: 229.7361 | Epoch: 7248
    Eq omega: -0.255031 + -0.19754theta + 0.19588omega + -0.11457theta^2 + 0.00091theta omega + -0.13783omega^2 + -0.07940theta^3 + 0.00127theta^2 omega + -0.47572theta omega^2 + 0.04183omega^3
    Eq omega Phys: 0.27717*omega**3 - 0.105072*omega**2*theta - 0.288532*omega**2 + 9.0e-6*omega*theta**2 + 5.4e-5*omega*theta + 0.006602*omega - 1.9e-5*theta**3 - 0.000184*theta**2 - 0.000739*theta - 0.00153
    Diffusion: theta=1.132458e-04, omega=7.913402e-06

--- Chunk 42874 (195/220) | Start: 2025-01-20 11:25:00 ---
    RMSE omega (GP): nan | RMSE omega (Sim): nan
    Loss: 1405.5337 | Epoch: 2534
    Eq omega: nan1 + nantheta + nanomega + nantheta^2 + nantheta omega + nanomega^2 + nantheta^3 + nantheta^2 omega + nantheta omega^2 + nanomega^3
    Eq omega Phys: N/A
    Diffusion: theta=nan, omega=nan

--- Chunk 42875 (196/220) | Start: 2025-01-20 11:30:00 ---
    RMSE omega (GP): 0.005743 | RMSE omega (Sim): 0.090669
    Loss: 349.3479 | Epoch: 9999
    Eq omega: 0.233871 + -0.01372theta + -0.03598omega + -0.14913theta^2 + 0.02553theta omega + 0.06094omega^2 + -0.02777theta^3 + 0.01010theta^2 omega + 0.01632theta omega^2 + -0.00564omega^3
    Eq omega Phys: -0.038619*omega**3 + 0.003725*omega**2*theta - 0.00789*omega**2 + 7.7e-5*omega*theta**2 - 0.00112*omega*theta + 0.002345*omega - 7.0e-6*theta**3 + 0.000131*theta**2 - 0.000527*theta - 0.000213
    Diffusion: theta=3.664704e-04, omega=7.357763e-06

--- Chunk 42876 (197/220) | Start: 2025-01-20 11:35:00 ---
    RMSE omega (GP): nan | RMSE omega (Sim): nan
    Loss: 3213.0364 | Epoch: 1458
    Eq omega: nan1 + nantheta + nanomega + nantheta^2 + nantheta omega + nanomega^2 + nantheta^3 + nantheta^2 omega + nantheta omega^2 + nanomega^3
    Eq omega Phys: N/A
    Diffusion: theta=nan, omega=nan

--- Chunk 42877 (198/220) | Start: 2025-01-20 11:40:00 ---
    RMSE omega (GP): 0.004141 | RMSE omega (Sim): 0.120146
    Loss: 75.8392 | Epoch: 8553
    Eq omega: -0.042721 + -1.21393theta + 0.13900omega + -0.07307theta^2 + -0.19813theta omega + -0.19304omega^2 + 0.00858theta^3 + 0.01238theta^2 omega + 0.01195theta omega^2 + 0.01325omega^3
    Eq omega Phys: 0.039611*omega**3 + 0.001191*omega**2*theta - 0.06054*omega**2 + 4.1e-5*omega*theta**2 - 0.002057*omega*theta + 0.003942*omega + 1.0e-6*theta**3 - 2.5e-5*theta**2 - 0.001366*theta - 0.000603
    Diffusion: theta=1.145861e-04, omega=1.871237e-05

--- Chunk 42878 (199/220) | Start: 2025-01-20 11:45:00 ---
    RMSE omega (GP): 0.012573 | RMSE omega (Sim): 0.797162
    Loss: 998.1452 | Epoch: 9999
    Eq omega: -0.006311 + 0.00218theta + -0.00215omega + 0.00107theta^2 + -0.10330theta omega + -0.00080omega^2 + 0.00150theta^3 + -0.00056theta^2 omega + 0.00466theta omega^2 + -0.00691omega^3
    Eq omega Phys: -0.028285*omega**3 + 0.000636*omega**2*theta + 0.009522*omega**2 - 3.0e-6*omega*theta**2 - 0.001351*omega*theta - 0.020318*omega + 1.1e-5*theta**2 + 0.000179*theta + 0.00096
    Diffusion: theta=3.198955e-04, omega=8.543860e-06

--- Chunk 42879 (200/220) | Start: 2025-01-20 11:50:00 ---
    RMSE omega (GP): 0.004314 | RMSE omega (Sim): 0.049853
    Loss: 197.1907 | Epoch: 9999
    Eq omega: 0.016121 + -0.02671theta + -0.01867omega + 0.01332theta^2 + 0.02084theta omega + 0.00717omega^2 + -0.00004theta^3 + -0.00099theta^2 omega + -0.00737theta omega^2 + -0.00182omega^3
    Eq omega Phys: -0.01265*omega**3 - 0.001707*omega**2*theta - 0.0307*omega**2 - 8.0e-6*omega*theta**2 + 2.9e-5*omega*theta + 0.003007*omega + 7.0e-6*theta**2 + 0.000243*theta + 0.002211
    Diffusion: theta=1.915046e-04, omega=9.917331e-06

  [Progress 200/220] Mean RMSE omega (GP): 0.004367 | (Sim): 0.096779 | Mean loss: 5453.0747 | Valid GP: 157/200 | Valid Sim: 134/200 | Elapsed: 527.0min | ETA: 52.7min

--- Chunk 42880 (201/220) | Start: 2025-01-20 11:55:00 ---
    RMSE omega (GP): 0.004416 | RMSE omega (Sim): 0.064354
    Loss: 150.4751 | Epoch: 7745
    Eq omega: -0.065081 + -0.46142theta + -0.51764omega + -0.04496theta^2 + -0.00315theta omega + -0.03987omega^2 + -0.01181theta^3 + 0.01683theta^2 omega + 0.00626theta omega^2 + -0.01265omega^3
    Eq omega Phys: -0.064509*omega**3 + 0.001064*omega**2*theta - 0.027025*omega**2 + 9.5e-5*omega*theta**2 - 0.001941*omega*theta - 0.007385*omega - 2.0e-6*theta**3 + 4.6e-5*theta**2 - 0.000765*theta + 0.005083
    Diffusion: theta=1.921733e-04, omega=1.510688e-05

--- Chunk 42881 (202/220) | Start: 2025-01-20 12:00:00 ---
    RMSE omega (GP): 0.003903 | RMSE omega (Sim): 0.077055
    Loss: 83.5749 | Epoch: 9999
    Eq omega: 0.012351 + 0.00825theta + -0.16062omega + 0.13099theta^2 + 0.01435theta omega + -0.07693omega^2 + -0.11556theta^3 + 0.01659theta^2 omega + 0.01780theta omega^2 + -0.00655omega^3
    Eq omega Phys: -0.025057*omega**3 + 0.00227*omega**2*theta - 0.011589*omega**2 + 7.1e-5*omega*theta**2 + 0.001158*omega*theta - 0.000706*omega - 1.6e-5*theta**3 - 0.000292*theta**2 - 0.001668*theta - 0.002962
    Diffusion: theta=1.457452e-04, omega=9.306680e-06

--- Chunk 42882 (203/220) | Start: 2025-01-20 12:05:00 ---
    RMSE omega (GP): 0.003724 | RMSE omega (Sim): nan
    Loss: 90.1768 | Epoch: 6566
    Eq omega: 0.172081 + -0.06568theta + 0.00969omega + 0.00088theta^2 + 0.18749theta omega + -0.36538omega^2 + -0.14919theta^3 + -0.07386theta^2 omega + -0.01258theta omega^2 + 0.18229omega^3
    Eq omega Phys: 0.814212*omega**3 - 0.001873*omega**2*theta - 0.149417*omega**2 - 0.000367*omega*theta**2 - 0.000889*omega*theta + 0.00375*omega - 2.5e-5*theta**3 - 0.000333*theta**2 - 0.00157*theta - 0.002078
    Diffusion: theta=1.160295e-04, omega=1.126495e-05

--- Chunk 42883 (204/220) | Start: 2025-01-20 12:10:00 ---
    RMSE omega (GP): 0.003290 | RMSE omega (Sim): 0.087481
    Loss: 121.6447 | Epoch: 4737
    Eq omega: -0.046461 + -0.27966theta + -0.03184omega + -0.11804theta^2 + -0.16502theta omega + -0.11241omega^2 + -1.18577theta^3 + 0.05119theta^2 omega + 0.25297theta omega^2 + -0.06155omega^3
    Eq omega Phys: -0.455935*omega**3 + 0.062463*omega**2*theta - 0.165883*omega**2 + 0.000421*omega*theta**2 - 0.004218*omega*theta + 0.005061*omega - 0.000325*theta**3 + 0.001654*theta**2 - 0.003109*theta + 0.002019
    Diffusion: theta=1.518778e-04, omega=1.119457e-05

--- Chunk 42884 (205/220) | Start: 2025-01-20 12:15:00 ---
    RMSE omega (GP): 0.004021 | RMSE omega (Sim): 0.084719
    Loss: 190.8949 | Epoch: 5169
    Eq omega: -0.036631 + -0.80082theta + -0.03419omega + 0.58510theta^2 + 0.03275theta omega + -0.12724omega^2 + -1.08338theta^3 + 0.25900theta^2 omega + -0.20892theta omega^2 + -0.01542omega^3
    Eq omega Phys: -0.120919*omega**3 - 0.054609*omega**2*theta - 0.091459*omega**2 + 0.002257*omega*theta**2 + 0.002741*omega*theta - 0.000342*omega - 0.000315*theta**3 - 0.000124*theta**2 - 0.000789*theta - 0.000468
    Diffusion: theta=8.110480e-05, omega=1.139899e-05

--- Chunk 42885 (206/220) | Start: 2025-01-20 12:20:00 ---
    RMSE omega (GP): 0.003843 | RMSE omega (Sim): 0.083536
    Loss: 111.4470 | Epoch: 5421
    Eq omega: 0.100411 + -0.48335theta + -0.04294omega + -0.00277theta^2 + 0.00308theta omega + -0.14621omega^2 + -0.18882theta^3 + 0.24344theta^2 omega + -0.00164theta omega^2 + -0.21321omega^3
    Eq omega Phys: -1.074805*omega**3 - 0.000276*omega**2*theta - 0.058929*omega**2 + 0.001364*omega*theta**2 - 0.009911*omega*theta + 0.016577*omega - 3.5e-5*theta**3 + 0.000385*theta**2 - 0.001937*theta + 0.003929
    Diffusion: theta=5.459095e-05, omega=1.475145e-05

--- Chunk 42886 (207/220) | Start: 2025-01-20 12:25:00 ---
    RMSE omega (GP): 0.003435 | RMSE omega (Sim): nan
    Loss: 119.5051 | Epoch: 5561
    Eq omega: 0.082941 + -0.03919theta + 0.01538omega + -0.05416theta^2 + 0.11636theta omega + 0.09254omega^2 + -0.01614theta^3 + -0.00037theta^2 omega + 0.06235theta omega^2 + -0.00244omega^3
    Eq omega Phys: -0.016265*omega**3 + 0.013854*omega**2*theta - 0.045016*omega**2 - 3.0e-6*omega*theta**2 + 0.001863*omega*theta - 0.011297*omega - 4.0e-6*theta**3 + 4.8e-5*theta**2 - 0.00017*theta + 0.000357
    Diffusion: theta=1.495201e-04, omega=1.197235e-05

--- Chunk 42887 (208/220) | Start: 2025-01-20 12:30:00 ---
    RMSE omega (GP): 0.003489 | RMSE omega (Sim): nan
    Loss: 170.9798 | Epoch: 7460
    Eq omega: 0.097291 + -0.03526theta + 0.25457omega + 0.00474theta^2 + -0.00530theta omega + 0.02808omega^2 + -0.00223theta^3 + -0.00093theta^2 omega + 0.00242theta omega^2 + 0.00897omega^3
    Eq omega Phys: 0.08408*omega**3 + 0.000756*omega**2*theta + 0.010783*omega**2 - 1.0e-5*omega*theta**2 + 2.7e-5*omega*theta + 0.008718*omega - 0.e-6*theta**3 + 1.8e-5*theta**2 - 0.000175*theta + 0.000785
    Diffusion: theta=9.492203e-05, omega=6.516193e-06

--- Chunk 42888 (209/220) | Start: 2025-01-20 12:35:00 ---
    RMSE omega (GP): 0.004328 | RMSE omega (Sim): 0.129126
    Loss: 222.1211 | Epoch: 6246
    Eq omega: 0.031911 + -0.01961theta + 0.00742omega + -0.00767theta^2 + 0.00359theta omega + 0.02525omega^2 + -0.00254theta^3 + -0.01161theta^2 omega + 0.00107theta omega^2 + 0.00137omega^3
    Eq omega Phys: 0.010876*omega**3 + 0.000283*omega**2*theta + 0.011635*omega**2 - 0.000102*omega*theta**2 + 0.001041*omega*theta - 0.002387*omega - 0.e-6*theta**3 + 6.0e-6*theta**2 - 3.1e-5*theta + 0.000154
    Diffusion: theta=9.520105e-05, omega=8.129011e-06

--- Chunk 42889 (210/220) | Start: 2025-01-20 12:40:00 ---
 lsoda--  warning..internal t (=r1) and h (=r2) are  
       such that in the machine, t + h = t on the next step  
       (h = step size). solver will continue anyway  
      in above,  r1 =  0.6361394656891D+01   r2 =  0.3591946231688D-15
 lsoda--  warning..internal t (=r1) and h (=r2) are  
       such that in the machine, t + h = t on the next step  
       (h = step size). solver will continue anyway  
      in above,  r1 =  0.6361394656891D+01   r2 =  0.2952099934252D-15
 lsoda--  warning..internal t (=r1) and h (=r2) are  
       such that in the machine, t + h = t on the next step  
       (h = step size). solver will continue anyway  
      in above,  r1 =  0.6361394656891D+01   r2 =  0.2952099934252D-15
 lsoda--  warning..internal t (=r1) and h (=r2) are  
       such that in the machine, t + h = t on the next step  
       (h = step size). solver will continue anyway  
      in above,  r1 =  0.6361394656891D+01   r2 =  0.2952099934252D-15
 lsoda--  warning..internal t (=r1) and h (=r2) are  
       such that in the machine, t + h = t on the next step  
       (h = step size). solver will continue anyway  
      in above,  r1 =  0.6361394656891D+01   r2 =  0.2426231759084D-15
 lsoda--  above warning has been issued i1 times.    
       it will not be issued again for this problem  
      in above message,  i1 =        10
 lsoda--  warning..internal t (=r1) and h (=r2) are  
       such that in the machine, t + h = t on the next step  
       (h = step size). solver will continue anyway  
      in above,  r1 =  0.2807381099386D+01   r2 =  0.2142380981975D-15
 lsoda--  warning..internal t (=r1) and h (=r2) are  
       such that in the machine, t + h = t on the next step  
       (h = step size). solver will continue anyway  
      in above,  r1 =  0.2807381099386D+01   r2 =  0.2142380981975D-15
 lsoda--  warning..internal t (=r1) and h (=r2) are  
       such that in the machine, t + h = t on the next step  
       (h = step size). solver will continue anyway  
      in above,  r1 =  0.2807381099386D+01   r2 =  0.2142380981975D-15
 lsoda--  warning..internal t (=r1) and h (=r2) are  
       such that in the machine, t + h = t on the next step  
       (h = step size). solver will continue anyway  
      in above,  r1 =  0.2807381099386D+01   r2 =  0.1760750959011D-15
 lsoda--  warning..internal t (=r1) and h (=r2) are  
       such that in the machine, t + h = t on the next step  
       (h = step size). solver will continue anyway  
      in above,  r1 =  0.2807381099386D+01   r2 =  0.1760750959011D-15
 lsoda--  warning..internal t (=r1) and h (=r2) are  
       such that in the machine, t + h = t on the next step  
       (h = step size). solver will continue anyway  
      in above,  r1 =  0.2807381099386D+01   r2 =  0.1760750959011D-15
 lsoda--  warning..internal t (=r1) and h (=r2) are  
       such that in the machine, t + h = t on the next step  
       (h = step size). solver will continue anyway  
      in above,  r1 =  0.2807381099386D+01   r2 =  0.1447102063588D-15
 lsoda--  warning..internal t (=r1) and h (=r2) are  
       such that in the machine, t + h = t on the next step  
       (h = step size). solver will continue anyway  
      in above,  r1 =  0.2807381099386D+01   r2 =  0.1447102063588D-15
 lsoda--  warning..internal t (=r1) and h (=r2) are  
       such that in the machine, t + h = t on the next step  
       (h = step size). solver will continue anyway  
      in above,  r1 =  0.2807381099386D+01   r2 =  0.1447102063588D-15
 lsoda--  warning..internal t (=r1) and h (=r2) are  
       such that in the machine, t + h = t on the next step  
       (h = step size). solver will continue anyway  
      in above,  r1 =  0.2807381099386D+01   r2 =  0.1189324573059D-15
 lsoda--  above warning has been issued i1 times.    
       it will not be issued again for this problem  
      in above message,  i1 =        10
 lsoda--  warning..internal t (=r1) and h (=r2) are  
       such that in the machine, t + h = t on the next step  
       (h = step size). solver will continue anyway  
      in above,  r1 =  0.8992350263532D+01   r2 =  0.7330743598922D-15
    RMSE omega (GP): 0.004008 | RMSE omega (Sim): nan
    Loss: 83.6646 | Epoch: 9159
    Eq omega: 0.043961 + -0.05359theta + 0.03063omega + -0.01249theta^2 + -0.12336theta omega + 0.11164omega^2 + -0.17984theta^3 + -0.03461theta^2 omega + 0.03585theta omega^2 + 0.08256omega^3
    Eq omega Phys: 0.29271*omega**3 + 0.004237*omega**2*theta + 0.03061*omega**2 - 0.000136*omega*theta**2 - 0.000914*omega*theta + 0.003155*omega - 2.4e-5*theta**3 + 0.000125*theta**2 - 0.00028*theta + 0.000381
    Diffusion: theta=7.917724e-05, omega=1.202673e-05

--- Chunk 42890 (211/220) | Start: 2025-01-20 12:45:00 ---
    RMSE omega (GP): 0.004512 | RMSE omega (Sim): 0.077342
    Loss: 104.4120 | Epoch: 9999
    Eq omega: -0.001641 + -0.13088theta + -0.07237omega + -0.00904theta^2 + -0.35031theta omega + 0.06870omega^2 + -0.02603theta^3 + -0.00325theta^2 omega + -0.00703theta omega^2 + -0.09346omega^3
    Eq omega Phys: -0.321877*omega**3 - 0.000807*omega**2*theta + 0.022145*omega**2 - 1.2e-5*omega*theta**2 - 0.003991*omega*theta - 0.007987*omega - 3.0e-6*theta**3 - 1.7e-5*theta**2 - 0.000175*theta - 0.000225
    Diffusion: theta=2.545343e-04, omega=9.934090e-06

--- Chunk 42891 (212/220) | Start: 2025-01-20 12:50:00 ---
    RMSE omega (GP): 0.003784 | RMSE omega (Sim): 0.046141
    Loss: 420.6961 | Epoch: 9999
    Eq omega: -0.222031 + -0.00724theta + -0.01646omega + 0.00007theta^2 + -0.00416theta omega + -0.00155omega^2 + -0.00005theta^3 + 0.00129theta^2 omega + -0.00150theta omega^2 + -0.00010omega^3
    Eq omega Phys: -0.001952*omega**3 - 0.000976*omega**2*theta + 0.012449*omega**2 + 2.8e-5*omega*theta**2 - 0.000897*omega*theta + 0.006534*omega + 2.0e-6*theta**2 - 3.1e-5*theta - 8.1e-5
    Diffusion: theta=7.142862e-05, omega=5.205030e-06

--- Chunk 42892 (213/220) | Start: 2025-01-20 12:55:00 ---
    RMSE omega (GP): 0.003376 | RMSE omega (Sim): 0.062135
    Loss: 170.3058 | Epoch: 9999
    Eq omega: 0.005001 + -0.00053theta + -0.02263omega + -0.01236theta^2 + -0.02563theta omega + 0.04408omega^2 + -0.00456theta^3 + -0.00047theta^2 omega + 0.01804theta omega^2 + -0.01693omega^3
    Eq omega Phys: -0.164056*omega**3 + 0.005827*omega**2*theta + 0.113144*omega**2 - 5.0e-6*omega*theta**2 - 0.000639*omega*theta - 0.009251*omega - 2.0e-6*theta**3 - 8.2e-5*theta**2 - 0.001359*theta - 0.007438
    Diffusion: theta=1.373398e-04, omega=1.021882e-05

--- Chunk 42893 (214/220) | Start: 2025-01-20 13:00:00 ---
    RMSE omega (GP): 0.006125 | RMSE omega (Sim): 0.065294
    Loss: 478.8210 | Epoch: 9999
    Eq omega: 0.001841 + 0.00044theta + -0.00057omega + 0.00006theta^2 + -0.00012theta omega + 0.00325omega^2 + -0.00002theta^3 + -0.00003theta^2 omega + 0.00001theta omega^2 + -0.00012omega^3
    Eq omega Phys: -0.000998*omega**3 + 3.0e-6*omega**2*theta + 0.001759*omega**2 - 1.2e-5*omega*theta - 0.000139*omega - 4.0e-6*theta - 9.0e-6
    Diffusion: theta=3.315996e-04, omega=6.529422e-06

--- Chunk 42894 (215/220) | Start: 2025-01-20 13:05:00 ---
    RMSE omega (GP): 0.004331 | RMSE omega (Sim): 0.065920
    Loss: 109.2054 | Epoch: 9403
    Eq omega: 0.015341 + -0.01755theta + -0.10645omega + 0.02012theta^2 + 0.02616theta omega + 0.01019omega^2 + -0.00053theta^3 + 0.00054theta^2 omega + -0.00058theta omega^2 + -0.10645omega^3
    Eq omega Phys: -0.416908*omega**3 - 7.6e-5*omega**2*theta + 0.002865*omega**2 + 2.0e-6*omega*theta**2 + 0.000366*omega*theta + 0.000123*omega + 6.0e-6*theta**2 + 0.000128*theta + 0.00068
    Diffusion: theta=5.517201e-05, omega=1.523126e-05

--- Chunk 42895 (216/220) | Start: 2025-01-20 13:10:00 ---
    RMSE omega (GP): 0.004834 | RMSE omega (Sim): 0.050080
    Loss: 91.8201 | Epoch: 9999
    Eq omega: -0.274571 + -0.01201theta + 0.01641omega + -0.00046theta^2 + 0.00052theta omega + -0.00389omega^2 + -0.00124theta^3 + -0.00044theta^2 omega + 0.00045theta omega^2 + 0.00522omega^3
    Eq omega Phys: 0.013653*omega**3 + 3.9e-5*omega**2*theta - 0.000843*omega**2 - 1.0e-6*omega*theta**2 - 1.5e-5*omega*theta + 0.000509*omega - 3.0e-6*theta**2 - 3.8e-5*theta - 0.001203
    Diffusion: theta=5.512452e-04, omega=8.966656e-06

--- Chunk 42896 (217/220) | Start: 2025-01-20 13:15:00 ---
    RMSE omega (GP): nan | RMSE omega (Sim): nan
    Loss: 135413.7656 | Epoch: 1346
    Eq omega: nan1 + nantheta + nanomega + nantheta^2 + nantheta omega + nanomega^2 + nantheta^3 + nantheta^2 omega + nantheta omega^2 + nanomega^3
    Eq omega Phys: N/A
    Diffusion: theta=nan, omega=nan

--- Chunk 42897 (218/220) | Start: 2025-01-20 13:20:00 ---
    RMSE omega (GP): nan | RMSE omega (Sim): nan
    Loss: 1466.8894 | Epoch: 8083
    Eq omega: nan1 + nantheta + nanomega + nantheta^2 + nantheta omega + nanomega^2 + nantheta^3 + nantheta^2 omega + nantheta omega^2 + nanomega^3
    Eq omega Phys: N/A
    Diffusion: theta=nan, omega=nan

--- Chunk 42898 (219/220) | Start: 2025-01-20 13:25:00 ---
    RMSE omega (GP): 0.004269 | RMSE omega (Sim): 0.103125
    Loss: 103.2603 | Epoch: 9999
    Eq omega: -0.164981 + 0.00390theta + 0.00535omega + 0.01557theta^2 + -0.03884theta omega + -0.02976omega^2 + -0.00990theta^3 + 0.02561theta^2 omega + 0.00264theta omega^2 + -0.01345omega^3
    Eq omega Phys: -0.049961*omega**3 + 0.000327*omega**2*theta - 0.013685*omega**2 + 0.000106*omega*theta**2 - 0.002534*omega*theta + 0.01487*omega - 1.0e-6*theta**3 + 4.6e-5*theta**2 - 0.00051*theta + 0.001318
    Diffusion: theta=4.198643e-04, omega=1.101730e-05

--- Chunk 42899 (220/220) | Start: 2025-01-20 13:30:00 ---
    RMSE omega (GP): 0.003986 | RMSE omega (Sim): 0.105509
    Loss: 128.9735 | Epoch: 5090
    Eq omega: -0.193951 + -0.14801theta + -0.11462omega + -0.02802theta^2 + 0.01242theta omega + -0.10831omega^2 + -0.02728theta^3 + 0.02526theta^2 omega + -0.11978theta omega^2 + -0.03510omega^3
    Eq omega Phys: -0.188535*omega**3 - 0.021446*omega**2*theta + 0.131136*omega**2 + 0.000151*omega*theta**2 - 0.002313*omega*theta + 0.004999*omega - 5.0e-6*theta**3 + 0.000121*theta**2 - 0.001056*theta + 0.003
    Diffusion: theta=1.453760e-04, omega=1.449657e-05

  [Progress 220/220] Mean RMSE omega (GP): 0.004339 | (Sim): 0.095069 | Mean loss: 5592.9436 | Valid GP: 175/220 | Valid Sim: 148/220 | Elapsed: 582.6min | ETA: 0.0min

============================================================
EVALUATION COMPLETE — Chunks [42680, 42899]
============================================================
Chunks processed: 220
Chunks succeeded GP:  175 (79.5%)
Chunks succeeded Sim: 148 (67.3%)
Mean GP RMSE omega:   0.004339 ± 0.001780
Mean SIM RMSE omega:  0.095069 ± 0.069231
Mean Loss:            5592.9436 ± 19274.2979
Elapsed time:     582.6 minutes

Per-chunk CSV: /pfs/data6/home/ka/ka_iai/ka_bj2362/dsr/svise/results_5min_all_chunks/run_SLURM_3733210_combo5/chunks_42680_to_42899_20260323_062604.csv
Summary JSON:  /pfs/data6/home/ka/ka_iai/ka_bj2362/dsr/svise/results_5min_all_chunks/run_SLURM_3733210_combo5/summary_42680_to_42899_20260323_062604.json
============================================================
 lsoda--  warning..internal t (=r1) and h (=r2) are  
       such that in the machine, t + h = t on the next step  
       (h = step size). solver will continue anyway  
      in above,  r1 =  0.8992350263532D+01   r2 =  0.7330743598922D-15
 lsoda--  warning..internal t (=r1) and h (=r2) are  
       such that in the machine, t + h = t on the next step  
       (h = step size). solver will continue anyway  
      in above,  r1 =  0.8992350263532D+01   r2 =  0.7330743598922D-15
 lsoda--  warning..internal t (=r1) and h (=r2) are  
       such that in the machine, t + h = t on the next step  
       (h = step size). solver will continue anyway  
      in above,  r1 =  0.8992350263532D+01   r2 =  0.6024891902857D-15
 lsoda--  warning..internal t (=r1) and h (=r2) are  
       such that in the machine, t + h = t on the next step  
       (h = step size). solver will continue anyway  
      in above,  r1 =  0.8992350263532D+01   r2 =  0.6024891902857D-15
 lsoda--  warning..internal t (=r1) and h (=r2) are  
       such that in the machine, t + h = t on the next step  
       (h = step size). solver will continue anyway  
      in above,  r1 =  0.8992350263532D+01   r2 =  0.6024891902857D-15
 lsoda--  warning..internal t (=r1) and h (=r2) are  
       such that in the machine, t + h = t on the next step  
       (h = step size). solver will continue anyway  
      in above,  r1 =  0.8992350263532D+01   r2 =  0.4951656261582D-15
 lsoda--  warning..internal t (=r1) and h (=r2) are  
       such that in the machine, t + h = t on the next step  
       (h = step size). solver will continue anyway  
      in above,  r1 =  0.8992350263532D+01   r2 =  0.4951656261582D-15
 lsoda--  warning..internal t (=r1) and h (=r2) are  
       such that in the machine, t + h = t on the next step  
       (h = step size). solver will continue anyway  
      in above,  r1 =  0.8992350263532D+01   r2 =  0.4951656261582D-15
 lsoda--  warning..internal t (=r1) and h (=r2) are  
       such that in the machine, t + h = t on the next step  
       (h = step size). solver will continue anyway  
      in above,  r1 =  0.8992350263532D+01   r2 =  0.4069599940923D-15
 lsoda--  above warning has been issued i1 times.    
       it will not be issued again for this problem  
      in above message,  i1 =        10

============================= JOB FEEDBACK =============================

NodeName=uc3n056
Job ID: 3734056
Array Job ID: 3733210_194
Cluster: uc3
User/Group: ka_bj2362/ka_iai
State: COMPLETED (exit code 0)
Nodes: 1
Cores per node: 4
CPU Utilized: 09:39:08
CPU Efficiency: 24.84% of 1-14:51:44 core-walltime
Job Wall-clock time: 09:42:56
Memory Utilized: 3.21 GB
Memory Efficiency: 26.73% of 12.00 GB (12.00 GB/node)
