Array task 215: processing chunks 47300 to 47519
Loading data from /pfs/data6/home/ka/ka_iai/ka_bj2362/dsr/svise/../dataset/South_Korea_2024-08-15_2025-08-31_1s.parquet...
Finding all valid 5-minute chunks in the dataset...
Found 107059 valid 5-minute chunks in total.

============================================================
SVISE FINAL EVALUATION — ALL CHUNKS
============================================================
Hyperparameters: {
  "model": "integrator",
  "sigma": 0,
  "degree": 3,
  "tau": 0.01,
  "lr": 0.001,
  "n_tau": 100,
  "measurement_noise": 1e-05,
  "n_reparam_samples": 15
}
Total valid chunks in dataset: 107059
Processing chunk range: [47300, 47519] (220 chunks)
Early stopping: patience=300, max_epochs=10000
============================================================


--- Chunk 47300 (1/220) | Start: 2025-02-04 21:15:00 ---
/pfs/data6/home/ka/ka_iai/ka_bj2362/dsr/svise/svise/sde_learning/_marginal_sde.py:284: UserWarning: torch.triangular_solve is deprecated in favor of torch.linalg.solve_triangularand will be removed in a future PyTorch release.
torch.linalg.solve_triangular has its arguments reversed and does not return a copy of one of the inputs.
X = torch.triangular_solve(B, A).solution
should be replaced with
X = torch.linalg.solve_triangular(A, B). (Triggered internally at ../aten/src/ATen/native/BatchLinearAlgebra.cpp:2192.)
  return torch.triangular_solve(self.raw_w, self.C.t()).solution
/pfs/data6/home/ka/ka_iai/ka_bj2362/dsr/svise/svise/quadrature/_unbiased_quadrature.py:196: UserWarning: Interp is nan, reducing interp degree.
  warnings.warn("Interp is nan, reducing interp degree.")
/pfs/data6/home/ka/ka_iai/ka_bj2362/dsr/svise/run_analysis_5min_all_chunks_combo5.py:212: ODEintWarning: Excess work done on this call (perhaps wrong Dfun type). Run with full_output = 1 to get quantitative information.
  sol_scaled = odeint(drift, x0_scaled, t_scaled, full_output=False)
    RMSE omega (GP): 0.004495 | RMSE omega (Sim): nan
    Loss: 250.5287 | Epoch: 9999
    Eq omega: 0.075321 + -0.30936theta + -0.02585omega + -0.16482theta^2 + -0.02218theta omega + -0.00394omega^2 + -0.00947theta^3 + -0.01294theta^2 omega + -0.01303theta omega^2 + 0.22655omega^3
    Eq omega Phys: 1.852025*omega**3 - 0.003551*omega**2*theta + 0.030984*omega**2 - 0.000118*omega*theta**2 + 0.001802*omega*theta - 0.007448*omega - 3.0e-6*theta**3 - 1.6e-5*theta**2 + 0.000691*theta - 0.002609
    Diffusion: theta=1.425299e-04, omega=9.964407e-06

--- Chunk 47301 (2/220) | Start: 2025-02-04 21:20:00 ---
    RMSE omega (GP): 0.003793 | RMSE omega (Sim): 0.100106
    Loss: 109.9513 | Epoch: 6875
    Eq omega: 0.050221 + -0.27746theta + 0.26730omega + -0.10204theta^2 + -0.05671theta omega + 0.00141omega^2 + 0.00011theta^3 + 0.01649theta^2 omega + -0.00664theta omega^2 + 0.00514omega^3
    Eq omega Phys: 0.026964*omega**3 - 0.001161*omega**2*theta + 0.004447*omega**2 + 9.6e-5*omega*theta**2 - 0.001429*omega*theta + 0.012597*omega - 4.8e-5*theta**2 + 7.0e-6*theta + 0.000634
    Diffusion: theta=7.210529e-05, omega=8.293295e-06

--- Chunk 47302 (3/220) | Start: 2025-02-04 21:25:00 ---
    RMSE omega (GP): 0.004467 | RMSE omega (Sim): 2.606701
    Loss: 75.1750 | Epoch: 9999
    Eq omega: 0.040881 + -0.13797theta + 0.04469omega + 0.02955theta^2 + -0.03574theta omega + -0.06985omega^2 + -0.00365theta^3 + 0.02741theta^2 omega + 0.00320theta omega^2 + -0.01208omega^3
    Eq omega Phys: -0.030745*omega**3 + 0.000271*omega**2*theta - 0.023067*omega**2 + 7.8e-5*omega*theta**2 - 0.001902*omega*theta + 0.012764*omega + 2.0e-5*theta**2 - 0.000449*theta + 0.003002
    Diffusion: theta=4.287983e-04, omega=1.170356e-05

--- Chunk 47303 (4/220) | Start: 2025-02-04 21:30:00 ---
/pfs/data6/home/ka/ka_iai/ka_bj2362/dsr/svise/svise/quadrature/_unbiased_quadrature.py:174: UserWarning: NaN detected in fxq (quadrature node evaluations). Clamping to 0.
  warnings.warn("NaN detected in fxq (quadrature node evaluations). Clamping to 0.")
/pfs/data6/home/ka/ka_iai/ka_bj2362/dsr/svise/svise/quadrature/_unbiased_quadrature.py:177: UserWarning: NaN detected in fmc (Monte-Carlo node evaluations). Clamping to 0.
  warnings.warn("NaN detected in fmc (Monte-Carlo node evaluations). Clamping to 0.")
    RMSE omega (GP): nan | RMSE omega (Sim): nan
    Loss: 79339.9844 | Epoch: 725
    Eq omega: nan1 + nantheta + nanomega + nantheta^2 + nantheta omega + nanomega^2 + nantheta^3 + nantheta^2 omega + nantheta omega^2 + nanomega^3
    Eq omega Phys: N/A
    Diffusion: theta=nan, omega=nan

--- Chunk 47304 (5/220) | Start: 2025-02-04 21:35:00 ---
    RMSE omega (GP): 0.020616 | RMSE omega (Sim): 0.080748
    Loss: 3732.0500 | Epoch: 866
    Eq omega: -0.030661 + -0.00634theta + -0.00954omega + 0.00035theta^2 + -0.00112theta omega + 0.00134omega^2 + -0.00005theta^3 + -0.00010theta^2 omega + -0.00045theta omega^2 + 0.00102omega^3
    Eq omega Phys: 0.005601*omega**3 - 8.2e-5*omega**2*theta + 0.002584*omega**2 - 0.e-6*omega*theta**2 + 1.4e-5*omega*theta - 0.000292*omega + 1.0e-6*theta**2 - 3.3e-5*theta + 0.000339
    Diffusion: theta=nan, omega=nan

--- Chunk 47305 (6/220) | Start: 2025-02-04 21:40:00 ---
    RMSE omega (GP): 0.003277 | RMSE omega (Sim): 0.117269
    Loss: 127.4563 | Epoch: 8793
    Eq omega: 0.264201 + -0.10759theta + 0.00675omega + 0.00525theta^2 + 0.05702theta omega + 0.10957omega^2 + -0.02205theta^3 + 0.00188theta^2 omega + 0.00163theta omega^2 + 0.02731omega^3
    Eq omega Phys: 0.21302*omega**3 + 0.000424*omega**2*theta + 0.058528*omega**2 + 1.6e-5*omega*theta**2 + 0.001174*omega*theta + 0.006944*omega - 6.0e-6*theta**3 - 0.000117*theta**2 - 0.000834*theta - 0.001628
    Diffusion: theta=1.107821e-04, omega=1.023570e-05

--- Chunk 47306 (7/220) | Start: 2025-02-04 21:45:00 ---
    RMSE omega (GP): 0.003350 | RMSE omega (Sim): nan
    Loss: 128.0332 | Epoch: 5544
    Eq omega: 0.134821 + -0.65769theta + 0.37417omega + 0.08051theta^2 + 0.16137theta omega + 0.32112omega^2 + -0.15190theta^3 + 0.26581theta^2 omega + -0.16663theta omega^2 + 0.02279omega^3
    Eq omega Phys: 0.173191*omega**3 - 0.04221*omega**2*theta + 0.219184*omega**2 + 0.002244*omega*theta**2 - 0.003414*omega*theta + 0.012955*omega - 4.3e-5*theta**3 + 0.00022*theta**2 - 0.001092*theta + 0.001486
    Diffusion: theta=5.344628e-05, omega=9.302965e-06

--- Chunk 47307 (8/220) | Start: 2025-02-04 21:50:00 ---
    RMSE omega (GP): 0.003622 | RMSE omega (Sim): nan
    Loss: 81.6925 | Epoch: 8560
    Eq omega: 0.157711 + 0.03823theta + 0.05802omega + 0.38403theta^2 + -0.00562theta omega + -0.25270omega^2 + -0.25974theta^3 + 0.12354theta^2 omega + 0.18887theta omega^2 + -0.04086omega^3
    Eq omega Phys: -0.173308*omega**3 + 0.026703*omega**2*theta + 0.066044*omega**2 + 0.000582*omega*theta**2 + 0.006953*omega*theta + 0.02269*omega - 4.1e-5*theta**3 - 0.000578*theta**2 - 0.002475*theta - 0.002394
    Diffusion: theta=1.797087e-04, omega=1.021040e-05

--- Chunk 47308 (9/220) | Start: 2025-02-04 21:55:00 ---
    RMSE omega (GP): 0.004687 | RMSE omega (Sim): 0.053754
    Loss: 256.6029 | Epoch: 9999
    Eq omega: -0.097011 + -0.02118theta + -0.03976omega + -0.00615theta^2 + -0.00014theta omega + 0.00073omega^2 + -0.00099theta^3 + -0.00022theta^2 omega + 0.00089theta omega^2 + -0.00178omega^3
    Eq omega Phys: -0.013446*omega**3 + 0.000224*omega**2*theta - 0.004294*omega**2 - 2.0e-6*omega*theta**2 + 7.4e-5*omega*theta - 0.002075*omega + 1.4e-5*theta**2 - 0.00024*theta + 0.001282
    Diffusion: theta=2.967507e-04, omega=6.795910e-06

--- Chunk 47309 (10/220) | Start: 2025-02-04 22:00:00 ---
    RMSE omega (GP): 0.003597 | RMSE omega (Sim): 0.070369
    Loss: 124.3646 | Epoch: 8389
    Eq omega: -0.046461 + -0.02445theta + 0.02630omega + -0.00412theta^2 + 0.00818theta omega + -0.00450omega^2 + -0.00402theta^3 + -0.00008theta^2 omega + -0.00340theta omega^2 + 0.00421omega^3
    Eq omega Phys: 0.026859*omega**3 - 0.000723*omega**2*theta - 0.007466*omega**2 - 0.e-6*omega*theta**2 + 0.000117*omega*theta + 0.001783*omega - 0.e-6*theta**3 - 2.3e-5*theta**2 - 0.000217*theta - 0.000825
    Diffusion: theta=1.547476e-04, omega=1.146683e-05

--- Chunk 47310 (11/220) | Start: 2025-02-04 22:05:00 ---
    RMSE omega (GP): 0.003437 | RMSE omega (Sim): nan
    Loss: 157.2684 | Epoch: 9999
    Eq omega: -0.019691 + -0.06994theta + -0.00558omega + 0.03945theta^2 + 0.00969theta omega + 0.06936omega^2 + -0.00418theta^3 + -0.00217theta^2 omega + -0.00303theta omega^2 + 0.01082omega^3
    Eq omega Phys: 0.094572*omega**3 - 0.000883*omega**2*theta + 0.045058*omega**2 - 2.1e-5*omega*theta**2 + 0.000538*omega*theta - 0.003261*omega - 1.0e-6*theta**3 + 5.9e-5*theta**2 - 0.000789*theta + 0.003263
    Diffusion: theta=1.943678e-04, omega=6.823083e-06

--- Chunk 47311 (12/220) | Start: 2025-02-04 22:10:00 ---
    RMSE omega (GP): 0.006789 | RMSE omega (Sim): 0.077913
    Loss: 562.0273 | Epoch: 9999
    Eq omega: -0.000181 + 0.00060theta + -0.00471omega + 0.00026theta^2 + -0.00039theta omega + 0.00144omega^2 + -0.00007theta^3 + -0.00006theta^2 omega + -0.00048theta omega^2 + -0.00047omega^3
    Eq omega Phys: -0.003651*omega**3 - 0.000124*omega**2*theta + 0.002978*omega**2 - 0.e-6*omega*theta**2 + 1.2e-5*omega*theta - 0.000206*omega + 1.0e-6*theta**2 - 2.4e-5*theta + 0.000154
    Diffusion: theta=3.659026e-04, omega=7.464585e-06

--- Chunk 47312 (13/220) | Start: 2025-02-04 22:15:00 ---
    RMSE omega (GP): 0.003296 | RMSE omega (Sim): nan
    Loss: 97.7151 | Epoch: 6373
    Eq omega: 0.019081 + -0.13382theta + -0.09915omega + 0.50137theta^2 + 0.12381theta omega + -0.09634omega^2 + -1.23593theta^3 + -0.14229theta^2 omega + 0.76655theta omega^2 + 0.12080omega^3
    Eq omega Phys: 0.737533*omega**3 + 0.156003*omega**2*theta + 0.086445*omega**2 - 0.000965*omega*theta**2 + 0.000254*omega*theta - 0.002424*omega - 0.000279*theta**3 - 0.000447*theta**2 - 0.000312*theta - 6.4e-5
    Diffusion: theta=5.837922e-05, omega=8.441768e-06

--- Chunk 47313 (14/220) | Start: 2025-02-04 22:20:00 ---
    RMSE omega (GP): 0.003837 | RMSE omega (Sim): nan
    Loss: 468.4631 | Epoch: 9999
    Eq omega: -0.004161 + -0.00502theta + 0.05421omega + 0.00015theta^2 + -0.00291theta omega + 0.01729omega^2 + -0.00069theta^3 + -0.00012theta^2 omega + -0.00030theta omega^2 + 0.00737omega^3
    Eq omega Phys: 0.144694*omega**3 - 0.000196*omega**2*theta + 0.016711*omega**2 - 3.0e-6*omega*theta**2 - 6.0e-6*omega*theta + 0.002392*omega - 0.e-6*theta**3 + 2.1e-5*theta**2 - 0.000299*theta + 0.001437
    Diffusion: theta=3.234184e-04, omega=3.376398e-06

--- Chunk 47314 (15/220) | Start: 2025-02-04 22:25:00 ---
    RMSE omega (GP): nan | RMSE omega (Sim): nan
    Loss: 165.3308 | Epoch: 4056
    Eq omega: nan1 + nantheta + nanomega + nantheta^2 + nantheta omega + nanomega^2 + nantheta^3 + nantheta^2 omega + nantheta omega^2 + nanomega^3
    Eq omega Phys: N/A
    Diffusion: theta=nan, omega=nan

--- Chunk 47315 (16/220) | Start: 2025-02-04 22:30:00 ---
    RMSE omega (GP): 0.003861 | RMSE omega (Sim): 0.099622
    Loss: 68.7335 | Epoch: 9999
    Eq omega: 0.038251 + -0.30581theta + -0.01932omega + 0.07875theta^2 + 0.03745theta omega + -0.00202omega^2 + -0.00649theta^3 + -0.01354theta^2 omega + -0.00199theta omega^2 + 0.06854omega^3
    Eq omega Phys: 0.216172*omega**3 - 0.000209*omega**2*theta - 0.000347*omega**2 - 4.7e-5*omega*theta**2 + 0.000545*omega*theta - 0.001344*omega - 0.e-6*theta**3 + 3.2e-5*theta**2 - 0.000428*theta + 0.000696
    Diffusion: theta=3.012656e-04, omega=7.809716e-06

--- Chunk 47316 (17/220) | Start: 2025-02-04 22:35:00 ---
    RMSE omega (GP): 0.003422 | RMSE omega (Sim): 0.152269
    Loss: 94.7728 | Epoch: 8213
    Eq omega: -0.033001 + -0.11680theta + 0.02320omega + -0.12229theta^2 + -0.03102theta omega + 0.09717omega^2 + -0.07073theta^3 + 0.01703theta^2 omega + 0.00306theta omega^2 + 0.01721omega^3
    Eq omega Phys: 0.093724*omega**3 + 0.000555*omega**2*theta + 0.042143*omega**2 + 0.000103*omega*theta**2 - 0.000165*omega*theta + 0.000369*omega - 1.4e-5*theta**3 - 0.000115*theta**2 - 0.000361*theta - 0.000397
    Diffusion: theta=1.094614e-04, omega=9.324989e-06

--- Chunk 47317 (18/220) | Start: 2025-02-04 22:40:00 ---
    RMSE omega (GP): 0.003027 | RMSE omega (Sim): 0.154760
    Loss: 89.4498 | Epoch: 6735
    Eq omega: 0.059081 + -0.58071theta + 0.21303omega + 0.08956theta^2 + -0.03048theta omega + 0.05012omega^2 + -0.00965theta^3 + -0.01116theta^2 omega + 0.00818theta omega^2 + -0.00864omega^3
    Eq omega Phys: -0.056885*omega**3 + 0.001795*omega**2*theta + 0.028952*omega**2 - 8.2e-5*omega*theta**2 - 0.000974*omega*theta + 0.004892*omega - 2.0e-6*theta**3 + 2.5e-5*theta**2 - 0.000427*theta - 0.00146
    Diffusion: theta=1.242088e-04, omega=8.010849e-06

--- Chunk 47318 (19/220) | Start: 2025-02-04 22:45:00 ---
    RMSE omega (GP): 0.003331 | RMSE omega (Sim): 0.062015
    Loss: 100.9022 | Epoch: 8701
    Eq omega: 0.045901 + -0.81281theta + -0.49789omega + -0.05662theta^2 + -0.01878theta omega + 0.14129omega^2 + 0.00230theta^3 + -0.06272theta^2 omega + 0.06297theta omega^2 + -0.05503omega^3
    Eq omega Phys: -0.349137*omega**3 + 0.013317*omega**2*theta - 0.052123*omega**2 - 0.000442*omega*theta**2 + 0.007488*omega*theta - 0.048251*omega + 1.0e-6*theta**3 - 4.3e-5*theta**2 - 0.000269*theta + 0.005448
    Diffusion: theta=2.911707e-05, omega=6.204787e-06

--- Chunk 47319 (20/220) | Start: 2025-02-04 22:50:00 ---
    RMSE omega (GP): 0.003391 | RMSE omega (Sim): 0.057034
    Loss: 81.4500 | Epoch: 7512
    Eq omega: 0.031791 + -0.02604theta + -0.01785omega + 0.02275theta^2 + -0.06427theta omega + 0.06745omega^2 + -0.09206theta^3 + -0.06579theta^2 omega + 0.00874theta omega^2 + -0.16029omega^3
    Eq omega Phys: -0.774929*omega**3 + 0.001408*omega**2*theta + 0.037607*omega**2 - 0.000353*omega*theta**2 - 0.006144*omega*theta - 0.026776*omega - 1.6e-5*theta**3 - 0.00036*theta**2 - 0.002641*theta - 0.006449
    Diffusion: theta=9.426665e-05, omega=8.969928e-06

--- Chunk 47320 (21/220) | Start: 2025-02-04 22:55:00 ---
    RMSE omega (GP): 0.003398 | RMSE omega (Sim): 0.036921
    Loss: 49.8249 | Epoch: 8722
    Eq omega: -0.000881 + -0.01343theta + -0.03284omega + -0.01797theta^2 + 0.03938theta omega + 0.01023omega^2 + -0.12012theta^3 + 0.05576theta^2 omega + 0.11659theta omega^2 + -0.07404omega^3
    Eq omega Phys: -0.228396*omega**3 + 0.011988*omega**2*theta - 0.096211*omega**2 + 0.000191*omega*theta**2 - 0.002751*omega*theta + 0.008575*omega - 1.4e-5*theta**3 + 0.000335*theta**2 - 0.002744*theta + 0.007524
    Diffusion: theta=1.916744e-04, omega=8.254587e-06

--- Chunk 47321 (22/220) | Start: 2025-02-04 23:00:00 ---
    RMSE omega (GP): 0.003497 | RMSE omega (Sim): 0.076577
    Loss: 114.3197 | Epoch: 7651
    Eq omega: -0.016841 + -0.06171theta + 0.08287omega + 0.00095theta^2 + 0.00089theta omega + -0.00149omega^2 + -0.00679theta^3 + -0.00191theta^2 omega + 0.00201theta omega^2 + 0.00223omega^3
    Eq omega Phys: 0.013637*omega**3 + 0.00041*omega**2*theta + 0.000269*omega**2 - 1.3e-5*omega*theta**2 - 4.6e-5*omega*theta + 0.002725*omega - 2.0e-6*theta**3 - 1.0e-5*theta**2 - 9.1e-5*theta - 0.000215
    Diffusion: theta=2.230187e-04, omega=1.264605e-05

--- Chunk 47322 (23/220) | Start: 2025-02-04 23:05:00 ---
    RMSE omega (GP): 0.004094 | RMSE omega (Sim): 0.072410
    Loss: 222.0152 | Epoch: 9999
    Eq omega: 0.021171 + 0.00203theta + -0.03554omega + -0.00082theta^2 + -0.00346theta omega + 0.01747omega^2 + -0.00013theta^3 + 0.00101theta^2 omega + -0.00107theta omega^2 + -0.00938omega^3
    Eq omega Phys: -0.081465*omega**3 - 0.00031*omega**2*theta + 0.005082*omega**2 + 1.0e-5*omega*theta**2 + 0.00021*omega*theta - 0.000156*omega - 2.0e-6*theta**2 - 3.6e-5*theta - 0.000133
    Diffusion: theta=1.349770e-04, omega=1.026508e-05

--- Chunk 47323 (24/220) | Start: 2025-02-04 23:10:00 ---
    RMSE omega (GP): 0.002987 | RMSE omega (Sim): 0.070983
    Loss: 102.6285 | Epoch: 9079
    Eq omega: -1.189291 + -0.05492theta + -0.07458omega + 0.24700theta^2 + 0.06010theta omega + -0.00874omega^2 + -0.04082theta^3 + -0.01678theta^2 omega + -0.05944theta omega^2 + -0.46852omega^3
    Eq omega Phys: -3.656601*omega**3 - 0.015463*omega**2*theta - 0.111422*omega**2 - 0.000146*omega*theta**2 - 0.000991*omega*theta - 0.00238*omega - 1.2e-5*theta**3 - 0.000105*theta**2 + 0.000182*theta - 0.00022
    Diffusion: theta=7.134456e-05, omega=8.259150e-06

--- Chunk 47324 (25/220) | Start: 2025-02-04 23:15:00 ---
    RMSE omega (GP): 0.003078 | RMSE omega (Sim): 0.085977
    Loss: 163.9251 | Epoch: 6086
    Eq omega: -0.020111 + -0.03574theta + -0.20143omega + -0.07687theta^2 + -0.03475theta omega + -0.01831omega^2 + -0.13858theta^3 + -0.02669theta^2 omega + 0.03689theta omega^2 + -0.00489omega^3
    Eq omega Phys: -0.056685*omega**3 + 0.014254*omega**2*theta + 0.058236*omega**2 - 0.000344*omega*theta**2 - 0.004078*omega*theta - 0.018431*omega - 5.9e-5*theta**3 - 0.000925*theta**2 - 0.004816*theta - 0.008428
    Diffusion: theta=5.934303e-05, omega=6.930000e-06

--- Chunk 47325 (26/220) | Start: 2025-02-04 23:20:00 ---
    RMSE omega (GP): 0.003479 | RMSE omega (Sim): 0.092519
    Loss: 113.7827 | Epoch: 9999
    Eq omega: -0.160051 + 0.01995theta + 0.00667omega + -0.01791theta^2 + -0.01056theta omega + 0.01622omega^2 + -0.02855theta^3 + 0.00892theta^2 omega + -0.00268theta omega^2 + -0.00391omega^3
    Eq omega Phys: -0.02474*omega**3 - 0.000565*omega**2*theta + 0.005289*omega**2 + 6.3e-5*omega*theta**2 + 0.000318*omega*theta + 0.00052*omega - 7.0e-6*theta**3 - 8.6e-5*theta**2 - 0.000341*theta - 0.000809
    Diffusion: theta=1.157090e-04, omega=8.446740e-06

--- Chunk 47326 (27/220) | Start: 2025-02-04 23:25:00 ---
    RMSE omega (GP): 0.003178 | RMSE omega (Sim): 0.073178
    Loss: 108.1400 | Epoch: 7137
    Eq omega: -0.176241 + 0.02651theta + -0.05543omega + 0.52469theta^2 + -0.12921theta omega + -0.05348omega^2 + -0.24624theta^3 + -0.00183theta^2 omega + 0.08584theta omega^2 + 0.05877omega^3
    Eq omega Phys: 0.427716*omega**3 + 0.020824*omega**2*theta + 0.094706*omega**2 - 1.5e-5*omega*theta**2 - 0.002293*omega*theta - 0.014679*omega - 6.6e-5*theta**3 - 0.00087*theta**2 - 0.00336*theta - 0.00356
    Diffusion: theta=4.250362e-05, omega=7.338441e-06

--- Chunk 47327 (28/220) | Start: 2025-02-04 23:30:00 ---
    RMSE omega (GP): 0.003328 | RMSE omega (Sim): 0.056324
    Loss: 164.3236 | Epoch: 9999
    Eq omega: -0.025621 + -0.01236theta + -0.02162omega + -0.03068theta^2 + 0.01583theta omega + 0.03585omega^2 + -0.00295theta^3 + 0.00247theta^2 omega + -0.00084theta omega^2 + -0.01116omega^3
    Eq omega Phys: -0.108277*omega**3 - 0.000272*omega**2*theta + 0.017991*omega**2 + 2.7e-5*omega*theta**2 + 0.00077*omega*theta + 0.004*omega - 1.0e-6*theta**3 - 4.7e-5*theta**2 - 0.000603*theta - 0.002408
    Diffusion: theta=1.139646e-04, omega=7.424714e-06

--- Chunk 47328 (29/220) | Start: 2025-02-04 23:35:00 ---
    RMSE omega (GP): 0.003001 | RMSE omega (Sim): 0.110081
    Loss: 107.6411 | Epoch: 5252
    Eq omega: 0.059981 + -0.50772theta + -0.06094omega + 0.06622theta^2 + 0.01686theta omega + 0.04016omega^2 + -0.10765theta^3 + -0.02870theta^2 omega + 0.00582theta omega^2 + 0.00154omega^3
    Eq omega Phys: 0.012121*omega**3 + 0.001527*omega**2*theta + 0.028333*omega**2 - 0.000251*omega*theta**2 - 0.002264*omega*theta - 0.007054*omega - 3.1e-5*theta**3 - 0.000441*theta**2 - 0.002614*theta - 0.005887
    Diffusion: theta=7.696129e-05, omega=9.578302e-06

--- Chunk 47329 (30/220) | Start: 2025-02-04 23:40:00 ---
    RMSE omega (GP): 0.003179 | RMSE omega (Sim): 0.066232
    Loss: 159.1165 | Epoch: 5180
    Eq omega: 0.007401 + -0.32750theta + -0.01652omega + -0.00741theta^2 + 0.11531theta omega + 0.05137omega^2 + -0.41784theta^3 + 0.05600theta^2 omega + 0.12309theta omega^2 + -0.02322omega^3
    Eq omega Phys: -0.24437*omega**3 + 0.04318*omega**2*theta + 0.14749*omega**2 + 0.000655*omega*theta**2 + 0.005827*omega*theta + 0.010434*omega - 0.000163*theta**3 - 0.001329*theta**2 - 0.003981*theta - 0.004254
    Diffusion: theta=7.025136e-05, omega=7.505082e-06

--- Chunk 47330 (31/220) | Start: 2025-02-04 23:45:00 ---
    RMSE omega (GP): 0.003585 | RMSE omega (Sim): 0.080841
    Loss: 149.0232 | Epoch: 9464
    Eq omega: 0.036221 + -0.01502theta + -0.06009omega + -0.00435theta^2 + -0.00543theta omega + 0.04400omega^2 + -0.01380theta^3 + -0.00783theta^2 omega + 0.03530theta omega^2 + 0.00001omega^3
    Eq omega Phys: 7.8e-5*omega**3 + 0.00913*omega**2*theta - 0.085099*omega**2 - 6.8e-5*omega*theta**2 + 0.001497*omega*theta - 0.010274*omega - 4.0e-6*theta**3 + 0.000138*theta**2 - 0.001608*theta + 0.006404
    Diffusion: theta=1.413248e-04, omega=6.167013e-06

--- Chunk 47331 (32/220) | Start: 2025-02-04 23:50:00 ---
    RMSE omega (GP): 0.003216 | RMSE omega (Sim): 0.075502
    Loss: 108.6342 | Epoch: 5331
    Eq omega: -0.119931 + -1.32917theta + 0.06239omega + 1.42266theta^2 + 0.16829theta omega + 0.17141omega^2 + -1.45722theta^3 + 0.31168theta^2 omega + 0.09056theta omega^2 + -0.02331omega^3
    Eq omega Phys: -0.164857*omega**3 + 0.021349*omega**2*theta + 0.08929*omega**2 + 0.002449*omega*theta**2 + 0.004115*omega*theta + 0.003051*omega - 0.000382*theta**3 + 0.000442*theta**2 - 0.001133*theta - 0.000641
    Diffusion: theta=1.033357e-04, omega=7.664071e-06

--- Chunk 47332 (33/220) | Start: 2025-02-04 23:55:00 ---
    RMSE omega (GP): nan | RMSE omega (Sim): nan
    Loss: 411.8222 | Epoch: 1892
    Eq omega: nan1 + nantheta + nanomega + nantheta^2 + nantheta omega + nanomega^2 + nantheta^3 + nantheta^2 omega + nantheta omega^2 + nanomega^3
    Eq omega Phys: N/A
    Diffusion: theta=nan, omega=nan

--- Chunk 47333 (34/220) | Start: 2025-02-05 00:00:00 ---
    RMSE omega (GP): nan | RMSE omega (Sim): nan
    Loss: 64187.5078 | Epoch: 1733
    Eq omega: nan1 + nantheta + nanomega + nantheta^2 + nantheta omega + nanomega^2 + nantheta^3 + nantheta^2 omega + nantheta omega^2 + nanomega^3
    Eq omega Phys: N/A
    Diffusion: theta=nan, omega=nan

--- Chunk 47334 (35/220) | Start: 2025-02-05 00:05:00 ---
    RMSE omega (GP): nan | RMSE omega (Sim): nan
    Loss: 43549.6289 | Epoch: 1446
    Eq omega: nan1 + nantheta + nanomega + nantheta^2 + nantheta omega + nanomega^2 + nantheta^3 + nantheta^2 omega + nantheta omega^2 + nanomega^3
    Eq omega Phys: N/A
    Diffusion: theta=nan, omega=nan

--- Chunk 47335 (36/220) | Start: 2025-02-05 00:10:00 ---
    RMSE omega (GP): nan | RMSE omega (Sim): nan
    Loss: 3201747.5000 | Epoch: 888
    Eq omega: nan1 + nantheta + nanomega + nantheta^2 + nantheta omega + nanomega^2 + nantheta^3 + nantheta^2 omega + nantheta omega^2 + nanomega^3
    Eq omega Phys: N/A
    Diffusion: theta=nan, omega=nan

--- Chunk 47336 (37/220) | Start: 2025-02-05 00:15:00 ---
    RMSE omega (GP): 0.014027 | RMSE omega (Sim): 0.048531
    Loss: 6777.0103 | Epoch: 1347
    Eq omega: -0.007541 + 0.00172theta + -0.01100omega + 0.00010theta^2 + 0.00017theta omega + -0.00326omega^2 + 0.00001theta^3 + 0.00002theta^2 omega + 0.00002theta omega^2 + 0.00001omega^3
    Eq omega Phys: 0.000206*omega**3 + 1.4e-5*omega**2*theta - 0.003068*omega**2 - 2.0e-5*omega*theta - 0.000167*omega - 0.e-6*theta**2 + 1.3e-5*theta - 0.00014
    Diffusion: theta=nan, omega=nan

--- Chunk 47337 (38/220) | Start: 2025-02-05 00:20:00 ---
    RMSE omega (GP): 0.003948 | RMSE omega (Sim): 0.074811
    Loss: 110.4581 | Epoch: 9999
    Eq omega: 0.014941 + -0.00371theta + -0.06216omega + -0.02574theta^2 + -0.00670theta omega + 0.03664omega^2 + -0.00489theta^3 + -0.00054theta^2 omega + 0.02807theta omega^2 + -0.00187omega^3
    Eq omega Phys: -0.008821*omega**3 + 0.004413*omega**2*theta - 0.067571*omega**2 - 3.0e-6*omega*theta**2 + 1.7e-5*omega*theta - 0.001404*omega - 0.e-6*theta**3 + 3.6e-5*theta**2 - 0.000469*theta + 0.001693
    Diffusion: theta=1.064714e-04, omega=1.071420e-05

--- Chunk 47338 (39/220) | Start: 2025-02-05 00:25:00 ---
    RMSE omega (GP): 0.003774 | RMSE omega (Sim): 0.109948
    Loss: 109.0674 | Epoch: 7257
    Eq omega: -0.026281 + -1.28641theta + 0.04927omega + 0.13077theta^2 + 0.16976theta omega + 0.03466omega^2 + 0.00264theta^3 + 0.02514theta^2 omega + 0.01829theta omega^2 + 0.06832omega^3
    Eq omega Phys: 0.35433*omega**3 + 0.003162*omega**2*theta + 0.019307*omega**2 + 0.000145*omega*theta**2 + 0.002801*omega*theta + 0.005632*omega + 1.0e-6*theta**3 + 6.3e-5*theta**2 - 0.001239*theta - 0.002137
    Diffusion: theta=3.670944e-05, omega=1.052834e-05

--- Chunk 47339 (40/220) | Start: 2025-02-05 00:30:00 ---
    RMSE omega (GP): nan | RMSE omega (Sim): nan
    Loss: 10505.3604 | Epoch: 1467
    Eq omega: nan1 + nantheta + nanomega + nantheta^2 + nantheta omega + nanomega^2 + nantheta^3 + nantheta^2 omega + nantheta omega^2 + nanomega^3
    Eq omega Phys: N/A
    Diffusion: theta=nan, omega=nan

--- Chunk 47340 (41/220) | Start: 2025-02-05 00:35:00 ---
    RMSE omega (GP): nan | RMSE omega (Sim): nan
    Loss: 415678.6875 | Epoch: 817
    Eq omega: nan1 + nantheta + nanomega + nantheta^2 + nantheta omega + nanomega^2 + nantheta^3 + nantheta^2 omega + nantheta omega^2 + nanomega^3
    Eq omega Phys: N/A
    Diffusion: theta=nan, omega=nan

--- Chunk 47341 (42/220) | Start: 2025-02-05 00:40:00 ---
    RMSE omega (GP): nan | RMSE omega (Sim): nan
    Loss: 59053.9102 | Epoch: 774
    Eq omega: nan1 + nantheta + nanomega + nantheta^2 + nantheta omega + nanomega^2 + nantheta^3 + nantheta^2 omega + nantheta omega^2 + nanomega^3
    Eq omega Phys: N/A
    Diffusion: theta=nan, omega=nan

--- Chunk 47342 (43/220) | Start: 2025-02-05 00:45:00 ---
    RMSE omega (GP): nan | RMSE omega (Sim): nan
    Loss: 5637.8965 | Epoch: 1036
    Eq omega: nan1 + nantheta + nanomega + nantheta^2 + nantheta omega + nanomega^2 + nantheta^3 + nantheta^2 omega + nantheta omega^2 + nanomega^3
    Eq omega Phys: N/A
    Diffusion: theta=nan, omega=nan

--- Chunk 47343 (44/220) | Start: 2025-02-05 00:50:00 ---
    RMSE omega (GP): nan | RMSE omega (Sim): nan
    Loss: 18066.0312 | Epoch: 1064
    Eq omega: nan1 + nantheta + nanomega + nantheta^2 + nantheta omega + nanomega^2 + nantheta^3 + nantheta^2 omega + nantheta omega^2 + nanomega^3
    Eq omega Phys: N/A
    Diffusion: theta=nan, omega=nan

--- Chunk 47344 (45/220) | Start: 2025-02-05 00:55:00 ---
    RMSE omega (GP): 0.003376 | RMSE omega (Sim): 0.085795
    Loss: 80.6515 | Epoch: 9999
    Eq omega: -0.093251 + -0.56841theta + 0.03305omega + 0.07429theta^2 + 0.06822theta omega + -0.08171omega^2 + -0.05828theta^3 + 0.09504theta^2 omega + 0.03114theta omega^2 + 0.00073omega^3
    Eq omega Phys: 0.003522*omega**3 + 0.005008*omega**2*theta - 0.036402*omega**2 + 0.00051*omega*theta**2 + 0.000173*omega*theta + 0.000708*omega - 1.0e-5*theta**3 + 5.6e-5*theta**2 - 0.000696*theta + 0.000221
    Diffusion: theta=6.380731e-05, omega=8.881249e-06

--- Chunk 47345 (46/220) | Start: 2025-02-05 01:00:00 ---
    RMSE omega (GP): nan | RMSE omega (Sim): nan
    Loss: 10928.1660 | Epoch: 1056
    Eq omega: nan1 + nantheta + nanomega + nantheta^2 + nantheta omega + nanomega^2 + nantheta^3 + nantheta^2 omega + nantheta omega^2 + nanomega^3
    Eq omega Phys: N/A
    Diffusion: theta=nan, omega=nan

--- Chunk 47346 (47/220) | Start: 2025-02-05 01:05:00 ---
    RMSE omega (GP): 0.005448 | RMSE omega (Sim): 0.054292
    Loss: 43.4261 | Epoch: 9999
    Eq omega: -0.002501 + -0.02554theta + 0.01543omega + -0.12249theta^2 + -0.12445theta omega + -0.00710omega^2 + -0.04826theta^3 + -0.00164theta^2 omega + -0.01746theta omega^2 + 0.00680omega^3
    Eq omega Phys: 0.00706*omega**3 - 0.000604*omega**2*theta + 0.008052*omega**2 - 2.0e-6*omega*theta**2 - 0.000713*omega*theta + 0.01203*omega - 2.0e-6*theta**3 + 6.1e-5*theta**2 - 0.000583*theta + 0.00126
    Diffusion: theta=6.990912e-04, omega=9.084730e-06

--- Chunk 47347 (48/220) | Start: 2025-02-05 01:10:00 ---
    RMSE omega (GP): nan | RMSE omega (Sim): nan
    Loss: 15203.4512 | Epoch: 1279
    Eq omega: nan1 + nantheta + nanomega + nantheta^2 + nantheta omega + nanomega^2 + nantheta^3 + nantheta^2 omega + nantheta omega^2 + nanomega^3
    Eq omega Phys: N/A
    Diffusion: theta=nan, omega=nan

--- Chunk 47348 (49/220) | Start: 2025-02-05 01:15:00 ---
    RMSE omega (GP): 0.003869 | RMSE omega (Sim): 0.084227
    Loss: 115.6326 | Epoch: 9999
    Eq omega: 0.023441 + -0.00775theta + -0.01076omega + -0.01311theta^2 + 0.00065theta omega + 0.00002omega^2 + -0.00000theta^3 + 0.00003theta^2 omega + -0.00011theta omega^2 + 0.00151omega^3
    Eq omega Phys: 0.007597*omega**3 - 1.8e-5*omega**2*theta - 0.00023*omega**2 + 1.3e-5*omega*theta - 0.000216*omega - 6.0e-6*theta**2 - 0.000163*theta - 0.001041
    Diffusion: theta=3.988846e-04, omega=6.005856e-06

--- Chunk 47349 (50/220) | Start: 2025-02-05 01:20:00 ---
    RMSE omega (GP): 0.007289 | RMSE omega (Sim): 0.059249
    Loss: 949.3459 | Epoch: 9999
    Eq omega: -0.053871 + -0.00082theta + 0.01252omega + -0.00003theta^2 + -0.00102theta omega + 0.00075omega^2 + 0.00014theta^3 + -0.00262theta^2 omega + 0.00146theta omega^2 + -0.00009omega^3
    Eq omega Phys: -0.001009*omega**3 + 0.000545*omega**2*theta + 0.012749*omega**2 - 3.3e-5*omega*theta**2 - 0.001491*omega*theta - 0.016614*omega + 4.0e-6*theta**2 + 8.7e-5*theta + 0.000536
    Diffusion: theta=4.096631e-04, omega=4.896167e-06

  [Progress 50/220] Mean RMSE omega (GP): 0.004542 | (Sim): 0.162805 | Mean loss: 78816.6176 | Valid GP: 37/50 | Valid Sim: 31/50 | Elapsed: 123.7min | ETA: 420.7min

--- Chunk 47350 (51/220) | Start: 2025-02-05 01:25:00 ---
    RMSE omega (GP): nan | RMSE omega (Sim): nan
    Loss: 10625.8389 | Epoch: 1241
    Eq omega: nan1 + nantheta + nanomega + nantheta^2 + nantheta omega + nanomega^2 + nantheta^3 + nantheta^2 omega + nantheta omega^2 + nanomega^3
    Eq omega Phys: N/A
    Diffusion: theta=nan, omega=nan

--- Chunk 47351 (52/220) | Start: 2025-02-05 01:30:00 ---
    RMSE omega (GP): 0.003995 | RMSE omega (Sim): nan
    Loss: 118.8167 | Epoch: 9999
    Eq omega: 0.007731 + -0.00359theta + -0.02145omega + -0.00113theta^2 + -0.00346theta omega + -0.00462omega^2 + -0.00024theta^3 + 0.00241theta^2 omega + -0.00007theta omega^2 + 0.00416omega^3
    Eq omega Phys: 0.020269*omega**3 - 1.1e-5*omega**2*theta - 0.002059*omega**2 + 1.3e-5*omega*theta**2 + 0.000405*omega*theta + 0.002388*omega - 3.0e-6*theta**2 - 6.0e-5*theta - 0.000424
    Diffusion: theta=2.644731e-04, omega=7.941770e-06

--- Chunk 47352 (53/220) | Start: 2025-02-05 01:35:00 ---
    RMSE omega (GP): 0.003061 | RMSE omega (Sim): 0.085053
    Loss: 68.8141 | Epoch: 7211
    Eq omega: -0.069791 + -0.53619theta + 0.02078omega + 0.01051theta^2 + 0.05682theta omega + -0.00432omega^2 + -0.14671theta^3 + -0.16708theta^2 omega + -0.07968theta omega^2 + 0.02714omega^3
    Eq omega Phys: 0.135736*omega**3 - 0.013284*omega**2*theta + 0.0707*omega**2 - 0.000928*omega*theta**2 + 0.010903*omega*theta - 0.031156*omega - 2.7e-5*theta**3 + 0.00045*theta**2 - 0.003074*theta + 0.007614
    Diffusion: theta=1.331617e-04, omega=9.039973e-06

--- Chunk 47353 (54/220) | Start: 2025-02-05 01:40:00 ---
    RMSE omega (GP): 0.003018 | RMSE omega (Sim): nan
    Loss: 61.0601 | Epoch: 9999
    Eq omega: 0.042561 + -0.04990theta + 0.14263omega + 0.02874theta^2 + -0.01072theta omega + 0.02261omega^2 + -0.05021theta^3 + 0.01961theta^2 omega + -0.00051theta omega^2 + 0.02245omega^3
    Eq omega Phys: 0.10478*omega**3 - 7.9e-5*omega**2*theta + 0.008539*omega**2 + 0.000102*omega*theta**2 + 0.00083*omega*theta + 0.006398*omega - 9.0e-6*theta**3 - 0.000112*theta**2 - 0.000528*theta - 0.000801
    Diffusion: theta=3.564282e-05, omega=7.398297e-06

--- Chunk 47354 (55/220) | Start: 2025-02-05 01:45:00 ---
    RMSE omega (GP): 0.003427 | RMSE omega (Sim): 0.087070
    Loss: 140.6302 | Epoch: 9999
    Eq omega: -0.025711 + 0.00226theta + -0.00373omega + -0.00114theta^2 + -0.00204theta omega + 0.00905omega^2 + -0.00034theta^3 + -0.00027theta^2 omega + -0.00552theta omega^2 + 0.00080omega^3
    Eq omega Phys: 0.006339*omega**3 - 0.001458*omega**2*theta + 0.014389*omega**2 - 2.0e-6*omega*theta**2 - 3.0e-6*omega*theta + 3.0e-6*omega + 1.0e-6*theta**2 - 2.0e-6*theta - 7.2e-5
    Diffusion: theta=1.348761e-04, omega=6.373471e-06

--- Chunk 47355 (56/220) | Start: 2025-02-05 01:50:00 ---
    RMSE omega (GP): nan | RMSE omega (Sim): nan
    Loss: 942.9277 | Epoch: 2048
    Eq omega: nan1 + nantheta + nanomega + nantheta^2 + nantheta omega + nanomega^2 + nantheta^3 + nantheta^2 omega + nantheta omega^2 + nanomega^3
    Eq omega Phys: N/A
    Diffusion: theta=nan, omega=nan

--- Chunk 47356 (57/220) | Start: 2025-02-05 01:55:00 ---
    RMSE omega (GP): 0.004960 | RMSE omega (Sim): 0.077353
    Loss: 136.4589 | Epoch: 9999
    Eq omega: -0.001671 + -0.00476theta + -0.00421omega + 0.01378theta^2 + 0.00318theta omega + 0.00331omega^2 + -0.00016theta^3 + -0.00048theta^2 omega + 0.00027theta omega^2 + 0.00088omega^3
    Eq omega Phys: 0.003114*omega**3 + 3.2e-5*omega**2*theta + 0.001794*omega**2 - 2.0e-6*omega*theta**2 - 4.1e-5*omega*theta - 0.000193*omega + 4.0e-6*theta**2 + 0.000185*theta + 0.001939
    Diffusion: theta=4.712232e-04, omega=7.304605e-06

--- Chunk 47357 (58/220) | Start: 2025-02-05 02:00:00 ---
    RMSE omega (GP): nan | RMSE omega (Sim): nan
    Loss: 16351.2158 | Epoch: 932
    Eq omega: nan1 + nantheta + nanomega + nantheta^2 + nantheta omega + nanomega^2 + nantheta^3 + nantheta^2 omega + nantheta omega^2 + nanomega^3
    Eq omega Phys: N/A
    Diffusion: theta=nan, omega=nan

--- Chunk 47358 (59/220) | Start: 2025-02-05 02:05:00 ---
    RMSE omega (GP): 0.003466 | RMSE omega (Sim): nan
    Loss: 80.7755 | Epoch: 7423
    Eq omega: -0.179401 + -0.39463theta + -0.05797omega + 0.26485theta^2 + 0.01299theta omega + -0.28246omega^2 + -0.07610theta^3 + 0.03659theta^2 omega + 0.25264theta omega^2 + -0.04956omega^3
    Eq omega Phys: -0.229427*omega**3 + 0.038985*omega**2*theta + 0.083602*omega**2 + 0.000188*omega*theta**2 + 0.002049*omega*theta + 0.003604*omega - 1.3e-5*theta**3 - 8.0e-5*theta**2 - 0.00026*theta - 0.001438
    Diffusion: theta=2.346716e-04, omega=7.530793e-06

--- Chunk 47359 (60/220) | Start: 2025-02-05 02:10:00 ---
    RMSE omega (GP): 0.003734 | RMSE omega (Sim): 0.156780
    Loss: 111.5370 | Epoch: 9999
    Eq omega: 0.005251 + -0.00275theta + 0.22726omega + -0.00145theta^2 + -0.02911theta omega + -0.01424omega^2 + -0.00119theta^3 + -0.00378theta^2 omega + -0.00059theta omega^2 + 0.00825omega^3
    Eq omega Phys: 0.04334*omega**3 - 0.000103*omega**2*theta - 0.005405*omega**2 - 2.2e-5*omega*theta**2 - 0.000169*omega*theta + 0.009119*omega + 3.0e-6*theta**2 - 1.6e-5*theta + 4.7e-5
    Diffusion: theta=2.002587e-04, omega=8.840050e-06

--- Chunk 47360 (61/220) | Start: 2025-02-05 02:15:00 ---
    RMSE omega (GP): nan | RMSE omega (Sim): nan
    Loss: 21422.2441 | Epoch: 1274
    Eq omega: nan1 + nantheta + nanomega + nantheta^2 + nantheta omega + nanomega^2 + nantheta^3 + nantheta^2 omega + nantheta omega^2 + nanomega^3
    Eq omega Phys: N/A
    Diffusion: theta=nan, omega=nan

--- Chunk 47361 (62/220) | Start: 2025-02-05 02:20:00 ---
    RMSE omega (GP): 0.004211 | RMSE omega (Sim): 0.096692
    Loss: 100.1299 | Epoch: 9999
    Eq omega: -0.477921 + -0.13541theta + 0.07627omega + -0.00856theta^2 + 0.00649theta omega + -0.02213omega^2 + -0.00016theta^3 + -0.00642theta^2 omega + -0.07957theta omega^2 + 0.00177omega^3
    Eq omega Phys: 0.006716*omega**3 - 0.010064*omega**2*theta - 0.00444*omega**2 - 2.7e-5*omega*theta**2 + 9.5e-5*omega*theta + 0.002513*omega - 3.0e-6*theta**2 - 0.000148*theta - 0.001442
    Diffusion: theta=2.550784e-04, omega=7.826083e-06

--- Chunk 47362 (63/220) | Start: 2025-02-05 02:25:00 ---
    RMSE omega (GP): 0.009107 | RMSE omega (Sim): 0.062698
    Loss: 375.3866 | Epoch: 2227
    Eq omega: 0.060991 + -0.07374theta + 0.01742omega + 0.00174theta^2 + -0.01598theta omega + 0.04433omega^2 + -0.00696theta^3 + -0.00906theta^2 omega + -0.01437theta omega^2 + -0.00278omega^3
    Eq omega Phys: -0.007855*omega**3 - 0.001353*omega**2*theta + 0.010496*omega**2 - 2.8e-5*omega*theta**2 - 0.000294*omega*theta + 5.5e-5*omega - 0.e-6*theta**3 - 4.0e-6*theta**2 - 9.1e-5*theta + 2.7e-5
    Diffusion: theta=nan, omega=nan

--- Chunk 47363 (64/220) | Start: 2025-02-05 02:30:00 ---
    RMSE omega (GP): nan | RMSE omega (Sim): nan
    Loss: 4175.5288 | Epoch: 823
    Eq omega: nan1 + nantheta + nanomega + nantheta^2 + nantheta omega + nanomega^2 + nantheta^3 + nantheta^2 omega + nantheta omega^2 + nanomega^3
    Eq omega Phys: N/A
    Diffusion: theta=nan, omega=nan

--- Chunk 47364 (65/220) | Start: 2025-02-05 02:35:00 ---
    RMSE omega (GP): 0.006230 | RMSE omega (Sim): 0.081564
    Loss: 172.9945 | Epoch: 9999
    Eq omega: 0.082411 + -0.01973theta + 0.03469omega + 0.00369theta^2 + -0.00024theta omega + 0.00327omega^2 + 0.00010theta^3 + 0.00051theta^2 omega + -0.00054theta omega^2 + 0.00098omega^3
    Eq omega Phys: 0.002862*omega**3 - 5.3e-5*omega**2*theta + 0.001316*omega**2 + 2.0e-6*omega*theta**2 - 2.1e-5*omega*theta + 0.001223*omega + 1.0e-6*theta**2 - 3.5e-5*theta + 0.000455
    Diffusion: theta=3.904498e-04, omega=7.067839e-06

--- Chunk 47365 (66/220) | Start: 2025-02-05 02:40:00 ---
    RMSE omega (GP): nan | RMSE omega (Sim): nan
    Loss: 360993.6250 | Epoch: 1428
    Eq omega: nan1 + nantheta + nanomega + nantheta^2 + nantheta omega + nanomega^2 + nantheta^3 + nantheta^2 omega + nantheta omega^2 + nanomega^3
    Eq omega Phys: N/A
    Diffusion: theta=nan, omega=nan

--- Chunk 47366 (67/220) | Start: 2025-02-05 02:45:00 ---
    RMSE omega (GP): nan | RMSE omega (Sim): nan
    Loss: 251871.9062 | Epoch: 1357
    Eq omega: nan1 + nantheta + nanomega + nantheta^2 + nantheta omega + nanomega^2 + nantheta^3 + nantheta^2 omega + nantheta omega^2 + nanomega^3
    Eq omega Phys: N/A
    Diffusion: theta=nan, omega=nan

--- Chunk 47367 (68/220) | Start: 2025-02-05 02:50:00 ---
    RMSE omega (GP): nan | RMSE omega (Sim): nan
    Loss: 134799.1875 | Epoch: 858
    Eq omega: nan1 + nantheta + nanomega + nantheta^2 + nantheta omega + nanomega^2 + nantheta^3 + nantheta^2 omega + nantheta omega^2 + nanomega^3
    Eq omega Phys: N/A
    Diffusion: theta=nan, omega=nan

--- Chunk 47368 (69/220) | Start: 2025-02-05 02:55:00 ---
    RMSE omega (GP): nan | RMSE omega (Sim): nan
    Loss: 428310.8438 | Epoch: 916
    Eq omega: nan1 + nantheta + nanomega + nantheta^2 + nantheta omega + nanomega^2 + nantheta^3 + nantheta^2 omega + nantheta omega^2 + nanomega^3
    Eq omega Phys: N/A
    Diffusion: theta=nan, omega=nan

--- Chunk 47369 (70/220) | Start: 2025-02-05 03:00:00 ---
    RMSE omega (GP): 0.003209 | RMSE omega (Sim): nan
    Loss: 141.0147 | Epoch: 9249
    Eq omega: 0.012191 + -0.00687theta + 0.00396omega + 0.00009theta^2 + 0.00137theta omega + 0.03481omega^2 + -0.00145theta^3 + -0.00429theta^2 omega + 0.00118theta omega^2 + 0.01322omega^3
    Eq omega Phys: 0.119636*omega**3 + 0.000356*omega**2*theta + 0.016615*omega**2 - 4.3e-5*omega*theta**2 + 0.000632*omega*theta - 0.002179*omega + 1.0e-5*theta**2 - 8.1e-5*theta + 0.00025
    Diffusion: theta=1.009561e-04, omega=6.924756e-06

--- Chunk 47370 (71/220) | Start: 2025-02-05 03:05:00 ---
    RMSE omega (GP): 0.003390 | RMSE omega (Sim): 0.104039
    Loss: 65.1498 | Epoch: 9285
    Eq omega: -0.108291 + 0.11824theta + 0.05055omega + -0.00310theta^2 + 0.18500theta omega + 0.19014omega^2 + -0.06424theta^3 + 0.03807theta^2 omega + 0.19026theta omega^2 + -0.02109omega^3
    Eq omega Phys: -0.083809*omega**3 + 0.025202*omega**2*theta + 0.28799*omega**2 + 0.000168*omega*theta**2 + 0.005163*omega*theta + 0.033838*omega - 9.0e-6*theta**3 - 0.000247*theta**2 - 0.002028*theta - 0.005471
    Diffusion: theta=9.207261e-05, omega=7.585777e-06

--- Chunk 47371 (72/220) | Start: 2025-02-05 03:10:00 ---
    RMSE omega (GP): 0.004085 | RMSE omega (Sim): 0.171870
    Loss: 85.8927 | Epoch: 9999
    Eq omega: -0.405911 + -0.33226theta + 0.28443omega + 0.64167theta^2 + -0.01348theta omega + -0.40529omega^2 + -0.14478theta^3 + -0.03356theta^2 omega + 0.05482theta omega^2 + 0.07766omega^3
    Eq omega Phys: 0.267978*omega**3 + 0.006305*omega**2*theta - 0.150968*omega**2 - 0.000129*omega*theta**2 + 0.000399*omega*theta + 0.009217*omega - 1.9e-5*theta**3 + 0.000361*theta**2 - 0.001661*theta + 0.000754
    Diffusion: theta=2.873818e-04, omega=9.385043e-06

--- Chunk 47372 (73/220) | Start: 2025-02-05 03:15:00 ---
    RMSE omega (GP): 0.004969 | RMSE omega (Sim): 0.059261
    Loss: 490.5423 | Epoch: 9999
    Eq omega: -0.009861 + -0.00582theta + -0.00647omega + 0.00064theta^2 + -0.00206theta omega + -0.00666omega^2 + -0.00001theta^3 + -0.00003theta^2 omega + -0.00105theta omega^2 + -0.00250omega^3
    Eq omega Phys: -0.032146*omega**3 - 0.00045*omega**2*theta + 0.002998*omega**2 - 3.1e-5*omega*theta + 0.000405*omega + 1.0e-6*theta**2 - 2.6e-5*theta + 0.000234
    Diffusion: theta=2.331567e-04, omega=5.861731e-06

--- Chunk 47373 (74/220) | Start: 2025-02-05 03:20:00 ---
    RMSE omega (GP): 0.004798 | RMSE omega (Sim): 0.047936
    Loss: 109.8187 | Epoch: 9459
    Eq omega: -0.005591 + -0.11318theta + 0.01021omega + -0.12378theta^2 + -0.00531theta omega + 0.18950omega^2 + -0.02158theta^3 + -0.07872theta^2 omega + -0.00355theta omega^2 + 0.05337omega^3
    Eq omega Phys: 0.173814*omega**3 - 0.000385*omega**2*theta + 0.062542*omega**2 - 0.000285*omega*theta**2 + 9.7e-5*omega*theta + 0.000335*omega - 3.0e-6*theta**3 - 4.3e-5*theta**2 - 0.000102*theta + 1.2e-5
    Diffusion: theta=1.735323e-04, omega=8.941938e-06

--- Chunk 47374 (75/220) | Start: 2025-02-05 03:25:00 ---
    RMSE omega (GP): 0.009383 | RMSE omega (Sim): 0.047259
    Loss: 718.2899 | Epoch: 9999
    Eq omega: 0.046291 + -0.04062theta + 0.00141omega + 0.00508theta^2 + -0.00355theta omega + -0.00134omega^2 + -0.00047theta^3 + 0.00022theta^2 omega + -0.00009theta omega^2 + -0.00268omega^3
    Eq omega Phys: -0.014201*omega**3 - 1.6e-5*omega**2*theta - 0.000326*omega**2 + 1.0e-6*omega*theta**2 - 8.8e-5*omega*theta + 0.001077*omega + 6.0e-6*theta**2 - 0.000177*theta + 0.001629
    Diffusion: theta=4.974609e-04, omega=5.257581e-06

--- Chunk 47375 (76/220) | Start: 2025-02-05 03:30:00 ---
    RMSE omega (GP): nan | RMSE omega (Sim): nan
    Loss: 29697.4551 | Epoch: 1218
    Eq omega: nan1 + nantheta + nanomega + nantheta^2 + nantheta omega + nanomega^2 + nantheta^3 + nantheta^2 omega + nantheta omega^2 + nanomega^3
    Eq omega Phys: N/A
    Diffusion: theta=nan, omega=nan

--- Chunk 47376 (77/220) | Start: 2025-02-05 03:35:00 ---
    RMSE omega (GP): 0.004641 | RMSE omega (Sim): 0.039363
    Loss: 575.0101 | Epoch: 9999
    Eq omega: -0.065841 + -0.04998theta + 0.03014omega + -0.01242theta^2 + 0.00026theta omega + -0.00250omega^2 + -0.00010theta^3 + 0.00008theta^2 omega + -0.00113theta omega^2 + -0.00136omega^3
    Eq omega Phys: -0.023224*omega**3 - 0.000643*omega**2*theta + 0.009655*omega**2 + 2.0e-6*omega*theta**2 - 4.8e-5*omega*theta + 0.001376*omega - 7.0e-6*theta**2 + 0.000257*theta - 0.002087
    Diffusion: theta=2.519714e-04, omega=5.020590e-06

--- Chunk 47377 (78/220) | Start: 2025-02-05 03:40:00 ---
    RMSE omega (GP): 0.004063 | RMSE omega (Sim): 0.101121
    Loss: 90.5777 | Epoch: 8038
    Eq omega: 0.406551 + -0.28303theta + 0.39746omega + 0.01964theta^2 + 0.05402theta omega + -0.04802omega^2 + -0.03401theta^3 + -0.17804theta^2 omega + -0.08906theta omega^2 + -0.01689omega^3
    Eq omega Phys: -0.064213*omega**3 - 0.011286*omega**2*theta - 0.053932*omega**2 - 0.000752*omega*theta**2 - 0.004268*omega*theta + 0.007329*omega - 5.0e-6*theta**3 - 3.9e-5*theta**2 - 0.000417*theta + 0.000159
    Diffusion: theta=1.860143e-04, omega=8.505208e-06

--- Chunk 47378 (79/220) | Start: 2025-02-05 03:45:00 ---
    RMSE omega (GP): 0.003980 | RMSE omega (Sim): 0.281803
    Loss: 315.7309 | Epoch: 9999
    Eq omega: 0.015221 + -0.00733theta + 0.04978omega + 0.00016theta^2 + 0.00163theta omega + 0.01498omega^2 + -0.00196theta^3 + -0.00007theta^2 omega + 0.00196theta omega^2 + 0.00269omega^3
    Eq omega Phys: 0.034789*omega**3 + 0.000845*omega**2*theta - 0.003593*omega**2 - 1.0e-6*omega*theta**2 + 6.8e-5*omega*theta + 0.000838*omega - 0.e-6*theta**3 + 4.5e-5*theta**2 - 0.000723*theta + 0.003953
    Diffusion: theta=1.654394e-04, omega=6.943032e-06

--- Chunk 47379 (80/220) | Start: 2025-02-05 03:50:00 ---
    RMSE omega (GP): 0.003017 | RMSE omega (Sim): 0.073508
    Loss: 68.9348 | Epoch: 5458
    Eq omega: 0.091871 + -0.84619theta + -0.13734omega + 0.07716theta^2 + 0.41556theta omega + 0.11498omega^2 + -0.44889theta^3 + -0.00464theta^2 omega + -0.11101theta omega^2 + -0.12459omega^3
    Eq omega Phys: -0.629878*omega**3 - 0.018707*omega**2*theta - 0.004655*omega**2 - 2.6e-5*omega*theta**2 + 0.005542*omega*theta + 0.010984*omega - 8.4e-5*theta**3 - 0.000664*theta**2 - 0.002683*theta - 0.003877
    Diffusion: theta=1.837554e-04, omega=1.203655e-05

--- Chunk 47380 (81/220) | Start: 2025-02-05 03:55:00 ---
    RMSE omega (GP): 0.003153 | RMSE omega (Sim): 0.164551
    Loss: 50.7854 | Epoch: 6900
    Eq omega: 0.040901 + -0.58885theta + 0.03272omega + -0.29618theta^2 + 0.03163theta omega + 0.29434omega^2 + -0.03448theta^3 + 0.00562theta^2 omega + 0.03464theta omega^2 + 0.00034omega^3
    Eq omega Phys: 0.001205*omega**3 + 0.004092*omega**2*theta + 0.076672*omega**2 + 2.2e-5*omega*theta**2 + 9.7e-5*omega*theta - 0.000286*omega - 5.0e-6*theta**3 - 3.2e-5*theta**2 + 0.000213*theta + 0.000966
    Diffusion: theta=1.627803e-04, omega=1.161337e-05

--- Chunk 47381 (82/220) | Start: 2025-02-05 04:00:00 ---
    RMSE omega (GP): 0.003609 | RMSE omega (Sim): 3.462065
    Loss: 113.9424 | Epoch: 8206
    Eq omega: -0.014601 + -0.01932theta + -0.14276omega + -0.09099theta^2 + 0.00441theta omega + 0.05817omega^2 + -0.01136theta^3 + 0.03497theta^2 omega + 0.00725theta omega^2 + -0.02961omega^3
    Eq omega Phys: -0.174536*omega**3 + 0.001425*omega**2*theta + 0.036005*omega**2 + 0.000229*omega*theta**2 + 0.003352*omega*theta + 0.007499*omega - 2.0e-6*theta**3 - 9.8e-5*theta**2 - 0.001048*theta - 0.003414
    Diffusion: theta=4.857106e-05, omega=1.052516e-05

--- Chunk 47382 (83/220) | Start: 2025-02-05 04:05:00 ---
 lsoda--  warning..internal t (=r1) and h (=r2) are  
       such that in the machine, t + h = t on the next step  
       (h = step size). solver will continue anyway  
      in above,  r1 =  0.3506384481833D+01   r2 =  0.1991267814515D-15
 lsoda--  warning..internal t (=r1) and h (=r2) are  
       such that in the machine, t + h = t on the next step  
       (h = step size). solver will continue anyway  
      in above,  r1 =  0.3506384481833D+01   r2 =  0.1991267814515D-15
 lsoda--  warning..internal t (=r1) and h (=r2) are  
       such that in the machine, t + h = t on the next step  
       (h = step size). solver will continue anyway  
      in above,  r1 =  0.3506384481833D+01   r2 =  0.1991267814515D-15
 lsoda--  warning..internal t (=r1) and h (=r2) are  
       such that in the machine, t + h = t on the next step  
       (h = step size). solver will continue anyway  
      in above,  r1 =  0.3506384481833D+01   r2 =  0.1636556085660D-15
 lsoda--  warning..internal t (=r1) and h (=r2) are  
       such that in the machine, t + h = t on the next step  
       (h = step size). solver will continue anyway  
      in above,  r1 =  0.3506384481833D+01   r2 =  0.1636556085660D-15
 lsoda--  warning..internal t (=r1) and h (=r2) are  
       such that in the machine, t + h = t on the next step  
       (h = step size). solver will continue anyway  
      in above,  r1 =  0.3506384481833D+01   r2 =  0.1636556085660D-15
 lsoda--  warning..internal t (=r1) and h (=r2) are  
       such that in the machine, t + h = t on the next step  
       (h = step size). solver will continue anyway  
      in above,  r1 =  0.3506384481833D+01   r2 =  0.1345030441368D-15
 lsoda--  warning..internal t (=r1) and h (=r2) are  
       such that in the machine, t + h = t on the next step  
       (h = step size). solver will continue anyway  
      in above,  r1 =  0.3506384481833D+01   r2 =  0.1345030441368D-15
 lsoda--  warning..internal t (=r1) and h (=r2) are  
       such that in the machine, t + h = t on the next step  
       (h = step size). solver will continue anyway  
      in above,  r1 =  0.3506384481833D+01   r2 =  0.1345030441368D-15
 lsoda--  warning..internal t (=r1) and h (=r2) are  
       such that in the machine, t + h = t on the next step  
       (h = step size). solver will continue anyway  
      in above,  r1 =  0.3506384481833D+01   r2 =  0.1105435314825D-15
 lsoda--  above warning has been issued i1 times.    
       it will not be issued again for this problem  
      in above message,  i1 =        10
 lsoda--  warning..internal t (=r1) and h (=r2) are  
       such that in the machine, t + h = t on the next step  
       (h = step size). solver will continue anyway  
      in above,  r1 =  0.6579011659020D+01   r2 =  0.4229652947594D-15
 lsoda--  warning..internal t (=r1) and h (=r2) are  
       such that in the machine, t + h = t on the next step  
       (h = step size). solver will continue anyway  
      in above,  r1 =  0.6579011659020D+01   r2 =  0.4229652947594D-15
 lsoda--  warning..internal t (=r1) and h (=r2) are  
       such that in the machine, t + h = t on the next step  
       (h = step size). solver will continue anyway  
      in above,  r1 =  0.6579011659020D+01   r2 =  0.4229652947594D-15
 lsoda--  warning..internal t (=r1) and h (=r2) are  
       such that in the machine, t + h = t on the next step  
       (h = step size). solver will continue anyway  
      in above,  r1 =  0.6579011659020D+01   r2 =  0.3476209652575D-15
 lsoda--  warning..internal t (=r1) and h (=r2) are  
       such that in the machine, t + h = t on the next step  
       (h = step size). solver will continue anyway  
      in above,  r1 =  0.6579011659020D+01   r2 =  0.3476209652575D-15
 lsoda--  warning..internal t (=r1) and h (=r2) are  
       such that in the machine, t + h = t on the next step  
       (h = step size). solver will continue anyway  
      in above,  r1 =  0.6579011659020D+01   r2 =  0.3476209652575D-15
 lsoda--  warning..internal t (=r1) and h (=r2) are  
       such that in the machine, t + h = t on the next step  
    RMSE omega (GP): 0.003664 | RMSE omega (Sim): nan
    Loss: 112.5693 | Epoch: 6860
    Eq omega: 0.038631 + -0.87251theta + 0.11262omega + 0.28246theta^2 + -0.01702theta omega + 0.00069omega^2 + -0.00286theta^3 + 0.00012theta^2 omega + -0.01192theta omega^2 + 0.01152omega^3
    Eq omega Phys: 0.065654*omega**3 - 0.002264*omega**2*theta + 0.006088*omega**2 + 1.0e-6*omega*theta**2 - 0.000251*omega*theta + 0.004391*omega - 0.e-6*theta**3 + 0.000141*theta**2 - 0.001681*theta + 0.00348
    Diffusion: theta=1.178665e-04, omega=8.477760e-06

--- Chunk 47383 (84/220) | Start: 2025-02-05 04:10:00 ---
    RMSE omega (GP): 0.005152 | RMSE omega (Sim): 0.142133
    Loss: 173.8921 | Epoch: 9999
    Eq omega: 0.005221 + -0.00039theta + 0.01280omega + 0.00206theta^2 + -0.00212theta omega + -0.00621omega^2 + -0.00201theta^3 + 0.00055theta^2 omega + -0.00068theta omega^2 + -0.00040omega^3
    Eq omega Phys: -0.001739*omega**3 - 9.9e-5*omega**2*theta - 0.001124*omega**2 + 3.0e-6*omega*theta**2 - 9.4e-5*omega*theta + 0.001186*omega + 1.3e-5*theta**2 - 0.000176*theta + 0.000804
    Diffusion: theta=2.910163e-04, omega=5.939590e-06

--- Chunk 47384 (85/220) | Start: 2025-02-05 04:15:00 ---
    RMSE omega (GP): 0.003330 | RMSE omega (Sim): 0.074126
    Loss: 135.8018 | Epoch: 5814
    Eq omega: 0.128721 + -0.30780theta + -0.15952omega + -0.01364theta^2 + 0.22663theta omega + -0.00285omega^2 + -0.14269theta^3 + -0.01756theta^2 omega + -0.00374theta omega^2 + -0.02283omega^3
    Eq omega Phys: -0.186018*omega**3 - 0.001016*omega**2*theta + 0.003402*omega**2 - 0.000159*omega*theta**2 + 0.005467*omega*theta - 0.027937*omega - 4.3e-5*theta**3 + 0.000614*theta**2 - 0.003256*theta + 0.006532
    Diffusion: theta=3.123219e-05, omega=9.674394e-06

--- Chunk 47385 (86/220) | Start: 2025-02-05 04:20:00 ---
    RMSE omega (GP): 0.003127 | RMSE omega (Sim): 0.067418
    Loss: 225.8764 | Epoch: 6685
    Eq omega: 0.023281 + -0.15510theta + 0.02551omega + 0.02009theta^2 + 0.03730theta omega + -0.00580omega^2 + -0.01785theta^3 + -0.01383theta^2 omega + 0.02311theta omega^2 + 0.00642omega^3
    Eq omega Phys: 0.098783*omega**3 + 0.011853*omega**2*theta - 0.019829*omega**2 - 0.000236*omega*theta**2 + 0.001516*omega*theta - 0.000741*omega - 1.0e-5*theta**3 + 5.6e-5*theta**2 - 0.000268*theta + 0.000316
    Diffusion: theta=6.850804e-05, omega=5.783027e-06

--- Chunk 47386 (87/220) | Start: 2025-02-05 04:25:00 ---
    RMSE omega (GP): 0.003210 | RMSE omega (Sim): 0.067441
    Loss: 77.5020 | Epoch: 9867
    Eq omega: 0.038751 + 0.03971theta + 0.08969omega + -0.39708theta^2 + -0.01843theta omega + 0.74744omega^2 + -0.09073theta^3 + -0.00024theta^2 omega + 0.13705theta omega^2 + -0.01109omega^3
    Eq omega Phys: -0.058213*omega**3 + 0.02398*omega**2*theta + 0.355557*omega**2 - 1.0e-6*omega*theta**2 - 0.000262*omega*theta + 0.002525*omega - 1.8e-5*theta**3 - 0.000279*theta**2 - 0.000786*theta - 0.00051
    Diffusion: theta=7.048274e-05, omega=6.706515e-06

--- Chunk 47387 (88/220) | Start: 2025-02-05 04:30:00 ---
    RMSE omega (GP): 0.004392 | RMSE omega (Sim): 0.086154
    Loss: 67.6573 | Epoch: 6970
    Eq omega: 0.050701 + -0.22378theta + 0.01536omega + 0.45515theta^2 + -0.01502theta omega + -0.40437omega^2 + -0.26084theta^3 + 0.00062theta^2 omega + 0.37111theta omega^2 + -0.18084omega^3
    Eq omega Phys: -0.45691*omega**3 + 0.031255*omega**2*theta + 0.135868*omega**2 + 2.0e-6*omega*theta**2 - 0.000117*omega*theta - 0.000551*omega - 2.4e-5*theta**3 - 0.000446*theta**2 - 0.002677*theta - 0.005167
    Diffusion: theta=1.073674e-04, omega=1.252680e-05

--- Chunk 47388 (89/220) | Start: 2025-02-05 04:35:00 ---
    RMSE omega (GP): nan | RMSE omega (Sim): nan
    Loss: 1045.4554 | Epoch: 2307
    Eq omega: nan1 + nantheta + nanomega + nantheta^2 + nantheta omega + nanomega^2 + nantheta^3 + nantheta^2 omega + nantheta omega^2 + nanomega^3
    Eq omega Phys: N/A
    Diffusion: theta=nan, omega=nan

--- Chunk 47389 (90/220) | Start: 2025-02-05 04:40:00 ---
    RMSE omega (GP): 0.004069 | RMSE omega (Sim): 0.050024
    Loss: 359.6209 | Epoch: 9999
    Eq omega: 0.021941 + -0.00320theta + -0.00700omega + 0.00046theta^2 + -0.00374theta omega + -0.04204omega^2 + -0.00017theta^3 + 0.00071theta^2 omega + -0.00180theta omega^2 + -0.00307omega^3
    Eq omega Phys: -0.043685*omega**3 - 0.000854*omega**2*theta - 0.020006*omega**2 + 1.1e-5*omega*theta**2 - 0.000321*omega*theta + 0.001899*omega + 3.0e-6*theta**2 - 4.0e-5*theta + 0.000214
    Diffusion: theta=1.711416e-04, omega=5.789154e-06

--- Chunk 47390 (91/220) | Start: 2025-02-05 04:45:00 ---
    RMSE omega (GP): nan | RMSE omega (Sim): nan
    Loss: 55322.7148 | Epoch: 892
    Eq omega: nan1 + nantheta + nanomega + nantheta^2 + nantheta omega + nanomega^2 + nantheta^3 + nantheta^2 omega + nantheta omega^2 + nanomega^3
    Eq omega Phys: N/A
    Diffusion: theta=nan, omega=nan

--- Chunk 47391 (92/220) | Start: 2025-02-05 04:50:00 ---
    RMSE omega (GP): 0.004609 | RMSE omega (Sim): 0.061668
    Loss: 171.5113 | Epoch: 9999
    Eq omega: -0.028471 + -0.11390theta + -0.00778omega + -0.02869theta^2 + -0.01903theta omega + -0.00537omega^2 + -0.00014theta^3 + -0.00507theta^2 omega + 0.00100theta omega^2 + 0.00679omega^3
    Eq omega Phys: 0.034884*omega**3 + 0.000171*omega**2*theta - 0.004787*omega**2 - 2.9e-5*omega*theta**2 + 0.000604*omega*theta - 0.00282*omega - 1.2e-5*theta**2 + 0.000251*theta - 0.001051
    Diffusion: theta=4.550309e-04, omega=8.843893e-06

--- Chunk 47392 (93/220) | Start: 2025-02-05 04:55:00 ---
    RMSE omega (GP): 0.003981 | RMSE omega (Sim): 0.106088
    Loss: 50.8390 | Epoch: 9999
    Eq omega: -0.599911 + 0.04499theta + 0.04403omega + 0.63805theta^2 + 0.00244theta omega + -0.04006omega^2 + -0.24326theta^3 + -0.07225theta^2 omega + 0.01290theta omega^2 + 0.02025omega^3
    Eq omega Phys: 0.045496*omega**3 + 0.000966*omega**2*theta - 0.003682*omega**2 - 0.00018*omega*theta**2 - 0.002696*omega*theta - 0.008608*omega - 2.0e-5*theta**3 - 0.000264*theta**2 - 0.000475*theta + 0.000296
    Diffusion: theta=2.795980e-04, omega=9.482700e-06

--- Chunk 47393 (94/220) | Start: 2025-02-05 05:00:00 ---
    RMSE omega (GP): 0.002957 | RMSE omega (Sim): nan
    Loss: 76.2228 | Epoch: 6026
    Eq omega: 0.192571 + 0.36335theta + 0.00303omega + -1.06205theta^2 + 0.04402theta omega + -0.03354omega^2 + -0.92918theta^3 + 0.11769theta^2 omega + 0.56884theta omega^2 + -0.00045omega^3
    Eq omega Phys: -0.00266*omega**3 + 0.112075*omega**2*theta - 0.364778*omega**2 + 0.000773*omega*theta**2 - 0.004175*omega*theta + 0.005601*omega - 0.000203*theta**3 + 0.001381*theta**2 - 0.002273*theta + 0.000306
    Diffusion: theta=8.627581e-05, omega=7.571424e-06

--- Chunk 47394 (95/220) | Start: 2025-02-05 05:05:00 ---
    RMSE omega (GP): 0.002986 | RMSE omega (Sim): 0.066821
    Loss: 107.6613 | Epoch: 6575
    Eq omega: -0.019851 + -0.01322theta + -0.02847omega + -0.00831theta^2 + -0.19698theta omega + -0.17068omega^2 + -0.17504theta^3 + -0.01693theta^2 omega + 0.06250theta omega^2 + -0.11091omega^3
    Eq omega Phys: -0.896429*omega**3 + 0.016839*omega**2*theta - 0.137317*omega**2 - 0.000152*omega*theta**2 - 0.002528*omega*theta + 0.00764*omega - 5.2e-5*theta**3 + 0.00045*theta**2 - 0.001303*theta + 0.001229
    Diffusion: theta=6.726839e-05, omega=8.218073e-06

--- Chunk 47395 (96/220) | Start: 2025-02-05 05:10:00 ---
    RMSE omega (GP): 0.003407 | RMSE omega (Sim): 0.080498
    Loss: 96.5684 | Epoch: 9999
    Eq omega: -0.005501 + -0.00416theta + 0.00701omega + 0.00378theta^2 + 0.00224theta omega + 0.02788omega^2 + -0.00226theta^3 + -0.00009theta^2 omega + 0.00000theta omega^2 + 0.00578omega^3
    Eq omega Phys: 0.031808*omega**3 + 0.011941*omega**2 - 0.e-6*omega*theta**2 + 4.0e-5*omega*theta - 1.9e-5*omega + 1.2e-5*theta**2 - 9.9e-5*theta + 0.00027
    Diffusion: theta=1.924205e-04, omega=7.925228e-06

--- Chunk 47396 (97/220) | Start: 2025-02-05 05:15:00 ---
    RMSE omega (GP): nan | RMSE omega (Sim): nan
    Loss: 29091.8027 | Epoch: 1107
    Eq omega: nan1 + nantheta + nanomega + nantheta^2 + nantheta omega + nanomega^2 + nantheta^3 + nantheta^2 omega + nantheta omega^2 + nanomega^3
    Eq omega Phys: N/A
    Diffusion: theta=nan, omega=nan

--- Chunk 47397 (98/220) | Start: 2025-02-05 05:20:00 ---
    RMSE omega (GP): nan | RMSE omega (Sim): nan
    Loss: 44280.1172 | Epoch: 760
    Eq omega: nan1 + nantheta + nanomega + nantheta^2 + nantheta omega + nanomega^2 + nantheta^3 + nantheta^2 omega + nantheta omega^2 + nanomega^3
    Eq omega Phys: N/A
    Diffusion: theta=nan, omega=nan

--- Chunk 47398 (99/220) | Start: 2025-02-05 05:25:00 ---
    RMSE omega (GP): 0.003757 | RMSE omega (Sim): 0.097142
    Loss: 101.0302 | Epoch: 9999
    Eq omega: -0.100451 + 0.02061theta + -0.08234omega + 0.05771theta^2 + -0.09239theta omega + -0.12808omega^2 + -0.11231theta^3 + 0.10689theta^2 omega + 0.04193theta omega^2 + -0.18919omega^3
    Eq omega Phys: -0.918328*omega**3 + 0.006784*omega**2*theta - 0.022343*omega**2 + 0.000576*omega*theta**2 + 0.00372*omega*theta + 0.00259*omega - 2.0e-5*theta**3 - 0.000235*theta**2 - 0.000876*theta - 0.001308
    Diffusion: theta=1.727893e-04, omega=7.982376e-06

--- Chunk 47399 (100/220) | Start: 2025-02-05 05:30:00 ---
    RMSE omega (GP): 0.004112 | RMSE omega (Sim): 0.078484
    Loss: 82.5231 | Epoch: 9992
    Eq omega: 0.020351 + -0.03252theta + 0.05059omega + 0.02209theta^2 + -0.00386theta omega + 0.00607omega^2 + -0.00041theta^3 + -0.00047theta^2 omega + -0.00599theta omega^2 + 0.00304omega^3
    Eq omega Phys: 0.010178*omega**3 - 0.000668*omega**2*theta + 0.005781*omega**2 - 2.0e-6*omega*theta**2 - 2.3e-5*omega*theta + 0.001873*omega + 9.0e-6*theta**2 - 0.000133*theta + 0.000538
    Diffusion: theta=2.323928e-04, omega=7.180184e-06

  [Progress 100/220] Mean RMSE omega (GP): 0.004360 | (Sim): 0.184015 | Mean loss: 53357.9331 | Valid GP: 73/100 | Valid Sim: 61/100 | Elapsed: 252.6min | ETA: 303.1min

--- Chunk 47400 (101/220) | Start: 2025-02-05 05:35:00 ---
    RMSE omega (GP): nan | RMSE omega (Sim): nan
    Loss: 19062.2031 | Epoch: 1018
    Eq omega: nan1 + nantheta + nanomega + nantheta^2 + nantheta omega + nanomega^2 + nantheta^3 + nantheta^2 omega + nantheta omega^2 + nanomega^3
    Eq omega Phys: N/A
    Diffusion: theta=nan, omega=nan

--- Chunk 47401 (102/220) | Start: 2025-02-05 05:40:00 ---
    RMSE omega (GP): nan | RMSE omega (Sim): nan
    Loss: 12491.3438 | Epoch: 916
    Eq omega: nan1 + nantheta + nanomega + nantheta^2 + nantheta omega + nanomega^2 + nantheta^3 + nantheta^2 omega + nantheta omega^2 + nanomega^3
    Eq omega Phys: N/A
    Diffusion: theta=nan, omega=nan

--- Chunk 47402 (103/220) | Start: 2025-02-05 05:45:00 ---
    RMSE omega (GP): nan | RMSE omega (Sim): nan
    Loss: 15022.7969 | Epoch: 1019
    Eq omega: nan1 + nantheta + nanomega + nantheta^2 + nantheta omega + nanomega^2 + nantheta^3 + nantheta^2 omega + nantheta omega^2 + nanomega^3
    Eq omega Phys: N/A
    Diffusion: theta=nan, omega=nan

--- Chunk 47403 (104/220) | Start: 2025-02-05 05:50:00 ---
    RMSE omega (GP): nan | RMSE omega (Sim): nan
    Loss: 93149.9922 | Epoch: 778
    Eq omega: nan1 + nantheta + nanomega + nantheta^2 + nantheta omega + nanomega^2 + nantheta^3 + nantheta^2 omega + nantheta omega^2 + nanomega^3
    Eq omega Phys: N/A
    Diffusion: theta=nan, omega=nan

--- Chunk 47404 (105/220) | Start: 2025-02-05 05:55:00 ---
    RMSE omega (GP): nan | RMSE omega (Sim): nan
    Loss: 41451.6797 | Epoch: 1264
    Eq omega: nan1 + nantheta + nanomega + nantheta^2 + nantheta omega + nanomega^2 + nantheta^3 + nantheta^2 omega + nantheta omega^2 + nanomega^3
    Eq omega Phys: N/A
    Diffusion: theta=nan, omega=nan

--- Chunk 47405 (106/220) | Start: 2025-02-05 06:00:00 ---
    RMSE omega (GP): nan | RMSE omega (Sim): nan
    Loss: 39071.5195 | Epoch: 1429
    Eq omega: nan1 + nantheta + nanomega + nantheta^2 + nantheta omega + nanomega^2 + nantheta^3 + nantheta^2 omega + nantheta omega^2 + nanomega^3
    Eq omega Phys: N/A
    Diffusion: theta=nan, omega=nan

--- Chunk 47406 (107/220) | Start: 2025-02-05 06:05:00 ---
    RMSE omega (GP): 0.004020 | RMSE omega (Sim): 0.057562
    Loss: 81.2132 | Epoch: 9999
    Eq omega: -0.359201 + -0.10782theta + -0.00939omega + -0.00077theta^2 + 0.00271theta omega + -0.00692omega^2 + 0.00015theta^3 + -0.00094theta^2 omega + 0.00141theta omega^2 + -0.00307omega^3
    Eq omega Phys: -0.010409*omega**3 + 0.000159*omega**2*theta - 0.005162*omega**2 - 4.0e-6*omega*theta**2 + 0.000156*omega*theta - 0.001974*omega - 1.0e-6*theta**2 - 9.2e-5*theta + 0.000747
    Diffusion: theta=3.691067e-04, omega=6.731054e-06

--- Chunk 47407 (108/220) | Start: 2025-02-05 06:10:00 ---
    RMSE omega (GP): 0.003412 | RMSE omega (Sim): 0.077957
    Loss: 60.3450 | Epoch: 9999
    Eq omega: -0.038331 + 0.04065theta + -0.11934omega + 0.24212theta^2 + 0.15260theta omega + -0.04346omega^2 + -0.08072theta^3 + 0.01238theta^2 omega + 0.04331theta omega^2 + -0.05082omega^3
    Eq omega Phys: -0.178681*omega**3 + 0.005076*omega**2*theta + 0.039275*omega**2 + 4.8e-5*omega*theta**2 + 0.002773*omega*theta + 0.020105*omega - 1.1e-5*theta**3 - 0.000244*theta**2 - 0.001579*theta - 0.001924
    Diffusion: theta=2.723074e-04, omega=1.090917e-05

--- Chunk 47408 (109/220) | Start: 2025-02-05 06:15:00 ---
    RMSE omega (GP): nan | RMSE omega (Sim): nan
    Loss: 22948.8223 | Epoch: 918
    Eq omega: nan1 + nantheta + nanomega + nantheta^2 + nantheta omega + nanomega^2 + nantheta^3 + nantheta^2 omega + nantheta omega^2 + nanomega^3
    Eq omega Phys: N/A
    Diffusion: theta=nan, omega=nan

--- Chunk 47409 (110/220) | Start: 2025-02-05 06:20:00 ---
    RMSE omega (GP): nan | RMSE omega (Sim): nan
    Loss: 150131.0000 | Epoch: 1367
    Eq omega: nan1 + nantheta + nanomega + nantheta^2 + nantheta omega + nanomega^2 + nantheta^3 + nantheta^2 omega + nantheta omega^2 + nanomega^3
    Eq omega Phys: N/A
    Diffusion: theta=nan, omega=nan

--- Chunk 47410 (111/220) | Start: 2025-02-05 06:25:00 ---
    RMSE omega (GP): nan | RMSE omega (Sim): nan
    Loss: 282906.1875 | Epoch: 1381
    Eq omega: nan1 + nantheta + nanomega + nantheta^2 + nantheta omega + nanomega^2 + nantheta^3 + nantheta^2 omega + nantheta omega^2 + nanomega^3
    Eq omega Phys: N/A
    Diffusion: theta=nan, omega=nan

--- Chunk 47411 (112/220) | Start: 2025-02-05 06:30:00 ---
    RMSE omega (GP): nan | RMSE omega (Sim): nan
    Loss: 13674.2754 | Epoch: 873
    Eq omega: nan1 + nantheta + nanomega + nantheta^2 + nantheta omega + nanomega^2 + nantheta^3 + nantheta^2 omega + nantheta omega^2 + nanomega^3
    Eq omega Phys: N/A
    Diffusion: theta=nan, omega=nan

--- Chunk 47412 (113/220) | Start: 2025-02-05 06:35:00 ---
    RMSE omega (GP): 0.003243 | RMSE omega (Sim): 0.079101
    Loss: 109.3561 | Epoch: 6961
    Eq omega: -0.103751 + -0.54138theta + 0.00902omega + -0.02245theta^2 + 0.03666theta omega + -0.13666omega^2 + 0.00811theta^3 + 0.04273theta^2 omega + -0.01689theta omega^2 + -0.01326omega^3
    Eq omega Phys: -0.093313*omega**3 - 0.003962*omega**2*theta - 0.072123*omega**2 + 0.000334*omega*theta**2 + 0.001593*omega*theta + 0.001937*omega + 2.0e-6*theta**3 - 3.0e-6*theta**2 - 0.000623*theta - 0.001159
    Diffusion: theta=9.749751e-05, omega=7.467548e-06

--- Chunk 47413 (114/220) | Start: 2025-02-05 06:40:00 ---
    RMSE omega (GP): 0.003385 | RMSE omega (Sim): 0.108173
    Loss: 119.9445 | Epoch: 5589
    Eq omega: -0.166991 + -0.26045theta + -0.24686omega + 2.52771theta^2 + 0.09264theta omega + -0.69188omega^2 + -1.99857theta^3 + -0.58393theta^2 omega + -0.09990theta omega^2 + -0.03249omega^3
    Eq omega Phys: -0.226935*omega**3 - 0.023259*omega**2*theta - 0.391895*omega**2 - 0.004532*omega*theta**2 - 0.02113*omega*theta - 0.032737*omega - 0.000517*theta**3 - 0.002516*theta**2 - 0.003186*theta - 0.000703
    Diffusion: theta=4.722335e-05, omega=1.080758e-05

--- Chunk 47414 (115/220) | Start: 2025-02-05 06:45:00 ---
    RMSE omega (GP): nan | RMSE omega (Sim): nan
    Loss: 22728.6016 | Epoch: 1381
    Eq omega: nan1 + nantheta + nanomega + nantheta^2 + nantheta omega + nanomega^2 + nantheta^3 + nantheta^2 omega + nantheta omega^2 + nanomega^3
    Eq omega Phys: N/A
    Diffusion: theta=nan, omega=nan

--- Chunk 47415 (116/220) | Start: 2025-02-05 06:50:00 ---
    RMSE omega (GP): 0.004310 | RMSE omega (Sim): 0.040323
    Loss: 178.9999 | Epoch: 9999
    Eq omega: -0.018511 + -0.05389theta + -0.00971omega + -0.01006theta^2 + 0.00066theta omega + 0.00091omega^2 + -0.00004theta^3 + 0.00045theta^2 omega + 0.00027theta omega^2 + 0.00086omega^3
    Eq omega Phys: 0.005242*omega**3 + 5.5e-5*omega**2*theta - 0.000683*omega**2 + 3.0e-6*omega*theta**2 - 0.000112*omega*theta + 0.000689*omega - 4.0e-6*theta**2 + 0.00013*theta - 0.000782
    Diffusion: theta=3.169176e-04, omega=6.516872e-06

--- Chunk 47416 (117/220) | Start: 2025-02-05 06:55:00 ---
    RMSE omega (GP): 0.003177 | RMSE omega (Sim): 0.089735
    Loss: 121.0282 | Epoch: 7282
    Eq omega: 0.074761 + -0.01205theta + -0.00622omega + 0.00200theta^2 + -0.00354theta omega + 0.00961omega^2 + 0.00050theta^3 + -0.00045theta^2 omega + -0.00776theta omega^2 + 0.00427omega^3
    Eq omega Phys: 0.034044*omega**3 - 0.002062*omega**2*theta + 0.009848*omega**2 - 4.0e-6*omega*theta**2 - 4.2e-5*omega*theta - 8.5e-5*omega - 1.6e-5*theta + 0.000197
    Diffusion: theta=1.112454e-04, omega=8.096473e-06

--- Chunk 47417 (118/220) | Start: 2025-02-05 07:00:00 ---
    RMSE omega (GP): nan | RMSE omega (Sim): nan
    Loss: 18236.2988 | Epoch: 1123
    Eq omega: nan1 + nantheta + nanomega + nantheta^2 + nantheta omega + nanomega^2 + nantheta^3 + nantheta^2 omega + nantheta omega^2 + nanomega^3
    Eq omega Phys: N/A
    Diffusion: theta=nan, omega=nan

--- Chunk 47418 (119/220) | Start: 2025-02-05 07:05:00 ---
    RMSE omega (GP): 0.004981 | RMSE omega (Sim): 0.153284
    Loss: 479.3866 | Epoch: 9999
    Eq omega: -0.003631 + 0.01067theta + -0.01025omega + 0.00130theta^2 + 0.00266theta omega + -0.00139omega^2 + -0.00195theta^3 + 0.00004theta^2 omega + 0.00270theta omega^2 + 0.00047omega^3
    Eq omega Phys: 0.005742*omega**3 + 0.0011*omega**2*theta - 0.020011*omega**2 + 1.0e-6*omega*theta**2 + 3.8e-5*omega*theta - 0.001162*omega - 0.e-6*theta**3 + 4.7e-5*theta**2 - 0.000821*theta + 0.004709
    Diffusion: theta=2.980817e-04, omega=4.361667e-06

--- Chunk 47419 (120/220) | Start: 2025-02-05 07:10:00 ---
    RMSE omega (GP): nan | RMSE omega (Sim): nan
    Loss: 21205.0898 | Epoch: 1075
    Eq omega: nan1 + nantheta + nanomega + nantheta^2 + nantheta omega + nanomega^2 + nantheta^3 + nantheta^2 omega + nantheta omega^2 + nanomega^3
    Eq omega Phys: N/A
    Diffusion: theta=nan, omega=nan

--- Chunk 47420 (121/220) | Start: 2025-02-05 07:15:00 ---
    RMSE omega (GP): 0.003249 | RMSE omega (Sim): 0.041525
    Loss: 259.2310 | Epoch: 8112
    Eq omega: 0.215571 + -0.03643theta + -0.43924omega + -0.01186theta^2 + -0.04925theta omega + -0.09505omega^2 + 0.00111theta^3 + -0.00052theta^2 omega + -0.00767theta omega^2 + -0.06072omega^3
    Eq omega Phys: -0.995485*omega**3 - 0.004192*omega**2*theta - 0.038686*omega**2 - 9.0e-6*omega*theta**2 - 0.001071*omega*theta - 0.006036*omega + 1.0e-6*theta**3 - 2.5e-5*theta**2 + 0.000221*theta - 0.000212
    Diffusion: theta=1.026902e-04, omega=5.784031e-06

--- Chunk 47421 (122/220) | Start: 2025-02-05 07:20:00 ---
    RMSE omega (GP): 0.003407 | RMSE omega (Sim): 0.083916
    Loss: 87.8808 | Epoch: 8015
    Eq omega: 0.003391 + 0.10165theta + 0.09758omega + 0.02403theta^2 + -0.00255theta omega + -0.00459omega^2 + -0.87291theta^3 + 0.03727theta^2 omega + 0.13283theta omega^2 + 0.02639omega^3
    Eq omega Phys: 0.138277*omega**3 + 0.0232*omega**2*theta - 0.049267*omega**2 + 0.000217*omega*theta**2 - 0.000921*omega*theta + 0.004229*omega - 0.000169*theta**3 + 0.001048*theta**2 - 0.002049*theta + 0.001265
    Diffusion: theta=1.533572e-05, omega=9.854976e-06

--- Chunk 47422 (123/220) | Start: 2025-02-05 07:25:00 ---
    RMSE omega (GP): 0.004359 | RMSE omega (Sim): 0.159097
    Loss: 129.1201 | Epoch: 9999
    Eq omega: -0.302251 + 0.02066theta + -0.02302omega + 0.09536theta^2 + -0.15083theta omega + -0.22627omega^2 + -0.02590theta^3 + 0.11432theta^2 omega + -0.04276theta omega^2 + -0.10543omega^3
    Eq omega Phys: -0.481593*omega**3 - 0.006511*omega**2*theta - 0.048252*omega**2 + 0.00058*omega*theta**2 - 0.009099*omega*theta + 0.033243*omega - 4.0e-6*theta**3 + 0.000122*theta**2 - 0.000983*theta + 0.001581
    Diffusion: theta=1.634966e-04, omega=8.034564e-06

--- Chunk 47423 (124/220) | Start: 2025-02-05 07:30:00 ---
    RMSE omega (GP): 0.003239 | RMSE omega (Sim): nan
    Loss: 84.6018 | Epoch: 7050
    Eq omega: 0.149031 + -0.01411theta + 0.05979omega + -0.91888theta^2 + -0.01901theta omega + -0.16531omega^2 + -1.11288theta^3 + 0.20278theta^2 omega + -0.02386theta omega^2 + 0.03411omega^3
    Eq omega Phys: 0.1872*omega**3 - 0.004365*omega**2*theta - 0.071034*omega**2 + 0.001237*omega*theta**2 - 8.5e-5*omega*theta + 0.00198*omega - 0.000226*theta**3 - 0.000488*theta**2 - 8.5e-5*theta + 0.000383
    Diffusion: theta=5.057226e-05, omega=8.961653e-06

--- Chunk 47424 (125/220) | Start: 2025-02-05 07:35:00 ---
    RMSE omega (GP): 0.003355 | RMSE omega (Sim): 0.072826
    Loss: 121.6795 | Epoch: 6195
    Eq omega: -0.006121 + -0.40154theta + 0.25519omega + -0.04590theta^2 + -0.54142theta omega + -0.16605omega^2 + -0.84189theta^3 + -1.26262theta^2 omega + 0.02111theta omega^2 + 0.26328omega^3
    Eq omega Phys: 1.931542*omega**3 + 0.005162*omega**2*theta - 0.089003*omega**2 - 0.010292*omega*theta**2 + 0.018542*omega*theta + 0.00209*omega - 0.000229*theta**3 + 0.000891*theta**2 - 0.001601*theta + 0.00108
    Diffusion: theta=2.667356e-05, omega=6.935606e-06

--- Chunk 47425 (126/220) | Start: 2025-02-05 07:40:00 ---
    RMSE omega (GP): nan | RMSE omega (Sim): nan
    Loss: 14013.6377 | Epoch: 1628
    Eq omega: nan1 + nantheta + nanomega + nantheta^2 + nantheta omega + nanomega^2 + nantheta^3 + nantheta^2 omega + nantheta omega^2 + nanomega^3
    Eq omega Phys: N/A
    Diffusion: theta=nan, omega=nan

--- Chunk 47426 (127/220) | Start: 2025-02-05 07:45:00 ---
    RMSE omega (GP): nan | RMSE omega (Sim): nan
    Loss: 51735.9922 | Epoch: 1243
    Eq omega: nan1 + nantheta + nanomega + nantheta^2 + nantheta omega + nanomega^2 + nantheta^3 + nantheta^2 omega + nantheta omega^2 + nanomega^3
    Eq omega Phys: N/A
    Diffusion: theta=nan, omega=nan

--- Chunk 47427 (128/220) | Start: 2025-02-05 07:50:00 ---
    RMSE omega (GP): 0.013174 | RMSE omega (Sim): 0.031390
    Loss: 7278.5566 | Epoch: 9999
    Eq omega: 0.014441 + -0.00085theta + -0.01292omega + 0.00008theta^2 + 0.00007theta omega + 0.00081omega^2 + -0.00001theta^3 + -0.00001theta^2 omega + -0.00004theta omega^2 + -0.00000omega^3
    Eq omega Phys: -3.6e-5*omega**2*theta - 8.7e-5*omega**2 - 1.2e-5*omega*theta - 0.000547*omega - 0.e-6*theta**2 - 1.4e-5*theta - 9.3e-5
    Diffusion: theta=1.876657e-04, omega=2.097243e-06

--- Chunk 47428 (129/220) | Start: 2025-02-05 07:55:00 ---
    RMSE omega (GP): 0.005014 | RMSE omega (Sim): 0.075368
    Loss: 837.7350 | Epoch: 9999
    Eq omega: 0.045321 + -0.01204theta + -0.00110omega + 0.00093theta^2 + 0.00056theta omega + -0.00183omega^2 + -0.00033theta^3 + 0.00002theta^2 omega + -0.00015theta omega^2 + 0.00128omega^3
    Eq omega Phys: 0.027248*omega**3 - 0.000106*omega**2*theta - 0.003736*omega**2 + 3.5e-5*omega*theta + 0.000489*omega - 1.5e-5*theta**2 - 0.000309*theta - 0.002127
    Diffusion: theta=2.114688e-04, omega=3.042685e-06

--- Chunk 47429 (130/220) | Start: 2025-02-05 08:00:00 ---
    RMSE omega (GP): 0.002846 | RMSE omega (Sim): 0.103369
    Loss: 84.8634 | Epoch: 5065
    Eq omega: -0.049351 + -0.47089theta + 0.04331omega + -0.30704theta^2 + 0.00765theta omega + 0.00734omega^2 + -0.10694theta^3 + -0.01733theta^2 omega + 0.00327theta omega^2 + 0.06183omega^3
    Eq omega Phys: 0.433865*omega**3 + 0.000765*omega**2*theta + 0.005358*omega**2 - 0.000135*omega*theta**2 - 0.000516*omega*theta + 0.00098*omega - 2.8e-5*theta**3 - 0.000362*theta**2 - 0.00177*theta - 0.002641
    Diffusion: theta=9.475475e-05, omega=8.099162e-06

--- Chunk 47430 (131/220) | Start: 2025-02-05 08:05:00 ---
    RMSE omega (GP): 0.002938 | RMSE omega (Sim): 0.149643
    Loss: 71.8619 | Epoch: 7259
    Eq omega: 0.002311 + -0.60607theta + 0.04499omega + 0.08294theta^2 + -0.00961theta omega + -0.02981omega^2 + -0.05391theta^3 + -0.00336theta^2 omega + 0.02870theta omega^2 + -0.01098omega^3
    Eq omega Phys: -0.061619*omega**3 + 0.005369*omega**2*theta + 0.015599*omega**2 - 2.1e-5*omega*theta**2 - 0.000361*omega*theta + 0.000174*omega - 1.1e-5*theta**3 - 0.000139*theta**2 - 0.001197*theta - 0.00412
    Diffusion: theta=1.082944e-04, omega=8.837071e-06

--- Chunk 47431 (132/220) | Start: 2025-02-05 08:10:00 ---
    RMSE omega (GP): 0.002884 | RMSE omega (Sim): 0.060596
    Loss: 89.7990 | Epoch: 9999
    Eq omega: -0.160281 + -0.00024theta + 0.02768omega + 0.00149theta^2 + 0.01305theta omega + -0.01978omega^2 + -0.00060theta^3 + -0.05327theta^2 omega + -0.00326theta omega^2 + -0.00546omega^3
    Eq omega Phys: -0.0385*omega**3 - 0.000766*omega**2*theta - 0.015991*omega**2 - 0.000417*omega*theta**2 - 0.006763*omega*theta - 0.026444*omega - 3.0e-6*theta**2 - 2.0e-5*theta - 0.000405
    Diffusion: theta=1.986692e-04, omega=7.136325e-06

--- Chunk 47432 (133/220) | Start: 2025-02-05 08:15:00 ---
       (h = step size). solver will continue anyway  
      in above,  r1 =  0.6579011659020D+01   r2 =  0.2856979923762D-15
 lsoda--  warning..internal t (=r1) and h (=r2) are  
       such that in the machine, t + h = t on the next step  
       (h = step size). solver will continue anyway  
      in above,  r1 =  0.6579011659020D+01   r2 =  0.2856979923762D-15
 lsoda--  warning..internal t (=r1) and h (=r2) are  
       such that in the machine, t + h = t on the next step  
       (h = step size). solver will continue anyway  
      in above,  r1 =  0.6579011659020D+01   r2 =  0.2856979923762D-15
 lsoda--  warning..internal t (=r1) and h (=r2) are  
       such that in the machine, t + h = t on the next step  
       (h = step size). solver will continue anyway  
      in above,  r1 =  0.6579011659020D+01   r2 =  0.2348055814894D-15
 lsoda--  above warning has been issued i1 times.    
       it will not be issued again for this problem  
      in above message,  i1 =        10
 lsoda--  warning..internal t (=r1) and h (=r2) are  
       such that in the machine, t + h = t on the next step  
       (h = step size). solver will continue anyway  
      in above,  r1 =  0.4446665015211D+01   r2 =  0.4181810017922D-15
 lsoda--  warning..internal t (=r1) and h (=r2) are  
       such that in the machine, t + h = t on the next step  
       (h = step size). solver will continue anyway  
      in above,  r1 =  0.4446665015211D+01   r2 =  0.4181810017922D-15
 lsoda--  warning..internal t (=r1) and h (=r2) are  
       such that in the machine, t + h = t on the next step  
       (h = step size). solver will continue anyway  
      in above,  r1 =  0.4446665015211D+01   r2 =  0.4181810017922D-15
 lsoda--  warning..internal t (=r1) and h (=r2) are  
       such that in the machine, t + h = t on the next step  
       (h = step size). solver will continue anyway  
      in above,  r1 =  0.4446665015211D+01   r2 =  0.3436889178115D-15
 lsoda--  warning..internal t (=r1) and h (=r2) are  
       such that in the machine, t + h = t on the next step  
       (h = step size). solver will continue anyway  
      in above,  r1 =  0.4446665015211D+01   r2 =  0.3436889178115D-15
 lsoda--  warning..internal t (=r1) and h (=r2) are  
       such that in the machine, t + h = t on the next step  
       (h = step size). solver will continue anyway  
      in above,  r1 =  0.4446665015211D+01   r2 =  0.3436889178115D-15
 lsoda--  warning..internal t (=r1) and h (=r2) are  
       such that in the machine, t + h = t on the next step  
       (h = step size). solver will continue anyway  
      in above,  r1 =  0.4446665015211D+01   r2 =  0.2824663763088D-15
 lsoda--  warning..internal t (=r1) and h (=r2) are  
       such that in the machine, t + h = t on the next step  
       (h = step size). solver will continue anyway  
      in above,  r1 =  0.4446665015211D+01   r2 =  0.2824663763088D-15
 lsoda--  warning..internal t (=r1) and h (=r2) are  
       such that in the machine, t + h = t on the next step  
       (h = step size). solver will continue anyway  
      in above,  r1 =  0.4446665015211D+01   r2 =  0.2824663763088D-15
 lsoda--  warning..internal t (=r1) and h (=r2) are  
       such that in the machine, t + h = t on the next step  
       (h = step size). solver will continue anyway  
      in above,  r1 =  0.4446665015211D+01   r2 =  0.2321496260085D-15
 lsoda--  above warning has been issued i1 times.    
       it will not be issued again for this problem  
      in above message,  i1 =        10
 lsoda--  warning..internal t (=r1) and h (=r2) are  
       such that in the machine, t + h = t on the next step  
       (h = step size). solver will continue anyway  
      in above,  r1 =  0.6993220396570D+01   r2 =  0.4119489606953D-15
 lsoda--  warning..internal t (=r1) and h (=r2) are  
       such that in the machine, t + h = t on the next step  
       (h = step size). solver will continue anyway  
      in above,  r1 =  0.6993220396570D+01   r2 =  0.4119489606953D-15
 lsoda--  warning..internal t (=r1) and h (=r2) are  
       such that in the machine, t + h = t on the next step  
    RMSE omega (GP): 0.003026 | RMSE omega (Sim): nan
    Loss: 70.4136 | Epoch: 6385
    Eq omega: 0.087461 + -0.08723theta + 0.01994omega + 0.03158theta^2 + 0.30759theta omega + 0.21169omega^2 + -1.49681theta^3 + 0.27276theta^2 omega + 0.01895theta omega^2 + 0.01096omega^3
    Eq omega Phys: 0.059508*omega**3 + 0.00343*omega**2*theta + 0.09801*omega**2 + 0.001646*omega*theta**2 + 0.011993*omega*theta + 0.019625*omega - 0.000301*theta**3 - 0.002079*theta**2 - 0.004882*theta - 0.003668
    Diffusion: theta=6.429082e-05, omega=5.868883e-06

--- Chunk 47433 (134/220) | Start: 2025-02-05 08:20:00 ---
    RMSE omega (GP): nan | RMSE omega (Sim): nan
    Loss: 20745.9141 | Epoch: 1259
    Eq omega: nan1 + nantheta + nanomega + nantheta^2 + nantheta omega + nanomega^2 + nantheta^3 + nantheta^2 omega + nantheta omega^2 + nanomega^3
    Eq omega Phys: N/A
    Diffusion: theta=nan, omega=nan

--- Chunk 47434 (135/220) | Start: 2025-02-05 08:25:00 ---
    RMSE omega (GP): nan | RMSE omega (Sim): nan
    Loss: 72786.2266 | Epoch: 1200
    Eq omega: nan1 + nantheta + nanomega + nantheta^2 + nantheta omega + nanomega^2 + nantheta^3 + nantheta^2 omega + nantheta omega^2 + nanomega^3
    Eq omega Phys: N/A
    Diffusion: theta=nan, omega=nan

--- Chunk 47435 (136/220) | Start: 2025-02-05 08:30:00 ---
    RMSE omega (GP): 0.005614 | RMSE omega (Sim): 0.049730
    Loss: 629.6874 | Epoch: 9999
    Eq omega: -0.004741 + 0.00234theta + -0.03646omega + -0.00649theta^2 + -0.00149theta omega + -0.01381omega^2 + -0.00128theta^3 + 0.00000theta^2 omega + 0.00035theta omega^2 + -0.00273omega^3
    Eq omega Phys: -0.034066*omega**3 + 0.000146*omega**2*theta - 0.011457*omega**2 - 3.2e-5*omega*theta - 0.000654*omega - 0.e-6*theta**3 + 2.6e-5*theta**2 - 0.000379*theta + 0.001701
    Diffusion: theta=3.336748e-04, omega=3.940251e-06

--- Chunk 47436 (137/220) | Start: 2025-02-05 08:35:00 ---
    RMSE omega (GP): 0.003309 | RMSE omega (Sim): nan
    Loss: 174.5537 | Epoch: 9317
    Eq omega: 0.062301 + -0.05936theta + 0.04579omega + -0.01398theta^2 + 0.01429theta omega + 0.00457omega^2 + -0.03394theta^3 + -0.00464theta^2 omega + 0.05311theta omega^2 + 0.01172omega^3
    Eq omega Phys: 0.123225*omega**3 + 0.018613*omega**2*theta - 0.15042*omega**2 - 5.4e-5*omega*theta**2 + 0.001174*omega*theta - 0.004462*omega - 1.3e-5*theta**3 + 0.000317*theta**2 - 0.002598*theta + 0.007396
    Diffusion: theta=8.573251e-05, omega=6.932854e-06

--- Chunk 47437 (138/220) | Start: 2025-02-05 08:40:00 ---
       (h = step size). solver will continue anyway  
      in above,  r1 =  0.6993220396570D+01   r2 =  0.4119489606953D-15
 lsoda--  warning..internal t (=r1) and h (=r2) are  
       such that in the machine, t + h = t on the next step  
       (h = step size). solver will continue anyway  
      in above,  r1 =  0.6993220396570D+01   r2 =  0.3385670143067D-15
 lsoda--  warning..internal t (=r1) and h (=r2) are  
       such that in the machine, t + h = t on the next step  
       (h = step size). solver will continue anyway  
      in above,  r1 =  0.6993220396570D+01   r2 =  0.3385670143067D-15
 lsoda--  warning..internal t (=r1) and h (=r2) are  
       such that in the machine, t + h = t on the next step  
       (h = step size). solver will continue anyway  
      in above,  r1 =  0.6993220396570D+01   r2 =  0.3385670143067D-15
 lsoda--  warning..internal t (=r1) and h (=r2) are  
       such that in the machine, t + h = t on the next step  
       (h = step size). solver will continue anyway  
      in above,  r1 =  0.6993220396570D+01   r2 =  0.2782568571682D-15
 lsoda--  warning..internal t (=r1) and h (=r2) are  
       such that in the machine, t + h = t on the next step  
       (h = step size). solver will continue anyway  
      in above,  r1 =  0.6993220396570D+01   r2 =  0.2782568571682D-15
 lsoda--  warning..internal t (=r1) and h (=r2) are  
       such that in the machine, t + h = t on the next step  
       (h = step size). solver will continue anyway  
      in above,  r1 =  0.6993220396570D+01   r2 =  0.2782568571682D-15
 lsoda--  warning..internal t (=r1) and h (=r2) are  
       such that in the machine, t + h = t on the next step  
       (h = step size). solver will continue anyway  
      in above,  r1 =  0.6993220396570D+01   r2 =  0.2286899646101D-15
 lsoda--  above warning has been issued i1 times.    
       it will not be issued again for this problem  
      in above message,  i1 =        10
 lsoda--  warning..internal t (=r1) and h (=r2) are  
       such that in the machine, t + h = t on the next step  
       (h = step size). solver will continue anyway  
      in above,  r1 =  0.4000126053952D+01   r2 =  0.3902128851387D-15
 lsoda--  warning..internal t (=r1) and h (=r2) are  
       such that in the machine, t + h = t on the next step  
       (h = step size). solver will continue anyway  
      in above,  r1 =  0.4000126053952D+01   r2 =  0.3902128851387D-15
 lsoda--  warning..internal t (=r1) and h (=r2) are  
       such that in the machine, t + h = t on the next step  
       (h = step size). solver will continue anyway  
      in above,  r1 =  0.4000126053952D+01   r2 =  0.3902128851387D-15
 lsoda--  warning..internal t (=r1) and h (=r2) are  
       such that in the machine, t + h = t on the next step  
       (h = step size). solver will continue anyway  
      in above,  r1 =  0.4000126053952D+01   r2 =  0.3207028910493D-15
 lsoda--  warning..internal t (=r1) and h (=r2) are  
       such that in the machine, t + h = t on the next step  
       (h = step size). solver will continue anyway  
      in above,  r1 =  0.4000126053952D+01   r2 =  0.3207028910493D-15
 lsoda--  warning..internal t (=r1) and h (=r2) are  
       such that in the machine, t + h = t on the next step  
       (h = step size). solver will continue anyway  
      in above,  r1 =  0.4000126053952D+01   r2 =  0.3207028910493D-15
 lsoda--  warning..internal t (=r1) and h (=r2) are  
       such that in the machine, t + h = t on the next step  
       (h = step size). solver will continue anyway  
      in above,  r1 =  0.4000126053952D+01   r2 =  0.2635749545442D-15
 lsoda--  warning..internal t (=r1) and h (=r2) are  
       such that in the machine, t + h = t on the next step  
       (h = step size). solver will continue anyway  
      in above,  r1 =  0.4000126053952D+01   r2 =  0.2635749545442D-15
 lsoda--  warning..internal t (=r1) and h (=r2) are  
       such that in the machine, t + h = t on the next step  
       (h = step size). solver will continue anyway  
      in above,  r1 =  0.4000126053952D+01   r2 =  0.2635749545442D-15
    RMSE omega (GP): 0.002993 | RMSE omega (Sim): nan
    Loss: 113.0282 | Epoch: 9755
    Eq omega: 0.215941 + -0.02038theta + 0.31164omega + 0.11573theta^2 + -0.00723theta omega + -0.15266omega^2 + -0.05328theta^3 + 0.00056theta^2 omega + 0.12710theta omega^2 + 0.00068omega^3
    Eq omega Phys: 0.005643*omega**3 + 0.03516*omega**2*theta - 0.339531*omega**2 + 5.0e-6*omega*theta**2 - 0.000203*omega*theta + 0.011603*omega - 1.6e-5*theta**3 + 0.00043*theta**2 - 0.003691*theta + 0.010864
    Diffusion: theta=8.340426e-05, omega=9.514158e-06

--- Chunk 47438 (139/220) | Start: 2025-02-05 08:45:00 ---
    RMSE omega (GP): 0.003153 | RMSE omega (Sim): 0.864339
    Loss: 138.8118 | Epoch: 9924
    Eq omega: 0.012271 + -0.00932theta + 0.03673omega + 0.01445theta^2 + 0.00320theta omega + -0.00997omega^2 + -0.00531theta^3 + 0.01909theta^2 omega + -0.00018theta omega^2 + -0.02717omega^3
    Eq omega Phys: -0.252333*omega**3 - 5.6e-5*omega**2*theta - 0.005022*omega**2 + 0.000197*omega*theta**2 - 0.003655*omega*theta + 0.018172*omega - 2.0e-6*theta**3 + 6.1e-5*theta**2 - 0.000666*theta + 0.002446
    Diffusion: theta=1.081703e-04, omega=7.197338e-06

--- Chunk 47439 (140/220) | Start: 2025-02-05 08:50:00 ---
    RMSE omega (GP): 0.002727 | RMSE omega (Sim): 0.083453
    Loss: 49.5983 | Epoch: 7764
    Eq omega: -0.587521 + -0.36689theta + -0.04497omega + 0.21427theta^2 + 0.13485theta omega + 0.04740omega^2 + -0.00136theta^3 + -0.00092theta^2 omega + -0.02962theta omega^2 + -0.00078omega^3
    Eq omega Phys: -0.003634*omega**3 - 0.0046*omega**2*theta + 0.032271*omega**2 - 5.0e-6*omega*theta**2 + 0.0018*omega*theta - 0.006774*omega + 9.6e-5*theta**2 - 0.000968*theta + 0.000373
    Diffusion: theta=3.161582e-05, omega=1.039039e-05

--- Chunk 47440 (141/220) | Start: 2025-02-05 08:55:00 ---
    RMSE omega (GP): nan | RMSE omega (Sim): nan
    Loss: 26141.6602 | Epoch: 995
    Eq omega: nan1 + nantheta + nanomega + nantheta^2 + nantheta omega + nanomega^2 + nantheta^3 + nantheta^2 omega + nantheta omega^2 + nanomega^3
    Eq omega Phys: N/A
    Diffusion: theta=nan, omega=nan

--- Chunk 47441 (142/220) | Start: 2025-02-05 09:00:00 ---
    RMSE omega (GP): nan | RMSE omega (Sim): nan
    Loss: 98965.4531 | Epoch: 866
    Eq omega: nan1 + nantheta + nanomega + nantheta^2 + nantheta omega + nanomega^2 + nantheta^3 + nantheta^2 omega + nantheta omega^2 + nanomega^3
    Eq omega Phys: N/A
    Diffusion: theta=nan, omega=nan

--- Chunk 47442 (143/220) | Start: 2025-02-05 09:05:00 ---
    RMSE omega (GP): 0.003786 | RMSE omega (Sim): 0.060124
    Loss: 117.0992 | Epoch: 9999
    Eq omega: -0.091881 + -0.12569theta + -0.06030omega + -0.00616theta^2 + -0.01222theta omega + -0.04484omega^2 + -0.00156theta^3 + 0.00066theta^2 omega + -0.00307theta omega^2 + -0.00819omega^3
    Eq omega Phys: -0.044486*omega**3 - 0.000556*omega**2*theta - 0.011413*omega**2 + 4.0e-6*omega*theta**2 - 0.000283*omega*theta + 0.001139*omega + 1.0e-5*theta**2 - 0.000238*theta + 0.001956
    Diffusion: theta=2.087712e-04, omega=9.649782e-06

--- Chunk 47443 (144/220) | Start: 2025-02-05 09:10:00 ---
    RMSE omega (GP): 0.003129 | RMSE omega (Sim): 0.085352
    Loss: 214.5487 | Epoch: 9999
    Eq omega: 0.259531 + -0.21098theta + -0.01305omega + -0.00030theta^2 + 0.00236theta omega + 0.05777omega^2 + -0.00211theta^3 + 0.00054theta^2 omega + -0.00197theta omega^2 + 0.00023omega^3
    Eq omega Phys: 0.003385*omega**3 - 0.000967*omega**2*theta + 0.030979*omega**2 + 9.0e-6*omega*theta**2 + 0.000228*omega*theta + 0.000957*omega - 1.0e-6*theta**3 - 3.4e-5*theta**2 - 0.000571*theta - 0.002999
    Diffusion: theta=8.961615e-05, omega=3.670132e-06

--- Chunk 47444 (145/220) | Start: 2025-02-05 09:15:00 ---
    RMSE omega (GP): 0.003124 | RMSE omega (Sim): 0.092138
    Loss: 130.1867 | Epoch: 5806
    Eq omega: 0.039601 + -0.74374theta + -0.07759omega + 0.04515theta^2 + -0.02723theta omega + 0.05542omega^2 + -0.36051theta^3 + 0.07024theta^2 omega + 0.01546theta omega^2 + -0.06363omega^3
    Eq omega Phys: -0.560243*omega**3 + 0.004537*omega**2*theta + 0.049237*omega**2 + 0.000687*omega*theta**2 + 0.005328*omega*theta + 0.007652*omega - 0.000118*theta**3 - 0.001466*theta**2 - 0.00692*theta - 0.011856
    Diffusion: theta=1.153965e-04, omega=8.944488e-06

--- Chunk 47445 (146/220) | Start: 2025-02-05 09:20:00 ---
    RMSE omega (GP): 0.004096 | RMSE omega (Sim): 0.042077
    Loss: 350.7535 | Epoch: 9999
    Eq omega: 0.033441 + -0.01703theta + 0.03756omega + 0.00131theta^2 + -0.00715theta omega + 0.00649omega^2 + -0.00039theta^3 + 0.00018theta^2 omega + -0.00189theta omega^2 + 0.00099omega^3
    Eq omega Phys: 0.013217*omega**3 - 0.000841*omega**2*theta + 0.015133*omega**2 + 3.0e-6*omega*theta**2 - 0.000228*omega*theta + 0.003735*omega + 8.0e-6*theta**2 - 0.000139*theta + 0.000868
    Diffusion: theta=2.605870e-04, omega=4.698401e-06

--- Chunk 47446 (147/220) | Start: 2025-02-05 09:25:00 ---
    RMSE omega (GP): 0.002817 | RMSE omega (Sim): 0.112762
    Loss: 76.4971 | Epoch: 7010
    Eq omega: 0.010591 + -0.18392theta + -0.02697omega + -0.01685theta^2 + 0.03055theta omega + 0.03162omega^2 + -0.01339theta^3 + 0.00507theta^2 omega + 0.00926theta omega^2 + -0.00960omega^3
    Eq omega Phys: -0.061205*omega**3 + 0.001968*omega**2*theta - 0.003216*omega**2 + 3.6e-5*omega*theta**2 - 0.00018*omega*theta - 0.002207*omega - 3.0e-6*theta**3 + 7.7e-5*theta**2 - 0.000824*theta + 0.003505
    Diffusion: theta=1.315759e-04, omega=9.791641e-06

--- Chunk 47447 (148/220) | Start: 2025-02-05 09:30:00 ---
    RMSE omega (GP): 0.002924 | RMSE omega (Sim): 0.112977
    Loss: 99.6977 | Epoch: 6865
    Eq omega: -0.005031 + -0.00836theta + 0.05190omega + -0.00034theta^2 + -0.00322theta omega + -0.00207omega^2 + -0.00026theta^3 + 0.00042theta^2 omega + 0.00388theta omega^2 + -0.00076omega^3
    Eq omega Phys: -0.005898*omega**3 + 0.001004*omega**2*theta - 0.005991*omega**2 + 4.0e-6*omega*theta**2 - 9.0e-5*omega*theta + 0.002086*omega + 1.0e-6*theta**2 - 1.3e-5*theta + 3.9e-5
    Diffusion: theta=4.545804e-05, omega=1.003867e-05

--- Chunk 47448 (149/220) | Start: 2025-02-05 09:35:00 ---
    RMSE omega (GP): nan | RMSE omega (Sim): nan
    Loss: 26655.3613 | Epoch: 1119
    Eq omega: nan1 + nantheta + nanomega + nantheta^2 + nantheta omega + nanomega^2 + nantheta^3 + nantheta^2 omega + nantheta omega^2 + nanomega^3
    Eq omega Phys: N/A
    Diffusion: theta=nan, omega=nan

--- Chunk 47449 (150/220) | Start: 2025-02-05 09:40:00 ---
    RMSE omega (GP): 0.003993 | RMSE omega (Sim): 0.102777
    Loss: 174.5936 | Epoch: 6851
    Eq omega: -0.007271 + -0.48189theta + 0.00474omega + -0.00903theta^2 + 0.03134theta omega + -0.01918omega^2 + -0.03590theta^3 + -0.02288theta^2 omega + 0.07454theta omega^2 + -0.03666omega^3
    Eq omega Phys: -0.266371*omega**3 + 0.018054*omega**2*theta - 0.143748*omega**2 - 0.000185*omega*theta**2 + 0.003263*omega*theta - 0.01389*omega - 1.0e-5*theta**3 + 0.000211*theta**2 - 0.002066*theta + 0.007671
    Diffusion: theta=1.705140e-04, omega=8.965888e-06

  [Progress 150/220] Mean RMSE omega (GP): 0.004214 | (Sim): 0.163385 | Mean loss: 42743.0163 | Valid GP: 103/150 | Valid Sim: 87/150 | Elapsed: 359.9min | ETA: 168.0min

--- Chunk 47450 (151/220) | Start: 2025-02-05 09:45:00 ---
    RMSE omega (GP): 0.003163 | RMSE omega (Sim): 0.112782
    Loss: 90.3459 | Epoch: 7957
    Eq omega: 0.082171 + -0.09786theta + -0.19426omega + -0.25999theta^2 + 0.03521theta omega + 0.33157omega^2 + -0.94553theta^3 + 0.67044theta^2 omega + -0.02041theta omega^2 + -0.03857omega^3
    Eq omega Phys: -0.235902*omega**3 - 0.004161*omega**2*theta + 0.155276*omega**2 + 0.004556*omega*theta**2 - 0.011655*omega*theta + 0.000963*omega - 0.000214*theta**3 + 0.000729*theta**2 - 0.000909*theta + 0.000627
    Diffusion: theta=6.666081e-05, omega=8.543384e-06

--- Chunk 47451 (152/220) | Start: 2025-02-05 09:50:00 ---
    RMSE omega (GP): 0.003816 | RMSE omega (Sim): nan
    Loss: 108.4967 | Epoch: 5728
    Eq omega: 0.130511 + 0.05067theta + -0.04280omega + -0.07344theta^2 + -0.13688theta omega + 0.19753omega^2 + -0.18176theta^3 + 0.64332theta^2 omega + 0.10586theta omega^2 + -0.23310omega^3
    Eq omega Phys: -1.187762*omega**3 + 0.01798*omega**2*theta + 0.190735*omega**2 + 0.003642*omega*theta**2 + 0.042412*omega*theta + 0.121798*omega - 3.4e-5*theta**3 - 0.000659*theta**2 - 0.004157*theta - 0.00826
    Diffusion: theta=1.245854e-04, omega=7.881370e-06

--- Chunk 47452 (153/220) | Start: 2025-02-05 09:55:00 ---
    RMSE omega (GP): 0.003900 | RMSE omega (Sim): 0.210433
    Loss: 419.1730 | Epoch: 9999
    Eq omega: 0.008481 + -0.09230theta + 0.05496omega + -0.01599theta^2 + -0.00081theta omega + 0.00703omega^2 + -0.00083theta^3 + 0.00005theta^2 omega + -0.00016theta omega^2 + 0.00221omega^3
    Eq omega Phys: 0.039845*omega**3 - 9.6e-5*omega**2*theta + 0.006842*omega**2 + 1.0e-6*omega*theta**2 - 5.0e-5*omega*theta + 0.002345*omega - 0.e-6*theta**3 + 1.0e-5*theta**2 - 5.2e-5*theta + 0.000292
    Diffusion: theta=1.189078e-04, omega=4.174758e-06

--- Chunk 47453 (154/220) | Start: 2025-02-05 10:00:00 ---
    RMSE omega (GP): 0.003631 | RMSE omega (Sim): 0.055498
    Loss: 182.3493 | Epoch: 9006
    Eq omega: 0.007201 + -0.00574theta + 0.01654omega + -0.07038theta^2 + 0.24243theta omega + 0.00554omega^2 + -0.03342theta^3 + 0.00101theta^2 omega + -0.03986theta omega^2 + 0.05020omega^3
    Eq omega Phys: 0.464777*omega**3 - 0.012301*omega**2*theta + 0.096709*omega**2 + 1.0e-5*omega*theta**2 + 0.004331*omega*theta - 0.033016*omega - 1.1e-5*theta**3 + 0.000218*theta**2 - 0.001337*theta + 0.002599
    Diffusion: theta=5.341333e-05, omega=6.597532e-06

--- Chunk 47454 (155/220) | Start: 2025-02-05 10:05:00 ---
    RMSE omega (GP): 0.003335 | RMSE omega (Sim): 0.106614
    Loss: 83.7623 | Epoch: 4484
    Eq omega: 0.075561 + -1.27409theta + 0.04805omega + 0.82477theta^2 + -1.11477theta omega + -0.37017omega^2 + -3.57510theta^3 + 1.34211theta^2 omega + 0.44525theta omega^2 + -0.02391omega^3
    Eq omega Phys: -0.123027*omega**3 + 0.076367*omega**2*theta - 0.14201*omega**2 + 0.007673*omega*theta**2 - 0.01312*omega*theta - 0.000506*omega - 0.000681*theta**3 + 7.7e-5*theta**2 - 0.001348*theta - 0.e-6
    Diffusion: theta=5.702244e-05, omega=8.619875e-06

--- Chunk 47455 (156/220) | Start: 2025-02-05 10:10:00 ---
    RMSE omega (GP): 0.003180 | RMSE omega (Sim): 0.107004
    Loss: 93.0169 | Epoch: 9999
    Eq omega: -0.076121 + -0.03263theta + 0.03056omega + 0.07167theta^2 + 0.01174theta omega + -0.01147omega^2 + -0.01415theta^3 + -0.00021theta^2 omega + -0.01166theta omega^2 + 0.00167omega^3
    Eq omega Phys: 0.01027*omega**3 - 0.00239*omega**2*theta - 0.029607*omega**2 - 1.0e-6*omega*theta**2 + 0.000148*omega*theta + 0.002679*omega - 3.0e-6*theta**3 - 6.3e-5*theta**2 - 0.000308*theta - 0.00023
    Diffusion: theta=9.588546e-05, omega=8.678207e-06

--- Chunk 47456 (157/220) | Start: 2025-02-05 10:15:00 ---
    RMSE omega (GP): 0.003304 | RMSE omega (Sim): 0.099629
    Loss: 114.3931 | Epoch: 7271
    Eq omega: -0.006001 + -0.00402theta + 0.02722omega + -0.00443theta^2 + -0.00446theta omega + 0.00624omega^2 + -0.00017theta^3 + 0.00361theta^2 omega + -0.00915theta omega^2 + 0.00733omega^3
    Eq omega Phys: 0.050974*omega**3 - 0.002121*omega**2*theta + 0.030515*omega**2 + 2.8e-5*omega*theta**2 - 0.000795*omega*theta + 0.006528*omega - 0.e-6*theta**2 + 3.5e-5*theta - 0.000259
    Diffusion: theta=1.371056e-04, omega=8.155084e-06

--- Chunk 47457 (158/220) | Start: 2025-02-05 10:20:00 ---
    RMSE omega (GP): 0.003679 | RMSE omega (Sim): 0.161654
    Loss: 133.4225 | Epoch: 6906
    Eq omega: 0.067411 + -0.35731theta + 0.00884omega + -0.00285theta^2 + 0.35270theta omega + 0.25232omega^2 + -1.00292theta^3 + 0.10522theta^2 omega + -0.27109theta omega^2 + 0.00671omega^3
    Eq omega Phys: 0.044372*omega**3 - 0.059756*omega**2*theta - 0.062716*omega**2 + 0.000773*omega*theta**2 + 0.010208*omega*theta + 0.024138*omega - 0.000246*theta**3 - 0.002236*theta**2 - 0.00718*theta - 0.007905
    Diffusion: theta=3.876159e-05, omega=1.140803e-05

--- Chunk 47458 (159/220) | Start: 2025-02-05 10:25:00 ---
    RMSE omega (GP): 0.003716 | RMSE omega (Sim): nan
    Loss: 489.1146 | Epoch: 9999
    Eq omega: -0.003921 + -0.00399theta + 0.01860omega + 0.00064theta^2 + -0.00339theta omega + 0.00538omega^2 + 0.00005theta^3 + 0.00114theta^2 omega + -0.00035theta omega^2 + 0.00036omega^3
    Eq omega Phys: 0.008384*omega**3 - 0.000272*omega**2*theta + 0.0085*omega**2 + 2.9e-5*omega*theta**2 - 0.000916*omega*theta + 0.007648*omega - 1.0e-6*theta**2 + 3.0e-6*theta + 6.2e-5
    Diffusion: theta=7.167429e-05, omega=7.068833e-06

--- Chunk 47459 (160/220) | Start: 2025-02-05 10:30:00 ---
    RMSE omega (GP): 0.003550 | RMSE omega (Sim): 0.052412
    Loss: 137.8228 | Epoch: 6657
    Eq omega: -0.152501 + -0.06263theta + -0.00838omega + -0.00563theta^2 + 0.09074theta omega + -0.09212omega^2 + -0.00132theta^3 + -0.02489theta^2 omega + -0.01149theta omega^2 + -0.00588omega^3
    Eq omega Phys: -0.043397*omega**3 - 0.002827*omega**2*theta - 0.04047*omega**2 - 0.000204*omega*theta**2 + 0.002254*omega*theta - 0.003747*omega - 1.0e-6*theta**2 - 6.2e-5*theta - 0.000221
    Diffusion: theta=4.473194e-05, omega=7.357265e-06

--- Chunk 47460 (161/220) | Start: 2025-02-05 10:35:00 ---
    RMSE omega (GP): 0.003664 | RMSE omega (Sim): nan
    Loss: 88.6163 | Epoch: 9999
    Eq omega: 0.188511 + -0.13616theta + 0.22524omega + -0.02418theta^2 + -0.00744theta omega + 0.00957omega^2 + -0.06540theta^3 + 0.02245theta^2 omega + 0.25127theta omega^2 + 0.01148omega^3
    Eq omega Phys: 0.05069*omega**3 + 0.036982*omega**2*theta + 0.272776*omega**2 + 0.00011*omega*theta**2 + 0.001508*omega*theta + 0.012647*omega - 1.1e-5*theta**3 - 0.000244*theta**2 - 0.002*theta - 0.005221
    Diffusion: theta=2.035702e-04, omega=1.074335e-05

--- Chunk 47461 (162/220) | Start: 2025-02-05 10:40:00 ---
    RMSE omega (GP): 0.004373 | RMSE omega (Sim): 0.106429
    Loss: 140.7274 | Epoch: 9999
    Eq omega: -0.018321 + -0.00436theta + 0.00463omega + 0.00290theta^2 + -0.00422theta omega + 0.01007omega^2 + -0.00013theta^3 + -0.00363theta^2 omega + -0.02366theta omega^2 + 0.02232omega^3
    Eq omega Phys: 0.109752*omega**3 - 0.003878*omega**2*theta + 0.027113*omega**2 - 2.0e-5*omega*theta**2 + 0.000179*omega*theta - 0.000207*omega + 2.0e-6*theta**2 - 2.3e-5*theta + 2.9e-5
    Diffusion: theta=1.742142e-04, omega=1.094745e-05

--- Chunk 47462 (163/220) | Start: 2025-02-05 10:45:00 ---
    RMSE omega (GP): 0.003760 | RMSE omega (Sim): 0.117011
    Loss: 151.8964 | Epoch: 5794
    Eq omega: 0.690231 + -0.73676theta + -0.12203omega + -1.40963theta^2 + 0.73025theta omega + -0.01854omega^2 + -1.92305theta^3 + 0.05259theta^2 omega + 0.04620theta omega^2 + -0.04301omega^3
    Eq omega Phys: -0.303203*omega**3 + 0.010856*omega**2*theta - 0.025462*omega**2 + 0.000412*omega*theta**2 + 0.01055*omega*theta - 0.021025*omega - 0.000502*theta**3 + 0.001527*theta**2 - 0.001983*theta + 0.002831
    Diffusion: theta=1.436394e-04, omega=1.178929e-05

--- Chunk 47463 (164/220) | Start: 2025-02-05 10:50:00 ---
    RMSE omega (GP): nan | RMSE omega (Sim): nan
    Loss: 195.3503 | Epoch: 3012
    Eq omega: nan1 + nantheta + nanomega + nantheta^2 + nantheta omega + nanomega^2 + nantheta^3 + nantheta^2 omega + nantheta omega^2 + nanomega^3
    Eq omega Phys: N/A
    Diffusion: theta=nan, omega=nan

--- Chunk 47464 (165/220) | Start: 2025-02-05 10:55:00 ---
    RMSE omega (GP): 0.003958 | RMSE omega (Sim): nan
    Loss: 197.2192 | Epoch: 9999
    Eq omega: 0.044051 + -0.00216theta + -0.00491omega + 0.01989theta^2 + 0.00248theta omega + 0.00490omega^2 + -0.00444theta^3 + -0.00149theta^2 omega + 0.02426theta omega^2 + 0.02625omega^3
    Eq omega Phys: 0.216405*omega**3 + 0.006667*omega**2*theta - 0.07928*omega**2 - 1.4e-5*omega*theta**2 + 0.000378*omega*theta - 0.002753*omega - 1.0e-6*theta**3 + 6.2e-5*theta**2 - 0.0009*theta + 0.004378
    Diffusion: theta=1.925936e-04, omega=6.992386e-06

--- Chunk 47465 (166/220) | Start: 2025-02-05 11:00:00 ---
    RMSE omega (GP): 0.004263 | RMSE omega (Sim): nan
    Loss: 253.9687 | Epoch: 5745
    Eq omega: 0.135051 + -0.28923theta + 0.06645omega + -0.02464theta^2 + 0.20500theta omega + 0.26675omega^2 + 0.03776theta^3 + -0.00282theta^2 omega + 0.06986theta omega^2 + 0.01009omega^3
    Eq omega Phys: 0.093654*omega**3 + 0.021614*omega**2*theta + 0.015889*omega**2 - 2.9e-5*omega*theta**2 + 0.004157*omega*theta - 0.022176*omega + 1.3e-5*theta**3 - 0.000254*theta**2 + 0.001328*theta - 0.001322
    Diffusion: theta=8.362923e-05, omega=8.359621e-06

--- Chunk 47466 (167/220) | Start: 2025-02-05 11:05:00 ---
    RMSE omega (GP): nan | RMSE omega (Sim): nan
    Loss: 26982.6973 | Epoch: 698
    Eq omega: nan1 + nantheta + nanomega + nantheta^2 + nantheta omega + nanomega^2 + nantheta^3 + nantheta^2 omega + nantheta omega^2 + nanomega^3
    Eq omega Phys: N/A
    Diffusion: theta=nan, omega=nan

--- Chunk 47467 (168/220) | Start: 2025-02-05 11:10:00 ---
    RMSE omega (GP): nan | RMSE omega (Sim): nan
    Loss: 233.9149 | Epoch: 4195
    Eq omega: nan1 + nantheta + nanomega + nantheta^2 + nantheta omega + nanomega^2 + nantheta^3 + nantheta^2 omega + nantheta omega^2 + nanomega^3
    Eq omega Phys: N/A
    Diffusion: theta=nan, omega=nan

--- Chunk 47468 (169/220) | Start: 2025-02-05 11:15:00 ---
    RMSE omega (GP): nan | RMSE omega (Sim): nan
    Loss: 3322.3459 | Epoch: 1454
    Eq omega: nan1 + nantheta + nanomega + nantheta^2 + nantheta omega + nanomega^2 + nantheta^3 + nantheta^2 omega + nantheta omega^2 + nanomega^3
    Eq omega Phys: N/A
    Diffusion: theta=nan, omega=nan

--- Chunk 47469 (170/220) | Start: 2025-02-05 11:20:00 ---
    RMSE omega (GP): nan | RMSE omega (Sim): nan
    Loss: 36348.2227 | Epoch: 769
    Eq omega: nan1 + nantheta + nanomega + nantheta^2 + nantheta omega + nanomega^2 + nantheta^3 + nantheta^2 omega + nantheta omega^2 + nanomega^3
    Eq omega Phys: N/A
    Diffusion: theta=nan, omega=nan

--- Chunk 47470 (171/220) | Start: 2025-02-05 11:25:00 ---
    RMSE omega (GP): 0.004293 | RMSE omega (Sim): 0.159820
    Loss: 136.4586 | Epoch: 7505
    Eq omega: -0.237341 + -1.02685theta + 0.02860omega + -0.04831theta^2 + 0.00172theta omega + -0.01795omega^2 + -0.00824theta^3 + 0.20760theta^2 omega + -0.01712theta omega^2 + -0.01539omega^3
    Eq omega Phys: -0.077364*omega**3 - 0.002869*omega**2*theta + 0.003494*omega**2 + 0.00116*omega*theta**2 - 0.008741*omega*theta + 0.017427*omega - 2.0e-6*theta**3 - 5.0e-6*theta**2 - 0.001041*theta + 0.003437
    Diffusion: theta=1.072768e-04, omega=8.628751e-06

--- Chunk 47471 (172/220) | Start: 2025-02-05 11:30:00 ---
    RMSE omega (GP): 0.004033 | RMSE omega (Sim): 0.044830
    Loss: 159.3086 | Epoch: 7280
    Eq omega: 0.004261 + -0.02979theta + -0.01851omega + 0.15970theta^2 + -0.05009theta omega + -0.13246omega^2 + -0.15751theta^3 + -0.12877theta^2 omega + -0.00647theta omega^2 + -0.03282omega^3
    Eq omega Phys: -0.216208*omega**3 - 0.001421*omega**2*theta - 0.064462*omega**2 - 0.000943*omega*theta**2 - 0.003955*omega*theta - 0.004603*omega - 3.8e-5*theta**3 - 0.000111*theta**2 - 8.0e-5*theta + 7.0e-6
    Diffusion: theta=4.424528e-05, omega=7.604099e-06

--- Chunk 47472 (173/220) | Start: 2025-02-05 11:35:00 ---
    RMSE omega (GP): 0.003373 | RMSE omega (Sim): 0.068882
    Loss: 163.2812 | Epoch: 5262
    Eq omega: -0.091861 + -0.36871theta + -0.06348omega + -0.17611theta^2 + -0.32433theta omega + -0.00516omega^2 + -0.87627theta^3 + -0.20064theta^2 omega + 0.08247theta omega^2 + 0.07129omega^3
    Eq omega Phys: 0.674602*omega**3 + 0.026013*omega**2*theta - 0.066438*omega**2 - 0.00211*omega*theta**2 + 0.004234*omega*theta + 0.000129*omega - 0.000307*theta**3 + 0.002141*theta**2 - 0.00537*theta + 0.004639
    Diffusion: theta=8.194128e-05, omega=9.221210e-06

--- Chunk 47473 (174/220) | Start: 2025-02-05 11:40:00 ---
    RMSE omega (GP): 0.003556 | RMSE omega (Sim): 0.065180
    Loss: 267.8051 | Epoch: 5607
    Eq omega: -0.049971 + -0.07283theta + -0.06521omega + 0.02266theta^2 + -0.01484theta omega + -0.07491omega^2 + -0.00018theta^3 + 0.00324theta^2 omega + -0.00110theta omega^2 + -0.02967omega^3
    Eq omega Phys: -0.416009*omega**3 - 0.000514*omega**2*theta - 0.049508*omega**2 + 5.0e-5*omega*theta**2 - 0.000673*omega*theta - 0.000498*omega + 1.8e-5*theta**2 - 0.000198*theta + 0.00038
    Diffusion: theta=nan, omega=nan

--- Chunk 47474 (175/220) | Start: 2025-02-05 11:45:00 ---
    RMSE omega (GP): 0.004559 | RMSE omega (Sim): 0.084097
    Loss: 464.1419 | Epoch: 9999
    Eq omega: -0.024831 + -0.00098theta + -0.04986omega + -0.00689theta^2 + 0.00032theta omega + -0.00743omega^2 + -0.00049theta^3 + -0.00031theta^2 omega + -0.00015theta omega^2 + -0.00070omega^3
    Eq omega Phys: -0.010145*omega**3 - 7.2e-5*omega**2*theta - 0.003828*omega**2 - 5.0e-6*omega*theta**2 + 0.000191*omega*theta - 0.003495*omega + 9.0e-6*theta**2 - 7.3e-5*theta - 0.00018
    Diffusion: theta=1.900472e-04, omega=5.037150e-06

--- Chunk 47475 (176/220) | Start: 2025-02-05 11:50:00 ---
    RMSE omega (GP): 0.003404 | RMSE omega (Sim): 0.110455
    Loss: 98.7505 | Epoch: 6928
    Eq omega: 0.005441 + -0.24406theta + -0.02720omega + 0.18660theta^2 + 0.04934theta omega + -0.17032omega^2 + -0.49076theta^3 + 0.00907theta^2 omega + -0.27083theta omega^2 + -0.09400omega^3
    Eq omega Phys: -0.535045*omega**3 - 0.051385*omega**2*theta + 0.084317*omega**2 + 5.7e-5*omega*theta**2 + 0.000363*omega*theta - 0.002571*omega - 0.000103*theta**3 + 0.001048*theta**2 - 0.003782*theta + 0.004746
    Diffusion: theta=3.971078e-05, omega=1.135780e-05

--- Chunk 47476 (177/220) | Start: 2025-02-05 11:55:00 ---
    RMSE omega (GP): 0.003375 | RMSE omega (Sim): 0.118995
    Loss: 140.3026 | Epoch: 5463
    Eq omega: 0.214291 + -0.07332theta + 0.09821omega + -0.36998theta^2 + 0.38688theta omega + 0.02071omega^2 + -0.08949theta^3 + -0.04407theta^2 omega + -0.00328theta omega^2 + -0.00378omega^3
    Eq omega Phys: -0.031019*omega**3 - 0.000897*omega**2*theta + 0.014892*omega**2 - 0.000402*omega*theta**2 + 0.010382*omega*theta - 0.035481*omega - 2.7e-5*theta**3 + 0.000154*theta**2 + 0.000193*theta - 0.001059
    Diffusion: theta=2.928450e-05, omega=1.128006e-05

--- Chunk 47477 (178/220) | Start: 2025-02-05 12:00:00 ---
    RMSE omega (GP): nan | RMSE omega (Sim): nan
    Loss: 7992.9893 | Epoch: 798
    Eq omega: nan1 + nantheta + nanomega + nantheta^2 + nantheta omega + nanomega^2 + nantheta^3 + nantheta^2 omega + nantheta omega^2 + nanomega^3
    Eq omega Phys: N/A
    Diffusion: theta=nan, omega=nan

--- Chunk 47478 (179/220) | Start: 2025-02-05 12:05:00 ---
    RMSE omega (GP): nan | RMSE omega (Sim): nan
    Loss: 21357.4922 | Epoch: 1234
    Eq omega: nan1 + nantheta + nanomega + nantheta^2 + nantheta omega + nanomega^2 + nantheta^3 + nantheta^2 omega + nantheta omega^2 + nanomega^3
    Eq omega Phys: N/A
    Diffusion: theta=nan, omega=nan

--- Chunk 47479 (180/220) | Start: 2025-02-05 12:10:00 ---
    RMSE omega (GP): 0.004348 | RMSE omega (Sim): 0.111951
    Loss: 171.5781 | Epoch: 9999
    Eq omega: 0.012321 + -0.01397theta + 0.01553omega + -0.00057theta^2 + 0.00237theta omega + 0.01264omega^2 + -0.00004theta^3 + -0.00093theta^2 omega + 0.00068theta omega^2 + -0.00004omega^3
    Eq omega Phys: -0.000241*omega**3 + 0.000136*omega**2*theta + 0.004004*omega**2 - 6.0e-6*omega*theta**2 + 0.000186*omega*theta - 0.000828*omega - 1.3e-5*theta + 0.000193
    Diffusion: theta=1.448034e-04, omega=1.073851e-05

--- Chunk 47480 (181/220) | Start: 2025-02-05 12:15:00 ---
    RMSE omega (GP): 0.003692 | RMSE omega (Sim): 0.064860
    Loss: 167.6782 | Epoch: 7351
    Eq omega: -0.091241 + -0.06782theta + -0.11278omega + -0.00036theta^2 + 0.12916theta omega + -0.03923omega^2 + -0.01171theta^3 + -0.00598theta^2 omega + 0.02857theta omega^2 + 0.01631omega^3
    Eq omega Phys: 0.134099*omega**3 + 0.00783*omega**2*theta - 0.024235*omega**2 - 5.5e-5*omega*theta**2 + 0.002305*omega*theta - 0.004836*omega - 4.0e-6*theta**3 + 5.0e-6*theta**2 - 7.8e-5*theta - 0.000158
    Diffusion: theta=1.263443e-04, omega=5.829364e-06

--- Chunk 47481 (182/220) | Start: 2025-02-05 12:20:00 ---
    RMSE omega (GP): nan | RMSE omega (Sim): nan
    Loss: 42747.8867 | Epoch: 1364
    Eq omega: nan1 + nantheta + nanomega + nantheta^2 + nantheta omega + nanomega^2 + nantheta^3 + nantheta^2 omega + nantheta omega^2 + nanomega^3
    Eq omega Phys: N/A
    Diffusion: theta=nan, omega=nan

--- Chunk 47482 (183/220) | Start: 2025-02-05 12:25:00 ---
    RMSE omega (GP): 0.003740 | RMSE omega (Sim): 0.050158
    Loss: 217.4178 | Epoch: 9999
    Eq omega: 0.009141 + -0.00590theta + -0.02561omega + -0.00035theta^2 + -0.00698theta omega + -0.00751omega^2 + -0.00014theta^3 + -0.00313theta^2 omega + -0.00225theta omega^2 + -0.00333omega^3
    Eq omega Phys: -0.032883*omega**3 - 0.000741*omega**2*theta + 0.007161*omega**2 - 3.4e-5*omega*theta**2 + 0.00093*omega*theta - 0.007023*omega + 2.0e-6*theta**2 - 3.6e-5*theta + 0.000256
    Diffusion: theta=3.295548e-04, omega=5.120125e-06

--- Chunk 47483 (184/220) | Start: 2025-02-05 12:30:00 ---
    RMSE omega (GP): 0.003409 | RMSE omega (Sim): nan
    Loss: 192.3412 | Epoch: 7738
    Eq omega: 0.031921 + -0.01017theta + 0.08018omega + -0.00213theta^2 + -0.00885theta omega + 0.03086omega^2 + -0.00140theta^3 + -0.00013theta^2 omega + -0.00884theta omega^2 + 0.00817omega^3
    Eq omega Phys: 0.090293*omega**3 - 0.003257*omega**2*theta + 0.052072*omega**2 - 2.0e-6*omega*theta**2 - 0.000146*omega*theta + 0.004338*omega - 0.e-6*theta**3 + 1.6e-5*theta**2 - 0.000162*theta + 0.000639
    Diffusion: theta=1.121018e-04, omega=7.032422e-06

--- Chunk 47484 (185/220) | Start: 2025-02-05 12:35:00 ---
    RMSE omega (GP): 0.004044 | RMSE omega (Sim): 0.201121
    Loss: 145.4321 | Epoch: 6464
    Eq omega: -0.092741 + -0.64338theta + 0.10458omega + 0.00108theta^2 + 0.00310theta omega + -0.01777omega^2 + -0.00453theta^3 + 0.02005theta^2 omega + -0.00329theta omega^2 + -0.00085omega^3
    Eq omega Phys: -0.005022*omega**3 - 0.000648*omega**2*theta - 0.003527*omega**2 + 0.000132*omega*theta**2 - 0.001725*omega*theta + 0.009133*omega - 0.e-6*theta**3 + 2.1e-5*theta**2 - 0.000857*theta + 0.004902
    Diffusion: theta=7.744801e-05, omega=1.181774e-05

--- Chunk 47485 (186/220) | Start: 2025-02-05 12:40:00 ---
    RMSE omega (GP): 0.003569 | RMSE omega (Sim): 0.089476
    Loss: 112.9987 | Epoch: 6921
    Eq omega: 0.013191 + -0.10545theta + -0.08833omega + -0.05748theta^2 + -0.00627theta omega + -0.11199omega^2 + -0.06315theta^3 + -0.00460theta^2 omega + -0.02824theta omega^2 + -0.05462omega^3
    Eq omega Phys: -0.324709*omega**3 - 0.005596*omega**2*theta - 0.008276*omega**2 - 3.0e-5*omega*theta**2 + 0.000358*omega*theta - 0.00393*omega - 1.4e-5*theta**3 + 0.000281*theta**2 - 0.001997*theta + 0.005036
    Diffusion: theta=1.159961e-04, omega=1.241085e-05

--- Chunk 47486 (187/220) | Start: 2025-02-05 12:45:00 ---
    RMSE omega (GP): 0.003301 | RMSE omega (Sim): 0.078379
    Loss: 164.9765 | Epoch: 8879
    Eq omega: 0.205461 + -0.03299theta + 0.05580omega + 0.00290theta^2 + -0.26385theta omega + -0.00587omega^2 + -0.05369theta^3 + 0.07246theta^2 omega + -0.05035theta omega^2 + -0.03278omega^3
    Eq omega Phys: -0.327313*omega**3 - 0.016758*omega**2*theta + 0.054576*omega**2 + 0.000804*omega*theta**2 - 0.010635*omega*theta + 0.029027*omega - 2.0e-5*theta**3 + 0.000208*theta**2 - 0.000762*theta + 0.001366
    Diffusion: theta=8.669652e-05, omega=8.568911e-06

--- Chunk 47487 (188/220) | Start: 2025-02-05 12:50:00 ---
    RMSE omega (GP): 0.004576 | RMSE omega (Sim): 0.044548
    Loss: 579.7819 | Epoch: 9999
    Eq omega: 0.075861 + -0.01593theta + 0.05927omega + -0.00087theta^2 + 0.00943theta omega + -0.02999omega^2 + -0.00106theta^3 + 0.00051theta^2 omega + 0.00041theta omega^2 + -0.04015omega^3
    Eq omega Phys: -0.725288*omega**3 + 0.000247*omega**2*theta - 0.026414*omega**2 + 1.0e-5*omega*theta**2 - 1.7e-5*omega*theta + 0.000529*omega - 0.e-6*theta**3 + 2.6e-5*theta**2 - 0.000343*theta + 0.001674
    Diffusion: theta=1.871299e-04, omega=6.014582e-06

--- Chunk 47488 (189/220) | Start: 2025-02-05 12:55:00 ---
    RMSE omega (GP): 0.003493 | RMSE omega (Sim): 0.103346
    Loss: 536.2931 | Epoch: 8787
    Eq omega: -0.018061 + -0.00638theta + 0.00720omega + -0.00006theta^2 + -0.00222theta omega + 0.00534omega^2 + -0.00023theta^3 + 0.00002theta^2 omega + -0.00005theta omega^2 + 0.00405omega^3
    Eq omega Phys: 0.118305*omega**3 - 4.9e-5*omega**2*theta + 0.006003*omega**2 + 1.0e-6*omega*theta**2 - 9.3e-5*omega*theta + 0.001488*omega + 1.1e-5*theta**2 - 0.000175*theta + 0.000923
    Diffusion: theta=6.122064e-05, omega=4.196650e-06

--- Chunk 47489 (190/220) | Start: 2025-02-05 13:00:00 ---
    RMSE omega (GP): 0.003476 | RMSE omega (Sim): 0.216460
    Loss: 81.9435 | Epoch: 7246
    Eq omega: -0.562751 + -0.12948theta + 0.03578omega + -0.00002theta^2 + 0.00553theta omega + -0.08465omega^2 + -0.00321theta^3 + -0.01125theta^2 omega + -0.05192theta omega^2 + 0.01214omega^3
    Eq omega Phys: 0.057855*omega**3 - 0.008248*omega**2*theta - 0.085837*omega**2 - 6.0e-5*omega*theta**2 - 0.000679*omega*theta - 0.00072*omega - 0.e-6*theta**3 - 1.1e-5*theta**2 - 0.000212*theta - 0.002621
    Diffusion: theta=1.439150e-04, omega=7.298682e-06

--- Chunk 47490 (191/220) | Start: 2025-02-05 13:05:00 ---
    RMSE omega (GP): 0.003768 | RMSE omega (Sim): 0.082650
    Loss: 197.3640 | Epoch: 6136
    Eq omega: -0.139691 + -0.28402theta + -0.02306omega + 0.08760theta^2 + -0.00362theta omega + 0.00667omega^2 + -0.09443theta^3 + 0.08529theta^2 omega + -0.02498theta omega^2 + -0.10386omega^3
    Eq omega Phys: -0.960683*omega**3 - 0.007702*omega**2*theta - 0.026413*omega**2 + 0.000877*omega*theta**2 + 0.006788*omega*theta + 0.012372*omega - 3.2e-5*theta**3 - 0.000325*theta**2 - 0.001377*theta - 0.002621
    Diffusion: theta=9.790980e-05, omega=8.036395e-06

--- Chunk 47491 (192/220) | Start: 2025-02-05 13:10:00 ---
    RMSE omega (GP): 0.004281 | RMSE omega (Sim): 0.075816
    Loss: 145.0026 | Epoch: 9999
    Eq omega: 0.051151 + -0.03432theta + 0.00917omega + -0.00093theta^2 + 0.00032theta omega + 0.01501omega^2 + -0.00133theta^3 + -0.00366theta^2 omega + -0.00078theta omega^2 + 0.02803omega^3
    Eq omega Phys: 0.146729*omega**3 - 0.000136*omega**2*theta + 0.006952*omega**2 - 2.1e-5*omega*theta**2 + 0.000218*omega*theta - 0.000252*omega + 3.0e-6*theta**2 - 5.3e-5*theta + 0.000349
    Diffusion: theta=1.994422e-04, omega=1.016408e-05

--- Chunk 47492 (193/220) | Start: 2025-02-05 13:15:00 ---
    RMSE omega (GP): 0.003632 | RMSE omega (Sim): 0.175519
    Loss: 104.1207 | Epoch: 7174
    Eq omega: -0.078971 + -0.12361theta + 0.04966omega + -0.31497theta^2 + -0.00234theta omega + -0.07473omega^2 + -0.28777theta^3 + 0.01738theta^2 omega + 0.06657theta omega^2 + -0.00080omega^3
    Eq omega Phys: -0.004264*omega**3 + 0.011829*omega**2*theta - 0.027391*omega**2 + 0.000103*omega*theta**2 + 3.9e-5*omega*theta + 0.001656*omega - 5.7e-5*theta**3 - 0.000207*theta**2 - 0.00026*theta - 0.000276
    Diffusion: theta=5.838090e-05, omega=1.137240e-05

--- Chunk 47493 (194/220) | Start: 2025-02-05 13:20:00 ---
    RMSE omega (GP): nan | RMSE omega (Sim): nan
    Loss: 417.5666 | Epoch: 3359
    Eq omega: nan1 + nantheta + nanomega + nantheta^2 + nantheta omega + nanomega^2 + nantheta^3 + nantheta^2 omega + nantheta omega^2 + nanomega^3
    Eq omega Phys: N/A
    Diffusion: theta=nan, omega=nan

--- Chunk 47494 (195/220) | Start: 2025-02-05 13:25:00 ---
    RMSE omega (GP): 0.003892 | RMSE omega (Sim): 0.070648
    Loss: 377.9940 | Epoch: 8917
    Eq omega: -0.405251 + -0.02810theta + -0.09385omega + 0.00370theta^2 + -0.00444theta omega + -0.02153omega^2 + -0.00360theta^3 + 0.00013theta^2 omega + -0.00026theta omega^2 + -0.01218omega^3
    Eq omega Phys: -0.200249*omega**3 - 0.000142*omega**2*theta - 0.014487*omega**2 + 2.0e-6*omega*theta**2 - 0.000158*omega*theta - 0.001766*omega - 2.0e-6*theta**3 + 7.0e-5*theta**2 - 0.000776*theta + 0.002343
    Diffusion: theta=1.087921e-04, omega=6.534544e-06

--- Chunk 47495 (196/220) | Start: 2025-02-05 13:30:00 ---
    RMSE omega (GP): 0.003479 | RMSE omega (Sim): 0.094591
    Loss: 183.6304 | Epoch: 5851
    Eq omega: 0.002971 + -0.11234theta + -0.06330omega + -0.07397theta^2 + 0.09405theta omega + 0.12849omega^2 + -0.04775theta^3 + 0.00568theta^2 omega + 0.02175theta omega^2 + 0.00153omega^3
    Eq omega Phys: 0.015523*omega**3 + 0.007356*omega**2*theta + 0.037638*omega**2 + 6.4e-5*omega*theta**2 + 0.001178*omega*theta - 0.009674*omega - 1.8e-5*theta**3 + 0.000224*theta**2 - 0.001011*theta + 0.001719
    Diffusion: theta=7.268626e-05, omega=7.346891e-06

--- Chunk 47496 (197/220) | Start: 2025-02-05 13:35:00 ---
 lsoda--  warning..internal t (=r1) and h (=r2) are  
       such that in the machine, t + h = t on the next step  
       (h = step size). solver will continue anyway  
      in above,  r1 =  0.4000126053952D+01   r2 =  0.2166234170534D-15
 lsoda--  above warning has been issued i1 times.    
       it will not be issued again for this problem  
      in above message,  i1 =        10
 lsoda--  warning..internal t (=r1) and h (=r2) are  
       such that in the machine, t + h = t on the next step  
       (h = step size). solver will continue anyway  
      in above,  r1 =  0.3934840686513D+01   r2 =  0.1976863411385D-15
 lsoda--  warning..internal t (=r1) and h (=r2) are  
       such that in the machine, t + h = t on the next step  
       (h = step size). solver will continue anyway  
      in above,  r1 =  0.3934840686513D+01   r2 =  0.1976863411385D-15
 lsoda--  warning..internal t (=r1) and h (=r2) are  
       such that in the machine, t + h = t on the next step  
       (h = step size). solver will continue anyway  
      in above,  r1 =  0.3934840686513D+01   r2 =  0.1976863411385D-15
 lsoda--  warning..internal t (=r1) and h (=r2) are  
       such that in the machine, t + h = t on the next step  
       (h = step size). solver will continue anyway  
      in above,  r1 =  0.3934840686513D+01   r2 =  0.1624717658548D-15
 lsoda--  warning..internal t (=r1) and h (=r2) are  
       such that in the machine, t + h = t on the next step  
       (h = step size). solver will continue anyway  
      in above,  r1 =  0.3934840686513D+01   r2 =  0.1624717658548D-15
 lsoda--  warning..internal t (=r1) and h (=r2) are  
       such that in the machine, t + h = t on the next step  
       (h = step size). solver will continue anyway  
      in above,  r1 =  0.3934840686513D+01   r2 =  0.1624717658548D-15
 lsoda--  warning..internal t (=r1) and h (=r2) are  
       such that in the machine, t + h = t on the next step  
       (h = step size). solver will continue anyway  
      in above,  r1 =  0.3934840686513D+01   r2 =  0.1335300886278D-15
 lsoda--  warning..internal t (=r1) and h (=r2) are  
       such that in the machine, t + h = t on the next step  
       (h = step size). solver will continue anyway  
      in above,  r1 =  0.3934840686513D+01   r2 =  0.1335300886278D-15
 lsoda--  warning..internal t (=r1) and h (=r2) are  
       such that in the machine, t + h = t on the next step  
       (h = step size). solver will continue anyway  
      in above,  r1 =  0.3934840686513D+01   r2 =  0.1335300886278D-15
 lsoda--  warning..internal t (=r1) and h (=r2) are  
       such that in the machine, t + h = t on the next step  
       (h = step size). solver will continue anyway  
      in above,  r1 =  0.3934840686513D+01   r2 =  0.1097438958029D-15
 lsoda--  above warning has been issued i1 times.    
       it will not be issued again for this problem  
      in above message,  i1 =        10
 lsoda--  warning..internal t (=r1) and h (=r2) are  
       such that in the machine, t + h = t on the next step  
       (h = step size). solver will continue anyway  
      in above,  r1 =  0.3990667962425D+01   r2 =  0.2153597232928D-15
 lsoda--  warning..internal t (=r1) and h (=r2) are  
       such that in the machine, t + h = t on the next step  
       (h = step size). solver will continue anyway  
      in above,  r1 =  0.3990667962425D+01   r2 =  0.2153597232928D-15
 lsoda--  warning..internal t (=r1) and h (=r2) are  
       such that in the machine, t + h = t on the next step  
       (h = step size). solver will continue anyway  
      in above,  r1 =  0.3990667962425D+01   r2 =  0.2153597232928D-15
 lsoda--  warning..internal t (=r1) and h (=r2) are  
       such that in the machine, t + h = t on the next step  
       (h = step size). solver will continue anyway  
      in above,  r1 =  0.3990667962425D+01   r2 =  0.1769969221903D-15
 lsoda--  warning..internal t (=r1) and h (=r2) are  
       such that in the machine, t + h = t on the next step  
       (h = step size). solver will continue anyway  
      in above,  r1 =  0.3990667962425D+01   r2 =  0.1769969221903D-15
    RMSE omega (GP): 0.003879 | RMSE omega (Sim): nan
    Loss: 137.6165 | Epoch: 9600
    Eq omega: 0.052251 + -0.60029theta + 0.27216omega + 0.04195theta^2 + -0.10570theta omega + 0.05709omega^2 + -0.00085theta^3 + 0.05688theta^2 omega + 0.01495theta omega^2 + 0.02103omega^3
    Eq omega Phys: 0.128296*omega**3 + 0.00304*omega**2*theta + 0.018378*omega**2 + 0.000386*omega*theta**2 - 0.003457*omega*theta + 0.015186*omega + 2.2e-5*theta**2 - 0.000772*theta + 0.001871
    Diffusion: theta=1.090510e-04, omega=1.058658e-05

--- Chunk 47497 (198/220) | Start: 2025-02-05 13:40:00 ---
    RMSE omega (GP): 0.002958 | RMSE omega (Sim): 0.059933
    Loss: 144.0497 | Epoch: 6280
    Eq omega: -0.427261 + -0.34011theta + 0.00543omega + 0.25650theta^2 + 0.03437theta omega + -0.04934omega^2 + -0.01152theta^3 + 0.00742theta^2 omega + 0.00779theta omega^2 + 0.33125omega^3
    Eq omega Phys: 3.690204*omega**3 + 0.002893*omega**2*theta - 0.031721*omega**2 + 9.2e-5*omega*theta**2 + 0.000593*omega*theta - 0.000188*omega - 5.0e-6*theta**3 + 0.000182*theta**2 - 0.000581*theta - 0.000505
    Diffusion: theta=2.155533e-05, omega=6.035710e-06

--- Chunk 47498 (199/220) | Start: 2025-02-05 13:45:00 ---
    RMSE omega (GP): 0.004866 | RMSE omega (Sim): 0.102357
    Loss: 227.3634 | Epoch: 9999
    Eq omega: 0.002671 + -0.00016theta + 0.00070omega + -0.00068theta^2 + 0.00053theta omega + -0.00110omega^2 + -0.00017theta^3 + -0.00010theta^2 omega + 0.00075theta omega^2 + -0.00017omega^3
    Eq omega Phys: -0.001066*omega**3 + 0.000157*omega**2*theta - 0.002953*omega**2 - 0.e-6*omega*theta**2 + 3.0e-5*omega*theta - 0.000273*omega + 2.0e-6*theta**2 - 1.8e-5*theta + 7.6e-5
    Diffusion: theta=2.906430e-04, omega=8.311305e-06

--- Chunk 47499 (200/220) | Start: 2025-02-05 13:50:00 ---
    RMSE omega (GP): 0.003947 | RMSE omega (Sim): 0.315745
    Loss: 174.0031 | Epoch: 7763
    Eq omega: 0.032691 + -0.01906theta + 0.21611omega + -0.09500theta^2 + -0.04899theta omega + 0.06229omega^2 + -0.00152theta^3 + 0.00142theta^2 omega + -0.03934theta omega^2 + 0.00836omega^3
    Eq omega Phys: 0.062866*omega**3 - 0.009861*omega**2*theta + 0.118727*omega**2 + 1.2e-5*omega*theta**2 - 0.001028*omega*theta + 0.015397*omega - 4.2e-5*theta**2 + 0.000817*theta - 0.003608
    Diffusion: theta=8.834827e-05, omega=7.401754e-06

  [Progress 200/220] Mean RMSE omega (GP): 0.004085 | (Sim): 0.148213 | Mean loss: 32796.1343 | Valid GP: 144/200 | Valid Sim: 121/200 | Elapsed: 494.1min | ETA: 49.4min

--- Chunk 47500 (201/220) | Start: 2025-02-05 13:55:00 ---
    RMSE omega (GP): 0.003535 | RMSE omega (Sim): 0.087502
    Loss: 158.5917 | Epoch: 9999
    Eq omega: -0.067651 + 0.00625theta + -0.07446omega + -0.03691theta^2 + 0.03877theta omega + -0.10526omega^2 + -0.00648theta^3 + 0.02151theta^2 omega + 0.00019theta omega^2 + -0.04131omega^3
    Eq omega Phys: -0.343775*omega**3 + 5.3e-5*omega**2*theta - 0.056164*omega**2 + 0.000199*omega*theta**2 - 0.004796*omega*theta + 0.025845*omega - 2.0e-6*theta**3 + 6.1e-5*theta**2 - 0.000534*theta + 0.000879
    Diffusion: theta=1.357696e-04, omega=7.742241e-06

--- Chunk 47501 (202/220) | Start: 2025-02-05 14:00:00 ---
    RMSE omega (GP): nan | RMSE omega (Sim): nan
    Loss: 48199.8516 | Epoch: 1256
    Eq omega: nan1 + nantheta + nanomega + nantheta^2 + nantheta omega + nanomega^2 + nantheta^3 + nantheta^2 omega + nantheta omega^2 + nanomega^3
    Eq omega Phys: N/A
    Diffusion: theta=nan, omega=nan

--- Chunk 47502 (203/220) | Start: 2025-02-05 14:05:00 ---
    RMSE omega (GP): 0.003747 | RMSE omega (Sim): 0.065194
    Loss: 115.8242 | Epoch: 6041
    Eq omega: 0.031481 + -0.52251theta + -0.01329omega + -0.05598theta^2 + 0.09240theta omega + 0.02163omega^2 + -0.36115theta^3 + -0.09708theta^2 omega + 0.04483theta omega^2 + 0.05273omega^3
    Eq omega Phys: 0.294625*omega**3 + 0.008349*omega**2*theta + 0.0131*omega**2 - 0.000603*omega*theta**2 + 0.000786*omega*theta + 3.4e-5*omega - 7.5e-5*theta**3 - 0.000128*theta**2 - 0.00065*theta - 0.000193
    Diffusion: theta=8.251334e-05, omega=8.560194e-06

--- Chunk 47503 (204/220) | Start: 2025-02-05 14:10:00 ---
    RMSE omega (GP): nan | RMSE omega (Sim): nan
    Loss: 1145.8367 | Epoch: 1859
    Eq omega: nan1 + nantheta + nanomega + nantheta^2 + nantheta omega + nanomega^2 + nantheta^3 + nantheta^2 omega + nantheta omega^2 + nanomega^3
    Eq omega Phys: N/A
    Diffusion: theta=nan, omega=nan

--- Chunk 47504 (205/220) | Start: 2025-02-05 14:15:00 ---
    RMSE omega (GP): 0.003892 | RMSE omega (Sim): 0.038452
    Loss: 93.5203 | Epoch: 9999
    Eq omega: 0.098901 + -0.15290theta + -0.01044omega + 0.01150theta^2 + 0.04799theta omega + -0.04096omega^2 + -0.00805theta^3 + -0.00251theta^2 omega + -0.00013theta omega^2 + 0.01002omega^3
    Eq omega Phys: 0.042362*omega**3 - 1.8e-5*omega**2*theta - 0.015413*omega**2 - 1.2e-5*omega*theta**2 + 0.000553*omega*theta + 0.000813*omega - 1.0e-6*theta**3 - 3.0e-6*theta**2 - 0.000166*theta - 4.0e-5
    Diffusion: theta=1.246405e-04, omega=7.872840e-06

--- Chunk 47505 (206/220) | Start: 2025-02-05 14:20:00 ---
    RMSE omega (GP): nan | RMSE omega (Sim): nan
    Loss: 5514.5400 | Epoch: 1145
    Eq omega: nan1 + nantheta + nanomega + nantheta^2 + nantheta omega + nanomega^2 + nantheta^3 + nantheta^2 omega + nantheta omega^2 + nanomega^3
    Eq omega Phys: N/A
    Diffusion: theta=nan, omega=nan

--- Chunk 47506 (207/220) | Start: 2025-02-05 14:25:00 ---
    RMSE omega (GP): 0.004922 | RMSE omega (Sim): 0.124535
    Loss: 217.2951 | Epoch: 9618
    Eq omega: -0.023861 + -0.02946theta + 0.00730omega + 0.00523theta^2 + -0.00629theta omega + -0.00275omega^2 + -0.00490theta^3 + 0.00254theta^2 omega + -0.00038theta omega^2 + 0.00385omega^3
    Eq omega Phys: 0.021926*omega**3 - 7.2e-5*omega**2*theta - 0.000286*omega**2 + 1.6e-5*omega*theta**2 - 0.000498*omega*theta + 0.00397*omega - 1.0e-6*theta**3 + 4.2e-5*theta**2 - 0.000593*theta + 0.002849
    Diffusion: theta=nan, omega=nan

--- Chunk 47507 (208/220) | Start: 2025-02-05 14:30:00 ---
    RMSE omega (GP): 0.003684 | RMSE omega (Sim): nan
    Loss: 120.1872 | Epoch: 7499
    Eq omega: 0.003581 + -0.31249theta + 0.27997omega + -0.00394theta^2 + 0.04049theta omega + -0.00246omega^2 + -0.01383theta^3 + 0.00082theta^2 omega + 0.00456theta omega^2 + 0.02478omega^3
    Eq omega Phys: 0.146909*omega**3 + 0.000901*omega**2*theta + 0.001713*omega**2 + 5.0e-6*omega*theta**2 + 0.000634*omega*theta + 0.011254*omega - 3.0e-6*theta**3 - 3.0e-5*theta**2 - 0.000448*theta - 0.001183
    Diffusion: theta=1.106245e-04, omega=1.027725e-05

--- Chunk 47508 (209/220) | Start: 2025-02-05 14:35:00 ---
    RMSE omega (GP): 0.003598 | RMSE omega (Sim): nan
    Loss: 289.2138 | Epoch: 9999
    Eq omega: 0.034991 + -0.00290theta + 0.13935omega + -0.02260theta^2 + 0.00399theta omega + 0.03495omega^2 + -0.00122theta^3 + 0.00030theta^2 omega + 0.00984theta omega^2 + 0.00740omega^3
    Eq omega Phys: 0.108109*omega**3 + 0.004792*omega**2*theta - 0.024525*omega**2 + 5.0e-6*omega*theta**2 - 7.0e-6*omega*theta + 0.004205*omega - 0.e-6*theta**3 + 3.0e-6*theta**2 + 0.000148*theta - 0.001035
    Diffusion: theta=1.347361e-04, omega=6.964892e-06

--- Chunk 47509 (210/220) | Start: 2025-02-05 14:40:00 ---
    RMSE omega (GP): 0.004213 | RMSE omega (Sim): 0.060211
    Loss: 558.0516 | Epoch: 9999
    Eq omega: -0.013891 + -0.03090theta + -0.01728omega + 0.00002theta^2 + -0.00097theta omega + 0.00155omega^2 + -0.00097theta^3 + -0.00079theta^2 omega + 0.00057theta omega^2 + -0.00063omega^3
    Eq omega Phys: -0.012622*omega**3 + 0.000381*omega**2*theta + 0.007298*omega**2 - 1.8e-5*omega*theta**2 - 0.000584*omega*theta - 0.005409*omega - 0.e-6*theta**3 - 3.4e-5*theta**2 - 0.000576*theta - 0.003421
    Diffusion: theta=3.045801e-04, omega=5.906259e-06

--- Chunk 47510 (211/220) | Start: 2025-02-05 14:45:00 ---
    RMSE omega (GP): 0.004324 | RMSE omega (Sim): 0.351524
    Loss: 183.8535 | Epoch: 7459
    Eq omega: -0.888691 + 0.08556theta + 0.60200omega + -0.24130theta^2 + 0.04879theta omega + 0.74281omega^2 + -0.23672theta^3 + 0.02404theta^2 omega + 0.28322theta omega^2 + -0.17375omega^3
    Eq omega Phys: -1.14656*omega**3 + 0.062298*omega**2*theta + 0.521873*omega**2 + 0.000176*omega*theta**2 + 0.001745*omega*theta + 0.023558*omega - 5.8e-5*theta**3 - 0.000609*theta**2 - 0.001951*theta - 0.004065
    Diffusion: theta=1.619774e-04, omega=9.616208e-06

--- Chunk 47511 (212/220) | Start: 2025-02-05 14:50:00 ---
    RMSE omega (GP): nan | RMSE omega (Sim): nan
    Loss: 7319.5171 | Epoch: 615
    Eq omega: nan1 + nantheta + nanomega + nantheta^2 + nantheta omega + nanomega^2 + nantheta^3 + nantheta^2 omega + nantheta omega^2 + nanomega^3
    Eq omega Phys: N/A
    Diffusion: theta=nan, omega=nan

--- Chunk 47512 (213/220) | Start: 2025-02-05 14:55:00 ---
    RMSE omega (GP): 0.012594 | RMSE omega (Sim): 0.057891
    Loss: 4724.9033 | Epoch: 9999
    Eq omega: 0.011131 + 0.00316theta + 0.02036omega + -0.01051theta^2 + 0.00209theta omega + 0.00649omega^2 + -0.00106theta^3 + 0.00003theta^2 omega + 0.00956theta omega^2 + 0.00348omega^3
    Eq omega Phys: 0.067228*omega**3 + 0.006156*omega**2*theta - 0.110829*omega**2 + 1.0e-6*omega*theta**2 + 3.2e-5*omega*theta - 0.000146*omega - 0.e-6*theta**3 + 3.4e-5*theta**2 - 0.000452*theta + 0.001699
    Diffusion: theta=2.708221e-04, omega=2.605399e-06

--- Chunk 47513 (214/220) | Start: 2025-02-05 15:00:00 ---
    RMSE omega (GP): 0.003757 | RMSE omega (Sim): 0.050043
    Loss: 131.2457 | Epoch: 6689
    Eq omega: -0.103981 + -0.08247theta + -0.14424omega + -0.00060theta^2 + -0.21601theta omega + 0.00195omega^2 + -0.06913theta^3 + -0.04943theta^2 omega + 0.01206theta omega^2 + -0.10077omega^3
    Eq omega Phys: -0.625063*omega**3 + 0.002494*omega**2*theta + 0.024195*omega**2 - 0.000341*omega*theta**2 - 0.009643*omega*theta - 0.065179*omega - 1.6e-5*theta**3 - 0.000446*theta**2 - 0.00426*theta - 0.014108
    Diffusion: theta=4.231123e-05, omega=1.149768e-05

--- Chunk 47514 (215/220) | Start: 2025-02-05 15:05:00 ---
    RMSE omega (GP): nan | RMSE omega (Sim): nan
    Loss: 24759.1953 | Epoch: 1058
    Eq omega: nan1 + nantheta + nanomega + nantheta^2 + nantheta omega + nanomega^2 + nantheta^3 + nantheta^2 omega + nantheta omega^2 + nanomega^3
    Eq omega Phys: N/A
    Diffusion: theta=nan, omega=nan

--- Chunk 47515 (216/220) | Start: 2025-02-05 15:10:00 ---
    RMSE omega (GP): nan | RMSE omega (Sim): nan
    Loss: 9130.2139 | Epoch: 997
    Eq omega: nan1 + nantheta + nanomega + nantheta^2 + nantheta omega + nanomega^2 + nantheta^3 + nantheta^2 omega + nantheta omega^2 + nanomega^3
    Eq omega Phys: N/A
    Diffusion: theta=nan, omega=nan

--- Chunk 47516 (217/220) | Start: 2025-02-05 15:15:00 ---
    RMSE omega (GP): 0.003931 | RMSE omega (Sim): 0.079699
    Loss: 138.3137 | Epoch: 8285
    Eq omega: 0.004901 + 0.00146theta + -0.04992omega + -0.00954theta^2 + 0.04970theta omega + 0.00789omega^2 + 0.00035theta^3 + 0.00023theta^2 omega + 0.00102theta omega^2 + -0.05047omega^3
    Eq omega Phys: -0.307301*omega**3 + 0.000207*omega**2*theta + 0.0051*omega**2 + 2.0e-6*omega*theta**2 + 0.00077*omega*theta + 0.003995*omega - 3.0e-6*theta**2 - 5.6e-5*theta - 0.000209
    Diffusion: theta=1.687807e-04, omega=7.695777e-06

--- Chunk 47517 (218/220) | Start: 2025-02-05 15:20:00 ---
    RMSE omega (GP): nan | RMSE omega (Sim): nan
    Loss: 265.1548 | Epoch: 8881
    Eq omega: nan1 + nantheta + nanomega + nantheta^2 + nantheta omega + nanomega^2 + nantheta^3 + nantheta^2 omega + nantheta omega^2 + nanomega^3
    Eq omega Phys: N/A
    Diffusion: theta=nan, omega=nan

--- Chunk 47518 (219/220) | Start: 2025-02-05 15:25:00 ---
    RMSE omega (GP): 0.003856 | RMSE omega (Sim): nan
    Loss: 231.5719 | Epoch: 9999
    Eq omega: 0.004731 + -0.01073theta + 0.03607omega + 0.02244theta^2 + -0.00580theta omega + -0.00650omega^2 + -0.00876theta^3 + 0.00324theta^2 omega + 0.10139theta omega^2 + -0.00780omega^3
    Eq omega Phys: -0.080594*omega**3 + 0.034921*omega**2*theta - 0.247298*omega**2 + 3.7e-5*omega*theta**2 - 0.000632*omega*theta + 0.003802*omega - 3.0e-6*theta**3 + 8.5e-5*theta**2 - 0.000705*theta + 0.00194
    Diffusion: theta=4.978749e-05, omega=7.873297e-06

--- Chunk 47519 (220/220) | Start: 2025-02-05 15:30:00 ---
    RMSE omega (GP): 0.003659 | RMSE omega (Sim): 0.089779
    Loss: 94.7962 | Epoch: 7740
    Eq omega: -0.018431 + -0.16708theta + -0.03017omega + -0.00520theta^2 + 0.00395theta omega + 0.00210omega^2 + -0.00532theta^3 + 0.00114theta^2 omega + -0.03082theta omega^2 + 0.00076omega^3
    Eq omega Phys: 0.003668*omega**3 - 0.004959*omega**2*theta - 0.027792*omega**2 + 6.0e-6*omega*theta**2 + 0.000123*omega*theta - 0.000497*omega - 0.e-6*theta**3 - 1.9e-5*theta**2 - 0.000308*theta - 0.001383
    Diffusion: theta=9.705294e-05, omega=1.146486e-05

  [Progress 220/220] Mean RMSE omega (GP): 0.004127 | (Sim): 0.144570 | Mean loss: 30284.6297 | Valid GP: 157/220 | Valid Sim: 131/220 | Elapsed: 545.1min | ETA: 0.0min

============================================================
EVALUATION COMPLETE — Chunks [47300, 47519]
============================================================
Chunks processed: 220
Chunks succeeded GP:  157 (71.4%)
Chunks succeeded Sim: 131 (59.5%)
Mean GP RMSE omega:   0.004127 ± 0.002069
Mean SIM RMSE omega:  0.144570 ± 0.373156
Mean Loss:            30284.6297 ± 221426.2091
Elapsed time:     545.1 minutes

Per-chunk CSV: /pfs/data6/home/ka/ka_iai/ka_bj2362/dsr/svise/results_5min_all_chunks/run_SLURM_3733210_combo5/chunks_47300_to_47519_20260323_063005.csv
Summary JSON:  /pfs/data6/home/ka/ka_iai/ka_bj2362/dsr/svise/results_5min_all_chunks/run_SLURM_3733210_combo5/summary_47300_to_47519_20260323_063005.json
============================================================
 lsoda--  warning..internal t (=r1) and h (=r2) are  
       such that in the machine, t + h = t on the next step  
       (h = step size). solver will continue anyway  
      in above,  r1 =  0.3990667962425D+01   r2 =  0.1769969221903D-15
 lsoda--  warning..internal t (=r1) and h (=r2) are  
       such that in the machine, t + h = t on the next step  
       (h = step size). solver will continue anyway  
      in above,  r1 =  0.3990667962425D+01   r2 =  0.1454678246507D-15
 lsoda--  warning..internal t (=r1) and h (=r2) are  
       such that in the machine, t + h = t on the next step  
       (h = step size). solver will continue anyway  
      in above,  r1 =  0.3990667962425D+01   r2 =  0.1454678246507D-15
 lsoda--  warning..internal t (=r1) and h (=r2) are  
       such that in the machine, t + h = t on the next step  
       (h = step size). solver will continue anyway  
      in above,  r1 =  0.3990667962425D+01   r2 =  0.1454678246507D-15
 lsoda--  warning..internal t (=r1) and h (=r2) are  
       such that in the machine, t + h = t on the next step  
       (h = step size). solver will continue anyway  
      in above,  r1 =  0.3990667962425D+01   r2 =  0.1195551184923D-15
 lsoda--  above warning has been issued i1 times.    
       it will not be issued again for this problem  
      in above message,  i1 =        10
 lsoda--  warning..internal t (=r1) and h (=r2) are  
       such that in the machine, t + h = t on the next step  
       (h = step size). solver will continue anyway  
      in above,  r1 =  0.8351742333362D+01   r2 =  0.8195642906992D-15
 lsoda--  warning..internal t (=r1) and h (=r2) are  
       such that in the machine, t + h = t on the next step  
       (h = step size). solver will continue anyway  
      in above,  r1 =  0.8351742333362D+01   r2 =  0.8195642906992D-15
 lsoda--  warning..internal t (=r1) and h (=r2) are  
       such that in the machine, t + h = t on the next step  
       (h = step size). solver will continue anyway  
      in above,  r1 =  0.8351742333362D+01   r2 =  0.8195642906992D-15
 lsoda--  warning..internal t (=r1) and h (=r2) are  
       such that in the machine, t + h = t on the next step  
       (h = step size). solver will continue anyway  
      in above,  r1 =  0.8351742333362D+01   r2 =  0.6735723583718D-15
 lsoda--  warning..internal t (=r1) and h (=r2) are  
       such that in the machine, t + h = t on the next step  
       (h = step size). solver will continue anyway  
      in above,  r1 =  0.8351742333362D+01   r2 =  0.6735723583718D-15
 lsoda--  warning..internal t (=r1) and h (=r2) are  
       such that in the machine, t + h = t on the next step  
       (h = step size). solver will continue anyway  
      in above,  r1 =  0.8351742333362D+01   r2 =  0.6735723583718D-15
 lsoda--  warning..internal t (=r1) and h (=r2) are  
       such that in the machine, t + h = t on the next step  
       (h = step size). solver will continue anyway  
      in above,  r1 =  0.8351742333362D+01   r2 =  0.5535864936087D-15
 lsoda--  warning..internal t (=r1) and h (=r2) are  
       such that in the machine, t + h = t on the next step  
       (h = step size). solver will continue anyway  
      in above,  r1 =  0.8351742333362D+01   r2 =  0.5535864936087D-15
 lsoda--  warning..internal t (=r1) and h (=r2) are  
       such that in the machine, t + h = t on the next step  
       (h = step size). solver will continue anyway  
      in above,  r1 =  0.8351742333362D+01   r2 =  0.5535864936087D-15
 lsoda--  warning..internal t (=r1) and h (=r2) are  
       such that in the machine, t + h = t on the next step  
       (h = step size). solver will continue anyway  
      in above,  r1 =  0.8351742333362D+01   r2 =  0.4549741421655D-15
 lsoda--  above warning has been issued i1 times.    
       it will not be issued again for this problem  
      in above message,  i1 =        10

============================= JOB FEEDBACK =============================

NodeName=uc3n059
Job ID: 3734078
Array Job ID: 3733210_215
Cluster: uc3
User/Group: ka_bj2362/ka_iai
State: COMPLETED (exit code 0)
Nodes: 1
Cores per node: 4
CPU Utilized: 09:01:40
CPU Efficiency: 24.83% of 1-12:21:44 core-walltime
Job Wall-clock time: 09:05:26
Memory Utilized: 3.67 GB
Memory Efficiency: 30.57% of 12.00 GB (12.00 GB/node)
