Array task 416: processing chunks 91520 to 91739
Loading data from /pfs/data6/home/ka/ka_iai/ka_bj2362/dsr/svise/../dataset/South_Korea_2024-08-15_2025-08-31_1s.parquet...
Finding all valid 5-minute chunks in the dataset...
Found 107059 valid 5-minute chunks in total.

============================================================
SVISE FINAL EVALUATION — ALL CHUNKS
============================================================
Hyperparameters: {
  "model": "integrator",
  "sigma": 0,
  "degree": 3,
  "tau": 0.01,
  "lr": 0.001,
  "n_tau": 100,
  "measurement_noise": 1e-05,
  "n_reparam_samples": 15
}
Total valid chunks in dataset: 107059
Processing chunk range: [91520, 91739] (220 chunks)
Early stopping: patience=300, max_epochs=10000
============================================================


--- Chunk 91520 (1/220) | Start: 2025-07-08 21:35:00 ---
/pfs/data6/home/ka/ka_iai/ka_bj2362/dsr/svise/svise/sde_learning/_marginal_sde.py:284: UserWarning: torch.triangular_solve is deprecated in favor of torch.linalg.solve_triangularand will be removed in a future PyTorch release.
torch.linalg.solve_triangular has its arguments reversed and does not return a copy of one of the inputs.
X = torch.triangular_solve(B, A).solution
should be replaced with
X = torch.linalg.solve_triangular(A, B). (Triggered internally at ../aten/src/ATen/native/BatchLinearAlgebra.cpp:2192.)
  return torch.triangular_solve(self.raw_w, self.C.t()).solution
/pfs/data6/home/ka/ka_iai/ka_bj2362/dsr/svise/svise/quadrature/_unbiased_quadrature.py:196: UserWarning: Interp is nan, reducing interp degree.
  warnings.warn("Interp is nan, reducing interp degree.")
    RMSE omega (GP): 0.004285 | RMSE omega (Sim): 0.046388
    Loss: 146.1876 | Epoch: 6541
    Eq omega: 0.041791 + -0.02973theta + -0.04810omega + 0.01039theta^2 + 0.13445theta omega + -0.33832omega^2 + -0.13617theta^3 + -0.10533theta^2 omega + -0.00034theta omega^2 + -0.08047omega^3
    Eq omega Phys: -0.428687*omega**3 - 6.0e-5*omega**2*theta - 0.142559*omega**2 - 0.000623*omega*theta**2 + 0.002059*omega*theta - 0.001873*omega - 2.7e-5*theta**3 + 1.6e-5*theta**2 - 3.6e-5*theta + 0.000115
    Diffusion: theta=1.844868e-04, omega=1.102187e-05

--- Chunk 91521 (2/220) | Start: 2025-07-08 21:40:00 ---
/pfs/data6/home/ka/ka_iai/ka_bj2362/dsr/svise/svise/quadrature/_unbiased_quadrature.py:174: UserWarning: NaN detected in fxq (quadrature node evaluations). Clamping to 0.
  warnings.warn("NaN detected in fxq (quadrature node evaluations). Clamping to 0.")
/pfs/data6/home/ka/ka_iai/ka_bj2362/dsr/svise/svise/quadrature/_unbiased_quadrature.py:177: UserWarning: NaN detected in fmc (Monte-Carlo node evaluations). Clamping to 0.
  warnings.warn("NaN detected in fmc (Monte-Carlo node evaluations). Clamping to 0.")
    RMSE omega (GP): 0.004225 | RMSE omega (Sim): 0.054900
    Loss: 281.5431 | Epoch: 5344
    Eq omega: 0.217221 + -0.12138theta + -0.42949omega + -0.26245theta^2 + -0.70684theta omega + 0.47928omega^2 + -2.15193theta^3 + -0.19963theta^2 omega + 0.00681theta omega^2 + -0.00489omega^3
    Eq omega Phys: -0.051266*omega**3 + 0.00238*omega**2*theta + 0.283788*omega**2 - 0.002325*omega*theta**2 - 0.01483*omega*theta - 0.017106*omega - 0.000836*theta**3 - 0.000659*theta**2 - 0.000296*theta + 0.00037
    Diffusion: theta=8.076105e-05, omega=9.524164e-06

--- Chunk 91522 (3/220) | Start: 2025-07-08 21:45:00 ---
    RMSE omega (GP): 0.003537 | RMSE omega (Sim): 0.099908
    Loss: 64.3918 | Epoch: 9567
    Eq omega: -0.089141 + -0.18537theta + 0.06076omega + -0.01460theta^2 + 0.00495theta omega + -0.03994omega^2 + -0.00159theta^3 + 0.00228theta^2 omega + -0.01841theta omega^2 + 0.00969omega^3
    Eq omega Phys: 0.034312*omega**3 - 0.002173*omega**2*theta + 0.014868*omega**2 + 9.0e-6*omega*theta**2 - 0.000179*omega*theta + 0.002832*omega + 3.0e-6*theta**2 - 0.000168*theta + 0.001932
    Diffusion: theta=8.397784e-05, omega=1.194503e-05

--- Chunk 91523 (4/220) | Start: 2025-07-08 21:50:00 ---
    RMSE omega (GP): 0.003730 | RMSE omega (Sim): 0.060717
    Loss: 80.2322 | Epoch: 6683
    Eq omega: 0.157681 + -0.13414theta + 0.00865omega + 0.04551theta^2 + -0.03502theta omega + 0.00724omega^2 + -0.00194theta^3 + 0.01096theta^2 omega + -0.02501theta omega^2 + -0.06960omega^3
    Eq omega Phys: -0.268153*omega**3 - 0.003212*omega**2*theta - 7.3e-5*omega**2 + 4.7e-5*omega*theta**2 - 0.00034*omega*theta - 2.7e-5*omega + 1.7e-5*theta**2 - 0.00012*theta + 0.000377
    Diffusion: theta=2.035175e-04, omega=1.610861e-05

--- Chunk 91524 (5/220) | Start: 2025-07-08 21:55:00 ---
    RMSE omega (GP): 0.003218 | RMSE omega (Sim): 0.057769
    Loss: 116.2092 | Epoch: 7674
    Eq omega: -0.117301 + -0.22933theta + -0.42312omega + -0.06107theta^2 + -0.27134theta omega + -0.03087omega^2 + -0.00093theta^3 + -0.00306theta^2 omega + -0.00192theta omega^2 + -0.00866omega^3
    Eq omega Phys: -0.066964*omega**3 - 0.000495*omega**2*theta - 0.011373*omega**2 - 2.6e-5*omega*theta**2 - 0.004135*omega*theta + 0.023805*omega - 2.8e-5*theta**2 + 0.000283*theta - 0.000468
    Diffusion: theta=7.250746e-05, omega=8.335674e-06

--- Chunk 91525 (6/220) | Start: 2025-07-08 22:00:00 ---
    RMSE omega (GP): 0.004800 | RMSE omega (Sim): 0.045042
    Loss: 388.1815 | Epoch: 6940
    Eq omega: -0.057261 + -0.01794theta + 0.02260omega + -0.00091theta^2 + 0.01006theta omega + -0.00053omega^2 + -0.00074theta^3 + -0.00019theta^2 omega + -0.00134theta omega^2 + 0.00110omega^3
    Eq omega Phys: 0.01174*omega**3 - 0.000477*omega**2*theta - 0.006098*omega**2 - 2.0e-6*omega*theta**2 + 0.000145*omega*theta + 0.002848*omega - 1.1e-5*theta**2 - 0.000164*theta - 0.000959
    Diffusion: theta=nan, omega=nan

--- Chunk 91526 (7/220) | Start: 2025-07-08 22:05:00 ---
    RMSE omega (GP): 0.004160 | RMSE omega (Sim): 0.065396
    Loss: 267.7861 | Epoch: 7993
    Eq omega: 0.008251 + -0.01784theta + 0.01550omega + 0.00275theta^2 + 0.00391theta omega + 0.02669omega^2 + -0.00236theta^3 + 0.00085theta^2 omega + -0.00118theta omega^2 + -0.01021omega^3
    Eq omega Phys: -0.105032*omega**3 - 0.000405*omega**2*theta + 0.012158*omega**2 + 1.0e-5*omega*theta**2 + 0.000243*omega*theta + 0.001886*omega - 0.e-6*theta**3 - 2.1e-5*theta**2 - 0.000188*theta - 0.00059
    Diffusion: theta=8.024087e-05, omega=6.784926e-06

--- Chunk 91527 (8/220) | Start: 2025-07-08 22:10:00 ---
    RMSE omega (GP): 0.014371 | RMSE omega (Sim): 0.093048
    Loss: 1072.7833 | Epoch: 1554
    Eq omega: 0.067181 + -0.01623theta + 0.01831omega + 0.00066theta^2 + -0.00318theta omega + 0.00648omega^2 + -0.00019theta^3 + -0.00015theta^2 omega + -0.00056theta omega^2 + 0.00119omega^3
    Eq omega Phys: 0.004007*omega**3 - 6.3e-5*omega**2*theta + 0.003624*omega**2 - 0.e-6*omega*theta**2 - 1.0e-5*omega*theta + 0.001131*omega + 2.0e-6*theta**2 - 6.7e-5*theta + 0.001064
    Diffusion: theta=nan, omega=nan

--- Chunk 91528 (9/220) | Start: 2025-07-08 22:15:00 ---
    RMSE omega (GP): nan | RMSE omega (Sim): nan
    Loss: 2181660.5000 | Epoch: 870
    Eq omega: nan1 + nantheta + nanomega + nantheta^2 + nantheta omega + nanomega^2 + nantheta^3 + nantheta^2 omega + nantheta omega^2 + nanomega^3
    Eq omega Phys: N/A
    Diffusion: theta=nan, omega=nan

--- Chunk 91529 (10/220) | Start: 2025-07-08 22:20:00 ---
    RMSE omega (GP): nan | RMSE omega (Sim): nan
    Loss: 116717.8828 | Epoch: 1399
    Eq omega: nan1 + nantheta + nanomega + nantheta^2 + nantheta omega + nanomega^2 + nantheta^3 + nantheta^2 omega + nantheta omega^2 + nanomega^3
    Eq omega Phys: N/A
    Diffusion: theta=nan, omega=nan

--- Chunk 91530 (11/220) | Start: 2025-07-08 22:25:00 ---
    RMSE omega (GP): nan | RMSE omega (Sim): nan
    Loss: 205701.7812 | Epoch: 1275
    Eq omega: nan1 + nantheta + nanomega + nantheta^2 + nantheta omega + nanomega^2 + nantheta^3 + nantheta^2 omega + nantheta omega^2 + nanomega^3
    Eq omega Phys: N/A
    Diffusion: theta=nan, omega=nan

--- Chunk 91531 (12/220) | Start: 2025-07-08 22:30:00 ---
    RMSE omega (GP): nan | RMSE omega (Sim): nan
    Loss: 169163.7656 | Epoch: 1893
    Eq omega: nan1 + nantheta + nanomega + nantheta^2 + nantheta omega + nanomega^2 + nantheta^3 + nantheta^2 omega + nantheta omega^2 + nanomega^3
    Eq omega Phys: N/A
    Diffusion: theta=nan, omega=nan

--- Chunk 91532 (13/220) | Start: 2025-07-08 22:35:00 ---
    RMSE omega (GP): nan | RMSE omega (Sim): nan
    Loss: 315989.1250 | Epoch: 1402
    Eq omega: nan1 + nantheta + nanomega + nantheta^2 + nantheta omega + nanomega^2 + nantheta^3 + nantheta^2 omega + nantheta omega^2 + nanomega^3
    Eq omega Phys: N/A
    Diffusion: theta=nan, omega=nan

--- Chunk 91533 (14/220) | Start: 2025-07-08 22:40:00 ---
    RMSE omega (GP): nan | RMSE omega (Sim): nan
    Loss: 18768.3203 | Epoch: 1520
    Eq omega: nan1 + nantheta + nanomega + nantheta^2 + nantheta omega + nanomega^2 + nantheta^3 + nantheta^2 omega + nantheta omega^2 + nanomega^3
    Eq omega Phys: N/A
    Diffusion: theta=nan, omega=nan

--- Chunk 91534 (15/220) | Start: 2025-07-08 22:45:00 ---
    RMSE omega (GP): nan | RMSE omega (Sim): nan
    Loss: 15924.4424 | Epoch: 1510
    Eq omega: nan1 + nantheta + nanomega + nantheta^2 + nantheta omega + nanomega^2 + nantheta^3 + nantheta^2 omega + nantheta omega^2 + nanomega^3
    Eq omega Phys: N/A
    Diffusion: theta=nan, omega=nan

--- Chunk 91535 (16/220) | Start: 2025-07-08 22:50:00 ---
    RMSE omega (GP): nan | RMSE omega (Sim): nan
    Loss: 201503.6406 | Epoch: 1471
    Eq omega: nan1 + nantheta + nanomega + nantheta^2 + nantheta omega + nanomega^2 + nantheta^3 + nantheta^2 omega + nantheta omega^2 + nanomega^3
    Eq omega Phys: N/A
    Diffusion: theta=nan, omega=nan

--- Chunk 91536 (17/220) | Start: 2025-07-08 22:55:00 ---
    RMSE omega (GP): 0.004945 | RMSE omega (Sim): 0.106298
    Loss: 375.2384 | Epoch: 9999
    Eq omega: -0.002441 + 0.00291theta + 0.00062omega + 0.00016theta^2 + 0.00213theta omega + 0.00384omega^2 + 0.00013theta^3 + -0.00049theta^2 omega + 0.00051theta omega^2 + -0.00029omega^3
    Eq omega Phys: -0.002825*omega**3 + 0.000166*omega**2*theta - 0.000611*omega**2 - 5.0e-6*omega*theta**2 + 0.00022*omega*theta - 0.002179*omega - 2.0e-6*theta**2 + 4.0e-5*theta - 0.000257
    Diffusion: theta=4.343882e-04, omega=5.134893e-06

--- Chunk 91537 (18/220) | Start: 2025-07-08 23:00:00 ---
    RMSE omega (GP): 0.003878 | RMSE omega (Sim): 0.082509
    Loss: 41.1444 | Epoch: 9681
    Eq omega: -0.050731 + -0.02916theta + -0.01441omega + -0.03489theta^2 + -0.00370theta omega + -0.02670omega^2 + 0.00169theta^3 + 0.00025theta^2 omega + -0.00748theta omega^2 + -0.02196omega^3
    Eq omega Phys: -0.042591*omega**3 - 0.000484*omega**2*theta - 0.003473*omega**2 + 1.0e-6*omega*theta**2 - 3.9e-5*omega*theta - 0.00024*omega - 1.2e-5*theta**2 + 0.00012*theta - 0.000502
    Diffusion: theta=1.975864e-04, omega=1.651288e-05

--- Chunk 91538 (19/220) | Start: 2025-07-08 23:05:00 ---
    RMSE omega (GP): 0.003916 | RMSE omega (Sim): 0.086715
    Loss: 88.3766 | Epoch: 8144
    Eq omega: 0.005441 + -0.01544theta + -0.04029omega + 0.00634theta^2 + -0.00147theta omega + 0.00594omega^2 + -0.00114theta^3 + -0.00096theta^2 omega + 0.00179theta omega^2 + -0.01553omega^3
    Eq omega Phys: -0.060291*omega**3 + 0.000232*omega**2*theta + 0.005213*omega**2 - 4.0e-6*omega*theta**2 - 0.000128*omega*theta - 0.002307*omega - 4.0e-6*theta**2 - 3.7e-5*theta - 0.000148
    Diffusion: theta=1.647675e-04, omega=1.253096e-05

--- Chunk 91539 (20/220) | Start: 2025-07-08 23:10:00 ---
    RMSE omega (GP): 0.003916 | RMSE omega (Sim): 0.110152
    Loss: 55.5092 | Epoch: 9999
    Eq omega: -0.023371 + -0.24174theta + -0.01833omega + 0.00682theta^2 + -0.25600theta omega + -0.05455omega^2 + -0.03276theta^3 + -0.01197theta^2 omega + 0.05401theta omega^2 + -0.01078omega^3
    Eq omega Phys: -0.02788*omega**3 + 0.004656*omega**2*theta + 0.047501*omega**2 - 3.4e-5*omega*theta**2 - 0.003444*omega*theta - 0.041192*omega - 3.0e-6*theta**3 - 0.000126*theta**2 - 0.00196*theta - 0.011305
    Diffusion: theta=2.302486e-04, omega=1.041520e-05

--- Chunk 91540 (21/220) | Start: 2025-07-08 23:15:00 ---
    RMSE omega (GP): 0.004223 | RMSE omega (Sim): 0.064073
    Loss: 237.8557 | Epoch: 9999
    Eq omega: -0.007261 + -0.00132theta + -0.00337omega + -0.00268theta^2 + -0.00152theta omega + -0.00389omega^2 + -0.00003theta^3 + 0.00025theta^2 omega + -0.00029theta omega^2 + -0.00036omega^3
    Eq omega Phys: -0.003164*omega**3 - 8.5e-5*omega**2*theta - 0.000585*omega**2 + 2.0e-6*omega*theta**2 - 0.000115*omega*theta + 0.00116*omega - 1.0e-6*theta**2 + 4.7e-5*theta - 0.000449
    Diffusion: theta=1.500321e-04, omega=7.778332e-06

--- Chunk 91541 (22/220) | Start: 2025-07-08 23:20:00 ---
    RMSE omega (GP): 0.003124 | RMSE omega (Sim): 0.053932
    Loss: 178.6190 | Epoch: 6104
    Eq omega: -0.095191 + -0.10649theta + -0.01829omega + -0.01067theta^2 + 0.30066theta omega + -0.05534omega^2 + -0.02499theta^3 + -0.00649theta^2 omega + -0.02623theta omega^2 + 0.02310omega^3
    Eq omega Phys: 0.282017*omega**3 - 0.010674*omega**2*theta - 0.059134*omega**2 - 8.8e-5*omega*theta**2 + 0.006*omega*theta + 0.013225*omega - 1.1e-5*theta**3 - 8.3e-5*theta**2 - 0.000321*theta - 0.000593
    Diffusion: theta=6.822685e-05, omega=7.014989e-06

--- Chunk 91542 (23/220) | Start: 2025-07-08 23:25:00 ---
    RMSE omega (GP): 0.003925 | RMSE omega (Sim): 0.068045
    Loss: 99.7178 | Epoch: 9999
    Eq omega: 0.009361 + 0.00486theta + 0.01177omega + 0.01781theta^2 + 0.00142theta omega + -0.00228omega^2 + -0.00408theta^3 + 0.00016theta^2 omega + 0.00346theta omega^2 + 0.00672omega^3
    Eq omega Phys: 0.027044*omega**3 + 0.000464*omega**2*theta - 0.00562*omega**2 + 1.0e-6*omega*theta**2 + 3.0e-6*omega*theta + 0.00029*omega - 0.e-6*theta**3 + 2.6e-5*theta**2 - 0.000338*theta + 0.001409
    Diffusion: theta=6.196655e-04, omega=1.054938e-05

--- Chunk 91543 (24/220) | Start: 2025-07-08 23:30:00 ---
/pfs/data6/home/ka/ka_iai/ka_bj2362/dsr/svise/run_analysis_5min_all_chunks_combo5.py:212: ODEintWarning: Excess work done on this call (perhaps wrong Dfun type). Run with full_output = 1 to get quantitative information.
  sol_scaled = odeint(drift, x0_scaled, t_scaled, full_output=False)
    RMSE omega (GP): 0.003201 | RMSE omega (Sim): nan
    Loss: 102.9629 | Epoch: 7436
    Eq omega: -0.155291 + -0.02549theta + 0.24321omega + -0.00311theta^2 + 0.36249theta omega + -0.36620omega^2 + -0.10799theta^3 + -0.02316theta^2 omega + -0.19011theta omega^2 + 0.09518omega^3
    Eq omega Phys: 0.652518*omega**3 - 0.043444*omega**2*theta - 0.026248*omega**2 - 0.000176*omega*theta**2 + 0.006985*omega*theta - 0.013748*omega - 2.7e-5*theta**3 + 0.00028*theta**2 - 0.000982*theta + 0.000819
    Diffusion: theta=2.499547e-05, omega=8.741552e-06

--- Chunk 91544 (25/220) | Start: 2025-07-08 23:35:00 ---
    RMSE omega (GP): 0.005318 | RMSE omega (Sim): 0.050632
    Loss: 213.7193 | Epoch: 9999
    Eq omega: 0.032651 + -0.01847theta + -0.00188omega + 0.00930theta^2 + -0.00017theta omega + -0.00895omega^2 + -0.00119theta^3 + 0.00008theta^2 omega + 0.00262theta omega^2 + -0.00144omega^3
    Eq omega Phys: -0.006936*omega**3 + 0.000421*omega**2*theta - 0.009731*omega**2 - 1.5e-5*omega*theta + 6.2e-5*omega + 1.3e-5*theta**2 - 0.000277*theta + 0.001935
    Diffusion: theta=5.025142e-04, omega=8.956033e-06

--- Chunk 91545 (26/220) | Start: 2025-07-08 23:40:00 ---
    RMSE omega (GP): nan | RMSE omega (Sim): nan
    Loss: 91018.2969 | Epoch: 1294
    Eq omega: nan1 + nantheta + nanomega + nantheta^2 + nantheta omega + nanomega^2 + nantheta^3 + nantheta^2 omega + nantheta omega^2 + nanomega^3
    Eq omega Phys: N/A
    Diffusion: theta=nan, omega=nan

--- Chunk 91546 (27/220) | Start: 2025-07-08 23:45:00 ---
    RMSE omega (GP): nan | RMSE omega (Sim): nan
    Loss: 42883.3086 | Epoch: 1440
    Eq omega: nan1 + nantheta + nanomega + nantheta^2 + nantheta omega + nanomega^2 + nantheta^3 + nantheta^2 omega + nantheta omega^2 + nanomega^3
    Eq omega Phys: N/A
    Diffusion: theta=nan, omega=nan

--- Chunk 91547 (28/220) | Start: 2025-07-08 23:50:00 ---
    RMSE omega (GP): 0.003675 | RMSE omega (Sim): 0.080405
    Loss: 178.9469 | Epoch: 9416
    Eq omega: -0.009871 + -0.03612theta + -0.19358omega + -0.01996theta^2 + 0.00771theta omega + 0.02392omega^2 + -0.02250theta^3 + -0.00151theta^2 omega + 0.01670theta omega^2 + -0.00987omega^3
    Eq omega Phys: -0.08666*omega**3 + 0.004888*omega**2*theta - 0.029269*omega**2 - 1.5e-5*omega*theta**2 + 0.000393*omega*theta - 0.008752*omega - 7.0e-6*theta**3 + 0.000178*theta**2 - 0.00147*theta + 0.004144
    Diffusion: theta=1.744855e-04, omega=8.052284e-06

--- Chunk 91548 (29/220) | Start: 2025-07-08 23:55:00 ---
    RMSE omega (GP): 0.003757 | RMSE omega (Sim): 0.096606
    Loss: 139.2454 | Epoch: 8776
    Eq omega: -0.020601 + -0.00204theta + 0.04886omega + -0.03092theta^2 + -0.00923theta omega + 0.02331omega^2 + -0.02947theta^3 + 0.00190theta^2 omega + -0.01218theta omega^2 + 0.00798omega^3
    Eq omega Phys: 0.052234*omega**3 - 0.002658*omega**2*theta - 0.00059*omega**2 + 1.4e-5*omega*theta**2 - 2.4e-5*omega*theta + 0.001266*omega - 7.0e-6*theta**3 - 0.000109*theta**2 - 0.000541*theta - 0.000934
    Diffusion: theta=2.082135e-04, omega=8.652786e-06

--- Chunk 91549 (30/220) | Start: 2025-07-09 00:00:00 ---
    RMSE omega (GP): 0.003995 | RMSE omega (Sim): 0.055951
    Loss: 340.3170 | Epoch: 8663
    Eq omega: -0.218131 + -0.18267theta + -0.02794omega + -0.00320theta^2 + -0.12739theta omega + 0.04332omega^2 + -0.00515theta^3 + 0.00036theta^2 omega + 0.01164theta omega^2 + -0.01474omega^3
    Eq omega Phys: -0.206921*omega**3 + 0.005447*omega**2*theta + 0.08823*omega**2 + 6.0e-6*omega*theta**2 - 0.002784*omega*theta - 0.031531*omega - 3.0e-6*theta**3 - 8.9e-5*theta**2 - 0.001185*theta - 0.006153
    Diffusion: theta=1.485604e-04, omega=9.603858e-06

--- Chunk 91550 (31/220) | Start: 2025-07-09 00:05:00 ---
    RMSE omega (GP): nan | RMSE omega (Sim): nan
    Loss: 183.3543 | Epoch: 5903
    Eq omega: nan1 + nantheta + nanomega + nantheta^2 + nantheta omega + nanomega^2 + nantheta^3 + nantheta^2 omega + nantheta omega^2 + nanomega^3
    Eq omega Phys: N/A
    Diffusion: theta=nan, omega=nan

--- Chunk 91551 (32/220) | Start: 2025-07-09 00:10:00 ---
    RMSE omega (GP): nan | RMSE omega (Sim): nan
    Loss: 30987.1562 | Epoch: 1014
    Eq omega: nan1 + nantheta + nanomega + nantheta^2 + nantheta omega + nanomega^2 + nantheta^3 + nantheta^2 omega + nantheta omega^2 + nanomega^3
    Eq omega Phys: N/A
    Diffusion: theta=nan, omega=nan

--- Chunk 91552 (33/220) | Start: 2025-07-09 00:15:00 ---
    RMSE omega (GP): 0.003894 | RMSE omega (Sim): 0.064014
    Loss: 119.5232 | Epoch: 6832
    Eq omega: -0.003671 + -0.14277theta + -0.06016omega + -0.02871theta^2 + 0.00512theta omega + -0.17589omega^2 + -0.00087theta^3 + 0.00046theta^2 omega + -0.01336theta omega^2 + -0.02545omega^3
    Eq omega Phys: -0.129684*omega**3 - 0.002269*omega**2*theta - 0.042771*omega**2 + 3.0e-6*omega*theta**2 + 2.0e-6*omega*theta - 0.00248*omega - 7.0e-6*theta**2 + 0.000101*theta + 0.000181
    Diffusion: theta=nan, omega=nan

--- Chunk 91553 (34/220) | Start: 2025-07-09 00:20:00 ---
    RMSE omega (GP): 0.003453 | RMSE omega (Sim): 0.052690
    Loss: 184.8836 | Epoch: 8710
    Eq omega: 0.019151 + -0.05959theta + -0.01337omega + -0.00165theta^2 + -0.19018theta omega + 0.00926omega^2 + -0.01357theta^3 + -0.07779theta^2 omega + 0.00845theta omega^2 + 0.04844omega^3
    Eq omega Phys: 0.497916*omega**3 + 0.002895*omega**2*theta - 0.014234*omega**2 - 0.000888*omega*theta**2 + 0.008351*omega*theta - 0.016197*omega - 5.0e-6*theta**3 + 0.000104*theta**2 - 0.000766*theta + 0.002052
    Diffusion: theta=1.257837e-04, omega=7.464432e-06

--- Chunk 91554 (35/220) | Start: 2025-07-09 00:25:00 ---
    RMSE omega (GP): 0.003394 | RMSE omega (Sim): 0.155639
    Loss: 158.1053 | Epoch: 6613
    Eq omega: 0.070231 + -0.03822theta + 0.07825omega + 0.27996theta^2 + 0.02371theta omega + 0.26474omega^2 + -1.13802theta^3 + 0.78501theta^2 omega + -0.00150theta omega^2 + -0.09076omega^3
    Eq omega Phys: -0.830308*omega**3 - 0.000457*omega**2*theta + 0.145231*omega**2 + 0.00798*omega*theta**2 + 0.034053*omega*theta + 0.038933*omega - 0.000386*theta**3 - 0.002265*theta**2 - 0.004451*theta - 0.00279
    Diffusion: theta=1.042915e-04, omega=8.717933e-06

--- Chunk 91555 (36/220) | Start: 2025-07-09 00:30:00 ---
    RMSE omega (GP): 0.003100 | RMSE omega (Sim): 0.054633
    Loss: 129.2631 | Epoch: 6153
    Eq omega: 0.089931 + -0.13615theta + -0.02947omega + -0.08584theta^2 + 0.02397theta omega + -0.01928omega^2 + -0.03830theta^3 + -0.12473theta^2 omega + -0.01466theta omega^2 + -0.00543omega^3
    Eq omega Phys: -0.048582*omega**3 - 0.004372*omega**2*theta + 0.005989*omega**2 - 0.00124*omega*theta**2 + 0.009805*omega*theta - 0.020329*omega - 1.3e-5*theta**3 + 9.2e-5*theta**2 - 0.000301*theta + 0.000695
    Diffusion: theta=5.813572e-05, omega=8.356332e-06

--- Chunk 91556 (37/220) | Start: 2025-07-09 00:35:00 ---
    RMSE omega (GP): nan | RMSE omega (Sim): nan
    Loss: 950.2153 | Epoch: 6563
    Eq omega: nan1 + nantheta + nanomega + nantheta^2 + nantheta omega + nanomega^2 + nantheta^3 + nantheta^2 omega + nantheta omega^2 + nanomega^3
    Eq omega Phys: N/A
    Diffusion: theta=nan, omega=nan

--- Chunk 91557 (38/220) | Start: 2025-07-09 00:40:00 ---
    RMSE omega (GP): 0.004225 | RMSE omega (Sim): 0.225825
    Loss: 118.3427 | Epoch: 9999
    Eq omega: 0.168861 + -0.02605theta + 0.02257omega + 0.10096theta^2 + -0.06320theta omega + -0.04998omega^2 + -0.04119theta^3 + -0.00499theta^2 omega + -0.06778theta omega^2 + 0.03552omega^3
    Eq omega Phys: 0.158707*omega**3 - 0.010095*omega**2*theta - 0.130651*omega**2 - 2.5e-5*omega*theta**2 - 0.00136*omega*theta - 0.011231*omega - 7.0e-6*theta**3 - 0.000182*theta**2 - 0.001562*theta - 0.003715
    Diffusion: theta=1.970494e-04, omega=7.357178e-06

--- Chunk 91558 (39/220) | Start: 2025-07-09 00:45:00 ---
    RMSE omega (GP): 0.003243 | RMSE omega (Sim): 0.085604
    Loss: 88.0242 | Epoch: 6909
    Eq omega: -0.038611 + -0.23091theta + -0.02438omega + -0.08947theta^2 + 0.01053theta omega + 0.04023omega^2 + -0.00140theta^3 + -0.00632theta^2 omega + 0.00506theta omega^2 + -0.00343omega^3
    Eq omega Phys: -0.019753*omega**3 + 0.000971*omega**2*theta + 0.017471*omega**2 - 4.0e-5*omega*theta**2 + 0.000167*omega*theta - 0.000838*omega - 4.3e-5*theta**2 - 0.000243*theta - 5.8e-5
    Diffusion: theta=7.234867e-05, omega=8.363450e-06

--- Chunk 91559 (40/220) | Start: 2025-07-09 00:50:00 ---
    RMSE omega (GP): nan | RMSE omega (Sim): nan
    Loss: 5156.5464 | Epoch: 765
    Eq omega: nan1 + nantheta + nanomega + nantheta^2 + nantheta omega + nanomega^2 + nantheta^3 + nantheta^2 omega + nantheta omega^2 + nanomega^3
    Eq omega Phys: N/A
    Diffusion: theta=nan, omega=nan

--- Chunk 91560 (41/220) | Start: 2025-07-09 00:55:00 ---
    RMSE omega (GP): 0.005155 | RMSE omega (Sim): 0.080320
    Loss: 427.5133 | Epoch: 9999
    Eq omega: -0.023951 + 0.00152theta + -0.01443omega + -0.00016theta^2 + -0.00011theta omega + 0.00021omega^2 + -0.00004theta^3 + 0.00011theta^2 omega + -0.00003theta omega^2 + -0.00020omega^3
    Eq omega Phys: -0.002074*omega**3 - 1.0e-5*omega**2*theta + 0.000331*omega**2 + 1.0e-6*omega*theta**2 - 5.3e-5*omega*theta + 7.1e-5*omega + 1.0e-6*theta**2 - 1.3e-5*theta + 3.0e-6
    Diffusion: theta=2.610503e-04, omega=4.537127e-06

--- Chunk 91561 (42/220) | Start: 2025-07-09 01:00:00 ---
    RMSE omega (GP): 0.003191 | RMSE omega (Sim): 0.079572
    Loss: 155.0579 | Epoch: 5027
    Eq omega: 0.138171 + -1.53054theta + -0.06433omega + -1.13373theta^2 + -0.34651theta omega + 0.19665omega^2 + -0.10463theta^3 + -0.05779theta^2 omega + -0.41120theta omega^2 + -0.11316omega^3
    Eq omega Phys: -1.139319*omega**3 - 0.138002*omega**2*theta + 0.455386*omega**2 - 0.000646*omega*theta**2 - 0.003492*omega*theta + 0.010454*omega - 3.9e-5*theta**3 - 0.00044*theta**2 + 0.001194*theta + 0.000596
    Diffusion: theta=9.081959e-05, omega=8.292408e-06

--- Chunk 91562 (43/220) | Start: 2025-07-09 01:05:00 ---
    RMSE omega (GP): 0.003287 | RMSE omega (Sim): nan
    Loss: 98.8140 | Epoch: 6471
    Eq omega: -0.001911 + -0.05024theta + 0.04826omega + -0.00900theta^2 + -0.03079theta omega + -0.11982omega^2 + -0.01743theta^3 + 0.02275theta^2 omega + 0.00809theta omega^2 + 0.01313omega^3
    Eq omega Phys: 0.080797*omega**3 + 0.001659*omega**2*theta - 0.043552*omega**2 + 0.000156*omega*theta**2 + 0.001544*omega*theta + 0.005092*omega - 4.0e-6*theta**3 - 8.1e-5*theta**2 - 0.000611*theta - 0.001623
    Diffusion: theta=9.473714e-05, omega=9.061080e-06

--- Chunk 91563 (44/220) | Start: 2025-07-09 01:10:00 ---
    RMSE omega (GP): 0.003154 | RMSE omega (Sim): nan
    Loss: -3051.8247 | Epoch: 7312
    Eq omega: -0.234861 + -0.02109theta + 0.10441omega + -0.05105theta^2 + 0.03412theta omega + -0.04549omega^2 + -0.13840theta^3 + 0.09031theta^2 omega + -0.00142theta omega^2 + 0.02725omega^3
    Eq omega Phys: 0.124645*omega**3 - 0.000217*omega**2*theta - 0.016532*omega**2 + 0.000459*omega*theta**2 - 0.004773*omega*theta + 0.015782*omega - 2.3e-5*theta**3 + 0.000378*theta**2 - 0.002044*theta + 0.003054
    Diffusion: theta=7.178042e-06, omega=8.440119e-06

--- Chunk 91564 (45/220) | Start: 2025-07-09 01:15:00 ---
    RMSE omega (GP): nan | RMSE omega (Sim): nan
    Loss: 198635.3906 | Epoch: 1474
    Eq omega: nan1 + nantheta + nanomega + nantheta^2 + nantheta omega + nanomega^2 + nantheta^3 + nantheta^2 omega + nantheta omega^2 + nanomega^3
    Eq omega Phys: N/A
    Diffusion: theta=nan, omega=nan

--- Chunk 91565 (46/220) | Start: 2025-07-09 01:20:00 ---
    RMSE omega (GP): nan | RMSE omega (Sim): nan
    Loss: 96878.4141 | Epoch: 1243
    Eq omega: nan1 + nantheta + nanomega + nantheta^2 + nantheta omega + nanomega^2 + nantheta^3 + nantheta^2 omega + nantheta omega^2 + nanomega^3
    Eq omega Phys: N/A
    Diffusion: theta=nan, omega=nan

--- Chunk 91566 (47/220) | Start: 2025-07-09 01:25:00 ---
    RMSE omega (GP): nan | RMSE omega (Sim): nan
    Loss: 46788.0664 | Epoch: 1246
    Eq omega: nan1 + nantheta + nanomega + nantheta^2 + nantheta omega + nanomega^2 + nantheta^3 + nantheta^2 omega + nantheta omega^2 + nanomega^3
    Eq omega Phys: N/A
    Diffusion: theta=nan, omega=nan

--- Chunk 91567 (48/220) | Start: 2025-07-09 01:30:00 ---
    RMSE omega (GP): 0.003072 | RMSE omega (Sim): nan
    Loss: 49.1701 | Epoch: 8532
    Eq omega: -0.084461 + -1.97413theta + 0.25338omega + 0.46688theta^2 + -0.11891theta omega + 0.36122omega^2 + -0.00408theta^3 + -0.12600theta^2 omega + 0.10074theta omega^2 + 0.05889omega^3
    Eq omega Phys: 0.219745*omega**3 + 0.01253*omega**2*theta + 0.219286*omega**2 - 0.000522*omega*theta**2 - 0.00906*omega*theta - 0.029902*omega - 0.e-6*theta**3 + 0.000171*theta**2 + 0.000399*theta - 0.006735
    Diffusion: theta=1.194666e-04, omega=7.114498e-06

--- Chunk 91568 (49/220) | Start: 2025-07-09 01:35:00 ---
    RMSE omega (GP): nan | RMSE omega (Sim): nan
    Loss: 34523.4102 | Epoch: 1089
    Eq omega: nan1 + nantheta + nanomega + nantheta^2 + nantheta omega + nanomega^2 + nantheta^3 + nantheta^2 omega + nantheta omega^2 + nanomega^3
    Eq omega Phys: N/A
    Diffusion: theta=nan, omega=nan

--- Chunk 91569 (50/220) | Start: 2025-07-09 01:40:00 ---
    RMSE omega (GP): 0.003294 | RMSE omega (Sim): 0.051878
    Loss: 125.3530 | Epoch: 9414
    Eq omega: 0.025911 + -0.26141theta + -0.22643omega + 0.07088theta^2 + -0.01267theta omega + -0.00802omega^2 + -0.00978theta^3 + 0.00007theta^2 omega + -0.05839theta omega^2 + -0.02826omega^3
    Eq omega Phys: -0.218374*omega**3 - 0.01504*omega**2*theta - 0.009172*omega**2 + 1.0e-6*omega*theta**2 - 0.000214*omega*theta - 0.00762*omega - 3.0e-6*theta**3 + 3.7e-5*theta**2 - 0.000264*theta - 3.7e-5
    Diffusion: theta=2.848376e-05, omega=8.734395e-06

  [Progress 50/220] Mean RMSE omega (GP): 0.004146 | (Sim): 0.079595 | Mean loss: 75530.0962 | Valid GP: 32/50 | Valid Sim: 28/50 | Elapsed: 113.4min | ETA: 385.6min

--- Chunk 91570 (51/220) | Start: 2025-07-09 01:45:00 ---
    RMSE omega (GP): 0.003553 | RMSE omega (Sim): 0.067851
    Loss: 181.5150 | Epoch: 9999
    Eq omega: -0.120511 + -0.01642theta + 0.00499omega + -0.00256theta^2 + -0.00150theta omega + -0.00694omega^2 + -0.00055theta^3 + -0.00009theta^2 omega + -0.00117theta omega^2 + 0.00008omega^3
    Eq omega Phys: 0.000752*omega**3 - 0.000366*omega**2*theta - 0.00971*omega**2 - 0.e-6*omega*theta**2 - 5.8e-5*omega*theta - 0.000516*omega - 1.1e-5*theta**2 - 0.000214*theta - 0.0017
    Diffusion: theta=1.623742e-04, omega=7.024853e-06

--- Chunk 91571 (52/220) | Start: 2025-07-09 01:50:00 ---
    RMSE omega (GP): 0.002986 | RMSE omega (Sim): nan
    Loss: 95.7626 | Epoch: 7048
    Eq omega: 0.012891 + -1.61947theta + 0.36183omega + 0.70831theta^2 + 0.06315theta omega + -0.01175omega^2 + 0.00669theta^3 + 0.05141theta^2 omega + -0.02082theta omega^2 + -0.05589omega^3
    Eq omega Phys: -0.404616*omega**3 - 0.005024*omega**2*theta - 0.013046*omega**2 + 0.000414*omega*theta**2 + 0.002231*omega*theta + 0.014425*omega + 2.0e-6*theta**3 + 0.000394*theta**2 - 0.000669*theta - 0.00176
    Diffusion: theta=6.689366e-05, omega=7.803724e-06

--- Chunk 91572 (53/220) | Start: 2025-07-09 01:55:00 ---
    RMSE omega (GP): 0.003470 | RMSE omega (Sim): 0.059193
    Loss: 73.3337 | Epoch: 7158
    Eq omega: -0.001431 + -0.10132theta + -0.06943omega + -0.00928theta^2 + -0.90322theta omega + -0.05785omega^2 + -0.06453theta^3 + -0.56781theta^2 omega + 0.08061theta omega^2 + 0.01678omega^3
    Eq omega Phys: 0.074249*omega**3 + 0.01189*omega**2*theta - 0.090213*omega**2 - 0.002792*omega*theta**2 + 0.020367*omega*theta - 0.027491*omega - 1.1e-5*theta**3 + 0.000177*theta**2 - 0.001105*theta + 0.002488
    Diffusion: theta=1.371620e-04, omega=5.565286e-06

--- Chunk 91573 (54/220) | Start: 2025-07-09 02:00:00 ---
    RMSE omega (GP): nan | RMSE omega (Sim): nan
    Loss: 10573.6348 | Epoch: 906
    Eq omega: nan1 + nantheta + nanomega + nantheta^2 + nantheta omega + nanomega^2 + nantheta^3 + nantheta^2 omega + nantheta omega^2 + nanomega^3
    Eq omega Phys: N/A
    Diffusion: theta=nan, omega=nan

--- Chunk 91574 (55/220) | Start: 2025-07-09 02:05:00 ---
    RMSE omega (GP): 0.003419 | RMSE omega (Sim): 0.045673
    Loss: 433.7415 | Epoch: 9999
    Eq omega: 0.019151 + -0.00029theta + 0.00706omega + -0.00044theta^2 + 0.00042theta omega + 0.00537omega^2 + -0.00003theta^3 + -0.00001theta^2 omega + -0.00015theta omega^2 + 0.00028omega^3
    Eq omega Phys: 0.006464*omega**3 - 0.000115*omega**2*theta + 0.006799*omega**2 + 2.2e-5*omega*theta - 7.1e-5*omega + 1.0e-6*theta**2 - 1.0e-5*theta + 4.2e-5
    Diffusion: theta=2.318116e-04, omega=5.575668e-06

--- Chunk 91575 (56/220) | Start: 2025-07-09 02:10:00 ---
    RMSE omega (GP): 0.005782 | RMSE omega (Sim): 0.054337
    Loss: 747.0104 | Epoch: 9999
    Eq omega: -0.001591 + -0.00054theta + 0.00524omega + -0.00012theta^2 + -0.00064theta omega + 0.00041omega^2 + 0.00000theta^3 + -0.00004theta^2 omega + 0.00002theta omega^2 + -0.00004omega^3
    Eq omega Phys: -0.000575*omega**3 + 1.0e-5*omega**2*theta + 9.0e-5*omega**2 - 0.e-6*omega*theta**2 + 1.1e-5*omega*theta + 0.000212*omega + 3.0e-6*theta - 2.8e-5
    Diffusion: theta=2.648833e-04, omega=4.821987e-06

--- Chunk 91576 (57/220) | Start: 2025-07-09 02:15:00 ---
    RMSE omega (GP): 0.003257 | RMSE omega (Sim): 0.114184
    Loss: 33.4758 | Epoch: 8394
    Eq omega: -0.026511 + -0.13430theta + 0.00465omega + -0.00138theta^2 + 0.11554theta omega + -0.07474omega^2 + -0.01067theta^3 + -0.00457theta^2 omega + -0.00579theta omega^2 + 0.01248omega^3
    Eq omega Phys: 0.030397*omega**3 - 0.00047*omega**2*theta - 0.016852*omega**2 - 1.2e-5*omega*theta**2 + 0.001331*omega*theta - 0.011324*omega - 0.e-6*theta**3 + 2.7e-5*theta**2 - 0.000399*theta + 0.002081
    Diffusion: theta=1.138375e-04, omega=7.410139e-06

--- Chunk 91577 (58/220) | Start: 2025-07-09 02:20:00 ---
    RMSE omega (GP): 0.003158 | RMSE omega (Sim): 0.105906
    Loss: 69.0140 | Epoch: 9999
    Eq omega: -0.000381 + -0.01345theta + 0.03392omega + 0.00238theta^2 + -0.00096theta omega + 0.01767omega^2 + -0.00046theta^3 + -0.00163theta^2 omega + -0.00168theta omega^2 + 0.00292omega^3
    Eq omega Phys: 0.013533*omega**3 - 0.00026*omega**2*theta + 0.007742*omega**2 - 8.0e-6*omega*theta**2 + 3.9e-5*omega*theta + 0.00109*omega + 2.0e-6*theta**2 - 2.4e-5*theta + 5.7e-5
    Diffusion: theta=2.291052e-04, omega=7.963848e-06

--- Chunk 91578 (59/220) | Start: 2025-07-09 02:25:00 ---
    RMSE omega (GP): nan | RMSE omega (Sim): nan
    Loss: 13935.5977 | Epoch: 759
    Eq omega: nan1 + nantheta + nanomega + nantheta^2 + nantheta omega + nanomega^2 + nantheta^3 + nantheta^2 omega + nantheta omega^2 + nanomega^3
    Eq omega Phys: N/A
    Diffusion: theta=nan, omega=nan

--- Chunk 91579 (60/220) | Start: 2025-07-09 02:30:00 ---
    RMSE omega (GP): 0.002967 | RMSE omega (Sim): 0.072020
    Loss: 66.7148 | Epoch: 9999
    Eq omega: 0.052531 + -0.12643theta + -0.01785omega + 0.00291theta^2 + 0.04393theta omega + 0.17665omega^2 + -0.00350theta^3 + -0.01519theta^2 omega + -0.01291theta omega^2 + 0.00607omega^3
    Eq omega Phys: 0.030638*omega**3 - 0.002172*omega**2*theta + 0.075503*omega**2 - 8.5e-5*omega*theta**2 + 0.000839*omega*theta - 0.001604*omega - 0.e-6*theta**3 + 4.0e-6*theta**2 - 0.000148*theta + 0.000344
    Diffusion: theta=1.346354e-04, omega=9.638685e-06

--- Chunk 91580 (61/220) | Start: 2025-07-09 02:35:00 ---
    RMSE omega (GP): 0.003348 | RMSE omega (Sim): 0.048992
    Loss: 77.1443 | Epoch: 6560
    Eq omega: 0.028971 + -0.22016theta + -0.12721omega + -0.34522theta^2 + -0.28464theta omega + 0.03706omega^2 + -0.20781theta^3 + -0.04410theta^2 omega + 0.04090theta omega^2 + 0.00535omega^3
    Eq omega Phys: 0.025084*omega**3 + 0.006392*omega**2*theta - 0.01836*omega**2 - 0.00023*omega*theta**2 - 0.001378*omega*theta + 0.009003*omega - 3.6e-5*theta**3 + 0.000407*theta**2 - 0.001566*theta + 0.002271
    Diffusion: theta=1.146984e-05, omega=1.125015e-05

--- Chunk 91581 (62/220) | Start: 2025-07-09 02:40:00 ---
    RMSE omega (GP): 0.003199 | RMSE omega (Sim): 0.075629
    Loss: 287.7265 | Epoch: 9459
    Eq omega: 0.189781 + -0.06694theta + 0.02009omega + 0.00133theta^2 + -0.00029theta omega + 0.02181omega^2 + -0.00106theta^3 + -0.00059theta^2 omega + 0.00005theta omega^2 + 0.00429omega^3
    Eq omega Phys: 0.08045*omega**3 + 3.1e-5*omega**2*theta + 0.016985*omega**2 - 1.2e-5*omega*theta**2 + 0.000196*omega*theta - 0.00011*omega - 0.e-6*theta**3 + 1.9e-5*theta**2 - 0.000245*theta + 0.001381
    Diffusion: theta=6.597886e-05, omega=4.879103e-06

--- Chunk 91582 (63/220) | Start: 2025-07-09 02:45:00 ---
    RMSE omega (GP): 0.011477 | RMSE omega (Sim): 0.055967
    Loss: 1762.2568 | Epoch: 9999
    Eq omega: 0.011321 + -0.01608theta + 0.01215omega + -0.00029theta^2 + -0.00581theta omega + 0.00750omega^2 + -0.00024theta^3 + -0.00154theta^2 omega + -0.00356theta omega^2 + 0.00248omega^3
    Eq omega Phys: 0.021732*omega**3 - 0.00104*omega**2*theta + 0.018056*omega**2 - 1.5e-5*omega*theta**2 + 0.000299*omega*theta - 0.000905*omega + 3.0e-6*theta**2 - 5.6e-5*theta + 0.000422
    Diffusion: theta=2.160081e-04, omega=4.252680e-06

--- Chunk 91583 (64/220) | Start: 2025-07-09 02:50:00 ---
    RMSE omega (GP): nan | RMSE omega (Sim): nan
    Loss: 51841.0586 | Epoch: 1300
    Eq omega: nan1 + nantheta + nanomega + nantheta^2 + nantheta omega + nanomega^2 + nantheta^3 + nantheta^2 omega + nantheta omega^2 + nanomega^3
    Eq omega Phys: N/A
    Diffusion: theta=nan, omega=nan

--- Chunk 91584 (65/220) | Start: 2025-07-09 02:55:00 ---
    RMSE omega (GP): nan | RMSE omega (Sim): nan
    Loss: 39985.4453 | Epoch: 1209
    Eq omega: nan1 + nantheta + nanomega + nantheta^2 + nantheta omega + nanomega^2 + nantheta^3 + nantheta^2 omega + nantheta omega^2 + nanomega^3
    Eq omega Phys: N/A
    Diffusion: theta=nan, omega=nan

--- Chunk 91585 (66/220) | Start: 2025-07-09 03:00:00 ---
    RMSE omega (GP): nan | RMSE omega (Sim): nan
    Loss: 146967.7344 | Epoch: 1409
    Eq omega: nan1 + nantheta + nanomega + nantheta^2 + nantheta omega + nanomega^2 + nantheta^3 + nantheta^2 omega + nantheta omega^2 + nanomega^3
    Eq omega Phys: N/A
    Diffusion: theta=nan, omega=nan

--- Chunk 91586 (67/220) | Start: 2025-07-09 03:05:00 ---
    RMSE omega (GP): 0.004054 | RMSE omega (Sim): 0.062477
    Loss: 295.7932 | Epoch: 9999
    Eq omega: -0.089401 + -0.00695theta + -0.08231omega + -0.00420theta^2 + 0.00109theta omega + -0.01693omega^2 + -0.00027theta^3 + -0.00037theta^2 omega + 0.00061theta omega^2 + 0.00003omega^3
    Eq omega Phys: 0.000343*omega**3 + 0.000232*omega**2*theta - 0.014133*omega**2 - 5.0e-6*omega*theta**2 + 0.000171*omega*theta - 0.004282*omega + 3.0e-6*theta**2 - 3.0e-6*theta - 0.000307
    Diffusion: theta=2.947975e-04, omega=5.061549e-06

--- Chunk 91587 (68/220) | Start: 2025-07-09 03:10:00 ---
    RMSE omega (GP): 0.003421 | RMSE omega (Sim): 0.096252
    Loss: 72.0606 | Epoch: 8189
    Eq omega: 0.008781 + -0.64575theta + 0.33694omega + 0.86228theta^2 + 0.04091theta omega + -0.80209omega^2 + -0.09951theta^3 + -0.01817theta^2 omega + 0.00154theta omega^2 + 0.00686omega^3
    Eq omega Phys: 0.029222*omega**3 + 0.000219*omega**2*theta - 0.302336*omega**2 - 8.6e-5*omega*theta**2 + 0.000587*omega*theta + 0.010999*omega - 1.6e-5*theta**3 + 0.000381*theta**2 - 0.001031*theta + 0.000395
    Diffusion: theta=7.718316e-05, omega=8.463353e-06

--- Chunk 91588 (69/220) | Start: 2025-07-09 03:15:00 ---
    RMSE omega (GP): 0.005827 | RMSE omega (Sim): 0.098125
    Loss: 152.4280 | Epoch: 9999
    Eq omega: 0.016221 + -0.05189theta + -0.02164omega + -0.10830theta^2 + 0.00049theta omega + 0.14498omega^2 + -0.01827theta^3 + 0.00202theta^2 omega + 0.00296theta omega^2 + -0.02384omega^3
    Eq omega Phys: -0.069988*omega**3 + 0.00029*omega**2*theta + 0.040612*omega**2 + 7.0e-6*omega*theta**2 - 0.000211*omega*theta + 0.000961*omega - 2.0e-6*theta**3 + 6.0e-5*theta**2 - 0.000422*theta - 0.000372
    Diffusion: theta=5.585907e-04, omega=6.649498e-06

--- Chunk 91589 (70/220) | Start: 2025-07-09 03:20:00 ---
    RMSE omega (GP): 0.003348 | RMSE omega (Sim): 0.080544
    Loss: 57.4399 | Epoch: 9382
    Eq omega: -0.165981 + -0.29359theta + 0.00723omega + 0.25280theta^2 + -0.01800theta omega + -0.18515omega^2 + -0.01269theta^3 + 0.01322theta^2 omega + -0.15787theta omega^2 + -0.07284omega^3
    Eq omega Phys: -0.259531*omega**3 - 0.01875*omega**2*theta - 0.118718*omega**2 + 5.2e-5*omega*theta**2 + 0.0001*omega*theta + 8.4e-5*omega - 2.0e-6*theta**3 + 8.2e-5*theta**2 + 0.000198*theta - 0.000702
    Diffusion: theta=1.044875e-04, omega=1.114117e-05

--- Chunk 91590 (71/220) | Start: 2025-07-09 03:25:00 ---
    RMSE omega (GP): nan | RMSE omega (Sim): nan
    Loss: 94008.2031 | Epoch: 954
    Eq omega: nan1 + nantheta + nanomega + nantheta^2 + nantheta omega + nanomega^2 + nantheta^3 + nantheta^2 omega + nantheta omega^2 + nanomega^3
    Eq omega Phys: N/A
    Diffusion: theta=nan, omega=nan

--- Chunk 91591 (72/220) | Start: 2025-07-09 03:30:00 ---
    RMSE omega (GP): 0.005490 | RMSE omega (Sim): 0.050785
    Loss: 305.5457 | Epoch: 9999
    Eq omega: -0.150091 + -0.06514theta + 0.00605omega + -0.01540theta^2 + 0.00494theta omega + -0.01874omega^2 + -0.00251theta^3 + -0.00007theta^2 omega + 0.00042theta omega^2 + -0.00242omega^3
    Eq omega Phys: -0.016045*omega**3 + 9.3e-5*omega**2*theta - 0.010583*omega**2 - 0.e-6*omega*theta**2 + 9.7e-5*omega*theta - 0.001465*omega - 0.e-6*theta**3 + 2.7e-5*theta**2 - 0.00044*theta + 0.002389
    Diffusion: theta=1.849335e-04, omega=6.416594e-06

--- Chunk 91592 (73/220) | Start: 2025-07-09 03:35:00 ---
    RMSE omega (GP): 0.003321 | RMSE omega (Sim): 0.057223
    Loss: 112.2654 | Epoch: 5955
    Eq omega: -0.020461 + -0.18402theta + 0.00170omega + 0.28810theta^2 + -0.15240theta omega + -0.02363omega^2 + -0.03137theta^3 + -0.00514theta^2 omega + -0.00097theta omega^2 + 0.00256omega^3
    Eq omega Phys: 0.017394*omega**3 - 0.00022*omega**2*theta - 0.01245*omega**2 - 3.9e-5*omega*theta**2 - 0.002843*omega*theta - 0.014363*omega - 8.0e-6*theta**3 + 2.3e-5*theta**2 + 0.000754*theta + 0.002109
    Diffusion: theta=5.075523e-05, omega=1.021469e-05

--- Chunk 91593 (74/220) | Start: 2025-07-09 03:40:00 ---
    RMSE omega (GP): 0.003359 | RMSE omega (Sim): 0.059657
    Loss: 175.7828 | Epoch: 8568
    Eq omega: 0.119091 + -0.00088theta + -0.02170omega + 0.00120theta^2 + 0.01037theta omega + -0.03251omega^2 + 0.00005theta^3 + -0.00121theta^2 omega + 0.00158theta omega^2 + -0.04127omega^3
    Eq omega Phys: -0.420019*omega**3 + 0.000536*omega**2*theta - 0.023276*omega**2 - 1.4e-5*omega*theta**2 + 0.000423*omega*theta - 0.003251*omega - 1.0e-5*theta + 0.000276
    Diffusion: theta=1.842981e-04, omega=8.577907e-06

--- Chunk 91594 (75/220) | Start: 2025-07-09 03:45:00 ---
    RMSE omega (GP): 0.003631 | RMSE omega (Sim): 0.071963
    Loss: 112.1967 | Epoch: 7157
    Eq omega: 0.002291 + -1.11673theta + -0.28099omega + -0.50203theta^2 + -0.00193theta omega + 0.31659omega^2 + -0.01531theta^3 + 0.00235theta^2 omega + 0.01080theta omega^2 + -0.02471omega^3
    Eq omega Phys: -0.141919*omega**3 + 0.002068*omega**2*theta + 0.120135*omega**2 + 1.5e-5*omega*theta**2 - 0.000295*omega*theta - 0.00793*omega - 3.0e-6*theta**3 - 0.000157*theta**2 + 0.002327*theta - 0.005971
    Diffusion: theta=1.616511e-04, omega=7.025897e-06

--- Chunk 91595 (76/220) | Start: 2025-07-09 03:50:00 ---
    RMSE omega (GP): 0.003444 | RMSE omega (Sim): 0.058156
    Loss: 149.3426 | Epoch: 4822
    Eq omega: -0.003311 + -0.06742theta + 0.05084omega + -0.00272theta^2 + 0.01444theta omega + 0.01387omega^2 + 0.00001theta^3 + 0.00284theta^2 omega + -0.00808theta omega^2 + 0.02203omega^3
    Eq omega Phys: 0.183356*omega**3 - 0.002242*omega**2*theta + 0.006162*omega**2 + 2.6e-5*omega*theta**2 + 0.00028*omega*theta + 0.001831*omega - 2.0e-6*theta**2 - 7.7e-5*theta - 4.6e-5
    Diffusion: theta=4.875723e-05, omega=1.029439e-05

--- Chunk 91596 (77/220) | Start: 2025-07-09 03:55:00 ---
    RMSE omega (GP): 0.003734 | RMSE omega (Sim): 0.182920
    Loss: 134.4145 | Epoch: 9075
    Eq omega: -0.211111 + -0.04888theta + 0.10534omega + 0.29137theta^2 + 0.00047theta omega + -0.68739omega^2 + -0.06532theta^3 + 0.01328theta^2 omega + 0.11692theta omega^2 + -0.14396omega^3
    Eq omega Phys: -0.93936*omega**3 + 0.025431*omega**2*theta - 0.062824*omega**2 + 9.6e-5*omega*theta**2 + 0.001959*omega*theta + 0.013477*omega - 1.6e-5*theta**3 - 0.000329*theta**2 - 0.001859*theta - 0.00198
    Diffusion: theta=1.049845e-04, omega=8.575028e-06

--- Chunk 91597 (78/220) | Start: 2025-07-09 04:00:00 ---
    RMSE omega (GP): 0.004335 | RMSE omega (Sim): 0.070200
    Loss: 60.3530 | Epoch: 9999
    Eq omega: 0.006311 + -0.15667theta + 0.02694omega + -0.05361theta^2 + -0.01439theta omega + 0.00602omega^2 + -0.00294theta^3 + 0.00110theta^2 omega + 0.00199theta omega^2 + 0.00358omega^3
    Eq omega Phys: 0.007822*omega**3 + 0.000145*omega**2*theta + 0.000861*omega**2 + 3.0e-6*omega*theta**2 - 0.000158*omega*theta + 0.001654*omega - 1.2e-5*theta**2 - 2.5e-5*theta + 0.000532
    Diffusion: theta=3.394643e-04, omega=1.216345e-05

--- Chunk 91598 (79/220) | Start: 2025-07-09 04:05:00 ---
    RMSE omega (GP): 0.003385 | RMSE omega (Sim): nan
    Loss: 53.6171 | Epoch: 9631
    Eq omega: 0.110781 + -0.04590theta + 0.03009omega + 0.07500theta^2 + -0.01636theta omega + 0.06893omega^2 + -0.01004theta^3 + -0.00314theta^2 omega + -0.02667theta omega^2 + 0.04804omega^3
    Eq omega Phys: 0.159587*omega**3 - 0.002953*omega**2*theta - 0.004725*omega**2 - 1.2e-5*omega*theta**2 - 0.000399*omega*theta - 0.001714*omega - 1.0e-6*theta**3 - 7.0e-6*theta**2 + 0.000143*theta + 0.00131
    Diffusion: theta=1.083791e-04, omega=9.922394e-06

--- Chunk 91599 (80/220) | Start: 2025-07-09 04:10:00 ---
 lsoda--  warning..internal t (=r1) and h (=r2) are  
       such that in the machine, t + h = t on the next step  
       (h = step size). solver will continue anyway  
      in above,  r1 =  0.7467066764126D+01   r2 =  0.3722728382691D-15
 lsoda--  warning..internal t (=r1) and h (=r2) are  
       such that in the machine, t + h = t on the next step  
       (h = step size). solver will continue anyway  
      in above,  r1 =  0.7467066764126D+01   r2 =  0.3722728382691D-15
 lsoda--  warning..internal t (=r1) and h (=r2) are  
       such that in the machine, t + h = t on the next step  
       (h = step size). solver will continue anyway  
      in above,  r1 =  0.7467066764126D+01   r2 =  0.3722728382691D-15
 lsoda--  warning..internal t (=r1) and h (=r2) are  
       such that in the machine, t + h = t on the next step  
       (h = step size). solver will continue anyway  
      in above,  r1 =  0.7467066764126D+01   r2 =  0.3059585394046D-15
 lsoda--  warning..internal t (=r1) and h (=r2) are  
       such that in the machine, t + h = t on the next step  
       (h = step size). solver will continue anyway  
      in above,  r1 =  0.7467066764126D+01   r2 =  0.3059585394046D-15
 lsoda--  warning..internal t (=r1) and h (=r2) are  
       such that in the machine, t + h = t on the next step  
       (h = step size). solver will continue anyway  
      in above,  r1 =  0.7467066764126D+01   r2 =  0.3059585394046D-15
 lsoda--  warning..internal t (=r1) and h (=r2) are  
       such that in the machine, t + h = t on the next step  
       (h = step size). solver will continue anyway  
      in above,  r1 =  0.7467066764126D+01   r2 =  0.2514570450418D-15
 lsoda--  warning..internal t (=r1) and h (=r2) are  
       such that in the machine, t + h = t on the next step  
       (h = step size). solver will continue anyway  
      in above,  r1 =  0.7467066764126D+01   r2 =  0.2514570450418D-15
 lsoda--  warning..internal t (=r1) and h (=r2) are  
       such that in the machine, t + h = t on the next step  
       (h = step size). solver will continue anyway  
      in above,  r1 =  0.7467066764126D+01   r2 =  0.2514570450418D-15
 lsoda--  warning..internal t (=r1) and h (=r2) are  
       such that in the machine, t + h = t on the next step  
       (h = step size). solver will continue anyway  
      in above,  r1 =  0.7467066764126D+01   r2 =  0.2066640977970D-15
 lsoda--  above warning has been issued i1 times.    
       it will not be issued again for this problem  
      in above message,  i1 =        10
 lsoda--  warning..internal t (=r1) and h (=r2) are  
       such that in the machine, t + h = t on the next step  
       (h = step size). solver will continue anyway  
      in above,  r1 =  0.2282905199225D+01   r2 =  0.1890483047695D-15
 lsoda--  warning..internal t (=r1) and h (=r2) are  
       such that in the machine, t + h = t on the next step  
       (h = step size). solver will continue anyway  
      in above,  r1 =  0.2282905199225D+01   r2 =  0.1890483047695D-15
 lsoda--  warning..internal t (=r1) and h (=r2) are  
       such that in the machine, t + h = t on the next step  
       (h = step size). solver will continue anyway  
      in above,  r1 =  0.2282905199225D+01   r2 =  0.1890483047695D-15
 lsoda--  warning..internal t (=r1) and h (=r2) are  
       such that in the machine, t + h = t on the next step  
       (h = step size). solver will continue anyway  
      in above,  r1 =  0.2282905199225D+01   r2 =  0.1553724512439D-15
 lsoda--  warning..internal t (=r1) and h (=r2) are  
       such that in the machine, t + h = t on the next step  
       (h = step size). solver will continue anyway  
      in above,  r1 =  0.2282905199225D+01   r2 =  0.1553724512439D-15
 lsoda--  warning..internal t (=r1) and h (=r2) are  
       such that in the machine, t + h = t on the next step  
       (h = step size). solver will continue anyway  
      in above,  r1 =  0.2282905199225D+01   r2 =  0.1553724512439D-15
 lsoda--  warning..internal t (=r1) and h (=r2) are  
       such that in the machine, t + h = t on the next step  
    RMSE omega (GP): 0.002803 | RMSE omega (Sim): nan
    Loss: 159.4557 | Epoch: 5352
    Eq omega: -0.105001 + -0.68881theta + 0.26783omega + 1.05933theta^2 + 0.19166theta omega + -0.02918omega^2 + -2.35672theta^3 + 0.06232theta^2 omega + 0.16922theta omega^2 + 0.08755omega^3
    Eq omega Phys: 1.18977*omega**3 + 0.076654*omega**2*theta + 0.006957*omega**2 + 0.000941*omega*theta**2 + 0.004953*omega*theta + 0.010533*omega - 0.001186*theta**3 - 0.000442*theta**2 - 0.000644*theta - 0.000393
    Diffusion: theta=4.038056e-05, omega=5.907209e-06

--- Chunk 91600 (81/220) | Start: 2025-07-09 04:15:00 ---
    RMSE omega (GP): 0.004434 | RMSE omega (Sim): 0.065135
    Loss: 310.9083 | Epoch: 9999
    Eq omega: -0.006231 + -0.00403theta + -0.04261omega + -0.00016theta^2 + 0.00139theta omega + 0.00104omega^2 + -0.00003theta^3 + -0.00007theta^2 omega + -0.00036theta omega^2 + -0.00055omega^3
    Eq omega Phys: -0.005533*omega**3 - 0.000121*omega**2*theta - 0.001483*omega**2 - 0.e-6*omega*theta**2 - 0.00119*omega - 0.e-6*theta**2 - 1.8e-5*theta - 0.000178
    Diffusion: theta=2.967026e-04, omega=7.739610e-06

--- Chunk 91601 (82/220) | Start: 2025-07-09 04:20:00 ---
    RMSE omega (GP): 0.004360 | RMSE omega (Sim): 0.093798
    Loss: 104.6685 | Epoch: 6928
    Eq omega: -0.578131 + -0.31889theta + -0.11684omega + 0.51130theta^2 + -0.00402theta omega + -0.17465omega^2 + -0.13910theta^3 + -0.00704theta^2 omega + 0.11268theta omega^2 + -0.20192omega^3
    Eq omega Phys: -0.772758*omega**3 + 0.014374*omega**2*theta + 0.095449*omega**2 - 3.0e-5*omega*theta**2 - 0.000705*omega*theta - 0.008029*omega - 2.0e-5*theta**3 - 0.000447*theta**2 - 0.003029*theta - 0.007325
    Diffusion: theta=3.047035e-05, omega=9.355305e-06

--- Chunk 91602 (83/220) | Start: 2025-07-09 04:25:00 ---
    RMSE omega (GP): 0.003617 | RMSE omega (Sim): 0.089685
    Loss: 125.1537 | Epoch: 7065
    Eq omega: 0.284961 + -0.19486theta + -0.08760omega + 0.00676theta^2 + -0.02258theta omega + -0.09131omega^2 + 0.00074theta^3 + 0.00711theta^2 omega + -0.07629theta omega^2 + -0.04388omega^3
    Eq omega Phys: -0.276301*omega**3 - 0.016013*omega**2*theta + 0.099199*omega**2 + 5.0e-5*omega*theta**2 - 0.001221*omega*theta + 0.003976*omega - 1.0e-6*theta**2 - 0.000237*theta + 0.002747
    Diffusion: theta=1.565373e-04, omega=1.252999e-05

--- Chunk 91603 (84/220) | Start: 2025-07-09 04:30:00 ---
    RMSE omega (GP): 0.003356 | RMSE omega (Sim): 0.039112
    Loss: 260.8521 | Epoch: 8387
    Eq omega: -0.071571 + 0.00905theta + 0.00069omega + 0.01366theta^2 + -0.00655theta omega + -0.32810omega^2 + -0.02042theta^3 + 0.00479theta^2 omega + -0.01135theta omega^2 + -0.03199omega^3
    Eq omega Phys: -0.489392*omega**3 - 0.005788*omega**2*theta - 0.189927*omega**2 + 8.1e-5*omega*theta**2 - 0.001404*omega*theta + 0.006003*omega - 1.2e-5*theta**3 + 0.000277*theta**2 - 0.002196*theta + 0.005661
    Diffusion: theta=5.326090e-05, omega=7.221168e-06

--- Chunk 91604 (85/220) | Start: 2025-07-09 04:35:00 ---
    RMSE omega (GP): 0.004757 | RMSE omega (Sim): 0.048453
    Loss: 797.6253 | Epoch: 8257
    Eq omega: 0.216911 + -0.00345theta + 0.02589omega + -0.00015theta^2 + -0.00255theta omega + 0.00274omega^2 + -0.00011theta^3 + -0.00008theta^2 omega + -0.00565theta omega^2 + -0.00012omega^3
    Eq omega Phys: -0.002707*omega**3 - 0.004248*omega**2*theta + 0.051981*omega**2 - 2.0e-6*omega*theta**2 - 2.7e-5*omega*theta + 0.00145*omega + 3.0e-6*theta**2 - 3.8e-5*theta + 0.000449
    Diffusion: theta=nan, omega=nan

--- Chunk 91605 (86/220) | Start: 2025-07-09 04:40:00 ---
    RMSE omega (GP): 0.004680 | RMSE omega (Sim): 0.072267
    Loss: 198.8059 | Epoch: 9999
    Eq omega: 0.003901 + 0.00117theta + -0.00701omega + 0.00503theta^2 + -0.00179theta omega + -0.00345omega^2 + -0.00040theta^3 + 0.00144theta^2 omega + -0.00199theta omega^2 + -0.00253omega^3
    Eq omega Phys: -0.014896*omega**3 - 0.000391*omega**2*theta + 0.002543*omega**2 + 9.0e-6*omega*theta**2 - 0.000223*omega*theta + 0.001066*omega + 5.0e-6*theta**2 - 7.9e-5*theta + 0.000364
    Diffusion: theta=3.672513e-04, omega=9.030393e-06

--- Chunk 91606 (87/220) | Start: 2025-07-09 04:45:00 ---
    RMSE omega (GP): 0.003584 | RMSE omega (Sim): 0.076467
    Loss: 66.3615 | Epoch: 9999
    Eq omega: 0.027911 + -0.10982theta + 0.00651omega + -0.05198theta^2 + 0.02197theta omega + -0.05818omega^2 + 0.00074theta^3 + -0.01427theta^2 omega + -0.01815theta omega^2 + -0.06772omega^3
    Eq omega Phys: -0.239865*omega**3 - 0.002143*omega**2*theta + 0.003927*omega**2 - 5.6e-5*omega*theta**2 + 0.001505*omega*theta - 0.009588*omega - 2.3e-5*theta**2 + 0.000357*theta - 0.001155
    Diffusion: theta=2.697276e-04, omega=5.862612e-06

--- Chunk 91607 (88/220) | Start: 2025-07-09 04:50:00 ---
    RMSE omega (GP): 0.003847 | RMSE omega (Sim): 0.086625
    Loss: 107.9961 | Epoch: 8087
    Eq omega: 0.002371 + -0.41199theta + -0.00819omega + 0.03304theta^2 + -0.04341theta omega + -0.01736omega^2 + -0.00303theta^3 + 0.05846theta^2 omega + 0.01846theta omega^2 + 0.00088omega^3
    Eq omega Phys: 0.004409*omega**3 + 0.003083*omega**2*theta + 0.002777*omega**2 + 0.000325*omega*theta**2 + 0.001493*omega*theta + 0.00117*omega - 0.e-6*theta**3 + 1.0e-5*theta**2 - 0.000379*theta - 0.001324
    Diffusion: theta=5.291175e-05, omega=7.943049e-06

--- Chunk 91608 (89/220) | Start: 2025-07-09 04:55:00 ---
    RMSE omega (GP): nan | RMSE omega (Sim): nan
    Loss: 38225.3047 | Epoch: 934
    Eq omega: nan1 + nantheta + nanomega + nantheta^2 + nantheta omega + nanomega^2 + nantheta^3 + nantheta^2 omega + nantheta omega^2 + nanomega^3
    Eq omega Phys: N/A
    Diffusion: theta=nan, omega=nan

--- Chunk 91609 (90/220) | Start: 2025-07-09 05:00:00 ---
    RMSE omega (GP): nan | RMSE omega (Sim): nan
    Loss: 128121.5078 | Epoch: 797
    Eq omega: nan1 + nantheta + nanomega + nantheta^2 + nantheta omega + nanomega^2 + nantheta^3 + nantheta^2 omega + nantheta omega^2 + nanomega^3
    Eq omega Phys: N/A
    Diffusion: theta=nan, omega=nan

--- Chunk 91610 (91/220) | Start: 2025-07-09 05:05:00 ---
    RMSE omega (GP): 0.003221 | RMSE omega (Sim): 0.049119
    Loss: 63.3468 | Epoch: 6608
    Eq omega: 0.244641 + -0.15612theta + -0.24712omega + -0.11840theta^2 + -0.32021theta omega + 0.03604omega^2 + -0.03086theta^3 + -0.07207theta^2 omega + -0.00031theta omega^2 + -0.09794omega^3
    Eq omega Phys: -0.421575*omega**3 - 4.4e-5*omega**2*theta + 0.014065*omega**2 - 0.000345*omega*theta**2 + 0.002365*omega*theta - 0.000437*omega - 5.0e-6*theta**3 + 8.7e-5*theta**2 - 0.000522*theta + 0.001976
    Diffusion: theta=1.207882e-04, omega=7.395300e-06

--- Chunk 91611 (92/220) | Start: 2025-07-09 05:10:00 ---
    RMSE omega (GP): nan | RMSE omega (Sim): nan
    Loss: 7653.8794 | Epoch: 1016
    Eq omega: nan1 + nantheta + nanomega + nantheta^2 + nantheta omega + nanomega^2 + nantheta^3 + nantheta^2 omega + nantheta omega^2 + nanomega^3
    Eq omega Phys: N/A
    Diffusion: theta=nan, omega=nan

--- Chunk 91612 (93/220) | Start: 2025-07-09 05:15:00 ---
    RMSE omega (GP): 0.003242 | RMSE omega (Sim): 0.051995
    Loss: 98.5560 | Epoch: 7859
    Eq omega: 0.564581 + -1.05154theta + -1.45993omega + -0.12209theta^2 + 0.01480theta omega + 0.40267omega^2 + 0.00058theta^3 + -0.01477theta^2 omega + 0.03011theta omega^2 + 0.01471omega^3
    Eq omega Phys: 0.094334*omega**3 + 0.006436*omega**2*theta + 0.139978*omega**2 - 0.000105*omega*theta**2 + 0.001739*omega*theta - 0.055723*omega - 6.6e-5*theta**2 - 0.000247*theta + 0.006461
    Diffusion: theta=3.408037e-05, omega=8.687935e-06

--- Chunk 91613 (94/220) | Start: 2025-07-09 05:20:00 ---
    RMSE omega (GP): nan | RMSE omega (Sim): nan
    Loss: 10360.4287 | Epoch: 1236
    Eq omega: nan1 + nantheta + nanomega + nantheta^2 + nantheta omega + nanomega^2 + nantheta^3 + nantheta^2 omega + nantheta omega^2 + nanomega^3
    Eq omega Phys: N/A
    Diffusion: theta=nan, omega=nan

--- Chunk 91614 (95/220) | Start: 2025-07-09 05:25:00 ---
    RMSE omega (GP): 0.003345 | RMSE omega (Sim): 0.062145
    Loss: 193.2368 | Epoch: 9999
    Eq omega: 0.009691 + -0.06182theta + -0.09218omega + 0.02778theta^2 + 0.00075theta omega + -0.02475omega^2 + -0.00049theta^3 + 0.00065theta^2 omega + 0.00073theta omega^2 + -0.06120omega^3
    Eq omega Phys: -0.697009*omega**3 + 0.000277*omega**2*theta - 0.01701*omega**2 + 8.0e-6*omega*theta**2 - 8.9e-5*omega*theta - 0.002839*omega + 2.3e-5*theta**2 - 0.000335*theta + 0.001274
    Diffusion: theta=8.065723e-05, omega=6.355420e-06

--- Chunk 91615 (96/220) | Start: 2025-07-09 05:30:00 ---
    RMSE omega (GP): nan | RMSE omega (Sim): nan
    Loss: 20803.4727 | Epoch: 658
    Eq omega: nan1 + nantheta + nanomega + nantheta^2 + nantheta omega + nanomega^2 + nantheta^3 + nantheta^2 omega + nantheta omega^2 + nanomega^3
    Eq omega Phys: N/A
    Diffusion: theta=nan, omega=nan

--- Chunk 91616 (97/220) | Start: 2025-07-09 05:35:00 ---
    RMSE omega (GP): nan | RMSE omega (Sim): nan
    Loss: 5863.4380 | Epoch: 1011
    Eq omega: nan1 + nantheta + nanomega + nantheta^2 + nantheta omega + nanomega^2 + nantheta^3 + nantheta^2 omega + nantheta omega^2 + nanomega^3
    Eq omega Phys: N/A
    Diffusion: theta=nan, omega=nan

--- Chunk 91617 (98/220) | Start: 2025-07-09 05:40:00 ---
    RMSE omega (GP): 0.009025 | RMSE omega (Sim): 0.078643
    Loss: 599.2577 | Epoch: 9999
    Eq omega: 0.157711 + -0.35467theta + -0.08700omega + -0.09841theta^2 + -0.00593theta omega + 0.01097omega^2 + -0.00179theta^3 + -0.00077theta^2 omega + 0.00976theta omega^2 + -0.03271omega^3
    Eq omega Phys: -0.156117*omega**3 + 0.001553*omega**2*theta - 0.015855*omega**2 - 4.0e-6*omega*theta**2 + 2.8e-5*omega*theta - 0.002566*omega - 3.1e-5*theta**2 + 0.000581*theta - 0.00113
    Diffusion: theta=4.545793e-04, omega=5.167413e-06

--- Chunk 91618 (99/220) | Start: 2025-07-09 05:45:00 ---
    RMSE omega (GP): 0.011720 | RMSE omega (Sim): 0.034801
    Loss: 692.3976 | Epoch: 9999
    Eq omega: 0.150831 + -0.09047theta + 0.00267omega + 0.00410theta^2 + 0.00270theta omega + 0.00329omega^2 + -0.00163theta^3 + 0.00182theta^2 omega + -0.00310theta omega^2 + -0.00263omega^3
    Eq omega Phys: -0.008433*omega**3 - 0.000331*omega**2*theta - 0.004473*omega**2 + 6.0e-6*omega*theta**2 + 0.000247*omega*theta + 0.0024*omega - 8.0e-6*theta**2 - 0.000213*theta - 0.001662
    Diffusion: theta=5.211951e-04, omega=8.181864e-06

--- Chunk 91619 (100/220) | Start: 2025-07-09 05:50:00 ---
    RMSE omega (GP): nan | RMSE omega (Sim): nan
    Loss: 118718.4688 | Epoch: 1394
    Eq omega: nan1 + nantheta + nanomega + nantheta^2 + nantheta omega + nanomega^2 + nantheta^3 + nantheta^2 omega + nantheta omega^2 + nanomega^3
    Eq omega Phys: N/A
    Diffusion: theta=nan, omega=nan

  [Progress 100/220] Mean RMSE omega (GP): 0.004241 | (Sim): 0.075241 | Mean loss: 44728.5054 | Valid GP: 69/100 | Valid Sim: 62/100 | Elapsed: 244.4min | ETA: 293.3min

--- Chunk 91620 (101/220) | Start: 2025-07-09 05:55:00 ---
    RMSE omega (GP): nan | RMSE omega (Sim): nan
    Loss: 22496.0488 | Epoch: 1330
    Eq omega: nan1 + nantheta + nanomega + nantheta^2 + nantheta omega + nanomega^2 + nantheta^3 + nantheta^2 omega + nantheta omega^2 + nanomega^3
    Eq omega Phys: N/A
    Diffusion: theta=nan, omega=nan

--- Chunk 91621 (102/220) | Start: 2025-07-09 06:00:00 ---
    RMSE omega (GP): nan | RMSE omega (Sim): nan
    Loss: 2586921.0000 | Epoch: 779
    Eq omega: nan1 + nantheta + nanomega + nantheta^2 + nantheta omega + nanomega^2 + nantheta^3 + nantheta^2 omega + nantheta omega^2 + nanomega^3
    Eq omega Phys: N/A
    Diffusion: theta=nan, omega=nan

--- Chunk 91622 (103/220) | Start: 2025-07-09 06:05:00 ---
    RMSE omega (GP): nan | RMSE omega (Sim): nan
    Loss: 15098.1016 | Epoch: 976
    Eq omega: nan1 + nantheta + nanomega + nantheta^2 + nantheta omega + nanomega^2 + nantheta^3 + nantheta^2 omega + nantheta omega^2 + nanomega^3
    Eq omega Phys: N/A
    Diffusion: theta=nan, omega=nan

--- Chunk 91623 (104/220) | Start: 2025-07-09 06:10:00 ---
    RMSE omega (GP): nan | RMSE omega (Sim): nan
    Loss: 289801.3750 | Epoch: 1282
    Eq omega: nan1 + nantheta + nanomega + nantheta^2 + nantheta omega + nanomega^2 + nantheta^3 + nantheta^2 omega + nantheta omega^2 + nanomega^3
    Eq omega Phys: N/A
    Diffusion: theta=nan, omega=nan

--- Chunk 91624 (105/220) | Start: 2025-07-09 06:15:00 ---
    RMSE omega (GP): nan | RMSE omega (Sim): nan
    Loss: 273572.2500 | Epoch: 1385
    Eq omega: nan1 + nantheta + nanomega + nantheta^2 + nantheta omega + nanomega^2 + nantheta^3 + nantheta^2 omega + nantheta omega^2 + nanomega^3
    Eq omega Phys: N/A
    Diffusion: theta=nan, omega=nan

--- Chunk 91625 (106/220) | Start: 2025-07-09 06:20:00 ---
    RMSE omega (GP): nan | RMSE omega (Sim): nan
    Loss: 38020.4727 | Epoch: 857
    Eq omega: nan1 + nantheta + nanomega + nantheta^2 + nantheta omega + nanomega^2 + nantheta^3 + nantheta^2 omega + nantheta omega^2 + nanomega^3
    Eq omega Phys: N/A
    Diffusion: theta=nan, omega=nan

--- Chunk 91626 (107/220) | Start: 2025-07-09 06:25:00 ---
    RMSE omega (GP): nan | RMSE omega (Sim): nan
    Loss: 1707.7462 | Epoch: 2383
    Eq omega: nan1 + nantheta + nanomega + nantheta^2 + nantheta omega + nanomega^2 + nantheta^3 + nantheta^2 omega + nantheta omega^2 + nanomega^3
    Eq omega Phys: N/A
    Diffusion: theta=nan, omega=nan

--- Chunk 91627 (108/220) | Start: 2025-07-09 06:30:00 ---
    RMSE omega (GP): 0.002985 | RMSE omega (Sim): nan
    Loss: 67.1732 | Epoch: 5779
    Eq omega: -0.028491 + -0.08585theta + 0.12986omega + -0.12379theta^2 + 0.00161theta omega + 0.03092omega^2 + -0.13906theta^3 + 0.34124theta^2 omega + 0.02539theta omega^2 + 0.12622omega^3
    Eq omega Phys: 0.649432*omega**3 + 0.004355*omega**2*theta - 0.003475*omega**2 + 0.001951*omega*theta**2 - 0.014565*omega*theta + 0.031514*omega - 2.6e-5*theta**3 + 0.00024*theta**2 - 0.000781*theta + 0.000869
    Diffusion: theta=1.126171e-04, omega=8.978068e-06

--- Chunk 91628 (109/220) | Start: 2025-07-09 06:35:00 ---
    RMSE omega (GP): nan | RMSE omega (Sim): nan
    Loss: 3116.1228 | Epoch: 1702
    Eq omega: nan1 + nantheta + nanomega + nantheta^2 + nantheta omega + nanomega^2 + nantheta^3 + nantheta^2 omega + nantheta omega^2 + nanomega^3
    Eq omega Phys: N/A
    Diffusion: theta=nan, omega=nan

--- Chunk 91629 (110/220) | Start: 2025-07-09 06:40:00 ---
    RMSE omega (GP): 0.003413 | RMSE omega (Sim): 0.045126
    Loss: 240.7588 | Epoch: 9999
    Eq omega: -0.103841 + -0.01380theta + -0.10437omega + 0.00385theta^2 + 0.01575theta omega + 0.00372omega^2 + -0.00125theta^3 + -0.00023theta^2 omega + -0.00268theta omega^2 + -0.08365omega^3
    Eq omega Phys: -1.144371*omega**3 - 0.001222*omega**2*theta + 0.012211*omega**2 - 3.0e-6*omega*theta**2 + 0.00041*omega*theta - 0.006513*omega - 0.e-6*theta**3 + 1.8e-5*theta**2 - 0.000181*theta + 0.000449
    Diffusion: theta=3.681793e-05, omega=6.455204e-06

--- Chunk 91630 (111/220) | Start: 2025-07-09 06:45:00 ---
    RMSE omega (GP): 0.003120 | RMSE omega (Sim): 0.069037
    Loss: 297.9430 | Epoch: 9999
    Eq omega: -0.895791 + 0.00171theta + 0.04339omega + -0.00117theta^2 + -0.00507theta omega + -0.00329omega^2 + -0.00033theta^3 + -0.00277theta^2 omega + 0.00119theta omega^2 + -0.00346omega^3
    Eq omega Phys: -0.07099*omega**3 + 0.000814*omega**2*theta + 0.00385*omega**2 - 6.3e-5*omega*theta**2 - 0.001159*omega*theta - 0.003798*omega - 7.0e-6*theta**2 - 6.4e-5*theta - 0.00139
    Diffusion: theta=4.018054e-05, omega=3.403042e-06

--- Chunk 91631 (112/220) | Start: 2025-07-09 06:50:00 ---
    RMSE omega (GP): 0.002765 | RMSE omega (Sim): nan
    Loss: 85.5460 | Epoch: 7714
    Eq omega: 0.011041 + -0.02855theta + 0.02919omega + 0.06861theta^2 + -0.23383theta omega + 0.01171omega^2 + 0.00029theta^3 + 0.02539theta^2 omega + -0.00218theta omega^2 + -0.02732omega^3
    Eq omega Phys: -0.207553*omega**3 - 0.000552*omega**2*theta + 0.003506*omega**2 + 0.000214*omega*theta**2 - 0.002069*omega*theta - 0.011977*omega + 3.9e-5*theta**2 + 0.000305*theta + 0.000611
    Diffusion: theta=3.398683e-05, omega=7.876135e-06

--- Chunk 91632 (113/220) | Start: 2025-07-09 06:55:00 ---
    RMSE omega (GP): nan | RMSE omega (Sim): nan
    Loss: 265.9310 | Epoch: 6463
    Eq omega: nan1 + nantheta + nanomega + nantheta^2 + nantheta omega + nanomega^2 + nantheta^3 + nantheta^2 omega + nantheta omega^2 + nanomega^3
    Eq omega Phys: N/A
    Diffusion: theta=nan, omega=nan

--- Chunk 91633 (114/220) | Start: 2025-07-09 07:00:00 ---
    RMSE omega (GP): nan | RMSE omega (Sim): nan
    Loss: 12251.4756 | Epoch: 857
    Eq omega: nan1 + nantheta + nanomega + nantheta^2 + nantheta omega + nanomega^2 + nantheta^3 + nantheta^2 omega + nantheta omega^2 + nanomega^3
    Eq omega Phys: N/A
    Diffusion: theta=nan, omega=nan

--- Chunk 91634 (115/220) | Start: 2025-07-09 07:05:00 ---
    RMSE omega (GP): 0.002858 | RMSE omega (Sim): 0.058531
    Loss: 43.4664 | Epoch: 8563
    Eq omega: -0.031151 + -0.26547theta + -0.39781omega + -0.21007theta^2 + 0.01565theta omega + 0.03197omega^2 + -0.10019theta^3 + 0.13327theta^2 omega + -0.05348theta omega^2 + -0.15596omega^3
    Eq omega Phys: -0.578076*omega**3 - 0.006608*omega**2*theta + 0.067419*omega**2 + 0.000549*omega*theta**2 - 0.00915*omega*theta + 0.02486*omega - 1.4e-5*theta**3 + 0.000269*theta**2 - 0.001883*theta + 0.004933
    Diffusion: theta=1.779586e-04, omega=9.584278e-06

--- Chunk 91635 (116/220) | Start: 2025-07-09 07:10:00 ---
    RMSE omega (GP): 0.003514 | RMSE omega (Sim): nan
    Loss: 78.5123 | Epoch: 9148
    Eq omega: -0.013281 + -0.08780theta + 0.41986omega + 0.07560theta^2 + -0.08257theta omega + -0.06648omega^2 + -0.00905theta^3 + 0.15070theta^2 omega + -0.04261theta omega^2 + 0.06662omega^3
    Eq omega Phys: 0.287755*omega**3 - 0.006135*omega**2*theta - 0.071049*omega**2 + 0.000723*omega*theta**2 + 0.00976*omega*theta + 0.046545*omega - 1.0e-6*theta**3 - 0.e-6*theta**2 + 0.000136*theta + 0.000407
    Diffusion: theta=1.121637e-04, omega=1.067870e-05

--- Chunk 91636 (117/220) | Start: 2025-07-09 07:15:00 ---
    RMSE omega (GP): 0.003248 | RMSE omega (Sim): 0.048795
    Loss: 39.5099 | Epoch: 9161
    Eq omega: -0.240381 + -0.06708theta + -0.01284omega + -0.00909theta^2 + -0.03242theta omega + -0.14510omega^2 + 0.00164theta^3 + -0.00461theta^2 omega + -0.02521theta omega^2 + 0.00025omega^3
    Eq omega Phys: 0.000675*omega**3 - 0.002267*omega**2*theta - 0.007348*omega**2 - 1.4e-5*omega*theta**2 + 0.000117*omega*theta + 0.001225*omega - 1.1e-5*theta**2 + 0.000147*theta - 0.001138
    Diffusion: theta=2.051233e-04, omega=1.021102e-05

--- Chunk 91637 (118/220) | Start: 2025-07-09 07:20:00 ---
    RMSE omega (GP): nan | RMSE omega (Sim): nan
    Loss: 1709.3647 | Epoch: 3655
    Eq omega: nan1 + nantheta + nanomega + nantheta^2 + nantheta omega + nanomega^2 + nantheta^3 + nantheta^2 omega + nantheta omega^2 + nanomega^3
    Eq omega Phys: N/A
    Diffusion: theta=nan, omega=nan

--- Chunk 91638 (119/220) | Start: 2025-07-09 07:25:00 ---
    RMSE omega (GP): 0.004145 | RMSE omega (Sim): 0.053302
    Loss: 450.6785 | Epoch: 9999
    Eq omega: -0.011861 + 0.00425theta + 0.01984omega + -0.01695theta^2 + 0.01263theta omega + 0.00562omega^2 + -0.00221theta^3 + 0.00029theta^2 omega + 0.00181theta omega^2 + 0.00230omega^3
    Eq omega Phys: 0.038616*omega**3 + 0.001013*omega**2*theta - 0.00909*omega**2 + 5.0e-6*omega*theta**2 + 0.000173*omega*theta - 0.00254*omega - 1.0e-6*theta**3 + 4.0e-5*theta**2 - 0.000336*theta + 0.0006
    Diffusion: theta=2.015536e-04, omega=5.113974e-06

--- Chunk 91639 (120/220) | Start: 2025-07-09 07:30:00 ---
    RMSE omega (GP): 0.003522 | RMSE omega (Sim): nan
    Loss: 141.6978 | Epoch: 5284
    Eq omega: -0.042191 + -0.57003theta + 0.20854omega + -0.05806theta^2 + 1.06345theta omega + -0.20010omega^2 + -0.32575theta^3 + -0.13726theta^2 omega + -0.19546theta omega^2 + 0.31540omega^3
    Eq omega Phys: 2.396583*omega**3 - 0.049507*omega**2*theta - 0.115633*omega**2 - 0.001159*omega*theta**2 + 0.017141*omega*theta + 0.012225*omega - 9.2e-5*theta**3 - 0.000115*theta**2 - 0.000678*theta - 0.00029
    Diffusion: theta=2.762236e-05, omega=9.914762e-06

--- Chunk 91640 (121/220) | Start: 2025-07-09 07:35:00 ---
    RMSE omega (GP): 0.003302 | RMSE omega (Sim): 0.050657
    Loss: 54.2736 | Epoch: 9999
    Eq omega: 0.236711 + -0.02400theta + 0.01441omega + 0.01544theta^2 + -0.09459theta omega + -0.11870omega^2 + -0.04697theta^3 + -0.01221theta^2 omega + 0.02281theta omega^2 + -0.07528omega^3
    Eq omega Phys: -0.263005*omega**3 + 0.002656*omega**2*theta - 0.050841*omega**2 - 4.7e-5*omega*theta**2 - 0.000707*omega*theta + 0.003949*omega - 6.0e-6*theta**3 + 7.7e-5*theta**2 - 0.000348*theta + 0.001321
    Diffusion: theta=9.939917e-05, omega=1.069253e-05

--- Chunk 91641 (122/220) | Start: 2025-07-09 07:40:00 ---
    RMSE omega (GP): 0.003288 | RMSE omega (Sim): nan
    Loss: 121.7729 | Epoch: 9046
    Eq omega: 0.024951 + -0.00149theta + 0.02723omega + 0.02146theta^2 + 0.00094theta omega + 0.04043omega^2 + -0.00041theta^3 + 0.00048theta^2 omega + -0.00001theta omega^2 + 0.00820omega^3
    Eq omega Phys: 0.060983*omega**3 - 2.0e-6*omega**2*theta + 0.020162*omega**2 + 4.0e-6*omega*theta**2 - 8.7e-5*omega*theta + 0.001365*omega + 1.6e-5*theta**2 - 0.000364*theta + 0.002289
    Diffusion: theta=1.671270e-04, omega=7.882454e-06

--- Chunk 91642 (123/220) | Start: 2025-07-09 07:45:00 ---
    RMSE omega (GP): nan | RMSE omega (Sim): nan
    Loss: 263.4828 | Epoch: 4758
    Eq omega: nan1 + nantheta + nanomega + nantheta^2 + nantheta omega + nanomega^2 + nantheta^3 + nantheta^2 omega + nantheta omega^2 + nanomega^3
    Eq omega Phys: N/A
    Diffusion: theta=nan, omega=nan

--- Chunk 91643 (124/220) | Start: 2025-07-09 07:50:00 ---
    RMSE omega (GP): 0.003650 | RMSE omega (Sim): 0.081518
    Loss: 131.1460 | Epoch: 7304
    Eq omega: 0.015281 + -1.79588theta + -0.06050omega + 0.61063theta^2 + 0.00826theta omega + -0.00262omega^2 + 0.01554theta^3 + 0.08749theta^2 omega + 0.16999theta omega^2 + -0.15538omega^3
    Eq omega Phys: -1.021016*omega**3 + 0.037234*omega**2*theta - 0.045988*omega**2 + 0.000639*omega*theta**2 - 0.001407*omega*theta - 0.001248*omega + 4.0e-6*theta**3 + 0.000304*theta**2 - 0.002742*theta + 0.002887
    Diffusion: theta=6.867355e-05, omega=1.041386e-05

--- Chunk 91644 (125/220) | Start: 2025-07-09 07:55:00 ---
    RMSE omega (GP): 0.003266 | RMSE omega (Sim): nan
    Loss: 97.8128 | Epoch: 8084
    Eq omega: -0.004031 + -0.50558theta + 0.11962omega + 0.32347theta^2 + -0.05098theta omega + -0.66439omega^2 + -0.00466theta^3 + 0.20599theta^2 omega + -0.01031theta omega^2 + 0.02743omega^3
    Eq omega Phys: 0.167623*omega**3 - 0.0021*omega**2*theta - 0.300335*omega**2 + 0.001399*omega*theta**2 - 0.000132*omega*theta + 0.003885*omega - 1.0e-6*theta**3 + 0.000161*theta**2 - 0.000488*theta - 0.000129
    Diffusion: theta=1.090300e-04, omega=1.005639e-05

--- Chunk 91645 (126/220) | Start: 2025-07-09 08:00:00 ---
    RMSE omega (GP): nan | RMSE omega (Sim): nan
    Loss: 34961.7383 | Epoch: 1445
    Eq omega: nan1 + nantheta + nanomega + nantheta^2 + nantheta omega + nanomega^2 + nantheta^3 + nantheta^2 omega + nantheta omega^2 + nanomega^3
    Eq omega Phys: N/A
    Diffusion: theta=nan, omega=nan

--- Chunk 91646 (127/220) | Start: 2025-07-09 08:05:00 ---
    RMSE omega (GP): 0.003281 | RMSE omega (Sim): 0.060170
    Loss: 106.6314 | Epoch: 9999
    Eq omega: -0.178871 + -0.19776theta + -0.04863omega + -0.02036theta^2 + -0.00655theta omega + -0.04352omega^2 + -0.00059theta^3 + 0.00002theta^2 omega + -0.00932theta omega^2 + 0.00331omega^3
    Eq omega Phys: 0.021934*omega**3 - 0.002059*omega**2*theta - 0.027717*omega**2 - 0.000102*omega*theta - 0.001981*omega - 1.2e-5*theta**2 - 0.0003*theta - 0.001337
    Diffusion: theta=1.513876e-04, omega=9.659028e-06

--- Chunk 91647 (128/220) | Start: 2025-07-09 08:10:00 ---
    RMSE omega (GP): 0.003432 | RMSE omega (Sim): 0.111539
    Loss: 109.2918 | Epoch: 9999
    Eq omega: 0.073631 + -0.04165theta + 0.01085omega + 0.05249theta^2 + -0.02052theta omega + 0.03565omega^2 + -0.03015theta^3 + -0.00136theta^2 omega + 0.00091theta omega^2 + 0.01451omega^3
    Eq omega Phys: 0.091963*omega**3 + 0.000192*omega**2*theta + 0.018119*omega**2 - 1.0e-5*omega*theta**2 - 0.000487*omega*theta - 0.00325*omega - 7.0e-6*theta**3 - 0.000165*theta**2 - 0.001288*theta - 0.003242
    Diffusion: theta=3.439236e-05, omega=6.644360e-06

--- Chunk 91648 (129/220) | Start: 2025-07-09 08:15:00 ---
    RMSE omega (GP): 0.003502 | RMSE omega (Sim): 0.032674
    Loss: 288.5386 | Epoch: 9999
    Eq omega: -0.058511 + -0.01704theta + -0.01243omega + -0.01552theta^2 + -0.00411theta omega + 0.00652omega^2 + -0.00121theta^3 + -0.00615theta^2 omega + 0.00413theta omega^2 + -0.00050omega^3
    Eq omega Phys: -0.007647*omega**3 + 0.002106*omega**2*theta + 0.037757*omega**2 - 0.000105*omega*theta**2 - 0.003384*omega*theta - 0.027783*omega - 0.e-6*theta**3 - 4.5e-5*theta**2 - 0.000914*theta - 0.006095
    Diffusion: theta=1.651084e-04, omega=3.958473e-06

--- Chunk 91649 (130/220) | Start: 2025-07-09 08:20:00 ---
    RMSE omega (GP): nan | RMSE omega (Sim): nan
    Loss: 7375.6685 | Epoch: 1701
    Eq omega: nan1 + nantheta + nanomega + nantheta^2 + nantheta omega + nanomega^2 + nantheta^3 + nantheta^2 omega + nantheta omega^2 + nanomega^3
    Eq omega Phys: N/A
    Diffusion: theta=nan, omega=nan

--- Chunk 91650 (131/220) | Start: 2025-07-09 08:25:00 ---
    RMSE omega (GP): 0.002731 | RMSE omega (Sim): 0.047119
    Loss: 52.0719 | Epoch: 8246
    Eq omega: -0.044711 + -0.08537theta + 0.14720omega + 0.17232theta^2 + 0.02248theta omega + -0.01979omega^2 + -0.03664theta^3 + -0.39328theta^2 omega + -0.06730theta omega^2 + 0.05614omega^3
    Eq omega Phys: 0.274602*omega**3 - 0.010973*omega**2*theta - 0.047885*omega**2 - 0.002137*omega*theta**2 - 0.015239*omega*theta - 0.022245*omega - 7.0e-6*theta**3 + 5.0e-6*theta**2 + 0.000204*theta + 0.000235
    Diffusion: theta=1.076395e-04, omega=6.935526e-06

--- Chunk 91651 (132/220) | Start: 2025-07-09 08:30:00 ---
    RMSE omega (GP): 0.003523 | RMSE omega (Sim): 0.060702
    Loss: 149.7627 | Epoch: 9999
    Eq omega: -0.051421 + -0.03046theta + -0.03190omega + -0.00352theta^2 + 0.00282theta omega + 0.02928omega^2 + -0.00200theta^3 + 0.00209theta^2 omega + 0.00019theta omega^2 + -0.03301omega^3
    Eq omega Phys: -0.264121*omega**3 + 5.1e-5*omega**2*theta + 0.015679*omega**2 + 1.9e-5*omega*theta**2 + 0.000457*omega*theta + 0.00172*omega - 0.e-6*theta**3 - 2.2e-5*theta**2 - 0.000294*theta - 0.001517
    Diffusion: theta=1.127983e-04, omega=7.038162e-06

--- Chunk 91652 (133/220) | Start: 2025-07-09 08:35:00 ---
    RMSE omega (GP): nan | RMSE omega (Sim): nan
    Loss: 45126.9883 | Epoch: 1181
    Eq omega: nan1 + nantheta + nanomega + nantheta^2 + nantheta omega + nanomega^2 + nantheta^3 + nantheta^2 omega + nantheta omega^2 + nanomega^3
    Eq omega Phys: N/A
    Diffusion: theta=nan, omega=nan

--- Chunk 91653 (134/220) | Start: 2025-07-09 08:40:00 ---
    RMSE omega (GP): nan | RMSE omega (Sim): nan
    Loss: 33158.1914 | Epoch: 1261
    Eq omega: nan1 + nantheta + nanomega + nantheta^2 + nantheta omega + nanomega^2 + nantheta^3 + nantheta^2 omega + nantheta omega^2 + nanomega^3
    Eq omega Phys: N/A
    Diffusion: theta=nan, omega=nan

--- Chunk 91654 (135/220) | Start: 2025-07-09 08:45:00 ---
    RMSE omega (GP): nan | RMSE omega (Sim): nan
    Loss: 2868.1023 | Epoch: 851
    Eq omega: nan1 + nantheta + nanomega + nantheta^2 + nantheta omega + nanomega^2 + nantheta^3 + nantheta^2 omega + nantheta omega^2 + nanomega^3
    Eq omega Phys: N/A
    Diffusion: theta=nan, omega=nan

--- Chunk 91655 (136/220) | Start: 2025-07-09 08:50:00 ---
    RMSE omega (GP): 0.028182 | RMSE omega (Sim): 0.036990
    Loss: 2992.9414 | Epoch: 9999
    Eq omega: -0.172631 + -0.11341theta + -0.05148omega + -0.00289theta^2 + -0.00115theta omega + -0.03481omega^2 + 0.00032theta^3 + -0.00009theta^2 omega + -0.00209theta omega^2 + -0.00419omega^3
    Eq omega Phys: -0.009555*omega**3 - 0.000159*omega**2*theta - 0.006479*omega**2 - 2.0e-6*omega*theta - 0.001596*omega - 2.0e-6*theta**2 - 6.0e-5*theta + 0.001232
    Diffusion: theta=4.211093e-04, omega=1.300770e-06

--- Chunk 91656 (137/220) | Start: 2025-07-09 08:55:00 ---
    RMSE omega (GP): 0.003276 | RMSE omega (Sim): nan
    Loss: 148.1211 | Epoch: 8472
    Eq omega: -0.102061 + -0.08948theta + -0.08260omega + -0.00919theta^2 + -0.05849theta omega + 0.13524omega^2 + -0.01846theta^3 + -0.00754theta^2 omega + -0.12718theta omega^2 + 0.03364omega^3
    Eq omega Phys: 0.308288*omega**3 - 0.038851*omega**2*theta + 0.289761*omega**2 - 7.7e-5*omega*theta**2 - 0.000228*omega*theta + 0.000859*omega - 6.0e-6*theta**3 + 9.8e-5*theta**2 - 0.000613*theta + 0.001234
    Diffusion: theta=8.116146e-05, omega=7.148340e-06

--- Chunk 91657 (138/220) | Start: 2025-07-09 09:00:00 ---
    RMSE omega (GP): 0.004068 | RMSE omega (Sim): 0.093210
    Loss: 61.5119 | Epoch: 9999
    Eq omega: -0.074311 + -0.16232theta + 0.20827omega + 0.01540theta^2 + 0.00109theta omega + 0.08280omega^2 + -0.00439theta^3 + -0.00022theta^2 omega + -0.00878theta omega^2 + 0.02138omega^3
    Eq omega Phys: 0.055443*omega**3 - 0.000759*omega**2*theta + 0.024365*omega**2 - 0.e-6*omega*theta**2 + 1.1e-5*omega*theta + 0.006942*omega + 5.0e-6*theta**2 - 0.000181*theta - 0.000276
    Diffusion: theta=3.773456e-04, omega=8.387042e-06

--- Chunk 91658 (139/220) | Start: 2025-07-09 09:05:00 ---
    RMSE omega (GP): 0.021044 | RMSE omega (Sim): 0.049152
    Loss: 4659.4541 | Epoch: 9999
    Eq omega: 0.000761 + -0.10673theta + -0.02467omega + -0.02462theta^2 + -0.00274theta omega + -0.00787omega^2 + 0.00007theta^3 + -0.00047theta^2 omega + -0.00034theta omega^2 + -0.00323omega^3
    Eq omega Phys: -0.019205*omega**3 - 6.7e-5*omega**2*theta - 0.002642*omega**2 - 3.0e-6*omega*theta**2 + 3.9e-5*omega*theta - 0.00081*omega - 1.3e-5*theta**2 + 0.0002*theta - 0.000505
    Diffusion: theta=6.263934e-04, omega=4.728047e-06

--- Chunk 91659 (140/220) | Start: 2025-07-09 09:10:00 ---
    RMSE omega (GP): nan | RMSE omega (Sim): nan
    Loss: 5527.4717 | Epoch: 1054
    Eq omega: nan1 + nantheta + nanomega + nantheta^2 + nantheta omega + nanomega^2 + nantheta^3 + nantheta^2 omega + nantheta omega^2 + nanomega^3
    Eq omega Phys: N/A
    Diffusion: theta=nan, omega=nan

--- Chunk 91660 (141/220) | Start: 2025-07-09 09:15:00 ---
    RMSE omega (GP): nan | RMSE omega (Sim): nan
    Loss: 86823.0625 | Epoch: 815
    Eq omega: nan1 + nantheta + nanomega + nantheta^2 + nantheta omega + nanomega^2 + nantheta^3 + nantheta^2 omega + nantheta omega^2 + nanomega^3
    Eq omega Phys: N/A
    Diffusion: theta=nan, omega=nan

--- Chunk 91661 (142/220) | Start: 2025-07-09 09:20:00 ---
    RMSE omega (GP): 0.002640 | RMSE omega (Sim): 0.043389
    Loss: 34.1642 | Epoch: 8468
    Eq omega: -0.018711 + -0.20887theta + -0.00514omega + -0.08614theta^2 + 0.00068theta omega + -0.44044omega^2 + -0.00419theta^3 + 0.11466theta^2 omega + -0.01766theta omega^2 + -0.03710omega^3
    Eq omega Phys: -0.133758*omega**3 - 0.002122*omega**2*theta - 0.13486*omega**2 + 0.000459*omega*theta**2 - 0.007708*omega*theta + 0.032167*omega - 0.e-6*theta**3 - 1.9e-5*theta**2 + 0.000207*theta - 0.00012
    Diffusion: theta=1.272961e-04, omega=8.989999e-06

--- Chunk 91662 (143/220) | Start: 2025-07-09 09:25:00 ---
    RMSE omega (GP): 0.015384 | RMSE omega (Sim): 0.114171
    Loss: 3167.5386 | Epoch: 9999
    Eq omega: 0.002261 + -0.00838theta + 0.01921omega + 0.01993theta^2 + -0.01037theta omega + 0.00252omega^2 + -0.00341theta^3 + 0.00046theta^2 omega + 0.00181theta omega^2 + -0.00419omega^3
    Eq omega Phys: -0.036777*omega**3 + 0.00053*omega**2*theta + 0.011871*omega**2 + 4.0e-6*omega*theta**2 - 9.0e-6*omega*theta - 0.001303*omega - 1.0e-6*theta**3 - 5.4e-5*theta**2 - 0.000843*theta - 0.004125
    Diffusion: theta=1.348765e-04, omega=2.887297e-06

--- Chunk 91663 (144/220) | Start: 2025-07-09 09:30:00 ---
    RMSE omega (GP): 0.003440 | RMSE omega (Sim): 0.082097
    Loss: 143.0022 | Epoch: 5659
    Eq omega: 0.032181 + -1.54860theta + -0.04360omega + -0.81413theta^2 + -0.06016theta omega + 0.02155omega^2 + -0.01280theta^3 + -0.00665theta^2 omega + -0.09136theta omega^2 + -0.02244omega^3
    Eq omega Phys: -0.178836*omega**3 - 0.02427*omega**2*theta + 0.034485*omega**2 - 5.9e-5*omega*theta**2 - 0.00092*omega*theta - 0.000512*omega - 4.0e-6*theta**3 - 0.000455*theta**2 - 0.000833*theta + 0.001298
    Diffusion: theta=1.192296e-04, omega=1.051790e-05

--- Chunk 91664 (145/220) | Start: 2025-07-09 09:35:00 ---
    RMSE omega (GP): 0.004645 | RMSE omega (Sim): 0.068457
    Loss: 211.3301 | Epoch: 9999
    Eq omega: -0.051131 + -0.00271theta + 0.00452omega + 0.00128theta^2 + 0.00062theta omega + 0.00004omega^2 + -0.00011theta^3 + 0.00001theta^2 omega + -0.00001theta omega^2 + -0.00031omega^3
    Eq omega Phys: -0.001939*omega**3 - 2.0e-6*omega**2*theta - 5.0e-6*omega**2 + 1.1e-5*omega*theta + 0.000267*omega + 2.0e-6*theta - 0.000112
    Diffusion: theta=3.655217e-04, omega=7.451074e-06

--- Chunk 91665 (146/220) | Start: 2025-07-09 09:40:00 ---
    RMSE omega (GP): 0.003244 | RMSE omega (Sim): 0.062556
    Loss: 60.6963 | Epoch: 9138
    Eq omega: 0.072991 + -0.24280theta + -0.05371omega + 0.04027theta^2 + -0.00048theta omega + 0.04725omega^2 + 0.00003theta^3 + -0.05017theta^2 omega + -0.05917theta omega^2 + -0.01442omega^3
    Eq omega Phys: -0.057196*omega**3 - 0.007823*omega**2*theta - 0.046879*omega**2 - 0.000221*omega*theta**2 - 0.003627*omega*theta - 0.016663*omega + 1.6e-5*theta**2 - 2.0e-6*theta - 0.000893
    Diffusion: theta=1.332304e-04, omega=9.672038e-06

--- Chunk 91666 (147/220) | Start: 2025-07-09 09:45:00 ---
    RMSE omega (GP): 0.003140 | RMSE omega (Sim): nan
    Loss: 117.6841 | Epoch: 5321
    Eq omega: -0.300681 + -3.69896theta + 0.73106omega + 1.30733theta^2 + 0.26960theta omega + -0.28239omega^2 + -0.02220theta^3 + 0.24775theta^2 omega + 0.18668theta omega^2 + 0.10164omega^3
    Eq omega Phys: 0.815378*omega**3 + 0.04992*omega**2*theta - 0.206246*omega**2 + 0.002208*omega*theta**2 - 0.000681*omega*theta + 0.021976*omega - 7.0e-6*theta**3 + 0.000775*theta**2 - 0.005951*theta + 0.005416
    Diffusion: theta=8.059868e-05, omega=7.151800e-06

--- Chunk 91667 (148/220) | Start: 2025-07-09 09:50:00 ---
    RMSE omega (GP): 0.002950 | RMSE omega (Sim): nan
    Loss: 143.2415 | Epoch: 4066
    Eq omega: -0.310731 + -0.14066theta + 0.00439omega + -0.08203theta^2 + -0.01482theta omega + -0.06974omega^2 + -0.04642theta^3 + 0.00042theta^2 omega + 0.00314theta omega^2 + 0.03568omega^3
    Eq omega Phys: 0.389182*omega**3 + 0.001142*omega**2*theta - 0.040989*omega**2 + 5.0e-6*omega*theta**2 - 0.000288*omega*theta - 0.000127*omega - 1.9e-5*theta**3 - 0.000107*theta**2 - 0.000307*theta - 0.000781
    Diffusion: theta=6.979398e-05, omega=7.463679e-06

--- Chunk 91668 (149/220) | Start: 2025-07-09 09:55:00 ---
    RMSE omega (GP): 0.003316 | RMSE omega (Sim): 0.080621
    Loss: 76.4953 | Epoch: 8079
    Eq omega: 0.146681 + -0.30382theta + 0.01583omega + 0.03015theta^2 + 0.00870theta omega + 0.14433omega^2 + -0.00985theta^3 + -0.00258theta^2 omega + -0.00544theta omega^2 + 0.00753omega^3
    Eq omega Phys: 0.035675*omega**3 - 0.000859*omega**2*theta + 0.050543*omega**2 - 1.4e-5*omega*theta**2 - 0.0001*omega*theta + 0.000587*omega - 2.0e-6*theta**3 - 2.8e-5*theta**2 - 0.000453*theta - 0.002292
    Diffusion: theta=1.758605e-04, omega=8.553277e-06

--- Chunk 91669 (150/220) | Start: 2025-07-09 10:00:00 ---
    RMSE omega (GP): 0.004323 | RMSE omega (Sim): 0.056337
    Loss: 356.5872 | Epoch: 9999
    Eq omega: -0.018731 + -0.00098theta + -0.00397omega + -0.00046theta^2 + 0.00041theta omega + 0.00660omega^2 + -0.00003theta^3 + -0.00004theta^2 omega + 0.00000theta omega^2 + 0.00089omega^3
    Eq omega Phys: 0.01069*omega**3 + 0.004176*omega**2 - 0.e-6*omega*theta**2 + 3.3e-5*omega*theta - 0.000611*omega + 1.0e-6*theta**2 - 7.0e-6*theta - 1.7e-5
    Diffusion: theta=2.938827e-04, omega=5.466533e-06

  [Progress 150/220] Mean RMSE omega (GP): 0.004518 | (Sim): 0.072275 | Mean loss: 52990.9633 | Valid GP: 100/150 | Valid Sim: 84/150 | Elapsed: 361.9min | ETA: 168.9min

--- Chunk 91670 (151/220) | Start: 2025-07-09 10:05:00 ---
    RMSE omega (GP): 0.002851 | RMSE omega (Sim): 0.114465
    Loss: 114.5395 | Epoch: 5689
    Eq omega: 0.206251 + -0.03882theta + 0.01207omega + -0.01514theta^2 + -0.02635theta omega + 0.00674omega^2 + -0.03896theta^3 + 0.00967theta^2 omega + -0.00938theta omega^2 + -0.00873omega^3
    Eq omega Phys: -0.081515*omega**3 - 0.002919*omega**2*theta + 0.021518*omega**2 + 0.0001*omega*theta**2 - 0.00171*omega*theta + 0.007095*omega - 1.3e-5*theta**3 + 0.000236*theta**2 - 0.001424*theta + 0.003358
    Diffusion: theta=4.960313e-05, omega=9.182634e-06

--- Chunk 91671 (152/220) | Start: 2025-07-09 10:10:00 ---
    RMSE omega (GP): 0.003520 | RMSE omega (Sim): 0.069396
    Loss: 101.2567 | Epoch: 9296
    Eq omega: 0.012791 + -0.44444theta + -0.07982omega + -0.28019theta^2 + -0.17172theta omega + -0.00467omega^2 + -0.00728theta^3 + -0.00642theta^2 omega + -0.00165theta omega^2 + -0.01011omega^3
    Eq omega Phys: -0.056693*omega**3 - 0.000308*omega**2*theta - 0.001273*omega**2 - 4.0e-5*omega*theta**2 - 0.002281*omega*theta + 0.003091*omega - 2.0e-6*theta**3 - 0.000124*theta**2 + 0.000131*theta + 0.000461
    Diffusion: theta=6.233183e-05, omega=8.857270e-06

--- Chunk 91672 (153/220) | Start: 2025-07-09 10:15:00 ---
    RMSE omega (GP): nan | RMSE omega (Sim): nan
    Loss: 35308.0547 | Epoch: 1006
    Eq omega: nan1 + nantheta + nanomega + nantheta^2 + nantheta omega + nanomega^2 + nantheta^3 + nantheta^2 omega + nantheta omega^2 + nanomega^3
    Eq omega Phys: N/A
    Diffusion: theta=nan, omega=nan

--- Chunk 91673 (154/220) | Start: 2025-07-09 10:20:00 ---
    RMSE omega (GP): nan | RMSE omega (Sim): nan
    Loss: 50978.0156 | Epoch: 1139
    Eq omega: nan1 + nantheta + nanomega + nantheta^2 + nantheta omega + nanomega^2 + nantheta^3 + nantheta^2 omega + nantheta omega^2 + nanomega^3
    Eq omega Phys: N/A
    Diffusion: theta=nan, omega=nan

--- Chunk 91674 (155/220) | Start: 2025-07-09 10:25:00 ---
    RMSE omega (GP): nan | RMSE omega (Sim): nan
    Loss: 197085.4844 | Epoch: 878
    Eq omega: nan1 + nantheta + nanomega + nantheta^2 + nantheta omega + nanomega^2 + nantheta^3 + nantheta^2 omega + nantheta omega^2 + nanomega^3
    Eq omega Phys: N/A
    Diffusion: theta=nan, omega=nan

--- Chunk 91675 (156/220) | Start: 2025-07-09 10:30:00 ---
    RMSE omega (GP): 0.003445 | RMSE omega (Sim): 0.069517
    Loss: 184.2283 | Epoch: 9999
    Eq omega: -0.005761 + -0.00113theta + -0.00200omega + 0.00013theta^2 + 0.00012theta omega + -0.00098omega^2 + -0.00000theta^3 + 0.00012theta^2 omega + -0.00035theta omega^2 + 0.00172omega^3
    Eq omega Phys: 0.017552*omega**3 - 0.000119*omega**2*theta - 0.002148*omega**2 + 1.0e-6*omega*theta**2 + 3.8e-5*omega*theta + 0.000203*omega + 1.0e-6*theta - 1.3e-5
    Diffusion: theta=6.832297e-05, omega=8.491087e-06

--- Chunk 91676 (157/220) | Start: 2025-07-09 10:35:00 ---
    RMSE omega (GP): nan | RMSE omega (Sim): nan
    Loss: 301.9903 | Epoch: 2469
    Eq omega: nan1 + nantheta + nanomega + nantheta^2 + nantheta omega + nanomega^2 + nantheta^3 + nantheta^2 omega + nantheta omega^2 + nanomega^3
    Eq omega Phys: N/A
    Diffusion: theta=nan, omega=nan

--- Chunk 91677 (158/220) | Start: 2025-07-09 10:40:00 ---
    RMSE omega (GP): 0.003540 | RMSE omega (Sim): 0.093571
    Loss: 63.4176 | Epoch: 9999
    Eq omega: -0.023091 + -0.03264theta + -0.02165omega + 0.01560theta^2 + 0.00694theta omega + -0.07212omega^2 + 0.00024theta^3 + -0.00105theta^2 omega + -0.00260theta omega^2 + -0.01219omega^3
    Eq omega Phys: -0.043377*omega**3 - 0.000308*omega**2*theta - 0.024804*omega**2 - 4.0e-6*omega*theta**2 + 8.1e-5*omega*theta - 0.000731*omega + 6.0e-6*theta**2 - 3.8e-5*theta - 7.0e-5
    Diffusion: theta=1.460125e-04, omega=8.179663e-06

--- Chunk 91678 (159/220) | Start: 2025-07-09 10:45:00 ---
    RMSE omega (GP): nan | RMSE omega (Sim): nan
    Loss: 84180.1250 | Epoch: 1199
    Eq omega: nan1 + nantheta + nanomega + nantheta^2 + nantheta omega + nanomega^2 + nantheta^3 + nantheta^2 omega + nantheta omega^2 + nanomega^3
    Eq omega Phys: N/A
    Diffusion: theta=nan, omega=nan

--- Chunk 91679 (160/220) | Start: 2025-07-09 10:50:00 ---
    RMSE omega (GP): nan | RMSE omega (Sim): nan
    Loss: 69237.0781 | Epoch: 1655
    Eq omega: nan1 + nantheta + nanomega + nantheta^2 + nantheta omega + nanomega^2 + nantheta^3 + nantheta^2 omega + nantheta omega^2 + nanomega^3
    Eq omega Phys: N/A
    Diffusion: theta=nan, omega=nan

--- Chunk 91680 (161/220) | Start: 2025-07-09 10:55:00 ---
    RMSE omega (GP): nan | RMSE omega (Sim): nan
    Loss: 921.3208 | Epoch: 7739
    Eq omega: nan1 + nantheta + nanomega + nantheta^2 + nantheta omega + nanomega^2 + nantheta^3 + nantheta^2 omega + nantheta omega^2 + nanomega^3
    Eq omega Phys: N/A
    Diffusion: theta=nan, omega=nan

--- Chunk 91681 (162/220) | Start: 2025-07-09 11:00:00 ---
    RMSE omega (GP): 0.003762 | RMSE omega (Sim): nan
    Loss: 322.4636 | Epoch: 9999
    Eq omega: 0.003171 + 0.00349theta + 0.05856omega + 0.00068theta^2 + 0.00229theta omega + 0.04485omega^2 + 0.00000theta^3 + 0.00046theta^2 omega + 0.00031theta omega^2 + 0.00462omega^3
    Eq omega Phys: 0.068469*omega**3 + 0.000153*omega**2*theta + 0.02944*omega**2 + 8.0e-6*omega*theta**2 - 0.000152*omega*theta + 0.002624*omega + 1.0e-6*theta**2 - 1.1e-5*theta + 5.1e-5
    Diffusion: theta=1.647210e-04, omega=6.521060e-06

--- Chunk 91682 (163/220) | Start: 2025-07-09 11:05:00 ---
    RMSE omega (GP): 0.003543 | RMSE omega (Sim): 0.050926
    Loss: 125.0189 | Epoch: 7757
    Eq omega: 0.005251 + -0.21411theta + -0.21356omega + -0.50379theta^2 + 0.03722theta omega + 0.22433omega^2 + -0.02970theta^3 + -0.06046theta^2 omega + 0.03318theta omega^2 + -0.02816omega^3
    Eq omega Phys: -0.184933*omega**3 + 0.007263*omega**2*theta + 0.072906*omega**2 - 0.000441*omega*theta**2 + 0.004474*omega*theta - 0.018272*omega - 7.0e-6*theta**3 - 0.000166*theta**2 + 0.001652*theta - 0.003417
    Diffusion: theta=1.099676e-04, omega=1.351087e-05

--- Chunk 91683 (164/220) | Start: 2025-07-09 11:10:00 ---
    RMSE omega (GP): 0.003496 | RMSE omega (Sim): 0.119344
    Loss: 76.0322 | Epoch: 9999
    Eq omega: -0.083491 + 0.00086theta + 0.03619omega + 0.27255theta^2 + -0.05040theta omega + 0.16161omega^2 + -0.00236theta^3 + 0.01925theta^2 omega + -0.61800theta omega^2 + -0.01602omega^3
    Eq omega Phys: -0.069988*omega**3 - 0.089997*omega**2*theta - 0.564535*omega**2 + 9.3e-5*omega*theta**2 + 0.000659*omega*theta + 0.00127*omega + 0.000108*theta**2 + 0.001554*theta + 0.00523
    Diffusion: theta=7.997972e-05, omega=7.075838e-06

--- Chunk 91684 (165/220) | Start: 2025-07-09 11:15:00 ---
    RMSE omega (GP): 0.004223 | RMSE omega (Sim): 0.051352
    Loss: 603.6936 | Epoch: 9999
    Eq omega: -0.008101 + 0.00043theta + 0.00702omega + 0.00016theta^2 + -0.00017theta omega + 0.00158omega^2 + -0.00002theta^3 + 0.00001theta^2 omega + -0.00007theta omega^2 + -0.00005omega^3
    Eq omega Phys: -0.001101*omega**3 - 5.1e-5*omega**2*theta + 0.002254*omega**2 - 1.3e-5*omega*theta + 0.000394*omega + 1.0e-6*theta**2 - 2.0e-5*theta + 0.000116
    Diffusion: theta=1.359964e-04, omega=4.684304e-06

--- Chunk 91685 (166/220) | Start: 2025-07-09 11:20:00 ---
    RMSE omega (GP): 0.004512 | RMSE omega (Sim): 0.041197
    Loss: 106.2540 | Epoch: 9999
    Eq omega: -0.007881 + -0.10715theta + -0.00085omega + -0.07679theta^2 + -0.00187theta omega + 0.07056omega^2 + -0.01237theta^3 + -0.00359theta^2 omega + 0.01885theta omega^2 + 0.00019omega^3
    Eq omega Phys: 0.000641*omega**3 + 0.00212*omega**2*theta - 0.010646*omega**2 - 1.3e-5*omega*theta**2 + 0.000415*omega*theta - 0.003215*omega - 2.0e-6*theta**3 + 4.6e-5*theta**2 - 0.000407*theta + 0.000958
    Diffusion: theta=4.357922e-04, omega=9.163467e-06

--- Chunk 91686 (167/220) | Start: 2025-07-09 11:25:00 ---
    RMSE omega (GP): 0.003638 | RMSE omega (Sim): 0.079567
    Loss: 124.3563 | Epoch: 7605
    Eq omega: -0.012761 + -0.29755theta + 0.00058omega + 0.14654theta^2 + -0.05224theta omega + -0.16931omega^2 + 0.00041theta^3 + 0.01276theta^2 omega + 0.03053theta omega^2 + -0.08820omega^3
    Eq omega Phys: -0.561654*omega**3 + 0.00648*omega**2*theta - 0.039578*omega**2 + 9.0e-5*omega*theta**2 + 0.000268*omega*theta - 0.001563*omega + 7.7e-5*theta**2 + 0.000569*theta + 0.000667
    Diffusion: theta=1.083436e-04, omega=6.910234e-06

--- Chunk 91687 (168/220) | Start: 2025-07-09 11:30:00 ---
    RMSE omega (GP): 0.003402 | RMSE omega (Sim): 0.094435
    Loss: 129.0986 | Epoch: 6624
    Eq omega: -0.052281 + -0.00014theta + 0.00246omega + 0.00150theta^2 + 0.00244theta omega + 0.00715omega^2 + -0.00298theta^3 + 0.00117theta^2 omega + 0.00024theta omega^2 + -0.00373omega^3
    Eq omega Phys: -0.028207*omega**3 + 6.0e-5*omega**2*theta + 0.004223*omega**2 + 1.0e-5*omega*theta**2 + 0.000247*omega*theta + 0.001587*omega - 0.e-6*theta**3 - 2.5e-5*theta**2 - 0.000257*theta - 0.000983
    Diffusion: theta=8.777632e-05, omega=6.850589e-06

--- Chunk 91688 (169/220) | Start: 2025-07-09 11:35:00 ---
    RMSE omega (GP): 0.003586 | RMSE omega (Sim): 0.055404
    Loss: 203.6001 | Epoch: 9999
    Eq omega: 0.017771 + -0.00820theta + 0.00979omega + 0.00067theta^2 + -0.00181theta omega + 0.00258omega^2 + -0.00001theta^3 + 0.00003theta^2 omega + -0.00039theta omega^2 + 0.00005omega^3
    Eq omega Phys: 0.000497*omega**3 - 0.000129*omega**2*theta + 0.00301*omega**2 - 4.3e-5*omega*theta + 0.000782*omega + 1.0e-6*theta**2 - 2.1e-5*theta + 0.000207
    Diffusion: theta=2.837982e-04, omega=6.596572e-06

--- Chunk 91689 (170/220) | Start: 2025-07-09 11:40:00 ---
    RMSE omega (GP): nan | RMSE omega (Sim): nan
    Loss: 36932.7773 | Epoch: 873
    Eq omega: nan1 + nantheta + nanomega + nantheta^2 + nantheta omega + nanomega^2 + nantheta^3 + nantheta^2 omega + nantheta omega^2 + nanomega^3
    Eq omega Phys: N/A
    Diffusion: theta=nan, omega=nan

--- Chunk 91690 (171/220) | Start: 2025-07-09 11:45:00 ---
    RMSE omega (GP): 0.003527 | RMSE omega (Sim): 0.062682
    Loss: 94.8612 | Epoch: 7569
    Eq omega: -0.114031 + -0.36072theta + -0.02353omega + -0.16418theta^2 + 0.00823theta omega + -0.02236omega^2 + 0.00050theta^3 + 0.00141theta^2 omega + -0.02192theta omega^2 + -0.00817omega^3
    Eq omega Phys: -0.041614*omega**3 - 0.003722*omega**2*theta + 0.000853*omega**2 + 8.0e-6*omega*theta**2 + 7.0e-5*omega*theta - 0.001032*omega - 7.6e-5*theta**2 + 8.0e-6*theta + 0.000225
    Diffusion: theta=1.043184e-04, omega=1.058629e-05

--- Chunk 91691 (172/220) | Start: 2025-07-09 11:50:00 ---
    RMSE omega (GP): 0.003609 | RMSE omega (Sim): nan
    Loss: 73.9474 | Epoch: 9999
    Eq omega: 0.005951 + -0.08373theta + 0.04146omega + 0.36597theta^2 + -0.01777theta omega + -0.02105omega^2 + -0.02174theta^3 + 0.00547theta^2 omega + -0.04268theta omega^2 + 0.03408omega^3
    Eq omega Phys: 0.13529*omega**3 - 0.005648*omega**2*theta - 0.053697*omega**2 + 2.4e-5*omega*theta**2 + 0.000178*omega*theta + 0.001229*omega - 3.0e-6*theta**3 + 7.0e-5*theta**2 + 0.001681*theta + 0.007358
    Diffusion: theta=1.006753e-04, omega=8.387195e-06

--- Chunk 91692 (173/220) | Start: 2025-07-09 11:55:00 ---
    RMSE omega (GP): 0.004509 | RMSE omega (Sim): 0.040053
    Loss: 537.2692 | Epoch: 9999
    Eq omega: 0.002641 + -0.00055theta + -0.01834omega + 0.00024theta^2 + 0.00196theta omega + -0.00902omega^2 + -0.00004theta^3 + 0.00014theta^2 omega + 0.00033theta omega^2 + -0.00742omega^3
    Eq omega Phys: -0.128798*omega**3 + 0.000191*omega**2*theta - 0.00943*omega**2 + 3.0e-6*omega*theta**2 - 2.3e-5*omega*theta - 0.000791*omega + 1.0e-6*theta**2 - 2.0e-5*theta + 0.000111
    Diffusion: theta=8.127050e-05, omega=6.960063e-06

--- Chunk 91693 (174/220) | Start: 2025-07-09 12:00:00 ---
    RMSE omega (GP): 0.003373 | RMSE omega (Sim): 0.040862
    Loss: 450.7335 | Epoch: 9999
    Eq omega: 0.005241 + -0.00035theta + 0.00231omega + -0.00006theta^2 + -0.00004theta omega + -0.00019omega^2 + -0.00001theta^3 + 0.00001theta^2 omega + -0.00031theta omega^2 + -0.00004omega^3
    Eq omega Phys: -0.00104*omega**3 - 0.000269*omega**2*theta + 0.003919*omega**2 - 1.0e-5*omega*theta + 0.000163*omega - 5.0e-6*theta + 3.2e-5
    Diffusion: theta=7.238744e-05, omega=3.966130e-06

--- Chunk 91694 (175/220) | Start: 2025-07-09 12:05:00 ---
    RMSE omega (GP): 0.002742 | RMSE omega (Sim): 0.076836
    Loss: 119.0087 | Epoch: 7547
    Eq omega: -0.308631 + -0.14484theta + 0.02516omega + -0.04722theta^2 + -0.03002theta omega + -0.00904omega^2 + -0.00341theta^3 + -0.01273theta^2 omega + 0.01706theta omega^2 + -0.06359omega^3
    Eq omega Phys: -0.655197*omega**3 + 0.005859*omega**2*theta - 0.050366*omega**2 - 0.000146*omega*theta**2 + 0.001656*omega*theta - 0.003273*omega - 1.0e-6*theta**3 - 0.e-6*theta**2 + 8.1e-5*theta - 0.000574
    Diffusion: theta=8.452017e-05, omega=1.025856e-05

--- Chunk 91695 (176/220) | Start: 2025-07-09 12:10:00 ---
    RMSE omega (GP): 0.005190 | RMSE omega (Sim): 0.057486
    Loss: 663.1949 | Epoch: 9999
    Eq omega: 0.002551 + -0.01595theta + -0.02664omega + 0.01804theta^2 + 0.00324theta omega + -0.00895omega^2 + -0.00059theta^3 + -0.00025theta^2 omega + 0.00136theta omega^2 + -0.01183omega^3
    Eq omega Phys: -0.188001*omega**3 + 0.00072*omega**2*theta - 0.01579*omega**2 - 4.0e-6*omega*theta**2 + 0.000192*omega*theta - 0.002632*omega + 2.8e-5*theta**2 - 0.000566*theta + 0.003392
    Diffusion: theta=2.170660e-04, omega=6.215668e-06

--- Chunk 91696 (177/220) | Start: 2025-07-09 12:15:00 ---
    RMSE omega (GP): nan | RMSE omega (Sim): nan
    Loss: 114838.9531 | Epoch: 894
    Eq omega: nan1 + nantheta + nanomega + nantheta^2 + nantheta omega + nanomega^2 + nantheta^3 + nantheta^2 omega + nantheta omega^2 + nanomega^3
    Eq omega Phys: N/A
    Diffusion: theta=nan, omega=nan

--- Chunk 91697 (178/220) | Start: 2025-07-09 12:20:00 ---
    RMSE omega (GP): nan | RMSE omega (Sim): nan
    Loss: 32163.9609 | Epoch: 1130
    Eq omega: nan1 + nantheta + nanomega + nantheta^2 + nantheta omega + nanomega^2 + nantheta^3 + nantheta^2 omega + nantheta omega^2 + nanomega^3
    Eq omega Phys: N/A
    Diffusion: theta=nan, omega=nan

--- Chunk 91698 (179/220) | Start: 2025-07-09 12:25:00 ---
    RMSE omega (GP): 0.003446 | RMSE omega (Sim): 0.064126
    Loss: 256.7538 | Epoch: 9999
    Eq omega: -0.025691 + 0.00358theta + -0.01152omega + 0.00042theta^2 + 0.00113theta omega + -0.01501omega^2 + 0.00070theta^3 + 0.00027theta^2 omega + 0.00032theta omega^2 + -0.00360omega^3
    Eq omega Phys: -0.051079*omega**3 + 0.000151*omega**2*theta - 0.012037*omega**2 + 4.0e-6*omega*theta**2 - 7.1e-5*omega*theta - 0.000131*omega - 1.2e-5*theta**2 + 0.000138*theta - 0.00058
    Diffusion: theta=1.061668e-04, omega=7.172282e-06

--- Chunk 91699 (180/220) | Start: 2025-07-09 12:30:00 ---
    RMSE omega (GP): nan | RMSE omega (Sim): nan
    Loss: 18307.7305 | Epoch: 2212
    Eq omega: nan1 + nantheta + nanomega + nantheta^2 + nantheta omega + nanomega^2 + nantheta^3 + nantheta^2 omega + nantheta omega^2 + nanomega^3
    Eq omega Phys: N/A
    Diffusion: theta=nan, omega=nan

--- Chunk 91700 (181/220) | Start: 2025-07-09 12:35:00 ---
    RMSE omega (GP): 0.004189 | RMSE omega (Sim): 0.044763
    Loss: 404.7504 | Epoch: 9999
    Eq omega: 0.028201 + -0.00300theta + 0.00093omega + -0.00078theta^2 + -0.00291theta omega + -0.00252omega^2 + -0.00013theta^3 + -0.00038theta^2 omega + 0.00025theta omega^2 + 0.00747omega^3
    Eq omega Phys: 0.111381*omega**3 + 0.000124*omega**2*theta - 0.003156*omega**2 - 6.0e-6*omega*theta**2 + 7.1e-5*omega*theta + 1.4e-5*omega + 2.0e-6*theta**2 - 1.6e-5*theta + 0.000104
    Diffusion: theta=1.775914e-04, omega=8.538925e-06

--- Chunk 91701 (182/220) | Start: 2025-07-09 12:40:00 ---
    RMSE omega (GP): nan | RMSE omega (Sim): nan
    Loss: 28759.8633 | Epoch: 1050
    Eq omega: nan1 + nantheta + nanomega + nantheta^2 + nantheta omega + nanomega^2 + nantheta^3 + nantheta^2 omega + nantheta omega^2 + nanomega^3
    Eq omega Phys: N/A
    Diffusion: theta=nan, omega=nan

--- Chunk 91702 (183/220) | Start: 2025-07-09 12:45:00 ---
    RMSE omega (GP): nan | RMSE omega (Sim): nan
    Loss: 5258.5093 | Epoch: 6920
    Eq omega: nan1 + nantheta + nanomega + nantheta^2 + nantheta omega + nanomega^2 + nantheta^3 + nantheta^2 omega + nantheta omega^2 + nanomega^3
    Eq omega Phys: N/A
    Diffusion: theta=nan, omega=nan

--- Chunk 91703 (184/220) | Start: 2025-07-09 12:50:00 ---
    RMSE omega (GP): nan | RMSE omega (Sim): nan
    Loss: 995.4681 | Epoch: 8190
    Eq omega: nan1 + nantheta + nanomega + nantheta^2 + nantheta omega + nanomega^2 + nantheta^3 + nantheta^2 omega + nantheta omega^2 + nanomega^3
    Eq omega Phys: N/A
    Diffusion: theta=nan, omega=nan

--- Chunk 91704 (185/220) | Start: 2025-07-09 12:55:00 ---
    RMSE omega (GP): 0.003458 | RMSE omega (Sim): 0.049087
    Loss: 264.1534 | Epoch: 6945
    Eq omega: 0.043181 + -0.02308theta + 0.15943omega + -0.09040theta^2 + 0.12303theta omega + 0.04285omega^2 + -0.00178theta^3 + -0.00585theta^2 omega + 0.04942theta omega^2 + 0.00393omega^3
    Eq omega Phys: 0.057486*omega**3 + 0.024097*omega**2*theta - 0.136417*omega**2 - 9.5e-5*omega*theta**2 + 0.004176*omega*theta - 0.018984*omega - 0.e-6*theta**3 - 5.0e-5*theta**2 + 0.000805*theta - 0.002779
    Diffusion: theta=9.615607e-05, omega=8.294764e-06

--- Chunk 91705 (186/220) | Start: 2025-07-09 13:00:00 ---
    RMSE omega (GP): 0.002958 | RMSE omega (Sim): 0.065869
    Loss: 113.8105 | Epoch: 5505
    Eq omega: -0.309021 + -0.04553theta + -0.22411omega + -0.00140theta^2 + 0.05845theta omega + -0.08100omega^2 + -0.05464theta^3 + 0.00385theta^2 omega + 0.02511theta omega^2 + -0.05784omega^3
    Eq omega Phys: -0.498583*omega**3 + 0.007215*omega**2*theta - 0.082479*omega**2 + 3.7e-5*omega*theta**2 + 0.000645*omega*theta - 0.012044*omega - 1.7e-5*theta**3 + 0.000282*theta**2 - 0.001575*theta + 0.002377
    Diffusion: theta=1.152063e-04, omega=9.159194e-06

--- Chunk 91706 (187/220) | Start: 2025-07-09 13:05:00 ---
    RMSE omega (GP): 0.004066 | RMSE omega (Sim): 0.056285
    Loss: 182.6912 | Epoch: 9999
    Eq omega: 0.277751 + -0.19139theta + -0.51410omega + 0.03349theta^2 + 0.03944theta omega + 0.16101omega^2 + -0.01317theta^3 + 0.00225theta^2 omega + -0.00079theta omega^2 + -0.10840omega^3
    Eq omega Phys: -0.795486*omega**3 - 0.000193*omega**2*theta + 0.077395*omega**2 + 1.8e-5*omega*theta**2 + 0.001075*omega*theta - 0.007147*omega - 4.0e-6*theta**3 - 0.000106*theta**2 - 0.001226*theta - 0.004929
    Diffusion: theta=1.466510e-04, omega=9.352242e-06

--- Chunk 91707 (188/220) | Start: 2025-07-09 13:10:00 ---
    RMSE omega (GP): 0.003885 | RMSE omega (Sim): 0.106954
    Loss: 302.9577 | Epoch: 9999
    Eq omega: 0.278191 + -0.20583theta + 0.02460omega + 0.00883theta^2 + -0.00859theta omega + 0.00503omega^2 + -0.00059theta^3 + -0.00333theta^2 omega + -0.00031theta omega^2 + -0.00585omega^3
    Eq omega Phys: -0.077214*omega**3 - 0.000136*omega**2*theta + 0.004591*omega**2 - 4.9e-5*omega*theta**2 + 0.000709*omega*theta - 0.001565*omega + 1.4e-5*theta**2 - 0.000422*theta + 0.003345
    Diffusion: theta=1.273613e-04, omega=7.643739e-06

--- Chunk 91708 (189/220) | Start: 2025-07-09 13:15:00 ---
    RMSE omega (GP): 0.003349 | RMSE omega (Sim): nan
    Loss: 208.2557 | Epoch: 9718
    Eq omega: -0.104251 + -0.00074theta + -0.00263omega + -0.00421theta^2 + -0.00823theta omega + -0.00135omega^2 + 0.00024theta^3 + -0.00343theta^2 omega + -0.16554theta omega^2 + 0.00719omega^3
    Eq omega Phys: 0.088084*omega**3 - 0.0676*omega**2*theta + 0.606982*omega**2 - 4.7e-5*omega*theta**2 + 0.000664*omega*theta - 0.002286*omega - 6.0e-6*theta**2 + 7.9e-5*theta - 0.000495
    Diffusion: theta=1.240380e-04, omega=7.603319e-06

--- Chunk 91709 (190/220) | Start: 2025-07-09 13:20:00 ---
    RMSE omega (GP): 0.003838 | RMSE omega (Sim): nan
    Loss: 312.2797 | Epoch: 6556
    Eq omega: -0.070911 + 0.00701theta + -0.00149omega + 0.00109theta^2 + 0.02566theta omega + 0.03583omega^2 + 0.00043theta^3 + 0.00162theta^2 omega + -0.00103theta omega^2 + 0.02108omega^3
    Eq omega Phys: 0.295053*omega**3 - 0.000481*omega**2*theta + 0.027745*omega**2 + 2.5e-5*omega*theta**2 + 0.000241*omega*theta - 0.002859*omega - 4.0e-6*theta**2 + 2.8e-5*theta - 0.0002
    Diffusion: theta=7.967301e-05, omega=9.175951e-06

--- Chunk 91710 (191/220) | Start: 2025-07-09 13:25:00 ---
    RMSE omega (GP): 0.004130 | RMSE omega (Sim): 0.116151
    Loss: 265.0593 | Epoch: 9999
    Eq omega: -0.042101 + -0.01343theta + 0.03562omega + 0.00119theta^2 + -0.02582theta omega + -0.04089omega^2 + -0.00333theta^3 + 0.00134theta^2 omega + 0.00263theta omega^2 + -0.00235omega^3
    Eq omega Phys: -0.023435*omega**3 + 0.000874*omega**2*theta - 0.036412*omega**2 + 1.5e-5*omega*theta**2 - 0.000932*omega*theta + 0.011675*omega - 1.0e-6*theta**3 + 5.5e-5*theta**2 - 0.000833*theta + 0.004196
    Diffusion: theta=3.388482e-04, omega=1.068014e-05

--- Chunk 91711 (192/220) | Start: 2025-07-09 13:30:00 ---
    RMSE omega (GP): 0.003439 | RMSE omega (Sim): nan
    Loss: 148.1566 | Epoch: 7478
    Eq omega: -0.478771 + -0.05977theta + -0.00207omega + 0.11246theta^2 + -0.02675theta omega + -0.01535omega^2 + -0.01449theta^3 + 0.01610theta^2 omega + -0.00030theta omega^2 + 0.01506omega^3
    Eq omega Phys: 0.12763*omega**3 - 8.5e-5*omega**2*theta - 0.007517*omega**2 + 0.000152*omega*theta**2 - 0.00277*omega*theta + 0.012209*omega - 5.0e-6*theta**3 + 0.00017*theta**2 - 0.001854*theta + 0.005283
    Diffusion: theta=8.697766e-05, omega=9.175749e-06

--- Chunk 91712 (193/220) | Start: 2025-07-09 13:35:00 ---
    RMSE omega (GP): nan | RMSE omega (Sim): nan
    Loss: 6937.2461 | Epoch: 2531
    Eq omega: nan1 + nantheta + nanomega + nantheta^2 + nantheta omega + nanomega^2 + nantheta^3 + nantheta^2 omega + nantheta omega^2 + nanomega^3
    Eq omega Phys: N/A
    Diffusion: theta=nan, omega=nan

--- Chunk 91713 (194/220) | Start: 2025-07-09 13:40:00 ---
    RMSE omega (GP): 0.003466 | RMSE omega (Sim): 0.067739
    Loss: 122.9826 | Epoch: 6485
    Eq omega: 0.008161 + -0.00173theta + -0.08601omega + -0.00846theta^2 + -0.02329theta omega + 0.03903omega^2 + -0.00148theta^3 + -0.00629theta^2 omega + 0.00340theta omega^2 + 0.00220omega^3
    Eq omega Phys: 0.01492*omega**3 + 0.000769*omega**2*theta + 0.011946*omega**2 - 4.7e-5*omega*theta**2 + 0.000446*omega*theta - 0.003199*omega + 5.0e-6*theta**2 - 8.0e-6*theta - 5.8e-5
    Diffusion: theta=1.072463e-04, omega=1.165425e-05

--- Chunk 91714 (195/220) | Start: 2025-07-09 13:45:00 ---
    RMSE omega (GP): 0.003242 | RMSE omega (Sim): 0.068990
    Loss: 110.7338 | Epoch: 5380
    Eq omega: -0.013081 + -0.65282theta + 0.01560omega + 0.00038theta^2 + -0.01906theta omega + 0.03325omega^2 + -0.01539theta^3 + 0.00477theta^2 omega + 0.00904theta omega^2 + -0.00124omega^3
    Eq omega Phys: -0.008703*omega**3 + 0.002115*omega**2*theta + 0.016477*omega**2 + 3.7e-5*omega*theta**2 - 0.000293*omega*theta + 0.000464*omega - 4.0e-6*theta**3 - 2.0e-6*theta**2 - 0.000726*theta - 0.000165
    Diffusion: theta=1.119085e-04, omega=1.093113e-05

--- Chunk 91715 (196/220) | Start: 2025-07-09 13:50:00 ---
    RMSE omega (GP): 0.004115 | RMSE omega (Sim): 0.090584
    Loss: 145.1719 | Epoch: 6012
    Eq omega: -0.045741 + -0.09867theta + -0.03179omega + -0.02170theta^2 + -0.01559theta omega + -0.06332omega^2 + -0.08787theta^3 + 0.00370theta^2 omega + 0.09238theta omega^2 + -0.01074omega^3
    Eq omega Phys: -0.062003*omega**3 + 0.017777*omega**2*theta + 0.079151*omega**2 + 2.4e-5*omega*theta**2 + 5.8e-5*omega*theta - 0.001572*omega - 1.9e-5*theta**3 - 0.00035*theta**2 - 0.002276*theta - 0.005246
    Diffusion: theta=1.657511e-04, omega=8.565982e-06

--- Chunk 91716 (197/220) | Start: 2025-07-09 13:55:00 ---
    RMSE omega (GP): 0.003531 | RMSE omega (Sim): 0.061618
    Loss: 143.5720 | Epoch: 8313
    Eq omega: -0.015191 + -0.01573theta + 0.02768omega + -0.03270theta^2 + -0.01146theta omega + -0.01768omega^2 + -0.00012theta^3 + 0.00190theta^2 omega + 0.00359theta omega^2 + 0.00489omega^3
    Eq omega Phys: 0.037625*omega**3 + 0.000921*omega**2*theta - 0.006229*omega**2 + 1.6e-5*omega*theta**2 - 9.7e-5*omega*theta + 0.000492*omega - 1.9e-5*theta**2 - 0.000127*theta - 0.000247
    Diffusion: theta=7.699320e-05, omega=1.215869e-05

--- Chunk 91717 (198/220) | Start: 2025-07-09 14:00:00 ---
    RMSE omega (GP): 0.006145 | RMSE omega (Sim): 0.043738
    Loss: 351.6411 | Epoch: 9999
    Eq omega: 0.064161 + -0.05130theta + -0.00375omega + 0.00218theta^2 + -0.01355theta omega + 0.03702omega^2 + -0.00271theta^3 + -0.00021theta^2 omega + 0.00444theta omega^2 + -0.03711omega^3
    Eq omega Phys: -0.226295*omega**3 + 0.000902*omega**2*theta + 0.035019*omega**2 - 1.0e-6*omega*theta**2 - 0.000261*omega*theta - 0.004847*omega - 0.e-6*theta**3 - 3.6e-5*theta**2 - 0.00077*theta - 0.005676
    Diffusion: theta=1.931887e-04, omega=8.973726e-06

--- Chunk 91718 (199/220) | Start: 2025-07-09 14:05:00 ---
    RMSE omega (GP): 0.003813 | RMSE omega (Sim): 0.113895
    Loss: 188.5579 | Epoch: 5280
    Eq omega: 0.068281 + -0.10169theta + 0.00463omega + -0.09114theta^2 + 0.38885theta omega + -0.25284omega^2 + -0.44113theta^3 + -0.01383theta^2 omega + -0.05069theta omega^2 + 0.00490omega^3
    Eq omega Phys: 0.041826*omega**3 - 0.014423*omega**2*theta - 0.084*omega**2 - 0.000131*omega*theta**2 + 0.007839*omega*theta - 0.025862*omega - 0.000139*theta**3 + 0.001422*theta**2 - 0.004936*theta + 0.005987
    Diffusion: theta=4.647852e-05, omega=1.242377e-05

--- Chunk 91719 (200/220) | Start: 2025-07-09 14:10:00 ---
    RMSE omega (GP): 0.004086 | RMSE omega (Sim): nan
    Loss: 135.5498 | Epoch: 5257
    Eq omega: 0.039071 + -0.86110theta + 0.01474omega + 0.08526theta^2 + -0.41832theta omega + -0.50862omega^2 + -0.27168theta^3 + 0.68965theta^2 omega + -0.31290theta omega^2 + -0.09920omega^3
    Eq omega Phys: -0.541618*omega**3 - 0.056946*omega**2*theta - 0.297119*omega**2 + 0.004184*omega*theta**2 + 0.005827*omega*theta + 0.000405*omega - 5.5e-5*theta**3 - 0.000192*theta**2 - 0.001169*theta - 0.001318
    Diffusion: theta=9.602732e-05, omega=1.122866e-05

  [Progress 200/220] Mean RMSE omega (GP): 0.004322 | (Sim): 0.072018 | Mean loss: 43193.0056 | Valid GP: 135/200 | Valid Sim: 113/200 | Elapsed: 493.1min | ETA: 49.3min

--- Chunk 91720 (201/220) | Start: 2025-07-09 14:15:00 ---
    RMSE omega (GP): 0.004182 | RMSE omega (Sim): 0.076260
    Loss: 153.7277 | Epoch: 9601
    Eq omega: -0.028261 + -0.02445theta + -0.01739omega + -0.00168theta^2 + 0.00149theta omega + 0.03009omega^2 + -0.00165theta^3 + -0.01704theta^2 omega + -0.01867theta omega^2 + -0.03102omega^3
    Eq omega Phys: -0.18099*omega**3 - 0.003631*omega**2*theta - 0.01164*omega**2 - 0.00011*omega*theta**2 - 0.001494*omega*theta - 0.005628*omega - 8.0e-6*theta**2 - 8.9e-5*theta - 0.000411
    Diffusion: theta=2.571985e-04, omega=8.592488e-06

--- Chunk 91721 (202/220) | Start: 2025-07-09 14:20:00 ---
    RMSE omega (GP): 0.003613 | RMSE omega (Sim): 0.074312
    Loss: 134.4211 | Epoch: 6034
    Eq omega: -0.065511 + -0.33968theta + -0.04893omega + 0.17217theta^2 + 0.12305theta omega + -0.08773omega^2 + -0.01760theta^3 + -0.02696theta^2 omega + 0.01731theta omega^2 + -0.06188omega^3
    Eq omega Phys: -0.419535*omega**3 + 0.003912*omega**2*theta - 0.036577*omega**2 - 0.000203*omega*theta**2 + 0.001417*omega*theta + 0.000576*omega - 4.0e-6*theta**3 + 7.4e-5*theta**2 - 0.000162*theta - 0.000502
    Diffusion: theta=9.353253e-05, omega=1.106162e-05

--- Chunk 91722 (203/220) | Start: 2025-07-09 14:25:00 ---
    RMSE omega (GP): 0.003667 | RMSE omega (Sim): 0.091584
    Loss: 107.0151 | Epoch: 9999
    Eq omega: -0.037941 + -0.01644theta + 0.08328omega + -0.00552theta^2 + 0.00139theta omega + -0.12855omega^2 + -0.00002theta^3 + 0.00281theta^2 omega + 0.00254theta omega^2 + 0.04103omega^3
    Eq omega Phys: 0.215341*omega**3 + 0.000444*omega**2*theta - 0.052964*omega**2 + 1.6e-5*omega*theta**2 + 7.9e-5*omega*theta + 0.002865*omega - 3.0e-6*theta**2 - 2.8e-5*theta - 0.000142
    Diffusion: theta=1.726107e-04, omega=1.138091e-05

--- Chunk 91723 (204/220) | Start: 2025-07-09 14:30:00 ---
    RMSE omega (GP): 0.003683 | RMSE omega (Sim): 0.065285
    Loss: 106.8362 | Epoch: 7980
    Eq omega: 0.236521 + -0.00262theta + -0.05787omega + -0.00419theta^2 + 0.01350theta omega + 0.05345omega^2 + -0.00098theta^3 + -0.00728theta^2 omega + -0.04128theta omega^2 + -0.05722omega^3
    Eq omega Phys: -0.299507*omega**3 - 0.007202*omega**2*theta + 0.035675*omega**2 - 4.2e-5*omega*theta**2 + 0.000345*omega*theta - 0.002423*omega - 0.e-6*theta**2 + 2.0e-6*theta + 0.000629
    Diffusion: theta=9.469745e-05, omega=1.377554e-05

--- Chunk 91724 (205/220) | Start: 2025-07-09 14:35:00 ---
    RMSE omega (GP): 0.004212 | RMSE omega (Sim): 0.061389
    Loss: 211.7146 | Epoch: 7385
    Eq omega: 0.002351 + -0.06534theta + -0.00742omega + 0.01647theta^2 + -0.01432theta omega + -0.00985omega^2 + -0.00252theta^3 + 0.00191theta^2 omega + -0.00103theta omega^2 + -0.00967omega^3
    Eq omega Phys: -0.075956*omega**3 - 0.00027*omega**2*theta - 0.002726*omega**2 + 1.7e-5*omega*theta**2 - 0.00053*omega*theta + 0.003076*omega - 0.e-6*theta**3 + 2.8e-5*theta**2 - 0.000395*theta + 0.001781
    Diffusion: theta=1.307534e-04, omega=1.331872e-05

--- Chunk 91725 (206/220) | Start: 2025-07-09 14:40:00 ---
    RMSE omega (GP): 0.003760 | RMSE omega (Sim): nan
    Loss: 171.4318 | Epoch: 7373
    Eq omega: -0.006961 + 0.01831theta + 0.10413omega + 0.05265theta^2 + 0.01515theta omega + 0.05824omega^2 + -0.00527theta^3 + 0.10658theta^2 omega + 0.00524theta omega^2 + -0.00048omega^3
    Eq omega Phys: -0.00389*omega**3 + 0.001416*omega**2*theta + 0.02052*omega**2 + 0.00096*omega*theta**2 - 0.012959*omega*theta + 0.0472*omega - 2.0e-6*theta**3 + 6.3e-5*theta**2 - 0.000624*theta + 0.001805
    Diffusion: theta=4.725689e-05, omega=9.627724e-06

--- Chunk 91726 (207/220) | Start: 2025-07-09 14:45:00 ---
    RMSE omega (GP): nan | RMSE omega (Sim): nan
    Loss: 3120.0867 | Epoch: 3070
    Eq omega: nan1 + nantheta + nanomega + nantheta^2 + nantheta omega + nanomega^2 + nantheta^3 + nantheta^2 omega + nantheta omega^2 + nanomega^3
    Eq omega Phys: N/A
    Diffusion: theta=nan, omega=nan

--- Chunk 91727 (208/220) | Start: 2025-07-09 14:50:00 ---
    RMSE omega (GP): nan | RMSE omega (Sim): nan
    Loss: 21829.4043 | Epoch: 914
    Eq omega: nan1 + nantheta + nanomega + nantheta^2 + nantheta omega + nanomega^2 + nantheta^3 + nantheta^2 omega + nantheta omega^2 + nanomega^3
    Eq omega Phys: N/A
    Diffusion: theta=nan, omega=nan

--- Chunk 91728 (209/220) | Start: 2025-07-09 14:55:00 ---
    RMSE omega (GP): 0.003799 | RMSE omega (Sim): 0.096502
    Loss: 131.8318 | Epoch: 6492
    Eq omega: 0.196631 + -0.06969theta + -0.04240omega + -0.02357theta^2 + -0.01025theta omega + 0.06234omega^2 + 0.00209theta^3 + 0.00727theta^2 omega + 0.00742theta omega^2 + -0.01136omega^3
    Eq omega Phys: -0.071318*omega**3 + 0.001553*omega**2*theta + 0.041394*omega**2 + 5.1e-5*omega*theta**2 + 0.000685*omega*theta + 0.000778*omega - 0.000176*theta - 0.000711
    Diffusion: theta=1.063153e-04, omega=8.693403e-06

--- Chunk 91729 (210/220) | Start: 2025-07-09 15:00:00 ---
    RMSE omega (GP): 0.006316 | RMSE omega (Sim): 0.087712
    Loss: 234.6319 | Epoch: 9999
    Eq omega: -0.052351 + -0.01834theta + -0.06282omega + 0.00863theta^2 + 0.02269theta omega + -0.00611omega^2 + 0.00011theta^3 + -0.01108theta^2 omega + 0.00067theta omega^2 + -0.01398omega^3
    Eq omega Phys: -0.054413*omega**3 + 8.7e-5*omega**2*theta - 0.000569*omega**2 - 4.8e-5*omega*theta**2 - 0.001527*omega*theta - 0.013874*omega + 4.0e-6*theta**2 + 0.000126*theta + 0.000779
    Diffusion: theta=4.117938e-04, omega=1.010050e-05

--- Chunk 91730 (211/220) | Start: 2025-07-09 15:05:00 ---
       (h = step size). solver will continue anyway  
      in above,  r1 =  0.2282905199225D+01   r2 =  0.1276953984367D-15
 lsoda--  warning..internal t (=r1) and h (=r2) are  
       such that in the machine, t + h = t on the next step  
       (h = step size). solver will continue anyway  
      in above,  r1 =  0.2282905199225D+01   r2 =  0.1276953984367D-15
 lsoda--  warning..internal t (=r1) and h (=r2) are  
       such that in the machine, t + h = t on the next step  
       (h = step size). solver will continue anyway  
      in above,  r1 =  0.2282905199225D+01   r2 =  0.1276953984367D-15
 lsoda--  warning..internal t (=r1) and h (=r2) are  
       such that in the machine, t + h = t on the next step  
       (h = step size). solver will continue anyway  
      in above,  r1 =  0.2282905199225D+01   r2 =  0.1049485584437D-15
 lsoda--  above warning has been issued i1 times.    
       it will not be issued again for this problem  
      in above message,  i1 =        10
 lsoda--  warning..internal t (=r1) and h (=r2) are  
       such that in the machine, t + h = t on the next step  
       (h = step size). solver will continue anyway  
      in above,  r1 =  0.6768545152583D+01   r2 =  0.4246312128932D-15
 lsoda--  warning..internal t (=r1) and h (=r2) are  
       such that in the machine, t + h = t on the next step  
       (h = step size). solver will continue anyway  
      in above,  r1 =  0.6768545152583D+01   r2 =  0.4246312128932D-15
 lsoda--  warning..internal t (=r1) and h (=r2) are  
       such that in the machine, t + h = t on the next step  
       (h = step size). solver will continue anyway  
      in above,  r1 =  0.6768545152583D+01   r2 =  0.4246312128932D-15
 lsoda--  warning..internal t (=r1) and h (=r2) are  
       such that in the machine, t + h = t on the next step  
       (h = step size). solver will continue anyway  
      in above,  r1 =  0.6768545152583D+01   r2 =  0.4246312128932D-15
 lsoda--  warning..internal t (=r1) and h (=r2) are  
       such that in the machine, t + h = t on the next step  
       (h = step size). solver will continue anyway  
      in above,  r1 =  0.6768545152583D+01   r2 =  0.3425052438766D-15
 lsoda--  warning..internal t (=r1) and h (=r2) are  
       such that in the machine, t + h = t on the next step  
       (h = step size). solver will continue anyway  
      in above,  r1 =  0.6768545152583D+01   r2 =  0.3425052438766D-15
 lsoda--  warning..internal t (=r1) and h (=r2) are  
       such that in the machine, t + h = t on the next step  
       (h = step size). solver will continue anyway  
      in above,  r1 =  0.6768545152583D+01   r2 =  0.3425052438766D-15
 lsoda--  warning..internal t (=r1) and h (=r2) are  
       such that in the machine, t + h = t on the next step  
       (h = step size). solver will continue anyway  
      in above,  r1 =  0.6768545152583D+01   r2 =  0.3425052438766D-15
 lsoda--  warning..internal t (=r1) and h (=r2) are  
       such that in the machine, t + h = t on the next step  
       (h = step size). solver will continue anyway  
      in above,  r1 =  0.6768545152583D+01   r2 =  0.2762628806214D-15
 lsoda--  warning..internal t (=r1) and h (=r2) are  
       such that in the machine, t + h = t on the next step  
       (h = step size). solver will continue anyway  
      in above,  r1 =  0.6768545152583D+01   r2 =  0.2762628806214D-15
 lsoda--  above warning has been issued i1 times.    
       it will not be issued again for this problem  
      in above message,  i1 =        10
 lsoda--  warning..internal t (=r1) and h (=r2) are  
       such that in the machine, t + h = t on the next step  
       (h = step size). solver will continue anyway  
      in above,  r1 =  0.5179636765773D+01   r2 =  0.3698362948776D-15
 lsoda--  warning..internal t (=r1) and h (=r2) are  
       such that in the machine, t + h = t on the next step  
       (h = step size). solver will continue anyway  
      in above,  r1 =  0.5179636765773D+01   r2 =  0.3698362948776D-15
 lsoda--  warning..internal t (=r1) and h (=r2) are  
       such that in the machine, t + h = t on the next step  
    RMSE omega (GP): 0.004429 | RMSE omega (Sim): nan
    Loss: 142.6491 | Epoch: 5090
    Eq omega: 0.027851 + -0.59503theta + 0.35521omega + 0.06878theta^2 + 0.98332theta omega + -0.40506omega^2 + -0.46166theta^3 + 0.06330theta^2 omega + -0.11714theta omega^2 + 0.02779omega^3
    Eq omega Phys: 0.13572*omega**3 - 0.019069*omega**2*theta - 0.114584*omega**2 + 0.000343*omega*theta**2 + 0.011465*omega*theta - 0.019782*omega - 8.4e-5*theta**3 + 0.000673*theta**2 - 0.002463*theta + 0.003376
    Diffusion: theta=1.278742e-04, omega=1.264250e-05

--- Chunk 91731 (212/220) | Start: 2025-07-09 15:10:00 ---
    RMSE omega (GP): nan | RMSE omega (Sim): nan
    Loss: 3500.7258 | Epoch: 1577
    Eq omega: nan1 + nantheta + nanomega + nantheta^2 + nantheta omega + nanomega^2 + nantheta^3 + nantheta^2 omega + nantheta omega^2 + nanomega^3
    Eq omega Phys: N/A
    Diffusion: theta=nan, omega=nan

--- Chunk 91732 (213/220) | Start: 2025-07-09 15:15:00 ---
    RMSE omega (GP): 0.003149 | RMSE omega (Sim): 0.064748
    Loss: 117.7718 | Epoch: 5695
    Eq omega: 0.157801 + -0.03163theta + -0.03020omega + 0.07566theta^2 + 0.01340theta omega + 0.12664omega^2 + -0.34487theta^3 + 0.01422theta^2 omega + -0.10536theta omega^2 + -0.09899omega^3
    Eq omega Phys: -0.797847*omega**3 - 0.028306*omega**2*theta + 0.171824*omega**2 + 0.000127*omega*theta**2 - 0.000724*omega*theta - 8.3e-5*omega - 0.000103*theta**3 + 0.001202*theta**2 - 0.004708*theta + 0.006518
    Diffusion: theta=4.663533e-05, omega=8.348497e-06

--- Chunk 91733 (214/220) | Start: 2025-07-09 15:20:00 ---
       (h = step size). solver will continue anyway  
      in above,  r1 =  0.5179636765773D+01   r2 =  0.3698362948776D-15
 lsoda--  warning..internal t (=r1) and h (=r2) are  
       such that in the machine, t + h = t on the next step  
       (h = step size). solver will continue anyway  
      in above,  r1 =  0.5179636765773D+01   r2 =  0.3039560266072D-15
 lsoda--  warning..internal t (=r1) and h (=r2) are  
       such that in the machine, t + h = t on the next step  
       (h = step size). solver will continue anyway  
      in above,  r1 =  0.5179636765773D+01   r2 =  0.3039560266072D-15
 lsoda--  warning..internal t (=r1) and h (=r2) are  
       such that in the machine, t + h = t on the next step  
       (h = step size). solver will continue anyway  
      in above,  r1 =  0.5179636765773D+01   r2 =  0.3039560266072D-15
 lsoda--  warning..internal t (=r1) and h (=r2) are  
       such that in the machine, t + h = t on the next step  
       (h = step size). solver will continue anyway  
      in above,  r1 =  0.5179636765773D+01   r2 =  0.2498112472873D-15
 lsoda--  warning..internal t (=r1) and h (=r2) are  
       such that in the machine, t + h = t on the next step  
       (h = step size). solver will continue anyway  
      in above,  r1 =  0.5179636765773D+01   r2 =  0.2498112472873D-15
 lsoda--  warning..internal t (=r1) and h (=r2) are  
       such that in the machine, t + h = t on the next step  
       (h = step size). solver will continue anyway  
      in above,  r1 =  0.5179636765773D+01   r2 =  0.2498112472873D-15
 lsoda--  warning..internal t (=r1) and h (=r2) are  
       such that in the machine, t + h = t on the next step  
       (h = step size). solver will continue anyway  
      in above,  r1 =  0.5179636765773D+01   r2 =  0.2053114721141D-15
 lsoda--  above warning has been issued i1 times.    
       it will not be issued again for this problem  
      in above message,  i1 =        10
 lsoda--  warning..internal t (=r1) and h (=r2) are  
       such that in the machine, t + h = t on the next step  
       (h = step size). solver will continue anyway  
      in above,  r1 =  0.7138026549767D+01   r2 =  0.3777573943573D-15
 lsoda--  warning..internal t (=r1) and h (=r2) are  
       such that in the machine, t + h = t on the next step  
       (h = step size). solver will continue anyway  
      in above,  r1 =  0.7138026549767D+01   r2 =  0.3777573943573D-15
 lsoda--  warning..internal t (=r1) and h (=r2) are  
       such that in the machine, t + h = t on the next step  
       (h = step size). solver will continue anyway  
      in above,  r1 =  0.7138026549767D+01   r2 =  0.3777573943573D-15
 lsoda--  warning..internal t (=r1) and h (=r2) are  
       such that in the machine, t + h = t on the next step  
       (h = step size). solver will continue anyway  
      in above,  r1 =  0.7138026549767D+01   r2 =  0.3104661120022D-15
 lsoda--  warning..internal t (=r1) and h (=r2) are  
       such that in the machine, t + h = t on the next step  
       (h = step size). solver will continue anyway  
      in above,  r1 =  0.7138026549767D+01   r2 =  0.3104661120022D-15
 lsoda--  warning..internal t (=r1) and h (=r2) are  
       such that in the machine, t + h = t on the next step  
       (h = step size). solver will continue anyway  
      in above,  r1 =  0.7138026549767D+01   r2 =  0.3104661120022D-15
 lsoda--  warning..internal t (=r1) and h (=r2) are  
       such that in the machine, t + h = t on the next step  
       (h = step size). solver will continue anyway  
      in above,  r1 =  0.7138026549767D+01   r2 =  0.2551616676561D-15
 lsoda--  warning..internal t (=r1) and h (=r2) are  
       such that in the machine, t + h = t on the next step  
       (h = step size). solver will continue anyway  
      in above,  r1 =  0.7138026549767D+01   r2 =  0.2551616676561D-15
 lsoda--  warning..internal t (=r1) and h (=r2) are  
       such that in the machine, t + h = t on the next step  
       (h = step size). solver will continue anyway  
      in above,  r1 =  0.7138026549767D+01   r2 =  0.2551616676561D-15
    RMSE omega (GP): 0.003848 | RMSE omega (Sim): nan
    Loss: 156.5744 | Epoch: 5486
    Eq omega: 0.027011 + -0.26261theta + 0.11578omega + 0.02600theta^2 + -0.26327theta omega + -0.02322omega^2 + -0.65086theta^3 + 0.10085theta^2 omega + -0.08504theta omega^2 + 0.08907omega^3
    Eq omega Phys: 0.625191*omega**3 - 0.019897*omega**2*theta - 0.01519*omega**2 + 0.000787*omega*theta**2 - 0.003932*omega*theta + 0.003046*omega - 0.000169*theta**3 - 8.7e-5*theta**2 - 0.000306*theta + 3.0e-6
    Diffusion: theta=1.323542e-04, omega=1.293297e-05

--- Chunk 91734 (215/220) | Start: 2025-07-09 15:25:00 ---
    RMSE omega (GP): nan | RMSE omega (Sim): nan
    Loss: 14201.7568 | Epoch: 1324
    Eq omega: nan1 + nantheta + nanomega + nantheta^2 + nantheta omega + nanomega^2 + nantheta^3 + nantheta^2 omega + nantheta omega^2 + nanomega^3
    Eq omega Phys: N/A
    Diffusion: theta=nan, omega=nan

--- Chunk 91735 (216/220) | Start: 2025-07-09 15:30:00 ---
    RMSE omega (GP): nan | RMSE omega (Sim): nan
    Loss: 43499.4648 | Epoch: 1951
    Eq omega: nan1 + nantheta + nanomega + nantheta^2 + nantheta omega + nanomega^2 + nantheta^3 + nantheta^2 omega + nantheta omega^2 + nanomega^3
    Eq omega Phys: N/A
    Diffusion: theta=nan, omega=nan

--- Chunk 91736 (217/220) | Start: 2025-07-09 15:35:00 ---
    RMSE omega (GP): 0.004165 | RMSE omega (Sim): 0.095247
    Loss: 121.8921 | Epoch: 9999
    Eq omega: 0.014031 + -0.06455theta + -0.03549omega + 0.02281theta^2 + -0.01566theta omega + 0.05390omega^2 + -0.02415theta^3 + -0.00298theta^2 omega + -0.00042theta omega^2 + -0.02073omega^3
    Eq omega Phys: -0.096254*omega**3 - 6.5e-5*omega**2*theta + 0.020377*omega**2 - 1.5e-5*omega*theta**2 - 0.000597*omega*theta - 0.006291*omega - 4.0e-6*theta**3 - 0.000149*theta**2 - 0.001838*theta - 0.007832
    Diffusion: theta=2.283871e-04, omega=1.222337e-05

--- Chunk 91737 (218/220) | Start: 2025-07-09 15:40:00 ---
    RMSE omega (GP): nan | RMSE omega (Sim): nan
    Loss: 40915.8359 | Epoch: 1198
    Eq omega: nan1 + nantheta + nanomega + nantheta^2 + nantheta omega + nanomega^2 + nantheta^3 + nantheta^2 omega + nantheta omega^2 + nanomega^3
    Eq omega Phys: N/A
    Diffusion: theta=nan, omega=nan

--- Chunk 91738 (219/220) | Start: 2025-07-09 15:45:00 ---
    RMSE omega (GP): nan | RMSE omega (Sim): nan
    Loss: 34094.8984 | Epoch: 1487
    Eq omega: nan1 + nantheta + nanomega + nantheta^2 + nantheta omega + nanomega^2 + nantheta^3 + nantheta^2 omega + nantheta omega^2 + nanomega^3
    Eq omega Phys: N/A
    Diffusion: theta=nan, omega=nan

--- Chunk 91739 (220/220) | Start: 2025-07-09 15:50:00 ---
    RMSE omega (GP): 0.003738 | RMSE omega (Sim): 0.045845
    Loss: 151.8645 | Epoch: 8952
    Eq omega: 0.014481 + -0.05267theta + 0.00733omega + 0.00088theta^2 + 0.00744theta omega + 0.11333omega^2 + -0.01859theta^3 + 0.00415theta^2 omega + -0.00640theta omega^2 + 0.00047omega^3
    Eq omega Phys: 0.003439*omega**3 - 0.001561*omega**2*theta + 0.045739*omega**2 + 3.4e-5*omega*theta**2 + 0.000565*omega*theta + 0.002496*omega - 5.0e-6*theta**3 - 9.9e-5*theta**2 - 0.000701*theta - 0.001748
    Diffusion: theta=5.310850e-05, omega=8.842191e-06

  [Progress 220/220] Mean RMSE omega (GP): 0.004297 | (Sim): 0.072332 | Mean loss: 40007.7530 | Valid GP: 148/220 | Valid Sim: 123/220 | Elapsed: 536.9min | ETA: 0.0min

============================================================
EVALUATION COMPLETE — Chunks [91520, 91739]
============================================================
Chunks processed: 220
Chunks succeeded GP:  148 (67.3%)
Chunks succeeded Sim: 123 (55.9%)
Mean GP RMSE omega:   0.004297 ± 0.002980
Mean SIM RMSE omega:  0.072332 ± 0.028025
Mean Loss:            40007.7530 ± 230673.8294
Elapsed time:     536.9 minutes

Per-chunk CSV: /pfs/data6/home/ka/ka_iai/ka_bj2362/dsr/svise/results_5min_all_chunks/run_SLURM_3733210_combo5/chunks_91520_to_91739_20260323_102231.csv
Summary JSON:  /pfs/data6/home/ka/ka_iai/ka_bj2362/dsr/svise/results_5min_all_chunks/run_SLURM_3733210_combo5/summary_91520_to_91739_20260323_102231.json
============================================================
 lsoda--  warning..internal t (=r1) and h (=r2) are  
       such that in the machine, t + h = t on the next step  
       (h = step size). solver will continue anyway  
      in above,  r1 =  0.7138026549767D+01   r2 =  0.2097088027592D-15
 lsoda--  above warning has been issued i1 times.    
       it will not be issued again for this problem  
      in above message,  i1 =        10

============================= JOB FEEDBACK =============================

NodeName=uc3n102
Job ID: 3735283
Array Job ID: 3733210_416
Cluster: uc3
User/Group: ka_bj2362/ka_iai
State: COMPLETED (exit code 0)
Nodes: 1
Cores per node: 4
CPU Utilized: 08:53:55
CPU Efficiency: 24.84% of 1-11:49:48 core-walltime
Job Wall-clock time: 08:57:27
Memory Utilized: 3.26 GB
Memory Efficiency: 27.13% of 12.00 GB (12.00 GB/node)
