Array task 60: processing chunks 13200 to 13419
Loading data from /pfs/data6/home/ka/ka_iai/ka_bj2362/dsr/svise/../dataset/South_Korea_2024-08-15_2025-08-31_1s.parquet...
Finding all valid 5-minute chunks in the dataset...
Found 107059 valid 5-minute chunks in total.

============================================================
SVISE FINAL EVALUATION — ALL CHUNKS
============================================================
Hyperparameters: {
  "model": "integrator",
  "sigma": 0,
  "degree": 3,
  "tau": 0.01,
  "lr": 0.001,
  "n_tau": 100,
  "measurement_noise": 1e-05,
  "n_reparam_samples": 15
}
Total valid chunks in dataset: 107059
Processing chunk range: [13200, 13419] (220 chunks)
Early stopping: patience=300, max_epochs=10000
============================================================


--- Chunk 13200 (1/220) | Start: 2024-09-30 00:20:00 ---
/pfs/data6/home/ka/ka_iai/ka_bj2362/dsr/svise/svise/sde_learning/_marginal_sde.py:284: UserWarning: torch.triangular_solve is deprecated in favor of torch.linalg.solve_triangularand will be removed in a future PyTorch release.
torch.linalg.solve_triangular has its arguments reversed and does not return a copy of one of the inputs.
X = torch.triangular_solve(B, A).solution
should be replaced with
X = torch.linalg.solve_triangular(A, B). (Triggered internally at ../aten/src/ATen/native/BatchLinearAlgebra.cpp:2192.)
  return torch.triangular_solve(self.raw_w, self.C.t()).solution
/pfs/data6/home/ka/ka_iai/ka_bj2362/dsr/svise/svise/quadrature/_unbiased_quadrature.py:196: UserWarning: Interp is nan, reducing interp degree.
  warnings.warn("Interp is nan, reducing interp degree.")
/pfs/data6/home/ka/ka_iai/ka_bj2362/dsr/svise/svise/quadrature/_unbiased_quadrature.py:174: UserWarning: NaN detected in fxq (quadrature node evaluations). Clamping to 0.
  warnings.warn("NaN detected in fxq (quadrature node evaluations). Clamping to 0.")
/pfs/data6/home/ka/ka_iai/ka_bj2362/dsr/svise/svise/quadrature/_unbiased_quadrature.py:177: UserWarning: NaN detected in fmc (Monte-Carlo node evaluations). Clamping to 0.
  warnings.warn("NaN detected in fmc (Monte-Carlo node evaluations). Clamping to 0.")
    RMSE omega (GP): nan | RMSE omega (Sim): nan
    Loss: 3416.5195 | Epoch: 1674
    Eq omega: nan1 + nantheta + nanomega + nantheta^2 + nantheta omega + nanomega^2 + nantheta^3 + nantheta^2 omega + nantheta omega^2 + nanomega^3
    Eq omega Phys: N/A
    Diffusion: theta=nan, omega=nan

--- Chunk 13201 (2/220) | Start: 2024-09-30 00:25:00 ---
    RMSE omega (GP): nan | RMSE omega (Sim): nan
    Loss: 78.4708 | Epoch: 6359
    Eq omega: nan1 + nantheta + nanomega + nantheta^2 + nantheta omega + nanomega^2 + nantheta^3 + nantheta^2 omega + nantheta omega^2 + nanomega^3
    Eq omega Phys: N/A
    Diffusion: theta=nan, omega=nan

--- Chunk 13202 (3/220) | Start: 2024-09-30 00:30:00 ---
    RMSE omega (GP): 0.004492 | RMSE omega (Sim): 0.101323
    Loss: 159.1991 | Epoch: 9304
    Eq omega: 0.042941 + 0.00019theta + 0.03890omega + -0.01486theta^2 + 0.00472theta omega + 0.02987omega^2 + -0.00006theta^3 + -0.00478theta^2 omega + 0.00091theta omega^2 + 0.00411omega^3
    Eq omega Phys: 0.021666*omega**3 + 0.00016*omega**2*theta + 0.009646*omega**2 - 2.8e-5*omega*theta**2 + 0.001073*omega*theta - 0.008941*omega - 6.0e-6*theta**2 + 0.000238*theta - 0.002059
    Diffusion: theta=1.812864e-04, omega=1.199125e-05

--- Chunk 13203 (4/220) | Start: 2024-09-30 00:35:00 ---
    RMSE omega (GP): 0.004812 | RMSE omega (Sim): 0.062518
    Loss: 145.5769 | Epoch: 8315
    Eq omega: 0.011481 + -0.02060theta + -0.01413omega + -0.00139theta^2 + 0.01352theta omega + 0.00889omega^2 + -0.03962theta^3 + -0.05588theta^2 omega + -0.03155theta omega^2 + 0.01236omega^3
    Eq omega Phys: 0.052113*omega**3 - 0.004434*omega**2*theta - 0.033773*omega**2 - 0.000262*omega*theta**2 - 0.004212*omega*theta - 0.017389*omega - 6.0e-6*theta**3 - 0.000156*theta**2 - 0.001332*theta - 0.003824
    Diffusion: theta=1.323983e-04, omega=1.368109e-05

--- Chunk 13204 (5/220) | Start: 2024-09-30 00:40:00 ---
    RMSE omega (GP): 0.004653 | RMSE omega (Sim): 0.532869
    Loss: 115.8797 | Epoch: 7508
    Eq omega: -0.091221 + -0.47018theta + 0.28296omega + 0.22341theta^2 + 0.38629theta omega + -0.13446omega^2 + -0.01696theta^3 + 0.06384theta^2 omega + -0.33369theta omega^2 + -0.25467omega^3
    Eq omega Phys: -0.922743*omega**3 - 0.040302*omega**2*theta - 0.123124*omega**2 + 0.000257*omega*theta**2 + 0.005449*omega*theta + 0.018838*omega - 2.0e-6*theta**3 + 7.3e-5*theta**2 - 0.00022*theta - 0.000987
    Diffusion: theta=1.034436e-04, omega=1.478975e-05

--- Chunk 13205 (6/220) | Start: 2024-09-30 00:45:00 ---
    RMSE omega (GP): 0.004342 | RMSE omega (Sim): 0.117859
    Loss: 67.3868 | Epoch: 9081
    Eq omega: 0.024091 + -0.14327theta + 0.13349omega + -0.13596theta^2 + 0.51563theta omega + 0.00607omega^2 + -0.04882theta^3 + -0.00438theta^2 omega + -0.18549theta omega^2 + 0.00802omega^3
    Eq omega Phys: 0.02027*omega**3 - 0.015627*omega**2*theta + 0.126761*omega**2 - 1.2e-5*omega*theta**2 + 0.005186*omega*theta - 0.036242*omega - 5.0e-6*theta**3 + 6.6e-5*theta**2 - 0.000335*theta + 0.000899
    Diffusion: theta=1.586768e-04, omega=1.178046e-05

--- Chunk 13206 (7/220) | Start: 2024-09-30 00:50:00 ---
    RMSE omega (GP): 0.004033 | RMSE omega (Sim): 0.100050
    Loss: 92.9990 | Epoch: 5519
    Eq omega: 0.025761 + -1.46046theta + 0.17869omega + 0.04351theta^2 + -0.22344theta omega + -0.09842omega^2 + -0.24785theta^3 + 0.40817theta^2 omega + -0.01065theta omega^2 + 0.01611omega^3
    Eq omega Phys: 0.06112*omega**3 - 0.001347*omega**2*theta - 0.034683*omega**2 + 0.001721*omega*theta**2 - 0.003457*omega*theta + 0.006674*omega - 3.5e-5*theta**3 + 4.2e-5*theta**2 - 0.001637*theta + 0.000463
    Diffusion: theta=1.265751e-04, omega=1.686340e-05

--- Chunk 13207 (8/220) | Start: 2024-09-30 00:55:00 ---
    RMSE omega (GP): 0.004061 | RMSE omega (Sim): 0.186369
    Loss: 81.8384 | Epoch: 9999
    Eq omega: 0.041071 + -0.15095theta + 0.03005omega + 0.05949theta^2 + -0.00976theta omega + -0.03366omega^2 + -0.00001theta^3 + 0.00281theta^2 omega + -0.00033theta omega^2 + 0.02070omega^3
    Eq omega Phys: 0.069348*omega**3 - 3.7e-5*omega**2*theta - 0.011774*omega**2 + 1.0e-5*omega*theta**2 + 0.00019*omega*theta + 0.001578*omega + 2.2e-5*theta**2 + 0.000461*theta + 0.002231
    Diffusion: theta=1.701294e-04, omega=1.377799e-05

--- Chunk 13208 (9/220) | Start: 2024-09-30 01:00:00 ---
    RMSE omega (GP): nan | RMSE omega (Sim): nan
    Loss: 16861.0684 | Epoch: 1114
    Eq omega: nan1 + nantheta + nanomega + nantheta^2 + nantheta omega + nanomega^2 + nantheta^3 + nantheta^2 omega + nantheta omega^2 + nanomega^3
    Eq omega Phys: N/A
    Diffusion: theta=nan, omega=nan

--- Chunk 13209 (10/220) | Start: 2024-09-30 01:05:00 ---
    RMSE omega (GP): 0.003996 | RMSE omega (Sim): 0.102352
    Loss: 104.7651 | Epoch: 9999
    Eq omega: 0.042841 + -0.11211theta + -0.07843omega + 0.00316theta^2 + 0.00483theta omega + -0.00102omega^2 + -0.00299theta^3 + -0.00031theta^2 omega + 0.00453theta omega^2 + -0.01200omega^3
    Eq omega Phys: -0.052028*omega**3 + 0.000655*omega**2*theta + 0.009985*omega**2 - 1.0e-6*omega*theta**2 + 1.4e-5*omega*theta - 0.002019*omega - 2.1e-5*theta**2 - 0.000444*theta - 0.003423
    Diffusion: theta=1.424693e-04, omega=1.378837e-05

--- Chunk 13210 (11/220) | Start: 2024-09-30 01:10:00 ---
    RMSE omega (GP): 0.004650 | RMSE omega (Sim): 0.075544
    Loss: 224.1755 | Epoch: 9999
    Eq omega: -0.023081 + -0.00202theta + 0.00156omega + -0.00120theta^2 + -0.00058theta omega + 0.00196omega^2 + -0.00073theta^3 + 0.00084theta^2 omega + 0.00001theta omega^2 + -0.00206omega^3
    Eq omega Phys: -0.013672*omega**3 + 2.0e-6*omega**2*theta + 0.000967*omega**2 + 6.0e-6*omega*theta**2 + 0.000245*omega*theta + 0.00247*omega - 1.2e-5*theta**2 - 0.000254*theta - 0.001911
    Diffusion: theta=3.369850e-04, omega=9.458151e-06

--- Chunk 13211 (12/220) | Start: 2024-09-30 01:15:00 ---
    RMSE omega (GP): 0.005667 | RMSE omega (Sim): 0.054885
    Loss: 581.3704 | Epoch: 9999
    Eq omega: 0.004781 + -0.00262theta + -0.00288omega + 0.00096theta^2 + 0.00138theta omega + -0.00097omega^2 + -0.00005theta^3 + -0.00035theta^2 omega + -0.00007theta omega^2 + 0.00048omega^3
    Eq omega Phys: 0.005561*omega**3 - 2.7e-5*omega**2*theta - 0.001155*omega**2 - 5.0e-6*omega*theta**2 - 0.000156*omega*theta - 0.001394*omega - 0.e-6*theta**2 - 3.0e-6*theta + 4.3e-5
    Diffusion: theta=4.243097e-04, omega=6.397072e-06

--- Chunk 13212 (13/220) | Start: 2024-09-30 01:20:00 ---
    RMSE omega (GP): 0.004118 | RMSE omega (Sim): 0.466662
    Loss: 79.0755 | Epoch: 8170
    Eq omega: 0.221021 + -0.03580theta + 0.20491omega + -0.14727theta^2 + -0.02607theta omega + 0.60559omega^2 + 0.00009theta^3 + 0.00867theta^2 omega + 0.01221theta omega^2 + -0.04260omega^3
    Eq omega Phys: -0.134755*omega**3 + 0.001287*omega**2*theta + 0.209607*omega**2 + 3.0e-5*omega*theta**2 + 0.000331*omega*theta + 0.007078*omega - 5.3e-5*theta**2 - 0.001106*theta - 0.005019
    Diffusion: theta=3.192722e-04, omega=1.721547e-05

--- Chunk 13213 (14/220) | Start: 2024-09-30 01:25:00 ---
    RMSE omega (GP): nan | RMSE omega (Sim): nan
    Loss: 34124.4609 | Epoch: 1199
    Eq omega: nan1 + nantheta + nanomega + nantheta^2 + nantheta omega + nanomega^2 + nantheta^3 + nantheta^2 omega + nantheta omega^2 + nanomega^3
    Eq omega Phys: N/A
    Diffusion: theta=nan, omega=nan

--- Chunk 13214 (15/220) | Start: 2024-09-30 01:30:00 ---
    RMSE omega (GP): 0.004650 | RMSE omega (Sim): 0.093435
    Loss: 121.5976 | Epoch: 9999
    Eq omega: 0.044551 + -0.12013theta + 0.00423omega + 0.09656theta^2 + 0.02070theta omega + -0.06415omega^2 + -0.00112theta^3 + -0.00124theta^2 omega + -0.00919theta omega^2 + 0.00547omega^3
    Eq omega Phys: 0.019704*omega**3 - 0.001103*omega**2*theta - 0.037479*omega**2 - 5.0e-6*omega*theta**2 + 0.000102*omega*theta + 0.002497*omega + 3.1e-5*theta**2 + 0.000809*theta + 0.005005
    Diffusion: theta=5.618525e-04, omega=1.451618e-05

--- Chunk 13215 (16/220) | Start: 2024-09-30 01:35:00 ---
    RMSE omega (GP): 0.004876 | RMSE omega (Sim): 0.101129
    Loss: 101.6701 | Epoch: 7188
    Eq omega: -0.023711 + -0.01975theta + -0.00726omega + 0.04961theta^2 + 0.12281theta omega + -0.03148omega^2 + -0.19633theta^3 + -0.13181theta^2 omega + 0.00596theta omega^2 + -0.04637omega^3
    Eq omega Phys: -0.134859*omega**3 + 0.000578*omega**2*theta - 0.011035*omega**2 - 0.000426*omega*theta**2 + 0.003093*omega*theta - 0.004905*omega - 2.1e-5*theta**3 + 0.000153*theta**2 - 0.000384*theta + 0.000246
    Diffusion: theta=2.371014e-04, omega=1.606939e-05

--- Chunk 13216 (17/220) | Start: 2024-09-30 01:40:00 ---
    RMSE omega (GP): nan | RMSE omega (Sim): nan
    Loss: 78.4235 | Epoch: 5794
    Eq omega: nan1 + nantheta + nanomega + nantheta^2 + nantheta omega + nanomega^2 + nantheta^3 + nantheta^2 omega + nantheta omega^2 + nanomega^3
    Eq omega Phys: N/A
    Diffusion: theta=nan, omega=nan

--- Chunk 13217 (18/220) | Start: 2024-09-30 01:45:00 ---
    RMSE omega (GP): nan | RMSE omega (Sim): nan
    Loss: 3393.0657 | Epoch: 2833
    Eq omega: nan1 + nantheta + nanomega + nantheta^2 + nantheta omega + nanomega^2 + nantheta^3 + nantheta^2 omega + nantheta omega^2 + nanomega^3
    Eq omega Phys: N/A
    Diffusion: theta=nan, omega=nan

--- Chunk 13218 (19/220) | Start: 2024-09-30 01:50:00 ---
    RMSE omega (GP): nan | RMSE omega (Sim): nan
    Loss: 107341.0938 | Epoch: 1163
    Eq omega: nan1 + nantheta + nanomega + nantheta^2 + nantheta omega + nanomega^2 + nantheta^3 + nantheta^2 omega + nantheta omega^2 + nanomega^3
    Eq omega Phys: N/A
    Diffusion: theta=nan, omega=nan

--- Chunk 13219 (20/220) | Start: 2024-09-30 01:55:00 ---
    RMSE omega (GP): nan | RMSE omega (Sim): nan
    Loss: 27282.7754 | Epoch: 1085
    Eq omega: nan1 + nantheta + nanomega + nantheta^2 + nantheta omega + nanomega^2 + nantheta^3 + nantheta^2 omega + nantheta omega^2 + nanomega^3
    Eq omega Phys: N/A
    Diffusion: theta=nan, omega=nan

--- Chunk 13220 (21/220) | Start: 2024-09-30 02:00:00 ---
    RMSE omega (GP): nan | RMSE omega (Sim): nan
    Loss: 29833.5273 | Epoch: 1069
    Eq omega: nan1 + nantheta + nanomega + nantheta^2 + nantheta omega + nanomega^2 + nantheta^3 + nantheta^2 omega + nantheta omega^2 + nanomega^3
    Eq omega Phys: N/A
    Diffusion: theta=nan, omega=nan

--- Chunk 13221 (22/220) | Start: 2024-09-30 02:05:00 ---
    RMSE omega (GP): 0.003749 | RMSE omega (Sim): 0.099702
    Loss: 85.1380 | Epoch: 8837
    Eq omega: -0.006781 + -0.89802theta + -0.04110omega + -0.07016theta^2 + 0.03912theta omega + 0.03852omega^2 + 0.00481theta^3 + -0.00278theta^2 omega + 0.00491theta omega^2 + -0.15435omega^3
    Eq omega Phys: -0.629658*omega**3 + 0.000668*omega**2*theta + 0.007218*omega**2 - 1.3e-5*omega*theta**2 + 0.000745*omega*theta - 0.007781*omega + 1.0e-6*theta**3 - 5.2e-5*theta**2 - 0.000157*theta + 0.00644
    Diffusion: theta=1.015425e-04, omega=1.367818e-05

--- Chunk 13222 (23/220) | Start: 2024-09-30 02:10:00 ---
    RMSE omega (GP): nan | RMSE omega (Sim): nan
    Loss: 381.1859 | Epoch: 2201
    Eq omega: nan1 + nantheta + nanomega + nantheta^2 + nantheta omega + nanomega^2 + nantheta^3 + nantheta^2 omega + nantheta omega^2 + nanomega^3
    Eq omega Phys: N/A
    Diffusion: theta=nan, omega=nan

--- Chunk 13223 (24/220) | Start: 2024-09-30 02:15:00 ---
    RMSE omega (GP): nan | RMSE omega (Sim): nan
    Loss: 33510.6328 | Epoch: 759
    Eq omega: nan1 + nantheta + nanomega + nantheta^2 + nantheta omega + nanomega^2 + nantheta^3 + nantheta^2 omega + nantheta omega^2 + nanomega^3
    Eq omega Phys: N/A
    Diffusion: theta=nan, omega=nan

--- Chunk 13224 (25/220) | Start: 2024-09-30 02:20:00 ---
    RMSE omega (GP): 0.004853 | RMSE omega (Sim): 0.227927
    Loss: 171.6918 | Epoch: 9999
    Eq omega: -0.016371 + -0.09557theta + 0.00212omega + -0.05108theta^2 + -0.00355theta omega + 0.00879omega^2 + -0.00079theta^3 + -0.00210theta^2 omega + -0.00636theta omega^2 + -0.01070omega^3
    Eq omega Phys: -0.050111*omega**3 - 0.000993*omega**2*theta - 0.010328*omega**2 - 1.1e-5*omega*theta**2 - 0.000351*omega*theta - 0.00269*omega - 2.8e-5*theta**2 - 0.000809*theta - 0.006223
    Diffusion: theta=3.570008e-04, omega=1.472280e-05

--- Chunk 13225 (26/220) | Start: 2024-09-30 02:25:00 ---
    RMSE omega (GP): 0.004395 | RMSE omega (Sim): 0.728303
    Loss: 164.7290 | Epoch: 9999
    Eq omega: 0.098841 + -0.32245theta + -0.04309omega + 0.06672theta^2 + 0.08234theta omega + 0.01116omega^2 + -0.00023theta^3 + 0.00005theta^2 omega + 0.00894theta omega^2 + -0.02618omega^3
    Eq omega Phys: -0.141455*omega**3 + 0.00161*omega**2*theta - 0.005568*omega**2 + 0.001161*omega*theta - 0.008878*omega + 3.2e-5*theta**2 - 0.000767*theta + 0.003852
    Diffusion: theta=5.573964e-04, omega=9.448532e-06

--- Chunk 13226 (27/220) | Start: 2024-09-30 02:30:00 ---
    RMSE omega (GP): 0.005264 | RMSE omega (Sim): 0.075374
    Loss: 452.0066 | Epoch: 9999
    Eq omega: 0.028591 + 0.00205theta + -0.00213omega + -0.00160theta^2 + 0.00050theta omega + -0.00282omega^2 + -0.00003theta^3 + -0.00065theta^2 omega + 0.00025theta omega^2 + -0.00011omega^3
    Eq omega Phys: -0.001157*omega**3 + 8.8e-5*omega**2*theta - 0.003341*omega**2 - 8.0e-6*omega*theta**2 + 0.0003*omega*theta - 0.003024*omega + 3.0e-5*theta - 0.000292
    Diffusion: theta=2.764102e-04, omega=6.798060e-06

--- Chunk 13227 (28/220) | Start: 2024-09-30 02:35:00 ---
    RMSE omega (GP): 0.004448 | RMSE omega (Sim): 0.107842
    Loss: 115.2182 | Epoch: 9999
    Eq omega: 0.021781 + -0.09272theta + -0.02180omega + -0.01995theta^2 + -0.02110theta omega + 0.01463omega^2 + -0.00025theta^3 + -0.00411theta^2 omega + -0.01203theta omega^2 + 0.01031omega^3
    Eq omega Phys: 0.039694*omega**3 - 0.001544*omega**2*theta + 0.029544*omega**2 - 1.8e-5*omega*theta**2 + 0.000302*omega*theta - 0.001117*omega - 6.0e-6*theta**2 + 0.00012*theta - 0.000139
    Diffusion: theta=2.606925e-04, omega=1.484032e-05

--- Chunk 13228 (29/220) | Start: 2024-09-30 02:40:00 ---
    RMSE omega (GP): 0.011865 | RMSE omega (Sim): 0.071176
    Loss: 491.1929 | Epoch: 1921
    Eq omega: 0.022261 + -0.07500theta + -0.01416omega + -0.05541theta^2 + -0.00701theta omega + 0.07967omega^2 + -0.01273theta^3 + 0.00390theta^2 omega + -0.00579theta omega^2 + -0.01494omega^3
    Eq omega Phys: -0.033588*omega**3 - 0.000434*omega**2*theta + 0.027666*omega**2 + 1.0e-5*omega*theta**2 - 0.000327*omega*theta + 0.002166*omega - 1.0e-6*theta**3 + 2.6e-5*theta**2 - 0.000208*theta + 0.000751
    Diffusion: theta=nan, omega=nan

--- Chunk 13229 (30/220) | Start: 2024-09-30 02:45:00 ---
    RMSE omega (GP): 0.004760 | RMSE omega (Sim): 0.068876
    Loss: 94.7974 | Epoch: 9999
    Eq omega: -0.001731 + 0.01105theta + -0.02341omega + -0.00537theta^2 + -0.03860theta omega + -0.01380omega^2 + -0.00878theta^3 + -0.00060theta^2 omega + 0.00304theta omega^2 + -0.01026omega^3
    Eq omega Phys: -0.0277*omega**3 + 0.000274*omega**2*theta - 0.008344*omega**2 - 2.0e-6*omega*theta**2 - 0.000331*omega*theta + 0.004727*omega - 0.e-6*theta**3 + 3.9e-5*theta**2 - 0.000555*theta + 0.002569
    Diffusion: theta=6.053264e-04, omega=1.366284e-05

--- Chunk 13230 (31/220) | Start: 2024-09-30 02:50:00 ---
    RMSE omega (GP): nan | RMSE omega (Sim): nan
    Loss: 553.2598 | Epoch: 1692
    Eq omega: nan1 + nantheta + nanomega + nantheta^2 + nantheta omega + nanomega^2 + nantheta^3 + nantheta^2 omega + nantheta omega^2 + nanomega^3
    Eq omega Phys: N/A
    Diffusion: theta=nan, omega=nan

--- Chunk 13231 (32/220) | Start: 2024-09-30 02:55:00 ---
    RMSE omega (GP): 0.005457 | RMSE omega (Sim): 0.194719
    Loss: 70.2742 | Epoch: 6846
    Eq omega: -0.068261 + -0.37347theta + -0.05646omega + 0.16413theta^2 + 0.01245theta omega + -0.06144omega^2 + -0.00284theta^3 + -0.00211theta^2 omega + 0.00623theta omega^2 + -0.02012omega^3
    Eq omega Phys: -0.032138*omega**3 + 0.000332*omega**2*theta - 0.014797*omega**2 - 4.0e-6*omega*theta**2 + 0.00011*omega*theta - 0.002074*omega + 4.3e-5*theta**2 - 0.000574*theta + 0.000595
    Diffusion: theta=nan, omega=nan

--- Chunk 13232 (33/220) | Start: 2024-09-30 03:00:00 ---
    RMSE omega (GP): 0.006959 | RMSE omega (Sim): 0.061300
    Loss: 506.6851 | Epoch: 9999
    Eq omega: 0.080671 + -0.00447theta + 0.04688omega + -0.00150theta^2 + -0.00217theta omega + 0.00485omega^2 + 0.00017theta^3 + -0.00497theta^2 omega + 0.00035theta omega^2 + -0.00002omega^3
    Eq omega Phys: -0.00013*omega**3 + 7.6e-5*omega**2*theta + 0.0004*omega**2 - 3.6e-5*omega*theta**2 + 0.001724*omega*theta - 0.019153*omega - 4.0e-6*theta**2 + 0.000107*theta - 0.000753
    Diffusion: theta=6.355616e-04, omega=8.632430e-06

--- Chunk 13233 (34/220) | Start: 2024-09-30 03:05:00 ---
    RMSE omega (GP): 0.007206 | RMSE omega (Sim): 0.063412
    Loss: 189.1354 | Epoch: 9999
    Eq omega: 0.703281 + 0.08036theta + -0.06037omega + -0.08993theta^2 + 0.00790theta omega + -0.01868omega^2 + -0.02204theta^3 + 0.00014theta^2 omega + 0.00455theta omega^2 + -0.10256omega^3
    Eq omega Phys: -0.241781*omega**3 + 0.000358*omega**2*theta - 0.013336*omega**2 + 5.7e-5*omega*theta - 0.003496*omega - 2.0e-6*theta**3 + 0.000103*theta**2 - 0.001604*theta + 0.00876
    Diffusion: theta=6.940908e-04, omega=1.241679e-05

--- Chunk 13234 (35/220) | Start: 2024-09-30 03:10:00 ---
    RMSE omega (GP): 0.004136 | RMSE omega (Sim): 0.081313
    Loss: 188.3720 | Epoch: 9999
    Eq omega: 0.029611 + -0.00470theta + 0.00756omega + -0.00040theta^2 + -0.00348theta omega + 0.00131omega^2 + -0.00135theta^3 + -0.00034theta^2 omega + -0.00048theta omega^2 + -0.00399omega^3
    Eq omega Phys: -0.028716*omega**3 - 0.000115*omega**2*theta + 0.002173*omega**2 - 3.0e-6*omega*theta**2 + 1.5e-5*omega*theta + 0.000527*omega + 1.4e-5*theta**2 - 0.00019*theta + 0.000944
    Diffusion: theta=1.800778e-04, omega=1.056011e-05

--- Chunk 13235 (36/220) | Start: 2024-09-30 03:15:00 ---
    RMSE omega (GP): 0.004473 | RMSE omega (Sim): 0.085587
    Loss: 82.3995 | Epoch: 9999
    Eq omega: 0.003201 + -0.12249theta + 0.05815omega + -0.03849theta^2 + 0.00787theta omega + -0.00397omega^2 + -0.00036theta^3 + 0.00113theta^2 omega + 0.00088theta omega^2 + 0.00604omega^3
    Eq omega Phys: 0.01658*omega**3 + 8.1e-5*omega**2*theta - 0.000632*omega**2 + 3.0e-6*omega*theta**2 + 0.000128*omega*theta + 0.002671*omega - 1.4e-5*theta**2 - 0.000324*theta - 0.001609
    Diffusion: theta=5.217426e-04, omega=9.911592e-06

--- Chunk 13236 (37/220) | Start: 2024-09-30 03:20:00 ---
    RMSE omega (GP): 0.005336 | RMSE omega (Sim): 0.053310
    Loss: 191.8628 | Epoch: 9999
    Eq omega: 0.138071 + -0.02955theta + 0.07484omega + 0.01903theta^2 + -0.03170theta omega + -0.02190omega^2 + -0.00170theta^3 + 0.00126theta^2 omega + 0.00120theta omega^2 + 0.00753omega^3
    Eq omega Phys: 0.031605*omega**3 + 0.000168*omega**2*theta - 0.003261*omega**2 + 6.0e-6*omega*theta**2 - 5.0e-5*omega*theta - 0.004045*omega - 1.5e-5*theta**2 - 0.000252*theta - 0.000427
    Diffusion: theta=5.364792e-04, omega=8.451872e-06

--- Chunk 13237 (38/220) | Start: 2024-09-30 03:25:00 ---
    RMSE omega (GP): nan | RMSE omega (Sim): nan
    Loss: 5037.5825 | Epoch: 1011
    Eq omega: nan1 + nantheta + nanomega + nantheta^2 + nantheta omega + nanomega^2 + nantheta^3 + nantheta^2 omega + nantheta omega^2 + nanomega^3
    Eq omega Phys: N/A
    Diffusion: theta=nan, omega=nan

--- Chunk 13238 (39/220) | Start: 2024-09-30 03:30:00 ---
    RMSE omega (GP): 0.003718 | RMSE omega (Sim): 0.061487
    Loss: 33.1517 | Epoch: 8552
    Eq omega: 0.012581 + -0.00432theta + -0.02886omega + -0.13027theta^2 + -0.02399theta omega + 0.03996omega^2 + -0.05408theta^3 + -0.00185theta^2 omega + 0.07490theta omega^2 + 0.02515omega^3
    Eq omega Phys: 0.043874*omega**3 + 0.004355*omega**2*theta - 0.028171*omega**2 - 4.0e-6*omega*theta**2 - 0.000131*omega*theta + 0.000442*omega - 3.0e-6*theta**3 + 5.6e-5*theta**2 - 0.000189*theta - 0.000245
    Diffusion: theta=1.344560e-04, omega=1.730449e-05

--- Chunk 13239 (40/220) | Start: 2024-09-30 03:35:00 ---
    RMSE omega (GP): 0.004519 | RMSE omega (Sim): 0.057007
    Loss: 226.8019 | Epoch: 9999
    Eq omega: 0.003961 + -0.00847theta + -0.18157omega + 0.00240theta^2 + 0.00542theta omega + 0.00228omega^2 + 0.00020theta^3 + -0.00058theta^2 omega + -0.00235theta omega^2 + 0.00178omega^3
    Eq omega Phys: 0.012295*omega**3 - 0.000541*omega**2*theta - 0.007875*omega**2 - 4.0e-6*omega*theta**2 - 6.1e-5*omega*theta - 0.005838*omega + 4.0e-6*theta**2 + 7.5e-5*theta + 0.000438
    Diffusion: theta=4.851047e-04, omega=8.678350e-06

--- Chunk 13240 (41/220) | Start: 2024-09-30 03:40:00 ---
    RMSE omega (GP): 0.003883 | RMSE omega (Sim): 0.162929
    Loss: 111.8052 | Epoch: 9429
    Eq omega: 0.042401 + -0.03104theta + -0.01608omega + 0.00333theta^2 + 0.02195theta omega + 0.00246omega^2 + -0.00668theta^3 + 0.00724theta^2 omega + -0.01780theta omega^2 + 0.01344omega^3
    Eq omega Phys: 0.067371*omega**3 - 0.002974*omega**2*theta - 0.031714*omega**2 + 4.0e-5*omega*theta**2 + 0.001186*omega*theta + 0.007635*omega - 1.0e-6*theta**3 - 3.9e-5*theta**2 - 0.000451*theta - 0.001732
    Diffusion: theta=1.589578e-04, omega=9.404152e-06

--- Chunk 13241 (42/220) | Start: 2024-09-30 03:45:00 ---
    RMSE omega (GP): nan | RMSE omega (Sim): nan
    Loss: 36671.2930 | Epoch: 818
    Eq omega: nan1 + nantheta + nanomega + nantheta^2 + nantheta omega + nanomega^2 + nantheta^3 + nantheta^2 omega + nantheta omega^2 + nanomega^3
    Eq omega Phys: N/A
    Diffusion: theta=nan, omega=nan

--- Chunk 13242 (43/220) | Start: 2024-09-30 03:50:00 ---
    RMSE omega (GP): 0.004833 | RMSE omega (Sim): 0.112280
    Loss: 134.1687 | Epoch: 9999
    Eq omega: -0.000871 + -0.00330theta + 0.00922omega + 0.00004theta^2 + 0.00321theta omega + -0.03196omega^2 + -0.00006theta^3 + 0.00010theta^2 omega + 0.00096theta omega^2 + 0.00342omega^3
    Eq omega Phys: 0.01269*omega**3 + 0.000119*omega**2*theta - 0.009785*omega**2 + 4.8e-5*omega*theta + 0.00083*omega - 7.0e-6*theta - 6.1e-5
    Diffusion: theta=4.165022e-04, omega=1.832016e-05

--- Chunk 13243 (44/220) | Start: 2024-09-30 03:55:00 ---
    RMSE omega (GP): 0.004934 | RMSE omega (Sim): 0.149665
    Loss: 134.1267 | Epoch: 9999
    Eq omega: 0.003711 + 0.00048theta + 0.00298omega + -0.00200theta^2 + -0.00386theta omega + 0.00057omega^2 + -0.00023theta^3 + 0.00054theta^2 omega + 0.00014theta omega^2 + -0.00100omega^3
    Eq omega Phys: -0.00361*omega**3 + 1.7e-5*omega**2*theta + 0.000402*omega**2 + 2.0e-6*omega*theta**2 + 8.0e-6*omega*theta - 0.000123*omega - 2.0e-6*theta**2 - 3.2e-5*theta - 0.00015
    Diffusion: theta=3.123880e-04, omega=1.422879e-05

--- Chunk 13244 (45/220) | Start: 2024-09-30 04:00:00 ---
    RMSE omega (GP): 0.004876 | RMSE omega (Sim): 0.320691
    Loss: 77.5669 | Epoch: 9999
    Eq omega: -0.000141 + 0.00975theta + 0.06241omega + -0.03742theta^2 + 0.04285theta omega + -0.01440omega^2 + -0.02858theta^3 + 0.00696theta^2 omega + 0.00560theta omega^2 + 0.01095omega^3
    Eq omega Phys: 0.024053*omega**3 + 0.00041*omega**2*theta - 0.000895*omega**2 + 1.7e-5*omega*theta**2 + 0.000635*omega*theta + 0.00582*omega - 2.0e-6*theta**3 - 6.2e-5*theta**2 - 0.000528*theta - 0.001436
    Diffusion: theta=4.356100e-04, omega=1.754023e-05

--- Chunk 13245 (46/220) | Start: 2024-09-30 04:05:00 ---
    RMSE omega (GP): 0.003635 | RMSE omega (Sim): nan
    Loss: 41.3592 | Epoch: 9999
    Eq omega: 0.272661 + 0.01190theta + 0.18429omega + -0.12663theta^2 + -0.44657theta omega + -0.01374omega^2 + -0.57634theta^3 + 0.70796theta^2 omega + 0.86157theta omega^2 + -0.42504omega^3
    Eq omega Phys: -0.924173*omega**3 + 0.062444*omega**2*theta + 0.024697*omega**2 + 0.00171*omega*theta**2 - 0.002452*omega*theta + 0.004674*omega - 4.6e-5*theta**3 - 0.000101*theta**2 - 5.0e-5*theta + 0.001119
    Diffusion: theta=1.427959e-04, omega=1.785461e-05

--- Chunk 13246 (47/220) | Start: 2024-09-30 04:10:00 ---
    RMSE omega (GP): 0.003523 | RMSE omega (Sim): 0.199636
    Loss: 257.9462 | Epoch: 9999
    Eq omega: -0.149111 + 0.00920theta + 0.03119omega + -0.00049theta^2 + -0.00509theta omega + -0.00055omega^2 + 0.00012theta^3 + 0.00007theta^2 omega + 0.00090theta omega^2 + 0.00049omega^3
    Eq omega Phys: 0.006571*omega**3 + 0.000402*omega**2*theta + 0.006721*omega**2 + 1.0e-6*omega*theta**2 - 7.7e-5*omega*theta - 0.000635*omega + 3.0e-6*theta**2 + 5.3e-5*theta + 0.000145
    Diffusion: theta=1.654701e-04, omega=6.751926e-06

--- Chunk 13247 (48/220) | Start: 2024-09-30 04:15:00 ---
    RMSE omega (GP): 0.003698 | RMSE omega (Sim): 0.068921
    Loss: 72.4443 | Epoch: 7250
    Eq omega: -0.178681 + -0.06012theta + -0.01732omega + 0.03026theta^2 + 0.14887theta omega + 0.16645omega^2 + -0.32058theta^3 + -0.34307theta^2 omega + 0.01331theta omega^2 + -0.08217omega^3
    Eq omega Phys: -0.30307*omega**3 + 0.001636*omega**2*theta + 0.064539*omega**2 - 0.001406*omega*theta**2 - 0.008872*omega*theta - 0.014035*omega - 4.4e-5*theta**3 - 0.000484*theta**2 - 0.001849*theta - 0.003004
    Diffusion: theta=8.467993e-05, omega=9.357647e-06

--- Chunk 13248 (49/220) | Start: 2024-09-30 04:20:00 ---
    RMSE omega (GP): 0.003688 | RMSE omega (Sim): 0.137190
    Loss: 65.6815 | Epoch: 6145
    Eq omega: -0.016371 + -0.07321theta + -0.19615omega + 0.44056theta^2 + 0.06026theta omega + -0.48271omega^2 + -0.36534theta^3 + 0.00026theta^2 omega + 0.22161theta omega^2 + -0.01887omega^3
    Eq omega Phys: -0.062846*omega**3 + 0.024602*omega**2*theta - 0.05508*omega**2 + 1.0e-6*omega*theta**2 + 0.000678*omega*theta - 0.003644*omega - 4.5e-5*theta**3 - 0.000418*theta**2 - 0.001177*theta - 0.00097
    Diffusion: theta=1.711513e-04, omega=1.320400e-05

--- Chunk 13249 (50/220) | Start: 2024-09-30 04:25:00 ---
    RMSE omega (GP): 0.003913 | RMSE omega (Sim): 0.150589
    Loss: 70.1557 | Epoch: 5042
    Eq omega: -0.124251 + -0.42015theta + -0.00485omega + 0.81077theta^2 + 0.74125theta omega + -0.21740omega^2 + -1.38969theta^3 + 0.38678theta^2 omega + -0.09503theta omega^2 + -0.10253omega^3
    Eq omega Phys: -0.326668*omega**3 - 0.010092*omega**2*theta - 0.10909*omega**2 + 0.001369*omega*theta**2 + 0.018429*omega*theta + 0.050009*omega - 0.000164*theta**3 - 0.001571*theta**2 - 0.005306*theta - 0.006899
    Diffusion: theta=1.698323e-04, omega=1.189638e-05

  [Progress 50/220] Mean RMSE omega (GP): 0.004791 | (Sim): 0.152407 | Mean loss: 6089.3521 | Valid GP: 36/50 | Valid Sim: 35/50 | Elapsed: 133.5min | ETA: 453.8min

--- Chunk 13250 (51/220) | Start: 2024-09-30 04:30:00 ---
    RMSE omega (GP): 0.005327 | RMSE omega (Sim): 0.103157
    Loss: 198.5058 | Epoch: 9999
    Eq omega: 0.014421 + -0.04312theta + -0.01194omega + 0.00788theta^2 + -0.01625theta omega + -0.00538omega^2 + -0.00167theta^3 + -0.00030theta^2 omega + -0.00441theta omega^2 + -0.00399omega^3
    Eq omega Phys: -0.018167*omega**3 - 0.000669*omega**2*theta + 0.007273*omega**2 - 2.0e-6*omega*theta**2 - 0.000169*omega*theta + 0.002258*omega + 1.5e-5*theta**2 - 0.000309*theta + 0.002152
    Diffusion: theta=2.689665e-04, omega=1.183877e-05

--- Chunk 13251 (52/220) | Start: 2024-09-30 04:35:00 ---
    RMSE omega (GP): 0.003852 | RMSE omega (Sim): 0.055408
    Loss: 242.0021 | Epoch: 9999
    Eq omega: 0.006671 + -0.00371theta + -0.01701omega + 0.01181theta^2 + -0.00405theta omega + -0.02165omega^2 + -0.00056theta^3 + 0.00205theta^2 omega + -0.00128theta omega^2 + -0.05357omega^3
    Eq omega Phys: -0.571244*omega**3 - 0.000455*omega**2*theta - 0.005808*omega**2 + 2.4e-5*omega*theta**2 - 0.000838*omega*theta + 0.006602*omega + 1.8e-5*theta**2 - 0.00041*theta + 0.002822
    Diffusion: theta=9.443513e-05, omega=1.145369e-05

--- Chunk 13252 (53/220) | Start: 2024-09-30 04:40:00 ---
    RMSE omega (GP): 0.003637 | RMSE omega (Sim): 0.083003
    Loss: 154.0823 | Epoch: 9999
    Eq omega: 0.010941 + 0.00008theta + -0.03136omega + -0.00567theta^2 + -0.00253theta omega + -0.00670omega^2 + -0.00002theta^3 + -0.00048theta^2 omega + 0.00122theta omega^2 + -0.00503omega^3
    Eq omega Phys: -0.038204*omega**3 + 0.000309*omega**2*theta - 0.006779*omega**2 - 4.0e-6*omega*theta**2 + 4.7e-5*omega*theta - 0.00107*omega - 3.0e-6*theta**2 + 6.8e-5*theta - 0.000355
    Diffusion: theta=2.424807e-04, omega=1.081167e-05

--- Chunk 13253 (54/220) | Start: 2024-09-30 04:45:00 ---
    RMSE omega (GP): 0.003360 | RMSE omega (Sim): 0.137412
    Loss: 60.0462 | Epoch: 9999
    Eq omega: 0.059581 + 0.00485theta + -0.00861omega + 0.00190theta^2 + 0.00180theta omega + 0.00930omega^2 + -0.00363theta^3 + 0.00072theta^2 omega + 0.00754theta omega^2 + -0.00411omega^3
    Eq omega Phys: -0.014751*omega**3 + 0.000902*omega**2*theta - 0.011961*omega**2 + 3.0e-6*omega*theta**2 - 7.6e-5*omega*theta + 0.000177*omega + 2.5e-5*theta**2 - 0.000429*theta + 0.002606
    Diffusion: theta=3.280754e-04, omega=1.373982e-05

--- Chunk 13254 (55/220) | Start: 2024-09-30 05:00:00 ---
    RMSE omega (GP): 0.003229 | RMSE omega (Sim): 0.060248
    Loss: 54.2596 | Epoch: 7230
    Eq omega: 0.885941 + -2.95773theta + -0.61300omega + -0.02594theta^2 + 0.57988theta omega + -0.29691omega^2 + -0.03346theta^3 + -0.00471theta^2 omega + 0.03055theta omega^2 + -0.15368omega^3
    Eq omega Phys: -0.55906*omega**3 + 0.003705*omega**2*theta - 0.135751*omega**2 - 1.9e-5*omega*theta**2 + 0.007064*omega*theta - 0.080683*omega - 5.0e-6*theta**3 + 0.000108*theta**2 - 0.004143*theta + 0.033773
    Diffusion: theta=1.451799e-04, omega=1.014859e-05

--- Chunk 13255 (56/220) | Start: 2024-09-30 05:05:00 ---
/pfs/data6/home/ka/ka_iai/ka_bj2362/dsr/svise/run_analysis_5min_all_chunks_combo5.py:212: ODEintWarning: Excess work done on this call (perhaps wrong Dfun type). Run with full_output = 1 to get quantitative information.
  sol_scaled = odeint(drift, x0_scaled, t_scaled, full_output=False)
    RMSE omega (GP): 0.003548 | RMSE omega (Sim): nan
    Loss: 122.3393 | Epoch: 4753
    Eq omega: 0.025851 + -0.31075theta + 0.07723omega + 0.35474theta^2 + -0.06408theta omega + -0.07391omega^2 + -0.30522theta^3 + 0.22880theta^2 omega + -0.12917theta omega^2 + 0.02826omega^3
    Eq omega Phys: 0.183249*omega**3 - 0.02792*omega**2*theta + 0.030586*omega**2 + 0.001648*omega*theta**2 - 0.008663*omega*theta + 0.013805*omega - 7.3e-5*theta**3 + 0.000695*theta**2 - 0.002388*theta + 0.002779
    Diffusion: theta=9.711870e-05, omega=1.198532e-05

--- Chunk 13256 (57/220) | Start: 2024-09-30 05:10:00 ---
    RMSE omega (GP): 0.003592 | RMSE omega (Sim): 0.075713
    Loss: 120.6191 | Epoch: 6257
    Eq omega: 0.014451 + -1.20131theta + 0.12072omega + 0.53240theta^2 + -0.69122theta omega + 0.17186omega^2 + -0.28081theta^3 + 0.19474theta^2 omega + -0.14932theta omega^2 + 0.01653omega^3
    Eq omega Phys: 0.103082*omega**3 - 0.031039*omega**2*theta + 0.09524*omega**2 + 0.001349*omega*theta**2 - 0.011973*omega*theta + 0.010138*omega - 6.5e-5*theta**3 + 0.000376*theta**2 - 0.001686*theta + 0.000852
    Diffusion: theta=1.144366e-04, omega=9.592934e-06

--- Chunk 13257 (58/220) | Start: 2024-09-30 05:15:00 ---
    RMSE omega (GP): 0.003766 | RMSE omega (Sim): 0.092062
    Loss: 99.8397 | Epoch: 7133
    Eq omega: -0.234051 + -0.31442theta + 0.01895omega + 0.16789theta^2 + 0.43342theta omega + -0.06442omega^2 + -0.04507theta^3 + 0.06216theta^2 omega + -0.85745theta omega^2 + 0.20117omega^3
    Eq omega Phys: 0.953358*omega**3 - 0.13545*omega**2*theta + 0.273024*omega**2 + 0.000327*omega*theta**2 + 0.004299*omega*theta - 0.010437*omega - 8.0e-6*theta**3 + 0.000126*theta**2 - 0.000792*theta + 0.000561
    Diffusion: theta=1.020278e-04, omega=1.215728e-05

--- Chunk 13258 (59/220) | Start: 2024-09-30 05:20:00 ---
    RMSE omega (GP): 0.003988 | RMSE omega (Sim): nan
    Loss: 239.0670 | Epoch: 9999
    Eq omega: 0.079831 + -0.01861theta + 0.12451omega + 0.00005theta^2 + -0.01057theta omega + 0.06566omega^2 + -0.00091theta^3 + -0.00012theta^2 omega + -0.00327theta omega^2 + 0.00989omega^3
    Eq omega Phys: 0.094874*omega**3 - 0.001046*omega**2*theta + 0.052946*omega**2 - 1.0e-6*omega*theta**2 - 0.000161*omega*theta + 0.006871*omega + 1.5e-5*theta**2 - 0.000244*theta + 0.001596
    Diffusion: theta=2.925778e-04, omega=8.783148e-06

--- Chunk 13259 (60/220) | Start: 2024-09-30 05:25:00 ---
    RMSE omega (GP): nan | RMSE omega (Sim): nan
    Loss: 85193.8750 | Epoch: 1459
    Eq omega: nan1 + nantheta + nanomega + nantheta^2 + nantheta omega + nanomega^2 + nantheta^3 + nantheta^2 omega + nantheta omega^2 + nanomega^3
    Eq omega Phys: N/A
    Diffusion: theta=nan, omega=nan

--- Chunk 13260 (61/220) | Start: 2024-09-30 05:30:00 ---
    RMSE omega (GP): 0.005829 | RMSE omega (Sim): 0.108112
    Loss: 455.1022 | Epoch: 9999
    Eq omega: 0.015471 + 0.00068theta + 0.00722omega + 0.00125theta^2 + -0.00028theta omega + -0.00005omega^2 + -0.00004theta^3 + 0.00010theta^2 omega + 0.00001theta omega^2 + -0.00013omega^3
    Eq omega Phys: -0.001122*omega**3 + 3.0e-6*omega**2*theta - 9.2e-5*omega**2 + 1.0e-6*omega*theta**2 - 4.8e-5*omega*theta + 0.000842*omega + 2.0e-6*theta**2 - 5.2e-5*theta + 0.000542
    Diffusion: theta=2.965386e-04, omega=8.801295e-06

--- Chunk 13261 (62/220) | Start: 2024-09-30 05:35:00 ---
    RMSE omega (GP): 0.004028 | RMSE omega (Sim): 0.060769
    Loss: 164.9085 | Epoch: 9999
    Eq omega: -0.008171 + -0.05797theta + -0.00575omega + -0.00665theta^2 + 0.00076theta omega + -0.02368omega^2 + -0.00011theta^3 + -0.00006theta^2 omega + 0.00003theta omega^2 + -0.00651omega^3
    Eq omega Phys: -0.043659*omega**3 + 7.0e-6*omega**2*theta - 0.011299*omega**2 + 2.6e-5*omega*theta - 0.000481*omega - 2.0e-6*theta**2 + 2.4e-5*theta + 0.000245
    Diffusion: theta=2.113013e-04, omega=8.520889e-06

--- Chunk 13262 (63/220) | Start: 2024-09-30 05:40:00 ---
    RMSE omega (GP): 0.004269 | RMSE omega (Sim): 0.056021
    Loss: 349.9286 | Epoch: 9999
    Eq omega: 0.008181 + -0.00422theta + 0.05435omega + -0.01965theta^2 + -0.00379theta omega + 0.07455omega^2 + -0.00175theta^3 + 0.00100theta^2 omega + 0.00057theta omega^2 + -0.04646omega^3
    Eq omega Phys: -0.566474*omega**3 + 0.000232*omega**2*theta + 0.05116*omega**2 + 1.4e-5*omega*theta**2 + 0.000344*omega*theta + 0.00388*omega - 0.e-6*theta**3 - 5.1e-5*theta**2 - 0.001024*theta - 0.00653
    Diffusion: theta=3.063348e-04, omega=8.592555e-06

--- Chunk 13263 (64/220) | Start: 2024-09-30 05:45:00 ---
    RMSE omega (GP): 0.003551 | RMSE omega (Sim): nan
    Loss: 66.7596 | Epoch: 6018
    Eq omega: 0.135161 + -0.19004theta + -0.01779omega + 0.04827theta^2 + -0.17616theta omega + -0.08096omega^2 + -1.11508theta^3 + -0.05505theta^2 omega + 0.06689theta omega^2 + 0.10100omega^3
    Eq omega Phys: 0.370251*omega**3 + 0.008174*omega**2*theta - 0.005259*omega**2 - 0.000224*omega*theta**2 - 0.003317*omega*theta - 0.008161*omega - 0.000151*theta**3 - 0.001262*theta**2 - 0.003715*theta - 0.003408
    Diffusion: theta=1.798312e-04, omega=1.136681e-05

--- Chunk 13264 (65/220) | Start: 2024-09-30 05:50:00 ---
    RMSE omega (GP): 0.003945 | RMSE omega (Sim): 0.069052
    Loss: 91.2856 | Epoch: 8351
    Eq omega: 0.032041 + -0.00784theta + -0.22121omega + -0.00706theta^2 + 0.01844theta omega + 0.10705omega^2 + -0.03847theta^3 + 0.00543theta^2 omega + 0.01497theta omega^2 + -0.03190omega^3
    Eq omega Phys: -0.125781*omega**3 + 0.001968*omega**2*theta + 0.05841*omega**2 + 2.4e-5*omega*theta**2 + 0.000697*omega*theta - 0.002793*omega - 6.0e-6*theta**3 - 0.000171*theta**2 - 0.001738*theta - 0.005825
    Diffusion: theta=2.282423e-04, omega=1.287322e-05

--- Chunk 13265 (66/220) | Start: 2024-09-30 05:55:00 ---
    RMSE omega (GP): 0.004303 | RMSE omega (Sim): 0.087590
    Loss: 131.7290 | Epoch: 9999
    Eq omega: 0.006561 + -0.01337theta + 0.00005omega + 0.00726theta^2 + -0.00190theta omega + -0.01006omega^2 + -0.00069theta^3 + 0.00010theta^2 omega + 0.00073theta omega^2 + -0.01367omega^3
    Eq omega Phys: -0.063264*omega**3 + 0.000113*omega**2*theta - 0.004962*omega**2 + 1.0e-6*omega*theta**2 - 3.4e-5*omega*theta + 0.000266*omega + 6.0e-6*theta**2 - 0.0001*theta + 0.000493
    Diffusion: theta=2.830659e-04, omega=1.511276e-05

--- Chunk 13266 (67/220) | Start: 2024-09-30 06:00:00 ---
    RMSE omega (GP): nan | RMSE omega (Sim): nan
    Loss: 16936.1602 | Epoch: 1051
    Eq omega: nan1 + nantheta + nanomega + nantheta^2 + nantheta omega + nanomega^2 + nantheta^3 + nantheta^2 omega + nantheta omega^2 + nanomega^3
    Eq omega Phys: N/A
    Diffusion: theta=nan, omega=nan

--- Chunk 13267 (68/220) | Start: 2024-09-30 06:05:00 ---
    RMSE omega (GP): nan | RMSE omega (Sim): nan
    Loss: 153547.9688 | Epoch: 1024
    Eq omega: nan1 + nantheta + nanomega + nantheta^2 + nantheta omega + nanomega^2 + nantheta^3 + nantheta^2 omega + nantheta omega^2 + nanomega^3
    Eq omega Phys: N/A
    Diffusion: theta=nan, omega=nan

--- Chunk 13268 (69/220) | Start: 2024-09-30 06:10:00 ---
    RMSE omega (GP): nan | RMSE omega (Sim): nan
    Loss: 49093.2891 | Epoch: 1372
    Eq omega: nan1 + nantheta + nanomega + nantheta^2 + nantheta omega + nanomega^2 + nantheta^3 + nantheta^2 omega + nantheta omega^2 + nanomega^3
    Eq omega Phys: N/A
    Diffusion: theta=nan, omega=nan

--- Chunk 13269 (70/220) | Start: 2024-09-30 06:15:00 ---
    RMSE omega (GP): 0.004201 | RMSE omega (Sim): 0.106669
    Loss: 62.4095 | Epoch: 9536
    Eq omega: 0.059131 + -0.18541theta + 0.03547omega + -0.25534theta^2 + 0.37937theta omega + 0.12827omega^2 + -0.04873theta^3 + 0.10002theta^2 omega + 0.01112theta omega^2 + -0.04603omega^3
    Eq omega Phys: -0.112684*omega**3 + 0.000907*omega**2*theta + 0.025554*omega**2 + 0.000272*omega*theta**2 - 0.003036*omega*theta - 0.002337*omega - 4.0e-6*theta**3 + 8.1e-5*theta**2 - 0.000204*theta - 0.001293
    Diffusion: theta=3.228092e-04, omega=2.048085e-05

--- Chunk 13270 (71/220) | Start: 2024-09-30 06:20:00 ---
    RMSE omega (GP): 0.004066 | RMSE omega (Sim): 0.071979
    Loss: 94.2803 | Epoch: 9999
    Eq omega: 0.020781 + -0.02771theta + -0.03803omega + 0.05832theta^2 + -0.00450theta omega + -0.00101omega^2 + -0.00093theta^3 + -0.00213theta^2 omega + 0.00100theta omega^2 + -0.00129omega^3
    Eq omega Phys: -0.004873*omega**3 + 0.000126*omega**2*theta + 0.001643*omega**2 - 9.0e-6*omega*theta**2 - 0.000337*omega*theta - 0.004371*omega + 1.7e-5*theta**2 + 0.000601*theta + 0.00486
    Diffusion: theta=2.711168e-04, omega=1.295071e-05

--- Chunk 13271 (72/220) | Start: 2024-09-30 06:25:00 ---
    RMSE omega (GP): 0.003394 | RMSE omega (Sim): 0.080460
    Loss: 82.9047 | Epoch: 6125
    Eq omega: -0.053181 + -0.23564theta + -0.14097omega + -0.31981theta^2 + 0.56146theta omega + -0.05484omega^2 + -0.71353theta^3 + 0.34038theta^2 omega + -0.04145theta omega^2 + -0.01231omega^3
    Eq omega Phys: -0.06009*omega**3 - 0.006744*omega**2*theta - 0.006266*omega**2 + 0.001846*omega*theta**2 - 0.001131*omega*theta - 0.012244*omega - 0.000129*theta**3 + 0.000766*theta**2 - 0.001727*theta + 0.001353
    Diffusion: theta=1.204219e-04, omega=9.660565e-06

--- Chunk 13272 (73/220) | Start: 2024-09-30 06:30:00 ---
    RMSE omega (GP): nan | RMSE omega (Sim): nan
    Loss: 1438.3792 | Epoch: 3535
    Eq omega: nan1 + nantheta + nanomega + nantheta^2 + nantheta omega + nanomega^2 + nantheta^3 + nantheta^2 omega + nantheta omega^2 + nanomega^3
    Eq omega Phys: N/A
    Diffusion: theta=nan, omega=nan

--- Chunk 13273 (74/220) | Start: 2024-09-30 06:35:00 ---
    RMSE omega (GP): nan | RMSE omega (Sim): nan
    Loss: 19145.6387 | Epoch: 1148
    Eq omega: nan1 + nantheta + nanomega + nantheta^2 + nantheta omega + nanomega^2 + nantheta^3 + nantheta^2 omega + nantheta omega^2 + nanomega^3
    Eq omega Phys: N/A
    Diffusion: theta=nan, omega=nan

--- Chunk 13274 (75/220) | Start: 2024-09-30 06:40:00 ---
    RMSE omega (GP): 0.003021 | RMSE omega (Sim): 0.098280
    Loss: 77.9702 | Epoch: 9999
    Eq omega: 0.004081 + -0.01960theta + -0.03441omega + -0.16134theta^2 + 0.15599theta omega + 0.11373omega^2 + -0.05654theta^3 + -0.01014theta^2 omega + 0.12550theta omega^2 + -0.01524omega^3
    Eq omega Phys: -0.084726*omega**3 + 0.023257*omega**2*theta - 0.092561*omega**2 - 6.3e-5*omega*theta**2 + 0.003001*omega*theta - 0.017087*omega - 1.2e-5*theta**3 + 0.000135*theta**2 - 0.000376*theta - 9.1e-5
    Diffusion: theta=2.809245e-04, omega=8.331213e-06

--- Chunk 13275 (76/220) | Start: 2024-09-30 06:45:00 ---
    RMSE omega (GP): nan | RMSE omega (Sim): nan
    Loss: 7226.0190 | Epoch: 1079
    Eq omega: nan1 + nantheta + nanomega + nantheta^2 + nantheta omega + nanomega^2 + nantheta^3 + nantheta^2 omega + nantheta omega^2 + nanomega^3
    Eq omega Phys: N/A
    Diffusion: theta=nan, omega=nan

--- Chunk 13276 (77/220) | Start: 2024-09-30 06:50:00 ---
    RMSE omega (GP): nan | RMSE omega (Sim): nan
    Loss: 40436.3047 | Epoch: 1525
    Eq omega: nan1 + nantheta + nanomega + nantheta^2 + nantheta omega + nanomega^2 + nantheta^3 + nantheta^2 omega + nantheta omega^2 + nanomega^3
    Eq omega Phys: N/A
    Diffusion: theta=nan, omega=nan

--- Chunk 13277 (78/220) | Start: 2024-09-30 06:55:00 ---
    RMSE omega (GP): 0.008209 | RMSE omega (Sim): 0.057474
    Loss: 811.5507 | Epoch: 9999
    Eq omega: 0.006721 + -0.00248theta + 0.06206omega + -0.00274theta^2 + -0.00392theta omega + 0.00604omega^2 + -0.00014theta^3 + -0.00020theta^2 omega + -0.00276theta omega^2 + 0.00068omega^3
    Eq omega Phys: 0.005311*omega**3 - 0.000718*omega**2*theta + 0.018125*omega**2 - 2.0e-6*omega*theta**2 + 6.0e-6*omega*theta + 0.002704*omega + 1.0e-6*theta**2 + 9.0e-6*theta - 0.000237
    Diffusion: theta=2.728303e-04, omega=6.227965e-06

--- Chunk 13278 (79/220) | Start: 2024-09-30 07:00:00 ---
    RMSE omega (GP): nan | RMSE omega (Sim): nan
    Loss: 13323.6514 | Epoch: 1002
    Eq omega: nan1 + nantheta + nanomega + nantheta^2 + nantheta omega + nanomega^2 + nantheta^3 + nantheta^2 omega + nantheta omega^2 + nanomega^3
    Eq omega Phys: N/A
    Diffusion: theta=nan, omega=nan

--- Chunk 13279 (80/220) | Start: 2024-09-30 07:05:00 ---
    RMSE omega (GP): 0.003990 | RMSE omega (Sim): 0.093048
    Loss: 114.9339 | Epoch: 6700
    Eq omega: -0.048501 + -0.48858theta + -0.27104omega + -0.14034theta^2 + 0.30933theta omega + -0.00035omega^2 + -0.19770theta^3 + -0.02661theta^2 omega + -0.11948theta omega^2 + -0.07142omega^3
    Eq omega Phys: -0.356818*omega**3 - 0.019898*omega**2*theta + 0.118603*omega**2 - 0.000148*omega*theta**2 + 0.005971*omega*theta - 0.039407*omega - 3.7e-5*theta**3 + 0.000591*theta**2 - 0.003692*theta + 0.008617
    Diffusion: theta=6.985798e-05, omega=7.158559e-06

--- Chunk 13280 (81/220) | Start: 2024-09-30 07:10:00 ---
    RMSE omega (GP): 0.003593 | RMSE omega (Sim): nan
    Loss: 167.6931 | Epoch: 6327
    Eq omega: -0.377701 + -0.54785theta + -0.03752omega + 1.15489theta^2 + -0.00833theta omega + 0.20207omega^2 + -1.37177theta^3 + -0.01034theta^2 omega + 0.26344theta omega^2 + 0.25335omega^3
    Eq omega Phys: 2.188366*omega**3 + 0.075851*omega**2*theta + 0.040251*omega**2 - 9.9e-5*omega*theta**2 + 2.9e-5*omega*theta - 0.001197*omega - 0.000439*theta**3 + 0.001872*theta**2 - 0.00291*theta + 0.00064
    Diffusion: theta=9.540044e-05, omega=8.402114e-06

--- Chunk 13281 (82/220) | Start: 2024-09-30 07:15:00 ---
    RMSE omega (GP): 0.003702 | RMSE omega (Sim): 0.190711
    Loss: 63.7044 | Epoch: 8014
    Eq omega: -0.054201 + -0.76284theta + 0.04421omega + 0.09355theta^2 + 0.01680theta omega + -0.00787omega^2 + -0.00538theta^3 + 0.01736theta^2 omega + 0.02162theta omega^2 + 0.05982omega^3
    Eq omega Phys: 0.191552*omega**3 + 0.002308*omega**2*theta - 0.006533*omega**2 + 6.2e-5*omega*theta**2 - 2.9e-5*omega*theta + 0.001342*omega - 0.e-6*theta**3 + 3.7e-5*theta**2 - 0.00097*theta + 0.001374
    Diffusion: theta=2.002600e-04, omega=1.169985e-05

--- Chunk 13282 (83/220) | Start: 2024-09-30 07:20:00 ---
    RMSE omega (GP): 0.004379 | RMSE omega (Sim): 0.133141
    Loss: 149.4905 | Epoch: 3349
    Eq omega: -0.083631 + -1.52809theta + -0.00297omega + -0.41864theta^2 + 0.00627theta omega + -0.02136omega^2 + -1.65511theta^3 + -0.02722theta^2 omega + -0.11709theta omega^2 + -0.01704omega^3
    Eq omega Phys: -0.088801*omega**3 - 0.02034*omega**2*theta + 0.04378*omega**2 - 0.000158*omega*theta**2 + 0.000904*omega*theta - 0.001382*omega - 0.000319*theta**3 + 0.002288*theta**2 - 0.007123*theta + 0.008425
    Diffusion: theta=nan, omega=nan

--- Chunk 13283 (84/220) | Start: 2024-09-30 07:25:00 ---
    RMSE omega (GP): 0.003730 | RMSE omega (Sim): 0.188017
    Loss: 82.2968 | Epoch: 7775
    Eq omega: 0.093961 + -0.30593theta + 0.04773omega + 0.18498theta^2 + -0.00431theta omega + 0.20380omega^2 + -0.06206theta^3 + -0.00944theta^2 omega + -0.12131theta omega^2 + 0.04178omega^3
    Eq omega Phys: 0.170425*omega**3 - 0.016495*omega**2*theta + 0.023321*omega**2 - 4.3e-5*omega*theta**2 - 0.000322*omega*theta + 0.001002*omega - 9.0e-6*theta**3 - 1.3e-5*theta**2 - 0.000141*theta - 0.000328
    Diffusion: theta=1.423652e-04, omega=9.996330e-06

--- Chunk 13284 (85/220) | Start: 2024-09-30 07:30:00 ---
    RMSE omega (GP): 0.003425 | RMSE omega (Sim): 0.168420
    Loss: 85.9361 | Epoch: 9726
    Eq omega: 0.033931 + 0.03442theta + 0.00260omega + -0.00861theta^2 + -0.01497theta omega + 0.01407omega^2 + -0.02709theta^3 + -0.01002theta^2 omega + 0.01452theta omega^2 + 0.01593omega^3
    Eq omega Phys: 0.079245*omega**3 + 0.002408*omega**2*theta - 0.013563*omega**2 - 5.5e-5*omega*theta**2 + 0.000684*omega*theta - 0.001841*omega - 5.0e-6*theta**3 + 0.000116*theta**2 - 0.000861*theta + 0.002104
    Diffusion: theta=1.517679e-04, omega=8.638630e-06

--- Chunk 13285 (86/220) | Start: 2024-09-30 07:35:00 ---
    RMSE omega (GP): 0.003949 | RMSE omega (Sim): 0.124742
    Loss: 375.2153 | Epoch: 9999
    Eq omega: 0.044741 + -0.00125theta + 0.04359omega + 0.00042theta^2 + 0.00362theta omega + -0.00069omega^2 + -0.00189theta^3 + 0.00011theta^2 omega + 0.00600theta omega^2 + 0.00158omega^3
    Eq omega Phys: 0.024206*omega**3 + 0.003064*omega**2*theta - 0.04471*omega**2 + 2.0e-6*omega*theta**2 + 3.2e-5*omega*theta + 0.000599*omega - 1.0e-6*theta**3 + 4.7e-5*theta**2 - 0.000681*theta + 0.003382
    Diffusion: theta=2.469145e-04, omega=6.060222e-06

--- Chunk 13286 (87/220) | Start: 2024-09-30 07:40:00 ---
    RMSE omega (GP): 0.002941 | RMSE omega (Sim): 0.077348
    Loss: 90.7578 | Epoch: 6851
    Eq omega: -0.101521 + -0.01490theta + 0.02113omega + 0.05090theta^2 + 0.12827theta omega + -0.00053omega^2 + -0.06589theta^3 + -0.00692theta^2 omega + -0.06977theta omega^2 + 0.01840omega^3
    Eq omega Phys: 0.128828*omega**3 - 0.016283*omega**2*theta - 0.069739*omega**2 - 5.4e-5*omega*theta**2 + 0.001606*omega*theta + 0.008538*omega - 1.7e-5*theta**3 - 0.000191*theta**2 - 0.000717*theta - 0.001134
    Diffusion: theta=1.236852e-04, omega=8.286166e-06

--- Chunk 13287 (88/220) | Start: 2024-09-30 07:45:00 ---
 lsoda--  warning..internal t (=r1) and h (=r2) are  
       such that in the machine, t + h = t on the next step  
       (h = step size). solver will continue anyway  
      in above,  r1 =  0.5427697986481D+01   r2 =  0.3666728850985D-15
 lsoda--  warning..internal t (=r1) and h (=r2) are  
       such that in the machine, t + h = t on the next step  
       (h = step size). solver will continue anyway  
      in above,  r1 =  0.5427697986481D+01   r2 =  0.3666728850985D-15
 lsoda--  warning..internal t (=r1) and h (=r2) are  
       such that in the machine, t + h = t on the next step  
       (h = step size). solver will continue anyway  
      in above,  r1 =  0.5427697986481D+01   r2 =  0.3666728850985D-15
 lsoda--  warning..internal t (=r1) and h (=r2) are  
       such that in the machine, t + h = t on the next step  
       (h = step size). solver will continue anyway  
      in above,  r1 =  0.5427697986481D+01   r2 =  0.3013561263096D-15
 lsoda--  warning..internal t (=r1) and h (=r2) are  
       such that in the machine, t + h = t on the next step  
       (h = step size). solver will continue anyway  
      in above,  r1 =  0.5427697986481D+01   r2 =  0.3013561263096D-15
 lsoda--  warning..internal t (=r1) and h (=r2) are  
       such that in the machine, t + h = t on the next step  
       (h = step size). solver will continue anyway  
      in above,  r1 =  0.5427697986481D+01   r2 =  0.3013561263096D-15
 lsoda--  warning..internal t (=r1) and h (=r2) are  
       such that in the machine, t + h = t on the next step  
       (h = step size). solver will continue anyway  
      in above,  r1 =  0.5427697986481D+01   r2 =  0.2476744765518D-15
 lsoda--  warning..internal t (=r1) and h (=r2) are  
       such that in the machine, t + h = t on the next step  
       (h = step size). solver will continue anyway  
      in above,  r1 =  0.5427697986481D+01   r2 =  0.2476744765518D-15
 lsoda--  warning..internal t (=r1) and h (=r2) are  
       such that in the machine, t + h = t on the next step  
       (h = step size). solver will continue anyway  
      in above,  r1 =  0.5427697986481D+01   r2 =  0.2476744765518D-15
 lsoda--  warning..internal t (=r1) and h (=r2) are  
       such that in the machine, t + h = t on the next step  
       (h = step size). solver will continue anyway  
      in above,  r1 =  0.5427697986481D+01   r2 =  0.2035553319679D-15
 lsoda--  above warning has been issued i1 times.    
       it will not be issued again for this problem  
      in above message,  i1 =        10
 lsoda--  warning..internal t (=r1) and h (=r2) are  
       such that in the machine, t + h = t on the next step  
       (h = step size). solver will continue anyway  
      in above,  r1 =  0.4058064366594D+01   r2 =  0.4373693615829D-15
 lsoda--  warning..internal t (=r1) and h (=r2) are  
       such that in the machine, t + h = t on the next step  
       (h = step size). solver will continue anyway  
      in above,  r1 =  0.4058064366594D+01   r2 =  0.4373693615829D-15
 lsoda--  warning..internal t (=r1) and h (=r2) are  
       such that in the machine, t + h = t on the next step  
       (h = step size). solver will continue anyway  
      in above,  r1 =  0.4058064366594D+01   r2 =  0.4373693615829D-15
 lsoda--  warning..internal t (=r1) and h (=r2) are  
       such that in the machine, t + h = t on the next step  
       (h = step size). solver will continue anyway  
      in above,  r1 =  0.4058064366594D+01   r2 =  0.3594591846475D-15
 lsoda--  warning..internal t (=r1) and h (=r2) are  
       such that in the machine, t + h = t on the next step  
       (h = step size). solver will continue anyway  
      in above,  r1 =  0.4058064366594D+01   r2 =  0.3594591846475D-15
 lsoda--  warning..internal t (=r1) and h (=r2) are  
       such that in the machine, t + h = t on the next step  
       (h = step size). solver will continue anyway  
      in above,  r1 =  0.4058064366594D+01   r2 =  0.3594591846475D-15
 lsoda--  warning..internal t (=r1) and h (=r2) are  
       such that in the machine, t + h = t on the next step  
    RMSE omega (GP): 0.003460 | RMSE omega (Sim): nan
    Loss: -10119314.0000 | Epoch: 4657
    Eq omega: -0.024221 + -0.98651theta + 0.12558omega + 0.07742theta^2 + 0.31591theta omega + 0.02461omega^2 + -0.35330theta^3 + -0.40883theta^2 omega + 0.05134theta omega^2 + 0.32800omega^3
    Eq omega Phys: 1.577313*omega**3 + 0.00823*omega**2*theta + 0.000381*omega**2 - 0.002184*omega*theta**2 + 0.009245*omega*theta - 0.003561*omega - 6.3e-5*theta**3 + 0.000252*theta**2 - 0.001426*theta + 0.001336
    Diffusion: theta=1.099069e-07, omega=1.226546e-05

--- Chunk 13288 (89/220) | Start: 2024-09-30 07:50:00 ---
    RMSE omega (GP): 0.003277 | RMSE omega (Sim): 0.120004
    Loss: 87.5843 | Epoch: 9999
    Eq omega: -0.114851 + 0.02404theta + -0.04013omega + 0.01245theta^2 + -0.02657theta omega + 0.00037omega^2 + -0.03523theta^3 + -0.00327theta^2 omega + 0.14301theta omega^2 + -0.02273omega^3
    Eq omega Phys: -0.119754*omega**3 + 0.025115*omega**2*theta + 0.38446*omega**2 - 1.9e-5*omega*theta**2 - 0.000957*omega*theta - 0.011499*omega - 7.0e-6*theta**3 - 0.00031*theta**2 - 0.004625*theta - 0.023168
    Diffusion: theta=3.041771e-04, omega=1.296122e-05

--- Chunk 13289 (90/220) | Start: 2024-09-30 07:55:00 ---
    RMSE omega (GP): nan | RMSE omega (Sim): nan
    Loss: 182.9979 | Epoch: 5014
    Eq omega: nan1 + nantheta + nanomega + nantheta^2 + nantheta omega + nanomega^2 + nantheta^3 + nantheta^2 omega + nantheta omega^2 + nanomega^3
    Eq omega Phys: N/A
    Diffusion: theta=nan, omega=nan

--- Chunk 13290 (91/220) | Start: 2024-09-30 08:00:00 ---
    RMSE omega (GP): nan | RMSE omega (Sim): nan
    Loss: 11819.5527 | Epoch: 1385
    Eq omega: nan1 + nantheta + nanomega + nantheta^2 + nantheta omega + nanomega^2 + nantheta^3 + nantheta^2 omega + nantheta omega^2 + nanomega^3
    Eq omega Phys: N/A
    Diffusion: theta=nan, omega=nan

--- Chunk 13291 (92/220) | Start: 2024-09-30 08:05:00 ---
    RMSE omega (GP): 0.003577 | RMSE omega (Sim): 0.135574
    Loss: 53.5187 | Epoch: 9999
    Eq omega: -0.396211 + 1.50952theta + 0.10000omega + 0.38908theta^2 + 0.01687theta omega + -0.26231omega^2 + -0.89185theta^3 + 0.00004theta^2 omega + 0.05206theta omega^2 + -0.08067omega^3
    Eq omega Phys: -0.242596*omega**3 + 0.005219*omega**2*theta - 0.110376*omega**2 + 0.000177*omega*theta + 0.002405*omega - 9.9e-5*theta**3 + 0.001697*theta**2 - 0.007927*theta + 0.007841
    Diffusion: theta=1.644809e-04, omega=7.572042e-06

--- Chunk 13292 (93/220) | Start: 2024-09-30 08:10:00 ---
    RMSE omega (GP): 0.003561 | RMSE omega (Sim): 0.111350
    Loss: 130.0020 | Epoch: 7963
    Eq omega: 0.004371 + -0.03258theta + -0.03093omega + 0.01553theta^2 + 0.00029theta omega + 0.01939omega^2 + -0.01183theta^3 + 0.00031theta^2 omega + -0.00126theta omega^2 + -0.00697omega^3
    Eq omega Phys: -0.047706*omega**3 - 0.000287*omega**2*theta + 0.006405*omega**2 + 2.0e-6*omega*theta**2 + 5.1e-5*omega*theta - 0.000752*omega - 3.0e-6*theta**3 - 8.1e-5*theta**2 - 0.000761*theta - 0.002479
    Diffusion: theta=1.653760e-04, omega=7.019572e-06

--- Chunk 13293 (94/220) | Start: 2024-09-30 08:15:00 ---
    RMSE omega (GP): 0.003248 | RMSE omega (Sim): 0.066206
    Loss: 107.7905 | Epoch: 9999
    Eq omega: 0.141031 + -0.43367theta + -0.09523omega + 0.02846theta^2 + -0.00658theta omega + 0.01598omega^2 + -0.00060theta^3 + -0.00253theta^2 omega + 0.02188theta omega^2 + -0.02550omega^3
    Eq omega Phys: -0.17398*omega**3 + 0.004976*omega**2*theta + 0.059026*omega**2 - 1.9e-5*omega*theta**2 - 0.000501*omega*theta - 0.006302*omega + 1.0e-5*theta**2 - 0.000219*theta - 0.003207
    Diffusion: theta=7.282502e-05, omega=9.553778e-06

--- Chunk 13294 (95/220) | Start: 2024-09-30 08:20:00 ---
    RMSE omega (GP): 0.003676 | RMSE omega (Sim): nan
    Loss: 66.4955 | Epoch: 9999
    Eq omega: -0.006541 + -0.34473theta + 0.05342omega + -0.12779theta^2 + -0.04645theta omega + 0.22304omega^2 + -0.01423theta^3 + 0.00241theta^2 omega + 0.06247theta omega^2 + 0.01633omega^3
    Eq omega Phys: 0.055037*omega**3 + 0.007018*omega**2*theta - 0.002489*omega**2 + 9.0e-6*omega*theta**2 - 0.000718*omega*theta + 0.008586*omega - 2.0e-6*theta**3 + 1.1e-5*theta**2 + 1.9e-5*theta + 0.000797
    Diffusion: theta=2.465979e-04, omega=8.887440e-06

--- Chunk 13295 (96/220) | Start: 2024-09-30 08:25:00 ---
    RMSE omega (GP): 0.005045 | RMSE omega (Sim): 0.082110
    Loss: 322.5950 | Epoch: 9999
    Eq omega: 0.056311 + -0.01680theta + -0.02094omega + 0.01480theta^2 + 0.00167theta omega + -0.00255omega^2 + -0.00178theta^3 + -0.00031theta^2 omega + -0.00038theta omega^2 + -0.00409omega^3
    Eq omega Phys: -0.032489*omega**3 - 0.000101*omega**2*theta + 0.000398*omega**2 - 3.0e-6*omega*theta**2 + 0.000122*omega*theta - 0.001975*omega - 0.e-6*theta**3 + 3.5e-5*theta**2 - 0.00076*theta + 0.005453
    Diffusion: theta=4.045876e-04, omega=6.974874e-06

--- Chunk 13296 (97/220) | Start: 2024-09-30 08:30:00 ---
    RMSE omega (GP): nan | RMSE omega (Sim): nan
    Loss: 4569201.0000 | Epoch: 764
    Eq omega: nan1 + nantheta + nanomega + nantheta^2 + nantheta omega + nanomega^2 + nantheta^3 + nantheta^2 omega + nantheta omega^2 + nanomega^3
    Eq omega Phys: N/A
    Diffusion: theta=nan, omega=nan

--- Chunk 13297 (98/220) | Start: 2024-09-30 08:35:00 ---
    RMSE omega (GP): nan | RMSE omega (Sim): nan
    Loss: 2756.4407 | Epoch: 1835
    Eq omega: nan1 + nantheta + nanomega + nantheta^2 + nantheta omega + nanomega^2 + nantheta^3 + nantheta^2 omega + nantheta omega^2 + nanomega^3
    Eq omega Phys: N/A
    Diffusion: theta=nan, omega=nan

--- Chunk 13298 (99/220) | Start: 2024-09-30 08:40:00 ---
    RMSE omega (GP): 0.003578 | RMSE omega (Sim): nan
    Loss: 149.4897 | Epoch: 9137
    Eq omega: 0.015631 + -0.07039theta + 0.06943omega + 0.04756theta^2 + -0.00310theta omega + 0.00575omega^2 + -0.00187theta^3 + 0.00526theta^2 omega + -0.00152theta omega^2 + -0.00034omega^3
    Eq omega Phys: -0.002631*omega**3 - 0.000392*omega**2*theta + 0.005946*omega**2 + 4.5e-5*omega*theta**2 - 0.00075*omega*theta + 0.005413*omega - 0.e-6*theta**3 + 3.9e-5*theta**2 - 0.000588*theta + 0.002483
    Diffusion: theta=7.957225e-05, omega=1.118377e-05

--- Chunk 13299 (100/220) | Start: 2024-09-30 08:45:00 ---
    RMSE omega (GP): 0.037969 | RMSE omega (Sim): 0.065941
    Loss: 15154.9854 | Epoch: 9999
    Eq omega: 0.004291 + 0.01087theta + 0.02107omega + -0.00253theta^2 + 0.02119theta omega + 0.00897omega^2 + 0.00278theta^3 + 0.00045theta^2 omega + 0.01929theta omega^2 + 0.00072omega^3
    Eq omega Phys: 0.00485*omega**3 + 0.004331*omega**2*theta - 0.055695*omega**2 + 3.0e-6*omega*theta**2 + 0.000241*omega*theta - 0.003285*omega + 1.0e-6*theta**3 - 3.0e-5*theta**2 + 0.000448*theta - 0.002251
    Diffusion: theta=1.920294e-04, omega=3.449000e-06

  [Progress 100/220] Mean RMSE omega (GP): 0.004831 | (Sim): 0.127604 | Mean loss: -48236.6304 | Valid GP: 73/100 | Valid Sim: 65/100 | Elapsed: 262.8min | ETA: 315.3min

--- Chunk 13300 (101/220) | Start: 2024-09-30 08:50:00 ---
    RMSE omega (GP): nan | RMSE omega (Sim): nan
    Loss: 20502.5410 | Epoch: 1163
    Eq omega: nan1 + nantheta + nanomega + nantheta^2 + nantheta omega + nanomega^2 + nantheta^3 + nantheta^2 omega + nantheta omega^2 + nanomega^3
    Eq omega Phys: N/A
    Diffusion: theta=nan, omega=nan

--- Chunk 13301 (102/220) | Start: 2024-09-30 08:55:00 ---
    RMSE omega (GP): nan | RMSE omega (Sim): nan
    Loss: 4275.6523 | Epoch: 2269
    Eq omega: nan1 + nantheta + nanomega + nantheta^2 + nantheta omega + nanomega^2 + nantheta^3 + nantheta^2 omega + nantheta omega^2 + nanomega^3
    Eq omega Phys: N/A
    Diffusion: theta=nan, omega=nan

--- Chunk 13302 (103/220) | Start: 2024-09-30 09:00:00 ---
    RMSE omega (GP): nan | RMSE omega (Sim): nan
    Loss: 12869.5879 | Epoch: 945
    Eq omega: nan1 + nantheta + nanomega + nantheta^2 + nantheta omega + nanomega^2 + nantheta^3 + nantheta^2 omega + nantheta omega^2 + nanomega^3
    Eq omega Phys: N/A
    Diffusion: theta=nan, omega=nan

--- Chunk 13303 (104/220) | Start: 2024-09-30 09:05:00 ---
    RMSE omega (GP): 0.007657 | RMSE omega (Sim): 0.092006
    Loss: 1627.1187 | Epoch: 9999
    Eq omega: -0.015471 + 0.00124theta + -0.01630omega + -0.00058theta^2 + 0.00011theta omega + -0.00116omega^2 + -0.00071theta^3 + -0.00020theta^2 omega + 0.00028theta omega^2 + -0.00034omega^3
    Eq omega Phys: -0.006092*omega**3 + 0.000167*omega**2*theta - 0.004119*omega**2 - 4.0e-6*omega*theta**2 + 0.000156*omega*theta - 0.002076*omega + 2.7e-5*theta**2 - 0.000504*theta + 0.003137
    Diffusion: theta=1.859358e-04, omega=4.456018e-06

--- Chunk 13304 (105/220) | Start: 2024-09-30 09:10:00 ---
    RMSE omega (GP): 0.003931 | RMSE omega (Sim): 0.058493
    Loss: 302.9240 | Epoch: 9999
    Eq omega: -0.037371 + -0.00922theta + -0.14967omega + 0.01642theta^2 + 0.00280theta omega + -0.06661omega^2 + 0.00006theta^3 + 0.00714theta^2 omega + 0.01028theta omega^2 + -0.00946omega^3
    Eq omega Phys: -0.12053*omega**3 + 0.004366*omega**2*theta - 0.112606*omega**2 + 0.000101*omega*theta**2 - 0.003143*omega*theta + 0.019438*omega + 1.1e-5*theta**2 - 0.000366*theta + 0.002973
    Diffusion: theta=1.677997e-04, omega=6.498054e-06

--- Chunk 13305 (106/220) | Start: 2024-09-30 09:15:00 ---
    RMSE omega (GP): 0.003103 | RMSE omega (Sim): 0.078716
    Loss: 118.3497 | Epoch: 8251
    Eq omega: 0.003871 + 0.00528theta + -0.14080omega + 0.00400theta^2 + 0.00684theta omega + -0.11487omega^2 + 0.00084theta^3 + -0.00271theta^2 omega + 0.00892theta omega^2 + -0.05572omega^3
    Eq omega Phys: -0.45042*omega**3 + 0.002404*omega**2*theta - 0.080498*omega**2 - 2.4e-5*omega*theta**2 + 0.000541*omega*theta - 0.007556*omega - 4.0e-6*theta**2 + 2.3e-5*theta - 3.3e-5
    Diffusion: theta=1.273213e-04, omega=1.118141e-05

--- Chunk 13306 (107/220) | Start: 2024-09-30 09:20:00 ---
    RMSE omega (GP): 0.004236 | RMSE omega (Sim): 0.119670
    Loss: 234.9464 | Epoch: 9999
    Eq omega: 0.011391 + -0.00087theta + 0.01381omega + -0.00022theta^2 + -0.00028theta omega + 0.00281omega^2 + -0.00004theta^3 + -0.00006theta^2 omega + -0.00104theta omega^2 + 0.00734omega^3
    Eq omega Phys: 0.061194*omega**3 - 0.000289*omega**2*theta + 0.006439*omega**2 - 0.e-6*omega*theta**2 + 1.4e-5*omega*theta + 0.000381*omega + 1.0e-6*theta**2 - 7.0e-6*theta + 6.5e-5
    Diffusion: theta=2.986327e-04, omega=8.552377e-06

--- Chunk 13307 (108/220) | Start: 2024-09-30 09:25:00 ---
    RMSE omega (GP): 0.003371 | RMSE omega (Sim): 0.086192
    Loss: 386.1434 | Epoch: 9999
    Eq omega: 0.164041 + 0.00159theta + 0.08380omega + 0.00010theta^2 + -0.00026theta omega + 0.00211omega^2 + -0.00022theta^3 + -0.00015theta^2 omega + 0.00046theta omega^2 + -0.00293omega^3
    Eq omega Phys: -0.064439*omega**3 + 0.000337*omega**2*theta - 0.001597*omega**2 - 4.0e-6*omega*theta**2 + 6.7e-5*omega*theta + 0.002495*omega + 6.0e-6*theta**2 - 5.5e-5*theta + 0.000389
    Diffusion: theta=1.422209e-04, omega=3.639465e-06

--- Chunk 13308 (109/220) | Start: 2024-09-30 09:30:00 ---
    RMSE omega (GP): nan | RMSE omega (Sim): nan
    Loss: 823.9910 | Epoch: 3945
    Eq omega: nan1 + nantheta + nanomega + nantheta^2 + nantheta omega + nanomega^2 + nantheta^3 + nantheta^2 omega + nantheta omega^2 + nanomega^3
    Eq omega Phys: N/A
    Diffusion: theta=nan, omega=nan

--- Chunk 13309 (110/220) | Start: 2024-09-30 09:35:00 ---
    RMSE omega (GP): nan | RMSE omega (Sim): nan
    Loss: 85562.1016 | Epoch: 852
    Eq omega: nan1 + nantheta + nanomega + nantheta^2 + nantheta omega + nanomega^2 + nantheta^3 + nantheta^2 omega + nantheta omega^2 + nanomega^3
    Eq omega Phys: N/A
    Diffusion: theta=nan, omega=nan

--- Chunk 13310 (111/220) | Start: 2024-09-30 09:40:00 ---
    RMSE omega (GP): 0.003757 | RMSE omega (Sim): 0.127360
    Loss: 112.8098 | Epoch: 9116
    Eq omega: 1.629431 + -0.00577theta + 0.03514omega + -0.12602theta^2 + -0.08530theta omega + 0.01684omega^2 + -0.00502theta^3 + -0.01131theta^2 omega + -0.02072theta omega^2 + -0.03127omega^3
    Eq omega Phys: -0.167733*omega**3 - 0.003705*omega**2*theta + 0.060134*omega**2 - 6.7e-5*omega*theta**2 + 0.000727*omega*theta + 0.004573*omega - 0.e-6*theta**3 - 1.6e-5*theta**2 + 0.001075*theta - 0.004828
    Diffusion: theta=9.427762e-05, omega=1.045089e-05

--- Chunk 13311 (112/220) | Start: 2024-09-30 09:45:00 ---
    RMSE omega (GP): 0.003674 | RMSE omega (Sim): 0.057180
    Loss: 221.3949 | Epoch: 9999
    Eq omega: 0.025571 + -0.00041theta + -0.05346omega + 0.00073theta^2 + 0.00099theta omega + -0.00895omega^2 + -0.00070theta^3 + 0.00096theta^2 omega + 0.00110theta omega^2 + -0.00001omega^3
    Eq omega Phys: -0.000107*omega**3 + 0.000392*omega**2*theta - 0.009654*omega**2 + 1.1e-5*omega*theta**2 - 0.000231*omega*theta - 0.000622*omega + 1.0e-5*theta**2 - 0.000111*theta + 0.000478
    Diffusion: theta=1.895967e-04, omega=9.439921e-06

--- Chunk 13312 (113/220) | Start: 2024-09-30 09:50:00 ---
    RMSE omega (GP): 0.003346 | RMSE omega (Sim): 0.082665
    Loss: 105.8276 | Epoch: 9999
    Eq omega: 0.015451 + 0.00880theta + -0.01382omega + -0.02130theta^2 + 0.00902theta omega + 0.00844omega^2 + -0.00938theta^3 + -0.00063theta^2 omega + 0.00416theta omega^2 + 0.00062omega^3
    Eq omega Phys: 0.003757*omega**3 + 0.00084*omega**2*theta - 0.0079*omega**2 - 4.0e-6*omega*theta**2 + 0.000253*omega*theta - 0.003162*omega - 2.0e-6*theta**3 + 7.7e-5*theta**2 - 0.000917*theta + 0.003515
    Diffusion: theta=2.927532e-04, omega=9.201011e-06

--- Chunk 13313 (114/220) | Start: 2024-09-30 09:55:00 ---
    RMSE omega (GP): 0.003563 | RMSE omega (Sim): 0.363493
    Loss: 97.9520 | Epoch: 9410
    Eq omega: 0.001311 + -0.18300theta + 0.00695omega + 0.08011theta^2 + -0.00122theta omega + 0.00544omega^2 + -0.00092theta^3 + -0.00247theta^2 omega + -0.00980theta omega^2 + -0.00115omega^3
    Eq omega Phys: -0.005986*omega**3 - 0.0017*omega**2*theta + 0.017049*omega**2 - 1.4e-5*omega*theta**2 + 0.000231*omega*theta - 0.000701*omega + 4.2e-5*theta**2 - 0.000888*theta + 0.00469
    Diffusion: theta=1.370771e-04, omega=9.511549e-06

--- Chunk 13314 (115/220) | Start: 2024-09-30 10:00:00 ---
    RMSE omega (GP): 0.004951 | RMSE omega (Sim): 0.061115
    Loss: 481.9441 | Epoch: 9999
    Eq omega: -0.006081 + -0.00066theta + -0.00101omega + 0.00010theta^2 + -0.00007theta omega + -0.00215omega^2 + -0.00021theta^3 + -0.00003theta^2 omega + 0.00002theta omega^2 + 0.00008omega^3
    Eq omega Phys: 0.000997*omega**3 + 8.0e-6*omega**2*theta - 0.00154*omega**2 + 1.4e-5*omega*theta - 0.000148*omega + 5.0e-6*theta**2 - 0.000103*theta + 0.000642
    Diffusion: theta=3.649074e-04, omega=6.367674e-06

--- Chunk 13315 (116/220) | Start: 2024-09-30 10:05:00 ---
    RMSE omega (GP): 0.003665 | RMSE omega (Sim): 0.080283
    Loss: 229.2132 | Epoch: 9999
    Eq omega: 0.032711 + 0.00322theta + 0.06196omega + -0.00292theta^2 + -0.00069theta omega + -0.00030omega^2 + -0.00008theta^3 + -0.00048theta^2 omega + -0.00020theta omega^2 + 0.00168omega^3
    Eq omega Phys: 0.018866*omega**3 - 7.5e-5*omega**2*theta + 0.00097*omega**2 - 6.0e-6*omega*theta**2 + 0.000171*omega*theta + 0.000859*omega + 4.1e-5*theta - 0.000346
    Diffusion: theta=1.499657e-04, omega=6.399751e-06

--- Chunk 13316 (117/220) | Start: 2024-09-30 10:10:00 ---
    RMSE omega (GP): nan | RMSE omega (Sim): nan
    Loss: 1667309.2500 | Epoch: 5
    Eq omega: nan1 + nantheta + nanomega + nantheta^2 + nantheta omega + nanomega^2 + nantheta^3 + nantheta^2 omega + nantheta omega^2 + nanomega^3
    Eq omega Phys: N/A
    Diffusion: theta=nan, omega=nan

--- Chunk 13317 (118/220) | Start: 2024-09-30 10:15:00 ---
    RMSE omega (GP): 0.003615 | RMSE omega (Sim): 0.069890
    Loss: 195.6299 | Epoch: 9999
    Eq omega: -0.015221 + -0.00606theta + 0.01710omega + -0.00520theta^2 + -0.00047theta omega + 0.00017omega^2 + 0.00004theta^3 + -0.00094theta^2 omega + 0.00014theta omega^2 + -0.00036omega^3
    Eq omega Phys: -0.003456*omega**3 + 4.5e-5*omega**2*theta - 0.000533*omega**2 - 1.0e-5*omega*theta**2 + 0.000273*omega*theta - 0.001285*omega - 4.0e-6*theta**2 + 9.4e-5*theta - 0.00062
    Diffusion: theta=1.998762e-04, omega=9.204473e-06

--- Chunk 13318 (119/220) | Start: 2024-09-30 10:20:00 ---
    RMSE omega (GP): 0.003834 | RMSE omega (Sim): 0.120190
    Loss: 74.5683 | Epoch: 7725
    Eq omega: 0.330761 + -0.70839theta + -0.01892omega + -0.22893theta^2 + 0.05696theta omega + 0.18681omega^2 + -0.00507theta^3 + 0.01282theta^2 omega + 0.05404theta omega^2 + -0.02904omega^3
    Eq omega Phys: -0.101234*omega**3 + 0.00628*omega**2*theta + 0.007783*omega**2 + 5.0e-5*omega*theta**2 - 0.000237*omega*theta - 0.002457*omega - 0.e-6*theta**3 - 6.9e-5*theta**2 + 0.000601*theta + 0.001676
    Diffusion: theta=2.927126e-05, omega=1.499907e-05

--- Chunk 13319 (120/220) | Start: 2024-09-30 10:25:00 ---
    RMSE omega (GP): nan | RMSE omega (Sim): nan
    Loss: 414.8866 | Epoch: 6389
    Eq omega: nan1 + nantheta + nanomega + nantheta^2 + nantheta omega + nanomega^2 + nantheta^3 + nantheta^2 omega + nantheta omega^2 + nanomega^3
    Eq omega Phys: N/A
    Diffusion: theta=nan, omega=nan

--- Chunk 13320 (121/220) | Start: 2024-09-30 10:30:00 ---
    RMSE omega (GP): 0.004451 | RMSE omega (Sim): 0.075105
    Loss: 340.1952 | Epoch: 9999
    Eq omega: -0.149551 + -0.00845theta + -0.01629omega + 0.00255theta^2 + -0.00291theta omega + 0.00308omega^2 + -0.00156theta^3 + 0.00136theta^2 omega + 0.00021theta omega^2 + -0.00394omega^3
    Eq omega Phys: -0.044738*omega**3 + 7.9e-5*omega**2*theta + 0.000645*omega**2 + 1.7e-5*omega*theta**2 - 0.000599*omega*theta + 0.004637*omega - 0.e-6*theta**3 + 3.3e-5*theta**2 - 0.000551*theta + 0.002858
    Diffusion: theta=1.446872e-04, omega=6.037264e-06

--- Chunk 13321 (122/220) | Start: 2024-09-30 10:35:00 ---
    RMSE omega (GP): 0.003693 | RMSE omega (Sim): 0.071011
    Loss: 199.2756 | Epoch: 9999
    Eq omega: -0.000071 + 0.00407theta + -0.01294omega + 0.00067theta^2 + -0.01007theta omega + 0.00217omega^2 + -0.00005theta^3 + -0.00067theta^2 omega + -0.00740theta omega^2 + 0.00394omega^3
    Eq omega Phys: 0.036723*omega**3 - 0.002299*omega**2*theta + 0.034763*omega**2 - 7.0e-6*omega*theta**2 + 1.5e-5*omega*theta + 0.000821*omega + 1.0e-6*theta**2 - 1.9e-5*theta + 7.6e-5
    Diffusion: theta=2.906312e-04, omega=8.286835e-06

--- Chunk 13322 (123/220) | Start: 2024-09-30 10:40:00 ---
    RMSE omega (GP): 0.003742 | RMSE omega (Sim): 0.125976
    Loss: 109.9574 | Epoch: 9999
    Eq omega: 1.605111 + -0.09471theta + -0.25585omega + -0.30740theta^2 + -0.16705theta omega + 0.08346omega^2 + -0.04093theta^3 + 0.00224theta^2 omega + -0.07415theta omega^2 + -0.07159omega^3
    Eq omega Phys: -0.373639*omega**3 - 0.0129*omega**2*theta + 0.178564*omega**2 + 1.3e-5*omega*theta**2 - 0.002612*omega*theta + 0.018966*omega - 8.0e-6*theta**3 + 0.000122*theta**2 + 0.000122*theta - 0.001294
    Diffusion: theta=1.572558e-04, omega=1.042123e-05

--- Chunk 13323 (124/220) | Start: 2024-09-30 10:45:00 ---
    RMSE omega (GP): 0.003694 | RMSE omega (Sim): 0.054722
    Loss: 307.3687 | Epoch: 9999
    Eq omega: 0.004131 + 0.00262theta + -0.09653omega + 0.00174theta^2 + -0.00365theta omega + -0.02632omega^2 + 0.00002theta^3 + 0.00028theta^2 omega + -0.00075theta omega^2 + -0.00751omega^3
    Eq omega Phys: -0.112035*omega**3 - 0.000373*omega**2*theta - 0.013475*omega**2 + 5.0e-6*omega*theta**2 - 0.000212*omega*theta - 0.001185*omega + 1.0e-6*theta**2 - 2.8e-5*theta + 0.000192
    Diffusion: theta=6.135383e-05, omega=5.951482e-06

--- Chunk 13324 (125/220) | Start: 2024-09-30 10:50:00 ---
    RMSE omega (GP): 0.003617 | RMSE omega (Sim): 0.068910
    Loss: 119.3758 | Epoch: 6840
    Eq omega: 0.347491 + -1.85546theta + -0.52231omega + -0.53167theta^2 + -0.02754theta omega + -0.06189omega^2 + 0.03422theta^3 + -0.06176theta^2 omega + -0.08478theta omega^2 + 0.00223omega^3
    Eq omega Phys: 0.0138*omega**3 - 0.017488*omega**2*theta + 0.096746*omega**2 - 0.000425*omega*theta**2 + 0.005647*omega*theta - 0.036079*omega + 8.0e-6*theta**3 - 0.000436*theta**2 + 0.002969*theta - 0.000961
    Diffusion: theta=8.394385e-05, omega=8.214262e-06

--- Chunk 13325 (126/220) | Start: 2024-09-30 10:55:00 ---
    RMSE omega (GP): 0.004076 | RMSE omega (Sim): 0.165748
    Loss: 267.0370 | Epoch: 9999
    Eq omega: 0.128681 + -0.01539theta + 0.00256omega + -0.00170theta^2 + 0.00761theta omega + -0.00394omega^2 + -0.00547theta^3 + -0.00191theta^2 omega + 0.01184theta omega^2 + 0.00049omega^3
    Eq omega Phys: 0.005017*omega**3 + 0.004041*omega**2*theta - 0.062638*omega**2 - 2.2e-5*omega*theta**2 + 0.000797*omega*theta - 0.006971*omega - 2.0e-6*theta**3 + 9.2e-5*theta**2 - 0.001371*theta + 0.007158
    Diffusion: theta=3.349150e-04, omega=7.202787e-06

--- Chunk 13326 (127/220) | Start: 2024-09-30 11:00:00 ---
    RMSE omega (GP): 0.003814 | RMSE omega (Sim): 0.140869
    Loss: 79.9483 | Epoch: 7288
    Eq omega: -0.041601 + -0.11443theta + 0.06831omega + -0.08670theta^2 + 0.02296theta omega + -0.11355omega^2 + -0.06461theta^3 + 0.04814theta^2 omega + 0.00442theta omega^2 + -0.02927omega^3
    Eq omega Phys: -0.106853*omega**3 + 0.000538*omega**2*theta - 0.044257*omega**2 + 0.000195*omega*theta**2 - 0.003107*omega*theta + 0.014545*omega - 9.0e-6*theta**3 + 0.000193*theta**2 - 0.001503*theta + 0.004091
    Diffusion: theta=3.548278e-04, omega=1.664521e-05

--- Chunk 13327 (128/220) | Start: 2024-09-30 11:05:00 ---
    RMSE omega (GP): 0.003571 | RMSE omega (Sim): 0.108555
    Loss: 56.5170 | Epoch: 9999
    Eq omega: -0.038181 + -0.47402theta + -0.01658omega + 0.02381theta^2 + 0.06463theta omega + 0.33679omega^2 + -0.01753theta^3 + -0.16780theta^2 omega + -0.05041theta omega^2 + 0.02574omega^3
    Eq omega Phys: 0.079904*omega**3 - 0.005216*omega**2*theta + 0.070737*omega**2 - 0.000579*omega*theta**2 - 0.007651*omega*theta - 0.025632*omega - 2.0e-6*theta**3 - 3.5e-5*theta**2 - 0.000718*theta - 0.004241
    Diffusion: theta=1.226495e-04, omega=8.618333e-06

--- Chunk 13328 (129/220) | Start: 2024-09-30 11:10:00 ---
    RMSE omega (GP): 0.003609 | RMSE omega (Sim): 0.066332
    Loss: 142.4741 | Epoch: 9999
    Eq omega: 0.042121 + -0.01326theta + 0.00574omega + 0.00405theta^2 + -0.00719theta omega + -0.02728omega^2 + -0.00057theta^3 + 0.00048theta^2 omega + -0.00515theta omega^2 + -0.02308omega^3
    Eq omega Phys: -0.166869*omega**3 - 0.001241*omega**2*theta - 0.007073*omega**2 + 4.0e-6*omega*theta**2 - 0.000157*omega*theta + 0.00089*omega + 5.0e-6*theta**2 - 4.9e-5*theta + 0.000248
    Diffusion: theta=1.301901e-04, omega=8.354455e-06

--- Chunk 13329 (130/220) | Start: 2024-09-30 11:15:00 ---
    RMSE omega (GP): 0.003399 | RMSE omega (Sim): nan
    Loss: 92.5968 | Epoch: 5779
    Eq omega: -0.200971 + -0.31017theta + 0.02376omega + 0.26376theta^2 + -0.04925theta omega + -0.01731omega^2 + -0.08172theta^3 + 0.00387theta^2 omega + 0.04020theta omega^2 + 0.15215omega^3
    Eq omega Phys: 0.859493*omega**3 + 0.00757*omega**2*theta - 0.034268*omega**2 + 2.4e-5*omega*theta**2 - 0.000884*omega*theta + 0.003614*omega - 1.7e-5*theta**3 + 0.000308*theta**2 - 0.001885*theta + 0.003048
    Diffusion: theta=7.978801e-05, omega=9.408418e-06

--- Chunk 13330 (131/220) | Start: 2024-09-30 11:20:00 ---
    RMSE omega (GP): 0.003566 | RMSE omega (Sim): 0.054032
    Loss: 116.5693 | Epoch: 9999
    Eq omega: -0.047261 + -0.04067theta + 0.02031omega + -0.00415theta^2 + 0.01783theta omega + 0.02425omega^2 + -0.00288theta^3 + -0.00108theta^2 omega + 0.00293theta omega^2 + 0.00048omega^3
    Eq omega Phys: 0.002825*omega**3 + 0.000575*omega**2*theta + 0.015851*omega**2 - 7.0e-6*omega*theta**2 + 0.000138*omega*theta + 0.002459*omega - 0.e-6*theta**3 - 1.9e-5*theta**2 - 0.00023*theta - 0.001123
    Diffusion: theta=1.955849e-04, omega=1.266547e-05

--- Chunk 13331 (132/220) | Start: 2024-09-30 11:25:00 ---
    RMSE omega (GP): 0.003784 | RMSE omega (Sim): 0.098227
    Loss: 165.4517 | Epoch: 4958
    Eq omega: -0.004321 + -1.65732theta + -0.02190omega + 0.27113theta^2 + 0.32087theta omega + 0.12973omega^2 + -0.34533theta^3 + 0.00288theta^2 omega + 0.05251theta omega^2 + -0.15506omega^3
    Eq omega Phys: -1.186052*omega**3 + 0.013388*omega**2*theta + 0.108971*omega**2 + 2.4e-5*omega*theta**2 + 0.00556*omega*theta + 0.017061*omega - 9.8e-5*theta**3 - 0.000801*theta**2 - 0.003947*theta - 0.007732
    Diffusion: theta=1.639273e-04, omega=1.112648e-05

--- Chunk 13332 (133/220) | Start: 2024-09-30 11:30:00 ---
    RMSE omega (GP): nan | RMSE omega (Sim): nan
    Loss: 3441.5823 | Epoch: 1106
    Eq omega: nan1 + nantheta + nanomega + nantheta^2 + nantheta omega + nanomega^2 + nantheta^3 + nantheta^2 omega + nantheta omega^2 + nanomega^3
    Eq omega Phys: N/A
    Diffusion: theta=nan, omega=nan

--- Chunk 13333 (134/220) | Start: 2024-09-30 11:35:00 ---
    RMSE omega (GP): nan | RMSE omega (Sim): nan
    Loss: 682.7379 | Epoch: 1782
    Eq omega: nan1 + nantheta + nanomega + nantheta^2 + nantheta omega + nanomega^2 + nantheta^3 + nantheta^2 omega + nantheta omega^2 + nanomega^3
    Eq omega Phys: N/A
    Diffusion: theta=nan, omega=nan

--- Chunk 13334 (135/220) | Start: 2024-09-30 11:40:00 ---
    RMSE omega (GP): 0.003963 | RMSE omega (Sim): nan
    Loss: 162.9547 | Epoch: 5488
    Eq omega: 0.236741 + -0.31818theta + -0.01617omega + -0.00004theta^2 + -0.13007theta omega + -0.04646omega^2 + -0.07082theta^3 + 0.06584theta^2 omega + 0.00212theta omega^2 + 0.04210omega^3
    Eq omega Phys: 0.289343*omega**3 + 0.000486*omega**2*theta - 0.019435*omega**2 + 0.000503*omega*theta**2 + 0.003727*omega*theta + 0.004228*omega - 1.8e-5*theta**3 - 0.000312*theta**2 - 0.002155*theta - 0.004955
    Diffusion: theta=1.521858e-04, omega=1.242371e-05

--- Chunk 13335 (136/220) | Start: 2024-09-30 11:45:00 ---
    RMSE omega (GP): nan | RMSE omega (Sim): nan
    Loss: 290764.9688 | Epoch: 5
    Eq omega: nan1 + nantheta + nanomega + nantheta^2 + nantheta omega + nanomega^2 + nantheta^3 + nantheta^2 omega + nantheta omega^2 + nanomega^3
    Eq omega Phys: N/A
    Diffusion: theta=nan, omega=nan

--- Chunk 13336 (137/220) | Start: 2024-09-30 11:50:00 ---
    RMSE omega (GP): 0.002951 | RMSE omega (Sim): 0.055338
    Loss: 86.1685 | Epoch: 6641
    Eq omega: -0.111601 + -0.28612theta + -0.14168omega + -0.07682theta^2 + 1.08898theta omega + 0.00062omega^2 + -1.24661theta^3 + -0.00297theta^2 omega + -0.09102theta omega^2 + -0.26181omega^3
    Eq omega Phys: -1.741382*omega**3 - 0.02018*omega**2*theta - 0.047298*omega**2 - 2.2e-5*omega*theta**2 + 0.016988*omega*theta + 0.035462*omega - 0.000307*theta**3 - 0.002213*theta**2 - 0.005631*theta - 0.005264
    Diffusion: theta=9.518964e-05, omega=7.193020e-06

--- Chunk 13337 (138/220) | Start: 2024-09-30 11:55:00 ---
    RMSE omega (GP): 0.003285 | RMSE omega (Sim): nan
    Loss: 137.5469 | Epoch: 9331
    Eq omega: -0.000781 + -0.01980theta + 0.26846omega + -0.02050theta^2 + 0.02378theta omega + 0.00424omega^2 + -0.00100theta^3 + 0.05124theta^2 omega + 0.00004theta omega^2 + 0.01617omega^3
    Eq omega Phys: 0.137192*omega**3 + 1.1e-5*omega**2*theta + 0.002318*omega**2 + 0.000483*omega*theta**2 + 0.00581*omega*theta + 0.02633*omega - 1.7e-5*theta**2 - 0.000186*theta - 0.000556
    Diffusion: theta=3.501731e-05, omega=1.012257e-05

--- Chunk 13338 (139/220) | Start: 2024-09-30 12:00:00 ---
    RMSE omega (GP): 0.003298 | RMSE omega (Sim): 0.058520
    Loss: 131.4128 | Epoch: 5526
    Eq omega: -0.039391 + -1.71081theta + -0.12969omega + -0.10247theta^2 + -0.06836theta omega + 0.01682omega^2 + -0.11325theta^3 + -1.38454theta^2 omega + -0.15769theta omega^2 + -0.03328omega^3
    Eq omega Phys: -0.266262*omega**3 - 0.042054*omega**2*theta - 0.143456*omega**2 - 0.012308*omega*theta**2 - 0.090232*omega*theta - 0.169671*omega - 3.4e-5*theta**3 - 0.000423*theta**2 - 0.003644*theta - 0.00932
    Diffusion: theta=1.538616e-04, omega=9.055190e-06

--- Chunk 13339 (140/220) | Start: 2024-09-30 12:05:00 ---
    RMSE omega (GP): 0.003360 | RMSE omega (Sim): 0.115444
    Loss: 61.4891 | Epoch: 8122
    Eq omega: -0.072601 + -0.18176theta + -0.02401omega + -0.00957theta^2 + -0.01345theta omega + -0.00059omega^2 + -0.00065theta^3 + -0.00067theta^2 omega + 0.00201theta omega^2 + -0.00434omega^3
    Eq omega Phys: -0.016297*omega**3 + 0.000252*omega**2*theta + 0.000997*omega**2 - 3.0e-6*omega*theta**2 - 0.000185*omega*theta - 0.001624*omega - 5.0e-6*theta**2 - 0.000244*theta - 0.001292
    Diffusion: theta=7.488559e-05, omega=1.233373e-05

--- Chunk 13340 (141/220) | Start: 2024-09-30 12:10:00 ---
    RMSE omega (GP): nan | RMSE omega (Sim): nan
    Loss: 12793.9072 | Epoch: 699
    Eq omega: nan1 + nantheta + nanomega + nantheta^2 + nantheta omega + nanomega^2 + nantheta^3 + nantheta^2 omega + nantheta omega^2 + nanomega^3
    Eq omega Phys: N/A
    Diffusion: theta=nan, omega=nan

--- Chunk 13341 (142/220) | Start: 2024-09-30 12:15:00 ---
    RMSE omega (GP): 0.003959 | RMSE omega (Sim): 0.090161
    Loss: 130.2193 | Epoch: 5264
    Eq omega: 0.050501 + -0.35720theta + 0.01695omega + -0.39316theta^2 + -0.61050theta omega + -0.25900omega^2 + -0.43541theta^3 + -0.18914theta^2 omega + 0.01848theta omega^2 + -0.03915omega^3
    Eq omega Phys: -0.220639*omega**3 + 0.003472*omega**2*theta - 0.124249*omega**2 - 0.001184*omega*theta**2 - 0.000638*omega*theta + 0.0169*omega - 9.1e-5*theta**3 + 0.000752*theta**2 - 0.002342*theta + 0.002987
    Diffusion: theta=1.122555e-04, omega=9.202875e-06

--- Chunk 13342 (143/220) | Start: 2024-09-30 12:20:00 ---
    RMSE omega (GP): 0.004019 | RMSE omega (Sim): 0.285839
    Loss: 136.0818 | Epoch: 8991
    Eq omega: -0.020701 + -0.00050theta + -0.00077omega + -0.00392theta^2 + 0.00143theta omega + 0.00271omega^2 + 0.00010theta^3 + 0.00056theta^2 omega + -0.00089theta omega^2 + -0.00293omega^3
    Eq omega Phys: -0.016482*omega**3 - 0.000167*omega**2*theta - 0.000633*omega**2 + 4.0e-6*omega*theta**2 + 9.6e-5*omega*theta + 0.000608*omega - 1.0e-6*theta**2 - 3.4e-5*theta - 0.000254
    Diffusion: theta=1.278807e-04, omega=9.045212e-06

--- Chunk 13343 (144/220) | Start: 2024-09-30 12:25:00 ---
    RMSE omega (GP): 0.003622 | RMSE omega (Sim): 0.078588
    Loss: 58.9645 | Epoch: 7551
    Eq omega: 0.457641 + -0.43128theta + 0.03227omega + -0.28249theta^2 + -0.24294theta omega + 0.18058omega^2 + -0.00072theta^3 + 0.01459theta^2 omega + -0.00513theta omega^2 + -0.10978omega^3
    Eq omega Phys: -0.353703*omega**3 - 0.000551*omega**2*theta + 0.056944*omega**2 + 5.2e-5*omega*theta**2 - 0.00223*omega*theta - 0.00883*omega - 0.000104*theta**2 - 0.001318*theta - 0.00209
    Diffusion: theta=1.074038e-04, omega=8.677020e-06

--- Chunk 13344 (145/220) | Start: 2024-09-30 12:30:00 ---
    RMSE omega (GP): 0.004020 | RMSE omega (Sim): 0.102789
    Loss: 136.2018 | Epoch: 9999
    Eq omega: 0.000211 + 0.00144theta + 0.00260omega + 0.00146theta^2 + -0.01322theta omega + 0.00176omega^2 + 0.00002theta^3 + -0.00557theta^2 omega + 0.00164theta omega^2 + -0.00335omega^3
    Eq omega Phys: -0.018669*omega**3 + 0.000305*omega**2*theta + 0.004831*omega**2 - 3.4e-5*omega*theta**2 - 0.001112*omega*theta - 0.008615*omega + 1.0e-6*theta**2 + 2.3e-5*theta + 0.000157
    Diffusion: theta=2.058911e-04, omega=1.030543e-05

--- Chunk 13345 (146/220) | Start: 2024-09-30 12:35:00 ---
    RMSE omega (GP): nan | RMSE omega (Sim): nan
    Loss: 10409.2822 | Epoch: 991
    Eq omega: nan1 + nantheta + nanomega + nantheta^2 + nantheta omega + nanomega^2 + nantheta^3 + nantheta^2 omega + nantheta omega^2 + nanomega^3
    Eq omega Phys: N/A
    Diffusion: theta=nan, omega=nan

--- Chunk 13346 (147/220) | Start: 2024-09-30 12:40:00 ---
    RMSE omega (GP): 0.003607 | RMSE omega (Sim): 0.088202
    Loss: 92.5876 | Epoch: 9830
    Eq omega: 0.030471 + -0.08195theta + 0.00968omega + -0.06178theta^2 + 0.01694theta omega + 0.13441omega^2 + -0.00077theta^3 + 0.00132theta^2 omega + -0.09545theta omega^2 + -0.08333omega^3
    Eq omega Phys: -0.397951*omega**3 - 0.015194*omega**2*theta + 0.001645*omega**2 + 7.0e-6*omega*theta**2 + 0.000273*omega*theta + 0.001175*omega - 2.9e-5*theta**2 - 0.000283*theta - 0.000553
    Diffusion: theta=1.643176e-04, omega=1.011873e-05

--- Chunk 13347 (148/220) | Start: 2024-09-30 12:45:00 ---
       (h = step size). solver will continue anyway  
      in above,  r1 =  0.4058064366594D+01   r2 =  0.2954274277373D-15
 lsoda--  warning..internal t (=r1) and h (=r2) are  
       such that in the machine, t + h = t on the next step  
       (h = step size). solver will continue anyway  
      in above,  r1 =  0.4058064366594D+01   r2 =  0.2954274277373D-15
 lsoda--  warning..internal t (=r1) and h (=r2) are  
       such that in the machine, t + h = t on the next step  
       (h = step size). solver will continue anyway  
      in above,  r1 =  0.4058064366594D+01   r2 =  0.2954274277373D-15
 lsoda--  warning..internal t (=r1) and h (=r2) are  
       such that in the machine, t + h = t on the next step  
       (h = step size). solver will continue anyway  
      in above,  r1 =  0.4058064366594D+01   r2 =  0.2428018779733D-15
 lsoda--  above warning has been issued i1 times.    
       it will not be issued again for this problem  
      in above message,  i1 =        10
 lsoda--  warning..internal t (=r1) and h (=r2) are  
       such that in the machine, t + h = t on the next step  
       (h = step size). solver will continue anyway  
      in above,  r1 =  0.3593922926907D+01   r2 =  0.1826977205142D-15
 lsoda--  warning..internal t (=r1) and h (=r2) are  
       such that in the machine, t + h = t on the next step  
       (h = step size). solver will continue anyway  
      in above,  r1 =  0.3593922926907D+01   r2 =  0.1826977205142D-15
 lsoda--  warning..internal t (=r1) and h (=r2) are  
       such that in the machine, t + h = t on the next step  
       (h = step size). solver will continue anyway  
      in above,  r1 =  0.3593922926907D+01   r2 =  0.1826977205142D-15
 lsoda--  warning..internal t (=r1) and h (=r2) are  
       such that in the machine, t + h = t on the next step  
       (h = step size). solver will continue anyway  
      in above,  r1 =  0.3593922926907D+01   r2 =  0.1501531190940D-15
 lsoda--  warning..internal t (=r1) and h (=r2) are  
       such that in the machine, t + h = t on the next step  
       (h = step size). solver will continue anyway  
      in above,  r1 =  0.3593922926907D+01   r2 =  0.1501531190940D-15
 lsoda--  warning..internal t (=r1) and h (=r2) are  
       such that in the machine, t + h = t on the next step  
       (h = step size). solver will continue anyway  
      in above,  r1 =  0.3593922926907D+01   r2 =  0.1501531190940D-15
 lsoda--  warning..internal t (=r1) and h (=r2) are  
       such that in the machine, t + h = t on the next step  
       (h = step size). solver will continue anyway  
      in above,  r1 =  0.3593922926907D+01   r2 =  0.1234058044521D-15
 lsoda--  warning..internal t (=r1) and h (=r2) are  
       such that in the machine, t + h = t on the next step  
       (h = step size). solver will continue anyway  
      in above,  r1 =  0.3593922926907D+01   r2 =  0.1234058044521D-15
 lsoda--  warning..internal t (=r1) and h (=r2) are  
       such that in the machine, t + h = t on the next step  
       (h = step size). solver will continue anyway  
      in above,  r1 =  0.3593922926907D+01   r2 =  0.1234058044521D-15
 lsoda--  warning..internal t (=r1) and h (=r2) are  
       such that in the machine, t + h = t on the next step  
       (h = step size). solver will continue anyway  
      in above,  r1 =  0.3593922926907D+01   r2 =  0.1014230850852D-15
 lsoda--  above warning has been issued i1 times.    
       it will not be issued again for this problem  
      in above message,  i1 =        10
 lsoda--  warning..internal t (=r1) and h (=r2) are  
       such that in the machine, t + h = t on the next step  
       (h = step size). solver will continue anyway  
      in above,  r1 =  0.7823550287015D+01   r2 =  0.3939986602519D-15
 lsoda--  warning..internal t (=r1) and h (=r2) are  
       such that in the machine, t + h = t on the next step  
       (h = step size). solver will continue anyway  
      in above,  r1 =  0.7823550287015D+01   r2 =  0.3939986602519D-15
 lsoda--  warning..internal t (=r1) and h (=r2) are  
       such that in the machine, t + h = t on the next step  
    RMSE omega (GP): 0.003200 | RMSE omega (Sim): nan
    Loss: 64.1677 | Epoch: 7346
    Eq omega: -0.004951 + -0.04899theta + 0.03671omega + -0.01635theta^2 + 0.00380theta omega + -0.00598omega^2 + -0.00036theta^3 + 0.00183theta^2 omega + 0.00301theta omega^2 + 0.00487omega^3
    Eq omega Phys: 0.020345*omega**3 + 0.000419*omega**2*theta + 0.001446*omega**2 + 8.0e-6*omega*theta**2 + 0.000196*omega*theta + 0.002292*omega - 8.0e-6*theta**2 - 0.000186*theta - 0.001052
    Diffusion: theta=1.592177e-04, omega=1.258797e-05

--- Chunk 13348 (149/220) | Start: 2024-09-30 12:50:00 ---
    RMSE omega (GP): nan | RMSE omega (Sim): nan
    Loss: 183.9950 | Epoch: 5455
    Eq omega: nan1 + nantheta + nanomega + nantheta^2 + nantheta omega + nanomega^2 + nantheta^3 + nantheta^2 omega + nantheta omega^2 + nanomega^3
    Eq omega Phys: N/A
    Diffusion: theta=nan, omega=nan

--- Chunk 13349 (150/220) | Start: 2024-09-30 12:55:00 ---
    RMSE omega (GP): nan | RMSE omega (Sim): nan
    Loss: 14029.6260 | Epoch: 1423
    Eq omega: nan1 + nantheta + nanomega + nantheta^2 + nantheta omega + nanomega^2 + nantheta^3 + nantheta^2 omega + nantheta omega^2 + nanomega^3
    Eq omega Phys: N/A
    Diffusion: theta=nan, omega=nan

  [Progress 150/220] Mean RMSE omega (GP): 0.004493 | (Sim): 0.119545 | Mean loss: -17948.1036 | Valid GP: 109/150 | Valid Sim: 97/150 | Elapsed: 394.5min | ETA: 184.1min

--- Chunk 13350 (151/220) | Start: 2024-09-30 13:00:00 ---
    RMSE omega (GP): nan | RMSE omega (Sim): nan
    Loss: 29820.5820 | Epoch: 1066
    Eq omega: nan1 + nantheta + nanomega + nantheta^2 + nantheta omega + nanomega^2 + nantheta^3 + nantheta^2 omega + nantheta omega^2 + nanomega^3
    Eq omega Phys: N/A
    Diffusion: theta=nan, omega=nan

--- Chunk 13351 (152/220) | Start: 2024-09-30 13:05:00 ---
    RMSE omega (GP): 0.003389 | RMSE omega (Sim): 0.111627
    Loss: 128.3839 | Epoch: 9091
    Eq omega: 0.239221 + -0.02590theta + -0.00479omega + 0.00809theta^2 + 0.01281theta omega + -0.00791omega^2 + -0.00165theta^3 + -0.00858theta^2 omega + 0.00817theta omega^2 + 0.04117omega^3
    Eq omega Phys: 0.305494*omega**3 + 0.002021*omega**2*theta + 0.015578*omega**2 - 7.1e-5*omega*theta**2 - 0.001154*omega*theta - 0.004705*omega - 9.0e-6*theta**2 - 6.9e-5*theta + 0.000265
    Diffusion: theta=9.873060e-05, omega=1.059196e-05

--- Chunk 13352 (153/220) | Start: 2024-09-30 13:10:00 ---
    RMSE omega (GP): 0.003654 | RMSE omega (Sim): 0.086654
    Loss: 80.8496 | Epoch: 8470
    Eq omega: -0.017621 + -0.27977theta + 0.09744omega + 0.25876theta^2 + 0.07944theta omega + -0.03033omega^2 + -0.55560theta^3 + -0.04243theta^2 omega + -0.00489theta omega^2 + 0.02142omega^3
    Eq omega Phys: 0.088668*omega**3 - 0.000675*omega**2*theta - 0.011488*omega**2 - 0.000195*omega*theta**2 + 0.000856*omega*theta + 0.003549*omega - 8.5e-5*theta**3 + 2.3e-5*theta**2 - 0.000268*theta - 0.000146
    Diffusion: theta=4.159020e-05, omega=1.445191e-05

--- Chunk 13353 (154/220) | Start: 2024-09-30 13:15:00 ---
    RMSE omega (GP): 0.004038 | RMSE omega (Sim): 0.131735
    Loss: 52.6352 | Epoch: 9999
    Eq omega: 0.038341 + -0.16441theta + 0.09062omega + 0.00832theta^2 + -0.00146theta omega + 0.02156omega^2 + -0.00131theta^3 + -0.00085theta^2 omega + -0.00075theta omega^2 + 0.07130omega^3
    Eq omega Phys: 0.155787*omega**3 - 5.5e-5*omega**2*theta + 0.00588*omega**2 - 2.0e-6*omega*theta**2 - 8.0e-6*omega*theta + 0.003033*omega + 3.0e-6*theta**2 - 0.000189*theta + 0.000367
    Diffusion: theta=3.487794e-04, omega=1.727056e-05

--- Chunk 13354 (155/220) | Start: 2024-09-30 13:20:00 ---
    RMSE omega (GP): nan | RMSE omega (Sim): nan
    Loss: 378956.5625 | Epoch: 1605
    Eq omega: nan1 + nantheta + nanomega + nantheta^2 + nantheta omega + nanomega^2 + nantheta^3 + nantheta^2 omega + nantheta omega^2 + nanomega^3
    Eq omega Phys: N/A
    Diffusion: theta=nan, omega=nan

--- Chunk 13355 (156/220) | Start: 2024-09-30 13:25:00 ---
    RMSE omega (GP): nan | RMSE omega (Sim): nan
    Loss: 348492.6875 | Epoch: 1471
    Eq omega: nan1 + nantheta + nanomega + nantheta^2 + nantheta omega + nanomega^2 + nantheta^3 + nantheta^2 omega + nantheta omega^2 + nanomega^3
    Eq omega Phys: N/A
    Diffusion: theta=nan, omega=nan

--- Chunk 13356 (157/220) | Start: 2024-09-30 13:30:00 ---
    RMSE omega (GP): nan | RMSE omega (Sim): nan
    Loss: 157005.2500 | Epoch: 1267
    Eq omega: nan1 + nantheta + nanomega + nantheta^2 + nantheta omega + nanomega^2 + nantheta^3 + nantheta^2 omega + nantheta omega^2 + nanomega^3
    Eq omega Phys: N/A
    Diffusion: theta=nan, omega=nan

--- Chunk 13357 (158/220) | Start: 2024-09-30 13:35:00 ---
    RMSE omega (GP): nan | RMSE omega (Sim): nan
    Loss: 502163.6250 | Epoch: 1653
    Eq omega: nan1 + nantheta + nanomega + nantheta^2 + nantheta omega + nanomega^2 + nantheta^3 + nantheta^2 omega + nantheta omega^2 + nanomega^3
    Eq omega Phys: N/A
    Diffusion: theta=nan, omega=nan

--- Chunk 13358 (159/220) | Start: 2024-09-30 13:40:00 ---
    RMSE omega (GP): nan | RMSE omega (Sim): nan
    Loss: 322830.3750 | Epoch: 658
    Eq omega: nan1 + nantheta + nanomega + nantheta^2 + nantheta omega + nanomega^2 + nantheta^3 + nantheta^2 omega + nantheta omega^2 + nanomega^3
    Eq omega Phys: N/A
    Diffusion: theta=nan, omega=nan

--- Chunk 13359 (160/220) | Start: 2024-09-30 13:45:00 ---
    RMSE omega (GP): nan | RMSE omega (Sim): nan
    Loss: 12723.9463 | Epoch: 1049
    Eq omega: nan1 + nantheta + nanomega + nantheta^2 + nantheta omega + nanomega^2 + nantheta^3 + nantheta^2 omega + nantheta omega^2 + nanomega^3
    Eq omega Phys: N/A
    Diffusion: theta=nan, omega=nan

--- Chunk 13360 (161/220) | Start: 2024-09-30 13:50:00 ---
    RMSE omega (GP): nan | RMSE omega (Sim): nan
    Loss: 33651.3555 | Epoch: 1111
    Eq omega: nan1 + nantheta + nanomega + nantheta^2 + nantheta omega + nanomega^2 + nantheta^3 + nantheta^2 omega + nantheta omega^2 + nanomega^3
    Eq omega Phys: N/A
    Diffusion: theta=nan, omega=nan

--- Chunk 13361 (162/220) | Start: 2024-09-30 13:55:00 ---
    RMSE omega (GP): nan | RMSE omega (Sim): nan
    Loss: 8117.3081 | Epoch: 836
    Eq omega: nan1 + nantheta + nanomega + nantheta^2 + nantheta omega + nanomega^2 + nantheta^3 + nantheta^2 omega + nantheta omega^2 + nanomega^3
    Eq omega Phys: N/A
    Diffusion: theta=nan, omega=nan

--- Chunk 13362 (163/220) | Start: 2024-09-30 14:00:00 ---
    RMSE omega (GP): 0.004326 | RMSE omega (Sim): 0.127863
    Loss: 78.9458 | Epoch: 9999
    Eq omega: -0.056901 + 0.00867theta + -0.42383omega + 0.47950theta^2 + 0.07285theta omega + -0.91700omega^2 + -0.15713theta^3 + -0.04980theta^2 omega + 0.14418theta omega^2 + -0.14473omega^3
    Eq omega Phys: -0.411709*omega**3 + 0.013671*omega**2*theta - 0.088273*omega**2 - 0.000157*omega*theta**2 - 0.003722*omega*theta - 0.035239*omega - 1.7e-5*theta**3 - 0.000541*theta**2 - 0.005343*theta - 0.014376
    Diffusion: theta=2.004471e-04, omega=1.451035e-05

--- Chunk 13363 (164/220) | Start: 2024-09-30 14:05:00 ---
    RMSE omega (GP): nan | RMSE omega (Sim): nan
    Loss: 92324.5703 | Epoch: 1250
    Eq omega: nan1 + nantheta + nanomega + nantheta^2 + nantheta omega + nanomega^2 + nantheta^3 + nantheta^2 omega + nantheta omega^2 + nanomega^3
    Eq omega Phys: N/A
    Diffusion: theta=nan, omega=nan

--- Chunk 13364 (165/220) | Start: 2024-09-30 14:10:00 ---
    RMSE omega (GP): nan | RMSE omega (Sim): nan
    Loss: 42409.8750 | Epoch: 2681
    Eq omega: nan1 + nantheta + nanomega + nantheta^2 + nantheta omega + nanomega^2 + nantheta^3 + nantheta^2 omega + nantheta omega^2 + nanomega^3
    Eq omega Phys: N/A
    Diffusion: theta=nan, omega=nan

--- Chunk 13365 (166/220) | Start: 2024-09-30 14:15:00 ---
    RMSE omega (GP): nan | RMSE omega (Sim): nan
    Loss: 52846.7422 | Epoch: 1206
    Eq omega: nan1 + nantheta + nanomega + nantheta^2 + nantheta omega + nanomega^2 + nantheta^3 + nantheta^2 omega + nantheta omega^2 + nanomega^3
    Eq omega Phys: N/A
    Diffusion: theta=nan, omega=nan

--- Chunk 13366 (167/220) | Start: 2024-09-30 14:20:00 ---
    RMSE omega (GP): 0.004201 | RMSE omega (Sim): 0.078814
    Loss: 95.1609 | Epoch: 5876
    Eq omega: -0.085871 + -0.97030theta + 0.00320omega + -0.00031theta^2 + -0.18820theta omega + -0.10019omega^2 + -0.20019theta^3 + -0.02702theta^2 omega + -0.04590theta omega^2 + 0.00357omega^3
    Eq omega Phys: 0.013146*omega**3 - 0.005634*omega**2*theta - 0.026579*omega**2 - 0.000111*omega*theta**2 - 0.001863*omega*theta + 0.003178*omega - 2.7e-5*theta**3 + 0.000124*theta**2 - 0.001265*theta + 0.001453
    Diffusion: theta=8.286357e-05, omega=1.395619e-05

--- Chunk 13367 (168/220) | Start: 2024-09-30 14:25:00 ---
    RMSE omega (GP): nan | RMSE omega (Sim): nan
    Loss: 806.4937 | Epoch: 4080
    Eq omega: nan1 + nantheta + nanomega + nantheta^2 + nantheta omega + nanomega^2 + nantheta^3 + nantheta^2 omega + nantheta omega^2 + nanomega^3
    Eq omega Phys: N/A
    Diffusion: theta=nan, omega=nan

--- Chunk 13368 (169/220) | Start: 2024-09-30 14:30:00 ---
    RMSE omega (GP): nan | RMSE omega (Sim): nan
    Loss: 195325.5938 | Epoch: 1138
    Eq omega: nan1 + nantheta + nanomega + nantheta^2 + nantheta omega + nanomega^2 + nantheta^3 + nantheta^2 omega + nantheta omega^2 + nanomega^3
    Eq omega Phys: N/A
    Diffusion: theta=nan, omega=nan

--- Chunk 13369 (170/220) | Start: 2024-09-30 14:35:00 ---
    RMSE omega (GP): 0.004285 | RMSE omega (Sim): 0.074116
    Loss: 184.1441 | Epoch: 9999
    Eq omega: -0.020441 + -0.00246theta + -0.00732omega + 0.00125theta^2 + -0.00012theta omega + -0.00113omega^2 + 0.00003theta^3 + 0.00007theta^2 omega + -0.00008theta omega^2 + -0.00077omega^3
    Eq omega Phys: -0.004928*omega**3 - 1.7e-5*omega**2*theta - 0.000279*omega**2 - 1.6e-5*omega*theta - 0.000116*omega - 1.7e-5*theta + 0.0001
    Diffusion: theta=2.982920e-04, omega=1.347877e-05

--- Chunk 13370 (171/220) | Start: 2024-09-30 14:40:00 ---
    RMSE omega (GP): 0.005103 | RMSE omega (Sim): 0.183338
    Loss: 367.0469 | Epoch: 9999
    Eq omega: 0.034501 + 0.01744theta + 0.01704omega + -0.00113theta^2 + 0.01144theta omega + 0.00224omega^2 + 0.00003theta^3 + 0.00021theta^2 omega + 0.00138theta omega^2 + -0.00065omega^3
    Eq omega Phys: -0.006002*omega**3 + 0.000425*omega**2*theta - 0.005679*omega**2 + 2.0e-6*omega*theta**2 + 0.000141*omega*theta - 0.002307*omega - 1.0e-6*theta**2 + 5.0e-5*theta - 0.000476
    Diffusion: theta=2.048148e-04, omega=8.134258e-06

--- Chunk 13371 (172/220) | Start: 2024-09-30 14:45:00 ---
    RMSE omega (GP): 0.003902 | RMSE omega (Sim): nan
    Loss: 113.9690 | Epoch: 7322
    Eq omega: -0.050981 + -0.03260theta + -0.00244omega + -0.01066theta^2 + 0.02496theta omega + 0.07057omega^2 + 0.00276theta^3 + 0.01556theta^2 omega + 0.00768theta omega^2 + -0.00343omega^3
    Eq omega Phys: -0.017561*omega**3 + 0.001311*omega**2*theta + 0.017555*omega**2 + 8.9e-5*omega*theta**2 - 0.001223*omega*theta + 0.003808*omega + 1.0e-6*theta**3 - 1.9e-5*theta**2 + 0.000173*theta - 0.000562
    Diffusion: theta=1.515541e-04, omega=9.387468e-06

--- Chunk 13372 (173/220) | Start: 2024-09-30 14:50:00 ---
    RMSE omega (GP): 0.004406 | RMSE omega (Sim): nan
    Loss: 240.5477 | Epoch: 9999
    Eq omega: 0.117731 + 0.00170theta + 0.16241omega + -0.00495theta^2 + 0.00035theta omega + 0.05051omega^2 + 0.00025theta^3 + -0.00464theta^2 omega + 0.00132theta omega^2 + 0.02315omega^3
    Eq omega Phys: 0.182772*omega**3 + 0.000347*omega**2*theta + 0.01908*omega**2 - 4.1e-5*omega*theta**2 + 0.001607*omega*theta - 0.010448*omega - 7.0e-6*theta**2 + 0.000198*theta - 0.00143
    Diffusion: theta=5.468002e-04, omega=5.859462e-06

--- Chunk 13373 (174/220) | Start: 2024-09-30 14:55:00 ---
    RMSE omega (GP): nan | RMSE omega (Sim): nan
    Loss: 9088.6875 | Epoch: 987
    Eq omega: nan1 + nantheta + nanomega + nantheta^2 + nantheta omega + nanomega^2 + nantheta^3 + nantheta^2 omega + nantheta omega^2 + nanomega^3
    Eq omega Phys: N/A
    Diffusion: theta=nan, omega=nan

--- Chunk 13374 (175/220) | Start: 2024-09-30 15:00:00 ---
    RMSE omega (GP): nan | RMSE omega (Sim): nan
    Loss: 447.7621 | Epoch: 6695
    Eq omega: nan1 + nantheta + nanomega + nantheta^2 + nantheta omega + nanomega^2 + nantheta^3 + nantheta^2 omega + nantheta omega^2 + nanomega^3
    Eq omega Phys: N/A
    Diffusion: theta=nan, omega=nan

--- Chunk 13375 (176/220) | Start: 2024-09-30 15:05:00 ---
    RMSE omega (GP): 0.005681 | RMSE omega (Sim): 0.056045
    Loss: 514.8034 | Epoch: 9999
    Eq omega: -0.007731 + 0.00073theta + -0.01312omega + -0.00004theta^2 + -0.00082theta omega + 0.00171omega^2 + 0.00000theta^3 + -0.00003theta^2 omega + -0.00014theta omega^2 + 0.00036omega^3
    Eq omega Phys: 0.003701*omega**3 - 4.8e-5*omega**2*theta + 0.001816*omega**2 - 4.0e-6*omega*theta - 0.000264*omega + 2.0e-6*theta - 3.6e-5
    Diffusion: theta=3.262693e-04, omega=7.071916e-06

--- Chunk 13376 (177/220) | Start: 2024-09-30 15:10:00 ---
    RMSE omega (GP): nan | RMSE omega (Sim): nan
    Loss: 27155.8711 | Epoch: 1167
    Eq omega: nan1 + nantheta + nanomega + nantheta^2 + nantheta omega + nanomega^2 + nantheta^3 + nantheta^2 omega + nantheta omega^2 + nanomega^3
    Eq omega Phys: N/A
    Diffusion: theta=nan, omega=nan

--- Chunk 13377 (178/220) | Start: 2024-09-30 15:15:00 ---
    RMSE omega (GP): 0.004814 | RMSE omega (Sim): 0.075939
    Loss: 232.6106 | Epoch: 9999
    Eq omega: -0.000581 + -0.00143theta + 0.00217omega + -0.00017theta^2 + 0.00047theta omega + 0.00409omega^2 + 0.00001theta^3 + -0.00012theta^2 omega + -0.00015theta omega^2 + -0.00084omega^3
    Eq omega Phys: -0.005296*omega**3 - 3.2e-5*omega**2*theta + 0.002309*omega**2 - 0.e-6*omega*theta**2 + 3.0e-5*omega*theta - 0.000186*omega + 2.0e-6*theta - 2.0e-6
    Diffusion: theta=4.756395e-04, omega=9.571426e-06

--- Chunk 13378 (179/220) | Start: 2024-09-30 15:20:00 ---
    RMSE omega (GP): 0.004545 | RMSE omega (Sim): 0.103904
    Loss: 176.4868 | Epoch: 9999
    Eq omega: 0.010581 + 0.00045theta + -0.01982omega + -0.00062theta^2 + 0.01058theta omega + -0.00609omega^2 + -0.00008theta^3 + 0.00023theta^2 omega + 0.00188theta omega^2 + -0.00208omega^3
    Eq omega Phys: -0.011699*omega**3 + 0.000352*omega**2*theta - 0.008569*omega**2 + 1.0e-6*omega*theta**2 + 0.000104*omega*theta - 0.002824*omega + 1.0e-6*theta**2 - 4.0e-6*theta + 1.4e-5
    Diffusion: theta=2.954098e-04, omega=1.323684e-05

--- Chunk 13379 (180/220) | Start: 2024-09-30 15:25:00 ---
    RMSE omega (GP): 0.004002 | RMSE omega (Sim): 0.085190
    Loss: 60.0741 | Epoch: 7659
    Eq omega: -0.160631 + -0.18834theta + -0.03306omega + -0.01686theta^2 + 0.01174theta omega + -0.03834omega^2 + -0.00721theta^3 + -0.00091theta^2 omega + -0.00009theta omega^2 + -0.01591omega^3
    Eq omega Phys: -0.042053*omega**3 - 8.0e-6*omega**2*theta - 0.011243*omega**2 - 3.0e-6*omega*theta**2 + 0.000209*omega*theta - 0.003929*omega - 0.e-6*theta**3 + 3.1e-5*theta**2 - 0.000656*theta + 0.005066
    Diffusion: theta=1.289694e-04, omega=1.331345e-05

--- Chunk 13380 (181/220) | Start: 2024-09-30 15:30:00 ---
    RMSE omega (GP): 0.003610 | RMSE omega (Sim): 0.097946
    Loss: 183.2041 | Epoch: 9999
    Eq omega: 0.078411 + -0.05255theta + 0.02070omega + 0.00397theta^2 + -0.00177theta omega + -0.00774omega^2 + -0.00381theta^3 + 0.00235theta^2 omega + -0.00219theta omega^2 + -0.00697omega^3
    Eq omega Phys: -0.064496*omega**3 - 0.000675*omega**2*theta + 0.002414*omega**2 + 2.4e-5*omega*theta**2 - 0.000513*omega*theta + 0.003402*omega - 1.0e-6*theta**3 + 4.1e-5*theta**2 - 0.000494*theta + 0.002261
    Diffusion: theta=1.534089e-04, omega=8.047228e-06

--- Chunk 13381 (182/220) | Start: 2024-09-30 15:35:00 ---
    RMSE omega (GP): 0.004665 | RMSE omega (Sim): 0.136930
    Loss: 120.1799 | Epoch: 9999
    Eq omega: 0.043601 + -0.02167theta + -0.01321omega + -0.02287theta^2 + -0.00672theta omega + 0.00620omega^2 + -0.01538theta^3 + -0.00543theta^2 omega + 0.00370theta omega^2 + -0.01016omega^3
    Eq omega Phys: -0.037536*omega**3 + 0.000456*omega**2*theta - 0.005187*omega**2 - 2.2e-5*omega*theta**2 + 0.000642*omega*theta - 0.00499*omega - 2.0e-6*theta**3 + 9.3e-5*theta**2 - 0.001384*theta + 0.007077
    Diffusion: theta=7.882257e-05, omega=1.642702e-05

--- Chunk 13382 (183/220) | Start: 2024-09-30 15:40:00 ---
    RMSE omega (GP): 0.003657 | RMSE omega (Sim): 0.139844
    Loss: 67.1958 | Epoch: 9999
    Eq omega: -0.212071 + 0.08194theta + 0.03463omega + 0.20040theta^2 + -0.05267theta omega + -0.14217omega^2 + -0.06224theta^3 + 0.00238theta^2 omega + 0.05518theta omega^2 + -0.19624omega^3
    Eq omega Phys: -0.671269*omega**3 + 0.006292*omega**2*theta - 0.07875*omega**2 + 9.0e-6*omega*theta**2 - 0.000681*omega*theta + 0.004267*omega - 8.0e-6*theta**3 + 0.000191*theta**2 - 0.001209*theta + 0.001573
    Diffusion: theta=3.073091e-04, omega=1.112786e-05

--- Chunk 13383 (184/220) | Start: 2024-09-30 15:45:00 ---
    RMSE omega (GP): 0.017567 | RMSE omega (Sim): 0.082083
    Loss: 2781.3518 | Epoch: 2288
    Eq omega: 0.011461 + -0.00963theta + 0.00917omega + 0.00270theta^2 + -0.00682theta omega + 0.00573omega^2 + -0.00019theta^3 + 0.00066theta^2 omega + -0.00306theta omega^2 + 0.00079omega^3
    Eq omega Phys: 0.004641*omega**3 - 0.000599*omega**2*theta + 0.00869*omega**2 + 4.0e-6*omega*theta**2 - 0.000189*omega*theta + 0.001793*omega + 3.0e-6*theta**2 - 5.1e-5*theta + 0.000324
    Diffusion: theta=nan, omega=nan

--- Chunk 13384 (185/220) | Start: 2024-09-30 15:50:00 ---
    RMSE omega (GP): 0.004990 | RMSE omega (Sim): 0.084290
    Loss: 590.4593 | Epoch: 9999
    Eq omega: 0.023961 + -0.00296theta + 0.01657omega + -0.00528theta^2 + -0.00074theta omega + 0.00144omega^2 + -0.00069theta^3 + 0.00008theta^2 omega + 0.00015theta omega^2 + -0.00063omega^3
    Eq omega Phys: -0.009496*omega**3 + 7.5e-5*omega**2*theta - 0.000626*omega**2 + 1.0e-6*omega*theta**2 - 7.6e-5*omega*theta + 0.001574*omega + 2.1e-5*theta**2 - 0.000373*theta + 0.002142
    Diffusion: theta=3.483643e-04, omega=5.486252e-06

--- Chunk 13385 (186/220) | Start: 2024-09-30 15:55:00 ---
    RMSE omega (GP): 0.004552 | RMSE omega (Sim): 0.077550
    Loss: 149.0259 | Epoch: 5656
    Eq omega: -0.028181 + -0.45276theta + -0.04551omega + 0.12210theta^2 + 0.17143theta omega + -0.02445omega^2 + -0.00163theta^3 + 0.00319theta^2 omega + -0.02328theta omega^2 + -0.00982omega^3
    Eq omega Phys: -0.047319*omega**3 - 0.003739*omega**2*theta - 0.018531*omega**2 + 1.7e-5*omega*theta**2 + 0.00237*omega*theta + 0.003924*omega + 5.2e-5*theta**2 - 0.000254*theta - 0.00096
    Diffusion: theta=6.817610e-05, omega=1.471771e-05

--- Chunk 13386 (187/220) | Start: 2024-09-30 16:00:00 ---
    RMSE omega (GP): 0.004284 | RMSE omega (Sim): nan
    Loss: 233.9231 | Epoch: 8471
    Eq omega: 0.148561 + -0.03095theta + 0.00898omega + 0.01139theta^2 + 0.00683theta omega + 0.03268omega^2 + -0.00032theta^3 + -0.00000theta^2 omega + 0.00137theta omega^2 + 0.01448omega^3
    Eq omega Phys: 0.123764*omega**3 + 0.00039*omega**2*theta + 0.014683*omega**2 + 0.000122*omega*theta - 0.00056*omega + 9.0e-6*theta**2 - 0.000145*theta + 0.000926
    Diffusion: theta=3.184528e-05, omega=8.781103e-06

--- Chunk 13387 (188/220) | Start: 2024-09-30 16:05:00 ---
    RMSE omega (GP): 0.004579 | RMSE omega (Sim): 0.078006
    Loss: 313.6740 | Epoch: 9999
    Eq omega: 0.024521 + -0.00194theta + 0.06254omega + 0.00094theta^2 + 0.00185theta omega + -0.00767omega^2 + -0.00070theta^3 + 0.00147theta^2 omega + -0.00375theta omega^2 + -0.00627omega^3
    Eq omega Phys: -0.061924*omega**3 - 0.001235*omega**2*theta + 0.015915*omega**2 + 1.6e-5*omega*theta**2 - 0.000496*omega*theta + 0.005871*omega + 1.3e-5*theta**2 - 0.00023*theta + 0.001386
    Diffusion: theta=1.907801e-04, omega=1.033215e-05

--- Chunk 13388 (189/220) | Start: 2024-09-30 16:10:00 ---
    RMSE omega (GP): nan | RMSE omega (Sim): nan
    Loss: 9074.2031 | Epoch: 939
    Eq omega: nan1 + nantheta + nanomega + nantheta^2 + nantheta omega + nanomega^2 + nantheta^3 + nantheta^2 omega + nantheta omega^2 + nanomega^3
    Eq omega Phys: N/A
    Diffusion: theta=nan, omega=nan

--- Chunk 13389 (190/220) | Start: 2024-09-30 16:15:00 ---
    RMSE omega (GP): 0.005838 | RMSE omega (Sim): 0.081024
    Loss: 102.0130 | Epoch: 8235
    Eq omega: -0.032021 + -0.01395theta + 0.03413omega + 0.02257theta^2 + -0.00064theta omega + -0.10699omega^2 + -0.05353theta^3 + -0.00783theta^2 omega + 0.06110theta omega^2 + -0.00733omega^3
    Eq omega Phys: -0.014912*omega**3 + 0.004143*omega**2*theta - 0.04026*omega**2 - 1.8e-5*omega*theta**2 + 0.0001*omega*theta + 0.000996*omega - 4.0e-6*theta**3 + 4.3e-5*theta**2 - 0.000163*theta + 7.6e-5
    Diffusion: theta=3.767428e-04, omega=1.605042e-05

--- Chunk 13390 (191/220) | Start: 2024-09-30 16:20:00 ---
    RMSE omega (GP): 0.004007 | RMSE omega (Sim): 0.156549
    Loss: 80.6163 | Epoch: 4987
    Eq omega: 0.007141 + -0.88263theta + 0.09753omega + 0.13448theta^2 + 0.24333theta omega + -0.53645omega^2 + -1.01987theta^3 + 0.02187theta^2 omega + -0.87424theta omega^2 + 0.00490omega^3
    Eq omega Phys: 0.017246*omega**3 - 0.102563*omega**2*theta - 0.046793*omega**2 + 8.6e-5*omega*theta**2 + 0.00255*omega*theta - 0.000306*omega - 0.000133*theta**3 + 0.000584*theta**2 - 0.001828*theta + 0.00174
    Diffusion: theta=1.245715e-04, omega=1.219391e-05

--- Chunk 13391 (192/220) | Start: 2024-09-30 16:25:00 ---
    RMSE omega (GP): 0.004602 | RMSE omega (Sim): 0.093546
    Loss: 310.9764 | Epoch: 9999
    Eq omega: -0.025701 + -0.00754theta + -0.11747omega + 0.00178theta^2 + -0.00197theta omega + -0.03771omega^2 + -0.00004theta^3 + 0.00010theta^2 omega + 0.00011theta omega^2 + -0.00781omega^3
    Eq omega Phys: -0.077193*omega**3 + 3.6e-5*omega**2*theta - 0.022134*omega**2 + 1.0e-6*omega*theta**2 - 6.7e-5*omega*theta - 0.003207*omega + 2.0e-6*theta**2 - 4.7e-5*theta + 0.000306
    Diffusion: theta=6.823695e-05, omega=7.107515e-06

--- Chunk 13392 (193/220) | Start: 2024-09-30 16:30:00 ---
    RMSE omega (GP): 0.004925 | RMSE omega (Sim): nan
    Loss: 89.3350 | Epoch: 8801
    Eq omega: -0.601231 + -0.91663theta + 0.10277omega + 0.23330theta^2 + 0.00077theta omega + 0.02822omega^2 + -0.02436theta^3 + -0.00592theta^2 omega + -0.00135theta omega^2 + 0.31878omega^3
    Eq omega Phys: 0.809132*omega**3 - 0.000114*omega**2*theta + 0.008621*omega**2 - 1.7e-5*omega*theta**2 + 0.000128*omega*theta + 0.003181*omega - 2.0e-6*theta**3 + 0.0001*theta**2 - 0.001653*theta + 0.002473
    Diffusion: theta=2.141523e-04, omega=1.181707e-05

--- Chunk 13393 (194/220) | Start: 2024-09-30 16:35:00 ---
    RMSE omega (GP): 0.005017 | RMSE omega (Sim): 0.106476
    Loss: 455.6178 | Epoch: 9999
    Eq omega: -0.019861 + -0.00008theta + -0.00148omega + -0.00865theta^2 + 0.00044theta omega + 0.00346omega^2 + -0.00002theta^3 + -0.00110theta^2 omega + -0.00021theta omega^2 + 0.00069omega^3
    Eq omega Phys: 0.008095*omega**3 - 8.2e-5*omega**2*theta + 0.003579*omega**2 - 1.4e-5*omega*theta**2 + 0.000503*omega*theta - 0.004464*omega - 6.0e-6*theta**2 + 0.000199*theta - 0.001774
    Diffusion: theta=2.694473e-04, omega=8.499876e-06

--- Chunk 13394 (195/220) | Start: 2024-09-30 16:40:00 ---
    RMSE omega (GP): nan | RMSE omega (Sim): nan
    Loss: 30494.5547 | Epoch: 1049
    Eq omega: nan1 + nantheta + nanomega + nantheta^2 + nantheta omega + nanomega^2 + nantheta^3 + nantheta^2 omega + nantheta omega^2 + nanomega^3
    Eq omega Phys: N/A
    Diffusion: theta=nan, omega=nan

--- Chunk 13395 (196/220) | Start: 2024-09-30 16:45:00 ---
    RMSE omega (GP): 0.004621 | RMSE omega (Sim): 0.165470
    Loss: 94.7896 | Epoch: 8345
    Eq omega: 0.007961 + -0.16204theta + 0.00979omega + 0.00950theta^2 + 0.00203theta omega + 0.00218omega^2 + 0.00119theta^3 + 0.00269theta^2 omega + -0.00514theta omega^2 + 0.00058omega^3
    Eq omega Phys: 0.001742*omega**3 - 0.000515*omega**2*theta + 0.00552*omega**2 + 9.0e-6*omega*theta**2 - 0.000147*omega*theta + 0.000916*omega - 0.000208*theta + 0.001902
    Diffusion: theta=1.781582e-04, omega=1.439358e-05

--- Chunk 13396 (197/220) | Start: 2024-09-30 16:50:00 ---
    RMSE omega (GP): 0.004733 | RMSE omega (Sim): 0.129621
    Loss: 183.4299 | Epoch: 8708
    Eq omega: 0.023701 + -0.08341theta + -0.14021omega + -0.00243theta^2 + -0.00369theta omega + 0.01314omega^2 + -0.00064theta^3 + 0.00016theta^2 omega + -0.00175theta omega^2 + -0.00519omega^3
    Eq omega Phys: -0.028012*omega**3 - 0.000315*omega**2*theta + 0.009953*omega**2 + 1.0e-6*omega*theta**2 - 7.9e-5*omega*theta - 0.003762*omega + 4.0e-6*theta**2 - 0.000135*theta + 0.001474
    Diffusion: theta=1.275531e-04, omega=1.566301e-05

--- Chunk 13397 (198/220) | Start: 2024-09-30 16:55:00 ---
    RMSE omega (GP): 0.005424 | RMSE omega (Sim): 0.179122
    Loss: 604.8671 | Epoch: 9999
    Eq omega: 0.016231 + -0.00480theta + -0.00118omega + 0.00582theta^2 + -0.00010theta omega + 0.00008omega^2 + -0.00021theta^3 + 0.00042theta^2 omega + 0.00032theta omega^2 + -0.00022omega^3
    Eq omega Phys: -0.002883*omega**3 + 0.00014*omega**2*theta - 0.002891*omega**2 + 6.0e-6*omega*theta**2 - 0.00026*omega*theta + 0.00272*omega + 1.1e-5*theta**2 - 0.000321*theta + 0.002988
    Diffusion: theta=2.935310e-04, omega=6.533534e-06

--- Chunk 13398 (199/220) | Start: 2024-09-30 17:00:00 ---
    RMSE omega (GP): 0.003166 | RMSE omega (Sim): 0.146888
    Loss: 88.9995 | Epoch: 9999
    Eq omega: -0.030661 + -0.01269theta + 0.06769omega + 0.00947theta^2 + -0.01983theta omega + -0.02987omega^2 + -0.02213theta^3 + 0.04573theta^2 omega + 0.00212theta omega^2 + -0.13593omega^3
    Eq omega Phys: -0.801642*omega**3 + 0.000417*omega**2*theta - 0.016353*omega**2 + 0.0003*omega*theta**2 - 0.004764*omega*theta + 0.021123*omega - 5.0e-6*theta**3 + 0.000113*theta**2 - 0.000891*theta + 0.002295
    Diffusion: theta=1.568361e-04, omega=1.006777e-05

--- Chunk 13399 (200/220) | Start: 2024-09-30 17:05:00 ---
    RMSE omega (GP): nan | RMSE omega (Sim): nan
    Loss: 11973.0469 | Epoch: 950
    Eq omega: nan1 + nantheta + nanomega + nantheta^2 + nantheta omega + nanomega^2 + nantheta^3 + nantheta^2 omega + nantheta omega^2 + nanomega^3
    Eq omega Phys: N/A
    Diffusion: theta=nan, omega=nan

  [Progress 200/220] Mean RMSE omega (GP): 0.004578 | (Sim): 0.117613 | Mean loss: -2088.6557 | Valid GP: 139/200 | Valid Sim: 123/200 | Elapsed: 509.9min | ETA: 51.0min

--- Chunk 13400 (201/220) | Start: 2024-09-30 17:10:00 ---
    RMSE omega (GP): nan | RMSE omega (Sim): nan
    Loss: 330.3132 | Epoch: 4997
    Eq omega: nan1 + nantheta + nanomega + nantheta^2 + nantheta omega + nanomega^2 + nantheta^3 + nantheta^2 omega + nantheta omega^2 + nanomega^3
    Eq omega Phys: N/A
    Diffusion: theta=nan, omega=nan

--- Chunk 13401 (202/220) | Start: 2024-09-30 17:15:00 ---
    RMSE omega (GP): 0.004159 | RMSE omega (Sim): 0.072955
    Loss: 73.8721 | Epoch: 6551
    Eq omega: 0.057471 + -0.09035theta + 0.01647omega + 0.05832theta^2 + -0.02641theta omega + 0.00969omega^2 + -0.01981theta^3 + 0.01185theta^2 omega + 0.00534theta omega^2 + -0.00243omega^3
    Eq omega Phys: -0.007185*omega**3 + 0.000526*omega**2*theta + 0.007241*omega**2 + 3.9e-5*omega*theta**2 + 0.000345*omega*theta + 0.000822*omega - 2.0e-6*theta**3 - 3.2e-5*theta**2 - 0.00019*theta - 0.000404
    Diffusion: theta=1.371840e-04, omega=1.178318e-05

--- Chunk 13402 (203/220) | Start: 2024-09-30 17:20:00 ---
    RMSE omega (GP): 0.004350 | RMSE omega (Sim): nan
    Loss: 84.0964 | Epoch: 6818
    Eq omega: -0.047191 + -0.00666theta + 0.00989omega + -0.04178theta^2 + 0.02875theta omega + 0.09320omega^2 + -0.01464theta^3 + -0.00551theta^2 omega + 0.00337theta omega^2 + 0.03201omega^3
    Eq omega Phys: 0.096825*omega**3 + 0.00034*omega**2*theta + 0.026214*omega**2 - 1.9e-5*omega*theta**2 + 0.000673*omega*theta - 0.00453*omega - 2.0e-6*theta**3 + 3.4e-5*theta**2 - 0.000201*theta + 6.4e-5
    Diffusion: theta=2.208221e-04, omega=1.268913e-05

--- Chunk 13403 (204/220) | Start: 2024-09-30 17:25:00 ---
    RMSE omega (GP): 0.006641 | RMSE omega (Sim): 0.050062
    Loss: 469.6634 | Epoch: 9999
    Eq omega: -0.000381 + -0.00348theta + -0.02990omega + 0.00581theta^2 + -0.00528theta omega + 0.01587omega^2 + -0.00764theta^3 + -0.00113theta^2 omega + 0.04022theta omega^2 + -0.00029omega^3
    Eq omega Phys: -0.001963*omega**3 + 0.009077*omega**2*theta - 0.103832*omega**2 - 9.0e-6*omega*theta**2 + 0.000125*omega*theta - 0.001251*omega - 2.0e-6*theta**3 + 7.4e-5*theta**2 - 0.000944*theta + 0.004047
    Diffusion: theta=5.115971e-04, omega=7.416063e-06

--- Chunk 13404 (205/220) | Start: 2024-09-30 17:30:00 ---
    RMSE omega (GP): 0.004585 | RMSE omega (Sim): 0.059409
    Loss: 151.1518 | Epoch: 9999
    Eq omega: 0.012941 + -0.05742theta + 0.03673omega + 0.02315theta^2 + -0.00731theta omega + 0.00189omega^2 + -0.00277theta^3 + -0.00235theta^2 omega + -0.00102theta omega^2 + 0.00556omega^3
    Eq omega Phys: 0.026661*omega**3 - 0.000163*omega**2*theta + 0.002093*omega**2 - 1.3e-5*omega*theta**2 + 0.000108*omega*theta + 0.001181*omega + 2.2e-5*theta**2 - 0.000332*theta + 0.001523
    Diffusion: theta=1.589498e-04, omega=1.354057e-05

--- Chunk 13405 (206/220) | Start: 2024-09-30 17:35:00 ---
    RMSE omega (GP): nan | RMSE omega (Sim): nan
    Loss: 442.8827 | Epoch: 3763
    Eq omega: nan1 + nantheta + nanomega + nantheta^2 + nantheta omega + nanomega^2 + nantheta^3 + nantheta^2 omega + nantheta omega^2 + nanomega^3
    Eq omega Phys: N/A
    Diffusion: theta=nan, omega=nan

--- Chunk 13406 (207/220) | Start: 2024-09-30 17:40:00 ---
    RMSE omega (GP): 0.004316 | RMSE omega (Sim): 0.119547
    Loss: 92.3029 | Epoch: 6979
    Eq omega: 0.028911 + -0.14061theta + 0.00253omega + -0.04394theta^2 + 0.03194theta omega + -0.02027omega^2 + -0.07614theta^3 + -0.04150theta^2 omega + -0.07974theta omega^2 + 0.06835omega^3
    Eq omega Phys: 0.230553*omega**3 - 0.008966*omega**2*theta - 0.018129*omega**2 - 0.000156*omega*theta**2 - 3.6e-5*omega*theta + 0.000287*omega - 1.0e-5*theta**3 - 5.2e-5*theta**2 - 0.000243*theta - 0.000147
    Diffusion: theta=1.273770e-04, omega=1.489632e-05

--- Chunk 13407 (208/220) | Start: 2024-09-30 17:45:00 ---
    RMSE omega (GP): nan | RMSE omega (Sim): nan
    Loss: 8874.6445 | Epoch: 1141
    Eq omega: nan1 + nantheta + nanomega + nantheta^2 + nantheta omega + nanomega^2 + nantheta^3 + nantheta^2 omega + nantheta omega^2 + nanomega^3
    Eq omega Phys: N/A
    Diffusion: theta=nan, omega=nan

--- Chunk 13408 (209/220) | Start: 2024-09-30 17:50:00 ---
    RMSE omega (GP): nan | RMSE omega (Sim): nan
    Loss: 1502.4443 | Epoch: 4463
    Eq omega: nan1 + nantheta + nanomega + nantheta^2 + nantheta omega + nanomega^2 + nantheta^3 + nantheta^2 omega + nantheta omega^2 + nanomega^3
    Eq omega Phys: N/A
    Diffusion: theta=nan, omega=nan

--- Chunk 13409 (210/220) | Start: 2024-09-30 17:55:00 ---
    RMSE omega (GP): nan | RMSE omega (Sim): nan
    Loss: 4260.2207 | Epoch: 4262
    Eq omega: nan1 + nantheta + nanomega + nantheta^2 + nantheta omega + nanomega^2 + nantheta^3 + nantheta^2 omega + nantheta omega^2 + nanomega^3
    Eq omega Phys: N/A
    Diffusion: theta=nan, omega=nan

--- Chunk 13410 (211/220) | Start: 2024-09-30 18:00:00 ---
    RMSE omega (GP): nan | RMSE omega (Sim): nan
    Loss: 16018.1182 | Epoch: 1247
    Eq omega: nan1 + nantheta + nanomega + nantheta^2 + nantheta omega + nanomega^2 + nantheta^3 + nantheta^2 omega + nantheta omega^2 + nanomega^3
    Eq omega Phys: N/A
    Diffusion: theta=nan, omega=nan

--- Chunk 13411 (212/220) | Start: 2024-09-30 18:05:00 ---
    RMSE omega (GP): nan | RMSE omega (Sim): nan
    Loss: 40609.4336 | Epoch: 1145
    Eq omega: nan1 + nantheta + nanomega + nantheta^2 + nantheta omega + nanomega^2 + nantheta^3 + nantheta^2 omega + nantheta omega^2 + nanomega^3
    Eq omega Phys: N/A
    Diffusion: theta=nan, omega=nan

--- Chunk 13412 (213/220) | Start: 2024-09-30 18:10:00 ---
    RMSE omega (GP): 0.006401 | RMSE omega (Sim): 0.081850
    Loss: 209.3419 | Epoch: 6944
    Eq omega: -0.003721 + -0.02496theta + 0.02651omega + 0.03886theta^2 + -0.00373theta omega + -0.00794omega^2 + -0.01581theta^3 + -0.00014theta^2 omega + 0.01599theta omega^2 + -0.00110omega^3
    Eq omega Phys: -0.003702*omega**3 + 0.001794*omega**2*theta - 0.012991*omega**2 - 0.e-6*omega*theta**2 - 3.6e-5*omega*theta + 0.001106*omega - 2.0e-6*theta**3 + 4.9e-5*theta**2 - 0.00039*theta + 0.001004
    Diffusion: theta=nan, omega=nan

--- Chunk 13413 (214/220) | Start: 2024-09-30 18:15:00 ---
    RMSE omega (GP): 0.004244 | RMSE omega (Sim): 0.480707
    Loss: 226.0000 | Epoch: 9999
    Eq omega: 0.009751 + -0.00633theta + 0.07373omega + 0.00141theta^2 + -0.00485theta omega + 0.00325omega^2 + -0.00010theta^3 + 0.00108theta^2 omega + 0.00095theta omega^2 + -0.00011omega^3
    Eq omega Phys: -0.000907*omega**3 + 0.000261*omega**2*theta - 0.00155*omega**2 + 1.0e-5*omega*theta**2 - 0.000331*omega*theta + 0.00505*omega + 2.0e-6*theta**2 - 4.2e-5*theta + 0.000295
    Diffusion: theta=1.423464e-04, omega=1.048923e-05

--- Chunk 13414 (215/220) | Start: 2024-09-30 18:20:00 ---
    RMSE omega (GP): 0.003779 | RMSE omega (Sim): nan
    Loss: 100.4477 | Epoch: 9089
    Eq omega: 0.412041 + 0.00889theta + 0.02118omega + -0.03338theta^2 + 0.00419theta omega + 0.07318omega^2 + -0.00127theta^3 + -0.00168theta^2 omega + 0.00813theta omega^2 + 0.01103omega^3
    Eq omega Phys: 0.052331*omega**3 + 0.001286*omega**2*theta + 0.010833*omega**2 - 9.0e-6*omega*theta**2 + 0.000307*omega*theta - 0.001871*omega - 5.0e-6*theta**2 + 0.000294*theta - 0.001327
    Diffusion: theta=1.382858e-04, omega=1.104473e-05

--- Chunk 13415 (216/220) | Start: 2024-09-30 18:25:00 ---
    RMSE omega (GP): nan | RMSE omega (Sim): nan
    Loss: 124598.6641 | Epoch: 1329
    Eq omega: nan1 + nantheta + nanomega + nantheta^2 + nantheta omega + nanomega^2 + nantheta^3 + nantheta^2 omega + nantheta omega^2 + nanomega^3
    Eq omega Phys: N/A
    Diffusion: theta=nan, omega=nan

--- Chunk 13416 (217/220) | Start: 2024-09-30 18:30:00 ---
    RMSE omega (GP): nan | RMSE omega (Sim): nan
    Loss: 9603.9141 | Epoch: 956
    Eq omega: nan1 + nantheta + nanomega + nantheta^2 + nantheta omega + nanomega^2 + nantheta^3 + nantheta^2 omega + nantheta omega^2 + nanomega^3
    Eq omega Phys: N/A
    Diffusion: theta=nan, omega=nan

--- Chunk 13417 (218/220) | Start: 2024-09-30 18:35:00 ---
    RMSE omega (GP): 0.004632 | RMSE omega (Sim): 0.074504
    Loss: 65.0245 | Epoch: 9139
    Eq omega: 0.054631 + -0.01676theta + 0.00122omega + -0.01837theta^2 + -0.00997theta omega + 0.05233omega^2 + -0.01628theta^3 + 0.00535theta^2 omega + -0.01163theta omega^2 + -0.00316omega^3
    Eq omega Phys: -0.006613*omega**3 - 0.000811*omega**2*theta + 0.023782*omega**2 + 1.2e-5*omega*theta**2 - 0.000393*omega*theta + 0.002994*omega - 1.0e-6*theta**3 + 4.1e-5*theta**2 - 0.000457*theta + 0.001981
    Diffusion: theta=2.607939e-04, omega=1.523317e-05

--- Chunk 13418 (219/220) | Start: 2024-09-30 18:40:00 ---
    RMSE omega (GP): 0.005026 | RMSE omega (Sim): 0.072783
    Loss: 67.7668 | Epoch: 9573
    Eq omega: 0.058311 + -0.14602theta + 0.01297omega + 0.02088theta^2 + 0.23219theta omega + -0.05402omega^2 + -0.05041theta^3 + -0.02372theta^2 omega + -0.03543theta omega^2 + 0.04641omega^3
    Eq omega Phys: 0.087364*omega**3 - 0.002223*omega**2*theta - 0.030215*omega**2 - 5.0e-5*omega*theta**2 + 0.001194*omega*theta + 0.012187*omega - 4.0e-6*theta**3 - 7.3e-5*theta**2 - 0.000669*theta - 0.002117
    Diffusion: theta=2.410258e-04, omega=1.285204e-05

--- Chunk 13419 (220/220) | Start: 2024-09-30 18:45:00 ---
    RMSE omega (GP): 0.005711 | RMSE omega (Sim): 0.058680
    Loss: 560.0577 | Epoch: 9999
    Eq omega: 0.010721 + -0.00307theta + 0.00049omega + 0.00014theta^2 + -0.00195theta omega + 0.00395omega^2 + -0.00012theta^3 + 0.00009theta^2 omega + -0.00080theta omega^2 + 0.00019omega^3
    Eq omega Phys: 0.002119*omega**3 - 0.000297*omega**2*theta + 0.006874*omega**2 + 1.0e-6*omega*theta**2 - 7.3e-5*omega*theta + 0.000863*omega + 2.0e-6*theta**2 - 4.0e-5*theta + 0.00026
    Diffusion: theta=2.472329e-04, omega=8.002863e-06

  [Progress 220/220] Mean RMSE omega (GP): 0.004601 | (Sim): 0.117704 | Mean loss: -951.7763 | Valid GP: 150/220 | Valid Sim: 132/220 | Elapsed: 556.2min | ETA: 0.0min

============================================================
EVALUATION COMPLETE — Chunks [13200, 13419]
============================================================
Chunks processed: 220
Chunks succeeded GP:  150 (68.2%)
Chunks succeeded Sim: 132 (60.0%)
Mean GP RMSE omega:   0.004601 ± 0.003130
Mean SIM RMSE omega:  0.117704 ± 0.093547
Mean Loss:            -951.7763 ± 759555.1245
Elapsed time:     556.2 minutes

Per-chunk CSV: /pfs/data6/home/ka/ka_iai/ka_bj2362/dsr/svise/results_5min_all_chunks/run_SLURM_3733210_combo5/chunks_13200_to_13419_20260323_053735.csv
Summary JSON:  /pfs/data6/home/ka/ka_iai/ka_bj2362/dsr/svise/results_5min_all_chunks/run_SLURM_3733210_combo5/summary_13200_to_13419_20260323_053735.json
============================================================
       (h = step size). solver will continue anyway  
      in above,  r1 =  0.7823550287015D+01   r2 =  0.3939986602519D-15
 lsoda--  warning..internal t (=r1) and h (=r2) are  
       such that in the machine, t + h = t on the next step  
       (h = step size). solver will continue anyway  
      in above,  r1 =  0.7823550287015D+01   r2 =  0.3238142639528D-15
 lsoda--  warning..internal t (=r1) and h (=r2) are  
       such that in the machine, t + h = t on the next step  
       (h = step size). solver will continue anyway  
      in above,  r1 =  0.7823550287015D+01   r2 =  0.3238142639528D-15
 lsoda--  warning..internal t (=r1) and h (=r2) are  
       such that in the machine, t + h = t on the next step  
       (h = step size). solver will continue anyway  
      in above,  r1 =  0.7823550287015D+01   r2 =  0.3238142639528D-15
 lsoda--  warning..internal t (=r1) and h (=r2) are  
       such that in the machine, t + h = t on the next step  
       (h = step size). solver will continue anyway  
      in above,  r1 =  0.7823550287015D+01   r2 =  0.2661320661342D-15
 lsoda--  warning..internal t (=r1) and h (=r2) are  
       such that in the machine, t + h = t on the next step  
       (h = step size). solver will continue anyway  
      in above,  r1 =  0.7823550287015D+01   r2 =  0.2661320661342D-15
 lsoda--  warning..internal t (=r1) and h (=r2) are  
       such that in the machine, t + h = t on the next step  
       (h = step size). solver will continue anyway  
      in above,  r1 =  0.7823550287015D+01   r2 =  0.2661320661342D-15
 lsoda--  warning..internal t (=r1) and h (=r2) are  
       such that in the machine, t + h = t on the next step  
       (h = step size). solver will continue anyway  
      in above,  r1 =  0.7823550287015D+01   r2 =  0.2187250053553D-15
 lsoda--  above warning has been issued i1 times.    
       it will not be issued again for this problem  
      in above message,  i1 =        10

============================= JOB FEEDBACK =============================

NodeName=uc3n025
Job ID: 3733878
Array Job ID: 3733210_60
Cluster: uc3
User/Group: ka_bj2362/ka_iai
State: COMPLETED (exit code 0)
Nodes: 1
Cores per node: 4
CPU Utilized: 09:12:35
CPU Efficiency: 24.82% of 1-13:06:08 core-walltime
Job Wall-clock time: 09:16:32
Memory Utilized: 3.38 GB
Memory Efficiency: 28.20% of 12.00 GB (12.00 GB/node)
