Array task 397: processing chunks 87340 to 87559
Loading data from /pfs/data6/home/ka/ka_iai/ka_bj2362/dsr/svise/../dataset/South_Korea_2024-08-15_2025-08-31_1s.parquet...
Finding all valid 5-minute chunks in the dataset...
Found 107059 valid 5-minute chunks in total.

============================================================
SVISE FINAL EVALUATION — ALL CHUNKS
============================================================
Hyperparameters: {
  "model": "integrator",
  "sigma": 0,
  "degree": 3,
  "tau": 0.01,
  "lr": 0.001,
  "n_tau": 100,
  "measurement_noise": 1e-05,
  "n_reparam_samples": 15
}
Total valid chunks in dataset: 107059
Processing chunk range: [87340, 87559] (220 chunks)
Early stopping: patience=300, max_epochs=10000
============================================================


--- Chunk 87340 (1/220) | Start: 2025-06-24 08:10:00 ---
/pfs/data6/home/ka/ka_iai/ka_bj2362/dsr/svise/svise/sde_learning/_marginal_sde.py:284: UserWarning: torch.triangular_solve is deprecated in favor of torch.linalg.solve_triangularand will be removed in a future PyTorch release.
torch.linalg.solve_triangular has its arguments reversed and does not return a copy of one of the inputs.
X = torch.triangular_solve(B, A).solution
should be replaced with
X = torch.linalg.solve_triangular(A, B). (Triggered internally at ../aten/src/ATen/native/BatchLinearAlgebra.cpp:2192.)
  return torch.triangular_solve(self.raw_w, self.C.t()).solution
/pfs/data6/home/ka/ka_iai/ka_bj2362/dsr/svise/svise/quadrature/_unbiased_quadrature.py:196: UserWarning: Interp is nan, reducing interp degree.
  warnings.warn("Interp is nan, reducing interp degree.")
/pfs/data6/home/ka/ka_iai/ka_bj2362/dsr/svise/svise/quadrature/_unbiased_quadrature.py:174: UserWarning: NaN detected in fxq (quadrature node evaluations). Clamping to 0.
  warnings.warn("NaN detected in fxq (quadrature node evaluations). Clamping to 0.")
/pfs/data6/home/ka/ka_iai/ka_bj2362/dsr/svise/svise/quadrature/_unbiased_quadrature.py:177: UserWarning: NaN detected in fmc (Monte-Carlo node evaluations). Clamping to 0.
  warnings.warn("NaN detected in fmc (Monte-Carlo node evaluations). Clamping to 0.")
/pfs/data6/home/ka/ka_iai/ka_bj2362/dsr/svise/run_analysis_5min_all_chunks_combo5.py:212: ODEintWarning: Excess work done on this call (perhaps wrong Dfun type). Run with full_output = 1 to get quantitative information.
  sol_scaled = odeint(drift, x0_scaled, t_scaled, full_output=False)
    RMSE omega (GP): 0.003220 | RMSE omega (Sim): nan
    Loss: 79.5215 | Epoch: 7413
    Eq omega: -0.030481 + -0.02973theta + 0.13158omega + 0.02088theta^2 + 0.04397theta omega + -0.01068omega^2 + -0.01614theta^3 + 0.01394theta^2 omega + -0.00512theta omega^2 + 0.01655omega^3
    Eq omega Phys: 0.085628*omega**3 - 0.000883*omega**2*theta - 0.010279*omega**2 + 8.0e-5*omega*theta**2 + 0.001669*omega*theta + 0.011924*omega - 3.0e-6*theta**3 - 5.2e-5*theta**2 - 0.000312*theta - 0.000775
    Diffusion: theta=1.394152e-04, omega=1.035458e-05

--- Chunk 87341 (2/220) | Start: 2025-06-24 08:15:00 ---
    RMSE omega (GP): 0.003530 | RMSE omega (Sim): nan
    Loss: 212.9659 | Epoch: 9999
    Eq omega: 0.225311 + -0.13674theta + 0.23680omega + -0.06433theta^2 + -0.02586theta omega + 0.22489omega^2 + -0.00082theta^3 + -0.01848theta^2 omega + -0.00255theta omega^2 + 0.05748omega^3
    Eq omega Phys: 0.653877*omega**3 - 0.000967*omega**2*theta + 0.149462*omega**2 - 0.000234*omega*theta**2 + 0.004773*omega*theta - 0.016191*omega - 3.2e-5*theta**2 + 0.000714*theta - 0.003037
    Diffusion: theta=9.177290e-05, omega=7.091035e-06

--- Chunk 87342 (3/220) | Start: 2025-06-24 08:20:00 ---
    RMSE omega (GP): nan | RMSE omega (Sim): nan
    Loss: 49378.6992 | Epoch: 1729
    Eq omega: nan1 + nantheta + nanomega + nantheta^2 + nantheta omega + nanomega^2 + nantheta^3 + nantheta^2 omega + nantheta omega^2 + nanomega^3
    Eq omega Phys: N/A
    Diffusion: theta=nan, omega=nan

--- Chunk 87343 (4/220) | Start: 2025-06-24 08:25:00 ---
    RMSE omega (GP): 0.003799 | RMSE omega (Sim): 0.166766
    Loss: 137.2362 | Epoch: 9999
    Eq omega: 0.005121 + -0.04848theta + 0.01925omega + 0.03968theta^2 + 0.01930theta omega + 0.01454omega^2 + -0.01850theta^3 + -0.00197theta^2 omega + -0.00538theta omega^2 + 0.00206omega^3
    Eq omega Phys: 0.012626*omega**3 - 0.001099*omega**2*theta - 0.006318*omega**2 - 1.3e-5*omega*theta**2 - 2.4e-5*omega*theta + 0.002207*omega - 4.0e-6*theta**3 - 0.000128*theta**2 - 0.001319*theta - 0.004652
    Diffusion: theta=2.520032e-04, omega=1.050963e-05

--- Chunk 87344 (5/220) | Start: 2025-06-24 08:30:00 ---
    RMSE omega (GP): nan | RMSE omega (Sim): nan
    Loss: 883916.5625 | Epoch: 5
    Eq omega: nan1 + nantheta + nanomega + nantheta^2 + nantheta omega + nanomega^2 + nantheta^3 + nantheta^2 omega + nantheta omega^2 + nanomega^3
    Eq omega Phys: N/A
    Diffusion: theta=nan, omega=nan

--- Chunk 87345 (6/220) | Start: 2025-06-24 08:35:00 ---
    RMSE omega (GP): nan | RMSE omega (Sim): nan
    Loss: 7422.2788 | Epoch: 935
    Eq omega: nan1 + nantheta + nanomega + nantheta^2 + nantheta omega + nanomega^2 + nantheta^3 + nantheta^2 omega + nantheta omega^2 + nanomega^3
    Eq omega Phys: N/A
    Diffusion: theta=nan, omega=nan

--- Chunk 87346 (7/220) | Start: 2025-06-24 08:40:00 ---
    RMSE omega (GP): nan | RMSE omega (Sim): nan
    Loss: 139.1275 | Epoch: 4718
    Eq omega: nan1 + nantheta + nanomega + nantheta^2 + nantheta omega + nanomega^2 + nantheta^3 + nantheta^2 omega + nantheta omega^2 + nanomega^3
    Eq omega Phys: N/A
    Diffusion: theta=nan, omega=nan

--- Chunk 87347 (8/220) | Start: 2025-06-24 08:45:00 ---
    RMSE omega (GP): nan | RMSE omega (Sim): nan
    Loss: 284445.8438 | Epoch: 984
    Eq omega: nan1 + nantheta + nanomega + nantheta^2 + nantheta omega + nanomega^2 + nantheta^3 + nantheta^2 omega + nantheta omega^2 + nanomega^3
    Eq omega Phys: N/A
    Diffusion: theta=nan, omega=nan

--- Chunk 87348 (9/220) | Start: 2025-06-24 08:50:00 ---
    RMSE omega (GP): nan | RMSE omega (Sim): nan
    Loss: 96432.2188 | Epoch: 1319
    Eq omega: nan1 + nantheta + nanomega + nantheta^2 + nantheta omega + nanomega^2 + nantheta^3 + nantheta^2 omega + nantheta omega^2 + nanomega^3
    Eq omega Phys: N/A
    Diffusion: theta=nan, omega=nan

--- Chunk 87349 (10/220) | Start: 2025-06-24 08:55:00 ---
    RMSE omega (GP): nan | RMSE omega (Sim): nan
    Loss: 11631417.0000 | Epoch: 769
    Eq omega: nan1 + nantheta + nanomega + nantheta^2 + nantheta omega + nanomega^2 + nantheta^3 + nantheta^2 omega + nantheta omega^2 + nanomega^3
    Eq omega Phys: N/A
    Diffusion: theta=nan, omega=nan

--- Chunk 87350 (11/220) | Start: 2025-06-24 09:00:00 ---
    RMSE omega (GP): nan | RMSE omega (Sim): nan
    Loss: 9535464.0000 | Epoch: 791
    Eq omega: nan1 + nantheta + nanomega + nantheta^2 + nantheta omega + nanomega^2 + nantheta^3 + nantheta^2 omega + nantheta omega^2 + nanomega^3
    Eq omega Phys: N/A
    Diffusion: theta=nan, omega=nan

--- Chunk 87351 (12/220) | Start: 2025-06-24 09:05:00 ---
    RMSE omega (GP): nan | RMSE omega (Sim): nan
    Loss: 771765.4375 | Epoch: 1109
    Eq omega: nan1 + nantheta + nanomega + nantheta^2 + nantheta omega + nanomega^2 + nantheta^3 + nantheta^2 omega + nantheta omega^2 + nanomega^3
    Eq omega Phys: N/A
    Diffusion: theta=nan, omega=nan

--- Chunk 87352 (13/220) | Start: 2025-06-24 09:10:00 ---
    RMSE omega (GP): 0.005887 | RMSE omega (Sim): 0.036221
    Loss: 245.2785 | Epoch: 9999
    Eq omega: -0.007581 + -0.14996theta + -0.09513omega + -0.04287theta^2 + -0.00675theta omega + -0.01185omega^2 + -0.00245theta^3 + -0.00120theta^2 omega + -0.00320theta omega^2 + 0.00758omega^3
    Eq omega Phys: 0.035345*omega**3 - 0.000497*omega**2*theta + 0.003729*omega**2 - 6.0e-6*omega*theta**2 + 0.000121*omega*theta - 0.003446*omega + 3.0e-6*theta**2 + 0.000106*theta - 0.000526
    Diffusion: theta=3.139918e-04, omega=6.369042e-06

--- Chunk 87353 (14/220) | Start: 2025-06-24 09:15:00 ---
    RMSE omega (GP): 0.004469 | RMSE omega (Sim): 0.086392
    Loss: 260.5719 | Epoch: 7842
    Eq omega: -0.033541 + -0.21474theta + 0.05085omega + 0.01371theta^2 + -0.06154theta omega + 0.00813omega^2 + -0.03194theta^3 + 0.00011theta^2 omega + 0.04184theta omega^2 + -0.06833omega^3
    Eq omega Phys: -0.593893*omega**3 + 0.012122*omega**2*theta + 0.089594*omega**2 + 1.0e-6*omega*theta**2 - 0.001089*omega*theta - 0.006015*omega - 1.0e-5*theta**3 - 0.000209*theta**2 - 0.001648*theta - 0.004914
    Diffusion: theta=3.852211e-05, omega=1.068147e-05

--- Chunk 87354 (15/220) | Start: 2025-06-24 09:20:00 ---
    RMSE omega (GP): 0.004151 | RMSE omega (Sim): 0.052943
    Loss: 354.1016 | Epoch: 9999
    Eq omega: 0.035751 + 0.00694theta + 0.01426omega + -0.00069theta^2 + 0.00601theta omega + 0.00245omega^2 + 0.00002theta^3 + -0.00040theta^2 omega + 0.00063theta omega^2 + -0.00004omega^3
    Eq omega Phys: -0.000536*omega**3 + 0.000282*omega**2*theta - 0.001057*omega**2 - 6.0e-6*omega*theta**2 + 0.000248*omega*theta - 0.001352*omega - 0.e-6*theta**2 + 2.0e-5*theta - 7.0e-5
    Diffusion: theta=1.000979e-04, omega=1.021187e-05

--- Chunk 87355 (16/220) | Start: 2025-06-24 09:25:00 ---
    RMSE omega (GP): 0.004429 | RMSE omega (Sim): 0.052344
    Loss: 258.3925 | Epoch: 5885
    Eq omega: -0.235921 + -0.06188theta + -0.05959omega + -0.01120theta^2 + -0.00444theta omega + -0.01570omega^2 + -0.00419theta^3 + 0.00352theta^2 omega + -0.02809theta omega^2 + -0.00473omega^3
    Eq omega Phys: -0.041465*omega**3 - 0.008208*omega**2*theta + 0.057048*omega**2 + 3.4e-5*omega*theta**2 - 0.000627*omega*theta + 0.000838*omega - 1.0e-6*theta**3 + 2.6e-5*theta**2 - 0.000221*theta + 0.000328
    Diffusion: theta=5.386819e-05, omega=9.874968e-06

--- Chunk 87356 (17/220) | Start: 2025-06-24 09:30:00 ---
    RMSE omega (GP): 0.004406 | RMSE omega (Sim): 0.097620
    Loss: 123.4672 | Epoch: 9999
    Eq omega: 0.076331 + -0.00516theta + 0.01041omega + 0.00359theta^2 + 0.00008theta omega + 0.00694omega^2 + 0.00004theta^3 + 0.00006theta^2 omega + 0.00103theta omega^2 + -0.00177omega^3
    Eq omega Phys: -0.007584*omega**3 + 0.000147*omega**2*theta + 0.001624*omega**2 - 3.0e-6*omega*theta + 0.000353*omega + 1.0e-6*theta**2 - 2.5e-5*theta + 0.000331
    Diffusion: theta=6.545863e-05, omega=1.368379e-05

--- Chunk 87357 (18/220) | Start: 2025-06-24 09:35:00 ---
    RMSE omega (GP): 0.005147 | RMSE omega (Sim): 0.072274
    Loss: 145.6224 | Epoch: 9999
    Eq omega: 0.314881 + -0.55297theta + -0.37926omega + -0.19847theta^2 + -0.11073theta omega + 0.04051omega^2 + -0.00012theta^3 + -0.01182theta^2 omega + -0.00635theta omega^2 + -0.02217omega^3
    Eq omega Phys: -0.08201*omega**3 - 0.000783*omega**2*theta + 0.026161*omega**2 - 4.9e-5*omega*theta**2 + 0.000185*omega*theta - 0.004174*omega - 7.7e-5*theta**2 + 0.001735*theta - 0.007575
    Diffusion: theta=1.831506e-04, omega=1.483888e-05

--- Chunk 87358 (19/220) | Start: 2025-06-24 09:40:00 ---
    RMSE omega (GP): 0.004024 | RMSE omega (Sim): nan
    Loss: 194.1424 | Epoch: 7853
    Eq omega: 0.100511 + -0.01166theta + -0.00192omega + 0.01331theta^2 + 0.04059theta omega + 0.07301omega^2 + -0.01552theta^3 + -0.00053theta^2 omega + 0.01548theta omega^2 + 0.01121omega^3
    Eq omega Phys: 0.090638*omega**3 + 0.004172*omega**2*theta + 0.002159*omega**2 - 5.0e-6*omega*theta**2 + 0.000784*omega*theta - 0.006431*omega - 5.0e-6*theta**3 + 0.000127*theta**2 - 0.001168*theta + 0.003812
    Diffusion: theta=1.614860e-04, omega=8.899763e-06

--- Chunk 87359 (20/220) | Start: 2025-06-24 09:45:00 ---
    RMSE omega (GP): 0.004458 | RMSE omega (Sim): 0.081444
    Loss: 188.1475 | Epoch: 5398
    Eq omega: 0.083921 + -0.32637theta + -0.01202omega + 0.15089theta^2 + 0.14170theta omega + 0.02074omega^2 + -0.36308theta^3 + -0.39272theta^2 omega + 0.16090theta omega^2 + 0.02563omega^3
    Eq omega Phys: 0.162838*omega**3 + 0.034075*omega**2*theta - 0.038306*omega**2 - 0.002772*omega*theta**2 + 0.00996*omega*theta - 0.00892*omega - 8.5e-5*theta**3 + 0.000437*theta**2 - 0.001085*theta + 0.001101
    Diffusion: theta=2.788909e-05, omega=1.032950e-05

--- Chunk 87360 (21/220) | Start: 2025-06-24 09:50:00 ---
    RMSE omega (GP): 0.004085 | RMSE omega (Sim): 0.073230
    Loss: 268.1769 | Epoch: 9292
    Eq omega: 0.008561 + 0.00194theta + -0.00952omega + 0.00026theta^2 + 0.00107theta omega + 0.00187omega^2 + -0.00000theta^3 + -0.00010theta^2 omega + 0.00058theta omega^2 + 0.00114omega^3
    Eq omega Phys: 0.012155*omega**3 + 0.000206*omega**2*theta - 0.001431*omega**2 - 1.0e-6*omega*theta**2 + 5.1e-5*omega*theta - 0.000761*omega - 2.0e-6*theta + 1.6e-5
    Diffusion: theta=5.768838e-05, omega=9.820547e-06

--- Chunk 87361 (22/220) | Start: 2025-06-24 09:55:00 ---
    RMSE omega (GP): nan | RMSE omega (Sim): nan
    Loss: 23038.2383 | Epoch: 928
    Eq omega: nan1 + nantheta + nanomega + nantheta^2 + nantheta omega + nanomega^2 + nantheta^3 + nantheta^2 omega + nantheta omega^2 + nanomega^3
    Eq omega Phys: N/A
    Diffusion: theta=nan, omega=nan

--- Chunk 87362 (23/220) | Start: 2025-06-24 10:00:00 ---
    RMSE omega (GP): 0.008646 | RMSE omega (Sim): 0.041960
    Loss: 1266.9314 | Epoch: 9999
    Eq omega: -0.005231 + -0.00154theta + -0.04988omega + -0.00036theta^2 + -0.00181theta omega + -0.00686omega^2 + -0.00002theta^3 + -0.00020theta^2 omega + -0.00044theta omega^2 + -0.00319omega^3
    Eq omega Phys: -0.034589*omega**3 - 0.000159*omega**2*theta - 0.001054*omega**2 - 2.0e-6*omega*theta**2 + 5.7e-5*omega*theta - 0.001861*omega - 1.0e-6*theta - 8.0e-6
    Diffusion: theta=5.597961e-04, omega=6.931241e-06

--- Chunk 87363 (24/220) | Start: 2025-06-24 10:05:00 ---
    RMSE omega (GP): 0.004697 | RMSE omega (Sim): nan
    Loss: 340.2928 | Epoch: 5809
    Eq omega: -0.034861 + -0.21566theta + -0.01384omega + -0.02167theta^2 + 0.05070theta omega + 0.40820omega^2 + 0.02345theta^3 + 0.02920theta^2 omega + 0.05296theta omega^2 + -0.05865omega^3
    Eq omega Phys: -0.602593*omega**3 + 0.018138*omega**2*theta + 0.151261*omega**2 + 0.000333*omega*theta**2 - 0.002232*omega*theta + 0.002541*omega + 9.0e-6*theta**3 - 0.000143*theta**2 + 0.000521*theta - 0.000244
    Diffusion: theta=7.238293e-05, omega=7.960922e-06

--- Chunk 87364 (25/220) | Start: 2025-06-24 10:10:00 ---
    RMSE omega (GP): nan | RMSE omega (Sim): nan
    Loss: 417102.0000 | Epoch: 1178
    Eq omega: nan1 + nantheta + nanomega + nantheta^2 + nantheta omega + nanomega^2 + nantheta^3 + nantheta^2 omega + nantheta omega^2 + nanomega^3
    Eq omega Phys: N/A
    Diffusion: theta=nan, omega=nan

--- Chunk 87365 (26/220) | Start: 2025-06-24 10:15:00 ---
    RMSE omega (GP): nan | RMSE omega (Sim): nan
    Loss: 47814.7305 | Epoch: 1113
    Eq omega: nan1 + nantheta + nanomega + nantheta^2 + nantheta omega + nanomega^2 + nantheta^3 + nantheta^2 omega + nantheta omega^2 + nanomega^3
    Eq omega Phys: N/A
    Diffusion: theta=nan, omega=nan

--- Chunk 87366 (27/220) | Start: 2025-06-24 10:20:00 ---
    RMSE omega (GP): nan | RMSE omega (Sim): nan
    Loss: 591.5330 | Epoch: 3788
    Eq omega: nan1 + nantheta + nanomega + nantheta^2 + nantheta omega + nanomega^2 + nantheta^3 + nantheta^2 omega + nantheta omega^2 + nanomega^3
    Eq omega Phys: N/A
    Diffusion: theta=nan, omega=nan

--- Chunk 87367 (28/220) | Start: 2025-06-24 10:25:00 ---
    RMSE omega (GP): 0.003743 | RMSE omega (Sim): 0.074412
    Loss: 167.0399 | Epoch: 7207
    Eq omega: -0.050691 + 0.10974theta + 0.01963omega + -0.33458theta^2 + -0.00579theta omega + 1.14426omega^2 + -0.15059theta^3 + -0.02837theta^2 omega + 0.05053theta omega^2 + 0.11845omega^3
    Eq omega Phys: 0.947863*omega**3 + 0.013478*omega**2*theta + 0.525485*omega**2 - 0.000252*omega*theta**2 + 0.002352*omega*theta - 0.004817*omega - 4.5e-5*theta**3 + 0.000459*theta**2 - 0.001173*theta - 0.000115
    Diffusion: theta=4.484410e-05, omega=9.555884e-06

--- Chunk 87368 (29/220) | Start: 2025-06-24 10:30:00 ---
    RMSE omega (GP): 0.004362 | RMSE omega (Sim): 0.077823
    Loss: 202.8433 | Epoch: 6697
    Eq omega: 0.021321 + -0.38251theta + -0.40128omega + 0.22666theta^2 + 0.18230theta omega + -0.00139omega^2 + -0.00568theta^3 + 0.00194theta^2 omega + 0.00298theta omega^2 + -0.02004omega^3
    Eq omega Phys: -0.143181*omega**3 + 0.00071*omega**2*theta - 0.002483*omega**2 + 1.5e-5*omega*theta**2 + 0.002887*omega*theta - 0.020817*omega - 2.0e-6*theta**3 + 0.000134*theta**2 - 0.001079*theta + 0.001949
    Diffusion: theta=1.067233e-04, omega=9.231837e-06

--- Chunk 87369 (30/220) | Start: 2025-06-24 10:35:00 ---
    RMSE omega (GP): nan | RMSE omega (Sim): nan
    Loss: 48324.2188 | Epoch: 1133
    Eq omega: nan1 + nantheta + nanomega + nantheta^2 + nantheta omega + nanomega^2 + nantheta^3 + nantheta^2 omega + nantheta omega^2 + nanomega^3
    Eq omega Phys: N/A
    Diffusion: theta=nan, omega=nan

--- Chunk 87370 (31/220) | Start: 2025-06-24 10:40:00 ---
    RMSE omega (GP): nan | RMSE omega (Sim): nan
    Loss: 10404.8135 | Epoch: 1083
    Eq omega: nan1 + nantheta + nanomega + nantheta^2 + nantheta omega + nanomega^2 + nantheta^3 + nantheta^2 omega + nantheta omega^2 + nanomega^3
    Eq omega Phys: N/A
    Diffusion: theta=nan, omega=nan

--- Chunk 87371 (32/220) | Start: 2025-06-24 10:45:00 ---
    RMSE omega (GP): 0.006687 | RMSE omega (Sim): 0.065198
    Loss: 1262.3243 | Epoch: 9999
    Eq omega: -0.005671 + -0.01473theta + 0.01969omega + -0.00335theta^2 + 0.00166theta omega + 0.00181omega^2 + -0.00070theta^3 + -0.00013theta^2 omega + 0.00027theta omega^2 + -0.00013omega^3
    Eq omega Phys: -0.002328*omega**3 + 0.000161*omega**2*theta - 0.001551*omega**2 - 3.0e-6*omega*theta**2 + 0.000137*omega*theta - 0.000992*omega + 2.3e-5*theta**2 - 0.000377*theta + 0.002173
    Diffusion: theta=4.163595e-04, omega=5.036150e-06

--- Chunk 87372 (33/220) | Start: 2025-06-24 10:50:00 ---
    RMSE omega (GP): 0.004548 | RMSE omega (Sim): 0.046632
    Loss: 197.7740 | Epoch: 9999
    Eq omega: 0.146461 + -0.03657theta + 0.04836omega + 0.00761theta^2 + -0.00430theta omega + -0.00352omega^2 + -0.00014theta^3 + 0.00010theta^2 omega + -0.00054theta omega^2 + 0.00178omega^3
    Eq omega Phys: 0.01119*omega**3 - 0.000113*omega**2*theta - 0.001007*omega**2 + 1.0e-6*omega*theta**2 - 7.3e-5*omega*theta + 0.001982*omega + 4.0e-6*theta**2 - 8.5e-5*theta + 0.000688
    Diffusion: theta=2.218226e-04, omega=1.037972e-05

--- Chunk 87373 (34/220) | Start: 2025-06-24 10:55:00 ---
    RMSE omega (GP): nan | RMSE omega (Sim): nan
    Loss: 116430.5078 | Epoch: 1453
    Eq omega: nan1 + nantheta + nanomega + nantheta^2 + nantheta omega + nanomega^2 + nantheta^3 + nantheta^2 omega + nantheta omega^2 + nanomega^3
    Eq omega Phys: N/A
    Diffusion: theta=nan, omega=nan

--- Chunk 87374 (35/220) | Start: 2025-06-24 11:00:00 ---
    RMSE omega (GP): nan | RMSE omega (Sim): nan
    Loss: 300966.3750 | Epoch: 1360
    Eq omega: nan1 + nantheta + nanomega + nantheta^2 + nantheta omega + nanomega^2 + nantheta^3 + nantheta^2 omega + nantheta omega^2 + nanomega^3
    Eq omega Phys: N/A
    Diffusion: theta=nan, omega=nan

--- Chunk 87375 (36/220) | Start: 2025-06-24 11:05:00 ---
    RMSE omega (GP): nan | RMSE omega (Sim): nan
    Loss: 93831.5703 | Epoch: 1894
    Eq omega: nan1 + nantheta + nanomega + nantheta^2 + nantheta omega + nanomega^2 + nantheta^3 + nantheta^2 omega + nantheta omega^2 + nanomega^3
    Eq omega Phys: N/A
    Diffusion: theta=nan, omega=nan

--- Chunk 87376 (37/220) | Start: 2025-06-24 11:10:00 ---
    RMSE omega (GP): nan | RMSE omega (Sim): nan
    Loss: 126713.4219 | Epoch: 1722
    Eq omega: nan1 + nantheta + nanomega + nantheta^2 + nantheta omega + nanomega^2 + nantheta^3 + nantheta^2 omega + nantheta omega^2 + nanomega^3
    Eq omega Phys: N/A
    Diffusion: theta=nan, omega=nan

--- Chunk 87377 (38/220) | Start: 2025-06-24 11:15:00 ---
    RMSE omega (GP): nan | RMSE omega (Sim): nan
    Loss: 28166.8730 | Epoch: 1085
    Eq omega: nan1 + nantheta + nanomega + nantheta^2 + nantheta omega + nanomega^2 + nantheta^3 + nantheta^2 omega + nantheta omega^2 + nanomega^3
    Eq omega Phys: N/A
    Diffusion: theta=nan, omega=nan

--- Chunk 87378 (39/220) | Start: 2025-06-24 11:20:00 ---
    RMSE omega (GP): 0.004011 | RMSE omega (Sim): 1.210456
    Loss: 522.7109 | Epoch: 9999
    Eq omega: 0.033031 + -0.00096theta + 0.00102omega + 0.00121theta^2 + -0.00021theta omega + -0.00179omega^2 + 0.00004theta^3 + 0.00160theta^2 omega + -0.00006theta omega^2 + -0.00062omega^3
    Eq omega Phys: -0.013223*omega**3 - 4.3e-5*omega**2*theta - 0.000891*omega**2 + 3.8e-5*omega*theta**2 - 0.001105*omega*theta + 0.008085*omega - 1.4e-5*theta + 0.000201
    Diffusion: theta=1.136823e-04, omega=6.133769e-06

--- Chunk 87379 (40/220) | Start: 2025-06-24 11:25:00 ---
    RMSE omega (GP): nan | RMSE omega (Sim): nan
    Loss: 61650.6680 | Epoch: 1195
    Eq omega: nan1 + nantheta + nanomega + nantheta^2 + nantheta omega + nanomega^2 + nantheta^3 + nantheta^2 omega + nantheta omega^2 + nanomega^3
    Eq omega Phys: N/A
    Diffusion: theta=nan, omega=nan

--- Chunk 87380 (41/220) | Start: 2025-06-24 11:30:00 ---
    RMSE omega (GP): nan | RMSE omega (Sim): nan
    Loss: 26340.7109 | Epoch: 1230
    Eq omega: nan1 + nantheta + nanomega + nantheta^2 + nantheta omega + nanomega^2 + nantheta^3 + nantheta^2 omega + nantheta omega^2 + nanomega^3
    Eq omega Phys: N/A
    Diffusion: theta=nan, omega=nan

--- Chunk 87381 (42/220) | Start: 2025-06-24 11:35:00 ---
    RMSE omega (GP): nan | RMSE omega (Sim): nan
    Loss: 1592.7505 | Epoch: 3232
    Eq omega: nan1 + nantheta + nanomega + nantheta^2 + nantheta omega + nanomega^2 + nantheta^3 + nantheta^2 omega + nantheta omega^2 + nanomega^3
    Eq omega Phys: N/A
    Diffusion: theta=nan, omega=nan

--- Chunk 87382 (43/220) | Start: 2025-06-24 11:40:00 ---
    RMSE omega (GP): 0.005815 | RMSE omega (Sim): 0.067496
    Loss: 709.8031 | Epoch: 9999
    Eq omega: 0.008721 + -0.00432theta + -0.03743omega + 0.00089theta^2 + -0.03259theta omega + -0.01562omega^2 + -0.00006theta^3 + -0.00024theta^2 omega + -0.00934theta omega^2 + -0.00331omega^3
    Eq omega Phys: -0.044751*omega**3 - 0.004209*omega**2*theta + 0.060742*omega**2 - 4.0e-6*omega*theta**2 - 0.000607*omega*theta + 0.010061*omega + 2.0e-6*theta**2 - 5.3e-5*theta + 0.000431
    Diffusion: theta=2.429610e-04, omega=8.430118e-06

--- Chunk 87383 (44/220) | Start: 2025-06-24 11:45:00 ---
    RMSE omega (GP): nan | RMSE omega (Sim): nan
    Loss: 354.4636 | Epoch: 4293
    Eq omega: nan1 + nantheta + nanomega + nantheta^2 + nantheta omega + nanomega^2 + nantheta^3 + nantheta^2 omega + nantheta omega^2 + nanomega^3
    Eq omega Phys: N/A
    Diffusion: theta=nan, omega=nan

--- Chunk 87384 (45/220) | Start: 2025-06-24 11:50:00 ---
    RMSE omega (GP): 0.004332 | RMSE omega (Sim): nan
    Loss: 365.8769 | Epoch: 6745
    Eq omega: -0.965401 + -2.69025theta + 0.39509omega + 0.11314theta^2 + 1.73160theta omega + 0.04712omega^2 + -0.28241theta^3 + 0.01080theta^2 omega + 0.12505theta omega^2 + 0.14639omega^3
    Eq omega Phys: 1.8913*omega**3 + 0.053853*omega**2*theta - 0.108657*omega**2 + 0.000155*omega*theta**2 + 0.037075*omega*theta - 0.083964*omega - 0.000135*theta**3 + 0.001133*theta**2 - 0.00614*theta + 0.00902
    Diffusion: theta=1.098305e-04, omega=9.321974e-06

--- Chunk 87385 (46/220) | Start: 2025-06-24 11:55:00 ---
    RMSE omega (GP): 0.004453 | RMSE omega (Sim): 0.137173
    Loss: 151.2745 | Epoch: 9686
    Eq omega: -0.002261 + -0.41395theta + -0.01751omega + 0.11541theta^2 + -0.00398theta omega + 0.04818omega^2 + -0.00089theta^3 + -0.00105theta^2 omega + -0.01480theta omega^2 + 0.00489omega^3
    Eq omega Phys: 0.024952*omega**3 - 0.002517*omega**2*theta + 0.028332*omega**2 - 6.0e-6*omega*theta**2 - 1.5e-5*omega*theta - 0.000467*omega + 5.5e-5*theta**2 - 0.000821*theta + 0.002144
    Diffusion: theta=1.306075e-04, omega=1.093708e-05

--- Chunk 87386 (47/220) | Start: 2025-06-24 12:00:00 ---
    RMSE omega (GP): nan | RMSE omega (Sim): nan
    Loss: 218567.6094 | Epoch: 1181
    Eq omega: nan1 + nantheta + nanomega + nantheta^2 + nantheta omega + nanomega^2 + nantheta^3 + nantheta^2 omega + nantheta omega^2 + nanomega^3
    Eq omega Phys: N/A
    Diffusion: theta=nan, omega=nan

--- Chunk 87387 (48/220) | Start: 2025-06-24 12:05:00 ---
    RMSE omega (GP): nan | RMSE omega (Sim): nan
    Loss: 72951.5703 | Epoch: 1294
    Eq omega: nan1 + nantheta + nanomega + nantheta^2 + nantheta omega + nanomega^2 + nantheta^3 + nantheta^2 omega + nantheta omega^2 + nanomega^3
    Eq omega Phys: N/A
    Diffusion: theta=nan, omega=nan

--- Chunk 87388 (49/220) | Start: 2025-06-24 12:10:00 ---
    RMSE omega (GP): 0.004591 | RMSE omega (Sim): 0.055936
    Loss: 158.9932 | Epoch: 6816
    Eq omega: -0.039021 + -0.03631theta + 0.01710omega + -0.01833theta^2 + 0.00463theta omega + -0.01918omega^2 + -0.00157theta^3 + 0.00124theta^2 omega + -0.00818theta omega^2 + -0.00097omega^3
    Eq omega Phys: -0.00485*omega**3 - 0.001363*omega**2*theta - 0.005684*omega**2 + 7.0e-6*omega*theta**2 + 4.1e-5*omega*theta + 0.000488*omega - 7.0e-6*theta**2 - 1.6e-5*theta - 6.2e-5
    Diffusion: theta=2.244691e-04, omega=1.295298e-05

--- Chunk 87389 (50/220) | Start: 2025-06-24 12:15:00 ---
    RMSE omega (GP): nan | RMSE omega (Sim): nan
    Loss: 83922.5469 | Epoch: 1083
    Eq omega: nan1 + nantheta + nanomega + nantheta^2 + nantheta omega + nanomega^2 + nantheta^3 + nantheta^2 omega + nantheta omega^2 + nanomega^3
    Eq omega Phys: N/A
    Diffusion: theta=nan, omega=nan

  [Progress 50/220] Mean RMSE omega (GP): 0.004674 | (Sim): 0.138684 | Mean loss: 498939.1852 | Valid GP: 23/50 | Valid Sim: 18/50 | Elapsed: 101.4min | ETA: 344.6min

--- Chunk 87390 (51/220) | Start: 2025-06-24 12:20:00 ---
    RMSE omega (GP): 0.004607 | RMSE omega (Sim): 0.067807
    Loss: 281.7104 | Epoch: 9999
    Eq omega: -0.002521 + -0.00827theta + -0.00366omega + -0.00154theta^2 + 0.01322theta omega + 0.00978omega^2 + -0.00005theta^3 + 0.00218theta^2 omega + -0.01038theta omega^2 + -0.00614omega^3
    Eq omega Phys: -0.053748*omega**3 - 0.003029*omega**2*theta - 0.036766*omega**2 + 2.1e-5*omega*theta**2 + 0.000827*omega*theta + 0.007269*omega - 2.0e-6*theta**2 - 4.4e-5*theta - 0.000354
    Diffusion: theta=2.101453e-04, omega=1.024626e-05

--- Chunk 87391 (52/220) | Start: 2025-06-24 12:25:00 ---
    RMSE omega (GP): nan | RMSE omega (Sim): nan
    Loss: 17823.1992 | Epoch: 1145
    Eq omega: nan1 + nantheta + nanomega + nantheta^2 + nantheta omega + nanomega^2 + nantheta^3 + nantheta^2 omega + nantheta omega^2 + nanomega^3
    Eq omega Phys: N/A
    Diffusion: theta=nan, omega=nan

--- Chunk 87392 (53/220) | Start: 2025-06-24 12:30:00 ---
    RMSE omega (GP): 0.004861 | RMSE omega (Sim): 0.066431
    Loss: 343.8676 | Epoch: 9999
    Eq omega: -0.151031 + 0.04689theta + 0.01228omega + 0.02097theta^2 + -0.12253theta omega + 0.05296omega^2 + -0.01080theta^3 + -0.00039theta^2 omega + 0.01442theta omega^2 + -0.07443omega^3
    Eq omega Phys: -0.714761*omega**3 + 0.004616*omega**2*theta + 0.099373*omega**2 - 4.0e-6*omega*theta**2 - 0.002436*omega*theta - 0.035279*omega - 4.0e-6*theta**3 - 0.00016*theta**2 - 0.002157*theta - 0.009593
    Diffusion: theta=9.233677e-05, omega=1.110504e-05

--- Chunk 87393 (54/220) | Start: 2025-06-24 12:35:00 ---
    RMSE omega (GP): 0.004500 | RMSE omega (Sim): nan
    Loss: 221.2935 | Epoch: 5531
    Eq omega: 0.105151 + -1.62503theta + 0.29389omega + -1.11108theta^2 + 0.37533theta omega + 0.28556omega^2 + -0.01257theta^3 + -0.14095theta^2 omega + 0.12437theta omega^2 + 0.00210omega^3
    Eq omega Phys: 0.015216*omega**3 + 0.030038*omega**2*theta + 0.021316*omega**2 - 0.001135*omega*theta**2 + 0.015141*omega*theta - 0.032383*omega - 3.0e-6*theta**3 - 0.000567*theta**2 + 0.002844*theta - 0.001924
    Diffusion: theta=1.515574e-04, omega=1.246275e-05

--- Chunk 87394 (55/220) | Start: 2025-06-24 12:40:00 ---
    RMSE omega (GP): 0.004094 | RMSE omega (Sim): 0.100855
    Loss: 281.3996 | Epoch: 7708
    Eq omega: -0.279161 + 0.01831theta + -0.05681omega + -0.00330theta^2 + 0.03764theta omega + -0.00620omega^2 + 0.00023theta^3 + -0.01912theta^2 omega + 0.00333theta omega^2 + -0.00859omega^3
    Eq omega Phys: -0.095641*omega**3 + 0.001236*omega**2*theta - 0.014922*omega**2 - 0.000237*omega*theta**2 + 0.00503*omega*theta - 0.02802*omega - 5.0e-6*theta**2 + 8.4e-5*theta - 0.000944
    Diffusion: theta=1.174384e-04, omega=1.053304e-05

--- Chunk 87395 (56/220) | Start: 2025-06-24 12:45:00 ---
    RMSE omega (GP): nan | RMSE omega (Sim): nan
    Loss: 503.8235 | Epoch: 6506
    Eq omega: nan1 + nantheta + nanomega + nantheta^2 + nantheta omega + nanomega^2 + nantheta^3 + nantheta^2 omega + nantheta omega^2 + nanomega^3
    Eq omega Phys: N/A
    Diffusion: theta=nan, omega=nan

--- Chunk 87396 (57/220) | Start: 2025-06-24 12:50:00 ---
    RMSE omega (GP): nan | RMSE omega (Sim): nan
    Loss: 9405.9463 | Epoch: 1378
    Eq omega: nan1 + nantheta + nanomega + nantheta^2 + nantheta omega + nanomega^2 + nantheta^3 + nantheta^2 omega + nantheta omega^2 + nanomega^3
    Eq omega Phys: N/A
    Diffusion: theta=nan, omega=nan

--- Chunk 87397 (58/220) | Start: 2025-06-24 12:55:00 ---
    RMSE omega (GP): 0.005616 | RMSE omega (Sim): 0.095379
    Loss: 251.3094 | Epoch: 8990
    Eq omega: -0.116991 + -0.03532theta + -0.00028omega + 0.01446theta^2 + 0.03191theta omega + -0.00891omega^2 + -0.00673theta^3 + -0.00041theta^2 omega + -0.02788theta omega^2 + -0.00336omega^3
    Eq omega Phys: -0.017905*omega**3 - 0.004952*omega**2*theta - 0.059487*omega**2 - 2.0e-6*omega*theta**2 + 0.000394*omega*theta + 0.004728*omega - 1.0e-6*theta**3 - 3.8e-5*theta**2 - 0.000392*theta - 0.001786
    Diffusion: theta=1.855050e-04, omega=1.175654e-05

--- Chunk 87398 (59/220) | Start: 2025-06-24 13:00:00 ---
    RMSE omega (GP): nan | RMSE omega (Sim): nan
    Loss: 11651.6201 | Epoch: 874
    Eq omega: nan1 + nantheta + nanomega + nantheta^2 + nantheta omega + nanomega^2 + nantheta^3 + nantheta^2 omega + nantheta omega^2 + nanomega^3
    Eq omega Phys: N/A
    Diffusion: theta=nan, omega=nan

--- Chunk 87399 (60/220) | Start: 2025-06-24 13:05:00 ---
    RMSE omega (GP): nan | RMSE omega (Sim): nan
    Loss: 20088.7891 | Epoch: 1278
    Eq omega: nan1 + nantheta + nanomega + nantheta^2 + nantheta omega + nanomega^2 + nantheta^3 + nantheta^2 omega + nantheta omega^2 + nanomega^3
    Eq omega Phys: N/A
    Diffusion: theta=nan, omega=nan

--- Chunk 87400 (61/220) | Start: 2025-06-24 13:10:00 ---
    RMSE omega (GP): 0.005976 | RMSE omega (Sim): 0.049227
    Loss: 312.6871 | Epoch: 9999
    Eq omega: 0.025221 + 0.04064theta + -0.06038omega + -0.00340theta^2 + -0.00867theta omega + 0.00840omega^2 + -0.00005theta^3 + 0.00085theta^2 omega + 0.00051theta omega^2 + 0.00005omega^3
    Eq omega Phys: 0.00028*omega**3 + 9.5e-5*omega**2*theta + 0.006338*omega**2 + 5.0e-6*omega*theta**2 + 0.000176*omega*theta - 0.001293*omega - 3.0e-6*theta**2 - 7.3e-5*theta - 0.000207
    Diffusion: theta=5.127780e-04, omega=1.193192e-05

--- Chunk 87401 (62/220) | Start: 2025-06-24 13:15:00 ---
    RMSE omega (GP): nan | RMSE omega (Sim): nan
    Loss: 189434.9688 | Epoch: 854
    Eq omega: nan1 + nantheta + nanomega + nantheta^2 + nantheta omega + nanomega^2 + nantheta^3 + nantheta^2 omega + nantheta omega^2 + nanomega^3
    Eq omega Phys: N/A
    Diffusion: theta=nan, omega=nan

--- Chunk 87402 (63/220) | Start: 2025-06-24 13:20:00 ---
    RMSE omega (GP): nan | RMSE omega (Sim): nan
    Loss: 38690.8906 | Epoch: 1111
    Eq omega: nan1 + nantheta + nanomega + nantheta^2 + nantheta omega + nanomega^2 + nantheta^3 + nantheta^2 omega + nantheta omega^2 + nanomega^3
    Eq omega Phys: N/A
    Diffusion: theta=nan, omega=nan

--- Chunk 87403 (64/220) | Start: 2025-06-24 13:25:00 ---
    RMSE omega (GP): nan | RMSE omega (Sim): nan
    Loss: 60773.1328 | Epoch: 956
    Eq omega: nan1 + nantheta + nanomega + nantheta^2 + nantheta omega + nanomega^2 + nantheta^3 + nantheta^2 omega + nantheta omega^2 + nanomega^3
    Eq omega Phys: N/A
    Diffusion: theta=nan, omega=nan

--- Chunk 87404 (65/220) | Start: 2025-06-24 13:30:00 ---
    RMSE omega (GP): nan | RMSE omega (Sim): nan
    Loss: 8332.9648 | Epoch: 1140
    Eq omega: nan1 + nantheta + nanomega + nantheta^2 + nantheta omega + nanomega^2 + nantheta^3 + nantheta^2 omega + nantheta omega^2 + nanomega^3
    Eq omega Phys: N/A
    Diffusion: theta=nan, omega=nan

--- Chunk 87405 (66/220) | Start: 2025-06-24 13:35:00 ---
    RMSE omega (GP): 0.004462 | RMSE omega (Sim): 0.094577
    Loss: 208.0508 | Epoch: 9949
    Eq omega: -0.050091 + -0.03386theta + 0.01441omega + -0.05006theta^2 + 0.00747theta omega + -0.00955omega^2 + -0.00000theta^3 + 0.00251theta^2 omega + -0.17178theta omega^2 + -0.00587omega^3
    Eq omega Phys: -0.040674*omega**3 - 0.039676*omega**2*theta - 0.260759*omega**2 + 1.9e-5*omega*theta**2 + 0.000369*omega*theta + 0.002059*omega - 2.7e-5*theta**2 - 0.000383*theta - 0.001473
    Diffusion: theta=1.197021e-04, omega=1.242703e-05

--- Chunk 87406 (67/220) | Start: 2025-06-24 13:40:00 ---
    RMSE omega (GP): nan | RMSE omega (Sim): nan
    Loss: 192.0849 | Epoch: 4471
    Eq omega: nan1 + nantheta + nanomega + nantheta^2 + nantheta omega + nanomega^2 + nantheta^3 + nantheta^2 omega + nantheta omega^2 + nanomega^3
    Eq omega Phys: N/A
    Diffusion: theta=nan, omega=nan

--- Chunk 87407 (68/220) | Start: 2025-06-24 13:45:00 ---
    RMSE omega (GP): 0.004022 | RMSE omega (Sim): 0.177560
    Loss: 131.7091 | Epoch: 5098
    Eq omega: -0.005571 + -0.33052theta + -0.01208omega + -0.24496theta^2 + -0.13758theta omega + 0.01280omega^2 + -0.03952theta^3 + -0.00065theta^2 omega + -0.01188theta omega^2 + -0.00941omega^3
    Eq omega Phys: -0.050321*omega**3 - 0.002118*omega**2*theta + 0.018131*omega**2 - 4.0e-6*omega*theta**2 - 0.00189*omega*theta + 0.011094*omega - 8.0e-6*theta**3 + 2.6e-5*theta**2 + 0.000166*theta - 0.000259
    Diffusion: theta=6.541881e-05, omega=1.927631e-05

--- Chunk 87408 (69/220) | Start: 2025-06-24 13:50:00 ---
    RMSE omega (GP): 0.004620 | RMSE omega (Sim): 0.111248
    Loss: 100.8531 | Epoch: 7380
    Eq omega: 0.075851 + -0.07611theta + 0.04026omega + 0.04801theta^2 + -0.13887theta omega + 0.04239omega^2 + -0.11444theta^3 + 0.06582theta^2 omega + 0.02046theta omega^2 + -0.12538omega^3
    Eq omega Phys: -0.40212*omega**3 + 0.002187*omega**2*theta + 0.012603*omega**2 + 0.000235*omega*theta**2 - 0.001783*omega*theta + 0.002289*omega - 1.4e-5*theta**3 + 4.1e-5*theta**2 - 0.000118*theta + 0.000315
    Diffusion: theta=2.987082e-04, omega=1.797291e-05

--- Chunk 87409 (70/220) | Start: 2025-06-24 13:55:00 ---
    RMSE omega (GP): 0.005080 | RMSE omega (Sim): 1.622259
    Loss: 132.4956 | Epoch: 7601
    Eq omega: -0.011991 + -0.08169theta + 0.06720omega + 0.00026theta^2 + 0.01789theta omega + -0.03380omega^2 + 0.00117theta^3 + 0.01422theta^2 omega + -0.02377theta omega^2 + -0.00430omega^3
    Eq omega Phys: -0.0151*omega**3 - 0.002782*omega**2*theta - 0.0417*omega**2 + 5.5e-5*omega*theta**2 + 0.001406*omega*theta + 0.010958*omega + 5.0e-6*theta**2 - 3.5e-5*theta - 0.000817
    Diffusion: theta=1.182575e-04, omega=1.190733e-05

--- Chunk 87410 (71/220) | Start: 2025-06-24 14:00:00 ---
    RMSE omega (GP): 0.005336 | RMSE omega (Sim): 0.045964
    Loss: 250.4449 | Epoch: 9999
    Eq omega: 0.091451 + -0.00579theta + -0.08272omega + -0.00267theta^2 + 0.00428theta omega + 0.01517omega^2 + -0.00005theta^3 + 0.00111theta^2 omega + -0.00041theta omega^2 + -0.00154omega^3
    Eq omega Phys: -0.008513*omega**3 - 7.6e-5*omega**2*theta + 0.004312*omega**2 + 7.0e-6*omega*theta**2 + 0.000458*omega*theta + 0.004807*omega - 2.0e-6*theta**2 - 0.000107*theta - 0.001283
    Diffusion: theta=7.043906e-04, omega=1.147336e-05

--- Chunk 87411 (72/220) | Start: 2025-06-24 14:05:00 ---
    RMSE omega (GP): 0.004998 | RMSE omega (Sim): 0.101144
    Loss: 167.8457 | Epoch: 9249
    Eq omega: 0.698671 + -0.33271theta + -0.70001omega + -0.60066theta^2 + -0.02021theta omega + 0.13536omega^2 + -0.00939theta^3 + -0.00768theta^2 omega + -0.02181theta omega^2 + -0.02660omega^3
    Eq omega Phys: -0.118809*omega**3 - 0.003247*omega**2*theta + 0.049963*omega**2 - 3.8e-5*omega*theta**2 - 0.000313*omega*theta - 0.023534*omega - 2.0e-6*theta**3 - 0.000261*theta**2 - 0.000731*theta + 0.001628
    Diffusion: theta=1.469068e-04, omega=1.529402e-05

--- Chunk 87412 (73/220) | Start: 2025-06-24 14:10:00 ---
    RMSE omega (GP): 0.004211 | RMSE omega (Sim): 0.059041
    Loss: 79.0742 | Epoch: 9999
    Eq omega: 0.008111 + -0.29452theta + -0.47629omega + 0.09433theta^2 + -0.00970theta omega + -0.17397omega^2 + -0.00873theta^3 + 0.00070theta^2 omega + 0.00566theta omega^2 + -0.11193omega^3
    Eq omega Phys: -0.332536*omega**3 + 0.000561*omega**2*theta - 0.048133*omega**2 + 2.0e-6*omega*theta**2 - 4.7e-5*omega*theta - 0.016755*omega - 0.e-6*theta**3 - 1.0e-6*theta**2 + 5.0e-5*theta - 0.000819
    Diffusion: theta=1.947186e-04, omega=1.893001e-05

--- Chunk 87413 (74/220) | Start: 2025-06-24 14:15:00 ---
    RMSE omega (GP): 0.006163 | RMSE omega (Sim): 0.084729
    Loss: 473.3826 | Epoch: 9999
    Eq omega: -0.025471 + -0.00622theta + -0.10060omega + -0.00859theta^2 + -0.00773theta omega + 0.03067omega^2 + -0.00011theta^3 + -0.00005theta^2 omega + 0.00165theta omega^2 + -0.00797omega^3
    Eq omega Phys: -0.065159*omega**3 + 0.00045*omega**2*theta + 0.023198*omega**2 - 0.000149*omega*theta - 0.005619*omega - 7.0e-6*theta**2 - 0.000192*theta - 0.001574
    Diffusion: theta=4.019713e-04, omega=9.488944e-06

--- Chunk 87414 (75/220) | Start: 2025-06-24 14:20:00 ---
    RMSE omega (GP): nan | RMSE omega (Sim): nan
    Loss: 65872.5859 | Epoch: 1238
    Eq omega: nan1 + nantheta + nanomega + nantheta^2 + nantheta omega + nanomega^2 + nantheta^3 + nantheta^2 omega + nantheta omega^2 + nanomega^3
    Eq omega Phys: N/A
    Diffusion: theta=nan, omega=nan

--- Chunk 87415 (76/220) | Start: 2025-06-24 14:25:00 ---
    RMSE omega (GP): 0.004738 | RMSE omega (Sim): nan
    Loss: 275.3050 | Epoch: 5821
    Eq omega: 0.115111 + -0.04503theta + 0.00481omega + -0.01196theta^2 + -0.10919theta omega + 0.26515omega^2 + -0.21872theta^3 + 0.37113theta^2 omega + -0.50291theta omega^2 + 0.06304omega^3
    Eq omega Phys: 0.51239*omega**3 - 0.136255*omega**2*theta + 0.000245*omega**2 + 0.003352*omega*theta**2 + 0.004883*omega*theta + 0.001671*omega - 6.6e-5*theta**3 - 0.000207*theta**2 - 0.000266*theta + 0.00012
    Diffusion: theta=1.657973e-04, omega=1.246257e-05

--- Chunk 87416 (77/220) | Start: 2025-06-24 14:30:00 ---
    RMSE omega (GP): 0.004072 | RMSE omega (Sim): 0.060457
    Loss: 145.7288 | Epoch: 5124
    Eq omega: 0.048851 + -0.79350theta + -1.55042omega + 0.61065theta^2 + 0.56084theta omega + -0.38051omega^2 + -0.20736theta^3 + -0.23415theta^2 omega + -1.50215theta omega^2 + -0.12496omega^3
    Eq omega Phys: -0.749059*omega**3 - 0.300149*omega**2*theta - 1.241443*omega**2 - 0.00156*omega*theta**2 - 0.002777*omega*theta - 0.041722*omega - 4.6e-5*theta**3 - 0.00019*theta**2 - 0.000476*theta - 0.001255
    Diffusion: theta=1.705391e-04, omega=8.564093e-06

--- Chunk 87417 (78/220) | Start: 2025-06-24 14:35:00 ---
    RMSE omega (GP): 0.003698 | RMSE omega (Sim): 0.138075
    Loss: 198.7581 | Epoch: 4874
    Eq omega: -0.321201 + -0.21043theta + 0.15823omega + 0.15336theta^2 + 0.57188theta omega + 0.01734omega^2 + -3.06791theta^3 + 0.29571theta^2 omega + -0.15056theta omega^2 + -0.02675omega^3
    Eq omega Phys: -0.253746*omega**3 - 0.047606*omega**2*theta - 0.038847*omega**2 + 0.003117*omega*theta**2 + 0.017082*omega*theta + 0.019464*omega - 0.001078*theta**3 - 0.003205*theta**2 - 0.003408*theta - 0.00192
    Diffusion: theta=1.449680e-04, omega=1.131726e-05

--- Chunk 87418 (79/220) | Start: 2025-06-24 14:40:00 ---
    RMSE omega (GP): 0.004165 | RMSE omega (Sim): 0.082128
    Loss: 108.5978 | Epoch: 8040
    Eq omega: -0.032401 + 0.05210theta + -0.06883omega + -0.01883theta^2 + 0.10477theta omega + 0.26819omega^2 + -0.09681theta^3 + -0.04566theta^2 omega + 0.04160theta omega^2 + 0.00261omega^3
    Eq omega Phys: 0.011071*omega**3 + 0.005882*omega**2*theta + 0.118948*omega**2 - 0.000215*omega*theta**2 - 1.1e-5*omega*theta - 0.000291*omega - 1.5e-5*theta**3 - 0.000148*theta**2 - 0.000423*theta - 0.000435
    Diffusion: theta=9.052101e-05, omega=1.195234e-05

--- Chunk 87419 (80/220) | Start: 2025-06-24 14:45:00 ---
    RMSE omega (GP): 0.004891 | RMSE omega (Sim): 0.969357
    Loss: 287.9094 | Epoch: 6145
    Eq omega: -0.134991 + -0.75622theta + 0.97071omega + 0.13261theta^2 + -0.03637theta omega + -0.24162omega^2 + 0.00020theta^3 + 0.00741theta^2 omega + -0.00761theta omega^2 + -0.00652omega^3
    Eq omega Phys: -0.052642*omega**3 - 0.002048*omega**2*theta - 0.122081*omega**2 + 6.6e-5*omega*theta**2 - 0.000841*omega*theta + 0.033529*omega + 7.6e-5*theta**2 - 0.001084*theta + 0.001245
    Diffusion: theta=5.766275e-05, omega=8.697686e-06

--- Chunk 87420 (81/220) | Start: 2025-06-24 14:50:00 ---
    RMSE omega (GP): 0.004860 | RMSE omega (Sim): 0.059069
    Loss: 296.4648 | Epoch: 9985
    Eq omega: -0.031821 + -0.04260theta + -0.06637omega + 0.00014theta^2 + 0.00600theta omega + -0.00223omega^2 + -0.00061theta^3 + 0.00065theta^2 omega + 0.00200theta omega^2 + -0.03525omega^3
    Eq omega Phys: -0.293221*omega**3 + 0.000555*omega**2*theta - 0.008887*omega**2 + 6.0e-6*omega*theta**2 - 6.2e-5*omega*theta - 0.002515*omega + 8.0e-6*theta**2 - 0.000159*theta + 0.001112
    Diffusion: theta=1.104838e-04, omega=1.157899e-05

--- Chunk 87421 (82/220) | Start: 2025-06-24 14:55:00 ---
    RMSE omega (GP): 0.005607 | RMSE omega (Sim): nan
    Loss: 367.9780 | Epoch: 9999
    Eq omega: 0.270621 + -0.03295theta + 0.11500omega + 0.00163theta^2 + -0.00523theta omega + 0.03493omega^2 + -0.00066theta^3 + -0.00033theta^2 omega + -0.00136theta omega^2 + 0.00903omega^3
    Eq omega Phys: 0.067652*omega**3 - 0.00034*omega**2*theta + 0.022566*omega**2 - 3.0e-6*omega*theta**2 - 4.0e-6*omega*theta + 0.004522*omega + 9.0e-6*theta**2 - 0.000188*theta + 0.001981
    Diffusion: theta=4.068388e-04, omega=1.505894e-05

--- Chunk 87422 (83/220) | Start: 2025-06-24 15:00:00 ---
    RMSE omega (GP): nan | RMSE omega (Sim): nan
    Loss: 340.6969 | Epoch: 9984
    Eq omega: nan1 + nantheta + nanomega + nantheta^2 + nantheta omega + nanomega^2 + nantheta^3 + nantheta^2 omega + nantheta omega^2 + nanomega^3
    Eq omega Phys: N/A
    Diffusion: theta=nan, omega=nan

--- Chunk 87423 (84/220) | Start: 2025-06-24 15:05:00 ---
    RMSE omega (GP): nan | RMSE omega (Sim): nan
    Loss: 5203.6807 | Epoch: 659
    Eq omega: nan1 + nantheta + nanomega + nantheta^2 + nantheta omega + nanomega^2 + nantheta^3 + nantheta^2 omega + nantheta omega^2 + nanomega^3
    Eq omega Phys: N/A
    Diffusion: theta=nan, omega=nan

--- Chunk 87424 (85/220) | Start: 2025-06-24 15:10:00 ---
    RMSE omega (GP): 0.016452 | RMSE omega (Sim): 0.115885
    Loss: 1676.0096 | Epoch: 9999
    Eq omega: -0.406211 + -0.06984theta + 0.19771omega + -0.00362theta^2 + 0.01870theta omega + -0.14702omega^2 + -0.00074theta^3 + 0.01438theta^2 omega + -0.00392theta omega^2 + -0.00253omega^3
    Eq omega Phys: -0.010239*omega**3 - 0.000529*omega**2*theta - 0.042523*omega**2 + 6.5e-5*omega*theta**2 - 0.002578*omega*theta + 0.032073*omega + 6.0e-6*theta**2 - 0.00017*theta + 0.000893
    Diffusion: theta=3.457976e-04, omega=5.328644e-06

--- Chunk 87425 (86/220) | Start: 2025-06-24 15:15:00 ---
    RMSE omega (GP): 0.005585 | RMSE omega (Sim): 0.047477
    Loss: 229.6712 | Epoch: 9999
    Eq omega: 0.026831 + -0.17402theta + -0.00266omega + 0.06118theta^2 + -0.00222theta omega + 0.00537omega^2 + -0.00305theta^3 + 0.00060theta^2 omega + 0.00477theta omega^2 + -0.02347omega^3
    Eq omega Phys: -0.113925*omega**3 + 0.000772*omega**2*theta + 0.014137*omega**2 + 3.0e-6*omega*theta**2 + 7.1e-5*omega*theta + 0.000229*omega - 0.e-6*theta**3 + 2.0e-6*theta**2 + 0.000259*theta + 0.001609
    Diffusion: theta=2.255887e-04, omega=1.222412e-05

--- Chunk 87426 (87/220) | Start: 2025-06-24 15:20:00 ---
    RMSE omega (GP): 0.009039 | RMSE omega (Sim): 0.068039
    Loss: 676.4994 | Epoch: 9999
    Eq omega: -0.206061 + -0.01538theta + 0.01543omega + -0.00108theta^2 + 0.00161theta omega + 0.00069omega^2 + -0.00088theta^3 + 0.00037theta^2 omega + 0.00015theta omega^2 + -0.00083omega^3
    Eq omega Phys: -0.004453*omega**3 + 2.7e-5*omega**2*theta - 0.000504*omega**2 + 2.0e-6*omega*theta**2 - 0.000108*omega*theta + 0.001784*omega + 1.5e-5*theta**2 - 0.000449*theta + 0.004091
    Diffusion: theta=5.478140e-04, omega=6.382661e-06

--- Chunk 87427 (88/220) | Start: 2025-06-24 15:25:00 ---
    RMSE omega (GP): 0.004738 | RMSE omega (Sim): 0.147299
    Loss: 283.5917 | Epoch: 6189
    Eq omega: -0.111001 + -0.06746theta + -0.03322omega + 0.07907theta^2 + 0.00670theta omega + 0.00756omega^2 + -0.00875theta^3 + -0.00085theta^2 omega + 0.00273theta omega^2 + 0.00339omega^3
    Eq omega Phys: 0.028513*omega**3 + 0.000765*omega**2*theta - 0.001489*omega**2 - 8.0e-6*omega*theta**2 + 0.000232*omega*theta - 0.002365*omega - 3.0e-6*theta**3 + 0.000105*theta**2 - 0.001163*theta + 0.003706
    Diffusion: theta=1.155107e-04, omega=1.167774e-05

--- Chunk 87428 (89/220) | Start: 2025-06-24 15:30:00 ---
    RMSE omega (GP): nan | RMSE omega (Sim): nan
    Loss: 269455.3750 | Epoch: 1311
    Eq omega: nan1 + nantheta + nanomega + nantheta^2 + nantheta omega + nanomega^2 + nantheta^3 + nantheta^2 omega + nantheta omega^2 + nanomega^3
    Eq omega Phys: N/A
    Diffusion: theta=nan, omega=nan

--- Chunk 87429 (90/220) | Start: 2025-06-24 15:35:00 ---
    RMSE omega (GP): 0.003642 | RMSE omega (Sim): nan
    Loss: 156.4091 | Epoch: 9607
    Eq omega: -0.054111 + 0.01521theta + 0.05302omega + 0.00016theta^2 + 0.01115theta omega + 0.00388omega^2 + -0.00013theta^3 + 0.00013theta^2 omega + 0.00138theta omega^2 + 0.00029omega^3
    Eq omega Phys: 0.00222*omega**3 + 0.000352*omega**2*theta - 0.004766*omega**2 + 1.0e-6*omega*theta**2 + 0.000146*omega*theta - 0.001415*omega + 2.0e-6*theta**2 - 2.7e-5*theta - 0.000152
    Diffusion: theta=2.977674e-04, omega=1.245994e-05

--- Chunk 87430 (91/220) | Start: 2025-06-24 15:40:00 ---
    RMSE omega (GP): 0.005377 | RMSE omega (Sim): nan
    Loss: 138.5465 | Epoch: 7119
    Eq omega: -0.125921 + -0.03234theta + 0.30119omega + 0.01180theta^2 + 0.03696theta omega + -0.27773omega^2 + -0.01007theta^3 + -0.00871theta^2 omega + -0.01564theta omega^2 + 0.04499omega^3
    Eq omega Phys: 0.144871*omega**3 - 0.001679*omega**2*theta - 0.08902*omega**2 - 3.1e-5*omega*theta**2 + 0.000477*omega*theta + 0.009523*omega - 1.0e-6*theta**3 + 9.0e-6*theta**2 - 5.1e-5*theta - 0.000377
    Diffusion: theta=1.827126e-04, omega=1.836248e-05

--- Chunk 87431 (92/220) | Start: 2025-06-24 15:45:00 ---
    RMSE omega (GP): 0.005053 | RMSE omega (Sim): 0.120985
    Loss: 83.7910 | Epoch: 9999
    Eq omega: 0.401001 + -0.18066theta + 0.17000omega + 0.00630theta^2 + -0.04794theta omega + -0.01251omega^2 + 0.00020theta^3 + 0.00099theta^2 omega + -0.00597theta omega^2 + -0.01387omega^3
    Eq omega Phys: -0.031355*omega**3 - 0.00045*omega**2*theta - 0.002066*omega**2 + 2.0e-6*omega*theta**2 - 0.000454*omega*theta + 0.007023*omega + 2.0e-6*theta**2 - 0.000212*theta + 0.002251
    Diffusion: theta=1.650012e-04, omega=1.644012e-05

--- Chunk 87432 (93/220) | Start: 2025-06-24 15:50:00 ---
    RMSE omega (GP): nan | RMSE omega (Sim): nan
    Loss: 14088.2646 | Epoch: 922
    Eq omega: nan1 + nantheta + nanomega + nantheta^2 + nantheta omega + nanomega^2 + nantheta^3 + nantheta^2 omega + nantheta omega^2 + nanomega^3
    Eq omega Phys: N/A
    Diffusion: theta=nan, omega=nan

--- Chunk 87433 (94/220) | Start: 2025-06-24 15:55:00 ---
    RMSE omega (GP): 0.006545 | RMSE omega (Sim): 0.140695
    Loss: 306.6887 | Epoch: 9999
    Eq omega: -0.013541 + 0.00245theta + -0.01096omega + -0.00104theta^2 + 0.00094theta omega + -0.04294omega^2 + -0.00022theta^3 + -0.00055theta^2 omega + 0.00001theta omega^2 + -0.01112omega^3
    Eq omega Phys: -0.052643*omega**3 + 2.0e-6*omega**2*theta - 0.017076*omega**2 - 3.0e-6*omega*theta**2 + 8.0e-5*omega*theta - 0.000908*omega + 1.0e-6*theta**2 - 2.0e-6*theta - 7.1e-5
    Diffusion: theta=2.141600e-04, omega=1.478708e-05

--- Chunk 87434 (95/220) | Start: 2025-06-24 16:00:00 ---
    RMSE omega (GP): 0.004982 | RMSE omega (Sim): 0.239451
    Loss: 464.9206 | Epoch: 9999
    Eq omega: 0.279091 + -0.00031theta + 0.05427omega + -0.00137theta^2 + -0.00058theta omega + 0.02051omega^2 + -0.00016theta^3 + -0.00052theta^2 omega + -0.00083theta omega^2 + 0.00231omega^3
    Eq omega Phys: 0.028385*omega**3 - 0.00034*omega**2*theta + 0.019509*omega**2 - 7.0e-6*omega*theta**2 + 0.000254*omega*theta - 0.000462*omega + 3.0e-6*theta**2 - 4.1e-5*theta + 0.00063
    Diffusion: theta=2.528405e-04, omega=8.339897e-06

--- Chunk 87435 (96/220) | Start: 2025-06-24 16:05:00 ---
    RMSE omega (GP): 0.005395 | RMSE omega (Sim): nan
    Loss: 212.5817 | Epoch: 4734
    Eq omega: -0.068561 + -0.42288theta + 0.20345omega + -0.06806theta^2 + 0.02148theta omega + -0.02889omega^2 + -0.03145theta^3 + 0.00883theta^2 omega + 0.00522theta omega^2 + 0.02957omega^3
    Eq omega Phys: 0.142621*omega**3 + 0.000839*omega**2*theta - 0.013996*omega**2 + 4.7e-5*omega*theta**2 + 1.5e-5*omega*theta + 0.006347*omega - 6.0e-6*theta**3 + 1.8e-5*theta**2 - 0.000435*theta + 0.001044
    Diffusion: theta=1.006963e-04, omega=1.934156e-05

--- Chunk 87436 (97/220) | Start: 2025-06-24 16:10:00 ---
    RMSE omega (GP): nan | RMSE omega (Sim): nan
    Loss: 30660.7539 | Epoch: 1062
    Eq omega: nan1 + nantheta + nanomega + nantheta^2 + nantheta omega + nanomega^2 + nantheta^3 + nantheta^2 omega + nantheta omega^2 + nanomega^3
    Eq omega Phys: N/A
    Diffusion: theta=nan, omega=nan

--- Chunk 87437 (98/220) | Start: 2025-06-24 16:15:00 ---
    RMSE omega (GP): 0.004710 | RMSE omega (Sim): 0.048739
    Loss: 343.5211 | Epoch: 9999
    Eq omega: 0.107561 + -0.00232theta + -0.00199omega + 0.00689theta^2 + 0.00028theta omega + 0.00101omega^2 + -0.00033theta^3 + 0.00007theta^2 omega + 0.00083theta omega^2 + -0.00027omega^3
    Eq omega Phys: -0.002744*omega**3 + 0.000281*omega**2*theta + 0.006364*omega**2 + 1.0e-6*omega*theta**2 + 3.8e-5*omega*theta + 0.000379*omega - 3.0e-6*theta**2 + 2.3e-5*theta + 0.000956
    Diffusion: theta=1.918968e-04, omega=1.297899e-05

--- Chunk 87438 (99/220) | Start: 2025-06-24 16:20:00 ---
    RMSE omega (GP): nan | RMSE omega (Sim): nan
    Loss: 3447.8977 | Epoch: 868
    Eq omega: nan1 + nantheta + nanomega + nantheta^2 + nantheta omega + nanomega^2 + nantheta^3 + nantheta^2 omega + nantheta omega^2 + nanomega^3
    Eq omega Phys: N/A
    Diffusion: theta=nan, omega=nan

--- Chunk 87439 (100/220) | Start: 2025-06-24 16:25:00 ---
    RMSE omega (GP): 0.008726 | RMSE omega (Sim): 0.063377
    Loss: 671.5579 | Epoch: 9999
    Eq omega: -0.060691 + -0.00196theta + -0.04168omega + -0.00152theta^2 + 0.00016theta omega + -0.01751omega^2 + 0.00003theta^3 + -0.00019theta^2 omega + -0.00006theta omega^2 + -0.00371omega^3
    Eq omega Phys: -0.020592*omega**3 - 1.1e-5*omega**2*theta - 0.007251*omega**2 - 1.0e-6*omega*theta**2 + 6.2e-5*omega*theta - 0.002196*omega - 1.0e-6*theta**2 + 4.6e-5*theta - 0.000665
    Diffusion: theta=1.113208e-03, omega=6.823031e-06

  [Progress 100/220] Mean RMSE omega (GP): 0.005148 | (Sim): 0.166079 | Mean loss: 257030.8659 | Valid GP: 56/100 | Valid Sim: 45/100 | Elapsed: 228.5min | ETA: 274.1min

--- Chunk 87440 (101/220) | Start: 2025-06-24 16:30:00 ---
    RMSE omega (GP): 0.004405 | RMSE omega (Sim): 0.066214
    Loss: 107.7745 | Epoch: 6530
    Eq omega: 0.032871 + -2.74795theta + -0.27335omega + 0.01631theta^2 + 1.16684theta omega + -0.05557omega^2 + 0.15030theta^3 + 0.00237theta^2 omega + -0.02014theta omega^2 + -0.03754omega^3
    Eq omega Phys: -0.139793*omega**3 - 0.0025*omega**2*theta - 0.003224*omega**2 + 1.0e-5*omega*theta**2 + 0.013575*omega*theta - 0.098336*omega + 2.1e-5*theta**3 - 0.0004*theta**2 - 0.000475*theta + 0.014547
    Diffusion: theta=1.469865e-04, omega=1.648382e-05

--- Chunk 87441 (102/220) | Start: 2025-06-24 16:35:00 ---
    RMSE omega (GP): 0.009021 | RMSE omega (Sim): 0.070138
    Loss: 302.9233 | Epoch: 9999
    Eq omega: 0.028801 + -0.01127theta + 0.00841omega + -0.01204theta^2 + 0.05377theta omega + -0.00631omega^2 + -0.00216theta^3 + -0.00056theta^2 omega + -0.00078theta omega^2 + 0.00151omega^3
    Eq omega Phys: 0.003473*omega**3 - 6.0e-5*omega**2*theta - 0.002946*omega**2 - 1.0e-6*omega*theta**2 + 0.000439*omega*theta + 0.009652*omega - 1.5e-5*theta**2 - 0.000383*theta - 0.003104
    Diffusion: theta=1.147475e-03, omega=1.437548e-05

--- Chunk 87442 (103/220) | Start: 2025-06-24 16:40:00 ---
    RMSE omega (GP): 0.005491 | RMSE omega (Sim): 0.078390
    Loss: 153.5414 | Epoch: 8954
    Eq omega: 0.008961 + -0.05247theta + -0.39402omega + 0.00710theta^2 + -0.02809theta omega + 0.01489omega^2 + -0.10019theta^3 + 0.02483theta^2 omega + 0.16637theta omega^2 + -0.06016omega^3
    Eq omega Phys: -0.206283*omega**3 + 0.019016*omega**2*theta - 0.087823*omega**2 + 9.5e-5*omega*theta**2 - 0.00124*omega*theta - 0.009332*omega - 1.3e-5*theta**3 + 0.000189*theta**2 - 0.000995*theta + 0.001859
    Diffusion: theta=1.995185e-04, omega=1.332686e-05

--- Chunk 87443 (104/220) | Start: 2025-06-24 16:45:00 ---
    RMSE omega (GP): nan | RMSE omega (Sim): nan
    Loss: 1566.6885 | Epoch: 1625
    Eq omega: nan1 + nantheta + nanomega + nantheta^2 + nantheta omega + nanomega^2 + nantheta^3 + nantheta^2 omega + nantheta omega^2 + nanomega^3
    Eq omega Phys: N/A
    Diffusion: theta=nan, omega=nan

--- Chunk 87444 (105/220) | Start: 2025-06-24 16:50:00 ---
    RMSE omega (GP): 0.006320 | RMSE omega (Sim): 0.043212
    Loss: 483.4744 | Epoch: 9999
    Eq omega: -0.014131 + -0.00135theta + -0.06040omega + -0.00332theta^2 + 0.00113theta omega + -0.02496omega^2 + -0.00140theta^3 + -0.00063theta^2 omega + -0.00070theta omega^2 + -0.00003omega^3
    Eq omega Phys: -0.000231*omega**3 - 0.00018*omega**2*theta - 0.009602*omega**2 - 5.0e-6*omega*theta**2 + 0.000202*omega*theta - 0.003885*omega + 1.8e-5*theta**2 - 0.000282*theta + 0.001401
    Diffusion: theta=5.874014e-04, omega=1.096818e-05

--- Chunk 87445 (106/220) | Start: 2025-06-24 16:55:00 ---
    RMSE omega (GP): 0.004867 | RMSE omega (Sim): 0.136872
    Loss: 127.1136 | Epoch: 9999
    Eq omega: 0.017031 + -0.51985theta + 0.30184omega + -0.60288theta^2 + -0.00573theta omega + 0.15913omega^2 + -0.19139theta^3 + -0.24769theta^2 omega + 0.44885theta omega^2 + 0.00918omega^3
    Eq omega Phys: 0.033058*omega**3 + 0.053879*omega**2*theta + 0.186415*omega**2 - 0.000991*omega*theta**2 - 0.004896*omega*theta + 0.004016*omega - 2.6e-5*theta**3 - 0.000419*theta**2 - 0.002163*theta - 0.0031
    Diffusion: theta=1.204820e-04, omega=1.265355e-05

--- Chunk 87446 (107/220) | Start: 2025-06-24 17:00:00 ---
    RMSE omega (GP): 0.005068 | RMSE omega (Sim): nan
    Loss: 378.1550 | Epoch: 9999
    Eq omega: -0.269561 + -0.08222theta + -0.00016omega + -0.00165theta^2 + 0.08913theta omega + -0.21055omega^2 + -0.00161theta^3 + -0.00500theta^2 omega + -0.00526theta omega^2 + 0.08650omega^3
    Eq omega Phys: 0.844508*omega**3 - 0.001712*omega**2*theta - 0.140999*omega**2 - 5.4e-5*omega*theta**2 + 0.000371*omega*theta + 0.0126*omega - 0.e-6*theta**3 - 2.2e-5*theta**2 - 0.000377*theta - 0.002853
    Diffusion: theta=8.221553e-05, omega=1.085938e-05

--- Chunk 87447 (108/220) | Start: 2025-06-24 17:05:00 ---
    RMSE omega (GP): nan | RMSE omega (Sim): nan
    Loss: 10760.0674 | Epoch: 1278
    Eq omega: nan1 + nantheta + nanomega + nantheta^2 + nantheta omega + nanomega^2 + nantheta^3 + nantheta^2 omega + nantheta omega^2 + nanomega^3
    Eq omega Phys: N/A
    Diffusion: theta=nan, omega=nan

--- Chunk 87448 (109/220) | Start: 2025-06-24 17:10:00 ---
    RMSE omega (GP): 0.005130 | RMSE omega (Sim): 1.578757
    Loss: 97.9217 | Epoch: 7976
    Eq omega: -0.003611 + -0.60323theta + 0.10945omega + 0.26124theta^2 + -0.01617theta omega + -0.00826omega^2 + -0.00806theta^3 + 0.02150theta^2 omega + 0.00377theta omega^2 + -0.00918omega^3
    Eq omega Phys: -0.023143*omega**3 + 0.000317*omega**2*theta - 0.000936*omega**2 + 6.0e-5*omega*theta**2 + 0.000398*omega*theta + 0.004205*omega - 0.e-6*theta**3 + 7.4e-5*theta**2 + 5.6e-5*theta - 0.00139
    Diffusion: theta=3.519279e-04, omega=1.458572e-05

--- Chunk 87449 (110/220) | Start: 2025-06-24 17:15:00 ---
    RMSE omega (GP): nan | RMSE omega (Sim): nan
    Loss: 11248.2021 | Epoch: 875
    Eq omega: nan1 + nantheta + nanomega + nantheta^2 + nantheta omega + nanomega^2 + nantheta^3 + nantheta^2 omega + nantheta omega^2 + nanomega^3
    Eq omega Phys: N/A
    Diffusion: theta=nan, omega=nan

--- Chunk 87450 (111/220) | Start: 2025-06-24 17:20:00 ---
    RMSE omega (GP): 0.003788 | RMSE omega (Sim): nan
    Loss: 204.2233 | Epoch: 6912
    Eq omega: -0.005181 + 0.01695theta + 0.16854omega + -0.02808theta^2 + -0.00781theta omega + 0.01360omega^2 + -0.00302theta^3 + 0.01886theta^2 omega + -0.00120theta omega^2 + 0.00554omega^3
    Eq omega Phys: 0.052296*omega**3 - 0.000378*omega**2*theta + 0.010024*omega**2 + 0.000198*omega*theta**2 - 0.002656*omega*theta + 0.014504*omega - 1.0e-6*theta**3 + 3.0e-6*theta**2 + 0.000113*theta - 0.000564
    Diffusion: theta=4.362820e-05, omega=1.205217e-05

--- Chunk 87451 (112/220) | Start: 2025-06-24 17:25:00 ---
    RMSE omega (GP): 0.005607 | RMSE omega (Sim): 0.082636
    Loss: 462.0048 | Epoch: 9488
    Eq omega: 0.024591 + -0.01005theta + -0.42607omega + 0.05470theta^2 + 0.02096theta omega + -0.17657omega^2 + -0.00029theta^3 + -0.00188theta^2 omega + -0.08455theta omega^2 + -0.03421omega^3
    Eq omega Phys: -0.334697*omega**3 - 0.027573*omega**2*theta + 0.169012*omega**2 - 2.0e-5*omega*theta**2 + 0.000799*omega*theta - 0.020064*omega + 3.8e-5*theta**2 - 0.000721*theta + 0.00358
    Diffusion: theta=9.415698e-05, omega=1.017901e-05

--- Chunk 87452 (113/220) | Start: 2025-06-24 17:30:00 ---
    RMSE omega (GP): 0.004964 | RMSE omega (Sim): 0.112822
    Loss: 189.3503 | Epoch: 7323
    Eq omega: -0.121161 + -0.02064theta + -0.00542omega + 0.00323theta^2 + -0.01478theta omega + 0.05231omega^2 + -0.00076theta^3 + 0.00238theta^2 omega + -0.02101theta omega^2 + 0.04909omega^3
    Eq omega Phys: 0.254955*omega**3 - 0.003637*omega**2*theta + 0.033835*omega**2 + 1.4e-5*omega*theta**2 - 0.000296*omega*theta + 0.000651*omega + 3.0e-6*theta**2 - 3.8e-5*theta - 0.000226
    Diffusion: theta=6.778208e-05, omega=1.422852e-05

--- Chunk 87453 (114/220) | Start: 2025-06-24 17:35:00 ---
    RMSE omega (GP): nan | RMSE omega (Sim): nan
    Loss: 13450.5498 | Epoch: 1153
    Eq omega: nan1 + nantheta + nanomega + nantheta^2 + nantheta omega + nanomega^2 + nantheta^3 + nantheta^2 omega + nantheta omega^2 + nanomega^3
    Eq omega Phys: N/A
    Diffusion: theta=nan, omega=nan

--- Chunk 87454 (115/220) | Start: 2025-06-24 17:40:00 ---
    RMSE omega (GP): 0.005087 | RMSE omega (Sim): 0.072651
    Loss: 235.7336 | Epoch: 7067
    Eq omega: -0.089531 + -0.39627theta + -0.02181omega + -0.00328theta^2 + 0.09380theta omega + -0.04845omega^2 + -0.02693theta^3 + -0.00672theta^2 omega + 0.04402theta omega^2 + -0.02476omega^3
    Eq omega Phys: -0.149805*omega**3 + 0.008878*omega**2*theta - 0.122921*omega**2 - 4.5e-5*omega*theta**2 + 0.002434*omega*theta - 0.022593*omega - 6.0e-6*theta**3 + 0.000205*theta**2 - 0.002754*theta + 0.013512
    Diffusion: theta=9.345481e-05, omega=1.250385e-05

--- Chunk 87455 (116/220) | Start: 2025-06-24 17:45:00 ---
    RMSE omega (GP): 0.004788 | RMSE omega (Sim): nan
    Loss: 105.0700 | Epoch: 6419
    Eq omega: 0.000371 + -0.29181theta + 0.40000omega + -0.22943theta^2 + -0.01231theta omega + -0.08930omega^2 + -0.01245theta^3 + 0.01053theta^2 omega + 0.01379theta omega^2 + 0.04493omega^3
    Eq omega Phys: 0.139181*omega**3 + 0.001424*omega**2*theta - 0.030548*omega**2 + 3.6e-5*omega*theta**2 - 0.000226*omega*theta + 0.013566*omega - 1.0e-6*theta**3 - 7.6e-5*theta**2 - 0.000118*theta + 0.000288
    Diffusion: theta=2.519776e-04, omega=1.760339e-05

--- Chunk 87456 (117/220) | Start: 2025-06-24 17:50:00 ---
    RMSE omega (GP): nan | RMSE omega (Sim): nan
    Loss: 15672.0928 | Epoch: 997
    Eq omega: nan1 + nantheta + nanomega + nantheta^2 + nantheta omega + nanomega^2 + nantheta^3 + nantheta^2 omega + nantheta omega^2 + nanomega^3
    Eq omega Phys: N/A
    Diffusion: theta=nan, omega=nan

--- Chunk 87457 (118/220) | Start: 2025-06-24 17:55:00 ---
    RMSE omega (GP): 0.004041 | RMSE omega (Sim): 0.094391
    Loss: 327.4347 | Epoch: 9626
    Eq omega: -0.404151 + -0.05849theta + -0.23261omega + -0.00713theta^2 + 0.00176theta omega + -0.02425omega^2 + -0.00029theta^3 + -0.00029theta^2 omega + 0.00409theta omega^2 + 0.00125omega^3
    Eq omega Phys: 0.016726*omega**3 + 0.001824*omega**2*theta - 0.042394*omega**2 - 4.0e-6*omega*theta**2 + 0.000163*omega*theta - 0.009206*omega + 1.0e-6*theta**2 - 2.0e-6*theta - 0.000405
    Diffusion: theta=1.022790e-04, omega=6.622149e-06

--- Chunk 87458 (119/220) | Start: 2025-06-24 18:00:00 ---
    RMSE omega (GP): 0.004375 | RMSE omega (Sim): 0.100495
    Loss: 87.8063 | Epoch: 7022
    Eq omega: -0.138141 + -0.04387theta + -0.08001omega + 0.09141theta^2 + 0.00976theta omega + -0.13063omega^2 + 0.00088theta^3 + 0.00595theta^2 omega + 0.01380theta omega^2 + -0.01608omega^3
    Eq omega Phys: -0.050012*omega**3 + 0.001431*omega**2*theta - 0.042062*omega**2 + 2.1e-5*omega*theta**2 + 0.000105*omega*theta - 0.002667*omega + 3.3e-5*theta**2 - 4.9e-5*theta - 0.000477
    Diffusion: theta=2.138079e-04, omega=1.679095e-05

--- Chunk 87459 (120/220) | Start: 2025-06-24 18:05:00 ---
    RMSE omega (GP): 0.003917 | RMSE omega (Sim): 0.100220
    Loss: 36.2761 | Epoch: 9999
    Eq omega: -0.030161 + -0.20731theta + 0.02438omega + -0.00508theta^2 + 0.07052theta omega + -0.15013omega^2 + -0.00880theta^3 + 0.00532theta^2 omega + -0.00886theta omega^2 + -0.00786omega^3
    Eq omega Phys: -0.012869*omega**3 - 0.000484*omega**2*theta - 0.026704*omega**2 + 1.0e-5*omega*theta**2 + 0.000214*omega*theta - 0.005792*omega - 0.e-6*theta**3 + 2.6e-5*theta**2 - 0.000664*theta + 0.006214
    Diffusion: theta=4.770840e-04, omega=1.957832e-05

--- Chunk 87460 (121/220) | Start: 2025-06-24 18:10:00 ---
    RMSE omega (GP): 0.004675 | RMSE omega (Sim): 0.154181
    Loss: 230.4536 | Epoch: 7523
    Eq omega: -0.059491 + -0.01386theta + 0.02706omega + -0.00385theta^2 + 0.02345theta omega + -0.00857omega^2 + -0.00373theta^3 + 0.00129theta^2 omega + -0.00092theta omega^2 + 0.00179omega^3
    Eq omega Phys: 0.012507*omega**3 - 0.000214*omega**2*theta - 0.006429*omega**2 + 1.0e-5*omega*theta**2 + 0.000592*omega*theta + 0.006085*omega - 0.e-6*theta**3 - 3.3e-5*theta**2 - 0.000391*theta - 0.00172
    Diffusion: theta=1.977496e-04, omega=1.180777e-05

--- Chunk 87461 (122/220) | Start: 2025-06-24 18:15:00 ---
    RMSE omega (GP): 0.005941 | RMSE omega (Sim): 0.042102
    Loss: 399.6198 | Epoch: 9999
    Eq omega: 0.080561 + -0.01510theta + -0.14856omega + 0.00041theta^2 + 0.00361theta omega + 0.01436omega^2 + -0.00053theta^3 + 0.00022theta^2 omega + -0.00195theta omega^2 + -0.00064omega^3
    Eq omega Phys: -0.004778*omega**3 - 0.000485*omega**2*theta - 0.002978*omega**2 + 2.0e-6*omega*theta**2 + 0.000136*omega*theta - 0.0029*omega - 9.0e-6*theta**2 - 0.000199*theta - 0.00141
    Diffusion: theta=2.211458e-04, omega=1.036795e-05

--- Chunk 87462 (123/220) | Start: 2025-06-24 18:20:00 ---
    RMSE omega (GP): 0.005303 | RMSE omega (Sim): 0.296251
    Loss: 574.6122 | Epoch: 9459
    Eq omega: -0.039851 + 0.00349theta + -0.03907omega + 0.00294theta^2 + -0.00570theta omega + -0.01241omega^2 + 0.00005theta^3 + 0.00805theta^2 omega + -0.01155theta omega^2 + -0.00167omega^3
    Eq omega Phys: -0.022531*omega**3 - 0.005194*omega**2*theta + 0.075059*omega**2 + 0.000121*omega*theta**2 - 0.004002*omega*theta + 0.031839*omega + 1.0e-6*theta**2 - 4.7e-5*theta + 0.000333
    Diffusion: theta=1.356630e-04, omega=1.039139e-05

--- Chunk 87463 (124/220) | Start: 2025-06-24 18:25:00 ---
    RMSE omega (GP): 0.004447 | RMSE omega (Sim): 0.067457
    Loss: 214.8874 | Epoch: 5996
    Eq omega: 0.024301 + -0.02488theta + -0.00321omega + -0.04413theta^2 + 0.00170theta omega + 0.00892omega^2 + -0.00108theta^3 + -0.00335theta^2 omega + 0.00247theta omega^2 + 0.00903omega^3
    Eq omega Phys: 0.064012*omega**3 + 0.000584*omega**2*theta - 0.003127*omega**2 - 2.6e-5*omega*theta**2 + 0.000702*omega*theta - 0.004773*omega - 1.3e-5*theta**2 + 0.000443*theta - 0.002895
    Diffusion: theta=nan, omega=nan

--- Chunk 87464 (125/220) | Start: 2025-06-24 18:30:00 ---
    RMSE omega (GP): 0.004766 | RMSE omega (Sim): 0.086046
    Loss: 141.4428 | Epoch: 6644
    Eq omega: 0.028751 + -0.02949theta + -0.02606omega + -0.18067theta^2 + -0.44227theta omega + -0.10582omega^2 + -0.31971theta^3 + 0.00468theta^2 omega + 0.13383theta omega^2 + 0.04122omega^3
    Eq omega Phys: 0.172891*omega**3 + 0.018711*omega**2*theta - 0.119311*omega**2 + 2.2e-5*omega*theta**2 - 0.005698*omega*theta + 0.02302*omega - 5.0e-5*theta**3 + 0.00056*theta**2 - 0.002099*theta + 0.002706
    Diffusion: theta=1.015249e-04, omega=1.679573e-05

--- Chunk 87465 (126/220) | Start: 2025-06-24 18:35:00 ---
    RMSE omega (GP): 0.005180 | RMSE omega (Sim): 0.106743
    Loss: 628.1324 | Epoch: 9999
    Eq omega: 0.053011 + 0.00328theta + 0.00052omega + -0.00049theta^2 + -0.00063theta omega + -0.00699omega^2 + 0.00002theta^3 + 0.00035theta^2 omega + 0.00010theta omega^2 + 0.00402omega^3
    Eq omega Phys: 0.062148*omega**3 + 5.2e-5*omega**2*theta - 0.004145*omega**2 + 6.0e-6*omega*theta**2 + 0.000189*omega*theta + 0.001487*omega + 8.7e-5
    Diffusion: theta=1.386578e-04, omega=6.639842e-06

--- Chunk 87466 (127/220) | Start: 2025-06-24 18:40:00 ---
    RMSE omega (GP): nan | RMSE omega (Sim): nan
    Loss: 6979.8643 | Epoch: 1032
    Eq omega: nan1 + nantheta + nanomega + nantheta^2 + nantheta omega + nanomega^2 + nantheta^3 + nantheta^2 omega + nantheta omega^2 + nanomega^3
    Eq omega Phys: N/A
    Diffusion: theta=nan, omega=nan

--- Chunk 87467 (128/220) | Start: 2025-06-24 18:45:00 ---
    RMSE omega (GP): nan | RMSE omega (Sim): nan
    Loss: 27593.7637 | Epoch: 838
    Eq omega: nan1 + nantheta + nanomega + nantheta^2 + nantheta omega + nanomega^2 + nantheta^3 + nantheta^2 omega + nantheta omega^2 + nanomega^3
    Eq omega Phys: N/A
    Diffusion: theta=nan, omega=nan

--- Chunk 87468 (129/220) | Start: 2025-06-24 18:50:00 ---
    RMSE omega (GP): 0.004616 | RMSE omega (Sim): nan
    Loss: 155.3414 | Epoch: 5911
    Eq omega: 0.140341 + -0.01927theta + 0.04338omega + 0.11987theta^2 + 0.13954theta omega + -0.00577omega^2 + -0.81775theta^3 + 0.08486theta^2 omega + 0.74356theta omega^2 + -0.00231omega^3
    Eq omega Phys: -0.011236*omega**3 + 0.120553*omega**2*theta + 0.559521*omega**2 + 0.000459*omega*theta**2 + 0.006148*omega*theta + 0.020136*omega - 0.000147*theta**3 - 0.002006*theta**2 - 0.009121*theta - 0.01346
    Diffusion: theta=1.236873e-04, omega=1.305186e-05

--- Chunk 87469 (130/220) | Start: 2025-06-24 18:55:00 ---
    RMSE omega (GP): 0.005323 | RMSE omega (Sim): 0.039208
    Loss: 420.5860 | Epoch: 9999
    Eq omega: -0.050511 + -0.09339theta + -0.20235omega + -0.02661theta^2 + -0.13633theta omega + 0.00319omega^2 + -0.00280theta^3 + -0.00149theta^2 omega + -0.00705theta omega^2 + -0.09662omega^3
    Eq omega Phys: -0.928567*omega**3 - 0.002258*omega**2*theta + 0.026791*omega**2 - 1.6e-5*omega*theta**2 - 0.00222*omega*theta + 0.019763*omega - 0.e-6*theta**3 + 1.6e-5*theta**2 - 9.9e-5*theta + 0.00035
    Diffusion: theta=3.776954e-04, omega=9.902071e-06

--- Chunk 87470 (131/220) | Start: 2025-06-24 19:00:00 ---
    RMSE omega (GP): 0.004552 | RMSE omega (Sim): 0.088884
    Loss: 115.9624 | Epoch: 8840
    Eq omega: -0.220031 + -0.07780theta + -0.38100omega + 0.00187theta^2 + -0.04543theta omega + -0.24175omega^2 + -0.00416theta^3 + -0.00412theta^2 omega + -0.07434theta omega^2 + -0.02857omega^3
    Eq omega Phys: -0.108712*omega**3 - 0.009429*omega**2*theta + 0.018031*omega**2 - 1.7e-5*omega*theta**2 - 0.000155*omega*theta - 0.008868*omega - 0.e-6*theta**3 + 2.0e-5*theta**2 - 0.000317*theta + 0.001148
    Diffusion: theta=2.419740e-04, omega=1.386003e-05

--- Chunk 87471 (132/220) | Start: 2025-06-24 19:05:00 ---
    RMSE omega (GP): 0.004724 | RMSE omega (Sim): 0.063854
    Loss: 243.2994 | Epoch: 5162
    Eq omega: -0.076901 + -0.03136theta + -0.14850omega + -0.00033theta^2 + -0.01187theta omega + 0.00552omega^2 + 0.00152theta^3 + -0.00360theta^2 omega + -0.00481theta omega^2 + -0.03233omega^3
    Eq omega Phys: -0.235289*omega**3 - 0.001167*omega**2*theta - 0.00632*omega**2 - 2.9e-5*omega*theta**2 - 0.000646*omega*theta - 0.008206*omega + 9.0e-6*theta**2 + 3.6e-5*theta - 0.000264
    Diffusion: theta=8.814222e-05, omega=1.152341e-05

--- Chunk 87472 (133/220) | Start: 2025-06-24 19:10:00 ---
    RMSE omega (GP): 0.005006 | RMSE omega (Sim): 0.105889
    Loss: 342.7176 | Epoch: 7003
    Eq omega: 0.006061 + -0.04000theta + -0.19651omega + -0.00214theta^2 + -0.03566theta omega + -0.04373omega^2 + -0.03943theta^3 + -0.00577theta^2 omega + -0.11071theta omega^2 + -0.00541omega^3
    Eq omega Phys: -0.048974*omega**3 - 0.033406*omega**2*theta + 0.216924*omega**2 - 5.8e-5*omega*theta**2 + 0.000184*omega*theta - 0.00486*omega - 1.3e-5*theta**3 + 0.000285*theta**2 - 0.002089*theta + 0.005225
    Diffusion: theta=5.196596e-05, omega=1.425745e-05

--- Chunk 87473 (134/220) | Start: 2025-06-24 19:15:00 ---
    RMSE omega (GP): 0.005611 | RMSE omega (Sim): 0.051085
    Loss: 396.3497 | Epoch: 7634
    Eq omega: 0.077271 + -0.03745theta + -0.11626omega + 0.00102theta^2 + 0.05521theta omega + 0.01523omega^2 + -0.00051theta^3 + -0.00101theta^2 omega + -0.01835theta omega^2 + -0.00354omega^3
    Eq omega Phys: -0.029753*omega**3 - 0.005141*omega**2*theta - 0.063747*omega**2 - 9.0e-6*omega*theta**2 + 0.000711*omega*theta + 0.00789*omega - 6.0e-6*theta**2 - 0.000118*theta - 0.000735
    Diffusion: theta=9.271780e-05, omega=1.098828e-05

--- Chunk 87474 (135/220) | Start: 2025-06-24 19:20:00 ---
    RMSE omega (GP): 0.005116 | RMSE omega (Sim): 0.186302
    Loss: 136.7832 | Epoch: 7755
    Eq omega: -0.020921 + -0.61022theta + -0.04186omega + -0.01975theta^2 + 0.03391theta omega + -0.01059omega^2 + -0.04489theta^3 + -0.08983theta^2 omega + -0.04079theta omega^2 + 0.03576omega^3
    Eq omega Phys: 0.12557*omega**3 - 0.004774*omega**2*theta + 0.029628*omega**2 - 0.00035*omega*theta**2 + 0.005268*omega*theta - 0.021088*omega - 6.0e-6*theta**3 + 0.000114*theta**2 - 0.001423*theta + 0.006262
    Diffusion: theta=2.012256e-04, omega=1.316343e-05

--- Chunk 87475 (136/220) | Start: 2025-06-24 19:25:00 ---
    RMSE omega (GP): 0.005308 | RMSE omega (Sim): 0.125928
    Loss: 162.2026 | Epoch: 7167
    Eq omega: -0.001511 + -0.36476theta + -0.00749omega + -0.18855theta^2 + -0.32844theta omega + 0.46903omega^2 + -0.03277theta^3 + -0.06208theta^2 omega + 0.08863theta omega^2 + -0.00329omega^3
    Eq omega Phys: -0.013102*omega**3 + 0.011765*omega**2*theta + 0.196648*omega**2 - 0.000275*omega*theta**2 - 0.005192*omega*theta - 0.010299*omega - 5.0e-6*theta**3 - 0.000108*theta**2 - 0.000809*theta - 0.001309
    Diffusion: theta=1.395110e-04, omega=1.283457e-05

--- Chunk 87476 (137/220) | Start: 2025-06-24 19:30:00 ---
    RMSE omega (GP): 0.005090 | RMSE omega (Sim): nan
    Loss: 198.7573 | Epoch: 5369
    Eq omega: 0.027131 + -0.05365theta + 0.05598omega + 0.00809theta^2 + -0.00828theta omega + 0.02773omega^2 + 0.00204theta^3 + -0.00041theta^2 omega + -0.00227theta omega^2 + 0.03889omega^3
    Eq omega Phys: 0.197901*omega**3 - 0.000385*omega**2*theta + 0.008006*omega**2 - 2.0e-6*omega*theta**2 - 0.000155*omega*theta + 0.000676*omega + 1.4e-5*theta**2 + 9.7e-5*theta + 0.000104
    Diffusion: theta=1.215242e-04, omega=1.597000e-05

--- Chunk 87477 (138/220) | Start: 2025-06-24 19:35:00 ---
    RMSE omega (GP): nan | RMSE omega (Sim): nan
    Loss: 20244.1445 | Epoch: 1221
    Eq omega: nan1 + nantheta + nanomega + nantheta^2 + nantheta omega + nanomega^2 + nantheta^3 + nantheta^2 omega + nantheta omega^2 + nanomega^3
    Eq omega Phys: N/A
    Diffusion: theta=nan, omega=nan

--- Chunk 87478 (139/220) | Start: 2025-06-24 19:40:00 ---
    RMSE omega (GP): 0.004539 | RMSE omega (Sim): 0.089856
    Loss: 220.2583 | Epoch: 8591
    Eq omega: -0.143941 + -0.33100theta + 0.15974omega + 0.02369theta^2 + -0.00303theta omega + 0.24608omega^2 + -0.00825theta^3 + 0.00270theta^2 omega + -0.00146theta omega^2 + -0.13598omega^3
    Eq omega Phys: -0.964738*omega**3 - 0.000345*omega**2*theta + 0.116044*omega**2 + 2.1e-5*omega*theta**2 + 0.000398*omega*theta + 0.007156*omega - 2.0e-6*theta**3 - 5.5e-5*theta**2 - 0.000816*theta - 0.005289
    Diffusion: theta=9.544717e-05, omega=1.250769e-05

--- Chunk 87479 (140/220) | Start: 2025-06-24 19:45:00 ---
    RMSE omega (GP): 0.003962 | RMSE omega (Sim): 0.136319
    Loss: 130.2322 | Epoch: 6014
    Eq omega: -0.039071 + -0.36918theta + 0.03755omega + -0.47275theta^2 + -0.00422theta omega + -0.04398omega^2 + -0.17920theta^3 + 0.06960theta^2 omega + 0.08092theta omega^2 + -0.02390omega^3
    Eq omega Phys: -0.135008*omega**3 + 0.015237*omega**2*theta - 0.113962*omega**2 + 0.000437*omega*theta**2 - 0.005501*omega*theta + 0.01857*omega - 3.7e-5*theta**3 + 0.000472*theta**2 - 0.001933*theta + 0.002668
    Diffusion: theta=1.557226e-04, omega=8.924910e-06

--- Chunk 87480 (141/220) | Start: 2025-06-24 19:50:00 ---
    RMSE omega (GP): 0.008828 | RMSE omega (Sim): 0.035194
    Loss: 462.5969 | Epoch: 9999
    Eq omega: 0.015041 + -0.03781theta + 0.02478omega + 0.01954theta^2 + -0.04399theta omega + -0.05465omega^2 + -0.00366theta^3 + 0.00656theta^2 omega + 0.01902theta omega^2 + -0.04453omega^3
    Eq omega Phys: -0.173451*omega**3 + 0.00247*omega**2*theta - 0.053552*omega**2 + 2.8e-5*omega*theta**2 - 0.001307*omega*theta + 0.013408*omega - 0.e-6*theta**3 + 3.0e-5*theta**2 - 0.000554*theta + 0.003454
    Diffusion: theta=4.037567e-04, omega=5.445199e-06

--- Chunk 87481 (142/220) | Start: 2025-06-24 19:55:00 ---
    RMSE omega (GP): 0.003552 | RMSE omega (Sim): 0.109940
    Loss: 97.0135 | Epoch: 9996
    Eq omega: -0.224741 + -0.27670theta + -0.01215omega + -0.02932theta^2 + 0.22166theta omega + 0.13195omega^2 + -0.02438theta^3 + 0.00252theta^2 omega + -0.04308theta omega^2 + -0.12265omega^3
    Eq omega Phys: -0.641073*omega**3 - 0.007506*omega**2*theta + 0.026283*omega**2 + 1.5e-5*omega*theta**2 + 0.003196*omega*theta + 0.011642*omega - 5.0e-6*theta**3 - 6.8e-5*theta**2 - 0.00062*theta - 0.002244
    Diffusion: theta=9.045731e-05, omega=1.065084e-05

--- Chunk 87482 (143/220) | Start: 2025-06-24 20:00:00 ---
    RMSE omega (GP): 0.004203 | RMSE omega (Sim): 0.096440
    Loss: 197.0529 | Epoch: 9010
    Eq omega: 0.024541 + 0.00566theta + -0.03743omega + 0.00381theta^2 + 0.00792theta omega + 0.00377omega^2 + -0.00108theta^3 + 0.00430theta^2 omega + -0.00042theta omega^2 + -0.00772omega^3
    Eq omega Phys: -0.05773*omega**3 - 0.000105*omega**2*theta + 0.002809*omega**2 + 3.6e-5*omega*theta**2 - 0.000501*omega*theta + 0.000385*omega + 1.0e-5*theta**2 - 0.000101*theta + 0.000372
    Diffusion: theta=8.585305e-05, omega=1.054165e-05

--- Chunk 87483 (144/220) | Start: 2025-06-24 20:05:00 ---
    RMSE omega (GP): 0.004821 | RMSE omega (Sim): 0.075949
    Loss: 86.1949 | Epoch: 9999
    Eq omega: -0.016421 + 0.02048theta + -0.02313omega + -0.01105theta^2 + 0.16866theta omega + 0.10826omega^2 + -0.09303theta^3 + -0.23908theta^2 omega + 0.00241theta omega^2 + 0.05285omega^3
    Eq omega Phys: 0.133186*omega**3 + 0.000202*omega**2*theta + 0.033294*omega**2 - 0.000669*omega*theta**2 - 0.011049*omega*theta - 0.045369*omega - 9.0e-6*theta**3 - 0.00025*theta**2 - 0.00238*theta - 0.007539
    Diffusion: theta=3.210919e-04, omega=1.504509e-05

--- Chunk 87484 (145/220) | Start: 2025-06-24 20:10:00 ---
    RMSE omega (GP): 0.007059 | RMSE omega (Sim): 0.056634
    Loss: 124.4254 | Epoch: 9999
    Eq omega: -0.121761 + -0.06262theta + 0.00889omega + -0.00197theta^2 + 0.00098theta omega + -0.00912omega^2 + -0.00018theta^3 + -0.00028theta^2 omega + -0.00070theta omega^2 + -0.00047omega^3
    Eq omega Phys: -0.00078*omega**3 - 3.9e-5*omega**2*theta - 0.002735*omega**2 - 0.e-6*omega*theta**2 - 8.0e-6*omega*theta + 0.000294*omega - 1.0e-6*theta**2 - 9.3e-5*theta - 0.001791
    Diffusion: theta=8.120200e-04, omega=1.483085e-05

--- Chunk 87485 (146/220) | Start: 2025-06-24 20:15:00 ---
    RMSE omega (GP): nan | RMSE omega (Sim): nan
    Loss: 22675.1582 | Epoch: 763
    Eq omega: nan1 + nantheta + nanomega + nantheta^2 + nantheta omega + nanomega^2 + nantheta^3 + nantheta^2 omega + nantheta omega^2 + nanomega^3
    Eq omega Phys: N/A
    Diffusion: theta=nan, omega=nan

--- Chunk 87486 (147/220) | Start: 2025-06-24 20:20:00 ---
    RMSE omega (GP): 0.005457 | RMSE omega (Sim): 0.117250
    Loss: 204.1537 | Epoch: 8358
    Eq omega: 0.137111 + -0.24312theta + -0.00427omega + -0.00146theta^2 + 0.06467theta omega + -0.01856omega^2 + -0.00173theta^3 + -0.01549theta^2 omega + -0.12870theta omega^2 + 0.01459omega^3
    Eq omega Phys: 0.067676*omega**3 - 0.019899*omega**2*theta + 0.01031*omega**2 - 8.0e-5*omega*theta**2 + 0.000989*omega*theta - 0.000955*omega - 0.00027*theta + 0.000626
    Diffusion: theta=1.088114e-04, omega=8.988955e-06

--- Chunk 87487 (148/220) | Start: 2025-06-24 20:25:00 ---
    RMSE omega (GP): 0.004791 | RMSE omega (Sim): 0.050803
    Loss: 429.8765 | Epoch: 4787
    Eq omega: 0.280891 + -1.24797theta + 0.10242omega + 0.18027theta^2 + -0.55416theta omega + 0.48472omega^2 + -1.74880theta^3 + 0.05181theta^2 omega + -0.07490theta omega^2 + -0.00612omega^3
    Eq omega Phys: -0.07553*omega**3 - 0.030813*omega**2*theta + 0.306973*omega**2 + 0.00071*omega*theta**2 - 0.011667*omega*theta + 0.001917*omega - 0.000799*theta**3 - 0.000177*theta**2 - 0.001393*theta + 0.000311
    Diffusion: theta=9.450030e-05, omega=1.155072e-05

--- Chunk 87488 (149/220) | Start: 2025-06-24 20:30:00 ---
    RMSE omega (GP): nan | RMSE omega (Sim): nan
    Loss: 23877.4512 | Epoch: 1009
    Eq omega: nan1 + nantheta + nanomega + nantheta^2 + nantheta omega + nanomega^2 + nantheta^3 + nantheta^2 omega + nantheta omega^2 + nanomega^3
    Eq omega Phys: N/A
    Diffusion: theta=nan, omega=nan

--- Chunk 87489 (150/220) | Start: 2025-06-24 20:35:00 ---
 lsoda--  warning..internal t (=r1) and h (=r2) are  
       such that in the machine, t + h = t on the next step  
       (h = step size). solver will continue anyway  
      in above,  r1 =  0.1600282823535D+01   r2 =  0.1031351483847D-15
 lsoda--  warning..internal t (=r1) and h (=r2) are  
       such that in the machine, t + h = t on the next step  
       (h = step size). solver will continue anyway  
      in above,  r1 =  0.1600282823535D+01   r2 =  0.1031351483847D-15
 lsoda--  warning..internal t (=r1) and h (=r2) are  
       such that in the machine, t + h = t on the next step  
       (h = step size). solver will continue anyway  
      in above,  r1 =  0.1600282823535D+01   r2 =  0.1031351483847D-15
 lsoda--  warning..internal t (=r1) and h (=r2) are  
       such that in the machine, t + h = t on the next step  
       (h = step size). solver will continue anyway  
      in above,  r1 =  0.1600282823535D+01   r2 =  0.1031351483847D-15
 lsoda--  warning..internal t (=r1) and h (=r2) are  
       such that in the machine, t + h = t on the next step  
       (h = step size). solver will continue anyway  
      in above,  r1 =  0.1600282823535D+01   r2 =  0.8318825384885D-16
 lsoda--  warning..internal t (=r1) and h (=r2) are  
       such that in the machine, t + h = t on the next step  
       (h = step size). solver will continue anyway  
      in above,  r1 =  0.1600282823535D+01   r2 =  0.8318825384885D-16
 lsoda--  warning..internal t (=r1) and h (=r2) are  
       such that in the machine, t + h = t on the next step  
       (h = step size). solver will continue anyway  
      in above,  r1 =  0.1600282823535D+01   r2 =  0.8318825384885D-16
 lsoda--  warning..internal t (=r1) and h (=r2) are  
       such that in the machine, t + h = t on the next step  
       (h = step size). solver will continue anyway  
      in above,  r1 =  0.1600282823535D+01   r2 =  0.8318825384885D-16
 lsoda--  warning..internal t (=r1) and h (=r2) are  
       such that in the machine, t + h = t on the next step  
       (h = step size). solver will continue anyway  
      in above,  r1 =  0.1600282823535D+01   r2 =  0.6709919641057D-16
 lsoda--  warning..internal t (=r1) and h (=r2) are  
       such that in the machine, t + h = t on the next step  
       (h = step size). solver will continue anyway  
      in above,  r1 =  0.1600282823535D+01   r2 =  0.6709919641057D-16
 lsoda--  above warning has been issued i1 times.    
       it will not be issued again for this problem  
      in above message,  i1 =        10
 lsoda--  warning..internal t (=r1) and h (=r2) are  
       such that in the machine, t + h = t on the next step  
       (h = step size). solver will continue anyway  
      in above,  r1 =  0.4501143346709D+01   r2 =  0.4091357605534D-15
 lsoda--  warning..internal t (=r1) and h (=r2) are  
       such that in the machine, t + h = t on the next step  
       (h = step size). solver will continue anyway  
      in above,  r1 =  0.4501143346709D+01   r2 =  0.4091357605534D-15
 lsoda--  warning..internal t (=r1) and h (=r2) are  
       such that in the machine, t + h = t on the next step  
       (h = step size). solver will continue anyway  
      in above,  r1 =  0.4501143346709D+01   r2 =  0.4091357605534D-15
 lsoda--  warning..internal t (=r1) and h (=r2) are  
       such that in the machine, t + h = t on the next step  
       (h = step size). solver will continue anyway  
      in above,  r1 =  0.4501143346709D+01   r2 =  0.3362549382278D-15
 lsoda--  warning..internal t (=r1) and h (=r2) are  
       such that in the machine, t + h = t on the next step  
       (h = step size). solver will continue anyway  
      in above,  r1 =  0.4501143346709D+01   r2 =  0.3362549382278D-15
 lsoda--  warning..internal t (=r1) and h (=r2) are  
       such that in the machine, t + h = t on the next step  
       (h = step size). solver will continue anyway  
      in above,  r1 =  0.4501143346709D+01   r2 =  0.3362549382278D-15
 lsoda--  warning..internal t (=r1) and h (=r2) are  
       such that in the machine, t + h = t on the next step  
    RMSE omega (GP): 0.003739 | RMSE omega (Sim): nan
    Loss: 227.7375 | Epoch: 8998
    Eq omega: -0.014251 + -0.03970theta + -0.04042omega + 0.00536theta^2 + -0.02029theta omega + -0.06445omega^2 + -0.01058theta^3 + -0.00922theta^2 omega + 0.00642theta omega^2 + 0.01273omega^3
    Eq omega Phys: 0.135833*omega**3 + 0.002283*omega**2*theta - 0.011855*omega**2 - 0.000109*omega*theta**2 - 0.002948*omega*theta - 0.020857*omega - 4.0e-6*theta**3 - 0.000142*theta**2 - 0.001661*theta - 0.006655
    Diffusion: theta=1.132824e-04, omega=1.286877e-05

  [Progress 150/220] Mean RMSE omega (GP): 0.005123 | (Sim): 0.154338 | Mean loss: 172446.6271 | Valid GP: 96/150 | Valid Sim: 79/150 | Elapsed: 361.7min | ETA: 168.8min

--- Chunk 87490 (151/220) | Start: 2025-06-24 20:40:00 ---
    RMSE omega (GP): 0.003964 | RMSE omega (Sim): 0.103461
    Loss: 161.7976 | Epoch: 4590
    Eq omega: -0.039281 + -0.31725theta + 0.01345omega + -0.21010theta^2 + 0.25466theta omega + 0.04442omega^2 + -0.62884theta^3 + -0.15082theta^2 omega + 0.18784theta omega^2 + -0.02401omega^3
    Eq omega Phys: -0.163431*omega**3 + 0.04262*omega**2*theta - 0.175147*omega**2 - 0.001141*omega*theta**2 + 0.014551*omega*theta - 0.042375*omega - 0.000159*theta**3 + 0.002079*theta**2 - 0.009418*theta + 0.014664
    Diffusion: theta=nan, omega=nan

--- Chunk 87491 (152/220) | Start: 2025-06-24 20:45:00 ---
    RMSE omega (GP): 0.004672 | RMSE omega (Sim): 0.075684
    Loss: 428.4504 | Epoch: 8105
    Eq omega: 0.067781 + -0.01805theta + -0.11564omega + 0.00251theta^2 + 0.02744theta omega + 0.05440omega^2 + -0.00062theta^3 + 0.00014theta^2 omega + -0.00329theta omega^2 + -0.00559omega^3
    Eq omega Phys: -0.073394*omega**3 - 0.00144*omega**2*theta + 0.018784*omega**2 + 2.0e-6*omega*theta**2 + 0.000654*omega*theta + 0.003667*omega - 9.0e-6*theta**2 - 0.000105*theta - 0.000377
    Diffusion: theta=5.578022e-05, omega=7.478654e-06

--- Chunk 87492 (153/220) | Start: 2025-06-24 20:50:00 ---
    RMSE omega (GP): nan | RMSE omega (Sim): nan
    Loss: 11057.3799 | Epoch: 912
    Eq omega: nan1 + nantheta + nanomega + nantheta^2 + nantheta omega + nanomega^2 + nantheta^3 + nantheta^2 omega + nantheta omega^2 + nanomega^3
    Eq omega Phys: N/A
    Diffusion: theta=nan, omega=nan

--- Chunk 87493 (154/220) | Start: 2025-06-24 20:55:00 ---
    RMSE omega (GP): nan | RMSE omega (Sim): nan
    Loss: 29589.7988 | Epoch: 1285
    Eq omega: nan1 + nantheta + nanomega + nantheta^2 + nantheta omega + nanomega^2 + nantheta^3 + nantheta^2 omega + nantheta omega^2 + nanomega^3
    Eq omega Phys: N/A
    Diffusion: theta=nan, omega=nan

--- Chunk 87494 (155/220) | Start: 2025-06-24 21:00:00 ---
    RMSE omega (GP): nan | RMSE omega (Sim): nan
    Loss: 98412.3516 | Epoch: 1224
    Eq omega: nan1 + nantheta + nanomega + nantheta^2 + nantheta omega + nanomega^2 + nantheta^3 + nantheta^2 omega + nantheta omega^2 + nanomega^3
    Eq omega Phys: N/A
    Diffusion: theta=nan, omega=nan

--- Chunk 87495 (156/220) | Start: 2025-06-24 21:05:00 ---
    RMSE omega (GP): 0.021299 | RMSE omega (Sim): 0.028739
    Loss: 27782.6152 | Epoch: 9999
    Eq omega: 0.000061 + -0.00059theta + 0.00090omega + 0.00009theta^2 + 0.00015theta omega + -0.00014omega^2 + -0.00001theta^3 + -0.00001theta^2 omega + -0.00001theta omega^2 + 0.00003omega^3
    Eq omega Phys: 0.001196*omega**3 - 1.3e-5*omega**2*theta - 0.000525*omega**2 - 1.8e-5*omega*theta - 0.000144*omega - 1.0e-6*theta**2 - 2.8e-5*theta - 0.000235
    Diffusion: theta=8.667309e-05, omega=8.216521e-07

--- Chunk 87496 (157/220) | Start: 2025-06-24 21:10:00 ---
    RMSE omega (GP): 0.006388 | RMSE omega (Sim): 0.060592
    Loss: 755.5536 | Epoch: 9999
    Eq omega: -0.057241 + 0.00059theta + -0.02049omega + -0.00009theta^2 + 0.00097theta omega + 0.02072omega^2 + 0.00000theta^3 + -0.00012theta^2 omega + -0.00041theta omega^2 + -0.01048omega^3
    Eq omega Phys: -0.119625*omega**3 - 0.000156*omega**2*theta + 0.009785*omega**2 - 2.0e-6*omega*theta**2 - 3.9e-5*omega*theta - 0.000861*omega - 2.0e-6*theta - 0.000113
    Diffusion: theta=6.581788e-04, omega=7.792827e-06

--- Chunk 87497 (158/220) | Start: 2025-06-24 21:15:00 ---
    RMSE omega (GP): 0.005224 | RMSE omega (Sim): nan
    Loss: 296.5806 | Epoch: 8583
    Eq omega: -0.808331 + -0.12758theta + 0.00712omega + 0.17097theta^2 + -0.08450theta omega + -0.36418omega^2 + -0.00766theta^3 + -0.03141theta^2 omega + 0.06622theta omega^2 + 0.00038omega^3
    Eq omega Phys: 0.002758*omega**3 + 0.016018*omega**2*theta - 0.050975*omega**2 - 0.000253*omega*theta**2 - 0.005437*omega*theta - 0.027051*omega - 2.0e-6*theta**3 + 4.4e-5*theta**2 + 0.000958*theta + 0.001965
    Diffusion: theta=1.413308e-04, omega=9.653360e-06

--- Chunk 87498 (159/220) | Start: 2025-06-24 21:20:00 ---
    RMSE omega (GP): 0.005241 | RMSE omega (Sim): 0.071058
    Loss: 215.7518 | Epoch: 6788
    Eq omega: -0.080601 + -0.96753theta + 0.09078omega + -0.43431theta^2 + -0.06988theta omega + -0.16057omega^2 + 0.00150theta^3 + 0.00974theta^2 omega + -0.18806theta omega^2 + -0.01911omega^3
    Eq omega Phys: -0.099494*omega**3 - 0.032637*omega**2*theta - 0.000681*omega**2 + 5.6e-5*omega*theta**2 - 0.001199*omega*theta + 0.005226*omega - 0.000203*theta**2 - 0.000256*theta + 0.001136
    Diffusion: theta=1.409037e-04, omega=1.691582e-05

--- Chunk 87499 (160/220) | Start: 2025-06-24 21:25:00 ---
    RMSE omega (GP): 0.004196 | RMSE omega (Sim): 0.095418
    Loss: 123.3449 | Epoch: 5461
    Eq omega: 0.287581 + -0.33773theta + -0.16355omega + -0.26901theta^2 + -0.06444theta omega + 0.04430omega^2 + -0.14683theta^3 + 0.01538theta^2 omega + 0.01384theta omega^2 + 0.00481omega^3
    Eq omega Phys: 0.022456*omega**3 + 0.002154*omega**2*theta + 0.013944*omega**2 + 8.0e-5*omega*theta**2 - 0.001109*omega*theta - 0.003848*omega - 2.5e-5*theta**3 + 7.0e-6*theta**2 - 0.000193*theta + 0.00122
    Diffusion: theta=2.037337e-04, omega=1.429114e-05

--- Chunk 87500 (161/220) | Start: 2025-06-24 21:30:00 ---
    RMSE omega (GP): 0.005772 | RMSE omega (Sim): 0.095724
    Loss: 420.5255 | Epoch: 9999
    Eq omega: 0.042781 + 0.00200theta + 0.04487omega + -0.00063theta^2 + -0.00441theta omega + 0.00686omega^2 + -0.00017theta^3 + 0.00002theta^2 omega + -0.00154theta omega^2 + 0.00163omega^3
    Eq omega Phys: 0.013649*omega**3 - 0.00043*omega**2*theta + 0.011714*omega**2 - 8.5e-5*omega*theta + 0.003023*omega + 3.0e-6*theta**2 - 4.0e-5*theta + 0.000269
    Diffusion: theta=1.194764e-04, omega=1.005965e-05

--- Chunk 87501 (162/220) | Start: 2025-06-24 21:35:00 ---
    RMSE omega (GP): 0.004416 | RMSE omega (Sim): nan
    Loss: 375.4427 | Epoch: 9999
    Eq omega: -0.018171 + 0.00376theta + 0.13036omega + 0.00042theta^2 + -0.00853theta omega + -0.00064omega^2 + 0.00015theta^3 + 0.00703theta^2 omega + -0.00071theta omega^2 + -0.00663omega^3
    Eq omega Phys: -0.083827*omega**3 - 0.000299*omega**2*theta + 0.002706*omega**2 + 9.9e-5*omega*theta**2 - 0.002245*omega*theta + 0.01702*omega - 2.0e-6*theta**2 + 2.1e-5*theta - 0.000121
    Diffusion: theta=1.314449e-04, omega=1.017673e-05

--- Chunk 87502 (163/220) | Start: 2025-06-24 21:40:00 ---
    RMSE omega (GP): 0.004330 | RMSE omega (Sim): 0.049973
    Loss: 41.2440 | Epoch: 9999
    Eq omega: -0.124201 + -0.15073theta + -0.01029omega + -0.01032theta^2 + -0.02337theta omega + -0.06985omega^2 + -0.00052theta^3 + -0.00419theta^2 omega + -0.01717theta omega^2 + -0.00161omega^3
    Eq omega Phys: -0.002493*omega**3 - 0.000886*omega**2*theta + 0.001297*omega**2 - 7.0e-6*omega*theta**2 + 0.000102*omega*theta + 0.00038*omega - 0.e-6*theta**2 - 0.0001*theta + 0.001876
    Diffusion: theta=4.412856e-04, omega=1.807352e-05

--- Chunk 87503 (164/220) | Start: 2025-06-24 21:45:00 ---
    RMSE omega (GP): nan | RMSE omega (Sim): nan
    Loss: 30966.7344 | Epoch: 1142
    Eq omega: nan1 + nantheta + nanomega + nantheta^2 + nantheta omega + nanomega^2 + nantheta^3 + nantheta^2 omega + nantheta omega^2 + nanomega^3
    Eq omega Phys: N/A
    Diffusion: theta=nan, omega=nan

--- Chunk 87504 (165/220) | Start: 2025-06-24 21:50:00 ---
    RMSE omega (GP): nan | RMSE omega (Sim): nan
    Loss: 31309.7109 | Epoch: 1020
    Eq omega: nan1 + nantheta + nanomega + nantheta^2 + nantheta omega + nanomega^2 + nantheta^3 + nantheta^2 omega + nantheta omega^2 + nanomega^3
    Eq omega Phys: N/A
    Diffusion: theta=nan, omega=nan

--- Chunk 87505 (166/220) | Start: 2025-06-24 21:55:00 ---
    RMSE omega (GP): 0.004952 | RMSE omega (Sim): 0.080892
    Loss: 183.4538 | Epoch: 9999
    Eq omega: 0.007511 + 0.00032theta + -0.04770omega + 0.00625theta^2 + -0.00805theta omega + 0.05802omega^2 + 0.00016theta^3 + -0.00037theta^2 omega + 0.00030theta omega^2 + -0.00734omega^3
    Eq omega Phys: -0.035363*omega**3 + 4.8e-5*omega**2*theta + 0.024105*omega**2 - 2.0e-6*omega*theta**2 - 0.000178*omega*theta - 0.004117*omega + 4.0e-6*theta**2 + 0.000126*theta + 0.00106
    Diffusion: theta=4.178731e-04, omega=1.352502e-05

--- Chunk 87506 (167/220) | Start: 2025-06-24 22:00:00 ---
    RMSE omega (GP): nan | RMSE omega (Sim): nan
    Loss: 43819.1562 | Epoch: 1933
    Eq omega: nan1 + nantheta + nanomega + nantheta^2 + nantheta omega + nanomega^2 + nantheta^3 + nantheta^2 omega + nantheta omega^2 + nanomega^3
    Eq omega Phys: N/A
    Diffusion: theta=nan, omega=nan

--- Chunk 87507 (168/220) | Start: 2025-06-24 22:05:00 ---
    RMSE omega (GP): 0.004506 | RMSE omega (Sim): 0.235653
    Loss: 157.4195 | Epoch: 6950
    Eq omega: 1.269911 + -0.31325theta + -0.00644omega + 0.01037theta^2 + 0.00832theta omega + 0.08037omega^2 + -0.03128theta^3 + -0.00981theta^2 omega + 0.00359theta omega^2 + 0.01385omega^3
    Eq omega Phys: 0.072152*omega**3 + 0.000623*omega**2*theta + 0.032866*omega**2 - 5.7e-5*omega*theta**2 + 0.00023*omega*theta - 0.000388*omega - 6.0e-6*theta**3 + 2.3e-5*theta**2 - 0.000376*theta + 0.003746
    Diffusion: theta=1.481293e-04, omega=1.226275e-05

--- Chunk 87508 (169/220) | Start: 2025-06-24 22:10:00 ---
    RMSE omega (GP): 0.004775 | RMSE omega (Sim): 0.175029
    Loss: 225.6722 | Epoch: 9999
    Eq omega: -0.010651 + -0.13083theta + 0.00494omega + -0.00159theta^2 + -0.01127theta omega + -0.01675omega^2 + 0.00002theta^3 + 0.00020theta^2 omega + -0.01979theta omega^2 + -0.00107omega^3
    Eq omega Phys: -0.007003*omega**3 - 0.004317*omega**2*theta + 0.069281*omega**2 + 1.0e-6*omega*theta**2 - 0.000227*omega*theta + 0.003762*omega - 1.0e-6*theta**2 - 0.000111*theta + 0.00228
    Diffusion: theta=2.242437e-04, omega=9.089393e-06

--- Chunk 87509 (170/220) | Start: 2025-06-24 22:15:00 ---
    RMSE omega (GP): nan | RMSE omega (Sim): nan
    Loss: 13506.6025 | Epoch: 1132
    Eq omega: nan1 + nantheta + nanomega + nantheta^2 + nantheta omega + nanomega^2 + nantheta^3 + nantheta^2 omega + nantheta omega^2 + nanomega^3
    Eq omega Phys: N/A
    Diffusion: theta=nan, omega=nan

--- Chunk 87510 (171/220) | Start: 2025-06-24 22:20:00 ---
    RMSE omega (GP): 0.004577 | RMSE omega (Sim): 0.152280
    Loss: 109.1289 | Epoch: 6376
    Eq omega: -0.020061 + -0.05053theta + -0.00792omega + 0.11363theta^2 + 0.01128theta omega + 0.01629omega^2 + -0.00228theta^3 + 0.00187theta^2 omega + -0.00656theta omega^2 + 0.00361omega^3
    Eq omega Phys: 0.012784*omega**3 - 0.000774*omega**2*theta - 0.001012*omega**2 + 7.0e-6*omega*theta**2 + 0.000255*omega*theta + 0.001374*omega + 3.6e-5*theta**2 + 0.000619*theta + 0.002429
    Diffusion: theta=4.970670e-05, omega=1.581521e-05

--- Chunk 87511 (172/220) | Start: 2025-06-24 22:25:00 ---
    RMSE omega (GP): nan | RMSE omega (Sim): nan
    Loss: 8021.6626 | Epoch: 947
    Eq omega: nan1 + nantheta + nanomega + nantheta^2 + nantheta omega + nanomega^2 + nantheta^3 + nantheta^2 omega + nantheta omega^2 + nanomega^3
    Eq omega Phys: N/A
    Diffusion: theta=nan, omega=nan

--- Chunk 87512 (173/220) | Start: 2025-06-24 22:30:00 ---
    RMSE omega (GP): 0.004751 | RMSE omega (Sim): 0.089078
    Loss: 86.8601 | Epoch: 9626
    Eq omega: -0.007821 + -0.01131theta + 0.00162omega + -0.00478theta^2 + 0.01392theta omega + -0.03643omega^2 + -0.00914theta^3 + 0.00220theta^2 omega + -0.00750theta omega^2 + 0.00317omega^3
    Eq omega Phys: 0.008608*omega**3 - 0.000679*omega**2*theta - 0.004926*omega**2 + 7.0e-6*omega*theta**2 + 2.2e-5*omega*theta - 0.000662*omega - 0.e-6*theta**3 + 2.3e-5*theta**2 - 0.000202*theta + 0.000602
    Diffusion: theta=1.667573e-04, omega=9.228085e-06

--- Chunk 87513 (174/220) | Start: 2025-06-24 22:35:00 ---
    RMSE omega (GP): 0.003628 | RMSE omega (Sim): 0.067399
    Loss: 140.0672 | Epoch: 6912
    Eq omega: -0.028811 + -0.03422theta + -0.06355omega + 0.00582theta^2 + 0.01673theta omega + -0.03013omega^2 + -0.00036theta^3 + -0.01223theta^2 omega + -0.00743theta omega^2 + 0.01543omega^3
    Eq omega Phys: 0.109199*omega**3 - 0.001753*omega**2*theta - 0.014605*omega**2 - 9.6e-5*omega*theta**2 + 0.000274*omega*theta - 0.002123*omega + 3.0e-6*theta**2 - 3.8e-5*theta - 6.5e-5
    Diffusion: theta=9.591576e-05, omega=1.153314e-05

--- Chunk 87514 (175/220) | Start: 2025-06-24 22:40:00 ---
    RMSE omega (GP): 0.004247 | RMSE omega (Sim): nan
    Loss: 147.9897 | Epoch: 6956
    Eq omega: 0.043071 + -0.59566theta + -0.03285omega + -0.01885theta^2 + 0.13657theta omega + 0.00123omega^2 + -0.09023theta^3 + 0.35289theta^2 omega + 0.01666theta omega^2 + -0.00605omega^3
    Eq omega Phys: -0.03326*omega**3 + 0.003053*omega**2*theta + 0.000725*omega**2 + 0.002156*omega*theta**2 + 0.00223*omega*theta - 0.000959*omega - 1.8e-5*theta**3 - 1.3e-5*theta**2 - 0.000663*theta + 6.9e-5
    Diffusion: theta=1.387606e-04, omega=1.062688e-05

--- Chunk 87515 (176/220) | Start: 2025-06-24 22:45:00 ---
    RMSE omega (GP): 0.004294 | RMSE omega (Sim): nan
    Loss: 147.0012 | Epoch: 5566
    Eq omega: -0.035021 + -0.41162theta + 0.15117omega + -0.78226theta^2 + 0.76351theta omega + 0.34287omega^2 + -0.50547theta^3 + 0.03337theta^2 omega + 0.35379theta omega^2 + 0.14469omega^3
    Eq omega Phys: 0.767549*omega**3 + 0.062559*omega**2*theta - 0.065386*omega**2 + 0.000197*omega*theta**2 + 0.009384*omega*theta - 0.028604*omega - 9.9e-5*theta**3 + 0.000633*theta**2 - 0.001352*theta + 0.001071
    Diffusion: theta=1.446588e-04, omega=1.386516e-05

--- Chunk 87516 (177/220) | Start: 2025-06-24 22:50:00 ---
    RMSE omega (GP): nan | RMSE omega (Sim): nan
    Loss: 6382.4761 | Epoch: 859
    Eq omega: nan1 + nantheta + nanomega + nantheta^2 + nantheta omega + nanomega^2 + nantheta^3 + nantheta^2 omega + nantheta omega^2 + nanomega^3
    Eq omega Phys: N/A
    Diffusion: theta=nan, omega=nan

--- Chunk 87517 (178/220) | Start: 2025-06-24 22:55:00 ---
    RMSE omega (GP): nan | RMSE omega (Sim): nan
    Loss: 27635.6855 | Epoch: 1854
    Eq omega: nan1 + nantheta + nanomega + nantheta^2 + nantheta omega + nanomega^2 + nantheta^3 + nantheta^2 omega + nantheta omega^2 + nanomega^3
    Eq omega Phys: N/A
    Diffusion: theta=nan, omega=nan

--- Chunk 87518 (179/220) | Start: 2025-06-24 23:00:00 ---
    RMSE omega (GP): 0.003946 | RMSE omega (Sim): 0.080879
    Loss: 63.8192 | Epoch: 9421
    Eq omega: -0.348871 + -0.17325theta + -0.00554omega + -0.00700theta^2 + -0.00408theta omega + -0.07835omega^2 + -0.00207theta^3 + -0.00066theta^2 omega + -0.00968theta omega^2 + -0.00446omega^3
    Eq omega Phys: -0.012762*omega**3 - 0.000923*omega**2*theta - 0.010674*omega**2 - 2.0e-6*omega*theta**2 + 1.9e-5*omega*theta - 2.0e-5*omega + 7.0e-6*theta**2 - 0.000263*theta + 0.001738
    Diffusion: theta=1.625188e-04, omega=1.242001e-05

--- Chunk 87519 (180/220) | Start: 2025-06-24 23:05:00 ---
    RMSE omega (GP): nan | RMSE omega (Sim): nan
    Loss: 121984.7266 | Epoch: 1085
    Eq omega: nan1 + nantheta + nanomega + nantheta^2 + nantheta omega + nanomega^2 + nantheta^3 + nantheta^2 omega + nantheta omega^2 + nanomega^3
    Eq omega Phys: N/A
    Diffusion: theta=nan, omega=nan

--- Chunk 87520 (181/220) | Start: 2025-06-24 23:10:00 ---
    RMSE omega (GP): 0.003396 | RMSE omega (Sim): 0.114174
    Loss: 102.6699 | Epoch: 6461
    Eq omega: 0.078481 + -0.07159theta + 0.00854omega + 0.02186theta^2 + -0.02034theta omega + -0.02018omega^2 + -0.00646theta^3 + 0.00150theta^2 omega + 0.00474theta omega^2 + 0.00473omega^3
    Eq omega Phys: 0.028217*omega**3 + 0.000943*omega**2*theta - 0.000319*omega**2 + 1.0e-5*omega*theta**2 - 0.000119*omega*theta - 0.001656*omega - 1.0e-6*theta**3 - 2.9e-5*theta**2 - 0.000243*theta - 0.000733
    Diffusion: theta=1.439760e-04, omega=9.680118e-06

--- Chunk 87521 (182/220) | Start: 2025-06-24 23:15:00 ---
    RMSE omega (GP): nan | RMSE omega (Sim): nan
    Loss: 682.9720 | Epoch: 2270
    Eq omega: nan1 + nantheta + nanomega + nantheta^2 + nantheta omega + nanomega^2 + nantheta^3 + nantheta^2 omega + nantheta omega^2 + nanomega^3
    Eq omega Phys: N/A
    Diffusion: theta=nan, omega=nan

--- Chunk 87522 (183/220) | Start: 2025-06-24 23:20:00 ---
    RMSE omega (GP): 0.003976 | RMSE omega (Sim): nan
    Loss: 180.1091 | Epoch: 9999
    Eq omega: -0.072151 + -0.00363theta + 0.07975omega + -0.00028theta^2 + 0.00142theta omega + -0.01367omega^2 + -0.00003theta^3 + 0.00062theta^2 omega + -0.00001theta omega^2 + 0.00419omega^3
    Eq omega Phys: 0.031251*omega**3 - 2.0e-6*omega**2*theta - 0.006837*omega**2 + 5.0e-6*omega*theta**2 + 0.000111*omega*theta + 0.003232*omega - 8.0e-6*theta - 0.000211
    Diffusion: theta=2.295406e-04, omega=8.401289e-06

--- Chunk 87523 (184/220) | Start: 2025-06-24 23:25:00 ---
    RMSE omega (GP): nan | RMSE omega (Sim): nan
    Loss: 91764.9766 | Epoch: 1189
    Eq omega: nan1 + nantheta + nanomega + nantheta^2 + nantheta omega + nanomega^2 + nantheta^3 + nantheta^2 omega + nantheta omega^2 + nanomega^3
    Eq omega Phys: N/A
    Diffusion: theta=nan, omega=nan

--- Chunk 87524 (185/220) | Start: 2025-06-24 23:30:00 ---
    RMSE omega (GP): nan | RMSE omega (Sim): nan
    Loss: 215655.5000 | Epoch: 1621
    Eq omega: nan1 + nantheta + nanomega + nantheta^2 + nantheta omega + nanomega^2 + nantheta^3 + nantheta^2 omega + nantheta omega^2 + nanomega^3
    Eq omega Phys: N/A
    Diffusion: theta=nan, omega=nan

--- Chunk 87525 (186/220) | Start: 2025-06-24 23:35:00 ---
    RMSE omega (GP): nan | RMSE omega (Sim): nan
    Loss: 12239.0762 | Epoch: 809
    Eq omega: nan1 + nantheta + nanomega + nantheta^2 + nantheta omega + nanomega^2 + nantheta^3 + nantheta^2 omega + nantheta omega^2 + nanomega^3
    Eq omega Phys: N/A
    Diffusion: theta=nan, omega=nan

--- Chunk 87526 (187/220) | Start: 2025-06-24 23:40:00 ---
    RMSE omega (GP): 0.007884 | RMSE omega (Sim): 0.053292
    Loss: 297.7690 | Epoch: 9999
    Eq omega: 0.188561 + -0.02329theta + 0.01593omega + 0.00042theta^2 + -0.00178theta omega + 0.00409omega^2 + -0.00032theta^3 + -0.00006theta^2 omega + -0.00111theta omega^2 + -0.00132omega^3
    Eq omega Phys: -0.003841*omega**3 - 0.000108*omega**2*theta + 0.002914*omega**2 - 1.3e-5*omega*theta + 0.000767*omega + 2.0e-6*theta**2 - 5.4e-5*theta + 0.001223
    Diffusion: theta=1.242332e-03, omega=8.638684e-06

--- Chunk 87527 (188/220) | Start: 2025-06-24 23:45:00 ---
    RMSE omega (GP): nan | RMSE omega (Sim): nan
    Loss: 614.8238 | Epoch: 1781
    Eq omega: nan1 + nantheta + nanomega + nantheta^2 + nantheta omega + nanomega^2 + nantheta^3 + nantheta^2 omega + nantheta omega^2 + nanomega^3
    Eq omega Phys: N/A
    Diffusion: theta=nan, omega=nan

--- Chunk 87528 (189/220) | Start: 2025-06-24 23:50:00 ---
    RMSE omega (GP): 0.004067 | RMSE omega (Sim): 0.105032
    Loss: 68.1793 | Epoch: 8306
    Eq omega: -0.016521 + -0.10400theta + 0.04597omega + 0.00058theta^2 + 0.00477theta omega + -0.10968omega^2 + 0.00056theta^3 + -0.00055theta^2 omega + -0.11270theta omega^2 + 0.00348omega^3
    Eq omega Phys: 0.009888*omega**3 - 0.010674*omega**2*theta + 0.00138*omega**2 - 2.0e-6*omega*theta**2 + 6.0e-5*omega*theta + 0.001352*omega - 0.000115*theta + 0.000321
    Diffusion: theta=7.901136e-05, omega=1.642062e-05

--- Chunk 87529 (190/220) | Start: 2025-06-24 23:55:00 ---
    RMSE omega (GP): 0.004845 | RMSE omega (Sim): 0.071912
    Loss: 96.8844 | Epoch: 9999
    Eq omega: 0.023101 + -0.03416theta + -0.01808omega + 0.00912theta^2 + 0.00101theta omega + 0.00177omega^2 + -0.00065theta^3 + -0.00009theta^2 omega + -0.00224theta omega^2 + 0.00489omega^3
    Eq omega Phys: 0.013156*omega**3 - 0.000201*omega**2*theta - 0.003269*omega**2 - 0.000508*omega - 0.e-6*theta**2 + 7.0e-6*theta + 1.5e-5
    Diffusion: theta=5.740082e-04, omega=1.183246e-05

--- Chunk 87530 (191/220) | Start: 2025-06-25 00:00:00 ---
    RMSE omega (GP): 0.004752 | RMSE omega (Sim): 0.040214
    Loss: 598.4567 | Epoch: 9999
    Eq omega: -0.009381 + -0.00569theta + 0.03710omega + -0.00089theta^2 + -0.00752theta omega + 0.00674omega^2 + -0.00030theta^3 + -0.00010theta^2 omega + -0.00016theta omega^2 + 0.00395omega^3
    Eq omega Phys: 0.067424*omega**3 - 9.1e-5*omega**2*theta + 0.006201*omega**2 - 2.0e-6*omega*theta**2 - 0.000143*omega*theta + 0.00327*omega + 6.0e-6*theta**2 - 7.4e-5*theta + 0.000301
    Diffusion: theta=2.303294e-04, omega=6.139725e-06

--- Chunk 87531 (192/220) | Start: 2025-06-25 00:05:00 ---
    RMSE omega (GP): 0.003388 | RMSE omega (Sim): 0.050734
    Loss: 305.5534 | Epoch: 9999
    Eq omega: 0.028751 + 0.00028theta + 0.03707omega + -0.00017theta^2 + -0.00037theta omega + 0.01056omega^2 + -0.00000theta^3 + -0.00012theta^2 omega + 0.00013theta omega^2 + 0.00164omega^3
    Eq omega Phys: 0.028061*omega**3 + 7.4e-5*omega**2*theta + 0.006768*omega**2 - 2.0e-6*omega*theta**2 + 6.5e-5*omega*theta + 0.000783*omega + 5.0e-6*theta - 0.e-6
    Diffusion: theta=1.733659e-04, omega=6.969247e-06

--- Chunk 87532 (193/220) | Start: 2025-06-25 00:10:00 ---
    RMSE omega (GP): 0.003986 | RMSE omega (Sim): 0.077102
    Loss: 191.1161 | Epoch: 6599
    Eq omega: 0.003431 + 0.00586theta + -0.03308omega + -0.00150theta^2 + 0.00455theta omega + -0.00396omega^2 + -0.00007theta^3 + -0.00158theta^2 omega + 0.00008theta omega^2 + -0.00309omega^3
    Eq omega Phys: -0.024478*omega**3 + 2.1e-5*omega**2*theta - 0.002225*omega**2 - 1.4e-5*omega*theta**2 + 0.000329*omega*theta - 0.002936*omega + 1.7e-5*theta - 0.000106
    Diffusion: theta=nan, omega=nan

--- Chunk 87533 (194/220) | Start: 2025-06-25 00:15:00 ---
    RMSE omega (GP): 0.003495 | RMSE omega (Sim): 0.128787
    Loss: 54.0254 | Epoch: 8243
    Eq omega: -0.056061 + -0.08880theta + 0.03375omega + -0.02620theta^2 + 0.11013theta omega + -0.20212omega^2 + -0.12209theta^3 + 0.02110theta^2 omega + -0.00064theta omega^2 + -0.00203omega^3
    Eq omega Phys: -0.006222*omega**3 - 6.5e-5*omega**2*theta - 0.064478*omega**2 + 7.2e-5*omega*theta**2 + 0.000899*omega*theta - 0.000853*omega - 1.4e-5*theta**3 + 7.0e-5*theta**2 - 0.000215*theta + 5.6e-5
    Diffusion: theta=8.030706e-05, omega=1.452360e-05

--- Chunk 87534 (195/220) | Start: 2025-06-25 00:20:00 ---
    RMSE omega (GP): 0.004224 | RMSE omega (Sim): nan
    Loss: 332.8604 | Epoch: 9999
    Eq omega: 0.187731 + -0.00788theta + 0.22761omega + -0.00401theta^2 + -0.01976theta omega + 0.06910omega^2 + -0.00005theta^3 + -0.00262theta^2 omega + -0.02863theta omega^2 + 0.01816omega^3
    Eq omega Phys: 0.222664*omega**3 - 0.011701*omega**2*theta + 0.174926*omega**2 - 3.6e-5*omega*theta**2 + 0.000377*omega*theta + 0.007836*omega - 2.0e-6*theta**2 + 4.6e-5*theta + 0.0001
    Diffusion: theta=1.507799e-04, omega=7.201939e-06

--- Chunk 87535 (196/220) | Start: 2025-06-25 00:25:00 ---
    RMSE omega (GP): 0.005000 | RMSE omega (Sim): nan
    Loss: 221.6217 | Epoch: 8966
    Eq omega: 0.001301 + -0.05224theta + 0.01702omega + 0.00204theta^2 + 0.04400theta omega + -0.01311omega^2 + -0.00981theta^3 + 0.01116theta^2 omega + -0.09815theta omega^2 + 0.01285omega^3
    Eq omega Phys: 0.076033*omega**3 - 0.019358*omega**2*theta - 0.188608*omega**2 + 7.3e-5*omega*theta**2 + 0.002037*omega*theta + 0.013259*omega - 2.0e-6*theta**3 - 6.0e-5*theta**2 - 0.000614*theta - 0.002265
    Diffusion: theta=1.932554e-04, omega=8.839326e-06

--- Chunk 87536 (197/220) | Start: 2025-06-25 00:30:00 ---
    RMSE omega (GP): 0.003985 | RMSE omega (Sim): 0.049203
    Loss: 139.0420 | Epoch: 5876
    Eq omega: 0.023361 + -0.48227theta + -0.26763omega + -0.01876theta^2 + 0.00081theta omega + 0.03439omega^2 + -0.00010theta^3 + -0.02962theta^2 omega + 0.05415theta omega^2 + -0.00749omega^3
    Eq omega Phys: -0.044409*omega**3 + 0.010702*omega**2*theta - 0.06593*omega**2 - 0.000195*omega*theta**2 + 0.002974*omega*theta - 0.020251*omega - 9.0e-6*theta**2 - 0.000399*theta + 0.003601
    Diffusion: theta=7.270142e-05, omega=8.177915e-06

--- Chunk 87537 (198/220) | Start: 2025-06-25 00:35:00 ---
    RMSE omega (GP): nan | RMSE omega (Sim): nan
    Loss: 1326.8676 | Epoch: 1763
    Eq omega: nan1 + nantheta + nanomega + nantheta^2 + nantheta omega + nanomega^2 + nantheta^3 + nantheta^2 omega + nantheta omega^2 + nanomega^3
    Eq omega Phys: N/A
    Diffusion: theta=nan, omega=nan

--- Chunk 87538 (199/220) | Start: 2025-06-25 00:40:00 ---
    RMSE omega (GP): 0.003225 | RMSE omega (Sim): 0.054575
    Loss: 140.9323 | Epoch: 5184
    Eq omega: 0.039571 + -1.13406theta + -0.31423omega + 0.02246theta^2 + -0.02704theta omega + -0.01868omega^2 + -0.03811theta^3 + 0.03841theta^2 omega + -0.01618theta omega^2 + -0.26060omega^3
    Eq omega Phys: -2.361516*omega**3 - 0.004887*omega**2*theta + 0.014783*omega**2 + 0.000387*omega*theta**2 - 0.00446*omega*theta + 0.002224*omega - 1.3e-5*theta**3 + 0.00021*theta**2 - 0.002409*theta + 0.008621
    Diffusion: theta=9.177838e-05, omega=7.615952e-06

--- Chunk 87539 (200/220) | Start: 2025-06-25 00:45:00 ---
    RMSE omega (GP): 0.003775 | RMSE omega (Sim): 0.125033
    Loss: 336.7782 | Epoch: 5988
    Eq omega: 0.012031 + -0.07240theta + 0.01777omega + 0.08027theta^2 + 0.02598theta omega + -0.05893omega^2 + -0.03013theta^3 + -0.00439theta^2 omega + -0.00667theta omega^2 + 0.00649omega^3
    Eq omega Phys: 0.101527*omega**3 - 0.003478*omega**2*theta - 0.024966*omega**2 - 7.6e-5*omega*theta**2 + 0.001397*omega*theta - 0.004521*omega - 1.7e-5*theta**3 + 0.000329*theta**2 - 0.002071*theta + 0.00433
    Diffusion: theta=1.055513e-04, omega=6.940646e-06

  [Progress 200/220] Mean RMSE omega (GP): 0.005093 | (Sim): 0.138330 | Mean loss: 133234.4664 | Valid GP: 129/200 | Valid Sim: 105/200 | Elapsed: 478.7min | ETA: 47.9min

--- Chunk 87540 (201/220) | Start: 2025-06-25 00:50:00 ---
    RMSE omega (GP): nan | RMSE omega (Sim): nan
    Loss: 19012.9512 | Epoch: 1065
    Eq omega: nan1 + nantheta + nanomega + nantheta^2 + nantheta omega + nanomega^2 + nantheta^3 + nantheta^2 omega + nantheta omega^2 + nanomega^3
    Eq omega Phys: N/A
    Diffusion: theta=nan, omega=nan

--- Chunk 87541 (202/220) | Start: 2025-06-25 00:55:00 ---
    RMSE omega (GP): 0.010106 | RMSE omega (Sim): 0.039993
    Loss: 1551.1644 | Epoch: 9999
    Eq omega: 0.003141 + -0.00309theta + 0.03884omega + -0.00073theta^2 + -0.00168theta omega + 0.00300omega^2 + -0.00022theta^3 + -0.00005theta^2 omega + -0.00046theta omega^2 + 0.00049omega^3
    Eq omega Phys: 0.004812*omega**3 - 0.000151*omega**2*theta + 0.0052*omega**2 - 0.e-6*omega*theta**2 - 7.0e-6*omega*theta + 0.001744*omega + 5.0e-6*theta**2 - 0.00011*theta + 0.000828
    Diffusion: theta=3.470315e-04, omega=3.121107e-06

--- Chunk 87542 (203/220) | Start: 2025-06-25 01:00:00 ---
    RMSE omega (GP): nan | RMSE omega (Sim): nan
    Loss: 63590.5117 | Epoch: 1202
    Eq omega: nan1 + nantheta + nanomega + nantheta^2 + nantheta omega + nanomega^2 + nantheta^3 + nantheta^2 omega + nantheta omega^2 + nanomega^3
    Eq omega Phys: N/A
    Diffusion: theta=nan, omega=nan

--- Chunk 87543 (204/220) | Start: 2025-06-25 01:05:00 ---
    RMSE omega (GP): nan | RMSE omega (Sim): nan
    Loss: 34556.8008 | Epoch: 1330
    Eq omega: nan1 + nantheta + nanomega + nantheta^2 + nantheta omega + nanomega^2 + nantheta^3 + nantheta^2 omega + nantheta omega^2 + nanomega^3
    Eq omega Phys: N/A
    Diffusion: theta=nan, omega=nan

--- Chunk 87544 (205/220) | Start: 2025-06-25 01:10:00 ---
    RMSE omega (GP): 0.003496 | RMSE omega (Sim): 0.071050
    Loss: 280.7354 | Epoch: 9728
    Eq omega: 0.008151 + 0.00242theta + -0.00811omega + -0.00200theta^2 + -0.00009theta omega + 0.00248omega^2 + 0.00015theta^3 + -0.00028theta^2 omega + 0.00009theta omega^2 + -0.00226omega^3
    Eq omega Phys: -0.03401*omega**3 + 4.5e-5*omega**2*theta + 0.001335*omega**2 - 5.0e-6*omega*theta**2 + 8.5e-5*omega*theta - 0.000658*omega - 4.0e-6*theta**2 + 5.4e-5*theta - 0.000217
    Diffusion: theta=8.093881e-05, omega=9.173112e-06

--- Chunk 87545 (206/220) | Start: 2025-06-25 01:15:00 ---
    RMSE omega (GP): 0.003863 | RMSE omega (Sim): 0.067951
    Loss: 110.1869 | Epoch: 5007
    Eq omega: 0.133381 + -0.56342theta + -0.12872omega + -0.15285theta^2 + -0.15732theta omega + 0.08821omega^2 + -0.03133theta^3 + -0.07630theta^2 omega + -0.00636theta omega^2 + -0.14583omega^3
    Eq omega Phys: -0.734856*omega**3 - 0.001068*omega**2*theta + 0.043734*omega**2 - 0.000427*omega*theta**2 + 0.003915*omega*theta - 0.010556*omega - 6.0e-6*theta**3 + 5.5e-5*theta**2 - 0.000522*theta + 0.003389
    Diffusion: theta=1.185076e-04, omega=9.888196e-06

--- Chunk 87546 (207/220) | Start: 2025-06-25 01:20:00 ---
    RMSE omega (GP): nan | RMSE omega (Sim): nan
    Loss: 20547.8613 | Epoch: 1029
    Eq omega: nan1 + nantheta + nanomega + nantheta^2 + nantheta omega + nanomega^2 + nantheta^3 + nantheta^2 omega + nantheta omega^2 + nanomega^3
    Eq omega Phys: N/A
    Diffusion: theta=nan, omega=nan

--- Chunk 87547 (208/220) | Start: 2025-06-25 01:25:00 ---
    RMSE omega (GP): 0.007376 | RMSE omega (Sim): 0.043279
    Loss: 2162.1797 | Epoch: 9999
    Eq omega: -0.001571 + 0.00033theta + -0.01566omega + -0.00003theta^2 + 0.00004theta omega + -0.00126omega^2 + -0.00000theta^3 + 0.00001theta^2 omega + -0.00001theta omega^2 + -0.00041omega^3
    Eq omega Phys: -0.010352*omega**3 - 8.0e-6*omega**2*theta - 0.000944*omega**2 - 1.3e-5*omega*theta - 0.000376*omega + 2.0e-6*theta - 3.0e-5
    Diffusion: theta=2.631420e-04, omega=2.479230e-06

--- Chunk 87548 (209/220) | Start: 2025-06-25 01:30:00 ---
    RMSE omega (GP): 0.006076 | RMSE omega (Sim): 0.063316
    Loss: 542.4587 | Epoch: 9999
    Eq omega: -0.006961 + -0.00579theta + -0.01624omega + 0.00006theta^2 + -0.00152theta omega + 0.00248omega^2 + -0.00024theta^3 + 0.00006theta^2 omega + -0.00032theta omega^2 + 0.00111omega^3
    Eq omega Phys: 0.010343*omega**3 - 9.9e-5*omega**2*theta + 0.00367*omega**2 + 1.0e-6*omega*theta**2 - 5.7e-5*omega*theta + 0.000438*omega + 6.0e-6*theta**2 - 0.00014*theta + 0.001164
    Diffusion: theta=4.045624e-04, omega=6.917102e-06

--- Chunk 87549 (210/220) | Start: 2025-06-25 01:35:00 ---
    RMSE omega (GP): 0.003749 | RMSE omega (Sim): 0.111597
    Loss: 154.0100 | Epoch: 5972
    Eq omega: -0.066801 + -0.58975theta + -0.17523omega + -0.32394theta^2 + 0.03543theta omega + 0.11152omega^2 + -0.10769theta^3 + 0.00059theta^2 omega + 0.08387theta omega^2 + 0.05014omega^3
    Eq omega Phys: 0.369905*omega**3 + 0.020625*omega**2*theta - 0.074006*omega**2 + 5.0e-6*omega*theta**2 + 0.000525*omega*theta - 0.009323*omega - 2.9e-5*theta**3 + 0.000375*theta**2 - 0.001887*theta + 0.004194
    Diffusion: theta=5.235905e-05, omega=7.675117e-06

--- Chunk 87550 (211/220) | Start: 2025-06-25 01:40:00 ---
    RMSE omega (GP): 0.003094 | RMSE omega (Sim): 0.133052
    Loss: 98.4015 | Epoch: 9999
    Eq omega: 0.001361 + 0.00408theta + 0.04766omega + -0.00194theta^2 + -0.00755theta omega + 0.00341omega^2 + -0.00021theta^3 + -0.00284theta^2 omega + -0.00904theta omega^2 + 0.00416omega^3
    Eq omega Phys: 0.028847*omega**3 - 0.00209*omega**2*theta + 0.009056*omega**2 - 2.2e-5*omega*theta**2 + 3.4e-5*omega*theta + 0.001742*omega + 1.0e-5*theta - 2.4e-5
    Diffusion: theta=4.725029e-05, omega=9.036294e-06

--- Chunk 87551 (212/220) | Start: 2025-06-25 01:45:00 ---
    RMSE omega (GP): 0.004386 | RMSE omega (Sim): 0.068928
    Loss: 148.3017 | Epoch: 9999
    Eq omega: -0.133571 + -0.01758theta + 0.00969omega + -0.00302theta^2 + 0.00504theta omega + 0.02097omega^2 + -0.00366theta^3 + -0.02630theta^2 omega + -0.00181theta omega^2 + -0.00134omega^3
    Eq omega Phys: -0.006764*omega**3 - 0.000305*omega**2*theta + 0.006316*omega**2 - 0.000148*omega*theta**2 - 0.002146*omega*theta - 0.007473*omega - 0.e-6*theta**3 - 1.7e-5*theta**2 - 0.000156*theta - 0.000876
    Diffusion: theta=3.260964e-04, omega=7.603075e-06

--- Chunk 87552 (213/220) | Start: 2025-06-25 01:50:00 ---
    RMSE omega (GP): 0.004302 | RMSE omega (Sim): 0.078123
    Loss: 293.5952 | Epoch: 9999
    Eq omega: -0.008481 + -0.17661theta + -0.36546omega + 0.01742theta^2 + 0.00201theta omega + -0.01022omega^2 + -0.00070theta^3 + 0.00030theta^2 omega + -0.00091theta omega^2 + 0.00696omega^3
    Eq omega Phys: 0.073582*omega**3 - 0.000321*omega**2*theta - 0.00284*omega**2 + 4.0e-6*omega*theta**2 - 3.1e-5*omega*theta - 0.012225*omega + 2.0e-5*theta**2 - 0.000511*theta + 0.003402
    Diffusion: theta=1.401543e-04, omega=6.104069e-06

--- Chunk 87553 (214/220) | Start: 2025-06-25 01:55:00 ---
    RMSE omega (GP): 0.003799 | RMSE omega (Sim): 0.158105
    Loss: 107.1968 | Epoch: 9999
    Eq omega: 0.018041 + -0.07189theta + 0.00556omega + -0.06885theta^2 + 0.00398theta omega + 0.14742omega^2 + -0.01687theta^3 + 0.01143theta^2 omega + -0.02030theta omega^2 + -0.00068omega^3
    Eq omega Phys: -0.00333*omega**3 - 0.003314*omega**2*theta + 0.0953*omega**2 + 6.2e-5*omega*theta**2 - 0.001288*omega*theta + 0.00684*omega - 3.0e-6*theta**3 + 6.8e-5*theta**2 - 0.000481*theta + 0.001154
    Diffusion: theta=2.126988e-04, omega=7.934615e-06

--- Chunk 87554 (215/220) | Start: 2025-06-25 02:00:00 ---
    RMSE omega (GP): nan | RMSE omega (Sim): nan
    Loss: 8131.3159 | Epoch: 1344
    Eq omega: nan1 + nantheta + nanomega + nantheta^2 + nantheta omega + nanomega^2 + nantheta^3 + nantheta^2 omega + nantheta omega^2 + nanomega^3
    Eq omega Phys: N/A
    Diffusion: theta=nan, omega=nan

--- Chunk 87555 (216/220) | Start: 2025-06-25 02:05:00 ---
    RMSE omega (GP): nan | RMSE omega (Sim): nan
    Loss: 235.6868 | Epoch: 3875
    Eq omega: nan1 + nantheta + nanomega + nantheta^2 + nantheta omega + nanomega^2 + nantheta^3 + nantheta^2 omega + nantheta omega^2 + nanomega^3
    Eq omega Phys: N/A
    Diffusion: theta=nan, omega=nan

--- Chunk 87556 (217/220) | Start: 2025-06-25 02:10:00 ---
    RMSE omega (GP): nan | RMSE omega (Sim): nan
    Loss: 18852.1660 | Epoch: 889
    Eq omega: nan1 + nantheta + nanomega + nantheta^2 + nantheta omega + nanomega^2 + nantheta^3 + nantheta^2 omega + nantheta omega^2 + nanomega^3
    Eq omega Phys: N/A
    Diffusion: theta=nan, omega=nan

--- Chunk 87557 (218/220) | Start: 2025-06-25 02:15:00 ---
    RMSE omega (GP): 0.003678 | RMSE omega (Sim): 0.063735
    Loss: 201.0180 | Epoch: 9788
    Eq omega: 0.020731 + -0.00784theta + -0.01953omega + 0.00154theta^2 + -0.00197theta omega + -0.00968omega^2 + 0.00003theta^3 + 0.00040theta^2 omega + -0.00110theta omega^2 + -0.01329omega^3
    Eq omega Phys: -0.130807*omega**3 - 0.000361*omega**2*theta - 0.000824*omega**2 + 4.0e-6*omega*theta**2 - 0.000152*omega*theta + 0.00059*omega + 1.0e-6*theta**2 - 2.9e-5*theta + 0.000297
    Diffusion: theta=5.747841e-05, omega=9.478493e-06

--- Chunk 87558 (219/220) | Start: 2025-06-25 02:20:00 ---
    RMSE omega (GP): 0.003957 | RMSE omega (Sim): 0.067435
    Loss: 133.2540 | Epoch: 8695
    Eq omega: 0.280261 + 0.05239theta + -0.49208omega + -0.00261theta^2 + -0.09970theta omega + 0.00546omega^2 + -0.05313theta^3 + -0.06578theta^2 omega + 0.10308theta omega^2 + 0.06300omega^3
    Eq omega Phys: 0.36305*omega**3 + 0.019801*omega**2*theta + 0.089703*omega**2 - 0.000421*omega*theta**2 - 0.005171*omega*theta - 0.031015*omega - 1.1e-5*theta**3 - 0.000151*theta**2 - 0.000614*theta - 3.0e-5
    Diffusion: theta=9.442743e-05, omega=8.146109e-06

--- Chunk 87559 (220/220) | Start: 2025-06-25 02:25:00 ---
    RMSE omega (GP): 0.004021 | RMSE omega (Sim): 0.043912
    Loss: 476.9968 | Epoch: 8939
    Eq omega: 0.013541 + 0.00662theta + 0.01295omega + 0.00440theta^2 + 0.00401theta omega + 0.00218omega^2 + -0.00008theta^3 + 0.00242theta^2 omega + 0.00053theta omega^2 + 0.00012omega^3
    Eq omega Phys: 0.002342*omega**3 + 0.000345*omega**2*theta - 0.001992*omega**2 + 5.2e-5*omega*theta**2 - 0.001034*omega*theta + 0.005467*omega + 6.0e-6*theta**2 - 9.9e-5*theta + 0.00048
    Diffusion: theta=8.239083e-05, omega=6.667758e-06

  [Progress 220/220] Mean RMSE omega (GP): 0.005062 | (Sim): 0.131653 | Mean loss: 121900.3640 | Valid GP: 142/220 | Valid Sim: 118/220 | Elapsed: 530.4min | ETA: 0.0min

============================================================
EVALUATION COMPLETE — Chunks [87340, 87559]
============================================================
Chunks processed: 220
Chunks succeeded GP:  142 (64.5%)
Chunks succeeded Sim: 118 (53.6%)
Mean GP RMSE omega:   0.005062 ± 0.002067
Mean SIM RMSE omega:  0.131653 ± 0.236731
Mean Loss:            121900.3640 ± 1011311.2029
Elapsed time:     530.4 minutes

Per-chunk CSV: /pfs/data6/home/ka/ka_iai/ka_bj2362/dsr/svise/results_5min_all_chunks/run_SLURM_3733210_combo5/chunks_87340_to_87559_20260323_102231.csv
Summary JSON:  /pfs/data6/home/ka/ka_iai/ka_bj2362/dsr/svise/results_5min_all_chunks/run_SLURM_3733210_combo5/summary_87340_to_87559_20260323_102231.json
============================================================
       (h = step size). solver will continue anyway  
      in above,  r1 =  0.4501143346709D+01   r2 =  0.2763566384459D-15
 lsoda--  warning..internal t (=r1) and h (=r2) are  
       such that in the machine, t + h = t on the next step  
       (h = step size). solver will continue anyway  
      in above,  r1 =  0.4501143346709D+01   r2 =  0.2763566384459D-15
 lsoda--  warning..internal t (=r1) and h (=r2) are  
       such that in the machine, t + h = t on the next step  
       (h = step size). solver will continue anyway  
      in above,  r1 =  0.4501143346709D+01   r2 =  0.2763566384459D-15
 lsoda--  warning..internal t (=r1) and h (=r2) are  
       such that in the machine, t + h = t on the next step  
       (h = step size). solver will continue anyway  
      in above,  r1 =  0.4501143346709D+01   r2 =  0.2271282378887D-15
 lsoda--  above warning has been issued i1 times.    
       it will not be issued again for this problem  
      in above message,  i1 =        10
 lsoda--  warning..internal t (=r1) and h (=r2) are  
       such that in the machine, t + h = t on the next step  
       (h = step size). solver will continue anyway  
      in above,  r1 =  0.8879945819649D+01   r2 =  0.8262174658476D-15
 lsoda--  warning..internal t (=r1) and h (=r2) are  
       such that in the machine, t + h = t on the next step  
       (h = step size). solver will continue anyway  
      in above,  r1 =  0.8879945819649D+01   r2 =  0.8262174658476D-15
 lsoda--  warning..internal t (=r1) and h (=r2) are  
       such that in the machine, t + h = t on the next step  
       (h = step size). solver will continue anyway  
      in above,  r1 =  0.8879945819649D+01   r2 =  0.8262174658476D-15
 lsoda--  warning..internal t (=r1) and h (=r2) are  
       such that in the machine, t + h = t on the next step  
       (h = step size). solver will continue anyway  
      in above,  r1 =  0.8879945819649D+01   r2 =  0.6790403838111D-15
 lsoda--  warning..internal t (=r1) and h (=r2) are  
       such that in the machine, t + h = t on the next step  
       (h = step size). solver will continue anyway  
      in above,  r1 =  0.8879945819649D+01   r2 =  0.6790403838111D-15
 lsoda--  warning..internal t (=r1) and h (=r2) are  
       such that in the machine, t + h = t on the next step  
       (h = step size). solver will continue anyway  
      in above,  r1 =  0.8879945819649D+01   r2 =  0.6790403838111D-15
 lsoda--  warning..internal t (=r1) and h (=r2) are  
       such that in the machine, t + h = t on the next step  
       (h = step size). solver will continue anyway  
      in above,  r1 =  0.8879945819649D+01   r2 =  0.5580804832689D-15
 lsoda--  warning..internal t (=r1) and h (=r2) are  
       such that in the machine, t + h = t on the next step  
       (h = step size). solver will continue anyway  
      in above,  r1 =  0.8879945819649D+01   r2 =  0.5580804832689D-15
 lsoda--  warning..internal t (=r1) and h (=r2) are  
       such that in the machine, t + h = t on the next step  
       (h = step size). solver will continue anyway  
      in above,  r1 =  0.8879945819649D+01   r2 =  0.5580804832689D-15
 lsoda--  warning..internal t (=r1) and h (=r2) are  
       such that in the machine, t + h = t on the next step  
       (h = step size). solver will continue anyway  
      in above,  r1 =  0.8879945819649D+01   r2 =  0.4586676036940D-15
 lsoda--  above warning has been issued i1 times.    
       it will not be issued again for this problem  
      in above message,  i1 =        10

============================= JOB FEEDBACK =============================

NodeName=uc3n102
Job ID: 3735264
Array Job ID: 3733210_397
Cluster: uc3
User/Group: ka_bj2362/ka_iai
State: COMPLETED (exit code 0)
Nodes: 1
Cores per node: 4
CPU Utilized: 08:47:18
CPU Efficiency: 24.83% of 1-11:23:52 core-walltime
Job Wall-clock time: 08:50:58
Memory Utilized: 2.78 GB
Memory Efficiency: 23.13% of 12.00 GB (12.00 GB/node)
