Array task 86: processing chunks 18920 to 19139
Loading data from /pfs/data6/home/ka/ka_iai/ka_bj2362/dsr/svise/../dataset/South_Korea_2024-08-15_2025-08-31_1s.parquet...
Finding all valid 5-minute chunks in the dataset...
Found 107059 valid 5-minute chunks in total.

============================================================
SVISE FINAL EVALUATION — ALL CHUNKS
============================================================
Hyperparameters: {
  "model": "integrator",
  "sigma": 0,
  "degree": 3,
  "tau": 0.5,
  "lr": 0.001,
  "n_tau": 200,
  "measurement_noise": 0.0001,
  "n_reparam_samples": 15
}
Total valid chunks in dataset: 107059
Processing chunk range: [18920, 19139] (220 chunks)
Early stopping: patience=300, max_epochs=10000
============================================================


--- Chunk 18920 (1/220) | Start: 2024-10-24 17:05:00 ---
/pfs/data6/home/ka/ka_iai/ka_bj2362/dsr/svise/svise/sde_learning/_marginal_sde.py:284: UserWarning: torch.triangular_solve is deprecated in favor of torch.linalg.solve_triangularand will be removed in a future PyTorch release.
torch.linalg.solve_triangular has its arguments reversed and does not return a copy of one of the inputs.
X = torch.triangular_solve(B, A).solution
should be replaced with
X = torch.linalg.solve_triangular(A, B). (Triggered internally at ../aten/src/ATen/native/BatchLinearAlgebra.cpp:2192.)
  return torch.triangular_solve(self.raw_w, self.C.t()).solution
/pfs/data6/home/ka/ka_iai/ka_bj2362/dsr/svise/svise/quadrature/_unbiased_quadrature.py:196: UserWarning: Interp is nan, reducing interp degree.
  warnings.warn("Interp is nan, reducing interp degree.")
    RMSE omega (GP): 0.021999 | RMSE omega (Sim): 0.036740
    Loss: 1155.9645 | Epoch: 9999
    Eq omega: 0.045191 + -0.00351theta + 0.02189omega + -0.00011theta^2 + -0.00051theta omega + 0.00698omega^2 + -0.00012theta^3 + -0.00008theta^2 omega + -0.00009theta omega^2 + 0.00075omega^3
    Eq omega Phys: 0.0114*omega**3 - 4.6e-5*omega**2*theta + 0.005745*omega**2 - 1.0e-6*omega*theta**2 + 3.4e-5*omega*theta + 0.000544*omega + 3.0e-6*theta**2 - 6.0e-5*theta + 0.000445

--- Chunk 18921 (2/220) | Start: 2024-10-24 17:10:00 ---
    RMSE omega (GP): 0.005518 | RMSE omega (Sim): 0.097085
    Loss: 10.0444 | Epoch: 7716
    Eq omega: -0.023981 + 0.04649theta + 0.03763omega + -0.07326theta^2 + 0.04650theta omega + 0.07645omega^2 + -0.19567theta^3 + -0.04546theta^2 omega + 0.21983theta omega^2 + -0.00286omega^3
    Eq omega Phys: -0.007906*omega**3 + 0.020255*omega**2*theta - 0.090429*omega**2 - 0.00014*omega*theta**2 + 0.002037*omega*theta - 0.00578*omega - 2.0e-5*theta**3 + 0.000312*theta**2 - 0.001563*theta + 0.002382

--- Chunk 18922 (3/220) | Start: 2024-10-24 17:15:00 ---
/pfs/data6/home/ka/ka_iai/ka_bj2362/dsr/svise/svise/quadrature/_unbiased_quadrature.py:174: UserWarning: NaN detected in fxq (quadrature node evaluations). Clamping to 0.
  warnings.warn("NaN detected in fxq (quadrature node evaluations). Clamping to 0.")
/pfs/data6/home/ka/ka_iai/ka_bj2362/dsr/svise/svise/quadrature/_unbiased_quadrature.py:177: UserWarning: NaN detected in fmc (Monte-Carlo node evaluations). Clamping to 0.
  warnings.warn("NaN detected in fmc (Monte-Carlo node evaluations). Clamping to 0.")
    RMSE omega (GP): 0.005293 | RMSE omega (Sim): 0.079906
    Loss: 27.6727 | Epoch: 9999
    Eq omega: 0.383691 + -0.02432theta + -0.04804omega + -0.00035theta^2 + -0.00347theta omega + 0.05147omega^2 + -0.00475theta^3 + 0.00066theta^2 omega + 0.00175theta omega^2 + -0.00795omega^3
    Eq omega Phys: -0.051971*omega**3 + 0.000381*omega**2*theta + 0.031166*omega**2 + 5.0e-6*omega*theta**2 + 0.000126*omega*theta - 0.000932*omega - 1.0e-6*theta**3 - 6.5e-5*theta**2 - 0.001243*theta - 0.007204

--- Chunk 18923 (4/220) | Start: 2024-10-24 17:20:00 ---
    RMSE omega (GP): 0.006334 | RMSE omega (Sim): 0.096711
    Loss: -74649624.0000 | Epoch: 5255
    Eq omega: 0.009021 + -0.22759theta + -0.00555omega + -0.04873theta^2 + -0.00861theta omega + -0.00489omega^2 + -0.13056theta^3 + -0.07669theta^2 omega + 0.00608theta omega^2 + 0.02168omega^3
    Eq omega Phys: 0.043573*omega**3 + 0.000407*omega**2*theta - 0.002462*omega**2 - 0.000171*omega*theta**2 + 0.000932*omega*theta - 0.001445*omega - 1.0e-5*theta**3 + 7.2e-5*theta**2 - 0.000422*theta + 0.000907

--- Chunk 18924 (5/220) | Start: 2024-10-24 17:25:00 ---
    RMSE omega (GP): 0.007920 | RMSE omega (Sim): 0.248278
    Loss: 66.4176 | Epoch: 9999
    Eq omega: 0.026751 + -0.01668theta + 0.03882omega + -0.00721theta^2 + 0.00076theta omega + 0.02105omega^2 + -0.00144theta^3 + -0.00008theta^2 omega + 0.00006theta omega^2 + 0.00163omega^3
    Eq omega Phys: 0.011645*omega**3 + 1.4e-5*omega**2*theta + 0.009965*omega**2 - 0.e-6*omega*theta**2 + 4.0e-5*omega*theta + 0.000734*omega + 2.1e-5*theta**2 - 0.00038*theta + 0.002446

--- Chunk 18925 (6/220) | Start: 2024-10-24 17:30:00 ---
    RMSE omega (GP): 0.004143 | RMSE omega (Sim): 0.127293
    Loss: 9.2484 | Epoch: 8819
    Eq omega: -0.036231 + -0.04298theta + 0.00508omega + 0.12831theta^2 + -0.02818theta omega + -0.13383omega^2 + -0.22410theta^3 + -0.05062theta^2 omega + -0.06382theta omega^2 + 0.00074omega^3
    Eq omega Phys: 0.003358*omega**3 - 0.009655*omega**2*theta - 0.096801*omega**2 - 0.000255*omega*theta**2 - 0.002732*omega*theta - 0.007008*omega - 3.8e-5*theta**3 - 0.000468*theta**2 - 0.001961*theta - 0.002884

--- Chunk 18926 (7/220) | Start: 2024-10-24 17:35:00 ---
    RMSE omega (GP): 0.005473 | RMSE omega (Sim): 0.098734
    Loss: 7.9533 | Epoch: 9999
    Eq omega: 0.074781 + 0.02415theta + -0.02486omega + -0.05298theta^2 + 0.00987theta omega + 0.05728omega^2 + -0.02800theta^3 + -0.00240theta^2 omega + 0.02970theta omega^2 + 0.00962omega^3
    Eq omega Phys: 0.02482*omega**3 + 0.002554*omega**2*theta + 0.030944*omega**2 - 7.0e-6*omega*theta**2 + 2.0e-5*omega*theta - 0.000505*omega - 3.0e-6*theta**3 - 6.2e-5*theta**2 - 0.000411*theta - 0.000552

--- Chunk 18927 (8/220) | Start: 2024-10-24 17:40:00 ---
    RMSE omega (GP): 0.005437 | RMSE omega (Sim): 0.068085
    Loss: 14.4175 | Epoch: 9999
    Eq omega: -0.287791 + -0.04879theta + 0.01885omega + -0.00154theta^2 + 0.06569theta omega + 0.01613omega^2 + -0.01068theta^3 + 0.00122theta^2 omega + 0.00157theta omega^2 + 0.00954omega^3
    Eq omega Phys: 0.03558*omega**3 + 0.000195*omega**2*theta + 0.002432*omega**2 + 5.0e-6*omega*theta**2 + 0.000603*omega*theta - 0.010841*omega - 1.0e-6*theta**3 + 7.3e-5*theta**2 - 0.001265*theta + 0.006672

--- Chunk 18928 (9/220) | Start: 2024-10-24 17:45:00 ---
    RMSE omega (GP): 0.003683 | RMSE omega (Sim): 0.103769
    Loss: 3.5949 | Epoch: 7769
    Eq omega: -0.016081 + -0.31745theta + -0.22934omega + 0.05555theta^2 + 0.00018theta omega + 0.00895omega^2 + -0.00632theta^3 + -0.00381theta^2 omega + -0.00228theta omega^2 + -0.01718omega^3
    Eq omega Phys: -0.05396*omega**3 - 0.000239*omega**2*theta - 0.000105*omega**2 - 1.3e-5*omega*theta**2 - 0.000332*omega*theta - 0.009722*omega - 0.e-6*theta**3 - 8.0e-6*theta**2 - 0.000199*theta - 0.002794

--- Chunk 18929 (10/220) | Start: 2024-10-24 17:50:00 ---
    RMSE omega (GP): 0.003816 | RMSE omega (Sim): 0.101053
    Loss: 4.0709 | Epoch: 6340
    Eq omega: 0.103011 + -0.94205theta + 0.03775omega + 0.07013theta^2 + 0.23441theta omega + 0.07438omega^2 + -0.17081theta^3 + -0.29487theta^2 omega + -0.06644theta omega^2 + 0.04978omega^3
    Eq omega Phys: 0.178619*omega**3 - 0.007947*omega**2*theta - 0.014748*omega**2 - 0.001176*omega*theta**2 - 0.009272*omega*theta - 0.015472*omega - 2.3e-5*theta**3 - 0.00032*theta**2 - 0.002539*theta - 0.0073

--- Chunk 18930 (11/220) | Start: 2024-10-24 17:55:00 ---
    RMSE omega (GP): 0.006638 | RMSE omega (Sim): 0.186829
    Loss: 8.5157 | Epoch: 9999
    Eq omega: -0.076201 + -0.06299theta + 0.00647omega + -0.04409theta^2 + -0.00927theta omega + -0.01043omega^2 + -0.05359theta^3 + 0.02226theta^2 omega + -0.01743theta omega^2 + -0.02579omega^3
    Eq omega Phys: -0.044591*omega**3 - 0.001005*omega**2*theta + 0.009096*omega**2 + 4.3e-5*omega*theta**2 - 0.001062*omega*theta + 0.006774*omega - 3.0e-6*theta**3 + 0.000107*theta**2 - 0.001171*theta + 0.004171

--- Chunk 18931 (12/220) | Start: 2024-10-24 18:00:00 ---
    RMSE omega (GP): 0.004798 | RMSE omega (Sim): 0.092725
    Loss: 3.3058 | Epoch: 9999
    Eq omega: 0.092091 + -0.15315theta + -0.12532omega + 0.15474theta^2 + -0.00115theta omega + -0.10220omega^2 + -0.00522theta^3 + -0.00449theta^2 omega + -0.00018theta omega^2 + -0.07870omega^3
    Eq omega Phys: -0.160318*omega**3 - 1.2e-5*omega**2*theta - 0.026667*omega**2 - 1.0e-5*omega*theta**2 - 7.0e-5*omega*theta - 0.004295*omega + 4.1e-5*theta**2 + 8.3e-5*theta + 0.00027

--- Chunk 18932 (13/220) | Start: 2024-10-24 18:05:00 ---
    RMSE omega (GP): 0.004588 | RMSE omega (Sim): 0.087830
    Loss: 7.8762 | Epoch: 9999
    Eq omega: 0.152921 + 0.01515theta + -0.40036omega + -0.00220theta^2 + -0.08365theta omega + 0.03411omega^2 + -0.00100theta^3 + -0.00470theta^2 omega + 0.00678theta omega^2 + -0.10867omega^3
    Eq omega Phys: -0.33589*omega**3 + 0.000699*omega**2*theta + 0.003076*omega**2 - 1.6e-5*omega*theta**2 - 0.000531*omega*theta - 0.005309*omega + 3.0e-6*theta**2 - 9.0e-6*theta + 0.000404

--- Chunk 18933 (14/220) | Start: 2024-10-24 18:10:00 ---
/pfs/data6/home/ka/ka_iai/ka_bj2362/dsr/svise/run_analysis_5min_all_chunks.py:212: ODEintWarning: Excess work done on this call (perhaps wrong Dfun type). Run with full_output = 1 to get quantitative information.
  sol_scaled = odeint(drift, x0_scaled, t_scaled, full_output=False)
    RMSE omega (GP): 0.004366 | RMSE omega (Sim): nan
    Loss: 2.5983 | Epoch: 7033
    Eq omega: 0.032311 + -0.24513theta + -0.00016omega + 0.25697theta^2 + -0.23115theta omega + -0.32432omega^2 + -0.10147theta^3 + 0.00039theta^2 omega + 0.03837theta omega^2 + 0.04795omega^3
    Eq omega Phys: 0.119394*omega**3 + 0.003185*omega**2*theta - 0.070143*omega**2 + 1.0e-6*omega*theta**2 - 0.002204*omega*theta - 0.016182*omega - 9.0e-6*theta**3 - 0.000123*theta**2 - 0.000571*theta - 0.001128

--- Chunk 18934 (15/220) | Start: 2024-10-24 18:15:00 ---
    RMSE omega (GP): 0.003738 | RMSE omega (Sim): nan
    Loss: 35.4002 | Epoch: 9999
    Eq omega: 0.295041 + -0.19166theta + 0.16620omega + -0.00414theta^2 + 0.00970theta omega + 0.00311omega^2 + -0.00156theta^3 + -0.00005theta^2 omega + 0.03979theta omega^2 + -0.00641omega^3
    Eq omega Phys: -0.096342*omega**3 + 0.019935*omega**2*theta - 0.336018*omega**2 - 0.e-6*omega*theta**2 + 0.000257*omega*theta + 0.001417*omega - 0.e-6*theta**3 + 4.1e-5*theta**2 - 0.000852*theta + 0.00738

--- Chunk 18935 (16/220) | Start: 2024-10-24 18:20:00 ---
    RMSE omega (GP): 0.002930 | RMSE omega (Sim): 0.073105
    Loss: 4.0490 | Epoch: 5534
    Eq omega: 0.191241 + -0.04040theta + -0.05747omega + -0.04021theta^2 + -0.00635theta omega + -0.06287omega^2 + -0.07036theta^3 + -0.03560theta^2 omega + 0.17097theta omega^2 + -0.01915omega^3
    Eq omega Phys: -0.098638*omega**3 + 0.029355*omega**2*theta - 0.168103*omega**2 - 0.000204*omega*theta**2 + 0.001884*omega*theta - 0.006262*omega - 1.3e-5*theta**3 + 0.000176*theta**2 - 0.000809*theta + 0.001818

--- Chunk 18936 (17/220) | Start: 2024-10-24 18:25:00 ---
    RMSE omega (GP): 0.003729 | RMSE omega (Sim): 0.138018
    Loss: 9.4714 | Epoch: 9999
    Eq omega: -0.035831 + -0.06540theta + -0.22873omega + 0.08289theta^2 + 0.01028theta omega + 0.02108omega^2 + -0.00186theta^3 + -0.00228theta^2 omega + -0.00970theta omega^2 + -0.03524omega^3
    Eq omega Phys: -0.187574*omega**3 - 0.001721*omega**2*theta + 0.021544*omega**2 - 1.3e-5*omega*theta**2 + 0.000343*omega*theta - 0.009417*omega + 4.7e-5*theta**2 - 0.000703*theta + 0.002687

--- Chunk 18937 (18/220) | Start: 2024-10-24 18:30:00 ---
    RMSE omega (GP): 0.005106 | RMSE omega (Sim): 0.036433
    Loss: 77.1229 | Epoch: 9999
    Eq omega: -0.021841 + 0.01137theta + -0.02331omega + 0.00044theta^2 + 0.00597theta omega + 0.00191omega^2 + 0.00016theta^3 + 0.00049theta^2 omega + 0.00145theta omega^2 + -0.00156omega^3
    Eq omega Phys: -0.030227*omega**3 + 0.000937*omega**2*theta - 0.011669*omega**2 + 1.1e-5*omega*theta**2 - 0.000138*omega*theta - 0.000935*omega - 4.0e-6*theta**2 + 7.0e-5*theta - 0.000452

--- Chunk 18938 (19/220) | Start: 2024-10-24 18:35:00 ---
    RMSE omega (GP): 0.004361 | RMSE omega (Sim): 0.106303
    Loss: 58.9589 | Epoch: 9999
    Eq omega: -0.577281 + -0.00231theta + -0.05049omega + -0.00062theta^2 + 0.00565theta omega + -0.00932omega^2 + 0.00016theta^3 + -0.00012theta^2 omega + 0.00095theta omega^2 + -0.00011omega^3
    Eq omega Phys: -0.002168*omega**3 + 0.000624*omega**2*theta - 0.015777*omega**2 - 3.0e-6*omega*theta**2 + 0.000222*omega*theta - 0.00415*omega - 5.0e-6*theta**2 + 7.3e-5*theta - 0.001121

--- Chunk 18939 (20/220) | Start: 2024-10-24 18:40:00 ---
    RMSE omega (GP): 0.003841 | RMSE omega (Sim): 0.108352
    Loss: 11.2249 | Epoch: 9999
    Eq omega: -0.020461 + -0.01057theta + -0.12390omega + 0.00647theta^2 + 0.00713theta omega + -0.00601omega^2 + -0.05531theta^3 + -0.00724theta^2 omega + 0.05546theta omega^2 + 0.01463omega^3
    Eq omega Phys: 0.089916*omega**3 + 0.011362*omega**2*theta + 0.093424*omega**2 - 4.9e-5*omega*theta**2 - 0.000729*omega*theta - 0.00676*omega - 1.3e-5*theta**3 - 0.000316*theta**2 - 0.002661*theta - 0.007545

--- Chunk 18940 (21/220) | Start: 2024-10-24 18:45:00 ---
    RMSE omega (GP): 0.004983 | RMSE omega (Sim): 0.099066
    Loss: 7.9771 | Epoch: 5823
    Eq omega: -0.022021 + -0.07885theta + 0.07618omega + -0.07789theta^2 + -0.32699theta omega + 0.04696omega^2 + -0.01700theta^3 + -0.04019theta^2 omega + 0.01827theta omega^2 + 0.06099omega^3
    Eq omega Phys: 0.183952*omega**3 + 0.001837*omega**2*theta + 0.011462*omega**2 - 0.000135*omega*theta**2 - 0.002953*omega*theta + 0.00852*omega - 2.0e-6*theta**3 - 1.7e-5*theta**2 - 5.0e-6*theta + 3.0e-6

--- Chunk 18941 (22/220) | Start: 2024-10-24 18:50:00 ---
    RMSE omega (GP): 0.005245 | RMSE omega (Sim): 0.119676
    Loss: 17.3868 | Epoch: 9999
    Eq omega: 0.679651 + -0.01334theta + -0.33534omega + 0.01295theta^2 + 0.08772theta omega + -0.01044omega^2 + -0.02754theta^3 + -0.00355theta^2 omega + 0.03554theta omega^2 + -0.03560omega^3
    Eq omega Phys: -0.15873*omega**3 + 0.005282*omega**2*theta - 0.085608*omega**2 - 1.8e-5*omega*theta**2 + 0.001671*omega*theta - 0.032784*omega - 5.0e-6*theta**3 + 0.000216*theta**2 - 0.003441*theta + 0.020268

--- Chunk 18942 (23/220) | Start: 2024-10-24 18:55:00 ---
    RMSE omega (GP): 0.003943 | RMSE omega (Sim): nan
    Loss: 5.7897 | Epoch: 5785
    Eq omega: -0.016551 + -0.54408theta + 0.07851omega + -0.14724theta^2 + 0.06424theta omega + -0.00529omega^2 + -0.25654theta^3 + 0.22024theta^2 omega + 0.11127theta omega^2 + -0.01782omega^3
    Eq omega Phys: -0.067076*omega**3 + 0.013961*omega**2*theta + 0.031127*omega**2 + 0.000921*omega*theta**2 + 0.005113*omega*theta + 0.009557*omega - 3.6e-5*theta**3 - 0.000312*theta**2 - 0.001478*theta - 0.002277

--- Chunk 18943 (24/220) | Start: 2024-10-24 19:00:00 ---
    RMSE omega (GP): 0.005465 | RMSE omega (Sim): 0.066000
    Loss: 15.5223 | Epoch: 9999
    Eq omega: -0.058391 + -0.06245theta + 0.01270omega + -0.02825theta^2 + -0.01332theta omega + 0.01136omega^2 + -0.00135theta^3 + 0.01147theta^2 omega + -0.07700theta omega^2 + 0.00144omega^3
    Eq omega Phys: 0.005528*omega**3 - 0.009854*omega**2*theta + 0.139886*omega**2 + 4.9e-5*omega*theta**2 - 0.001508*omega*theta + 0.011909*omega - 3.0e-6*theta**2 + 0.000131*theta - 0.000856

--- Chunk 18944 (25/220) | Start: 2024-10-24 19:05:00 ---
    RMSE omega (GP): 0.005766 | RMSE omega (Sim): 0.101241
    Loss: -45295869952.0000 | Epoch: 5657
    Eq omega: -0.032851 + -0.59752theta + -0.08059omega + 0.19105theta^2 + -0.65175theta omega + -0.05348omega^2 + -0.06484theta^3 + 0.08649theta^2 omega + -0.08588theta omega^2 + -0.04686omega^3
    Eq omega Phys: -0.158609*omega**3 - 0.009689*omega**2*theta - 0.082854*omega**2 + 0.000325*omega*theta**2 - 0.002941*omega*theta - 0.036968*omega - 8.0e-6*theta**3 - 9.2e-5*theta**2 - 0.000803*theta - 0.003798

--- Chunk 18945 (26/220) | Start: 2024-10-24 19:10:00 ---
    RMSE omega (GP): 0.004402 | RMSE omega (Sim): 0.176315
    Loss: -10194520064.0000 | Epoch: 6309
    Eq omega: -0.001091 + -0.34062theta + 0.09461omega + -0.30153theta^2 + 0.06471theta omega + 0.04504omega^2 + -0.42056theta^3 + 0.01359theta^2 omega + 0.18011theta omega^2 + -0.01748omega^3
    Eq omega Phys: -0.088586*omega**3 + 0.030426*omega**2*theta - 0.118609*omega**2 + 7.7e-5*omega*theta**2 + 0.000197*omega*theta + 0.000712*omega - 7.9e-5*theta**3 + 0.00093*theta**2 - 0.003947*theta + 0.006132

--- Chunk 18946 (27/220) | Start: 2024-10-24 19:15:00 ---
    RMSE omega (GP): 0.003141 | RMSE omega (Sim): 0.099573
    Loss: 10.4576 | Epoch: 9922
    Eq omega: -0.039351 + 0.01635theta + -0.04623omega + 0.00418theta^2 + 0.00765theta omega + -0.14499omega^2 + -0.00035theta^3 + 0.00081theta^2 omega + 0.01010theta omega^2 + -0.01457omega^3
    Eq omega Phys: -0.111939*omega**3 + 0.002587*omega**2*theta - 0.097807*omega**2 + 7.0e-6*omega*theta**2 - 2.0e-6*omega*theta - 0.002143*omega + 5.0e-6*theta**2 - 5.3e-5*theta + 3.6e-5

--- Chunk 18947 (28/220) | Start: 2024-10-24 19:20:00 ---
    RMSE omega (GP): 0.005407 | RMSE omega (Sim): 0.079971
    Loss: 38.2342 | Epoch: 9999
    Eq omega: -0.016251 + -0.00414theta + -0.05517omega + -0.00246theta^2 + 0.00057theta omega + -0.00366omega^2 + -0.00049theta^3 + -0.00017theta^2 omega + -0.00075theta omega^2 + -0.00097omega^3
    Eq omega Phys: -0.008615*omega**3 - 0.000222*omega**2*theta + 0.001398*omega**2 - 2.0e-6*omega*theta**2 + 6.2e-5*omega*theta - 0.002388*omega + 6.0e-6*theta**2 - 7.2e-5*theta + 0.000264

--- Chunk 18948 (29/220) | Start: 2024-10-24 19:25:00 ---
    RMSE omega (GP): 0.003615 | RMSE omega (Sim): 0.093313
    Loss: 7.9070 | Epoch: 7242
    Eq omega: -0.005561 + -0.01449theta + -0.33394omega + -0.02021theta^2 + -0.01848theta omega + -0.01215omega^2 + -0.09416theta^3 + 0.02178theta^2 omega + -0.00786theta omega^2 + -0.03093omega^3
    Eq omega Phys: -0.153115*omega**3 - 0.001297*omega**2*theta - 0.013411*omega**2 + 0.00012*omega*theta**2 + 0.001315*omega*theta - 0.007651*omega - 1.7e-5*theta**3 - 0.000348*theta**2 - 0.002347*theta - 0.005327

--- Chunk 18949 (30/220) | Start: 2024-10-24 19:30:00 ---
    RMSE omega (GP): 0.004046 | RMSE omega (Sim): 0.139557
    Loss: 14.6096 | Epoch: 9999
    Eq omega: 0.078691 + -0.00915theta + 0.08122omega + -0.00794theta^2 + 0.00398theta omega + 0.01418omega^2 + -0.00296theta^3 + -0.00010theta^2 omega + 0.00393theta omega^2 + 0.00196omega^3
    Eq omega Phys: 0.012481*omega**3 + 0.000834*omega**2*theta - 0.006158*omega**2 - 0.e-6*omega*theta**2 + 8.3e-5*omega*theta + 0.001614*omega - 0.e-6*theta**3 + 2.8e-5*theta**2 - 0.000371*theta + 0.001862

--- Chunk 18950 (31/220) | Start: 2024-10-24 19:35:00 ---
    RMSE omega (GP): 0.003729 | RMSE omega (Sim): 0.066241
    Loss: -238962704384.0000 | Epoch: 7180
    Eq omega: -0.088151 + -0.25884theta + -0.25552omega + -0.02856theta^2 + -0.05433theta omega + -0.07945omega^2 + -0.10630theta^3 + 0.12335theta^2 omega + -0.04545theta omega^2 + -0.02773omega^3
    Eq omega Phys: -0.160463*omega**3 - 0.008767*omega**2*theta + 0.001386*omega**2 + 0.000793*omega*theta**2 - 0.00736*omega*theta + 0.008357*omega - 2.3e-5*theta**3 + 0.000269*theta**2 - 0.001343*theta + 0.002343

--- Chunk 18951 (32/220) | Start: 2024-10-24 19:40:00 ---
    RMSE omega (GP): 0.003648 | RMSE omega (Sim): 0.084065
    Loss: 3.5194 | Epoch: 8004
    Eq omega: -0.021461 + -0.52050theta + -0.00107omega + 0.07881theta^2 + 0.18599theta omega + -0.12729omega^2 + -0.03363theta^3 + 0.03038theta^2 omega + 0.03998theta omega^2 + -0.02893omega^3
    Eq omega Phys: -0.105102*omega**3 + 0.004842*omega**2*theta - 0.035638*omega**2 + 0.000123*omega*theta**2 + 0.002596*omega*theta + 0.004215*omega - 5.0e-6*theta**3 + 6.0e-6*theta**2 - 0.000513*theta - 0.001031

--- Chunk 18952 (33/220) | Start: 2024-10-24 19:45:00 ---
    RMSE omega (GP): 0.003842 | RMSE omega (Sim): 0.163238
    Loss: 5.7152 | Epoch: 8395
    Eq omega: 0.177521 + -0.12409theta + 0.05137omega + 0.05624theta^2 + -0.04555theta omega + 0.00512omega^2 + -0.00796theta^3 + 0.01438theta^2 omega + -0.02983theta omega^2 + -0.01771omega^3
    Eq omega Phys: -0.069698*omega**3 - 0.003913*omega**2*theta + 0.028821*omega**2 + 6.3e-5*omega*theta**2 - 0.001417*omega*theta + 0.008488*omega - 1.0e-6*theta**3 + 4.7e-5*theta**2 - 0.000615*theta + 0.002949

--- Chunk 18953 (34/220) | Start: 2024-10-24 19:50:00 ---
    RMSE omega (GP): 0.003207 | RMSE omega (Sim): 0.105798
    Loss: 3.6481 | Epoch: 7179
    Eq omega: 0.056221 + -0.97480theta + 0.02714omega + -0.17694theta^2 + 0.15839theta omega + -0.03114omega^2 + 0.00711theta^3 + -0.00841theta^2 omega + 0.04965theta omega^2 + 0.01602omega^3
    Eq omega Phys: 0.063611*omega**3 + 0.006572*omega**2*theta - 0.061431*omega**2 - 3.7e-5*omega*theta**2 + 0.002487*omega*theta - 0.015897*omega + 1.0e-6*theta**3 - 9.5e-5*theta**2 + 0.00019*theta + 0.003809

--- Chunk 18954 (35/220) | Start: 2024-10-24 19:55:00 ---
    RMSE omega (GP): 0.004538 | RMSE omega (Sim): 0.047139
    Loss: 15.0859 | Epoch: 7338
    Eq omega: 0.115221 + -0.03954theta + 0.03881omega + 0.02038theta^2 + -0.02418theta omega + 0.00184omega^2 + -0.00123theta^3 + 0.00602theta^2 omega + -0.07494theta omega^2 + -0.00373omega^3
    Eq omega Phys: -0.021003*omega**3 - 0.014065*omega**2*theta + 0.08675*omega**2 + 3.8e-5*omega*theta**2 - 0.000809*omega*theta + 0.004834*omega + 1.5e-5*theta**2 - 0.000193*theta + 0.000989

--- Chunk 18955 (36/220) | Start: 2024-10-24 20:00:00 ---
    RMSE omega (GP): 0.004309 | RMSE omega (Sim): 0.062551
    Loss: 19.9354 | Epoch: 8307
    Eq omega: -0.025951 + -0.01109theta + -0.05689omega + -0.00209theta^2 + 0.00524theta omega + -0.02979omega^2 + -0.00172theta^3 + -0.00084theta^2 omega + 0.00376theta omega^2 + -0.00451omega^3
    Eq omega Phys: -0.037789*omega**3 + 0.00105*omega**2*theta - 0.03187*omega**2 - 8.0e-6*omega*theta**2 + 0.000332*omega*theta - 0.005158*omega - 0.e-6*theta**3 + 2.3e-5*theta**2 - 0.000352*theta + 0.001778

--- Chunk 18956 (37/220) | Start: 2024-10-24 20:05:00 ---
    RMSE omega (GP): 0.005069 | RMSE omega (Sim): nan
    Loss: 11.1261 | Epoch: 6508
    Eq omega: -0.046161 + -0.16497theta + 0.32073omega + 0.03273theta^2 + -0.30789theta omega + -0.10814omega^2 + -0.06586theta^3 + 0.05702theta^2 omega + -0.01152theta omega^2 + 0.03916omega^3
    Eq omega Phys: 0.138892*omega**3 - 0.001362*omega**2*theta - 0.043725*omega**2 + 0.000225*omega*theta**2 - 0.00137*omega*theta - 0.001075*omega - 9.0e-6*theta**3 - 0.000112*theta**2 - 0.000662*theta - 0.0017

--- Chunk 18957 (38/220) | Start: 2024-10-24 20:10:00 ---
    RMSE omega (GP): 0.004696 | RMSE omega (Sim): 0.060524
    Loss: 6.8437 | Epoch: 9999
    Eq omega: 0.055501 + -0.33902theta + -0.08154omega + -0.17088theta^2 + -0.01938theta omega + 0.03438omega^2 + -0.00362theta^3 + -0.02752theta^2 omega + 0.00302theta omega^2 + 0.03257omega^3
    Eq omega Phys: 0.106301*omega**3 + 0.000329*omega**2*theta + 0.007839*omega**2 - 0.0001*omega*theta**2 + 0.001914*omega*theta - 0.011777*omega - 4.9e-5*theta**2 + 0.000809*theta - 0.00238

--- Chunk 18958 (39/220) | Start: 2024-10-24 20:15:00 ---
    RMSE omega (GP): 0.004064 | RMSE omega (Sim): 0.094297
    Loss: -22252019712.0000 | Epoch: 4934
    Eq omega: 0.025211 + -0.16217theta + -0.03897omega + -0.04199theta^2 + 0.03309theta omega + -0.00753omega^2 + -0.04912theta^3 + -0.01307theta^2 omega + 0.01739theta omega^2 + 0.01255omega^3
    Eq omega Phys: 0.045544*omega**3 + 0.002104*omega**2*theta - 0.016687*omega**2 - 5.3e-5*omega*theta**2 + 0.001089*omega*theta - 0.006222*omega - 7.0e-6*theta**3 + 0.000116*theta**2 - 0.000849*theta + 0.002535

--- Chunk 18959 (40/220) | Start: 2024-10-24 20:20:00 ---
    RMSE omega (GP): 0.004204 | RMSE omega (Sim): 0.096075
    Loss: 7.2503 | Epoch: 8881
    Eq omega: 0.071161 + -0.76919theta + -0.02467omega + -0.06802theta^2 + 0.19210theta omega + -0.03592omega^2 + -0.01156theta^3 + -0.00313theta^2 omega + 0.04499theta omega^2 + -0.04077omega^3
    Eq omega Phys: -0.152655*omega**3 + 0.005615*omega**2*theta - 0.078061*omega**2 - 1.3e-5*omega*theta**2 + 0.002565*omega*theta - 0.028923*omega - 2.0e-6*theta**3 + 2.9e-5*theta**2 - 0.000885*theta + 0.009084

--- Chunk 18960 (41/220) | Start: 2024-10-24 20:25:00 ---
    RMSE omega (GP): 0.003523 | RMSE omega (Sim): 0.120197
    Loss: 11.3660 | Epoch: 8189
    Eq omega: -0.347691 + -0.02037theta + -0.06491omega + -0.00371theta^2 + 0.00783theta omega + 0.08303omega^2 + -0.02163theta^3 + 0.00363theta^2 omega + 0.03724theta omega^2 + 0.00649omega^3
    Eq omega Phys: 0.043037*omega**3 + 0.008232*omega**2*theta - 0.048604*omega**2 + 2.7e-5*omega*theta**2 - 0.000447*omega*theta - 0.000438*omega - 5.0e-6*theta**3 + 0.000168*theta**2 - 0.001788*theta + 0.005611

--- Chunk 18961 (42/220) | Start: 2024-10-24 20:30:00 ---
    RMSE omega (GP): 0.005078 | RMSE omega (Sim): 0.152645
    Loss: 3.5942 | Epoch: 6653
    Eq omega: 0.010381 + -0.23591theta + 0.07582omega + 0.26503theta^2 + -0.06777theta omega + -0.10470omega^2 + -0.09164theta^3 + 0.03556theta^2 omega + 0.11925theta omega^2 + -0.06298omega^3
    Eq omega Phys: -0.115898*omega**3 + 0.007315*omega**2*theta + 0.00307*omega**2 + 7.3e-5*omega*theta**2 + 1.7e-5*omega*theta + 0.001452*omega - 6.0e-6*theta**3 - 1.0e-6*theta**2 + 2.2e-5*theta - 0.000235

--- Chunk 18962 (43/220) | Start: 2024-10-24 20:35:00 ---
    RMSE omega (GP): 0.004834 | RMSE omega (Sim): 0.082913
    Loss: 21.1504 | Epoch: 9999
    Eq omega: 0.035461 + 0.00041theta + -0.00697omega + -0.00209theta^2 + 0.00203theta omega + 0.00047omega^2 + 0.00016theta^3 + -0.00053theta^2 omega + 0.00120theta omega^2 + -0.00265omega^3
    Eq omega Phys: -0.017105*omega**3 + 0.000258*omega**2*theta - 0.004427*omega**2 - 4.0e-6*omega*theta**2 + 0.000168*omega*theta - 0.002027*omega - 3.0e-6*theta**2 + 7.6e-5*theta - 0.000495

--- Chunk 18963 (44/220) | Start: 2024-10-24 20:40:00 ---
    RMSE omega (GP): 0.009552 | RMSE omega (Sim): 0.090641
    Loss: 54.0235 | Epoch: 9999
    Eq omega: 0.003551 + -0.01369theta + 0.02287omega + -0.00277theta^2 + -0.00325theta omega + 0.00179omega^2 + -0.00066theta^3 + -0.00081theta^2 omega + -0.00247theta omega^2 + 0.00132omega^3
    Eq omega Phys: 0.005331*omega**3 - 0.000333*omega**2*theta + 0.007225*omega**2 - 4.0e-6*omega*theta**2 + 0.000104*omega*theta + 0.000129*omega + 5.0e-6*theta**2 - 8.6e-5*theta + 0.000631

--- Chunk 18964 (45/220) | Start: 2024-10-24 20:45:00 ---
    RMSE omega (GP): 0.002683 | RMSE omega (Sim): 0.066458
    Loss: 9.6542 | Epoch: 7932
    Eq omega: -0.000591 + 0.01468theta + -0.16514omega + 0.03175theta^2 + 0.00049theta omega + 0.05491omega^2 + -0.02638theta^3 + 0.01247theta^2 omega + 0.02247theta omega^2 + -0.05241omega^3
    Eq omega Phys: -0.525188*omega**3 + 0.007506*omega**2*theta - 0.017799*omega**2 + 0.000139*omega*theta**2 - 0.001823*omega*theta + 0.00048*omega - 1.0e-5*theta**3 + 0.000214*theta**2 - 0.001532*theta + 0.003594

--- Chunk 18965 (46/220) | Start: 2024-10-24 20:50:00 ---
    RMSE omega (GP): 0.004000 | RMSE omega (Sim): 0.105263
    Loss: 4.7259 | Epoch: 5294
    Eq omega: -0.025501 + -0.12557theta + -0.15146omega + -0.00803theta^2 + -0.02904theta omega + -0.08948omega^2 + -0.36562theta^3 + 0.00184theta^2 omega + 0.03153theta omega^2 + -0.01924omega^3
    Eq omega Phys: -0.058489*omega**3 + 0.003195*omega**2*theta - 0.012223*omega**2 + 6.0e-6*omega*theta**2 - 0.000245*omega*theta - 0.006456*omega - 4.1e-5*theta**3 - 0.000631*theta**2 - 0.003367*theta - 0.006299

--- Chunk 18966 (47/220) | Start: 2024-10-24 20:55:00 ---
    RMSE omega (GP): 0.005336 | RMSE omega (Sim): 0.101862
    Loss: 8.3616 | Epoch: 7433
    Eq omega: 0.065771 + -0.00000theta + 0.04844omega + 0.00573theta^2 + -0.02164theta omega + 0.11068omega^2 + -0.00045theta^3 + 0.00548theta^2 omega + -0.15381theta omega^2 + -0.01599omega^3
    Eq omega Phys: -0.047575*omega**3 - 0.015254*omega**2*theta + 0.042554*omega**2 + 1.8e-5*omega*theta**2 - 0.000245*omega*theta + 0.001734*omega + 2.0e-6*theta**2 - 2.0e-6*theta + 0.000233

--- Chunk 18967 (48/220) | Start: 2024-10-24 21:00:00 ---
    RMSE omega (GP): 0.003922 | RMSE omega (Sim): 0.245856
    Loss: 3.8030 | Epoch: 6744
    Eq omega: -0.500271 + -0.42115theta + 0.10468omega + -0.07306theta^2 + 0.01550theta omega + -0.11050omega^2 + -0.01610theta^3 + -0.01383theta^2 omega + -0.02340theta omega^2 + 0.03776omega^3
    Eq omega Phys: 0.119028*omega**3 - 0.002459*omega**2*theta - 0.038703*omega**2 - 4.8e-5*omega*theta**2 + 5.4e-5*omega*theta + 0.003619*omega - 2.0e-6*theta**3 - 3.3e-5*theta**2 - 0.000537*theta - 0.002303

--- Chunk 18968 (49/220) | Start: 2024-10-24 21:05:00 ---
    RMSE omega (GP): 0.003672 | RMSE omega (Sim): 0.160997
    Loss: -102757752.0000 | Epoch: 6224
    Eq omega: -0.037541 + -0.52123theta + 0.01356omega + -0.16192theta^2 + -0.06676theta omega + 0.03331omega^2 + -0.08404theta^3 + 0.18977theta^2 omega + -0.21533theta omega^2 + 0.01083omega^3
    Eq omega Phys: 0.025127*omega**3 - 0.016653*omega**2*theta - 0.031486*omega**2 + 0.000489*omega*theta**2 + 0.001775*omega*theta + 0.001867*omega - 7.0e-6*theta**3 - 0.000103*theta**2 - 0.000954*theta - 0.001972

--- Chunk 18969 (50/220) | Start: 2024-10-24 21:10:00 ---
    RMSE omega (GP): 0.005081 | RMSE omega (Sim): 0.071266
    Loss: 15.8401 | Epoch: 9999
    Eq omega: -0.031761 + 0.00033theta + -0.07305omega + 0.00233theta^2 + 0.01224theta omega + -0.03878omega^2 + -0.00838theta^3 + 0.00074theta^2 omega + 0.01451theta omega^2 + -0.03698omega^3
    Eq omega Phys: -0.172247*omega**3 + 0.002253*omega**2*theta - 0.059663*omega**2 + 4.0e-6*omega*theta**2 + 1.0e-5*omega*theta - 0.004116*omega - 1.0e-6*theta**3 + 8.6e-5*theta**2 - 0.001723*theta + 0.011353

  [Progress 50/220] Mean RMSE omega (GP): 0.004974 | (Sim): 0.105217 | Mean loss: -6337650392.9313 | Valid GP: 50/50 | Valid Sim: 46/50 | Elapsed: 165.7min | ETA: 563.4min

--- Chunk 18970 (51/220) | Start: 2024-10-24 21:15:00 ---
    RMSE omega (GP): 0.005071 | RMSE omega (Sim): 0.141878
    Loss: 4.7421 | Epoch: 7918
    Eq omega: -0.026251 + -0.07107theta + -0.01734omega + -0.01918theta^2 + 0.01639theta omega + -0.09860omega^2 + -0.14942theta^3 + -0.02090theta^2 omega + 0.02354theta omega^2 + -0.01116omega^3
    Eq omega Phys: -0.024032*omega**3 + 0.00169*omega**2*theta - 0.041427*omega**2 - 5.0e-5*omega*theta**2 + 0.001035*omega*theta - 0.005825*omega - 1.2e-5*theta**3 + 0.000312*theta**2 - 0.002799*theta + 0.008497

--- Chunk 18971 (52/220) | Start: 2024-10-24 21:20:00 ---
    RMSE omega (GP): 0.002343 | RMSE omega (Sim): nan
    Loss: 5.9851 | Epoch: 5018
    Eq omega: 0.772591 + -4.59602theta + 0.06642omega + -0.60725theta^2 + -1.40706theta omega + -0.02946omega^2 + 1.10561theta^3 + -0.18574theta^2 omega + -0.72752theta omega^2 + 0.12636omega^3
    Eq omega Phys: 1.295421*omega**3 - 0.248614*omega**2*theta - 0.471994*omega**2 - 0.002116*omega*theta**2 - 0.035158*omega*theta - 0.055019*omega + 0.00042*theta**3 + 0.001909*theta**2 - 0.002336*theta - 0.006623

--- Chunk 18972 (53/220) | Start: 2024-10-24 21:25:00 ---
    RMSE omega (GP): 0.007836 | RMSE omega (Sim): 0.108613
    Loss: 17.1631 | Epoch: 7398
    Eq omega: -0.006231 + -0.05575theta + -0.00717omega + 0.05719theta^2 + 0.02132theta omega + -0.04465omega^2 + -0.00381theta^3 + -0.00597theta^2 omega + -0.00692theta omega^2 + -0.01980omega^3
    Eq omega Phys: -0.045566*omega**3 - 0.000531*omega**2*theta - 0.012787*omega**2 - 1.5e-5*omega*theta**2 + 0.000173*omega*theta - 9.3e-5*omega + 1.7e-5*theta**2 - 3.5e-5*theta - 6.3e-5

--- Chunk 18973 (54/220) | Start: 2024-10-24 21:30:00 ---
    RMSE omega (GP): 0.004329 | RMSE omega (Sim): 0.102835
    Loss: 10.5928 | Epoch: 9999
    Eq omega: 0.016601 + -0.00990theta + -0.00090omega + 0.00327theta^2 + 0.00020theta omega + -0.02982omega^2 + -0.00034theta^3 + -0.00018theta^2 omega + -0.00468theta omega^2 + 0.00089omega^3
    Eq omega Phys: 0.004144*omega**3 - 0.000726*omega**2*theta - 0.000408*omega**2 - 0.e-6*omega*theta**2 + 3.2e-5*omega*theta - 0.000298*omega + 4.0e-6*theta**2 - 9.9e-5*theta + 0.00079

--- Chunk 18974 (55/220) | Start: 2024-10-24 21:35:00 ---
    RMSE omega (GP): 0.003195 | RMSE omega (Sim): 0.089617
    Loss: 6.8989 | Epoch: 5221
    Eq omega: -0.064151 + -1.35813theta + -0.15976omega + -0.35758theta^2 + -0.00960theta omega + -0.02012omega^2 + 0.02082theta^3 + -0.08532theta^2 omega + -0.07551theta omega^2 + 0.00377omega^3
    Eq omega Phys: 0.023232*omega**3 - 0.015511*omega**2*theta + 0.084618*omega**2 - 0.000584*omega*theta**2 + 0.006916*omega*theta - 0.025785*omega + 5.0e-6*theta**3 - 0.000266*theta**2 + 0.001188*theta + 0.001337

--- Chunk 18975 (56/220) | Start: 2024-10-24 21:40:00 ---
    RMSE omega (GP): nan | RMSE omega (Sim): nan
    Loss: 14826.3564 | Epoch: 5
    Eq omega: nan1 + nantheta + nanomega + nantheta^2 + nantheta omega + nanomega^2 + nantheta^3 + nantheta^2 omega + nantheta omega^2 + nanomega^3
    Eq omega Phys: N/A

--- Chunk 18976 (57/220) | Start: 2024-10-24 21:45:00 ---
    RMSE omega (GP): 0.003113 | RMSE omega (Sim): nan
    Loss: 0.5067 | Epoch: 6640
    Eq omega: -0.195311 + -0.51832theta + 0.11711omega + 0.08742theta^2 + -0.06268theta omega + 0.08805omega^2 + -0.04454theta^3 + 0.16382theta^2 omega + 0.04711theta omega^2 + 0.05145omega^3
    Eq omega Phys: 0.148901*omega**3 + 0.004545*omega**2*theta + 0.012173*omega**2 + 0.000527*omega*theta**2 - 0.004167*omega*theta + 0.011944*omega - 5.0e-6*theta**3 + 7.8e-5*theta**2 - 0.000937*theta + 0.001738

--- Chunk 18977 (58/220) | Start: 2024-10-24 21:50:00 ---
    RMSE omega (GP): 0.003961 | RMSE omega (Sim): 0.245417
    Loss: 10.1108 | Epoch: 9326
    Eq omega: -0.030671 + -0.01174theta + 0.08148omega + -0.00433theta^2 + -0.01073theta omega + -0.01329omega^2 + 0.00008theta^3 + 0.00419theta^2 omega + -0.00982theta omega^2 + 0.00789omega^3
    Eq omega Phys: 0.03746*omega**3 - 0.001554*omega**2*theta - 0.019998*omega**2 + 2.2e-5*omega*theta**2 + 0.000276*omega*theta + 0.00335*omega - 2.0e-6*theta**2 - 4.5e-5*theta - 0.000369

--- Chunk 18978 (59/220) | Start: 2024-10-24 21:55:00 ---
    RMSE omega (GP): 0.003183 | RMSE omega (Sim): nan
    Loss: -12319758336.0000 | Epoch: 6815
    Eq omega: -0.243441 + -1.59205theta + 0.06310omega + 0.27359theta^2 + -0.03471theta omega + -0.02639omega^2 + -0.41549theta^3 + 0.14096theta^2 omega + 0.50465theta omega^2 + 0.02550omega^3
    Eq omega Phys: 0.106962*omega**3 + 0.07056*omega**2*theta + 0.100282*omega**2 + 0.000657*omega*theta**2 + 0.001619*omega*theta + 0.003029*omega - 6.5e-5*theta**3 - 0.000189*theta**2 - 0.001886*theta - 0.003453

--- Chunk 18979 (60/220) | Start: 2024-10-24 22:00:00 ---
    RMSE omega (GP): nan | RMSE omega (Sim): nan
    Loss: 61674.6172 | Epoch: 5
    Eq omega: nan1 + nantheta + nanomega + nantheta^2 + nantheta omega + nanomega^2 + nantheta^3 + nantheta^2 omega + nantheta omega^2 + nanomega^3
    Eq omega Phys: N/A

--- Chunk 18980 (61/220) | Start: 2024-10-24 22:05:00 ---
    RMSE omega (GP): 0.003699 | RMSE omega (Sim): 0.086549
    Loss: 19.1846 | Epoch: 9999
    Eq omega: -0.017271 + 0.01007theta + -0.17716omega + -0.00795theta^2 + -0.00094theta omega + 0.09829omega^2 + -0.00054theta^3 + 0.00057theta^2 omega + -0.00896theta omega^2 + -0.06357omega^3
    Eq omega Phys: -0.536751*omega**3 - 0.002522*omega**2*theta + 0.005577*omega**2 + 5.0e-6*omega*theta**2 + 0.000181*omega*theta - 0.004389*omega - 1.4e-5*theta**2 - 0.000335*theta - 0.002491

--- Chunk 18981 (62/220) | Start: 2024-10-24 22:10:00 ---
    RMSE omega (GP): 0.007497 | RMSE omega (Sim): 0.054628
    Loss: 82.7470 | Epoch: 9999
    Eq omega: 0.050341 + 0.01687theta + -0.06102omega + 0.02888theta^2 + 0.01159theta omega + -0.00353omega^2 + -0.00478theta^3 + -0.01411theta^2 omega + 0.02677theta omega^2 + 0.01088omega^3
    Eq omega Phys: 0.102977*omega**3 + 0.008446*omega**2*theta - 0.181677*omega**2 - 0.000148*omega*theta**2 + 0.006531*omega*theta - 0.073823*omega - 2.0e-6*theta**3 + 0.000125*theta**2 - 0.003024*theta + 0.023998

--- Chunk 18982 (63/220) | Start: 2024-10-24 22:15:00 ---
    RMSE omega (GP): 0.003253 | RMSE omega (Sim): 0.060495
    Loss: 12.3569 | Epoch: 6128
    Eq omega: 0.153531 + 0.00114theta + -0.22258omega + 0.01048theta^2 + -0.12181theta omega + -0.00349omega^2 + 0.00025theta^3 + 0.00496theta^2 omega + -0.02918theta omega^2 + -0.00921omega^3
    Eq omega Phys: -0.076777*omega**3 - 0.008108*omega**2*theta + 0.077363*omega**2 + 4.6e-5*omega*theta**2 - 0.003038*omega*theta + 0.017871*omega + 4.0e-6*theta**2 - 9.7e-5*theta + 0.000825

--- Chunk 18983 (64/220) | Start: 2024-10-24 22:20:00 ---
    RMSE omega (GP): 0.023804 | RMSE omega (Sim): 0.063259
    Loss: 692.6522 | Epoch: 9999
    Eq omega: 0.013501 + 0.00124theta + -0.01373omega + -0.00102theta^2 + -0.00271theta omega + -0.01778omega^2 + -0.00009theta^3 + -0.00074theta^2 omega + -0.00007theta omega^2 + -0.00362omega^3
    Eq omega Phys: -0.026999*omega**3 - 1.7e-5*omega**2*theta - 0.008555*omega**2 - 6.0e-6*omega*theta**2 + 0.000173*omega*theta - 0.0016*omega + 1.0e-6*theta**2 - 2.0e-6*theta - 3.3e-5

--- Chunk 18984 (65/220) | Start: 2024-10-24 22:25:00 ---
    RMSE omega (GP): 0.003759 | RMSE omega (Sim): 0.096219
    Loss: 4.1374 | Epoch: 6035
    Eq omega: -0.138891 + -0.14690theta + -0.00539omega + -0.04246theta^2 + 0.00015theta omega + -0.02503omega^2 + -0.18752theta^3 + 0.07626theta^2 omega + 0.06210theta omega^2 + -0.38938omega^3
    Eq omega Phys: -1.306256*omega**3 + 0.006944*omega**2*theta - 0.030861*omega**2 + 0.000284*omega*theta**2 - 0.00184*omega*theta + 0.002797*omega - 2.3e-5*theta**3 + 0.000211*theta**2 - 0.000794*theta + 0.000693

--- Chunk 18985 (66/220) | Start: 2024-10-24 22:30:00 ---
    RMSE omega (GP): nan | RMSE omega (Sim): nan
    Loss: 28.0268 | Epoch: 3637
    Eq omega: nan1 + nantheta + nanomega + nantheta^2 + nantheta omega + nanomega^2 + nantheta^3 + nantheta^2 omega + nantheta omega^2 + nanomega^3
    Eq omega Phys: N/A

--- Chunk 18986 (67/220) | Start: 2024-10-24 22:35:00 ---
    RMSE omega (GP): 0.005559 | RMSE omega (Sim): 0.054954
    Loss: 47.7560 | Epoch: 9999
    Eq omega: -0.047121 + -0.00556theta + -0.04823omega + -0.00186theta^2 + 0.00019theta omega + -0.00289omega^2 + -0.00010theta^3 + -0.00013theta^2 omega + 0.00008theta omega^2 + -0.00142omega^3
    Eq omega Phys: -0.014171*omega**3 + 2.7e-5*omega**2*theta - 0.002302*omega**2 - 1.0e-6*omega*theta**2 + 7.2e-5*omega*theta - 0.002517*omega + 1.0e-6*theta**2 - 1.2e-5*theta - 0.00012

--- Chunk 18987 (68/220) | Start: 2024-10-24 22:40:00 ---
    RMSE omega (GP): 0.004861 | RMSE omega (Sim): 0.092669
    Loss: 13.0904 | Epoch: 8979
    Eq omega: -0.011611 + 0.00688theta + -0.04705omega + 0.00620theta^2 + 0.02009theta omega + -0.05987omega^2 + -0.01923theta^3 + -0.00654theta^2 omega + 0.02373theta omega^2 + 0.01080omega^3
    Eq omega Phys: 0.045917*omega**3 + 0.003363*omega**2*theta - 0.038954*omega**2 - 3.1e-5*omega*theta**2 + 0.000554*omega*theta - 0.003535*omega - 3.0e-6*theta**3 + 4.7e-5*theta**2 - 0.000234*theta + 0.000342

--- Chunk 18988 (69/220) | Start: 2024-10-24 22:45:00 ---
    RMSE omega (GP): 0.004568 | RMSE omega (Sim): 0.073283
    Loss: 37.4182 | Epoch: 9999
    Eq omega: -0.141631 + -0.00161theta + -0.03831omega + 0.01232theta^2 + 0.00224theta omega + -0.01172omega^2 + -0.00078theta^3 + 0.00005theta^2 omega + 0.00080theta omega^2 + -0.00123omega^3
    Eq omega Phys: -0.014137*omega**3 + 0.000306*omega**2*theta - 0.013272*omega**2 + 1.0e-6*omega*theta**2 + 2.1e-5*omega*theta - 0.001938*omega + 2.8e-5*theta**2 - 0.000719*theta + 0.005561

--- Chunk 18989 (70/220) | Start: 2024-10-24 22:50:00 ---
    RMSE omega (GP): 0.004058 | RMSE omega (Sim): 0.151184
    Loss: 10.8004 | Epoch: 8115
    Eq omega: 0.042191 + -0.00733theta + -0.00780omega + 0.00340theta^2 + 0.00154theta omega + 0.00525omega^2 + 0.00027theta^3 + 0.00016theta^2 omega + -0.00169theta omega^2 + -0.00203omega^3
    Eq omega Phys: -0.010114*omega**3 - 0.000281*omega**2*theta + 0.006801*omega**2 + 1.0e-6*omega*theta**2 - 8.0e-6*omega*theta - 0.000363*omega - 0.e-6*theta**2 - 1.8e-5*theta + 0.000447

--- Chunk 18990 (71/220) | Start: 2024-10-24 22:55:00 ---
    RMSE omega (GP): 0.005673 | RMSE omega (Sim): 0.133978
    Loss: 63.5890 | Epoch: 9999
    Eq omega: -0.021981 + -0.00188theta + 0.00615omega + -0.00017theta^2 + 0.00059theta omega + 0.00436omega^2 + 0.00002theta^3 + 0.00000theta^2 omega + -0.00003theta omega^2 + 0.00145omega^3
    Eq omega Phys: 0.018498*omega**3 - 1.3e-5*omega**2*theta + 0.003158*omega**2 + 1.3e-5*omega*theta - 0.000111*omega - 0.e-6*theta**2 + 2.1e-5*theta - 0.000202

--- Chunk 18991 (72/220) | Start: 2024-10-24 23:00:00 ---
    RMSE omega (GP): 0.004171 | RMSE omega (Sim): 0.047888
    Loss: 28.2152 | Epoch: 9999
    Eq omega: 0.019821 + -0.00094theta + 0.07738omega + -0.01797theta^2 + 0.00764theta omega + 0.01555omega^2 + -0.00100theta^3 + 0.00022theta^2 omega + 0.00248theta omega^2 + -0.00011omega^3
    Eq omega Phys: -0.001192*omega**3 + 0.000896*omega**2*theta - 0.007041*omega**2 + 3.0e-6*omega*theta**2 + 5.6e-5*omega*theta + 0.000666*omega + 1.0e-5*theta**2 + 3.5e-5*theta - 0.001503

--- Chunk 18992 (73/220) | Start: 2024-10-24 23:05:00 ---
    RMSE omega (GP): nan | RMSE omega (Sim): nan
    Loss: 20148.5352 | Epoch: 5
    Eq omega: nan1 + nantheta + nanomega + nantheta^2 + nantheta omega + nanomega^2 + nantheta^3 + nantheta^2 omega + nantheta omega^2 + nanomega^3
    Eq omega Phys: N/A

--- Chunk 18993 (74/220) | Start: 2024-10-24 23:10:00 ---
    RMSE omega (GP): 0.004019 | RMSE omega (Sim): 0.134737
    Loss: 2.6051 | Epoch: 4908
    Eq omega: 0.038521 + -0.50312theta + 0.03805omega + -0.07320theta^2 + 0.04002theta omega + 0.08640omega^2 + -0.12948theta^3 + 0.01603theta^2 omega + 0.01360theta omega^2 + 0.02255omega^3
    Eq omega Phys: 0.056537*omega**3 + 0.001137*omega**2*theta + 0.020591*omega**2 + 4.5e-5*omega*theta**2 + 4.1e-5*omega*theta + 0.000445*omega - 1.2e-5*theta**3 + 0.000116*theta**2 - 0.000915*theta + 0.002646

--- Chunk 18994 (75/220) | Start: 2024-10-24 23:15:00 ---
    RMSE omega (GP): 0.005747 | RMSE omega (Sim): 0.081865
    Loss: 10.7073 | Epoch: 7833
    Eq omega: 0.034521 + -0.03282theta + 0.00536omega + 0.02044theta^2 + -0.00258theta omega + -0.00378omega^2 + 0.00006theta^3 + 0.00133theta^2 omega + -0.00292theta omega^2 + -0.00353omega^3
    Eq omega Phys: -0.009802*omega**3 - 0.00027*omega**2*theta + 0.000404*omega**2 + 4.0e-6*omega*theta**2 - 7.3e-5*omega*theta + 0.000465*omega + 7.0e-6*theta**2 - 0.000115*theta + 0.000563

--- Chunk 18995 (76/220) | Start: 2024-10-24 23:20:00 ---
    RMSE omega (GP): 0.006934 | RMSE omega (Sim): 0.076870
    Loss: 59.6171 | Epoch: 9999
    Eq omega: -0.012081 + -0.00979theta + -0.01013omega + -0.00263theta^2 + -0.00163theta omega + 0.00128omega^2 + -0.00004theta^3 + -0.00042theta^2 omega + 0.00050theta omega^2 + -0.00027omega^3
    Eq omega Phys: -0.002207*omega**3 + 0.000136*omega**2*theta - 0.002393*omega**2 - 4.0e-6*omega*theta**2 + 0.000143*omega*theta - 0.001626*omega - 0.e-6*theta**2 + 3.9e-5*theta - 0.000414

--- Chunk 18996 (77/220) | Start: 2024-10-24 23:25:00 ---
    RMSE omega (GP): 0.005157 | RMSE omega (Sim): 0.114003
    Loss: 13.2502 | Epoch: 9427
    Eq omega: -0.024541 + -0.04138theta + -0.03447omega + -0.00814theta^2 + 0.01401theta omega + -0.02894omega^2 + -0.01130theta^3 + 0.00081theta^2 omega + 0.01685theta omega^2 + -0.00999omega^3
    Eq omega Phys: -0.037459*omega**3 + 0.002106*omega**2*theta - 0.038136*omega**2 + 3.0e-6*omega*theta**2 + 7.6e-5*omega*theta - 0.002744*omega - 2.0e-6*theta**3 + 5.9e-5*theta**2 - 0.000788*theta + 0.003621

--- Chunk 18997 (78/220) | Start: 2024-10-24 23:30:00 ---
    RMSE omega (GP): 0.004714 | RMSE omega (Sim): 0.073540
    Loss: 21.0716 | Epoch: 9999
    Eq omega: -0.090771 + -0.02760theta + -0.29381omega + 0.03343theta^2 + -0.00045theta omega + -0.02769omega^2 + -0.00076theta^3 + -0.00140theta^2 omega + -0.00099theta omega^2 + 0.00573omega^3
    Eq omega Phys: 0.035925*omega**3 - 0.000207*omega**2*theta - 0.008677*omega**2 - 1.0e-5*omega*theta**2 + 0.000368*omega*theta - 0.013273*omega + 2.7e-5*theta**2 - 0.00088*theta + 0.007914

--- Chunk 18998 (79/220) | Start: 2024-10-24 23:35:00 ---
    RMSE omega (GP): 0.009611 | RMSE omega (Sim): 0.083887
    Loss: 100.6842 | Epoch: 9999
    Eq omega: 0.043991 + -0.01262theta + 0.00876omega + -0.00783theta^2 + 0.00112theta omega + 0.00214omega^2 + -0.00040theta^3 + -0.00019theta^2 omega + -0.00043theta omega^2 + -0.00024omega^3
    Eq omega Phys: -0.00175*omega**3 - 0.000104*omega**2*theta + 0.0035*omega**2 - 2.0e-6*omega*theta**2 + 9.0e-5*omega*theta - 0.000981*omega + 3.0e-6*theta**2 + 9.0e-6*theta - 0.000537

--- Chunk 18999 (80/220) | Start: 2024-10-24 23:40:00 ---
    RMSE omega (GP): 0.007223 | RMSE omega (Sim): 0.159805
    Loss: 92.9654 | Epoch: 9999
    Eq omega: 0.040871 + -0.01070theta + 0.00589omega + 0.00168theta^2 + 0.00152theta omega + 0.00389omega^2 + -0.00082theta^3 + 0.00008theta^2 omega + 0.00133theta omega^2 + -0.00003omega^3
    Eq omega Phys: -0.00035*omega**3 + 0.000517*omega**2*theta - 0.009787*omega**2 + 1.0e-6*omega*theta**2 - 1.7e-5*omega*theta + 2.9e-5*omega + 2.6e-5*theta**2 - 0.00066*theta + 0.005671

--- Chunk 19000 (81/220) | Start: 2024-10-24 23:45:00 ---
    RMSE omega (GP): 0.003595 | RMSE omega (Sim): 0.097459
    Loss: 3.4751 | Epoch: 8437
    Eq omega: 0.211601 + -0.10359theta + -0.13387omega + -0.23588theta^2 + 0.01597theta omega + 0.37074omega^2 + -0.06825theta^3 + 0.00572theta^2 omega + 0.07752theta omega^2 + -0.12176omega^3
    Eq omega Phys: -0.422963*omega**3 + 0.008976*omega**2*theta + 0.032895*omega**2 + 2.2e-5*omega*theta**2 - 0.000278*omega*theta - 0.003961*omega - 9.0e-6*theta**3 + 0.000185*theta**2 - 0.001106*theta + 0.002108

--- Chunk 19001 (82/220) | Start: 2024-10-24 23:50:00 ---
    RMSE omega (GP): 0.005388 | RMSE omega (Sim): 0.112541
    Loss: 6.5164 | Epoch: 5334
    Eq omega: -0.055201 + -0.12701theta + -0.09522omega + -0.17853theta^2 + 0.17932theta omega + 0.02750omega^2 + -0.22406theta^3 + 0.07012theta^2 omega + 0.12386theta omega^2 + -0.12374omega^3
    Eq omega Phys: -0.285282*omega**3 + 0.009519*omega**2*theta - 0.072062*omega**2 + 0.00018*omega*theta**2 - 0.00135*omega*theta - 0.004457*omega - 1.9e-5*theta**3 + 0.000426*theta**2 - 0.003243*theta + 0.008331

--- Chunk 19002 (83/220) | Start: 2024-10-24 23:55:00 ---
    RMSE omega (GP): 0.005347 | RMSE omega (Sim): 0.112314
    Loss: 14.9980 | Epoch: 9669
    Eq omega: 0.012591 + -0.01311theta + 0.00720omega + 0.00276theta^2 + -0.00466theta omega + 0.00111omega^2 + -0.00022theta^3 + -0.00002theta^2 omega + -0.00291theta omega^2 + -0.00553omega^3
    Eq omega Phys: -0.022189*omega**3 - 0.000389*omega**2*theta + 0.003264*omega**2 - 5.5e-5*omega*theta + 0.000652*omega + 2.0e-6*theta**2 - 3.6e-5*theta + 0.000219

--- Chunk 19003 (84/220) | Start: 2024-10-25 00:00:00 ---
    RMSE omega (GP): 0.012224 | RMSE omega (Sim): 0.103170
    Loss: 72.5300 | Epoch: 9999
    Eq omega: -0.010121 + -0.06114theta + -0.01168omega + -0.02105theta^2 + -0.00603theta omega + 0.00021omega^2 + -0.00174theta^3 + 0.00027theta^2 omega + -0.00116theta omega^2 + -0.00120omega^3
    Eq omega Phys: -0.003974*omega**3 - 0.000128*omega**2*theta + 0.003302*omega**2 + 1.0e-6*omega*theta**2 - 0.000117*omega*theta + 0.001929*omega + 8.0e-6*theta**2 - 8.4e-5*theta + 0.000162

--- Chunk 19004 (85/220) | Start: 2024-10-25 00:05:00 ---
    RMSE omega (GP): 0.003964 | RMSE omega (Sim): 0.118587
    Loss: 1.8655 | Epoch: 5972
    Eq omega: -0.000371 + -0.52423theta + -0.05696omega + 0.10100theta^2 + -0.00973theta omega + -0.01295omega^2 + -0.00123theta^3 + -0.01563theta^2 omega + 0.00749theta omega^2 + -0.01220omega^3
    Eq omega Phys: -0.026594*omega**3 + 0.000544*omega**2*theta + 0.003178*omega**2 - 3.8e-5*omega*theta**2 - 0.001015*omega*theta - 0.008654*omega + 2.7e-5*theta**2 + 0.000114*theta - 0.00278

--- Chunk 19005 (86/220) | Start: 2024-10-25 00:10:00 ---
    RMSE omega (GP): nan | RMSE omega (Sim): nan
    Loss: 22838.6758 | Epoch: 5
    Eq omega: nan1 + nantheta + nanomega + nantheta^2 + nantheta omega + nanomega^2 + nantheta^3 + nantheta^2 omega + nantheta omega^2 + nanomega^3
    Eq omega Phys: N/A

--- Chunk 19006 (87/220) | Start: 2024-10-25 00:15:00 ---
    RMSE omega (GP): 0.005001 | RMSE omega (Sim): 0.106983
    Loss: 7.7276 | Epoch: 9305
    Eq omega: 0.002511 + -0.02114theta + 0.01001omega + 0.01525theta^2 + 0.00509theta omega + -0.02353omega^2 + -0.03927theta^3 + 0.00223theta^2 omega + 0.05780theta omega^2 + -0.04626omega^3
    Eq omega Phys: -0.133193*omega**3 + 0.005547*omega**2*theta - 0.014058*omega**2 + 7.0e-6*omega*theta**2 + 3.5e-5*omega*theta + 0.00028*omega - 4.0e-6*theta**3 + 2.1e-5*theta**2 - 5.5e-5*theta + 5.3e-5

--- Chunk 19007 (88/220) | Start: 2024-10-25 00:20:00 ---
    RMSE omega (GP): 0.005104 | RMSE omega (Sim): 0.082326
    Loss: 14.5634 | Epoch: 6884
    Eq omega: -0.145471 + -0.01737theta + -0.06036omega + -0.02801theta^2 + 0.03338theta omega + -0.00161omega^2 + -0.06145theta^3 + 0.03343theta^2 omega + 0.20928theta omega^2 + -0.04555omega^3
    Eq omega Phys: -0.202454*omega**3 + 0.031006*omega**2*theta - 0.363278*omega**2 + 0.000165*omega*theta**2 - 0.003434*omega*theta + 0.015565*omega - 1.0e-5*theta**3 + 0.000343*theta**2 - 0.003891*theta + 0.014354

--- Chunk 19008 (89/220) | Start: 2024-10-25 00:25:00 ---
    RMSE omega (GP): 0.003916 | RMSE omega (Sim): 0.107373
    Loss: 0.1586 | Epoch: 8206
    Eq omega: 0.008281 + -0.29953theta + -0.02341omega + 0.11592theta^2 + 0.02128theta omega + 0.01515omega^2 + -0.09092theta^3 + 0.00853theta^2 omega + 0.00528theta omega^2 + -0.08418omega^3
    Eq omega Phys: -0.174511*omega**3 + 0.000365*omega**2*theta + 0.007392*omega**2 + 2.0e-5*omega*theta**2 + 0.000554*omega*theta + 0.002678*omega - 7.0e-6*theta**3 - 0.000162*theta**2 - 0.001529*theta - 0.005816

--- Chunk 19009 (90/220) | Start: 2024-10-25 00:30:00 ---
    RMSE omega (GP): 0.004607 | RMSE omega (Sim): 0.117106
    Loss: -70357344256.0000 | Epoch: 4153
    Eq omega: -0.069281 + -2.02830theta + -0.02000omega + -0.13588theta^2 + 0.01734theta omega + -0.18168omega^2 + -0.72960theta^3 + 0.11561theta^2 omega + 0.10601theta omega^2 + -0.08998omega^3
    Eq omega Phys: -0.293898*omega**3 + 0.011542*omega**2*theta - 0.041653*omega**2 + 0.00042*omega*theta**2 + 0.001521*omega*theta + 0.00069*omega - 8.8e-5*theta**3 - 0.00047*theta**2 - 0.003077*theta - 0.004282

--- Chunk 19010 (91/220) | Start: 2024-10-25 00:35:00 ---
    RMSE omega (GP): 0.003844 | RMSE omega (Sim): 0.151308
    Loss: 2.9628 | Epoch: 7265
    Eq omega: 0.456571 + 0.03222theta + 0.11570omega + -0.09720theta^2 + -0.01373theta omega + 0.02168omega^2 + -0.20706theta^3 + -0.00222theta^2 omega + 0.17201theta omega^2 + -0.03088omega^3
    Eq omega Phys: -0.086733*omega**3 + 0.016104*omega**2*theta + 0.092954*omega**2 - 7.0e-6*omega*theta**2 - 0.000214*omega*theta + 0.002907*omega - 2.2e-5*theta**3 - 0.000379*theta**2 - 0.002175*theta - 0.002417

--- Chunk 19011 (92/220) | Start: 2024-10-25 00:40:00 ---
    RMSE omega (GP): 0.006687 | RMSE omega (Sim): 0.058492
    Loss: 28.2370 | Epoch: 9999
    Eq omega: -0.051721 + -0.01307theta + -0.03206omega + -0.01440theta^2 + 0.00089theta omega + 0.03434omega^2 + -0.00200theta^3 + -0.00015theta^2 omega + 0.00227theta omega^2 + -0.00256omega^3
    Eq omega Phys: -0.011038*omega**3 + 0.000326*omega**2*theta + 0.018643*omega**2 - 0.e-6*omega*theta**2 - 1.4e-5*omega*theta - 0.001088*omega - 2.3e-5*theta**2 - 0.000509*theta - 0.003842

--- Chunk 19012 (93/220) | Start: 2024-10-25 00:45:00 ---
    RMSE omega (GP): 0.004216 | RMSE omega (Sim): 0.078269
    Loss: 6.8176 | Epoch: 8305
    Eq omega: 0.069381 + -0.05088theta + -0.03174omega + 0.01759theta^2 + 0.02888theta omega + -0.00140omega^2 + -0.00043theta^3 + -0.00038theta^2 omega + -0.01579theta omega^2 + -0.00355omega^3
    Eq omega Phys: -0.011915*omega**3 - 0.001767*omega**2*theta - 0.034215*omega**2 - 1.0e-6*omega*theta**2 + 0.000268*omega*theta + 0.004576*omega + 3.0e-6*theta**2 + 0.000135*theta + 0.001163

--- Chunk 19013 (94/220) | Start: 2024-10-25 00:50:00 ---
    RMSE omega (GP): 0.004815 | RMSE omega (Sim): 0.168323
    Loss: 7.2357 | Epoch: 6437
    Eq omega: 0.003911 + -0.00918theta + -0.00960omega + -0.01004theta^2 + 0.00451theta omega + -0.00657omega^2 + -0.05583theta^3 + 0.05293theta^2 omega + -0.00637theta omega^2 + -0.00306omega^3
    Eq omega Phys: -0.00948*omega**3 - 0.000658*omega**2*theta - 0.007488*omega**2 + 0.000182*omega*theta**2 + 0.003027*omega*theta + 0.012246*omega - 6.0e-6*theta**3 - 0.000161*theta**2 - 0.001353*theta - 0.003807

--- Chunk 19014 (95/220) | Start: 2024-10-25 00:55:00 ---
    RMSE omega (GP): 0.004785 | RMSE omega (Sim): 0.163262
    Loss: 9.6960 | Epoch: 5889
    Eq omega: -0.062881 + -0.09941theta + -0.02234omega + 0.11196theta^2 + -0.02288theta omega + -0.02313omega^2 + -0.02188theta^3 + -0.01353theta^2 omega + -0.01549theta omega^2 + 0.00787omega^3
    Eq omega Phys: 0.029595*omega**3 - 0.001942*omega**2*theta - 0.027168*omega**2 - 5.7e-5*omega*theta**2 - 0.001375*omega*theta - 0.008785*omega - 3.0e-6*theta**3 - 4.5e-5*theta**2 - 0.000123*theta + 8.5e-5

--- Chunk 19015 (96/220) | Start: 2024-10-25 01:00:00 ---
    RMSE omega (GP): 0.020582 | RMSE omega (Sim): 0.042036
    Loss: 1186.8937 | Epoch: 9999
    Eq omega: 0.042871 + 0.00080theta + -0.02374omega + -0.00099theta^2 + -0.00007theta omega + 0.00459omega^2 + -0.00001theta^3 + 0.00019theta^2 omega + 0.00004theta omega^2 + -0.00099omega^3
    Eq omega Phys: -0.017806*omega**3 + 2.4e-5*omega**2*theta + 0.00433*omega**2 + 4.0e-6*omega*theta**2 + 0.000244*omega*theta + 0.003128*omega - 1.0e-6*theta**2 - 7.5e-5*theta - 0.001028

--- Chunk 19016 (97/220) | Start: 2024-10-25 01:05:00 ---
    RMSE omega (GP): 0.006205 | RMSE omega (Sim): 0.074216
    Loss: 34.4175 | Epoch: 9999
    Eq omega: -0.002941 + 0.00091theta + -0.03606omega + 0.00010theta^2 + -0.00001theta omega + -0.00117omega^2 + 0.00014theta^3 + -0.00011theta^2 omega + 0.00052theta omega^2 + -0.00195omega^3
    Eq omega Phys: -0.012045*omega**3 + 0.000107*omega**2*theta + 0.001728*omega**2 - 0.e-6*omega*theta**2 - 3.2e-5*omega*theta - 0.001541*omega + 2.0e-6*theta**2 + 4.6e-5*theta + 0.000337

--- Chunk 19017 (98/220) | Start: 2024-10-25 01:10:00 ---
    RMSE omega (GP): 0.005988 | RMSE omega (Sim): 0.064863
    Loss: 36.5514 | Epoch: 9999
    Eq omega: 0.006711 + -0.00088theta + -0.00631omega + 0.00016theta^2 + 0.00144theta omega + -0.00174omega^2 + -0.00000theta^3 + -0.00053theta^2 omega + -0.00192theta omega^2 + -0.00026omega^3
    Eq omega Phys: -0.001761*omega**3 - 0.000433*omega**2*theta - 0.011704*omega**2 - 4.0e-6*omega*theta**2 - 0.000177*omega*theta - 0.00215*omega + 3.0e-6*theta + 4.4e-5

--- Chunk 19018 (99/220) | Start: 2024-10-25 01:15:00 ---
    RMSE omega (GP): 0.004531 | RMSE omega (Sim): 0.072669
    Loss: 19.4543 | Epoch: 8581
    Eq omega: 0.016421 + -0.01147theta + -0.00269omega + -0.00008theta^2 + 0.00707theta omega + 0.01371omega^2 + -0.00051theta^3 + -0.00010theta^2 omega + -0.00148theta omega^2 + 0.00021omega^3
    Eq omega Phys: 0.001404*omega**3 - 0.00033*omega**2*theta - 0.000545*omega**2 - 0.e-6*omega*theta**2 + 8.0e-5*omega*theta + 0.001941*omega - 8.0e-6*theta**2 - 0.000186*theta - 0.001468

--- Chunk 19019 (100/220) | Start: 2024-10-25 01:20:00 ---
    RMSE omega (GP): 0.003594 | RMSE omega (Sim): 0.158991
    Loss: 1.3777 | Epoch: 7287
    Eq omega: 0.035321 + -0.55209theta + 0.09960omega + 0.16819theta^2 + -0.11439theta omega + -0.09451omega^2 + -0.98496theta^3 + 0.34911theta^2 omega + 0.42005theta omega^2 + 0.01525omega^3
    Eq omega Phys: 0.036595*omega**3 + 0.033599*omega**2*theta - 0.058467*omega**2 + 0.000931*omega*theta**2 - 0.002837*omega*theta + 0.005169*omega - 8.8e-5*theta**3 + 0.000301*theta**2 - 0.000948*theta + 0.000839

  [Progress 100/220] Mean RMSE omega (GP): 0.005373 | (Sim): 0.104073 | Mean loss: -3995594998.9803 | Valid GP: 95/100 | Valid Sim: 88/100 | Elapsed: 322.7min | ETA: 387.2min

--- Chunk 19020 (101/220) | Start: 2024-10-25 01:25:00 ---
    RMSE omega (GP): nan | RMSE omega (Sim): nan
    Loss: 1346.8110 | Epoch: 1087
    Eq omega: nan1 + nantheta + nanomega + nantheta^2 + nantheta omega + nanomega^2 + nantheta^3 + nantheta^2 omega + nantheta omega^2 + nanomega^3
    Eq omega Phys: N/A

--- Chunk 19021 (102/220) | Start: 2024-10-25 01:30:00 ---
    RMSE omega (GP): 0.003528 | RMSE omega (Sim): nan
    Loss: 4.7534 | Epoch: 5236
    Eq omega: -0.030471 + -0.19632theta + 0.01554omega + 0.46294theta^2 + -0.19844theta omega + -0.03489omega^2 + -0.01944theta^3 + 0.05758theta^2 omega + 0.04052theta omega^2 + -0.04458omega^3
    Eq omega Phys: -0.180207*omega**3 + 0.00546*omega**2*theta + 0.006326*omega**2 + 0.000259*omega*theta**2 - 0.000616*omega*theta - 0.004815*omega - 3.0e-6*theta**3 + 0.000158*theta**2 + 0.000998*theta + 0.001337

--- Chunk 19022 (103/220) | Start: 2024-10-25 01:35:00 ---
    RMSE omega (GP): 0.003238 | RMSE omega (Sim): 0.131870
    Loss: 1.8844 | Epoch: 6807
    Eq omega: -0.909681 + -2.66814theta + 0.07789omega + 0.82400theta^2 + 0.82083theta omega + -0.09625omega^2 + -0.03641theta^3 + -0.03935theta^2 omega + 0.24873theta omega^2 + -0.02393omega^3
    Eq omega Phys: -0.08491*omega**3 + 0.029419*omega**2*theta - 0.110459*omega**2 - 0.000155*omega*theta**2 + 0.010226*omega*theta - 0.02322*omega - 5.0e-6*theta**3 + 0.000353*theta**2 - 0.00472*theta + 0.007121

--- Chunk 19023 (104/220) | Start: 2024-10-25 01:40:00 ---
    RMSE omega (GP): 0.004263 | RMSE omega (Sim): 0.194070
    Loss: 2.9155 | Epoch: 8528
    Eq omega: -0.041861 + -0.41667theta + 0.00045omega + -0.04805theta^2 + -0.00971theta omega + 0.01346omega^2 + -0.00622theta^3 + 0.00676theta^2 omega + -0.02120theta omega^2 + -0.00141omega^3
    Eq omega Phys: -0.00305*omega**3 - 0.001529*omega**2*theta + 0.01712*omega**2 + 1.6e-5*omega*theta**2 - 0.000374*omega*theta + 0.002051*omega - 1.0e-6*theta**2 - 0.000326*theta + 0.003142

--- Chunk 19024 (105/220) | Start: 2024-10-25 01:45:00 ---
    RMSE omega (GP): 0.003458 | RMSE omega (Sim): 0.185102
    Loss: 3.3703 | Epoch: 5462
    Eq omega: -0.002081 + -0.69447theta + 0.00214omega + 0.16271theta^2 + -0.00757theta omega + -0.01240omega^2 + -0.00689theta^3 + 0.05595theta^2 omega + 0.00368theta omega^2 + 0.01310omega^3
    Eq omega Phys: 0.045515*omega**3 + 0.000426*omega**2*theta - 0.006207*omega**2 + 0.000216*omega*theta**2 - 0.0021*omega*theta + 0.005165*omega - 0.e-6*theta**3 + 7.4e-5*theta**2 - 0.001403*theta + 0.005017

--- Chunk 19025 (106/220) | Start: 2024-10-25 01:50:00 ---
    RMSE omega (GP): 0.004322 | RMSE omega (Sim): 0.225163
    Loss: 2.0575 | Epoch: 8572
    Eq omega: -0.055841 + -0.00882theta + -0.10082omega + -0.13221theta^2 + 0.02608theta omega + 0.11364omega^2 + -0.19778theta^3 + -0.04132theta^2 omega + 0.11237theta omega^2 + -0.01585omega^3
    Eq omega Phys: -0.027897*omega**3 + 0.006592*omega**2*theta - 0.051269*omega**2 - 8.1e-5*omega*theta**2 + 0.002142*omega*theta - 0.017421*omega - 1.3e-5*theta**3 + 0.000427*theta**2 - 0.004684*theta + 0.016791

--- Chunk 19026 (107/220) | Start: 2024-10-25 01:55:00 ---
    RMSE omega (GP): 0.003777 | RMSE omega (Sim): 0.069589
    Loss: 13.6612 | Epoch: 9999
    Eq omega: -0.007581 + -0.00065theta + -0.02094omega + 0.00780theta^2 + 0.00153theta omega + 0.00500omega^2 + -0.00216theta^3 + -0.00152theta^2 omega + 0.00286theta omega^2 + -0.00628omega^3
    Eq omega Phys: -0.041649*omega**3 + 0.000632*omega**2*theta + 0.014321*omega**2 - 1.1e-5*omega*theta**2 - 0.0004*omega*theta - 0.004259*omega - 0.e-6*theta**3 - 2.6e-5*theta**2 - 0.000417*theta - 0.002172

--- Chunk 19027 (108/220) | Start: 2024-10-25 02:00:00 ---
    RMSE omega (GP): 0.004243 | RMSE omega (Sim): 0.136412
    Loss: 2.7782 | Epoch: 7626
    Eq omega: -0.018691 + -0.05437theta + -0.02264omega + 0.01661theta^2 + -0.04622theta omega + 0.02826omega^2 + -0.00991theta^3 + 0.00247theta^2 omega + -0.06175theta omega^2 + 0.01642omega^3
    Eq omega Phys: 0.036267*omega**3 - 0.004546*omega**2*theta + 0.037406*omega**2 + 6.0e-6*omega*theta**2 - 0.000497*omega*theta + 0.002239*omega - 0.e-6*theta**3 + 2.1e-5*theta**2 - 0.00023*theta + 0.00076

--- Chunk 19028 (109/220) | Start: 2024-10-25 02:05:00 ---
    RMSE omega (GP): 0.004821 | RMSE omega (Sim): 0.058667
    Loss: 9.8262 | Epoch: 6111
    Eq omega: 0.018261 + -0.01280theta + -0.02976omega + 0.01363theta^2 + -0.01775theta omega + -0.03769omega^2 + -0.03865theta^3 + 0.01130theta^2 omega + 0.07520theta omega^2 + -0.02156omega^3
    Eq omega Phys: -0.079473*omega**3 + 0.00924*omega**2*theta + 0.043811*omega**2 + 4.6e-5*omega*theta**2 + 0.000364*omega*theta - 0.000509*omega - 5.0e-6*theta**3 - 9.2e-5*theta**2 - 0.000552*theta - 0.001068

--- Chunk 19029 (110/220) | Start: 2024-10-25 02:10:00 ---
    RMSE omega (GP): 0.004412 | RMSE omega (Sim): 0.184596
    Loss: 1.8999 | Epoch: 9999
    Eq omega: -0.027261 + -0.04828theta + -0.03709omega + -0.05279theta^2 + 0.00057theta omega + -0.01942omega^2 + -0.00955theta^3 + 0.00331theta^2 omega + -0.16918theta omega^2 + -0.01991omega^3
    Eq omega Phys: -0.033677*omega**3 - 0.009539*omega**2*theta + 0.136853*omega**2 + 6.0e-6*omega*theta**2 - 0.00018*omega*theta + 6.5e-5*omega - 0.e-6*theta**3 + 1.3e-5*theta**2 - 3.5e-5*theta - 0.000444

--- Chunk 19030 (111/220) | Start: 2024-10-25 02:15:00 ---
    RMSE omega (GP): 0.004600 | RMSE omega (Sim): 0.075762
    Loss: 7.0014 | Epoch: 9407
    Eq omega: -0.000841 + -0.05744theta + -0.01692omega + 0.02042theta^2 + 0.00577theta omega + 0.00469omega^2 + -0.00012theta^3 + -0.00016theta^2 omega + -0.01504theta omega^2 + -0.01512omega^3
    Eq omega Phys: -0.047567*omega**3 - 0.001577*omega**2*theta + 0.008809*omega**2 - 0.e-6*omega*theta**2 + 6.7e-5*omega*theta - 0.000864*omega + 8.0e-6*theta**2 - 0.000133*theta + 0.00045

--- Chunk 19031 (112/220) | Start: 2024-10-25 02:20:00 ---
    RMSE omega (GP): 0.003491 | RMSE omega (Sim): 0.164730
    Loss: 7.0887 | Epoch: 8499
    Eq omega: -0.044741 + -0.06531theta + 0.02641omega + -0.01784theta^2 + 0.00005theta omega + -0.01064omega^2 + -0.00267theta^3 + -0.00162theta^2 omega + 0.00198theta omega^2 + 0.00521omega^3
    Eq omega Phys: 0.023267*omega**3 + 0.000295*omega**2*theta - 0.00871*omega**2 - 8.0e-6*omega*theta**2 + 0.000252*omega*theta - 0.001092*omega + 1.3e-5*theta**2 - 0.000157*theta + 0.000822

--- Chunk 19032 (113/220) | Start: 2024-10-25 02:25:00 ---
    RMSE omega (GP): 0.004355 | RMSE omega (Sim): nan
    Loss: 7.5257 | Epoch: 8965
    Eq omega: -0.024171 + -0.02790theta + -0.00658omega + 0.01387theta^2 + 0.08327theta omega + 0.05953omega^2 + -0.01610theta^3 + -0.00008theta^2 omega + 0.02827theta omega^2 + 0.01943omega^3
    Eq omega Phys: 0.068574*omega**3 + 0.003326*omega**2*theta - 0.033936*omega**2 + 0.000962*omega*theta - 0.015863*omega - 2.0e-6*theta**3 + 0.000108*theta**2 - 0.00189*theta + 0.011028

--- Chunk 19033 (114/220) | Start: 2024-10-25 02:30:00 ---
    RMSE omega (GP): 0.005633 | RMSE omega (Sim): 0.051422
    Loss: 32.5434 | Epoch: 9999
    Eq omega: -0.100471 + -0.05353theta + -0.02829omega + -0.00555theta^2 + -0.00060theta omega + 0.00916omega^2 + -0.00026theta^3 + -0.00044theta^2 omega + 0.00311theta omega^2 + -0.00058omega^3
    Eq omega Phys: -0.004181*omega**3 + 0.000747*omega**2*theta - 0.010445*omega**2 - 4.0e-6*omega*theta**2 + 0.000131*omega*theta - 0.002155*omega + 1.0e-6*theta**2 - 2.2e-5*theta + 0.000308

--- Chunk 19034 (115/220) | Start: 2024-10-25 02:35:00 ---
    RMSE omega (GP): 0.005370 | RMSE omega (Sim): 0.124483
    Loss: 21.9637 | Epoch: 9999
    Eq omega: 0.040111 + -0.01126theta + 0.03867omega + 0.00182theta^2 + 0.00341theta omega + -0.01112omega^2 + -0.00606theta^3 + 0.00095theta^2 omega + 0.00151theta omega^2 + -0.00552omega^3
    Eq omega Phys: -0.027786*omega**3 + 0.000253*omega**2*theta - 0.008457*omega**2 + 5.0e-6*omega*theta**2 - 0.000117*omega*theta + 0.001832*omega - 1.0e-6*theta**3 + 5.3e-5*theta**2 - 0.000842*theta + 0.004624

--- Chunk 19035 (116/220) | Start: 2024-10-25 02:40:00 ---
    RMSE omega (GP): 0.004072 | RMSE omega (Sim): 0.103469
    Loss: 6.9055 | Epoch: 5550
    Eq omega: -0.052251 + -0.10219theta + -0.03793omega + 0.01198theta^2 + 0.03271theta omega + 0.07385omega^2 + -0.06609theta^3 + 0.00101theta^2 omega + 0.12401theta omega^2 + -0.02247omega^3
    Eq omega Phys: -0.08378*omega**3 + 0.015413*omega**2*theta - 0.050457*omega**2 + 4.0e-6*omega*theta**2 + 0.000343*omega*theta - 0.003069*omega - 9.0e-6*theta**3 + 0.000141*theta**2 - 0.000835*theta + 0.00163

--- Chunk 19036 (117/220) | Start: 2024-10-25 02:45:00 ---
    RMSE omega (GP): 0.007535 | RMSE omega (Sim): 0.047120
    Loss: 45.5504 | Epoch: 9999
    Eq omega: 0.098971 + -0.01068theta + -0.02947omega + 0.01427theta^2 + 0.00455theta omega + -0.03825omega^2 + -0.00446theta^3 + -0.00137theta^2 omega + 0.01454theta omega^2 + -0.01865omega^3
    Eq omega Phys: -0.100318*omega**3 + 0.002607*omega**2*theta - 0.060703*omega**2 - 8.0e-6*omega*theta**2 + 0.000344*omega*theta - 0.004465*omega - 0.e-6*theta**3 + 5.2e-5*theta**2 - 0.001018*theta + 0.00684

--- Chunk 19037 (118/220) | Start: 2024-10-25 02:50:00 ---
    RMSE omega (GP): 0.007702 | RMSE omega (Sim): 0.081010
    Loss: 61.6683 | Epoch: 9999
    Eq omega: 0.016681 + -0.00414theta + 0.00017omega + 0.00049theta^2 + -0.00125theta omega + -0.00158omega^2 + -0.00002theta^3 + -0.00011theta^2 omega + -0.00080theta omega^2 + -0.00013omega^3
    Eq omega Phys: -0.000907*omega**3 - 0.000186*omega**2*theta + 0.002657*omega**2 - 0.e-6*omega*theta**2 + 1.1e-5*omega*theta + 8.7e-5*omega + 1.0e-6*theta**2 - 1.9e-5*theta + 0.000244

--- Chunk 19038 (119/220) | Start: 2024-10-25 02:55:00 ---
    RMSE omega (GP): nan | RMSE omega (Sim): nan
    Loss: 70.2005 | Epoch: 9423
    Eq omega: nan1 + nantheta + nanomega + nantheta^2 + nantheta omega + nanomega^2 + nantheta^3 + nantheta^2 omega + nantheta omega^2 + nanomega^3
    Eq omega Phys: N/A

--- Chunk 19039 (120/220) | Start: 2024-10-25 03:00:00 ---
    RMSE omega (GP): 0.004213 | RMSE omega (Sim): 0.106077
    Loss: 4.0962 | Epoch: 5694
    Eq omega: -0.087741 + -0.02891theta + 0.01069omega + 0.02780theta^2 + 0.04284theta omega + -0.03643omega^2 + -0.34432theta^3 + -0.03332theta^2 omega + 0.00004theta omega^2 + -0.00147omega^3
    Eq omega Phys: -0.004045*omega**3 + 4.0e-6*omega**2*theta - 0.011027*omega**2 - 0.000102*omega*theta**2 + 0.00012*omega*theta + 0.00078*omega - 3.5e-5*theta**3 - 0.000152*theta**2 - 0.000251*theta - 0.000476

--- Chunk 19040 (121/220) | Start: 2024-10-25 03:05:00 ---
    RMSE omega (GP): 0.007807 | RMSE omega (Sim): 0.050410
    Loss: 98.7850 | Epoch: 9999
    Eq omega: -0.016931 + -0.00519theta + -0.00452omega + -0.00022theta^2 + 0.00174theta omega + 0.00532omega^2 + -0.00009theta^3 + 0.00041theta^2 omega + -0.00022theta omega^2 + -0.00357omega^3
    Eq omega Phys: -0.037164*omega**3 - 7.6e-5*omega**2*theta + 0.000778*omega**2 + 5.0e-6*omega*theta**2 + 0.000327*omega*theta + 0.005421*omega - 3.0e-6*theta**2 - 0.000114*theta - 0.001367

--- Chunk 19041 (122/220) | Start: 2024-10-25 03:10:00 ---
    RMSE omega (GP): 0.009283 | RMSE omega (Sim): 0.093106
    Loss: 12.4763 | Epoch: 9999
    Eq omega: -0.077531 + 0.00012theta + -0.01263omega + 0.04286theta^2 + 0.01639theta omega + -0.06226omega^2 + -0.00948theta^3 + -0.00236theta^2 omega + 0.00728theta omega^2 + -0.01154omega^3
    Eq omega Phys: -0.014835*omega**3 + 0.000312*omega**2*theta - 0.005305*omega**2 - 3.0e-6*omega*theta**2 - 5.1e-5*omega*theta + 0.000336*omega - 2.3e-5*theta**2 - 0.000321*theta - 0.001071

--- Chunk 19042 (123/220) | Start: 2024-10-25 03:15:00 ---
    RMSE omega (GP): 0.004938 | RMSE omega (Sim): 0.096454
    Loss: 3.6736 | Epoch: 7268
    Eq omega: -0.066421 + -0.09221theta + -0.02207omega + -0.05406theta^2 + -0.00490theta omega + -0.00858omega^2 + -0.01324theta^3 + -0.01391theta^2 omega + 0.00164theta omega^2 + -0.00750omega^3
    Eq omega Phys: -0.014639*omega**3 + 0.000107*omega**2*theta - 0.0027*omega**2 - 3.0e-5*omega*theta**2 + 0.000247*omega*theta - 0.001229*omega - 0.e-6*theta**3 - 2.0e-6*theta**2 - 2.2e-5*theta - 4.5e-5

--- Chunk 19043 (124/220) | Start: 2024-10-25 03:20:00 ---
    RMSE omega (GP): 0.007825 | RMSE omega (Sim): 0.042927
    Loss: 236.6509 | Epoch: 9999
    Eq omega: -0.012901 + 0.00437theta + 0.00685omega + 0.00007theta^2 + -0.00053theta omega + 0.00102omega^2 + 0.00002theta^3 + -0.00012theta^2 omega + 0.00008theta omega^2 + -0.00038omega^3
    Eq omega Phys: -0.009598*omega**3 + 6.7e-5*omega**2*theta + 0.002622*omega**2 - 3.0e-6*omega*theta**2 - 0.000185*omega*theta - 0.002287*omega + 1.0e-6*theta**2 + 4.4e-5*theta + 0.000444

--- Chunk 19044 (125/220) | Start: 2024-10-25 03:25:00 ---
    RMSE omega (GP): 0.009474 | RMSE omega (Sim): 0.056680
    Loss: 161.8919 | Epoch: 9999
    Eq omega: -0.007051 + 0.00080theta + -0.01249omega + -0.00052theta^2 + -0.00025theta omega + 0.00363omega^2 + -0.00005theta^3 + 0.00012theta^2 omega + -0.00016theta omega^2 + -0.00069omega^3
    Eq omega Phys: -0.00827*omega**3 - 6.4e-5*omega**2*theta + 0.000603*omega**2 + 2.0e-6*omega*theta**2 + 7.9e-5*omega*theta + 0.000563*omega - 2.0e-6*theta**2 - 6.5e-5*theta - 0.000655

--- Chunk 19045 (126/220) | Start: 2024-10-25 03:30:00 ---
    RMSE omega (GP): 0.005092 | RMSE omega (Sim): 0.045546
    Loss: 88.9286 | Epoch: 9999
    Eq omega: -0.003541 + 0.00060theta + 0.01029omega + 0.00005theta^2 + -0.00004theta omega + -0.00131omega^2 + 0.00003theta^3 + 0.00002theta^2 omega + -0.00030theta omega^2 + -0.00055omega^3
    Eq omega Phys: -0.011961*omega**3 - 0.000217*omega**2*theta - 0.005226*omega**2 + 1.7e-5*omega*theta + 0.000494*omega + 1.0e-6*theta**2 + 2.8e-5*theta + 0.000188

--- Chunk 19046 (127/220) | Start: 2024-10-25 03:35:00 ---
    RMSE omega (GP): 0.006244 | RMSE omega (Sim): 0.065851
    Loss: 30.6337 | Epoch: 9999
    Eq omega: -0.036361 + -0.00520theta + -0.01698omega + 0.00024theta^2 + 0.00242theta omega + 0.00970omega^2 + -0.00032theta^3 + -0.00069theta^2 omega + 0.00001theta omega^2 + -0.00716omega^3
    Eq omega Phys: -0.039112*omega**3 + 2.0e-6*omega**2*theta + 0.004182*omega**2 - 4.0e-6*omega*theta**2 - 0.000164*omega*theta - 0.002111*omega - 4.0e-6*theta**2 - 0.00011*theta - 0.001035

--- Chunk 19047 (128/220) | Start: 2024-10-25 03:40:00 ---
    RMSE omega (GP): 0.004252 | RMSE omega (Sim): 0.109329
    Loss: 1.1844 | Epoch: 8084
    Eq omega: -0.074631 + -0.00557theta + -0.15903omega + -0.02234theta^2 + -0.00033theta omega + -0.14530omega^2 + -0.36729theta^3 + -0.14764theta^2 omega + 0.14531theta omega^2 + -0.00522omega^3
    Eq omega Phys: -0.009562*omega**3 + 0.008872*omega**2*theta - 0.074712*omega**2 - 0.0003*omega*theta**2 + 0.002626*omega*theta - 0.011038*omega - 2.5e-5*theta**3 + 0.000321*theta**2 - 0.001383*theta + 0.001659

--- Chunk 19048 (129/220) | Start: 2024-10-25 03:45:00 ---
    RMSE omega (GP): nan | RMSE omega (Sim): nan
    Loss: 406720.2500 | Epoch: 5
    Eq omega: nan1 + nantheta + nanomega + nantheta^2 + nantheta omega + nanomega^2 + nantheta^3 + nantheta^2 omega + nantheta omega^2 + nanomega^3
    Eq omega Phys: N/A

--- Chunk 19049 (130/220) | Start: 2024-10-25 03:50:00 ---
    RMSE omega (GP): 0.004076 | RMSE omega (Sim): 0.079961
    Loss: 2.6950 | Epoch: 6482
    Eq omega: 0.023581 + -0.04814theta + -0.01792omega + -0.17844theta^2 + 0.03165theta omega + 0.01290omega^2 + -0.34441theta^3 + 0.12185theta^2 omega + 0.03206theta omega^2 + -0.09120omega^3
    Eq omega Phys: -0.210939*omega**3 + 0.002472*omega**2*theta + 0.00064*omega**2 + 0.000313*omega*theta**2 - 0.000452*omega*theta - 0.000502*omega - 3.0e-5*theta**3 + 5.0e-5*theta**2 - 4.8e-5*theta + 0.00013

--- Chunk 19050 (131/220) | Start: 2024-10-25 03:55:00 ---
    RMSE omega (GP): 0.004755 | RMSE omega (Sim): 0.096825
    Loss: 3.8155 | Epoch: 5263
    Eq omega: -0.051631 + -0.37399theta + 0.17267omega + 0.03208theta^2 + -0.04958theta omega + 0.00501omega^2 + -0.16176theta^3 + -0.10937theta^2 omega + 0.00555theta omega^2 + -0.00071omega^3
    Eq omega Phys: -0.001546*omega**3 + 0.000403*omega**2*theta + 0.00026*omega**2 - 0.000265*omega*theta**2 + 0.000987*omega*theta + 0.005023*omega - 1.3e-5*theta**3 + 0.000116*theta**2 - 0.000754*theta + 0.00124

--- Chunk 19051 (132/220) | Start: 2024-10-25 04:00:00 ---
    RMSE omega (GP): 0.009328 | RMSE omega (Sim): 0.254664
    Loss: 23.9501 | Epoch: 9999
    Eq omega: 0.023321 + -0.09357theta + 0.01790omega + -0.00501theta^2 + -0.01986theta omega + 0.03444omega^2 + -0.00922theta^3 + -0.00728theta^2 omega + -0.00017theta omega^2 + 0.01347omega^3
    Eq omega Phys: 0.026729*omega**3 - 1.1e-5*omega**2*theta + 0.009062*omega**2 - 1.6e-5*omega*theta**2 + 0.000415*omega*theta - 0.001634*omega - 0.e-6*theta**3 + 3.6e-5*theta**2 - 0.000727*theta + 0.005626

--- Chunk 19052 (133/220) | Start: 2024-10-25 04:05:00 ---
    RMSE omega (GP): 0.003609 | RMSE omega (Sim): 0.117202
    Loss: 2.4770 | Epoch: 9999
    Eq omega: 0.205891 + -0.12825theta + 0.14129omega + 0.18682theta^2 + -0.04033theta omega + 0.01758omega^2 + -0.13596theta^3 + 0.00216theta^2 omega + 0.07299theta omega^2 + -0.10539omega^3
    Eq omega Phys: -0.33004*omega**3 + 0.007619*omega**2*theta + 0.078585*omega**2 + 8.0e-6*omega*theta**2 - 0.000291*omega*theta + 0.001242*omega - 1.6e-5*theta**3 - 0.000386*theta**2 - 0.00319*theta - 0.00833

--- Chunk 19053 (134/220) | Start: 2024-10-25 04:10:00 ---
    RMSE omega (GP): 0.004181 | RMSE omega (Sim): 0.123651
    Loss: 5.1405 | Epoch: 6737
    Eq omega: 0.026561 + -0.03246theta + 0.00323omega + 0.01552theta^2 + -0.05380theta omega + 0.03847omega^2 + -0.00125theta^3 + 0.00286theta^2 omega + -0.04151theta omega^2 + -0.01392omega^3
    Eq omega Phys: -0.043117*omega**3 - 0.004286*omega**2*theta + 0.042766*omega**2 + 1.0e-5*omega*theta**2 - 0.000716*omega*theta + 0.004691*omega + 9.0e-6*theta**2 - 0.000136*theta + 0.000678

--- Chunk 19054 (135/220) | Start: 2024-10-25 04:15:00 ---
    RMSE omega (GP): 0.006722 | RMSE omega (Sim): 0.098186
    Loss: 60.8274 | Epoch: 9999
    Eq omega: -0.008151 + -0.00266theta + 0.01141omega + 0.00117theta^2 + -0.00281theta omega + 0.01272omega^2 + -0.00037theta^3 + 0.00115theta^2 omega + -0.00149theta omega^2 + -0.00126omega^3
    Eq omega Phys: -0.01098*omega**3 - 0.000433*omega**2*theta + 0.015374*omega**2 + 1.1e-5*omega*theta**2 - 0.000489*omega*theta + 0.005687*omega + 8.0e-6*theta**2 - 0.000169*theta + 0.001223

--- Chunk 19055 (136/220) | Start: 2024-10-25 04:20:00 ---
    RMSE omega (GP): 0.004188 | RMSE omega (Sim): 0.056040
    Loss: 28.8524 | Epoch: 9999
    Eq omega: -0.000241 + 0.01303theta + -0.03806omega + 0.00138theta^2 + 0.00673theta omega + -0.02116omega^2 + 0.00002theta^3 + 0.00074theta^2 omega + 0.00079theta omega^2 + -0.00494omega^3
    Eq omega Phys: -0.051332*omega**3 + 0.000274*omega**2*theta - 0.017953*omega**2 + 9.0e-6*omega*theta**2 - 0.000211*omega*theta - 0.000471*omega - 1.2e-5*theta + 1.1e-5

--- Chunk 19056 (137/220) | Start: 2024-10-25 04:25:00 ---
    RMSE omega (GP): 0.003913 | RMSE omega (Sim): 0.107673
    Loss: 6.7373 | Epoch: 6695
    Eq omega: -0.006531 + -0.12576theta + -0.01614omega + 0.01498theta^2 + -0.04161theta omega + -0.42769omega^2 + -0.00679theta^3 + 0.00312theta^2 omega + -0.00334theta omega^2 + -0.05790omega^3
    Eq omega Phys: -0.226996*omega**3 - 0.000436*omega**2*theta - 0.149201*omega**2 + 1.4e-5*omega*theta**2 - 0.000838*omega*theta + 0.007763*omega - 0.e-6*theta**3 + 4.3e-5*theta**2 - 0.000743*theta + 0.004512

--- Chunk 19057 (138/220) | Start: 2024-10-25 04:30:00 ---
    RMSE omega (GP): 0.003605 | RMSE omega (Sim): 0.116878
    Loss: 5.0133 | Epoch: 7179
    Eq omega: 0.018851 + -0.08761theta + -0.04361omega + 0.03423theta^2 + 0.00972theta omega + -0.00593omega^2 + -0.01878theta^3 + 0.00040theta^2 omega + -0.01270theta omega^2 + 0.01077omega^3
    Eq omega Phys: 0.042588*omega**3 - 0.001674*omega**2*theta + 0.008276*omega**2 + 2.0e-6*omega*theta**2 + 9.6e-5*omega*theta - 0.002118*omega - 3.0e-6*theta**3 + 6.5e-5*theta**2 - 0.00059*theta + 0.001865

--- Chunk 19058 (139/220) | Start: 2024-10-25 04:35:00 ---
    RMSE omega (GP): 0.004262 | RMSE omega (Sim): 0.078310
    Loss: 20.5687 | Epoch: 9999
    Eq omega: 0.019961 + -0.00190theta + -0.01150omega + -0.01272theta^2 + 0.00538theta omega + 0.00589omega^2 + -0.00583theta^3 + 0.00014theta^2 omega + 0.01796theta omega^2 + -0.00323omega^3
    Eq omega Phys: -0.024918*omega**3 + 0.004618*omega**2*theta - 0.05406*omega**2 + 1.0e-6*omega*theta**2 + 6.1e-5*omega*theta - 0.001324*omega - 2.0e-6*theta**3 + 5.5e-5*theta**2 - 0.000588*theta + 0.002116

--- Chunk 19059 (140/220) | Start: 2024-10-25 04:40:00 ---
    RMSE omega (GP): 0.003754 | RMSE omega (Sim): 0.079692
    Loss: 10.5217 | Epoch: 9999
    Eq omega: -0.078391 + -0.00613theta + -0.03204omega + -0.00568theta^2 + -0.00689theta omega + 0.00413omega^2 + -0.02439theta^3 + 0.00247theta^2 omega + 0.00410theta omega^2 + -0.04981omega^3
    Eq omega Phys: -0.27781*omega**3 + 0.000762*omega**2*theta - 0.006737*omega**2 + 1.5e-5*omega*theta**2 - 0.000441*omega*theta + 0.00195*omega - 5.0e-6*theta**3 + 0.000166*theta**2 - 0.001834*theta + 0.006565

--- Chunk 19060 (141/220) | Start: 2024-10-25 04:45:00 ---
    RMSE omega (GP): 0.003583 | RMSE omega (Sim): 0.097958
    Loss: 13.7482 | Epoch: 9641
    Eq omega: 0.011201 + -0.01283theta + -0.00339omega + 0.02015theta^2 + -0.00283theta omega + -0.00958omega^2 + -0.00154theta^3 + 0.00097theta^2 omega + 0.00078theta omega^2 + -0.00070omega^3
    Eq omega Phys: -0.00523*omega**3 + 0.000194*omega**2*theta - 0.007326*omega**2 + 8.0e-6*omega*theta**2 - 0.000258*omega*theta + 0.001886*omega + 2.8e-5*theta**2 - 0.000527*theta + 0.003088

--- Chunk 19061 (142/220) | Start: 2024-10-25 04:50:00 ---
    RMSE omega (GP): 0.007596 | RMSE omega (Sim): 0.106913
    Loss: 30.5365 | Epoch: 9999
    Eq omega: -0.012091 + -0.06109theta + 0.01674omega + -0.01541theta^2 + -0.00205theta omega + 0.00202omega^2 + -0.00159theta^3 + 0.00120theta^2 omega + -0.00026theta omega^2 + 0.00392omega^3
    Eq omega Phys: 0.015015*omega**3 - 3.3e-5*omega**2*theta + 0.001472*omega**2 + 5.0e-6*omega*theta**2 - 0.000255*omega*theta + 0.003717*omega + 9.0e-6*theta**2 - 0.000137*theta + 0.000975

--- Chunk 19062 (143/220) | Start: 2024-10-25 04:55:00 ---
    RMSE omega (GP): 0.004047 | RMSE omega (Sim): 0.110917
    Loss: 2.9200 | Epoch: 6736
    Eq omega: 0.068971 + -1.15281theta + 0.00930omega + 0.19280theta^2 + 0.21569theta omega + 0.08253omega^2 + -0.02091theta^3 + 0.05593theta^2 omega + 0.05564theta omega^2 + -0.10301omega^3
    Eq omega Phys: -0.258462*omega**3 + 0.004654*omega**2*theta + 0.009945*omega**2 + 0.000156*omega*theta**2 + 0.001146*omega*theta - 0.004515*omega - 2.0e-6*theta**3 + 7.9e-5*theta**2 - 0.001704*theta + 0.004704

--- Chunk 19063 (144/220) | Start: 2024-10-25 05:00:00 ---
    RMSE omega (GP): 0.004308 | RMSE omega (Sim): 0.064534
    Loss: 22.7378 | Epoch: 8710
    Eq omega: -0.005081 + -0.01798theta + -0.02478omega + -0.00085theta^2 + 0.00040theta omega + -0.06895omega^2 + -0.00075theta^3 + 0.00003theta^2 omega + -0.00115theta omega^2 + -0.07998omega^3
    Eq omega Phys: -0.686487*omega**3 - 0.000329*omega**2*theta - 0.031241*omega**2 - 3.0e-6*omega*theta - 0.000864*omega + 1.2e-5*theta**2 - 0.000213*theta + 0.001384

--- Chunk 19064 (145/220) | Start: 2024-10-25 05:05:00 ---
    RMSE omega (GP): 0.003372 | RMSE omega (Sim): 0.100298
    Loss: -689718784.0000 | Epoch: 7179
    Eq omega: 0.098831 + -0.02812theta + 0.11459omega + 0.01168theta^2 + -0.06026theta omega + 0.00879omega^2 + 0.00456theta^3 + -0.00130theta^2 omega + -0.17893theta omega^2 + 0.02397omega^3
    Eq omega Phys: 0.113299*omega**3 - 0.028192*omega**2*theta + 0.166798*omega**2 - 7.0e-6*omega*theta**2 - 0.000718*omega*theta + 0.008209*omega + 1.0e-6*theta**3 - 9.0e-6*theta**2 - 1.1e-5*theta + 0.000475

--- Chunk 19065 (146/220) | Start: 2024-10-25 05:10:00 ---
    RMSE omega (GP): 0.003718 | RMSE omega (Sim): 0.119283
    Loss: 4.8174 | Epoch: 5972
    Eq omega: 0.016611 + -0.22228theta + 0.02414omega + 0.01288theta^2 + -0.05063theta omega + -0.01516omega^2 + -1.19257theta^3 + 0.11534theta^2 omega + 0.12585theta omega^2 + -0.25615omega^3
    Eq omega Phys: -0.92379*omega**3 + 0.015129*omega**2*theta - 0.011383*omega**2 + 0.000462*omega*theta**2 - 0.00096*omega*theta + 0.001117*omega - 0.000159*theta**3 + 0.000198*theta**2 - 0.000329*theta + 0.000165

--- Chunk 19066 (147/220) | Start: 2024-10-25 05:15:00 ---
    RMSE omega (GP): 0.003720 | RMSE omega (Sim): 0.129533
    Loss: 7.3174 | Epoch: 7190
    Eq omega: -0.225031 + -1.09326theta + 0.54893omega + -0.07309theta^2 + -0.00664theta omega + -0.08837omega^2 + -0.00520theta^3 + -0.05438theta^2 omega + -0.13327theta omega^2 + -0.00612omega^3
    Eq omega Phys: -0.029632*omega**3 - 0.021509*omega**2*theta - 0.038044*omega**2 - 0.000293*omega*theta**2 - 0.000158*omega*theta + 0.018283*omega - 0.e-6*theta**3 - 3.3e-5*theta**2 - 0.001222*theta - 0.000766

--- Chunk 19067 (148/220) | Start: 2024-10-25 05:20:00 ---
    RMSE omega (GP): 0.004063 | RMSE omega (Sim): 0.205298
    Loss: 3.8542 | Epoch: 9999
    Eq omega: 0.012171 + -0.16227theta + 0.09886omega + 0.00202theta^2 + -0.00339theta omega + 0.06102omega^2 + -0.00197theta^3 + 0.00005theta^2 omega + 0.00030theta omega^2 + 0.00445omega^3
    Eq omega Phys: 0.012119*omega**3 + 2.7e-5*omega**2*theta + 0.018272*omega**2 - 3.5e-5*omega*theta + 0.003439*omega + 3.0e-6*theta**2 - 0.000196*theta + 0.000817

--- Chunk 19068 (149/220) | Start: 2024-10-25 05:25:00 ---
    RMSE omega (GP): 0.003562 | RMSE omega (Sim): 0.083089
    Loss: 2.2674 | Epoch: 9999
    Eq omega: -0.023461 + -0.04319theta + -0.07372omega + -0.01011theta^2 + -0.00943theta omega + -0.01193omega^2 + -0.00036theta^3 + -0.00027theta^2 omega + -0.00962theta omega^2 + -0.04798omega^3
    Eq omega Phys: -0.134448*omega**3 - 0.000899*omega**2*theta + 0.011629*omega**2 - 0.e-6*omega*theta**2 - 6.7e-5*omega*theta - 0.001067*omega - 2.0e-6*theta**2 + 3.6e-5*theta - 7.8e-5

--- Chunk 19069 (150/220) | Start: 2024-10-25 05:30:00 ---
    RMSE omega (GP): 0.002867 | RMSE omega (Sim): 0.083867
    Loss: 4.2762 | Epoch: 6005
    Eq omega: 0.190491 + -0.66852theta + -0.01552omega + 0.14200theta^2 + -0.44424theta omega + -0.34192omega^2 + -1.30403theta^3 + 2.06459theta^2 omega + 0.24454theta omega^2 + -0.88044omega^3
    Eq omega Phys: -5.069654*omega**3 + 0.046936*omega**2*theta - 0.092912*omega**2 + 0.013209*omega*theta**2 + 0.02553*omega*theta + 0.011022*omega - 0.000278*theta**3 - 0.000942*theta**2 - 0.001801*theta - 0.000811

  [Progress 150/220] Mean RMSE omega (GP): 0.005223 | (Sim): 0.105031 | Mean loss: -2668325396.0665 | Valid GP: 142/150 | Valid Sim: 133/150 | Elapsed: 483.2min | ETA: 225.5min

--- Chunk 19070 (151/220) | Start: 2024-10-25 05:35:00 ---
    RMSE omega (GP): 0.003862 | RMSE omega (Sim): 0.101454
    Loss: 3.6122 | Epoch: 5059
    Eq omega: -0.049051 + -0.52081theta + -0.09188omega + 0.05058theta^2 + 0.13026theta omega + -0.17941omega^2 + -0.12916theta^3 + 0.08672theta^2 omega + 0.00876theta omega^2 + -0.07176omega^3
    Eq omega Phys: -0.212948*omega**3 + 0.000867*omega**2*theta - 0.063166*omega**2 + 0.000286*omega*theta**2 - 0.003082*omega*theta + 0.003614*omega - 1.4e-5*theta**3 + 0.000349*theta**2 - 0.00343*theta + 0.012076

--- Chunk 19071 (152/220) | Start: 2024-10-25 05:40:00 ---
    RMSE omega (GP): 0.003353 | RMSE omega (Sim): 0.230317
    Loss: 0.4229 | Epoch: 6616
    Eq omega: -0.001031 + -0.13680theta + 0.01042omega + 0.18441theta^2 + 0.00909theta omega + -0.00675omega^2 + -0.15624theta^3 + 0.07590theta^2 omega + -0.00879theta omega^2 + -0.02233omega^3
    Eq omega Phys: -0.058785*omega**3 - 0.000771*omega**2*theta - 0.006362*omega**2 + 0.000222*omega*theta**2 + 0.002601*omega*theta + 0.007958*omega - 1.5e-5*theta**3 - 0.000198*theta**2 - 0.000927*theta - 0.001678

--- Chunk 19072 (153/220) | Start: 2024-10-25 05:45:00 ---
    RMSE omega (GP): 0.008702 | RMSE omega (Sim): 0.038564
    Loss: 210.1133 | Epoch: 9999
    Eq omega: -0.048491 + -0.00221theta + -0.00586omega + -0.00010theta^2 + -0.00202theta omega + 0.00223omega^2 + 0.00001theta^3 + -0.00014theta^2 omega + -0.00085theta omega^2 + 0.00046omega^3
    Eq omega Phys: 0.00832*omega**3 - 0.000512*omega**2*theta + 0.016547*omega**2 - 3.0e-6*omega*theta**2 + 0.00011*omega*theta - 0.001035*omega - 0.e-6*theta**2 + 1.9e-5*theta - 0.000232

--- Chunk 19073 (154/220) | Start: 2024-10-25 05:50:00 ---
    RMSE omega (GP): 0.011416 | RMSE omega (Sim): 0.035874
    Loss: 529.2158 | Epoch: 9999
    Eq omega: -0.029751 + 0.00042theta + 0.00707omega + -0.00001theta^2 + -0.00036theta omega + -0.00110omega^2 + 0.00001theta^3 + -0.00001theta^2 omega + -0.00021theta omega^2 + -0.00003omega^3
    Eq omega Phys: -0.000787*omega**3 - 0.000184*omega**2*theta + 0.004183*omega**2 + 5.0e-6*omega*theta + 0.000319*omega - 0.e-6*theta**2 + 2.5e-5*theta - 0.000279

--- Chunk 19074 (155/220) | Start: 2024-10-25 05:55:00 ---
    RMSE omega (GP): 0.006424 | RMSE omega (Sim): 0.032330
    Loss: 220.0642 | Epoch: 9999
    Eq omega: 0.022031 + 0.00579theta + 0.00384omega + -0.00024theta^2 + 0.00026theta omega + -0.00039omega^2 + 0.00001theta^3 + -0.00002theta^2 omega + 0.00004theta omega^2 + 0.00019omega^3
    Eq omega Phys: 0.006551*omega**3 + 4.6e-5*omega**2*theta - 0.001567*omega**2 - 0.e-6*omega*theta**2 + 4.8e-5*omega*theta - 0.000583*omega - 1.0e-6*theta**2 + 4.5e-5*theta - 0.000516

--- Chunk 19075 (156/220) | Start: 2024-10-25 06:00:00 ---
    RMSE omega (GP): 0.003470 | RMSE omega (Sim): 0.176643
    Loss: 6.2447 | Epoch: 6750
    Eq omega: -0.167961 + -0.12216theta + -0.15211omega + 0.35104theta^2 + 0.00255theta omega + -0.05631omega^2 + -0.06694theta^3 + 0.02619theta^2 omega + -0.02737theta omega^2 + -0.06517omega^3
    Eq omega Phys: -0.306397*omega**3 - 0.004289*omega**2*theta - 0.004322*omega**2 + 0.000137*omega*theta**2 - 0.001113*omega*theta - 0.00281*omega - 1.2e-5*theta**3 + 0.000301*theta**2 - 0.002043*theta + 0.003664

--- Chunk 19076 (157/220) | Start: 2024-10-25 06:05:00 ---
    RMSE omega (GP): 0.003206 | RMSE omega (Sim): 0.070942
    Loss: 22.9265 | Epoch: 9999
    Eq omega: -0.051841 + -0.00138theta + 0.01563omega + -0.00067theta^2 + -0.00137theta omega + 0.00790omega^2 + -0.00018theta^3 + -0.00012theta^2 omega + 0.00030theta omega^2 + 0.00226omega^3
    Eq omega Phys: 0.031659*omega**3 + 0.00014*omega**2*theta + 0.003253*omega**2 - 2.0e-6*omega*theta**2 + 2.6e-5*omega*theta + 0.000561*omega + 4.0e-6*theta**2 - 5.2e-5*theta + 0.000155

--- Chunk 19077 (158/220) | Start: 2024-10-25 06:10:00 ---
    RMSE omega (GP): 0.003716 | RMSE omega (Sim): nan
    Loss: 11.9344 | Epoch: 7457
    Eq omega: 0.149061 + -0.00410theta + 0.08025omega + 0.00021theta^2 + 0.00176theta omega + 0.03782omega^2 + -0.00104theta^3 + 0.00177theta^2 omega + -0.00198theta omega^2 + 0.02148omega^3
    Eq omega Phys: 0.133092*omega**3 - 0.000409*omega**2*theta + 0.022755*omega**2 + 1.2e-5*omega*theta**2 - 0.000305*omega*theta + 0.00457*omega + 1.0e-5*theta**2 - 0.00014*theta + 0.001048

--- Chunk 19078 (159/220) | Start: 2024-10-25 06:15:00 ---
    RMSE omega (GP): 0.003203 | RMSE omega (Sim): 0.127627
    Loss: 1.2389 | Epoch: 6199
    Eq omega: -0.254221 + -0.25730theta + -0.11509omega + -0.02842theta^2 + -0.00298theta omega + -0.14205omega^2 + -1.03284theta^3 + -0.41030theta^2 omega + 0.85898theta omega^2 + -0.03592omega^3
    Eq omega Phys: -0.128841*omega**3 + 0.102702*omega**2*theta - 0.139058*omega**2 - 0.001635*omega*theta**2 + 0.00283*omega*theta - 0.00506*omega - 0.000137*theta**3 + 0.00035*theta**2 - 0.000582*theta - 0.000483

--- Chunk 19079 (160/220) | Start: 2024-10-25 06:20:00 ---
    RMSE omega (GP): 0.003497 | RMSE omega (Sim): nan
    Loss: 1.7973 | Epoch: 6286
    Eq omega: 0.255061 + -0.59437theta + 0.00420omega + -0.14961theta^2 + -0.61743theta omega + -0.03366omega^2 + -0.69419theta^3 + -0.00590theta^2 omega + 0.00576theta omega^2 + 0.05774omega^3
    Eq omega Phys: 0.163806*omega**3 + 0.000545*omega**2*theta - 0.010507*omega**2 - 1.9e-5*omega*theta**2 - 0.006318*omega*theta + 0.00195*omega - 7.3e-5*theta**3 + 1.2e-5*theta**2 - 0.000649*theta + 0.001108

--- Chunk 19080 (161/220) | Start: 2024-10-25 06:25:00 ---
    RMSE omega (GP): 0.006724 | RMSE omega (Sim): 0.079000
    Loss: 37.3306 | Epoch: 9999
    Eq omega: 0.029221 + -0.05324theta + -0.00424omega + 0.01313theta^2 + 0.00178theta omega + 0.00906omega^2 + -0.00079theta^3 + -0.00072theta^2 omega + -0.00365theta omega^2 + 0.00743omega^3
    Eq omega Phys: 0.04171*omega**3 - 0.000683*omega**2*theta + 0.012929*omega**2 - 4.0e-6*omega*theta**2 + 0.000144*omega*theta - 0.001261*omega + 1.3e-5*theta**2 - 0.000311*theta + 0.00233

--- Chunk 19081 (162/220) | Start: 2024-10-25 06:30:00 ---
    RMSE omega (GP): 0.004066 | RMSE omega (Sim): 0.142737
    Loss: 7.1498 | Epoch: 9999
    Eq omega: -0.010401 + -0.25831theta + -0.00970omega + -0.03776theta^2 + 0.01163theta omega + -0.01968omega^2 + 0.00104theta^3 + -0.01347theta^2 omega + -0.00033theta omega^2 + 0.01876omega^3
    Eq omega Phys: 0.076556*omega**3 - 4.5e-5*omega**2*theta - 0.006769*omega**2 - 6.1e-5*omega*theta**2 + 0.001474*omega*theta - 0.009138*omega - 2.1e-5*theta**2 + 0.000106*theta + 0.001055

--- Chunk 19082 (163/220) | Start: 2024-10-25 06:35:00 ---
    RMSE omega (GP): 0.004734 | RMSE omega (Sim): 0.058089
    Loss: 22.9302 | Epoch: 9999
    Eq omega: -0.018021 + -0.01072theta + 0.03139omega + 0.00041theta^2 + -0.00728theta omega + 0.00486omega^2 + -0.00099theta^3 + 0.00029theta^2 omega + -0.00069theta omega^2 + 0.00922omega^3
    Eq omega Phys: 0.060654*omega**3 - 0.000151*omega**2*theta + 0.004626*omega**2 + 2.0e-6*omega*theta**2 - 0.000179*omega*theta + 0.003322*omega + 1.1e-5*theta**2 - 0.000193*theta + 0.001097

--- Chunk 19083 (164/220) | Start: 2024-10-25 06:40:00 ---
    RMSE omega (GP): 0.004420 | RMSE omega (Sim): 0.063820
    Loss: 5.3515 | Epoch: 6603
    Eq omega: -0.025611 + -0.07722theta + -0.01345omega + -0.10493theta^2 + -0.16945theta omega + 0.01220omega^2 + -0.03477theta^3 + -0.03771theta^2 omega + 0.01133theta omega^2 + -0.00060omega^3
    Eq omega Phys: -0.001747*omega**3 + 0.0011*omega**2*theta - 0.002909*omega**2 - 0.000122*omega*theta**2 - 0.000271*omega*theta + 0.005746*omega - 4.0e-6*theta**3 + 3.2e-5*theta**2 - 6.1e-5*theta - 6.8e-5

--- Chunk 19084 (165/220) | Start: 2024-10-25 06:45:00 ---
    RMSE omega (GP): 0.004953 | RMSE omega (Sim): 0.077474
    Loss: 9.3601 | Epoch: 9999
    Eq omega: 0.408741 + -0.02930theta + 0.01450omega + 0.00199theta^2 + 0.00669theta omega + 0.02359omega^2 + -0.00617theta^3 + 0.00473theta^2 omega + -0.00260theta omega^2 + -0.05629omega^3
    Eq omega Phys: -0.186269*omega**3 - 0.000287*omega**2*theta + 0.009824*omega**2 + 1.7e-5*omega*theta**2 - 0.000167*omega*theta + 0.000806*omega - 0.e-6*theta**3 + 1.6e-5*theta**2 - 0.000152*theta + 0.001881

--- Chunk 19085 (166/220) | Start: 2024-10-25 06:50:00 ---
 lsoda--  warning..internal t (=r1) and h (=r2) are  
       such that in the machine, t + h = t on the next step  
       (h = step size). solver will continue anyway  
      in above,  r1 =  0.4407967127103D+01   r2 =  0.3686573515050D-15
 lsoda--  warning..internal t (=r1) and h (=r2) are  
       such that in the machine, t + h = t on the next step  
       (h = step size). solver will continue anyway  
      in above,  r1 =  0.4407967127103D+01   r2 =  0.3686573515050D-15
 lsoda--  warning..internal t (=r1) and h (=r2) are  
       such that in the machine, t + h = t on the next step  
       (h = step size). solver will continue anyway  
      in above,  r1 =  0.4407967127103D+01   r2 =  0.3686573515050D-15
 lsoda--  warning..internal t (=r1) and h (=r2) are  
       such that in the machine, t + h = t on the next step  
       (h = step size). solver will continue anyway  
      in above,  r1 =  0.4407967127103D+01   r2 =  0.3029870933656D-15
 lsoda--  warning..internal t (=r1) and h (=r2) are  
       such that in the machine, t + h = t on the next step  
       (h = step size). solver will continue anyway  
      in above,  r1 =  0.4407967127103D+01   r2 =  0.3029870933656D-15
 lsoda--  warning..internal t (=r1) and h (=r2) are  
       such that in the machine, t + h = t on the next step  
       (h = step size). solver will continue anyway  
      in above,  r1 =  0.4407967127103D+01   r2 =  0.3029870933656D-15
 lsoda--  warning..internal t (=r1) and h (=r2) are  
       such that in the machine, t + h = t on the next step  
       (h = step size). solver will continue anyway  
      in above,  r1 =  0.4407967127103D+01   r2 =  0.2490149141712D-15
 lsoda--  warning..internal t (=r1) and h (=r2) are  
       such that in the machine, t + h = t on the next step  
       (h = step size). solver will continue anyway  
      in above,  r1 =  0.4407967127103D+01   r2 =  0.2490149141712D-15
 lsoda--  warning..internal t (=r1) and h (=r2) are  
       such that in the machine, t + h = t on the next step  
       (h = step size). solver will continue anyway  
      in above,  r1 =  0.4407967127103D+01   r2 =  0.2490149141712D-15
 lsoda--  warning..internal t (=r1) and h (=r2) are  
       such that in the machine, t + h = t on the next step  
       (h = step size). solver will continue anyway  
      in above,  r1 =  0.4407967127103D+01   r2 =  0.2046569930651D-15
 lsoda--  above warning has been issued i1 times.    
       it will not be issued again for this problem  
      in above message,  i1 =        10
 lsoda--  warning..internal t (=r1) and h (=r2) are  
       such that in the machine, t + h = t on the next step  
       (h = step size). solver will continue anyway  
      in above,  r1 =  0.4412088686473D+01   r2 =  0.4383380742781D-15
 lsoda--  warning..internal t (=r1) and h (=r2) are  
       such that in the machine, t + h = t on the next step  
       (h = step size). solver will continue anyway  
      in above,  r1 =  0.4412088686473D+01   r2 =  0.4383380742781D-15
 lsoda--  warning..internal t (=r1) and h (=r2) are  
       such that in the machine, t + h = t on the next step  
       (h = step size). solver will continue anyway  
      in above,  r1 =  0.4412088686473D+01   r2 =  0.4383380742781D-15
 lsoda--  warning..internal t (=r1) and h (=r2) are  
       such that in the machine, t + h = t on the next step  
       (h = step size). solver will continue anyway  
      in above,  r1 =  0.4412088686473D+01   r2 =  0.3602553380675D-15
 lsoda--  warning..internal t (=r1) and h (=r2) are  
       such that in the machine, t + h = t on the next step  
       (h = step size). solver will continue anyway  
      in above,  r1 =  0.4412088686473D+01   r2 =  0.3602553380675D-15
 lsoda--  warning..internal t (=r1) and h (=r2) are  
       such that in the machine, t + h = t on the next step  
       (h = step size). solver will continue anyway  
      in above,  r1 =  0.4412088686473D+01   r2 =  0.3602553380675D-15
 lsoda--  warning..internal t (=r1) and h (=r2) are  
       such that in the machine, t + h = t on the next step  
    RMSE omega (GP): 0.005992 | RMSE omega (Sim): nan
    Loss: -559966912.0000 | Epoch: 6368
    Eq omega: -0.298031 + -0.26129theta + 0.04461omega + 0.00107theta^2 + 0.02710theta omega + -0.06499omega^2 + -0.01603theta^3 + 0.01650theta^2 omega + -0.34941theta omega^2 + 0.09562omega^3
    Eq omega Phys: 0.260767*omega**3 - 0.031763*omega**2*theta + 0.241768*omega**2 + 5.0e-5*omega*theta**2 - 0.00055*omega*theta + 0.002631*omega - 2.0e-6*theta**3 + 4.0e-5*theta**2 - 0.000625*theta + 0.002217

--- Chunk 19086 (167/220) | Start: 2024-10-25 06:55:00 ---
    RMSE omega (GP): 0.004336 | RMSE omega (Sim): 0.137853
    Loss: 3.4830 | Epoch: 6853
    Eq omega: -0.012941 + -1.20711theta + 0.10830omega + 0.04944theta^2 + 0.49731theta omega + 0.01662omega^2 + -0.00362theta^3 + 0.00626theta^2 omega + 0.02323theta omega^2 + -0.06197omega^3
    Eq omega Phys: -0.147437*omega**3 + 0.001842*omega**2*theta - 0.01017*omega**2 + 1.7e-5*omega*theta**2 + 0.004401*omega*theta - 0.032946*omega + 2.3e-5*theta**2 - 0.001653*theta + 0.011933

--- Chunk 19087 (168/220) | Start: 2024-10-25 07:00:00 ---
    RMSE omega (GP): 0.009152 | RMSE omega (Sim): 0.035671
    Loss: 223.8866 | Epoch: 9999
    Eq omega: -0.004361 + -0.00108theta + -0.01043omega + 0.00038theta^2 + -0.00059theta omega + -0.00604omega^2 + -0.00001theta^3 + 0.00008theta^2 omega + -0.00012theta omega^2 + -0.00064omega^3
    Eq omega Phys: -0.01088*omega**3 - 6.8e-5*omega**2*theta - 0.002684*omega**2 + 2.0e-6*omega*theta**2 - 9.8e-5*omega*theta + 0.001191*omega + 1.0e-6*theta**2 - 3.3e-5*theta + 0.000394

--- Chunk 19088 (169/220) | Start: 2024-10-25 07:05:00 ---
    RMSE omega (GP): 0.003533 | RMSE omega (Sim): 0.078060
    Loss: 9.9273 | Epoch: 8969
    Eq omega: 0.018511 + -0.00531theta + -0.08310omega + -0.01141theta^2 + -0.02187theta omega + -0.03109omega^2 + -0.00318theta^3 + 0.00490theta^2 omega + 0.00388theta omega^2 + -0.01588omega^3
    Eq omega Phys: -0.103638*omega**3 + 0.000844*omega**2*theta - 0.024078*omega**2 + 3.6e-5*omega*theta**2 - 0.001146*omega*theta + 0.005662*omega - 0.e-6*theta**3 + 2.0e-5*theta**2 - 0.000169*theta + 0.000473

--- Chunk 19089 (170/220) | Start: 2024-10-25 07:10:00 ---
    RMSE omega (GP): 0.003975 | RMSE omega (Sim): 0.077696
    Loss: 12.0117 | Epoch: 9999
    Eq omega: -0.019321 + -0.00600theta + 0.00308omega + 0.00464theta^2 + -0.01006theta omega + -0.01228omega^2 + -0.00069theta^3 + 0.00291theta^2 omega + -0.00250theta omega^2 + -0.02204omega^3
    Eq omega Phys: -0.125119*omega**3 - 0.000473*omega**2*theta - 0.000799*omega**2 + 1.8e-5*omega*theta**2 - 0.000498*omega*theta + 0.003196*omega + 6.0e-6*theta**2 - 9.0e-5*theta + 0.00035

--- Chunk 19090 (171/220) | Start: 2024-10-25 07:15:00 ---
    RMSE omega (GP): 0.006258 | RMSE omega (Sim): 0.051892
    Loss: 7.1251 | Epoch: 9219
    Eq omega: 0.034681 + -0.05834theta + -0.00868omega + -0.19799theta^2 + 0.00001theta omega + 0.13729omega^2 + -0.02977theta^3 + -0.00728theta^2 omega + 0.03974theta omega^2 + -0.00215omega^3
    Eq omega Phys: -0.004253*omega**3 + 0.002621*omega**2*theta + 0.018218*omega**2 - 1.6e-5*omega*theta**2 + 0.000208*omega*theta - 0.000966*omega - 2.0e-6*theta**3 - 1.4e-5*theta**2 + 0.000393*theta - 0.001217

--- Chunk 19091 (172/220) | Start: 2024-10-25 07:20:00 ---
    RMSE omega (GP): nan | RMSE omega (Sim): nan
    Loss: 104370.7344 | Epoch: 5
    Eq omega: nan1 + nantheta + nanomega + nantheta^2 + nantheta omega + nanomega^2 + nantheta^3 + nantheta^2 omega + nantheta omega^2 + nanomega^3
    Eq omega Phys: N/A

--- Chunk 19092 (173/220) | Start: 2024-10-25 07:25:00 ---
    RMSE omega (GP): 0.004536 | RMSE omega (Sim): 0.137338
    Loss: 6.9489 | Epoch: 9067
    Eq omega: -0.018671 + -0.08165theta + 0.01084omega + 0.07027theta^2 + 0.00053theta omega + -0.03211omega^2 + -0.00129theta^3 + 0.00222theta^2 omega + -0.00874theta omega^2 + -0.05290omega^3
    Eq omega Phys: -0.180529*omega**3 - 0.000994*omega**2*theta - 0.001231*omega**2 + 8.0e-6*omega*theta**2 - 0.000157*omega*theta + 0.001089*omega + 3.1e-5*theta**2 - 0.000645*theta + 0.003416

--- Chunk 19093 (174/220) | Start: 2024-10-25 07:30:00 ---
    RMSE omega (GP): 0.004041 | RMSE omega (Sim): 0.096845
    Loss: 21.6519 | Epoch: 7372
    Eq omega: 0.130521 + 0.02763theta + -0.02185omega + -0.00255theta^2 + 0.00375theta omega + -0.00405omega^2 + 0.00023theta^3 + -0.00086theta^2 omega + -0.00054theta omega^2 + 0.00168omega^3
    Eq omega Phys: 0.014801*omega**3 - 0.000159*omega**2*theta + 0.000522*omega**2 - 8.0e-6*omega*theta**2 + 0.000356*omega*theta - 0.004359*omega - 5.0e-6*theta**2 + 0.000149*theta - 0.001086

--- Chunk 19094 (175/220) | Start: 2024-10-25 07:35:00 ---
    RMSE omega (GP): 0.004486 | RMSE omega (Sim): 0.091450
    Loss: 21.8839 | Epoch: 8481
    Eq omega: 0.004101 + -0.00173theta + -0.00747omega + 0.00009theta^2 + -0.00056theta omega + 0.02937omega^2 + 0.00015theta^3 + -0.00059theta^2 omega + -0.00357theta omega^2 + -0.00594omega^3
    Eq omega Phys: -0.045247*omega**3 - 0.000906*omega**2*theta + 0.027487*omega**2 - 5.0e-6*omega*theta**2 + 0.00013*omega*theta - 0.001096*omega - 2.0e-6*theta**2 + 2.2e-5*theta - 7.0e-5

--- Chunk 19095 (176/220) | Start: 2024-10-25 07:40:00 ---
    RMSE omega (GP): 0.004585 | RMSE omega (Sim): 0.074837
    Loss: 9.9998 | Epoch: 9999
    Eq omega: -0.021431 + -0.01353theta + -0.03424omega + -0.00426theta^2 + 0.00010theta omega + -0.02694omega^2 + -0.00008theta^3 + -0.00051theta^2 omega + -0.00249theta omega^2 + -0.03539omega^3
    Eq omega Phys: -0.143926*omega**3 - 0.000338*omega**2*theta - 0.004573*omega**2 - 2.0e-6*omega*theta**2 + 7.4e-5*omega*theta - 0.001739*omega - 1.0e-6*theta**2 + 3.1e-5*theta - 0.000216

--- Chunk 19096 (177/220) | Start: 2024-10-25 07:45:00 ---
    RMSE omega (GP): nan | RMSE omega (Sim): nan
    Loss: 128134.4141 | Epoch: 5
    Eq omega: nan1 + nantheta + nanomega + nantheta^2 + nantheta omega + nanomega^2 + nantheta^3 + nantheta^2 omega + nantheta omega^2 + nanomega^3
    Eq omega Phys: N/A

--- Chunk 19097 (178/220) | Start: 2024-10-25 07:50:00 ---
    RMSE omega (GP): 0.006263 | RMSE omega (Sim): 0.066013
    Loss: 52.0608 | Epoch: 9999
    Eq omega: -0.043221 + 0.00849theta + -0.04335omega + 0.02201theta^2 + 0.00219theta omega + -0.02368omega^2 + -0.00128theta^3 + 0.00027theta^2 omega + 0.00129theta omega^2 + -0.01151omega^3
    Eq omega Phys: -0.102278*omega**3 + 0.000382*omega**2*theta - 0.019631*omega**2 + 3.0e-6*omega*theta**2 - 5.4e-5*omega*theta - 0.001316*omega + 3.6e-5*theta**2 - 0.000854*theta + 0.006206

--- Chunk 19098 (179/220) | Start: 2024-10-25 07:55:00 ---
    RMSE omega (GP): 0.004177 | RMSE omega (Sim): 0.085150
    Loss: 12.5991 | Epoch: 9999
    Eq omega: -0.016521 + 0.01664theta + -0.00583omega + 0.00064theta^2 + 0.00208theta omega + -0.00144omega^2 + -0.00009theta^3 + 0.00027theta^2 omega + -0.00136theta omega^2 + -0.00305omega^3
    Eq omega Phys: -0.016379*omega**3 - 0.000243*omega**2*theta + 0.00423*omega**2 + 2.0e-6*omega*theta**2 - 3.5e-5*omega*theta - 0.000141*omega + 1.0e-6*theta**2 - 1.5e-5*theta - 0.000151

--- Chunk 19099 (180/220) | Start: 2024-10-25 08:00:00 ---
    RMSE omega (GP): 0.022328 | RMSE omega (Sim): 0.048877
    Loss: 259.9679 | Epoch: 9999
    Eq omega: -0.048071 + -0.00617theta + -0.04831omega + 0.00107theta^2 + -0.00388theta omega + -0.02108omega^2 + -0.00044theta^3 + 0.00122theta^2 omega + -0.00075theta omega^2 + -0.00205omega^3
    Eq omega Phys: -0.0067*omega**3 - 8.2e-5*omega**2*theta - 0.003827*omega**2 + 4.0e-6*omega*theta**2 - 0.000382*omega*theta + 0.006532*omega + 7.0e-6*theta**2 - 0.000272*theta + 0.003675

--- Chunk 19100 (181/220) | Start: 2024-10-25 08:05:00 ---
    RMSE omega (GP): 0.003465 | RMSE omega (Sim): 0.176402
    Loss: 6.1884 | Epoch: 5378
    Eq omega: -0.353191 + -1.62391theta + 0.06237omega + 0.02056theta^2 + 0.35293theta omega + -0.02976omega^2 + -0.03196theta^3 + 0.03562theta^2 omega + 0.02685theta omega^2 + 0.02092omega^3
    Eq omega Phys: 0.113304*omega**3 + 0.004847*omega**2*theta - 0.03112*omega**2 + 0.000214*omega*theta**2 + 0.003365*omega*theta - 0.013858*omega - 6.0e-6*theta**3 + 8.3e-5*theta**2 - 0.002158*theta + 0.006449

--- Chunk 19101 (182/220) | Start: 2024-10-25 08:10:00 ---
    RMSE omega (GP): 0.005693 | RMSE omega (Sim): 0.110116
    Loss: 16.1985 | Epoch: 9777
    Eq omega: -0.000451 + -0.01256theta + 0.01024omega + -0.00218theta^2 + 0.00522theta omega + 0.02890omega^2 + 0.00002theta^3 + -0.00226theta^2 omega + -0.00200theta omega^2 + 0.00355omega^3
    Eq omega Phys: 0.013664*omega**3 - 0.000257*omega**2*theta + 0.013098*omega**2 - 1.0e-5*omega*theta**2 + 0.000269*omega*theta - 0.001433*omega - 0.e-6*theta**2 + 6.0e-6*theta + 4.5e-5

--- Chunk 19102 (183/220) | Start: 2024-10-25 08:15:00 ---
    RMSE omega (GP): 0.004798 | RMSE omega (Sim): 0.057649
    Loss: 9.3112 | Epoch: 9999
    Eq omega: -0.036781 + -0.13092theta + 0.00275omega + -0.02701theta^2 + 0.03332theta omega + -0.02072omega^2 + -0.00156theta^3 + -0.00088theta^2 omega + -0.01932theta omega^2 + -0.01507omega^3
    Eq omega Phys: -0.052187*omega**3 - 0.00223*omega**2*theta + 0.019242*omega**2 - 3.0e-6*omega*theta**2 + 0.000457*omega*theta - 0.004826*omega - 3.0e-6*theta**2 + 1.1e-5*theta + 0.000505

--- Chunk 19103 (184/220) | Start: 2024-10-25 08:20:00 ---
    RMSE omega (GP): 0.004135 | RMSE omega (Sim): 0.083002
    Loss: -186449744.0000 | Epoch: 6828
    Eq omega: -0.000861 + -0.13627theta + -0.01482omega + 0.06979theta^2 + -0.01975theta omega + -0.04574omega^2 + -0.00343theta^3 + 0.01570theta^2 omega + -0.03675theta omega^2 + -0.00632omega^3
    Eq omega Phys: -0.017759*omega**3 - 0.003442*omega**2*theta - 0.028776*omega**2 + 4.9e-5*omega*theta**2 + 0.000219*omega*theta - 0.000456*omega + 1.9e-5*theta**2 + 3.3e-5*theta - 0.000244

--- Chunk 19104 (185/220) | Start: 2024-10-25 08:25:00 ---
    RMSE omega (GP): 0.005451 | RMSE omega (Sim): 0.109716
    Loss: 11.7245 | Epoch: 6209
    Eq omega: -0.061191 + -0.01433theta + -0.00726omega + 0.00053theta^2 + -0.02086theta omega + 0.19666omega^2 + -0.03266theta^3 + -0.00598theta^2 omega + -0.03410theta omega^2 + -0.00431omega^3
    Eq omega Phys: -0.014395*omega**3 - 0.003796*omega**2*theta + 0.015937*omega**2 - 2.2e-5*omega*theta**2 - 0.000813*omega*theta - 0.007079*omega - 4.0e-6*theta**3 - 0.000158*theta**2 - 0.002086*theta - 0.009433

--- Chunk 19105 (186/220) | Start: 2024-10-25 08:30:00 ---
    RMSE omega (GP): 0.003962 | RMSE omega (Sim): 0.169624
    Loss: 4.7242 | Epoch: 5529
    Eq omega: -0.005051 + -0.03911theta + 0.03173omega + 0.01247theta^2 + -0.00509theta omega + -0.04606omega^2 + -0.01870theta^3 + 0.00213theta^2 omega + -0.01908theta omega^2 + -0.02034omega^3
    Eq omega Phys: -0.067855*omega**3 - 0.002122*omega**2*theta - 0.025802*omega**2 + 8.0e-6*omega*theta**2 + 2.1e-5*omega*theta + 0.00097*omega - 2.0e-6*theta**3 - 2.9e-5*theta**2 - 0.000166*theta - 0.000394

--- Chunk 19106 (187/220) | Start: 2024-10-25 08:35:00 ---
    RMSE omega (GP): 0.004929 | RMSE omega (Sim): 0.065110
    Loss: 19.3711 | Epoch: 9779
    Eq omega: -0.002811 + -0.00448theta + -0.08937omega + -0.00170theta^2 + -0.00426theta omega + 0.00627omega^2 + -0.00772theta^3 + -0.00337theta^2 omega + -0.00085theta omega^2 + 0.00243omega^3
    Eq omega Phys: 0.014292*omega**3 - 0.000167*omega**2*theta + 0.00032*omega**2 - 2.2e-5*omega*theta**2 - 0.000712*omega*theta - 0.00869*omega - 2.0e-6*theta**3 - 7.5e-5*theta**2 - 0.001126*theta - 0.005646

--- Chunk 19107 (188/220) | Start: 2024-10-25 08:40:00 ---
    RMSE omega (GP): 0.004299 | RMSE omega (Sim): 0.088458
    Loss: 7.9982 | Epoch: 7267
    Eq omega: -0.095911 + -1.90371theta + -0.21766omega + 0.75361theta^2 + -0.15556theta omega + 0.10023omega^2 + -0.71787theta^3 + 0.25864theta^2 omega + 0.23752theta omega^2 + -0.03391omega^3
    Eq omega Phys: -0.135456*omega**3 + 0.031626*omega**2*theta + 0.043635*omega**2 + 0.001148*omega*theta**2 - 0.00138*omega*theta - 0.007621*omega - 0.000106*theta**3 + 0.000234*theta**2 - 0.001995*theta - 0.00075

--- Chunk 19108 (189/220) | Start: 2024-10-25 08:45:00 ---
    RMSE omega (GP): 0.006223 | RMSE omega (Sim): 0.115863
    Loss: 21.6722 | Epoch: 9999
    Eq omega: 0.070391 + -0.00451theta + 0.01073omega + 0.01016theta^2 + -0.00644theta omega + -0.02035omega^2 + -0.00092theta^3 + 0.00278theta^2 omega + -0.00204theta omega^2 + -0.00523omega^3
    Eq omega Phys: -0.019615*omega**3 - 0.000255*omega**2*theta - 0.002112*omega**2 + 1.2e-5*omega*theta**2 - 0.000538*omega*theta + 0.006472*omega + 1.2e-5*theta**2 - 0.000316*theta + 0.002918

--- Chunk 19109 (190/220) | Start: 2024-10-25 08:50:00 ---
    RMSE omega (GP): nan | RMSE omega (Sim): nan
    Loss: 103587.3438 | Epoch: 5
    Eq omega: nan1 + nantheta + nanomega + nantheta^2 + nantheta omega + nanomega^2 + nantheta^3 + nantheta^2 omega + nantheta omega^2 + nanomega^3
    Eq omega Phys: N/A

--- Chunk 19110 (191/220) | Start: 2024-10-25 08:55:00 ---
    RMSE omega (GP): 0.003265 | RMSE omega (Sim): 0.086830
    Loss: 5.3166 | Epoch: 8780
    Eq omega: 0.113421 + -0.01852theta + -0.00589omega + 0.01951theta^2 + -0.03380theta omega + -0.04188omega^2 + -0.01985theta^3 + -0.00331theta^2 omega + -0.01379theta omega^2 + -0.09629omega^3
    Eq omega Phys: -0.409092*omega**3 - 0.001953*omega**2*theta - 1.6e-5*omega**2 - 1.6e-5*omega*theta**2 - 0.000172*omega*theta + 0.002206*omega - 3.0e-6*theta**3 + 8.4e-5*theta**2 - 0.000761*theta + 0.002668

--- Chunk 19111 (192/220) | Start: 2024-10-25 09:00:00 ---
    RMSE omega (GP): 0.003872 | RMSE omega (Sim): 0.190471
    Loss: 9.1145 | Epoch: 8394
    Eq omega: -0.049211 + -0.06225theta + 0.07955omega + -0.00663theta^2 + -0.00474theta omega + 0.10592omega^2 + -0.00412theta^3 + -0.01260theta^2 omega + 0.00219theta omega^2 + -0.00341omega^3
    Eq omega Phys: -0.016321*omega**3 + 0.000349*omega**2*theta + 0.038833*omega**2 - 6.7e-5*omega*theta**2 + 0.001269*omega*theta - 0.003346*omega - 0.e-6*theta**3 + 1.9e-5*theta**2 - 0.000227*theta + 0.000978

--- Chunk 19112 (193/220) | Start: 2024-10-25 09:05:00 ---
    RMSE omega (GP): 0.004715 | RMSE omega (Sim): 0.109154
    Loss: 11.9627 | Epoch: 7305
    Eq omega: -0.014751 + -0.06251theta + 0.01506omega + 0.00007theta^2 + -0.00555theta omega + 0.02887omega^2 + -0.00418theta^3 + -0.00024theta^2 omega + -0.00034theta omega^2 + 0.00644omega^3
    Eq omega Phys: 0.027427*omega**3 - 4.8e-5*omega**2*theta + 0.011284*omega**2 - 1.0e-6*omega*theta**2 - 5.1e-5*omega*theta + 0.001008*omega - 0.e-6*theta**3 + 1.7e-5*theta**2 - 0.00021*theta + 0.000937

--- Chunk 19113 (194/220) | Start: 2024-10-25 09:10:00 ---
    RMSE omega (GP): 0.003402 | RMSE omega (Sim): nan
    Loss: 7.4086 | Epoch: 7773
    Eq omega: -0.101951 + -0.47081theta + 0.13304omega + 0.07329theta^2 + -0.99686theta omega + 0.22307omega^2 + -0.01660theta^3 + 0.31764theta^2 omega + -0.02147theta omega^2 + 0.02852omega^3
    Eq omega Phys: 0.153437*omega**3 - 0.00385*omega**2*theta + 0.101975*omega**2 + 0.001899*omega*theta**2 - 0.021479*omega*theta + 0.039105*omega - 3.0e-6*theta**3 + 5.4e-5*theta**2 - 0.000695*theta + 0.000909

--- Chunk 19114 (195/220) | Start: 2024-10-25 09:15:00 ---
    RMSE omega (GP): 0.005127 | RMSE omega (Sim): 0.086742
    Loss: 51.3353 | Epoch: 9999
    Eq omega: 0.008211 + -0.00048theta + -0.06528omega + 0.00274theta^2 + 0.00122theta omega + -0.01946omega^2 + -0.00001theta^3 + -0.00019theta^2 omega + -0.00029theta omega^2 + -0.00744omega^3
    Eq omega Phys: -0.097096*omega**3 - 0.000126*omega**2*theta - 0.010953*omega**2 - 3.0e-6*omega*theta**2 + 0.000109*omega*theta - 0.003189*omega + 2.0e-6*theta**2 - 6.4e-5*theta + 0.000485

--- Chunk 19115 (196/220) | Start: 2024-10-25 09:20:00 ---
    RMSE omega (GP): 0.003356 | RMSE omega (Sim): 0.210357
    Loss: 7.6871 | Epoch: 7963
    Eq omega: 0.028861 + -0.00803theta + 0.27090omega + -0.00402theta^2 + -0.01996theta omega + 0.00222omega^2 + -0.00142theta^3 + -0.01385theta^2 omega + -0.00412theta omega^2 + 0.01714omega^3
    Eq omega Phys: 0.095544*omega**3 - 0.000766*omega**2*theta + 0.006883*omega**2 - 8.6e-5*omega*theta**2 + 0.001041*omega*theta + 0.006109*omega + 5.0e-6*theta**2 - 3.2e-5*theta + 0.000164

--- Chunk 19116 (197/220) | Start: 2024-10-25 09:25:00 ---
    RMSE omega (GP): 0.004754 | RMSE omega (Sim): 0.088911
    Loss: 11.0932 | Epoch: 9999
    Eq omega: 0.016951 + -0.06442theta + -0.07515omega + -0.00437theta^2 + -0.01352theta omega + -0.02702omega^2 + -0.00905theta^3 + -0.00155theta^2 omega + -0.01469theta omega^2 + -0.01338omega^3
    Eq omega Phys: -0.052715*omega**3 - 0.001929*omega**2*theta + 0.020121*omega**2 - 7.0e-6*omega*theta**2 + 4.7e-5*omega*theta - 0.001604*omega - 1.0e-6*theta**3 + 6.0e-5*theta**2 - 0.000969*theta + 0.005661

--- Chunk 19117 (198/220) | Start: 2024-10-25 09:30:00 ---
    RMSE omega (GP): 0.003019 | RMSE omega (Sim): 0.075465
    Loss: 4.1029 | Epoch: 4067
    Eq omega: 0.082541 + -0.18749theta + 0.06351omega + -0.06107theta^2 + -0.03795theta omega + 0.00037omega^2 + -0.01683theta^3 + 0.00193theta^2 omega + 0.00106theta omega^2 + -0.02177omega^3
    Eq omega Phys: -0.106014*omega**3 + 0.000172*omega**2*theta - 0.000126*omega**2 + 1.0e-5*omega*theta**2 - 0.000543*omega*theta + 0.00296*omega - 3.0e-6*theta**3 - 1.3e-5*theta**2 - 0.000144*theta + 0.000504

--- Chunk 19118 (199/220) | Start: 2024-10-25 09:35:00 ---
    RMSE omega (GP): 0.005403 | RMSE omega (Sim): 0.067241
    Loss: 52.4780 | Epoch: 9999
    Eq omega: -0.022251 + 0.00290theta + -0.00893omega + 0.00218theta^2 + -0.00199theta omega + 0.00646omega^2 + -0.00013theta^3 + -0.00056theta^2 omega + 0.00028theta omega^2 + -0.00060omega^3
    Eq omega Phys: -0.007022*omega**3 + 0.000109*omega**2*theta + 0.006035*omega**2 - 7.0e-6*omega*theta**2 - 0.000308*omega*theta - 0.003497*omega - 2.0e-6*theta**2 + 2.0e-6*theta + 0.000181

--- Chunk 19119 (200/220) | Start: 2024-10-25 09:40:00 ---
    RMSE omega (GP): 0.004580 | RMSE omega (Sim): 0.099803
    Loss: 11.2757 | Epoch: 9227
    Eq omega: 0.016721 + -0.09190theta + -0.00999omega + 0.01482theta^2 + 0.00452theta omega + -0.02767omega^2 + -0.00465theta^3 + 0.00512theta^2 omega + 0.00324theta omega^2 + -0.01143omega^3
    Eq omega Phys: -0.050781*omega**3 + 0.00048*omega**2*theta - 0.005138*omega**2 + 2.5e-5*omega*theta**2 + 0.000638*omega*theta + 0.003666*omega - 0.e-6*theta**3 - 2.0e-5*theta**2 - 0.000259*theta - 0.001447

  [Progress 200/220] Mean RMSE omega (GP): 0.005214 | (Sim): 0.103276 | Mean loss: -2004974439.8664 | Valid GP: 189/200 | Valid Sim: 176/200 | Elapsed: 638.5min | ETA: 63.9min

--- Chunk 19120 (201/220) | Start: 2024-10-25 09:45:00 ---
    RMSE omega (GP): 0.006548 | RMSE omega (Sim): 0.068258
    Loss: 60.3455 | Epoch: 9999
    Eq omega: 0.060851 + 0.00207theta + 0.00055omega + -0.00009theta^2 + 0.00113theta omega + -0.00038omega^2 + -0.00012theta^3 + -0.00024theta^2 omega + 0.00140theta omega^2 + -0.00051omega^3
    Eq omega Phys: -0.004673*omega**3 + 0.000428*omega**2*theta - 0.006191*omega**2 - 2.0e-6*omega*theta**2 + 8.9e-5*omega*theta - 0.000751*omega + 2.0e-6*theta**2 - 2.0e-5*theta + 0.000191

--- Chunk 19121 (202/220) | Start: 2024-10-25 09:50:00 ---
    RMSE omega (GP): 0.004946 | RMSE omega (Sim): nan
    Loss: 12.4209 | Epoch: 7584
    Eq omega: -0.007621 + -0.47554theta + 0.13615omega + -0.08523theta^2 + 0.04158theta omega + 0.03517omega^2 + -0.00137theta^3 + -0.00270theta^2 omega + 0.02931theta omega^2 + -0.00005omega^3
    Eq omega Phys: -0.000205*omega**3 + 0.003997*omega**2*theta - 0.026324*omega**2 - 1.2e-5*omega*theta**2 + 0.000753*omega*theta - 0.001683*omega - 2.9e-5*theta**2 + 9.9e-5*theta + 0.001988

--- Chunk 19122 (203/220) | Start: 2024-10-25 09:55:00 ---
    RMSE omega (GP): 0.004344 | RMSE omega (Sim): 0.085679
    Loss: 12.1623 | Epoch: 9054
    Eq omega: 0.164191 + -0.07762theta + -0.01245omega + 0.03681theta^2 + -0.00612theta omega + -0.04896omega^2 + -0.00085theta^3 + -0.00354theta^2 omega + -0.03446theta omega^2 + 0.00175omega^3
    Eq omega Phys: 0.008796*omega**3 - 0.005773*omega**2*theta + 0.002613*omega**2 - 2.0e-5*omega*theta**2 + 7.2e-5*omega*theta - 0.000392*omega + 1.9e-5*theta**2 - 0.000225*theta + 0.001051

--- Chunk 19123 (204/220) | Start: 2024-10-25 10:00:00 ---
    RMSE omega (GP): 0.004024 | RMSE omega (Sim): 0.075419
    Loss: 14.6379 | Epoch: 7609
    Eq omega: 0.074181 + -0.00971theta + -0.04002omega + 0.00475theta^2 + 0.00205theta omega + 0.01220omega^2 + -0.00172theta^3 + 0.00116theta^2 omega + 0.01552theta omega^2 + -0.03978omega^3
    Eq omega Phys: -0.254971*omega**3 + 0.003316*omega**2*theta - 0.041009*omega**2 + 8.0e-6*omega*theta**2 - 0.000201*omega*theta - 0.000143*omega + 2.0e-5*theta**2 - 0.000322*theta + 0.00195

--- Chunk 19124 (205/220) | Start: 2024-10-25 10:05:00 ---
    RMSE omega (GP): 0.004264 | RMSE omega (Sim): 0.068302
    Loss: 21.3163 | Epoch: 9999
    Eq omega: 0.033661 + -0.01280theta + 0.00112omega + 0.00018theta^2 + -0.00797theta omega + 0.00379omega^2 + -0.00016theta^3 + -0.00259theta^2 omega + -0.01186theta omega^2 + -0.00283omega^3
    Eq omega Phys: -0.02325*omega**3 - 0.003248*omega**2*theta + 0.033527*omega**2 - 2.4e-5*omega*theta**2 + 0.00032*omega*theta - 0.000843*omega + 2.0e-6*theta**2 - 3.0e-5*theta + 0.000264

--- Chunk 19125 (206/220) | Start: 2024-10-25 10:10:00 ---
    RMSE omega (GP): 0.003809 | RMSE omega (Sim): 0.077804
    Loss: 5.5443 | Epoch: 5046
    Eq omega: -0.053891 + -0.12074theta + 0.01575omega + -0.01998theta^2 + -0.01108theta omega + -0.02055omega^2 + -0.00491theta^3 + -0.00104theta^2 omega + -0.01418theta omega^2 + 0.00859omega^3
    Eq omega Phys: 0.031*omega**3 - 0.001706*omega**2*theta - 0.004096*omega**2 - 4.0e-6*omega*theta**2 - 0.000113*omega*theta + 0.00074*omega - 0.e-6*theta**3 - 4.0e-6*theta**2 - 0.000113*theta + 4.5e-5

--- Chunk 19126 (207/220) | Start: 2024-10-25 10:15:00 ---
    RMSE omega (GP): 0.003562 | RMSE omega (Sim): 0.139034
    Loss: 6.1738 | Epoch: 6383
    Eq omega: 0.005051 + -0.69655theta + -0.02973omega + 0.01784theta^2 + -0.10165theta omega + 0.05736omega^2 + -0.03495theta^3 + -0.05527theta^2 omega + -0.01017theta omega^2 + -0.02619omega^3
    Eq omega Phys: -0.111984*omega**3 - 0.00145*omega**2*theta + 0.013188*omega**2 - 0.000263*omega*theta**2 - 0.004347*omega*theta - 0.017423*omega - 6.0e-6*theta**3 - 9.0e-5*theta**2 - 0.001253*theta - 0.005354

--- Chunk 19127 (208/220) | Start: 2024-10-25 10:20:00 ---
    RMSE omega (GP): 0.003666 | RMSE omega (Sim): 0.086113
    Loss: 7.4229 | Epoch: 8472
    Eq omega: 0.158191 + -0.20661theta + 0.02074omega + -0.09551theta^2 + -0.00497theta omega + 0.02972omega^2 + -0.02261theta^3 + 0.21826theta^2 omega + -0.46519theta omega^2 + -0.07395omega^3
    Eq omega Phys: -0.374773*omega**3 - 0.078585*omega**2*theta + 0.00825*omega**2 + 0.001229*omega*theta**2 + 5.6e-5*omega*theta + 0.000691*omega - 4.0e-6*theta**3 - 4.4e-5*theta**2 - 0.000234*theta + 0.000416

--- Chunk 19128 (209/220) | Start: 2024-10-25 10:25:00 ---
    RMSE omega (GP): 0.003929 | RMSE omega (Sim): 0.160732
    Loss: 2.1947 | Epoch: 6975
    Eq omega: -0.090941 + -0.03596theta + -0.05163omega + 0.64943theta^2 + -0.02510theta omega + -0.23508omega^2 + -0.49622theta^3 + 0.02306theta^2 omega + 0.16374theta omega^2 + -0.03313omega^3
    Eq omega Phys: -0.082457*omega**3 + 0.013584*omega**2*theta - 0.154731*omega**2 + 6.4e-5*omega*theta**2 - 0.001058*omega*theta + 0.00244*omega - 4.6e-5*theta**3 + 0.001087*theta**2 - 0.008334*theta + 0.020458

--- Chunk 19129 (210/220) | Start: 2024-10-25 10:30:00 ---
    RMSE omega (GP): 0.004123 | RMSE omega (Sim): 0.080796
    Loss: 7.3064 | Epoch: 6215
    Eq omega: -0.019921 + 0.01017theta + -0.01441omega + 0.01998theta^2 + 0.08580theta omega + -0.04973omega^2 + 0.00147theta^3 + 0.00654theta^2 omega + -0.00854theta omega^2 + -0.00691omega^3
    Eq omega Phys: -0.02785*omega**3 - 0.001147*omega**2*theta - 0.020682*omega**2 + 2.9e-5*omega*theta**2 + 0.001174*omega*theta + 0.001896*omega + 1.0e-5*theta**2 + 4.9e-5*theta + 3.0e-6

--- Chunk 19130 (211/220) | Start: 2024-10-25 10:35:00 ---
    RMSE omega (GP): 0.003298 | RMSE omega (Sim): 0.141620
    Loss: 5.3362 | Epoch: 5431
    Eq omega: -0.074831 + -0.42241theta + 0.06787omega + -0.07739theta^2 + 0.02891theta omega + -0.01708omega^2 + -0.01895theta^3 + -0.02715theta^2 omega + -0.02869theta omega^2 + -0.06486omega^3
    Eq omega Phys: -0.27951*omega**3 - 0.004121*omega**2*theta - 0.012323*omega**2 - 0.00013*omega*theta**2 - 4.0e-6*omega*theta + 0.002519*omega - 3.0e-6*theta**3 - 4.5e-5*theta**2 - 0.00058*theta - 0.00096

--- Chunk 19131 (212/220) | Start: 2024-10-25 10:40:00 ---
    RMSE omega (GP): 0.004107 | RMSE omega (Sim): 0.103551
    Loss: 3.7506 | Epoch: 5449
    Eq omega: 0.041231 + -0.01994theta + 0.20715omega + 0.05767theta^2 + 0.23397theta omega + 0.07580omega^2 + -0.24871theta^3 + -0.01633theta^2 omega + 0.01549theta omega^2 + -0.04765omega^3
    Eq omega Phys: -0.120433*omega**3 + 0.001305*omega**2*theta + 0.026821*omega**2 - 4.6e-5*omega*theta**2 + 0.001925*omega*theta + 0.014639*omega - 2.3e-5*theta**3 - 0.000239*theta**2 - 0.000837*theta - 0.000843

--- Chunk 19132 (213/220) | Start: 2024-10-25 10:45:00 ---
    RMSE omega (GP): 0.003946 | RMSE omega (Sim): 0.154194
    Loss: 9.0133 | Epoch: 6669
    Eq omega: -0.029951 + -0.07278theta + -0.00315omega + -0.00449theta^2 + -0.00197theta omega + -0.04273omega^2 + -0.04176theta^3 + -0.00766theta^2 omega + 0.01533theta omega^2 + -0.01305omega^3
    Eq omega Phys: -0.064139*omega**3 + 0.002511*omega**2*theta + 0.007744*omega**2 - 4.2e-5*omega*theta**2 - 0.000861*omega*theta - 0.004528*omega - 8.0e-6*theta**3 - 0.000229*theta**2 - 0.002388*theta - 0.008622

--- Chunk 19133 (214/220) | Start: 2024-10-25 10:50:00 ---
    RMSE omega (GP): 0.003516 | RMSE omega (Sim): 0.075812
    Loss: 4.5055 | Epoch: 7900
    Eq omega: 0.132351 + -0.35559theta + -0.20650omega + -0.04100theta^2 + 0.02790theta omega + -0.17924omega^2 + -0.16445theta^3 + -0.03424theta^2 omega + 0.03065theta omega^2 + 0.00126omega^3
    Eq omega Phys: 0.005147*omega**3 + 0.004173*omega**2*theta - 0.10023*omega**2 - 0.000155*omega*theta**2 + 0.002882*omega*theta - 0.020058*omega - 2.5e-5*theta**3 + 0.000593*theta**2 - 0.005101*theta + 0.016068

--- Chunk 19134 (215/220) | Start: 2024-10-25 10:55:00 ---
    RMSE omega (GP): 0.003586 | RMSE omega (Sim): 0.092691
    Loss: 5.6654 | Epoch: 7215
    Eq omega: 0.023121 + -0.95530theta + 0.04111omega + 0.35787theta^2 + 0.01194theta omega + 0.02024omega^2 + -0.04384theta^3 + 0.03047theta^2 omega + -0.01802theta omega^2 + 0.00322omega^3
    Eq omega Phys: 0.013432*omega**3 - 0.002506*omega**2*theta + 0.013905*omega**2 + 0.000141*omega*theta**2 - 0.000568*omega*theta + 0.001903*omega - 7.0e-6*theta**3 + 0.0002*theta**2 - 0.001945*theta + 0.003828

--- Chunk 19135 (216/220) | Start: 2024-10-25 11:00:00 ---
    RMSE omega (GP): 0.004641 | RMSE omega (Sim): 0.068721
    Loss: 18.8476 | Epoch: 9999
    Eq omega: 0.006081 + -0.00819theta + -0.03298omega + 0.00002theta^2 + -0.02005theta omega + -0.01246omega^2 + -0.00032theta^3 + 0.00114theta^2 omega + -0.00457theta omega^2 + -0.00218omega^3
    Eq omega Phys: -0.013012*omega**3 - 0.000909*omega**2*theta + 0.008722*omega**2 + 8.0e-6*omega*theta**2 - 0.000536*omega*theta + 0.005447*omega + 3.0e-6*theta**2 - 6.2e-5*theta + 0.000435

--- Chunk 19136 (217/220) | Start: 2024-10-25 11:05:00 ---
    RMSE omega (GP): 0.004653 | RMSE omega (Sim): 0.117983
    Loss: 6.4256 | Epoch: 6526
    Eq omega: 0.054651 + -0.39392theta + 0.00490omega + -0.13040theta^2 + 0.10321theta omega + 0.13894omega^2 + -0.32006theta^3 + -0.01531theta^2 omega + -0.00762theta omega^2 + 0.00631omega^3
    Eq omega Phys: 0.019199*omega**3 - 0.000773*omega**2*theta + 0.041989*omega**2 - 5.2e-5*omega*theta**2 + 0.000793*omega*theta + 0.002924*omega - 3.6e-5*theta**3 - 0.000362*theta**2 - 0.001632*theta - 0.002384

--- Chunk 19137 (218/220) | Start: 2024-10-25 11:10:00 ---
       (h = step size). solver will continue anyway  
      in above,  r1 =  0.4412088686473D+01   r2 =  0.2960817602209D-15
 lsoda--  warning..internal t (=r1) and h (=r2) are  
       such that in the machine, t + h = t on the next step  
       (h = step size). solver will continue anyway  
      in above,  r1 =  0.4412088686473D+01   r2 =  0.2960817602209D-15
 lsoda--  warning..internal t (=r1) and h (=r2) are  
       such that in the machine, t + h = t on the next step  
       (h = step size). solver will continue anyway  
      in above,  r1 =  0.4412088686473D+01   r2 =  0.2960817602209D-15
 lsoda--  warning..internal t (=r1) and h (=r2) are  
       such that in the machine, t + h = t on the next step  
       (h = step size). solver will continue anyway  
      in above,  r1 =  0.4412088686473D+01   r2 =  0.2433396524089D-15
 lsoda--  above warning has been issued i1 times.    
       it will not be issued again for this problem  
      in above message,  i1 =        10
 lsoda--  warning..internal t (=r1) and h (=r2) are  
       such that in the machine, t + h = t on the next step  
       (h = step size). solver will continue anyway  
      in above,  r1 =  0.9333733641353D+01   r2 =  0.7329057029296D-15
 lsoda--  warning..internal t (=r1) and h (=r2) are  
       such that in the machine, t + h = t on the next step  
       (h = step size). solver will continue anyway  
      in above,  r1 =  0.9333733641353D+01   r2 =  0.7329057029296D-15
 lsoda--  warning..internal t (=r1) and h (=r2) are  
       such that in the machine, t + h = t on the next step  
       (h = step size). solver will continue anyway  
      in above,  r1 =  0.9333733641353D+01   r2 =  0.7329057029296D-15
 lsoda--  warning..internal t (=r1) and h (=r2) are  
       such that in the machine, t + h = t on the next step  
       (h = step size). solver will continue anyway  
      in above,  r1 =  0.9333733641353D+01   r2 =  0.6023505728025D-15
 lsoda--  warning..internal t (=r1) and h (=r2) are  
       such that in the machine, t + h = t on the next step  
       (h = step size). solver will continue anyway  
      in above,  r1 =  0.9333733641353D+01   r2 =  0.6023505728025D-15
 lsoda--  warning..internal t (=r1) and h (=r2) are  
       such that in the machine, t + h = t on the next step  
       (h = step size). solver will continue anyway  
      in above,  r1 =  0.9333733641353D+01   r2 =  0.6023505728025D-15
 lsoda--  warning..internal t (=r1) and h (=r2) are  
       such that in the machine, t + h = t on the next step  
       (h = step size). solver will continue anyway  
      in above,  r1 =  0.9333733641353D+01   r2 =  0.4950516980153D-15
 lsoda--  warning..internal t (=r1) and h (=r2) are  
       such that in the machine, t + h = t on the next step  
       (h = step size). solver will continue anyway  
      in above,  r1 =  0.9333733641353D+01   r2 =  0.4950516980153D-15
 lsoda--  warning..internal t (=r1) and h (=r2) are  
       such that in the machine, t + h = t on the next step  
       (h = step size). solver will continue anyway  
      in above,  r1 =  0.9333733641353D+01   r2 =  0.4950516980153D-15
 lsoda--  warning..internal t (=r1) and h (=r2) are  
       such that in the machine, t + h = t on the next step  
       (h = step size). solver will continue anyway  
      in above,  r1 =  0.9333733641353D+01   r2 =  0.4068663581247D-15
 lsoda--  above warning has been issued i1 times.    
       it will not be issued again for this problem  
      in above message,  i1 =        10
 lsoda--  warning..internal t (=r1) and h (=r2) are  
       such that in the machine, t + h = t on the next step  
       (h = step size). solver will continue anyway  
      in above,  r1 =  0.3060714476871D+01   r2 =  0.2167182384070D-15
 lsoda--  warning..internal t (=r1) and h (=r2) are  
       such that in the machine, t + h = t on the next step  
       (h = step size). solver will continue anyway  
      in above,  r1 =  0.3060714476871D+01   r2 =  0.2167182384070D-15
 lsoda--  warning..internal t (=r1) and h (=r2) are  
       such that in the machine, t + h = t on the next step  
    RMSE omega (GP): 0.003376 | RMSE omega (Sim): nan
    Loss: 8.5591 | Epoch: 7277
    Eq omega: 0.047161 + -0.03195theta + -0.06996omega + -0.03629theta^2 + 0.18460theta omega + -0.13849omega^2 + -0.14649theta^3 + -0.04927theta^2 omega + 0.01644theta omega^2 + 0.10391omega^3
    Eq omega Phys: 0.635481*omega**3 + 0.003351*omega**2*theta - 0.049059*omega**2 - 0.000335*omega*theta**2 + 8.7e-5*omega*theta + 0.003426*omega - 3.3e-5*theta**3 - 0.000418*theta**2 - 0.00179*theta - 0.002475

--- Chunk 19138 (219/220) | Start: 2024-10-25 11:15:00 ---
    RMSE omega (GP): 0.004390 | RMSE omega (Sim): 0.156982
    Loss: 16.9786 | Epoch: 6443
    Eq omega: -0.053661 + 0.00381theta + 0.02701omega + -0.07773theta^2 + -0.07018theta omega + 0.06728omega^2 + -0.02205theta^3 + 0.00278theta^2 omega + 0.01017theta omega^2 + -0.01958omega^3
    Eq omega Phys: -0.118512*omega**3 + 0.002052*omega**2*theta + 0.043918*omega**2 + 1.9e-5*omega*theta**2 - 0.000801*omega*theta - 0.005281*omega - 5.0e-6*theta**3 - 0.000138*theta**2 - 0.001175*theta - 0.003304

--- Chunk 19139 (220/220) | Start: 2024-10-25 11:20:00 ---
    RMSE omega (GP): 0.003496 | RMSE omega (Sim): 0.204688
    Loss: 8.3908 | Epoch: 7870
    Eq omega: -0.013541 + -0.16782theta + -0.05787omega + 0.10932theta^2 + -0.03616theta omega + -0.05127omega^2 + 0.00284theta^3 + -0.01314theta^2 omega + -0.03452theta omega^2 + 0.02869omega^3
    Eq omega Phys: 0.164022*omega**3 - 0.006578*omega**2*theta - 0.068785*omega**2 - 8.3e-5*omega*theta**2 - 0.001704*omega*theta - 0.009794*omega + 1.0e-6*theta**3 + 6.6e-5*theta**2 + 0.000651*theta + 0.0015

  [Progress 220/220] Mean RMSE omega (GP): 0.005109 | (Sim): 0.103788 | Mean loss: -1822704035.1649 | Valid GP: 209/220 | Valid Sim: 194/220 | Elapsed: 696.7min | ETA: 0.0min

============================================================
EVALUATION COMPLETE — Chunks [18920, 19139]
============================================================
Chunks processed: 220
Chunks succeeded GP:  209 (95.0%)
Chunks succeeded Sim: 194 (88.2%)
Mean GP RMSE omega:   0.005109 ± 0.002847
Mean SIM RMSE omega:  0.103788 ± 0.045037
Mean Loss:            -1822704035.1649 ± 17072818381.6557
Elapsed time:     696.7 minutes

Per-chunk CSV: /pfs/data6/home/ka/ka_iai/ka_bj2362/dsr/svise/results_5min_all_chunks/run_SLURM_3718515/chunks_18920_to_19139_20260320_224927.csv
Summary JSON:  /pfs/data6/home/ka/ka_iai/ka_bj2362/dsr/svise/results_5min_all_chunks/run_SLURM_3718515/summary_18920_to_19139_20260320_224927.json
============================================================
       (h = step size). solver will continue anyway  
      in above,  r1 =  0.3060714476871D+01   r2 =  0.2167182384070D-15
 lsoda--  warning..internal t (=r1) and h (=r2) are  
       such that in the machine, t + h = t on the next step  
       (h = step size). solver will continue anyway  
      in above,  r1 =  0.3060714476871D+01   r2 =  0.1781134398579D-15
 lsoda--  warning..internal t (=r1) and h (=r2) are  
       such that in the machine, t + h = t on the next step  
       (h = step size). solver will continue anyway  
      in above,  r1 =  0.3060714476871D+01   r2 =  0.1781134398579D-15
 lsoda--  warning..internal t (=r1) and h (=r2) are  
       such that in the machine, t + h = t on the next step  
       (h = step size). solver will continue anyway  
      in above,  r1 =  0.3060714476871D+01   r2 =  0.1781134398579D-15
 lsoda--  warning..internal t (=r1) and h (=r2) are  
       such that in the machine, t + h = t on the next step  
       (h = step size). solver will continue anyway  
      in above,  r1 =  0.3060714476871D+01   r2 =  0.1463854528196D-15
 lsoda--  warning..internal t (=r1) and h (=r2) are  
       such that in the machine, t + h = t on the next step  
       (h = step size). solver will continue anyway  
      in above,  r1 =  0.3060714476871D+01   r2 =  0.1463854528196D-15
 lsoda--  warning..internal t (=r1) and h (=r2) are  
       such that in the machine, t + h = t on the next step  
       (h = step size). solver will continue anyway  
      in above,  r1 =  0.3060714476871D+01   r2 =  0.1463854528196D-15
 lsoda--  warning..internal t (=r1) and h (=r2) are  
       such that in the machine, t + h = t on the next step  
       (h = step size). solver will continue anyway  
      in above,  r1 =  0.3060714476871D+01   r2 =  0.1203092861028D-15
 lsoda--  above warning has been issued i1 times.    
       it will not be issued again for this problem  
      in above message,  i1 =        10

============================= JOB FEEDBACK =============================

NodeName=uc3n091
Job ID: 3718673
Array Job ID: 3718515_86
Cluster: uc3
User/Group: ka_bj2362/ka_iai
State: COMPLETED (exit code 0)
Nodes: 1
Cores per node: 4
CPU Utilized: 11:31:55
CPU Efficiency: 24.81% of 1-22:28:48 core-walltime
Job Wall-clock time: 11:37:12
Memory Utilized: 1.42 GB
Memory Efficiency: 11.82% of 12.00 GB (12.00 GB/node)
