Array task 411: processing chunks 90420 to 90639
Loading data from /pfs/data6/home/ka/ka_iai/ka_bj2362/dsr/svise/../dataset/South_Korea_2024-08-15_2025-08-31_1s.parquet...
Finding all valid 5-minute chunks in the dataset...
Found 107059 valid 5-minute chunks in total.

============================================================
SVISE FINAL EVALUATION — ALL CHUNKS
============================================================
Hyperparameters: {
  "model": "integrator",
  "sigma": 0,
  "degree": 3,
  "tau": 0.5,
  "lr": 0.001,
  "n_tau": 200,
  "measurement_noise": 0.0001,
  "n_reparam_samples": 15
}
Total valid chunks in dataset: 107059
Processing chunk range: [90420, 90639] (220 chunks)
Early stopping: patience=300, max_epochs=10000
============================================================


--- Chunk 90420 (1/220) | Start: 2025-07-05 01:35:00 ---
/pfs/data6/home/ka/ka_iai/ka_bj2362/dsr/svise/svise/sde_learning/_marginal_sde.py:284: UserWarning: torch.triangular_solve is deprecated in favor of torch.linalg.solve_triangularand will be removed in a future PyTorch release.
torch.linalg.solve_triangular has its arguments reversed and does not return a copy of one of the inputs.
X = torch.triangular_solve(B, A).solution
should be replaced with
X = torch.linalg.solve_triangular(A, B). (Triggered internally at ../aten/src/ATen/native/BatchLinearAlgebra.cpp:2192.)
  return torch.triangular_solve(self.raw_w, self.C.t()).solution
/pfs/data6/home/ka/ka_iai/ka_bj2362/dsr/svise/svise/quadrature/_unbiased_quadrature.py:196: UserWarning: Interp is nan, reducing interp degree.
  warnings.warn("Interp is nan, reducing interp degree.")
    RMSE omega (GP): 0.003504 | RMSE omega (Sim): 0.056295
    Loss: 18.7551 | Epoch: 9999
    Eq omega: -0.000911 + -0.00830theta + -0.00969omega + -0.00063theta^2 + 0.01138theta omega + -0.01258omega^2 + -0.00041theta^3 + 0.00013theta^2 omega + -0.00536theta omega^2 + -0.00014omega^3
    Eq omega Phys: -0.001519*omega**3 - 0.001938*omega**2*theta - 0.024615*omega**2 + 2.0e-6*omega*theta**2 + 0.000256*omega*theta + 0.001805*omega - 5.0e-6*theta**2 - 5.5e-5*theta - 0.000228

--- Chunk 90421 (2/220) | Start: 2025-07-05 01:40:00 ---
    RMSE omega (GP): 0.003047 | RMSE omega (Sim): 0.146745
    Loss: 15.2977 | Epoch: 5710
    Eq omega: 0.041051 + -0.05132theta + 0.04169omega + 0.05412theta^2 + -0.02440theta omega + -0.01487omega^2 + -0.00992theta^3 + -0.00586theta^2 omega + 0.00938theta omega^2 + 0.02750omega^3
    Eq omega Phys: 0.329893*omega**3 + 0.003751*omega**2*theta + 0.015755*omega**2 - 7.8e-5*omega*theta**2 - 0.001562*omega*theta - 0.005574*omega - 4.0e-6*theta**3 - 5.1e-5*theta**2 - 0.000142*theta + 7.0e-5

--- Chunk 90422 (3/220) | Start: 2025-07-05 01:45:00 ---
    RMSE omega (GP): 0.003115 | RMSE omega (Sim): 0.133833
    Loss: 11.7466 | Epoch: 9999
    Eq omega: -0.144061 + 0.00877theta + -0.20914omega + -0.03813theta^2 + -0.11111theta omega + 0.00384omega^2 + -0.03674theta^3 + 0.00120theta^2 omega + 0.01661theta omega^2 + -0.00034omega^3
    Eq omega Phys: -0.003194*omega**3 + 0.005201*omega**2*theta + 0.04582*omega**2 + 1.3e-5*omega*theta**2 - 0.001862*omega*theta - 0.023491*omega - 1.3e-5*theta**3 - 0.000346*theta**2 - 0.003092*theta - 0.009444

--- Chunk 90423 (4/220) | Start: 2025-07-05 01:50:00 ---
    RMSE omega (GP): 0.003003 | RMSE omega (Sim): 0.086771
    Loss: 9.3968 | Epoch: 7318
    Eq omega: -0.152861 + -0.13226theta + 0.09566omega + 0.08053theta^2 + 0.13295theta omega + -0.00405omega^2 + -0.07237theta^3 + 0.03668theta^2 omega + -0.07120theta omega^2 + -0.06551omega^3
    Eq omega Phys: -0.514589*omega**3 - 0.018643*omega**2*theta - 0.089417*omega**2 + 0.00032*omega*theta**2 + 0.005268*omega*theta + 0.020841*omega - 2.1e-5*theta**3 - 0.00025*theta**2 - 0.001104*theta - 0.002181

--- Chunk 90424 (5/220) | Start: 2025-07-05 01:55:00 ---
    RMSE omega (GP): 0.004682 | RMSE omega (Sim): 0.067516
    Loss: 6.4626 | Epoch: 9999
    Eq omega: 0.058921 + -0.48040theta + -0.23533omega + -0.01730theta^2 + -0.00211theta omega + -0.11852omega^2 + -0.00989theta^3 + 0.00258theta^2 omega + -0.01130theta omega^2 + -0.08521omega^3
    Eq omega Phys: -0.263803*omega**3 - 0.001166*omega**2*theta - 0.025097*omega**2 + 9.0e-6*omega*theta**2 - 0.00022*omega*theta - 0.006494*omega - 1.0e-6*theta**3 + 3.2e-5*theta**2 - 0.000818*theta + 0.006941

--- Chunk 90425 (6/220) | Start: 2025-07-05 02:00:00 ---
/pfs/data6/home/ka/ka_iai/ka_bj2362/dsr/svise/svise/quadrature/_unbiased_quadrature.py:174: UserWarning: NaN detected in fxq (quadrature node evaluations). Clamping to 0.
  warnings.warn("NaN detected in fxq (quadrature node evaluations). Clamping to 0.")
/pfs/data6/home/ka/ka_iai/ka_bj2362/dsr/svise/svise/quadrature/_unbiased_quadrature.py:177: UserWarning: NaN detected in fmc (Monte-Carlo node evaluations). Clamping to 0.
  warnings.warn("NaN detected in fmc (Monte-Carlo node evaluations). Clamping to 0.")
    RMSE omega (GP): nan | RMSE omega (Sim): nan
    Loss: 44594.2734 | Epoch: 5
    Eq omega: nan1 + nantheta + nanomega + nantheta^2 + nantheta omega + nanomega^2 + nantheta^3 + nantheta^2 omega + nantheta omega^2 + nanomega^3
    Eq omega Phys: N/A

--- Chunk 90426 (7/220) | Start: 2025-07-05 02:05:00 ---
/pfs/data6/home/ka/ka_iai/ka_bj2362/dsr/svise/run_analysis_5min_all_chunks.py:212: ODEintWarning: Excess work done on this call (perhaps wrong Dfun type). Run with full_output = 1 to get quantitative information.
  sol_scaled = odeint(drift, x0_scaled, t_scaled, full_output=False)
    RMSE omega (GP): 0.005361 | RMSE omega (Sim): nan
    Loss: 28.8125 | Epoch: 9999
    Eq omega: 0.028921 + -0.01305theta + 0.14038omega + 0.01384theta^2 + -0.02016theta omega + -0.04501omega^2 + -0.00063theta^3 + 0.00036theta^2 omega + 0.00861theta omega^2 + 0.00434omega^3
    Eq omega Phys: 0.030246*omega**3 + 0.002*omega**2*theta + 0.008423*omega**2 + 3.0e-6*omega*theta**2 - 0.00024*omega*theta + 0.000434*omega + 9.8e-5*theta + 0.000974

--- Chunk 90427 (8/220) | Start: 2025-07-05 02:10:00 ---
    RMSE omega (GP): 0.005083 | RMSE omega (Sim): 0.067239
    Loss: 30.5955 | Epoch: 7595
    Eq omega: -0.012611 + -0.02567theta + -0.02028omega + -0.00435theta^2 + -0.00720theta omega + 0.01171omega^2 + -0.00049theta^3 + 0.00033theta^2 omega + 0.00475theta omega^2 + 0.01318omega^3
    Eq omega Phys: 0.111493*omega**3 + 0.001339*omega**2*theta - 0.010979*omega**2 + 3.0e-6*omega*theta**2 - 0.000207*omega*theta + 0.001472*omega + 3.0e-6*theta**2 - 3.9e-5*theta + 0.000242

--- Chunk 90428 (9/220) | Start: 2025-07-05 02:15:00 ---
    RMSE omega (GP): 0.003105 | RMSE omega (Sim): 0.075210
    Loss: 8.4116 | Epoch: 6445
    Eq omega: -0.449501 + 0.00438theta + -0.36783omega + -0.03832theta^2 + 0.03455theta omega + 0.04633omega^2 + -0.03390theta^3 + 0.00191theta^2 omega + 0.00287theta omega^2 + -0.06119omega^3
    Eq omega Phys: -0.461316*omega**3 + 0.000721*omega**2*theta + 0.027859*omega**2 + 1.6e-5*omega*theta**2 + 0.000783*omega*theta - 0.007892*omega - 9.0e-6*theta**3 - 0.000204*theta**2 - 0.001441*theta - 0.004356

--- Chunk 90429 (10/220) | Start: 2025-07-05 02:20:00 ---
    RMSE omega (GP): 0.004479 | RMSE omega (Sim): 0.085162
    Loss: 17.0369 | Epoch: 9999
    Eq omega: -0.068871 + -0.01853theta + -0.13597omega + 0.02610theta^2 + 0.03386theta omega + -0.07232omega^2 + -0.00242theta^3 + 0.00099theta^2 omega + 0.01092theta omega^2 + -0.00452omega^3
    Eq omega Phys: -0.028255*omega**3 + 0.002275*omega**2*theta - 0.054581*omega**2 + 7.0e-6*omega*theta**2 + 0.000385*omega*theta - 0.008798*omega - 0.e-6*theta**3 + 2.9e-5*theta**2 - 0.000423*theta + 0.001694

--- Chunk 90430 (11/220) | Start: 2025-07-05 02:25:00 ---
    RMSE omega (GP): 0.003026 | RMSE omega (Sim): 0.058911
    Loss: 7.4690 | Epoch: 5383
    Eq omega: -0.030101 + -2.02334theta + -0.39288omega + -0.22078theta^2 + -0.04969theta omega + 0.14504omega^2 + 0.01569theta^3 + -0.07196theta^2 omega + 0.03429theta omega^2 + -0.06620omega^3
    Eq omega Phys: -0.486007*omega**3 + 0.008391*omega**2*theta + 0.024298*omega**2 - 0.000587*omega*theta**2 + 0.005819*omega*theta - 0.027233*omega + 4.0e-6*theta**3 - 0.000194*theta**2 - 0.000466*theta + 0.007993

--- Chunk 90431 (12/220) | Start: 2025-07-05 02:30:00 ---
    RMSE omega (GP): 0.003232 | RMSE omega (Sim): 0.069778
    Loss: 9.5153 | Epoch: 8329
    Eq omega: -0.060841 + -0.00930theta + 0.00203omega + -0.03491theta^2 + -0.00458theta omega + -0.00908omega^2 + -0.01412theta^3 + -0.00020theta^2 omega + -0.00912theta omega^2 + -0.01287omega^3
    Eq omega Phys: -0.093787*omega**3 - 0.002215*omega**2*theta + 0.01231*omega**2 - 2.0e-6*omega*theta**2 - 5.1e-5*omega*theta + 0.000545*omega - 4.0e-6*theta**3 + 6.8e-5*theta**2 - 0.000377*theta + 0.000501

--- Chunk 90432 (13/220) | Start: 2025-07-05 02:35:00 ---
    RMSE omega (GP): 0.003970 | RMSE omega (Sim): 0.051612
    Loss: 46.6053 | Epoch: 9999
    Eq omega: 0.008891 + 0.00166theta + 0.00236omega + -0.00044theta^2 + 0.00006theta omega + 0.00204omega^2 + 0.00001theta^3 + -0.00019theta^2 omega + -0.00049theta omega^2 + -0.00003omega^3
    Eq omega Phys: -0.000572*omega**3 - 0.000312*omega**2*theta + 0.006139*omega**2 - 4.0e-6*omega*theta**2 + 0.000118*omega*theta - 0.000789*omega - 0.e-6*theta**2 + 1.8e-5*theta - 0.000118

--- Chunk 90433 (14/220) | Start: 2025-07-05 02:40:00 ---
    RMSE omega (GP): 0.002959 | RMSE omega (Sim): 0.085213
    Loss: 4.2016 | Epoch: 6463
    Eq omega: -0.081801 + -0.32453theta + -0.02810omega + -0.03649theta^2 + -0.20780theta omega + 0.06206omega^2 + -0.12441theta^3 + 0.02262theta^2 omega + -0.02077theta omega^2 + -0.05047omega^3
    Eq omega Phys: -0.282634*omega**3 - 0.003877*omega**2*theta + 0.042877*omega**2 + 0.000141*omega*theta**2 - 0.004159*omega*theta + 0.013879*omega - 2.6e-5*theta**3 + 0.000303*theta**2 - 0.001544*theta + 0.002818

--- Chunk 90434 (15/220) | Start: 2025-07-05 02:45:00 ---
    RMSE omega (GP): 0.005140 | RMSE omega (Sim): 0.144923
    Loss: 19.7890 | Epoch: 9999
    Eq omega: 0.007791 + -0.00316theta + -0.01639omega + -0.00033theta^2 + -0.00174theta omega + -0.00176omega^2 + -0.00009theta^3 + -0.00167theta^2 omega + -0.00135theta omega^2 + -0.00902omega^3
    Eq omega Phys: -0.046765*omega**3 - 0.000233*omega**2*theta + 0.00179*omega**2 - 1.0e-5*omega*theta**2 + 0.000184*omega*theta - 0.00141*omega - 6.0e-6*theta + 6.3e-5

--- Chunk 90435 (16/220) | Start: 2025-07-05 02:50:00 ---
    RMSE omega (GP): 0.006293 | RMSE omega (Sim): 0.080718
    Loss: 4.4345 | Epoch: 9999
    Eq omega: -0.001771 + -0.12918theta + 0.00889omega + -0.09849theta^2 + -0.04767theta omega + 0.11157omega^2 + -0.01143theta^3 + -0.00901theta^2 omega + 0.02520theta omega^2 + -0.02096omega^3
    Eq omega Phys: -0.02759*omega**3 + 0.001106*omega**2*theta + 0.018986*omega**2 - 1.3e-5*omega*theta**2 - 0.000228*omega*theta + 0.001409*omega - 0.e-6*theta**3 - 1.6e-5*theta**2 + 1.2e-5*theta + 0.000234

--- Chunk 90436 (17/220) | Start: 2025-07-05 02:55:00 ---
    RMSE omega (GP): 0.008065 | RMSE omega (Sim): 0.047515
    Loss: 23.3131 | Epoch: 9999
    Eq omega: 0.060411 + -0.10168theta + -0.07536omega + 0.02675theta^2 + 0.00911theta omega + -0.00981omega^2 + -0.00466theta^3 + -0.00079theta^2 omega + 0.00213theta omega^2 + -0.02054omega^3
    Eq omega Phys: -0.05273*omega**3 + 0.000182*omega**2*theta - 6.6e-5*omega**2 - 2.0e-6*omega*theta**2 + 2.0e-5*omega*theta - 0.001679*omega - 1.2e-5*theta**2 - 0.00016*theta - 0.001064

--- Chunk 90437 (18/220) | Start: 2025-07-05 03:00:00 ---
    RMSE omega (GP): 0.005732 | RMSE omega (Sim): 0.061539
    Loss: 12.8774 | Epoch: 9999
    Eq omega: -0.128611 + -0.06410theta + -0.04405omega + 0.00278theta^2 + -0.06590theta omega + -0.04208omega^2 + -0.01987theta^3 + -0.01894theta^2 omega + 0.08987theta omega^2 + -0.05514omega^3
    Eq omega Phys: -0.174124*omega**3 + 0.00946*omega**2*theta + 0.155384*omega**2 - 6.6e-5*omega*theta**2 - 0.003088*omega*theta - 0.035422*omega - 2.0e-6*theta**3 - 0.000124*theta**2 - 0.002261*theta - 0.014652

--- Chunk 90438 (19/220) | Start: 2025-07-05 03:05:00 ---
    RMSE omega (GP): 0.003588 | RMSE omega (Sim): 0.095775
    Loss: 2.3426 | Epoch: 9999
    Eq omega: 0.082971 + -0.03504theta + -0.03353omega + -0.09098theta^2 + 0.02411theta omega + -0.02247omega^2 + -0.21258theta^3 + -0.05388theta^2 omega + -0.11623theta omega^2 + -0.06751omega^3
    Eq omega Phys: -0.190798*omega**3 - 0.01095*omega**2*theta + 0.078776*omega**2 - 0.000169*omega*theta**2 + 0.002894*omega*theta - 0.013405*omega - 2.2e-5*theta**3 + 0.000491*theta**2 - 0.00364*theta + 0.009364

--- Chunk 90439 (20/220) | Start: 2025-07-05 03:10:00 ---
    RMSE omega (GP): 0.003797 | RMSE omega (Sim): 0.066550
    Loss: 24.0737 | Epoch: 9999
    Eq omega: 0.021231 + -0.00826theta + 0.04196omega + -0.00079theta^2 + 0.00123theta omega + 0.01083omega^2 + -0.00123theta^3 + -0.00042theta^2 omega + 0.00280theta omega^2 + -0.00071omega^3
    Eq omega Phys: -0.007738*omega**3 + 0.001017*omega**2*theta - 0.010097*omega**2 - 5.0e-6*omega*theta**2 + 0.000191*omega*theta - 0.000364*omega + 2.4e-5*theta**2 - 0.00039*theta + 0.002215

--- Chunk 90440 (21/220) | Start: 2025-07-05 03:15:00 ---
    RMSE omega (GP): 0.004350 | RMSE omega (Sim): 0.087818
    Loss: 20.4381 | Epoch: 8648
    Eq omega: 0.047691 + -0.00098theta + -0.06367omega + -0.00026theta^2 + -0.00402theta omega + 0.01083omega^2 + -0.00148theta^3 + -0.00237theta^2 omega + -0.00034theta omega^2 + 0.00554omega^3
    Eq omega Phys: 0.042734*omega**3 - 8.7e-5*omega**2*theta + 0.004726*omega**2 - 2.0e-5*omega*theta**2 - 0.000424*omega*theta - 0.004274*omega - 1.1e-5*theta**2 - 0.000101*theta - 0.0002

--- Chunk 90441 (22/220) | Start: 2025-07-05 03:20:00 ---
    RMSE omega (GP): 0.002869 | RMSE omega (Sim): 0.066037
    Loss: 6.4501 | Epoch: 8060
    Eq omega: -0.016111 + -0.07973theta + 0.04139omega + 0.00118theta^2 + 0.00429theta omega + 0.00075omega^2 + -0.04000theta^3 + 0.02305theta^2 omega + -0.01398theta omega^2 + -0.01979omega^3
    Eq omega Phys: -0.138268*omega**3 - 0.003256*omega**2*theta + 0.012247*omega**2 + 0.000179*omega*theta**2 - 0.001237*omega*theta + 0.003512*omega - 1.0e-5*theta**3 + 0.000114*theta**2 - 0.000507*theta + 0.000798

--- Chunk 90442 (23/220) | Start: 2025-07-05 03:25:00 ---
    RMSE omega (GP): 0.003129 | RMSE omega (Sim): 0.120599
    Loss: 7.3615 | Epoch: 8868
    Eq omega: -0.092161 + -0.17139theta + 0.05766omega + 0.18585theta^2 + 0.01365theta omega + 0.01905omega^2 + -0.00879theta^3 + 0.01057theta^2 omega + -0.01429theta omega^2 + -0.01664omega^3
    Eq omega Phys: -0.106076*omega**3 - 0.003037*omega**2*theta - 0.021063*omega**2 + 7.5e-5*omega*theta**2 + 0.001681*omega*theta + 0.011216*omega - 2.0e-6*theta**3 + 3.4e-5*theta**2 + 0.001079*theta + 0.005131

--- Chunk 90443 (24/220) | Start: 2025-07-05 03:30:00 ---
    RMSE omega (GP): 0.002812 | RMSE omega (Sim): 0.066292
    Loss: 7.7151 | Epoch: 6969
    Eq omega: 0.005041 + -0.00124theta + -0.09403omega + -0.01711theta^2 + 0.02579theta omega + -0.02467omega^2 + -0.03465theta^3 + -0.00121theta^2 omega + -0.04870theta omega^2 + 0.01140omega^3
    Eq omega Phys: 0.098406*omega**3 - 0.014013*omega**2*theta - 0.076059*omega**2 - 1.2e-5*omega*theta**2 + 0.000357*omega*theta - 0.0013*omega - 1.1e-5*theta**3 - 0.000159*theta**2 - 0.000761*theta - 0.001199

--- Chunk 90444 (25/220) | Start: 2025-07-05 03:35:00 ---
    RMSE omega (GP): 0.006124 | RMSE omega (Sim): nan
    Loss: 86.0194 | Epoch: 9999
    Eq omega: -0.060821 + -0.02419theta + -0.00561omega + 0.00002theta^2 + 0.01080theta omega + 0.00967omega^2 + -0.00372theta^3 + 0.00024theta^2 omega + 0.03636theta omega^2 + 0.00927omega^3
    Eq omega Phys: 0.138957*omega**3 + 0.018168*omega**2*theta - 0.319147*omega**2 + 4.0e-6*omega*theta**2 + 0.000111*omega*theta - 0.003466*omega - 2.0e-6*theta**3 + 0.000111*theta**2 - 0.002022*theta + 0.012322

--- Chunk 90445 (26/220) | Start: 2025-07-05 03:40:00 ---
    RMSE omega (GP): 0.003902 | RMSE omega (Sim): 0.069467
    Loss: 9.3605 | Epoch: 7195
    Eq omega: 0.159031 + -0.16379theta + -0.04900omega + 0.04122theta^2 + -0.00438theta omega + 0.02643omega^2 + -0.00456theta^3 + -0.01786theta^2 omega + 0.01392theta omega^2 + -0.00056omega^3
    Eq omega Phys: -0.003006*omega**3 + 0.002491*omega**2*theta + 0.035331*omega**2 - 0.000107*omega*theta**2 - 0.002128*omega*theta - 0.012247*omega - 0.e-6*theta**3 - 7.0e-6*theta**2 - 6.2e-5*theta - 0.000352

--- Chunk 90446 (27/220) | Start: 2025-07-05 03:45:00 ---
    RMSE omega (GP): 0.003536 | RMSE omega (Sim): nan
    Loss: 36.6075 | Epoch: 9999
    Eq omega: 0.042431 + -0.00465theta + 0.10265omega + -0.00086theta^2 + 0.00172theta omega + 0.00617omega^2 + 0.00030theta^3 + 0.00032theta^2 omega + 0.00369theta omega^2 + 0.00005omega^3
    Eq omega Phys: 0.000923*omega**3 + 0.002271*omega**2*theta - 0.019697*omega**2 + 7.0e-6*omega*theta**2 - 9.7e-5*omega*theta + 0.003702*omega - 7.0e-6*theta**2 + 8.3e-5*theta - 0.00023

--- Chunk 90447 (28/220) | Start: 2025-07-05 03:50:00 ---
    RMSE omega (GP): 0.003338 | RMSE omega (Sim): 0.103551
    Loss: 8.4096 | Epoch: 7881
    Eq omega: -0.006631 + -0.18769theta + -0.01986omega + -0.03848theta^2 + -0.01619theta omega + -0.03717omega^2 + 0.00106theta^3 + 0.00755theta^2 omega + -0.01507theta omega^2 + -0.01197omega^3
    Eq omega Phys: -0.069028*omega**3 - 0.002897*omega**2*theta - 0.026116*omega**2 + 4.8e-5*omega*theta**2 + 9.1e-5*omega*theta - 0.000908*omega - 1.6e-5*theta**2 - 0.000328*theta - 0.00093

--- Chunk 90448 (29/220) | Start: 2025-07-05 03:55:00 ---
    RMSE omega (GP): 0.004556 | RMSE omega (Sim): 0.169869
    Loss: 3.9475 | Epoch: 9999
    Eq omega: 0.744471 + -0.05020theta + 0.05632omega + 0.24809theta^2 + -0.01203theta omega + -0.80350omega^2 + -0.13089theta^3 + -0.08585theta^2 omega + 0.49694theta omega^2 + 0.02830omega^3
    Eq omega Phys: 0.068844*omega**3 + 0.040296*omega**2*theta - 0.098114*omega**2 - 0.000232*omega*theta**2 - 0.001619*omega*theta - 0.000934*omega - 1.2e-5*theta**3 - 3.6e-5*theta**2 + 8.1e-5*theta + 0.003147

--- Chunk 90449 (30/220) | Start: 2025-07-05 04:00:00 ---
    RMSE omega (GP): 0.003991 | RMSE omega (Sim): 0.100583
    Loss: 7.7336 | Epoch: 9999
    Eq omega: -0.029431 + -0.00069theta + -0.00109omega + -0.00617theta^2 + -0.00451theta omega + 0.02268omega^2 + -0.00062theta^3 + -0.00066theta^2 omega + 0.00184theta omega^2 + -0.03634omega^3
    Eq omega Phys: -0.155006*omega**3 + 0.000262*omega**2*theta + 0.009784*omega**2 - 3.0e-6*omega*theta**2 - 8.6e-5*omega*theta - 0.000373*omega - 4.0e-6*theta**2 - 3.2e-5*theta - 0.000158

--- Chunk 90450 (31/220) | Start: 2025-07-05 04:05:00 ---
    RMSE omega (GP): 0.007846 | RMSE omega (Sim): 0.063413
    Loss: 52.2145 | Epoch: 9999
    Eq omega: 0.051521 + -0.03140theta + 0.01503omega + 0.00504theta^2 + 0.00251theta omega + 0.00954omega^2 + -0.00041theta^3 + -0.00041theta^2 omega + 0.00025theta omega^2 + -0.00076omega^3
    Eq omega Phys: -0.004462*omega**3 + 4.9e-5*omega**2*theta + 0.005436*omega**2 - 3.0e-6*omega*theta**2 - 9.6e-5*omega*theta - 0.00023*omega - 4.0e-6*theta**2 - 7.7e-5*theta - 0.000575

--- Chunk 90451 (32/220) | Start: 2025-07-05 04:10:00 ---
    RMSE omega (GP): 0.003875 | RMSE omega (Sim): nan
    Loss: 10.5074 | Epoch: 8662
    Eq omega: -0.137871 + -0.01487theta + 0.13161omega + -0.00837theta^2 + 0.00736theta omega + -0.07214omega^2 + -0.00375theta^3 + -0.00005theta^2 omega + -0.01185theta omega^2 + 0.02477omega^3
    Eq omega Phys: 0.136321*omega**3 - 0.002174*omega**2*theta - 0.050546*omega**2 + 0.0001*omega*theta + 0.005312*omega - 0.e-6*theta**3 - 2.5e-5*theta**2 - 0.000276*theta - 0.001397

--- Chunk 90452 (33/220) | Start: 2025-07-05 04:15:00 ---
    RMSE omega (GP): 0.004688 | RMSE omega (Sim): 0.038737
    Loss: 11.9935 | Epoch: 6245
    Eq omega: 0.045111 + -0.03430theta + -0.00895omega + 0.01443theta^2 + 0.00241theta omega + -0.11216omega^2 + -0.02566theta^3 + -0.00472theta^2 omega + 0.01204theta omega^2 + -0.03008omega^3
    Eq omega Phys: -0.12858*omega**3 + 0.001716*omega**2*theta - 0.053372*omega**2 - 2.2e-5*omega*theta**2 + 0.000319*omega*theta - 0.001421*omega - 4.0e-6*theta**3 + 8.4e-5*theta**2 - 0.00062*theta + 0.001709

--- Chunk 90453 (34/220) | Start: 2025-07-05 04:20:00 ---
    RMSE omega (GP): 0.003255 | RMSE omega (Sim): 0.042870
    Loss: 6.9582 | Epoch: 8863
    Eq omega: -0.062971 + -0.11110theta + -0.16295omega + 0.39892theta^2 + 0.03404theta omega + -0.08457omega^2 + -0.15388theta^3 + -0.06395theta^2 omega + 0.02046theta omega^2 + 0.01088omega^3
    Eq omega Phys: 0.064445*omega**3 + 0.00404*omega**2*theta - 0.020491*omega**2 - 0.000421*omega*theta**2 - 0.003056*omega*theta - 0.010829*omega - 3.4e-5*theta**3 - 0.000231*theta**2 - 0.000269*theta + 0.000289

--- Chunk 90454 (35/220) | Start: 2025-07-05 04:25:00 ---
    RMSE omega (GP): 0.003534 | RMSE omega (Sim): 0.094272
    Loss: 5.8446 | Epoch: 5921
    Eq omega: 0.009791 + -0.41971theta + -0.03590omega + -0.04291theta^2 + 0.00494theta omega + -0.08388omega^2 + -0.00793theta^3 + 0.00567theta^2 omega + -0.03328theta omega^2 + 0.00397omega^3
    Eq omega Phys: 0.019268*omega**3 - 0.005384*omega**2*theta + 0.008995*omega**2 + 3.1e-5*omega*theta**2 - 0.000419*omega*theta + 0.000204*omega - 1.0e-6*theta**3 + 1.5e-5*theta**2 - 0.000431*theta + 0.003233

--- Chunk 90455 (36/220) | Start: 2025-07-05 04:30:00 ---
    RMSE omega (GP): 0.004330 | RMSE omega (Sim): 0.082018
    Loss: 15.9890 | Epoch: 9999
    Eq omega: -0.086651 + -0.00637theta + 0.03404omega + -0.00120theta^2 + 0.00052theta omega + -0.01209omega^2 + -0.00011theta^3 + 0.00027theta^2 omega + 0.00068theta omega^2 + 0.00043omega^3
    Eq omega Phys: 0.002726*omega**3 + 0.000144*omega**2*theta - 0.004179*omega**2 + 2.0e-6*omega*theta**2 + 4.4e-5*omega*theta + 0.001386*omega - 1.0e-6*theta**2 - 2.6e-5*theta - 0.000357

--- Chunk 90456 (37/220) | Start: 2025-07-05 04:35:00 ---
    RMSE omega (GP): 0.014249 | RMSE omega (Sim): 0.032632
    Loss: 1265.8734 | Epoch: 9999
    Eq omega: 0.005131 + 0.00006theta + -0.00051omega + 0.00034theta^2 + -0.00019theta omega + 0.00072omega^2 + -0.00000theta^3 + -0.00004theta^2 omega + 0.00000theta omega^2 + -0.00000omega^3
    Eq omega Phys: 0.000836*omega**2 - 2.0e-6*omega*theta**2 - 0.000117*omega*theta - 0.001916*omega + 2.7e-5*theta + 0.000416

--- Chunk 90457 (38/220) | Start: 2025-07-05 04:40:00 ---
    RMSE omega (GP): 0.007316 | RMSE omega (Sim): 0.038370
    Loss: 47.1245 | Epoch: 9999
    Eq omega: 0.007841 + -0.08584theta + 0.16071omega + 0.02201theta^2 + -0.09380theta omega + 0.11104omega^2 + -0.00293theta^3 + 0.00001theta^2 omega + -0.00852theta omega^2 + 0.04424omega^3
    Eq omega Phys: 0.26415*omega**3 - 0.001696*omega**2*theta + 0.01155*omega**2 - 0.001392*omega*theta - 0.025858*omega - 0.e-6*theta**3 - 3.3e-5*theta**2 - 0.000582*theta - 0.003926

--- Chunk 90458 (39/220) | Start: 2025-07-05 04:45:00 ---
    RMSE omega (GP): 0.011559 | RMSE omega (Sim): 0.029123
    Loss: 746.9073 | Epoch: 9999
    Eq omega: 0.006051 + -0.00231theta + -0.00327omega + -0.00014theta^2 + -0.00041theta omega + -0.00088omega^2 + 0.00000theta^3 + -0.00004theta^2 omega + -0.00004theta omega^2 + -0.00020omega^3
    Eq omega Phys: -0.007319*omega**3 - 4.9e-5*omega**2*theta + 0.000439*omega**2 - 2.0e-6*omega*theta**2 + 7.9e-5*omega*theta - 0.001033*omega + 7.0e-6*theta - 6.3e-5

--- Chunk 90459 (40/220) | Start: 2025-07-05 04:50:00 ---
    RMSE omega (GP): 0.005084 | RMSE omega (Sim): 0.046628
    Loss: 26.3235 | Epoch: 9999
    Eq omega: -0.010451 + -0.00784theta + -0.07824omega + 0.00027theta^2 + -0.00077theta omega + -0.00809omega^2 + -0.00066theta^3 + 0.00029theta^2 omega + 0.00184theta omega^2 + -0.00662omega^3
    Eq omega Phys: -0.048353*omega**3 + 0.000448*omega**2*theta - 0.01276*omega**2 + 2.0e-6*omega*theta**2 - 0.000105*omega*theta - 0.001458*omega + 1.1e-5*theta**2 - 0.00022*theta + 0.001542

--- Chunk 90460 (41/220) | Start: 2025-07-05 04:55:00 ---
    RMSE omega (GP): 0.003832 | RMSE omega (Sim): 0.044427
    Loss: 19.4429 | Epoch: 8976
    Eq omega: 0.043881 + -0.01623theta + -0.01367omega + -0.00374theta^2 + 0.00690theta omega + 0.01423omega^2 + -0.00175theta^3 + 0.00020theta^2 omega + -0.00060theta omega^2 + 0.00498omega^3
    Eq omega Phys: 0.045014*omega**3 - 0.000181*omega**2*theta + 0.005141*omega**2 + 2.0e-6*omega*theta**2 + 0.000186*omega*theta + 0.001847*omega - 0.e-6*theta**3 - 2.8e-5*theta**2 - 0.000469*theta - 0.002563

--- Chunk 90461 (42/220) | Start: 2025-07-05 05:00:00 ---
    RMSE omega (GP): 0.003214 | RMSE omega (Sim): 0.072740
    Loss: 9.0993 | Epoch: 6190
    Eq omega: -0.148661 + -0.01799theta + -0.01739omega + 0.01913theta^2 + -0.06848theta omega + 0.00497omega^2 + -0.05866theta^3 + -0.01198theta^2 omega + 0.01576theta omega^2 + 0.02314omega^3
    Eq omega Phys: 0.16278*omega**3 + 0.003696*omega**2*theta - 0.016169*omega**2 - 9.4e-5*omega*theta**2 - 0.000164*omega*theta + 0.002611*omega - 1.5e-5*theta**3 + 0.000241*theta**2 - 0.001282*theta + 0.001961

--- Chunk 90462 (43/220) | Start: 2025-07-05 05:05:00 ---
    RMSE omega (GP): 0.007101 | RMSE omega (Sim): 0.082423
    Loss: 19.3914 | Epoch: 9999
    Eq omega: 0.028941 + -0.01462theta + 0.03748omega + 0.00611theta^2 + -0.00789theta omega + -0.01753omega^2 + -0.00109theta^3 + 0.00007theta^2 omega + -0.00487theta omega^2 + -0.00046omega^3
    Eq omega Phys: -0.001358*omega**3 - 0.000479*omega**2*theta + 0.000792*omega**2 - 8.9e-5*omega*theta + 0.002372*omega + 7.0e-6*theta**2 - 0.000134*theta + 0.000953

--- Chunk 90463 (44/220) | Start: 2025-07-05 05:10:00 ---
    RMSE omega (GP): 0.004452 | RMSE omega (Sim): 0.129720
    Loss: 3.7709 | Epoch: 8772
    Eq omega: -0.091061 + -0.05169theta + 0.04603omega + -0.01441theta^2 + 0.03407theta omega + -0.00436omega^2 + -0.00805theta^3 + 0.00056theta^2 omega + 0.00224theta omega^2 + 0.02156omega^3
    Eq omega Phys: 0.056952*omega**3 + 0.000197*omega**2*theta - 0.004501*omega**2 + 2.0e-6*omega*theta**2 + 0.000284*omega*theta - 0.00351*omega - 0.e-6*theta**3 + 3.4e-5*theta**2 - 0.000527*theta + 0.002722

--- Chunk 90464 (45/220) | Start: 2025-07-05 05:15:00 ---
    RMSE omega (GP): 0.006531 | RMSE omega (Sim): 0.035967
    Loss: 160.6334 | Epoch: 9999
    Eq omega: 0.009231 + 0.00053theta + -0.00002omega + 0.00015theta^2 + 0.00043theta omega + 0.00052omega^2 + 0.00000theta^3 + -0.00002theta^2 omega + -0.00007theta omega^2 + -0.00077omega^3
    Eq omega Phys: -0.018884*omega**3 - 5.7e-5*omega**2*theta - 0.00103*omega**2 - 0.e-6*omega*theta**2 - 1.6e-5*omega*theta - 3.6e-5*omega + 8.0e-6*theta + 0.00013

--- Chunk 90465 (46/220) | Start: 2025-07-05 05:20:00 ---
    RMSE omega (GP): 0.004992 | RMSE omega (Sim): 0.217891
    Loss: 98.3228 | Epoch: 9999
    Eq omega: 0.122881 + -0.03020theta + 0.01610omega + 0.02590theta^2 + -0.00816theta omega + 0.00610omega^2 + -0.00061theta^3 + 0.00549theta^2 omega + 0.00275theta omega^2 + -0.00280omega^3
    Eq omega Phys: -0.068138*omega**3 + 0.002231*omega**2*theta + 0.056439*omega**2 + 0.000148*omega*theta**2 + 0.006535*omega*theta + 0.072366*omega - 0.e-6*theta**3 - 1.2e-5*theta**2 + 0.00029*theta + 0.006355

--- Chunk 90466 (47/220) | Start: 2025-07-05 05:25:00 ---
    RMSE omega (GP): 0.013955 | RMSE omega (Sim): 0.033524
    Loss: 254.3298 | Epoch: 9999
    Eq omega: -0.037341 + -0.00601theta + 0.04389omega + -0.00624theta^2 + -0.00100theta omega + 0.00294omega^2 + -0.00132theta^3 + 0.00039theta^2 omega + -0.00108theta omega^2 + -0.00109omega^3
    Eq omega Phys: -0.009099*omega**3 - 0.000301*omega**2*theta + 0.007236*omega**2 + 4.0e-6*omega*theta**2 - 0.000154*omega*theta + 0.00309*omega + 2.0e-5*theta**2 - 0.000307*theta + 0.001502

--- Chunk 90467 (48/220) | Start: 2025-07-05 05:30:00 ---
    RMSE omega (GP): 0.003276 | RMSE omega (Sim): 0.077518
    Loss: 4.0615 | Epoch: 6454
    Eq omega: 0.063161 + -0.33808theta + -0.36322omega + 0.13314theta^2 + 0.69811theta omega + -0.16367omega^2 + -0.04087theta^3 + -0.13956theta^2 omega + 0.05254theta omega^2 + -0.03581omega^3
    Eq omega Phys: -0.170222*omega**3 + 0.008325*omega**2*theta - 0.031775*omega**2 - 0.000737*omega*theta**2 + 0.003353*omega*theta + 0.013181*omega - 7.0e-6*theta**3 - 2.8e-5*theta**2 - 0.00025*theta - 0.000847

--- Chunk 90468 (49/220) | Start: 2025-07-05 05:35:00 ---
    RMSE omega (GP): 0.004409 | RMSE omega (Sim): 0.070687
    Loss: 34.2292 | Epoch: 9999
    Eq omega: -0.221251 + -0.02347theta + 0.01696omega + -0.00546theta^2 + 0.00308theta omega + 0.01561omega^2 + -0.00093theta^3 + 0.00043theta^2 omega + -0.00018theta omega^2 + 0.00553omega^3
    Eq omega Phys: 0.064741*omega**3 - 7.0e-5*omega**2*theta + 0.010982*omega**2 + 6.0e-6*omega*theta**2 - 0.000132*omega*theta + 0.001159*omega + 1.7e-5*theta**2 - 0.000265*theta + 0.00107

--- Chunk 90469 (50/220) | Start: 2025-07-05 05:40:00 ---
    RMSE omega (GP): 0.003508 | RMSE omega (Sim): 0.057030
    Loss: -2664619776.0000 | Epoch: 8394
    Eq omega: -0.233811 + -0.01129theta + -0.07893omega + -0.00712theta^2 + 0.00069theta omega + 0.03698omega^2 + -0.00423theta^3 + -0.00820theta^2 omega + -0.02638theta omega^2 + -0.04660omega^3
    Eq omega Phys: -0.498986*omega**3 - 0.009416*omega**2*theta - 0.058312*omega**2 - 9.8e-5*omega*theta**2 - 0.001652*omega*theta - 0.009628*omega - 2.0e-6*theta**3 - 4.8e-5*theta**2 - 0.00046*theta - 0.001931

  [Progress 50/220] Mean RMSE omega (GP): 0.004914 | (Sim): 0.079011 | Mean loss: -53291437.8706 | Valid GP: 49/50 | Valid Sim: 45/50 | Elapsed: 195.2min | ETA: 663.8min

--- Chunk 90470 (51/220) | Start: 2025-07-05 05:45:00 ---
    RMSE omega (GP): 0.003666 | RMSE omega (Sim): 0.054485
    Loss: 6.3949 | Epoch: 5460
    Eq omega: 0.023141 + -0.14837theta + 0.21278omega + 0.02084theta^2 + 0.04827theta omega + 0.07007omega^2 + -0.00657theta^3 + -0.01774theta^2 omega + -0.05872theta omega^2 + 0.00573omega^3
    Eq omega Phys: 0.023917*omega**3 - 0.00817*omega**2*theta + 0.002619*omega**2 - 8.2e-5*omega*theta**2 + 0.000127*omega*theta + 0.008139*omega - 1.0e-6*theta**3 - 0.00014*theta - 0.000358

--- Chunk 90471 (52/220) | Start: 2025-07-05 05:50:00 ---
    RMSE omega (GP): 0.002975 | RMSE omega (Sim): 0.051953
    Loss: 6.8976 | Epoch: 7407
    Eq omega: -0.402111 + -0.30459theta + -0.60413omega + 0.00200theta^2 + -0.00677theta omega + -0.04950omega^2 + -0.02909theta^3 + 0.01285theta^2 omega + -0.00106theta omega^2 + -0.03662omega^3
    Eq omega Phys: -0.231167*omega**3 - 0.000223*omega**2*theta - 0.020486*omega**2 + 9.0e-5*omega*theta**2 - 0.001898*omega*theta - 0.010171*omega - 7.0e-6*theta**3 + 0.000204*theta**2 - 0.002382*theta + 0.009211

--- Chunk 90472 (53/220) | Start: 2025-07-05 05:55:00 ---
    RMSE omega (GP): 0.005202 | RMSE omega (Sim): 0.044750
    Loss: 86.6440 | Epoch: 9999
    Eq omega: -0.000231 + -0.01105theta + -0.00393omega + -0.00039theta^2 + 0.00109theta omega + -0.00400omega^2 + -0.00038theta^3 + 0.00003theta^2 omega + 0.00034theta omega^2 + 0.00298omega^3
    Eq omega Phys: 0.06157*omega**3 + 0.000234*omega**2*theta + 0.000873*omega**2 + 1.0e-6*omega*theta**2 + 5.5e-5*omega*theta + 0.00063*omega - 1.6e-5*theta**2 - 0.000305*theta - 0.002005

--- Chunk 90473 (54/220) | Start: 2025-07-05 06:00:00 ---
    RMSE omega (GP): 0.003844 | RMSE omega (Sim): 0.079589
    Loss: 4.9257 | Epoch: 5769
    Eq omega: 0.147331 + -0.07005theta + 0.10315omega + 0.07580theta^2 + 0.00156theta omega + -0.01925omega^2 + -0.15078theta^3 + 0.08167theta^2 omega + 0.00555theta omega^2 + 0.00136omega^3
    Eq omega Phys: 0.004859*omega**3 + 0.000661*omega**2*theta - 0.004196*omega**2 + 0.000324*omega*theta**2 + 0.002419*omega*theta + 0.007949*omega - 2.0e-5*theta**3 - 0.000193*theta**2 - 0.000683*theta - 0.000428

--- Chunk 90474 (55/220) | Start: 2025-07-05 06:05:00 ---
    RMSE omega (GP): 0.005226 | RMSE omega (Sim): 0.079298
    Loss: 3.2795 | Epoch: 6577
    Eq omega: -0.051661 + -0.03448theta + 0.00477omega + -0.00614theta^2 + -0.00098theta omega + -0.04038omega^2 + -0.01267theta^3 + 0.00214theta^2 omega + 0.00200theta omega^2 + -0.00374omega^3
    Eq omega Phys: -0.006946*omega**3 + 0.000124*omega**2*theta - 0.010872*omega**2 + 4.0e-6*omega*theta**2 - 6.7e-5*omega*theta + 0.000409*omega - 0.e-6*theta**3 + 1.6e-5*theta**2 - 0.000132*theta + 0.000206

--- Chunk 90475 (56/220) | Start: 2025-07-05 06:10:00 ---
    RMSE omega (GP): 0.003844 | RMSE omega (Sim): 0.084513
    Loss: 27.2108 | Epoch: 9999
    Eq omega: 0.030471 + -0.00233theta + -0.01654omega + 0.00085theta^2 + -0.00211theta omega + 0.00229omega^2 + 0.00005theta^3 + 0.00031theta^2 omega + -0.00006theta omega^2 + 0.00129omega^3
    Eq omega Phys: 0.016008*omega**3 - 2.5e-5*omega**2*theta + 0.001121*omega**2 + 4.0e-6*omega*theta**2 + 7.6e-5*omega*theta - 0.000332*omega + 2.0e-6*theta**2 + 2.9e-5*theta + 0.000204

--- Chunk 90476 (57/220) | Start: 2025-07-05 06:15:00 ---
    RMSE omega (GP): 0.010807 | RMSE omega (Sim): 0.066562
    Loss: 453.5734 | Epoch: 9999
    Eq omega: 0.024121 + 0.00725theta + -0.00364omega + -0.00039theta^2 + -0.00159theta omega + -0.00041omega^2 + -0.00019theta^3 + 0.00004theta^2 omega + 0.00021theta omega^2 + 0.00004omega^3
    Eq omega Phys: 0.001008*omega**3 + 0.000176*omega**2*theta + 0.004469*omega**2 + 1.0e-6*omega*theta**2 + 1.3e-5*omega*theta - 0.000611*omega - 1.5e-5*theta**2 - 0.000415*theta - 0.003726

--- Chunk 90477 (58/220) | Start: 2025-07-05 06:20:00 ---
    RMSE omega (GP): 0.008656 | RMSE omega (Sim): 0.032341
    Loss: 298.0470 | Epoch: 9999
    Eq omega: 0.015081 + -0.00160theta + -0.01373omega + 0.00004theta^2 + 0.00027theta omega + 0.00212omega^2 + 0.00000theta^3 + 0.00000theta^2 omega + 0.00001theta omega^2 + -0.00007omega^3
    Eq omega Phys: -0.001818*omega**3 + 9.0e-6*omega**2*theta + 0.00221*omega**2 + 8.0e-6*omega*theta - 0.000228*omega

--- Chunk 90478 (59/220) | Start: 2025-07-05 06:25:00 ---
    RMSE omega (GP): 0.003879 | RMSE omega (Sim): 0.050943
    Loss: 5.9501 | Epoch: 8411
    Eq omega: -0.075531 + -0.03613theta + -0.28713omega + 0.03624theta^2 + 0.27938theta omega + -0.04963omega^2 + 0.00196theta^3 + -0.05153theta^2 omega + -0.00104theta omega^2 + -0.03088omega^3
    Eq omega Phys: -0.131483*omega**3 - 0.000148*omega**2*theta - 0.02031*omega**2 - 0.000244*omega*theta**2 - 0.001819*omega*theta - 0.000341*omega + 2.5e-5*theta**2 + 0.000402*theta + 0.001553

--- Chunk 90479 (60/220) | Start: 2025-07-05 06:30:00 ---
    RMSE omega (GP): 0.002379 | RMSE omega (Sim): 0.068507
    Loss: 10.5211 | Epoch: 7258
    Eq omega: 0.128531 + -0.14183theta + -0.03640omega + 0.00654theta^2 + -0.13199theta omega + -0.03933omega^2 + 0.00027theta^3 + -0.02903theta^2 omega + -0.12004theta omega^2 + -0.03419omega^3
    Eq omega Phys: -0.494338*omega**3 - 0.057854*omega**2*theta + 0.327466*omega**2 - 0.000466*omega*theta**2 + 0.002665*omega*theta - 2.1e-5*omega + 2.0e-6*theta**2 - 0.000203*theta + 0.001328

--- Chunk 90480 (61/220) | Start: 2025-07-05 06:35:00 ---
    RMSE omega (GP): 0.003566 | RMSE omega (Sim): 0.082465
    Loss: 10.7871 | Epoch: 9999
    Eq omega: -0.074811 + 0.00178theta + -0.00366omega + 0.00526theta^2 + 0.00825theta omega + -0.02807omega^2 + -0.00998theta^3 + 0.00327theta^2 omega + 0.02277theta omega^2 + -0.03398omega^3
    Eq omega Phys: -0.222882*omega**3 + 0.004978*omega**2*theta - 0.050538*omega**2 + 2.4e-5*omega*theta**2 - 0.00023*omega*theta + 0.000258*omega - 2.0e-6*theta**3 + 5.7e-5*theta**2 - 0.00045*theta + 0.000991

--- Chunk 90481 (62/220) | Start: 2025-07-05 06:40:00 ---
    RMSE omega (GP): 0.003430 | RMSE omega (Sim): 0.109694
    Loss: 7.8412 | Epoch: 8072
    Eq omega: -0.052361 + 0.00947theta + 0.00471omega + -0.00283theta^2 + -0.19079theta omega + -0.04845omega^2 + -0.05671theta^3 + 0.09748theta^2 omega + 0.11490theta omega^2 + -0.03819omega^3
    Eq omega Phys: -0.208901*omega**3 + 0.02095*omega**2*theta - 0.156746*omega**2 + 0.000592*omega*theta**2 - 0.010411*omega*theta + 0.042781*omega - 1.1e-5*theta**3 + 0.000222*theta**2 - 0.001426*theta + 0.002886

--- Chunk 90482 (63/220) | Start: 2025-07-05 06:45:00 ---
    RMSE omega (GP): 0.002665 | RMSE omega (Sim): 0.205782
    Loss: 8.1234 | Epoch: 5521
    Eq omega: -0.085481 + -0.15517theta + 0.07199omega + -0.36551theta^2 + -0.21561theta omega + 0.03404omega^2 + -0.14269theta^3 + -0.02963theta^2 omega + 0.00027theta omega^2 + 0.00512omega^3
    Eq omega Phys: 0.052947*omega**3 + 9.3e-5*omega**2*theta + 0.020124*omega**2 - 0.00034*omega*theta**2 - 0.00523*omega*theta - 0.004612*omega - 5.5e-5*theta**3 - 0.000482*theta**2 - 0.001241*theta - 0.001121

--- Chunk 90483 (64/220) | Start: 2025-07-05 06:50:00 ---
    RMSE omega (GP): nan | RMSE omega (Sim): nan
    Loss: 27.0249 | Epoch: 2102
    Eq omega: nan1 + nantheta + nanomega + nantheta^2 + nantheta omega + nanomega^2 + nantheta^3 + nantheta^2 omega + nantheta omega^2 + nanomega^3
    Eq omega Phys: N/A

--- Chunk 90484 (65/220) | Start: 2025-07-05 06:55:00 ---
    RMSE omega (GP): 0.009773 | RMSE omega (Sim): 0.042072
    Loss: 187.6170 | Epoch: 9999
    Eq omega: -0.041581 + -0.07502theta + -0.05360omega + -0.00843theta^2 + -0.03370theta omega + 0.01294omega^2 + -0.00056theta^3 + -0.00044theta^2 omega + 0.00102theta omega^2 + -0.00196omega^3
    Eq omega Phys: -0.025657*omega**3 + 0.000445*omega**2*theta + 0.018547*omega**2 - 6.0e-6*omega*theta**2 - 0.00103*omega*theta - 0.021689*omega - 2.4e-5*theta**2 - 0.000773*theta - 0.008146

--- Chunk 90485 (66/220) | Start: 2025-07-05 07:00:00 ---
    RMSE omega (GP): 0.004645 | RMSE omega (Sim): nan
    Loss: 8.5407 | Epoch: 8750
    Eq omega: -0.004901 + -0.01250theta + -0.01561omega + 0.00031theta^2 + -0.01409theta omega + -0.00977omega^2 + 0.00662theta^3 + -0.00449theta^2 omega + 0.00700theta omega^2 + -0.00354omega^3
    Eq omega Phys: -0.012801*omega**3 + 0.000844*omega**2*theta + 0.007182*omega**2 - 1.8e-5*omega*theta**2 - 0.000615*omega*theta - 0.005397*omega + 1.0e-6*theta**3 + 3.3e-5*theta**2 + 0.000407*theta + 0.001574

--- Chunk 90486 (67/220) | Start: 2025-07-05 07:05:00 ---
    RMSE omega (GP): 0.006390 | RMSE omega (Sim): 0.082341
    Loss: 140.6881 | Epoch: 9999
    Eq omega: 0.025771 + -0.00019theta + 0.00143omega + 0.00384theta^2 + -0.00025theta omega + -0.00197omega^2 + -0.00010theta^3 + -0.00003theta^2 omega + 0.00010theta omega^2 + 0.00072omega^3
    Eq omega Phys: 0.015872*omega**3 + 7.3e-5*omega**2*theta + 0.000284*omega**2 - 0.e-6*omega*theta**2 - 4.7e-5*omega*theta - 0.000674*omega - 3.0e-6*theta**2 + 2.0e-5*theta + 0.001084

--- Chunk 90487 (68/220) | Start: 2025-07-05 07:10:00 ---
    RMSE omega (GP): 0.008511 | RMSE omega (Sim): 0.055356
    Loss: 152.0520 | Epoch: 9999
    Eq omega: -0.020851 + -0.00696theta + -0.00396omega + -0.00031theta^2 + 0.00049theta omega + -0.00454omega^2 + -0.00003theta^3 + 0.00003theta^2 omega + -0.00063theta omega^2 + -0.00082omega^3
    Eq omega Phys: -0.011327*omega**3 - 0.00029*omega**2*theta - 0.009728*omega**2 + 3.2e-5*omega*theta + 0.000364*omega - 1.0e-6*theta**2 - 4.3e-5*theta - 0.000519

--- Chunk 90488 (69/220) | Start: 2025-07-05 07:15:00 ---
    RMSE omega (GP): 0.009109 | RMSE omega (Sim): 0.035361
    Loss: 231.1281 | Epoch: 9999
    Eq omega: 0.029421 + -0.00181theta + -0.00825omega + -0.00004theta^2 + 0.00013theta omega + 0.00163omega^2 + -0.00001theta^3 + -0.00005theta^2 omega + -0.00008theta omega^2 + -0.00000omega^3
    Eq omega Phys: -4.9e-5*omega**2*theta - 0.000138*omega**2 - 1.0e-6*omega*theta**2 - 5.6e-5*omega*theta - 0.001027*omega - 0.e-6*theta**2 - 2.1e-5*theta - 0.000208

--- Chunk 90489 (70/220) | Start: 2025-07-05 07:20:00 ---
    RMSE omega (GP): 0.004379 | RMSE omega (Sim): 0.044314
    Loss: 14.8931 | Epoch: 9999
    Eq omega: 0.054521 + -0.02204theta + 0.01254omega + 0.00505theta^2 + 0.00664theta omega + -0.00016omega^2 + -0.00050theta^3 + 0.00018theta^2 omega + -0.00672theta omega^2 + 0.00588omega^3
    Eq omega Phys: 0.034042*omega**3 - 0.001297*omega**2*theta - 0.023723*omega**2 + 1.0e-6*omega*theta**2 + 0.000139*omega*theta + 0.002577*omega - 3.0e-6*theta**2 - 4.2e-5*theta - 0.000139

--- Chunk 90490 (71/220) | Start: 2025-07-05 07:25:00 ---
    RMSE omega (GP): 0.002454 | RMSE omega (Sim): 0.248605
    Loss: 1.8128 | Epoch: 7739
    Eq omega: -0.102381 + -0.54549theta + 0.43189omega + -0.17510theta^2 + -0.03629theta omega + 0.01755omega^2 + -0.02322theta^3 + -0.01662theta^2 omega + -0.00239theta omega^2 + -0.00867omega^3
    Eq omega Phys: -0.048316*omega**3 - 0.000444*omega**2*theta + 0.008357*omega**2 - 0.000103*omega*theta**2 - 0.000154*omega*theta + 0.014999*omega - 5.0e-6*theta**3 - 5.8e-5*theta**2 - 0.000352*theta + 0.000578

--- Chunk 90491 (72/220) | Start: 2025-07-05 07:30:00 ---
    RMSE omega (GP): 0.003470 | RMSE omega (Sim): 0.035543
    Loss: 8.0149 | Epoch: 6664
    Eq omega: -0.007081 + -0.07796theta + -0.06434omega + 0.26734theta^2 + 0.04435theta omega + -0.05778omega^2 + -0.01402theta^3 + -0.01515theta^2 omega + 0.03167theta omega^2 + -0.04180omega^3
    Eq omega Phys: -0.251295*omega**3 + 0.006346*omega**2*theta + 0.009774*omega**2 - 0.000101*omega*theta**2 - 0.000475*omega*theta - 0.00162*omega - 3.0e-6*theta**3 + 8.0e-5*theta**2 + 0.001112*theta + 0.003137

--- Chunk 90492 (73/220) | Start: 2025-07-05 07:35:00 ---
    RMSE omega (GP): 0.003255 | RMSE omega (Sim): 0.074779
    Loss: 2.7575 | Epoch: 6083
    Eq omega: -0.000131 + -0.26914theta + -0.14361omega + -0.18803theta^2 + -0.03724theta omega + -0.06965omega^2 + -0.01588theta^3 + -0.05195theta^2 omega + -0.07213theta omega^2 + -0.04299omega^3
    Eq omega Phys: -0.168816*omega**3 - 0.009441*omega**2*theta + 0.035098*omega**2 - 0.000227*omega*theta**2 + 0.002446*omega*theta - 0.011164*omega - 2.0e-6*theta**3 - 3.1e-5*theta**2 + 0.000384*theta - 0.000572

--- Chunk 90493 (74/220) | Start: 2025-07-05 07:40:00 ---
    RMSE omega (GP): 0.004049 | RMSE omega (Sim): 0.061260
    Loss: 91.8913 | Epoch: 9999
    Eq omega: 0.000541 + -0.00608theta + -0.06538omega + 0.00022theta^2 + 0.00150theta omega + 0.01546omega^2 + -0.00001theta^3 + 0.00002theta^2 omega + -0.00048theta omega^2 + -0.00433omega^3
    Eq omega Phys: -0.146466*omega**3 - 0.000541*omega**2*theta + 0.007497*omega**2 + 1.0e-6*omega*theta**2 + 7.8e-5*omega*theta - 0.0011*omega - 8.0e-6*theta - 9.6e-5

--- Chunk 90494 (75/220) | Start: 2025-07-05 07:45:00 ---
    RMSE omega (GP): 0.004826 | RMSE omega (Sim): nan
    Loss: 19.8479 | Epoch: 9999
    Eq omega: -0.011881 + -0.06979theta + -0.03300omega + 0.00796theta^2 + 0.00470theta omega + 0.02470omega^2 + -0.00087theta^3 + -0.00010theta^2 omega + -0.00020theta omega^2 + 0.01755omega^3
    Eq omega Phys: 0.105915*omega**3 - 4.0e-5*omega**2*theta + 0.01151*omega**2 - 0.e-6*omega*theta**2 + 8.5e-5*omega*theta - 0.001931*omega + 1.0e-5*theta**2 - 0.00023*theta + 0.001498

--- Chunk 90495 (76/220) | Start: 2025-07-05 07:50:00 ---
    RMSE omega (GP): 0.004095 | RMSE omega (Sim): 0.077231
    Loss: 7.4167 | Epoch: 8809
    Eq omega: -0.103771 + 0.00698theta + -0.00830omega + -0.01367theta^2 + -0.01321theta omega + 0.01215omega^2 + 0.00049theta^3 + 0.00055theta^2 omega + -0.00897theta omega^2 + -0.02881omega^3
    Eq omega Phys: -0.125733*omega**3 - 0.001305*omega**2*theta + 0.005335*omega**2 + 3.0e-6*omega*theta**2 - 0.000171*omega*theta - 0.000186*omega - 6.0e-6*theta**2 + 1.4e-5*theta - 0.000308

--- Chunk 90496 (77/220) | Start: 2025-07-05 07:55:00 ---
    RMSE omega (GP): 0.003061 | RMSE omega (Sim): 0.112315
    Loss: 5.5301 | Epoch: 7771
    Eq omega: -0.051521 + -0.07161theta + -0.05343omega + 0.01720theta^2 + -0.00692theta omega + -0.03307omega^2 + 0.00435theta^3 + -0.00226theta^2 omega + -0.00068theta omega^2 + -0.01214omega^3
    Eq omega Phys: -0.065569*omega**3 - 0.000122*omega**2*theta - 0.015089*omega**2 - 1.4e-5*omega*theta**2 - 0.000332*omega*theta - 0.003639*omega + 1.0e-6*theta**3 + 3.1e-5*theta**2 + 0.000255*theta + 0.000344

--- Chunk 90497 (78/220) | Start: 2025-07-05 08:00:00 ---
    RMSE omega (GP): 0.002867 | RMSE omega (Sim): 0.063124
    Loss: 8.1471 | Epoch: 7865
    Eq omega: 0.177751 + -0.09146theta + 0.21776omega + -0.00365theta^2 + -0.05415theta omega + 0.04442omega^2 + -0.00560theta^3 + -0.00874theta^2 omega + -0.02215theta omega^2 + 0.01750omega^3
    Eq omega Phys: 0.140578*omega**3 - 0.005931*omega**2*theta + 0.020939*omega**2 - 7.8e-5*omega*theta**2 - 0.000988*omega*theta + 0.006927*omega - 2.0e-6*theta**3 - 4.0e-6*theta**2 - 0.000104*theta + 0.000346

--- Chunk 90498 (79/220) | Start: 2025-07-05 08:05:00 ---
    RMSE omega (GP): 0.008284 | RMSE omega (Sim): 0.029880
    Loss: 206.6040 | Epoch: 9999
    Eq omega: -0.021911 + -0.01294theta + 0.01711omega + 0.00027theta^2 + -0.00167theta omega + 0.00019omega^2 + -0.00013theta^3 + 0.00009theta^2 omega + -0.00025theta omega^2 + -0.00056omega^3
    Eq omega Phys: -0.011123*omega**3 - 0.000166*omega**2*theta + 0.003461*omega**2 + 2.0e-6*omega*theta**2 - 0.000125*omega*theta + 0.002268*omega + 6.0e-6*theta**2 - 0.000139*theta + 0.001117

--- Chunk 90499 (80/220) | Start: 2025-07-05 08:10:00 ---
    RMSE omega (GP): 0.003867 | RMSE omega (Sim): 0.077844
    Loss: 5.6152 | Epoch: 8340
    Eq omega: -0.063891 + -0.48130theta + -0.10806omega + -0.02734theta^2 + 0.14286theta omega + -0.01298omega^2 + -0.02034theta^3 + -0.01196theta^2 omega + -0.01495theta omega^2 + -0.04490omega^3
    Eq omega Phys: -0.170545*omega**3 - 0.001893*omega**2*theta + 0.013292*omega**2 - 5.0e-5*omega*theta**2 + 0.00265*omega*theta - 0.024155*omega - 3.0e-6*theta**3 + 7.0e-5*theta**2 - 0.001099*theta + 0.006317

--- Chunk 90500 (81/220) | Start: 2025-07-05 08:15:00 ---
    RMSE omega (GP): 0.006716 | RMSE omega (Sim): 0.057189
    Loss: 79.9922 | Epoch: 9999
    Eq omega: -0.048961 + -0.01538theta + -0.04010omega + -0.00325theta^2 + -0.00114theta omega + 0.00817omega^2 + -0.00081theta^3 + -0.00031theta^2 omega + 0.00024theta omega^2 + -0.00697omega^3
    Eq omega Phys: -0.082256*omega**3 + 9.4e-5*omega**2*theta + 0.00612*omega**2 - 4.0e-6*omega*theta**2 - 0.00011*omega*theta - 0.00204*omega - 1.3e-5*theta**2 - 0.000183*theta - 0.000934

--- Chunk 90501 (82/220) | Start: 2025-07-05 08:20:00 ---
    RMSE omega (GP): 0.003772 | RMSE omega (Sim): 0.072109
    Loss: -22290769920.0000 | Epoch: 6913
    Eq omega: 0.249731 + -0.10782theta + -0.03376omega + 0.03350theta^2 + -0.02471theta omega + 0.04483omega^2 + -0.12786theta^3 + 0.04795theta^2 omega + -0.05608theta omega^2 + -0.01324omega^3
    Eq omega Phys: -0.069178*omega**3 - 0.009767*omega**2*theta - 0.022979*omega**2 + 0.000278*omega*theta**2 + 0.002033*omega*theta + 0.002479*omega - 2.5e-5*theta**3 - 0.000301*theta**2 - 0.001339*theta - 0.001487

--- Chunk 90502 (83/220) | Start: 2025-07-05 08:25:00 ---
    RMSE omega (GP): 0.002829 | RMSE omega (Sim): nan
    Loss: 4.3559 | Epoch: 7039
    Eq omega: -0.012921 + -0.19050theta + 0.03183omega + 0.26580theta^2 + -0.01360theta omega + -0.27294omega^2 + -0.22804theta^3 + 0.09799theta^2 omega + 0.10812theta omega^2 + 0.02682omega^3
    Eq omega Phys: 0.164644*omega**3 + 0.022124*omega**2*theta - 0.020395*omega**2 + 0.000668*omega*theta**2 + 0.006023*omega*theta + 0.014612*omega - 5.2e-5*theta**3 - 0.000591*theta**2 - 0.002343*theta - 0.003361

--- Chunk 90503 (84/220) | Start: 2025-07-05 08:30:00 ---
    RMSE omega (GP): 0.003188 | RMSE omega (Sim): 0.091092
    Loss: 12.1712 | Epoch: 7180
    Eq omega: -0.275561 + -0.03185theta + 0.00208omega + -0.07499theta^2 + -0.02394theta omega + 0.03761omega^2 + -0.01041theta^3 + -0.00634theta^2 omega + 0.00132theta omega^2 + -0.03712omega^3
    Eq omega Phys: -0.321475*omega**3 + 0.000381*omega**2*theta + 0.022533*omega**2 - 6.1e-5*omega*theta**2 - 0.001173*omega*theta - 0.004819*omega - 3.0e-6*theta**3 - 0.000106*theta**2 - 0.000955*theta - 0.003211

--- Chunk 90504 (85/220) | Start: 2025-07-05 08:35:00 ---
    RMSE omega (GP): 0.002639 | RMSE omega (Sim): 0.069169
    Loss: 3.1433 | Epoch: 4521
    Eq omega: 0.260381 + -0.91042theta + -0.16631omega + 0.02459theta^2 + -0.01255theta omega + 0.25859omega^2 + -0.12210theta^3 + -0.09734theta^2 omega + 0.06603theta omega^2 + -0.07267omega^3
    Eq omega Phys: -0.516625*omega**3 + 0.015647*omega**2*theta + 0.064084*omega**2 - 0.000769*omega*theta**2 + 0.00587*omega*theta - 0.016732*omega - 3.2e-5*theta**3 + 0.000394*theta**2 - 0.002621*theta + 0.006777

--- Chunk 90505 (86/220) | Start: 2025-07-05 08:40:00 ---
    RMSE omega (GP): 0.004939 | RMSE omega (Sim): 0.040238
    Loss: 41.9771 | Epoch: 9999
    Eq omega: -0.037521 + -0.03577theta + 0.01082omega + -0.00176theta^2 + -0.00336theta omega + -0.00362omega^2 + -0.00076theta^3 + 0.00171theta^2 omega + -0.00301theta omega^2 + -0.00888omega^3
    Eq omega Phys: -0.101117*omega**3 - 0.001143*omega**2*theta + 0.012562*omega**2 + 2.2e-5*omega*theta**2 - 0.000629*omega*theta + 0.004881*omega + 1.1e-5*theta**2 - 0.00017*theta + 0.000941

--- Chunk 90506 (87/220) | Start: 2025-07-05 08:45:00 ---
    RMSE omega (GP): 0.002672 | RMSE omega (Sim): nan
    Loss: 12.1558 | Epoch: 9447
    Eq omega: 0.100971 + -0.00387theta + 0.35289omega + 0.00919theta^2 + -0.00067theta omega + -0.05239omega^2 + -0.00207theta^3 + -0.00098theta^2 omega + -0.00027theta omega^2 + 0.02210omega^3
    Eq omega Phys: 0.255857*omega**3 - 0.000104*omega**2*theta - 0.033426*omega**2 - 1.3e-5*omega*theta**2 - 0.000227*omega*theta + 0.010746*omega - 0.e-6*theta**3 - 1.6e-5*theta**2 - 8.7e-5*theta + 6.2e-5

--- Chunk 90507 (88/220) | Start: 2025-07-05 08:50:00 ---
    RMSE omega (GP): 0.002912 | RMSE omega (Sim): 0.082058
    Loss: -25421758464.0000 | Epoch: 5454
    Eq omega: 0.083061 + -0.30981theta + -0.08389omega + 0.03536theta^2 + 0.06359theta omega + 0.01812omega^2 + -0.13601theta^3 + 0.01337theta^2 omega + -0.04822theta omega^2 + -0.00512omega^3
    Eq omega Phys: -0.030713*omega**3 - 0.009642*omega**2*theta - 0.027329*omega**2 + 8.9e-5*omega*theta**2 + 0.001603*omega*theta + 0.00189*omega - 3.0e-5*theta**3 - 0.000316*theta**2 - 0.001439*theta - 0.002321

--- Chunk 90508 (89/220) | Start: 2025-07-05 08:55:00 ---
    RMSE omega (GP): 0.003862 | RMSE omega (Sim): 0.043686
    Loss: 15.7172 | Epoch: 9184
    Eq omega: 0.004861 + -0.00862theta + -0.04131omega + -0.00284theta^2 + 0.03229theta omega + 0.03947omega^2 + -0.00236theta^3 + 0.00322theta^2 omega + -0.01108theta omega^2 + -0.00645omega^3
    Eq omega Phys: -0.047856*omega**3 - 0.00274*omega**2*theta - 0.013943*omega**2 + 2.7e-5*omega*theta**2 + 0.001186*omega*theta + 0.009165*omega - 0.e-6*theta**3 - 2.5e-5*theta**2 - 0.00034*theta - 0.001535

--- Chunk 90509 (90/220) | Start: 2025-07-05 09:00:00 ---
 lsoda--  warning..internal t (=r1) and h (=r2) are  
       such that in the machine, t + h = t on the next step  
       (h = step size). solver will continue anyway  
      in above,  r1 =  0.2582940191367D+01   r2 =  0.1851177056560D-15
 lsoda--  warning..internal t (=r1) and h (=r2) are  
       such that in the machine, t + h = t on the next step  
       (h = step size). solver will continue anyway  
      in above,  r1 =  0.2582940191367D+01   r2 =  0.1851177056560D-15
 lsoda--  warning..internal t (=r1) and h (=r2) are  
       such that in the machine, t + h = t on the next step  
       (h = step size). solver will continue anyway  
      in above,  r1 =  0.2582940191367D+01   r2 =  0.1851177056560D-15
 lsoda--  warning..internal t (=r1) and h (=r2) are  
       such that in the machine, t + h = t on the next step  
       (h = step size). solver will continue anyway  
      in above,  r1 =  0.2582940191367D+01   r2 =  0.1521420244796D-15
 lsoda--  warning..internal t (=r1) and h (=r2) are  
       such that in the machine, t + h = t on the next step  
       (h = step size). solver will continue anyway  
      in above,  r1 =  0.2582940191367D+01   r2 =  0.1521420244796D-15
 lsoda--  warning..internal t (=r1) and h (=r2) are  
       such that in the machine, t + h = t on the next step  
       (h = step size). solver will continue anyway  
      in above,  r1 =  0.2582940191367D+01   r2 =  0.1521420244796D-15
 lsoda--  warning..internal t (=r1) and h (=r2) are  
       such that in the machine, t + h = t on the next step  
       (h = step size). solver will continue anyway  
      in above,  r1 =  0.2582940191367D+01   r2 =  0.1250404196608D-15
 lsoda--  warning..internal t (=r1) and h (=r2) are  
       such that in the machine, t + h = t on the next step  
       (h = step size). solver will continue anyway  
      in above,  r1 =  0.2582940191367D+01   r2 =  0.1250404196608D-15
 lsoda--  warning..internal t (=r1) and h (=r2) are  
       such that in the machine, t + h = t on the next step  
       (h = step size). solver will continue anyway  
      in above,  r1 =  0.2582940191367D+01   r2 =  0.1250404196608D-15
 lsoda--  warning..internal t (=r1) and h (=r2) are  
       such that in the machine, t + h = t on the next step  
       (h = step size). solver will continue anyway  
      in above,  r1 =  0.2582940191367D+01   r2 =  0.1027665209125D-15
 lsoda--  above warning has been issued i1 times.    
       it will not be issued again for this problem  
      in above message,  i1 =        10
 lsoda--  warning..internal t (=r1) and h (=r2) are  
       such that in the machine, t + h = t on the next step  
       (h = step size). solver will continue anyway  
      in above,  r1 =  0.2427450894658D+01   r2 =  0.2008609233444D-15
 lsoda--  warning..internal t (=r1) and h (=r2) are  
       such that in the machine, t + h = t on the next step  
       (h = step size). solver will continue anyway  
      in above,  r1 =  0.2427450894658D+01   r2 =  0.2008609233444D-15
 lsoda--  warning..internal t (=r1) and h (=r2) are  
       such that in the machine, t + h = t on the next step  
       (h = step size). solver will continue anyway  
      in above,  r1 =  0.2427450894658D+01   r2 =  0.2008609233444D-15
 lsoda--  warning..internal t (=r1) and h (=r2) are  
       such that in the machine, t + h = t on the next step  
       (h = step size). solver will continue anyway  
      in above,  r1 =  0.2427450894658D+01   r2 =  0.1650808470670D-15
 lsoda--  warning..internal t (=r1) and h (=r2) are  
       such that in the machine, t + h = t on the next step  
       (h = step size). solver will continue anyway  
      in above,  r1 =  0.2427450894658D+01   r2 =  0.1650808470670D-15
 lsoda--  warning..internal t (=r1) and h (=r2) are  
       such that in the machine, t + h = t on the next step  
       (h = step size). solver will continue anyway  
      in above,  r1 =  0.2427450894658D+01   r2 =  0.1650808470670D-15
 lsoda--  warning..internal t (=r1) and h (=r2) are  
       such that in the machine, t + h = t on the next step  
    RMSE omega (GP): 0.002088 | RMSE omega (Sim): nan
    Loss: 7.1109 | Epoch: 4877
    Eq omega: 0.163331 + -1.10907theta + 0.63174omega + 0.98125theta^2 + -1.19781theta omega + 0.11581omega^2 + -1.20316theta^3 + 0.46276theta^2 omega + -0.50662theta omega^2 + 0.03113omega^3
    Eq omega Phys: 0.440363*omega**3 - 0.238887*omega**2*theta - 0.349624*omega**2 + 0.007274*omega*theta**2 - 0.001284*omega*theta - 0.004722*omega - 0.00063*theta**3 - 0.002649*theta**2 - 0.004645*theta - 0.003188

--- Chunk 90510 (91/220) | Start: 2025-07-05 09:05:00 ---
    RMSE omega (GP): 0.003413 | RMSE omega (Sim): 0.081760
    Loss: 14.4354 | Epoch: 6611
    Eq omega: -0.058581 + -0.14413theta + -0.17826omega + 0.00390theta^2 + 0.02880theta omega + 0.00923omega^2 + -0.02348theta^3 + 0.00457theta^2 omega + -0.00890theta omega^2 + -0.01628omega^3
    Eq omega Phys: -0.145115*omega**3 - 0.002644*omega**2*theta + 0.021706*omega**2 + 4.5e-5*omega*theta**2 - 4.8e-5*omega*theta - 0.007442*omega - 8.0e-6*theta**3 + 0.000149*theta**2 - 0.001115*theta + 0.002928

--- Chunk 90511 (92/220) | Start: 2025-07-05 09:10:00 ---
    RMSE omega (GP): 0.002648 | RMSE omega (Sim): 0.081098
    Loss: 6.5877 | Epoch: 6529
    Eq omega: -0.030101 + -0.37131theta + 0.11701omega + -0.29648theta^2 + 0.07818theta omega + 0.15622omega^2 + -0.25188theta^3 + 0.00817theta^2 omega + -0.34404theta omega^2 + 0.00361omega^3
    Eq omega Phys: 0.030858*omega**3 - 0.098027*omega**2*theta + 0.112873*omega**2 + 7.8e-5*omega*theta**2 + 0.001344*omega*theta + 0.003489*omega - 8.0e-5*theta**3 - 0.000104*theta**2 - 0.000328*theta + 4.8e-5

--- Chunk 90512 (93/220) | Start: 2025-07-05 09:15:00 ---
    RMSE omega (GP): 0.002404 | RMSE omega (Sim): nan
    Loss: 2.1730 | Epoch: 5269
    Eq omega: -0.013001 + -0.76161theta + 0.03896omega + -0.39930theta^2 + -0.00576theta omega + 0.31975omega^2 + -0.62891theta^3 + -0.02156theta^2 omega + 0.46556theta omega^2 + 0.06566omega^3
    Eq omega Phys: 0.367994*omega**3 + 0.086975*omega**2*theta - 0.025224*omega**2 - 0.000134*omega*theta**2 + 0.000422*omega*theta + 0.000981*omega - 0.000131*theta**3 + 0.000544*theta**2 - 0.001508*theta + 0.001746

--- Chunk 90513 (94/220) | Start: 2025-07-05 09:20:00 ---
    RMSE omega (GP): 0.002793 | RMSE omega (Sim): 0.058422
    Loss: 5.5654 | Epoch: 5552
    Eq omega: 0.049751 + -0.05007theta + -0.05653omega + 0.01767theta^2 + 0.00345theta omega + -0.00667omega^2 + -0.03446theta^3 + -0.01884theta^2 omega + -0.00702theta omega^2 + -0.04287omega^3
    Eq omega Phys: -0.283739*omega**3 - 0.001549*omega**2*theta + 0.000163*omega**2 - 0.000139*omega*theta**2 + 0.000644*omega*theta - 0.002627*omega - 8.0e-6*theta**3 + 6.3e-5*theta**2 - 0.00021*theta + 0.000359

--- Chunk 90514 (95/220) | Start: 2025-07-05 09:25:00 ---
    RMSE omega (GP): 0.003237 | RMSE omega (Sim): nan
    Loss: 3.3812 | Epoch: 4936
    Eq omega: -0.034561 + -1.29569theta + 0.58427omega + 0.18753theta^2 + 0.15248theta omega + -0.04827omega^2 + -1.75982theta^3 + 0.16728theta^2 omega + -0.14363theta omega^2 + 0.16549omega^3
    Eq omega Phys: 0.75859*omega**3 - 0.021946*omega**2*theta - 0.042122*omega**2 + 0.000852*omega*theta**2 + 0.003792*omega*theta + 0.022537*omega - 0.000299*theta**3 - 0.000868*theta**2 - 0.002273*theta - 0.001888

--- Chunk 90515 (96/220) | Start: 2025-07-05 09:30:00 ---
    RMSE omega (GP): 0.002377 | RMSE omega (Sim): 0.079543
    Loss: 1.4773 | Epoch: 7041
    Eq omega: 0.018101 + -0.56393theta + -0.50211omega + -0.31294theta^2 + 0.12230theta omega + 0.06910omega^2 + -0.17955theta^3 + -0.39075theta^2 omega + -0.22028theta omega^2 + -0.00019omega^3
    Eq omega Phys: -0.001091*omega**3 - 0.042178*omega**2*theta - 0.140432*omega**2 - 0.002494*omega*theta**2 - 0.018399*omega*theta - 0.050353*omega - 3.8e-5*theta**3 - 0.000616*theta**2 - 0.003734*theta - 0.007511

--- Chunk 90516 (97/220) | Start: 2025-07-05 09:35:00 ---
    RMSE omega (GP): 0.002837 | RMSE omega (Sim): 0.054658
    Loss: 12.4522 | Epoch: 8460
    Eq omega: 0.071801 + -0.02048theta + -0.04053omega + 0.00246theta^2 + 0.00861theta omega + -0.00569omega^2 + -0.00104theta^3 + -0.00055theta^2 omega + 0.00910theta omega^2 + -0.00224omega^3
    Eq omega Phys: -0.024868*omega**3 + 0.003368*omega**2*theta - 0.033292*omega**2 - 7.0e-6*omega*theta**2 + 0.000295*omega*theta - 0.00343*omega + 1.3e-5*theta**2 - 0.000153*theta + 0.00076

--- Chunk 90517 (98/220) | Start: 2025-07-05 09:40:00 ---
    RMSE omega (GP): 0.003805 | RMSE omega (Sim): 0.056054
    Loss: 17.5994 | Epoch: 9057
    Eq omega: 0.014761 + -0.01094theta + -0.00724omega + 0.00134theta^2 + -0.00583theta omega + -0.00237omega^2 + -0.00007theta^3 + -0.00108theta^2 omega + -0.01260theta omega^2 + -0.00493omega^3
    Eq omega Phys: -0.043099*omega**3 - 0.003672*omega**2*theta + 0.055148*omega**2 - 1.0e-5*omega*theta**2 + 0.000218*omega*theta - 0.001107*omega + 2.0e-6*theta**2 - 5.3e-5*theta + 0.000489

--- Chunk 90518 (99/220) | Start: 2025-07-05 09:45:00 ---
    RMSE omega (GP): 0.003943 | RMSE omega (Sim): 0.070452
    Loss: 5.3145 | Epoch: 6912
    Eq omega: 0.075561 + -0.15467theta + -0.02354omega + 0.06482theta^2 + -0.02226theta omega + -0.07367omega^2 + -0.18433theta^3 + -0.05952theta^2 omega + 0.15626theta omega^2 + -0.04900omega^3
    Eq omega Phys: -0.16838*omega**3 + 0.017899*omega**2*theta + 0.099356*omega**2 - 0.000227*omega*theta**2 - 0.003407*omega*theta - 0.013487*omega - 2.3e-5*theta**3 - 0.000464*theta**2 - 0.003227*theta - 0.007625

--- Chunk 90519 (100/220) | Start: 2025-07-05 09:50:00 ---
    RMSE omega (GP): 0.003067 | RMSE omega (Sim): 0.046248
    Loss: 34.8412 | Epoch: 9999
    Eq omega: 0.001841 + 0.01087theta + -0.02709omega + 0.00189theta^2 + -0.00134theta omega + -0.00892omega^2 + -0.00015theta^3 + 0.00045theta^2 omega + -0.00191theta omega^2 + -0.00241omega^3
    Eq omega Phys: -0.058027*omega**3 - 0.001533*omega**2*theta + 0.006645*omega**2 + 1.2e-5*omega*theta**2 - 0.00027*omega*theta + 0.000576*omega + 6.0e-6*theta**2 - 6.0e-5*theta + 0.000175

  [Progress 100/220] Mean RMSE omega (GP): 0.004593 | (Sim): 0.075749 | Mean loss: -503770979.4730 | Valid GP: 98/100 | Valid Sim: 87/100 | Elapsed: 374.9min | ETA: 449.9min

--- Chunk 90520 (101/220) | Start: 2025-07-05 09:55:00 ---
    RMSE omega (GP): 0.003375 | RMSE omega (Sim): 0.120509
    Loss: 7.5126 | Epoch: 7234
    Eq omega: -0.020071 + -0.07087theta + -0.09710omega + 0.00789theta^2 + 0.02236theta omega + 0.06199omega^2 + -0.00329theta^3 + -0.00246theta^2 omega + -0.01210theta omega^2 + -0.01867omega^3
    Eq omega Phys: -0.109276*omega**3 - 0.002361*omega**2*theta + 0.038537*omega**2 - 1.6e-5*omega*theta**2 + 0.00048*omega*theta - 0.00515*omega - 0.e-6*theta**3 + 1.4e-5*theta**2 - 0.000163*theta + 0.000483

--- Chunk 90521 (102/220) | Start: 2025-07-05 10:00:00 ---
    RMSE omega (GP): 0.002861 | RMSE omega (Sim): 0.075688
    Loss: 19.4989 | Epoch: 7455
    Eq omega: 0.022911 + -0.00553theta + -0.02846omega + -0.00108theta^2 + 0.00586theta omega + -0.00192omega^2 + 0.00059theta^3 + -0.00289theta^2 omega + -0.00292theta omega^2 + 0.01367omega^3
    Eq omega Phys: 0.241244*omega**3 - 0.001718*omega**2*theta + 0.015799*omega**2 - 5.7e-5*omega*theta**2 + 0.001289*omega*theta - 0.008184*omega - 1.3e-5*theta**2 + 0.000129*theta - 0.00039

--- Chunk 90522 (103/220) | Start: 2025-07-05 10:05:00 ---
       (h = step size). solver will continue anyway  
      in above,  r1 =  0.2427450894658D+01   r2 =  0.1356744039022D-15
 lsoda--  warning..internal t (=r1) and h (=r2) are  
       such that in the machine, t + h = t on the next step  
       (h = step size). solver will continue anyway  
      in above,  r1 =  0.2427450894658D+01   r2 =  0.1356744039022D-15
 lsoda--  warning..internal t (=r1) and h (=r2) are  
       such that in the machine, t + h = t on the next step  
       (h = step size). solver will continue anyway  
      in above,  r1 =  0.2427450894658D+01   r2 =  0.1356744039022D-15
 lsoda--  warning..internal t (=r1) and h (=r2) are  
       such that in the machine, t + h = t on the next step  
       (h = step size). solver will continue anyway  
      in above,  r1 =  0.2427450894658D+01   r2 =  0.1115062358046D-15
 lsoda--  above warning has been issued i1 times.    
       it will not be issued again for this problem  
      in above message,  i1 =        10
 lsoda--  warning..internal t (=r1) and h (=r2) are  
       such that in the machine, t + h = t on the next step  
       (h = step size). solver will continue anyway  
      in above,  r1 =  0.2584812584586D+01   r2 =  0.1877596550075D-15
 lsoda--  warning..internal t (=r1) and h (=r2) are  
       such that in the machine, t + h = t on the next step  
       (h = step size). solver will continue anyway  
      in above,  r1 =  0.2584812584586D+01   r2 =  0.1877596550075D-15
 lsoda--  warning..internal t (=r1) and h (=r2) are  
       such that in the machine, t + h = t on the next step  
       (h = step size). solver will continue anyway  
      in above,  r1 =  0.2584812584586D+01   r2 =  0.1877596550075D-15
 lsoda--  warning..internal t (=r1) and h (=r2) are  
       such that in the machine, t + h = t on the next step  
       (h = step size). solver will continue anyway  
      in above,  r1 =  0.2584812584586D+01   r2 =  0.1543133540434D-15
 lsoda--  warning..internal t (=r1) and h (=r2) are  
       such that in the machine, t + h = t on the next step  
       (h = step size). solver will continue anyway  
      in above,  r1 =  0.2584812584586D+01   r2 =  0.1543133540434D-15
 lsoda--  warning..internal t (=r1) and h (=r2) are  
       such that in the machine, t + h = t on the next step  
       (h = step size). solver will continue anyway  
      in above,  r1 =  0.2584812584586D+01   r2 =  0.1543133540434D-15
 lsoda--  warning..internal t (=r1) and h (=r2) are  
       such that in the machine, t + h = t on the next step  
       (h = step size). solver will continue anyway  
      in above,  r1 =  0.2584812584586D+01   r2 =  0.1268249625812D-15
 lsoda--  warning..internal t (=r1) and h (=r2) are  
       such that in the machine, t + h = t on the next step  
       (h = step size). solver will continue anyway  
      in above,  r1 =  0.2584812584586D+01   r2 =  0.1268249625812D-15
 lsoda--  warning..internal t (=r1) and h (=r2) are  
       such that in the machine, t + h = t on the next step  
       (h = step size). solver will continue anyway  
      in above,  r1 =  0.2584812584586D+01   r2 =  0.1268249625812D-15
 lsoda--  warning..internal t (=r1) and h (=r2) are  
       such that in the machine, t + h = t on the next step  
       (h = step size). solver will continue anyway  
      in above,  r1 =  0.2584812584586D+01   r2 =  0.1042331768764D-15
 lsoda--  above warning has been issued i1 times.    
       it will not be issued again for this problem  
      in above message,  i1 =        10
 lsoda--  warning..internal t (=r1) and h (=r2) are  
       such that in the machine, t + h = t on the next step  
       (h = step size). solver will continue anyway  
      in above,  r1 =  0.3039295017581D+01   r2 =  0.1861107472948D-15
 lsoda--  warning..internal t (=r1) and h (=r2) are  
       such that in the machine, t + h = t on the next step  
       (h = step size). solver will continue anyway  
      in above,  r1 =  0.3039295017581D+01   r2 =  0.1861107472948D-15
 lsoda--  warning..internal t (=r1) and h (=r2) are  
       such that in the machine, t + h = t on the next step  
    RMSE omega (GP): 0.002728 | RMSE omega (Sim): nan
    Loss: 5.6386 | Epoch: 6069
    Eq omega: -0.033131 + -0.35051theta + 0.09749omega + 0.48999theta^2 + -0.04748theta omega + 0.01662omega^2 + -0.94576theta^3 + 0.86699theta^2 omega + 0.00078theta omega^2 + 0.00043omega^3
    Eq omega Phys: 0.003393*omega**3 + 0.000205*omega**2*theta + 0.008611*omega**2 + 0.007602*omega*theta**2 + 0.005623*omega*theta + 0.004268*omega - 0.000276*theta**3 - 7.2e-5*theta**2 - 0.000302*theta - 0.000208

--- Chunk 90523 (104/220) | Start: 2025-07-05 10:10:00 ---
       (h = step size). solver will continue anyway  
      in above,  r1 =  0.3039295017581D+01   r2 =  0.1861107472948D-15
 lsoda--  warning..internal t (=r1) and h (=r2) are  
       such that in the machine, t + h = t on the next step  
       (h = step size). solver will continue anyway  
      in above,  r1 =  0.3039295017581D+01   r2 =  0.1529581711468D-15
 lsoda--  warning..internal t (=r1) and h (=r2) are  
       such that in the machine, t + h = t on the next step  
       (h = step size). solver will continue anyway  
      in above,  r1 =  0.3039295017581D+01   r2 =  0.1529581711468D-15
 lsoda--  warning..internal t (=r1) and h (=r2) are  
       such that in the machine, t + h = t on the next step  
       (h = step size). solver will continue anyway  
      in above,  r1 =  0.3039295017581D+01   r2 =  0.1529581711468D-15
 lsoda--  warning..internal t (=r1) and h (=r2) are  
       such that in the machine, t + h = t on the next step  
       (h = step size). solver will continue anyway  
      in above,  r1 =  0.3039295017581D+01   r2 =  0.1257111825078D-15
 lsoda--  warning..internal t (=r1) and h (=r2) are  
       such that in the machine, t + h = t on the next step  
       (h = step size). solver will continue anyway  
      in above,  r1 =  0.3039295017581D+01   r2 =  0.1257111825078D-15
 lsoda--  warning..internal t (=r1) and h (=r2) are  
       such that in the machine, t + h = t on the next step  
       (h = step size). solver will continue anyway  
      in above,  r1 =  0.3039295017581D+01   r2 =  0.1257111825078D-15
 lsoda--  warning..internal t (=r1) and h (=r2) are  
       such that in the machine, t + h = t on the next step  
       (h = step size). solver will continue anyway  
      in above,  r1 =  0.3039295017581D+01   r2 =  0.1033177978686D-15
 lsoda--  above warning has been issued i1 times.    
       it will not be issued again for this problem  
      in above message,  i1 =        10
 lsoda--  warning..internal t (=r1) and h (=r2) are  
       such that in the machine, t + h = t on the next step  
       (h = step size). solver will continue anyway  
      in above,  r1 =  0.3965967186186D+01   r2 =  0.2091573089270D-15
 lsoda--  warning..internal t (=r1) and h (=r2) are  
       such that in the machine, t + h = t on the next step  
       (h = step size). solver will continue anyway  
      in above,  r1 =  0.3965967186186D+01   r2 =  0.2091573089270D-15
 lsoda--  warning..internal t (=r1) and h (=r2) are  
       such that in the machine, t + h = t on the next step  
       (h = step size). solver will continue anyway  
      in above,  r1 =  0.3965967186186D+01   r2 =  0.2091573089270D-15
 lsoda--  warning..internal t (=r1) and h (=r2) are  
       such that in the machine, t + h = t on the next step  
       (h = step size). solver will continue anyway  
      in above,  r1 =  0.3965967186186D+01   r2 =  0.1718993663808D-15
 lsoda--  warning..internal t (=r1) and h (=r2) are  
       such that in the machine, t + h = t on the next step  
       (h = step size). solver will continue anyway  
      in above,  r1 =  0.3965967186186D+01   r2 =  0.1718993663808D-15
 lsoda--  warning..internal t (=r1) and h (=r2) are  
       such that in the machine, t + h = t on the next step  
       (h = step size). solver will continue anyway  
      in above,  r1 =  0.3965967186186D+01   r2 =  0.1718993663808D-15
 lsoda--  warning..internal t (=r1) and h (=r2) are  
       such that in the machine, t + h = t on the next step  
       (h = step size). solver will continue anyway  
      in above,  r1 =  0.3965967186186D+01   r2 =  0.1412783149152D-15
 lsoda--  warning..internal t (=r1) and h (=r2) are  
       such that in the machine, t + h = t on the next step  
       (h = step size). solver will continue anyway  
      in above,  r1 =  0.3965967186186D+01   r2 =  0.1412783149152D-15
 lsoda--  warning..internal t (=r1) and h (=r2) are  
       such that in the machine, t + h = t on the next step  
       (h = step size). solver will continue anyway  
      in above,  r1 =  0.3965967186186D+01   r2 =  0.1412783149152D-15
    RMSE omega (GP): 0.003691 | RMSE omega (Sim): nan
    Loss: 11.2383 | Epoch: 6878
    Eq omega: -0.113021 + -0.09222theta + 0.10937omega + -0.01423theta^2 + 0.00214theta omega + -0.41890omega^2 + -0.01932theta^3 + 0.00155theta^2 omega + -0.01893theta omega^2 + 0.02977omega^3
    Eq omega Phys: 0.198352*omega**3 - 0.004204*omega**2*theta - 0.206796*omega**2 + 1.1e-5*omega*theta**2 + 8.5e-5*omega*theta + 0.003778*omega - 5.0e-6*theta**3 - 3.9e-5*theta**2 - 0.000207*theta - 0.000585

--- Chunk 90524 (105/220) | Start: 2025-07-05 10:15:00 ---
    RMSE omega (GP): nan | RMSE omega (Sim): nan
    Loss: 270.3236 | Epoch: 1083
    Eq omega: nan1 + nantheta + nanomega + nantheta^2 + nantheta omega + nanomega^2 + nantheta^3 + nantheta^2 omega + nantheta omega^2 + nanomega^3
    Eq omega Phys: N/A

--- Chunk 90525 (106/220) | Start: 2025-07-05 10:20:00 ---
    RMSE omega (GP): 0.003074 | RMSE omega (Sim): 0.062572
    Loss: 2.8265 | Epoch: 9221
    Eq omega: 0.117191 + -0.05400theta + -0.15115omega + 0.00469theta^2 + 0.02364theta omega + 0.14955omega^2 + -0.14593theta^3 + 0.16958theta^2 omega + 0.14905theta omega^2 + -0.32366omega^3
    Eq omega Phys: -1.573092*omega**3 + 0.024148*omega**2*theta + 0.17786*omega**2 + 0.000916*omega*theta**2 + 0.009242*omega*theta + 0.018251*omega - 2.6e-5*theta**3 - 0.000382*theta**2 - 0.001911*theta - 0.002958

--- Chunk 90526 (107/220) | Start: 2025-07-05 10:25:00 ---
    RMSE omega (GP): 0.002536 | RMSE omega (Sim): 0.109712
    Loss: 7.3129 | Epoch: 5339
    Eq omega: 0.081081 + -0.32667theta + 0.15997omega + -0.22166theta^2 + 0.28485theta omega + -0.01162omega^2 + -0.11324theta^3 + 0.00626theta^2 omega + -0.19377theta omega^2 + -0.02270omega^3
    Eq omega Phys: -0.220222*omega**3 - 0.062661*omega**2*theta + 0.260996*omega**2 + 6.7e-5*omega*theta**2 + 0.004823*omega*theta - 0.016496*omega - 4.1e-5*theta**3 + 0.000381*theta**2 - 0.001393*theta + 0.002323

--- Chunk 90527 (108/220) | Start: 2025-07-05 10:30:00 ---
    RMSE omega (GP): 0.002226 | RMSE omega (Sim): 0.069661
    Loss: 5.2732 | Epoch: 6260
    Eq omega: -0.004491 + -0.58550theta + -0.09535omega + -0.03626theta^2 + -0.02991theta omega + 0.01909omega^2 + -0.11520theta^3 + 0.03650theta^2 omega + -0.02625theta omega^2 + -0.08404omega^3
    Eq omega Phys: -0.740837*omega**3 - 0.007713*omega**2*theta - 0.011093*omega**2 + 0.000358*omega*theta**2 + 0.001447*omega*theta - 0.001918*omega - 3.8e-5*theta**3 - 0.000335*theta**2 - 0.001644*theta - 0.002794

--- Chunk 90528 (109/220) | Start: 2025-07-05 10:35:00 ---
    RMSE omega (GP): 0.003427 | RMSE omega (Sim): 0.084554
    Loss: -77661077504.0000 | Epoch: 5659
    Eq omega: -0.025461 + -0.36676theta + -0.02925omega + 0.21520theta^2 + 0.06087theta omega + -0.30965omega^2 + -0.22425theta^3 + 0.07793theta^2 omega + -0.02991theta omega^2 + -0.01073omega^3
    Eq omega Phys: -0.111488*omega**3 - 0.010359*omega**2*theta - 0.146536*omega**2 + 0.0009*omega*theta**2 - 0.005006*omega*theta + 0.005593*omega - 8.6e-5*theta**3 + 0.001033*theta**2 - 0.004451*theta + 0.006558

--- Chunk 90529 (110/220) | Start: 2025-07-05 10:40:00 ---
    RMSE omega (GP): 0.002559 | RMSE omega (Sim): 0.072400
    Loss: 6.1496 | Epoch: 6090
    Eq omega: 0.189541 + -0.21317theta + -0.24017omega + -0.05963theta^2 + -0.08597theta omega + 0.04521omega^2 + -0.08852theta^3 + -0.04386theta^2 omega + -0.05386theta omega^2 + -0.18779omega^3
    Eq omega Phys: -1.435449*omega**3 - 0.013723*omega**2*theta - 0.031794*omega**2 - 0.000373*omega*theta**2 - 0.004411*omega*theta - 0.019662*omega - 2.5e-5*theta**3 - 0.000333*theta**2 - 0.001694*theta - 0.002635

--- Chunk 90530 (111/220) | Start: 2025-07-05 10:45:00 ---
    RMSE omega (GP): 0.003376 | RMSE omega (Sim): nan
    Loss: -24521031548928.0000 | Epoch: 7614
    Eq omega: 0.297621 + -0.45395theta + -0.01062omega + 1.29112theta^2 + -0.25836theta omega + -0.84943omega^2 + -0.68623theta^3 + 0.02776theta^2 omega + 1.09019theta omega^2 + -0.11036omega^3
    Eq omega Phys: -0.638896*omega**3 + 0.210377*omega**2*theta + 0.062194*omega**2 + 0.000179*omega*theta**2 - 0.003044*omega*theta - 0.007418*omega - 0.000147*theta**3 - 0.000283*theta**2 + 0.000214*theta + 0.001104

--- Chunk 90531 (112/220) | Start: 2025-07-05 10:50:00 ---
    RMSE omega (GP): 0.002890 | RMSE omega (Sim): 0.080192
    Loss: -112090417201152.0000 | Epoch: 7230
    Eq omega: 0.016391 + -0.98496theta + -0.09565omega + 0.09775theta^2 + 0.67306theta omega + -0.47014omega^2 + -1.23127theta^3 + -0.94962theta^2 omega + 0.45332theta omega^2 + 0.00524omega^3
    Eq omega Phys: 0.037074*omega**3 + 0.106911*omega**2*theta + 0.086259*omega**2 - 0.007465*omega*theta**2 - 0.033036*omega*theta - 0.035762*omega - 0.000323*theta**3 - 0.002795*theta**2 - 0.009164*theta - 0.010945

--- Chunk 90532 (113/220) | Start: 2025-07-05 10:55:00 ---
    RMSE omega (GP): 0.003782 | RMSE omega (Sim): 0.064773
    Loss: 23.2913 | Epoch: 9712
    Eq omega: 0.005861 + 0.01370theta + -0.00520omega + 0.00015theta^2 + -0.00265theta omega + 0.00360omega^2 + -0.00022theta^3 + 0.00096theta^2 omega + 0.00002theta omega^2 + -0.00099omega^3
    Eq omega Phys: -0.010716*omega**3 + 7.0e-6*omega**2*theta + 0.002251*omega**2 + 1.2e-5*omega*theta**2 + 0.00023*omega*theta + 0.000912*omega - 3.0e-6*theta**2 - 2.2e-5*theta + 5.0e-5

--- Chunk 90533 (114/220) | Start: 2025-07-05 11:00:00 ---
    RMSE omega (GP): 0.002957 | RMSE omega (Sim): 0.075224
    Loss: 7.6427 | Epoch: 5900
    Eq omega: -0.065941 + -2.35657theta + -0.39594omega + 1.41855theta^2 + -0.61393theta omega + -0.26233omega^2 + -0.14502theta^3 + -0.04581theta^2 omega + 0.04622theta omega^2 + -0.00679omega^3
    Eq omega Phys: -0.053911*omega**3 + 0.012233*omega**2*theta - 0.095683*omega**2 - 0.000404*omega*theta**2 - 0.013123*omega*theta - 0.051164*omega - 4.3e-5*theta**3 + 0.0004*theta**2 + 0.001269*theta - 0.001602

--- Chunk 90534 (115/220) | Start: 2025-07-05 11:05:00 ---
    RMSE omega (GP): 0.003097 | RMSE omega (Sim): nan
    Loss: 7.1016 | Epoch: 7583
    Eq omega: 0.084611 + 0.04544theta + -0.01156omega + 0.01659theta^2 + -0.00275theta omega + -0.01315omega^2 + 0.00152theta^3 + 0.00894theta^2 omega + -0.03027theta omega^2 + 0.04211omega^3
    Eq omega Phys: 0.277382*omega**3 - 0.006646*omega**2*theta - 0.060496*omega**2 + 6.5e-5*omega*theta**2 + 0.001027*omega*theta + 0.003636*omega + 1.8e-5*theta**2 + 0.000266*theta + 0.001393

--- Chunk 90535 (116/220) | Start: 2025-07-05 11:10:00 ---
    RMSE omega (GP): 0.002633 | RMSE omega (Sim): 0.057501
    Loss: -32733128.0000 | Epoch: 6593
    Eq omega: 0.023031 + 0.01394theta + -0.09553omega + -0.10227theta^2 + -0.13216theta omega + -0.06718omega^2 + -0.90379theta^3 + -0.05513theta^2 omega + 0.06062theta omega^2 + -0.09624omega^3
    Eq omega Phys: -1.086302*omega**3 + 0.022808*omega**2*theta - 0.01534*omega**2 - 0.000691*omega*theta**2 - 0.004271*omega*theta - 0.007138*omega - 0.000378*theta**3 - 0.001355*theta**2 - 0.001601*theta - 0.000582

--- Chunk 90536 (117/220) | Start: 2025-07-05 11:15:00 ---
    RMSE omega (GP): 0.003313 | RMSE omega (Sim): 0.119558
    Loss: 8.0642 | Epoch: 4271
    Eq omega: -0.011921 + -0.73422theta + 0.00184omega + 0.20572theta^2 + -0.11434theta omega + -0.27306omega^2 + -0.13016theta^3 + -0.08615theta^2 omega + 0.03879theta omega^2 + -0.03113omega^3
    Eq omega Phys: -0.185257*omega**3 + 0.007695*omega**2*theta - 0.077942*omega**2 - 0.00057*omega*theta**2 - 0.008164*omega*theta - 0.027926*omega - 2.9e-5*theta**3 - 0.000387*theta**2 - 0.002433*theta - 0.006626

--- Chunk 90537 (118/220) | Start: 2025-07-05 11:20:00 ---
    RMSE omega (GP): 0.002445 | RMSE omega (Sim): 0.091253
    Loss: 8.0105 | Epoch: 8055
    Eq omega: 0.339011 + -0.08694theta + 0.13473omega + 0.16319theta^2 + -0.02152theta omega + 0.00664omega^2 + -0.14137theta^3 + 0.02011theta^2 omega + -0.26363theta omega^2 + -0.13674omega^3
    Eq omega Phys: -1.598825*omega**3 - 0.102749*omega**2*theta + 0.156678*omega**2 + 0.000261*omega*theta**2 - 0.001224*omega*theta + 0.005732*omega - 6.1e-5*theta**3 + 0.000386*theta**2 - 0.000837*theta + 0.001197

--- Chunk 90538 (119/220) | Start: 2025-07-05 11:25:00 ---
    RMSE omega (GP): 0.002795 | RMSE omega (Sim): nan
    Loss: -36794248.0000 | Epoch: 5347
    Eq omega: -0.459611 + -2.01770theta + -0.22052omega + 2.44364theta^2 + 0.24375theta omega + -0.05644omega^2 + -0.71020theta^3 + -0.03938theta^2 omega + -0.02975theta omega^2 + 0.19633omega^3
    Eq omega Phys: 1.775201*omega**3 - 0.008967*omega**2*theta - 0.049716*omega**2 - 0.000396*omega*theta**2 + 0.002808*omega*theta + 0.000241*omega - 0.000238*theta**3 + 0.000872*theta - 0.001277

--- Chunk 90539 (120/220) | Start: 2025-07-05 11:30:00 ---
    RMSE omega (GP): 0.002745 | RMSE omega (Sim): 0.056622
    Loss: 10.9386 | Epoch: 6702
    Eq omega: 0.018311 + 0.04334theta + -0.23981omega + 0.05950theta^2 + 0.16609theta omega + -0.05224omega^2 + -0.07060theta^3 + 0.00480theta^2 omega + 0.07096theta omega^2 + -0.00564omega^3
    Eq omega Phys: -0.063036*omega**3 + 0.026436*omega**2*theta - 0.122711*omega**2 + 6.0e-5*omega*theta**2 + 0.00297*omega*theta - 0.0189*omega - 2.9e-5*theta**3 + 0.000342*theta**2 - 0.001264*theta + 0.001529

--- Chunk 90540 (121/220) | Start: 2025-07-05 11:35:00 ---
    RMSE omega (GP): 0.003467 | RMSE omega (Sim): 0.095154
    Loss: 17.5121 | Epoch: 7840
    Eq omega: 0.098511 + 0.03087theta + 0.01667omega + 0.00008theta^2 + 0.00513theta omega + -0.00787omega^2 + 0.00018theta^3 + -0.00099theta^2 omega + 0.00504theta omega^2 + -0.00855omega^3
    Eq omega Phys: -0.089351*omega**3 + 0.001756*omega**2*theta - 0.017008*omega**2 - 1.1e-5*omega*theta**2 + 0.000263*omega*theta - 0.000725*omega - 1.0e-6*theta**2 + 4.4e-5*theta - 7.8e-5

--- Chunk 90541 (122/220) | Start: 2025-07-05 11:40:00 ---
    RMSE omega (GP): 0.002626 | RMSE omega (Sim): 0.106513
    Loss: 5.0107 | Epoch: 5483
    Eq omega: -0.006811 + -0.23388theta + -0.05195omega + -0.05793theta^2 + -0.12110theta omega + -0.10977omega^2 + -0.71362theta^3 + -0.61520theta^2 omega + 0.05390theta omega^2 + 0.12813omega^3
    Eq omega Phys: 0.90567*omega**3 + 0.012699*omega**2*theta - 0.082641*omega**2 - 0.004832*omega*theta**2 + 0.02038*omega*theta - 0.023024*omega - 0.000187*theta**3 + 0.001264*theta**2 - 0.003111*theta + 0.002726

--- Chunk 90542 (123/220) | Start: 2025-07-05 11:45:00 ---
    RMSE omega (GP): 0.002597 | RMSE omega (Sim): 0.051238
    Loss: 9.9992 | Epoch: 6630
    Eq omega: -0.067191 + -0.20870theta + -0.82082omega + -0.16761theta^2 + 0.02629theta omega + -0.41745omega^2 + -0.02594theta^3 + -0.00942theta^2 omega + -0.03769theta omega^2 + -0.01061omega^3
    Eq omega Phys: -0.145052*omega**3 - 0.017176*omega**2*theta - 0.313863*omega**2 - 0.000143*omega*theta**2 + 5.7e-5*omega*theta - 0.026755*omega - 1.3e-5*theta**3 - 0.000199*theta**2 - 0.000838*theta - 0.001067

--- Chunk 90543 (124/220) | Start: 2025-07-05 11:50:00 ---
    RMSE omega (GP): 0.002522 | RMSE omega (Sim): 0.110553
    Loss: 5.0035 | Epoch: 9149
    Eq omega: 0.210351 + -0.09448theta + -0.04909omega + -0.00639theta^2 + 0.07015theta omega + 0.05496omega^2 + -0.20807theta^3 + -0.00751theta^2 omega + -0.05902theta omega^2 + -0.06534omega^3
    Eq omega Phys: -0.495626*omega**3 - 0.014923*omega**2*theta - 0.052033*omega**2 - 6.3e-5*omega*theta**2 + 0.0005*omega*theta + 0.002837*omega - 5.8e-5*theta**3 - 0.00094*theta**2 - 0.005141*theta - 0.009092

--- Chunk 90544 (125/220) | Start: 2025-07-05 11:55:00 ---
    RMSE omega (GP): 0.002250 | RMSE omega (Sim): 0.066245
    Loss: 10.0499 | Epoch: 5356
    Eq omega: 0.026701 + -0.20781theta + -0.48171omega + 0.05250theta^2 + 0.52802theta omega + -0.13883omega^2 + -0.53858theta^3 + -0.03293theta^2 omega + -0.41580theta omega^2 + 0.00091omega^3
    Eq omega Phys: 0.013847*omega**3 - 0.210894*omega**2*theta - 0.486543*omega**2 - 0.000557*omega*theta**2 + 0.010488*omega*theta + 0.005104*omega - 0.000304*theta**3 - 0.001632*theta**2 - 0.003155*theta - 0.002128

--- Chunk 90545 (126/220) | Start: 2025-07-05 12:00:00 ---
    RMSE omega (GP): 0.002902 | RMSE omega (Sim): 0.062464
    Loss: 9.1355 | Epoch: 6441
    Eq omega: 0.080711 + -0.02239theta + -0.00027omega + 0.04163theta^2 + 0.01970theta omega + -0.01359omega^2 + -0.00176theta^3 + 0.00060theta^2 omega + 0.01493theta omega^2 + -0.02264omega^3
    Eq omega Phys: -0.196718*omega**3 + 0.004324*omega**2*theta - 0.014822*omega**2 + 6.0e-6*omega*theta**2 + 0.000333*omega*theta - 0.000605*omega - 0.e-6*theta**3 + 2.8e-5*theta**2 - 0.000116*theta + 0.000288

--- Chunk 90546 (127/220) | Start: 2025-07-05 12:05:00 ---
    RMSE omega (GP): 0.002558 | RMSE omega (Sim): 0.091765
    Loss: 7.9484 | Epoch: 5219
    Eq omega: -0.400791 + -0.75811theta + -0.16838omega + -0.06612theta^2 + -0.24095theta omega + -0.12290omega^2 + -0.04551theta^3 + -0.03153theta^2 omega + -0.07135theta omega^2 + -0.06573omega^3
    Eq omega Phys: -0.597953*omega**3 - 0.021636*omega**2*theta - 0.142645*omega**2 - 0.000319*omega*theta**2 - 0.006631*omega*theta - 0.024764*omega - 1.5e-5*theta**3 - 0.0002*theta**2 - 0.001675*theta - 0.004851

--- Chunk 90547 (128/220) | Start: 2025-07-05 12:10:00 ---
    RMSE omega (GP): 0.002768 | RMSE omega (Sim): nan
    Loss: 2.4089 | Epoch: 8770
    Eq omega: -0.036391 + 0.01201theta + 0.01489omega + -0.13027theta^2 + -0.13974theta omega + 0.41510omega^2 + -0.17510theta^3 + 0.12598theta^2 omega + -0.06814theta omega^2 + 0.00705omega^3
    Eq omega Phys: 0.038399*omega**3 - 0.012371*omega**2*theta + 0.234472*omega**2 + 0.000762*omega*theta**2 - 0.009084*omega*theta + 0.026266*omega - 3.5e-5*theta**3 + 0.000432*theta**2 - 0.00171*theta + 0.002071

--- Chunk 90548 (129/220) | Start: 2025-07-05 12:15:00 ---
    RMSE omega (GP): 0.002296 | RMSE omega (Sim): 0.072134
    Loss: 4.7812 | Epoch: 6364
    Eq omega: -0.002301 + -0.28258theta + -0.09285omega + -0.09252theta^2 + -0.01449theta omega + 0.01985omega^2 + 0.00338theta^3 + -0.00062theta^2 omega + 0.01250theta omega^2 + -0.00312omega^3
    Eq omega Phys: -0.027395*omega**3 + 0.003658*omega**2*theta + 0.019646*omega**2 - 6.0e-6*omega*theta**2 - 0.000291*omega*theta - 0.003767*omega + 1.0e-6*theta**3 - 4.8e-5*theta**2 - 0.000565*theta - 0.001083

--- Chunk 90549 (130/220) | Start: 2025-07-05 12:20:00 ---
    RMSE omega (GP): 0.002612 | RMSE omega (Sim): nan
    Loss: 4.5814 | Epoch: 7116
    Eq omega: -0.030221 + -0.04656theta + 0.05886omega + 0.00502theta^2 + -0.05275theta omega + -0.00398omega^2 + -0.00271theta^3 + 0.01887theta^2 omega + -0.00453theta omega^2 + 0.00242omega^3
    Eq omega Phys: 0.016353*omega**3 - 0.00102*omega**2*theta - 0.011656*omega**2 + 0.000142*omega*theta**2 + 0.001878*omega*theta + 0.006956*omega - 0.e-6*theta**3 - 1.7e-5*theta**2 - 0.000187*theta - 0.000918

--- Chunk 90550 (131/220) | Start: 2025-07-05 12:25:00 ---
 lsoda--  warning..internal t (=r1) and h (=r2) are  
       such that in the machine, t + h = t on the next step  
       (h = step size). solver will continue anyway  
      in above,  r1 =  0.3965967186186D+01   r2 =  0.1161119012890D-15
 lsoda--  above warning has been issued i1 times.    
       it will not be issued again for this problem  
      in above message,  i1 =        10
 lsoda--  warning..internal t (=r1) and h (=r2) are  
       such that in the machine, t + h = t on the next step  
       (h = step size). solver will continue anyway  
      in above,  r1 =  0.5537195794467D+01   r2 =  0.4078554337675D-15
 lsoda--  warning..internal t (=r1) and h (=r2) are  
       such that in the machine, t + h = t on the next step  
       (h = step size). solver will continue anyway  
      in above,  r1 =  0.5537195794467D+01   r2 =  0.4078554337675D-15
 lsoda--  warning..internal t (=r1) and h (=r2) are  
       such that in the machine, t + h = t on the next step  
       (h = step size). solver will continue anyway  
      in above,  r1 =  0.5537195794467D+01   r2 =  0.4078554337675D-15
 lsoda--  warning..internal t (=r1) and h (=r2) are  
       such that in the machine, t + h = t on the next step  
       (h = step size). solver will continue anyway  
      in above,  r1 =  0.5537195794467D+01   r2 =  0.3352026789164D-15
 lsoda--  warning..internal t (=r1) and h (=r2) are  
       such that in the machine, t + h = t on the next step  
       (h = step size). solver will continue anyway  
      in above,  r1 =  0.5537195794467D+01   r2 =  0.3352026789164D-15
 lsoda--  warning..internal t (=r1) and h (=r2) are  
       such that in the machine, t + h = t on the next step  
       (h = step size). solver will continue anyway  
      in above,  r1 =  0.5537195794467D+01   r2 =  0.3352026789164D-15
 lsoda--  warning..internal t (=r1) and h (=r2) are  
       such that in the machine, t + h = t on the next step  
       (h = step size). solver will continue anyway  
      in above,  r1 =  0.5537195794467D+01   r2 =  0.2754918206168D-15
 lsoda--  warning..internal t (=r1) and h (=r2) are  
       such that in the machine, t + h = t on the next step  
       (h = step size). solver will continue anyway  
      in above,  r1 =  0.5537195794467D+01   r2 =  0.2754918206168D-15
 lsoda--  warning..internal t (=r1) and h (=r2) are  
       such that in the machine, t + h = t on the next step  
       (h = step size). solver will continue anyway  
      in above,  r1 =  0.5537195794467D+01   r2 =  0.2754918206168D-15
 lsoda--  warning..internal t (=r1) and h (=r2) are  
       such that in the machine, t + h = t on the next step  
       (h = step size). solver will continue anyway  
      in above,  r1 =  0.5537195794467D+01   r2 =  0.2264174721980D-15
 lsoda--  above warning has been issued i1 times.    
       it will not be issued again for this problem  
      in above message,  i1 =        10
 lsoda--  warning..internal t (=r1) and h (=r2) are  
       such that in the machine, t + h = t on the next step  
       (h = step size). solver will continue anyway  
      in above,  r1 =  0.3128938235446D+01   r2 =  0.2189868478398D-15
 lsoda--  warning..internal t (=r1) and h (=r2) are  
       such that in the machine, t + h = t on the next step  
       (h = step size). solver will continue anyway  
      in above,  r1 =  0.3128938235446D+01   r2 =  0.2189868478398D-15
 lsoda--  warning..internal t (=r1) and h (=r2) are  
       such that in the machine, t + h = t on the next step  
       (h = step size). solver will continue anyway  
      in above,  r1 =  0.3128938235446D+01   r2 =  0.2189868478398D-15
 lsoda--  warning..internal t (=r1) and h (=r2) are  
       such that in the machine, t + h = t on the next step  
       (h = step size). solver will continue anyway  
      in above,  r1 =  0.3128938235446D+01   r2 =  0.1799779336175D-15
 lsoda--  warning..internal t (=r1) and h (=r2) are  
       such that in the machine, t + h = t on the next step  
       (h = step size). solver will continue anyway  
      in above,  r1 =  0.3128938235446D+01   r2 =  0.1799779336175D-15
    RMSE omega (GP): 0.002510 | RMSE omega (Sim): nan
    Loss: -1250963456.0000 | Epoch: 7639
    Eq omega: 0.089581 + -0.01503theta + 0.38715omega + -0.00420theta^2 + -0.10353theta omega + 0.03804omega^2 + -0.17019theta^3 + 0.01777theta^2 omega + -0.00013theta omega^2 + 0.05010omega^3
    Eq omega Phys: 0.686553*omega**3 - 5.9e-5*omega**2*theta + 0.025521*omega**2 + 0.000271*omega*theta**2 - 0.000613*omega*theta + 0.008225*omega - 8.6e-5*theta**3 - 0.000827*theta**2 - 0.002654*theta - 0.00271

--- Chunk 90551 (132/220) | Start: 2025-07-05 12:30:00 ---
    RMSE omega (GP): 0.002666 | RMSE omega (Sim): 0.064353
    Loss: 8.8812 | Epoch: 9059
    Eq omega: -0.005431 + 0.05642theta + 0.04009omega + -0.11642theta^2 + 0.11187theta omega + -0.03969omega^2 + -0.09371theta^3 + -0.00053theta^2 omega + -0.01097theta omega^2 + 0.01305omega^3
    Eq omega Phys: 0.119852*omega**3 - 0.003358*omega**2*theta - 0.029194*omega**2 - 5.0e-6*omega*theta**2 + 0.00204*omega*theta + 0.005755*omega - 3.2e-5*theta**3 - 0.000278*theta**2 - 0.000689*theta - 0.000526

--- Chunk 90552 (133/220) | Start: 2025-07-05 12:35:00 ---
    RMSE omega (GP): 0.001968 | RMSE omega (Sim): 0.056693
    Loss: 5.9211 | Epoch: 7364
    Eq omega: -0.085091 + 0.00915theta + -0.04729omega + 0.09173theta^2 + -0.83457theta omega + -0.07907omega^2 + -0.65815theta^3 + -0.05994theta^2 omega + -0.32447theta omega^2 + -0.00460omega^3
    Eq omega Phys: -0.051662*omega**3 - 0.12147*omega**2*theta + 0.102659*omega**2 - 0.000748*omega*theta**2 - 0.015161*omega*theta + 0.018432*omega - 0.000274*theta**3 + 0.001084*theta**2 - 0.001415*theta + 0.000456

--- Chunk 90553 (134/220) | Start: 2025-07-05 12:40:00 ---
    RMSE omega (GP): 0.002771 | RMSE omega (Sim): nan
    Loss: 9.7151 | Epoch: 8000
    Eq omega: -0.127671 + -0.17829theta + 0.02692omega + -0.18441theta^2 + -0.04607theta omega + -0.17964omega^2 + -0.53822theta^3 + 0.10270theta^2 omega + 0.01125theta omega^2 + 0.03574omega^3
    Eq omega Phys: 0.320254*omega**3 + 0.00336*omega**2*theta - 0.089291*omega**2 + 0.001023*omega*theta**2 + 0.004569*omega*theta + 0.005829*omega - 0.000179*theta**3 - 0.001529*theta**2 - 0.004538*theta - 0.00487

--- Chunk 90554 (135/220) | Start: 2025-07-05 12:45:00 ---
    RMSE omega (GP): 0.003056 | RMSE omega (Sim): 0.062418
    Loss: 10.9973 | Epoch: 7998
    Eq omega: 0.114311 + -0.09967theta + -0.01499omega + -0.21323theta^2 + 0.26891theta omega + 0.11934omega^2 + -0.07861theta^3 + -0.04987theta^2 omega + 0.01144theta omega^2 + 0.02167omega^3
    Eq omega Phys: 0.201143*omega**3 + 0.00354*omega**2*theta + 0.046852*omega**2 - 0.000514*omega*theta**2 + 0.010662*omega*theta - 0.043668*omega - 2.7e-5*theta**3 + 0.000316*theta**2 - 0.001125*theta + 0.001367

--- Chunk 90555 (136/220) | Start: 2025-07-05 12:50:00 ---
    RMSE omega (GP): 0.002488 | RMSE omega (Sim): 0.145082
    Loss: 10.0440 | Epoch: 4672
    Eq omega: -0.073831 + -0.03973theta + -0.02672omega + -0.18612theta^2 + -0.05374theta omega + -0.05828omega^2 + -0.00943theta^3 + -0.00945theta^2 omega + -0.06105theta omega^2 + 0.05671omega^3
    Eq omega Phys: 0.689626*omega**3 - 0.024747*omega**2*theta - 0.064574*omega**2 - 0.000128*omega*theta**2 - 0.001424*omega*theta - 0.002314*omega - 4.0e-6*theta**3 - 0.000146*theta**2 - 0.000352*theta - 0.000346

--- Chunk 90556 (137/220) | Start: 2025-07-05 12:55:00 ---
    RMSE omega (GP): 0.002572 | RMSE omega (Sim): nan
    Loss: 4.0608 | Epoch: 6436
    Eq omega: 0.005841 + -0.67353theta + 0.50839omega + -0.08617theta^2 + 0.00803theta omega + -0.04732omega^2 + -0.00445theta^3 + -0.00295theta^2 omega + 0.00725theta omega^2 + 0.17123omega^3
    Eq omega Phys: 1.148306*omega**3 + 0.001621*omega**2*theta - 0.018239*omega**2 - 2.2e-5*omega*theta**2 + 1.4e-5*omega*theta + 0.017126*omega - 1.0e-6*theta**3 - 5.4e-5*theta**2 - 0.001001*theta - 0.002208

--- Chunk 90557 (138/220) | Start: 2025-07-05 13:00:00 ---
    RMSE omega (GP): 0.013320 | RMSE omega (Sim): 0.039096
    Loss: 184.2922 | Epoch: 9999
    Eq omega: 0.002601 + -0.00928theta + -0.00673omega + 0.00512theta^2 + 0.00771theta omega + -0.00176omega^2 + -0.00016theta^3 + -0.00066theta^2 omega + -0.00084theta omega^2 + 0.00237omega^3
    Eq omega Phys: 0.016373*omega**3 - 0.000193*omega**2*theta - 0.005203*omega**2 - 5.0e-6*omega*theta**2 - 0.000105*omega*theta - 1.7e-5*omega + 5.0e-5*theta + 0.000691

--- Chunk 90558 (139/220) | Start: 2025-07-05 13:05:00 ---
    RMSE omega (GP): 0.002878 | RMSE omega (Sim): 0.082667
    Loss: 4.8140 | Epoch: 4939
    Eq omega: 0.331421 + -0.70055theta + -0.04285omega + -0.10541theta^2 + -0.39041theta omega + 0.02623omega^2 + -0.17669theta^3 + 0.04057theta^2 omega + -1.01177theta omega^2 + -0.09111omega^3
    Eq omega Phys: -0.594496*omega**3 - 0.220061*omega**2*theta - 0.569051*omega**2 + 0.000294*omega*theta**2 - 0.004515*omega*theta - 0.015408*omega - 4.3e-5*theta**3 - 0.000393*theta**2 - 0.001961*theta - 0.002435

--- Chunk 90559 (140/220) | Start: 2025-07-05 13:10:00 ---
    RMSE omega (GP): 0.002464 | RMSE omega (Sim): 0.060036
    Loss: 6.8779 | Epoch: 7626
    Eq omega: -0.122921 + -0.06571theta + -0.62058omega + -0.00197theta^2 + -0.01987theta omega + -0.47421omega^2 + -0.09337theta^3 + -0.29529theta^2 omega + -0.05373theta omega^2 + -0.04977omega^3
    Eq omega Phys: -0.43132*omega**3 - 0.015521*omega**2*theta - 0.344446*omega**2 - 0.002843*omega*theta**2 - 0.033174*omega*theta - 0.117435*omega - 3.0e-5*theta**3 - 0.00052*theta**2 - 0.003081*theta - 0.006474

--- Chunk 90560 (141/220) | Start: 2025-07-05 13:15:00 ---
    RMSE omega (GP): 0.003040 | RMSE omega (Sim): 0.143839
    Loss: 6.8967 | Epoch: 9756
    Eq omega: 0.050081 + -0.08012theta + 0.15880omega + -0.00863theta^2 + 0.11556theta omega + -0.03023omega^2 + -0.00770theta^3 + 0.01758theta^2 omega + -0.04275theta omega^2 + 0.00732omega^3
    Eq omega Phys: 0.048435*omega**3 - 0.009429*omega**2*theta - 0.043295*omega**2 + 0.000129*omega*theta**2 + 0.002607*omega*theta + 0.012107*omega - 2.0e-6*theta**3 - 2.2e-5*theta**2 - 0.000171*theta - 0.000255

--- Chunk 90561 (142/220) | Start: 2025-07-05 13:20:00 ---
    RMSE omega (GP): 0.002731 | RMSE omega (Sim): 0.090169
    Loss: 7.0727 | Epoch: 7692
    Eq omega: -0.277111 + -0.02961theta + -0.08161omega + 0.05805theta^2 + -0.05053theta omega + 0.05155omega^2 + -0.08367theta^3 + -0.00280theta^2 omega + -0.36654theta omega^2 + -0.17737omega^3
    Eq omega Phys: -1.514436*omega**3 - 0.104321*omega**2*theta - 0.572022*omega**2 - 2.7e-5*omega*theta**2 - 0.001204*omega*theta - 0.008762*omega - 2.6e-5*theta**3 - 0.000422*theta**2 - 0.002259*theta - 0.004652

--- Chunk 90562 (143/220) | Start: 2025-07-05 13:25:00 ---
    RMSE omega (GP): 0.003817 | RMSE omega (Sim): 0.168164
    Loss: 16.6309 | Epoch: 9764
    Eq omega: -0.069481 + -0.03298theta + 0.08076omega + 0.00399theta^2 + 0.02871theta omega + -0.03624omega^2 + -0.00028theta^3 + -0.00123theta^2 omega + -0.01102theta omega^2 + 0.01646omega^3
    Eq omega Phys: 0.12955*omega**3 - 0.002891*omega**2*theta - 0.046329*omega**2 - 1.1e-5*omega*theta**2 + 0.000284*omega*theta + 0.006408*omega - 1.6e-5*theta - 0.000366

--- Chunk 90563 (144/220) | Start: 2025-07-05 13:30:00 ---
    RMSE omega (GP): 0.002890 | RMSE omega (Sim): 0.060702
    Loss: 6.9897 | Epoch: 6281
    Eq omega: 0.114171 + -1.01387theta + -0.65703omega + 0.02690theta^2 + -0.03615theta omega + 0.17482omega^2 + -0.02029theta^3 + 0.02993theta^2 omega + -0.02362theta omega^2 + -0.26603omega^3
    Eq omega Phys: -1.9136*omega**3 - 0.005663*omega**2*theta + 0.04318*omega**2 + 0.000239*omega*theta**2 + 0.002994*omega*theta - 0.012898*omega - 5.0e-6*theta**3 - 0.000107*theta**2 - 0.001817*theta - 0.00963

--- Chunk 90564 (145/220) | Start: 2025-07-05 13:35:00 ---
    RMSE omega (GP): 0.002897 | RMSE omega (Sim): 0.046966
    Loss: 5.8564 | Epoch: 6879
    Eq omega: -0.034261 + -0.07691theta + 0.01197omega + -0.04304theta^2 + -0.02478theta omega + -0.04417omega^2 + -0.04656theta^3 + -0.00316theta^2 omega + -0.00479theta omega^2 + 0.03972omega^3
    Eq omega Phys: 0.252336*omega**3 - 0.001014*omega**2*theta - 0.01654*omega**2 - 2.2e-5*omega*theta**2 - 0.000214*omega*theta + 0.001507*omega - 1.1e-5*theta**3 + 0.000101*theta**2 - 0.000379*theta + 0.000499

--- Chunk 90565 (146/220) | Start: 2025-07-05 13:40:00 ---
    RMSE omega (GP): nan | RMSE omega (Sim): nan
    Loss: 35777.8086 | Epoch: 5
    Eq omega: nan1 + nantheta + nanomega + nantheta^2 + nantheta omega + nanomega^2 + nantheta^3 + nantheta^2 omega + nantheta omega^2 + nanomega^3
    Eq omega Phys: N/A

--- Chunk 90566 (147/220) | Start: 2025-07-05 13:45:00 ---
    RMSE omega (GP): 0.002737 | RMSE omega (Sim): nan
    Loss: 6.9383 | Epoch: 6457
    Eq omega: 0.050971 + -0.10466theta + 0.02052omega + 0.00587theta^2 + -0.00122theta omega + -0.22228omega^2 + -0.01962theta^3 + 0.01302theta^2 omega + -0.12960theta omega^2 + 0.03273omega^3
    Eq omega Phys: 0.264362*omega**3 - 0.034893*omega**2*theta - 0.228994*omega**2 + 0.000117*omega*theta**2 + 0.00074*omega*theta + 0.001855*omega - 6.0e-6*theta**3 - 5.4e-5*theta**2 - 0.000281*theta - 0.000437

--- Chunk 90567 (148/220) | Start: 2025-07-05 13:50:00 ---
    RMSE omega (GP): 0.010798 | RMSE omega (Sim): 0.085370
    Loss: 99.3267 | Epoch: 2214
    Eq omega: 0.038011 + -0.15560theta + -0.02401omega + -0.00399theta^2 + 0.00474theta omega + 0.02596omega^2 + -0.03330theta^3 + -0.02437theta^2 omega + -0.07217theta omega^2 + 0.01288omega^3
    Eq omega Phys: 0.073315*omega**3 - 0.013694*omega**2*theta + 0.089604*omega**2 - 0.000154*omega*theta**2 + 0.001831*omega*theta - 0.006233*omega - 7.0e-6*theta**3 + 0.000118*theta**2 - 0.000839*theta + 0.002335

--- Chunk 90568 (149/220) | Start: 2025-07-05 13:55:00 ---
    RMSE omega (GP): 0.002964 | RMSE omega (Sim): 0.063432
    Loss: 9.6160 | Epoch: 5245
    Eq omega: 0.038201 + -0.02965theta + 0.05669omega + -0.03428theta^2 + -0.04980theta omega + -0.06512omega^2 + -0.00428theta^3 + 0.00721theta^2 omega + -0.01293theta omega^2 + 0.00937omega^3
    Eq omega Phys: 0.076335*omega**3 - 0.003511*omega**2*theta - 0.036509*omega**2 + 6.5e-5*omega*theta**2 - 0.000769*omega*theta + 0.001291*omega - 1.0e-6*theta**3 - 2.3e-5*theta**2 - 6.4e-5*theta + 4.6e-5

--- Chunk 90569 (150/220) | Start: 2025-07-05 14:00:00 ---
    RMSE omega (GP): 0.003348 | RMSE omega (Sim): 0.083703
    Loss: 23.8160 | Epoch: 9999
    Eq omega: 0.378161 + -0.00945theta + -0.18002omega + 0.00237theta^2 + 0.00064theta omega + 0.03659omega^2 + -0.00079theta^3 + 0.00085theta^2 omega + -0.00262theta omega^2 + -0.00369omega^3
    Eq omega Phys: -0.053838*omega**3 - 0.001274*omega**2*theta + 0.000614*omega**2 + 1.4e-5*omega*theta**2 + 0.000553*omega*theta - 0.000447*omega - 2.3e-5*theta**2 - 0.000428*theta - 0.002088

  [Progress 150/220] Mean RMSE omega (GP): 0.004145 | (Sim): 0.077735 | Mean loss: -911605382531.1967 | Valid GP: 146/150 | Valid Sim: 124/150 | Elapsed: 529.8min | ETA: 247.3min

--- Chunk 90570 (151/220) | Start: 2025-07-05 14:05:00 ---
    RMSE omega (GP): 0.002691 | RMSE omega (Sim): 0.103638
    Loss: 7.4564 | Epoch: 5307
    Eq omega: -0.568531 + 0.02599theta + 0.02634omega + -0.00954theta^2 + -0.06951theta omega + 0.18351omega^2 + -0.00254theta^3 + -0.01544theta^2 omega + -0.15121theta omega^2 + 0.09561omega^3
    Eq omega Phys: 0.834951*omega**3 - 0.044017*omega**2*theta + 0.25989*omega**2 - 0.00015*omega*theta**2 - 0.000155*omega*theta + 0.003446*omega - 0.e-6*theta**3 + 3.0e-6*theta**2 + 3.8e-5*theta - 0.001313

--- Chunk 90571 (152/220) | Start: 2025-07-05 14:10:00 ---
    RMSE omega (GP): 0.002968 | RMSE omega (Sim): 0.645822
    Loss: 4.4503 | Epoch: 5830
    Eq omega: 0.087701 + -0.03933theta + -0.19079omega + 0.07789theta^2 + 0.75176theta omega + -0.16297omega^2 + -0.08446theta^3 + 0.14719theta^2 omega + -0.27307theta omega^2 + -0.00151omega^3
    Eq omega Phys: -0.008369*omega**3 - 0.050448*omega**2*theta + 0.106161*omega**2 + 0.000906*omega*theta**2 + 0.004439*omega*theta - 0.032922*omega - 1.7e-5*theta**3 + 0.000219*theta**2 - 0.000938*theta + 0.001572

--- Chunk 90572 (153/220) | Start: 2025-07-05 14:15:00 ---
    RMSE omega (GP): 0.003348 | RMSE omega (Sim): 0.068664
    Loss: 10.8258 | Epoch: 6094
    Eq omega: 0.034971 + -0.36221theta + -0.26534omega + 0.00284theta^2 + 0.14871theta omega + 0.00428omega^2 + -0.06093theta^3 + -0.05372theta^2 omega + 0.20889theta omega^2 + -0.06286omega^3
    Eq omega Phys: -0.498354*omega**3 + 0.055203*omega**2*theta - 0.088593*omega**2 - 0.000473*omega*theta**2 + 0.004105*omega*theta - 0.014316*omega - 1.8e-5*theta**3 + 9.0e-5*theta**2 - 0.000553*theta + 0.000822

--- Chunk 90573 (154/220) | Start: 2025-07-05 14:20:00 ---
 lsoda--  warning..internal t (=r1) and h (=r2) are  
       such that in the machine, t + h = t on the next step  
       (h = step size). solver will continue anyway  
      in above,  r1 =  0.3128938235446D+01   r2 =  0.1799779336175D-15
 lsoda--  warning..internal t (=r1) and h (=r2) are  
       such that in the machine, t + h = t on the next step  
       (h = step size). solver will continue anyway  
      in above,  r1 =  0.3128938235446D+01   r2 =  0.1479178174960D-15
 lsoda--  warning..internal t (=r1) and h (=r2) are  
       such that in the machine, t + h = t on the next step  
       (h = step size). solver will continue anyway  
      in above,  r1 =  0.3128938235446D+01   r2 =  0.1479178174960D-15
 lsoda--  warning..internal t (=r1) and h (=r2) are  
       such that in the machine, t + h = t on the next step  
       (h = step size). solver will continue anyway  
      in above,  r1 =  0.3128938235446D+01   r2 =  0.1479178174960D-15
 lsoda--  warning..internal t (=r1) and h (=r2) are  
       such that in the machine, t + h = t on the next step  
       (h = step size). solver will continue anyway  
      in above,  r1 =  0.3128938235446D+01   r2 =  0.1215686850897D-15
 lsoda--  above warning has been issued i1 times.    
       it will not be issued again for this problem  
      in above message,  i1 =        10
 lsoda--  warning..internal t (=r1) and h (=r2) are  
       such that in the machine, t + h = t on the next step  
       (h = step size). solver will continue anyway  
      in above,  r1 =  0.8109115202965D+01   r2 =  0.7576685212603D-15
 lsoda--  warning..internal t (=r1) and h (=r2) are  
       such that in the machine, t + h = t on the next step  
       (h = step size). solver will continue anyway  
      in above,  r1 =  0.8109115202965D+01   r2 =  0.7576685212603D-15
 lsoda--  warning..internal t (=r1) and h (=r2) are  
       such that in the machine, t + h = t on the next step  
       (h = step size). solver will continue anyway  
      in above,  r1 =  0.8109115202965D+01   r2 =  0.7576685212603D-15
 lsoda--  warning..internal t (=r1) and h (=r2) are  
       such that in the machine, t + h = t on the next step  
       (h = step size). solver will continue anyway  
      in above,  r1 =  0.8109115202965D+01   r2 =  0.6227023063723D-15
 lsoda--  warning..internal t (=r1) and h (=r2) are  
       such that in the machine, t + h = t on the next step  
       (h = step size). solver will continue anyway  
      in above,  r1 =  0.8109115202965D+01   r2 =  0.6227023063723D-15
 lsoda--  warning..internal t (=r1) and h (=r2) are  
       such that in the machine, t + h = t on the next step  
       (h = step size). solver will continue anyway  
      in above,  r1 =  0.8109115202965D+01   r2 =  0.6227023063723D-15
 lsoda--  warning..internal t (=r1) and h (=r2) are  
       such that in the machine, t + h = t on the next step  
       (h = step size). solver will continue anyway  
      in above,  r1 =  0.8109115202965D+01   r2 =  0.5117781079627D-15
 lsoda--  warning..internal t (=r1) and h (=r2) are  
       such that in the machine, t + h = t on the next step  
       (h = step size). solver will continue anyway  
      in above,  r1 =  0.8109115202965D+01   r2 =  0.5117781079627D-15
 lsoda--  warning..internal t (=r1) and h (=r2) are  
       such that in the machine, t + h = t on the next step  
       (h = step size). solver will continue anyway  
      in above,  r1 =  0.8109115202965D+01   r2 =  0.5117781079627D-15
 lsoda--  warning..internal t (=r1) and h (=r2) are  
       such that in the machine, t + h = t on the next step  
       (h = step size). solver will continue anyway  
      in above,  r1 =  0.8109115202965D+01   r2 =  0.4206132354109D-15
 lsoda--  above warning has been issued i1 times.    
       it will not be issued again for this problem  
      in above message,  i1 =        10
 lsoda--  warning..internal t (=r1) and h (=r2) are  
       such that in the machine, t + h = t on the next step  
       (h = step size). solver will continue anyway  
      in above,  r1 =  0.5159327176722D+01   r2 =  0.4436784936969D-15
    RMSE omega (GP): 0.003332 | RMSE omega (Sim): nan
    Loss: 7.8125 | Epoch: 5198
    Eq omega: 0.246781 + -0.40544theta + 0.07227omega + -0.07402theta^2 + 0.09149theta omega + -0.11809omega^2 + -0.18671theta^3 + 0.14575theta^2 omega + -0.25890theta omega^2 + 0.05512omega^3
    Eq omega Phys: 0.350569*omega**3 - 0.054888*omega**2*theta + 0.032192*omega**2 + 0.00103*omega*theta**2 - 0.001845*omega*theta + 0.002756*omega - 4.4e-5*theta**3 + 0.00017*theta**2 - 0.000659*theta + 0.001384

--- Chunk 90574 (155/220) | Start: 2025-07-05 14:25:00 ---
    RMSE omega (GP): 0.009152 | RMSE omega (Sim): 0.074115
    Loss: 75.9128 | Epoch: 9999
    Eq omega: -0.008611 + -0.03139theta + -0.00643omega + -0.00525theta^2 + 0.00115theta omega + 0.02535omega^2 + -0.00109theta^3 + 0.00003theta^2 omega + -0.00395theta omega^2 + -0.00311omega^3
    Eq omega Phys: -0.018866*omega**3 - 0.000799*omega**2*theta + 0.001872*omega**2 + 2.2e-5*omega*theta + 2.0e-5*omega - 1.1e-5*theta**2 - 0.000202*theta - 0.001226

--- Chunk 90575 (156/220) | Start: 2025-07-05 14:30:00 ---
 lsoda--  warning..internal t (=r1) and h (=r2) are  
       such that in the machine, t + h = t on the next step  
       (h = step size). solver will continue anyway  
      in above,  r1 =  0.5159327176722D+01   r2 =  0.4436784936969D-15
 lsoda--  warning..internal t (=r1) and h (=r2) are  
       such that in the machine, t + h = t on the next step  
       (h = step size). solver will continue anyway  
      in above,  r1 =  0.5159327176722D+01   r2 =  0.4436784936969D-15
 lsoda--  warning..internal t (=r1) and h (=r2) are  
       such that in the machine, t + h = t on the next step  
       (h = step size). solver will continue anyway  
      in above,  r1 =  0.5159327176722D+01   r2 =  0.3646444474591D-15
 lsoda--  warning..internal t (=r1) and h (=r2) are  
       such that in the machine, t + h = t on the next step  
       (h = step size). solver will continue anyway  
      in above,  r1 =  0.5159327176722D+01   r2 =  0.3646444474591D-15
 lsoda--  warning..internal t (=r1) and h (=r2) are  
       such that in the machine, t + h = t on the next step  
       (h = step size). solver will continue anyway  
      in above,  r1 =  0.5159327176722D+01   r2 =  0.3646444474591D-15
 lsoda--  warning..internal t (=r1) and h (=r2) are  
       such that in the machine, t + h = t on the next step  
       (h = step size). solver will continue anyway  
      in above,  r1 =  0.5159327176722D+01   r2 =  0.2996890203257D-15
 lsoda--  warning..internal t (=r1) and h (=r2) are  
       such that in the machine, t + h = t on the next step  
       (h = step size). solver will continue anyway  
      in above,  r1 =  0.5159327176722D+01   r2 =  0.2996890203257D-15
 lsoda--  warning..internal t (=r1) and h (=r2) are  
       such that in the machine, t + h = t on the next step  
       (h = step size). solver will continue anyway  
      in above,  r1 =  0.5159327176722D+01   r2 =  0.2996890203257D-15
 lsoda--  warning..internal t (=r1) and h (=r2) are  
       such that in the machine, t + h = t on the next step  
       (h = step size). solver will continue anyway  
      in above,  r1 =  0.5159327176722D+01   r2 =  0.2463043372386D-15
 lsoda--  above warning has been issued i1 times.    
       it will not be issued again for this problem  
      in above message,  i1 =        10
 lsoda--  warning..internal t (=r1) and h (=r2) are  
       such that in the machine, t + h = t on the next step  
       (h = step size). solver will continue anyway  
      in above,  r1 =  0.6616682668452D+01   r2 =  0.3902926415457D-15
 lsoda--  warning..internal t (=r1) and h (=r2) are  
       such that in the machine, t + h = t on the next step  
       (h = step size). solver will continue anyway  
      in above,  r1 =  0.6616682668452D+01   r2 =  0.3902926415457D-15
 lsoda--  warning..internal t (=r1) and h (=r2) are  
       such that in the machine, t + h = t on the next step  
       (h = step size). solver will continue anyway  
      in above,  r1 =  0.6616682668452D+01   r2 =  0.3902926415457D-15
 lsoda--  warning..internal t (=r1) and h (=r2) are  
       such that in the machine, t + h = t on the next step  
       (h = step size). solver will continue anyway  
      in above,  r1 =  0.6616682668452D+01   r2 =  0.3207684105492D-15
 lsoda--  warning..internal t (=r1) and h (=r2) are  
       such that in the machine, t + h = t on the next step  
       (h = step size). solver will continue anyway  
      in above,  r1 =  0.6616682668452D+01   r2 =  0.3207684105492D-15
 lsoda--  warning..internal t (=r1) and h (=r2) are  
       such that in the machine, t + h = t on the next step  
       (h = step size). solver will continue anyway  
      in above,  r1 =  0.6616682668452D+01   r2 =  0.3207684105492D-15
 lsoda--  warning..internal t (=r1) and h (=r2) are  
       such that in the machine, t + h = t on the next step  
       (h = step size). solver will continue anyway  
      in above,  r1 =  0.6616682668452D+01   r2 =  0.2636287807278D-15
 lsoda--  warning..internal t (=r1) and h (=r2) are  
       such that in the machine, t + h = t on the next step  
    RMSE omega (GP): 0.003276 | RMSE omega (Sim): nan
    Loss: 9.0632 | Epoch: 5263
    Eq omega: -0.010661 + -0.18685theta + 0.19993omega + 0.00068theta^2 + -0.01457theta omega + -0.02956omega^2 + -0.02021theta^3 + -0.01575theta^2 omega + -0.00750theta omega^2 + 0.06888omega^3
    Eq omega Phys: 0.465243*omega**3 - 0.001689*omega**2*theta - 0.011098*omega**2 - 0.000118*omega*theta**2 + 0.000179*omega*theta + 0.006709*omega - 5.0e-6*theta**3 + 2.7e-5*theta**2 - 0.000254*theta + 0.000362

--- Chunk 90576 (157/220) | Start: 2025-07-05 14:35:00 ---
    RMSE omega (GP): 0.003777 | RMSE omega (Sim): 0.049407
    Loss: 9.0580 | Epoch: 7876
    Eq omega: -0.007221 + -0.05483theta + -0.04290omega + -0.00008theta^2 + -0.00043theta omega + 0.00407omega^2 + -0.01830theta^3 + 0.00164theta^2 omega + 0.02793theta omega^2 + -0.10294omega^3
    Eq omega Phys: -0.558838*omega**3 + 0.005054*omega**2*theta - 0.051808*omega**2 + 1.0e-5*omega*theta**2 - 0.000216*omega*theta - 0.000255*omega - 4.0e-6*theta**3 + 0.000117*theta**2 - 0.001299*theta + 0.004996

--- Chunk 90577 (158/220) | Start: 2025-07-05 14:40:00 ---
    RMSE omega (GP): 0.002952 | RMSE omega (Sim): 0.066757
    Loss: -1276333696.0000 | Epoch: 9808
    Eq omega: -0.640191 + -0.03917theta + 0.06671omega + 0.00545theta^2 + 0.04023theta omega + -0.09061omega^2 + -0.00411theta^3 + -0.01890theta^2 omega + 0.02730theta omega^2 + -0.17654omega^3
    Eq omega Phys: -1.359292*omega**3 + 0.007007*omega**2*theta + 0.003924*omega**2 - 0.000162*omega*theta**2 - 0.00162*omega*theta - 0.001122*omega - 1.0e-6*theta**3 - 2.2e-5*theta**2 - 0.000178*theta - 0.00198

--- Chunk 90578 (159/220) | Start: 2025-07-05 14:45:00 ---
    RMSE omega (GP): 0.003767 | RMSE omega (Sim): 0.074455
    Loss: -25931821056.0000 | Epoch: 5554
    Eq omega: -0.064371 + -1.72888theta + 0.01079omega + 0.74262theta^2 + -0.01239theta omega + 0.07819omega^2 + -0.25076theta^3 + 0.02753theta^2 omega + 0.07654theta omega^2 + -0.09789omega^3
    Eq omega Phys: -0.753966*omega**3 + 0.019651*omega**2*theta + 0.089863*omega**2 + 0.000236*omega*theta**2 + 0.000996*omega*theta + 0.001365*omega - 7.2e-5*theta**3 - 0.000131*theta**2 - 0.001186*theta - 0.003515

--- Chunk 90579 (160/220) | Start: 2025-07-05 14:50:00 ---
    RMSE omega (GP): 0.004267 | RMSE omega (Sim): 0.087908
    Loss: 12.6060 | Epoch: 8394
    Eq omega: 0.013441 + -0.01903theta + -0.08509omega + 0.01192theta^2 + -0.00069theta omega + -0.01685omega^2 + -0.03977theta^3 + 0.00162theta^2 omega + 0.03964theta omega^2 + -0.00629omega^3
    Eq omega Phys: -0.034069*omega**3 + 0.007157*omega**2*theta + 0.04736*omega**2 + 1.0e-5*omega*theta**2 + 0.000139*omega*theta - 0.002345*omega - 8.0e-6*theta**3 - 0.000177*theta**2 - 0.001324*theta - 0.003326

--- Chunk 90580 (161/220) | Start: 2025-07-05 14:55:00 ---
    RMSE omega (GP): 0.003480 | RMSE omega (Sim): 0.076658
    Loss: 14.0439 | Epoch: 3311
    Eq omega: -0.020001 + -0.29889theta + 0.03118omega + -1.28071theta^2 + 0.29206theta omega + 0.41070omega^2 + -0.27300theta^3 + -0.23359theta^2 omega + -0.04412theta omega^2 + 0.04754omega^3
    Eq omega Phys: 0.421448*omega**3 - 0.013038*omega**2*theta + 0.217281*omega**2 - 0.002301*omega*theta**2 + 0.003182*omega*theta + 0.002982*omega - 9.0e-5*theta**3 - 0.000897*theta**2 - 0.001098*theta - 0.000364

--- Chunk 90581 (162/220) | Start: 2025-07-05 15:00:00 ---
    RMSE omega (GP): 0.003712 | RMSE omega (Sim): 0.124306
    Loss: 5.4273 | Epoch: 7969
    Eq omega: -0.031911 + -0.21727theta + -0.02682omega + 0.02409theta^2 + 0.00972theta omega + 0.03045omega^2 + -0.00338theta^3 + 0.02494theta^2 omega + -0.02204theta omega^2 + 0.00798omega^3
    Eq omega Phys: 0.03564*omega**3 - 0.003281*omega**2*theta - 0.019916*omega**2 + 0.000124*omega*theta**2 + 0.002514*omega*theta + 0.011839*omega - 0.e-6*theta**3 - 6.0e-6*theta**2 - 0.000198*theta - 0.001962

--- Chunk 90582 (163/220) | Start: 2025-07-05 15:05:00 ---
    RMSE omega (GP): nan | RMSE omega (Sim): nan
    Loss: 12916.9482 | Epoch: 5
    Eq omega: nan1 + nantheta + nanomega + nantheta^2 + nantheta omega + nanomega^2 + nantheta^3 + nantheta^2 omega + nantheta omega^2 + nanomega^3
    Eq omega Phys: N/A

--- Chunk 90583 (164/220) | Start: 2025-07-05 15:10:00 ---
    RMSE omega (GP): 0.002679 | RMSE omega (Sim): nan
    Loss: 8.5989 | Epoch: 6449
    Eq omega: 0.142211 + -0.18374theta + 0.11940omega + 0.09700theta^2 + 0.07233theta omega + -0.36151omega^2 + -0.05336theta^3 + -0.02580theta^2 omega + 0.07284theta omega^2 + 0.04808omega^3
    Eq omega Phys: 0.407225*omega**3 + 0.020565*omega**2*theta - 0.094133*omega**2 - 0.000243*omega*theta**2 - 0.001032*omega*theta + 0.004573*omega - 1.7e-5*theta**3 - 0.000182*theta**2 - 0.000798*theta - 0.001185

--- Chunk 90584 (165/220) | Start: 2025-07-05 15:15:00 ---
    RMSE omega (GP): 0.002906 | RMSE omega (Sim): 0.063911
    Loss: 5.7509 | Epoch: 5358
    Eq omega: -0.054141 + -0.23916theta + 0.01400omega + 0.00494theta^2 + -0.04718theta omega + 0.01970omega^2 + -0.03795theta^3 + 0.02031theta^2 omega + 0.06494theta omega^2 + -0.06743omega^3
    Eq omega Phys: -0.4478*omega**3 + 0.014375*omega**2*theta + 0.089893*omega**2 + 0.00015*omega*theta**2 + 0.000941*omega*theta + 0.001031*omega - 9.0e-6*theta**3 - 0.000154*theta**2 - 0.001118*theta - 0.003184

--- Chunk 90585 (166/220) | Start: 2025-07-05 15:20:00 ---
    RMSE omega (GP): 0.002183 | RMSE omega (Sim): 0.078358
    Loss: -190962368.0000 | Epoch: 6885
    Eq omega: 0.170351 + -1.58612theta + -0.05455omega + 0.25952theta^2 + 0.78534theta omega + 0.30237omega^2 + -1.66559theta^3 + -0.12877theta^2 omega + -0.01898theta omega^2 + -0.02587omega^3
    Eq omega Phys: -0.273334*omega**3 - 0.006685*omega**2*theta + 0.188404*omega**2 - 0.001512*omega*theta**2 + 0.019589*omega*theta - 0.025362*omega - 0.000652*theta**3 + 0.002792*theta**2 - 0.005735*theta + 0.004559

--- Chunk 90586 (167/220) | Start: 2025-07-05 15:25:00 ---
    RMSE omega (GP): 0.002981 | RMSE omega (Sim): 0.154511
    Loss: 11.7004 | Epoch: 8268
    Eq omega: -0.295511 + -0.08230theta + 0.05537omega + -0.00678theta^2 + -0.04111theta omega + -0.09450omega^2 + -0.00253theta^3 + -0.00258theta^2 omega + -0.01578theta omega^2 + -0.00499omega^3
    Eq omega Phys: -0.048029*omega**3 - 0.005063*omega**2*theta - 0.077663*omega**2 - 2.8e-5*omega*theta**2 - 0.001039*omega*theta - 0.002482*omega - 0.e-6*theta**3 - 1.7e-5*theta**2 - 0.000194*theta - 0.00121

--- Chunk 90587 (168/220) | Start: 2025-07-05 15:30:00 ---
    RMSE omega (GP): 0.004494 | RMSE omega (Sim): 0.071403
    Loss: 8.9350 | Epoch: 9142
    Eq omega: -0.016741 + -0.84200theta + -0.28849omega + 0.00493theta^2 + -0.04900theta omega + -0.04689omega^2 + -0.01629theta^3 + -0.14362theta^2 omega + -0.02020theta omega^2 + -0.07027omega^3
    Eq omega Phys: -0.278259*omega**3 - 0.002666*omega**2*theta - 0.036249*omega**2 - 0.000632*omega*theta**2 - 0.009701*omega*theta - 0.046706*omega - 2.0e-6*theta**3 - 5.0e-5*theta**2 - 0.001279*theta - 0.007584

--- Chunk 90588 (169/220) | Start: 2025-07-05 15:35:00 ---
    RMSE omega (GP): 0.002513 | RMSE omega (Sim): 0.093967
    Loss: 6.5955 | Epoch: 4959
    Eq omega: 0.012541 + -0.03358theta + 0.08817omega + 0.04654theta^2 + -0.00548theta omega + -0.01628omega^2 + -0.05147theta^3 + 0.00604theta^2 omega + -0.08537theta omega^2 + 0.00509omega^3
    Eq omega Phys: 0.04395*omega**3 - 0.024571*omega**2*theta - 0.093918*omega**2 + 5.8e-5*omega*theta**2 + 0.000304*omega*theta + 0.003296*omega - 1.6e-5*theta**3 - 0.000143*theta**2 - 0.000438*theta - 0.000456

--- Chunk 90589 (170/220) | Start: 2025-07-05 15:40:00 ---
    RMSE omega (GP): 0.002180 | RMSE omega (Sim): 0.064197
    Loss: 3.4266 | Epoch: 5879
    Eq omega: -0.038121 + -0.28408theta + -0.27250omega + -0.05320theta^2 + -0.65141theta omega + -0.12869omega^2 + -0.13394theta^3 + 0.07674theta^2 omega + -0.02246theta omega^2 + -0.24513omega^3
    Eq omega Phys: -1.800994*omega**3 - 0.005501*omega**2*theta - 0.06396*omega**2 + 0.000626*omega*theta**2 - 0.010683*omega*theta - 0.009617*omega - 3.6e-5*theta**3 - 3.5e-5*theta**2 - 0.000319*theta - 0.000101

--- Chunk 90590 (171/220) | Start: 2025-07-05 15:45:00 ---
    RMSE omega (GP): 0.003824 | RMSE omega (Sim): 0.053466
    Loss: 10.3179 | Epoch: 8153
    Eq omega: -0.097241 + -0.02557theta + 0.08434omega + -0.00301theta^2 + 0.00763theta omega + -0.03986omega^2 + -0.00066theta^3 + -0.00179theta^2 omega + -0.00575theta omega^2 + 0.02084omega^3
    Eq omega Phys: 0.113459*omega**3 - 0.001043*omega**2*theta - 0.021788*omega**2 - 1.1e-5*omega*theta**2 + 9.0e-6*omega*theta + 0.003081*omega - 3.0e-6*theta**2 - 5.0e-5*theta - 0.000428

--- Chunk 90591 (172/220) | Start: 2025-07-05 15:50:00 ---
    RMSE omega (GP): 0.005011 | RMSE omega (Sim): 0.054547
    Loss: 55.2996 | Epoch: 9999
    Eq omega: 0.009431 + 0.00384theta + -0.01200omega + 0.00020theta^2 + -0.00004theta omega + 0.00167omega^2 + 0.00000theta^3 + -0.00002theta^2 omega + 0.00010theta omega^2 + -0.00001omega^3
    Eq omega Phys: -0.000133*omega**3 + 4.4e-5*omega**2*theta + 0.001894*omega**2 - 1.1e-5*omega*theta - 0.000508*omega + 1.0e-5*theta + 0.000138

--- Chunk 90592 (173/220) | Start: 2025-07-05 15:55:00 ---
    RMSE omega (GP): 0.016185 | RMSE omega (Sim): 0.062338
    Loss: 368.0581 | Epoch: 6207
    Eq omega: 0.006551 + -0.00121theta + -0.01219omega + -0.00030theta^2 + 0.00102theta omega + 0.00197omega^2 + 0.00005theta^3 + 0.00001theta^2 omega + -0.00024theta omega^2 + -0.00021omega^3
    Eq omega Phys: -0.001968*omega**3 - 7.5e-5*omega**2*theta - 0.000668*omega**2 + 2.4e-5*omega*theta + 0.0001*omega + 1.0e-6*theta**2 + 1.9e-5*theta + 0.000105

--- Chunk 90593 (174/220) | Start: 2025-07-05 16:00:00 ---
    RMSE omega (GP): nan | RMSE omega (Sim): nan
    Loss: 34938.7852 | Epoch: 5
    Eq omega: nan1 + nantheta + nanomega + nantheta^2 + nantheta omega + nanomega^2 + nantheta^3 + nantheta^2 omega + nantheta omega^2 + nanomega^3
    Eq omega Phys: N/A

--- Chunk 90594 (175/220) | Start: 2025-07-05 16:05:00 ---
    RMSE omega (GP): 0.003079 | RMSE omega (Sim): 0.051452
    Loss: 21.8434 | Epoch: 8598
    Eq omega: 0.008821 + 0.01801theta + -0.06907omega + 0.00305theta^2 + -0.01544theta omega + -0.02025omega^2 + 0.00095theta^3 + -0.00150theta^2 omega + 0.00062theta omega^2 + -0.00062omega^3
    Eq omega Phys: -0.009339*omega**3 + 0.000311*omega**2*theta - 0.017144*omega**2 - 2.5e-5*omega*theta**2 + 8.6e-5*omega*theta - 0.001052*omega + 1.0e-6*theta**3 - 1.2e-5*theta**2 + 0.000105*theta - 0.000356

--- Chunk 90595 (176/220) | Start: 2025-07-05 16:10:00 ---
    RMSE omega (GP): 0.003891 | RMSE omega (Sim): 0.046465
    Loss: 11.6429 | Epoch: 8131
    Eq omega: -0.000561 + -0.09271theta + -0.10854omega + -0.01930theta^2 + -0.01973theta omega + 0.00433omega^2 + 0.00080theta^3 + -0.00602theta^2 omega + -0.01755theta omega^2 + -0.01232omega^3
    Eq omega Phys: -0.075769*omega**3 - 0.003598*omega**2*theta + 0.037256*omega**2 - 4.1e-5*omega*theta**2 + 0.000509*omega*theta - 0.004656*omega - 1.5e-5*theta**2 + 0.00014*theta - 9.7e-5

--- Chunk 90596 (177/220) | Start: 2025-07-05 16:15:00 ---
    RMSE omega (GP): 0.002973 | RMSE omega (Sim): nan
    Loss: 7.9257 | Epoch: 5795
    Eq omega: -0.095261 + -0.13492theta + -0.05078omega + 0.00137theta^2 + -0.00834theta omega + 0.12238omega^2 + -0.06383theta^3 + 0.08776theta^2 omega + 0.00718theta omega^2 + -0.00150omega^3
    Eq omega Phys: -0.010882*omega**3 + 0.001736*omega**2*theta + 0.051718*omega**2 + 0.000707*omega*theta**2 - 0.007034*omega*theta + 0.015784*omega - 1.7e-5*theta**3 + 0.000252*theta**2 - 0.00138*theta + 0.00252

--- Chunk 90597 (178/220) | Start: 2025-07-05 16:20:00 ---
    RMSE omega (GP): 0.003721 | RMSE omega (Sim): nan
    Loss: 7.4018 | Epoch: 7182
    Eq omega: -0.139381 + -0.01219theta + 0.15387omega + -0.00014theta^2 + -0.27046theta omega + 0.03157omega^2 + -0.00109theta^3 + 0.04270theta^2 omega + -0.00731theta omega^2 + 0.01469omega^3
    Eq omega Phys: 0.072839*omega**3 - 0.001208*omega**2*theta + 0.00129*omega**2 + 0.000235*omega*theta**2 + 0.000831*omega*theta - 0.008413*omega - 6.0e-6*theta**2 - 7.0e-5*theta - 0.000691

--- Chunk 90598 (179/220) | Start: 2025-07-05 16:25:00 ---
    RMSE omega (GP): 0.002882 | RMSE omega (Sim): 0.080961
    Loss: -804567646208.0000 | Epoch: 5291
    Eq omega: 0.070451 + -0.46861theta + 0.06355omega + -0.06267theta^2 + 0.06385theta omega + 0.03540omega^2 + -0.29919theta^3 + 0.01611theta^2 omega + -0.35651theta omega^2 + -0.09014omega^3
    Eq omega Phys: -0.559106*omega**3 - 0.07371*omega**2*theta + 0.069826*omega**2 + 0.000111*omega*theta**2 + 0.000806*omega*theta + 0.001472*omega - 6.9e-5*theta**3 + 0.000119*theta**2 - 0.000584*theta + 0.000561

--- Chunk 90599 (180/220) | Start: 2025-07-05 16:30:00 ---
    RMSE omega (GP): 0.002359 | RMSE omega (Sim): 0.109952
    Loss: 1.1134 | Epoch: 6542
    Eq omega: -0.226551 + -0.06418theta + -0.14666omega + -0.31970theta^2 + -0.30680theta omega + -0.13860omega^2 + -1.29855theta^3 + 0.15256theta^2 omega + 0.10771theta omega^2 + 0.04444omega^3
    Eq omega Phys: 0.227081*omega**3 + 0.018346*omega**2*theta - 0.10941*omega**2 + 0.000866*omega*theta**2 - 0.009151*omega*theta + 0.014137*omega - 0.000246*theta**3 + 0.001951*theta**2 - 0.005208*theta + 0.00407

--- Chunk 90600 (181/220) | Start: 2025-07-05 16:35:00 ---
    RMSE omega (GP): 0.009590 | RMSE omega (Sim): 0.134336
    Loss: 41.6543 | Epoch: 9999
    Eq omega: -0.001731 + -0.16237theta + -0.03287omega + 0.06192theta^2 + 0.00200theta omega + -0.00056omega^2 + -0.00604theta^3 + 0.00024theta^2 omega + -0.00422theta omega^2 + -0.00174omega^3
    Eq omega Phys: -0.005584*omega**3 - 0.000451*omega**2*theta - 0.008002*omega**2 + 1.0e-6*omega*theta**2 + 5.1e-5*omega*theta - 0.000461*omega - 0.e-6*theta**3 - 1.5e-5*theta**2 - 4.7e-5*theta - 0.00011

--- Chunk 90601 (182/220) | Start: 2025-07-05 16:40:00 ---
    RMSE omega (GP): 0.002667 | RMSE omega (Sim): 0.074055
    Loss: 4.6483 | Epoch: 6033
    Eq omega: -0.042301 + -0.04328theta + 0.05791omega + -0.03362theta^2 + 0.09654theta omega + -0.01683omega^2 + -0.02791theta^3 + 0.03045theta^2 omega + -0.03177theta omega^2 + -0.00843omega^3
    Eq omega Phys: -0.054467*omega**3 - 0.006842*omega**2*theta + 0.014481*omega**2 + 0.000219*omega*theta**2 + 6.9e-5*omega*theta - 0.000615*omega - 7.0e-6*theta**3 + 4.8e-5*theta**2 - 0.000148*theta + 0.000102

--- Chunk 90602 (183/220) | Start: 2025-07-05 16:45:00 ---
    RMSE omega (GP): 0.003526 | RMSE omega (Sim): 0.077777
    Loss: 2.9544 | Epoch: 8145
    Eq omega: 0.002761 + -0.05036theta + -0.15542omega + 0.00112theta^2 + -0.00453theta omega + -0.04355omega^2 + -0.00353theta^3 + 0.01589theta^2 omega + -0.01913theta omega^2 + -0.02206omega^3
    Eq omega Phys: -0.066479*omega**3 - 0.001922*omega**2*theta + 0.011854*omega**2 + 5.3e-5*omega*theta**2 - 0.001469*omega*theta + 0.004943*omega + 1.6e-5*theta**2 - 0.000277*theta + 0.001765

--- Chunk 90603 (184/220) | Start: 2025-07-05 16:50:00 ---
    RMSE omega (GP): 0.004589 | RMSE omega (Sim): 0.117424
    Loss: 28.1587 | Epoch: 9999
    Eq omega: -0.015991 + -0.02078theta + 0.00380omega + -0.00004theta^2 + -0.00461theta omega + -0.01966omega^2 + -0.00366theta^3 + -0.00610theta^2 omega + 0.00902theta omega^2 + 0.00927omega^3
    Eq omega Phys: 0.081575*omega**3 + 0.002646*omega**2*theta + 0.031796*omega**2 - 6.0e-5*omega*theta**2 - 0.001997*omega*theta - 0.016557*omega - 1.0e-6*theta**3 - 5.7e-5*theta**2 - 0.000945*theta - 0.005334

--- Chunk 90604 (185/220) | Start: 2025-07-05 16:55:00 ---
    RMSE omega (GP): 0.003465 | RMSE omega (Sim): 0.069640
    Loss: 5.6814 | Epoch: 7412
    Eq omega: -0.225321 + -0.12310theta + 0.00989omega + -0.03421theta^2 + 0.31781theta omega + -0.08816omega^2 + -0.05908theta^3 + 0.05206theta^2 omega + -0.14202theta omega^2 + 0.01078omega^3
    Eq omega Phys: 0.05452*omega**3 - 0.023942*omega**2*theta + 0.098991*omega**2 + 0.000293*omega*theta**2 + 0.001046*omega*theta - 0.014903*omega - 1.1e-5*theta**3 + 0.000172*theta**2 - 0.001019*theta + 0.001657

--- Chunk 90605 (186/220) | Start: 2025-07-05 17:00:00 ---
    RMSE omega (GP): 0.008803 | RMSE omega (Sim): 0.071482
    Loss: 87.6883 | Epoch: 9999
    Eq omega: 0.002041 + 0.00072theta + -0.04042omega + -0.00034theta^2 + 0.00054theta omega + -0.00181omega^2 + -0.00016theta^3 + 0.00041theta^2 omega + -0.00071theta omega^2 + -0.00020omega^3
    Eq omega Phys: -0.001516*omega**3 - 0.000179*omega**2*theta - 0.004709*omega**2 + 3.0e-6*omega*theta**2 + 0.000155*omega*theta + 0.000392*omega - 3.0e-6*theta**2 - 6.8e-5*theta - 0.00049

--- Chunk 90606 (187/220) | Start: 2025-07-05 17:05:00 ---
    RMSE omega (GP): 0.003496 | RMSE omega (Sim): 0.080834
    Loss: 4.1129 | Epoch: 7848
    Eq omega: 0.008331 + -0.02677theta + 0.02402omega + -0.00748theta^2 + -0.06330theta omega + -0.00135omega^2 + -0.01323theta^3 + -0.00029theta^2 omega + -0.02401theta omega^2 + -0.01827omega^3
    Eq omega Phys: -0.074409*omega**3 - 0.00326*omega**2*theta - 0.003567*omega**2 - 1.0e-6*omega*theta**2 - 0.00078*omega*theta + 6.7e-5*omega - 2.0e-6*theta**3 - 9.0e-6*theta**2 - 4.1e-5*theta - 7.0e-6

--- Chunk 90607 (188/220) | Start: 2025-07-05 17:10:00 ---
    RMSE omega (GP): 0.002693 | RMSE omega (Sim): 0.288832
    Loss: -137341728.0000 | Epoch: 8318
    Eq omega: -0.017301 + -0.27490theta + 0.15610omega + -0.03878theta^2 + -0.04241theta omega + -0.01944omega^2 + -0.04387theta^3 + 0.04967theta^2 omega + -0.00300theta omega^2 + -0.00804omega^3
    Eq omega Phys: -0.053851*omega**3 - 0.00067*omega**2*theta - 0.005394*omega**2 + 0.00037*omega*theta**2 - 0.004853*omega*theta + 0.020828*omega - 1.1e-5*theta**3 + 0.000164*theta**2 - 0.001121*theta + 0.00301

--- Chunk 90608 (189/220) | Start: 2025-07-05 17:15:00 ---
    RMSE omega (GP): 0.003262 | RMSE omega (Sim): 0.072668
    Loss: 5.6021 | Epoch: 6351
    Eq omega: 0.023281 + -0.00299theta + 0.09826omega + -0.00617theta^2 + -0.00916theta omega + 0.07212omega^2 + -0.00678theta^3 + -0.00834theta^2 omega + 0.00256theta omega^2 + -0.00340omega^3
    Eq omega Phys: -0.01731*omega**3 + 0.000434*omega**2*theta + 0.030404*omega**2 - 4.7e-5*omega*theta**2 - 0.000276*omega*theta + 0.002954*omega - 1.0e-6*theta**3 - 9.0e-6*theta**2 - 2.2e-5*theta + 4.5e-5

--- Chunk 90609 (190/220) | Start: 2025-07-05 17:20:00 ---
    RMSE omega (GP): 0.003392 | RMSE omega (Sim): nan
    Loss: 3.9292 | Epoch: 5745
    Eq omega: 0.009551 + -0.07658theta + 0.03656omega + 0.07662theta^2 + -0.07256theta omega + -0.12772omega^2 + -0.37796theta^3 + -0.02092theta^2 omega + 0.44539theta omega^2 + 0.25724omega^3
    Eq omega Phys: 1.082259*omega**3 + 0.062461*omega**2*theta + 0.174496*omega**2 - 9.8e-5*omega*theta**2 - 0.001602*omega*theta - 0.003244*omega - 5.9e-5*theta**3 - 0.000597*theta**2 - 0.002097*theta - 0.002526

--- Chunk 90610 (191/220) | Start: 2025-07-05 17:25:00 ---
    RMSE omega (GP): 0.002708 | RMSE omega (Sim): nan
    Loss: 6.1744 | Epoch: 8928
    Eq omega: 0.021991 + -0.29247theta + -0.00071omega + -0.03407theta^2 + 0.24084theta omega + -0.03550omega^2 + -0.00886theta^3 + 0.00043theta^2 omega + -0.01646theta omega^2 + 0.11754omega^3
    Eq omega Phys: 0.862056*omega**3 - 0.004024*omega**2*theta - 0.026382*omega**2 + 4.0e-6*omega*theta**2 + 0.003985*omega*theta + 0.008703*omega - 2.0e-6*theta**3 - 3.5e-5*theta**2 - 0.000442*theta - 0.000779

--- Chunk 90611 (192/220) | Start: 2025-07-05 17:30:00 ---
    RMSE omega (GP): 0.003783 | RMSE omega (Sim): 0.099893
    Loss: 1.8797 | Epoch: 9691
    Eq omega: 0.053631 + -0.71561theta + 0.02755omega + -0.24455theta^2 + -0.00415theta omega + -0.00522omega^2 + -0.00186theta^3 + 0.02521theta^2 omega + 0.01432theta omega^2 + -0.00617omega^3
    Eq omega Phys: -0.013577*omega**3 + 0.00105*omega**2*theta + 8.8e-5*omega**2 + 6.2e-5*omega*theta**2 + 0.000139*omega*theta + 0.000991*omega - 7.4e-5*theta**2 - 0.001006*theta - 0.001067

--- Chunk 90612 (193/220) | Start: 2025-07-05 17:35:00 ---
    RMSE omega (GP): 0.004463 | RMSE omega (Sim): 0.063744
    Loss: 10.3009 | Epoch: 8579
    Eq omega: 0.049281 + -0.05777theta + -0.17097omega + 0.01071theta^2 + 0.02539theta omega + 0.10565omega^2 + -0.00155theta^3 + 0.00032theta^2 omega + -0.00349theta omega^2 + -0.02064omega^3
    Eq omega Phys: -0.080137*omega**3 - 0.000452*omega**2*theta + 0.030886*omega**2 + 1.0e-6*omega*theta**2 + 0.000348*omega*theta - 0.000555*omega - 6.0e-6*theta**2 - 9.5e-5*theta - 0.000669

--- Chunk 90613 (194/220) | Start: 2025-07-05 17:40:00 ---
    RMSE omega (GP): 0.006860 | RMSE omega (Sim): 0.075987
    Loss: 42.7991 | Epoch: 9999
    Eq omega: -0.061981 + 0.10746theta + -0.02397omega + -0.06488theta^2 + 0.01750theta omega + 0.03198omega^2 + -0.03130theta^3 + -0.00430theta^2 omega + 0.01166theta omega^2 + -0.03732omega^3
    Eq omega Phys: -0.234915*omega**3 + 0.002447*omega**2*theta - 0.012927*omega**2 - 3.0e-5*omega*theta**2 + 0.000945*omega*theta - 0.007632*omega - 7.0e-6*theta**3 + 0.000214*theta**2 - 0.001917*theta + 0.004758

--- Chunk 90614 (195/220) | Start: 2025-07-05 17:45:00 ---
    RMSE omega (GP): nan | RMSE omega (Sim): nan
    Loss: 374.1476 | Epoch: 1212
    Eq omega: nan1 + nantheta + nanomega + nantheta^2 + nantheta omega + nanomega^2 + nantheta^3 + nantheta^2 omega + nantheta omega^2 + nanomega^3
    Eq omega Phys: N/A

--- Chunk 90615 (196/220) | Start: 2025-07-05 17:50:00 ---
    RMSE omega (GP): 0.003080 | RMSE omega (Sim): 0.063993
    Loss: 6.3380 | Epoch: 5284
    Eq omega: 0.002421 + -0.06355theta + -0.21886omega + 0.04969theta^2 + 0.54314theta omega + -0.49276omega^2 + -0.01195theta^3 + -0.86594theta^2 omega + 0.15033theta omega^2 + -0.16231omega^3
    Eq omega Phys: -1.037654*omega**3 + 0.032036*omega**2*theta - 0.154132*omega**2 - 0.006151*omega*theta**2 - 0.019806*omega*theta - 0.0204*omega - 3.0e-6*theta**3 + 6.0e-6*theta**2 + 2.0e-6*theta - 5.6e-5

--- Chunk 90616 (197/220) | Start: 2025-07-05 17:55:00 ---
    RMSE omega (GP): 0.006178 | RMSE omega (Sim): 0.077793
    Loss: 8.9189 | Epoch: 9135
    Eq omega: -0.144901 + -0.44015theta + -0.05126omega + -0.03839theta^2 + -0.01227theta omega + 0.20072omega^2 + -0.03379theta^3 + -0.00916theta^2 omega + 0.28747theta omega^2 + -0.05152omega^3
    Eq omega Phys: -0.112289*omega**3 + 0.020885*omega**2*theta - 0.241991*omega**2 - 2.2e-5*omega*theta**2 + 0.000519*omega*theta - 0.004604*omega - 3.0e-6*theta**3 + 0.000105*theta**2 - 0.001808*theta + 0.011798

--- Chunk 90617 (198/220) | Start: 2025-07-05 18:00:00 ---
    RMSE omega (GP): 0.014020 | RMSE omega (Sim): 0.066766
    Loss: 190.6020 | Epoch: 9999
    Eq omega: 0.026721 + -0.01383theta + -0.01609omega + 0.00037theta^2 + 0.00547theta omega + 0.00536omega^2 + -0.00011theta^3 + -0.00049theta^2 omega + -0.00252theta omega^2 + -0.00607omega^3
    Eq omega Phys: -0.03827*omega**3 - 0.00053*omega**2*theta - 0.006704*omega**2 - 3.0e-6*omega*theta**2 - 3.5e-5*omega*theta - 0.000118*omega - 1.0e-6*theta**2 - 3.2e-5*theta - 0.000278

--- Chunk 90618 (199/220) | Start: 2025-07-05 18:05:00 ---
    RMSE omega (GP): 0.004829 | RMSE omega (Sim): 0.055828
    Loss: 9.5564 | Epoch: 9999
    Eq omega: 0.131401 + 0.06289theta + -0.05231omega + -0.03307theta^2 + -0.02280theta omega + -0.04458omega^2 + -0.18730theta^3 + -0.00864theta^2 omega + 0.19876theta omega^2 + 0.03377omega^3
    Eq omega Phys: 0.118866*omega**3 + 0.02332*omega**2*theta - 0.026853*omega**2 - 3.4e-5*omega*theta**2 - 0.000227*omega*theta - 0.001623*omega - 2.4e-5*theta**3 + 2.4e-5*theta**2 + 6.4e-5*theta + 0.000391

--- Chunk 90619 (200/220) | Start: 2025-07-05 18:10:00 ---
    RMSE omega (GP): 0.003847 | RMSE omega (Sim): 0.063157
    Loss: 19.8000 | Epoch: 6720
    Eq omega: -0.167151 + -0.00057theta + -0.01578omega + -0.00492theta^2 + -0.01436theta omega + -0.01396omega^2 + -0.00154theta^3 + 0.00032theta^2 omega + -0.00618theta omega^2 + 0.00052omega^3
    Eq omega Phys: 0.00496*omega**3 - 0.001965*omega**2*theta - 0.023978*omega**2 + 3.0e-6*omega*theta**2 - 0.000214*omega*theta - 0.002511*omega - 0.e-6*theta**3 - 1.6e-5*theta**2 - 0.000161*theta - 0.000841

  [Progress 200/220] Mean RMSE omega (GP): 0.004202 | (Sim): 0.082626 | Mean loss: -687864557176.6979 | Valid GP: 193/200 | Valid Sim: 164/200 | Elapsed: 690.3min | ETA: 69.0min

--- Chunk 90620 (201/220) | Start: 2025-07-05 18:15:00 ---
    RMSE omega (GP): 0.002622 | RMSE omega (Sim): 0.053845
    Loss: 4.6435 | Epoch: 4991
    Eq omega: -0.071301 + -0.07030theta + -0.10113omega + 0.18530theta^2 + 0.00543theta omega + -0.10526omega^2 + 0.00652theta^3 + -0.06347theta^2 omega + 0.03766theta omega^2 + -0.04699omega^3
    Eq omega Phys: -0.321356*omega**3 + 0.008585*omega**2*theta - 0.000622*omega**2 - 0.000482*omega*theta**2 - 0.00549*omega*theta - 0.018993*omega + 2.0e-6*theta**3 + 0.000127*theta**2 + 0.001224*theta + 0.002988

--- Chunk 90621 (202/220) | Start: 2025-07-05 18:20:00 ---
    RMSE omega (GP): nan | RMSE omega (Sim): nan
    Loss: 121203.9766 | Epoch: 5
    Eq omega: nan1 + nantheta + nanomega + nantheta^2 + nantheta omega + nanomega^2 + nantheta^3 + nantheta^2 omega + nantheta omega^2 + nanomega^3
    Eq omega Phys: N/A

--- Chunk 90622 (203/220) | Start: 2025-07-05 18:25:00 ---
    RMSE omega (GP): 0.003206 | RMSE omega (Sim): nan
    Loss: 14.0239 | Epoch: 6170
    Eq omega: 0.305631 + -0.14513theta + 0.03878omega + -0.05677theta^2 + 0.08453theta omega + 0.05667omega^2 + -0.03041theta^3 + 0.01517theta^2 omega + 0.09918theta omega^2 + -0.04314omega^3
    Eq omega Phys: -0.41171*omega**3 + 0.031551*omega**2*theta - 0.211467*omega**2 + 0.000161*omega*theta**2 - 0.000893*omega*theta - 0.001393*omega - 1.1e-5*theta**3 + 0.000213*theta**2 - 0.001532*theta + 0.004665

--- Chunk 90623 (204/220) | Start: 2025-07-05 18:30:00 ---
    RMSE omega (GP): 0.003365 | RMSE omega (Sim): 0.070369
    Loss: 8.3918 | Epoch: 5553
    Eq omega: -0.108891 + -0.09275theta + -0.58256omega + -0.06104theta^2 + 0.03320theta omega + -0.00301omega^2 + -0.22563theta^3 + -0.01054theta^2 omega + 0.00806theta omega^2 + -0.07072omega^3
    Eq omega Phys: -0.455298*omega**3 + 0.00173*omega**2*theta - 0.012593*omega**2 - 7.5e-5*omega*theta**2 + 0.001489*omega*theta - 0.025898*omega - 5.4e-5*theta**3 + 0.001014*theta**2 - 0.006462*theta + 0.013689

--- Chunk 90624 (205/220) | Start: 2025-07-05 18:35:00 ---
    RMSE omega (GP): 0.002590 | RMSE omega (Sim): nan
    Loss: 5.8005 | Epoch: 7031
    Eq omega: 0.003141 + -0.24301theta + -0.05155omega + -0.01521theta^2 + -0.06886theta omega + 0.16060omega^2 + -0.06433theta^3 + 0.28780theta^2 omega + 0.04502theta omega^2 + -0.10425omega^3
    Eq omega Phys: -0.827123*omega**3 + 0.011906*omega**2*theta + 0.092838*omega**2 + 0.002537*omega*theta**2 + 0.003187*omega*theta - 0.000855*omega - 1.9e-5*theta**3 - 5.7e-5*theta**2 - 0.000327*theta - 0.000244

--- Chunk 90625 (206/220) | Start: 2025-07-05 18:40:00 ---
    RMSE omega (GP): 0.003907 | RMSE omega (Sim): 0.062175
    Loss: 4.6636 | Epoch: 7846
    Eq omega: -0.020271 + -0.05383theta + -0.08466omega + 0.16620theta^2 + -0.02024theta omega + -0.02277omega^2 + -0.08377theta^3 + 0.04591theta^2 omega + 0.00937theta omega^2 + -0.05429omega^3
    Eq omega Phys: -0.189858*omega**3 + 0.001092*omega**2*theta - 0.005335*omega**2 + 0.000178*omega*theta**2 + 0.000566*omega*theta - 0.002447*omega - 1.1e-5*theta**3 - 1.0e-5*theta**2 + 5.9e-5*theta - 6.0e-6

--- Chunk 90626 (207/220) | Start: 2025-07-05 18:45:00 ---
    RMSE omega (GP): 0.004411 | RMSE omega (Sim): 0.050533
    Loss: 37.6818 | Epoch: 9999
    Eq omega: 0.001671 + -0.00102theta + -0.04018omega + 0.00243theta^2 + -0.00773theta omega + -0.02067omega^2 + -0.00016theta^3 + 0.00169theta^2 omega + -0.00470theta omega^2 + -0.00825omega^3
    Eq omega Phys: -0.099398*omega**3 - 0.001888*omega**2*theta + 0.009931*omega**2 + 2.3e-5*omega*theta**2 - 0.000715*omega*theta + 0.004021*omega + 4.0e-6*theta**2 - 7.5e-5*theta + 0.000401

--- Chunk 90627 (208/220) | Start: 2025-07-05 18:50:00 ---
       (h = step size). solver will continue anyway  
      in above,  r1 =  0.6616682668452D+01   r2 =  0.2636287807278D-15
 lsoda--  warning..internal t (=r1) and h (=r2) are  
       such that in the machine, t + h = t on the next step  
       (h = step size). solver will continue anyway  
      in above,  r1 =  0.6616682668452D+01   r2 =  0.2636287807278D-15
 lsoda--  warning..internal t (=r1) and h (=r2) are  
       such that in the machine, t + h = t on the next step  
       (h = step size). solver will continue anyway  
      in above,  r1 =  0.6616682668452D+01   r2 =  0.2166676385699D-15
 lsoda--  above warning has been issued i1 times.    
       it will not be issued again for this problem  
      in above message,  i1 =        10
 lsoda--  warning..internal t (=r1) and h (=r2) are  
       such that in the machine, t + h = t on the next step  
       (h = step size). solver will continue anyway  
      in above,  r1 =  0.2879888906238D+01   r2 =  0.2205818494241D-15
 lsoda--  warning..internal t (=r1) and h (=r2) are  
       such that in the machine, t + h = t on the next step  
       (h = step size). solver will continue anyway  
      in above,  r1 =  0.2879888906238D+01   r2 =  0.2205818494241D-15
 lsoda--  warning..internal t (=r1) and h (=r2) are  
       such that in the machine, t + h = t on the next step  
       (h = step size). solver will continue anyway  
      in above,  r1 =  0.2879888906238D+01   r2 =  0.2205818494241D-15
 lsoda--  warning..internal t (=r1) and h (=r2) are  
       such that in the machine, t + h = t on the next step  
       (h = step size). solver will continue anyway  
      in above,  r1 =  0.2879888906238D+01   r2 =  0.1812888120845D-15
 lsoda--  warning..internal t (=r1) and h (=r2) are  
       such that in the machine, t + h = t on the next step  
       (h = step size). solver will continue anyway  
      in above,  r1 =  0.2879888906238D+01   r2 =  0.1812888120845D-15
 lsoda--  warning..internal t (=r1) and h (=r2) are  
       such that in the machine, t + h = t on the next step  
       (h = step size). solver will continue anyway  
      in above,  r1 =  0.2879888906238D+01   r2 =  0.1812888120845D-15
 lsoda--  warning..internal t (=r1) and h (=r2) are  
       such that in the machine, t + h = t on the next step  
       (h = step size). solver will continue anyway  
      in above,  r1 =  0.2879888906238D+01   r2 =  0.1489951846413D-15
 lsoda--  warning..internal t (=r1) and h (=r2) are  
       such that in the machine, t + h = t on the next step  
       (h = step size). solver will continue anyway  
      in above,  r1 =  0.2879888906238D+01   r2 =  0.1489951846413D-15
 lsoda--  warning..internal t (=r1) and h (=r2) are  
       such that in the machine, t + h = t on the next step  
       (h = step size). solver will continue anyway  
      in above,  r1 =  0.2879888906238D+01   r2 =  0.1489951846413D-15
 lsoda--  warning..internal t (=r1) and h (=r2) are  
       such that in the machine, t + h = t on the next step  
       (h = step size). solver will continue anyway  
      in above,  r1 =  0.2879888906238D+01   r2 =  0.1224541370982D-15
 lsoda--  above warning has been issued i1 times.    
       it will not be issued again for this problem  
      in above message,  i1 =        10
 lsoda--  warning..internal t (=r1) and h (=r2) are  
       such that in the machine, t + h = t on the next step  
       (h = step size). solver will continue anyway  
      in above,  r1 =  0.5652143798885D+01   r2 =  0.3960993963067D-15
 lsoda--  warning..internal t (=r1) and h (=r2) are  
       such that in the machine, t + h = t on the next step  
       (h = step size). solver will continue anyway  
      in above,  r1 =  0.5652143798885D+01   r2 =  0.3960993963067D-15
 lsoda--  warning..internal t (=r1) and h (=r2) are  
       such that in the machine, t + h = t on the next step  
       (h = step size). solver will continue anyway  
      in above,  r1 =  0.5652143798885D+01   r2 =  0.3960993963067D-15
 lsoda--  warning..internal t (=r1) and h (=r2) are  
       such that in the machine, t + h = t on the next step  
    RMSE omega (GP): 0.003015 | RMSE omega (Sim): nan
    Loss: 10.5775 | Epoch: 7461
    Eq omega: -0.038101 + -0.24464theta + 0.00695omega + -0.25171theta^2 + -0.23829theta omega + -0.26704omega^2 + -0.63046theta^3 + 0.14742theta^2 omega + 0.03387theta omega^2 + 0.01290omega^3
    Eq omega Phys: 0.109172*omega**3 + 0.009555*omega**2*theta - 0.128744*omega**2 + 0.001386*omega*theta**2 - 0.000421*omega*theta - 0.002946*omega - 0.000198*theta**3 - 0.000961*theta**2 - 0.001791*theta - 0.001239

--- Chunk 90628 (209/220) | Start: 2025-07-05 18:55:00 ---
    RMSE omega (GP): 0.002940 | RMSE omega (Sim): 0.057596
    Loss: 11.6932 | Epoch: 6330
    Eq omega: 0.288681 + -0.00875theta + -0.03195omega + -0.00993theta^2 + -0.01323theta omega + -0.04314omega^2 + -0.00113theta^3 + -0.00127theta^2 omega + -0.00913theta omega^2 + -0.02775omega^3
    Eq omega Phys: -0.290102*omega**3 - 0.003182*omega**2*theta - 0.00021*omega**2 - 1.5e-5*omega*theta**2 - 2.6e-5*omega*theta + 7.2e-5*omega + 4.0e-6*theta**2 + 1.1e-5*theta + 0.000429

--- Chunk 90629 (210/220) | Start: 2025-07-05 19:00:00 ---
    RMSE omega (GP): 0.002673 | RMSE omega (Sim): 0.077441
    Loss: 2.7466 | Epoch: 8492
    Eq omega: -0.044671 + -0.17041theta + -0.01598omega + -0.03692theta^2 + 0.06135theta omega + 0.01353omega^2 + -0.00449theta^3 + 0.00449theta^2 omega + -0.00912theta omega^2 + -0.01146omega^3
    Eq omega Phys: -0.055663*omega**3 - 0.001477*omega**2*theta + 0.003774*omega**2 + 2.4e-5*omega*theta**2 + 0.000878*omega*theta + 0.000429*omega - 0.e-6*theta**3 - 1.9e-5*theta**2 - 0.00023*theta - 0.00036

--- Chunk 90630 (211/220) | Start: 2025-07-05 19:05:00 ---
    RMSE omega (GP): 0.003619 | RMSE omega (Sim): 0.052287
    Loss: 20.7303 | Epoch: 9999
    Eq omega: 0.361211 + -0.01745theta + 0.01610omega + 0.00170theta^2 + 0.01305theta omega + 0.00504omega^2 + -0.00045theta^3 + -0.00055theta^2 omega + -0.00040theta omega^2 + -0.00860omega^3
    Eq omega Phys: -0.09306*omega**3 - 0.000144*omega**2*theta + 0.003943*omega**2 - 7.0e-6*omega*theta**2 + 0.000345*omega*theta - 0.001389*omega + 5.0e-6*theta**2 - 5.6e-5*theta + 0.000883

--- Chunk 90631 (212/220) | Start: 2025-07-05 19:10:00 ---
    RMSE omega (GP): 0.002653 | RMSE omega (Sim): 0.093866
    Loss: 7.2991 | Epoch: 6252
    Eq omega: -0.001081 + -0.18700theta + -0.13417omega + -0.20698theta^2 + -0.21125theta omega + 0.02756omega^2 + -0.66487theta^3 + -0.18875theta^2 omega + 0.02743theta omega^2 + 0.06293omega^3
    Eq omega Phys: 0.569058*omega**3 + 0.008268*omega**2*theta - 0.005163*omega**2 - 0.001896*omega*theta**2 + 0.005444*omega*theta - 0.006408*omega - 0.000223*theta**3 + 0.001513*theta**2 - 0.003612*theta + 0.00304

--- Chunk 90632 (213/220) | Start: 2025-07-05 19:15:00 ---
    RMSE omega (GP): 0.002605 | RMSE omega (Sim): 0.061890
    Loss: 9.1273 | Epoch: 9380
    Eq omega: 0.048091 + -0.00293theta + -0.91556omega + 0.05801theta^2 + -0.01535theta omega + 0.13627omega^2 + -0.01600theta^3 + 0.00462theta^2 omega + -0.22925theta omega^2 + -0.06674omega^3
    Eq omega Phys: -0.685291*omega**3 - 0.078465*omega**2*theta + 0.451388*omega**2 + 5.3e-5*omega*theta**2 - 0.000799*omega*theta - 0.027918*omega - 6.0e-6*theta**3 + 0.000124*theta**2 - 0.00077*theta + 0.001599

--- Chunk 90633 (214/220) | Start: 2025-07-05 19:20:00 ---
    RMSE omega (GP): 0.002335 | RMSE omega (Sim): 0.072460
    Loss: 3.1066 | Epoch: 6918
    Eq omega: 0.101151 + -0.17293theta + 0.07166omega + 0.12274theta^2 + -0.16994theta omega + 0.04559omega^2 + -0.01467theta^3 + 0.04601theta^2 omega + -0.21039theta omega^2 + -0.00725omega^3
    Eq omega Phys: -0.046282*omega**3 - 0.044769*omega**2*theta + 0.093728*omega**2 + 0.000326*omega*theta**2 - 0.003673*omega*theta + 0.007492*omega - 3.0e-6*theta**3 + 8.0e-5*theta**2 - 0.000424*theta + 0.000736

--- Chunk 90634 (215/220) | Start: 2025-07-05 19:25:00 ---
       (h = step size). solver will continue anyway  
      in above,  r1 =  0.5652143798885D+01   r2 =  0.3255407896961D-15
 lsoda--  warning..internal t (=r1) and h (=r2) are  
       such that in the machine, t + h = t on the next step  
       (h = step size). solver will continue anyway  
      in above,  r1 =  0.5652143798885D+01   r2 =  0.3255407896961D-15
 lsoda--  warning..internal t (=r1) and h (=r2) are  
       such that in the machine, t + h = t on the next step  
       (h = step size). solver will continue anyway  
      in above,  r1 =  0.5652143798885D+01   r2 =  0.3255407896961D-15
 lsoda--  warning..internal t (=r1) and h (=r2) are  
       such that in the machine, t + h = t on the next step  
       (h = step size). solver will continue anyway  
      in above,  r1 =  0.5652143798885D+01   r2 =  0.2675510406788D-15
 lsoda--  warning..internal t (=r1) and h (=r2) are  
       such that in the machine, t + h = t on the next step  
       (h = step size). solver will continue anyway  
      in above,  r1 =  0.5652143798885D+01   r2 =  0.2675510406788D-15
 lsoda--  warning..internal t (=r1) and h (=r2) are  
       such that in the machine, t + h = t on the next step  
       (h = step size). solver will continue anyway  
      in above,  r1 =  0.5652143798885D+01   r2 =  0.2675510406788D-15
 lsoda--  warning..internal t (=r1) and h (=r2) are  
       such that in the machine, t + h = t on the next step  
       (h = step size). solver will continue anyway  
      in above,  r1 =  0.5652143798885D+01   r2 =  0.2198912136266D-15
 lsoda--  above warning has been issued i1 times.    
       it will not be issued again for this problem  
      in above message,  i1 =        10
 lsoda--  warning..internal t (=r1) and h (=r2) are  
       such that in the machine, t + h = t on the next step  
       (h = step size). solver will continue anyway  
      in above,  r1 =  0.4741471155706D+01   r2 =  0.3991551391641D-15
 lsoda--  warning..internal t (=r1) and h (=r2) are  
       such that in the machine, t + h = t on the next step  
       (h = step size). solver will continue anyway  
      in above,  r1 =  0.4741471155706D+01   r2 =  0.3991551391641D-15
 lsoda--  warning..internal t (=r1) and h (=r2) are  
       such that in the machine, t + h = t on the next step  
       (h = step size). solver will continue anyway  
      in above,  r1 =  0.4741471155706D+01   r2 =  0.3991551391641D-15
 lsoda--  warning..internal t (=r1) and h (=r2) are  
       such that in the machine, t + h = t on the next step  
       (h = step size). solver will continue anyway  
      in above,  r1 =  0.4741471155706D+01   r2 =  0.3280522297964D-15
 lsoda--  warning..internal t (=r1) and h (=r2) are  
       such that in the machine, t + h = t on the next step  
       (h = step size). solver will continue anyway  
      in above,  r1 =  0.4741471155706D+01   r2 =  0.3280522297964D-15
 lsoda--  warning..internal t (=r1) and h (=r2) are  
       such that in the machine, t + h = t on the next step  
       (h = step size). solver will continue anyway  
      in above,  r1 =  0.4741471155706D+01   r2 =  0.3280522297964D-15
 lsoda--  warning..internal t (=r1) and h (=r2) are  
       such that in the machine, t + h = t on the next step  
       (h = step size). solver will continue anyway  
      in above,  r1 =  0.4741471155706D+01   r2 =  0.2696151295894D-15
 lsoda--  warning..internal t (=r1) and h (=r2) are  
       such that in the machine, t + h = t on the next step  
       (h = step size). solver will continue anyway  
      in above,  r1 =  0.4741471155706D+01   r2 =  0.2696151295894D-15
 lsoda--  warning..internal t (=r1) and h (=r2) are  
       such that in the machine, t + h = t on the next step  
       (h = step size). solver will continue anyway  
      in above,  r1 =  0.4741471155706D+01   r2 =  0.2696151295894D-15
 lsoda--  warning..internal t (=r1) and h (=r2) are  
       such that in the machine, t + h = t on the next step  
       (h = step size). solver will continue anyway  
      in above,  r1 =  0.4741471155706D+01   r2 =  0.2215876343340D-15
    RMSE omega (GP): 0.002799 | RMSE omega (Sim): nan
    Loss: 5.6763 | Epoch: 4879
    Eq omega: -0.048461 + -0.73932theta + -0.06588omega + 1.35921theta^2 + 0.21528theta omega + -0.56191omega^2 + -2.31898theta^3 + 0.70031theta^2 omega + 1.33723theta omega^2 + 0.00762omega^3
    Eq omega Phys: 0.056289*omega**3 + 0.329269*omega**2*theta - 1.012773*omega**2 + 0.005748*omega*theta**2 - 0.022064*omega*theta + 0.018425*omega - 0.000634*theta**3 + 0.004992*theta**2 - 0.013619*theta + 0.012472

--- Chunk 90635 (216/220) | Start: 2025-07-05 19:30:00 ---
    RMSE omega (GP): 0.004605 | RMSE omega (Sim): 0.091584
    Loss: 38.3210 | Epoch: 9999
    Eq omega: 0.016401 + -0.02297theta + 0.03900omega + -0.00545theta^2 + 0.00245theta omega + 0.01336omega^2 + -0.00031theta^3 + -0.00019theta^2 omega + 0.00058theta omega^2 + 0.00062omega^3
    Eq omega Phys: 0.006985*omega**3 + 0.000218*omega**2*theta + 0.004306*omega**2 - 2.0e-6*omega*theta**2 + 0.000135*omega*theta - 0.000347*omega + 3.0e-6*theta**2 - 1.6e-5*theta + 3.8e-5

--- Chunk 90636 (217/220) | Start: 2025-07-05 19:35:00 ---
    RMSE omega (GP): nan | RMSE omega (Sim): nan
    Loss: 617.4857 | Epoch: 1255
    Eq omega: nan1 + nantheta + nanomega + nantheta^2 + nantheta omega + nanomega^2 + nantheta^3 + nantheta^2 omega + nantheta omega^2 + nanomega^3
    Eq omega Phys: N/A

--- Chunk 90637 (218/220) | Start: 2025-07-05 19:40:00 ---
    RMSE omega (GP): 0.002647 | RMSE omega (Sim): 0.110513
    Loss: 5.7375 | Epoch: 9161
    Eq omega: 0.003161 + -0.20702theta + 0.04848omega + 0.05234theta^2 + 0.00759theta omega + -0.19409omega^2 + -0.02150theta^3 + 0.00334theta^2 omega + 0.03787theta omega^2 + -0.04758omega^3
    Eq omega Phys: -0.341935*omega**3 + 0.009072*omega**2*theta - 0.16146*omega**2 + 2.7e-5*omega*theta**2 - 0.000267*omega*theta + 0.00214*omega - 6.0e-6*theta**3 + 0.000154*theta**2 - 0.001569*theta + 0.005471

--- Chunk 90638 (219/220) | Start: 2025-07-05 19:45:00 ---
    RMSE omega (GP): 0.002869 | RMSE omega (Sim): nan
    Loss: 5.6095 | Epoch: 6140
    Eq omega: 0.275961 + -0.95723theta + 0.19970omega + -0.00811theta^2 + -0.41636theta omega + 0.18892omega^2 + -0.08664theta^3 + -0.24683theta^2 omega + 0.26783theta omega^2 + 0.11210omega^3
    Eq omega Phys: 0.731509*omega**3 + 0.058258*omega**2*theta - 0.044037*omega**2 - 0.00179*omega*theta**2 + 0.001646*omega*theta + 0.012131*omega - 2.1e-5*theta**3 + 0.000138*theta**2 - 0.001368*theta + 0.003293

--- Chunk 90639 (220/220) | Start: 2025-07-05 19:50:00 ---
    RMSE omega (GP): 0.004831 | RMSE omega (Sim): 0.070627
    Loss: 59.9206 | Epoch: 9999
    Eq omega: -0.054441 + -0.00432theta + 0.00419omega + 0.00112theta^2 + 0.00059theta omega + -0.01683omega^2 + -0.00012theta^3 + 0.00014theta^2 omega + -0.00069theta omega^2 + -0.00428omega^3
    Eq omega Phys: -0.068824*omega**3 - 0.00037*omega**2*theta - 0.007421*omega**2 + 3.0e-6*omega*theta**2 - 5.2e-5*omega*theta + 0.000388*omega + 4.0e-6*theta**2 - 6.7e-5*theta + 0.000307

  [Progress 220/220] Mean RMSE omega (GP): 0.004117 | (Sim): 0.081784 | Mean loss: -625331415060.2833 | Valid GP: 211/220 | Valid Sim: 177/220 | Elapsed: 751.7min | ETA: 0.0min

============================================================
EVALUATION COMPLETE — Chunks [90420, 90639]
============================================================
Chunks processed: 220
Chunks succeeded GP:  211 (95.9%)
Chunks succeeded Sim: 177 (80.5%)
Mean GP RMSE omega:   0.004117 ± 0.002355
Mean SIM RMSE omega:  0.081784 ± 0.056011
Mean Loss:            -625331415060.2833 ± 7710727220609.3447
Elapsed time:     751.7 minutes

Per-chunk CSV: /pfs/data6/home/ka/ka_iai/ka_bj2362/dsr/svise/results_5min_all_chunks/run_SLURM_3718515/chunks_90420_to_90639_20260321_111422.csv
Summary JSON:  /pfs/data6/home/ka/ka_iai/ka_bj2362/dsr/svise/results_5min_all_chunks/run_SLURM_3718515/summary_90420_to_90639_20260321_111422.json
============================================================
 lsoda--  above warning has been issued i1 times.    
       it will not be issued again for this problem  
      in above message,  i1 =        10

============================= JOB FEEDBACK =============================

NodeName=uc3n013
Job ID: 3720328
Array Job ID: 3718515_411
Cluster: uc3
User/Group: ka_bj2362/ka_iai
State: COMPLETED (exit code 0)
Nodes: 1
Cores per node: 4
CPU Utilized: 12:25:33
CPU Efficiency: 24.78% of 2-02:09:08 core-walltime
Job Wall-clock time: 12:32:17
Memory Utilized: 3.43 GB
Memory Efficiency: 28.61% of 12.00 GB (12.00 GB/node)
