Array task 428: processing chunks 94160 to 94379
Loading data from /pfs/data6/home/ka/ka_iai/ka_bj2362/dsr/svise/../dataset/South_Korea_2024-08-15_2025-08-31_1s.parquet...
Finding all valid 5-minute chunks in the dataset...
Found 107059 valid 5-minute chunks in total.

============================================================
SVISE FINAL EVALUATION — ALL CHUNKS
============================================================
Hyperparameters: {
  "model": "integrator",
  "sigma": 0,
  "degree": 3,
  "tau": 0.5,
  "lr": 0.001,
  "n_tau": 200,
  "measurement_noise": 0.0001,
  "n_reparam_samples": 15
}
Total valid chunks in dataset: 107059
Processing chunk range: [94160, 94379] (220 chunks)
Early stopping: patience=300, max_epochs=10000
============================================================


--- Chunk 94160 (1/220) | Start: 2025-07-18 01:45:00 ---
/pfs/data6/home/ka/ka_iai/ka_bj2362/dsr/svise/svise/sde_learning/_marginal_sde.py:284: UserWarning: torch.triangular_solve is deprecated in favor of torch.linalg.solve_triangularand will be removed in a future PyTorch release.
torch.linalg.solve_triangular has its arguments reversed and does not return a copy of one of the inputs.
X = torch.triangular_solve(B, A).solution
should be replaced with
X = torch.linalg.solve_triangular(A, B). (Triggered internally at ../aten/src/ATen/native/BatchLinearAlgebra.cpp:2192.)
  return torch.triangular_solve(self.raw_w, self.C.t()).solution
/pfs/data6/home/ka/ka_iai/ka_bj2362/dsr/svise/svise/quadrature/_unbiased_quadrature.py:196: UserWarning: Interp is nan, reducing interp degree.
  warnings.warn("Interp is nan, reducing interp degree.")
    RMSE omega (GP): 0.002370 | RMSE omega (Sim): 0.059855
    Loss: 7.5046 | Epoch: 5104
    Eq omega: -0.198951 + -0.97820theta + -0.11303omega + -0.25768theta^2 + -0.00443theta omega + 0.29112omega^2 + -1.00382theta^3 + 0.09170theta^2 omega + 0.13799theta omega^2 + -0.09888omega^3
    Eq omega Phys: -1.183413*omega**3 + 0.05505*omega**2*theta + 0.270793*omega**2 + 0.001219*omega*theta**2 + 0.003757*omega*theta - 0.000875*omega - 0.000445*theta**3 - 0.002288*theta**2 - 0.004986*theta - 0.004268

--- Chunk 94161 (2/220) | Start: 2025-07-18 01:50:00 ---
/pfs/data6/home/ka/ka_iai/ka_bj2362/dsr/svise/svise/quadrature/_unbiased_quadrature.py:174: UserWarning: NaN detected in fxq (quadrature node evaluations). Clamping to 0.
  warnings.warn("NaN detected in fxq (quadrature node evaluations). Clamping to 0.")
/pfs/data6/home/ka/ka_iai/ka_bj2362/dsr/svise/svise/quadrature/_unbiased_quadrature.py:177: UserWarning: NaN detected in fmc (Monte-Carlo node evaluations). Clamping to 0.
  warnings.warn("NaN detected in fmc (Monte-Carlo node evaluations). Clamping to 0.")
    RMSE omega (GP): nan | RMSE omega (Sim): nan
    Loss: 18016.7539 | Epoch: 5
    Eq omega: nan1 + nantheta + nanomega + nantheta^2 + nantheta omega + nanomega^2 + nantheta^3 + nantheta^2 omega + nantheta omega^2 + nanomega^3
    Eq omega Phys: N/A

--- Chunk 94162 (3/220) | Start: 2025-07-18 01:55:00 ---
    RMSE omega (GP): 0.002851 | RMSE omega (Sim): 0.055069
    Loss: -974813952.0000 | Epoch: 5180
    Eq omega: -0.120671 + -0.36194theta + -0.10963omega + 0.12569theta^2 + 0.01490theta omega + 0.04433omega^2 + -0.67911theta^3 + -0.32837theta^2 omega + 0.03661theta omega^2 + 0.02028omega^3
    Eq omega Phys: 0.25816*omega**3 + 0.015535*omega**2*theta + 0.053776*omega**2 - 0.004645*omega*theta**2 - 0.014565*omega*theta - 0.015068*omega - 0.00032*theta**3 - 0.001449*theta**2 - 0.002578*theta - 0.001935

--- Chunk 94163 (4/220) | Start: 2025-07-18 02:00:00 ---
    RMSE omega (GP): 0.003820 | RMSE omega (Sim): 0.074429
    Loss: 5.7226 | Epoch: 6791
    Eq omega: -0.016571 + -0.28906theta + 0.04089omega + -0.04162theta^2 + 0.03836theta omega + 0.05446omega^2 + -0.05651theta^3 + 0.04277theta^2 omega + -0.04202theta omega^2 + -0.02182omega^3
    Eq omega Phys: -0.091139*omega**3 - 0.00585*omega**2*theta + 0.029799*omega**2 + 0.000198*omega*theta**2 - 0.000166*omega*theta + 0.001111*omega - 9.0e-6*theta**3 + 2.5e-5*theta**2 - 0.000334*theta + 0.000463

--- Chunk 94164 (5/220) | Start: 2025-07-18 02:05:00 ---
    RMSE omega (GP): 0.003024 | RMSE omega (Sim): 0.088863
    Loss: 8.4957 | Epoch: 6470
    Eq omega: 0.060361 + -0.32478theta + -0.13502omega + -0.20795theta^2 + 0.06206theta omega + 0.09176omega^2 + -0.07442theta^3 + -0.00493theta^2 omega + 0.01246theta omega^2 + -0.03527omega^3
    Eq omega Phys: -0.281522*omega**3 + 0.003315*omega**2*theta + 0.063778*omega**2 - 4.4e-5*omega*theta**2 + 0.000633*omega*theta - 0.000283*omega - 2.2e-5*theta**3 - 0.000447*theta**2 - 0.003168*theta - 0.007281

--- Chunk 94165 (6/220) | Start: 2025-07-18 02:10:00 ---
    RMSE omega (GP): 0.002655 | RMSE omega (Sim): 0.076573
    Loss: 6.3941 | Epoch: 5338
    Eq omega: -0.055371 + -0.65700theta + 0.00120omega + -0.20721theta^2 + 0.03775theta omega + 0.09034omega^2 + -0.02091theta^3 + 0.01504theta^2 omega + -0.05551theta omega^2 + -0.00355omega^3
    Eq omega Phys: -0.030269*omega**3 - 0.015777*omega**2*theta + 0.024306*omega**2 + 0.000142*omega*theta**2 + 0.001102*omega*theta + 0.00138*omega - 7.0e-6*theta**3 - 0.000153*theta**2 - 0.001146*theta - 0.001523

--- Chunk 94166 (7/220) | Start: 2025-07-18 02:15:00 ---
    RMSE omega (GP): nan | RMSE omega (Sim): nan
    Loss: 16102.1699 | Epoch: 5
    Eq omega: nan1 + nantheta + nanomega + nantheta^2 + nantheta omega + nanomega^2 + nantheta^3 + nantheta^2 omega + nantheta omega^2 + nanomega^3
    Eq omega Phys: N/A

--- Chunk 94167 (8/220) | Start: 2025-07-18 02:20:00 ---
    RMSE omega (GP): 0.002933 | RMSE omega (Sim): 0.067525
    Loss: 13.4274 | Epoch: 4680
    Eq omega: -0.154661 + -0.31134theta + 0.02290omega + 0.00615theta^2 + 0.12208theta omega + 0.07297omega^2 + -0.39575theta^3 + 0.12616theta^2 omega + -0.16682theta omega^2 + 0.00039omega^3
    Eq omega Phys: 0.005105*omega**3 - 0.072783*omega**2*theta - 0.082146*omega**2 + 0.001835*omega*theta**2 + 0.00926*omega*theta + 0.011462*omega - 0.000192*theta**3 - 0.001026*theta**2 - 0.002176*theta - 0.001967

--- Chunk 94168 (9/220) | Start: 2025-07-18 02:25:00 ---
    RMSE omega (GP): 0.002782 | RMSE omega (Sim): 1.214765
    Loss: 21.2863 | Epoch: 6600
    Eq omega: 0.467931 + -0.11747theta + -0.43299omega + 0.22554theta^2 + -0.07283theta omega + 0.05235omega^2 + -0.00686theta^3 + 0.01279theta^2 omega + -0.02172theta omega^2 + -0.00292omega^3
    Eq omega Phys: -0.053304*omega**3 - 0.013217*omega**2*theta + 0.079304*omega**2 + 0.000259*omega*theta**2 - 0.003404*omega*theta - 0.006724*omega - 5.0e-6*theta**3 + 0.000236*theta**2 - 0.001386*theta + 0.002817

--- Chunk 94169 (10/220) | Start: 2025-07-18 02:30:00 ---
    RMSE omega (GP): 0.002900 | RMSE omega (Sim): 0.088288
    Loss: 0.0655 | Epoch: 5807
    Eq omega: -0.448961 + -0.56852theta + -0.10455omega + -0.09957theta^2 + 0.15593theta omega + -0.01865omega^2 + -0.02870theta^3 + -0.12813theta^2 omega + -0.01476theta omega^2 + -0.01601omega^3
    Eq omega Phys: -0.08147*omega**3 - 0.002504*omega**2*theta + 0.0068*omega**2 - 0.000724*omega*theta**2 + 0.010521*omega*theta - 0.040102*omega - 5.0e-6*theta**3 + 4.8e-5*theta**2 - 0.000647*theta + 0.001965

--- Chunk 94170 (11/220) | Start: 2025-07-18 02:35:00 ---
    RMSE omega (GP): 0.003586 | RMSE omega (Sim): 0.167489
    Loss: 17.2510 | Epoch: 9999
    Eq omega: 0.053191 + -0.11629theta + 0.00695omega + 0.01919theta^2 + -0.00761theta omega + 0.02486omega^2 + -0.00235theta^3 + -0.00390theta^2 omega + -0.01937theta omega^2 + 0.02140omega^3
    Eq omega Phys: 0.217088*omega**3 - 0.00655*omega**2*theta + 0.063557*omega**2 - 4.4e-5*omega*theta**2 + 0.000512*omega*theta - 0.001133*omega - 0.e-6*theta**3 + 3.2e-5*theta**2 - 0.000464*theta + 0.002139

--- Chunk 94171 (12/220) | Start: 2025-07-18 02:40:00 ---
    RMSE omega (GP): 0.002311 | RMSE omega (Sim): 0.040964
    Loss: 5.5805 | Epoch: 4810
    Eq omega: 0.061911 + -1.00938theta + -0.14960omega + -0.17323theta^2 + -0.00787theta omega + 0.04972omega^2 + -0.66715theta^3 + -0.03273theta^2 omega + -0.19641theta omega^2 + -0.13339omega^3
    Eq omega Phys: -1.524064*omega**3 - 0.074804*omega**2*theta + 0.1907*omega**2 - 0.000416*omega*theta**2 + 0.001616*omega*theta - 0.006542*omega - 0.000282*theta**3 + 0.001693*theta**2 - 0.004489*theta + 0.004731

--- Chunk 94172 (13/220) | Start: 2025-07-18 02:45:00 ---
    RMSE omega (GP): 0.002970 | RMSE omega (Sim): 0.046800
    Loss: 17.3520 | Epoch: 9999
    Eq omega: 0.001171 + -0.01207theta + 0.03677omega + 0.00226theta^2 + -0.00484theta omega + -0.00802omega^2 + -0.00049theta^3 + 0.00131theta^2 omega + -0.00475theta omega^2 + -0.00556omega^3
    Eq omega Phys: -0.075378*omega**3 - 0.002147*omega**2*theta + 0.011093*omega**2 + 2.0e-5*omega*theta**2 - 0.000412*omega*theta + 0.003222*omega + 7.0e-6*theta**2 - 8.3e-5*theta + 0.000316

--- Chunk 94173 (14/220) | Start: 2025-07-18 02:50:00 ---
    RMSE omega (GP): 0.003872 | RMSE omega (Sim): 0.039964
    Loss: 48.5916 | Epoch: 9999
    Eq omega: -0.058031 + 0.00518theta + -0.01833omega + 0.00023theta^2 + 0.00167theta omega + 0.00974omega^2 + 0.00002theta^3 + 0.00001theta^2 omega + -0.00015theta omega^2 + 0.00363omega^3
    Eq omega Phys: 0.0773*omega**3 - 0.000106*omega**2*theta + 0.009554*omega**2 + 4.1e-5*omega*theta - 0.001167*omega + 8.0e-6*theta - 0.000147

--- Chunk 94174 (15/220) | Start: 2025-07-18 02:55:00 ---
    RMSE omega (GP): 0.007287 | RMSE omega (Sim): 0.055400
    Loss: 90.4055 | Epoch: 9999
    Eq omega: 0.002531 + 0.00851theta + 0.00969omega + 0.00044theta^2 + 0.00085theta omega + 0.00336omega^2 + 0.00004theta^3 + 0.00008theta^2 omega + 0.00075theta omega^2 + -0.00189omega^3
    Eq omega Phys: -0.020291*omega**3 + 0.000268*omega**2*theta - 0.002617*omega**2 + 1.0e-6*omega*theta**2 - 1.6e-5*omega*theta + 0.000314*omega - 0.e-6*theta**2 + 1.4e-5*theta - 0.000153

--- Chunk 94175 (16/220) | Start: 2025-07-18 03:00:00 ---
    RMSE omega (GP): 0.003336 | RMSE omega (Sim): 0.074899
    Loss: 7.7283 | Epoch: 7229
    Eq omega: 0.092001 + -0.14365theta + -0.07299omega + -0.08393theta^2 + -0.03519theta omega + -0.11568omega^2 + 0.00674theta^3 + -0.02798theta^2 omega + -0.00119theta omega^2 + -0.08133omega^3
    Eq omega Phys: -0.481093*omega**3 - 0.000235*omega**2*theta - 0.049628*omega**2 - 0.000184*omega*theta**2 + 0.002205*omega*theta - 0.008673*omega + 1.0e-6*theta**3 - 7.4e-5*theta**2 + 0.000697*theta - 0.001462

--- Chunk 94176 (17/220) | Start: 2025-07-18 03:05:00 ---
    RMSE omega (GP): 0.002490 | RMSE omega (Sim): 0.037867
    Loss: 7.5516 | Epoch: 5578
    Eq omega: 0.130981 + -0.31810theta + -0.38273omega + -0.17298theta^2 + -0.15690theta omega + 0.49601omega^2 + -0.30397theta^3 + -0.10360theta^2 omega + 0.01769theta omega^2 + -0.00724omega^3
    Eq omega Phys: -0.071481*omega**3 + 0.005822*omega**2*theta + 0.275045*omega**2 - 0.001137*omega*theta**2 + 0.00071*omega*theta - 0.010888*omega - 0.000111*theta**3 + 0.000434*theta**2 - 0.000882*theta + 0.00102

--- Chunk 94177 (18/220) | Start: 2025-07-18 03:10:00 ---
    RMSE omega (GP): 0.003490 | RMSE omega (Sim): 0.130225
    Loss: 7.9576 | Epoch: 8315
    Eq omega: -0.035551 + -0.23008theta + -0.04433omega + -0.09491theta^2 + 0.10949theta omega + 0.05913omega^2 + -0.02474theta^3 + 0.03946theta^2 omega + -0.07212theta omega^2 + 0.02569omega^3
    Eq omega Phys: 0.150836*omega**3 - 0.014115*omega**2*theta + 0.137831*omega**2 + 0.000257*omega*theta**2 - 0.002459*omega*theta + 0.001862*omega - 5.0e-6*theta**3 + 8.1e-5*theta**2 - 0.000528*theta + 0.001677

--- Chunk 94178 (19/220) | Start: 2025-07-18 03:15:00 ---
/pfs/data6/home/ka/ka_iai/ka_bj2362/dsr/svise/run_analysis_5min_all_chunks.py:212: ODEintWarning: Excess work done on this call (perhaps wrong Dfun type). Run with full_output = 1 to get quantitative information.
  sol_scaled = odeint(drift, x0_scaled, t_scaled, full_output=False)
    RMSE omega (GP): 0.003037 | RMSE omega (Sim): nan
    Loss: 26.2026 | Epoch: 8308
    Eq omega: -0.071201 + -0.02081theta + 0.07861omega + -0.00663theta^2 + -0.00148theta omega + 0.01518omega^2 + -0.00309theta^3 + 0.00118theta^2 omega + -0.00311theta omega^2 + 0.01416omega^3
    Eq omega Phys: 0.257685*omega**3 - 0.001887*omega**2*theta + 0.030443*omega**2 + 2.4e-5*omega*theta**2 - 0.000509*omega*theta + 0.005324*omega - 2.0e-6*theta**3 + 5.6e-5*theta**2 - 0.000519*theta + 0.00157

--- Chunk 94179 (20/220) | Start: 2025-07-18 03:20:00 ---
    RMSE omega (GP): 0.002679 | RMSE omega (Sim): nan
    Loss: -428335104000.0000 | Epoch: 4466
    Eq omega: -0.198621 + -1.30922theta + -0.08266omega + 0.07109theta^2 + -1.25576theta omega + 0.07599omega^2 + -0.58620theta^3 + 0.08568theta^2 omega + -0.06555theta omega^2 + 0.00833omega^3
    Eq omega Phys: 0.118196*omega**3 - 0.031003*omega**2*theta - 0.033429*omega**2 + 0.001351*omega*theta**2 - 0.021321*omega*theta - 0.072002*omega - 0.000308*theta**3 - 0.0025*theta**2 - 0.008214*theta - 0.010431

--- Chunk 94180 (21/220) | Start: 2025-07-18 03:25:00 ---
    RMSE omega (GP): 0.002532 | RMSE omega (Sim): 0.042074
    Loss: 16.0703 | Epoch: 8307
    Eq omega: -0.099611 + -0.06511theta + -0.02293omega + -0.12631theta^2 + 0.01323theta omega + -0.02549omega^2 + -0.02831theta^3 + 0.06441theta^2 omega + -0.04714theta omega^2 + 0.01239omega^3
    Eq omega Phys: 0.218459*omega**3 - 0.027706*omega**2*theta + 0.092466*omega**2 + 0.001262*omega*theta**2 - 0.009865*omega*theta + 0.018493*omega - 1.8e-5*theta**3 + 0.000117*theta**2 - 0.000109*theta - 0.000389

--- Chunk 94181 (22/220) | Start: 2025-07-18 03:30:00 ---
    RMSE omega (GP): 0.003164 | RMSE omega (Sim): nan
    Loss: 12.2594 | Epoch: 8317
    Eq omega: 0.531661 + -0.20512theta + 0.20934omega + -0.00185theta^2 + 0.36165theta omega + 0.00386omega^2 + -0.03936theta^3 + -0.05421theta^2 omega + -0.09148theta omega^2 + 0.04344omega^3
    Eq omega Phys: 0.397601*omega**3 - 0.02791*omega**2*theta + 0.132767*omega**2 - 0.000551*omega*theta**2 + 0.011819*omega*theta - 0.036266*omega - 1.3e-5*theta**3 + 0.000186*theta**2 - 0.001094*theta + 0.00348

--- Chunk 94182 (23/220) | Start: 2025-07-18 03:35:00 ---
    RMSE omega (GP): 0.003797 | RMSE omega (Sim): 0.112018
    Loss: 6.9977 | Epoch: 6182
    Eq omega: -0.062851 + -0.05170theta + -0.07823omega + -0.16395theta^2 + 0.09564theta omega + -0.01633omega^2 + -0.66764theta^3 + -0.16914theta^2 omega + 0.21340theta omega^2 + 0.01938omega^3
    Eq omega Phys: 0.091357*omega**3 + 0.033532*omega**2*theta - 0.179824*omega**2 - 0.000886*omega*theta**2 + 0.010424*omega*theta - 0.032817*omega - 0.000117*theta**3 + 0.001736*theta**2 - 0.008657*theta + 0.014296

--- Chunk 94183 (24/220) | Start: 2025-07-18 03:40:00 ---
    RMSE omega (GP): 0.004288 | RMSE omega (Sim): 0.055431
    Loss: 27.3069 | Epoch: 7812
    Eq omega: 0.051491 + -0.01965theta + -0.13171omega + 0.00444theta^2 + 0.00436theta omega + 0.03243omega^2 + -0.00074theta^3 + -0.00378theta^2 omega + 0.00408theta omega^2 + -0.01173omega^3
    Eq omega Phys: -0.117583*omega**3 + 0.001363*omega**2*theta + 0.035205*omega**2 - 4.2e-5*omega*theta**2 - 0.000933*omega*theta - 0.009513*omega - 7.0e-6*theta**2 - 7.3e-5*theta - 0.000232

--- Chunk 94184 (25/220) | Start: 2025-07-18 03:45:00 ---
    RMSE omega (GP): 0.002123 | RMSE omega (Sim): 0.078609
    Loss: 8.1832 | Epoch: 6538
    Eq omega: -0.144891 + -0.03894theta + 0.07268omega + -0.08105theta^2 + 0.23538theta omega + 0.06792omega^2 + -0.16961theta^3 + -0.00656theta^2 omega + -0.04990theta omega^2 + -0.02658omega^3
    Eq omega Phys: -0.346802*omega**3 - 0.021702*omega**2*theta - 0.016883*omega**2 - 9.5e-5*omega*theta**2 + 0.004634*omega*theta + 0.016359*omega - 8.2e-5*theta**3 - 0.000758*theta**2 - 0.002367*theta - 0.002728

--- Chunk 94185 (26/220) | Start: 2025-07-18 03:50:00 ---
    RMSE omega (GP): 0.002843 | RMSE omega (Sim): 0.102859
    Loss: 3.9246 | Epoch: 6421
    Eq omega: -0.071951 + -0.05639theta + 0.00614omega + -0.00399theta^2 + 0.01599theta omega + -0.01713omega^2 + -0.00253theta^3 + -0.00710theta^2 omega + -0.01129theta omega^2 + 0.00358omega^3
    Eq omega Phys: 0.01974*omega**3 - 0.002075*omega**2*theta - 0.018413*omega**2 - 4.3e-5*omega*theta**2 - 0.000236*omega*theta + 0.000186*omega - 0.e-6*theta**3 - 1.0e-5*theta**2 - 0.000127*theta - 0.000653

--- Chunk 94186 (27/220) | Start: 2025-07-18 03:55:00 ---
    RMSE omega (GP): 0.002805 | RMSE omega (Sim): nan
    Loss: 4.3360 | Epoch: 6591
    Eq omega: 0.042161 + -0.19826theta + 0.04908omega + 0.09501theta^2 + -0.09725theta omega + -0.16259omega^2 + -0.00234theta^3 + -0.01057theta^2 omega + 0.01967theta omega^2 + 0.00936omega^3
    Eq omega Phys: 0.05235*omega**3 + 0.003667*omega**2*theta - 0.040449*omega**2 - 6.6e-5*omega*theta**2 - 0.002466*omega*theta - 0.014045*omega + 3.4e-5*theta**2 + 0.000424*theta + 0.001063

--- Chunk 94187 (28/220) | Start: 2025-07-18 04:00:00 ---
    RMSE omega (GP): 0.003376 | RMSE omega (Sim): 0.047350
    Loss: 48.9633 | Epoch: 9999
    Eq omega: 0.076371 + -0.00416theta + -0.00547omega + 0.00040theta^2 + 0.00116theta omega + 0.00508omega^2 + -0.00007theta^3 + 0.00001theta^2 omega + -0.00055theta omega^2 + -0.00101omega^3
    Eq omega Phys: -0.026597*omega**3 - 0.000483*omega**2*theta - 0.002361*omega**2 + 4.5e-5*omega*theta + 0.000416*omega - 3.0e-6*theta**2 - 3.7e-5*theta - 0.000106

--- Chunk 94188 (29/220) | Start: 2025-07-18 04:05:00 ---
    RMSE omega (GP): 0.014534 | RMSE omega (Sim): 0.038886
    Loss: 638.6049 | Epoch: 9999
    Eq omega: -0.029361 + -0.00361theta + 0.01618omega + 0.00008theta^2 + 0.00038theta omega + -0.00315omega^2 + -0.00005theta^3 + -0.00001theta^2 omega + -0.00011theta omega^2 + 0.00047omega^3
    Eq omega Phys: 0.009394*omega**3 - 7.3e-5*omega**2*theta - 0.00436*omega**2 - 0.e-6*omega*theta + 0.000659*omega - 3.0e-6*theta**2 - 6.7e-5*theta - 0.000633

--- Chunk 94189 (30/220) | Start: 2025-07-18 04:10:00 ---
    RMSE omega (GP): 0.008710 | RMSE omega (Sim): 0.026435
    Loss: 223.0948 | Epoch: 9999
    Eq omega: 0.068241 + -0.02115theta + -0.01212omega + 0.00156theta^2 + 0.00089theta omega + 0.00263omega^2 + -0.00002theta^3 + -0.00010theta^2 omega + -0.00025theta omega^2 + 0.00004omega^3
    Eq omega Phys: 0.000772*omega**3 - 0.000161*omega**2*theta - 0.0023*omega**2 - 2.0e-6*omega*theta**2 - 9.4e-5*omega*theta - 0.001364*omega + 2.0e-5*theta + 0.000201

--- Chunk 94190 (31/220) | Start: 2025-07-18 04:15:00 ---
    RMSE omega (GP): 0.003465 | RMSE omega (Sim): 0.069721
    Loss: 10.3498 | Epoch: 6261
    Eq omega: -0.204921 + -0.22532theta + 0.00549omega + 0.00057theta^2 + 0.00536theta omega + -0.01541omega^2 + -0.02114theta^3 + 0.01263theta^2 omega + 0.02873theta omega^2 + 0.02637omega^3
    Eq omega Phys: 0.177329*omega**3 + 0.00644*omega**2*theta - 0.019403*omega**2 + 9.4e-5*omega*theta**2 - 0.00027*omega*theta + 0.000358*omega - 5.0e-6*theta**3 + 3.0e-5*theta**2 - 0.000307*theta + 2.6e-5

--- Chunk 94191 (32/220) | Start: 2025-07-18 04:20:00 ---
    RMSE omega (GP): 0.003133 | RMSE omega (Sim): 0.089249
    Loss: 6.0586 | Epoch: 6629
    Eq omega: -0.015001 + -0.19634theta + 0.01561omega + -0.04267theta^2 + 0.04170theta omega + 0.07356omega^2 + -0.14721theta^3 + -0.01487theta^2 omega + 0.07715theta omega^2 + -0.07052omega^3
    Eq omega Phys: -0.42327*omega**3 + 0.015435*omega**2*theta + 0.00812*omega**2 - 9.9e-5*omega*theta**2 + 0.00094*omega*theta - 0.000734*omega - 3.3e-5*theta**3 + 0.000136*theta**2 - 0.000403*theta + 0.000394

--- Chunk 94192 (33/220) | Start: 2025-07-18 04:25:00 ---
    RMSE omega (GP): 0.004685 | RMSE omega (Sim): 0.119242
    Loss: 13.3337 | Epoch: 9999
    Eq omega: 0.105061 + -0.02025theta + 0.08309omega + 0.00083theta^2 + 0.02209theta omega + 0.00385omega^2 + -0.00099theta^3 + -0.00304theta^2 omega + -0.00758theta omega^2 + 0.00621omega^3
    Eq omega Phys: 0.030639*omega**3 - 0.001247*omega**2*theta - 0.002782*omega**2 - 1.7e-5*omega*theta**2 + 0.000182*omega*theta + 0.003608*omega - 2.0e-6*theta**2 - 2.6e-5*theta + 0.000206

--- Chunk 94193 (34/220) | Start: 2025-07-18 04:30:00 ---
    RMSE omega (GP): 0.011032 | RMSE omega (Sim): 0.032629
    Loss: 266.9668 | Epoch: 9999
    Eq omega: -0.031461 + 0.00046theta + -0.00636omega + -0.00049theta^2 + 0.00066theta omega + 0.00457omega^2 + -0.00045theta^3 + -0.00007theta^2 omega + 0.00028theta omega^2 + -0.00143omega^3
    Eq omega Phys: -0.02071*omega**3 + 0.000135*omega**2*theta + 0.006302*omega**2 - 1.0e-6*omega*theta**2 - 3.7e-5*omega*theta - 0.000461*omega - 1.7e-5*theta**2 - 0.000405*theta - 0.003229

--- Chunk 94194 (35/220) | Start: 2025-07-18 04:35:00 ---
    RMSE omega (GP): 0.002490 | RMSE omega (Sim): 0.082344
    Loss: 6.8187 | Epoch: 5163
    Eq omega: -0.016631 + -0.02745theta + 0.00297omega + 0.03021theta^2 + -0.04806theta omega + 0.00899omega^2 + -0.01295theta^3 + 0.01414theta^2 omega + 0.00321theta omega^2 + -0.00710omega^3
    Eq omega Phys: -0.069474*omega**3 + 0.001047*omega**2*theta + 0.010285*omega**2 + 0.000154*omega*theta**2 + 0.000598*omega*theta - 0.000681*omega - 5.0e-6*theta**3 - 5.0e-5*theta**2 - 0.000183*theta - 0.000277

--- Chunk 94195 (36/220) | Start: 2025-07-18 04:40:00 ---
    RMSE omega (GP): 0.002467 | RMSE omega (Sim): 0.057200
    Loss: 11.5226 | Epoch: 7963
    Eq omega: -0.042651 + -0.02710theta + -0.40342omega + -0.02160theta^2 + -0.05214theta omega + 0.00783omega^2 + -0.01758theta^3 + 0.01231theta^2 omega + 0.00196theta omega^2 + -0.01108omega^3
    Eq omega Phys: -0.153212*omega**3 + 0.000903*omega**2*theta + 0.013349*omega**2 + 0.000189*omega*theta**2 + 0.002184*omega*theta - 0.008985*omega - 9.0e-6*theta**3 - 0.000256*theta**2 - 0.002455*theta - 0.007956

--- Chunk 94196 (37/220) | Start: 2025-07-18 04:45:00 ---
    RMSE omega (GP): 0.002857 | RMSE omega (Sim): 0.066495
    Loss: 10.1268 | Epoch: 8231
    Eq omega: 0.318731 + 0.01054theta + -0.09481omega + -0.06080theta^2 + -0.02586theta omega + 0.06098omega^2 + -0.00305theta^3 + 0.00643theta^2 omega + 0.01622theta omega^2 + -0.06236omega^3
    Eq omega Phys: -0.616241*omega**3 + 0.005343*omega**2*theta + 0.054657*omega**2 + 7.1e-5*omega*theta**2 + 2.5e-5*omega*theta - 0.004025*omega - 1.0e-6*theta**3 - 5.1e-5*theta**2 - 0.000319*theta + 8.0e-5

--- Chunk 94197 (38/220) | Start: 2025-07-18 04:50:00 ---
    RMSE omega (GP): 0.003151 | RMSE omega (Sim): 0.064254
    Loss: 11.1386 | Epoch: 9999
    Eq omega: -0.037631 + -0.01511theta + -0.11356omega + 0.00113theta^2 + 0.00521theta omega + 0.00139omega^2 + 0.00015theta^3 + -0.00033theta^2 omega + -0.00100theta omega^2 + -0.00825omega^3
    Eq omega Phys: -0.071676*omega**3 - 0.00029*omega**2*theta - 0.002796*omega**2 - 3.0e-6*omega*theta**2 + 1.5e-5*omega*theta - 0.003119*omega + 2.0e-6*theta**2 + 2.1e-5*theta - 9.3e-5

--- Chunk 94198 (39/220) | Start: 2025-07-18 04:55:00 ---
    RMSE omega (GP): 0.004314 | RMSE omega (Sim): 0.037483
    Loss: 81.6908 | Epoch: 9999
    Eq omega: 0.003191 + -0.00237theta + -0.01655omega + 0.00007theta^2 + 0.00111theta omega + 0.00042omega^2 + -0.00001theta^3 + -0.00004theta^2 omega + -0.00035theta omega^2 + -0.00039omega^3
    Eq omega Phys: -0.010693*omega**3 - 0.00032*omega**2*theta - 0.005848*omega**2 - 1.0e-6*omega*theta**2 - 1.2e-5*omega*theta - 0.000326*omega - 0.e-6*theta**2 - 1.1e-5*theta - 9.5e-5

--- Chunk 94199 (40/220) | Start: 2025-07-18 05:00:00 ---
    RMSE omega (GP): nan | RMSE omega (Sim): nan
    Loss: 388.8915 | Epoch: 3693
    Eq omega: nan1 + nantheta + nanomega + nantheta^2 + nantheta omega + nanomega^2 + nantheta^3 + nantheta^2 omega + nantheta omega^2 + nanomega^3
    Eq omega Phys: N/A

--- Chunk 94200 (41/220) | Start: 2025-07-18 05:05:00 ---
    RMSE omega (GP): 0.003718 | RMSE omega (Sim): 0.089407
    Loss: 31.2727 | Epoch: 9999
    Eq omega: -0.081981 + 0.00312theta + 0.01094omega + 0.00056theta^2 + -0.00056theta omega + 0.01003omega^2 + -0.00080theta^3 + -0.00048theta^2 omega + 0.00033theta omega^2 + -0.00200omega^3
    Eq omega Phys: -0.02925*omega**3 + 0.000161*omega**2*theta + 0.009118*omega**2 - 8.0e-6*omega*theta**2 - 0.000218*omega*theta - 0.001155*omega - 1.7e-5*theta**2 - 0.00021*theta - 0.000994

--- Chunk 94201 (42/220) | Start: 2025-07-18 05:10:00 ---
    RMSE omega (GP): 0.007388 | RMSE omega (Sim): 0.058893
    Loss: 147.7690 | Epoch: 9999
    Eq omega: 0.006101 + 0.00202theta + 0.00389omega + 0.00059theta^2 + -0.00048theta omega + -0.00379omega^2 + -0.00034theta^3 + -0.00002theta^2 omega + 0.00056theta omega^2 + 0.00027omega^3
    Eq omega Phys: 0.004637*omega**3 + 0.000321*omega**2*theta + 0.005518*omega**2 - 3.2e-5*omega*theta - 0.000448*omega - 1.6e-5*theta**2 - 0.000416*theta - 0.003464

--- Chunk 94202 (43/220) | Start: 2025-07-18 05:15:00 ---
    RMSE omega (GP): 0.009000 | RMSE omega (Sim): 0.130767
    Loss: 39.4869 | Epoch: 9999
    Eq omega: -0.042851 + -0.00121theta + 0.02657omega + -0.00132theta^2 + 0.00043theta omega + -0.00090omega^2 + -0.00000theta^3 + 0.00013theta^2 omega + -0.00009theta omega^2 + -0.00040omega^3
    Eq omega Phys: -0.001381*omega**3 - 1.0e-5*omega**2*theta - 0.000571*omega**2 + 3.0e-5*omega*theta + 0.00134*omega - 2.7e-5*theta - 0.000503

--- Chunk 94203 (44/220) | Start: 2025-07-18 05:20:00 ---
    RMSE omega (GP): 0.014111 | RMSE omega (Sim): 0.033018
    Loss: 632.6008 | Epoch: 9999
    Eq omega: 0.011301 + -0.00201theta + -0.00286omega + 0.00031theta^2 + 0.00005theta omega + 0.00013omega^2 + -0.00001theta^3 + -0.00001theta^2 omega + -0.00001theta omega^2 + -0.00003omega^3
    Eq omega Phys: -0.00063*omega**3 - 7.0e-6*omega**2*theta - 0.000278*omega**2 - 2.4e-5*omega*theta - 0.00073*omega - 1.0e-6*theta**2 - 4.2e-5*theta - 0.000539

--- Chunk 94204 (45/220) | Start: 2025-07-18 05:25:00 ---
    RMSE omega (GP): 0.014421 | RMSE omega (Sim): 0.039419
    Loss: 335.2870 | Epoch: 9951
    Eq omega: 0.011781 + -0.00331theta + -0.00932omega + 0.00020theta^2 + 0.00184theta omega + 0.00114omega^2 + 0.00000theta^3 + -0.00002theta^2 omega + -0.00021theta omega^2 + -0.00020omega^3
    Eq omega Phys: -0.002132*omega**3 - 7.5e-5*omega**2*theta - 0.002401*omega**2 + 1.7e-5*omega*theta + 0.000795*omega + 7.0e-6*theta + 9.6e-5

--- Chunk 94205 (46/220) | Start: 2025-07-18 05:30:00 ---
    RMSE omega (GP): 0.005548 | RMSE omega (Sim): 0.036816
    Loss: 215.7168 | Epoch: 9999
    Eq omega: 0.057031 + -0.00217theta + 0.00960omega + 0.00100theta^2 + -0.00037theta omega + -0.00136omega^2 + 0.00000theta^3 + -0.00011theta^2 omega + 0.00004theta omega^2 + 0.00070omega^3
    Eq omega Phys: 0.030436*omega**3 + 5.8e-5*omega**2*theta - 0.000364*omega**2 - 5.0e-6*omega*theta**2 - 0.000248*omega*theta - 0.002568*omega + 1.0e-6*theta**2 + 5.6e-5*theta + 0.000645

--- Chunk 94206 (47/220) | Start: 2025-07-18 05:35:00 ---
    RMSE omega (GP): 0.004201 | RMSE omega (Sim): 0.071824
    Loss: 45.3414 | Epoch: 9999
    Eq omega: 0.026331 + -0.00733theta + -0.02515omega + 0.00019theta^2 + 0.00414theta omega + 0.00469omega^2 + -0.00055theta^3 + -0.00012theta^2 omega + -0.00214theta omega^2 + -0.00029omega^3
    Eq omega Phys: -0.004973*omega**3 - 0.001223*omega**2*theta - 0.017802*omega**2 - 2.0e-6*omega*theta**2 + 2.5e-5*omega*theta + 0.000286*omega - 1.8e-5*theta**2 - 0.000322*theta - 0.001912

--- Chunk 94207 (48/220) | Start: 2025-07-18 05:40:00 ---
    RMSE omega (GP): 0.004332 | RMSE omega (Sim): 0.039371
    Loss: 73.2761 | Epoch: 9999
    Eq omega: -0.034591 + -0.00521theta + -0.03960omega + -0.00184theta^2 + -0.00031theta omega + 0.00320omega^2 + -0.00045theta^3 + -0.00005theta^2 omega + 0.00050theta omega^2 + 0.00038omega^3
    Eq omega Phys: 0.009388*omega**3 + 0.000412*omega**2*theta + 0.009716*omega**2 - 1.0e-6*omega*theta**2 - 5.5e-5*omega*theta - 0.001851*omega - 2.2e-5*theta**2 - 0.000405*theta - 0.002511

--- Chunk 94208 (49/220) | Start: 2025-07-18 05:45:00 ---
    RMSE omega (GP): 0.005974 | RMSE omega (Sim): 0.067208
    Loss: 123.5181 | Epoch: 9999
    Eq omega: 0.106871 + -0.07340theta + -0.05059omega + 0.01052theta^2 + 0.00733theta omega + 0.01378omega^2 + -0.00025theta^3 + -0.00010theta^2 omega + -0.00232theta omega^2 + -0.00147omega^3
    Eq omega Phys: -0.03272*omega**3 - 0.001721*omega**2*theta - 0.01602*omega**2 - 2.0e-6*omega*theta**2 + 0.00013*omega*theta + 0.001074*omega + 8.2e-5*theta + 0.000583

--- Chunk 94209 (50/220) | Start: 2025-07-18 05:50:00 ---
    RMSE omega (GP): 0.004094 | RMSE omega (Sim): 0.081481
    Loss: 22.4902 | Epoch: 8451
    Eq omega: 0.002411 + -0.00938theta + 0.01832omega + -0.00878theta^2 + -0.00827theta omega + 0.01157omega^2 + -0.00541theta^3 + 0.00002theta^2 omega + -0.00063theta omega^2 + 0.00149omega^3
    Eq omega Phys: 0.014753*omega**3 - 0.000208*omega**2*theta + 0.004586*omega**2 - 0.000154*omega*theta - 0.000937*omega - 2.0e-6*theta**3 - 6.5e-5*theta**2 - 0.000706*theta - 0.002579

  [Progress 50/220] Mean RMSE omega (GP): 0.004616 | (Sim): 0.095104 | Mean loss: -8586197601.5632 | Valid GP: 47/50 | Valid Sim: 43/50 | Elapsed: 166.1min | ETA: 564.6min

--- Chunk 94210 (51/220) | Start: 2025-07-18 05:55:00 ---
    RMSE omega (GP): 0.002869 | RMSE omega (Sim): 0.071099
    Loss: -214287328.0000 | Epoch: 5783
    Eq omega: 0.290011 + -0.97080theta + -0.15178omega + 0.16192theta^2 + -0.02407theta omega + 0.14252omega^2 + 0.00758theta^3 + 0.03146theta^2 omega + -0.01298theta omega^2 + -0.04952omega^3
    Eq omega Phys: -0.447939*omega**3 - 0.003914*omega**2*theta + 0.078642*omega**2 + 0.000316*omega*theta**2 - 0.000502*omega*theta - 0.005013*omega + 3.0e-6*theta**3 + 9.8e-5*theta**2 - 0.001098*theta + 0.000693

--- Chunk 94211 (52/220) | Start: 2025-07-18 06:00:00 ---
    RMSE omega (GP): 0.004036 | RMSE omega (Sim): 0.040782
    Loss: 57.8894 | Epoch: 9999
    Eq omega: -0.040891 + -0.00263theta + -0.00916omega + 0.00007theta^2 + -0.00177theta omega + -0.00059omega^2 + -0.00002theta^3 + -0.00031theta^2 omega + -0.00254theta omega^2 + 0.00117omega^3
    Eq omega Phys: 0.026811*omega**3 - 0.00194*omega**2*theta + 0.020609*omega**2 - 8.0e-6*omega*theta**2 + 0.00012*omega*theta - 0.00068*omega + 1.0e-6*theta**2 - 1.0e-5*theta + 1.0e-5

--- Chunk 94212 (53/220) | Start: 2025-07-18 06:05:00 ---
    RMSE omega (GP): 0.003138 | RMSE omega (Sim): 0.152348
    Loss: 11.6060 | Epoch: 6126
    Eq omega: 0.527801 + -0.03868theta + 0.08057omega + -0.00424theta^2 + 0.04338theta omega + -0.02002omega^2 + -0.00424theta^3 + 0.00845theta^2 omega + -0.01060theta omega^2 + -0.04614omega^3
    Eq omega Phys: -0.432609*omega**3 - 0.003313*omega**2*theta + 0.014215*omega**2 + 8.8e-5*omega*theta**2 - 0.000542*omega*theta + 0.001664*omega - 1.0e-6*theta**3 + 3.1e-5*theta**2 - 0.000262*theta + 0.001888

--- Chunk 94213 (54/220) | Start: 2025-07-18 06:10:00 ---
    RMSE omega (GP): 0.002426 | RMSE omega (Sim): nan
    Loss: -27917195264.0000 | Epoch: 4319
    Eq omega: -0.037811 + -2.44335theta + 0.14492omega + 0.52829theta^2 + -0.11421theta omega + 0.35464omega^2 + -0.38607theta^3 + 0.04893theta^2 omega + 0.01759theta omega^2 + 0.01797omega^3
    Eq omega Phys: 0.19133*omega**3 + 0.006243*omega**2*theta + 0.217172*omega**2 + 0.000579*omega*theta**2 - 0.001174*omega*theta + 0.003204*omega - 0.000152*theta**3 - 8.2e-5*theta**2 - 0.002462*theta - 0.002452

--- Chunk 94214 (55/220) | Start: 2025-07-18 06:15:00 ---
    RMSE omega (GP): 0.002923 | RMSE omega (Sim): 0.069366
    Loss: 7.4187 | Epoch: 5241
    Eq omega: -0.057181 + -1.20259theta + 0.01897omega + -0.04684theta^2 + 0.99387theta omega + -0.11163omega^2 + -0.04427theta^3 + -0.20192theta^2 omega + -0.23100theta omega^2 + -0.15076omega^3
    Eq omega Phys: -1.152672*omega**3 - 0.058872*omega**2*theta - 0.136063*omega**2 - 0.001715*omega*theta**2 + 0.01208*omega*theta + 0.020132*omega - 1.3e-5*theta**3 - 7.7e-5*theta**2 - 0.001476*theta - 0.002014

--- Chunk 94215 (56/220) | Start: 2025-07-18 06:20:00 ---
    RMSE omega (GP): 0.003406 | RMSE omega (Sim): nan
    Loss: -12712453120.0000 | Epoch: 6897
    Eq omega: 0.049881 + -0.03273theta + 0.09558omega + 0.00816theta^2 + -0.05746theta omega + 0.10210omega^2 + -0.01123theta^3 + -0.01943theta^2 omega + 0.12972theta omega^2 + -0.00947omega^3
    Eq omega Phys: -0.088675*omega**3 + 0.040489*omega**2*theta - 0.124073*omega**2 - 0.000202*omega*theta**2 + 0.000738*omega*theta + 0.003928*omega - 4.0e-6*theta**3 + 5.7e-5*theta**2 - 0.000315*theta + 0.000712

--- Chunk 94216 (57/220) | Start: 2025-07-18 06:25:00 ---
    RMSE omega (GP): 0.003281 | RMSE omega (Sim): 0.104881
    Loss: 13.5034 | Epoch: 7729
    Eq omega: -0.039851 + -0.23222theta + 0.04025omega + -0.03921theta^2 + 0.00884theta omega + 0.03243omega^2 + 0.00068theta^3 + -0.00616theta^2 omega + 0.00303theta omega^2 + -0.01037omega^3
    Eq omega Phys: -0.090288*omega**3 + 0.000879*omega**2*theta + 0.009499*omega**2 - 6.0e-5*omega*theta**2 + 0.001239*omega*theta - 0.004995*omega - 2.9e-5*theta**2 + 0.000222*theta + 0.000165

--- Chunk 94217 (58/220) | Start: 2025-07-18 06:30:00 ---
    RMSE omega (GP): 0.004546 | RMSE omega (Sim): 0.061441
    Loss: 32.3162 | Epoch: 9999
    Eq omega: 0.024191 + -0.01312theta + -0.00081omega + 0.00257theta^2 + -0.00390theta omega + -0.00751omega^2 + -0.00021theta^3 + 0.00029theta^2 omega + -0.00076theta omega^2 + -0.00035omega^3
    Eq omega Phys: -0.003703*omega**3 - 0.000268*omega**2*theta - 0.001793*omega**2 + 3.0e-6*omega*theta**2 - 0.000145*omega*theta + 0.001079*omega + 4.0e-6*theta**2 - 7.3e-5*theta + 0.000439

--- Chunk 94218 (59/220) | Start: 2025-07-18 06:35:00 ---
    RMSE omega (GP): 0.003778 | RMSE omega (Sim): 0.026912
    Loss: 76.9981 | Epoch: 9999
    Eq omega: -0.065391 + -0.00565theta + -0.05919omega + -0.00100theta^2 + -0.00247theta omega + -0.00170omega^2 + -0.00006theta^3 + 0.00004theta^2 omega + -0.00100theta omega^2 + 0.00131omega^3
    Eq omega Phys: 0.045292*omega**3 - 0.001152*omega**2*theta + 0.016662*omega**2 + 2.0e-6*omega*theta**2 - 0.000138*omega*theta - 0.00016*omega + 3.0e-6*theta**2 - 2.7e-5*theta + 4.3e-5

--- Chunk 94219 (60/220) | Start: 2025-07-18 06:40:00 ---
    RMSE omega (GP): 0.004343 | RMSE omega (Sim): 0.051033
    Loss: 19.6302 | Epoch: 9999
    Eq omega: 0.068281 + -0.00429theta + 0.04487omega + 0.00375theta^2 + -0.00680theta omega + 0.01584omega^2 + -0.00006theta^3 + 0.00071theta^2 omega + -0.00877theta omega^2 + 0.00341omega^3
    Eq omega Phys: 0.024952*omega**3 - 0.002139*omega**2*theta + 0.031236*omega**2 + 6.0e-6*omega*theta**2 - 0.000238*omega*theta + 0.003412*omega + 3.0e-6*theta**2 - 5.6e-5*theta + 0.000474

--- Chunk 94220 (61/220) | Start: 2025-07-18 06:45:00 ---
    RMSE omega (GP): 0.003252 | RMSE omega (Sim): 0.069128
    Loss: 24.0348 | Epoch: 9999
    Eq omega: -0.012381 + 0.00037theta + -0.00948omega + -0.00006theta^2 + -0.00135theta omega + 0.00028omega^2 + -0.00006theta^3 + 0.00011theta^2 omega + 0.00010theta omega^2 + 0.00195omega^3
    Eq omega Phys: 0.029484*omega**3 + 5.0e-5*omega**2*theta - 0.000594*omega**2 + 2.0e-6*omega*theta**2 - 9.0e-5*omega*theta + 0.000643*omega + 2.0e-6*theta**2 - 2.3e-5*theta + 9.3e-5

--- Chunk 94221 (62/220) | Start: 2025-07-18 06:50:00 ---
    RMSE omega (GP): nan | RMSE omega (Sim): nan
    Loss: 156.2442 | Epoch: 6272
    Eq omega: nan1 + nantheta + nanomega + nantheta^2 + nantheta omega + nanomega^2 + nantheta^3 + nantheta^2 omega + nantheta omega^2 + nanomega^3
    Eq omega Phys: N/A

--- Chunk 94222 (63/220) | Start: 2025-07-18 06:55:00 ---
    RMSE omega (GP): 0.003842 | RMSE omega (Sim): 0.031032
    Loss: 102.3735 | Epoch: 9999
    Eq omega: 0.060091 + 0.00358theta + 0.00028omega + 0.00001theta^2 + 0.00139theta omega + -0.00318omega^2 + 0.00004theta^3 + 0.00001theta^2 omega + 0.00043theta omega^2 + -0.00115omega^3
    Eq omega Phys: -0.048574*omega**3 + 0.000605*omega**2*theta - 0.01578*omega**2 + 3.6e-5*omega*theta - 0.000896*omega - 4.0e-6*theta**2 + 7.7e-5*theta - 0.000505

--- Chunk 94223 (64/220) | Start: 2025-07-18 07:00:00 ---
    RMSE omega (GP): 0.015702 | RMSE omega (Sim): 0.028218
    Loss: 1281.9558 | Epoch: 9999
    Eq omega: -0.012291 + -0.00018theta + -0.01044omega + 0.00023theta^2 + 0.00012theta omega + -0.00188omega^2 + -0.00000theta^3 + 0.00003theta^2 omega + -0.00005theta omega^2 + -0.00023omega^3
    Eq omega Phys: -0.007892*omega**3 - 5.7e-5*omega**2*theta - 0.000709*omega**2 + 1.0e-6*omega*theta**2 - 4.8e-5*omega*theta + 0.000147*omega - 1.3e-5*theta + 0.000133

--- Chunk 94224 (65/220) | Start: 2025-07-18 07:05:00 ---
    RMSE omega (GP): 0.004882 | RMSE omega (Sim): 0.176342
    Loss: 79.4903 | Epoch: 9999
    Eq omega: 0.012281 + 0.00201theta + 0.05339omega + 0.00010theta^2 + -0.00102theta omega + 0.00700omega^2 + -0.00001theta^3 + 0.00001theta^2 omega + -0.00004theta omega^2 + 0.00077omega^3
    Eq omega Phys: 0.016516*omega**3 - 2.9e-5*omega**2*theta + 0.006504*omega**2 - 3.9e-5*omega*theta + 0.002468*omega + 1.0e-6*theta**2 - 1.2e-5*theta + 7.8e-5

--- Chunk 94225 (66/220) | Start: 2025-07-18 07:10:00 ---
    RMSE omega (GP): 0.007460 | RMSE omega (Sim): 0.046187
    Loss: 208.9682 | Epoch: 9999
    Eq omega: -0.024641 + 0.00024theta + -0.00824omega + 0.00010theta^2 + 0.00007theta omega + 0.00011omega^2 + -0.00001theta^3 + -0.00000theta^2 omega + 0.00002theta omega^2 + -0.00015omega^3
    Eq omega Phys: -0.003642*omega**3 + 1.6e-5*omega**2*theta - 0.000309*omega**2 + 2.0e-6*omega*theta - 0.000328*omega + 1.0e-6*theta**2 - 2.2e-5*theta + 0.00017

--- Chunk 94226 (67/220) | Start: 2025-07-18 07:15:00 ---
    RMSE omega (GP): 0.005513 | RMSE omega (Sim): 0.054707
    Loss: 71.0840 | Epoch: 9999
    Eq omega: 0.000391 + -0.00788theta + -0.01366omega + 0.00195theta^2 + -0.00228theta omega + -0.00234omega^2 + -0.00010theta^3 + 0.00014theta^2 omega + -0.00067theta omega^2 + -0.00149omega^3
    Eq omega Phys: -0.023422*omega**3 - 0.000351*omega**2*theta + 0.00598*omega**2 + 2.0e-6*omega*theta**2 - 0.000162*omega*theta + 0.001915*omega + 5.0e-6*theta**2 - 0.000161*theta + 0.001549

--- Chunk 94227 (68/220) | Start: 2025-07-18 07:20:00 ---
    RMSE omega (GP): 0.016806 | RMSE omega (Sim): 0.030933
    Loss: 1672.0377 | Epoch: 9999
    Eq omega: -0.003541 + -0.00046theta + -0.00365omega + 0.00047theta^2 + 0.00029theta omega + -0.00202omega^2 + -0.00004theta^3 + 0.00007theta^2 omega + 0.00008theta omega^2 + -0.00042omega^3
    Eq omega Phys: -0.016392*omega**3 + 0.000104*omega**2*theta - 0.00493*omega**2 + 3.0e-6*omega*theta**2 - 0.000142*omega*theta + 0.001532*omega + 5.0e-6*theta**2 - 0.000141*theta + 0.001317

--- Chunk 94228 (69/220) | Start: 2025-07-18 07:25:00 ---
    RMSE omega (GP): 0.003569 | RMSE omega (Sim): 0.075896
    Loss: 4.9362 | Epoch: 6567
    Eq omega: 0.002541 + 0.01764theta + -0.17043omega + 0.00455theta^2 + 0.00044theta omega + -0.01939omega^2 + -0.00633theta^3 + 0.01135theta^2 omega + -0.00309theta omega^2 + -0.04940omega^3
    Eq omega Phys: -0.203995*omega**3 - 0.000425*omega**2*theta - 0.003417*omega**2 + 5.2e-5*omega*theta**2 - 0.000919*omega*theta - 0.001623*omega - 0.e-6*theta**3 + 2.8e-5*theta**2 - 0.000243*theta + 0.000659

--- Chunk 94229 (70/220) | Start: 2025-07-18 07:30:00 ---
    RMSE omega (GP): 0.002688 | RMSE omega (Sim): 0.071564
    Loss: 5.6296 | Epoch: 8131
    Eq omega: 0.088131 + -0.10110theta + -0.04316omega + 0.00684theta^2 + -0.01656theta omega + 0.00016omega^2 + -0.00249theta^3 + 0.00349theta^2 omega + -0.00158theta omega^2 + -0.00461omega^3
    Eq omega Phys: -0.033983*omega**3 - 0.000388*omega**2*theta - 0.002969*omega**2 + 2.9e-5*omega*theta**2 + 0.000175*omega*theta - 0.001825*omega - 0.e-6*theta**3 - 1.2e-5*theta**2 - 0.000179*theta - 0.000781

--- Chunk 94230 (71/220) | Start: 2025-07-18 07:35:00 ---
    RMSE omega (GP): 0.002504 | RMSE omega (Sim): 0.081793
    Loss: 6.7362 | Epoch: 7577
    Eq omega: 0.170581 + -0.08542theta + -0.04633omega + -0.00301theta^2 + -0.00228theta omega + 0.01567omega^2 + 0.00141theta^3 + -0.01393theta^2 omega + -0.00298theta omega^2 + 0.00357omega^3
    Eq omega Phys: 0.037324*omega**3 - 0.001039*omega**2*theta + 0.013976*omega**2 - 0.000162*omega*theta**2 + 0.001428*omega*theta - 0.00469*omega + 1.0e-6*theta**3 - 9.0e-6*theta**2 - 4.3e-5*theta + 0.000661

--- Chunk 94231 (72/220) | Start: 2025-07-18 07:40:00 ---
    RMSE omega (GP): 0.004591 | RMSE omega (Sim): 0.065313
    Loss: 28.2793 | Epoch: 9999
    Eq omega: 0.014211 + -0.00365theta + 0.02701omega + 0.00066theta^2 + -0.00525theta omega + -0.00961omega^2 + -0.00000theta^3 + 0.00011theta^2 omega + -0.00656theta omega^2 + -0.00215omega^3
    Eq omega Phys: -0.020132*omega**3 - 0.002048*omega**2*theta + 0.031282*omega**2 + 1.0e-6*omega*theta**2 - 0.000139*omega*theta + 0.003017*omega - 1.9e-5*theta + 0.000232

--- Chunk 94232 (73/220) | Start: 2025-07-18 07:45:00 ---
    RMSE omega (GP): 0.003575 | RMSE omega (Sim): 0.075279
    Loss: 14.9279 | Epoch: 9999
    Eq omega: -0.008621 + -0.00443theta + 0.00176omega + 0.00141theta^2 + 0.00767theta omega + 0.00554omega^2 + -0.00045theta^3 + 0.00006theta^2 omega + 0.00142theta omega^2 + 0.00448omega^3
    Eq omega Phys: 0.037758*omega**3 + 0.000399*omega**2*theta - 0.000347*omega**2 + 1.0e-6*omega*theta**2 + 0.000126*omega*theta - 0.001019*omega + 4.0e-6*theta**2 - 4.7e-5*theta + 0.000157

--- Chunk 94233 (74/220) | Start: 2025-07-18 07:50:00 ---
    RMSE omega (GP): 0.003446 | RMSE omega (Sim): 0.052922
    Loss: 19.3335 | Epoch: 9001
    Eq omega: 0.110081 + 0.01293theta + -0.03269omega + 0.00172theta^2 + 0.00059theta omega + -0.00551omega^2 + -0.00005theta^3 + 0.00014theta^2 omega + 0.00011theta omega^2 + -0.00255omega^3
    Eq omega Phys: -0.029698*omega**3 + 4.3e-5*omega**2*theta - 0.004166*omega**2 + 2.0e-6*omega*theta**2 - 5.0e-5*omega*theta - 0.000766*omega + 2.0e-6*theta**2 - 4.6e-5*theta + 0.000409

--- Chunk 94234 (75/220) | Start: 2025-07-18 07:55:00 ---
    RMSE omega (GP): 0.007001 | RMSE omega (Sim): 0.038491
    Loss: 395.2350 | Epoch: 9999
    Eq omega: -0.009671 + 0.00514theta + -0.00198omega + 0.00017theta^2 + 0.00066theta omega + 0.00061omega^2 + 0.00001theta^3 + 0.00005theta^2 omega + 0.00006theta omega^2 + -0.00005omega^3
    Eq omega Phys: -0.002618*omega**3 + 0.000105*omega**2*theta - 0.001503*omega**2 + 3.0e-6*omega*theta**2 - 9.9e-5*omega*theta + 0.000707*omega - 1.0e-6*theta**2 + 2.3e-5*theta - 0.000221

--- Chunk 94235 (76/220) | Start: 2025-07-18 08:00:00 ---
    RMSE omega (GP): 0.004007 | RMSE omega (Sim): 0.061606
    Loss: 36.6090 | Epoch: 9999
    Eq omega: -0.038481 + -0.00003theta + -0.01304omega + 0.00033theta^2 + 0.00050theta omega + 0.00181omega^2 + 0.00001theta^3 + 0.00028theta^2 omega + 0.00028theta omega^2 + 0.00058omega^3
    Eq omega Phys: 0.008517*omega**3 + 0.000137*omega**2*theta - 0.001618*omega**2 + 5.0e-6*omega*theta**2 - 0.000181*omega*theta + 0.001343*omega - 4.0e-6*theta + 3.0e-6

--- Chunk 94236 (77/220) | Start: 2025-07-18 08:05:00 ---
    RMSE omega (GP): nan | RMSE omega (Sim): nan
    Loss: 47.8992 | Epoch: 4276
    Eq omega: nan1 + nantheta + nanomega + nantheta^2 + nantheta omega + nanomega^2 + nantheta^3 + nantheta^2 omega + nantheta omega^2 + nanomega^3
    Eq omega Phys: N/A

--- Chunk 94237 (78/220) | Start: 2025-07-18 08:10:00 ---
    RMSE omega (GP): 0.003384 | RMSE omega (Sim): 0.037679
    Loss: 53.7425 | Epoch: 9999
    Eq omega: -0.115571 + -0.01786theta + -0.04615omega + -0.00003theta^2 + -0.00339theta omega + -0.00742omega^2 + -0.00022theta^3 + -0.00002theta^2 omega + -0.00024theta omega^2 + -0.00039omega^3
    Eq omega Phys: -0.011034*omega**3 - 0.000226*omega**2*theta - 0.002745*omega**2 - 0.e-6*omega*theta**2 - 8.5e-5*omega*theta + 0.00038*omega + 1.4e-5*theta**2 - 0.000287*theta + 0.002011

--- Chunk 94238 (79/220) | Start: 2025-07-18 08:15:00 ---
    RMSE omega (GP): 0.003583 | RMSE omega (Sim): nan
    Loss: 18.3738 | Epoch: 9999
    Eq omega: 0.160161 + -0.00014theta + 0.20007omega + 0.00182theta^2 + -0.00961theta omega + 0.05828omega^2 + 0.00090theta^3 + 0.00017theta^2 omega + -0.03002theta omega^2 + 0.01659omega^3
    Eq omega Phys: 0.170289*omega**3 - 0.010271*omega**2*theta + 0.143035*omega**2 + 2.0e-6*omega*theta**2 - 0.000229*omega*theta + 0.008875*omega - 1.0e-5*theta**2 + 9.0e-5*theta + 3.1e-5

--- Chunk 94239 (80/220) | Start: 2025-07-18 08:20:00 ---
    RMSE omega (GP): 0.003744 | RMSE omega (Sim): 0.062545
    Loss: 69.4222 | Epoch: 9999
    Eq omega: -0.013141 + 0.00088theta + -0.05677omega + 0.00054theta^2 + 0.00080theta omega + -0.02580omega^2 + 0.00002theta^3 + -0.00001theta^2 omega + 0.00172theta omega^2 + -0.00064omega^3
    Eq omega Phys: -0.020072*omega**3 + 0.001798*omega**2*theta - 0.058459*omega**2 + 4.0e-5*omega*theta - 0.00249*omega - 0.e-6*theta**2 + 1.0e-6*theta + 3.2e-5

--- Chunk 94240 (81/220) | Start: 2025-07-18 08:25:00 ---
    RMSE omega (GP): 0.005302 | RMSE omega (Sim): 0.050067
    Loss: 124.8554 | Epoch: 9999
    Eq omega: -0.019901 + 0.00049theta + 0.00892omega + 0.00051theta^2 + -0.00068theta omega + 0.00137omega^2 + 0.00001theta^3 + 0.00006theta^2 omega + -0.00016theta omega^2 + 0.00032omega^3
    Eq omega Phys: 0.009103*omega**3 - 0.000152*omega**2*theta + 0.004139*omega**2 + 2.0e-6*omega*theta**2 - 9.2e-5*omega*theta + 0.001354*omega - 9.0e-6*theta + 8.9e-5

--- Chunk 94241 (82/220) | Start: 2025-07-18 08:30:00 ---
    RMSE omega (GP): 0.004511 | RMSE omega (Sim): 0.036748
    Loss: 75.6216 | Epoch: 9999
    Eq omega: -0.035351 + -0.00368theta + -0.01523omega + -0.00210theta^2 + -0.00201theta omega + 0.00142omega^2 + -0.00005theta^3 + -0.00001theta^2 omega + 0.00009theta omega^2 + -0.00091omega^3
    Eq omega Phys: -0.021825*omega**3 + 7.2e-5*omega**2*theta - 0.000183*omega**2 - 4.9e-5*omega*theta + 0.000593*omega + 1.0e-6*theta**2 + 2.6e-5*theta - 0.000446

--- Chunk 94242 (83/220) | Start: 2025-07-18 08:35:00 ---
    RMSE omega (GP): 0.003096 | RMSE omega (Sim): 0.097644
    Loss: 9.0469 | Epoch: 4992
    Eq omega: 0.059831 + -0.71504theta + 0.00056omega + 0.12508theta^2 + 0.02204theta omega + 0.04398omega^2 + -0.00909theta^3 + 0.01843theta^2 omega + -0.00786theta omega^2 + -0.01023omega^3
    Eq omega Phys: -0.075098*omega**3 - 0.001923*omega**2*theta + 0.029371*omega**2 + 0.00015*omega*theta**2 - 0.000827*omega*theta + 0.000936*omega - 2.0e-6*theta**3 + 9.8e-5*theta**2 - 0.001455*theta + 0.004511

--- Chunk 94243 (84/220) | Start: 2025-07-18 08:40:00 ---
    RMSE omega (GP): 0.004926 | RMSE omega (Sim): 0.035534
    Loss: 87.7642 | Epoch: 9999
    Eq omega: 0.003421 + 0.01410theta + 0.04102omega + -0.00424theta^2 + 0.00907theta omega + 0.00733omega^2 + -0.00063theta^3 + -0.00011theta^2 omega + 0.00313theta omega^2 + 0.00122omega^3
    Eq omega Phys: 0.027307*omega**3 + 0.002335*omega**2*theta - 0.038688*omega**2 - 3.0e-6*omega*theta**2 + 0.000367*omega*theta - 0.004684*omega - 0.e-6*theta**3 + 2.6e-5*theta**2 - 0.00041*theta + 0.001932

--- Chunk 94244 (85/220) | Start: 2025-07-18 08:45:00 ---
    RMSE omega (GP): 0.007520 | RMSE omega (Sim): 0.038384
    Loss: 164.1831 | Epoch: 9999
    Eq omega: -0.001051 + -0.01772theta + 0.01045omega + 0.00042theta^2 + 0.00020theta omega + -0.00133omega^2 + -0.00056theta^3 + -0.00005theta^2 omega + 0.00005theta omega^2 + -0.00087omega^3
    Eq omega Phys: -0.01564*omega**3 + 3.0e-5*omega**2*theta - 0.001591*omega**2 - 0.e-6*omega*theta**2 + 4.3e-5*omega*theta - 9.9e-5*omega + 2.1e-5*theta**2 - 0.000426*theta + 0.002946

--- Chunk 94245 (86/220) | Start: 2025-07-18 08:50:00 ---
    RMSE omega (GP): 0.005825 | RMSE omega (Sim): 0.113537
    Loss: 30.1967 | Epoch: 9999
    Eq omega: 0.246391 + -0.03436theta + 0.09211omega + 0.00043theta^2 + -0.02937theta omega + 0.01302omega^2 + -0.00007theta^3 + -0.00060theta^2 omega + -0.00848theta omega^2 + 0.00126omega^3
    Eq omega Phys: 0.007906*omega**3 - 0.001774*omega**2*theta + 0.029465*omega**2 - 4.0e-6*omega*theta**2 - 0.000337*omega*theta + 0.00827*omega + 1.0e-6*theta**2 - 5.3e-5*theta + 0.001181

--- Chunk 94246 (87/220) | Start: 2025-07-18 08:55:00 ---
    RMSE omega (GP): 0.005912 | RMSE omega (Sim): 0.038761
    Loss: 136.0738 | Epoch: 9999
    Eq omega: -0.004181 + -0.00155theta + -0.02518omega + -0.00011theta^2 + -0.00018theta omega + -0.00600omega^2 + -0.00020theta^3 + 0.00002theta^2 omega + 0.00023theta omega^2 + -0.00054omega^3
    Eq omega Phys: -0.013555*omega**3 + 0.000192*omega**2*theta - 0.009732*omega**2 + 1.0e-6*omega*theta**2 - 3.0e-5*omega*theta - 0.000447*omega + 1.2e-5*theta**2 - 0.000268*theta + 0.001973

--- Chunk 94247 (88/220) | Start: 2025-07-18 09:00:00 ---
    RMSE omega (GP): 0.003920 | RMSE omega (Sim): 0.050826
    Loss: 23.5395 | Epoch: 8954
    Eq omega: -0.042231 + -0.01638theta + 0.02239omega + 0.00096theta^2 + -0.00438theta omega + 0.01831omega^2 + 0.00003theta^3 + 0.00024theta^2 omega + -0.00623theta omega^2 + 0.00214omega^3
    Eq omega Phys: 0.024452*omega**3 - 0.002373*omega**2*theta + 0.04641*omega**2 + 3.0e-6*omega*theta**2 - 0.00018*omega*theta + 0.002747*omega - 2.9e-5*theta + 0.000296

--- Chunk 94248 (89/220) | Start: 2025-07-18 09:05:00 ---
    RMSE omega (GP): 0.011558 | RMSE omega (Sim): 0.058520
    Loss: 262.3981 | Epoch: 9999
    Eq omega: -0.003081 + -0.00046theta + -0.00983omega + 0.00068theta^2 + -0.00001theta omega + -0.00004omega^2 + 0.00000theta^3 + 0.00006theta^2 omega + 0.00005theta omega^2 + -0.00070omega^3
    Eq omega Phys: -0.009089*omega**3 + 2.2e-5*omega**2*theta - 0.000488*omega**2 + 1.0e-6*omega*theta**2 - 3.7e-5*omega*theta + 7.0e-5*omega - 2.2e-5*theta + 0.000232

--- Chunk 94249 (90/220) | Start: 2025-07-18 09:10:00 ---
    RMSE omega (GP): 0.005262 | RMSE omega (Sim): 0.044868
    Loss: 66.3222 | Epoch: 9999
    Eq omega: -0.031501 + -0.00773theta + 0.00267omega + -0.00252theta^2 + -0.00178theta omega + 0.00465omega^2 + -0.00002theta^3 + -0.00071theta^2 omega + -0.00095theta omega^2 + 0.00366omega^3
    Eq omega Phys: 0.056919*omega**3 - 0.000492*omega**2*theta + 0.012952*omega**2 - 1.2e-5*omega*theta**2 + 0.000436*omega*theta - 0.003744*omega - 1.0e-6*theta**2 + 5.7e-5*theta - 0.000562

--- Chunk 94250 (91/220) | Start: 2025-07-18 09:15:00 ---
    RMSE omega (GP): 0.003809 | RMSE omega (Sim): 0.060886
    Loss: 35.2326 | Epoch: 9999
    Eq omega: 0.097671 + -0.02354theta + 0.02050omega + 0.00243theta^2 + -0.00464theta omega + -0.01855omega^2 + -0.00021theta^3 + 0.00007theta^2 omega + -0.00295theta omega^2 + -0.01603omega^3
    Eq omega Phys: -0.244139*omega**3 - 0.001498*omega**2*theta + 0.009825*omega**2 + 1.0e-6*omega*theta**2 - 0.000147*omega*theta + 0.002659*omega + 7.0e-6*theta**2 - 0.000169*theta + 0.001442

--- Chunk 94251 (92/220) | Start: 2025-07-18 09:20:00 ---
    RMSE omega (GP): 0.003351 | RMSE omega (Sim): 0.048252
    Loss: 41.8047 | Epoch: 9999
    Eq omega: -0.009911 + -0.00110theta + 0.00214omega + -0.00142theta^2 + -0.00610theta omega + -0.00849omega^2 + -0.00000theta^3 + -0.00111theta^2 omega + -0.00581theta omega^2 + -0.01129omega^3
    Eq omega Phys: -0.253028*omega**3 - 0.00434*omega**2*theta + 0.049797*omega**2 - 2.8e-5*omega*theta**2 + 0.000552*omega*theta - 0.002405*omega - 1.0e-6*theta**2 + 3.5e-5*theta - 0.000233

--- Chunk 94252 (93/220) | Start: 2025-07-18 09:25:00 ---
    RMSE omega (GP): 0.005859 | RMSE omega (Sim): 0.046940
    Loss: 68.9442 | Epoch: 9999
    Eq omega: -0.001791 + -0.01108theta + -0.00621omega + 0.00425theta^2 + -0.00103theta omega + -0.00679omega^2 + -0.00002theta^3 + 0.00055theta^2 omega + 0.00046theta omega^2 + -0.00496omega^3
    Eq omega Phys: -0.064196*omega**3 + 0.000198*omega**2*theta - 0.008175*omega**2 + 8.0e-6*omega*theta**2 - 0.000319*omega*theta + 0.002987*omega + 4.0e-6*theta**2 - 0.000139*theta + 0.001377

--- Chunk 94253 (94/220) | Start: 2025-07-18 09:30:00 ---
    RMSE omega (GP): 0.018881 | RMSE omega (Sim): 0.028592
    Loss: 2721.7229 | Epoch: 9999
    Eq omega: 0.025541 + -0.00335theta + -0.00581omega + 0.00004theta^2 + -0.00006theta omega + -0.00001omega^2 + 0.00010theta^3 + -0.00000theta^2 omega + 0.00002theta omega^2 + -0.00015omega^3
    Eq omega Phys: -0.007495*omega**3 + 3.3e-5*omega**2*theta - 0.000823*omega**2 - 3.0e-6*omega*theta - 0.000131*omega - 1.3e-5*theta**2 + 0.000322*theta - 0.002513

--- Chunk 94254 (95/220) | Start: 2025-07-18 09:35:00 ---
    RMSE omega (GP): 0.004738 | RMSE omega (Sim): 0.065689
    Loss: 45.7373 | Epoch: 9999
    Eq omega: -0.045891 + -0.00366theta + 0.00476omega + -0.00118theta^2 + 0.00004theta omega + 0.00463omega^2 + -0.00009theta^3 + -0.00015theta^2 omega + 0.00011theta omega^2 + 0.00106omega^3
    Eq omega Phys: 0.014023*omega**3 + 4.9e-5*omega**2*theta + 0.001677*omega**2 - 2.0e-6*omega*theta**2 + 0.000128*omega*theta - 0.001697*omega + 3.0e-6*theta**2 - 6.4e-5*theta + 0.000372

--- Chunk 94255 (96/220) | Start: 2025-07-18 09:40:00 ---
    RMSE omega (GP): nan | RMSE omega (Sim): nan
    Loss: 525894.7500 | Epoch: 5
    Eq omega: nan1 + nantheta + nanomega + nantheta^2 + nantheta omega + nanomega^2 + nantheta^3 + nantheta^2 omega + nantheta omega^2 + nanomega^3
    Eq omega Phys: N/A

--- Chunk 94256 (97/220) | Start: 2025-07-18 09:45:00 ---
    RMSE omega (GP): 0.003333 | RMSE omega (Sim): 0.052659
    Loss: 32.9879 | Epoch: 9618
    Eq omega: 0.013501 + 0.00631theta + 0.00429omega + -0.00014theta^2 + 0.00008theta omega + 0.00361omega^2 + 0.00001theta^3 + -0.00002theta^2 omega + 0.00057theta omega^2 + -0.00083omega^3
    Eq omega Phys: -0.015435*omega**3 + 0.000353*omega**2*theta - 0.002747*omega**2 + 1.5e-5*omega*theta + 6.0e-6*omega + 1.6e-5*theta - 0.00015

--- Chunk 94257 (98/220) | Start: 2025-07-18 09:50:00 ---
    RMSE omega (GP): nan | RMSE omega (Sim): nan
    Loss: 1266103.3750 | Epoch: 5
    Eq omega: nan1 + nantheta + nanomega + nantheta^2 + nantheta omega + nanomega^2 + nantheta^3 + nantheta^2 omega + nantheta omega^2 + nanomega^3
    Eq omega Phys: N/A

--- Chunk 94258 (99/220) | Start: 2025-07-18 09:55:00 ---
    RMSE omega (GP): 0.003518 | RMSE omega (Sim): 0.087084
    Loss: 21.8574 | Epoch: 9999
    Eq omega: 0.043951 + 0.00023theta + -0.00018omega + -0.00143theta^2 + 0.00011theta omega + -0.00373omega^2 + -0.00003theta^3 + -0.00020theta^2 omega + -0.00015theta omega^2 + 0.00155omega^3
    Eq omega Phys: 0.018235*omega**3 - 5.9e-5*omega**2*theta - 0.001177*omega**2 - 3.0e-6*omega*theta**2 + 0.000105*omega*theta - 0.001066*omega + 2.4e-5*theta - 0.000213

--- Chunk 94259 (100/220) | Start: 2025-07-18 10:00:00 ---
    RMSE omega (GP): 0.003623 | RMSE omega (Sim): 0.037257
    Loss: 36.8456 | Epoch: 9999
    Eq omega: -0.058931 + -0.02076theta + -0.00273omega + 0.00277theta^2 + -0.00348theta omega + -0.02223omega^2 + -0.00036theta^3 + 0.00306theta^2 omega + 0.00233theta omega^2 + -0.01991omega^3
    Eq omega Phys: -0.342132*omega**3 + 0.001335*omega**2*theta - 0.036199*omega**2 + 5.8e-5*omega*theta**2 - 0.001784*omega*theta + 0.013496*omega + 1.2e-5*theta**2 - 0.000236*theta + 0.00144

  [Progress 100/220] Mean RMSE omega (GP): 0.004905 | (Sim): 0.078130 | Mean loss: -4701520152.9023 | Valid GP: 93/100 | Valid Sim: 86/100 | Elapsed: 354.8min | ETA: 425.8min

--- Chunk 94260 (101/220) | Start: 2025-07-18 10:05:00 ---
    RMSE omega (GP): 0.003202 | RMSE omega (Sim): 0.079251
    Loss: 49.7270 | Epoch: 9999
    Eq omega: -0.332851 + -0.00730theta + -0.13340omega + 0.00330theta^2 + 0.00770theta omega + -0.03446omega^2 + -0.00008theta^3 + 0.00086theta^2 omega + 0.00760theta omega^2 + -0.00513omega^3
    Eq omega Phys: -0.149442*omega**3 + 0.00738*omega**2*theta - 0.131185*omega**2 + 2.8e-5*omega*theta**2 - 0.000481*omega*theta - 0.002947*omega + 7.0e-6*theta**2 - 0.000148*theta + 0.000556

--- Chunk 94261 (102/220) | Start: 2025-07-18 10:10:00 ---
    RMSE omega (GP): 0.003417 | RMSE omega (Sim): 0.051555
    Loss: 12.4236 | Epoch: 6609
    Eq omega: 0.047301 + -0.22099theta + -0.36195omega + -0.02081theta^2 + -0.04781theta omega + -0.05083omega^2 + -0.00200theta^3 + -0.00186theta^2 omega + -0.00477theta omega^2 + -0.02341omega^3
    Eq omega Phys: -0.186408*omega**3 - 0.001266*omega**2*theta - 0.014514*omega**2 - 1.6e-5*omega*theta**2 - 0.000518*omega*theta - 0.005894*omega - 0.e-6*theta**3 + 4.0e-6*theta**2 - 0.000176*theta + 0.001816

--- Chunk 94262 (103/220) | Start: 2025-07-18 10:15:00 ---
    RMSE omega (GP): 0.002806 | RMSE omega (Sim): 0.091395
    Loss: 20.3369 | Epoch: 9540
    Eq omega: 0.273231 + -0.01818theta + -0.00449omega + 0.00432theta^2 + -0.00008theta omega + 0.00341omega^2 + 0.00016theta^3 + 0.00006theta^2 omega + -0.00087theta omega^2 + -0.00218omega^3
    Eq omega Phys: -0.038959*omega**3 - 0.000518*omega**2*theta + 0.007157*omega**2 + 1.0e-6*omega*theta**2 - 2.3e-5*omega*theta - 4.1e-5*omega + 1.0e-6*theta**2 - 6.1e-5*theta + 0.000782

--- Chunk 94263 (104/220) | Start: 2025-07-18 10:20:00 ---
    RMSE omega (GP): 0.003927 | RMSE omega (Sim): 0.058202
    Loss: 54.3359 | Epoch: 9999
    Eq omega: 0.095961 + 0.03021theta + -0.01675omega + -0.00255theta^2 + 0.00520theta omega + -0.00457omega^2 + 0.00035theta^3 + -0.00075theta^2 omega + 0.00353theta omega^2 + -0.00235omega^3
    Eq omega Phys: -0.054325*omega**3 + 0.00272*omega**2*theta - 0.031384*omega**2 - 1.9e-5*omega*theta**2 + 0.00054*omega*theta - 0.00404*omega - 1.2e-5*theta**2 + 0.000175*theta - 0.000774

--- Chunk 94264 (105/220) | Start: 2025-07-18 10:25:00 ---
    RMSE omega (GP): 0.002665 | RMSE omega (Sim): 0.069015
    Loss: 6.0933 | Epoch: 5519
    Eq omega: -0.013161 + -0.22540theta + 0.02809omega + -0.02908theta^2 + -0.10096theta omega + -0.10454omega^2 + -0.01406theta^3 + -0.01876theta^2 omega + -0.02992theta omega^2 + 0.00093omega^3
    Eq omega Phys: 0.006558*omega**3 - 0.007033*omega**2*theta - 0.039476*omega**2 - 0.000147*omega*theta**2 - 0.001163*omega*theta + 0.003163*omega - 4.0e-6*theta**3 + 2.0e-6*theta**2 - 0.000228*theta + 0.000344

--- Chunk 94265 (106/220) | Start: 2025-07-18 10:30:00 ---
    RMSE omega (GP): 0.002878 | RMSE omega (Sim): nan
    Loss: 4.8070 | Epoch: 4792
    Eq omega: -0.052061 + -0.06126theta + 0.26497omega + -0.33213theta^2 + -0.12940theta omega + -0.03209omega^2 + -0.04960theta^3 + -0.01826theta^2 omega + 0.03552theta omega^2 + -0.00437omega^3
    Eq omega Phys: -0.029148*omega**3 + 0.007897*omega**2*theta + 0.003734*omega**2 - 0.000135*omega*theta**2 - 0.00268*omega*theta + 0.003202*omega - 1.2e-5*theta**3 - 0.000262*theta**2 - 0.001109*theta - 0.001445

--- Chunk 94266 (107/220) | Start: 2025-07-18 10:35:00 ---
    RMSE omega (GP): nan | RMSE omega (Sim): nan
    Loss: 12807.5713 | Epoch: 5
    Eq omega: nan1 + nantheta + nanomega + nantheta^2 + nantheta omega + nanomega^2 + nantheta^3 + nantheta^2 omega + nantheta omega^2 + nanomega^3
    Eq omega Phys: N/A

--- Chunk 94267 (108/220) | Start: 2025-07-18 10:40:00 ---
    RMSE omega (GP): 0.002702 | RMSE omega (Sim): 0.077984
    Loss: 4.7772 | Epoch: 6764
    Eq omega: 0.060611 + -0.91234theta + 0.03279omega + 0.12072theta^2 + -0.14424theta omega + 0.10817omega^2 + 0.00881theta^3 + -0.01610theta^2 omega + -0.00296theta omega^2 + -0.02151omega^3
    Eq omega Phys: -0.137323*omega**3 - 0.00063*omega**2*theta + 0.044702*omega**2 - 0.000114*omega*theta**2 - 0.004103*omega*theta - 0.024982*omega + 2.0e-6*theta**3 + 0.000113*theta**2 + 0.000433*theta - 0.002836

--- Chunk 94268 (109/220) | Start: 2025-07-18 10:45:00 ---
    RMSE omega (GP): 0.002486 | RMSE omega (Sim): 0.078798
    Loss: 9.0811 | Epoch: 4586
    Eq omega: -0.172011 + -0.59606theta + 0.07400omega + 1.69553theta^2 + -0.80284theta omega + 0.20271omega^2 + -7.08385theta^3 + -0.89632theta^2 omega + -0.26692theta omega^2 + 0.04000omega^3
    Eq omega Phys: 0.402322*omega**3 - 0.08949*omega**2*theta + 0.197907*omega**2 - 0.010017*omega*theta**2 + 0.002533*omega*theta + 0.008299*omega - 0.002639*theta**3 + 0.008215*theta**2 - 0.009037*theta + 0.003072

--- Chunk 94269 (110/220) | Start: 2025-07-18 10:50:00 ---
    RMSE omega (GP): 0.005830 | RMSE omega (Sim): 0.076430
    Loss: 43.5242 | Epoch: 9999
    Eq omega: -0.082621 + -0.00791theta + -0.00158omega + -0.00398theta^2 + -0.00222theta omega + -0.00211omega^2 + -0.00022theta^3 + 0.00067theta^2 omega + -0.00291theta omega^2 + 0.00279omega^3
    Eq omega Phys: 0.023642*omega**3 - 0.000822*omega**2*theta - 0.012347*omega**2 + 6.0e-6*omega*theta**2 + 0.000133*omega*theta + 0.000587*omega - 5.0e-6*theta**2 - 0.000112*theta - 0.000907

--- Chunk 94270 (111/220) | Start: 2025-07-18 10:55:00 ---
    RMSE omega (GP): 0.003635 | RMSE omega (Sim): 0.114031
    Loss: 13.1396 | Epoch: 9010
    Eq omega: 0.003851 + -0.02946theta + -0.00003omega + 0.01176theta^2 + -0.00200theta omega + -0.01058omega^2 + -0.00153theta^3 + -0.00975theta^2 omega + -0.00038theta omega^2 + -0.00216omega^3
    Eq omega Phys: -0.016638*omega**3 - 9.8e-5*omega**2*theta - 0.006035*omega**2 - 8.3e-5*omega*theta**2 - 0.001186*omega*theta - 0.004214*omega - 2.0e-6*theta**2 - 4.0e-6*theta - 4.6e-5

--- Chunk 94271 (112/220) | Start: 2025-07-18 11:00:00 ---
    RMSE omega (GP): 0.004904 | RMSE omega (Sim): 0.051967
    Loss: 39.7930 | Epoch: 9999
    Eq omega: -0.033131 + 0.01568theta + 0.00181omega + -0.00033theta^2 + -0.00268theta omega + 0.00702omega^2 + 0.00017theta^3 + 0.00187theta^2 omega + 0.00212theta omega^2 + -0.00089omega^3
    Eq omega Phys: -0.009971*omega**3 + 0.000792*omega**2*theta + 0.014376*omega**2 + 2.3e-5*omega*theta**2 + 0.000539*omega*theta + 0.003143*omega + 2.0e-6*theta**2 + 4.6e-5*theta + 0.000271

--- Chunk 94272 (113/220) | Start: 2025-07-18 11:05:00 ---
    RMSE omega (GP): 0.019666 | RMSE omega (Sim): 0.022169
    Loss: 1857.3447 | Epoch: 7135
    Eq omega: 0.012981 + -0.00253theta + -0.00835omega + 0.00017theta^2 + 0.00189theta omega + 0.00023omega^2 + 0.00002theta^3 + -0.00005theta^2 omega + -0.00066theta omega^2 + 0.00008omega^3
    Eq omega Phys: 0.0025*omega**3 - 0.000687*omega**2*theta - 0.01844*omega**2 - 2.0e-6*omega*theta**2 - 3.0e-5*omega*theta + 0.000187*omega + 2.0e-6*theta**2 + 5.9e-5*theta + 0.000544

--- Chunk 94273 (114/220) | Start: 2025-07-18 11:10:00 ---
    RMSE omega (GP): 0.003539 | RMSE omega (Sim): 0.059579
    Loss: 15.0817 | Epoch: 8636
    Eq omega: 0.019911 + 0.00434theta + -0.03760omega + 0.00331theta^2 + -0.00344theta omega + 0.00339omega^2 + 0.00012theta^3 + -0.00035theta^2 omega + 0.00411theta omega^2 + -0.00778omega^3
    Eq omega Phys: -0.064287*omega**3 + 0.001132*omega**2*theta + 0.015617*omega**2 - 3.0e-6*omega*theta**2 - 0.000139*omega*theta - 0.002469*omega + 3.0e-6*theta**2 + 6.8e-5*theta + 0.000457

--- Chunk 94274 (115/220) | Start: 2025-07-18 11:15:00 ---
    RMSE omega (GP): 0.002737 | RMSE omega (Sim): 0.054597
    Loss: 6.1430 | Epoch: 5025
    Eq omega: 0.008621 + -0.31691theta + 0.00792omega + -0.04694theta^2 + 0.06339theta omega + 0.26720omega^2 + -0.02797theta^3 + 0.01572theta^2 omega + -0.02194theta omega^2 + 0.00254omega^3
    Eq omega Phys: 0.019016*omega**3 - 0.005475*omega**2*theta + 0.116293*omega**2 + 0.000131*omega*theta**2 + 0.001877*omega*theta + 0.004866*omega - 8.0e-6*theta**3 - 9.9e-5*theta**2 - 0.000745*theta - 0.001583

--- Chunk 94275 (116/220) | Start: 2025-07-18 11:20:00 ---
    RMSE omega (GP): 0.003595 | RMSE omega (Sim): nan
    Loss: 16.8791 | Epoch: 9999
    Eq omega: -0.088681 + -0.01353theta + 0.27643omega + -0.00056theta^2 + -0.06106theta omega + -0.01723omega^2 + -0.00021theta^3 + -0.00455theta^2 omega + -0.01498theta omega^2 + 0.07624omega^3
    Eq omega Phys: 0.66303*omega**3 - 0.004343*omega**2*theta + 0.032049*omega**2 - 4.4e-5*omega*theta**2 - 0.000259*omega*theta + 0.015661*omega + 2.0e-6*theta**2 - 2.7e-5*theta - 1.2e-5

--- Chunk 94276 (117/220) | Start: 2025-07-18 11:25:00 ---
    RMSE omega (GP): 0.003979 | RMSE omega (Sim): 0.049226
    Loss: 38.6808 | Epoch: 9999
    Eq omega: -0.133141 + -0.02699theta + -0.02670omega + -0.01594theta^2 + -0.01635theta omega + 0.00330omega^2 + -0.00142theta^3 + -0.00075theta^2 omega + -0.00748theta omega^2 + -0.00711omega^3
    Eq omega Phys: -0.112928*omega**3 - 0.00396*omega**2*theta - 0.031284*omega**2 - 1.3e-5*omega*theta**2 - 0.000622*omega*theta - 0.005221*omega - 0.e-6*theta**3 - 3.4e-5*theta**2 - 0.000431*theta - 0.001905

--- Chunk 94277 (118/220) | Start: 2025-07-18 11:30:00 ---
    RMSE omega (GP): 0.003668 | RMSE omega (Sim): 0.060850
    Loss: 11.9346 | Epoch: 7735
    Eq omega: -0.022941 + -0.00951theta + -0.10926omega + 0.00003theta^2 + 0.02000theta omega + 0.01741omega^2 + -0.00055theta^3 + 0.00227theta^2 omega + -0.00535theta omega^2 + -0.00938omega^3
    Eq omega Phys: -0.066625*omega**3 - 0.001267*omega**2*theta - 0.003606*omega**2 + 1.8e-5*omega*theta**2 + 0.000666*omega*theta + 0.00108*omega - 4.0e-6*theta**2 - 5.0e-5*theta - 0.000277

--- Chunk 94278 (119/220) | Start: 2025-07-18 11:35:00 ---
    RMSE omega (GP): 0.003517 | RMSE omega (Sim): 0.090424
    Loss: 4.1670 | Epoch: 8967
    Eq omega: -0.019461 + -0.61804theta + 0.09371omega + -0.04372theta^2 + 0.07843theta omega + 0.02768omega^2 + 0.00333theta^3 + 0.02352theta^2 omega + 0.00181theta omega^2 + 0.00966omega^3
    Eq omega Phys: 0.036404*omega**3 + 0.000227*omega**2*theta + 0.00952*omega**2 + 9.8e-5*omega*theta**2 + 0.000675*omega*theta + 0.002101*omega - 1.9e-5*theta**2 - 0.00064*theta + 0.000787

--- Chunk 94279 (120/220) | Start: 2025-07-18 11:40:00 ---
    RMSE omega (GP): 0.003000 | RMSE omega (Sim): 0.059744
    Loss: 11.5351 | Epoch: 5376
    Eq omega: 0.109291 + -0.45397theta + -0.21830omega + 0.26970theta^2 + -0.06937theta omega + 0.02039omega^2 + -0.05241theta^3 + -0.01693theta^2 omega + -0.00056theta omega^2 + -0.10112omega^3
    Eq omega Phys: -0.886051*omega**3 - 0.000164*omega**2*theta + 0.010191*omega**2 - 0.000165*omega*theta**2 - 0.002919*omega*theta - 0.017834*omega - 1.7e-5*theta**3 - 9.6e-5*theta**2 - 0.000173*theta - 0.000385

--- Chunk 94280 (121/220) | Start: 2025-07-18 11:45:00 ---
    RMSE omega (GP): 0.002758 | RMSE omega (Sim): 0.136000
    Loss: 10.5745 | Epoch: 8323
    Eq omega: -0.326081 + -0.07189theta + -0.01555omega + -0.01754theta^2 + 0.08078theta omega + 0.03870omega^2 + -0.00353theta^3 + 0.20237theta^2 omega + 0.00749theta omega^2 + -0.73367omega^3
    Eq omega Phys: -8.129151*omega**3 + 0.002766*omega**2*theta + 0.042581*omega**2 + 0.002491*omega*theta**2 + 0.035972*omega*theta + 0.129055*omega - 1.0e-6*theta**3 - 4.2e-5*theta**2 - 0.000449*theta - 0.002183

--- Chunk 94281 (122/220) | Start: 2025-07-18 11:50:00 ---
    RMSE omega (GP): 0.002834 | RMSE omega (Sim): 0.201386
    Loss: 4.7539 | Epoch: 8320
    Eq omega: -0.046071 + -0.04404theta + -0.10502omega + -0.11797theta^2 + -0.05049theta omega + -0.03108omega^2 + -0.20732theta^3 + 0.18401theta^2 omega + -0.26306theta omega^2 + 0.01660omega^3
    Eq omega Phys: 0.106255*omega**3 - 0.056127*omega**2*theta - 0.160148*omega**2 + 0.001309*omega*theta**2 + 0.006021*omega*theta + 0.00331*omega - 4.9e-5*theta**3 - 0.000444*theta**2 - 0.001358*theta - 0.001508

--- Chunk 94282 (123/220) | Start: 2025-07-18 11:55:00 ---
    RMSE omega (GP): 0.003192 | RMSE omega (Sim): nan
    Loss: 3.7205 | Epoch: 5448
    Eq omega: -0.161471 + 0.08392theta + 0.06748omega + 0.00646theta^2 + -0.02497theta omega + -0.03558omega^2 + -0.00780theta^3 + -0.03817theta^2 omega + -0.01775theta omega^2 + 0.14065omega^3
    Eq omega Phys: 0.645332*omega**3 - 0.002715*omega**2*theta - 0.030959*omega**2 - 0.000195*omega*theta**2 - 0.002769*omega*theta - 0.007466*omega - 1.0e-6*theta**3 - 2.2e-5*theta**2 - 2.8e-5*theta - 9.1e-5

--- Chunk 94283 (124/220) | Start: 2025-07-18 12:00:00 ---
    RMSE omega (GP): 0.003740 | RMSE omega (Sim): 0.117118
    Loss: 8.5270 | Epoch: 7046
    Eq omega: -0.005951 + -0.09096theta + 0.04114omega + 0.01712theta^2 + -0.00093theta omega + -0.01864omega^2 + 0.00716theta^3 + 0.00443theta^2 omega + -0.14907theta omega^2 + 0.00120omega^3
    Eq omega Phys: 0.00729*omega**3 - 0.030186*omega**2*theta + 0.155848*omega**2 + 3.0e-5*omega*theta**2 - 0.000339*omega*theta + 0.002332*omega + 2.0e-6*theta**3 - 1.8e-5*theta**2 - 5.1e-5*theta + 0.000529

--- Chunk 94284 (125/220) | Start: 2025-07-18 12:05:00 ---
    RMSE omega (GP): 0.005273 | RMSE omega (Sim): 0.044312
    Loss: 61.9923 | Epoch: 9999
    Eq omega: 0.009511 + -0.03116theta + 0.01057omega + -0.00862theta^2 + -0.00063theta omega + -0.02878omega^2 + -0.00054theta^3 + -0.00017theta^2 omega + -0.00358theta omega^2 + -0.01547omega^3
    Eq omega Phys: -0.21443*omega**3 - 0.001654*omega**2*theta + 0.0074*omega**2 - 3.0e-6*omega*theta**2 + 7.1e-5*omega*theta - 0.000111*omega + 7.0e-6*theta**2 - 4.3e-5*theta + 5.1e-5

--- Chunk 94285 (126/220) | Start: 2025-07-18 12:10:00 ---
    RMSE omega (GP): 0.003173 | RMSE omega (Sim): 0.057176
    Loss: 14.4704 | Epoch: 7421
    Eq omega: 0.000021 + 0.00570theta + -0.88174omega + 0.05691theta^2 + -0.06684theta omega + -0.07234omega^2 + -0.04011theta^3 + -0.00399theta^2 omega + -0.01108theta omega^2 + -0.01724omega^3
    Eq omega Phys: -0.176353*omega**3 - 0.003778*omega**2*theta - 0.065754*omega**2 - 4.5e-5*omega*theta**2 - 0.001865*omega*theta - 0.039244*omega - 1.5e-5*theta**3 - 0.000247*theta**2 - 0.0013*theta - 0.002193

--- Chunk 94286 (127/220) | Start: 2025-07-18 12:15:00 ---
    RMSE omega (GP): 0.002847 | RMSE omega (Sim): 0.056039
    Loss: 17.9659 | Epoch: 8292
    Eq omega: 0.081871 + -0.17248theta + -0.58584omega + 0.07681theta^2 + 0.22478theta omega + -0.05359omega^2 + -0.00860theta^3 + 0.00257theta^2 omega + 0.17373theta omega^2 + -0.09972omega^3
    Eq omega Phys: -1.446408*omega**3 + 0.083997*omega**2*theta - 0.433139*omega**2 + 4.1e-5*omega*theta**2 + 0.004819*omega*theta - 0.043162*omega - 5.0e-6*theta**3 + 0.000125*theta**2 - 0.001059*theta + 0.002836

--- Chunk 94287 (128/220) | Start: 2025-07-18 12:20:00 ---
    RMSE omega (GP): 0.004057 | RMSE omega (Sim): 0.057778
    Loss: 26.5942 | Epoch: 9999
    Eq omega: -0.030681 + -0.01940theta + -0.05627omega + -0.00613theta^2 + -0.00294theta omega + 0.01344omega^2 + -0.00010theta^3 + 0.00017theta^2 omega + 0.00001theta omega^2 + -0.00543omega^3
    Eq omega Phys: -0.05859*omega**3 + 4.0e-6*omega**2*theta + 0.00811*omega**2 + 2.0e-6*omega*theta**2 - 2.0e-6*omega*theta - 0.002299*omega - 6.0e-6*theta**2 - 0.000159*theta - 0.001261

--- Chunk 94288 (129/220) | Start: 2025-07-18 12:25:00 ---
    RMSE omega (GP): 0.004651 | RMSE omega (Sim): 0.098555
    Loss: 16.5365 | Epoch: 9417
    Eq omega: -0.046911 + -0.06123theta + 0.06553omega + 0.02516theta^2 + 0.00637theta omega + -0.02154omega^2 + -0.00011theta^3 + -0.00507theta^2 omega + 0.00337theta omega^2 + -0.00345omega^3
    Eq omega Phys: -0.019203*omega**3 + 0.000625*omega**2*theta + 0.000261*omega**2 - 3.1e-5*omega*theta**2 - 0.000865*omega*theta - 0.003719*omega + 1.1e-5*theta**2 + 0.000284*theta + 0.001563

--- Chunk 94289 (130/220) | Start: 2025-07-18 12:30:00 ---
    RMSE omega (GP): 0.002890 | RMSE omega (Sim): 0.076208
    Loss: 8.3674 | Epoch: 6158
    Eq omega: 0.011431 + -0.19786theta + -0.15667omega + 0.02145theta^2 + -0.07750theta omega + -0.00032omega^2 + -0.02197theta^3 + -0.00073theta^2 omega + -0.04344theta omega^2 + -0.10261omega^3
    Eq omega Phys: -0.829423*omega**3 - 0.011705*omega**2*theta + 0.059935*omega**2 - 7.0e-6*omega*theta**2 - 0.001274*omega*theta + 0.00149*omega - 7.0e-6*theta**3 + 0.000114*theta**2 - 0.000867*theta + 0.00237

--- Chunk 94290 (131/220) | Start: 2025-07-18 12:35:00 ---
    RMSE omega (GP): 0.004112 | RMSE omega (Sim): nan
    Loss: 20.2944 | Epoch: 8725
    Eq omega: -0.160961 + -0.28263theta + 0.33161omega + -0.01180theta^2 + 0.00760theta omega + -0.10435omega^2 + -0.00101theta^3 + -0.00096theta^2 omega + -0.00582theta omega^2 + 0.02085omega^3
    Eq omega Phys: 0.17887*omega**3 - 0.001664*omega**2*theta - 0.066596*omega**2 - 9.0e-6*omega*theta**2 + 1.7e-5*omega*theta + 0.011547*omega - 1.3e-5*theta**2 - 0.000445*theta - 0.002754

--- Chunk 94291 (132/220) | Start: 2025-07-18 12:40:00 ---
    RMSE omega (GP): 0.004431 | RMSE omega (Sim): 0.071203
    Loss: 9.4244 | Epoch: 5520
    Eq omega: 0.030071 + -0.02894theta + -0.00684omega + 0.00619theta^2 + 0.00629theta omega + 0.04914omega^2 + -0.00017theta^3 + 0.00065theta^2 omega + -0.00129theta omega^2 + -0.01215omega^3
    Eq omega Phys: -0.048679*omega**3 - 0.000172*omega**2*theta + 0.015944*omega**2 + 3.0e-6*omega*theta**2 + 0.000144*omega*theta + 0.001063*omega + 2.0e-6*theta**2 + 1.6e-5*theta + 1.9e-5

--- Chunk 94292 (133/220) | Start: 2025-07-18 12:45:00 ---
    RMSE omega (GP): 0.003536 | RMSE omega (Sim): 0.136427
    Loss: 9.7706 | Epoch: 6798
    Eq omega: -0.182761 + 0.00697theta + -0.11048omega + 0.13953theta^2 + 0.01941theta omega + -0.10360omega^2 + -0.36602theta^3 + 0.25942theta^2 omega + -0.02532theta omega^2 + -0.03631omega^3
    Eq omega Phys: -0.235367*omega**3 - 0.005471*omega**2*theta - 0.027947*omega**2 + 0.001868*omega*theta**2 - 0.013504*omega*theta + 0.020704*omega - 8.8e-5*theta**3 + 0.001046*theta**2 - 0.004122*theta + 0.004948

--- Chunk 94293 (134/220) | Start: 2025-07-18 12:50:00 ---
    RMSE omega (GP): 0.003824 | RMSE omega (Sim): 0.048415
    Loss: 19.3465 | Epoch: 9999
    Eq omega: 0.027971 + -0.06133theta + 0.10871omega + -0.00403theta^2 + -0.02017theta omega + 0.07653omega^2 + -0.00575theta^3 + 0.00378theta^2 omega + -0.02192theta omega^2 + 0.03542omega^3
    Eq omega Phys: 0.29675*omega**3 - 0.006122*omega**2*theta + 0.064766*omega**2 + 3.5e-5*omega*theta**2 - 0.000635*omega*theta + 0.005591*omega - 2.0e-6*theta**3 + 1.9e-5*theta**2 - 0.000134*theta + 0.000404

--- Chunk 94294 (135/220) | Start: 2025-07-18 12:55:00 ---
    RMSE omega (GP): 0.003559 | RMSE omega (Sim): 0.102750
    Loss: 2.4761 | Epoch: 5864
    Eq omega: 0.056011 + 0.01544theta + -0.13624omega + -0.08416theta^2 + -0.01104theta omega + -0.17599omega^2 + -0.47448theta^3 + -0.03458theta^2 omega + 0.02614theta omega^2 + -0.01165omega^3
    Eq omega Phys: -0.041251*omega**3 + 0.003085*omega**2*theta - 0.075101*omega**2 - 0.000136*omega*theta**2 + 0.001165*omega*theta - 0.007005*omega - 6.2e-5*theta**3 + 0.000854*theta**2 - 0.003881*theta + 0.006024

--- Chunk 94295 (136/220) | Start: 2025-07-18 13:00:00 ---
    RMSE omega (GP): 0.011920 | RMSE omega (Sim): 0.037293
    Loss: 348.6910 | Epoch: 9999
    Eq omega: 0.025321 + -0.00586theta + -0.00631omega + -0.00018theta^2 + 0.00085theta omega + 0.00133omega^2 + -0.00001theta^3 + 0.00010theta^2 omega + -0.00095theta omega^2 + -0.00020omega^3
    Eq omega Phys: -0.003186*omega**3 - 0.000504*omega**2*theta - 0.015327*omega**2 + 2.0e-6*omega*theta**2 + 0.000135*omega*theta + 0.002304*omega - 0.e-6*theta**2 - 3.4e-5*theta - 0.000523

--- Chunk 94296 (137/220) | Start: 2025-07-18 13:05:00 ---
    RMSE omega (GP): 0.004411 | RMSE omega (Sim): 0.059577
    Loss: 45.9012 | Epoch: 9999
    Eq omega: -0.036931 + -0.00025theta + -0.00062omega + -0.00050theta^2 + 0.00530theta omega + 0.00501omega^2 + -0.00003theta^3 + 0.00119theta^2 omega + -0.00115theta omega^2 + -0.00398omega^3
    Eq omega Phys: -0.057738*omega**3 - 0.000556*omega**2*theta - 0.005591*omega**2 + 1.9e-5*omega*theta**2 + 0.000749*omega*theta + 0.007092*omega - 1.0e-6*theta**2 - 2.6e-5*theta - 0.000236

--- Chunk 94297 (138/220) | Start: 2025-07-18 13:10:00 ---
    RMSE omega (GP): 0.003334 | RMSE omega (Sim): 0.048440
    Loss: 4.1578 | Epoch: 9304
    Eq omega: -0.072821 + -0.07077theta + -0.10373omega + -0.06014theta^2 + -0.01317theta omega + 0.03152omega^2 + -0.03296theta^3 + -0.01117theta^2 omega + 0.01150theta omega^2 + 0.00908omega^3
    Eq omega Phys: 0.039409*omega**3 + 0.001664*omega**2*theta - 0.003834*omega**2 - 5.4e-5*omega*theta**2 + 0.000858*omega*theta - 0.006742*omega - 5.0e-6*theta**3 + 0.000126*theta**2 - 0.001033*theta + 0.002794

--- Chunk 94298 (139/220) | Start: 2025-07-18 13:15:00 ---
    RMSE omega (GP): 0.003064 | RMSE omega (Sim): 0.046756
    Loss: -3604927488.0000 | Epoch: 7837
    Eq omega: 0.046731 + -0.05913theta + -0.34723omega + 0.01190theta^2 + 0.38220theta omega + 0.75628omega^2 + -0.01331theta^3 + 0.11030theta^2 omega + -0.34106theta omega^2 + -0.43165omega^3
    Eq omega Phys: -5.763156*omega**3 - 0.151788*omega**2*theta - 0.316691*omega**2 + 0.001636*omega*theta**2 + 0.026205*omega*theta + 0.082305*omega - 7.0e-6*theta**3 - 9.8e-5*theta**2 - 0.000548*theta - 0.001062

--- Chunk 94299 (140/220) | Start: 2025-07-18 13:20:00 ---
    RMSE omega (GP): 0.003158 | RMSE omega (Sim): 0.068076
    Loss: 9.5148 | Epoch: 7443
    Eq omega: 0.047061 + 0.04530theta + -0.02739omega + -0.17212theta^2 + -0.04125theta omega + -0.04037omega^2 + -0.20391theta^3 + 0.03841theta^2 omega + 0.24052theta omega^2 + -0.03079omega^3
    Eq omega Phys: -0.225792*omega**3 + 0.058793*omega**2*theta + 0.106474*omega**2 + 0.000313*omega*theta**2 + 0.000666*omega*theta - 0.000928*omega - 5.5e-5*theta**3 - 0.000452*theta**2 - 0.001125*theta - 0.000774

--- Chunk 94300 (141/220) | Start: 2025-07-18 13:25:00 ---
 lsoda--  warning..internal t (=r1) and h (=r2) are  
       such that in the machine, t + h = t on the next step  
       (h = step size). solver will continue anyway  
      in above,  r1 =  0.5158344155816D+01   r2 =  0.3799850026133D-15
 lsoda--  warning..internal t (=r1) and h (=r2) are  
       such that in the machine, t + h = t on the next step  
       (h = step size). solver will continue anyway  
      in above,  r1 =  0.5158344155816D+01   r2 =  0.3799850026133D-15
 lsoda--  warning..internal t (=r1) and h (=r2) are  
       such that in the machine, t + h = t on the next step  
       (h = step size). solver will continue anyway  
      in above,  r1 =  0.5158344155816D+01   r2 =  0.3799850026133D-15
 lsoda--  warning..internal t (=r1) and h (=r2) are  
       such that in the machine, t + h = t on the next step  
       (h = step size). solver will continue anyway  
      in above,  r1 =  0.5158344155816D+01   r2 =  0.3122969090501D-15
 lsoda--  warning..internal t (=r1) and h (=r2) are  
       such that in the machine, t + h = t on the next step  
       (h = step size). solver will continue anyway  
      in above,  r1 =  0.5158344155816D+01   r2 =  0.3122969090501D-15
 lsoda--  warning..internal t (=r1) and h (=r2) are  
       such that in the machine, t + h = t on the next step  
       (h = step size). solver will continue anyway  
      in above,  r1 =  0.5158344155816D+01   r2 =  0.3122969090501D-15
 lsoda--  warning..internal t (=r1) and h (=r2) are  
       such that in the machine, t + h = t on the next step  
       (h = step size). solver will continue anyway  
      in above,  r1 =  0.5158344155816D+01   r2 =  0.2566663387792D-15
 lsoda--  warning..internal t (=r1) and h (=r2) are  
       such that in the machine, t + h = t on the next step  
       (h = step size). solver will continue anyway  
      in above,  r1 =  0.5158344155816D+01   r2 =  0.2566663387792D-15
 lsoda--  warning..internal t (=r1) and h (=r2) are  
       such that in the machine, t + h = t on the next step  
       (h = step size). solver will continue anyway  
      in above,  r1 =  0.5158344155816D+01   r2 =  0.2566663387792D-15
 lsoda--  warning..internal t (=r1) and h (=r2) are  
       such that in the machine, t + h = t on the next step  
       (h = step size). solver will continue anyway  
      in above,  r1 =  0.5158344155816D+01   r2 =  0.2109454418038D-15
 lsoda--  above warning has been issued i1 times.    
       it will not be issued again for this problem  
      in above message,  i1 =        10
 lsoda--  warning..internal t (=r1) and h (=r2) are  
       such that in the machine, t + h = t on the next step  
       (h = step size). solver will continue anyway  
      in above,  r1 =  0.2771347431973D+01   r2 =  0.1944987377484D-15
 lsoda--  warning..internal t (=r1) and h (=r2) are  
       such that in the machine, t + h = t on the next step  
       (h = step size). solver will continue anyway  
      in above,  r1 =  0.2771347431973D+01   r2 =  0.1944987377484D-15
 lsoda--  warning..internal t (=r1) and h (=r2) are  
       such that in the machine, t + h = t on the next step  
       (h = step size). solver will continue anyway  
      in above,  r1 =  0.2771347431973D+01   r2 =  0.1944987377484D-15
 lsoda--  warning..internal t (=r1) and h (=r2) are  
       such that in the machine, t + h = t on the next step  
       (h = step size). solver will continue anyway  
      in above,  r1 =  0.2771347431973D+01   r2 =  0.1598519799566D-15
 lsoda--  warning..internal t (=r1) and h (=r2) are  
       such that in the machine, t + h = t on the next step  
       (h = step size). solver will continue anyway  
      in above,  r1 =  0.2771347431973D+01   r2 =  0.1598519799566D-15
 lsoda--  warning..internal t (=r1) and h (=r2) are  
       such that in the machine, t + h = t on the next step  
       (h = step size). solver will continue anyway  
      in above,  r1 =  0.2771347431973D+01   r2 =  0.1598519799566D-15
 lsoda--  warning..internal t (=r1) and h (=r2) are  
       such that in the machine, t + h = t on the next step  
    RMSE omega (GP): 0.003334 | RMSE omega (Sim): nan
    Loss: 3.5853 | Epoch: 8518
    Eq omega: -0.287561 + -0.01159theta + 0.25022omega + 0.00957theta^2 + -0.01048theta omega + 0.01574omega^2 + -0.15599theta^3 + 0.00649theta^2 omega + 0.39480theta omega^2 + 0.04746omega^3
    Eq omega Phys: 0.209474*omega**3 + 0.058084*omega**2*theta + 0.358616*omega**2 + 3.2e-5*omega*theta**2 + 0.000252*omega*theta + 0.0087*omega - 2.5e-5*theta**3 - 0.00046*theta**2 - 0.002782*theta - 0.006464

--- Chunk 94301 (142/220) | Start: 2025-07-18 13:30:00 ---
    RMSE omega (GP): 0.003804 | RMSE omega (Sim): 0.047865
    Loss: 50.4206 | Epoch: 9999
    Eq omega: -0.080531 + -0.01091theta + 0.02512omega + -0.00405theta^2 + 0.00376theta omega + 0.00237omega^2 + -0.00086theta^3 + 0.00094theta^2 omega + -0.00028theta omega^2 + 0.00038omega^3
    Eq omega Phys: 0.00852*omega**3 - 0.000209*omega**2*theta + 1.9e-5*omega**2 + 2.3e-5*omega*theta**2 + 0.000563*omega*theta + 0.004092*omega - 0.e-6*theta**3 - 2.5e-5*theta**2 - 0.000289*theta - 0.001239

--- Chunk 94302 (143/220) | Start: 2025-07-18 13:35:00 ---
    RMSE omega (GP): 0.003598 | RMSE omega (Sim): 0.055973
    Loss: -176490004480.0000 | Epoch: 5599
    Eq omega: 0.077171 + -0.04509theta + -0.15380omega + 0.00320theta^2 + 0.17032theta omega + 0.03953omega^2 + -0.00033theta^3 + -0.01566theta^2 omega + -0.03963theta omega^2 + -0.03882omega^3
    Eq omega Phys: -0.333779*omega**3 - 0.011358*omega**2*theta - 0.070834*omega**2 - 0.00015*omega*theta**2 + 0.000616*omega*theta + 0.009676*omega - 0.e-6*theta**2 - 4.0e-5*theta - 0.000177

--- Chunk 94303 (144/220) | Start: 2025-07-18 13:40:00 ---
    RMSE omega (GP): 0.005310 | RMSE omega (Sim): 0.045552
    Loss: 18.4297 | Epoch: 9999
    Eq omega: -0.170101 + -0.02370theta + 0.00040omega + -0.01244theta^2 + -0.00260theta omega + 0.01905omega^2 + -0.00021theta^3 + -0.00042theta^2 omega + -0.00022theta omega^2 + -0.00761omega^3
    Eq omega Phys: -0.03762*omega**3 - 3.6e-5*omega**2*theta + 0.007599*omega**2 - 2.0e-6*omega*theta**2 - 5.2e-5*omega*theta - 0.000148*omega - 6.0e-6*theta**2 - 6.9e-5*theta - 0.000641

--- Chunk 94304 (145/220) | Start: 2025-07-18 13:45:00 ---
    RMSE omega (GP): 0.003832 | RMSE omega (Sim): nan
    Loss: 7.2106 | Epoch: 8201
    Eq omega: -0.038111 + -0.07309theta + -0.02932omega + -0.01352theta^2 + 0.04541theta omega + 0.08155omega^2 + -0.09758theta^3 + 0.01236theta^2 omega + 0.47231theta omega^2 + -0.13155omega^3
    Eq omega Phys: -0.584266*omega**3 + 0.069924*omega**2*theta - 0.024662*omega**2 + 6.1e-5*omega*theta**2 + 0.000485*omega*theta - 0.001405*omega - 1.6e-5*theta**3 + 3.3e-5*theta**2 - 0.000103*theta - 4.0e-5

--- Chunk 94305 (146/220) | Start: 2025-07-18 13:50:00 ---
    RMSE omega (GP): 0.003794 | RMSE omega (Sim): 0.082667
    Loss: 9.5119 | Epoch: 6423
    Eq omega: -0.025581 + -0.02110theta + -0.04426omega + -0.18142theta^2 + 0.01160theta omega + 0.58070omega^2 + -0.07031theta^3 + -0.01053theta^2 omega + 0.06893theta omega^2 + -0.05097omega^3
    Eq omega Phys: -0.280686*omega**3 + 0.012653*omega**2*theta + 0.285342*omega**2 - 6.4e-5*omega*theta**2 - 0.000207*omega*theta - 0.001534*omega - 1.4e-5*theta**3 - 0.000211*theta**2 - 0.000881*theta - 0.0012

--- Chunk 94306 (147/220) | Start: 2025-07-18 13:55:00 ---
    RMSE omega (GP): 0.003932 | RMSE omega (Sim): 0.113828
    Loss: 15.6216 | Epoch: 6309
    Eq omega: -0.004071 + -0.03850theta + -0.02248omega + 0.01764theta^2 + -0.00207theta omega + -0.00570omega^2 + -0.00542theta^3 + 0.01274theta^2 omega + -0.00338theta omega^2 + 0.00599omega^3
    Eq omega Phys: 0.044488*omega**3 - 0.000837*omega**2*theta + 0.003209*omega**2 + 0.000105*omega*theta**2 - 0.001553*omega*theta + 0.004987*omega - 1.0e-6*theta**3 + 4.2e-5*theta**2 - 0.000417*theta + 0.001371

--- Chunk 94307 (148/220) | Start: 2025-07-18 14:00:00 ---
    RMSE omega (GP): 0.003324 | RMSE omega (Sim): 0.132292
    Loss: 5.1019 | Epoch: 7029
    Eq omega: 0.089511 + -0.04851theta + -0.00104omega + -0.00007theta^2 + -0.14940theta omega + -0.00364omega^2 + -0.06595theta^3 + -0.00113theta^2 omega + 0.02779theta omega^2 + -0.01303omega^3
    Eq omega Phys: -0.068205*omega**3 + 0.004849*omega**2*theta + 0.045277*omega**2 - 7.0e-6*omega*theta**2 - 0.002207*omega*theta - 0.020723*omega - 1.3e-5*theta**3 - 0.00037*theta**2 - 0.003627*theta - 0.011779

--- Chunk 94308 (149/220) | Start: 2025-07-18 14:05:00 ---
    RMSE omega (GP): 0.003489 | RMSE omega (Sim): 0.080135
    Loss: 19.7131 | Epoch: 7345
    Eq omega: -0.169781 + -0.08271theta + -0.11562omega + -0.03603theta^2 + 0.06369theta omega + 0.10405omega^2 + -0.00016theta^3 + -0.04612theta^2 omega + -0.05456theta omega^2 + 0.05847omega^3
    Eq omega Phys: 0.617025*omega**3 - 0.019192*omega**2*theta + 0.23924*omega**2 - 0.000541*omega*theta**2 + 0.011264*omega*theta - 0.061772*omega - 2.2e-5*theta**2 + 0.000331*theta - 0.00145

--- Chunk 94309 (150/220) | Start: 2025-07-18 14:10:00 ---
    RMSE omega (GP): 0.003898 | RMSE omega (Sim): 0.081491
    Loss: 17.6648 | Epoch: 9999
    Eq omega: -0.027901 + -0.01003theta + -0.11265omega + 0.00133theta^2 + 0.06567theta omega + -0.01875omega^2 + -0.00010theta^3 + -0.00234theta^2 omega + -0.01082theta omega^2 + 0.00952omega^3
    Eq omega Phys: 0.07911*omega**3 - 0.002997*omega**2*theta - 0.050803*omega**2 - 2.2e-5*omega*theta**2 + 0.000562*omega*theta + 0.00795*omega - 7.0e-6*theta - 0.000144

  [Progress 150/220] Mean RMSE omega (GP): 0.004630 | (Sim): 0.077269 | Mean loss: -4334979542.9367 | Valid GP: 142/150 | Valid Sim: 129/150 | Elapsed: 526.1min | ETA: 245.5min

--- Chunk 94310 (151/220) | Start: 2025-07-18 14:15:00 ---
    RMSE omega (GP): 0.002884 | RMSE omega (Sim): nan
    Loss: -34707000.0000 | Epoch: 5423
    Eq omega: -0.042671 + -2.25739theta + -0.17599omega + -2.30016theta^2 + 2.32100theta omega + 0.30521omega^2 + -3.78349theta^3 + 2.27762theta^2 omega + 0.19437theta omega^2 + 0.13093omega^3
    Eq omega Phys: 1.41622*omega**3 + 0.070081*omega**2*theta + 0.101534*omega**2 + 0.027373*omega*theta**2 - 0.017394*omega*theta - 0.022813*omega - 0.001516*theta**3 + 0.003769*theta**2 - 0.005114*theta + 0.003163

--- Chunk 94311 (152/220) | Start: 2025-07-18 14:20:00 ---
    RMSE omega (GP): 0.003454 | RMSE omega (Sim): 0.047226
    Loss: 16.2621 | Epoch: 6096
    Eq omega: 0.253131 + 0.00316theta + -0.27538omega + 0.02156theta^2 + -0.17218theta omega + -0.01810omega^2 + -0.02571theta^3 + 0.00387theta^2 omega + -0.00600theta omega^2 + 0.00177omega^3
    Eq omega Phys: 0.017359*omega**3 - 0.001961*omega**2*theta + 0.001961*omega**2 + 4.2e-5*omega*theta**2 - 0.003811*omega*theta + 0.013076*omega - 9.0e-6*theta**3 + 0.00019*theta**2 - 0.001272*theta + 0.003318

--- Chunk 94312 (153/220) | Start: 2025-07-18 14:25:00 ---
    RMSE omega (GP): 0.003808 | RMSE omega (Sim): 0.057878
    Loss: 12.0118 | Epoch: 4303
    Eq omega: 0.030781 + -0.98900theta + -0.56252omega + 0.39255theta^2 + -0.28925theta omega + -0.04096omega^2 + -0.06408theta^3 + -0.04178theta^2 omega + -0.43179theta omega^2 + -0.40366omega^3
    Eq omega Phys: -2.88463*omega**3 - 0.102855*omega**2*theta - 0.531491*omega**2 - 0.000332*omega*theta**2 - 0.008005*omega*theta - 0.050357*omega - 1.7e-5*theta**3 - 4.0e-5*theta**2 - 0.00024*theta - 0.002216

--- Chunk 94313 (154/220) | Start: 2025-07-18 14:30:00 ---
    RMSE omega (GP): 0.003969 | RMSE omega (Sim): 0.070236
    Loss: 15.5398 | Epoch: 7534
    Eq omega: 0.039221 + -0.02723theta + -0.02245omega + 0.01809theta^2 + 0.01059theta omega + -0.01848omega^2 + -0.00304theta^3 + 0.00007theta^2 omega + 0.00060theta omega^2 + 0.01123omega^3
    Eq omega Phys: 0.07821*omega**3 + 0.000139*omega**2*theta - 0.007091*omega**2 + 1.0e-6*omega*theta**2 + 0.000184*omega*theta + 0.001557*omega - 0.e-6*theta**3 - 2.1e-5*theta**2 - 0.000177*theta - 0.000391

--- Chunk 94314 (155/220) | Start: 2025-07-18 14:35:00 ---
    RMSE omega (GP): 0.002911 | RMSE omega (Sim): 0.182545
    Loss: -2103652352.0000 | Epoch: 7363
    Eq omega: -0.041081 + -0.03067theta + 0.23562omega + -0.12455theta^2 + -0.04255theta omega + -0.07831omega^2 + -0.00360theta^3 + -0.01225theta^2 omega + -0.11563theta omega^2 + 0.01537omega^3
    Eq omega Phys: 0.16854*omega**3 - 0.042265*omega**2*theta + 0.173836*omega**2 - 0.000149*omega*theta**2 + 0.000705*omega*theta + 0.008254*omega - 1.0e-6*theta**3 - 6.1e-5*theta**2 + 0.000721*theta - 0.001979

--- Chunk 94315 (156/220) | Start: 2025-07-18 14:40:00 ---
    RMSE omega (GP): 0.003295 | RMSE omega (Sim): 0.064593
    Loss: 14.8918 | Epoch: 6115
    Eq omega: -0.100911 + -0.02620theta + 0.25851omega + -0.01980theta^2 + 0.08578theta omega + 0.02561omega^2 + -0.00740theta^3 + -0.00981theta^2 omega + 0.06604theta omega^2 + 0.01582omega^3
    Eq omega Phys: 0.143188*omega**3 + 0.019924*omega**2*theta - 0.110186*omega**2 - 9.9e-5*omega*theta**2 + 0.002801*omega*theta - 0.005014*omega - 2.0e-6*theta**3 + 3.4e-5*theta**2 - 0.000168*theta + 0.000109

--- Chunk 94316 (157/220) | Start: 2025-07-18 14:45:00 ---
    RMSE omega (GP): 0.002601 | RMSE omega (Sim): 0.059873
    Loss: 9.3301 | Epoch: 7741
    Eq omega: 0.016161 + 0.00155theta + 0.19601omega + -0.00154theta^2 + -0.06051theta omega + -0.01226omega^2 + 0.00030theta^3 + 0.00206theta^2 omega + 0.00737theta omega^2 + -0.00290omega^3
    Eq omega Phys: -0.031576*omega**3 + 0.002675*omega**2*theta - 0.017557*omega**2 + 2.5e-5*omega*theta**2 - 0.001405*omega*theta + 0.011515*omega - 2.0e-6*theta**2 + 1.5e-5*theta + 2.0e-6

--- Chunk 94317 (158/220) | Start: 2025-07-18 14:50:00 ---
    RMSE omega (GP): 0.003322 | RMSE omega (Sim): 0.209465
    Loss: 12.7312 | Epoch: 8070
    Eq omega: -0.151031 + -0.20664theta + 0.02020omega + -0.00871theta^2 + 0.01215theta omega + -0.03074omega^2 + -0.00083theta^3 + 0.01935theta^2 omega + -0.01661theta omega^2 + -0.00491omega^3
    Eq omega Phys: -0.042677*omega**3 - 0.004812*omega**2*theta + 0.025135*omega**2 + 0.000187*omega*theta**2 - 0.003019*omega*theta + 0.012804*omega + 2.0e-6*theta**2 - 0.000199*theta + 0.00146

--- Chunk 94318 (159/220) | Start: 2025-07-18 14:55:00 ---
    RMSE omega (GP): 0.004224 | RMSE omega (Sim): 0.113333
    Loss: 30.9688 | Epoch: 9999
    Eq omega: 0.148371 + 0.00902theta + 0.04444omega + -0.00026theta^2 + -0.00199theta omega + 0.01324omega^2 + -0.00036theta^3 + -0.00154theta^2 omega + -0.00251theta omega^2 + -0.00209omega^3
    Eq omega Phys: -0.024355*omega**3 - 0.000975*omega**2*theta + 0.020484*omega**2 - 2.0e-5*omega*theta**2 + 0.000459*omega*theta - 0.001139*omega + 6.0e-6*theta**2 - 5.9e-5*theta + 0.000417

--- Chunk 94319 (160/220) | Start: 2025-07-18 15:00:00 ---
    RMSE omega (GP): 0.004300 | RMSE omega (Sim): 0.056170
    Loss: 22.8383 | Epoch: 9999
    Eq omega: -0.369041 + -0.02065theta + -0.27559omega + -0.01576theta^2 + -0.00069theta omega + 0.01160omega^2 + -0.00380theta^3 + -0.00715theta^2 omega + -0.00392theta omega^2 + 0.00005omega^3
    Eq omega Phys: 0.000413*omega**3 - 0.001079*omega**2*theta - 0.011815*omega**2 - 6.6e-5*omega*theta**2 - 0.002189*omega*theta - 0.027437*omega - 1.0e-6*theta**3 - 6.7e-5*theta**2 - 0.001287*theta - 0.008993

--- Chunk 94320 (161/220) | Start: 2025-07-18 15:05:00 ---
    RMSE omega (GP): 0.003751 | RMSE omega (Sim): 0.089390
    Loss: 9.6447 | Epoch: 8572
    Eq omega: -0.113891 + -0.00803theta + -0.13333omega + 0.01836theta^2 + 0.01822theta omega + -0.09393omega^2 + -0.00247theta^3 + 0.00130theta^2 omega + 0.03620theta omega^2 + -0.06396omega^3
    Eq omega Phys: -0.374978*omega**3 + 0.007074*omega**2*theta - 0.098553*omega**2 + 8.0e-6*omega*theta**2 + 0.000132*omega*theta - 0.006058*omega - 0.e-6*theta**3 + 2.2e-5*theta**2 - 0.000259*theta + 0.000653

--- Chunk 94321 (162/220) | Start: 2025-07-18 15:10:00 ---
    RMSE omega (GP): 0.002675 | RMSE omega (Sim): nan
    Loss: 4.2723 | Epoch: 5532
    Eq omega: -0.155111 + -0.06028theta + 0.07852omega + -0.03813theta^2 + -0.09386theta omega + 0.00295omega^2 + -0.11715theta^3 + 0.25765theta^2 omega + 0.07339theta omega^2 + -0.00893omega^3
    Eq omega Phys: -0.057115*omega**3 + 0.015646*omega**2*theta + 0.031976*omega**2 + 0.001831*omega*theta**2 + 0.00572*omega*theta + 0.0068*omega - 2.8e-5*theta**3 - 0.000182*theta**2 - 0.000462*theta - 0.000787

--- Chunk 94322 (163/220) | Start: 2025-07-18 15:15:00 ---
    RMSE omega (GP): 0.005795 | RMSE omega (Sim): 0.058058
    Loss: 15.8520 | Epoch: 9269
    Eq omega: -0.012901 + -0.05801theta + -0.01629omega + -0.00873theta^2 + -0.00670theta omega + -0.11473omega^2 + 0.00011theta^3 + -0.00115theta^2 omega + -0.01208theta omega^2 + 0.00345omega^3
    Eq omega Phys: 0.013334*omega**3 - 0.001556*omega**2*theta - 0.016299*omega**2 - 5.0e-6*omega*theta**2 + 7.8e-5*omega*theta - 0.000524*omega - 4.0e-6*theta**2 + 5.9e-5*theta + 3.6e-5

--- Chunk 94323 (164/220) | Start: 2025-07-18 15:20:00 ---
    RMSE omega (GP): 0.004327 | RMSE omega (Sim): 0.051190
    Loss: 50.6334 | Epoch: 9999
    Eq omega: -0.070401 + -0.03232theta + -0.03608omega + 0.00038theta^2 + 0.00400theta omega + 0.07132omega^2 + -0.00060theta^3 + 0.00016theta^2 omega + 0.00102theta omega^2 + -0.03011omega^3
    Eq omega Phys: -0.517483*omega**3 + 0.000584*omega**2*theta + 0.062395*omega**2 + 3.0e-6*omega*theta**2 + 0.000189*omega*theta + 0.000884*omega - 1.6e-5*theta**2 - 0.000264*theta - 0.001694

--- Chunk 94324 (165/220) | Start: 2025-07-18 15:25:00 ---
    RMSE omega (GP): 0.007289 | RMSE omega (Sim): 0.047056
    Loss: 54.2085 | Epoch: 9999
    Eq omega: -0.060921 + -0.01820theta + 0.01602omega + -0.00137theta^2 + 0.00599theta omega + -0.01230omega^2 + -0.00077theta^3 + 0.00016theta^2 omega + -0.00149theta omega^2 + -0.00145omega^3
    Eq omega Phys: -0.009612*omega**3 - 0.000329*omega**2*theta - 0.010357*omega**2 + 1.0e-6*omega*theta**2 + 0.000127*omega*theta + 0.002066*omega - 9.0e-6*theta**2 - 0.00015*theta - 0.00107

--- Chunk 94325 (166/220) | Start: 2025-07-18 15:30:00 ---
    RMSE omega (GP): 0.009293 | RMSE omega (Sim): 0.029021
    Loss: 109.0307 | Epoch: 9999
    Eq omega: 0.132061 + -0.02912theta + -0.00572omega + 0.00387theta^2 + -0.00145theta omega + -0.00008omega^2 + -0.00047theta^3 + -0.00032theta^2 omega + -0.00191theta omega^2 + -0.00325omega^3
    Eq omega Phys: -0.02709*omega**3 - 0.000531*omega**2*theta + 0.009071*omega**2 - 3.0e-6*omega*theta**2 + 7.6e-5*omega*theta - 0.000627*omega + 1.0e-5*theta**2 - 0.000239*theta + 0.002237

--- Chunk 94326 (167/220) | Start: 2025-07-18 15:35:00 ---
    RMSE omega (GP): nan | RMSE omega (Sim): nan
    Loss: 140147.6719 | Epoch: 5
    Eq omega: nan1 + nantheta + nanomega + nantheta^2 + nantheta omega + nanomega^2 + nantheta^3 + nantheta^2 omega + nantheta omega^2 + nanomega^3
    Eq omega Phys: N/A

--- Chunk 94327 (168/220) | Start: 2025-07-18 15:40:00 ---
    RMSE omega (GP): 0.009486 | RMSE omega (Sim): 0.041318
    Loss: 234.3047 | Epoch: 9999
    Eq omega: 0.013191 + -0.00232theta + 0.00993omega + 0.00001theta^2 + -0.00078theta omega + 0.00128omega^2 + -0.00001theta^3 + 0.00000theta^2 omega + -0.00005theta omega^2 + 0.00009omega^3
    Eq omega Phys: 0.001545*omega**3 - 2.9e-5*omega**2*theta + 0.001813*omega**2 - 2.0e-5*omega*theta + 0.000911*omega + 1.0e-6*theta**2 - 2.0e-5*theta + 0.000266

--- Chunk 94328 (169/220) | Start: 2025-07-18 15:45:00 ---
    RMSE omega (GP): 0.004251 | RMSE omega (Sim): 0.065470
    Loss: 15.2911 | Epoch: 9339
    Eq omega: -0.169591 + -0.07190theta + -0.23991omega + -0.00493theta^2 + -0.00444theta omega + -0.01184omega^2 + 0.00035theta^3 + -0.00211theta^2 omega + 0.00154theta omega^2 + -0.01230omega^3
    Eq omega Phys: -0.079302*omega**3 + 0.000331*omega**2*theta - 0.01007*omega**2 - 1.5e-5*omega*theta**2 + 0.00035*omega*theta - 0.009943*omega - 6.0e-6*theta**2 + 3.8e-5*theta - 9.0e-6

--- Chunk 94329 (170/220) | Start: 2025-07-18 15:50:00 ---
    RMSE omega (GP): 0.002800 | RMSE omega (Sim): 0.092830
    Loss: 8.0235 | Epoch: 4294
    Eq omega: 0.070201 + -0.26060theta + 0.02096omega + 0.21069theta^2 + -0.09336theta omega + 0.02841omega^2 + -0.79587theta^3 + 0.28051theta^2 omega + -0.78656theta omega^2 + 0.02170omega^3
    Eq omega Phys: 0.175272*omega**3 - 0.21177*omega**2*theta + 0.345922*omega**2 + 0.002517*omega*theta**2 - 0.009489*omega*theta + 0.009381*omega - 0.000238*theta**3 + 0.001238*theta**2 - 0.002416*theta + 0.001811

--- Chunk 94330 (171/220) | Start: 2025-07-18 15:55:00 ---
    RMSE omega (GP): 0.012828 | RMSE omega (Sim): 0.039484
    Loss: 591.0144 | Epoch: 9999
    Eq omega: -0.008651 + -0.00231theta + 0.00498omega + 0.00015theta^2 + -0.00150theta omega + 0.00084omega^2 + -0.00001theta^3 + 0.00003theta^2 omega + -0.00020theta omega^2 + 0.00029omega^3
    Eq omega Phys: 0.006807*omega**3 - 0.000156*omega**2*theta + 0.004303*omega**2 + 1.0e-6*omega*theta**2 - 8.0e-5*omega*theta + 0.001577*omega + 1.0e-6*theta**2 - 2.3e-5*theta + 0.000226

--- Chunk 94331 (172/220) | Start: 2025-07-18 16:00:00 ---
    RMSE omega (GP): 0.004399 | RMSE omega (Sim): 0.060365
    Loss: 12.7785 | Epoch: 9999
    Eq omega: -0.077511 + -0.05076theta + 0.02080omega + -0.00317theta^2 + 0.00023theta omega + 0.00232omega^2 + -0.00026theta^3 + -0.00109theta^2 omega + -0.00116theta omega^2 + 0.00645omega^3
    Eq omega Phys: 0.03242*omega**3 - 0.000194*omega**2*theta + 0.004211*omega**2 - 6.0e-6*omega*theta**2 + 0.000207*omega*theta - 0.001074*omega + 1.0e-6*theta**2 - 4.9e-5*theta + 0.000559

--- Chunk 94332 (173/220) | Start: 2025-07-18 16:05:00 ---
    RMSE omega (GP): 0.003953 | RMSE omega (Sim): 0.080133
    Loss: 4.9159 | Epoch: 5888
    Eq omega: 0.021361 + -0.02842theta + -0.02448omega + 0.00685theta^2 + 0.01984theta omega + -0.00131omega^2 + -0.00490theta^3 + 0.00110theta^2 omega + 0.00497theta omega^2 + -0.01824omega^3
    Eq omega Phys: -0.067185*omega**3 + 0.00061*omega**2*theta - 0.000205*omega**2 + 5.0e-6*omega*theta**2 + 0.000235*omega*theta - 0.000719*omega - 0.e-6*theta**3 + 2.0e-6*theta**2 - 3.0e-5*theta + 5.5e-5

--- Chunk 94333 (174/220) | Start: 2025-07-18 16:10:00 ---
    RMSE omega (GP): 0.004544 | RMSE omega (Sim): 0.144426
    Loss: 135.2813 | Epoch: 9999
    Eq omega: -1.063791 + 0.00515theta + -0.16341omega + 0.00082theta^2 + -0.00448theta omega + 0.00852omega^2 + -0.00001theta^3 + 0.00011theta^2 omega + -0.00166theta omega^2 + 0.00265omega^3
    Eq omega Phys: 0.105495*omega**3 - 0.002203*omega**2*theta + 0.049717*omega**2 + 5.0e-6*omega*theta**2 - 0.000348*omega*theta - 0.000734*omega + 2.0e-6*theta**2 - 4.7e-5*theta - 0.000698

--- Chunk 94334 (175/220) | Start: 2025-07-18 16:15:00 ---
    RMSE omega (GP): 0.009065 | RMSE omega (Sim): 0.049422
    Loss: 165.1114 | Epoch: 9999
    Eq omega: 0.012971 + -0.00288theta + 0.01785omega + 0.00004theta^2 + -0.00004theta omega + -0.00099omega^2 + -0.00002theta^3 + -0.00003theta^2 omega + -0.00028theta omega^2 + -0.00016omega^3
    Eq omega Phys: -0.002063*omega**3 - 0.00012*omega**2*theta + 0.00193*omega**2 + 1.8e-5*omega*theta + 0.000416*omega + 1.0e-6*theta**2 - 1.8e-5*theta + 0.000198

--- Chunk 94335 (176/220) | Start: 2025-07-18 16:20:00 ---
    RMSE omega (GP): nan | RMSE omega (Sim): nan
    Loss: 21551.8477 | Epoch: 695
    Eq omega: nan1 + nantheta + nanomega + nantheta^2 + nantheta omega + nanomega^2 + nantheta^3 + nantheta^2 omega + nantheta omega^2 + nanomega^3
    Eq omega Phys: N/A

--- Chunk 94336 (177/220) | Start: 2025-07-18 16:25:00 ---
    RMSE omega (GP): 0.019654 | RMSE omega (Sim): 0.051458
    Loss: 1944.8993 | Epoch: 8800
    Eq omega: 0.071331 + 0.00122theta + 0.00921omega + -0.00032theta^2 + 0.00088theta omega + 0.00109omega^2 + 0.00004theta^3 + -0.00030theta^2 omega + 0.00012theta omega^2 + -0.00006omega^3
    Eq omega Phys: -0.001979*omega**3 + 0.000132*omega**2*theta - 0.001755*omega**2 - 1.1e-5*omega*theta**2 + 0.000514*omega*theta - 0.005674*omega - 4.0e-6*theta**2 + 8.8e-5*theta - 0.000652

--- Chunk 94337 (178/220) | Start: 2025-07-18 16:30:00 ---
    RMSE omega (GP): nan | RMSE omega (Sim): nan
    Loss: 486.9238 | Epoch: 6446
    Eq omega: nan1 + nantheta + nanomega + nantheta^2 + nantheta omega + nanomega^2 + nantheta^3 + nantheta^2 omega + nantheta omega^2 + nanomega^3
    Eq omega Phys: N/A

--- Chunk 94338 (179/220) | Start: 2025-07-18 16:35:00 ---
    RMSE omega (GP): 0.004301 | RMSE omega (Sim): 0.081728
    Loss: 6.2932 | Epoch: 9668
    Eq omega: -0.002131 + -0.02408theta + 0.04643omega + 0.00755theta^2 + -0.00389theta omega + 0.02461omega^2 + -0.00068theta^3 + -0.00398theta^2 omega + 0.00338theta omega^2 + -0.00392omega^3
    Eq omega Phys: -0.013091*omega**3 + 0.000376*omega**2*theta + 0.012096*omega**2 - 1.5e-5*omega*theta**2 - 0.000348*omega*theta - 0.000474*omega + 4.0e-6*theta - 7.8e-5

--- Chunk 94339 (180/220) | Start: 2025-07-18 16:40:00 ---
    RMSE omega (GP): 0.003179 | RMSE omega (Sim): 0.078691
    Loss: -1082013568.0000 | Epoch: 6340
    Eq omega: 0.267301 + -2.28666theta + 0.04861omega + 0.38009theta^2 + -0.07169theta omega + -0.01830omega^2 + -0.65728theta^3 + -0.30444theta^2 omega + 0.13064theta omega^2 + -0.00575omega^3
    Eq omega Phys: -0.038583*omega**3 + 0.02922*omega**2*theta + 0.043129*omega**2 - 0.00227*omega*theta**2 - 0.009175*omega*theta - 0.007511*omega - 0.000163*theta**3 - 0.000669*theta**2 - 0.003372*theta - 0.004157

--- Chunk 94340 (181/220) | Start: 2025-07-18 16:45:00 ---
    RMSE omega (GP): 0.004697 | RMSE omega (Sim): 0.083993
    Loss: 32.5433 | Epoch: 9999
    Eq omega: 0.018181 + 0.00844theta + 0.06505omega + 0.00019theta^2 + 0.00923theta omega + -0.00277omega^2 + -0.00003theta^3 + 0.00067theta^2 omega + 0.00236theta omega^2 + -0.00700omega^3
    Eq omega Phys: -0.067404*omega**3 + 0.000757*omega**2*theta - 0.011532*omega**2 + 7.0e-6*omega*theta**2 - 1.4e-5*omega*theta + 0.001116*omega + 1.0e-6*theta**2 + 1.0e-6*theta - 4.3e-5

--- Chunk 94341 (182/220) | Start: 2025-07-18 16:50:00 ---
    RMSE omega (GP): 0.006003 | RMSE omega (Sim): 0.043230
    Loss: 99.9519 | Epoch: 9999
    Eq omega: 0.021801 + -0.00106theta + -0.00242omega + -0.00103theta^2 + -0.00021theta omega + -0.00225omega^2 + -0.00001theta^3 + -0.00004theta^2 omega + -0.00023theta omega^2 + -0.00140omega^3
    Eq omega Phys: -0.024867*omega**3 - 0.000136*omega**2*theta + 0.000965*omega**2 - 0.e-6*omega*theta**2 + 2.6e-5*omega*theta - 0.000283*omega + 2.6e-5*theta - 0.000239

--- Chunk 94342 (183/220) | Start: 2025-07-18 16:55:00 ---
    RMSE omega (GP): nan | RMSE omega (Sim): nan
    Loss: 12.3205 | Epoch: 9768
    Eq omega: nan1 + nantheta + nanomega + nantheta^2 + nantheta omega + nanomega^2 + nantheta^3 + nantheta^2 omega + nantheta omega^2 + nanomega^3
    Eq omega Phys: N/A

--- Chunk 94343 (184/220) | Start: 2025-07-18 17:00:00 ---
    RMSE omega (GP): 0.004311 | RMSE omega (Sim): 0.083246
    Loss: 11.4064 | Epoch: 7159
    Eq omega: 0.146111 + -1.20222theta + -0.04800omega + -0.29058theta^2 + 0.05107theta omega + -0.06187omega^2 + 0.00609theta^3 + -0.04135theta^2 omega + 0.01204theta omega^2 + -0.11478omega^3
    Eq omega Phys: -0.578651*omega**3 + 0.002023*omega**2*theta - 0.039685*omega**2 - 0.000232*omega*theta**2 + 0.003977*omega*theta - 0.018146*omega + 1.0e-6*theta**3 - 0.000157*theta**2 + 0.000709*theta + 0.002816

--- Chunk 94344 (185/220) | Start: 2025-07-18 17:05:00 ---
    RMSE omega (GP): 0.008147 | RMSE omega (Sim): 0.036927
    Loss: 151.3065 | Epoch: 9999
    Eq omega: 0.085461 + -0.00224theta + -0.00189omega + 0.01349theta^2 + 0.00808theta omega + -0.00936omega^2 + -0.00121theta^3 + -0.00503theta^2 omega + 0.00210theta omega^2 + -0.00090omega^3
    Eq omega Phys: -0.012969*omega**3 + 0.001009*omega**2*theta - 0.025642*omega**2 - 8.1e-5*omega*theta**2 + 0.003245*omega*theta - 0.032649*omega - 0.e-6*theta**3 + 4.7e-5*theta**2 - 0.001096*theta + 0.008352

--- Chunk 94345 (186/220) | Start: 2025-07-18 17:10:00 ---
    RMSE omega (GP): 0.003730 | RMSE omega (Sim): 0.062119
    Loss: 19.5153 | Epoch: 9778
    Eq omega: 0.015971 + -0.01062theta + -0.04067omega + 0.00200theta^2 + 0.10762theta omega + 0.06085omega^2 + -0.00352theta^3 + -0.00751theta^2 omega + 0.00655theta omega^2 + -0.00800omega^3
    Eq omega Phys: -0.073657*omega**3 + 0.00201*omega**2*theta + 0.018889*omega**2 - 7.7e-5*omega*theta**2 + 0.00312*omega*theta - 0.020184*omega - 1.0e-6*theta**3 + 2.8e-5*theta**2 - 0.000226*theta + 0.000667

--- Chunk 94346 (187/220) | Start: 2025-07-18 17:15:00 ---
    RMSE omega (GP): 0.002575 | RMSE omega (Sim): 0.072783
    Loss: 7.3731 | Epoch: 6557
    Eq omega: 0.015461 + -0.37647theta + 0.00565omega + -0.16458theta^2 + 0.00749theta omega + 0.10904omega^2 + -0.91184theta^3 + 0.15350theta^2 omega + 0.03603theta omega^2 + -0.17468omega^3
    Eq omega Phys: -1.477575*omega**3 + 0.010159*omega**2*theta + 0.034742*omega**2 + 0.001443*omega*theta**2 - 0.006445*omega*theta + 0.007383*omega - 0.000286*theta**3 + 0.001856*theta**2 - 0.004429*theta + 0.003865

--- Chunk 94347 (188/220) | Start: 2025-07-18 17:20:00 ---
    RMSE omega (GP): 0.004492 | RMSE omega (Sim): 0.146923
    Loss: 20.6763 | Epoch: 7650
    Eq omega: -0.017791 + -0.06349theta + 0.13430omega + -0.00894theta^2 + -0.00552theta omega + 0.00823omega^2 + -0.00382theta^3 + 0.00249theta^2 omega + -0.00873theta omega^2 + 0.00038omega^3
    Eq omega Phys: 0.002711*omega**3 - 0.002076*omega**2*theta + 0.02649*omega**2 + 2.0e-5*omega*theta**2 - 0.000517*omega*theta + 0.007762*omega - 1.0e-6*theta**3 + 2.8e-5*theta**2 - 0.000321*theta + 0.001436

--- Chunk 94348 (189/220) | Start: 2025-07-18 17:25:00 ---
    RMSE omega (GP): 0.004310 | RMSE omega (Sim): 0.074897
    Loss: 3.0233 | Epoch: 9999
    Eq omega: 0.041061 + -0.05099theta + 0.03420omega + 0.00632theta^2 + 0.01767theta omega + 0.03995omega^2 + -0.00168theta^3 + 0.02392theta^2 omega + -0.03167theta omega^2 + 0.00219omega^3
    Eq omega Phys: 0.005084*omega**3 - 0.002451*omega**2*theta - 0.016988*omega**2 + 6.2e-5*omega*theta**2 + 0.001579*omega*theta + 0.011131*omega - 3.0e-6*theta**2 - 6.9e-5*theta - 0.000447

--- Chunk 94349 (190/220) | Start: 2025-07-18 17:30:00 ---
    RMSE omega (GP): 0.005736 | RMSE omega (Sim): 0.057350
    Loss: 83.3993 | Epoch: 9999
    Eq omega: -0.070371 + -0.00219theta + -0.11566omega + 0.00009theta^2 + -0.00112theta omega + -0.01288omega^2 + 0.00000theta^3 + 0.00003theta^2 omega + -0.00024theta omega^2 + -0.00128omega^3
    Eq omega Phys: -0.02065*omega**3 - 0.000129*omega**2*theta - 0.00689*omega**2 + 1.0e-6*omega*theta**2 - 4.9e-5*omega*theta - 0.003103*omega - 5.0e-6*theta - 3.0e-5

--- Chunk 94350 (191/220) | Start: 2025-07-18 17:35:00 ---
    RMSE omega (GP): 0.006163 | RMSE omega (Sim): 0.036449
    Loss: 133.6192 | Epoch: 9999
    Eq omega: 0.043751 + -0.00516theta + 0.01582omega + 0.00005theta^2 + -0.00035theta omega + 0.00410omega^2 + -0.00004theta^3 + -0.00032theta^2 omega + -0.00007theta omega^2 + 0.00090omega^3
    Eq omega Phys: 0.020241*omega**3 - 5.2e-5*omega**2*theta + 0.004564*omega**2 - 8.0e-6*omega*theta**2 + 0.000299*omega*theta - 0.002263*omega + 2.0e-6*theta**2 - 4.5e-5*theta + 0.000425

--- Chunk 94351 (192/220) | Start: 2025-07-18 17:40:00 ---
    RMSE omega (GP): 0.008089 | RMSE omega (Sim): 0.033119
    Loss: 333.7994 | Epoch: 9999
    Eq omega: -0.036341 + -0.00084theta + 0.01062omega + 0.00023theta^2 + 0.00005theta omega + 0.00030omega^2 + -0.00000theta^3 + 0.00002theta^2 omega + 0.00006theta omega^2 + -0.00025omega^3
    Eq omega Phys: -0.008101*omega**3 + 6.5e-5*omega**2*theta - 0.001098*omega**2 + 1.0e-6*omega*theta**2 - 3.0e-5*omega*theta + 0.000657*omega - 1.2e-5*theta + 0.000107

--- Chunk 94352 (193/220) | Start: 2025-07-18 17:45:00 ---
    RMSE omega (GP): 0.009697 | RMSE omega (Sim): 0.030147
    Loss: 462.8246 | Epoch: 9999
    Eq omega: -0.001921 + -0.00194theta + -0.01262omega + -0.00022theta^2 + -0.00001theta omega + -0.00278omega^2 + -0.00000theta^3 + -0.00005theta^2 omega + -0.00002theta omega^2 + 0.00015omega^3
    Eq omega Phys: 0.004773*omega**3 - 2.1e-5*omega**2*theta - 0.0024*omega**2 - 2.0e-6*omega*theta**2 + 7.7e-5*omega*theta - 0.001254*omega + 9.0e-6*theta - 7.5e-5

--- Chunk 94353 (194/220) | Start: 2025-07-18 17:50:00 ---
    RMSE omega (GP): 0.004333 | RMSE omega (Sim): 0.080973
    Loss: 3.6273 | Epoch: 9999
    Eq omega: 0.032551 + -0.07246theta + 0.03131omega + -0.02921theta^2 + -0.00299theta omega + 0.01860omega^2 + -0.00042theta^3 + 0.00283theta^2 omega + -0.04996theta omega^2 + 0.06340omega^3
    Eq omega Phys: 0.159504*omega**3 - 0.00419*omega**2*theta + 0.037141*omega**2 + 8.0e-6*omega*theta**2 - 0.000149*omega*theta + 0.001717*omega - 9.0e-6*theta**2 + 5.5e-5*theta + 0.000212

--- Chunk 94354 (195/220) | Start: 2025-07-18 17:55:00 ---
    RMSE omega (GP): nan | RMSE omega (Sim): nan
    Loss: 20.0906 | Epoch: 4832
    Eq omega: nan1 + nantheta + nanomega + nantheta^2 + nantheta omega + nanomega^2 + nantheta^3 + nantheta^2 omega + nantheta omega^2 + nanomega^3
    Eq omega Phys: N/A

--- Chunk 94355 (196/220) | Start: 2025-07-18 18:00:00 ---
    RMSE omega (GP): 0.007443 | RMSE omega (Sim): 0.052987
    Loss: 20.2826 | Epoch: 9999
    Eq omega: 0.146651 + -0.01849theta + -0.01020omega + 0.00058theta^2 + 0.00109theta omega + 0.00497omega^2 + -0.00008theta^3 + -0.00040theta^2 omega + -0.00068theta omega^2 + -0.01005omega^3
    Eq omega Phys: -0.027903*omega**3 - 6.3e-5*omega**2*theta - 0.00029*omega**2 - 1.0e-6*omega*theta**2 - 6.0e-5*omega*theta - 0.001035*omega - 0.e-6*theta**2 - 3.0e-5*theta - 8.5e-5

--- Chunk 94356 (197/220) | Start: 2025-07-18 18:05:00 ---
    RMSE omega (GP): 0.003742 | RMSE omega (Sim): 0.091770
    Loss: 48.9455 | Epoch: 9999
    Eq omega: -0.125451 + -0.00393theta + -0.06941omega + 0.00005theta^2 + 0.00024theta omega + -0.01630omega^2 + -0.00008theta^3 + 0.00006theta^2 omega + 0.00117theta omega^2 + -0.00094omega^3
    Eq omega Phys: -0.020264*omega**3 + 0.000841*omega**2*theta - 0.0272*omega**2 + 1.0e-6*omega*theta**2 - 3.9e-5*omega*theta - 0.002057*omega + 3.0e-6*theta**2 - 5.4e-5*theta + 0.000175

--- Chunk 94357 (198/220) | Start: 2025-07-18 18:10:00 ---
    RMSE omega (GP): 0.003608 | RMSE omega (Sim): 0.077159
    Loss: 19.4264 | Epoch: 8521
    Eq omega: -0.055331 + 0.00123theta + -0.04075omega + -0.00164theta^2 + 0.00194theta omega + -0.01903omega^2 + -0.00030theta^3 + -0.00119theta^2 omega + -0.00005theta omega^2 + -0.00477omega^3
    Eq omega Phys: -0.046903*omega**3 - 1.6e-5*omega**2*theta - 0.010722*omega**2 - 1.3e-5*omega*theta**2 + 0.000311*omega*theta - 0.003192*omega + 2.0e-6*theta**2 - 1.3e-5*theta - 0.00011

--- Chunk 94358 (199/220) | Start: 2025-07-18 18:15:00 ---
    RMSE omega (GP): 0.004997 | RMSE omega (Sim): 0.438475
    Loss: 9.4924 | Epoch: 8908
    Eq omega: -0.131971 + -0.57522theta + 0.04466omega + -0.23703theta^2 + 0.00890theta omega + -0.10108omega^2 + -0.01172theta^3 + 0.01594theta^2 omega + -0.02699theta omega^2 + 0.00045omega^3
    Eq omega Phys: 0.001541*omega**3 - 0.00308*omega**2*theta - 0.005829*omega**2 + 6.1e-5*omega*theta**2 - 0.001015*omega*theta + 0.005693*omega - 1.0e-6*theta**3 - 4.8e-5*theta**2 + 0.00062*theta - 0.000923

--- Chunk 94359 (200/220) | Start: 2025-07-18 18:20:00 ---
    RMSE omega (GP): 0.006244 | RMSE omega (Sim): 0.065123
    Loss: 7.6204 | Epoch: 8068
    Eq omega: 0.023271 + -0.12537theta + -0.00590omega + 0.03118theta^2 + 0.01040theta omega + -0.03021omega^2 + -0.00239theta^3 + 0.00852theta^2 omega + -0.01025theta omega^2 + -0.00688omega^3
    Eq omega Phys: -0.014621*omega**3 - 0.000726*omega**2*theta - 0.011842*omega**2 + 2.0e-5*omega*theta**2 + 0.000303*omega*theta + 0.000838*omega + 6.0e-6*theta**2 - 5.8e-5*theta - 0.000406

  [Progress 200/220] Mean RMSE omega (GP): 0.004824 | (Sim): 0.078237 | Mean loss: -3267335685.8835 | Valid GP: 187/200 | Valid Sim: 172/200 | Elapsed: 705.6min | ETA: 70.6min

--- Chunk 94360 (201/220) | Start: 2025-07-18 18:25:00 ---
    RMSE omega (GP): 0.003635 | RMSE omega (Sim): 0.121171
    Loss: 5.2515 | Epoch: 7324
    Eq omega: 0.019041 + -0.16602theta + 0.06167omega + -0.01405theta^2 + -0.00044theta omega + 0.06994omega^2 + -0.05133theta^3 + 0.05109theta^2 omega + -0.00165theta omega^2 + -0.02498omega^3
    Eq omega Phys: -0.09639*omega**3 - 0.000212*omega**2*theta + 0.02439*omega**2 + 0.000219*omega*theta**2 + 0.001425*omega*theta + 0.004373*omega - 7.0e-6*theta**3 - 7.7e-5*theta**2 - 0.000456*theta - 0.000858

--- Chunk 94361 (202/220) | Start: 2025-07-18 18:30:00 ---
    RMSE omega (GP): 0.003274 | RMSE omega (Sim): 0.076255
    Loss: -650678976.0000 | Epoch: 6063
    Eq omega: 0.098231 + -0.39609theta + -0.21086omega + -0.03699theta^2 + -0.04270theta omega + 0.04582omega^2 + -0.03021theta^3 + -0.00978theta^2 omega + 0.02469theta omega^2 + -0.01505omega^3
    Eq omega Phys: -0.102044*omega**3 + 0.00558*omega**2*theta - 0.008825*omega**2 - 7.4e-5*omega*theta**2 + 0.000132*omega*theta - 0.005534*omega - 8.0e-6*theta**3 + 0.000105*theta**2 - 0.00091*theta + 0.003308

--- Chunk 94362 (203/220) | Start: 2025-07-18 18:35:00 ---
    RMSE omega (GP): 0.004159 | RMSE omega (Sim): 0.109354
    Loss: 7.1008 | Epoch: 9999
    Eq omega: -0.035191 + -0.07354theta + 0.19807omega + -0.05945theta^2 + 0.02283theta omega + 0.02850omega^2 + -0.02423theta^3 + 0.02090theta^2 omega + -0.01591theta omega^2 + -0.03169omega^3
    Eq omega Phys: -0.11805*omega**3 - 0.001976*omega**2*theta + 0.006556*omega**2 + 8.7e-5*omega*theta**2 + 0.000573*omega*theta + 0.007345*omega - 3.0e-6*theta**3 - 4.1e-5*theta**2 - 0.000195*theta - 0.000346

--- Chunk 94363 (204/220) | Start: 2025-07-18 18:40:00 ---
    RMSE omega (GP): 0.004482 | RMSE omega (Sim): nan
    Loss: 7.2475 | Epoch: 9783
    Eq omega: -0.082501 + -0.03592theta + 0.12270omega + -0.03174theta^2 + -0.01906theta omega + 0.08614omega^2 + -0.01441theta^3 + 0.00467theta^2 omega + 0.00490theta omega^2 + 0.06375omega^3
    Eq omega Phys: 0.226153*omega**3 + 0.000579*omega**2*theta + 0.023839*omega**2 + 1.8e-5*omega*theta**2 - 0.000586*omega*theta + 0.008104*omega - 2.0e-6*theta**3 + 4.5e-5*theta**2 - 0.000364*theta + 0.000806

--- Chunk 94364 (205/220) | Start: 2025-07-18 18:45:00 ---
    RMSE omega (GP): 0.003909 | RMSE omega (Sim): 0.047888
    Loss: 27.6215 | Epoch: 9999
    Eq omega: 0.041241 + -0.00318theta + -0.04226omega + -0.00134theta^2 + -0.00206theta omega + 0.03922omega^2 + -0.00061theta^3 + 0.00065theta^2 omega + -0.00108theta omega^2 + -0.01010omega^3
    Eq omega Phys: -0.120077*omega**3 - 0.000428*omega**2*theta + 0.018124*omega**2 + 9.0e-6*omega*theta**2 + 0.00022*omega*theta - 5.1e-5*omega - 1.3e-5*theta**2 - 0.000222*theta - 0.001172

--- Chunk 94365 (206/220) | Start: 2025-07-18 18:50:00 ---
    RMSE omega (GP): 0.003736 | RMSE omega (Sim): nan
    Loss: 11.8781 | Epoch: 6850
    Eq omega: 0.534911 + -0.13276theta + 0.29789omega + 0.01461theta^2 + 0.03466theta omega + 0.12669omega^2 + -0.07783theta^3 + -0.00516theta^2 omega + -0.08200theta omega^2 + 0.09411omega^3
    Eq omega Phys: 0.632596*omega**3 - 0.018373*omega**2*theta + 0.045946*omega**2 - 3.9e-5*omega*theta**2 + 0.000488*omega*theta + 0.010325*omega - 1.9e-5*theta**3 - 3.7e-5*theta**2 - 0.00017*theta + 0.001139

--- Chunk 94366 (207/220) | Start: 2025-07-18 18:55:00 ---
       (h = step size). solver will continue anyway  
      in above,  r1 =  0.2771347431973D+01   r2 =  0.1313769733197D-15
 lsoda--  warning..internal t (=r1) and h (=r2) are  
       such that in the machine, t + h = t on the next step  
       (h = step size). solver will continue anyway  
      in above,  r1 =  0.2771347431973D+01   r2 =  0.1313769733197D-15
 lsoda--  warning..internal t (=r1) and h (=r2) are  
       such that in the machine, t + h = t on the next step  
       (h = step size). solver will continue anyway  
      in above,  r1 =  0.2771347431973D+01   r2 =  0.1313769733197D-15
 lsoda--  warning..internal t (=r1) and h (=r2) are  
       such that in the machine, t + h = t on the next step  
       (h = step size). solver will continue anyway  
      in above,  r1 =  0.2771347431973D+01   r2 =  0.1079743217034D-15
 lsoda--  above warning has been issued i1 times.    
       it will not be issued again for this problem  
      in above message,  i1 =        10
 lsoda--  warning..internal t (=r1) and h (=r2) are  
       such that in the machine, t + h = t on the next step  
       (h = step size). solver will continue anyway  
      in above,  r1 =  0.8138223360116D+01   r2 =  0.7577130648368D-15
 lsoda--  warning..internal t (=r1) and h (=r2) are  
       such that in the machine, t + h = t on the next step  
       (h = step size). solver will continue anyway  
      in above,  r1 =  0.8138223360116D+01   r2 =  0.7577130648368D-15
 lsoda--  warning..internal t (=r1) and h (=r2) are  
       such that in the machine, t + h = t on the next step  
       (h = step size). solver will continue anyway  
      in above,  r1 =  0.8138223360116D+01   r2 =  0.7577130648368D-15
 lsoda--  warning..internal t (=r1) and h (=r2) are  
       such that in the machine, t + h = t on the next step  
       (h = step size). solver will continue anyway  
      in above,  r1 =  0.8138223360116D+01   r2 =  0.6227389153081D-15
 lsoda--  warning..internal t (=r1) and h (=r2) are  
       such that in the machine, t + h = t on the next step  
       (h = step size). solver will continue anyway  
      in above,  r1 =  0.8138223360116D+01   r2 =  0.6227389153081D-15
 lsoda--  warning..internal t (=r1) and h (=r2) are  
       such that in the machine, t + h = t on the next step  
       (h = step size). solver will continue anyway  
      in above,  r1 =  0.8138223360116D+01   r2 =  0.6227389153081D-15
 lsoda--  warning..internal t (=r1) and h (=r2) are  
       such that in the machine, t + h = t on the next step  
       (h = step size). solver will continue anyway  
      in above,  r1 =  0.8138223360116D+01   r2 =  0.5118081956628D-15
 lsoda--  warning..internal t (=r1) and h (=r2) are  
       such that in the machine, t + h = t on the next step  
       (h = step size). solver will continue anyway  
      in above,  r1 =  0.8138223360116D+01   r2 =  0.5118081956628D-15
 lsoda--  warning..internal t (=r1) and h (=r2) are  
       such that in the machine, t + h = t on the next step  
       (h = step size). solver will continue anyway  
      in above,  r1 =  0.8138223360116D+01   r2 =  0.5118081956628D-15
 lsoda--  warning..internal t (=r1) and h (=r2) are  
       such that in the machine, t + h = t on the next step  
       (h = step size). solver will continue anyway  
      in above,  r1 =  0.8138223360116D+01   r2 =  0.4206379634691D-15
 lsoda--  above warning has been issued i1 times.    
       it will not be issued again for this problem  
      in above message,  i1 =        10
 lsoda--  warning..internal t (=r1) and h (=r2) are  
       such that in the machine, t + h = t on the next step  
       (h = step size). solver will continue anyway  
      in above,  r1 =  0.3279620159380D+01   r2 =  0.2213108319717D-15
 lsoda--  warning..internal t (=r1) and h (=r2) are  
       such that in the machine, t + h = t on the next step  
       (h = step size). solver will continue anyway  
      in above,  r1 =  0.3279620159380D+01   r2 =  0.2213108319717D-15
 lsoda--  warning..internal t (=r1) and h (=r2) are  
       such that in the machine, t + h = t on the next step  
    RMSE omega (GP): 0.003003 | RMSE omega (Sim): nan
    Loss: 7.7674 | Epoch: 7068
    Eq omega: 0.006371 + -0.57886theta + -0.01823omega + 0.25637theta^2 + -0.28394theta omega + -0.29213omega^2 + -0.07129theta^3 + 0.11257theta^2 omega + -0.01634theta omega^2 + 0.01481omega^3
    Eq omega Phys: 0.100651*omega**3 - 0.003702*omega**2*theta - 0.159977*omega**2 + 0.00085*omega*theta**2 + 0.00511*omega*theta + 0.001104*omega - 1.8e-5*theta**3 - 0.000169*theta**2 - 0.000831*theta - 0.002532

--- Chunk 94367 (208/220) | Start: 2025-07-18 19:00:00 ---
    RMSE omega (GP): 0.003116 | RMSE omega (Sim): nan
    Loss: 12.6723 | Epoch: 9937
    Eq omega: 1.308251 + -0.21115theta + 0.27362omega + -0.02102theta^2 + -0.08486theta omega + 0.07635omega^2 + -0.00162theta^3 + -0.00774theta^2 omega + -0.04268theta omega^2 + 0.03699omega^3
    Eq omega Phys: 0.341799*omega**3 - 0.013146*omega**2*theta + 0.113244*omega**2 - 7.9e-5*omega*theta**2 - 0.000713*omega*theta + 0.015274*omega - 0.e-6*theta**3 - 4.0e-6*theta**2 - 0.000143*theta + 0.003594

--- Chunk 94368 (209/220) | Start: 2025-07-18 19:05:00 ---
    RMSE omega (GP): 0.002821 | RMSE omega (Sim): 0.789347
    Loss: -1235629696.0000 | Epoch: 4408
    Eq omega: -0.060261 + -0.39298theta + 0.46734omega + 0.21130theta^2 + -1.21501theta omega + 0.00626omega^2 + -0.10743theta^3 + 0.17992theta^2 omega + -0.13588theta omega^2 + -0.00616omega^3
    Eq omega Phys: -0.087359*omega**3 - 0.064234*omega**2*theta + 0.008934*omega**2 + 0.002835*omega*theta**2 - 0.028255*omega*theta + 0.0176*omega - 5.6e-5*theta**3 + 0.000174*theta**2 - 0.000461*theta - 6.5e-5

--- Chunk 94369 (210/220) | Start: 2025-07-18 19:10:00 ---
    RMSE omega (GP): 0.003777 | RMSE omega (Sim): 0.094527
    Loss: 8.0288 | Epoch: 7737
    Eq omega: -0.023871 + -0.06289theta + 0.00185omega + -0.00184theta^2 + -0.05073theta omega + 0.04614omega^2 + -0.00547theta^3 + 0.01821theta^2 omega + -0.00298theta omega^2 + -0.00224omega^3
    Eq omega Phys: -0.010631*omega**3 - 0.000471*omega**2*theta + 0.022976*omega**2 + 9.6e-5*omega*theta**2 - 0.002557*omega*theta + 0.015901*omega - 0.e-6*theta**3 + 2.7e-5*theta**2 - 0.000332*theta + 0.001448

--- Chunk 94370 (211/220) | Start: 2025-07-18 19:15:00 ---
    RMSE omega (GP): 0.003455 | RMSE omega (Sim): nan
    Loss: 12.4051 | Epoch: 8595
    Eq omega: -0.064341 + -0.02031theta + 0.06440omega + 0.00409theta^2 + 0.00784theta omega + -0.39906omega^2 + -0.00014theta^3 + -0.01827theta^2 omega + 0.00293theta omega^2 + 0.00551omega^3
    Eq omega Phys: 0.046244*omega**3 + 0.00082*omega**2*theta - 0.203457*omega**2 - 0.00017*omega*theta**2 - 0.003027*omega*theta - 0.011274*omega + 1.0e-6*theta**2 + 1.1e-5*theta - 0.000172

--- Chunk 94371 (212/220) | Start: 2025-07-18 19:20:00 ---
    RMSE omega (GP): 0.003521 | RMSE omega (Sim): 0.066211
    Loss: 6.7050 | Epoch: 7751
    Eq omega: -0.307851 + -0.16509theta + 0.00101omega + 0.18507theta^2 + 0.10660theta omega + -0.03604omega^2 + -0.01391theta^3 + -0.10031theta^2 omega + 0.01428theta omega^2 + -0.01234omega^3
    Eq omega Phys: -0.05954*omega**3 + 0.002297*omega**2*theta + 0.006442*omega**2 - 0.000538*omega*theta**2 - 0.00836*omega*theta - 0.031515*omega - 2.0e-6*theta**3 + 1.5e-5*theta**2 + 0.0007*theta + 0.002432

--- Chunk 94372 (213/220) | Start: 2025-07-18 19:25:00 ---
    RMSE omega (GP): 0.003830 | RMSE omega (Sim): 0.111382
    Loss: 13.0388 | Epoch: 9999
    Eq omega: 0.013841 + -0.04893theta + 0.00745omega + -0.00194theta^2 + 0.00047theta omega + 0.00290omega^2 + -0.00108theta^3 + 0.00074theta^2 omega + -0.00333theta omega^2 + 0.00910omega^3
    Eq omega Phys: 0.061415*omega**3 - 0.000749*omega**2*theta + 0.012124*omega**2 + 6.0e-6*omega*theta**2 - 0.000152*omega*theta + 0.001284*omega + 1.1e-5*theta**2 - 0.000192*theta + 0.001399

--- Chunk 94373 (214/220) | Start: 2025-07-18 19:30:00 ---
    RMSE omega (GP): 0.003520 | RMSE omega (Sim): nan
    Loss: 8.5240 | Epoch: 5487
    Eq omega: 0.003811 + -0.21461theta + 0.11906omega + 0.16991theta^2 + 0.04524theta omega + -0.01016omega^2 + -0.01580theta^3 + 0.00325theta^2 omega + -0.00324theta omega^2 + 0.02851omega^3
    Eq omega Phys: 0.175591*omega**3 - 0.000665*omega**2*theta - 0.005556*omega**2 + 2.2e-5*omega*theta**2 + 0.000747*omega*theta + 0.004993*omega - 4.0e-6*theta**3 + 7.0e-5*theta**2 - 1.6e-5*theta - 0.000167

--- Chunk 94374 (215/220) | Start: 2025-07-18 19:35:00 ---
    RMSE omega (GP): nan | RMSE omega (Sim): nan
    Loss: 383.8746 | Epoch: 2125
    Eq omega: nan1 + nantheta + nanomega + nantheta^2 + nantheta omega + nanomega^2 + nantheta^3 + nantheta^2 omega + nantheta omega^2 + nanomega^3
    Eq omega Phys: N/A

--- Chunk 94375 (216/220) | Start: 2025-07-18 19:40:00 ---
    RMSE omega (GP): 0.004961 | RMSE omega (Sim): 0.104105
    Loss: 5.1466 | Epoch: 9164
    Eq omega: -0.018301 + -0.11829theta + 0.01581omega + -0.04318theta^2 + -0.02694theta omega + -0.00466omega^2 + 0.00271theta^3 + 0.01037theta^2 omega + 0.00457theta omega^2 + -0.00278omega^3
    Eq omega Phys: -0.007159*omega**3 + 0.000392*omega**2*theta - 0.003444*omega**2 + 3.0e-5*omega*theta**2 - 0.000577*omega*theta + 0.002754*omega - 1.8e-5*theta**2 + 3.9e-5*theta + 0.000194

--- Chunk 94376 (217/220) | Start: 2025-07-18 19:45:00 ---
    RMSE omega (GP): 0.009217 | RMSE omega (Sim): 0.070989
    Loss: 17.3440 | Epoch: 9999
    Eq omega: 0.038651 + -0.13457theta + -0.01352omega + 0.06368theta^2 + -0.00828theta omega + -0.01639omega^2 + -0.00237theta^3 + 0.00092theta^2 omega + -0.00210theta omega^2 + -0.01696omega^3
    Eq omega Phys: -0.028068*omega**3 - 0.000116*omega**2*theta - 0.006262*omega**2 + 2.0e-6*omega*theta**2 + 6.0e-6*omega*theta - 0.001067*omega + 8.0e-6*theta**2 + 0.000354*theta + 0.002965

--- Chunk 94377 (218/220) | Start: 2025-07-18 19:50:00 ---
    RMSE omega (GP): 0.003261 | RMSE omega (Sim): 0.082596
    Loss: 9.4732 | Epoch: 5283
    Eq omega: 0.033661 + -1.30127theta + -0.31359omega + 1.04821theta^2 + 0.24989theta omega + -0.57070omega^2 + -1.14257theta^3 + -0.01310theta^2 omega + 0.77101theta omega^2 + -0.00197omega^3
    Eq omega Phys: -0.013743*omega**3 + 0.179287*omega**2*theta - 0.266329*omega**2 - 0.000102*omega*theta**2 + 0.004007*omega*theta - 0.010254*omega - 0.000295*theta**3 + 0.000518*theta**2 - 0.001392*theta + 7.0e-6

--- Chunk 94378 (219/220) | Start: 2025-07-18 19:55:00 ---
    RMSE omega (GP): 0.003901 | RMSE omega (Sim): 0.076946
    Loss: 15.5278 | Epoch: 8066
    Eq omega: 0.046101 + -0.00953theta + 0.04659omega + -0.00144theta^2 + -0.00485theta omega + 0.01730omega^2 + -0.00062theta^3 + -0.00112theta^2 omega + -0.00733theta omega^2 + -0.00164omega^3
    Eq omega Phys: -0.011401*omega**3 - 0.001699*omega**2*theta + 0.018472*omega**2 - 9.0e-6*omega*theta**2 + 2.6e-5*omega*theta + 0.001709*omega + 2.0e-6*theta**2 - 1.8e-5*theta + 0.000176

--- Chunk 94379 (220/220) | Start: 2025-07-18 20:00:00 ---
       (h = step size). solver will continue anyway  
      in above,  r1 =  0.3279620159380D+01   r2 =  0.2213108319717D-15
 lsoda--  warning..internal t (=r1) and h (=r2) are  
       such that in the machine, t + h = t on the next step  
       (h = step size). solver will continue anyway  
      in above,  r1 =  0.3279620159380D+01   r2 =  0.1818879386006D-15
 lsoda--  warning..internal t (=r1) and h (=r2) are  
       such that in the machine, t + h = t on the next step  
       (h = step size). solver will continue anyway  
      in above,  r1 =  0.3279620159380D+01   r2 =  0.1818879386006D-15
 lsoda--  warning..internal t (=r1) and h (=r2) are  
       such that in the machine, t + h = t on the next step  
       (h = step size). solver will continue anyway  
      in above,  r1 =  0.3279620159380D+01   r2 =  0.1818879386006D-15
 lsoda--  warning..internal t (=r1) and h (=r2) are  
       such that in the machine, t + h = t on the next step  
       (h = step size). solver will continue anyway  
      in above,  r1 =  0.3279620159380D+01   r2 =  0.1494875868155D-15
 lsoda--  warning..internal t (=r1) and h (=r2) are  
       such that in the machine, t + h = t on the next step  
       (h = step size). solver will continue anyway  
      in above,  r1 =  0.3279620159380D+01   r2 =  0.1494875868155D-15
 lsoda--  warning..internal t (=r1) and h (=r2) are  
       such that in the machine, t + h = t on the next step  
       (h = step size). solver will continue anyway  
      in above,  r1 =  0.3279620159380D+01   r2 =  0.1494875868155D-15
 lsoda--  warning..internal t (=r1) and h (=r2) are  
       such that in the machine, t + h = t on the next step  
       (h = step size). solver will continue anyway  
      in above,  r1 =  0.3279620159380D+01   r2 =  0.1228588260377D-15
 lsoda--  above warning has been issued i1 times.    
       it will not be issued again for this problem  
      in above message,  i1 =        10
 lsoda--  warning..internal t (=r1) and h (=r2) are  
       such that in the machine, t + h = t on the next step  
       (h = step size). solver will continue anyway  
      in above,  r1 =  0.2916984562443D+01   r2 =  0.1926031338878D-15
 lsoda--  warning..internal t (=r1) and h (=r2) are  
       such that in the machine, t + h = t on the next step  
       (h = step size). solver will continue anyway  
      in above,  r1 =  0.2916984562443D+01   r2 =  0.1926031338878D-15
 lsoda--  warning..internal t (=r1) and h (=r2) are  
       such that in the machine, t + h = t on the next step  
       (h = step size). solver will continue anyway  
      in above,  r1 =  0.2916984562443D+01   r2 =  0.1926031338878D-15
 lsoda--  warning..internal t (=r1) and h (=r2) are  
       such that in the machine, t + h = t on the next step  
       (h = step size). solver will continue anyway  
      in above,  r1 =  0.2916984562443D+01   r2 =  0.1582940455596D-15
 lsoda--  warning..internal t (=r1) and h (=r2) are  
       such that in the machine, t + h = t on the next step  
       (h = step size). solver will continue anyway  
      in above,  r1 =  0.2916984562443D+01   r2 =  0.1582940455596D-15
 lsoda--  warning..internal t (=r1) and h (=r2) are  
       such that in the machine, t + h = t on the next step  
       (h = step size). solver will continue anyway  
      in above,  r1 =  0.2916984562443D+01   r2 =  0.1582940455596D-15
 lsoda--  warning..internal t (=r1) and h (=r2) are  
       such that in the machine, t + h = t on the next step  
       (h = step size). solver will continue anyway  
      in above,  r1 =  0.2916984562443D+01   r2 =  0.1300965584285D-15
 lsoda--  warning..internal t (=r1) and h (=r2) are  
       such that in the machine, t + h = t on the next step  
       (h = step size). solver will continue anyway  
      in above,  r1 =  0.2916984562443D+01   r2 =  0.1300965584285D-15
 lsoda--  warning..internal t (=r1) and h (=r2) are  
       such that in the machine, t + h = t on the next step  
       (h = step size). solver will continue anyway  
      in above,  r1 =  0.2916984562443D+01   r2 =  0.1300965584285D-15
    RMSE omega (GP): 0.003843 | RMSE omega (Sim): nan
    Loss: 9.6083 | Epoch: 4907
    Eq omega: -0.082581 + -0.19097theta + 0.18698omega + 0.03323theta^2 + 0.41213theta omega + -0.19416omega^2 + -0.11613theta^3 + -0.38354theta^2 omega + -0.01649theta omega^2 + 0.08577omega^3
    Eq omega Phys: 0.488408*omega**3 - 0.00313*omega**2*theta - 0.097885*omega**2 - 0.002427*omega*theta**2 - 0.014628*omega*theta - 0.012122*omega - 2.4e-5*theta**3 - 0.000296*theta**2 - 0.001401*theta - 0.002698

  [Progress 220/220] Mean RMSE omega (GP): 0.004745 | (Sim): 0.082650 | Mean loss: -2978879296.7249 | Valid GP: 206/220 | Valid Sim: 184/220 | Elapsed: 770.2min | ETA: 0.0min

============================================================
EVALUATION COMPLETE — Chunks [94160, 94379]
============================================================
Chunks processed: 220
Chunks succeeded GP:  206 (93.6%)
Chunks succeeded Sim: 184 (83.6%)
Mean GP RMSE omega:   0.004745 ± 0.003055
Mean SIM RMSE omega:  0.082650 ± 0.107713
Mean Loss:            -2978879296.7249 ± 31161600758.7151
Elapsed time:     770.2 minutes

Per-chunk CSV: /pfs/data6/home/ka/ka_iai/ka_bj2362/dsr/svise/results_5min_all_chunks/run_SLURM_3718515/chunks_94160_to_94379_20260321_111423.csv
Summary JSON:  /pfs/data6/home/ka/ka_iai/ka_bj2362/dsr/svise/results_5min_all_chunks/run_SLURM_3718515/summary_94160_to_94379_20260321_111423.json
============================================================
 lsoda--  warning..internal t (=r1) and h (=r2) are  
       such that in the machine, t + h = t on the next step  
       (h = step size). solver will continue anyway  
      in above,  r1 =  0.2916984562443D+01   r2 =  0.1069219910074D-15
 lsoda--  above warning has been issued i1 times.    
       it will not be issued again for this problem  
      in above message,  i1 =        10

============================= JOB FEEDBACK =============================

NodeName=uc3n014
Job ID: 3720345
Array Job ID: 3718515_428
Cluster: uc3
User/Group: ka_bj2362/ka_iai
State: COMPLETED (exit code 0)
Nodes: 1
Cores per node: 4
CPU Utilized: 12:45:43
CPU Efficiency: 24.84% of 2-03:22:56 core-walltime
Job Wall-clock time: 12:50:44
Memory Utilized: 3.38 GB
Memory Efficiency: 28.20% of 12.00 GB (12.00 GB/node)
