Array task 139: processing chunks 30580 to 30799
Loading data from /pfs/data6/home/ka/ka_iai/ka_bj2362/dsr/svise/../dataset/South_Korea_2024-08-15_2025-08-31_1s.parquet...
Finding all valid 5-minute chunks in the dataset...
Found 107059 valid 5-minute chunks in total.

============================================================
SVISE FINAL EVALUATION — ALL CHUNKS
============================================================
Hyperparameters: {
  "model": "integrator",
  "sigma": 0,
  "degree": 3,
  "tau": 0.5,
  "lr": 0.001,
  "n_tau": 200,
  "measurement_noise": 0.0001,
  "n_reparam_samples": 15
}
Total valid chunks in dataset: 107059
Processing chunk range: [30580, 30799] (220 chunks)
Early stopping: patience=300, max_epochs=10000
============================================================


--- Chunk 30580 (1/220) | Start: 2024-12-04 09:45:00 ---
/pfs/data6/home/ka/ka_iai/ka_bj2362/dsr/svise/svise/sde_learning/_marginal_sde.py:284: UserWarning: torch.triangular_solve is deprecated in favor of torch.linalg.solve_triangularand will be removed in a future PyTorch release.
torch.linalg.solve_triangular has its arguments reversed and does not return a copy of one of the inputs.
X = torch.triangular_solve(B, A).solution
should be replaced with
X = torch.linalg.solve_triangular(A, B). (Triggered internally at ../aten/src/ATen/native/BatchLinearAlgebra.cpp:2192.)
  return torch.triangular_solve(self.raw_w, self.C.t()).solution
/pfs/data6/home/ka/ka_iai/ka_bj2362/dsr/svise/svise/quadrature/_unbiased_quadrature.py:196: UserWarning: Interp is nan, reducing interp degree.
  warnings.warn("Interp is nan, reducing interp degree.")
    RMSE omega (GP): 0.010884 | RMSE omega (Sim): 0.035545
    Loss: 637.9564 | Epoch: 9999
    Eq omega: -0.029441 + 0.00011theta + -0.01096omega + -0.00002theta^2 + 0.00037theta omega + -0.00105omega^2 + 0.00000theta^3 + -0.00002theta^2 omega + 0.00003theta omega^2 + -0.00009omega^3
    Eq omega Phys: -0.003198*omega**3 + 3.6e-5*omega**2*theta - 0.002168*omega**2 - 0.e-6*omega*theta**2 + 5.9e-5*omega*theta - 0.00141*omega + 2.0e-6*theta - 5.4e-5

--- Chunk 30581 (2/220) | Start: 2024-12-04 09:50:00 ---
/pfs/data6/home/ka/ka_iai/ka_bj2362/dsr/svise/svise/quadrature/_unbiased_quadrature.py:174: UserWarning: NaN detected in fxq (quadrature node evaluations). Clamping to 0.
  warnings.warn("NaN detected in fxq (quadrature node evaluations). Clamping to 0.")
/pfs/data6/home/ka/ka_iai/ka_bj2362/dsr/svise/svise/quadrature/_unbiased_quadrature.py:177: UserWarning: NaN detected in fmc (Monte-Carlo node evaluations). Clamping to 0.
  warnings.warn("NaN detected in fmc (Monte-Carlo node evaluations). Clamping to 0.")
    RMSE omega (GP): 0.013033 | RMSE omega (Sim): 0.030234
    Loss: 1122.9742 | Epoch: 9999
    Eq omega: -0.020351 + -0.00198theta + 0.00144omega + 0.00004theta^2 + 0.00003theta omega + 0.00018omega^2 + -0.00000theta^3 + 0.00001theta^2 omega + -0.00002theta omega^2 + 0.00002omega^3
    Eq omega Phys: 0.000862*omega**3 - 2.9e-5*omega**2*theta + 0.000994*omega**2 - 2.5e-5*omega*theta + 0.000367*omega - 5.0e-6*theta + 8.0e-5

--- Chunk 30582 (3/220) | Start: 2024-12-04 09:55:00 ---
    RMSE omega (GP): 0.018106 | RMSE omega (Sim): 0.030760
    Loss: 1023.2231 | Epoch: 9999
    Eq omega: -0.049391 + -0.00215theta + -0.01351omega + -0.00027theta^2 + -0.00116theta omega + -0.00162omega^2 + 0.00002theta^3 + -0.00011theta^2 omega + -0.00010theta omega^2 + -0.00008omega^3
    Eq omega Phys: -0.001636*omega**3 - 6.8e-5*omega**2*theta + 0.00032*omega**2 - 3.0e-6*omega*theta**2 + 9.0e-5*omega*theta - 0.001152*omega - 1.0e-6*theta**2 + 3.7e-5*theta - 0.000373

--- Chunk 30583 (4/220) | Start: 2024-12-04 10:00:00 ---
    RMSE omega (GP): 0.002886 | RMSE omega (Sim): nan
    Loss: 14.2726 | Epoch: 7504
    Eq omega: -0.000781 + -0.15324theta + 0.07921omega + 0.11627theta^2 + 0.02724theta omega + -0.00829omega^2 + 0.00020theta^3 + 0.05453theta^2 omega + -0.00627theta omega^2 + -0.01544omega^3
    Eq omega Phys: -0.181674*omega**3 - 0.002459*omega**2*theta - 0.00172*omega**2 + 0.000713*omega*theta**2 - 0.001444*omega*theta + 0.003258*omega + 8.1e-5*theta**2 - 0.000398*theta + 0.0004

--- Chunk 30584 (5/220) | Start: 2024-12-04 10:05:00 ---
    RMSE omega (GP): 0.003574 | RMSE omega (Sim): 0.125104
    Loss: 6.8103 | Epoch: 6939
    Eq omega: -0.073591 + -0.07642theta + 0.02804omega + -0.01655theta^2 + -0.01411theta omega + -0.05124omega^2 + -0.01078theta^3 + -0.00379theta^2 omega + -0.04609theta omega^2 + -0.00425omega^3
    Eq omega Phys: -0.01992*omega**3 - 0.007201*omega**2*theta - 0.057446*omega**2 - 2.0e-5*omega*theta**2 - 0.00039*omega*theta - 0.000552*omega - 2.0e-6*theta**3 - 3.6e-5*theta**2 - 0.00031*theta - 0.001097

--- Chunk 30585 (6/220) | Start: 2024-12-04 10:10:00 ---
    RMSE omega (GP): 0.003396 | RMSE omega (Sim): 0.084707
    Loss: 12.1778 | Epoch: 9999
    Eq omega: 0.043391 + -0.05168theta + -0.01643omega + 0.02442theta^2 + 0.02450theta omega + 0.01139omega^2 + -0.00483theta^3 + 0.00424theta^2 omega + -0.00565theta omega^2 + -0.00430omega^3
    Eq omega Phys: -0.033661*omega**3 - 0.001474*omega**2*theta - 0.00868*omega**2 + 3.7e-5*omega*theta**2 + 0.001143*omega*theta + 0.007121*omega - 1.0e-6*theta**3 - 2.7e-5*theta**2 - 0.000191*theta - 0.000462

--- Chunk 30586 (7/220) | Start: 2024-12-04 10:15:00 ---
    RMSE omega (GP): 0.002729 | RMSE omega (Sim): 0.059549
    Loss: 4.8307 | Epoch: 7623
    Eq omega: 0.313351 + -0.07693theta + -0.08774omega + 0.11109theta^2 + 0.08604theta omega + -0.06444omega^2 + -0.27655theta^3 + -0.04475theta^2 omega + 0.03416theta omega^2 + -0.00222omega^3
    Eq omega Phys: -0.015548*omega**3 + 0.007975*omega**2*theta - 0.001614*omega**2 - 0.000348*omega*theta**2 - 0.001193*omega*theta - 0.002567*omega - 7.2e-5*theta**3 - 0.000737*theta**2 - 0.002593*theta - 0.002418

--- Chunk 30587 (8/220) | Start: 2024-12-04 10:20:00 ---
    RMSE omega (GP): 0.002794 | RMSE omega (Sim): 0.063507
    Loss: 3.1061 | Epoch: 5518
    Eq omega: -0.114371 + -0.08199theta + -0.09666omega + -0.15253theta^2 + -0.03089theta omega + -0.04145omega^2 + -0.04066theta^3 + -0.03362theta^2 omega + -0.32672theta omega^2 + -0.00183omega^3
    Eq omega Phys: -0.009008*omega**3 - 0.053607*omega**2*theta + 0.211565*omega**2 - 0.000184*omega*theta**2 + 0.001149*omega*theta - 0.004782*omega - 7.0e-6*theta**3 + 2.6e-5*theta**2 + 9.0e-5*theta - 0.000598

--- Chunk 30588 (9/220) | Start: 2024-12-04 10:25:00 ---
    RMSE omega (GP): 0.003567 | RMSE omega (Sim): 0.082138
    Loss: 6.3028 | Epoch: 5885
    Eq omega: 0.004671 + -0.53747theta + 0.05234omega + -0.03282theta^2 + -0.36724theta omega + -0.00170omega^2 + -0.07369theta^3 + -0.06001theta^2 omega + 0.02232theta omega^2 + -0.00264omega^3
    Eq omega Phys: -0.012315*omega**3 + 0.003471*omega**2*theta - 0.007794*omega**2 - 0.000311*omega*theta**2 - 0.00355*omega*theta + 0.010342*omega - 1.3e-5*theta**3 + 6.4e-5*theta**2 - 0.000699*theta + 0.001288

--- Chunk 30589 (10/220) | Start: 2024-12-04 10:30:00 ---
    RMSE omega (GP): 0.003990 | RMSE omega (Sim): 0.096734
    Loss: 4.7769 | Epoch: 3611
    Eq omega: -0.010041 + -0.12318theta + -0.03174omega + -0.15423theta^2 + 0.14011theta omega + 0.05920omega^2 + -0.88672theta^3 + -0.03468theta^2 omega + -0.08262theta omega^2 + 0.01797omega^3
    Eq omega Phys: 0.063535*omega**3 - 0.009737*omega**2*theta + 0.026477*omega**2 - 0.000136*omega*theta**2 + 0.001776*omega*theta - 0.002126*omega - 0.000116*theta**3 + 0.000161*theta**2 - 0.000202*theta + 6.0e-5

--- Chunk 30590 (11/220) | Start: 2024-12-04 10:35:00 ---
    RMSE omega (GP): 0.003772 | RMSE omega (Sim): 0.050957
    Loss: 21.8980 | Epoch: 9999
    Eq omega: 0.001201 + -0.00276theta + 0.00449omega + 0.01857theta^2 + -0.00868theta omega + 0.00259omega^2 + -0.00425theta^3 + 0.00023theta^2 omega + 0.00906theta omega^2 + -0.00753omega^3
    Eq omega Phys: -0.080785*omega**3 + 0.00324*omega**2*theta + 0.052446*omega**2 + 3.0e-6*omega*theta**2 - 8.7e-5*omega*theta - 0.001892*omega - 2.0e-6*theta**3 - 6.7e-5*theta**2 - 0.000866*theta - 0.003548

--- Chunk 30591 (12/220) | Start: 2024-12-04 10:40:00 ---
    RMSE omega (GP): 0.002934 | RMSE omega (Sim): 0.077264
    Loss: 7.2068 | Epoch: 5723
    Eq omega: 1.099711 + -1.20578theta + -0.48888omega + -1.19643theta^2 + 1.05194theta omega + -0.02868omega^2 + -0.85384theta^3 + -0.37244theta^2 omega + 0.21413theta omega^2 + 0.02701omega^3
    Eq omega Phys: 0.194783*omega**3 + 0.051473*omega**2*theta - 0.18782*omega**2 - 0.002984*omega*theta**2 + 0.03734*omega*theta - 0.108337*omega - 0.000228*theta**3 + 0.001658*theta**2 - 0.004736*theta + 0.00836

--- Chunk 30592 (13/220) | Start: 2024-12-04 10:45:00 ---
    RMSE omega (GP): 0.003193 | RMSE omega (Sim): 0.696847
    Loss: 20.5652 | Epoch: 9999
    Eq omega: 0.073311 + 0.00553theta + 0.08764omega + -0.00470theta^2 + 0.00148theta omega + 0.00210omega^2 + 0.00087theta^3 + -0.00018theta^2 omega + -0.00099theta omega^2 + -0.00168omega^3
    Eq omega Phys: -0.023472*omega**3 - 0.000461*omega**2*theta + 0.004726*omega**2 - 3.0e-6*omega*theta**2 + 7.4e-5*omega*theta + 0.002538*omega - 1.3e-5*theta**2 + 0.000126*theta - 0.00027

--- Chunk 30593 (14/220) | Start: 2024-12-04 10:50:00 ---
    RMSE omega (GP): 0.003548 | RMSE omega (Sim): 0.090248
    Loss: 38.8081 | Epoch: 9999
    Eq omega: 0.072521 + -0.00221theta + 0.00627omega + 0.00026theta^2 + 0.00192theta omega + 0.00348omega^2 + 0.00000theta^3 + -0.00009theta^2 omega + 0.00036theta omega^2 + 0.00133omega^3
    Eq omega Phys: 0.025711*omega**3 + 0.000232*omega**2*theta - 0.000144*omega**2 - 2.0e-6*omega*theta**2 + 0.0001*omega*theta - 0.000752*omega - 8.0e-6*theta + 0.000169

--- Chunk 30594 (15/220) | Start: 2024-12-04 10:55:00 ---
    RMSE omega (GP): 0.003456 | RMSE omega (Sim): 0.057398
    Loss: 21.0264 | Epoch: 9999
    Eq omega: 0.066681 + 0.00270theta + -0.01733omega + -0.00427theta^2 + -0.00453theta omega + -0.01805omega^2 + -0.00063theta^3 + -0.00244theta^2 omega + -0.00270theta omega^2 + -0.01792omega^3
    Eq omega Phys: -0.22097*omega**3 - 0.00111*omega**2*theta + 0.000176*omega**2 - 3.3e-5*omega*theta**2 + 0.000611*omega*theta - 0.003299*omega + 6.0e-6*theta**2 - 2.9e-5*theta + 8.4e-5

--- Chunk 30595 (16/220) | Start: 2024-12-04 11:00:00 ---
    RMSE omega (GP): 0.002914 | RMSE omega (Sim): 0.094182
    Loss: 1.4582 | Epoch: 6859
    Eq omega: -0.017891 + -0.54758theta + 0.03726omega + -0.09170theta^2 + -0.18089theta omega + -0.09628omega^2 + 0.00098theta^3 + 0.00388theta^2 omega + -0.03435theta omega^2 + 0.01492omega^3
    Eq omega Phys: 0.065873*omega**3 - 0.005055*omega**2*theta - 0.024544*omega**2 + 1.9e-5*omega*theta**2 - 0.002406*omega*theta + 0.007027*omega - 4.0e-5*theta**2 - 0.000414*theta + 0.001202

--- Chunk 30596 (17/220) | Start: 2024-12-04 11:05:00 ---
    RMSE omega (GP): 0.005950 | RMSE omega (Sim): 0.057771
    Loss: 191.9026 | Epoch: 9999
    Eq omega: -0.034201 + -0.00289theta + 0.00678omega + -0.00043theta^2 + 0.00036theta omega + -0.00299omega^2 + -0.00000theta^3 + 0.00013theta^2 omega + -0.00005theta omega^2 + 0.00015omega^3
    Eq omega Phys: 0.00518*omega**3 - 5.8e-5*omega**2*theta - 0.004724*omega**2 + 5.0e-6*omega*theta**2 + 0.000276*omega*theta + 0.004025*omega - 0.e-6*theta**2 - 3.0e-5*theta - 0.000476

--- Chunk 30597 (18/220) | Start: 2024-12-04 11:10:00 ---
    RMSE omega (GP): 0.015981 | RMSE omega (Sim): 0.046683
    Loss: 912.7425 | Epoch: 9999
    Eq omega: 0.005001 + 0.00118theta + -0.00633omega + 0.00004theta^2 + -0.00070theta omega + 0.00144omega^2 + -0.00000theta^3 + -0.00007theta^2 omega + 0.00012theta omega^2 + -0.00006omega^3
    Eq omega Phys: -0.001398*omega**3 + 9.3e-5*omega**2*theta + 0.003341*omega**2 - 2.0e-6*omega*theta**2 - 0.000101*omega*theta - 0.001564*omega + 3.0e-6*theta + 5.5e-5

--- Chunk 30598 (19/220) | Start: 2024-12-04 11:15:00 ---
    RMSE omega (GP): 0.012507 | RMSE omega (Sim): 0.036722
    Loss: 749.8582 | Epoch: 9999
    Eq omega: -0.015111 + 0.00037theta + 0.00333omega + 0.00002theta^2 + -0.00009theta omega + -0.00045omega^2 + 0.00000theta^3 + -0.00002theta^2 omega + 0.00001theta omega^2 + -0.00015omega^3
    Eq omega Phys: -0.004715*omega**3 + 1.0e-5*omega**2*theta - 0.000231*omega**2 - 0.e-6*omega*theta**2 - 3.4e-5*omega*theta - 0.000293*omega + 1.0e-6*theta + 4.0e-6

--- Chunk 30599 (20/220) | Start: 2024-12-04 11:20:00 ---
    RMSE omega (GP): nan | RMSE omega (Sim): nan
    Loss: 4994.2822 | Epoch: 791
    Eq omega: nan1 + nantheta + nanomega + nantheta^2 + nantheta omega + nanomega^2 + nantheta^3 + nantheta^2 omega + nantheta omega^2 + nanomega^3
    Eq omega Phys: N/A

--- Chunk 30600 (21/220) | Start: 2024-12-04 11:25:00 ---
    RMSE omega (GP): 0.004099 | RMSE omega (Sim): 0.042730
    Loss: 24.3564 | Epoch: 9999
    Eq omega: 0.041011 + -0.04103theta + 0.02492omega + 0.00154theta^2 + -0.00649theta omega + 0.00499omega^2 + -0.00050theta^3 + -0.00118theta^2 omega + -0.00155theta omega^2 + -0.00023omega^3
    Eq omega Phys: -0.002228*omega**3 - 0.0005*omega**2*theta + 0.01023*omega**2 - 1.3e-5*omega*theta**2 + 0.000252*omega*theta - 0.000125*omega + 9.0e-6*theta**2 - 0.000192*theta + 0.001545

--- Chunk 30601 (22/220) | Start: 2024-12-04 11:30:00 ---
    RMSE omega (GP): 0.004618 | RMSE omega (Sim): 0.095487
    Loss: 11.3085 | Epoch: 7743
    Eq omega: -0.022261 + 0.00286theta + -0.01432omega + 0.01569theta^2 + 0.00499theta omega + -0.03987omega^2 + -0.00736theta^3 + 0.00074theta^2 omega + 0.00549theta omega^2 + 0.00854omega^3
    Eq omega Phys: 0.037554*omega**3 + 0.000805*omega**2*theta - 0.021396*omega**2 + 4.0e-6*omega*theta**2 + 9.0e-6*omega*theta - 0.000753*omega - 1.0e-6*theta**3 + 3.4e-5*theta**2 - 0.000307*theta + 0.000829

--- Chunk 30602 (23/220) | Start: 2024-12-04 11:35:00 ---
    RMSE omega (GP): 0.005041 | RMSE omega (Sim): 0.052227
    Loss: 65.0505 | Epoch: 9999
    Eq omega: 0.046561 + 0.00054theta + -0.01544omega + 0.00032theta^2 + 0.00369theta omega + -0.00252omega^2 + -0.00038theta^3 + 0.00005theta^2 omega + 0.00025theta omega^2 + -0.00089omega^3
    Eq omega Phys: -0.01464*omega**3 + 0.000137*omega**2*theta - 0.004461*omega**2 + 1.0e-6*omega*theta**2 + 5.6e-5*omega*theta - 0.001912*omega + 1.3e-5*theta**2 - 0.000258*theta + 0.001724

--- Chunk 30603 (24/220) | Start: 2024-12-04 11:40:00 ---
    RMSE omega (GP): 0.005472 | RMSE omega (Sim): 0.045137
    Loss: 90.6808 | Epoch: 9999
    Eq omega: -0.002821 + -0.00012theta + -0.00891omega + 0.00044theta^2 + 0.00024theta omega + 0.00062omega^2 + -0.00000theta^3 + 0.00006theta^2 omega + -0.00001theta omega^2 + 0.00035omega^3
    Eq omega Phys: 0.006798*omega**3 - 6.0e-6*omega**2*theta + 0.000637*omega**2 + 1.0e-6*omega*theta**2 - 4.9e-5*omega*theta + 0.000158*omega - 1.7e-5*theta + 0.000179

--- Chunk 30604 (25/220) | Start: 2024-12-04 11:45:00 ---
    RMSE omega (GP): 0.005452 | RMSE omega (Sim): 0.047800
    Loss: 86.2362 | Epoch: 9999
    Eq omega: -0.003931 + -0.00376theta + 0.01091omega + -0.00007theta^2 + -0.00004theta omega + -0.01138omega^2 + -0.00002theta^3 + -0.00018theta^2 omega + -0.00007theta omega^2 + -0.00179omega^3
    Eq omega Phys: -0.033666*omega**3 - 4.4e-5*omega**2*theta - 0.008245*omega**2 - 4.0e-6*omega*theta**2 + 0.00013*omega*theta - 0.000763*omega + 1.0e-6*theta**2 - 1.5e-5*theta + 0.000123

--- Chunk 30605 (26/220) | Start: 2024-12-04 11:50:00 ---
    RMSE omega (GP): 0.004883 | RMSE omega (Sim): 0.030974
    Loss: 129.5222 | Epoch: 9999
    Eq omega: 0.028771 + 0.00581theta + 0.00640omega + 0.00038theta^2 + 0.00032theta omega + -0.00609omega^2 + 0.00015theta^3 + 0.00007theta^2 omega + 0.00028theta omega^2 + -0.00018omega^3
    Eq omega Phys: -0.006158*omega**3 + 0.000319*omega**2*theta - 0.011682*omega**2 + 3.0e-6*omega*theta**2 - 7.5e-5*omega*theta + 0.000728*omega - 9.0e-6*theta**2 + 0.000142*theta - 0.000767

--- Chunk 30606 (27/220) | Start: 2024-12-04 11:55:00 ---
    RMSE omega (GP): 0.004134 | RMSE omega (Sim): 0.054074
    Loss: 13.8474 | Epoch: 6200
    Eq omega: -0.064001 + -0.06949theta + -0.05394omega + -0.00522theta^2 + -0.02365theta omega + -0.04786omega^2 + -0.00312theta^3 + -0.00832theta^2 omega + -0.00439theta omega^2 + -0.00794omega^3
    Eq omega Phys: -0.048036*omega**3 - 0.000885*omega**2*theta - 0.027258*omega**2 - 5.6e-5*omega*theta**2 - 0.001082*omega*theta - 0.006476*omega - 0.e-6*theta**3 - 1.6e-5*theta**2 - 0.0002*theta - 0.000965

--- Chunk 30607 (28/220) | Start: 2024-12-04 12:00:00 ---
    RMSE omega (GP): 0.004993 | RMSE omega (Sim): 0.051143
    Loss: 39.5272 | Epoch: 9999
    Eq omega: -0.007371 + 0.00262theta + 0.00512omega + -0.00256theta^2 + 0.00060theta omega + -0.00720omega^2 + -0.00004theta^3 + 0.00057theta^2 omega + -0.00036theta omega^2 + 0.00265omega^3
    Eq omega Phys: 0.028325*omega**3 - 0.000128*omega**2*theta - 0.005976*omega**2 + 7.0e-6*omega*theta**2 + 0.000189*omega*theta + 0.001486*omega - 2.0e-6*theta**2 - 5.0e-5*theta - 0.000302

--- Chunk 30608 (29/220) | Start: 2024-12-04 12:05:00 ---
    RMSE omega (GP): 0.003131 | RMSE omega (Sim): 0.051626
    Loss: 16.5032 | Epoch: 9999
    Eq omega: 0.043041 + -0.00068theta + -0.07657omega + 0.00444theta^2 + 0.00198theta omega + -0.00071omega^2 + -0.00026theta^3 + -0.00062theta^2 omega + 0.00198theta omega^2 + -0.00096omega^3
    Eq omega Phys: -0.010536*omega**3 + 0.000724*omega**2*theta + 0.01023*omega**2 - 8.0e-6*omega*theta**2 - 0.000183*omega*theta - 0.003602*omega - 2.0e-6*theta**2 + 1.8e-5*theta + 0.000377

--- Chunk 30609 (30/220) | Start: 2024-12-04 12:10:00 ---
    RMSE omega (GP): 0.005237 | RMSE omega (Sim): 0.041549
    Loss: 29.1474 | Epoch: 9999
    Eq omega: -0.086831 + -0.02474theta + 0.04054omega + -0.00064theta^2 + 0.00357theta omega + -0.00757omega^2 + -0.00012theta^3 + 0.00079theta^2 omega + -0.00025theta omega^2 + -0.00051omega^3
    Eq omega Phys: -0.003725*omega**3 - 6.1e-5*omega**2*theta - 0.004497*omega**2 + 6.0e-6*omega*theta**2 + 0.000219*omega*theta + 0.00309*omega - 2.0e-6*theta**2 - 5.2e-5*theta - 0.000658

--- Chunk 30610 (31/220) | Start: 2024-12-04 12:15:00 ---
/pfs/data6/home/ka/ka_iai/ka_bj2362/dsr/svise/run_analysis_5min_all_chunks.py:212: ODEintWarning: Excess work done on this call (perhaps wrong Dfun type). Run with full_output = 1 to get quantitative information.
  sol_scaled = odeint(drift, x0_scaled, t_scaled, full_output=False)
    RMSE omega (GP): 0.004164 | RMSE omega (Sim): nan
    Loss: 5.2285 | Epoch: 6447
    Eq omega: 0.012711 + -0.07883theta + 0.05237omega + -0.00526theta^2 + -0.07882theta omega + -0.03612omega^2 + -0.00387theta^3 + 0.00308theta^2 omega + 0.02548theta omega^2 + 0.01196omega^3
    Eq omega Phys: 0.040499*omega**3 + 0.002876*omega**2*theta + 0.016844*omega**2 + 1.2e-5*omega*theta**2 - 0.000649*omega*theta - 0.005972*omega - 1.7e-5*theta**2 - 0.000275*theta - 0.001536

--- Chunk 30611 (32/220) | Start: 2024-12-04 12:20:00 ---
    RMSE omega (GP): 0.004142 | RMSE omega (Sim): 0.058317
    Loss: 42.9741 | Epoch: 9999
    Eq omega: 0.097561 + -0.00763theta + -0.03211omega + -0.00996theta^2 + -0.00041theta omega + 0.00409omega^2 + -0.00018theta^3 + 0.00080theta^2 omega + -0.00024theta omega^2 + 0.00068omega^3
    Eq omega Phys: 0.011287*omega**3 - 0.000133*omega**2*theta + 0.001049*omega**2 + 1.5e-5*omega*theta**2 + 0.000433*omega*theta + 0.002103*omega - 1.3e-5*theta**2 - 0.000331*theta - 0.002212

--- Chunk 30612 (33/220) | Start: 2024-12-04 12:25:00 ---
    RMSE omega (GP): 0.003497 | RMSE omega (Sim): 0.161467
    Loss: 1.6067 | Epoch: 9125
    Eq omega: 0.048061 + -0.19028theta + -0.01855omega + 0.03792theta^2 + -0.35494theta omega + -0.06857omega^2 + -0.24723theta^3 + 0.00788theta^2 omega + 0.08556theta omega^2 + -0.04695omega^3
    Eq omega Phys: -0.139187*omega**3 + 0.008455*omega**2*theta + 0.042481*omega**2 + 2.6e-5*omega*theta**2 - 0.003326*omega*theta - 0.027298*omega - 2.7e-5*theta**3 - 0.000604*theta**2 - 0.004682*theta - 0.012465

--- Chunk 30613 (34/220) | Start: 2024-12-04 12:30:00 ---
    RMSE omega (GP): 0.002861 | RMSE omega (Sim): 0.157776
    Loss: 8.8012 | Epoch: 7577
    Eq omega: -0.085981 + -0.01699theta + 0.01411omega + 0.00318theta^2 + 0.02439theta omega + -0.12863omega^2 + -0.04111theta^3 + -0.01811theta^2 omega + 0.00299theta omega^2 + -0.00237omega^3
    Eq omega Phys: -0.019557*omega**3 + 0.000822*omega**2*theta - 0.062147*omega**2 - 0.000166*omega*theta**2 - 0.00172*omega*theta - 0.003709*omega - 1.3e-5*theta**3 - 0.000242*theta**2 - 0.001569*theta - 0.003618

--- Chunk 30614 (35/220) | Start: 2024-12-04 12:35:00 ---
    RMSE omega (GP): 0.002861 | RMSE omega (Sim): 0.071560
    Loss: 11.9744 | Epoch: 9999
    Eq omega: -0.006131 + -0.02173theta + -0.05514omega + 0.00286theta^2 + -0.02805theta omega + -0.00883omega^2 + -0.00062theta^3 + -0.00026theta^2 omega + -0.00377theta omega^2 + -0.00658omega^3
    Eq omega Phys: -0.063027*omega**3 - 0.001204*omega**2*theta + 0.00376*omega**2 - 3.0e-6*omega*theta**2 - 0.000488*omega*theta + 0.001856*omega + 7.0e-6*theta**2 - 8.5e-5*theta + 0.000343

--- Chunk 30615 (36/220) | Start: 2024-12-04 12:40:00 ---
    RMSE omega (GP): 0.004245 | RMSE omega (Sim): 0.057102
    Loss: 22.6206 | Epoch: 9999
    Eq omega: 0.001231 + -0.00063theta + -0.04729omega + -0.00437theta^2 + -0.02406theta omega + 0.01140omega^2 + -0.00321theta^3 + 0.00148theta^2 omega + -0.00155theta omega^2 + -0.00474omega^3
    Eq omega Phys: -0.040649*omega**3 - 0.000443*omega**2*theta + 0.00952*omega**2 + 1.4e-5*omega*theta**2 - 0.000647*omega*theta + 0.002581*omega - 1.0e-6*theta**3 + 2.1e-5*theta**2 - 0.000143*theta + 0.000324

--- Chunk 30616 (37/220) | Start: 2024-12-04 12:45:00 ---
    RMSE omega (GP): 0.004052 | RMSE omega (Sim): 0.148015
    Loss: 14.4006 | Epoch: 8437
    Eq omega: -0.009811 + -0.02395theta + 0.03076omega + 0.00292theta^2 + -0.00420theta omega + 0.04344omega^2 + -0.00219theta^3 + -0.00185theta^2 omega + -0.00227theta omega^2 + 0.02798omega^3
    Eq omega Phys: 0.176819*omega**3 - 0.000478*omega**2*theta + 0.023662*omega**2 - 1.3e-5*omega*theta**2 + 0.000138*omega*theta + 0.000738*omega - 0.e-6*theta**3 + 1.3e-5*theta**2 - 0.000143*theta + 0.000516

--- Chunk 30617 (38/220) | Start: 2024-12-04 12:50:00 ---
    RMSE omega (GP): 0.004958 | RMSE omega (Sim): 0.059248
    Loss: 10.6278 | Epoch: 9999
    Eq omega: -0.075601 + -0.11361theta + -0.06979omega + -0.01301theta^2 + -0.00552theta omega + -0.03767omega^2 + -0.00090theta^3 + 0.00230theta^2 omega + -0.00034theta omega^2 + -0.00886omega^3
    Eq omega Phys: -0.032227*omega**3 - 4.1e-5*omega**2*theta - 0.012426*omega**2 + 9.0e-6*omega*theta**2 - 0.000376*omega*theta + 0.001363*omega + 1.0e-6*theta**2 - 6.0e-5*theta + 0.001032

--- Chunk 30618 (39/220) | Start: 2024-12-04 12:55:00 ---
    RMSE omega (GP): 0.004081 | RMSE omega (Sim): 0.118339
    Loss: 12.2285 | Epoch: 9999
    Eq omega: 0.011061 + -0.00350theta + -0.01039omega + -0.00080theta^2 + 0.00293theta omega + -0.01255omega^2 + -0.00030theta^3 + 0.00021theta^2 omega + -0.00136theta omega^2 + 0.00196omega^3
    Eq omega Phys: 0.010401*omega**3 - 0.000241*omega**2*theta - 0.008956*omega**2 + 1.0e-6*omega*theta**2 + 7.9e-5*omega*theta + 0.000571*omega - 3.0e-6*theta**2 - 5.7e-5*theta - 0.000328

--- Chunk 30619 (40/220) | Start: 2024-12-04 13:00:00 ---
    RMSE omega (GP): 0.005353 | RMSE omega (Sim): 0.072335
    Loss: 54.0663 | Epoch: 9999
    Eq omega: -0.076741 + -0.00586theta + 0.04599omega + 0.00019theta^2 + 0.00490theta omega + -0.01168omega^2 + -0.00010theta^3 + -0.00009theta^2 omega + -0.00248theta omega^2 + 0.00337omega^3
    Eq omega Phys: 0.039624*omega**3 - 0.000972*omega**2*theta - 0.025147*omega**2 - 1.0e-6*omega*theta**2 + 5.9e-5*omega*theta + 0.003013*omega - 2.0e-6*theta**2 - 4.6e-5*theta - 0.00048

--- Chunk 30620 (41/220) | Start: 2024-12-04 13:05:00 ---
    RMSE omega (GP): 0.004301 | RMSE omega (Sim): 0.067207
    Loss: 35.5187 | Epoch: 9999
    Eq omega: 0.010381 + -0.00210theta + -0.00056omega + -0.00073theta^2 + 0.00079theta omega + -0.00662omega^2 + -0.00002theta^3 + 0.00024theta^2 omega + -0.00093theta omega^2 + 0.00231omega^3
    Eq omega Phys: 0.027829*omega**3 - 0.000373*omega**2*theta - 0.011047*omega**2 + 3.0e-6*omega*theta**2 + 0.000135*omega*theta + 0.001369*omega - 1.0e-6*theta**2 - 3.0e-5*theta - 0.000253

--- Chunk 30621 (42/220) | Start: 2024-12-04 13:10:00 ---
    RMSE omega (GP): 0.005672 | RMSE omega (Sim): 0.137838
    Loss: 29.3863 | Epoch: 9999
    Eq omega: -0.045701 + 0.00295theta + 0.01113omega + 0.00818theta^2 + -0.00548theta omega + 0.01154omega^2 + -0.00387theta^3 + -0.00188theta^2 omega + 0.00281theta omega^2 + -0.00563omega^3
    Eq omega Phys: -0.036717*omega**3 + 0.000611*omega**2*theta + 0.018241*omega**2 - 1.4e-5*omega*theta**2 - 0.000659*omega*theta - 0.007461*omega - 0.e-6*theta**3 - 5.5e-5*theta**2 - 0.001061*theta - 0.006885

--- Chunk 30622 (43/220) | Start: 2024-12-04 13:15:00 ---
    RMSE omega (GP): 0.002815 | RMSE omega (Sim): 0.112209
    Loss: 8.1322 | Epoch: 6126
    Eq omega: -0.333601 + -0.53057theta + -0.00216omega + 0.85858theta^2 + -0.17678theta omega + -0.03390omega^2 + -0.68632theta^3 + 0.06089theta^2 omega + 0.06825theta omega^2 + 0.00274omega^3
    Eq omega Phys: 0.021795*omega**3 + 0.018096*omega**2*theta + 0.053155*omega**2 + 0.000538*omega*theta**2 + 0.001165*omega*theta - 0.003718*omega - 0.000202*theta**3 - 0.001876*theta**2 - 0.005991*theta - 0.007553

--- Chunk 30623 (44/220) | Start: 2024-12-04 13:20:00 ---
    RMSE omega (GP): 0.004398 | RMSE omega (Sim): 0.092503
    Loss: 12.2553 | Epoch: 9999
    Eq omega: 0.044961 + -0.01156theta + 0.01689omega + 0.00107theta^2 + -0.00217theta omega + 0.00945omega^2 + -0.00096theta^3 + -0.00448theta^2 omega + -0.00120theta omega^2 + 0.00087omega^3
    Eq omega Phys: 0.004301*omega**3 - 0.000198*omega**2*theta + 0.004738*omega**2 - 2.5e-5*omega*theta**2 + 0.000195*omega*theta + 0.000185*omega + 3.0e-6*theta**2 - 2.8e-5*theta + 0.000208

--- Chunk 30624 (45/220) | Start: 2024-12-04 13:25:00 ---
    RMSE omega (GP): 0.012661 | RMSE omega (Sim): 0.050756
    Loss: 270.3562 | Epoch: 9999
    Eq omega: 0.028811 + -0.00098theta + 0.01797omega + 0.00015theta^2 + -0.00012theta omega + 0.00343omega^2 + -0.00001theta^3 + -0.00005theta^2 omega + -0.00004theta omega^2 + 0.00026omega^3
    Eq omega Phys: 0.00288*omega**3 - 1.5e-5*omega**2*theta + 0.00248*omega**2 - 0.e-6*omega*theta**2 + 3.1e-5*omega*theta + 0.000222*omega - 1.5e-5*theta + 0.000234

--- Chunk 30625 (46/220) | Start: 2024-12-04 13:30:00 ---
    RMSE omega (GP): 0.003627 | RMSE omega (Sim): 0.084896
    Loss: 16.8618 | Epoch: 9999
    Eq omega: -0.039391 + -0.00283theta + -0.01695omega + -0.01201theta^2 + 0.00207theta omega + -0.01140omega^2 + -0.00056theta^3 + -0.00042theta^2 omega + -0.00010theta omega^2 + -0.00006omega^3
    Eq omega Phys: -0.000563*omega**3 - 3.1e-5*omega**2*theta - 0.005814*omega**2 - 4.0e-6*omega*theta**2 + 0.000196*omega*theta - 0.002679*omega + 3.0e-6*theta**2 + 7.6e-5*theta - 0.001305

--- Chunk 30626 (47/220) | Start: 2024-12-04 13:35:00 ---
    RMSE omega (GP): 0.003586 | RMSE omega (Sim): 0.063295
    Loss: 14.5163 | Epoch: 7604
    Eq omega: 0.048141 + -0.00949theta + -0.02150omega + 0.00191theta^2 + -0.00453theta omega + 0.00148omega^2 + 0.00004theta^3 + 0.00140theta^2 omega + -0.00514theta omega^2 + 0.00281omega^3
    Eq omega Phys: 0.023232*omega**3 - 0.001417*omega**2*theta + 0.016512*omega**2 + 1.3e-5*omega*theta**2 - 0.000365*omega*theta + 0.001751*omega + 1.0e-6*theta**2 - 3.1e-5*theta + 0.00034

--- Chunk 30627 (48/220) | Start: 2024-12-04 13:40:00 ---
    RMSE omega (GP): 0.002599 | RMSE omega (Sim): 0.093708
    Loss: 1.7557 | Epoch: 6609
    Eq omega: 0.041841 + -0.65846theta + 0.01826omega + 0.01477theta^2 + 0.30888theta omega + -0.08908omega^2 + -0.82003theta^3 + 0.09574theta^2 omega + 0.06297theta omega^2 + -0.13732omega^3
    Eq omega Phys: -0.612383*omega**3 + 0.009361*omega**2*theta - 0.030048*omega**2 + 0.000474*omega*theta**2 + 0.004405*omega*theta + 0.002531*omega - 0.000135*theta**3 - 0.00018*theta**2 - 0.000811*theta - 0.000227

--- Chunk 30628 (49/220) | Start: 2024-12-04 13:45:00 ---
    RMSE omega (GP): 0.004211 | RMSE omega (Sim): 0.089096
    Loss: 12.9343 | Epoch: 9999
    Eq omega: 0.060011 + -0.01738theta + -0.00274omega + 0.01168theta^2 + -0.00761theta omega + -0.02900omega^2 + -0.00230theta^3 + -0.00166theta^2 omega + -0.00396theta omega^2 + -0.01637omega^3
    Eq omega Phys: -0.082537*omega**3 - 0.000666*omega**2*theta - 0.002583*omega**2 - 9.0e-6*omega*theta**2 + 0.000156*omega*theta - 0.000455*omega + 2.3e-5*theta**2 - 0.00042*theta + 0.002647

--- Chunk 30629 (50/220) | Start: 2024-12-04 13:50:00 ---
    RMSE omega (GP): 0.003230 | RMSE omega (Sim): 0.057647
    Loss: 23.6793 | Epoch: 8676
    Eq omega: -0.111661 + -0.00159theta + -0.03170omega + -0.00900theta^2 + 0.00109theta omega + 0.01337omega^2 + -0.00399theta^3 + -0.00087theta^2 omega + -0.00191theta omega^2 + 0.00215omega^3
    Eq omega Phys: 0.032603*omega**3 - 0.000965*omega**2*theta + 0.017651*omega**2 - 1.5e-5*omega*theta**2 + 0.000273*omega*theta - 0.002318*omega - 2.0e-6*theta**3 + 5.0e-5*theta**2 - 0.00036*theta + 0.00068

  [Progress 50/220] Mean RMSE omega (GP): 0.005175 | (Sim): 0.086860 | Mean loss: 218.2457 | Valid GP: 49/50 | Valid Sim: 47/50 | Elapsed: 183.5min | ETA: 623.9min

--- Chunk 30630 (51/220) | Start: 2024-12-04 13:55:00 ---
    RMSE omega (GP): 0.003839 | RMSE omega (Sim): 0.070331
    Loss: 4.3728 | Epoch: 6614
    Eq omega: -0.036471 + -0.04540theta + 0.05693omega + 0.04504theta^2 + -0.22616theta omega + -0.13996omega^2 + -0.14995theta^3 + 0.02377theta^2 omega + 0.00978theta omega^2 + 0.00173omega^3
    Eq omega Phys: 0.006032*omega**3 + 0.001137*omega**2*theta - 0.045373*omega**2 + 9.2e-5*omega*theta**2 - 0.002191*omega*theta - 0.003007*omega - 1.9e-5*theta**3 - 0.000103*theta**2 - 0.000227*theta - 0.00032

--- Chunk 30631 (52/220) | Start: 2024-12-04 14:00:00 ---
    RMSE omega (GP): 0.006421 | RMSE omega (Sim): 0.066056
    Loss: 23.3424 | Epoch: 9999
    Eq omega: -0.006441 + -0.03564theta + -0.05172omega + 0.00209theta^2 + -0.01596theta omega + 0.02902omega^2 + -0.00837theta^3 + -0.01897theta^2 omega + 0.00622theta omega^2 + 0.00106omega^3
    Eq omega Phys: 0.004068*omega**3 + 0.000796*omega**2*theta + 0.026698*omega**2 - 8.1e-5*omega*theta**2 - 0.003508*omega*theta - 0.03965*omega - 1.0e-6*theta**3 - 7.2e-5*theta**2 - 0.001507*theta - 0.010746

--- Chunk 30632 (53/220) | Start: 2024-12-04 14:05:00 ---
    RMSE omega (GP): 0.005015 | RMSE omega (Sim): 0.077918
    Loss: 34.0012 | Epoch: 9999
    Eq omega: 0.001241 + 0.00449theta + -0.00494omega + 0.00093theta^2 + -0.00237theta omega + 0.00190omega^2 + -0.00002theta^3 + 0.00068theta^2 omega + -0.00109theta omega^2 + -0.00850omega^3
    Eq omega Phys: -0.073872*omega**3 - 0.000316*omega**2*theta + 0.007104*omega**2 + 7.0e-6*omega*theta**2 - 0.000295*omega*theta + 0.00309*omega + 1.0e-6*theta**2 - 2.4e-5*theta + 0.000159

--- Chunk 30633 (54/220) | Start: 2024-12-04 14:10:00 ---
    RMSE omega (GP): 0.005743 | RMSE omega (Sim): 0.139285
    Loss: 78.6168 | Epoch: 9999
    Eq omega: 0.087351 + -0.00315theta + 0.08299omega + -0.00023theta^2 + -0.00248theta omega + 0.00051omega^2 + 0.00006theta^3 + 0.00020theta^2 omega + -0.00095theta omega^2 + -0.00132omega^3
    Eq omega Phys: -0.02023*omega**3 - 0.000485*omega**2*theta + 0.010611*omega**2 + 3.0e-6*omega*theta**2 - 0.000203*omega*theta + 0.005532*omega - 2.0e-6*theta**2 + 5.0e-5*theta - 0.000192

--- Chunk 30634 (55/220) | Start: 2024-12-04 14:15:00 ---
    RMSE omega (GP): 0.005488 | RMSE omega (Sim): 0.098894
    Loss: 61.9150 | Epoch: 9999
    Eq omega: -0.011141 + 0.00345theta + 0.00849omega + 0.00001theta^2 + 0.00024theta omega + 0.00217omega^2 + 0.00001theta^3 + 0.00000theta^2 omega + -0.00005theta omega^2 + 0.00065omega^3
    Eq omega Phys: 0.008925*omega**3 - 2.3e-5*omega**2*theta + 0.001929*omega**2 + 5.0e-6*omega*theta + 0.000174*omega + 1.0e-5*theta - 0.000134

--- Chunk 30635 (56/220) | Start: 2024-12-04 14:20:00 ---
    RMSE omega (GP): 0.005533 | RMSE omega (Sim): 0.048564
    Loss: 76.8334 | Epoch: 9999
    Eq omega: -0.024141 + 0.00403theta + -0.00449omega + -0.00032theta^2 + -0.00078theta omega + 0.00028omega^2 + 0.00015theta^3 + -0.00008theta^2 omega + -0.00053theta omega^2 + 0.00055omega^3
    Eq omega Phys: 0.008905*omega**3 - 0.000286*omega**2*theta + 0.005431*omega**2 - 1.0e-6*omega*theta**2 + 3.3e-5*omega*theta - 0.000281*omega - 5.0e-6*theta**2 + 0.000104*theta - 0.000754

--- Chunk 30636 (57/220) | Start: 2024-12-04 14:25:00 ---
    RMSE omega (GP): 0.003506 | RMSE omega (Sim): 0.100678
    Loss: 9.3228 | Epoch: 4311
    Eq omega: 0.143761 + -0.53616theta + 0.03266omega + -0.08884theta^2 + 0.24066theta omega + -0.03748omega^2 + -0.02323theta^3 + -0.00247theta^2 omega + 0.06721theta omega^2 + -0.11017omega^3
    Eq omega Phys: -0.758622*omega**3 + 0.015427*omega**2*theta - 0.110421*omega**2 - 1.9e-5*omega*theta**2 + 0.00407*omega*theta - 0.022626*omega - 6.0e-6*theta**3 + 5.9e-5*theta**2 - 0.000667*theta + 0.003481

--- Chunk 30637 (58/220) | Start: 2024-12-04 14:30:00 ---
    RMSE omega (GP): 0.003594 | RMSE omega (Sim): 0.106710
    Loss: 9.5243 | Epoch: 6638
    Eq omega: -0.077541 + 0.00313theta + -0.01900omega + -0.03237theta^2 + -0.02355theta omega + 0.05465omega^2 + -0.00016theta^3 + 0.00672theta^2 omega + -0.00965theta omega^2 + -0.00867omega^3
    Eq omega Phys: -0.051658*omega**3 - 0.001917*omega**2*theta + 0.04287*omega**2 + 4.4e-5*omega*theta**2 - 0.001209*omega*theta + 0.006898*omega - 1.5e-5*theta**2 + 0.000303*theta - 0.001691

--- Chunk 30638 (59/220) | Start: 2024-12-04 14:35:00 ---
    RMSE omega (GP): 0.004779 | RMSE omega (Sim): 0.102531
    Loss: 10.1246 | Epoch: 9999
    Eq omega: -0.016711 + -0.00368theta + -0.00068omega + -0.00087theta^2 + -0.00233theta omega + -0.00093omega^2 + 0.00006theta^3 + -0.00025theta^2 omega + -0.00092theta omega^2 + 0.00106omega^3
    Eq omega Phys: 0.003918*omega**3 - 0.000113*omega**2*theta + 0.001111*omega**2 - 1.0e-6*omega*theta**2 - 1.0e-6*omega*theta + 0.000158*omega - 0.e-6*theta**2 + 8.0e-6*theta - 7.2e-5

--- Chunk 30639 (60/220) | Start: 2024-12-04 14:40:00 ---
    RMSE omega (GP): 0.007260 | RMSE omega (Sim): 0.096035
    Loss: 136.4555 | Epoch: 9999
    Eq omega: 0.007261 + -0.00858theta + 0.02478omega + -0.00243theta^2 + 0.00076theta omega + 0.00037omega^2 + -0.00030theta^3 + 0.00006theta^2 omega + 0.00013theta omega^2 + -0.00031omega^3
    Eq omega Phys: -0.005194*omega**3 + 7.3e-5*omega**2*theta - 0.001843*omega**2 + 1.0e-6*omega*theta**2 - 4.6e-5*omega*theta + 0.001225*omega + 1.4e-5*theta**2 - 0.000367*theta + 0.003198

--- Chunk 30640 (61/220) | Start: 2024-12-04 14:45:00 ---
    RMSE omega (GP): 0.002659 | RMSE omega (Sim): nan
    Loss: 8.7619 | Epoch: 4816
    Eq omega: -0.077751 + -0.17745theta + 0.03430omega + -0.02282theta^2 + 0.11946theta omega + -0.04580omega^2 + -0.28726theta^3 + -0.19743theta^2 omega + -0.02860theta omega^2 + 0.11351omega^3
    Eq omega Phys: 1.127633*omega**3 - 0.009471*omega**2*theta - 0.05201*omega**2 - 0.002179*omega*theta**2 - 0.009515*omega*theta - 0.008641*omega - 0.000106*theta**3 - 0.000874*theta**2 - 0.002603*theta - 0.002892

--- Chunk 30641 (62/220) | Start: 2024-12-04 14:50:00 ---
    RMSE omega (GP): 0.004093 | RMSE omega (Sim): 0.072700
    Loss: 8.5895 | Epoch: 9650
    Eq omega: 0.093821 + -0.03819theta + 0.12777omega + 0.00415theta^2 + -0.00608theta omega + 0.01520omega^2 + -0.00034theta^3 + -0.00019theta^2 omega + -0.00194theta omega^2 + 0.00422omega^3
    Eq omega Phys: 0.018705*omega**3 - 0.000287*omega**2*theta + 0.008324*omega**2 - 0.e-6*omega*theta**2 - 6.2e-5*omega*theta + 0.004863*omega + 3.0e-6*theta**2 - 8.6e-5*theta + 0.000808

--- Chunk 30642 (63/220) | Start: 2024-12-04 14:55:00 ---
    RMSE omega (GP): 0.005086 | RMSE omega (Sim): 0.077346
    Loss: 188.5158 | Epoch: 9999
    Eq omega: 0.008011 + -0.00036theta + -0.09763omega + 0.00256theta^2 + -0.00017theta omega + -0.01693omega^2 + -0.00000theta^3 + 0.00015theta^2 omega + 0.00005theta omega^2 + -0.00218omega^3
    Eq omega Phys: -0.097525*omega**3 + 7.5e-5*omega**2*theta - 0.022858*omega**2 + 7.0e-6*omega*theta**2 - 0.000444*omega*theta + 0.003342*omega + 3.0e-6*theta**2 - 0.000204*theta + 0.002998

--- Chunk 30643 (64/220) | Start: 2024-12-04 15:00:00 ---
    RMSE omega (GP): 0.003388 | RMSE omega (Sim): 0.071691
    Loss: 5.0164 | Epoch: 6729
    Eq omega: -0.156241 + -0.20344theta + -0.96308omega + -0.02315theta^2 + 0.35033theta omega + -0.05928omega^2 + -0.07167theta^3 + 0.08960theta^2 omega + -0.06064theta omega^2 + -0.03345omega^3
    Eq omega Phys: -0.156779*omega**3 - 0.009474*omega**2*theta - 0.049806*omega**2 + 0.000467*omega*theta**2 + 0.007214*omega*theta - 0.015636*omega - 1.2e-5*theta**3 - 0.000114*theta**2 - 0.000572*theta - 0.001416

--- Chunk 30644 (65/220) | Start: 2024-12-04 15:05:00 ---
    RMSE omega (GP): 0.003898 | RMSE omega (Sim): 0.197519
    Loss: 3.7767 | Epoch: 8599
    Eq omega: -0.030021 + -0.63059theta + 0.20715omega + 0.03367theta^2 + 0.30739theta omega + -0.03326omega^2 + -0.07470theta^3 + -0.01536theta^2 omega + -0.09922theta omega^2 + 0.01860omega^3
    Eq omega Phys: 0.057154*omega**3 - 0.010163*omega**2*theta - 0.036217*omega**2 - 5.2e-5*omega*theta**2 + 0.003015*omega*theta + 0.014824*omega - 9.0e-6*theta**3 - 5.2e-5*theta**2 - 0.000802*theta - 0.001927

--- Chunk 30645 (66/220) | Start: 2024-12-04 15:10:00 ---
    RMSE omega (GP): 0.010863 | RMSE omega (Sim): 0.048156
    Loss: 209.2809 | Epoch: 9999
    Eq omega: -0.010921 + -0.00326theta + -0.01950omega + 0.00044theta^2 + -0.00059theta omega + -0.00408omega^2 + -0.00004theta^3 + 0.00017theta^2 omega + -0.00003theta omega^2 + -0.00065omega^3
    Eq omega Phys: -0.007679*omega**3 - 1.2e-5*omega**2*theta - 0.002265*omega**2 + 2.0e-6*omega*theta**2 - 0.000124*omega*theta + 0.001052*omega + 2.0e-6*theta**2 - 5.2e-5*theta + 0.000536

--- Chunk 30646 (67/220) | Start: 2024-12-04 15:15:00 ---
    RMSE omega (GP): 0.004472 | RMSE omega (Sim): nan
    Loss: 43.6473 | Epoch: 9999
    Eq omega: 0.122771 + -0.00698theta + 0.10728omega + -0.00560theta^2 + -0.00724theta omega + 0.01713omega^2 + -0.00064theta^3 + -0.00060theta^2 omega + -0.00161theta omega^2 + 0.01469omega^3
    Eq omega Phys: 0.202814*omega**3 - 0.000741*omega**2*theta + 0.023065*omega**2 - 9.0e-6*omega*theta**2 + 0.000121*omega*theta + 0.003909*omega + 1.1e-5*theta**2 - 0.000112*theta + 0.00052

--- Chunk 30647 (68/220) | Start: 2024-12-04 15:20:00 ---
    RMSE omega (GP): 0.003071 | RMSE omega (Sim): 0.096960
    Loss: 12.7775 | Epoch: 8371
    Eq omega: -0.767091 + -0.02631theta + -0.00224omega + -0.00435theta^2 + 0.02595theta omega + -0.02839omega^2 + -0.00266theta^3 + 0.00219theta^2 omega + 0.00182theta omega^2 + -0.00785omega^3
    Eq omega Phys: -0.077461*omega**3 + 0.000599*omega**2*theta - 0.021845*omega**2 + 2.4e-5*omega*theta**2 + 5.0e-5*omega*theta - 0.002611*omega - 0.e-6*theta**3 + 2.4e-5*theta**2 - 0.00023*theta - 0.000674

--- Chunk 30648 (69/220) | Start: 2024-12-04 15:25:00 ---
    RMSE omega (GP): 0.005525 | RMSE omega (Sim): 0.068109
    Loss: 40.3789 | Epoch: 9999
    Eq omega: 0.007361 + 0.00035theta + -0.00561omega + 0.00021theta^2 + -0.01649theta omega + -0.00088omega^2 + -0.00000theta^3 + 0.00016theta^2 omega + -0.01499theta omega^2 + 0.00003omega^3
    Eq omega Phys: 0.00026*omega**3 - 0.00433*omega**2*theta + 0.072743*omega**2 + 2.0e-6*omega*theta**2 - 0.000348*omega*theta + 0.005249*omega - 4.0e-6*theta + 4.4e-5

--- Chunk 30649 (70/220) | Start: 2024-12-04 15:30:00 ---
    RMSE omega (GP): 0.003219 | RMSE omega (Sim): 0.089325
    Loss: 8.8439 | Epoch: 7187
    Eq omega: 0.031561 + -0.04387theta + 0.00169omega + 0.00406theta^2 + 0.00519theta omega + -0.01100omega^2 + -0.00073theta^3 + -0.00779theta^2 omega + 0.00180theta omega^2 + 0.00108omega^3
    Eq omega Phys: 0.007247*omega**3 + 0.000403*omega**2*theta - 0.006083*omega**2 - 5.8e-5*omega*theta**2 + 0.000336*omega*theta - 0.0004*omega + 3.0e-6*theta**2 - 6.1e-5*theta + 0.000193

--- Chunk 30650 (71/220) | Start: 2024-12-04 15:35:00 ---
    RMSE omega (GP): 0.004724 | RMSE omega (Sim): nan
    Loss: 16.0586 | Epoch: 9999
    Eq omega: -0.023351 + 0.00099theta + 0.14019omega + 0.00639theta^2 + -0.00021theta omega + -0.01184omega^2 + -0.00172theta^3 + 0.00074theta^2 omega + 0.00519theta omega^2 + 0.01635omega^3
    Eq omega Phys: 0.088043*omega**3 + 0.000932*omega**2*theta - 0.016468*omega**2 + 4.0e-6*omega*theta**2 - 0.000112*omega*theta + 0.005378*omega + 1.6e-5*theta**2 - 0.000228*theta + 0.001017

--- Chunk 30651 (72/220) | Start: 2024-12-04 15:40:00 ---
    RMSE omega (GP): 0.004894 | RMSE omega (Sim): 0.066680
    Loss: 21.7769 | Epoch: 9999
    Eq omega: -0.003291 + -0.01507theta + 0.02334omega + -0.00871theta^2 + -0.00031theta omega + -0.00420omega^2 + -0.00098theta^3 + 0.00046theta^2 omega + -0.00253theta omega^2 + -0.00977omega^3
    Eq omega Phys: -0.061175*omega**3 - 0.000528*omega**2*theta + 0.005708*omega**2 + 3.0e-6*omega*theta**2 - 9.7e-5*omega*theta + 0.001514*omega + 5.0e-6*theta**2 - 3.1e-5*theta - 4.0e-6

--- Chunk 30652 (73/220) | Start: 2024-12-04 15:45:00 ---
    RMSE omega (GP): 0.004240 | RMSE omega (Sim): 0.109413
    Loss: 16.9930 | Epoch: 9999
    Eq omega: 0.059321 + -0.00738theta + -0.02985omega + 0.03706theta^2 + -0.00103theta omega + -0.00829omega^2 + -0.00164theta^3 + -0.00045theta^2 omega + -0.00200theta omega^2 + -0.00522omega^3
    Eq omega Phys: -0.034812*omega**3 - 0.000445*omega**2*theta + 0.000554*omega**2 - 3.0e-6*omega*theta**2 + 5.1e-5*omega*theta - 0.001168*omega + 3.2e-5*theta**2 - 0.00052*theta + 0.002588

--- Chunk 30653 (74/220) | Start: 2024-12-04 15:50:00 ---
    RMSE omega (GP): 0.004093 | RMSE omega (Sim): 0.063429
    Loss: 16.5017 | Epoch: 5970
    Eq omega: 0.030641 + -0.00945theta + -0.33649omega + 0.00339theta^2 + -0.00560theta omega + -0.03111omega^2 + -0.00064theta^3 + -0.00100theta^2 omega + -0.00034theta omega^2 + -0.01362omega^3
    Eq omega Phys: -0.09897*omega**3 - 8.2e-5*omega**2*theta - 0.01435*omega**2 - 8.0e-6*omega*theta**2 + 9.7e-5*omega*theta - 0.011244*omega + 8.0e-6*theta**2 - 0.000124*theta + 0.000718

--- Chunk 30654 (75/220) | Start: 2024-12-04 15:55:00 ---
    RMSE omega (GP): 0.004133 | RMSE omega (Sim): 0.038990
    Loss: 40.1547 | Epoch: 9999
    Eq omega: 0.041161 + -0.00261theta + 0.02209omega + -0.00019theta^2 + 0.00033theta omega + 0.00150omega^2 + -0.00003theta^3 + -0.00013theta^2 omega + -0.00004theta omega^2 + 0.00045omega^3
    Eq omega Phys: 0.006775*omega**3 - 2.0e-5*omega**2*theta + 0.001399*omega**2 - 2.0e-6*omega*theta**2 + 8.1e-5*omega*theta - 4.0e-6*omega + 1.0e-6*theta**2 - 1.2e-5*theta + 0.00015

--- Chunk 30655 (76/220) | Start: 2024-12-04 16:00:00 ---
    RMSE omega (GP): 0.004185 | RMSE omega (Sim): 0.078050
    Loss: 5.9465 | Epoch: 7640
    Eq omega: -0.045001 + -0.03056theta + -0.15822omega + -0.18380theta^2 + -0.07725theta omega + 0.04081omega^2 + -0.05455theta^3 + -0.01312theta^2 omega + 0.00519theta omega^2 + -0.02206omega^3
    Eq omega Phys: -0.074417*omega**3 + 0.000584*omega**2*theta + 0.010882*omega**2 - 4.9e-5*omega*theta**2 - 0.000391*omega*theta - 0.002261*omega - 7.0e-6*theta**3 + 3.0e-5*theta**2 + 0.000152*theta - 0.000811

--- Chunk 30656 (77/220) | Start: 2024-12-04 16:05:00 ---
    RMSE omega (GP): 0.006149 | RMSE omega (Sim): 0.072693
    Loss: 12.8719 | Epoch: 9999
    Eq omega: 0.285581 + -0.03682theta + 0.02953omega + 0.00462theta^2 + -0.00019theta omega + 0.01630omega^2 + -0.00269theta^3 + 0.00057theta^2 omega + -0.00253theta omega^2 + 0.00518omega^3
    Eq omega Phys: 0.015175*omega**3 - 0.000247*omega**2*theta + 0.006725*omega**2 + 2.0e-6*omega*theta**2 - 2.6e-5*omega*theta + 0.001078*omega + 7.0e-6*theta**2 - 0.0001*theta + 0.00144

--- Chunk 30657 (78/220) | Start: 2024-12-04 16:10:00 ---
    RMSE omega (GP): 0.004186 | RMSE omega (Sim): 0.093823
    Loss: 7.9698 | Epoch: 7352
    Eq omega: 0.017171 + 0.00310theta + -0.04099omega + -0.00118theta^2 + 0.00612theta omega + -0.02623omega^2 + -0.00079theta^3 + 0.00118theta^2 omega + -0.00231theta omega^2 + -0.02042omega^3
    Eq omega Phys: -0.082461*omega**3 - 0.000311*omega**2*theta - 0.005432*omega**2 + 5.0e-6*omega*theta**2 - 6.8e-5*omega*theta - 0.001413*omega + 4.0e-6*theta**2 - 4.8e-5*theta + 0.000208

--- Chunk 30658 (79/220) | Start: 2024-12-04 16:20:00 ---
    RMSE omega (GP): 0.006713 | RMSE omega (Sim): 0.065036
    Loss: 54.4141 | Epoch: 9999
    Eq omega: 0.008951 + 0.00210theta + 0.00015omega + 0.00081theta^2 + -0.00242theta omega + -0.00529omega^2 + 0.00007theta^3 + 0.00039theta^2 omega + -0.00039theta omega^2 + -0.00363omega^3
    Eq omega Phys: -0.028966*omega**3 - 0.000104*omega**2*theta - 0.001053*omega**2 + 3.0e-6*omega*theta**2 - 0.000153*omega*theta + 0.001578*omega - 0.e-6*theta**2 + 4.0e-6*theta + 1.6e-5

--- Chunk 30659 (80/220) | Start: 2024-12-04 16:25:00 ---
    RMSE omega (GP): 0.005080 | RMSE omega (Sim): 0.074578
    Loss: 142.0096 | Epoch: 9999
    Eq omega: -0.030681 + 0.00084theta + -0.00244omega + -0.00021theta^2 + -0.00023theta omega + 0.00142omega^2 + -0.00002theta^3 + -0.00002theta^2 omega + 0.00016theta omega^2 + 0.00095omega^3
    Eq omega Phys: 0.033023*omega**3 + 0.000185*omega**2*theta - 0.003129*omega**2 - 0.e-6*omega*theta**2 + 3.1e-5*omega*theta - 0.000362*omega + 2.0e-6*theta**2 - 3.5e-5*theta + 0.000195

--- Chunk 30660 (81/220) | Start: 2024-12-04 16:30:00 ---
    RMSE omega (GP): 0.004656 | RMSE omega (Sim): 0.383254
    Loss: 8.8603 | Epoch: 7238
    Eq omega: -0.051641 + -0.13275theta + 0.12500omega + -0.01342theta^2 + 0.20149theta omega + 0.00292omega^2 + -0.02632theta^3 + 0.04741theta^2 omega + -0.00798theta omega^2 + -0.01213omega^3
    Eq omega Phys: -0.040834*omega**3 - 0.000895*omega**2*theta + 0.004249*omega**2 + 0.000177*omega*theta**2 + 0.000954*omega*theta - 0.001686*omega - 3.0e-6*theta**3 + 3.1e-5*theta**2 - 0.000242*theta + 0.000461

--- Chunk 30661 (82/220) | Start: 2024-12-04 16:35:00 ---
    RMSE omega (GP): 0.003106 | RMSE omega (Sim): 0.069981
    Loss: -256981392.0000 | Epoch: 6939
    Eq omega: -0.021031 + -0.57759theta + -0.10967omega + 0.74269theta^2 + -0.38027theta omega + 0.02971omega^2 + -1.08128theta^3 + -0.05474theta^2 omega + -0.18018theta omega^2 + -0.17007omega^3
    Eq omega Phys: -1.409382*omega**3 - 0.049772*omega**2*theta - 0.156704*omega**2 - 0.000504*omega*theta**2 - 0.010152*omega*theta - 0.032762*omega - 0.000332*theta**3 - 0.003013*theta**2 - 0.009573*theta - 0.01084

--- Chunk 30662 (83/220) | Start: 2024-12-04 16:40:00 ---
    RMSE omega (GP): nan | RMSE omega (Sim): nan
    Loss: 78272.7188 | Epoch: 5
    Eq omega: nan1 + nantheta + nanomega + nantheta^2 + nantheta omega + nanomega^2 + nantheta^3 + nantheta^2 omega + nantheta omega^2 + nanomega^3
    Eq omega Phys: N/A

--- Chunk 30663 (84/220) | Start: 2024-12-04 16:45:00 ---
    RMSE omega (GP): 0.015405 | RMSE omega (Sim): 0.051888
    Loss: 1249.0072 | Epoch: 9999
    Eq omega: -0.084071 + 0.00202theta + -0.03186omega + 0.00031theta^2 + 0.00111theta omega + -0.00222omega^2 + 0.00000theta^3 + 0.00027theta^2 omega + 0.00013theta omega^2 + -0.00020omega^3
    Eq omega Phys: -0.006936*omega**3 + 0.00015*omega**2*theta - 0.00689*omega**2 + 1.0e-5*omega*theta**2 - 0.000584*omega*theta + 0.007085*omega - 2.0e-5*theta + 0.000178

--- Chunk 30664 (85/220) | Start: 2024-12-04 16:50:00 ---
    RMSE omega (GP): nan | RMSE omega (Sim): nan
    Loss: 3579.4717 | Epoch: 1777
    Eq omega: nan1 + nantheta + nanomega + nantheta^2 + nantheta omega + nanomega^2 + nantheta^3 + nantheta^2 omega + nantheta omega^2 + nanomega^3
    Eq omega Phys: N/A

--- Chunk 30665 (86/220) | Start: 2024-12-04 16:55:00 ---
    RMSE omega (GP): 0.004056 | RMSE omega (Sim): 0.056499
    Loss: 37.9812 | Epoch: 9999
    Eq omega: 0.026231 + 0.00374theta + -0.04215omega + 0.00079theta^2 + -0.00111theta omega + -0.01453omega^2 + -0.00077theta^3 + -0.00031theta^2 omega + -0.00743theta omega^2 + -0.01078omega^3
    Eq omega Phys: -0.162446*omega**3 - 0.003732*omega**2*theta + 0.034985*omega**2 - 5.0e-6*omega*theta**2 + 0.0001*omega*theta - 0.001851*omega + 1.6e-5*theta**2 - 0.000201*theta + 0.00085

--- Chunk 30666 (87/220) | Start: 2024-12-04 17:00:00 ---
    RMSE omega (GP): 0.003255 | RMSE omega (Sim): 0.103025
    Loss: 6.6166 | Epoch: 6906
    Eq omega: 0.024561 + -0.68216theta + -0.02938omega + -1.47144theta^2 + -0.24159theta omega + 0.10945omega^2 + -0.74056theta^3 + -0.00123theta^2 omega + -0.02889theta omega^2 + -0.04113omega^3
    Eq omega Phys: -0.226991*omega**3 - 0.005315*omega**2*theta + 0.031106*omega**2 - 8.0e-6*omega*theta**2 - 0.003499*omega*theta - 0.01134*omega - 0.000151*theta**3 - 0.002055*theta**2 - 0.008971*theta - 0.012429

--- Chunk 30667 (88/220) | Start: 2024-12-04 17:05:00 ---
    RMSE omega (GP): 0.003327 | RMSE omega (Sim): 0.064124
    Loss: 18.0256 | Epoch: 7950
    Eq omega: 0.143131 + -0.01729theta + -0.12837omega + 0.00648theta^2 + 0.01174theta omega + -0.03758omega^2 + 0.00074theta^3 + -0.00121theta^2 omega + 0.00798theta omega^2 + -0.00678omega^3
    Eq omega Phys: -0.075502*omega**3 + 0.002962*omega**2*theta - 0.044197*omega**2 - 1.5e-5*omega*theta**2 + 0.000454*omega*theta - 0.006768*omega - 2.0e-6*theta**2 - 3.5e-5*theta + 0.000513

--- Chunk 30668 (89/220) | Start: 2024-12-04 17:10:00 ---
    RMSE omega (GP): 0.004444 | RMSE omega (Sim): nan
    Loss: 47.5747 | Epoch: 9999
    Eq omega: -0.011961 + 0.00883theta + 0.00167omega + -0.00310theta^2 + -0.00554theta omega + 0.02148omega^2 + -0.00003theta^3 + -0.00136theta^2 omega + -0.00232theta omega^2 + 0.02335omega^3
    Eq omega Phys: 0.355647*omega**3 - 0.001178*omega**2*theta + 0.034366*omega**2 - 2.3e-5*omega*theta**2 + 0.000613*omega*theta - 0.003842*omega - 2.0e-6*theta**2 + 7.6e-5*theta - 0.000748

--- Chunk 30669 (90/220) | Start: 2024-12-04 17:15:00 ---
    RMSE omega (GP): 0.003861 | RMSE omega (Sim): 0.070536
    Loss: 22.8817 | Epoch: 9999
    Eq omega: -0.232311 + -0.07200theta + -0.18642omega + 0.00819theta^2 + -0.05013theta omega + -0.11985omega^2 + -0.00297theta^3 + 0.04631theta^2 omega + -0.00063theta omega^2 + -0.10358omega^3
    Eq omega Phys: -1.123644*omega**3 - 0.000228*omega**2*theta - 0.069459*omega**2 + 0.000558*omega*theta**2 - 0.013801*omega*theta + 0.078641*omega - 1.0e-6*theta**3 + 4.7e-5*theta**2 - 0.000676*theta + 0.003004

--- Chunk 30670 (91/220) | Start: 2024-12-04 17:20:00 ---
    RMSE omega (GP): 0.005365 | RMSE omega (Sim): 0.105784
    Loss: 5.2481 | Epoch: 9999
    Eq omega: -0.064511 + -0.02557theta + -0.05314omega + -0.00271theta^2 + -0.00802theta omega + -0.04527omega^2 + -0.00590theta^3 + -0.00004theta^2 omega + -0.02963theta omega^2 + 0.00491omega^3
    Eq omega Phys: 0.009524*omega**3 - 0.001916*omega**2*theta + 0.016005*omega**2 - 6.6e-5*omega*theta - 0.000813*omega + 1.7e-5*theta**2 - 0.000269*theta + 0.001224

--- Chunk 30671 (92/220) | Start: 2024-12-04 17:25:00 ---
    RMSE omega (GP): 0.008939 | RMSE omega (Sim): 0.110975
    Loss: 38.6113 | Epoch: 9999
    Eq omega: -0.033151 + -0.07402theta + 0.00210omega + 0.02606theta^2 + -0.00033theta omega + -0.01170omega^2 + 0.00019theta^3 + -0.00297theta^2 omega + 0.00257theta omega^2 + -0.00475omega^3
    Eq omega Phys: -0.016169*omega**3 + 0.000292*omega**2*theta + 0.003145*omega**2 - 1.1e-5*omega*theta**2 - 0.00055*omega*theta - 0.006653*omega + 1.1e-5*theta**2 + 0.000434*theta + 0.003995

--- Chunk 30672 (93/220) | Start: 2024-12-04 17:30:00 ---
    RMSE omega (GP): 0.004930 | RMSE omega (Sim): 0.040781
    Loss: 74.8072 | Epoch: 9999
    Eq omega: -0.048711 + -0.00036theta + 0.00603omega + 0.00004theta^2 + -0.00055theta omega + 0.00097omega^2 + 0.00001theta^3 + 0.00002theta^2 omega + -0.00060theta omega^2 + 0.00051omega^3
    Eq omega Phys: 0.009759*omega**3 - 0.000383*omega**2*theta + 0.009769*omega**2 - 3.5e-5*omega*theta + 0.00078*omega + 1.0e-5*theta - 0.000131

--- Chunk 30673 (94/220) | Start: 2024-12-04 17:35:00 ---
    RMSE omega (GP): 0.004130 | RMSE omega (Sim): 0.066090
    Loss: 31.6784 | Epoch: 9999
    Eq omega: 0.008091 + 0.00019theta + 0.00357omega + 0.00003theta^2 + -0.00159theta omega + -0.01586omega^2 + 0.00005theta^3 + -0.00040theta^2 omega + -0.00056theta omega^2 + -0.00641omega^3
    Eq omega Phys: -0.072378*omega**3 - 0.000211*omega**2*theta - 0.007113*omega**2 - 5.0e-6*omega*theta**2 + 9.2e-5*omega*theta - 0.000251*omega - 0.e-6*theta**2 + 9.0e-6*theta - 2.5e-5

--- Chunk 30674 (95/220) | Start: 2024-12-04 17:40:00 ---
    RMSE omega (GP): 0.006863 | RMSE omega (Sim): 0.044351
    Loss: 113.6696 | Epoch: 9999
    Eq omega: 0.029021 + -0.00031theta + -0.00772omega + 0.00090theta^2 + -0.00086theta omega + -0.00001omega^2 + 0.00007theta^3 + -0.00002theta^2 omega + -0.00099theta omega^2 + -0.00089omega^3
    Eq omega Phys: -0.013711*omega**3 - 0.000508*omega**2*theta + 0.010104*omega**2 - 7.0e-6*omega*theta + 1.6e-5*omega - 2.0e-6*theta**2 + 1.9e-5*theta + 2.1e-5

--- Chunk 30675 (96/220) | Start: 2024-12-04 17:45:00 ---
    RMSE omega (GP): 0.005451 | RMSE omega (Sim): 0.070069
    Loss: 4.6989 | Epoch: 9999
    Eq omega: -0.072161 + -0.12708theta + -0.01063omega + -0.06788theta^2 + 0.06336theta omega + 0.02570omega^2 + -0.00748theta^3 + 0.00679theta^2 omega + -0.01038theta omega^2 + -0.02632omega^3
    Eq omega Phys: -0.049638*omega**3 - 0.000653*omega**2*theta + 0.00739*omega**2 + 1.4e-5*omega*theta**2 + 0.000488*omega*theta - 0.001093*omega - 0.e-6*theta**3 - 1.7e-5*theta**2 - 9.0e-5*theta - 0.000153

--- Chunk 30676 (97/220) | Start: 2024-12-04 17:50:00 ---
    RMSE omega (GP): 0.004919 | RMSE omega (Sim): 0.118231
    Loss: 11.3852 | Epoch: 6387
    Eq omega: -0.093161 + -0.04801theta + 0.03532omega + -0.00745theta^2 + 0.06031theta omega + -0.04986omega^2 + -0.04461theta^3 + 0.03617theta^2 omega + -0.02887theta omega^2 + -0.00238omega^3
    Eq omega Phys: -0.009341*omega**3 - 0.003777*omega**2*theta + 0.00394*omega**2 + 0.000158*omega*theta**2 - 0.001108*omega*theta + 0.002286*omega - 6.0e-6*theta**3 + 0.00011*theta**2 - 0.000677*theta + 0.0012

--- Chunk 30677 (98/220) | Start: 2024-12-04 17:55:00 ---
    RMSE omega (GP): 0.006923 | RMSE omega (Sim): 0.065581
    Loss: 19.0461 | Epoch: 9999
    Eq omega: 0.040211 + -0.04852theta + 0.02880omega + 0.02804theta^2 + -0.00383theta omega + 0.00204omega^2 + -0.00134theta^3 + 0.00039theta^2 omega + -0.00017theta omega^2 + 0.00980omega^3
    Eq omega Phys: 0.029982*omega**3 - 1.7e-5*omega**2*theta + 0.000243*omega**2 + 1.0e-6*omega*theta**2 + 2.2e-5*omega*theta + 0.000735*omega - 0.e-6*theta**2 + 0.000162*theta + 0.002406

--- Chunk 30678 (99/220) | Start: 2024-12-04 18:00:00 ---
    RMSE omega (GP): nan | RMSE omega (Sim): nan
    Loss: 391.6020 | Epoch: 3046
    Eq omega: nan1 + nantheta + nanomega + nantheta^2 + nantheta omega + nanomega^2 + nantheta^3 + nantheta^2 omega + nantheta omega^2 + nanomega^3
    Eq omega Phys: N/A

--- Chunk 30679 (100/220) | Start: 2024-12-04 18:05:00 ---
    RMSE omega (GP): 0.003945 | RMSE omega (Sim): nan
    Loss: 8.1850 | Epoch: 8574
    Eq omega: 0.206351 + 0.10052theta + 0.02877omega + -0.08653theta^2 + -0.01664theta omega + -0.03496omega^2 + -0.49084theta^3 + -0.00215theta^2 omega + 0.92225theta omega^2 + -0.08729omega^3
    Eq omega Phys: -0.429707*omega**3 + 0.151334*omega**2*theta - 0.430976*omega**2 - 1.2e-5*omega*theta**2 - 0.00016*omega*theta + 0.001489*omega - 8.9e-5*theta**3 + 0.000701*theta**2 - 0.00171*theta + 0.001833

  [Progress 100/220] Mean RMSE omega (GP): 0.005136 | (Sim): 0.087585 | Mean loss: -2568852.2885 | Valid GP: 96/100 | Valid Sim: 89/100 | Elapsed: 361.5min | ETA: 433.8min

--- Chunk 30680 (101/220) | Start: 2024-12-04 18:10:00 ---
    RMSE omega (GP): 0.005854 | RMSE omega (Sim): 0.083407
    Loss: 18.1214 | Epoch: 9999
    Eq omega: -0.054161 + -0.01111theta + -0.01306omega + 0.01627theta^2 + 0.00016theta omega + -0.01093omega^2 + -0.00212theta^3 + -0.00018theta^2 omega + -0.00159theta omega^2 + -0.00142omega^3
    Eq omega Phys: -0.005232*omega**3 - 0.000195*omega**2*theta - 0.001601*omega**2 - 0.e-6*omega*theta**2 + 1.9e-5*omega*theta - 0.000553*omega + 1.6e-5*theta**2 - 0.00027*theta + 0.001226

--- Chunk 30681 (102/220) | Start: 2024-12-04 18:15:00 ---
    RMSE omega (GP): nan | RMSE omega (Sim): nan
    Loss: 401.6214 | Epoch: 6041
    Eq omega: nan1 + nantheta + nanomega + nantheta^2 + nantheta omega + nanomega^2 + nantheta^3 + nantheta^2 omega + nantheta omega^2 + nanomega^3
    Eq omega Phys: N/A

--- Chunk 30682 (103/220) | Start: 2024-12-04 18:20:00 ---
    RMSE omega (GP): 0.004649 | RMSE omega (Sim): 0.050396
    Loss: 8.3190 | Epoch: 7779
    Eq omega: -0.057771 + -0.05060theta + -0.00635omega + -0.08315theta^2 + 0.01806theta omega + 0.07957omega^2 + -0.02990theta^3 + -0.00436theta^2 omega + 0.01158theta omega^2 + -0.01246omega^3
    Eq omega Phys: -0.041854*omega**3 + 0.001297*omega**2*theta + 0.028237*omega**2 - 1.6e-5*omega*theta**2 + 0.000161*omega*theta + 1.4e-5*omega - 4.0e-6*theta**3 - 4.5e-5*theta**2 - 0.00015*theta - 0.000317

--- Chunk 30683 (104/220) | Start: 2024-12-04 18:25:00 ---
    RMSE omega (GP): 0.003846 | RMSE omega (Sim): 0.140201
    Loss: 4.6778 | Epoch: 6364
    Eq omega: 0.077141 + -0.09888theta + -0.00272omega + 0.11891theta^2 + 0.65480theta omega + -0.00693omega^2 + -0.54781theta^3 + 0.06680theta^2 omega + 0.03885theta omega^2 + -0.00331omega^3
    Eq omega Phys: -0.01209*omega**3 + 0.00473*omega**2*theta + 0.012436*omega**2 + 0.000271*omega*theta**2 + 0.009319*omega*theta + 0.0265*omega - 7.4e-5*theta**3 - 0.000652*theta**2 - 0.002013*theta - 0.00194

--- Chunk 30684 (105/220) | Start: 2024-12-04 18:30:00 ---
    RMSE omega (GP): 0.004543 | RMSE omega (Sim): 0.063761
    Loss: 14.6364 | Epoch: 8751
    Eq omega: -0.020191 + 0.00870theta + 0.00847omega + 0.02603theta^2 + 0.02600theta omega + -0.00513omega^2 + -0.00323theta^3 + -0.00370theta^2 omega + -0.00525theta omega^2 + 0.00832omega^3
    Eq omega Phys: 0.04446*omega**3 - 0.000935*omega**2*theta - 0.013744*omega**2 - 2.2e-5*omega*theta**2 - 0.000178*omega*theta + 0.001443*omega - 0.e-6*theta**3 - 1.2e-5*theta**2 + 1.8e-5*theta + 0.000724

--- Chunk 30685 (106/220) | Start: 2024-12-04 18:35:00 ---
    RMSE omega (GP): 0.002983 | RMSE omega (Sim): 0.097738
    Loss: 3.1552 | Epoch: 4068
    Eq omega: 0.012321 + -0.09794theta + 0.01009omega + 0.95537theta^2 + 0.01066theta omega + -0.04827omega^2 + -3.03834theta^3 + 0.16879theta^2 omega + 0.18620theta omega^2 + -0.07371omega^3
    Eq omega Phys: -0.307169*omega**3 + 0.025865*omega**2*theta - 0.015958*omega**2 + 0.000782*omega*theta**2 + 0.000255*omega*theta + 0.000352*omega - 0.000469*theta**3 + 0.000285*theta**2 - 5.5e-5*theta + 3.0e-5

--- Chunk 30686 (107/220) | Start: 2024-12-04 18:40:00 ---
    RMSE omega (GP): 0.002885 | RMSE omega (Sim): nan
    Loss: 9.9229 | Epoch: 6913
    Eq omega: 0.115431 + -0.17168theta + 0.00461omega + -0.14011theta^2 + 0.12582theta omega + 0.07595omega^2 + -0.03983theta^3 + 0.00807theta^2 omega + 0.00444theta omega^2 + 0.07284omega^3
    Eq omega Phys: 0.623363*omega**3 + 0.001267*omega**2*theta + 0.031829*omega**2 + 7.7e-5*omega*theta**2 + 0.001181*omega*theta - 0.011646*omega - 1.3e-5*theta**3 + 0.000178*theta**2 - 0.000846*theta + 0.001743

--- Chunk 30687 (108/220) | Start: 2024-12-04 18:45:00 ---
    RMSE omega (GP): 0.003668 | RMSE omega (Sim): 0.142681
    Loss: 5.2058 | Epoch: 9062
    Eq omega: -0.032381 + -0.51436theta + 0.01364omega + 0.19546theta^2 + -0.01022theta omega + -0.04506omega^2 + 0.00282theta^3 + 0.01519theta^2 omega + -0.01591theta omega^2 + -0.07009omega^3
    Eq omega Phys: -0.287931*omega**3 - 0.002179*omega**2*theta - 0.011417*omega**2 + 6.9e-5*omega*theta**2 - 0.000461*omega*theta + 0.001163*omega + 7.7e-5*theta**2 - 0.000952*theta + 0.001744

--- Chunk 30688 (109/220) | Start: 2024-12-04 18:50:00 ---
    RMSE omega (GP): 0.003695 | RMSE omega (Sim): 0.043655
    Loss: 2.1249 | Epoch: 9999
    Eq omega: -0.043231 + -0.03739theta + 0.01058omega + -0.03754theta^2 + 0.04053theta omega + 0.04505omega^2 + -0.03389theta^3 + -0.00878theta^2 omega + 0.03121theta omega^2 + 0.00797omega^3
    Eq omega Phys: 0.02217*omega**3 + 0.002894*omega**2*theta + 0.001717*omega**2 - 2.7e-5*omega*theta**2 + 0.000636*omega*theta - 0.00182*omega - 3.0e-6*theta**3 + 3.1e-5*theta**2 - 0.000116*theta + 4.5e-5

--- Chunk 30689 (110/220) | Start: 2024-12-04 18:55:00 ---
    RMSE omega (GP): 0.003534 | RMSE omega (Sim): nan
    Loss: 7.3807 | Epoch: 8026
    Eq omega: 0.357801 + 0.11542theta + 0.07393omega + 0.03325theta^2 + 0.02275theta omega + -0.06058omega^2 + -0.12529theta^3 + -0.02037theta^2 omega + 0.39325theta omega^2 + -0.16862omega^3
    Eq omega Phys: -0.961444*omega**3 + 0.074742*omega**2*theta - 0.249763*omega**2 - 0.000129*omega*theta**2 + 0.001102*omega*theta + 0.000324*omega - 2.6e-5*theta**3 + 0.000253*theta**2 - 0.000677*theta + 0.001379

--- Chunk 30690 (111/220) | Start: 2024-12-04 19:00:00 ---
    RMSE omega (GP): 0.004735 | RMSE omega (Sim): 0.042664
    Loss: 12.4382 | Epoch: 9999
    Eq omega: -0.047661 + -0.03002theta + 0.00164omega + -0.00702theta^2 + -0.01194theta omega + 0.08388omega^2 + -0.01496theta^3 + 0.00100theta^2 omega + -0.00995theta omega^2 + -0.02866omega^3
    Eq omega Phys: -0.130433*omega**3 - 0.001509*omega**2*theta + 0.024069*omega**2 + 5.0e-6*omega*theta**2 - 9.7e-5*omega*theta - 0.000664*omega - 3.0e-6*theta**3 - 4.6e-5*theta**2 - 0.000314*theta - 0.000891

--- Chunk 30691 (112/220) | Start: 2024-12-04 19:05:00 ---
    RMSE omega (GP): nan | RMSE omega (Sim): nan
    Loss: 94791.9844 | Epoch: 5
    Eq omega: nan1 + nantheta + nanomega + nantheta^2 + nantheta omega + nanomega^2 + nantheta^3 + nantheta^2 omega + nantheta omega^2 + nanomega^3
    Eq omega Phys: N/A

--- Chunk 30692 (113/220) | Start: 2024-12-04 19:10:00 ---
    RMSE omega (GP): 0.009454 | RMSE omega (Sim): 0.042945
    Loss: 156.1469 | Epoch: 9999
    Eq omega: -0.011671 + -0.01075theta + 0.00402omega + -0.00086theta^2 + 0.00653theta omega + -0.00047omega^2 + -0.00003theta^3 + 0.00011theta^2 omega + -0.00073theta omega^2 + -0.00038omega^3
    Eq omega Phys: -0.004351*omega**3 - 0.000279*omega**2*theta - 0.007034*omega**2 + 1.0e-6*omega*theta**2 + 0.000202*omega*theta + 0.004209*omega - 2.0e-6*theta**2 - 6.3e-5*theta - 0.000836

--- Chunk 30693 (114/220) | Start: 2024-12-04 19:15:00 ---
    RMSE omega (GP): 0.004133 | RMSE omega (Sim): 0.220610
    Loss: 8.9673 | Epoch: 9684
    Eq omega: 0.282401 + -0.17841theta + 0.19413omega + 0.02256theta^2 + -0.00989theta omega + 0.02709omega^2 + -0.00342theta^3 + 0.00208theta^2 omega + -0.02591theta omega^2 + -0.00147omega^3
    Eq omega Phys: -0.006611*omega**3 - 0.003884*omega**2*theta + 0.028733*omega**2 + 1.0e-5*omega*theta**2 - 0.000225*omega*theta + 0.0073*omega - 0.e-6*theta**3 + 1.8e-5*theta**2 - 0.000327*theta + 0.002015

--- Chunk 30694 (115/220) | Start: 2024-12-04 19:20:00 ---
    RMSE omega (GP): 0.003940 | RMSE omega (Sim): 0.075558
    Loss: 4.1934 | Epoch: 6216
    Eq omega: -0.137631 + 0.00421theta + -0.06768omega + 0.00097theta^2 + 0.59593theta omega + -0.08409omega^2 + -0.12115theta^3 + -0.00102theta^2 omega + 0.01916theta omega^2 + -0.09925omega^3
    Eq omega Phys: -0.338334*omega**3 + 0.002177*omega**2*theta - 0.027563*omega**2 - 4.0e-6*omega*theta**2 + 0.006693*omega*theta + 0.000151*omega - 1.5e-5*theta**3 - 1.6e-5*theta**2 - 0.e-6*theta - 0.000453

--- Chunk 30695 (116/220) | Start: 2024-12-04 19:25:00 ---
    RMSE omega (GP): 0.003574 | RMSE omega (Sim): 0.068831
    Loss: 21.0408 | Epoch: 9999
    Eq omega: 0.037841 + 0.00301theta + -0.23938omega + 0.00163theta^2 + -0.02690theta omega + -0.06809omega^2 + -0.00080theta^3 + 0.00161theta^2 omega + -0.02814theta omega^2 + -0.01641omega^3
    Eq omega Phys: -0.178901*omega**3 - 0.010226*omega**2*theta + 0.027072*omega**2 + 2.0e-5*omega*theta**2 - 0.0008*omega*theta - 0.003513*omega + 8.0e-6*theta**2 - 5.4e-5*theta + 0.000191

--- Chunk 30696 (117/220) | Start: 2024-12-04 19:30:00 ---
    RMSE omega (GP): 0.004953 | RMSE omega (Sim): 0.103868
    Loss: 10.9150 | Epoch: 9999
    Eq omega: -0.037171 + -0.02887theta + 0.08943omega + 0.01395theta^2 + -0.06092theta omega + -0.05111omega^2 + 0.00026theta^3 + 0.00470theta^2 omega + -0.00182theta omega^2 + -0.01071omega^3
    Eq omega Phys: -0.039699*omega**3 - 0.000225*omega**2*theta - 0.016968*omega**2 + 1.9e-5*omega*theta**2 - 0.000886*omega*theta + 0.006528*omega + 5.0e-6*theta**2 - 7.8e-5*theta + 0.000129

--- Chunk 30697 (118/220) | Start: 2024-12-04 19:35:00 ---
    RMSE omega (GP): 0.003883 | RMSE omega (Sim): 0.084856
    Loss: 3.3484 | Epoch: 7343
    Eq omega: -0.059641 + -0.28510theta + -0.09274omega + -0.13064theta^2 + -0.03977theta omega + -0.03460omega^2 + -0.01513theta^3 + 0.00637theta^2 omega + -0.00961theta omega^2 + -0.02310omega^3
    Eq omega Phys: -0.073593*omega**3 - 0.001021*omega**2*theta - 0.006937*omega**2 + 2.3e-5*omega*theta**2 - 0.000624*omega*theta - 0.000847*omega - 2.0e-6*theta**3 - 2.5e-5*theta**2 - 1.1e-5*theta + 0.000426

--- Chunk 30698 (119/220) | Start: 2024-12-04 19:40:00 ---
    RMSE omega (GP): 0.002580 | RMSE omega (Sim): 0.067683
    Loss: 3.9912 | Epoch: 6146
    Eq omega: 0.357851 + -1.04380theta + -0.06695omega + 0.56807theta^2 + 0.06314theta omega + 0.04988omega^2 + -0.72940theta^3 + -0.30129theta^2 omega + -0.22064theta omega^2 + -0.03526omega^3
    Eq omega Phys: -0.220887*omega**3 - 0.046073*omega**2*theta - 0.126866*omega**2 - 0.002097*omega*theta**2 - 0.012663*omega*theta - 0.021235*omega - 0.000169*theta**3 - 0.001361*theta**2 - 0.004643*theta - 0.005654

--- Chunk 30699 (120/220) | Start: 2024-12-04 19:45:00 ---
    RMSE omega (GP): 0.003432 | RMSE omega (Sim): 0.142272
    Loss: 10.7954 | Epoch: 7765
    Eq omega: -0.139751 + -0.01018theta + -0.02065omega + -0.10495theta^2 + 0.02753theta omega + -0.01887omega^2 + -0.06303theta^3 + 0.01164theta^2 omega + 0.02101theta omega^2 + 0.04366omega^3
    Eq omega Phys: 0.317366*omega**3 + 0.005091*omega**2*theta - 0.04896*omega**2 + 9.4e-5*omega*theta**2 - 0.001014*omega*theta + 0.001501*omega - 1.7e-5*theta**3 + 0.000339*theta**2 - 0.002208*theta + 0.004317

--- Chunk 30700 (121/220) | Start: 2024-12-04 19:50:00 ---
    RMSE omega (GP): 0.003589 | RMSE omega (Sim): 0.172504
    Loss: 6.3547 | Epoch: 7374
    Eq omega: 0.170221 + -0.09367theta + -0.04623omega + 0.00133theta^2 + 0.01668theta omega + 0.06487omega^2 + -0.03356theta^3 + -0.01743theta^2 omega + 0.04287theta omega^2 + -0.00593omega^3
    Eq omega Phys: -0.027622*omega**3 + 0.006656*omega**2*theta - 0.030187*omega**2 - 9.0e-5*omega*theta**2 + 0.00173*omega*theta - 0.009704*omega - 6.0e-6*theta**3 + 0.000146*theta**2 - 0.001332*theta + 0.004794

--- Chunk 30701 (122/220) | Start: 2024-12-04 19:55:00 ---
    RMSE omega (GP): 0.003163 | RMSE omega (Sim): 0.130330
    Loss: 4.3716 | Epoch: 5514
    Eq omega: -0.104721 + -0.49933theta + -0.02033omega + -0.16678theta^2 + 0.01771theta omega + 0.00550omega^2 + -0.61615theta^3 + 0.03878theta^2 omega + 0.05781theta omega^2 + 0.00700omega^3
    Eq omega Phys: 0.034724*omega**3 + 0.009559*omega**2*theta + 0.005046*omega**2 + 0.000214*omega*theta**2 + 0.000366*omega*theta - 0.000589*omega - 0.000113*theta**3 - 0.000175*theta**2 - 0.000628*theta - 0.000459

--- Chunk 30702 (123/220) | Start: 2024-12-04 20:00:00 ---
    RMSE omega (GP): 0.003823 | RMSE omega (Sim): 0.050250
    Loss: -299881760.0000 | Epoch: 6025
    Eq omega: -0.022071 + -0.21642theta + -0.10997omega + -0.02623theta^2 + -0.06949theta omega + -0.00281omega^2 + -0.27147theta^3 + -0.08348theta^2 omega + 0.03628theta omega^2 + -0.05029omega^3
    Eq omega Phys: -0.278247*omega**3 + 0.006691*omega**2*theta + 0.011302*omega**2 - 0.000513*omega*theta**2 - 0.002914*omega*theta - 0.007319*omega - 5.6e-5*theta**3 - 0.000325*theta**2 - 0.000871*theta - 0.000914

--- Chunk 30703 (124/220) | Start: 2024-12-04 20:05:00 ---
    RMSE omega (GP): 0.003457 | RMSE omega (Sim): 0.130755
    Loss: 9.1259 | Epoch: 7998
    Eq omega: 0.086021 + -0.11898theta + 0.02294omega + -0.00379theta^2 + -0.03367theta omega + 0.04380omega^2 + -0.03723theta^3 + -0.00669theta^2 omega + -0.07748theta omega^2 + 0.02431omega^3
    Eq omega Phys: 0.163614*omega**3 - 0.017382*omega**2*theta + 0.104035*omega**2 - 5.0e-5*omega*theta**2 - 5.2e-5*omega*theta + 0.002163*omega - 9.0e-6*theta**3 + 0.000131*theta**2 - 0.000752*theta + 0.00181

--- Chunk 30704 (125/220) | Start: 2024-12-04 20:10:00 ---
    RMSE omega (GP): 0.002117 | RMSE omega (Sim): 0.164505
    Loss: 4.9877 | Epoch: 6230
    Eq omega: 0.299321 + -0.10452theta + 0.29988omega + -0.32526theta^2 + 0.23356theta omega + 0.20493omega^2 + -2.06396theta^3 + -0.12946theta^2 omega + 0.19878theta omega^2 + -0.00115omega^3
    Eq omega Phys: -0.011843*omega**3 + 0.068238*omega**2*theta + 0.012292*omega**2 - 0.001481*omega*theta**2 + 0.009241*omega*theta - 0.000904*omega - 0.000787*theta**3 + 0.003518*theta**2 - 0.005339*theta + 0.003325

--- Chunk 30705 (126/220) | Start: 2024-12-04 20:15:00 ---
    RMSE omega (GP): 0.005229 | RMSE omega (Sim): 0.052430
    Loss: 37.7422 | Epoch: 9999
    Eq omega: 0.001901 + -0.03119theta + 0.03124omega + -0.00598theta^2 + 0.00889theta omega + -0.02851omega^2 + -0.00324theta^3 + 0.00334theta^2 omega + -0.00097theta omega^2 + -0.01139omega^3
    Eq omega Phys: -0.107655*omega**3 - 0.000306*omega**2*theta - 0.013046*omega**2 + 3.5e-5*omega*theta**2 - 0.000512*omega*theta + 0.002715*omega - 1.0e-6*theta**3 + 2.9e-5*theta**2 - 0.000281*theta + 0.001017

--- Chunk 30706 (127/220) | Start: 2024-12-04 20:20:00 ---
    RMSE omega (GP): 0.003309 | RMSE omega (Sim): 0.254989
    Loss: 7.6831 | Epoch: 5363
    Eq omega: -0.563681 + -0.45642theta + 0.10071omega + 0.17778theta^2 + 0.02321theta omega + -0.00572omega^2 + -0.04474theta^3 + 0.20116theta^2 omega + 0.00993theta omega^2 + -0.03227omega^3
    Eq omega Phys: -0.182323*omega**3 + 0.00187*omega**2*theta - 0.00722*omega**2 + 0.001263*omega*theta**2 - 0.006062*omega*theta + 0.01061*omega - 9.0e-6*theta**3 + 0.000157*theta**2 - 0.001122*theta + 0.000544

--- Chunk 30707 (128/220) | Start: 2024-12-04 20:25:00 ---
    RMSE omega (GP): 0.013840 | RMSE omega (Sim): 0.033349
    Loss: 63.7304 | Epoch: 9999
    Eq omega: -0.120691 + -0.03708theta + -0.01211omega + -0.00180theta^2 + -0.03068theta omega + -0.00597omega^2 + -0.00322theta^3 + -0.00039theta^2 omega + 0.00302theta omega^2 + 0.00944omega^3
    Eq omega Phys: 0.021947*omega**3 + 0.000234*omega**2*theta + 0.002454*omega**2 - 1.0e-6*omega*theta**2 - 0.00032*omega*theta - 0.005722*omega - 1.5e-5*theta**2 - 0.000318*theta - 0.002887

--- Chunk 30708 (129/220) | Start: 2024-12-04 20:30:00 ---
    RMSE omega (GP): 0.006133 | RMSE omega (Sim): 0.081743
    Loss: 36.1151 | Epoch: 9999
    Eq omega: 0.007031 + 0.00120theta + -0.00643omega + -0.00004theta^2 + 0.00037theta omega + 0.00455omega^2 + -0.00024theta^3 + 0.00012theta^2 omega + -0.00004theta omega^2 + -0.00179omega^3
    Eq omega Phys: -0.011698*omega**3 - 9.0e-6*omega**2*theta + 0.001927*omega**2 + 1.0e-6*omega*theta**2 + 4.5e-5*omega*theta + 0.000361*omega - 4.0e-6*theta**2 - 8.9e-5*theta - 0.000635

--- Chunk 30709 (130/220) | Start: 2024-12-04 20:35:00 ---
    RMSE omega (GP): 0.004815 | RMSE omega (Sim): 0.038027
    Loss: 18.0439 | Epoch: 9999
    Eq omega: 0.159851 + -0.03786theta + -0.00588omega + 0.00110theta^2 + 0.00073theta omega + 0.02640omega^2 + -0.00058theta^3 + 0.00029theta^2 omega + -0.00164theta omega^2 + -0.00375omega^3
    Eq omega Phys: -0.022036*omega**3 - 0.000321*omega**2*theta + 0.004237*omega**2 + 2.0e-6*omega*theta**2 + 9.9e-5*omega*theta + 0.001071*omega - 8.0e-6*theta**2 - 0.000221*theta - 0.001856

--- Chunk 30710 (131/220) | Start: 2024-12-04 20:40:00 ---
    RMSE omega (GP): 0.005107 | RMSE omega (Sim): 0.067866
    Loss: 47.1757 | Epoch: 9999
    Eq omega: 0.099931 + -0.05079theta + 0.04199omega + -0.00121theta^2 + -0.01121theta omega + -0.09299omega^2 + -0.00064theta^3 + 0.00903theta^2 omega + -0.00720theta omega^2 + -0.05251omega^3
    Eq omega Phys: -0.617609*omega**3 - 0.002823*omega**2*theta - 0.022718*omega**2 + 0.000118*omega*theta**2 - 0.003203*omega*theta + 0.023015*omega + 1.0e-5*theta**2 - 0.000168*theta + 0.001309

--- Chunk 30711 (132/220) | Start: 2024-12-04 20:45:00 ---
    RMSE omega (GP): 0.005687 | RMSE omega (Sim): 0.107865
    Loss: 94.8481 | Epoch: 9999
    Eq omega: 0.032831 + -0.00354theta + -0.02625omega + -0.00223theta^2 + -0.00098theta omega + 0.00137omega^2 + -0.00048theta^3 + 0.00012theta^2 omega + 0.00038theta omega^2 + 0.00115omega^3
    Eq omega Phys: 0.021486*omega**3 + 0.000237*omega**2*theta + 0.006399*omega**2 + 2.0e-6*omega*theta**2 + 8.6e-5*omega*theta - 0.000197*omega - 2.4e-5*theta**2 - 0.000595*theta - 0.004797

--- Chunk 30712 (133/220) | Start: 2024-12-04 20:50:00 ---
    RMSE omega (GP): 0.003837 | RMSE omega (Sim): nan
    Loss: 14.4152 | Epoch: 6695
    Eq omega: -0.015841 + -0.05735theta + 0.05493omega + 0.01723theta^2 + 0.04758theta omega + 0.06231omega^2 + -0.01474theta^3 + -0.00094theta^2 omega + -0.07195theta omega^2 + 0.06536omega^3
    Eq omega Phys: 0.496546*omega**3 - 0.01822*omega**2*theta + 0.132478*omega**2 - 8.0e-6*omega*theta**2 + 0.000886*omega*theta - 0.002843*omega - 4.0e-6*theta**3 + 7.9e-5*theta**2 - 0.000554*theta + 0.001324

--- Chunk 30713 (134/220) | Start: 2024-12-04 20:55:00 ---
    RMSE omega (GP): 0.007238 | RMSE omega (Sim): 0.036524
    Loss: 201.8296 | Epoch: 9999
    Eq omega: 0.005361 + -0.00168theta + -0.01562omega + -0.00122theta^2 + 0.00022theta omega + 0.00405omega^2 + -0.00007theta^3 + 0.00010theta^2 omega + 0.00010theta omega^2 + -0.00125omega^3
    Eq omega Phys: -0.031572*omega**3 + 8.4e-5*omega**2*theta + 0.005909*omega**2 + 3.0e-6*omega*theta**2 + 0.000153*omega*theta + 0.001558*omega - 6.0e-6*theta**2 - 0.0002*theta - 0.002042

--- Chunk 30714 (135/220) | Start: 2024-12-04 21:00:00 ---
    RMSE omega (GP): 0.004256 | RMSE omega (Sim): 0.072169
    Loss: 1.8709 | Epoch: 7817
    Eq omega: 0.058741 + -0.03754theta + 0.00065omega + 0.02357theta^2 + 0.00199theta omega + -0.00175omega^2 + 0.00009theta^3 + 0.00080theta^2 omega + -0.00313theta omega^2 + -0.00123omega^3
    Eq omega Phys: -0.002606*omega**3 - 0.000221*omega**2*theta - 0.001061*omega**2 + 2.0e-6*omega*theta**2 + 2.8e-5*omega*theta + 8.3e-5*omega + 7.0e-6*theta**2 - 4.0e-6*theta + 0.000184

--- Chunk 30715 (136/220) | Start: 2024-12-04 21:05:00 ---
    RMSE omega (GP): 0.006645 | RMSE omega (Sim): 0.054790
    Loss: 28.3451 | Epoch: 9999
    Eq omega: -0.023241 + -0.00239theta + -0.02724omega + -0.00065theta^2 + -0.00490theta omega + -0.00612omega^2 + -0.00040theta^3 + -0.00009theta^2 omega + -0.00044theta omega^2 + -0.00177omega^3
    Eq omega Phys: -0.008363*omega**3 - 6.9e-5*omega**2*theta - 0.000477*omega**2 - 3.8e-5*omega*theta + 0.000543*omega + 6.0e-6*theta**2 - 0.000153*theta + 0.001346

--- Chunk 30716 (137/220) | Start: 2024-12-04 21:10:00 ---
    RMSE omega (GP): 0.003242 | RMSE omega (Sim): 0.100643
    Loss: 3.3545 | Epoch: 7034
    Eq omega: -0.054871 + -0.21423theta + -0.03458omega + 0.00587theta^2 + 0.04268theta omega + -0.03476omega^2 + -0.04805theta^3 + -0.00264theta^2 omega + -0.06141theta omega^2 + 0.00702omega^3
    Eq omega Phys: 0.02869*omega**3 - 0.008366*omega**2*theta - 0.021296*omega**2 - 1.2e-5*omega*theta**2 + 0.000501*omega*theta - 0.000634*omega - 7.0e-6*theta**3 - 2.0e-5*theta**2 - 0.000256*theta - 0.000411

--- Chunk 30717 (138/220) | Start: 2024-12-04 21:15:00 ---
    RMSE omega (GP): 0.004712 | RMSE omega (Sim): 0.317368
    Loss: 8.9651 | Epoch: 9999
    Eq omega: 0.338271 + -0.02388theta + 0.00531omega + -0.12884theta^2 + 0.32706theta omega + 0.03861omega^2 + -0.09415theta^3 + -0.00885theta^2 omega + -0.00523theta omega^2 + 0.01509omega^3
    Eq omega Phys: 0.05141*omega**3 - 0.000594*omega**2*theta + 0.019687*omega**2 - 3.4e-5*omega*theta**2 + 0.004427*omega*theta - 0.04535*omega - 1.2e-5*theta**3 + 0.000352*theta**2 - 0.003445*theta + 0.012189

--- Chunk 30718 (139/220) | Start: 2024-12-04 21:20:00 ---
    RMSE omega (GP): 0.004166 | RMSE omega (Sim): nan
    Loss: -45303212.0000 | Epoch: 7379
    Eq omega: -0.198241 + -0.40058theta + 0.27155omega + 0.23584theta^2 + -0.45836theta omega + -0.63829omega^2 + -1.06173theta^3 + 0.78281theta^2 omega + 0.27659theta omega^2 + 0.01584omega^3
    Eq omega Phys: 0.061421*omega**3 + 0.03575*omega**2*theta - 0.344516*omega**2 + 0.003373*omega*theta**2 - 0.027199*omega*theta + 0.061652*omega - 0.000152*theta**3 + 0.001566*theta**2 - 0.005788*theta + 0.006876

--- Chunk 30719 (140/220) | Start: 2024-12-04 21:25:00 ---
    RMSE omega (GP): 0.007702 | RMSE omega (Sim): 0.039381
    Loss: 156.7315 | Epoch: 9999
    Eq omega: -0.024541 + -0.00729theta + 0.02773omega + 0.00076theta^2 + 0.00155theta omega + -0.00309omega^2 + -0.00001theta^3 + -0.00026theta^2 omega + -0.00051theta omega^2 + 0.00037omega^3
    Eq omega Phys: 0.006271*omega**3 - 0.000288*omega**2*theta - 0.010246*omega**2 - 5.0e-6*omega*theta**2 - 0.00023*omega*theta - 0.001711*omega + 1.3e-5*theta + 9.0e-5

--- Chunk 30720 (141/220) | Start: 2024-12-04 21:30:00 ---
    RMSE omega (GP): 0.004760 | RMSE omega (Sim): 0.086099
    Loss: 8.7577 | Epoch: 9165
    Eq omega: 0.013301 + -0.01857theta + 0.01062omega + 0.00072theta^2 + 0.03629theta omega + 0.00263omega^2 + -0.00514theta^3 + 0.00184theta^2 omega + -0.01030theta omega^2 + -0.01771omega^3
    Eq omega Phys: -0.060843*omega**3 - 0.00118*omega**2*theta - 0.014537*omega**2 + 7.0e-6*omega*theta**2 + 0.000593*omega*theta + 0.006909*omega - 0.e-6*theta**3 - 2.5e-5*theta**2 - 0.000349*theta - 0.001643

--- Chunk 30721 (142/220) | Start: 2024-12-04 21:35:00 ---
    RMSE omega (GP): 0.003645 | RMSE omega (Sim): 0.065102
    Loss: 16.2188 | Epoch: 6995
    Eq omega: -0.000351 + 0.01539theta + -0.08649omega + 0.02258theta^2 + 0.02913theta omega + 0.00430omega^2 + -0.00902theta^3 + -0.01661theta^2 omega + -0.01858theta omega^2 + -0.10926omega^3
    Eq omega Phys: -0.939753*omega**3 - 0.005327*omega**2*theta + 0.020872*omega**2 - 0.000159*omega*theta**2 + 0.001627*omega*theta - 0.006624*omega - 3.0e-6*theta**3 + 4.3e-5*theta**2 - 0.000181*theta + 0.000225

--- Chunk 30722 (143/220) | Start: 2024-12-04 21:40:00 ---
    RMSE omega (GP): 0.004917 | RMSE omega (Sim): 0.080079
    Loss: 4.2249 | Epoch: 8535
    Eq omega: 0.043091 + -0.03305theta + -0.06326omega + -0.09458theta^2 + 0.03290theta omega + -0.03398omega^2 + -0.18863theta^3 + -0.04438theta^2 omega + 0.09438theta omega^2 + 0.03259omega^3
    Eq omega Phys: 0.076954*omega**3 + 0.007429*omega**2*theta - 0.054668*omega**2 - 0.000116*omega*theta**2 + 0.001723*omega*theta - 0.008276*omega - 1.6e-5*theta**3 + 0.000271*theta**2 - 0.001505*theta + 0.003005

--- Chunk 30723 (144/220) | Start: 2024-12-04 21:45:00 ---
    RMSE omega (GP): 0.003805 | RMSE omega (Sim): 0.108990
    Loss: 1.5792 | Epoch: 9029
    Eq omega: -0.061561 + 0.03765theta + 0.05262omega + 0.00501theta^2 + 0.20756theta omega + 0.02260omega^2 + -0.41476theta^3 + 0.06041theta^2 omega + 0.66273theta omega^2 + -0.10188omega^3
    Eq omega Phys: -0.257087*omega**3 + 0.055745*omega**2*theta - 0.157169*omega**2 + 0.000169*omega*theta**2 + 0.001012*omega*theta - 0.002678*omega - 3.9e-5*theta**3 + 0.000343*theta**2 - 0.000971*theta + 0.000637

--- Chunk 30724 (145/220) | Start: 2024-12-04 21:50:00 ---
    RMSE omega (GP): 0.004498 | RMSE omega (Sim): 0.102584
    Loss: 6.9754 | Epoch: 7538
    Eq omega: 0.090761 + -0.24880theta + 0.00023omega + 0.01307theta^2 + -0.21878theta omega + 0.00125omega^2 + -0.01629theta^3 + -0.03526theta^2 omega + -0.06523theta omega^2 + -0.00394omega^3
    Eq omega Phys: -0.012878*omega**3 - 0.007107*omega**2*theta - 0.060311*omega**2 - 0.000128*omega*theta**2 - 0.004595*omega*theta - 0.029908*omega - 2.0e-6*theta**3 - 4.6e-5*theta**2 - 0.000626*theta - 0.002937

--- Chunk 30725 (146/220) | Start: 2024-12-04 21:55:00 ---
    RMSE omega (GP): 0.007816 | RMSE omega (Sim): 0.077674
    Loss: 145.1917 | Epoch: 9999
    Eq omega: -0.018021 + -0.00133theta + -0.01392omega + -0.00878theta^2 + -0.00405theta omega + 0.00515omega^2 + -0.00108theta^3 + -0.00079theta^2 omega + 0.00811theta omega^2 + -0.00006omega^3
    Eq omega Phys: -0.000925*omega**3 + 0.004167*omega**2*theta + 0.082315*omega**2 - 1.4e-5*omega*theta**2 - 0.000607*omega*theta - 0.007107*omega - 0.e-6*theta**3 - 4.2e-5*theta**2 - 0.000924*theta - 0.006688

--- Chunk 30726 (147/220) | Start: 2024-12-04 22:00:00 ---
    RMSE omega (GP): 0.004052 | RMSE omega (Sim): 0.086655
    Loss: 53.0472 | Epoch: 9242
    Eq omega: -0.091781 + -0.00050theta + 0.02825omega + -0.00170theta^2 + 0.00068theta omega + 0.00264omega^2 + -0.00010theta^3 + 0.00038theta^2 omega + -0.00054theta omega^2 + -0.00064omega^3
    Eq omega Phys: -0.013751*omega**3 - 0.000387*omega**2*theta - 0.00475*omega**2 + 9.0e-6*omega*theta**2 + 0.000347*omega*theta + 0.004247*omega - 6.0e-6*theta**2 - 0.000136*theta - 0.001121

--- Chunk 30727 (148/220) | Start: 2024-12-04 22:05:00 ---
    RMSE omega (GP): nan | RMSE omega (Sim): nan
    Loss: 25689.9414 | Epoch: 5
    Eq omega: nan1 + nantheta + nanomega + nantheta^2 + nantheta omega + nanomega^2 + nantheta^3 + nantheta^2 omega + nantheta omega^2 + nanomega^3
    Eq omega Phys: N/A

--- Chunk 30728 (149/220) | Start: 2024-12-04 22:10:00 ---
    RMSE omega (GP): 0.007123 | RMSE omega (Sim): 0.062263
    Loss: 62.8415 | Epoch: 9999
    Eq omega: 0.033471 + -0.00510theta + -0.02102omega + 0.00008theta^2 + 0.00842theta omega + -0.00282omega^2 + -0.00000theta^3 + -0.00003theta^2 omega + -0.00168theta omega^2 + -0.00048omega^3
    Eq omega Phys: -0.003941*omega**3 - 0.00046*omega**2*theta - 0.013152*omega**2 + 0.000133*omega*theta + 0.002852*omega - 3.0e-6*theta - 4.3e-5

--- Chunk 30729 (150/220) | Start: 2024-12-04 22:15:00 ---
    RMSE omega (GP): 0.003510 | RMSE omega (Sim): 0.112903
    Loss: -45306284.0000 | Epoch: 5891
    Eq omega: -0.014311 + -0.37444theta + 0.05219omega + 0.28505theta^2 + -0.03775theta omega + -0.28862omega^2 + -0.62718theta^3 + 0.25137theta^2 omega + 0.11635theta omega^2 + -0.24456omega^3
    Eq omega Phys: -1.116484*omega**3 + 0.017706*omega**2*theta - 0.184536*omega**2 + 0.001275*omega*theta**2 - 0.010853*omega*theta + 0.024788*omega - 0.000106*theta**3 + 0.001416*theta**2 - 0.006673*theta + 0.010805

  [Progress 150/220] Mean RMSE omega (GP): 0.005004 | (Sim): 0.090561 | Mean loss: -4315028.3427 | Valid GP: 143/150 | Valid Sim: 132/150 | Elapsed: 529.8min | ETA: 247.2min

--- Chunk 30730 (151/220) | Start: 2024-12-04 22:20:00 ---
    RMSE omega (GP): 0.003916 | RMSE omega (Sim): 0.075573
    Loss: 13.3830 | Epoch: 9695
    Eq omega: -0.001771 + -0.00653theta + -0.08320omega + 0.00039theta^2 + -0.00316theta omega + 0.01174omega^2 + -0.00215theta^3 + -0.00022theta^2 omega + 0.00822theta omega^2 + -0.00203omega^3
    Eq omega Phys: -0.013197*omega**3 + 0.001781*omega**2*theta + 0.024855*omega**2 - 2.0e-6*omega*theta**2 - 8.4e-5*omega*theta - 0.003495*omega - 0.e-6*theta**3 - 1.7e-5*theta**2 - 0.000187*theta - 0.000727

--- Chunk 30731 (152/220) | Start: 2024-12-04 22:25:00 ---
 lsoda--  warning..internal t (=r1) and h (=r2) are  
       such that in the machine, t + h = t on the next step  
       (h = step size). solver will continue anyway  
      in above,  r1 =  0.9819816263709D+01   r2 =  0.7495714034144D-15
 lsoda--  warning..internal t (=r1) and h (=r2) are  
       such that in the machine, t + h = t on the next step  
       (h = step size). solver will continue anyway  
      in above,  r1 =  0.9819816263709D+01   r2 =  0.7495714034144D-15
 lsoda--  warning..internal t (=r1) and h (=r2) are  
       such that in the machine, t + h = t on the next step  
       (h = step size). solver will continue anyway  
      in above,  r1 =  0.9819816263709D+01   r2 =  0.7495714034144D-15
 lsoda--  warning..internal t (=r1) and h (=r2) are  
       such that in the machine, t + h = t on the next step  
       (h = step size). solver will continue anyway  
      in above,  r1 =  0.9819816263709D+01   r2 =  0.6160475544939D-15
 lsoda--  warning..internal t (=r1) and h (=r2) are  
       such that in the machine, t + h = t on the next step  
       (h = step size). solver will continue anyway  
      in above,  r1 =  0.9819816263709D+01   r2 =  0.6160475544939D-15
 lsoda--  warning..internal t (=r1) and h (=r2) are  
       such that in the machine, t + h = t on the next step  
       (h = step size). solver will continue anyway  
      in above,  r1 =  0.9819816263709D+01   r2 =  0.6160475544939D-15
 lsoda--  warning..internal t (=r1) and h (=r2) are  
       such that in the machine, t + h = t on the next step  
       (h = step size). solver will continue anyway  
      in above,  r1 =  0.9819816263709D+01   r2 =  0.5063087889087D-15
 lsoda--  warning..internal t (=r1) and h (=r2) are  
       such that in the machine, t + h = t on the next step  
       (h = step size). solver will continue anyway  
      in above,  r1 =  0.9819816263709D+01   r2 =  0.5063087889087D-15
 lsoda--  warning..internal t (=r1) and h (=r2) are  
       such that in the machine, t + h = t on the next step  
       (h = step size). solver will continue anyway  
      in above,  r1 =  0.9819816263709D+01   r2 =  0.5063087889087D-15
 lsoda--  warning..internal t (=r1) and h (=r2) are  
       such that in the machine, t + h = t on the next step  
       (h = step size). solver will continue anyway  
      in above,  r1 =  0.9819816263709D+01   r2 =  0.4161181842490D-15
 lsoda--  above warning has been issued i1 times.    
       it will not be issued again for this problem  
      in above message,  i1 =        10
 lsoda--  warning..internal t (=r1) and h (=r2) are  
       such that in the machine, t + h = t on the next step  
       (h = step size). solver will continue anyway  
      in above,  r1 =  0.7023904979598D+01   r2 =  0.3800417533355D-15
 lsoda--  warning..internal t (=r1) and h (=r2) are  
       such that in the machine, t + h = t on the next step  
       (h = step size). solver will continue anyway  
      in above,  r1 =  0.7023904979598D+01   r2 =  0.3800417533355D-15
 lsoda--  warning..internal t (=r1) and h (=r2) are  
       such that in the machine, t + h = t on the next step  
       (h = step size). solver will continue anyway  
      in above,  r1 =  0.7023904979598D+01   r2 =  0.3800417533355D-15
 lsoda--  warning..internal t (=r1) and h (=r2) are  
       such that in the machine, t + h = t on the next step  
       (h = step size). solver will continue anyway  
      in above,  r1 =  0.7023904979598D+01   r2 =  0.3123435498842D-15
 lsoda--  warning..internal t (=r1) and h (=r2) are  
       such that in the machine, t + h = t on the next step  
       (h = step size). solver will continue anyway  
      in above,  r1 =  0.7023904979598D+01   r2 =  0.3123435498842D-15
 lsoda--  warning..internal t (=r1) and h (=r2) are  
       such that in the machine, t + h = t on the next step  
       (h = step size). solver will continue anyway  
      in above,  r1 =  0.7023904979598D+01   r2 =  0.3123435498842D-15
 lsoda--  warning..internal t (=r1) and h (=r2) are  
       such that in the machine, t + h = t on the next step  
    RMSE omega (GP): 0.002980 | RMSE omega (Sim): nan
    Loss: 7.8426 | Epoch: 8276
    Eq omega: 0.003391 + -0.12460theta + 0.23599omega + 0.08504theta^2 + -0.04262theta omega + -0.01014omega^2 + -0.00043theta^3 + 0.00288theta^2 omega + -0.00140theta omega^2 + 0.00576omega^3
    Eq omega Phys: 0.042154*omega**3 - 0.000342*omega**2*theta - 0.003565*omega**2 + 2.3e-5*omega*theta**2 - 0.0009*omega*theta + 0.011249*omega + 4.8e-5*theta**2 - 0.000539*theta + 0.001434

--- Chunk 30732 (153/220) | Start: 2024-12-04 22:30:00 ---
    RMSE omega (GP): 0.017920 | RMSE omega (Sim): 0.089372
    Loss: 123.0688 | Epoch: 9999
    Eq omega: -0.008101 + -0.00986theta + -0.01676omega + -0.00271theta^2 + -0.00667theta omega + -0.00617omega^2 + -0.00031theta^3 + -0.00076theta^2 omega + -0.00324theta omega^2 + -0.00248omega^3
    Eq omega Phys: -0.006458*omega**3 - 0.000281*omega**2*theta + 0.005687*omega**2 - 2.0e-6*omega*theta**2 + 5.2e-5*omega*theta - 0.000377*omega + 2.0e-6*theta**2 - 2.7e-5*theta + 0.000198

--- Chunk 30733 (154/220) | Start: 2024-12-04 22:35:00 ---
    RMSE omega (GP): 0.003473 | RMSE omega (Sim): 0.096921
    Loss: 3.2147 | Epoch: 6792
    Eq omega: -0.115201 + 0.10578theta + -0.14153omega + -0.09970theta^2 + 0.27884theta omega + -0.02557omega^2 + -0.35360theta^3 + -0.14063theta^2 omega + 0.22836theta omega^2 + -0.00167omega^3
    Eq omega Phys: -0.006774*omega**3 + 0.030878*omega**2*theta - 0.12172*omega**2 - 0.000634*omega*theta**2 + 0.008029*omega*theta - 0.025536*omega - 5.3e-5*theta**3 + 0.000539*theta**2 - 0.001695*theta + 0.001242

--- Chunk 30734 (155/220) | Start: 2024-12-04 22:40:00 ---
    RMSE omega (GP): 0.005965 | RMSE omega (Sim): 0.052678
    Loss: 56.1241 | Epoch: 9999
    Eq omega: -0.033501 + -0.00163theta + -0.00720omega + -0.00195theta^2 + 0.00043theta omega + 0.00361omega^2 + -0.00055theta^3 + -0.00035theta^2 omega + -0.00045theta omega^2 + -0.00147omega^3
    Eq omega Phys: -0.015023*omega**3 - 0.000153*omega**2*theta - 0.001594*omega**2 - 4.0e-6*omega*theta**2 - 0.000184*omega*theta - 0.002355*omega - 1.6e-5*theta**2 - 0.000427*theta - 0.003776

--- Chunk 30735 (156/220) | Start: 2024-12-04 22:45:00 ---
    RMSE omega (GP): 0.006146 | RMSE omega (Sim): 0.063362
    Loss: 16.4919 | Epoch: 8576
    Eq omega: 0.024951 + -0.00819theta + -0.04038omega + 0.00529theta^2 + 0.00195theta omega + 0.00148omega^2 + -0.00442theta^3 + 0.00005theta^2 omega + 0.00486theta omega^2 + 0.00463omega^3
    Eq omega Phys: 0.016123*omega**3 + 0.000564*omega**2*theta - 0.007674*omega**2 + 1.7e-5*omega*theta - 0.001626*omega - 0.e-6*theta**3 + 2.7e-5*theta**2 - 0.000427*theta + 0.002371

--- Chunk 30736 (157/220) | Start: 2024-12-04 22:50:00 ---
    RMSE omega (GP): 0.003983 | RMSE omega (Sim): 0.119288
    Loss: 12.6336 | Epoch: 8426
    Eq omega: 0.000101 + -0.00859theta + 0.05675omega + 0.00978theta^2 + 0.00592theta omega + 0.00833omega^2 + -0.00154theta^3 + 0.00260theta^2 omega + -0.00004theta omega^2 + -0.00422omega^3
    Eq omega Phys: -0.027134*omega**3 - 9.0e-6*omega**2*theta + 0.003959*omega**2 + 1.9e-5*omega*theta**2 - 0.000353*omega*theta + 0.003461*omega + 1.8e-5*theta**2 - 0.000288*theta + 0.001465

--- Chunk 30737 (158/220) | Start: 2024-12-04 22:55:00 ---
    RMSE omega (GP): 0.006020 | RMSE omega (Sim): 0.040042
    Loss: 19.6210 | Epoch: 9999
    Eq omega: -0.061771 + -0.04080theta + -0.01222omega + -0.00260theta^2 + -0.00672theta omega + -0.00834omega^2 + -0.00010theta^3 + -0.00090theta^2 omega + -0.00004theta omega^2 + -0.00103omega^3
    Eq omega Phys: -0.004054*omega**3 - 5.0e-6*omega**2*theta - 0.002871*omega**2 - 4.0e-6*omega*theta**2 + 0.000143*omega*theta - 0.001292*omega - 2.1e-5*theta + 0.00059

--- Chunk 30738 (159/220) | Start: 2024-12-04 23:00:00 ---
    RMSE omega (GP): 0.003450 | RMSE omega (Sim): 0.081001
    Loss: 10.8394 | Epoch: 9999
    Eq omega: 0.030291 + -0.03978theta + 0.03302omega + -0.01671theta^2 + 0.01638theta omega + 0.01005omega^2 + -0.00175theta^3 + 0.00675theta^2 omega + -0.05944theta omega^2 + -0.03282omega^3
    Eq omega Phys: -0.222198*omega**3 - 0.013414*omega**2*theta - 0.068514*omega**2 + 5.1e-5*omega*theta**2 + 0.000814*omega*theta + 0.004033*omega - 1.6e-5*theta**2 - 0.00018*theta - 0.000505

--- Chunk 30739 (160/220) | Start: 2024-12-04 23:05:00 ---
    RMSE omega (GP): 0.003180 | RMSE omega (Sim): 0.110326
    Loss: 5.0753 | Epoch: 7248
    Eq omega: -0.051521 + -0.04340theta + 0.04202omega + 0.09061theta^2 + 0.00354theta omega + -0.08968omega^2 + -0.05925theta^3 + -0.00582theta^2 omega + 0.11181theta omega^2 + -0.01955omega^3
    Eq omega Phys: -0.104877*omega**3 + 0.019994*omega**2*theta + 0.102812*omega**2 - 3.5e-5*omega*theta**2 - 0.000438*omega*theta + 3.3e-5*omega - 1.2e-5*theta**3 - 0.000206*theta**2 - 0.001199*theta - 0.002471

--- Chunk 30740 (161/220) | Start: 2024-12-04 23:10:00 ---
    RMSE omega (GP): 0.004801 | RMSE omega (Sim): 0.061387
    Loss: 32.4686 | Epoch: 9999
    Eq omega: -0.073351 + -0.04902theta + -0.01310omega + -0.00468theta^2 + -0.01707theta omega + 0.00581omega^2 + -0.00159theta^3 + -0.00125theta^2 omega + 0.00296theta omega^2 + -0.00170omega^3
    Eq omega Phys: -0.017025*omega**3 + 0.000988*omega**2*theta + 0.022559*omega**2 - 1.4e-5*omega*theta**2 - 0.000869*omega*theta - 0.012078*omega - 0.e-6*theta**3 - 3.7e-5*theta**2 - 0.000839*theta - 0.006662

--- Chunk 30741 (162/220) | Start: 2024-12-04 23:15:00 ---
    RMSE omega (GP): 0.003354 | RMSE omega (Sim): 0.115712
    Loss: 1.3785 | Epoch: 6962
    Eq omega: -0.035851 + -0.02374theta + 0.00877omega + 0.00518theta^2 + 0.01179theta omega + -0.00515omega^2 + 0.00174theta^3 + 0.00568theta^2 omega + -0.00323theta omega^2 + -0.00987omega^3
    Eq omega Phys: -0.037774*omega**3 - 0.000412*omega**2*theta - 0.002788*omega**2 + 2.4e-5*omega*theta**2 + 0.000252*omega*theta + 0.000744*omega + 4.0e-6*theta**2 - 1.3e-5*theta - 0.000158

--- Chunk 30742 (163/220) | Start: 2024-12-04 23:20:00 ---
    RMSE omega (GP): 0.004094 | RMSE omega (Sim): 0.092619
    Loss: 7.0517 | Epoch: 7115
    Eq omega: -0.068981 + -0.03194theta + 0.11054omega + -0.00209theta^2 + 0.00304theta omega + -0.04011omega^2 + -0.00069theta^3 + -0.00033theta^2 omega + -0.00190theta omega^2 + 0.00995omega^3
    Eq omega Phys: 0.042211*omega**3 - 0.000269*omega**2*theta - 0.011219*omega**2 - 2.0e-6*omega*theta**2 + 8.3e-5*omega*theta + 0.002815*omega + 4.0e-6*theta**2 - 7.8e-5*theta + 0.000448

--- Chunk 30743 (164/220) | Start: 2024-12-04 23:25:00 ---
    RMSE omega (GP): 0.004998 | RMSE omega (Sim): 0.046527
    Loss: 106.4418 | Epoch: 9999
    Eq omega: -0.055411 + -0.00003theta + 0.00389omega + -0.00008theta^2 + -0.00005theta omega + 0.00915omega^2 + 0.00001theta^3 + -0.00008theta^2 omega + -0.00000theta omega^2 + -0.00243omega^3
    Eq omega Phys: -0.066028*omega**3 + 0.008708*omega**2 - 2.0e-6*omega*theta**2 - 0.000106*omega*theta - 0.001034*omega + 1.0e-6*theta**2 + 1.0e-5*theta - 3.0e-6

--- Chunk 30744 (165/220) | Start: 2024-12-04 23:30:00 ---
    RMSE omega (GP): 0.003934 | RMSE omega (Sim): 0.087603
    Loss: 6.4283 | Epoch: 8995
    Eq omega: 0.038321 + -0.10726theta + 0.00358omega + 0.00037theta^2 + 0.00375theta omega + 0.01631omega^2 + 0.00000theta^3 + 0.00148theta^2 omega + -0.00103theta omega^2 + -0.00351omega^3
    Eq omega Phys: -0.015884*omega**3 - 0.000155*omega**2*theta + 0.004205*omega**2 + 7.0e-6*omega*theta**2 + 0.000253*omega*theta + 0.002183*omega - 0.000115*theta - 0.001494

--- Chunk 30745 (166/220) | Start: 2024-12-04 23:35:00 ---
    RMSE omega (GP): 0.003838 | RMSE omega (Sim): nan
    Loss: 21.6257 | Epoch: 9140
    Eq omega: 0.031661 + 0.00693theta + 0.02789omega + -0.00371theta^2 + 0.00500theta omega + 0.02928omega^2 + -0.00046theta^3 + 0.00037theta^2 omega + 0.00181theta omega^2 + 0.00698omega^3
    Eq omega Phys: 0.071285*omega**3 + 0.000616*omega**2*theta + 0.010422*omega**2 + 4.0e-6*omega*theta**2 + 6.0e-6*omega*theta + 0.000369*omega + 3.0e-6*theta**2 - 1.0e-6*theta - 8.4e-5

--- Chunk 30746 (167/220) | Start: 2024-12-04 23:40:00 ---
    RMSE omega (GP): 0.003179 | RMSE omega (Sim): 0.066472
    Loss: 15.1281 | Epoch: 9996
    Eq omega: 0.011171 + -0.00735theta + -0.00329omega + 0.00099theta^2 + -0.00396theta omega + 0.00172omega^2 + -0.00029theta^3 + -0.00017theta^2 omega + -0.00228theta omega^2 + 0.00279omega^3
    Eq omega Phys: 0.030077*omega**3 - 0.000819*omega**2*theta + 0.009722*omega**2 - 2.0e-6*omega*theta**2 - 3.6e-5*omega*theta + 0.000501*omega + 4.0e-6*theta**2 - 6.1e-5*theta + 0.00032

--- Chunk 30747 (168/220) | Start: 2024-12-04 23:45:00 ---
    RMSE omega (GP): nan | RMSE omega (Sim): nan
    Loss: 341544.6562 | Epoch: 5
    Eq omega: nan1 + nantheta + nanomega + nantheta^2 + nantheta omega + nanomega^2 + nantheta^3 + nantheta^2 omega + nantheta omega^2 + nanomega^3
    Eq omega Phys: N/A

--- Chunk 30748 (169/220) | Start: 2024-12-04 23:50:00 ---
    RMSE omega (GP): 0.003512 | RMSE omega (Sim): 0.071248
    Loss: 12.1531 | Epoch: 6278
    Eq omega: -0.008751 + 0.00900theta + -0.00876omega + 0.00320theta^2 + -0.00792theta omega + -0.01316omega^2 + -0.00038theta^3 + 0.00048theta^2 omega + 0.00003theta omega^2 + -0.01568omega^3
    Eq omega Phys: -0.111544*omega**3 + 7.0e-6*omega**2*theta - 0.006474*omega**2 + 4.0e-6*omega*theta**2 - 0.000198*omega*theta + 0.001214*omega + 4.0e-6*theta**2 - 4.7e-5*theta + 0.000113

--- Chunk 30749 (170/220) | Start: 2024-12-04 23:55:00 ---
    RMSE omega (GP): 0.003619 | RMSE omega (Sim): nan
    Loss: 7.3485 | Epoch: 6387
    Eq omega: -0.009611 + -0.03730theta + -0.01246omega + 0.03066theta^2 + 0.02058theta omega + 0.02204omega^2 + 0.00021theta^3 + 0.00162theta^2 omega + 0.00125theta omega^2 + 0.00194omega^3
    Eq omega Phys: 0.010156*omega**3 + 0.000218*omega**2*theta + 0.008322*omega**2 + 9.0e-6*omega*theta**2 + 0.00021*omega*theta - 0.001423*omega + 1.4e-5*theta**2 - 0.000155*theta + 0.000374

--- Chunk 30750 (171/220) | Start: 2024-12-05 00:00:00 ---
    RMSE omega (GP): 0.006715 | RMSE omega (Sim): 0.031880
    Loss: 94.5230 | Epoch: 9999
    Eq omega: -0.019191 + -0.01142theta + -0.01004omega + -0.00001theta^2 + -0.00079theta omega + -0.00056omega^2 + -0.00002theta^3 + 0.00000theta^2 omega + -0.00031theta omega^2 + -0.00024omega^3
    Eq omega Phys: -0.003324*omega**3 - 0.000143*omega**2*theta + 0.004655*omega**2 - 1.8e-5*omega*theta + 0.000295*omega + 1.0e-6*theta**2 - 5.0e-5*theta + 0.000853

--- Chunk 30751 (172/220) | Start: 2024-12-05 00:05:00 ---
    RMSE omega (GP): 0.003819 | RMSE omega (Sim): 0.071880
    Loss: 2.3979 | Epoch: 8960
    Eq omega: -0.042761 + -0.08852theta + 0.04226omega + -0.04837theta^2 + 0.01103theta omega + -0.02440omega^2 + -0.00203theta^3 + 0.00745theta^2 omega + -0.04574theta omega^2 + -0.00895omega^3
    Eq omega Phys: -0.026023*omega**3 - 0.004433*omega**2*theta + 0.022068*omega**2 + 2.4e-5*omega*theta**2 - 0.000208*omega*theta + 0.00172*omega - 1.2e-5*theta**2 + 9.6e-5*theta - 0.000178

--- Chunk 30752 (173/220) | Start: 2024-12-05 00:10:00 ---
    RMSE omega (GP): 0.003262 | RMSE omega (Sim): 0.117293
    Loss: 5.1544 | Epoch: 9999
    Eq omega: -0.023421 + -0.27528theta + -0.13240omega + 0.27714theta^2 + 0.02202theta omega + -0.01680omega^2 + -0.03099theta^3 + 0.00456theta^2 omega + -0.00252theta omega^2 + -0.05619omega^3
    Eq omega Phys: -0.27438*omega**3 - 0.00041*omega**2*theta - 0.006351*omega**2 + 2.5e-5*omega*theta**2 + 0.000245*omega*theta - 0.004695*omega - 6.0e-6*theta**3 + 0.000142*theta**2 - 0.000583*theta + 0.000395

--- Chunk 30753 (174/220) | Start: 2024-12-05 00:15:00 ---
    RMSE omega (GP): 0.017049 | RMSE omega (Sim): 0.027301
    Loss: 777.5996 | Epoch: 9999
    Eq omega: -0.035671 + -0.00430theta + -0.03307omega + 0.00008theta^2 + -0.00200theta omega + -0.00480omega^2 + -0.00002theta^3 + 0.00003theta^2 omega + -0.00047theta omega^2 + -0.00018omega^3
    Eq omega Phys: -0.003134*omega**3 - 0.000273*omega**2*theta + 0.003282*omega**2 + 1.0e-6*omega*theta**2 - 8.0e-5*omega*theta + 0.000565*omega + 1.0e-6*theta**2 - 3.3e-5*theta + 0.000326

--- Chunk 30754 (175/220) | Start: 2024-12-05 00:20:00 ---
    RMSE omega (GP): nan | RMSE omega (Sim): nan
    Loss: 6128.2178 | Epoch: 762
    Eq omega: nan1 + nantheta + nanomega + nantheta^2 + nantheta omega + nanomega^2 + nantheta^3 + nantheta^2 omega + nantheta omega^2 + nanomega^3
    Eq omega Phys: N/A

--- Chunk 30755 (176/220) | Start: 2024-12-05 00:25:00 ---
    RMSE omega (GP): 0.006174 | RMSE omega (Sim): 0.079186
    Loss: 43.6747 | Epoch: 9999
    Eq omega: -0.022311 + 0.00190theta + -0.00743omega + 0.00129theta^2 + 0.00074theta omega + -0.01341omega^2 + -0.00003theta^3 + 0.00016theta^2 omega + -0.00027theta omega^2 + -0.00022omega^3
    Eq omega Phys: -0.001742*omega**3 - 7.1e-5*omega**2*theta - 0.005334*omega**2 + 1.0e-6*omega*theta**2 - 4.9e-5*omega*theta + 0.000146*omega + 1.0e-6*theta**2 - 4.3e-5*theta + 0.000348

--- Chunk 30756 (177/220) | Start: 2024-12-05 00:30:00 ---
    RMSE omega (GP): 0.017718 | RMSE omega (Sim): 0.057393
    Loss: 321.6042 | Epoch: 9999
    Eq omega: -0.045501 + -0.01421theta + -0.01629omega + -0.00494theta^2 + -0.00286theta omega + -0.02770omega^2 + -0.00042theta^3 + -0.00006theta^2 omega + -0.00100theta omega^2 + -0.00142omega^3
    Eq omega Phys: -0.007928*omega**3 - 0.000186*omega**2*theta - 0.009096*omega**2 - 3.0e-5*omega*theta + 2.0e-6*theta**2 - 4.0e-6*theta - 0.000119

--- Chunk 30757 (178/220) | Start: 2024-12-05 00:35:00 ---
    RMSE omega (GP): 0.003052 | RMSE omega (Sim): nan
    Loss: 6.3127 | Epoch: 6127
    Eq omega: 0.042181 + -0.78066theta + 0.10165omega + -0.10613theta^2 + 0.67489theta omega + 0.02809omega^2 + -0.26550theta^3 + -0.03384theta^2 omega + 0.18293theta omega^2 + 0.03375omega^3
    Eq omega Phys: 0.236633*omega**3 + 0.042753*omega**2*theta - 0.287915*omega**2 - 0.000264*omega*theta**2 + 0.014594*omega*theta - 0.086417*omega - 6.9e-5*theta**3 + 0.001402*theta**2 - 0.01035*theta + 0.027558

--- Chunk 30758 (179/220) | Start: 2024-12-05 00:40:00 ---
    RMSE omega (GP): 0.003811 | RMSE omega (Sim): 0.105185
    Loss: -69806440.0000 | Epoch: 8396
    Eq omega: -0.000911 + -0.41781theta + -0.05057omega + 0.16101theta^2 + -0.10165theta omega + 0.10505omega^2 + -0.00350theta^3 + 0.00151theta^2 omega + -0.01622theta omega^2 + -0.18858omega^3
    Eq omega Phys: -0.899823*omega**3 - 0.00258*omega**2*theta + 0.04942*omega**2 + 8.0e-6*omega*theta**2 - 0.001398*omega*theta + 0.002324*omega - 0.e-6*theta**3 + 7.7e-5*theta**2 - 0.000896*theta + 0.001974

--- Chunk 30759 (180/220) | Start: 2024-12-05 00:45:00 ---
    RMSE omega (GP): 0.005920 | RMSE omega (Sim): 0.050133
    Loss: 93.6173 | Epoch: 9999
    Eq omega: 0.014161 + 0.00042theta + -0.00196omega + 0.00163theta^2 + 0.00001theta omega + 0.00044omega^2 + -0.00019theta^3 + 0.00006theta^2 omega + 0.00025theta omega^2 + -0.00005omega^3
    Eq omega Phys: -0.000869*omega**3 + 0.000145*omega**2*theta - 0.003056*omega**2 + 1.0e-6*omega*theta**2 - 5.4e-5*omega*theta + 0.000564*omega + 1.0e-5*theta**2 - 0.000265*theta + 0.002333

--- Chunk 30760 (181/220) | Start: 2024-12-05 00:50:00 ---
    RMSE omega (GP): 0.020022 | RMSE omega (Sim): 0.030397
    Loss: 1923.3341 | Epoch: 9999
    Eq omega: -0.023691 + -0.00144theta + -0.00564omega + -0.00007theta^2 + -0.00028theta omega + -0.00150omega^2 + 0.00000theta^3 + -0.00001theta^2 omega + -0.00009theta omega^2 + -0.00030omega^3
    Eq omega Phys: -0.008975*omega**3 - 9.0e-5*omega**2*theta + 0.000678*omega**2 + 7.0e-6*omega*theta - 0.000157*omega + 2.0e-6*theta - 3.3e-5

--- Chunk 30761 (182/220) | Start: 2024-12-05 00:55:00 ---
    RMSE omega (GP): 0.005911 | RMSE omega (Sim): 0.032574
    Loss: 194.0689 | Epoch: 9999
    Eq omega: -0.005281 + -0.00168theta + -0.01250omega + 0.00038theta^2 + -0.00041theta omega + -0.00399omega^2 + -0.00003theta^3 + 0.00006theta^2 omega + -0.00009theta omega^2 + -0.00102omega^3
    Eq omega Phys: -0.036888*omega**3 - 0.000108*omega**2*theta - 0.001955*omega**2 + 2.0e-6*omega*theta**2 - 0.000123*omega*theta + 0.001124*omega + 3.0e-6*theta**2 - 8.3e-5*theta + 0.000717

--- Chunk 30762 (183/220) | Start: 2024-12-05 01:00:00 ---
    RMSE omega (GP): 0.009355 | RMSE omega (Sim): 0.081880
    Loss: 81.3998 | Epoch: 9999
    Eq omega: 0.025721 + -0.00069theta + 0.01224omega + 0.00001theta^2 + -0.00036theta omega + 0.00289omega^2 + -0.00002theta^3 + -0.00003theta^2 omega + -0.00002theta omega^2 + 0.00023omega^3
    Eq omega Phys: 0.001429*omega**3 - 4.0e-6*omega**2*theta + 0.00143*omega**2 + 6.0e-6*omega*theta + 0.0004*omega - 1.2e-5*theta + 0.000187

--- Chunk 30763 (184/220) | Start: 2024-12-05 01:05:00 ---
    RMSE omega (GP): 0.009164 | RMSE omega (Sim): 0.067948
    Loss: 86.2209 | Epoch: 9999
    Eq omega: -0.025451 + 0.00292theta + -0.02680omega + 0.00042theta^2 + -0.00021theta omega + -0.00211omega^2 + -0.00001theta^3 + 0.00008theta^2 omega + -0.00002theta omega^2 + -0.00052omega^3
    Eq omega Phys: -0.00365*omega**3 - 5.0e-6*omega**2*theta - 0.000835*omega**2 + 1.0e-6*omega*theta**2 - 5.3e-5*omega*theta + 0.000225*omega + 1.0e-6*theta**2 - 2.7e-5*theta + 0.000331

--- Chunk 30764 (185/220) | Start: 2024-12-05 01:10:00 ---
    RMSE omega (GP): nan | RMSE omega (Sim): nan
    Loss: 296294.1875 | Epoch: 5
    Eq omega: nan1 + nantheta + nanomega + nantheta^2 + nantheta omega + nanomega^2 + nantheta^3 + nantheta^2 omega + nantheta omega^2 + nanomega^3
    Eq omega Phys: N/A

--- Chunk 30765 (186/220) | Start: 2024-12-05 01:15:00 ---
    RMSE omega (GP): 0.006117 | RMSE omega (Sim): 0.268810
    Loss: 7.4721 | Epoch: 8351
    Eq omega: -0.106551 + -0.08249theta + 0.05538omega + -0.00042theta^2 + -0.00045theta omega + 0.05268omega^2 + -0.00036theta^3 + -0.00982theta^2 omega + 0.00701theta omega^2 + 0.00505omega^3
    Eq omega Phys: 0.008746*omega**3 + 0.000405*omega**2*theta + 0.00599*omega**2 - 1.9e-5*omega*theta**2 + 0.000619*omega*theta - 0.003225*omega + 1.0e-6*theta**2 - 0.000107*theta + 0.00109

--- Chunk 30766 (187/220) | Start: 2024-12-05 01:20:00 ---
    RMSE omega (GP): 0.003175 | RMSE omega (Sim): 0.121928
    Loss: 6.7109 | Epoch: 9082
    Eq omega: 0.113381 + 0.00572theta + 0.02027omega + -0.00494theta^2 + 0.00212theta omega + 0.00401omega^2 + -0.00045theta^3 + 0.00036theta^2 omega + 0.00069theta omega^2 + -0.00728omega^3
    Eq omega Phys: -0.040532*omega**3 + 0.000128*omega**2*theta - 5.3e-5*omega**2 + 2.0e-6*omega*theta**2 - 3.1e-5*omega*theta + 0.000683*omega + 2.0e-6*theta**2 + 1.8e-5*theta - 4.0e-6

--- Chunk 30767 (188/220) | Start: 2024-12-05 01:25:00 ---
    RMSE omega (GP): 0.006176 | RMSE omega (Sim): 0.043900
    Loss: 28.8775 | Epoch: 9999
    Eq omega: 0.025181 + -0.01577theta + -0.01446omega + -0.00857theta^2 + 0.00558theta omega + 0.02367omega^2 + -0.00110theta^3 + 0.00027theta^2 omega + -0.00110theta omega^2 + -0.00463omega^3
    Eq omega Phys: -0.024801*omega**3 - 0.000196*omega**2*theta + 0.005559*omega**2 + 2.0e-6*omega*theta**2 + 0.000151*omega*theta + 0.002118*omega - 1.9e-5*theta**2 - 0.000534*theta - 0.004914

--- Chunk 30768 (189/220) | Start: 2024-12-05 01:30:00 ---
    RMSE omega (GP): 0.004212 | RMSE omega (Sim): 0.055510
    Loss: 18.4328 | Epoch: 9845
    Eq omega: -0.071891 + -0.02912theta + -0.07890omega + 0.00158theta^2 + 0.02863theta omega + 0.06327omega^2 + -0.00133theta^3 + -0.00026theta^2 omega + -0.00192theta omega^2 + -0.01682omega^3
    Eq omega Phys: -0.128908*omega**3 - 0.00049*omega**2*theta + 0.024354*omega**2 - 2.0e-6*omega*theta**2 + 0.000414*omega*theta + 0.004334*omega - 1.7e-5*theta**2 - 0.000278*theta - 0.001865

--- Chunk 30769 (190/220) | Start: 2024-12-05 01:35:00 ---
    RMSE omega (GP): 0.004739 | RMSE omega (Sim): 0.078599
    Loss: 11.3174 | Epoch: 9999
    Eq omega: 0.021281 + -0.00780theta + -0.00653omega + -0.00119theta^2 + -0.03484theta omega + -0.01976omega^2 + -0.00247theta^3 + -0.00274theta^2 omega + -0.00221theta omega^2 + -0.00896omega^3
    Eq omega Phys: -0.037128*omega**3 - 0.000305*omega**2*theta - 0.002765*omega**2 - 1.3e-5*omega*theta**2 - 5.3e-5*omega*theta + 0.003418*omega + 1.7e-5*theta**2 - 0.00025*theta + 0.001362

--- Chunk 30770 (191/220) | Start: 2024-12-05 01:40:00 ---
    RMSE omega (GP): 0.003298 | RMSE omega (Sim): 0.112715
    Loss: 2.7440 | Epoch: 7309
    Eq omega: -0.028411 + -0.21695theta + -0.02751omega + 0.03682theta^2 + 0.00695theta omega + -0.00076omega^2 + -0.05737theta^3 + 0.06750theta^2 omega + -0.01804theta omega^2 + -0.07317omega^3
    Eq omega Phys: -0.268178*omega**3 - 0.002204*omega**2*theta - 0.01594*omega**2 + 0.000275*omega*theta**2 + 0.003991*omega*theta + 0.013561*omega - 8.0e-6*theta**3 - 0.000152*theta**2 - 0.001219*theta - 0.003882

--- Chunk 30771 (192/220) | Start: 2024-12-05 01:45:00 ---
    RMSE omega (GP): 0.004966 | RMSE omega (Sim): 0.050273
    Loss: 44.0562 | Epoch: 9999
    Eq omega: -0.002101 + -0.00218theta + -0.02344omega + 0.00011theta^2 + -0.00229theta omega + -0.01077omega^2 + -0.00016theta^3 + 0.00008theta^2 omega + -0.00077theta omega^2 + -0.00276omega^3
    Eq omega Phys: -0.033944*omega**3 - 0.000316*omega**2*theta - 0.000406*omega**2 + 1.0e-6*omega*theta**2 - 9.4e-5*omega*theta + 0.000685*omega + 5.0e-6*theta**2 - 9.8e-5*theta + 0.000712

--- Chunk 30772 (193/220) | Start: 2024-12-05 01:50:00 ---
    RMSE omega (GP): 0.003866 | RMSE omega (Sim): 0.103646
    Loss: 11.1249 | Epoch: 8380
    Eq omega: -0.004871 + -0.01104theta + -0.01776omega + 0.00118theta^2 + -0.01762theta omega + -0.00281omega^2 + -0.00151theta^3 + 0.00283theta^2 omega + -0.00285theta omega^2 + 0.00191omega^3
    Eq omega Phys: 0.010731*omega**3 - 0.000534*omega**2*theta + 0.007201*omega**2 + 1.8e-5*omega*theta**2 - 0.000811*omega*theta + 0.00781*omega + 1.5e-5*theta**2 - 0.000265*theta + 0.001554

--- Chunk 30773 (194/220) | Start: 2024-12-05 01:55:00 ---
    RMSE omega (GP): 0.003287 | RMSE omega (Sim): 0.087897
    Loss: 5.0234 | Epoch: 4966
    Eq omega: -0.054421 + -0.41314theta + -0.11385omega + -0.01183theta^2 + 0.01776theta omega + -0.08155omega^2 + -0.00782theta^3 + -0.29000theta^2 omega + -0.05088theta omega^2 + -0.00435omega^3
    Eq omega Phys: -0.02091*omega**3 - 0.008153*omega**2*theta - 0.011495*omega**2 - 0.001549*omega*theta**2 + 0.008273*omega*theta - 0.014833*omega - 1.0e-6*theta**3 + 6.0e-6*theta**2 - 0.00046*theta + 0.001029

--- Chunk 30774 (195/220) | Start: 2024-12-05 02:00:00 ---
    RMSE omega (GP): 0.004016 | RMSE omega (Sim): 0.194535
    Loss: 2.2773 | Epoch: 7983
    Eq omega: -0.038551 + -0.07592theta + -0.06940omega + 0.03290theta^2 + -0.49813theta omega + -0.04025omega^2 + -0.27910theta^3 + 0.00856theta^2 omega + 0.11573theta omega^2 + -0.01532omega^3
    Eq omega Phys: -0.038014*omega**3 + 0.009572*omega**2*theta + 0.068537*omega**2 + 2.4e-5*omega*theta**2 - 0.00438*omega*theta - 0.040626*omega - 2.6e-5*theta**3 - 0.000633*theta**2 - 0.005298*theta - 0.015155

--- Chunk 30775 (196/220) | Start: 2024-12-05 02:05:00 ---
    RMSE omega (GP): 0.004250 | RMSE omega (Sim): 0.104430
    Loss: 7.7308 | Epoch: 5421
    Eq omega: 0.072381 + -0.04762theta + 0.01536omega + 0.00522theta^2 + 0.21212theta omega + 0.29733omega^2 + -0.08758theta^3 + 0.10933theta^2 omega + 0.14987theta omega^2 + -0.08109omega^3
    Eq omega Phys: -0.315166*omega**3 + 0.019416*omega**2*theta + 0.267816*omega**2 + 0.000472*omega*theta**2 + 0.010365*omega*theta + 0.05397*omega - 1.3e-5*theta**3 - 0.000311*theta**2 - 0.002612*theta - 0.007232

--- Chunk 30776 (197/220) | Start: 2024-12-05 02:10:00 ---
    RMSE omega (GP): nan | RMSE omega (Sim): nan
    Loss: 202.0800 | Epoch: 1213
    Eq omega: nan1 + nantheta + nanomega + nantheta^2 + nantheta omega + nanomega^2 + nantheta^3 + nantheta^2 omega + nantheta omega^2 + nanomega^3
    Eq omega Phys: N/A

--- Chunk 30777 (198/220) | Start: 2024-12-05 02:15:00 ---
    RMSE omega (GP): nan | RMSE omega (Sim): nan
    Loss: 19143.7266 | Epoch: 5
    Eq omega: nan1 + nantheta + nanomega + nantheta^2 + nantheta omega + nanomega^2 + nantheta^3 + nantheta^2 omega + nantheta omega^2 + nanomega^3
    Eq omega Phys: N/A

--- Chunk 30778 (199/220) | Start: 2024-12-05 02:20:00 ---
    RMSE omega (GP): 0.005158 | RMSE omega (Sim): 0.069781
    Loss: 30.4663 | Epoch: 5976
    Eq omega: -0.016751 + -0.00867theta + -0.00545omega + -0.00091theta^2 + -0.00084theta omega + -0.01303omega^2 + -0.00021theta^3 + -0.00030theta^2 omega + -0.00124theta omega^2 + -0.00254omega^3
    Eq omega Phys: -0.021095*omega**3 - 0.000343*omega**2*theta - 0.001841*omega**2 - 3.0e-6*omega*theta**2 + 6.6e-5*omega*theta - 0.000557*omega + 2.0e-6*theta**2 - 3.5e-5*theta + 0.000193

--- Chunk 30779 (200/220) | Start: 2024-12-05 02:25:00 ---
    RMSE omega (GP): 0.003877 | RMSE omega (Sim): 0.070385
    Loss: 14.6760 | Epoch: 9999
    Eq omega: 0.017831 + 0.01627theta + 0.01281omega + 0.00224theta^2 + 0.00024theta omega + -0.01951omega^2 + 0.00010theta^3 + 0.00100theta^2 omega + -0.00031theta omega^2 + -0.00867omega^3
    Eq omega Phys: -0.061215*omega**3 - 7.3e-5*omega**2*theta - 0.008522*omega**2 + 8.0e-6*omega*theta**2 - 0.000199*omega*theta + 0.001686*omega - 4.8e-5

  [Progress 200/220] Mean RMSE omega (GP): 0.005197 | (Sim): 0.088668 | Mean loss: -3581965.3970 | Valid GP: 188/200 | Valid Sim: 173/200 | Elapsed: 696.9min | ETA: 69.7min

--- Chunk 30780 (201/220) | Start: 2024-12-05 02:30:00 ---
    RMSE omega (GP): 0.005685 | RMSE omega (Sim): 0.057348
    Loss: 68.9453 | Epoch: 9999
    Eq omega: -0.003091 + -0.00140theta + -0.00853omega + 0.00093theta^2 + -0.00055theta omega + -0.00319omega^2 + -0.00005theta^3 + 0.00007theta^2 omega + -0.00020theta omega^2 + -0.00069omega^3
    Eq omega Phys: -0.009484*omega**3 - 9.2e-5*omega**2*theta - 0.00017*omega**2 + 1.0e-6*omega*theta**2 - 5.9e-5*omega*theta + 0.000489*omega + 2.0e-6*theta**2 - 6.8e-5*theta + 0.000619

--- Chunk 30781 (202/220) | Start: 2024-12-05 02:35:00 ---
    RMSE omega (GP): 0.003342 | RMSE omega (Sim): 0.076968
    Loss: 15.4607 | Epoch: 9999
    Eq omega: -0.005411 + 0.01536theta + -0.10432omega + 0.00088theta^2 + 0.00958theta omega + -0.01914omega^2 + 0.00027theta^3 + 0.00035theta^2 omega + 0.00122theta omega^2 + -0.00450omega^3
    Eq omega Phys: -0.045651*omega**3 + 0.000413*omega**2*theta - 0.01612*omega**2 + 4.0e-6*omega*theta**2 + 9.0e-5*omega*theta - 0.005146*omega - 3.0e-6*theta**2 + 4.8e-5*theta - 0.000313

--- Chunk 30782 (203/220) | Start: 2024-12-05 02:40:00 ---
    RMSE omega (GP): 0.010805 | RMSE omega (Sim): 0.045920
    Loss: 394.6970 | Epoch: 9999
    Eq omega: 0.017061 + -0.00253theta + -0.00317omega + 0.00022theta^2 + -0.00021theta omega + -0.00151omega^2 + -0.00002theta^3 + 0.00004theta^2 omega + -0.00011theta omega^2 + -0.00022omega^3
    Eq omega Phys: -0.004901*omega**3 - 8.2e-5*omega**2*theta + 0.000642*omega**2 + 1.0e-6*omega*theta**2 - 5.3e-5*omega*theta + 0.000598*omega + 1.0e-6*theta**2 - 4.1e-5*theta + 0.00043

--- Chunk 30783 (204/220) | Start: 2024-12-05 02:45:00 ---
    RMSE omega (GP): 0.009976 | RMSE omega (Sim): 0.129505
    Loss: 56.0974 | Epoch: 9999
    Eq omega: 0.008641 + -0.00667theta + 0.01298omega + -0.00070theta^2 + 0.00523theta omega + 0.00820omega^2 + 0.00001theta^3 + -0.00382theta^2 omega + 0.00035theta omega^2 + -0.00392omega^3
    Eq omega Phys: -0.015263*omega**3 + 4.5e-5*omega**2*theta + 0.00244*omega**2 - 1.7e-5*omega*theta**2 + 0.000437*omega*theta - 0.002395*omega - 0.e-6*theta + 7.3e-5

--- Chunk 30784 (205/220) | Start: 2024-12-05 02:50:00 ---
    RMSE omega (GP): 0.004869 | RMSE omega (Sim): 0.031647
    Loss: 96.4276 | Epoch: 9999
    Eq omega: -0.031101 + 0.00393theta + 0.02152omega + 0.00047theta^2 + 0.00041theta omega + 0.00207omega^2 + -0.00000theta^3 + 0.00005theta^2 omega + 0.00027theta omega^2 + 0.00017omega^3
    Eq omega Phys: 0.004319*omega**3 + 0.000229*omega**2*theta - 0.004112*omega**2 + 1.0e-6*omega*theta**2 - 6.2e-5*omega*theta + 0.001364*omega - 2.1e-5*theta + 0.00018

--- Chunk 30785 (206/220) | Start: 2024-12-05 02:55:00 ---
    RMSE omega (GP): 0.009645 | RMSE omega (Sim): 0.051031
    Loss: 102.5509 | Epoch: 9999
    Eq omega: -0.033311 + -0.00294theta + -0.01820omega + -0.00015theta^2 + -0.00114theta omega + -0.00092omega^2 + -0.00000theta^3 + -0.00005theta^2 omega + -0.00011theta omega^2 + -0.00012omega^3
    Eq omega Phys: -0.000889*omega**3 - 2.7e-5*omega**2*theta + 0.000776*omega**2 + 1.8e-5*omega*theta - 0.000597*omega + 4.0e-6*theta - 9.7e-5

--- Chunk 30786 (207/220) | Start: 2024-12-05 03:00:00 ---
    RMSE omega (GP): 0.006123 | RMSE omega (Sim): 0.161939
    Loss: 6.9810 | Epoch: 9178
    Eq omega: -0.007921 + -0.02818theta + 0.00619omega + -0.01311theta^2 + -0.00633theta omega + 0.01432omega^2 + -0.15514theta^3 + -0.04964theta^2 omega + 0.00996theta omega^2 + 0.00589omega^3
    Eq omega Phys: 0.01093*omega**3 + 0.000616*omega**2*theta + 0.008596*omega**2 - 0.000102*omega*theta**2 - 0.001725*omega*theta - 0.007058*omega - 1.1e-5*theta**3 - 0.000265*theta**2 - 0.002227*theta - 0.006352

--- Chunk 30787 (208/220) | Start: 2024-12-05 03:05:00 ---
    RMSE omega (GP): 0.006899 | RMSE omega (Sim): 0.047689
    Loss: 205.1840 | Epoch: 9999
    Eq omega: -0.021121 + 0.00065theta + 0.00238omega + -0.00035theta^2 + 0.00024theta omega + 0.00211omega^2 + -0.00006theta^3 + -0.00006theta^2 omega + 0.00002theta omega^2 + 0.00029omega^3
    Eq omega Phys: 0.008161*omega**3 + 1.9e-5*omega**2*theta + 0.001533*omega**2 - 2.0e-6*omega*theta**2 + 0.00011*omega*theta - 0.001519*omega + 5.0e-6*theta**2 - 0.000118*theta + 0.000936

--- Chunk 30788 (209/220) | Start: 2024-12-05 03:10:00 ---
    RMSE omega (GP): 0.021250 | RMSE omega (Sim): 0.058186
    Loss: 1269.1672 | Epoch: 9999
    Eq omega: -0.021851 + -0.00533theta + -0.02541omega + 0.00218theta^2 + -0.00066theta omega + -0.00518omega^2 + -0.00002theta^3 + 0.00021theta^2 omega + -0.00003theta omega^2 + -0.00099omega^3
    Eq omega Phys: -0.016665*omega**3 - 1.7e-5*omega**2*theta - 0.003359*omega**2 + 4.0e-6*omega*theta**2 - 0.000259*omega*theta + 0.003422*omega + 3.0e-6*theta**2 - 0.000154*theta + 0.002256

--- Chunk 30789 (210/220) | Start: 2024-12-05 03:15:00 ---
    RMSE omega (GP): 0.006655 | RMSE omega (Sim): 0.109280
    Loss: 13.0951 | Epoch: 9999
    Eq omega: -0.018171 + -0.14234theta + -0.00899omega + -0.00890theta^2 + -0.00712theta omega + -0.00467omega^2 + -0.00344theta^3 + 0.00078theta^2 omega + 0.00284theta omega^2 + -0.00268omega^3
    Eq omega Phys: -0.006652*omega**3 + 0.000235*omega**2*theta + 0.001492*omega**2 + 2.0e-6*omega*theta**2 - 1.6e-5*omega*theta - 0.00081*omega - 1.4e-5*theta**2 - 0.000365*theta - 0.002948

--- Chunk 30790 (211/220) | Start: 2024-12-05 03:20:00 ---
    RMSE omega (GP): nan | RMSE omega (Sim): nan
    Loss: 26774.0176 | Epoch: 5
    Eq omega: nan1 + nantheta + nanomega + nantheta^2 + nantheta omega + nanomega^2 + nantheta^3 + nantheta^2 omega + nantheta omega^2 + nanomega^3
    Eq omega Phys: N/A

--- Chunk 30791 (212/220) | Start: 2024-12-05 03:25:00 ---
    RMSE omega (GP): 0.004212 | RMSE omega (Sim): 0.114363
    Loss: 5.6271 | Epoch: 6223
    Eq omega: -0.025711 + -0.01489theta + -0.04953omega + 0.02057theta^2 + 0.02366theta omega + 0.03026omega^2 + -0.03173theta^3 + 0.01205theta^2 omega + -0.00468theta omega^2 + -0.02967omega^3
    Eq omega Phys: -0.092497*omega**3 - 0.000486*omega**2*theta + 0.004972*omega**2 + 4.2e-5*omega*theta**2 + 0.001075*omega*theta + 0.004885*omega - 4.0e-6*theta**3 - 0.000101*theta**2 - 0.000934*theta - 0.003023

--- Chunk 30792 (213/220) | Start: 2024-12-05 03:30:00 ---
    RMSE omega (GP): 0.004990 | RMSE omega (Sim): 0.078809
    Loss: 15.1909 | Epoch: 9999
    Eq omega: 0.008621 + -0.00677theta + 0.01459omega + -0.01038theta^2 + 0.00116theta omega + -0.00133omega^2 + -0.00416theta^3 + 0.00117theta^2 omega + -0.00046theta omega^2 + -0.00068omega^3
    Eq omega Phys: -0.003248*omega**3 - 7.3e-5*omega**2*theta - 0.001202*omega**2 + 6.0e-6*omega*theta**2 + 0.000129*omega*theta + 0.001149*omega - 0.e-6*theta**3 - 2.5e-5*theta**2 - 0.000277*theta - 0.000998

--- Chunk 30793 (214/220) | Start: 2024-12-05 03:35:00 ---
    RMSE omega (GP): 0.002677 | RMSE omega (Sim): 0.090249
    Loss: 6.1625 | Epoch: 7454
    Eq omega: -0.006991 + -0.03081theta + -0.02963omega + 0.00079theta^2 + 0.01171theta omega + -0.04438omega^2 + -0.00335theta^3 + -0.00182theta^2 omega + -0.01159theta omega^2 + 0.00200omega^3
    Eq omega Phys: 0.015711*omega**3 - 0.003035*omega**2*theta - 0.042413*omega**2 - 1.6e-5*omega*theta**2 - 7.0e-6*omega*theta - 0.00036*omega - 0.e-6*theta**3 - 1.9e-5*theta**2 - 0.000152*theta - 0.000485

--- Chunk 30794 (215/220) | Start: 2024-12-05 03:40:00 ---
    RMSE omega (GP): 0.005616 | RMSE omega (Sim): 0.050129
    Loss: 16.8491 | Epoch: 9999
    Eq omega: 0.029341 + -0.00379theta + 0.02522omega + 0.01856theta^2 + -0.00245theta omega + -0.01089omega^2 + -0.00695theta^3 + 0.00151theta^2 omega + 0.00431theta omega^2 + -0.00258omega^3
    Eq omega Phys: -0.010651*omega**3 + 0.000593*omega**2*theta - 0.009791*omega**2 + 7.0e-6*omega*theta**2 - 0.000165*omega*theta + 0.001786*omega - 1.0e-6*theta**3 + 3.9e-5*theta**2 - 0.000452*theta + 0.001817

--- Chunk 30795 (216/220) | Start: 2024-12-05 03:45:00 ---
    RMSE omega (GP): 0.003818 | RMSE omega (Sim): 0.104608
    Loss: 7.1297 | Epoch: 7668
    Eq omega: 0.018871 + -0.23159theta + 0.05508omega + -0.05519theta^2 + -0.07343theta omega + 0.02760omega^2 + -0.00905theta^3 + -0.03462theta^2 omega + -0.04782theta omega^2 + 0.00927omega^3
    Eq omega Phys: 0.039066*omega**3 - 0.006717*omega**2*theta + 0.069689*omega**2 - 0.000162*omega*theta**2 + 0.001947*omega*theta - 0.002711*omega - 1.0e-6*theta**3 + 1.4e-5*theta**2 - 0.000182*theta + 0.001509

--- Chunk 30796 (217/220) | Start: 2024-12-05 03:50:00 ---
    RMSE omega (GP): 0.005469 | RMSE omega (Sim): 0.083941
    Loss: 20.4782 | Epoch: 9999
    Eq omega: -0.001551 + -0.00594theta + -0.00604omega + 0.00183theta^2 + 0.00160theta omega + -0.00478omega^2 + -0.00048theta^3 + -0.00002theta^2 omega + 0.00147theta omega^2 + -0.00468omega^3
    Eq omega Phys: -0.023132*omega**3 + 0.000242*omega**2*theta - 0.008159*omega**2 + 2.7e-5*omega*theta - 0.00083*omega + 8.0e-6*theta**2 - 0.000223*theta + 0.002197

--- Chunk 30797 (218/220) | Start: 2024-12-05 03:55:00 ---
    RMSE omega (GP): 0.006685 | RMSE omega (Sim): 0.113691
    Loss: 12.6832 | Epoch: 9999
    Eq omega: 0.029941 + -0.18133theta + -0.03591omega + -0.01332theta^2 + 0.01568theta omega + -0.01516omega^2 + -0.00441theta^3 + -0.00378theta^2 omega + 0.00837theta omega^2 + -0.02282omega^3
    Eq omega Phys: -0.056467*omega**3 + 0.00069*omega**2*theta - 0.017436*omega**2 - 1.0e-5*omega*theta**2 + 0.000544*omega*theta - 0.007773*omega + 1.9e-5*theta**2 - 0.000476*theta + 0.005157

--- Chunk 30798 (219/220) | Start: 2024-12-05 04:00:00 ---
    RMSE omega (GP): 0.004576 | RMSE omega (Sim): 0.122452
    Loss: 10.4124 | Epoch: 3763
    Eq omega: -0.022901 + -0.04235theta + -0.04522omega + -0.13493theta^2 + 0.01099theta omega + 0.13063omega^2 + -0.16909theta^3 + -0.08579theta^2 omega + -0.10519theta omega^2 + 0.02772omega^3
    Eq omega Phys: 0.12804*omega**3 - 0.016196*omega**2*theta + 0.119268*omega**2 - 0.00044*omega*theta**2 + 0.003842*omega*theta - 0.009875*omega - 2.9e-5*theta**3 + 0.000306*theta**2 - 0.001083*theta + 0.001237

--- Chunk 30799 (220/220) | Start: 2024-12-05 04:05:00 ---
    RMSE omega (GP): 0.003987 | RMSE omega (Sim): 0.095562
    Loss: 5.4168 | Epoch: 5168
    Eq omega: -0.014581 + -0.10593theta + 0.01418omega + 0.05701theta^2 + 0.04338theta omega + -0.12717omega^2 + -0.19521theta^3 + -0.00236theta^2 omega + 0.20599theta omega^2 + 0.00839omega^3
    Eq omega Phys: 0.031733*omega**3 + 0.02597*omega**2*theta + 0.021409*omega**2 - 1.0e-5*omega*theta**2 + 0.000463*omega*theta + 0.001723*omega - 2.7e-5*theta**3 - 0.000188*theta**2 - 0.000541*theta - 0.00066

  [Progress 220/220] Mean RMSE omega (GP): 0.005335 | (Sim): 0.088349 | Mean loss: -3256199.8946 | Valid GP: 207/220 | Valid Sim: 192/220 | Elapsed: 767.2min | ETA: 0.0min

============================================================
EVALUATION COMPLETE — Chunks [30580, 30799]
============================================================
Chunks processed: 220
Chunks succeeded GP:  207 (94.1%)
Chunks succeeded Sim: 192 (87.3%)
Mean GP RMSE omega:   0.005335 ± 0.003215
Mean SIM RMSE omega:  0.088349 ± 0.064818
Mean Loss:            -3256199.8946 ± 27187403.6967
Elapsed time:     767.2 minutes

Per-chunk CSV: /pfs/data6/home/ka/ka_iai/ka_bj2362/dsr/svise/results_5min_all_chunks/run_SLURM_3718515/chunks_30580_to_30799_20260320_233920.csv
Summary JSON:  /pfs/data6/home/ka/ka_iai/ka_bj2362/dsr/svise/results_5min_all_chunks/run_SLURM_3718515/summary_30580_to_30799_20260320_233920.json
============================================================
       (h = step size). solver will continue anyway  
      in above,  r1 =  0.7023904979598D+01   r2 =  0.2567046707527D-15
 lsoda--  warning..internal t (=r1) and h (=r2) are  
       such that in the machine, t + h = t on the next step  
       (h = step size). solver will continue anyway  
      in above,  r1 =  0.7023904979598D+01   r2 =  0.2567046707527D-15
 lsoda--  warning..internal t (=r1) and h (=r2) are  
       such that in the machine, t + h = t on the next step  
       (h = step size). solver will continue anyway  
      in above,  r1 =  0.7023904979598D+01   r2 =  0.2567046707527D-15
 lsoda--  warning..internal t (=r1) and h (=r2) are  
       such that in the machine, t + h = t on the next step  
       (h = step size). solver will continue anyway  
      in above,  r1 =  0.7023904979598D+01   r2 =  0.2109769451854D-15
 lsoda--  above warning has been issued i1 times.    
       it will not be issued again for this problem  
      in above message,  i1 =        10
 lsoda--  warning..internal t (=r1) and h (=r2) are  
       such that in the machine, t + h = t on the next step  
       (h = step size). solver will continue anyway  
      in above,  r1 =  0.2982064920080D+01   r2 =  0.2186934335585D-15
 lsoda--  warning..internal t (=r1) and h (=r2) are  
       such that in the machine, t + h = t on the next step  
       (h = step size). solver will continue anyway  
      in above,  r1 =  0.2982064920080D+01   r2 =  0.2186934335585D-15
 lsoda--  warning..internal t (=r1) and h (=r2) are  
       such that in the machine, t + h = t on the next step  
       (h = step size). solver will continue anyway  
      in above,  r1 =  0.2982064920080D+01   r2 =  0.2186934335585D-15
 lsoda--  warning..internal t (=r1) and h (=r2) are  
       such that in the machine, t + h = t on the next step  
       (h = step size). solver will continue anyway  
      in above,  r1 =  0.2982064920080D+01   r2 =  0.1797367875863D-15
 lsoda--  warning..internal t (=r1) and h (=r2) are  
       such that in the machine, t + h = t on the next step  
       (h = step size). solver will continue anyway  
      in above,  r1 =  0.2982064920080D+01   r2 =  0.1797367875863D-15
 lsoda--  warning..internal t (=r1) and h (=r2) are  
       such that in the machine, t + h = t on the next step  
       (h = step size). solver will continue anyway  
      in above,  r1 =  0.2982064920080D+01   r2 =  0.1797367875863D-15
 lsoda--  warning..internal t (=r1) and h (=r2) are  
       such that in the machine, t + h = t on the next step  
       (h = step size). solver will continue anyway  
      in above,  r1 =  0.2982064920080D+01   r2 =  0.1477196286463D-15
 lsoda--  warning..internal t (=r1) and h (=r2) are  
       such that in the machine, t + h = t on the next step  
       (h = step size). solver will continue anyway  
      in above,  r1 =  0.2982064920080D+01   r2 =  0.1477196286463D-15
 lsoda--  warning..internal t (=r1) and h (=r2) are  
       such that in the machine, t + h = t on the next step  
       (h = step size). solver will continue anyway  
      in above,  r1 =  0.2982064920080D+01   r2 =  0.1477196286463D-15
 lsoda--  warning..internal t (=r1) and h (=r2) are  
       such that in the machine, t + h = t on the next step  
       (h = step size). solver will continue anyway  
      in above,  r1 =  0.2982064920080D+01   r2 =  0.1214058010578D-15
 lsoda--  above warning has been issued i1 times.    
       it will not be issued again for this problem  
      in above message,  i1 =        10

============================= JOB FEEDBACK =============================

NodeName=uc3n102
Job ID: 3718906
Array Job ID: 3718515_139
Cluster: uc3
User/Group: ka_bj2362/ka_iai
State: COMPLETED (exit code 0)
Nodes: 1
Cores per node: 4
CPU Utilized: 12:42:19
CPU Efficiency: 24.82% of 2-03:11:04 core-walltime
Job Wall-clock time: 12:47:46
Memory Utilized: 4.82 GB
Memory Efficiency: 40.13% of 12.00 GB (12.00 GB/node)
