Array task 186: processing chunks 40920 to 41139
Loading data from /pfs/data6/home/ka/ka_iai/ka_bj2362/dsr/svise/../dataset/South_Korea_2024-08-15_2025-08-31_1s.parquet...
Finding all valid 5-minute chunks in the dataset...
Found 107059 valid 5-minute chunks in total.

============================================================
SVISE FINAL EVALUATION — ALL CHUNKS
============================================================
Hyperparameters: {
  "model": "integrator",
  "sigma": 0,
  "degree": 3,
  "tau": 0.5,
  "lr": 0.001,
  "n_tau": 200,
  "measurement_noise": 0.0001,
  "n_reparam_samples": 15
}
Total valid chunks in dataset: 107059
Processing chunk range: [40920, 41139] (220 chunks)
Early stopping: patience=300, max_epochs=10000
============================================================


--- Chunk 40920 (1/220) | Start: 2025-01-13 16:25:00 ---
/pfs/data6/home/ka/ka_iai/ka_bj2362/dsr/svise/svise/sde_learning/_marginal_sde.py:284: UserWarning: torch.triangular_solve is deprecated in favor of torch.linalg.solve_triangularand will be removed in a future PyTorch release.
torch.linalg.solve_triangular has its arguments reversed and does not return a copy of one of the inputs.
X = torch.triangular_solve(B, A).solution
should be replaced with
X = torch.linalg.solve_triangular(A, B). (Triggered internally at ../aten/src/ATen/native/BatchLinearAlgebra.cpp:2192.)
  return torch.triangular_solve(self.raw_w, self.C.t()).solution
/pfs/data6/home/ka/ka_iai/ka_bj2362/dsr/svise/svise/quadrature/_unbiased_quadrature.py:196: UserWarning: Interp is nan, reducing interp degree.
  warnings.warn("Interp is nan, reducing interp degree.")
    RMSE omega (GP): 0.003897 | RMSE omega (Sim): 0.089258
    Loss: 6.6710 | Epoch: 9999
    Eq omega: -0.042971 + -0.01299theta + -0.03081omega + -0.00449theta^2 + 0.00106theta omega + -0.00249omega^2 + -0.00073theta^3 + -0.00266theta^2 omega + -0.00038theta omega^2 + -0.02405omega^3
    Eq omega Phys: -0.10032*omega**3 - 5.3e-5*omega**2*theta - 0.001347*omega**2 - 1.2e-5*omega*theta**2 - 0.000182*omega*theta - 0.001697*omega - 5.0e-6*theta**2 - 6.5e-5*theta - 0.000416

--- Chunk 40921 (2/220) | Start: 2025-01-13 16:30:00 ---
    RMSE omega (GP): 0.003911 | RMSE omega (Sim): 0.050804
    Loss: -8436440.0000 | Epoch: 5960
    Eq omega: 0.082581 + -0.03015theta + -0.08970omega + 0.01481theta^2 + -0.00221theta omega + 0.08089omega^2 + -0.11941theta^3 + -0.02081theta^2 omega + 0.03489theta omega^2 + -0.04228omega^3
    Eq omega Phys: -0.178031*omega**3 + 0.004897*omega**2*theta + 0.04983*omega**2 - 9.7e-5*omega*theta**2 - 0.000804*omega*theta - 0.004648*omega - 1.9e-5*theta**3 - 0.000217*theta**2 - 0.000872*theta - 0.000971

--- Chunk 40922 (3/220) | Start: 2025-01-13 16:35:00 ---
    RMSE omega (GP): 0.006094 | RMSE omega (Sim): 0.045573
    Loss: 13.9119 | Epoch: 9999
    Eq omega: -0.011341 + -0.05640theta + -0.01179omega + -0.00503theta^2 + 0.00958theta omega + 0.00317omega^2 + -0.00984theta^3 + -0.00169theta^2 omega + 0.03158theta omega^2 + -0.00142omega^3
    Eq omega Phys: -0.004363*omega**3 + 0.003234*omega**2*theta - 0.055527*omega**2 - 6.0e-6*omega*theta**2 + 0.000304*omega*theta - 0.003943*omega - 1.0e-6*theta**3 + 5.7e-5*theta**2 - 0.001027*theta + 0.006492

--- Chunk 40923 (4/220) | Start: 2025-01-13 16:40:00 ---
    RMSE omega (GP): 0.007156 | RMSE omega (Sim): 0.065141
    Loss: 36.6082 | Epoch: 9999
    Eq omega: -0.007461 + -0.01314theta + -0.01547omega + -0.00035theta^2 + 0.00402theta omega + 0.00632omega^2 + -0.00014theta^3 + 0.00021theta^2 omega + -0.00085theta omega^2 + -0.00211omega^3
    Eq omega Phys: -0.010511*omega**3 - 0.000141*omega**2*theta - 0.001778*omega**2 + 1.0e-6*omega*theta**2 + 0.000126*omega*theta + 0.002274*omega - 3.0e-6*theta**2 - 9.8e-5*theta - 0.001379

--- Chunk 40924 (5/220) | Start: 2025-01-13 16:45:00 ---
    RMSE omega (GP): 0.004885 | RMSE omega (Sim): 0.073581
    Loss: 10.9545 | Epoch: 8632
    Eq omega: -0.003401 + -0.02301theta + -0.00638omega + 0.02814theta^2 + -0.05016theta omega + -0.02509omega^2 + -0.04906theta^3 + -0.00973theta^2 omega + -0.00173theta omega^2 + -0.02283omega^3
    Eq omega Phys: -0.087139*omega**3 - 0.00022*omega**2*theta - 0.008222*omega**2 - 4.1e-5*omega*theta**2 - 0.000324*omega*theta + 0.001308*omega - 7.0e-6*theta**3 + 8.0e-5*theta**2 - 0.000327*theta + 0.000446

--- Chunk 40925 (6/220) | Start: 2025-01-13 16:50:00 ---
    RMSE omega (GP): 0.003077 | RMSE omega (Sim): 0.105628
    Loss: 3.4484 | Epoch: 6646
    Eq omega: -0.073771 + -0.24667theta + -0.11758omega + 0.10360theta^2 + 0.07407theta omega + -0.07447omega^2 + -0.01716theta^3 + 0.04356theta^2 omega + -0.16630theta omega^2 + -0.06862omega^3
    Eq omega Phys: -0.287754*omega**3 - 0.023246*omega**2*theta - 0.180053*omega**2 + 0.000203*omega*theta**2 + 0.003581*omega*theta + 0.010827*omega - 3.0e-6*theta**3 - 9.0e-6*theta**2 - 5.3e-5*theta - 0.000917

--- Chunk 40926 (7/220) | Start: 2025-01-13 16:55:00 ---
    RMSE omega (GP): 0.003810 | RMSE omega (Sim): 0.208275
    Loss: 0.8000 | Epoch: 6514
    Eq omega: -0.124441 + -0.04327theta + -0.04723omega + 0.00346theta^2 + 0.03686theta omega + -0.16053omega^2 + -0.37893theta^3 + 0.37720theta^2 omega + -0.05548theta omega^2 + -0.02253omega^3
    Eq omega Phys: -0.047491*omega**3 - 0.003898*omega**2*theta - 0.022446*omega**2 + 0.000883*omega*theta**2 - 0.008788*omega*theta + 0.020248*omega - 3.0e-5*theta**3 + 0.000459*theta**2 - 0.00242*theta + 0.003813

--- Chunk 40927 (8/220) | Start: 2025-01-13 17:00:00 ---
    RMSE omega (GP): 0.005180 | RMSE omega (Sim): 0.118744
    Loss: 6.4242 | Epoch: 7783
    Eq omega: 0.005641 + -0.02417theta + -0.00884omega + 0.02108theta^2 + 0.00446theta omega + -0.01149omega^2 + -0.00079theta^3 + -0.00155theta^2 omega + 0.00036theta omega^2 + -0.00913omega^3
    Eq omega Phys: -0.02045*omega**3 + 2.7e-5*omega**2*theta - 0.002615*omega**2 - 4.0e-6*omega*theta**2 - 0.00011*omega*theta - 0.000971*omega + 3.0e-6*theta**2 + 0.000148*theta + 0.001449

--- Chunk 40928 (9/220) | Start: 2025-01-13 17:05:00 ---
    RMSE omega (GP): 0.004063 | RMSE omega (Sim): 0.153207
    Loss: 9.2185 | Epoch: 6079
    Eq omega: -0.087451 + -1.01582theta + 0.12283omega + -0.18137theta^2 + 0.01562theta omega + -0.06719omega^2 + -0.00850theta^3 + 0.03423theta^2 omega + 0.01236theta omega^2 + 0.03666omega^3
    Eq omega Phys: 0.175089*omega**3 + 0.001968*omega**2*theta - 0.031625*omega**2 + 0.000182*omega*theta**2 - 0.000681*omega*theta + 0.004674*omega - 2.0e-6*theta**3 - 6.9e-5*theta**2 - 0.000762*theta + 0.002059

--- Chunk 40929 (10/220) | Start: 2025-01-13 17:10:00 ---
    RMSE omega (GP): 0.004378 | RMSE omega (Sim): 0.179366
    Loss: 8.0326 | Epoch: 9999
    Eq omega: -0.022901 + -0.00619theta + -0.04511omega + 0.01543theta^2 + -0.01869theta omega + -0.01862omega^2 + -0.01527theta^3 + -0.00402theta^2 omega + 0.01757theta omega^2 + 0.00311omega^3
    Eq omega Phys: 0.01231*omega**3 + 0.002318*omega**2*theta + 0.029107*omega**2 - 1.8e-5*omega*theta**2 - 0.000773*omega*theta - 0.009238*omega - 2.0e-6*theta**3 - 9.8e-5*theta**2 - 0.001422*theta - 0.006979

--- Chunk 40930 (11/220) | Start: 2025-01-13 17:15:00 ---
/pfs/data6/home/ka/ka_iai/ka_bj2362/dsr/svise/svise/quadrature/_unbiased_quadrature.py:174: UserWarning: NaN detected in fxq (quadrature node evaluations). Clamping to 0.
  warnings.warn("NaN detected in fxq (quadrature node evaluations). Clamping to 0.")
/pfs/data6/home/ka/ka_iai/ka_bj2362/dsr/svise/svise/quadrature/_unbiased_quadrature.py:177: UserWarning: NaN detected in fmc (Monte-Carlo node evaluations). Clamping to 0.
  warnings.warn("NaN detected in fmc (Monte-Carlo node evaluations). Clamping to 0.")
    RMSE omega (GP): nan | RMSE omega (Sim): nan
    Loss: 676435.0625 | Epoch: 5
    Eq omega: nan1 + nantheta + nanomega + nantheta^2 + nantheta omega + nanomega^2 + nantheta^3 + nantheta^2 omega + nantheta omega^2 + nanomega^3
    Eq omega Phys: N/A

--- Chunk 40931 (12/220) | Start: 2025-01-13 17:20:00 ---
    RMSE omega (GP): 0.003322 | RMSE omega (Sim): 0.129775
    Loss: 0.3082 | Epoch: 5912
    Eq omega: 0.275221 + -0.03318theta + -0.01597omega + 0.02714theta^2 + -0.10815theta omega + 0.04252omega^2 + -0.22269theta^3 + -0.02829theta^2 omega + 0.00075theta omega^2 + -0.00802omega^3
    Eq omega Phys: -0.02244*omega**3 + 7.0e-5*omega**2*theta + 0.013231*omega**2 - 8.8e-5*omega*theta**2 - 0.001719*omega*theta - 0.005489*omega - 2.3e-5*theta**3 - 0.000234*theta**2 - 0.000828*theta - 1.7e-5

--- Chunk 40932 (13/220) | Start: 2025-01-13 17:25:00 ---
    RMSE omega (GP): 0.003517 | RMSE omega (Sim): 0.060497
    Loss: 7.9770 | Epoch: 6815
    Eq omega: 0.055531 + -0.00377theta + -0.14658omega + -0.02108theta^2 + -0.11096theta omega + 0.31325omega^2 + -0.34767theta^3 + -0.00605theta^2 omega + 0.00463theta omega^2 + -0.15784omega^3
    Eq omega Phys: -0.932624*omega**3 + 0.000912*omega**2*theta + 0.136069*omega**2 - 4.0e-5*omega*theta**2 - 0.001384*omega*theta + 9.0e-6*omega - 7.6e-5*theta**3 + 0.000728*theta**2 - 0.002326*theta + 0.00262

--- Chunk 40933 (14/220) | Start: 2025-01-13 17:30:00 ---
    RMSE omega (GP): 0.003966 | RMSE omega (Sim): 0.145385
    Loss: 13.6659 | Epoch: 8105
    Eq omega: -0.006711 + 0.03635theta + 0.05810omega + 0.03357theta^2 + 0.04191theta omega + 0.01922omega^2 + -0.16408theta^3 + 0.12173theta^2 omega + 0.14402theta omega^2 + -0.12355omega^3
    Eq omega Phys: -0.778355*omega**3 + 0.030244*omega**2*theta - 0.062928*omega**2 + 0.000852*omega*theta**2 - 0.003402*omega*theta + 0.005212*omega - 3.8e-5*theta**3 + 0.00029*theta**2 - 0.000687*theta + 0.000495

--- Chunk 40934 (15/220) | Start: 2025-01-13 17:35:00 ---
    RMSE omega (GP): 0.004083 | RMSE omega (Sim): 0.079022
    Loss: 14.1147 | Epoch: 6260
    Eq omega: -0.006181 + 0.01117theta + -0.13358omega + 0.00048theta^2 + 0.02257theta omega + 0.03631omega^2 + -0.00069theta^3 + -0.00110theta^2 omega + -0.11126theta omega^2 + -0.02823omega^3
    Eq omega Phys: -0.181904*omega**3 - 0.023897*omega**2*theta - 0.199356*omega**2 - 8.0e-6*omega*theta**2 + 0.000206*omega*theta - 0.001943*omega - 4.0e-6*theta**2 - 2.4e-5*theta - 4.0e-6

--- Chunk 40935 (16/220) | Start: 2025-01-13 17:40:00 ---
    RMSE omega (GP): 0.002982 | RMSE omega (Sim): 0.115497
    Loss: 8.6689 | Epoch: 6321
    Eq omega: -0.040671 + -0.14823theta + -0.02240omega + -0.00077theta^2 + -0.00101theta omega + -0.00746omega^2 + -0.01257theta^3 + 0.00609theta^2 omega + 0.00136theta omega^2 + -0.00426omega^3
    Eq omega Phys: -0.034654*omega**3 + 0.000369*omega**2*theta - 0.001387*omega**2 + 5.5e-5*omega*theta**2 + 0.000728*omega*theta + 0.00166*omega - 4.0e-6*theta**3 - 7.7e-5*theta**2 - 0.000692*theta - 0.0024

--- Chunk 40936 (17/220) | Start: 2025-01-13 17:45:00 ---
    RMSE omega (GP): 0.004136 | RMSE omega (Sim): 0.117031
    Loss: 6.7152 | Epoch: 6975
    Eq omega: 0.060321 + -0.02315theta + 0.05465omega + -0.01146theta^2 + 0.03608theta omega + -0.02187omega^2 + -0.00150theta^3 + 0.00278theta^2 omega + -0.04199theta omega^2 + 0.00460omega^3
    Eq omega Phys: 0.016454*omega**3 - 0.005007*omega**2*theta - 0.015363*omega**2 + 1.1e-5*omega*theta**2 + 0.00045*omega*theta + 0.002496*omega - 5.0e-6*theta**2 - 4.1e-5*theta + 0.000143

--- Chunk 40937 (18/220) | Start: 2025-01-13 17:50:00 ---
    RMSE omega (GP): 0.006263 | RMSE omega (Sim): 0.049428
    Loss: 39.0783 | Epoch: 9999
    Eq omega: -0.013261 + -0.01153theta + -0.00368omega + 0.00146theta^2 + 0.01350theta omega + 0.01158omega^2 + -0.00267theta^3 + 0.00017theta^2 omega + 0.00291theta omega^2 + 0.00437omega^3
    Eq omega Phys: 0.029925*omega**3 + 0.000664*omega**2*theta - 0.004388*omega**2 + 1.0e-6*omega*theta**2 + 0.000176*omega*theta - 0.003045*omega - 0.e-6*theta**3 + 3.1e-5*theta**2 - 0.000489*theta + 0.002589

--- Chunk 40938 (19/220) | Start: 2025-01-13 17:55:00 ---
    RMSE omega (GP): 0.003996 | RMSE omega (Sim): 0.083574
    Loss: 7.5324 | Epoch: 7762
    Eq omega: -0.070451 + -0.09524theta + 0.00519omega + -0.02797theta^2 + 0.02365theta omega + -0.01559omega^2 + -0.02062theta^3 + -0.03205theta^2 omega + 0.00253theta omega^2 + 0.02069omega^3
    Eq omega Phys: 0.097437*omega**3 + 0.000397*omega**2*theta - 0.005034*omega**2 - 0.000168*omega*theta**2 - 0.000653*omega*theta - 0.000318*omega - 4.0e-6*theta**3 - 4.3e-5*theta**2 - 0.000266*theta - 0.00069

--- Chunk 40939 (20/220) | Start: 2025-01-13 18:00:00 ---
    RMSE omega (GP): nan | RMSE omega (Sim): nan
    Loss: 18516.6602 | Epoch: 5
    Eq omega: nan1 + nantheta + nanomega + nantheta^2 + nantheta omega + nanomega^2 + nantheta^3 + nantheta^2 omega + nantheta omega^2 + nanomega^3
    Eq omega Phys: N/A

--- Chunk 40940 (21/220) | Start: 2025-01-13 18:05:00 ---
/pfs/data6/home/ka/ka_iai/ka_bj2362/dsr/svise/run_analysis_5min_all_chunks.py:212: ODEintWarning: Excess work done on this call (perhaps wrong Dfun type). Run with full_output = 1 to get quantitative information.
  sol_scaled = odeint(drift, x0_scaled, t_scaled, full_output=False)
    RMSE omega (GP): 0.003991 | RMSE omega (Sim): nan
    Loss: 7.6310 | Epoch: 7608
    Eq omega: 0.035651 + -0.13409theta + 0.10460omega + -0.09375theta^2 + -0.01097theta omega + 0.04484omega^2 + -0.04501theta^3 + -0.03112theta^2 omega + 0.07817theta omega^2 + 0.05712omega^3
    Eq omega Phys: 0.262851*omega**3 + 0.011991*omega**2*theta - 0.063325*omega**2 - 0.000159*omega*theta**2 + 0.002004*omega*theta - 0.002788*omega - 8.0e-6*theta**3 + 0.000114*theta**2 - 0.000646*theta + 0.001605

--- Chunk 40941 (22/220) | Start: 2025-01-13 18:10:00 ---
    RMSE omega (GP): 0.003914 | RMSE omega (Sim): 0.169605
    Loss: 12.8400 | Epoch: 8094
    Eq omega: -0.052231 + -0.03104theta + -0.00458omega + -0.00764theta^2 + -0.00358theta omega + 0.01903omega^2 + -0.00395theta^3 + -0.00010theta^2 omega + 0.00380theta omega^2 + 0.00072omega^3
    Eq omega Phys: 0.00462*omega**3 + 0.000813*omega**2*theta + 0.015465*omega**2 - 0.e-6*omega*theta**2 - 6.7e-5*omega*theta - 0.000653*omega - 0.e-6*theta**3 - 2.7e-5*theta**2 - 0.000288*theta - 0.001189

--- Chunk 40942 (23/220) | Start: 2025-01-13 18:15:00 ---
    RMSE omega (GP): 0.003375 | RMSE omega (Sim): 0.057658
    Loss: 1.5385 | Epoch: 9999
    Eq omega: 0.040491 + -0.01330theta + -0.03327omega + 0.04261theta^2 + 0.01415theta omega + 0.03948omega^2 + -0.02245theta^3 + -0.03625theta^2 omega + 0.00589theta omega^2 + 0.00298omega^3
    Eq omega Phys: 0.008466*omega**3 + 0.000558*omega**2*theta + 0.015732*omega**2 - 0.000114*omega*theta**2 - 0.001325*omega*theta - 0.004898*omega - 2.0e-6*theta**3 - 3.1e-5*theta**2 - 0.00012*theta + 2.6e-5

--- Chunk 40943 (24/220) | Start: 2025-01-13 18:20:00 ---
    RMSE omega (GP): 0.003864 | RMSE omega (Sim): 0.165338
    Loss: 5.1019 | Epoch: 9999
    Eq omega: -0.255611 + -0.24790theta + -0.03644omega + -0.01991theta^2 + 0.07575theta omega + -0.31897omega^2 + -0.06782theta^3 + -0.05947theta^2 omega + 0.05476theta omega^2 + 0.00488omega^3
    Eq omega Phys: 0.018906*omega**3 + 0.007072*omega**2*theta - 0.115105*omega**2 - 0.000256*omega*theta**2 + 0.000942*omega*theta - 0.001278*omega - 1.0e-5*theta**3 - 6.0e-6*theta**2 - 0.000274*theta - 0.000772

--- Chunk 40944 (25/220) | Start: 2025-01-13 18:25:00 ---
    RMSE omega (GP): 0.004728 | RMSE omega (Sim): 0.068101
    Loss: 11.0357 | Epoch: 7395
    Eq omega: -0.197021 + -0.01598theta + 0.02362omega + -0.00262theta^2 + -0.00039theta omega + -0.02040omega^2 + -0.00004theta^3 + 0.00087theta^2 omega + -0.00050theta omega^2 + 0.00008omega^3
    Eq omega Phys: 0.000341*omega**3 - 7.1e-5*omega**2*theta - 0.00823*omega**2 + 4.0e-6*omega*theta**2 + 5.8e-5*omega*theta + 0.000991*omega - 1.0e-6*theta**2 - 3.6e-5*theta - 0.000784

--- Chunk 40945 (26/220) | Start: 2025-01-13 18:30:00 ---
    RMSE omega (GP): 0.008102 | RMSE omega (Sim): 0.097911
    Loss: 16.4251 | Epoch: 9999
    Eq omega: 0.028751 + -0.00599theta + -0.02809omega + 0.00160theta^2 + -0.00103theta omega + 0.01451omega^2 + -0.00039theta^3 + -0.00011theta^2 omega + 0.00085theta omega^2 + -0.00239omega^3
    Eq omega Phys: -0.004926*omega**3 + 5.8e-5*omega**2*theta + 0.005623*omega**2 - 2.5e-5*omega*theta - 0.001461*omega - 2.0e-6*theta**2 - 6.4e-5*theta - 0.000534

--- Chunk 40946 (27/220) | Start: 2025-01-13 18:35:00 ---
    RMSE omega (GP): 0.003968 | RMSE omega (Sim): 0.122999
    Loss: 9.6744 | Epoch: 8837
    Eq omega: -0.100781 + -0.07868theta + 0.04676omega + -0.00861theta^2 + -0.00259theta omega + -0.03314omega^2 + -0.00056theta^3 + 0.00095theta^2 omega + -0.00255theta omega^2 + 0.00593omega^3
    Eq omega Phys: 0.029772*omega**3 - 0.000427*omega**2*theta - 0.015659*omega**2 + 5.0e-6*omega*theta**2 + 1.7e-5*omega*theta + 0.001513*omega - 5.0e-6*theta**2 - 0.000134*theta - 0.000812

--- Chunk 40947 (28/220) | Start: 2025-01-13 18:40:00 ---
    RMSE omega (GP): 0.007134 | RMSE omega (Sim): 0.074286
    Loss: 95.8711 | Epoch: 9999
    Eq omega: -0.033111 + 0.00040theta + 0.00475omega + -0.00017theta^2 + 0.00104theta omega + -0.00004omega^2 + 0.00001theta^3 + 0.00005theta^2 omega + -0.00038theta omega^2 + 0.00048omega^3
    Eq omega Phys: 0.005845*omega**3 - 0.000154*omega**2*theta - 0.00381*omega**2 + 1.0e-6*omega*theta**2 + 5.5e-5*omega*theta + 0.001108*omega + 3.0e-6*theta - 5.3e-5

--- Chunk 40948 (29/220) | Start: 2025-01-13 18:45:00 ---
    RMSE omega (GP): 0.004224 | RMSE omega (Sim): 0.144924
    Loss: 3.3137 | Epoch: 8464
    Eq omega: 0.139061 + -0.06367theta + 0.02371omega + 0.01372theta^2 + -0.00156theta omega + 0.24687omega^2 + -0.11216theta^3 + -0.03634theta^2 omega + 0.00413theta omega^2 + -0.00711omega^3
    Eq omega Phys: -0.018451*omega**3 + 0.000357*omega**2*theta + 0.07371*omega**2 - 0.000105*omega*theta**2 - 0.000662*omega*theta - 0.000254*omega - 1.1e-5*theta**3 - 9.5e-5*theta**2 - 0.000351*theta + 3.3e-5

--- Chunk 40949 (30/220) | Start: 2025-01-13 18:50:00 ---
    RMSE omega (GP): 0.003031 | RMSE omega (Sim): 0.131955
    Loss: 4.3672 | Epoch: 6655
    Eq omega: 0.001931 + -0.02907theta + 0.03482omega + 0.03298theta^2 + 0.03808theta omega + 0.18734omega^2 + -0.19750theta^3 + 0.00002theta^2 omega + 0.15963theta omega^2 + -0.00839omega^3
    Eq omega Phys: -0.039572*omega**3 + 0.025097*omega**2*theta + 0.209288*omega**2 + 0.000504*omega*theta + 0.003871*omega - 3.5e-5*theta**3 - 0.000542*theta**2 - 0.002871*theta - 0.005119

--- Chunk 40950 (31/220) | Start: 2025-01-13 18:55:00 ---
    RMSE omega (GP): 0.003848 | RMSE omega (Sim): 0.102224
    Loss: 6.3445 | Epoch: 5471
    Eq omega: 0.040511 + -0.07142theta + -0.03200omega + -0.22041theta^2 + 0.00506theta omega + -0.04580omega^2 + -0.31047theta^3 + -0.24774theta^2 omega + 0.05782theta omega^2 + 0.01752omega^3
    Eq omega Phys: 0.07311*omega**3 + 0.008043*omega**2*theta - 0.033019*omega**2 - 0.001149*omega*theta**2 + 0.004615*omega*theta - 0.005702*omega - 4.8e-5*theta**3 + 0.000194*theta**2 - 0.000283*theta + 0.000293

--- Chunk 40951 (32/220) | Start: 2025-01-13 19:00:00 ---
    RMSE omega (GP): 0.002968 | RMSE omega (Sim): 0.081482
    Loss: 3.4192 | Epoch: 7526
    Eq omega: -0.007471 + -0.49814theta + 0.13374omega + 0.00612theta^2 + 0.08622theta omega + 0.00411omega^2 + 0.00081theta^3 + 0.01854theta^2 omega + -0.00613theta omega^2 + 0.01724omega^3
    Eq omega Phys: 0.0847*omega**3 - 0.001004*omega**2*theta + 0.002675*omega**2 + 0.000101*omega*theta**2 + 0.000959*omega*theta + 0.003388*omega + 2.0e-6*theta**2 - 0.000559*theta + 0.00054

--- Chunk 40952 (33/220) | Start: 2025-01-13 19:05:00 ---
    RMSE omega (GP): 0.004653 | RMSE omega (Sim): 0.065248
    Loss: 10.2459 | Epoch: 9267
    Eq omega: -0.196521 + -0.06061theta + 0.00803omega + -0.03625theta^2 + -0.03766theta omega + -0.05155omega^2 + -0.04026theta^3 + -0.01037theta^2 omega + 0.01009theta omega^2 + 0.02656omega^3
    Eq omega Phys: 0.112963*omega**3 + 0.00143*omega**2*theta - 0.032159*omega**2 - 4.9e-5*omega*theta**2 + 0.000401*omega*theta + 0.000588*omega - 6.0e-6*theta**3 + 0.000154*theta**2 - 0.001308*theta + 0.003305

--- Chunk 40953 (34/220) | Start: 2025-01-13 19:10:00 ---
    RMSE omega (GP): 0.003515 | RMSE omega (Sim): 0.080417
    Loss: 7.7085 | Epoch: 8034
    Eq omega: 0.094791 + -0.40515theta + -0.03441omega + 0.16113theta^2 + -0.02883theta omega + 0.04376omega^2 + -0.00633theta^3 + -0.01290theta^2 omega + -0.00321theta omega^2 + -0.05356omega^3
    Eq omega Phys: -0.26832*omega**3 - 0.000536*omega**2*theta + 0.012965*omega**2 - 7.2e-5*omega*theta**2 - 0.00171*omega*theta - 0.010791*omega - 1.0e-6*theta**3 + 4.1e-5*theta**2 + 0.000596*theta + 0.001378

--- Chunk 40954 (35/220) | Start: 2025-01-13 19:15:00 ---
    RMSE omega (GP): 0.003421 | RMSE omega (Sim): nan
    Loss: 2.6669 | Epoch: 7819
    Eq omega: 0.068961 + -0.63209theta + 0.20974omega + -0.69075theta^2 + -0.57458theta omega + 0.05760omega^2 + -0.12922theta^3 + -0.31961theta^2 omega + 0.01865theta omega^2 + 0.13957omega^3
    Eq omega Phys: 0.502333*omega**3 + 0.002237*omega**2*theta + 0.005626*omega**2 - 0.001278*omega*theta**2 + 0.009732*omega*theta - 0.002928*omega - 1.7e-5*theta**3 + 6.5e-5*theta**2 + 0.000583*theta - 0.001659

--- Chunk 40955 (36/220) | Start: 2025-01-13 19:20:00 ---
    RMSE omega (GP): 0.002263 | RMSE omega (Sim): 0.060093
    Loss: 4.5549 | Epoch: 6728
    Eq omega: 0.074491 + 0.08044theta + 0.02257omega + -0.00655theta^2 + 0.02380theta omega + 0.10442omega^2 + -0.11104theta^3 + -0.12267theta^2 omega + -0.04587theta omega^2 + 0.05500omega^3
    Eq omega Phys: 0.449298*omega**3 - 0.01249*omega**2*theta + 0.083562*omega**2 - 0.001113*omega*theta**2 + 0.005597*omega*theta - 0.006244*omega - 3.4e-5*theta**3 + 0.000231*theta**2 - 0.000439*theta + 0.000354

--- Chunk 40956 (37/220) | Start: 2025-01-13 19:25:00 ---
    RMSE omega (GP): 0.004817 | RMSE omega (Sim): 0.060292
    Loss: 13.6765 | Epoch: 9999
    Eq omega: -0.057531 + -0.01694theta + 0.02616omega + 0.00019theta^2 + 0.03132theta omega + -0.03998omega^2 + -0.00553theta^3 + -0.00747theta^2 omega + -0.00080theta omega^2 + 0.01489omega^3
    Eq omega Phys: 0.068524*omega**3 - 0.000123*omega**2*theta - 0.01692*omega**2 - 3.8e-5*omega*theta**2 - 0.000376*omega*theta + 0.001041*omega - 0.e-6*theta**3 - 2.9e-5*theta**2 - 0.000316*theta - 0.00137

--- Chunk 40957 (38/220) | Start: 2025-01-13 19:30:00 ---
    RMSE omega (GP): nan | RMSE omega (Sim): nan
    Loss: 42563.9766 | Epoch: 5
    Eq omega: nan1 + nantheta + nanomega + nantheta^2 + nantheta omega + nanomega^2 + nantheta^3 + nantheta^2 omega + nantheta omega^2 + nanomega^3
    Eq omega Phys: N/A

--- Chunk 40958 (39/220) | Start: 2025-01-13 19:35:00 ---
    RMSE omega (GP): 0.004132 | RMSE omega (Sim): 0.079773
    Loss: 8.1324 | Epoch: 9999
    Eq omega: -0.014641 + 0.00947theta + -0.01286omega + -0.00062theta^2 + 0.00891theta omega + -0.00751omega^2 + -0.01219theta^3 + 0.00178theta^2 omega + 0.01510theta omega^2 + 0.00066omega^3
    Eq omega Phys: 0.002689*omega**3 + 0.00205*omega**2*theta + 0.014567*omega**2 + 8.0e-6*omega*theta**2 + 0.000246*omega*theta + 0.001072*omega - 2.0e-6*theta**3 - 4.7e-5*theta**2 - 0.000388*theta - 0.001085

--- Chunk 40959 (40/220) | Start: 2025-01-13 19:40:00 ---
    RMSE omega (GP): 0.004800 | RMSE omega (Sim): 0.094059
    Loss: -287154368.0000 | Epoch: 9279
    Eq omega: -0.002231 + -0.02840theta + -0.01815omega + -0.00499theta^2 + 0.03104theta omega + -0.08425omega^2 + -0.10737theta^3 + -0.00211theta^2 omega + -0.01429theta omega^2 + -0.02233omega^3
    Eq omega Phys: -0.077458*omega**3 - 0.001652*omega**2*theta - 0.015431*omega**2 - 8.0e-6*omega*theta**2 + 0.000482*omega*theta - 0.00394*omega - 1.4e-5*theta**3 + 0.000329*theta**2 - 0.00265*theta + 0.007186

--- Chunk 40960 (41/220) | Start: 2025-01-13 19:45:00 ---
    RMSE omega (GP): 0.004088 | RMSE omega (Sim): 0.090350
    Loss: 6.9802 | Epoch: 6242
    Eq omega: 0.039681 + -0.08386theta + -0.03770omega + 0.07391theta^2 + 0.19945theta omega + -0.02188omega^2 + -0.06658theta^3 + -0.09361theta^2 omega + -0.03546theta omega^2 + 0.00313omega^3
    Eq omega Phys: 0.012361*omega**3 - 0.004668*omega**2*theta - 0.034864*omega**2 - 0.000411*omega*theta**2 - 0.002326*omega*theta - 0.001009*omega - 1.0e-5*theta**3 - 0.000139*theta**2 - 0.000721*theta - 0.001293

--- Chunk 40961 (42/220) | Start: 2025-01-13 19:50:00 ---
    RMSE omega (GP): 0.003894 | RMSE omega (Sim): 0.111590
    Loss: 10.1150 | Epoch: 9999
    Eq omega: -0.138091 + -0.03681theta + -0.08582omega + -0.05037theta^2 + -0.05630theta omega + 0.09150omega^2 + -0.00589theta^3 + -0.00322theta^2 omega + 0.00011theta omega^2 + 0.00706omega^3
    Eq omega Phys: 0.035177*omega**3 + 1.8e-5*omega**2*theta + 0.037022*omega**2 - 1.8e-5*omega*theta**2 - 0.000244*omega*theta + 0.00451*omega - 1.0e-6*theta**3 + 2.5e-5*theta**2 - 7.1e-5*theta - 0.001257

--- Chunk 40962 (43/220) | Start: 2025-01-13 19:55:00 ---
    RMSE omega (GP): 0.003778 | RMSE omega (Sim): 0.086543
    Loss: 5.7344 | Epoch: 6861
    Eq omega: 0.035441 + -0.29542theta + -0.08737omega + -0.11219theta^2 + -0.07642theta omega + 0.07741omega^2 + -0.01608theta^3 + 0.02186theta^2 omega + 0.02687theta omega^2 + -0.03321omega^3
    Eq omega Phys: -0.124563*omega**3 + 0.003359*omega**2*theta + 0.020481*omega**2 + 9.1e-5*omega*theta**2 - 0.001274*omega*theta - 0.000682*omega - 2.0e-6*theta**3 - 3.0e-5*theta**2 - 0.000176*theta + 0.000618

--- Chunk 40963 (44/220) | Start: 2025-01-13 20:00:00 ---
    RMSE omega (GP): 0.002812 | RMSE omega (Sim): 0.265396
    Loss: 1.8585 | Epoch: 7327
    Eq omega: -0.539731 + -0.31869theta + -0.00258omega + 0.20871theta^2 + 0.14677theta omega + 0.26443omega^2 + 0.00906theta^3 + 0.37171theta^2 omega + -0.63649theta omega^2 + -0.13916omega^3
    Eq omega Phys: -0.70888*omega**3 - 0.108076*omega**2*theta - 0.203284*omega**2 + 0.002104*omega*theta**2 + 0.014173*omega*theta + 0.0233*omega + 2.0e-6*theta**3 + 0.00011*theta**2 + 0.000241*theta - 0.00164

--- Chunk 40964 (45/220) | Start: 2025-01-13 20:05:00 ---
    RMSE omega (GP): 0.002894 | RMSE omega (Sim): nan
    Loss: -218275952.0000 | Epoch: 8522
    Eq omega: 0.015161 + -0.53941theta + -0.06209omega + 0.22249theta^2 + 0.25434theta omega + -0.03189omega^2 + -0.02562theta^3 + -0.00250theta^2 omega + 0.07021theta omega^2 + -0.01851omega^3
    Eq omega Phys: -0.081987*omega**3 + 0.010366*omega**2*theta - 0.056308*omega**2 - 1.2e-5*omega*theta**2 + 0.003362*omega*theta - 0.016136*omega - 4.0e-6*theta**3 + 0.000149*theta**2 - 0.001634*theta + 0.004629

--- Chunk 40965 (46/220) | Start: 2025-01-13 20:10:00 ---
    RMSE omega (GP): 0.003815 | RMSE omega (Sim): 0.050247
    Loss: 4.7671 | Epoch: 9999
    Eq omega: 0.066391 + 0.04066theta + -0.10901omega + -0.08660theta^2 + 0.02516theta omega + -0.04610omega^2 + -0.16450theta^3 + 0.00261theta^2 omega + -0.00312theta omega^2 + -0.08831omega^3
    Eq omega Phys: -0.32595*omega**3 - 0.000384*omega**2*theta - 0.014057*omega**2 + 1.1e-5*omega*theta**2 + 0.000176*omega*theta - 0.004929*omega - 2.2e-5*theta**3 + 0.000338*theta**2 - 0.001627*theta + 0.002689

--- Chunk 40966 (47/220) | Start: 2025-01-13 20:15:00 ---
    RMSE omega (GP): 0.003438 | RMSE omega (Sim): 0.097766
    Loss: 9.8508 | Epoch: 6150
    Eq omega: 0.032191 + -0.71784theta + -0.05106omega + 0.07864theta^2 + -0.14385theta omega + -0.03759omega^2 + -0.17687theta^3 + 0.23166theta^2 omega + -0.07754theta omega^2 + -0.09791omega^3
    Eq omega Phys: -0.636106*omega**3 - 0.016792*omega**2*theta - 0.06952*omega**2 + 0.001672*omega*theta**2 + 0.008131*omega*theta + 0.007437*omega - 4.3e-5*theta**3 - 0.000355*theta**2 - 0.001771*theta - 0.00327

--- Chunk 40967 (48/220) | Start: 2025-01-13 20:20:00 ---
    RMSE omega (GP): 0.003366 | RMSE omega (Sim): 0.063132
    Loss: 8.1426 | Epoch: 6419
    Eq omega: -0.044471 + -0.04621theta + -0.01512omega + -0.02659theta^2 + -0.01468theta omega + 0.00649omega^2 + -0.00012theta^3 + -0.00113theta^2 omega + -0.01094theta omega^2 + -0.04021omega^3
    Eq omega Phys: -0.249562*omega**3 - 0.002263*omega**2*theta - 0.003053*omega**2 - 8.0e-6*omega*theta**2 - 0.000264*omega*theta - 0.001149*omega - 1.4e-5*theta**2 - 0.000123*theta - 0.00034

--- Chunk 40968 (49/220) | Start: 2025-01-13 20:25:00 ---
    RMSE omega (GP): 0.002798 | RMSE omega (Sim): 0.107367
    Loss: -252714800.0000 | Epoch: 6800
    Eq omega: 0.015941 + -0.04496theta + 0.02698omega + -0.00135theta^2 + 0.04896theta omega + 0.01976omega^2 + -0.00110theta^3 + -0.00110theta^2 omega + 0.00056theta omega^2 + 0.01036omega^3
    Eq omega Phys: 0.070455*omega**3 + 0.000127*omega**2*theta + 0.009675*omega**2 - 8.0e-6*omega*theta**2 + 0.000742*omega*theta + 0.002497*omega - 2.0e-6*theta**2 - 5.7e-5*theta - 7.4e-5

--- Chunk 40969 (50/220) | Start: 2025-01-13 20:30:00 ---
    RMSE omega (GP): 0.006987 | RMSE omega (Sim): 0.048563
    Loss: 7.1415 | Epoch: 9999
    Eq omega: 0.079191 + -0.02188theta + -0.01775omega + 0.04222theta^2 + 0.05317theta omega + -0.00838omega^2 + -0.04656theta^3 + 0.00602theta^2 omega + 0.00104theta omega^2 + -0.02039omega^3
    Eq omega Phys: -0.031678*omega**3 + 5.4e-5*omega**2*theta - 0.001255*omega**2 + 1.0e-5*omega*theta**2 + 0.000655*omega*theta + 0.005808*omega - 3.0e-6*theta**3 - 8.7e-5*theta**2 - 0.000942*theta - 0.003088

  [Progress 50/220] Mean RMSE omega (GP): 0.004199 | (Sim): 0.101071 | Mean loss: -15316871.4207 | Valid GP: 47/50 | Valid Sim: 44/50 | Elapsed: 197.7min | ETA: 672.3min

--- Chunk 40970 (51/220) | Start: 2025-01-13 20:35:00 ---
    RMSE omega (GP): 0.003081 | RMSE omega (Sim): 0.159987
    Loss: 4.5052 | Epoch: 6955
    Eq omega: -0.190401 + -0.13092theta + -0.02189omega + 0.05298theta^2 + 0.19463theta omega + -0.07669omega^2 + -0.93492theta^3 + 0.14632theta^2 omega + 0.11795theta omega^2 + -0.01463omega^3
    Eq omega Phys: -0.070716*omega**3 + 0.019004*omega**2*theta - 0.108258*omega**2 + 0.000786*omega*theta**2 - 0.003803*omega*theta + 0.001714*omega - 0.000167*theta**3 + 0.002071*theta**2 - 0.008683*theta + 0.011799

--- Chunk 40971 (52/220) | Start: 2025-01-13 20:40:00 ---
    RMSE omega (GP): 0.003819 | RMSE omega (Sim): 0.119766
    Loss: 10.8594 | Epoch: 6675
    Eq omega: -0.031301 + -0.09173theta + -0.00095omega + -0.01430theta^2 + 0.00181theta omega + -0.01242omega^2 + -0.00376theta^3 + -0.01069theta^2 omega + -0.03077theta omega^2 + 0.00909omega^3
    Eq omega Phys: 0.052638*omega**3 - 0.005939*omega**2*theta + 0.039498*omega**2 - 6.9e-5*omega*theta**2 + 0.001068*omega*theta - 0.004173*omega - 0.e-6*theta**3 + 1.1e-5*theta**2 - 0.000135*theta + 0.000642

--- Chunk 40972 (53/220) | Start: 2025-01-13 20:45:00 ---
    RMSE omega (GP): 0.004820 | RMSE omega (Sim): 0.213126
    Loss: 24.9695 | Epoch: 9999
    Eq omega: 0.307691 + -0.07040theta + 0.01307omega + 0.00322theta^2 + 0.00013theta omega + 0.01775omega^2 + -0.00111theta^3 + -0.00002theta^2 omega + 0.00023theta omega^2 + 0.00185omega^3
    Eq omega Phys: 0.013887*omega**3 + 5.8e-5*omega**2*theta + 0.008119*omega**2 + 7.0e-6*omega*theta + 0.000378*omega + 1.4e-5*theta**2 - 0.000287*theta + 0.002737

--- Chunk 40973 (54/220) | Start: 2025-01-13 20:50:00 ---
    RMSE omega (GP): 0.004335 | RMSE omega (Sim): 0.050856
    Loss: 1.6180 | Epoch: 9597
    Eq omega: -0.111141 + -0.09285theta + 0.01050omega + -0.03979theta^2 + -0.06245theta omega + -0.01726omega^2 + -0.03534theta^3 + -0.01528theta^2 omega + 0.00180theta omega^2 + -0.03294omega^3
    Eq omega Phys: -0.066411*omega**3 + 0.000121*omega**2*theta - 0.005196*omega**2 - 3.4e-5*omega*theta**2 - 0.000131*omega*theta + 0.002351*omega - 3.0e-6*theta**3 + 3.6e-5*theta**2 - 0.000248*theta + 0.000291

--- Chunk 40974 (55/220) | Start: 2025-01-13 20:55:00 ---
    RMSE omega (GP): 0.002793 | RMSE omega (Sim): 0.141691
    Loss: 3.1287 | Epoch: 7685
    Eq omega: -0.078281 + -1.98068theta + 0.04656omega + 0.02353theta^2 + -0.77846theta omega + 0.04404omega^2 + -0.13151theta^3 + -0.14086theta^2 omega + -0.02131theta omega^2 + -0.00275omega^3
    Eq omega Phys: -0.014689*omega**3 - 0.003794*omega**2*theta - 0.002942*omega**2 - 0.000836*omega*theta**2 - 0.020434*omega*theta - 0.087469*omega - 2.6e-5*theta**3 - 0.000432*theta**2 - 0.004588*theta - 0.017086

--- Chunk 40975 (56/220) | Start: 2025-01-13 21:00:00 ---
    RMSE omega (GP): 0.006364 | RMSE omega (Sim): 0.067925
    Loss: 35.7804 | Epoch: 9999
    Eq omega: -0.020611 + -0.00077theta + 0.01168omega + -0.00013theta^2 + 0.00107theta omega + -0.00343omega^2 + -0.00000theta^3 + -0.00039theta^2 omega + -0.00391theta omega^2 + 0.00143omega^3
    Eq omega Phys: 0.008794*omega**3 - 0.000802*omega**2*theta - 0.017462*omega**2 - 3.0e-6*omega*theta**2 - 9.0e-5*omega*theta - 0.00034*omega - 3.0e-6*theta - 9.3e-5

--- Chunk 40976 (57/220) | Start: 2025-01-13 21:05:00 ---
    RMSE omega (GP): 0.004321 | RMSE omega (Sim): 0.168584
    Loss: 0.2425 | Epoch: 9569
    Eq omega: -0.011211 + -0.04323theta + 0.00667omega + 0.20324theta^2 + -0.00386theta omega + -0.03759omega^2 + -0.03283theta^3 + 0.08907theta^2 omega + -0.08118theta omega^2 + -0.07091omega^3
    Eq omega Phys: -0.115068*omega**3 - 0.004391*omega**2*theta - 0.062498*omega**2 + 0.000161*omega*theta**2 + 0.003902*omega*theta + 0.023923*omega - 2.0e-6*theta**3 - 2.0e-5*theta**2 + 0.000351*theta + 0.003609

--- Chunk 40977 (58/220) | Start: 2025-01-13 21:10:00 ---
    RMSE omega (GP): 0.004019 | RMSE omega (Sim): 0.087923
    Loss: 5.6652 | Epoch: 9498
    Eq omega: 0.114191 + -0.61737theta + -0.00813omega + -0.20062theta^2 + 0.13079theta omega + 0.04749omega^2 + -0.00633theta^3 + -0.00238theta^2 omega + 0.06867theta omega^2 + -0.04675omega^3
    Eq omega Phys: -0.166951*omega**3 + 0.008174*omega**2*theta - 0.085359*omega**2 - 9.0e-6*omega*theta**2 + 0.001739*omega*theta - 0.020456*omega - 0.e-6*theta**3 - 4.6e-5*theta**2 + 0.000839*theta - 0.001395

--- Chunk 40978 (59/220) | Start: 2025-01-13 21:15:00 ---
    RMSE omega (GP): 0.004264 | RMSE omega (Sim): 0.086466
    Loss: 10.1050 | Epoch: 9999
    Eq omega: -0.040331 + -0.05070theta + -0.08990omega + 0.05774theta^2 + 0.00421theta omega + -0.04487omega^2 + -0.00366theta^3 + -0.00658theta^2 omega + 0.02147theta omega^2 + -0.04827omega^3
    Eq omega Phys: -0.228064*omega**3 + 0.003381*omega**2*theta + 0.024275*omega**2 - 3.5e-5*omega*theta**2 - 0.000804*omega*theta - 0.007654*omega - 0.e-6*theta**3 + 2.0e-6*theta**2 + 0.00028*theta + 0.001895

--- Chunk 40979 (60/220) | Start: 2025-01-13 21:20:00 ---
    RMSE omega (GP): 0.003945 | RMSE omega (Sim): 0.075308
    Loss: 7.8892 | Epoch: 7011
    Eq omega: -0.024801 + -0.01421theta + 0.03551omega + -0.05249theta^2 + 0.00787theta omega + 0.05087omega^2 + -0.03034theta^3 + 0.03075theta^2 omega + 0.00479theta omega^2 + -0.00250omega^3
    Eq omega Phys: -0.011197*omega**3 + 0.000715*omega**2*theta + 0.021292*omega**2 + 0.000153*omega*theta**2 + 0.000802*omega*theta + 0.002217*omega - 5.0e-6*theta**3 - 5.7e-5*theta**2 - 0.000198*theta - 0.000286

--- Chunk 40980 (61/220) | Start: 2025-01-13 21:25:00 ---
    RMSE omega (GP): 0.003451 | RMSE omega (Sim): 0.105514
    Loss: 4.1496 | Epoch: 7139
    Eq omega: -0.097491 + -0.03445theta + 0.04770omega + 0.02698theta^2 + 0.01572theta omega + -0.02027omega^2 + -0.02671theta^3 + 0.00948theta^2 omega + 0.00717theta omega^2 + 0.01097omega^3
    Eq omega Phys: 0.044508*omega**3 + 0.00097*omega**2*theta - 0.010164*omega**2 + 4.3e-5*omega*theta**2 - 4.6e-5*omega*theta + 0.001385*omega - 4.0e-6*theta**3 + 4.5e-5*theta**2 - 0.000194*theta - 1.4e-5

--- Chunk 40981 (62/220) | Start: 2025-01-13 21:30:00 ---
    RMSE omega (GP): 0.004793 | RMSE omega (Sim): 0.080378
    Loss: 18.1956 | Epoch: 9999
    Eq omega: -0.051731 + 0.00206theta + 0.05096omega + 0.00037theta^2 + -0.00155theta omega + 0.00700omega^2 + -0.00691theta^3 + 0.00153theta^2 omega + 0.00044theta omega^2 + -0.02226omega^3
    Eq omega Phys: -0.11964*omega**3 + 7.9e-5*omega**2*theta + 0.003752*omega**2 + 9.0e-6*omega*theta**2 + 0.000161*omega*theta + 0.002396*omega - 1.0e-6*theta**3 - 4.1e-5*theta**2 - 0.000408*theta - 0.001478

--- Chunk 40982 (63/220) | Start: 2025-01-13 21:35:00 ---
    RMSE omega (GP): 0.009148 | RMSE omega (Sim): 0.066482
    Loss: 70.0403 | Epoch: 3759
    Eq omega: -0.018261 + -0.00643theta + 0.00966omega + 0.00415theta^2 + -0.01126theta omega + -0.00384omega^2 + -0.00069theta^3 + 0.00154theta^2 omega + -0.00049theta omega^2 + -0.00866omega^3
    Eq omega Phys: -0.047111*omega**3 - 8.9e-5*omega**2*theta - 0.000232*omega**2 + 9.0e-6*omega*theta**2 - 0.000454*omega*theta + 0.005166*omega + 9.0e-6*theta**2 - 0.000173*theta + 0.001102

--- Chunk 40983 (64/220) | Start: 2025-01-13 21:40:00 ---
    RMSE omega (GP): 0.003466 | RMSE omega (Sim): 0.088913
    Loss: 3.2597 | Epoch: 8548
    Eq omega: -0.143241 + -0.03654theta + 0.03240omega + -0.01228theta^2 + -0.00963theta omega + -0.03208omega^2 + -0.00341theta^3 + -0.00449theta^2 omega + -0.00469theta omega^2 + 0.00808omega^3
    Eq omega Phys: 0.026717*omega**3 - 0.000517*omega**2*theta - 0.013091*omega**2 - 1.6e-5*omega*theta**2 - 0.000262*omega*theta + 0.000209*omega - 1.0e-5*theta**2 - 0.000111*theta - 0.000816

--- Chunk 40984 (65/220) | Start: 2025-01-13 21:45:00 ---
    RMSE omega (GP): 0.003368 | RMSE omega (Sim): 0.091032
    Loss: 7.8483 | Epoch: 7930
    Eq omega: 0.092481 + -0.08432theta + 0.01451omega + 0.00265theta^2 + -0.00446theta omega + 0.02411omega^2 + -0.00215theta^3 + -0.00334theta^2 omega + -0.01319theta omega^2 + -0.00487omega^3
    Eq omega Phys: -0.030438*omega**3 - 0.002748*omega**2*theta + 0.025315*omega**2 - 2.3e-5*omega*theta**2 + 0.000174*omega*theta + 0.000208*omega + 9.0e-6*theta**2 - 0.000148*theta + 0.00082

--- Chunk 40985 (66/220) | Start: 2025-01-13 21:50:00 ---
    RMSE omega (GP): 0.003253 | RMSE omega (Sim): 0.098378
    Loss: 5.8520 | Epoch: 4461
    Eq omega: -0.059171 + -0.36723theta + -0.01268omega + -0.13610theta^2 + -0.05559theta omega + -0.06807omega^2 + -0.75723theta^3 + -0.05785theta^2 omega + 0.01364theta omega^2 + 0.00436omega^3
    Eq omega Phys: 0.022484*omega**3 + 0.002345*omega**2*theta - 0.033896*omega**2 - 0.000331*omega*theta**2 + 0.000836*omega*theta - 0.000505*omega - 0.000145*theta**3 + 0.000987*theta**2 - 0.002646*theta + 0.002512

--- Chunk 40986 (67/220) | Start: 2025-01-13 21:55:00 ---
    RMSE omega (GP): 0.003657 | RMSE omega (Sim): nan
    Loss: 11.1128 | Epoch: 7944
    Eq omega: -0.021731 + -0.00632theta + 0.01712omega + -0.00183theta^2 + 0.00289theta omega + -0.00920omega^2 + -0.00019theta^3 + 0.00823theta^2 omega + 0.00055theta omega^2 + 0.00176omega^3
    Eq omega Phys: 0.01128*omega**3 + 0.000117*omega**2*theta - 0.002859*omega**2 + 5.9e-5*omega*theta**2 + 0.001435*omega*theta + 0.009342*omega - 3.0e-6*theta**2 - 4.8e-5*theta - 0.000343

--- Chunk 40987 (68/220) | Start: 2025-01-13 22:00:00 ---
    RMSE omega (GP): 0.003214 | RMSE omega (Sim): 0.129312
    Loss: 5.0780 | Epoch: 5898
    Eq omega: -0.030221 + -0.14297theta + 0.01894omega + 0.00973theta^2 + -0.00783theta omega + 0.02475omega^2 + -0.01141theta^3 + -0.00909theta^2 omega + 0.01174theta omega^2 + -0.01311omega^3
    Eq omega Phys: -0.063511*omega**3 + 0.001896*omega**2*theta + 0.030964*omega**2 - 4.9e-5*omega*theta**2 - 0.00119*omega*theta - 0.006546*omega - 2.0e-6*theta**3 - 6.4e-5*theta**2 - 0.000817*theta - 0.004101

--- Chunk 40988 (69/220) | Start: 2025-01-13 22:05:00 ---
    RMSE omega (GP): 0.003368 | RMSE omega (Sim): 0.097091
    Loss: 5.7942 | Epoch: 7319
    Eq omega: -0.036451 + -0.07535theta + -0.05972omega + -0.06093theta^2 + -0.00653theta omega + 0.06060omega^2 + -0.08374theta^3 + -0.05357theta^2 omega + 0.17984theta omega^2 + -0.00477omega^3
    Eq omega Phys: -0.023242*omega**3 + 0.02921*omega**2*theta - 0.191706*omega**2 - 0.00029*omega*theta**2 + 0.004204*omega*theta - 0.01722*omega - 1.5e-5*theta**3 + 0.000308*theta**2 - 0.002162*theta + 0.005147

--- Chunk 40989 (70/220) | Start: 2025-01-13 22:10:00 ---
    RMSE omega (GP): 0.003571 | RMSE omega (Sim): 0.107649
    Loss: 9.3798 | Epoch: 9999
    Eq omega: -0.051941 + -0.03051theta + -0.01708omega + -0.00153theta^2 + 0.00936theta omega + -0.00083omega^2 + -0.00241theta^3 + -0.00091theta^2 omega + 0.01561theta omega^2 + -0.00650omega^3
    Eq omega Phys: -0.03703*omega**3 + 0.002964*omega**2*theta + 0.018422*omega**2 - 6.0e-6*omega*theta**2 + 6.3e-5*omega*theta + 6.1e-5*omega - 0.e-6*theta**3 - 1.0e-5*theta**2 - 0.000105*theta - 0.000506

--- Chunk 40990 (71/220) | Start: 2025-01-13 22:15:00 ---
    RMSE omega (GP): 0.003902 | RMSE omega (Sim): nan
    Loss: 10.9925 | Epoch: 9999
    Eq omega: -0.050131 + -0.03741theta + 0.14826omega + -0.00126theta^2 + 0.01205theta omega + -0.01485omega^2 + -0.00690theta^3 + -0.00894theta^2 omega + -0.02523theta omega^2 + 0.03909omega^3
    Eq omega Phys: 0.225259*omega**3 - 0.004846*omega**2*theta - 0.046856*omega**2 - 5.7e-5*omega*theta**2 - 0.000777*omega*theta + 0.00244*omega - 1.0e-6*theta**3 - 3.7e-5*theta**2 - 0.000358*theta - 0.001365

--- Chunk 40991 (72/220) | Start: 2025-01-13 22:20:00 ---
    RMSE omega (GP): 0.004155 | RMSE omega (Sim): 0.103090
    Loss: 19.6618 | Epoch: 9999
    Eq omega: 0.028341 + -0.00702theta + -0.00445omega + -0.00402theta^2 + -0.00376theta omega + 0.00231omega^2 + -0.00624theta^3 + 0.00116theta^2 omega + 0.00155theta omega^2 + 0.00755omega^3
    Eq omega Phys: 0.060173*omega**3 + 0.000412*omega**2*theta + 0.005852*omega**2 + 1.0e-5*omega*theta**2 + 0.000168*omega*theta + 0.000437*omega - 2.0e-6*theta**3 - 6.5e-5*theta**2 - 0.000768*theta - 0.002993

--- Chunk 40992 (73/220) | Start: 2025-01-13 22:25:00 ---
    RMSE omega (GP): 0.003665 | RMSE omega (Sim): 0.104968
    Loss: -218352656.0000 | Epoch: 5861
    Eq omega: 0.083121 + -1.08505theta + -0.10445omega + -0.10763theta^2 + 0.03407theta omega + -0.04983omega^2 + -0.34696theta^3 + -0.23064theta^2 omega + 0.19345theta omega^2 + -0.01868omega^3
    Eq omega Phys: -0.066569*omega**3 + 0.022979*omega**2*theta + 0.057814*omega**2 - 0.000913*omega*theta**2 - 0.005569*omega*theta - 0.01193*omega - 4.6e-5*theta**3 - 0.00049*theta**2 - 0.002938*theta - 0.005697

--- Chunk 40993 (74/220) | Start: 2025-01-13 22:30:00 ---
    RMSE omega (GP): 0.003116 | RMSE omega (Sim): 0.139053
    Loss: 0.3025 | Epoch: 8544
    Eq omega: -0.006931 + -0.21086theta + 0.06427omega + -0.07007theta^2 + -0.08177theta omega + 0.00425omega^2 + -0.07424theta^3 + -0.00782theta^2 omega + 0.03133theta omega^2 + 0.04975omega^3
    Eq omega Phys: 0.149499*omega**3 + 0.003138*omega**2*theta - 0.004875*omega**2 - 2.6e-5*omega*theta**2 - 0.000759*omega*theta + 0.00375*omega - 8.0e-6*theta**3 + 2.4e-5*theta**2 - 0.000234*theta + 0.000408

--- Chunk 40994 (75/220) | Start: 2025-01-13 22:35:00 ---
    RMSE omega (GP): 0.004737 | RMSE omega (Sim): 0.060823
    Loss: 36.5304 | Epoch: 9999
    Eq omega: -0.020241 + -0.00151theta + -0.04611omega + -0.00296theta^2 + -0.00012theta omega + -0.00006omega^2 + 0.00002theta^3 + 0.00062theta^2 omega + -0.00010theta omega^2 + -0.00083omega^3
    Eq omega Phys: -0.008723*omega**3 - 3.5e-5*omega**2*theta - 0.000665*omega**2 + 7.0e-6*omega*theta**2 + 0.000258*omega*theta + 0.000759*omega - 2.0e-6*theta**2 - 6.4e-5*theta - 0.000652

--- Chunk 40995 (76/220) | Start: 2025-01-13 22:40:00 ---
    RMSE omega (GP): nan | RMSE omega (Sim): nan
    Loss: 2456.6521 | Epoch: 758
    Eq omega: nan1 + nantheta + nanomega + nantheta^2 + nantheta omega + nanomega^2 + nantheta^3 + nantheta^2 omega + nantheta omega^2 + nanomega^3
    Eq omega Phys: N/A

--- Chunk 40996 (77/220) | Start: 2025-01-13 22:45:00 ---
    RMSE omega (GP): 0.005392 | RMSE omega (Sim): 0.038361
    Loss: 88.3789 | Epoch: 9999
    Eq omega: 0.012031 + -0.00262theta + -0.00220omega + -0.00040theta^2 + -0.00004theta omega + 0.01804omega^2 + -0.00044theta^3 + 0.00002theta^2 omega + 0.00006theta omega^2 + -0.00129omega^3
    Eq omega Phys: -0.024923*omega**3 + 3.9e-5*omega**2*theta + 0.015269*omega**2 + 1.7e-5*omega*theta + 8.5e-5*omega - 2.0e-5*theta**2 - 0.000415*theta - 0.002908

--- Chunk 40997 (78/220) | Start: 2025-01-13 22:50:00 ---
    RMSE omega (GP): nan | RMSE omega (Sim): nan
    Loss: 22336.9785 | Epoch: 5
    Eq omega: nan1 + nantheta + nanomega + nantheta^2 + nantheta omega + nanomega^2 + nantheta^3 + nantheta^2 omega + nantheta omega^2 + nanomega^3
    Eq omega Phys: N/A

--- Chunk 40998 (79/220) | Start: 2025-01-13 22:55:00 ---
    RMSE omega (GP): 0.003655 | RMSE omega (Sim): 0.086219
    Loss: 4.7891 | Epoch: 7180
    Eq omega: -0.032201 + -0.04697theta + 0.01185omega + -0.02151theta^2 + 0.00139theta omega + 0.00010omega^2 + 0.00025theta^3 + -0.00165theta^2 omega + 0.00339theta omega^2 + 0.00109omega^3
    Eq omega Phys: 0.004484*omega**3 + 0.000465*omega**2*theta + 0.000209*omega**2 - 8.0e-6*omega*theta**2 + 1.2e-5*omega*theta + 0.0004*omega - 9.0e-6*theta**2 - 5.9e-5*theta - 0.000117

--- Chunk 40999 (80/220) | Start: 2025-01-13 23:00:00 ---
    RMSE omega (GP): 0.003337 | RMSE omega (Sim): 0.102300
    Loss: 6.0207 | Epoch: 9008
    Eq omega: 0.081081 + -0.05897theta + -0.05626omega + -0.06658theta^2 + -0.05381theta omega + 0.09602omega^2 + -0.00637theta^3 + -0.00408theta^2 omega + 0.01267theta omega^2 + -0.03288omega^3
    Eq omega Phys: -0.171907*omega**3 + 0.002208*omega**2*theta + 0.052686*omega**2 - 2.4e-5*omega*theta**2 - 0.001019*omega*theta - 0.006921*omega - 1.0e-6*theta**3 - 5.2e-5*theta**2 - 0.000539*theta - 0.001393

--- Chunk 41000 (81/220) | Start: 2025-01-13 23:05:00 ---
    RMSE omega (GP): 0.004148 | RMSE omega (Sim): 0.098066
    Loss: 11.6855 | Epoch: 7356
    Eq omega: -0.046481 + -0.05109theta + -0.03028omega + 0.00916theta^2 + -0.01373theta omega + 0.01536omega^2 + -0.00033theta^3 + -0.00933theta^2 omega + -0.00334theta omega^2 + -0.00929omega^3
    Eq omega Phys: -0.050084*omega**3 - 0.0006*omega**2*theta + 4.4e-5*omega**2 - 5.6e-5*omega*theta**2 - 0.001398*omega*theta - 0.009588*omega + 2.0e-6*theta**2 + 1.3e-5*theta - 0.000315

--- Chunk 41001 (82/220) | Start: 2025-01-13 23:10:00 ---
    RMSE omega (GP): 0.005812 | RMSE omega (Sim): 0.070244
    Loss: 39.6297 | Epoch: 9999
    Eq omega: 0.006231 + -0.00292theta + 0.00141omega + -0.00075theta^2 + 0.00162theta omega + 0.00020omega^2 + -0.00008theta^3 + 0.00013theta^2 omega + -0.00067theta omega^2 + 0.00141omega^3
    Eq omega Phys: 0.011494*omega**3 - 0.000182*omega**2*theta - 0.002072*omega**2 + 1.0e-6*omega*theta**2 + 5.6e-5*omega*theta + 0.000552*omega - 1.0e-6*theta**2 - 2.4e-5*theta - 0.000129

--- Chunk 41002 (83/220) | Start: 2025-01-13 23:15:00 ---
    RMSE omega (GP): 0.003497 | RMSE omega (Sim): 0.102565
    Loss: 13.3424 | Epoch: 9999
    Eq omega: 0.018891 + -0.00340theta + 0.01662omega + -0.00002theta^2 + 0.00119theta omega + 0.00210omega^2 + -0.00033theta^3 + -0.00067theta^2 omega + 0.00104theta omega^2 + -0.00881omega^3
    Eq omega Phys: -0.074608*omega**3 + 0.000294*omega**2*theta + 0.002708*omega**2 - 6.0e-6*omega*theta**2 - 4.7e-5*omega*theta + 0.000483*omega - 2.0e-6*theta**2 - 1.3e-5*theta + 2.0e-6

--- Chunk 41003 (84/220) | Start: 2025-01-13 23:20:00 ---
    RMSE omega (GP): nan | RMSE omega (Sim): nan
    Loss: 74832.1641 | Epoch: 5
    Eq omega: nan1 + nantheta + nanomega + nantheta^2 + nantheta omega + nanomega^2 + nantheta^3 + nantheta^2 omega + nantheta omega^2 + nanomega^3
    Eq omega Phys: N/A

--- Chunk 41004 (85/220) | Start: 2025-01-13 23:25:00 ---
    RMSE omega (GP): nan | RMSE omega (Sim): nan
    Loss: 104643.7188 | Epoch: 5
    Eq omega: nan1 + nantheta + nanomega + nantheta^2 + nantheta omega + nanomega^2 + nantheta^3 + nantheta^2 omega + nantheta omega^2 + nanomega^3
    Eq omega Phys: N/A

--- Chunk 41005 (86/220) | Start: 2025-01-13 23:30:00 ---
    RMSE omega (GP): 0.003752 | RMSE omega (Sim): 0.058117
    Loss: 20.7424 | Epoch: 9999
    Eq omega: 0.035891 + -0.00378theta + -0.01029omega + -0.00326theta^2 + 0.00608theta omega + 0.00998omega^2 + -0.00032theta^3 + 0.00085theta^2 omega + -0.00541theta omega^2 + -0.00707omega^3
    Eq omega Phys: -0.066538*omega**3 - 0.001697*omega**2*theta - 0.018579*omega**2 + 9.0e-6*omega*theta**2 + 0.000367*omega*theta + 0.003076*omega - 7.0e-6*theta**2 - 0.00013*theta - 0.000722

--- Chunk 41006 (87/220) | Start: 2025-01-13 23:35:00 ---
    RMSE omega (GP): 0.003462 | RMSE omega (Sim): 0.125839
    Loss: 3.6948 | Epoch: 7515
    Eq omega: 0.042641 + -0.02006theta + 0.01167omega + 0.22699theta^2 + -0.07934theta omega + 0.06767omega^2 + -0.22672theta^3 + -0.03566theta^2 omega + 0.07359theta omega^2 + -0.00808omega^3
    Eq omega Phys: -0.031612*omega**3 + 0.009597*omega**2*theta + 0.103961*omega**2 - 0.000155*omega*theta**2 - 0.003524*omega*theta - 0.018168*omega - 3.3e-5*theta**3 - 0.000726*theta**2 - 0.00528*theta - 0.01249

--- Chunk 41007 (88/220) | Start: 2025-01-13 23:40:00 ---
    RMSE omega (GP): 0.002870 | RMSE omega (Sim): 0.128415
    Loss: 3.4479 | Epoch: 4979
    Eq omega: -0.133441 + -0.20634theta + -0.06313omega + -0.15115theta^2 + 0.73184theta omega + -0.04109omega^2 + -2.02182theta^3 + 0.62302theta^2 omega + 0.13938theta omega^2 + -0.08298omega^3
    Eq omega Phys: -0.451878*omega**3 + 0.0253*omega**2*theta - 0.090409*omega**2 + 0.00377*omega*theta**2 - 0.011331*omega*theta - 0.000753*omega - 0.000408*theta**3 + 0.003453*theta**2 - 0.009974*theta + 0.009475

--- Chunk 41008 (89/220) | Start: 2025-01-13 23:45:00 ---
    RMSE omega (GP): 0.002891 | RMSE omega (Sim): 0.064657
    Loss: 13.9732 | Epoch: 9999
    Eq omega: 0.237711 + 0.07547theta + 0.08650omega + -0.00409theta^2 + -0.01144theta omega + 0.01681omega^2 + -0.04534theta^3 + 0.00101theta^2 omega + 0.18247theta omega^2 + 0.01493omega^3
    Eq omega Phys: 0.173755*omega**3 + 0.070786*omega**2*theta + 0.602697*omega**2 + 1.3e-5*omega*theta**2 - 1.9e-5*omega*theta + 0.00181*omega - 2.0e-5*theta**3 - 0.000493*theta**2 - 0.004067*theta - 0.010518

--- Chunk 41009 (90/220) | Start: 2025-01-13 23:50:00 ---
    RMSE omega (GP): 0.003364 | RMSE omega (Sim): 0.110520
    Loss: 5.6850 | Epoch: 6510
    Eq omega: -0.092241 + -0.06091theta + -0.04501omega + 0.01492theta^2 + 0.18141theta omega + 0.07051omega^2 + -0.03962theta^3 + 0.04153theta^2 omega + -0.01467theta omega^2 + -0.02108omega^3
    Eq omega Phys: -0.112272*omega**3 - 0.002604*omega**2*theta + 0.010769*omega**2 + 0.000246*omega*theta**2 + 0.006123*omega*theta + 0.030027*omega - 8.0e-6*theta**3 - 0.000164*theta**2 - 0.001206*theta - 0.003372

--- Chunk 41010 (91/220) | Start: 2025-01-13 23:55:00 ---
    RMSE omega (GP): 0.003540 | RMSE omega (Sim): 0.132051
    Loss: 3.9163 | Epoch: 8675
    Eq omega: -0.023331 + -0.01924theta + 0.05911omega + -0.00141theta^2 + 0.00583theta omega + -0.03308omega^2 + -0.00336theta^3 + -0.00005theta^2 omega + -0.00338theta omega^2 + -0.00077omega^3
    Eq omega Phys: -0.002916*omega**3 - 0.000427*omega**2*theta - 0.014619*omega**2 + 6.6e-5*omega*theta + 0.002425*omega - 1.0e-5*theta**2 - 9.3e-5*theta - 0.000385

--- Chunk 41011 (92/220) | Start: 2025-01-14 00:00:00 ---
    RMSE omega (GP): 0.003125 | RMSE omega (Sim): 0.113922
    Loss: 5.4357 | Epoch: 5630
    Eq omega: -0.011681 + -0.03398theta + -0.02157omega + -0.18840theta^2 + 0.05369theta omega + 0.07262omega^2 + -0.41398theta^3 + -0.03657theta^2 omega + 0.22954theta omega^2 + -0.00097omega^3
    Eq omega Phys: -0.00552*omega**3 + 0.043538*omega**2*theta - 0.020349*omega**2 - 0.000231*omega*theta**2 + 0.001331*omega*theta - 0.001979*omega - 8.7e-5*theta**3 + 0.000221*theta**2 - 0.000193*theta + 3.4e-5

--- Chunk 41012 (93/220) | Start: 2025-01-14 00:05:00 ---
    RMSE omega (GP): 0.003365 | RMSE omega (Sim): 0.203667
    Loss: 6.9719 | Epoch: 5426
    Eq omega: -0.082131 + -0.06088theta + 0.02317omega + 0.00264theta^2 + -0.03893theta omega + -0.02846omega^2 + -0.00537theta^3 + 0.00636theta^2 omega + 0.00333theta omega^2 + -0.00877omega^3
    Eq omega Phys: -0.049537*omega**3 + 0.000627*omega**2*theta - 0.008295*omega**2 + 4.0e-5*omega*theta**2 - 4.7e-5*omega*theta - 0.0012*omega - 1.0e-6*theta**3 - 2.1e-5*theta**2 - 0.000192*theta - 0.000898

--- Chunk 41013 (94/220) | Start: 2025-01-14 00:10:00 ---
    RMSE omega (GP): 0.004524 | RMSE omega (Sim): 0.077777
    Loss: 23.0549 | Epoch: 9999
    Eq omega: 0.009801 + -0.00730theta + -0.00190omega + 0.00805theta^2 + 0.00150theta omega + 0.00027omega^2 + -0.00047theta^3 + -0.00068theta^2 omega + 0.00008theta omega^2 + 0.00719omega^3
    Eq omega Phys: 0.055691*omega**3 + 2.1e-5*omega**2*theta + 0.000518*omega**2 - 6.0e-6*omega*theta**2 - 0.000191*omega*theta - 0.001586*omega - 3.0e-6*theta**2 + 2.2e-5*theta + 0.000572

--- Chunk 41014 (95/220) | Start: 2025-01-14 00:15:00 ---
    RMSE omega (GP): 0.004633 | RMSE omega (Sim): 0.075033
    Loss: 20.2927 | Epoch: 9999
    Eq omega: -0.017601 + -0.00412theta + 0.00338omega + -0.00022theta^2 + -0.00026theta omega + -0.00969omega^2 + -0.00106theta^3 + -0.00011theta^2 omega + 0.00042theta omega^2 + -0.00033omega^3
    Eq omega Phys: -0.002315*omega**3 + 9.8e-5*omega**2*theta - 0.003049*omega**2 - 0.e-6*omega*theta**2 - 3.3e-5*omega*theta - 0.000195*omega - 1.4e-5*theta**2 - 0.000238*theta - 0.001423

--- Chunk 41015 (96/220) | Start: 2025-01-14 00:20:00 ---
    RMSE omega (GP): nan | RMSE omega (Sim): nan
    Loss: 62212.5156 | Epoch: 5
    Eq omega: nan1 + nantheta + nanomega + nantheta^2 + nantheta omega + nanomega^2 + nantheta^3 + nantheta^2 omega + nantheta omega^2 + nanomega^3
    Eq omega Phys: N/A

--- Chunk 41016 (97/220) | Start: 2025-01-14 00:25:00 ---
    RMSE omega (GP): 0.005697 | RMSE omega (Sim): 0.381946
    Loss: 5.7099 | Epoch: 9650
    Eq omega: 0.041621 + -0.01248theta + 0.29571omega + -0.00058theta^2 + 0.06619theta omega + -0.04929omega^2 + -0.00035theta^3 + 0.00287theta^2 omega + -0.04736theta omega^2 + 0.01388omega^3
    Eq omega Phys: 0.023929*omega**3 - 0.002722*omega**2*theta - 0.051165*omega**2 + 5.0e-6*omega*theta**2 + 0.000688*omega*theta + 0.018653*omega - 1.0e-6*theta**2 - 3.2e-5*theta - 0.000107

--- Chunk 41017 (98/220) | Start: 2025-01-14 00:30:00 ---
    RMSE omega (GP): 0.010479 | RMSE omega (Sim): 0.036521
    Loss: 25.3997 | Epoch: 9999
    Eq omega: 0.000431 + -0.22581theta + -0.09843omega + 0.02386theta^2 + -0.01547theta omega + 0.01788omega^2 + -0.00637theta^3 + -0.00354theta^2 omega + 0.00864theta omega^2 + -0.02894omega^3
    Eq omega Phys: -0.050997*omega**3 + 0.000507*omega**2*theta + 0.013007*omega**2 - 7.0e-6*omega*theta**2 - 0.000362*omega*theta - 0.007442*omega - 1.5e-5*theta**2 - 0.000396*theta - 0.004485

--- Chunk 41018 (99/220) | Start: 2025-01-14 00:35:00 ---
    RMSE omega (GP): 0.003998 | RMSE omega (Sim): 0.165693
    Loss: 4.3021 | Epoch: 9085
    Eq omega: 0.009061 + -0.00075theta + 0.00143omega + 0.01520theta^2 + 0.01839theta omega + -0.02229omega^2 + -0.05172theta^3 + -0.01741theta^2 omega + 0.04990theta omega^2 + -0.02432omega^3
    Eq omega Phys: -0.07838*omega**3 + 0.005361*omega**2*theta - 0.079976*omega**2 - 6.2e-5*omega*theta**2 + 0.001891*omega*theta - 0.014133*omega - 6.0e-6*theta**3 + 0.000257*theta**2 - 0.003554*theta + 0.016439

--- Chunk 41019 (100/220) | Start: 2025-01-14 00:40:00 ---
    RMSE omega (GP): 0.003224 | RMSE omega (Sim): 0.086749
    Loss: 5.8443 | Epoch: 9486
    Eq omega: 0.047181 + -0.10680theta + -0.10629omega + 0.07471theta^2 + 0.01310theta omega + -0.09386omega^2 + -0.01071theta^3 + 0.01557theta^2 omega + 0.00179theta omega^2 + -0.05608omega^3
    Eq omega Phys: -0.308064*omega**3 + 0.000328*omega**2*theta - 0.04181*omega**2 + 9.5e-5*omega*theta**2 - 0.000767*omega*theta - 0.002086*omega - 2.0e-6*theta**3 + 6.8e-5*theta**2 - 0.00064*theta + 0.00189

  [Progress 100/220] Mean RMSE omega (GP): 0.004182 | (Sim): 0.105173 | Mean loss: -9839291.1973 | Valid GP: 92/100 | Valid Sim: 87/100 | Elapsed: 394.7min | ETA: 473.7min

--- Chunk 41020 (101/220) | Start: 2025-01-14 00:45:00 ---
    RMSE omega (GP): 0.003114 | RMSE omega (Sim): 0.087714
    Loss: 6.5410 | Epoch: 7311
    Eq omega: 0.093201 + -0.83982theta + 0.04148omega + -0.47011theta^2 + 0.00334theta omega + 0.04093omega^2 + -0.00409theta^3 + -0.03870theta^2 omega + -0.04391theta omega^2 + -0.13303omega^3
    Eq omega Phys: -0.74324*omega**3 - 0.008178*omega**2*theta + 0.075501*omega**2 - 0.00024*omega*theta**2 + 0.003446*omega*theta - 0.010975*omega - 0.e-6*theta**3 - 0.000207*theta**2 + 0.002128*theta - 0.004137

--- Chunk 41021 (102/220) | Start: 2025-01-14 00:50:00 ---
    RMSE omega (GP): 0.002875 | RMSE omega (Sim): 0.105218
    Loss: 2.3162 | Epoch: 7015
    Eq omega: -0.224731 + -1.75676theta + 0.02859omega + 0.77324theta^2 + 0.33922theta omega + -0.03743omega^2 + -0.01581theta^3 + -0.02453theta^2 omega + 0.01354theta omega^2 + 0.01943omega^3
    Eq omega Phys: 0.079572*omega**3 + 0.001848*omega**2*theta - 0.015942*omega**2 - 0.000112*omega*theta**2 + 0.004433*omega*theta - 0.003968*omega - 2.0e-6*theta**3 + 0.000326*theta**2 - 0.002687*theta + 0.001973

--- Chunk 41022 (103/220) | Start: 2025-01-14 00:55:00 ---
    RMSE omega (GP): 0.003641 | RMSE omega (Sim): 0.237252
    Loss: 15.6505 | Epoch: 9999
    Eq omega: -0.010751 + -0.01712theta + 0.03564omega + -0.01019theta^2 + 0.01157theta omega + 0.03417omega^2 + -0.00940theta^3 + -0.00208theta^2 omega + 0.00262theta omega^2 + 0.00405omega^3
    Eq omega Phys: 0.03315*omega**3 + 0.000715*omega**2*theta + 0.009453*omega**2 - 1.9e-5*omega*theta**2 + 0.000646*omega*theta - 0.003787*omega - 3.0e-6*theta**3 + 9.4e-5*theta**2 - 0.001059*theta + 0.004

--- Chunk 41023 (104/220) | Start: 2025-01-14 01:00:00 ---
    RMSE omega (GP): 0.006135 | RMSE omega (Sim): 0.059306
    Loss: 32.9236 | Epoch: 9999
    Eq omega: -0.042981 + -0.00193theta + -0.04779omega + 0.00148theta^2 + 0.00933theta omega + -0.00737omega^2 + -0.00400theta^3 + -0.00081theta^2 omega + 0.00921theta omega^2 + -0.00700omega^3
    Eq omega Phys: -0.043328*omega**3 + 0.0019*omega**2*theta - 0.045167*omega**2 - 6.0e-6*omega*theta**2 + 0.000386*omega*theta - 0.0074*omega - 0.e-6*theta**3 + 6.1e-5*theta**2 - 0.001367*theta + 0.010077

--- Chunk 41024 (105/220) | Start: 2025-01-14 01:05:00 ---
    RMSE omega (GP): 0.003767 | RMSE omega (Sim): 0.063026
    Loss: 14.5171 | Epoch: 7761
    Eq omega: 0.014731 + 0.00391theta + -0.01609omega + 0.00634theta^2 + 0.00056theta omega + -0.00904omega^2 + -0.00007theta^3 + 0.00185theta^2 omega + -0.00256theta omega^2 + -0.00989omega^3
    Eq omega Phys: -0.077545*omega**3 - 0.000669*omega**2*theta + 0.000689*omega**2 + 1.6e-5*omega*theta**2 - 0.000246*omega*theta + 0.000403*omega + 4.0e-6*theta**2 - 5.7e-5*theta + 0.000235

--- Chunk 41025 (106/220) | Start: 2025-01-14 01:10:00 ---
    RMSE omega (GP): 0.003125 | RMSE omega (Sim): 0.057062
    Loss: 16.5751 | Epoch: 9982
    Eq omega: -0.112021 + 0.01366theta + -0.01529omega + -0.01124theta^2 + 0.01201theta omega + -0.02734omega^2 + 0.00010theta^3 + -0.00558theta^2 omega + -0.00037theta omega^2 + -0.00634omega^3
    Eq omega Phys: -0.079097*omega**3 - 0.000154*omega**2*theta - 0.016249*omega**2 - 7.7e-5*omega*theta**2 + 0.001647*omega*theta - 0.009063*omega - 9.0e-6*theta**2 + 0.000171*theta - 0.001012

--- Chunk 41026 (107/220) | Start: 2025-01-14 01:15:00 ---
    RMSE omega (GP): 0.003146 | RMSE omega (Sim): nan
    Loss: 19.7444 | Epoch: 7188
    Eq omega: 0.031811 + -0.02288theta + 0.08308omega + 0.00331theta^2 + -0.00823theta omega + 0.03702omega^2 + -0.00043theta^3 + 0.00850theta^2 omega + 0.00210theta omega^2 + 0.00322omega^3
    Eq omega Phys: 0.043973*omega**3 + 0.000956*omega**2*theta + 0.016674*omega**2 + 0.000129*omega*theta**2 - 0.002426*omega*theta + 0.014107*omega + 8.0e-6*theta**2 - 0.000118*theta + 0.000603

--- Chunk 41027 (108/220) | Start: 2025-01-14 01:20:00 ---
    RMSE omega (GP): 0.003966 | RMSE omega (Sim): 0.052072
    Loss: 19.7430 | Epoch: 5261
    Eq omega: -0.050501 + -0.01713theta + -0.09181omega + -0.00224theta^2 + -0.00680theta omega + -0.00696omega^2 + -0.00053theta^3 + 0.00057theta^2 omega + -0.00147theta omega^2 + -0.00021omega^3
    Eq omega Phys: -0.001879*omega**3 - 0.000438*omega**2*theta + 0.002178*omega**2 + 6.0e-6*omega*theta**2 - 0.000278*omega*theta - 0.000318*omega + 6.0e-6*theta**2 - 8.0e-5*theta + 0.000349

--- Chunk 41028 (109/220) | Start: 2025-01-14 01:25:00 ---
    RMSE omega (GP): 0.004110 | RMSE omega (Sim): 0.065536
    Loss: 14.2079 | Epoch: 9999
    Eq omega: 0.013861 + -0.00730theta + 0.02968omega + 0.00183theta^2 + -0.02572theta omega + 0.01127omega^2 + -0.00012theta^3 + -0.00041theta^2 omega + -0.00739theta omega^2 + 0.01510omega^3
    Eq omega Phys: 0.099101*omega**3 - 0.001617*omega**2*theta + 0.018677*omega**2 - 3.0e-6*omega*theta**2 - 0.000351*omega*theta + 0.004109*omega + 2.0e-6*theta**2 - 3.0e-5*theta + 0.000182

--- Chunk 41029 (110/220) | Start: 2025-01-14 01:30:00 ---
    RMSE omega (GP): 0.003415 | RMSE omega (Sim): nan
    Loss: 27.4251 | Epoch: 9999
    Eq omega: 0.042841 + 0.01858theta + 0.02253omega + 0.00519theta^2 + 0.00871theta omega + 0.00369omega^2 + 0.00045theta^3 + 0.00196theta^2 omega + 0.00435theta omega^2 + 0.00301omega^3
    Eq omega Phys: 0.049007*omega**3 + 0.002361*omega**2*theta - 0.026437*omega**2 + 3.5e-5*omega*theta**2 - 0.000662*omega*theta + 0.003517*omega - 6.0e-6*theta**2 + 4.0e-5*theta - 5.4e-5

--- Chunk 41030 (111/220) | Start: 2025-01-14 01:35:00 ---
    RMSE omega (GP): nan | RMSE omega (Sim): nan
    Loss: 68831.0781 | Epoch: 5
    Eq omega: nan1 + nantheta + nanomega + nantheta^2 + nantheta omega + nanomega^2 + nantheta^3 + nantheta^2 omega + nantheta omega^2 + nanomega^3
    Eq omega Phys: N/A

--- Chunk 41031 (112/220) | Start: 2025-01-14 01:40:00 ---
    RMSE omega (GP): 0.003541 | RMSE omega (Sim): 0.112379
    Loss: 5.8210 | Epoch: 7769
    Eq omega: 0.163321 + -0.01357theta + 0.00298omega + -0.03648theta^2 + 0.05232theta omega + 0.00169omega^2 + -0.01963theta^3 + -0.00017theta^2 omega + 0.04651theta omega^2 + -0.03001omega^3
    Eq omega Phys: -0.146701*omega**3 + 0.007579*omega**2*theta - 0.106647*omega**2 - 0.e-6*omega*theta**2 + 0.00073*omega*theta - 0.010056*omega - 4.0e-6*theta**3 + 0.000135*theta**2 - 0.00169*theta + 0.007476

--- Chunk 41032 (113/220) | Start: 2025-01-14 01:45:00 ---
    RMSE omega (GP): 0.003860 | RMSE omega (Sim): nan
    Loss: 7.1955 | Epoch: 9303
    Eq omega: -0.035271 + -0.00046theta + 0.02986omega + 0.00063theta^2 + 0.05521theta omega + -0.10614omega^2 + -0.02497theta^3 + 0.05708theta^2 omega + 0.06494theta omega^2 + -0.00759omega^3
    Eq omega Phys: -0.034954*omega**3 + 0.009969*omega**2*theta - 0.16576*omega**2 + 0.000292*omega*theta**2 - 0.006555*omega*theta + 0.037332*omega - 4.0e-6*theta**3 + 0.000159*theta**2 - 0.00199*theta + 0.00818

--- Chunk 41033 (114/220) | Start: 2025-01-14 01:50:00 ---
    RMSE omega (GP): 0.003153 | RMSE omega (Sim): 0.125270
    Loss: 3.3796 | Epoch: 6209
    Eq omega: 0.044321 + -1.33379theta + 0.06510omega + 0.01522theta^2 + -0.02335theta omega + 0.17171omega^2 + -0.36298theta^3 + -0.01764theta^2 omega + -0.05416theta omega^2 + -0.01517omega^3
    Eq omega Phys: -0.068218*omega**3 - 0.008118*omega**2*theta + 0.044478*omega**2 - 8.8e-5*omega*theta**2 - 0.000779*omega*theta + 0.000706*omega - 6.0e-5*theta**3 - 0.000485*theta**2 - 0.002779*theta - 0.005045

--- Chunk 41034 (115/220) | Start: 2025-01-14 01:55:00 ---
    RMSE omega (GP): 0.005248 | RMSE omega (Sim): 0.059734
    Loss: 24.1537 | Epoch: 9999
    Eq omega: -0.091121 + -0.06572theta + 0.01611omega + -0.01502theta^2 + 0.00821theta omega + 0.00602omega^2 + -0.00079theta^3 + 0.00188theta^2 omega + 0.00127theta omega^2 + 0.00164omega^3
    Eq omega Phys: 0.010236*omega**3 + 0.000264*omega**2*theta - 0.002338*omega**2 + 1.3e-5*omega*theta**2 - 0.000377*omega*theta + 0.002962*omega + 3.0e-6*theta**2 + 1.7e-5*theta - 0.000334

--- Chunk 41035 (116/220) | Start: 2025-01-14 02:00:00 ---
    RMSE omega (GP): 0.003218 | RMSE omega (Sim): nan
    Loss: 2.9220 | Epoch: 8065
    Eq omega: 0.201151 + -0.73924theta + 0.08097omega + -0.70766theta^2 + -0.60671theta omega + 0.19921omega^2 + -0.38654theta^3 + 0.10828theta^2 omega + -0.04813theta omega^2 + 0.01492omega^3
    Eq omega Phys: 0.062142*omega**3 - 0.006682*omega**2*theta + 0.050319*omega**2 + 0.000501*omega*theta**2 - 0.00395*omega*theta - 0.017847*omega - 6.0e-5*theta**3 - 0.000933*theta**2 - 0.005208*theta - 0.008821

--- Chunk 41036 (117/220) | Start: 2025-01-14 02:05:00 ---
    RMSE omega (GP): 0.002999 | RMSE omega (Sim): 0.186487
    Loss: 3.5665 | Epoch: 4396
    Eq omega: -0.011491 + -0.22646theta + 0.03202omega + 0.12690theta^2 + -0.02002theta omega + -0.02776omega^2 + -0.06402theta^3 + 0.00315theta^2 omega + 0.00828theta omega^2 + 0.01121omega^3
    Eq omega Phys: 0.053658*omega**3 + 0.001321*omega**2*theta - 0.004593*omega**2 + 1.7e-5*omega*theta**2 - 0.000102*omega*theta + 0.000162*omega - 1.1e-5*theta**3 - 0.000111*theta**2 - 0.000521*theta - 0.001257

--- Chunk 41037 (118/220) | Start: 2025-01-14 02:10:00 ---
    RMSE omega (GP): 0.004791 | RMSE omega (Sim): 0.079567
    Loss: 6.8353 | Epoch: 5104
    Eq omega: 0.016841 + -0.13324theta + -0.02779omega + 0.03724theta^2 + -0.00043theta omega + 0.02931omega^2 + 0.00150theta^3 + -0.01426theta^2 omega + 0.00540theta omega^2 + -0.06505omega^3
    Eq omega Phys: -0.180149*omega**3 + 0.000498*omega**2*theta + 0.015775*omega**2 - 4.4e-5*omega*theta**2 - 0.001214*omega*theta - 0.009321*omega + 1.9e-5*theta**2 + 0.000286*theta + 0.000812

--- Chunk 41038 (119/220) | Start: 2025-01-14 02:15:00 ---
    RMSE omega (GP): 0.003765 | RMSE omega (Sim): nan
    Loss: 13.2486 | Epoch: 9722
    Eq omega: 0.010151 + 0.00172theta + 0.04785omega + -0.01097theta^2 + 0.00833theta omega + 0.01957omega^2 + -0.00225theta^3 + -0.00487theta^2 omega + 0.00178theta omega^2 + 0.02576omega^3
    Eq omega Phys: 0.190187*omega**3 + 0.000438*omega**2*theta + 0.005164*omega**2 - 4.0e-5*omega*theta**2 + 0.000967*omega*theta - 0.004133*omega - 0.e-6*theta**3 + 1.3e-5*theta**2 - 7.1e-5*theta + 3.9e-5

--- Chunk 41039 (120/220) | Start: 2025-01-14 02:20:00 ---
    RMSE omega (GP): 0.003279 | RMSE omega (Sim): 0.079640
    Loss: 2.7566 | Epoch: 7688
    Eq omega: -0.014741 + -0.02456theta + 0.05280omega + 0.04100theta^2 + 0.04013theta omega + -0.02372omega^2 + -0.00593theta^3 + -0.01491theta^2 omega + -0.03098theta omega^2 + 0.02025omega^3
    Eq omega Phys: 0.07585*omega**3 - 0.003868*omega**2*theta - 0.009963*omega**2 - 6.2e-5*omega*theta**2 + 0.000422*omega*theta + 0.001943*omega - 0.e-6*theta**3 + 1.5e-5*theta**2 - 1.5e-5*theta - 5.5e-5

--- Chunk 41040 (121/220) | Start: 2025-01-14 02:25:00 ---
    RMSE omega (GP): 0.005337 | RMSE omega (Sim): 0.050006
    Loss: 40.2316 | Epoch: 9999
    Eq omega: 0.008411 + -0.00435theta + -0.01760omega + 0.00005theta^2 + -0.00555theta omega + -0.00866omega^2 + -0.00002theta^3 + 0.00011theta^2 omega + -0.00174theta omega^2 + -0.00199omega^3
    Eq omega Phys: -0.019174*omega**3 - 0.000559*omega**2*theta + 0.007112*omega**2 + 1.0e-6*omega*theta**2 - 0.000156*omega*theta + 0.002213*omega - 1.6e-5*theta + 0.000206

--- Chunk 41041 (122/220) | Start: 2025-01-14 02:30:00 ---
    RMSE omega (GP): 0.002604 | RMSE omega (Sim): 1.504067
    Loss: 7.9741 | Epoch: 8401
    Eq omega: 0.062591 + -0.09098theta + 0.13656omega + -0.00449theta^2 + 0.01188theta omega + -0.04275omega^2 + -0.00238theta^3 + 0.05710theta^2 omega + -0.10093theta omega^2 + 0.01547omega^3
    Eq omega Phys: 0.14076*omega**3 - 0.030612*omega**2*theta + 0.148556*omega**2 + 0.000577*omega*theta**2 - 0.006273*omega*theta + 0.021572*omega - 0.e-6*theta**3 + 1.1e-5*theta**2 - 0.000146*theta + 0.00075

--- Chunk 41042 (123/220) | Start: 2025-01-14 02:35:00 ---
    RMSE omega (GP): 0.003534 | RMSE omega (Sim): 0.116666
    Loss: 3.7439 | Epoch: 5028
    Eq omega: -0.085271 + -0.05681theta + -0.00378omega + -0.08653theta^2 + 0.01967theta omega + -0.06869omega^2 + -0.12954theta^3 + -0.06315theta^2 omega + 0.14565theta omega^2 + -0.00441omega^3
    Eq omega Phys: -0.01734*omega**3 + 0.01909*omega**2*theta - 0.043317*omega**2 - 0.000276*omega*theta**2 + 0.000771*omega*theta - 0.000613*omega - 1.9e-5*theta**3 + 2.0e-5*theta**2 - 4.9e-5*theta - 0.000216

--- Chunk 41043 (124/220) | Start: 2025-01-14 02:40:00 ---
    RMSE omega (GP): 0.004311 | RMSE omega (Sim): 0.088418
    Loss: 9.4373 | Epoch: 9999
    Eq omega: -0.045611 + -0.01360theta + 0.00386omega + 0.00141theta^2 + -0.01666theta omega + 0.00699omega^2 + -0.00299theta^3 + -0.00119theta^2 omega + -0.00971theta omega^2 + 0.00796omega^3
    Eq omega Phys: 0.034696*omega**3 - 0.001411*omega**2*theta + 0.015662*omega**2 - 6.0e-6*omega*theta**2 - 0.000105*omega*theta + 0.00159*omega + 1.4e-5*theta**2 - 0.000149*theta + 0.000434

--- Chunk 41044 (125/220) | Start: 2025-01-14 02:45:00 ---
    RMSE omega (GP): 0.003203 | RMSE omega (Sim): 0.093860
    Loss: 2.5363 | Epoch: 6476
    Eq omega: -0.000691 + -0.09745theta + -0.00097omega + -0.04507theta^2 + 0.03041theta omega + 0.04794omega^2 + -0.00770theta^3 + -0.01306theta^2 omega + -0.02959theta omega^2 + -0.05132omega^3
    Eq omega Phys: -0.18106*omega**3 - 0.00348*omega**2*theta + 0.017078*omega**2 - 5.1e-5*omega*theta**2 + 0.000366*omega*theta - 9.8e-5*omega - 1.0e-6*theta**3 - 1.7e-5*theta**2 - 0.000102*theta + 1.7e-5

--- Chunk 41045 (126/220) | Start: 2025-01-14 02:50:00 ---
    RMSE omega (GP): 0.003665 | RMSE omega (Sim): 0.058335
    Loss: 7.0840 | Epoch: 9279
    Eq omega: 0.093391 + -0.03658theta + 0.01210omega + 0.03094theta^2 + 0.06423theta omega + 0.06453omega^2 + -0.02565theta^3 + -0.20068theta^2 omega + 0.00838theta omega^2 + -0.02151omega^3
    Eq omega Phys: -0.106746*omega**3 + 0.001386*omega**2*theta + 0.031026*omega**2 - 0.001107*omega*theta**2 - 0.006761*omega*theta - 0.009753*omega - 5.0e-6*theta**3 - 3.5e-5*theta**2 - 0.000112*theta + 8.8e-5

--- Chunk 41046 (127/220) | Start: 2025-01-14 02:55:00 ---
    RMSE omega (GP): 0.005500 | RMSE omega (Sim): 0.203988
    Loss: 24.3883 | Epoch: 9999
    Eq omega: 0.016791 + -0.01067theta + 0.01080omega + -0.00397theta^2 + -0.00006theta omega + 0.02241omega^2 + -0.00343theta^3 + -0.00034theta^2 omega + 0.00352theta omega^2 + 0.01104omega^3
    Eq omega Phys: 0.062462*omega**3 + 0.000664*omega**2*theta - 0.000859*omega**2 - 2.0e-6*omega*theta**2 + 6.7e-5*omega*theta - 0.00017*omega - 0.e-6*theta**3 + 3.2e-5*theta**2 - 0.0005*theta + 0.002663

--- Chunk 41047 (128/220) | Start: 2025-01-14 03:00:00 ---
    RMSE omega (GP): 0.003931 | RMSE omega (Sim): 0.066720
    Loss: 4.0848 | Epoch: 8097
    Eq omega: -0.156001 + -1.03462theta + -0.24572omega + -0.00888theta^2 + -0.02833theta omega + 0.09512omega^2 + -0.01555theta^3 + -0.01960theta^2 omega + 0.05059theta omega^2 + -0.07779omega^3
    Eq omega Phys: -0.253692*omega**3 + 0.0055*omega**2*theta + 0.080938*omega**2 - 7.1e-5*omega*theta**2 - 0.001592*omega*theta - 0.016769*omega - 2.0e-6*theta**3 - 5.4e-5*theta**2 - 0.001666*theta - 0.012529

--- Chunk 41048 (129/220) | Start: 2025-01-14 03:05:00 ---
    RMSE omega (GP): 0.004335 | RMSE omega (Sim): 0.071410
    Loss: 9.7806 | Epoch: 9999
    Eq omega: -0.054491 + -0.03404theta + 0.00020omega + -0.01899theta^2 + 0.00534theta omega + 0.00311omega^2 + -0.00160theta^3 + 0.00020theta^2 omega + -0.00029theta omega^2 + -0.00143omega^3
    Eq omega Phys: -0.00634*omega**3 - 4.3e-5*omega**2*theta + 0.000773*omega**2 + 1.0e-6*omega*theta**2 + 8.8e-5*omega*theta + 0.000778*omega - 1.6e-5*theta**2 - 0.000275*theta - 0.001573

--- Chunk 41049 (130/220) | Start: 2025-01-14 03:10:00 ---
    RMSE omega (GP): 0.004259 | RMSE omega (Sim): 0.142231
    Loss: 3.9106 | Epoch: 5369
    Eq omega: -0.025271 + -0.23729theta + 0.02381omega + 0.56058theta^2 + -0.05367theta omega + -0.14586omega^2 + -0.21294theta^3 + -0.06216theta^2 omega + 0.16407theta omega^2 + -0.02994omega^3
    Eq omega Phys: -0.093333*omega**3 + 0.017049*omega**2*theta + 0.037309*omega**2 - 0.000215*omega*theta**2 - 0.002707*omega*theta - 0.007326*omega - 2.5e-5*theta**3 - 0.000164*theta**2 - 8.2e-5*theta + 0.000546

--- Chunk 41050 (131/220) | Start: 2025-01-14 03:15:00 ---
    RMSE omega (GP): 0.003444 | RMSE omega (Sim): 0.074655
    Loss: 10.1597 | Epoch: 8164
    Eq omega: -0.011171 + -0.01745theta + -0.03874omega + -0.00593theta^2 + -0.00704theta omega + 0.00378omega^2 + -0.00200theta^3 + -0.00893theta^2 omega + -0.00523theta omega^2 + 0.00548omega^3
    Eq omega Phys: 0.036847*omega**3 - 0.001172*omega**2*theta + 0.013923*omega**2 - 6.7e-5*omega*theta**2 + 0.00127*omega*theta - 0.00729*omega + 1.2e-5*theta**2 - 0.000115*theta + 0.000393

--- Chunk 41051 (132/220) | Start: 2025-01-14 03:20:00 ---
    RMSE omega (GP): 0.003654 | RMSE omega (Sim): 0.071929
    Loss: 10.0430 | Epoch: 5949
    Eq omega: 0.064481 + -0.01505theta + 0.01526omega + 0.00445theta^2 + -0.00215theta omega + -0.00086omega^2 + -0.00180theta^3 + 0.00002theta^2 omega + 0.00052theta omega^2 + -0.00264omega^3
    Eq omega Phys: -0.01426*omega**3 + 9.4e-5*omega**2*theta - 0.001401*omega**2 - 3.3e-5*omega*theta + 0.00086*omega + 1.4e-5*theta**2 - 0.000196*theta + 0.001099

--- Chunk 41052 (133/220) | Start: 2025-01-14 03:25:00 ---
    RMSE omega (GP): 0.003766 | RMSE omega (Sim): 0.046914
    Loss: 34.5747 | Epoch: 9999
    Eq omega: -0.000811 + 0.00494theta + -0.00335omega + -0.00019theta^2 + -0.00030theta omega + 0.00002omega^2 + 0.00002theta^3 + 0.00002theta^2 omega + -0.00013theta omega^2 + -0.00002omega^3
    Eq omega Phys: -0.00032*omega**3 - 6.9e-5*omega**2*theta + 0.001309*omega**2 - 2.1e-5*omega*theta + 0.000149*omega - 0.e-6*theta**2 + 2.4e-5*theta - 0.000235

--- Chunk 41053 (134/220) | Start: 2025-01-14 03:30:00 ---
    RMSE omega (GP): nan | RMSE omega (Sim): nan
    Loss: 33700.0117 | Epoch: 5
    Eq omega: nan1 + nantheta + nanomega + nantheta^2 + nantheta omega + nanomega^2 + nantheta^3 + nantheta^2 omega + nantheta omega^2 + nanomega^3
    Eq omega Phys: N/A

--- Chunk 41054 (135/220) | Start: 2025-01-14 03:35:00 ---
    RMSE omega (GP): 0.002740 | RMSE omega (Sim): 0.124429
    Loss: 3.9271 | Epoch: 6712
    Eq omega: -0.001191 + -0.09980theta + -0.01107omega + 0.00908theta^2 + -0.05103theta omega + 0.03671omega^2 + -0.00906theta^3 + -0.00440theta^2 omega + -0.03990theta omega^2 + 0.00583omega^3
    Eq omega Phys: 0.033036*omega**3 - 0.007537*omega**2*theta + 0.048849*omega**2 - 2.8e-5*omega*theta**2 - 0.000497*omega*theta + 0.00233*omega - 2.0e-6*theta**3 + 2.9e-5*theta**2 - 0.000258*theta + 0.000723

--- Chunk 41055 (136/220) | Start: 2025-01-14 03:40:00 ---
    RMSE omega (GP): 0.002987 | RMSE omega (Sim): nan
    Loss: 5.2242 | Epoch: 9219
    Eq omega: 0.387701 + -1.27108theta + 0.03096omega + -0.17159theta^2 + 0.80431theta omega + 0.08497omega^2 + 0.01863theta^3 + 0.06194theta^2 omega + 0.05719theta omega^2 + -0.00131omega^3
    Eq omega Phys: -0.008588*omega**3 + 0.012498*omega**2*theta - 0.030415*omega**2 + 0.000451*omega*theta**2 + 0.007469*omega*theta - 0.055093*omega + 5.0e-6*theta**3 - 0.000165*theta**2 + 1.5e-5*theta + 0.005241

--- Chunk 41056 (137/220) | Start: 2025-01-14 03:45:00 ---
    RMSE omega (GP): 0.003098 | RMSE omega (Sim): 0.103888
    Loss: 4.0177 | Epoch: 8956
    Eq omega: -0.045631 + -0.04509theta + -0.21851omega + -0.02246theta^2 + -0.02534theta omega + -0.00604omega^2 + 0.00262theta^3 + -0.01491theta^2 omega + -0.01973theta omega^2 + -0.00797omega^3
    Eq omega Phys: -0.0371*omega**3 - 0.003061*omega**2*theta + 0.026453*omega**2 - 7.7e-5*omega*theta**2 + 0.00112*omega*theta - 0.01099*omega - 2.3e-5*theta**2 + 0.000255*theta - 0.000906

--- Chunk 41057 (138/220) | Start: 2025-01-14 03:50:00 ---
    RMSE omega (GP): 0.002989 | RMSE omega (Sim): nan
    Loss: 6.0063 | Epoch: 9083
    Eq omega: 0.044241 + -0.78182theta + 0.07311omega + -0.58103theta^2 + 0.00916theta omega + 0.03689omega^2 + -0.01338theta^3 + 0.11968theta^2 omega + -0.09542theta omega^2 + 0.03159omega^3
    Eq omega Phys: 0.203048*omega**3 - 0.020444*omega**2*theta + 0.081209*omega**2 + 0.000855*omega*theta**2 - 0.005221*omega*theta + 0.010405*omega - 3.0e-6*theta**3 - 0.000269*theta**2 + 0.000912*theta - 1.1e-5

--- Chunk 41058 (139/220) | Start: 2025-01-14 03:55:00 ---
    RMSE omega (GP): 0.003221 | RMSE omega (Sim): 0.116757
    Loss: 3.8509 | Epoch: 6763
    Eq omega: -0.094641 + -0.13555theta + -0.06746omega + 0.06153theta^2 + -0.03642theta omega + 0.00617omega^2 + -0.02868theta^3 + 0.00596theta^2 omega + -0.00468theta omega^2 + -0.00214omega^3
    Eq omega Phys: -0.009472*omega**3 - 0.00069*omega**2*theta - 0.004058*omega**2 + 2.9e-5*omega*theta**2 + 7.9e-5*omega*theta - 0.00405*omega - 5.0e-6*theta**3 - 0.000105*theta**2 - 0.000884*theta - 0.003193

--- Chunk 41059 (140/220) | Start: 2025-01-14 04:00:00 ---
    RMSE omega (GP): 0.004454 | RMSE omega (Sim): 0.110264
    Loss: 10.5742 | Epoch: 7395
    Eq omega: -0.001431 + -0.01019theta + 0.02970omega + -0.00315theta^2 + 0.00141theta omega + -0.00105omega^2 + -0.00016theta^3 + -0.00296theta^2 omega + 0.00047theta omega^2 + 0.01317omega^3
    Eq omega Phys: 0.059512*omega**3 + 7.1e-5*omega**2*theta + 0.000295*omega**2 - 1.5e-5*omega*theta**2 - 0.000277*omega*theta - 0.000292*omega - 2.0e-6*theta**2 - 4.6e-5*theta - 0.000276

--- Chunk 41060 (141/220) | Start: 2025-01-14 04:05:00 ---
    RMSE omega (GP): nan | RMSE omega (Sim): nan
    Loss: 23362.6152 | Epoch: 5
    Eq omega: nan1 + nantheta + nanomega + nantheta^2 + nantheta omega + nanomega^2 + nantheta^3 + nantheta^2 omega + nantheta omega^2 + nanomega^3
    Eq omega Phys: N/A

--- Chunk 41061 (142/220) | Start: 2025-01-14 04:10:00 ---
    RMSE omega (GP): 0.003493 | RMSE omega (Sim): 0.100907
    Loss: 5.3231 | Epoch: 5797
    Eq omega: 0.017701 + -1.31172theta + -0.00550omega + -0.54381theta^2 + 0.03527theta omega + 0.07159omega^2 + -0.00377theta^3 + -0.03834theta^2 omega + 0.03040theta omega^2 + -0.00088omega^3
    Eq omega Phys: -0.003802*omega**3 + 0.004379*omega**2*theta - 0.001716*omega**2 - 0.000184*omega*theta**2 + 0.002875*omega*theta - 0.011138*omega - 0.e-6*theta**3 - 0.000217*theta**2 + 0.001489*theta - 0.00014

--- Chunk 41062 (143/220) | Start: 2025-01-14 04:15:00 ---
    RMSE omega (GP): 0.003962 | RMSE omega (Sim): 0.065596
    Loss: 9.7095 | Epoch: 8501
    Eq omega: -0.113701 + -0.10343theta + 0.00870omega + -0.00478theta^2 + 0.15658theta omega + -0.13056omega^2 + -0.03594theta^3 + -0.00060theta^2 omega + 0.06697theta omega^2 + -0.13823omega^3
    Eq omega Phys: -0.701186*omega**3 + 0.011324*omega**2*theta - 0.176859*omega**2 - 3.0e-6*omega*theta**2 + 0.00222*omega*theta - 0.023455*omega - 7.0e-6*theta**3 + 0.000218*theta**2 - 0.002464*theta + 0.009374

--- Chunk 41063 (144/220) | Start: 2025-01-14 04:20:00 ---
    RMSE omega (GP): 0.003947 | RMSE omega (Sim): 0.184125
    Loss: 2.2593 | Epoch: 6513
    Eq omega: 0.017091 + -0.63030theta + -0.00756omega + 0.16111theta^2 + 0.02950theta omega + -0.07312omega^2 + -0.00628theta^3 + -0.00188theta^2 omega + 0.05845theta omega^2 + 0.01158omega^3
    Eq omega Phys: 0.029583*omega**3 + 0.004977*omega**2*theta - 0.030706*omega**2 - 5.0e-6*omega*theta**2 + 0.000307*omega*theta - 0.000811*omega - 0.e-6*theta**3 + 5.6e-5*theta**2 - 0.000903*theta + 0.001572

--- Chunk 41064 (145/220) | Start: 2025-01-14 04:25:00 ---
    RMSE omega (GP): 0.004080 | RMSE omega (Sim): 0.120155
    Loss: 4.0972 | Epoch: 6489
    Eq omega: 0.040431 + -0.09616theta + -0.00040omega + 0.01690theta^2 + 0.01433theta omega + -0.03293omega^2 + -0.00063theta^3 + -0.00163theta^2 omega + 0.00611theta omega^2 + -0.02225omega^3
    Eq omega Phys: -0.072855*omega**3 + 0.000667*omega**2*theta - 0.014092*omega**2 - 6.0e-6*omega*theta**2 + 0.000215*omega*theta - 0.000911*omega + 7.0e-6*theta**2 - 0.000172*theta + 0.000803

--- Chunk 41065 (146/220) | Start: 2025-01-14 04:30:00 ---
    RMSE omega (GP): 0.005093 | RMSE omega (Sim): 0.147006
    Loss: 19.2980 | Epoch: 6798
    Eq omega: -0.015681 + -0.21002theta + 0.10356omega + -0.07008theta^2 + 0.05234theta omega + 0.04357omega^2 + 0.00098theta^3 + -0.01859theta^2 omega + 0.00305theta omega^2 + -0.02124omega^3
    Eq omega Phys: -0.11729*omega**3 + 0.000561*omega**2*theta + 0.01306*omega**2 - 0.000114*omega*theta**2 + 0.003037*omega*theta - 0.01554*omega - 3.9e-5*theta**2 + 0.000498*theta - 0.001265

--- Chunk 41066 (147/220) | Start: 2025-01-14 04:35:00 ---
    RMSE omega (GP): 0.004638 | RMSE omega (Sim): 0.069645
    Loss: 5.4212 | Epoch: 7973
    Eq omega: 0.076531 + -0.11795theta + -0.06676omega + 0.02615theta^2 + 0.01914theta omega + -0.00521omega^2 + -0.00332theta^3 + -0.00104theta^2 omega + 0.00871theta omega^2 + 0.01246omega^3
    Eq omega Phys: 0.037784*omega**3 + 0.00088*omega**2*theta - 0.000248*omega**2 - 4.0e-6*omega*theta**2 + 0.000192*omega*theta - 0.00191*omega + 7.0e-6*theta**2 - 0.000104*theta + 8.0e-5

--- Chunk 41067 (148/220) | Start: 2025-01-14 04:40:00 ---
    RMSE omega (GP): 0.002660 | RMSE omega (Sim): 0.140657
    Loss: -0.7815 | Epoch: 6392
    Eq omega: -0.047621 + -1.25123theta + 0.07360omega + 0.00147theta^2 + 0.01170theta omega + -0.01148omega^2 + -0.26854theta^3 + -0.01886theta^2 omega + -0.10480theta omega^2 + -0.02914omega^3
    Eq omega Phys: -0.097546*omega**3 - 0.011694*omega**2*theta + 0.040229*omega**2 - 7.0e-5*omega*theta**2 + 0.000659*omega*theta + 0.000966*omega - 3.3e-5*theta**3 + 0.000377*theta**2 - 0.002813*theta + 0.006869

--- Chunk 41068 (149/220) | Start: 2025-01-14 04:45:00 ---
    RMSE omega (GP): 0.003708 | RMSE omega (Sim): 0.122862
    Loss: 8.6824 | Epoch: 9999
    Eq omega: 0.034351 + 0.02511theta + -0.03007omega + -0.01307theta^2 + 0.00955theta omega + 0.00435omega^2 + -0.07315theta^3 + -0.01271theta^2 omega + 0.07270theta omega^2 + -0.02226omega^3
    Eq omega Phys: -0.11218*omega**3 + 0.012212*omega**2*theta - 0.113234*omega**2 - 7.1e-5*omega*theta**2 + 0.001471*omega*theta - 0.008544*omega - 1.4e-5*theta**3 + 0.00038*theta**2 - 0.003493*theta + 0.010708

--- Chunk 41069 (150/220) | Start: 2025-01-14 04:50:00 ---
    RMSE omega (GP): 0.002991 | RMSE omega (Sim): 0.062451
    Loss: 6.5475 | Epoch: 7511
    Eq omega: -0.016841 + -0.03328theta + -0.00797omega + -0.00451theta^2 + -0.00502theta omega + -0.04841omega^2 + -0.00304theta^3 + 0.00039theta^2 omega + -0.00199theta omega^2 + -0.00069omega^3
    Eq omega Phys: -0.00438*omega**3 - 0.000421*omega**2*theta - 0.01701*omega**2 + 3.0e-6*omega*theta**2 - 0.000146*omega*theta + 0.001125*omega - 0.e-6*theta**3 + 2.4e-5*theta**2 - 0.000314*theta + 0.001454

  [Progress 150/220] Mean RMSE omega (GP): 0.004039 | (Sim): 0.114790 | Mean loss: -6558684.8293 | Valid GP: 139/150 | Valid Sim: 127/150 | Elapsed: 570.7min | ETA: 266.3min

--- Chunk 41070 (151/220) | Start: 2025-01-14 04:55:00 ---
    RMSE omega (GP): 0.003874 | RMSE omega (Sim): 0.075695
    Loss: 9.9957 | Epoch: 6924
    Eq omega: 0.077991 + -0.06982theta + 0.05638omega + -0.07642theta^2 + 0.02789theta omega + 0.04243omega^2 + -0.02265theta^3 + 0.02556theta^2 omega + -0.04788theta omega^2 + -0.01642omega^3
    Eq omega Phys: -0.091158*omega**3 - 0.00886*omega**2*theta - 0.003767*omega**2 + 0.000158*omega*theta**2 + 0.001184*omega*theta + 0.003847*omega - 5.0e-6*theta**3 - 7.1e-5*theta**2 - 0.000345*theta - 0.000288

--- Chunk 41071 (152/220) | Start: 2025-01-14 05:00:00 ---
    RMSE omega (GP): 0.003807 | RMSE omega (Sim): 0.191664
    Loss: 6.6586 | Epoch: 8794
    Eq omega: 0.079421 + 0.01972theta + -0.09377omega + 0.07183theta^2 + 0.06786theta omega + 0.07483omega^2 + -0.21774theta^3 + -0.06271theta^2 omega + 0.10490theta omega^2 + 0.01682omega^3
    Eq omega Phys: 0.072521*omega**3 + 0.015076*omega**2*theta - 0.077067*omega**2 - 0.0003*omega*theta**2 + 0.00506*omega*theta - 0.023816*omega - 3.5e-5*theta**3 + 0.00076*theta**2 - 0.005503*theta + 0.013452

--- Chunk 41072 (153/220) | Start: 2025-01-14 05:05:00 ---
    RMSE omega (GP): 0.002565 | RMSE omega (Sim): 0.069881
    Loss: 7.5082 | Epoch: 8728
    Eq omega: -0.228951 + 0.00960theta + 0.09206omega + 0.01573theta^2 + 0.06465theta omega + 0.02302omega^2 + -0.06066theta^3 + 0.02188theta^2 omega + 0.02302theta omega^2 + -0.27599omega^3
    Eq omega Phys: -2.572241*omega**3 + 0.007152*omega**2*theta + 0.03785*omega**2 + 0.000227*omega*theta**2 + 0.002786*omega*theta + 0.010044*omega - 2.1e-5*theta**3 - 0.00021*theta**2 - 0.00069*theta - 0.001196

--- Chunk 41073 (154/220) | Start: 2025-01-14 05:10:00 ---
    RMSE omega (GP): 0.002692 | RMSE omega (Sim): 0.062691
    Loss: 3.5229 | Epoch: 5644
    Eq omega: 0.040791 + -1.15358theta + -0.05041omega + -0.69417theta^2 + 0.02092theta omega + 0.28175omega^2 + -0.30102theta^3 + -0.51524theta^2 omega + -0.03561theta omega^2 + -0.01693omega^3
    Eq omega Phys: -0.094423*omega**3 - 0.00662*omega**2*theta + 0.143788*omega**2 - 0.003193*omega*theta**2 + 0.021817*omega*theta - 0.038942*omega - 6.2e-5*theta**3 + 0.000296*theta**2 - 0.001158*theta + 0.003027

--- Chunk 41074 (155/220) | Start: 2025-01-14 05:15:00 ---
    RMSE omega (GP): nan | RMSE omega (Sim): nan
    Loss: 29274.3945 | Epoch: 5
    Eq omega: nan1 + nantheta + nanomega + nantheta^2 + nantheta omega + nanomega^2 + nantheta^3 + nantheta^2 omega + nantheta omega^2 + nanomega^3
    Eq omega Phys: N/A

--- Chunk 41075 (156/220) | Start: 2025-01-14 05:20:00 ---
    RMSE omega (GP): 0.003359 | RMSE omega (Sim): 0.095911
    Loss: 14.9254 | Epoch: 9999
    Eq omega: 0.052041 + 0.01121theta + -0.02934omega + 0.00145theta^2 + 0.00111theta omega + -0.00784omega^2 + -0.00400theta^3 + -0.00012theta^2 omega + 0.00142theta omega^2 + -0.00239omega^3
    Eq omega Phys: -0.022496*omega**3 + 0.000446*omega**2*theta - 0.011122*omega**2 - 1.0e-6*omega*theta**2 + 5.9e-5*omega*theta - 0.001578*omega - 1.0e-6*theta**3 + 6.4e-5*theta**2 - 0.00097*theta + 0.00493

--- Chunk 41076 (157/220) | Start: 2025-01-14 05:25:00 ---
    RMSE omega (GP): 0.003944 | RMSE omega (Sim): 0.113531
    Loss: 10.2736 | Epoch: 8980
    Eq omega: -0.038821 + -0.01377theta + 0.04075omega + -0.00542theta^2 + -0.00518theta omega + 0.00601omega^2 + -0.00823theta^3 + 0.00340theta^2 omega + -0.13529theta omega^2 + 0.01073omega^3
    Eq omega Phys: 0.059752*omega**3 - 0.025113*omega**2*theta + 0.092323*omega**2 + 2.1e-5*omega*theta**2 - 0.000225*omega*theta + 0.001893*omega - 2.0e-6*theta**3 + 1.6e-5*theta**2 - 6.2e-5*theta - 1.0e-6

--- Chunk 41077 (158/220) | Start: 2025-01-14 05:30:00 ---
    RMSE omega (GP): 0.004982 | RMSE omega (Sim): 0.145111
    Loss: 7.3490 | Epoch: 9999
    Eq omega: 0.112161 + -0.35820theta + 0.03968omega + 0.03733theta^2 + 0.00846theta omega + 0.01863omega^2 + -0.00002theta^3 + -0.00246theta^2 omega + -0.02422theta omega^2 + 0.00507omega^3
    Eq omega Phys: 0.013781*omega**3 - 0.002194*omega**2*theta + 0.003928*omega**2 - 7.0e-6*omega*theta**2 + 7.4e-5*omega*theta + 0.001383*omega + 1.2e-5*theta**2 - 0.000379*theta + 0.000117

--- Chunk 41078 (159/220) | Start: 2025-01-14 05:35:00 ---
    RMSE omega (GP): nan | RMSE omega (Sim): nan
    Loss: 20133.2461 | Epoch: 5
    Eq omega: nan1 + nantheta + nanomega + nantheta^2 + nantheta omega + nanomega^2 + nantheta^3 + nantheta^2 omega + nantheta omega^2 + nanomega^3
    Eq omega Phys: N/A

--- Chunk 41079 (160/220) | Start: 2025-01-14 05:40:00 ---
    RMSE omega (GP): 0.003076 | RMSE omega (Sim): 0.100295
    Loss: 3.5632 | Epoch: 6662
    Eq omega: 0.047511 + -0.30386theta + -0.04385omega + -0.55379theta^2 + -0.07098theta omega + -0.11182omega^2 + -0.87462theta^3 + -0.05307theta^2 omega + -0.35100theta omega^2 + -0.00344omega^3
    Eq omega Phys: -0.017159*omega**3 - 0.05836*omega**2*theta - 0.077677*omega**2 - 0.000294*omega*theta**2 - 0.001288*omega*theta - 0.002081*omega - 0.000162*theta**3 - 0.000517*theta**2 - 0.00076*theta - 0.000159

--- Chunk 41080 (161/220) | Start: 2025-01-14 05:45:00 ---
    RMSE omega (GP): 0.004101 | RMSE omega (Sim): 0.075291
    Loss: 17.9007 | Epoch: 9999
    Eq omega: 0.005341 + -0.00987theta + 0.00967omega + -0.00104theta^2 + -0.00203theta omega + -0.00606omega^2 + -0.00010theta^3 + 0.00141theta^2 omega + -0.01465theta omega^2 + 0.00754omega^3
    Eq omega Phys: 0.056662*omega**3 - 0.00367*omega**2*theta + 0.04203*omega**2 + 1.2e-5*omega*theta**2 - 0.000323*omega*theta + 0.002513*omega - 9.0e-6*theta + 0.000111

--- Chunk 41081 (162/220) | Start: 2025-01-14 05:50:00 ---
    RMSE omega (GP): 0.003773 | RMSE omega (Sim): 0.110006
    Loss: -63863924.0000 | Epoch: 5403
    Eq omega: -0.051931 + -0.16421theta + 0.04166omega + 0.13679theta^2 + -0.02228theta omega + -0.04246omega^2 + -0.09151theta^3 + 0.12397theta^2 omega + 0.04579theta omega^2 + 0.03016omega^3
    Eq omega Phys: 0.141146*omega**3 + 0.007143*omega**2*theta - 0.011576*omega**2 + 0.000645*omega*theta**2 + 0.000644*omega*theta + 0.001516*omega - 1.6e-5*theta**3 + 2.5e-5*theta**2 - 0.00012*theta - 0.000253

--- Chunk 41082 (163/220) | Start: 2025-01-14 05:55:00 ---
    RMSE omega (GP): 0.004323 | RMSE omega (Sim): 0.038552
    Loss: 53.0156 | Epoch: 9999
    Eq omega: 0.011181 + 0.00489theta + -0.01150omega + -0.00014theta^2 + 0.00073theta omega + -0.00486omega^2 + -0.00002theta^3 + 0.00005theta^2 omega + 0.00024theta omega^2 + -0.00429omega^3
    Eq omega Phys: -0.077954*omega**3 + 0.000145*omega**2*theta - 0.006273*omega**2 + 1.0e-6*omega*theta**2 - 1.6e-5*omega*theta - 0.000411*omega + 1.0e-6*theta**2 - 2.0e-6*theta - 4.5e-5

--- Chunk 41083 (164/220) | Start: 2025-01-14 06:00:00 ---
    RMSE omega (GP): 0.014875 | RMSE omega (Sim): 0.043831
    Loss: 169.9046 | Epoch: 9999
    Eq omega: -0.029211 + -0.00282theta + -0.08719omega + 0.00089theta^2 + 0.00182theta omega + -0.01848omega^2 + -0.00213theta^3 + -0.00023theta^2 omega + 0.00096theta omega^2 + -0.00902omega^3
    Eq omega Phys: -0.045491*omega**3 + 0.000161*omega**2*theta - 0.012129*omega**2 - 1.0e-6*omega*theta**2 + 9.8e-5*omega*theta - 0.004633*omega + 3.4e-5*theta**2 - 0.000976*theta + 0.009261

--- Chunk 41084 (165/220) | Start: 2025-01-14 06:05:00 ---
    RMSE omega (GP): 0.004266 | RMSE omega (Sim): 0.086926
    Loss: 14.6859 | Epoch: 9999
    Eq omega: 0.025421 + -0.00094theta + 0.00070omega + -0.00047theta^2 + -0.00214theta omega + 0.00147omega^2 + -0.00028theta^3 + -0.00052theta^2 omega + -0.00071theta omega^2 + 0.00121omega^3
    Eq omega Phys: 0.007184*omega**3 - 0.000141*omega**2*theta + 0.002201*omega**2 - 3.0e-6*omega*theta**2 + 4.4e-5*omega*theta - 4.3e-5*omega + 2.0e-6*theta**2 - 1.8e-5*theta + 0.000129

--- Chunk 41085 (166/220) | Start: 2025-01-14 06:10:00 ---
    RMSE omega (GP): 0.006894 | RMSE omega (Sim): 0.067145
    Loss: 59.7538 | Epoch: 9999
    Eq omega: -0.010051 + 0.00054theta + 0.00457omega + 0.00037theta^2 + -0.00198theta omega + -0.00149omega^2 + -0.00004theta^3 + 0.00014theta^2 omega + -0.00017theta omega^2 + -0.00177omega^3
    Eq omega Phys: -0.014455*omega**3 - 4.6e-5*omega**2*theta + 0.000393*omega**2 + 1.0e-6*omega*theta**2 - 9.9e-5*omega*theta + 0.001835*omega + 1.0e-6*theta**2 - 3.3e-5*theta + 0.000296

--- Chunk 41086 (167/220) | Start: 2025-01-14 06:15:00 ---
    RMSE omega (GP): 0.005813 | RMSE omega (Sim): 0.059452
    Loss: 8.8858 | Epoch: 9999
    Eq omega: -0.040741 + -0.06752theta + -0.01863omega + -0.02334theta^2 + -0.00165theta omega + -0.00546omega^2 + -0.00088theta^3 + -0.00308theta^2 omega + -0.01593theta omega^2 + 0.01985omega^3
    Eq omega Phys: 0.049461*omega**3 - 0.001323*omega**2*theta - 0.006498*omega**2 - 9.0e-6*omega*theta**2 - 7.9e-5*omega*theta - 0.000798*omega - 8.0e-6*theta**2 - 0.000134*theta - 0.000544

--- Chunk 41087 (168/220) | Start: 2025-01-14 06:20:00 ---
    RMSE omega (GP): 0.003926 | RMSE omega (Sim): 0.157990
    Loss: 16.3546 | Epoch: 9999
    Eq omega: -0.069691 + -0.01491theta + 0.02701omega + 0.00864theta^2 + 0.00196theta omega + -0.00144omega^2 + -0.00237theta^3 + -0.00063theta^2 omega + 0.00173theta omega^2 + -0.00420omega^3
    Eq omega Phys: -0.031881*omega**3 + 0.000438*omega**2*theta + 0.005957*omega**2 - 5.0e-6*omega*theta**2 - 0.000129*omega*theta + 0.000164*omega - 0.e-6*theta**3 - 2.6e-5*theta**2 - 0.000335*theta - 0.001651

--- Chunk 41088 (169/220) | Start: 2025-01-14 06:25:00 ---
 lsoda--  warning..internal t (=r1) and h (=r2) are  
       such that in the machine, t + h = t on the next step  
       (h = step size). solver will continue anyway  
      in above,  r1 =  0.5339704090247D+01   r2 =  0.4087510106504D-15
 lsoda--  warning..internal t (=r1) and h (=r2) are  
       such that in the machine, t + h = t on the next step  
       (h = step size). solver will continue anyway  
      in above,  r1 =  0.5339704090247D+01   r2 =  0.4087510106504D-15
 lsoda--  warning..internal t (=r1) and h (=r2) are  
       such that in the machine, t + h = t on the next step  
       (h = step size). solver will continue anyway  
      in above,  r1 =  0.5339704090247D+01   r2 =  0.4087510106504D-15
 lsoda--  warning..internal t (=r1) and h (=r2) are  
       such that in the machine, t + h = t on the next step  
       (h = step size). solver will continue anyway  
      in above,  r1 =  0.5339704090247D+01   r2 =  0.3359387199706D-15
 lsoda--  warning..internal t (=r1) and h (=r2) are  
       such that in the machine, t + h = t on the next step  
       (h = step size). solver will continue anyway  
      in above,  r1 =  0.5339704090247D+01   r2 =  0.3359387199706D-15
 lsoda--  warning..internal t (=r1) and h (=r2) are  
       such that in the machine, t + h = t on the next step  
       (h = step size). solver will continue anyway  
      in above,  r1 =  0.5339704090247D+01   r2 =  0.3359387199706D-15
 lsoda--  warning..internal t (=r1) and h (=r2) are  
       such that in the machine, t + h = t on the next step  
       (h = step size). solver will continue anyway  
      in above,  r1 =  0.5339704090247D+01   r2 =  0.2760967453686D-15
 lsoda--  warning..internal t (=r1) and h (=r2) are  
       such that in the machine, t + h = t on the next step  
       (h = step size). solver will continue anyway  
      in above,  r1 =  0.5339704090247D+01   r2 =  0.2760967453686D-15
 lsoda--  warning..internal t (=r1) and h (=r2) are  
       such that in the machine, t + h = t on the next step  
       (h = step size). solver will continue anyway  
      in above,  r1 =  0.5339704090247D+01   r2 =  0.2760967453686D-15
 lsoda--  warning..internal t (=r1) and h (=r2) are  
       such that in the machine, t + h = t on the next step  
       (h = step size). solver will continue anyway  
      in above,  r1 =  0.5339704090247D+01   r2 =  0.2269146376025D-15
 lsoda--  above warning has been issued i1 times.    
       it will not be issued again for this problem  
      in above message,  i1 =        10
 lsoda--  warning..internal t (=r1) and h (=r2) are  
       such that in the machine, t + h = t on the next step  
       (h = step size). solver will continue anyway  
      in above,  r1 =  0.8431010475545D+01   r2 =  0.7324816784999D-15
 lsoda--  warning..internal t (=r1) and h (=r2) are  
       such that in the machine, t + h = t on the next step  
       (h = step size). solver will continue anyway  
      in above,  r1 =  0.8431010475545D+01   r2 =  0.7324816784999D-15
 lsoda--  warning..internal t (=r1) and h (=r2) are  
       such that in the machine, t + h = t on the next step  
       (h = step size). solver will continue anyway  
      in above,  r1 =  0.8431010475545D+01   r2 =  0.7324816784999D-15
 lsoda--  warning..internal t (=r1) and h (=r2) are  
       such that in the machine, t + h = t on the next step  
       (h = step size). solver will continue anyway  
      in above,  r1 =  0.8431010475545D+01   r2 =  0.6020020857834D-15
 lsoda--  warning..internal t (=r1) and h (=r2) are  
       such that in the machine, t + h = t on the next step  
       (h = step size). solver will continue anyway  
      in above,  r1 =  0.8431010475545D+01   r2 =  0.6020020857834D-15
 lsoda--  warning..internal t (=r1) and h (=r2) are  
       such that in the machine, t + h = t on the next step  
       (h = step size). solver will continue anyway  
      in above,  r1 =  0.8431010475545D+01   r2 =  0.6020020857834D-15
 lsoda--  warning..internal t (=r1) and h (=r2) are  
       such that in the machine, t + h = t on the next step  
    RMSE omega (GP): 0.004933 | RMSE omega (Sim): nan
    Loss: -10955333632.0000 | Epoch: 9199
    Eq omega: 0.210121 + -0.34043theta + 0.12753omega + -0.02296theta^2 + -0.05167theta omega + -0.17800omega^2 + -0.00930theta^3 + 0.00440theta^2 omega + 0.00388theta omega^2 + 0.04721omega^3
    Eq omega Phys: 0.174164*omega**3 + 0.000477*omega**2*theta - 0.064376*omega**2 + 1.8e-5*omega*theta**2 - 0.000752*omega*theta + 0.00703*omega - 1.0e-6*theta**3 + 7.0e-6*theta**2 - 0.000369*theta + 0.002154

--- Chunk 41089 (170/220) | Start: 2025-01-14 06:30:00 ---
    RMSE omega (GP): 0.002374 | RMSE omega (Sim): nan
    Loss: 4.0452 | Epoch: 6932
    Eq omega: -0.065911 + -3.36049theta + 0.04539omega + 0.75384theta^2 + 0.07355theta omega + 0.31365omega^2 + -0.01831theta^3 + -0.00507theta^2 omega + 0.50247theta omega^2 + 0.00201omega^3
    Eq omega Phys: 0.014707*omega**3 + 0.122554*omega**2*theta + 0.26921*omega**2 - 4.1e-5*omega*theta**2 + 0.001134*omega*theta + 0.002606*omega - 5.0e-6*theta**3 + 0.0004*theta**2 - 0.002975*theta - 0.003275

--- Chunk 41090 (171/220) | Start: 2025-01-14 06:35:00 ---
    RMSE omega (GP): 0.003617 | RMSE omega (Sim): 0.094899
    Loss: 11.1949 | Epoch: 6066
    Eq omega: 0.033651 + -0.11999theta + 0.00070omega + -0.00398theta^2 + 0.04849theta omega + 0.01036omega^2 + -0.01984theta^3 + -0.00319theta^2 omega + 0.00872theta omega^2 + -0.08021omega^3
    Eq omega Phys: -0.526973*omega**3 + 0.00191*omega**2*theta - 0.013649*omega**2 - 2.3e-5*omega*theta**2 + 0.001208*omega*theta - 0.009488*omega - 5.0e-6*theta**3 + 0.000138*theta**2 - 0.001452*theta + 0.005564

--- Chunk 41091 (172/220) | Start: 2025-01-14 06:40:00 ---
    RMSE omega (GP): 0.003128 | RMSE omega (Sim): 0.153183
    Loss: 4.4460 | Epoch: 6161
    Eq omega: -0.070791 + -0.18542theta + 0.01625omega + -0.10662theta^2 + -0.03879theta omega + -0.03185omega^2 + -0.15977theta^3 + 0.16681theta^2 omega + -0.07369theta omega^2 + -0.01556omega^3
    Eq omega Phys: -0.079344*omega**3 - 0.012525*omega**2*theta - 0.049517*omega**2 + 0.000945*omega*theta**2 + 0.004958*omega*theta + 0.006969*omega - 3.0e-5*theta**3 - 0.000312*theta**2 - 0.001254*theta - 0.001941

--- Chunk 41092 (173/220) | Start: 2025-01-14 06:45:00 ---
    RMSE omega (GP): 0.009170 | RMSE omega (Sim): 0.045261
    Loss: 291.1199 | Epoch: 9999
    Eq omega: -0.007241 + 0.00089theta + 0.00045omega + 0.00013theta^2 + 0.00029theta omega + -0.00119omega^2 + -0.00000theta^3 + -0.00002theta^2 omega + -0.00008theta omega^2 + -0.00033omega^3
    Eq omega Phys: -0.007472*omega**3 - 6.0e-5*omega**2*theta - 0.002448*omega**2 - 0.e-6*omega*theta**2 - 1.5e-5*omega*theta - 6.4e-5*omega + 7.0e-6*theta + 8.3e-5

--- Chunk 41093 (174/220) | Start: 2025-01-14 06:50:00 ---
    RMSE omega (GP): 0.009165 | RMSE omega (Sim): 0.041962
    Loss: 20.4993 | Epoch: 9999
    Eq omega: 0.014641 + -0.15286theta + -0.16085omega + 0.00161theta^2 + 0.00330theta omega + 0.00661omega^2 + 0.00025theta^3 + 0.00070theta^2 omega + 0.00043theta omega^2 + -0.01084omega^3
    Eq omega Phys: -0.020253*omega**3 + 2.7e-5*omega**2*theta + 0.00226*omega**2 + 1.0e-6*omega*theta**2 + 9.4e-5*omega*theta - 0.003982*omega + 2.0e-6*theta**2 - 0.000123*theta - 0.003369

--- Chunk 41094 (175/220) | Start: 2025-01-14 06:55:00 ---
    RMSE omega (GP): 0.003351 | RMSE omega (Sim): 0.133651
    Loss: 6.5863 | Epoch: 7135
    Eq omega: -0.067121 + -0.09128theta + 0.05020omega + 0.01224theta^2 + 0.17780theta omega + -0.01940omega^2 + -0.04929theta^3 + 0.02929theta^2 omega + -0.02021theta omega^2 + 0.02123omega^3
    Eq omega Phys: 0.118437*omega**3 - 0.003758*omega**2*theta - 0.027647*omega**2 + 0.000182*omega*theta**2 + 0.004419*omega*theta + 0.019564*omega - 1.0e-5*theta**3 - 0.000151*theta**2 - 0.000845*theta - 0.001914

--- Chunk 41095 (176/220) | Start: 2025-01-14 07:00:00 ---
    RMSE omega (GP): 0.004576 | RMSE omega (Sim): 0.058837
    Loss: 7.9375 | Epoch: 9992
    Eq omega: -0.144201 + -0.01070theta + -0.02031omega + -0.00933theta^2 + 0.09252theta omega + -0.02600omega^2 + -0.01864theta^3 + -0.00313theta^2 omega + 0.02229theta omega^2 + -0.02822omega^3
    Eq omega Phys: -0.105529*omega**3 + 0.002778*omega**2*theta - 0.064489*omega**2 - 1.3e-5*omega*theta**2 + 0.001607*omega*theta - 0.027506*omega - 3.0e-6*theta**3 + 0.000151*theta**2 - 0.002935*theta + 0.018698

--- Chunk 41096 (177/220) | Start: 2025-01-14 07:05:00 ---
    RMSE omega (GP): 0.004818 | RMSE omega (Sim): 0.295052
    Loss: 6.4845 | Epoch: 7189
    Eq omega: 0.104821 + -0.02459theta + 0.00537omega + -0.01905theta^2 + -0.06550theta omega + 0.00729omega^2 + -0.03010theta^3 + 0.02252theta^2 omega + 0.01567theta omega^2 + -0.00497omega^3
    Eq omega Phys: -0.014433*omega**3 + 0.001517*omega**2*theta + 0.01101*omega**2 + 7.3e-5*omega*theta**2 + 0.000158*omega*theta - 0.001322*omega - 3.0e-6*theta**3 - 6.3e-5*theta**2 - 0.000426*theta - 0.000622

--- Chunk 41097 (178/220) | Start: 2025-01-14 07:10:00 ---
    RMSE omega (GP): 0.008873 | RMSE omega (Sim): 0.052143
    Loss: 94.1784 | Epoch: 9999
    Eq omega: 0.005941 + -0.00721theta + -0.01297omega + 0.00016theta^2 + 0.00016theta omega + -0.00037omega^2 + -0.00071theta^3 + 0.00030theta^2 omega + -0.00029theta omega^2 + -0.00176omega^3
    Eq omega Phys: -0.01408*omega**3 - 7.7e-5*omega**2*theta + 0.001466*omega**2 + 3.0e-6*omega*theta**2 - 0.000112*omega*theta + 0.000733*omega + 1.4e-5*theta**2 - 0.000302*theta + 0.002296

--- Chunk 41098 (179/220) | Start: 2025-01-14 07:15:00 ---
    RMSE omega (GP): 0.003924 | RMSE omega (Sim): 0.085329
    Loss: 6.2860 | Epoch: 8661
    Eq omega: -0.083271 + -0.01736theta + 0.02239omega + -0.00309theta^2 + 0.00194theta omega + 0.00499omega^2 + -0.00072theta^3 + -0.00038theta^2 omega + -0.00488theta omega^2 + -0.00152omega^3
    Eq omega Phys: -0.006146*omega**3 - 0.000658*omega**2*theta + 0.000955*omega**2 - 2.0e-6*omega*theta**2 + 1.9e-5*omega*theta + 0.000775*omega - 2.0e-6*theta**2 - 2.3e-5*theta - 0.00028

--- Chunk 41099 (180/220) | Start: 2025-01-14 07:20:00 ---
    RMSE omega (GP): 0.005297 | RMSE omega (Sim): 0.064710
    Loss: 6.0428 | Epoch: 9999
    Eq omega: 0.090901 + -0.21470theta + -0.14635omega + 0.01548theta^2 + 0.02229theta omega + 0.01303omega^2 + 0.00260theta^3 + -0.00654theta^2 omega + -0.01757theta omega^2 + -0.00152omega^3
    Eq omega Phys: -0.00351*omega**3 - 0.001352*omega**2*theta - 0.020702*omega**2 - 1.7e-5*omega*theta**2 - 0.000397*omega*theta - 0.006597*omega + 1.7e-5*theta**2 + 0.000149*theta - 0.00109

--- Chunk 41100 (181/220) | Start: 2025-01-14 07:25:00 ---
    RMSE omega (GP): 0.003894 | RMSE omega (Sim): 0.138179
    Loss: 18.7123 | Epoch: 9999
    Eq omega: 0.069581 + -0.01511theta + 0.00708omega + 0.01738theta^2 + -0.00588theta omega + -0.01684omega^2 + -0.00047theta^3 + 0.00202theta^2 omega + 0.00013theta omega^2 + -0.01542omega^3
    Eq omega Phys: -0.131646*omega**3 + 3.7e-5*omega**2*theta - 0.009544*omega**2 + 1.9e-5*omega*theta**2 - 0.000685*omega*theta + 0.006214*omega + 1.7e-5*theta**2 - 0.000431*theta + 0.003278

--- Chunk 41101 (182/220) | Start: 2025-01-14 07:30:00 ---
    RMSE omega (GP): 0.004031 | RMSE omega (Sim): 0.063037
    Loss: 24.3608 | Epoch: 9999
    Eq omega: 0.007411 + 0.00300theta + -0.02922omega + -0.00156theta^2 + -0.00069theta omega + -0.01211omega^2 + 0.00009theta^3 + -0.00051theta^2 omega + 0.00110theta omega^2 + -0.00525omega^3
    Eq omega Phys: -0.054431*omega**3 + 0.00038*omega**2*theta - 0.012339*omega**2 - 6.0e-6*omega*theta**2 + 0.000148*omega*theta - 0.001896*omega - 2.0e-6*theta**2 + 5.1e-5*theta - 0.000313

--- Chunk 41102 (183/220) | Start: 2025-01-14 07:35:00 ---
    RMSE omega (GP): 0.002819 | RMSE omega (Sim): 0.094673
    Loss: 4.4024 | Epoch: 5774
    Eq omega: -0.047711 + -0.45326theta + -0.01141omega + -0.01907theta^2 + -0.03138theta omega + 0.00039omega^2 + -0.01588theta^3 + -0.00601theta^2 omega + -0.03521theta omega^2 + -0.00935omega^3
    Eq omega Phys: -0.055376*omega**3 - 0.006951*omega**2*theta + 0.037882*omega**2 - 4.0e-5*omega*theta**2 - 3.6e-5*omega*theta + 0.000977*omega - 3.0e-6*theta**3 + 4.7e-5*theta**2 - 0.000709*theta + 0.002892

--- Chunk 41103 (184/220) | Start: 2025-01-14 07:40:00 ---
    RMSE omega (GP): 0.003029 | RMSE omega (Sim): nan
    Loss: 7.3351 | Epoch: 4174
    Eq omega: -0.199771 + -0.65596theta + 0.04732omega + -0.62805theta^2 + 0.27639theta omega + -0.00370omega^2 + -0.63651theta^3 + 0.12132theta^2 omega + 0.00807theta omega^2 + 0.11307omega^3
    Eq omega Phys: 0.820316*omega**3 + 0.001952*omega**2*theta - 0.009505*omega**2 + 0.000978*omega*theta**2 - 0.003172*omega*theta - 0.001097*omega - 0.000171*theta**3 + 0.001678*theta**2 - 0.005984*theta + 0.007543

--- Chunk 41104 (185/220) | Start: 2025-01-14 07:45:00 ---
    RMSE omega (GP): 0.003374 | RMSE omega (Sim): 0.081445
    Loss: 17.9759 | Epoch: 9999
    Eq omega: -0.101801 + -0.00550theta + -0.07055omega + 0.00273theta^2 + -0.01693theta omega + 0.08246omega^2 + -0.00737theta^3 + -0.00683theta^2 omega + -0.00995theta omega^2 + 0.02057omega^3
    Eq omega Phys: 0.21262*omega**3 - 0.003428*omega**2*theta + 0.078982*omega**2 - 7.8e-5*omega*theta**2 + 0.001068*omega*theta - 0.005638*omega - 3.0e-6*theta**3 + 7.7e-5*theta**2 - 0.000711*theta + 0.002006

--- Chunk 41105 (186/220) | Start: 2025-01-14 07:50:00 ---
    RMSE omega (GP): 0.003444 | RMSE omega (Sim): 0.063980
    Loss: 7.6120 | Epoch: 6487
    Eq omega: 0.389881 + -3.32624theta + -1.02211omega + -1.60986theta^2 + 0.01450theta omega + 0.35131omega^2 + -0.23692theta^3 + -0.08889theta^2 omega + 0.32136theta omega^2 + -0.01553omega^3
    Eq omega Phys: -0.092149*omega**3 + 0.063561*omega**2*theta - 0.162013*omega**2 - 0.000586*omega*theta**2 + 0.006084*omega*theta - 0.049839*omega - 5.2e-5*theta**3 - 1.3e-5*theta**2 + 0.000354*theta + 0.006071

--- Chunk 41106 (187/220) | Start: 2025-01-14 07:55:00 ---
    RMSE omega (GP): 0.003519 | RMSE omega (Sim): 0.169009
    Loss: 12.5781 | Epoch: 9999
    Eq omega: -0.029181 + -0.00663theta + 0.01383omega + 0.00838theta^2 + 0.01133theta omega + 0.02285omega^2 + -0.00964theta^3 + 0.00331theta^2 omega + 0.01500theta omega^2 + -0.00525omega^3
    Eq omega Phys: -0.041631*omega**3 + 0.003965*omega**2*theta - 0.034105*omega**2 + 2.9e-5*omega*theta**2 - 0.00048*omega*theta + 0.002116*omega - 3.0e-6*theta**3 + 0.000103*theta**2 - 0.001254*theta + 0.005041

--- Chunk 41107 (188/220) | Start: 2025-01-14 08:00:00 ---
    RMSE omega (GP): 0.006223 | RMSE omega (Sim): 0.042816
    Loss: 121.1835 | Epoch: 9999
    Eq omega: 0.004931 + -0.00326theta + -0.00614omega + -0.00006theta^2 + -0.00129theta omega + -0.00224omega^2 + -0.00002theta^3 + -0.00000theta^2 omega + -0.00055theta omega^2 + -0.00035omega^3
    Eq omega Phys: -0.007099*omega**3 - 0.000372*omega**2*theta + 0.006608*omega**2 - 3.5e-5*omega*theta + 0.000599*omega + 1.0e-6*theta**2 - 2.4e-5*theta + 0.000237

--- Chunk 41108 (189/220) | Start: 2025-01-14 08:05:00 ---
    RMSE omega (GP): 0.004534 | RMSE omega (Sim): 0.171418
    Loss: 14.3058 | Epoch: 9999
    Eq omega: -0.012511 + -0.04817theta + -0.02858omega + 0.03647theta^2 + -0.00579theta omega + -0.05264omega^2 + -0.00069theta^3 + 0.00120theta^2 omega + -0.00169theta omega^2 + -0.00424omega^3
    Eq omega Phys: -0.021432*omega**3 - 0.000285*omega**2*theta - 0.0185*omega**2 + 7.0e-6*omega*theta**2 - 0.000226*omega*theta + 0.000715*omega + 2.1e-5*theta**2 - 0.000463*theta + 0.002699

--- Chunk 41109 (190/220) | Start: 2025-01-14 08:10:00 ---
    RMSE omega (GP): 0.004064 | RMSE omega (Sim): 0.057502
    Loss: 15.5498 | Epoch: 9733
    Eq omega: 0.001101 + -0.01279theta + 0.01659omega + -0.00290theta^2 + 0.00288theta omega + -0.02301omega^2 + -0.00009theta^3 + -0.00076theta^2 omega + 0.00079theta omega^2 + -0.00261omega^3
    Eq omega Phys: -0.017686*omega**3 + 0.000178*omega**2*theta - 0.014318*omega**2 - 6.0e-6*omega*theta**2 + 0.000263*omega*theta - 0.002368*omega + 1.9e-5*theta - 0.000124

--- Chunk 41110 (191/220) | Start: 2025-01-14 08:15:00 ---
    RMSE omega (GP): 0.003582 | RMSE omega (Sim): 0.067586
    Loss: 14.4079 | Epoch: 9999
    Eq omega: 0.018951 + -0.03946theta + -0.02297omega + -0.00566theta^2 + -0.01362theta omega + -0.03879omega^2 + -0.00599theta^3 + 0.00110theta^2 omega + -0.00408theta omega^2 + -0.00790omega^3
    Eq omega Phys: -0.062351*omega**3 - 0.001073*omega**2*theta - 0.007514*omega**2 + 1.0e-5*omega*theta**2 - 0.000455*omega*theta + 0.003204*omega - 2.0e-6*theta**3 + 5.7e-5*theta**2 - 0.000668*theta + 0.002805

--- Chunk 41111 (192/220) | Start: 2025-01-14 08:20:00 ---
    RMSE omega (GP): 0.003274 | RMSE omega (Sim): 0.070360
    Loss: -37971824.0000 | Epoch: 9266
    Eq omega: -0.214741 + -0.05893theta + -0.22921omega + -0.09726theta^2 + 0.05085theta omega + -0.12073omega^2 + -0.12996theta^3 + -0.02324theta^2 omega + 0.02689theta omega^2 + -0.01559omega^3
    Eq omega Phys: -0.079535*omega**3 + 0.004573*omega**2*theta - 0.091072*omega**2 - 0.000132*omega*theta**2 + 0.003078*omega*theta - 0.024689*omega - 2.5e-5*theta**3 + 0.000621*theta**2 - 0.005266*theta + 0.014452

--- Chunk 41112 (193/220) | Start: 2025-01-14 08:25:00 ---
    RMSE omega (GP): 0.003429 | RMSE omega (Sim): 0.074151
    Loss: 9.4381 | Epoch: 9999
    Eq omega: -0.089901 + -0.16450theta + -0.30477omega + 0.04897theta^2 + 0.00142theta omega + -0.00161omega^2 + -0.00375theta^3 + 0.00155theta^2 omega + -0.03608theta omega^2 + -0.09994omega^3
    Eq omega Phys: -0.664123*omega**3 - 0.007992*omega**2*theta - 0.068887*omega**2 + 1.1e-5*omega*theta**2 + 0.000217*omega*theta - 0.009137*omega - 0.e-6*theta**3 + 2.0e-6*theta**2 + 5.3e-5*theta - 0.000481

--- Chunk 41113 (194/220) | Start: 2025-01-14 08:30:00 ---
    RMSE omega (GP): nan | RMSE omega (Sim): nan
    Loss: 24187.2871 | Epoch: 5
    Eq omega: nan1 + nantheta + nanomega + nantheta^2 + nantheta omega + nanomega^2 + nantheta^3 + nantheta^2 omega + nantheta omega^2 + nanomega^3
    Eq omega Phys: N/A

--- Chunk 41114 (195/220) | Start: 2025-01-14 08:35:00 ---
    RMSE omega (GP): 0.018265 | RMSE omega (Sim): 0.048451
    Loss: 876.2678 | Epoch: 9999
    Eq omega: -0.025431 + -0.00405theta + 0.00596omega + -0.00021theta^2 + 0.00082theta omega + 0.00033omega^2 + -0.00002theta^3 + -0.00005theta^2 omega + -0.00035theta omega^2 + 0.00011omega^3
    Eq omega Phys: 0.001824*omega**3 - 0.000193*omega**2*theta - 0.005255*omega**2 - 0.e-6*omega*theta**2 - 3.2e-5*omega*theta + 3.2e-5*omega - 1.0e-6*theta**2 - 4.4e-5*theta - 0.000588

--- Chunk 41115 (196/220) | Start: 2025-01-14 08:40:00 ---
    RMSE omega (GP): 0.004375 | RMSE omega (Sim): 0.098294
    Loss: 8.6954 | Epoch: 8959
    Eq omega: 0.027731 + -0.07182theta + -0.03538omega + 0.01375theta^2 + -0.01852theta omega + -0.00028omega^2 + -0.00211theta^3 + 0.00288theta^2 omega + 0.00400theta omega^2 + -0.00451omega^3
    Eq omega Phys: -0.018428*omega**3 + 0.000545*omega**2*theta + 0.006966*omega**2 + 1.3e-5*omega*theta**2 + 0.000112*omega*theta - 0.001934*omega - 7.0e-6*theta**2 - 9.5e-5*theta - 0.0007

--- Chunk 41116 (197/220) | Start: 2025-01-14 08:45:00 ---
    RMSE omega (GP): 0.004183 | RMSE omega (Sim): 0.106522
    Loss: 9.4505 | Epoch: 6537
    Eq omega: 0.039291 + -0.09212theta + -0.00669omega + 0.02970theta^2 + 0.01417theta omega + 0.00523omega^2 + -0.00584theta^3 + -0.00034theta^2 omega + -0.00336theta omega^2 + 0.01525omega^3
    Eq omega Phys: 0.066599*omega**3 - 0.000489*omega**2*theta + 0.005189*omega**2 - 2.0e-6*omega*theta**2 + 0.000202*omega*theta - 0.00147*omega - 0.e-6*theta**3 + 3.1e-5*theta**2 - 0.000388*theta + 0.001583

--- Chunk 41117 (198/220) | Start: 2025-01-14 08:50:00 ---
       (h = step size). solver will continue anyway  
      in above,  r1 =  0.8431010475545D+01   r2 =  0.4947652916401D-15
 lsoda--  warning..internal t (=r1) and h (=r2) are  
       such that in the machine, t + h = t on the next step  
       (h = step size). solver will continue anyway  
      in above,  r1 =  0.8431010475545D+01   r2 =  0.4947652916401D-15
 lsoda--  warning..internal t (=r1) and h (=r2) are  
       such that in the machine, t + h = t on the next step  
       (h = step size). solver will continue anyway  
      in above,  r1 =  0.8431010475545D+01   r2 =  0.4947652916401D-15
 lsoda--  warning..internal t (=r1) and h (=r2) are  
       such that in the machine, t + h = t on the next step  
       (h = step size). solver will continue anyway  
      in above,  r1 =  0.8431010475545D+01   r2 =  0.4066309728104D-15
 lsoda--  above warning has been issued i1 times.    
       it will not be issued again for this problem  
      in above message,  i1 =        10
 lsoda--  warning..internal t (=r1) and h (=r2) are  
       such that in the machine, t + h = t on the next step  
       (h = step size). solver will continue anyway  
      in above,  r1 =  0.2404095045441D+01   r2 =  0.2096958852858D-15
 lsoda--  warning..internal t (=r1) and h (=r2) are  
       such that in the machine, t + h = t on the next step  
       (h = step size). solver will continue anyway  
      in above,  r1 =  0.2404095045441D+01   r2 =  0.2096958852858D-15
 lsoda--  warning..internal t (=r1) and h (=r2) are  
       such that in the machine, t + h = t on the next step  
       (h = step size). solver will continue anyway  
      in above,  r1 =  0.2404095045441D+01   r2 =  0.2096958852858D-15
 lsoda--  warning..internal t (=r1) and h (=r2) are  
       such that in the machine, t + h = t on the next step  
       (h = step size). solver will continue anyway  
      in above,  r1 =  0.2404095045441D+01   r2 =  0.1723420174543D-15
 lsoda--  warning..internal t (=r1) and h (=r2) are  
       such that in the machine, t + h = t on the next step  
       (h = step size). solver will continue anyway  
      in above,  r1 =  0.2404095045441D+01   r2 =  0.1723420174543D-15
 lsoda--  warning..internal t (=r1) and h (=r2) are  
       such that in the machine, t + h = t on the next step  
       (h = step size). solver will continue anyway  
      in above,  r1 =  0.2404095045441D+01   r2 =  0.1723420174543D-15
 lsoda--  warning..internal t (=r1) and h (=r2) are  
       such that in the machine, t + h = t on the next step  
       (h = step size). solver will continue anyway  
      in above,  r1 =  0.2404095045441D+01   r2 =  0.1416421248227D-15
 lsoda--  warning..internal t (=r1) and h (=r2) are  
       such that in the machine, t + h = t on the next step  
       (h = step size). solver will continue anyway  
      in above,  r1 =  0.2404095045441D+01   r2 =  0.1416421248227D-15
 lsoda--  warning..internal t (=r1) and h (=r2) are  
       such that in the machine, t + h = t on the next step  
       (h = step size). solver will continue anyway  
      in above,  r1 =  0.2404095045441D+01   r2 =  0.1416421248227D-15
 lsoda--  warning..internal t (=r1) and h (=r2) are  
       such that in the machine, t + h = t on the next step  
       (h = step size). solver will continue anyway  
      in above,  r1 =  0.2404095045441D+01   r2 =  0.1164109117811D-15
 lsoda--  above warning has been issued i1 times.    
       it will not be issued again for this problem  
      in above message,  i1 =        10
 lsoda--  warning..internal t (=r1) and h (=r2) are  
       such that in the machine, t + h = t on the next step  
       (h = step size). solver will continue anyway  
      in above,  r1 =  0.2141952339730D+01   r2 =  0.1948390662466D-15
 lsoda--  warning..internal t (=r1) and h (=r2) are  
       such that in the machine, t + h = t on the next step  
       (h = step size). solver will continue anyway  
      in above,  r1 =  0.2141952339730D+01   r2 =  0.1948390662466D-15
 lsoda--  warning..internal t (=r1) and h (=r2) are  
       such that in the machine, t + h = t on the next step  
    RMSE omega (GP): 0.003659 | RMSE omega (Sim): nan
    Loss: 8.3528 | Epoch: 8333
    Eq omega: -0.028811 + -0.07743theta + 0.18949omega + -0.08963theta^2 + 0.05910theta omega + -0.05136omega^2 + -0.06090theta^3 + 0.04559theta^2 omega + -0.02957theta omega^2 + 0.08635omega^3
    Eq omega Phys: 0.524624*omega**3 - 0.005988*omega**2*theta - 0.047234*omega**2 + 0.000308*omega*theta**2 + 0.003366*omega*theta + 0.01488*omega - 1.4e-5*theta**3 - 0.00021*theta**2 - 0.001114*theta - 0.00204

--- Chunk 41118 (199/220) | Start: 2025-01-14 08:55:00 ---
    RMSE omega (GP): nan | RMSE omega (Sim): nan
    Loss: 73.7379 | Epoch: 4368
    Eq omega: nan1 + nantheta + nanomega + nantheta^2 + nantheta omega + nanomega^2 + nantheta^3 + nantheta^2 omega + nantheta omega^2 + nanomega^3
    Eq omega Phys: N/A

--- Chunk 41119 (200/220) | Start: 2025-01-14 09:00:00 ---
    RMSE omega (GP): 0.003336 | RMSE omega (Sim): 0.077965
    Loss: 7.0267 | Epoch: 9266
    Eq omega: 0.009041 + -0.07908theta + -0.25707omega + -0.00143theta^2 + 0.16622theta omega + -0.10994omega^2 + -0.12524theta^3 + 0.00178theta^2 omega + 0.02484theta omega^2 + -0.03766omega^3
    Eq omega Phys: -0.225039*omega**3 + 0.004948*omega**2*theta - 0.092661*omega**2 + 1.2e-5*omega*theta**2 + 0.002265*omega*theta - 0.029439*omega - 2.8e-5*theta**3 + 0.000732*theta**2 - 0.006531*theta + 0.019702

  [Progress 200/220] Mean RMSE omega (GP): 0.004238 | (Sim): 0.109602 | Mean loss: -60204481.9748 | Valid GP: 185/200 | Valid Sim: 169/200 | Elapsed: 731.5min | ETA: 73.2min

--- Chunk 41120 (201/220) | Start: 2025-01-14 09:05:00 ---
    RMSE omega (GP): 0.003210 | RMSE omega (Sim): nan
    Loss: 5.2336 | Epoch: 5050
    Eq omega: -0.039101 + -0.70595theta + 0.00979omega + 0.47121theta^2 + 0.19259theta omega + -0.43152omega^2 + -0.03001theta^3 + 0.16530theta^2 omega + 0.03034theta omega^2 + -0.02971omega^3
    Eq omega Phys: -0.170529*omega**3 + 0.005805*omega**2*theta - 0.201948*omega**2 + 0.001054*omega*theta**2 - 0.001986*omega*theta - 0.000609*omega - 6.0e-6*theta**3 + 0.000273*theta**2 - 0.001925*theta + 0.002943

--- Chunk 41121 (202/220) | Start: 2025-01-14 09:10:00 ---
    RMSE omega (GP): 0.005641 | RMSE omega (Sim): 0.061800
    Loss: 20.7563 | Epoch: 9999
    Eq omega: 0.017651 + -0.00882theta + 0.00241omega + -0.00346theta^2 + 0.00442theta omega + -0.00549omega^2 + -0.00249theta^3 + -0.00020theta^2 omega + -0.00026theta omega^2 + -0.00857omega^3
    Eq omega Phys: -0.038742*omega**3 - 3.9e-5*omega**2*theta - 0.001439*omega**2 - 1.0e-6*omega*theta**2 + 9.3e-5*omega*theta - 0.001243*omega + 2.1e-5*theta**2 - 0.000347*theta + 0.002056

--- Chunk 41122 (203/220) | Start: 2025-01-14 09:15:00 ---
    RMSE omega (GP): 0.004082 | RMSE omega (Sim): nan
    Loss: 24.7469 | Epoch: 9999
    Eq omega: -0.040511 + -0.00123theta + -0.01595omega + 0.00061theta^2 + 0.00232theta omega + 0.04257omega^2 + -0.00003theta^3 + -0.00036theta^2 omega + 0.00050theta omega^2 + 0.01649omega^3
    Eq omega Phys: 0.169015*omega**3 + 0.000171*omega**2*theta + 0.022656*omega**2 - 4.0e-6*omega*theta**2 + 0.000152*omega*theta - 0.001817*omega + 1.0e-6*theta**2 - 1.7e-5*theta + 3.3e-5

--- Chunk 41123 (204/220) | Start: 2025-01-14 09:20:00 ---
    RMSE omega (GP): 0.005046 | RMSE omega (Sim): 0.082230
    Loss: 27.8876 | Epoch: 9999
    Eq omega: 0.039291 + 0.00081theta + -0.01156omega + 0.00197theta^2 + 0.00143theta omega + -0.00197omega^2 + 0.00000theta^3 + 0.00103theta^2 omega + 0.00061theta omega^2 + -0.00264omega^3
    Eq omega Phys: -0.020206*omega**3 + 0.000156*omega**2*theta - 0.003654*omega**2 + 9.0e-6*omega*theta**2 - 0.000275*omega*theta + 0.00176*omega + 1.0e-6*theta**2 - 3.7e-5*theta + 0.000394

--- Chunk 41124 (205/220) | Start: 2025-01-14 09:25:00 ---
    RMSE omega (GP): 0.004955 | RMSE omega (Sim): 0.206415
    Loss: 25.1616 | Epoch: 9999
    Eq omega: 0.056751 + -0.00761theta + -0.00257omega + -0.00031theta^2 + -0.00466theta omega + 0.00583omega^2 + 0.00009theta^3 + -0.00003theta^2 omega + -0.00153theta omega^2 + 0.00597omega^3
    Eq omega Phys: 0.041369*omega**3 - 0.000353*omega**2*theta + 0.009314*omega**2 - 6.6e-5*omega*theta + 0.001211*omega - 1.0e-6*theta**2 + 2.1e-5*theta + 8.6e-5

--- Chunk 41125 (206/220) | Start: 2025-01-14 09:30:00 ---
    RMSE omega (GP): 0.004120 | RMSE omega (Sim): 0.087215
    Loss: 19.7365 | Epoch: 7399
    Eq omega: 0.141411 + -0.03473theta + 0.06913omega + 0.00917theta^2 + -0.00058theta omega + -0.04354omega^2 + 0.00090theta^3 + 0.00250theta^2 omega + -0.00504theta omega^2 + -0.00339omega^3
    Eq omega Phys: -0.027855*omega**3 - 0.00138*omega**2*theta - 0.010618*omega**2 + 2.3e-5*omega*theta**2 - 0.000413*omega*theta + 0.004167*omega - 2.0e-6*theta**2 - 6.9e-5*theta + 0.000867

--- Chunk 41126 (207/220) | Start: 2025-01-14 09:35:00 ---
    RMSE omega (GP): 0.004019 | RMSE omega (Sim): nan
    Loss: 7.9224 | Epoch: 9999
    Eq omega: -0.179941 + 0.02857theta + 0.28381omega + 0.08265theta^2 + -0.00976theta omega + 0.02855omega^2 + -0.06597theta^3 + 0.03900theta^2 omega + 0.15154theta omega^2 + 0.05133omega^3
    Eq omega Phys: 0.224827*omega**3 + 0.022125*omega**2*theta - 0.061514*omega**2 + 0.00019*omega*theta**2 - 0.001367*omega*theta + 0.011901*omega - 1.1e-5*theta**3 + 0.00014*theta**2 - 0.000542*theta + 0.000124

--- Chunk 41127 (208/220) | Start: 2025-01-14 09:40:00 ---
    RMSE omega (GP): 0.003181 | RMSE omega (Sim): nan
    Loss: 7.7778 | Epoch: 8755
    Eq omega: 0.013571 + -0.00979theta + 0.05050omega + 0.02136theta^2 + 0.00836theta omega + 0.01012omega^2 + -0.00212theta^3 + 0.00147theta^2 omega + 0.00433theta omega^2 + 0.01554omega^3
    Eq omega Phys: 0.095375*omega**3 + 0.000886*omega**2*theta - 0.002988*omega**2 + 1.0e-5*omega*theta**2 - 4.5e-5*omega*theta + 0.001338*omega + 2.3e-5*theta**2 - 0.0003*theta + 0.001209

--- Chunk 41128 (209/220) | Start: 2025-01-14 09:45:00 ---
       (h = step size). solver will continue anyway  
      in above,  r1 =  0.2141952339730D+01   r2 =  0.1948390662466D-15
 lsoda--  warning..internal t (=r1) and h (=r2) are  
       such that in the machine, t + h = t on the next step  
       (h = step size). solver will continue anyway  
      in above,  r1 =  0.2141952339730D+01   r2 =  0.1601316831825D-15
 lsoda--  warning..internal t (=r1) and h (=r2) are  
       such that in the machine, t + h = t on the next step  
       (h = step size). solver will continue anyway  
      in above,  r1 =  0.2141952339730D+01   r2 =  0.1601316831825D-15
 lsoda--  warning..internal t (=r1) and h (=r2) are  
       such that in the machine, t + h = t on the next step  
       (h = step size). solver will continue anyway  
      in above,  r1 =  0.2141952339730D+01   r2 =  0.1601316831825D-15
 lsoda--  warning..internal t (=r1) and h (=r2) are  
       such that in the machine, t + h = t on the next step  
       (h = step size). solver will continue anyway  
      in above,  r1 =  0.2141952339730D+01   r2 =  0.1316068510064D-15
 lsoda--  warning..internal t (=r1) and h (=r2) are  
       such that in the machine, t + h = t on the next step  
       (h = step size). solver will continue anyway  
      in above,  r1 =  0.2141952339730D+01   r2 =  0.1316068510064D-15
 lsoda--  warning..internal t (=r1) and h (=r2) are  
       such that in the machine, t + h = t on the next step  
       (h = step size). solver will continue anyway  
      in above,  r1 =  0.2141952339730D+01   r2 =  0.1316068510064D-15
 lsoda--  warning..internal t (=r1) and h (=r2) are  
       such that in the machine, t + h = t on the next step  
       (h = step size). solver will continue anyway  
      in above,  r1 =  0.2141952339730D+01   r2 =  0.1081632496976D-15
 lsoda--  above warning has been issued i1 times.    
       it will not be issued again for this problem  
      in above message,  i1 =        10
 lsoda--  warning..internal t (=r1) and h (=r2) are  
       such that in the machine, t + h = t on the next step  
       (h = step size). solver will continue anyway  
      in above,  r1 =  0.3521539220197D+01   r2 =  0.1857469455022D-15
 lsoda--  warning..internal t (=r1) and h (=r2) are  
       such that in the machine, t + h = t on the next step  
       (h = step size). solver will continue anyway  
      in above,  r1 =  0.3521539220197D+01   r2 =  0.1857469455022D-15
 lsoda--  warning..internal t (=r1) and h (=r2) are  
       such that in the machine, t + h = t on the next step  
       (h = step size). solver will continue anyway  
      in above,  r1 =  0.3521539220197D+01   r2 =  0.1857469455022D-15
 lsoda--  warning..internal t (=r1) and h (=r2) are  
       such that in the machine, t + h = t on the next step  
       (h = step size). solver will continue anyway  
      in above,  r1 =  0.3521539220197D+01   r2 =  0.1526591746899D-15
 lsoda--  warning..internal t (=r1) and h (=r2) are  
       such that in the machine, t + h = t on the next step  
       (h = step size). solver will continue anyway  
      in above,  r1 =  0.3521539220197D+01   r2 =  0.1526591746899D-15
 lsoda--  warning..internal t (=r1) and h (=r2) are  
       such that in the machine, t + h = t on the next step  
       (h = step size). solver will continue anyway  
      in above,  r1 =  0.3521539220197D+01   r2 =  0.1526591746899D-15
 lsoda--  warning..internal t (=r1) and h (=r2) are  
       such that in the machine, t + h = t on the next step  
       (h = step size). solver will continue anyway  
      in above,  r1 =  0.3521539220197D+01   r2 =  0.1254654473855D-15
 lsoda--  warning..internal t (=r1) and h (=r2) are  
       such that in the machine, t + h = t on the next step  
       (h = step size). solver will continue anyway  
      in above,  r1 =  0.3521539220197D+01   r2 =  0.1254654473855D-15
 lsoda--  warning..internal t (=r1) and h (=r2) are  
       such that in the machine, t + h = t on the next step  
       (h = step size). solver will continue anyway  
      in above,  r1 =  0.3521539220197D+01   r2 =  0.1254654473855D-15
    RMSE omega (GP): 0.004477 | RMSE omega (Sim): nan
    Loss: -949804544.0000 | Epoch: 5583
    Eq omega: 0.010531 + -0.37355theta + 0.10381omega + -0.03234theta^2 + -0.00003theta omega + -0.03650omega^2 + -0.08744theta^3 + 0.02414theta^2 omega + 0.03879theta omega^2 + 0.08066omega^3
    Eq omega Phys: 0.376847*omega**3 + 0.006041*omega**2*theta + 0.003782*omega**2 + 0.000125*omega*theta**2 + 0.000754*omega*theta + 0.004595*omega - 1.5e-5*theta**3 - 0.000151*theta**2 - 0.000912*theta - 0.001761

--- Chunk 41129 (210/220) | Start: 2025-01-14 09:50:00 ---
    RMSE omega (GP): 0.003181 | RMSE omega (Sim): 0.069464
    Loss: 10.7236 | Epoch: 7160
    Eq omega: -0.003891 + -0.02620theta + -0.23668omega + 0.11775theta^2 + -0.10791theta omega + -0.24249omega^2 + -0.13655theta^3 + -0.05524theta^2 omega + 0.28886theta omega^2 + -0.02837omega^3
    Eq omega Phys: -0.253392*omega**3 + 0.086*omega**2*theta - 0.552694*omega**2 - 0.000548*omega*theta**2 + 0.003397*omega*theta - 0.011394*omega - 4.5e-5*theta**3 + 0.000734*theta**2 - 0.003965*theta + 0.007116

--- Chunk 41130 (211/220) | Start: 2025-01-14 09:55:00 ---
    RMSE omega (GP): 0.004450 | RMSE omega (Sim): 0.087200
    Loss: 9.7624 | Epoch: 8442
    Eq omega: -0.003151 + -0.03726theta + 0.02826omega + -0.03558theta^2 + 0.00087theta omega + -0.02936omega^2 + -0.04133theta^3 + 0.02518theta^2 omega + -0.02111theta omega^2 + -0.04267omega^3
    Eq omega Phys: -0.178866*omega**3 - 0.00295*omega**2*theta + 0.010506*omega**2 + 0.000117*omega*theta**2 - 0.001697*omega*theta + 0.007083*omega - 6.0e-6*theta**3 + 0.000125*theta**2 - 0.000847*theta + 0.001987

--- Chunk 41131 (212/220) | Start: 2025-01-14 10:00:00 ---
    RMSE omega (GP): 0.003060 | RMSE omega (Sim): nan
    Loss: 6.1857 | Epoch: 6532
    Eq omega: -0.165671 + -0.06923theta + 0.04814omega + -0.01066theta^2 + -0.07869theta omega + -0.02868omega^2 + -0.04712theta^3 + -0.04188theta^2 omega + 0.00233theta omega^2 + 0.03361omega^3
    Eq omega Phys: 0.211254*omega**3 + 0.000488*omega**2*theta - 0.010077*omega**2 - 0.000292*omega*theta**2 - 0.004856*omega*theta - 0.017319*omega - 1.1e-5*theta**3 - 0.000211*theta**2 - 0.00143*theta - 0.003771

--- Chunk 41132 (213/220) | Start: 2025-01-14 10:05:00 ---
    RMSE omega (GP): 0.004075 | RMSE omega (Sim): 0.124894
    Loss: -234124672.0000 | Epoch: 6755
    Eq omega: 0.042441 + -0.03823theta + 0.01127omega + 0.00020theta^2 + -0.13623theta omega + 0.04573omega^2 + -0.04046theta^3 + -0.02411theta^2 omega + 0.01132theta omega^2 + 0.00219omega^3
    Eq omega Phys: 0.013776*omega**3 + 0.002374*omega**2*theta + 0.005415*omega**2 - 0.000169*omega*theta**2 + 0.000125*omega*theta + 0.006767*omega - 9.0e-6*theta**3 + 0.000185*theta**2 - 0.001254*theta + 0.003023

--- Chunk 41133 (214/220) | Start: 2025-01-14 10:10:00 ---
    RMSE omega (GP): 0.002667 | RMSE omega (Sim): 0.064498
    Loss: 9.5630 | Epoch: 6808
    Eq omega: -0.099581 + 0.05930theta + -0.44360omega + 0.33703theta^2 + 0.29448theta omega + -0.13986omega^2 + -0.22927theta^3 + 0.13311theta^2 omega + 0.33481theta omega^2 + -0.06088omega^3
    Eq omega Phys: -0.580117*omega**3 + 0.106345*omega**2*theta - 0.484387*omega**2 + 0.001409*omega*theta**2 - 0.005217*omega*theta - 0.015387*omega - 8.1e-5*theta**3 + 0.001137*theta**2 - 0.005074*theta + 0.00711

--- Chunk 41134 (215/220) | Start: 2025-01-14 10:15:00 ---
    RMSE omega (GP): 0.003724 | RMSE omega (Sim): nan
    Loss: 14.8263 | Epoch: 9919
    Eq omega: -0.045231 + -0.03154theta + 0.00706omega + -0.00302theta^2 + -0.02411theta omega + 0.15104omega^2 + -0.06119theta^3 + -0.00458theta^2 omega + 0.06886theta omega^2 + 0.02202omega^3
    Eq omega Phys: 0.172058*omega**3 + 0.017935*omega**2*theta - 0.063072*omega**2 - 4.0e-5*omega*theta**2 + 0.000211*omega*theta + 0.001012*omega - 1.8e-5*theta**3 + 0.000413*theta**2 - 0.003252*theta + 0.008521

--- Chunk 41135 (216/220) | Start: 2025-01-14 10:20:00 ---
    RMSE omega (GP): 0.003574 | RMSE omega (Sim): 0.125140
    Loss: -107138680.0000 | Epoch: 7530
    Eq omega: 0.046491 + -0.27335theta + -0.01285omega + 0.02046theta^2 + 0.04330theta omega + -0.00967omega^2 + -0.06394theta^3 + -0.00590theta^2 omega + 0.02841theta omega^2 + -0.01735omega^3
    Eq omega Phys: -0.120332*omega**3 + 0.006568*omega**2*theta - 0.055867*omega**2 - 4.5e-5*omega*theta**2 + 0.001403*omega*theta - 0.008605*omega - 1.6e-5*theta**3 + 0.000395*theta**2 - 0.003471*theta + 0.010929

--- Chunk 41136 (217/220) | Start: 2025-01-14 10:25:00 ---
    RMSE omega (GP): 0.006646 | RMSE omega (Sim): 0.050542
    Loss: 42.2615 | Epoch: 9999
    Eq omega: -0.050291 + -0.23843theta + -0.08212omega + -0.00656theta^2 + -0.00931theta omega + 0.00426omega^2 + -0.00285theta^3 + -0.00357theta^2 omega + 0.00788theta omega^2 + -0.03838omega^3
    Eq omega Phys: -0.249919*omega**3 + 0.00171*omega**2*theta - 0.015943*omega**2 - 2.6e-5*omega*theta**2 + 0.000397*omega*theta - 0.00406*omega - 0.e-6*theta**3 + 1.8e-5*theta**2 - 0.00042*theta + 0.003075

--- Chunk 41137 (218/220) | Start: 2025-01-14 10:30:00 ---
    RMSE omega (GP): 0.003292 | RMSE omega (Sim): 0.066768
    Loss: 19.3438 | Epoch: 8384
    Eq omega: 0.200371 + -0.01708theta + -0.04040omega + 0.02446theta^2 + 0.01548theta omega + -0.05987omega^2 + -0.00280theta^3 + 0.00058theta^2 omega + 0.00131theta omega^2 + -0.00064omega^3
    Eq omega Phys: -0.007979*omega**3 + 0.000544*omega**2*theta - 0.042822*omega**2 + 8.0e-6*omega*theta**2 + 0.000208*omega*theta - 0.003445*omega - 1.0e-6*theta**3 + 4.8e-5*theta**2 - 0.000525*theta + 0.002154

--- Chunk 41138 (219/220) | Start: 2025-01-14 10:35:00 ---
    RMSE omega (GP): 0.003987 | RMSE omega (Sim): 0.092249
    Loss: 9.0549 | Epoch: 9977
    Eq omega: -0.018001 + -0.09003theta + -0.05316omega + -0.01791theta^2 + -0.01656theta omega + 0.01403omega^2 + -0.00133theta^3 + -0.00180theta^2 omega + -0.00463theta omega^2 + -0.00604omega^3
    Eq omega Phys: -0.029998*omega**3 - 0.000767*omega**2*theta + 0.015499*omega**2 - 1.0e-5*omega*theta**2 + 2.9e-5*omega*theta - 0.000524*omega + 1.0e-6*theta**2 - 1.3e-5*theta + 0.000417

--- Chunk 41139 (220/220) | Start: 2025-01-14 10:40:00 ---
    RMSE omega (GP): 0.003297 | RMSE omega (Sim): 0.087243
    Loss: 2.8811 | Epoch: 6613
    Eq omega: 0.000281 + -0.15187theta + -0.02011omega + -0.00231theta^2 + -0.00538theta omega + 0.01584omega^2 + -0.00083theta^3 + 0.00048theta^2 omega + 0.00396theta omega^2 + -0.00038omega^3
    Eq omega Phys: -0.00154*omega**3 + 0.000535*omega**2*theta + 0.005904*omega**2 + 2.0e-6*omega*theta**2 - 6.5e-5*omega*theta - 0.00068*omega - 1.0e-6*theta**2 - 0.000169*theta - 2.5e-5

  [Progress 220/220] Mean RMSE omega (GP): 0.004218 | (Sim): 0.108397 | Mean loss: -60599836.4869 | Valid GP: 205/220 | Valid Sim: 182/220 | Elapsed: 796.4min | ETA: 0.0min

============================================================
EVALUATION COMPLETE — Chunks [40920, 41139]
============================================================
Chunks processed: 220
Chunks succeeded GP:  205 (93.2%)
Chunks succeeded Sim: 182 (82.7%)
Mean GP RMSE omega:   0.004218 ± 0.001774
Mean SIM RMSE omega:  0.108397 ± 0.114847
Mean Loss:            -60599836.4869 ± 739862022.3835
Elapsed time:     796.4 minutes

Per-chunk CSV: /pfs/data6/home/ka/ka_iai/ka_bj2362/dsr/svise/results_5min_all_chunks/run_SLURM_3718515/chunks_40920_to_41139_20260321_084114.csv
Summary JSON:  /pfs/data6/home/ka/ka_iai/ka_bj2362/dsr/svise/results_5min_all_chunks/run_SLURM_3718515/summary_40920_to_41139_20260321_084114.json
============================================================
 lsoda--  warning..internal t (=r1) and h (=r2) are  
       such that in the machine, t + h = t on the next step  
       (h = step size). solver will continue anyway  
      in above,  r1 =  0.3521539220197D+01   r2 =  0.1031158364363D-15
 lsoda--  above warning has been issued i1 times.    
       it will not be issued again for this problem  
      in above message,  i1 =        10
 lsoda--  warning..internal t (=r1) and h (=r2) are  
       such that in the machine, t + h = t on the next step  
       (h = step size). solver will continue anyway  
      in above,  r1 =  0.2396851466787D+01   r2 =  0.1998113877462D-15
 lsoda--  warning..internal t (=r1) and h (=r2) are  
       such that in the machine, t + h = t on the next step  
       (h = step size). solver will continue anyway  
      in above,  r1 =  0.2396851466787D+01   r2 =  0.1998113877462D-15
 lsoda--  warning..internal t (=r1) and h (=r2) are  
       such that in the machine, t + h = t on the next step  
       (h = step size). solver will continue anyway  
      in above,  r1 =  0.2396851466787D+01   r2 =  0.1998113877462D-15
 lsoda--  warning..internal t (=r1) and h (=r2) are  
       such that in the machine, t + h = t on the next step  
       (h = step size). solver will continue anyway  
      in above,  r1 =  0.2396851466787D+01   r2 =  0.1642182679773D-15
 lsoda--  warning..internal t (=r1) and h (=r2) are  
       such that in the machine, t + h = t on the next step  
       (h = step size). solver will continue anyway  
      in above,  r1 =  0.2396851466787D+01   r2 =  0.1642182679773D-15
 lsoda--  warning..internal t (=r1) and h (=r2) are  
       such that in the machine, t + h = t on the next step  
       (h = step size). solver will continue anyway  
      in above,  r1 =  0.2396851466787D+01   r2 =  0.1642182679773D-15
 lsoda--  warning..internal t (=r1) and h (=r2) are  
       such that in the machine, t + h = t on the next step  
       (h = step size). solver will continue anyway  
      in above,  r1 =  0.2396851466787D+01   r2 =  0.1349654783664D-15
 lsoda--  warning..internal t (=r1) and h (=r2) are  
       such that in the machine, t + h = t on the next step  
       (h = step size). solver will continue anyway  
      in above,  r1 =  0.2396851466787D+01   r2 =  0.1349654783664D-15
 lsoda--  warning..internal t (=r1) and h (=r2) are  
       such that in the machine, t + h = t on the next step  
       (h = step size). solver will continue anyway  
      in above,  r1 =  0.2396851466787D+01   r2 =  0.1349654783664D-15
 lsoda--  warning..internal t (=r1) and h (=r2) are  
       such that in the machine, t + h = t on the next step  
       (h = step size). solver will continue anyway  
      in above,  r1 =  0.2396851466787D+01   r2 =  0.1109235931497D-15
 lsoda--  above warning has been issued i1 times.    
       it will not be issued again for this problem  
      in above message,  i1 =        10

============================= JOB FEEDBACK =============================

NodeName=uc3n050
Job ID: 3719427
Array Job ID: 3718515_186
Cluster: uc3
User/Group: ka_bj2362/ka_iai
State: COMPLETED (exit code 0)
Nodes: 1
Cores per node: 4
CPU Utilized: 13:10:50
CPU Efficiency: 24.81% of 2-05:07:20 core-walltime
Job Wall-clock time: 13:16:50
Memory Utilized: 4.63 GB
Memory Efficiency: 38.57% of 12.00 GB (12.00 GB/node)
