{
    "config": {
        "model": "integrator",
        "sigma": 5.0,
        "degree": 3,
        "lr": 0.0001,
        "tau": 1e-25,
        "epochs": 10000,
        "chunk": 0
    },
    "timestamp": "20260223_223518",
    "final_loss": 6.131752223656546e+21,
    "equations": [
        "1.00000omega",
        "nan1 + nantheta + nanomega + nantheta^2 + nantheta omega + nanomega^2 + nantheta^3 + nantheta^2 omega + nantheta omega^2 + nanomega^3"
    ],
    "loss_history": {
        "0": 6.131752223656546e+21
    },
    "scaling_params": {
        "mean_x": [
            3.0060038566589355,
            0.0
        ],
        "std_x": [
            0.13113933801651,
            0.13113933801651
        ]
    },
    "rmse": {
        "rmse_theta": NaN,
        "rmse_omega": NaN,
        "rmse_total": NaN
    }
}